tree
version=v4
num_class=1
num_tree_per_iteration=1
label_index=0
max_feature_idx=25
objective=regression
feature_names=hour_sin hour_cos year_sin year_cos month shortwave_radiation_lag2 cloud_cover_lag2 temperature_2m_lag2 relative_humidity_2m_lag2 et0_fao_evapotranspiration_lag2 precipitation_lag2 shortwave_radiation_lag3 cloud_cover_lag3 temperature_2m_lag3 relative_humidity_2m_lag3 et0_fao_evapotranspiration_lag3 precipitation_lag3 shortwave_radiation_at_issue cloud_cover_at_issue temperature_2m_at_issue relative_humidity_2m_at_issue et0_fao_evapotranspiration_at_issue precipitation_at_issue issue_day_radiation_mean issue_day_radiation_max issue_day_cloud_mean
feature_infos=[-1:1] [-1:1] [-0.9999994220246925:0.99998555065071859] [-0.99997919295908233:0.9999907524084426] [1:12] [0:1002] [0:100] [1.3999999999999999:38.100000000000001] [17:100] [0:0.90000000000000002] [0:15.800000000000001] [0:1002] [0:100] [1.3999999999999999:38.100000000000001] [17:100] [0:0.90000000000000002] [0:15.800000000000001] [0:442] [0:100] [6.5:34.600000000000001] [22:96] [0:0.48999999999999999] [0:7.5] [64.15384615384616:625.46153846153845] [141:1002] [0:100]
tree_sizes=2714 2729 2734 2717 2712 2713 2708 2700 2707 2690 2707 2695 2698 2700 2686 2697 2686 2700 2690 2700 2688 2695 2692 2694 2678 2686 2696 2701 2682 2684 2702 2703 2700 2701 2675 2688 2730 2703 2708 2721 2708 2727 2687 2725 2679 2723 2738 2677 2732 2738 2695 2700 2707 2719 2709 2719 2717 2663 2719 2706 2723 2746 2718 2720 2727 2724 2720 2715 2711 2684 2709 2718 2689 2711 2738 2696 2714 2714 2699 2736 2725 2702 2730 2737 2696 2750 2732 2730 2749 2743 2631 2718 2747 2711 2708 2726 2725 2701 2744 2715

Tree=0
num_leaves=31
num_cat=0
split_feature=5 5 11 11 5 11 5 5 5 11 11 3 11 5 5 11 3 11 5 23 11 11 5 5 5 23 1 5 25 25
split_gain=1.21294e+09 1.27344e+08 8.91012e+07 1.8057e+07 1.23372e+07 9.52431e+06 4.29183e+06 4.13121e+06 2.93095e+06 2.38659e+06 2.27062e+06 1.99067e+06 1.59153e+06 1.07664e+06 990466 909252 872009 864558 855576 828994 821577 722753 612267 473764 466319 403908 402848 390585 381369 433768
threshold=327.50000000000006 664.50000000000011 101.50000000000001 524.50000000000011 816.50000000000011 300.50000000000006 35.500000000000007 467.50000000000006 205.50000000000003 630.50000000000011 520.50000000000011 -0.52765736634565841 759.50000000000011 148.50000000000003 575.50000000000011 423.50000000000006 -0.49812626372919411 755.50000000000011 891.50000000000011 260.73076923076928 170.50000000000003 401.50000000000006 247.50000000000003 708.50000000000011 385.50000000000006 253.84615384615387 -0.70710678118654757 566.50000000000011 59.576923076923087 69.538461538461561
decision_type=2 2 2 2 2 2 2 2 2 2 2 2 2 2 2 2 2 2 2 2 2 2 2 2 2 2 2 2 2 2
left_child=2 3 6 7 12 8 -1 15 20 19 21 18 23 -8 25 24 -13 -11 -6 -5 -4 -7 -10 -3 -2 -9 -22 -21 -18 -30
right_child=1 4 5 9 11 10 13 14 22 17 -12 16 -14 -15 -16 -17 28 -19 -20 27 26 -23 -24 -25 -26 -27 -28 -29 29 -31
leaf_value=200.30356159505592 235.110579408609 266.66763808550337 213.84258154156217 247.24627132680672 285.94799501262708 232.40615811456996 206.85657436284987 243.84176818272419 222.00258205138451 263.14900939104575 259.28944253562514 260.93324100963389 277.53772367624413 223.08711752532545 260.49419331701711 243.2369174722748 283.72314701755283 278.06127121729673 292.22720589524056 253.70414488975857 231.62490808842406 242.70155610602441 227.62746436848695 271.97436802882538 239.8313362597068 249.64990760937388 219.13015145951144 258.37178943716276 263.97490758093306 283.65466948569497
leaf_weight=9168 417 282 505 110 366 272 825 172 374 334 43 24 435 43 70 408 142 44 533 295 28 91 401 417 420 394 329 457 24 21
leaf_count=9168 417 282 505 110 366 272 825 172 374 334 43 24 435 43 70 408 142 44 533 295 28 91 401 417 420 394 329 457 24 21
internal_value=222.389 261.955 204.815 248.892 280.125 223.851 200.94 242.716 220.45 258.26 237.561 287.619 272.789 207.661 249.273 239.366 278.878 264.885 289.671 255.355 216.438 234.987 224.913 269.833 237.479 247.885 220.11 256.541 281.181 273.159
internal_weight=17444 5365 12079 3121 2244 2043 10036 1881 1637 1240 406 1110 1134 868 636 1245 211 378 899 862 862 363 775 699 837 566 357 752 187 45
internal_count=17444 5365 12079 3121 2244 2043 10036 1881 1637 1240 406 1110 1134 868 636 1245 211 378 899 862 862 363 775 699 837 566 357 752 187 45
is_linear=0
shrinkage=1


Tree=1
num_leaves=31
num_cat=0
split_feature=5 5 11 11 5 11 5 5 5 11 11 24 11 5 5 5 11 11 23 11 11 25 25 20 5 5 1 20 5 5
split_gain=9.82485e+08 1.03148e+08 7.22152e+07 1.46262e+07 9.99317e+06 7.33236e+06 4.09526e+06 3.34628e+06 2.08777e+06 1.9389e+06 1.83921e+06 1.6849e+06 1.28914e+06 1.01226e+06 860966 820712 736494 704281 695786 663832 606506 592592 396480 403322 377719 368769 358766 353346 347352 342928
threshold=327.50000000000006 664.50000000000011 110.50000000000001 524.50000000000011 816.50000000000011 300.50000000000006 41.500000000000007 467.50000000000006 219.50000000000003 634.50000000000011 520.50000000000011 863.00000000000011 759.50000000000011 162.50000000000003 912.50000000000011 532.50000000000011 423.50000000000006 193.50000000000003 260.73076923076928 755.50000000000011 363.50000000000006 59.576923076923087 18.80769230769231 57.500000000000007 385.50000000000006 724.50000000000011 -0.78656609248549325 55.500000000000007 586.50000000000011 10.500000000000002
decision_type=2 2 2 2 2 2 2 2 2 2 2 2 2 2 2 2 2 2 2 2 2 2 2 2 2 2 2 2 2 2
left_child=2 3 6 7 12 8 29 16 17 18 20 21 22 -8 -13 -9 24 -4 -5 -11 -7 -6 25 27 -2 -3 -10 -24 -20 -1
right_child=1 4 5 9 11 10 13 15 26 19 -12 14 -14 -15 -16 -17 -18 -19 28 -21 -22 -23 23 -25 -26 -27 -28 -29 -30 -31
leaf_value=-20.001975277485702 11.449613462792312 41.875411494644233 -6.3391955142947518 22.371736068508842 53.163846938189344 8.099742899988799 -13.445463951556437 22.017125156361573 13.701001294255258 36.960676000613979 33.210591590127279 57.667955385645236 49.634044114913067 1.650484015079255 63.70267291699264 30.119256473563571 18.763317753754411 -0.5139578704468365 28.922175919868707 50.105235758694739 16.497326191493443 39.265158541997273 38.642181053161622 41.998350102787924 15.698295484667733 47.829230143229168 2.4952907825682002 23.99897624529325 33.148318306869932 -17.463650326333561
leaf_weight=8682 417 223 628 110 85 223 809 465 30 303 43 576 435 47 401 171 408 310 423 44 140 48 45 210 420 195 600 26 360 567
leaf_count=8682 417 223 628 110 85 223 809 465 30 303 43 576 435 47 401 171 408 310 423 44 140 48 45 210 420 195 600 26 360 567
internal_value=1.88535e-07 35.6099 -15.8165 23.8525 51.9623 1.6777 -19.2339 18.2943 -1.42356 32.2839 13.655 58.7074 45.36 -12.6166 60.1448 24.1955 15.2797 -4.41401 29.819 38.6274 11.3385 48.1478 42.7002 39.7955 13.5816 44.6529 3.0289 33.2799 30.8652 -19.8464
internal_weight=17444 5365 12079 3121 2244 1974 10105 1881 1568 1240 406 1110 1134 856 977 636 1245 938 893 347 363 133 699 281 837 418 630 71 783 9249
internal_count=17444 5365 12079 3121 2244 1974 10105 1881 1568 1240 406 1110 1134 856 977 636 1245 938 893 347 363 133 699 281 837 418 630 71 783 9249
is_linear=0
shrinkage=0.1


Tree=2
num_leaves=31
num_cat=0
split_feature=5 5 11 11 5 11 5 5 11 11 11 3 11 5 3 5 11 11 18 11 1 1 5 12 25 1 5 3 11 25
split_gain=7.95842e+08 9.47696e+07 4.52446e+07 1.18743e+07 1.09567e+07 5.86227e+06 3.3567e+06 2.28606e+06 1.72163e+06 1.63315e+06 1.55712e+06 1.50898e+06 1.00786e+06 834474 773660 713372 677798 588249 584357 583448 647383 576305 558934 526435 407501 402742 381718 360934 321116 306252
threshold=291.50000000000006 634.50000000000011 95.500000000000014 511.50000000000006 810.50000000000011 300.50000000000006 423.50000000000006 24.500000000000004 197.50000000000003 755.50000000000011 604.50000000000011 -0.52034141052533245 551.50000000000011 524.50000000000011 -0.49065906150552346 708.50000000000011 891.50000000000011 744.50000000000011 27.500000000000004 385.50000000000006 -0.9159756150367534 -0.70710678118654757 101.50000000000001 99.500000000000014 56.807692307692314 -0.78656609248549325 153.50000000000003 0.92843842216862604 857.50000000000011 59.576923076923087
decision_type=2 2 2 2 2 2 2 2 2 2 2 2 2 2 2 2 2 2 2 2 2 2 2 2 2 2 2 2 2 2
left_child=2 3 7 6 9 8 19 -1 21 15 18 16 23 24 -13 -3 -6 -12 -5 20 -2 -4 -9 -7 -8 -10 -23 -20 -11 -17
right_child=1 4 5 10 11 12 13 22 25 28 17 14 -14 -15 -16 29 -18 -19 27 -21 -22 26 -24 -25 -26 -27 -28 -29 -30 -31
leaf_value=-17.947588285185081 21.750656948089674 34.391270241053491 10.441748194261031 26.644415917763343 51.304707696809238 10.290077502353164 19.205527257919314 -13.512573308438562 13.016716470541779 43.574814996578425 31.173206105392975 27.932005923727289 32.73571087973459 26.032783341251946 47.278802744547534 41.11618465157116 56.774259477332521 42.966240302721666 22.15505844778485 14.139045116770559 8.6517674514404828 -7.8902913953880205 -4.3542580134338804 25.359104198879667 13.751894869012848 0.58145291597136983 -3.5576174992225478 10.629277865588666 54.296193033854173 32.249948837540366
leaf_weight=8993 40 509 22 520 398 164 595 895 27 406 356 23 28 153 204 340 526 48 180 410 665 456 72 27 178 736 367 32 30 44
leaf_count=8993 40 509 22 520 398 164 595 895 27 406 356 23 28 153 204 340 526 48 180 410 665 456 72 27 178 736 367 32 30 44
internal_value=-9.5361e-08 30.8318 -14.7973 19.3962 45.4814 -0.331489 14.8352 -17.4508 -2.42195 39.2956 27.5908 52.6237 15.0177 19.2853 45.3186 36.8462 54.4183 32.5744 24.8404 11.1394 9.39497 -5.53124 -12.8307 12.4203 17.9497 1.0215 -5.95822 20.4153 44.3125 40.1003
internal_weight=17444 5657 11787 3177 2480 1827 2041 9960 1608 1329 1136 1151 219 926 227 893 924 404 732 1115 705 845 967 191 773 763 823 212 436 384
internal_count=17444 5657 11787 3177 2480 1827 2041 9960 1608 1329 1136 1151 219 926 227 893 924 404 732 1115 705 845 967 191 773 763 823 212 436 384
is_linear=0
shrinkage=0.1


Tree=3
num_leaves=31
num_cat=0
split_feature=5 5 11 11 5 11 5 5 5 5 11 11 21 5 1 23 5 11 14 11 11 11 25 25 25 18 5 5 1 10
split_gain=6.45092e+08 6.77212e+07 4.73409e+07 9.60544e+06 6.601e+06 4.62013e+06 3.15681e+06 2.46326e+06 1.72584e+06 1.23569e+06 1.08214e+06 850950 818414 791468 699142 652129 552210 530367 448344 447271 418206 407037 356266 345597 423984 331368 315477 276166 263578 260814
threshold=327.50000000000006 664.50000000000011 119.50000000000001 536.50000000000011 847.50000000000011 341.50000000000006 41.500000000000007 467.50000000000006 242.50000000000003 763.50000000000011 634.50000000000011 570.50000000000011 0.23500000000000001 153.50000000000003 -0.78656609248549325 253.84615384615387 570.50000000000011 429.50000000000006 66.500000000000014 755.50000000000011 197.50000000000003 768.50000000000011 13.692307692307695 59.576923076923087 69.346153846153854 31.500000000000004 941.50000000000011 181.50000000000003 -0.9159756150367534 0.25000000000000006
decision_type=2 2 2 2 2 2 2 2 2 2 2 2 2 2 2 2 2 2 2 2 2 2 2 2 2 2 2 2 2 2
left_child=2 3 6 7 9 8 -1 17 14 21 22 27 18 -8 -4 -9 -17 25 -6 -12 -16 23 -5 -3 -25 28 -14 -7 -2 -10
right_child=1 4 5 10 12 11 13 15 29 -11 19 -13 26 -15 20 16 -18 -19 -20 -21 -22 -23 -24 24 -26 -27 -28 -29 -30 -31
leaf_value=-16.079307743680456 21.07357833746708 34.823833776144461 11.88817717523286 26.760093310421997 44.894366345340259 20.795731941589288 -10.733357409005878 14.815569705963135 3.8871290803825769 41.010037455812174 29.951531320200502 31.08792848258183 49.120235620708222 1.1413507699966432 -4.6298396776762374 20.123284934390483 28.715256385803226 15.629943793369433 31.08019692557199 40.741056138818919 -0.64353988525922345 40.955852773238206 22.507374508975435 16.579375174641608 33.240964635213217 8.1338037343774268 54.009211617606027 11.000232522870288 11.891148305004606 14.757120184276415
leaf_weight=9249 33 573 33 391 146 35 870 195 548 621 303 29 537 60 603 443 90 371 28 44 467 98 397 24 42 261 175 162 593 23
leaf_count=9249 33 573 33 391 146 35 870 195 548 621 303 29 537 60 603 443 90 371 28 44 467 98 397 24 42 261 175 162 593 23
internal_value=-2.5666e-07 28.8548 -12.8161 19.3281 42.1047 1.6742 -15.5209 15.1342 -0.137668 37.7239 26.6666 15.0949 48.8194 -9.96725 -2.44788 19.7638 21.5741 12.4551 42.6714 31.3197 -2.89002 34.9549 24.6175 34.0346 27.1822 11.1272 50.3219 12.7405 12.3752 4.32497
internal_weight=17444 5365 12079 3121 2244 1900 10179 1986 1674 1358 1135 226 886 930 1103 728 533 1258 174 347 1070 737 788 639 66 887 712 197 626 571
internal_count=17444 5365 12079 3121 2244 1900 10179 1986 1674 1358 1135 226 886 930 1103 728 533 1258 174 347 1070 737 788 639 66 887 712 197 626 571
is_linear=0
shrinkage=0.1


Tree=4
num_leaves=31
num_cat=0
split_feature=5 5 11 11 5 11 5 11 5 1 23 11 5 11 24 23 2 5 5 5 11 7 5 25 20 25 1 20 18 18
split_gain=5.22624e+08 5.30649e+07 4.05623e+07 7.36027e+06 5.36523e+06 4.72441e+06 1.83584e+06 1.82053e+06 1.57452e+06 1.26488e+06 1.05156e+06 868701 621991 610501 522891 518357 455038 454271 452425 422736 379762 368090 357420 297629 300956 294241 279064 272348 258456 253379
threshold=337.50000000000006 664.50000000000011 95.500000000000014 536.50000000000011 810.50000000000011 242.50000000000003 479.50000000000006 401.50000000000006 24.500000000000004 -0.78656609248549325 517.07692307692321 630.50000000000011 177.50000000000003 759.50000000000011 841.50000000000011 261.84615384615387 0.77244481603295057 105.50000000000001 888.50000000000011 412.50000000000006 755.50000000000011 21.750000000000004 570.50000000000011 18.80769230769231 57.500000000000007 13.692307692307695 -0.9159756150367534 55.500000000000007 32.500000000000007 98.500000000000014
decision_type=2 2 2 2 2 2 2 2 2 2 2 2 2 2 2 2 2 2 2 2 2 2 2 2 2 2 2 2 2 2
left_child=2 3 8 6 13 9 19 -7 -1 -4 16 25 -11 23 -9 29 -6 -10 -12 26 -13 -18 -17 -3 27 -5 -2 -25 -28 -8
right_child=1 4 5 11 10 7 15 14 17 12 18 20 -14 -15 -16 22 21 -19 -20 -21 -22 -23 -24 24 -26 -27 28 -29 -30 -31
leaf_value=-14.544898213272326 16.555862916749103 32.77767134284516 17.375233483314513 24.040840043945721 40.648041729335375 4.5419911170441338 15.759132040429812 14.395089462089539 -10.909116836499162 -5.4721284604143001 41.415938290979113 26.783650486483545 -1.0403003754278941 35.999569784816188 31.809926147460938 18.779014955325561 36.034424265225731 -2.5462416659934184 46.00142875412385 13.547591913215019 36.666950464248657 23.532743895394461 25.970289826947592 27.64323378668891 30.480482694780193 20.095157124562125 10.580803899181358 14.787449477269099 5.9498919409549167 6.5921567841580044
leaf_weight=8993 58 417 30 377 137 739 146 125 901 677 351 334 595 398 20 352 72 70 556 636 44 35 86 45 207 379 433 26 167 38
leaf_count=8993 58 417 30 377 137 739 146 125 901 677 351 334 595 398 20 352 72 70 556 636 44 35 86 45 207 379 433 26 167 38
internal_value=1.6145e-07 26.2221 -11.4255 17.6345 37.8942 0.91023 13.8552 6.55217 -14.1318 -2.92039 42.6592 24.0199 -3.39906 32.8765 16.7971 18.3199 36.8316 -10.3062 44.2269 11.7091 27.9341 31.9451 20.191 31.088 28.5535 22.0628 9.93216 22.9355 9.29187 13.866
internal_weight=17444 5294 12150 3050 2244 2186 1916 884 9964 1302 1151 1134 1272 1093 145 622 244 971 907 1294 378 107 438 695 278 756 658 71 600 184
internal_count=17444 5294 12150 3050 2244 2186 1916 884 9964 1302 1151 1134 1272 1093 145 622 244 971 907 1294 378 107 438 695 278 756 658 71 600 184
is_linear=0
shrinkage=0.1


Tree=5
num_leaves=31
num_cat=0
split_feature=5 5 11 11 5 11 5 5 11 5 11 1 17 23 5 5 5 11 22 11 5 25 23 11 25 25 11 25 5 1
split_gain=4.23325e+08 4.29826e+07 3.29353e+07 5.99802e+06 4.3808e+06 3.20913e+06 2.16204e+06 1.55422e+06 1.09733e+06 890963 659593 568998 554185 497391 481127 470912 456701 426986 420143 415753 389599 376941 294767 285119 283770 311128 279074 254816 236647 251196
threshold=337.50000000000006 664.50000000000011 119.50000000000001 544.50000000000011 852.50000000000011 279.50000000000006 61.500000000000007 471.50000000000006 401.50000000000006 776.50000000000011 664.50000000000011 -0.78656609248549325 365.50000000000006 253.84615384615387 193.50000000000003 193.50000000000003 181.50000000000003 470.50000000000006 1.0000000180025095e-35 12.500000000000002 575.50000000000011 91.538461538461561 351.26923076923083 759.50000000000011 59.576923076923087 69.346153846153854 586.50000000000011 59.576923076923087 385.50000000000006 -0.9159756150367534
decision_type=2 2 2 2 2 2 2 2 2 2 2 2 2 2 2 2 2 2 2 2 2 2 2 2 2 2 2 2 2 2
left_child=2 3 6 7 9 11 19 17 -7 23 26 -4 18 -9 -13 -10 -8 21 -6 -1 -15 28 -12 24 -3 -26 -5 -11 29 -2
right_child=1 4 5 10 12 8 16 13 15 27 22 14 -14 20 -16 -17 -18 -19 -20 -21 -22 -23 -24 -25 25 -27 -28 -29 -30 -31
leaf_value=-13.13903707999418 18.425658798217775 28.289287950753341 10.877150799098768 18.50739581528164 37.442341973757173 5.1810622698024797 -7.4122296391354965 11.781701958053992 24.680247126127544 34.514529690908262 19.338985610652614 -3.5766889561198241 41.665943240237993 16.51168958429615 0.26242011875298993 11.72127909075434 3.4178614637681415 15.549537373416953 23.680108880996706 -10.857294851575425 23.53813068189119 -0.45442122595650813 29.31143598620524 31.977200993989641 12.301180171966553 26.455588028647686 22.171602386640846 27.66004172016363 11.200056549622692 7.4085156424339322
leaf_weight=8725 22 578 38 336 293 476 534 190 38 489 37 614 541 466 697 107 42 144 24 879 95 35 149 190 24 44 545 61 682 349
leaf_count=8725 22 578 38 336 293 476 534 190 38 489 37 614 541 466 697 107 42 144 24 879 95 35 149 190 24 44 545 61 682 349
internal_value=-2.12655e-07 23.5999 -10.283 15.871 34.1048 1.55247 -12.5733 12.6181 7.50115 30.6284 21.9165 -1.18595 39.7205 16.2039 -1.53561 15.1174 -6.62254 10.4323 36.4004 -12.9302 17.7016 9.75503 27.3277 28.572 27.5704 21.4599 20.7741 33.7543 10.0944 8.06182
internal_weight=17444 5294 12150 3050 2244 1970 10180 1983 621 1386 1067 1349 858 751 1311 145 576 1232 317 9604 561 1088 186 836 646 68 881 550 1053 371
internal_count=17444 5294 12150 3050 2244 1970 10180 1983 621 1386 1067 1349 858 751 1311 145 576 1232 317 9604 561 1088 186 836 646 68 881 550 1053 371
is_linear=0
shrinkage=0.1


Tree=6
num_leaves=31
num_cat=0
split_feature=5 5 11 5 11 1 5 11 23 3 5 3 11 5 11 5 11 5 18 24 25 11 10 11 5 5 23 18 23 24
split_gain=3.42994e+08 4.09365e+07 1.94978e+07 5.18158e+06 4.68542e+06 2.84732e+06 1.48753e+06 1.21868e+06 1.14992e+06 898132 826351 742133 717500 629017 463700 443992 419492 375687 351621 331411 329543 422109 290532 286146 280716 245275 232308 224154 175090 161637
threshold=291.50000000000006 625.50000000000011 87.500000000000014 789.50000000000011 511.50000000000006 -0.78656609248549325 444.50000000000006 238.50000000000003 275.84615384615387 -0.52034141052533245 20.500000000000004 -0.49812626372919411 586.50000000000011 708.50000000000011 891.50000000000011 153.50000000000003 416.50000000000006 355.50000000000006 96.500000000000014 485.50000000000006 56.807692307692314 740.50000000000011 1.0000000180025095e-35 732.50000000000011 520.50000000000011 95.500000000000014 376.96153846153851 30.500000000000004 234.42307692307693 882.00000000000011
decision_type=2 2 2 2 2 2 2 2 2 2 2 2 2 2 2 2 2 2 2 2 2 2 2 2 2 2 2 2 2 2
left_child=2 4 10 13 6 8 17 15 -4 14 -1 -11 18 23 -5 -7 -9 -2 -6 -8 21 -14 27 -3 -21 -12 -15 -19 -24 -13
right_child=1 3 5 9 12 7 19 16 -10 11 25 29 20 26 -16 -17 -18 22 -20 24 -22 -23 28 -25 -26 -27 -28 -29 -30 -31
leaf_value=-11.798691020586888 5.5003641409656776 21.995897248089857 7.8279743097596253 33.184662405513386 16.362941483387168 -5.312121375583426 7.4577182257459276 2.1593772342849724 28.245484246148006 10.723455839157104 -9.1472841236617537 29.24105604119497 20.813960728650198 20.529804837703708 37.508977507105413 -1.5602586231628222 15.744902894894281 9.3606029456312001 8.1625651630862013 12.964551077302723 14.62252104411254 31.631947097778323 8.9360700901164574 29.323418232546018 17.874914134172055 -2.6953197214338518 27.769266979887902 5.4005775923631631 17.186909632175229 34.567640230253147
leaf_weight=8915 483 551 118 466 531 547 84 429 36 20 910 219 367 48 530 745 24 528 58 487 74 40 43 59 153 63 579 196 64 77
leaf_count=8915 483 551 118 466 531 547 84 429 36 20 910 219 367 48 530 745 24 528 58 487 74 40 43 59 153 63 579 196 64 77
internal_value=2.51784e-07 20.2409 -9.7143 29.6341 12.537 -0.433562 9.72367 -1.58388 12.6009 34.012 -11.4967 29.367 17.8955 24.9908 35.4858 -3.1487 2.87914 7.71827 15.5554 13.3633 20.7611 21.8772 9.00737 22.7046 14.1384 -8.72953 27.215 8.28855 13.8712 30.6267
internal_weight=17444 5657 11787 2549 3108 1899 2038 1745 154 1312 9888 316 1070 1237 996 1292 453 1314 589 724 481 407 831 610 640 973 627 724 107 296
internal_count=17444 5657 11787 2549 3108 1899 2038 1745 154 1312 9888 316 1070 1237 996 1292 453 1314 589 724 481 407 831 610 640 973 627 724 107 296
is_linear=0
shrinkage=0.1


Tree=7
num_leaves=31
num_cat=0
split_feature=5 5 11 11 5 11 5 11 11 17 11 5 17 5 18 15 23 5 25 1 18 5 15 3 21 11 11 10 25 5
split_gain=2.77825e+08 3.31596e+07 1.58032e+07 4.10511e+06 3.88764e+06 2.26477e+06 1.23822e+06 812323 734481 638032 629820 611662 376137 371533 335296 284522 315014 268692 260178 251454 272698 231748 225322 221440 217098 212785 210562 210474 206681 203023
threshold=291.50000000000006 634.50000000000011 95.500000000000014 511.50000000000006 810.50000000000011 341.50000000000006 412.50000000000006 24.500000000000004 201.50000000000003 365.50000000000006 604.50000000000011 708.50000000000011 135.00000000000003 524.50000000000011 42.500000000000007 0.27500000000000008 346.57692307692315 181.50000000000003 91.423076923076948 -0.78656609248549325 46.500000000000007 916.50000000000011 0.53500000000000014 0.92843842216862604 0.14500000000000005 805.50000000000011 429.50000000000006 0.65000000000000002 38.846153846153854 87.500000000000014
decision_type=2 2 2 2 2 2 2 2 2 2 2 2 2 2 2 2 2 2 2 2 2 2 2 2 2 2 2 2 2 2
left_child=2 3 7 6 11 8 26 -1 17 12 14 25 -6 18 -5 -7 -17 -4 -8 20 -10 -11 -12 -16 -13 -3 27 28 -2 -9
right_child=1 4 5 10 9 15 13 29 19 21 22 24 -14 -15 23 16 -18 -19 -20 -21 -22 -23 -24 -25 -26 -27 -28 -29 -30 -31
leaf_value=-10.606907289684184 6.5180310294667096 20.200190166678272 -4.228943328471745 15.671354426464564 18.818213565929518 7.6827957506477835 10.705498075761177 -8.1312826661502609 14.377214360237122 31.450438348810238 18.820670347617419 21.834077656546306 29.281411391434702 15.726042829931172 12.022419792773031 9.7610128038069774 23.476339929754086 -0.16789156701415778 1.0759675301354508 0.49330349316497646 -0.31824500871741257 35.282450658162439 28.444755378136268 1.4402119512143343 25.852318650077692 30.241113836115058 10.646290125652236 15.424767684936525 3.1512599817574256 -3.9101682852615007
leaf_weight=8995 616 519 663 568 37 80 864 833 28 333 378 172 481 153 141 34 33 216 29 750 23 300 26 23 616 22 98 22 259 132
leaf_count=8995 616 519 663 568 37 80 864 833 28 333 378 172 481 153 141 34 33 216 29 750 23 300 26 23 616 22 98 22 259 132
internal_value=1.99217e-07 18.2168 -8.74287 11.4524 26.8823 -0.19355 8.7706 -10.3111 -1.23502 31.1367 16.2706 23.1977 28.534 11.1729 14.5213 11.709 16.5163 -3.23101 10.3928 0.955331 7.74985 33.2666 19.44 10.5383 24.9752 20.6085 6.24519 5.76436 5.52147 -7.55389
internal_weight=17444 5657 11787 3177 2480 1827 2041 9960 1680 1151 1136 1329 518 1046 732 147 67 879 893 801 51 633 404 164 788 541 995 897 875 965
internal_count=17444 5657 11787 3177 2480 1827 2041 9960 1680 1151 1136 1329 518 1046 732 147 67 879 893 801 51 633 404 164 788 541 995 897 875 965
is_linear=0
shrinkage=0.1


Tree=8
num_leaves=31
num_cat=0
split_feature=5 5 11 11 11 11 5 5 5 5 22 11 23 11 23 1 23 1 25 1 1 18 10 2 5 19 14 25 25 5
split_gain=2.25257e+08 2.28686e+07 1.7476e+07 3.29638e+06 2.31629e+06 1.78879e+06 1.17271e+06 982327 620804 567541 432814 401698 370287 366762 341372 299348 303025 296005 321075 287392 261285 256540 252976 249814 244484 224258 218128 217743 346924 191025
threshold=337.50000000000006 668.50000000000011 119.50000000000001 562.50000000000011 853.50000000000011 333.50000000000006 64.500000000000014 479.50000000000006 242.50000000000003 776.50000000000011 1.0000000180025095e-35 570.50000000000011 353.5384615384616 755.50000000000011 261.84615384615387 -0.70710678118654757 218.19230769230771 -0.98296291314453399 56.807692307692314 -0.60355339059327384 -0.9159756150367534 98.500000000000014 1.0000000180025095e-35 0.75014288946266361 6.5000000000000009 19.950000000000003 60.500000000000007 59.576923076923087 64.423076923076948 874.50000000000011
decision_type=2 2 2 2 2 2 2 2 2 2 2 2 2 2 2 2 2 2 2 2 2 2 2 2 2 2 2 2 2 2
left_child=2 3 6 7 9 8 24 17 15 27 25 -7 -5 -14 21 16 -4 -2 22 -8 23 -9 -19 -16 -1 26 -6 -3 -29 -11
right_child=1 4 5 12 10 11 19 14 -10 29 -12 -13 13 -15 20 -17 -18 18 -20 -21 -22 -23 -24 -25 -26 -27 -28 28 -30 -31
leaf_value=-9.6003253619986104 15.149247395075285 21.269261959650038 -1.0360879716120268 13.450341339044639 28.445060729980469 7.0988016191513141 4.5339974749134857 10.487509065440724 2.5127136003418733 24.248051287504001 16.423670079157905 19.317233161926271 17.158066506586945 27.025586166381835 14.994061004053249 -1.9549385433053648 12.408312109311423 7.6906167886039603 4.3641043822484136 -5.2333567491069388 12.309416280250883 1.749600350856781 12.62214472172624 25.386616541544598 -7.9783375845989655 29.983108624705565 15.665999053825033 4.7504028212456477 19.591863747248574 30.653236628513714
leaf_weight=8592 52 701 38 286 34 261 32 168 580 535 26 30 646 40 101 1031 30 878 266 514 458 42 118 30 1042 756 22 21 63 51
leaf_count=8592 52 701 38 286 34 261 32 168 580 535 26 30 646 40 101 1031 30 878 266 514 458 42 118 30 1042 756 22 21 63 51
internal_value=-1.72426e-08 17.2152 -7.50101 11.6536 24.9823 1.12031 -9.16938 9.43658 -0.134181 22.4506 29.1241 8.35843 16.4732 17.7334 12.2016 -1.53109 4.89527 7.75524 7.45058 -4.66091 13.4358 8.73993 8.27487 17.374 -9.42489 29.5308 23.4247 20.6927 15.8815 24.8055
internal_weight=17444 5294 12150 3085 2209 1970 10180 2113 1679 1371 838 291 972 686 799 1099 68 1314 1262 546 589 210 996 131 9634 812 56 785 84 586
internal_count=17444 5294 12150 3085 2209 1970 10180 2113 1679 1371 838 291 972 686 799 1099 68 1314 1262 546 589 210 996 131 9634 812 56 785 84 586
is_linear=0
shrinkage=0.1


Tree=9
num_leaves=31
num_cat=0
split_feature=5 5 11 11 11 11 5 5 11 5 1 24 11 22 5 5 5 1 23 23 11 11 18 25 5 25 25 6 7 25
split_gain=1.82458e+08 1.85236e+07 1.41584e+07 2.67614e+06 1.87728e+06 1.39734e+06 1.11339e+06 707960 516808 443276 437260 379384 354064 344498 316685 305788 288491 278218 281100 235992 217248 206654 200547 192760 188328 182656 275380 179829 172817 168957
threshold=337.50000000000006 668.50000000000011 130.50000000000003 544.50000000000011 848.50000000000011 363.50000000000006 61.500000000000007 444.50000000000006 238.50000000000003 776.50000000000011 -0.78656609248549325 485.50000000000006 660.50000000000011 1.0000000180025095e-35 575.50000000000011 177.50000000000003 144.50000000000003 -0.9159756150367534 245.69230769230771 260.73076923076928 946.50000000000011 570.50000000000011 20.500000000000004 53.11538461538462 8.5000000000000018 59.576923076923087 64.423076923076948 7.5000000000000009 16.950000000000003 59.576923076923087
decision_type=2 2 2 2 2 2 2 2 2 2 2 2 2 2 2 2 2 2 2 2 2 2 2 2 2 2 2 2 2 2
left_child=2 3 6 7 9 8 24 17 10 25 -4 28 22 20 27 -8 -7 18 -2 -19 -6 -18 -5 -14 -1 -3 -27 -13 -9 -11
right_child=1 4 5 12 13 16 15 11 -10 29 -12 14 23 -15 -16 -17 21 19 -20 -21 -22 -23 -24 -25 -26 26 -28 -29 -30 -31
leaf_value=-8.6370107910297627 8.7625257308859581 19.134049139431546 12.385160636901857 14.505362106225229 25.68800679278479 20.171790604364304 -4.884096938261834 -1.4092299782868589 2.2982961585207469 22.885839152668581 -1.5687179636392354 8.7267363469992105 19.201623919590769 14.781302804213304 16.233094030740311 2.8442388017262736 6.4253626386580933 2.7719496660758205 21.806270933151247 6.6885320505913031 29.784040718078614 16.22302996826172 11.177453559938572 11.322229800997555 -7.1674460320128608 4.2753624473299299 17.524874496459962 11.754712975087429 7.2402016079270997 17.228774937128616
leaf_weight=8635 95 700 23 613 679 21 597 33 717 502 951 402 193 26 98 56 155 199 20 678 160 25 257 37 970 21 62 383 77 59
leaf_count=8635 95 700 23 613 679 21 597 33 717 502 951 402 193 26 98 56 155 199 20 678 160 25 257 37 970 21 62 383 77 59
internal_value=2.59874e-08 15.4937 -6.75091 10.4883 22.484 1.19767 -8.21696 8.29574 0.260725 20.1453 -1.23921 10.1833 14.4448 26.1178 10.8732 -4.22133 9.08017 6.40626 11.031 5.79982 26.4691 7.78615 13.5223 17.9341 -8.4886 18.6081 14.1726 10.2041 4.64537 22.2909
internal_weight=17444 5294 12150 3085 2209 1892 10258 1985 1691 1344 974 993 1100 865 883 653 201 992 115 877 839 180 870 230 9605 783 83 785 110 561
internal_count=17444 5294 12150 3085 2209 1892 10258 1985 1691 1344 974 993 1100 865 883 653 201 992 115 877 839 180 870 230 9605 783 83 785 110 561
is_linear=0
shrinkage=0.1


Tree=10
num_leaves=31
num_cat=0
split_feature=5 5 11 11 11 1 5 23 5 11 5 8 21 14 23 11 5 18 23 10 11 25 1 11 5 3 5 16 19 24
split_gain=1.47791e+08 1.50041e+07 1.14986e+07 2.19193e+06 1.53079e+06 1.09731e+06 1.08971e+06 710811 654842 463020 389598 375932 293329 541648 274620 277555 267267 263152 238923 223589 222899 224163 169440 168594 164336 153666 150899 149054 148652 147125
threshold=337.50000000000006 668.50000000000011 144.50000000000003 562.50000000000011 857.50000000000011 -0.78656609248549325 64.500000000000014 275.84615384615387 479.50000000000006 242.50000000000003 789.50000000000011 78.500000000000014 0.23500000000000001 64.500000000000014 353.5384615384616 759.50000000000011 185.50000000000003 27.500000000000004 351.26923076923083 1.0000000180025095e-35 470.50000000000006 91.423076923076948 -0.98296291314453399 416.50000000000006 8.5000000000000018 0.90070004940655357 879.50000000000011 1.0000000180025095e-35 12.450000000000001 700.50000000000011
decision_type=2 2 2 2 2 2 2 2 2 2 2 2 2 2 2 2 2 2 2 2 2 2 2 2 2 2 2 2 2 2
left_child=2 3 6 8 10 7 24 -4 20 -7 18 -9 13 -6 29 27 -8 19 -3 -10 21 22 -2 -11 -1 28 -12 -16 -19 -5
right_child=1 4 5 14 12 9 16 11 17 23 26 -13 -14 -15 15 -17 -18 25 -20 -21 -22 -23 -24 -25 -26 -27 -28 -29 -30 -31
leaf_value=-7.7733099234884167 13.802755694919163 11.431837876637777 4.9821102095736984 11.437015397546411 22.146613458727231 -1.1234648104603626 -4.2132735829811541 11.087256273516903 10.331870591899426 2.0022229585652207 19.847067822389686 29.175918884277344 24.585548419235344 4.7591222308930901 13.553414627697141 22.761135111357035 2.6007036647153279 15.120390083049907 17.443861196061789 16.449481792309708 9.3787908447552955 -1.8338734526383249 5.7800825079047682 9.3304488001447741 -6.4222018840182491 2.682235543202546 25.624332794189453 19.519569176567927 7.3034997119019369 3.0966750717681388
leaf_weight=8635 27 72 181 263 122 874 667 27 492 645 472 20 665 21 603 38 63 29 807 68 195 38 1054 33 1005 59 50 45 151 23
leaf_count=8635 27 72 181 263 122 874 667 27 492 645 472 20 665 21 603 38 63 29 807 68 195 38 1054 33 1005 59 50 45 151 23
internal_value=-6.00217e-08 13.9443 -6.07582 9.43943 20.2356 1.34948 -7.35036 7.82735 7.63155 0.397829 18.2365 18.7846 23.702 19.5932 13.3695 14.4548 -3.62522 9.88913 16.9514 11.0747 6.2588 5.7151 5.98046 2.35891 -7.63245 7.11118 20.4004 13.9677 8.56289 10.7663
internal_weight=17444 5294 12150 3085 2209 1780 10370 228 2113 1552 1401 47 808 143 972 686 730 799 879 560 1314 1119 1081 678 9640 239 522 648 180 286
internal_count=17444 5294 12150 3085 2209 1780 10370 228 2113 1552 1401 47 808 143 972 686 730 799 879 560 1314 1119 1081 678 9640 239 522 648 180 286
is_linear=0
shrinkage=0.1


Tree=11
num_leaves=31
num_cat=0
split_feature=5 5 11 5 11 1 24 11 23 2 2 5 11 11 23 20 11 5 24 18 10 23 19 10 15 6 11 24 24 6
split_gain=1.19809e+08 1.56346e+07 5.54288e+06 2.4582e+06 1.29797e+06 1.04129e+06 997050 482620 476874 449003 444296 387089 343039 305598 301520 269993 253296 239786 228757 213353 193776 187393 185135 182103 176699 175117 159451 158677 327226 158137
threshold=271.50000000000006 589.50000000000011 95.500000000000014 789.50000000000011 423.50000000000006 -0.70710678118654757 677.50000000000011 630.50000000000011 353.5384615384616 0.85226249403558707 0.878110924644389 401.50000000000006 30.500000000000004 697.50000000000011 260.73076923076928 79.500000000000014 158.50000000000003 941.50000000000011 497.00000000000006 98.500000000000014 1.0000000180025095e-35 343.30769230769238 14.450000000000001 0.65000000000000002 0.52500000000000013 19.500000000000004 857.50000000000011 867.50000000000011 819.50000000000011 18.500000000000004
decision_type=2 2 2 2 2 2 2 2 2 2 2 2 2 2 2 2 2 2 2 2 2 2 2 2 2 2 2 2 2 2
left_child=2 4 12 8 11 6 18 14 15 17 -11 23 -1 25 19 21 -7 -5 22 -6 -16 -3 -4 -2 -9 -10 -15 28 -12 -13
right_child=1 3 5 9 7 16 -8 24 13 10 27 29 -14 26 20 -17 -18 -19 -20 -21 -22 -23 -24 -25 -26 -27 -28 -29 -30 -31
leaf_value=-6.955544965509036 3.0460183624096424 12.303140656620849 4.6950176733669506 20.228919193519932 6.8661022283569473 -3.2652005821891659 24.95858827209473 12.940991423700167 12.557211936162618 2.0059672310238792 19.899170169123899 5.3406984728295361 -4.8737071883788436 16.275357139053344 8.4175792782295762 -0.32665816220370208 -0.47178796678623497 24.173443669499576 7.671195507514013 1.1022332462263698 12.553669562820318 3.4380074218467431 -4.0429784040277204 12.248026639764959 23.107049769446963 16.186306901794772 25.346011123657227 20.560054425966172 8.3529921208487625 9.3330406213248231
leaf_weight=9089 957 204 49 923 310 495 25 92 501 21 54 256 867 625 929 22 943 185 77 81 129 27 48 22 21 181 20 84 45 162
leaf_count=9089 957 204 49 923 310 495 25 92 501 21 54 256 867 625 929 22 943 185 77 81 129 27 48 22 21 181 20 84 45 162
internal_value=2.12188e-07 11.6655 -5.8876 16.8943 6.55512 -0.495132 6.28462 8.53582 14.2376 20.0937 15.7824 4.34049 -6.77425 14.9962 8.04495 10.2588 -1.43336 20.8875 3.60158 5.67205 8.92189 11.267 0.371061 3.25281 14.8303 13.5204 16.5566 17.3633 14.6509 6.88797
internal_weight=17444 5851 11593 2892 2959 1637 199 1562 1580 1312 204 1397 9956 1327 1449 253 1438 1108 174 391 1058 231 97 979 113 682 645 183 99 418
internal_count=17444 5851 11593 2892 2959 1637 199 1562 1580 1312 204 1397 9956 1327 1449 253 1438 1108 174 391 1058 231 97 979 113 682 645 183 99 418
is_linear=0
shrinkage=0.1


Tree=12
num_leaves=31
num_cat=0
split_feature=5 5 11 11 11 5 11 9 18 1 16 24 10 22 5 24 24 2 25 11 25 22 3 5 17 2 6 5 5 3
split_gain=9.70729e+07 9.90735e+06 7.51454e+06 1.35976e+06 1.07939e+06 825283 695896 409501 403507 318533 316577 286223 263358 247041 227500 214322 245478 379945 209986 257042 224326 200546 391920 190834 179348 180934 170688 167721 166659 155595
threshold=337.50000000000006 634.50000000000011 153.50000000000003 853.50000000000011 544.50000000000011 64.500000000000014 341.50000000000006 0.54500000000000015 19.500000000000004 -0.9159756150367534 1.0000000180025095e-35 625.50000000000011 1.3500000000000003 1.0000000180025095e-35 177.50000000000003 488.50000000000006 458.00000000000006 -0.24372957273992746 56.807692307692314 677.50000000000011 63.692307692307701 1.0000000180025095e-35 -0.31800055644052067 134.50000000000003 34.500000000000007 0.99907018497641664 2.5000000000000004 426.50000000000006 258.50000000000006 -0.099822328936730861
decision_type=2 2 2 2 2 2 2 2 2 2 2 2 2 2 2 2 2 2 2 2 2 2 2 2 2 2 2 2 2 2
left_child=2 4 5 7 8 -1 12 10 9 11 21 -2 28 -5 -7 16 -10 -18 19 -6 -20 24 -23 -8 -3 -26 -17 -11 -4 -12
right_child=1 3 6 13 18 14 23 -9 15 27 29 -13 -14 -15 -16 26 17 -19 20 -21 -22 22 -24 -25 25 -27 -28 -29 -30 -31
leaf_value=-6.1859752597126931 9.0821705178725409 8.5190301602706313 -0.62804497253767255 19.484238965087144 10.171998258109815 -3.4025555293606828 14.959150151772931 16.287580586654212 4.0270764332016311 4.9635511838341539 19.538425173078267 19.729980245129816 8.9536294392177052 9.5823749982393718 2.2807838517121781 2.4849985628438418 4.690807986981941 -9.7246120569182608 -0.66644000429095651 16.051360305718013 8.9579528965792825 -4.6673728442192077 14.473160619321078 5.2139912149772565 13.39066885844878 3.7437636470794682 6.3273270952734144 7.5481764992771225 1.641450346136093 13.509318987946763
leaf_weight=9640 195 96 917 815 648 726 22 609 120 489 98 29 35 26 78 169 33 41 33 84 91 20 23 232 697 20 366 516 500 76
leaf_count=9640 195 96 917 815 648 726 22 609 120 489 98 29 35 26 78 169 33 41 33 84 91 20 23 232 697 20 366 516 500 76
internal_value=-5.8967e-08 11.3011 -4.92413 15.9093 7.23997 -5.92926 1.22915 14.2319 5.94501 7.05063 13.0165 10.4607 0.384425 19.1781 -2.85119 4.08107 1.23369 -3.29611 10.202 10.8467 6.39662 12.2261 5.57059 6.05806 12.5781 13.1216 5.11358 6.29058 0.172765 16.905
internal_weight=17444 5294 12150 2480 2814 10444 1706 1639 1958 1229 1030 224 1452 841 804 729 194 74 856 732 124 856 43 254 813 717 535 1005 1417 174
internal_count=17444 5294 12150 2480 2814 10444 1706 1639 1958 1229 1030 224 1452 841 804 729 194 74 856 732 124 856 43 254 813 717 535 1005 1417 174
is_linear=0
shrinkage=0.1


Tree=13
num_leaves=31
num_cat=0
split_feature=5 5 11 5 1 5 5 23 11 11 10 18 24 25 2 22 11 1 18 9 24 23 10 16 22 25 11 5 20 2
split_gain=7.86925e+07 7.50993e+06 6.77506e+06 1.35864e+06 717317 650169 610556 344197 320378 299935 256103 241005 252950 237108 228750 214461 207431 204784 187932 201746 166052 158830 145957 144525 229034 144281 124504 120425 118758 114983
threshold=355.50000000000006 703.50000000000011 148.50000000000003 544.50000000000011 -0.9159756150367534 61.500000000000007 852.50000000000011 306.38461538461542 630.50000000000011 247.50000000000003 1.0000000180025095e-35 16.500000000000004 526.00000000000011 21.80769230769231 0.99966190462023474 1.0000000180025095e-35 708.50000000000011 -0.60355339059327384 16.500000000000004 0.24500000000000002 497.00000000000006 253.84615384615387 0.55000000000000016 1.0000000180025095e-35 1.0000000180025095e-35 52.076923076923087 870.50000000000011 448.50000000000006 40.500000000000007 0.71503381463111937
decision_type=2 2 2 2 2 2 2 2 2 2 2 2 2 2 2 2 2 2 2 2 2 2 2 2 2 2 2 2 2 2
left_child=2 3 5 8 7 -1 14 -4 10 -6 18 16 -13 -8 23 -15 -5 -7 27 -20 -11 -12 -22 24 26 -10 29 -2 -14 -3
right_child=1 6 4 11 9 17 13 -9 25 20 21 12 28 15 -16 -17 -18 -19 19 -21 22 -23 -24 -25 -26 -27 -28 -29 -30 -31
leaf_value=-5.5728191386415107 4.6876559671695199 14.153785209696986 6.2722209087358074 10.271182733942481 -0.61887810993581849 3.0572243577342926 18.109508234431747 20.475297001429968 15.443688448185618 -1.0485996254086494 5.2120162245266295 -2.6740913477810948 13.995085634904749 15.320954002520281 3.5833899497985842 4.8174222339283341 15.825965972795879 -3.0627611192472619 -0.30427091602693523 4.3909357597120104 2.3116269355424794 10.381703481216306 9.4334011089801795 17.447668866740848 4.5965206010001047 5.6314429952339697 18.848007218734079 6.9252458366385685 7.7897794781050766 11.552406794548034
leaf_weight=9608 509 694 91 850 885 59 669 21 47 150 98 22 34 167 22 22 73 746 114 464 706 151 30 103 28 22 46 456 332 225
leaf_count=9608 509 694 91 850 885 59 669 21 47 150 98 22 34 167 22 22 73 746 114 464 706 151 30 103 28 22 46 456 332 225
internal_value=7.35074e-08 10.3802 -4.34591 7.36564 1.17407 -5.3441 15.2194 8.9353 5.62858 0.683237 5.37112 9.83143 7.74023 17.2259 13.6795 14.0983 10.7105 -2.61422 4.89089 3.46489 1.98388 8.34705 2.60192 13.8822 13.5123 12.3151 13.771 5.745 8.36623 13.5169
internal_weight=17444 5148 12296 3172 1883 10413 1976 112 1861 1771 1792 1311 388 858 1118 189 923 805 1543 578 886 249 736 1096 993 69 965 965 366 919
internal_count=17444 5148 12296 3172 1883 10413 1976 112 1861 1771 1792 1311 388 858 1118 189 923 805 1543 578 886 249 736 1096 993 69 965 965 366 919
is_linear=0
shrinkage=0.1


Tree=14
num_leaves=31
num_cat=0
split_feature=5 5 11 11 11 1 23 16 5 23 24 25 8 23 11 24 8 11 10 11 25 23 18 3 5 10 19 23 12 5
split_gain=6.37736e+07 8.817e+06 2.55457e+06 1.35735e+06 804418 592225 639032 313221 296248 284020 278442 290782 326214 254598 229893 194619 184504 179413 177940 177763 173022 168882 168556 182087 152149 148709 147843 135280 134603 130209
threshold=258.50000000000006 589.50000000000011 64.500000000000014 780.50000000000011 470.50000000000006 -0.70710678118654757 363.96153846153851 1.0000000180025095e-35 385.50000000000006 351.26923076923083 863.00000000000011 59.576923076923087 58.500000000000007 393.73076923076934 630.50000000000011 497.00000000000006 60.500000000000007 891.50000000000011 0.55000000000000016 170.50000000000003 91.538461538461561 343.30769230769238 98.500000000000014 0.71952396275653763 520.50000000000011 1.0000000180025095e-35 14.950000000000001 447.88461538461542 10.500000000000002 708.50000000000011
decision_type=2 2 2 2 2 2 2 2 2 2 2 2 2 2 2 2 2 2 2 2 2 2 2 2 2 2 2 2 2 2
left_child=2 4 -1 7 8 6 15 9 18 16 11 -5 13 -13 22 26 21 28 -2 -7 24 -3 25 -24 -10 -6 -4 -16 -12 -11
right_child=1 3 5 10 14 19 -8 -9 20 29 17 12 -14 -15 27 -17 -18 -19 -20 -21 -22 -23 23 -25 -26 -27 -28 -29 -30 -31
leaf_value=-5.0119214009957078 2.0079813627152507 8.5163872978869524 3.081267412672652 13.576461823132574 6.2260559296609843 -2.4453861162033275 21.074025626409622 13.793958944156095 4.5573186615504824 9.3957852668869197 13.070667828946767 18.852741241455078 -4.7999538040161136 3.0877026177587967 8.3498314554422688 6.7698588774601625 -2.147979209734046 16.630529036955402 9.2628915132795058 -0.36054716744173704 -3.1616303320284245 -0.83889431519941859 6.3879929323629909 -2.0406181931495668 9.1536426145819174 9.9621463579860166 -5.3069292884123955 15.457149966927464 16.566180896139766 11.566468794788085
leaf_weight=9653 992 157 47 196 796 898 21 222 815 624 387 20 20 21 71 60 23 550 35 751 27 22 55 48 79 123 38 43 154 496
leaf_count=9653 992 157 47 196 796 898 21 222 815 624 387 20 20 21 71 60 23 550 35 751 27 22 55 48 79 123 38 43 154 496
internal_value=4.72011e-08 8.37599 -4.36475 12.3425 4.65638 -0.922769 4.7705 10.3183 3.42305 9.73461 14.6611 11.6999 5.67045 10.778 6.77128 2.4093 6.28324 15.3587 2.25523 -1.49589 4.72529 7.36658 6.29616 2.4601 4.96348 6.7261 -0.66875 11.0307 14.0657 10.3571
internal_weight=17444 5976 11468 2892 3084 1815 166 1544 1948 1322 1348 257 61 41 1136 145 202 1091 1027 1649 921 179 1022 103 894 919 85 114 541 1120
internal_count=17444 5976 11468 2892 3084 1815 166 1544 1948 1322 1348 257 61 41 1136 145 202 1091 1027 1649 921 179 1022 103 894 919 85 114 541 1120
is_linear=0
shrinkage=0.1


Tree=15
num_leaves=31
num_cat=0
split_feature=5 5 11 5 1 17 11 23 25 6 25 25 24 24 2 5 11 10 3 8 6 16 14 11 3 3 25 17 5 24
split_gain=5.16806e+07 4.92862e+06 4.43474e+06 943028 680486 429805 391013 297976 269195 360287 243339 273890 239278 219784 231590 188018 181998 175738 169402 162757 148385 145463 196161 162482 139707 153910 137349 124635 114436 112595
threshold=355.50000000000006 708.50000000000011 87.500000000000014 566.50000000000011 -0.9159756150367534 365.50000000000006 230.50000000000003 220.03846153846158 56.807692307692314 74.500000000000014 60.65384615384616 58.923076923076927 526.00000000000011 613.50000000000011 0.99907018497641664 14.500000000000002 916.50000000000011 1.0000000180025095e-35 -0.84774213365954088 63.500000000000007 10.500000000000002 1.0000000180025095e-35 68.500000000000014 763.50000000000011 0.18281312110578132 0.29958852271690523 13.692307692307695 44.000000000000007 448.50000000000006 497.00000000000006
decision_type=2 2 2 2 2 2 2 2 2 2 2 2 2 2 2 2 2 2 2 2 2 2 2 2 2 2 2 2 2 2
left_child=2 3 15 8 7 13 -6 -4 9 17 11 -10 -5 -3 18 -1 -7 28 -15 -9 26 22 23 -20 -22 -26 -14 -12 -2 -8
right_child=1 5 4 12 6 16 29 19 10 -11 27 -13 20 14 -16 -17 -18 -19 21 -21 24 -23 -24 -25 25 -27 -28 -29 -30 -31
leaf_value=-4.6145065936929131 3.2598263231700253 0.93185199555896581 2.8755701027684295 -1.4097952785491943 -1.2186633277589194 13.006186129730361 -0.93933522327857855 6.3576115261424668 2.789866433143616 9.0524139533754937 2.5120547848917987 -9.5174329179706003 8.6370299989707107 4.5321913456215581 0.86666332426525305 -3.2391354705184621 16.067193879146835 7.8217635817732658 9.6094843367526419 17.396185381272261 11.276779061169933 15.212601146158182 3.204898169945027 12.523741802942533 2.251813086271286 9.218669230953541 5.6925624422083692 6.8795090719710963 5.1970843252344583 1.8798687858230929
leaf_weight=8769 569 21 59 25 1271 565 170 22 40 221 272 33 421 34 21 1121 296 160 285 34 278 106 29 582 40 153 254 86 657 850
leaf_count=8769 569 21 59 25 1271 565 170 22 40 221 272 33 421 34 21 1121 296 160 285 34 278 106 29 582 40 153 254 86 657 850
internal_value=2.32137e-08 8.41208 -3.52191 6.0069 0.328461 12.3926 -0.0483281 7.83475 4.70747 5.30267 2.48825 -2.77371 8.26843 11.062 11.2633 -4.45861 14.0585 4.70477 11.474 13.0596 8.47956 11.7096 11.2952 11.5658 9.84177 7.77476 7.52904 3.56122 4.29798 1.41
internal_weight=17444 5148 12296 3209 2406 1939 2291 115 2038 1607 431 73 1171 1078 1057 9890 861 1386 1036 56 1146 1002 896 867 471 193 675 358 1226 1020
internal_count=17444 5148 12296 3209 2406 1939 2291 115 2038 1607 431 73 1171 1078 1057 9890 861 1386 1036 56 1146 1002 896 867 471 193 675 358 1226 1020
is_linear=0
shrinkage=0.1


Tree=16
num_leaves=31
num_cat=0
split_feature=5 5 11 11 11 1 23 23 12 25 14 18 6 2 25 11 10 0 18 3 12 3 22 5 11 3 18 17 11 15
split_gain=4.19209e+07 5.78578e+06 1.66908e+06 913947 538469 415658 482395 232242 228362 225594 216977 178726 170328 212688 166855 164577 158308 152508 147676 148230 144880 158864 140667 138329 132466 130090 127508 125755 123190 120328
threshold=258.50000000000006 589.50000000000011 64.500000000000014 800.50000000000011 474.50000000000006 -0.70710678118654757 275.84615384615387 444.1153846153847 63.500000000000007 11.384615384615387 55.500000000000007 20.500000000000004 41.500000000000007 0.76140650896573503 51.423076923076927 630.50000000000011 1.0000000180025095e-35 0.25881904510252091 98.500000000000014 0.71952396275653763 1.5000000000000002 0.21652257995689161 1.0000000180025095e-35 941.50000000000011 368.50000000000006 0.29958852271690523 34.500000000000007 12.500000000000002 170.50000000000003 0.52500000000000013
decision_type=2 2 2 2 2 2 2 2 2 2 2 2 2 2 2 2 2 2 2 2 2 2 2 2 2 2 2 2 2 2
left_child=2 4 -1 9 8 6 -4 10 14 16 -5 12 -10 -14 24 18 -3 20 -6 -20 -11 -22 -19 -9 -2 -23 -13 -27 -7 -17
right_child=1 3 5 7 15 28 -8 23 11 17 -12 26 13 -15 -16 29 -18 22 19 -21 21 25 -24 -25 -26 27 -28 -29 -30 -31
leaf_value=-4.0619025432809108 1.539273256317804 9.3739553234153217 1.3787352599286988 11.173642783239485 5.5414906072114292 -2.0271505616912266 15.044308426976205 12.003518731909754 4.250759308086419 5.4345789200130934 0.54308399558067322 -1.9454334151988129 6.6042536735534672 16.216867411136629 0.031892834896758454 7.6026721462126705 16.062070908417574 6.0668960188153527 5.0750116510211303 -2.6833302083222765 10.490869776299384 0.7596879697615101 -1.9800926287968954 15.004663095266924 3.6708674981744274 3.4667789334342594 3.7820722102801856 10.117499541152608 -0.2915893477272396 15.983463889076598
leaf_weight=9653 539 814 134 48 890 898 32 929 161 141 32 49 82 32 295 93 37 229 53 46 293 31 24 184 635 42 188 88 751 21
leaf_count=9653 539 814 134 48 890 898 32 929 161 141 32 49 82 32 295 93 37 229 53 46 293 31 24 184 635 42 188 88 751 21
internal_value=-2.94474e-08 6.79095 -3.53878 10.0041 3.77782 -0.756582 4.01306 12.1256 2.79184 8.51447 6.92142 4.61048 6.34495 9.30253 2.15798 5.54866 9.66474 7.36013 5.13394 1.47013 8.23461 9.10423 5.30355 12.4997 2.69222 6.58071 2.5979 7.96881 -1.23673 9.1465
internal_weight=17444 5976 11468 2892 3084 1815 166 1193 1981 1699 80 512 275 114 1469 1103 851 848 989 99 595 454 253 1113 1174 161 237 130 1649 114
internal_count=17444 5976 11468 2892 3084 1815 166 1193 1981 1699 80 512 275 114 1469 1103 851 848 989 99 595 454 253 1113 1174 161 237 130 1649 114
is_linear=0
shrinkage=0.1


Tree=17
num_leaves=31
num_cat=0
split_feature=5 11 5 11 11 11 17 18 10 20 5 10 18 2 2 25 11 25 21 9 3 18 5 5 12 16 14 11 23 16
split_gain=3.3992e+07 3.13004e+06 3.0975e+06 557925 359057 328790 306338 189213 225276 182252 177350 176100 154011 153680 150104 147340 189677 176491 190095 140565 134119 130439 125910 112829 108476 108283 159508 104748 104353 102636
threshold=368.50000000000006 148.50000000000003 708.50000000000011 586.50000000000011 368.50000000000006 30.500000000000004 365.50000000000006 19.500000000000004 1.0000000180025095e-35 81.500000000000014 170.50000000000003 0.55000000000000016 19.500000000000004 0.69056404122701587 0.99966190462023474 53.11538461538462 718.50000000000011 63.692307692307701 0.12500000000000003 0.24500000000000002 -0.84774213365954088 96.500000000000014 884.50000000000011 193.50000000000003 16.500000000000004 1.0000000180025095e-35 68.500000000000014 857.50000000000011 281.00000000000006 1.0000000180025095e-35
decision_type=2 2 2 2 2 2 2 2 2 2 2 2 2 2 2 2 2 2 2 2 2 2 2 2 2 2 2 2 2 2
left_child=1 5 3 7 11 -1 9 8 -2 14 -7 12 24 -13 20 16 -5 18 -17 21 -4 -9 -8 28 -3 26 27 -22 -6 -25
right_child=2 4 6 15 23 10 22 19 -10 -11 -12 13 -14 -15 -16 17 -18 -19 -20 -21 25 -23 -24 29 -26 -27 -28 -29 -30 -31
leaf_value=-3.7207548576580614 4.2712755547045269 0.047217655259222668 3.152897618798649 6.8491487979732062 3.4395142089752926 -2.3518361917212789 10.255018830786799 2.353105502024941 8.3002159655853447 0.97921327522822799 2.1990821384905797 1.8847231314182282 -1.2366062600228747 11.619666771094005 0.98083359111439106 4.9271355201458107 11.422007870789871 6.6804851032116197 -6.971928838729859 3.3472870298883608 8.7395400582338052 -4.435035687685013 12.673631022323363 2.4632313589914152 2.1956919169376015 12.545165876584633 1.8834365713185279 11.207462071195371 13.001594051361085 8.8080041852490663
leaf_weight=9089 1196 684 34 760 21 1237 428 69 157 28 92 50 590 24 22 29 103 88 25 620 620 48 433 211 358 107 29 238 25 29
leaf_count=9089 1196 684 34 760 21 1237 428 69 157 28 92 50 590 24 22 29 103 88 25 620 620 48 433 211 358 107 29 238 25 29
internal_value=8.90383e-08 -2.81149 6.93098 4.96758 0.820436 -3.50594 10.0649 4.03655 4.73879 8.94159 -2.0368 0.27073 0.0543853 5.042 9.15392 6.90377 7.39492 3.91881 -0.581691 2.74735 9.32883 -0.431773 11.4713 4.09945 0.785369 9.54008 9.17758 9.42412 8.6363 3.22989
internal_weight=17444 12410 5034 3095 1992 10418 1939 2090 1353 1078 1329 1706 1632 74 1050 1005 863 142 54 737 1028 117 861 286 1042 994 887 858 46 240
internal_count=17444 12410 5034 3095 1992 10418 1939 2090 1353 1078 1329 1706 1632 74 1050 1005 863 142 54 737 1028 117 861 286 1042 994 887 858 46 240
is_linear=0
shrinkage=0.1


Tree=18
num_leaves=31
num_cat=0
split_feature=5 5 11 5 5 1 25 24 2 6 11 18 6 23 19 20 25 2 5 11 8 12 12 16 13 13 13 14 20 18
split_gain=2.76267e+07 3.7998e+06 1.07267e+06 630664 355359 289458 211682 206320 201601 195460 170194 167353 167177 156004 154874 144657 138728 137054 131664 127273 124842 145491 116514 99022.5 186508 464592 205226 103046 110997 95848.6
threshold=258.50000000000006 586.50000000000011 64.500000000000014 776.50000000000011 412.50000000000006 -0.9159756150367534 86.192307692307708 501.50000000000006 0.99907018497641664 3.5000000000000004 805.50000000000011 31.500000000000004 23.500000000000004 353.5384615384616 14.350000000000003 89.500000000000014 13.692307692307695 0.3744682635859638 941.50000000000011 201.50000000000003 73.500000000000014 87.500000000000014 20.500000000000004 1.0000000180025095e-35 21.350000000000005 19.050000000000004 20.450000000000003 60.500000000000007 59.500000000000007 18.500000000000004
decision_type=2 2 2 2 2 2 2 2 2 2 2 2 2 2 2 2 2 2 2 2 2 2 2 2 2 2 2 2 2 2
left_child=2 4 -1 10 12 7 18 -4 9 11 16 -6 29 -11 17 20 -3 -13 -5 -7 -14 -22 -15 24 25 27 -27 28 -18 -2
right_child=1 3 5 6 8 19 -8 -9 -10 13 -12 14 15 22 -16 -17 23 -19 -20 -21 21 -23 -24 -25 -26 26 -28 -29 -30 -31
leaf_value=-3.2921536215352827 1.5805502519696295 7.4112823765999396 -0.44693266391754155 9.3822167445026832 3.6577675034833512 -1.4613918616117409 -0.35242977142333987 13.062822217207689 -5.7163221813383558 3.9833581405288125 12.295673175041493 -10.733641908385538 2.8179416379692857 4.9638492451642051 1.9273511876614351 -3.5660661112877636 0.23480669146776201 0.56065812792096825 12.254520132748977 0.32314212181529062 4.4336519492589508 13.544343403975169 8.3492418661319387 8.0673582724303259 6.2633354369172443 -11.828400505913629 1.1829209847883744 10.531659941837706 6.2127473807916411 -0.88905765071713549
leaf_weight=9653 544 760 20 1203 516 1159 21 26 21 586 52 22 488 220 103 31 50 21 184 610 65 24 189 121 374 27 22 29 82 221
leaf_count=9653 544 760 20 1203 516 1159 21 26 21 586 52 22 488 220 103 31 50 21 184 610 65 24 189 121 374 27 22 29 82 221
internal_value=-2.14629e-08 5.5129 -2.87279 8.08823 3.04392 -0.642392 9.61238 7.18902 4.02015 4.14355 6.6736 2.81202 1.85084 5.02945 -0.177049 3.08858 6.47404 -5.21782 9.76326 -0.846035 3.44611 6.89047 6.52825 5.46369 4.92423 2.53934 -5.98658 5.13418 3.94838 0.867108
internal_weight=17444 5976 11468 2925 3051 1815 1408 46 1678 1657 1517 662 1373 995 146 608 1465 43 1387 1769 577 89 409 705 584 210 49 161 132 765
internal_count=17444 5976 11468 2925 3051 1815 1408 46 1678 1657 1517 662 1373 995 146 608 1465 43 1387 1769 577 89 409 705 584 210 49 161 132 765
is_linear=0
shrinkage=0.1


Tree=19
num_leaves=31
num_cat=0
split_feature=5 5 11 15 11 24 2 11 16 5 5 12 3 25 1 11 16 23 16 17 21 19 18 18 14 17 10 25 20 7
split_gain=2.2378e+07 2.96241e+06 1.01057e+06 416531 364161 278780 344547 248856 200174 168642 142567 141617 131415 130215 133259 121896 100452 99790.6 95522.1 94173.6 147555 315388 145298 102619 123929 239626 105488 89563.1 90618.2 117579
threshold=271.50000000000006 618.50000000000011 114.50000000000001 0.57500000000000007 511.50000000000006 526.00000000000011 0.99907018497641664 296.50000000000006 1.0000000180025095e-35 467.50000000000006 4.5000000000000009 18.500000000000004 -0.031174269516803289 56.807692307692314 -0.9159756150367534 744.50000000000011 1.0000000180025095e-35 447.88461538461542 1.0000000180025095e-35 131.50000000000003 0.12500000000000003 21.450000000000003 99.500000000000014 21.500000000000004 61.500000000000007 354.50000000000006 1.0000000180025095e-35 45.846153846153847 63.500000000000007 20.250000000000004
decision_type=2 2 2 2 2 2 2 2 2 2 2 2 2 2 2 2 2 2 2 2 2 2 2 2 2 2 2 2 2 2
left_child=2 4 10 5 9 -3 8 -4 19 13 -1 -9 -13 14 -2 18 -14 -17 27 20 -7 -22 23 26 25 -25 -21 -6 29 -29
right_child=1 3 7 -5 15 6 -8 11 -10 -11 -12 12 16 -15 -16 17 -18 -19 -20 22 21 -23 -24 24 -26 -27 -28 28 -30 -31
leaf_value=-3.0620932202042899 5.8589591868842641 -3.9889757442474365 -0.57030130155070013 9.0465569089252273 4.5994049279597302 5.8923662640910219 -5.4886551939922832 -0.34480012201127552 9.5512025631609418 3.8588652936819616 -2.0326030522573251 12.928383501172068 1.9106157923060836 0.14187464326701307 1.9899821421029618 5.1797628402709961 9.2492522679842448 14.714256963275728 7.7774145539601651 6.8074354005418449 -9.8325101375579838 5.54737690448761 12.286731744319836 5.1332743603842603 7.7427063945739993 -5.9564809403451235 12.289667320251466 -6.8143713344227184 3.6709137024248353 2.1738905973212663
leaf_weight=8530 96 25 1291 1079 696 276 23 63 231 526 1597 20 66 367 1225 23 26 21 75 683 20 40 47 70 63 27 37 22 136 43
leaf_count=8530 96 25 1291 1079 696 276 23 63 231 526 1597 20 66 367 1225 23 26 21 75 683 20 40 47 70 63 27 37 22 136 43
internal_value=1.25004e-08 5.04163 -2.54451 7.53953 3.01469 6.485 6.65761 -0.0906088 6.8446 2.2954 -2.89975 3.44815 5.58169 1.80821 2.27115 4.58212 3.98458 9.73032 4.34907 6.34957 4.91529 0.420748 6.86944 6.5801 4.28934 2.04644 7.08916 4.06242 2.20301 -0.86829
internal_weight=17444 5851 11593 2621 3230 1542 1517 1466 1494 2214 10127 175 112 1688 1321 1016 92 44 972 1263 336 60 927 880 160 97 720 897 201 65
internal_count=17444 5851 11593 2621 3230 1542 1517 1466 1494 2214 10127 175 112 1688 1321 1016 92 44 972 1263 336 60 927 880 160 97 720 897 201 65
is_linear=0
shrinkage=0.1


Tree=20
num_leaves=31
num_cat=0
split_feature=5 5 5 5 1 1 25 20 20 20 2 6 17 1 25 23 10 14 22 17 5 6 18 2 25 25 23 8 24 14
split_gain=1.81391e+07 1.78443e+06 1.53857e+06 341132 253928 218471 203832 187403 200274 285393 158333 157475 168186 159045 141032 138660 136098 130849 153614 130600 127879 111873 113591 105198 104129 124560 110941 112016 107886 121992
threshold=355.50000000000006 708.50000000000011 105.50000000000001 544.50000000000011 -0.60355339059327384 -0.9159756150367534 13.692307692307695 81.500000000000014 57.500000000000007 55.500000000000007 0.96687895796550427 74.500000000000014 44.000000000000007 -0.9159756150367534 62.192307692307701 220.03846153846158 1.0000000180025095e-35 68.500000000000014 1.0000000180025095e-35 1.5000000000000002 874.50000000000011 10.500000000000002 15.500000000000002 0.69056404122701587 51.423076923076927 59.769230769230781 220.03846153846158 53.500000000000007 488.50000000000006 48.500000000000007
decision_type=2 2 2 2 2 2 2 2 2 2 2 2 2 2 2 2 2 2 2 2 2 2 2 2 2 2 2 2 2 2
left_child=2 3 4 11 -1 15 20 8 9 -8 17 24 14 -14 -13 -4 -7 18 -10 -16 -3 22 -5 -18 -2 26 -26 -28 29 -27
right_child=1 6 5 21 -6 16 7 -9 10 -11 -12 12 13 -15 19 -17 23 -19 -20 -21 -22 -23 -24 -25 25 28 27 -29 -30 -31
leaf_value=5.7734060903390256 2.6324322785898886 7.339902610106475 1.3626767470918855 4.6680786754072425 -2.6401632209927293 -0.21984966747621915 5.2006832823520757 -2.8017387224280319 7.3284206786709376 -5.9854120458875393 10.857355732869621 5.1448202360360353 13.868979644775392 5.5169374401318407 2.9533597435867578 8.5487016949653629 0.7768792591719742 -0.43607068428626428 -0.45195111168755431 -4.7401487151781714 9.4524187590678537 5.8252313994534077 1.8847011046379043 5.0697657731072656 2.7939756008294916 -7.3942290419623964 -0.24966058377866396 -8.9347864541140467 3.8633907642910041 1.2546371426484357
leaf_weight=36 1223 711 58 591 10050 1849 123 23 422 28 99 122 30 95 57 50 166 26 27 36 480 562 195 87 26 21 27 33 118 73
leaf_count=36 1223 711 58 591 10050 1849 123 23 422 28 99 122 30 95 57 50 166 26 27 36 480 562 195 87 26 21 27 33 118 73
internal_value=3.56311e-08 4.98364 -2.08652 3.53642 -2.61013 0.303167 7.37876 6.08501 6.36693 3.12644 7.21939 2.65892 4.60454 7.52143 2.90867 4.68954 0.0777971 6.46116 6.86056 -0.0247726 8.19129 4.74787 3.97755 2.25309 2.224 0.5478 -2.66216 -5.02648 1.84995 -0.677556
internal_weight=17444 5148 12296 3209 10086 2210 1939 748 725 151 574 1861 340 125 215 108 2102 475 449 93 1191 1348 786 253 1521 298 86 60 212 94
internal_count=17444 5148 12296 3209 10086 2210 1939 748 725 151 574 1861 340 125 215 108 2102 475 449 93 1191 1348 786 253 1521 298 86 60 212 94
is_linear=0
shrinkage=0.1


Tree=21
num_leaves=31
num_cat=0
split_feature=5 11 11 2 24 11 5 1 23 18 10 16 12 3 6 20 19 20 3 23 3 8 11 12 11 14 24 18 0 23
split_gain=1.47707e+07 2.0499e+06 572126 456807 430165 298814 280005 200844 304369 145660 209993 141272 120709 155776 112673 128375 102159 104142 153374 97031.2 125798 92836.6 91443.5 117868 87729.2 86363.1 77055.2 100183 76931.8 92464.3
threshold=258.50000000000006 607.50000000000011 41.500000000000007 0.99983759474438971 488.50000000000006 763.50000000000011 499.50000000000006 -0.70710678118654757 363.96153846153851 27.500000000000004 1.0000000180025095e-35 1.0000000180025095e-35 16.500000000000004 0.98005052076767474 6.5000000000000009 89.500000000000014 24.450000000000003 82.500000000000014 0.92843842216862604 211.80769230769235 0.94353349168649059 78.500000000000014 891.50000000000011 16.500000000000004 385.50000000000006 37.500000000000007 497.00000000000006 71.000000000000014 0.37940952255126054 253.84615384615387
decision_type=2 2 2 2 2 2 2 2 2 2 2 2 2 2 2 2 2 2 2 2 2 2 2 2 2 2 2 2 2 2
left_child=2 6 -1 4 -3 11 12 8 19 10 -8 -6 13 24 -14 21 17 18 -11 20 -4 25 23 -7 -2 -16 27 -15 29 -27
right_child=1 3 7 -5 5 22 9 -9 -10 16 -12 -13 14 26 15 -17 -18 -19 -20 -21 -22 -23 -24 -25 -26 28 -28 -29 -30 -31
leaf_value=-2.4459659981830644 0.26860615963100637 -8.0838040261041559 -8.2670972585678104 -8.9964259195327756 4.7362463173697176 5.966994711446624 3.7860549790616425 -0.92742986271879446 13.940983767168863 1.0656439452689921 8.7724907587483987 8.3415374768174395 0.52462062504332085 -0.99297970090327525 -0.79776172789762612 -2.4705466246604924 6.3085192353226418 5.1690440348216464 -7.3018458900451666 3.6644133673773873 1.04065532954234 8.159245112381484 8.2232497819146442 8.6151367056477195 2.0589426499993908 2.907089851193756 1.1842733253132214 -10.450734988848369 1.8449930776168124 5.7872586259676018
leaf_weight=9255 476 21 20 20 1068 692 653 2047 21 177 97 121 226 21 53 40 43 49 25 72 53 38 571 222 644 262 22 24 217 194
leaf_count=9255 476 21 20 20 1068 692 653 2047 21 177 97 121 226 21 53 40 43 49 25 72 53 38 571 222 644 262 22 24 217 194
internal_value=4.30063e-08 4.03103 -2.10058 6.06083 6.17257 6.28453 2.34109 -0.65614 2.68922 3.69143 4.43097 5.10314 1.70521 1.01786 2.49734 3.05186 1.80484 1.03329 0.0300635 1.05966 -1.50941 3.34099 7.23044 6.6102 1.29805 3.0888 -3.66591 -6.03712 3.39487 4.13242
internal_weight=17444 5976 11468 2715 2695 2674 3261 2213 166 1044 750 1189 2217 1187 1030 804 294 251 202 145 73 764 1485 914 1120 726 67 45 673 456
internal_count=17444 5976 11468 2715 2695 2674 3261 2213 166 1044 750 1189 2217 1187 1030 804 294 251 202 145 73 764 1485 914 1120 726 67 45 673 456
is_linear=0
shrinkage=0.1


Tree=22
num_leaves=31
num_cat=0
split_feature=5 11 11 5 24 24 2 12 21 24 20 8 2 2 12 3 18 5 10 24 11 23 1 18 20 13 13 25 3 1
split_gain=1.19643e+07 1.66391e+06 469729 293175 251799 167713 224977 155328 202780 323453 566664 148818 131372 128755 119914 127418 116956 115293 110715 107112 106625 105071 146430 103417 93111.1 91587.9 311585 217911 92879.9 90163.5
threshold=258.50000000000006 634.50000000000011 158.50000000000003 499.50000000000006 864.50000000000011 483.50000000000006 0.99966190462023474 27.500000000000004 0.23500000000000001 926.00000000000011 70.500000000000014 85.500000000000014 0.69056404122701587 0.99907018497641664 16.500000000000004 0.98005052076767474 20.500000000000004 4.5000000000000009 1.0000000180025095e-35 858.00000000000011 927.50000000000011 253.84615384615387 -0.9159756150367534 50.500000000000007 89.500000000000014 19.050000000000004 20.550000000000004 59.769230769230781 -0.099822328936730861 -0.9159756150367534
decision_type=2 2 2 2 2 2 2 2 2 2 2 2 2 2 2 2 2 2 2 2 2 2 2 2 2 2 2 2 2 2
left_child=2 3 17 13 5 -3 19 8 9 -6 -11 23 -13 14 15 -2 18 -1 -5 25 -10 24 -23 -4 29 28 27 -27 -7 -16
right_child=1 4 11 16 7 6 -8 -9 20 10 -12 12 -14 -15 21 -17 -18 -19 -20 -21 -22 22 -24 -25 -26 26 -28 -29 -30 -31
leaf_value=-2.2473422323050278 1.1896860260867723 -4.5684487751552032 0.44293526973466435 3.684924966553154 5.3072015200538196 12.52187892150879 -6.005645020008088 8.700859675821194 5.9769500590483169 -14.55863673400879 6.1547819205692846 0.73487817247708642 11.565217767442975 -5.5984602699279788 3.258925880059119 -3.2993221119046212 2.019281454833608 -1.3909173406057851 7.2365109082424288 -1.0429683839121173 8.3171219314711973 8.765983744727242 2.8299404774279666 -2.0876202517929601 -3.8756144494721383 2.3300444253285728 5.0237853835361683 -10.951691981724331 5.9962725567538833 0.24222387530893649
leaf_weight=8530 1124 21 761 774 174 25 20 242 868 25 28 24 21 25 186 67 398 1927 99 31 251 45 543 205 33 30 563 21 171 212
leaf_count=8530 1124 21 761 774 174 25 20 242 868 25 28 24 21 25 186 67 398 1927 99 31 251 45 543 205 33 30 563 21 171 212
internal_value=-1.71658e-08 3.62793 -1.89052 2.22737 5.61593 4.26115 4.47651 6.3684 5.94904 3.22388 -3.6157 0.167773 5.78904 1.53778 1.6185 0.937156 3.43998 -2.08952 4.08768 4.72578 6.50187 2.41486 3.28423 -0.0940874 1.22881 4.94656 4.34578 -3.13891 6.82862 1.65204
internal_weight=17444 5976 11468 3506 2470 882 861 1588 1346 227 53 1011 45 2235 2210 1191 1271 10457 873 841 1119 1019 588 966 431 810 614 51 196 398
internal_count=17444 5976 11468 3506 2470 882 861 1588 1346 227 53 1011 45 2235 2210 1191 1271 10457 873 841 1119 1019 588 966 431 810 614 51 196 398
is_linear=0
shrinkage=0.1


Tree=23
num_leaves=31
num_cat=0
split_feature=11 5 11 10 22 23 2 20 17 11 12 2 18 2 12 1 8 0 2 12 5 25 1 13 14 6 2 2 20 10
split_gain=9.7028e+06 942839 936163 198832 189546 205528 192934 185659 163249 159279 158369 151034 137699 193070 127313 115950 114397 111036 111824 106595 99637.9 97810.8 135323 94610.7 88304.5 86535.7 111367 234817 130002 101587
threshold=368.50000000000006 153.50000000000003 673.50000000000011 1.0000000180025095e-35 0.25000000000000006 279.07692307692315 0.99939377080793557 58.500000000000007 7.5000000000000009 862.50000000000011 3.5000000000000004 0.99907018497641664 98.500000000000014 0.35846314187849709 2.5000000000000004 -0.60355339059327384 56.500000000000007 -0.25881904510252113 -0.82415615971448097 13.500000000000002 800.50000000000011 58.923076923076927 -0.9159756150367534 15.550000000000002 67.500000000000014 9.5000000000000018 0.9550229469509578 0.98372640911059162 60.500000000000007 0.15000000000000005
decision_type=2 2 2 2 2 2 2 2 2 2 2 2 2 2 2 2 2 2 2 2 2 2 2 2 2 2 2 2 2 2
left_child=1 15 8 21 5 -4 9 -5 12 14 -10 25 17 19 -7 -1 -15 18 -2 -14 -11 22 -3 -23 -22 -12 29 28 -28 -27
right_child=2 3 4 7 -6 6 -8 -9 10 20 11 -13 13 16 -16 -17 -18 -19 -20 -21 24 23 -24 -25 -26 26 27 -29 -30 -31
leaf_value=2.2991829479282555 -5.7878440095532326 5.4696343667232075 -4.7314103603363042 9.5402609680828299 -4.188044915880476 3.9031322820804273 -3.8630308151245121 1.9807591899863579 2.0589308797583321 12.656904149938512 2.9556310659927481 -3.1478039817015331 -3.3091167165387065 -0.95494008997212299 5.8563022048424322 -1.9055500108504484 -10.328834654490153 2.5821816442294097 0.89110235512711622 3.9998023763831174 6.6533492812881736 -4.4286456490435251 0.27090954822236141 -0.42325460998430142 -0.081775722503662107 4.9946027502880916 -9.0202319491993297 5.1983075935816032 1.5198015656471253 9.3741840713336817
leaf_weight=66 31 52 20 38 21 662 22 224 929 27 425 30 31 23 673 10389 30 566 131 56 730 82 1349 210 20 402 22 97 25 61
leaf_count=66 31 52 20 38 21 662 22 224 929 27 425 30 31 23 673 10389 30 566 131 56 730 82 1349 210 20 402 22 97 25 61
internal_value=2.45564e-08 -1.50209 3.70301 0.513589 5.2665 5.35868 5.45324 3.07718 2.51357 5.55029 3.0125 3.84666 1.36913 -1.50302 4.88776 -1.87901 -6.26092 1.92146 -0.386968 1.39547 6.6886 0.116861 0.463867 -1.54806 6.47375 4.04998 4.81621 2.3874 -3.41383 5.57161
internal_weight=17444 12410 5034 1955 2175 2154 2134 262 2859 2112 1991 1062 868 140 1335 10455 53 728 162 87 777 1693 1401 292 750 1032 607 144 47 463
internal_count=17444 12410 5034 1955 2175 2154 2134 262 2859 2112 1991 1062 868 140 1335 10455 53 728 162 87 777 1693 1401 292 750 1032 607 144 47 463
is_linear=0
shrinkage=0.1


Tree=24
num_leaves=31
num_cat=0
split_feature=5 5 22 11 24 2 5 6 25 6 20 12 8 18 18 12 8 6 18 25 24 18 0 2 12 23 22 7 24 8
split_gain=7.8843e+06 1.15121e+06 291276 282188 269171 303381 255961 148292 162926 135549 129743 126065 119186 115916 116886 108219 107424 140080 101880 87625.1 168452 96538.4 81297 77515.9 75978.7 72771.4 72262.1 71602.6 70945 68850.1
threshold=242.50000000000003 566.50000000000011 0.45000000000000007 41.500000000000007 526.00000000000011 0.99966190462023474 800.50000000000011 23.500000000000004 59.038461538461547 85.500000000000014 89.500000000000014 5.5000000000000009 65.500000000000014 46.500000000000007 38.000000000000007 2.5000000000000004 49.500000000000007 68.500000000000014 5.5000000000000009 68.57692307692308 771.50000000000011 30.500000000000004 0.37940952255126054 0.69056404122701587 31.500000000000004 268.96153846153851 0.55000000000000016 17.350000000000005 819.50000000000011 32.500000000000007
decision_type=2 2 2 2 2 2 2 2 2 2 2 2 2 2 2 2 2 2 2 2 2 2 2 2 2 2 2 2 2 2
left_child=3 7 4 -1 -3 6 15 18 11 -5 19 25 29 14 24 -6 -17 -18 -2 20 21 -10 -14 -21 -11 -9 -20 -12 -19 -13
right_child=1 2 -4 9 5 -7 -8 8 10 13 27 12 22 -15 -16 16 17 28 26 23 -22 -23 -24 -25 -26 -27 -28 -29 -30 -31
leaf_value=-1.7937501684298185 1.597570542114207 -4.784955101460219 -6.2901039967170131 -0.91459083351980164 2.9418720572179322 -7.5435477756318594 5.6541657383502377 -2.7275910728892616 6.1210111999511723 -0.29561279972722709 -0.57112114787101742 -2.6966404828158295 6.8371817885339254 -1.2347104379816072 7.6689453881127498 2.8123386797276648 4.6240937112472835 5.8891316719544244 -0.12421299833189228 0.87494316522938176 -8.5735740562280025 -1.5702450478330574 2.8997018747986893 4.6362518781903148 3.2128462596722538 1.8884016822552288 5.1406060907575828 -9.0329536962509156 11.747021102905274 3.0486359620568764
leaf_weight=9254 949 32 26 1680 843 21 1198 43 25 121 20 22 160 143 35 277 630 39 757 148 24 47 78 87 126 166 27 20 44 402
leaf_count=9254 949 32 26 1680 843 21 1198 43 25 121 20 22 160 143 35 277 630 39 757 148 24 47 78 87 126 166 27 20 44 402
internal_value=2.19316e-08 2.90468 4.24995 -1.55603 4.33881 4.43447 4.51746 1.49836 2.33234 -0.51098 0.577418 3.07984 3.75582 1.08447 2.26051 3.77454 4.48358 5.13285 0.90067 1.2275 -1.31815 1.10033 5.54675 2.26743 1.49413 0.9387 0.0571009 -4.80204 8.99452 2.75053
internal_weight=17444 6085 3110 11359 3084 3052 3031 2975 1242 2105 371 871 662 425 282 1833 990 713 1733 331 96 72 238 235 247 209 784 40 83 424
internal_count=17444 6085 3110 11359 3084 3052 3031 2975 1242 2105 371 871 662 425 282 1833 990 713 1733 331 96 72 238 235 247 209 784 40 83 424
is_linear=0
shrinkage=0.1


Tree=25
num_leaves=31
num_cat=0
split_feature=5 5 11 2 23 23 6 6 1 18 12 1 20 13 13 19 7 5 18 19 2 12 8 2 3 12 9 14 25 3
split_gain=6.441e+06 657290 558516 248142 191271 305716 153171 126573 121738 116558 118764 115075 98977.8 92037 214803 259890 409253 90485.4 88559.6 83523.3 79510.3 75787.4 89453.6 79304.5 74562.4 73351.4 71348.6 70913.7 73853.1 70889.8
threshold=389.50000000000006 105.50000000000001 755.50000000000011 0.99983759474438971 351.26923076923083 349.15384615384625 61.500000000000007 39.500000000000007 -0.60355339059327384 11.500000000000002 98.500000000000014 -0.9159756150367534 89.500000000000014 18.650000000000002 21.650000000000002 20.250000000000004 20.750000000000004 759.50000000000011 99.500000000000014 16.850000000000005 0.75014288946266361 1.5000000000000002 60.500000000000007 0.29342972903661901 1.0000000180025095e-35 17.500000000000004 0.44500000000000006 57.500000000000007 19.730769230769237 -0.53495380374625956
decision_type=2 2 2 2 2 2 2 2 2 2 2 2 2 2 2 2 2 2 2 2 2 2 2 2 2 2 2 2 2 2
left_child=1 8 3 4 5 11 17 18 -1 10 -9 20 29 24 15 16 -15 -6 -3 -20 -2 22 23 -13 -4 -8 -16 28 -19 -11
right_child=2 7 13 -5 6 -7 25 9 -10 12 -12 21 -14 14 26 -17 -18 27 19 -21 -22 -23 -24 -25 -26 -27 -28 -29 -30 -31
leaf_value=4.253527537981669 2.0648121958557364 -0.05121072536862932 10.379434437654457 -8.476287832714263 2.5138222750978567 -10.858509900569917 3.1505813877249875 1.7892184655548951 -1.5720298671716666 5.1734276784188822 6.5908263918012384 -2.5756756862656016 -4.6669560801338505 2.7922617648510224 10.392137154288914 5.5450056499905065 -12.009495050676408 5.7757918027731092 -5.692727713074003 -0.32286427776018778 5.7118827565149832 1.1176258396643859 -7.6111096913164324 3.7040988846619927 3.9105672427586153 6.8561795900899476 4.7743071792567049 7.1188118661506268 -2.197489951338087 0.37091446672732542
leaf_weight=36 634 1559 49 21 1740 20 86 264 10050 33 64 61 37 47 23 63 31 26 56 60 66 325 22 30 28 141 1324 79 21 448
leaf_count=36 634 1559 49 21 1740 20 86 264 10050 33 64 61 37 47 23 63 31 26 56 60 66 325 22 30 28 141 1324 79 21 448
internal_value=-4.44682e-08 -1.19024 3.10221 2.35905 2.42905 1.39784 2.99959 0.254018 -1.55124 1.25104 2.72612 1.61324 0.317018 4.65595 4.4815 0.767924 -3.09049 2.70121 -0.249554 -2.91521 2.40868 0.341988 -1.88883 -0.50542 8.02712 5.4523 4.87023 5.28896 2.21326 0.700401
internal_weight=17444 12607 4837 3272 3251 1158 2093 2521 10086 846 328 1138 518 1565 1488 141 78 1866 1675 116 700 438 113 91 77 227 1347 126 47 481
internal_count=17444 12607 4837 3272 3251 1158 2093 2521 10086 846 328 1138 518 1565 1488 141 78 1866 1675 116 700 438 113 91 77 227 1347 126 47 481
is_linear=0
shrinkage=0.1


Tree=26
num_leaves=31
num_cat=0
split_feature=11 11 5 12 3 22 20 1 11 5 23 24 12 15 18 3 20 20 3 6 0 9 3 12 2 12 0 25 1 19
split_gain=5.23459e+06 499667 498021 149393 147368 127226 136126 118747 113845 109135 100615 99240.7 96018.5 109711 95202.4 99344.4 145095 193966 147219 107302 103437 115737 96736.1 96212.3 111618 88427.2 85747.1 84288.8 81262.8 80022.1
threshold=368.50000000000006 673.50000000000011 153.50000000000003 99.500000000000014 -0.28519997588938989 0.25000000000000006 82.500000000000014 -0.5 870.50000000000011 759.50000000000011 242.57692307692312 809.50000000000011 1.5000000000000002 0.49500000000000005 19.500000000000004 0.71952396275653763 80.500000000000014 73.500000000000014 0.75438814418115718 1.5000000000000002 0.37940952255126054 0.19500000000000003 0.83258597624099873 63.500000000000007 0.99466373373798567 1.0000000180025095e-35 1.0000000180025095e-35 59.576923076923087 -0.78656609248549325 13.850000000000003
decision_type=2 2 2 2 2 2 2 2 2 2 2 2 2 2 2 2 2 2 2 2 2 2 2 2 2 2 2 2 2 2
left_child=2 9 -1 10 7 6 8 -5 12 14 29 -6 13 25 23 20 17 19 -18 -17 21 -16 -19 24 -2 -3 -14 -28 -12 -4
right_child=1 5 3 4 11 -7 -8 -9 -10 -11 28 -13 26 -15 15 16 18 22 -20 -21 -22 -23 -24 -25 -26 -27 27 -29 -30 -31
leaf_value=-1.3772248113732108 1.9962556909896116 1.3529183057546617 0.15767296136853226 11.369917710622152 2.2231204521423455 -3.883785474868048 -4.2739921665191654 2.2286568524660888 5.0403160240034204 6.52964853474072 3.9192758647222372 -3.7202599249102857 5.0481263090291471 3.2411866520288926 9.8965650081634529 -4.8470966204520201 -5.7311612653732302 -0.90848650591714053 3.5414340629046706 1.80725498070588 -0.11513138482319051 2.2734940924445275 -8.1072994828224179 3.9434965368304682 -5.0216339733289637 -5.0050564416817265 3.5767741179115635 -1.2579127788543703 0.23810125460061893 -2.8076001043096186
leaf_weight=10455 1548 100 167 30 189 21 20 27 718 49 63 33 488 503 21 31 20 28 119 111 199 386 56 268 23 28 255 42 1246 200
leaf_count=10455 1548 100 167 30 189 21 20 27 718 49 63 33 488 503 21 31 20 28 119 111 199 386 56 268 23 28 255 42 1246 200
internal_value=1.27977e-08 2.71987 -1.10329 0.361674 2.5042 3.86212 3.93763 7.03985 4.01459 1.85089 0.00501188 1.33964 3.49449 2.57602 1.76931 0.968272 -0.335051 -1.89868 2.20725 0.354544 1.75328 2.66682 -5.7077 2.19226 1.89351 -0.0378887 4.23278 2.89308 0.41527 -1.45828
internal_weight=17444 5034 12410 1955 279 2175 2154 57 2134 2859 1676 222 1416 631 2810 971 365 226 139 142 606 407 84 1839 1571 128 785 297 1309 367
internal_count=17444 5034 12410 1955 279 2175 2154 57 2134 2859 1676 222 1416 631 2810 971 365 226 139 142 606 407 84 1839 1571 128 785 297 1309 367
is_linear=0
shrinkage=0.1


Tree=27
num_leaves=31
num_cat=0
split_feature=5 5 11 2 1 23 18 10 17 20 2 2 23 21 23 19 17 20 12 18 6 19 7 12 18 12 12 22 14 20
split_gain=4.24609e+06 499331 318466 225863 135094 143356 119583 107860 112493 95770.9 110252 177554 347489 225112 120374 154868 111027 125989 140882 123440 94674.1 95787.1 279748 94953.3 92308.1 103499 88673.7 238967 135130 83895.2
threshold=412.50000000000006 83.500000000000014 755.50000000000011 0.99983759474438971 -0.9159756150367534 355.23076923076928 16.500000000000004 1.0000000180025095e-35 287.50000000000006 37.500000000000007 0.98213580174693105 0.9550229469509578 349.15384615384625 0.12500000000000003 303.69230769230779 11.050000000000002 2.5000000000000004 81.500000000000014 16.500000000000004 99.500000000000014 1.0000000180025095e-35 22.350000000000005 22.150000000000002 17.500000000000004 18.500000000000004 40.500000000000007 16.500000000000004 1.0000000180025095e-35 68.500000000000014 67.500000000000014
decision_type=2 2 2 2 2 2 2 2 2 2 2 2 2 2 2 2 2 2 2 2 2 2 2 2 2 2 2 2 2 2
left_child=1 -1 3 6 5 -3 7 -2 -9 -8 11 14 -13 -14 15 -11 17 18 29 -18 21 22 -16 -22 25 -6 27 28 -4 -17
right_child=2 4 26 -5 24 -7 9 8 -10 10 -12 12 13 -15 20 16 19 -19 -20 -21 23 -23 -24 -25 -26 -27 -28 -29 -30 -31
leaf_value=-1.2774242166616514 2.2855268654102043 1.6994777748914989 3.7534520712925259 -8.5822044086456302 0.070111903130548506 9.75076393714318 5.9402914593859419 3.2219107504387008 8.4432103839413877 6.3396687395432423 3.9328835856496243 3.9260291372026717 -3.3556611431056056 -16.9505556004388 3.4396489249335396 -1.2365287785439991 -0.85977205933692558 3.5397334959403972 1.0116373141288759 -8.9552087622304111 1.2986087969371252 2.3671741997062319 -11.751415771787817 5.0926877734830249 -0.71783285082240733 1.9299430386395515 5.2685493613474641 -5.7455273423876081 -3.5338584661483767 -7.5992585346102715
leaf_weight=9854 1791 148 1194 20 1394 26 41 143 58 34 114 35 29 21 27 43 48 81 125 31 119 71 22 148 1038 381 314 28 26 40
leaf_count=9854 1791 148 1194 20 1394 26 41 143 58 34 114 35 29 21 27 43 48 81 125 31 119 71 22 148 1038 381 314 28 26 40
internal_value=1.89294e-08 -0.934099 2.60586 2.00972 0.198519 2.90254 2.07985 2.53204 4.72855 1.20447 1.00794 0.626426 -3.71606 -9.06552 1.09425 -0.117661 -0.714262 0.193882 -1.10907 -4.03646 2.35313 0.0200729 -3.38083 3.40169 0.0312598 0.469321 3.76645 3.38851 3.59815 -4.3029
internal_weight=17444 12841 4603 3041 2987 174 3021 1992 201 1029 988 874 85 50 789 402 368 289 208 79 387 120 49 267 2813 1775 1562 1248 1220 83
internal_count=17444 12841 4603 3041 2987 174 3021 1992 201 1029 988 874 85 50 789 402 368 289 208 79 387 120 49 267 2813 1775 1562 1248 1220 83
is_linear=0
shrinkage=0.1


Tree=28
num_leaves=31
num_cat=0
split_feature=5 11 2 22 24 5 11 12 10 2 1 6 23 12 14 2 2 3 22 9 24 8 0 3 12 23 20 14 12 24
split_gain=3.46941e+06 526004 173270 268734 225230 134688 107416 98443 95972.9 143345 181661 94041.2 108066 105656 111500 169005 124919 94347.3 85373.8 80646.8 78467.9 76075.2 71243.2 107879 134325 80407.8 67282.8 69753.3 65406.4 111346
threshold=242.50000000000003 586.50000000000011 0.99983759474438971 0.35000000000000003 488.50000000000006 14.500000000000002 862.50000000000011 3.5000000000000004 0.15000000000000005 0.69056404122701587 -0.5 13.500000000000002 173.65384615384619 10.500000000000002 49.500000000000007 0.9550229469509578 0.87397152483179585 0.98332250088165762 1.0000000180025095e-35 0.29500000000000004 279.50000000000006 50.500000000000007 0.37940952255126054 -0.28519997588938989 99.500000000000014 432.69230769230774 64.500000000000014 65.500000000000014 53.500000000000007 879.00000000000011
decision_type=2 2 2 2 2 2 2 2 2 2 2 2 2 2 2 2 2 2 2 2 2 2 2 2 2 2 2 2 2 2
left_child=5 11 3 4 -3 -1 7 -6 -7 -10 -11 19 20 17 15 16 -15 -14 26 -2 -13 28 23 24 -16 -25 -8 -28 -9 -30
right_child=1 2 -4 -5 6 8 18 21 9 10 -12 12 13 14 22 -17 -18 -19 -20 -21 -22 -23 -24 25 -26 -27 27 -29 29 -31
leaf_value=-1.2192967089878115 -0.19005377182307892 -6.5986018439133964 -6.3780939865112307 -7.8043653508891229 2.0799853690875305 -0.57364492976710058 4.7318678404003514 3.0516829321971923 -0.16368258133866734 11.837813511601201 1.1099405931799036 3.6697527770996099 0.85466170778013262 0.61526130857955985 3.8119851406882788 -6.3300430178642273 8.8012587904930122 -5.4954396803379062 10.580072784423828 1.208211451188089 -2.6409170627593994 4.0184804710315287 1.5180070903243088 3.325376493300904 12.244842065175376 -2.0253290557861328 3.2728091139172157 -2.1435837791516232 -2.5548944381872811 5.5043616771698005
leaf_weight=8770 820 24 20 23 1060 2391 454 209 133 27 38 25 365 166 51 32 21 25 20 830 93 713 246 440 30 30 278 26 60 24
leaf_count=8770 820 24 20 23 1060 2391 454 209 133 27 38 25 365 166 51 32 21 25 20 830 93 713 246 440 30 30 278 26 60 24
internal_value=6.24857e-11 1.92683 2.89767 2.96184 3.04818 -1.0322 3.12959 2.75246 -0.398438 1.71732 5.56613 1.03644 1.60282 1.84677 2.38385 0.385381 1.53454 0.447604 4.13108 0.513316 -1.30391 3.46102 2.93299 3.56472 6.93527 2.98384 3.96092 2.80956 2.10448 -0.25225
internal_weight=17444 6085 2911 2891 2868 11359 2844 2066 2589 198 65 3174 1524 1406 1016 219 187 390 778 1650 118 1006 797 551 81 470 758 304 293 84
internal_count=17444 6085 2911 2891 2868 11359 2844 2066 2589 198 65 3174 1524 1406 1016 219 187 390 778 1650 118 1006 797 551 81 470 758 304 293 84
is_linear=0
shrinkage=0.1


Tree=29
num_leaves=31
num_cat=0
split_feature=11 11 5 2 24 16 22 1 19 11 25 1 3 19 12 3 19 13 2 18 21 19 25 11 12 7 19 12 14 25
split_gain=2.81356e+06 275806 273133 142675 220999 92991.4 102804 92200.2 103385 91639.8 75636.4 73003.5 132284 68777.8 68529.1 97406.9 86694.9 112267 156284 66229.7 65611.9 105045 113975 61393.4 60504.9 82694.2 60009.8 58304 96947.3 73042.2
threshold=368.50000000000006 607.50000000000011 185.50000000000003 0.99983759474438971 488.50000000000006 1.0000000180025095e-35 0.25000000000000006 -0.9159756150367534 15.850000000000003 927.50000000000011 90.230769230769241 -0.60355339059327384 0.7074720817434873 14.850000000000003 1.5000000000000002 0.65720762023595369 11.65 16.050000000000004 0.19337368024598436 31.500000000000004 0.13500000000000004 15.15 53.269230769230781 166.50000000000003 99.500000000000014 16.950000000000003 13.050000000000002 2.5000000000000004 67.500000000000014 18.80769230769231
decision_type=2 2 2 2 2 2 2 2 2 2 2 2 2 2 2 2 2 2 2 2 2 2 2 2 2 2 2 2 2 2
left_child=2 14 11 4 -3 6 9 8 13 10 27 12 -1 -4 20 24 -17 18 -18 23 21 -2 -23 -9 -16 -26 -19 28 29 -6
right_child=1 3 7 -5 5 -7 -8 19 -10 -11 -12 -13 -14 -15 15 16 17 26 -20 -21 -22 22 -24 -25 25 -27 -28 -29 -30 -31
leaf_value=8.6997700520924166 1.2932603056083207 -7.0236125655796222 2.9725104100174375 -5.7402846908569343 2.5586196703836324 4.9840209247212153 -4.306758045014881 3.4576263236148019 8.6368555894264798 4.389943342044436 7.7581830130683045 -1.0208219127925005 -0.10527712368703152 -3.5316270351409913 1.9303828429267957 3.7731762174102998 2.3970067154744576 -3.2425013181141447 -6.8650407080747646 -0.84674802628033974 1.1910900657734727 -1.0466485808864772 -7.431304548808507 0.39742900004235371 10.302540755271913 3.0656216900348667 1.0871556783040366 2.9989424671777716 -3.8574412720544 0.713829061722422
leaf_weight=21 148 23 72 20 860 185 21 70 26 290 27 10625 91 21 864 72 29 35 49 451 466 139 35 1033 20 75 375 987 28 286
leaf_count=21 148 23 72 20 860 185 21 70 26 290 27 10625 91 21 864 72 29 35 49 451 466 139 35 1033 20 75 375 987 28 286
internal_value=-1.22162e-08 1.99404 -0.808864 2.67485 2.73703 2.82067 2.66052 0.379623 3.06231 2.71956 2.49817 -0.99405 1.54567 1.50383 1.18929 1.58184 0.533912 0.0559878 -3.42146 0.174192 0.432577 -0.665147 -2.33092 0.591639 2.19377 4.58918 0.717551 2.43245 1.95618 2.09823
internal_weight=17444 5034 12410 2727 2707 2684 2499 1673 119 2478 2188 10737 112 93 2307 1519 560 488 78 1554 788 322 174 1103 959 95 410 2161 1174 1146
internal_count=17444 5034 12410 2727 2707 2684 2499 1673 119 2478 2188 10737 112 93 2307 1519 560 488 78 1554 788 322 174 1103 959 95 410 2161 1174 1146
is_linear=0
shrinkage=0.1


Tree=30
num_leaves=31
num_cat=0
split_feature=11 11 5 2 16 18 12 1 22 3 20 6 9 12 10 20 3 13 13 17 2 9 24 24 3 20 23 24 20 2
split_gain=2.27898e+06 229621 221238 108822 113740 113938 96868.5 92817.9 81382.2 105649 162449 117628 106901 89013.9 78408.8 118410 76000.5 75108.4 152562 201148 393113 119196 75187.1 152278 68337.9 64819.1 60171.9 81536.7 82081.9 257318
threshold=368.50000000000006 755.50000000000011 185.50000000000003 0.99983759474438971 1.0000000180025095e-35 16.500000000000004 97.500000000000014 -0.9159756150367534 0.45000000000000007 0.83258597624099873 80.500000000000014 1.5000000000000002 0.19500000000000003 46.500000000000007 1.0000000180025095e-35 58.500000000000007 -0.67168186667784702 18.650000000000002 21.750000000000004 337.50000000000006 0.8697513045430848 0.41500000000000004 827.50000000000011 886.50000000000011 1.0000000180025095e-35 73.500000000000014 207.42307692307693 504.50000000000006 60.500000000000007 0.9550229469509578
decision_type=2 2 2 2 2 2 2 2 2 2 2 2 2 2 2 2 2 2 2 2 2 2 2 2 2 2 2 2 2 2
left_child=2 3 -1 4 5 7 -6 -2 9 12 11 -11 -7 -12 -4 -16 -9 24 19 20 -19 -20 -22 -24 -3 -13 -14 -28 29 -29
right_child=1 17 14 -5 6 8 -8 16 -10 10 13 25 26 -15 15 -17 -18 18 21 -21 22 -23 23 -25 -26 -27 27 28 -30 -31
leaf_value=-0.89464520577658702 2.7282565238644514 8.0392837600708003 0.068344697852606731 -6.0167529869079592 2.3625645072746213 7.4581951580047603 7.0498565355539329 2.0005570378973387 -4.5065112226149617 -8.5036772191524506 4.6933551302143171 -0.0077165673448614872 5.8434877976127293 -3.1781516891717914 7.3236154317855835 1.0790049530719359 0.54792349151077091 -14.634009025210426 10.110625355140023 6.951460971832276 4.8132032539163321 2.8495146643468794 -6.5826548299481793 2.7051339893806272 1.937451636380163 -4.9384824170952761 -4.9631439943313609 1.0351054898146037 1.633205137351057 -7.1149152950364725
leaf_weight=10737 537 50 1443 20 373 25 50 646 34 34 51 73 23 20 36 194 814 21 23 30 28 1325 31 41 29 42 25 185 455 49
leaf_count=10737 537 50 1443 20 373 25 50 646 34 34 51 73 23 20 36 194 814 21 23 30 28 1325 31 41 29 42 25 185 455 49
internal_value=1.81501e-08 1.79464 -0.727978 1.33827 1.38108 1.1655 2.91662 1.60413 0.303367 0.4699 -1.46048 -3.33627 1.02723 2.47603 0.341661 2.05642 1.19066 2.79414 2.63576 -0.378493 -2.19584 2.97341 0.416179 -1.29378 5.79937 -1.80852 0.809082 0.64691 0.850467 -0.671523
internal_weight=17444 5034 12410 3456 3436 3013 423 1997 1016 982 220 149 762 71 1673 230 1460 1578 1499 151 121 1348 100 72 79 115 737 714 689 234
internal_count=17444 5034 12410 3456 3436 3013 423 1997 1016 982 220 149 762 71 1673 230 1460 1578 1499 151 121 1348 100 72 79 115 737 714 689 234
is_linear=0
shrinkage=0.1


Tree=31
num_leaves=31
num_cat=0
split_feature=5 5 24 22 21 7 6 19 12 14 2 2 0 25 17 3 24 7 2 25 2 18 16 16 1 2 6 11 18 2
split_gain=1.85826e+06 229935 148759 158034 139746 279306 109712 102423 129199 111238 89730 143972 133012 130050 85480.5 566715 99329.5 108500 100293 84139.5 80224.5 99289.3 97262 76098.3 74387.4 73686.4 72104.3 70062 65892.4 115220
threshold=412.50000000000006 18.500000000000004 864.50000000000011 0.25000000000000006 0.27500000000000008 28.250000000000004 39.500000000000007 16.850000000000005 6.5000000000000009 70.500000000000014 0.97508442350096236 0.97112537654464559 0.25881904510252091 35.461538461538474 161.50000000000003 -0.10837475778693638 755.50000000000011 19.350000000000005 0.86113431103781346 81.269230769230788 0.21022171450811275 55.500000000000007 1.0000000180025095e-35 0.15000000000000005 -0.70710678118654757 0.99966190462023474 20.500000000000004 927.50000000000011 5.5000000000000009 0.9550229469509578
decision_type=2 2 2 2 2 2 2 2 2 2 2 2 2 2 2 2 2 2 2 2 2 2 2 2 2 2 2 2 2 2
left_child=1 -1 4 7 10 -6 25 -4 9 27 11 14 19 -14 15 -2 -16 -18 -19 23 -8 22 -22 -12 26 -3 -10 -9 -17 -30
right_child=2 6 3 -5 5 -7 20 8 24 -11 12 -13 13 -15 16 28 17 18 -20 -21 21 -23 -24 -25 -26 -27 -28 -29 29 -31
leaf_value=-0.90071907412200758 -14.499304874241354 -0.30088034779804784 -3.5185743808746341 -5.7719515899817146 -13.202998909354211 2.2697331752095904 -0.11555774406345032 1.7553630957139696 3.210224436963879 -3.9049613476730887 4.5624812387095561 -7.1927364505472644 -5.1156204372644432 2.9336600653979246 6.4248854805441473 1.798114153942137 8.6330819520083342 1.8199292842343202 -4.4680872643435441 9.605453823230885 1.6517459608614447 -0.22997782933139385 5.4133768233010571 -1.165946323956762 1.9049486938863993 -6.3934078896045685 5.5811139034115991 3.6609891241554608 0.66560749741870673 -5.2760779801537012
leaf_weight=8877 24 2673 29 24 20 28 559 1225 318 32 135 21 34 49 51 598 22 419 27 27 400 229 83 28 200 20 215 229 814 34
leaf_count=8877 24 2673 29 24 20 28 559 1225 318 32 135 21 34 49 51 598 22 419 27 27 400 229 83 28 200 20 215 229 814 34
internal_value=-6.6072e-09 -0.617947 1.72389 2.29971 1.16264 -4.17724 0.0152941 2.38589 2.46305 1.92714 1.27491 1.04386 2.97602 -0.363636 1.13083 0.741297 2.23412 1.77744 1.43926 4.43492 0.781075 1.48503 2.29815 3.57846 3.5495 -0.346127 4.16659 2.05549 0.994253 0.42738
internal_weight=17444 12841 4603 2272 2331 48 3964 2248 2219 1486 2283 2010 273 83 1989 1470 519 468 446 190 1271 712 483 163 733 2693 533 1454 1446 848
internal_count=17444 12841 4603 2272 2331 48 3964 2248 2219 1486 2283 2010 273 83 1989 1470 519 468 446 190 1271 712 483 163 733 2693 533 1454 1446 848
is_linear=0
shrinkage=0.1


Tree=32
num_leaves=31
num_cat=0
split_feature=5 11 22 23 24 2 5 25 7 25 3 2 20 6 2 1 6 23 14 24 12 3 23 18 19 13 14 24 25 22
split_gain=1.52436e+06 232354 110509 101380 187252 176883 70394.9 65736 68987.8 65957.4 77183 239419 101839 69145.4 65604.1 84144.3 64810 80628.1 72617.5 101915 68380 80286 141137 125527 103707 75995.5 63012.4 62228.8 60484.7 66706.8
threshold=242.50000000000003 586.50000000000011 0.45000000000000007 209.2692307692308 546.50000000000011 0.99966190462023474 3.5000000000000004 0.80769230769230782 21.225000000000005 90.230769230769241 0.18281312110578132 0.9550229469509578 78.500000000000014 1.5000000000000002 -0.35041564478062465 -0.9159756150367534 13.500000000000002 173.65384615384619 36.500000000000007 771.50000000000011 15.500000000000002 -0.28519997588938989 431.69230769230779 38.000000000000007 20.650000000000002 20.350000000000005 68.500000000000014 279.50000000000006 13.692307692307695 0.55000000000000016
decision_type=2 2 2 2 2 2 2 2 2 2 2 2 2 2 2 2 2 2 2 2 2 2 2 2 2 2 2 2 2 2
left_child=6 16 3 -3 -5 7 -1 8 -6 10 12 -12 13 26 -8 -16 28 27 19 -19 -20 24 -23 -24 25 -22 -9 -18 -2 -30
right_child=1 2 -4 4 5 -7 14 9 -10 -11 11 -13 -14 -15 15 -17 17 18 20 -21 21 22 23 -25 -26 -27 -28 -29 29 -31
leaf_value=-0.83012636739479506 0.82512432105444855 9.0687056827545174 -5.485307638645172 -7.0624832329542748 7.7296955305954516 -7.3743953704833984 -0.8731925587074898 1.3022011701412404 2.7354448127582121 6.6283011215073735 1.2259775392469088 -7.9097558811306961 5.9062560051679611 2.362418614880224 4.6441957962512976 0.0063246486012127484 3.074071243286133 0.40630783393818848 0.51398049349737607 -7.1622890653935345 4.8161831455826762 2.0819817067782398 0.96165560664132588 -7.3860890507698063 2.0161710780527855 11.984684989565896 -3.1689276828910367 -2.5457857354674291 -0.54849530935513557 4.9180400848388679
leaf_weight=8454 869 20 20 23 29 20 1089 703 598 28 277 32 64 1064 40 1776 25 93 410 22 50 628 43 31 108 21 33 93 758 23
leaf_count=8454 869 20 20 23 29 20 1089 703 598 28 277 32 64 1064 40 1776 25 93 410 22 50 628 43 31 108 21 33 93 758 23
internal_value=-2.39295e-08 1.27721 1.92245 1.9737 1.92428 1.99685 -0.684197 2.06313 2.96644 1.8058 1.74366 0.279882 1.98631 1.84694 -0.25952 0.10848 0.685423 1.15561 1.36632 -1.0416 1.58082 2.0773 1.59525 -2.53537 3.96779 6.93644 1.10173 -1.35514 0.251145 -0.387509
internal_weight=17444 6085 2911 2891 2871 2848 11359 2828 627 2201 2173 309 1864 1800 2905 1816 3174 1524 1406 115 1291 881 702 74 179 71 736 118 1650 781
internal_count=17444 6085 2911 2891 2871 2848 11359 2828 627 2201 2173 309 1864 1800 2905 1816 3174 1524 1406 115 1291 881 702 74 179 71 736 118 1650 781
is_linear=0
shrinkage=0.1


Tree=33
num_leaves=31
num_cat=0
split_feature=5 11 17 2 2 2 8 25 24 8 13 19 8 4 10 20 22 10 21 5 23 18 19 19 2 20 13 13 13 6
split_gain=1.2357e+06 147132 106205 95612.7 96004.6 506648 417501 90141.1 110340 109869 138003 172473 128884 84024.2 109456 95927.9 79810.2 81602 94099.7 93796 143988 74728.6 74123.7 58330.8 57835.4 57531.6 74596.8 73953 74387.6 54532.6
threshold=412.50000000000006 52.500000000000007 371.50000000000006 0.99983759474438971 0.86548282553247169 0.85226249403558707 60.500000000000007 1.0384615384615385 731.50000000000011 48.500000000000007 18.450000000000003 16.950000000000003 42.500000000000007 7.5000000000000009 0.55000000000000016 56.500000000000007 0.45000000000000007 1.0000000180025095e-35 0.055000000000000007 780.50000000000011 571.00000000000011 19.500000000000004 22.150000000000002 22.250000000000004 0.98213580174693105 69.500000000000014 12.050000000000002 14.65 15.550000000000002 1.0000000180025095e-35
decision_type=2 2 2 2 2 2 2 2 2 2 2 2 2 2 2 2 2 2 2 2 2 2 2 2 2 2 2 2 2 2
left_child=1 -1 3 4 5 16 -7 -6 -9 10 24 -12 -13 14 21 -16 17 19 -19 20 25 -3 -11 -21 -10 26 -2 -27 -29 -4
right_child=2 13 29 -5 7 6 -8 8 9 22 11 12 -14 -15 15 -17 -18 18 -20 23 -22 -23 -24 -25 -26 27 -28 28 -30 -31
leaf_value=-0.70655955943343696 -3.6544748729275121 0.81604134799776495 1.5511158403768865 -4.4195584574053361 5.5366691984449119 0.40564733418551358 -18.666102576255799 4.2978728958900936 0.53400707106818179 2.5579297021223351 -8.6985134310192542 2.9277066831787426 -5.190579891204834 -0.5149292008956452 9.8898938605189333 2.1657462749766507 -3.6252030808271636 0.51190675836263433 4.7526020114243037 4.7751779938397343 -7.1015426814556122 -0.49633498000501097 -3.2980441912360812 1.7047963722182318 5.8050273247559865 3.7658738791942596 1.3278072253863522 -6.3074492800235751 -0.10895618700695904 2.8589631282089929
leaf_weight=9453 31 1136 662 31 70 22 24 141 68 359 36 48 33 1448 20 82 36 90 125 73 24 702 23 406 30 48 982 20 606 615
leaf_count=9453 31 1136 662 31 70 22 24 141 68 359 36 48 33 1448 20 82 36 90 125 73 24 702 23 406 30 48 982 20 606 615
internal_value=-1.87077e-09 -0.503912 1.40577 1.10813 1.16014 0.852464 -9.54483 2.10714 1.78184 1.1876 -0.620662 -2.93936 -0.379743 0.0615016 0.491745 3.68029 1.0484 1.11836 2.97743 0.935846 0.589577 0.314796 2.20534 2.17273 2.14758 0.698994 1.17534 -0.0169354 -0.306991 2.18097
internal_weight=17444 12841 4603 3326 3295 2487 46 808 738 597 215 117 81 3388 1940 102 2441 2405 215 2190 1711 1838 382 479 98 1687 1013 674 626 1277
internal_count=17444 12841 4603 3326 3295 2487 46 808 738 597 215 117 81 3388 1940 102 2441 2405 215 2190 1711 1838 382 479 98 1687 1013 674 626 1277
is_linear=0
shrinkage=0.1


Tree=34
num_leaves=31
num_cat=0
split_feature=5 11 23 2 23 12 21 10 23 21 1 7 24 13 13 0 19 12 13 8 8 9 7 25 17 20 21 19 2 23
split_gain=1.0164e+06 156364 123167 129088 125819 66507.8 60829.7 63207.5 62302.9 57574 100616 76710.5 60966.2 54848.8 87503.3 146318 132837 57959.3 80793.1 54029.4 47545.3 49148.1 53723.9 47239.1 126759 152764 92543.1 68273.2 68002.6 56377.7
threshold=242.50000000000003 607.50000000000011 238.7692307692308 0.99939377080793557 261.84615384615387 99.500000000000014 0.32500000000000007 1.0000000180025095e-35 519.57692307692321 0.16500000000000004 -0.5 19.650000000000002 799.50000000000011 18.550000000000004 20.950000000000003 1.0000000180025095e-35 20.250000000000004 65.500000000000014 25.550000000000004 65.500000000000014 56.500000000000007 0.22500000000000003 16.850000000000005 21.26923076923077 342.50000000000006 60.500000000000007 0.23500000000000001 20.550000000000004 -0.78326540922535159 326.80769230769232
decision_type=2 2 2 2 2 2 2 2 2 2 2 2 2 2 2 2 2 2 2 2 2 2 2 2 2 2 2 2 2 2
left_child=-1 5 -3 4 -4 -2 7 13 -9 12 11 -11 20 -6 15 -15 -17 23 -19 -14 -7 -22 -23 27 28 -26 -27 -16 29 -25
right_child=1 2 3 -5 6 9 -8 8 -10 10 -12 -13 19 14 17 16 -18 18 -20 -21 21 22 -24 24 25 26 -28 -29 -30 -31
leaf_value=-0.55868800168077914 0.43428308910515434 8.2057587657655997 -6.2942350864410406 -5.4731194349435661 2.8822178390756927 0.10227500027481547 2.8082880141678026 1.9468744174943957 5.8139919803988551 11.274136247418143 -1.0386616249879201 3.4999096858501435 -5.2575395998954777 1.2774969399559732 -3.644353302001953 -8.5764421326941562 0.80929912376403823 6.1079289201004761 0.38788178895795067 1.7157250124961139 0.66868432047111659 8.1731324478431997 2.8287053044765229 -4.0108393531579241 -8.7928853423507132 -6.0050139660835269 0.75869394620915631 1.6379232033096791 3.4772341844805505 1.1412350798643933
leaf_weight=11359 3010 28 20 26 199 94 397 127 62 22 24 30 25 102 25 38 25 58 43 20 56 27 62 26 27 25 106 1151 114 116
leaf_count=11359 3010 28 20 26 199 94 397 127 62 22 24 30 25 102 25 38 25 58 43 20 56 27 62 26 27 25 106 1151 114 116
internal_value=2.79936e-09 1.04291 1.60768 1.53893 1.60744 0.587918 1.66728 1.46541 3.21545 1.87247 4.31711 6.78901 1.21828 1.30446 1.13529 -1.06283 -4.85194 1.34978 3.67266 -2.15831 1.85404 2.98966 4.45005 1.20222 0.283561 -1.94374 -0.53209 1.52563 1.65823 0.197898
internal_weight=17444 6085 2715 2687 2661 3370 2641 2244 189 360 76 52 284 2055 1856 165 63 1691 101 45 239 145 89 1590 414 158 131 1176 256 142
internal_count=17444 6085 2715 2687 2661 3370 2641 2244 189 360 76 52 284 2055 1856 165 63 1691 101 45 239 145 89 1590 414 158 131 1176 256 142
is_linear=0
shrinkage=0.1


Tree=35
num_leaves=31
num_cat=0
split_feature=1 17 5 10 2 22 18 19 8 25 25 2 8 3 2 13 6 20 20 21 25 25 3 12 2 12 21 17 20 18
split_gain=829638 160408 136768 131000 132344 88135.7 87331.9 95116.1 83726.8 76638.4 119027 305250 170225 167792 246200 110942 73994.8 106866 71628.8 78183.2 67535.3 66650.4 78404.7 76698.3 75111.4 65618.4 64639.6 124913 95250.3 62828.5
threshold=-0.70710678118654757 7.5000000000000009 230.50000000000003 0.15000000000000005 0.97696484778429815 0.45000000000000007 15.500000000000002 10.900000000000002 75.500000000000014 58.576923076923087 69.346153846153854 0.91596454896554913 50.500000000000007 -0.44505783185115427 0.77244481603295057 19.850000000000005 1.5000000000000002 82.500000000000014 69.500000000000014 0.045000000000000005 48.692307692307701 99.923076923076934 0.71952396275653763 14.500000000000002 0.63920241694561786 89.500000000000014 0.23500000000000001 348.50000000000006 72.500000000000014 36.000000000000007
decision_type=2 2 2 2 2 2 2 2 2 2 2 2 2 2 2 2 2 2 2 2 2 2 2 2 2 2 2 2 2 2
left_child=1 6 -2 5 8 9 -1 -8 -5 20 11 15 -13 14 -12 -11 17 18 19 -9 -3 22 23 -18 29 -22 27 -4 -29 -24
right_child=2 3 26 4 -6 -7 7 16 -10 10 13 12 -14 -15 -16 -17 21 -19 -20 -21 25 -23 24 -25 -26 -27 -28 28 -30 -31
leaf_value=1.2239424432290422 -0.5338771913394349 1.5385363373975067 0.03771784231780817 4.4070229420968152 -0.28230338191986082 -4.4890816860198974 3.8773349642753603 1.6201251191121562 10.296844879273445 -4.2329671556299386 1.7843417746680126 -14.813800422005031 -3.0035342766688422 3.7015816731318356 -11.476759086336408 4.2885867862701419 -1.9044861622651419 2.534701289070977 -7.4720563613043893 -6.6290180301666259 2.7179837993202138 4.8982623169819517 -2.4594887801817249 4.2881819037596385 -6.8419693265642438 8.2918428456341768 0.94821078708374396 -10.07704721255736 -0.54180823326110839 0.073061812388743624
leaf_weight=552 11124 2407 939 109 50 25 48 27 31 22 42 23 26 124 21 50 30 27 45 20 97 24 143 60 21 27 977 22 20 311
leaf_count=552 11124 2407 939 109 50 25 48 27 31 22 42 23 26 124 21 50 30 27 45 20 97 24 143 60 21 27 977 22 20 311
internal_value=9.50354e-09 1.19431 -0.398224 1.59117 4.13396 1.42248 0.267687 -0.430532 5.7112 1.47453 -0.0148659 -2.45872 -8.54713 1.56645 -2.63603 1.68478 -0.72259 -2.997 -4.62043 -1.89015 1.65578 -0.263075 -0.482318 2.22396 -0.995086 3.93165 0.372466 -0.200932 -5.53646 -0.724636
internal_weight=17444 4362 13082 3054 190 2864 1308 756 140 2839 308 121 49 187 63 72 708 119 92 47 2531 589 565 90 475 124 1958 981 42 454
internal_count=17444 4362 13082 3054 190 2864 1308 756 140 2839 308 121 49 187 63 72 708 119 92 47 2531 589 565 90 475 124 1958 981 42 454
is_linear=0
shrinkage=0.1


Tree=36
num_leaves=31
num_cat=0
split_feature=5 5 2 15 12 20 10 25 22 2 2 2 22 17 3 18 24 19 7 2 21 17 25 6 23 25 15 13 13 19
split_gain=673159 113280 105967 93311.5 83723.9 80232.1 76950.5 73158.6 61329.9 145878 60175.2 56021.6 54889.8 64684.8 250118 91055.5 59317.1 83741.3 83792.9 116364 189443 261705 72300.1 62408.9 54073.9 50838.1 50634.3 49633.6 48051.3 59987.2
threshold=457.50000000000006 3.5000000000000004 0.99983759474438971 0.43500000000000005 58.500000000000007 88.500000000000014 0.75000000000000011 0.88461538461538469 0.55000000000000016 0.99983759474438971 0.8697513045430848 0.99907018497641664 0.25000000000000006 131.50000000000003 -0.28519997588938989 99.500000000000014 718.50000000000011 15.550000000000002 19.550000000000004 0.86113431103781346 0.18500000000000003 308.50000000000006 79.07692307692308 38.500000000000007 245.69230769230771 56.807692307692314 0.20500000000000004 22.650000000000002 25.550000000000004 24.450000000000003
decision_type=2 2 2 2 2 2 2 2 2 2 2 2 2 2 2 2 2 2 2 2 2 2 2 2 2 2 2 2 2 2
left_child=1 -1 3 4 11 6 -6 10 9 12 -2 25 13 14 -9 16 -15 -18 23 22 -21 -22 27 -19 -8 -3 -7 -20 -16 -30
right_child=7 2 -4 -5 5 26 24 8 -10 -11 -12 -13 -14 15 28 -17 17 18 19 20 21 -23 -24 -25 -26 -27 -28 -29 29 -31
leaf_value=-0.56722625136650395 1.7145141260993335 -0.062186875996721153 -7.0494596120857054 4.2827646305927862 0.82204646083412447 -0.65629757550214574 1.2219326319297155 -9.5532411670684816 5.01328124470181 -7.6511664009094238 4.8881562480788965 4.7196434337159863 -3.1424308458964032 5.7104809726987575 0.83971479654538406 4.3555084207783574 -4.4557689490141694 1.9898744660526959 3.0464269566363185 1.6189914732719914 -0.87902347428458083 -14.797714112021707 -4.8180035543441777 5.9904313989119098 6.9704225738843277 -1.0460293408289363 -6.1500859364219336 1.0656177033775771 -2.0223978322590628 2.8879566584863969
leaf_weight=8454 739 3061 21 52 916 62 30 25 36 20 65 23 33 28 922 92 27 134 138 66 35 22 20 55 36 634 23 1518 126 31
leaf_count=8454 739 3061 21 52 916 62 30 25 36 20 65 23 33 28 922 92 27 134 138 66 35 22 20 55 36 634 23 1518 126 31
internal_value=-5.53831e-09 -0.346094 0.0387249 0.0694985 0.0237117 0.804541 1.05966 1.11501 0.908188 0.863296 1.97109 -0.200372 0.915341 0.956682 0.335227 1.27803 1.13945 1.07593 1.15106 0.940629 -2.02815 -6.25115 1.15851 3.15406 4.35747 -0.230998 -2.14285 1.23069 0.564339 -1.05284
internal_weight=17444 13312 4858 4837 4785 1067 982 4132 3328 3292 804 3718 3272 3239 1104 2135 2043 2015 1988 1799 123 57 1676 189 66 3695 85 1656 1079 157
internal_count=17444 13312 4858 4837 4785 1067 982 4132 3328 3292 804 3718 3272 3239 1104 2135 2043 2015 1988 1799 123 57 1676 189 66 3695 85 1656 1079 157
is_linear=0
shrinkage=0.1


Tree=37
num_leaves=31
num_cat=0
split_feature=1 0 11 3 8 25 9 7 17 24 18 24 2 13 18 22 17 2 20 12 14 25 24 17 13 25 21 6 2 21
split_gain=572530 137194 117079 112904 165509 82718.2 65725.5 86865.7 95943.7 68858.3 62469.2 58298.2 68303.3 90538.3 110818 97555.7 64102.6 63049.2 62604.9 60569 57580.7 65944.7 64212.8 95861.8 56854.7 51249.9 48507.4 136542 65334.1 47609.6
threshold=-0.78656609248549325 0.25881904510252091 457.50000000000006 0.18281312110578132 70.500000000000014 13.692307692307695 0.48500000000000004 18.550000000000004 246.50000000000003 941.50000000000011 97.500000000000014 951.50000000000011 -0.52032787705993211 18.150000000000002 1.0000000180025095e-35 1.0000000180025095e-35 4.5000000000000009 0.91596454896554913 68.500000000000014 23.500000000000004 43.500000000000007 71.961538461538467 771.50000000000011 22.500000000000004 20.050000000000004 19.923076923076927 0.015000000000000001 7.5000000000000009 0.056951373111866731 0.13500000000000004
decision_type=2 2 2 2 2 2 2 2 2 2 2 2 2 2 2 2 2 2 2 2 2 2 2 2 2 2 2 2 2 2
left_child=1 3 -2 4 6 -3 7 8 -1 -8 -4 12 -7 16 -15 17 26 19 -19 -16 21 22 23 -5 -6 -18 28 -28 -14 -12
right_child=2 5 10 20 24 11 9 -9 -10 -11 29 -13 13 14 15 -17 25 18 -20 -21 -22 -23 -24 -25 -26 -27 27 -29 -30 -31
leaf_value=4.5175079515245224 -0.38490248245915304 1.2316504285178749 0.46404132588241798 -2.0026120312331215 4.5204361321670667 0.98646338127427191 1.2049382899166119 6.3341011148768587 -2.7123205092645462 3.0031442766518968 -0.15360091458196226 4.3686597017141491 -2.6592166387117828 -9.1168682989866845 -1.6686591068903607 -6.4149342154201712 -3.2291318702697751 -7.6785649968230203 -0.57881134638079901 2.6952909687818107 1.2546424070163951 3.410806662175391 -6.4690344975108189 3.2055610299110415 11.717179605235224 2.1898940506207683 -10.224261455535888 -0.75824748030863709 2.8773152970253157 5.4186256076978605
leaf_weight=45 12581 626 1159 134 21 236 711 77 31 304 23 26 39 23 69 38 20 23 27 59 730 36 21 48 23 137 20 64 47 46
leaf_count=45 12581 626 1159 134 21 236 711 77 31 304 23 26 39 23 69 38 20 23 27 59 730 36 21 48 23 137 20 64 47 46
internal_value=2.17923e-09 1.11662 -0.293932 1.61823 2.26157 0.364197 2.03476 3.96687 1.5685 1.74351 0.638068 -0.291632 -0.442713 -1.03862 -2.51802 -1.81536 0.0426427 -0.833428 -3.8447 0.342849 0.813566 -0.533656 -1.23317 -0.629028 8.28237 1.49957 -1.30287 -3.01206 0.366562 3.56122
internal_weight=17444 3635 13809 2181 1212 1454 1168 153 76 1015 1228 828 802 566 239 216 327 178 50 128 969 239 203 182 44 157 170 84 86 69
internal_count=17444 3635 13809 2181 1212 1454 1168 153 76 1015 1228 828 802 566 239 216 327 178 50 128 969 239 203 182 44 157 170 84 86 69
is_linear=0
shrinkage=0.1


Tree=38
num_leaves=31
num_cat=0
split_feature=1 0 2 5 2 3 5 2 17 18 2 2 0 11 14 25 12 14 3 25 24 17 24 21 19 7 13 7 25 12
split_gain=463749 111127 104140 115442 114263 91452.5 141472 106703 78839.2 68215.7 68809 63206.4 55318.1 52775 50069 49596 49546.1 46640.4 57335.9 49455.8 64439.1 54042.1 53947.7 62385.4 46880.8 51230.8 73937.2 48013 46543.5 63218.3
threshold=-0.78656609248549325 0.25881904510252091 0.99995780822346225 119.50000000000001 0.99939377080793557 0.18281312110578132 593.50000000000011 0.90162119223771331 1.0000000180025095e-35 17.500000000000004 -0.61237985104942771 0.99552231814189451 1.0000000180025095e-35 381.50000000000006 57.500000000000007 72.576923076923094 1.5000000000000002 43.500000000000007 0.96849880583763492 74.269230769230788 771.50000000000011 25.500000000000004 564.50000000000011 0.025000000000000005 11.65 16.250000000000004 17.450000000000003 16.950000000000003 74.730769230769241 90.500000000000014
decision_type=2 2 2 2 2 2 2 2 2 2 2 2 2 2 2 2 2 2 2 2 2 2 2 2 2 2 2 2 2 2
left_child=1 5 3 -2 8 6 7 -1 13 11 -11 15 -8 -5 28 -3 -10 18 19 20 21 22 -7 -24 -19 26 -26 -27 29 -12
right_child=2 9 -4 4 -6 17 12 -9 16 10 14 -13 -14 -15 -16 -17 -18 24 -20 -21 -22 -23 23 -25 25 27 -28 -29 -30 -31
leaf_value=12.755557723272416 -0.42333857043195383 1.0686880297767598 -5.6359773283203447 -0.72864643809175778 6.7154752660680703 1.5737152184049288 2.3073544846633829 2.8963499794835634 -0.074426190447965862 1.7346230413691672 -2.1559130564005708 -4.7239580249786384 0.84237502590209867 -5.6264659549878999 0.015606375525034771 -3.9663428729772572 0.73605035161485743 3.3819469165511253 -5.4706609816778276 3.7709299314022062 -5.8221311319442028 3.0172529631853102 0.33409757443836763 -5.4814560447365812 -2.9784796011620678 3.5235318474955371 3.5684386294821033 0.83321395017719968 0.25243748220904122 -7.3705494595425467
leaf_weight=21 10154 896 36 506 27 48 784 23 1344 102 137 20 384 23 193 20 1719 82 21 30 21 45 35 39 69 77 23 479 58 28
leaf_count=21 10154 896 36 506 27 48 784 23 1344 102 137 20 384 23 193 20 1719 82 21 30 21 45 35 39 69 77 23 479 58 28
internal_value=3.08093e-09 1.00496 -0.264539 -0.250499 0.234445 1.45641 2.03541 7.60188 0.185729 0.327777 -0.592955 0.837327 1.82572 -0.941595 -1.16366 0.958753 0.380425 0.732209 -0.48029 0.000433428 -0.601242 0.0552775 -1.03725 -2.73086 1.12918 0.844106 -1.34175 1.20579 -2.18428 -3.04082
internal_weight=17444 3635 13809 13773 3619 2181 1212 44 3592 1454 518 936 1168 529 416 916 3063 969 239 218 188 167 122 74 730 648 92 556 223 165
internal_count=17444 3635 13809 13773 3619 2181 1212 44 3592 1454 518 936 1168 529 416 916 3063 969 239 218 188 167 122 74 730 648 92 556 223 165
is_linear=0
shrinkage=0.1


Tree=39
num_leaves=31
num_cat=0
split_feature=1 0 2 11 2 12 4 23 9 24 14 2 12 4 14 20 20 11 22 23 9 23 8 18 12 18 21 3 23 7
split_gain=375637 90013.3 84353.4 93703.1 92266.7 143730 80604.3 76280.4 73677.6 60285.7 89815.7 62863.4 59374.6 79636.6 48680 60602 93810.1 47944.3 46951.9 42063.8 59704.1 42326.3 42066.3 73859.1 58104.6 66873.6 52743.1 60335.7 77620.2 66930
threshold=-0.78656609248549325 0.25881904510252091 0.99995780822346225 173.50000000000003 0.99818282439137029 39.500000000000007 9.5000000000000018 253.84615384615387 0.16500000000000004 497.00000000000006 68.500000000000014 0.99700008544936913 1.5000000000000002 9.5000000000000018 55.500000000000007 72.500000000000014 77.500000000000014 227.50000000000003 0.35000000000000003 550.57692307692321 0.58500000000000008 547.42307692307702 64.500000000000014 50.500000000000007 75.500000000000014 3.5000000000000004 0.015000000000000001 0.86004965528756494 293.76923076923083 18.450000000000003
decision_type=2 2 2 2 2 2 2 2 2 2 2 2 2 2 2 2 2 2 2 2 2 2 2 2 2 2 2 2 2 2
left_child=1 6 3 -2 7 -6 8 -5 -1 10 -3 17 13 -9 -8 -16 -17 -11 19 21 -21 22 26 24 -24 -26 -10 28 -28 -30
right_child=2 9 -4 4 5 -7 14 12 18 11 -12 -13 -14 -15 15 16 -18 -19 -20 20 -22 -23 23 -25 25 -27 27 -29 29 -31
leaf_value=6.9453035611372727 -0.3682144430133425 -0.56474743292031693 -5.0723795983526445 -1.3451554133846249 8.7342603652707993 -2.1390767145156864 -0.52724508068622644 0.12803336228083434 3.1269719793608317 4.8127152694596189 -7.2728289687115213 -3.8440859152004125 0.76743790923116251 -2.3278291021817483 2.6554124772758554 -5.5919704898915912 1.4878037922206473 0.55245577829976145 -2.3398895088831586 4.962699693364975 1.9425505189659849 -2.6014236676472207 2.452315862204439 -0.83779154239698905 3.3762886762619022 10.963463538033622 5.2860539436340339 -1.8143306635893308 -0.93882572726358338 1.4304011435474082
leaf_weight=26 10598 151 36 296 31 20 322 1160 114 27 23 32 1519 149 142 27 61 1221 30 78 407 27 93 43 26 21 42 78 158 486
leaf_count=26 10598 151 36 296 31 20 322 1160 114 27 23 32 1519 149 142 27 61 1221 30 78 407 27 93 43 26 21 42 78 158 486
internal_value=-4.10066e-09 0.904461 -0.238085 -0.225449 0.251094 4.47021 1.31077 0.182216 1.66465 0.294999 -1.45145 0.532407 0.342083 -0.151511 0.266428 1.37757 -0.6844 0.644625 1.579 1.65374 2.42827 1.30848 1.40798 2.78719 3.90058 6.7663 1.12051 0.821122 1.12078 0.849131
internal_weight=17444 3635 13809 13773 3175 51 2181 3124 1629 1454 174 1280 2828 1309 552 230 88 1248 1603 1573 485 1088 1061 183 140 47 878 764 686 644
internal_count=17444 3635 13809 13773 3175 51 2181 3124 1629 1454 174 1280 2828 1309 552 230 88 1248 1603 1573 485 1088 1061 183 140 47 878 764 686 644
is_linear=0
shrinkage=0.1


Tree=40
num_leaves=31
num_cat=0
split_feature=1 12 3 25 5 3 21 3 3 4 22 13 23 2 24 3 2 18 19 5 2 8 12 6 25 25 24 3 14 4
split_gain=305636 88264.6 129371 81004 75330.1 67516.8 91749.3 122008 109426 108902 81863.2 108587 79354.3 113068 105344 76915 72775.3 102790 66022.2 53144.4 54864.7 49592.4 64916.2 64114.8 61650.9 60514.8 233423 57494.2 56040.1 55103.6
threshold=-0.70710678118654757 99.500000000000014 -0.42958798411962301 1.8076923076923079 749.50000000000011 0.85561368268953431 0.015000000000000001 0.94353349168649059 0.92843842216862604 10.500000000000002 0.45000000000000007 16.750000000000004 207.42307692307693 0.99966190462023474 485.50000000000006 0.97461712852231652 -0.031173458710879235 16.500000000000004 14.750000000000002 2.5000000000000004 0.99983759474438971 48.500000000000007 1.0000000180025095e-35 26.500000000000004 80.307692307692321 56.807692307692314 771.50000000000011 0.69521084835931835 64.500000000000014 9.5000000000000018
decision_type=2 2 2 2 2 2 2 2 2 2 2 2 2 2 2 2 2 2 2 2 2 2 2 2 2 2 2 2 2 2
left_child=1 3 4 -1 -3 10 9 8 18 -7 12 -12 -5 14 -14 -9 17 -17 -8 -2 -21 24 28 27 25 -16 -27 -24 29 -23
right_child=19 2 -4 5 -6 6 7 15 -10 -11 11 -13 13 -15 21 16 -18 -19 -20 20 -22 22 23 -25 -26 26 -28 -29 -30 -31
leaf_value=1.4464958638931338 -0.39250626369153263 11.250769154921823 1.5090798732425486 4.3684512592319935 3.0658341394229369 2.7683983000847263 0.24137745703969685 4.1677687183503185 -10.968873353437944 -1.0610827369157758 1.4149477756023408 -8.8807823362804594 -6.2643584332682876 -6.7447744097028464 0.091716476751725534 -3.8188410049676897 -3.449187338829041 4.4374253348300332 -5.6081941113915557 0.054161139867969547 -4.3856683020080842 0.68587691712985355 0.9989334169127142 2.1677206214379319 3.2804058340879587 1.4037310785717434 -9.0804903023583545 -2.1537294652726913 -4.5879928084520198 -2.5724687699411737
leaf_weight=868 8387 23 308 56 22 129 35 31 22 175 20 21 22 21 549 25 75 38 43 4667 28 348 707 533 52 54 35 63 26 61
leaf_count=868 8387 23 308 56 22 129 35 31 22 175 20 21 22 21 549 25 75 38 43 4667 28 348 707 533 52 54 35 63 26 61
internal_value=2.93857e-09 0.724892 2.24083 0.591411 7.24925 0.355112 -0.626392 -1.97159 -4.74019 0.563927 0.574116 -3.85847 0.646034 0.561673 0.6243 -0.333356 -1.34448 1.16113 -2.98339 -0.241705 0.0276829 0.686718 0.97148 1.3246 -0.030554 -0.300413 -2.71928 0.740988 -0.0862603 0.199913
internal_weight=17444 4362 353 4009 45 3141 573 269 100 304 2568 41 2527 2471 2450 169 138 63 78 13082 4695 2428 1738 1303 690 638 89 770 435 409
internal_count=17444 4362 353 4009 45 3141 573 269 100 304 2568 41 2527 2471 2450 169 138 63 78 13082 4695 2428 1738 1303 690 638 89 770 435 409
is_linear=0
shrinkage=0.1


Tree=41
num_leaves=31
num_cat=0
split_feature=1 0 2 11 2 4 9 25 24 24 21 21 17 12 23 20 25 13 7 3 3 3 3 22 22 3 8 2 3 8
split_gain=252546 73692.7 61866.6 66672.4 96300.7 57740.3 56554.2 46404.4 44546.8 52409.2 92576 37850.1 65755.2 37001.8 50204.1 38031.3 57494.2 34437.5 40319.7 34252.2 47010.5 34407.2 38190 33180.6 37368.2 36799.3 90121.6 53395.7 52767.8 51223.8
threshold=-0.78656609248549325 0.25881904510252091 0.99995780822346225 467.50000000000006 0.99700008544936913 9.5000000000000018 0.16500000000000004 13.03846153846154 951.50000000000011 926.00000000000011 0.26500000000000007 0.23500000000000001 348.50000000000006 15.500000000000002 154.73076923076925 80.500000000000014 62.769230769230781 26.650000000000002 16.350000000000005 -0.54219087765047058 -0.49065906150552346 -0.39036009226888674 -0.35846086284744721 0.35000000000000003 0.15000000000000005 0.18281312110578132 70.500000000000014 0.9550229469509578 0.011826144619637555 72.500000000000014
decision_type=2 2 2 2 2 2 2 2 2 2 2 2 2 2 2 2 2 2 2 2 2 2 2 2 2 2 2 2 2 2
left_child=1 5 3 -2 11 6 -1 -3 9 -9 -11 12 19 15 -15 16 -7 18 -16 -5 -21 -22 -23 24 25 26 28 29 -8 -27
right_child=2 7 -4 4 -6 13 23 8 -10 10 -12 -13 -14 14 17 -17 -18 -19 -20 20 21 22 -24 -25 -26 27 -28 -29 -30 -31
leaf_value=6.0352542650241121 -0.25158915527408876 0.84537694058771573 -4.3353109068340734 2.7328642865022026 7.4157696437835696 -0.6116098255715906 1.2980756835861298 -0.22563096759056578 3.777286791801453 -7.672447755245063 1.1415288139473307 0.88431202913614326 -4.9810970800263545 -3.7029228283600375 -2.2297601757049561 3.409859947562218 -6.2526796388626096 -1.9714989153544107 1.9837521283136264 -4.1464137078873042 2.2933191103893416 -4.6072067201137541 -0.087216564814944372 -1.9607015721003216 4.8920482587814336 1.1165443589276449 6.4132432545486253 -3.5372045389811202 4.4769838809967046 -3.9616459434940703
leaf_weight=26 12598 620 36 42 20 187 1032 760 26 26 22 693 28 22 25 20 20 30 248 29 57 20 286 30 30 367 38 30 55 21
leaf_count=26 12598 620 36 42 20 187 1032 760 26 26 22 693 28 22 25 20 20 30 248 29 57 20 286 30 30 367 38 30 55 21
internal_value=-2.75698e-09 0.74161 -0.195217 -0.184396 0.536033 1.10924 1.40876 0.190161 -0.296931 -0.428032 -3.63271 0.416903 -0.284211 0.225344 0.909592 -0.754306 -1.15664 1.24449 1.5979 0.0188143 -0.271977 0.0375513 -0.382641 1.33372 1.39655 1.32859 1.62627 0.527419 1.45892 0.841694
internal_weight=17444 3635 13809 13773 1175 2181 1629 1454 834 808 48 1155 462 552 325 227 207 303 273 434 392 363 306 1603 1573 1543 1125 418 1087 388
internal_count=17444 3635 13809 13773 1175 2181 1629 1454 834 808 48 1155 462 552 325 227 207 303 273 434 392 363 306 1603 1573 1543 1125 418 1087 388
is_linear=0
shrinkage=0.1


Tree=42
num_leaves=31
num_cat=0
split_feature=1 18 2 25 25 20 20 13 14 20 2 8 20 24 23 12 11 22 12 2 5 2 0 3 12 18 24 13 14 11
split_gain=204562 60489.4 109384 75732.9 76709.3 74283.9 65167.9 82893.9 65446 94084.3 112704 63374 139775 76634.2 163276 70632.8 67433.4 69897.2 57441.8 50112 57682.6 88102.2 328467 57761.6 49259.6 48432.8 68305.7 65841.6 49841.3 46952.4
threshold=-0.78656609248549325 16.500000000000004 0.99939377080793557 79.07692307692308 28.923076923076927 55.500000000000007 69.500000000000014 13.65 51.500000000000007 60.500000000000007 0.9550229469509578 60.500000000000007 71.500000000000014 497.00000000000006 210.23076923076925 50.500000000000007 724.50000000000011 0.15000000000000005 96.500000000000014 0.99995780822346225 2.5000000000000004 0.99818282439137029 0.60355339059327384 0.011826144619637555 15.500000000000002 1.5000000000000002 531.50000000000011 20.550000000000004 44.500000000000007 520.50000000000011
decision_type=2 2 2 2 2 2 2 2 2 2 2 2 2 2 2 2 2 2 2 2 2 2 2 2 2 2 2 2 2 2
left_child=1 2 3 4 5 -1 8 -8 9 10 24 16 -13 14 15 -14 17 -9 -17 20 -2 -22 23 -23 -3 26 -6 -28 -27 -11
right_child=19 6 -4 -5 25 -7 7 11 -10 29 -12 12 13 -15 -16 18 -18 -19 -20 -21 21 22 -24 -25 -26 28 27 -29 -30 -31
leaf_value=1.8822044351151086 -0.33045429150961603 -2.3939046851462789 -6.3879094696044927 -3.9517722630500796 5.5993578376770019 0.46472193563410991 4.0104300898474623 -1.4214424570841073 1.6515979000804375 -1.2608326280818267 -7.3180171981934583 -8.9870169320931819 2.8850447819783138 0.10715445777438336 -11.299976369312832 -7.6369143390655525 2.8523206700296964 2.6448289980108921 -0.30918957694717081 -3.9017798768149485 0.036412131294123316 5.0270745484034229 -4.5177483849227427 11.535415753364564 1.4683433136001964 0.86643258589964656 -4.1865112121899921 1.3068836554884911 4.0970458317465255 3.175222314298153
leaf_weight=505 8367 72 20 30 25 1380 37 226 392 34 31 26 26 151 21 20 68 52 23 36 5317 30 34 25 61 65 30 80 180 80
leaf_count=505 8367 72 20 30 25 1380 37 226 392 34 31 26 26 151 21 20 68 52 23 36 5317 30 34 25 61 65 30 80 180 80
internal_value=1.73544e-09 0.667449 0.975483 1.03965 1.10576 0.844472 0.127223 -0.58614 0.819291 -0.354321 -1.88811 -0.863584 -2.02105 -1.26953 -3.57931 -1.22954 0.0296038 -0.660845 -3.71743 -0.175695 -0.165956 0.0886418 3.20892 7.98541 -0.622498 2.40191 0.881032 -0.191315 3.23994 1.85219
internal_weight=17444 3635 2315 2295 2265 1885 1320 650 670 278 164 613 267 241 90 69 346 278 43 13809 13773 5406 89 55 133 380 135 110 245 114
internal_count=17444 3635 2315 2295 2265 1885 1320 650 670 278 164 613 267 241 90 69 346 278 43 13809 13773 5406 89 55 133 380 135 110 245 114
is_linear=0
shrinkage=0.1


Tree=43
num_leaves=31
num_cat=0
split_feature=5 17 23 24 24 24 7 24 2 17 3 19 19 2 13 21 1 20 0 12 8 20 20 7 8 25 5 21 25 0
split_gain=167696 60826.2 80118.6 63789.4 69784.4 161776 270865 74402.3 44144.4 51875.8 120181 89533.7 100086 99878 82963.1 52863.6 46389 42052.8 41020.3 65977.8 40762.9 44725.3 55579.5 55424.1 49814 66824.6 58604 49039.7 80159.6 42302.6
threshold=230.50000000000003 371.50000000000006 585.84615384615392 953.50000000000011 926.00000000000011 931.50000000000011 26.850000000000005 948.50000000000011 0.99983759474438971 166.00000000000003 -0.28519997588938989 14.850000000000003 22.150000000000002 0.77244481603295057 20.450000000000003 0.19500000000000003 -0.9159756150367534 56.500000000000007 0.37940952255126054 28.500000000000004 31.500000000000004 72.500000000000014 80.500000000000014 16.850000000000005 53.500000000000007 19.730769230769237 408.50000000000006 0.095000000000000015 62.269230769230781 0.37940952255126054
decision_type=2 2 2 2 2 2 2 2 2 2 2 2 2 2 2 2 2 2 2 2 2 2 2 2 2 2 2 2 2 2
left_child=-1 2 3 4 8 6 -6 -7 9 10 -2 -11 14 -14 17 -15 -12 -13 19 -16 29 27 23 -23 -25 -26 -27 -22 -29 -18
right_child=1 -3 -4 -5 5 7 -8 -9 -10 11 16 12 13 15 18 -17 20 -19 -20 -21 21 22 -24 24 25 26 -28 28 -30 -31
leaf_value=-0.23009192539435797 -6.2229082433382672 0.97585372891571842 -5.7787264276634573 3.4564191893223795 -12.042747630495015 1.0673913233642336 -0.3227349485365712 -5.2681192216419035 -3.1170642445619041 -4.9364408038280629 0.64357676535305208 3.1962286278798984 0.50252916032293482 -0.39217790603637698 2.4584295247831651 -7.2305935566241928 -4.3098797931335868 0.59712536981701847 0.078311259405953557 6.4905474083084203 0.87594978561056624 -0.063188522302803876 0.38515741950767934 0.044662734662944625 -0.56624071484520322 -3.2163146201302029 -8.4441146966573353 -0.16988956033909586 -5.7890941585813254 -0.089264308106391993
leaf_weight=11249 30 1485 22 62 33 158 49 21 37 27 1077 77 1058 20 93 26 48 325 28 72 590 119 217 44 42 51 37 272 28 47
leaf_count=11249 30 1485 22 62 33 158 49 21 37 27 1077 77 1058 20 93 26 48 325 28 72 590 119 217 44 42 51 37 272 28 47
internal_value=-4.91229e-09 0.417805 0.24186 0.270114 0.227409 -1.36095 -5.03933 0.324119 0.322383 0.351787 0.0698153 0.776868 0.867662 0.3042 1.91315 -4.25737 0.143214 1.09496 3.61734 4.2179 -0.217248 -0.0812255 -0.827885 -1.72628 -2.86369 -3.84805 -5.41437 0.346636 -0.694349 -2.22179
internal_weight=17444 6195 4710 4688 4626 261 82 179 4365 4328 2602 1726 1699 1104 595 46 2572 402 193 165 1495 1400 510 293 174 130 88 890 300 95
internal_count=17444 6195 4710 4688 4626 261 82 179 4365 4328 2602 1726 1699 1104 595 46 2572 402 193 165 1495 1400 510 293 174 130 88 890 300 95
is_linear=0
shrinkage=0.1


Tree=44
num_leaves=31
num_cat=0
split_feature=2 5 1 2 0 18 24 23 22 25 24 25 2 8 2 25 12 8 12 8 2 6 25 22 3 3 24 2 14 20
split_gain=143140 269702 159688 87152.5 140096 91334.6 82210.8 192184 170103 118388 99482 86638 157047 172807 138818 83328 75128.3 72568.6 69341.1 74356.2 58961.1 56348.4 54711.4 71036.1 50491 50367.7 47280.4 100028 100618 56090
threshold=0.99995780822346225 95.500000000000014 -0.5 0.99939377080793557 1.0000000180025095e-35 16.500000000000004 497.00000000000006 228.30769230769235 0.45000000000000007 68.57692307692308 492.50000000000006 54.61538461538462 0.92273069556937592 65.500000000000014 0.97112537654464559 59.769230769230781 98.500000000000014 29.500000000000004 63.500000000000007 54.500000000000007 0.76140650896573503 21.500000000000004 78.115384615384627 1.0000000180025095e-35 0.84199059757024453 -0.42958798411962301 458.00000000000006 -0.24372957273992746 53.500000000000007 56.500000000000007
decision_type=2 2 2 2 2 2 2 2 2 2 2 2 2 2 2 2 2 2 2 2 2 2 2 2 2 2 2 2 2 2
left_child=2 -2 3 5 -5 18 7 10 9 11 26 17 13 15 -14 -13 24 -8 22 -20 -21 -22 23 -1 -11 -23 29 -28 -29 -7
right_child=1 -3 -4 4 -6 6 8 -9 -10 16 -12 12 14 -15 -16 -17 -18 -19 19 20 21 25 -24 -25 -26 -27 27 28 -30 -31
leaf_value=0.52164773461806646 1.4468888187408449 -13.925487454732261 -0.19951470932330201 10.089018702507019 -0.71591652234395342 5.0240219513575237 -5.1296523769696556 -8.7180792137980472 -8.1125332057476047 1.2138172920125416 -6.9962622026602439 -2.8317060029277439 -12.333567234873772 -8.3798070959422901 -1.5780195097128551 2.7022627464930218 7.1744184617643008 0.43423516122875594 0.093881328555351917 1.6609494443033257 0.9864742696285248 9.9560976527986078 -3.409234903710229 5.6736420702051236 5.843203757359432 4.3434189732395003 0.92662358060479166 -7.6108288564333115 -1.0659848147088833 -0.025280317844766559
leaf_weight=3044 25 21 11598 24 24 24 24 32 24 251 24 39 24 23 24 90 27 1008 187 255 36 21 35 27 26 67 80 41 55 264
leaf_count=3044 25 21 11598 24 24 24 24 32 24 251 24 39 24 23 24 90 27 1008 187 255 36 21 35 27 26 67 80 41 55 264
internal_value=-2.84518e-10 -5.57094 0.0147295 0.443144 4.68655 0.407733 -0.121721 -1.21063 0.241251 0.371778 -0.718342 -0.0643256 -1.96923 -0.394529 -6.95579 1.0292 2.13915 0.304842 0.707641 1.72562 2.53072 4.31936 0.522138 0.566944 1.64834 5.68281 -0.393622 -1.6849 -3.86118 0.395495
internal_weight=17444 46 17398 5800 48 5752 2080 520 1560 1536 488 1232 200 152 48 129 304 1032 3672 566 379 124 3106 3071 277 88 464 176 96 288
internal_count=17444 46 17398 5800 48 5752 2080 520 1560 1536 488 1232 200 152 48 129 304 1032 3672 566 379 124 3106 3071 277 88 464 176 96 288
is_linear=0
shrinkage=0.1


Tree=45
num_leaves=31
num_cat=0
split_feature=1 0 2 20 9 7 2 5 2 0 3 4 12 18 8 12 14 12 25 25 19 7 17 21 23 15 24 6 17 7
split_gain=122080 55651.7 46414.1 48992.9 62282.5 36261.8 31703 34131.9 59879.9 249938 49346 41098.8 38706.7 31568.3 31420.7 56771.2 31277.6 33234.3 30123.5 62414.7 74875.5 55473.5 53434.3 54207.1 43339.9 40211.3 34594.1 68834.4 87851.6 53324.9
threshold=-0.78656609248549325 0.25881904510252091 1.0000000180025095e-35 88.500000000000014 0.16500000000000004 15.550000000000002 0.99995780822346225 1.5000000000000002 0.99818282439137029 0.60355339059327384 -0.013976481981245173 8.5000000000000018 1.0000000180025095e-35 4.5000000000000009 64.500000000000014 57.500000000000007 59.500000000000007 3.5000000000000004 62.769230769230781 59.576923076923087 16.850000000000005 22.150000000000002 252.00000000000003 0.065000000000000016 449.73076923076934 0.27500000000000008 656.50000000000011 54.500000000000007 33.500000000000007 18.450000000000003
decision_type=2 2 2 2 2 2 2 2 2 2 2 2 2 2 2 2 2 2 2 2 2 2 2 2 2 2 2 2 2 2
left_child=1 2 5 4 -4 -1 7 -2 11 10 -10 -9 -13 -7 18 16 -16 -18 19 20 22 25 23 26 -22 -20 29 28 -28 -6
right_child=6 -3 3 -5 14 13 -8 8 9 -11 -12 12 -14 -15 15 -17 17 -19 21 -21 24 -23 -24 -25 -26 -27 27 -29 -30 -31
leaf_value=-2.9979625005875867 -0.25592985614067049 0.036399999629332082 6.3513045082092283 -2.3319609602292379 1.3688394623476527 0.97446825623278233 -3.0994151539272732 0.1998086811279699 2.9475669883936644 -3.5556323910740995 9.1742751884460443 -1.1675972672187267 -0.084453696866419639 -0.12180884163097008 2.924744004264193 4.5545441673173537 -3.5139510975642638 1.1796929584195217 0.0053032838381253762 -3.2426437635679508 5.3754699791178986 -1.1289312049320765 -4.6955944716930391 3.0346637615290555 1.6156670004081652 4.5056277194193433 -3.0363842464074859 -6.4492466964721693 4.6852451739103902 -4.2257475149631505
leaf_weight=31 8294 1454 25 36 115 573 36 3808 20 39 35 470 1107 485 53 77 22 48 26 37 34 35 24 55 312 84 41 25 23 20
leaf_count=31 8294 1454 25 36 115 573 36 3808 20 39 35 470 1107 485 53 77 22 48 26 37 34 35 24 55 312 84 41 25 23 20
internal_value=-3.44809e-09 0.515617 0.835096 1.29578 1.41945 0.373146 -0.135728 -0.127982 0.0657039 2.56789 6.91002 0.0220261 -0.407268 0.471922 1.29986 2.42515 1.09211 -0.295452 1.02903 0.752227 0.979978 2.33861 -0.167817 0.22167 1.98513 3.44191 -0.469021 -1.99958 -0.261424 0.540012
internal_weight=17444 3635 2181 1092 1056 1089 13809 13773 5479 94 55 5385 1577 1058 1031 200 123 70 831 686 649 145 303 279 346 110 224 89 64 135
internal_count=17444 3635 2181 1092 1056 1089 13809 13773 5479 94 55 5385 1577 1058 1031 200 123 70 831 686 649 145 303 279 346 110 224 89 64 135
is_linear=0
shrinkage=0.1


Tree=46
num_leaves=31
num_cat=0
split_feature=2 5 15 25 21 16 22 12 14 5 24 7 2 20 10 13 13 7 19 11 5 12 14 25 1 19 3 6 2 8
split_gain=102744 219561 110255 53407.1 44971.2 51253.2 59905.4 35920.6 92668.1 48902.1 39796 64597.2 35039.2 34512.4 33993.5 36506.9 81051.1 69437 49345.9 45163.9 39992.1 40478.5 61947.6 50810.3 33493.2 33094.1 46265.9 41360.6 38914.5 108128
threshold=0.99995780822346225 95.500000000000014 0.27500000000000008 97.192307692307693 0.32500000000000007 1.0000000180025095e-35 0.45000000000000007 1.5000000000000002 68.500000000000014 212.50000000000003 784.50000000000011 18.050000000000004 0.93544191479114935 87.500000000000014 0.25000000000000006 20.450000000000003 19.750000000000004 21.950000000000003 17.050000000000004 416.50000000000006 749.50000000000011 55.500000000000007 58.500000000000007 13.692307692307695 -0.98296291314453399 18.650000000000002 0.63089349388778826 68.500000000000014 0.73865729060996166 44.500000000000007
decision_type=2 2 2 2 2 2 2 2 2 2 2 2 2 2 2 2 2 2 2 2 2 2 2 2 2 2 2 2 2 2
left_child=2 -2 24 4 5 6 7 8 10 -9 11 -4 -12 14 15 16 20 19 -19 -17 21 -11 23 -23 -1 -20 27 28 -27 -30
right_child=1 -3 3 -5 -6 -7 -8 9 -10 13 12 -13 -14 -15 -16 17 -18 18 25 -21 -22 22 -24 -25 -26 26 -28 -29 29 -31
leaf_value=1.8790564519603077 1.6121415023803711 -12.257878212701707 1.2755094538800993 4.5768522849006041 1.2563309523546935 1.4800023688788875 -4.4264031699725557 5.4335633146762845 -5.0054985861244958 0.45757196288572877 0.093470997426934627 -1.6191343167589878 1.8499553668686723 -3.5687380540938607 2.6538103049070063 -1.2708113670349122 -3.6403324593030493 -4.4865205883979797 3.4259177377349452 3.6963338215963555 2.7348111881400055 -0.15947714266569721 2.4935061454772951 -6.1765726824601499 -0.14840645399488542 0.50465439473753415 -2.4314087457127043 2.3113198489064262 2.2831149110087643 -6.5862043619155886
leaf_weight=82 25 21 104 31 552 332 28 20 38 219 1074 298 127 21 71 22 65 20 38 109 53 23 21 36 12846 938 54 121 27 28
leaf_count=82 25 21 104 31 552 332 28 20 38 219 1074 298 127 21 71 22 65 20 38 109 53 23 21 36 12846 938 54 121 27 28
internal_value=1.41381e-09 -4.71982 0.0124791 0.440595 0.411709 0.291763 0.180793 0.217369 -0.124757 0.515051 -0.00905606 -0.870271 0.279211 0.462334 0.508216 0.422344 -0.395994 0.673815 0.439987 2.86216 0.203103 -0.245661 -2.17076 -3.83093 -0.135547 0.521687 0.4272 0.565768 0.353068 -2.23217
internal_weight=17444 46 17398 4470 4439 3887 3555 3527 1641 1886 1603 402 1201 1866 1845 1774 417 1357 1226 131 352 299 80 59 12928 1206 1168 1114 993 55
internal_count=17444 46 17398 4470 4439 3887 3555 3527 1641 1886 1603 402 1201 1866 1845 1774 417 1357 1226 131 352 299 80 59 12928 1206 1168 1114 993 55
is_linear=0
shrinkage=0.1


Tree=47
num_leaves=31
num_cat=0
split_feature=1 0 22 22 2 9 23 17 13 18 8 24 13 25 7 5 25 19 10 7 6 19 7 25 18 21 18 24 8 24
split_gain=84999.1 41753.4 42517.3 45825.6 46905 39053.1 41439.6 66918.2 48968.3 57510.1 47205 40819.7 39449.6 95396 37408.1 36019 31291.8 31258.9 32248.5 63857.2 51906.9 43502.5 40149.5 31772.9 48460.6 47853.3 30461.8 29068.6 28896.6 27920.9
threshold=-0.78656609248549325 0.25881904510252091 0.95000000000000007 0.35000000000000003 1.0000000180025095e-35 0.15500000000000003 550.57692307692321 321.50000000000006 20.450000000000003 90.500000000000014 56.500000000000007 458.00000000000006 19.050000000000004 53.269230769230781 15.550000000000002 879.50000000000011 24.000000000000004 16.850000000000005 1.0000000180025095e-35 16.050000000000004 51.500000000000007 15.450000000000001 18.450000000000003 29.88461538461539 1.5000000000000002 0.055000000000000007 4.5000000000000009 638.00000000000011 55.500000000000007 832.50000000000011
decision_type=2 2 2 2 2 2 2 2 2 2 2 2 2 2 2 2 2 2 2 2 2 2 2 2 2 2 2 2 2 2
left_child=1 2 3 4 14 -6 7 8 11 10 16 -7 17 29 -1 -8 -10 18 21 27 -21 22 23 24 -13 -25 -16 -20 -26 -14
right_child=-2 -3 -4 -5 5 6 15 -9 9 -11 -12 12 13 -15 26 -17 -18 -19 19 20 -22 -23 -24 25 28 -27 -28 -29 -30 -31
leaf_value=-3.4235267674481431 -0.11325445318313819 0.015154980851959904 5.1848471959431972 -3.2176816813151046 5.4594334148225334 3.3673588599847712 5.0786678340699938 -4.1775097382289399 -0.49026843139103482 -1.7698413227995236 6.4741830951289137 1.1751945246719349 3.51773056268692 -6.9072532062530518 0.83624274862400316 1.6988255266246837 3.8684714029729363 2.490031752874454 4.1118429747494787 -1.2473098564147951 -7.633545191287995 4.3980010636647542 -3.7109315178611064 2.7404972159746781 -5.8557475185394292 -2.6048356890678406 -0.2492828628744321 -1.0287835348736156 -0.70904435912768049 -1.1423400044441223
leaf_weight=27 13809 1454 21 30 21 46 36 27 28 24 38 71 20 25 573 254 40 75 22 35 20 30 22 103 20 20 471 22 24 36
leaf_count=27 13809 1454 21 30 21 46 36 27 28 24 38 71 20 25 573 254 40 75 22 35 20 30 22 103 20 20 471 22 24 36
internal_value=4.369e-09 0.430242 0.706967 0.663432 0.718096 1.19001 1.10364 0.710217 0.893253 2.65042 3.65123 0.506737 0.26529 -1.771 0.251466 2.11839 2.0737 0.620762 0.260363 -1.29797 -3.56958 0.792348 0.376311 0.754123 -0.44081 1.87134 0.346508 1.54153 -3.04845 0.521971
internal_weight=17444 3635 2181 2160 2130 1059 1038 748 721 130 106 591 545 81 1071 290 68 464 389 99 55 290 260 238 115 123 1044 44 44 56
internal_count=17444 3635 2181 2160 2130 1059 1038 748 721 130 106 591 545 81 1071 290 68 464 389 99 55 290 260 238 115 123 1044 44 44 56
is_linear=0
shrinkage=0.1


Tree=48
num_leaves=31
num_cat=0
split_feature=2 5 11 2 23 3 23 24 19 6 23 25 24 13 12 23 23 7 23 12 8 23 23 14 3 14 6 18 25 24
split_gain=80814.3 174701 81426.7 72373.1 63459.4 118816 102393 74689.7 52779.5 51856.6 46465.5 46249.3 36371.2 35012.8 33141.2 40442.4 78219.1 95158.4 68838.8 96986.6 66309.7 60091 65864.1 83142.6 40867.2 34019.4 41070.4 33136.1 57629.5 32431.5
threshold=0.99995780822346225 95.500000000000014 173.50000000000003 0.99983759474438971 260.73076923076928 0.26659387353423869 259.00000000000006 568.50000000000011 10.900000000000002 1.5000000000000002 321.96153846153851 0.88461538461538469 590.00000000000011 24.350000000000005 5.5000000000000009 330.92307692307696 353.5384615384616 18.450000000000003 380.69230769230779 94.500000000000014 48.500000000000007 529.07692307692321 506.23076923076928 47.500000000000007 0.74298546529340237 35.500000000000007 22.500000000000004 24.500000000000004 28.192307692307697 971.50000000000011
decision_type=2 2 2 2 2 2 2 2 2 2 2 2 2 2 2 2 2 2 2 2 2 2 2 2 2 2 2 2 2 2
left_child=2 -2 -1 4 5 -4 8 -6 -7 10 27 -11 13 -13 -14 24 17 20 19 -18 -17 22 -20 -24 -16 -23 -27 -9 -29 -12
right_child=1 -3 3 -5 7 6 -8 9 -10 11 29 12 14 -15 15 16 18 -19 21 -21 -22 25 23 -25 -26 26 -28 28 -30 -31
leaf_value=-0.16128372935823942 1.4622526969909668 -10.909953074228197 -7.695026317509738 6.2892319655418403 2.7176849159905139 2.9437865509177157 -6.87648475792097 0.23988841819135764 -0.29169473130102969 1.7230369885747661 -0.093937214171871938 -0.45370139080286026 0.11584319079241286 -5.1627088397741323 2.7239663352046097 -8.4773191291352976 1.8785113085741583 1.1968350543443 0.55863487408942125 9.2688918068295436 -2.0475796761940113 -2.1209852861321492 -7.817207736968995 -0.85302463635802273 -1.6826096226771672 0.88362639458276915 2.9528938345192524 -7.6342089220881464 -1.3162574248654504 0.90406407031202418
leaf_weight=10643 25 21 22 20 136 53 23 38 1035 334 1832 75 1079 20 171 23 115 66 606 21 53 23 20 120 24 208 178 22 42 396
leaf_count=10643 25 21 22 20 136 53 23 38 1035 334 1832 75 1079 20 171 23 115 66 606 21 53 23 20 120 24 208 178 22 42 396
internal_value=-3.46954e-09 -4.18593 0.0110675 0.28262 0.264783 -0.41777 -0.273666 0.402828 -0.134084 0.345232 -0.0121044 0.610728 0.47814 -1.44507 0.545633 0.830488 0.646629 -1.58105 0.891656 3.01967 -3.99342 0.641084 0.107005 -1.84791 2.18162 1.61522 1.83785 -2.09921 -3.48805 0.0834454
internal_weight=17444 46 17398 6755 6735 1133 1111 5602 1088 5466 2330 3136 2802 95 2707 1628 1433 142 1291 136 76 1155 746 140 195 409 386 102 64 2228
internal_count=17444 46 17398 6755 6735 1133 1111 5602 1088 5466 2330 3136 2802 95 2707 1628 1433 142 1291 136 76 1155 746 140 195 409 386 102 64 2228
is_linear=0
shrinkage=0.1


Tree=49
num_leaves=31
num_cat=0
split_feature=2 5 9 2 0 17 6 20 20 12 20 18 23 2 21 14 3 3 7 24 3 21 20 13 19 3 23 21 24 24
split_gain=65459.6 141508 66977 47294.9 64510.2 41528 48330.4 37304.8 45299.2 38326.7 46946.7 60255.9 34428.8 55154.5 42155.2 47968 43045.6 34099.5 42460.4 53690.4 42626.9 46309.8 73118.8 31654.5 31589.5 29010.3 28080.9 46494.3 48710.8 27999.8
threshold=0.99995780822346225 95.500000000000014 0.12500000000000003 0.99966190462023474 -0.37940952255126065 405.50000000000006 1.5000000000000002 37.500000000000007 38.500000000000007 5.5000000000000009 89.500000000000014 32.500000000000007 529.07692307692321 0.82414472752956958 0.19500000000000003 52.500000000000007 -0.53495380374625956 0.98005052076767474 19.350000000000005 465.50000000000006 0.097680735332368748 0.045000000000000005 74.500000000000014 12.050000000000002 14.450000000000001 -0.49065906150552346 499.5384615384616 0.23500000000000001 916.50000000000011 926.00000000000011
decision_type=2 2 2 2 2 2 2 2 2 2 2 2 2 2 2 2 2 2 2 2 2 2 2 2 2 2 2 2 2 2
left_child=2 -2 -1 5 -5 6 23 -8 -9 17 12 -12 14 -14 16 -16 -11 18 -10 -20 26 -22 -23 -4 -19 -18 -21 28 -28 -25
right_child=1 -3 3 4 -6 -7 7 8 9 10 11 -13 13 -15 15 -17 25 24 19 20 21 22 -24 29 -26 -27 27 -29 -30 -31
leaf_value=-0.15050601731886648 1.3160274505615235 -9.8189577647617892 -3.669749062370371 7.1843147571967991 -0.39003284627741036 0.84643332585741904 1.9862961780166988 -3.5306077076542763 0.96652779596182303 4.250631085364148 2.7217730385916576 -3.5298036231049177 1.12151368560488 5.5183773548372335 -5.4587999367713929 -0.35730976400540232 -3.1445697177024119 -0.13518448601598326 -5.1531867841015693 0.92113490585822955 0.08396684678948739 -1.6342432759985142 -8.1527816739949319 -0.020066323354888879 -5.3214055761694912 0.59418799131519373 -0.9929275748170453 0.192643087166014 -5.967726517640628 -0.9226719001476269
leaf_weight=10425 25 21 27 23 22 941 132 31 313 32 21 58 358 31 20 235 21 23 23 261 88 79 22 1533 24 1770 81 335 26 443
leaf_count=10425 25 21 27 23 22 941 132 31 313 32 21 58 358 31 20 235 21 23 23 261 88 79 22 1533 24 1770 81 335 26 443
internal_value=-3.1981e-09 -3.76734 0.00996076 0.249867 3.4813 0.228878 0.131814 0.333273 0.276627 0.307515 0.531639 -1.86799 0.608482 1.47191 0.446849 -0.757427 0.615303 -0.140029 -0.0388549 -0.382773 -0.259769 -1.593 -3.05412 -0.268891 -2.78347 0.55035 0.098668 -0.386997 -2.20176 -0.222422
internal_weight=17444 46 17398 6973 45 6928 5987 3984 3852 3821 2546 79 2467 389 2078 255 1823 1275 1228 915 892 189 101 2003 47 1791 703 442 107 1976
internal_count=17444 46 17398 6973 45 6928 5987 3984 3852 3821 2546 79 2467 389 2078 255 1823 1275 1228 915 892 189 101 2003 47 1791 703 442 107 1976
is_linear=0
shrinkage=0.1


Tree=50
num_leaves=31
num_cat=0
split_feature=1 12 3 25 24 3 22 3 8 21 2 23 12 24 2 25 14 25 13 3 14 0 11 19 16 19 24 23 2 14
split_gain=54932.4 34869.1 55517.4 28678.9 29813.1 33975.7 90763.7 68480.5 81218.6 51428.3 51529 47233.8 41360.3 28927.2 28590.6 28363.5 32316.7 38404 32921.3 30242.8 29488.6 32081.5 26746.3 25348.1 25094.1 24461.4 24361.3 55188.9 79319.9 31401.3
threshold=-0.78656609248549325 99.500000000000014 -0.50557503990954278 1.5000000000000002 279.50000000000006 0.85561368268953431 0.45000000000000007 0.93469109537144635 61.500000000000007 0.015000000000000001 -0.43733984355855576 209.2692307692308 21.500000000000004 500.00000000000006 0.8697513045430848 88.000000000000014 42.500000000000007 8.8076923076923102 15.450000000000001 0.98486764554468398 61.500000000000007 0.25881904510252091 309.50000000000006 12.15 0.65000000000000002 13.250000000000002 899.50000000000011 501.57692307692315 0.77244481603295057 68.500000000000014
decision_type=2 2 2 2 2 2 2 2 2 2 2 2 2 2 2 2 2 2 2 2 2 2 2 2 2 2 2 2 2 2
left_child=1 3 -3 14 -5 6 11 8 9 10 -7 -6 -10 -13 25 16 -9 -18 23 -20 21 -21 -15 -19 26 -1 27 -24 -29 -28
right_child=-2 2 -4 4 5 7 -8 15 12 -11 -12 13 -14 22 -16 -17 17 18 19 20 -22 -23 24 -25 -26 -27 29 28 -30 -31
leaf_value=-2.7903812384605411 -0.091046345145168794 5.6242612029824945 0.94377643854430548 3.7724974537437612 3.3926493751759432 -1.5784829051330174 -4.8839807370129762 -3.0798173944155378 -2.9448391720100684 -3.3760282863463673 4.6166957128047938 -3.3552560578693043 -8.5895473403930662 3.758250958811153 3.1129743022077228 -2.7488924903254355 -1.8744299724050191 1.005471826063262 3.7954859055578711 1.7321785598187835 4.2479032251238822 -2.8514577865600588 0.19729506149105669 -2.8702311189086349 3.1237600818276405 0.76438534329019825 0.92501535243634303 -0.5260245741450269 -5.8491044907956509 -1.7888350873861623
leaf_weight=20 13809 28 267 22 49 29 34 24 27 42 25 22 25 22 51 31 46 45 64 37 20 26 1238 27 30 603 583 115 37 46
leaf_count=20 13809 28 267 22 49 29 34 24 27 42 25 22 25 22 51 31 46 45 64 37 20 26 1238 27 30 603 583 115 37 46
internal_value=-2.12318e-09 0.345876 1.38803 0.25383 0.106494 0.0759901 0.242235 -0.696975 -2.47568 -0.751581 1.28966 0.323603 -5.65864 0.251752 0.836615 0.125677 0.434022 0.752257 1.30398 2.16205 0.902539 -0.159481 0.290069 -0.447917 0.252832 0.650268 0.210173 -0.0234953 -1.82177 0.726546
internal_weight=17444 3635 295 3340 2666 2644 2176 468 148 96 54 2142 52 2093 674 320 289 265 219 147 83 63 2071 72 2049 623 2019 1390 152 629
internal_count=17444 3635 295 3340 2666 2644 2176 468 148 96 54 2142 52 2093 674 320 289 265 219 147 83 63 2071 72 2049 623 2019 1390 152 629
is_linear=0
shrinkage=0.1


Tree=51
num_leaves=31
num_cat=0
split_feature=2 5 15 2 22 12 14 23 20 9 21 23 22 7 24 8 11 18 25 17 8 25 23 24 25 18 17 21 25 25
split_gain=52933.6 114936 49520.7 38402.5 34883 32380.7 66812.5 107097 48031.6 49920.3 35452.9 32510.9 28682 28626.7 58751 28427.3 34706.5 29846.1 37465.8 26435.5 25387.7 35731.1 33733.5 63401.8 71688.8 58536.8 56926.9 70036.2 41993.3 29503.3
threshold=0.99995780822346225 95.500000000000014 0.27500000000000008 0.99966190462023474 0.45000000000000007 1.5000000000000002 68.500000000000014 553.46153846153857 89.500000000000014 0.20500000000000004 0.115 603.7307692307694 0.15000000000000005 17.950000000000003 794.50000000000011 60.500000000000007 548.50000000000011 75.000000000000014 53.269230769230781 48.500000000000007 48.500000000000007 80.307692307692321 525.34615384615392 816.50000000000011 7.5384615384615392 11.500000000000002 34.500000000000007 0.095000000000000015 47.61538461538462 22.576923076923084
decision_type=2 2 2 2 2 2 2 2 2 2 2 2 2 2 2 2 2 2 2 2 2 2 2 2 2 2 2 2 2 2
left_child=2 -2 -1 4 5 6 13 -8 9 10 -7 12 20 -4 15 17 -17 18 -15 -16 21 22 23 26 -25 -26 27 28 -11 -28
right_child=1 -3 3 -5 -6 8 7 -9 -10 11 -12 -13 -14 14 19 16 -18 -19 -20 -21 -22 -23 -24 24 25 -27 29 -29 -30 -31
leaf_value=-0.090247374515845635 1.1935293197631835 -8.8416878283023834 1.4685122210910357 4.2042118606567387 -2.8706422219957624 1.5642436897053438 -9.2357943558692934 0.98901810759589781 -4.3395756387710573 -1.387949021105819 6.790110887799945 1.9685516380704939 2.9461763930591669 -0.60791271297951766 3.602489305579144 -0.75258973117804895 -5.2729070986168729 2.0793685272336009 -4.1869253754336384 0.18534048619326426 0.56428308917537551 3.2579718879290986 1.1457647876847874 1.9190569786798386 -8.2720548293420251 -2.3104929761588573 0.1432622926889873 -6.233975915114085 2.0524505266298849 3.3852259423870308
leaf_weight=12928 25 21 138 25 35 34 20 21 20 136 21 144 44 178 23 33 35 32 35 1443 1641 28 110 21 28 40 61 24 48 52
leaf_count=12928 25 21 138 25 35 34 20 21 20 136 21 144 44 178 23 33 35 32 35 1443 1641 28 110 21 28 40 61 24 48 52
internal_value=2.98273e-09 -3.38777 0.00895719 0.295874 0.273892 0.298849 -0.00438535 -3.9987 0.540991 0.581127 3.55957 0.51221 0.418295 0.0810433 -0.026585 -1.27028 -3.07922 -0.768208 -1.19601 0.238952 0.367483 -0.221839 -0.409214 -0.826403 -3.18806 -4.76525 -0.171614 -1.15317 -0.490453 1.63514
internal_weight=17444 46 17398 4470 4445 4410 1958 41 2452 2432 55 2377 2233 1917 1779 313 68 245 213 1466 2189 548 520 410 89 68 321 208 184 113
internal_count=17444 46 17398 4470 4445 4410 1958 41 2452 2432 55 2377 2233 1917 1779 313 68 245 213 1466 2189 548 520 410 89 68 321 208 184 113
is_linear=0
shrinkage=0.1


Tree=52
num_leaves=31
num_cat=0
split_feature=2 5 1 2 0 1 5 3 22 22 8 8 18 19 6 14 25 19 12 13 22 9 20 20 13 23 18 18 3 25
split_gain=42876.2 93097.9 44453.6 32147.6 144482 95881.1 51403.3 44071 24774.8 32401.6 23751.1 21358 84375.7 61035.1 47402 31815.2 38616.3 34310.4 27053.1 26081.3 22597.3 21163.5 20916.5 40597.4 27643.2 20891.7 23785.1 31644.2 60045.4 22288.6
threshold=0.99995780822346225 95.500000000000014 -0.9159756150367534 0.99818282439137029 -0.37940952255126065 0.1294095225512602 238.50000000000003 -0.013976481981245173 0.95000000000000007 0.45000000000000007 56.500000000000007 61.500000000000007 52.500000000000007 15.550000000000002 66.500000000000014 68.500000000000014 40.269230769230781 15.550000000000002 58.500000000000007 17.350000000000005 0.15000000000000005 0.43500000000000005 37.500000000000007 39.500000000000007 13.550000000000002 452.96153846153851 72.500000000000014 32.500000000000007 -0.80926783187727869 50.03846153846154
decision_type=2 2 2 2 2 2 2 2 2 2 2 2 2 2 2 2 2 2 2 2 2 2 2 2 2 2 2 2 2 2
left_child=2 -2 8 21 5 7 -6 -5 9 11 -9 15 14 18 19 20 17 -17 -14 -13 22 -4 -1 -24 -25 -23 27 29 -29 -27
right_child=1 -3 3 4 6 -7 -8 10 -10 -11 -12 12 13 -15 -16 16 -18 -19 -20 -21 -22 25 23 24 -26 26 -28 28 -30 -31
leaf_value=2.0256281474322981 1.0741764068603517 -7.9575190862019856 -0.10696773135797188 2.6571929204463962 -0.19351935692322561 0.49370440356433393 -5.3648555600124865 5.9696325778961183 3.8490787858054754 -3.5111990440459482 10.843138155937195 3.1316830004783389 -6.3603878250122072 0.94662908548489222 3.174638876172363 -2.8023722002583167 -5.5033161735534675 1.9024905631619118 -1.9390701463145594 0.62239525374505444 3.2085295783148875 -0.6616293246979299 -3.6362877291661726 2.6623895286245549 0.19245441847446887 0.46172588882438198 2.8245443287349885 0.64713532129923512 -5.7101564630866051 3.5478704929351808
leaf_weight=66 25 21 13723 20 117 48 23 20 21 21 20 47 25 48 122 31 20 31 31 349 27 184 27 47 1262 939 42 39 24 24
leaf_count=66 25 21 13723 20 117 48 23 20 21 21 20 47 25 48 122 31 20 31 31 349 27 184 27 47 1262 939 42 39 24 24
internal_value=-1.7739e-09 -3.04899 0.00806147 -0.0523589 1.07687 3.82497 -1.0431 6.48999 0.430948 0.397624 8.40639 0.436108 0.929306 -1.67003 1.45118 0.233083 -1.68247 -0.449941 -3.91287 0.920215 0.343003 -0.07106 0.287818 0.201969 0.281138 0.32252 0.492074 0.396593 -1.77469 0.538639
internal_weight=17444 46 17398 15223 248 108 140 60 2175 2154 40 2133 622 104 518 1511 82 62 56 396 1429 14975 1402 1336 1309 1252 1068 1026 63 963
internal_count=17444 46 17398 15223 248 108 140 60 2175 2154 40 2133 622 104 518 1511 82 62 56 396 1429 14975 1402 1336 1309 1252 1068 1026 63 963
is_linear=0
shrinkage=0.1


Tree=53
num_leaves=31
num_cat=0
split_feature=2 11 5 6 20 20 20 4 18 18 0 2 2 13 18 24 19 23 13 11 14 18 13 2 12 8 19 20 12 20
split_gain=34729.7 76077.5 36742.8 46579.3 40547.4 36702.6 44488.2 35714.1 43600.2 116636 42536 68808 80487.1 48965.2 35049.2 34202.1 51400.5 46883.2 43017.3 43765.2 33091.2 39222 51595.7 47855.7 37429.1 44324.9 41909.4 35240.9 31559.7 42114.9
threshold=0.99995780822346225 209.50000000000003 1.5000000000000002 1.5000000000000002 95.500000000000014 37.500000000000007 38.500000000000007 7.5000000000000009 57.500000000000007 60.000000000000007 1.0000000180025095e-35 0.98049069993378934 0.96904697354198299 18.750000000000004 5.5000000000000009 835.50000000000011 18.750000000000004 322.69230769230779 16.950000000000003 444.50000000000006 36.500000000000007 2.5000000000000004 24.450000000000003 0.84773968378660736 94.500000000000014 54.500000000000007 15.550000000000002 56.500000000000007 15.500000000000002 88.500000000000014
decision_type=2 2 2 2 2 2 2 2 2 2 2 2 2 2 2 2 2 2 2 2 2 2 2 2 2 2 2 2 2 2
left_child=2 -2 -1 14 5 -5 -7 8 20 -10 11 12 28 -13 -4 17 -17 18 19 -12 21 22 -8 -23 -22 26 -26 -27 -11 -30
right_child=1 -3 3 4 -6 6 7 -9 9 10 15 13 -14 -15 -16 16 -18 -19 -20 -21 24 23 -24 -25 25 27 -28 -29 29 -31
leaf_value=-0.14499942835070928 0.82269923136784484 -7.3809159755706792 0.068250183415210178 1.7685231917575432 -4.1763729198277 -4.1984765591946518 0.63767848636793056 -0.0033334064284891878 -5.6950292010688122 -0.44245698328714572 -1.0749939634921213 1.996912534086376 -4.9004788479634698 7.8684938049316404 -0.62898563157195952 -5.8388602133574237 -0.88405080686312132 2.2790379049227787 -4.0607423817410186 3.2155206165006085 0.6280309575426386 -1.2974874526548845 -5.6576758718490607 3.666418330900131 -2.6212047510893974 5.2477418409075058 1.7756745307989743 1.8759122723411097 2.1662698088044468 -2.5111113212452358
leaf_weight=8294 26 20 2296 173 20 22 23 2219 36 137 102 49 28 20 1051 28 83 65 34 31 2005 52 30 31 41 35 46 271 154 22
leaf_count=8294 26 20 2296 173 20 22 23 2219 36 137 102 49 28 20 1051 28 83 65 34 31 2005 52 30 31 41 35 46 271 154 22
internal_value=5.15542e-10 -2.74409 0.00725533 0.145964 0.318432 0.334102 0.289502 0.307318 0.514761 -0.134387 0.13146 0.818902 0.236162 3.69882 -0.150691 -0.690263 -2.13391 0.00044818 -0.886428 -0.0749492 0.716884 -0.800544 -2.92573 0.556501 0.802943 1.6953 -0.296418 2.26158 0.695669 1.5816
internal_weight=17444 46 17398 9104 5757 5737 5564 5542 3323 789 753 410 341 69 3347 343 111 232 167 133 2534 136 53 83 2398 393 87 306 313 176
internal_count=17444 46 17398 9104 5757 5737 5564 5542 3323 789 753 410 341 69 3347 343 111 232 167 133 2534 136 53 83 2398 393 87 306 313 176
is_linear=0
shrinkage=0.1


Tree=54
num_leaves=31
num_cat=0
split_feature=1 0 11 3 25 21 24 24 15 3 3 9 24 24 9 2 17 3 12 13 2 17 6 8 15 5 2 6 2 25
split_gain=30570.8 20925.1 37906 43536.1 41756.6 41334 47838.1 79183 50199.8 33628.2 26335.8 29189.5 23385.3 22464.7 19756.9 24853.9 21059.1 46814.9 24627.8 40476.2 30008.3 47831.2 38258.5 21124.2 18310.9 20803.4 20097.6 27933 27860.8 25331.6
threshold=-0.9159756150367534 1.0000000180025095e-35 697.50000000000011 -0.42179730054635828 21.80769230769231 0.045000000000000005 866.50000000000011 832.50000000000011 0.49500000000000005 -0.83849291496497236 0.19969739736768838 0.50500000000000012 866.50000000000011 724.00000000000011 0.43500000000000005 0.98802474685579866 130.00000000000003 0.14888728888808328 25.500000000000004 27.350000000000005 0.51297097409535064 354.50000000000006 2.5000000000000004 62.500000000000007 0.47500000000000003 600.50000000000011 0.98213580174693105 35.500000000000007 0.99466373373798567 4.0384615384615392
decision_type=2 2 2 2 2 2 2 2 2 2 2 2 2 2 2 2 2 2 2 2 2 2 2 2 2 2 2 2 2 2
left_child=1 10 3 -3 -4 -6 7 8 -7 -8 11 -1 -5 -12 24 16 17 -16 20 -20 -18 23 -23 -22 25 -2 27 29 -28 -27
right_child=14 2 4 12 5 6 9 -9 -10 -11 13 -13 -14 -15 15 -17 18 -19 19 -21 21 22 -24 -25 -26 26 28 -29 -30 -31
leaf_value=3.1632091649821108 -0.076608620943248967 3.8617894478333308 0.096993808818866378 0.52741995570572342 2.5779544875735332 -4.3659528619534269 -3.9357997438182006 -9.0100874792445804 1.4346888461112977 0.44201988734153885 0.36788451537438682 0.9322105731566378 -2.939065997004509 -2.5977693939847608 -5.3663877895900178 3.5856591268726015 0.3968257111945403 0.2599592905044556 2.7240367215638068 -0.56665029465141947 1.0755566932260991 -6.5946055417259535 -0.75000253404889794 -2.5164601152593438 1.7887872164066021 2.1315130758285523 2.8005074090427824 -4.7911637088060379 -1.5933690062453669 -1.7877565565261435
leaf_weight=71 13749 39 471 722 21 37 23 22 25 74 291 337 20 28 21 23 879 50 102 59 64 24 21 22 52 20 27 25 31 94
leaf_count=71 13749 39 471 722 21 37 23 22 25 74 291 337 20 28 21 23 879 50 102 59 64 24 21 22 52 20 27 25 31 94
internal_value=-8.08911e-10 0.350205 0.131182 0.605155 -0.418853 -1.62164 -2.10889 -3.85589 -2.02698 -0.59602 0.788253 1.32045 0.433984 0.107576 -0.0500424 0.328424 0.268105 -1.40417 0.369498 1.51813 0.186399 -1.22555 -3.86712 0.156669 -0.0842444 -0.0912284 -1.11157 -1.76401 0.452056 -1.10017
internal_weight=17444 2181 1454 781 673 202 181 84 62 97 727 408 742 319 15263 1265 1242 71 1171 161 1010 131 45 86 13998 13946 197 139 58 114
internal_count=17444 2181 1454 781 673 202 181 84 62 97 727 408 742 319 15263 1265 1242 71 1171 161 1010 131 45 86 13998 13946 197 139 58 114
is_linear=0
shrinkage=0.1


Tree=55
num_leaves=31
num_cat=0
split_feature=2 5 1 2 0 1 5 3 8 22 22 4 11 13 7 24 24 23 2 12 7 5 23 0 3 20 7 13 13 20
split_gain=27628.4 61077.9 27334 23793.7 108134 70772.9 39184.4 35608.7 19962.7 19479 26281.5 18043.2 33682.9 35871.4 37466.3 29868.5 38307 33189.6 29479.5 30893.6 24179.8 27735.8 22538.6 21569.5 31162.7 22001.4 21665.6 20721.7 29479.5 22462.6
threshold=0.99995780822346225 95.500000000000014 -0.9159756150367534 0.99818282439137029 -0.37940952255126065 0.1294095225512602 238.50000000000003 -0.013976481981245173 56.500000000000007 0.95000000000000007 0.45000000000000007 11.500000000000002 440.50000000000006 19.150000000000002 16.550000000000004 441.50000000000006 485.50000000000006 220.03846153846158 -0.37447345805034543 53.500000000000007 15.750000000000002 423.50000000000006 191.2692307692308 1.0000000180025095e-35 0.18281312110578132 72.500000000000014 26.150000000000002 14.550000000000002 15.550000000000002 53.500000000000007
decision_type=2 2 2 2 2 2 2 2 2 2 2 2 2 2 2 2 2 2 2 2 2 2 2 2 2 2 2 2 2 2
left_child=2 -2 9 -4 5 7 -6 -5 -9 10 11 12 13 14 -1 -14 -17 -18 19 -13 -20 -22 -23 24 26 -26 -19 -25 -29 -30
right_child=1 -3 3 4 6 -7 -8 8 -10 -11 -12 18 15 -15 -16 16 17 23 20 -21 21 22 -24 27 25 -27 -28 28 29 -31
leaf_value=2.7145143938443019 0.89214971923828124 -6.4233062744140632 -0.056996082597171954 2.1524180173873901 -0.16166969384902563 0.44596027409036954 -4.6767347667528236 5.0862698736786847 9.5542373239994056 3.3689439044112248 -3.2118379490716116 -0.35433324683796275 3.2028955650329594 4.7792280659531103 -0.85746979894963182 -3.290085454384486 3.7927033060126831 2.3263544487398726 -2.5069130946482936 -5.7847428122162823 3.3097914355416451 -2.8511603935905128 0.93131070381402969 2.0859628490779709 0.41422800435469703 -1.942106546644579 0.74218178280411562 -3.6229114830493927 0.86866876354261646 -0.24494465419665176
leaf_weight=63 25 21 14975 20 117 48 23 20 20 21 21 22 35 33 55 30 27 129 28 20 31 23 50 46 130 57 261 23 231 839
leaf_count=63 25 21 14975 20 117 48 23 20 20 21 21 22 35 33 55 30 27 129 28 20 31 23 50 46 130 57 261 23 231 839
internal_value=9.66499e-10 -2.44751 0.00647119 -0.0409073 0.930582 3.30801 -0.90343 5.59764 7.32025 0.338077 0.308528 0.343187 0.429867 1.86469 1.04961 0.310034 0.252927 0.313909 -0.632709 -2.94024 0.101506 0.803773 -0.260427 0.259172 0.757294 -0.304013 1.26618 0.00683165 -0.0806707 -0.00452905
internal_weight=17444 46 17398 15223 248 108 140 60 40 2175 2154 2133 1959 151 118 1808 1773 1743 174 42 132 104 73 1716 577 187 390 1139 1093 1070
internal_count=17444 46 17398 15223 248 108 140 60 40 2175 2154 2133 1959 151 118 1808 1773 1743 174 42 132 104 73 1716 577 187 390 1139 1093 1070
is_linear=0
shrinkage=0.1


Tree=56
num_leaves=31
num_cat=0
split_feature=2 11 5 6 25 25 2 3 2 24 24 24 2 20 22 0 2 2 25 12 20 17 19 14 6 13 8 3 20 3
split_gain=22379 49937.8 24018.3 36910.6 35121.8 47194.9 100871 39801.4 37284.4 91844.2 29901.4 44558.3 43313.1 30377.7 30003.6 29683.1 88339.9 46624 37755.6 51808.2 57600.3 40539.7 42164.9 37679.5 44079 45746.6 65375.3 35828.9 34558.8 31387.6
threshold=0.99995780822346225 209.50000000000003 1.5000000000000002 1.5000000000000002 98.730769230769241 91.538461538461561 0.67802080537253973 0.98332250088165762 -0.32614396506100213 324.00000000000006 534.50000000000011 441.50000000000006 0.35846314187849709 79.500000000000014 0.15000000000000005 0.25881904510252091 0.99907018497641664 0.99907018497641664 58.346153846153854 2.5000000000000004 70.500000000000014 282.50000000000006 11.750000000000002 36.500000000000007 90.500000000000014 20.450000000000003 71.500000000000014 -0.23537842981696178 52.500000000000007 0.011826144619637555
decision_type=2 2 2 2 2 2 2 2 2 2 2 2 2 2 2 2 2 2 2 2 2 2 2 2 2 2 2 2 2 2
left_child=2 -2 -1 10 5 8 7 -7 9 -5 11 -4 -13 14 -12 16 23 18 -17 20 -20 22 -21 28 -25 27 -27 -26 -10 -18
right_child=1 -3 3 4 -6 6 -8 -9 15 -11 13 12 -14 -15 -16 17 29 -19 19 21 -22 -23 -24 24 25 26 -28 -29 -30 -31
leaf_value=-0.11727531977305075 0.68701152434715862 -5.9594709634780889 1.3159774751766868 -5.4590118366864422 2.3013171342157182 1.4460072972476483 -8.069061936792874 -3.1613156207402549 2.1185237040886515 0.02541422877539512 -0.10088333232311666 -1.5091387516094579 -6.3454332655126402 1.6969528263117721 -3.7262893194737643 0.5142819345822075 2.3141396731138228 -3.493887629508972 -6.5917789144762642 -2.7391034996823262 -0.041794842720031741 -3.3394854484285625 0.90058043675535204 0.46570968802285684 -1.3205818958615638 2.1750555415948232 8.637837364971638 1.4997853442927203 -2.0007405932913436 7.5434100821614267
leaf_weight=8294 26 20 46 31 84 50 21 30 26 2033 3045 117 22 94 23 978 22 35 29 38 25 35 196 1561 53 72 20 300 94 24
leaf_count=8294 26 20 46 31 84 50 21 30 26 2033 3045 117 22 94 23 978 22 35 29 38 25 35 196 1561 53 72 20 300 94 24
internal_value=1.74243e-09 -2.20276 0.00582407 0.117971 0.2715 0.241444 -1.90089 -0.281739 0.280277 -0.0569584 -0.146105 -1.3818 -2.2746 -0.073808 -0.128062 0.478696 0.706834 0.1078 0.204694 -0.732695 -3.55938 -0.165257 0.309521 0.613025 0.715991 1.59394 3.58001 1.07633 -1.10823 5.04245
internal_weight=17444 46 17398 9104 5757 5673 101 80 5572 2064 3347 185 139 3162 3068 3508 2172 1336 1301 323 54 269 234 2126 2006 445 92 353 120 46
internal_count=17444 46 17398 9104 5757 5673 101 80 5572 2064 3347 185 139 3162 3068 3508 2172 1336 1301 323 54 269 234 2126 2006 445 92 353 120 46
is_linear=0
shrinkage=0.1


Tree=57
num_leaves=31
num_cat=0
split_feature=1 20 20 18 12 11 24 25 21 9 13 25 25 2 22 22 23 7 12 19 25 9 15 25 25 12 11 13 19 18
split_gain=19396.5 24958.2 84848 77975.2 33200.5 46681 27554.3 30446.5 48436.2 24599.6 36690 24427.5 66594.8 50982.7 42837.7 55696.6 39056.3 50167.1 33760.4 23203.1 33410.2 28553.1 29356.8 21907.3 21167.5 49944.3 41634.6 33612.2 38153.6 31195.3
threshold=-0.78656609248549325 56.500000000000007 57.500000000000007 5.5000000000000009 99.500000000000014 464.50000000000006 479.50000000000006 49.461538461538474 0.115 0.40500000000000008 23.950000000000003 98.730769230769241 91.423076923076948 0.45273815774107123 0.55000000000000016 0.35000000000000003 166.73076923076925 17.350000000000005 70.500000000000014 12.65 20.26923076923077 0.34500000000000003 0.36500000000000005 3.6538461538461546 52.076923076923087 1.5000000000000002 607.50000000000011 14.550000000000002 13.250000000000002 87.500000000000014
decision_type=2 2 2 2 2 2 2 2 2 2 2 2 2 2 2 2 2 2 2 2 2 2 2 2 2 2 2 2 2 2
left_child=1 4 3 -3 6 -6 -1 19 -9 -10 -11 12 14 -14 15 16 17 -4 -16 20 -8 -21 -23 -24 -18 26 -26 -27 -29 -30
right_child=-2 2 11 -5 5 -7 7 8 9 10 -12 -13 13 -15 18 -17 24 -19 -20 21 -22 22 23 -25 25 27 -28 28 29 -31
leaf_value=4.2040392091870311 -0.054101598158938315 -1.0444211176308718 1.0858898515701294 -7.7799529056549082 6.7475324222019744 -0.0029894134402275088 0.64259568534114153 1.3729276913516928 -5.0584162235260015 1.6805166721343996 -3.7098250374197961 2.9929176010688145 -1.0187269033704485 -7.3478553080558786 5.2164164499441785 -4.5576260070800778 0.11559466167977735 -4.7792887387956888 -0.087701828479766847 2.8182664402680739 -3.9353181219100954 -2.0475369742593252 0.39739356835108297 1.815830490713167 -3.7592275989683053 4.6732857153333471 0.92189673816932283 -1.1993206114219181 2.4321008275129969 0.071891669999985461
leaf_weight=20 13809 55 25 25 21 20 44 53 26 23 28 30 35 20 30 25 2065 35 20 70 25 37 324 164 38 29 38 58 168 84
leaf_count=20 13809 55 25 25 21 20 44 53 26 23 28 30 35 20 30 25 2065 35 20 70 25 37 324 164 38 29 38 58 168 84
internal_value=-1.77054e-09 0.205527 0.06021 -3.14927 0.678018 3.45459 0.538165 0.445826 -0.953668 -2.55509 -1.27889 0.155306 0.123423 -3.32023 0.195851 0.139342 0.185572 -2.33546 3.09477 0.719823 -1.01607 0.921129 0.668177 0.874081 0.246565 0.89826 -1.41867 1.41769 1.11313 1.64536
internal_weight=17444 3635 2780 80 855 41 814 794 130 77 51 2700 2670 55 2615 2565 2540 60 50 664 69 595 525 488 2480 415 76 339 310 252
internal_count=17444 3635 2780 80 855 41 814 794 130 77 51 2700 2670 55 2615 2565 2540 60 50 664 69 595 525 488 2480 415 76 339 310 252
is_linear=0
shrinkage=0.1


Tree=58
num_leaves=31
num_cat=0
split_feature=5 2 5 6 11 25 25 23 19 24 23 21 20 20 7 11 6 8 11 14 24 20 25 23 18 19 2 7 23 24
split_gain=18297.9 17228.8 39357.5 17739 31220.9 33489.3 28701 30516.9 90654.2 50552.6 62957.9 44137.6 100787 62205.8 53981.4 47472.3 49597 42404.3 48955 36848.9 32350.5 31274.6 41477 26279.9 45602.8 23980.2 74333 72125.7 51175.4 49233.9
threshold=955.50000000000011 0.99995780822346225 95.500000000000014 1.5000000000000002 15.500000000000002 0.88461538461538469 99.923076923076934 253.84615384615387 14.350000000000003 563.50000000000011 264.84615384615387 0.015000000000000001 72.500000000000014 63.500000000000007 19.850000000000005 212.50000000000003 12.500000000000002 68.500000000000014 389.50000000000006 61.500000000000007 568.50000000000011 89.500000000000014 86.192307692307708 238.23076923076925 38.000000000000007 20.750000000000004 0.90892735371523092 20.350000000000005 559.88461538461559 612.00000000000011
decision_type=2 2 2 2 2 2 2 2 2 2 2 2 2 2 2 2 2 2 2 2 2 2 2 2 2 2 2 2 2 2
left_child=1 3 -3 -1 -5 -6 7 8 21 -9 -11 -10 13 14 19 -14 -17 18 -18 -13 -12 23 -23 -7 -25 28 29 -28 -22 -27
right_child=-2 2 -4 4 5 6 -8 9 11 10 20 12 15 -15 -16 16 17 -19 -20 -21 25 22 -24 24 -26 26 27 -29 -30 -31
leaf_value=-0.14064673650144519 1.2357795552796678 0.73964374923706055 -5.1327192533583874 -0.090178844659810187 1.1342848497423894 1.2327133516348792 2.3485536950826646 2.0084939243885258 -0.17305474165916343 -3.7830304543177284 3.1983691629525777 -7.7732134829867974 -1.4072676790580154 0.66922413926571611 1.3310859021686374 -9.3767546376044102 -5.88889611363411 -7.7135954538981126 0.4147676776562419 -2.3042240777185987 0.45058890005373631 -3.5735364030850563 1.6098716289951254 -2.2871268299318128 1.8684662111427475 -3.2524703738301302 -7.3230439697150835 0.21125092009703317 5.4208296360004518 0.17095078698326735
leaf_weight=6092 119 25 21 5779 392 418 60 164 292 39 37 22 50 150 21 22 22 21 28 28 1532 38 26 62 46 43 27 24 21 1823
leaf_count=6092 119 25 21 5779 392 418 60 164 292 39 37 22 50 150 21 22 22 21 28 28 1532 38 26 62 46 43 27 24 21 1823
internal_value=-2.02994e-09 -0.00848818 -1.94122 -0.00334289 0.0714274 0.24412 0.174554 0.148234 -0.279952 0.29204 0.212655 -1.08888 -1.82355 -0.485034 -2.92361 -3.89217 -5.22813 -3.94264 -2.35884 -4.71058 0.25709 0.619464 -1.46778 0.873425 -0.517152 0.225728 -0.0108842 -3.77749 0.517798 0.0920617
internal_weight=17444 17325 46 17279 11187 5408 5016 4956 1246 3710 3546 656 364 221 71 143 93 71 50 50 3507 590 64 526 108 3470 1917 51 1553 1866
internal_count=17444 17325 46 17279 11187 5408 5016 4956 1246 3710 3546 656 364 221 71 143 93 71 50 50 3507 590 64 526 108 3470 1917 51 1553 1866
is_linear=0
shrinkage=0.1


Tree=59
num_leaves=31
num_cat=0
split_feature=21 5 6 1 25 25 12 23 23 3 23 25 21 20 6 13 2 22 25 19 19 19 13 3 3 7 20 7 6 20
split_gain=15690.8 21399.1 15227.6 20407.9 30966.9 29879.7 25640.7 41707.5 62322.6 77994.9 57290.7 41327.1 44229.6 45453.6 66808.8 44992.1 40542.4 36059 34613 31444.4 64193.4 38537.2 57323.3 36618.6 63030.8 37847.6 55718.4 32161.4 31513.5 31162.8
threshold=0.34500000000000003 185.50000000000003 1.5000000000000002 -0.5 99.923076923076934 6.1538461538461542 4.5000000000000009 529.07692307692321 503.80769230769238 -0.53495380374625956 519.57692307692321 8.8076923076923102 0.18500000000000003 88.500000000000014 88.500000000000014 19.850000000000005 0.70290292807158616 0.45000000000000007 91.538461538461561 18.850000000000005 18.650000000000002 14.15 15.15 0.88117331841669433 0.91852788691372023 18.450000000000003 57.500000000000007 20.850000000000005 67.500000000000014 73.500000000000014
decision_type=2 2 2 2 2 2 2 2 2 2 2 2 2 2 2 2 2 2 2 2 2 2 2 2 2 2 2 2 2 2
left_child=2 -2 -1 4 5 -4 18 8 9 -8 -10 -11 13 17 -15 -14 -9 19 -7 20 21 -13 29 25 -25 26 -24 28 -27 -23
right_child=1 -3 3 -5 -6 6 7 16 10 11 -12 12 15 14 -16 -17 -18 -19 -20 -21 -22 22 23 24 -26 27 -28 -29 -30 -31
leaf_value=-0.15764707191115512 -0.073218433495377627 0.89568785890306291 0.79105360818769088 -0.052072124836528268 2.8139694473017816 -0.31352969513658796 4.6475976453759733 0.83128882546103411 -5.0954283985980728 -2.4308801773141644 -0.26071951948759853 0.92238466700599087 -5.8291482039860325 -0.042798774604555931 -5.4589358102530241 -0.74625758175172063 4.1060389474034311 2.9589883218731798 -4.3371102170510722 1.203842230357536 -4.142761315493023 -4.9615992198119301 -4.1428982334752238 -4.748842334747315 -0.13737603153458378 1.9420971761457624 0.48452892824087618 0.22879732246510687 6.1911716699600223 -0.66335559968025459
leaf_weight=5530 463 449 701 7257 46 759 39 178 43 61 57 496 21 79 32 102 48 57 22 365 34 37 31 37 149 64 162 70 24 31
leaf_count=5530 463 449 701 7257 46 759 39 178 43 61 57 496 21 79 32 102 48 57 22 365 34 37 31 37 149 64 162 70 24 31
internal_value=-1.19248e-10 0.403798 -0.0222758 0.0457666 0.235357 0.20329 0.0658575 0.239435 0.0933034 0.221963 -2.33964 0.128766 0.215946 0.350893 -1.60421 -1.61407 1.52681 0.490274 -0.42687 0.396463 0.136821 0.268979 -0.266706 0.0796756 -1.05471 0.680803 -0.258737 1.82847 3.10094 -3.00211
internal_weight=17444 912 16532 11002 3745 3699 2998 2217 1991 1891 100 1852 1791 1668 111 123 226 1557 781 1500 1135 1101 605 537 186 351 193 158 88 68
internal_count=17444 912 16532 11002 3745 3699 2998 2217 1991 1891 100 1852 1791 1668 111 123 226 1557 781 1500 1135 1101 605 537 186 351 193 158 88 68
is_linear=0
shrinkage=0.1


Tree=60
num_leaves=31
num_cat=0
split_feature=24 5 12 1 3 11 23 24 13 24 23 20 12 7 19 24 22 20 11 25 11 6 13 14 6 12 19 8 5 0
split_gain=14469.9 16416.8 12897.5 18665.9 30733.3 35972.3 42532.9 28170.1 47577.3 33661.7 64897.1 40514.9 50679.1 61907.5 47034 38916.1 33934.6 30282.3 29754 29016.4 27543.3 25121.6 24041.8 27883.3 29653.6 23880.9 26191.9 23493.7 47322.2 35196.4
threshold=980.50000000000011 197.50000000000003 5.5000000000000009 -0.12940952255126037 0.63089349388778826 566.50000000000011 295.65384615384625 724.00000000000011 26.050000000000004 853.50000000000011 375.84615384615387 73.500000000000014 99.500000000000014 16.950000000000003 16.550000000000004 795.50000000000011 0.15000000000000005 72.500000000000014 578.50000000000011 9.9615384615384635 668.50000000000011 13.500000000000002 11.550000000000002 47.500000000000007 98.500000000000014 99.500000000000014 17.650000000000002 57.500000000000007 752.50000000000011 1.0000000180025095e-35
decision_type=2 2 2 2 2 2 2 2 2 2 2 2 2 2 2 2 2 2 2 2 2 2 2 2 2 2 2 2 2 2
left_child=2 -2 -1 4 7 21 -7 8 20 10 -9 12 14 -14 -11 -12 -16 -10 -13 -17 22 -6 -4 -24 -25 27 -27 28 -21 -29
right_child=1 -3 3 -5 5 6 -8 9 17 11 15 18 13 -15 16 19 -18 -19 -20 25 -22 -23 23 24 -26 26 -28 29 -30 -31
leaf_value=-0.11552489435080959 -0.040999888750310576 1.0267352666214316 -1.5264914884737559 -0.07093487672609107 -0.64501570985701528 -0.10646905874212582 -6.3505432510375979 -4.9008048955736498 0.17619478566681637 -4.5202439955302642 0.68538772897799971 0.78909678238310987 7.5125994548201565 1.276367135689809 0.35965368453563262 0.80286195166222751 -3.7071524120512467 -4.4085050983726983 4.0789618903840035 -3.5527750115184227 3.5303131251893145 0.206293850528771 2.4953497637271882 0.54595248541677177 3.2771069369532846 -5.3473965589816759 -0.93967355660029828 1.5700096729596458 0.8912001206262693 -1.18276999180709
leaf_weight=7418 288 288 35 5036 494 24 20 29 34 21 363 56 20 78 894 100 21 25 54 68 47 1162 125 412 44 26 28 75 37 122
leaf_count=7418 288 288 35 5036 494 24 20 29 34 21 363 56 20 78 894 100 21 25 54 68 47 1162 125 412 44 26 28 75 37 122
internal_value=-5.66645e-10 0.492868 -0.0168302 0.0606425 0.210761 -0.122641 -2.94468 0.419599 0.954736 0.225638 -0.251823 0.57956 0.385458 2.54907 0.158926 -0.0872073 0.266317 -1.76647 2.40412 -0.702234 1.19689 -0.0476596 1.01886 1.17219 0.809485 -1.12501 -3.06191 -0.77868 -1.9868 -0.134757
internal_weight=17444 576 16868 9450 4414 1700 44 2714 722 1992 848 1144 1034 98 936 819 915 59 110 456 663 1656 616 581 456 356 54 302 105 197
internal_count=17444 576 16868 9450 4414 1700 44 2714 722 1992 848 1144 1034 98 936 819 915 59 110 456 663 1656 616 581 456 356 54 302 105 197
is_linear=0
shrinkage=0.1


Tree=61
num_leaves=31
num_cat=0
split_feature=5 20 20 14 2 15 21 5 14 13 6 19 3 7 0 2 2 7 13 14 18 21 7 13 2 15 11 24 22 5
split_gain=13697.9 11846.7 55122.7 76498.9 75344.4 22462.6 25358.5 19872.1 40764.3 26524.8 35850.6 20242.1 26304.9 22656.5 20695.2 19663.6 138060 161184 38370.8 52629.8 38148.4 27513.8 27718.3 26680.8 25049.9 24629.3 22136.1 32825.5 31282.6 25475.8
threshold=955.50000000000011 56.500000000000007 57.500000000000007 53.500000000000007 0.9550229469509578 0.31500000000000006 0.32500000000000007 76.500000000000014 58.500000000000007 12.050000000000002 6.5000000000000009 21.350000000000005 -0.31800055644052067 22.150000000000002 0.25881904510252091 0.86548282553247169 0.86113431103781346 18.750000000000004 21.050000000000004 52.500000000000007 3.5000000000000004 0.19500000000000003 22.050000000000004 22.950000000000003 0.97314989601849466 0.32500000000000007 461.50000000000006 656.50000000000011 1.0000000180025095e-35 556.50000000000011
decision_type=2 2 2 2 2 2 2 2 2 2 2 2 2 2 2 2 2 2 2 2 2 2 2 2 2 2 2 2 2 2
left_child=1 7 3 4 -3 -5 -7 -1 9 10 -9 12 -10 14 -13 16 -4 -18 21 20 24 22 26 -22 -20 -24 29 -28 -29 -17
right_child=-2 2 15 5 -6 6 -8 8 11 -11 -12 13 -14 -15 -16 18 17 -19 19 -21 23 -23 25 -25 -26 -27 27 28 -30 -31
leaf_value=-0.058236392494374595 1.0692213021907486 -1.7232152409189276 -0.049059079709238868 -0.18264973865800382 -8.4850062168561493 -5.254815945327282 -0.68760655868437981 -5.0359808026502533 4.3974234265665855 0.10862157544288216 0.32372659453405789 0.64661250039935114 1.2990270493394238 0.84792527787487748 -2.9224910577138266 0.10074735401198268 -0.52661876508167815 -12.280659933090211 0.78904491152082179 4.4828070708411811 -0.019161616414785386 -3.2476504211003583 -0.0084714507234507595 2.9430531475692989 -3.8958722138404847 -4.2054720419424552 3.8271446333612715 0.9404090710741575 -2.1765243459285961 -3.4075606346130374
leaf_weight=2230 119 45 10704 259 26 20 31 24 31 1048 26 32 236 399 33 1440 28 20 21 47 55 24 29 68 25 27 35 305 36 21
leaf_count=2230 119 45 10704 259 26 20 31 24 31 1048 26 32 236 399 33 1440 28 20 21 47 55 24 29 68 25 27 35 305 36 21
internal_value=3.02957e-10 -0.00734415 -0.0530847 -1.23851 -4.19936 -0.560382 -2.47867 0.142149 0.386468 0.00126481 -2.24893 0.965064 1.65877 0.565887 -1.16539 -0.0180324 -0.073055 -5.42414 0.259324 1.52286 0.699686 0.116954 0.159611 1.61849 -1.75711 -2.03203 0.226422 0.910691 0.611349 0.0503199
internal_weight=17444 17325 13266 381 71 310 51 4059 1829 1098 50 731 267 464 65 12885 10752 48 2133 216 169 1917 1893 123 46 56 1837 376 341 1461
internal_count=17444 17325 13266 381 71 310 51 4059 1829 1098 50 731 267 464 65 12885 10752 48 2133 216 169 1917 1893 123 46 56 1837 376 341 1461
is_linear=0
shrinkage=0.1


Tree=62
num_leaves=31
num_cat=0
split_feature=18 1 20 25 23 22 20 2 2 8 13 7 3 2 13 13 25 18 0 8 14 20 25 18 18 2 6 2 21 11
split_gain=12406.5 25235.8 37956.6 41536.9 44589.4 36508.3 23791.7 52208.2 89208.2 37213.7 28459.5 31403.7 23973.5 23156.3 22645.9 26107.9 23094 54747.1 41331.7 33608.6 29474 26707.1 24220.9 36882.9 30312.8 21786.1 20405.7 23664.2 20915.7 39497.9
threshold=16.500000000000004 -0.3794095225512602 85.500000000000014 79.07692307692308 206.2692307692308 0.25000000000000006 66.500000000000014 0.86548282553247169 0.83849049182116964 41.500000000000007 21.650000000000002 19.750000000000004 0.9863035000474919 0.99966190462023474 14.65 15.350000000000003 21.26923076923077 8.5000000000000018 1.0000000180025095e-35 67.500000000000014 52.500000000000007 73.500000000000014 5.1923076923076934 1.5000000000000002 3.5000000000000004 0.90162119223771331 21.500000000000004 0.98522604642031408 0.055000000000000007 520.50000000000011
decision_type=2 2 2 2 2 2 2 2 2 2 2 2 2 2 2 2 2 2 2 2 2 2 2 2 2 2 2 2 2 2
left_child=1 2 3 4 -1 6 12 8 14 -9 11 -11 13 26 -8 -16 22 18 20 -19 -18 -22 23 -17 -25 -13 27 -6 29 -28
right_child=-2 -3 -4 -5 5 -7 7 9 -10 10 -12 25 -14 -15 15 16 17 19 -20 -21 21 -23 -24 24 -26 -27 28 -29 -30 -31
leaf_value=2.7121330001287993 -0.11170531711241116 -0.053075942398806676 2.4017915496119748 -3.1660487856715918 0.32479294054368135 3.8658135640676381 1.2454331927239262 -1.8659412668810953 -6.0569390517693984 1.7719932939596239 4.0171103423833854 1.1754403636569071 -2.5776491200482408 -2.4912525803954515 -3.2783190217117473 0.079385758486002864 -0.8578568952424187 -0.29001145728904271 -0.80482235423527482 3.9838078291519832 -2.8170664707819624 -7.3267584414317701 0.50720989658605675 -4.3739324210321202 -1.0497416016711316 -3.1936287369728089 0.91184752178780826 -2.8380245367685957 1.2759213193627446 -3.2854797497872386
leaf_weight=72 6333 6944 81 36 1651 27 94 36 27 157 40 21 27 27 30 354 21 92 86 23 24 29 421 34 142 25 81 24 454 31
leaf_count=72 6333 6944 81 36 1651 27 94 36 27 157 40 21 27 27 30 354 21 92 86 23 24 29 421 34 142 25 81 24 454 31
internal_value=-9.39755e-10 0.0636693 0.258217 0.215723 0.245783 0.201143 0.1761 -0.112782 -0.365522 1.13461 1.57914 1.09875 0.384548 0.419813 -0.251694 -0.36374 -0.292421 -1.09952 -2.29572 0.564752 -4.02839 -5.28463 -0.0590316 -0.50882 -1.69191 -1.19905 0.454886 0.279475 0.973989 -0.249913
internal_weight=17444 11111 4167 4086 4050 3978 3951 1656 1377 279 243 203 2295 2268 1350 1256 1226 275 160 115 74 53 951 530 176 46 2241 1675 566 112
internal_count=17444 11111 4167 4086 4050 3978 3951 1656 1377 279 243 203 2295 2268 1350 1256 1226 275 160 115 74 53 951 530 176 46 2241 1675 566 112
is_linear=0
shrinkage=0.1


Tree=63
num_leaves=31
num_cat=0
split_feature=24 5 2 19 0 6 25 1 8 21 19 25 24 25 19 6 20 8 24 20 18 21 14 21 2 0 25 21 25 11
split_gain=10911.7 12234.5 16410.8 17386.1 13748.1 11469.6 12772.2 10694.4 19152.6 27517.8 36661.3 33764 71211.1 36968.4 30249 26962.7 16148.8 30627 27540.3 13768.8 22705.2 27481.5 32082.9 26139.9 21603.1 18047.9 23008 16873.4 30746.7 17996.2
threshold=968.50000000000011 144.50000000000003 0.43733377705052551 26.150000000000002 1.0000000180025095e-35 1.5000000000000002 99.923076923076934 -0.9159756150367534 53.500000000000007 0.025000000000000005 18.750000000000004 6.1538461538461542 819.50000000000011 18.000000000000004 14.850000000000003 20.500000000000004 57.500000000000007 46.500000000000007 703.50000000000011 68.500000000000014 64.500000000000014 1.0000000180025095e-35 63.500000000000007 0.045000000000000005 -0.93545489084327571 0.25881904510252091 61.153846153846168 1.0000000180025095e-35 52.730769230769234 697.50000000000011
decision_type=2 2 2 2 2 2 2 2 2 2 2 2 2 2 2 2 2 2 2 2 2 2 2 2 2 2 2 2 2 2
left_child=5 -2 3 -3 -5 6 -1 8 9 14 11 -11 13 -13 -7 -16 18 -18 -15 25 24 -22 23 -23 -21 26 -10 -26 29 -29
right_child=1 2 -4 4 -6 7 -8 -9 19 10 -12 12 -14 16 15 -17 17 -19 -20 20 21 22 -24 -25 27 -27 -28 28 -30 -31
leaf_value=-0.13146227664369015 -0.028312518535802762 -1.2298258752624196 1.7265379359186799 1.0635806071122975 -0.080684129437431695 2.4788862931377746 -2.3120089226298863 -0.0012112678648773204 1.0670842996830061 2.0712120944261549 0.28532145026639022 -4.4769077308972678 -7.850795331001283 0.65720298857915971 2.5535781255790169 -1.7039087162298316 3.1597642790812714 -1.6940185363476095 -4.4642099221547449 -2.2912586666047576 1.8919148713350298 -2.7434730101715434 -4.1966195391284096 1.9828074331283572 -0.63979374073760609 0.0086504235303491578 3.6744251938202446 1.3887720991694739 3.0989919139941535 -0.34928671260718752
leaf_weight=5251 600 60 108 252 180 68 27 9551 256 20 181 30 20 21 21 51 26 26 21 25 24 22 36 25 71 133 39 126 60 113
leaf_count=5251 600 60 108 252 180 68 27 9551 256 20 181 30 20 21 21 51 26 26 21 25 24 22 36 25 71 133 39 126 60 113
internal_value=1.74719e-10 0.29099 0.610293 0.365263 0.586804 -0.0214964 -0.142617 0.0367996 0.293366 -0.216089 -0.695923 -1.77888 -2.31362 -1.42052 0.966358 -0.462142 -0.445083 0.732873 -1.9035 0.55905 0.203765 -1.0884 -1.95017 -0.229494 0.553794 0.975763 1.41178 0.746027 1.0751 0.567012
internal_weight=17444 1200 600 492 432 16244 5278 10966 1415 485 345 164 144 124 140 72 94 52 42 930 502 107 83 47 395 428 295 370 299 239
internal_count=17444 1200 600 492 432 16244 5278 10966 1415 485 345 164 144 124 140 72 94 52 42 930 502 107 83 47 395 428 295 370 299 239
is_linear=0
shrinkage=0.1


Tree=64
num_leaves=31
num_cat=0
split_feature=21 5 2 0 13 17 13 12 18 6 5 24 11 21 7 21 18 2 2 14 5 24 14 5 1 2 12 12 20 21
split_gain=10389.1 12027.3 10599.6 15888.5 37896.2 38509.9 37559.5 30614.3 29516.4 34864.5 23181.5 22881.1 18653.5 18311 20560.7 16693.1 14566.1 19876.1 70139.8 27009.1 31694.4 43695 36123.2 37158.1 18449.9 34074.1 27948.3 25142.1 36199.3 32242.6
threshold=0.41500000000000004 381.50000000000006 0.98213580174693105 -1.0000000180025095e-35 16.150000000000002 234.00000000000003 17.550000000000004 32.500000000000007 2.5000000000000004 64.500000000000014 271.50000000000006 838.50000000000011 230.50000000000003 0.065000000000000016 17.350000000000005 0.17500000000000002 16.500000000000004 0.9550229469509578 0.95752911693909493 40.500000000000007 197.50000000000003 700.50000000000011 51.500000000000007 479.50000000000006 -0.3794095225512602 0.91248814248966237 87.500000000000014 1.0000000180025095e-35 75.500000000000014 0.03500000000000001
decision_type=2 2 2 2 2 2 2 2 2 2 2 2 2 2 2 2 2 2 2 2 2 2 2 2 2 2 2 2 2 2
left_child=2 -2 16 4 -4 7 10 -6 -8 -10 12 -7 -5 -12 -15 -13 24 -18 -19 -20 -21 -22 -23 -24 25 27 -27 -1 -29 -30
right_child=1 -3 3 6 5 11 8 -9 9 -11 13 15 -14 14 -16 -17 17 18 19 20 21 22 23 -25 -26 26 -28 28 29 -31
leaf_value=-0.20991133563486597 0.11156488029580368 2.3905937207050814 -0.11565873475051394 0.11870789331280523 5.8639222452717448 -0.26619309359981169 -4.6145425336701527 1.8936670326269589 0.90929799426433666 -4.0616355294273019 3.4017807684446639 3.7187948526758134 -3.0189542071893811 -0.92647407719067165 3.0314633346739273 0.057501206398010256 -0.10234548295509027 -6.0711353719855348 1.7469681756927615 -0.06254157314862685 0.82126373890283944 -5.7700505208969126 -4.367895348255451 0.88208702972957076 -0.058276661229767823 0.98275792995649103 4.444834762353163 0.17065513450845335 0.57544221054291878 2.5920067492595393
leaf_weight=1330 57 39 255 360 31 93 28 52 43 21 38 33 20 35 21 20 5329 24 47 211 37 35 26 28 6601 226 26 2027 230 121
leaf_count=1330 57 39 255 360 31 93 28 52 43 21 38 33 20 35 21 20 5329 24 47 211 37 35 26 28 6601 226 26 2027 230 121
internal_value=1.50205e-10 1.03742 -0.00574085 0.302219 0.722879 1.65662 -0.0574985 3.37653 -1.90654 -0.72179 0.301387 0.678865 -0.0464322 1.70747 0.557752 2.33717 -0.0255812 -0.153848 -0.826539 -0.498752 -0.811953 -2.06692 -3.26762 -1.64568 0.0440967 0.214745 1.33996 0.138274 0.333012 1.27061
internal_weight=17444 96 17348 1050 484 229 566 83 92 64 474 146 380 94 56 53 16298 5737 408 384 337 126 89 54 10561 3960 252 3708 2378 351
internal_count=17444 96 17348 1050 484 229 566 83 92 64 474 146 380 94 56 53 16298 5737 408 384 337 126 89 54 10561 3960 252 3708 2378 351
is_linear=0
shrinkage=0.1


Tree=65
num_leaves=31
num_cat=0
split_feature=20 2 2 7 13 8 6 21 14 7 18 15 13 0 18 6 25 5 7 18 6 11 19 18 11 22 19 2 13 16
split_gain=10790.1 19967.3 95759.2 118514 27672.3 32514.3 39504.9 22194.5 20611.8 19272.3 45082.4 25297.2 24316.6 54917.1 36943 32840.1 25850.8 20207.8 18541.3 17999.2 16322.7 15673.8 31265 42351.8 50732 41295.6 35027.7 38218.5 34158 32501.3
threshold=65.500000000000014 0.86548282553247169 0.86113431103781346 18.750000000000004 21.650000000000002 41.500000000000007 67.500000000000014 0.19500000000000003 40.500000000000007 21.350000000000005 86.000000000000014 0.21500000000000002 16.950000000000003 1.0000000180025095e-35 96.500000000000014 43.500000000000007 17.34615384615385 499.50000000000006 17.050000000000004 15.500000000000002 71.500000000000014 46.500000000000007 25.550000000000004 18.500000000000004 883.50000000000011 1.0000000180025095e-35 12.350000000000003 0.074116354202380205 21.850000000000005 1.0000000180025095e-35
decision_type=2 2 2 2 2 2 2 2 2 2 2 2 2 2 2 2 2 2 2 2 2 2 2 2 2 2 2 2 2 2
left_child=-1 2 20 -4 7 6 -6 9 -7 11 -11 17 18 14 16 -15 -14 -3 -13 -18 21 -2 23 25 26 28 27 -25 -23 -28
right_child=1 4 3 -5 5 8 -8 -9 -10 10 -12 12 13 15 -16 -17 19 -19 -20 -21 -22 22 -24 24 -26 -27 29 -29 -30 -31
leaf_value=0.083466684828785498 -0.040903641608756015 0.058118960594518612 -0.39617440966623174 -10.475047421455384 1.9998171775237374 0.78329543685135639 -4.0770635814219718 -2.9085930436849594 3.5407975486959473 0.37438366640020504 -5.0888600204301921 1.2345011828415511 2.935938706131358 0.11357777787880463 4.9214670768805915 -3.6800326154782219 -1.770819926261902 -3.1500568699836733 3.9197420393396172 1.4761562770412815 0.18404389218122297 0.25818037335525162 0.060277408381604829 -1.8172761733479359 -5.4350391416637986 3.1988600002016341 -1.5660542552264776 2.4330752813656416 -1.0014909674775019 0.43408096812665464
leaf_weight=8204 3303 1072 28 20 23 46 20 24 66 44 23 72 38 55 28 39 38 20 40 31 1469 482 1062 34 27 35 561 56 389 95
leaf_count=8204 3303 1072 28 20 23 46 20 24 66 44 23 72 38 55 28 39 38 20 40 31 1469 482 1062 34 27 35 561 56 389 95
internal_value=1.01987e-10 -0.0741083 -0.143381 -4.5957 0.237844 1.51083 -0.826639 0.108373 2.40825 0.156645 -1.50106 0.234151 0.986028 0.395467 1.68768 -1.46037 0.841452 -0.000638839 2.19352 -0.312034 -0.114935 -0.187602 -0.364379 -0.632982 -1.17671 -0.169069 -1.02259 0.827387 -0.304405 -1.2764
internal_weight=17444 9240 7561 48 1679 155 43 1524 112 1500 67 1433 341 229 135 94 107 1092 112 69 7513 6044 2741 1679 773 906 746 90 871 656
internal_count=17444 9240 7561 48 1679 155 43 1524 112 1500 67 1433 341 229 135 94 107 1092 112 69 7513 6044 2741 1679 773 906 746 90 871 656
is_linear=0
shrinkage=0.1


Tree=66
num_leaves=31
num_cat=0
split_feature=5 21 5 12 2 13 13 9 2 18 1 25 24 13 21 17 24 21 6 18 6 8 18 0 14 8 0 18 6 18
split_gain=10401.7 9043.74 11033 9646.05 15351 17400.3 14245.6 18516.4 12418.6 12052.2 25025.9 34349.2 56906.9 84779.7 68972.3 117854 46850.9 60568.8 51062.7 36188.3 29874.4 34472.9 26978.2 22496.9 19375.5 19356.1 92718.4 17986.1 18589.8 16691.4
threshold=955.50000000000011 0.37500000000000006 189.50000000000003 5.5000000000000009 0.97875492728876534 19.850000000000005 18.350000000000005 0.36500000000000005 0.97314989601849466 5.5000000000000009 -0.3794095225512602 57.307692307692314 415.00000000000006 21.750000000000004 0.045000000000000005 182.00000000000003 929.50000000000011 0.26500000000000007 2.5000000000000004 6.5000000000000009 41.500000000000007 60.500000000000007 32.500000000000007 1.0000000180025095e-35 41.500000000000007 37.500000000000007 -0.25881904510252113 22.500000000000004 13.500000000000002 96.500000000000014
decision_type=2 2 2 2 2 2 2 2 2 2 2 2 2 2 2 2 2 2 2 2 2 2 2 2 2 2 2 2 2 2
left_child=1 3 -3 4 8 6 7 -6 9 -1 11 16 -13 14 20 -16 19 18 -18 23 21 -14 -15 -11 -24 26 -21 -27 -29 -30
right_child=-2 2 -4 -5 5 -7 -8 -9 -10 10 -12 12 13 22 15 -17 17 -19 -20 25 -22 -23 24 -25 -26 27 -28 28 29 -31
leaf_value=-0.010586963115884439 0.93173308001846833 -0.035489569280458537 1.1692779815341863 0.051500393289911829 0.33583076290486247 3.4673200261025201 -1.9590255857868628 3.3843250093252766 -2.2649302709985664 -4.8022850028846582 -0.058721967983771772 1.768359780384273 -1.3772538481087522 3.2819665639296822 -11.206408723195395 -2.0254983199053798 -7.8028803128462574 -0.62824768594628766 -1.2569030230695553 -6.0703225355148316 0.054862454226240524 -6.6972969781784784 1.6367699098587036 -0.5088080511643337 -2.307730362632058 -0.059662537966720788 1.7710371299793846 1.9187754381144488 0.77921231052860984 -2.3805042493911017
leaf_weight=4370 119 161 144 9426 149 21 22 23 27 23 1938 41 29 23 27 29 26 126 22 25 40 21 20 26 33 257 38 135 82 21
leaf_count=4370 119 161 144 9426 149 21 22 23 27 23 1938 41 29 23 27 29 26 126 22 25 40 21 20 26 33 257 38 135 82 21
internal_value=-4.33096e-10 -0.00639978 0.533319 -0.0160716 -0.0999448 0.732993 0.437009 0.743478 -0.124214 -0.116352 -0.271347 -0.666047 -1.6545 -2.28665 -3.69659 -6.45201 -0.333188 -1.7798 -4.80264 0.0814926 -1.9821 -3.61167 0.421915 -2.52411 -0.81924 0.3103 -1.34061 0.520417 1.1468 0.134998
internal_weight=17444 17325 305 17020 7594 215 194 172 7379 7352 2982 1044 263 222 146 56 781 174 48 607 90 50 76 49 53 558 63 495 238 103
internal_count=17444 17325 305 17020 7594 215 194 172 7379 7352 2982 1044 263 222 146 56 781 174 48 607 90 50 76 49 53 558 63 495 238 103
is_linear=0
shrinkage=0.1


Tree=67
num_leaves=31
num_cat=0
split_feature=17 5 6 7 20 2 2 7 23 23 5 13 7 14 13 23 17 20 7 1 6 0 20 21 1 9 13 23 15 24
split_gain=8795.13 10520.6 14172.9 10649.6 10018.4 9203.16 40840 87685.3 31567.8 124627 36154.1 21557.2 35005.8 39724.6 34796.6 53823 39176.3 28233.5 61303.9 24237.8 31662.1 22254.6 30941.4 27296.7 18172.3 17588.6 24055 14970.4 24933.2 16749.3
threshold=405.50000000000006 166.50000000000003 1.0000000180025095e-35 32.95000000000001 68.500000000000014 0.75014288946266361 0.73865729060996166 21.650000000000002 550.57692307692321 549.42307692307702 105.50000000000001 20.550000000000004 25.850000000000005 44.500000000000007 19.050000000000004 354.46153846153851 308.50000000000006 74.500000000000014 21.450000000000003 -0.9159756150367534 66.500000000000014 0.37940952255126054 48.500000000000007 0.18500000000000003 -0.70710678118654757 0.40500000000000008 18.550000000000004 455.69230769230779 0.33500000000000008 896.50000000000011
decision_type=2 2 2 2 2 2 2 2 2 2 2 2 2 2 2 2 2 2 2 2 2 2 2 2 2 2 2 2 2 2
left_child=5 -2 3 -3 -4 6 -1 -8 9 11 -10 14 17 -14 25 -16 19 21 -19 20 -17 22 -13 -24 -18 -7 -27 28 -21 -29
right_child=1 2 4 -5 -6 8 7 -9 10 -11 -12 12 13 -15 15 16 24 18 -20 27 -22 -23 23 -25 -26 26 -28 29 -30 -31
leaf_value=-0.052571104330575075 -0.032320795694035502 0.22358623343485373 1.0912341460473047 -1.929218198855718 -0.84713724070581908 0.026341649776273596 -0.57337269092860976 -8.0151589727401724 -0.0045717461368976501 -7.1581616187468171 2.1483650943407646 -0.006181876733899117 1.5000665020942687 -4.4792414524555211 -6.0004971690121156 -3.5366947823100618 -1.1901537552919417 1.8003421884775161 -3.7034126576255346 1.1222185415215791 1.2785828709602356 -0.15746223552554262 2.3725737378481897 6.3537396311759951 -5.2182184368371969 1.7674024084552391 -1.2758051355679831 4.3498122686147687 -2.9432049832560803 0.58813002130080916
leaf_weight=11474 924 540 331 24 29 2920 76 20 156 24 156 48 20 25 21 36 21 50 34 48 22 51 124 20 24 122 33 20 22 29
leaf_count=11474 924 540 331 24 29 2920 76 20 156 24 156 48 20 25 21 36 21 50 34 48 22 51 124 20 24 122 33 20 22 29
internal_value=3.90613e-10 0.206278 0.444878 0.131978 0.935088 -0.0244423 -0.0697563 -2.12374 0.105782 0.024622 1.0719 0.0713393 0.793194 -1.82177 -0.00959191 -1.16158 -0.70385 1.15305 -0.427368 -0.034035 -1.71021 1.69937 2.19259 2.92551 -3.33845 0.0814436 1.11949 0.782924 -0.155486 2.12351
internal_weight=17444 1848 924 564 360 15596 11570 96 4026 3714 312 3690 372 45 3318 243 222 327 84 177 58 243 192 144 45 3075 155 119 70 49
internal_count=17444 1848 924 564 360 15596 11570 96 4026 3714 312 3690 372 45 3318 243 222 327 84 177 58 243 192 144 45 3075 155 119 70 49
is_linear=0
shrinkage=0.1


Tree=68
num_leaves=31
num_cat=0
split_feature=5 14 0 21 17 23 20 11 12 25 17 14 14 2 15 8 11 6 13 18 3 18 18 8 21 21 23 0 4 8
split_gain=8232.5 8252.69 21860.4 24771 25618.5 26451.7 9233.71 13404.5 28421.2 27168.7 71911.2 54744.7 38496.8 62050 51460.1 42039.2 27848.8 24211 22542.8 22129.9 21996.8 21769 21396.8 20447.9 19775.4 18445.5 18360.8 16759.1 16331.2 15296.3
threshold=955.50000000000011 33.500000000000007 -0.60355339059327362 0.045000000000000005 62.000000000000007 561.88461538461547 65.500000000000014 50.500000000000007 99.500000000000014 46.307692307692314 342.50000000000006 58.500000000000007 54.500000000000007 0.9550229469509578 0.27500000000000008 64.500000000000014 359.50000000000006 12.500000000000002 24.350000000000005 86.000000000000014 -0.16799793862756093 73.500000000000014 78.500000000000014 43.500000000000007 0.22500000000000003 0.075000000000000025 207.42307692307693 0.78656609248549325 4.5000000000000009 57.500000000000007
decision_type=2 2 2 2 2 2 2 2 2 2 2 2 2 2 2 2 2 2 2 2 2 2 2 2 2 2 2 2 2 2
left_child=1 2 3 -1 -5 -6 7 -3 9 19 12 -12 13 14 17 28 27 -11 -16 21 24 26 -23 -20 -10 -22 -9 -17 -14 -28
right_child=-2 6 -4 4 5 -7 -8 8 20 10 11 -13 15 -15 18 16 -18 -19 23 -21 25 22 -24 -25 -26 -27 29 -29 -30 -31
leaf_value=0.78198416603578114 0.82890726533256665 -0.033294567426755531 -0.055469534221120775 -4.9502874116484934 -0.21713482148238811 -4.2894938886165619 -0.061020727603616709 -2.6136890947818756 5.1948906612396248 -4.5130479198513616 -7.9678308486938478 -1.3550798969884073 0.68887569375660107 -5.900038480758667 3.4573334280933654 1.2646511637540752 -3.5617048263549806 -0.6526575652882457 1.8359701216220856 1.5949353813884721 1.7064531454268625 -4.3994786223769191 0.22619192949496211 -2.0585648527512186 1.466255819797516 -0.92123589732430211 0.05453285006414537 -1.9141139886997367 2.5563178579641299 0.53261018574907193
leaf_weight=37 119 4169 541 26 58 22 8918 22 25 33 21 31 115 25 28 43 31 32 28 124 68 20 20 26 33 44 1376 27 79 1303
leaf_count=37 119 4169 541 26 58 22 8918 22 25 33 21 31 115 25 28 43 31 32 28 124 68 20 20 26 33 44 1376 27 79 1303
internal_value=2.24322e-10 -0.0056935 -0.34612 -1.44571 -2.2233 -1.33703 0.00829913 0.088345 0.231034 0.167651 -0.498079 -4.02561 -0.105291 -1.29434 -0.51106 0.587986 -1.06647 -2.61255 1.15475 0.288249 1.49272 0.229136 -2.08664 -0.0391763 3.07343 0.674147 0.263431 0.038556 1.44933 0.287058
internal_weight=17444 17325 684 143 106 80 16641 7723 3554 3384 519 52 467 172 147 295 101 65 82 2865 170 2741 40 54 58 112 2701 70 194 2679
internal_count=17444 17325 684 143 106 80 16641 7723 3554 3384 519 52 467 172 147 295 101 65 82 2865 170 2741 40 54 58 112 2701 70 194 2679
is_linear=0
shrinkage=0.1


Tree=69
num_leaves=31
num_cat=0
split_feature=24 11 21 2 6 0 2 14 1 12 3 23 17 7 5 24 10 18 25 18 19 3 7 12 22 20 5 11 14 5
split_gain=7662.22 8298.58 8114.76 8135.71 7960.24 15471.6 25695.9 24346.8 38073.2 29434.2 30774 19760 43865.4 16128 21128.8 14773.8 14448.7 14000.3 18600 16832.1 15847.1 31488.6 20302 14008.2 12330.1 11433.4 12286.9 11590.2 35450.6 34282.1
threshold=980.50000000000011 219.50000000000003 0.40500000000000008 0.10837544681456425 72.500000000000014 -1.0000000180025095e-35 0.99907018497641664 36.500000000000007 -0.3794095225512602 96.500000000000014 0.2332836900311728 545.96153846153857 299.50000000000006 16.950000000000003 209.50000000000003 771.50000000000011 0.95000000000000007 94.500000000000014 77.115384615384627 1.5000000000000002 14.65 0.18281312110578132 20.350000000000005 3.5000000000000004 0.65000000000000002 36.500000000000007 98.500000000000014 532.50000000000011 63.500000000000007 359.50000000000006
decision_type=2 2 2 2 2 2 2 2 2 2 2 2 2 2 2 2 2 2 2 2 2 2 2 2 2 2 2 2 2 2
left_child=4 -2 3 -3 -1 6 7 15 9 11 -11 12 16 14 -12 -6 17 19 -19 23 -21 -22 -23 -9 25 26 -7 -27 29 -29
right_child=1 2 -4 -5 5 24 -8 8 -10 10 13 -13 -14 -15 -16 -17 -18 18 -20 20 21 22 -24 -25 -26 27 -28 28 -30 -31
leaf_value=-0.04430173262987333 -0.0041521538469779535 -0.6161364416281383 2.1782304249491009 0.8394301050226205 -0.56340262430274624 0.010682269820460569 3.234564545462209 0.30125281810760501 -0.0073850175565288922 5.4132509912763327 2.4877844381332399 3.391872201919556 -3.7352602637332417 2.9034610102574034 -2.0537677234127409 -3.8189545255899433 -1.6130780746107516 4.7470410239128844 1.0556445661263589 1.2185660619666612 1.8371748244762423 -4.305207876324654 -0.55127920894061821 3.3847321401624124 -2.1477942577430182 0.012710238148052508 3.1559682700944984 -5.4683635187149058 1.8493284649140127 -0.95782251393892504
leaf_weight=13852 301 48 35 192 46 27 31 26 775 28 20 25 23 45 21 20 23 21 39 69 30 25 34 34 28 1439 23 20 37 107
leaf_count=13852 301 48 35 192 46 27 31 26 775 28 20 25 23 45 21 20 23 21 39 69 30 25 34 34 28 1439 23 20 37 107
internal_value=-7.46913e-11 0.358653 0.75576 0.548317 -0.0122471 0.134975 0.389127 0.321483 0.421251 1.13873 2.5338 0.683035 0.474019 1.59631 0.161624 -1.54993 0.795659 0.994943 2.34763 0.622643 0.0811558 -0.800657 -2.14193 2.04856 -0.0668659 -0.0316173 1.45751 -0.0780656 -0.874568 -1.66814
internal_weight=17444 576 275 240 16868 3016 1335 1304 1238 463 114 349 324 86 41 66 301 278 60 218 158 89 59 60 1681 1653 50 1603 164 127
internal_count=17444 576 275 240 16868 3016 1335 1304 1238 463 114 349 324 86 41 66 301 278 60 218 158 89 59 60 1681 1653 50 1603 164 127
is_linear=0
shrinkage=0.1


Tree=70
num_leaves=31
num_cat=0
split_feature=20 7 1 5 3 22 22 14 23 13 14 8 6 9 8 25 0 24 17 17 12 3 25 25 18 3 15 13 9 6
split_gain=6786.7 12853.7 7131.96 16387.4 32963.6 19793.3 18525.6 17010.7 30414.9 14124 18219.2 17885.6 19665.2 14444 14182.6 25062.1 14024.9 21486.7 33039.2 37316.2 22709.1 18027.4 15740.7 15461.2 28908.3 27653.2 13496.2 16926 13477.6 12964.1
threshold=95.500000000000014 16.450000000000003 -0.9159756150367534 528.50000000000011 -0.41399101439218416 0.25000000000000006 0.45000000000000007 70.500000000000014 353.5384615384616 14.550000000000002 75.500000000000014 43.500000000000007 22.500000000000004 0.30500000000000005 55.500000000000007 53.269230769230781 1.0000000180025095e-35 700.50000000000011 34.500000000000007 52.500000000000007 90.500000000000014 0.16587474750015932 59.769230769230781 28.192307692307697 2.5000000000000004 0.63089349388778826 0.35500000000000004 19.350000000000005 0.6150000000000001 89.500000000000014
decision_type=2 2 2 2 2 2 2 2 2 2 2 2 2 2 2 2 2 2 2 2 2 2 2 2 2 2 2 2 2 2
left_child=2 -2 3 4 -1 7 9 16 -9 -6 11 13 -13 -11 15 -14 29 23 -19 -20 21 22 28 24 -18 -26 27 -16 -21 -5
right_child=1 -3 -4 5 6 -7 -8 8 -10 10 -12 12 14 -15 26 -17 17 18 19 20 -22 -23 -24 -25 25 -27 -28 -29 -30 -31
leaf_value=4.6418965435028081 0.19558824287461385 -3.1236704772710802 -0.020927595575464301 0.69076587964744296 1.9903734970837832 -2.7191163115203381 3.1558651204109194 -4.5361323844302781 -0.10059833182738379 -3.5058986008167268 -2.1534710426484387 1.8552226530448086 0.58272010654211048 0.03975044444755272 0.30676818358159696 -3.2408343501885732 1.3023075750330464 -3.5376972304236505 3.3108413794945033 0.27813151616384729 -2.9102596290183791 -3.0413927116177302 -2.0813834178142061 1.4759101613332297 0.22131780641419546 -4.4583480886791067 -1.3745501018803696 2.5649018313022371 -0.75334738730876294 -1.2508836269378663
leaf_weight=20 28 20 15221 487 48 26 25 22 52 20 31 93 40 27 113 30 64 31 29 452 33 22 39 131 28 23 29 47 176 37
leaf_count=20 28 20 15221 487 48 26 25 22 52 20 31 93 40 27 113 30 64 31 29 452 33 22 39 131 28 23 29 47 176 37
internal_value=-5.51378e-12 -1.18744 0.00327644 0.17266 0.660503 0.0182161 0.502197 0.0619865 -1.41927 0.363407 0.181792 0.363228 0.607877 -1.46904 0.159988 -1.05595 0.132613 -0.082008 -0.338428 -0.206368 -0.347641 -0.224903 -0.132005 0.733117 -0.113021 -1.88912 0.610335 0.970095 -0.0109454 0.553665
internal_weight=17444 48 17396 2175 523 1652 503 1626 74 478 430 399 352 47 259 70 1552 1028 782 751 722 689 667 246 115 51 189 160 628 524
internal_count=17444 48 17396 2175 523 1652 503 1626 74 478 430 399 352 47 259 70 1552 1028 782 751 722 689 667 246 115 51 189 160 628 524
is_linear=0
shrinkage=0.1


Tree=71
num_leaves=31
num_cat=0
split_feature=2 5 2 0 1 19 19 11 0 3 5 18 22 5 20 9 25 1 23 15 7 17 22 2 21 21 5 13 8 23
split_gain=6505.41 19629.9 9733.17 55285.8 44100.1 37997.1 32590.3 49360.5 30004.6 14483.7 12485 7709.85 14257.8 21266.7 12314.5 25865 11026.2 33384.3 12466.3 31444.3 11013.7 11999.7 84467 47970 23213.3 26979.9 50352.7 127628 20798.9 26729.3
threshold=0.99995780822346225 95.500000000000014 0.99818282439137029 -1.0000000180025095e-35 0.37940952255126048 17.050000000000004 17.050000000000004 54.500000000000007 0.60355339059327384 0.011826144619637555 24.500000000000004 16.500000000000004 0.25000000000000006 158.50000000000003 85.500000000000014 0.115 79.07692307692308 -0.78656609248549325 206.2692307692308 0.14500000000000005 30.450000000000003 354.50000000000006 0.45000000000000007 0.73865729060996166 0.13500000000000004 0.12500000000000003 148.50000000000003 22.350000000000005 51.500000000000007 567.34615384615392
decision_type=2 2 2 2 2 2 2 2 2 2 2 2 2 2 2 2 2 2 2 2 2 2 2 2 2 2 2 2 2 2
left_child=2 -2 11 4 5 9 7 -5 -9 -4 -8 12 14 -14 16 -16 18 -18 19 -1 21 24 23 28 25 -13 -27 -28 -23 -30
right_child=1 -3 3 6 -6 -7 10 8 -10 -11 -12 20 13 -15 15 -17 17 -19 -20 -21 -22 22 -24 -25 -26 26 27 -29 29 -31
leaf_value=0.11088419446900284 0.70566254425048835 -3.4415721688242189 2.8903754557882038 0.18535125652949017 -0.33700458568831287 0.45486085074288507 0.087441923733680482 -1.8892888834079107 -7.1337310731410986 6.2123002787998747 3.2921111249923705 -0.12869478899328765 -0.01551680059305259 4.2539840001240377 0.11291955760973033 2.568800270961503 -4.680982381105423 -0.089164564900688442 0.016037301043403448 3.1091221910455955 1.2753236287305583 -2.2210125002192291 -6.3619818305286273 -4.650389918327952 0.30096894228342258 -0.080765191632367325 -9.0260817454411448 0.11621764672769082 -1.0781154515978415 0.64285293748370975
leaf_weight=146 25 21 21 57 48 28 31 24 20 35 20 4081 28 20 157 59 20 76 10417 46 58 41 24 24 1315 105 26 37 128 306
leaf_count=146 25 21 21 57 48 28 31 24 20 35 20 4081 28 20 157 59 20 76 10417 46 58 41 24 24 1315 105 26 37 128 306
internal_value=-2.28521e-11 -1.18764 0.0031401 0.583763 2.08097 3.46267 -0.716445 -1.75696 -4.27313 4.96658 1.34417 -0.0064951 0.043742 1.76344 0.0361836 0.783739 0.0210998 -1.04579 0.030754 0.829212 -0.0961698 -0.109238 -0.567197 -0.28849 -0.0661912 -0.179822 -1.42178 -3.65679 -0.0680996 0.135286
internal_weight=17444 46 17398 284 132 84 152 101 44 56 51 17114 10969 48 10921 216 10705 96 10609 192 6145 6087 523 499 5564 4249 168 63 475 434
internal_count=17444 46 17398 284 132 84 152 101 44 56 51 17114 10969 48 10921 216 10705 96 10609 192 6145 6087 523 499 5564 4249 168 63 475 434
is_linear=0
shrinkage=0.1


Tree=72
num_leaves=31
num_cat=0
split_feature=20 20 11 18 6 4 12 1 24 23 24 24 12 5 14 18 13 23 13 12 14 0 3 20 24 13 19 2 19 2
split_gain=6323.53 32092 48581.7 69856.1 17571.5 12477.1 11520 10232.3 24195.9 52068.9 23022.1 29689.4 23860.4 29939.4 17774.3 24619.7 28144.5 22701.4 21501.2 29805.7 20616.9 22174 18760.7 16098.8 14235.2 23294.8 12725.9 10927.1 12385.3 10498.4
threshold=56.500000000000007 57.500000000000007 130.50000000000003 5.5000000000000009 1.0000000180025095e-35 7.5000000000000009 13.500000000000002 -0.3794095225512602 479.50000000000006 234.42307692307693 564.50000000000011 580.00000000000011 99.500000000000014 359.50000000000006 52.500000000000007 5.5000000000000009 23.150000000000002 342.23076923076928 16.150000000000002 26.500000000000004 48.500000000000007 -0.5 0.44312301391210612 51.500000000000007 695.50000000000011 25.050000000000004 23.350000000000005 0.91248814248966237 20.250000000000004 0.59868201182722736
decision_type=2 2 2 2 2 2 2 2 2 2 2 2 2 2 2 2 2 2 2 2 2 2 2 2 2 2 2 2 2 2
left_child=7 2 -2 5 -5 6 -4 8 -1 -10 23 -12 14 -14 15 16 17 -13 -17 20 21 -20 24 -11 -18 -26 -23 -19 -29 -27
right_child=1 -3 3 4 -6 -7 -8 -9 9 10 11 12 13 -15 -16 18 22 27 19 -21 -22 26 -24 -25 25 29 -28 28 -30 -31
leaf_value=2.8744071314732236 0.033906801571984863 -0.0067251672261259589 -0.62521123588085181 -3.6131226158142091 -7.4430540613506153 0.28111169540882114 -3.3033486057972086 -0.013780470647632657 -4.1007835900342027 0.78847400739237117 -2.6042223624057241 4.208385109126568 5.3168573879060297 0.48680158311670479 0.58612143055855781 -3.2022374179959301 2.156811886493649 -0.64985774502609717 -3.2132580022017159 2.4092082967912711 -4.1177060905843978 1.6712962789570582 -2.4363000386101863 3.5185167802704704 -2.5095434022577185 -0.044112359074985286 -1.1802227164136954 2.8680055189132694 0.12321008713014665 2.3484293085336687
leaf_weight=36 220 12958 36 25 23 50 29 2564 27 54 36 25 21 33 655 40 28 33 24 27 21 34 35 36 38 221 29 35 31 20
leaf_count=36 220 12958 36 25 23 50 29 2564 27 54 36 25 21 33 655 40 28 33 24 27 21 34 35 36 38 221 29 35 31 20
internal_value=-4.99051e-10 -0.0333898 -0.93553 -2.24397 -5.4483 -0.906514 -1.82007 0.108568 0.312401 0.251036 0.330642 0.230003 0.305582 2.36516 0.219767 -0.15459 0.225196 1.51584 -1.1659 -0.562547 -1.30549 -0.626673 -0.242756 1.88049 0.00732195 -0.208397 0.358692 0.835903 1.57878 0.154439
internal_weight=17444 13341 383 163 48 115 65 4103 1539 1503 1476 1386 1350 54 1296 641 466 124 175 135 108 87 342 90 307 279 63 99 66 241
internal_count=17444 13341 383 163 48 115 65 4103 1539 1503 1476 1386 1350 54 1296 641 466 124 175 135 108 87 342 90 307 279 63 99 66 241
is_linear=0
shrinkage=0.1


Tree=73
num_leaves=31
num_cat=0
split_feature=24 6 25 17 5 3 5 9 11 7 20 24 19 25 11 2 1 11 6 19 19 24 2 12 12 25 12 17 9 22
split_gain=6201.13 7302.32 8498.54 7824.21 12761.4 11337.7 11950.9 24651.3 12767.3 22338 12030.1 9984.1 9693.02 9445.63 8371.8 17763 11303.7 14159.7 20439.6 18548.8 28304.1 17965.6 15269.1 10514.7 8033.48 8025.33 14132.3 7790.46 7752.32 7695.68
threshold=980.50000000000011 1.5000000000000002 99.923076923076934 383.50000000000006 166.50000000000003 -0.96904977397942549 902.50000000000011 0.57500000000000007 873.50000000000011 24.050000000000004 66.500000000000014 930.50000000000011 29.050000000000004 33.076923076923087 844.50000000000011 0.77244481603295057 -0.98296291314453399 688.50000000000011 14.500000000000002 15.850000000000003 15.250000000000002 656.50000000000011 0.61237135649459018 36.500000000000007 4.5000000000000009 22.88461538461539 51.500000000000007 423.50000000000006 0.60500000000000009 0.45000000000000007
decision_type=2 2 2 2 2 2 2 2 2 2 2 2 2 2 2 2 2 2 2 2 2 2 2 2 2 2 2 2 2 2
left_child=1 2 29 5 -5 -3 8 -8 14 13 -11 12 -6 -10 16 28 17 19 -19 20 21 25 -21 24 -20 -7 -27 -13 -16 -1
right_child=-2 3 -4 4 11 6 7 -9 9 10 -12 27 -14 -15 15 -17 -18 18 23 22 -22 -23 -24 -25 -26 26 -28 -29 -30 -31
leaf_value=-0.085629450624861173 0.32265091132139789 -2.3677254378795625 -1.8730358110533822 -0.072673686253269337 2.4037385003133256 0.063769113316255455 -3.5941046792481632 0.086200915241184145 1.019147350300442 -1.7463207904781617 1.3047435442606607 0.21463715004737793 0.73878857884750082 3.7471521043777467 1.1079621563355129 -3.1524919147674857 0.00069176283317360818 1.5161584708094598 -2.1046461473811759 1.3659969005775587 -3.1595114957718624 -1.7425820846272551 4.3081283721056849 -3.1710631512460257 0.28521694154120408 3.3017552786582223 0.53786890828931655 1.9585198317255295 -1.2277033766110739 -1.5946280275197591
leaf_weight=5641 576 20 27 442 55 34 28 52 22 28 24 301 96 30 30 26 9572 40 22 89 21 23 22 21 39 37 37 28 27 34
leaf_count=5641 576 20 27 442 55 34 28 52 22 28 24 301 96 30 30 26 9572 40 22 89 21 23 22 21 39 37 37 28 27 34
internal_value=-9.33965e-11 -0.0110177 -0.103091 0.0360002 0.315024 0.010887 0.01554 -1.20191 0.0251413 1.12743 -0.338137 0.672028 1.34523 2.593 0.0137232 -0.986433 0.0220603 0.553332 -0.337088 0.966379 0.248718 0.795075 1.94912 -1.24111 -0.576701 1.3355 1.91981 0.363053 0.00159427 -0.0946701
internal_weight=17444 16868 5702 11166 922 10244 10224 80 10144 104 52 480 151 52 10040 83 9957 385 122 263 152 131 111 82 61 108 74 329 57 5675
internal_count=17444 16868 5702 11166 922 10244 10224 80 10144 104 52 480 151 52 10040 83 9957 385 122 263 152 131 111 82 61 108 74 329 57 5675
is_linear=0
shrinkage=0.1


Tree=74
num_leaves=31
num_cat=0
split_feature=21 5 14 0 21 19 7 21 22 13 19 20 19 18 7 18 5 23 23 11 24 2 25 15 5 24 23 23 15 12
split_gain=5929.48 7398.98 6059.91 17045.8 19392.9 19820 28747.7 6813.68 78755.1 27268.7 34052.2 35485.8 26050.6 38740.9 33569.5 17643.8 34540 14847.6 14592.7 36961.2 24392.5 14729.1 12881.5 17547.3 11116.4 10073.6 9978.66 18792.3 32082.3 33691.4
threshold=0.41500000000000004 381.50000000000006 33.500000000000007 -0.60355339059327362 0.045000000000000005 23.700000000000006 22.350000000000005 0.13500000000000004 0.45000000000000007 25.150000000000002 24.250000000000004 57.500000000000007 21.450000000000003 7.5000000000000009 26.550000000000004 99.500000000000014 158.50000000000003 406.65384615384625 382.42307692307696 212.50000000000003 673.50000000000011 -0.89406062840022227 79.07692307692308 0.13500000000000004 752.50000000000011 718.50000000000011 447.88461538461542 431.69230769230779 0.095000000000000015 85.500000000000014
decision_type=2 2 2 2 2 2 2 2 2 2 2 2 2 2 2 2 2 2 2 2 2 2 2 2 2 2 2 2 2 2
left_child=2 -2 3 4 -1 6 -6 9 15 26 11 -11 13 -13 -14 18 -17 -12 19 -9 -21 -22 25 -24 -18 -20 27 -4 -29 -30
right_child=1 -3 7 -5 5 -7 -8 8 -10 10 17 12 14 -15 -16 16 24 -19 22 20 21 -23 23 -25 -26 -27 -28 28 29 -31
leaf_value=0.70411533987199937 0.057562598997825065 1.8450864125520756 -0.013734119306180357 -0.039808300931502345 -0.95380186235532172 -0.63824380274184733 -5.7031074716494636 -0.02346618189564291 -5.6486934439900018 -5.2343090883323127 0.85273246931585867 -3.4147885724902154 -5.0095070077106358 1.9535880088806152 -0.55806384517086882 -0.080401783280853012 2.4544235684763676 -1.4088309541344644 2.0852306668957072 0.42099366028134422 2.1200058070942762 5.2605883177369837 0.18777153362398563 -3.8622736719623205 0.555726444443991 0.033252103270596245 0.72942966441758461 -0.12900712146903531 -0.97056480549477253 -5.7226524391174323
leaf_weight=37 57 39 7654 543 25 55 26 212 24 28 94 20 32 41 36 201 109 42 24 41 32 28 23 20 43 7591 173 132 37 25
leaf_count=37 57 39 7654 543 25 55 26 212 24 28 94 20 32 41 36 201 109 42 24 41 32 28 23 20 43 7591 173 132 37 25
internal_value=-5.05685e-10 0.783744 -0.00433707 -0.295616 -1.26697 -1.95499 -3.37502 0.00765535 0.0714731 -0.0564233 -1.00399 -2.00735 -1.30692 0.193465 -2.65286 0.0879656 0.779795 0.154308 0.0573276 0.72659 2.30096 3.58561 0.0299733 -1.69597 1.91729 0.0397193 -0.0218097 -0.0383699 -1.01034 -2.88673
internal_weight=17444 96 17348 686 143 106 51 16662 8348 8314 293 157 129 61 68 8324 353 136 7971 313 101 60 7658 43 152 7615 8021 7848 194 62
internal_count=17444 96 17348 686 143 106 51 16662 8348 8314 293 157 129 61 68 8324 353 136 7971 313 101 60 7658 43 152 7615 8021 7848 194 62
is_linear=0
shrinkage=0.1


Tree=75
num_leaves=31
num_cat=0
split_feature=5 12 3 1 25 7 25 6 0 16 8 7 7 7 2 12 20 12 3 19 24 19 2 2 25 13 23 25 12 5
split_gain=5913.73 6083.12 9590.2 16846.4 20661.2 27173.7 16845.5 13519.3 25400.2 35961.5 25308.1 24412.4 37963.4 24279 19592.8 19004.9 18957.9 14684 32952.5 37170.5 22058.3 71352.2 24030.1 21575.9 19296.3 16333.3 23033 14184.3 13645 20312.8
threshold=955.50000000000011 5.5000000000000009 0.71952396275653763 -0.12940952255126037 84.807692307692321 16.350000000000005 90.230769230769241 61.500000000000007 1.0000000180025095e-35 0.45000000000000007 72.500000000000014 18.250000000000004 16.450000000000003 21.050000000000004 0.99466373373798567 67.500000000000014 69.500000000000014 85.500000000000014 -0.52034141052533245 21.150000000000002 809.50000000000011 17.050000000000004 0.89787622492179153 0.82899317702918729 24.000000000000004 26.250000000000004 275.84615384615387 27.653846153846157 9.5000000000000018 512.50000000000011
decision_type=2 2 2 2 2 2 2 2 2 2 2 2 2 2 2 2 2 2 2 2 2 2 2 2 2 2 2 2 2 2
left_child=1 -1 3 4 7 -6 -7 17 10 14 11 12 -9 -13 28 -16 -15 -3 19 -19 22 -22 23 25 -23 26 -20 -28 -10 -30
right_child=-2 2 -4 -5 5 6 -8 8 9 -11 -12 13 -14 16 15 -17 -18 18 20 -21 21 24 -24 -25 -26 -27 27 -29 29 -31
leaf_value=-0.070275452840504751 0.70253937801643584 0.25826199959787488 -0.094147974012388169 -0.032779271432774468 -1.0967077065597881 5.2091447049921209 1.6778446616445271 1.6224361680448056 2.6486866566538811 3.9210821939551312 4.0055814858638881 3.557218810915947 -3.469136245162399 1.7742115815728903 -4.3128588324501402 -0.058457517623901369 -0.91479088335465164 4.5687914524078366 -2.689424395626006 0.041090836037289018 -6.7110860157012944 0.48978240248831839 1.2829206166021965 -3.9596335924807051 -2.5689382702563748 -2.7773587226867678 0.022401505652463662 2.9961784976979962 0.465669198722165 -1.5734876665202053
leaf_weight=7804 119 1883 3143 3401 22 22 35 32 20 23 33 48 27 80 21 21 39 25 23 66 25 55 68 21 33 25 53 23 188 66
leaf_count=7804 119 1883 3143 3401 22 22 35 32 20 23 33 48 27 80 21 21 39 25 23 66 25 55 68 21 33 25 53 23 188 66
internal_value=-4.57112e-11 -0.00482552 0.0488213 0.119275 0.292985 1.88858 3.0408 0.249489 0.673075 0.103412 1.4187 1.04096 -0.707605 1.65872 -0.174457 -2.18566 0.892942 0.139357 -0.397572 1.28496 -0.867237 -1.99658 -0.268099 -0.995473 -0.657238 -0.493479 0.0832588 0.92236 0.13383 -0.0641905
internal_weight=17444 17325 9521 6378 2977 79 57 2898 598 339 259 226 59 167 316 42 119 2300 417 91 326 113 213 145 88 124 99 76 274 254
internal_count=17444 17325 9521 6378 2977 79 57 2898 598 339 259 226 59 167 316 42 119 2300 417 91 326 113 213 145 88 124 99 76 274 254
is_linear=0
shrinkage=0.1


Tree=76
num_leaves=31
num_cat=0
split_feature=20 13 20 6 23 11 24 14 2 11 11 24 11 24 5 20 6 2 23 22 7 15 18 1 25 1 23 1 9 14
split_gain=5274 10579.9 6223.39 10245.3 5548.46 12711.6 9896.97 25438.6 33905.3 35490.6 32068.3 19242.7 36438.2 13055.3 29464.9 12797.5 16327.8 15857.5 11814.7 11567.3 105547 26540.9 11310.1 21101.6 10271.7 19424.8 9272.72 49608.9 17130.6 8521.9
threshold=95.500000000000014 16.350000000000005 94.500000000000014 13.500000000000002 131.2692307692308 144.50000000000003 497.00000000000006 52.500000000000007 -0.24372957273992746 138.50000000000003 474.50000000000006 500.00000000000006 87.500000000000014 492.50000000000006 41.500000000000007 78.500000000000014 30.500000000000004 -0.51297808981038739 204.38461538461539 0.45000000000000007 16.950000000000003 0.12500000000000003 3.5000000000000004 -0.5 94.807692307692335 -0.60355339059327384 228.30769230769235 -0.3794095225512602 0.31500000000000006 65.500000000000014
decision_type=2 2 2 2 2 2 2 2 2 2 2 2 2 2 2 2 2 2 2 2 2 2 2 2 2 2 2 2 2 2
left_child=2 -2 4 -4 5 -1 7 8 15 -10 18 12 -8 22 -15 16 -6 -18 -11 24 21 -21 23 -9 -13 -26 28 -28 -24 -7
right_child=1 -3 3 -5 6 29 11 13 9 10 -12 19 -14 14 -16 -17 17 -19 -20 20 -22 -23 26 -25 25 -27 27 -29 -30 -31
leaf_value=-0.0086878319820725778 0.26255780127313405 -2.73018979078957 2.8686137628555297 -0.094770341233483379 0.78497011842655728 0.91415128244294053 0.20613167917757644 2.8022164741158484 -0.087380892998323995 -3.3619156435132029 -0.73687900881613455 0.011401291643445685 5.1555017970857167 -0.015384688042104244 -4.6445313346385957 2.2292040960355237 0.0095817869901657117 -3.2993777443521788 -6.1486948687454754 -0.18931458964943887 -5.8845434734898232 4.1316250114213853 -0.069906115572039892 -0.010806424054317178 3.2658386162349156 0.13629634110804867 -4.9604929268360145 0.34864069543158016 2.5755925083160403 3.3305694448947905
leaf_weight=166 27 21 20 28 58 54 51 40 52 32 31 15093 21 44 20 22 30 28 29 44 31 21 1170 80 28 68 24 66 25 20
leaf_count=166 27 21 20 28 58 54 51 40 52 32 31 15093 21 44 20 22 30 28 29 44 31 21 1170 80 28 68 24 66 25 20
internal_value=3.70349e-10 -1.04677 0.0028883 1.13997 -0.000257884 0.477222 -0.00695623 -0.232205 -1.10214 -2.17556 -3.35583 0.0187265 1.6497 -0.0652044 -1.46199 0.0179394 -0.401438 -1.58785 -4.68678 0.0110438 -1.08319 1.20668 -0.00157846 0.926868 0.0179598 1.04908 -0.0882816 -1.06713 -0.014561 1.56724
internal_weight=17444 48 17396 48 17348 240 17108 1751 282 144 92 15357 72 1469 64 138 116 58 61 15285 96 65 1405 120 15189 96 1285 90 1195 74
internal_count=17444 48 17396 48 17348 240 17108 1751 282 144 92 15357 72 1469 64 138 116 58 61 15285 96 65 1405 120 15189 96 1285 90 1195 74
is_linear=0
shrinkage=0.1


Tree=77
num_leaves=31
num_cat=0
split_feature=8 0 21 11 19 11 25 5 23 11 23 2 18 24 11 8 24 18 14 19 24 24 25 14 25 19 13 7 12 5
split_gain=5345.15 15507.3 37052.4 19799.5 6317.39 14214.2 44147.9 9525.39 7188.95 15930.4 34565.8 89590.9 38851.5 34062.7 34814.3 38607.5 36472.5 51645.9 32854.8 29070.3 29527.1 34373.3 37511.6 26524.4 23063.2 21990.7 19914.4 20762.3 22119.8 19949
threshold=29.500000000000004 -1.0000000180025095e-35 0.085000000000000006 423.50000000000006 10.450000000000001 271.50000000000006 31.769230769230774 551.50000000000011 253.84615384615387 185.50000000000003 223.88461538461542 0.43733377705052551 89.500000000000014 497.00000000000006 470.50000000000006 65.500000000000014 483.50000000000006 24.500000000000004 72.500000000000014 18.750000000000004 517.50000000000011 534.50000000000011 6.1538461538461542 42.500000000000007 13.923076923076925 14.750000000000002 20.850000000000005 16.150000000000002 64.500000000000014 197.50000000000003
decision_type=2 2 2 2 2 2 2 2 2 2 2 2 2 2 2 2 2 2 2 2 2 2 2 2 2 2 2 2 2 2
left_child=1 2 3 -1 5 -2 7 -7 9 -6 13 12 19 14 16 23 26 -18 25 20 -12 22 -22 -16 -24 -13 27 29 -29 -11
right_child=4 -3 -4 -5 8 6 -8 -9 -10 10 11 18 -14 -15 15 -17 17 -19 -20 -21 21 -23 24 -25 -26 -27 -28 28 -30 -31
leaf_value=-1.5243493450076686 0.061426541662829764 0.093189354326296228 -0.054891118545378197 -5.7205707501281395 0.0031721987733676995 0.46088744264096021 3.6387830268591643 -2.2119469666481018 0.032269872407572307 0.82573429328022585 0.78726209951159754 -4.0353981590270998 1.9743477648840502 1.9717801386659799 -0.3409088260597653 -2.8021180624053592 -0.018082395676643617 -5.7022915377761381 -1.700020640095075 -3.6993822758538388 0.50397897500258226 0.51102530528914258 -6.1528187270675394 2.9759232476149524 -2.3261628574795195 -8.7248176193237299 -2.9228908529160202 -0.30499532179118277 1.9750365457619017 -2.1499767313540823
leaf_weight=23 340 253 89 22 2521 40 48 20 13120 33 92 20 52 77 36 21 31 33 24 35 26 53 28 73 36 20 27 111 69 71
leaf_count=23 340 253 89 22 2521 40 48 20 13120 33 92 20 52 77 36 21 31 33 24 35 26 53 28 73 36 20 27 111 69 71
internal_value=-3.68009e-10 -0.367496 -1.2373 -3.57584 0.00833798 0.378891 1.37832 -0.430057 -0.00165706 -0.129236 -0.47407 -1.20783 -0.528625 0.0125807 -0.286149 1.12404 -0.775014 -2.949 -4.62508 -1.01068 -0.610234 -1.50932 -2.69908 1.88046 -4.00032 -6.38011 -0.327634 -0.0809017 0.569017 -1.20576
internal_weight=17444 387 134 45 17057 448 108 60 16609 3489 968 386 322 582 505 130 375 64 64 270 235 143 90 109 64 40 311 284 180 104
internal_count=17444 387 134 45 17057 448 108 60 16609 3489 968 386 322 582 505 130 375 64 64 270 235 143 90 109 64 40 311 284 180 104
is_linear=0
shrinkage=0.1


Tree=78
num_leaves=31
num_cat=0
split_feature=21 5 12 2 13 13 2 2 0 24 7 6 14 19 5 2 18 13 19 19 0 20 18 20 19 19 18 14 15 14
split_gain=4785.04 5773.2 5351.49 11278.8 10956 11893.8 24157.3 56853.7 24541 31907.3 13914.1 23137.7 13684 11298.9 12230 18321.9 37575.5 20289.2 19753 16841.7 15601.4 14967.3 23696.7 17739.3 25113.4 46913.9 13148.6 12348.3 11276.1 10464.9
threshold=0.37500000000000006 189.50000000000003 16.500000000000004 0.99995780822346225 29.750000000000004 20.450000000000003 0.83376496542330847 0.90162119223771331 1.0000000180025095e-35 829.50000000000011 22.050000000000004 19.500000000000004 49.500000000000007 15.65 134.50000000000003 0.73865729060996166 88.500000000000014 26.050000000000004 24.950000000000003 22.550000000000004 -0.25881904510252113 72.500000000000014 10.500000000000002 65.500000000000014 22.450000000000003 21.450000000000003 58.500000000000007 63.500000000000007 0.55500000000000016 48.500000000000007
decision_type=2 2 2 2 2 2 2 2 2 2 2 2 2 2 2 2 2 2 2 2 2 2 2 2 2 2 2 2 2 2
left_child=2 -2 -1 4 5 10 13 -8 12 -10 29 -12 -9 -7 -15 17 -17 21 19 -19 -21 23 -23 -16 25 -25 -20 -24 -6 -4
right_child=1 -3 3 -5 28 6 7 8 9 -11 11 -13 -14 14 15 16 -18 18 26 20 -22 22 27 24 -26 -27 -28 -29 -30 -31
leaf_value=-0.05492259448328464 -0.0284852768462267 0.83227881297765194 -0.44420784753074544 -1.845144074962985 -2.5142237034710972 -1.851218025662281 5.1499046076427817 0.57349456972546053 0.93607117161154751 -3.7143134150505066 -3.2428415070261276 0.095958095818173661 3.2544602260445106 -0.075909863907499403 1.1231233781941659 -3.6720092233022052 1.8432627212433588 0.54533741406032021 0.18825554543485246 -3.7530743880197406 -0.67669998687856348 0.19471976056694984 4.8664665332862311 -0.05909764487510441 1.5209248647093774 -5.4302544307708747 2.5980900868177415 1.8965802022389004 -0.10255111335439887 0.064739045053294378
leaf_weight=9885 161 151 443 31 33 27 33 45 36 25 35 51 33 822 318 30 21 35 240 32 34 40 28 87 58 20 25 28 47 4590
leaf_count=9885 161 151 443 31 33 27 33 45 36 25 35 51 33 822 318 30 21 35 240 32 34 40 28 87 58 20 25 28 47 4590
internal_value=-2.16706e-10 0.388102 -0.00706794 0.0582064 0.0663832 0.0794297 0.285101 1.41856 0.532699 -0.969824 -0.00160919 -1.26286 1.70775 0.179434 0.209592 0.445218 -1.40101 0.544856 -0.0379393 -1.22791 -2.16828 0.913255 2.05369 0.686584 -0.154745 -1.06305 0.415598 3.38152 -1.09737 0.019942
internal_weight=17444 312 17132 7247 7216 7136 2017 172 139 61 5119 86 78 1845 1818 996 51 945 366 101 66 579 96 483 165 107 265 56 80 5033
internal_count=17444 312 17132 7247 7216 7136 2017 172 139 61 5119 86 78 1845 1818 996 51 945 366 101 66 579 96 483 165 107 265 56 80 5033
is_linear=0
shrinkage=0.1


Tree=79
num_leaves=31
num_cat=0
split_feature=5 5 25 11 3 8 0 17 9 0 19 5 11 13 11 2 0 3 11 11 8 15 18 1 5 2 7 2 12 18
split_gain=4773.11 4747.46 29205.1 9060.91 6513.41 5050.42 9733.59 27744 32067.9 22605.2 6504.94 6802.5 6283.06 16989.4 5913.72 5184.38 29920.1 25325.9 36245.2 24605 30385.5 11010.8 6044.86 12880.2 30646.1 21197.8 27718.5 42026.9 16635.7 16462.7
threshold=955.50000000000011 931.50000000000011 21.80769230769231 950.50000000000011 -0.83849291496497236 32.500000000000007 -1.0000000180025095e-35 55.500000000000007 0.23500000000000001 -0.5 24.950000000000003 440.50000000000006 524.50000000000011 25.550000000000004 464.50000000000006 0.99818282439137029 -1.0000000180025095e-35 0.011826144619637555 58.500000000000007 267.50000000000006 57.500000000000007 0.36500000000000005 19.500000000000004 -0.3794095225512602 44.500000000000007 0.91248814248966237 19.750000000000004 0.97314989601849466 1.0000000180025095e-35 5.5000000000000009
decision_type=2 2 2 2 2 2 2 2 2 2 2 2 2 2 2 2 2 2 2 2 2 2 2 2 2 2 2 2 2 2
left_child=1 3 4 5 -3 6 7 8 -1 -10 11 -9 14 -14 -8 22 17 21 -19 -18 -21 -17 23 24 -7 28 -27 -28 29 -26
right_child=-2 2 -4 -5 -6 15 12 10 9 -11 -12 -13 13 -15 -16 16 19 18 -20 20 -22 -23 -24 -25 25 26 27 -29 -30 -31
leaf_value=0.13983623240238582 0.63116167923983413 -0.23891385344690397 -3.4752119003662041 2.1277206325531006 1.6706058250232176 4.098659873008728 -0.10676031114962248 -0.11652491352986545 -6.1889472938719257 -2.0811635333138545 -0.45263402651180518 2.193745568050788 1.9873759205434838 -0.50477458203242997 -1.816357911716808 -0.40150326572358613 0.26484765131539162 0.36443983629859728 5.1767855468918302 0.1423675753853538 -5.0559688485187033 2.2590127093451366 -0.083155997163204876 -0.035834185042750093 -0.023907292600895878 1.4425042757896458 0.65036266405006937 -4.6655994796752926 0.25283202804091803 -0.98140322935264723
leaf_weight=39 119 95 28 20 22 20 252 25 21 37 64 26 51 59 22 60 109 29 34 22 23 21 5623 6910 874 254 58 20 2281 226
leaf_count=39 119 95 28 20 22 20 252 25 21 37 64 26 51 59 22 60 109 29 34 22 23 21 5623 6910 874 254 58 20 2281 226
internal_value=3.40865e-10 -0.00433525 -0.574134 0.000473876 0.120141 -0.00200543 -0.288004 -0.831895 -2.0775 -3.56846 0.218745 1.06126 0.0122682 0.650677 -0.244027 0.00828528 0.421617 1.45784 2.96158 -0.547317 -2.51456 0.28826 0.000712879 0.0450232 0.194695 0.173666 0.93616 -0.712705 0.0987926 -0.220629
internal_weight=17444 17325 145 17180 117 17160 596 212 97 58 115 51 384 110 274 16564 298 144 63 154 45 81 16266 10643 3733 3713 332 78 3381 1100
internal_count=17444 17325 145 17180 117 17160 596 212 97 58 115 51 384 110 274 16564 298 144 63 154 45 81 16266 10643 3733 3713 332 78 3381 1100
is_linear=0
shrinkage=0.1


Tree=80
num_leaves=31
num_cat=0
split_feature=24 11 2 24 17 6 2 19 15 13 11 19 15 15 20 20 20 0 25 2 18 20 3 2 25 13 8 12 18 7
split_gain=4450.78 5895.66 5177.36 6329.23 5140.56 4897.57 6973.26 10639 15907.7 14648 9965.66 28100.9 25050.2 25725.2 20325 31228.3 73823.3 47199.2 33999.7 28402.6 21840 34676.6 40109.1 20310.9 19155.8 18111.3 19115 13187.4 11105.7 10813.4
threshold=980.50000000000011 219.50000000000003 0.42179998225932674 988.50000000000011 410.50000000000006 1.5000000000000002 0.92922379131507438 16.850000000000005 0.49500000000000005 18.150000000000002 46.500000000000007 25.350000000000005 0.48500000000000004 0.50500000000000012 38.500000000000007 66.500000000000014 68.500000000000014 -0.25881904510252113 0.65384615384615397 -0.89406062840022227 15.500000000000002 82.500000000000014 0.41202506375868281 0.52766072109828632 45.846153846153847 15.250000000000002 55.500000000000007 1.0000000180025095e-35 52.500000000000007 27.250000000000004
decision_type=2 2 2 2 2 2 2 2 2 2 2 2 2 2 2 2 2 2 2 2 2 2 2 2 2 2 2 2 2 2
left_child=5 -2 3 -3 -4 6 10 9 -9 -8 -1 12 14 -14 19 17 -17 18 -16 -12 -18 22 -22 29 -20 -24 -27 -23 -13 -15
right_child=1 2 4 -5 -6 -7 7 8 -10 -11 11 28 13 23 15 16 20 -19 24 -21 21 27 25 -25 -26 26 -28 -29 -30 -31
leaf_value=0.013343388092028169 -0.032452491069354883 0.75475095253196556 2.6282845475456931 -0.41123173143182479 0.75613961084322501 0.029171398927483657 0.04209093818145996 0.3309700218996694 2.4269396688879992 -2.4416964910153687 0.062456781523568296 -0.035025750569117289 -5.0849261563757189 -4.3623040579614187 -4.8068169811367989 -5.2378126150852928 0.068609634156902466 1.2704272771035563 0.014327653614538059 -5.024190753439199 0.14707014178452285 2.7064626375834151 -1.2193545674607158 0.48193561136722568 -2.9907672986984255 -3.0796004477515817 -6.6975559690724253 -0.48075032348141955 1.5604132273834612 -1.311359172199781
leaf_weight=2706 301 139 22 70 44 11166 131 310 41 29 21 1433 23 21 20 37 233 213 140 23 46 21 25 36 25 40 23 34 45 26
leaf_count=2706 301 139 22 70 44 11166 131 310 41 29 21 1433 23 21 20 37 233 213 140 23 46 21 25 36 25 40 23 34 45 26
internal_value=9.30103e-10 0.273348 0.60806 0.36423 1.38019 -0.00933414 -0.084738 0.26773 0.575798 -0.408096 -0.119435 -0.264021 -0.67142 -2.12554 -0.500347 -0.392728 -0.954835 0.255531 -0.912971 -2.59647 -0.579313 -1.37808 -2.24587 -1.30547 -0.44099 -3.49672 -4.40044 0.736186 0.0135499 -2.67455
internal_weight=17444 576 275 209 66 16868 5702 511 351 160 5191 2485 1007 106 901 857 459 398 185 44 422 189 134 83 165 88 63 55 1478 47
internal_count=17444 576 275 209 66 16868 5702 511 351 160 5191 2485 1007 106 901 857 459 398 185 44 422 189 134 83 165 88 63 55 1478 47
is_linear=0
shrinkage=0.1


Tree=81
num_leaves=31
num_cat=0
split_feature=20 20 11 18 15 4 12 19 11 24 1 23 5 19 5 3 19 20 8 21 12 25 21 18 19 13 2 0 1 0
split_gain=4147.54 24632.3 38593.9 50082.1 16391.3 10514.9 9206.35 6622.38 9748.42 6583.59 13612.2 11302 22425.6 6854.34 16934.4 33809.7 18938.4 24882.7 19146.3 18841.4 20221.7 13200.6 12962.8 10853.4 10645.6 26725.5 8702.61 23074 8411.72 8340.1
threshold=56.500000000000007 57.500000000000007 130.50000000000003 5.5000000000000009 0.30500000000000005 7.5000000000000009 13.500000000000002 30.350000000000005 212.50000000000003 479.50000000000006 -0.5 234.42307692307693 148.50000000000003 20.550000000000004 30.500000000000004 -0.33426211444629356 12.750000000000002 47.500000000000007 40.500000000000007 0.10500000000000002 78.500000000000014 19.923076923076927 0.065000000000000016 10.500000000000002 21.050000000000004 24.850000000000005 0.96234642434711437 0.37940952255126054 -0.60355339059327384 -0.25881904510252113
decision_type=2 2 2 2 2 2 2 2 2 2 2 2 2 2 2 2 2 2 2 2 2 2 2 2 2 2 2 2 2 2
left_child=9 2 -2 5 -5 6 -4 -3 -9 10 -1 12 -11 14 -13 -16 17 -17 -19 21 29 23 -20 -18 25 -15 -26 -28 -23 -21
right_child=1 7 3 4 -6 -7 -8 8 -10 11 -12 13 -14 24 15 16 19 18 22 20 -22 28 -24 -25 26 -27 27 -29 -30 -31
leaf_value=2.5902693316107617 0.046650235688271507 -0.013990107146711436 -0.62166630857520644 -2.770176290979852 -6.4692569532394417 0.2390809168815613 -3.0158094521226557 -0.054259840837896693 1.16796652235217 -0.04067900401389446 0.057591256948875347 -0.04544306346737545 -3.9234625793638687 -0.038416034563011688 4.3903902341922132 1.2538861848206986 1.9394896252401943 -3.2841547286510471 0.81201833635568621 0.021944077996934049 -1.9586465043406331 3.4233606321471082 -1.5620111449905065 -1.0456083984602065 0.072839631928573331 -3.8403027669191361 0.32109108176496298 -3.4208592659578878 1.1519379584685616 1.6162747406623734
leaf_weight=32 220 12694 36 23 25 50 29 146 118 51 63 642 21 71 24 72 29 30 46 61 31 56 46 21 2617 25 45 26 23 71
leaf_count=32 220 12694 36 23 25 50 29 146 118 51 63 642 21 71 24 72 29 30 46 61 31 56 46 21 2617 25 45 26 23 71
internal_value=4.22543e-12 -0.0270414 -0.817407 -1.98362 -4.69678 -0.851169 -1.68982 -0.00368053 0.492038 0.0879257 0.910704 0.0684237 -1.17316 0.0911356 0.296282 0.726453 0.545518 -0.220333 -1.09036 1.05434 0.33973 1.95729 -0.374996 0.685748 0.00624747 -1.02849 0.0432024 -1.0492 2.76206 0.879501
internal_weight=17444 13341 383 163 48 115 65 12958 264 4103 95 4008 72 3936 1152 510 486 194 122 292 163 129 92 50 2784 96 2688 71 79 132
internal_count=17444 13341 383 163 48 115 65 12958 264 4103 95 4008 72 3936 1152 510 486 194 122 292 163 129 92 50 2784 96 2688 71 79 132
is_linear=0
shrinkage=0.1


Tree=82
num_leaves=31
num_cat=0
split_feature=2 24 5 0 2 3 11 5 25 5 18 8 8 1 13 24 18 11 18 23 24 19 12 9 21 11 14 20 24 13
split_gain=4022 17453.3 28504.3 10316.5 19008.9 22937.8 30393.3 15410.7 17084.1 26035.3 24212.7 18345.3 52718 13299.1 19489.8 15713.7 11388.1 26168.3 29113.5 38714.7 54385.1 24500.4 22204.2 16013.6 11350.8 11080.8 10274 27958.7 14466.5 20112.2
threshold=-0.37447345805034543 324.00000000000006 3.5000000000000004 -1.0000000180025095e-35 0.99907018497641664 0.011826144619637555 64.500000000000014 643.50000000000011 13.692307692307695 664.50000000000011 1.0000000180025095e-35 63.500000000000007 59.500000000000007 -0.98296291314453399 20.050000000000004 703.50000000000011 83.000000000000014 197.50000000000003 91.500000000000014 338.26923076923083 563.50000000000011 19.300000000000001 30.500000000000004 0.21500000000000002 0.17500000000000002 578.50000000000011 36.500000000000007 74.500000000000014 931.50000000000011 30.050000000000004
decision_type=2 2 2 2 2 2 2 2 2 2 2 2 2 2 2 2 2 2 2 2 2 2 2 2 2 2 2 2 2 2
left_child=1 2 -1 4 26 25 -7 13 24 -10 -11 12 -12 14 15 -5 -15 -18 -19 20 22 -21 23 -20 -9 -6 27 28 -2 -30
right_child=3 -3 -4 7 5 6 -8 8 9 10 11 -13 -14 16 -16 -17 17 18 19 21 -22 -23 -24 -25 -26 -27 -28 -29 29 -31
leaf_value=0.098251106423724976 0.59245950708165773 -0.047490441438895747 -4.8446503245830534 0.86739350757398803 -0.62060908637940893 0.46164599174544929 5.7235351562500005 1.8695519068411419 -3.765009343443495 -3.4609643451098742 -0.062479411435127266 1.3122046634250759 -5.0115785018755838 0.043895675505949999 3.7815863913297658 -1.9487886055656103 -0.064974150364565109 -4.2149516820907591 -4.4325952398777009 2.7103236522223497 -6.166681980133057 -0.90481263681461943 0.96710112803691151 -0.43089745521545408 -0.23573437044893703 2.1612897813497556 0.14383361709478401 -3.2035256313927039 -3.7177365484562785 0.35545297000143261
leaf_weight=28 110 6578 20 143 45 21 23 28 33 29 125 49 26 4120 20 23 754 30 20 37 25 38 37 20 300 21 4658 34 22 27
leaf_count=28 110 6578 20 143 45 21 23 28 33 29 125 49 26 4120 20 23 754 30 20 37 25 38 37 20 300 21 4658 34 22 27
internal_value=-7.19634e-10 -0.0613544 -1.96129 0.0375794 0.143687 1.4436 3.21218 -0.0522957 -0.536948 -1.13903 -0.760615 -0.369065 -0.914642 0.0019941 0.83251 0.4772 -0.0284086 -0.338391 -1.33432 -0.846074 -2.11426 0.878655 -0.798534 -2.43175 -0.0560148 0.264541 0.11421 -0.600737 -0.0441662 -1.47333
internal_weight=17444 6626 48 10818 4961 110 44 5857 590 262 229 200 151 5267 186 166 5081 961 207 177 102 75 77 40 328 66 4851 193 159 49
internal_count=17444 6626 48 10818 4961 110 44 5857 590 262 229 200 151 5267 186 166 5081 961 207 177 102 75 77 40 328 66 4851 193 159 49
is_linear=0
shrinkage=0.1


Tree=83
num_leaves=31
num_cat=0
split_feature=19 25 11 25 5 2 11 23 23 5 24 9 0 17 3 0 11 11 19 10 5 7 7 12 19 13 19 9 14 25
split_gain=3937.66 7342.59 22241.7 16761.4 7943.09 5089.13 4830.68 4520.86 14226.7 35367.6 13826.5 26641.6 13411.6 12067.5 11974.9 27758.4 14962.5 10567.3 8204.08 16518.2 21863.9 14687.9 19145.6 18656.9 32699.8 30346.3 19910.1 13653.6 12110.5 10338.1
threshold=10.450000000000001 31.769230769230774 271.50000000000006 53.576923076923087 551.50000000000011 0.59868201182722736 64.500000000000014 260.73076923076928 259.00000000000006 148.50000000000003 568.50000000000011 0.12500000000000003 0.12940952255126045 3.5000000000000004 -0.013976481981245173 0.25881904510252091 575.50000000000011 548.50000000000011 14.450000000000001 1.3500000000000003 15.500000000000002 19.250000000000004 16.150000000000002 27.500000000000004 13.450000000000001 17.650000000000002 13.850000000000003 0.19500000000000003 47.500000000000007 61.000000000000007
decision_type=2 2 2 2 2 2 2 2 2 2 2 2 2 2 2 2 2 2 2 2 2 2 2 2 2 2 2 2 2 2
left_child=1 4 -3 -4 5 -1 -7 8 14 -10 11 -9 -13 -14 15 -2 17 18 21 29 -21 22 -16 27 25 -25 -26 -24 -29 -20
right_child=7 2 3 -5 -6 6 -8 10 9 -11 -12 12 13 -15 16 -17 -18 -19 19 20 -22 -23 23 24 26 -27 -28 28 -30 -31
leaf_value=-0.82767994307602444 0.3865365949060236 0.11987597359147686 4.3614660868644712 0.85551101843516042 -1.9987228079652415 -0.046092811965309413 1.0702639095864055 0.032759156434807542 0.023070420355212933 -4.730360798213793 0.0023841583107220548 2.6282124870783328 1.8968085575986793 -1.2994176671618509 -0.039988524215579614 -4.4912593189254402 1.6979025442153217 -2.2642021536827088 -0.3690830075259075 -0.045714383572340013 -4.5665492546558388 -2.6064873734861616 0.55843545514774529 -0.17815639950335027 2.6925629988031567 -4.5199844027784737 0.032683776766061788 0.71649812168131277 3.4240834443074357 0.10895771546528368
leaf_weight=48 28 161 25 30 20 113 59 259 49 23 12741 77 27 21 1428 20 48 22 1064 23 20 20 59 60 53 22 60 24 53 787
leaf_count=48 28 161 25 30 20 113 59 259 49 23 12741 77 27 21 1428 20 48 22 1064 23 20 20 59 60 53 22 60 24 53 787
internal_value=-3.75271e-10 0.289991 0.712972 2.44913 -0.0906917 0.0827657 0.336844 -0.00778408 -0.102872 -1.49539 0.0202026 0.611414 1.81039 0.49846 -0.0764252 -1.64588 -0.0562986 -0.0790866 -0.0659985 -0.210843 -2.14843 0.0882094 0.118848 0.804102 0.177117 -1.34304 1.28024 1.70309 2.58016 -0.165832
internal_weight=17444 456 216 55 240 220 172 16988 3863 72 13125 384 125 48 3791 48 3743 3695 3673 1894 43 1779 1759 331 195 82 113 136 77 1851
internal_count=17444 456 216 55 240 220 172 16988 3863 72 13125 384 125 48 3791 48 3743 3695 3673 1894 43 1779 1759 331 195 82 113 136 77 1851
is_linear=0
shrinkage=0.1


Tree=84
num_leaves=31
num_cat=0
split_feature=21 9 6 0 1 12 14 3 13 7 23 17 10 12 7 19 20 23 19 13 22 2 11 25 16 25 6 20 2 7
split_gain=3849.17 5244.7 3932.13 10116.3 14303.8 26824.3 20546.7 17504.8 14021.7 16355.8 12201.3 38924.2 11158 12397.1 11871.6 9093.78 8708.8 22057.6 18493.5 13779.5 8672.49 8442.75 8248.45 7806.05 7312.15 7015.91 8888.82 6372.02 17451.8 36266.8
threshold=0.41500000000000004 0.34500000000000003 72.500000000000014 -1.0000000180025095e-35 -0.3794095225512602 96.500000000000014 38.500000000000007 0.2332836900311728 14.950000000000001 16.950000000000003 545.96153846153857 299.50000000000006 1.1500000000000001 36.500000000000007 15.850000000000003 16.750000000000004 78.500000000000014 242.57692307692312 14.15 26.150000000000002 0.65000000000000002 0.99818282439137029 780.50000000000011 56.423076923076927 1.9500000000000002 6.4230769230769242 94.500000000000014 65.500000000000014 0.92602006027323147 17.050000000000004
decision_type=2 2 2 2 2 2 2 2 2 2 2 2 2 2 2 2 2 2 2 2 2 2 2 2 2 2 2 2 2 2
left_child=2 -2 27 4 5 6 15 -7 -9 -10 11 12 13 16 -15 -4 17 -8 -18 -19 22 25 24 -16 -5 26 -6 -1 -29 -30
right_child=1 -3 3 20 21 7 10 8 9 -11 -12 -13 -14 14 23 -17 18 19 -20 -21 -22 -23 -24 -25 -26 -27 -28 28 29 -31
leaf_value=0.042110255439849836 0.084111360051939574 1.6295815159292784 -0.10311386244637627 -0.028687704554248052 0.15088097798553379 3.9686719981106848 -2.0292155165421337 3.4223458293987359 -1.4712367115020752 1.7318144322796301 2.7053586537837986 -3.5519581628882366 -1.5636767077445985 -0.086077072403647689 3.7364285669995532 -2.9009671327013238 -0.65057484170664914 1.4205373371515093 3.0669377088546756 -1.360705153838448 -1.8081879828657426 1.8548420998454096 -1.5985728005568187 1.4736648178100586 1.6619359982988009 0.059575842766738565 -2.7254266247153285 -0.1429689098770057 -0.14262122348014078 1.3431525135619773
leaf_weight=7082 62 34 21 1595 22 33 38 23 25 44 25 23 20 22 31 26 23 79 32 23 28 25 33 30 26 751 21 6523 472 252
leaf_count=7082 62 34 21 1595 22 33 38 23 25 44 25 23 20 22 31 26 23 79 32 23 28 25 33 30 26 751 21 6523 472 252
internal_value=1.261e-10 0.631465 -0.00349439 0.100226 0.305544 0.716823 0.31098 1.99279 1.28405 0.571289 0.577473 0.41175 0.717674 0.8818 1.90537 -1.65086 0.446127 0.0272574 1.51234 0.793394 -0.0629778 0.0454187 -0.0334338 2.62359 -0.00157098 -0.011553 -1.25383 -0.0253475 -0.0912694 0.374527
internal_weight=17444 96 17348 3019 1337 518 393 125 92 69 346 321 298 278 83 47 195 140 55 102 1682 819 1654 61 1621 794 43 14329 7247 724
internal_count=17444 96 17348 3019 1337 518 393 125 92 69 346 321 298 278 83 47 195 140 55 102 1682 819 1654 61 1621 794 43 14329 7247 724
is_linear=0
shrinkage=0.1


Tree=85
num_leaves=31
num_cat=0
split_feature=5 5 25 11 18 3 25 8 24 21 0 9 6 9 15 13 3 14 0 21 19 7 2 7 1 11 6 0 20 20
split_gain=3584.08 4038.43 22787.4 7965.82 7469.72 5048.36 4307.96 3724.79 7151.05 8293.84 21349.6 22682.4 14506.3 8904.37 9939.23 6869.7 5758.87 3986.3 13588.6 14786.8 16833.8 25216.4 4323.17 19978.8 27375.9 25326.3 23330.5 6325.56 4255.05 15077.6
threshold=955.50000000000011 931.50000000000011 21.80769230769231 931.50000000000011 11.500000000000002 -0.83849291496497236 4.0384615384615392 32.500000000000007 488.50000000000006 0.075000000000000025 -0.37940952255126065 0.25500000000000006 1.0000000180025095e-35 0.23500000000000001 0.39500000000000007 29.450000000000003 -0.12545862287572049 33.500000000000007 -0.60355339059327362 0.045000000000000005 23.700000000000006 22.350000000000005 0.99818282439137029 17.350000000000005 -0.9159756150367534 227.50000000000003 25.500000000000004 -0.78656609248549292 56.500000000000007 57.500000000000007
decision_type=2 2 2 2 2 2 2 2 2 2 2 2 2 2 2 2 2 2 2 2 2 2 2 2 2 2 2 2 2 2
left_child=1 3 5 7 6 -3 -5 8 -1 10 11 -10 -12 -14 -15 -11 -17 18 19 -9 21 -21 28 25 -25 27 -26 -24 -19 -30
right_child=-2 2 -4 4 -6 -7 -8 17 9 15 12 -13 13 14 -16 16 -18 22 -20 20 -22 -23 23 24 26 -27 -28 -29 29 -31
leaf_value=1.1811119769558762 0.54692616560692053 -0.23212421892504942 -3.0918668542589463 1.1677678442770436 2.6926872444152834 1.4489818618802186 -0.68724599480628967 0.5774895118944573 -0.25275673296140588 0.17841611597441923 1.5053944480915866 -4.4579281889159104 -0.031847404784886006 -3.3416641442672068 -0.29354733228683472 -0.34906548643484714 -2.1939720330031025 0.10481015038417535 0.018694259863306972 -0.98299900646442961 -0.43601395666599274 -5.7758543968200691 1.6775729555276133 -1.1843925217787425 0.67927493751049051 -2.5558688468403288 4.6038309162313293 0.060305727723647257 -0.6665693781564167 -0.0015961159426819073
leaf_weight=33 119 95 28 31 20 22 21 33 23 285 36 29 59 23 20 64 23 3470 374 23 40 21 31 24 28 36 33 110 351 11939
leaf_count=33 119 95 28 31 20 22 21 33 23 285 36 29 59 23 20 64 23 3470 374 23 40 21 31 24 28 36 33 110 351 11939
internal_value=3.33209e-10 -0.00375666 -0.529286 0.000678828 1.05031 0.0839812 0.418628 -0.00373861 -0.249552 -0.333559 -0.871091 -2.59795 -0.220391 -0.829492 -1.92394 -0.0590133 -0.836799 0.0051186 -0.275547 -1.21611 -1.92074 -3.2705 0.0137197 0.416595 1.67671 -0.188547 2.8024 0.415875 0.00702217 -0.0205876
internal_weight=17444 17325 145 17180 72 117 52 17108 595 562 190 52 138 102 43 372 87 16513 491 117 84 44 16022 262 85 177 61 141 15760 12290
internal_count=17444 17325 145 17180 72 117 52 17108 595 562 190 52 138 102 43 372 87 16513 491 117 84 44 16022 262 85 177 61 141 15760 12290
is_linear=0
shrinkage=0.1


Tree=86
num_leaves=31
num_cat=0
split_feature=19 25 11 25 1 3 22 3 17 2 5 17 7 22 11 7 9 5 14 8 11 18 5 1 25 5 17 8 25 18
split_gain=3266.77 6277.79 18669.2 13071.3 6757.2 4037.62 44392.2 22415.4 72929 19263.5 28268.2 12629.4 19294.3 12558.9 27312 11230.3 11130.2 27891.2 13238.3 10362.1 8623.67 6332.89 8423.08 9723.09 8403.92 11829.9 6697.19 10268.8 8340.92 26249.8
threshold=10.450000000000001 31.769230769230774 271.50000000000006 53.576923076923087 -0.9159756150367534 -0.54219087765047058 0.45000000000000007 -0.49812626372919411 321.50000000000006 0.82414472752956958 56.500000000000007 315.50000000000006 19.750000000000004 1.0000000180025095e-35 697.50000000000011 16.850000000000005 0.55500000000000016 682.50000000000011 62.500000000000007 66.500000000000014 891.50000000000011 99.500000000000014 158.50000000000003 -0.78656609248549325 79.07692307692308 258.50000000000006 296.50000000000006 67.500000000000014 38.846153846153854 33.500000000000007
decision_type=2 2 2 2 2 2 2 2 2 2 2 2 2 2 2 2 2 2 2 2 2 2 2 2 2 2 2 2 2 2
left_child=1 4 -3 -4 -1 6 9 8 16 13 -11 20 -13 21 -15 -12 17 18 -7 -20 -9 24 -23 -24 26 -26 27 -2 -28 -30
right_child=5 2 3 -5 -6 7 -8 11 -10 10 15 12 -14 14 -16 -17 -18 -19 19 -21 -22 22 23 -25 25 -27 28 -29 29 -31
leaf_value=-1.4917348387092353 1.6347584074964889 0.11186402060600542 3.9346321630477905 0.83856772509093092 0.1126874852961018 -2.0516921513299979 -4.2277075568834936 -0.031804033437149389 -6.1895807518313326 -0.15936111615411938 4.9804073969523115 0.10790876777882273 3.5463542776107788 0.27541405547192283 3.937398391503554 1.8435420393943787 1.5324824434060318 -4.0386652025309475 2.0822869745167818 -0.23415252053638613 1.5403473716974259 -0.041000594556623818 0.19263671264052393 3.1508093500137329 0.028930738541696754 -3.1553974723815923 0.041297049026861155 -0.062199260633957532 0.29083005354429287 -1.8439417586817097
leaf_weight=30 65 161 25 30 210 36 24 11121 24 50 21 47 25 94 26 25 26 22 22 158 35 51 20 25 28 20 4704 79 144 96
leaf_count=30 65 161 25 30 210 36 24 11121 24 50 21 47 25 94 26 25 26 22 22 158 35 51 20 25 28 20 4704 79 144 96
internal_value=-1.69694e-11 0.264134 0.655245 2.24587 -0.0878653 -0.00709002 0.0636344 -0.0406958 -0.911815 0.082539 1.48655 -0.0183514 1.30181 0.0573549 1.06884 3.27559 -0.432018 -0.646627 -0.301142 0.0489679 -0.0268717 0.0341556 0.838874 1.83607 0.0191141 -1.29787 0.0315385 0.703789 0.0119584 -0.563079
internal_weight=17444 456 216 55 240 16988 5472 11516 288 5448 96 11228 72 5352 120 46 264 238 216 180 11156 5232 96 45 5136 48 5088 144 4944 240
internal_count=17444 456 216 55 240 16988 5472 11516 288 5448 96 11228 72 5352 120 46 264 238 216 180 11156 5232 96 45 5136 48 5088 144 4944 240
is_linear=0
shrinkage=0.1


Tree=87
num_leaves=31
num_cat=0
split_feature=24 5 24 2 24 5 17 7 19 6 17 20 20 11 3 3 24 24 2 20 8 18 20 0 18 7 3 14 17 14
split_gain=3112.19 4936.02 4387.07 5804.75 3978.07 5075.4 4499.79 4730.08 5136.07 4477.63 6497.94 6298.77 9569.42 6213.48 10902.6 12216.6 14430.7 18987 19334.3 15033 10484.2 10278.1 49969.9 39228.3 14195.6 38788.6 53577.7 22156.7 19697.2 11313.3
threshold=980.50000000000011 58.500000000000007 985.50000000000011 0.45273815774107123 978.50000000000011 287.50000000000006 428.50000000000006 28.050000000000004 29.550000000000004 1.0000000180025095e-35 423.50000000000006 30.500000000000004 29.000000000000004 46.500000000000007 0.99249573635719013 0.97648852793709995 534.50000000000011 458.00000000000006 -0.24372957273992746 78.500000000000014 56.500000000000007 97.500000000000014 66.500000000000014 -0.25881904510252113 23.500000000000004 24.250000000000004 -0.64580103137750788 61.500000000000007 33.500000000000007 41.500000000000007
decision_type=2 2 2 2 2 2 2 2 2 2 2 2 2 2 2 2 2 2 2 2 2 2 2 2 2 2 2 2 2 2
left_child=4 -2 -3 -4 6 -6 9 -8 -9 13 11 12 -11 -1 15 16 17 -15 -19 21 -21 24 -23 -24 -18 26 -26 28 -28 -27
right_child=1 2 3 -5 5 -7 7 8 -10 10 -12 -13 -14 14 -16 -17 19 18 -20 20 -22 22 23 -25 25 29 27 -29 -30 -31
leaf_value=0.015374176684020056 -0.097565373456547699 1.0133264113670197 0.032230239689991037 1.6274353618805226 -0.010009374441923919 -2.0828428177606493 0.044599784761667254 2.11926526705424 0.41443151737195116 0.20546303296089174 1.4923774500439566 0.01312150377850436 2.7492305896111899 0.6384911504285089 -2.3790400473967845 2.053355827710281 -0.16556316226231566 -0.908104566890089 -4.5306467689000645 -0.085173678738730302 2.2458468024120775 2.5497718103470342 1.2196410131454467 -4.9685937915529523 -6.8086500878844944 -1.184920180385763 -4.5970180787146093 0.869895351023385 -1.0759278059481308 1.0238569488892189
leaf_weight=2532 257 107 186 26 27 21 95 30 43 50 30 11768 21 29 23 24 1698 34 26 35 43 62 20 21 21 33 24 33 47 78
leaf_count=2532 257 107 186 26 27 21 95 30 43 50 30 11768 21 29 23 24 1698 34 26 35 43 62 20 21 21 33 24 33 47 78
internal_value=3.9715e-10 0.228576 0.491329 0.227869 -0.0078053 -0.916874 -0.00521105 0.509735 1.11505 -0.0104063 0.0225118 0.0187871 0.957845 -0.0920923 -0.212974 -0.190614 -0.215049 -1.46243 -2.47787 -0.162559 1.19988 -0.214728 0.758623 -1.94994 -0.266567 -0.993278 -2.20138 -1.27106 -2.26616 0.367193
internal_weight=17444 576 319 212 16868 48 16820 168 73 16652 11869 11839 71 4783 2251 2228 2204 89 60 2115 78 2037 103 41 1934 236 125 104 71 111
internal_count=17444 576 319 212 16868 48 16820 168 73 16652 11869 11839 71 4783 2251 2228 2204 89 60 2115 78 2037 103 41 1934 236 125 104 71 111
is_linear=0
shrinkage=0.1


Tree=88
num_leaves=31
num_cat=0
split_feature=11 5 5 11 13 25 11 18 20 8 0 21 13 15 19 11 25 1 23 11 23 2 24 18 18 14 19 24 19 23
split_gain=2811.28 5275.24 4225.93 13697.4 25126 6016.87 3481.83 5622.22 3306.99 3096.01 10875.6 17469.9 13783.5 3615.15 3463.82 7858.36 24571.3 5978.54 3620.39 12752.1 28175.5 69393.1 28644.3 25745.6 25455.4 24711 24111.3 23780.3 33659.6 23221.2
threshold=962.50000000000011 968.50000000000011 931.50000000000011 916.50000000000011 25.150000000000002 13.923076923076925 931.50000000000011 5.5000000000000009 57.500000000000007 29.500000000000004 -1.0000000180025095e-35 0.085000000000000006 23.250000000000004 0.51500000000000012 10.450000000000001 271.50000000000006 31.769230769230774 -0.9159756150367534 253.84615384615387 130.50000000000003 223.88461538461542 0.43733377705052551 497.00000000000006 89.500000000000014 2.5000000000000004 72.500000000000014 18.750000000000004 458.00000000000006 15.550000000000002 234.42307692307693
decision_type=2 2 2 2 2 2 2 2 2 2 2 2 2 2 2 2 2 2 2 2 2 2 2 2 2 2 2 2 2 2
left_child=1 2 6 -4 -5 -6 9 8 -8 10 11 12 -1 -13 15 -11 17 -17 19 -16 22 23 24 26 -21 -23 29 -26 -29 -22
right_child=-2 -3 3 4 5 -7 7 -9 -10 14 -12 13 -14 -15 18 16 -18 -19 -20 20 21 25 -24 -25 27 -27 -28 28 -30 -31
leaf_value=-1.0600725355744363 0.53409166609754377 1.5809582091513135 1.1143162354042655 -3.9528831436609231 -0.77639661777545432 1.1261739465323362 0.97263450741767876 1.9869904424833216 -0.80406926057555461 0.041592308352838329 0.090951389044968661 0.30391827076328576 -4.5821718795597555 -1.131322909776981 0.03564311946491143 -1.3604154499440357 2.7071402256687485 0.63711455368226577 0.020405931528985181 2.1486255932421914 0.6187952319780986 -5.5347828221321116 1.7073939776152707 1.3631110950373113 0.18664089248592752 -1.6194336370185571 -3.0675426900386813 -2.0432116121053698 0.47060705045374429 -1.2635781075246633
leaf_weight=25 98 21 38 24 68 22 20 23 22 340 253 54 20 26 2384 29 48 31 12793 42 111 40 89 64 296 27 42 152 82 160
leaf_count=25 98 21 38 24 68 22 20 23 22 340 253 54 20 26 2384 29 48 31 12793 42 111 40 89 64 296 27 42 152 82 160
internal_value=-2.64222e-10 -0.00301747 -0.00493744 -0.529897 -1.07797 -0.311324 -0.000290968 0.730215 0.0419802 -0.00306644 -0.286078 -1.04918 -2.62545 -0.162535 0.00332795 0.27764 1.02075 -0.328358 -0.00421975 -0.0945139 -0.375323 -0.991441 0.038529 -0.464414 -0.221137 -3.95696 -0.838093 -0.40893 -1.1623 -0.492569
internal_weight=17444 17346 17325 152 114 90 17173 65 42 17108 378 125 45 80 16730 448 108 60 16282 3489 1105 444 661 377 572 67 313 530 234 271
internal_count=17444 17346 17325 152 114 90 17173 65 42 17108 378 125 45 80 16730 448 108 60 16282 3489 1105 444 661 377 572 67 313 530 234 271
is_linear=0
shrinkage=0.1


Tree=89
num_leaves=31
num_cat=0
split_feature=3 11 2 19 7 23 1 23 2 21 10 9 20 2 19 20 20 0 13 24 6 24 18 5 21 25 11 13 20 7
split_gain=2810.42 5834.06 9751.7 3315.72 13578.9 11767.9 25473.6 35006.7 49661 34704.7 31006.7 22723.7 28292.1 26278.9 22352.3 32237.5 16439 17882.6 12957.3 12441.1 11938.4 11403.9 11109.7 16359.9 16630.6 25641.1 35267.4 28522.4 25166.5 27842.3
threshold=0.99958851518450398 87.500000000000014 1.0000000180025095e-35 14.450000000000001 19.650000000000002 253.84615384615387 -0.3794095225512602 223.88461538461542 -0.45274443793211405 0.03500000000000001 0.55000000000000016 0.17500000000000002 63.500000000000007 0.14250626876356556 15.550000000000002 78.500000000000014 77.500000000000014 0.25881904510252091 16.750000000000004 526.00000000000011 31.500000000000004 517.50000000000011 99.500000000000014 6.5000000000000009 0.055000000000000007 31.000000000000004 551.50000000000011 15.750000000000002 79.500000000000014 16.150000000000002
decision_type=2 2 2 2 2 2 2 2 2 2 2 2 2 2 2 2 2 2 2 2 2 2 2 2 2 2 2 2 2 2
left_child=3 -2 -3 4 22 6 7 10 16 21 11 12 -5 14 15 20 -9 -18 -14 -7 -13 -10 23 -1 25 26 -25 -28 29 -27
right_child=1 2 -4 5 -6 19 -8 8 9 -11 -12 13 18 -15 -16 -17 17 -19 -20 -21 -22 -23 -24 24 -26 28 27 -29 -30 -31
leaf_value=-0.035557587740178809 -0.0014544859397829625 -2.3774971798062325 0.35746052630923014 -4.4132258498668673 -2.4460843358721056 2.2918016037903728 0.034860501795351287 0.20158050229297855 -0.84773807914720656 -5.9050572488043045 -3.0486799842970713 -1.1743531298637391 -1.3594492377684668 2.2907487741538457 1.1218416987463484 0.93268539966681063 -0.32054046726226809 -4.3323110377788545 0.65304829050151136 0.012709371395741543 -4.4522490236759182 -3.5664522187577354 -0.40398283682676112 0.06669430553983173 1.0807129778439799 0.83542228944806585 -5.3066575754772538 -1.0113375012691204 -0.056411179306497618 3.2009060552496402
leaf_weight=1787 114 32 22 20 21 24 1109 99 36 36 35 20 65 70 86 39 25 20 63 11877 25 27 384 452 300 270 22 52 251 61
leaf_count=1787 114 32 22 20 21 24 1109 99 36 36 35 20 65 70 86 39 25 20 63 11877 25 27 384 452 300 270 22 52 251 61
internal_value=4.41037e-10 -0.407033 -1.26326 0.00395818 0.0893459 -0.0185188 -0.258713 -0.747562 -1.70411 -3.42823 -0.198057 0.0590865 -0.915451 0.660051 -0.0114128 -1.17165 -0.518773 -2.10355 -0.368923 0.0173055 -2.99541 -2.0129 0.104223 0.165303 0.42023 0.241399 -0.26462 -2.28832 0.698729 1.27136
internal_weight=17444 168 54 17276 3600 13676 1775 666 243 99 423 388 148 240 170 84 144 45 128 11901 45 63 3579 3195 1408 1108 526 74 582 331
internal_count=17444 168 54 17276 3600 13676 1775 666 243 99 423 388 148 240 170 84 144 45 128 11901 45 63 3579 3195 1408 1108 526 74 582 331
is_linear=0
shrinkage=0.1


Tree=90
num_leaves=31
num_cat=0
split_feature=6 5 11 18 11 5 15 17 15 7 13 14 1 0 17 14 22 9 13 19 7 21 3 18 14 19 19 8 12 7
split_gain=2671.27 10907.5 13384.1 8764.48 8139.93 16010.1 10789.7 20860.4 16667 22836.7 13460 12525.7 11956.6 27091.3 53890 23591.2 25321.8 20427.8 16232.5 22220.5 33237.3 27699 29333.6 15971.5 15342.9 14881.1 16243.5 14604.6 13851.4 13714.2
threshold=71.500000000000014 796.50000000000011 857.50000000000011 1.5000000000000002 780.50000000000011 615.50000000000011 0.41500000000000004 222.50000000000003 0.38500000000000006 20.850000000000005 25.350000000000005 43.500000000000007 -0.5 0.25881904510252091 80.000000000000014 80.500000000000014 1.0000000180025095e-35 0.20500000000000004 14.65 12.15 18.250000000000004 0.025000000000000005 0.78724360164103002 99.500000000000014 53.500000000000007 16.250000000000004 14.65 63.500000000000007 25.500000000000004 14.950000000000001
decision_type=2 2 2 2 2 2 2 2 2 2 2 2 2 2 2 2 2 2 2 2 2 2 2 2 2 2 2 2 2 2
left_child=-1 2 4 -3 6 -6 8 11 12 -10 -9 -8 13 14 18 16 17 24 -2 -20 21 22 -21 28 -15 26 -26 -18 -22 -23
right_child=1 3 -4 -5 5 -7 7 10 9 -11 -12 -13 -14 15 -16 -17 27 -19 19 20 23 29 -24 -25 25 -27 -28 -29 -30 -31
leaf_value=-0.018034851252062598 2.133656352513762 -2.8458581588485026 2.6894476574659349 -0.31239551206429805 -3.3302989053726195 0.62303918798764546 -1.5705845154821874 4.2034613513946537 -4.2433080544074384 -0.049107695853008948 1.0371777310453614 1.1146601626747532 -0.020760461652750199 -1.0532970627148948 5.7956672522154724 2.6662867885369526 -0.79333480993906669 -0.96351199030876167 3.2362510947080758 -3.1105180668830874 -0.52721728057396122 -0.10538779911787616 1.1234022337860532 3.6625027890388782 1.6405859215112004 3.4897124125407295 -1.7219616967439653 -4.2468990902900696 1.8828542413418754 -3.0379754460774939
leaf_weight=14388 67 22 20 36 20 21 32 25 21 34 29 38 1999 33 22 26 24 130 26 20 41 23 90 26 51 26 20 25 57 52
leaf_count=14388 67 22 20 36 20 21 32 25 21 34 29 38 1999 33 22 26 24 130 26 20 41 23 90 26 51 26 20 25 57 52
internal_value=3.19967e-10 0.0849102 0.111188 -1.27336 0.0938723 -1.30542 0.113406 1.02632 0.0731641 -1.65053 2.50305 -0.11288 0.107538 0.445441 0.976489 -0.22669 -0.470112 -0.0771238 0.712753 0.428572 0.192327 -0.656772 0.353599 1.45913 0.809264 1.44292 0.693389 -2.55536 0.874559 -2.13865
internal_weight=17444 3056 2998 58 2978 41 2937 124 2813 55 54 70 2758 759 424 335 309 260 402 335 309 185 110 124 130 97 71 49 98 75
internal_count=17444 3056 2998 58 2978 41 2937 124 2813 55 54 70 2758 759 424 335 309 260 402 335 309 185 110 124 130 97 71 49 98 75
is_linear=0
shrinkage=0.1


Tree=91
num_leaves=31
num_cat=0
split_feature=21 9 7 7 7 24 1 13 20 13 19 7 16 7 19 19 12 18 20 11 7 20 17 23 7 3 12 19 14 15
split_gain=2592.99 3833.83 2945.76 4761.91 3202.25 4148.23 3743.66 8696.92 17351.4 14640.7 33841.8 9677.46 26818.3 22525.5 13155.8 14138.1 12482.8 20543.6 10412.4 15680.9 20176.3 71603.7 54466.8 16648 14907.7 21929.5 16558.6 10813.6 14546.4 17227.2
threshold=0.41500000000000004 0.34500000000000003 34.250000000000007 34.850000000000001 31.150000000000002 936.50000000000011 -0.9159756150367534 14.550000000000002 56.500000000000007 15.550000000000002 14.250000000000002 16.650000000000002 0.15000000000000005 17.850000000000005 14.850000000000003 16.450000000000003 99.500000000000014 57.500000000000007 67.500000000000014 536.50000000000011 24.850000000000005 70.500000000000014 290.00000000000006 507.19230769230774 21.350000000000005 0.38043945030393422 34.500000000000007 18.950000000000003 55.500000000000007 0.27500000000000008
decision_type=2 2 2 2 2 2 2 2 2 2 2 2 2 2 2 2 2 2 2 2 2 2 2 2 2 2 2 2 2 2
left_child=2 -2 4 -4 6 -6 7 8 -1 10 -9 12 16 14 -13 -16 17 -11 -15 27 21 22 -21 24 26 -26 -23 28 -20 -30
right_child=1 -3 3 -5 5 -7 -8 9 -10 11 -12 13 -14 18 15 -17 -18 -19 19 20 -22 23 -24 -25 25 -27 -28 -29 29 -31
leaf_value=-0.97310281949383881 0.050305294221447361 1.3716526219073464 -1.8729408879849043 -0.032966430752705306 0.56716003445613439 -0.10019021884347341 -0.024220912358714628 0.55369223897776954 1.642914442685635 0.16789469007741323 -3.824755082784161 0.64014834316039926 -3.3700075149536133 0.2997123537098389 3.8304908882487902 0.80402968834186428 1.9510610241156359 -3.3826438617706303 -0.8000549166997275 -1.7726211613622205 0.0079395280896330921 1.8817250617912837 -8.4597869328090134 1.3558502220727029 -4.5134758597070528 -0.22367321803019596 -1.8329570469402132 1.987972995711536 -0.0099587697249192472 3.4407411057016128
leaf_weight=35 62 34 22 39 221 161 14886 41 92 88 31 128 29 817 33 29 26 20 75 29 278 28 21 47 22 26 21 41 39 23
leaf_count=35 62 34 22 39 221 161 14886 41 92 88 31 128 29 817 33 29 26 20 75 29 278 28 21 47 22 26 21 41 39 23
internal_value=3.62596e-10 0.518282 -0.00286806 -0.696564 -0.000420242 0.285895 -0.00689006 0.12089 0.921965 0.0671176 -1.33147 0.122446 -0.612765 0.19477 1.21927 2.41489 -0.0160489 -0.489612 0.0620799 -0.236606 -0.538231 -1.32089 -4.58123 -0.188825 -0.937276 -2.18983 0.289718 0.56321 0.136821 1.27014
internal_weight=17444 96 17348 61 17287 382 16905 2019 127 1892 72 1820 163 1657 190 62 134 108 1467 650 472 194 50 144 97 48 49 178 137 62
internal_count=17444 96 17348 61 17287 382 16905 2019 127 1892 72 1820 163 1657 190 62 134 108 1467 650 472 194 50 144 97 48 49 178 137 62
is_linear=0
shrinkage=0.1


Tree=92
num_leaves=31
num_cat=0
split_feature=22 15 6 17 5 5 9 3 24 13 11 24 11 23 18 6 15 21 20 18 24 5 20 23 3 6 3 5 1 19
split_gain=2456.48 3716.72 2501.18 7203.03 10932.5 10851 28426.3 9931.34 8968.37 9214.82 8520.2 7022.91 7858.72 6849.19 6591.44 5740.13 5159.18 8946.79 8456.19 8563.43 11047.3 7736.9 16601.1 34408.6 18542.7 41843.1 16047.6 13781.9 13329.4 14035.6
threshold=3.8500000000000005 0.075000000000000025 1.0000000180025095e-35 383.50000000000006 215.50000000000003 909.50000000000011 0.58500000000000008 -0.96904977397942549 930.50000000000011 26.450000000000003 920.50000000000011 944.50000000000011 844.50000000000011 574.80769230769249 10.500000000000002 3.5000000000000004 0.59500000000000008 0.21500000000000002 64.500000000000014 1.0000000180025095e-35 902.50000000000011 656.50000000000011 47.500000000000007 506.23076923076928 0.18281312110578132 34.500000000000007 -0.013976481981245173 749.50000000000011 -0.98296291314453399 17.350000000000005
decision_type=2 2 2 2 2 2 2 2 2 2 2 2 2 2 2 2 2 2 2 2 2 2 2 2 2 2 2 2 2 2
left_child=2 -2 -1 5 -5 7 -7 -4 9 -6 16 12 -10 -11 -8 -14 21 -18 -19 -20 -21 28 23 -23 26 27 -24 -26 29 -9
right_child=1 -3 3 4 8 6 14 10 11 13 -12 -13 15 -15 -16 -17 17 18 19 20 -22 22 24 -25 25 -27 -28 -29 -30 -31
leaf_value=-0.058479354012310247 -0.029302507140008469 1.7555678829085082 -2.2197473692893985 -0.054735109355926931 3.0125848988691968 -3.5994721849759426 -0.90401592448353763 0.24789227124865498 0.3502093195449561 1.3032695973349602 2.0727840858697895 0.55091272279582493 -0.24629331917866418 -0.36454765232223457 1.3493922390319684 -2.4804405823997833 2.0308881400209486 1.117348911227851 1.0660597915649415 -2.4130737404669489 0.44466684609651569 -0.034951535074247253 -0.18092889071623816 -5.0547350475733932 -0.81354332940523022 -3.9403562268614771 1.2805910619959402 2.3638823413848877 0.0023211365397999757 1.8624886997334369
leaf_weight=5401 28 20 20 577 24 30 25 179 64 97 20 346 23 33 27 23 33 58 25 31 24 36 482 22 43 40 89 20 9527 77
leaf_count=5401 28 20 20 577 24 30 25 179 64 97 20 346 23 33 27 23 33 58 25 31 24 36 482 22 43 40 89 20 9527 77
internal_value=-3.10387e-10 0.714393 -0.00197119 0.0234728 0.257305 -0.0022081 -1.14818 0.00655284 0.552465 1.21227 0.0107118 0.329637 -0.366377 0.879901 0.266023 -1.36337 0.00685243 0.551718 0.198003 -0.468522 -1.16606 -0.00200844 -0.315596 -1.93901 -0.175896 -1.41086 0.0468737 0.195163 0.0214554 0.733533
internal_weight=17444 48 17396 11995 1187 10808 82 10726 610 154 10706 456 110 130 52 46 10686 171 138 80 55 10515 732 58 674 103 571 63 9783 256
internal_count=17444 48 17396 11995 1187 10808 82 10726 610 154 10706 456 110 130 52 46 10686 171 138 80 55 10515 732 58 674 103 571 63 9783 256
is_linear=0
shrinkage=0.1


Tree=93
num_leaves=31
num_cat=0
split_feature=3 9 6 20 5 19 6 13 22 9 19 1 7 11 11 11 2 22 22 1 7 12 3 11 3 6 8 25 14 2
split_gain=2382.53 5161.77 5186.07 2779.22 9562.39 18556 12995 12277.5 12071.4 11704.4 20000.1 7479.84 17649.5 48209.1 11812 13768 7254.73 5821.11 7215.74 46527.2 5917.65 5005.27 4812.14 21418.9 50045.3 62723.8 26274.6 21515.5 24618.1 33157.6
threshold=0.99958851518450398 0.13500000000000004 53.500000000000007 81.500000000000014 475.50000000000006 18.650000000000002 39.500000000000007 16.850000000000005 0.15000000000000005 0.25500000000000006 15.550000000000002 -0.70710678118654757 16.450000000000003 363.50000000000006 355.50000000000006 283.50000000000006 -0.074117382312902977 1.1000000000000003 0.45000000000000007 -0.60355339059327384 16.750000000000004 64.500000000000014 0.88917497572200743 185.50000000000003 0.93769647993491489 8.5000000000000018 60.500000000000007 91.423076923076948 50.500000000000007 0.10837544681456425
decision_type=2 2 2 2 2 2 2 2 2 2 2 2 2 2 2 2 2 2 2 2 2 2 2 2 2 2 2 2 2 2
left_child=3 -2 -3 17 9 6 8 -8 21 11 -11 12 13 -5 15 -14 -16 18 22 -20 -21 -6 -1 -24 25 -25 -27 28 29 -26
right_child=1 2 -4 4 5 -7 7 -9 -10 10 -12 -13 14 -15 16 -17 -18 -19 19 20 -22 -23 23 24 27 26 -28 -29 -30 -31
leaf_value=0.013333971785178486 -0.059823312595721302 -2.4479007448468888 -0.19787941396236419 2.0538778918630936 0.69380228515891806 -1.4530294062762426 1.7777595474606469 -1.4731740517971608 4.0667533121325752 -3.0075742629385789 0.81124534606933596 0.012300440968007153 2.3037068628129505 -3.3539392448961736 0.99244645436604828 -1.0835272525038038 3.3195407081294706 1.5473167525837199 -4.9715860639299665 -0.24405535709473397 1.9622420299053194 2.4389486198072081 0.04576668717402934 -6.4752656271060305 -0.09932752887407939 0.35772250288603258 -3.1460660461532441 -3.3359055566787719 0.54412213238477702 -4.3191452880148535
leaf_weight=13844 127 21 20 34 42 29 21 26 22 32 24 1140 21 32 21 28 37 24 21 31 20 27 1326 30 60 49 38 20 250 27
leaf_count=13844 127 21 20 34 42 29 21 26 22 32 24 1140 21 32 21 28 37 24 21 31 20 27 1326 30 60 49 38 20 250 27
internal_value=-9.99684e-10 -0.374768 -1.35033 0.00364442 0.132039 0.846422 1.32964 -0.0206293 2.02703 0.0448935 -1.37094 0.105279 0.717973 -0.568094 1.51125 0.368145 2.47697 -0.00888505 -0.0112615 -1.01006 0.621159 1.37669 -0.00666467 -0.160476 -0.737435 -2.53231 -1.17267 -0.149199 0.0399227 -1.40893
internal_weight=17444 168 41 17276 1536 167 138 47 91 1369 56 1313 173 66 107 49 58 15740 15716 72 51 69 15644 1800 474 117 87 357 337 87
internal_count=17444 168 41 17276 1536 167 138 47 91 1369 56 1313 173 66 107 49 58 15740 15716 72 51 69 15644 1800 474 117 87 357 337 87
is_linear=0
shrinkage=0.1


Tree=94
num_leaves=31
num_cat=0
split_feature=5 5 25 11 3 8 8 7 25 9 8 18 9 8 7 5 12 5 5 11 4 13 0 1 23 1 6 25 18 16
split_gain=2291.76 3863.73 18275.8 5056.13 5004.16 2959.63 7271.83 2934.2 2788.67 13955.5 15900.9 11095.7 11446.4 9835.47 17013.6 9530.36 16645.8 9893.31 13428.3 18979.9 11097.7 9154.53 8736.27 8273.12 8138.8 7516.86 7344.81 6440.91 5567.05 11540.5
threshold=950.50000000000011 931.50000000000011 21.80769230769231 950.50000000000011 -0.83849291496497236 49.500000000000007 59.500000000000007 29.350000000000005 71.961538461538467 0.24500000000000002 66.500000000000014 96.500000000000014 0.45500000000000007 44.500000000000007 23.150000000000002 363.50000000000006 51.500000000000007 271.50000000000006 212.50000000000003 254.50000000000003 10.500000000000002 21.650000000000002 0.25881904510252091 -0.9159756150367534 271.76923076923083 -0.70710678118654757 92.500000000000014 92.000000000000014 16.500000000000004 1.8500000000000003
decision_type=2 2 2 2 2 2 2 2 2 2 2 2 2 2 2 2 2 2 2 2 2 2 2 2 2 2 2 2 2 2
left_child=1 3 4 8 -3 -2 7 -7 28 15 11 13 23 22 21 17 -17 18 25 -20 -19 26 -11 27 -25 -10 -15 -13 -1 -30
right_child=5 2 -4 -5 -6 6 -8 -9 9 10 -12 12 -14 14 -16 16 -18 20 19 -21 -22 -23 -24 24 -26 -27 -28 -29 29 -31
leaf_value=0.025417571635504219 1.0602316654894663 -0.3407606549235061 -3.1035011812396673 1.5898173648118974 1.3937283305185182 0.032278769180692474 1.1258242429831089 -1.4307072962705907 1.9525003439188007 2.1239706516265868 -1.7417401323318484 2.239739518780862 -0.24276940703392028 -1.2175252166059283 -2.8211775598071873 -2.8881754300991695 0.68755828504977023 1.8121118760011237 -0.02966888300010136 -3.6808483310043814 -0.53703916867574053 1.9203499427208535 -0.29058261798775714 4.1813107986450202 1.7191970779977996 -0.0022561047642472355 1.1016933571208607 0.26035258182457516 -0.089367720353018959 -1.6810158460593336
leaf_weight=10641 46 80 23 20 21 29 39 26 20 43 25 31 30 36 21 30 23 61 35 24 30 26 23 25 29 1200 22 35 4704 46
leaf_count=10641 46 80 23 20 21 29 39 26 20 43 25 31 30 36 21 30 23 61 35 24 30 26 23 25 29 1200 22 35 4704 46
internal_value=5.61607e-10 -0.00326026 -0.55946 0.000754226 0.0198757 0.402968 0.0813281 -0.659315 -0.00109783 0.11781 0.687414 0.8766 1.50434 0.325954 -0.275327 -0.0206886 -1.33644 0.0302128 -0.0414668 -1.51489 1.03767 0.361136 1.28254 1.94111 2.85906 0.0297891 -0.337822 1.19006 -0.0147647 -0.104782
internal_weight=17444 17304 124 17180 101 140 94 55 17160 1769 346 321 150 171 105 1423 53 1370 1279 59 91 84 66 120 54 1220 58 66 15391 4750
internal_count=17444 17304 124 17180 101 140 94 55 17160 1769 346 321 150 171 105 1423 53 1370 1279 59 91 84 66 120 54 1220 58 66 15391 4750
is_linear=0
shrinkage=0.1


Tree=95
num_leaves=31
num_cat=0
split_feature=12 10 23 16 7 18 11 13 5 2 7 2 19 25 8 1 25 6 12 14 19 18 21 2 24 2 23 14 13 19
split_gain=2341.23 6746.12 6160.25 8726.67 8216.39 15822.2 8313.26 7759.08 20742.8 19455.8 30051.8 19285.9 19491.3 18404.7 25287.6 23942 26034 21065.8 19107.1 17077.9 45928 27555 25610.9 19410.6 22043.8 19281 19258.1 18233.5 16670.3 22478.8
threshold=5.5000000000000009 1.2500000000000002 529.07692307692321 1.0000000180025095e-35 28.450000000000003 32.500000000000007 724.50000000000011 20.450000000000003 341.50000000000006 0.65233619298682533 25.650000000000002 0.90162119223771331 19.850000000000005 69.538461538461561 56.500000000000007 -0.70710678118654757 24.000000000000004 99.500000000000014 36.500000000000007 55.500000000000007 14.450000000000001 22.500000000000004 1.0000000180025095e-35 0.89017062131308955 623.50000000000011 0.75014288946266361 237.23076923076925 71.500000000000014 17.350000000000005 13.450000000000001
decision_type=2 2 2 2 2 2 2 2 2 2 2 2 2 2 2 2 2 2 2 2 2 2 2 2 2 2 2 2 2 2
left_child=1 -1 4 -4 7 6 -6 8 -2 -9 11 12 -11 15 -15 17 -17 19 -18 20 23 -22 26 24 -10 -26 -21 28 -24 -30
right_child=2 -3 3 -5 5 -7 -8 9 13 10 -12 -13 -14 14 -16 16 18 -19 -20 22 21 -23 27 -25 25 -27 -28 -29 29 -31
leaf_value=-0.034385591581820828 0.045844958539288508 -1.4892881725914777 0.12000084187390821 0.80384949253199245 -1.0528469667220728 -2.9966527237892153 0.36132331905740034 0.06810197831767352 0.29286058423030809 4.4532660935606279 -2.2228484523296355 0.72057692035463938 1.202615209344106 1.5970426249628267 -0.60137689807492756 -0.14085948407076873 -1.2678313239761021 1.265513738852281 -4.9997434162041721 -0.3442311141801917 -1.7906464661307195 -5.5710795087199063 1.1914155751938971 2.169362051670368 -4.7479129493236547 -1.028771810427956 -4.3537622008323664 -1.1334835544228554 -3.4315901151299482 0.14924642909580552
leaf_weight=7865 4686 32 1506 213 78 25 89 1635 83 35 25 131 39 96 115 39 23 65 34 23 51 31 142 26 20 46 25 104 20 142
leaf_count=7865 4686 32 1506 213 78 25 89 1635 83 35 25 131 39 96 115 39 23 65 34 23 51 31 142 26 20 46 25 104 20 142
internal_value=-8.00641e-11 -0.0402811 0.0333194 0.204736 -0.00432311 -0.65042 -0.299187 0.0119224 -0.0453818 0.189243 1.05039 1.44957 2.74009 -0.43938 0.398852 -0.641745 -2.13172 -0.457893 -3.49388 -0.615005 -1.26692 -3.21983 -0.247591 -0.351834 -0.791774 -2.15578 -2.43253 0.00946057 0.400468 -0.292832
internal_weight=17444 7897 9547 1719 7828 192 167 7636 5771 1865 230 205 74 1085 211 874 96 778 57 713 257 82 456 175 149 66 48 408 304 162
internal_count=17444 7897 9547 1719 7828 192 167 7636 5771 1865 230 205 74 1085 211 874 96 778 57 713 257 82 456 175 149 66 48 408 304 162
is_linear=0
shrinkage=0.1


Tree=96
num_leaves=31
num_cat=0
split_feature=14 21 15 15 0 7 21 1 3 13 21 6 20 7 19 3 22 18 18 2 19 0 12 7 7 10 12 12 7 21
split_gain=2362.22 5993.87 9095.1 12981.4 8161.46 14026.7 6249.79 10471.5 5831.42 9269.37 3444.09 3094.66 2725.99 6964.16 27839.9 39200.3 16731.9 14126 18453.3 15636.8 30630.3 17891.2 18874.6 21387.8 31923.9 14012.2 13213.8 20525.4 11775.7 9859.87
threshold=32.500000000000007 0.075000000000000025 0.39500000000000007 0.34500000000000003 -0.60355339059327362 24.350000000000005 0.025000000000000005 -0.60355339059327384 -0.022575793296316496 25.350000000000005 0.27500000000000008 13.500000000000002 65.500000000000014 21.850000000000005 22.900000000000002 -0.83849291496497236 0.15000000000000005 99.500000000000014 93.500000000000014 0.71503381463111937 16.950000000000003 0.37940952255126054 1.5000000000000002 25.150000000000002 23.650000000000002 0.15000000000000005 7.5000000000000009 16.500000000000004 21.750000000000004 0.055000000000000007
decision_type=2 2 2 2 2 2 2 2 2 2 2 2 2 2 2 2 2 2 2 2 2 2 2 2 2 2 2 2 2 2
left_child=1 2 3 6 5 -3 -1 -8 -6 -10 -7 -4 -2 28 15 -15 17 18 19 21 -21 22 23 24 -17 -16 -24 -28 -14 -23
right_child=12 4 11 -5 8 10 7 -9 9 -11 -12 -13 13 14 25 16 -18 -19 -20 20 -22 29 26 -25 -26 -27 27 -29 -30 -31
leaf_value=-0.39570011670818961 0.050156439876111319 -3.1935077302157882 2.055194992443611 -2.3517971225406815 0.049851464392850181 -1.0990533556540807 2.3839311574186599 -0.040293208783378415 -0.19081119600128621 -2.6407839629961098 0.52743305123370632 0.50193051760611329 0.021814228069016391 -4.7749443332354229 -0.038595869558428364 -1.1404258396849036 2.1975158342719077 -2.7838557489216331 2.3600121974945067 -2.8760386571884156 1.0713012270953344 1.6574585725222866 0.67809132735588051 -0.22701617181301117 -6.4545893550492259 2.5557325221243361 -3.898379211072569 -0.81289008472976487 2.1966213740706446 -0.98315919611889591
leaf_weight=87 7833 27 29 23 224 30 28 49 47 23 23 23 6031 24 2413 20 20 32 20 25 92 31 38 20 26 21 27 107 25 26
leaf_count=87 7833 27 29 23 224 30 28 49 47 23 23 23 6031 24 2413 20 20 32 20 25 92 31 38 20 26 21 27 107 25 26
internal_value=-4.9012e-10 -0.192824 0.198341 -0.12696 -0.442794 -1.33832 0.18506 0.841243 -0.199114 -0.995802 -0.39322 1.36817 0.00702283 -0.0305261 -0.156748 -0.830098 -0.634486 -0.756555 -0.606384 -0.750384 0.227853 -1.13836 -1.51948 -2.95709 -4.14408 -0.0162126 -0.967837 -1.43459 0.0307921 0.452966
internal_weight=17444 613 239 187 374 80 164 77 294 70 53 52 16831 8998 2942 508 484 464 432 412 117 295 238 66 46 2434 172 134 6056 57
internal_count=17444 613 239 187 374 80 164 77 294 70 53 52 16831 8998 2942 508 484 464 432 412 117 295 238 66 46 2434 172 134 6056 57
is_linear=0
shrinkage=0.1


Tree=97
num_leaves=31
num_cat=0
split_feature=2 6 21 0 13 7 2 2 8 15 8 2 8 2 14 21 19 2 1 12 21 25 2 12 21 25 7 12 14 14
split_gain=2154.59 9873.21 7381.71 12886 4111.4 21044.4 10371.9 9974.48 9893.47 8611.77 8845.25 7624.06 6491.38 5582.16 4692.24 4207.8 3766.11 3036.04 11660.4 19340.1 29812.7 12793.1 5918.37 5136.36 6277.28 5494.65 6341.29 4334.81 4264.39 3917.97
threshold=-0.95754239937548935 98.500000000000014 0.075000000000000025 0.12940952255126045 27.550000000000004 27.250000000000004 -0.99630266176052629 -0.97509794945709805 55.500000000000007 0.41500000000000004 50.500000000000007 -0.9905448150984083 53.500000000000007 -0.9905448150984083 52.500000000000007 0.17500000000000002 26.850000000000005 -0.89406062840022227 -0.60355339059327384 1.0000000180025095e-35 0.095000000000000015 23.07692307692308 -0.93545489084327571 63.500000000000007 0.21500000000000002 14.730769230769232 28.650000000000002 95.500000000000014 60.500000000000007 42.500000000000007
decision_type=2 2 2 2 2 2 2 2 2 2 2 2 2 2 2 2 2 2 2 2 2 2 2 2 2 2 2 2 2 2
left_child=1 2 3 -1 9 6 -6 8 13 -4 11 -11 -12 15 -9 -7 -16 18 19 20 -2 23 -23 24 25 26 -21 29 -24 -20
right_child=17 -3 4 -5 5 7 -8 14 -10 10 12 -13 -14 -15 16 -17 -18 -19 27 21 -22 22 28 -25 -26 -27 -28 -29 -30 -31
leaf_value=-2.8680612604133788 -3.7821469423445793 -2.1666257231131847 -0.05917241741426691 0.45032623576169667 -0.6192718873853269 0.024062479928482414 -3.462871880366885 0.28481952633176533 1.692767678697904 -1.3776015337024416 2.6768296577312327 1.0795689468798431 0.80971698631842937 1.2210207272941869 -2.506442968050639 -1.6516563679860987 -0.6898999283909798 0.00014416881019395451 0.83376949065417616 0.10617874056793924 0.76202298239583066 1.1237274696429571 4.1425964820384982 -0.73328045200217851 -0.27242522691235399 2.5679739652917934 2.0399480881435532 -1.3321981693059206 2.0775567206740382 -0.063009959488649972
leaf_weight=25 22 23 1167 22 23 43 29 21 48 28 27 23 60 24 21 23 25 14851 53 43 42 24 20 22 33 26 28 25 20 603
leaf_count=25 22 23 1167 22 23 43 29 21 48 28 27 23 60 24 21 23 25 14851 53 43 42 24 20 22 33 26 28 25 20 603
internal_value=-2.00219e-10 -0.109394 -0.0799864 -1.31477 -0.0428321 -0.408421 -2.20513 0.0473285 0.533362 0.0291651 0.776193 -0.269466 1.38917 -0.0849879 -0.953755 -0.5599 -1.51919 0.0112908 0.183548 0.726784 -0.800035 1.17918 2.3652 0.679798 0.918935 1.32424 0.868792 -0.0398094 3.11008 0.00944326
internal_weight=17444 1632 1609 47 1562 257 52 205 138 1305 138 51 87 90 67 66 46 15812 961 280 64 216 64 152 130 97 71 681 40 656
internal_count=17444 1632 1609 47 1562 257 52 205 138 1305 138 51 87 90 67 66 46 15812 961 280 64 216 64 152 130 97 71 681 40 656
is_linear=0
shrinkage=0.1


Tree=98
num_leaves=31
num_cat=0
split_feature=6 20 5 13 17 5 24 5 19 11 14 5 11 2 13 25 3 18 18 23 15 5 11 12 25 25 17 7 13 17
split_gain=2097.33 5844.61 6930.83 9105.79 4668.72 7931.65 7963.98 7545.3 22057.3 7434.73 14539.1 8540.36 8682.53 18824.8 7235.26 7063.64 6158.69 5548.45 8446.49 5535.72 5359.28 7201.9 14357.4 17322 16471.7 14557.1 11470.3 25818.7 16188.1 11533.6
threshold=1.0000000180025095e-35 32.000000000000007 41.500000000000007 24.650000000000002 383.50000000000006 215.50000000000003 930.50000000000011 900.50000000000011 21.650000000000002 873.50000000000011 62.500000000000007 874.50000000000011 844.50000000000011 0.77244481603295057 26.450000000000003 14.192307692307693 -0.52765736634565841 7.5000000000000009 34.500000000000007 574.80769230769249 0.59500000000000008 656.50000000000011 593.50000000000011 70.500000000000014 30.500000000000004 27.000000000000004 279.50000000000006 22.350000000000005 19.650000000000002 34.500000000000007
decision_type=2 2 2 2 2 2 2 2 2 2 2 2 2 2 2 2 2 2 2 2 2 2 2 2 2 2 2 2 2 2
left_child=-1 2 -2 -4 7 -6 14 9 -9 11 16 12 20 -14 -7 -10 -11 -8 -19 -16 21 -3 24 26 -23 -25 29 28 -28 -24
right_child=1 4 3 -5 5 6 17 8 15 10 -12 -13 13 -15 19 -17 -18 18 -20 -21 -22 22 23 25 -26 -27 27 -29 -30 -31
leaf_value=-0.051701223412800104 -0.093228082925081265 0.014998343893853284 2.9465503478050232 0.38146337770646621 -0.061060860680914687 2.6756217805047831 0.41133915096011064 -2.8924567542757309 -1.3423798394203186 -0.41802843894277308 2.8400680586143778 1.8418695788383486 -0.033314148729497735 -3.3898518413305285 1.1664626736309109 0.91627409518592895 1.496621938298146 -1.1212315186100492 1.2140938743239358 -0.33293139699169183 0.93387343844429394 -3.1751134925418434 -1.5968790479870731 -0.28688029301793955 -0.15006358193026648 2.3580024693323218 -1.3343217963618894 -0.15973458127755868 -4.9147921603658924 0.15927935917618385
leaf_weight=5412 50 9755 25 31 568 24 365 35 20 56 27 25 55 24 97 45 24 59 21 33 61 36 43 38 36 46 28 95 23 287
leaf_count=5412 50 9755 25 31 568 24 365 35 20 56 27 25 55 24 97 45 24 59 21 33 61 36 43 38 36 46 28 95 23 287
internal_value=6.21898e-10 0.0232552 0.762526 1.52659 0.0166845 0.206662 0.460529 -0.00392186 -0.868512 0.00418951 0.833562 -0.00422055 -0.00860473 -1.05302 1.08036 0.221304 0.156367 0.246027 -0.508209 0.785847 -0.000707621 -0.00619616 -0.333336 -0.162432 -1.66259 1.16151 -0.396069 -1.13408 -2.94904 -0.0695534
internal_weight=17444 12032 106 56 11926 1167 599 10759 100 10659 107 10552 10527 79 154 65 80 445 80 130 10448 10387 632 560 72 84 476 146 51 330
internal_count=17444 12032 106 56 11926 1167 599 10759 100 10659 107 10552 10527 79 154 65 80 445 80 130 10448 10387 632 560 72 84 476 146 51 330
is_linear=0
shrinkage=0.1


Tree=99
num_leaves=31
num_cat=0
split_feature=20 7 20 6 23 15 19 22 7 11 5 7 13 23 7 13 15 6 1 11 11 18 18 25 2 13 13 25 21 25
split_gain=2089.07 5559.63 3954.32 5269.18 3229.87 7313.28 5113.84 4875.1 58847.2 18678.6 14299.4 24975 5844.92 3794.44 22285.4 7718.92 7539.03 2997.85 7819.16 18687.8 13059.6 12555.1 27761 21157.3 16331.7 12586.4 16384.7 12276.6 11787.2 15363.4
threshold=95.500000000000014 16.450000000000003 94.500000000000014 13.500000000000002 131.2692307692308 0.10500000000000002 14.050000000000002 0.35000000000000003 21.050000000000004 548.50000000000011 193.50000000000003 16.350000000000005 16.750000000000004 166.73076923076925 19.050000000000004 17.450000000000003 0.15500000000000003 72.500000000000014 -0.5 528.50000000000011 575.50000000000011 55.500000000000007 99.500000000000014 51.423076923076927 0.83376496542330847 18.950000000000003 15.750000000000002 72.576923076923094 0.025000000000000005 40.65384615384616
decision_type=2 2 2 2 2 2 2 2 2 2 2 2 2 2 2 2 2 2 2 2 2 2 2 2 2 2 2 2 2 2
left_child=2 -2 4 -4 5 -1 -7 13 9 10 12 -12 -9 14 15 16 -6 -15 19 21 -21 24 23 -23 28 26 -26 -25 -19 -30
right_child=1 -3 3 -5 7 6 -8 8 -10 -11 11 -13 -14 17 -16 -17 -18 18 -20 20 -22 22 -24 27 25 -27 -28 -29 29 -31
leaf_value=-0.0013551189525130981 0.25076766993318284 -1.9322105789184569 2.1479037223756317 0.022711343105350223 -0.068708281125150247 2.1200146920753249 0.4383173680305481 -0.0692878020084437 -5.3837074163285168 2.8531643050057549 -4.1918919107836228 0.0043771814655613256 1.4389690580933046 -0.011257161267766255 -3.2191761238574985 1.3950759108028103 -2.0041929369387419 1.3198770783199059 -0.018850176037368431 -1.6869561001366262 0.037565812916654062 0.57591996345865104 1.4450150253044236 -4.1853712543845178 3.1125056033549101 3.9610416523615521 -0.80108118452131749 -1.0489670583835016 -0.88004057812385073 1.2385073473951858
leaf_weight=167 28 20 20 28 161 33 40 179 22 21 23 37 30 13935 25 31 23 154 1728 51 316 38 72 24 23 30 20 26 78 61
leaf_count=167 28 20 20 28 161 33 40 179 22 21 23 37 30 13935 25 31 23 154 1728 51 316 38 72 24 23 30 20 26 78 61
internal_value=-1.43649e-10 -0.658807 0.00181782 0.908208 -0.000690067 0.363612 1.19854 -0.00580069 -0.397468 -0.0192019 -0.243439 -1.60419 0.147208 0.00147487 -0.393294 -0.0647029 -0.310644 0.00719754 0.105315 0.345581 -0.202082 0.727696 -0.0112251 -1.20269 1.05072 2.389 1.29223 -2.55444 0.717293 0.0496819
internal_weight=17444 48 17396 48 17348 240 73 17108 312 290 269 60 209 16796 240 215 184 16556 2621 893 367 526 160 88 366 73 43 50 293 139
internal_count=17444 48 17396 48 17348 240 73 17108 312 290 269 60 209 16796 240 215 184 16556 2621 893 367 526 160 88 366 73 43 50 293 139
is_linear=0
shrinkage=0.1


end of trees

feature_importances:
shortwave_radiation_lag2=298
shortwave_radiation_lag3=264
year_sin=218
issue_day_cloud_mean=189
issue_day_radiation_max=155
cloud_cover_at_issue=145
issue_day_radiation_mean=145
relative_humidity_2m_at_issue=139
year_cos=131
cloud_cover_lag3=127
temperature_2m_at_issue=121
temperature_2m_lag3=116
temperature_2m_lag2=109
hour_cos=108
cloud_cover_lag2=96
relative_humidity_2m_lag3=91
et0_fao_evapotranspiration_at_issue=88
relative_humidity_2m_lag2=85
hour_sin=72
precipitation_at_issue=70
shortwave_radiation_at_issue=69
et0_fao_evapotranspiration_lag2=46
et0_fao_evapotranspiration_lag3=43
precipitation_lag2=38
precipitation_lag3=24
month=13

parameters:
[boosting: gbdt]
[objective: regression]
[metric: l2]
[tree_learner: serial]
[device_type: cpu]
[data_sample_strategy: bagging]
[data: ]
[valid: ]
[num_iterations: 100]
[learning_rate: 0.1]
[num_leaves: 31]
[num_threads: 2]
[seed: 20260930]
[deterministic: 0]
[force_col_wise: 0]
[force_row_wise: 0]
[histogram_pool_size: -1]
[max_depth: -1]
[min_data_in_leaf: 20]
[min_sum_hessian_in_leaf: 0.001]
[bagging_fraction: 1]
[pos_bagging_fraction: 1]
[neg_bagging_fraction: 1]
[bagging_freq: 0]
[bagging_seed: 29784]
[bagging_by_query: 0]
[feature_fraction: 1]
[feature_fraction_bynode: 1]
[feature_fraction_seed: 7081]
[extra_trees: 0]
[extra_seed: 14224]
[early_stopping_round: 0]
[early_stopping_min_delta: 0]
[first_metric_only: 0]
[max_delta_step: 0]
[lambda_l1: 0]
[lambda_l2: 0]
[linear_lambda: 0]
[min_gain_to_split: 0]
[drop_rate: 0.1]
[max_drop: 50]
[skip_drop: 0.5]
[xgboost_dart_mode: 0]
[uniform_drop: 0]
[drop_seed: 4822]
[top_rate: 0.2]
[other_rate: 0.1]
[min_data_per_group: 100]
[max_cat_threshold: 32]
[cat_l2: 10]
[cat_smooth: 10]
[max_cat_to_onehot: 4]
[top_k: 20]
[monotone_constraints: ]
[monotone_constraints_method: basic]
[monotone_penalty: 0]
[feature_contri: ]
[forcedsplits_filename: ]
[refit_decay_rate: 0.9]
[cegb_tradeoff: 1]
[cegb_penalty_split: 0]
[cegb_penalty_feature_lazy: ]
[cegb_penalty_feature_coupled: ]
[path_smooth: 0]
[interaction_constraints: ]
[verbosity: -1]
[saved_feature_importance_type: 0]
[use_quantized_grad: 0]
[num_grad_quant_bins: 4]
[quant_train_renew_leaf: 0]
[stochastic_rounding: 1]
[linear_tree: 0]
[max_bin: 255]
[max_bin_by_feature: ]
[min_data_in_bin: 3]
[bin_construct_sample_cnt: 200000]
[data_random_seed: 5118]
[is_enable_sparse: 1]
[enable_bundle: 1]
[use_missing: 1]
[zero_as_missing: 0]
[feature_pre_filter: 1]
[pre_partition: 0]
[two_round: 0]
[header: 0]
[label_column: ]
[weight_column: ]
[group_column: ]
[ignore_column: ]
[categorical_feature: ]
[forcedbins_filename: ]
[precise_float_parser: 0]
[parser_config_file: ]
[objective_seed: 11132]
[num_class: 1]
[is_unbalance: 0]
[scale_pos_weight: 1]
[sigmoid: 1]
[boost_from_average: 1]
[reg_sqrt: 0]
[alpha: 0.9]
[fair_c: 1]
[poisson_max_delta_step: 0.7]
[tweedie_variance_power: 1.5]
[lambdarank_truncation_level: 30]
[lambdarank_norm: 1]
[label_gain: ]
[lambdarank_position_bias_regularization: 0]
[eval_at: ]
[multi_error_top_k: 1]
[auc_mu_weights: ]
[num_machines: 1]
[local_listen_port: 12400]
[time_out: 120]
[machine_list_filename: ]
[machines: ]
[gpu_platform_id: -1]
[gpu_device_id: -1]
[gpu_device_id_list: ]
[gpu_use_dp: 0]
[num_gpu: 1]

end of parameters

pandas_categorical:[]
