time,predicted,forecast_issue_time
2026-07-01T00:00:00+03:00,0.7518141970801742,2026-06-30T18:00:00+03:00
2026-07-01T01:00:00+03:00,0.7518141970801742,2026-06-30T18:00:00+03:00
2026-07-01T02:00:00+03:00,0.7518141970801742,2026-06-30T18:00:00+03:00
2026-07-01T03:00:00+03:00,0.7518141970801742,2026-06-30T18:00:00+03:00
2026-07-01T04:00:00+03:00,0.7518141970801742,2026-06-30T18:00:00+03:00
2026-07-01T05:00:00+03:00,0.7518141970801742,2026-06-30T18:00:00+03:00
2026-07-01T06:00:00+03:00,2.250728159927909,2026-06-30T18:00:00+03:00
2026-07-01T07:00:00+03:00,100.24651366025664,2026-06-30T18:00:00+03:00
2026-07-01T08:00:00+03:00,274.0697586180937,2026-06-30T18:00:00+03:00
2026-07-01T09:00:00+03:00,486.6990493796034,2026-06-30T18:00:00+03:00
2026-07-01T10:00:00+03:00,682.2250609468786,2026-06-30T18:00:00+03:00
2026-07-01T11:00:00+03:00,832.6674097986372,2026-06-30T18:00:00+03:00
2026-07-01T12:00:00+03:00,943.8452054312824,2026-06-30T18:00:00+03:00
2026-07-01T13:00:00+03:00,967.9287449736704,2026-06-30T18:00:00+03:00
2026-07-01T14:00:00+03:00,962.0557263161402,2026-06-30T18:00:00+03:00
2026-07-01T15:00:00+03:00,903.873998620084,2026-06-30T18:00:00+03:00
2026-07-01T16:00:00+03:00,786.0697694748848,2026-06-30T18:00:00+03:00
2026-07-01T17:00:00+03:00,620.1255872962445,2026-06-30T18:00:00+03:00
2026-07-01T18:00:00+03:00,436.73461952015856,2026-06-30T18:00:00+03:00
2026-07-01T19:00:00+03:00,219.12411702631024,2026-06-30T18:00:00+03:00
2026-07-01T20:00:00+03:00,62.88186380070994,2026-06-30T18:00:00+03:00
2026-07-01T21:00:00+03:00,0.8517521386690081,2026-06-30T18:00:00+03:00
2026-07-01T22:00:00+03:00,0.8517521386690081,2026-06-30T18:00:00+03:00
2026-07-01T23:00:00+03:00,0.8517521386690081,2026-06-30T18:00:00+03:00
2026-07-02T00:00:00+03:00,0.7518141970801742,2026-07-01T18:00:00+03:00
2026-07-02T01:00:00+03:00,0.7518141970801742,2026-07-01T18:00:00+03:00
2026-07-02T02:00:00+03:00,0.7518141970801742,2026-07-01T18:00:00+03:00
2026-07-02T03:00:00+03:00,0.7518141970801742,2026-07-01T18:00:00+03:00
2026-07-02T04:00:00+03:00,0.7518141970801742,2026-07-01T18:00:00+03:00
2026-07-02T05:00:00+03:00,0.7518141970801742,2026-07-01T18:00:00+03:00
2026-07-02T06:00:00+03:00,2.250728159927909,2026-07-01T18:00:00+03:00
2026-07-02T07:00:00+03:00,101.24345300343292,2026-07-01T18:00:00+03:00
2026-07-02T08:00:00+03:00,278.8256283564619,2026-07-01T18:00:00+03:00
2026-07-02T09:00:00+03:00,487.3680490164813,2026-07-01T18:00:00+03:00
2026-07-02T10:00:00+03:00,682.8458112831185,2026-07-01T18:00:00+03:00
2026-07-02T11:00:00+03:00,830.3851833682347,2026-07-01T18:00:00+03:00
2026-07-02T12:00:00+03:00,940.538283035933,2026-07-01T18:00:00+03:00
2026-07-02T13:00:00+03:00,960.2344080968218,2026-07-01T18:00:00+03:00
2026-07-02T14:00:00+03:00,958.4574233645856,2026-07-01T18:00:00+03:00
2026-07-02T15:00:00+03:00,912.9499216632122,2026-07-01T18:00:00+03:00
2026-07-02T16:00:00+03:00,790.9520629865858,2026-07-01T18:00:00+03:00
2026-07-02T17:00:00+03:00,628.2550414322402,2026-07-01T18:00:00+03:00
2026-07-02T18:00:00+03:00,436.0824071399303,2026-07-01T18:00:00+03:00
2026-07-02T19:00:00+03:00,228.8374953661718,2026-07-01T18:00:00+03:00
2026-07-02T20:00:00+03:00,62.88186380070994,2026-07-01T18:00:00+03:00
2026-07-02T21:00:00+03:00,0.8517521386690081,2026-07-01T18:00:00+03:00
2026-07-02T22:00:00+03:00,0.8517521386690081,2026-07-01T18:00:00+03:00
2026-07-02T23:00:00+03:00,0.8517521386690081,2026-07-01T18:00:00+03:00
2026-07-03T00:00:00+03:00,0.6673855586643966,2026-07-02T18:00:00+03:00
2026-07-03T01:00:00+03:00,0.6673855586643966,2026-07-02T18:00:00+03:00
2026-07-03T02:00:00+03:00,0.8178130049689275,2026-07-02T18:00:00+03:00
2026-07-03T03:00:00+03:00,0.8178130049689275,2026-07-02T18:00:00+03:00
2026-07-03T04:00:00+03:00,0.8178130049689275,2026-07-02T18:00:00+03:00
2026-07-03T05:00:00+03:00,0.8178130049689275,2026-07-02T18:00:00+03:00
2026-07-03T06:00:00+03:00,2.678139182486173,2026-07-02T18:00:00+03:00
2026-07-03T07:00:00+03:00,102.22666547650616,2026-07-02T18:00:00+03:00
2026-07-03T08:00:00+03:00,281.15712116988,2026-07-02T18:00:00+03:00
2026-07-03T09:00:00+03:00,479.8846575904095,2026-07-02T18:00:00+03:00
2026-07-03T10:00:00+03:00,683.3483339619936,2026-07-02T18:00:00+03:00
2026-07-03T11:00:00+03:00,828.5081799107921,2026-07-02T18:00:00+03:00
2026-07-03T12:00:00+03:00,921.9797794013004,2026-07-02T18:00:00+03:00
2026-07-03T13:00:00+03:00,953.89191372491,2026-07-02T18:00:00+03:00
2026-07-03T14:00:00+03:00,951.790995726605,2026-07-02T18:00:00+03:00
2026-07-03T15:00:00+03:00,911.6562122813082,2026-07-02T18:00:00+03:00
2026-07-03T16:00:00+03:00,787.1678945158257,2026-07-02T18:00:00+03:00
2026-07-03T17:00:00+03:00,634.4307605144361,2026-07-02T18:00:00+03:00
2026-07-03T18:00:00+03:00,433.8662122541884,2026-07-02T18:00:00+03:00
2026-07-03T19:00:00+03:00,220.1975104557498,2026-07-02T18:00:00+03:00
2026-07-03T20:00:00+03:00,62.79743516229416,2026-07-02T18:00:00+03:00
2026-07-03T21:00:00+03:00,0.7673235002532306,2026-07-02T18:00:00+03:00
2026-07-03T22:00:00+03:00,0.7617081076414994,2026-07-02T18:00:00+03:00
2026-07-03T23:00:00+03:00,0.9177509465577618,2026-07-02T18:00:00+03:00
2026-07-04T00:00:00+03:00,0.3918850436031292,2026-07-03T18:00:00+03:00
2026-07-04T01:00:00+03:00,0.3918850436031292,2026-07-03T18:00:00+03:00
2026-07-04T02:00:00+03:00,0.3918850436031292,2026-07-03T18:00:00+03:00
2026-07-04T03:00:00+03:00,0.3918850436031292,2026-07-03T18:00:00+03:00
2026-07-04T04:00:00+03:00,0.6458550148723851,2026-07-03T18:00:00+03:00
2026-07-04T05:00:00+03:00,0.6248677454481703,2026-07-03T18:00:00+03:00
2026-07-04T06:00:00+03:00,2.4851939229654163,2026-07-03T18:00:00+03:00
2026-07-04T07:00:00+03:00,89.53202320213997,2026-07-03T18:00:00+03:00
2026-07-04T08:00:00+03:00,277.2096070520197,2026-07-03T18:00:00+03:00
2026-07-04T09:00:00+03:00,483.7894729499399,2026-07-03T18:00:00+03:00
2026-07-04T10:00:00+03:00,682.8007458524268,2026-07-03T18:00:00+03:00
2026-07-04T11:00:00+03:00,833.7572303609148,2026-07-03T18:00:00+03:00
2026-07-04T12:00:00+03:00,924.9996663772724,2026-07-03T18:00:00+03:00
2026-07-04T13:00:00+03:00,956.335958166178,2026-07-03T18:00:00+03:00
2026-07-04T14:00:00+03:00,959.4000980240196,2026-07-03T18:00:00+03:00
2026-07-04T15:00:00+03:00,906.688141125347,2026-07-03T18:00:00+03:00
2026-07-04T16:00:00+03:00,786.650199912348,2026-07-03T18:00:00+03:00
2026-07-04T17:00:00+03:00,628.9717819464502,2026-07-03T18:00:00+03:00
2026-07-04T18:00:00+03:00,432.97556058963704,2026-07-03T18:00:00+03:00
2026-07-04T19:00:00+03:00,229.588914520113,2026-07-03T18:00:00+03:00
2026-07-04T20:00:00+03:00,55.20624204457867,2026-07-03T18:00:00+03:00
2026-07-04T21:00:00+03:00,0.4918229851919634,2026-07-03T18:00:00+03:00
2026-07-04T22:00:00+03:00,0.3413955388874328,2026-07-03T18:00:00+03:00
2026-07-04T23:00:00+03:00,0.3413955388874328,2026-07-03T18:00:00+03:00
2026-07-05T00:00:00+03:00,0.3323916497143411,2026-07-04T18:00:00+03:00
2026-07-05T01:00:00+03:00,0.3323916497143411,2026-07-04T18:00:00+03:00
2026-07-05T02:00:00+03:00,0.6309516386083153,2026-07-04T18:00:00+03:00
2026-07-05T03:00:00+03:00,0.6309516386083153,2026-07-04T18:00:00+03:00
2026-07-05T04:00:00+03:00,0.6099643691841006,2026-07-04T18:00:00+03:00
2026-07-05T05:00:00+03:00,0.625336245996584,2026-07-04T18:00:00+03:00
2026-07-05T06:00:00+03:00,2.670489037637138,2026-07-04T18:00:00+03:00
2026-07-05T07:00:00+03:00,91.42518176144723,2026-07-04T18:00:00+03:00
2026-07-05T08:00:00+03:00,283.4545997242178,2026-07-04T18:00:00+03:00
2026-07-05T09:00:00+03:00,489.66317222367337,2026-07-04T18:00:00+03:00
2026-07-05T10:00:00+03:00,690.6271362910863,2026-07-04T18:00:00+03:00
2026-07-05T11:00:00+03:00,848.2593907778479,2026-07-04T18:00:00+03:00
2026-07-05T12:00:00+03:00,936.9602813022132,2026-07-04T18:00:00+03:00
2026-07-05T13:00:00+03:00,968.865430937734,2026-07-04T18:00:00+03:00
2026-07-05T14:00:00+03:00,963.9230810656912,2026-07-04T18:00:00+03:00
2026-07-05T15:00:00+03:00,915.1724251054422,2026-07-04T18:00:00+03:00
2026-07-05T16:00:00+03:00,785.5251893648946,2026-07-04T18:00:00+03:00
2026-07-05T17:00:00+03:00,612.3673287420986,2026-07-04T18:00:00+03:00
2026-07-05T18:00:00+03:00,432.2780806817187,2026-07-04T18:00:00+03:00
2026-07-05T19:00:00+03:00,220.3578199611872,2026-07-04T18:00:00+03:00
2026-07-05T20:00:00+03:00,62.27866110892468,2026-07-04T18:00:00+03:00
2026-07-05T21:00:00+03:00,0.6115408128147531,2026-07-04T18:00:00+03:00
2026-07-05T22:00:00+03:00,0.6115408128147531,2026-07-04T18:00:00+03:00
2026-07-05T23:00:00+03:00,0.6115408128147531,2026-07-04T18:00:00+03:00
2026-07-06T00:00:00+03:00,0.5387041218968446,2026-07-05T18:00:00+03:00
2026-07-06T01:00:00+03:00,0.5387041218968446,2026-07-05T18:00:00+03:00
2026-07-06T02:00:00+03:00,0.5387041218968446,2026-07-05T18:00:00+03:00
2026-07-06T03:00:00+03:00,0.5387041218968446,2026-07-05T18:00:00+03:00
2026-07-06T04:00:00+03:00,0.5387041218968446,2026-07-05T18:00:00+03:00
2026-07-06T05:00:00+03:00,0.5387041218968446,2026-07-05T18:00:00+03:00
2026-07-06T06:00:00+03:00,2.697590288308064,2026-07-05T18:00:00+03:00
2026-07-06T07:00:00+03:00,84.44732486480696,2026-07-05T18:00:00+03:00
2026-07-06T08:00:00+03:00,268.9048782314236,2026-07-05T18:00:00+03:00
2026-07-06T09:00:00+03:00,469.1431991706741,2026-07-05T18:00:00+03:00
2026-07-06T10:00:00+03:00,648.9489228546088,2026-07-05T18:00:00+03:00
2026-07-06T11:00:00+03:00,801.8983889079799,2026-07-05T18:00:00+03:00
2026-07-06T12:00:00+03:00,932.6544459883388,2026-07-05T18:00:00+03:00
2026-07-06T13:00:00+03:00,960.0226985988928,2026-07-05T18:00:00+03:00
2026-07-06T14:00:00+03:00,960.7397674169432,2026-07-05T18:00:00+03:00
2026-07-06T15:00:00+03:00,907.3508885855034,2026-07-05T18:00:00+03:00
2026-07-06T16:00:00+03:00,771.9006765839335,2026-07-05T18:00:00+03:00
2026-07-06T17:00:00+03:00,615.3023492627417,2026-07-05T18:00:00+03:00
2026-07-06T18:00:00+03:00,433.1577032802553,2026-07-05T18:00:00+03:00
2026-07-06T19:00:00+03:00,217.41433599952407,2026-07-05T18:00:00+03:00
2026-07-06T20:00:00+03:00,53.9426544178433,2026-07-05T18:00:00+03:00
2026-07-06T21:00:00+03:00,0.6067525526650471,2026-07-05T18:00:00+03:00
2026-07-06T22:00:00+03:00,0.6067525526650471,2026-07-05T18:00:00+03:00
2026-07-06T23:00:00+03:00,0.6067525526650471,2026-07-05T18:00:00+03:00
2026-07-07T00:00:00+03:00,0.0516610416327679,2026-07-06T18:00:00+03:00
2026-07-07T01:00:00+03:00,0.0516610416327679,2026-07-06T18:00:00+03:00
2026-07-07T02:00:00+03:00,0.0516610416327679,2026-07-06T18:00:00+03:00
2026-07-07T03:00:00+03:00,0.0726483110569828,2026-07-06T18:00:00+03:00
2026-07-07T04:00:00+03:00,0.0726483110569828,2026-07-06T18:00:00+03:00
2026-07-07T05:00:00+03:00,0.0726483110569828,2026-07-06T18:00:00+03:00
2026-07-07T06:00:00+03:00,0.4594684586475026,2026-07-06T18:00:00+03:00
2026-07-07T07:00:00+03:00,76.49728820324339,2026-07-06T18:00:00+03:00
2026-07-07T08:00:00+03:00,262.17345199367514,2026-07-06T18:00:00+03:00
2026-07-07T09:00:00+03:00,441.2680237362696,2026-07-06T18:00:00+03:00
2026-07-07T10:00:00+03:00,613.0384381123213,2026-07-06T18:00:00+03:00
2026-07-07T11:00:00+03:00,773.9381631849826,2026-07-06T18:00:00+03:00
2026-07-07T12:00:00+03:00,894.5760132995467,2026-07-06T18:00:00+03:00
2026-07-07T13:00:00+03:00,930.85340655729,2026-07-06T18:00:00+03:00
2026-07-07T14:00:00+03:00,925.3789275498528,2026-07-06T18:00:00+03:00
2026-07-07T15:00:00+03:00,874.1717149788052,2026-07-06T18:00:00+03:00
2026-07-07T16:00:00+03:00,742.8811457504742,2026-07-06T18:00:00+03:00
2026-07-07T17:00:00+03:00,583.5704862206752,2026-07-06T18:00:00+03:00
2026-07-07T18:00:00+03:00,428.6086035559779,2026-07-06T18:00:00+03:00
2026-07-07T19:00:00+03:00,224.37690959420377,2026-07-06T18:00:00+03:00
2026-07-07T20:00:00+03:00,54.7658592673769,2026-07-06T18:00:00+03:00
2026-07-07T21:00:00+03:00,0.1812358211367177,2026-07-06T18:00:00+03:00
2026-07-07T22:00:00+03:00,0.1812358211367177,2026-07-06T18:00:00+03:00
2026-07-07T23:00:00+03:00,0.1812358211367177,2026-07-06T18:00:00+03:00
2026-07-08T00:00:00+03:00,0.5387041218968446,2026-07-07T18:00:00+03:00
2026-07-08T01:00:00+03:00,0.5387041218968446,2026-07-07T18:00:00+03:00
2026-07-08T02:00:00+03:00,0.5387041218968446,2026-07-07T18:00:00+03:00
2026-07-08T03:00:00+03:00,0.5387041218968446,2026-07-07T18:00:00+03:00
2026-07-08T04:00:00+03:00,0.5387041218968446,2026-07-07T18:00:00+03:00
2026-07-08T05:00:00+03:00,0.5387041218968446,2026-07-07T18:00:00+03:00
2026-07-08T06:00:00+03:00,2.39903029941409,2026-07-07T18:00:00+03:00
2026-07-08T07:00:00+03:00,78.04447373665383,2026-07-07T18:00:00+03:00
2026-07-08T08:00:00+03:00,262.621865138478,2026-07-07T18:00:00+03:00
2026-07-08T09:00:00+03:00,456.05935344857687,2026-07-07T18:00:00+03:00
2026-07-08T10:00:00+03:00,653.6955646680652,2026-07-07T18:00:00+03:00
2026-07-08T11:00:00+03:00,776.7457963907636,2026-07-07T18:00:00+03:00
2026-07-08T12:00:00+03:00,895.3097488869503,2026-07-07T18:00:00+03:00
2026-07-08T13:00:00+03:00,929.7952286436604,2026-07-07T18:00:00+03:00
2026-07-08T14:00:00+03:00,912.0452860137192,2026-07-07T18:00:00+03:00
2026-07-08T15:00:00+03:00,837.7745248681015,2026-07-07T18:00:00+03:00
2026-07-08T16:00:00+03:00,756.932764275796,2026-07-07T18:00:00+03:00
2026-07-08T17:00:00+03:00,616.1327693705047,2026-07-07T18:00:00+03:00
2026-07-08T18:00:00+03:00,423.9032190563086,2026-07-07T18:00:00+03:00
2026-07-08T19:00:00+03:00,216.176183455804,2026-07-07T18:00:00+03:00
2026-07-08T20:00:00+03:00,53.93703902523157,2026-07-07T18:00:00+03:00
2026-07-08T21:00:00+03:00,0.3291798331952877,2026-07-07T18:00:00+03:00
2026-07-08T22:00:00+03:00,0.6277398220892619,2026-07-07T18:00:00+03:00
2026-07-08T23:00:00+03:00,0.6277398220892619,2026-07-07T18:00:00+03:00
2026-07-09T00:00:00+03:00,0.4697209374813188,2026-07-08T18:00:00+03:00
2026-07-09T01:00:00+03:00,0.7847985603834411,2026-07-08T18:00:00+03:00
2026-07-09T02:00:00+03:00,0.7847985603834411,2026-07-08T18:00:00+03:00
2026-07-09T03:00:00+03:00,0.8057858298076559,2026-07-08T18:00:00+03:00
2026-07-09T04:00:00+03:00,0.7847985603834411,2026-07-08T18:00:00+03:00
2026-07-09T05:00:00+03:00,0.7847985603834411,2026-07-08T18:00:00+03:00
2026-07-09T06:00:00+03:00,0.7847985603834411,2026-07-08T18:00:00+03:00
2026-07-09T07:00:00+03:00,79.0121980074328,2026-07-08T18:00:00+03:00
2026-07-09T08:00:00+03:00,248.20458934294336,2026-07-08T18:00:00+03:00
2026-07-09T09:00:00+03:00,456.74150249672834,2026-07-08T18:00:00+03:00
2026-07-09T10:00:00+03:00,654.9890631656235,2026-07-08T18:00:00+03:00
2026-07-09T11:00:00+03:00,810.2521889016648,2026-07-08T18:00:00+03:00
2026-07-09T12:00:00+03:00,900.6554895426107,2026-07-08T18:00:00+03:00
2026-07-09T13:00:00+03:00,938.832947482952,2026-07-08T18:00:00+03:00
2026-07-09T14:00:00+03:00,906.696760619741,2026-07-08T18:00:00+03:00
2026-07-09T15:00:00+03:00,893.1423211917098,2026-07-08T18:00:00+03:00
2026-07-09T16:00:00+03:00,737.8639075154351,2026-07-08T18:00:00+03:00
2026-07-09T17:00:00+03:00,600.351748526783,2026-07-08T18:00:00+03:00
2026-07-09T18:00:00+03:00,417.58659507551926,2026-07-08T18:00:00+03:00
2026-07-09T19:00:00+03:00,214.10564093891807,2026-07-08T18:00:00+03:00
2026-07-09T20:00:00+03:00,53.73249147081932,2026-07-08T18:00:00+03:00
2026-07-09T21:00:00+03:00,0.2999542251176406,2026-07-08T18:00:00+03:00
2026-07-09T22:00:00+03:00,0.2999542251176406,2026-07-08T18:00:00+03:00
2026-07-09T23:00:00+03:00,0.6071637825025157,2026-07-08T18:00:00+03:00
2026-07-10T00:00:00+03:00,0.2236264989947226,2026-07-09T18:00:00+03:00
2026-07-10T01:00:00+03:00,0.8372641107908187,2026-07-09T18:00:00+03:00
2026-07-10T02:00:00+03:00,0.816276841366604,2026-07-09T18:00:00+03:00
2026-07-10T03:00:00+03:00,0.5068146110762131,2026-07-09T18:00:00+03:00
2026-07-10T04:00:00+03:00,0.5068146110762131,2026-07-09T18:00:00+03:00
2026-07-10T05:00:00+03:00,0.5068146110762131,2026-07-09T18:00:00+03:00
2026-07-10T06:00:00+03:00,0.5068146110762131,2026-07-09T18:00:00+03:00
2026-07-10T07:00:00+03:00,78.61829263600501,2026-07-09T18:00:00+03:00
2026-07-10T08:00:00+03:00,248.6595541236536,2026-07-09T18:00:00+03:00
2026-07-10T09:00:00+03:00,448.82480267265544,2026-07-09T18:00:00+03:00
2026-07-10T10:00:00+03:00,647.8087566066753,2026-07-09T18:00:00+03:00
2026-07-10T11:00:00+03:00,806.142754198952,2026-07-09T18:00:00+03:00
2026-07-10T12:00:00+03:00,898.9162249038242,2026-07-09T18:00:00+03:00
2026-07-10T13:00:00+03:00,945.5101999689116,2026-07-09T18:00:00+03:00
2026-07-10T14:00:00+03:00,936.8888627336224,2026-07-09T18:00:00+03:00
2026-07-10T15:00:00+03:00,899.7863725239936,2026-07-09T18:00:00+03:00
2026-07-10T16:00:00+03:00,747.1939168828699,2026-07-09T18:00:00+03:00
2026-07-10T17:00:00+03:00,614.0002480079696,2026-07-09T18:00:00+03:00
2026-07-10T18:00:00+03:00,432.746447585912,2026-07-09T18:00:00+03:00
2026-07-10T19:00:00+03:00,220.65830684120715,2026-07-09T18:00:00+03:00
2026-07-10T20:00:00+03:00,53.9426544178433,2026-07-09T18:00:00+03:00
2026-07-10T21:00:00+03:00,0.3291798331952877,2026-07-09T18:00:00+03:00
2026-07-10T22:00:00+03:00,0.3291798331952877,2026-07-09T18:00:00+03:00
2026-07-10T23:00:00+03:00,0.3291798331952877,2026-07-09T18:00:00+03:00
2026-07-11T00:00:00+03:00,0.3323916497143411,2026-07-10T18:00:00+03:00
2026-07-11T01:00:00+03:00,0.3323916497143411,2026-07-10T18:00:00+03:00
2026-07-11T02:00:00+03:00,0.3323916497143411,2026-07-10T18:00:00+03:00
2026-07-11T03:00:00+03:00,0.3323916497143411,2026-07-10T18:00:00+03:00
2026-07-11T04:00:00+03:00,0.3267762571026098,2026-07-10T18:00:00+03:00
2026-07-11T05:00:00+03:00,0.5116028712259191,2026-07-10T18:00:00+03:00
2026-07-11T06:00:00+03:00,0.5116028712259191,2026-07-10T18:00:00+03:00
2026-07-11T07:00:00+03:00,78.0173724859829,2026-07-10T18:00:00+03:00
2026-07-11T08:00:00+03:00,268.7663613259226,2026-07-10T18:00:00+03:00
2026-07-11T09:00:00+03:00,445.9478114752411,2026-07-10T18:00:00+03:00
2026-07-11T10:00:00+03:00,646.029259439185,2026-07-10T18:00:00+03:00
2026-07-11T11:00:00+03:00,798.5376794844819,2026-07-10T18:00:00+03:00
2026-07-11T12:00:00+03:00,911.7386348264504,2026-07-10T18:00:00+03:00
2026-07-11T13:00:00+03:00,966.9288618219108,2026-07-10T18:00:00+03:00
2026-07-11T14:00:00+03:00,961.5617853201873,2026-07-10T18:00:00+03:00
2026-07-11T15:00:00+03:00,895.8466924002599,2026-07-10T18:00:00+03:00
2026-07-11T16:00:00+03:00,762.9430990981646,2026-07-10T18:00:00+03:00
2026-07-11T17:00:00+03:00,609.7363847105178,2026-07-10T18:00:00+03:00
2026-07-11T18:00:00+03:00,425.12504716375446,2026-07-10T18:00:00+03:00
2026-07-11T19:00:00+03:00,217.9587291431951,2026-07-10T18:00:00+03:00
2026-07-11T20:00:00+03:00,54.04580417595118,2026-07-10T18:00:00+03:00
2026-07-11T21:00:00+03:00,0.4323295913031751,2026-07-10T18:00:00+03:00
2026-07-11T22:00:00+03:00,0.4323295913031751,2026-07-10T18:00:00+03:00
2026-07-11T23:00:00+03:00,0.4323295913031751,2026-07-10T18:00:00+03:00
2026-07-12T00:00:00+03:00,0.5582647152032081,2026-07-11T18:00:00+03:00
2026-07-12T01:00:00+03:00,0.6375163822518903,2026-07-11T18:00:00+03:00
2026-07-12T02:00:00+03:00,0.6375163822518903,2026-07-11T18:00:00+03:00
2026-07-12T03:00:00+03:00,0.6375163822518903,2026-07-11T18:00:00+03:00
2026-07-12T04:00:00+03:00,0.6375163822518903,2026-07-11T18:00:00+03:00
2026-07-12T05:00:00+03:00,0.6375163822518903,2026-07-11T18:00:00+03:00
2026-07-12T06:00:00+03:00,0.6375163822518903,2026-07-11T18:00:00+03:00
2026-07-12T07:00:00+03:00,79.04944766737812,2026-07-11T18:00:00+03:00
2026-07-12T08:00:00+03:00,275.25844351458744,2026-07-11T18:00:00+03:00
2026-07-12T09:00:00+03:00,456.3365972664273,2026-07-11T18:00:00+03:00
2026-07-12T10:00:00+03:00,653.8061639340654,2026-07-11T18:00:00+03:00
2026-07-12T11:00:00+03:00,806.8093354589906,2026-07-11T18:00:00+03:00
2026-07-12T12:00:00+03:00,929.9931382701366,2026-07-11T18:00:00+03:00
2026-07-12T13:00:00+03:00,966.523696162348,2026-07-11T18:00:00+03:00
2026-07-12T14:00:00+03:00,962.6395670121658,2026-07-11T18:00:00+03:00
2026-07-12T15:00:00+03:00,907.941857929696,2026-07-11T18:00:00+03:00
2026-07-12T16:00:00+03:00,787.896305670988,2026-07-11T18:00:00+03:00
2026-07-12T17:00:00+03:00,615.535152640203,2026-07-11T18:00:00+03:00
2026-07-12T18:00:00+03:00,438.4323453165963,2026-07-11T18:00:00+03:00
2026-07-12T19:00:00+03:00,226.73376278167163,2026-07-11T18:00:00+03:00
2026-07-12T20:00:00+03:00,55.78680147326638,2026-07-11T18:00:00+03:00
2026-07-12T21:00:00+03:00,0.7374543238407243,2026-07-11T18:00:00+03:00
2026-07-12T22:00:00+03:00,0.7374543238407243,2026-07-11T18:00:00+03:00
2026-07-12T23:00:00+03:00,0.7374543238407243,2026-07-11T18:00:00+03:00
2026-07-13T00:00:00+03:00,0.4922086306902146,2026-07-12T18:00:00+03:00
2026-07-13T01:00:00+03:00,0.4922086306902146,2026-07-12T18:00:00+03:00
2026-07-13T02:00:00+03:00,0.4922086306902146,2026-07-12T18:00:00+03:00
2026-07-13T03:00:00+03:00,0.4922086306902146,2026-07-12T18:00:00+03:00
2026-07-13T04:00:00+03:00,0.6960959139059786,2026-07-12T18:00:00+03:00
2026-07-13T05:00:00+03:00,0.4865932380784833,2026-07-12T18:00:00+03:00
2026-07-13T06:00:00+03:00,0.9325685463941564,2026-07-12T18:00:00+03:00
2026-07-13T07:00:00+03:00,77.41407971186773,2026-07-12T18:00:00+03:00
2026-07-13T08:00:00+03:00,273.64625911871394,2026-07-12T18:00:00+03:00
2026-07-13T09:00:00+03:00,455.1525569308061,2026-07-12T18:00:00+03:00
2026-07-13T10:00:00+03:00,655.0593317967669,2026-07-12T18:00:00+03:00
2026-07-13T11:00:00+03:00,819.9991331031835,2026-07-12T18:00:00+03:00
2026-07-13T12:00:00+03:00,929.3861139053452,2026-07-12T18:00:00+03:00
2026-07-13T13:00:00+03:00,960.190337512468,2026-07-12T18:00:00+03:00
2026-07-13T14:00:00+03:00,965.9723162505912,2026-07-12T18:00:00+03:00
2026-07-13T15:00:00+03:00,912.572646565616,2026-07-12T18:00:00+03:00
2026-07-13T16:00:00+03:00,773.8911224986085,2026-07-12T18:00:00+03:00
2026-07-13T17:00:00+03:00,625.7685834802243,2026-07-12T18:00:00+03:00
2026-07-13T18:00:00+03:00,435.8243878508879,2026-07-12T18:00:00+03:00
2026-07-13T19:00:00+03:00,227.10218955883957,2026-07-12T18:00:00+03:00
2026-07-13T20:00:00+03:00,53.95840106111861,2026-07-12T18:00:00+03:00
2026-07-13T21:00:00+03:00,0.8230038121554953,2026-07-12T18:00:00+03:00
2026-07-13T22:00:00+03:00,0.5921465722790489,2026-07-12T18:00:00+03:00
2026-07-13T23:00:00+03:00,0.5921465722790489,2026-07-12T18:00:00+03:00
2026-07-14T00:00:00+03:00,0.3323916497143411,2026-07-13T18:00:00+03:00
2026-07-14T01:00:00+03:00,0.3323916497143411,2026-07-13T18:00:00+03:00
2026-07-14T02:00:00+03:00,0.3323916497143411,2026-07-13T18:00:00+03:00
2026-07-14T03:00:00+03:00,0.3323916497143411,2026-07-13T18:00:00+03:00
2026-07-14T04:00:00+03:00,0.3323916497143411,2026-07-13T18:00:00+03:00
2026-07-14T05:00:00+03:00,0.3323916497143411,2026-07-13T18:00:00+03:00
2026-07-14T06:00:00+03:00,0.3323916497143411,2026-07-13T18:00:00+03:00
2026-07-14T07:00:00+03:00,75.87563911744941,2026-07-13T18:00:00+03:00
2026-07-14T08:00:00+03:00,266.34820362644416,2026-07-13T18:00:00+03:00
2026-07-14T09:00:00+03:00,445.8395658721665,2026-07-13T18:00:00+03:00
2026-07-14T10:00:00+03:00,641.1984096398091,2026-07-13T18:00:00+03:00
2026-07-14T11:00:00+03:00,796.0325315465781,2026-07-13T18:00:00+03:00
2026-07-14T12:00:00+03:00,912.7244354732336,2026-07-13T18:00:00+03:00
2026-07-14T13:00:00+03:00,962.9100380762188,2026-07-13T18:00:00+03:00
2026-07-14T14:00:00+03:00,946.3694237422764,2026-07-13T18:00:00+03:00
2026-07-14T15:00:00+03:00,901.5693818706028,2026-07-13T18:00:00+03:00
2026-07-14T16:00:00+03:00,787.7803223508242,2026-07-13T18:00:00+03:00
2026-07-14T17:00:00+03:00,615.5312345074518,2026-07-13T18:00:00+03:00
2026-07-14T18:00:00+03:00,425.0168015606798,2026-07-13T18:00:00+03:00
2026-07-14T19:00:00+03:00,217.85048354012045,2026-07-13T18:00:00+03:00
2026-07-14T20:00:00+03:00,54.41563590856147,2026-07-13T18:00:00+03:00
2026-07-14T21:00:00+03:00,0.4323295913031751,2026-07-13T18:00:00+03:00
2026-07-14T22:00:00+03:00,0.4323295913031751,2026-07-13T18:00:00+03:00
2026-07-14T23:00:00+03:00,0.4323295913031751,2026-07-13T18:00:00+03:00
2026-07-15T00:00:00+03:00,0.5093950389098407,2026-07-14T18:00:00+03:00
2026-07-15T01:00:00+03:00,0.5093950389098407,2026-07-14T18:00:00+03:00
2026-07-15T02:00:00+03:00,0.5093950389098407,2026-07-14T18:00:00+03:00
2026-07-15T03:00:00+03:00,0.5093950389098407,2026-07-14T18:00:00+03:00
2026-07-15T04:00:00+03:00,0.5093950389098407,2026-07-14T18:00:00+03:00
2026-07-15T05:00:00+03:00,0.6886062604214187,2026-07-14T18:00:00+03:00
2026-07-15T06:00:00+03:00,0.6886062604214187,2026-07-14T18:00:00+03:00
2026-07-15T07:00:00+03:00,79.32456790587477,2026-07-14T18:00:00+03:00
2026-07-15T08:00:00+03:00,269.07989079462806,2026-07-14T18:00:00+03:00
2026-07-15T09:00:00+03:00,456.85389440838935,2026-07-14T18:00:00+03:00
2026-07-15T10:00:00+03:00,649.1715220212648,2026-07-14T18:00:00+03:00
2026-07-15T11:00:00+03:00,801.4970199788401,2026-07-14T18:00:00+03:00
2026-07-15T12:00:00+03:00,924.0866278258231,2026-07-14T18:00:00+03:00
2026-07-15T13:00:00+03:00,965.9144298979965,2026-07-14T18:00:00+03:00
2026-07-15T14:00:00+03:00,959.7174779743976,2026-07-14T18:00:00+03:00
2026-07-15T15:00:00+03:00,893.1831163378066,2026-07-14T18:00:00+03:00
2026-07-15T16:00:00+03:00,775.9497921663071,2026-07-14T18:00:00+03:00
2026-07-15T17:00:00+03:00,613.8595050641338,2026-07-14T18:00:00+03:00
2026-07-15T18:00:00+03:00,435.1526350108734,2026-07-14T18:00:00+03:00
2026-07-15T19:00:00+03:00,220.321073257507,2026-07-14T18:00:00+03:00
2026-07-15T20:00:00+03:00,54.22280756514669,2026-07-14T18:00:00+03:00
2026-07-15T21:00:00+03:00,0.6093329804986747,2026-07-14T18:00:00+03:00
2026-07-15T22:00:00+03:00,0.6093329804986747,2026-07-14T18:00:00+03:00
2026-07-15T23:00:00+03:00,0.6093329804986747,2026-07-14T18:00:00+03:00
2026-07-16T00:00:00+03:00,0.3031660416366939,2026-07-15T18:00:00+03:00
2026-07-16T01:00:00+03:00,0.3031660416366939,2026-07-15T18:00:00+03:00
2026-07-16T02:00:00+03:00,0.3031660416366939,2026-07-15T18:00:00+03:00
2026-07-16T03:00:00+03:00,0.3031660416366939,2026-07-15T18:00:00+03:00
2026-07-16T04:00:00+03:00,0.3031660416366939,2026-07-15T18:00:00+03:00
2026-07-16T05:00:00+03:00,0.3031660416366939,2026-07-15T18:00:00+03:00
2026-07-16T06:00:00+03:00,2.073113911278873,2026-07-15T18:00:00+03:00
2026-07-16T07:00:00+03:00,77.1637433272967,2026-07-15T18:00:00+03:00
2026-07-16T08:00:00+03:00,266.6851353447191,2026-07-15T18:00:00+03:00
2026-07-16T09:00:00+03:00,449.23953475767166,2026-07-15T18:00:00+03:00
2026-07-16T10:00:00+03:00,643.8359381519838,2026-07-15T18:00:00+03:00
2026-07-16T11:00:00+03:00,797.5346769322827,2026-07-15T18:00:00+03:00
2026-07-16T12:00:00+03:00,923.1852925286822,2026-07-15T18:00:00+03:00
2026-07-16T13:00:00+03:00,959.566032985125,2026-07-15T18:00:00+03:00
2026-07-16T14:00:00+03:00,957.3891456803352,2026-07-15T18:00:00+03:00
2026-07-16T15:00:00+03:00,910.043894849731,2026-07-15T18:00:00+03:00
2026-07-16T16:00:00+03:00,787.5993560612764,2026-07-15T18:00:00+03:00
2026-07-16T17:00:00+03:00,612.9356490273669,2026-07-15T18:00:00+03:00
2026-07-16T18:00:00+03:00,433.75070163842145,2026-07-15T18:00:00+03:00
2026-07-16T19:00:00+03:00,219.39721722074,2026-07-15T18:00:00+03:00
2026-07-16T20:00:00+03:00,53.8356412289272,2026-07-15T18:00:00+03:00
2026-07-16T21:00:00+03:00,0.403103983225528,2026-07-15T18:00:00+03:00
2026-07-16T22:00:00+03:00,0.403103983225528,2026-07-15T18:00:00+03:00
2026-07-16T23:00:00+03:00,0.403103983225528,2026-07-15T18:00:00+03:00
2026-07-17T00:00:00+03:00,0.3875946800524714,2026-07-16T18:00:00+03:00
2026-07-17T01:00:00+03:00,0.4589782815839069,2026-07-16T18:00:00+03:00
2026-07-17T02:00:00+03:00,0.4589782815839069,2026-07-16T18:00:00+03:00
2026-07-17T03:00:00+03:00,0.4589782815839069,2026-07-16T18:00:00+03:00
2026-07-17T04:00:00+03:00,0.3797266145352244,2026-07-16T18:00:00+03:00
2026-07-17T05:00:00+03:00,0.3875946800524714,2026-07-16T18:00:00+03:00
2026-07-17T06:00:00+03:00,0.3875946800524714,2026-07-16T18:00:00+03:00
2026-07-17T07:00:00+03:00,76.22798214452612,2026-07-16T18:00:00+03:00
2026-07-17T08:00:00+03:00,269.77663982571755,2026-07-16T18:00:00+03:00
2026-07-17T09:00:00+03:00,446.2676399364075,2026-07-16T18:00:00+03:00
2026-07-17T10:00:00+03:00,641.8323799001354,2026-07-16T18:00:00+03:00
2026-07-17T11:00:00+03:00,815.4108827120307,2026-07-16T18:00:00+03:00
2026-07-17T12:00:00+03:00,922.7951947389888,2026-07-16T18:00:00+03:00
2026-07-17T13:00:00+03:00,958.6978578597468,2026-07-16T18:00:00+03:00
2026-07-17T14:00:00+03:00,956.5969398614418,2026-07-16T18:00:00+03:00
2026-07-17T15:00:00+03:00,906.4069845015256,2026-07-16T18:00:00+03:00
2026-07-17T16:00:00+03:00,775.3524334625016,2026-07-16T18:00:00+03:00
2026-07-17T17:00:00+03:00,624.2240590565211,2026-07-16T18:00:00+03:00
2026-07-17T18:00:00+03:00,438.70872622258696,2026-07-16T18:00:00+03:00
2026-07-17T19:00:00+03:00,217.76251851882097,2026-07-16T18:00:00+03:00
2026-07-17T20:00:00+03:00,53.92006986734298,2026-07-16T18:00:00+03:00
2026-07-17T21:00:00+03:00,0.4875326216413055,2026-07-16T18:00:00+03:00
2026-07-17T22:00:00+03:00,0.4875326216413055,2026-07-16T18:00:00+03:00
2026-07-17T23:00:00+03:00,0.4875326216413055,2026-07-16T18:00:00+03:00
2026-07-18T00:00:00+03:00,0.4614483111400839,2026-07-17T18:00:00+03:00
2026-07-18T01:00:00+03:00,0.4614483111400839,2026-07-17T18:00:00+03:00
2026-07-18T02:00:00+03:00,0.7390210306098431,2026-07-17T18:00:00+03:00
2026-07-18T03:00:00+03:00,0.4614483111400839,2026-07-17T18:00:00+03:00
2026-07-18T04:00:00+03:00,0.4614483111400839,2026-07-17T18:00:00+03:00
2026-07-18T05:00:00+03:00,0.4614483111400839,2026-07-17T18:00:00+03:00
2026-07-18T06:00:00+03:00,0.4614483111400839,2026-07-17T18:00:00+03:00
2026-07-18T07:00:00+03:00,75.99061640786606,2026-07-17T18:00:00+03:00
2026-07-18T08:00:00+03:00,267.82566313931517,2026-07-17T18:00:00+03:00
2026-07-18T09:00:00+03:00,445.50168685387695,2026-07-17T18:00:00+03:00
2026-07-18T10:00:00+03:00,642.5598120276718,2026-07-17T18:00:00+03:00
2026-07-18T11:00:00+03:00,816.0486725417138,2026-07-17T18:00:00+03:00
2026-07-18T12:00:00+03:00,929.3703317360764,2026-07-17T18:00:00+03:00
2026-07-18T13:00:00+03:00,968.9323717691016,2026-07-17T18:00:00+03:00
2026-07-18T14:00:00+03:00,962.2303554472588,2026-07-17T18:00:00+03:00
2026-07-18T15:00:00+03:00,901.8542079268892,2026-07-17T18:00:00+03:00
2026-07-18T16:00:00+03:00,772.6407757124225,2026-07-17T18:00:00+03:00
2026-07-18T17:00:00+03:00,618.8270299896127,2026-07-17T18:00:00+03:00
2026-07-18T18:00:00+03:00,431.57454927876887,2026-07-17T18:00:00+03:00
2026-07-18T19:00:00+03:00,217.1521282726636,2026-07-17T18:00:00+03:00
2026-07-18T20:00:00+03:00,53.99392349843061,2026-07-17T18:00:00+03:00
2026-07-18T21:00:00+03:00,0.5613862527289177,2026-07-17T18:00:00+03:00
2026-07-18T22:00:00+03:00,0.5613862527289177,2026-07-17T18:00:00+03:00
2026-07-18T23:00:00+03:00,0.5613862527289177,2026-07-17T18:00:00+03:00
2026-07-19T00:00:00+03:00,0.3770196727243062,2026-07-18T18:00:00+03:00
2026-07-19T01:00:00+03:00,0.3770196727243062,2026-07-18T18:00:00+03:00
2026-07-19T02:00:00+03:00,0.3770196727243062,2026-07-18T18:00:00+03:00
2026-07-19T03:00:00+03:00,0.3770196727243062,2026-07-18T18:00:00+03:00
2026-07-19T04:00:00+03:00,0.3770196727243062,2026-07-18T18:00:00+03:00
2026-07-19T05:00:00+03:00,0.3770196727243062,2026-07-18T18:00:00+03:00
2026-07-19T06:00:00+03:00,0.3770196727243062,2026-07-18T18:00:00+03:00
2026-07-19T07:00:00+03:00,75.73932980151302,2026-07-18T18:00:00+03:00
2026-07-19T08:00:00+03:00,255.73370935470345,2026-07-18T18:00:00+03:00
2026-07-19T09:00:00+03:00,443.3205473436885,2026-07-18T18:00:00+03:00
2026-07-19T10:00:00+03:00,641.6671071060038,2026-07-18T18:00:00+03:00
2026-07-19T11:00:00+03:00,793.1451688648897,2026-07-18T18:00:00+03:00
2026-07-19T12:00:00+03:00,927.7756948559096,2026-07-18T18:00:00+03:00
2026-07-19T13:00:00+03:00,968.5498127880804,2026-07-18T18:00:00+03:00
2026-07-19T14:00:00+03:00,952.3317014420322,2026-07-18T18:00:00+03:00
2026-07-19T15:00:00+03:00,892.3004257883657,2026-07-18T18:00:00+03:00
2026-07-19T16:00:00+03:00,789.4698179773131,2026-07-18T18:00:00+03:00
2026-07-19T17:00:00+03:00,617.706001658962,2026-07-18T18:00:00+03:00
2026-07-19T18:00:00+03:00,427.133336476181,2026-07-18T18:00:00+03:00
2026-07-19T19:00:00+03:00,212.02269503006465,2026-07-18T18:00:00+03:00
2026-07-19T20:00:00+03:00,53.909494860014824,2026-07-18T18:00:00+03:00
2026-07-19T21:00:00+03:00,0.4769576143131403,2026-07-18T18:00:00+03:00
2026-07-19T22:00:00+03:00,2.2634231179634674,2026-07-18T18:00:00+03:00
2026-07-19T23:00:00+03:00,2.2634231179634674,2026-07-18T18:00:00+03:00
2026-07-20T00:00:00+03:00,0.1597465498376213,2026-07-19T18:00:00+03:00
2026-07-20T01:00:00+03:00,0.1597465498376213,2026-07-19T18:00:00+03:00
2026-07-20T02:00:00+03:00,0.1597465498376213,2026-07-19T18:00:00+03:00
2026-07-20T03:00:00+03:00,0.1597465498376213,2026-07-19T18:00:00+03:00
2026-07-20T04:00:00+03:00,0.1597465498376213,2026-07-19T18:00:00+03:00
2026-07-20T05:00:00+03:00,0.1597465498376213,2026-07-19T18:00:00+03:00
2026-07-20T06:00:00+03:00,0.1597465498376213,2026-07-19T18:00:00+03:00
2026-07-20T07:00:00+03:00,75.52205667862634,2026-07-19T18:00:00+03:00
2026-07-20T08:00:00+03:00,256.6021365154969,2026-07-19T18:00:00+03:00
2026-07-20T09:00:00+03:00,443.34003069614033,2026-07-19T18:00:00+03:00
2026-07-20T10:00:00+03:00,640.836252860645,2026-07-19T18:00:00+03:00
2026-07-20T11:00:00+03:00,792.634147820213,2026-07-19T18:00:00+03:00
2026-07-20T12:00:00+03:00,918.6598785642736,2026-07-19T18:00:00+03:00
2026-07-20T13:00:00+03:00,945.8670682550768,2026-07-19T18:00:00+03:00
2026-07-20T14:00:00+03:00,937.081837729027,2026-07-19T18:00:00+03:00
2026-07-20T15:00:00+03:00,883.1085839188753,2026-07-19T18:00:00+03:00
2026-07-20T16:00:00+03:00,773.9476697075286,2026-07-19T18:00:00+03:00
2026-07-20T17:00:00+03:00,611.6319211344422,2026-07-19T18:00:00+03:00
2026-07-20T18:00:00+03:00,429.0008186113156,2026-07-19T18:00:00+03:00
2026-07-20T19:00:00+03:00,212.5995639356837,2026-07-19T18:00:00+03:00
2026-07-20T20:00:00+03:00,53.692221737128136,2026-07-19T18:00:00+03:00
2026-07-20T21:00:00+03:00,0.2596844914264554,2026-07-19T18:00:00+03:00
2026-07-20T22:00:00+03:00,0.2596844914264554,2026-07-19T18:00:00+03:00
2026-07-20T23:00:00+03:00,0.2596844914264554,2026-07-19T18:00:00+03:00
2026-07-21T00:00:00+03:00,0.2441751882533989,2026-07-20T18:00:00+03:00
2026-07-21T01:00:00+03:00,0.2441751882533989,2026-07-20T18:00:00+03:00
2026-07-21T02:00:00+03:00,0.2441751882533989,2026-07-20T18:00:00+03:00
2026-07-21T03:00:00+03:00,0.2441751882533989,2026-07-20T18:00:00+03:00
2026-07-21T04:00:00+03:00,0.2441751882533989,2026-07-20T18:00:00+03:00
2026-07-21T05:00:00+03:00,0.2441751882533989,2026-07-20T18:00:00+03:00
2026-07-21T06:00:00+03:00,0.2441751882533989,2026-07-20T18:00:00+03:00
2026-07-21T07:00:00+03:00,75.60648531704211,2026-07-20T18:00:00+03:00
2026-07-21T08:00:00+03:00,258.13354878199607,2026-07-20T18:00:00+03:00
2026-07-21T09:00:00+03:00,444.9474122691242,2026-07-20T18:00:00+03:00
2026-07-21T10:00:00+03:00,644.3651444898215,2026-07-20T18:00:00+03:00
2026-07-21T11:00:00+03:00,793.409370233996,2026-07-20T18:00:00+03:00
2026-07-21T12:00:00+03:00,924.9791764556804,2026-07-20T18:00:00+03:00
2026-07-21T13:00:00+03:00,961.9167329970684,2026-07-20T18:00:00+03:00
2026-07-21T14:00:00+03:00,958.2625692590316,2026-07-20T18:00:00+03:00
2026-07-21T15:00:00+03:00,891.4820812833548,2026-07-20T18:00:00+03:00
2026-07-21T16:00:00+03:00,784.8342036866278,2026-07-20T18:00:00+03:00
2026-07-21T17:00:00+03:00,620.9124872853926,2026-07-20T18:00:00+03:00
2026-07-21T18:00:00+03:00,418.25752075215246,2026-07-20T18:00:00+03:00
2026-07-21T19:00:00+03:00,213.6528988664979,2026-07-20T18:00:00+03:00
2026-07-21T20:00:00+03:00,53.77665037554392,2026-07-20T18:00:00+03:00
2026-07-21T21:00:00+03:00,0.3441131298422328,2026-07-20T18:00:00+03:00
2026-07-21T22:00:00+03:00,0.3441131298422328,2026-07-20T18:00:00+03:00
2026-07-21T23:00:00+03:00,0.3441131298422328,2026-07-20T18:00:00+03:00
2026-07-22T00:00:00+03:00,0.0,2026-07-21T18:00:00+03:00
2026-07-22T01:00:00+03:00,0.0,2026-07-21T18:00:00+03:00
2026-07-22T02:00:00+03:00,0.0,2026-07-21T18:00:00+03:00
2026-07-22T03:00:00+03:00,0.0,2026-07-21T18:00:00+03:00
2026-07-22T04:00:00+03:00,0.0,2026-07-21T18:00:00+03:00
2026-07-22T05:00:00+03:00,0.0,2026-07-21T18:00:00+03:00
2026-07-22T06:00:00+03:00,0.0,2026-07-21T18:00:00+03:00
2026-07-22T07:00:00+03:00,75.10948234975999,2026-07-21T18:00:00+03:00
2026-07-22T08:00:00+03:00,256.18956218663055,2026-07-21T18:00:00+03:00
2026-07-22T09:00:00+03:00,443.0034256737586,2026-07-21T18:00:00+03:00
2026-07-22T10:00:00+03:00,640.2630485226325,2026-07-21T18:00:00+03:00
2026-07-22T11:00:00+03:00,790.6341175156809,2026-07-21T18:00:00+03:00
2026-07-22T12:00:00+03:00,910.6070034344092,2026-07-21T18:00:00+03:00
2026-07-22T13:00:00+03:00,953.7658441200624,2026-07-21T18:00:00+03:00
2026-07-22T14:00:00+03:00,941.143930004705,2026-07-21T18:00:00+03:00
2026-07-22T15:00:00+03:00,885.9204629811427,2026-07-21T18:00:00+03:00
2026-07-22T16:00:00+03:00,779.1859745011178,2026-07-21T18:00:00+03:00
2026-07-22T17:00:00+03:00,603.8403013970818,2026-07-21T18:00:00+03:00
2026-07-22T18:00:00+03:00,419.0242511491001,2026-07-21T18:00:00+03:00
2026-07-22T19:00:00+03:00,211.70891227113248,2026-07-21T18:00:00+03:00
2026-07-22T20:00:00+03:00,52.801570072576865,2026-07-21T18:00:00+03:00
2026-07-22T21:00:00+03:00,0.0,2026-07-21T18:00:00+03:00
2026-07-22T22:00:00+03:00,0.0,2026-07-21T18:00:00+03:00
2026-07-22T23:00:00+03:00,0.0,2026-07-21T18:00:00+03:00
2026-07-23T00:00:00+03:00,0.5938236773256182,2026-07-22T18:00:00+03:00
2026-07-23T01:00:00+03:00,0.5938236773256182,2026-07-22T18:00:00+03:00
2026-07-23T02:00:00+03:00,0.5938236773256182,2026-07-22T18:00:00+03:00
2026-07-23T03:00:00+03:00,0.5938236773256182,2026-07-22T18:00:00+03:00
2026-07-23T04:00:00+03:00,0.5938236773256182,2026-07-22T18:00:00+03:00
2026-07-23T05:00:00+03:00,0.6674599517625692,2026-07-22T18:00:00+03:00
2026-07-23T06:00:00+03:00,0.6674599517625692,2026-07-22T18:00:00+03:00
2026-07-23T07:00:00+03:00,75.25755393775198,2026-07-22T18:00:00+03:00
2026-07-23T08:00:00+03:00,252.42316858488928,2026-07-22T18:00:00+03:00
2026-07-23T09:00:00+03:00,444.1557112930016,2026-07-22T18:00:00+03:00
2026-07-23T10:00:00+03:00,645.5523549658058,2026-07-22T18:00:00+03:00
2026-07-23T11:00:00+03:00,794.3554911495175,2026-07-22T18:00:00+03:00
2026-07-23T12:00:00+03:00,910.2687401726184,2026-07-22T18:00:00+03:00
2026-07-23T13:00:00+03:00,973.026215477518,2026-07-22T18:00:00+03:00
2026-07-23T14:00:00+03:00,963.3195644251524,2026-07-22T18:00:00+03:00
2026-07-23T15:00:00+03:00,895.552883017018,2026-07-22T18:00:00+03:00
2026-07-23T16:00:00+03:00,773.7975003067778,2026-07-22T18:00:00+03:00
2026-07-23T17:00:00+03:00,619.5831606196466,2026-07-22T18:00:00+03:00
2026-07-23T18:00:00+03:00,432.8763546134514,2026-07-22T18:00:00+03:00
2026-07-23T19:00:00+03:00,211.44037899963033,2026-07-22T18:00:00+03:00
2026-07-23T20:00:00+03:00,52.27494982143285,2026-07-22T18:00:00+03:00
2026-07-23T21:00:00+03:00,1.0635933515247369,2026-07-22T18:00:00+03:00
2026-07-23T22:00:00+03:00,1.0635933515247369,2026-07-22T18:00:00+03:00
2026-07-23T23:00:00+03:00,1.0635933515247369,2026-07-22T18:00:00+03:00
2026-07-24T00:00:00+03:00,0.4732119523031254,2026-07-23T18:00:00+03:00
2026-07-24T01:00:00+03:00,0.4732119523031254,2026-07-23T18:00:00+03:00
2026-07-24T02:00:00+03:00,0.4732119523031254,2026-07-23T18:00:00+03:00
2026-07-24T03:00:00+03:00,0.4732119523031254,2026-07-23T18:00:00+03:00
2026-07-24T04:00:00+03:00,0.4732119523031254,2026-07-23T18:00:00+03:00
2026-07-24T05:00:00+03:00,0.4732119523031254,2026-07-23T18:00:00+03:00
2026-07-24T06:00:00+03:00,0.4732119523031254,2026-07-23T18:00:00+03:00
2026-07-24T07:00:00+03:00,74.95600487378314,2026-07-23T18:00:00+03:00
2026-07-24T08:00:00+03:00,248.57635227582972,2026-07-23T18:00:00+03:00
2026-07-24T09:00:00+03:00,441.9242636326827,2026-07-23T18:00:00+03:00
2026-07-24T10:00:00+03:00,642.9389223115728,2026-07-23T18:00:00+03:00
2026-07-24T11:00:00+03:00,794.0492950070533,2026-07-23T18:00:00+03:00
2026-07-24T12:00:00+03:00,916.946010192336,2026-07-23T18:00:00+03:00
2026-07-24T13:00:00+03:00,963.1997192515258,2026-07-23T18:00:00+03:00
2026-07-24T14:00:00+03:00,952.4128142278151,2026-07-23T18:00:00+03:00
2026-07-24T15:00:00+03:00,886.3064851881308,2026-07-23T18:00:00+03:00
2026-07-24T16:00:00+03:00,777.0777627881755,2026-07-23T18:00:00+03:00
2026-07-24T17:00:00+03:00,601.5105771894599,2026-07-23T18:00:00+03:00
2026-07-24T18:00:00+03:00,423.33042222372984,2026-07-23T18:00:00+03:00
2026-07-24T19:00:00+03:00,214.1222635567916,2026-07-23T18:00:00+03:00
2026-07-24T20:00:00+03:00,50.93772633008907,2026-07-23T18:00:00+03:00
2026-07-24T21:00:00+03:00,0.4732119523031254,2026-07-23T18:00:00+03:00
2026-07-24T22:00:00+03:00,0.4732119523031254,2026-07-23T18:00:00+03:00
2026-07-24T23:00:00+03:00,0.4732119523031254,2026-07-23T18:00:00+03:00
2026-07-25T00:00:00+03:00,0.0,2026-07-24T18:00:00+03:00
2026-07-25T01:00:00+03:00,0.0,2026-07-24T18:00:00+03:00
2026-07-25T02:00:00+03:00,0.0,2026-07-24T18:00:00+03:00
2026-07-25T03:00:00+03:00,0.0,2026-07-24T18:00:00+03:00
2026-07-25T04:00:00+03:00,0.0,2026-07-24T18:00:00+03:00
2026-07-25T05:00:00+03:00,0.0,2026-07-24T18:00:00+03:00
2026-07-25T06:00:00+03:00,0.0,2026-07-24T18:00:00+03:00
2026-07-25T07:00:00+03:00,73.36600879569241,2026-07-24T18:00:00+03:00
2026-07-25T08:00:00+03:00,244.79630164049308,2026-07-24T18:00:00+03:00
2026-07-25T09:00:00+03:00,433.3018409116871,2026-07-24T18:00:00+03:00
2026-07-25T10:00:00+03:00,620.3524619646884,2026-07-24T18:00:00+03:00
2026-07-25T11:00:00+03:00,780.1469257954625,2026-07-24T18:00:00+03:00
2026-07-25T12:00:00+03:00,901.164093746936,2026-07-24T18:00:00+03:00
2026-07-25T13:00:00+03:00,945.1084490363728,2026-07-24T18:00:00+03:00
2026-07-25T14:00:00+03:00,943.3314643041366,2026-07-24T18:00:00+03:00
2026-07-25T15:00:00+03:00,884.7004148178758,2026-07-24T18:00:00+03:00
2026-07-25T16:00:00+03:00,758.6839975422955,2026-07-24T18:00:00+03:00
2026-07-25T17:00:00+03:00,583.5998192017139,2026-07-24T18:00:00+03:00
2026-07-25T18:00:00+03:00,420.090097778523,2026-07-24T18:00:00+03:00
2026-07-25T19:00:00+03:00,206.66548099216564,2026-07-24T18:00:00+03:00
2026-07-25T20:00:00+03:00,51.66373632135142,2026-07-24T18:00:00+03:00
2026-07-25T21:00:00+03:00,0.0,2026-07-24T18:00:00+03:00
2026-07-25T22:00:00+03:00,0.0,2026-07-24T18:00:00+03:00
2026-07-25T23:00:00+03:00,0.0,2026-07-24T18:00:00+03:00
2026-07-26T00:00:00+03:00,0.0805117924301744,2026-07-25T18:00:00+03:00
2026-07-26T01:00:00+03:00,0.3955894153322963,2026-07-25T18:00:00+03:00
2026-07-26T02:00:00+03:00,0.3955894153322963,2026-07-25T18:00:00+03:00
2026-07-26T03:00:00+03:00,0.3955894153322963,2026-07-25T18:00:00+03:00
2026-07-26T04:00:00+03:00,0.3955894153322963,2026-07-25T18:00:00+03:00
2026-07-26T05:00:00+03:00,0.3955894153322963,2026-07-25T18:00:00+03:00
2026-07-26T06:00:00+03:00,0.3955894153322963,2026-07-25T18:00:00+03:00
2026-07-26T07:00:00+03:00,60.55717292450737,2026-07-25T18:00:00+03:00
2026-07-26T08:00:00+03:00,241.7109709729027,2026-07-25T18:00:00+03:00
2026-07-26T09:00:00+03:00,422.606700347202,2026-07-25T18:00:00+03:00
2026-07-26T10:00:00+03:00,644.1595766577233,2026-07-25T18:00:00+03:00
2026-07-26T11:00:00+03:00,776.586434497483,2026-07-25T18:00:00+03:00
2026-07-26T12:00:00+03:00,904.6027968170292,2026-07-25T18:00:00+03:00
2026-07-26T13:00:00+03:00,957.0663526885604,2026-07-25T18:00:00+03:00
2026-07-26T14:00:00+03:00,953.467198287437,2026-07-25T18:00:00+03:00
2026-07-26T15:00:00+03:00,891.8723714556309,2026-07-25T18:00:00+03:00
2026-07-26T16:00:00+03:00,768.5538076366367,2026-07-25T18:00:00+03:00
2026-07-26T17:00:00+03:00,599.7323126258726,2026-07-25T18:00:00+03:00
2026-07-26T18:00:00+03:00,412.04179985030186,2026-07-25T18:00:00+03:00
2026-07-26T19:00:00+03:00,210.5774864042628,2026-07-25T18:00:00+03:00
2026-07-26T20:00:00+03:00,52.335178226488736,2026-07-25T18:00:00+03:00
2026-07-26T21:00:00+03:00,0.6731621348020558,2026-07-25T18:00:00+03:00
2026-07-26T22:00:00+03:00,0.6941494042262706,2026-07-25T18:00:00+03:00
2026-07-26T23:00:00+03:00,0.3955894153322963,2026-07-25T18:00:00+03:00
2026-07-27T00:00:00+03:00,0.5716968045054862,2026-07-26T18:00:00+03:00
2026-07-27T01:00:00+03:00,0.370062194195238,2026-07-26T18:00:00+03:00
2026-07-27T02:00:00+03:00,0.3621941286779909,2026-07-26T18:00:00+03:00
2026-07-27T03:00:00+03:00,0.6686221830892122,2026-07-26T18:00:00+03:00
2026-07-27T04:00:00+03:00,0.6476349136649974,2026-07-26T18:00:00+03:00
2026-07-27T05:00:00+03:00,0.6476349136649974,2026-07-26T18:00:00+03:00
2026-07-27T06:00:00+03:00,0.6476349136649974,2026-07-26T18:00:00+03:00
2026-07-27T07:00:00+03:00,53.92228478435037,2026-07-26T18:00:00+03:00
2026-07-27T08:00:00+03:00,223.38822290373025,2026-07-26T18:00:00+03:00
2026-07-27T09:00:00+03:00,443.02178261134173,2026-07-26T18:00:00+03:00
2026-07-27T10:00:00+03:00,614.4294507663873,2026-07-26T18:00:00+03:00
2026-07-27T11:00:00+03:00,774.1922128466853,2026-07-26T18:00:00+03:00
2026-07-27T12:00:00+03:00,891.961587067938,2026-07-26T18:00:00+03:00
2026-07-27T13:00:00+03:00,937.103725339592,2026-07-26T18:00:00+03:00
2026-07-27T14:00:00+03:00,945.1384499522238,2026-07-26T18:00:00+03:00
2026-07-27T15:00:00+03:00,883.7136997425912,2026-07-26T18:00:00+03:00
2026-07-27T16:00:00+03:00,789.0951029330455,2026-07-26T18:00:00+03:00
2026-07-27T17:00:00+03:00,572.8444262982254,2026-07-26T18:00:00+03:00
2026-07-27T18:00:00+03:00,406.1949403670093,2026-07-26T18:00:00+03:00
2026-07-27T19:00:00+03:00,211.22245845561352,2026-07-26T18:00:00+03:00
2026-07-27T20:00:00+03:00,51.36244303848265,2026-07-26T18:00:00+03:00
2026-07-27T21:00:00+03:00,0.6476349136649974,2026-07-26T18:00:00+03:00
2026-07-27T22:00:00+03:00,0.6397668481477504,2026-07-26T18:00:00+03:00
2026-07-27T23:00:00+03:00,0.8702567933994604,2026-07-26T18:00:00+03:00
2026-07-28T00:00:00+03:00,2.0253862115724965,2026-07-27T18:00:00+03:00
2026-07-28T01:00:00+03:00,2.0253862115724965,2026-07-27T18:00:00+03:00
2026-07-28T02:00:00+03:00,2.0253862115724965,2026-07-27T18:00:00+03:00
2026-07-28T03:00:00+03:00,2.0253862115724965,2026-07-27T18:00:00+03:00
2026-07-28T04:00:00+03:00,2.0253862115724965,2026-07-27T18:00:00+03:00
2026-07-28T05:00:00+03:00,2.0253862115724965,2026-07-27T18:00:00+03:00
2026-07-28T06:00:00+03:00,2.0253862115724965,2026-07-27T18:00:00+03:00
2026-07-28T07:00:00+03:00,56.71825475720111,2026-07-27T18:00:00+03:00
2026-07-28T08:00:00+03:00,221.4844368605913,2026-07-27T18:00:00+03:00
2026-07-28T09:00:00+03:00,443.146488774329,2026-07-27T18:00:00+03:00
2026-07-28T10:00:00+03:00,637.3329593571724,2026-07-27T18:00:00+03:00
2026-07-28T11:00:00+03:00,805.5631544319589,2026-07-27T18:00:00+03:00
2026-07-28T12:00:00+03:00,875.2382574443546,2026-07-27T18:00:00+03:00
2026-07-28T13:00:00+03:00,931.9399358630608,2026-07-27T18:00:00+03:00
2026-07-28T14:00:00+03:00,936.7287677618128,2026-07-27T18:00:00+03:00
2026-07-28T15:00:00+03:00,888.8050316763668,2026-07-27T18:00:00+03:00
2026-07-28T16:00:00+03:00,769.6303432558838,2026-07-27T18:00:00+03:00
2026-07-28T17:00:00+03:00,583.9278539478331,2026-07-27T18:00:00+03:00
2026-07-28T18:00:00+03:00,416.0862529879346,2026-07-27T18:00:00+03:00
2026-07-28T19:00:00+03:00,213.2560505623723,2026-07-27T18:00:00+03:00
2026-07-28T20:00:00+03:00,51.16856751916904,2026-07-27T18:00:00+03:00
2026-07-28T21:00:00+03:00,0.4747466637756093,2026-07-27T18:00:00+03:00
2026-07-28T22:00:00+03:00,0.4747466637756093,2026-07-27T18:00:00+03:00
2026-07-28T23:00:00+03:00,0.711219296263787,2026-07-27T18:00:00+03:00
2026-07-29T00:00:00+03:00,1.0218986447088392,2026-07-28T18:00:00+03:00
2026-07-29T01:00:00+03:00,1.0218986447088392,2026-07-28T18:00:00+03:00
2026-07-29T02:00:00+03:00,1.0218986447088392,2026-07-28T18:00:00+03:00
2026-07-29T03:00:00+03:00,1.0218986447088392,2026-07-28T18:00:00+03:00
2026-07-29T04:00:00+03:00,0.7854260122206613,2026-07-28T18:00:00+03:00
2026-07-29T05:00:00+03:00,1.0218986447088392,2026-07-28T18:00:00+03:00
2026-07-29T06:00:00+03:00,0.7854260122206613,2026-07-28T18:00:00+03:00
2026-07-29T07:00:00+03:00,53.33844605061364,2026-07-28T18:00:00+03:00
2026-07-29T08:00:00+03:00,222.20797725018855,2026-07-28T18:00:00+03:00
2026-07-29T09:00:00+03:00,450.4764375179791,2026-07-28T18:00:00+03:00
2026-07-29T10:00:00+03:00,639.5088171905202,2026-07-28T18:00:00+03:00
2026-07-29T11:00:00+03:00,823.7452089405901,2026-07-28T18:00:00+03:00
2026-07-29T12:00:00+03:00,926.8052122221007,2026-07-28T18:00:00+03:00
2026-07-29T13:00:00+03:00,967.9030406306562,2026-07-28T18:00:00+03:00
2026-07-29T14:00:00+03:00,962.1475510897734,2026-07-28T18:00:00+03:00
2026-07-29T15:00:00+03:00,892.1889647958968,2026-07-28T18:00:00+03:00
2026-07-29T16:00:00+03:00,796.8094171870763,2026-07-28T18:00:00+03:00
2026-07-29T17:00:00+03:00,622.2707005754235,2026-07-28T18:00:00+03:00
2026-07-29T18:00:00+03:00,428.396784615055,2026-07-28T18:00:00+03:00
2026-07-29T19:00:00+03:00,212.82742620838545,2026-07-28T18:00:00+03:00
2026-07-29T20:00:00+03:00,52.476186210790374,2026-07-28T18:00:00+03:00
2026-07-29T21:00:00+03:00,1.782365355396947,2026-07-28T18:00:00+03:00
2026-07-29T22:00:00+03:00,0.7854260122206613,2026-07-28T18:00:00+03:00
2026-07-29T23:00:00+03:00,0.7854260122206613,2026-07-28T18:00:00+03:00
2026-07-30T00:00:00+03:00,0.370062194195238,2026-07-29T18:00:00+03:00
2026-07-30T01:00:00+03:00,0.370062194195238,2026-07-29T18:00:00+03:00
2026-07-30T02:00:00+03:00,0.370062194195238,2026-07-29T18:00:00+03:00
2026-07-30T03:00:00+03:00,0.370062194195238,2026-07-29T18:00:00+03:00
2026-07-30T04:00:00+03:00,0.370062194195238,2026-07-29T18:00:00+03:00
2026-07-30T05:00:00+03:00,0.370062194195238,2026-07-29T18:00:00+03:00
2026-07-30T06:00:00+03:00,0.370062194195238,2026-07-29T18:00:00+03:00
2026-07-30T07:00:00+03:00,52.4450048969033,2026-07-29T18:00:00+03:00
2026-07-30T08:00:00+03:00,224.84692993107944,2026-07-29T18:00:00+03:00
2026-07-30T09:00:00+03:00,443.509521655701,2026-07-29T18:00:00+03:00
2026-07-30T10:00:00+03:00,644.8301960220206,2026-07-29T18:00:00+03:00
2026-07-30T11:00:00+03:00,796.7916374090121,2026-07-29T18:00:00+03:00
2026-07-30T12:00:00+03:00,923.9518092445692,2026-07-29T18:00:00+03:00
2026-07-30T13:00:00+03:00,959.9219555994606,2026-07-29T18:00:00+03:00
2026-07-30T14:00:00+03:00,958.1449708672244,2026-07-29T18:00:00+03:00
2026-07-30T15:00:00+03:00,899.0661183896977,2026-07-29T18:00:00+03:00
2026-07-30T16:00:00+03:00,772.6568836953119,2026-07-29T18:00:00+03:00
2026-07-30T17:00:00+03:00,618.1618518608443,2026-07-29T18:00:00+03:00
2026-07-30T18:00:00+03:00,420.1869809681831,2026-07-29T18:00:00+03:00
2026-07-30T19:00:00+03:00,209.93696160664817,2026-07-29T18:00:00+03:00
2026-07-30T20:00:00+03:00,52.060822392764955,2026-07-29T18:00:00+03:00
2026-07-30T21:00:00+03:00,0.370062194195238,2026-07-29T18:00:00+03:00
2026-07-30T22:00:00+03:00,0.370062194195238,2026-07-29T18:00:00+03:00
2026-07-30T23:00:00+03:00,0.370062194195238,2026-07-29T18:00:00+03:00
2026-07-31T00:00:00+03:00,0.4732119523031254,2026-07-30T18:00:00+03:00
2026-07-31T01:00:00+03:00,0.4732119523031254,2026-07-30T18:00:00+03:00
2026-07-31T02:00:00+03:00,0.4732119523031254,2026-07-30T18:00:00+03:00
2026-07-31T03:00:00+03:00,0.4732119523031254,2026-07-30T18:00:00+03:00
2026-07-31T04:00:00+03:00,0.4732119523031254,2026-07-30T18:00:00+03:00
2026-07-31T05:00:00+03:00,0.4732119523031254,2026-07-30T18:00:00+03:00
2026-07-31T06:00:00+03:00,0.475891791786497,2026-07-30T18:00:00+03:00
2026-07-31T07:00:00+03:00,53.67923877710555,2026-07-30T18:00:00+03:00
2026-07-31T08:00:00+03:00,222.79115222598665,2026-07-30T18:00:00+03:00
2026-07-31T09:00:00+03:00,432.2186137889969,2026-07-30T18:00:00+03:00
2026-07-31T10:00:00+03:00,644.8890272664169,2026-07-30T18:00:00+03:00
2026-07-31T11:00:00+03:00,796.1063613574934,2026-07-30T18:00:00+03:00
2026-07-31T12:00:00+03:00,920.1705750824232,2026-07-30T18:00:00+03:00
2026-07-31T13:00:00+03:00,961.1169984832164,2026-07-30T18:00:00+03:00
2026-07-31T14:00:00+03:00,957.5672630818387,2026-07-30T18:00:00+03:00
2026-07-31T15:00:00+03:00,902.0339119425952,2026-07-30T18:00:00+03:00
2026-07-31T16:00:00+03:00,762.6130841731555,2026-07-30T18:00:00+03:00
2026-07-31T17:00:00+03:00,617.1488642720182,2026-07-30T18:00:00+03:00
2026-07-31T18:00:00+03:00,417.2901675514443,2026-07-30T18:00:00+03:00
2026-07-31T19:00:00+03:00,209.37570991686073,2026-07-30T18:00:00+03:00
2026-07-31T20:00:00+03:00,41.80289609824489,2026-07-30T18:00:00+03:00
2026-07-31T21:00:00+03:00,0.4732119523031254,2026-07-30T18:00:00+03:00
2026-07-31T22:00:00+03:00,0.4732119523031254,2026-07-30T18:00:00+03:00
2026-07-31T23:00:00+03:00,0.4732119523031254,2026-07-30T18:00:00+03:00
2026-08-01T00:00:00+03:00,0.3914631533707193,2026-07-31T18:00:00+03:00
2026-08-01T01:00:00+03:00,0.3914631533707193,2026-07-31T18:00:00+03:00
2026-08-01T02:00:00+03:00,0.3887833138873477,2026-07-31T18:00:00+03:00
2026-08-01T03:00:00+03:00,0.3914631533707193,2026-07-31T18:00:00+03:00
2026-08-01T04:00:00+03:00,0.3887833138873477,2026-07-31T18:00:00+03:00
2026-08-01T05:00:00+03:00,0.3887833138873477,2026-07-31T18:00:00+03:00
2026-08-01T06:00:00+03:00,0.2071270768867545,2026-07-31T18:00:00+03:00
2026-08-01T07:00:00+03:00,50.863271813210496,2026-07-31T18:00:00+03:00
2026-08-01T08:00:00+03:00,217.01644769060923,2026-07-31T18:00:00+03:00
2026-08-01T09:00:00+03:00,435.2155121448746,2026-07-31T18:00:00+03:00
2026-08-01T10:00:00+03:00,646.8894473644993,2026-07-31T18:00:00+03:00
2026-08-01T11:00:00+03:00,794.988539995018,2026-07-31T18:00:00+03:00
2026-08-01T12:00:00+03:00,917.1146567464928,2026-07-31T18:00:00+03:00
2026-08-01T13:00:00+03:00,961.1220878967029,2026-07-31T18:00:00+03:00
2026-08-01T14:00:00+03:00,957.5119294355086,2026-07-31T18:00:00+03:00
2026-08-01T15:00:00+03:00,901.9785782962648,2026-07-31T18:00:00+03:00
2026-08-01T16:00:00+03:00,761.0535514926665,2026-07-31T18:00:00+03:00
2026-08-01T17:00:00+03:00,607.469445595169,2026-07-31T18:00:00+03:00
2026-08-01T18:00:00+03:00,397.3207066396186,2026-07-31T18:00:00+03:00
2026-08-01T19:00:00+03:00,207.98940572163696,2026-07-31T18:00:00+03:00
2026-08-01T20:00:00+03:00,39.320771989454826,2026-07-31T18:00:00+03:00
2026-08-01T21:00:00+03:00,0.3887833138873477,2026-07-31T18:00:00+03:00
2026-08-01T22:00:00+03:00,0.3887833138873477,2026-07-31T18:00:00+03:00
2026-08-01T23:00:00+03:00,0.3887833138873477,2026-07-31T18:00:00+03:00
2026-08-02T00:00:00+03:00,0.2071270768867545,2026-08-01T18:00:00+03:00
2026-08-02T01:00:00+03:00,0.2071270768867545,2026-08-01T18:00:00+03:00
2026-08-02T02:00:00+03:00,0.3887833138873477,2026-08-01T18:00:00+03:00
2026-08-02T03:00:00+03:00,0.2071270768867545,2026-08-01T18:00:00+03:00
2026-08-02T04:00:00+03:00,0.2074320523700156,2026-08-01T18:00:00+03:00
2026-08-02T05:00:00+03:00,0.3887833138873477,2026-08-01T18:00:00+03:00
2026-08-02T06:00:00+03:00,0.3887833138873477,2026-08-01T18:00:00+03:00
2026-08-02T07:00:00+03:00,50.86357678869376,2026-08-01T18:00:00+03:00
2026-08-02T08:00:00+03:00,214.206656199632,2026-08-01T18:00:00+03:00
2026-08-02T09:00:00+03:00,430.62709856308055,2026-08-01T18:00:00+03:00
2026-08-02T10:00:00+03:00,642.7958456242843,2026-08-01T18:00:00+03:00
2026-08-02T11:00:00+03:00,791.7764201446789,2026-08-01T18:00:00+03:00
2026-08-02T12:00:00+03:00,914.9426189844532,2026-08-01T18:00:00+03:00
2026-08-02T13:00:00+03:00,960.0636635524024,2026-08-01T18:00:00+03:00
2026-08-02T14:00:00+03:00,958.286678820166,2026-08-01T18:00:00+03:00
2026-08-02T15:00:00+03:00,900.9805770117808,2026-08-01T18:00:00+03:00
2026-08-02T16:00:00+03:00,771.2943926140949,2026-08-01T18:00:00+03:00
2026-08-02T17:00:00+03:00,608.6242487429755,2026-08-01T18:00:00+03:00
2026-08-02T18:00:00+03:00,396.3227053551347,2026-08-01T18:00:00+03:00
2026-08-02T19:00:00+03:00,207.06737374363783,2026-08-01T18:00:00+03:00
2026-08-02T20:00:00+03:00,39.320771989454826,2026-08-01T18:00:00+03:00
2026-08-02T21:00:00+03:00,0.3887833138873477,2026-08-01T18:00:00+03:00
2026-08-02T22:00:00+03:00,0.3887833138873477,2026-08-01T18:00:00+03:00
2026-08-02T23:00:00+03:00,0.3887833138873477,2026-08-01T18:00:00+03:00
2026-08-03T00:00:00+03:00,0.4478284011771813,2026-08-02T18:00:00+03:00
2026-08-03T01:00:00+03:00,0.4478284011771813,2026-08-02T18:00:00+03:00
2026-08-03T02:00:00+03:00,0.4478284011771813,2026-08-02T18:00:00+03:00
2026-08-03T03:00:00+03:00,0.4478284011771813,2026-08-02T18:00:00+03:00
2026-08-03T04:00:00+03:00,0.4478284011771813,2026-08-02T18:00:00+03:00
2026-08-03T05:00:00+03:00,0.4478284011771813,2026-08-02T18:00:00+03:00
2026-08-03T06:00:00+03:00,0.4478284011771813,2026-08-02T18:00:00+03:00
2026-08-03T07:00:00+03:00,51.372737893938165,2026-08-02T18:00:00+03:00
2026-08-03T08:00:00+03:00,214.1761253348641,2026-08-02T18:00:00+03:00
2026-08-03T09:00:00+03:00,432.5545374777885,2026-08-02T18:00:00+03:00
2026-08-03T10:00:00+03:00,635.8759575886605,2026-08-02T18:00:00+03:00
2026-08-03T11:00:00+03:00,796.3951268398347,2026-08-02T18:00:00+03:00
2026-08-03T12:00:00+03:00,912.3083758629356,2026-08-02T18:00:00+03:00
2026-08-03T13:00:00+03:00,962.3505245444928,2026-08-02T18:00:00+03:00
2026-08-03T14:00:00+03:00,960.5735398122564,2026-08-02T18:00:00+03:00
2026-08-03T15:00:00+03:00,903.2674380038712,2026-08-02T18:00:00+03:00
2026-08-03T16:00:00+03:00,773.5812536061853,2026-08-02T18:00:00+03:00
2026-08-03T17:00:00+03:00,608.8342746092602,2026-08-02T18:00:00+03:00
2026-08-03T18:00:00+03:00,412.1019069803251,2026-08-02T18:00:00+03:00
2026-08-03T19:00:00+03:00,209.7523410824413,2026-08-02T18:00:00+03:00
2026-08-03T20:00:00+03:00,39.379817076744665,2026-08-02T18:00:00+03:00
2026-08-03T21:00:00+03:00,0.4478284011771813,2026-08-02T18:00:00+03:00
2026-08-03T22:00:00+03:00,0.4478284011771813,2026-08-02T18:00:00+03:00
2026-08-03T23:00:00+03:00,0.4478284011771813,2026-08-02T18:00:00+03:00
2026-08-04T00:00:00+03:00,0.1915296160553085,2026-08-03T18:00:00+03:00
2026-08-04T01:00:00+03:00,0.1915296160553085,2026-08-03T18:00:00+03:00
2026-08-04T02:00:00+03:00,0.1915296160553085,2026-08-03T18:00:00+03:00
2026-08-04T03:00:00+03:00,0.1915296160553085,2026-08-03T18:00:00+03:00
2026-08-04T04:00:00+03:00,0.3684881646613708,2026-08-03T18:00:00+03:00
2026-08-04T05:00:00+03:00,0.1915296160553085,2026-08-03T18:00:00+03:00
2026-08-04T06:00:00+03:00,0.1915296160553085,2026-08-03T18:00:00+03:00
2026-08-04T07:00:00+03:00,50.852957517142386,2026-08-03T18:00:00+03:00
2026-08-04T08:00:00+03:00,210.46742975739627,2026-08-03T18:00:00+03:00
2026-08-04T09:00:00+03:00,435.8084662976398,2026-08-03T18:00:00+03:00
2026-08-04T10:00:00+03:00,629.2144908289496,2026-08-03T18:00:00+03:00
2026-08-04T11:00:00+03:00,790.236792787557,2026-08-03T18:00:00+03:00
2026-08-04T12:00:00+03:00,915.534138806166,2026-08-03T18:00:00+03:00
2026-08-04T13:00:00+03:00,954.5963190244815,2026-08-03T18:00:00+03:00
2026-08-04T14:00:00+03:00,952.8193342922452,2026-08-03T18:00:00+03:00
2026-08-04T15:00:00+03:00,899.4393659302937,2026-08-03T18:00:00+03:00
2026-08-04T16:00:00+03:00,771.2573805667664,2026-08-03T18:00:00+03:00
2026-08-04T17:00:00+03:00,607.1079318133525,2026-08-03T18:00:00+03:00
2026-08-04T18:00:00+03:00,409.4138678291783,2026-08-03T18:00:00+03:00
2026-08-04T19:00:00+03:00,205.6762511072185,2026-08-03T18:00:00+03:00
2026-08-04T20:00:00+03:00,39.12351829162278,2026-08-03T18:00:00+03:00
2026-08-04T21:00:00+03:00,0.1915296160553085,2026-08-03T18:00:00+03:00
2026-08-04T22:00:00+03:00,0.1915296160553085,2026-08-03T18:00:00+03:00
2026-08-04T23:00:00+03:00,0.1915296160553085,2026-08-03T18:00:00+03:00
2026-08-05T00:00:00+03:00,0.2653832471429209,2026-08-04T18:00:00+03:00
2026-08-05T01:00:00+03:00,0.2653832471429209,2026-08-04T18:00:00+03:00
2026-08-05T02:00:00+03:00,0.2575151816256739,2026-08-04T18:00:00+03:00
2026-08-05T03:00:00+03:00,0.2653832471429209,2026-08-04T18:00:00+03:00
2026-08-05T04:00:00+03:00,0.2653832471429209,2026-08-04T18:00:00+03:00
2026-08-05T05:00:00+03:00,0.2653832471429209,2026-08-04T18:00:00+03:00
2026-08-05T06:00:00+03:00,0.2653832471429209,2026-08-04T18:00:00+03:00
2026-08-05T07:00:00+03:00,52.363935088577655,2026-08-04T18:00:00+03:00
2026-08-05T08:00:00+03:00,219.42213081448156,2026-08-04T18:00:00+03:00
2026-08-05T09:00:00+03:00,431.0720011971884,2026-08-04T18:00:00+03:00
2026-08-05T10:00:00+03:00,641.8075678339206,2026-08-04T18:00:00+03:00
2026-08-05T11:00:00+03:00,797.2772258227438,2026-08-04T18:00:00+03:00
2026-08-05T12:00:00+03:00,923.6362499719086,2026-08-04T18:00:00+03:00
2026-08-05T13:00:00+03:00,957.11545736504,2026-08-04T18:00:00+03:00
2026-08-05T14:00:00+03:00,955.4144419392884,2026-08-04T18:00:00+03:00
2026-08-05T15:00:00+03:00,899.8930759965449,2026-08-04T18:00:00+03:00
2026-08-05T16:00:00+03:00,760.5482175335901,2026-08-04T18:00:00+03:00
2026-08-05T17:00:00+03:00,605.4599126019339,2026-08-04T18:00:00+03:00
2026-08-05T18:00:00+03:00,393.63644654977793,2026-08-04T18:00:00+03:00
2026-08-05T19:00:00+03:00,201.43271503992324,2026-08-04T18:00:00+03:00
2026-08-05T20:00:00+03:00,32.64435915491646,2026-08-04T18:00:00+03:00
2026-08-05T21:00:00+03:00,0.2653832471429209,2026-08-04T18:00:00+03:00
2026-08-05T22:00:00+03:00,0.2575151816256739,2026-08-04T18:00:00+03:00
2026-08-05T23:00:00+03:00,0.2653832471429209,2026-08-04T18:00:00+03:00
2026-08-06T00:00:00+03:00,0.2653832471429209,2026-08-05T18:00:00+03:00
2026-08-06T01:00:00+03:00,0.5725928045277959,2026-08-05T18:00:00+03:00
2026-08-06T02:00:00+03:00,0.5725928045277959,2026-08-05T18:00:00+03:00
2026-08-06T03:00:00+03:00,0.2653832471429209,2026-08-05T18:00:00+03:00
2026-08-06T04:00:00+03:00,0.2575151816256739,2026-08-05T18:00:00+03:00
2026-08-06T05:00:00+03:00,0.2575151816256739,2026-08-05T18:00:00+03:00
2026-08-06T06:00:00+03:00,0.2575151816256739,2026-08-05T18:00:00+03:00
2026-08-06T07:00:00+03:00,50.72989762492887,2026-08-05T18:00:00+03:00
2026-08-06T08:00:00+03:00,214.09747998280912,2026-08-05T18:00:00+03:00
2026-08-06T09:00:00+03:00,430.53937503189417,2026-08-05T18:00:00+03:00
2026-08-06T10:00:00+03:00,630.2406060135934,2026-08-05T18:00:00+03:00
2026-08-06T11:00:00+03:00,790.1786887942903,2026-08-05T18:00:00+03:00
2026-08-06T12:00:00+03:00,909.1529455668076,2026-08-05T18:00:00+03:00
2026-08-06T13:00:00+03:00,953.1344188826928,2026-08-05T18:00:00+03:00
2026-08-06T14:00:00+03:00,948.1484654186556,2026-08-05T18:00:00+03:00
2026-08-06T15:00:00+03:00,886.6951498850009,2026-08-05T18:00:00+03:00
2026-08-06T16:00:00+03:00,756.5806397445868,2026-08-05T18:00:00+03:00
2026-08-06T17:00:00+03:00,599.6053267790252,2026-08-05T18:00:00+03:00
2026-08-06T18:00:00+03:00,390.44013285117734,2026-08-05T18:00:00+03:00
2026-08-06T19:00:00+03:00,195.40910328819132,2026-08-05T18:00:00+03:00
2026-08-06T20:00:00+03:00,32.64435915491646,2026-08-05T18:00:00+03:00
2026-08-06T21:00:00+03:00,0.2653832471429209,2026-08-05T18:00:00+03:00
2026-08-06T22:00:00+03:00,0.2653832471429209,2026-08-05T18:00:00+03:00
2026-08-06T23:00:00+03:00,0.2653832471429209,2026-08-05T18:00:00+03:00
2026-08-07T00:00:00+03:00,0.0883798579474214,2026-08-06T18:00:00+03:00
2026-08-07T01:00:00+03:00,0.0883798579474214,2026-08-06T18:00:00+03:00
2026-08-07T02:00:00+03:00,0.0883798579474214,2026-08-06T18:00:00+03:00
2026-08-07T03:00:00+03:00,0.0883798579474214,2026-08-06T18:00:00+03:00
2026-08-07T04:00:00+03:00,0.0883798579474214,2026-08-06T18:00:00+03:00
2026-08-07T05:00:00+03:00,0.0883798579474214,2026-08-06T18:00:00+03:00
2026-08-07T06:00:00+03:00,0.0883798579474214,2026-08-06T18:00:00+03:00
2026-08-07T07:00:00+03:00,50.55289423573336,2026-08-06T18:00:00+03:00
2026-08-07T08:00:00+03:00,207.2086940286578,2026-08-06T18:00:00+03:00
2026-08-07T09:00:00+03:00,436.394776843103,2026-08-06T18:00:00+03:00
2026-08-07T10:00:00+03:00,612.4016881984878,2026-08-06T18:00:00+03:00
2026-08-07T11:00:00+03:00,773.0994928386607,2026-08-06T18:00:00+03:00
2026-08-07T12:00:00+03:00,903.37802175302,2026-08-06T18:00:00+03:00
2026-08-07T13:00:00+03:00,947.3940625987532,2026-08-06T18:00:00+03:00
2026-08-07T14:00:00+03:00,930.930513557387,2026-08-06T18:00:00+03:00
2026-08-07T15:00:00+03:00,870.7825172370489,2026-08-06T18:00:00+03:00
2026-08-07T16:00:00+03:00,749.25643312766,2026-08-06T18:00:00+03:00
2026-08-07T17:00:00+03:00,578.3593925364084,2026-08-06T18:00:00+03:00
2026-08-07T18:00:00+03:00,389.3569677916126,2026-08-06T18:00:00+03:00
2026-08-07T19:00:00+03:00,180.85340771285263,2026-08-06T18:00:00+03:00
2026-08-07T20:00:00+03:00,32.46735576572095,2026-08-06T18:00:00+03:00
2026-08-07T21:00:00+03:00,0.0883798579474214,2026-08-06T18:00:00+03:00
2026-08-07T22:00:00+03:00,0.0883798579474214,2026-08-06T18:00:00+03:00
2026-08-07T23:00:00+03:00,0.0883798579474214,2026-08-06T18:00:00+03:00
2026-08-08T00:00:00+03:00,0.2653832471429209,2026-08-07T18:00:00+03:00
2026-08-08T01:00:00+03:00,0.2653832471429209,2026-08-07T18:00:00+03:00
2026-08-08T02:00:00+03:00,0.2653832471429209,2026-08-07T18:00:00+03:00
2026-08-08T03:00:00+03:00,0.2653832471429209,2026-08-07T18:00:00+03:00
2026-08-08T04:00:00+03:00,0.2653832471429209,2026-08-07T18:00:00+03:00
2026-08-08T05:00:00+03:00,0.2653832471429209,2026-08-07T18:00:00+03:00
2026-08-08T06:00:00+03:00,0.2653832471429209,2026-08-07T18:00:00+03:00
2026-08-08T07:00:00+03:00,50.95920410253635,2026-08-07T18:00:00+03:00
2026-08-08T08:00:00+03:00,205.88251233641373,2026-08-07T18:00:00+03:00
2026-08-08T09:00:00+03:00,433.14518589754346,2026-08-07T18:00:00+03:00
2026-08-08T10:00:00+03:00,624.3540269013441,2026-08-07T18:00:00+03:00
2026-08-08T11:00:00+03:00,770.2074439594866,2026-08-07T18:00:00+03:00
2026-08-08T12:00:00+03:00,897.2179096767494,2026-08-07T18:00:00+03:00
2026-08-08T13:00:00+03:00,949.0825398917492,2026-08-07T18:00:00+03:00
2026-08-08T14:00:00+03:00,925.6762814227128,2026-08-07T18:00:00+03:00
2026-08-08T15:00:00+03:00,864.9847387055382,2026-08-07T18:00:00+03:00
2026-08-08T16:00:00+03:00,734.5502687689157,2026-08-07T18:00:00+03:00
2026-08-08T17:00:00+03:00,574.4466739893747,2026-08-07T18:00:00+03:00
2026-08-08T18:00:00+03:00,373.4664163598944,2026-08-07T18:00:00+03:00
2026-08-08T19:00:00+03:00,179.5553319559533,2026-08-07T18:00:00+03:00
2026-08-08T20:00:00+03:00,34.230746377958354,2026-08-07T18:00:00+03:00
2026-08-08T21:00:00+03:00,0.5725928045277959,2026-08-07T18:00:00+03:00
2026-08-08T22:00:00+03:00,0.5725928045277959,2026-08-07T18:00:00+03:00
2026-08-08T23:00:00+03:00,0.5725928045277959,2026-08-07T18:00:00+03:00
2026-08-09T00:00:00+03:00,0.3341733729822616,2026-08-08T18:00:00+03:00
2026-08-09T01:00:00+03:00,0.3341733729822616,2026-08-08T18:00:00+03:00
2026-08-09T02:00:00+03:00,0.3341733729822616,2026-08-08T18:00:00+03:00
2026-08-09T03:00:00+03:00,0.3341733729822616,2026-08-08T18:00:00+03:00
2026-08-09T04:00:00+03:00,0.3341733729822616,2026-08-08T18:00:00+03:00
2026-08-09T05:00:00+03:00,0.3341733729822616,2026-08-08T18:00:00+03:00
2026-08-09T06:00:00+03:00,0.1325387626720134,2026-08-08T18:00:00+03:00
2026-08-09T07:00:00+03:00,50.82635961806544,2026-08-08T18:00:00+03:00
2026-08-09T08:00:00+03:00,205.38557984619493,2026-08-08T18:00:00+03:00
2026-08-09T09:00:00+03:00,410.5181740595658,2026-08-08T18:00:00+03:00
2026-08-09T10:00:00+03:00,603.8917623096974,2026-08-08T18:00:00+03:00
2026-08-09T11:00:00+03:00,765.8552329076997,2026-08-08T18:00:00+03:00
2026-08-09T12:00:00+03:00,880.7719264976733,2026-08-08T18:00:00+03:00
2026-08-09T13:00:00+03:00,943.166564926248,2026-08-08T18:00:00+03:00
2026-08-09T14:00:00+03:00,931.2785893332012,2026-08-08T18:00:00+03:00
2026-08-09T15:00:00+03:00,858.7441154975544,2026-08-08T18:00:00+03:00
2026-08-09T16:00:00+03:00,737.8926782189642,2026-08-08T18:00:00+03:00
2026-08-09T17:00:00+03:00,564.867828485945,2026-08-08T18:00:00+03:00
2026-08-09T18:00:00+03:00,382.9124721506884,2026-08-08T18:00:00+03:00
2026-08-09T19:00:00+03:00,178.5163258011132,2026-08-08T18:00:00+03:00
2026-08-09T20:00:00+03:00,29.359318216272552,2026-08-08T18:00:00+03:00
2026-08-09T21:00:00+03:00,0.1325387626720134,2026-08-08T18:00:00+03:00
2026-08-09T22:00:00+03:00,0.632733361876236,2026-08-08T18:00:00+03:00
2026-08-09T23:00:00+03:00,0.632733361876236,2026-08-08T18:00:00+03:00
2026-08-10T00:00:00+03:00,0.5725928045277959,2026-08-09T18:00:00+03:00
2026-08-10T01:00:00+03:00,0.5725928045277959,2026-08-09T18:00:00+03:00
2026-08-10T02:00:00+03:00,0.5560751705196479,2026-08-09T18:00:00+03:00
2026-08-10T03:00:00+03:00,0.2653832471429209,2026-08-09T18:00:00+03:00
2026-08-10T04:00:00+03:00,0.2653832471429209,2026-08-09T18:00:00+03:00
2026-08-10T05:00:00+03:00,0.2653832471429209,2026-08-09T18:00:00+03:00
2026-08-10T06:00:00+03:00,0.2653832471429209,2026-08-09T18:00:00+03:00
2026-08-10T07:00:00+03:00,50.95920410253635,2026-08-09T18:00:00+03:00
2026-08-10T08:00:00+03:00,206.06174079151396,2026-08-09T18:00:00+03:00
2026-08-10T09:00:00+03:00,399.90759776109417,2026-08-09T18:00:00+03:00
2026-08-10T10:00:00+03:00,612.8218078206796,2026-08-09T18:00:00+03:00
2026-08-10T11:00:00+03:00,763.8174518319692,2026-08-09T18:00:00+03:00
2026-08-10T12:00:00+03:00,887.7034746109181,2026-08-09T18:00:00+03:00
2026-08-10T13:00:00+03:00,951.7031840596972,2026-08-09T18:00:00+03:00
2026-08-10T14:00:00+03:00,943.8490777549356,2026-08-09T18:00:00+03:00
2026-08-10T15:00:00+03:00,862.0613314202562,2026-08-09T18:00:00+03:00
2026-08-10T16:00:00+03:00,733.238379494333,2026-08-09T18:00:00+03:00
2026-08-10T17:00:00+03:00,567.2342311829008,2026-08-09T18:00:00+03:00
2026-08-10T18:00:00+03:00,390.10293717794553,2026-08-09T18:00:00+03:00
2026-08-10T19:00:00+03:00,179.5553319559533,2026-08-09T18:00:00+03:00
2026-08-10T20:00:00+03:00,29.193602711849483,2026-08-09T18:00:00+03:00
2026-08-10T21:00:00+03:00,0.2653832471429209,2026-08-09T18:00:00+03:00
2026-08-10T22:00:00+03:00,0.5639432360368949,2026-08-09T18:00:00+03:00
2026-08-10T23:00:00+03:00,0.54295596661268,2026-08-09T18:00:00+03:00
2026-08-11T00:00:00+03:00,0.6483718744526724,2026-08-10T18:00:00+03:00
2026-08-11T01:00:00+03:00,0.3498118855586984,2026-08-10T18:00:00+03:00
2026-08-11T02:00:00+03:00,0.3498118855586984,2026-08-10T18:00:00+03:00
2026-08-11T03:00:00+03:00,0.3498118855586984,2026-08-10T18:00:00+03:00
2026-08-11T04:00:00+03:00,0.3498118855586984,2026-08-10T18:00:00+03:00
2026-08-11T05:00:00+03:00,0.4750592705119464,2026-08-10T18:00:00+03:00
2026-08-11T06:00:00+03:00,0.4750592705119464,2026-08-10T18:00:00+03:00
2026-08-11T07:00:00+03:00,43.36678920702467,2026-08-10T18:00:00+03:00
2026-08-11T08:00:00+03:00,205.87249449906204,2026-08-10T18:00:00+03:00
2026-08-11T09:00:00+03:00,412.801980907723,2026-08-10T18:00:00+03:00
2026-08-11T10:00:00+03:00,618.1551716231147,2026-08-10T18:00:00+03:00
2026-08-11T11:00:00+03:00,781.2505924839419,2026-08-10T18:00:00+03:00
2026-08-11T12:00:00+03:00,896.8911678544467,2026-08-10T18:00:00+03:00
2026-08-11T13:00:00+03:00,956.8583040119812,2026-08-10T18:00:00+03:00
2026-08-11T14:00:00+03:00,951.330492552911,2026-08-10T18:00:00+03:00
2026-08-11T15:00:00+03:00,877.3979932142257,2026-08-10T18:00:00+03:00
2026-08-11T16:00:00+03:00,731.9206866538419,2026-08-10T18:00:00+03:00
2026-08-11T17:00:00+03:00,583.0015888446219,2026-08-10T18:00:00+03:00
2026-08-11T18:00:00+03:00,389.3519910340208,2026-08-10T18:00:00+03:00
2026-08-11T19:00:00+03:00,175.5787088329115,2026-08-10T18:00:00+03:00
2026-08-11T20:00:00+03:00,29.278031350265262,2026-08-10T18:00:00+03:00
2026-08-11T21:00:00+03:00,0.3498118855586984,2026-08-10T18:00:00+03:00
2026-08-11T22:00:00+03:00,0.3498118855586984,2026-08-10T18:00:00+03:00
2026-08-11T23:00:00+03:00,0.3498118855586984,2026-08-10T18:00:00+03:00
2026-08-12T00:00:00+03:00,0.6020703148892341,2026-08-11T18:00:00+03:00
2026-08-12T01:00:00+03:00,0.2136272429006693,2026-08-11T18:00:00+03:00
2026-08-12T02:00:00+03:00,0.2136272429006693,2026-08-11T18:00:00+03:00
2026-08-12T03:00:00+03:00,0.0883798579474214,2026-08-11T18:00:00+03:00
2026-08-12T04:00:00+03:00,0.0883798579474214,2026-08-11T18:00:00+03:00
2026-08-12T05:00:00+03:00,0.0883798579474214,2026-08-11T18:00:00+03:00
2026-08-12T06:00:00+03:00,0.0883798579474214,2026-08-11T18:00:00+03:00
2026-08-12T07:00:00+03:00,39.0203685335149,2026-08-11T18:00:00+03:00
2026-08-12T08:00:00+03:00,205.28127940753575,2026-08-11T18:00:00+03:00
2026-08-12T09:00:00+03:00,409.7400585734369,2026-08-11T18:00:00+03:00
2026-08-12T10:00:00+03:00,608.8513059120253,2026-08-11T18:00:00+03:00
2026-08-12T11:00:00+03:00,771.5523472521314,2026-08-11T18:00:00+03:00
2026-08-12T12:00:00+03:00,891.485054242568,2026-08-11T18:00:00+03:00
2026-08-12T13:00:00+03:00,944.020141669679,2026-08-11T18:00:00+03:00
2026-08-12T14:00:00+03:00,944.7574716640408,2026-08-11T18:00:00+03:00
2026-08-12T15:00:00+03:00,868.6816634743276,2026-08-11T18:00:00+03:00
2026-08-12T16:00:00+03:00,740.8406012329207,2026-08-11T18:00:00+03:00
2026-08-12T17:00:00+03:00,572.896372864815,2026-08-11T18:00:00+03:00
2026-08-12T18:00:00+03:00,372.38422328894166,2026-08-11T18:00:00+03:00
2026-08-12T19:00:00+03:00,170.4038152910524,2026-08-11T18:00:00+03:00
2026-08-12T20:00:00+03:00,20.94580296913429,2026-08-11T18:00:00+03:00
2026-08-12T21:00:00+03:00,0.0883798579474214,2026-08-11T18:00:00+03:00
2026-08-12T22:00:00+03:00,0.0883798579474214,2026-08-11T18:00:00+03:00
2026-08-12T23:00:00+03:00,0.0883798579474214,2026-08-11T18:00:00+03:00
2026-08-13T00:00:00+03:00,0.0481101242562361,2026-08-12T18:00:00+03:00
2026-08-13T01:00:00+03:00,0.0481101242562361,2026-08-12T18:00:00+03:00
2026-08-13T02:00:00+03:00,0.0481101242562361,2026-08-12T18:00:00+03:00
2026-08-13T03:00:00+03:00,0.0481101242562361,2026-08-12T18:00:00+03:00
2026-08-13T04:00:00+03:00,0.0481101242562361,2026-08-12T18:00:00+03:00
2026-08-13T05:00:00+03:00,0.0481101242562361,2026-08-12T18:00:00+03:00
2026-08-13T06:00:00+03:00,0.0481101242562361,2026-08-12T18:00:00+03:00
2026-08-13T07:00:00+03:00,38.980098799823715,2026-08-12T18:00:00+03:00
2026-08-13T08:00:00+03:00,202.1893506268713,2026-08-12T18:00:00+03:00
2026-08-13T09:00:00+03:00,394.2222090846519,2026-08-12T18:00:00+03:00
2026-08-13T10:00:00+03:00,609.3366293579409,2026-08-12T18:00:00+03:00
2026-08-13T11:00:00+03:00,767.3860815107995,2026-08-12T18:00:00+03:00
2026-08-13T12:00:00+03:00,876.4607147654328,2026-08-12T18:00:00+03:00
2026-08-13T13:00:00+03:00,924.332678908297,2026-08-12T18:00:00+03:00
2026-08-13T14:00:00+03:00,919.884276059581,2026-08-12T18:00:00+03:00
2026-08-13T15:00:00+03:00,847.604378958521,2026-08-12T18:00:00+03:00
2026-08-13T16:00:00+03:00,731.7325131980124,2026-08-12T18:00:00+03:00
2026-08-13T17:00:00+03:00,552.3465340356246,2026-08-12T18:00:00+03:00
2026-08-13T18:00:00+03:00,367.77464888276654,2026-08-12T18:00:00+03:00
2026-08-13T19:00:00+03:00,172.32295324597854,2026-08-12T18:00:00+03:00
2026-08-13T20:00:00+03:00,19.259442671748864,2026-08-12T18:00:00+03:00
2026-08-13T21:00:00+03:00,0.5618005811980488,2026-08-12T18:00:00+03:00
2026-08-13T22:00:00+03:00,0.5618005811980488,2026-08-12T18:00:00+03:00
2026-08-13T23:00:00+03:00,0.0481101242562361,2026-08-12T18:00:00+03:00
2026-08-14T00:00:00+03:00,0.2373745829671477,2026-08-13T18:00:00+03:00
2026-08-14T01:00:00+03:00,0.2373745829671477,2026-08-13T18:00:00+03:00
2026-08-14T02:00:00+03:00,0.2373745829671477,2026-08-13T18:00:00+03:00
2026-08-14T03:00:00+03:00,0.2373745829671477,2026-08-13T18:00:00+03:00
2026-08-14T04:00:00+03:00,0.2373745829671477,2026-08-13T18:00:00+03:00
2026-08-14T05:00:00+03:00,0.2373745829671477,2026-08-13T18:00:00+03:00
2026-08-14T06:00:00+03:00,0.2373745829671477,2026-08-13T18:00:00+03:00
2026-08-14T07:00:00+03:00,38.47212744354748,2026-08-13T18:00:00+03:00
2026-08-14T08:00:00+03:00,202.827049551089,2026-08-13T18:00:00+03:00
2026-08-14T09:00:00+03:00,385.9104145362269,2026-08-13T18:00:00+03:00
2026-08-14T10:00:00+03:00,590.6889565642836,2026-08-13T18:00:00+03:00
2026-08-14T11:00:00+03:00,748.9242387131544,2026-08-13T18:00:00+03:00
2026-08-14T12:00:00+03:00,863.9625702121938,2026-08-13T18:00:00+03:00
2026-08-14T13:00:00+03:00,902.4110295219348,2026-08-13T18:00:00+03:00
2026-08-14T14:00:00+03:00,902.0716792501844,2026-08-13T18:00:00+03:00
2026-08-14T15:00:00+03:00,833.8694648793047,2026-08-13T18:00:00+03:00
2026-08-14T16:00:00+03:00,729.0280831315765,2026-08-13T18:00:00+03:00
2026-08-14T17:00:00+03:00,538.9824670429927,2026-08-13T18:00:00+03:00
2026-08-14T18:00:00+03:00,359.3303326340514,2026-08-13T18:00:00+03:00
2026-08-14T19:00:00+03:00,161.49637678996302,2026-08-13T18:00:00+03:00
2026-08-14T20:00:00+03:00,18.047184640586153,2026-08-13T18:00:00+03:00
2026-08-14T21:00:00+03:00,0.7510650399089606,2026-08-13T18:00:00+03:00
2026-08-14T22:00:00+03:00,0.7510650399089606,2026-08-13T18:00:00+03:00
2026-08-14T23:00:00+03:00,0.2373745829671477,2026-08-13T18:00:00+03:00
2026-08-15T00:00:00+03:00,0.7790737040847335,2026-08-14T18:00:00+03:00
2026-08-15T01:00:00+03:00,0.7790737040847335,2026-08-14T18:00:00+03:00
2026-08-15T02:00:00+03:00,0.7790737040847335,2026-08-14T18:00:00+03:00
2026-08-15T03:00:00+03:00,0.2653832471429209,2026-08-14T18:00:00+03:00
2026-08-15T04:00:00+03:00,0.2653832471429209,2026-08-14T18:00:00+03:00
2026-08-15T05:00:00+03:00,0.2653832471429209,2026-08-14T18:00:00+03:00
2026-08-15T06:00:00+03:00,0.2653832471429209,2026-08-14T18:00:00+03:00
2026-08-15T07:00:00+03:00,32.769606539869706,2026-08-14T18:00:00+03:00
2026-08-15T08:00:00+03:00,202.8493345531675,2026-08-14T18:00:00+03:00
2026-08-15T09:00:00+03:00,392.11192412003845,2026-08-14T18:00:00+03:00
2026-08-15T10:00:00+03:00,585.554322168326,2026-08-14T18:00:00+03:00
2026-08-15T11:00:00+03:00,725.7066306637413,2026-08-14T18:00:00+03:00
2026-08-15T12:00:00+03:00,830.13089383965,2026-08-14T18:00:00+03:00
2026-08-15T13:00:00+03:00,871.9663207810465,2026-08-14T18:00:00+03:00
2026-08-15T14:00:00+03:00,868.4796700558102,2026-08-14T18:00:00+03:00
2026-08-15T15:00:00+03:00,818.4391482639257,2026-08-14T18:00:00+03:00
2026-08-15T16:00:00+03:00,674.5058278262441,2026-08-14T18:00:00+03:00
2026-08-15T17:00:00+03:00,538.5720767133854,2026-08-14T18:00:00+03:00
2026-08-15T18:00:00+03:00,345.69359211630695,2026-08-14T18:00:00+03:00
2026-08-15T19:00:00+03:00,164.29353505180697,2026-08-14T18:00:00+03:00
2026-08-15T20:00:00+03:00,16.225470171386448,2026-08-14T18:00:00+03:00
2026-08-15T21:00:00+03:00,0.7790737040847335,2026-08-14T18:00:00+03:00
2026-08-15T22:00:00+03:00,1.025734829422473,2026-08-14T18:00:00+03:00
2026-08-15T23:00:00+03:00,0.7790737040847335,2026-08-14T18:00:00+03:00
2026-08-16T00:00:00+03:00,0.1761423535234362,2026-08-15T18:00:00+03:00
2026-08-16T01:00:00+03:00,0.1761423535234362,2026-08-15T18:00:00+03:00
2026-08-16T02:00:00+03:00,0.1761423535234362,2026-08-15T18:00:00+03:00
2026-08-16T03:00:00+03:00,0.1761423535234362,2026-08-15T18:00:00+03:00
2026-08-16T04:00:00+03:00,0.1761423535234362,2026-08-15T18:00:00+03:00
2026-08-16T05:00:00+03:00,0.1761423535234362,2026-08-15T18:00:00+03:00
2026-08-16T06:00:00+03:00,0.1761423535234362,2026-08-15T18:00:00+03:00
2026-08-16T07:00:00+03:00,33.83429592695398,2026-08-15T18:00:00+03:00
2026-08-16T08:00:00+03:00,190.6695185314836,2026-08-15T18:00:00+03:00
2026-08-16T09:00:00+03:00,381.2067644619394,2026-08-15T18:00:00+03:00
2026-08-16T10:00:00+03:00,589.3540383314371,2026-08-15T18:00:00+03:00
2026-08-16T11:00:00+03:00,761.1683187643956,2026-08-15T18:00:00+03:00
2026-08-16T12:00:00+03:00,828.2398626907616,2026-08-15T18:00:00+03:00
2026-08-16T13:00:00+03:00,889.3780468053728,2026-08-15T18:00:00+03:00
2026-08-16T14:00:00+03:00,876.2332550421461,2026-08-15T18:00:00+03:00
2026-08-16T15:00:00+03:00,849.681319634918,2026-08-15T18:00:00+03:00
2026-08-16T16:00:00+03:00,697.823539519668,2026-08-15T18:00:00+03:00
2026-08-16T17:00:00+03:00,549.549737013449,2026-08-15T18:00:00+03:00
2026-08-16T18:00:00+03:00,350.82062050744713,2026-08-15T18:00:00+03:00
2026-08-16T19:00:00+03:00,157.40045354806458,2026-08-15T18:00:00+03:00
2026-08-16T20:00:00+03:00,14.918252145938698,2026-08-15T18:00:00+03:00
2026-08-16T21:00:00+03:00,0.0,2026-08-15T18:00:00+03:00
2026-08-16T22:00:00+03:00,0.0,2026-08-15T18:00:00+03:00
2026-08-16T23:00:00+03:00,0.0,2026-08-15T18:00:00+03:00
2026-08-17T00:00:00+03:00,0.0883798579474214,2026-08-16T18:00:00+03:00
2026-08-17T01:00:00+03:00,0.3869398468413952,2026-08-16T18:00:00+03:00
2026-08-17T02:00:00+03:00,0.0883798579474214,2026-08-16T18:00:00+03:00
2026-08-17T03:00:00+03:00,0.0883798579474214,2026-08-16T18:00:00+03:00
2026-08-17T04:00:00+03:00,0.0883798579474214,2026-08-16T18:00:00+03:00
2026-08-17T05:00:00+03:00,0.3869398468413952,2026-08-16T18:00:00+03:00
2026-08-17T06:00:00+03:00,0.3869398468413952,2026-08-16T18:00:00+03:00
2026-08-17T07:00:00+03:00,33.591805702436346,2026-08-16T18:00:00+03:00
2026-08-17T08:00:00+03:00,192.55101878387637,2026-08-16T18:00:00+03:00
2026-08-17T09:00:00+03:00,379.38685186209665,2026-08-16T18:00:00+03:00
2026-08-17T10:00:00+03:00,607.13057968369,2026-08-16T18:00:00+03:00
2026-08-17T11:00:00+03:00,721.7536965104574,2026-08-16T18:00:00+03:00
2026-08-17T12:00:00+03:00,840.0264022092217,2026-08-16T18:00:00+03:00
2026-08-17T13:00:00+03:00,882.18504836776,2026-08-16T18:00:00+03:00
2026-08-17T14:00:00+03:00,884.6095962193232,2026-08-16T18:00:00+03:00
2026-08-17T15:00:00+03:00,845.1684180492352,2026-08-16T18:00:00+03:00
2026-08-17T16:00:00+03:00,717.2998137084901,2026-08-16T18:00:00+03:00
2026-08-17T17:00:00+03:00,518.8360719170862,2026-08-16T18:00:00+03:00
2026-08-17T18:00:00+03:00,351.59753276597496,2026-08-16T18:00:00+03:00
2026-08-17T19:00:00+03:00,155.68045742304577,2026-08-16T18:00:00+03:00
2026-08-17T20:00:00+03:00,16.04846678219095,2026-08-16T18:00:00+03:00
2026-08-17T21:00:00+03:00,0.6020703148892341,2026-08-16T18:00:00+03:00
2026-08-17T22:00:00+03:00,0.6020703148892341,2026-08-16T18:00:00+03:00
2026-08-17T23:00:00+03:00,0.6020703148892341,2026-08-16T18:00:00+03:00
2026-08-18T00:00:00+03:00,0.7309386992168463,2026-08-17T18:00:00+03:00
2026-08-18T01:00:00+03:00,0.7309386992168463,2026-08-17T18:00:00+03:00
2026-08-18T02:00:00+03:00,0.7309386992168463,2026-08-17T18:00:00+03:00
2026-08-18T03:00:00+03:00,0.7309386992168463,2026-08-17T18:00:00+03:00
2026-08-18T04:00:00+03:00,0.7309386992168463,2026-08-17T18:00:00+03:00
2026-08-18T05:00:00+03:00,0.7309386992168463,2026-08-17T18:00:00+03:00
2026-08-18T06:00:00+03:00,0.7309386992168463,2026-08-17T18:00:00+03:00
2026-08-18T07:00:00+03:00,33.42575820988828,2026-08-17T18:00:00+03:00
2026-08-18T08:00:00+03:00,180.77439043135377,2026-08-17T18:00:00+03:00
2026-08-18T09:00:00+03:00,375.34510103288414,2026-08-17T18:00:00+03:00
2026-08-18T10:00:00+03:00,582.7310052230879,2026-08-17T18:00:00+03:00
2026-08-18T11:00:00+03:00,713.4344302599977,2026-08-17T18:00:00+03:00
2026-08-18T12:00:00+03:00,854.3979771798064,2026-08-17T18:00:00+03:00
2026-08-18T13:00:00+03:00,896.6421007883612,2026-08-17T18:00:00+03:00
2026-08-18T14:00:00+03:00,897.0957143677401,2026-08-17T18:00:00+03:00
2026-08-18T15:00:00+03:00,825.006425940378,2026-08-17T18:00:00+03:00
2026-08-18T16:00:00+03:00,694.6457795564515,2026-08-17T18:00:00+03:00
2026-08-18T17:00:00+03:00,529.5016105756335,2026-08-17T18:00:00+03:00
2026-08-18T18:00:00+03:00,348.32778643117535,2026-08-17T18:00:00+03:00
2026-08-18T19:00:00+03:00,161.8543071891912,2026-08-17T18:00:00+03:00
2026-08-18T20:00:00+03:00,16.45114402729998,2026-08-17T18:00:00+03:00
2026-08-18T21:00:00+03:00,1.0047475599982585,2026-08-17T18:00:00+03:00
2026-08-18T22:00:00+03:00,1.0047475599982585,2026-08-17T18:00:00+03:00
2026-08-18T23:00:00+03:00,1.0047475599982585,2026-08-17T18:00:00+03:00
2026-08-19T00:00:00+03:00,0.4018162094369608,2026-08-18T18:00:00+03:00
2026-08-19T01:00:00+03:00,0.4018162094369608,2026-08-18T18:00:00+03:00
2026-08-19T02:00:00+03:00,0.4018162094369608,2026-08-18T18:00:00+03:00
2026-08-19T03:00:00+03:00,0.4018162094369608,2026-08-18T18:00:00+03:00
2026-08-19T04:00:00+03:00,0.4228034788611756,2026-08-18T18:00:00+03:00
2026-08-19T05:00:00+03:00,0.4018162094369608,2026-08-18T18:00:00+03:00
2026-08-19T06:00:00+03:00,0.4018162094369608,2026-08-18T18:00:00+03:00
2026-08-19T07:00:00+03:00,28.825085432991063,2026-08-18T18:00:00+03:00
2026-08-19T08:00:00+03:00,182.15006699389755,2026-08-18T18:00:00+03:00
2026-08-19T09:00:00+03:00,367.4470443232027,2026-08-18T18:00:00+03:00
2026-08-19T10:00:00+03:00,572.8224320130322,2026-08-18T18:00:00+03:00
2026-08-19T11:00:00+03:00,715.3517801396554,2026-08-18T18:00:00+03:00
2026-08-19T12:00:00+03:00,843.157255812313,2026-08-18T18:00:00+03:00
2026-08-19T13:00:00+03:00,879.2685956864359,2026-08-18T18:00:00+03:00
2026-08-19T14:00:00+03:00,876.9153872166676,2026-08-18T18:00:00+03:00
2026-08-19T15:00:00+03:00,782.0326844842107,2026-08-18T18:00:00+03:00
2026-08-19T16:00:00+03:00,676.4979730230417,2026-08-18T18:00:00+03:00
2026-08-19T17:00:00+03:00,572.9889669032269,2026-08-18T18:00:00+03:00
2026-08-19T18:00:00+03:00,325.1654016485545,2026-08-18T18:00:00+03:00
2026-08-19T19:00:00+03:00,145.08763900962262,2026-08-18T18:00:00+03:00
2026-08-19T20:00:00+03:00,12.89722924354354,2026-08-18T18:00:00+03:00
2026-08-19T21:00:00+03:00,0.1761423535234362,2026-08-18T18:00:00+03:00
2026-08-19T22:00:00+03:00,0.0,2026-08-18T18:00:00+03:00
2026-08-19T23:00:00+03:00,0.0,2026-08-18T18:00:00+03:00
2026-08-20T00:00:00+03:00,0.3350409832851606,2026-08-19T18:00:00+03:00
2026-08-20T01:00:00+03:00,0.3350409832851606,2026-08-19T18:00:00+03:00
2026-08-20T02:00:00+03:00,0.3140537138609458,2026-08-19T18:00:00+03:00
2026-08-20T03:00:00+03:00,0.3140537138609458,2026-08-19T18:00:00+03:00
2026-08-20T04:00:00+03:00,0.3140537138609458,2026-08-19T18:00:00+03:00
2026-08-20T05:00:00+03:00,0.8277441708027586,2026-08-19T18:00:00+03:00
2026-08-20T06:00:00+03:00,0.8277441708027586,2026-08-19T18:00:00+03:00
2026-08-20T07:00:00+03:00,30.11013766523734,2026-08-19T18:00:00+03:00
2026-08-20T08:00:00+03:00,188.2657327684449,2026-08-19T18:00:00+03:00
2026-08-20T09:00:00+03:00,385.0430045239664,2026-08-19T18:00:00+03:00
2026-08-20T10:00:00+03:00,567.032547136454,2026-08-19T18:00:00+03:00
2026-08-20T11:00:00+03:00,727.8989187613475,2026-08-19T18:00:00+03:00
2026-08-20T12:00:00+03:00,814.3684933498939,2026-08-19T18:00:00+03:00
2026-08-20T13:00:00+03:00,880.6333912580061,2026-08-19T18:00:00+03:00
2026-08-20T14:00:00+03:00,866.2093241979586,2026-08-19T18:00:00+03:00
2026-08-20T15:00:00+03:00,801.5524963878239,2026-08-19T18:00:00+03:00
2026-08-20T16:00:00+03:00,715.0849730352055,2026-08-19T18:00:00+03:00
2026-08-20T17:00:00+03:00,523.5858407860907,2026-08-19T18:00:00+03:00
2026-08-20T18:00:00+03:00,313.0302101369648,2026-08-19T18:00:00+03:00
2026-08-20T19:00:00+03:00,136.08151103060098,2026-08-19T18:00:00+03:00
2026-08-20T20:00:00+03:00,13.766314248152714,2026-08-19T18:00:00+03:00
2026-08-20T21:00:00+03:00,0.6020703148892341,2026-08-19T18:00:00+03:00
2026-08-20T22:00:00+03:00,0.6020703148892341,2026-08-19T18:00:00+03:00
2026-08-20T23:00:00+03:00,0.6020703148892341,2026-08-19T18:00:00+03:00
2026-08-21T00:00:00+03:00,0.6020703148892341,2026-08-20T18:00:00+03:00
2026-08-21T01:00:00+03:00,0.6020703148892341,2026-08-20T18:00:00+03:00
2026-08-21T02:00:00+03:00,0.6020703148892341,2026-08-20T18:00:00+03:00
2026-08-21T03:00:00+03:00,0.6020703148892341,2026-08-20T18:00:00+03:00
2026-08-21T04:00:00+03:00,0.6020703148892341,2026-08-20T18:00:00+03:00
2026-08-21T05:00:00+03:00,0.6020703148892341,2026-08-20T18:00:00+03:00
2026-08-21T06:00:00+03:00,0.6020703148892341,2026-08-20T18:00:00+03:00
2026-08-21T07:00:00+03:00,30.80946744525281,2026-08-20T18:00:00+03:00
2026-08-21T08:00:00+03:00,175.1719119411904,2026-08-20T18:00:00+03:00
2026-08-21T09:00:00+03:00,372.7123215270483,2026-08-20T18:00:00+03:00
2026-08-21T10:00:00+03:00,564.5976426835422,2026-08-20T18:00:00+03:00
2026-08-21T11:00:00+03:00,737.0565662424164,2026-08-20T18:00:00+03:00
2026-08-21T12:00:00+03:00,844.8369469987639,2026-08-20T18:00:00+03:00
2026-08-21T13:00:00+03:00,895.9585728649895,2026-08-20T18:00:00+03:00
2026-08-21T14:00:00+03:00,885.2290914229192,2026-08-20T18:00:00+03:00
2026-08-21T15:00:00+03:00,818.176106718841,2026-08-20T18:00:00+03:00
2026-08-21T16:00:00+03:00,708.9027938916976,2026-08-20T18:00:00+03:00
2026-08-21T17:00:00+03:00,503.2851355070193,2026-08-20T18:00:00+03:00
2026-08-21T18:00:00+03:00,324.4276203207827,2026-08-20T18:00:00+03:00
2026-08-21T19:00:00+03:00,137.0448450933601,2026-08-20T18:00:00+03:00
2026-08-21T20:00:00+03:00,13.323157204909338,2026-08-20T18:00:00+03:00
2026-08-21T21:00:00+03:00,0.0883798579474214,2026-08-20T18:00:00+03:00
2026-08-21T22:00:00+03:00,0.0883798579474214,2026-08-20T18:00:00+03:00
2026-08-21T23:00:00+03:00,0.0883798579474214,2026-08-20T18:00:00+03:00
2026-08-22T00:00:00+03:00,0.0481101242562361,2026-08-21T18:00:00+03:00
2026-08-22T01:00:00+03:00,0.0481101242562361,2026-08-21T18:00:00+03:00
2026-08-22T02:00:00+03:00,0.34667011315021,2026-08-21T18:00:00+03:00
2026-08-22T03:00:00+03:00,0.3256828437259952,2026-08-21T18:00:00+03:00
2026-08-22T04:00:00+03:00,0.3256828437259952,2026-08-21T18:00:00+03:00
2026-08-22T05:00:00+03:00,0.3256828437259952,2026-08-21T18:00:00+03:00
2026-08-22T06:00:00+03:00,0.3256828437259952,2026-08-21T18:00:00+03:00
2026-08-22T07:00:00+03:00,29.99651941014914,2026-08-21T18:00:00+03:00
2026-08-22T08:00:00+03:00,182.68040862425417,2026-08-21T18:00:00+03:00
2026-08-22T09:00:00+03:00,380.21098684213774,2026-08-21T18:00:00+03:00
2026-08-22T10:00:00+03:00,583.6295303998114,2026-08-21T18:00:00+03:00
2026-08-22T11:00:00+03:00,733.7029778450691,2026-08-21T18:00:00+03:00
2026-08-22T12:00:00+03:00,842.0258982109393,2026-08-21T18:00:00+03:00
2026-08-22T13:00:00+03:00,887.6835314815263,2026-08-21T18:00:00+03:00
2026-08-22T14:00:00+03:00,891.8771109789191,2026-08-21T18:00:00+03:00
2026-08-22T15:00:00+03:00,843.0040328147413,2026-08-21T18:00:00+03:00
2026-08-22T16:00:00+03:00,721.4783130209338,2026-08-21T18:00:00+03:00
2026-08-22T17:00:00+03:00,513.3186792065128,2026-08-21T18:00:00+03:00
2026-08-22T18:00:00+03:00,342.70784071025537,2026-08-21T18:00:00+03:00
2026-08-22T19:00:00+03:00,134.1732704960486,2026-08-21T18:00:00+03:00
2026-08-22T20:00:00+03:00,10.875897857846155,2026-08-21T18:00:00+03:00
2026-08-22T21:00:00+03:00,0.0481101242562361,2026-08-21T18:00:00+03:00
2026-08-22T22:00:00+03:00,0.0481101242562361,2026-08-21T18:00:00+03:00
2026-08-22T23:00:00+03:00,0.0481101242562361,2026-08-21T18:00:00+03:00
2026-08-23T00:00:00+03:00,0.2653832471429209,2026-08-22T18:00:00+03:00
2026-08-23T01:00:00+03:00,0.2653832471429209,2026-08-22T18:00:00+03:00
2026-08-23T02:00:00+03:00,0.2653832471429209,2026-08-22T18:00:00+03:00
2026-08-23T03:00:00+03:00,0.2653832471429209,2026-08-22T18:00:00+03:00
2026-08-23T04:00:00+03:00,0.2653832471429209,2026-08-22T18:00:00+03:00
2026-08-23T05:00:00+03:00,0.2653832471429209,2026-08-22T18:00:00+03:00
2026-08-23T06:00:00+03:00,0.2653832471429209,2026-08-22T18:00:00+03:00
2026-08-23T07:00:00+03:00,29.193602711849483,2026-08-22T18:00:00+03:00
2026-08-23T08:00:00+03:00,180.9270209468524,2026-08-22T18:00:00+03:00
2026-08-23T09:00:00+03:00,387.9525142160837,2026-08-22T18:00:00+03:00
2026-08-23T10:00:00+03:00,596.4521707712132,2026-08-22T18:00:00+03:00
2026-08-23T11:00:00+03:00,748.9722602526482,2026-08-22T18:00:00+03:00
2026-08-23T12:00:00+03:00,866.639985662656,2026-08-22T18:00:00+03:00
2026-08-23T13:00:00+03:00,912.070461348896,2026-08-22T18:00:00+03:00
2026-08-23T14:00:00+03:00,903.586121254501,2026-08-22T18:00:00+03:00
2026-08-23T15:00:00+03:00,827.1288010657273,2026-08-22T18:00:00+03:00
2026-08-23T16:00:00+03:00,713.7791314399983,2026-08-22T18:00:00+03:00
2026-08-23T17:00:00+03:00,529.0271535898312,2026-08-22T18:00:00+03:00
2026-08-23T18:00:00+03:00,341.37044863953946,2026-08-22T18:00:00+03:00
2026-08-23T19:00:00+03:00,134.18004402334205,2026-08-22T18:00:00+03:00
2026-08-23T20:00:00+03:00,8.554846029580677,2026-08-22T18:00:00+03:00
2026-08-23T21:00:00+03:00,0.2653832471429209,2026-08-22T18:00:00+03:00
2026-08-23T22:00:00+03:00,0.2653832471429209,2026-08-22T18:00:00+03:00
2026-08-23T23:00:00+03:00,0.7790737040847335,2026-08-22T18:00:00+03:00
2026-08-24T00:00:00+03:00,0.0883798579474214,2026-08-23T18:00:00+03:00
2026-08-24T01:00:00+03:00,0.0883798579474214,2026-08-23T18:00:00+03:00
2026-08-24T02:00:00+03:00,0.0883798579474214,2026-08-23T18:00:00+03:00
2026-08-24T03:00:00+03:00,0.0883798579474214,2026-08-23T18:00:00+03:00
2026-08-24T04:00:00+03:00,0.0883798579474214,2026-08-23T18:00:00+03:00
2026-08-24T05:00:00+03:00,0.0883798579474214,2026-08-23T18:00:00+03:00
2026-08-24T06:00:00+03:00,0.0883798579474214,2026-08-23T18:00:00+03:00
2026-08-24T07:00:00+03:00,29.01659932265398,2026-08-23T18:00:00+03:00
2026-08-24T08:00:00+03:00,180.61349147814695,2026-08-23T18:00:00+03:00
2026-08-24T09:00:00+03:00,387.56506911269435,2026-08-23T18:00:00+03:00
2026-08-24T10:00:00+03:00,593.6527907285657,2026-08-23T18:00:00+03:00
2026-08-24T11:00:00+03:00,731.8948991056908,2026-08-23T18:00:00+03:00
2026-08-24T12:00:00+03:00,860.3008364570383,2026-08-23T18:00:00+03:00
2026-08-24T13:00:00+03:00,897.5416744217918,2026-08-23T18:00:00+03:00
2026-08-24T14:00:00+03:00,895.7646896895554,2026-08-23T18:00:00+03:00
2026-08-24T15:00:00+03:00,833.6582155326199,2026-08-23T18:00:00+03:00
2026-08-24T16:00:00+03:00,718.2888624825039,2026-08-23T18:00:00+03:00
2026-08-24T17:00:00+03:00,538.4325495590208,2026-08-23T18:00:00+03:00
2026-08-24T18:00:00+03:00,339.8092062442898,2026-08-23T18:00:00+03:00
2026-08-24T19:00:00+03:00,133.0968789637773,2026-08-23T18:00:00+03:00
2026-08-24T20:00:00+03:00,8.377842640385179,2026-08-23T18:00:00+03:00
2026-08-24T21:00:00+03:00,0.0883798579474214,2026-08-23T18:00:00+03:00
2026-08-24T22:00:00+03:00,0.0883798579474214,2026-08-23T18:00:00+03:00
2026-08-24T23:00:00+03:00,0.0883798579474214,2026-08-23T18:00:00+03:00
2026-08-25T00:00:00+03:00,0.0,2026-08-24T18:00:00+03:00
2026-08-25T01:00:00+03:00,0.0,2026-08-24T18:00:00+03:00
2026-08-25T02:00:00+03:00,0.0,2026-08-24T18:00:00+03:00
2026-08-25T03:00:00+03:00,0.1761423535234362,2026-08-24T18:00:00+03:00
2026-08-25T04:00:00+03:00,0.1761423535234362,2026-08-24T18:00:00+03:00
2026-08-25T05:00:00+03:00,0.1761423535234362,2026-08-24T18:00:00+03:00
2026-08-25T06:00:00+03:00,0.1761423535234362,2026-08-24T18:00:00+03:00
2026-08-25T07:00:00+03:00,29.42020542112789,2026-08-24T18:00:00+03:00
2026-08-25T08:00:00+03:00,179.86046315805683,2026-08-24T18:00:00+03:00
2026-08-25T09:00:00+03:00,389.80655533242543,2026-08-24T18:00:00+03:00
2026-08-25T10:00:00+03:00,574.0412006029507,2026-08-24T18:00:00+03:00
2026-08-25T11:00:00+03:00,747.1725913856261,2026-08-24T18:00:00+03:00
2026-08-25T12:00:00+03:00,861.8089340688281,2026-08-24T18:00:00+03:00
2026-08-25T13:00:00+03:00,907.5068574358144,2026-08-24T18:00:00+03:00
2026-08-25T14:00:00+03:00,899.0613701842381,2026-08-24T18:00:00+03:00
2026-08-25T15:00:00+03:00,828.0899755818222,2026-08-24T18:00:00+03:00
2026-08-25T16:00:00+03:00,713.0589582438901,2026-08-24T18:00:00+03:00
2026-08-25T17:00:00+03:00,538.1143360166718,2026-08-24T18:00:00+03:00
2026-08-25T18:00:00+03:00,339.72623637806436,2026-08-24T18:00:00+03:00
2026-08-25T19:00:00+03:00,133.10883287601882,2026-08-24T18:00:00+03:00
2026-08-25T20:00:00+03:00,5.256489265485554,2026-08-24T18:00:00+03:00
2026-08-25T21:00:00+03:00,0.0,2026-08-24T18:00:00+03:00
2026-08-25T22:00:00+03:00,0.1761423535234362,2026-08-24T18:00:00+03:00
2026-08-25T23:00:00+03:00,0.1761423535234362,2026-08-24T18:00:00+03:00
2026-08-26T00:00:00+03:00,0.6020703148892341,2026-08-25T18:00:00+03:00
2026-08-26T01:00:00+03:00,0.6020703148892341,2026-08-25T18:00:00+03:00
2026-08-26T02:00:00+03:00,0.6020703148892341,2026-08-25T18:00:00+03:00
2026-08-26T03:00:00+03:00,0.6020703148892341,2026-08-25T18:00:00+03:00
2026-08-26T04:00:00+03:00,0.6020703148892341,2026-08-25T18:00:00+03:00
2026-08-26T05:00:00+03:00,0.3350409832851606,2026-08-25T18:00:00+03:00
2026-08-26T06:00:00+03:00,0.3350409832851606,2026-08-25T18:00:00+03:00
2026-08-26T07:00:00+03:00,21.914093926764405,2026-08-25T18:00:00+03:00
2026-08-26T08:00:00+03:00,173.09680091355094,2026-08-25T18:00:00+03:00
2026-08-26T09:00:00+03:00,375.0307066750353,2026-08-25T18:00:00+03:00
2026-08-26T10:00:00+03:00,563.5540800072931,2026-08-25T18:00:00+03:00
2026-08-26T11:00:00+03:00,724.8079010066826,2026-08-25T18:00:00+03:00
2026-08-26T12:00:00+03:00,855.4759797803041,2026-08-25T18:00:00+03:00
2026-08-26T13:00:00+03:00,908.5953359764836,2026-08-25T18:00:00+03:00
2026-08-26T14:00:00+03:00,888.3781397888592,2026-08-25T18:00:00+03:00
2026-08-26T15:00:00+03:00,790.5958088642425,2026-08-25T18:00:00+03:00
2026-08-26T16:00:00+03:00,686.4447341206711,2026-08-25T18:00:00+03:00
2026-08-26T17:00:00+03:00,535.7461229107499,2026-08-25T18:00:00+03:00
2026-08-26T18:00:00+03:00,307.174164398623,2026-08-25T18:00:00+03:00
2026-08-26T19:00:00+03:00,134.17522957050568,2026-08-25T18:00:00+03:00
2026-08-26T20:00:00+03:00,5.68241722685135,2026-08-25T18:00:00+03:00
2026-08-26T21:00:00+03:00,0.2136272429006693,2026-08-25T18:00:00+03:00
2026-08-26T22:00:00+03:00,0.0883798579474214,2026-08-25T18:00:00+03:00
2026-08-26T23:00:00+03:00,0.3350409832851606,2026-08-25T18:00:00+03:00
2026-08-27T00:00:00+03:00,0.8603605700920229,2026-08-26T18:00:00+03:00
2026-08-27T01:00:00+03:00,0.8393733006678081,2026-08-26T18:00:00+03:00
2026-08-27T02:00:00+03:00,0.8603605700920229,2026-08-26T18:00:00+03:00
2026-08-27T03:00:00+03:00,0.5618005811980488,2026-08-26T18:00:00+03:00
2026-08-27T04:00:00+03:00,0.5618005811980488,2026-08-26T18:00:00+03:00
2026-08-27T05:00:00+03:00,0.5618005811980488,2026-08-26T18:00:00+03:00
2026-08-27T06:00:00+03:00,0.173357509209484,2026-08-26T18:00:00+03:00
2026-08-27T07:00:00+03:00,18.42990861190916,2026-08-26T18:00:00+03:00
2026-08-27T08:00:00+03:00,174.78849310301436,2026-08-26T18:00:00+03:00
2026-08-27T09:00:00+03:00,371.99218449673,2026-08-26T18:00:00+03:00
2026-08-27T10:00:00+03:00,555.0845906346336,2026-08-26T18:00:00+03:00
2026-08-27T11:00:00+03:00,728.4613569841987,2026-08-26T18:00:00+03:00
2026-08-27T12:00:00+03:00,829.9570971326469,2026-08-26T18:00:00+03:00
2026-08-27T13:00:00+03:00,904.0444318622596,2026-08-26T18:00:00+03:00
2026-08-27T14:00:00+03:00,876.5220331439989,2026-08-26T18:00:00+03:00
2026-08-27T15:00:00+03:00,803.5304183396362,2026-08-26T18:00:00+03:00
2026-08-27T16:00:00+03:00,688.6831966761861,2026-08-26T18:00:00+03:00
2026-08-27T17:00:00+03:00,507.5501423776868,2026-08-26T18:00:00+03:00
2026-08-27T18:00:00+03:00,303.73858374539327,2026-08-26T18:00:00+03:00
2026-08-27T19:00:00+03:00,130.51339613829234,2026-08-26T18:00:00+03:00
2026-08-27T20:00:00+03:00,5.516900108206918,2026-08-26T18:00:00+03:00
2026-08-27T21:00:00+03:00,0.0481101242562361,2026-08-26T18:00:00+03:00
2026-08-27T22:00:00+03:00,0.0481101242562361,2026-08-26T18:00:00+03:00
2026-08-27T23:00:00+03:00,0.0481101242562361,2026-08-26T18:00:00+03:00
2026-08-28T00:00:00+03:00,0.0,2026-08-27T18:00:00+03:00
2026-08-28T01:00:00+03:00,0.0,2026-08-27T18:00:00+03:00
2026-08-28T02:00:00+03:00,0.0,2026-08-27T18:00:00+03:00
2026-08-28T03:00:00+03:00,0.0,2026-08-27T18:00:00+03:00
2026-08-28T04:00:00+03:00,0.0,2026-08-27T18:00:00+03:00
2026-08-28T05:00:00+03:00,0.0,2026-08-27T18:00:00+03:00
2026-08-28T06:00:00+03:00,0.0,2026-08-27T18:00:00+03:00
2026-08-28T07:00:00+03:00,17.77288673607094,2026-08-27T18:00:00+03:00
2026-08-28T08:00:00+03:00,172.2567993275299,2026-08-27T18:00:00+03:00
2026-08-28T09:00:00+03:00,367.69655690599103,2026-08-27T18:00:00+03:00
2026-08-28T10:00:00+03:00,546.0945681718457,2026-08-27T18:00:00+03:00
2026-08-28T11:00:00+03:00,716.6563934046833,2026-08-27T18:00:00+03:00
2026-08-28T12:00:00+03:00,824.8330640838757,2026-08-27T18:00:00+03:00
2026-08-28T13:00:00+03:00,891.2041539017541,2026-08-27T18:00:00+03:00
2026-08-28T14:00:00+03:00,884.0854746961123,2026-08-27T18:00:00+03:00
2026-08-28T15:00:00+03:00,827.5681572515537,2026-08-27T18:00:00+03:00
2026-08-28T16:00:00+03:00,669.5380672705797,2026-08-27T18:00:00+03:00
2026-08-28T17:00:00+03:00,495.6288878351605,2026-08-27T18:00:00+03:00
2026-08-28T18:00:00+03:00,300.849089992382,2026-08-27T18:00:00+03:00
2026-08-28T19:00:00+03:00,129.85637426245412,2026-08-27T18:00:00+03:00
2026-08-28T20:00:00+03:00,3.2378904549690453,2026-08-27T18:00:00+03:00
2026-08-28T21:00:00+03:00,0.0,2026-08-27T18:00:00+03:00
2026-08-28T22:00:00+03:00,0.0,2026-08-27T18:00:00+03:00
2026-08-28T23:00:00+03:00,0.0,2026-08-27T18:00:00+03:00
2026-08-29T00:00:00+03:00,0.0,2026-08-28T18:00:00+03:00
2026-08-29T01:00:00+03:00,0.0,2026-08-28T18:00:00+03:00
2026-08-29T02:00:00+03:00,0.0,2026-08-28T18:00:00+03:00
2026-08-29T03:00:00+03:00,0.0,2026-08-28T18:00:00+03:00
2026-08-29T04:00:00+03:00,0.0,2026-08-28T18:00:00+03:00
2026-08-29T05:00:00+03:00,0.0,2026-08-28T18:00:00+03:00
2026-08-29T06:00:00+03:00,0.0,2026-08-28T18:00:00+03:00
2026-08-29T07:00:00+03:00,14.089118613101068,2026-08-28T18:00:00+03:00
2026-08-29T08:00:00+03:00,169.2343243775648,2026-08-28T18:00:00+03:00
2026-08-29T09:00:00+03:00,360.9006371283179,2026-08-28T18:00:00+03:00
2026-08-29T10:00:00+03:00,559.6371782786339,2026-08-28T18:00:00+03:00
2026-08-29T11:00:00+03:00,717.0494346720282,2026-08-28T18:00:00+03:00
2026-08-29T12:00:00+03:00,828.8466797774331,2026-08-28T18:00:00+03:00
2026-08-29T13:00:00+03:00,891.7897651005525,2026-08-28T18:00:00+03:00
2026-08-29T14:00:00+03:00,883.7350359593527,2026-08-28T18:00:00+03:00
2026-08-29T15:00:00+03:00,789.6897312846291,2026-08-28T18:00:00+03:00
2026-08-29T16:00:00+03:00,669.8797476019998,2026-08-28T18:00:00+03:00
2026-08-29T17:00:00+03:00,500.6383561938521,2026-08-28T18:00:00+03:00
2026-08-29T18:00:00+03:00,304.92037127025105,2026-08-28T18:00:00+03:00
2026-08-29T19:00:00+03:00,132.71681166117912,2026-08-28T18:00:00+03:00
2026-08-29T20:00:00+03:00,5.635221679884638,2026-08-28T18:00:00+03:00
2026-08-29T21:00:00+03:00,0.0,2026-08-28T18:00:00+03:00
2026-08-29T22:00:00+03:00,0.0,2026-08-28T18:00:00+03:00
2026-08-29T23:00:00+03:00,1.6631720883803591,2026-08-28T18:00:00+03:00
2026-08-30T00:00:00+03:00,2.306373172632841,2026-08-29T18:00:00+03:00
2026-08-30T01:00:00+03:00,2.306373172632841,2026-08-29T18:00:00+03:00
2026-08-30T02:00:00+03:00,2.306373172632841,2026-08-29T18:00:00+03:00
2026-08-30T03:00:00+03:00,0.0,2026-08-29T18:00:00+03:00
2026-08-30T04:00:00+03:00,0.0,2026-08-29T18:00:00+03:00
2026-08-30T05:00:00+03:00,0.0,2026-08-29T18:00:00+03:00
2026-08-30T06:00:00+03:00,0.2365948029174128,2026-08-29T18:00:00+03:00
2026-08-30T07:00:00+03:00,16.688616225937572,2026-08-29T18:00:00+03:00
2026-08-30T08:00:00+03:00,166.03181151602112,2026-08-29T18:00:00+03:00
2026-08-30T09:00:00+03:00,360.2974172914184,2026-08-29T18:00:00+03:00
2026-08-30T10:00:00+03:00,558.1635960754604,2026-08-29T18:00:00+03:00
2026-08-30T11:00:00+03:00,702.4213741811972,2026-08-29T18:00:00+03:00
2026-08-30T12:00:00+03:00,788.3213564439558,2026-08-29T18:00:00+03:00
2026-08-30T13:00:00+03:00,824.4476392462999,2026-08-29T18:00:00+03:00
2026-08-30T14:00:00+03:00,847.879380760977,2026-08-29T18:00:00+03:00
2026-08-30T15:00:00+03:00,795.8980141203314,2026-08-29T18:00:00+03:00
2026-08-30T16:00:00+03:00,659.853735171401,2026-08-29T18:00:00+03:00
2026-08-30T17:00:00+03:00,504.2549421991034,2026-08-29T18:00:00+03:00
2026-08-30T18:00:00+03:00,301.5110470041783,2026-08-29T18:00:00+03:00
2026-08-30T19:00:00+03:00,116.28363745496031,2026-08-29T18:00:00+03:00
2026-08-30T20:00:00+03:00,1.950820824484496,2026-08-29T18:00:00+03:00
2026-08-30T21:00:00+03:00,0.0,2026-08-29T18:00:00+03:00
2026-08-30T22:00:00+03:00,0.0,2026-08-29T18:00:00+03:00
2026-08-30T23:00:00+03:00,0.1151810625329216,2026-08-29T18:00:00+03:00
2026-08-31T00:00:00+03:00,0.0743623159954512,2026-08-30T18:00:00+03:00
2026-08-31T01:00:00+03:00,0.0743623159954512,2026-08-30T18:00:00+03:00
2026-08-31T02:00:00+03:00,0.0743623159954512,2026-08-30T18:00:00+03:00
2026-08-31T03:00:00+03:00,0.1996097009486991,2026-08-30T18:00:00+03:00
2026-08-31T04:00:00+03:00,0.0743623159954512,2026-08-30T18:00:00+03:00
2026-08-31T05:00:00+03:00,0.482477825862637,2026-08-30T18:00:00+03:00
2026-08-31T06:00:00+03:00,0.482477825862637,2026-08-30T18:00:00+03:00
2026-08-31T07:00:00+03:00,15.92887429316435,2026-08-30T18:00:00+03:00
2026-08-31T08:00:00+03:00,153.68966247990224,2026-08-30T18:00:00+03:00
2026-08-31T09:00:00+03:00,332.59655652877626,2026-08-30T18:00:00+03:00
2026-08-31T10:00:00+03:00,564.5495614786736,2026-08-30T18:00:00+03:00
2026-08-31T11:00:00+03:00,712.85481089174,2026-08-30T18:00:00+03:00
2026-08-31T12:00:00+03:00,775.4269320204147,2026-08-30T18:00:00+03:00
2026-08-31T13:00:00+03:00,799.2597664998062,2026-08-30T18:00:00+03:00
2026-08-31T14:00:00+03:00,831.8866573334117,2026-08-30T18:00:00+03:00
2026-08-31T15:00:00+03:00,784.2063175139808,2026-08-30T18:00:00+03:00
2026-08-31T16:00:00+03:00,649.2330547888984,2026-08-30T18:00:00+03:00
2026-08-31T17:00:00+03:00,490.2802665060871,2026-08-30T18:00:00+03:00
2026-08-31T18:00:00+03:00,299.9043907098662,2026-08-30T18:00:00+03:00
2026-08-31T19:00:00+03:00,111.58583738953357,2026-08-30T18:00:00+03:00
2026-08-31T20:00:00+03:00,3.8897157738963544,2026-08-30T18:00:00+03:00
2026-08-31T21:00:00+03:00,2.798917320915805,2026-08-30T18:00:00+03:00
2026-08-31T22:00:00+03:00,2.798917320915805,2026-08-30T18:00:00+03:00
2026-08-31T23:00:00+03:00,2.516049196001867,2026-08-30T18:00:00+03:00
2026-09-01T00:00:00+03:00,0.1922821646789104,2026-08-31T18:00:00+03:00
2026-09-01T01:00:00+03:00,0.1922821646789104,2026-08-31T18:00:00+03:00
2026-09-01T02:00:00+03:00,0.1922821646789104,2026-08-31T18:00:00+03:00
2026-09-01T03:00:00+03:00,0.1922821646789104,2026-08-31T18:00:00+03:00
2026-09-01T04:00:00+03:00,0.1922821646789104,2026-08-31T18:00:00+03:00
2026-09-01T05:00:00+03:00,0.1922821646789104,2026-08-31T18:00:00+03:00
2026-09-01T06:00:00+03:00,0.5432034055456827,2026-08-31T18:00:00+03:00
2026-09-01T07:00:00+03:00,15.272986722791227,2026-08-31T18:00:00+03:00
2026-09-01T08:00:00+03:00,149.407349119251,2026-08-31T18:00:00+03:00
2026-09-01T09:00:00+03:00,354.7295468670249,2026-08-31T18:00:00+03:00
2026-09-01T10:00:00+03:00,519.6149379223477,2026-08-31T18:00:00+03:00
2026-09-01T11:00:00+03:00,721.1603852898756,2026-08-31T18:00:00+03:00
2026-09-01T12:00:00+03:00,801.1914718459009,2026-08-31T18:00:00+03:00
2026-09-01T13:00:00+03:00,840.2528219509925,2026-08-31T18:00:00+03:00
2026-09-01T14:00:00+03:00,799.7047504307604,2026-08-31T18:00:00+03:00
2026-09-01T15:00:00+03:00,748.0295419686843,2026-08-31T18:00:00+03:00
2026-09-01T16:00:00+03:00,567.3396824383814,2026-08-31T18:00:00+03:00
2026-09-01T17:00:00+03:00,466.5698104115268,2026-08-31T18:00:00+03:00
2026-09-01T18:00:00+03:00,286.78790525493235,2026-08-31T18:00:00+03:00
2026-09-01T19:00:00+03:00,108.05756693883788,2026-08-31T18:00:00+03:00
2026-09-01T20:00:00+03:00,0.3237901791799492,2026-08-31T18:00:00+03:00
2026-09-01T21:00:00+03:00,0.1922821646789104,2026-08-31T18:00:00+03:00
2026-09-01T22:00:00+03:00,0.1922821646789104,2026-08-31T18:00:00+03:00
2026-09-01T23:00:00+03:00,0.1922821646789104,2026-08-31T18:00:00+03:00
2026-09-02T00:00:00+03:00,0.0152787754834108,2026-09-01T18:00:00+03:00
2026-09-02T01:00:00+03:00,0.0152787754834108,2026-09-01T18:00:00+03:00
2026-09-02T02:00:00+03:00,0.0152787754834108,2026-09-01T18:00:00+03:00
2026-09-02T03:00:00+03:00,0.0152787754834108,2026-09-01T18:00:00+03:00
2026-09-02T04:00:00+03:00,0.0152787754834108,2026-09-01T18:00:00+03:00
2026-09-02T05:00:00+03:00,0.0152787754834108,2026-09-01T18:00:00+03:00
2026-09-02T06:00:00+03:00,0.0152787754834108,2026-09-01T18:00:00+03:00
2026-09-02T07:00:00+03:00,14.861569261892848,2026-09-01T18:00:00+03:00
2026-09-02T08:00:00+03:00,159.87754260178647,2026-09-01T18:00:00+03:00
2026-09-02T09:00:00+03:00,350.12613454074625,2026-09-01T18:00:00+03:00
2026-09-02T10:00:00+03:00,550.6568044151045,2026-09-01T18:00:00+03:00
2026-09-02T11:00:00+03:00,703.7821781762347,2026-09-01T18:00:00+03:00
2026-09-02T12:00:00+03:00,777.4438723251317,2026-09-01T18:00:00+03:00
2026-09-02T13:00:00+03:00,836.4928455569678,2026-09-01T18:00:00+03:00
2026-09-02T14:00:00+03:00,824.3888301484607,2026-09-01T18:00:00+03:00
2026-09-02T15:00:00+03:00,783.4113594110115,2026-09-01T18:00:00+03:00
2026-09-02T16:00:00+03:00,625.9232722617751,2026-09-01T18:00:00+03:00
2026-09-02T17:00:00+03:00,473.8955071507649,2026-09-01T18:00:00+03:00
2026-09-02T18:00:00+03:00,273.3677824834936,2026-09-01T18:00:00+03:00
2026-09-02T19:00:00+03:00,103.6178301595165,2026-09-01T18:00:00+03:00
2026-09-02T20:00:00+03:00,0.0,2026-09-01T18:00:00+03:00
2026-09-02T21:00:00+03:00,0.0152787754834108,2026-09-01T18:00:00+03:00
2026-09-02T22:00:00+03:00,0.0152787754834108,2026-09-01T18:00:00+03:00
2026-09-02T23:00:00+03:00,0.0152787754834108,2026-09-01T18:00:00+03:00
2026-09-03T00:00:00+03:00,0.1922821646789104,2026-09-02T18:00:00+03:00
2026-09-03T01:00:00+03:00,0.1922821646789104,2026-09-02T18:00:00+03:00
2026-09-03T02:00:00+03:00,0.1922821646789104,2026-09-02T18:00:00+03:00
2026-09-03T03:00:00+03:00,0.1922821646789104,2026-09-02T18:00:00+03:00
2026-09-03T04:00:00+03:00,0.1922821646789104,2026-09-02T18:00:00+03:00
2026-09-03T05:00:00+03:00,0.1922821646789104,2026-09-02T18:00:00+03:00
2026-09-03T06:00:00+03:00,0.1922821646789104,2026-09-02T18:00:00+03:00
2026-09-03T07:00:00+03:00,13.95542908073604,2026-09-02T18:00:00+03:00
2026-09-03T08:00:00+03:00,161.21297192083648,2026-09-02T18:00:00+03:00
2026-09-03T09:00:00+03:00,349.92219869732077,2026-09-02T18:00:00+03:00
2026-09-03T10:00:00+03:00,553.4550360572977,2026-09-02T18:00:00+03:00
2026-09-03T11:00:00+03:00,727.5131171474017,2026-09-02T18:00:00+03:00
2026-09-03T12:00:00+03:00,851.6719105115067,2026-09-02T18:00:00+03:00
2026-09-03T13:00:00+03:00,855.2037120563762,2026-09-02T18:00:00+03:00
2026-09-03T14:00:00+03:00,834.5675939165895,2026-09-02T18:00:00+03:00
2026-09-03T15:00:00+03:00,775.1989066599804,2026-09-02T18:00:00+03:00
2026-09-03T16:00:00+03:00,614.2313719061074,2026-09-02T18:00:00+03:00
2026-09-03T17:00:00+03:00,458.2036890042908,2026-09-02T18:00:00+03:00
2026-09-03T18:00:00+03:00,276.2052805235458,2026-09-02T18:00:00+03:00
2026-09-03T19:00:00+03:00,98.88005434845904,2026-09-02T18:00:00+03:00
2026-09-03T20:00:00+03:00,0.7186473081222629,2026-09-02T18:00:00+03:00
2026-09-03T21:00:00+03:00,0.1922821646789104,2026-09-02T18:00:00+03:00
2026-09-03T22:00:00+03:00,0.1922821646789104,2026-09-02T18:00:00+03:00
2026-09-03T23:00:00+03:00,0.1922821646789104,2026-09-02T18:00:00+03:00
2026-09-04T00:00:00+03:00,0.0,2026-09-03T18:00:00+03:00
2026-09-04T01:00:00+03:00,0.0,2026-09-03T18:00:00+03:00
2026-09-04T02:00:00+03:00,0.0,2026-09-03T18:00:00+03:00
2026-09-04T03:00:00+03:00,0.0,2026-09-03T18:00:00+03:00
2026-09-04T04:00:00+03:00,0.0,2026-09-03T18:00:00+03:00
2026-09-04T05:00:00+03:00,0.0,2026-09-03T18:00:00+03:00
2026-09-04T06:00:00+03:00,0.0,2026-09-03T18:00:00+03:00
2026-09-04T07:00:00+03:00,13.7152715632417,2026-09-03T18:00:00+03:00
2026-09-04T08:00:00+03:00,159.4667508317667,2026-09-03T18:00:00+03:00
2026-09-04T09:00:00+03:00,350.85832032044624,2026-09-03T18:00:00+03:00
2026-09-04T10:00:00+03:00,548.1547263732575,2026-09-03T18:00:00+03:00
2026-09-04T11:00:00+03:00,721.344610898242,2026-09-03T18:00:00+03:00
2026-09-04T12:00:00+03:00,822.7365777056182,2026-09-03T18:00:00+03:00
2026-09-04T13:00:00+03:00,863.7914053927781,2026-09-03T18:00:00+03:00
2026-09-04T14:00:00+03:00,837.8529151909618,2026-09-03T18:00:00+03:00
2026-09-04T15:00:00+03:00,781.816023635143,2026-09-03T18:00:00+03:00
2026-09-04T16:00:00+03:00,636.1889330373965,2026-09-03T18:00:00+03:00
2026-09-04T17:00:00+03:00,477.0877115341789,2026-09-03T18:00:00+03:00
2026-09-04T18:00:00+03:00,268.3159069775811,2026-09-03T18:00:00+03:00
2026-09-04T19:00:00+03:00,85.42372307600377,2026-09-03T18:00:00+03:00
2026-09-04T20:00:00+03:00,0.4784897906279196,2026-09-03T18:00:00+03:00
2026-09-04T21:00:00+03:00,0.0,2026-09-03T18:00:00+03:00
2026-09-04T22:00:00+03:00,0.0,2026-09-03T18:00:00+03:00
2026-09-04T23:00:00+03:00,0.0,2026-09-03T18:00:00+03:00
2026-09-05T00:00:00+03:00,0.0,2026-09-04T18:00:00+03:00
2026-09-05T01:00:00+03:00,0.0,2026-09-04T18:00:00+03:00
2026-09-05T02:00:00+03:00,0.0,2026-09-04T18:00:00+03:00
2026-09-05T03:00:00+03:00,0.0,2026-09-04T18:00:00+03:00
2026-09-05T04:00:00+03:00,0.0,2026-09-04T18:00:00+03:00
2026-09-05T05:00:00+03:00,0.0,2026-09-04T18:00:00+03:00
2026-09-05T06:00:00+03:00,0.0,2026-09-04T18:00:00+03:00
2026-09-05T07:00:00+03:00,13.289343601875904,2026-09-04T18:00:00+03:00
2026-09-05T08:00:00+03:00,157.54920226672158,2026-09-04T18:00:00+03:00
2026-09-05T09:00:00+03:00,348.19041153848474,2026-09-04T18:00:00+03:00
2026-09-05T10:00:00+03:00,542.2279086998996,2026-09-04T18:00:00+03:00
2026-09-05T11:00:00+03:00,715.9288027852624,2026-09-04T18:00:00+03:00
2026-09-05T12:00:00+03:00,804.8700985991801,2026-09-04T18:00:00+03:00
2026-09-05T13:00:00+03:00,845.6513332410177,2026-09-04T18:00:00+03:00
2026-09-05T14:00:00+03:00,840.2065657305159,2026-09-04T18:00:00+03:00
2026-09-05T15:00:00+03:00,775.4611909131199,2026-09-04T18:00:00+03:00
2026-09-05T16:00:00+03:00,628.735023614689,2026-09-04T18:00:00+03:00
2026-09-05T17:00:00+03:00,482.7292139334685,2026-09-04T18:00:00+03:00
2026-09-05T18:00:00+03:00,271.37209371075113,2026-09-04T18:00:00+03:00
2026-09-05T19:00:00+03:00,84.13758042832887,2026-09-04T18:00:00+03:00
2026-09-05T20:00:00+03:00,0.0,2026-09-04T18:00:00+03:00
2026-09-05T21:00:00+03:00,0.0,2026-09-04T18:00:00+03:00
2026-09-05T22:00:00+03:00,0.0,2026-09-04T18:00:00+03:00
2026-09-05T23:00:00+03:00,0.0,2026-09-04T18:00:00+03:00
2026-09-06T00:00:00+03:00,0.0,2026-09-05T18:00:00+03:00
2026-09-06T01:00:00+03:00,0.0398871427605817,2026-09-05T18:00:00+03:00
2026-09-06T02:00:00+03:00,0.0,2026-09-05T18:00:00+03:00
2026-09-06T03:00:00+03:00,0.0,2026-09-05T18:00:00+03:00
2026-09-06T04:00:00+03:00,0.0,2026-09-05T18:00:00+03:00
2026-09-06T05:00:00+03:00,0.0,2026-09-05T18:00:00+03:00
2026-09-06T06:00:00+03:00,0.0,2026-09-05T18:00:00+03:00
2026-09-06T07:00:00+03:00,11.836725127677369,2026-09-05T18:00:00+03:00
2026-09-06T08:00:00+03:00,150.6565867590644,2026-09-05T18:00:00+03:00
2026-09-06T09:00:00+03:00,344.34875540699284,2026-09-05T18:00:00+03:00
2026-09-06T10:00:00+03:00,540.8255875494791,2026-09-05T18:00:00+03:00
2026-09-06T11:00:00+03:00,710.4761889598918,2026-09-05T18:00:00+03:00
2026-09-06T12:00:00+03:00,808.8492154703267,2026-09-05T18:00:00+03:00
2026-09-06T13:00:00+03:00,843.722578086842,2026-09-05T18:00:00+03:00
2026-09-06T14:00:00+03:00,819.8479632964516,2026-09-05T18:00:00+03:00
2026-09-06T15:00:00+03:00,765.4787846024235,2026-09-05T18:00:00+03:00
2026-09-06T16:00:00+03:00,625.5435416942723,2026-09-05T18:00:00+03:00
2026-09-06T17:00:00+03:00,469.5205197319473,2026-09-05T18:00:00+03:00
2026-09-06T18:00:00+03:00,273.2757311584761,2026-09-05T18:00:00+03:00
2026-09-06T19:00:00+03:00,80.6691218609877,2026-09-05T18:00:00+03:00
2026-09-06T20:00:00+03:00,0.0398871427605817,2026-09-05T18:00:00+03:00
2026-09-06T21:00:00+03:00,0.0,2026-09-05T18:00:00+03:00
2026-09-06T22:00:00+03:00,0.0,2026-09-05T18:00:00+03:00
2026-09-06T23:00:00+03:00,0.0,2026-09-05T18:00:00+03:00
2026-09-07T00:00:00+03:00,0.1291280363800664,2026-09-06T18:00:00+03:00
2026-09-07T01:00:00+03:00,0.1291280363800664,2026-09-06T18:00:00+03:00
2026-09-07T02:00:00+03:00,0.1291280363800664,2026-09-06T18:00:00+03:00
2026-09-07T03:00:00+03:00,0.1291280363800664,2026-09-06T18:00:00+03:00
2026-09-07T04:00:00+03:00,0.1291280363800664,2026-09-06T18:00:00+03:00
2026-09-07T05:00:00+03:00,0.1291280363800664,2026-09-06T18:00:00+03:00
2026-09-07T06:00:00+03:00,0.1291280363800664,2026-09-06T18:00:00+03:00
2026-09-07T07:00:00+03:00,12.954395620394344,2026-09-06T18:00:00+03:00
2026-09-07T08:00:00+03:00,147.54479383808274,2026-09-06T18:00:00+03:00
2026-09-07T09:00:00+03:00,352.5316923386568,2026-09-06T18:00:00+03:00
2026-09-07T10:00:00+03:00,550.3816431767307,2026-09-06T18:00:00+03:00
2026-09-07T11:00:00+03:00,723.8240391486321,2026-09-06T18:00:00+03:00
2026-09-07T12:00:00+03:00,834.0183466698315,2026-09-06T18:00:00+03:00
2026-09-07T13:00:00+03:00,851.7567480616767,2026-09-06T18:00:00+03:00
2026-09-07T14:00:00+03:00,830.5508690881207,2026-09-06T18:00:00+03:00
2026-09-07T15:00:00+03:00,779.3740581956847,2026-09-06T18:00:00+03:00
2026-09-07T16:00:00+03:00,645.0082248835693,2026-09-06T18:00:00+03:00
2026-09-07T17:00:00+03:00,461.5358427257255,2026-09-06T18:00:00+03:00
2026-09-07T18:00:00+03:00,268.45522603432136,2026-09-06T18:00:00+03:00
2026-09-07T19:00:00+03:00,76.40310163723275,2026-09-06T18:00:00+03:00
2026-09-07T20:00:00+03:00,0.642818493321879,2026-09-06T18:00:00+03:00
2026-09-07T21:00:00+03:00,0.2543754213333143,2026-09-06T18:00:00+03:00
2026-09-07T22:00:00+03:00,0.642818493321879,2026-09-06T18:00:00+03:00
2026-09-07T23:00:00+03:00,0.642818493321879,2026-09-06T18:00:00+03:00
2026-09-08T00:00:00+03:00,0.642818493321879,2026-09-07T18:00:00+03:00
2026-09-08T01:00:00+03:00,0.642818493321879,2026-09-07T18:00:00+03:00
2026-09-08T02:00:00+03:00,0.642818493321879,2026-09-07T18:00:00+03:00
2026-09-08T03:00:00+03:00,0.642818493321879,2026-09-07T18:00:00+03:00
2026-09-08T04:00:00+03:00,0.642818493321879,2026-09-07T18:00:00+03:00
2026-09-08T05:00:00+03:00,0.642818493321879,2026-09-07T18:00:00+03:00
2026-09-08T06:00:00+03:00,0.642818493321879,2026-09-07T18:00:00+03:00
2026-09-08T07:00:00+03:00,14.211513076424696,2026-09-07T18:00:00+03:00
2026-09-08T08:00:00+03:00,142.21935737805944,2026-09-07T18:00:00+03:00
2026-09-08T09:00:00+03:00,351.14312205820596,2026-09-07T18:00:00+03:00
2026-09-08T10:00:00+03:00,549.1642621386137,2026-09-07T18:00:00+03:00
2026-09-08T11:00:00+03:00,723.7700833004784,2026-09-07T18:00:00+03:00
2026-09-08T12:00:00+03:00,832.5300559764181,2026-09-07T18:00:00+03:00
2026-09-08T13:00:00+03:00,855.4667947600161,2026-09-07T18:00:00+03:00
2026-09-08T14:00:00+03:00,839.8860193513668,2026-09-07T18:00:00+03:00
2026-09-08T15:00:00+03:00,765.8485579739965,2026-09-07T18:00:00+03:00
2026-09-08T16:00:00+03:00,656.5113293693004,2026-09-07T18:00:00+03:00
2026-09-08T17:00:00+03:00,455.4815302466055,2026-09-07T18:00:00+03:00
2026-09-08T18:00:00+03:00,269.6842682600611,2026-09-07T18:00:00+03:00
2026-09-08T19:00:00+03:00,74.5065376953957,2026-09-07T18:00:00+03:00
2026-09-08T20:00:00+03:00,0.0,2026-09-07T18:00:00+03:00
2026-09-08T21:00:00+03:00,0.1291280363800664,2026-09-07T18:00:00+03:00
2026-09-08T22:00:00+03:00,0.2595677303440441,2026-09-07T18:00:00+03:00
2026-09-08T23:00:00+03:00,0.1291280363800664,2026-09-07T18:00:00+03:00
2026-09-09T00:00:00+03:00,0.3548018922935908,2026-09-08T18:00:00+03:00
2026-09-09T01:00:00+03:00,0.3548018922935908,2026-09-08T18:00:00+03:00
2026-09-09T02:00:00+03:00,0.3548018922935908,2026-09-08T18:00:00+03:00
2026-09-09T03:00:00+03:00,0.3757891617178056,2026-09-08T18:00:00+03:00
2026-09-09T04:00:00+03:00,0.3757891617178056,2026-09-08T18:00:00+03:00
2026-09-09T05:00:00+03:00,0.1291280363800664,2026-09-08T18:00:00+03:00
2026-09-09T06:00:00+03:00,0.1291280363800664,2026-09-08T18:00:00+03:00
2026-09-09T07:00:00+03:00,10.67533323145897,2026-09-08T18:00:00+03:00
2026-09-09T08:00:00+03:00,141.9939376228147,2026-09-08T18:00:00+03:00
2026-09-09T09:00:00+03:00,351.39767634419735,2026-09-08T18:00:00+03:00
2026-09-09T10:00:00+03:00,547.5543921284919,2026-09-08T18:00:00+03:00
2026-09-09T11:00:00+03:00,731.0946023784182,2026-09-08T18:00:00+03:00
2026-09-09T12:00:00+03:00,825.0439633588911,2026-09-08T18:00:00+03:00
2026-09-09T13:00:00+03:00,871.9095502977019,2026-09-08T18:00:00+03:00
2026-09-09T14:00:00+03:00,862.9313367229704,2026-09-08T18:00:00+03:00
2026-09-09T15:00:00+03:00,783.0894285495057,2026-09-08T18:00:00+03:00
2026-09-09T16:00:00+03:00,644.6518180078258,2026-09-08T18:00:00+03:00
2026-09-09T17:00:00+03:00,479.2037030409507,2026-09-08T18:00:00+03:00
2026-09-09T18:00:00+03:00,272.7585403062101,2026-09-08T18:00:00+03:00
2026-09-09T19:00:00+03:00,72.0804024285572,2026-09-08T18:00:00+03:00
2026-09-09T20:00:00+03:00,0.1291280363800664,2026-09-08T18:00:00+03:00
2026-09-09T21:00:00+03:00,0.1291280363800664,2026-09-08T18:00:00+03:00
2026-09-09T22:00:00+03:00,1.0259074865228923,2026-09-08T18:00:00+03:00
2026-09-09T23:00:00+03:00,0.1291280363800664,2026-09-08T18:00:00+03:00
2026-09-10T00:00:00+03:00,0.0,2026-09-09T18:00:00+03:00
2026-09-10T01:00:00+03:00,0.0,2026-09-09T18:00:00+03:00
2026-09-10T02:00:00+03:00,0.0,2026-09-09T18:00:00+03:00
2026-09-10T03:00:00+03:00,0.0,2026-09-09T18:00:00+03:00
2026-09-10T04:00:00+03:00,0.848904097327393,2026-09-09T18:00:00+03:00
2026-09-10T05:00:00+03:00,0.848904097327393,2026-09-09T18:00:00+03:00
2026-09-10T06:00:00+03:00,0.848904097327393,2026-09-09T18:00:00+03:00
2026-09-10T07:00:00+03:00,10.234035911896882,2026-09-09T18:00:00+03:00
2026-09-10T08:00:00+03:00,140.60320701213354,2026-09-09T18:00:00+03:00
2026-09-10T09:00:00+03:00,348.9778298838582,2026-09-09T18:00:00+03:00
2026-09-10T10:00:00+03:00,554.3025531986118,2026-09-09T18:00:00+03:00
2026-09-10T11:00:00+03:00,722.8868606861365,2026-09-09T18:00:00+03:00
2026-09-10T12:00:00+03:00,814.551668846176,2026-09-09T18:00:00+03:00
2026-09-10T13:00:00+03:00,855.8660649668498,2026-09-09T18:00:00+03:00
2026-09-10T14:00:00+03:00,851.9765640856521,2026-09-09T18:00:00+03:00
2026-09-10T15:00:00+03:00,775.0318416543936,2026-09-09T18:00:00+03:00
2026-09-10T16:00:00+03:00,634.165882893705,2026-09-09T18:00:00+03:00
2026-09-10T17:00:00+03:00,466.7358438483801,2026-09-09T18:00:00+03:00
2026-09-10T18:00:00+03:00,260.2953872716093,2026-09-09T18:00:00+03:00
2026-09-10T19:00:00+03:00,71.73654107142445,2026-09-09T18:00:00+03:00
2026-09-10T20:00:00+03:00,0.0,2026-09-09T18:00:00+03:00
2026-09-10T21:00:00+03:00,0.0,2026-09-09T18:00:00+03:00
2026-09-10T22:00:00+03:00,0.0,2026-09-09T18:00:00+03:00
2026-09-10T23:00:00+03:00,0.0,2026-09-09T18:00:00+03:00
2026-09-11T00:00:00+03:00,0.0,2026-09-10T18:00:00+03:00
2026-09-11T01:00:00+03:00,0.848904097327393,2026-09-10T18:00:00+03:00
2026-09-11T02:00:00+03:00,0.848904097327393,2026-09-10T18:00:00+03:00
2026-09-11T03:00:00+03:00,0.848904097327393,2026-09-10T18:00:00+03:00
2026-09-11T04:00:00+03:00,0.0,2026-09-10T18:00:00+03:00
2026-09-11T05:00:00+03:00,0.0,2026-09-10T18:00:00+03:00
2026-09-11T06:00:00+03:00,0.848904097327393,2026-09-10T18:00:00+03:00
2026-09-11T07:00:00+03:00,10.30928588257062,2026-09-10T18:00:00+03:00
2026-09-11T08:00:00+03:00,140.86878398114413,2026-09-10T18:00:00+03:00
2026-09-11T09:00:00+03:00,349.29697770927044,2026-09-10T18:00:00+03:00
2026-09-11T10:00:00+03:00,546.3581400859579,2026-09-10T18:00:00+03:00
2026-09-11T11:00:00+03:00,718.0171741011255,2026-09-10T18:00:00+03:00
2026-09-11T12:00:00+03:00,815.3157000689023,2026-09-10T18:00:00+03:00
2026-09-11T13:00:00+03:00,856.0766946217884,2026-09-10T18:00:00+03:00
2026-09-11T14:00:00+03:00,850.0641311025475,2026-09-10T18:00:00+03:00
2026-09-11T15:00:00+03:00,764.8613078560677,2026-09-10T18:00:00+03:00
2026-09-11T16:00:00+03:00,629.5980313319848,2026-09-10T18:00:00+03:00
2026-09-11T17:00:00+03:00,465.5177641566481,2026-09-10T18:00:00+03:00
2026-09-11T18:00:00+03:00,259.8766851571514,2026-09-10T18:00:00+03:00
2026-09-11T19:00:00+03:00,72.21461840710938,2026-09-10T18:00:00+03:00
2026-09-11T20:00:00+03:00,0.0,2026-09-10T18:00:00+03:00
2026-09-11T21:00:00+03:00,0.0,2026-09-10T18:00:00+03:00
2026-09-11T22:00:00+03:00,0.0,2026-09-10T18:00:00+03:00
2026-09-11T23:00:00+03:00,0.0,2026-09-10T18:00:00+03:00
2026-09-12T00:00:00+03:00,0.0,2026-09-11T18:00:00+03:00
2026-09-12T01:00:00+03:00,0.0,2026-09-11T18:00:00+03:00
2026-09-12T02:00:00+03:00,0.0,2026-09-11T18:00:00+03:00
2026-09-12T03:00:00+03:00,0.0,2026-09-11T18:00:00+03:00
2026-09-12T04:00:00+03:00,0.0,2026-09-11T18:00:00+03:00
2026-09-12T05:00:00+03:00,0.0,2026-09-11T18:00:00+03:00
2026-09-12T06:00:00+03:00,0.0,2026-09-11T18:00:00+03:00
2026-09-12T07:00:00+03:00,7.77096093141845,2026-09-11T18:00:00+03:00
2026-09-12T08:00:00+03:00,140.79191514358175,2026-09-11T18:00:00+03:00
2026-09-12T09:00:00+03:00,338.9915477777294,2026-09-11T18:00:00+03:00
2026-09-12T10:00:00+03:00,546.5212174741225,2026-09-11T18:00:00+03:00
2026-09-12T11:00:00+03:00,718.1802514892902,2026-09-11T18:00:00+03:00
2026-09-12T12:00:00+03:00,815.3157000689023,2026-09-11T18:00:00+03:00
2026-09-12T13:00:00+03:00,853.4861011371421,2026-09-11T18:00:00+03:00
2026-09-12T14:00:00+03:00,855.5259270103583,2026-09-11T18:00:00+03:00
2026-09-12T15:00:00+03:00,756.4633758821727,2026-09-11T18:00:00+03:00
2026-09-12T16:00:00+03:00,623.5654923998336,2026-09-11T18:00:00+03:00
2026-09-12T17:00:00+03:00,436.11197439389514,2026-09-11T18:00:00+03:00
2026-09-12T18:00:00+03:00,250.20760379541943,2026-09-11T18:00:00+03:00
2026-09-12T19:00:00+03:00,72.21461840710938,2026-09-11T18:00:00+03:00
2026-09-12T20:00:00+03:00,0.0,2026-09-11T18:00:00+03:00
2026-09-12T21:00:00+03:00,0.0,2026-09-11T18:00:00+03:00
2026-09-12T22:00:00+03:00,0.0,2026-09-11T18:00:00+03:00
2026-09-12T23:00:00+03:00,0.0,2026-09-11T18:00:00+03:00
2026-09-13T00:00:00+03:00,0.0,2026-09-12T18:00:00+03:00
2026-09-13T01:00:00+03:00,0.0,2026-09-12T18:00:00+03:00
2026-09-13T02:00:00+03:00,0.0,2026-09-12T18:00:00+03:00
2026-09-13T03:00:00+03:00,0.0,2026-09-12T18:00:00+03:00
2026-09-13T04:00:00+03:00,0.0,2026-09-12T18:00:00+03:00
2026-09-13T05:00:00+03:00,0.0,2026-09-12T18:00:00+03:00
2026-09-13T06:00:00+03:00,0.0,2026-09-12T18:00:00+03:00
2026-09-13T07:00:00+03:00,6.4482535199098265,2026-09-12T18:00:00+03:00
2026-09-13T08:00:00+03:00,135.55123337789882,2026-09-12T18:00:00+03:00
2026-09-13T09:00:00+03:00,338.33356626680535,2026-09-12T18:00:00+03:00
2026-09-13T10:00:00+03:00,545.9278021517189,2026-09-12T18:00:00+03:00
2026-09-13T11:00:00+03:00,711.2366662629206,2026-09-12T18:00:00+03:00
2026-09-13T12:00:00+03:00,804.3738003892627,2026-09-12T18:00:00+03:00
2026-09-13T13:00:00+03:00,841.0851427310193,2026-09-12T18:00:00+03:00
2026-09-13T14:00:00+03:00,826.468660525151,2026-09-12T18:00:00+03:00
2026-09-13T15:00:00+03:00,729.6807492505327,2026-09-12T18:00:00+03:00
2026-09-13T16:00:00+03:00,613.703068848054,2026-09-12T18:00:00+03:00
2026-09-13T17:00:00+03:00,435.04953136551615,2026-09-12T18:00:00+03:00
2026-09-13T18:00:00+03:00,249.31695213086823,2026-09-12T18:00:00+03:00
2026-09-13T19:00:00+03:00,63.58663787567701,2026-09-12T18:00:00+03:00
2026-09-13T20:00:00+03:00,0.0,2026-09-12T18:00:00+03:00
2026-09-13T21:00:00+03:00,0.0,2026-09-12T18:00:00+03:00
2026-09-13T22:00:00+03:00,0.0,2026-09-12T18:00:00+03:00
2026-09-13T23:00:00+03:00,0.0,2026-09-12T18:00:00+03:00
2026-09-14T00:00:00+03:00,0.1329655784544495,2026-09-13T18:00:00+03:00
2026-09-14T01:00:00+03:00,0.1329655784544495,2026-09-13T18:00:00+03:00
2026-09-14T02:00:00+03:00,0.1329655784544495,2026-09-13T18:00:00+03:00
2026-09-14T03:00:00+03:00,0.1329655784544495,2026-09-13T18:00:00+03:00
2026-09-14T04:00:00+03:00,0.1329655784544495,2026-09-13T18:00:00+03:00
2026-09-14T05:00:00+03:00,0.2582129634076974,2026-09-13T18:00:00+03:00
2026-09-14T06:00:00+03:00,0.0,2026-09-13T18:00:00+03:00
2026-09-14T07:00:00+03:00,7.055022412545506,2026-09-13T18:00:00+03:00
2026-09-14T08:00:00+03:00,132.1733508090792,2026-09-13T18:00:00+03:00
2026-09-14T09:00:00+03:00,339.4691880561285,2026-09-13T18:00:00+03:00
2026-09-14T10:00:00+03:00,540.6986359475108,2026-09-13T18:00:00+03:00
2026-09-14T11:00:00+03:00,685.813262523497,2026-09-13T18:00:00+03:00
2026-09-14T12:00:00+03:00,814.244798403385,2026-09-13T18:00:00+03:00
2026-09-14T13:00:00+03:00,861.9828398004929,2026-09-13T18:00:00+03:00
2026-09-14T14:00:00+03:00,828.4725434546933,2026-09-13T18:00:00+03:00
2026-09-14T15:00:00+03:00,752.504242268799,2026-09-13T18:00:00+03:00
2026-09-14T16:00:00+03:00,619.9104564558926,2026-09-13T18:00:00+03:00
2026-09-14T17:00:00+03:00,436.15924130662313,2026-09-13T18:00:00+03:00
2026-09-14T18:00:00+03:00,251.5743718308478,2026-09-13T18:00:00+03:00
2026-09-14T19:00:00+03:00,49.98760911960733,2026-09-13T18:00:00+03:00
2026-09-14T20:00:00+03:00,0.1329655784544495,2026-09-13T18:00:00+03:00
2026-09-14T21:00:00+03:00,0.1329655784544495,2026-09-13T18:00:00+03:00
2026-09-14T22:00:00+03:00,0.1329655784544495,2026-09-13T18:00:00+03:00
2026-09-14T23:00:00+03:00,0.1329655784544495,2026-09-13T18:00:00+03:00
2026-09-15T00:00:00+03:00,0.0,2026-09-14T18:00:00+03:00
2026-09-15T01:00:00+03:00,0.4696526462007626,2026-09-14T18:00:00+03:00
2026-09-15T02:00:00+03:00,0.0812095742121979,2026-09-14T18:00:00+03:00
2026-09-15T03:00:00+03:00,0.4696526462007626,2026-09-14T18:00:00+03:00
2026-09-15T04:00:00+03:00,0.4696526462007626,2026-09-14T18:00:00+03:00
2026-09-15T05:00:00+03:00,0.4696526462007626,2026-09-14T18:00:00+03:00
2026-09-15T06:00:00+03:00,0.4696526462007626,2026-09-14T18:00:00+03:00
2026-09-15T07:00:00+03:00,4.6257506530595585,2026-09-14T18:00:00+03:00
2026-09-15T08:00:00+03:00,135.22312051824863,2026-09-14T18:00:00+03:00
2026-09-15T09:00:00+03:00,338.9924216573503,2026-09-14T18:00:00+03:00
2026-09-15T10:00:00+03:00,529.8322010443757,2026-09-14T18:00:00+03:00
2026-09-15T11:00:00+03:00,682.3723986960272,2026-09-14T18:00:00+03:00
2026-09-15T12:00:00+03:00,811.5765456464607,2026-09-14T18:00:00+03:00
2026-09-15T13:00:00+03:00,843.2030236629904,2026-09-14T18:00:00+03:00
2026-09-15T14:00:00+03:00,823.1488991057084,2026-09-14T18:00:00+03:00
2026-09-15T15:00:00+03:00,749.0436707107413,2026-09-14T18:00:00+03:00
2026-09-15T16:00:00+03:00,617.2737343360534,2026-09-14T18:00:00+03:00
2026-09-15T17:00:00+03:00,433.7520721551279,2026-09-14T18:00:00+03:00
2026-09-15T18:00:00+03:00,243.47775417372975,2026-09-14T18:00:00+03:00
2026-09-15T19:00:00+03:00,49.81060573041182,2026-09-14T18:00:00+03:00
2026-09-15T20:00:00+03:00,0.0,2026-09-14T18:00:00+03:00
2026-09-15T21:00:00+03:00,0.0,2026-09-14T18:00:00+03:00
2026-09-15T22:00:00+03:00,0.0,2026-09-14T18:00:00+03:00
2026-09-15T23:00:00+03:00,0.0,2026-09-14T18:00:00+03:00
2026-09-16T00:00:00+03:00,0.0,2026-09-15T18:00:00+03:00
2026-09-16T01:00:00+03:00,0.0,2026-09-15T18:00:00+03:00
2026-09-16T02:00:00+03:00,0.0437246848349647,2026-09-15T18:00:00+03:00
2026-09-16T03:00:00+03:00,0.0437246848349647,2026-09-15T18:00:00+03:00
2026-09-16T04:00:00+03:00,0.2903858101727041,2026-09-15T18:00:00+03:00
2026-09-16T05:00:00+03:00,0.2693985407484893,2026-09-15T18:00:00+03:00
2026-09-16T06:00:00+03:00,0.2693985407484893,2026-09-15T18:00:00+03:00
2026-09-16T07:00:00+03:00,1.7704240954255028,2026-09-15T18:00:00+03:00
2026-09-16T08:00:00+03:00,133.13804127442026,2026-09-15T18:00:00+03:00
2026-09-16T09:00:00+03:00,311.53949447282554,2026-09-15T18:00:00+03:00
2026-09-16T10:00:00+03:00,515.7892738469541,2026-09-15T18:00:00+03:00
2026-09-16T11:00:00+03:00,665.4608008361771,2026-09-15T18:00:00+03:00
2026-09-16T12:00:00+03:00,777.7508216088943,2026-09-15T18:00:00+03:00
2026-09-16T13:00:00+03:00,801.1224545947811,2026-09-15T18:00:00+03:00
2026-09-16T14:00:00+03:00,814.5044531600963,2026-09-15T18:00:00+03:00
2026-09-16T15:00:00+03:00,738.7056341826982,2026-09-15T18:00:00+03:00
2026-09-16T16:00:00+03:00,598.4003254719923,2026-09-15T18:00:00+03:00
2026-09-16T17:00:00+03:00,422.148877896239,2026-09-15T18:00:00+03:00
2026-09-16T18:00:00+03:00,225.5493131859702,2026-09-15T18:00:00+03:00
2026-09-16T19:00:00+03:00,45.516254602907935,2026-09-15T18:00:00+03:00
2026-09-16T20:00:00+03:00,0.0,2026-09-15T18:00:00+03:00
2026-09-16T21:00:00+03:00,0.0,2026-09-15T18:00:00+03:00
2026-09-16T22:00:00+03:00,0.0,2026-09-15T18:00:00+03:00
2026-09-16T23:00:00+03:00,0.0,2026-09-15T18:00:00+03:00
2026-09-17T00:00:00+03:00,0.0,2026-09-16T18:00:00+03:00
2026-09-17T01:00:00+03:00,0.4696526462007626,2026-09-16T18:00:00+03:00
2026-09-17T02:00:00+03:00,0.716313771538502,2026-09-16T18:00:00+03:00
2026-09-17T03:00:00+03:00,0.716313771538502,2026-09-16T18:00:00+03:00
2026-09-17T04:00:00+03:00,0.716313771538502,2026-09-16T18:00:00+03:00
2026-09-17T05:00:00+03:00,0.4696526462007626,2026-09-16T18:00:00+03:00
2026-09-17T06:00:00+03:00,0.445548031814301,2026-09-16T18:00:00+03:00
2026-09-17T07:00:00+03:00,4.6257506530595585,2026-09-16T18:00:00+03:00
2026-09-17T08:00:00+03:00,134.6173512468164,2026-09-16T18:00:00+03:00
2026-09-17T09:00:00+03:00,307.3166477553369,2026-09-16T18:00:00+03:00
2026-09-17T10:00:00+03:00,530.3841858024895,2026-09-16T18:00:00+03:00
2026-09-17T11:00:00+03:00,691.4447330558609,2026-09-16T18:00:00+03:00
2026-09-17T12:00:00+03:00,780.3613758849144,2026-09-16T18:00:00+03:00
2026-09-17T13:00:00+03:00,821.523540433653,2026-09-16T18:00:00+03:00
2026-09-17T14:00:00+03:00,804.7457218779516,2026-09-16T18:00:00+03:00
2026-09-17T15:00:00+03:00,717.4020073875729,2026-09-16T18:00:00+03:00
2026-09-17T16:00:00+03:00,596.9434196628965,2026-09-16T18:00:00+03:00
2026-09-17T17:00:00+03:00,424.4131491912,2026-09-16T18:00:00+03:00
2026-09-17T18:00:00+03:00,208.84111949004148,2026-09-16T18:00:00+03:00
2026-09-17T19:00:00+03:00,49.61897537187403,2026-09-16T18:00:00+03:00
2026-09-17T20:00:00+03:00,0.4696526462007626,2026-09-16T18:00:00+03:00
2026-09-17T21:00:00+03:00,0.0812095742121979,2026-09-16T18:00:00+03:00
2026-09-17T22:00:00+03:00,0.0,2026-09-16T18:00:00+03:00
2026-09-17T23:00:00+03:00,0.0,2026-09-16T18:00:00+03:00
2026-09-18T00:00:00+03:00,0.1049569142786762,2026-09-17T18:00:00+03:00
2026-09-18T01:00:00+03:00,0.3787657750600883,2026-09-17T18:00:00+03:00
2026-09-18T02:00:00+03:00,0.3787657750600883,2026-09-17T18:00:00+03:00
2026-09-18T03:00:00+03:00,0.1049569142786762,2026-09-17T18:00:00+03:00
2026-09-18T04:00:00+03:00,0.3997530444843031,2026-09-17T18:00:00+03:00
2026-09-18T05:00:00+03:00,0.8924562320019012,2026-09-17T18:00:00+03:00
2026-09-18T06:00:00+03:00,0.8924562320019012,2026-09-17T18:00:00+03:00
2026-09-18T07:00:00+03:00,8.063295022778597,2026-09-17T18:00:00+03:00
2026-09-18T08:00:00+03:00,133.7165118492841,2026-09-17T18:00:00+03:00
2026-09-18T09:00:00+03:00,304.1371592991878,2026-09-17T18:00:00+03:00
2026-09-18T10:00:00+03:00,465.2783145889222,2026-09-17T18:00:00+03:00
2026-09-18T11:00:00+03:00,636.2555403072938,2026-09-17T18:00:00+03:00
2026-09-18T12:00:00+03:00,769.2796840492935,2026-09-17T18:00:00+03:00
2026-09-18T13:00:00+03:00,797.2047917806094,2026-09-17T18:00:00+03:00
2026-09-18T14:00:00+03:00,780.9074643780499,2026-09-17T18:00:00+03:00
2026-09-18T15:00:00+03:00,663.6998576097415,2026-09-17T18:00:00+03:00
2026-09-18T16:00:00+03:00,550.9195748973212,2026-09-17T18:00:00+03:00
2026-09-18T17:00:00+03:00,390.0467520485087,2026-09-17T18:00:00+03:00
2026-09-18T18:00:00+03:00,202.7312439923932,2026-09-17T18:00:00+03:00
2026-09-18T19:00:00+03:00,46.068843652731665,2026-09-17T18:00:00+03:00
2026-09-18T20:00:00+03:00,0.1049569142786762,2026-09-17T18:00:00+03:00
2026-09-18T21:00:00+03:00,0.1049569142786762,2026-09-17T18:00:00+03:00
2026-09-18T22:00:00+03:00,0.1049569142786762,2026-09-17T18:00:00+03:00
2026-09-18T23:00:00+03:00,0.1049569142786762,2026-09-17T18:00:00+03:00
2026-09-19T00:00:00+03:00,0.1329655784544495,2026-09-18T18:00:00+03:00
2026-09-19T01:00:00+03:00,0.1329655784544495,2026-09-18T18:00:00+03:00
2026-09-19T02:00:00+03:00,0.1329655784544495,2026-09-18T18:00:00+03:00
2026-09-19T03:00:00+03:00,0.1329655784544495,2026-09-18T18:00:00+03:00
2026-09-19T04:00:00+03:00,0.2582129634076974,2026-09-18T18:00:00+03:00
2026-09-19T05:00:00+03:00,0.646656035396262,2026-09-18T18:00:00+03:00
2026-09-19T06:00:00+03:00,0.8933171607340017,2026-09-18T18:00:00+03:00
2026-09-19T07:00:00+03:00,5.675409059964423,2026-09-18T18:00:00+03:00
2026-09-19T08:00:00+03:00,134.57215119729926,2026-09-18T18:00:00+03:00
2026-09-19T09:00:00+03:00,308.3033685968311,2026-09-18T18:00:00+03:00
2026-09-19T10:00:00+03:00,510.8189684549796,2026-09-18T18:00:00+03:00
2026-09-19T11:00:00+03:00,655.9310329997737,2026-09-18T18:00:00+03:00
2026-09-19T12:00:00+03:00,769.1905178606482,2026-09-18T18:00:00+03:00
2026-09-19T13:00:00+03:00,798.2705392585426,2026-09-18T18:00:00+03:00
2026-09-19T14:00:00+03:00,775.4978820346289,2026-09-18T18:00:00+03:00
2026-09-19T15:00:00+03:00,715.724732015154,2026-09-18T18:00:00+03:00
2026-09-19T16:00:00+03:00,571.1147246414899,2026-09-18T18:00:00+03:00
2026-09-19T17:00:00+03:00,402.2460831282659,2026-09-18T18:00:00+03:00
2026-09-19T18:00:00+03:00,206.6363551960329,2026-09-18T18:00:00+03:00
2026-09-19T19:00:00+03:00,34.55708767182988,2026-09-18T18:00:00+03:00
2026-09-19T20:00:00+03:00,0.646656035396262,2026-09-18T18:00:00+03:00
2026-09-19T21:00:00+03:00,0.646656035396262,2026-09-18T18:00:00+03:00
2026-09-19T22:00:00+03:00,0.646656035396262,2026-09-18T18:00:00+03:00
2026-09-19T23:00:00+03:00,0.646656035396262,2026-09-18T18:00:00+03:00
2026-09-20T00:00:00+03:00,0.4696526462007626,2026-09-19T18:00:00+03:00
2026-09-20T01:00:00+03:00,0.4696526462007626,2026-09-19T18:00:00+03:00
2026-09-20T02:00:00+03:00,0.4696526462007626,2026-09-19T18:00:00+03:00
2026-09-20T03:00:00+03:00,0.4696526462007626,2026-09-19T18:00:00+03:00
2026-09-20T04:00:00+03:00,0.4696526462007626,2026-09-19T18:00:00+03:00
2026-09-20T05:00:00+03:00,0.4696526462007626,2026-09-19T18:00:00+03:00
2026-09-20T06:00:00+03:00,0.4696526462007626,2026-09-19T18:00:00+03:00
2026-09-20T07:00:00+03:00,4.086906446012215,2026-09-19T18:00:00+03:00
2026-09-20T08:00:00+03:00,133.0364058766007,2026-09-19T18:00:00+03:00
2026-09-20T09:00:00+03:00,306.65581180108467,2026-09-19T18:00:00+03:00
2026-09-20T10:00:00+03:00,520.2660408576502,2026-09-19T18:00:00+03:00
2026-09-20T11:00:00+03:00,660.5638621046515,2026-09-19T18:00:00+03:00
2026-09-20T12:00:00+03:00,780.7615428768825,2026-09-19T18:00:00+03:00
2026-09-20T13:00:00+03:00,812.3689620196715,2026-09-19T18:00:00+03:00
2026-09-20T14:00:00+03:00,769.7468318485454,2026-09-19T18:00:00+03:00
2026-09-20T15:00:00+03:00,744.3173955696906,2026-09-19T18:00:00+03:00
2026-09-20T16:00:00+03:00,578.4347433676331,2026-09-19T18:00:00+03:00
2026-09-20T17:00:00+03:00,384.495733999017,2026-09-19T18:00:00+03:00
2026-09-20T18:00:00+03:00,185.1997497823171,2026-09-19T18:00:00+03:00
2026-09-20T19:00:00+03:00,36.952833968152355,2026-09-19T18:00:00+03:00
2026-09-20T20:00:00+03:00,0.4696526462007626,2026-09-19T18:00:00+03:00
2026-09-20T21:00:00+03:00,0.6953265021142871,2026-09-19T18:00:00+03:00
2026-09-20T22:00:00+03:00,0.6953265021142871,2026-09-19T18:00:00+03:00
2026-09-20T23:00:00+03:00,0.6953265021142871,2026-09-19T18:00:00+03:00
2026-09-21T00:00:00+03:00,0.2693985407484893,2026-09-20T18:00:00+03:00
2026-09-21T01:00:00+03:00,0.0,2026-09-20T18:00:00+03:00
2026-09-21T02:00:00+03:00,0.0437246848349647,2026-09-20T18:00:00+03:00
2026-09-21T03:00:00+03:00,0.0,2026-09-20T18:00:00+03:00
2026-09-21T04:00:00+03:00,0.0,2026-09-20T18:00:00+03:00
2026-09-21T05:00:00+03:00,0.0,2026-09-20T18:00:00+03:00
2026-09-21T06:00:00+03:00,0.0,2026-09-20T18:00:00+03:00
2026-09-21T07:00:00+03:00,3.086845765933808,2026-09-20T18:00:00+03:00
2026-09-21T08:00:00+03:00,108.4915496831493,2026-09-20T18:00:00+03:00
2026-09-21T09:00:00+03:00,278.3355651325095,2026-09-20T18:00:00+03:00
2026-09-21T10:00:00+03:00,496.8488576997813,2026-09-20T18:00:00+03:00
2026-09-21T11:00:00+03:00,676.1773849225367,2026-09-20T18:00:00+03:00
2026-09-21T12:00:00+03:00,733.4811139375071,2026-09-20T18:00:00+03:00
2026-09-21T13:00:00+03:00,801.5696677034565,2026-09-20T18:00:00+03:00
2026-09-21T14:00:00+03:00,773.3702162187773,2026-09-20T18:00:00+03:00
2026-09-21T15:00:00+03:00,720.3816982951164,2026-09-20T18:00:00+03:00
2026-09-21T16:00:00+03:00,572.6265601864565,2026-09-20T18:00:00+03:00
2026-09-21T17:00:00+03:00,393.07450092565625,2026-09-20T18:00:00+03:00
2026-09-21T18:00:00+03:00,204.34383080898692,2026-09-20T18:00:00+03:00
2026-09-21T19:00:00+03:00,39.253955710643694,2026-09-20T18:00:00+03:00
2026-09-21T20:00:00+03:00,0.2903858101727041,2026-09-20T18:00:00+03:00
2026-09-21T21:00:00+03:00,0.0,2026-09-20T18:00:00+03:00
2026-09-21T22:00:00+03:00,0.0,2026-09-20T18:00:00+03:00
2026-09-21T23:00:00+03:00,0.0,2026-09-20T18:00:00+03:00
2026-09-22T00:00:00+03:00,0.0,2026-09-21T18:00:00+03:00
2026-09-22T01:00:00+03:00,0.0437246848349647,2026-09-21T18:00:00+03:00
2026-09-22T02:00:00+03:00,0.0,2026-09-21T18:00:00+03:00
2026-09-22T03:00:00+03:00,0.0,2026-09-21T18:00:00+03:00
2026-09-22T04:00:00+03:00,0.0437246848349647,2026-09-21T18:00:00+03:00
2026-09-22T05:00:00+03:00,0.0,2026-09-21T18:00:00+03:00
2026-09-22T06:00:00+03:00,0.0,2026-09-21T18:00:00+03:00
2026-09-22T07:00:00+03:00,5.1328878070305715,2026-09-21T18:00:00+03:00
2026-09-22T08:00:00+03:00,110.4561943571944,2026-09-21T18:00:00+03:00
2026-09-22T09:00:00+03:00,291.23393567920635,2026-09-21T18:00:00+03:00
2026-09-22T10:00:00+03:00,491.8811062140287,2026-09-21T18:00:00+03:00
2026-09-22T11:00:00+03:00,681.7391957939595,2026-09-21T18:00:00+03:00
2026-09-22T12:00:00+03:00,753.6831844226439,2026-09-21T18:00:00+03:00
2026-09-22T13:00:00+03:00,802.6429447664013,2026-09-21T18:00:00+03:00
2026-09-22T14:00:00+03:00,794.719358055136,2026-09-21T18:00:00+03:00
2026-09-22T15:00:00+03:00,682.5141302746715,2026-09-21T18:00:00+03:00
2026-09-22T16:00:00+03:00,572.3774017094461,2026-09-21T18:00:00+03:00
2026-09-22T17:00:00+03:00,393.01627926380337,2026-09-21T18:00:00+03:00
2026-09-22T18:00:00+03:00,201.89810176538077,2026-09-21T18:00:00+03:00
2026-09-22T19:00:00+03:00,32.454281817512005,2026-09-21T18:00:00+03:00
2026-09-22T20:00:00+03:00,0.0437246848349647,2026-09-21T18:00:00+03:00
2026-09-22T21:00:00+03:00,0.0437246848349647,2026-09-21T18:00:00+03:00
2026-09-22T22:00:00+03:00,0.0437246848349647,2026-09-21T18:00:00+03:00
2026-09-22T23:00:00+03:00,0.0437246848349647,2026-09-21T18:00:00+03:00
2026-09-23T00:00:00+03:00,0.4016381053795643,2026-09-22T18:00:00+03:00
2026-09-23T01:00:00+03:00,0.4016381053795643,2026-09-22T18:00:00+03:00
2026-09-23T02:00:00+03:00,0.0157160206591918,2026-09-22T18:00:00+03:00
2026-09-23T03:00:00+03:00,0.0157160206591918,2026-09-22T18:00:00+03:00
2026-09-23T04:00:00+03:00,0.0157160206591918,2026-09-22T18:00:00+03:00
2026-09-23T05:00:00+03:00,0.0,2026-09-22T18:00:00+03:00
2026-09-23T06:00:00+03:00,0.0,2026-09-22T18:00:00+03:00
2026-09-23T07:00:00+03:00,1.8235745245810089,2026-09-22T18:00:00+03:00
2026-09-23T08:00:00+03:00,114.35279890763611,2026-09-22T18:00:00+03:00
2026-09-23T09:00:00+03:00,293.0146958130232,2026-09-22T18:00:00+03:00
2026-09-23T10:00:00+03:00,480.89600888348934,2026-09-22T18:00:00+03:00
2026-09-23T11:00:00+03:00,654.4567616174837,2026-09-22T18:00:00+03:00
2026-09-23T12:00:00+03:00,781.510607321578,2026-09-22T18:00:00+03:00
2026-09-23T13:00:00+03:00,809.1949793795766,2026-09-22T18:00:00+03:00
2026-09-23T14:00:00+03:00,791.2108560766898,2026-09-22T18:00:00+03:00
2026-09-23T15:00:00+03:00,679.0956027655388,2026-09-22T18:00:00+03:00
2026-09-23T16:00:00+03:00,532.3464817452913,2026-09-22T18:00:00+03:00
2026-09-23T17:00:00+03:00,359.84846958759124,2026-09-22T18:00:00+03:00
2026-09-23T18:00:00+03:00,186.58966812316345,2026-09-22T18:00:00+03:00
2026-09-23T19:00:00+03:00,31.31954679366825,2026-09-22T18:00:00+03:00
2026-09-23T20:00:00+03:00,0.0,2026-09-22T18:00:00+03:00
2026-09-23T21:00:00+03:00,0.0,2026-09-22T18:00:00+03:00
2026-09-23T22:00:00+03:00,0.0,2026-09-22T18:00:00+03:00
2026-09-23T23:00:00+03:00,0.0,2026-09-22T18:00:00+03:00
2026-09-24T00:00:00+03:00,0.0,2026-09-23T18:00:00+03:00
2026-09-24T01:00:00+03:00,0.0,2026-09-23T18:00:00+03:00
2026-09-24T02:00:00+03:00,0.2693985407484893,2026-09-23T18:00:00+03:00
2026-09-24T03:00:00+03:00,0.0,2026-09-23T18:00:00+03:00
2026-09-24T04:00:00+03:00,0.0,2026-09-23T18:00:00+03:00
2026-09-24T05:00:00+03:00,0.0,2026-09-23T18:00:00+03:00
2026-09-24T06:00:00+03:00,0.0,2026-09-23T18:00:00+03:00
2026-09-24T07:00:00+03:00,0.6437848497800157,2026-09-23T18:00:00+03:00
2026-09-24T08:00:00+03:00,117.1360315017818,2026-09-23T18:00:00+03:00
2026-09-24T09:00:00+03:00,300.2339106794168,2026-09-23T18:00:00+03:00
2026-09-24T10:00:00+03:00,488.9948873205466,2026-09-23T18:00:00+03:00
2026-09-24T11:00:00+03:00,640.4462621711699,2026-09-23T18:00:00+03:00
2026-09-24T12:00:00+03:00,756.4715810944489,2026-09-23T18:00:00+03:00
2026-09-24T13:00:00+03:00,782.048838644886,2026-09-23T18:00:00+03:00
2026-09-24T14:00:00+03:00,769.6719841589827,2026-09-23T18:00:00+03:00
2026-09-24T15:00:00+03:00,709.9090122676924,2026-09-23T18:00:00+03:00
2026-09-24T16:00:00+03:00,584.5796382556146,2026-09-23T18:00:00+03:00
2026-09-24T17:00:00+03:00,403.58379179219605,2026-09-23T18:00:00+03:00
2026-09-24T18:00:00+03:00,173.18612917127314,2026-09-23T18:00:00+03:00
2026-09-24T19:00:00+03:00,32.40614681264412,2026-09-23T18:00:00+03:00
2026-09-24T20:00:00+03:00,0.0,2026-09-23T18:00:00+03:00
2026-09-24T21:00:00+03:00,0.0,2026-09-23T18:00:00+03:00
2026-09-24T22:00:00+03:00,0.4496800563038553,2026-09-23T18:00:00+03:00
2026-09-24T23:00:00+03:00,0.4496800563038553,2026-09-23T18:00:00+03:00
2026-09-25T00:00:00+03:00,0.6186473712204891,2026-09-24T18:00:00+03:00
2026-09-25T01:00:00+03:00,0.6186473712204891,2026-09-24T18:00:00+03:00
2026-09-25T02:00:00+03:00,0.5945427568340272,2026-09-24T18:00:00+03:00
2026-09-25T03:00:00+03:00,0.5945427568340272,2026-09-24T18:00:00+03:00
2026-09-25T04:00:00+03:00,0.6186473712204891,2026-09-24T18:00:00+03:00
2026-09-25T05:00:00+03:00,0.6186473712204891,2026-09-24T18:00:00+03:00
2026-09-25T06:00:00+03:00,0.6186473712204891,2026-09-24T18:00:00+03:00
2026-09-25T07:00:00+03:00,2.349986111385735,2026-09-24T18:00:00+03:00
2026-09-25T08:00:00+03:00,114.33131016289946,2026-09-24T18:00:00+03:00
2026-09-25T09:00:00+03:00,295.00189821917076,2026-09-24T18:00:00+03:00
2026-09-25T10:00:00+03:00,472.7146537963434,2026-09-24T18:00:00+03:00
2026-09-25T11:00:00+03:00,620.1223458433508,2026-09-24T18:00:00+03:00
2026-09-25T12:00:00+03:00,720.872528070179,2026-09-24T18:00:00+03:00
2026-09-25T13:00:00+03:00,805.7129759398906,2026-09-24T18:00:00+03:00
2026-09-25T14:00:00+03:00,764.7234280386343,2026-09-24T18:00:00+03:00
2026-09-25T15:00:00+03:00,705.3450662317096,2026-09-24T18:00:00+03:00
2026-09-25T16:00:00+03:00,520.4764441145398,2026-09-24T18:00:00+03:00
2026-09-25T17:00:00+03:00,351.56423949041005,2026-09-24T18:00:00+03:00
2026-09-25T18:00:00+03:00,178.80374380770738,2026-09-24T18:00:00+03:00
2026-09-25T19:00:00+03:00,29.87324419103618,2026-09-24T18:00:00+03:00
2026-09-25T20:00:00+03:00,0.913443501426116,2026-09-24T18:00:00+03:00
2026-09-25T21:00:00+03:00,0.8924562320019012,2026-09-24T18:00:00+03:00
2026-09-25T22:00:00+03:00,0.8924562320019012,2026-09-24T18:00:00+03:00
2026-09-25T23:00:00+03:00,0.8924562320019012,2026-09-24T18:00:00+03:00
2026-09-26T00:00:00+03:00,0.8723298913097869,2026-09-25T18:00:00+03:00
2026-09-26T01:00:00+03:00,0.8723298913097869,2026-09-25T18:00:00+03:00
2026-09-26T02:00:00+03:00,0.8723298913097869,2026-09-25T18:00:00+03:00
2026-09-26T03:00:00+03:00,0.8723298913097869,2026-09-25T18:00:00+03:00
2026-09-26T04:00:00+03:00,0.8723298913097869,2026-09-25T18:00:00+03:00
2026-09-26T05:00:00+03:00,0.8723298913097869,2026-09-25T18:00:00+03:00
2026-09-26T06:00:00+03:00,0.646656035396262,2026-09-25T18:00:00+03:00
2026-09-26T07:00:00+03:00,3.306533546836913,2026-09-25T18:00:00+03:00
2026-09-26T08:00:00+03:00,110.81779562801448,2026-09-25T18:00:00+03:00
2026-09-26T09:00:00+03:00,300.11472893039064,2026-09-25T18:00:00+03:00
2026-09-26T10:00:00+03:00,493.3928258373147,2026-09-25T18:00:00+03:00
2026-09-26T11:00:00+03:00,654.8604241353866,2026-09-25T18:00:00+03:00
2026-09-26T12:00:00+03:00,755.6067667976789,2026-09-25T18:00:00+03:00
2026-09-26T13:00:00+03:00,816.0234173391923,2026-09-25T18:00:00+03:00
2026-09-26T14:00:00+03:00,791.3137995715222,2026-09-25T18:00:00+03:00
2026-09-26T15:00:00+03:00,749.7382764895788,2026-09-25T18:00:00+03:00
2026-09-26T16:00:00+03:00,557.8597765933067,2026-09-25T18:00:00+03:00
2026-09-26T17:00:00+03:00,375.3922391890076,2026-09-25T18:00:00+03:00
2026-09-26T18:00:00+03:00,179.24599743056632,2026-09-25T18:00:00+03:00
2026-09-26T19:00:00+03:00,22.930978163318095,2026-09-25T18:00:00+03:00
2026-09-26T20:00:00+03:00,0.8933171607340017,2026-09-25T18:00:00+03:00
2026-09-26T21:00:00+03:00,0.8933171607340017,2026-09-25T18:00:00+03:00
2026-09-26T22:00:00+03:00,0.646656035396262,2026-09-25T18:00:00+03:00
2026-09-26T23:00:00+03:00,0.2582129634076974,2026-09-25T18:00:00+03:00
2026-09-27T00:00:00+03:00,0.8924562320019012,2026-09-26T18:00:00+03:00
2026-09-27T01:00:00+03:00,0.8924562320019012,2026-09-26T18:00:00+03:00
2026-09-27T02:00:00+03:00,0.3787657750600883,2026-09-26T18:00:00+03:00
2026-09-27T03:00:00+03:00,0.3997530444843031,2026-09-26T18:00:00+03:00
2026-09-27T04:00:00+03:00,0.3997530444843031,2026-09-26T18:00:00+03:00
2026-09-27T05:00:00+03:00,0.1049569142786762,2026-09-26T18:00:00+03:00
2026-09-27T06:00:00+03:00,0.1049569142786762,2026-09-26T18:00:00+03:00
2026-09-27T07:00:00+03:00,0.09637497030013,2026-09-26T18:00:00+03:00
2026-09-27T08:00:00+03:00,102.63904571159924,2026-09-26T18:00:00+03:00
2026-09-27T09:00:00+03:00,284.71212859596994,2026-09-26T18:00:00+03:00
2026-09-27T10:00:00+03:00,478.55568811396415,2026-09-26T18:00:00+03:00
2026-09-27T11:00:00+03:00,647.1358835986892,2026-09-26T18:00:00+03:00
2026-09-27T12:00:00+03:00,734.2393260501291,2026-09-26T18:00:00+03:00
2026-09-27T13:00:00+03:00,800.8959824969355,2026-09-26T18:00:00+03:00
2026-09-27T14:00:00+03:00,780.6332465913612,2026-09-26T18:00:00+03:00
2026-09-27T15:00:00+03:00,716.0032044792362,2026-09-26T18:00:00+03:00
2026-09-27T16:00:00+03:00,526.3013453440456,2026-09-26T18:00:00+03:00
2026-09-27T17:00:00+03:00,363.5788692974801,2026-09-26T18:00:00+03:00
2026-09-27T18:00:00+03:00,181.2539820812595,2026-09-26T18:00:00+03:00
2026-09-27T19:00:00+03:00,25.84986242325116,2026-09-26T18:00:00+03:00
2026-09-27T20:00:00+03:00,0.3997530444843031,2026-09-26T18:00:00+03:00
2026-09-27T21:00:00+03:00,0.1049569142786762,2026-09-26T18:00:00+03:00
2026-09-27T22:00:00+03:00,0.1049569142786762,2026-09-26T18:00:00+03:00
2026-09-27T23:00:00+03:00,0.2302042992319242,2026-09-26T18:00:00+03:00
2026-09-28T00:00:00+03:00,0.0,2026-09-27T18:00:00+03:00
2026-09-28T01:00:00+03:00,0.0,2026-09-27T18:00:00+03:00
2026-09-28T02:00:00+03:00,0.0129236255324231,2026-09-27T18:00:00+03:00
2026-09-28T03:00:00+03:00,0.0,2026-09-27T18:00:00+03:00
2026-09-28T04:00:00+03:00,0.0129236255324231,2026-09-27T18:00:00+03:00
2026-09-28T05:00:00+03:00,0.0,2026-09-27T18:00:00+03:00
2026-09-28T06:00:00+03:00,0.0129236255324231,2026-09-27T18:00:00+03:00
2026-09-28T07:00:00+03:00,0.0,2026-09-27T18:00:00+03:00
2026-09-28T08:00:00+03:00,112.48074921238302,2026-09-27T18:00:00+03:00
2026-09-28T09:00:00+03:00,292.86887197298324,2026-09-27T18:00:00+03:00
2026-09-28T10:00:00+03:00,490.6943825139447,2026-09-27T18:00:00+03:00
2026-09-28T11:00:00+03:00,637.1203213968652,2026-09-27T18:00:00+03:00
2026-09-28T12:00:00+03:00,735.4511790219191,2026-09-27T18:00:00+03:00
2026-09-28T13:00:00+03:00,776.3668274144363,2026-09-27T18:00:00+03:00
2026-09-28T14:00:00+03:00,758.6047920073463,2026-09-27T18:00:00+03:00
2026-09-28T15:00:00+03:00,675.2905245788808,2026-09-27T18:00:00+03:00
2026-09-28T16:00:00+03:00,537.365591506867,2026-09-27T18:00:00+03:00
2026-09-28T17:00:00+03:00,366.15493921449945,2026-09-27T18:00:00+03:00
2026-09-28T18:00:00+03:00,171.31532365346396,2026-09-27T18:00:00+03:00
2026-09-28T19:00:00+03:00,19.818784391270487,2026-09-27T18:00:00+03:00
2026-09-28T20:00:00+03:00,0.0129236255324231,2026-09-27T18:00:00+03:00
2026-09-28T21:00:00+03:00,0.0129236255324231,2026-09-27T18:00:00+03:00
2026-09-28T22:00:00+03:00,0.0129236255324231,2026-09-27T18:00:00+03:00
2026-09-28T23:00:00+03:00,0.0129236255324231,2026-09-27T18:00:00+03:00
2026-09-29T00:00:00+03:00,0.2302042992319242,2026-09-28T18:00:00+03:00
2026-09-29T01:00:00+03:00,0.6186473712204891,2026-09-28T18:00:00+03:00
2026-09-29T02:00:00+03:00,0.6186473712204891,2026-09-28T18:00:00+03:00
2026-09-29T03:00:00+03:00,0.6186473712204891,2026-09-28T18:00:00+03:00
2026-09-29T04:00:00+03:00,0.6186473712204891,2026-09-28T18:00:00+03:00
2026-09-29T05:00:00+03:00,0.6186473712204891,2026-09-28T18:00:00+03:00
2026-09-29T06:00:00+03:00,0.6186473712204891,2026-09-28T18:00:00+03:00
2026-09-29T07:00:00+03:00,1.0744791009654062,2026-09-28T18:00:00+03:00
2026-09-29T08:00:00+03:00,107.22504172563772,2026-09-28T18:00:00+03:00
2026-09-29T09:00:00+03:00,281.03842746207596,2026-09-28T18:00:00+03:00
2026-09-29T10:00:00+03:00,460.63945701539905,2026-09-28T18:00:00+03:00
2026-09-29T11:00:00+03:00,641.2480078747149,2026-09-28T18:00:00+03:00
2026-09-29T12:00:00+03:00,753.5080312094994,2026-09-28T18:00:00+03:00
2026-09-29T13:00:00+03:00,766.9584756773429,2026-09-28T18:00:00+03:00
2026-09-29T14:00:00+03:00,757.7062688090857,2026-09-28T18:00:00+03:00
2026-09-29T15:00:00+03:00,657.1991141225624,2026-09-28T18:00:00+03:00
2026-09-29T16:00:00+03:00,510.96129145998657,2026-09-28T18:00:00+03:00
2026-09-29T17:00:00+03:00,336.9190238667044,2026-09-28T18:00:00+03:00
2026-09-29T18:00:00+03:00,149.91879018394974,2026-09-28T18:00:00+03:00
2026-09-29T19:00:00+03:00,16.054590321309217,2026-09-28T18:00:00+03:00
2026-09-29T20:00:00+03:00,0.6186473712204891,2026-09-28T18:00:00+03:00
2026-09-29T21:00:00+03:00,0.913443501426116,2026-09-28T18:00:00+03:00
2026-09-29T22:00:00+03:00,0.913443501426116,2026-09-28T18:00:00+03:00
2026-09-29T23:00:00+03:00,0.6186473712204891,2026-09-28T18:00:00+03:00
2026-09-30T00:00:00+03:00,0.5985210305283748,2026-09-29T18:00:00+03:00
2026-09-30T01:00:00+03:00,0.8933171607340017,2026-09-29T18:00:00+03:00
2026-09-30T02:00:00+03:00,0.8723298913097869,2026-09-29T18:00:00+03:00
2026-09-30T03:00:00+03:00,0.9907217804921958,2026-09-29T18:00:00+03:00
2026-09-30T04:00:00+03:00,0.0,2026-09-29T18:00:00+03:00
2026-09-30T05:00:00+03:00,0.0,2026-09-29T18:00:00+03:00
2026-09-30T06:00:00+03:00,0.0,2026-09-29T18:00:00+03:00
2026-09-30T07:00:00+03:00,0.0,2026-09-29T18:00:00+03:00
2026-09-30T08:00:00+03:00,89.66267460931202,2026-09-29T18:00:00+03:00
2026-09-30T09:00:00+03:00,281.6660527578427,2026-09-29T18:00:00+03:00
2026-09-30T10:00:00+03:00,493.42412322600035,2026-09-29T18:00:00+03:00
2026-09-30T11:00:00+03:00,610.7646548143956,2026-09-29T18:00:00+03:00
2026-09-30T12:00:00+03:00,728.9799043887563,2026-09-29T18:00:00+03:00
2026-09-30T13:00:00+03:00,734.7381786705138,2026-09-29T18:00:00+03:00
2026-09-30T14:00:00+03:00,719.87930818928,2026-09-29T18:00:00+03:00
2026-09-30T15:00:00+03:00,649.1633946933732,2026-09-29T18:00:00+03:00
2026-09-30T16:00:00+03:00,541.6148678478247,2026-09-29T18:00:00+03:00
2026-09-30T17:00:00+03:00,352.285043187973,2026-09-29T18:00:00+03:00
2026-09-30T18:00:00+03:00,138.7036185057929,2026-09-29T18:00:00+03:00
2026-09-30T19:00:00+03:00,16.034463980617115,2026-09-29T18:00:00+03:00
2026-09-30T20:00:00+03:00,0.8723298913097869,2026-09-29T18:00:00+03:00
2026-09-30T21:00:00+03:00,0.8723298913097869,2026-09-29T18:00:00+03:00
2026-09-30T22:00:00+03:00,0.8723298913097869,2026-09-29T18:00:00+03:00
2026-09-30T23:00:00+03:00,0.8933171607340017,2026-09-29T18:00:00+03:00
