origin,fold,truth,forward_probability
2024-09-15 00:00:00,1,0,
2024-09-15 01:00:00,1,0,
2024-09-15 02:00:00,1,0,
2024-09-15 03:00:00,1,0,
2024-09-15 04:00:00,1,0,
2024-09-15 05:00:00,1,0,
2024-09-15 06:00:00,1,0,
2024-09-15 07:00:00,1,0,
2024-09-15 08:00:00,1,0,
2024-09-15 09:00:00,1,0,
2024-09-15 10:00:00,1,0,
2024-09-15 11:00:00,1,0,
2024-09-15 12:00:00,1,1,
2024-09-15 13:00:00,1,1,
2024-09-15 14:00:00,1,1,
2024-09-15 15:00:00,1,1,
2024-09-15 16:00:00,1,0,
2024-09-15 17:00:00,1,0,
2024-09-15 18:00:00,1,0,
2024-09-15 19:00:00,1,0,
2024-09-15 20:00:00,1,0,
2024-09-15 21:00:00,1,0,
2024-09-15 22:00:00,1,0,
2024-09-15 23:00:00,1,0,
2024-09-16 00:00:00,1,0,
2024-09-16 01:00:00,1,0,
2024-09-16 02:00:00,1,0,
2024-09-16 03:00:00,1,0,
2024-09-16 04:00:00,1,0,
2024-09-16 05:00:00,1,0,
2024-09-16 06:00:00,1,0,
2024-09-16 07:00:00,1,0,
2024-09-16 08:00:00,1,0,
2024-09-16 09:00:00,1,0,
2024-09-16 10:00:00,1,0,
2024-09-16 11:00:00,1,1,
2024-09-16 12:00:00,1,1,
2024-09-16 13:00:00,1,1,
2024-09-16 14:00:00,1,1,
2024-09-16 15:00:00,1,1,
2024-09-16 16:00:00,1,0,
2024-09-16 17:00:00,1,0,
2024-09-16 18:00:00,1,0,
2024-09-16 19:00:00,1,0,
2024-09-16 20:00:00,1,0,
2024-09-16 21:00:00,1,0,
2024-09-16 22:00:00,1,0,
2024-09-16 23:00:00,1,0,
2024-09-17 00:00:00,1,0,
2024-09-17 01:00:00,1,0,
2024-09-17 02:00:00,1,0,
2024-09-17 03:00:00,1,0,
2024-09-17 04:00:00,1,0,
2024-09-17 05:00:00,1,0,
2024-09-17 06:00:00,1,0,
2024-09-17 07:00:00,1,0,
2024-09-17 08:00:00,1,0,
2024-09-17 09:00:00,1,0,
2024-09-17 10:00:00,1,0,
2024-09-17 11:00:00,1,1,
2024-09-17 12:00:00,1,1,
2024-09-17 13:00:00,1,1,
2024-09-17 14:00:00,1,1,
2024-09-17 15:00:00,1,0,
2024-09-17 16:00:00,1,0,
2024-09-17 17:00:00,1,0,
2024-09-17 18:00:00,1,0,
2024-09-17 19:00:00,1,0,
2024-09-17 20:00:00,1,0,
2024-09-17 21:00:00,1,0,
2024-09-17 22:00:00,1,0,
2024-09-17 23:00:00,1,0,
2024-09-18 00:00:00,1,0,
2024-09-18 01:00:00,1,0,
2024-09-18 02:00:00,1,0,
2024-09-18 03:00:00,1,0,
2024-09-18 04:00:00,1,0,
2024-09-18 05:00:00,1,0,
2024-09-18 06:00:00,1,0,
2024-09-18 07:00:00,1,0,
2024-09-18 08:00:00,1,0,
2024-09-18 09:00:00,1,0,
2024-09-18 10:00:00,1,0,
2024-09-18 11:00:00,1,0,
2024-09-18 12:00:00,1,1,
2024-09-18 13:00:00,1,1,
2024-09-18 14:00:00,1,1,
2024-09-18 15:00:00,1,1,
2024-09-18 16:00:00,1,0,
2024-09-18 17:00:00,1,0,
2024-09-18 18:00:00,1,0,
2024-09-18 19:00:00,1,0,
2024-09-18 20:00:00,1,0,
2024-09-18 21:00:00,1,0,
2024-09-18 22:00:00,1,0,
2024-09-18 23:00:00,1,0,
2024-09-19 00:00:00,1,0,
2024-09-19 01:00:00,1,0,
2024-09-19 02:00:00,1,0,
2024-09-19 03:00:00,1,0,
2024-09-19 04:00:00,1,0,
2024-09-19 05:00:00,1,0,
2024-09-19 06:00:00,1,0,
2024-09-19 07:00:00,1,0,
2024-09-19 08:00:00,1,0,
2024-09-19 09:00:00,1,0,
2024-09-19 10:00:00,1,0,
2024-09-19 11:00:00,1,1,
2024-09-19 12:00:00,1,1,
2024-09-19 13:00:00,1,1,
2024-09-19 14:00:00,1,1,
2024-09-19 15:00:00,1,0,
2024-09-19 16:00:00,1,0,
2024-09-19 17:00:00,1,0,
2024-09-19 18:00:00,1,0,
2024-09-19 19:00:00,1,0,
2024-09-19 20:00:00,1,0,
2024-09-19 21:00:00,1,0,
2024-09-19 22:00:00,1,0,
2024-09-19 23:00:00,1,0,
2024-09-20 00:00:00,1,0,
2024-09-20 01:00:00,1,0,
2024-09-20 02:00:00,1,0,
2024-09-20 03:00:00,1,0,
2024-09-20 04:00:00,1,0,
2024-09-20 05:00:00,1,0,
2024-09-20 06:00:00,1,0,
2024-09-20 07:00:00,1,0,
2024-09-20 08:00:00,1,0,
2024-09-20 09:00:00,1,0,
2024-09-20 10:00:00,1,0,
2024-09-20 11:00:00,1,1,
2024-09-20 12:00:00,1,1,
2024-09-20 13:00:00,1,1,
2024-09-20 14:00:00,1,1,
2024-09-20 15:00:00,1,1,
2024-09-20 16:00:00,1,0,
2024-09-20 17:00:00,1,0,
2024-09-20 18:00:00,1,0,
2024-09-20 19:00:00,1,0,
2024-09-20 20:00:00,1,0,
2024-09-20 21:00:00,1,0,
2024-09-20 22:00:00,1,0,
2024-09-20 23:00:00,1,0,
2024-09-21 00:00:00,1,0,
2024-09-21 01:00:00,1,0,
2024-09-21 02:00:00,1,0,
2024-09-21 03:00:00,1,0,
2024-09-21 04:00:00,1,0,
2024-09-21 05:00:00,1,0,
2024-09-21 06:00:00,1,0,
2024-09-21 07:00:00,1,0,
2024-09-21 08:00:00,1,0,
2024-09-21 09:00:00,1,0,
2024-09-21 10:00:00,1,0,
2024-09-21 11:00:00,1,1,
2024-09-21 12:00:00,1,1,
2024-09-21 13:00:00,1,1,
2024-09-21 14:00:00,1,1,
2024-09-21 15:00:00,1,1,
2024-09-21 16:00:00,1,0,
2024-09-21 17:00:00,1,0,
2024-09-21 18:00:00,1,0,
2024-09-21 19:00:00,1,0,
2024-09-21 20:00:00,1,0,
2024-09-21 21:00:00,1,0,
2024-09-21 22:00:00,1,0,
2024-09-21 23:00:00,1,0,
2024-09-22 00:00:00,1,0,
2024-09-22 01:00:00,1,0,
2024-09-22 02:00:00,1,0,
2024-09-22 03:00:00,1,0,
2024-09-22 04:00:00,1,0,
2024-09-22 05:00:00,1,0,
2024-09-22 06:00:00,1,0,
2024-09-22 07:00:00,1,0,
2024-09-22 08:00:00,1,0,
2024-09-22 09:00:00,1,0,
2024-09-22 10:00:00,1,0,
2024-09-22 11:00:00,1,0,
2024-09-22 12:00:00,1,1,
2024-09-22 13:00:00,1,1,
2024-09-22 14:00:00,1,1,
2024-09-22 15:00:00,1,0,
2024-09-22 16:00:00,1,0,
2024-09-22 17:00:00,1,0,
2024-09-22 18:00:00,1,0,
2024-09-22 19:00:00,1,0,
2024-09-22 20:00:00,1,0,
2024-09-22 21:00:00,1,0,
2024-09-22 22:00:00,1,0,
2024-09-22 23:00:00,1,0,
2024-09-23 00:00:00,1,0,
2024-09-23 01:00:00,1,0,
2024-09-23 02:00:00,1,0,
2024-09-23 03:00:00,1,0,
2024-09-23 04:00:00,1,0,
2024-09-23 05:00:00,1,0,
2024-09-23 06:00:00,1,0,
2024-09-23 07:00:00,1,0,
2024-09-23 08:00:00,1,0,
2024-09-23 09:00:00,1,0,
2024-09-23 10:00:00,1,0,
2024-09-23 11:00:00,1,1,
2024-09-23 12:00:00,1,1,
2024-09-23 13:00:00,1,1,
2024-09-23 14:00:00,1,1,
2024-09-23 15:00:00,1,1,
2024-09-23 16:00:00,1,0,
2024-09-23 17:00:00,1,0,
2024-09-23 18:00:00,1,0,
2024-09-23 19:00:00,1,0,
2024-09-23 20:00:00,1,0,
2024-09-23 21:00:00,1,0,
2024-09-23 22:00:00,1,0,
2024-09-23 23:00:00,1,0,
2024-09-24 00:00:00,1,0,
2024-09-24 01:00:00,1,0,
2024-09-24 02:00:00,1,0,
2024-09-24 03:00:00,1,0,
2024-09-24 04:00:00,1,0,
2024-09-24 05:00:00,1,0,
2024-09-24 06:00:00,1,0,
2024-09-24 07:00:00,1,0,
2024-09-24 08:00:00,1,0,
2024-09-24 09:00:00,1,0,
2024-09-24 10:00:00,1,0,
2024-09-24 11:00:00,1,1,
2024-09-24 12:00:00,1,1,
2024-09-24 13:00:00,1,1,
2024-09-24 14:00:00,1,1,
2024-09-24 15:00:00,1,1,
2024-09-24 16:00:00,1,0,
2024-09-24 17:00:00,1,0,
2024-09-24 18:00:00,1,0,
2024-09-24 19:00:00,1,0,
2024-09-24 20:00:00,1,0,
2024-09-24 21:00:00,1,0,
2024-09-24 22:00:00,1,0,
2024-09-24 23:00:00,1,0,
2024-09-25 00:00:00,1,0,
2024-09-25 01:00:00,1,0,
2024-09-25 02:00:00,1,0,
2024-09-25 03:00:00,1,0,
2024-09-25 04:00:00,1,0,
2024-09-25 05:00:00,1,0,
2024-09-25 06:00:00,1,0,
2024-09-25 07:00:00,1,0,
2024-09-25 08:00:00,1,0,
2024-09-25 09:00:00,1,0,
2024-09-25 10:00:00,1,0,
2024-09-25 11:00:00,1,1,
2024-09-25 12:00:00,1,1,
2024-09-25 13:00:00,1,1,
2024-09-25 14:00:00,1,1,
2024-09-25 15:00:00,1,1,
2024-09-25 16:00:00,1,0,
2024-09-25 17:00:00,1,0,
2024-09-25 18:00:00,1,0,
2024-09-25 19:00:00,1,0,
2024-09-25 20:00:00,1,0,
2024-09-25 21:00:00,1,0,
2024-09-25 22:00:00,1,0,
2024-09-25 23:00:00,1,0,
2024-09-26 00:00:00,1,0,
2024-09-26 01:00:00,1,0,
2024-09-26 02:00:00,1,0,
2024-09-26 03:00:00,1,0,
2024-09-26 04:00:00,1,0,
2024-09-26 05:00:00,1,0,
2024-09-26 06:00:00,1,0,
2024-09-26 07:00:00,1,0,
2024-09-26 08:00:00,1,0,
2024-09-26 09:00:00,1,0,
2024-09-26 10:00:00,1,0,
2024-09-26 11:00:00,1,1,
2024-09-26 12:00:00,1,1,
2024-09-26 13:00:00,1,1,
2024-09-26 14:00:00,1,1,
2024-09-26 15:00:00,1,1,
2024-09-26 16:00:00,1,0,
2024-09-26 17:00:00,1,0,
2024-09-26 18:00:00,1,0,
2024-09-26 19:00:00,1,0,
2024-09-26 20:00:00,1,0,
2024-09-26 21:00:00,1,0,
2024-09-26 22:00:00,1,0,
2024-09-26 23:00:00,1,0,
2024-09-27 00:00:00,1,0,
2024-09-27 01:00:00,1,0,
2024-09-27 02:00:00,1,0,
2024-09-27 03:00:00,1,0,
2024-09-27 04:00:00,1,0,
2024-09-27 05:00:00,1,0,
2024-09-27 06:00:00,1,0,
2024-09-27 07:00:00,1,0,
2024-09-27 08:00:00,1,0,
2024-09-27 09:00:00,1,0,
2024-09-27 10:00:00,1,0,
2024-09-27 11:00:00,1,1,
2024-09-27 12:00:00,1,1,
2024-09-27 13:00:00,1,1,
2024-09-27 14:00:00,1,1,
2024-09-27 15:00:00,1,1,
2024-09-27 16:00:00,1,0,
2024-09-27 17:00:00,1,0,
2024-09-27 18:00:00,1,0,
2024-09-27 19:00:00,1,0,
2024-09-27 20:00:00,1,0,
2024-09-27 21:00:00,1,0,
2024-09-27 22:00:00,1,0,
2024-09-27 23:00:00,1,0,
2024-09-28 00:00:00,1,0,
2024-09-28 01:00:00,1,0,
2024-09-28 02:00:00,1,0,
2024-09-28 03:00:00,1,0,
2024-09-28 04:00:00,1,0,
2024-09-28 05:00:00,1,0,
2024-09-28 06:00:00,1,0,
2024-09-28 07:00:00,1,0,
2024-09-28 08:00:00,1,0,
2024-09-28 09:00:00,1,0,
2024-09-28 10:00:00,1,0,
2024-09-28 11:00:00,1,1,
2024-09-28 12:00:00,1,1,
2024-09-28 13:00:00,1,1,
2024-09-28 14:00:00,1,1,
2024-09-28 15:00:00,1,1,
2024-09-28 16:00:00,1,0,
2024-09-28 17:00:00,1,0,
2024-09-28 18:00:00,1,0,
2024-09-28 19:00:00,1,0,
2024-09-28 20:00:00,1,0,
2024-09-28 21:00:00,1,0,
2024-09-28 22:00:00,1,0,
2024-09-28 23:00:00,1,0,
2024-09-29 00:00:00,1,0,
2024-09-29 01:00:00,1,0,
2024-09-29 02:00:00,1,0,
2024-09-29 03:00:00,1,0,
2024-09-29 04:00:00,1,0,
2024-09-29 05:00:00,1,0,
2024-09-29 06:00:00,1,0,
2024-09-29 07:00:00,1,0,
2024-09-29 08:00:00,1,0,
2024-09-29 09:00:00,1,0,
2024-09-29 10:00:00,1,0,
2024-09-29 11:00:00,1,1,
2024-09-29 12:00:00,1,1,
2024-09-29 13:00:00,1,1,
2024-09-29 14:00:00,1,1,
2024-09-29 15:00:00,1,1,
2024-09-29 16:00:00,1,0,
2024-09-29 17:00:00,1,0,
2024-09-29 18:00:00,1,0,
2024-09-29 19:00:00,1,0,
2024-09-29 20:00:00,1,0,
2024-09-29 21:00:00,1,0,
2024-09-29 22:00:00,1,0,
2024-09-29 23:00:00,1,0,
2024-09-30 00:00:00,1,0,
2024-09-30 01:00:00,1,0,
2024-09-30 02:00:00,1,0,
2024-09-30 03:00:00,1,0,
2024-09-30 04:00:00,1,0,
2024-09-30 05:00:00,1,0,
2024-09-30 06:00:00,1,0,
2024-09-30 07:00:00,1,0,
2024-09-30 08:00:00,1,0,
2024-09-30 09:00:00,1,0,
2024-09-30 10:00:00,1,0,
2024-09-30 11:00:00,1,1,
2024-09-30 12:00:00,1,1,
2024-09-30 13:00:00,1,1,
2024-09-30 14:00:00,1,1,
2024-09-30 15:00:00,1,1,
2024-09-30 16:00:00,1,0,
2024-09-30 17:00:00,1,0,
2024-09-30 18:00:00,1,0,
2024-09-30 19:00:00,1,0,
2024-09-30 20:00:00,1,0,
2024-09-30 21:00:00,1,0,
2024-09-30 22:00:00,1,0,
2024-09-30 23:00:00,1,0,
2024-10-01 00:00:00,2,0,
2024-10-01 01:00:00,2,0,
2024-10-01 02:00:00,2,0,
2024-10-01 03:00:00,2,0,
2024-10-01 04:00:00,2,0,
2024-10-01 05:00:00,2,0,
2024-10-01 06:00:00,2,0,
2024-10-01 07:00:00,2,0,
2024-10-01 08:00:00,2,0,
2024-10-01 09:00:00,2,0,
2024-10-01 10:00:00,2,0,
2024-10-01 11:00:00,2,1,
2024-10-01 12:00:00,2,1,
2024-10-01 13:00:00,2,1,
2024-10-01 14:00:00,2,1,
2024-10-01 15:00:00,2,1,
2024-10-01 16:00:00,2,0,
2024-10-01 17:00:00,2,0,
2024-10-01 18:00:00,2,0,
2024-10-01 19:00:00,2,0,
2024-10-01 20:00:00,2,0,
2024-10-01 21:00:00,2,0,
2024-10-01 22:00:00,2,0,
2024-10-01 23:00:00,2,0,
2024-10-02 00:00:00,2,0,
2024-10-02 01:00:00,2,0,
2024-10-02 02:00:00,2,0,
2024-10-02 03:00:00,2,0,
2024-10-02 04:00:00,2,0,
2024-10-02 05:00:00,2,0,
2024-10-02 06:00:00,2,0,
2024-10-02 07:00:00,2,0,
2024-10-02 08:00:00,2,0,
2024-10-02 09:00:00,2,0,
2024-10-02 10:00:00,2,0,
2024-10-02 11:00:00,2,1,
2024-10-02 12:00:00,2,1,
2024-10-02 13:00:00,2,1,
2024-10-02 14:00:00,2,1,
2024-10-02 15:00:00,2,0,
2024-10-02 16:00:00,2,0,
2024-10-02 17:00:00,2,0,
2024-10-02 18:00:00,2,0,
2024-10-02 19:00:00,2,0,
2024-10-02 20:00:00,2,0,
2024-10-02 21:00:00,2,0,
2024-10-02 22:00:00,2,0,
2024-10-02 23:00:00,2,0,
2024-10-03 00:00:00,2,0,
2024-10-03 01:00:00,2,0,
2024-10-03 02:00:00,2,0,
2024-10-03 03:00:00,2,0,
2024-10-03 04:00:00,2,0,
2024-10-03 05:00:00,2,0,
2024-10-03 06:00:00,2,0,
2024-10-03 07:00:00,2,0,
2024-10-03 08:00:00,2,0,
2024-10-03 09:00:00,2,0,
2024-10-03 10:00:00,2,0,
2024-10-03 11:00:00,2,1,
2024-10-03 12:00:00,2,1,
2024-10-03 13:00:00,2,1,
2024-10-03 14:00:00,2,1,
2024-10-03 15:00:00,2,0,
2024-10-03 16:00:00,2,0,
2024-10-03 17:00:00,2,0,
2024-10-03 18:00:00,2,0,
2024-10-03 19:00:00,2,0,
2024-10-03 20:00:00,2,0,
2024-10-03 21:00:00,2,0,
2024-10-03 22:00:00,2,0,
2024-10-03 23:00:00,2,0,
2024-10-04 00:00:00,2,0,
2024-10-04 01:00:00,2,0,
2024-10-04 02:00:00,2,0,
2024-10-04 03:00:00,2,0,
2024-10-04 04:00:00,2,0,
2024-10-04 05:00:00,2,0,
2024-10-04 06:00:00,2,0,
2024-10-04 07:00:00,2,0,
2024-10-04 08:00:00,2,0,
2024-10-04 09:00:00,2,0,
2024-10-04 10:00:00,2,0,
2024-10-04 11:00:00,2,1,
2024-10-04 12:00:00,2,1,
2024-10-04 13:00:00,2,1,
2024-10-04 14:00:00,2,1,
2024-10-04 15:00:00,2,1,
2024-10-04 16:00:00,2,0,
2024-10-04 17:00:00,2,0,
2024-10-04 18:00:00,2,0,
2024-10-04 19:00:00,2,0,
2024-10-04 20:00:00,2,0,
2024-10-04 21:00:00,2,0,
2024-10-04 22:00:00,2,0,
2024-10-04 23:00:00,2,0,
2024-10-05 00:00:00,2,0,
2024-10-05 01:00:00,2,0,
2024-10-05 02:00:00,2,0,
2024-10-05 03:00:00,2,0,
2024-10-05 04:00:00,2,0,
2024-10-05 05:00:00,2,0,
2024-10-05 06:00:00,2,0,
2024-10-05 07:00:00,2,0,
2024-10-05 08:00:00,2,0,
2024-10-05 09:00:00,2,0,
2024-10-05 10:00:00,2,0,
2024-10-05 11:00:00,2,1,
2024-10-05 12:00:00,2,1,
2024-10-05 13:00:00,2,1,
2024-10-05 14:00:00,2,1,
2024-10-05 15:00:00,2,1,
2024-10-05 16:00:00,2,0,
2024-10-05 17:00:00,2,0,
2024-10-05 18:00:00,2,0,
2024-10-05 19:00:00,2,0,
2024-10-05 20:00:00,2,0,
2024-10-05 21:00:00,2,0,
2024-10-05 22:00:00,2,0,
2024-10-05 23:00:00,2,0,
2024-10-06 00:00:00,2,0,
2024-10-06 01:00:00,2,0,
2024-10-06 02:00:00,2,0,
2024-10-06 03:00:00,2,0,
2024-10-06 04:00:00,2,0,
2024-10-06 05:00:00,2,0,
2024-10-06 06:00:00,2,0,
2024-10-06 07:00:00,2,0,
2024-10-06 08:00:00,2,0,
2024-10-06 09:00:00,2,0,
2024-10-06 10:00:00,2,0,
2024-10-06 11:00:00,2,1,
2024-10-06 12:00:00,2,1,
2024-10-06 13:00:00,2,1,
2024-10-06 14:00:00,2,1,
2024-10-06 15:00:00,2,1,
2024-10-06 16:00:00,2,0,
2024-10-06 17:00:00,2,0,
2024-10-06 18:00:00,2,0,
2024-10-06 19:00:00,2,0,
2024-10-06 20:00:00,2,0,
2024-10-06 21:00:00,2,0,
2024-10-06 22:00:00,2,0,
2024-10-06 23:00:00,2,0,
2024-10-07 00:00:00,2,0,
2024-10-07 01:00:00,2,0,
2024-10-07 02:00:00,2,0,
2024-10-07 03:00:00,2,0,
2024-10-07 04:00:00,2,0,
2024-10-07 05:00:00,2,0,
2024-10-07 06:00:00,2,0,
2024-10-07 07:00:00,2,0,
2024-10-07 08:00:00,2,0,
2024-10-07 09:00:00,2,0,
2024-10-07 10:00:00,2,0,
2024-10-07 11:00:00,2,1,
2024-10-07 12:00:00,2,1,
2024-10-07 13:00:00,2,1,
2024-10-07 14:00:00,2,1,
2024-10-07 15:00:00,2,1,
2024-10-07 16:00:00,2,0,
2024-10-07 17:00:00,2,0,
2024-10-07 18:00:00,2,0,
2024-10-07 19:00:00,2,0,
2024-10-07 20:00:00,2,0,
2024-10-07 21:00:00,2,0,
2024-10-07 22:00:00,2,0,
2024-10-07 23:00:00,2,0,
2024-10-08 00:00:00,2,0,
2024-10-08 01:00:00,2,0,
2024-10-08 02:00:00,2,0,
2024-10-08 03:00:00,2,0,
2024-10-08 04:00:00,2,0,
2024-10-08 05:00:00,2,0,
2024-10-08 06:00:00,2,0,
2024-10-08 07:00:00,2,0,
2024-10-08 08:00:00,2,0,
2024-10-08 09:00:00,2,0,
2024-10-08 10:00:00,2,0,
2024-10-08 11:00:00,2,0,
2024-10-08 12:00:00,2,1,
2024-10-08 13:00:00,2,1,
2024-10-08 14:00:00,2,1,
2024-10-08 15:00:00,2,1,
2024-10-08 16:00:00,2,0,
2024-10-08 17:00:00,2,0,
2024-10-08 18:00:00,2,0,
2024-10-08 19:00:00,2,0,
2024-10-08 20:00:00,2,0,
2024-10-08 21:00:00,2,0,
2024-10-08 22:00:00,2,0,
2024-10-08 23:00:00,2,0,
2024-10-09 00:00:00,2,0,
2024-10-09 01:00:00,2,0,
2024-10-09 02:00:00,2,0,
2024-10-09 03:00:00,2,0,
2024-10-09 04:00:00,2,0,
2024-10-09 05:00:00,2,0,
2024-10-09 06:00:00,2,0,
2024-10-09 07:00:00,2,0,
2024-10-09 08:00:00,2,0,
2024-10-09 09:00:00,2,0,
2024-10-09 10:00:00,2,0,
2024-10-09 11:00:00,2,0,
2024-10-09 12:00:00,2,1,
2024-10-09 13:00:00,2,1,
2024-10-09 14:00:00,2,1,
2024-10-09 15:00:00,2,1,
2024-10-09 16:00:00,2,0,
2024-10-09 17:00:00,2,0,
2024-10-09 18:00:00,2,0,
2024-10-09 19:00:00,2,0,
2024-10-09 20:00:00,2,0,
2024-10-09 21:00:00,2,0,
2024-10-09 22:00:00,2,0,
2024-10-09 23:00:00,2,0,
2024-10-10 00:00:00,2,0,
2024-10-10 01:00:00,2,0,
2024-10-10 02:00:00,2,0,
2024-10-10 03:00:00,2,0,
2024-10-10 04:00:00,2,0,
2024-10-10 05:00:00,2,0,
2024-10-10 06:00:00,2,0,
2024-10-10 07:00:00,2,0,
2024-10-10 08:00:00,2,0,
2024-10-10 09:00:00,2,0,
2024-10-10 10:00:00,2,0,
2024-10-10 11:00:00,2,0,
2024-10-10 12:00:00,2,1,
2024-10-10 13:00:00,2,1,
2024-10-10 14:00:00,2,1,
2024-10-10 15:00:00,2,0,
2024-10-10 16:00:00,2,0,
2024-10-10 17:00:00,2,0,
2024-10-10 18:00:00,2,0,
2024-10-10 19:00:00,2,0,
2024-10-10 20:00:00,2,0,
2024-10-10 21:00:00,2,0,
2024-10-10 22:00:00,2,0,
2024-10-10 23:00:00,2,0,
2024-10-11 00:00:00,2,0,
2024-10-11 01:00:00,2,0,
2024-10-11 02:00:00,2,0,
2024-10-11 03:00:00,2,0,
2024-10-11 04:00:00,2,0,
2024-10-11 05:00:00,2,0,
2024-10-11 06:00:00,2,0,
2024-10-11 07:00:00,2,0,
2024-10-11 08:00:00,2,0,
2024-10-11 09:00:00,2,0,
2024-10-11 10:00:00,2,0,
2024-10-11 11:00:00,2,0,
2024-10-11 12:00:00,2,1,
2024-10-11 13:00:00,2,1,
2024-10-11 14:00:00,2,1,
2024-10-11 15:00:00,2,0,
2024-10-11 16:00:00,2,0,
2024-10-11 17:00:00,2,0,
2024-10-11 18:00:00,2,0,
2024-10-11 19:00:00,2,0,
2024-10-11 20:00:00,2,0,
2024-10-11 21:00:00,2,0,
2024-10-11 22:00:00,2,0,
2024-10-11 23:00:00,2,0,
2024-10-12 00:00:00,2,0,
2024-10-12 01:00:00,2,0,
2024-10-12 02:00:00,2,0,
2024-10-12 03:00:00,2,0,
2024-10-12 04:00:00,2,0,
2024-10-12 05:00:00,2,0,
2024-10-12 06:00:00,2,0,
2024-10-12 07:00:00,2,0,
2024-10-12 08:00:00,2,0,
2024-10-12 09:00:00,2,0,
2024-10-12 10:00:00,2,0,
2024-10-12 11:00:00,2,0,
2024-10-12 12:00:00,2,1,
2024-10-12 13:00:00,2,1,
2024-10-12 14:00:00,2,1,
2024-10-12 15:00:00,2,0,
2024-10-12 16:00:00,2,0,
2024-10-12 17:00:00,2,0,
2024-10-12 18:00:00,2,0,
2024-10-12 19:00:00,2,0,
2024-10-12 20:00:00,2,0,
2024-10-12 21:00:00,2,0,
2024-10-12 22:00:00,2,0,
2024-10-12 23:00:00,2,0,
2024-10-13 00:00:00,2,0,
2024-10-13 01:00:00,2,0,
2024-10-13 02:00:00,2,0,
2024-10-13 03:00:00,2,0,
2024-10-13 04:00:00,2,0,
2024-10-13 05:00:00,2,0,
2024-10-13 06:00:00,2,0,
2024-10-13 07:00:00,2,0,
2024-10-13 08:00:00,2,0,
2024-10-13 09:00:00,2,0,
2024-10-13 10:00:00,2,0,
2024-10-13 11:00:00,2,0,
2024-10-13 12:00:00,2,0,
2024-10-13 13:00:00,2,1,
2024-10-13 14:00:00,2,1,
2024-10-13 15:00:00,2,0,
2024-10-13 16:00:00,2,0,
2024-10-13 17:00:00,2,0,
2024-10-13 18:00:00,2,0,
2024-10-13 19:00:00,2,0,
2024-10-13 20:00:00,2,0,
2024-10-13 21:00:00,2,0,
2024-10-13 22:00:00,2,0,
2024-10-13 23:00:00,2,0,
2024-10-14 00:00:00,2,0,
2024-10-14 01:00:00,2,0,
2024-10-14 02:00:00,2,0,
2024-10-14 03:00:00,2,0,
2024-10-14 04:00:00,2,0,
2024-10-14 05:00:00,2,0,
2024-10-14 06:00:00,2,0,
2024-10-14 07:00:00,2,0,
2024-10-14 08:00:00,2,0,
2024-10-14 09:00:00,2,0,
2024-10-14 10:00:00,2,0,
2024-10-14 11:00:00,2,0,
2024-10-14 12:00:00,2,0,
2024-10-14 13:00:00,2,0,
2024-10-14 14:00:00,2,0,
2024-10-14 15:00:00,2,0,
2024-10-14 16:00:00,2,0,
2024-10-14 17:00:00,2,0,
2024-10-14 18:00:00,2,0,
2024-10-14 19:00:00,2,0,
2024-10-14 20:00:00,2,0,
2024-10-14 21:00:00,2,0,
2024-10-14 22:00:00,2,0,
2024-10-14 23:00:00,2,0,
2024-10-15 00:00:00,2,0,
2024-10-15 01:00:00,2,0,
2024-10-15 02:00:00,2,0,
2024-10-15 03:00:00,2,0,
2024-10-15 04:00:00,2,0,
2024-10-15 05:00:00,2,0,
2024-10-15 06:00:00,2,0,
2024-10-15 07:00:00,2,0,
2024-10-15 08:00:00,2,0,
2024-10-15 09:00:00,2,0,
2024-10-15 10:00:00,2,0,
2024-10-15 11:00:00,2,0,
2024-10-15 12:00:00,2,0,
2024-10-15 13:00:00,2,0,
2024-10-15 14:00:00,2,0,
2024-10-15 15:00:00,2,0,
2024-10-15 16:00:00,2,0,
2024-10-15 17:00:00,2,0,
2024-10-15 18:00:00,2,0,
2024-10-15 19:00:00,2,0,
2024-10-15 20:00:00,2,0,
2024-10-15 21:00:00,2,0,
2024-10-15 22:00:00,2,0,
2024-10-15 23:00:00,2,0,
2024-10-16 00:00:00,2,0,
2024-10-16 01:00:00,2,0,
2024-10-16 02:00:00,2,0,
2024-10-16 03:00:00,2,0,
2024-10-16 04:00:00,2,0,
2024-10-16 05:00:00,2,0,
2024-10-16 06:00:00,2,0,
2024-10-16 07:00:00,2,0,
2024-10-16 08:00:00,2,0,
2024-10-16 09:00:00,2,0,
2024-10-16 10:00:00,2,0,
2024-10-16 11:00:00,2,0,
2024-10-16 12:00:00,2,1,
2024-10-16 13:00:00,2,1,
2024-10-16 14:00:00,2,1,
2024-10-16 15:00:00,2,0,
2024-10-16 16:00:00,2,0,
2024-10-16 17:00:00,2,0,
2024-10-16 18:00:00,2,0,
2024-10-16 19:00:00,2,0,
2024-10-16 20:00:00,2,0,
2024-10-16 21:00:00,2,0,
2024-10-16 22:00:00,2,0,
2024-10-16 23:00:00,2,0,
2024-10-17 00:00:00,2,0,
2024-10-17 01:00:00,2,0,
2024-10-17 02:00:00,2,0,
2024-10-17 03:00:00,2,0,
2024-10-17 04:00:00,2,0,
2024-10-17 05:00:00,2,0,
2024-10-17 06:00:00,2,0,
2024-10-17 07:00:00,2,0,
2024-10-17 08:00:00,2,0,
2024-10-17 09:00:00,2,0,
2024-10-17 10:00:00,2,0,
2024-10-17 11:00:00,2,0,
2024-10-17 12:00:00,2,1,
2024-10-17 13:00:00,2,1,
2024-10-17 14:00:00,2,1,
2024-10-17 15:00:00,2,0,
2024-10-17 16:00:00,2,0,
2024-10-17 17:00:00,2,0,
2024-10-17 18:00:00,2,0,
2024-10-17 19:00:00,2,0,
2024-10-17 20:00:00,2,0,
2024-10-17 21:00:00,2,0,
2024-10-17 22:00:00,2,0,
2024-10-17 23:00:00,2,0,
2024-10-18 00:00:00,2,0,
2024-10-18 01:00:00,2,0,
2024-10-18 02:00:00,2,0,
2024-10-18 03:00:00,2,0,
2024-10-18 04:00:00,2,0,
2024-10-18 05:00:00,2,0,
2024-10-18 06:00:00,2,0,
2024-10-18 07:00:00,2,0,
2024-10-18 08:00:00,2,0,
2024-10-18 09:00:00,2,0,
2024-10-18 10:00:00,2,0,
2024-10-18 11:00:00,2,0,
2024-10-18 12:00:00,2,0,
2024-10-18 13:00:00,2,1,
2024-10-18 14:00:00,2,1,
2024-10-18 15:00:00,2,0,
2024-10-18 16:00:00,2,0,
2024-10-18 17:00:00,2,0,
2024-10-18 18:00:00,2,0,
2024-10-18 19:00:00,2,0,
2024-10-18 20:00:00,2,0,
2024-10-18 21:00:00,2,0,
2024-10-18 22:00:00,2,0,
2024-10-18 23:00:00,2,0,
2024-10-19 00:00:00,2,0,
2024-10-19 01:00:00,2,0,
2024-10-19 02:00:00,2,0,
2024-10-19 03:00:00,2,0,
2024-10-19 04:00:00,2,0,
2024-10-19 05:00:00,2,0,
2024-10-19 06:00:00,2,0,
2024-10-19 07:00:00,2,0,
2024-10-19 08:00:00,2,0,
2024-10-19 09:00:00,2,0,
2024-10-19 10:00:00,2,0,
2024-10-19 11:00:00,2,0,
2024-10-19 12:00:00,2,1,
2024-10-19 13:00:00,2,1,
2024-10-19 14:00:00,2,1,
2024-10-19 15:00:00,2,0,
2024-10-19 16:00:00,2,0,
2024-10-19 17:00:00,2,0,
2024-10-19 18:00:00,2,0,
2024-10-19 19:00:00,2,0,
2024-10-19 20:00:00,2,0,
2024-10-19 21:00:00,2,0,
2024-10-19 22:00:00,2,0,
2024-10-19 23:00:00,2,0,
2024-10-20 00:00:00,2,0,
2024-10-20 01:00:00,2,0,
2024-10-20 02:00:00,2,0,
2024-10-20 03:00:00,2,0,
2024-10-20 04:00:00,2,0,
2024-10-20 05:00:00,2,0,
2024-10-20 06:00:00,2,0,
2024-10-20 07:00:00,2,0,
2024-10-20 08:00:00,2,0,
2024-10-20 09:00:00,2,0,
2024-10-20 10:00:00,2,0,
2024-10-20 11:00:00,2,0,
2024-10-20 12:00:00,2,1,
2024-10-20 13:00:00,2,1,
2024-10-20 14:00:00,2,1,
2024-10-20 15:00:00,2,0,
2024-10-20 16:00:00,2,0,
2024-10-20 17:00:00,2,0,
2024-10-20 18:00:00,2,0,
2024-10-20 19:00:00,2,0,
2024-10-20 20:00:00,2,0,
2024-10-20 21:00:00,2,0,
2024-10-20 22:00:00,2,0,
2024-10-20 23:00:00,2,0,
2024-10-21 00:00:00,2,0,
2024-10-21 01:00:00,2,0,
2024-10-21 02:00:00,2,0,
2024-10-21 03:00:00,2,0,
2024-10-21 04:00:00,2,0,
2024-10-21 05:00:00,2,0,
2024-10-21 06:00:00,2,0,
2024-10-21 07:00:00,2,0,
2024-10-21 08:00:00,2,0,
2024-10-21 09:00:00,2,0,
2024-10-21 10:00:00,2,0,
2024-10-21 11:00:00,2,0,
2024-10-21 12:00:00,2,1,
2024-10-21 13:00:00,2,1,
2024-10-21 14:00:00,2,1,
2024-10-21 15:00:00,2,0,
2024-10-21 16:00:00,2,0,
2024-10-21 17:00:00,2,0,
2024-10-21 18:00:00,2,0,
2024-10-21 19:00:00,2,0,
2024-10-21 20:00:00,2,0,
2024-10-21 21:00:00,2,0,
2024-10-21 22:00:00,2,0,
2024-10-21 23:00:00,2,0,
2024-10-22 00:00:00,2,0,
2024-10-22 01:00:00,2,0,
2024-10-22 02:00:00,2,0,
2024-10-22 03:00:00,2,0,
2024-10-22 04:00:00,2,0,
2024-10-22 05:00:00,2,0,
2024-10-22 06:00:00,2,0,
2024-10-22 07:00:00,2,0,
2024-10-22 08:00:00,2,0,
2024-10-22 09:00:00,2,0,
2024-10-22 10:00:00,2,0,
2024-10-22 11:00:00,2,0,
2024-10-22 12:00:00,2,1,
2024-10-22 13:00:00,2,1,
2024-10-22 14:00:00,2,1,
2024-10-22 15:00:00,2,0,
2024-10-22 16:00:00,2,0,
2024-10-22 17:00:00,2,0,
2024-10-22 18:00:00,2,0,
2024-10-22 19:00:00,2,0,
2024-10-22 20:00:00,2,0,
2024-10-22 21:00:00,2,0,
2024-10-22 22:00:00,2,0,
2024-10-22 23:00:00,2,0,
2024-10-23 00:00:00,2,0,
2024-10-23 01:00:00,2,0,
2024-10-23 02:00:00,2,0,
2024-10-23 03:00:00,2,0,
2024-10-23 04:00:00,2,0,
2024-10-23 05:00:00,2,0,
2024-10-23 06:00:00,2,0,
2024-10-23 07:00:00,2,0,
2024-10-23 08:00:00,2,0,
2024-10-23 09:00:00,2,0,
2024-10-23 10:00:00,2,0,
2024-10-23 11:00:00,2,0,
2024-10-23 12:00:00,2,1,
2024-10-23 13:00:00,2,1,
2024-10-23 14:00:00,2,1,
2024-10-23 15:00:00,2,0,
2024-10-23 16:00:00,2,0,
2024-10-23 17:00:00,2,0,
2024-10-23 18:00:00,2,0,
2024-10-23 19:00:00,2,0,
2024-10-23 20:00:00,2,0,
2024-10-23 21:00:00,2,0,
2024-10-23 22:00:00,2,0,
2024-10-23 23:00:00,2,0,
2024-10-24 00:00:00,2,0,
2024-10-24 01:00:00,2,0,
2024-10-24 02:00:00,2,0,
2024-10-24 03:00:00,2,0,
2024-10-24 04:00:00,2,0,
2024-10-24 05:00:00,2,0,
2024-10-24 06:00:00,2,0,
2024-10-24 07:00:00,2,0,
2024-10-24 08:00:00,2,0,
2024-10-24 09:00:00,2,0,
2024-10-24 10:00:00,2,0,
2024-10-24 11:00:00,2,0,
2024-10-24 12:00:00,2,1,
2024-10-24 13:00:00,2,1,
2024-10-24 14:00:00,2,1,
2024-10-24 15:00:00,2,0,
2024-10-24 16:00:00,2,0,
2024-10-24 17:00:00,2,0,
2024-10-24 18:00:00,2,0,
2024-10-24 19:00:00,2,0,
2024-10-24 20:00:00,2,0,
2024-10-24 21:00:00,2,0,
2024-10-24 22:00:00,2,0,
2024-10-24 23:00:00,2,0,
2024-10-25 00:00:00,2,0,
2024-10-25 01:00:00,2,0,
2024-10-25 02:00:00,2,0,
2024-10-25 03:00:00,2,0,
2024-10-25 04:00:00,2,0,
2024-10-25 05:00:00,2,0,
2024-10-25 06:00:00,2,0,
2024-10-25 07:00:00,2,0,
2024-10-25 08:00:00,2,0,
2024-10-25 09:00:00,2,0,
2024-10-25 10:00:00,2,0,
2024-10-25 11:00:00,2,0,
2024-10-25 12:00:00,2,1,
2024-10-25 13:00:00,2,1,
2024-10-25 14:00:00,2,1,
2024-10-25 15:00:00,2,0,
2024-10-25 16:00:00,2,0,
2024-10-25 17:00:00,2,0,
2024-10-25 18:00:00,2,0,
2024-10-25 19:00:00,2,0,
2024-10-25 20:00:00,2,0,
2024-10-25 21:00:00,2,0,
2024-10-25 22:00:00,2,0,
2024-10-25 23:00:00,2,0,
2024-10-26 00:00:00,2,0,
2024-10-26 01:00:00,2,0,
2024-10-26 02:00:00,2,0,
2024-10-26 03:00:00,2,0,
2024-10-26 04:00:00,2,0,
2024-10-26 05:00:00,2,0,
2024-10-26 06:00:00,2,0,
2024-10-26 07:00:00,2,0,
2024-10-26 08:00:00,2,0,
2024-10-26 09:00:00,2,0,
2024-10-26 10:00:00,2,0,
2024-10-26 11:00:00,2,0,
2024-10-26 12:00:00,2,1,
2024-10-26 13:00:00,2,1,
2024-10-26 14:00:00,2,1,
2024-10-26 15:00:00,2,0,
2024-10-26 16:00:00,2,0,
2024-10-26 17:00:00,2,0,
2024-10-26 18:00:00,2,0,
2024-10-26 19:00:00,2,0,
2024-10-26 20:00:00,2,0,
2024-10-26 21:00:00,2,0,
2024-10-26 22:00:00,2,0,
2024-10-26 23:00:00,2,0,
2024-10-27 00:00:00,2,0,
2024-10-27 01:00:00,2,0,
2024-10-27 02:00:00,2,0,
2024-10-27 03:00:00,2,0,
2024-10-27 04:00:00,2,0,
2024-10-27 05:00:00,2,0,
2024-10-27 06:00:00,2,0,
2024-10-27 07:00:00,2,0,
2024-10-27 08:00:00,2,0,
2024-10-27 09:00:00,2,0,
2024-10-27 10:00:00,2,0,
2024-10-27 11:00:00,2,0,
2024-10-27 12:00:00,2,1,
2024-10-27 13:00:00,2,1,
2024-10-27 14:00:00,2,1,
2024-10-27 15:00:00,2,0,
2024-10-27 16:00:00,2,0,
2024-10-27 17:00:00,2,0,
2024-10-27 18:00:00,2,0,
2024-10-27 19:00:00,2,0,
2024-10-27 20:00:00,2,0,
2024-10-27 21:00:00,2,0,
2024-10-27 22:00:00,2,0,
2024-10-27 23:00:00,2,0,
2024-10-28 00:00:00,2,0,
2024-10-28 01:00:00,2,0,
2024-10-28 02:00:00,2,0,
2024-10-28 03:00:00,2,0,
2024-10-28 04:00:00,2,0,
2024-10-28 05:00:00,2,0,
2024-10-28 06:00:00,2,0,
2024-10-28 07:00:00,2,0,
2024-10-28 08:00:00,2,0,
2024-10-28 09:00:00,2,0,
2024-10-28 10:00:00,2,0,
2024-10-28 11:00:00,2,0,
2024-10-28 12:00:00,2,1,
2024-10-28 13:00:00,2,1,
2024-10-28 14:00:00,2,1,
2024-10-28 15:00:00,2,0,
2024-10-28 16:00:00,2,0,
2024-10-28 17:00:00,2,0,
2024-10-28 18:00:00,2,0,
2024-10-28 19:00:00,2,0,
2024-10-28 20:00:00,2,0,
2024-10-28 21:00:00,2,0,
2024-10-28 22:00:00,2,0,
2024-10-28 23:00:00,2,0,
2024-10-29 00:00:00,2,0,
2024-10-29 01:00:00,2,0,
2024-10-29 02:00:00,2,0,
2024-10-29 03:00:00,2,0,
2024-10-29 04:00:00,2,0,
2024-10-29 05:00:00,2,0,
2024-10-29 06:00:00,2,0,
2024-10-29 07:00:00,2,0,
2024-10-29 08:00:00,2,0,
2024-10-29 09:00:00,2,0,
2024-10-29 10:00:00,2,0,
2024-10-29 11:00:00,2,0,
2024-10-29 12:00:00,2,1,
2024-10-29 13:00:00,2,1,
2024-10-29 14:00:00,2,1,
2024-10-29 15:00:00,2,0,
2024-10-29 16:00:00,2,0,
2024-10-29 17:00:00,2,0,
2024-10-29 18:00:00,2,0,
2024-10-29 19:00:00,2,0,
2024-10-29 20:00:00,2,0,
2024-10-29 21:00:00,2,0,
2024-10-29 22:00:00,2,0,
2024-10-29 23:00:00,2,0,
2024-10-30 00:00:00,2,0,
2024-10-30 01:00:00,2,0,
2024-10-30 02:00:00,2,0,
2024-10-30 03:00:00,2,0,
2024-10-30 04:00:00,2,0,
2024-10-30 05:00:00,2,0,
2024-10-30 06:00:00,2,0,
2024-10-30 07:00:00,2,0,
2024-10-30 08:00:00,2,0,
2024-10-30 09:00:00,2,0,
2024-10-30 10:00:00,2,0,
2024-10-30 11:00:00,2,0,
2024-10-30 12:00:00,2,0,
2024-10-30 13:00:00,2,1,
2024-10-30 14:00:00,2,0,
2024-10-30 15:00:00,2,0,
2024-10-30 16:00:00,2,0,
2024-10-30 17:00:00,2,0,
2024-10-30 18:00:00,2,0,
2024-10-30 19:00:00,2,0,
2024-10-30 20:00:00,2,0,
2024-10-30 21:00:00,2,0,
2024-10-30 22:00:00,2,0,
2024-10-30 23:00:00,2,0,
2024-10-31 00:00:00,2,0,
2024-10-31 01:00:00,2,0,
2024-10-31 02:00:00,2,0,
2024-10-31 03:00:00,2,0,
2024-10-31 04:00:00,2,0,
2024-10-31 05:00:00,2,0,
2024-10-31 06:00:00,2,0,
2024-10-31 07:00:00,2,0,
2024-10-31 08:00:00,2,0,
2024-10-31 09:00:00,2,0,
2024-10-31 10:00:00,2,0,
2024-10-31 11:00:00,2,0,
2024-10-31 12:00:00,2,0,
2024-10-31 13:00:00,2,0,
2024-10-31 14:00:00,2,0,
2024-10-31 15:00:00,2,0,
2024-10-31 16:00:00,2,0,
2024-10-31 17:00:00,2,0,
2024-10-31 18:00:00,2,0,
2024-10-31 19:00:00,2,0,
2024-10-31 20:00:00,2,0,
2024-10-31 21:00:00,2,0,
2024-10-31 22:00:00,2,0,
2024-10-31 23:00:00,2,0,
2024-11-01 00:00:00,2,0,
2024-11-01 01:00:00,2,0,
2024-11-01 02:00:00,2,0,
2024-11-01 03:00:00,2,0,
2024-11-01 04:00:00,2,0,
2024-11-01 05:00:00,2,0,
2024-11-01 06:00:00,2,0,
2024-11-01 07:00:00,2,0,
2024-11-01 08:00:00,2,0,
2024-11-01 09:00:00,2,0,
2024-11-01 10:00:00,2,0,
2024-11-01 11:00:00,2,0,
2024-11-01 12:00:00,2,0,
2024-11-01 13:00:00,2,0,
2024-11-01 14:00:00,2,0,
2024-11-01 15:00:00,2,0,
2024-11-01 16:00:00,2,0,
2024-11-01 17:00:00,2,0,
2024-11-01 18:00:00,2,0,
2024-11-01 19:00:00,2,0,
2024-11-01 20:00:00,2,0,
2024-11-01 21:00:00,2,0,
2024-11-01 22:00:00,2,0,
2024-11-01 23:00:00,2,0,
2024-11-02 00:00:00,2,0,
2024-11-02 01:00:00,2,0,
2024-11-02 02:00:00,2,0,
2024-11-02 03:00:00,2,0,
2024-11-02 04:00:00,2,0,
2024-11-02 05:00:00,2,0,
2024-11-02 06:00:00,2,0,
2024-11-02 07:00:00,2,0,
2024-11-02 08:00:00,2,0,
2024-11-02 09:00:00,2,0,
2024-11-02 10:00:00,2,0,
2024-11-02 11:00:00,2,0,
2024-11-02 12:00:00,2,0,
2024-11-02 13:00:00,2,0,
2024-11-02 14:00:00,2,0,
2024-11-02 15:00:00,2,0,
2024-11-02 16:00:00,2,0,
2024-11-02 17:00:00,2,0,
2024-11-02 18:00:00,2,0,
2024-11-02 19:00:00,2,0,
2024-11-02 20:00:00,2,0,
2024-11-02 21:00:00,2,0,
2024-11-02 22:00:00,2,0,
2024-11-02 23:00:00,2,0,
2024-11-03 00:00:00,2,0,
2024-11-03 01:00:00,2,0,
2024-11-03 02:00:00,2,0,
2024-11-03 03:00:00,2,0,
2024-11-03 04:00:00,2,0,
2024-11-03 05:00:00,2,0,
2024-11-03 06:00:00,2,0,
2024-11-03 07:00:00,2,0,
2024-11-03 08:00:00,2,0,
2024-11-03 09:00:00,2,0,
2024-11-03 10:00:00,2,0,
2024-11-03 11:00:00,2,0,
2024-11-03 12:00:00,2,0,
2024-11-03 13:00:00,2,0,
2024-11-03 14:00:00,2,0,
2024-11-03 15:00:00,2,0,
2024-11-03 16:00:00,2,0,
2024-11-03 17:00:00,2,0,
2024-11-03 18:00:00,2,0,
2024-11-03 19:00:00,2,0,
2024-11-03 20:00:00,2,0,
2024-11-03 21:00:00,2,0,
2024-11-03 22:00:00,2,0,
2024-11-03 23:00:00,2,0,
2024-11-04 00:00:00,2,0,
2024-11-04 01:00:00,2,0,
2024-11-04 02:00:00,2,0,
2024-11-04 03:00:00,2,0,
2024-11-04 04:00:00,2,0,
2024-11-04 05:00:00,2,0,
2024-11-04 06:00:00,2,0,
2024-11-04 07:00:00,2,0,
2024-11-04 08:00:00,2,0,
2024-11-04 09:00:00,2,0,
2024-11-04 10:00:00,2,0,
2024-11-04 11:00:00,2,0,
2024-11-04 12:00:00,2,0,
2024-11-04 13:00:00,2,0,
2024-11-04 14:00:00,2,0,
2024-11-04 15:00:00,2,0,
2024-11-04 16:00:00,2,0,
2024-11-04 17:00:00,2,0,
2024-11-04 18:00:00,2,0,
2024-11-04 19:00:00,2,0,
2024-11-04 20:00:00,2,0,
2024-11-04 21:00:00,2,0,
2024-11-04 22:00:00,2,0,
2024-11-04 23:00:00,2,0,
2024-11-05 00:00:00,2,0,
2024-11-05 01:00:00,2,0,
2024-11-05 02:00:00,2,0,
2024-11-05 03:00:00,2,0,
2024-11-05 04:00:00,2,0,
2024-11-05 05:00:00,2,0,
2024-11-05 06:00:00,2,0,
2024-11-05 07:00:00,2,0,
2024-11-05 08:00:00,2,0,
2024-11-05 09:00:00,2,0,
2024-11-05 10:00:00,2,0,
2024-11-05 11:00:00,2,0,
2024-11-05 12:00:00,2,0,
2024-11-05 13:00:00,2,0,
2024-11-05 14:00:00,2,0,
2024-11-05 15:00:00,2,0,
2024-11-05 16:00:00,2,0,
2024-11-05 17:00:00,2,0,
2024-11-05 18:00:00,2,0,
2024-11-05 19:00:00,2,0,
2024-11-05 20:00:00,2,0,
2024-11-05 21:00:00,2,0,
2024-11-05 22:00:00,2,0,
2024-11-05 23:00:00,2,0,
2024-11-06 00:00:00,2,0,
2024-11-06 01:00:00,2,0,
2024-11-06 02:00:00,2,0,
2024-11-06 03:00:00,2,0,
2024-11-06 04:00:00,2,0,
2024-11-06 05:00:00,2,0,
2024-11-06 06:00:00,2,0,
2024-11-06 07:00:00,2,0,
2024-11-06 08:00:00,2,0,
2024-11-06 09:00:00,2,0,
2024-11-06 10:00:00,2,0,
2024-11-06 11:00:00,2,0,
2024-11-06 12:00:00,2,0,
2024-11-06 13:00:00,2,1,
2024-11-06 14:00:00,2,0,
2024-11-06 15:00:00,2,0,
2024-11-06 16:00:00,2,0,
2024-11-06 17:00:00,2,0,
2024-11-06 18:00:00,2,0,
2024-11-06 19:00:00,2,0,
2024-11-06 20:00:00,2,0,
2024-11-06 21:00:00,2,0,
2024-11-06 22:00:00,2,0,
2024-11-06 23:00:00,2,0,
2024-11-07 00:00:00,2,0,
2024-11-07 01:00:00,2,0,
2024-11-07 02:00:00,2,0,
2024-11-07 03:00:00,2,0,
2024-11-07 04:00:00,2,0,
2024-11-07 05:00:00,2,0,
2024-11-07 06:00:00,2,0,
2024-11-07 07:00:00,2,0,
2024-11-07 08:00:00,2,0,
2024-11-07 09:00:00,2,0,
2024-11-07 10:00:00,2,0,
2024-11-07 11:00:00,2,0,
2024-11-07 12:00:00,2,0,
2024-11-07 13:00:00,2,1,
2024-11-07 14:00:00,2,0,
2024-11-07 15:00:00,2,0,
2024-11-07 16:00:00,2,0,
2024-11-07 17:00:00,2,0,
2024-11-07 18:00:00,2,0,
2024-11-07 19:00:00,2,0,
2024-11-07 20:00:00,2,0,
2024-11-07 21:00:00,2,0,
2024-11-07 22:00:00,2,0,
2024-11-07 23:00:00,2,0,
2024-11-08 00:00:00,2,0,
2024-11-08 01:00:00,2,0,
2024-11-08 02:00:00,2,0,
2024-11-08 03:00:00,2,0,
2024-11-08 04:00:00,2,0,
2024-11-08 05:00:00,2,0,
2024-11-08 06:00:00,2,0,
2024-11-08 07:00:00,2,0,
2024-11-08 08:00:00,2,0,
2024-11-08 09:00:00,2,0,
2024-11-08 10:00:00,2,0,
2024-11-08 11:00:00,2,0,
2024-11-08 12:00:00,2,0,
2024-11-08 13:00:00,2,0,
2024-11-08 14:00:00,2,0,
2024-11-08 15:00:00,2,0,
2024-11-08 16:00:00,2,0,
2024-11-08 17:00:00,2,0,
2024-11-08 18:00:00,2,0,
2024-11-08 19:00:00,2,0,
2024-11-08 20:00:00,2,0,
2024-11-08 21:00:00,2,0,
2024-11-08 22:00:00,2,0,
2024-11-08 23:00:00,2,0,
2024-11-09 00:00:00,2,0,
2024-11-09 01:00:00,2,0,
2024-11-09 02:00:00,2,0,
2024-11-09 03:00:00,2,0,
2024-11-09 04:00:00,2,0,
2024-11-09 05:00:00,2,0,
2024-11-09 06:00:00,2,0,
2024-11-09 07:00:00,2,0,
2024-11-09 08:00:00,2,0,
2024-11-09 09:00:00,2,0,
2024-11-09 10:00:00,2,0,
2024-11-09 11:00:00,2,0,
2024-11-09 12:00:00,2,0,
2024-11-09 13:00:00,2,0,
2024-11-09 14:00:00,2,0,
2024-11-09 15:00:00,2,0,
2024-11-09 16:00:00,2,0,
2024-11-09 17:00:00,2,0,
2024-11-09 18:00:00,2,0,
2024-11-09 19:00:00,2,0,
2024-11-09 20:00:00,2,0,
2024-11-09 21:00:00,2,0,
2024-11-09 22:00:00,2,0,
2024-11-09 23:00:00,2,0,
2024-11-10 00:00:00,2,0,
2024-11-10 01:00:00,2,0,
2024-11-10 02:00:00,2,0,
2024-11-10 03:00:00,2,0,
2024-11-10 04:00:00,2,0,
2024-11-10 05:00:00,2,0,
2024-11-10 06:00:00,2,0,
2024-11-10 07:00:00,2,0,
2024-11-10 08:00:00,2,0,
2024-11-10 09:00:00,2,0,
2024-11-10 10:00:00,2,0,
2024-11-10 11:00:00,2,0,
2024-11-10 12:00:00,2,0,
2024-11-10 13:00:00,2,0,
2024-11-10 14:00:00,2,0,
2024-11-10 15:00:00,2,0,
2024-11-10 16:00:00,2,0,
2024-11-10 17:00:00,2,0,
2024-11-10 18:00:00,2,0,
2024-11-10 19:00:00,2,0,
2024-11-10 20:00:00,2,0,
2024-11-10 21:00:00,2,0,
2024-11-10 22:00:00,2,0,
2024-11-10 23:00:00,2,0,
2024-11-11 00:00:00,2,0,
2024-11-11 01:00:00,2,0,
2024-11-11 02:00:00,2,0,
2024-11-11 03:00:00,2,0,
2024-11-11 04:00:00,2,0,
2024-11-11 05:00:00,2,0,
2024-11-11 06:00:00,2,0,
2024-11-11 07:00:00,2,0,
2024-11-11 08:00:00,2,0,
2024-11-11 09:00:00,2,0,
2024-11-11 10:00:00,2,0,
2024-11-11 11:00:00,2,0,
2024-11-11 12:00:00,2,0,
2024-11-11 13:00:00,2,0,
2024-11-11 14:00:00,2,0,
2024-11-11 15:00:00,2,0,
2024-11-11 16:00:00,2,0,
2024-11-11 17:00:00,2,0,
2024-11-11 18:00:00,2,0,
2024-11-11 19:00:00,2,0,
2024-11-11 20:00:00,2,0,
2024-11-11 21:00:00,2,0,
2024-11-11 22:00:00,2,0,
2024-11-11 23:00:00,2,0,
2024-11-12 00:00:00,2,0,
2024-11-12 01:00:00,2,0,
2024-11-12 02:00:00,2,0,
2024-11-12 03:00:00,2,0,
2024-11-12 04:00:00,2,0,
2024-11-12 05:00:00,2,0,
2024-11-12 06:00:00,2,0,
2024-11-12 07:00:00,2,0,
2024-11-12 08:00:00,2,0,
2024-11-12 09:00:00,2,0,
2024-11-12 10:00:00,2,0,
2024-11-12 11:00:00,2,0,
2024-11-12 12:00:00,2,0,
2024-11-12 13:00:00,2,0,
2024-11-12 14:00:00,2,0,
2024-11-12 15:00:00,2,0,
2024-11-12 16:00:00,2,0,
2024-11-12 17:00:00,2,0,
2024-11-12 18:00:00,2,0,
2024-11-12 19:00:00,2,0,
2024-11-12 20:00:00,2,0,
2024-11-12 21:00:00,2,0,
2024-11-12 22:00:00,2,0,
2024-11-12 23:00:00,2,0,
2024-11-13 00:00:00,2,0,
2024-11-13 01:00:00,2,0,
2024-11-13 02:00:00,2,0,
2024-11-13 03:00:00,2,0,
2024-11-13 04:00:00,2,0,
2024-11-13 05:00:00,2,0,
2024-11-13 06:00:00,2,0,
2024-11-13 07:00:00,2,0,
2024-11-13 08:00:00,2,0,
2024-11-13 09:00:00,2,0,
2024-11-13 10:00:00,2,0,
2024-11-13 11:00:00,2,0,
2024-11-13 12:00:00,2,0,
2024-11-13 13:00:00,2,0,
2024-11-13 14:00:00,2,0,
2024-11-13 15:00:00,2,0,
2024-11-13 16:00:00,2,0,
2024-11-13 17:00:00,2,0,
2024-11-13 18:00:00,2,0,
2024-11-13 19:00:00,2,0,
2024-11-13 20:00:00,2,0,
2024-11-13 21:00:00,2,0,
2024-11-13 22:00:00,2,0,
2024-11-13 23:00:00,2,0,
2024-11-14 00:00:00,2,0,
2024-11-14 01:00:00,2,0,
2024-11-14 02:00:00,2,0,
2024-11-14 03:00:00,2,0,
2024-11-14 04:00:00,2,0,
2024-11-14 05:00:00,2,0,
2024-11-14 06:00:00,2,0,
2024-11-14 07:00:00,2,0,
2024-11-14 08:00:00,2,0,
2024-11-14 09:00:00,2,0,
2024-11-14 10:00:00,2,0,
2024-11-14 11:00:00,2,0,
2024-11-14 12:00:00,2,0,
2024-11-14 13:00:00,2,0,
2024-11-14 14:00:00,2,0,
2024-11-14 15:00:00,2,0,
2024-11-14 16:00:00,2,0,
2024-11-14 17:00:00,2,0,
2024-11-14 18:00:00,2,0,
2024-11-14 19:00:00,2,0,
2024-11-14 20:00:00,2,0,
2024-11-14 21:00:00,2,0,
2024-11-14 22:00:00,2,0,
2024-11-14 23:00:00,2,0,
2024-11-15 00:00:00,2,0,
2024-11-15 01:00:00,2,0,
2024-11-15 02:00:00,2,0,
2024-11-15 03:00:00,2,0,
2024-11-15 04:00:00,2,0,
2024-11-15 05:00:00,2,0,
2024-11-15 06:00:00,2,0,
2024-11-15 07:00:00,2,0,
2024-11-15 08:00:00,2,0,
2024-11-15 09:00:00,2,0,
2024-11-15 10:00:00,2,0,
2024-11-15 11:00:00,2,0,
2024-11-15 12:00:00,2,0,
2024-11-15 13:00:00,2,0,
2024-11-15 14:00:00,2,0,
2024-11-15 15:00:00,2,0,
2024-11-15 16:00:00,2,0,
2024-11-15 17:00:00,2,0,
2024-11-15 18:00:00,2,0,
2024-11-15 19:00:00,2,0,
2024-11-15 20:00:00,2,0,
2024-11-15 21:00:00,2,0,
2024-11-15 22:00:00,2,0,
2024-11-15 23:00:00,2,0,
2024-11-16 00:00:00,2,0,
2024-11-16 01:00:00,2,0,
2024-11-16 02:00:00,2,0,
2024-11-16 03:00:00,2,0,
2024-11-16 04:00:00,2,0,
2024-11-16 05:00:00,2,0,
2024-11-16 06:00:00,2,0,
2024-11-16 07:00:00,2,0,
2024-11-16 08:00:00,2,0,
2024-11-16 09:00:00,2,0,
2024-11-16 10:00:00,2,0,
2024-11-16 11:00:00,2,0,
2024-11-16 12:00:00,2,0,
2024-11-16 13:00:00,2,0,
2024-11-16 14:00:00,2,0,
2024-11-16 15:00:00,2,0,
2024-11-16 16:00:00,2,0,
2024-11-16 17:00:00,2,0,
2024-11-16 18:00:00,2,0,
2024-11-16 19:00:00,2,0,
2024-11-16 20:00:00,2,0,
2024-11-16 21:00:00,2,0,
2024-11-16 22:00:00,2,0,
2024-11-16 23:00:00,2,0,
2024-11-17 00:00:00,2,0,
2024-11-17 01:00:00,2,0,
2024-11-17 02:00:00,2,0,
2024-11-17 03:00:00,2,0,
2024-11-17 04:00:00,2,0,
2024-11-17 05:00:00,2,0,
2024-11-17 06:00:00,2,0,
2024-11-17 07:00:00,2,0,
2024-11-17 08:00:00,2,0,
2024-11-17 09:00:00,2,0,
2024-11-17 10:00:00,2,0,
2024-11-17 11:00:00,2,0,
2024-11-17 12:00:00,2,0,
2024-11-17 13:00:00,2,0,
2024-11-17 14:00:00,2,0,
2024-11-17 15:00:00,2,0,
2024-11-17 16:00:00,2,0,
2024-11-17 17:00:00,2,0,
2024-11-17 18:00:00,2,0,
2024-11-17 19:00:00,2,0,
2024-11-17 20:00:00,2,0,
2024-11-17 21:00:00,2,0,
2024-11-17 22:00:00,2,0,
2024-11-17 23:00:00,2,0,
2024-11-18 00:00:00,2,0,
2024-11-18 01:00:00,2,0,
2024-11-18 02:00:00,2,0,
2024-11-18 03:00:00,2,0,
2024-11-18 04:00:00,2,0,
2024-11-18 05:00:00,2,0,
2024-11-18 06:00:00,2,0,
2024-11-18 07:00:00,2,0,
2024-11-18 08:00:00,2,0,
2024-11-18 09:00:00,2,0,
2024-11-18 10:00:00,2,0,
2024-11-18 11:00:00,2,0,
2024-11-18 12:00:00,2,0,
2024-11-18 13:00:00,2,0,
2024-11-18 14:00:00,2,0,
2024-11-18 15:00:00,2,0,
2024-11-18 16:00:00,2,0,
2024-11-18 17:00:00,2,0,
2024-11-18 18:00:00,2,0,
2024-11-18 19:00:00,2,0,
2024-11-18 20:00:00,2,0,
2024-11-18 21:00:00,2,0,
2024-11-18 22:00:00,2,0,
2024-11-18 23:00:00,2,0,
2024-11-19 00:00:00,2,0,
2024-11-19 01:00:00,2,0,
2024-11-19 02:00:00,2,0,
2024-11-19 03:00:00,2,0,
2024-11-19 04:00:00,2,0,
2024-11-19 05:00:00,2,0,
2024-11-19 06:00:00,2,0,
2024-11-19 07:00:00,2,0,
2024-11-19 08:00:00,2,0,
2024-11-19 09:00:00,2,0,
2024-11-19 10:00:00,2,0,
2024-11-19 11:00:00,2,0,
2024-11-19 12:00:00,2,0,
2024-11-19 13:00:00,2,0,
2024-11-19 14:00:00,2,0,
2024-11-19 15:00:00,2,0,
2024-11-19 16:00:00,2,0,
2024-11-19 17:00:00,2,0,
2024-11-19 18:00:00,2,0,
2024-11-19 19:00:00,2,0,
2024-11-19 20:00:00,2,0,
2024-11-19 21:00:00,2,0,
2024-11-19 22:00:00,2,0,
2024-11-19 23:00:00,2,0,
2024-11-20 00:00:00,2,0,
2024-11-20 01:00:00,2,0,
2024-11-20 02:00:00,2,0,
2024-11-20 03:00:00,2,0,
2024-11-20 04:00:00,2,0,
2024-11-20 05:00:00,2,0,
2024-11-20 06:00:00,2,0,
2024-11-20 07:00:00,2,0,
2024-11-20 08:00:00,2,0,
2024-11-20 09:00:00,2,0,
2024-11-20 10:00:00,2,0,
2024-11-20 11:00:00,2,0,
2024-11-20 12:00:00,2,0,
2024-11-20 13:00:00,2,0,
2024-11-20 14:00:00,2,0,
2024-11-20 15:00:00,2,0,
2024-11-20 16:00:00,2,0,
2024-11-20 17:00:00,2,0,
2024-11-20 18:00:00,2,0,
2024-11-20 19:00:00,2,0,
2024-11-20 20:00:00,2,0,
2024-11-20 21:00:00,2,0,
2024-11-20 22:00:00,2,0,
2024-11-20 23:00:00,2,0,
2024-11-21 00:00:00,2,0,
2024-11-21 01:00:00,2,0,
2024-11-21 02:00:00,2,0,
2024-11-21 03:00:00,2,0,
2024-11-21 04:00:00,2,0,
2024-11-21 05:00:00,2,0,
2024-11-21 06:00:00,2,0,
2024-11-21 07:00:00,2,0,
2024-11-21 08:00:00,2,0,
2024-11-21 09:00:00,2,0,
2024-11-21 10:00:00,2,0,
2024-11-21 11:00:00,2,0,
2024-11-21 12:00:00,2,0,
2024-11-21 13:00:00,2,0,
2024-11-21 14:00:00,2,0,
2024-11-21 15:00:00,2,0,
2024-11-21 16:00:00,2,0,
2024-11-21 17:00:00,2,0,
2024-11-21 18:00:00,2,0,
2024-11-21 19:00:00,2,0,
2024-11-21 20:00:00,2,0,
2024-11-21 21:00:00,2,0,
2024-11-21 22:00:00,2,0,
2024-11-21 23:00:00,2,0,
2024-11-22 00:00:00,2,0,
2024-11-22 01:00:00,2,0,
2024-11-22 02:00:00,2,0,
2024-11-22 03:00:00,2,0,
2024-11-22 04:00:00,2,0,
2024-11-22 05:00:00,2,0,
2024-11-22 06:00:00,2,0,
2024-11-22 07:00:00,2,0,
2024-11-22 08:00:00,2,0,
2024-11-22 09:00:00,2,0,
2024-11-22 10:00:00,2,0,
2024-11-22 11:00:00,2,0,
2024-11-22 12:00:00,2,0,
2024-11-22 13:00:00,2,0,
2024-11-22 14:00:00,2,0,
2024-11-22 15:00:00,2,0,
2024-11-22 16:00:00,2,0,
2024-11-22 17:00:00,2,0,
2024-11-22 18:00:00,2,0,
2024-11-22 19:00:00,2,0,
2024-11-22 20:00:00,2,0,
2024-11-22 21:00:00,2,0,
2024-11-22 22:00:00,2,0,
2024-11-22 23:00:00,2,0,
2024-11-23 00:00:00,2,0,
2024-11-23 01:00:00,2,0,
2024-11-23 02:00:00,2,0,
2024-11-23 03:00:00,2,0,
2024-11-23 04:00:00,2,0,
2024-11-23 05:00:00,2,0,
2024-11-23 06:00:00,2,0,
2024-11-23 07:00:00,2,0,
2024-11-23 08:00:00,2,0,
2024-11-23 09:00:00,2,0,
2024-11-23 10:00:00,2,0,
2024-11-23 11:00:00,2,0,
2024-11-23 12:00:00,2,0,
2024-11-23 13:00:00,2,0,
2024-11-23 14:00:00,2,0,
2024-11-23 15:00:00,2,0,
2024-11-23 16:00:00,2,0,
2024-11-23 17:00:00,2,0,
2024-11-23 18:00:00,2,0,
2024-11-23 19:00:00,2,0,
2024-11-23 20:00:00,2,0,
2024-11-23 21:00:00,2,0,
2024-11-23 22:00:00,2,0,
2024-11-23 23:00:00,2,0,
2024-11-24 00:00:00,2,0,
2024-11-24 01:00:00,2,0,
2024-11-24 02:00:00,2,0,
2024-11-24 03:00:00,2,0,
2024-11-24 04:00:00,2,0,
2024-11-24 05:00:00,2,0,
2024-11-24 06:00:00,2,0,
2024-11-24 07:00:00,2,0,
2024-11-24 08:00:00,2,0,
2024-11-24 09:00:00,2,0,
2024-11-24 10:00:00,2,0,
2024-11-24 11:00:00,2,0,
2024-11-24 12:00:00,2,0,
2024-11-24 13:00:00,2,0,
2024-11-24 14:00:00,2,0,
2024-11-24 15:00:00,2,0,
2024-11-24 16:00:00,2,0,
2024-11-24 17:00:00,2,0,
2024-11-24 18:00:00,2,0,
2024-11-24 19:00:00,2,0,
2024-11-24 20:00:00,2,0,
2024-11-24 21:00:00,2,0,
2024-11-24 22:00:00,2,0,
2024-11-24 23:00:00,2,0,
2024-11-25 00:00:00,2,0,
2024-11-25 01:00:00,2,0,
2024-11-25 02:00:00,2,0,
2024-11-25 03:00:00,2,0,
2024-11-25 04:00:00,2,0,
2024-11-25 05:00:00,2,0,
2024-11-25 06:00:00,2,0,
2024-11-25 07:00:00,2,0,
2024-11-25 08:00:00,2,0,
2024-11-25 09:00:00,2,0,
2024-11-25 10:00:00,2,0,
2024-11-25 11:00:00,2,0,
2024-11-25 12:00:00,2,0,
2024-11-25 13:00:00,2,0,
2024-11-25 14:00:00,2,0,
2024-11-25 15:00:00,2,0,
2024-11-25 16:00:00,2,0,
2024-11-25 17:00:00,2,0,
2024-11-25 18:00:00,2,0,
2024-11-25 19:00:00,2,0,
2024-11-25 20:00:00,2,0,
2024-11-25 21:00:00,2,0,
2024-11-25 22:00:00,2,0,
2024-11-25 23:00:00,2,0,
2024-11-26 00:00:00,2,0,
2024-11-26 01:00:00,2,0,
2024-11-26 02:00:00,2,0,
2024-11-26 03:00:00,2,0,
2024-11-26 04:00:00,2,0,
2024-11-26 05:00:00,2,0,
2024-11-26 06:00:00,2,0,
2024-11-26 07:00:00,2,0,
2024-11-26 08:00:00,2,0,
2024-11-26 09:00:00,2,0,
2024-11-26 10:00:00,2,0,
2024-11-26 11:00:00,2,0,
2024-11-26 12:00:00,2,0,
2024-11-26 13:00:00,2,0,
2024-11-26 14:00:00,2,0,
2024-11-26 15:00:00,2,0,
2024-11-26 16:00:00,2,0,
2024-11-26 17:00:00,2,0,
2024-11-26 18:00:00,2,0,
2024-11-26 19:00:00,2,0,
2024-11-26 20:00:00,2,0,
2024-11-26 21:00:00,2,0,
2024-11-26 22:00:00,2,0,
2024-11-26 23:00:00,2,0,
2024-11-27 00:00:00,2,0,
2024-11-27 01:00:00,2,0,
2024-11-27 02:00:00,2,0,
2024-11-27 03:00:00,2,0,
2024-11-27 04:00:00,2,0,
2024-11-27 05:00:00,2,0,
2024-11-27 06:00:00,2,0,
2024-11-27 07:00:00,2,0,
2024-11-27 08:00:00,2,0,
2024-11-27 09:00:00,2,0,
2024-11-27 10:00:00,2,0,
2024-11-27 11:00:00,2,0,
2024-11-27 12:00:00,2,0,
2024-11-27 13:00:00,2,0,
2024-11-27 14:00:00,2,0,
2024-11-27 15:00:00,2,0,
2024-11-27 16:00:00,2,0,
2024-11-27 17:00:00,2,0,
2024-11-27 18:00:00,2,0,
2024-11-27 19:00:00,2,0,
2024-11-27 20:00:00,2,0,
2024-11-27 21:00:00,2,0,
2024-11-27 22:00:00,2,0,
2024-11-27 23:00:00,2,0,
2024-11-28 00:00:00,2,0,
2024-11-28 01:00:00,2,0,
2024-11-28 02:00:00,2,0,
2024-11-28 03:00:00,2,0,
2024-11-28 04:00:00,2,0,
2024-11-28 05:00:00,2,0,
2024-11-28 06:00:00,2,0,
2024-11-28 07:00:00,2,0,
2024-11-28 08:00:00,2,0,
2024-11-28 09:00:00,2,0,
2024-11-28 10:00:00,2,0,
2024-11-28 11:00:00,2,0,
2024-11-28 12:00:00,2,0,
2024-11-28 13:00:00,2,0,
2024-11-28 14:00:00,2,0,
2024-11-28 15:00:00,2,0,
2024-11-28 16:00:00,2,0,
2024-11-28 17:00:00,2,0,
2024-11-28 18:00:00,2,0,
2024-11-28 19:00:00,2,0,
2024-11-28 20:00:00,2,0,
2024-11-28 21:00:00,2,0,
2024-11-28 22:00:00,2,0,
2024-11-28 23:00:00,2,0,
2024-11-29 00:00:00,2,0,
2024-11-29 01:00:00,2,0,
2024-11-29 02:00:00,2,0,
2024-11-29 03:00:00,2,0,
2024-11-29 04:00:00,2,0,
2024-11-29 05:00:00,2,0,
2024-11-29 06:00:00,2,0,
2024-11-29 07:00:00,2,0,
2024-11-29 08:00:00,2,0,
2024-11-29 09:00:00,2,0,
2024-11-29 10:00:00,2,0,
2024-11-29 11:00:00,2,0,
2024-11-29 12:00:00,2,0,
2024-11-29 13:00:00,2,0,
2024-11-29 14:00:00,2,0,
2024-11-29 15:00:00,2,0,
2024-11-29 16:00:00,2,0,
2024-11-29 17:00:00,2,0,
2024-11-29 18:00:00,2,0,
2024-11-29 19:00:00,2,0,
2024-11-29 20:00:00,2,0,
2024-11-29 21:00:00,2,0,
2024-11-29 22:00:00,2,0,
2024-11-29 23:00:00,2,0,
2024-11-30 00:00:00,2,0,
2024-11-30 01:00:00,2,0,
2024-11-30 02:00:00,2,0,
2024-11-30 03:00:00,2,0,
2024-11-30 04:00:00,2,0,
2024-11-30 05:00:00,2,0,
2024-11-30 06:00:00,2,0,
2024-11-30 07:00:00,2,0,
2024-11-30 08:00:00,2,0,
2024-11-30 09:00:00,2,0,
2024-11-30 10:00:00,2,0,
2024-11-30 11:00:00,2,0,
2024-11-30 12:00:00,2,0,
2024-11-30 13:00:00,2,0,
2024-11-30 14:00:00,2,0,
2024-11-30 15:00:00,2,0,
2024-11-30 16:00:00,2,0,
2024-11-30 17:00:00,2,0,
2024-11-30 18:00:00,2,0,
2024-11-30 19:00:00,2,0,
2024-11-30 20:00:00,2,0,
2024-11-30 21:00:00,2,0,
2024-11-30 22:00:00,2,0,
2024-11-30 23:00:00,2,0,
2024-12-01 00:00:00,2,0,
2024-12-01 01:00:00,2,0,
2024-12-01 02:00:00,2,0,
2024-12-01 03:00:00,2,0,
2024-12-01 04:00:00,2,0,
2024-12-01 05:00:00,2,0,
2024-12-01 06:00:00,2,0,
2024-12-01 07:00:00,2,0,
2024-12-01 08:00:00,2,0,
2024-12-01 09:00:00,2,0,
2024-12-01 10:00:00,2,0,
2024-12-01 11:00:00,2,0,
2024-12-01 12:00:00,2,0,
2024-12-01 13:00:00,2,0,
2024-12-01 14:00:00,2,0,
2024-12-01 15:00:00,2,0,
2024-12-01 16:00:00,2,0,
2024-12-01 17:00:00,2,0,
2024-12-01 18:00:00,2,0,
2024-12-01 19:00:00,2,0,
2024-12-01 20:00:00,2,0,
2024-12-01 21:00:00,2,0,
2024-12-01 22:00:00,2,0,
2024-12-01 23:00:00,2,0,
2024-12-02 00:00:00,2,0,
2024-12-02 01:00:00,2,0,
2024-12-02 02:00:00,2,0,
2024-12-02 03:00:00,2,0,
2024-12-02 04:00:00,2,0,
2024-12-02 05:00:00,2,0,
2024-12-02 06:00:00,2,0,
2024-12-02 07:00:00,2,0,
2024-12-02 08:00:00,2,0,
2024-12-02 09:00:00,2,0,
2024-12-02 10:00:00,2,0,
2024-12-02 11:00:00,2,0,
2024-12-02 12:00:00,2,0,
2024-12-02 13:00:00,2,0,
2024-12-02 14:00:00,2,0,
2024-12-02 15:00:00,2,0,
2024-12-02 16:00:00,2,0,
2024-12-02 17:00:00,2,0,
2024-12-02 18:00:00,2,0,
2024-12-02 19:00:00,2,0,
2024-12-02 20:00:00,2,0,
2024-12-02 21:00:00,2,0,
2024-12-02 22:00:00,2,0,
2024-12-02 23:00:00,2,0,
2024-12-03 00:00:00,2,0,
2024-12-03 01:00:00,2,0,
2024-12-03 02:00:00,2,0,
2024-12-03 03:00:00,2,0,
2024-12-03 04:00:00,2,0,
2024-12-03 05:00:00,2,0,
2024-12-03 06:00:00,2,0,
2024-12-03 07:00:00,2,0,
2024-12-03 08:00:00,2,0,
2024-12-03 09:00:00,2,0,
2024-12-03 10:00:00,2,0,
2024-12-03 11:00:00,2,0,
2024-12-03 12:00:00,2,0,
2024-12-03 13:00:00,2,0,
2024-12-03 14:00:00,2,0,
2024-12-03 15:00:00,2,0,
2024-12-03 16:00:00,2,0,
2024-12-03 17:00:00,2,0,
2024-12-03 18:00:00,2,0,
2024-12-03 19:00:00,2,0,
2024-12-03 20:00:00,2,0,
2024-12-03 21:00:00,2,0,
2024-12-03 22:00:00,2,0,
2024-12-03 23:00:00,2,0,
2024-12-04 00:00:00,2,0,
2024-12-04 01:00:00,2,0,
2024-12-04 02:00:00,2,0,
2024-12-04 03:00:00,2,0,
2024-12-04 04:00:00,2,0,
2024-12-04 05:00:00,2,0,
2024-12-04 06:00:00,2,0,
2024-12-04 07:00:00,2,0,
2024-12-04 08:00:00,2,0,
2024-12-04 09:00:00,2,0,
2024-12-04 10:00:00,2,0,
2024-12-04 11:00:00,2,0,
2024-12-04 12:00:00,2,0,
2024-12-04 13:00:00,2,0,
2024-12-04 14:00:00,2,0,
2024-12-04 15:00:00,2,0,
2024-12-04 16:00:00,2,0,
2024-12-04 17:00:00,2,0,
2024-12-04 18:00:00,2,0,
2024-12-04 19:00:00,2,0,
2024-12-04 20:00:00,2,0,
2024-12-04 21:00:00,2,0,
2024-12-04 22:00:00,2,0,
2024-12-04 23:00:00,2,0,
2024-12-05 00:00:00,2,0,
2024-12-05 01:00:00,2,0,
2024-12-05 02:00:00,2,0,
2024-12-05 03:00:00,2,0,
2024-12-05 04:00:00,2,0,
2024-12-05 05:00:00,2,0,
2024-12-05 06:00:00,2,0,
2024-12-05 07:00:00,2,0,
2024-12-05 08:00:00,2,0,
2024-12-05 09:00:00,2,0,
2024-12-05 10:00:00,2,0,
2024-12-05 11:00:00,2,0,
2024-12-05 12:00:00,2,0,
2024-12-05 13:00:00,2,0,
2024-12-05 14:00:00,2,0,
2024-12-05 15:00:00,2,0,
2024-12-05 16:00:00,2,0,
2024-12-05 17:00:00,2,0,
2024-12-05 18:00:00,2,0,
2024-12-05 19:00:00,2,0,
2024-12-05 20:00:00,2,0,
2024-12-05 21:00:00,2,0,
2024-12-05 22:00:00,2,0,
2024-12-05 23:00:00,2,0,
2024-12-06 00:00:00,2,0,
2024-12-06 01:00:00,2,0,
2024-12-06 02:00:00,2,0,
2024-12-06 03:00:00,2,0,
2024-12-06 04:00:00,2,0,
2024-12-06 05:00:00,2,0,
2024-12-06 06:00:00,2,0,
2024-12-06 07:00:00,2,0,
2024-12-06 08:00:00,2,0,
2024-12-06 09:00:00,2,0,
2024-12-06 10:00:00,2,0,
2024-12-06 11:00:00,2,0,
2024-12-06 12:00:00,2,0,
2024-12-06 13:00:00,2,0,
2024-12-06 14:00:00,2,0,
2024-12-06 15:00:00,2,0,
2024-12-06 16:00:00,2,0,
2024-12-06 17:00:00,2,0,
2024-12-06 18:00:00,2,0,
2024-12-06 19:00:00,2,0,
2024-12-06 20:00:00,2,0,
2024-12-06 21:00:00,2,0,
2024-12-06 22:00:00,2,0,
2024-12-06 23:00:00,2,0,
2024-12-07 00:00:00,2,0,
2024-12-07 01:00:00,2,0,
2024-12-07 02:00:00,2,0,
2024-12-07 03:00:00,2,0,
2024-12-07 04:00:00,2,0,
2024-12-07 05:00:00,2,0,
2024-12-07 06:00:00,2,0,
2024-12-07 07:00:00,2,0,
2024-12-07 08:00:00,2,0,
2024-12-07 09:00:00,2,0,
2024-12-07 10:00:00,2,0,
2024-12-07 11:00:00,2,0,
2024-12-07 12:00:00,2,0,
2024-12-07 13:00:00,2,0,
2024-12-07 14:00:00,2,0,
2024-12-07 15:00:00,2,0,
2024-12-07 16:00:00,2,0,
2024-12-07 17:00:00,2,0,
2024-12-07 18:00:00,2,0,
2024-12-07 19:00:00,2,0,
2024-12-07 20:00:00,2,0,
2024-12-07 21:00:00,2,0,
2024-12-07 22:00:00,2,0,
2024-12-07 23:00:00,2,0,
2024-12-08 00:00:00,2,0,
2024-12-08 01:00:00,2,0,
2024-12-08 02:00:00,2,0,
2024-12-08 03:00:00,2,0,
2024-12-08 04:00:00,2,0,
2024-12-08 05:00:00,2,0,
2024-12-08 06:00:00,2,0,
2024-12-08 07:00:00,2,0,
2024-12-08 08:00:00,2,0,
2024-12-08 09:00:00,2,0,
2024-12-08 10:00:00,2,0,
2024-12-08 11:00:00,2,0,
2024-12-08 12:00:00,2,0,
2024-12-08 13:00:00,2,0,
2024-12-08 14:00:00,2,0,
2024-12-08 15:00:00,2,0,
2024-12-08 16:00:00,2,0,
2024-12-08 17:00:00,2,0,
2024-12-08 18:00:00,2,0,
2024-12-08 19:00:00,2,0,
2024-12-08 20:00:00,2,0,
2024-12-08 21:00:00,2,0,
2024-12-08 22:00:00,2,0,
2024-12-08 23:00:00,2,0,
2024-12-09 00:00:00,2,0,
2024-12-09 01:00:00,2,0,
2024-12-09 02:00:00,2,0,
2024-12-09 03:00:00,2,0,
2024-12-09 04:00:00,2,0,
2024-12-09 05:00:00,2,0,
2024-12-09 06:00:00,2,0,
2024-12-09 07:00:00,2,0,
2024-12-09 08:00:00,2,0,
2024-12-09 09:00:00,2,0,
2024-12-09 10:00:00,2,0,
2024-12-09 11:00:00,2,0,
2024-12-09 12:00:00,2,0,
2024-12-09 13:00:00,2,0,
2024-12-09 14:00:00,2,0,
2024-12-09 15:00:00,2,0,
2024-12-09 16:00:00,2,0,
2024-12-09 17:00:00,2,0,
2024-12-09 18:00:00,2,0,
2024-12-09 19:00:00,2,0,
2024-12-09 20:00:00,2,0,
2024-12-09 21:00:00,2,0,
2024-12-09 22:00:00,2,0,
2024-12-09 23:00:00,2,0,
2024-12-10 00:00:00,2,0,
2024-12-10 01:00:00,2,0,
2024-12-10 02:00:00,2,0,
2024-12-10 03:00:00,2,0,
2024-12-10 04:00:00,2,0,
2024-12-10 05:00:00,2,0,
2024-12-10 06:00:00,2,0,
2024-12-10 07:00:00,2,0,
2024-12-10 08:00:00,2,0,
2024-12-10 09:00:00,2,0,
2024-12-10 10:00:00,2,0,
2024-12-10 11:00:00,2,0,
2024-12-10 12:00:00,2,0,
2024-12-10 13:00:00,2,0,
2024-12-10 14:00:00,2,0,
2024-12-10 15:00:00,2,0,
2024-12-10 16:00:00,2,0,
2024-12-10 17:00:00,2,0,
2024-12-10 18:00:00,2,0,
2024-12-10 19:00:00,2,0,
2024-12-10 20:00:00,2,0,
2024-12-10 21:00:00,2,0,
2024-12-10 22:00:00,2,0,
2024-12-10 23:00:00,2,0,
2024-12-11 00:00:00,2,0,
2024-12-11 01:00:00,2,0,
2024-12-11 02:00:00,2,0,
2024-12-11 03:00:00,2,0,
2024-12-11 04:00:00,2,0,
2024-12-11 05:00:00,2,0,
2024-12-11 06:00:00,2,0,
2024-12-11 07:00:00,2,0,
2024-12-11 08:00:00,2,0,
2024-12-11 09:00:00,2,0,
2024-12-11 10:00:00,2,0,
2024-12-11 11:00:00,2,0,
2024-12-11 12:00:00,2,0,
2024-12-11 13:00:00,2,0,
2024-12-11 14:00:00,2,0,
2024-12-11 15:00:00,2,0,
2024-12-11 16:00:00,2,0,
2024-12-11 17:00:00,2,0,
2024-12-11 18:00:00,2,0,
2024-12-11 19:00:00,2,0,
2024-12-11 20:00:00,2,0,
2024-12-11 21:00:00,2,0,
2024-12-11 22:00:00,2,0,
2024-12-11 23:00:00,2,0,
2024-12-12 00:00:00,2,0,
2024-12-12 01:00:00,2,0,
2024-12-12 02:00:00,2,0,
2024-12-12 03:00:00,2,0,
2024-12-12 04:00:00,2,0,
2024-12-12 05:00:00,2,0,
2024-12-12 06:00:00,2,0,
2024-12-12 07:00:00,2,0,
2024-12-12 08:00:00,2,0,
2024-12-12 09:00:00,2,0,
2024-12-12 10:00:00,2,0,
2024-12-12 11:00:00,2,0,
2024-12-12 12:00:00,2,0,
2024-12-12 13:00:00,2,0,
2024-12-12 14:00:00,2,0,
2024-12-12 15:00:00,2,0,
2024-12-12 16:00:00,2,0,
2024-12-12 17:00:00,2,0,
2024-12-12 18:00:00,2,0,
2024-12-12 19:00:00,2,0,
2024-12-12 20:00:00,2,0,
2024-12-12 21:00:00,2,0,
2024-12-12 22:00:00,2,0,
2024-12-12 23:00:00,2,0,
2024-12-13 00:00:00,2,0,
2024-12-13 01:00:00,2,0,
2024-12-13 02:00:00,2,0,
2024-12-13 03:00:00,2,0,
2024-12-13 04:00:00,2,0,
2024-12-13 05:00:00,2,0,
2024-12-13 06:00:00,2,0,
2024-12-13 07:00:00,2,0,
2024-12-13 08:00:00,2,0,
2024-12-13 09:00:00,2,0,
2024-12-13 10:00:00,2,0,
2024-12-13 11:00:00,2,0,
2024-12-13 12:00:00,2,0,
2024-12-13 13:00:00,2,0,
2024-12-13 14:00:00,2,0,
2024-12-13 15:00:00,2,0,
2024-12-13 16:00:00,2,0,
2024-12-13 17:00:00,2,0,
2024-12-13 18:00:00,2,0,
2024-12-13 19:00:00,2,0,
2024-12-13 20:00:00,2,0,
2024-12-13 21:00:00,2,0,
2024-12-13 22:00:00,2,0,
2024-12-13 23:00:00,2,0,
2024-12-14 00:00:00,2,0,
2024-12-14 01:00:00,2,0,
2024-12-14 02:00:00,2,0,
2024-12-14 03:00:00,2,0,
2024-12-14 04:00:00,2,0,
2024-12-14 05:00:00,2,0,
2024-12-14 06:00:00,2,0,
2024-12-14 07:00:00,2,0,
2024-12-14 08:00:00,2,0,
2024-12-14 09:00:00,2,0,
2024-12-14 10:00:00,2,0,
2024-12-14 11:00:00,2,0,
2024-12-14 12:00:00,2,0,
2024-12-14 13:00:00,2,0,
2024-12-14 14:00:00,2,0,
2024-12-14 15:00:00,2,0,
2024-12-14 16:00:00,2,0,
2024-12-14 17:00:00,2,0,
2024-12-14 18:00:00,2,0,
2024-12-14 19:00:00,2,0,
2024-12-14 20:00:00,2,0,
2024-12-14 21:00:00,2,0,
2024-12-14 22:00:00,2,0,
2024-12-14 23:00:00,2,0,
2024-12-15 00:00:00,2,0,
2024-12-15 01:00:00,2,0,
2024-12-15 02:00:00,2,0,
2024-12-15 03:00:00,2,0,
2024-12-15 04:00:00,2,0,
2024-12-15 05:00:00,2,0,
2024-12-15 06:00:00,2,0,
2024-12-15 07:00:00,2,0,
2024-12-15 08:00:00,2,0,
2024-12-15 09:00:00,2,0,
2024-12-15 10:00:00,2,0,
2024-12-15 11:00:00,2,0,
2024-12-15 12:00:00,2,0,
2024-12-15 13:00:00,2,0,
2024-12-15 14:00:00,2,0,
2024-12-15 15:00:00,2,0,
2024-12-15 16:00:00,2,0,
2024-12-15 17:00:00,2,0,
2024-12-15 18:00:00,2,0,
2024-12-15 19:00:00,2,0,
2024-12-15 20:00:00,2,0,
2024-12-15 21:00:00,2,0,
2024-12-15 22:00:00,2,0,
2024-12-15 23:00:00,2,0,
2024-12-16 00:00:00,2,0,
2024-12-16 01:00:00,2,0,
2024-12-16 02:00:00,2,0,
2024-12-16 03:00:00,2,0,
2024-12-16 04:00:00,2,0,
2024-12-16 05:00:00,2,0,
2024-12-16 06:00:00,2,0,
2024-12-16 07:00:00,2,0,
2024-12-16 08:00:00,2,0,
2024-12-16 09:00:00,2,0,
2024-12-16 10:00:00,2,0,
2024-12-16 11:00:00,2,0,
2024-12-16 12:00:00,2,0,
2024-12-16 13:00:00,2,0,
2024-12-16 14:00:00,2,0,
2024-12-16 15:00:00,2,0,
2024-12-16 16:00:00,2,0,
2024-12-16 17:00:00,2,0,
2024-12-16 18:00:00,2,0,
2024-12-16 19:00:00,2,0,
2024-12-16 20:00:00,2,0,
2024-12-16 21:00:00,2,0,
2024-12-16 22:00:00,2,0,
2024-12-16 23:00:00,2,0,
2024-12-17 00:00:00,2,0,
2024-12-17 01:00:00,2,0,
2024-12-17 02:00:00,2,0,
2024-12-17 03:00:00,2,0,
2024-12-17 04:00:00,2,0,
2024-12-17 05:00:00,2,0,
2024-12-17 06:00:00,2,0,
2024-12-17 07:00:00,2,0,
2024-12-17 08:00:00,2,0,
2024-12-17 09:00:00,2,0,
2024-12-17 10:00:00,2,0,
2024-12-17 11:00:00,2,0,
2024-12-17 12:00:00,2,0,
2024-12-17 13:00:00,2,0,
2024-12-17 14:00:00,2,0,
2024-12-17 15:00:00,2,0,
2024-12-17 16:00:00,2,0,
2024-12-17 17:00:00,2,0,
2024-12-17 18:00:00,2,0,
2024-12-17 19:00:00,2,0,
2024-12-17 20:00:00,2,0,
2024-12-17 21:00:00,2,0,
2024-12-17 22:00:00,2,0,
2024-12-17 23:00:00,2,0,
2024-12-18 00:00:00,2,0,
2024-12-18 01:00:00,2,0,
2024-12-18 02:00:00,2,0,
2024-12-18 03:00:00,2,0,
2024-12-18 04:00:00,2,0,
2024-12-18 05:00:00,2,0,
2024-12-18 06:00:00,2,0,
2024-12-18 07:00:00,2,0,
2024-12-18 08:00:00,2,0,
2024-12-18 09:00:00,2,0,
2024-12-18 10:00:00,2,0,
2024-12-18 11:00:00,2,0,
2024-12-18 12:00:00,2,0,
2024-12-18 13:00:00,2,0,
2024-12-18 14:00:00,2,0,
2024-12-18 15:00:00,2,0,
2024-12-18 16:00:00,2,0,
2024-12-18 17:00:00,2,0,
2024-12-18 18:00:00,2,0,
2024-12-18 19:00:00,2,0,
2024-12-18 20:00:00,2,0,
2024-12-18 21:00:00,2,0,
2024-12-18 22:00:00,2,0,
2024-12-18 23:00:00,2,0,
2024-12-19 00:00:00,2,0,
2024-12-19 01:00:00,2,0,
2024-12-19 02:00:00,2,0,
2024-12-19 03:00:00,2,0,
2024-12-19 04:00:00,2,0,
2024-12-19 05:00:00,2,0,
2024-12-19 06:00:00,2,0,
2024-12-19 07:00:00,2,0,
2024-12-19 08:00:00,2,0,
2024-12-19 09:00:00,2,0,
2024-12-19 10:00:00,2,0,
2024-12-19 11:00:00,2,0,
2024-12-19 12:00:00,2,0,
2024-12-19 13:00:00,2,0,
2024-12-19 14:00:00,2,0,
2024-12-19 15:00:00,2,0,
2024-12-19 16:00:00,2,0,
2024-12-19 17:00:00,2,0,
2024-12-19 18:00:00,2,0,
2024-12-19 19:00:00,2,0,
2024-12-19 20:00:00,2,0,
2024-12-19 21:00:00,2,0,
2024-12-19 22:00:00,2,0,
2024-12-19 23:00:00,2,0,
2024-12-20 00:00:00,2,0,
2024-12-20 01:00:00,2,0,
2024-12-20 02:00:00,2,0,
2024-12-20 03:00:00,2,0,
2024-12-20 04:00:00,2,0,
2024-12-20 05:00:00,2,0,
2024-12-20 06:00:00,2,0,
2024-12-20 07:00:00,2,0,
2024-12-20 08:00:00,2,0,
2024-12-20 09:00:00,2,0,
2024-12-20 10:00:00,2,0,
2024-12-20 11:00:00,2,0,
2024-12-20 12:00:00,2,0,
2024-12-20 13:00:00,2,0,
2024-12-20 14:00:00,2,0,
2024-12-20 15:00:00,2,0,
2024-12-20 16:00:00,2,0,
2024-12-20 17:00:00,2,0,
2024-12-20 18:00:00,2,0,
2024-12-20 19:00:00,2,0,
2024-12-20 20:00:00,2,0,
2024-12-20 21:00:00,2,0,
2024-12-20 22:00:00,2,0,
2024-12-20 23:00:00,2,0,
2024-12-21 00:00:00,2,0,
2024-12-21 01:00:00,2,0,
2024-12-21 02:00:00,2,0,
2024-12-21 03:00:00,2,0,
2024-12-21 04:00:00,2,0,
2024-12-21 05:00:00,2,0,
2024-12-21 06:00:00,2,0,
2024-12-21 07:00:00,2,0,
2024-12-21 08:00:00,2,0,
2024-12-21 09:00:00,2,0,
2024-12-21 10:00:00,2,0,
2024-12-21 11:00:00,2,0,
2024-12-21 12:00:00,2,0,
2024-12-21 13:00:00,2,0,
2024-12-21 14:00:00,2,0,
2024-12-21 15:00:00,2,0,
2024-12-21 16:00:00,2,0,
2024-12-21 17:00:00,2,0,
2024-12-21 18:00:00,2,0,
2024-12-21 19:00:00,2,0,
2024-12-21 20:00:00,2,0,
2024-12-21 21:00:00,2,0,
2024-12-21 22:00:00,2,0,
2024-12-21 23:00:00,2,0,
2024-12-22 00:00:00,2,0,
2024-12-22 01:00:00,2,0,
2024-12-22 02:00:00,2,0,
2024-12-22 03:00:00,2,0,
2024-12-22 04:00:00,2,0,
2024-12-22 05:00:00,2,0,
2024-12-22 06:00:00,2,0,
2024-12-22 07:00:00,2,0,
2024-12-22 08:00:00,2,0,
2024-12-22 09:00:00,2,0,
2024-12-22 10:00:00,2,0,
2024-12-22 11:00:00,2,0,
2024-12-22 12:00:00,2,0,
2024-12-22 13:00:00,2,0,
2024-12-22 14:00:00,2,0,
2024-12-22 15:00:00,2,0,
2024-12-22 16:00:00,2,0,
2024-12-22 17:00:00,2,0,
2024-12-22 18:00:00,2,0,
2024-12-22 19:00:00,2,0,
2024-12-22 20:00:00,2,0,
2024-12-22 21:00:00,2,0,
2024-12-22 22:00:00,2,0,
2024-12-22 23:00:00,2,0,
2024-12-23 00:00:00,2,0,
2024-12-23 01:00:00,2,0,
2024-12-23 02:00:00,2,0,
2024-12-23 03:00:00,2,0,
2024-12-23 04:00:00,2,0,
2024-12-23 05:00:00,2,0,
2024-12-23 06:00:00,2,0,
2024-12-23 07:00:00,2,0,
2024-12-23 08:00:00,2,0,
2024-12-23 09:00:00,2,0,
2024-12-23 10:00:00,2,0,
2024-12-23 11:00:00,2,0,
2024-12-23 12:00:00,2,0,
2024-12-23 13:00:00,2,0,
2024-12-23 14:00:00,2,0,
2024-12-23 15:00:00,2,0,
2024-12-23 16:00:00,2,0,
2024-12-23 17:00:00,2,0,
2024-12-23 18:00:00,2,0,
2024-12-23 19:00:00,2,0,
2024-12-23 20:00:00,2,0,
2024-12-23 21:00:00,2,0,
2024-12-23 22:00:00,2,0,
2024-12-23 23:00:00,2,0,
2024-12-24 00:00:00,2,0,
2024-12-24 01:00:00,2,0,
2024-12-24 02:00:00,2,0,
2024-12-24 03:00:00,2,0,
2024-12-24 04:00:00,2,0,
2024-12-24 05:00:00,2,0,
2024-12-24 06:00:00,2,0,
2024-12-24 07:00:00,2,0,
2024-12-24 08:00:00,2,0,
2024-12-24 09:00:00,2,0,
2024-12-24 10:00:00,2,0,
2024-12-24 11:00:00,2,0,
2024-12-24 12:00:00,2,0,
2024-12-24 13:00:00,2,0,
2024-12-24 14:00:00,2,0,
2024-12-24 15:00:00,2,0,
2024-12-24 16:00:00,2,0,
2024-12-24 17:00:00,2,0,
2024-12-24 18:00:00,2,0,
2024-12-24 19:00:00,2,0,
2024-12-24 20:00:00,2,0,
2024-12-24 21:00:00,2,0,
2024-12-24 22:00:00,2,0,
2024-12-24 23:00:00,2,0,
2024-12-25 00:00:00,2,0,
2024-12-25 01:00:00,2,0,
2024-12-25 02:00:00,2,0,
2024-12-25 03:00:00,2,0,
2024-12-25 04:00:00,2,0,
2024-12-25 05:00:00,2,0,
2024-12-25 06:00:00,2,0,
2024-12-25 07:00:00,2,0,
2024-12-25 08:00:00,2,0,
2024-12-25 09:00:00,2,0,
2024-12-25 10:00:00,2,0,
2024-12-25 11:00:00,2,0,
2024-12-25 12:00:00,2,0,
2024-12-25 13:00:00,2,0,
2024-12-25 14:00:00,2,0,
2024-12-25 15:00:00,2,0,
2024-12-25 16:00:00,2,0,
2024-12-25 17:00:00,2,0,
2024-12-25 18:00:00,2,0,
2024-12-25 19:00:00,2,0,
2024-12-25 20:00:00,2,0,
2024-12-25 21:00:00,2,0,
2024-12-25 22:00:00,2,0,
2024-12-25 23:00:00,2,0,
2024-12-26 00:00:00,2,0,
2024-12-26 01:00:00,2,0,
2024-12-26 02:00:00,2,0,
2024-12-26 03:00:00,2,0,
2024-12-26 04:00:00,2,0,
2024-12-26 05:00:00,2,0,
2024-12-26 06:00:00,2,0,
2024-12-26 07:00:00,2,0,
2024-12-26 08:00:00,2,0,
2024-12-26 09:00:00,2,0,
2024-12-26 10:00:00,2,0,
2024-12-26 11:00:00,2,0,
2024-12-26 12:00:00,2,0,
2024-12-26 13:00:00,2,0,
2024-12-26 14:00:00,2,0,
2024-12-26 15:00:00,2,0,
2024-12-26 16:00:00,2,0,
2024-12-26 17:00:00,2,0,
2024-12-26 18:00:00,2,0,
2024-12-26 19:00:00,2,0,
2024-12-26 20:00:00,2,0,
2024-12-26 21:00:00,2,0,
2024-12-26 22:00:00,2,0,
2024-12-26 23:00:00,2,0,
2024-12-27 00:00:00,2,0,
2024-12-27 01:00:00,2,0,
2024-12-27 02:00:00,2,0,
2024-12-27 03:00:00,2,0,
2024-12-27 04:00:00,2,0,
2024-12-27 05:00:00,2,0,
2024-12-27 06:00:00,2,0,
2024-12-27 07:00:00,2,0,
2024-12-27 08:00:00,2,0,
2024-12-27 09:00:00,2,0,
2024-12-27 10:00:00,2,0,
2024-12-27 11:00:00,2,0,
2024-12-27 12:00:00,2,0,
2024-12-27 13:00:00,2,0,
2024-12-27 14:00:00,2,0,
2024-12-27 15:00:00,2,0,
2024-12-27 16:00:00,2,0,
2024-12-27 17:00:00,2,0,
2024-12-27 18:00:00,2,0,
2024-12-27 19:00:00,2,0,
2024-12-27 20:00:00,2,0,
2024-12-27 21:00:00,2,0,
2024-12-27 22:00:00,2,0,
2024-12-27 23:00:00,2,0,
2024-12-28 00:00:00,2,0,
2024-12-28 01:00:00,2,0,
2024-12-28 02:00:00,2,0,
2024-12-28 03:00:00,2,0,
2024-12-28 04:00:00,2,0,
2024-12-28 05:00:00,2,0,
2024-12-28 06:00:00,2,0,
2024-12-28 07:00:00,2,0,
2024-12-28 08:00:00,2,0,
2024-12-28 09:00:00,2,0,
2024-12-28 10:00:00,2,0,
2024-12-28 11:00:00,2,0,
2024-12-28 12:00:00,2,0,
2024-12-28 13:00:00,2,0,
2024-12-28 14:00:00,2,0,
2024-12-28 15:00:00,2,0,
2024-12-28 16:00:00,2,0,
2024-12-28 17:00:00,2,0,
2024-12-28 18:00:00,2,0,
2024-12-28 19:00:00,2,0,
2024-12-28 20:00:00,2,0,
2024-12-28 21:00:00,2,0,
2024-12-28 22:00:00,2,0,
2024-12-28 23:00:00,2,0,
2024-12-29 00:00:00,2,0,
2024-12-29 01:00:00,2,0,
2024-12-29 02:00:00,2,0,
2024-12-29 03:00:00,2,0,
2024-12-29 04:00:00,2,0,
2024-12-29 05:00:00,2,0,
2024-12-29 06:00:00,2,0,
2024-12-29 07:00:00,2,0,
2024-12-29 08:00:00,2,0,
2024-12-29 09:00:00,2,0,
2024-12-29 10:00:00,2,0,
2024-12-29 11:00:00,2,0,
2024-12-29 12:00:00,2,0,
2024-12-29 13:00:00,2,0,
2024-12-29 14:00:00,2,0,
2024-12-29 15:00:00,2,0,
2024-12-29 16:00:00,2,0,
2024-12-29 17:00:00,2,0,
2024-12-29 18:00:00,2,0,
2024-12-29 19:00:00,2,0,
2024-12-29 20:00:00,2,0,
2024-12-29 21:00:00,2,0,
2024-12-29 22:00:00,2,0,
2024-12-29 23:00:00,2,0,
2024-12-30 00:00:00,2,0,
2024-12-30 01:00:00,2,0,
2024-12-30 02:00:00,2,0,
2024-12-30 03:00:00,2,0,
2024-12-30 04:00:00,2,0,
2024-12-30 05:00:00,2,0,
2024-12-30 06:00:00,2,0,
2024-12-30 07:00:00,2,0,
2024-12-30 08:00:00,2,0,
2024-12-30 09:00:00,2,0,
2024-12-30 10:00:00,2,0,
2024-12-30 11:00:00,2,0,
2024-12-30 12:00:00,2,0,
2024-12-30 13:00:00,2,0,
2024-12-30 14:00:00,2,0,
2024-12-30 15:00:00,2,0,
2024-12-30 16:00:00,2,0,
2024-12-30 17:00:00,2,0,
2024-12-30 18:00:00,2,0,
2024-12-30 19:00:00,2,0,
2024-12-30 20:00:00,2,0,
2024-12-30 21:00:00,2,0,
2024-12-30 22:00:00,2,0,
2024-12-30 23:00:00,2,0,
2024-12-31 00:00:00,2,0,
2024-12-31 01:00:00,2,0,
2024-12-31 02:00:00,2,0,
2024-12-31 03:00:00,2,0,
2024-12-31 04:00:00,2,0,
2024-12-31 05:00:00,2,0,
2024-12-31 06:00:00,2,0,
2024-12-31 07:00:00,2,0,
2024-12-31 08:00:00,2,0,
2024-12-31 09:00:00,2,0,
2024-12-31 10:00:00,2,0,
2024-12-31 11:00:00,2,0,
2024-12-31 12:00:00,2,0,
2024-12-31 13:00:00,2,0,
2024-12-31 14:00:00,2,0,
2024-12-31 15:00:00,2,0,
2024-12-31 16:00:00,2,0,
2024-12-31 17:00:00,2,0,
2024-12-31 18:00:00,2,0,
2024-12-31 19:00:00,2,0,
2024-12-31 20:00:00,2,0,
2024-12-31 21:00:00,2,0,
2024-12-31 22:00:00,2,0,
2024-12-31 23:00:00,2,0,
2025-01-01 00:00:00,3,0,3.8249881333362484e-13
2025-01-01 01:00:00,3,0,4.216631003152105e-13
2025-01-01 02:00:00,3,0,4.737574646062425e-13
2025-01-01 03:00:00,3,0,5.382125743170548e-13
2025-01-01 04:00:00,3,0,6.128915776920848e-13
2025-01-01 05:00:00,3,0,6.864320571484308e-13
2025-01-01 06:00:00,3,0,7.574326865463656e-13
2025-01-01 07:00:00,3,0,8.42591443836712e-13
2025-01-01 08:00:00,3,0,8.929998996013871e-13
2025-01-01 09:00:00,3,0,1.1705376638725235e-11
2025-01-01 10:00:00,3,0,6.311634135872363e-09
2025-01-01 11:00:00,3,0,4.65244248328589e-06
2025-01-01 12:00:00,3,0,0.0005422111323570411
2025-01-01 13:00:00,3,0,0.0076900887635988685
2025-01-01 14:00:00,3,0,0.004835787424089085
2025-01-01 15:00:00,3,0,0.00016442490716702345
2025-01-01 16:00:00,3,0,1.050199574877013e-06
2025-01-01 17:00:00,3,0,1.4044549969615913e-09
2025-01-01 18:00:00,3,0,2.3929429489773606e-12
2025-01-01 19:00:00,3,0,3.681220723063944e-13
2025-01-01 20:00:00,3,0,3.4804705461491973e-13
2025-01-01 21:00:00,3,0,3.316439234771125e-13
2025-01-01 22:00:00,3,0,3.3360550386718534e-13
2025-01-01 23:00:00,3,0,3.258274274326276e-13
2025-01-02 00:00:00,3,0,3.508209497349093e-13
2025-01-02 01:00:00,3,0,3.698713440698116e-13
2025-01-02 02:00:00,3,0,4.1980103375781197e-13
2025-01-02 03:00:00,3,0,4.807985595255859e-13
2025-01-02 04:00:00,3,0,5.268221680099477e-13
2025-01-02 05:00:00,3,0,5.936348041630828e-13
2025-01-02 06:00:00,3,0,6.793824138197765e-13
2025-01-02 07:00:00,3,0,7.634659147179918e-13
2025-01-02 08:00:00,3,0,8.721705293727674e-13
2025-01-02 09:00:00,3,0,1.1527970678322583e-11
2025-01-02 10:00:00,3,0,5.550539899355158e-09
2025-01-02 11:00:00,3,0,4.3080924519532536e-06
2025-01-02 12:00:00,3,0,0.000393953724667411
2025-01-02 13:00:00,3,0,0.003543380378172314
2025-01-02 14:00:00,3,0,0.0011618284103911516
2025-01-02 15:00:00,3,0,1.5549194911265824e-05
2025-01-02 16:00:00,3,0,9.791828982815766e-08
2025-01-02 17:00:00,3,0,5.299722080086344e-10
2025-01-02 18:00:00,3,0,1.8129010992949413e-12
2025-01-02 19:00:00,3,0,2.9892326323891283e-13
2025-01-02 20:00:00,3,0,3.034461562907538e-13
2025-01-02 21:00:00,3,0,3.1103742091915976e-13
2025-01-02 22:00:00,3,0,3.147858592535306e-13
2025-01-02 23:00:00,3,0,3.055823294780287e-13
2025-01-03 00:00:00,3,0,3.040957271910206e-13
2025-01-03 01:00:00,3,0,3.352322743237727e-13
2025-01-03 02:00:00,3,0,4.027094321041042e-13
2025-01-03 03:00:00,3,0,4.793363733682699e-13
2025-01-03 04:00:00,3,0,5.491760752711512e-13
2025-01-03 05:00:00,3,0,5.787771982259403e-13
2025-01-03 06:00:00,3,0,6.425387271968439e-13
2025-01-03 07:00:00,3,0,6.712398637524076e-13
2025-01-03 08:00:00,3,0,7.438449961249845e-13
2025-01-03 09:00:00,3,0,3.0827034911420534e-12
2025-01-03 10:00:00,3,0,1.2405852109958565e-10
2025-01-03 11:00:00,3,0,8.980439207182835e-09
2025-01-03 12:00:00,3,0,1.1195096099439797e-07
2025-01-03 13:00:00,3,0,2.0132614376438607e-06
2025-01-03 14:00:00,3,0,2.1067219368196425e-06
2025-01-03 15:00:00,3,0,1.311199407974259e-07
2025-01-03 16:00:00,3,0,2.493796121736005e-09
2025-01-03 17:00:00,3,0,5.0486049056370664e-11
2025-01-03 18:00:00,3,0,1.0564613798191263e-12
2025-01-03 19:00:00,3,0,3.0514778232853335e-13
2025-01-03 20:00:00,3,0,2.8521073456389664e-13
2025-01-03 21:00:00,3,0,2.880323144797144e-13
2025-01-03 22:00:00,3,0,3.180562958602262e-13
2025-01-03 23:00:00,3,0,3.170028225488015e-13
2025-01-04 00:00:00,3,0,3.051077084843802e-13
2025-01-04 01:00:00,3,0,3.316083026327829e-13
2025-01-04 02:00:00,3,0,3.718222665254205e-13
2025-01-04 03:00:00,3,0,4.232662476073566e-13
2025-01-04 04:00:00,3,0,4.810198309829773e-13
2025-01-04 05:00:00,3,0,5.442259365039636e-13
2025-01-04 06:00:00,3,0,6.066358485049329e-13
2025-01-04 07:00:00,3,0,6.612967262958235e-13
2025-01-04 08:00:00,3,0,7.00859134647639e-13
2025-01-04 09:00:00,3,0,3.3532125361093804e-12
2025-01-04 10:00:00,3,0,2.2448441677328706e-10
2025-01-04 11:00:00,3,0,1.3564841461988652e-08
2025-01-04 12:00:00,3,0,2.3827853328295875e-06
2025-01-04 13:00:00,3,0,2.932904298457272e-05
2025-01-04 14:00:00,3,0,2.9587954484861523e-05
2025-01-04 15:00:00,3,0,1.465421770521353e-06
2025-01-04 16:00:00,3,0,1.3635406504402837e-08
2025-01-04 17:00:00,3,0,2.021763231814151e-10
2025-01-04 18:00:00,3,0,1.177646110293154e-12
2025-01-04 19:00:00,3,0,3.0123769806806876e-13
2025-01-04 20:00:00,3,0,2.9479724114776577e-13
2025-01-04 21:00:00,3,0,3.1024195343461396e-13
2025-01-04 22:00:00,3,0,3.1018463339200353e-13
2025-01-04 23:00:00,3,0,3.38688586237859e-13
2025-01-05 00:00:00,3,0,3.63062508352487e-13
2025-01-05 01:00:00,3,0,4.002367002027744e-13
2025-01-05 02:00:00,3,0,4.4968394006658534e-13
2025-01-05 03:00:00,3,0,4.905640873936577e-13
2025-01-05 04:00:00,3,0,5.643232130814742e-13
2025-01-05 05:00:00,3,0,6.32036004656509e-13
2025-01-05 06:00:00,3,0,6.656370614549736e-13
2025-01-05 07:00:00,3,0,7.256142391291012e-13
2025-01-05 08:00:00,3,0,7.89562060663707e-13
2025-01-05 09:00:00,3,0,8.894273033938632e-12
2025-01-05 10:00:00,3,0,4.229058560104698e-09
2025-01-05 11:00:00,3,0,4.00018110544997e-06
2025-01-05 12:00:00,3,0,0.00046570387584043553
2025-01-05 13:00:00,3,0,0.0017472457727826605
2025-01-05 14:00:00,3,0,0.0020071306820975358
2025-01-05 15:00:00,3,0,1.836050463840424e-05
2025-01-05 16:00:00,3,0,1.6784299946951653e-07
2025-01-05 17:00:00,3,0,5.444792182036757e-10
2025-01-05 18:00:00,3,0,1.880376014900185e-12
2025-01-05 19:00:00,3,0,3.1254842878486826e-13
2025-01-05 20:00:00,3,0,2.9134001260984383e-13
2025-01-05 21:00:00,3,0,2.8792718825203244e-13
2025-01-05 22:00:00,3,0,2.9412765668624037e-13
2025-01-05 23:00:00,3,0,3.042952626224093e-13
2025-01-06 00:00:00,3,0,3.214315553125904e-13
2025-01-06 01:00:00,3,0,3.557828053437025e-13
2025-01-06 02:00:00,3,0,4.273964724350722e-13
2025-01-06 03:00:00,3,0,5.005365057432024e-13
2025-01-06 04:00:00,3,0,5.688334157387183e-13
2025-01-06 05:00:00,3,0,6.461930679363991e-13
2025-01-06 06:00:00,3,0,7.246904535311353e-13
2025-01-06 07:00:00,3,0,7.899886326847587e-13
2025-01-06 08:00:00,3,0,8.372500988871204e-13
2025-01-06 09:00:00,3,0,7.715347774541618e-12
2025-01-06 10:00:00,3,0,2.557351315343922e-09
2025-01-06 11:00:00,3,0,1.8033288302038352e-06
2025-01-06 12:00:00,3,0,0.00027477281349604045
2025-01-06 13:00:00,3,0,0.0015893772363471275
2025-01-06 14:00:00,3,0,0.0008872521606867258
2025-01-06 15:00:00,3,0,6.522343252577965e-05
2025-01-06 16:00:00,3,0,1.6125012052946293e-07
2025-01-06 17:00:00,3,0,2.7014286105876314e-10
2025-01-06 18:00:00,3,0,1.6186595557218785e-12
2025-01-06 19:00:00,3,0,2.928317846890975e-13
2025-01-06 20:00:00,3,0,2.8085811743427144e-13
2025-01-06 21:00:00,3,0,3.010151276893818e-13
2025-01-06 22:00:00,3,0,2.7639382409079384e-13
2025-01-06 23:00:00,3,0,2.851382349948493e-13
2025-01-07 00:00:00,3,0,2.90488804920341e-13
2025-01-07 01:00:00,3,0,3.1893631007999794e-13
2025-01-07 02:00:00,3,0,3.583392939088571e-13
2025-01-07 03:00:00,3,0,4.0709166242676537e-13
2025-01-07 04:00:00,3,0,4.635771499144853e-13
2025-01-07 05:00:00,3,0,5.995829780974057e-13
2025-01-07 06:00:00,3,0,7.002432649354557e-13
2025-01-07 07:00:00,3,0,6.464258310911027e-13
2025-01-07 08:00:00,3,0,6.754446681907912e-13
2025-01-07 09:00:00,3,0,8.107672634430345e-12
2025-01-07 10:00:00,3,0,5.086855728541368e-09
2025-01-07 11:00:00,3,0,1.8282062185994757e-06
2025-01-07 12:00:00,3,0,0.00020750597742399648
2025-01-07 13:00:00,3,0,0.00036935458318355555
2025-01-07 14:00:00,3,0,0.000394884503287618
2025-01-07 15:00:00,3,0,1.2401948793851725e-05
2025-01-07 16:00:00,3,0,1.0507229855511056e-07
2025-01-07 17:00:00,3,0,3.311825690653933e-10
2025-01-07 18:00:00,3,0,1.6218293496240967e-12
2025-01-07 19:00:00,3,0,2.7893765186419487e-13
2025-01-07 20:00:00,3,0,2.631920551498132e-13
2025-01-07 21:00:00,3,0,2.679872833158572e-13
2025-01-07 22:00:00,3,0,2.953224745002144e-13
2025-01-07 23:00:00,3,0,2.943443006699849e-13
2025-01-08 00:00:00,3,0,2.918000475936878e-13
2025-01-08 01:00:00,3,0,3.190795595509845e-13
2025-01-08 02:00:00,3,0,3.541658088705874e-13
2025-01-08 03:00:00,3,0,4.0235037116671596e-13
2025-01-08 04:00:00,3,0,4.581779867969074e-13
2025-01-08 05:00:00,3,0,5.18382669256047e-13
2025-01-08 06:00:00,3,0,5.778289664665858e-13
2025-01-08 07:00:00,3,0,6.298942023043765e-13
2025-01-08 08:00:00,3,0,6.675779389071492e-13
2025-01-08 09:00:00,3,0,5.5954974454769e-12
2025-01-08 10:00:00,3,0,2.0458800226132377e-09
2025-01-08 11:00:00,3,0,1.0587534601925754e-06
2025-01-08 12:00:00,3,0,0.00010823249373732444
2025-01-08 13:00:00,3,0,0.0005569240275525813
2025-01-08 14:00:00,3,0,0.0007428873308146732
2025-01-08 15:00:00,3,0,2.3046096729524614e-05
2025-01-08 16:00:00,3,0,1.9435946210605822e-07
2025-01-08 17:00:00,3,0,5.335460247485607e-10
2025-01-08 18:00:00,3,0,2.0067123992630287e-12
2025-01-08 19:00:00,3,0,2.756889372061772e-13
2025-01-08 20:00:00,3,0,2.6012672538266055e-13
2025-01-08 21:00:00,3,0,2.5345696219863184e-13
2025-01-08 22:00:00,3,0,2.554735000823265e-13
2025-01-08 23:00:00,3,0,2.6624124185584156e-13
2025-01-09 00:00:00,3,0,2.8269946787065253e-13
2025-01-09 01:00:00,3,0,3.1482038557778835e-13
2025-01-09 02:00:00,3,0,3.5014744745657433e-13
2025-01-09 03:00:00,3,0,4.871870532621674e-13
2025-01-09 04:00:00,3,0,5.547860751560813e-13
2025-01-09 05:00:00,3,0,6.276850804553601e-13
2025-01-09 06:00:00,3,0,6.996657928910515e-13
2025-01-09 07:00:00,3,0,7.627091268679908e-13
2025-01-09 08:00:00,3,0,8.083385829516834e-13
2025-01-09 09:00:00,3,0,1.123124843665176e-11
2025-01-09 10:00:00,3,0,4.58231249004854e-09
2025-01-09 11:00:00,3,0,2.7167455217172883e-06
2025-01-09 12:00:00,3,0,0.00024448396276803314
2025-01-09 13:00:00,3,0,0.000681999265012823
2025-01-09 14:00:00,3,0,0.000846732353118709
2025-01-09 15:00:00,3,0,8.013542762660453e-05
2025-01-09 16:00:00,3,0,1.637104346884041e-07
2025-01-09 17:00:00,3,0,4.2355840924485977e-10
2025-01-09 18:00:00,3,0,1.7755324043892834e-12
2025-01-09 19:00:00,3,0,2.8271985896857614e-13
2025-01-09 20:00:00,3,0,2.6951545338602955e-13
2025-01-09 21:00:00,3,0,2.61542326842428e-13
2025-01-09 22:00:00,3,0,2.750891654681805e-13
2025-01-09 23:00:00,3,0,2.866836717379052e-13
2025-01-10 00:00:00,3,0,3.4241274705966284e-13
2025-01-10 01:00:00,3,0,3.7747259724618225e-13
2025-01-10 02:00:00,3,0,4.064302530524718e-13
2025-01-10 03:00:00,3,0,4.818076282846287e-13
2025-01-10 04:00:00,3,0,5.486602348861038e-13
2025-01-10 05:00:00,3,0,6.169902896903582e-13
2025-01-10 06:00:00,3,0,6.919402188697292e-13
2025-01-10 07:00:00,3,0,7.542874405768705e-13
2025-01-10 08:00:00,3,0,7.994130650539466e-13
2025-01-10 09:00:00,3,0,1.093926084272873e-11
2025-01-10 10:00:00,3,0,7.468260050188027e-09
2025-01-10 11:00:00,3,0,5.441880951345453e-06
2025-01-10 12:00:00,3,0,0.0007524711590970927
2025-01-10 13:00:00,3,0,0.010480099711162481
2025-01-10 14:00:00,3,0,0.005895613071839572
2025-01-10 15:00:00,3,0,0.0001934263382344767
2025-01-10 16:00:00,3,0,1.0620035473555438e-06
2025-01-10 17:00:00,3,0,1.7835140502881362e-09
2025-01-10 18:00:00,3,0,3.7971235633790005e-12
2025-01-10 19:00:00,3,0,3.3061373658105856e-13
2025-01-10 20:00:00,3,0,3.1195110523799994e-13
2025-01-10 21:00:00,3,0,2.993048512385715e-13
2025-01-10 22:00:00,3,0,2.92649872222044e-13
2025-01-10 23:00:00,3,0,2.944137474799114e-13
2025-01-11 00:00:00,3,0,2.7657688734692644e-13
2025-01-11 01:00:00,3,0,3.098811436759229e-13
2025-01-11 02:00:00,3,0,3.510003086521187e-13
2025-01-11 03:00:00,3,0,3.987542019264081e-13
2025-01-11 04:00:00,3,0,4.449696456756942e-13
2025-01-11 05:00:00,3,0,6.103673436891672e-13
2025-01-11 06:00:00,3,0,6.42816425121439e-13
2025-01-11 07:00:00,3,0,6.85283219074128e-13
2025-01-11 08:00:00,3,0,6.862009303357504e-13
2025-01-11 09:00:00,3,0,5.450464924201945e-12
2025-01-11 10:00:00,3,0,1.5683324656550212e-09
2025-01-11 11:00:00,3,0,3.398533621933352e-07
2025-01-11 12:00:00,3,0,9.553408382398119e-07
2025-01-11 13:00:00,3,0,7.261958363311452e-06
2025-01-11 14:00:00,3,0,1.609178271997456e-06
2025-01-11 15:00:00,3,0,1.829501819104189e-07
2025-01-11 16:00:00,3,0,3.783425013230407e-09
2025-01-11 17:00:00,3,0,7.734652542723176e-11
2025-01-11 18:00:00,3,0,1.2870429357137326e-12
2025-01-11 19:00:00,3,0,2.9637567806098057e-13
2025-01-11 20:00:00,3,0,2.811239648808302e-13
2025-01-11 21:00:00,3,0,2.611184606440929e-13
2025-01-11 22:00:00,3,0,2.702248717961598e-13
2025-01-11 23:00:00,3,0,2.912534281294287e-13
2025-01-12 00:00:00,3,0,3.103518935480294e-13
2025-01-12 01:00:00,3,0,3.4005447546792665e-13
2025-01-12 02:00:00,3,0,3.721284322040936e-13
2025-01-12 03:00:00,3,0,4.2879915157824563e-13
2025-01-12 04:00:00,3,0,4.892875900163046e-13
2025-01-12 05:00:00,3,0,5.198593803518315e-13
2025-01-12 06:00:00,3,0,6.387005353935889e-13
2025-01-12 07:00:00,3,0,7.04771611271603e-13
2025-01-12 08:00:00,3,0,7.794219592189643e-13
2025-01-12 09:00:00,3,0,8.87244581825503e-12
2025-01-12 10:00:00,3,0,3.4463847642241454e-09
2025-01-12 11:00:00,3,0,2.7552065943878457e-06
2025-01-12 12:00:00,3,0,0.0003249136330147482
2025-01-12 13:00:00,3,0,0.0027784632885889757
2025-01-12 14:00:00,3,0,0.0011264330669208946
2025-01-12 15:00:00,3,0,9.104843426795183e-05
2025-01-12 16:00:00,3,0,9.366925037688682e-07
2025-01-12 17:00:00,3,0,1.7171142850832167e-09
2025-01-12 18:00:00,3,0,3.2563519412413358e-12
2025-01-12 19:00:00,3,0,2.70185493879711e-13
2025-01-12 20:00:00,3,0,2.489829309825924e-13
2025-01-12 21:00:00,3,0,2.9158381625729035e-13
2025-01-12 22:00:00,3,0,2.6076981480177324e-13
2025-01-12 23:00:00,3,0,2.965152270565717e-13
2025-01-13 00:00:00,3,0,2.944093954901011e-13
2025-01-13 01:00:00,3,0,3.122901174853432e-13
2025-01-13 02:00:00,3,0,4.0849237950122015e-13
2025-01-13 03:00:00,3,0,4.631282396294378e-13
2025-01-13 04:00:00,3,0,5.189043562201903e-13
2025-01-13 05:00:00,3,0,5.96688036774497e-13
2025-01-13 06:00:00,3,0,6.705297419252166e-13
2025-01-13 07:00:00,3,0,7.309477742074466e-13
2025-01-13 08:00:00,3,0,7.715423567693943e-13
2025-01-13 09:00:00,3,0,1.117224912627148e-11
2025-01-13 10:00:00,3,0,6.59696972427262e-09
2025-01-13 11:00:00,3,0,5.863877374212746e-06
2025-01-13 12:00:00,3,0,0.00035246787090414136
2025-01-13 13:00:00,3,0,0.009017173349198583
2025-01-13 14:00:00,3,0,0.009841146775217654
2025-01-13 15:00:00,3,0,0.00038993300267920427
2025-01-13 16:00:00,3,0,2.8554277300801465e-06
2025-01-13 17:00:00,3,0,2.760932020757201e-09
2025-01-13 18:00:00,3,0,5.0480409153644094e-12
2025-01-13 19:00:00,3,0,3.203836652662662e-13
2025-01-13 20:00:00,3,0,3.0229850554170543e-13
2025-01-13 21:00:00,3,0,2.9454743944158503e-13
2025-01-13 22:00:00,3,0,2.9689089872171997e-13
2025-01-13 23:00:00,3,0,3.0940430825856804e-13
2025-01-14 00:00:00,3,0,3.28568252698618e-13
2025-01-14 01:00:00,3,0,3.6221055665657487e-13
2025-01-14 02:00:00,3,0,4.069598569259627e-13
2025-01-14 03:00:00,3,0,4.623270947759513e-13
2025-01-14 04:00:00,3,0,5.264767046488806e-13
2025-01-14 05:00:00,3,0,5.95655852794135e-13
2025-01-14 06:00:00,3,0,6.639635663047192e-13
2025-01-14 07:00:00,3,0,7.237899538234066e-13
2025-01-14 08:00:00,3,0,7.396026459598609e-13
2025-01-14 09:00:00,3,0,1.2260419650059592e-11
2025-01-14 10:00:00,3,0,7.843575597447854e-09
2025-01-14 11:00:00,3,0,8.20820219259912e-06
2025-01-14 12:00:00,3,0,0.0007279723411268133
2025-01-14 13:00:00,3,0,0.008970521060029166
2025-01-14 14:00:00,3,0,0.009978576080679374
2025-01-14 15:00:00,3,0,0.0004240738097404618
2025-01-14 16:00:00,3,0,1.3532061637374816e-06
2025-01-14 17:00:00,3,0,3.124612414335132e-09
2025-01-14 18:00:00,3,0,4.443435905505605e-12
2025-01-14 19:00:00,3,0,2.8400269053178233e-13
2025-01-14 20:00:00,3,0,2.573230492669512e-13
2025-01-14 21:00:00,3,0,2.7916620995539705e-13
2025-01-14 22:00:00,3,0,2.7574000759130487e-13
2025-01-14 23:00:00,3,0,2.7150391451874407e-13
2025-01-15 00:00:00,3,0,2.9052654054548534e-13
2025-01-15 01:00:00,3,0,3.151211540259891e-13
2025-01-15 02:00:00,3,0,3.476512510077741e-13
2025-01-15 03:00:00,3,0,3.739115501531232e-13
2025-01-15 04:00:00,3,0,4.66465838673664e-13
2025-01-15 05:00:00,3,0,4.817424844718975e-13
2025-01-15 06:00:00,3,0,5.369870144481026e-13
2025-01-15 07:00:00,3,0,5.853721892517088e-13
2025-01-15 08:00:00,3,0,6.203923740917203e-13
2025-01-15 09:00:00,3,0,7.759286848646207e-12
2025-01-15 10:00:00,3,0,5.481423746988729e-09
2025-01-15 11:00:00,3,0,3.2474518412466555e-06
2025-01-15 12:00:00,3,0,0.0004937574553874914
2025-01-15 13:00:00,3,0,0.008772449529031308
2025-01-15 14:00:00,3,0,0.004610619053450981
2025-01-15 15:00:00,3,0,0.0002766723135201201
2025-01-15 16:00:00,3,0,1.3726516009817868e-06
2025-01-15 17:00:00,3,0,3.707282375043164e-09
2025-01-15 18:00:00,3,0,6.26169334595893e-12
2025-01-15 19:00:00,3,0,2.609469513813432e-13
2025-01-15 20:00:00,3,0,2.414463887745336e-13
2025-01-15 21:00:00,3,0,2.7240455101767483e-13
2025-01-15 22:00:00,3,0,2.701545159639776e-13
2025-01-15 23:00:00,3,0,2.474228498120609e-13
2025-01-16 00:00:00,3,0,2.633014325289626e-13
2025-01-16 01:00:00,3,0,2.9085008659620725e-13
2025-01-16 02:00:00,3,0,3.9941667813235413e-13
2025-01-16 03:00:00,3,0,3.9854181082299286e-13
2025-01-16 04:00:00,3,0,5.00226002146093e-13
2025-01-16 05:00:00,3,0,5.659558025399262e-13
2025-01-16 06:00:00,3,0,6.23230261160098e-13
2025-01-16 07:00:00,3,0,7.089354674688632e-13
2025-01-16 08:00:00,3,0,7.303221787002131e-13
2025-01-16 09:00:00,3,0,1.1678715940078312e-11
2025-01-16 10:00:00,3,0,1.0550622119368735e-08
2025-01-16 11:00:00,3,0,1.1954118619147915e-05
2025-01-16 12:00:00,3,0,0.001229546055037277
2025-01-16 13:00:00,3,0,0.019698411895243618
2025-01-16 14:00:00,3,0,0.014809647535308145
2025-01-16 15:00:00,3,0,0.000420527349618152
2025-01-16 16:00:00,3,0,2.0875731699768828e-06
2025-01-16 17:00:00,3,0,3.541351765816762e-09
2025-01-16 18:00:00,3,0,5.7758904840947355e-12
2025-01-16 19:00:00,3,0,2.894504785463649e-13
2025-01-16 20:00:00,3,0,2.722266899319447e-13
2025-01-16 21:00:00,3,0,2.652466783566363e-13
2025-01-16 22:00:00,3,0,2.689880562699409e-13
2025-01-16 23:00:00,3,0,2.803254119218619e-13
2025-01-17 00:00:00,3,0,2.905821661330781e-13
2025-01-17 01:00:00,3,0,3.1582112220439333e-13
2025-01-17 02:00:00,3,0,3.9189946488951145e-13
2025-01-17 03:00:00,3,0,4.4975375154950843e-13
2025-01-17 04:00:00,3,0,5.121587631242022e-13
2025-01-17 05:00:00,3,0,5.782829555080861e-13
2025-01-17 06:00:00,3,0,6.459065631497423e-13
2025-01-17 07:00:00,3,0,7.041059257486931e-13
2025-01-17 08:00:00,3,0,7.462294159305279e-13
2025-01-17 09:00:00,3,0,1.390525612240461e-11
2025-01-17 10:00:00,3,0,1.2868462388477475e-08
2025-01-17 11:00:00,3,0,1.5308423694889987e-05
2025-01-17 12:00:00,3,0,0.0021926368841184408
2025-01-17 13:00:00,3,0,0.03557230226636258
2025-01-17 14:00:00,3,0,0.021843183813248505
2025-01-17 15:00:00,3,0,0.0008278435159252562
2025-01-17 16:00:00,3,0,4.7364045563541674e-06
2025-01-17 17:00:00,3,0,7.931611677443615e-09
2025-01-17 18:00:00,3,0,8.52337563658119e-12
2025-01-17 19:00:00,3,0,3.0205677612057793e-13
2025-01-17 20:00:00,3,0,2.873267744614871e-13
2025-01-17 21:00:00,3,0,2.776984584977343e-13
2025-01-17 22:00:00,3,0,2.816154722210323e-13
2025-01-17 23:00:00,3,0,2.9647517492086204e-13
2025-01-18 00:00:00,3,0,3.16917153721993e-13
2025-01-18 01:00:00,3,0,3.465447886580538e-13
2025-01-18 02:00:00,3,0,3.862139536986782e-13
2025-01-18 03:00:00,3,0,4.432289149099006e-13
2025-01-18 04:00:00,3,0,5.078077305639838e-13
2025-01-18 05:00:00,3,0,5.745337716438466e-13
2025-01-18 06:00:00,3,0,6.404192793434876e-13
2025-01-18 07:00:00,3,0,6.981242106451838e-13
2025-01-18 08:00:00,3,0,7.398898417205708e-13
2025-01-18 09:00:00,3,0,1.2574676258598584e-11
2025-01-18 10:00:00,3,0,1.0602564945465007e-08
2025-01-18 11:00:00,3,0,7.63372665854501e-06
2025-01-18 12:00:00,3,0,0.0013022064111243726
2025-01-18 13:00:00,3,0,0.014125017455190438
2025-01-18 14:00:00,3,0,0.01619407978423432
2025-01-18 15:00:00,3,0,0.0005008153130221777
2025-01-18 16:00:00,3,0,2.877917016955287e-06
2025-01-18 17:00:00,3,0,5.6217171649521554e-09
2025-01-18 18:00:00,3,0,7.57232133680265e-12
2025-01-18 19:00:00,3,0,2.98884100532174e-13
2025-01-18 20:00:00,3,0,2.8488579670006287e-13
2025-01-18 21:00:00,3,0,2.809783572309862e-13
2025-01-18 22:00:00,3,0,2.8321385905717207e-13
2025-01-18 23:00:00,3,0,2.904024085732139e-13
2025-01-19 00:00:00,3,0,3.0491470426607435e-13
2025-01-19 01:00:00,3,0,3.1630042389141664e-13
2025-01-19 02:00:00,3,0,3.822849158963853e-13
2025-01-19 03:00:00,3,0,4.299149881854347e-13
2025-01-19 04:00:00,3,0,4.778006757335148e-13
2025-01-19 05:00:00,3,0,5.233298339199402e-13
2025-01-19 06:00:00,3,0,6.14917069943415e-13
2025-01-19 07:00:00,3,0,6.676116566920137e-13
2025-01-19 08:00:00,3,0,7.118683530636792e-13
2025-01-19 09:00:00,3,0,1.2834547568031942e-11
2025-01-19 10:00:00,3,0,9.408355304588946e-09
2025-01-19 11:00:00,3,0,1.2739365197267014e-05
2025-01-19 12:00:00,3,0,0.0017740086744370228
2025-01-19 13:00:00,3,0,0.02085400118697082
2025-01-19 14:00:00,3,0,0.018517333363725408
2025-01-19 15:00:00,3,0,0.00026264545883697887
2025-01-19 16:00:00,3,0,9.83419105993863e-07
2025-01-19 17:00:00,3,0,4.520247500311785e-09
2025-01-19 18:00:00,3,0,7.554782644952855e-12
2025-01-19 19:00:00,3,0,2.739076453441923e-13
2025-01-19 20:00:00,3,0,2.594960366674682e-13
2025-01-19 21:00:00,3,0,2.611785464999229e-13
2025-01-19 22:00:00,3,0,2.5279572966076517e-13
2025-01-19 23:00:00,3,0,2.6505781629695973e-13
2025-01-20 00:00:00,3,0,2.8699335745703033e-13
2025-01-20 01:00:00,3,0,3.410238400282664e-13
2025-01-20 02:00:00,3,0,3.3178888944103197e-13
2025-01-20 03:00:00,3,0,4.2139120087468925e-13
2025-01-20 04:00:00,3,0,4.867192981574856e-13
2025-01-20 05:00:00,3,0,4.61629899799245e-13
2025-01-20 06:00:00,3,0,5.145679894620848e-13
2025-01-20 07:00:00,3,0,5.609330996948762e-13
2025-01-20 08:00:00,3,0,6.266681939619531e-13
2025-01-20 09:00:00,3,0,1.386313003920158e-11
2025-01-20 10:00:00,3,0,1.1791981145120465e-08
2025-01-20 11:00:00,3,0,1.2324086243279897e-05
2025-01-20 12:00:00,3,0,0.0004893414391698919
2025-01-20 13:00:00,3,0,0.0010312969030979282
2025-01-20 14:00:00,3,0,0.0017501863001943173
2025-01-20 15:00:00,3,0,0.00033299622900172693
2025-01-20 16:00:00,3,0,2.598723622387594e-06
2025-01-20 17:00:00,3,0,5.69089948366424e-09
2025-01-20 18:00:00,3,0,7.506874980675183e-12
2025-01-20 19:00:00,3,0,2.5086519627689366e-13
2025-01-20 20:00:00,3,0,2.333687814099628e-13
2025-01-20 21:00:00,3,0,2.3175972977807543e-13
2025-01-20 22:00:00,3,0,2.508161111470653e-13
2025-01-20 23:00:00,3,0,2.6032984645794136e-13
2025-01-21 00:00:00,3,0,2.6912337279770704e-13
2025-01-21 01:00:00,3,0,2.9249849273089304e-13
2025-01-21 02:00:00,3,0,3.168587034145044e-13
2025-01-21 03:00:00,3,0,3.5561542866124905e-13
2025-01-21 04:00:00,3,0,4.0495839659712493e-13
2025-01-21 05:00:00,3,0,4.581700138700006e-13
2025-01-21 06:00:00,3,0,5.107113360105783e-13
2025-01-21 07:00:00,3,0,5.567289427723596e-13
2025-01-21 08:00:00,3,0,5.900355310245209e-13
2025-01-21 09:00:00,3,0,1.6014874161998832e-12
2025-01-21 10:00:00,3,0,2.0219227182404122e-11
2025-01-21 11:00:00,3,0,2.0293981653317756e-10
2025-01-21 12:00:00,3,0,1.723589878524091e-09
2025-01-21 13:00:00,3,0,3.836218877567995e-09
2025-01-21 14:00:00,3,0,2.987359280327651e-09
2025-01-21 15:00:00,3,0,8.993428706630427e-10
2025-01-21 16:00:00,3,0,3.965024535687654e-11
2025-01-21 17:00:00,3,0,2.891522449794684e-12
2025-01-21 18:00:00,3,0,6.088040669713561e-13
2025-01-21 19:00:00,3,0,2.4448314052131336e-13
2025-01-21 20:00:00,3,0,2.299117475273071e-13
2025-01-21 21:00:00,3,0,2.3552878041866936e-13
2025-01-21 22:00:00,3,0,2.345003118001266e-13
2025-01-21 23:00:00,3,0,2.469076911002343e-13
2025-01-22 00:00:00,3,0,2.715663224135093e-13
2025-01-22 01:00:00,3,0,3.086160202327268e-13
2025-01-22 02:00:00,3,0,3.4185791911191336e-13
2025-01-22 03:00:00,3,0,3.610326665337901e-13
2025-01-22 04:00:00,3,0,4.1615884769233447e-13
2025-01-22 05:00:00,3,0,4.863656627197771e-13
2025-01-22 06:00:00,3,0,5.680185930162808e-13
2025-01-22 07:00:00,3,0,6.293244625493182e-13
2025-01-22 08:00:00,3,0,6.365875914548031e-13
2025-01-22 09:00:00,3,0,8.454125432294925e-12
2025-01-22 10:00:00,3,0,1.962725509363393e-09
2025-01-22 11:00:00,3,0,6.49794778199503e-07
2025-01-22 12:00:00,3,0,4.438313276397373e-05
2025-01-22 13:00:00,3,0,0.00032504979309592487
2025-01-22 14:00:00,3,0,0.0004371734903095682
2025-01-22 15:00:00,3,0,5.8810229628125496e-05
2025-01-22 16:00:00,3,0,9.286898599873563e-07
2025-01-22 17:00:00,3,0,1.655801046269025e-09
2025-01-22 18:00:00,3,0,5.729727884916816e-12
2025-01-22 19:00:00,3,0,2.659351872528033e-13
2025-01-22 20:00:00,3,0,2.469062286151341e-13
2025-01-22 21:00:00,3,0,2.4800380687219086e-13
2025-01-22 22:00:00,3,0,2.608494047179815e-13
2025-01-22 23:00:00,3,0,2.7967001276143983e-13
2025-01-23 00:00:00,3,0,2.8837730597513864e-13
2025-01-23 01:00:00,3,0,3.10893338008245e-13
2025-01-23 02:00:00,3,0,3.6008823660665264e-13
2025-01-23 03:00:00,3,0,4.225656864204183e-13
2025-01-23 04:00:00,3,0,4.792510813888743e-13
2025-01-23 05:00:00,3,0,5.185719426405498e-13
2025-01-23 06:00:00,3,0,5.698946252415768e-13
2025-01-23 07:00:00,3,0,6.137338017578645e-13
2025-01-23 08:00:00,3,0,6.530934802779657e-13
2025-01-23 09:00:00,3,0,8.955559666291445e-12
2025-01-23 10:00:00,3,0,3.4786779010593814e-09
2025-01-23 11:00:00,3,0,4.7378961187694164e-06
2025-01-23 12:00:00,3,0,0.00035302678838902295
2025-01-23 13:00:00,3,0,0.002992230397281038
2025-01-23 14:00:00,3,0,0.0018030015327059024
2025-01-23 15:00:00,3,0,0.00013537542749188518
2025-01-23 16:00:00,3,0,6.880254920519629e-07
2025-01-23 17:00:00,3,0,1.7936416443782034e-09
2025-01-23 18:00:00,3,0,7.0571970517742485e-12
2025-01-23 19:00:00,3,0,2.955173951419126e-13
2025-01-23 20:00:00,3,0,2.7160448739780507e-13
2025-01-23 21:00:00,3,0,2.6842284955143255e-13
2025-01-23 22:00:00,3,0,2.72761452935188e-13
2025-01-23 23:00:00,3,0,2.842578503698666e-13
2025-01-24 00:00:00,3,0,3.02630875212098e-13
2025-01-24 01:00:00,3,0,3.3159450826654403e-13
2025-01-24 02:00:00,3,0,3.7407504560239225e-13
2025-01-24 03:00:00,3,0,3.9107246771031624e-13
2025-01-24 04:00:00,3,0,4.581562707782902e-13
2025-01-24 05:00:00,3,0,4.937403370476306e-13
2025-01-24 06:00:00,3,0,5.105873547259139e-13
2025-01-24 07:00:00,3,0,5.599893488125736e-13
2025-01-24 08:00:00,3,0,5.804020824754677e-13
2025-01-24 09:00:00,3,0,5.924704475397737e-12
2025-01-24 10:00:00,3,0,1.0867751232932685e-09
2025-01-24 11:00:00,3,0,2.4708894715194515e-08
2025-01-24 12:00:00,3,0,1.906326487740587e-07
2025-01-24 13:00:00,3,0,2.1946163465214093e-06
2025-01-24 14:00:00,3,0,4.282827805448722e-06
2025-01-24 15:00:00,3,0,3.138272981834727e-08
2025-01-24 16:00:00,3,0,6.006042720107768e-10
2025-01-24 17:00:00,3,0,2.4405813630981536e-11
2025-01-24 18:00:00,3,0,1.2443669205702583e-12
2025-01-24 19:00:00,3,0,2.3871811960134257e-13
2025-01-24 20:00:00,3,0,2.2524285294394477e-13
2025-01-24 21:00:00,3,0,2.1920049822100678e-13
2025-01-24 22:00:00,3,0,2.212136408724193e-13
2025-01-24 23:00:00,3,0,2.305373921066013e-13
2025-01-25 00:00:00,3,0,2.460802767389694e-13
2025-01-25 01:00:00,3,0,2.712765864862322e-13
2025-01-25 02:00:00,3,0,3.0479145015222424e-13
2025-01-25 03:00:00,3,0,3.4625858856409276e-13
2025-01-25 04:00:00,3,0,3.943032600153841e-13
2025-01-25 05:00:00,3,0,4.461147901322905e-13
2025-01-25 06:00:00,3,0,4.972736617093113e-13
2025-01-25 07:00:00,3,0,5.420804678324802e-13
2025-01-25 08:00:00,3,0,5.745107037238052e-13
2025-01-25 09:00:00,3,0,5.093180281975606e-12
2025-01-25 10:00:00,3,0,1.3811490475382785e-09
2025-01-25 11:00:00,3,0,3.0184531226180773e-07
2025-01-25 12:00:00,3,0,1.967629740323935e-05
2025-01-25 13:00:00,3,0,5.40492806768708e-05
2025-01-25 14:00:00,3,0,2.2347859238492146e-05
2025-01-25 15:00:00,3,0,3.627105512857867e-06
2025-01-25 16:00:00,3,0,3.606610697122168e-08
2025-01-25 17:00:00,3,0,4.110646923645112e-10
2025-01-25 18:00:00,3,0,4.425493745160295e-12
2025-01-25 19:00:00,3,0,2.79080839051217e-13
2025-01-25 20:00:00,3,0,2.7457463254465767e-13
2025-01-25 21:00:00,3,0,2.675344186922728e-13
2025-01-25 22:00:00,3,0,2.517012169650068e-13
2025-01-25 23:00:00,3,0,2.6177870663052856e-13
2025-01-26 00:00:00,3,0,2.7630359636616296e-13
2025-01-26 01:00:00,3,0,3.191338364952236e-13
2025-01-26 02:00:00,3,0,3.711344862213273e-13
2025-01-26 03:00:00,3,0,3.872124793588533e-13
2025-01-26 04:00:00,3,0,4.4183450492476293e-13
2025-01-26 05:00:00,3,0,4.978688364506227e-13
2025-01-26 06:00:00,3,0,5.720985255042429e-13
2025-01-26 07:00:00,3,0,6.600734890008715e-13
2025-01-26 08:00:00,3,0,6.995627165679506e-13
2025-01-26 09:00:00,3,0,1.873350459402038e-11
2025-01-26 10:00:00,3,0,2.5727874252573807e-08
2025-01-26 11:00:00,3,0,3.650437247975198e-05
2025-01-26 12:00:00,3,0,0.006586074027792864
2025-01-26 13:00:00,3,0,0.08090806263790876
2025-01-26 14:00:00,3,0,0.04896146163210924
2025-01-26 15:00:00,3,0,0.001497199561599658
2025-01-26 16:00:00,3,0,5.4681078056927955e-06
2025-01-26 17:00:00,3,0,1.9374621925145593e-08
2025-01-26 18:00:00,3,0,2.1493239953077505e-11
2025-01-26 19:00:00,3,0,3.075299235127024e-13
2025-01-26 20:00:00,3,0,2.710015646690242e-13
2025-01-26 21:00:00,3,0,2.6458883851385905e-13
2025-01-26 22:00:00,3,0,2.66693943111648e-13
2025-01-26 23:00:00,3,0,2.707051480302128e-13
2025-01-27 00:00:00,3,0,2.8214109870975897e-13
2025-01-27 01:00:00,3,0,3.0851762448269013e-13
2025-01-27 02:00:00,3,0,3.6687963632741614e-13
2025-01-27 03:00:00,3,0,4.1510736708772046e-13
2025-01-27 04:00:00,3,0,4.736643775828501e-13
2025-01-27 05:00:00,3,0,4.411251902073886e-13
2025-01-27 06:00:00,3,0,4.947116117730822e-13
2025-01-27 07:00:00,3,0,5.956119956659678e-13
2025-01-27 08:00:00,3,0,5.988328017284148e-13
2025-01-27 09:00:00,3,0,1.7997330050321748e-11
2025-01-27 10:00:00,3,0,1.6660630576353812e-08
2025-01-27 11:00:00,3,0,1.5233071748656187e-05
2025-01-27 12:00:00,3,0,0.0017219919869097104
2025-01-27 13:00:00,3,0,0.02580322455146136
2025-01-27 14:00:00,3,0,0.021461852982267146
2025-01-27 15:00:00,3,0,0.000586179156379813
2025-01-27 16:00:00,3,0,1.986779538881486e-06
2025-01-27 17:00:00,3,0,3.3797669821509496e-09
2025-01-27 18:00:00,3,0,1.0086059487315071e-11
2025-01-27 19:00:00,3,0,2.4830115672995163e-13
2025-01-27 20:00:00,3,0,2.2108924914481822e-13
2025-01-27 21:00:00,3,0,2.1542042395139963e-13
2025-01-27 22:00:00,3,0,2.1812760500570332e-13
2025-01-27 23:00:00,3,0,2.2656181508393478e-13
2025-01-28 00:00:00,3,0,2.42090988294592e-13
2025-01-28 01:00:00,3,0,2.668788323628995e-13
2025-01-28 02:00:00,3,0,2.998503755315751e-13
2025-01-28 03:00:00,3,0,3.8705437526100654e-13
2025-01-28 04:00:00,3,0,4.4796651729042615e-13
2025-01-28 05:00:00,3,0,5.288733438181802e-13
2025-01-28 06:00:00,3,0,5.776912823863338e-13
2025-01-28 07:00:00,3,0,6.426415711437561e-13
2025-01-28 08:00:00,3,0,6.838551487101574e-13
2025-01-28 09:00:00,3,0,2.424432592994529e-11
2025-01-28 10:00:00,3,0,3.922246483887773e-08
2025-01-28 11:00:00,3,0,5.016495918527259e-05
2025-01-28 12:00:00,3,0,0.011561340639535555
2025-01-28 13:00:00,3,1,0.1501861616951431
2025-01-28 14:00:00,3,1,0.1449067473001612
2025-01-28 15:00:00,3,0,0.0080060236593515
2025-01-28 16:00:00,3,0,2.7659047648863276e-05
2025-01-28 17:00:00,3,0,3.112833423892007e-08
2025-01-28 18:00:00,3,0,2.785758016760841e-11
2025-01-28 19:00:00,3,0,3.118365486488346e-13
2025-01-28 20:00:00,3,0,2.7012341271003664e-13
2025-01-28 21:00:00,3,0,2.6319733008401184e-13
2025-01-28 22:00:00,3,0,2.6475406815416675e-13
2025-01-28 23:00:00,3,0,2.7647291045725067e-13
2025-01-29 00:00:00,3,0,2.9509763737419294e-13
2025-01-29 01:00:00,3,0,3.253128645979997e-13
2025-01-29 02:00:00,3,0,3.6550363980280326e-13
2025-01-29 03:00:00,3,0,4.1523072372912035e-13
2025-01-29 04:00:00,3,0,4.728455363487162e-13
2025-01-29 05:00:00,3,0,5.34977537859985e-13
2025-01-29 06:00:00,3,0,5.963268761050837e-13
2025-01-29 07:00:00,3,0,6.500588647083567e-13
2025-01-29 08:00:00,3,0,7.087274665157316e-13
2025-01-29 09:00:00,3,0,2.415571855493064e-11
2025-01-29 10:00:00,3,0,3.302342411398947e-08
2025-01-29 11:00:00,3,0,4.7770277781482656e-05
2025-01-29 12:00:00,3,0,0.012316060742666682
2025-01-29 13:00:00,3,1,0.15817989096269347
2025-01-29 14:00:00,3,1,0.14746074337683662
2025-01-29 15:00:00,3,0,0.00803578106514611
2025-01-29 16:00:00,3,0,3.253472444347989e-05
2025-01-29 17:00:00,3,0,4.110115110644829e-08
2025-01-29 18:00:00,3,0,3.1513235935896323e-11
2025-01-29 19:00:00,3,0,2.6984085645775126e-13
2025-01-29 20:00:00,3,0,2.446087471686374e-13
2025-01-29 21:00:00,3,0,2.364119116678324e-13
2025-01-29 22:00:00,3,0,2.5842218094549643e-13
2025-01-29 23:00:00,3,0,2.7427327332588047e-13
2025-01-30 00:00:00,3,0,2.7928539858013103e-13
2025-01-30 01:00:00,3,0,2.6445299292293163e-13
2025-01-30 02:00:00,3,0,2.989374769244536e-13
2025-01-30 03:00:00,3,0,3.4446208724477684e-13
2025-01-30 04:00:00,3,0,3.9067021557752533e-13
2025-01-30 05:00:00,3,0,5.114702714604167e-13
2025-01-30 06:00:00,3,0,5.84164110415424e-13
2025-01-30 07:00:00,3,0,6.164752613350953e-13
2025-01-30 08:00:00,3,0,6.886647794888785e-13
2025-01-30 09:00:00,3,0,1.4414772147131435e-11
2025-01-30 10:00:00,3,0,5.45624424255105e-09
2025-01-30 11:00:00,3,0,2.8463205785796607e-06
2025-01-30 12:00:00,3,0,0.0008351726387071173
2025-01-30 13:00:00,3,0,0.014244798775517457
2025-01-30 14:00:00,3,0,0.011829602267179396
2025-01-30 15:00:00,3,0,0.0017752701070000508
2025-01-30 16:00:00,3,0,8.43814020322417e-06
2025-01-30 17:00:00,3,0,1.807728497020884e-08
2025-01-30 18:00:00,3,0,2.2429905971575813e-11
2025-01-30 19:00:00,3,0,3.132918850206987e-13
2025-01-30 20:00:00,3,0,2.635752101513311e-13
2025-01-30 21:00:00,3,0,2.568170263072687e-13
2025-01-30 22:00:00,3,0,2.578128178470458e-13
2025-01-30 23:00:00,3,0,2.6846164194098204e-13
2025-01-31 00:00:00,3,0,2.850117875156744e-13
2025-01-31 01:00:00,3,0,3.135579795974899e-13
2025-01-31 02:00:00,3,0,3.551650362248401e-13
2025-01-31 03:00:00,3,0,4.0677088448827467e-13
2025-01-31 04:00:00,3,0,4.669835185751088e-13
2025-01-31 05:00:00,3,0,5.240779976546922e-13
2025-01-31 06:00:00,3,0,5.85362952622611e-13
2025-01-31 07:00:00,3,0,6.446082870738838e-13
2025-01-31 08:00:00,3,0,7.040398382715713e-13
2025-01-31 09:00:00,3,0,2.858669748571083e-11
2025-01-31 10:00:00,3,0,3.742617442981185e-08
2025-01-31 11:00:00,3,0,4.836118604270562e-05
2025-01-31 12:00:00,3,0,0.01396775900422158
2025-01-31 13:00:00,3,1,0.1494711740189471
2025-01-31 14:00:00,3,1,0.13079765328749685
2025-01-31 15:00:00,3,0,0.009459168070133752
2025-01-31 16:00:00,3,0,2.9095025042211077e-05
2025-01-31 17:00:00,3,0,3.487637069490628e-08
2025-01-31 18:00:00,3,0,3.049994234183827e-11
2025-01-31 19:00:00,3,0,3.143251564924243e-13
2025-01-31 20:00:00,3,0,2.470241495028098e-13
2025-01-31 21:00:00,3,0,2.506502050033303e-13
2025-01-31 22:00:00,3,0,2.430976535326088e-13
2025-01-31 23:00:00,3,0,2.4775650685535944e-13
2025-02-01 00:00:00,3,0,2.70480346562211e-13
2025-02-01 01:00:00,3,0,3.024367132426801e-13
2025-02-01 02:00:00,3,0,3.36374161300665e-13
2025-02-01 03:00:00,3,0,4.003789276308162e-13
2025-02-01 04:00:00,3,0,4.596453864282341e-13
2025-02-01 05:00:00,3,0,5.221557914862485e-13
2025-02-01 06:00:00,3,0,5.891579669644692e-13
2025-02-01 07:00:00,3,0,6.422440015454162e-13
2025-02-01 08:00:00,3,0,6.952635700055014e-13
2025-02-01 09:00:00,3,0,3.1725726003693825e-11
2025-02-01 10:00:00,3,0,4.6973119107431016e-08
2025-02-01 11:00:00,3,0,7.406751717521972e-05
2025-02-01 12:00:00,3,0,0.021996915377436338
2025-02-01 13:00:00,3,1,0.2690445037851644
2025-02-01 14:00:00,3,1,0.2500806043544243
2025-02-01 15:00:00,3,0,0.0028668104421501962
2025-02-01 16:00:00,3,0,1.5820405357274237e-05
2025-02-01 17:00:00,3,0,2.2742932624083204e-08
2025-02-01 18:00:00,3,0,3.065454573428458e-11
2025-02-01 19:00:00,3,0,2.7574068664213786e-13
2025-02-01 20:00:00,3,0,2.162926121995172e-13
2025-02-01 21:00:00,3,0,2.107467748784822e-13
2025-02-01 22:00:00,3,0,2.1242350473321743e-13
2025-02-01 23:00:00,3,0,2.2137676777167481e-13
2025-02-02 00:00:00,3,0,2.3726078877415944e-13
2025-02-02 01:00:00,3,0,2.6155406576512674e-13
2025-02-02 02:00:00,3,0,2.9386776068788826e-13
2025-02-02 03:00:00,3,0,3.338487217717527e-13
2025-02-02 04:00:00,3,0,3.8017147789015783e-13
2025-02-02 05:00:00,3,0,4.3012608890586824e-13
2025-02-02 06:00:00,3,0,4.794514325864412e-13
2025-02-02 07:00:00,3,0,5.226523680864892e-13
2025-02-02 08:00:00,3,0,5.723255716702739e-13
2025-02-02 09:00:00,3,0,9.441947253321251e-12
2025-02-02 10:00:00,3,0,5.925285389784943e-09
2025-02-02 11:00:00,3,0,7.214463775387587e-07
2025-02-02 12:00:00,3,0,4.50712382509495e-05
2025-02-02 13:00:00,3,0,0.0002816567570911034
2025-02-02 14:00:00,3,0,0.00018547675878140553
2025-02-02 15:00:00,3,0,0.001836850077629993
2025-02-02 16:00:00,3,0,3.8841661798034786e-05
2025-02-02 17:00:00,3,0,5.8066412921432143e-08
2025-02-02 18:00:00,3,0,4.4467619474694963e-11
2025-02-02 19:00:00,3,0,3.372209807484112e-13
2025-02-02 20:00:00,3,0,2.5942084789439106e-13
2025-02-02 21:00:00,3,0,2.5225724943354365e-13
2025-02-02 22:00:00,3,0,2.55297304038887e-13
2025-02-02 23:00:00,3,0,2.639087690156941e-13
2025-02-03 00:00:00,3,0,2.821907960023848e-13
2025-02-03 01:00:00,3,0,3.0732332983802143e-13
2025-02-03 02:00:00,3,0,3.509374841407814e-13
2025-02-03 03:00:00,3,0,3.789795559123824e-13
2025-02-03 04:00:00,3,0,4.466975657704358e-13
2025-02-03 05:00:00,3,0,5.115789424660066e-13
2025-02-03 06:00:00,3,0,5.644937597790465e-13
2025-02-03 07:00:00,3,0,6.228884345416821e-13
2025-02-03 08:00:00,3,0,6.825626258989789e-13
2025-02-03 09:00:00,3,0,1.996812605412798e-11
2025-02-03 10:00:00,3,0,1.5727303488586067e-08
2025-02-03 11:00:00,3,0,1.3653947436317916e-05
2025-02-03 12:00:00,3,0,0.0014931308518954514
2025-02-03 13:00:00,3,1,0.013007471386640506
2025-02-03 14:00:00,3,1,0.014922782302065438
2025-02-03 15:00:00,3,0,0.00166832462103841
2025-02-03 16:00:00,3,0,1.3325439877637992e-05
2025-02-03 17:00:00,3,0,2.502443855878088e-08
2025-02-03 18:00:00,3,0,3.2575155515348295e-11
2025-02-03 19:00:00,3,0,3.053744023013113e-13
2025-02-03 20:00:00,3,0,2.3967058471297357e-13
2025-02-03 21:00:00,3,0,2.417140954646941e-13
2025-02-03 22:00:00,3,0,2.4117998264224845e-13
2025-02-03 23:00:00,3,0,2.5083622829697603e-13
2025-02-04 00:00:00,3,0,2.746943260782681e-13
2025-02-04 01:00:00,3,0,3.083964885413338e-13
2025-02-04 02:00:00,3,0,3.3408073520124574e-13
2025-02-04 03:00:00,3,0,3.40866480930504e-13
2025-02-04 04:00:00,3,0,3.842481280170829e-13
2025-02-04 05:00:00,3,0,4.3562067573625754e-13
2025-02-04 06:00:00,3,0,4.91518806971277e-13
2025-02-04 07:00:00,3,0,5.545956153346781e-13
2025-02-04 08:00:00,3,0,6.332096286390181e-13
2025-02-04 09:00:00,3,0,1.6329388585806123e-11
2025-02-04 10:00:00,3,0,1.6061157193155604e-08
2025-02-04 11:00:00,3,0,1.6895102127002e-05
2025-02-04 12:00:00,3,0,0.0008422186227593389
2025-02-04 13:00:00,3,0,0.011168862285729426
2025-02-04 14:00:00,3,0,0.021825905655290533
2025-02-04 15:00:00,3,0,0.0016764100393156878
2025-02-04 16:00:00,3,0,5.698744279695486e-06
2025-02-04 17:00:00,3,0,7.312506268501318e-09
2025-02-04 18:00:00,3,0,2.3774449106583216e-11
2025-02-04 19:00:00,3,0,3.244195779642366e-13
2025-02-04 20:00:00,3,0,2.519877563591013e-13
2025-02-04 21:00:00,3,0,2.430504005885846e-13
2025-02-04 22:00:00,3,0,2.564702811740735e-13
2025-02-04 23:00:00,3,0,2.69456336102385e-13
2025-02-05 00:00:00,3,0,2.8833061368371423e-13
2025-02-05 01:00:00,3,0,3.021443739197973e-13
2025-02-05 02:00:00,3,0,3.4432477319344695e-13
2025-02-05 03:00:00,3,0,3.9756651992019445e-13
2025-02-05 04:00:00,3,0,4.60132996041774e-13
2025-02-05 05:00:00,3,0,5.184879786400229e-13
2025-02-05 06:00:00,3,0,5.416421922139493e-13
2025-02-05 07:00:00,3,0,6.062153081642728e-13
2025-02-05 08:00:00,3,0,7.15724557812864e-13
2025-02-05 09:00:00,3,0,3.9401696665643203e-11
2025-02-05 10:00:00,3,0,5.701045069347748e-08
2025-02-05 11:00:00,3,0,0.00010575441925619918
2025-02-05 12:00:00,3,0,0.026654846981435092
2025-02-05 13:00:00,3,1,0.3758885513156786
2025-02-05 14:00:00,3,1,0.3718196427958846
2025-02-05 15:00:00,3,0,0.03569543196720287
2025-02-05 16:00:00,3,0,0.0002383606766440664
2025-02-05 17:00:00,3,0,1.92748320236932e-07
2025-02-05 18:00:00,3,0,5.735706303637221e-11
2025-02-05 19:00:00,3,0,3.555853181975434e-13
2025-02-05 20:00:00,3,0,2.6268021382075694e-13
2025-02-05 21:00:00,3,0,2.5594497807465226e-13
2025-02-05 22:00:00,3,0,2.5486219863252605e-13
2025-02-05 23:00:00,3,0,2.6852763291589916e-13
2025-02-06 00:00:00,3,0,2.746795859575928e-13
2025-02-06 01:00:00,3,0,2.8609398670737127e-13
2025-02-06 02:00:00,3,0,3.5000877916309843e-13
2025-02-06 03:00:00,3,0,4.0494956977673274e-13
2025-02-06 04:00:00,3,0,4.611378339146557e-13
2025-02-06 05:00:00,3,0,5.217314408987322e-13
2025-02-06 06:00:00,3,0,5.792084708955351e-13
2025-02-06 07:00:00,3,0,5.941404306876746e-13
2025-02-06 08:00:00,3,0,6.658902428979699e-13
2025-02-06 09:00:00,3,0,1.6120267121587835e-11
2025-02-06 10:00:00,3,0,7.161572761057274e-09
2025-02-06 11:00:00,3,0,3.556605176949875e-06
2025-02-06 12:00:00,3,0,0.0003148123996336886
2025-02-06 13:00:00,3,1,0.005383520980942977
2025-02-06 14:00:00,3,1,0.013899724179863956
2025-02-06 15:00:00,3,0,0.002369328609785297
2025-02-06 16:00:00,3,0,7.223574665408437e-05
2025-02-06 17:00:00,3,0,1.032135569006132e-07
2025-02-06 18:00:00,3,0,6.109906427078957e-11
2025-02-06 19:00:00,3,0,3.7301155359040757e-13
2025-02-06 20:00:00,3,0,2.618695878802287e-13
2025-02-06 21:00:00,3,0,2.551551369383236e-13
2025-02-06 22:00:00,3,0,2.574984878570775e-13
2025-02-06 23:00:00,3,0,2.6835157916957025e-13
2025-02-07 00:00:00,3,0,2.8735647845903505e-13
2025-02-07 01:00:00,3,0,3.1677908369617226e-13
2025-02-07 02:00:00,3,0,3.5591555300902747e-13
2025-02-07 03:00:00,3,0,4.0433816949708876e-13
2025-02-07 04:00:00,3,0,4.585784203629905e-13
2025-02-07 05:00:00,3,0,5.209437212104748e-13
2025-02-07 06:00:00,3,0,5.806837108314349e-13
2025-02-07 07:00:00,3,0,6.330061731968628e-13
2025-02-07 08:00:00,3,0,7.447635332970559e-13
2025-02-07 09:00:00,3,0,6.06912840993038e-11
2025-02-07 10:00:00,3,0,1.1026245405032894e-07
2025-02-07 11:00:00,3,0,0.00013819710348240687
2025-02-07 12:00:00,3,0,0.03145195578955191
2025-02-07 13:00:00,3,1,0.312675497373236
2025-02-07 14:00:00,3,0,0.21933106985795994
2025-02-07 15:00:00,3,0,0.03200993599678625
2025-02-07 16:00:00,3,0,9.001793042017609e-05
2025-02-07 17:00:00,3,0,8.546006311521393e-08
2025-02-07 18:00:00,3,0,5.161687487572987e-11
2025-02-07 19:00:00,3,0,3.3461755825687153e-13
2025-02-07 20:00:00,3,0,2.519002900778901e-13
2025-02-07 21:00:00,3,0,2.2513314855492784e-13
2025-02-07 22:00:00,3,0,2.1879259428846005e-13
2025-02-07 23:00:00,3,0,2.3221288821029675e-13
2025-02-08 00:00:00,3,0,2.6413325103130744e-13
2025-02-08 01:00:00,3,0,2.756677060961777e-13
2025-02-08 02:00:00,3,0,3.512088899728771e-13
2025-02-08 03:00:00,3,0,3.73170895482318e-13
2025-02-08 04:00:00,3,0,4.0476811855574526e-13
2025-02-08 05:00:00,3,0,4.896413221924289e-13
2025-02-08 06:00:00,3,0,5.241040281276879e-13
2025-02-08 07:00:00,3,0,6.083876218183454e-13
2025-02-08 08:00:00,3,0,6.880236668373708e-13
2025-02-08 09:00:00,3,0,2.143118725193748e-11
2025-02-08 10:00:00,3,0,1.64939989821555e-08
2025-02-08 11:00:00,3,0,1.4070158477323352e-05
2025-02-08 12:00:00,3,0,0.0023188487854923284
2025-02-08 13:00:00,3,0,0.023025400701036907
2025-02-08 14:00:00,3,0,0.02057443954134507
2025-02-08 15:00:00,3,0,0.0011596066667046946
2025-02-08 16:00:00,3,0,4.748570175747358e-06
2025-02-08 17:00:00,3,0,1.598360029654144e-08
2025-02-08 18:00:00,3,0,3.170393544374703e-11
2025-02-08 19:00:00,3,0,3.3755354424101857e-13
2025-02-08 20:00:00,3,0,2.588550258539735e-13
2025-02-08 21:00:00,3,0,2.5119726875080327e-13
2025-02-08 22:00:00,3,0,2.5166054671304993e-13
2025-02-08 23:00:00,3,0,2.617364080430048e-13
2025-02-09 00:00:00,3,0,2.833339286311077e-13
2025-02-09 01:00:00,3,0,3.1297853903220497e-13
2025-02-09 02:00:00,3,0,3.545087077537097e-13
2025-02-09 03:00:00,3,0,3.8439158478359546e-13
2025-02-09 04:00:00,3,0,4.448846738785398e-13
2025-02-09 05:00:00,3,0,5.199375922070357e-13
2025-02-09 06:00:00,3,0,5.795622025004878e-13
2025-02-09 07:00:00,3,0,6.317836114415749e-13
2025-02-09 08:00:00,3,0,7.62818893263805e-13
2025-02-09 09:00:00,3,0,6.020438503181784e-11
2025-02-09 10:00:00,3,0,8.710708316205654e-08
2025-02-09 11:00:00,3,0,0.00012761144251083664
2025-02-09 12:00:00,3,0,0.01359573319657257
2025-02-09 13:00:00,3,1,0.12393384375169228
2025-02-09 14:00:00,3,0,0.09145446483708765
2025-02-09 15:00:00,3,0,0.004036718025832139
2025-02-09 16:00:00,3,0,2.6066336597039274e-05
2025-02-09 17:00:00,3,0,2.2451467481131473e-08
2025-02-09 18:00:00,3,0,2.972158191046186e-11
2025-02-09 19:00:00,3,0,3.618863488697165e-13
2025-02-09 20:00:00,3,0,2.5708352628546524e-13
2025-02-09 21:00:00,3,0,2.410263754084826e-13
2025-02-09 22:00:00,3,0,2.5115709917685745e-13
2025-02-09 23:00:00,3,0,2.6153101227944093e-13
2025-02-10 00:00:00,3,0,2.7031156935462554e-13
2025-02-10 01:00:00,3,0,2.9023783743083363e-13
2025-02-10 02:00:00,3,0,3.341258969770309e-13
2025-02-10 03:00:00,3,0,3.8267473647869234e-13
2025-02-10 04:00:00,3,0,4.3400892966768444e-13
2025-02-10 05:00:00,3,0,5.051745916723704e-13
2025-02-10 06:00:00,3,0,5.79317855828006e-13
2025-02-10 07:00:00,3,0,6.238819148940379e-13
2025-02-10 08:00:00,3,0,7.36718495296516e-13
2025-02-10 09:00:00,3,0,5.327380691211358e-11
2025-02-10 10:00:00,3,0,8.164631303874391e-08
2025-02-10 11:00:00,3,0,7.150247674924695e-05
2025-02-10 12:00:00,3,0,0.0025824632955572203
2025-02-10 13:00:00,3,0,0.0175835718617809
2025-02-10 14:00:00,3,0,0.004865794725856862
2025-02-10 15:00:00,3,0,0.0012611001329348008
2025-02-10 16:00:00,3,0,1.1958150973041556e-05
2025-02-10 17:00:00,3,0,2.8065329903260565e-08
2025-02-10 18:00:00,3,0,3.2632447688422944e-11
2025-02-10 19:00:00,3,0,3.8431480859113424e-13
2025-02-10 20:00:00,3,0,2.606480010858405e-13
2025-02-10 21:00:00,3,0,2.5058905369263245e-13
2025-02-10 22:00:00,3,0,2.4781509851103976e-13
2025-02-10 23:00:00,3,0,2.495107405798973e-13
2025-02-11 00:00:00,3,0,2.84925666026302e-13
2025-02-11 01:00:00,3,0,3.040741893892624e-13
2025-02-11 02:00:00,3,0,3.2083035805276715e-13
2025-02-11 03:00:00,3,0,3.6300473513946137e-13
2025-02-11 04:00:00,3,0,4.3574691733988155e-13
2025-02-11 05:00:00,3,0,5.102917738516338e-13
2025-02-11 06:00:00,3,0,5.792841327797727e-13
2025-02-11 07:00:00,3,0,6.21321203413419e-13
2025-02-11 08:00:00,3,0,7.869558200823489e-13
2025-02-11 09:00:00,3,0,6.629244491011992e-11
2025-02-11 10:00:00,3,0,1.0603284766966709e-07
2025-02-11 11:00:00,3,0,0.0002085008809209375
2025-02-11 12:00:00,3,0,0.014292130393884881
2025-02-11 13:00:00,3,0,0.21324085899658718
2025-02-11 14:00:00,3,1,0.3062518913725255
2025-02-11 15:00:00,3,0,0.015375515112007649
2025-02-11 16:00:00,3,0,7.197438848567797e-05
2025-02-11 17:00:00,3,0,5.961728399835756e-08
2025-02-11 18:00:00,3,0,6.070922173959131e-11
2025-02-11 19:00:00,3,0,4.0375637665994e-13
2025-02-11 20:00:00,3,0,2.5509132103145473e-13
2025-02-11 21:00:00,3,0,2.4554557630268104e-13
2025-02-11 22:00:00,3,0,2.423356518346097e-13
2025-02-11 23:00:00,3,0,2.556404677309953e-13
2025-02-12 00:00:00,3,0,2.6602850620962463e-13
2025-02-12 01:00:00,3,0,2.8854923107261634e-13
2025-02-12 02:00:00,3,0,3.16406028541114e-13
2025-02-12 03:00:00,3,0,3.5510738464222674e-13
2025-02-12 04:00:00,3,0,4.49338837070654e-13
2025-02-12 05:00:00,3,0,4.842380711868845e-13
2025-02-12 06:00:00,3,0,5.225408490598739e-13
2025-02-12 07:00:00,3,0,6.090375340746723e-13
2025-02-12 08:00:00,3,0,7.779428763365964e-13
2025-02-12 09:00:00,3,0,9.457172349350456e-11
2025-02-12 10:00:00,3,0,1.1936745426555324e-07
2025-02-12 11:00:00,3,0,0.0004175259240728851
2025-02-12 12:00:00,3,0,0.13257480379531444
2025-02-12 13:00:00,3,1,0.7421281026063045
2025-02-12 14:00:00,3,1,0.7663958004454531
2025-02-12 15:00:00,3,1,0.14473403870984708
2025-02-12 16:00:00,3,0,0.001185897613287583
2025-02-12 17:00:00,3,0,6.346328371655978e-07
2025-02-12 18:00:00,3,0,1.407988544603397e-10
2025-02-12 19:00:00,3,0,4.258922147654338e-13
2025-02-12 20:00:00,3,0,2.5934150479584884e-13
2025-02-12 21:00:00,3,0,2.526918750116219e-13
2025-02-12 22:00:00,3,0,2.4408609572759713e-13
2025-02-12 23:00:00,3,0,2.5262676868456656e-13
2025-02-13 00:00:00,3,0,2.749831644980746e-13
2025-02-13 01:00:00,3,0,3.0313885856584945e-13
2025-02-13 02:00:00,3,0,3.3307873704619304e-13
2025-02-13 03:00:00,3,0,3.8771296451883866e-13
2025-02-13 04:00:00,3,0,4.533005507188573e-13
2025-02-13 05:00:00,3,0,5.159931196116528e-13
2025-02-13 06:00:00,3,0,5.716778113932291e-13
2025-02-13 07:00:00,3,0,6.231887978628593e-13
2025-02-13 08:00:00,3,0,8.544838919630539e-13
2025-02-13 09:00:00,3,0,1.0995969266885203e-10
2025-02-13 10:00:00,3,0,1.5921408597432824e-07
2025-02-13 11:00:00,3,0,0.00030099328908122824
2025-02-13 12:00:00,3,0,0.060819901092619776
2025-02-13 13:00:00,3,1,0.5031069279267484
2025-02-13 14:00:00,3,1,0.5325505163137328
2025-02-13 15:00:00,3,0,0.1555554363665794
2025-02-13 16:00:00,3,0,0.0007067469438141967
2025-02-13 17:00:00,3,0,2.7953784162932105e-07
2025-02-13 18:00:00,3,0,1.2286671848348388e-10
2025-02-13 19:00:00,3,0,4.314718663902846e-13
2025-02-13 20:00:00,3,0,2.553398954333159e-13
2025-02-13 21:00:00,3,0,2.5440350923556384e-13
2025-02-13 22:00:00,3,0,2.548727004012686e-13
2025-02-13 23:00:00,3,0,2.666942993611796e-13
2025-02-14 00:00:00,3,0,2.814747391732838e-13
2025-02-14 01:00:00,3,0,2.590675995583301e-13
2025-02-14 02:00:00,3,0,2.904845906640343e-13
2025-02-14 03:00:00,3,0,4.041735353824979e-13
2025-02-14 04:00:00,3,0,4.602541218519462e-13
2025-02-14 05:00:00,3,0,4.277680567115729e-13
2025-02-14 06:00:00,3,0,4.739317195331175e-13
2025-02-14 07:00:00,3,0,5.166353017010273e-13
2025-02-14 08:00:00,3,0,6.951068976955882e-13
2025-02-14 09:00:00,3,0,1.0099121886235776e-10
2025-02-14 10:00:00,3,0,1.7662600651486183e-07
2025-02-14 11:00:00,3,0,0.000145068589880297
2025-02-14 12:00:00,3,0,0.05156809507489016
2025-02-14 13:00:00,3,1,0.2896903300058741
2025-02-14 14:00:00,3,1,0.28494789395514475
2025-02-14 15:00:00,3,0,0.014442953763497662
2025-02-14 16:00:00,3,0,0.00024245364547679843
2025-02-14 17:00:00,3,0,1.8737377480891834e-07
2025-02-14 18:00:00,3,0,5.2501060824982274e-11
2025-02-14 19:00:00,3,0,3.426724227831028e-13
2025-02-14 20:00:00,3,0,2.1309472878888651e-13
2025-02-14 21:00:00,3,0,2.0788382184605696e-13
2025-02-14 22:00:00,3,0,2.092828260253022e-13
2025-02-14 23:00:00,3,0,2.1810371518815405e-13
2025-02-15 00:00:00,3,0,2.3485666149029526e-13
2025-02-15 01:00:00,3,0,2.5890377842114393e-13
2025-02-15 02:00:00,3,0,2.9089004361559836e-13
2025-02-15 03:00:00,3,0,3.3046588373584546e-13
2025-02-15 04:00:00,3,0,3.7631925845151907e-13
2025-02-15 05:00:00,3,0,4.25767687034312e-13
2025-02-15 06:00:00,3,0,4.882565900969488e-13
2025-02-15 07:00:00,3,0,5.173564115797921e-13
2025-02-15 08:00:00,3,0,8.19352232401975e-13
2025-02-15 09:00:00,3,0,1.60108359217061e-10
2025-02-15 10:00:00,3,0,2.8437663352671587e-07
2025-02-15 11:00:00,3,0,0.000550722240432007
2025-02-15 12:00:00,3,1,0.13780187876890787
2025-02-15 13:00:00,3,1,0.7744024029922745
2025-02-15 14:00:00,3,1,0.7685326460127949
2025-02-15 15:00:00,3,0,0.13110846085020217
2025-02-15 16:00:00,3,0,0.0005431945535264661
2025-02-15 17:00:00,3,0,6.339998026020076e-07
2025-02-15 18:00:00,3,0,1.6972486205892616e-10
2025-02-15 19:00:00,3,0,5.035750934010188e-13
2025-02-15 20:00:00,3,0,2.562720940558474e-13
2025-02-15 21:00:00,3,0,2.5533228928567745e-13
2025-02-15 22:00:00,3,0,2.5736374752540627e-13
2025-02-15 23:00:00,3,0,2.655060942930045e-13
2025-02-16 00:00:00,3,0,2.823633778186808e-13
2025-02-16 01:00:00,3,0,2.946939256792698e-13
2025-02-16 02:00:00,3,0,3.290942106620789e-13
2025-02-16 03:00:00,3,0,3.9092041979824706e-13
2025-02-16 04:00:00,3,0,3.7698114573522517e-13
2025-02-16 05:00:00,3,0,4.265165464443262e-13
2025-02-16 06:00:00,3,0,4.754279605190526e-13
2025-02-16 07:00:00,3,0,5.182663613691743e-13
2025-02-16 08:00:00,3,0,7.526404825695846e-13
2025-02-16 09:00:00,3,0,8.67952250920894e-11
2025-02-16 10:00:00,3,0,7.27059037713736e-08
2025-02-16 11:00:00,3,0,6.012250412711755e-05
2025-02-16 12:00:00,3,0,0.00032093870769795026
2025-02-16 13:00:00,3,0,0.0018861415919522863
2025-02-16 14:00:00,3,0,0.00046802237892218786
2025-02-16 15:00:00,3,0,3.572329507970668e-05
2025-02-16 16:00:00,3,0,3.0849111265674937e-06
2025-02-16 17:00:00,3,0,9.223431677365354e-09
2025-02-16 18:00:00,3,0,2.2165183161480617e-11
2025-02-16 19:00:00,3,0,4.1999601228945663e-13
2025-02-16 20:00:00,3,0,2.5331035835783857e-13
2025-02-16 21:00:00,3,0,2.554701663353021e-13
2025-02-16 22:00:00,3,0,2.5750272154349234e-13
2025-02-16 23:00:00,3,0,2.683559912981407e-13
2025-02-17 00:00:00,3,0,2.864254319944279e-13
2025-02-17 01:00:00,3,0,3.1832369128984466e-13
2025-02-17 02:00:00,3,0,3.5765098913526843e-13
2025-02-17 03:00:00,3,0,4.063097131979215e-13
2025-02-17 04:00:00,3,0,4.626867023117897e-13
2025-02-17 05:00:00,3,0,4.2742140959002623e-13
2025-02-17 06:00:00,3,0,5.28334629921817e-13
2025-02-17 07:00:00,3,0,5.193658735310553e-13
2025-02-17 08:00:00,3,0,8.641878778137858e-13
2025-02-17 09:00:00,3,0,6.007939860249205e-11
2025-02-17 10:00:00,3,0,4.1629989542925186e-08
2025-02-17 11:00:00,3,0,2.3254826968577236e-05
2025-02-17 12:00:00,3,0,0.0003472659966719288
2025-02-17 13:00:00,3,0,0.00493854957564688
2025-02-17 14:00:00,3,0,0.0019747194680904807
2025-02-17 15:00:00,3,0,0.00015004322467582456
2025-02-17 16:00:00,3,0,4.011706771283161e-06
2025-02-17 17:00:00,3,0,1.8383839034706437e-08
2025-02-17 18:00:00,3,0,4.605633414830308e-11
2025-02-17 19:00:00,3,0,4.2932166885806863e-13
2025-02-17 20:00:00,3,0,2.2568675787221335e-13
2025-02-17 21:00:00,3,0,2.137171518015407e-13
2025-02-17 22:00:00,3,0,2.3364644731976694e-13
2025-02-17 23:00:00,3,0,2.3716060203869104e-13
2025-02-18 00:00:00,3,0,2.3635444558916994e-13
2025-02-18 01:00:00,3,0,2.6055492154817753e-13
2025-02-18 02:00:00,3,0,3.0178440889260923e-13
2025-02-18 03:00:00,3,0,3.339246375356356e-13
2025-02-18 04:00:00,3,0,3.7948778958025525e-13
2025-02-18 05:00:00,3,0,4.2848299460705834e-13
2025-02-18 06:00:00,3,0,4.776199140253541e-13
2025-02-18 07:00:00,3,0,5.206558206823391e-13
2025-02-18 08:00:00,3,0,7.368345710287541e-13
2025-02-18 09:00:00,3,0,3.0595443712322916e-11
2025-02-18 10:00:00,3,0,5.6999594574585396e-09
2025-02-18 11:00:00,3,0,8.577526528106268e-07
2025-02-18 12:00:00,3,0,3.9435426450973626e-05
2025-02-18 13:00:00,3,1,0.0001885572929570887
2025-02-18 14:00:00,3,1,0.0013272386577829185
2025-02-18 15:00:00,3,0,0.0033526499015110087
2025-02-18 16:00:00,3,0,0.00015077882178094617
2025-02-18 17:00:00,3,0,1.4634839609162322e-07
2025-02-18 18:00:00,3,0,1.4321104238891167e-10
2025-02-18 19:00:00,3,0,4.981254130178153e-13
2025-02-18 20:00:00,3,0,2.4916912091218205e-13
2025-02-18 21:00:00,3,0,2.359863545744819e-13
2025-02-18 22:00:00,3,0,2.3546489827439263e-13
2025-02-18 23:00:00,3,0,2.4046448693779666e-13
2025-02-19 00:00:00,3,0,2.75951624339688e-13
2025-02-19 01:00:00,3,0,3.0855440456217684e-13
2025-02-19 02:00:00,3,0,3.404066130741347e-13
2025-02-19 03:00:00,3,0,3.938401540759384e-13
2025-02-19 04:00:00,3,0,4.62335089451748e-13
2025-02-19 05:00:00,3,0,5.105137808801189e-13
2025-02-19 06:00:00,3,0,5.842549700763803e-13
2025-02-19 07:00:00,3,0,6.140761884219341e-13
2025-02-19 08:00:00,3,0,1.0816182016167077e-12
2025-02-19 09:00:00,3,0,2.4292638081922625e-10
2025-02-19 10:00:00,3,0,3.3005534703680717e-07
2025-02-19 11:00:00,3,0,0.0016923444947915733
2025-02-19 12:00:00,3,1,0.2297493997907983
2025-02-19 13:00:00,3,1,0.8633200203052503
2025-02-19 14:00:00,3,1,0.8886137682067219
2025-02-19 15:00:00,3,1,0.36317811829812174
2025-02-19 16:00:00,3,0,0.0031787969592861976
2025-02-19 17:00:00,3,0,1.7981405111500975e-06
2025-02-19 18:00:00,3,0,4.071030077227288e-10
2025-02-19 19:00:00,3,0,6.443227278831972e-13
2025-02-19 20:00:00,3,0,2.644729804853988e-13
2025-02-19 21:00:00,3,0,2.558175980899574e-13
2025-02-19 22:00:00,3,0,2.511458115613602e-13
2025-02-19 23:00:00,3,0,2.536860732283555e-13
2025-02-20 00:00:00,3,0,2.7404430458320267e-13
2025-02-20 01:00:00,3,0,3.1017186122152097e-13
2025-02-20 02:00:00,3,0,3.4778623917479964e-13
2025-02-20 03:00:00,3,0,3.9751322184485227e-13
2025-02-20 04:00:00,3,0,4.666469608999183e-13
2025-02-20 05:00:00,3,0,4.99841148590472e-13
2025-02-20 06:00:00,3,0,5.885095724624901e-13
2025-02-20 07:00:00,3,0,6.41537183505296e-13
2025-02-20 08:00:00,3,0,1.1141753513300054e-12
2025-02-20 09:00:00,3,0,3.044445345213239e-10
2025-02-20 10:00:00,3,0,6.596964224891788e-07
2025-02-20 11:00:00,3,0,0.0017168556023196943
2025-02-20 12:00:00,3,1,0.21252344463074818
2025-02-20 13:00:00,3,1,0.6488532645921404
2025-02-20 14:00:00,3,1,0.8010136014052183
2025-02-20 15:00:00,3,1,0.2982737364639054
2025-02-20 16:00:00,3,0,0.0022851484073763773
2025-02-20 17:00:00,3,0,1.8198231904159717e-06
2025-02-20 18:00:00,3,0,4.4291380217940776e-10
2025-02-20 19:00:00,3,0,6.196715763615573e-13
2025-02-20 20:00:00,3,0,2.2900708117503376e-13
2025-02-20 21:00:00,3,0,2.3905847397518307e-13
2025-02-20 22:00:00,3,0,2.5659036555910356e-13
2025-02-20 23:00:00,3,0,2.715575250226594e-13
2025-02-21 00:00:00,3,0,2.893200564622069e-13
2025-02-21 01:00:00,3,0,3.068916814731432e-13
2025-02-21 02:00:00,3,0,3.399478469784217e-13
2025-02-21 03:00:00,3,0,4.062766091114066e-13
2025-02-21 04:00:00,3,0,4.645287226749116e-13
2025-02-21 05:00:00,3,0,5.298472765492952e-13
2025-02-21 06:00:00,3,0,5.648448871426737e-13
2025-02-21 07:00:00,3,0,6.05834141075679e-13
2025-02-21 08:00:00,3,0,1.2468591709966352e-12
2025-02-21 09:00:00,3,0,4.2766204516287673e-10
2025-02-21 10:00:00,3,0,8.237445249293942e-07
2025-02-21 11:00:00,3,0,0.0006080229975458062
2025-02-21 12:00:00,3,1,0.07969054132597768
2025-02-21 13:00:00,3,1,0.8276189090022436
2025-02-21 14:00:00,3,1,0.7702738851150747
2025-02-21 15:00:00,3,0,0.27482730451085574
2025-02-21 16:00:00,3,0,0.0009286337880376212
2025-02-21 17:00:00,3,0,1.5099156193735576e-06
2025-02-21 18:00:00,3,0,5.622853707969368e-10
2025-02-21 19:00:00,3,0,6.900347369961833e-13
2025-02-21 20:00:00,3,0,2.5279996643431406e-13
2025-02-21 21:00:00,3,0,2.5859941815159475e-13
2025-02-21 22:00:00,3,0,2.3174048749707645e-13
2025-02-21 23:00:00,3,0,2.721943576262529e-13
2025-02-22 00:00:00,3,0,2.922276725197505e-13
2025-02-22 01:00:00,3,0,3.2345791634249515e-13
2025-02-22 02:00:00,3,0,3.582984775635915e-13
2025-02-22 03:00:00,3,0,4.053981821989892e-13
2025-02-22 04:00:00,3,0,4.4151073784740493e-13
2025-02-22 05:00:00,3,0,5.319270724201581e-13
2025-02-22 06:00:00,3,0,5.857578397019007e-13
2025-02-22 07:00:00,3,0,5.828613553113756e-13
2025-02-22 08:00:00,3,0,1.1493584366195228e-12
2025-02-22 09:00:00,3,0,2.591567747201598e-10
2025-02-22 10:00:00,3,0,1.2035275237323214e-07
2025-02-22 11:00:00,3,0,0.00010678118837379639
2025-02-22 12:00:00,3,0,0.028662198802595833
2025-02-22 13:00:00,3,0,0.2316691557664695
2025-02-22 14:00:00,3,0,0.4243009527049296
2025-02-22 15:00:00,3,0,0.011644664763919914
2025-02-22 16:00:00,3,0,0.0002694863783474711
2025-02-22 17:00:00,3,0,3.3028797586205083e-07
2025-02-22 18:00:00,3,0,3.691956652454611e-10
2025-02-22 19:00:00,3,0,6.511535815739781e-13
2025-02-22 20:00:00,3,0,2.427213952457295e-13
2025-02-22 21:00:00,3,0,2.4678410350693144e-13
2025-02-22 22:00:00,3,0,2.4774099303235426e-13
2025-02-22 23:00:00,3,0,2.4887997573240394e-13
2025-02-23 00:00:00,3,0,2.881730551773065e-13
2025-02-23 01:00:00,3,0,2.9531938576088936e-13
2025-02-23 02:00:00,3,0,3.448350121507677e-13
2025-02-23 03:00:00,3,0,4.0713464372436594e-13
2025-02-23 04:00:00,3,0,4.636260950275405e-13
2025-02-23 05:00:00,3,0,4.94595882048852e-13
2025-02-23 06:00:00,3,0,5.788027843306329e-13
2025-02-23 07:00:00,3,0,6.491207519405531e-13
2025-02-23 08:00:00,3,0,1.3262374848180304e-12
2025-02-23 09:00:00,3,0,4.830304654974644e-10
2025-02-23 10:00:00,3,0,1.1443843816698394e-06
2025-02-23 11:00:00,3,0,0.006381465890589395
2025-02-23 12:00:00,3,1,0.5715848636422799
2025-02-23 13:00:00,3,1,0.921344966479462
2025-02-23 14:00:00,3,1,0.9138844200246428
2025-02-23 15:00:00,3,1,0.21204722340587756
2025-02-23 16:00:00,3,0,0.001786571000925997
2025-02-23 17:00:00,3,0,2.1499428636972022e-06
2025-02-23 18:00:00,3,0,7.199133800128458e-10
2025-02-23 19:00:00,3,0,7.696793310082247e-13
2025-02-23 20:00:00,3,0,2.6813061947741346e-13
2025-02-23 21:00:00,3,0,2.516897139648587e-13
2025-02-23 22:00:00,3,0,2.4961078144717386e-13
2025-02-23 23:00:00,3,0,2.624619965076663e-13
2025-02-24 00:00:00,3,0,2.724268176709477e-13
2025-02-24 01:00:00,3,0,3.027660972823417e-13
2025-02-24 02:00:00,3,0,3.3810866501813145e-13
2025-02-24 03:00:00,3,0,4.1068570376591435e-13
2025-02-24 04:00:00,3,0,4.724346560856823e-13
2025-02-24 05:00:00,3,0,5.323497597010433e-13
2025-02-24 06:00:00,3,0,5.921959431274515e-13
2025-02-24 07:00:00,3,0,6.508120864238207e-13
2025-02-24 08:00:00,3,0,1.5228570577022678e-12
2025-02-24 09:00:00,3,0,6.939604980663401e-10
2025-02-24 10:00:00,3,0,1.695508221137178e-06
2025-02-24 11:00:00,3,0,0.0010123565326836796
2025-02-24 12:00:00,3,1,0.013268624732040121
2025-02-24 13:00:00,3,1,0.01487435921633222
2025-02-24 14:00:00,3,1,0.0022981495165717123
2025-02-24 15:00:00,3,0,0.0024577593089698956
2025-02-24 16:00:00,3,0,1.901113189227052e-05
2025-02-24 17:00:00,3,0,1.0260890823574576e-07
2025-02-24 18:00:00,3,0,1.4666097445266686e-10
2025-02-24 19:00:00,3,0,5.765025641256246e-13
2025-02-24 20:00:00,3,0,2.302358891379219e-13
2025-02-24 21:00:00,3,0,2.608764280145656e-13
2025-02-24 22:00:00,3,0,2.4394902245379204e-13
2025-02-24 23:00:00,3,0,2.7127114118246674e-13
2025-02-25 00:00:00,3,0,2.602570023136121e-13
2025-02-25 01:00:00,3,0,2.87487124293778e-13
2025-02-25 02:00:00,3,0,3.2431706934015636e-13
2025-02-25 03:00:00,3,0,3.581302460589149e-13
2025-02-25 04:00:00,3,0,4.369248988403183e-13
2025-02-25 05:00:00,3,0,5.17933328436506e-13
2025-02-25 06:00:00,3,0,5.269889924654461e-13
2025-02-25 07:00:00,3,0,5.838665644580743e-13
2025-02-25 08:00:00,3,0,1.0594781740764064e-12
2025-02-25 09:00:00,3,0,1.0828366112975412e-10
2025-02-25 10:00:00,3,0,1.773849947202014e-07
2025-02-25 11:00:00,3,0,0.0005423238474144722
2025-02-25 12:00:00,3,0,0.3243904203649339
2025-02-25 13:00:00,3,0,0.9707131908472896
2025-02-25 14:00:00,3,0,0.9899315836995259
2025-02-25 15:00:00,3,0,0.17433515944154293
2025-02-25 16:00:00,3,0,0.0003822874302592772
2025-02-25 17:00:00,3,0,2.774365840650745e-07
2025-02-25 18:00:00,3,0,3.0923062629071993e-10
2025-02-25 19:00:00,3,0,7.486413989036943e-13
2025-02-25 20:00:00,3,0,2.642139073875729e-13
2025-02-25 21:00:00,3,0,2.507429986469327e-13
2025-02-25 22:00:00,3,0,2.6587787430772713e-13
2025-02-25 23:00:00,3,0,2.7742168443414387e-13
2025-02-26 00:00:00,3,0,2.991099415934446e-13
2025-02-26 01:00:00,3,0,3.2973599109544516e-13
2025-02-26 02:00:00,3,0,3.704732214273181e-13
2025-02-26 03:00:00,3,0,4.200240187564359e-13
2025-02-26 04:00:00,3,0,4.792745954134631e-13
2025-02-26 05:00:00,3,0,5.422513766187757e-13
2025-02-26 06:00:00,3,0,6.044348530524387e-13
2025-02-26 07:00:00,3,0,6.5889741031258e-13
2025-02-26 08:00:00,3,0,1.6071591000511177e-12
2025-02-26 09:00:00,3,0,7.066113587509006e-10
2025-02-26 10:00:00,3,0,2.9609177696674576e-06
2025-02-26 11:00:00,3,0,0.006932217413253736
2025-02-26 12:00:00,3,1,0.5308578466241214
2025-02-26 13:00:00,3,1,0.8695388367423521
2025-02-26 14:00:00,3,1,0.7314201583499021
2025-02-26 15:00:00,3,0,0.0822043135895511
2025-02-26 16:00:00,3,0,0.0004238735955958159
2025-02-26 17:00:00,3,0,6.405489281131633e-07
2025-02-26 18:00:00,3,0,3.1989373917280107e-10
2025-02-26 19:00:00,3,0,7.2062499103727e-13
2025-02-26 20:00:00,3,0,2.2582712600014561e-13
2025-02-26 21:00:00,3,0,2.4403869860553706e-13
2025-02-26 22:00:00,3,0,2.3812928780275614e-13
2025-02-26 23:00:00,3,0,2.5273565528106854e-13
2025-02-27 00:00:00,3,0,2.7682250002036327e-13
2025-02-27 01:00:00,3,0,2.9542644743920953e-13
2025-02-27 02:00:00,3,0,3.079374083429632e-13
2025-02-27 03:00:00,3,0,3.7252446050414593e-13
2025-02-27 04:00:00,3,0,4.190846825789569e-13
2025-02-27 05:00:00,3,0,4.73192194099312e-13
2025-02-27 06:00:00,3,0,5.470598817548554e-13
2025-02-27 07:00:00,3,0,5.999907833789441e-13
2025-02-27 08:00:00,3,0,1.3726828172238057e-12
2025-02-27 09:00:00,3,0,1.9675254698946378e-10
2025-02-27 10:00:00,3,0,9.112619021355705e-08
2025-02-27 11:00:00,3,0,4.246733250318548e-05
2025-02-27 12:00:00,3,0,0.0010451173887830512
2025-02-27 13:00:00,3,0,0.0018237934428619723
2025-02-27 14:00:00,3,1,0.0007745141479720638
2025-02-27 15:00:00,3,0,7.839578521823834e-05
2025-02-27 16:00:00,3,0,1.9762666966634842e-06
2025-02-27 17:00:00,3,0,9.413199039190205e-09
2025-02-27 18:00:00,3,0,3.9903862366727635e-11
2025-02-27 19:00:00,3,0,5.095479392267572e-13
2025-02-27 20:00:00,3,0,2.2316662111612777e-13
2025-02-27 21:00:00,3,0,2.1744453119539833e-13
2025-02-27 22:00:00,3,0,2.1917454930558987e-13
2025-02-27 23:00:00,3,0,2.2841235655169836e-13
2025-02-28 00:00:00,3,0,2.481053204479812e-13
2025-02-28 01:00:00,3,0,2.724022202390698e-13
2025-02-28 02:00:00,3,0,3.135932826043191e-13
2025-02-28 03:00:00,3,0,4.2325731749044104e-13
2025-02-28 04:00:00,3,0,4.800354918341198e-13
2025-02-28 05:00:00,3,0,5.486456655091516e-13
2025-02-28 06:00:00,3,0,6.115624164528837e-13
2025-02-28 07:00:00,3,0,6.666672022805231e-13
2025-02-28 08:00:00,3,0,1.9637691724217905e-12
2025-02-28 09:00:00,3,0,1.0285840004482802e-09
2025-02-28 10:00:00,3,0,4.2050505306237005e-06
2025-02-28 11:00:00,3,0,0.007293420878105075
2025-02-28 12:00:00,3,1,0.5014605188036356
2025-02-28 13:00:00,3,1,0.7666218044832651
2025-02-28 14:00:00,3,1,0.5907429923625881
2025-02-28 15:00:00,3,0,0.013080800493717192
2025-02-28 16:00:00,3,0,0.0007829498513635167
2025-02-28 17:00:00,3,0,5.876669186688084e-07
2025-02-28 18:00:00,3,0,5.963997894995237e-10
2025-02-28 19:00:00,3,0,9.307282383238202e-13
2025-02-28 20:00:00,3,0,2.757139511938214e-13
2025-02-28 21:00:00,3,0,2.686445247122079e-13
2025-02-28 22:00:00,3,0,2.7078189689812063e-13
2025-02-28 23:00:00,3,0,2.8219485965864925e-13
2025-03-01 00:00:00,3,0,3.021152409730265e-13
2025-03-01 01:00:00,3,0,3.303590894458717e-13
2025-03-01 02:00:00,3,0,3.652018498277346e-13
2025-03-01 03:00:00,3,0,4.242441991899376e-13
2025-03-01 04:00:00,3,0,4.831096651693384e-13
2025-03-01 05:00:00,3,0,5.432760628750899e-13
2025-03-01 06:00:00,3,0,6.068060129921423e-13
2025-03-01 07:00:00,3,0,6.709365752156048e-13
2025-03-01 08:00:00,3,0,2.028266090833879e-12
2025-03-01 09:00:00,3,0,1.2610087290471232e-09
2025-03-01 10:00:00,3,0,3.7481782921696823e-06
2025-03-01 11:00:00,3,0,0.007720955490217769
2025-03-01 12:00:00,3,1,0.6061598062783481
2025-03-01 13:00:00,3,1,0.8455206917356073
2025-03-01 14:00:00,3,1,0.762342363446098
2025-03-01 15:00:00,3,1,0.21147061725659222
2025-03-01 16:00:00,3,0,0.003784666979872492
2025-03-01 17:00:00,3,0,4.869462742916824e-06
2025-03-01 18:00:00,3,0,8.879626085781575e-10
2025-03-01 19:00:00,3,0,7.933294637079347e-13
2025-03-01 20:00:00,3,0,2.259555933950155e-13
2025-03-01 21:00:00,3,0,2.2016199300338146e-13
2025-03-01 22:00:00,3,0,2.219136316073868e-13
2025-03-01 23:00:00,3,0,2.3126688617352123e-13
2025-03-02 00:00:00,3,0,2.5036289755722464e-13
2025-03-02 01:00:00,3,0,2.759977074642595e-13
2025-03-02 02:00:00,3,0,3.100958419829952e-13
2025-03-02 03:00:00,3,0,3.5228464745648055e-13
2025-03-02 04:00:00,3,0,4.011654570692292e-13
2025-03-02 05:00:00,3,0,4.5387868130174955e-13
2025-03-02 06:00:00,3,0,5.059278885503546e-13
2025-03-02 07:00:00,3,0,5.515144831362373e-13
2025-03-02 08:00:00,3,0,1.1404636965915432e-12
2025-03-02 09:00:00,3,0,1.2657081954430898e-10
2025-03-02 10:00:00,3,0,9.998013881254535e-08
2025-03-02 11:00:00,3,0,0.000228219993429196
2025-03-02 12:00:00,3,1,0.07470709015326178
2025-03-02 13:00:00,3,1,0.7313903574563464
2025-03-02 14:00:00,3,1,0.7581639775414786
2025-03-02 15:00:00,3,1,0.21114892573448965
2025-03-02 16:00:00,3,0,0.0017839668485354226
2025-03-02 17:00:00,3,0,2.160631459916704e-06
2025-03-02 18:00:00,3,0,6.724945495840361e-10
2025-03-02 19:00:00,3,0,1.093431948116682e-12
2025-03-02 20:00:00,3,0,2.7935315056765165e-13
2025-03-02 21:00:00,3,0,2.716391452528053e-13
2025-03-02 22:00:00,3,0,2.743559971762145e-13
2025-03-02 23:00:00,3,0,2.859196017405104e-13
2025-03-03 00:00:00,3,0,3.088080653145253e-13
2025-03-03 01:00:00,3,0,3.4042711162424135e-13
2025-03-03 02:00:00,3,0,3.824851763546897e-13
2025-03-03 03:00:00,3,0,4.345226129050428e-13
2025-03-03 04:00:00,3,0,4.948142471479666e-13
2025-03-03 05:00:00,3,0,5.485974060170102e-13
2025-03-03 06:00:00,3,0,6.189925261404919e-13
2025-03-03 07:00:00,3,0,6.734001939554064e-13
2025-03-03 08:00:00,3,0,2.3251027727308504e-12
2025-03-03 09:00:00,3,0,2.1027992476273714e-09
2025-03-03 10:00:00,3,0,9.965467016369773e-06
2025-03-03 11:00:00,3,0,0.01629620986283088
2025-03-03 12:00:00,3,1,0.6925559035151482
2025-03-03 13:00:00,3,1,0.8484022498002614
2025-03-03 14:00:00,3,0,0.6607516826534974
2025-03-03 15:00:00,3,0,0.11097697295805721
2025-03-03 16:00:00,3,0,0.0002528298651893861
2025-03-03 17:00:00,3,0,2.2497082894207078e-07
2025-03-03 18:00:00,3,0,3.004098404228521e-10
2025-03-03 19:00:00,3,0,8.33672701114839e-13
2025-03-03 20:00:00,3,0,2.290958468174099e-13
2025-03-03 21:00:00,3,0,2.7378884946022697e-13
2025-03-03 22:00:00,3,0,2.759671505898563e-13
2025-03-03 23:00:00,3,0,2.8759866233008253e-13
2025-03-04 00:00:00,3,0,3.1110615454469717e-13
2025-03-04 01:00:00,3,0,3.4296050361348663e-13
2025-03-04 02:00:00,3,0,3.398172622237966e-13
2025-03-04 03:00:00,3,0,4.255060806082226e-13
2025-03-04 04:00:00,3,0,4.247222706544132e-13
2025-03-04 05:00:00,3,0,4.834623938929184e-13
2025-03-04 06:00:00,3,0,6.261325961023478e-13
2025-03-04 07:00:00,3,0,6.130130295116225e-13
2025-03-04 08:00:00,3,0,2.8711969643940574e-12
2025-03-04 09:00:00,3,0,1.8033029156583012e-09
2025-03-04 10:00:00,3,0,6.746131307417653e-06
2025-03-04 11:00:00,3,0,0.01655631763959059
2025-03-04 12:00:00,3,1,0.7450659994760056
2025-03-04 13:00:00,3,1,0.9508506929140275
2025-03-04 14:00:00,3,1,0.6395681438351203
2025-03-04 15:00:00,3,0,0.5881321163388671
2025-03-04 16:00:00,3,0,0.0014643373443965818
2025-03-04 17:00:00,3,0,1.4664636944211254e-06
2025-03-04 18:00:00,3,0,8.07693138017544e-10
2025-03-04 19:00:00,3,0,1.0809111233143644e-12
2025-03-04 20:00:00,3,0,2.3080073330640746e-13
2025-03-04 21:00:00,3,0,2.2488290140509317e-13
2025-03-04 22:00:00,3,0,2.2667210019507615e-13
2025-03-04 23:00:00,3,0,2.3622591552768184e-13
2025-03-05 00:00:00,3,0,2.559934898868785e-13
2025-03-05 01:00:00,3,0,2.9388256820896004e-13
2025-03-05 02:00:00,3,0,3.301902877026014e-13
2025-03-05 03:00:00,3,0,3.6020743175549865e-13
2025-03-05 04:00:00,3,0,4.394591001828167e-13
2025-03-05 05:00:00,3,0,5.370226162510596e-13
2025-03-05 06:00:00,3,0,6.233770529973944e-13
2025-03-05 07:00:00,3,0,6.906577243536044e-13
2025-03-05 08:00:00,3,0,3.657961259835958e-12
2025-03-05 09:00:00,3,0,4.535651442821563e-09
2025-03-05 10:00:00,3,0,2.225308044692767e-05
2025-03-05 11:00:00,3,0,0.03163861996269602
2025-03-05 12:00:00,3,1,0.9104218331670406
2025-03-05 13:00:00,3,1,0.9923753589886875
2025-03-05 14:00:00,3,1,0.6465451594964838
2025-03-05 15:00:00,3,1,0.7047079036476623
2025-03-05 16:00:00,3,0,0.006930680096373043
2025-03-05 17:00:00,3,0,8.659041561531385e-06
2025-03-05 18:00:00,3,0,1.679930260265045e-09
2025-03-05 19:00:00,3,0,1.3955614343409173e-12
2025-03-05 20:00:00,3,0,2.8563572567042336e-13
2025-03-05 21:00:00,3,0,2.7831190054512216e-13
2025-03-05 22:00:00,3,0,2.805261876811467e-13
2025-03-05 23:00:00,3,0,2.9234985451424573e-13
2025-03-06 00:00:00,3,0,3.160745964244681e-13
2025-03-06 01:00:00,3,0,3.48437667290156e-13
2025-03-06 02:00:00,3,0,3.914853960550472e-13
2025-03-06 03:00:00,3,0,4.4474732022099887e-13
2025-03-06 04:00:00,3,0,5.064576707641236e-13
2025-03-06 05:00:00,3,0,5.73006313706377e-13
2025-03-06 06:00:00,3,0,6.387166579140408e-13
2025-03-06 07:00:00,3,0,6.962681746390871e-13
2025-03-06 08:00:00,3,0,3.646054463062258e-12
2025-03-06 09:00:00,3,0,1.0606127710089908e-09
2025-03-06 10:00:00,3,0,8.85304305221744e-07
2025-03-06 11:00:00,3,0,0.0003155149161091851
2025-03-06 12:00:00,3,0,0.05876637926798102
2025-03-06 13:00:00,3,1,0.6027891364724063
2025-03-06 14:00:00,3,1,0.3863506190176562
2025-03-06 15:00:00,3,1,0.018326693803985196
2025-03-06 16:00:00,3,0,0.000795603419398717
2025-03-06 17:00:00,3,0,5.828704460284336e-06
2025-03-06 18:00:00,3,0,1.573253391053924e-09
2025-03-06 19:00:00,3,0,1.305617276368816e-12
2025-03-06 20:00:00,3,0,2.3448667783849076e-13
2025-03-06 21:00:00,3,0,2.2924021815054454e-13
2025-03-06 22:00:00,3,0,2.320028851600502e-13
2025-03-06 23:00:00,3,0,2.4276372797133005e-13
2025-03-07 00:00:00,3,0,2.822411787038738e-13
2025-03-07 01:00:00,3,0,2.9100494754476144e-13
2025-03-07 02:00:00,3,0,3.6257245802351627e-13
2025-03-07 03:00:00,3,0,4.4760183148669026e-13
2025-03-07 04:00:00,3,0,5.097082561213857e-13
2025-03-07 05:00:00,3,0,5.778543570421046e-13
2025-03-07 06:00:00,3,0,6.350441764624904e-13
2025-03-07 07:00:00,3,0,5.815028128667255e-13
2025-03-07 08:00:00,3,0,3.77486501474484e-12
2025-03-07 09:00:00,3,0,6.2196080206393114e-09
2025-03-07 10:00:00,3,0,2.8385011170234202e-05
2025-03-07 11:00:00,3,0,0.07643420318207873
2025-03-07 12:00:00,3,1,0.9471756808951689
2025-03-07 13:00:00,3,1,0.9967761423090878
2025-03-07 14:00:00,3,1,0.9905890250541439
2025-03-07 15:00:00,3,1,0.8957720641546829
2025-03-07 16:00:00,3,0,0.00876010888594089
2025-03-07 17:00:00,3,0,1.089807148976196e-05
2025-03-07 18:00:00,3,0,2.0051474549693627e-09
2025-03-07 19:00:00,3,0,1.568196386297879e-12
2025-03-07 20:00:00,3,0,2.8226602142128825e-13
2025-03-07 21:00:00,3,0,2.7670643771917237e-13
2025-03-07 22:00:00,3,0,2.7777934917541355e-13
2025-03-07 23:00:00,3,0,2.774211440683801e-13
2025-03-08 00:00:00,3,0,3.1255410905068907e-13
2025-03-08 01:00:00,3,0,3.459566302742525e-13
2025-03-08 02:00:00,3,0,3.8948666801054636e-13
2025-03-08 03:00:00,3,0,3.854946994289106e-13
2025-03-08 04:00:00,3,0,4.4797411913174033e-13
2025-03-08 05:00:00,3,0,4.759645507823427e-13
2025-03-08 06:00:00,3,0,5.777010856133337e-13
2025-03-08 07:00:00,3,0,5.795250533672049e-13
2025-03-08 08:00:00,3,0,3.330731069988228e-12
2025-03-08 09:00:00,3,0,1.8512924961289543e-09
2025-03-08 10:00:00,3,0,2.791618558759884e-06
2025-03-08 11:00:00,3,0,0.002765800013059376
2025-03-08 12:00:00,3,1,0.1611937124367446
2025-03-08 13:00:00,3,0,0.1135044319165969
2025-03-08 14:00:00,3,1,0.021761679115047963
2025-03-08 15:00:00,3,0,0.007560169766496735
2025-03-08 16:00:00,3,0,2.3620739449105202e-05
2025-03-08 17:00:00,3,0,2.5797721086453087e-08
2025-03-08 18:00:00,3,0,2.2077169685799133e-10
2025-03-08 19:00:00,3,0,1.179226314064723e-12
2025-03-08 20:00:00,3,0,2.719961417164729e-13
2025-03-08 21:00:00,3,0,2.379894545976861e-13
2025-03-08 22:00:00,3,0,2.628329852541242e-13
2025-03-08 23:00:00,3,0,2.8815163624884926e-13
2025-03-09 00:00:00,3,0,3.1668863196108836e-13
2025-03-09 01:00:00,3,0,3.5267147113170117e-13
2025-03-09 02:00:00,3,0,3.978521759480043e-13
2025-03-09 03:00:00,3,0,4.510649087371542e-13
2025-03-09 04:00:00,3,0,5.199381387194523e-13
2025-03-09 05:00:00,3,0,5.870667167851287e-13
2025-03-09 06:00:00,3,0,6.557174853011609e-13
2025-03-09 07:00:00,3,0,7.148008603073174e-13
2025-03-09 08:00:00,3,0,4.848648029026128e-12
2025-03-09 09:00:00,3,0,4.2592157202188795e-09
2025-03-09 10:00:00,3,0,1.810806961512437e-05
2025-03-09 11:00:00,3,0,0.03861168780043884
2025-03-09 12:00:00,3,1,0.8746154057948758
2025-03-09 13:00:00,3,1,0.9810811801064261
2025-03-09 14:00:00,3,1,0.9785676424674291
2025-03-09 15:00:00,3,1,0.8022375560654574
2025-03-09 16:00:00,3,0,0.014393497019522743
2025-03-09 17:00:00,3,0,7.927820821380297e-06
2025-03-09 18:00:00,3,0,2.02984915347125e-09
2025-03-09 19:00:00,3,0,2.026257984670241e-12
2025-03-09 20:00:00,3,0,2.9466293792435154e-13
2025-03-09 21:00:00,3,0,2.836363880006513e-13
2025-03-09 22:00:00,3,0,2.8508303453760674e-13
2025-03-09 23:00:00,3,0,2.9733948245630073e-13
2025-03-10 00:00:00,3,0,3.2359630408728206e-13
2025-03-10 01:00:00,3,0,3.610953353344926e-13
2025-03-10 02:00:00,3,0,4.0570685559473507e-13
2025-03-10 03:00:00,3,0,4.609036215380928e-13
2025-03-10 04:00:00,3,0,5.248557191866578e-13
2025-03-10 05:00:00,3,0,5.938218695060974e-13
2025-03-10 06:00:00,3,0,6.619192682780035e-13
2025-03-10 07:00:00,3,0,7.215614544757803e-13
2025-03-10 08:00:00,3,0,6.039543886821762e-12
2025-03-10 09:00:00,3,0,7.024003259127275e-09
2025-03-10 10:00:00,3,0,2.4405963257860575e-05
2025-03-10 11:00:00,3,0,0.05869233674701776
2025-03-10 12:00:00,3,1,0.9592236971666582
2025-03-10 13:00:00,3,1,0.9959804908000016
2025-03-10 14:00:00,3,1,0.9951275613565631
2025-03-10 15:00:00,3,1,0.8910771465807709
2025-03-10 16:00:00,3,0,0.029237721420946723
2025-03-10 17:00:00,3,0,2.016265396676887e-05
2025-03-10 18:00:00,3,0,3.3796017373000114e-09
2025-03-10 19:00:00,3,0,2.1353215358932206e-12
2025-03-10 20:00:00,3,0,2.9805351192553e-13
2025-03-10 21:00:00,3,0,2.9041128932119403e-13
2025-03-10 22:00:00,3,0,2.8976957087647026e-13
2025-03-10 23:00:00,3,0,3.0444169408204615e-13
2025-03-11 00:00:00,3,0,3.3009191661955363e-13
2025-03-11 01:00:00,3,0,3.6462871322564596e-13
2025-03-11 02:00:00,3,0,4.096767646286466e-13
2025-03-11 03:00:00,3,0,4.654136401036511e-13
2025-03-11 04:00:00,3,0,5.299915196602399e-13
2025-03-11 05:00:00,3,0,5.99632515226713e-13
2025-03-11 06:00:00,3,0,6.670425531590025e-13
2025-03-11 07:00:00,3,0,7.286220532730218e-13
2025-03-11 08:00:00,3,0,7.203644845502883e-12
2025-03-11 09:00:00,3,0,1.0190443130997245e-08
2025-03-11 10:00:00,3,0,7.290320785823108e-05
2025-03-11 11:00:00,3,0,0.1537274991371657
2025-03-11 12:00:00,3,1,0.9752457028371889
2025-03-11 13:00:00,3,1,0.9974854011526858
2025-03-11 14:00:00,3,1,0.9956549467818775
2025-03-11 15:00:00,3,1,0.9557758652891707
2025-03-11 16:00:00,3,0,0.08730659171337957
2025-03-11 17:00:00,3,0,3.620120783327537e-05
2025-03-11 18:00:00,3,0,4.385774216791525e-09
2025-03-11 19:00:00,3,0,2.6483294134723023e-12
2025-03-11 20:00:00,3,0,3.0097001509343385e-13
2025-03-11 21:00:00,3,0,2.932530120703355e-13
2025-03-11 22:00:00,3,0,2.955861727111702e-13
2025-03-11 23:00:00,3,0,3.080445904278794e-13
2025-03-12 00:00:00,3,0,3.3410565184396203e-13
2025-03-12 01:00:00,3,0,3.683149334805414e-13
2025-03-12 02:00:00,3,0,4.1381839893488287e-13
2025-03-12 03:00:00,3,0,4.701187473122346e-13
2025-03-12 04:00:00,3,0,5.353494780541667e-13
2025-03-12 05:00:00,3,0,6.056945104644667e-13
2025-03-12 06:00:00,3,0,6.710595528401991e-13
2025-03-12 07:00:00,3,0,7.344974713321826e-13
2025-03-12 08:00:00,3,0,8.313241161634076e-12
2025-03-12 09:00:00,3,0,1.5853839661874443e-08
2025-03-12 10:00:00,3,0,8.505080088804991e-05
2025-03-12 11:00:00,3,0,0.19506081224741473
2025-03-12 12:00:00,3,1,0.9790829939927883
2025-03-12 13:00:00,3,1,0.9982853566611577
2025-03-12 14:00:00,3,1,0.9973818646400872
2025-03-12 15:00:00,3,1,0.9611791825958476
2025-03-12 16:00:00,3,0,0.07354094285892235
2025-03-12 17:00:00,3,0,3.873082132880507e-05
2025-03-12 18:00:00,3,0,5.422570715891623e-09
2025-03-12 19:00:00,3,0,2.4577636186155497e-12
2025-03-12 20:00:00,3,0,2.502114627665837e-13
2025-03-12 21:00:00,3,0,2.4150807454281923e-13
2025-03-12 22:00:00,3,0,2.434295454596532e-13
2025-03-12 23:00:00,3,0,2.5368965652678557e-13
2025-03-13 00:00:00,3,0,2.7564077948246005e-13
2025-03-13 01:00:00,3,0,3.038638071499064e-13
2025-03-13 02:00:00,3,0,3.4140465872713936e-13
2025-03-13 03:00:00,3,0,4.433821827748492e-13
2025-03-13 04:00:00,3,0,5.279324902626404e-13
2025-03-13 05:00:00,3,0,6.120124885604307e-13
2025-03-13 06:00:00,3,0,6.821959234035248e-13
2025-03-13 07:00:00,3,0,7.43665136095952e-13
2025-03-13 08:00:00,3,0,9.18322685324802e-12
2025-03-13 09:00:00,3,0,1.7827881209062827e-08
2025-03-13 10:00:00,3,0,9.909397203726185e-05
2025-03-13 11:00:00,3,1,0.20594135693855958
2025-03-13 12:00:00,3,1,0.9817361239251193
2025-03-13 13:00:00,3,1,0.998912619222159
2025-03-13 14:00:00,3,1,0.9986370880096481
2025-03-13 15:00:00,3,1,0.969120431248164
2025-03-13 16:00:00,3,1,0.1078798826899315
2025-03-13 17:00:00,3,0,4.482329254276845e-05
2025-03-13 18:00:00,3,0,6.110056777144136e-09
2025-03-13 19:00:00,3,0,2.87691429612408e-12
2025-03-13 20:00:00,3,0,3.071209264398703e-13
2025-03-13 21:00:00,3,0,2.9752568131539475e-13
2025-03-13 22:00:00,3,0,3.014490347556512e-13
2025-03-13 23:00:00,3,0,3.1253277160063536e-13
2025-03-14 00:00:00,3,0,3.4121959722954706e-13
2025-03-14 01:00:00,3,0,3.7615728007664024e-13
2025-03-14 02:00:00,3,0,4.226296281772652e-13
2025-03-14 03:00:00,3,0,4.801287518561876e-13
2025-03-14 04:00:00,3,0,5.467484080874027e-13
2025-03-14 05:00:00,3,0,6.185912622674087e-13
2025-03-14 06:00:00,3,0,6.895291276890305e-13
2025-03-14 07:00:00,3,0,7.516590982055347e-13
2025-03-14 08:00:00,3,0,1.0964793457315802e-11
2025-03-14 09:00:00,3,0,2.365603241413958e-08
2025-03-14 10:00:00,3,0,0.00015597557044950362
2025-03-14 11:00:00,3,1,0.26699729912390424
2025-03-14 12:00:00,3,1,0.9886430293158913
2025-03-14 13:00:00,3,1,0.9995814393377921
2025-03-14 14:00:00,3,1,0.9994772880151874
2025-03-14 15:00:00,3,1,0.9776626342157931
2025-03-14 16:00:00,3,1,0.14731679786725496
2025-03-14 17:00:00,3,0,5.7148611973871015e-05
2025-03-14 18:00:00,3,0,8.058144503664201e-09
2025-03-14 19:00:00,3,0,3.193496712889244e-12
2025-03-14 20:00:00,3,0,3.1048586728306224e-13
2025-03-14 21:00:00,3,0,3.0252487364152335e-13
2025-03-14 22:00:00,3,0,3.049318024674909e-13
2025-03-14 23:00:00,3,0,3.1778412142207594e-13
2025-03-15 00:00:00,3,0,3.449951096369784e-13
2025-03-15 01:00:00,3,0,3.80319369504111e-13
2025-03-15 02:00:00,3,0,4.2730592290912323e-13
2025-03-15 03:00:00,3,0,4.854412605002261e-13
2025-03-15 04:00:00,3,0,5.527980471328653e-13
2025-03-15 05:00:00,3,0,6.254358251377159e-13
2025-03-15 06:00:00,3,0,6.971586009022088e-13
2025-03-15 07:00:00,3,0,7.599760245323757e-13
2025-03-15 08:00:00,3,0,1.4738553498401203e-11
2025-03-15 09:00:00,3,0,3.7597432275330026e-08
2025-03-15 10:00:00,3,0,0.0002317814389970674
2025-03-15 11:00:00,3,1,0.4387489039102358
2025-03-15 12:00:00,3,1,0.9935830213268166
2025-03-15 13:00:00,3,1,0.9997457082974014
2025-03-15 14:00:00,3,1,0.9993064676385488
2025-03-15 15:00:00,3,1,0.9859857218545665
2025-03-15 16:00:00,3,1,0.1166660092145239
2025-03-15 17:00:00,3,0,5.943427020440935e-05
2025-03-15 18:00:00,3,0,9.78139300805796e-09
2025-03-15 19:00:00,3,0,3.2086500034156623e-12
2025-03-15 20:00:00,3,0,3.045185545514599e-13
2025-03-15 21:00:00,3,0,2.487599142452007e-13
2025-03-15 22:00:00,3,0,2.513121433048266e-13
2025-03-15 23:00:00,3,0,2.607780499495441e-13
2025-03-16 00:00:00,3,0,2.930930726902093e-13
2025-03-16 01:00:00,3,0,3.7312506938427363e-13
2025-03-16 02:00:00,3,0,4.243534305530123e-13
2025-03-16 03:00:00,3,0,4.3738404000521156e-13
2025-03-16 04:00:00,3,0,4.56491331740725e-13
2025-03-16 05:00:00,3,0,5.164743873757882e-13
2025-03-16 06:00:00,3,0,5.757018495469956e-13
2025-03-16 07:00:00,3,0,6.27575421673723e-13
2025-03-16 08:00:00,3,0,1.0981618622041492e-11
2025-03-16 09:00:00,3,0,1.2759832214483093e-08
2025-03-16 10:00:00,3,0,4.277727413919999e-05
2025-03-16 11:00:00,3,1,0.020869626159311053
2025-03-16 12:00:00,3,1,0.859934993414874
2025-03-16 13:00:00,3,1,0.9944908863288277
2025-03-16 14:00:00,3,1,0.9735873866661416
2025-03-16 15:00:00,3,0,0.1780188397751291
2025-03-16 16:00:00,3,0,1.9558638471843467e-05
2025-03-16 17:00:00,3,0,7.366873108413879e-09
2025-03-16 18:00:00,3,0,1.946959695657821e-10
2025-03-16 19:00:00,3,0,1.4784829319375984e-12
2025-03-16 20:00:00,3,0,2.5885380622621884e-13
2025-03-16 21:00:00,3,0,2.522166812469474e-13
2025-03-16 22:00:00,3,0,2.545330453179086e-13
2025-03-16 23:00:00,3,0,2.652611486394916e-13
2025-03-17 00:00:00,3,0,2.882203337687179e-13
2025-03-17 01:00:00,3,0,3.1773138967832677e-13
2025-03-17 02:00:00,3,0,3.5698551162598403e-13
2025-03-17 03:00:00,3,0,4.0555369690228443e-13
2025-03-17 04:00:00,3,0,4.61825785933569e-13
2025-03-17 05:00:00,3,0,5.225097899555637e-13
2025-03-17 06:00:00,3,0,5.94357801345961e-13
2025-03-17 07:00:00,3,0,6.885418930978794e-13
2025-03-17 08:00:00,3,0,1.1605526530176657e-11
2025-03-17 09:00:00,3,0,1.2568850442972445e-08
2025-03-17 10:00:00,3,0,7.198053570761686e-05
2025-03-17 11:00:00,3,0,0.09775093808947513
2025-03-17 12:00:00,3,1,0.9836660522997789
2025-03-17 13:00:00,3,1,0.9952635107846852
2025-03-17 14:00:00,3,1,0.9970474913843691
2025-03-17 15:00:00,3,1,0.9841490027598468
2025-03-17 16:00:00,3,1,0.051398569518482054
2025-03-17 17:00:00,3,0,6.696646282831172e-05
2025-03-17 18:00:00,3,0,9.488432399086496e-09
2025-03-17 19:00:00,3,0,4.0862735598583496e-12
2025-03-17 20:00:00,3,0,3.0139301388269844e-13
2025-03-17 21:00:00,3,0,2.8718864391264685e-13
2025-03-17 22:00:00,3,0,2.8504726053605095e-13
2025-03-17 23:00:00,3,0,2.938273768449115e-13
2025-03-18 00:00:00,3,0,3.208362742397698e-13
2025-03-18 01:00:00,3,0,3.5512390684243327e-13
2025-03-18 02:00:00,3,0,4.3711079088483043e-13
2025-03-18 03:00:00,3,0,4.616282542578194e-13
2025-03-18 04:00:00,3,0,5.182733833247193e-13
2025-03-18 05:00:00,3,0,5.923487953430904e-13
2025-03-18 06:00:00,3,0,6.549444482460512e-13
2025-03-18 07:00:00,3,0,7.110691335581492e-13
2025-03-18 08:00:00,3,0,1.5546654164372948e-11
2025-03-18 09:00:00,3,0,1.718983597366625e-08
2025-03-18 10:00:00,3,0,2.567774094850524e-05
2025-03-18 11:00:00,3,0,0.007682451592892541
2025-03-18 12:00:00,3,1,0.0435880923832089
2025-03-18 13:00:00,3,0,0.02243227739149053
2025-03-18 14:00:00,3,0,0.0005048065166688257
2025-03-18 15:00:00,3,0,0.0003930848106373262
2025-03-18 16:00:00,3,0,4.513514148774967e-05
2025-03-18 17:00:00,3,0,2.468365173667729e-07
2025-03-18 18:00:00,3,0,1.0349927932829632e-09
2025-03-18 19:00:00,3,0,2.4759464832967812e-12
2025-03-18 20:00:00,3,0,2.9731414049083315e-13
2025-03-18 21:00:00,3,0,2.8101387693092697e-13
2025-03-18 22:00:00,3,0,2.9318205813868926e-13
2025-03-18 23:00:00,3,0,3.0927846524234015e-13
2025-03-19 00:00:00,3,0,3.4305400596285274e-13
2025-03-19 01:00:00,3,0,3.8985674329653797e-13
2025-03-19 02:00:00,3,0,4.469924819916186e-13
2025-03-19 03:00:00,3,0,5.088367416219682e-13
2025-03-19 04:00:00,3,0,5.037973125018169e-13
2025-03-19 05:00:00,3,0,6.489663526488275e-13
2025-03-19 06:00:00,3,0,7.204603351733486e-13
2025-03-19 07:00:00,3,0,7.587704125583679e-13
2025-03-19 08:00:00,3,0,2.1078741151505884e-11
2025-03-19 09:00:00,3,0,5.084009575432308e-08
2025-03-19 10:00:00,3,0,0.00017277735809996398
2025-03-19 11:00:00,3,1,0.13863153857025695
2025-03-19 12:00:00,3,1,0.9666825547415074
2025-03-19 13:00:00,3,1,0.9976243842086865
2025-03-19 14:00:00,3,1,0.9978433709955744
2025-03-19 15:00:00,3,1,0.944405951321923
2025-03-19 16:00:00,3,0,0.10073778614971074
2025-03-19 17:00:00,3,0,9.968537416826745e-05
2025-03-19 18:00:00,3,0,9.93118005546676e-09
2025-03-19 19:00:00,3,0,4.731003692097325e-12
2025-03-19 20:00:00,3,0,3.150801038182071e-13
2025-03-19 21:00:00,3,0,3.129076617625043e-13
2025-03-19 22:00:00,3,0,3.209447855703027e-13
2025-03-19 23:00:00,3,0,3.037029233901516e-13
2025-03-20 00:00:00,3,0,3.4526729213743846e-13
2025-03-20 01:00:00,3,0,3.9157731500890514e-13
2025-03-20 02:00:00,3,0,4.4805592257443854e-13
2025-03-20 03:00:00,3,0,5.131589130030067e-13
2025-03-20 04:00:00,3,0,5.831781177815334e-13
2025-03-20 05:00:00,3,0,6.638330701476971e-13
2025-03-20 06:00:00,3,0,7.399591066195804e-13
2025-03-20 07:00:00,3,0,8.001181852342269e-13
2025-03-20 08:00:00,3,0,1.6249420601246846e-11
2025-03-20 09:00:00,3,0,1.2556123395347675e-08
2025-03-20 10:00:00,3,0,7.526863291220284e-05
2025-03-20 11:00:00,3,0,0.0775119600269616
2025-03-20 12:00:00,3,0,0.5072546053059541
2025-03-20 13:00:00,3,1,0.40124212366332396
2025-03-20 14:00:00,3,1,0.019467085003152775
2025-03-20 15:00:00,3,1,0.06809520847010785
2025-03-20 16:00:00,3,0,0.02398962820636143
2025-03-20 17:00:00,3,0,6.305054745051807e-05
2025-03-20 18:00:00,3,0,1.179894821470526e-08
2025-03-20 19:00:00,3,0,5.518550084423674e-12
2025-03-20 20:00:00,3,0,3.3359971692058193e-13
2025-03-20 21:00:00,3,0,3.243877571337413e-13
2025-03-20 22:00:00,3,0,3.2498601881011225e-13
2025-03-20 23:00:00,3,0,3.0479631361200854e-13
2025-03-21 00:00:00,3,0,3.385545672973512e-13
2025-03-21 01:00:00,3,0,3.982348128510672e-13
2025-03-21 02:00:00,3,0,4.593839319701617e-13
2025-03-21 03:00:00,3,0,5.218835102282714e-13
2025-03-21 04:00:00,3,0,5.942967950185136e-13
2025-03-21 05:00:00,3,0,6.723875170994681e-13
2025-03-21 06:00:00,3,0,7.494945473933403e-13
2025-03-21 07:00:00,3,0,8.4048311531525e-13
2025-03-21 08:00:00,3,0,3.075408387519062e-11
2025-03-21 09:00:00,3,0,3.656515189427266e-08
2025-03-21 10:00:00,3,0,0.00036669521992494745
2025-03-21 11:00:00,3,1,0.15118059285893284
2025-03-21 12:00:00,3,1,0.9816404823662663
2025-03-21 13:00:00,3,1,0.9985130452509473
2025-03-21 14:00:00,3,1,0.9795163447271824
2025-03-21 15:00:00,3,1,0.8856470675438821
2025-03-21 16:00:00,3,1,0.024587288633562118
2025-03-21 17:00:00,3,0,2.633649857305074e-05
2025-03-21 18:00:00,3,0,9.095545642703163e-09
2025-03-21 19:00:00,3,0,5.853928860404507e-12
2025-03-21 20:00:00,3,0,3.3313720810441497e-13
2025-03-21 21:00:00,3,0,3.2883417703486205e-13
2025-03-21 22:00:00,3,0,3.3145042623824607e-13
2025-03-21 23:00:00,3,0,3.4472087556433253e-13
2025-03-22 00:00:00,3,0,3.7578145567821784e-13
2025-03-22 01:00:00,3,0,4.134189502817827e-13
2025-03-22 02:00:00,3,0,4.654374431558677e-13
2025-03-22 03:00:00,3,0,5.287606068068418e-13
2025-03-22 04:00:00,3,0,6.021281144136966e-13
2025-03-22 05:00:00,3,0,6.812478734868444e-13
2025-03-22 06:00:00,3,0,7.593709782184494e-13
2025-03-22 07:00:00,3,0,8.515585439183697e-13
2025-03-22 08:00:00,3,0,3.108246766023176e-11
2025-03-22 09:00:00,3,0,6.064773566751798e-08
2025-03-22 10:00:00,3,0,0.0004889087821084236
2025-03-22 11:00:00,3,1,0.5451591363023165
2025-03-22 12:00:00,3,1,0.9913437996161806
2025-03-22 13:00:00,3,1,0.9991365162148659
2025-03-22 14:00:00,3,1,0.9992881079449513
2025-03-22 15:00:00,3,1,0.9669608428445131
2025-03-22 16:00:00,3,0,0.1011683529402196
2025-03-22 17:00:00,3,0,7.940969305992642e-05
2025-03-22 18:00:00,3,0,1.4410439759611334e-08
2025-03-22 19:00:00,3,0,6.747777379185763e-12
2025-03-22 20:00:00,3,0,3.371164346362456e-13
2025-03-22 21:00:00,3,0,3.331673746728076e-13
2025-03-22 22:00:00,3,0,3.3581809938287585e-13
2025-03-22 23:00:00,3,0,3.4997221938303974e-13
2025-03-23 00:00:00,3,0,3.8084121206217444e-13
2025-03-23 01:00:00,3,0,4.198357762377459e-13
2025-03-23 02:00:00,3,0,4.71704383790524e-13
2025-03-23 03:00:00,3,0,5.358801700940899e-13
2025-03-23 04:00:00,3,0,6.102355436783078e-13
2025-03-23 05:00:00,3,0,6.89022309413835e-13
2025-03-23 06:00:00,3,0,7.695956236786575e-13
2025-03-23 07:00:00,3,0,8.553673198332932e-13
2025-03-23 08:00:00,3,0,4.170274430267062e-11
2025-03-23 09:00:00,3,0,8.871495464030682e-08
2025-03-23 10:00:00,3,0,0.0007099565517457836
2025-03-23 11:00:00,3,1,0.5719148039570925
2025-03-23 12:00:00,3,1,0.9915946427472673
2025-03-23 13:00:00,3,1,0.9997141417886541
2025-03-23 14:00:00,3,1,0.9995969640049632
2025-03-23 15:00:00,3,1,0.9856788572267797
2025-03-23 16:00:00,3,1,0.2093776612728651
2025-03-23 17:00:00,3,0,0.00013145922064406856
2025-03-23 18:00:00,3,0,1.2881093539437668e-08
2025-03-23 19:00:00,3,0,6.792726604995047e-12
2025-03-23 20:00:00,3,0,3.4653875388262155e-13
2025-03-23 21:00:00,3,0,3.051037608659227e-13
2025-03-23 22:00:00,3,0,3.369072397634543e-13
2025-03-23 23:00:00,3,0,3.454586375778654e-13
2025-03-24 00:00:00,3,0,3.152295275298316e-13
2025-03-24 01:00:00,3,0,4.162212281050454e-13
2025-03-24 02:00:00,3,0,4.743271506475487e-13
2025-03-24 03:00:00,3,0,5.432473777727377e-13
2025-03-24 04:00:00,3,0,5.601243102816504e-13
2025-03-24 05:00:00,3,0,6.999124294071595e-13
2025-03-24 06:00:00,3,0,7.801759196191145e-13
2025-03-24 07:00:00,3,0,8.774934414104981e-13
2025-03-24 08:00:00,3,0,5.409926384784037e-11
2025-03-24 09:00:00,3,0,1.2003438015391658e-07
2025-03-24 10:00:00,3,0,0.00045815748943395766
2025-03-24 11:00:00,3,0,0.5441409818203257
2025-03-24 12:00:00,3,1,0.9812264432866195
2025-03-24 13:00:00,3,1,0.9959303441908307
2025-03-24 14:00:00,3,1,0.9864005575723988
2025-03-24 15:00:00,3,1,0.8665567575800112
2025-03-24 16:00:00,3,0,0.043765357323646746
2025-03-24 17:00:00,3,0,4.278254563175214e-05
2025-03-24 18:00:00,3,0,1.1713383171989674e-08
2025-03-24 19:00:00,3,0,6.861804166384199e-12
2025-03-24 20:00:00,3,0,3.366602887445591e-13
2025-03-24 21:00:00,3,0,3.422953607369395e-13
2025-03-24 22:00:00,3,0,3.4501870893914023e-13
2025-03-24 23:00:00,3,0,3.1683360748133956e-13
2025-03-25 00:00:00,3,0,3.2553723940423895e-13
2025-03-25 01:00:00,3,0,3.9394700370885465e-13
2025-03-25 02:00:00,3,0,4.732425434356622e-13
2025-03-25 03:00:00,3,0,5.49751880931522e-13
2025-03-25 04:00:00,3,0,5.421046935955173e-13
2025-03-25 05:00:00,3,0,6.55775113627843e-13
2025-03-25 06:00:00,3,0,7.03355417577131e-13
2025-03-25 07:00:00,3,0,8.6315021773963e-13
2025-03-25 08:00:00,3,0,6.172892526138899e-11
2025-03-25 09:00:00,3,0,1.1042957420720422e-07
2025-03-25 10:00:00,3,0,0.0010498314565942832
2025-03-25 11:00:00,3,1,0.6380968724124412
2025-03-25 12:00:00,3,1,0.9939197182034137
2025-03-25 13:00:00,3,1,0.9998532014182894
2025-03-25 14:00:00,3,1,0.9995325968750601
2025-03-25 15:00:00,3,1,0.9645266121081856
2025-03-25 16:00:00,3,1,0.03523398560889278
2025-03-25 17:00:00,3,0,1.8429518516546688e-05
2025-03-25 18:00:00,3,0,9.506743310290758e-09
2025-03-25 19:00:00,3,0,6.33512168090419e-12
2025-03-25 20:00:00,3,0,3.190319666054736e-13
2025-03-25 21:00:00,3,0,3.027661668601752e-13
2025-03-25 22:00:00,3,0,2.8558911190655606e-13
2025-03-25 23:00:00,3,0,3.148299914280299e-13
2025-03-26 00:00:00,3,0,3.2422299595912317e-13
2025-03-26 01:00:00,3,0,3.5742038642709805e-13
2025-03-26 02:00:00,3,0,4.01577885154535e-13
2025-03-26 03:00:00,3,0,4.562129011253896e-13
2025-03-26 04:00:00,3,0,5.195141438102333e-13
2025-03-26 05:00:00,3,0,5.877784100177425e-13
2025-03-26 06:00:00,3,0,6.551827661587291e-13
2025-03-26 07:00:00,3,0,7.524279470921219e-13
2025-03-26 08:00:00,3,0,1.784472377786231e-11
2025-03-26 09:00:00,3,0,2.056068115396868e-09
2025-03-26 10:00:00,3,0,1.0319181587175307e-06
2025-03-26 11:00:00,3,0,0.0005952238596454543
2025-03-26 12:00:00,3,1,0.2620331624815352
2025-03-26 13:00:00,3,1,0.9625336119258002
2025-03-26 14:00:00,3,1,0.985414665307087
2025-03-26 15:00:00,3,1,0.06445180251026446
2025-03-26 16:00:00,3,1,0.010375850711320559
2025-03-26 17:00:00,3,0,2.846364273489562e-05
2025-03-26 18:00:00,3,0,1.5359895427751178e-08
2025-03-26 19:00:00,3,0,6.4107698190169926e-12
2025-03-26 20:00:00,3,0,2.9593853383137266e-13
2025-03-26 21:00:00,3,0,2.873871737703861e-13
2025-03-26 22:00:00,3,0,2.9901225071875643e-13
2025-03-26 23:00:00,3,0,3.018828813157811e-13
2025-03-27 00:00:00,3,0,3.289479397527133e-13
2025-03-27 01:00:00,3,0,3.62629120099907e-13
2025-03-27 02:00:00,3,0,4.1074759041946285e-13
2025-03-27 03:00:00,3,0,4.628613509349141e-13
2025-03-27 04:00:00,3,0,5.270850908438221e-13
2025-03-27 05:00:00,3,0,5.963441810612284e-13
2025-03-27 06:00:00,3,0,6.647308296311247e-13
2025-03-27 07:00:00,3,0,7.698247236198991e-13
2025-03-27 08:00:00,3,0,1.1219605247583259e-11
2025-03-27 09:00:00,3,0,9.177048222635073e-10
2025-03-27 10:00:00,3,0,1.1646643037865487e-06
2025-03-27 11:00:00,3,0,0.0028665854057305265
2025-03-27 12:00:00,3,0,0.8263121208140701
2025-03-27 13:00:00,3,1,0.9997782694581755
2025-03-27 14:00:00,3,1,0.9998547648295533
2025-03-27 15:00:00,3,1,0.9823259623628869
2025-03-27 16:00:00,3,0,0.04801838436124206
2025-03-27 17:00:00,3,0,1.2781193861623298e-05
2025-03-27 18:00:00,3,0,6.543850552922264e-09
2025-03-27 19:00:00,3,0,7.1568428401733165e-12
2025-03-27 20:00:00,3,0,3.2434118970545495e-13
2025-03-27 21:00:00,3,0,3.013580251691713e-13
2025-03-27 22:00:00,3,0,3.0246197425469677e-13
2025-03-27 23:00:00,3,0,3.374905491735405e-13
2025-03-28 00:00:00,3,0,3.8629447375042814e-13
2025-03-28 01:00:00,3,0,4.301860774224049e-13
2025-03-28 02:00:00,3,0,4.717166210595363e-13
2025-03-28 03:00:00,3,0,5.315658510841059e-13
2025-03-28 04:00:00,3,0,5.980039691082585e-13
2025-03-28 05:00:00,3,0,6.684016303262588e-13
2025-03-28 06:00:00,3,0,6.954250912209949e-13
2025-03-28 07:00:00,3,0,8.925210116193553e-13
2025-03-28 08:00:00,3,0,4.612132332328299e-11
2025-03-28 09:00:00,3,0,5.68574417257113e-08
2025-03-28 10:00:00,3,0,0.00014016257529256743
2025-03-28 11:00:00,3,1,0.5237830468054295
2025-03-28 12:00:00,3,1,0.9807170419464076
2025-03-28 13:00:00,3,1,0.9857757387777575
2025-03-28 14:00:00,3,1,0.9975462125135003
2025-03-28 15:00:00,3,1,0.9840171111190801
2025-03-28 16:00:00,3,1,0.1149836238663259
2025-03-28 17:00:00,3,0,5.6387652169116956e-05
2025-03-28 18:00:00,3,0,1.848653160444069e-08
2025-03-28 19:00:00,3,0,8.486196225544188e-12
2025-03-28 20:00:00,3,0,3.036889366205415e-13
2025-03-28 21:00:00,3,0,2.9590221925849903e-13
2025-03-28 22:00:00,3,0,3.056326020194058e-13
2025-03-28 23:00:00,3,0,3.7162441831368773e-13
2025-03-29 00:00:00,3,0,4.067023440061708e-13
2025-03-29 01:00:00,3,0,4.492547223800686e-13
2025-03-29 02:00:00,3,0,4.63557251567036e-13
2025-03-29 03:00:00,3,0,5.630625765991148e-13
2025-03-29 04:00:00,3,0,6.437947290780468e-13
2025-03-29 05:00:00,3,0,7.065723212654864e-13
2025-03-29 06:00:00,3,0,8.152174103587862e-13
2025-03-29 07:00:00,3,0,9.031193882232638e-13
2025-03-29 08:00:00,3,0,3.00368264748504e-11
2025-03-29 09:00:00,3,0,1.3710562099780215e-08
2025-03-29 10:00:00,3,0,0.0001108363798989364
2025-03-29 11:00:00,3,0,0.28274388692779345
2025-03-29 12:00:00,3,1,0.9907045768032182
2025-03-29 13:00:00,3,1,0.9989382019077168
2025-03-29 14:00:00,3,1,0.9979341604098426
2025-03-29 15:00:00,3,1,0.9053597787848359
2025-03-29 16:00:00,3,0,0.09500118516130421
2025-03-29 17:00:00,3,0,8.592505604893893e-05
2025-03-29 18:00:00,3,0,2.1910982939051054e-08
2025-03-29 19:00:00,3,0,1.0487463447736047e-11
2025-03-29 20:00:00,3,0,3.5794056888431705e-13
2025-03-29 21:00:00,3,0,3.6469925969186256e-13
2025-03-29 22:00:00,3,0,3.708942754855342e-13
2025-03-29 23:00:00,3,0,3.865267922922313e-13
2025-03-30 00:00:00,3,0,4.214066694926079e-13
2025-03-30 01:00:00,3,0,4.645547556163856e-13
2025-03-30 02:00:00,3,0,4.832473916759607e-13
2025-03-30 03:00:00,3,0,5.625134779969305e-13
2025-03-30 04:00:00,3,0,6.315379544433103e-13
2025-03-30 05:00:00,3,0,6.495814587915169e-13
2025-03-30 06:00:00,3,0,6.953013230690831e-13
2025-03-30 07:00:00,3,0,9.136564366203184e-13
2025-03-30 08:00:00,3,0,1.2256340297832608e-10
2025-03-30 09:00:00,3,0,1.3684113313635937e-07
2025-03-30 10:00:00,3,0,0.00041815915277630255
2025-03-30 11:00:00,3,0,0.028530495213922966
2025-03-30 12:00:00,3,1,0.9175412119245128
2025-03-30 13:00:00,3,1,0.9758521271976272
2025-03-30 14:00:00,3,1,0.9968987510178858
2025-03-30 15:00:00,3,1,0.9080249859985298
2025-03-30 16:00:00,3,1,0.15946846538013676
2025-03-30 17:00:00,3,0,0.0002556222366265427
2025-03-30 18:00:00,3,0,3.936260038819264e-08
2025-03-30 19:00:00,3,0,1.3069753582265448e-11
2025-03-30 20:00:00,3,0,3.8732654258671865e-13
2025-03-30 21:00:00,3,0,3.728619418287431e-13
2025-03-30 22:00:00,3,0,3.543692747638121e-13
2025-03-30 23:00:00,3,0,3.24979937454287e-13
2025-03-31 00:00:00,3,0,3.494481813486769e-13
2025-03-31 01:00:00,3,0,4.093854374608307e-13
2025-03-31 02:00:00,3,0,4.61831762497149e-13
2025-03-31 03:00:00,3,0,4.917071601737002e-13
2025-03-31 04:00:00,3,0,5.599333637712933e-13
2025-03-31 05:00:00,3,0,6.335087238617975e-13
2025-03-31 06:00:00,3,0,7.061572711949864e-13
2025-03-31 07:00:00,3,0,8.273183397142432e-13
2025-03-31 08:00:00,3,0,4.124943785018741e-12
2025-03-31 09:00:00,3,0,9.806989712395758e-11
2025-03-31 10:00:00,3,0,1.1019409126793457e-09
2025-03-31 11:00:00,3,0,6.147701294948761e-08
2025-03-31 12:00:00,3,0,8.07137538200837e-07
2025-03-31 13:00:00,3,0,3.854549618025061e-06
2025-03-31 14:00:00,3,0,7.978333305442644e-06
2025-03-31 15:00:00,3,0,1.2093380711003186e-07
2025-03-31 16:00:00,3,0,1.0256074620797893e-08
2025-03-31 17:00:00,3,0,1.6417957604295514e-09
2025-03-31 18:00:00,3,0,1.3306233486192506e-10
2025-03-31 19:00:00,3,0,2.2888733015146356e-12
2025-03-31 20:00:00,3,0,3.359012517558567e-13
2025-03-31 21:00:00,3,0,3.2784920589548264e-13
2025-03-31 22:00:00,3,0,3.350747076279981e-13
2025-03-31 23:00:00,3,0,3.5707240575788745e-13
2025-04-01 00:00:00,4,0,2.6398643482906512e-11
2025-04-01 01:00:00,4,0,2.7757111180626538e-11
2025-04-01 02:00:00,4,0,3.0717167186887466e-11
2025-04-01 03:00:00,4,0,3.552599815461907e-11
2025-04-01 04:00:00,4,0,4.2491086637163e-11
2025-04-01 05:00:00,4,0,5.198650095792179e-11
2025-04-01 06:00:00,4,0,6.413020565745759e-11
2025-04-01 07:00:00,4,0,9.938319368782063e-11
2025-04-01 08:00:00,4,0,5.442868459695212e-09
2025-04-01 09:00:00,4,0,2.2204093525096894e-06
2025-04-01 10:00:00,4,0,0.0012371763060098544
2025-04-01 11:00:00,4,0,0.2771237399326851
2025-04-01 12:00:00,4,1,0.9786505651993472
2025-04-01 13:00:00,4,1,0.9990720069217595
2025-04-01 14:00:00,4,1,0.9992938272670274
2025-04-01 15:00:00,4,1,0.9930527773480229
2025-04-01 16:00:00,4,0,0.623452737965787
2025-04-01 17:00:00,4,0,0.0017536832562957676
2025-04-01 18:00:00,4,0,9.600527286284694e-07
2025-04-01 19:00:00,4,0,8.296491000499908e-10
2025-04-01 20:00:00,4,0,3.727770251275745e-11
2025-04-01 21:00:00,4,0,3.126498403678608e-11
2025-04-01 22:00:00,4,0,2.8043803840903354e-11
2025-04-01 23:00:00,4,0,2.6451370728355405e-11
2025-04-02 00:00:00,4,0,2.672307038127383e-11
2025-04-02 01:00:00,4,0,2.809961014839835e-11
2025-04-02 02:00:00,4,0,3.1093098100758855e-11
2025-04-02 03:00:00,4,0,3.5961915617523316e-11
2025-04-02 04:00:00,4,0,4.304208073718415e-11
2025-04-02 05:00:00,4,0,5.2661288970072835e-11
2025-04-02 06:00:00,4,0,6.496466799281991e-11
2025-04-02 07:00:00,4,0,1.000127971336584e-10
2025-04-02 08:00:00,4,0,3.7015878691209718e-09
2025-04-02 09:00:00,4,0,2.0080543830211425e-06
2025-04-02 10:00:00,4,0,0.0012415227392121237
2025-04-02 11:00:00,4,1,0.5087277643741294
2025-04-02 12:00:00,4,1,0.9850191228068721
2025-04-02 13:00:00,4,1,0.9987588467229361
2025-04-02 14:00:00,4,1,0.999270377930594
2025-04-02 15:00:00,4,1,0.9910365339258022
2025-04-02 16:00:00,4,1,0.3139814481837956
2025-04-02 17:00:00,4,0,0.0016462000071862809
2025-04-02 18:00:00,4,0,1.0361158825023188e-06
2025-04-02 19:00:00,4,0,8.379356193916643e-10
2025-04-02 20:00:00,4,0,3.823726757207583e-11
2025-04-02 21:00:00,4,0,3.1720133314703346e-11
2025-04-02 22:00:00,4,0,2.84512524687483e-11
2025-04-02 23:00:00,4,0,2.6834706120697505e-11
2025-04-03 00:00:00,4,0,2.711112791569717e-11
2025-04-03 01:00:00,4,0,2.8506080129021366e-11
2025-04-03 02:00:00,4,0,3.154501258109561e-11
2025-04-03 03:00:00,4,0,3.6482179000580116e-11
2025-04-03 04:00:00,4,0,4.366966139812686e-11
2025-04-03 05:00:00,4,0,5.343367236846338e-11
2025-04-03 06:00:00,4,0,6.59150111342574e-11
2025-04-03 07:00:00,4,0,1.1142052490949801e-10
2025-04-03 08:00:00,4,0,1.0738822907172333e-08
2025-04-03 09:00:00,4,0,1.566075770493369e-05
2025-04-03 10:00:00,4,0,0.020571097546273117
2025-04-03 11:00:00,4,1,0.8852151517327754
2025-04-03 12:00:00,4,1,0.9990409674432565
2025-04-03 13:00:00,4,1,0.9998877793291582
2025-04-03 14:00:00,4,1,0.9996760695908841
2025-04-03 15:00:00,4,1,0.9940034879965183
2025-04-03 16:00:00,4,0,0.5278932361058151
2025-04-03 17:00:00,4,0,0.0017338608004257427
2025-04-03 18:00:00,4,0,7.983198557882389e-07
2025-04-03 19:00:00,4,0,8.315597234332777e-10
2025-04-03 20:00:00,4,0,3.880264778201756e-11
2025-04-03 21:00:00,4,0,3.2180603496355076e-11
2025-04-03 22:00:00,4,0,2.8865088524335248e-11
2025-04-03 23:00:00,4,0,2.722241057465263e-11
2025-04-04 00:00:00,4,0,2.7500770444233542e-11
2025-04-04 01:00:00,4,0,2.8914950460290876e-11
2025-04-04 02:00:00,4,0,3.199414203722264e-11
2025-04-04 03:00:00,4,0,3.700335252577562e-11
2025-04-04 04:00:00,4,0,4.428855525662037e-11
2025-04-04 05:00:00,4,0,5.4185817824714275e-11
2025-04-04 06:00:00,4,0,6.684621910812843e-11
2025-04-04 07:00:00,4,0,1.128546301505668e-10
2025-04-04 08:00:00,4,0,6.9955407772760436e-09
2025-04-04 09:00:00,4,0,4.524191061264754e-06
2025-04-04 10:00:00,4,0,0.005609643749668963
2025-04-04 11:00:00,4,1,0.7101708417784508
2025-04-04 12:00:00,4,1,0.997141509797621
2025-04-04 13:00:00,4,1,0.9998995374013985
2025-04-04 14:00:00,4,1,0.9998352397258261
2025-04-04 15:00:00,4,1,0.9975550726445036
2025-04-04 16:00:00,4,1,0.631026861736148
2025-04-04 17:00:00,4,0,0.001976518593590218
2025-04-04 18:00:00,4,0,3.7717068980463365e-07
2025-04-04 19:00:00,4,0,5.006737787749296e-10
2025-04-04 20:00:00,4,0,3.930756539558961e-11
2025-04-04 21:00:00,4,0,3.263374444212826e-11
2025-04-04 22:00:00,4,0,2.927333876912022e-11
2025-04-04 23:00:00,4,0,2.7610692414857548e-11
2025-04-05 00:00:00,4,0,2.7892666929126924e-11
2025-04-05 01:00:00,4,0,2.932820164683128e-11
2025-04-05 02:00:00,4,0,3.245477756825074e-11
2025-04-05 03:00:00,4,0,3.7534569625071786e-11
2025-04-05 04:00:00,4,0,4.492180859245545e-11
2025-04-05 05:00:00,4,0,5.4963358392730436e-11
2025-04-05 06:00:00,4,0,6.780255375639164e-11
2025-04-05 07:00:00,4,0,1.2628421156454974e-10
2025-04-05 08:00:00,4,0,1.2403860165332824e-08
2025-04-05 09:00:00,4,0,1.5896806997382047e-05
2025-04-05 10:00:00,4,0,0.012984502330467183
2025-04-05 11:00:00,4,1,0.7835310432712369
2025-04-05 12:00:00,4,1,0.9983238297435094
2025-04-05 13:00:00,4,1,0.9999313025070093
2025-04-05 14:00:00,4,1,0.9998979641147918
2025-04-05 15:00:00,4,1,0.995962436176032
2025-04-05 16:00:00,4,0,0.7318979848847181
2025-04-05 17:00:00,4,0,0.0014220185147308443
2025-04-05 18:00:00,4,0,7.361771824543871e-07
2025-04-05 19:00:00,4,0,1.0122077641572513e-09
2025-04-05 20:00:00,4,0,4.074829278195952e-11
2025-04-05 21:00:00,4,0,3.3105828156321237e-11
2025-04-05 22:00:00,4,0,2.9699343048154055e-11
2025-04-05 23:00:00,4,0,2.801347236871111e-11
2025-04-06 00:00:00,4,0,2.8297741997350683e-11
2025-04-06 01:00:00,4,0,2.975440590680445e-11
2025-04-06 02:00:00,4,0,3.292506837917212e-11
2025-04-06 03:00:00,4,0,3.807726934054799e-11
2025-04-06 04:00:00,4,0,4.556722267921705e-11
2025-04-06 05:00:00,4,0,5.5750056139761905e-11
2025-04-06 06:00:00,4,0,6.878320378410839e-11
2025-04-06 07:00:00,4,0,1.3577789071476905e-10
2025-04-06 08:00:00,4,0,1.9809024601989697e-08
2025-04-06 09:00:00,4,0,3.086185390093527e-05
2025-04-06 10:00:00,4,0,0.08125554298965679
2025-04-06 11:00:00,4,1,0.9883131076946803
2025-04-06 12:00:00,4,1,0.9999103172368414
2025-04-06 13:00:00,4,1,0.9999797518639489
2025-04-06 14:00:00,4,1,0.9999734087886932
2025-04-06 15:00:00,4,1,0.9903782222820292
2025-04-06 16:00:00,4,0,0.035983786562729776
2025-04-06 17:00:00,4,0,1.982368829214082e-05
2025-04-06 18:00:00,4,0,1.0992541577650864e-07
2025-04-06 19:00:00,4,0,5.96828116769901e-10
2025-04-06 20:00:00,4,0,4.150712583260098e-11
2025-04-06 21:00:00,4,0,3.357317017601758e-11
2025-04-06 22:00:00,4,0,3.011484598577165e-11
2025-04-06 23:00:00,4,0,2.8403866957164936e-11
2025-04-07 00:00:00,4,0,2.8690586645186563e-11
2025-04-07 01:00:00,4,0,3.016908978817543e-11
2025-04-07 02:00:00,4,0,3.338546306018752e-11
2025-04-07 03:00:00,4,0,3.860831324426246e-11
2025-04-07 04:00:00,4,0,4.621408312758554e-11
2025-04-07 05:00:00,4,0,5.65356837437851e-11
2025-04-07 06:00:00,4,0,6.974512620974298e-11
2025-04-07 07:00:00,4,0,1.3118052791706256e-10
2025-04-07 08:00:00,4,0,5.8103245425106146e-09
2025-04-07 09:00:00,4,0,2.3453178167529005e-06
2025-04-07 10:00:00,4,0,0.002406359087891528
2025-04-07 11:00:00,4,1,0.6589331861693741
2025-04-07 12:00:00,4,1,0.9983916961972018
2025-04-07 13:00:00,4,1,0.9997518082876371
2025-04-07 14:00:00,4,1,0.9994914796465821
2025-04-07 15:00:00,4,1,0.999499161858514
2025-04-07 16:00:00,4,1,0.881567031037974
2025-04-07 17:00:00,4,0,0.008580341936301117
2025-04-07 18:00:00,4,0,1.3319843556050348e-06
2025-04-07 19:00:00,4,0,1.004773866663696e-09
2025-04-07 20:00:00,4,0,4.296956282161051e-11
2025-04-07 21:00:00,4,0,3.40506250457485e-11
2025-04-07 22:00:00,4,0,3.054311891298616e-11
2025-04-07 23:00:00,4,0,2.8807716670466048e-11
2025-04-08 00:00:00,4,0,2.9097041951066196e-11
2025-04-08 01:00:00,4,0,3.059485088882218e-11
2025-04-08 02:00:00,4,0,3.3860565144285356e-11
2025-04-08 03:00:00,4,0,3.916051325639811e-11
2025-04-08 04:00:00,4,0,4.6869973442066296e-11
2025-04-08 05:00:00,4,0,5.73435689000756e-11
2025-04-08 06:00:00,4,0,7.074199506419824e-11
2025-04-08 07:00:00,4,0,1.397116952674528e-10
2025-04-08 08:00:00,4,0,9.708139357684305e-09
2025-04-08 09:00:00,4,0,4.221905818819578e-06
2025-04-08 10:00:00,4,0,0.002469188557248869
2025-04-08 11:00:00,4,1,0.9267428108123515
2025-04-08 12:00:00,4,1,0.9996524698683484
2025-04-08 13:00:00,4,1,0.999981167476241
2025-04-08 14:00:00,4,1,0.9999828646294745
2025-04-08 15:00:00,4,1,0.9997099248858307
2025-04-08 16:00:00,4,1,0.9500252225463118
2025-04-08 17:00:00,4,0,0.015664908611023102
2025-04-08 18:00:00,4,0,4.022321216183603e-06
2025-04-08 19:00:00,4,0,1.7986614927472878e-09
2025-04-08 20:00:00,4,0,4.3821521957956817e-11
2025-04-08 21:00:00,4,0,3.453654923507132e-11
2025-04-08 22:00:00,4,0,3.0980649278824353e-11
2025-04-08 23:00:00,4,0,2.922282921466138e-11
2025-04-09 00:00:00,4,0,2.9512056280044576e-11
2025-04-09 01:00:00,4,0,3.1031522155054044e-11
2025-04-09 02:00:00,4,0,3.434179472206404e-11
2025-04-09 03:00:00,4,0,3.971024159290697e-11
2025-04-09 04:00:00,4,0,4.752702669752267e-11
2025-04-09 05:00:00,4,0,5.815056452480332e-11
2025-04-09 06:00:00,4,0,7.173686808710592e-11
2025-04-09 07:00:00,4,0,1.5476799188559899e-10
2025-04-09 08:00:00,4,0,2.3974256939267836e-08
2025-04-09 09:00:00,4,0,8.359261802039758e-06
2025-04-09 10:00:00,4,0,0.0012972709335424464
2025-04-09 11:00:00,4,0,0.15255150250121877
2025-04-09 12:00:00,4,0,0.9749159762368153
2025-04-09 13:00:00,4,1,0.9990964137517476
2025-04-09 14:00:00,4,1,0.9996177678039235
2025-04-09 15:00:00,4,1,0.9951776031221478
2025-04-09 16:00:00,4,1,0.28188721197642375
2025-04-09 17:00:00,4,0,0.0003919987980731808
2025-04-09 18:00:00,4,0,1.2019724827994481e-06
2025-04-09 19:00:00,4,0,1.646992866599433e-09
2025-04-09 20:00:00,4,0,4.4538246800676264e-11
2025-04-09 21:00:00,4,0,3.502412782366189e-11
2025-04-09 22:00:00,4,0,3.1416045400996983e-11
2025-04-09 23:00:00,4,0,2.9631325405005084e-11
2025-04-10 00:00:00,4,0,2.9925428961718584e-11
2025-04-10 01:00:00,4,0,3.1465681801629925e-11
2025-04-10 02:00:00,4,0,3.481826060409878e-11
2025-04-10 03:00:00,4,0,4.0268744649512485e-11
2025-04-10 04:00:00,4,0,4.819577252446505e-11
2025-04-10 05:00:00,4,0,5.896879259548366e-11
2025-04-10 06:00:00,4,0,7.274672577844149e-11
2025-04-10 07:00:00,4,0,1.6607851587423696e-10
2025-04-10 08:00:00,4,0,2.366699782668838e-08
2025-04-10 09:00:00,4,0,4.091789884113e-05
2025-04-10 10:00:00,4,0,0.015924495278160082
2025-04-10 11:00:00,4,1,0.9574651387289331
2025-04-10 12:00:00,4,1,0.997060452713092
2025-04-10 13:00:00,4,1,0.9993052891970385
2025-04-10 14:00:00,4,1,0.9969048537756142
2025-04-10 15:00:00,4,1,0.9616361530233041
2025-04-10 16:00:00,4,1,0.25192054149369203
2025-04-10 17:00:00,4,0,0.0018581535146706453
2025-04-10 18:00:00,4,0,8.840099064810378e-07
2025-04-10 19:00:00,4,0,1.3521073349574277e-09
2025-04-10 20:00:00,4,0,4.532379580400226e-11
2025-04-10 21:00:00,4,0,3.55201391833371e-11
2025-04-10 22:00:00,4,0,3.18590000117482e-11
2025-04-10 23:00:00,4,0,3.004693709493773e-11
2025-04-11 00:00:00,4,0,3.0341436686443693e-11
2025-04-11 01:00:00,4,0,3.19025525318992e-11
2025-04-11 02:00:00,4,0,3.5301901277463463e-11
2025-04-11 03:00:00,4,0,4.083227313083942e-11
2025-04-11 04:00:00,4,0,4.887331516459514e-11
2025-04-11 05:00:00,4,0,5.980447787926267e-11
2025-04-11 06:00:00,4,0,7.377952812581195e-11
2025-04-11 07:00:00,4,0,1.9408951216083023e-10
2025-04-11 08:00:00,4,0,5.394896373386613e-08
2025-04-11 09:00:00,4,0,0.0001228772587241334
2025-04-11 10:00:00,4,0,0.2226142957074374
2025-04-11 11:00:00,4,1,0.9954320198905128
2025-04-11 12:00:00,4,1,0.9999420585867569
2025-04-11 13:00:00,4,1,0.9999910888110992
2025-04-11 14:00:00,4,1,0.9999833471342392
2025-04-11 15:00:00,4,1,0.9996890119063478
2025-04-11 16:00:00,4,1,0.9513400879945417
2025-04-11 17:00:00,4,0,0.017936773096181056
2025-04-11 18:00:00,4,0,5.048301235355708e-06
2025-04-11 19:00:00,4,0,1.9704275784366317e-09
2025-04-11 20:00:00,4,0,4.704375506794954e-11
2025-04-11 21:00:00,4,0,3.6008476342776743e-11
2025-04-11 22:00:00,4,0,3.2299294751137654e-11
2025-04-11 23:00:00,4,0,3.046410991940728e-11
2025-04-12 00:00:00,4,0,3.076218614391793e-11
2025-04-12 01:00:00,4,0,3.234891876677332e-11
2025-04-12 02:00:00,4,0,3.5794536769590296e-11
2025-04-12 03:00:00,4,0,4.13960207021804e-11
2025-04-12 04:00:00,4,0,4.9544956381053805e-11
2025-04-12 05:00:00,4,0,6.061783429542652e-11
2025-04-12 06:00:00,4,0,7.478106257017777e-11
2025-04-12 07:00:00,4,0,1.658340828750373e-10
2025-04-12 08:00:00,4,0,6.764186888400847e-09
2025-04-12 09:00:00,4,0,1.7808248621235598e-06
2025-04-12 10:00:00,4,0,0.0016265656471497526
2025-04-12 11:00:00,4,0,0.550038246730097
2025-04-12 12:00:00,4,0,0.9902707685729343
2025-04-12 13:00:00,4,1,0.9984371577218567
2025-04-12 14:00:00,4,0,0.9952982192414711
2025-04-12 15:00:00,4,0,0.4678945439660829
2025-04-12 16:00:00,4,0,0.008509370066758238
2025-04-12 17:00:00,4,0,0.0002605856107727273
2025-04-12 18:00:00,4,0,9.122646409500072e-07
2025-04-12 19:00:00,4,0,1.5892995972172182e-09
2025-04-12 20:00:00,4,0,4.7651514067619734e-11
2025-04-12 21:00:00,4,0,3.651925669151563e-11
2025-04-12 22:00:00,4,0,3.27585964820295e-11
2025-04-12 23:00:00,4,0,3.08980943501133e-11
2025-04-13 00:00:00,4,0,3.119809761037441e-11
2025-04-13 01:00:00,4,0,3.28040611829013e-11
2025-04-13 02:00:00,4,0,3.630004165842679e-11
2025-04-13 03:00:00,4,0,4.1982617506618604e-11
2025-04-13 04:00:00,4,0,5.024702659446891e-11
2025-04-13 05:00:00,4,0,6.147661741828181e-11
2025-04-13 06:00:00,4,0,7.584049854623966e-11
2025-04-13 07:00:00,4,0,2.144422452612627e-10
2025-04-13 08:00:00,4,0,5.51034914520849e-08
2025-04-13 09:00:00,4,0,0.00012411142309277627
2025-04-13 10:00:00,4,0,0.25457991698831695
2025-04-13 11:00:00,4,1,0.9959147193663505
2025-04-13 12:00:00,4,1,0.9999647152304436
2025-04-13 13:00:00,4,1,0.9999964134838614
2025-04-13 14:00:00,4,1,0.999995393499598
2025-04-13 15:00:00,4,1,0.9998779368505315
2025-04-13 16:00:00,4,1,0.9763184035821045
2025-04-13 17:00:00,4,0,0.026290680001103864
2025-04-13 18:00:00,4,0,5.919307232352024e-06
2025-04-13 19:00:00,4,0,2.238216566830223e-09
2025-04-13 20:00:00,4,0,5.001334304855638e-11
2025-04-13 21:00:00,4,0,3.7016964297520314e-11
2025-04-13 22:00:00,4,0,3.320641247930292e-11
2025-04-13 23:00:00,4,0,3.1319588184365856e-11
2025-04-14 00:00:00,4,0,3.162713764342125e-11
2025-04-14 01:00:00,4,0,3.3255186622334494e-11
2025-04-14 02:00:00,4,0,3.679924424658312e-11
2025-04-14 03:00:00,4,0,4.25599675690226e-11
2025-04-14 04:00:00,4,0,5.0938029815864427e-11
2025-04-14 05:00:00,4,0,6.232224783819515e-11
2025-04-14 06:00:00,4,0,7.688370871824381e-11
2025-04-14 07:00:00,4,0,2.4643154784184574e-10
2025-04-14 08:00:00,4,0,1.010552676496953e-07
2025-04-14 09:00:00,4,0,0.00029031107605720266
2025-04-14 10:00:00,4,0,0.4781299760857328
2025-04-14 11:00:00,4,1,0.9989189511759596
2025-04-14 12:00:00,4,1,0.9999894300075156
2025-04-14 13:00:00,4,1,0.9999986424467322
2025-04-14 14:00:00,4,1,0.9999975112563689
2025-04-14 15:00:00,4,1,0.9999321452954231
2025-04-14 16:00:00,4,1,0.9826211312850269
2025-04-14 17:00:00,4,0,0.03457230124894946
2025-04-14 18:00:00,4,0,5.6824475609906564e-06
2025-04-14 19:00:00,4,0,2.72840731357475e-09
2025-04-14 20:00:00,4,0,5.22525676594586e-11
2025-04-14 21:00:00,4,0,3.753578895001479e-11
2025-04-14 22:00:00,4,0,3.366928107349413e-11
2025-04-14 23:00:00,4,0,3.175625621034021e-11
2025-04-15 00:00:00,4,0,3.205943465155156e-11
2025-04-15 01:00:00,4,0,3.37097366939758e-11
2025-04-15 02:00:00,4,0,3.730223643539664e-11
2025-04-15 03:00:00,4,0,4.314170047363891e-11
2025-04-15 04:00:00,4,0,5.163427865561992e-11
2025-04-15 05:00:00,4,0,6.317410239371397e-11
2025-04-15 06:00:00,4,0,7.793459728192158e-11
2025-04-15 07:00:00,4,0,2.616770582719219e-10
2025-04-15 08:00:00,4,0,7.75634113785987e-08
2025-04-15 09:00:00,4,0,0.00024271821752558923
2025-04-15 10:00:00,4,0,0.39121924913896405
2025-04-15 11:00:00,4,1,0.9982790385794003
2025-04-15 12:00:00,4,1,0.999983205360156
2025-04-15 13:00:00,4,1,0.9999979312317234
2025-04-15 14:00:00,4,1,0.9999961039699069
2025-04-15 15:00:00,4,1,0.9998649640642543
2025-04-15 16:00:00,4,1,0.9701630264391595
2025-04-15 17:00:00,4,0,0.02800352455785435
2025-04-15 18:00:00,4,0,7.4610046425852616e-06
2025-04-15 19:00:00,4,0,2.9071031125418185e-09
2025-04-15 20:00:00,4,0,5.273338101950295e-11
2025-04-15 21:00:00,4,0,3.804644937542775e-11
2025-04-15 22:00:00,4,0,3.412884556578116e-11
2025-04-15 23:00:00,4,0,3.219031808163331e-11
2025-04-16 00:00:00,4,0,3.249483084424386e-11
2025-04-16 01:00:00,4,0,3.4167545484826766e-11
2025-04-16 02:00:00,4,0,3.78088346302593e-11
2025-04-16 03:00:00,4,0,4.3727603885113266e-11
2025-04-16 04:00:00,4,0,5.233551897950492e-11
2025-04-16 05:00:00,4,0,6.403206398776778e-11
2025-04-16 06:00:00,4,0,7.89930197807206e-11
2025-04-16 07:00:00,4,0,2.8300641628134334e-10
2025-04-16 08:00:00,4,0,1.0755550688718958e-07
2025-04-16 09:00:00,4,0,0.00024314994890412456
2025-04-16 10:00:00,4,0,0.38360986691498794
2025-04-16 11:00:00,4,1,0.9980920873499972
2025-04-16 12:00:00,4,1,0.999979795469362
2025-04-16 13:00:00,4,1,0.9999973653603358
2025-04-16 14:00:00,4,1,0.9999951393789037
2025-04-16 15:00:00,4,1,0.9998821489730415
2025-04-16 16:00:00,4,1,0.9735402348946793
2025-04-16 17:00:00,4,0,0.027247332390640755
2025-04-16 18:00:00,4,0,7.764851193969115e-06
2025-04-16 19:00:00,4,0,3.546607196591504e-09
2025-04-16 20:00:00,4,0,5.5054471100724235e-11
2025-04-16 21:00:00,4,0,3.856558650003169e-11
2025-04-16 22:00:00,4,0,3.459300065233726e-11
2025-04-16 23:00:00,4,0,3.262749178998556e-11
2025-04-17 00:00:00,4,0,3.293316105119996e-11
2025-04-17 01:00:00,4,0,3.46284393222284e-11
2025-04-17 02:00:00,4,0,3.831884664994325e-11
2025-04-17 03:00:00,4,0,4.4317455537282526e-11
2025-04-17 04:00:00,4,0,5.304148476756945e-11
2025-04-17 05:00:00,4,0,6.489580714720198e-11
2025-04-17 06:00:00,4,0,8.005857469537473e-11
2025-04-17 07:00:00,4,0,3.086589873035296e-10
2025-04-17 08:00:00,4,0,1.1500848581270643e-07
2025-04-17 09:00:00,4,0,0.0002468229192759005
2025-04-17 10:00:00,4,0,0.4453406163977373
2025-04-17 11:00:00,4,1,0.9984531569608492
2025-04-17 12:00:00,4,1,0.9999859643331165
2025-04-17 13:00:00,4,1,0.9999981577037987
2025-04-17 14:00:00,4,1,0.9999964391427721
2025-04-17 15:00:00,4,1,0.9998869826711293
2025-04-17 16:00:00,4,1,0.9665317957074766
2025-04-17 17:00:00,4,0,0.021999016179314424
2025-04-17 18:00:00,4,0,5.846772118025601e-06
2025-04-17 19:00:00,4,0,3.877060799264657e-09
2025-04-17 20:00:00,4,0,5.6474851774671086e-11
2025-04-17 21:00:00,4,0,3.9076626156404454e-11
2025-04-17 22:00:00,4,0,3.505051472953145e-11
2025-04-17 23:00:00,4,0,3.3067611490786956e-11
2025-04-18 00:00:00,4,0,3.337425269253838e-11
2025-04-18 01:00:00,4,0,3.5092236742520276e-11
2025-04-18 02:00:00,4,0,3.883207169191992e-11
2025-04-18 03:00:00,4,0,4.49091823925518e-11
2025-04-18 04:00:00,4,0,5.373978129086908e-11
2025-04-18 05:00:00,4,0,6.574385360446685e-11
2025-04-18 06:00:00,4,0,8.112777291870518e-11
2025-04-18 07:00:00,4,0,3.271396767336804e-10
2025-04-18 08:00:00,4,0,1.4471337795097283e-07
2025-04-18 09:00:00,4,0,0.00035332177558524883
2025-04-18 10:00:00,4,0,0.48949432415514993
2025-04-18 11:00:00,4,1,0.9987748919637713
2025-04-18 12:00:00,4,1,0.9999876919780868
2025-04-18 13:00:00,4,1,0.999998492936349
2025-04-18 14:00:00,4,1,0.9999972290205472
2025-04-18 15:00:00,4,1,0.9999225116937099
2025-04-18 16:00:00,4,1,0.9793519573471343
2025-04-18 17:00:00,4,0,0.031035746748130488
2025-04-18 18:00:00,4,0,6.43601191891818e-06
2025-04-18 19:00:00,4,0,2.907807202670142e-09
2025-04-18 20:00:00,4,0,5.6594408249468484e-11
2025-04-18 21:00:00,4,0,3.959607325728837e-11
2025-04-18 22:00:00,4,0,3.5519405272228865e-11
2025-04-18 23:00:00,4,0,3.3499310456927355e-11
2025-04-19 00:00:00,4,0,3.380684281469507e-11
2025-04-19 01:00:00,4,0,3.5546870859745594e-11
2025-04-19 02:00:00,4,0,3.9335156883187544e-11
2025-04-19 03:00:00,4,0,4.550347332068887e-11
2025-04-19 04:00:00,4,0,5.4448275641193436e-11
2025-04-19 05:00:00,4,0,6.663506113762141e-11
2025-04-19 06:00:00,4,0,8.22026465799612e-11
2025-04-19 07:00:00,4,0,3.2513747463704157e-10
2025-04-19 08:00:00,4,0,6.534843723315705e-08
2025-04-19 09:00:00,4,0,0.00012030107260534025
2025-04-19 10:00:00,4,0,0.2086327663915547
2025-04-19 11:00:00,4,1,0.9946043992889424
2025-04-19 12:00:00,4,1,0.9999341964373281
2025-04-19 13:00:00,4,1,0.999996750928835
2025-04-19 14:00:00,4,1,0.9999961960044723
2025-04-19 15:00:00,4,1,0.9999317406909973
2025-04-19 16:00:00,4,1,0.9847610598554482
2025-04-19 17:00:00,4,0,0.038742618360131965
2025-04-19 18:00:00,4,0,1.0693659616779994e-05
2025-04-19 19:00:00,4,0,4.459981283872897e-09
2025-04-19 20:00:00,4,0,5.905001802301873e-11
2025-04-19 21:00:00,4,0,4.013346059406524e-11
2025-04-19 22:00:00,4,0,3.6000505346708565e-11
2025-04-19 23:00:00,4,0,3.395491767112511e-11
2025-04-20 00:00:00,4,0,3.426204827991026e-11
2025-04-20 01:00:00,4,0,3.602505126757187e-11
2025-04-20 02:00:00,4,0,3.9864297730337076e-11
2025-04-20 03:00:00,4,0,4.6106728463376376e-11
2025-04-20 04:00:00,4,0,5.518280765530277e-11
2025-04-20 05:00:00,4,0,6.751654905928805e-11
2025-04-20 06:00:00,4,0,8.329085954706846e-11
2025-04-20 07:00:00,4,0,3.8670432191261645e-10
2025-04-20 08:00:00,4,0,1.7301300464140223e-07
2025-04-20 09:00:00,4,0,0.0004411507461869747
2025-04-20 10:00:00,4,0,0.48985463939127105
2025-04-20 11:00:00,4,1,0.9985017825049781
2025-04-20 12:00:00,4,1,0.9999835665117156
2025-04-20 13:00:00,4,1,0.9999964460491395
2025-04-20 14:00:00,4,1,0.9999920048181773
2025-04-20 15:00:00,4,1,0.9998609442019586
2025-04-20 16:00:00,4,1,0.9465671105390839
2025-04-20 17:00:00,4,0,0.01374885760587882
2025-04-20 18:00:00,4,0,6.724479835488124e-06
2025-04-20 19:00:00,4,0,2.991203857286188e-09
2025-04-20 20:00:00,4,0,6.059854914923914e-11
2025-04-20 21:00:00,4,0,4.0653793116506524e-11
2025-04-20 22:00:00,4,0,3.6468518679382535e-11
2025-04-20 23:00:00,4,0,3.439666333274641e-11
2025-04-21 00:00:00,4,0,3.4709741838407574e-11
2025-04-21 01:00:00,4,0,3.64988885636198e-11
2025-04-21 02:00:00,4,0,4.038888730224041e-11
2025-04-21 03:00:00,4,0,4.6711549895237384e-11
2025-04-21 04:00:00,4,0,5.590686406064711e-11
2025-04-21 05:00:00,4,0,6.840157443142634e-11
2025-04-21 06:00:00,4,0,8.438345706177415e-11
2025-04-21 07:00:00,4,0,4.084024768007547e-10
2025-04-21 08:00:00,4,0,1.964214838281075e-07
2025-04-21 09:00:00,4,0,0.000332059571167384
2025-04-21 10:00:00,4,0,0.47418804652715346
2025-04-21 11:00:00,4,1,0.9981427131632721
2025-04-21 12:00:00,4,1,0.9999808529237263
2025-04-21 13:00:00,4,1,0.9999968742772318
2025-04-21 14:00:00,4,1,0.9999918781504129
2025-04-21 15:00:00,4,1,0.9999039459292843
2025-04-21 16:00:00,4,1,0.9817644267031355
2025-04-21 17:00:00,4,0,0.036536326116866615
2025-04-21 18:00:00,4,0,1.043146226568852e-05
2025-04-21 19:00:00,4,0,3.971751063593776e-09
2025-04-21 20:00:00,4,0,6.291191157982488e-11
2025-04-21 21:00:00,4,0,4.118942129993434e-11
2025-04-21 22:00:00,4,0,3.695279111683819e-11
2025-04-21 23:00:00,4,0,3.484331919486387e-11
2025-04-22 00:00:00,4,0,3.5150776835719506e-11
2025-04-22 01:00:00,4,0,3.6960559433543687e-11
2025-04-22 02:00:00,4,0,4.0901755540706473e-11
2025-04-22 03:00:00,4,0,4.730604726214048e-11
2025-04-22 04:00:00,4,0,5.6613132009980293e-11
2025-04-22 05:00:00,4,0,6.927037321588545e-11
2025-04-22 06:00:00,4,0,8.545228507620652e-11
2025-04-22 07:00:00,4,0,4.313425135121173e-10
2025-04-22 08:00:00,4,0,1.3536935334895596e-07
2025-04-22 09:00:00,4,0,0.00046094563057232107
2025-04-22 10:00:00,4,0,0.4765082616653175
2025-04-22 11:00:00,4,1,0.9990663437973829
2025-04-22 12:00:00,4,1,0.9999787519241657
2025-04-22 13:00:00,4,1,0.9999925649108773
2025-04-22 14:00:00,4,1,0.9996468601231017
2025-04-22 15:00:00,4,1,0.9823155542839094
2025-04-22 16:00:00,4,0,0.02986374053275111
2025-04-22 17:00:00,4,0,0.0001157329593199412
2025-04-22 18:00:00,4,0,1.8697032899947168e-07
2025-04-22 19:00:00,4,0,1.8285903807178381e-09
2025-04-22 20:00:00,4,0,6.070465886949369e-11
2025-04-22 21:00:00,4,0,4.1782293740331064e-11
2025-04-22 22:00:00,4,0,3.743093660450651e-11
2025-04-22 23:00:00,4,0,3.5304070276764216e-11
2025-04-23 00:00:00,4,0,3.5661568249453875e-11
2025-04-23 01:00:00,4,0,3.749633229764115e-11
2025-04-23 02:00:00,4,0,4.148733563778071e-11
2025-04-23 03:00:00,4,0,4.7972348310717435e-11
2025-04-23 04:00:00,4,0,5.741911321028579e-11
2025-04-23 05:00:00,4,0,7.024726761456747e-11
2025-04-23 06:00:00,4,0,8.654800877319636e-11
2025-04-23 07:00:00,4,0,3.6016833117804805e-10
2025-04-23 08:00:00,4,0,3.271257188973616e-08
2025-04-23 09:00:00,4,0,1.6805931596173982e-06
2025-04-23 10:00:00,4,0,0.00018826518316121004
2025-04-23 11:00:00,4,0,0.0033326731000693915
2025-04-23 12:00:00,4,0,0.010279280392694016
2025-04-23 13:00:00,4,0,0.0032439589982027712
2025-04-23 14:00:00,4,0,0.1212565220465413
2025-04-23 15:00:00,4,0,0.006217917533471
2025-04-23 16:00:00,4,0,0.00015798964320728562
2025-04-23 17:00:00,4,0,6.8384976616193316e-06
2025-04-23 18:00:00,4,0,1.0914337140267428e-07
2025-04-23 19:00:00,4,0,1.7013491187864668e-09
2025-04-23 20:00:00,4,0,6.634340385066883e-11
2025-04-23 21:00:00,4,0,4.2258770223754164e-11
2025-04-23 22:00:00,4,0,3.790384260771203e-11
2025-04-23 23:00:00,4,0,3.574965437640137e-11
2025-04-24 00:00:00,4,0,3.605807807998149e-11
2025-04-24 01:00:00,4,0,3.791266159434458e-11
2025-04-24 02:00:00,4,0,4.1955515000046916e-11
2025-04-24 03:00:00,4,0,4.8522131061547995e-11
2025-04-24 04:00:00,4,0,5.807303170539876e-11
2025-04-24 05:00:00,4,0,7.105074207715388e-11
2025-04-24 06:00:00,4,0,8.765629539186853e-11
2025-04-24 07:00:00,4,0,3.85235987944014e-10
2025-04-24 08:00:00,4,0,6.392423812598266e-08
2025-04-24 09:00:00,4,0,2.8364452635384982e-05
2025-04-24 10:00:00,4,0,0.018686579269756524
2025-04-24 11:00:00,4,1,0.8915595167839023
2025-04-24 12:00:00,4,1,0.9994574849524787
2025-04-24 13:00:00,4,1,0.9999836665950194
2025-04-24 14:00:00,4,1,0.9999833281079368
2025-04-24 15:00:00,4,1,0.9995642580831401
2025-04-24 16:00:00,4,1,0.913336006072132
2025-04-24 17:00:00,4,0,0.015657061525614056
2025-04-24 18:00:00,4,0,7.989234907058726e-06
2025-04-24 19:00:00,4,0,5.703044693759604e-09
2025-04-24 20:00:00,4,0,6.871845490374072e-11
2025-04-24 21:00:00,4,0,4.279499369651763e-11
2025-04-24 22:00:00,4,0,3.8385774424508023e-11
2025-04-24 23:00:00,4,0,3.6208192064965395e-11
2025-04-25 00:00:00,4,0,3.651211159373179e-11
2025-04-25 01:00:00,4,0,3.839397624774601e-11
2025-04-25 02:00:00,4,0,4.2481737186752696e-11
2025-04-25 03:00:00,4,0,4.9132798711937934e-11
2025-04-25 04:00:00,4,0,5.880400161948137e-11
2025-04-25 05:00:00,4,0,7.19475587611673e-11
2025-04-25 06:00:00,4,0,8.875920005835747e-11
2025-04-25 07:00:00,4,0,4.514665990519096e-10
2025-04-25 08:00:00,4,0,9.303499473170812e-08
2025-04-25 09:00:00,4,0,8.278632821453108e-05
2025-04-25 10:00:00,4,0,0.16686368149597394
2025-04-25 11:00:00,4,1,0.9912128349473005
2025-04-25 12:00:00,4,1,0.9999518685582471
2025-04-25 13:00:00,4,1,0.9999976129367416
2025-04-25 14:00:00,4,1,0.9999964568252848
2025-04-25 15:00:00,4,1,0.999915332863743
2025-04-25 16:00:00,4,1,0.9724615468554076
2025-04-25 17:00:00,4,0,0.02421443427963747
2025-04-25 18:00:00,4,0,9.22849914603859e-06
2025-04-25 19:00:00,4,0,5.902345418366489e-09
2025-04-25 20:00:00,4,0,6.998671017693691e-11
2025-04-25 21:00:00,4,0,4.333904887791279e-11
2025-04-25 22:00:00,4,0,3.887726862749254e-11
2025-04-25 23:00:00,4,0,3.666879822176887e-11
2025-04-26 00:00:00,4,0,3.697632733330252e-11
2025-04-26 01:00:00,4,0,3.88789974547326e-11
2025-04-26 02:00:00,4,0,4.30183916479414e-11
2025-04-26 03:00:00,4,0,4.974970855884933e-11
2025-04-26 04:00:00,4,0,5.954290598798527e-11
2025-04-26 05:00:00,4,0,7.285115970137039e-11
2025-04-26 06:00:00,4,0,8.989039135819785e-11
2025-04-26 07:00:00,4,0,5.972416772240967e-10
2025-04-26 08:00:00,4,0,2.3715534859087385e-07
2025-04-26 09:00:00,4,0,0.0004055615472701211
2025-04-26 10:00:00,4,0,0.3315876230515481
2025-04-26 11:00:00,4,1,0.995059012979014
2025-04-26 12:00:00,4,1,0.999917038862885
2025-04-26 13:00:00,4,1,0.9999849356740262
2025-04-26 14:00:00,4,1,0.9999715199973718
2025-04-26 15:00:00,4,1,0.9992040762554264
2025-04-26 16:00:00,4,0,0.8602779312453254
2025-04-26 17:00:00,4,0,0.004006489543730744
2025-04-26 18:00:00,4,0,3.0863343338230923e-06
2025-04-26 19:00:00,4,0,4.8341848492741646e-09
2025-04-26 20:00:00,4,0,7.283471399751279e-11
2025-04-26 21:00:00,4,0,4.38877852856749e-11
2025-04-26 22:00:00,4,0,3.936696736134362e-11
2025-04-26 23:00:00,4,0,3.713021074083765e-11
2025-04-27 00:00:00,4,0,3.7435964575837e-11
2025-04-27 01:00:00,4,0,3.935955571243872e-11
2025-04-27 02:00:00,4,0,4.3543735824041175e-11
2025-04-27 03:00:00,4,0,5.0361615606668514e-11
2025-04-27 04:00:00,4,0,6.027384961579297e-11
2025-04-27 05:00:00,4,0,7.374454425286391e-11
2025-04-27 06:00:00,4,0,9.0974800437267e-11
2025-04-27 07:00:00,4,0,6.503367040907011e-10
2025-04-27 08:00:00,4,0,2.600682043260042e-07
2025-04-27 09:00:00,4,0,0.00032916143937286135
2025-04-27 10:00:00,4,0,0.45314752027471733
2025-04-27 11:00:00,4,1,0.9980879915681028
2025-04-27 12:00:00,4,1,0.9999736251945878
2025-04-27 13:00:00,4,1,0.99999638766231
2025-04-27 14:00:00,4,1,0.9999940871402825
2025-04-27 15:00:00,4,1,0.9998714681527802
2025-04-27 16:00:00,4,1,0.9681291348056941
2025-04-27 17:00:00,4,0,0.022725086263216614
2025-04-27 18:00:00,4,0,9.99394147747516e-06
2025-04-27 19:00:00,4,0,6.126748667931368e-09
2025-04-27 20:00:00,4,0,7.756781828613908e-11
2025-04-27 21:00:00,4,0,4.4415272961425865e-11
2025-04-27 22:00:00,4,0,3.98516722916651e-11
2025-04-27 23:00:00,4,0,3.758174643987914e-11
2025-04-28 00:00:00,4,0,3.788477079230387e-11
2025-04-28 01:00:00,4,0,3.983368379869423e-11
2025-04-28 02:00:00,4,0,4.408229684284492e-11
2025-04-28 03:00:00,4,0,5.0988367817763055e-11
2025-04-28 04:00:00,4,0,6.10257793310608e-11
2025-04-28 05:00:00,4,0,7.465569570496433e-11
2025-04-28 06:00:00,4,0,9.209680782216744e-11
2025-04-28 07:00:00,4,0,6.975810918220429e-10
2025-04-28 08:00:00,4,0,3.8688312601067107e-07
2025-04-28 09:00:00,4,0,0.0007149189273044249
2025-04-28 10:00:00,4,0,0.47045512369455267
2025-04-28 11:00:00,4,1,0.9990399854267454
2025-04-28 12:00:00,4,1,0.99999240854948
2025-04-28 13:00:00,4,1,0.9999990128194136
2025-04-28 14:00:00,4,1,0.9999980693892119
2025-04-28 15:00:00,4,1,0.9999261645216105
2025-04-28 16:00:00,4,0,0.9261878648450402
2025-04-28 17:00:00,4,0,0.0117359739699757
2025-04-28 18:00:00,4,0,7.566437156135815e-06
2025-04-28 19:00:00,4,0,7.060310690083117e-09
2025-04-28 20:00:00,4,0,8.013348282437034e-11
2025-04-28 21:00:00,4,0,4.495816950525534e-11
2025-04-28 22:00:00,4,0,4.0327728589860865e-11
2025-04-28 23:00:00,4,0,3.803578370124712e-11
2025-04-29 00:00:00,4,0,3.834093870062335e-11
2025-04-29 01:00:00,4,0,4.031262497691376e-11
2025-04-29 02:00:00,4,0,4.460866427411347e-11
2025-04-29 03:00:00,4,0,5.1591910205537674e-11
2025-04-29 04:00:00,4,0,6.174793850677641e-11
2025-04-29 05:00:00,4,0,7.554807951973692e-11
2025-04-29 06:00:00,4,0,9.319972788979618e-11
2025-04-29 07:00:00,4,0,1.8472352413907008e-10
2025-04-29 08:00:00,4,0,8.63688489421605e-09
2025-04-29 09:00:00,4,0,7.652772485115463e-07
2025-04-29 10:00:00,4,0,6.539213440679282e-05
2025-04-29 11:00:00,4,1,0.013443646390030794
2025-04-29 12:00:00,4,1,0.826901451878005
2025-04-29 13:00:00,4,1,0.9902297184312003
2025-04-29 14:00:00,4,1,0.9995472106626613
2025-04-29 15:00:00,4,1,0.9979034301155753
2025-04-29 16:00:00,4,1,0.8369224273062269
2025-04-29 17:00:00,4,0,0.006987503259187621
2025-04-29 18:00:00,4,0,1.6180245693040028e-05
2025-04-29 19:00:00,4,0,9.916771212111329e-09
2025-04-29 20:00:00,4,0,8.228647259402899e-11
2025-04-29 21:00:00,4,0,4.551413687963893e-11
2025-04-29 22:00:00,4,0,4.0820191411587316e-11
2025-04-29 23:00:00,4,0,3.8496374109979146e-11
2025-04-30 00:00:00,4,0,3.8798599180975134e-11
2025-04-30 01:00:00,4,0,4.079985496796656e-11
2025-04-30 02:00:00,4,0,4.514724803830215e-11
2025-04-30 03:00:00,4,0,5.2210855347725755e-11
2025-04-30 04:00:00,4,0,6.248872492903224e-11
2025-04-30 05:00:00,4,0,7.645828245892079e-11
2025-04-30 06:00:00,4,0,9.431754221709046e-11
2025-04-30 07:00:00,4,0,6.294342866090948e-10
2025-04-30 08:00:00,4,0,1.0175113897528534e-07
2025-04-30 09:00:00,4,0,4.2159020270224044e-05
2025-04-30 10:00:00,4,0,0.027754447863612884
2025-04-30 11:00:00,4,1,0.9538476916643138
2025-04-30 12:00:00,4,1,0.9960450634729976
2025-04-30 13:00:00,4,1,0.9995790282540892
2025-04-30 14:00:00,4,1,0.9998912030751457
2025-04-30 15:00:00,4,1,0.9987136327344155
2025-04-30 16:00:00,4,1,0.8737389414295773
2025-04-30 17:00:00,4,0,0.013798011970139704
2025-04-30 18:00:00,4,0,8.836570857803566e-06
2025-04-30 19:00:00,4,0,7.923158569208526e-09
2025-04-30 20:00:00,4,0,8.404522279217771e-11
2025-04-30 21:00:00,4,0,4.605058942100893e-11
2025-04-30 22:00:00,4,0,4.13138226415925e-11
2025-04-30 23:00:00,4,0,3.896681796810521e-11
2025-05-01 00:00:00,4,0,3.926531987302062e-11
2025-05-01 01:00:00,4,0,4.1278679238064285e-11
2025-05-01 02:00:00,4,0,4.5675508837956904e-11
2025-05-01 03:00:00,4,0,5.2825930093185246e-11
2025-05-01 04:00:00,4,0,6.322766995925771e-11
2025-05-01 05:00:00,4,0,7.736046970779291e-11
2025-05-01 06:00:00,4,0,9.543226929764945e-11
2025-05-01 07:00:00,4,0,7.011982232654464e-10
2025-05-01 08:00:00,4,0,1.2574163576561168e-07
2025-05-01 09:00:00,4,0,4.390434794889847e-05
2025-05-01 10:00:00,4,0,0.022808054987916684
2025-05-01 11:00:00,4,0,0.8832031138948944
2025-05-01 12:00:00,4,0,0.9995243052438654
2025-05-01 13:00:00,4,1,0.9999465968398756
2025-05-01 14:00:00,4,1,0.9999460765995583
2025-05-01 15:00:00,4,1,0.9816908534344735
2025-05-01 16:00:00,4,0,0.07318916168935972
2025-05-01 17:00:00,4,0,9.270293022529277e-05
2025-05-01 18:00:00,4,0,5.358843377623241e-07
2025-05-01 19:00:00,4,0,2.1468385231702636e-09
2025-05-01 20:00:00,4,0,7.308305654406711e-11
2025-05-01 21:00:00,4,0,4.658832487485204e-11
2025-05-01 22:00:00,4,0,4.178945999459801e-11
2025-05-01 23:00:00,4,0,3.9414937650800234e-11
2025-05-02 00:00:00,4,0,3.9712056803751835e-11
2025-05-02 01:00:00,4,0,4.175628775055051e-11
2025-05-02 02:00:00,4,0,4.620632111352304e-11
2025-05-02 03:00:00,4,0,5.344109637078457e-11
2025-05-02 04:00:00,4,0,6.39651762049885e-11
2025-05-02 05:00:00,4,0,7.82564096121053e-11
2025-05-02 06:00:00,4,0,9.653994039179493e-11
2025-05-02 07:00:00,4,0,9.522050159924122e-10
2025-05-02 08:00:00,4,0,5.233383651872316e-07
2025-05-02 09:00:00,4,0,0.0004797317930300363
2025-05-02 10:00:00,4,0,0.4389733328111456
2025-05-02 11:00:00,4,1,0.9551320046953524
2025-05-02 12:00:00,4,1,0.9986471058059272
2025-05-02 13:00:00,4,1,0.9978514856201366
2025-05-02 14:00:00,4,0,0.9581066904178834
2025-05-02 15:00:00,4,1,0.733438376449417
2025-05-02 16:00:00,4,0,0.16357899964802897
2025-05-02 17:00:00,4,0,0.002904811099769346
2025-05-02 18:00:00,4,0,1.943158199592162e-06
2025-05-02 19:00:00,4,0,3.8536578716734665e-09
2025-05-02 20:00:00,4,0,7.976759521757513e-11
2025-05-02 21:00:00,4,0,4.7146006933738344e-11
2025-05-02 22:00:00,4,0,4.2290230955637045e-11
2025-05-02 23:00:00,4,0,3.9885745134411625e-11
2025-05-03 00:00:00,4,0,4.0178742727419756e-11
2025-05-03 01:00:00,4,0,4.224752976968468e-11
2025-05-03 02:00:00,4,0,4.6748441582638576e-11
2025-05-03 03:00:00,4,0,5.405422228102906e-11
2025-05-03 04:00:00,4,0,6.469598430091068e-11
2025-05-03 05:00:00,4,0,7.915374071227395e-11
2025-05-03 06:00:00,4,0,9.764784416405887e-11
2025-05-03 07:00:00,4,0,1.0237150171652392e-09
2025-05-03 08:00:00,4,0,5.285150506382255e-07
2025-05-03 09:00:00,4,0,0.0006382058042154722
2025-05-03 10:00:00,4,1,0.48007380001314093
2025-05-03 11:00:00,4,1,0.9964475717679575
2025-05-03 12:00:00,4,1,0.9998430407983752
2025-05-03 13:00:00,4,1,0.999797971711049
2025-05-03 14:00:00,4,1,0.9989030484791179
2025-05-03 15:00:00,4,1,0.9722627769614315
2025-05-03 16:00:00,4,0,0.31272928897917174
2025-05-03 17:00:00,4,0,0.002469330546315973
2025-05-03 18:00:00,4,0,5.9711227546886645e-06
2025-05-03 19:00:00,4,0,9.171340209494472e-09
2025-05-03 20:00:00,4,0,9.182778482567127e-11
2025-05-03 21:00:00,4,0,4.768727896714736e-11
2025-05-03 22:00:00,4,0,4.2775215507368067e-11
2025-05-03 23:00:00,4,0,4.03444270584589e-11
2025-05-04 00:00:00,4,0,4.062976022859537e-11
2025-05-04 01:00:00,4,0,4.272560948209356e-11
2025-05-04 02:00:00,4,0,4.7275441585963006e-11
2025-05-04 03:00:00,4,0,5.468020897223152e-11
2025-05-04 04:00:00,4,0,6.544417850980393e-11
2025-05-04 05:00:00,4,0,8.007191261187131e-11
2025-05-04 06:00:00,4,0,9.876948819772118e-11
2025-05-04 07:00:00,4,0,1.1919818516417565e-09
2025-05-04 08:00:00,4,0,6.81702592460525e-07
2025-05-04 09:00:00,4,0,0.0010349981670971639
2025-05-04 10:00:00,4,1,0.6160363462764519
2025-05-04 11:00:00,4,1,0.9993216714236809
2025-05-04 12:00:00,4,1,0.9999923711981736
2025-05-04 13:00:00,4,1,0.9999987441366216
2025-05-04 14:00:00,4,1,0.9999967401424567
2025-05-04 15:00:00,4,1,0.9999476311744006
2025-05-04 16:00:00,4,1,0.9903925423908964
2025-05-04 17:00:00,4,0,0.08892631223388732
2025-05-04 18:00:00,4,0,2.700676799694602e-05
2025-05-04 19:00:00,4,0,1.14889998971224e-08
2025-05-04 20:00:00,4,0,9.60798753196486e-11
2025-05-04 21:00:00,4,0,4.8227980156337286e-11
2025-05-04 22:00:00,4,0,4.325319706473605e-11
2025-05-04 23:00:00,4,0,4.079447459467954e-11
2025-05-05 00:00:00,4,0,4.1079282429191664e-11
2025-05-05 01:00:00,4,0,4.3193484568933613e-11
2025-05-05 02:00:00,4,0,4.779735375472499e-11
2025-05-05 03:00:00,4,0,5.528099191610408e-11
2025-05-05 04:00:00,4,0,6.616510496886703e-11
2025-05-05 05:00:00,4,0,8.095397671204464e-11
2025-05-05 06:00:00,4,0,9.986540919906725e-11
2025-05-05 07:00:00,4,0,1.105619833094422e-09
2025-05-05 08:00:00,4,0,5.169240853553166e-07
2025-05-05 09:00:00,4,0,0.0007661757571021004
2025-05-05 10:00:00,4,0,0.5683176859588621
2025-05-05 11:00:00,4,1,0.9987827943608778
2025-05-05 12:00:00,4,1,0.9999872580810583
2025-05-05 13:00:00,4,1,0.9999982771607826
2025-05-05 14:00:00,4,1,0.9999972593952411
2025-05-05 15:00:00,4,1,0.9999439584067845
2025-05-05 16:00:00,4,1,0.9912639959894727
2025-05-05 17:00:00,4,0,0.08542472333362462
2025-05-05 18:00:00,4,0,3.907825592760428e-05
2025-05-05 19:00:00,4,0,1.8004809863182107e-08
2025-05-05 20:00:00,4,0,1.0586246225312331e-10
2025-05-05 21:00:00,4,0,4.876855707223703e-11
2025-05-05 22:00:00,4,0,4.374580540088436e-11
2025-05-05 23:00:00,4,0,4.126038157820168e-11
2025-05-06 00:00:00,4,0,4.154565658276298e-11
2025-05-06 01:00:00,4,0,4.368427451713718e-11
2025-05-06 02:00:00,4,0,4.8339776466913184e-11
2025-05-06 03:00:00,4,0,5.590710789972102e-11
2025-05-06 04:00:00,4,0,6.691259631457131e-11
2025-05-06 05:00:00,4,0,8.186312281636348e-11
2025-05-06 06:00:00,4,0,1.0099154132758836e-10
2025-05-06 07:00:00,4,0,1.5724180225397616e-09
2025-05-06 08:00:00,4,0,1.3514943294817421e-06
2025-05-06 09:00:00,4,0,0.0027544332568344883
2025-05-06 10:00:00,4,1,0.8476717700331906
2025-05-06 11:00:00,4,1,0.999707378445028
2025-05-06 12:00:00,4,1,0.9999957499031803
2025-05-06 13:00:00,4,1,0.9999993035037474
2025-05-06 14:00:00,4,1,0.9999984843961649
2025-05-06 15:00:00,4,1,0.9999577053764275
2025-05-06 16:00:00,4,1,0.9941029040258565
2025-05-06 17:00:00,4,0,0.0871399606249543
2025-05-06 18:00:00,4,0,2.8940201628754943e-05
2025-05-06 19:00:00,4,0,1.570764058845428e-08
2025-05-06 20:00:00,4,0,1.1002630288661787e-10
2025-05-06 21:00:00,4,0,4.93069964506475e-11
2025-05-06 22:00:00,4,0,4.422823224276127e-11
2025-05-06 23:00:00,4,0,4.1714873168446135e-11
2025-05-07 00:00:00,4,0,4.1996570091358e-11
2025-05-07 01:00:00,4,0,4.415095083872518e-11
2025-05-07 02:00:00,4,0,4.884841553549511e-11
2025-05-07 03:00:00,4,0,5.650890363480846e-11
2025-05-07 04:00:00,4,0,6.761666164446581e-11
2025-05-07 05:00:00,4,0,8.272841254786096e-11
2025-05-07 06:00:00,4,0,1.0205773048391256e-10
2025-05-07 07:00:00,4,0,1.3880272371979395e-09
2025-05-07 08:00:00,4,0,4.801684413172994e-07
2025-05-07 09:00:00,4,0,0.00084540118510848
2025-05-07 10:00:00,4,0,0.6779183808494642
2025-05-07 11:00:00,4,1,0.9968805991869402
2025-05-07 12:00:00,4,1,0.9996452554884843
2025-05-07 13:00:00,4,1,0.9997129131500065
2025-05-07 14:00:00,4,1,0.9947208522736334
2025-05-07 15:00:00,4,1,0.9882971181308757
2025-05-07 16:00:00,4,1,0.20792407198381582
2025-05-07 17:00:00,4,0,0.002937619773542188
2025-05-07 18:00:00,4,0,8.422369231636548e-06
2025-05-07 19:00:00,4,0,1.593326279640536e-08
2025-05-07 20:00:00,4,0,1.148429687243835e-10
2025-05-07 21:00:00,4,0,4.984277584286832e-11
2025-05-07 22:00:00,4,0,4.47085428675441e-11
2025-05-07 23:00:00,4,0,4.2168288030697114e-11
2025-05-08 00:00:00,4,0,4.2445449600090334e-11
2025-05-08 01:00:00,4,0,4.4630526295207634e-11
2025-05-08 02:00:00,4,0,4.937558329854856e-11
2025-05-08 03:00:00,4,0,5.710290414413223e-11
2025-05-08 04:00:00,4,0,6.83395964670845e-11
2025-05-08 05:00:00,4,0,8.361291717727275e-11
2025-05-08 06:00:00,4,0,1.0315312575350679e-10
2025-05-08 07:00:00,4,0,1.723617146771144e-09
2025-05-08 08:00:00,4,0,9.877978250351455e-07
2025-05-08 09:00:00,4,0,0.002464135078701009
2025-05-08 10:00:00,4,0,0.8045786388551913
2025-05-08 11:00:00,4,1,0.9995895474557321
2025-05-08 12:00:00,4,1,0.9999942146674764
2025-05-08 13:00:00,4,1,0.9999991562463089
2025-05-08 14:00:00,4,1,0.9999986677965869
2025-05-08 15:00:00,4,1,0.9999737857316155
2025-05-08 16:00:00,4,1,0.9950932984956853
2025-05-08 17:00:00,4,0,0.15533512095792246
2025-05-08 18:00:00,4,0,5.880805696744019e-05
2025-05-08 19:00:00,4,0,2.495567691218973e-08
2025-05-08 20:00:00,4,0,1.2047653861887644e-10
2025-05-08 21:00:00,4,0,5.0400076530167475e-11
2025-05-08 22:00:00,4,0,4.5146155267697486e-11
2025-05-08 23:00:00,4,0,4.258406053196699e-11
2025-05-09 00:00:00,4,0,4.289544333168456e-11
2025-05-09 01:00:00,4,0,4.516255832210494e-11
2025-05-09 02:00:00,4,0,4.990675426286865e-11
2025-05-09 03:00:00,4,0,5.77990146122218e-11
2025-05-09 04:00:00,4,0,6.908162894889517e-11
2025-05-09 05:00:00,4,0,8.463552059699918e-11
2025-05-09 06:00:00,4,0,1.0441240551343219e-10
2025-05-09 07:00:00,4,0,2.1300740088080246e-09
2025-05-09 08:00:00,4,0,1.282253223474312e-06
2025-05-09 09:00:00,4,0,0.0006966607247432668
2025-05-09 10:00:00,4,0,0.20559130252361177
2025-05-09 11:00:00,4,1,0.9944992496276636
2025-05-09 12:00:00,4,1,0.9999729534575081
2025-05-09 13:00:00,4,1,0.9999988009320742
2025-05-09 14:00:00,4,1,0.9999984639517827
2025-05-09 15:00:00,4,1,0.9989286386481255
2025-05-09 16:00:00,4,1,0.9074169467588972
2025-05-09 17:00:00,4,0,0.012636944190550187
2025-05-09 18:00:00,4,0,6.12768031050222e-06
2025-05-09 19:00:00,4,0,8.759677917725922e-09
2025-05-09 20:00:00,4,0,1.0340286163726747e-10
2025-05-09 21:00:00,4,0,5.0859818570329876e-11
2025-05-09 22:00:00,4,0,4.560587044007254e-11
2025-05-09 23:00:00,4,0,4.302642640125591e-11
2025-05-10 00:00:00,4,0,4.329741749572762e-11
2025-05-10 01:00:00,4,0,4.552620965318981e-11
2025-05-10 02:00:00,4,0,5.0422769440447666e-11
2025-05-10 03:00:00,4,0,5.829707058034527e-11
2025-05-10 04:00:00,4,0,6.977303059674716e-11
2025-05-10 05:00:00,4,0,8.536994164962461e-11
2025-05-10 06:00:00,4,0,1.0786094821268183e-10
2025-05-10 07:00:00,4,0,1.7001960557208152e-09
2025-05-10 08:00:00,4,0,5.021290213127856e-07
2025-05-10 09:00:00,4,0,0.0002697451097816756
2025-05-10 10:00:00,4,0,0.5162674702185268
2025-05-10 11:00:00,4,0,0.994843057578281
2025-05-10 12:00:00,4,0,0.9998779045391264
2025-05-10 13:00:00,4,0,0.99999394197389
2025-05-10 14:00:00,4,1,0.9999577585470507
2025-05-10 15:00:00,4,1,0.9904307392506422
2025-05-10 16:00:00,4,1,0.28551357378808134
2025-05-10 17:00:00,4,0,0.0024952159584839973
2025-05-10 18:00:00,4,0,6.1197868091573204e-06
2025-05-10 19:00:00,4,0,9.25287428803011e-09
2025-05-10 20:00:00,4,0,1.2825414067397155e-10
2025-05-10 21:00:00,4,0,5.1371027111674156e-11
2025-05-10 22:00:00,4,0,4.614796010635011e-11
2025-05-10 23:00:00,4,0,4.35319590970004e-11
2025-05-11 00:00:00,4,0,4.379623083353414e-11
2025-05-11 01:00:00,4,0,4.5992409651477746e-11
2025-05-11 02:00:00,4,0,5.0893893198441705e-11
2025-05-11 03:00:00,4,0,5.885957316099431e-11
2025-05-11 04:00:00,4,0,7.054021708053092e-11
2025-05-11 05:00:00,4,0,8.617654810445154e-11
2025-05-11 06:00:00,4,0,1.0885263508807442e-10
2025-05-11 07:00:00,4,0,1.6023253508330684e-09
2025-05-11 08:00:00,4,0,5.484097351993925e-07
2025-05-11 09:00:00,4,0,0.0016290774910492762
2025-05-11 10:00:00,4,1,0.5098807715663012
2025-05-11 11:00:00,4,1,0.9993501315125575
2025-05-11 12:00:00,4,1,0.999990406705588
2025-05-11 13:00:00,4,1,0.9999973004202329
2025-05-11 14:00:00,4,1,0.999987604856598
2025-05-11 15:00:00,4,1,0.9991679160043339
2025-05-11 16:00:00,4,1,0.8632509777293371
2025-05-11 17:00:00,4,0,0.014899222167138628
2025-05-11 18:00:00,4,0,3.712096352901396e-05
2025-05-11 19:00:00,4,0,2.3946168673435446e-08
2025-05-11 20:00:00,4,0,1.3659363627975987e-10
2025-05-11 21:00:00,4,0,5.1898302467009067e-11
2025-05-11 22:00:00,4,0,4.6551451977940045e-11
2025-05-11 23:00:00,4,0,4.391417076722746e-11
2025-05-12 00:00:00,4,0,4.417301018424352e-11
2025-05-12 01:00:00,4,0,4.644555664984736e-11
2025-05-12 02:00:00,4,0,5.139468459933722e-11
2025-05-12 03:00:00,4,0,5.948602262748336e-11
2025-05-12 04:00:00,4,0,7.120983895961691e-11
2025-05-12 05:00:00,4,0,8.712353574758724e-11
2025-05-12 06:00:00,4,0,1.1157974866692843e-10
2025-05-12 07:00:00,4,0,2.2011962571570465e-09
2025-05-12 08:00:00,4,0,9.974324637130966e-07
2025-05-12 09:00:00,4,0,0.0007674211037940588
2025-05-12 10:00:00,4,1,0.5656911209010733
2025-05-12 11:00:00,4,1,0.9989023978805345
2025-05-12 12:00:00,4,1,0.999983346663594
2025-05-12 13:00:00,4,1,0.9999977419478965
2025-05-12 14:00:00,4,1,0.999995836102272
2025-05-12 15:00:00,4,1,0.9998960755579622
2025-05-12 16:00:00,4,1,0.9825298524956261
2025-05-12 17:00:00,4,0,0.06041805145152277
2025-05-12 18:00:00,4,0,2.8419409343801257e-05
2025-05-12 19:00:00,4,0,2.2426645445507612e-08
2025-05-12 20:00:00,4,0,1.3497201800421802e-10
2025-05-12 21:00:00,4,0,5.2416170106618926e-11
2025-05-12 22:00:00,4,0,4.705848068541292e-11
2025-05-12 23:00:00,4,0,4.4384706826808693e-11
2025-05-13 00:00:00,4,0,4.4636524452906715e-11
2025-05-13 01:00:00,4,0,4.693484085434212e-11
2025-05-13 02:00:00,4,0,5.1935450756853446e-11
2025-05-13 03:00:00,4,0,6.006680193827556e-11
2025-05-13 04:00:00,4,0,7.189249912240646e-11
2025-05-13 05:00:00,4,0,8.796097281411518e-11
2025-05-13 06:00:00,4,0,1.1215856821135057e-10
2025-05-13 07:00:00,4,0,2.10207744698146e-09
2025-05-13 08:00:00,4,0,1.1627419315587068e-06
2025-05-13 09:00:00,4,0,0.0009470346865210173
2025-05-13 10:00:00,4,1,0.6258895053455723
2025-05-13 11:00:00,4,1,0.9984594347752248
2025-05-13 12:00:00,4,1,0.9999706641760817
2025-05-13 13:00:00,4,1,0.9999969534127082
2025-05-13 14:00:00,4,1,0.9999924711136118
2025-05-13 15:00:00,4,1,0.9997988760839478
2025-05-13 16:00:00,4,0,0.965132056089077
2025-05-13 17:00:00,4,0,0.04994167937819874
2025-05-13 18:00:00,4,0,2.6387085621697015e-05
2025-05-13 19:00:00,4,0,2.267745369632395e-08
2025-05-13 20:00:00,4,0,1.4281744998911388e-10
2025-05-13 21:00:00,4,0,5.2987395381943906e-11
2025-05-13 22:00:00,4,0,4.752864022176224e-11
2025-05-13 23:00:00,4,0,4.482829412951559e-11
2025-05-14 00:00:00,4,0,4.5073460050881714e-11
2025-05-14 01:00:00,4,0,4.739576843671918e-11
2025-05-14 02:00:00,4,0,5.2445487252581406e-11
2025-05-14 03:00:00,4,0,6.065707555563521e-11
2025-05-14 04:00:00,4,0,7.259280321093851e-11
2025-05-14 05:00:00,4,0,8.880645808541024e-11
2025-05-14 06:00:00,4,0,1.1322061453169467e-10
2025-05-14 07:00:00,4,0,2.461301679150591e-09
2025-05-14 08:00:00,4,0,1.45699335266444e-06
2025-05-14 09:00:00,4,0,0.0009903727067765576
2025-05-14 10:00:00,4,1,0.4265925850988901
2025-05-14 11:00:00,4,1,0.9975384990847668
2025-05-14 12:00:00,4,1,0.9999646630588794
2025-05-14 13:00:00,4,1,0.999997491030389
2025-05-14 14:00:00,4,1,0.9999963477558389
2025-05-14 15:00:00,4,1,0.999947653568036
2025-05-14 16:00:00,4,1,0.9909621722831262
2025-05-14 17:00:00,4,0,0.03027862791628736
2025-05-14 18:00:00,4,0,4.61516788040724e-05
2025-05-14 19:00:00,4,0,2.4559047719709082e-08
2025-05-14 20:00:00,4,0,1.338589562388679e-10
2025-05-14 21:00:00,4,0,5.349603818821185e-11
2025-05-14 22:00:00,4,0,4.798579048361015e-11
2025-05-14 23:00:00,4,0,4.5247699592409024e-11
2025-05-15 00:00:00,4,0,4.548686006449031e-11
2025-05-15 01:00:00,4,0,4.783092037948352e-11
2025-05-15 02:00:00,4,0,5.292991492383111e-11
2025-05-15 03:00:00,4,0,6.121070173907413e-11
2025-05-15 04:00:00,4,0,7.326068110431033e-11
2025-05-15 05:00:00,4,0,8.964412597340047e-11
2025-05-15 06:00:00,4,0,1.1740009696612246e-10
2025-05-15 07:00:00,4,0,2.9019257755765375e-09
2025-05-15 08:00:00,4,0,1.9314688512017275e-06
2025-05-15 09:00:00,4,0,0.0009658458947244447
2025-05-15 10:00:00,4,0,0.4681338450274584
2025-05-15 11:00:00,4,1,0.9949358365076081
2025-05-15 12:00:00,4,1,0.9999889670555674
2025-05-15 13:00:00,4,1,0.9999994063501969
2025-05-15 14:00:00,4,1,0.9999958052976924
2025-05-15 15:00:00,4,1,0.9995335819458131
2025-05-15 16:00:00,4,0,0.9843617448443222
2025-05-15 17:00:00,4,0,0.07408991295379282
2025-05-15 18:00:00,4,0,6.309823290431184e-05
2025-05-15 19:00:00,4,0,3.7217685360069085e-08
2025-05-15 20:00:00,4,0,1.6487771203503865e-10
2025-05-15 21:00:00,4,0,5.398931843299909e-11
2025-05-15 22:00:00,4,0,4.843902788026376e-11
2025-05-15 23:00:00,4,0,4.5679251596485e-11
2025-05-16 00:00:00,4,0,4.59073331680647e-11
2025-05-16 01:00:00,4,0,4.8270169816927185e-11
2025-05-16 02:00:00,4,0,5.341439785279455e-11
2025-05-16 03:00:00,4,0,6.179541186819339e-11
2025-05-16 04:00:00,4,0,7.394662321283548e-11
2025-05-16 05:00:00,4,0,9.046821762239955e-11
2025-05-16 06:00:00,4,0,1.1813406580898476e-10
2025-05-16 07:00:00,4,0,3.257199014335251e-09
2025-05-16 08:00:00,4,0,2.22811078451161e-06
2025-05-16 09:00:00,4,0,0.003236671727941631
2025-05-16 10:00:00,4,1,0.8778827998541122
2025-05-16 11:00:00,4,1,0.9998155529853504
2025-05-16 12:00:00,4,1,0.9999972906624264
2025-05-16 13:00:00,4,1,0.9999994899850991
2025-05-16 14:00:00,4,1,0.9999987402352982
2025-05-16 15:00:00,4,1,0.9999555449974558
2025-05-16 16:00:00,4,1,0.9899552085354777
2025-05-16 17:00:00,4,0,0.06425669128184056
2025-05-16 18:00:00,4,0,1.8262638242970206e-05
2025-05-16 19:00:00,4,0,1.963542716804434e-08
2025-05-16 20:00:00,4,0,1.3169206833179364e-10
2025-05-16 21:00:00,4,0,5.448349839086966e-11
2025-05-16 22:00:00,4,0,4.887123123042643e-11
2025-05-16 23:00:00,4,0,4.6049998801078086e-11
2025-05-17 00:00:00,4,0,4.627749566734618e-11
2025-05-17 01:00:00,4,0,4.870667249804384e-11
2025-05-17 02:00:00,4,0,5.3893611763414356e-11
2025-05-17 03:00:00,4,0,6.245996010735914e-11
2025-05-17 04:00:00,4,0,7.475539790001218e-11
2025-05-17 05:00:00,4,0,9.146374938491667e-11
2025-05-17 06:00:00,4,0,1.2011466882723525e-10
2025-05-17 07:00:00,4,0,2.546370825530232e-09
2025-05-17 08:00:00,4,0,1.2025514113941456e-06
2025-05-17 09:00:00,4,0,0.0013731405419917986
2025-05-17 10:00:00,4,0,0.44688751324156567
2025-05-17 11:00:00,4,1,0.9979549716750812
2025-05-17 12:00:00,4,1,0.9999936112475662
2025-05-17 13:00:00,4,1,0.9999993691096062
2025-05-17 14:00:00,4,1,0.9999987977520247
2025-05-17 15:00:00,4,1,0.999949824314434
2025-05-17 16:00:00,4,1,0.9933047179783276
2025-05-17 17:00:00,4,0,0.1797378760346626
2025-05-17 18:00:00,4,0,7.615647820809073e-05
2025-05-17 19:00:00,4,0,4.8772357641984025e-08
2025-05-17 20:00:00,4,0,1.7942498524288532e-10
2025-05-17 21:00:00,4,0,5.4943313758001914e-11
2025-05-17 22:00:00,4,0,4.928243857233911e-11
2025-05-17 23:00:00,4,0,4.6480984637848706e-11
2025-05-18 00:00:00,4,0,4.670221744196539e-11
2025-05-18 01:00:00,4,0,4.9149286334948844e-11
2025-05-18 02:00:00,4,0,5.438060110925419e-11
2025-05-18 03:00:00,4,0,6.288616398665447e-11
2025-05-18 04:00:00,4,0,7.520448738716045e-11
2025-05-18 05:00:00,4,0,9.210135390887514e-11
2025-05-18 06:00:00,4,0,1.2027723042818745e-10
2025-05-18 07:00:00,4,0,2.6535007304320726e-09
2025-05-18 08:00:00,4,0,9.083056605808237e-07
2025-05-18 09:00:00,4,0,0.0014410928856442413
2025-05-18 10:00:00,4,1,0.8553279383663426
2025-05-18 11:00:00,4,1,0.9998374976824111
2025-05-18 12:00:00,4,1,0.9999964574426097
2025-05-18 13:00:00,4,1,0.9999995565302641
2025-05-18 14:00:00,4,1,0.9999992965952648
2025-05-18 15:00:00,4,1,0.9999899179612369
2025-05-18 16:00:00,4,1,0.9982372012544888
2025-05-18 17:00:00,4,0,0.3420128354800954
2025-05-18 18:00:00,4,0,0.00017215138812662803
2025-05-18 19:00:00,4,0,6.762715706183742e-08
2025-05-18 20:00:00,4,0,1.9490392939281947e-10
2025-05-18 21:00:00,4,0,5.548084736318413e-11
2025-05-18 22:00:00,4,0,4.9752430278880916e-11
2025-05-18 23:00:00,4,0,4.69383915465235e-11
2025-05-19 00:00:00,4,0,4.7151122892871744e-11
2025-05-19 01:00:00,4,0,4.956711370290881e-11
2025-05-19 02:00:00,4,0,5.48608882329822e-11
2025-05-19 03:00:00,4,0,6.345006483267255e-11
2025-05-19 04:00:00,4,0,7.59404078259766e-11
2025-05-19 05:00:00,4,0,9.291156662123992e-11
2025-05-19 06:00:00,4,0,1.2572040828647553e-10
2025-05-19 07:00:00,4,0,4.04983734369168e-09
2025-05-19 08:00:00,4,0,3.5342127960266216e-06
2025-05-19 09:00:00,4,0,0.003468987145762314
2025-05-19 10:00:00,4,1,0.9238499527009558
2025-05-19 11:00:00,4,1,0.9999271063157021
2025-05-19 12:00:00,4,1,0.9999992367467717
2025-05-19 13:00:00,4,1,0.999999886694489
2025-05-19 14:00:00,4,1,0.9999997573526818
2025-05-19 15:00:00,4,1,0.9999912109993286
2025-05-19 16:00:00,4,1,0.9986872232967147
2025-05-19 17:00:00,4,0,0.396404950379274
2025-05-19 18:00:00,4,0,0.00018862882352216537
2025-05-19 19:00:00,4,0,7.106777121654427e-08
2025-05-19 20:00:00,4,0,2.0625112090355783e-10
2025-05-19 21:00:00,4,0,5.59589405837874e-11
2025-05-19 22:00:00,4,0,5.0194848497994094e-11
2025-05-19 23:00:00,4,0,4.734317069481529e-11
2025-05-20 00:00:00,4,0,4.754789664016548e-11
2025-05-20 01:00:00,4,0,4.9996748953934233e-11
2025-05-20 02:00:00,4,0,5.532585344412289e-11
2025-05-20 03:00:00,4,0,6.398681756955303e-11
2025-05-20 04:00:00,4,0,7.658282201179964e-11
2025-05-20 05:00:00,4,0,9.3698433779116e-11
2025-05-20 06:00:00,4,0,1.2714653819619207e-10
2025-05-20 07:00:00,4,0,5.276213308381502e-09
2025-05-20 08:00:00,4,0,5.334154100805449e-06
2025-05-20 09:00:00,4,0,0.011197151575639304
2025-05-20 10:00:00,4,1,0.9555389121302699
2025-05-20 11:00:00,4,1,0.9999186080996166
2025-05-20 12:00:00,4,1,0.9999987216680858
2025-05-20 13:00:00,4,1,0.9999997619300277
2025-05-20 14:00:00,4,1,0.9999994809017417
2025-05-20 15:00:00,4,1,0.9999889214733368
2025-05-20 16:00:00,4,1,0.998058801228701
2025-05-20 17:00:00,4,0,0.34541130628095257
2025-05-20 18:00:00,4,0,0.0001730543766805653
2025-05-20 19:00:00,4,0,6.911690922690358e-08
2025-05-20 20:00:00,4,0,2.1063843715762855e-10
2025-05-20 21:00:00,4,0,5.64332121725598e-11
2025-05-20 22:00:00,4,0,5.0620107787050946e-11
2025-05-20 23:00:00,4,0,4.7728021196689863e-11
2025-05-21 00:00:00,4,0,4.7925583103874316e-11
2025-05-21 01:00:00,4,0,5.03972965740918e-11
2025-05-21 02:00:00,4,0,5.577991062036888e-11
2025-05-21 03:00:00,4,0,6.449243955025364e-11
2025-05-21 04:00:00,4,0,7.718797725507557e-11
2025-05-21 05:00:00,4,0,9.443883609124888e-11
2025-05-21 06:00:00,4,0,1.306724272828226e-10
2025-05-21 07:00:00,4,0,4.4255879771110435e-09
2025-05-21 08:00:00,4,0,3.860505832924218e-06
2025-05-21 09:00:00,4,0,0.00449034339756524
2025-05-21 10:00:00,4,1,0.7982343738713396
2025-05-21 11:00:00,4,1,0.9993526059218113
2025-05-21 12:00:00,4,1,0.9999919289780259
2025-05-21 13:00:00,4,1,0.9999995109838284
2025-05-21 14:00:00,4,1,0.9999996340529855
2025-05-21 15:00:00,4,1,0.9994324675862191
2025-05-21 16:00:00,4,0,0.9732235140668555
2025-05-21 17:00:00,4,0,0.05230707174081898
2025-05-21 18:00:00,4,0,0.00015270585434431992
2025-05-21 19:00:00,4,0,7.672338432148805e-08
2025-05-21 20:00:00,4,0,2.2933035077267472e-10
2025-05-21 21:00:00,4,0,5.6841191068241525e-11
2025-05-21 22:00:00,4,0,5.098067582908028e-11
2025-05-21 23:00:00,4,0,4.809094931278772e-11
2025-05-22 00:00:00,4,0,4.82834382490743e-11
2025-05-22 01:00:00,4,0,5.076889245693559e-11
2025-05-22 02:00:00,4,0,5.624353335172232e-11
2025-05-22 03:00:00,4,0,6.503268573550479e-11
2025-05-22 04:00:00,4,0,7.783457258546743e-11
2025-05-22 05:00:00,4,0,9.511371935623238e-11
2025-05-22 06:00:00,4,0,1.3153379670687986e-10
2025-05-22 07:00:00,4,0,5.931203213638384e-09
2025-05-22 08:00:00,4,0,6.2570664868655825e-06
2025-05-22 09:00:00,4,0,0.012454388602196038
2025-05-22 10:00:00,4,1,0.9580106393719089
2025-05-22 11:00:00,4,1,0.999918090971126
2025-05-22 12:00:00,4,1,0.9999987587323065
2025-05-22 13:00:00,4,1,0.99999980204414
2025-05-22 14:00:00,4,1,0.9999996063918216
2025-05-22 15:00:00,4,1,0.9999921368770652
2025-05-22 16:00:00,4,1,0.9986111227948816
2025-05-22 17:00:00,4,0,0.42262887893040496
2025-05-22 18:00:00,4,0,0.00023951244455225776
2025-05-22 19:00:00,4,0,8.969415680848156e-08
2025-05-22 20:00:00,4,0,2.3198259565867577e-10
2025-05-22 21:00:00,4,0,5.7303856211270706e-11
2025-05-22 22:00:00,4,0,5.14010680299164e-11
2025-05-22 23:00:00,4,0,4.8480556572674084e-11
2025-05-23 00:00:00,4,0,4.866111088146602e-11
2025-05-23 01:00:00,4,0,5.1166006290438155e-11
2025-05-23 02:00:00,4,0,5.661866966395262e-11
2025-05-23 03:00:00,4,0,6.547995260635295e-11
2025-05-23 04:00:00,4,0,7.842133910479124e-11
2025-05-23 05:00:00,4,0,9.597129289092293e-11
2025-05-23 06:00:00,4,0,1.3314593598116492e-10
2025-05-23 07:00:00,4,0,5.206917202079322e-09
2025-05-23 08:00:00,4,0,2.074530297482439e-06
2025-05-23 09:00:00,4,0,0.011954559673328632
2025-05-23 10:00:00,4,1,0.95461665550285
2025-05-23 11:00:00,4,1,0.9998446761835474
2025-05-23 12:00:00,4,1,0.9999967600250538
2025-05-23 13:00:00,4,1,0.9999997629544943
2025-05-23 14:00:00,4,1,0.9999994960979118
2025-05-23 15:00:00,4,1,0.9999884730129661
2025-05-23 16:00:00,4,1,0.9981439461417343
2025-05-23 17:00:00,4,0,0.36364920579353044
2025-05-23 18:00:00,4,0,0.0001963812865251427
2025-05-23 19:00:00,4,0,8.37778804868755e-08
2025-05-23 20:00:00,4,0,2.3535311937697445e-10
2025-05-23 21:00:00,4,0,5.7752086474195804e-11
2025-05-23 22:00:00,4,0,5.180312673523065e-11
2025-05-23 23:00:00,4,0,4.885977106287176e-11
2025-05-24 00:00:00,4,0,4.903142973361442e-11
2025-05-24 01:00:00,4,0,5.155538779807781e-11
2025-05-24 02:00:00,4,0,5.710077436476142e-11
2025-05-24 03:00:00,4,0,6.60395927926767e-11
2025-05-24 04:00:00,4,0,7.903969243467673e-11
2025-05-24 05:00:00,4,0,9.670439392227033e-11
2025-05-24 06:00:00,4,0,1.376985482324255e-10
2025-05-24 07:00:00,4,0,6.130176047092367e-09
2025-05-24 08:00:00,4,0,5.543797347278787e-06
2025-05-24 09:00:00,4,0,0.010456370938467477
2025-05-24 10:00:00,4,1,0.9494890025273975
2025-05-24 11:00:00,4,1,0.9999017919809549
2025-05-24 12:00:00,4,1,0.9999983464828296
2025-05-24 13:00:00,4,1,0.9999996879653147
2025-05-24 14:00:00,4,1,0.9999993379617618
2025-05-24 15:00:00,4,1,0.9999873677335256
2025-05-24 16:00:00,4,1,0.9982374604969031
2025-05-24 17:00:00,4,0,0.3607351580664047
2025-05-24 18:00:00,4,0,9.478400189374421e-05
2025-05-24 19:00:00,4,0,2.943253278349522e-08
2025-05-24 20:00:00,4,0,1.879602269819903e-10
2025-05-24 21:00:00,4,0,5.835413007905159e-11
2025-05-24 22:00:00,4,0,5.2119211115886666e-11
2025-05-24 23:00:00,4,0,4.922221596572219e-11
2025-05-25 00:00:00,4,0,4.932475875823589e-11
2025-05-25 01:00:00,4,0,5.1869867097302805e-11
2025-05-25 02:00:00,4,0,5.738968521334804e-11
2025-05-25 03:00:00,4,0,6.637373107724697e-11
2025-05-25 04:00:00,4,0,7.88560107790589e-11
2025-05-25 05:00:00,4,0,9.647966097311912e-11
2025-05-25 06:00:00,4,0,1.3302582268821865e-10
2025-05-25 07:00:00,4,0,3.585144176981777e-09
2025-05-25 08:00:00,4,0,2.1512204433945174e-06
2025-05-25 09:00:00,4,0,0.004392701434982596
2025-05-25 10:00:00,4,0,0.8759200126730586
2025-05-25 11:00:00,4,1,0.9996540560746731
2025-05-25 12:00:00,4,1,0.9999896426183131
2025-05-25 13:00:00,4,1,0.9999978756572743
2025-05-25 14:00:00,4,1,0.9999853011616854
2025-05-25 15:00:00,4,1,0.9996790182372934
2025-05-25 16:00:00,4,0,0.4217084341843248
2025-05-25 17:00:00,4,0,0.00037540461076004586
2025-05-25 18:00:00,4,0,7.687549936532649e-07
2025-05-25 19:00:00,4,0,2.0273971339631718e-08
2025-05-25 20:00:00,4,0,2.105840811394511e-10
2025-05-25 21:00:00,4,0,5.84605460367636e-11
2025-05-25 22:00:00,4,0,5.251947818524115e-11
2025-05-25 23:00:00,4,0,4.954041890300995e-11
2025-05-26 00:00:00,4,0,4.9453245513508296e-11
2025-05-26 01:00:00,4,0,5.186144300170039e-11
2025-05-26 02:00:00,4,0,5.7879118339770175e-11
2025-05-26 03:00:00,4,0,6.69425261429613e-11
2025-05-26 04:00:00,4,0,8.012643406204419e-11
2025-05-26 05:00:00,4,0,9.74552871436582e-11
2025-05-26 06:00:00,4,0,1.3876871721616812e-10
2025-05-26 07:00:00,4,0,5.542267091269937e-09
2025-05-26 08:00:00,4,0,3.422679558047676e-06
2025-05-26 09:00:00,4,0,0.003957345930110101
2025-05-26 10:00:00,4,0,0.8590322188680224
2025-05-26 11:00:00,4,1,0.9991096904057987
2025-05-26 12:00:00,4,1,0.9999772352667023
2025-05-26 13:00:00,4,1,0.999996152442713
2025-05-26 14:00:00,4,1,0.9999742892490681
2025-05-26 15:00:00,4,1,0.9999619787467293
2025-05-26 16:00:00,4,1,0.9922194644098227
2025-05-26 17:00:00,4,0,0.14316635220595053
2025-05-26 18:00:00,4,0,0.00010798282498898806
2025-05-26 19:00:00,4,0,7.921842403348969e-08
2025-05-26 20:00:00,4,0,2.621468800543597e-10
2025-05-26 21:00:00,4,0,5.904064776196983e-11
2025-05-26 22:00:00,4,0,5.2958287262718266e-11
2025-05-26 23:00:00,4,0,4.994977002183292e-11
2025-05-27 00:00:00,4,0,5.009236437645767e-11
2025-05-27 01:00:00,4,0,5.271523939313458e-11
2025-05-27 02:00:00,4,0,5.827304261359123e-11
2025-05-27 03:00:00,4,0,6.739409835682001e-11
2025-05-27 04:00:00,4,0,8.066058231968148e-11
2025-05-27 05:00:00,4,0,9.86878501203111e-11
2025-05-27 06:00:00,4,0,1.4031889365448387e-10
2025-05-27 07:00:00,4,0,3.911451133802463e-09
2025-05-27 08:00:00,4,0,1.5925732716792386e-06
2025-05-27 09:00:00,4,0,0.0012644596875347489
2025-05-27 10:00:00,4,1,0.6352750120699627
2025-05-27 11:00:00,4,1,0.9988639535391579
2025-05-27 12:00:00,4,1,0.9999873676084777
2025-05-27 13:00:00,4,1,0.9999987386045619
2025-05-27 14:00:00,4,1,0.999998919776103
2025-05-27 15:00:00,4,1,0.9999784971537786
2025-05-27 16:00:00,4,1,0.9953972691734768
2025-05-27 17:00:00,4,0,0.20753013049710664
2025-05-27 18:00:00,4,0,9.44661705702244e-05
2025-05-27 19:00:00,4,0,8.662032214507603e-08
2025-05-27 20:00:00,4,0,2.79199744353732e-10
2025-05-27 21:00:00,4,0,5.945072989008136e-11
2025-05-27 22:00:00,4,0,5.337619465574313e-11
2025-05-27 23:00:00,4,0,5.0343301508715925e-11
2025-05-28 00:00:00,4,0,5.047629209434487e-11
2025-05-28 01:00:00,4,0,5.307429168674096e-11
2025-05-28 02:00:00,4,0,5.872263262211353e-11
2025-05-28 03:00:00,4,0,6.791513008320133e-11
2025-05-28 04:00:00,4,0,8.12816159765734e-11
2025-05-28 05:00:00,4,0,9.944736837797724e-11
2025-05-28 06:00:00,4,0,1.4577718259259772e-10
2025-05-28 07:00:00,4,0,6.1305378945571875e-09
2025-05-28 08:00:00,4,0,3.6358009831903853e-06
2025-05-28 09:00:00,4,0,0.005234622391108248
2025-05-28 10:00:00,4,1,0.8846592060532342
2025-05-28 11:00:00,4,1,0.9997674025577092
2025-05-28 12:00:00,4,1,0.9999961802015186
2025-05-28 13:00:00,4,1,0.9999989775408271
2025-05-28 14:00:00,4,1,0.9999970353170702
2025-05-28 15:00:00,4,1,0.9999207977780609
2025-05-28 16:00:00,4,0,0.9817525170488068
2025-05-28 17:00:00,4,0,0.09111478270189642
2025-05-28 18:00:00,4,0,7.81504398728342e-05
2025-05-28 19:00:00,4,0,7.109845990445398e-08
2025-05-28 20:00:00,4,0,2.7214409639925924e-10
2025-05-28 21:00:00,4,0,5.984329813875664e-11
2025-05-28 22:00:00,4,0,5.367655626291127e-11
2025-05-28 23:00:00,4,0,5.0671257486848575e-11
2025-05-29 00:00:00,4,0,5.0794218645280014e-11
2025-05-29 01:00:00,4,0,5.3408076637773126e-11
2025-05-29 02:00:00,4,0,5.910060486124369e-11
2025-05-29 03:00:00,4,0,6.835614979397667e-11
2025-05-29 04:00:00,4,0,8.180132011351051e-11
2025-05-29 05:00:00,4,0,1.0008385310564283e-10
2025-05-29 06:00:00,4,0,1.4000393500619557e-10
2025-05-29 07:00:00,4,0,2.860357712219636e-09
2025-05-29 08:00:00,4,0,4.3272241902934685e-07
2025-05-29 09:00:00,4,0,0.00045265787475803795
2025-05-29 10:00:00,4,1,0.3650128603382989
2025-05-29 11:00:00,4,1,0.9965020249204878
2025-05-29 12:00:00,4,1,0.9999733339864559
2025-05-29 13:00:00,4,1,0.9999980892752152
2025-05-29 14:00:00,4,1,0.9999939634764642
2025-05-29 15:00:00,4,1,0.9999214491552353
2025-05-29 16:00:00,4,1,0.9931795079006099
2025-05-29 17:00:00,4,0,0.24948387456334178
2025-05-29 18:00:00,4,0,0.00012351800277761305
2025-05-29 19:00:00,4,0,7.85718290473726e-08
2025-05-29 20:00:00,4,0,2.8583888077831646e-10
2025-05-29 21:00:00,4,0,6.027886786873527e-11
2025-05-29 22:00:00,4,0,5.4087183186709023e-11
2025-05-29 23:00:00,4,0,5.099733321624889e-11
2025-05-30 00:00:00,4,0,5.110970152911917e-11
2025-05-30 01:00:00,4,0,5.3745632686265245e-11
2025-05-30 02:00:00,4,0,5.946786620841266e-11
2025-05-30 03:00:00,4,0,6.877724010473504e-11
2025-05-30 04:00:00,4,0,8.231625415146515e-11
2025-05-30 05:00:00,4,0,1.007132394175508e-10
2025-05-30 06:00:00,4,0,1.3458914226388393e-10
2025-05-30 07:00:00,4,0,9.48566501146166e-10
2025-05-30 08:00:00,4,0,3.061462122747875e-08
2025-05-30 09:00:00,4,0,1.1816975798947436e-05
2025-05-30 10:00:00,4,0,0.00745389909755505
2025-05-30 11:00:00,4,0,0.9129657075988962
2025-05-30 12:00:00,4,0,0.9988542161788557
2025-05-30 13:00:00,4,0,0.9996291370058709
2025-05-30 14:00:00,4,0,0.9986749381764393
2025-05-30 15:00:00,4,1,0.9932392124147045
2025-05-30 16:00:00,4,0,0.8074089187765492
2025-05-30 17:00:00,4,0,0.030662889032303266
2025-05-30 18:00:00,4,0,5.8695427565434954e-05
2025-05-30 19:00:00,4,0,7.606623911678624e-08
2025-05-30 20:00:00,4,0,3.197076485110674e-10
2025-05-30 21:00:00,4,0,6.067743990277797e-11
2025-05-30 22:00:00,4,0,5.442662887722615e-11
2025-05-30 23:00:00,4,0,5.1333887066629295e-11
2025-05-31 00:00:00,4,0,5.143512039514258e-11
2025-05-31 01:00:00,4,0,5.408247059217242e-11
2025-05-31 02:00:00,4,0,5.984650206437018e-11
2025-05-31 03:00:00,4,0,6.921405820636368e-11
2025-05-31 04:00:00,4,0,8.284036721178427e-11
2025-05-31 05:00:00,4,0,1.0135480687336055e-10
2025-05-31 06:00:00,4,0,1.50060011402733e-10
2025-05-31 07:00:00,4,0,7.766610891873956e-09
2025-05-31 08:00:00,4,0,5.796988347466612e-06
2025-05-31 09:00:00,4,0,0.0028347266652599228
2025-05-31 10:00:00,4,1,0.8424799784550109
2025-05-31 11:00:00,4,1,0.9996166946415632
2025-05-31 12:00:00,4,1,0.9999930769066562
2025-05-31 13:00:00,4,1,0.9999987087430977
2025-05-31 14:00:00,4,1,0.9999982678535312
2025-05-31 15:00:00,4,1,0.9999671227978342
2025-05-31 16:00:00,4,1,0.9961601743226834
2025-05-31 17:00:00,4,0,0.21728391238469016
2025-05-31 18:00:00,4,0,0.00014735991176818307
2025-05-31 19:00:00,4,0,1.0384478644953302e-07
2025-05-31 20:00:00,4,0,3.1117574903714305e-10
2025-05-31 21:00:00,4,0,6.103481544454735e-11
2025-05-31 22:00:00,4,0,5.474718864396942e-11
2025-05-31 23:00:00,4,0,5.163590571365152e-11
2025-06-01 00:00:00,4,0,5.172667690247064e-11
2025-06-01 01:00:00,4,0,5.4387661548353634e-11
2025-06-01 02:00:00,4,0,6.018270177974855e-11
2025-06-01 03:00:00,4,0,6.960705182527289e-11
2025-06-01 04:00:00,4,0,8.330810354658237e-11
2025-06-01 05:00:00,4,0,1.0192354508199273e-10
2025-06-01 06:00:00,4,0,1.4942428246331031e-10
2025-06-01 07:00:00,4,0,6.179531205720719e-09
2025-06-01 08:00:00,4,0,2.1782765316795356e-06
2025-06-01 09:00:00,4,0,0.0024118114522994937
2025-06-01 10:00:00,4,1,0.7706821502981012
2025-06-01 11:00:00,4,1,0.9995918705395558
2025-06-01 12:00:00,4,1,0.999994333226861
2025-06-01 13:00:00,4,1,0.9999986321843379
2025-06-01 14:00:00,4,1,0.9999973477558974
2025-06-01 15:00:00,4,1,0.9998964945605603
2025-06-01 16:00:00,4,1,0.9872905345182582
2025-06-01 17:00:00,4,0,0.1289915946563333
2025-06-01 18:00:00,4,0,0.00012621254321101545
2025-06-01 19:00:00,4,0,1.0115894883431365e-07
2025-06-01 20:00:00,4,0,3.2802438130637497e-10
2025-06-01 21:00:00,4,0,6.140072523532087e-11
2025-06-01 22:00:00,4,0,5.507557713770047e-11
2025-06-01 23:00:00,4,0,5.1946778380516944e-11
2025-06-02 00:00:00,4,0,5.202508005612413e-11
2025-06-02 01:00:00,4,0,5.470331273034845e-11
2025-06-02 02:00:00,4,0,6.053484869503988e-11
2025-06-02 03:00:00,4,0,7.001036998120591e-11
2025-06-02 04:00:00,4,0,8.379292207195371e-11
2025-06-02 05:00:00,4,0,1.0252219282329511e-10
2025-06-02 06:00:00,4,0,1.5435717354323198e-10
2025-06-02 07:00:00,4,0,8.621108483590573e-09
2025-06-02 08:00:00,4,0,7.174335745750101e-06
2025-06-02 09:00:00,4,0,0.011807767855552763
2025-06-02 10:00:00,4,1,0.9444417829308691
2025-06-02 11:00:00,4,1,0.9998734288503986
2025-06-02 12:00:00,4,1,0.9999976522986499
2025-06-02 13:00:00,4,1,0.9999995537743519
2025-06-02 14:00:00,4,1,0.9999991168198556
2025-06-02 15:00:00,4,1,0.999985653278419
2025-06-02 16:00:00,4,1,0.9983467755900238
2025-06-02 17:00:00,4,0,0.49614777403981636
2025-06-02 18:00:00,4,0,0.0004289929295502599
2025-06-02 19:00:00,4,0,1.7883226615862998e-07
2025-06-02 20:00:00,4,0,3.8258345082839895e-10
2025-06-02 21:00:00,4,0,6.174315148318073e-11
2025-06-02 22:00:00,4,0,5.5383077852021615e-11
2025-06-02 23:00:00,4,0,5.224027375030103e-11
2025-06-03 00:00:00,4,0,5.230782400175967e-11
2025-06-03 01:00:00,4,0,5.500043881924697e-11
2025-06-03 02:00:00,4,0,6.086192222462858e-11
2025-06-03 03:00:00,4,0,7.038797454217138e-11
2025-06-03 04:00:00,4,0,8.424592603387904e-11
2025-06-03 05:00:00,4,0,1.030741766138621e-10
2025-06-03 06:00:00,4,0,1.5772351571898512e-10
2025-06-03 07:00:00,4,0,9.961825375313192e-09
2025-06-03 08:00:00,4,0,1.0216722070582036e-05
2025-06-03 09:00:00,4,0,0.02024041643478092
2025-06-03 10:00:00,4,1,0.9745064647842547
2025-06-03 11:00:00,4,1,0.9999532959318692
2025-06-03 12:00:00,4,1,0.9999992914107055
2025-06-03 13:00:00,4,1,0.9999998800438747
2025-06-03 14:00:00,4,1,0.99999977641745
2025-06-03 15:00:00,4,1,0.9999957660625998
2025-06-03 16:00:00,4,1,0.9993375285588062
2025-06-03 17:00:00,4,1,0.6348963595940322
2025-06-03 18:00:00,4,0,0.0006173405104679099
2025-06-03 19:00:00,4,0,2.186340681030835e-07
2025-06-03 20:00:00,4,0,4.0937075568146443e-10
2025-06-03 21:00:00,4,0,6.20753834811741e-11
2025-06-03 22:00:00,4,0,5.5681087107589485e-11
2025-06-03 23:00:00,4,0,5.2517393062280546e-11
2025-06-04 00:00:00,4,0,5.2573138551341535e-11
2025-06-04 01:00:00,4,0,5.527941078817465e-11
2025-06-04 02:00:00,4,0,6.11706246757386e-11
2025-06-04 03:00:00,4,0,7.074655623146632e-11
2025-06-04 04:00:00,4,0,8.46732362947363e-11
2025-06-04 05:00:00,4,0,1.0359698709704167e-10
2025-06-04 06:00:00,4,0,1.6263533194692888e-10
2025-06-04 07:00:00,4,0,1.0723248503148947e-08
2025-06-04 08:00:00,4,0,1.1074438951108893e-05
2025-06-04 09:00:00,4,0,0.024366109279214482
2025-06-04 10:00:00,4,1,0.978374732682733
2025-06-04 11:00:00,4,1,0.9999580500114227
2025-06-04 12:00:00,4,1,0.9999993249887362
2025-06-04 13:00:00,4,1,0.9999998799786642
2025-06-04 14:00:00,4,1,0.9999997732422682
2025-06-04 15:00:00,4,1,0.9999954583201119
2025-06-04 16:00:00,4,1,0.9992914661099157
2025-06-04 17:00:00,4,1,0.619433995729881
2025-06-04 18:00:00,4,0,0.0005783081049311948
2025-06-04 19:00:00,4,0,2.2405399306971735e-07
2025-06-04 20:00:00,4,0,4.28981770333546e-10
2025-06-04 21:00:00,4,0,6.23949677439678e-11
2025-06-04 22:00:00,4,0,5.596775145305168e-11
2025-06-04 23:00:00,4,0,5.278776968187738e-11
2025-06-05 00:00:00,4,0,5.283149899755272e-11
2025-06-05 01:00:00,4,0,5.5551070682010714e-11
2025-06-05 02:00:00,4,0,6.147123579239603e-11
2025-06-05 03:00:00,4,0,7.109422639800361e-11
2025-06-05 04:00:00,4,0,8.508934641700311e-11
2025-06-05 05:00:00,4,0,1.0410609430556444e-10
2025-06-05 06:00:00,4,0,1.634350869027973e-10
2025-06-05 07:00:00,4,0,1.0427328754912384e-08
2025-06-05 08:00:00,4,0,1.110523693907831e-05
2025-06-05 09:00:00,4,0,0.02213472428150445
2025-06-05 10:00:00,4,1,0.9744782515397357
2025-06-05 11:00:00,4,1,0.9999463371875991
2025-06-05 12:00:00,4,1,0.9999990848719601
2025-06-05 13:00:00,4,1,0.9999998453035068
2025-06-05 14:00:00,4,1,0.9999996978134352
2025-06-05 15:00:00,4,1,0.9999942543054792
2025-06-05 16:00:00,4,1,0.9991314361691158
2025-06-05 17:00:00,4,1,0.5660951827069202
2025-06-05 18:00:00,4,0,0.000514034169477182
2025-06-05 19:00:00,4,0,2.13406080315172e-07
2025-06-05 20:00:00,4,0,4.3339533699066326e-10
2025-06-05 21:00:00,4,0,6.270159565608612e-11
2025-06-05 22:00:00,4,0,5.624155275523928e-11
2025-06-05 23:00:00,4,0,5.304584685995737e-11
2025-06-06 00:00:00,4,0,5.3077185177781104e-11
2025-06-06 01:00:00,4,0,5.580940388516391e-11
2025-06-06 02:00:00,4,0,6.175671053707263e-11
2025-06-06 03:00:00,4,0,7.142506627439856e-11
2025-06-06 04:00:00,4,0,8.548612175481682e-11
2025-06-06 05:00:00,4,0,1.0459154556914957e-10
2025-06-06 06:00:00,4,0,1.6418734095534198e-10
2025-06-06 07:00:00,4,0,1.0245486233259546e-08
2025-06-06 08:00:00,4,0,9.433467147890814e-06
2025-06-06 09:00:00,4,0,0.01794007392002578
2025-06-06 10:00:00,4,1,0.9685238877040726
2025-06-06 11:00:00,4,1,0.9999333892270305
2025-06-06 12:00:00,4,1,0.9999988127876464
2025-06-06 13:00:00,4,1,0.9999997830596528
2025-06-06 14:00:00,4,1,0.9999995688042861
2025-06-06 15:00:00,4,1,0.9999936453976439
2025-06-06 16:00:00,4,1,0.9990036601343018
2025-06-06 17:00:00,4,0,0.545974516255426
2025-06-06 18:00:00,4,0,0.00047407307989498314
2025-06-06 19:00:00,4,0,2.0801968893885393e-07
2025-06-06 20:00:00,4,0,4.368896639116081e-10
2025-06-06 21:00:00,4,0,6.299338008370855e-11
2025-06-06 22:00:00,4,0,5.650380957156146e-11
2025-06-06 23:00:00,4,0,5.329336999208142e-11
2025-06-07 00:00:00,4,0,5.331195220992515e-11
2025-06-07 01:00:00,4,0,5.6055902376707115e-11
2025-06-07 02:00:00,4,0,6.202986819603792e-11
2025-06-07 03:00:00,4,0,7.174030969314869e-11
2025-06-07 04:00:00,4,0,8.586871179946829e-11
2025-06-07 05:00:00,4,0,1.0519644143865343e-10
2025-06-07 06:00:00,4,0,1.5964637631051028e-10
2025-06-07 07:00:00,4,0,7.181287251423072e-09
2025-06-07 08:00:00,4,0,3.5215396873058087e-06
2025-06-07 09:00:00,4,0,0.007690709915961937
2025-06-07 10:00:00,4,1,0.9111384459801233
2025-06-07 11:00:00,4,1,0.9998297712155243
2025-06-07 12:00:00,4,1,0.9999975652384253
2025-06-07 13:00:00,4,1,0.9999994031060676
2025-06-07 14:00:00,4,1,0.999998733734532
2025-06-07 15:00:00,4,1,0.9999766696571225
2025-06-07 16:00:00,4,1,0.9976833463563237
2025-06-07 17:00:00,4,0,0.4544604728827245
2025-06-07 18:00:00,4,0,0.00041514498949131386
2025-06-07 19:00:00,4,0,1.9142068124062185e-07
2025-06-07 20:00:00,4,0,4.3390294079833986e-10
2025-06-07 21:00:00,4,0,6.327061124070173e-11
2025-06-07 22:00:00,4,0,5.675480665799948e-11
2025-06-07 23:00:00,4,0,5.352926201240415e-11
2025-06-08 00:00:00,4,0,5.3535743935181115e-11
2025-06-08 01:00:00,4,0,5.6291567564549424e-11
2025-06-08 02:00:00,4,0,6.229123779791201e-11
2025-06-08 03:00:00,4,0,7.204418534995295e-11
2025-06-08 04:00:00,4,0,8.622657961807486e-11
2025-06-08 05:00:00,4,0,1.0549915265352967e-10
2025-06-08 06:00:00,4,0,1.65193114330356e-10
2025-06-08 07:00:00,4,0,1.0013506186997412e-08
2025-06-08 08:00:00,4,0,7.62130373081566e-06
2025-06-08 09:00:00,4,0,0.008888861714873677
2025-06-08 10:00:00,4,1,0.932621871280104
2025-06-08 11:00:00,4,1,0.9997510828178601
2025-06-08 12:00:00,4,1,0.9999967387864158
2025-06-08 13:00:00,4,1,0.9999996620108741
2025-06-08 14:00:00,4,1,0.9999995446072347
2025-06-08 15:00:00,4,1,0.9999904723998942
2025-06-08 16:00:00,4,1,0.9986971526194383
2025-06-08 17:00:00,4,1,0.5099540833488684
2025-06-08 18:00:00,4,0,0.0004788580966927846
2025-06-08 19:00:00,4,0,2.3624747808565771e-07
2025-06-08 20:00:00,4,0,4.804276255000946e-10
2025-06-08 21:00:00,4,0,6.353961286205266e-11
2025-06-08 22:00:00,4,0,5.699341011642066e-11
2025-06-08 23:00:00,4,0,5.375464389794985e-11
2025-06-09 00:00:00,4,0,5.374851639401022e-11
2025-06-09 01:00:00,4,0,5.651493638821395e-11
2025-06-09 02:00:00,4,0,6.253762500591593e-11
2025-06-09 03:00:00,4,0,7.232686895879782e-11
2025-06-09 04:00:00,4,0,8.656573025560823e-11
2025-06-09 05:00:00,4,0,1.0591277136025524e-10
2025-06-09 06:00:00,4,0,1.6431244185000201e-10
2025-06-09 07:00:00,4,0,9.983253155777696e-09
2025-06-09 08:00:00,4,0,8.851115821670978e-06
2025-06-09 09:00:00,4,0,0.01709986488551192
2025-06-09 10:00:00,4,1,0.9641432156084101
2025-06-09 11:00:00,4,1,0.9999362928821283
2025-06-09 12:00:00,4,1,0.999998766333984
2025-06-09 13:00:00,4,1,0.9999997923483581
2025-06-09 14:00:00,4,1,0.9999996231917921
2025-06-09 15:00:00,4,1,0.9999919883390666
2025-06-09 16:00:00,4,1,0.9986909644833223
2025-06-09 17:00:00,4,1,0.4961323448951319
2025-06-09 18:00:00,4,0,0.00045266161040880383
2025-06-09 19:00:00,4,0,2.311355646060696e-07
2025-06-09 20:00:00,4,0,4.774342942894152e-10
2025-06-09 21:00:00,4,0,6.379154129660474e-11
2025-06-09 22:00:00,4,0,5.7219203078178445e-11
2025-06-09 23:00:00,4,0,5.396777587463735e-11
2025-06-10 00:00:00,4,0,5.3948536867099644e-11
2025-06-10 01:00:00,4,0,5.6725609561711735e-11
2025-06-10 02:00:00,4,0,6.277094713071201e-11
2025-06-10 03:00:00,4,0,7.259762943780392e-11
2025-06-10 04:00:00,4,0,8.688815111770379e-11
2025-06-10 05:00:00,4,0,1.0630792216512476e-10
2025-06-10 06:00:00,4,0,1.6102869816358442e-10
2025-06-10 07:00:00,4,0,7.61673633134174e-09
2025-06-10 08:00:00,4,0,5.440214200754238e-06
2025-06-10 09:00:00,4,0,0.008450738737407044
2025-06-10 10:00:00,4,1,0.9451891583340356
2025-06-10 11:00:00,4,1,0.9998807342257653
2025-06-10 12:00:00,4,1,0.9999970276362711
2025-06-10 13:00:00,4,1,0.9999993325961902
2025-06-10 14:00:00,4,1,0.9999985407620944
2025-06-10 15:00:00,4,1,0.9999794205559486
2025-06-10 16:00:00,4,1,0.9980692729696611
2025-06-10 17:00:00,4,0,0.4513009140187159
2025-06-10 18:00:00,4,0,0.00042309852163096407
2025-06-10 19:00:00,4,0,2.2437677752820663e-07
2025-06-10 20:00:00,4,0,4.827634986705737e-10
2025-06-10 21:00:00,4,0,6.402812850240473e-11
2025-06-10 22:00:00,4,0,5.7422995018168903e-11
2025-06-10 23:00:00,4,0,5.415845067028414e-11
2025-06-11 00:00:00,4,0,5.412851380215862e-11
2025-06-11 01:00:00,4,0,5.6923196611269825e-11
2025-06-11 02:00:00,4,0,6.298959134339263e-11
2025-06-11 03:00:00,4,0,7.283936201981967e-11
2025-06-11 04:00:00,4,0,8.719299985302413e-11
2025-06-11 05:00:00,4,0,1.0666223818664533e-10
2025-06-11 06:00:00,4,0,1.6473388693122142e-10
2025-06-11 07:00:00,4,0,8.613008601442873e-09
2025-06-11 08:00:00,4,0,5.160835833189288e-06
2025-06-11 09:00:00,4,0,0.006524782657784591
2025-06-11 10:00:00,4,1,0.919607209484395
2025-06-11 11:00:00,4,1,0.9997943688735521
2025-06-11 12:00:00,4,1,0.9999957421707694
2025-06-11 13:00:00,4,1,0.9999995594870859
2025-06-11 14:00:00,4,1,0.9999993011907725
2025-06-11 15:00:00,4,1,0.9999885293464037
2025-06-11 16:00:00,4,1,0.9985826785226696
2025-06-11 17:00:00,4,0,0.5013808673234215
2025-06-11 18:00:00,4,0,0.0004718091554921863
2025-06-11 19:00:00,4,0,2.600229825488905e-07
2025-06-11 20:00:00,4,0,5.005959656768181e-10
2025-06-11 21:00:00,4,0,6.425256982589477e-11
2025-06-11 22:00:00,4,0,5.7633822886437307e-11
2025-06-11 23:00:00,4,0,5.435814974169392e-11
2025-06-12 00:00:00,4,0,5.431155705228643e-11
2025-06-12 01:00:00,4,0,5.710785686868481e-11
2025-06-12 02:00:00,4,0,6.319432963325198e-11
2025-06-12 03:00:00,4,0,7.308636997152453e-11
2025-06-12 04:00:00,4,0,8.747364966109959e-11
2025-06-12 05:00:00,4,0,1.0700859051881558e-10
2025-06-12 06:00:00,4,0,1.640863659486695e-10
2025-06-12 07:00:00,4,0,9.882579334711908e-09
2025-06-12 08:00:00,4,0,7.812745800297759e-06
2025-06-12 09:00:00,4,0,0.015151163229239198
2025-06-12 10:00:00,4,1,0.9615304418250855
2025-06-12 11:00:00,4,1,0.9999188597199624
2025-06-12 12:00:00,4,1,0.9999987318559392
2025-06-12 13:00:00,4,1,0.9999998180620877
2025-06-12 14:00:00,4,1,0.9999997193271646
2025-06-12 15:00:00,4,1,0.9999952033979859
2025-06-12 16:00:00,4,1,0.999316674360488
2025-06-12 17:00:00,4,1,0.6554683522555287
2025-06-12 18:00:00,4,0,0.0007861643367471394
2025-06-12 19:00:00,4,0,3.166985104044948e-07
2025-06-12 20:00:00,4,0,5.407345250590379e-10
2025-06-12 21:00:00,4,0,6.445856787683408e-11
2025-06-12 22:00:00,4,0,5.78191476933781e-11
2025-06-12 23:00:00,4,0,5.453431697850231e-11
2025-06-13 00:00:00,4,0,5.4475049169065675e-11
2025-06-13 01:00:00,4,0,5.727904418557833e-11
2025-06-13 02:00:00,4,0,6.3381963250463e-11
2025-06-13 03:00:00,4,0,7.330314344473988e-11
2025-06-13 04:00:00,4,0,8.773281904899415e-11
2025-06-13 05:00:00,4,0,1.0733071461037344e-10
2025-06-13 06:00:00,4,0,1.6652929562346035e-10
2025-06-13 07:00:00,4,0,8.76892931735764e-09
2025-06-13 08:00:00,4,0,7.506026716257004e-06
2025-06-13 09:00:00,4,0,0.009956966818992058
2025-06-13 10:00:00,4,1,0.9585587933902296
2025-06-13 11:00:00,4,1,0.9999366200954318
2025-06-13 12:00:00,4,1,0.9999990423720044
2025-06-13 13:00:00,4,1,0.9999998454596805
2025-06-13 14:00:00,4,1,0.9999997086055358
2025-06-13 15:00:00,4,1,0.9999929068592125
2025-06-13 16:00:00,4,1,0.9989918022602627
2025-06-13 17:00:00,4,1,0.5217119030347424
2025-06-13 18:00:00,4,0,0.0004627245171925697
2025-06-13 19:00:00,4,0,2.509559171299701e-07
2025-06-13 20:00:00,4,0,5.494180210118824e-10
2025-06-13 21:00:00,4,0,6.465097441416986e-11
2025-06-13 22:00:00,4,0,5.7991735797115064e-11
2025-06-13 23:00:00,4,0,5.4696755064006224e-11
2025-06-14 00:00:00,4,0,5.462367042869781e-11
2025-06-14 01:00:00,4,0,5.743314237127841e-11
2025-06-14 02:00:00,4,0,6.354757051207768e-11
2025-06-14 03:00:00,4,0,7.350429112483645e-11
2025-06-14 04:00:00,4,0,8.796177398756575e-11
2025-06-14 05:00:00,4,0,1.0762150307360935e-10
2025-06-14 06:00:00,4,0,1.6805782482758849e-10
2025-06-14 07:00:00,4,0,8.722395960239823e-09
2025-06-14 08:00:00,4,0,6.715788465015028e-06
2025-06-14 09:00:00,4,0,0.01135047278137143
2025-06-14 10:00:00,4,1,0.9476630859364296
2025-06-14 11:00:00,4,1,0.9999404783156728
2025-06-14 12:00:00,4,1,0.9999990454695503
2025-06-14 13:00:00,4,1,0.9999998109530361
2025-06-14 14:00:00,4,1,0.999999703326906
2025-06-14 15:00:00,4,1,0.9999946422821728
2025-06-14 16:00:00,4,1,0.999269592479873
2025-06-14 17:00:00,4,1,0.6389166778009051
2025-06-14 18:00:00,4,0,0.0007861775148171233
2025-06-14 19:00:00,4,0,3.410708869594573e-07
2025-06-14 20:00:00,4,0,5.858972409025611e-10
2025-06-14 21:00:00,4,0,6.483021972885846e-11
2025-06-14 22:00:00,4,0,5.81506848220754e-11
2025-06-14 23:00:00,4,0,5.484805636115777e-11
2025-06-15 00:00:00,4,0,5.4763122352316915e-11
2025-06-15 01:00:00,4,0,5.758339781384883e-11
2025-06-15 02:00:00,4,0,6.372015122811949e-11
2025-06-15 03:00:00,4,0,7.36951974224949e-11
2025-06-15 04:00:00,4,0,8.820232669308541e-11
2025-06-15 05:00:00,4,0,1.0791479929430129e-10
2025-06-15 06:00:00,4,0,1.6900381068104217e-10
2025-06-15 07:00:00,4,0,1.0922402022649053e-08
2025-06-15 08:00:00,4,0,9.072287948188762e-06
2025-06-15 09:00:00,4,0,0.014567913956872404
2025-06-15 10:00:00,4,1,0.9494064440023414
2025-06-15 11:00:00,4,1,0.9998551463246076
2025-06-15 12:00:00,4,1,0.9999977847823485
2025-06-15 13:00:00,4,1,0.9999996793222308
2025-06-15 14:00:00,4,1,0.9999994459814797
2025-06-15 15:00:00,4,1,0.9999871676118051
2025-06-15 16:00:00,4,1,0.9986405686439056
2025-06-15 17:00:00,4,0,0.574554545494211
2025-06-15 18:00:00,4,0,0.0006488522307119131
2025-06-15 19:00:00,4,0,3.1443479192472615e-07
2025-06-15 20:00:00,4,0,5.668573456166702e-10
2025-06-15 21:00:00,4,0,6.499470390315022e-11
2025-06-15 22:00:00,4,0,5.830042778525817e-11
2025-06-15 23:00:00,4,0,5.498790775729362e-11
2025-06-16 00:00:00,4,0,5.4888273018907974e-11
2025-06-16 01:00:00,4,0,5.771371988191698e-11
2025-06-16 02:00:00,4,0,6.386436192427287e-11
2025-06-16 03:00:00,4,0,7.386198352576864e-11
2025-06-16 04:00:00,4,0,8.840194516054493e-11
2025-06-16 05:00:00,4,0,1.0815903079769307e-10
2025-06-16 06:00:00,4,0,1.6935748161612032e-10
2025-06-16 07:00:00,4,0,1.1512324721946887e-08
2025-06-16 08:00:00,4,0,1.2107223768095297e-05
2025-06-16 09:00:00,4,0,0.023588160927122234
2025-06-16 10:00:00,4,1,0.9763748248695323
2025-06-16 11:00:00,4,1,0.9999472887154128
2025-06-16 12:00:00,4,1,0.9999988145115174
2025-06-16 13:00:00,4,1,0.9999997030187113
2025-06-16 14:00:00,4,1,0.9999993201596235
2025-06-16 15:00:00,4,1,0.9999898289966072
2025-06-16 16:00:00,4,1,0.9989753424270598
2025-06-16 17:00:00,4,1,0.6215272935423218
2025-06-16 18:00:00,4,0,0.0007917805416942824
2025-06-16 19:00:00,4,0,3.6015970610027595e-07
2025-06-16 20:00:00,4,0,6.239665314415833e-10
2025-06-16 21:00:00,4,0,6.514262071667755e-11
2025-06-16 22:00:00,4,0,5.843237262711674e-11
2025-06-16 23:00:00,4,0,5.5112355742819855e-11
2025-06-17 00:00:00,4,0,5.499898605514537e-11
2025-06-17 01:00:00,4,0,5.7830132018958754e-11
2025-06-17 02:00:00,4,0,6.399318028613863e-11
2025-06-17 03:00:00,4,0,7.401096770779385e-11
2025-06-17 04:00:00,4,0,8.85802573430819e-11
2025-06-17 05:00:00,4,0,1.083771942420292e-10
2025-06-17 06:00:00,4,0,1.6969908611496528e-10
2025-06-17 07:00:00,4,0,1.1221682245188292e-08
2025-06-17 08:00:00,4,0,1.2074490193552538e-05
2025-06-17 09:00:00,4,0,0.023819430051505688
2025-06-17 10:00:00,4,1,0.9768132435049148
2025-06-17 11:00:00,4,1,0.9999523347179284
2025-06-17 12:00:00,4,1,0.9999992486172592
2025-06-17 13:00:00,4,1,0.9999998821035693
2025-06-17 14:00:00,4,1,0.9999997847675973
2025-06-17 15:00:00,4,1,0.9999963079748624
2025-06-17 16:00:00,4,1,0.999497454390493
2025-06-17 17:00:00,4,1,0.7179491017956371
2025-06-17 18:00:00,4,0,0.001095434973755303
2025-06-17 19:00:00,4,0,4.418409690265921e-07
2025-06-17 20:00:00,4,0,6.470695492902276e-10
2025-06-17 21:00:00,4,0,6.514183867103274e-11
2025-06-17 22:00:00,4,0,5.8550234331125e-11
2025-06-17 23:00:00,4,0,5.52235207677493e-11
2025-06-18 00:00:00,4,0,5.509635617124419e-11
2025-06-18 01:00:00,4,0,5.793251439129985e-11
2025-06-18 02:00:00,4,0,6.410647370917902e-11
2025-06-18 03:00:00,4,0,7.41419966055072e-11
2025-06-18 04:00:00,4,0,8.873707968763607e-11
2025-06-18 05:00:00,4,0,1.0871884189685224e-10
2025-06-18 06:00:00,4,0,1.6996865795195453e-10
2025-06-18 07:00:00,4,0,1.1096838688775303e-08
2025-06-18 08:00:00,4,0,1.1172044518377399e-05
2025-06-18 09:00:00,4,0,0.021447257273238526
2025-06-18 10:00:00,4,1,0.9741758382050009
2025-06-18 11:00:00,4,1,0.9999486483768051
2025-06-18 12:00:00,4,1,0.9999991867798893
2025-06-18 13:00:00,4,1,0.9999998762982736
2025-06-18 14:00:00,4,1,0.9999997771122228
2025-06-18 15:00:00,4,1,0.99999634885822
2025-06-18 16:00:00,4,1,0.9994729965326307
2025-06-18 17:00:00,4,1,0.7129569365250106
2025-06-18 18:00:00,4,0,0.001054571561155709
2025-06-18 19:00:00,4,0,4.3411359259716174e-07
2025-06-18 20:00:00,4,0,6.593692611039556e-10
2025-06-18 21:00:00,4,0,6.538957842047266e-11
2025-06-18 22:00:00,4,0,5.865389157143665e-11
2025-06-18 23:00:00,4,0,5.5321288399740714e-11
2025-06-19 00:00:00,4,0,5.5180282881087306e-11
2025-06-19 01:00:00,4,0,5.802076134016658e-11
2025-06-19 02:00:00,4,0,6.420412527439842e-11
2025-06-19 03:00:00,4,0,7.425493499687452e-11
2025-06-19 04:00:00,4,0,8.887225035329445e-11
2025-06-19 05:00:00,4,0,1.0873444521570752e-10
2025-06-19 06:00:00,4,0,1.6623569273136007e-10
2025-06-19 07:00:00,4,0,1.0004040894731071e-08
2025-06-19 08:00:00,4,0,9.257465033783599e-06
2025-06-19 09:00:00,4,0,0.017432440520685124
2025-06-19 10:00:00,4,1,0.9680252389867384
2025-06-19 11:00:00,4,1,0.9999392282642562
2025-06-19 12:00:00,4,1,0.9999990739746005
2025-06-19 13:00:00,4,1,0.9999998437493649
2025-06-19 14:00:00,4,1,0.999999719638839
2025-06-19 15:00:00,4,1,0.9999958477930653
2025-06-19 16:00:00,4,1,0.9994192282894787
2025-06-19 17:00:00,4,1,0.6534761524653734
2025-06-19 18:00:00,4,0,0.0007584868835373718
2025-06-19 19:00:00,4,0,3.405458860631471e-07
2025-06-19 20:00:00,4,0,6.237044593613308e-10
2025-06-19 21:00:00,4,0,6.548526140144671e-11
2025-06-19 22:00:00,4,0,5.874082962215616e-11
2025-06-19 23:00:00,4,0,5.540398553805229e-11
2025-06-20 00:00:00,4,0,5.524893737368883e-11
2025-06-20 01:00:00,4,0,5.809331624547366e-11
2025-06-20 02:00:00,4,0,6.42860339833829e-11
2025-06-20 03:00:00,4,0,7.434966607272464e-11
2025-06-20 04:00:00,4,0,8.898562953663655e-11
2025-06-20 05:00:00,4,0,1.088731636857638e-10
2025-06-20 06:00:00,4,0,1.6597098959491555e-10
2025-06-20 07:00:00,4,0,9.882066993826698e-09
2025-06-20 08:00:00,4,0,8.994589591867569e-06
2025-06-20 09:00:00,4,0,0.01516184186157244
2025-06-20 10:00:00,4,1,0.9615647427367224
2025-06-20 11:00:00,4,1,0.9999222493202744
2025-06-20 12:00:00,4,1,0.9999986922394424
2025-06-20 13:00:00,4,1,0.999999798955993
2025-06-20 14:00:00,4,1,0.9999996714966592
2025-06-20 15:00:00,4,1,0.9999943756191261
2025-06-20 16:00:00,4,1,0.9992775703356196
2025-06-20 17:00:00,4,1,0.666208481192045
2025-06-20 18:00:00,4,0,0.0007985715830659982
2025-06-20 19:00:00,4,0,3.5153492526410164e-07
2025-06-20 20:00:00,4,0,6.358318679483991e-10
2025-06-20 21:00:00,4,0,6.557025169532993e-11
2025-06-20 22:00:00,4,0,5.88159539509379e-11
2025-06-20 23:00:00,4,0,5.5473792886291005e-11
2025-06-21 00:00:00,4,0,5.530572892881525e-11
2025-06-21 01:00:00,4,0,5.815211483249037e-11
2025-06-21 02:00:00,4,0,6.434907153313113e-11
2025-06-21 03:00:00,4,0,7.441001834509833e-11
2025-06-21 04:00:00,4,0,8.905505442180576e-11
2025-06-21 05:00:00,4,0,1.0895913507302956e-10
2025-06-21 06:00:00,4,0,1.631424558986694e-10
2025-06-21 07:00:00,4,0,8.967743646937746e-09
2025-06-21 08:00:00,4,0,7.0825734003397735e-06
2025-06-21 09:00:00,4,0,0.01277025227329672
2025-06-21 10:00:00,4,1,0.9619755684449853
2025-06-21 11:00:00,4,1,0.9999151499977139
2025-06-21 12:00:00,4,1,0.9999984239996613
2025-06-21 13:00:00,4,1,0.9999997380237609
2025-06-21 14:00:00,4,1,0.9999995147648856
2025-06-21 15:00:00,4,1,0.9999905444742359
2025-06-21 16:00:00,4,1,0.9990318461847004
2025-06-21 17:00:00,4,1,0.5972080108924105
2025-06-21 18:00:00,4,0,0.0006967368959176194
2025-06-21 19:00:00,4,0,3.551639235808031e-07
2025-06-21 20:00:00,4,0,6.597883428562952e-10
2025-06-21 21:00:00,4,0,6.563889448004641e-11
2025-06-21 22:00:00,4,0,5.887845414226751e-11
2025-06-21 23:00:00,4,0,5.5533266844312905e-11
2025-06-22 00:00:00,4,0,5.535060397846274e-11
2025-06-22 01:00:00,4,0,5.8199849942580645e-11
2025-06-22 02:00:00,4,0,6.440229963128295e-11
2025-06-22 03:00:00,4,0,7.448413248107774e-11
2025-06-22 04:00:00,4,0,8.91465660765122e-11
2025-06-22 05:00:00,4,0,1.0907006817854304e-10
2025-06-22 06:00:00,4,0,1.6535328153594475e-10
2025-06-22 07:00:00,4,0,9.083544927308992e-09
2025-06-22 08:00:00,4,0,7.380309057050234e-06
2025-06-22 09:00:00,4,0,0.0094989476778126
2025-06-22 10:00:00,4,1,0.9463199251058174
2025-06-22 11:00:00,4,1,0.999875367064024
2025-06-22 12:00:00,4,1,0.9999969557050469
2025-06-22 13:00:00,4,1,0.999999158399909
2025-06-22 14:00:00,4,1,0.9999981064656386
2025-06-22 15:00:00,4,1,0.999973945691013
2025-06-22 16:00:00,4,1,0.9976587429389888
2025-06-22 17:00:00,4,0,0.4919693903938996
2025-06-22 18:00:00,4,0,0.0006461616258805948
2025-06-22 19:00:00,4,0,3.677756215054916e-07
2025-06-22 20:00:00,4,0,6.856806498848277e-10
2025-06-22 21:00:00,4,0,6.569132536135031e-11
2025-06-22 22:00:00,4,0,5.892455599197417e-11
2025-06-22 23:00:00,4,0,5.557657417988233e-11
2025-06-23 00:00:00,4,0,5.5380028319687326e-11
2025-06-23 01:00:00,4,0,5.823078894090832e-11
2025-06-23 02:00:00,4,0,6.443653584739938e-11
2025-06-23 03:00:00,4,0,7.452372819227812e-11
2025-06-23 04:00:00,4,0,8.919395632685468e-11
2025-06-23 05:00:00,4,0,1.0912804974825727e-10
2025-06-23 06:00:00,4,0,1.654411832213514e-10
2025-06-23 07:00:00,4,0,9.649126023899848e-09
2025-06-23 08:00:00,4,0,9.854451338274613e-06
2025-06-23 09:00:00,4,0,0.020187501083087648
2025-06-23 10:00:00,4,1,0.9733412192660725
2025-06-23 11:00:00,4,1,0.9999444709926454
2025-06-23 12:00:00,4,1,0.9999989871247527
2025-06-23 13:00:00,4,1,0.9999997982353598
2025-06-23 14:00:00,4,1,0.9999995976944536
2025-06-23 15:00:00,4,1,0.9999933638956976
2025-06-23 16:00:00,4,1,0.9993096551226046
2025-06-23 17:00:00,4,1,0.7078372300373353
2025-06-23 18:00:00,4,0,0.0011102601715426888
2025-06-23 19:00:00,4,0,4.794611950437171e-07
2025-06-23 20:00:00,4,0,7.357394628282187e-10
2025-06-23 21:00:00,4,0,6.55838453509802e-11
2025-06-23 22:00:00,4,0,5.883649562544419e-11
2025-06-23 23:00:00,4,0,5.560611864670329e-11
2025-06-24 00:00:00,4,0,5.539571515103488e-11
2025-06-24 01:00:00,4,0,5.82472832727652e-11
2025-06-24 02:00:00,4,0,6.445478800618512e-11
2025-06-24 03:00:00,4,0,7.454483762813418e-11
2025-06-24 04:00:00,4,0,8.921922122094242e-11
2025-06-24 05:00:00,4,0,1.0930955177050265e-10
2025-06-24 06:00:00,4,0,1.6168596828860322e-10
2025-06-24 07:00:00,4,0,9.60841272282809e-09
2025-06-24 08:00:00,4,0,9.715728409957776e-06
2025-06-24 09:00:00,4,0,0.01983690727084969
2025-06-24 10:00:00,4,1,0.9731138050311238
2025-06-24 11:00:00,4,1,0.9999448544799129
2025-06-24 12:00:00,4,1,0.9999992543761895
2025-06-24 13:00:00,4,1,0.9999998913197243
2025-06-24 14:00:00,4,1,0.9999998090185384
2025-06-24 15:00:00,4,1,0.9999967148399259
2025-06-24 16:00:00,4,1,0.999518730840452
2025-06-24 17:00:00,4,1,0.6995234994214267
2025-06-24 18:00:00,4,0,0.0008927445968255089
2025-06-24 19:00:00,4,0,3.9843275305419903e-07
2025-06-24 20:00:00,4,0,6.951474281734105e-10
2025-06-24 21:00:00,4,0,6.574465701123097e-11
2025-06-24 22:00:00,4,0,5.897165027777287e-11
2025-06-24 23:00:00,4,0,5.562011580878561e-11
2025-06-25 00:00:00,4,0,5.5396076170157366e-11
2025-06-25 01:00:00,4,0,5.824803018281868e-11
2025-06-25 02:00:00,4,0,6.445703711596956e-11
2025-06-25 03:00:00,4,0,7.454743882393164e-11
2025-06-25 04:00:00,4,0,8.921895875396242e-11
2025-06-25 05:00:00,4,0,1.0930991950017215e-10
2025-06-25 06:00:00,4,0,1.6154867522322662e-10
2025-06-25 07:00:00,4,0,8.642625883966571e-09
2025-06-25 08:00:00,4,0,7.939319636885993e-06
2025-06-25 09:00:00,4,0,0.01551376979528462
2025-06-25 10:00:00,4,1,0.9633454468443076
2025-06-25 11:00:00,4,1,0.9999293973990442
2025-06-25 12:00:00,4,1,0.9999988326120014
2025-06-25 13:00:00,4,1,0.9999998175982396
2025-06-25 14:00:00,4,1,0.9999997099277602
2025-06-25 15:00:00,4,1,0.9999947335409262
2025-06-25 16:00:00,4,1,0.9992283800656219
2025-06-25 17:00:00,4,1,0.6792622676745403
2025-06-25 18:00:00,4,0,0.0010097400566187454
2025-06-25 19:00:00,4,0,4.548982697768831e-07
2025-06-25 20:00:00,4,0,7.160818428110472e-10
2025-06-25 21:00:00,4,0,6.574550006076949e-11
2025-06-25 22:00:00,4,0,5.897240647644816e-11
2025-06-25 23:00:00,4,0,5.562153051725456e-11
2025-06-26 00:00:00,4,0,5.538355516635536e-11
2025-06-26 01:00:00,4,0,5.823596624647416e-11
2025-06-26 02:00:00,4,0,6.444328083602229e-11
2025-06-26 03:00:00,4,0,7.452988412288152e-11
2025-06-26 04:00:00,4,0,8.92004803292723e-11
2025-06-26 05:00:00,4,0,1.0913534360764602e-10
2025-06-26 06:00:00,4,0,1.6042728825135723e-10
2025-06-26 07:00:00,4,0,8.189486599459063e-09
2025-06-26 08:00:00,4,0,6.97847467068481e-06
2025-06-26 09:00:00,4,0,0.01299162392149644
2025-06-26 10:00:00,4,1,0.9561293713335489
2025-06-26 11:00:00,4,1,0.9999054604095483
2025-06-26 12:00:00,4,1,0.9999981113050196
2025-06-26 13:00:00,4,1,0.9999995781058227
2025-06-26 14:00:00,4,1,0.9999992030372528
2025-06-26 15:00:00,4,1,0.999987263015226
2025-06-26 16:00:00,4,1,0.9985383173340158
2025-06-26 17:00:00,4,0,0.5202289582762313
2025-06-26 18:00:00,4,0,0.0006252726976477226
2025-06-26 19:00:00,4,0,3.663695592878795e-07
2025-06-26 20:00:00,4,0,6.814252960978672e-10
2025-06-26 21:00:00,4,0,6.573312681362207e-11
2025-06-26 22:00:00,4,0,5.89605643123757e-11
2025-06-26 23:00:00,4,0,5.5609835227468003e-11
2025-06-27 00:00:00,4,0,5.5358338913134566e-11
2025-06-27 01:00:00,4,0,5.821000188419407e-11
2025-06-27 02:00:00,4,0,6.441353348130606e-11
2025-06-27 03:00:00,4,0,7.449712492976631e-11
2025-06-27 04:00:00,4,0,8.916844906080096e-11
2025-06-27 05:00:00,4,0,1.0909684182438633e-10
2025-06-27 06:00:00,4,0,1.6144524130989937e-10
2025-06-27 07:00:00,4,0,7.826994829760878e-09
2025-06-27 08:00:00,4,0,6.858136453231996e-06
2025-06-27 09:00:00,4,0,0.011792574758944654
2025-06-27 10:00:00,4,1,0.9509819388394728
2025-06-27 11:00:00,4,1,0.9998958463767775
2025-06-27 12:00:00,4,1,0.9999984553568343
2025-06-27 13:00:00,4,1,0.9999997802391415
2025-06-27 14:00:00,4,1,0.9999996626617179
2025-06-27 15:00:00,4,1,0.9999947443692384
2025-06-27 16:00:00,4,1,0.999356302248089
2025-06-27 17:00:00,4,1,0.6984784057068534
2025-06-27 18:00:00,4,0,0.0010438665581775908
2025-06-27 19:00:00,4,0,4.524521364852835e-07
2025-06-27 20:00:00,4,0,7.345697335704535e-10
2025-06-27 21:00:00,4,0,6.570278405927187e-11
2025-06-27 22:00:00,4,0,5.893483434582933e-11
2025-06-27 23:00:00,4,0,5.5584340692615105e-11
2025-06-28 00:00:00,4,0,5.531905694133226e-11
2025-06-28 01:00:00,4,0,5.8168696388084284e-11
2025-06-28 02:00:00,4,0,6.436478182162847e-11
2025-06-28 03:00:00,4,0,7.444097617007731e-11
2025-06-28 04:00:00,4,0,8.910208527325997e-11
2025-06-28 05:00:00,4,0,1.0901427141073515e-10
2025-06-28 06:00:00,4,0,1.550062018864511e-10
2025-06-28 07:00:00,4,0,6.562255077147165e-09
2025-06-28 08:00:00,4,0,5.207848668251394e-06
2025-06-28 09:00:00,4,0,0.008900435061619381
2025-06-28 10:00:00,4,1,0.9286298378926147
2025-06-28 11:00:00,4,1,0.9998465809900576
2025-06-28 12:00:00,4,1,0.9999979166801062
2025-06-28 13:00:00,4,1,0.9999997289339966
2025-06-28 14:00:00,4,1,0.9999995187908972
2025-06-28 15:00:00,4,1,0.9999932468829396
2025-06-28 16:00:00,4,1,0.9991559262877134
2025-06-28 17:00:00,4,1,0.6144734298687521
2025-06-28 18:00:00,4,0,0.0007485517539864902
2025-06-28 19:00:00,4,0,3.4622727434979905e-07
2025-06-28 20:00:00,4,0,6.807327962842438e-10
2025-06-28 21:00:00,4,0,6.563887795392947e-11
2025-06-28 22:00:00,4,0,5.887528349335746e-11
2025-06-28 23:00:00,4,0,5.553377814842678e-11
2025-06-29 00:00:00,4,0,5.525416385808423e-11
2025-06-29 01:00:00,4,0,5.8100277291995716e-11
2025-06-29 02:00:00,4,0,6.429353435823161e-11
2025-06-29 03:00:00,4,0,7.435810614185485e-11
2025-06-29 04:00:00,4,0,8.900765815948028e-11
2025-06-29 05:00:00,4,0,1.0888792602679299e-10
2025-06-29 06:00:00,4,0,1.548172745109451e-10
2025-06-29 07:00:00,4,0,6.1573269753411505e-09
2025-06-29 08:00:00,4,0,4.476816580103579e-06
2025-06-29 09:00:00,4,0,0.006796635295594607
2025-06-29 10:00:00,4,1,0.9223837592752347
2025-06-29 11:00:00,4,1,0.9998448423155081
2025-06-29 12:00:00,4,1,0.9999971310486452
2025-06-29 13:00:00,4,1,0.999999537862502
2025-06-29 14:00:00,4,1,0.9999991987847139
2025-06-29 15:00:00,4,1,0.9999880618770038
2025-06-29 16:00:00,4,1,0.9986407572785913
2025-06-29 17:00:00,4,0,0.5368984275219573
2025-06-29 18:00:00,4,0,0.0006440359687935859
2025-06-29 19:00:00,4,0,3.490303393841231e-07
2025-06-29 20:00:00,4,0,6.734205168265576e-10
2025-06-29 21:00:00,4,0,6.559330827088861e-11
2025-06-29 22:00:00,4,0,5.883663550166057e-11
2025-06-29 23:00:00,4,0,5.549364916552112e-11
2025-06-30 00:00:00,4,0,5.519969508377886e-11
2025-06-30 01:00:00,4,0,5.804117281181266e-11
2025-06-30 02:00:00,4,0,6.422630702069417e-11
2025-06-30 03:00:00,4,0,7.428176020617619e-11
2025-06-30 04:00:00,4,0,8.890407587664779e-11
2025-06-30 05:00:00,4,0,1.0877338347384434e-10
2025-06-30 06:00:00,4,0,1.561409178840579e-10
2025-06-30 07:00:00,4,0,7.031258800368406e-09
2025-06-30 08:00:00,4,0,6.226901992067301e-06
2025-06-30 09:00:00,4,0,0.012151780742068016
2025-06-30 10:00:00,4,1,0.9555640831794252
2025-06-30 11:00:00,4,1,0.9999152438547453
2025-06-30 12:00:00,4,1,0.9999987612910543
2025-06-30 13:00:00,4,1,0.9999998153410229
2025-06-30 14:00:00,4,1,0.99999968204718
2025-06-30 15:00:00,4,1,0.9999937696746459
2025-06-30 16:00:00,4,1,0.9993188995270333
2025-06-30 17:00:00,4,1,0.6550786447886056
2025-06-30 18:00:00,4,0,0.0006325876791714925
2025-06-30 19:00:00,4,0,3.7242919799593775e-07
2025-06-30 20:00:00,4,0,6.896633687804508e-10
2025-06-30 21:00:00,4,0,6.55120167780686e-11
2025-06-30 22:00:00,4,0,5.876334717025136e-11
2025-06-30 23:00:00,4,0,5.5424350187090546e-11
2025-07-01 00:00:00,5,0,2.856961606135965e-09
2025-07-01 01:00:00,5,0,3.0174500597353804e-09
2025-07-01 02:00:00,5,0,3.2508534942865416e-09
2025-07-01 03:00:00,5,0,3.466261501678757e-09
2025-07-01 04:00:00,5,0,3.7226847648626502e-09
2025-07-01 05:00:00,5,0,3.949640606550792e-09
2025-07-01 06:00:00,5,0,4.607164299142798e-09
2025-07-01 07:00:00,5,0,1.0105358013481433e-07
2025-07-01 08:00:00,5,0,2.2263174284517665e-05
2025-07-01 09:00:00,5,0,0.007694282437466749
2025-07-01 10:00:00,5,1,0.7567132772728534
2025-07-01 11:00:00,5,1,0.9979606559990382
2025-07-01 12:00:00,5,1,0.9999147881377705
2025-07-01 13:00:00,5,1,0.99998476828848
2025-07-01 14:00:00,5,1,0.9999807415634464
2025-07-01 15:00:00,5,1,0.9998140736600921
2025-07-01 16:00:00,5,1,0.9917373606639021
2025-07-01 17:00:00,5,0,0.3846327994029972
2025-07-01 18:00:00,5,0,0.0012680774387240762
2025-07-01 19:00:00,5,0,2.6415057438695066e-06
2025-07-01 20:00:00,5,0,1.6963322202934226e-08
2025-07-01 21:00:00,5,0,2.619149091377917e-09
2025-07-01 22:00:00,5,0,2.654260272646313e-09
2025-07-01 23:00:00,5,0,2.768223042485856e-09
2025-07-02 00:00:00,5,0,2.883137290388836e-09
2025-07-02 01:00:00,5,0,3.1597700637651475e-09
2025-07-02 02:00:00,5,0,3.366638191677956e-09
2025-07-02 03:00:00,5,0,3.603012914632728e-09
2025-07-02 04:00:00,5,0,3.855274538449857e-09
2025-07-02 05:00:00,5,0,4.090313799885115e-09
2025-07-02 06:00:00,5,0,4.632219947484104e-09
2025-07-02 07:00:00,5,0,1.0923515853222607e-07
2025-07-02 08:00:00,5,0,2.784985892834109e-05
2025-07-02 09:00:00,5,0,0.012051551922840053
2025-07-02 10:00:00,5,1,0.8521241965803494
2025-07-02 11:00:00,5,1,0.9990553314854606
2025-07-02 12:00:00,5,1,0.9999676977358205
2025-07-02 13:00:00,5,1,0.9999923648062142
2025-07-02 14:00:00,5,1,0.9999899498422419
2025-07-02 15:00:00,5,1,0.9999192503604919
2025-07-02 16:00:00,5,1,0.9962777774353352
2025-07-02 17:00:00,5,1,0.5688238523712522
2025-07-02 18:00:00,5,0,0.0025702176717925644
2025-07-02 19:00:00,5,0,4.6457844852374115e-06
2025-07-02 20:00:00,5,0,2.2022613446681558e-08
2025-07-02 21:00:00,5,0,2.763035748266199e-09
2025-07-02 22:00:00,5,0,2.789743940931128e-09
2025-07-02 23:00:00,5,0,2.8655394105149374e-09
2025-07-03 00:00:00,5,0,2.996581261569724e-09
2025-07-03 01:00:00,5,0,3.1649127825990982e-09
2025-07-03 02:00:00,5,0,3.3721176010281477e-09
2025-07-03 03:00:00,5,0,3.6072674526514275e-09
2025-07-03 04:00:00,5,0,3.861549233305817e-09
2025-07-03 05:00:00,5,0,4.112144247418326e-09
2025-07-03 06:00:00,5,0,4.815892499684566e-09
2025-07-03 07:00:00,5,0,1.2127457821265991e-07
2025-07-03 08:00:00,5,0,3.67991985317747e-05
2025-07-03 09:00:00,5,0,0.019426802649978498
2025-07-03 10:00:00,5,1,0.9082916315496895
2025-07-03 11:00:00,5,1,0.9994690741776464
2025-07-03 12:00:00,5,1,0.999985785211076
2025-07-03 13:00:00,5,1,0.9999974391410759
2025-07-03 14:00:00,5,1,0.9999966745487647
2025-07-03 15:00:00,5,1,0.9999683554229164
2025-07-03 16:00:00,5,1,0.9982686676608036
2025-07-03 17:00:00,5,1,0.7146853551323723
2025-07-03 18:00:00,5,0,0.003803166431165932
2025-07-03 19:00:00,5,0,5.669452659889807e-06
2025-07-03 20:00:00,5,0,2.2920611916196307e-08
2025-07-03 21:00:00,5,0,2.7675327577638464e-09
2025-07-03 22:00:00,5,0,2.795531247089154e-09
2025-07-03 23:00:00,5,0,2.871483953894694e-09
2025-07-04 00:00:00,5,0,3.0011545280782504e-09
2025-07-04 01:00:00,5,0,3.1697429501684723e-09
2025-07-04 02:00:00,5,0,3.3772639965821654e-09
2025-07-04 03:00:00,5,0,3.6143847669404087e-09
2025-07-04 04:00:00,5,0,3.867442580498129e-09
2025-07-04 05:00:00,5,0,4.118420043034189e-09
2025-07-04 06:00:00,5,0,4.834479999438688e-09
2025-07-04 07:00:00,5,0,1.1656295266983906e-07
2025-07-04 08:00:00,5,0,3.4123115198918186e-05
2025-07-04 09:00:00,5,0,0.018009843596046293
2025-07-04 10:00:00,5,1,0.9102553132242026
2025-07-04 11:00:00,5,1,0.9995303075361276
2025-07-04 12:00:00,5,1,0.9999876010858075
2025-07-04 13:00:00,5,1,0.9999977327985218
2025-07-04 14:00:00,5,1,0.9999967072072194
2025-07-04 15:00:00,5,1,0.9999690917123663
2025-07-04 16:00:00,5,1,0.9984194426078127
2025-07-04 17:00:00,5,1,0.7287916358399187
2025-07-04 18:00:00,5,0,0.0038430946640383252
2025-07-04 19:00:00,5,0,5.427841633957467e-06
2025-07-04 20:00:00,5,0,2.2445249254773333e-08
2025-07-04 21:00:00,5,0,2.689233372753695e-09
2025-07-04 22:00:00,5,0,2.7457070122363946e-09
2025-07-04 23:00:00,5,0,2.811858661813786e-09
2025-07-05 00:00:00,5,0,3.0040886889224875e-09
2025-07-05 01:00:00,5,0,3.1728419360960867e-09
2025-07-05 02:00:00,5,0,3.3820743010877936e-09
2025-07-05 03:00:00,5,0,3.6195328072899207e-09
2025-07-05 04:00:00,5,0,3.872951056139928e-09
2025-07-05 05:00:00,5,0,4.124285990882632e-09
2025-07-05 06:00:00,5,0,4.713397775501964e-09
2025-07-05 07:00:00,5,0,1.1248591346038706e-07
2025-07-05 08:00:00,5,0,3.3093855996213754e-05
2025-07-05 09:00:00,5,0,0.017644967597109793
2025-07-05 10:00:00,5,1,0.9047744682558618
2025-07-05 11:00:00,5,1,0.9994665924293894
2025-07-05 12:00:00,5,1,0.9999852159961413
2025-07-05 13:00:00,5,1,0.9999972149412849
2025-07-05 14:00:00,5,1,0.9999962851441108
2025-07-05 15:00:00,5,1,0.9999657168351291
2025-07-05 16:00:00,5,1,0.9982435845103708
2025-07-05 17:00:00,5,1,0.7072915557722348
2025-07-05 18:00:00,5,0,0.003512560718079869
2025-07-05 19:00:00,5,0,5.1373908685601e-06
2025-07-05 20:00:00,5,0,2.1471371648477175e-08
2025-07-05 21:00:00,5,0,2.7757043273385872e-09
2025-07-05 22:00:00,5,0,2.8025349776481267e-09
2025-07-05 23:00:00,5,0,2.8799624554928163e-09
2025-07-06 00:00:00,5,0,2.9872349728207333e-09
2025-07-06 01:00:00,5,0,3.1784542602047664e-09
2025-07-06 02:00:00,5,0,3.386545630520639e-09
2025-07-06 03:00:00,5,0,3.624318072819223e-09
2025-07-06 04:00:00,5,0,3.87969122914167e-09
2025-07-06 05:00:00,5,0,4.131463567019604e-09
2025-07-06 06:00:00,5,0,4.721522030332201e-09
2025-07-06 07:00:00,5,0,9.729738646340435e-08
2025-07-06 08:00:00,5,0,2.5678233694067384e-05
2025-07-06 09:00:00,5,0,0.01234851054689516
2025-07-06 10:00:00,5,1,0.8630020384526862
2025-07-06 11:00:00,5,1,0.9992208043388079
2025-07-06 12:00:00,5,1,0.9999788054472306
2025-07-06 13:00:00,5,1,0.9999961510293816
2025-07-06 14:00:00,5,1,0.9999948811977043
2025-07-06 15:00:00,5,1,0.9999524769919454
2025-07-06 16:00:00,5,1,0.9975545676411836
2025-07-06 17:00:00,5,1,0.6351084147553261
2025-07-06 18:00:00,5,0,0.0025468523946024506
2025-07-06 19:00:00,5,0,4.233653327835008e-06
2025-07-06 20:00:00,5,0,2.0293721632500552e-08
2025-07-06 21:00:00,5,0,2.7276560528540904e-09
2025-07-06 22:00:00,5,0,2.8062401171642447e-09
2025-07-06 23:00:00,5,0,2.882483776777962e-09
2025-07-07 00:00:00,5,0,3.0117284251958183e-09
2025-07-07 01:00:00,5,0,3.1809108309040262e-09
2025-07-07 02:00:00,5,0,3.390675297390802e-09
2025-07-07 03:00:00,5,0,3.6287376873473144e-09
2025-07-07 04:00:00,5,0,3.8828004073763815e-09
2025-07-07 05:00:00,5,0,4.134774515195159e-09
2025-07-07 06:00:00,5,0,4.627541473850045e-09
2025-07-07 07:00:00,5,0,9.57596722979543e-08
2025-07-07 08:00:00,5,0,2.6962797001040496e-05
2025-07-07 09:00:00,5,0,0.014457254988118597
2025-07-07 10:00:00,5,1,0.895272269076429
2025-07-07 11:00:00,5,1,0.9995087480480942
2025-07-07 12:00:00,5,1,0.9999885589854104
2025-07-07 13:00:00,5,1,0.9999980031470415
2025-07-07 14:00:00,5,1,0.9999968371436067
2025-07-07 15:00:00,5,1,0.9999637228479115
2025-07-07 16:00:00,5,1,0.9977060801178632
2025-07-07 17:00:00,5,1,0.6255247570071694
2025-07-07 18:00:00,5,0,0.0021846497464014336
2025-07-07 19:00:00,5,0,2.905626191173239e-06
2025-07-07 20:00:00,5,0,1.5387511641734327e-08
2025-07-07 21:00:00,5,0,2.6521949842357623e-09
2025-07-07 22:00:00,5,0,2.6778317624339103e-09
2025-07-07 23:00:00,5,0,2.740437390091836e-09
2025-07-08 00:00:00,5,0,2.8314428893749883e-09
2025-07-08 01:00:00,5,0,3.012689592962344e-09
2025-07-08 02:00:00,5,0,3.2351914680830255e-09
2025-07-08 03:00:00,5,0,3.4368332995406284e-09
2025-07-08 04:00:00,5,0,3.7184701526392934e-09
2025-07-08 05:00:00,5,0,3.6370207881214235e-09
2025-07-08 06:00:00,5,0,3.639694461158103e-09
2025-07-08 07:00:00,5,0,5.743653298681107e-08
2025-07-08 08:00:00,5,0,1.0204221645943918e-05
2025-07-08 09:00:00,5,0,0.0042607714714866015
2025-07-08 10:00:00,5,1,0.7190768552238945
2025-07-08 11:00:00,5,1,0.9982734494565423
2025-07-08 12:00:00,5,1,0.9999496965794564
2025-07-08 13:00:00,5,1,0.9999906463290675
2025-07-08 14:00:00,5,1,0.9999884388099749
2025-07-08 15:00:00,5,1,0.9998774733809709
2025-07-08 16:00:00,5,1,0.994618842015851
2025-07-08 17:00:00,5,1,0.4754129502205831
2025-07-08 18:00:00,5,0,0.0017161219856539392
2025-07-08 19:00:00,5,0,3.225338405324057e-06
2025-07-08 20:00:00,5,0,1.85456398831041e-08
2025-07-08 21:00:00,5,0,2.6661785821943516e-09
2025-07-08 22:00:00,5,0,2.652438276868676e-09
2025-07-08 23:00:00,5,0,2.754886242803676e-09
2025-07-09 00:00:00,5,0,2.877816620414148e-09
2025-07-09 01:00:00,5,0,3.005954914715301e-09
2025-07-09 02:00:00,5,0,3.2137775120043954e-09
2025-07-09 03:00:00,5,0,3.609682957245002e-09
2025-07-09 04:00:00,5,0,3.8481598431041365e-09
2025-07-09 05:00:00,5,0,4.143584583195779e-09
2025-07-09 06:00:00,5,0,4.612542931569222e-09
2025-07-09 07:00:00,5,0,8.791299707612758e-08
2025-07-09 08:00:00,5,0,2.2800733006752557e-05
2025-07-09 09:00:00,5,0,0.010634071462429166
2025-07-09 10:00:00,5,1,0.8374611845870702
2025-07-09 11:00:00,5,1,0.9989310536550732
2025-07-09 12:00:00,5,1,0.9999737543726898
2025-07-09 13:00:00,5,1,0.9999958756091796
2025-07-09 14:00:00,5,1,0.9999948433732382
2025-07-09 15:00:00,5,1,0.9999495818964804
2025-07-09 16:00:00,5,1,0.9972519898797965
2025-07-09 17:00:00,5,1,0.6208235562601907
2025-07-09 18:00:00,5,0,0.00268160698206756
2025-07-09 19:00:00,5,0,4.288802610370409e-06
2025-07-09 20:00:00,5,0,1.94545316743592e-08
2025-07-09 21:00:00,5,0,2.687485737320454e-09
2025-07-09 22:00:00,5,0,2.785838127445568e-09
2025-07-09 23:00:00,5,0,2.778141389580822e-09
2025-07-10 00:00:00,5,0,2.9018091385538817e-09
2025-07-10 01:00:00,5,0,3.0989949749786573e-09
2025-07-10 02:00:00,5,0,3.2654684845530297e-09
2025-07-10 03:00:00,5,0,3.5337124828698056e-09
2025-07-10 04:00:00,5,0,3.76717031240389e-09
2025-07-10 05:00:00,5,0,3.996838243748432e-09
2025-07-10 06:00:00,5,0,4.40278440428822e-09
2025-07-10 07:00:00,5,0,7.102321858329421e-08
2025-07-10 08:00:00,5,0,1.63790204073957e-05
2025-07-10 09:00:00,5,0,0.006457243317044749
2025-07-10 10:00:00,5,1,0.7465196819815824
2025-07-10 11:00:00,5,1,0.9983214885329672
2025-07-10 12:00:00,5,1,0.9999582783171269
2025-07-10 13:00:00,5,1,0.9999935351134734
2025-07-10 14:00:00,5,1,0.999990903234646
2025-07-10 15:00:00,5,1,0.999920515220193
2025-07-10 16:00:00,5,1,0.9938053671592376
2025-07-10 17:00:00,5,1,0.4018389778351808
2025-07-10 18:00:00,5,0,0.0013223452506932265
2025-07-10 19:00:00,5,0,2.729395717680624e-06
2025-07-10 20:00:00,5,0,1.5710323409453897e-08
2025-07-10 21:00:00,5,0,2.6115444716372404e-09
2025-07-10 22:00:00,5,0,2.7059102880268347e-09
2025-07-10 23:00:00,5,0,2.758954528039291e-09
2025-07-11 00:00:00,5,0,2.8827549066392073e-09
2025-07-11 01:00:00,5,0,3.0900477812927358e-09
2025-07-11 02:00:00,5,0,3.3167829676980862e-09
2025-07-11 03:00:00,5,0,3.510508966059714e-09
2025-07-11 04:00:00,5,0,3.6875026654736735e-09
2025-07-11 05:00:00,5,0,3.926802937679311e-09
2025-07-11 06:00:00,5,0,4.452772994450571e-09
2025-07-11 07:00:00,5,0,7.005069731411802e-08
2025-07-11 08:00:00,5,0,1.5345727436446752e-05
2025-07-11 09:00:00,5,0,0.006644538209295304
2025-07-11 10:00:00,5,1,0.7739440480816515
2025-07-11 11:00:00,5,1,0.998863378978907
2025-07-11 12:00:00,5,1,0.9999748192064415
2025-07-11 13:00:00,5,1,0.9999958514034737
2025-07-11 14:00:00,5,1,0.9999941041013353
2025-07-11 15:00:00,5,1,0.9999437339272671
2025-07-11 16:00:00,5,1,0.9971035549038767
2025-07-11 17:00:00,5,1,0.5634281815816992
2025-07-11 18:00:00,5,0,0.0020307157398518185
2025-07-11 19:00:00,5,0,3.764973107375323e-06
2025-07-11 20:00:00,5,0,1.8552192438529853e-08
2025-07-11 21:00:00,5,0,2.683360770998706e-09
2025-07-11 22:00:00,5,0,2.7193327463028563e-09
2025-07-11 23:00:00,5,0,2.7932151910145266e-09
2025-07-12 00:00:00,5,0,2.8741330963511215e-09
2025-07-12 01:00:00,5,0,3.035586150208497e-09
2025-07-12 02:00:00,5,0,3.234324036643971e-09
2025-07-12 03:00:00,5,0,3.4614088627193565e-09
2025-07-12 04:00:00,5,0,3.7174731427417674e-09
2025-07-12 05:00:00,5,0,3.9006125697917936e-09
2025-07-12 06:00:00,5,0,4.306393259475736e-09
2025-07-12 07:00:00,5,0,6.447239442904875e-08
2025-07-12 08:00:00,5,0,1.4926145852593165e-05
2025-07-12 09:00:00,5,0,0.0057048780625095115
2025-07-12 10:00:00,5,1,0.7570498288928109
2025-07-12 11:00:00,5,1,0.998694170036799
2025-07-12 12:00:00,5,1,0.9999647431134757
2025-07-12 13:00:00,5,1,0.9999943493941292
2025-07-12 14:00:00,5,1,0.9999913708166207
2025-07-12 15:00:00,5,1,0.9999302685120455
2025-07-12 16:00:00,5,1,0.9960043976438891
2025-07-12 17:00:00,5,1,0.5695255303197225
2025-07-12 18:00:00,5,0,0.0020883562554559346
2025-07-12 19:00:00,5,0,3.237418635357938e-06
2025-07-12 20:00:00,5,0,1.5733115609900137e-08
2025-07-12 21:00:00,5,0,2.6458296629637264e-09
2025-07-12 22:00:00,5,0,2.6812985124480675e-09
2025-07-12 23:00:00,5,0,2.743985190029663e-09
2025-07-13 00:00:00,5,0,2.8652384734851468e-09
2025-07-13 01:00:00,5,0,3.048648504547723e-09
2025-07-13 02:00:00,5,0,3.236256037781008e-09
2025-07-13 03:00:00,5,0,3.476303564045931e-09
2025-07-13 04:00:00,5,0,3.4802395580842572e-09
2025-07-13 05:00:00,5,0,3.453302539937619e-09
2025-07-13 06:00:00,5,0,3.702028584531459e-09
2025-07-13 07:00:00,5,0,5.260208364293084e-08
2025-07-13 08:00:00,5,0,1.0427284112760291e-05
2025-07-13 09:00:00,5,0,0.004052769085092542
2025-07-13 10:00:00,5,1,0.5699004287582206
2025-07-13 11:00:00,5,1,0.9960965433211467
2025-07-13 12:00:00,5,1,0.9998800053748306
2025-07-13 13:00:00,5,1,0.9999865403814407
2025-07-13 14:00:00,5,1,0.9999850509930062
2025-07-13 15:00:00,5,1,0.9998006936272194
2025-07-13 16:00:00,5,1,0.9906186610031691
2025-07-13 17:00:00,5,1,0.3458212471463682
2025-07-13 18:00:00,5,0,0.0010141108700920387
2025-07-13 19:00:00,5,0,1.8838711731817422e-06
2025-07-13 20:00:00,5,0,1.242600861440169e-08
2025-07-13 21:00:00,5,0,2.4587381883748702e-09
2025-07-13 22:00:00,5,0,2.6435207556831136e-09
2025-07-13 23:00:00,5,0,2.6167985923342152e-09
2025-07-14 00:00:00,5,0,2.536496761958991e-09
2025-07-14 01:00:00,5,0,2.488061203830655e-09
2025-07-14 02:00:00,5,0,2.771196928165516e-09
2025-07-14 03:00:00,5,0,2.826610390216748e-09
2025-07-14 04:00:00,5,0,3.0021161317158876e-09
2025-07-14 05:00:00,5,0,3.185142049051425e-09
2025-07-14 06:00:00,5,0,3.4872828214692296e-09
2025-07-14 07:00:00,5,0,3.264162697926539e-08
2025-07-14 08:00:00,5,0,3.242724173691854e-06
2025-07-14 09:00:00,5,0,0.000700218697420067
2025-07-14 10:00:00,5,0,0.24085084079945282
2025-07-14 11:00:00,5,1,0.9909381755366775
2025-07-14 12:00:00,5,1,0.999875225610458
2025-07-14 13:00:00,5,1,0.999964805514308
2025-07-14 14:00:00,5,1,0.9999670548518359
2025-07-14 15:00:00,5,1,0.9996540268478382
2025-07-14 16:00:00,5,1,0.988155478351884
2025-07-14 17:00:00,5,0,0.2734377183455181
2025-07-14 18:00:00,5,0,0.0006868892959026841
2025-07-14 19:00:00,5,0,1.6156479191380311e-06
2025-07-14 20:00:00,5,0,1.2272582421466106e-08
2025-07-14 21:00:00,5,0,2.207500463299535e-09
2025-07-14 22:00:00,5,0,2.2058151279061806e-09
2025-07-14 23:00:00,5,0,2.2994974994678414e-09
2025-07-15 00:00:00,5,0,2.5757189176340736e-09
2025-07-15 01:00:00,5,0,2.6701346714517935e-09
2025-07-15 02:00:00,5,0,2.6611111721072573e-09
2025-07-15 03:00:00,5,0,2.644986449309929e-09
2025-07-15 04:00:00,5,0,2.8197298103449264e-09
2025-07-15 05:00:00,5,0,3.047446205392507e-09
2025-07-15 06:00:00,5,0,3.3058289595718516e-09
2025-07-15 07:00:00,5,0,2.6752717398531057e-08
2025-07-15 08:00:00,5,0,1.8307149973107173e-06
2025-07-15 09:00:00,5,0,0.0003130382359911129
2025-07-15 10:00:00,5,0,0.17506433649320655
2025-07-15 11:00:00,5,1,0.9799835815623038
2025-07-15 12:00:00,5,1,0.9989190786564848
2025-07-15 13:00:00,5,1,0.9995710126651192
2025-07-15 14:00:00,5,1,0.9993999226765964
2025-07-15 15:00:00,5,1,0.9979821445626493
2025-07-15 16:00:00,5,0,0.9477990430036854
2025-07-15 17:00:00,5,0,0.096942221879193
2025-07-15 18:00:00,5,0,0.00028999239160752997
2025-07-15 19:00:00,5,0,9.525883976163176e-07
2025-07-15 20:00:00,5,0,9.827680443653523e-09
2025-07-15 21:00:00,5,0,2.396492489830227e-09
2025-07-15 22:00:00,5,0,2.4557022007839244e-09
2025-07-15 23:00:00,5,0,2.495066213992728e-09
2025-07-16 00:00:00,5,0,2.6438308401672526e-09
2025-07-16 01:00:00,5,0,2.563795306235878e-09
2025-07-16 02:00:00,5,0,2.5182826878624403e-09
2025-07-16 03:00:00,5,0,2.7862679274976134e-09
2025-07-16 04:00:00,5,0,3.1747166232736858e-09
2025-07-16 05:00:00,5,0,3.369142273594249e-09
2025-07-16 06:00:00,5,0,3.537939070409399e-09
2025-07-16 07:00:00,5,0,3.588001888905885e-08
2025-07-16 08:00:00,5,0,4.089191273291851e-06
2025-07-16 09:00:00,5,0,0.0007499928938504274
2025-07-16 10:00:00,5,0,0.149593965258579
2025-07-16 11:00:00,5,1,0.9658290604569075
2025-07-16 12:00:00,5,1,0.9996140532114687
2025-07-16 13:00:00,5,1,0.9999653283500833
2025-07-16 14:00:00,5,1,0.9999735295640805
2025-07-16 15:00:00,5,1,0.999836566380709
2025-07-16 16:00:00,5,1,0.9935736767786181
2025-07-16 17:00:00,5,1,0.4791840136461461
2025-07-16 18:00:00,5,0,0.0015520015031743298
2025-07-16 19:00:00,5,0,2.6960887688447775e-06
2025-07-16 20:00:00,5,0,1.5036576173600698e-08
2025-07-16 21:00:00,5,0,2.6689729385114604e-09
2025-07-16 22:00:00,5,0,2.665051884693733e-09
2025-07-16 23:00:00,5,0,2.737459554848589e-09
2025-07-17 00:00:00,5,0,2.8883401225581095e-09
2025-07-17 01:00:00,5,0,2.994723876542441e-09
2025-07-17 02:00:00,5,0,2.9308835870938347e-09
2025-07-17 03:00:00,5,0,2.8817921176873728e-09
2025-07-17 04:00:00,5,0,3.129492596031983e-09
2025-07-17 05:00:00,5,0,3.4966446877335128e-09
2025-07-17 06:00:00,5,0,3.513421104383923e-09
2025-07-17 07:00:00,5,0,3.504251715399331e-08
2025-07-17 08:00:00,5,0,5.156965906113803e-06
2025-07-17 09:00:00,5,0,0.001562566962892741
2025-07-17 10:00:00,5,0,0.46297853835521213
2025-07-17 11:00:00,5,1,0.9961837040083731
2025-07-17 12:00:00,5,1,0.9998811367023599
2025-07-17 13:00:00,5,1,0.9999833548725788
2025-07-17 14:00:00,5,1,0.9999796309477871
2025-07-17 15:00:00,5,1,0.9998072780844309
2025-07-17 16:00:00,5,1,0.9897552858200039
2025-07-17 17:00:00,5,0,0.29150306703441337
2025-07-17 18:00:00,5,0,0.0006605419200297961
2025-07-17 19:00:00,5,0,1.6358924742659128e-06
2025-07-17 20:00:00,5,0,1.1630258489513163e-08
2025-07-17 21:00:00,5,0,2.3986708830670188e-09
2025-07-17 22:00:00,5,0,2.6964565961648108e-09
2025-07-17 23:00:00,5,0,2.4876572634607507e-09
2025-07-18 00:00:00,5,0,2.5764304626196363e-09
2025-07-18 01:00:00,5,0,2.7515059316395047e-09
2025-07-18 02:00:00,5,0,3.0090992794335227e-09
2025-07-18 03:00:00,5,0,2.8706239940577245e-09
2025-07-18 04:00:00,5,0,3.0153558165907348e-09
2025-07-18 05:00:00,5,0,3.4959934643113085e-09
2025-07-18 06:00:00,5,0,3.608145118570379e-09
2025-07-18 07:00:00,5,0,3.5171952522588435e-08
2025-07-18 08:00:00,5,0,4.779442529428351e-06
2025-07-18 09:00:00,5,0,0.0017779487593156732
2025-07-18 10:00:00,5,1,0.45647619621550833
2025-07-18 11:00:00,5,1,0.9945269519627693
2025-07-18 12:00:00,5,1,0.9998291450580492
2025-07-18 13:00:00,5,1,0.9999702209030783
2025-07-18 14:00:00,5,1,0.9999524034873556
2025-07-18 15:00:00,5,1,0.9997022172194028
2025-07-18 16:00:00,5,1,0.982416152252439
2025-07-18 17:00:00,5,0,0.19724372718549704
2025-07-18 18:00:00,5,0,0.0006013626863670481
2025-07-18 19:00:00,5,0,1.6183624866063048e-06
2025-07-18 20:00:00,5,0,1.178763146614342e-08
2025-07-18 21:00:00,5,0,2.461127965614029e-09
2025-07-18 22:00:00,5,0,2.5880457624507307e-09
2025-07-18 23:00:00,5,0,2.717275096410657e-09
2025-07-19 00:00:00,5,0,2.8892174986144866e-09
2025-07-19 01:00:00,5,0,2.887452793490473e-09
2025-07-19 02:00:00,5,0,3.0425625643196882e-09
2025-07-19 03:00:00,5,0,3.172369696867928e-09
2025-07-19 04:00:00,5,0,3.187182495525425e-09
2025-07-19 05:00:00,5,0,3.356582723365843e-09
2025-07-19 06:00:00,5,0,3.438879082295701e-09
2025-07-19 07:00:00,5,0,3.600827319634449e-08
2025-07-19 08:00:00,5,0,5.508480478740121e-06
2025-07-19 09:00:00,5,0,0.0022857521558235245
2025-07-19 10:00:00,5,1,0.4750997611975166
2025-07-19 11:00:00,5,1,0.9948856074580621
2025-07-19 12:00:00,5,1,0.9998786756316455
2025-07-19 13:00:00,5,1,0.9999800424557094
2025-07-19 14:00:00,5,1,0.999967549733
2025-07-19 15:00:00,5,1,0.9996823048021451
2025-07-19 16:00:00,5,1,0.9863944599819249
2025-07-19 17:00:00,5,0,0.2994834404469842
2025-07-19 18:00:00,5,0,0.00079093877271436
2025-07-19 19:00:00,5,0,1.773670161516732e-06
2025-07-19 20:00:00,5,0,1.2780207782927139e-08
2025-07-19 21:00:00,5,0,2.6385958091859378e-09
2025-07-19 22:00:00,5,0,2.626518106637791e-09
2025-07-19 23:00:00,5,0,2.7583865329838527e-09
2025-07-20 00:00:00,5,0,2.9419517878026994e-09
2025-07-20 01:00:00,5,0,3.12092616761161e-09
2025-07-20 02:00:00,5,0,3.2635040626837586e-09
2025-07-20 03:00:00,5,0,3.4806563849138683e-09
2025-07-20 04:00:00,5,0,3.737171446067951e-09
2025-07-20 05:00:00,5,0,3.965010477475555e-09
2025-07-20 06:00:00,5,0,4.185241599167493e-09
2025-07-20 07:00:00,5,0,4.147226380924288e-08
2025-07-20 08:00:00,5,0,7.560268138861737e-06
2025-07-20 09:00:00,5,0,0.0030886409677730897
2025-07-20 10:00:00,5,1,0.607475887610309
2025-07-20 11:00:00,5,1,0.9971776850502797
2025-07-20 12:00:00,5,1,0.9999308019108867
2025-07-20 13:00:00,5,1,0.9999872924990809
2025-07-20 14:00:00,5,1,0.9999832406707817
2025-07-20 15:00:00,5,1,0.9998735702356859
2025-07-20 16:00:00,5,1,0.9928656970180303
2025-07-20 17:00:00,5,0,0.4078494903822125
2025-07-20 18:00:00,5,0,0.0013813777041636233
2025-07-20 19:00:00,5,0,2.5527098408026893e-06
2025-07-20 20:00:00,5,0,1.4224534596497973e-08
2025-07-20 21:00:00,5,0,2.7174251573129432e-09
2025-07-20 22:00:00,5,0,2.8052276620471704e-09
2025-07-20 23:00:00,5,0,2.8513156263141144e-09
2025-07-21 00:00:00,5,0,2.996894856513976e-09
2025-07-21 01:00:00,5,0,3.084388423169845e-09
2025-07-21 02:00:00,5,0,3.298492318337067e-09
2025-07-21 03:00:00,5,0,3.5562783346100813e-09
2025-07-21 04:00:00,5,0,3.749414437112567e-09
2025-07-21 05:00:00,5,0,4.0390599040436715e-09
2025-07-21 06:00:00,5,0,4.39022720594589e-09
2025-07-21 07:00:00,5,0,4.479347250466522e-08
2025-07-21 08:00:00,5,0,8.64031519044501e-06
2025-07-21 09:00:00,5,0,0.0038408489495208547
2025-07-21 10:00:00,5,1,0.6406335342784957
2025-07-21 11:00:00,5,1,0.9971755198011502
2025-07-21 12:00:00,5,1,0.9999169780977247
2025-07-21 13:00:00,5,1,0.9999833816283439
2025-07-21 14:00:00,5,1,0.999977578226273
2025-07-21 15:00:00,5,1,0.999847877197263
2025-07-21 16:00:00,5,1,0.9932975043833765
2025-07-21 17:00:00,5,0,0.4228629066835571
2025-07-21 18:00:00,5,0,0.00136292433769064
2025-07-21 19:00:00,5,0,2.4603751039314794e-06
2025-07-21 20:00:00,5,0,1.3568224320948536e-08
2025-07-21 21:00:00,5,0,2.7981133240035677e-09
2025-07-21 22:00:00,5,0,2.8251605852632314e-09
2025-07-21 23:00:00,5,0,2.901918301288751e-09
2025-07-22 00:00:00,5,0,3.027297035368403e-09
2025-07-22 01:00:00,5,0,3.1973540003137835e-09
2025-07-22 02:00:00,5,0,3.406682724538989e-09
2025-07-22 03:00:00,5,0,3.6461336334076495e-09
2025-07-22 04:00:00,5,0,3.905415939198794e-09
2025-07-22 05:00:00,5,0,4.158857680640787e-09
2025-07-22 06:00:00,5,0,4.388713041648568e-09
2025-07-22 07:00:00,5,0,4.442227046388385e-08
2025-07-22 08:00:00,5,0,1.0726353323833589e-05
2025-07-22 09:00:00,5,0,0.005044767316916518
2025-07-22 10:00:00,5,1,0.721941097915828
2025-07-22 11:00:00,5,1,0.9982532649269824
2025-07-22 12:00:00,5,1,0.9999572559263011
2025-07-22 13:00:00,5,1,0.9999918113726698
2025-07-22 14:00:00,5,1,0.9999898249335687
2025-07-22 15:00:00,5,1,0.9999237702890023
2025-07-22 16:00:00,5,1,0.9958836680142644
2025-07-22 17:00:00,5,1,0.507639379716558
2025-07-22 18:00:00,5,0,0.0015264171172339731
2025-07-22 19:00:00,5,0,2.4149690424836324e-06
2025-07-22 20:00:00,5,0,1.3151922982070588e-08
2025-07-22 21:00:00,5,0,2.7971482706924142e-09
2025-07-22 22:00:00,5,0,2.8241862035061076e-09
2025-07-22 23:00:00,5,0,2.9009174462336543e-09
2025-07-23 00:00:00,5,0,3.0259364606780626e-09
2025-07-23 01:00:00,5,0,3.195916995990349e-09
2025-07-23 02:00:00,5,0,3.405151640460645e-09
2025-07-23 03:00:00,5,0,3.644230427598902e-09
2025-07-23 04:00:00,5,0,3.8993778575334e-09
2025-07-23 05:00:00,5,0,4.152427758016654e-09
2025-07-23 06:00:00,5,0,4.381927744473767e-09
2025-07-23 07:00:00,5,0,4.2065407325156156e-08
2025-07-23 08:00:00,5,0,1.003979446492334e-05
2025-07-23 09:00:00,5,0,0.004900504843223154
2025-07-23 10:00:00,5,1,0.724820785876165
2025-07-23 11:00:00,5,1,0.9982444326394958
2025-07-23 12:00:00,5,1,0.999955291071106
2025-07-23 13:00:00,5,1,0.9999924635944532
2025-07-23 14:00:00,5,1,0.9999899459335527
2025-07-23 15:00:00,5,1,0.9998764256187114
2025-07-23 16:00:00,5,1,0.9924936455104479
2025-07-23 17:00:00,5,0,0.34034829418005924
2025-07-23 18:00:00,5,0,0.0009745522835929388
2025-07-23 19:00:00,5,0,2.023064042573015e-06
2025-07-23 20:00:00,5,0,1.2419385965119192e-08
2025-07-23 21:00:00,5,0,2.74468824169398e-09
2025-07-23 22:00:00,5,0,2.8229169140293284e-09
2025-07-23 23:00:00,5,0,2.8996136710142096e-09
2025-07-24 00:00:00,5,0,3.0242605978725285e-09
2025-07-24 01:00:00,5,0,3.195271385326647e-09
2025-07-24 02:00:00,5,0,3.4054841558069975e-09
2025-07-24 03:00:00,5,0,3.644586289149422e-09
2025-07-24 04:00:00,5,0,3.871032649665643e-09
2025-07-24 05:00:00,5,0,4.1528332453778395e-09
2025-07-24 06:00:00,5,0,4.382355642662766e-09
2025-07-24 07:00:00,5,0,4.1319290314626756e-08
2025-07-24 08:00:00,5,0,1.0799953528010998e-05
2025-07-24 09:00:00,5,0,0.0055570545498184664
2025-07-24 10:00:00,5,1,0.7584054441122478
2025-07-24 11:00:00,5,1,0.9985897439638272
2025-07-24 12:00:00,5,1,0.9999657855788087
2025-07-24 13:00:00,5,1,0.9999945761636094
2025-07-24 14:00:00,5,1,0.999993165906686
2025-07-24 15:00:00,5,1,0.9999287307468407
2025-07-24 16:00:00,5,1,0.996346752524971
2025-07-24 17:00:00,5,1,0.5494599975038902
2025-07-24 18:00:00,5,0,0.0017642127695123818
2025-07-24 19:00:00,5,0,2.621415321923655e-06
2025-07-24 20:00:00,5,0,1.3039973099204104e-08
2025-07-24 21:00:00,5,0,2.794342676859575e-09
2025-07-24 22:00:00,5,0,2.8213534901036205e-09
2025-07-24 23:00:00,5,0,2.898007769910392e-09
2025-07-25 00:00:00,5,0,3.022489828152806e-09
2025-07-25 01:00:00,5,0,3.19204506685997e-09
2025-07-25 02:00:00,5,0,3.401273070455785e-09
2025-07-25 03:00:00,5,0,3.640079539674863e-09
2025-07-25 04:00:00,5,0,3.894653668912333e-09
2025-07-25 05:00:00,5,0,4.147396993449591e-09
2025-07-25 06:00:00,5,0,4.3781595779874475e-09
2025-07-25 07:00:00,5,0,3.8966811658031055e-08
2025-07-25 08:00:00,5,0,1.0045544666851432e-05
2025-07-25 09:00:00,5,0,0.005096859016757796
2025-07-25 10:00:00,5,1,0.731136367496871
2025-07-25 11:00:00,5,1,0.9982909734689999
2025-07-25 12:00:00,5,1,0.9999540818119403
2025-07-25 13:00:00,5,1,0.9999919998393362
2025-07-25 14:00:00,5,1,0.999988867532095
2025-07-25 15:00:00,5,1,0.9998982087318908
2025-07-25 16:00:00,5,1,0.9944717907951514
2025-07-25 17:00:00,5,0,0.4331806139116108
2025-07-25 18:00:00,5,0,0.0012083557641017143
2025-07-25 19:00:00,5,0,1.958097420703098e-06
2025-07-25 20:00:00,5,0,1.0845735314483722e-08
2025-07-25 21:00:00,5,0,2.6812287206370308e-09
2025-07-25 22:00:00,5,0,2.737335583065743e-09
2025-07-25 23:00:00,5,0,2.7806974891419522e-09
2025-07-26 00:00:00,5,0,2.921145668117092e-09
2025-07-26 01:00:00,5,0,3.189612497365504e-09
2025-07-26 02:00:00,5,0,3.3609538486278327e-09
2025-07-26 03:00:00,5,0,3.6370415532514267e-09
2025-07-26 04:00:00,5,0,3.89305559894616e-09
2025-07-26 05:00:00,5,0,4.146937774153141e-09
2025-07-26 06:00:00,5,0,4.3619324925009175e-09
2025-07-26 07:00:00,5,0,2.8737317300905427e-08
2025-07-26 08:00:00,5,0,5.523986745155902e-06
2025-07-26 09:00:00,5,0,0.0019508796017834046
2025-07-26 10:00:00,5,1,0.49788936136776035
2025-07-26 11:00:00,5,1,0.9958222455372565
2025-07-26 12:00:00,5,1,0.9998738494598953
2025-07-26 13:00:00,5,1,0.9999474276768309
2025-07-26 14:00:00,5,1,0.9998967969978502
2025-07-26 15:00:00,5,1,0.9984057617132923
2025-07-26 16:00:00,5,1,0.9160673394083654
2025-07-26 17:00:00,5,0,0.12774639635433327
2025-07-26 18:00:00,5,0,0.00032166852016958937
2025-07-26 19:00:00,5,0,1.0883107855279462e-06
2025-07-26 20:00:00,5,0,8.673284410842486e-09
2025-07-26 21:00:00,5,0,2.4225867196829494e-09
2025-07-26 22:00:00,5,0,2.4190276379211e-09
2025-07-26 23:00:00,5,0,2.590115684913757e-09
2025-07-27 00:00:00,5,0,2.802315953813059e-09
2025-07-27 01:00:00,5,0,3.037322555024224e-09
2025-07-27 02:00:00,5,0,3.23617412277358e-09
2025-07-27 03:00:00,5,0,3.374917219778505e-09
2025-07-27 04:00:00,5,0,3.4559593005884152e-09
2025-07-27 05:00:00,5,0,3.288788145585207e-09
2025-07-27 06:00:00,5,0,3.5229438945037284e-09
2025-07-27 07:00:00,5,0,2.2595636050573795e-08
2025-07-27 08:00:00,5,0,3.458763761224768e-06
2025-07-27 09:00:00,5,0,0.0011374879268775922
2025-07-27 10:00:00,5,1,0.3461127682341621
2025-07-27 11:00:00,5,1,0.993305010791262
2025-07-27 12:00:00,5,1,0.9998687045913923
2025-07-27 13:00:00,5,1,0.9999773100419166
2025-07-27 14:00:00,5,1,0.9999704401493483
2025-07-27 15:00:00,5,1,0.9997348071456519
2025-07-27 16:00:00,5,1,0.9805871194182536
2025-07-27 17:00:00,5,0,0.17372103289875132
2025-07-27 18:00:00,5,0,0.00046603087667920436
2025-07-27 19:00:00,5,0,1.0634228666449247e-06
2025-07-27 20:00:00,5,0,9.378138429233642e-09
2025-07-27 21:00:00,5,0,2.541852331578289e-09
2025-07-27 22:00:00,5,0,2.7227972777325946e-09
2025-07-27 23:00:00,5,0,2.798596912995001e-09
2025-07-28 00:00:00,5,0,2.8855093136735156e-09
2025-07-28 01:00:00,5,0,3.0224553683559167e-09
2025-07-28 02:00:00,5,0,3.2322601589963673e-09
2025-07-28 03:00:00,5,0,3.484869954499917e-09
2025-07-28 04:00:00,5,0,3.7476811388720906e-09
2025-07-28 05:00:00,5,0,3.817719651383609e-09
2025-07-28 06:00:00,5,0,3.881500285460484e-09
2025-07-28 07:00:00,5,0,2.0909242618735138e-08
2025-07-28 08:00:00,5,0,2.638150849566333e-06
2025-07-28 09:00:00,5,0,0.0007650422347534977
2025-07-28 10:00:00,5,1,0.2477501940382253
2025-07-28 11:00:00,5,1,0.9913002380421484
2025-07-28 12:00:00,5,1,0.9998285720377696
2025-07-28 13:00:00,5,1,0.9999717984625289
2025-07-28 14:00:00,5,1,0.9999702561147324
2025-07-28 15:00:00,5,1,0.9996405298741357
2025-07-28 16:00:00,5,1,0.9821480681576659
2025-07-28 17:00:00,5,0,0.18935683732141664
2025-07-28 18:00:00,5,0,0.000474404028941899
2025-07-28 19:00:00,5,0,1.0372977669894793e-06
2025-07-28 20:00:00,5,0,8.949590175800738e-09
2025-07-28 21:00:00,5,0,2.625295200653654e-09
2025-07-28 22:00:00,5,0,2.5639347043169705e-09
2025-07-28 23:00:00,5,0,2.594939372996221e-09
2025-07-29 00:00:00,5,0,2.7864798745357693e-09
2025-07-29 01:00:00,5,0,2.744432891982818e-09
2025-07-29 02:00:00,5,0,2.978480200213889e-09
2025-07-29 03:00:00,5,0,3.1649457048366237e-09
2025-07-29 04:00:00,5,0,3.238393872417391e-09
2025-07-29 05:00:00,5,0,3.743783546492449e-09
2025-07-29 06:00:00,5,0,4.084349338866398e-09
2025-07-29 07:00:00,5,0,2.4837679138696272e-08
2025-07-29 08:00:00,5,0,3.8961984812337785e-06
2025-07-29 09:00:00,5,0,0.0008611317952231974
2025-07-29 10:00:00,5,1,0.27401595021488645
2025-07-29 11:00:00,5,1,0.9894918894156499
2025-07-29 12:00:00,5,1,0.9997567527431361
2025-07-29 13:00:00,5,1,0.9999503684662777
2025-07-29 14:00:00,5,1,0.9999446051436218
2025-07-29 15:00:00,5,1,0.9996406925551835
2025-07-29 16:00:00,5,1,0.9819272959910166
2025-07-29 17:00:00,5,0,0.22210559886887807
2025-07-29 18:00:00,5,0,0.0005151442095448613
2025-07-29 19:00:00,5,0,1.1401310368260573e-06
2025-07-29 20:00:00,5,0,9.138882194588247e-09
2025-07-29 21:00:00,5,0,2.5649529049452766e-09
2025-07-29 22:00:00,5,0,2.6188664980816435e-09
2025-07-29 23:00:00,5,0,2.681594903753996e-09
2025-07-30 00:00:00,5,0,2.743941201237591e-09
2025-07-30 01:00:00,5,0,2.7723312722378653e-09
2025-07-30 02:00:00,5,0,2.7626592470824432e-09
2025-07-30 03:00:00,5,0,3.058013927101212e-09
2025-07-30 04:00:00,5,0,3.447195629899181e-09
2025-07-30 05:00:00,5,0,3.523918123335374e-09
2025-07-30 06:00:00,5,0,3.5963848470229565e-09
2025-07-30 07:00:00,5,0,1.9689178324715175e-08
2025-07-30 08:00:00,5,0,1.6753220634176058e-06
2025-07-30 09:00:00,5,0,0.0006513612023420797
2025-07-30 10:00:00,5,0,0.1420839015891897
2025-07-30 11:00:00,5,1,0.9736862334634928
2025-07-30 12:00:00,5,1,0.9991964418855596
2025-07-30 13:00:00,5,1,0.999949801630669
2025-07-30 14:00:00,5,1,0.9999503935717323
2025-07-30 15:00:00,5,1,0.9997294045531148
2025-07-30 16:00:00,5,1,0.9842002267519209
2025-07-30 17:00:00,5,0,0.23708078609494423
2025-07-30 18:00:00,5,0,0.00041643604342538103
2025-07-30 19:00:00,5,0,9.092659194929236e-07
2025-07-30 20:00:00,5,0,8.46399004050249e-09
2025-07-30 21:00:00,5,0,2.5541485196329998e-09
2025-07-30 22:00:00,5,0,2.666078970435062e-09
2025-07-30 23:00:00,5,0,2.562223476870191e-09
2025-07-31 00:00:00,5,0,2.631234163238052e-09
2025-07-31 01:00:00,5,0,2.6685066457413637e-09
2025-07-31 02:00:00,5,0,3.2000041293273257e-09
2025-07-31 03:00:00,5,0,3.3985678925555092e-09
2025-07-31 04:00:00,5,0,3.5831389792950863e-09
2025-07-31 05:00:00,5,0,3.759660502008019e-09
2025-07-31 06:00:00,5,0,4.056434224679597e-09
2025-07-31 07:00:00,5,0,2.2113230027178774e-08
2025-07-31 08:00:00,5,0,3.6811998032970174e-06
2025-07-31 09:00:00,5,0,0.000759345114517597
2025-07-31 10:00:00,5,0,0.11232832306257336
2025-07-31 11:00:00,5,1,0.7379539901386761
2025-07-31 12:00:00,5,1,0.9964199714547983
2025-07-31 13:00:00,5,1,0.9998721547911225
2025-07-31 14:00:00,5,1,0.9997902412100126
2025-07-31 15:00:00,5,1,0.9970521824773932
2025-07-31 16:00:00,5,1,0.9569428603424169
2025-07-31 17:00:00,5,0,0.08919661117412227
2025-07-31 18:00:00,5,0,0.0001312334962309904
2025-07-31 19:00:00,5,0,3.776307260566422e-07
2025-07-31 20:00:00,5,0,6.252974077766219e-09
2025-07-31 21:00:00,5,0,2.3598772144020336e-09
2025-07-31 22:00:00,5,0,2.3208244757663643e-09
2025-07-31 23:00:00,5,0,2.4104641665330835e-09
2025-08-01 00:00:00,5,0,2.44847390972246e-09
2025-08-01 01:00:00,5,0,2.549195372258672e-09
2025-08-01 02:00:00,5,0,2.6960825968767878e-09
2025-08-01 03:00:00,5,0,2.8628456278428293e-09
2025-08-01 04:00:00,5,0,3.0295008639004664e-09
2025-08-01 05:00:00,5,0,3.1919438702973124e-09
2025-08-01 06:00:00,5,0,3.3066721476378997e-09
2025-08-01 07:00:00,5,0,1.407604425793158e-08
2025-08-01 08:00:00,5,0,7.687499413815088e-07
2025-08-01 09:00:00,5,0,0.00010624359097807188
2025-08-01 10:00:00,5,0,0.03372749605172334
2025-08-01 11:00:00,5,1,0.805088728446845
2025-08-01 12:00:00,5,1,0.9969054138815111
2025-08-01 13:00:00,5,1,0.9998113895716624
2025-08-01 14:00:00,5,1,0.999959164233975
2025-08-01 15:00:00,5,1,0.9996238954251162
2025-08-01 16:00:00,5,1,0.990292356574791
2025-08-01 17:00:00,5,0,0.2802975488075925
2025-08-01 18:00:00,5,0,0.0004743864938883451
2025-08-01 19:00:00,5,0,7.632317443856163e-07
2025-08-01 20:00:00,5,0,6.7674715772263315e-09
2025-08-01 21:00:00,5,0,2.370981111891855e-09
2025-08-01 22:00:00,5,0,2.2987558132207416e-09
2025-08-01 23:00:00,5,0,2.354334649774352e-09
2025-08-02 00:00:00,5,0,2.58400783953938e-09
2025-08-02 01:00:00,5,0,2.4878236121620946e-09
2025-08-02 02:00:00,5,0,2.740372331850943e-09
2025-08-02 03:00:00,5,0,2.784855651422795e-09
2025-08-02 04:00:00,5,0,3.0255735171298085e-09
2025-08-02 05:00:00,5,0,3.245826999193617e-09
2025-08-02 06:00:00,5,0,3.5020406019160326e-09
2025-08-02 07:00:00,5,0,1.7024568779276045e-08
2025-08-02 08:00:00,5,0,1.6316674157279795e-06
2025-08-02 09:00:00,5,0,0.00043832374956912266
2025-08-02 10:00:00,5,0,0.23778295325177026
2025-08-02 11:00:00,5,1,0.9877732434285679
2025-08-02 12:00:00,5,1,0.9998163366310453
2025-08-02 13:00:00,5,1,0.9999801089761996
2025-08-02 14:00:00,5,1,0.9999801782238593
2025-08-02 15:00:00,5,1,0.9997597940855788
2025-08-02 16:00:00,5,1,0.9868080188312554
2025-08-02 17:00:00,5,0,0.2269886617438759
2025-08-02 18:00:00,5,0,0.00043352722258551134
2025-08-02 19:00:00,5,0,8.110589636537938e-07
2025-08-02 20:00:00,5,0,6.650478976631769e-09
2025-08-02 21:00:00,5,0,2.402734794438315e-09
2025-08-02 22:00:00,5,0,2.401024121761423e-09
2025-08-02 23:00:00,5,0,2.596914381629522e-09
2025-08-03 00:00:00,5,0,2.6875256454191465e-09
2025-08-03 01:00:00,5,0,3.0226015659270603e-09
2025-08-03 02:00:00,5,0,3.343259445745794e-09
2025-08-03 03:00:00,5,0,3.6054826900870943e-09
2025-08-03 04:00:00,5,0,3.843682081595725e-09
2025-08-03 05:00:00,5,0,4.018157802338336e-09
2025-08-03 06:00:00,5,0,3.9090415005936754e-09
2025-08-03 07:00:00,5,0,2.1039347059889897e-08
2025-08-03 08:00:00,5,0,4.283759340150197e-06
2025-08-03 09:00:00,5,0,0.0018192315370895275
2025-08-03 10:00:00,5,0,0.4753559718101897
2025-08-03 11:00:00,5,1,0.9937558639793588
2025-08-03 12:00:00,5,1,0.9998585792235645
2025-08-03 13:00:00,5,1,0.9999812740613722
2025-08-03 14:00:00,5,1,0.9999769013679102
2025-08-03 15:00:00,5,1,0.9997135984449138
2025-08-03 16:00:00,5,1,0.9826027839452947
2025-08-03 17:00:00,5,0,0.20430550192024935
2025-08-03 18:00:00,5,0,0.0004071786677946313
2025-08-03 19:00:00,5,0,7.643060785666204e-07
2025-08-03 20:00:00,5,0,6.630981391786947e-09
2025-08-03 21:00:00,5,0,2.5201000145125257e-09
2025-08-03 22:00:00,5,0,2.535831061512138e-09
2025-08-03 23:00:00,5,0,2.557025888601775e-09
2025-08-04 00:00:00,5,0,2.566737227794888e-09
2025-08-04 01:00:00,5,0,2.6326523246599894e-09
2025-08-04 02:00:00,5,0,2.6244386715391025e-09
2025-08-04 03:00:00,5,0,2.9578902745970825e-09
2025-08-04 04:00:00,5,0,2.972089556689436e-09
2025-08-04 05:00:00,5,0,3.2359465386129766e-09
2025-08-04 06:00:00,5,0,3.453010234928713e-09
2025-08-04 07:00:00,5,0,1.4208179248773386e-08
2025-08-04 08:00:00,5,0,1.7088708496901822e-06
2025-08-04 09:00:00,5,0,0.0004380616653777215
2025-08-04 10:00:00,5,0,0.1008911910547778
2025-08-04 11:00:00,5,1,0.9591624319726049
2025-08-04 12:00:00,5,1,0.9990465367737092
2025-08-04 13:00:00,5,1,0.999905743653192
2025-08-04 14:00:00,5,1,0.9998867335151992
2025-08-04 15:00:00,5,1,0.9991960431934279
2025-08-04 16:00:00,5,1,0.9621428551984181
2025-08-04 17:00:00,5,0,0.10143657947382241
2025-08-04 18:00:00,5,0,0.00021100642765305687
2025-08-04 19:00:00,5,0,5.747261719402328e-07
2025-08-04 20:00:00,5,0,6.462087316359279e-09
2025-08-04 21:00:00,5,0,2.580899606053343e-09
2025-08-04 22:00:00,5,0,2.586840055652327e-09
2025-08-04 23:00:00,5,0,2.599562535204197e-09
2025-08-05 00:00:00,5,0,2.728886068932433e-09
2025-08-05 01:00:00,5,0,2.808555188693267e-09
2025-08-05 02:00:00,5,0,3.211597879552658e-09
2025-08-05 03:00:00,5,0,3.5012068578633584e-09
2025-08-05 04:00:00,5,0,3.7187447311903635e-09
2025-08-05 05:00:00,5,0,3.930902193487027e-09
2025-08-05 06:00:00,5,0,4.148158712553187e-09
2025-08-05 07:00:00,5,0,1.988438689576938e-08
2025-08-05 08:00:00,5,0,3.256859816244938e-06
2025-08-05 09:00:00,5,0,0.0010658376349482921
2025-08-05 10:00:00,5,0,0.3067902471661822
2025-08-05 11:00:00,5,1,0.9898873259330474
2025-08-05 12:00:00,5,1,0.9997713403362436
2025-08-05 13:00:00,5,1,0.9999584615164683
2025-08-05 14:00:00,5,1,0.9999422894163417
2025-08-05 15:00:00,5,1,0.9995019778637715
2025-08-05 16:00:00,5,1,0.9750423872982863
2025-08-05 17:00:00,5,0,0.12277320023861213
2025-08-05 18:00:00,5,0,0.00024924208993698526
2025-08-05 19:00:00,5,0,5.547925482261663e-07
2025-08-05 20:00:00,5,0,6.382469882596304e-09
2025-08-05 21:00:00,5,0,2.624356154468306e-09
2025-08-05 22:00:00,5,0,2.6497238355953885e-09
2025-08-05 23:00:00,5,0,2.713439910344741e-09
2025-08-06 00:00:00,5,0,2.8263171916482367e-09
2025-08-06 01:00:00,5,0,2.8555595623292568e-09
2025-08-06 02:00:00,5,0,3.0992700815507355e-09
2025-08-06 03:00:00,5,0,3.3291567492702554e-09
2025-08-06 04:00:00,5,0,3.6169230133511476e-09
2025-08-06 05:00:00,5,0,3.851643023131978e-09
2025-08-06 06:00:00,5,0,4.019692343974662e-09
2025-08-06 07:00:00,5,0,1.6769382703186506e-08
2025-08-06 08:00:00,5,0,2.3007269244353556e-06
2025-08-06 09:00:00,5,0,0.0008603867021504105
2025-08-06 10:00:00,5,0,0.30901971110964965
2025-08-06 11:00:00,5,1,0.9896927962438047
2025-08-06 12:00:00,5,1,0.9997628809436142
2025-08-06 13:00:00,5,1,0.9999669811611361
2025-08-06 14:00:00,5,1,0.9999530921244955
2025-08-06 15:00:00,5,1,0.9996382804783261
2025-08-06 16:00:00,5,1,0.9820474044576416
2025-08-06 17:00:00,5,0,0.1919515660006534
2025-08-06 18:00:00,5,0,0.0004792220563633225
2025-08-06 19:00:00,5,0,8.016828881614844e-07
2025-08-06 20:00:00,5,0,6.721228440334302e-09
2025-08-06 21:00:00,5,0,2.6383544859865052e-09
2025-08-06 22:00:00,5,0,2.6646017996666254e-09
2025-08-06 23:00:00,5,0,2.7385304578414917e-09
2025-08-07 00:00:00,5,0,2.831158701696703e-09
2025-08-07 01:00:00,5,0,3.0116030477140206e-09
2025-08-07 02:00:00,5,0,3.197763302116333e-09
2025-08-07 03:00:00,5,0,3.3587322525498652e-09
2025-08-07 04:00:00,5,0,3.634915208058893e-09
2025-08-07 05:00:00,5,0,3.898511998591382e-09
2025-08-07 06:00:00,5,0,4.159856436378538e-09
2025-08-07 07:00:00,5,0,1.8967344741609454e-08
2025-08-07 08:00:00,5,0,3.2800788358926327e-06
2025-08-07 09:00:00,5,0,0.0016414325854015393
2025-08-07 10:00:00,5,1,0.5394353254032693
2025-08-07 11:00:00,5,1,0.9965958029026264
2025-08-07 12:00:00,5,1,0.9999051477419816
2025-08-07 13:00:00,5,1,0.9999854369137275
2025-08-07 14:00:00,5,1,0.999979184321448
2025-08-07 15:00:00,5,1,0.999821794186748
2025-08-07 16:00:00,5,1,0.9889188560080958
2025-08-07 17:00:00,5,0,0.24490008895347537
2025-08-07 18:00:00,5,0,0.0004572980652637164
2025-08-07 19:00:00,5,0,7.510774357445484e-07
2025-08-07 20:00:00,5,0,6.655912829281705e-09
2025-08-07 21:00:00,5,0,2.7144330651174638e-09
2025-08-07 22:00:00,5,0,2.771234755096059e-09
2025-08-07 23:00:00,5,0,2.8465273425309347e-09
2025-08-08 00:00:00,5,0,2.9656761944570533e-09
2025-08-08 01:00:00,5,0,3.1322716381088458e-09
2025-08-08 02:00:00,5,0,3.337339461663334e-09
2025-08-08 03:00:00,5,0,3.571657094199981e-09
2025-08-08 04:00:00,5,0,3.821723369197757e-09
2025-08-08 05:00:00,5,0,4.069733886173337e-09
2025-08-08 06:00:00,5,0,4.296457358038214e-09
2025-08-08 07:00:00,5,0,1.883684212109549e-08
2025-08-08 08:00:00,5,0,3.273510034514012e-06
2025-08-08 09:00:00,5,0,0.0014012972609797878
2025-08-08 10:00:00,5,0,0.4316000236641654
2025-08-08 11:00:00,5,1,0.9947298605098134
2025-08-08 12:00:00,5,1,0.9998687577097821
2025-08-08 13:00:00,5,1,0.9999780183695831
2025-08-08 14:00:00,5,1,0.9999697106486001
2025-08-08 15:00:00,5,1,0.9996986023722834
2025-08-08 16:00:00,5,1,0.9817150600946399
2025-08-08 17:00:00,5,0,0.17763891268620233
2025-08-08 18:00:00,5,0,0.00035360561524133195
2025-08-08 19:00:00,5,0,6.156912340908424e-07
2025-08-08 20:00:00,5,0,6.150067051190945e-09
2025-08-08 21:00:00,5,0,2.6476368597025887e-09
2025-08-08 22:00:00,5,0,2.663365751053583e-09
2025-08-08 23:00:00,5,0,2.726592642865592e-09
2025-08-09 00:00:00,5,0,2.808704561858187e-09
2025-08-09 01:00:00,5,0,2.966482199053275e-09
2025-08-09 02:00:00,5,0,3.149033387543241e-09
2025-08-09 03:00:00,5,0,3.3716336530996933e-09
2025-08-09 04:00:00,5,0,3.6328462965268952e-09
2025-08-09 05:00:00,5,0,3.926228541394833e-09
2025-08-09 06:00:00,5,0,4.112707359465742e-09
2025-08-09 07:00:00,5,0,1.6479568401533097e-08
2025-08-09 08:00:00,5,0,2.6495898163284094e-06
2025-08-09 09:00:00,5,0,0.0010017294920854644
2025-08-09 10:00:00,5,0,0.3160453385773
2025-08-09 11:00:00,5,1,0.992364766840188
2025-08-09 12:00:00,5,1,0.9998407721118582
2025-08-09 13:00:00,5,1,0.9999774877441825
2025-08-09 14:00:00,5,1,0.9999731672271003
2025-08-09 15:00:00,5,1,0.9996588802286274
2025-08-09 16:00:00,5,1,0.9768603398674574
2025-08-09 17:00:00,5,0,0.14128429115860106
2025-08-09 18:00:00,5,0,0.00030830617331072336
2025-08-09 19:00:00,5,0,5.594922117481786e-07
2025-08-09 20:00:00,5,0,5.628603860044061e-09
2025-08-09 21:00:00,5,0,2.7312394055446417e-09
2025-08-09 22:00:00,5,0,2.7272268745282834e-09
2025-08-09 23:00:00,5,0,2.822111734889578e-09
2025-08-10 00:00:00,5,0,2.9275100604392844e-09
2025-08-10 01:00:00,5,0,3.1160027275662476e-09
2025-08-10 02:00:00,5,0,3.3200054359420574e-09
2025-08-10 03:00:00,5,0,3.554170975935985e-09
2025-08-10 04:00:00,5,0,3.803012976506935e-09
2025-08-10 05:00:00,5,0,4.049809283636069e-09
2025-08-10 06:00:00,5,0,4.2736376630834084e-09
2025-08-10 07:00:00,5,0,1.6932484732129716e-08
2025-08-10 08:00:00,5,0,3.0243031750094044e-06
2025-08-10 09:00:00,5,0,0.0014787683337218168
2025-08-10 10:00:00,5,0,0.45760685603553
2025-08-10 11:00:00,5,1,0.9951352827975454
2025-08-10 12:00:00,5,1,0.9998820920083141
2025-08-10 13:00:00,5,1,0.9999810577474139
2025-08-10 14:00:00,5,1,0.9999741314076489
2025-08-10 15:00:00,5,1,0.999751254659003
2025-08-10 16:00:00,5,1,0.9850158060890698
2025-08-10 17:00:00,5,0,0.2015091320655626
2025-08-10 18:00:00,5,0,0.00035784239662779976
2025-08-10 19:00:00,5,0,6.118145510021788e-07
2025-08-10 20:00:00,5,0,5.759891460185707e-09
2025-08-10 21:00:00,5,0,2.725020304299593e-09
2025-08-10 22:00:00,5,0,2.7513610302028104e-09
2025-08-10 23:00:00,5,0,2.826113661878903e-09
2025-08-11 00:00:00,5,0,2.943269654063444e-09
2025-08-11 01:00:00,5,0,3.1095381396987714e-09
2025-08-11 02:00:00,5,0,3.3131176156372464e-09
2025-08-11 03:00:00,5,0,3.5457346103869456e-09
2025-08-11 04:00:00,5,0,3.793985946612534e-09
2025-08-11 05:00:00,5,0,4.040196445161196e-09
2025-08-11 06:00:00,5,0,4.263493533898812e-09
2025-08-11 07:00:00,5,0,1.682035487254196e-08
2025-08-11 08:00:00,5,0,3.091392841762914e-06
2025-08-11 09:00:00,5,0,0.0016136692694663532
2025-08-11 10:00:00,5,0,0.4980517616256514
2025-08-11 11:00:00,5,1,0.9957346230563571
2025-08-11 12:00:00,5,1,0.9999001587299106
2025-08-11 13:00:00,5,1,0.9999831949379153
2025-08-11 14:00:00,5,1,0.9999763240463924
2025-08-11 15:00:00,5,1,0.9997499540097295
2025-08-11 16:00:00,5,1,0.9839671363349474
2025-08-11 17:00:00,5,0,0.1861375674015077
2025-08-11 18:00:00,5,0,0.0003148949131314663
2025-08-11 19:00:00,5,0,5.213423816661643e-07
2025-08-11 20:00:00,5,0,4.9880362268429395e-09
2025-08-11 21:00:00,5,0,2.5786344733655995e-09
2025-08-11 22:00:00,5,0,2.5398092784909225e-09
2025-08-11 23:00:00,5,0,2.552653300945519e-09
2025-08-12 00:00:00,5,0,2.777813067523866e-09
2025-08-12 01:00:00,5,0,3.0095077460982304e-09
2025-08-12 02:00:00,5,0,3.302782745336917e-09
2025-08-12 03:00:00,5,0,3.5346741194655598e-09
2025-08-12 04:00:00,5,0,3.7821510656304484e-09
2025-08-12 05:00:00,5,0,4.027593540265441e-09
2025-08-12 06:00:00,5,0,4.250194080704207e-09
2025-08-12 07:00:00,5,0,1.56771855309038e-08
2025-08-12 08:00:00,5,0,2.661445630402475e-06
2025-08-12 09:00:00,5,0,0.0012674958146296697
2025-08-12 10:00:00,5,0,0.4194150954687834
2025-08-12 11:00:00,5,1,0.9941425593726182
2025-08-12 12:00:00,5,1,0.9998631411330656
2025-08-12 13:00:00,5,1,0.9999761495029359
2025-08-12 14:00:00,5,1,0.9999678245704147
2025-08-12 15:00:00,5,1,0.9996717042397644
2025-08-12 16:00:00,5,1,0.9799779162370761
2025-08-12 17:00:00,5,0,0.15847302022846002
2025-08-12 18:00:00,5,0,0.0002678009572623465
2025-08-12 19:00:00,5,0,4.7457750521962025e-07
2025-08-12 20:00:00,5,0,5.239506305532781e-09
2025-08-12 21:00:00,5,0,2.7171293222186067e-09
2025-08-12 22:00:00,5,0,2.6681086880284083e-09
2025-08-12 23:00:00,5,0,2.812442737301321e-09
2025-08-13 00:00:00,5,0,2.9274404471527295e-09
2025-08-13 01:00:00,5,0,3.0918880159698615e-09
2025-08-13 02:00:00,5,0,3.2943119495847766e-09
2025-08-13 03:00:00,5,0,3.486725465204705e-09
2025-08-13 04:00:00,5,0,3.772450812348391e-09
2025-08-13 05:00:00,5,0,3.5822962088712035e-09
2025-08-13 06:00:00,5,0,3.613124147289736e-09
2025-08-13 07:00:00,5,0,1.2379645587874788e-08
2025-08-13 08:00:00,5,0,1.9719352247666796e-06
2025-08-13 09:00:00,5,0,0.0006215197567496735
2025-08-13 10:00:00,5,0,0.20383681798862052
2025-08-13 11:00:00,5,1,0.9839325485087442
2025-08-13 12:00:00,5,1,0.9997221712358088
2025-08-13 13:00:00,5,1,0.9999604242658987
2025-08-13 14:00:00,5,1,0.9999598671215889
2025-08-13 15:00:00,5,1,0.9996782522382028
2025-08-13 16:00:00,5,1,0.9798298583748164
2025-08-13 17:00:00,5,0,0.16075963328422857
2025-08-13 18:00:00,5,0,0.0002600514853909521
2025-08-13 19:00:00,5,0,4.489824389076993e-07
2025-08-13 20:00:00,5,0,5.086849152468002e-09
2025-08-13 21:00:00,5,0,2.7101605781900728e-09
2025-08-13 22:00:00,5,0,2.7363576662749737e-09
2025-08-13 23:00:00,5,0,2.8115668166396155e-09
2025-08-14 00:00:00,5,0,2.927132710566923e-09
2025-08-14 01:00:00,5,0,3.091562992428392e-09
2025-08-14 02:00:00,5,0,3.2939656469597103e-09
2025-08-14 03:00:00,5,0,3.525237964611145e-09
2025-08-14 04:00:00,5,0,3.5849130732536496e-09
2025-08-14 05:00:00,5,0,3.817555799830953e-09
2025-08-14 06:00:00,5,0,4.192465480596978e-09
2025-08-14 07:00:00,5,0,1.5362350821712593e-08
2025-08-14 08:00:00,5,0,2.9018151545055067e-06
2025-08-14 09:00:00,5,0,0.0015552879681181497
2025-08-14 10:00:00,5,0,0.4833341335139216
2025-08-14 11:00:00,5,1,0.9954046656291842
2025-08-14 12:00:00,5,1,0.9998990408175635
2025-08-14 13:00:00,5,1,0.999983551830026
2025-08-14 14:00:00,5,1,0.9999754568778999
2025-08-14 15:00:00,5,1,0.9997494306133621
2025-08-14 16:00:00,5,1,0.9807220068558951
2025-08-14 17:00:00,5,0,0.1276145449097706
2025-08-14 18:00:00,5,0,0.00016916159134138816
2025-08-14 19:00:00,5,0,2.6529943611018474e-07
2025-08-14 20:00:00,5,0,3.6933043728172604e-09
2025-08-14 21:00:00,5,0,2.2329579886135196e-09
2025-08-14 22:00:00,5,0,2.3394451177315866e-09
2025-08-14 23:00:00,5,0,2.3907559888159123e-09
2025-08-15 00:00:00,5,0,2.3741348364296656e-09
2025-08-15 01:00:00,5,0,2.659998522618314e-09
2025-08-15 02:00:00,5,0,2.6716651980828595e-09
2025-08-15 03:00:00,5,0,2.966096650716524e-09
2025-08-15 04:00:00,5,0,3.162054440163291e-09
2025-08-15 05:00:00,5,0,3.245952908464185e-09
2025-08-15 06:00:00,5,0,3.3476535490042656e-09
2025-08-15 07:00:00,5,0,9.966809278445403e-09
2025-08-15 08:00:00,5,0,6.32849291128079e-07
2025-08-15 09:00:00,5,0,0.0001248099529062442
2025-08-15 10:00:00,5,0,0.028930580717324576
2025-08-15 11:00:00,5,1,0.8960728571686944
2025-08-15 12:00:00,5,1,0.9989349487416164
2025-08-15 13:00:00,5,1,0.9999278498660902
2025-08-15 14:00:00,5,1,0.9999135173925824
2025-08-15 15:00:00,5,1,0.9938794328065588
2025-08-15 16:00:00,5,1,0.7504921075404084
2025-08-15 17:00:00,5,0,0.019618712364168556
2025-08-15 18:00:00,5,0,4.995139112174763e-05
2025-08-15 19:00:00,5,0,1.842395481177326e-07
2025-08-15 20:00:00,5,0,3.818922955370551e-09
2025-08-15 21:00:00,5,0,2.309911105361096e-09
2025-08-15 22:00:00,5,0,2.1788785550019258e-09
2025-08-15 23:00:00,5,0,2.3444334039678313e-09
2025-08-16 00:00:00,5,0,2.2832427884363055e-09
2025-08-16 01:00:00,5,0,2.4474260009463278e-09
2025-08-16 02:00:00,5,0,2.56938241379836e-09
2025-08-16 03:00:00,5,0,3.0054022121305647e-09
2025-08-16 04:00:00,5,0,3.1563932388615832e-09
2025-08-16 05:00:00,5,0,3.462702642171471e-09
2025-08-16 06:00:00,5,0,3.6004479495653386e-09
2025-08-16 07:00:00,5,0,1.0078158034420244e-08
2025-08-16 08:00:00,5,0,9.749427622852952e-07
2025-08-16 09:00:00,5,0,0.0002413644973542894
2025-08-16 10:00:00,5,0,0.06939102537747663
2025-08-16 11:00:00,5,1,0.9366749294002558
2025-08-16 12:00:00,5,1,0.9990995404990931
2025-08-16 13:00:00,5,1,0.9998950623301104
2025-08-16 14:00:00,5,1,0.9999214154605879
2025-08-16 15:00:00,5,1,0.9992359920053479
2025-08-16 16:00:00,5,1,0.9518387242803032
2025-08-16 17:00:00,5,0,0.06342809039535433
2025-08-16 18:00:00,5,0,0.00010436624255759987
2025-08-16 19:00:00,5,0,2.2365429814557094e-07
2025-08-16 20:00:00,5,0,3.6571037152853035e-09
2025-08-16 21:00:00,5,0,2.320430614638153e-09
2025-08-16 22:00:00,5,0,2.361528799890882e-09
2025-08-16 23:00:00,5,0,2.481075253388951e-09
2025-08-17 00:00:00,5,0,2.5165662280242374e-09
2025-08-17 01:00:00,5,0,2.717381623944788e-09
2025-08-17 02:00:00,5,0,2.8103541740860465e-09
2025-08-17 03:00:00,5,0,3.0299908860491664e-09
2025-08-17 04:00:00,5,0,3.194545112578362e-09
2025-08-17 05:00:00,5,0,3.40274071354012e-09
2025-08-17 06:00:00,5,0,3.4855767844826034e-09
2025-08-17 07:00:00,5,0,1.0105767243725829e-08
2025-08-17 08:00:00,5,0,1.1108110498428539e-06
2025-08-17 09:00:00,5,0,0.0003071280510738124
2025-08-17 10:00:00,5,0,0.12505592825177475
2025-08-17 11:00:00,5,1,0.976089525500522
2025-08-17 12:00:00,5,1,0.9993854559743616
2025-08-17 13:00:00,5,1,0.9998774618982934
2025-08-17 14:00:00,5,1,0.9998043185991122
2025-08-17 15:00:00,5,1,0.9987220385179987
2025-08-17 16:00:00,5,1,0.914721918692856
2025-08-17 17:00:00,5,0,0.03787161172838596
2025-08-17 18:00:00,5,0,5.6871068958985635e-05
2025-08-17 19:00:00,5,0,1.6208156447445962e-07
2025-08-17 20:00:00,5,0,3.6808009929631905e-09
2025-08-17 21:00:00,5,0,2.558905166888636e-09
2025-08-17 22:00:00,5,0,2.6333129878731687e-09
2025-08-17 23:00:00,5,0,2.53007508825987e-09
2025-08-18 00:00:00,5,0,2.5745605206339935e-09
2025-08-18 01:00:00,5,0,2.7495089220019207e-09
2025-08-18 02:00:00,5,0,2.918708023129514e-09
2025-08-18 03:00:00,5,0,3.055113455680285e-09
2025-08-18 04:00:00,5,0,3.1980917963367097e-09
2025-08-18 05:00:00,5,0,3.3303605548767354e-09
2025-08-18 06:00:00,5,0,3.4756660326563654e-09
2025-08-18 07:00:00,5,0,8.833572209097153e-09
2025-08-18 08:00:00,5,0,6.960636806673819e-07
2025-08-18 09:00:00,5,0,0.00019335483398066252
2025-08-18 10:00:00,5,0,0.08088561141169849
2025-08-18 11:00:00,5,1,0.9604934510852751
2025-08-18 12:00:00,5,1,0.9990666252006153
2025-08-18 13:00:00,5,1,0.9999024214421421
2025-08-18 14:00:00,5,1,0.9999064079893617
2025-08-18 15:00:00,5,1,0.9986896067704135
2025-08-18 16:00:00,5,1,0.9374897976179808
2025-08-18 17:00:00,5,0,0.05988174036581993
2025-08-18 18:00:00,5,0,8.652272040771648e-05
2025-08-18 19:00:00,5,0,1.8850936501999105e-07
2025-08-18 20:00:00,5,0,3.4979420090376826e-09
2025-08-18 21:00:00,5,0,2.258601670532842e-09
2025-08-18 22:00:00,5,0,2.2386708752124237e-09
2025-08-18 23:00:00,5,0,2.2583892545060377e-09
2025-08-19 00:00:00,5,0,2.4930030081747788e-09
2025-08-19 01:00:00,5,0,2.846163501647744e-09
2025-08-19 02:00:00,5,0,2.8054301185241617e-09
2025-08-19 03:00:00,5,0,2.958332878330075e-09
2025-08-19 04:00:00,5,0,3.1184658313448887e-09
2025-08-19 05:00:00,5,0,3.3331372811890947e-09
2025-08-19 06:00:00,5,0,3.4013728216647915e-09
2025-08-19 07:00:00,5,0,9.579625068769693e-09
2025-08-19 08:00:00,5,0,1.0999794317457355e-06
2025-08-19 09:00:00,5,0,0.00042059005507983407
2025-08-19 10:00:00,5,0,0.21427190751939287
2025-08-19 11:00:00,5,1,0.9867364570430297
2025-08-19 12:00:00,5,1,0.9996576674297982
2025-08-19 13:00:00,5,1,0.9999514483909318
2025-08-19 14:00:00,5,1,0.9999421450384581
2025-08-19 15:00:00,5,1,0.9993353254732246
2025-08-19 16:00:00,5,1,0.9516604264822401
2025-08-19 17:00:00,5,0,0.06403546168423242
2025-08-19 18:00:00,5,0,0.00010381202758913127
2025-08-19 19:00:00,5,0,2.0766838730537582e-07
2025-08-19 20:00:00,5,0,3.717481620697366e-09
2025-08-19 21:00:00,5,0,2.553382809072057e-09
2025-08-19 22:00:00,5,0,2.617150061454461e-09
2025-08-19 23:00:00,5,0,2.728302089239037e-09
2025-08-20 00:00:00,5,0,2.7872965899912774e-09
2025-08-20 01:00:00,5,0,2.964945377415083e-09
2025-08-20 02:00:00,5,0,3.1012046574406735e-09
2025-08-20 03:00:00,5,0,3.3559550986081476e-09
2025-08-20 04:00:00,5,0,3.4360014344909464e-09
2025-08-20 05:00:00,5,0,3.618626504290813e-09
2025-08-20 06:00:00,5,0,3.558905241619227e-09
2025-08-20 07:00:00,5,0,8.940876489796996e-09
2025-08-20 08:00:00,5,0,9.339355859037487e-07
2025-08-20 09:00:00,5,0,0.00038384742276486363
2025-08-20 10:00:00,5,0,0.1829176693730098
2025-08-20 11:00:00,5,1,0.9845189941978538
2025-08-20 12:00:00,5,1,0.999594628174389
2025-08-20 13:00:00,5,1,0.9999019119754242
2025-08-20 14:00:00,5,1,0.9998384254105046
2025-08-20 15:00:00,5,1,0.9987504972387086
2025-08-20 16:00:00,5,1,0.9258721481825067
2025-08-20 17:00:00,5,0,0.045211663777620675
2025-08-20 18:00:00,5,0,8.280060534647845e-05
2025-08-20 19:00:00,5,0,1.702240173988495e-07
2025-08-20 20:00:00,5,0,3.457304108572751e-09
2025-08-20 21:00:00,5,0,2.5933479383990815e-09
2025-08-20 22:00:00,5,0,2.58953798712958e-09
2025-08-20 23:00:00,5,0,2.6317324157103584e-09
2025-08-21 00:00:00,5,0,2.717168634991402e-09
2025-08-21 01:00:00,5,0,2.891100399637284e-09
2025-08-21 02:00:00,5,0,3.2201010705807313e-09
2025-08-21 03:00:00,5,0,3.4461872893035377e-09
2025-08-21 04:00:00,5,0,3.687468911745947e-09
2025-08-21 05:00:00,5,0,3.926766993505385e-09
2025-08-21 06:00:00,5,0,4.143794964745701e-09
2025-08-21 07:00:00,5,0,1.1437113127361422e-08
2025-08-21 08:00:00,5,0,1.5373433450059117e-06
2025-08-21 09:00:00,5,0,0.0007324258605006505
2025-08-21 10:00:00,5,0,0.26400138627677183
2025-08-21 11:00:00,5,1,0.9881105543373356
2025-08-21 12:00:00,5,1,0.9997335341245586
2025-08-21 13:00:00,5,1,0.9999602314908466
2025-08-21 14:00:00,5,1,0.9999460961062924
2025-08-21 15:00:00,5,1,0.9993929053699845
2025-08-21 16:00:00,5,1,0.9588436557293758
2025-08-21 17:00:00,5,0,0.06873847006200498
2025-08-21 18:00:00,5,0,0.00010370215223905458
2025-08-21 19:00:00,5,0,1.9472796522842718e-07
2025-08-21 20:00:00,5,0,3.6368748231119734e-09
2025-08-21 21:00:00,5,0,2.6410496217722486e-09
2025-08-21 22:00:00,5,0,2.6667722106065583e-09
2025-08-21 23:00:00,5,0,2.7399920013041474e-09
2025-08-22 00:00:00,5,0,2.8505401360596298e-09
2025-08-22 01:00:00,5,0,3.010667866645802e-09
2025-08-22 02:00:00,5,0,3.207774368976884e-09
2025-08-22 03:00:00,5,0,3.4329951187953655e-09
2025-08-22 04:00:00,5,0,3.673353103598597e-09
2025-08-22 05:00:00,5,0,3.911735140808298e-09
2025-08-22 06:00:00,5,0,4.129774228152508e-09
2025-08-22 07:00:00,5,0,1.0994971460264585e-08
2025-08-22 08:00:00,5,0,1.5019528674264076e-06
2025-08-22 09:00:00,5,0,0.0007912271776829598
2025-08-22 10:00:00,5,0,0.31860018988995087
2025-08-22 11:00:00,5,1,0.9913632534308937
2025-08-22 12:00:00,5,1,0.9997945119416782
2025-08-22 13:00:00,5,1,0.9999620489631877
2025-08-22 14:00:00,5,1,0.9999407104600715
2025-08-22 15:00:00,5,1,0.9993689176285183
2025-08-22 16:00:00,5,1,0.9518372850005381
2025-08-22 17:00:00,5,0,0.05850853081396153
2025-08-22 18:00:00,5,0,7.890847889292003e-05
2025-08-22 19:00:00,5,0,1.4100397289964093e-07
2025-08-22 20:00:00,5,0,3.4383087729020316e-09
2025-08-22 21:00:00,5,0,2.632113498859094e-09
2025-08-22 22:00:00,5,0,2.65755616441161e-09
2025-08-22 23:00:00,5,0,2.7297601808802482e-09
2025-08-23 00:00:00,5,0,2.83879876208936e-09
2025-08-23 01:00:00,5,0,2.9982669266029826e-09
2025-08-23 02:00:00,5,0,3.195686086176848e-09
2025-08-23 03:00:00,5,0,3.296925723993138e-09
2025-08-23 04:00:00,5,0,3.2763456617519882e-09
2025-08-23 05:00:00,5,0,3.401356017869554e-09
2025-08-23 06:00:00,5,0,3.615877737953355e-09
2025-08-23 07:00:00,5,0,8.226965588875002e-09
2025-08-23 08:00:00,5,0,7.744190039939695e-07
2025-08-23 09:00:00,5,0,0.0002881879835404395
2025-08-23 10:00:00,5,0,0.09424743185186371
2025-08-23 11:00:00,5,1,0.9350970968899306
2025-08-23 12:00:00,5,1,0.9983626893454931
2025-08-23 13:00:00,5,1,0.999782271007001
2025-08-23 14:00:00,5,1,0.9998279058757655
2025-08-23 15:00:00,5,1,0.998228764840494
2025-08-23 16:00:00,5,1,0.9218880781954124
2025-08-23 17:00:00,5,0,0.03497581845433796
2025-08-23 18:00:00,5,0,4.795665723973732e-05
2025-08-23 19:00:00,5,0,1.0652814144858422e-07
2025-08-23 20:00:00,5,0,2.9331176666204193e-09
2025-08-23 21:00:00,5,0,2.2772551976511857e-09
2025-08-23 22:00:00,5,0,2.3183382835346936e-09
2025-08-23 23:00:00,5,0,2.398997214572309e-09
2025-08-24 00:00:00,5,0,2.657346271201207e-09
2025-08-24 01:00:00,5,0,2.6560257434245646e-09
2025-08-24 02:00:00,5,0,2.7266651482804517e-09
2025-08-24 03:00:00,5,0,2.7922596742403495e-09
2025-08-24 04:00:00,5,0,2.954805880243831e-09
2025-08-24 05:00:00,5,0,3.1233799994567152e-09
2025-08-24 06:00:00,5,0,3.357493545352156e-09
2025-08-24 07:00:00,5,0,8.07226598068424e-09
2025-08-24 08:00:00,5,0,8.446034428901991e-07
2025-08-24 09:00:00,5,0,0.00026303086930115047
2025-08-24 10:00:00,5,0,0.1663882071663009
2025-08-24 11:00:00,5,1,0.9835554773564749
2025-08-24 12:00:00,5,1,0.999589284001254
2025-08-24 13:00:00,5,1,0.999932523456729
2025-08-24 14:00:00,5,1,0.9998888443217668
2025-08-24 15:00:00,5,1,0.9986942159677946
2025-08-24 16:00:00,5,1,0.8889141027669493
2025-08-24 17:00:00,5,0,0.026422519966504528
2025-08-24 18:00:00,5,0,3.760977199552342e-05
2025-08-24 19:00:00,5,0,9.029450840697857e-08
2025-08-24 20:00:00,5,0,2.750514049260388e-09
2025-08-24 21:00:00,5,0,2.1390683587053985e-09
2025-08-24 22:00:00,5,0,2.3453341990948757e-09
2025-08-24 23:00:00,5,0,2.5097868780879166e-09
2025-08-25 00:00:00,5,0,2.561803794948169e-09
2025-08-25 01:00:00,5,0,2.893165910416885e-09
2025-08-25 02:00:00,5,0,3.105454702878266e-09
2025-08-25 03:00:00,5,0,3.0744477557050634e-09
2025-08-25 04:00:00,5,0,3.2422603729172957e-09
2025-08-25 05:00:00,5,0,3.4399268364406254e-09
2025-08-25 06:00:00,5,0,3.536610520725669e-09
2025-08-25 07:00:00,5,0,8.080240411708686e-09
2025-08-25 08:00:00,5,0,7.995659346584592e-07
2025-08-25 09:00:00,5,0,0.0002743775902333115
2025-08-25 10:00:00,5,0,0.10471825912345951
2025-08-25 11:00:00,5,1,0.9404816049918439
2025-08-25 12:00:00,5,1,0.998243862063849
2025-08-25 13:00:00,5,1,0.999662431770599
2025-08-25 14:00:00,5,1,0.9995628118050164
2025-08-25 15:00:00,5,1,0.9959580872931201
2025-08-25 16:00:00,5,1,0.8467317785674839
2025-08-25 17:00:00,5,0,0.019052500097652494
2025-08-25 18:00:00,5,0,3.8296248681374505e-05
2025-08-25 19:00:00,5,0,9.373680802432385e-08
2025-08-25 20:00:00,5,0,3.041300889995153e-09
2025-08-25 21:00:00,5,0,2.482136428019163e-09
2025-08-25 22:00:00,5,0,2.443525289353508e-09
2025-08-25 23:00:00,5,0,2.547303362649295e-09
2025-08-26 00:00:00,5,0,2.6483823984984243e-09
2025-08-26 01:00:00,5,0,2.849335669086944e-09
2025-08-26 02:00:00,5,0,2.9474130663541937e-09
2025-08-26 03:00:00,5,0,3.2146326707094916e-09
2025-08-26 04:00:00,5,0,3.4652273975472763e-09
2025-08-26 05:00:00,5,0,3.635940066068338e-09
2025-08-26 06:00:00,5,0,3.4717289010327855e-09
2025-08-26 07:00:00,5,0,7.78608318699815e-09
2025-08-26 08:00:00,5,0,6.677945468692696e-07
2025-08-26 09:00:00,5,0,0.00023972923154548653
2025-08-26 10:00:00,5,0,0.10655999072426901
2025-08-26 11:00:00,5,1,0.9753833461291908
2025-08-26 12:00:00,5,1,0.9993910006064524
2025-08-26 13:00:00,5,1,0.9998773063160399
2025-08-26 14:00:00,5,1,0.9998093505319967
2025-08-26 15:00:00,5,1,0.9980393886253172
2025-08-26 16:00:00,5,1,0.9043092816668755
2025-08-26 17:00:00,5,0,0.03427705075018979
2025-08-26 18:00:00,5,0,4.2068807930312324e-05
2025-08-26 19:00:00,5,0,8.464167450586367e-08
2025-08-26 20:00:00,5,0,2.8653243994861566e-09
2025-08-26 21:00:00,5,0,2.4290153048196283e-09
2025-08-26 22:00:00,5,0,2.443445424904934e-09
2025-08-26 23:00:00,5,0,2.278989593073683e-09
2025-08-27 00:00:00,5,0,2.4867844734294096e-09
2025-08-27 01:00:00,5,0,2.4941960987602034e-09
2025-08-27 02:00:00,5,0,2.6469945472715377e-09
2025-08-27 03:00:00,5,0,3.0408829424073324e-09
2025-08-27 04:00:00,5,0,3.3390838319812737e-09
2025-08-27 05:00:00,5,0,3.3515595105303266e-09
2025-08-27 06:00:00,5,0,3.4197969164636875e-09
2025-08-27 07:00:00,5,0,6.990782437105161e-09
2025-08-27 08:00:00,5,0,6.102845094883844e-07
2025-08-27 09:00:00,5,0,0.000272451955803412
2025-08-27 10:00:00,5,0,0.11998234876413463
2025-08-27 11:00:00,5,1,0.9682788625703813
2025-08-27 12:00:00,5,1,0.9993382718358448
2025-08-27 13:00:00,5,1,0.9999024373701817
2025-08-27 14:00:00,5,1,0.9998295614749124
2025-08-27 15:00:00,5,1,0.9981273825087079
2025-08-27 16:00:00,5,1,0.9017515450887944
2025-08-27 17:00:00,5,0,0.030083117955841517
2025-08-27 18:00:00,5,0,3.95858717047095e-05
2025-08-27 19:00:00,5,0,7.74459641413506e-08
2025-08-27 20:00:00,5,0,2.7711229021836103e-09
2025-08-27 21:00:00,5,0,2.4377308384814664e-09
2025-08-27 22:00:00,5,0,2.425167851795633e-09
2025-08-27 23:00:00,5,0,2.375236050336119e-09
2025-08-28 00:00:00,5,0,2.5620656613668834e-09
2025-08-28 01:00:00,5,0,2.766678051152336e-09
2025-08-28 02:00:00,5,0,2.8303469363394858e-09
2025-08-28 03:00:00,5,0,2.76065508379566e-09
2025-08-28 04:00:00,5,0,2.9539398017151315e-09
2025-08-28 05:00:00,5,0,3.0994641464749674e-09
2025-08-28 06:00:00,5,0,3.295039593105417e-09
2025-08-28 07:00:00,5,0,6.602638765371512e-09
2025-08-28 08:00:00,5,0,5.202801570911921e-07
2025-08-28 09:00:00,5,0,0.00018014544921069698
2025-08-28 10:00:00,5,0,0.06671157044927267
2025-08-28 11:00:00,5,1,0.9479386164202339
2025-08-28 12:00:00,5,1,0.9988869582479581
2025-08-28 13:00:00,5,1,0.9997597983740774
2025-08-28 14:00:00,5,1,0.9998391669225669
2025-08-28 15:00:00,5,1,0.9980462830733002
2025-08-28 16:00:00,5,1,0.9126765414428314
2025-08-28 17:00:00,5,0,0.025673363897320417
2025-08-28 18:00:00,5,0,3.078386117554646e-05
2025-08-28 19:00:00,5,0,6.113539456053748e-08
2025-08-28 20:00:00,5,0,2.5105373525097916e-09
2025-08-28 21:00:00,5,0,2.3153573344078028e-09
2025-08-28 22:00:00,5,0,2.363808044518273e-09
2025-08-28 23:00:00,5,0,2.3312794325203147e-09
2025-08-29 00:00:00,5,0,2.387150625888144e-09
2025-08-29 01:00:00,5,0,2.8489329600527513e-09
2025-08-29 02:00:00,5,0,3.013091368641805e-09
2025-08-29 03:00:00,5,0,2.7701138924646403e-09
2025-08-29 04:00:00,5,0,2.9860564294920974e-09
2025-08-29 05:00:00,5,0,3.133162983610357e-09
2025-08-29 06:00:00,5,0,3.3432007414553364e-09
2025-08-29 07:00:00,5,0,6.53326942298357e-09
2025-08-29 08:00:00,5,0,5.080052353189503e-07
2025-08-29 09:00:00,5,0,0.00015710738005552424
2025-08-29 10:00:00,5,0,0.053767673737484444
2025-08-29 11:00:00,5,1,0.9130214363740382
2025-08-29 12:00:00,5,1,0.9982195201165253
2025-08-29 13:00:00,5,1,0.999807892578066
2025-08-29 14:00:00,5,1,0.9997739138085651
2025-08-29 15:00:00,5,1,0.9963247464742329
2025-08-29 16:00:00,5,1,0.7779886951972178
2025-08-29 17:00:00,5,0,0.01490948493948968
2025-08-29 18:00:00,5,0,2.4146457984349506e-05
2025-08-29 19:00:00,5,0,4.976560843019606e-08
2025-08-29 20:00:00,5,0,2.5089337376631267e-09
2025-08-29 21:00:00,5,0,2.383130854135049e-09
2025-08-29 22:00:00,5,0,2.184858846169066e-09
2025-08-29 23:00:00,5,0,2.1717515792957484e-09
2025-08-30 00:00:00,5,0,2.395140795365609e-09
2025-08-30 01:00:00,5,0,2.806119873003581e-09
2025-08-30 02:00:00,5,0,3.000907660035148e-09
2025-08-30 03:00:00,5,0,3.1997537602130077e-09
2025-08-30 04:00:00,5,0,3.4237815666181553e-09
2025-08-30 05:00:00,5,0,3.592452427326958e-09
2025-08-30 06:00:00,5,0,3.666951190938623e-09
2025-08-30 07:00:00,5,0,6.40367069860911e-09
2025-08-30 08:00:00,5,0,3.552677930203001e-07
2025-08-30 09:00:00,5,0,0.00010241858605921732
2025-08-30 10:00:00,5,0,0.04803782978161541
2025-08-30 11:00:00,5,1,0.9295649210051787
2025-08-30 12:00:00,5,1,0.9985521222197277
2025-08-30 13:00:00,5,1,0.9998584572700164
2025-08-30 14:00:00,5,1,0.9998527656960721
2025-08-30 15:00:00,5,1,0.9985954909683212
2025-08-30 16:00:00,5,1,0.9052783702091995
2025-08-30 17:00:00,5,0,0.030160863496740655
2025-08-30 18:00:00,5,0,4.055788327825107e-05
2025-08-30 19:00:00,5,0,7.141619513965822e-08
2025-08-30 20:00:00,5,0,2.730439462948747e-09
2025-08-30 21:00:00,5,0,2.5274397939381546e-09
2025-08-30 22:00:00,5,0,2.5342036141753943e-09
2025-08-30 23:00:00,5,0,2.5743477235781195e-09
2025-08-31 00:00:00,5,0,2.6459225803150928e-09
2025-08-31 01:00:00,5,0,2.8049057100562943e-09
2025-08-31 02:00:00,5,0,2.965754995704399e-09
2025-08-31 03:00:00,5,0,2.958701492321623e-09
2025-08-31 04:00:00,5,0,3.084363424187939e-09
2025-08-31 05:00:00,5,0,3.284523010342039e-09
2025-08-31 06:00:00,5,0,3.415046229435658e-09
2025-08-31 07:00:00,5,0,6.223950538743869e-09
2025-08-31 08:00:00,5,0,5.02992992233264e-07
2025-08-31 09:00:00,5,0,0.0002044102840316115
2025-08-31 10:00:00,5,0,0.0816232094632647
2025-08-31 11:00:00,5,1,0.958785208737732
2025-08-31 12:00:00,5,1,0.9992474880732211
2025-08-31 13:00:00,5,1,0.9998697200418202
2025-08-31 14:00:00,5,1,0.999818004836036
2025-08-31 15:00:00,5,1,0.9978731003502207
2025-08-31 16:00:00,5,1,0.8713520563681478
2025-08-31 17:00:00,5,0,0.020222948797262583
2025-08-31 18:00:00,5,0,2.5851248388262507e-05
2025-08-31 19:00:00,5,0,5.450214596674146e-08
2025-08-31 20:00:00,5,0,2.6549044592321775e-09
2025-08-31 21:00:00,5,0,2.461811166201619e-09
2025-08-31 22:00:00,5,0,2.4502168948672985e-09
2025-08-31 23:00:00,5,0,2.48903057761408e-09
2025-09-01 00:00:00,5,0,2.520491103381844e-09
2025-09-01 01:00:00,5,0,2.75213592080923e-09
2025-09-01 02:00:00,5,0,2.9214966820180134e-09
2025-09-01 03:00:00,5,0,3.149819478870259e-09
2025-09-01 04:00:00,5,0,3.141750282769279e-09
2025-09-01 05:00:00,5,0,3.3332890848106188e-09
2025-09-01 06:00:00,5,0,3.401598527627213e-09
2025-09-01 07:00:00,5,0,6.0061470586703755e-09
2025-09-01 08:00:00,5,0,3.508678850959983e-07
2025-09-01 09:00:00,5,0,7.878027894940589e-05
2025-09-01 10:00:00,5,0,0.026142643804505435
2025-09-01 11:00:00,5,0,0.7438432864913384
2025-09-01 12:00:00,5,1,0.9895510202474826
2025-09-01 13:00:00,5,1,0.9987909097375172
2025-09-01 14:00:00,5,1,0.9990679207396014
2025-09-01 15:00:00,5,1,0.9886328150068491
2025-09-01 16:00:00,5,1,0.7366687362215748
2025-09-01 17:00:00,5,0,0.009661347552910739
2025-09-01 18:00:00,5,0,1.4154227312206385e-05
2025-09-01 19:00:00,5,0,3.5631858613099784e-08
2025-09-01 20:00:00,5,0,2.273275084480471e-09
2025-09-01 21:00:00,5,0,2.0904182791345247e-09
2025-09-01 22:00:00,5,0,2.1899096101695084e-09
2025-09-01 23:00:00,5,0,2.242107993348216e-09
2025-09-02 00:00:00,5,0,2.53705091515234e-09
2025-09-02 01:00:00,5,0,2.4697788512408455e-09
2025-09-02 02:00:00,5,0,2.416573443638739e-09
2025-09-02 03:00:00,5,0,2.6157653357160315e-09
2025-09-02 04:00:00,5,0,2.7885781781316704e-09
2025-09-02 05:00:00,5,0,3.1621479641506077e-09
2025-09-02 06:00:00,5,0,3.192125446928473e-09
2025-09-02 07:00:00,5,0,5.958663042792443e-09
2025-09-02 08:00:00,5,0,4.3686117088725655e-07
2025-09-02 09:00:00,5,0,0.00016057146112205718
2025-09-02 10:00:00,5,0,0.09272634443568592
2025-09-02 11:00:00,5,1,0.9572649561756233
2025-09-02 12:00:00,5,1,0.9989121693536992
2025-09-02 13:00:00,5,1,0.9997720825119208
2025-09-02 14:00:00,5,1,0.9995740283151393
2025-09-02 15:00:00,5,1,0.9958405508383462
2025-09-02 16:00:00,5,1,0.7663631096420725
2025-09-02 17:00:00,5,0,0.008404252613761277
2025-09-02 18:00:00,5,0,1.1562609694224076e-05
2025-09-02 19:00:00,5,0,3.243615154376586e-08
2025-09-02 20:00:00,5,0,2.215704326992284e-09
2025-09-02 21:00:00,5,0,2.0054248749723657e-09
2025-09-02 22:00:00,5,0,2.0473899996865568e-09
2025-09-02 23:00:00,5,0,2.26637683905016e-09
2025-09-03 00:00:00,5,0,2.3897700261348803e-09
2025-09-03 01:00:00,5,0,2.450610667030191e-09
2025-09-03 02:00:00,5,0,2.5722888997591735e-09
2025-09-03 03:00:00,5,0,2.7427338698905356e-09
2025-09-03 04:00:00,5,0,2.858939099635078e-09
2025-09-03 05:00:00,5,0,2.9456131720177987e-09
2025-09-03 06:00:00,5,0,2.951634526480908e-09
2025-09-03 07:00:00,5,0,5.349683932339025e-09
2025-09-03 08:00:00,5,0,3.007235367792251e-07
2025-09-03 09:00:00,5,0,9.433449607756754e-05
2025-09-03 10:00:00,5,0,0.03576774058710455
2025-09-03 11:00:00,5,1,0.8725324710673209
2025-09-03 12:00:00,5,1,0.9959209339957144
2025-09-03 13:00:00,5,1,0.999106726450314
2025-09-03 14:00:00,5,1,0.999318233293653
2025-09-03 15:00:00,5,1,0.9938044417759795
2025-09-03 16:00:00,5,1,0.6844359462924084
2025-09-03 17:00:00,5,0,0.006523725724983993
2025-09-03 18:00:00,5,0,1.086389508110195e-05
2025-09-03 19:00:00,5,0,2.845242997392831e-08
2025-09-03 20:00:00,5,0,2.142749524819262e-09
2025-09-03 21:00:00,5,0,2.104253684778361e-09
2025-09-03 22:00:00,5,0,2.196841439026436e-09
2025-09-03 23:00:00,5,0,2.4212030730239106e-09
2025-09-04 00:00:00,5,0,2.6006205326213496e-09
2025-09-04 01:00:00,5,0,2.6964069577970976e-09
2025-09-04 02:00:00,5,0,2.609142591428749e-09
2025-09-04 03:00:00,5,0,2.631517616550842e-09
2025-09-04 04:00:00,5,0,2.7744313619898675e-09
2025-09-04 05:00:00,5,0,2.9764023816759594e-09
2025-09-04 06:00:00,5,0,3.1176461076516546e-09
2025-09-04 07:00:00,5,0,5.348094691176265e-09
2025-09-04 08:00:00,5,0,3.4241238486645433e-07
2025-09-04 09:00:00,5,0,0.00011298937229407404
2025-09-04 10:00:00,5,0,0.04125185324490382
2025-09-04 11:00:00,5,1,0.910954069211827
2025-09-04 12:00:00,5,1,0.9979580463893009
2025-09-04 13:00:00,5,1,0.9998075342653173
2025-09-04 14:00:00,5,1,0.9997307984324015
2025-09-04 15:00:00,5,1,0.9959686995591746
2025-09-04 16:00:00,5,1,0.7860098066935394
2025-09-04 17:00:00,5,0,0.008390879114254018
2025-09-04 18:00:00,5,0,1.0456084341259186e-05
2025-09-04 19:00:00,5,0,3.05876680833595e-08
2025-09-04 20:00:00,5,0,2.4331258191055285e-09
2025-09-04 21:00:00,5,0,2.3328878622098843e-09
2025-09-04 22:00:00,5,0,2.3993794649620382e-09
2025-09-04 23:00:00,5,0,2.3663613508939867e-09
2025-09-05 00:00:00,5,0,2.5509462075816833e-09
2025-09-05 01:00:00,5,0,2.714237719844145e-09
2025-09-05 02:00:00,5,0,2.8919371298486695e-09
2025-09-05 03:00:00,5,0,3.0941769936743357e-09
2025-09-05 04:00:00,5,0,3.31167501510302e-09
2025-09-05 05:00:00,5,0,3.5135733863731893e-09
2025-09-05 06:00:00,5,0,3.6940835041647853e-09
2025-09-05 07:00:00,5,0,5.895390665665399e-09
2025-09-05 08:00:00,5,0,3.8219120069069573e-07
2025-09-05 09:00:00,5,0,0.00012511000555454998
2025-09-05 10:00:00,5,0,0.07212998883266078
2025-09-05 11:00:00,5,1,0.9639489793396522
2025-09-05 12:00:00,5,1,0.9991776073946126
2025-09-05 13:00:00,5,1,0.9998393034977765
2025-09-05 14:00:00,5,1,0.999691941951881
2025-09-05 15:00:00,5,1,0.9956447256534956
2025-09-05 16:00:00,5,1,0.7500651099825284
2025-09-05 17:00:00,5,0,0.00740194335061772
2025-09-05 18:00:00,5,0,8.877545799656198e-06
2025-09-05 19:00:00,5,0,2.270900032286733e-08
2025-09-05 20:00:00,5,0,2.2312250248591853e-09
2025-09-05 21:00:00,5,0,2.2798838913903516e-09
2025-09-05 22:00:00,5,0,2.234842867969286e-09
2025-09-05 23:00:00,5,0,2.2447572628634675e-09
2025-09-06 00:00:00,5,0,2.2551839585728487e-09
2025-09-06 01:00:00,5,0,2.381867840339503e-09
2025-09-06 02:00:00,5,0,2.4913307666082016e-09
2025-09-06 03:00:00,5,0,2.6761238673792446e-09
2025-09-06 04:00:00,5,0,2.8006769733280874e-09
2025-09-06 05:00:00,5,0,2.960341619027073e-09
2025-09-06 06:00:00,5,0,3.0667453993480818e-09
2025-09-06 07:00:00,5,0,4.9168758525043054e-09
2025-09-06 08:00:00,5,0,2.6652100239074616e-07
2025-09-06 09:00:00,5,0,0.0001345299640454392
2025-09-06 10:00:00,5,0,0.054754533468013046
2025-09-06 11:00:00,5,1,0.9233480673229723
2025-09-06 12:00:00,5,1,0.9975658662249245
2025-09-06 13:00:00,5,1,0.9993815415198586
2025-09-06 14:00:00,5,1,0.9981683027963929
2025-09-06 15:00:00,5,1,0.9709528217627137
2025-09-06 16:00:00,5,1,0.24621151539070318
2025-09-06 17:00:00,5,0,0.0012720202603253884
2025-09-06 18:00:00,5,0,3.3137110447899776e-06
2025-09-06 19:00:00,5,0,1.6653384205825466e-08
2025-09-06 20:00:00,5,0,2.0691785786751006e-09
2025-09-06 21:00:00,5,0,2.0455739814580667e-09
2025-09-06 22:00:00,5,0,2.0200417628235123e-09
2025-09-06 23:00:00,5,0,1.9630017471392427e-09
2025-09-07 00:00:00,5,0,2.1874076607556828e-09
2025-09-07 01:00:00,5,0,2.4327773276266756e-09
2025-09-07 02:00:00,5,0,2.4982055531232582e-09
2025-09-07 03:00:00,5,0,2.614958858532384e-09
2025-09-07 04:00:00,5,0,2.7156928449549024e-09
2025-09-07 05:00:00,5,0,2.88125678468709e-09
2025-09-07 06:00:00,5,0,3.1675105962718008e-09
2025-09-07 07:00:00,5,0,4.9561329563378504e-09
2025-09-07 08:00:00,5,0,2.5140382641016755e-07
2025-09-07 09:00:00,5,0,7.011194673803554e-05
2025-09-07 10:00:00,5,0,0.025217494338358227
2025-09-07 11:00:00,5,1,0.8635278808648061
2025-09-07 12:00:00,5,1,0.9942041196957282
2025-09-07 13:00:00,5,1,0.9982335611825287
2025-09-07 14:00:00,5,1,0.9967364549949782
2025-09-07 15:00:00,5,1,0.9559480918361322
2025-09-07 16:00:00,5,1,0.2911131819074936
2025-09-07 17:00:00,5,0,0.0017779049585589309
2025-09-07 18:00:00,5,0,4.729245942956329e-06
2025-09-07 19:00:00,5,0,1.8631577045875495e-08
2025-09-07 20:00:00,5,0,2.3356981152532745e-09
2025-09-07 21:00:00,5,0,2.240766535773659e-09
2025-09-07 22:00:00,5,0,2.2374745705173874e-09
2025-09-07 23:00:00,5,0,2.1915388839453947e-09
2025-09-08 00:00:00,5,0,2.2507922786571716e-09
2025-09-08 01:00:00,5,0,2.3946535145121047e-09
2025-09-08 02:00:00,5,0,2.599704296154669e-09
2025-09-08 03:00:00,5,0,2.4525694028187223e-09
2025-09-08 04:00:00,5,0,2.7037556546670478e-09
2025-09-08 05:00:00,5,0,2.878466221959582e-09
2025-09-08 06:00:00,5,0,2.992970773975896e-09
2025-09-08 07:00:00,5,0,4.910529592266347e-09
2025-09-08 08:00:00,5,0,2.408433610226529e-07
2025-09-08 09:00:00,5,0,9.960947788098306e-05
2025-09-08 10:00:00,5,0,0.05017333028083904
2025-09-08 11:00:00,5,1,0.9209825651114143
2025-09-08 12:00:00,5,1,0.9981403579615601
2025-09-08 13:00:00,5,1,0.9996564274278059
2025-09-08 14:00:00,5,1,0.9994158115980915
2025-09-08 15:00:00,5,1,0.9913423633537792
2025-09-08 16:00:00,5,1,0.5648450233609398
2025-09-08 17:00:00,5,0,0.004024291129531968
2025-09-08 18:00:00,5,0,6.993784970649973e-06
2025-09-08 19:00:00,5,0,1.9578456846896418e-08
2025-09-08 20:00:00,5,0,2.4761619270518575e-09
2025-09-08 21:00:00,5,0,2.3931495305812932e-09
2025-09-08 22:00:00,5,0,2.4173604713274196e-09
2025-09-08 23:00:00,5,0,2.5293602783296833e-09
2025-09-09 00:00:00,5,0,2.6457952751291877e-09
2025-09-09 01:00:00,5,0,2.7944215609808624e-09
2025-09-09 02:00:00,5,0,2.9781458084357657e-09
2025-09-09 03:00:00,5,0,3.187244128659403e-09
2025-09-09 04:00:00,5,0,3.409508311428801e-09
2025-09-09 05:00:00,5,0,3.6307681561722696e-09
2025-09-09 06:00:00,5,0,3.832434242166674e-09
2025-09-09 07:00:00,5,0,6.115672219022269e-09
2025-09-09 08:00:00,5,0,4.069778874433608e-07
2025-09-09 09:00:00,5,0,0.0001963294222236533
2025-09-09 10:00:00,5,0,0.09413430511649046
2025-09-09 11:00:00,5,1,0.9558366171050648
2025-09-09 12:00:00,5,1,0.9984578722006765
2025-09-09 13:00:00,5,1,0.9995238653654085
2025-09-09 14:00:00,5,1,0.9983232993356672
2025-09-09 15:00:00,5,1,0.9683491392980669
2025-09-09 16:00:00,5,0,0.3445608095423034
2025-09-09 17:00:00,5,0,0.00269913755988814
2025-09-09 18:00:00,5,0,4.893473521058875e-06
2025-09-09 19:00:00,5,0,1.5579163331901545e-08
2025-09-09 20:00:00,5,0,2.3672325124131556e-09
2025-09-09 21:00:00,5,0,2.3305527948123563e-09
2025-09-09 22:00:00,5,0,2.3793214821241696e-09
2025-09-09 23:00:00,5,0,2.4439660491249254e-09
2025-09-10 00:00:00,5,0,2.5759455058853526e-09
2025-09-10 01:00:00,5,0,2.7509880207740182e-09
2025-09-10 02:00:00,5,0,2.9637802923711915e-09
2025-09-10 03:00:00,5,0,3.171869996676759e-09
2025-09-10 04:00:00,5,0,3.3939455471190206e-09
2025-09-10 05:00:00,5,0,3.6141954471760443e-09
2025-09-10 06:00:00,5,0,3.813947942580698e-09
2025-09-10 07:00:00,5,0,5.936092275254689e-09
2025-09-10 08:00:00,5,0,4.2907281569671637e-07
2025-09-10 09:00:00,5,0,0.00022102984692751694
2025-09-10 10:00:00,5,0,0.11326715219287058
2025-09-10 11:00:00,5,1,0.9660742648451085
2025-09-10 12:00:00,5,1,0.9990316992544244
2025-09-10 13:00:00,5,1,0.9997859514862227
2025-09-10 14:00:00,5,1,0.9996028171857566
2025-09-10 15:00:00,5,1,0.9938279165489896
2025-09-10 16:00:00,5,1,0.627774276516553
2025-09-10 17:00:00,5,0,0.00420185161165166
2025-09-10 18:00:00,5,0,5.3396862660837655e-06
2025-09-10 19:00:00,5,0,1.4643055737844448e-08
2025-09-10 20:00:00,5,0,2.2693043957612223e-09
2025-09-10 21:00:00,5,0,2.3193110370918443e-09
2025-09-10 22:00:00,5,0,2.3417300760402793e-09
2025-09-10 23:00:00,5,0,2.4411848418881672e-09
2025-09-11 00:00:00,5,0,2.620849136314193e-09
2025-09-11 01:00:00,5,0,2.7680740847370044e-09
2025-09-11 02:00:00,5,0,2.949298127156771e-09
2025-09-11 03:00:00,5,0,3.1563710255015807e-09
2025-09-11 04:00:00,5,0,3.3773614297849512e-09
2025-09-11 05:00:00,5,0,3.5965351045102744e-09
2025-09-11 06:00:00,5,0,3.79531153274995e-09
2025-09-11 07:00:00,5,0,5.773908228261541e-09
2025-09-11 08:00:00,5,0,3.6910156183324075e-07
2025-09-11 09:00:00,5,0,0.00018147442048357452
2025-09-11 10:00:00,5,0,0.09447677309598564
2025-09-11 11:00:00,5,1,0.9583811721808506
2025-09-11 12:00:00,5,1,0.9988295019754246
2025-09-11 13:00:00,5,1,0.9997550843964456
2025-09-11 14:00:00,5,1,0.9995412475037414
2025-09-11 15:00:00,5,1,0.9939450317431061
2025-09-11 16:00:00,5,1,0.6290865899137543
2025-09-11 17:00:00,5,0,0.004495232219363977
2025-09-11 18:00:00,5,0,5.676139155739584e-06
2025-09-11 19:00:00,5,0,1.4917973606268517e-08
2025-09-11 20:00:00,5,0,2.4405056106113617e-09
2025-09-11 21:00:00,5,0,2.4115889545640497e-09
2025-09-11 22:00:00,5,0,2.356274286912012e-09
2025-09-11 23:00:00,5,0,2.3847677986521873e-09
2025-09-12 00:00:00,5,0,2.4855192454514096e-09
2025-09-12 01:00:00,5,0,2.625142101913271e-09
2025-09-12 02:00:00,5,0,2.7970084787312512e-09
2025-09-12 03:00:00,5,0,2.9946393221135066e-09
2025-09-12 04:00:00,5,0,3.2520394266919943e-09
2025-09-12 05:00:00,5,0,3.4503020764395294e-09
2025-09-12 06:00:00,5,0,3.626344955157651e-09
2025-09-12 07:00:00,5,0,5.406106434080504e-09
2025-09-12 08:00:00,5,0,3.324531080008837e-07
2025-09-12 09:00:00,5,0,0.00015255940265366524
2025-09-12 10:00:00,5,0,0.07089042093023122
2025-09-12 11:00:00,5,1,0.939355119179507
2025-09-12 12:00:00,5,1,0.9972591445516223
2025-09-12 13:00:00,5,1,0.9992632366169215
2025-09-12 14:00:00,5,1,0.9989634192291545
2025-09-12 15:00:00,5,1,0.9862526794173307
2025-09-12 16:00:00,5,0,0.4210755126249075
2025-09-12 17:00:00,5,0,0.0021044176745635304
2025-09-12 18:00:00,5,0,3.2504008666921456e-06
2025-09-12 19:00:00,5,0,1.1160812612803867e-08
2025-09-12 20:00:00,5,0,2.1654934395396754e-09
2025-09-12 21:00:00,5,0,2.2870644004530227e-09
2025-09-12 22:00:00,5,0,2.3273455461941814e-09
2025-09-12 23:00:00,5,0,2.3905779619199353e-09
2025-09-13 00:00:00,5,0,2.463947721447828e-09
2025-09-13 01:00:00,5,0,2.4894408518185176e-09
2025-09-13 02:00:00,5,0,2.7933093534335927e-09
2025-09-13 03:00:00,5,0,2.9894301384297633e-09
2025-09-13 04:00:00,5,0,3.2105788980307757e-09
2025-09-13 05:00:00,5,0,3.4063138803162133e-09
2025-09-13 06:00:00,5,0,3.5945769966359413e-09
2025-09-13 07:00:00,5,0,5.309341520997542e-09
2025-09-13 08:00:00,5,0,2.9443802881198614e-07
2025-09-13 09:00:00,5,0,0.0001044847829224519
2025-09-13 10:00:00,5,0,0.04957021306642281
2025-09-13 11:00:00,5,1,0.9097109047349805
2025-09-13 12:00:00,5,1,0.9975605939307882
2025-09-13 13:00:00,5,1,0.9995866617679943
2025-09-13 14:00:00,5,1,0.9993385369683191
2025-09-13 15:00:00,5,1,0.9891712481050575
2025-09-13 16:00:00,5,0,0.47452132686764104
2025-09-13 17:00:00,5,0,0.001957872427568373
2025-09-13 18:00:00,5,0,2.9365349347248544e-06
2025-09-13 19:00:00,5,0,1.01467348379338e-08
2025-09-13 20:00:00,5,0,2.0683774410626967e-09
2025-09-13 21:00:00,5,0,2.1056385000387676e-09
2025-09-13 22:00:00,5,0,2.0645473556404927e-09
2025-09-13 23:00:00,5,0,2.020795319029762e-09
2025-09-14 00:00:00,5,0,2.0981490214676815e-09
2025-09-14 01:00:00,5,0,2.3079794348340558e-09
2025-09-14 02:00:00,5,0,2.6684155117757866e-09
2025-09-14 03:00:00,5,0,2.7828173388633937e-09
2025-09-14 04:00:00,5,0,3.067028191100379e-09
2025-09-14 05:00:00,5,0,3.3147159661622554e-09
2025-09-14 06:00:00,5,0,3.3959858401369324e-09
2025-09-14 07:00:00,5,0,4.576725574253169e-09
2025-09-14 08:00:00,5,0,2.2754537284654018e-07
2025-09-14 09:00:00,5,0,9.495201893582355e-05
2025-09-14 10:00:00,5,0,0.043626215945094735
2025-09-14 11:00:00,5,1,0.9073121418003648
2025-09-14 12:00:00,5,1,0.9979084698353475
2025-09-14 13:00:00,5,1,0.9995855458962926
2025-09-14 14:00:00,5,1,0.9991961045656594
2025-09-14 15:00:00,5,1,0.9853543016157637
2025-09-14 16:00:00,5,0,0.3808872633623834
2025-09-14 17:00:00,5,0,0.001436470382585123
2025-09-14 18:00:00,5,0,2.234908642482403e-06
2025-09-14 19:00:00,5,0,8.669086676557937e-09
2025-09-14 20:00:00,5,0,1.939381394170837e-09
2025-09-14 21:00:00,5,0,2.127128274240595e-09
2025-09-14 22:00:00,5,0,2.0924082410104696e-09
2025-09-14 23:00:00,5,0,2.2471951934319473e-09
2025-09-15 00:00:00,5,0,2.223167608158719e-09
2025-09-15 01:00:00,5,0,2.392335565630013e-09
2025-09-15 02:00:00,5,0,2.6942926558568687e-09
2025-09-15 03:00:00,5,0,3.014251628548892e-09
2025-09-15 04:00:00,5,0,3.0739598067099385e-09
2025-09-15 05:00:00,5,0,3.2613657193223764e-09
2025-09-15 06:00:00,5,0,3.5712240560239884e-09
2025-09-15 07:00:00,5,0,4.760414910756402e-09
2025-09-15 08:00:00,5,0,2.2727256886441003e-07
2025-09-15 09:00:00,5,0,5.917043243861638e-05
2025-09-15 10:00:00,5,0,0.03494496080573716
2025-09-15 11:00:00,5,1,0.9208693763042396
2025-09-15 12:00:00,5,1,0.9977869810389501
2025-09-15 13:00:00,5,1,0.9993953909392396
2025-09-15 14:00:00,5,1,0.998292640985455
2025-09-15 15:00:00,5,1,0.9685424159787371
2025-09-15 16:00:00,5,0,0.2480080980591124
2025-09-15 17:00:00,5,0,0.000992876056564185
2025-09-15 18:00:00,5,0,1.7653286261576622e-06
2025-09-15 19:00:00,5,0,9.271285524709588e-09
2025-09-15 20:00:00,5,0,2.382889746675417e-09
2025-09-15 21:00:00,5,0,2.37318754236173e-09
2025-09-15 22:00:00,5,0,2.3961273650463004e-09
2025-09-15 23:00:00,5,0,2.4612285366000994e-09
2025-09-16 00:00:00,5,0,2.5551533812492656e-09
2025-09-16 01:00:00,5,0,2.6986879020198643e-09
2025-09-16 02:00:00,5,0,2.8753692753856286e-09
2025-09-16 03:00:00,5,0,3.077251561964376e-09
2025-09-16 04:00:00,5,0,3.292702490047094e-09
2025-09-16 05:00:00,5,0,3.5063822277919086e-09
2025-09-16 06:00:00,5,0,3.7001760084992894e-09
2025-09-16 07:00:00,5,0,5.021144144900107e-09
2025-09-16 08:00:00,5,0,2.276910557418292e-07
2025-09-16 09:00:00,5,0,9.508856821373071e-05
2025-09-16 10:00:00,5,0,0.039113876205795026
2025-09-16 11:00:00,5,1,0.8757020323307267
2025-09-16 12:00:00,5,1,0.9945690473250612
2025-09-16 13:00:00,5,1,0.9979191539839989
2025-09-16 14:00:00,5,1,0.9945824281386955
2025-09-16 15:00:00,5,1,0.9290023816403327
2025-09-16 16:00:00,5,0,0.15761312433335056
2025-09-16 17:00:00,5,0,0.0007534949284640238
2025-09-16 18:00:00,5,0,1.3809286477951647e-06
2025-09-16 19:00:00,5,0,8.032674528329416e-09
2025-09-16 20:00:00,5,0,2.2593239456579805e-09
2025-09-16 21:00:00,5,0,2.241822221218356e-09
2025-09-16 22:00:00,5,0,2.280289055197314e-09
2025-09-16 23:00:00,5,0,2.3249897980598406e-09
2025-09-17 00:00:00,5,0,2.395806301999643e-09
2025-09-17 01:00:00,5,0,2.549166977753331e-09
2025-09-17 02:00:00,5,0,2.726118290234309e-09
2025-09-17 03:00:00,5,0,2.9829553418514702e-09
2025-09-17 04:00:00,5,0,2.772371812478754e-09
2025-09-17 05:00:00,5,0,2.91972466019198e-09
2025-09-17 06:00:00,5,0,3.2581007652287747e-09
2025-09-17 07:00:00,5,0,3.9623483098909124e-09
2025-09-17 08:00:00,5,0,1.6031921136580358e-07
2025-09-17 09:00:00,5,0,4.6106443123891315e-05
2025-09-17 10:00:00,5,0,0.018866288686350513
2025-09-17 11:00:00,5,1,0.8058046943781679
2025-09-17 12:00:00,5,1,0.9941549795553111
2025-09-17 13:00:00,5,1,0.9988159889105024
2025-09-17 14:00:00,5,1,0.997937057590681
2025-09-17 15:00:00,5,1,0.9788713411550258
2025-09-17 16:00:00,5,1,0.3369382545411502
2025-09-17 17:00:00,5,0,0.0012912506892661013
2025-09-17 18:00:00,5,0,1.6003642836072262e-06
2025-09-17 19:00:00,5,0,6.910953290795053e-09
2025-09-17 20:00:00,5,0,1.937857253310533e-09
2025-09-17 21:00:00,5,0,1.9219881490011783e-09
2025-09-17 22:00:00,5,0,2.2022580517082632e-09
2025-09-17 23:00:00,5,0,2.3042918525176883e-09
2025-09-18 00:00:00,5,0,2.418647383353048e-09
2025-09-18 01:00:00,5,0,2.660530002206557e-09
2025-09-18 02:00:00,5,0,2.8452116177452712e-09
2025-09-18 03:00:00,5,0,3.0449765078157253e-09
2025-09-18 04:00:00,5,0,3.2581677277765784e-09
2025-09-18 05:00:00,5,0,3.469606334128033e-09
2025-09-18 06:00:00,5,0,3.6613675527862936e-09
2025-09-18 07:00:00,5,0,4.8608389274537254e-09
2025-09-18 08:00:00,5,0,2.27534764951715e-07
2025-09-18 09:00:00,5,0,0.00011183076073742468
2025-09-18 10:00:00,5,0,0.061950012969393106
2025-09-18 11:00:00,5,1,0.9370690900024489
2025-09-18 12:00:00,5,1,0.9979729566487894
2025-09-18 13:00:00,5,1,0.9994418074191346
2025-09-18 14:00:00,5,1,0.9989913007928775
2025-09-18 15:00:00,5,1,0.984829267594216
2025-09-18 16:00:00,5,1,0.37633980840083453
2025-09-18 17:00:00,5,0,0.001228849631164342
2025-09-18 18:00:00,5,0,1.5253753244717466e-06
2025-09-18 19:00:00,5,0,7.921322747629739e-09
2025-09-18 20:00:00,5,0,2.35481277318801e-09
2025-09-18 21:00:00,5,0,2.1378028182415116e-09
2025-09-18 22:00:00,5,0,2.358719037214562e-09
2025-09-18 23:00:00,5,0,2.422803849622625e-09
2025-09-19 00:00:00,5,0,2.514866024739217e-09
2025-09-19 01:00:00,5,0,2.656137422506375e-09
2025-09-19 02:00:00,5,0,2.8300330431621236e-09
2025-09-19 03:00:00,5,0,3.02873223173785e-09
2025-09-19 04:00:00,5,0,3.2407861237047732e-09
2025-09-19 05:00:00,5,0,3.4510967518686473e-09
2025-09-19 06:00:00,5,0,3.6418349668497828e-09
2025-09-19 07:00:00,5,0,4.84097579978164e-09
2025-09-19 08:00:00,5,0,2.5384161158297156e-07
2025-09-19 09:00:00,5,0,0.0001296181854394069
2025-09-19 10:00:00,5,0,0.07502820304983876
2025-09-19 11:00:00,5,1,0.9491043919349573
2025-09-19 12:00:00,5,1,0.9984814831533424
2025-09-19 13:00:00,5,1,0.9995467731269841
2025-09-19 14:00:00,5,1,0.9983229118000327
2025-09-19 15:00:00,5,1,0.9734904215130343
2025-09-19 16:00:00,5,0,0.24629152778039443
2025-09-19 17:00:00,5,0,0.0009735610164961085
2025-09-19 18:00:00,5,0,1.5817839344162896e-06
2025-09-19 19:00:00,5,0,7.269388667359136e-09
2025-09-19 20:00:00,5,0,2.3418153140621703e-09
2025-09-19 21:00:00,5,0,2.3246451744720614e-09
2025-09-19 22:00:00,5,0,2.3471157745226903e-09
2025-09-19 23:00:00,5,0,2.4108853340755356e-09
2025-09-20 00:00:00,5,0,2.501531771057663e-09
2025-09-20 01:00:00,5,0,2.6429405557294e-09
2025-09-20 02:00:00,5,0,2.81479644466034e-09
2025-09-20 03:00:00,5,0,3.0124258578293266e-09
2025-09-20 04:00:00,5,0,3.2233380740799902e-09
2025-09-20 05:00:00,5,0,3.432516412075937e-09
2025-09-20 06:00:00,5,0,3.6222277126910677e-09
2025-09-20 07:00:00,5,0,4.7004584162592396e-09
2025-09-20 08:00:00,5,0,2.2595827279892595e-07
2025-09-20 09:00:00,5,0,0.0001161396551153341
2025-09-20 10:00:00,5,0,0.06349858687303021
2025-09-20 11:00:00,5,1,0.9379689384730487
2025-09-20 12:00:00,5,1,0.9980566697811764
2025-09-20 13:00:00,5,1,0.9993732952156876
2025-09-20 14:00:00,5,1,0.9979147436244786
2025-09-20 15:00:00,5,1,0.9717824913098516
2025-09-20 16:00:00,5,0,0.2388109769190838
2025-09-20 17:00:00,5,0,0.0007667049725380739
2025-09-20 18:00:00,5,0,1.1384662130581591e-06
2025-09-20 19:00:00,5,0,6.0160926450532e-09
2025-09-20 20:00:00,5,0,2.3292072281568724e-09
2025-09-20 21:00:00,5,0,2.3111641568454297e-09
2025-09-20 22:00:00,5,0,2.3335044460176573e-09
2025-09-20 23:00:00,5,0,2.39690419491564e-09
2025-09-21 00:00:00,5,0,2.4877405027056942e-09
2025-09-21 01:00:00,5,0,2.6274881372325543e-09
2025-09-21 02:00:00,5,0,2.7995081074841207e-09
2025-09-21 03:00:00,5,0,2.9960641126270508e-09
2025-09-21 04:00:00,5,0,3.2058307763913994e-09
2025-09-21 05:00:00,5,0,3.413872979319713e-09
2025-09-21 06:00:00,5,0,3.602553878492063e-09
2025-09-21 07:00:00,5,0,4.577522957363091e-09
2025-09-21 08:00:00,5,0,2.1643693635277043e-07
2025-09-21 09:00:00,5,0,0.00012039475608044218
2025-09-21 10:00:00,5,0,0.06859305139047654
2025-09-21 11:00:00,5,1,0.9427309210848183
2025-09-21 12:00:00,5,1,0.9983476575736693
2025-09-21 13:00:00,5,1,0.9996255594478349
2025-09-21 14:00:00,5,1,0.9991161352323327
2025-09-21 15:00:00,5,1,0.9838313110645077
2025-09-21 16:00:00,5,0,0.3532634917820231
2025-09-21 17:00:00,5,0,0.0011894442211299418
2025-09-21 18:00:00,5,0,1.4138653343963925e-06
2025-09-21 19:00:00,5,0,6.410102790942025e-09
2025-09-21 20:00:00,5,0,2.3176042354483496e-09
2025-09-21 21:00:00,5,0,2.2977748386822182e-09
2025-09-21 22:00:00,5,0,2.3210208957136413e-09
2025-09-21 23:00:00,5,0,2.3863453892549176e-09
2025-09-22 00:00:00,5,0,2.476667193610236e-09
2025-09-22 01:00:00,5,0,2.6133112003290284e-09
2025-09-22 02:00:00,5,0,2.7844030155784634e-09
2025-09-22 03:00:00,5,0,2.9808982604778953e-09
2025-09-22 04:00:00,5,0,3.1915611389309296e-09
2025-09-22 05:00:00,5,0,3.396592209986162e-09
2025-09-22 06:00:00,5,0,3.5843180205818986e-09
2025-09-22 07:00:00,5,0,4.524672776474032e-09
2025-09-22 08:00:00,5,0,1.8515121459682786e-07
2025-09-22 09:00:00,5,0,8.506202731168612e-05
2025-09-22 10:00:00,5,0,0.045292688644013424
2025-09-22 11:00:00,5,1,0.8989055810145001
2025-09-22 12:00:00,5,1,0.9965431810325588
2025-09-22 13:00:00,5,1,0.9989138005264983
2025-09-22 14:00:00,5,1,0.9980365224192508
2025-09-22 15:00:00,5,1,0.9670800286708956
2025-09-22 16:00:00,5,0,0.1841615808154668
2025-09-22 17:00:00,5,0,0.0004169693075923594
2025-09-22 18:00:00,5,0,6.097806244970457e-07
2025-09-22 19:00:00,5,0,3.983955523878151e-09
2025-09-22 20:00:00,5,0,1.59568584666422e-09
2025-09-22 21:00:00,5,0,2.2285554853285583e-09
2025-09-22 22:00:00,5,0,2.309082338349817e-09
2025-09-22 23:00:00,5,0,2.370828259333982e-09
2025-09-23 00:00:00,5,0,2.4604531442597196e-09
2025-09-23 01:00:00,5,0,2.5986679244630467e-09
2025-09-23 02:00:00,5,0,2.7699575827961747e-09
2025-09-23 03:00:00,5,0,2.9644388187859833e-09
2025-09-23 04:00:00,5,0,3.173938493046673e-09
2025-09-23 05:00:00,5,0,3.379911048097785e-09
2025-09-23 06:00:00,5,0,3.5667149097422163e-09
2025-09-23 07:00:00,5,0,4.361064512141141e-09
2025-09-23 08:00:00,5,0,1.6251480802201924e-07
2025-09-23 09:00:00,5,0,7.304894000956389e-05
2025-09-23 10:00:00,5,0,0.037640102788694
2025-09-23 11:00:00,5,1,0.8863573770137204
2025-09-23 12:00:00,5,1,0.9960330966094597
2025-09-23 13:00:00,5,1,0.9989136468143014
2025-09-23 14:00:00,5,1,0.9965261827701664
2025-09-23 15:00:00,5,1,0.9307193576560264
2025-09-23 16:00:00,5,0,0.0769573520553518
2025-09-23 17:00:00,5,0,0.00023197458763675173
2025-09-23 18:00:00,5,0,4.5730971850184367e-07
2025-09-23 19:00:00,5,0,4.029131967121411e-09
2025-09-23 20:00:00,5,0,1.768140461846381e-09
2025-09-23 21:00:00,5,0,2.018866054349002e-09
2025-09-23 22:00:00,5,0,2.11608718241704e-09
2025-09-23 23:00:00,5,0,2.297509438977636e-09
2025-09-24 00:00:00,5,0,2.3666976507099685e-09
2025-09-24 01:00:00,5,0,2.509951217178806e-09
2025-09-24 02:00:00,5,0,2.635023291571359e-09
2025-09-24 03:00:00,5,0,2.7889292067926963e-09
2025-09-24 04:00:00,5,0,2.783492223698912e-09
2025-09-24 05:00:00,5,0,3.072833564513425e-09
2025-09-24 06:00:00,5,0,3.207978940898416e-09
2025-09-24 07:00:00,5,0,3.67763266528252e-09
2025-09-24 08:00:00,5,0,1.0245233331095466e-07
2025-09-24 09:00:00,5,0,3.4591404244039814e-05
2025-09-24 10:00:00,5,0,0.013756974999233403
2025-09-24 11:00:00,5,1,0.7723635028157626
2025-09-24 12:00:00,5,1,0.9910594714572946
2025-09-24 13:00:00,5,1,0.9979345043791359
2025-09-24 14:00:00,5,1,0.9954547039860837
2025-09-24 15:00:00,5,1,0.8820286089161267
2025-09-24 16:00:00,5,0,0.07360023296450202
2025-09-24 17:00:00,5,0,0.0002686876840274541
2025-09-24 18:00:00,5,0,6.092531746582142e-07
2025-09-24 19:00:00,5,0,4.7765439696826805e-09
2025-09-24 20:00:00,5,0,2.1724636646767654e-09
2025-09-24 21:00:00,5,0,2.1706626726489633e-09
2025-09-24 22:00:00,5,0,2.183557989931248e-09
2025-09-24 23:00:00,5,0,2.3016797771298186e-09
2025-09-25 00:00:00,5,0,2.4240699175022933e-09
2025-09-25 01:00:00,5,0,2.5697227892657415e-09
2025-09-25 02:00:00,5,0,2.7379608990891643e-09
2025-09-25 03:00:00,5,0,2.8659191387823445e-09
2025-09-25 04:00:00,5,0,3.066573822342288e-09
2025-09-25 05:00:00,5,0,3.2415243950678785e-09
2025-09-25 06:00:00,5,0,3.4333483370330475e-09
2025-09-25 07:00:00,5,0,3.97396539326811e-09
2025-09-25 08:00:00,5,0,1.1848739742358735e-07
2025-09-25 09:00:00,5,0,4.18451947433736e-05
2025-09-25 10:00:00,5,0,0.023740055295264677
2025-09-25 11:00:00,5,1,0.8381144114613988
2025-09-25 12:00:00,5,1,0.9913090063227809
2025-09-25 13:00:00,5,1,0.99569181496438
2025-09-25 14:00:00,5,1,0.9852942021400976
2025-09-25 15:00:00,5,1,0.7943029662815926
2025-09-25 16:00:00,5,0,0.05838702290499934
2025-09-25 17:00:00,5,0,0.00024395998307416819
2025-09-25 18:00:00,5,0,4.955244392581152e-07
2025-09-25 19:00:00,5,0,4.363150820391155e-09
2025-09-25 20:00:00,5,0,2.105102169776759e-09
2025-09-25 21:00:00,5,0,2.158495385137655e-09
2025-09-25 22:00:00,5,0,2.1633065718869076e-09
2025-09-25 23:00:00,5,0,2.2385716860690367e-09
2025-09-26 00:00:00,5,0,2.3229093583875196e-09
2025-09-26 01:00:00,5,0,2.480757377738658e-09
2025-09-26 02:00:00,5,0,2.623701135662735e-09
2025-09-26 03:00:00,5,0,2.839226744571961e-09
2025-09-26 04:00:00,5,0,2.982375572907037e-09
2025-09-26 05:00:00,5,0,3.211333715298633e-09
2025-09-26 06:00:00,5,0,3.40137106105832e-09
2025-09-26 07:00:00,5,0,4.0376400588203085e-09
2025-09-26 08:00:00,5,0,1.240359374668222e-07
2025-09-26 09:00:00,5,0,3.593722024738913e-05
2025-09-26 10:00:00,5,0,0.013044618491242067
2025-09-26 11:00:00,5,1,0.7511003466310278
2025-09-26 12:00:00,5,1,0.9889534449326828
2025-09-26 13:00:00,5,1,0.9968532416280961
2025-09-26 14:00:00,5,1,0.9940111758158566
2025-09-26 15:00:00,5,1,0.9204654148123455
2025-09-26 16:00:00,5,0,0.08853880266107313
2025-09-26 17:00:00,5,0,0.00022335326946145714
2025-09-26 18:00:00,5,0,3.6782056017660265e-07
2025-09-26 19:00:00,5,0,3.6805504134199444e-09
2025-09-26 20:00:00,5,0,2.0098093091785465e-09
2025-09-26 21:00:00,5,0,2.1220875989570284e-09
2025-09-26 22:00:00,5,0,2.1352501801157826e-09
2025-09-26 23:00:00,5,0,2.2095391647224876e-09
2025-09-27 00:00:00,5,0,2.250708540150955e-09
2025-09-27 01:00:00,5,0,2.199143606819e-09
2025-09-27 02:00:00,5,0,2.405025323368653e-09
2025-09-27 03:00:00,5,0,2.4707288180924623e-09
2025-09-27 04:00:00,5,0,2.6044680280513543e-09
2025-09-27 05:00:00,5,0,2.836169814050302e-09
2025-09-27 06:00:00,5,0,2.9929217126383257e-09
2025-09-27 07:00:00,5,0,3.3717173850687137e-09
2025-09-27 08:00:00,5,0,7.37598479059453e-08
2025-09-27 09:00:00,5,0,1.7532882495908087e-05
2025-09-27 10:00:00,5,0,0.005701806133317297
2025-09-27 11:00:00,5,1,0.5035406296208388
2025-09-27 12:00:00,5,1,0.9774104900895889
2025-09-27 13:00:00,5,1,0.9953195010372337
2025-09-27 14:00:00,5,1,0.9921086177479828
2025-09-27 15:00:00,5,1,0.8708540760560137
2025-09-27 16:00:00,5,0,0.08217195183838104
2025-09-27 17:00:00,5,0,0.00020611177509300983
2025-09-27 18:00:00,5,0,3.7186165970880504e-07
2025-09-27 19:00:00,5,0,3.6297796922601067e-09
2025-09-27 20:00:00,5,0,2.1045354010911605e-09
2025-09-27 21:00:00,5,0,2.110578448565111e-09
2025-09-27 22:00:00,5,0,2.1467933054002958e-09
2025-09-27 23:00:00,5,0,2.205120237991588e-09
2025-09-28 00:00:00,5,0,2.2295807238202708e-09
2025-09-28 01:00:00,5,0,2.320262387519475e-09
2025-09-28 02:00:00,5,0,2.356173432555653e-09
2025-09-28 03:00:00,5,0,2.549722807136407e-09
2025-09-28 04:00:00,5,0,2.648102889567442e-09
2025-09-28 05:00:00,5,0,3.025862166836267e-09
2025-09-28 06:00:00,5,0,3.2889391895767093e-09
2025-09-28 07:00:00,5,0,3.6810032936461435e-09
2025-09-28 08:00:00,5,0,8.98687585999066e-08
2025-09-28 09:00:00,5,0,2.68737199138719e-05
2025-09-28 10:00:00,5,0,0.013143004361350406
2025-09-28 11:00:00,5,1,0.45795009635786244
2025-09-28 12:00:00,5,1,0.909938952743071
2025-09-28 13:00:00,5,1,0.9937558509319135
2025-09-28 14:00:00,5,1,0.9880009688008659
2025-09-28 15:00:00,5,1,0.804493482407052
2025-09-28 16:00:00,5,0,0.03712608059573301
2025-09-28 17:00:00,5,0,0.00013735507653255463
2025-09-28 18:00:00,5,0,2.77038990383688e-07
2025-09-28 19:00:00,5,0,3.1438930747241313e-09
2025-09-28 20:00:00,5,0,1.8933529782035377e-09
2025-09-28 21:00:00,5,0,1.9128800805662714e-09
2025-09-28 22:00:00,5,0,1.8959255912445554e-09
2025-09-28 23:00:00,5,0,1.9686413590507906e-09
2025-09-29 00:00:00,5,0,1.9541352177789173e-09
2025-09-29 01:00:00,5,0,2.117460707434146e-09
2025-09-29 02:00:00,5,0,2.215349024881251e-09
2025-09-29 03:00:00,5,0,2.0525753009648306e-09
2025-09-29 04:00:00,5,0,2.3215085895196094e-09
2025-09-29 05:00:00,5,0,2.4448978478720206e-09
2025-09-29 06:00:00,5,0,2.6184581237120052e-09
2025-09-29 07:00:00,5,0,3.2743080458236236e-09
2025-09-29 08:00:00,5,0,4.954510830196812e-08
2025-09-29 09:00:00,5,0,6.2031408555980845e-06
2025-09-29 10:00:00,5,0,0.0017991286397819257
2025-09-29 11:00:00,5,0,0.11574940504513295
2025-09-29 12:00:00,5,1,0.919765080732216
2025-09-29 13:00:00,5,1,0.9506410170643973
2025-09-29 14:00:00,5,1,0.8998821938738056
2025-09-29 15:00:00,5,1,0.4219759420953775
2025-09-29 16:00:00,5,0,0.016031992696927875
2025-09-29 17:00:00,5,0,6.59470622301328e-05
2025-09-29 18:00:00,5,0,1.5926131907988236e-07
2025-09-29 19:00:00,5,0,2.8098122066819324e-09
2025-09-29 20:00:00,5,0,1.847672477077659e-09
2025-09-29 21:00:00,5,0,1.951615083117131e-09
2025-09-29 22:00:00,5,0,2.0371407111311905e-09
2025-09-29 23:00:00,5,0,1.9874667900675773e-09
2025-09-30 00:00:00,5,0,2.069150403778705e-09
2025-09-30 01:00:00,5,0,2.2097548108707282e-09
2025-09-30 02:00:00,5,0,2.479484008508105e-09
2025-09-30 03:00:00,5,0,2.501171853432049e-09
2025-09-30 04:00:00,5,0,2.5984570755293857e-09
2025-09-30 05:00:00,5,0,2.8612664530327867e-09
2025-09-30 06:00:00,5,0,3.0194054144748453e-09
2025-09-30 07:00:00,5,0,3.288153364121099e-09
2025-09-30 08:00:00,5,0,6.300403891941815e-08
2025-09-30 09:00:00,5,0,1.992808045466501e-05
2025-09-30 10:00:00,5,0,0.004953750177796328
2025-09-30 11:00:00,5,1,0.3401309126874126
2025-09-30 12:00:00,5,1,0.8631533456050936
2025-09-30 13:00:00,5,1,0.9496277278260259
2025-09-30 14:00:00,5,1,0.921201071459202
2025-09-30 15:00:00,5,1,0.4297960409350794
2025-09-30 16:00:00,5,0,0.015575411170715016
2025-09-30 17:00:00,5,0,6.904871729480035e-05
2025-09-30 18:00:00,5,0,1.9103156942063078e-07
2025-09-30 19:00:00,5,0,2.961592725915823e-09
2025-09-30 20:00:00,5,0,1.9205169426225227e-09
2025-09-30 21:00:00,5,0,1.808519320793897e-09
2025-09-30 22:00:00,5,0,1.8327635495630767e-09
2025-09-30 23:00:00,5,0,1.9759684909515165e-09
2025-10-01 00:00:00,6,0,1.6631479558763663e-10
2025-10-01 01:00:00,6,0,1.883435920230323e-10
2025-10-01 02:00:00,6,0,1.9926310635120333e-10
2025-10-01 03:00:00,6,0,2.1004001168766708e-10
2025-10-01 04:00:00,6,0,2.3086062676272197e-10
2025-10-01 05:00:00,6,0,2.5472676899539844e-10
2025-10-01 06:00:00,6,0,2.7858658802668654e-10
2025-10-01 07:00:00,6,0,3.2350623942536585e-10
2025-10-01 08:00:00,6,0,1.2807552522693064e-08
2025-10-01 09:00:00,6,0,7.3356324673622775e-06
2025-10-01 10:00:00,6,0,0.005958641849058653
2025-10-01 11:00:00,6,1,0.6972515219304024
2025-10-01 12:00:00,6,1,0.993701761095592
2025-10-01 13:00:00,6,1,0.9988419829479754
2025-10-01 14:00:00,6,1,0.9966503496641875
2025-10-01 15:00:00,6,1,0.8529240100835574
2025-10-01 16:00:00,6,0,0.0355911775813135
2025-10-01 17:00:00,6,0,5.350610841131856e-05
2025-10-01 18:00:00,6,0,4.179093681360374e-08
2025-10-01 19:00:00,6,0,2.743172981185037e-10
2025-10-01 20:00:00,6,0,1.6449740875035136e-10
2025-10-01 21:00:00,6,0,1.4983062150925496e-10
2025-10-01 22:00:00,6,0,1.481182490509554e-10
2025-10-01 23:00:00,6,0,1.4687155426652306e-10
2025-10-02 00:00:00,6,0,1.4292884151999814e-10
2025-10-02 01:00:00,6,0,1.660270318762442e-10
2025-10-02 02:00:00,6,0,1.7373670743931118e-10
2025-10-02 03:00:00,6,0,1.8379611078693478e-10
2025-10-02 04:00:00,6,0,2.1252642769960351e-10
2025-10-02 05:00:00,6,0,2.1266898605638417e-10
2025-10-02 06:00:00,6,0,2.219141871719612e-10
2025-10-02 07:00:00,6,0,2.5781419785163065e-10
2025-10-02 08:00:00,6,0,5.4941670547813775e-09
2025-10-02 09:00:00,6,0,2.357614156620611e-06
2025-10-02 10:00:00,6,0,0.0010351992622839134
2025-10-02 11:00:00,6,1,0.1548619275187129
2025-10-02 12:00:00,6,1,0.8122990862327374
2025-10-02 13:00:00,6,1,0.8997352074121988
2025-10-02 14:00:00,6,1,0.9254108802005068
2025-10-02 15:00:00,6,1,0.17650634708816426
2025-10-02 16:00:00,6,0,0.0035096557938084287
2025-10-02 17:00:00,6,0,7.2572703819758505e-06
2025-10-02 18:00:00,6,0,2.4242169202090954e-08
2025-10-02 19:00:00,6,0,2.5253883196518106e-10
2025-10-02 20:00:00,6,0,1.7882521373669942e-10
2025-10-02 21:00:00,6,0,1.6467722398555168e-10
2025-10-02 22:00:00,6,0,1.6162269332018595e-10
2025-10-02 23:00:00,6,0,1.792622513035294e-10
2025-10-03 00:00:00,6,0,1.8217697353065122e-10
2025-10-03 01:00:00,6,0,1.8377388562205938e-10
2025-10-03 02:00:00,6,0,2.0085663522294313e-10
2025-10-03 03:00:00,6,0,2.2110391747622388e-10
2025-10-03 04:00:00,6,0,2.395333022010217e-10
2025-10-03 05:00:00,6,0,2.5862652221044815e-10
2025-10-03 06:00:00,6,0,2.798475901253341e-10
2025-10-03 07:00:00,6,0,3.1576047100462856e-10
2025-10-03 08:00:00,6,0,9.757206623923325e-09
2025-10-03 09:00:00,6,0,5.700358105929143e-06
2025-10-03 10:00:00,6,0,0.004397562144182581
2025-10-03 11:00:00,6,0,0.5618933065531594
2025-10-03 12:00:00,6,1,0.9812261599131207
2025-10-03 13:00:00,6,1,0.9965797371541183
2025-10-03 14:00:00,6,1,0.9918729415956039
2025-10-03 15:00:00,6,1,0.8343373731590217
2025-10-03 16:00:00,6,0,0.026217250251573412
2025-10-03 17:00:00,6,0,3.2285303068492076e-05
2025-10-03 18:00:00,6,0,2.6115169869794966e-08
2025-10-03 19:00:00,6,0,2.6860300934784217e-10
2025-10-03 20:00:00,6,0,1.776001324798923e-10
2025-10-03 21:00:00,6,0,1.7203720294560378e-10
2025-10-03 22:00:00,6,0,1.694574896240058e-10
2025-10-03 23:00:00,6,0,1.7296038141149136e-10
2025-10-04 00:00:00,6,0,1.757678705978678e-10
2025-10-04 01:00:00,6,0,1.818515293795565e-10
2025-10-04 02:00:00,6,0,1.9590294766159264e-10
2025-10-04 03:00:00,6,0,2.0950504255422347e-10
2025-10-04 04:00:00,6,0,2.2209888909715602e-10
2025-10-04 05:00:00,6,0,2.495278750557164e-10
2025-10-04 06:00:00,6,0,2.6995781628105555e-10
2025-10-04 07:00:00,6,0,2.952970495916663e-10
2025-10-04 08:00:00,6,0,8.388081635105625e-09
2025-10-04 09:00:00,6,0,5.402230341263929e-06
2025-10-04 10:00:00,6,0,0.00463525790220892
2025-10-04 11:00:00,6,1,0.6213664617937399
2025-10-04 12:00:00,6,1,0.9898154068875373
2025-10-04 13:00:00,6,1,0.9979203968494487
2025-10-04 14:00:00,6,1,0.9944854658565917
2025-10-04 15:00:00,6,1,0.8692525189296113
2025-10-04 16:00:00,6,0,0.021688780362926794
2025-10-04 17:00:00,6,0,3.129267161429554e-05
2025-10-04 18:00:00,6,0,2.690604504586576e-08
2025-10-04 19:00:00,6,0,2.4436685261214454e-10
2025-10-04 20:00:00,6,0,1.5940236593775372e-10
2025-10-04 21:00:00,6,0,1.5329735606185026e-10
2025-10-04 22:00:00,6,0,1.5045390592537766e-10
2025-10-04 23:00:00,6,0,1.5135994475328374e-10
2025-10-05 00:00:00,6,0,1.6179579411165236e-10
2025-10-05 01:00:00,6,0,1.6262523974890925e-10
2025-10-05 02:00:00,6,0,1.683417949000967e-10
2025-10-05 03:00:00,6,0,1.893975041410837e-10
2025-10-05 04:00:00,6,0,2.0968205987280663e-10
2025-10-05 05:00:00,6,0,2.2476529072719334e-10
2025-10-05 06:00:00,6,0,2.2618288416106827e-10
2025-10-05 07:00:00,6,0,2.519645719868058e-10
2025-10-05 08:00:00,6,0,4.2510571339571856e-09
2025-10-05 09:00:00,6,0,1.6541060742568866e-06
2025-10-05 10:00:00,6,0,0.0008810109613522441
2025-10-05 11:00:00,6,0,0.08791502000162275
2025-10-05 12:00:00,6,1,0.686548527001842
2025-10-05 13:00:00,6,1,0.9040219819303544
2025-10-05 14:00:00,6,1,0.899380402905015
2025-10-05 15:00:00,6,0,0.45677996620874345
2025-10-05 16:00:00,6,0,0.009622224444156446
2025-10-05 17:00:00,6,0,1.4409831636186316e-05
2025-10-05 18:00:00,6,0,1.6419253654996557e-08
2025-10-05 19:00:00,6,0,2.2717955417865915e-10
2025-10-05 20:00:00,6,0,1.701692771656686e-10
2025-10-05 21:00:00,6,0,1.589879871146205e-10
2025-10-05 22:00:00,6,0,1.526908053216623e-10
2025-10-05 23:00:00,6,0,1.4707226367987663e-10
2025-10-06 00:00:00,6,0,1.5162859509896424e-10
2025-10-06 01:00:00,6,0,1.5518502065192648e-10
2025-10-06 02:00:00,6,0,1.606601941193666e-10
2025-10-06 03:00:00,6,0,1.76217464707856e-10
2025-10-06 04:00:00,6,0,1.7952929716682333e-10
2025-10-06 05:00:00,6,0,1.9105751136797212e-10
2025-10-06 06:00:00,6,0,2.1276378090253308e-10
2025-10-06 07:00:00,6,0,2.2673995882112144e-10
2025-10-06 08:00:00,6,0,2.9306938699287574e-09
2025-10-06 09:00:00,6,0,5.037588990594771e-07
2025-10-06 10:00:00,6,0,0.00035540422341290404
2025-10-06 11:00:00,6,0,0.027293688912476313
2025-10-06 12:00:00,6,0,0.16155321368993988
2025-10-06 13:00:00,6,0,0.4688343587501661
2025-10-06 14:00:00,6,0,0.7514250586015989
2025-10-06 15:00:00,6,0,0.1194283518899823
2025-10-06 16:00:00,6,0,0.0009573748070944147
2025-10-06 17:00:00,6,0,3.581343132059774e-06
2025-10-06 18:00:00,6,0,8.30813589398361e-09
2025-10-06 19:00:00,6,0,2.0980482788971287e-10
2025-10-06 20:00:00,6,0,1.3456170880042977e-10
2025-10-06 21:00:00,6,0,1.3320426779791323e-10
2025-10-06 22:00:00,6,0,1.326371905342464e-10
2025-10-06 23:00:00,6,0,1.2869950517837671e-10
2025-10-07 00:00:00,6,0,1.2890250501103896e-10
2025-10-07 01:00:00,6,0,1.3628761206071427e-10
2025-10-07 02:00:00,6,0,1.431506233506396e-10
2025-10-07 03:00:00,6,0,1.5701238291483433e-10
2025-10-07 04:00:00,6,0,1.7195394672630157e-10
2025-10-07 05:00:00,6,0,1.952961174519277e-10
2025-10-07 06:00:00,6,0,2.0750209331287082e-10
2025-10-07 07:00:00,6,0,2.219061695872348e-10
2025-10-07 08:00:00,6,0,3.020281881051878e-09
2025-10-07 09:00:00,6,0,3.9587839995643793e-07
2025-10-07 10:00:00,6,0,6.689539410288535e-05
2025-10-07 11:00:00,6,0,0.008168485929295949
2025-10-07 12:00:00,6,0,0.051218173552178135
2025-10-07 13:00:00,6,1,0.26334478003185147
2025-10-07 14:00:00,6,0,0.2415242952045891
2025-10-07 15:00:00,6,0,0.008489723637884779
2025-10-07 16:00:00,6,0,0.00020582215321439702
2025-10-07 17:00:00,6,0,4.998559342218939e-07
2025-10-07 18:00:00,6,0,4.0988276751792055e-09
2025-10-07 19:00:00,6,0,1.6042222838641075e-10
2025-10-07 20:00:00,6,0,1.3314493466160054e-10
2025-10-07 21:00:00,6,0,1.2991010165815194e-10
2025-10-07 22:00:00,6,0,1.2521713407210347e-10
2025-10-07 23:00:00,6,0,1.259735174000643e-10
2025-10-08 00:00:00,6,0,1.308107544454948e-10
2025-10-08 01:00:00,6,0,1.3632267694640859e-10
2025-10-08 02:00:00,6,0,1.5061605474104842e-10
2025-10-08 03:00:00,6,0,1.59336765911624e-10
2025-10-08 04:00:00,6,0,1.751313254523466e-10
2025-10-08 05:00:00,6,0,1.8637713025978715e-10
2025-10-08 06:00:00,6,0,2.0163664311527452e-10
2025-10-08 07:00:00,6,0,2.097480424390789e-10
2025-10-08 08:00:00,6,0,1.96802927878941e-09
2025-10-08 09:00:00,6,0,2.7276129286432083e-07
2025-10-08 10:00:00,6,0,8.203810136417487e-05
2025-10-08 11:00:00,6,0,0.01128997507815563
2025-10-08 12:00:00,6,1,0.3820771683516641
2025-10-08 13:00:00,6,1,0.9070710065331462
2025-10-08 14:00:00,6,1,0.9171704913551334
2025-10-08 15:00:00,6,1,0.3382553153172355
2025-10-08 16:00:00,6,0,0.0034386478012546685
2025-10-08 17:00:00,6,0,8.62705395041725e-06
2025-10-08 18:00:00,6,0,1.7317886207933992e-08
2025-10-08 19:00:00,6,0,2.085734256848331e-10
2025-10-08 20:00:00,6,0,1.5502643651484248e-10
2025-10-08 21:00:00,6,0,1.6142819195492245e-10
2025-10-08 22:00:00,6,0,1.636720502072347e-10
2025-10-08 23:00:00,6,0,1.5484562306995593e-10
2025-10-09 00:00:00,6,0,1.5791226048814426e-10
2025-10-09 01:00:00,6,0,1.6515792846527813e-10
2025-10-09 02:00:00,6,0,1.6669258406366805e-10
2025-10-09 03:00:00,6,0,1.7381315278768608e-10
2025-10-09 04:00:00,6,0,1.9382457760071917e-10
2025-10-09 05:00:00,6,0,2.1388880210271377e-10
2025-10-09 06:00:00,6,0,2.3991688670096103e-10
2025-10-09 07:00:00,6,0,2.459862900322718e-10
2025-10-09 08:00:00,6,0,2.8615114617673908e-09
2025-10-09 09:00:00,6,0,4.1021450909088374e-07
2025-10-09 10:00:00,6,0,0.00013479556342767447
2025-10-09 11:00:00,6,0,0.02754706371525822
2025-10-09 12:00:00,6,1,0.7529199677865115
2025-10-09 13:00:00,6,1,0.9467273709238903
2025-10-09 14:00:00,6,1,0.7935424151665319
2025-10-09 15:00:00,6,1,0.09247320095283595
2025-10-09 16:00:00,6,0,0.0011101980287121008
2025-10-09 17:00:00,6,0,5.309266593980847e-06
2025-10-09 18:00:00,6,0,1.2777856091330643e-08
2025-10-09 19:00:00,6,0,2.2324153631847984e-10
2025-10-09 20:00:00,6,0,1.7660792571073993e-10
2025-10-09 21:00:00,6,0,1.7107607484887256e-10
2025-10-09 22:00:00,6,0,1.6912089401942535e-10
2025-10-09 23:00:00,6,0,1.4148107728416943e-10
2025-10-10 00:00:00,6,0,1.7350630493269157e-10
2025-10-10 01:00:00,6,0,1.7821881075127258e-10
2025-10-10 02:00:00,6,0,1.9199307160110845e-10
2025-10-10 03:00:00,6,0,2.0531990936682442e-10
2025-10-10 04:00:00,6,0,2.256726353348215e-10
2025-10-10 05:00:00,6,0,2.4278198926207004e-10
2025-10-10 06:00:00,6,0,2.6456506104101747e-10
2025-10-10 07:00:00,6,0,2.843068249018039e-10
2025-10-10 08:00:00,6,0,5.299887804167365e-09
2025-10-10 09:00:00,6,0,3.290729102168992e-06
2025-10-10 10:00:00,6,0,0.00286884626183015
2025-10-10 11:00:00,6,0,0.4289155736358074
2025-10-10 12:00:00,6,1,0.9575274521160122
2025-10-10 13:00:00,6,1,0.9857525464600998
2025-10-10 14:00:00,6,1,0.9550761075346718
2025-10-10 15:00:00,6,1,0.4311535633481263
2025-10-10 16:00:00,6,0,0.003827833536508921
2025-10-10 17:00:00,6,0,8.2674844562688e-06
2025-10-10 18:00:00,6,0,1.3866041243158918e-08
2025-10-10 19:00:00,6,0,1.9423510646278863e-10
2025-10-10 20:00:00,6,0,1.5509298705290048e-10
2025-10-10 21:00:00,6,0,1.4969305611515965e-10
2025-10-10 22:00:00,6,0,1.5850193958219736e-10
2025-10-10 23:00:00,6,0,1.6061320957443233e-10
2025-10-11 00:00:00,6,0,1.6617459233470994e-10
2025-10-11 01:00:00,6,0,1.6051556468628816e-10
2025-10-11 02:00:00,6,0,1.6678048522975787e-10
2025-10-11 03:00:00,6,0,1.7263065553030686e-10
2025-10-11 04:00:00,6,0,1.8634502001453382e-10
2025-10-11 05:00:00,6,0,1.9617235130621546e-10
2025-10-11 06:00:00,6,0,2.200445246296452e-10
2025-10-11 07:00:00,6,0,2.2317825246442363e-10
2025-10-11 08:00:00,6,0,2.6842637987208727e-09
2025-10-11 09:00:00,6,0,9.923587807860015e-07
2025-10-11 10:00:00,6,0,0.00038289376510197595
2025-10-11 11:00:00,6,0,0.06693959934611046
2025-10-11 12:00:00,6,1,0.772368395226801
2025-10-11 13:00:00,6,1,0.9474357114985623
2025-10-11 14:00:00,6,1,0.9177191042252336
2025-10-11 15:00:00,6,0,0.2720898763124632
2025-10-11 16:00:00,6,0,0.003410939227211118
2025-10-11 17:00:00,6,0,8.190080139971409e-06
2025-10-11 18:00:00,6,0,1.3008383747136728e-08
2025-10-11 19:00:00,6,0,2.1288999452031742e-10
2025-10-11 20:00:00,6,0,1.7414310588955172e-10
2025-10-11 21:00:00,6,0,1.6868846003190495e-10
2025-10-11 22:00:00,6,0,1.6676056658745054e-10
2025-10-11 23:00:00,6,0,1.683722241012631e-10
2025-10-12 00:00:00,6,0,1.723218791884066e-10
2025-10-12 01:00:00,6,0,1.8088237879225711e-10
2025-10-12 02:00:00,6,0,1.9275759293926293e-10
2025-10-12 03:00:00,6,0,2.0763673458728268e-10
2025-10-12 04:00:00,6,0,2.24943606887169e-10
2025-10-12 05:00:00,6,0,2.4375324488506087e-10
2025-10-12 06:00:00,6,0,2.6086659215359694e-10
2025-10-12 07:00:00,6,0,2.7730932959409587e-10
2025-10-12 08:00:00,6,0,3.472279952163306e-09
2025-10-12 09:00:00,6,0,1.2495741492309327e-06
2025-10-12 10:00:00,6,0,0.0006692827296179738
2025-10-12 11:00:00,6,0,0.14957179302778056
2025-10-12 12:00:00,6,1,0.885103869364314
2025-10-12 13:00:00,6,1,0.9642247830049623
2025-10-12 14:00:00,6,1,0.9312008133175248
2025-10-12 15:00:00,6,1,0.2669502454116439
2025-10-12 16:00:00,6,0,0.0033337587409043848
2025-10-12 17:00:00,6,0,9.060368172496667e-06
2025-10-12 18:00:00,6,0,1.3297046300624117e-08
2025-10-12 19:00:00,6,0,2.0636564148998544e-10
2025-10-12 20:00:00,6,0,1.704388505985275e-10
2025-10-12 21:00:00,6,0,1.651002323072452e-10
2025-10-12 22:00:00,6,0,1.6558997673118918e-10
2025-10-12 23:00:00,6,0,1.6719032107921125e-10
2025-10-13 00:00:00,6,0,1.7111079209207646e-10
2025-10-13 01:00:00,6,0,1.7961112806113303e-10
2025-10-13 02:00:00,6,0,1.9140288258777922e-10
2025-10-13 03:00:00,6,0,2.061774528573114e-10
2025-10-13 04:00:00,6,0,2.233626915618961e-10
2025-10-13 05:00:00,6,0,2.4204013444929784e-10
2025-10-13 06:00:00,6,0,2.6091234651233895e-10
2025-10-13 07:00:00,6,0,2.6751289175466627e-10
2025-10-13 08:00:00,6,0,3.101067445459622e-09
2025-10-13 09:00:00,6,0,1.2086726935129294e-06
2025-10-13 10:00:00,6,0,0.0006199965671115817
2025-10-13 11:00:00,6,0,0.1063374299302472
2025-10-13 12:00:00,6,1,0.8168192471561115
2025-10-13 13:00:00,6,0,0.9638455581267182
2025-10-13 14:00:00,6,1,0.9215038692402697
2025-10-13 15:00:00,6,0,0.2883178243259545
2025-10-13 16:00:00,6,0,0.0020938118478882333
2025-10-13 17:00:00,6,0,4.7742735686188245e-06
2025-10-13 18:00:00,6,0,9.042361066401404e-09
2025-10-13 19:00:00,6,0,1.981459499508496e-10
2025-10-13 20:00:00,6,0,1.7170539808068817e-10
2025-10-13 21:00:00,6,0,1.6632710800371752e-10
2025-10-13 22:00:00,6,0,1.6442620179415506e-10
2025-10-13 23:00:00,6,0,1.660152988391742e-10
2025-10-14 00:00:00,6,0,1.6990712231379116e-10
2025-10-14 01:00:00,6,0,1.7834766312098621e-10
2025-10-14 02:00:00,6,0,1.8937082173649876e-10
2025-10-14 03:00:00,6,0,2.047271085165173e-10
2025-10-14 04:00:00,6,0,2.2179145857227327e-10
2025-10-14 05:00:00,6,0,2.403375159797893e-10
2025-10-14 06:00:00,6,0,2.590769724695293e-10
2025-10-14 07:00:00,6,0,2.76404062905617e-10
2025-10-14 08:00:00,6,0,3.0562236329729507e-09
2025-10-14 09:00:00,6,0,1.4241901071782611e-06
2025-10-14 10:00:00,6,0,0.0012301868643205132
2025-10-14 11:00:00,6,0,0.3072985441649182
2025-10-14 12:00:00,6,1,0.9468198670745113
2025-10-14 13:00:00,6,1,0.9833693641608401
2025-10-14 14:00:00,6,1,0.9390602276561312
2025-10-14 15:00:00,6,0,0.2491373412116409
2025-10-14 16:00:00,6,0,0.0011296667416708299
2025-10-14 17:00:00,6,0,2.7204345274199715e-06
2025-10-14 18:00:00,6,0,6.430202397512854e-09
2025-10-14 19:00:00,6,0,1.6844616117538594e-10
2025-10-14 20:00:00,6,0,1.5023796925471166e-10
2025-10-14 21:00:00,6,0,1.592946860382161e-10
2025-10-14 22:00:00,6,0,1.5747415142135931e-10
2025-10-14 23:00:00,6,0,1.5671407050161737e-10
2025-10-15 00:00:00,6,0,1.6331179024093273e-10
2025-10-15 01:00:00,6,0,1.677474086587175e-10
2025-10-15 02:00:00,6,0,1.755589958788383e-10
2025-10-15 03:00:00,6,0,2.0328608196744822e-10
2025-10-15 04:00:00,6,0,2.13953977831036e-10
2025-10-15 05:00:00,6,0,2.2040569577338952e-10
2025-10-15 06:00:00,6,0,2.2832941586679885e-10
2025-10-15 07:00:00,6,0,2.4272129565552755e-10
2025-10-15 08:00:00,6,0,2.7619740543185497e-09
2025-10-15 09:00:00,6,0,1.2793351343544604e-06
2025-10-15 10:00:00,6,0,0.0009874672119005471
2025-10-15 11:00:00,6,0,0.257137598093689
2025-10-15 12:00:00,6,1,0.9313893310341586
2025-10-15 13:00:00,6,1,0.9764705986385754
2025-10-15 14:00:00,6,1,0.9255274587093645
2025-10-15 15:00:00,6,0,0.1969042582562856
2025-10-15 16:00:00,6,0,0.0006904019404386954
2025-10-15 17:00:00,6,0,1.9214000985043243e-06
2025-10-15 18:00:00,6,0,5.352637381513073e-09
2025-10-15 19:00:00,6,0,1.6353256783023954e-10
2025-10-15 20:00:00,6,0,1.465089082802397e-10
2025-10-15 21:00:00,6,0,1.3988293869213933e-10
2025-10-15 22:00:00,6,0,1.3828425553116754e-10
2025-10-15 23:00:00,6,0,1.3859774077789787e-10
2025-10-16 00:00:00,6,0,1.4184588856134026e-10
2025-10-16 01:00:00,6,0,1.5720667147479918e-10
2025-10-16 02:00:00,6,0,1.787893109502492e-10
2025-10-16 03:00:00,6,0,1.946897223365841e-10
2025-10-16 04:00:00,6,0,2.1632147800488724e-10
2025-10-16 05:00:00,6,0,2.2446119767054347e-10
2025-10-16 06:00:00,6,0,2.2346772320306314e-10
2025-10-16 07:00:00,6,0,2.3669616816229607e-10
2025-10-16 08:00:00,6,0,2.6266475285349355e-09
2025-10-16 09:00:00,6,0,1.1305665250794951e-06
2025-10-16 10:00:00,6,0,0.000986294107065331
2025-10-16 11:00:00,6,0,0.2423566484253859
2025-10-16 12:00:00,6,1,0.8732755507801748
2025-10-16 13:00:00,6,1,0.9440757360880504
2025-10-16 14:00:00,6,1,0.8430119350002656
2025-10-16 15:00:00,6,0,0.1175042735744688
2025-10-16 16:00:00,6,0,0.0005411738834587483
2025-10-16 17:00:00,6,0,1.4183917709400772e-06
2025-10-16 18:00:00,6,0,3.4289189909193017e-09
2025-10-16 19:00:00,6,0,1.668842890969739e-10
2025-10-16 20:00:00,6,0,1.5581895257562106e-10
2025-10-16 21:00:00,6,0,1.4823522021640692e-10
2025-10-16 22:00:00,6,0,1.535904105697536e-10
2025-10-16 23:00:00,6,0,1.596239055669121e-10
2025-10-17 00:00:00,6,0,1.6634372598614515e-10
2025-10-17 01:00:00,6,0,1.721011972801996e-10
2025-10-17 02:00:00,6,0,1.814221653147362e-10
2025-10-17 03:00:00,6,0,1.9054426872983304e-10
2025-10-17 04:00:00,6,0,2.1171542771917277e-10
2025-10-17 05:00:00,6,0,2.3360235829611146e-10
2025-10-17 06:00:00,6,0,2.536434513809314e-10
2025-10-17 07:00:00,6,0,2.600601085405157e-10
2025-10-17 08:00:00,6,0,2.521717227233846e-09
2025-10-17 09:00:00,6,0,1.2466309358855932e-06
2025-10-17 10:00:00,6,0,0.0008344701281556826
2025-10-17 11:00:00,6,0,0.1465760560551417
2025-10-17 12:00:00,6,1,0.8737643641039321
2025-10-17 13:00:00,6,1,0.9684587678305445
2025-10-17 14:00:00,6,1,0.9163597334446132
2025-10-17 15:00:00,6,0,0.24155608219975516
2025-10-17 16:00:00,6,0,0.001472761934932049
2025-10-17 17:00:00,6,0,2.5462094388872933e-06
2025-10-17 18:00:00,6,0,5.203051232917656e-09
2025-10-17 19:00:00,6,0,1.747815676361783e-10
2025-10-17 20:00:00,6,0,1.5811354506097516e-10
2025-10-17 21:00:00,6,0,1.4299578166974378e-10
2025-10-17 22:00:00,6,0,1.3983710855007096e-10
2025-10-17 23:00:00,6,0,1.376614597731519e-10
2025-10-18 00:00:00,6,0,1.3735108514716856e-10
2025-10-18 01:00:00,6,0,1.4159240822110625e-10
2025-10-18 02:00:00,6,0,1.4241040213101348e-10
2025-10-18 03:00:00,6,0,1.6078262640189474e-10
2025-10-18 04:00:00,6,0,1.7800251618257467e-10
2025-10-18 05:00:00,6,0,1.9854531205078538e-10
2025-10-18 06:00:00,6,0,2.1482803736446474e-10
2025-10-18 07:00:00,6,0,2.2425107114091312e-10
2025-10-18 08:00:00,6,0,1.4572408418345785e-09
2025-10-18 09:00:00,6,0,1.7640119993286422e-07
2025-10-18 10:00:00,6,0,6.0918640624029914e-05
2025-10-18 11:00:00,6,0,0.008273796557215036
2025-10-18 12:00:00,6,0,0.1481359579691103
2025-10-18 13:00:00,6,1,0.41812758718847687
2025-10-18 14:00:00,6,1,0.2479374376686337
2025-10-18 15:00:00,6,0,0.01573138272498681
2025-10-18 16:00:00,6,0,0.00018759911551022575
2025-10-18 17:00:00,6,0,7.427391646800307e-07
2025-10-18 18:00:00,6,0,2.752140268924976e-09
2025-10-18 19:00:00,6,0,1.5696287089088371e-10
2025-10-18 20:00:00,6,0,1.4605170006122287e-10
2025-10-18 21:00:00,6,0,1.440576542536332e-10
2025-10-18 22:00:00,6,0,1.339072497334581e-10
2025-10-18 23:00:00,6,0,1.3520139636302645e-10
2025-10-19 00:00:00,6,0,1.3737417403767638e-10
2025-10-19 01:00:00,6,0,1.4844725218743313e-10
2025-10-19 02:00:00,6,0,1.6166088616573765e-10
2025-10-19 03:00:00,6,0,1.5566313770366314e-10
2025-10-19 04:00:00,6,0,1.7997323367461012e-10
2025-10-19 05:00:00,6,0,2.036921411825903e-10
2025-10-19 06:00:00,6,0,2.109898237444855e-10
2025-10-19 07:00:00,6,0,2.2428876802857756e-10
2025-10-19 08:00:00,6,0,1.4823326932688953e-09
2025-10-19 09:00:00,6,0,3.2579992297859585e-07
2025-10-19 10:00:00,6,0,0.00012700927202245464
2025-10-19 11:00:00,6,0,0.0304167862426321
2025-10-19 12:00:00,6,1,0.585483427907832
2025-10-19 13:00:00,6,1,0.8180828183990863
2025-10-19 14:00:00,6,1,0.6434530603788206
2025-10-19 15:00:00,6,0,0.04660155489423501
2025-10-19 16:00:00,6,0,0.0003876121468008924
2025-10-19 17:00:00,6,0,1.1639576709692833e-06
2025-10-19 18:00:00,6,0,3.2164931130268635e-09
2025-10-19 19:00:00,6,0,1.5429782956492642e-10
2025-10-19 20:00:00,6,0,1.4874084706919472e-10
2025-10-19 21:00:00,6,0,1.4670918462648372e-10
2025-10-19 22:00:00,6,0,1.4398793579501486e-10
2025-10-19 23:00:00,6,0,1.443324575012443e-10
2025-10-20 00:00:00,6,0,1.440256813032754e-10
2025-10-20 01:00:00,6,0,1.500916703894333e-10
2025-10-20 02:00:00,6,0,1.536921957690107e-10
2025-10-20 03:00:00,6,0,1.4223995364613302e-10
2025-10-20 04:00:00,6,0,1.5747391504519104e-10
2025-10-20 05:00:00,6,0,1.8813274362609395e-10
2025-10-20 06:00:00,6,0,2.095067268429732e-10
2025-10-20 07:00:00,6,0,2.1249038236720484e-10
2025-10-20 08:00:00,6,0,1.5280688074658354e-09
2025-10-20 09:00:00,6,0,2.1780454446938391e-07
2025-10-20 10:00:00,6,0,5.169433923130528e-05
2025-10-20 11:00:00,6,0,0.005464891664179951
2025-10-20 12:00:00,6,0,0.12938017089947904
2025-10-20 13:00:00,6,0,0.7296309472435039
2025-10-20 14:00:00,6,0,0.472787425298972
2025-10-20 15:00:00,6,0,0.013469237638041379
2025-10-20 16:00:00,6,0,3.161744374925533e-05
2025-10-20 17:00:00,6,0,1.2862876539685648e-07
2025-10-20 18:00:00,6,0,1.9956950462631567e-09
2025-10-20 19:00:00,6,0,1.5303600236512634e-10
2025-10-20 20:00:00,6,0,1.4091568425668196e-10
2025-10-20 21:00:00,6,0,1.3798986845630688e-10
2025-10-20 22:00:00,6,0,1.399079330850985e-10
2025-10-20 23:00:00,6,0,1.5800814764240447e-10
2025-10-21 00:00:00,6,0,1.593934306497187e-10
2025-10-21 01:00:00,6,0,1.6974798559982343e-10
2025-10-21 02:00:00,6,0,1.789415041384007e-10
2025-10-21 03:00:00,6,0,1.948554506420678e-10
2025-10-21 04:00:00,6,0,2.110969813516935e-10
2025-10-21 05:00:00,6,0,2.2874877353498658e-10
2025-10-21 06:00:00,6,0,2.456995883557241e-10
2025-10-21 07:00:00,6,0,2.63076241476899e-10
2025-10-21 08:00:00,6,0,2.0051441003187814e-09
2025-10-21 09:00:00,6,0,7.201315973764378e-07
2025-10-21 10:00:00,6,0,0.0005087540427305796
2025-10-21 11:00:00,6,0,0.07943800172589036
2025-10-21 12:00:00,6,1,0.5061189058518606
2025-10-21 13:00:00,6,1,0.7285383981145562
2025-10-21 14:00:00,6,1,0.4158429670119298
2025-10-21 15:00:00,6,0,0.019333700205778338
2025-10-21 16:00:00,6,0,0.00017743117170780317
2025-10-21 17:00:00,6,0,4.3658948527560563e-07
2025-10-21 18:00:00,6,0,1.4703123584530275e-09
2025-10-21 19:00:00,6,0,1.7059381380095451e-10
2025-10-21 20:00:00,6,0,1.622763898619884e-10
2025-10-21 21:00:00,6,0,1.5719344251679666e-10
2025-10-21 22:00:00,6,0,1.5539692242712675e-10
2025-10-21 23:00:00,6,0,1.5689875600074059e-10
2025-10-22 00:00:00,6,0,1.605806717106882e-10
2025-10-22 01:00:00,6,0,1.6855789888031171e-10
2025-10-22 02:00:00,6,0,1.7962399143595112e-10
2025-10-22 03:00:00,6,0,1.9348933791202046e-10
2025-10-22 04:00:00,6,0,2.0961700081974425e-10
2025-10-22 05:00:00,6,0,2.246955517281361e-10
2025-10-22 06:00:00,6,0,2.3787771306990635e-10
2025-10-22 07:00:00,6,0,2.5562807519567607e-10
2025-10-22 08:00:00,6,0,1.8361055120614344e-09
2025-10-22 09:00:00,6,0,5.827674693635171e-07
2025-10-22 10:00:00,6,0,0.00024476998099298816
2025-10-22 11:00:00,6,0,0.02336830933603751
2025-10-22 12:00:00,6,1,0.22834109104590652
2025-10-22 13:00:00,6,1,0.5406699935495443
2025-10-22 14:00:00,6,0,0.17441647255172824
2025-10-22 15:00:00,6,0,0.0039749208868061475
2025-10-22 16:00:00,6,0,2.7613916509798808e-05
2025-10-22 17:00:00,6,0,2.0411535480767486e-07
2025-10-22 18:00:00,6,0,1.279318306633408e-09
2025-10-22 19:00:00,6,0,1.1800252387483267e-10
2025-10-22 20:00:00,6,0,1.1224922605519887e-10
2025-10-22 21:00:00,6,0,1.087332684590877e-10
2025-10-22 22:00:00,6,0,1.074905862066731e-10
2025-10-22 23:00:00,6,0,1.0852942898875024e-10
2025-10-23 00:00:00,6,0,1.1107764247086998e-10
2025-10-23 01:00:00,6,0,1.1659568880896745e-10
2025-10-23 02:00:00,6,0,1.2425038012032619e-10
2025-10-23 03:00:00,6,0,1.3384138495482624e-10
2025-10-23 04:00:00,6,0,1.7376635799165198e-10
2025-10-23 05:00:00,6,0,2.0022833324769063e-10
2025-10-23 06:00:00,6,0,2.1044839882453658e-10
2025-10-23 07:00:00,6,0,2.2615199391894653e-10
2025-10-23 08:00:00,6,0,1.5171701782104125e-09
2025-10-23 09:00:00,6,0,6.59233844326942e-07
2025-10-23 10:00:00,6,0,0.0004208635801690759
2025-10-23 11:00:00,6,0,0.08963177124263845
2025-10-23 12:00:00,6,1,0.762419214097951
2025-10-23 13:00:00,6,1,0.9100196198756539
2025-10-23 14:00:00,6,1,0.6728333624832316
2025-10-23 15:00:00,6,0,0.06677210344367425
2025-10-23 16:00:00,6,0,0.0003531705490840796
2025-10-23 17:00:00,6,0,8.174885213193951e-07
2025-10-23 18:00:00,6,0,2.17540338773559e-09
2025-10-23 19:00:00,6,0,1.5762058349946685e-10
2025-10-23 20:00:00,6,0,1.5266973625102533e-10
2025-10-23 21:00:00,6,0,1.4110010370297696e-10
2025-10-23 22:00:00,6,0,1.4049941228345166e-10
2025-10-23 23:00:00,6,0,1.378136326506232e-10
2025-10-24 00:00:00,6,0,1.380257214461218e-10
2025-10-24 01:00:00,6,0,1.464618932742064e-10
2025-10-24 02:00:00,6,0,1.5777589560246176e-10
2025-10-24 03:00:00,6,0,1.6513847843368154e-10
2025-10-24 04:00:00,6,0,1.7955079654161738e-10
2025-10-24 05:00:00,6,0,1.9668573658877482e-10
2025-10-24 06:00:00,6,0,2.0150213399625805e-10
2025-10-24 07:00:00,6,0,2.1575697879319092e-10
2025-10-24 08:00:00,6,0,1.1708919601758455e-09
2025-10-24 09:00:00,6,0,2.904588515557664e-07
2025-10-24 10:00:00,6,0,0.00012081928831344154
2025-10-24 11:00:00,6,0,0.02353311403414757
2025-10-24 12:00:00,6,1,0.48151706549404094
2025-10-24 13:00:00,6,1,0.7506555591813029
2025-10-24 14:00:00,6,1,0.23716334639188252
2025-10-24 15:00:00,6,0,0.012436979858488816
2025-10-24 16:00:00,6,0,5.920162727207537e-05
2025-10-24 17:00:00,6,0,1.7059493250973555e-07
2025-10-24 18:00:00,6,0,1.0168629811320533e-09
2025-10-24 19:00:00,6,0,1.3252646258827017e-10
2025-10-24 20:00:00,6,0,1.2790073411838158e-10
2025-10-24 21:00:00,6,0,1.2389452780882752e-10
2025-10-24 22:00:00,6,0,1.2561666664519863e-10
2025-10-24 23:00:00,6,0,1.2775077329291797e-10
2025-10-25 00:00:00,6,0,1.2340780311592848e-10
2025-10-25 01:00:00,6,0,1.38746082085302e-10
2025-10-25 02:00:00,6,0,1.420922653369973e-10
2025-10-25 03:00:00,6,0,1.6100428592311557e-10
2025-10-25 04:00:00,6,0,1.688420294768129e-10
2025-10-25 05:00:00,6,0,1.8098748107233033e-10
2025-10-25 06:00:00,6,0,1.8018753048402792e-10
2025-10-25 07:00:00,6,0,2.0368255379837935e-10
2025-10-25 08:00:00,6,0,1.0464229335520788e-09
2025-10-25 09:00:00,6,0,1.5276266922872994e-07
2025-10-25 10:00:00,6,0,3.795861611897108e-05
2025-10-25 11:00:00,6,0,0.04689130422734497
2025-10-25 12:00:00,6,0,0.5775495423330772
2025-10-25 13:00:00,6,1,0.7847076960996875
2025-10-25 14:00:00,6,1,0.7069741647880604
2025-10-25 15:00:00,6,0,0.06342744573500719
2025-10-25 16:00:00,6,0,0.000280262021862406
2025-10-25 17:00:00,6,0,6.750782756567565e-07
2025-10-25 18:00:00,6,0,1.6883898170878369e-09
2025-10-25 19:00:00,6,0,1.4354583885545075e-10
2025-10-25 20:00:00,6,0,1.3360128114522998e-10
2025-10-25 21:00:00,6,0,1.3084374771529958e-10
2025-10-25 22:00:00,6,0,1.4260759166078775e-10
2025-10-25 23:00:00,6,0,1.344295654487846e-10
2025-10-26 00:00:00,6,0,1.4473461397812243e-10
2025-10-26 01:00:00,6,0,1.552550746534385e-10
2025-10-26 02:00:00,6,0,1.6485094646841762e-10
2025-10-26 03:00:00,6,0,1.6942575547694765e-10
2025-10-26 04:00:00,6,0,1.8961611004908115e-10
2025-10-26 05:00:00,6,0,2.0696226572433038e-10
2025-10-26 06:00:00,6,0,2.151802880654524e-10
2025-10-26 07:00:00,6,0,2.304027651124905e-10
2025-10-26 08:00:00,6,0,1.101313424842529e-09
2025-10-26 09:00:00,6,0,2.424130714620098e-07
2025-10-26 10:00:00,6,0,0.000134175497486546
2025-10-26 11:00:00,6,0,0.02268923884718015
2025-10-26 12:00:00,6,1,0.4208121918689498
2025-10-26 13:00:00,6,1,0.7804586134730099
2025-10-26 14:00:00,6,1,0.5097317797361439
2025-10-26 15:00:00,6,0,0.04439671714497334
2025-10-26 16:00:00,6,0,0.000257735510630045
2025-10-26 17:00:00,6,0,6.328317282140298e-07
2025-10-26 18:00:00,6,0,1.6604001180566369e-09
2025-10-26 19:00:00,6,0,1.6472076466932478e-10
2025-10-26 20:00:00,6,0,1.566896854596669e-10
2025-10-26 21:00:00,6,0,1.4960328298215487e-10
2025-10-26 22:00:00,6,0,1.5004705809150188e-10
2025-10-26 23:00:00,6,0,1.5149718790067293e-10
2025-10-27 00:00:00,6,0,1.5506513995186623e-10
2025-10-27 01:00:00,6,0,1.6276836995031397e-10
2025-10-27 02:00:00,6,0,1.7345437077837857e-10
2025-10-27 03:00:00,6,0,1.8684347837709466e-10
2025-10-27 04:00:00,6,0,2.0241719767507592e-10
2025-10-27 05:00:00,6,0,2.1697783926409404e-10
2025-10-27 06:00:00,6,0,2.2477970729970888e-10
2025-10-27 07:00:00,6,0,2.3213807186838875e-10
2025-10-27 08:00:00,6,0,1.1609912197438038e-09
2025-10-27 09:00:00,6,0,2.9986157898201045e-07
2025-10-27 10:00:00,6,0,0.0001455718111254684
2025-10-27 11:00:00,6,0,0.029063073019384128
2025-10-27 12:00:00,6,1,0.5336428512845292
2025-10-27 13:00:00,6,1,0.7906054301865042
2025-10-27 14:00:00,6,1,0.5240819513701508
2025-10-27 15:00:00,6,0,0.02863598601526855
2025-10-27 16:00:00,6,0,9.975986430490167e-05
2025-10-27 17:00:00,6,0,2.9597982924888263e-07
2025-10-27 18:00:00,6,0,9.687021593042204e-10
2025-10-27 19:00:00,6,0,1.1394944163806043e-10
2025-10-27 20:00:00,6,0,1.083937547544251e-10
2025-10-27 21:00:00,6,0,1.0499856123020567e-10
2025-10-27 22:00:00,6,0,1.0379856190691282e-10
2025-10-27 23:00:00,6,0,1.0480172311974738e-10
2025-10-28 00:00:00,6,0,1.0727237216971362e-10
2025-10-28 01:00:00,6,0,1.3637418125107495e-10
2025-10-28 02:00:00,6,0,1.1999384144291195e-10
2025-10-28 03:00:00,6,0,1.5827173033256054e-10
2025-10-28 04:00:00,6,0,1.695936354998172e-10
2025-10-28 05:00:00,6,0,1.8782713976949414e-10
2025-10-28 06:00:00,6,0,1.8629897442959665e-10
2025-10-28 07:00:00,6,0,1.980416245594349e-10
2025-10-28 08:00:00,6,0,7.731715231019043e-10
2025-10-28 09:00:00,6,0,1.2390860332231424e-07
2025-10-28 10:00:00,6,0,4.066875714277118e-05
2025-10-28 11:00:00,6,0,0.015430918602051437
2025-10-28 12:00:00,6,1,0.41833517086860583
2025-10-28 13:00:00,6,1,0.7614744931427164
2025-10-28 14:00:00,6,1,0.5920146113934371
2025-10-28 15:00:00,6,0,0.04853146928560369
2025-10-28 16:00:00,6,0,0.0002497801785543491
2025-10-28 17:00:00,6,0,5.490332374150808e-07
2025-10-28 18:00:00,6,0,1.3265140835128125e-09
2025-10-28 19:00:00,6,0,1.5555490774658473e-10
2025-10-28 20:00:00,6,0,1.4743961432644076e-10
2025-10-28 21:00:00,6,0,1.3528491641696052e-10
2025-10-28 22:00:00,6,0,1.3086910686731185e-10
2025-10-28 23:00:00,6,0,1.3502881310305634e-10
2025-10-29 00:00:00,6,0,1.4750588066281527e-10
2025-10-29 01:00:00,6,0,1.5995267639353308e-10
2025-10-29 02:00:00,6,0,1.7045382248794525e-10
2025-10-29 03:00:00,6,0,1.842761091365768e-10
2025-10-29 04:00:00,6,0,1.9963583387491166e-10
2025-10-29 05:00:00,6,0,2.1632925236615548e-10
2025-10-29 06:00:00,6,0,2.3319675054159385e-10
2025-10-29 07:00:00,6,0,2.4879296948622724e-10
2025-10-29 08:00:00,6,0,1.178287791295232e-09
2025-10-29 09:00:00,6,0,4.055682259963899e-07
2025-10-29 10:00:00,6,0,0.0002622308573634159
2025-10-29 11:00:00,6,0,0.061383135528406275
2025-10-29 12:00:00,6,1,0.6828867552687146
2025-10-29 13:00:00,6,1,0.8789419084660582
2025-10-29 14:00:00,6,1,0.6487712603572922
2025-10-29 15:00:00,6,0,0.04210045121597248
2025-10-29 16:00:00,6,0,0.00018237157045007888
2025-10-29 17:00:00,6,0,3.977011410542339e-07
2025-10-29 18:00:00,6,0,1.2380495879958408e-09
2025-10-29 19:00:00,6,0,1.6133171613307323e-10
2025-10-29 20:00:00,6,0,1.5181092741080363e-10
2025-10-29 21:00:00,6,0,1.3435143024945192e-10
2025-10-29 22:00:00,6,0,1.4123208312242113e-10
2025-10-29 23:00:00,6,0,1.4838020793801698e-10
2025-10-30 00:00:00,6,0,1.5188602628778422e-10
2025-10-30 01:00:00,6,0,1.5943132624631887e-10
2025-10-30 02:00:00,6,0,1.6989824487930465e-10
2025-10-30 03:00:00,6,0,1.8301285174289998e-10
2025-10-30 04:00:00,6,0,1.9826728184522577e-10
2025-10-30 05:00:00,6,0,2.148462629065241e-10
2025-10-30 06:00:00,6,0,2.3159813029359176e-10
2025-10-30 07:00:00,6,0,2.4708743337712036e-10
2025-10-30 08:00:00,6,0,1.0974610717309175e-09
2025-10-30 09:00:00,6,0,3.9808235165622044e-07
2025-10-30 10:00:00,6,0,0.00027979697245683946
2025-10-30 11:00:00,6,0,0.07074900283547973
2025-10-30 12:00:00,6,1,0.7421823372512649
2025-10-30 13:00:00,6,1,0.9136947628984837
2025-10-30 14:00:00,6,1,0.7663291766285487
2025-10-30 15:00:00,6,0,0.07470317921392675
2025-10-30 16:00:00,6,0,0.0003381036768970792
2025-10-30 17:00:00,6,0,6.069398135905327e-07
2025-10-30 18:00:00,6,0,1.3776632600086385e-09
2025-10-30 19:00:00,6,0,1.6022574811475963e-10
2025-10-30 20:00:00,6,0,1.438503350937758e-10
2025-10-30 21:00:00,6,0,1.4763980219912742e-10
2025-10-30 22:00:00,6,0,1.397578871089845e-10
2025-10-30 23:00:00,6,0,1.0265309970826267e-10
2025-10-31 00:00:00,6,0,1.0508154075934897e-10
2025-10-31 01:00:00,6,0,1.1190787346115535e-10
2025-10-31 02:00:00,6,0,1.6274889017166073e-10
2025-10-31 03:00:00,6,0,1.4317143069295424e-10
2025-10-31 04:00:00,6,0,1.3717016613027186e-10
2025-10-31 05:00:00,6,0,1.4864024614263997e-10
2025-10-31 06:00:00,6,0,1.9619835353659545e-10
2025-10-31 07:00:00,6,0,1.7156506661489897e-10
2025-10-31 08:00:00,6,0,5.584702475707368e-10
2025-10-31 09:00:00,6,0,1.8310499364838149e-07
2025-10-31 10:00:00,6,0,7.450998696759934e-05
2025-10-31 11:00:00,6,0,0.02522254687728658
2025-10-31 12:00:00,6,1,0.49363330382195003
2025-10-31 13:00:00,6,1,0.5696879492882242
2025-10-31 14:00:00,6,1,0.5977358349060664
2025-10-31 15:00:00,6,0,0.027161497041697073
2025-10-31 16:00:00,6,0,4.201423424472524e-05
2025-10-31 17:00:00,6,0,3.0637221134290534e-07
2025-10-31 18:00:00,6,0,1.048781583632602e-09
2025-10-31 19:00:00,6,0,1.3425465501458457e-10
2025-10-31 20:00:00,6,0,1.0544669664851485e-10
2025-10-31 21:00:00,6,0,1.0214381317129334e-10
2025-10-31 22:00:00,6,0,1.0097643996876237e-10
2025-10-31 23:00:00,6,0,1.3664424186510704e-10
2025-11-01 00:00:00,6,0,1.0665530555311997e-10
2025-11-01 01:00:00,6,0,1.095521094948044e-10
2025-11-01 02:00:00,6,0,1.1674437868814614e-10
2025-11-01 03:00:00,6,0,1.5907674990454212e-10
2025-11-01 04:00:00,6,0,1.941669971901502e-10
2025-11-01 05:00:00,6,0,2.02934663042715e-10
2025-11-01 06:00:00,6,0,1.6029549645088927e-10
2025-11-01 07:00:00,6,0,1.6978438424981623e-10
2025-11-01 08:00:00,6,0,5.519200907066441e-10
2025-11-01 09:00:00,6,0,8.66116217176583e-08
2025-11-01 10:00:00,6,0,6.211475414831513e-05
2025-11-01 11:00:00,6,0,0.023691662768716003
2025-11-01 12:00:00,6,0,0.38623617548372463
2025-11-01 13:00:00,6,0,0.25893426401925773
2025-11-01 14:00:00,6,0,0.06471322439919397
2025-11-01 15:00:00,6,0,0.0010702126812228937
2025-11-01 16:00:00,6,0,3.7556979390794556e-06
2025-11-01 17:00:00,6,0,6.135492110599252e-08
2025-11-01 18:00:00,6,0,4.660046107356164e-10
2025-11-01 19:00:00,6,0,1.1374013360117472e-10
2025-11-01 20:00:00,6,0,1.047320140757837e-10
2025-11-01 21:00:00,6,0,1.0145151644217532e-10
2025-11-01 22:00:00,6,0,1.0029020727786091e-10
2025-11-01 23:00:00,6,0,1.0845707408238119e-10
2025-11-02 00:00:00,6,0,1.306574267050215e-10
2025-11-02 01:00:00,6,0,1.275685421365774e-10
2025-11-02 02:00:00,6,0,1.6171728746521108e-10
2025-11-02 03:00:00,6,0,1.249077618755008e-10
2025-11-02 04:00:00,6,0,1.3679167503766235e-10
2025-11-02 05:00:00,6,0,1.4663432426560005e-10
2025-11-02 06:00:00,6,0,1.5806761019498563e-10
2025-11-02 07:00:00,6,0,1.6863918570419862e-10
2025-11-02 08:00:00,6,0,4.748414570124988e-10
2025-11-02 09:00:00,6,0,1.4719331661193716e-08
2025-11-02 10:00:00,6,0,5.234207228263404e-07
2025-11-02 11:00:00,6,0,1.4691043140827479e-05
2025-11-02 12:00:00,6,0,0.00020408577186533945
2025-11-02 13:00:00,6,0,0.0037791556508061912
2025-11-02 14:00:00,6,0,0.0001285923614587778
2025-11-02 15:00:00,6,0,0.00011884314469154935
2025-11-02 16:00:00,6,0,1.2602540581506592e-06
2025-11-02 17:00:00,6,0,1.2742322381507947e-08
2025-11-02 18:00:00,6,0,3.4857287825117736e-10
2025-11-02 19:00:00,6,0,1.0935336302396144e-10
2025-11-02 20:00:00,6,0,1.0402176125476623e-10
2025-11-02 21:00:00,6,0,1.0076351071264117e-10
2025-11-02 22:00:00,6,0,9.961374813216344e-11
2025-11-02 23:00:00,6,0,1.1663843439633626e-10
2025-11-03 00:00:00,6,0,1.1599068869257349e-10
2025-11-03 01:00:00,6,0,1.2674465304105247e-10
2025-11-03 02:00:00,6,0,1.3802648836877315e-10
2025-11-03 03:00:00,6,0,1.6910049427136376e-10
2025-11-03 04:00:00,6,0,1.6980489970200028e-10
2025-11-03 05:00:00,6,0,1.8360464152110347e-10
2025-11-03 06:00:00,6,0,2.0372780913080928e-10
2025-11-03 07:00:00,6,0,2.4049969509652146e-10
2025-11-03 08:00:00,6,0,7.95400970878418e-10
2025-11-03 09:00:00,6,0,1.6683053747215835e-07
2025-11-03 10:00:00,6,0,8.198976777469581e-05
2025-11-03 11:00:00,6,0,0.012955911351232694
2025-11-03 12:00:00,6,0,0.17013048474715997
2025-11-03 13:00:00,6,1,0.2652335087480404
2025-11-03 14:00:00,6,0,0.18047204072062142
2025-11-03 15:00:00,6,0,0.0091665616467813
2025-11-03 16:00:00,6,0,6.404450145173379e-05
2025-11-03 17:00:00,6,0,1.7570137372248964e-07
2025-11-03 18:00:00,6,0,8.182132119617811e-10
2025-11-03 19:00:00,6,0,1.4663627657077615e-10
2025-11-03 20:00:00,6,0,1.4832575432933153e-10
2025-11-03 21:00:00,6,0,1.2121814233909085e-10
2025-11-03 22:00:00,6,0,1.2790438757912073e-10
2025-11-03 23:00:00,6,0,1.338907139725639e-10
2025-11-04 00:00:00,6,0,1.3268973422871135e-10
2025-11-04 01:00:00,6,0,1.300210712856481e-10
2025-11-04 02:00:00,6,0,1.5333268275552277e-10
2025-11-04 03:00:00,6,0,1.593057675638431e-10
2025-11-04 04:00:00,6,0,1.5994930398534615e-10
2025-11-04 05:00:00,6,0,1.7648470412161118e-10
2025-11-04 06:00:00,6,0,1.834925286460845e-10
2025-11-04 07:00:00,6,0,2.0520748141489063e-10
2025-11-04 08:00:00,6,0,7.170966005412627e-10
2025-11-04 09:00:00,6,0,1.2093728630376396e-07
2025-11-04 10:00:00,6,0,4.7610321958190685e-05
2025-11-04 11:00:00,6,0,0.007734500755093674
2025-11-04 12:00:00,6,0,0.12382845464266543
2025-11-04 13:00:00,6,0,0.3255158741267637
2025-11-04 14:00:00,6,0,0.15424891520275444
2025-11-04 15:00:00,6,0,0.0027790903732823665
2025-11-04 16:00:00,6,0,2.570377455189168e-05
2025-11-04 17:00:00,6,0,1.370511643204515e-07
2025-11-04 18:00:00,6,0,6.591385890241066e-10
2025-11-04 19:00:00,6,0,1.2467164194696146e-10
2025-11-04 20:00:00,6,0,1.0263039852678559e-10
2025-11-04 21:00:00,6,0,9.941572933059816e-11
2025-11-04 22:00:00,6,0,9.827953463874438e-11
2025-11-04 23:00:00,6,0,9.9229357211951e-11
2025-11-05 00:00:00,6,0,1.0159451500587666e-10
2025-11-05 01:00:00,6,0,1.0664146441022294e-10
2025-11-05 02:00:00,6,0,1.1364264515197078e-10
2025-11-05 03:00:00,6,0,1.2241482885084443e-10
2025-11-05 04:00:00,6,0,1.3261831146166834e-10
2025-11-05 05:00:00,6,0,1.6249739745995822e-10
2025-11-05 06:00:00,6,0,1.910637837539909e-10
2025-11-05 07:00:00,6,0,1.8892004628625562e-10
2025-11-05 08:00:00,6,0,5.054395239186985e-10
2025-11-05 09:00:00,6,0,5.0600185900992625e-08
2025-11-05 10:00:00,6,0,1.999531787205325e-05
2025-11-05 11:00:00,6,0,0.003104485895667417
2025-11-05 12:00:00,6,0,0.05936310674254557
2025-11-05 13:00:00,6,1,0.2069130292915478
2025-11-05 14:00:00,6,0,0.0856189177422227
2025-11-05 15:00:00,6,0,0.004103468772494098
2025-11-05 16:00:00,6,0,2.5141411953240907e-05
2025-11-05 17:00:00,6,0,9.670596550380899e-08
2025-11-05 18:00:00,6,0,5.337393611059948e-10
2025-11-05 19:00:00,6,0,1.2037375027794946e-10
2025-11-05 20:00:00,6,0,1.1403605803991985e-10
2025-11-05 21:00:00,6,0,1.1247843092667189e-10
2025-11-05 22:00:00,6,0,1.124051001793051e-10
2025-11-05 23:00:00,6,0,1.1556094086162595e-10
2025-11-06 00:00:00,6,0,1.2311654244586983e-10
2025-11-06 01:00:00,6,0,1.301864908434332e-10
2025-11-06 02:00:00,6,0,1.3379218249616895e-10
2025-11-06 03:00:00,6,0,1.4364152255209355e-10
2025-11-06 04:00:00,6,0,1.5902852292945948e-10
2025-11-06 05:00:00,6,0,1.7357331580783654e-10
2025-11-06 06:00:00,6,0,1.9399303422024707e-10
2025-11-06 07:00:00,6,0,2.0473541154401084e-10
2025-11-06 08:00:00,6,0,5.120880380759481e-10
2025-11-06 09:00:00,6,0,7.100423853052023e-08
2025-11-06 10:00:00,6,0,1.4718733919591166e-05
2025-11-06 11:00:00,6,0,0.0007454312180084729
2025-11-06 12:00:00,6,0,0.004211880124010996
2025-11-06 13:00:00,6,0,0.002561300550420785
2025-11-06 14:00:00,6,0,0.0004868129009176427
2025-11-06 15:00:00,6,0,9.193040343933422e-05
2025-11-06 16:00:00,6,0,1.08258745100513e-05
2025-11-06 17:00:00,6,0,1.1604468441976136e-07
2025-11-06 18:00:00,6,0,6.743278114650334e-10
2025-11-06 19:00:00,6,0,1.511857860114222e-10
2025-11-06 20:00:00,6,0,1.4433531829229018e-10
2025-11-06 21:00:00,6,0,1.3731049617771863e-10
2025-11-06 22:00:00,6,0,1.2951110684143615e-10
2025-11-06 23:00:00,6,0,1.298209896608471e-10
2025-11-07 00:00:00,6,0,1.3781841657881877e-10
2025-11-07 01:00:00,6,0,1.457143357446604e-10
2025-11-07 02:00:00,6,0,1.55280712264447e-10
2025-11-07 03:00:00,6,0,1.7279713917277613e-10
2025-11-07 04:00:00,6,0,1.8652472968192922e-10
2025-11-07 05:00:00,6,0,2.0212180617442821e-10
2025-11-07 06:00:00,6,0,2.1553193918880415e-10
2025-11-07 07:00:00,6,0,2.2664642508213566e-10
2025-11-07 08:00:00,6,0,5.950395530839161e-10
2025-11-07 09:00:00,6,0,1.0815766152271712e-07
2025-11-07 10:00:00,6,0,5.297567701074138e-05
2025-11-07 11:00:00,6,0,0.010091138157782214
2025-11-07 12:00:00,6,0,0.17805865208235647
2025-11-07 13:00:00,6,0,0.4321436022760702
2025-11-07 14:00:00,6,0,0.18363152896741322
2025-11-07 15:00:00,6,0,0.0034288184838848637
2025-11-07 16:00:00,6,0,2.647082382931638e-05
2025-11-07 17:00:00,6,0,1.23923414851509e-07
2025-11-07 18:00:00,6,0,6.186603937319721e-10
2025-11-07 19:00:00,6,0,1.4433862299398627e-10
2025-11-07 20:00:00,6,0,1.4031114712665557e-10
2025-11-07 21:00:00,6,0,1.3939860072686464e-10
2025-11-07 22:00:00,6,0,1.363193867256118e-10
2025-11-07 23:00:00,6,0,1.3913727374442623e-10
2025-11-08 00:00:00,6,0,1.4093555063067865e-10
2025-11-08 01:00:00,6,0,1.4740316284216262e-10
2025-11-08 02:00:00,6,0,1.1141753330310469e-10
2025-11-08 03:00:00,6,0,1.3473276222162393e-10
2025-11-08 04:00:00,6,0,1.71144098346703e-10
2025-11-08 05:00:00,6,0,2.0225949227074723e-10
2025-11-08 06:00:00,6,0,2.180299513259989e-10
2025-11-08 07:00:00,6,0,2.3261181342109934e-10
2025-11-08 08:00:00,6,0,5.94822030730618e-10
2025-11-08 09:00:00,6,0,1.0844148127174005e-07
2025-11-08 10:00:00,6,0,5.9567545503816544e-05
2025-11-08 11:00:00,6,0,0.013853833892407016
2025-11-08 12:00:00,6,0,0.3221239701017001
2025-11-08 13:00:00,6,1,0.6224410504750852
2025-11-08 14:00:00,6,0,0.3319596116773483
2025-11-08 15:00:00,6,0,0.015223706687881325
2025-11-08 16:00:00,6,0,7.594118405794643e-05
2025-11-08 17:00:00,6,0,1.7622521117530835e-07
2025-11-08 18:00:00,6,0,6.140880223019601e-10
2025-11-08 19:00:00,6,0,1.3931259174936733e-10
2025-11-08 20:00:00,6,0,1.414252983630761e-10
2025-11-08 21:00:00,6,0,1.3699546512927396e-10
2025-11-08 22:00:00,6,0,1.374018410877869e-10
2025-11-08 23:00:00,6,0,1.2628978426322158e-10
2025-11-09 00:00:00,6,0,1.3851238634710584e-10
2025-11-09 01:00:00,6,0,1.046295424152829e-10
2025-11-09 02:00:00,6,0,1.385159004155278e-10
2025-11-09 03:00:00,6,0,1.693287693933359e-10
2025-11-09 04:00:00,6,0,1.7502315428610296e-10
2025-11-09 05:00:00,6,0,1.5601454169993184e-10
2025-11-09 06:00:00,6,0,1.5089836444770652e-10
2025-11-09 07:00:00,6,0,1.6098749369268567e-10
2025-11-09 08:00:00,6,0,3.4699907980499044e-10
2025-11-09 09:00:00,6,0,2.715577341692326e-08
2025-11-09 10:00:00,6,0,7.038839066872472e-06
2025-11-09 11:00:00,6,0,0.0006795700678340334
2025-11-09 12:00:00,6,0,0.025287890550563654
2025-11-09 13:00:00,6,0,0.11843437280389077
2025-11-09 14:00:00,6,0,0.040219818584298156
2025-11-09 15:00:00,6,0,0.0005428011983993656
2025-11-09 16:00:00,6,0,4.180451615636522e-06
2025-11-09 17:00:00,6,0,2.9694945337720557e-08
2025-11-09 18:00:00,6,0,3.0525577394203733e-10
2025-11-09 19:00:00,6,0,1.0439357947387441e-10
2025-11-09 20:00:00,6,0,9.930379551454434e-11
2025-11-09 21:00:00,6,0,9.619509730211217e-11
2025-11-09 22:00:00,6,0,9.509571031704153e-11
2025-11-09 23:00:00,6,0,9.741288052381712e-11
2025-11-10 00:00:00,6,0,9.867947761545644e-11
2025-11-10 01:00:00,6,0,1.0358161559746505e-10
2025-11-10 02:00:00,6,0,1.1118267028793202e-10
2025-11-10 03:00:00,6,0,1.2462217311217279e-10
2025-11-10 04:00:00,6,0,1.3259184658000025e-10
2025-11-10 05:00:00,6,0,1.452453874484779e-10
2025-11-10 06:00:00,6,0,1.5657037600720993e-10
2025-11-10 07:00:00,6,0,1.725645333677011e-10
2025-11-10 08:00:00,6,0,4.1987088691558257e-10
2025-11-10 09:00:00,6,0,3.718942199716836e-08
2025-11-10 10:00:00,6,0,1.2798487466657568e-05
2025-11-10 11:00:00,6,0,0.0027887113242159667
2025-11-10 12:00:00,6,0,0.050363449330870204
2025-11-10 13:00:00,6,0,0.33127586476047705
2025-11-10 14:00:00,6,0,0.16520573103640537
2025-11-10 15:00:00,6,0,0.007711399355691035
2025-11-10 16:00:00,6,0,3.528403760038085e-05
2025-11-10 17:00:00,6,0,9.014696850978826e-08
2025-11-10 18:00:00,6,0,3.9756115834236626e-10
2025-11-10 19:00:00,6,0,1.0372411530535444e-10
2025-11-10 20:00:00,6,0,9.866697155247305e-11
2025-11-10 21:00:00,6,0,9.557644789978282e-11
2025-11-10 22:00:00,6,0,1.0761287273254048e-10
2025-11-10 23:00:00,6,0,1.3596065149273392e-10
2025-11-11 00:00:00,6,0,1.357610742972179e-10
2025-11-11 01:00:00,6,0,1.440588302396597e-10
2025-11-11 02:00:00,6,0,1.5296269423185306e-10
2025-11-11 03:00:00,6,0,1.5217354928416562e-10
2025-11-11 04:00:00,6,0,1.522398806686828e-10
2025-11-11 05:00:00,6,0,1.6259935226027484e-10
2025-11-11 06:00:00,6,0,1.7276178556748782e-10
2025-11-11 07:00:00,6,0,1.7333258381321453e-10
2025-11-11 08:00:00,6,0,3.1578085711420065e-10
2025-11-11 09:00:00,6,0,1.2967719581921985e-08
2025-11-11 10:00:00,6,0,1.3880784047168475e-06
2025-11-11 11:00:00,6,0,0.0001002564597710726
2025-11-11 12:00:00,6,0,0.0029012097866458163
2025-11-11 13:00:00,6,0,0.010491265021074446
2025-11-11 14:00:00,6,0,0.006572165912976822
2025-11-11 15:00:00,6,0,0.00037329288138956686
2025-11-11 16:00:00,6,0,7.790008672391044e-06
2025-11-11 17:00:00,6,0,4.461991862205794e-08
2025-11-11 18:00:00,6,0,3.80282498819577e-10
2025-11-11 19:00:00,6,0,1.3565564019234107e-10
2025-11-11 20:00:00,6,0,1.333104684591876e-10
2025-11-11 21:00:00,6,0,1.3148957072107759e-10
2025-11-11 22:00:00,6,0,1.318771842158949e-10
2025-11-11 23:00:00,6,0,1.3363380840886675e-10
2025-11-12 00:00:00,6,0,1.3735924163884862e-10
2025-11-12 01:00:00,6,0,1.4211350505361874e-10
2025-11-12 02:00:00,6,0,1.471274947349441e-10
2025-11-12 03:00:00,6,0,1.432304184031977e-10
2025-11-12 04:00:00,6,0,1.692301065333934e-10
2025-11-12 05:00:00,6,0,1.37318730109748e-10
2025-11-12 06:00:00,6,0,1.4802566596998272e-10
2025-11-12 07:00:00,6,0,1.5792563537667917e-10
2025-11-12 08:00:00,6,0,3.1009438108468006e-10
2025-11-12 09:00:00,6,0,1.4247003613134653e-08
2025-11-12 10:00:00,6,0,1.235065265623027e-06
2025-11-12 11:00:00,6,0,7.30635879450838e-05
2025-11-12 12:00:00,6,0,0.001279308498448772
2025-11-12 13:00:00,6,0,0.0031907402725404295
2025-11-12 14:00:00,6,0,0.0006384921541181097
2025-11-12 15:00:00,6,0,4.626178221376235e-05
2025-11-12 16:00:00,6,0,4.4103073604079326e-07
2025-11-12 17:00:00,6,0,4.857420433723656e-09
2025-11-12 18:00:00,6,0,2.1323064153041605e-10
2025-11-12 19:00:00,6,0,1.0240809388033083e-10
2025-11-12 20:00:00,6,0,9.741511369739626e-11
2025-11-12 21:00:00,6,0,9.436380171047099e-11
2025-11-12 22:00:00,6,0,9.32853440928582e-11
2025-11-12 23:00:00,6,0,9.418690031099539e-11
2025-11-13 00:00:00,6,0,9.64686123937488e-11
2025-11-13 01:00:00,6,0,1.0162755178960318e-10
2025-11-13 02:00:00,6,0,1.0790885990191816e-10
2025-11-13 03:00:00,6,0,1.175056040007912e-10
2025-11-13 04:00:00,6,0,1.2592711805346112e-10
2025-11-13 05:00:00,6,0,1.9589370491566816e-10
2025-11-13 06:00:00,6,0,2.111678145156264e-10
2025-11-13 07:00:00,6,0,2.2528658499195918e-10
2025-11-13 08:00:00,6,0,4.346572265844695e-10
2025-11-13 09:00:00,6,0,4.9133514039300495e-08
2025-11-13 10:00:00,6,0,2.2185089925873448e-05
2025-11-13 11:00:00,6,0,0.004699604680259047
2025-11-13 12:00:00,6,0,0.11199684089579261
2025-11-13 13:00:00,6,0,0.24144303682366017
2025-11-13 14:00:00,6,0,0.09041327832003733
2025-11-13 15:00:00,6,0,0.0033336884074271294
2025-11-13 16:00:00,6,0,2.8482099815428176e-05
2025-11-13 17:00:00,6,0,9.32324570272595e-08
2025-11-13 18:00:00,6,0,4.829685757951764e-10
2025-11-13 19:00:00,6,0,1.4608882016750048e-10
2025-11-13 20:00:00,6,0,1.3896615479627818e-10
2025-11-13 21:00:00,6,0,1.207814769801544e-10
2025-11-13 22:00:00,6,0,1.2070273302985233e-10
2025-11-13 23:00:00,6,0,1.1502123652527152e-10
2025-11-14 00:00:00,6,0,1.3083345729980505e-10
2025-11-14 01:00:00,6,0,1.4446044877697234e-10
2025-11-14 02:00:00,6,0,1.5394450563491504e-10
2025-11-14 03:00:00,6,0,1.6582762821620703e-10
2025-11-14 04:00:00,6,0,1.7964964093069846e-10
2025-11-14 05:00:00,6,0,1.946718269767261e-10
2025-11-14 06:00:00,6,0,2.0985066502336262e-10
2025-11-14 07:00:00,6,0,2.2388549573974964e-10
2025-11-14 08:00:00,6,0,4.448541390080143e-10
2025-11-14 09:00:00,6,0,6.000833697332432e-08
2025-11-14 10:00:00,6,0,2.9158445573423645e-05
2025-11-14 11:00:00,6,0,0.005093843796941171
2025-11-14 12:00:00,6,0,0.13732769742683604
2025-11-14 13:00:00,6,0,0.38539536636611926
2025-11-14 14:00:00,6,0,0.16339979299257412
2025-11-14 15:00:00,6,0,0.006860992703517347
2025-11-14 16:00:00,6,0,4.215599228121581e-05
2025-11-14 17:00:00,6,0,1.1569472971250428e-07
2025-11-14 18:00:00,6,0,4.900407590656509e-10
2025-11-14 19:00:00,6,0,1.4518027305703644e-10
2025-11-14 20:00:00,6,0,1.371072694591213e-10
2025-11-14 21:00:00,6,0,1.2399874823115775e-10
2025-11-14 22:00:00,6,0,1.3224727865258657e-10
2025-11-14 23:00:00,6,0,1.33525382491466e-10
2025-11-15 00:00:00,6,0,1.3677569811188138e-10
2025-11-15 01:00:00,6,0,1.4357035654446884e-10
2025-11-15 02:00:00,6,0,1.5299597744009763e-10
2025-11-15 03:00:00,6,0,1.6480588222928664e-10
2025-11-15 04:00:00,6,0,1.7854273069116477e-10
2025-11-15 05:00:00,6,0,1.9347235762343537e-10
2025-11-15 06:00:00,6,0,2.0855767134590822e-10
2025-11-15 07:00:00,6,0,2.22506026532783e-10
2025-11-15 08:00:00,6,0,4.202522043772609e-10
2025-11-15 09:00:00,6,0,5.157968633145751e-08
2025-11-15 10:00:00,6,0,2.5785403877422667e-05
2025-11-15 11:00:00,6,0,0.005856024745945773
2025-11-15 12:00:00,6,0,0.14565848544903667
2025-11-15 13:00:00,6,0,0.3360628899139248
2025-11-15 14:00:00,6,0,0.12894979749737828
2025-11-15 15:00:00,6,0,0.004971193084862759
2025-11-15 16:00:00,6,0,2.6707846936091636e-05
2025-11-15 17:00:00,6,0,8.299569450838355e-08
2025-11-15 18:00:00,6,0,4.016920227583035e-10
2025-11-15 19:00:00,6,0,1.2129022619283495e-10
2025-11-15 20:00:00,6,0,1.0203559480393598e-10
2025-11-15 21:00:00,6,0,9.919742098365785e-11
2025-11-15 22:00:00,6,0,9.596012636260227e-11
2025-11-15 23:00:00,6,0,9.446713545534207e-11
2025-11-16 00:00:00,6,0,9.538354730692523e-11
2025-11-16 01:00:00,6,0,1.128043584772764e-10
2025-11-16 02:00:00,6,0,1.2875478620099786e-10
2025-11-16 03:00:00,6,0,1.1408776005978832e-10
2025-11-16 04:00:00,6,0,1.407903429774022e-10
2025-11-16 05:00:00,6,0,1.8346618042142095e-10
2025-11-16 06:00:00,6,0,1.9992727372383018e-10
2025-11-16 07:00:00,6,0,2.2114828907407774e-10
2025-11-16 08:00:00,6,0,3.847127562434863e-10
2025-11-16 09:00:00,6,0,2.937177196126054e-08
2025-11-16 10:00:00,6,0,1.2702277335963629e-05
2025-11-16 11:00:00,6,0,0.002315337490740777
2025-11-16 12:00:00,6,0,0.04494544093938225
2025-11-16 13:00:00,6,0,0.11592447640808576
2025-11-16 14:00:00,6,0,0.031857713201662446
2025-11-16 15:00:00,6,0,0.0006313154515717327
2025-11-16 16:00:00,6,0,3.0079664039391914e-06
2025-11-16 17:00:00,6,0,2.0737765554879728e-08
2025-11-16 18:00:00,6,0,2.7563847825924864e-10
2025-11-16 19:00:00,6,0,1.1133624344547004e-10
2025-11-16 20:00:00,6,0,1.1100469182217451e-10
2025-11-16 21:00:00,6,0,1.2745252743289107e-10
2025-11-16 22:00:00,6,0,1.2553905204402124e-10
2025-11-16 23:00:00,6,0,1.2675465986681552e-10
2025-11-17 00:00:00,6,0,1.351199027700244e-10
2025-11-17 01:00:00,6,0,1.4183230562698036e-10
2025-11-17 02:00:00,6,0,1.5114382073198936e-10
2025-11-17 03:00:00,6,0,1.628107557860269e-10
2025-11-17 04:00:00,6,0,1.7638130709128786e-10
2025-11-17 05:00:00,6,0,1.9113019718897732e-10
2025-11-17 06:00:00,6,0,2.060328893454089e-10
2025-11-17 07:00:00,6,0,2.1665753110770838e-10
2025-11-17 08:00:00,6,0,3.807768640743564e-10
2025-11-17 09:00:00,6,0,4.010455052805617e-08
2025-11-17 10:00:00,6,0,1.815727080832411e-05
2025-11-17 11:00:00,6,0,0.003704335672237457
2025-11-17 12:00:00,6,0,0.11012999758413329
2025-11-17 13:00:00,6,0,0.30111425881123977
2025-11-17 14:00:00,6,0,0.12744061215365055
2025-11-17 15:00:00,6,0,0.004725908822621611
2025-11-17 16:00:00,6,0,2.859115985265358e-05
2025-11-17 17:00:00,6,0,5.459853069893402e-08
2025-11-17 18:00:00,6,0,4.1464208231976794e-10
2025-11-17 19:00:00,6,0,1.3897819295616432e-10
2025-11-17 20:00:00,6,0,1.3558944126253138e-10
2025-11-17 21:00:00,6,0,1.313424032855011e-10
2025-11-17 22:00:00,6,0,1.2984132752587618e-10
2025-11-17 23:00:00,6,0,1.3109617904983364e-10
2025-11-18 00:00:00,6,0,1.3431219729298398e-10
2025-11-18 01:00:00,6,0,1.4098447545742792e-10
2025-11-18 02:00:00,6,0,1.502403291713724e-10
2025-11-18 03:00:00,6,0,1.618375228538684e-10
2025-11-18 04:00:00,6,0,1.7532695355151502e-10
2025-11-18 05:00:00,6,0,1.8998767929247242e-10
2025-11-18 06:00:00,6,0,2.0480128771047986e-10
2025-11-18 07:00:00,6,0,2.184984156333775e-10
2025-11-18 08:00:00,6,0,3.6954950797959524e-10
2025-11-18 09:00:00,6,0,3.59730854242112e-08
2025-11-18 10:00:00,6,0,1.6681272822988547e-05
2025-11-18 11:00:00,6,0,0.003409600917890636
2025-11-18 12:00:00,6,0,0.10238486739990328
2025-11-18 13:00:00,6,0,0.2863391665879128
2025-11-18 14:00:00,6,0,0.11927661249987055
2025-11-18 15:00:00,6,0,0.004239088249389542
2025-11-18 16:00:00,6,0,2.6950398551714693e-05
2025-11-18 17:00:00,6,0,7.937688095159543e-08
2025-11-18 18:00:00,6,0,4.1021212779906807e-10
2025-11-18 19:00:00,6,0,1.41686979495079e-10
2025-11-18 20:00:00,6,0,1.3477892902790563e-10
2025-11-18 21:00:00,6,0,1.2366795878832385e-10
2025-11-18 22:00:00,6,0,1.1088773148481992e-10
2025-11-18 23:00:00,6,0,1.3031252616326915e-10
2025-11-19 00:00:00,6,0,1.3112694428937682e-10
2025-11-19 01:00:00,6,0,1.3813933870391084e-10
2025-11-19 02:00:00,6,0,1.4935197793752072e-10
2025-11-19 03:00:00,6,0,1.603002063311799e-10
2025-11-19 04:00:00,6,0,1.730349981316194e-10
2025-11-19 05:00:00,6,0,1.861536335417564e-10
2025-11-19 06:00:00,6,0,1.8939358883180146e-10
2025-11-19 07:00:00,6,0,1.9916018017477813e-10
2025-11-19 08:00:00,6,0,3.517532935348792e-10
2025-11-19 09:00:00,6,0,3.133691582506337e-08
2025-11-19 10:00:00,6,0,1.4020687249922139e-05
2025-11-19 11:00:00,6,0,0.002852711603963431
2025-11-19 12:00:00,6,0,0.08899037288088041
2025-11-19 13:00:00,6,0,0.2541656205852714
2025-11-19 14:00:00,6,0,0.09455658958424816
2025-11-19 15:00:00,6,0,0.004070976217345508
2025-11-19 16:00:00,6,0,2.4727859511139622e-05
2025-11-19 17:00:00,6,0,7.288068977326039e-08
2025-11-19 18:00:00,6,0,3.927651653363996e-10
2025-11-19 19:00:00,6,0,1.4084920308876754e-10
2025-11-19 20:00:00,6,0,1.339819990121013e-10
2025-11-19 21:00:00,6,0,1.2978531059193183e-10
2025-11-19 22:00:00,6,0,1.2830203041118348e-10
2025-11-19 23:00:00,6,0,1.295443924436218e-10
2025-11-20 00:00:00,6,0,1.3273988744985017e-10
2025-11-20 01:00:00,6,0,1.3933405737956892e-10
2025-11-20 02:00:00,6,0,1.4848155853736366e-10
2025-11-20 03:00:00,6,0,1.5994299104444875e-10
2025-11-20 04:00:00,6,0,1.7327450931800136e-10
2025-11-20 05:00:00,6,0,1.7657464696684502e-10
2025-11-20 06:00:00,6,0,2.0240380567220446e-10
2025-11-20 07:00:00,6,0,2.1593661076565006e-10
2025-11-20 08:00:00,6,0,3.302823693259566e-10
2025-11-20 09:00:00,6,0,2.5009120782575988e-08
2025-11-20 10:00:00,6,0,1.0454908810806274e-05
2025-11-20 11:00:00,6,0,0.0020813939479079136
2025-11-20 12:00:00,6,0,0.06515468994136701
2025-11-20 13:00:00,6,0,0.18184442880113275
2025-11-20 14:00:00,6,0,0.07295948004607808
2025-11-20 15:00:00,6,0,0.0023744650421217506
2025-11-20 16:00:00,6,0,1.4012805439027622e-05
2025-11-20 17:00:00,6,0,5.147153390499178e-08
2025-11-20 18:00:00,6,0,3.429857530084805e-10
2025-11-20 19:00:00,6,0,1.1271330681739485e-10
2025-11-20 20:00:00,6,0,9.278622962901123e-11
2025-11-20 21:00:00,6,0,1.019995774666179e-10
2025-11-20 22:00:00,6,0,1.0606709250836998e-10
2025-11-20 23:00:00,6,0,1.0217697497966726e-10
2025-11-21 00:00:00,6,0,9.635296081609658e-11
2025-11-21 01:00:00,6,0,9.649752918599865e-11
2025-11-21 02:00:00,6,0,1.0283274454249182e-10
2025-11-21 03:00:00,6,0,1.1077050174789902e-10
2025-11-21 04:00:00,6,0,1.2000341004014787e-10
2025-11-21 05:00:00,6,0,1.4918146758317507e-10
2025-11-21 06:00:00,6,0,1.7038980745193087e-10
2025-11-21 07:00:00,6,0,1.495523331330106e-10
2025-11-21 08:00:00,6,0,2.2299806559138584e-10
2025-11-21 09:00:00,6,0,9.577968135831358e-09
2025-11-21 10:00:00,6,0,2.693428107158975e-06
2025-11-21 11:00:00,6,0,0.00039980747063490937
2025-11-21 12:00:00,6,0,0.008467170809143443
2025-11-21 13:00:00,6,0,0.013106938912236795
2025-11-21 14:00:00,6,0,0.0038979026294087126
2025-11-21 15:00:00,6,0,0.00021436793286188252
2025-11-21 16:00:00,6,0,3.142052489732232e-06
2025-11-21 17:00:00,6,0,1.3364833187675283e-08
2025-11-21 18:00:00,6,0,2.177872680109808e-10
2025-11-21 19:00:00,6,0,9.69801485889059e-11
2025-11-21 20:00:00,6,0,9.223758067783935e-11
2025-11-21 21:00:00,6,0,8.942932485988919e-11
2025-11-21 22:00:00,6,0,8.840726200437279e-11
2025-11-21 23:00:00,6,0,8.91773351255057e-11
2025-11-22 00:00:00,6,0,9.139518481628827e-11
2025-11-22 01:00:00,6,0,9.593369045977335e-11
2025-11-22 02:00:00,6,0,1.0223188891244802e-10
2025-11-22 03:00:00,6,0,1.101232655011802e-10
2025-11-22 04:00:00,6,0,1.1930222555978954e-10
2025-11-22 05:00:00,6,0,1.2927820001148834e-10
2025-11-22 06:00:00,6,0,1.4553775159331364e-10
2025-11-22 07:00:00,6,0,1.7305297216699654e-10
2025-11-22 08:00:00,6,0,2.8733943188984017e-10
2025-11-22 09:00:00,6,0,2.1775822218804097e-08
2025-11-22 10:00:00,6,0,9.69966839031284e-06
2025-11-22 11:00:00,6,0,0.0021935095849214097
2025-11-22 12:00:00,6,0,0.0677801699410534
2025-11-22 13:00:00,6,0,0.216937468040108
2025-11-22 14:00:00,6,0,0.0819089511346904
2025-11-22 15:00:00,6,0,0.0020204726815536977
2025-11-22 16:00:00,6,0,8.497253083078019e-06
2025-11-22 17:00:00,6,0,2.3570101226429735e-08
2025-11-22 18:00:00,6,0,2.385364222925357e-10
2025-11-22 19:00:00,6,0,9.640603521571743e-11
2025-11-22 20:00:00,6,0,9.152613385471989e-11
2025-11-22 21:00:00,6,0,8.874466384489242e-11
2025-11-22 22:00:00,6,0,8.773204238117559e-11
2025-11-22 23:00:00,6,0,8.8404863942806e-11
2025-11-23 00:00:00,6,0,9.088005688132507e-11
2025-11-23 01:00:00,6,0,9.926358424413534e-11
2025-11-23 02:00:00,6,0,1.016575555773957e-10
2025-11-23 03:00:00,6,0,1.106983474779552e-10
2025-11-23 04:00:00,6,0,1.185115558766719e-10
2025-11-23 05:00:00,6,0,1.307655723300962e-10
2025-11-23 06:00:00,6,0,1.385727438916016e-10
2025-11-23 07:00:00,6,0,1.4784050104812648e-10
2025-11-23 08:00:00,6,0,2.089169166212487e-10
2025-11-23 09:00:00,6,0,7.514450072026853e-09
2025-11-23 10:00:00,6,0,1.674805124448033e-06
2025-11-23 11:00:00,6,0,7.994935675166107e-05
2025-11-23 12:00:00,6,0,0.00016848222392978066
2025-11-23 13:00:00,6,0,0.00011536600986106617
2025-11-23 14:00:00,6,0,7.482277586350301e-05
2025-11-23 15:00:00,6,0,2.930090279506578e-06
2025-11-23 16:00:00,6,0,1.42476288858296e-07
2025-11-23 17:00:00,6,0,5.619708991036725e-09
2025-11-23 18:00:00,6,0,2.0709085383215158e-10
2025-11-23 19:00:00,6,0,1.0307039445108039e-10
2025-11-23 20:00:00,6,0,9.803180491066047e-11
2025-11-23 21:00:00,6,0,9.925814667466009e-11
2025-11-23 22:00:00,6,0,9.10149187057111e-11
2025-11-23 23:00:00,6,0,1.020487927587521e-10
2025-11-24 00:00:00,6,0,1.0871070468429889e-10
2025-11-24 01:00:00,6,0,1.1110426307664358e-10
2025-11-24 02:00:00,6,0,1.211662851055426e-10
2025-11-24 03:00:00,6,0,1.4705294598195868e-10
2025-11-24 04:00:00,6,0,1.5199541277417088e-10
2025-11-24 05:00:00,6,0,1.6058959825664483e-10
2025-11-24 06:00:00,6,0,1.7819030472791692e-10
2025-11-24 07:00:00,6,0,1.7877793982074394e-10
2025-11-24 08:00:00,6,0,2.3853492807141883e-10
2025-11-24 09:00:00,6,0,8.634782484707359e-09
2025-11-24 10:00:00,6,0,1.1613835367308247e-06
2025-11-24 11:00:00,6,0,0.00012152023692488996
2025-11-24 12:00:00,6,0,0.0009415887657073819
2025-11-24 13:00:00,6,0,0.006385326826955563
2025-11-24 14:00:00,6,0,0.001417787403189508
2025-11-24 15:00:00,6,0,0.00021956939191854801
2025-11-24 16:00:00,6,0,5.176321019830101e-06
2025-11-24 17:00:00,6,0,2.74014468846765e-08
2025-11-24 18:00:00,6,0,2.879973757489395e-10
2025-11-24 19:00:00,6,0,1.3687869562228792e-10
2025-11-24 20:00:00,6,0,1.3020267726968398e-10
2025-11-24 21:00:00,6,0,1.2164746727950196e-10
2025-11-24 22:00:00,6,0,1.2069260270130646e-10
2025-11-24 23:00:00,6,0,1.2363348512615986e-10
2025-11-25 00:00:00,6,0,1.271876888923604e-10
2025-11-25 01:00:00,6,0,1.3545008658522456e-10
2025-11-25 02:00:00,6,0,1.4434259891974693e-10
2025-11-25 03:00:00,6,0,1.311774509521555e-10
2025-11-25 04:00:00,6,0,1.489662369383104e-10
2025-11-25 05:00:00,6,0,1.5682231252118e-10
2025-11-25 06:00:00,6,0,1.666027789246524e-10
2025-11-25 07:00:00,6,0,1.751941006712687e-10
2025-11-25 08:00:00,6,0,2.3130284299796357e-10
2025-11-25 09:00:00,6,0,9.636056726965806e-09
2025-11-25 10:00:00,6,0,3.01791234685248e-06
2025-11-25 11:00:00,6,0,0.00046186226872586584
2025-11-25 12:00:00,6,0,0.012357201436516979
2025-11-25 13:00:00,6,0,0.037630760635817204
2025-11-25 14:00:00,6,0,0.012165069825582601
2025-11-25 15:00:00,6,0,0.0008752476596997889
2025-11-25 16:00:00,6,0,3.6006253982749976e-06
2025-11-25 17:00:00,6,0,1.623100026269694e-08
2025-11-25 18:00:00,6,0,2.363593197845361e-10
2025-11-25 19:00:00,6,0,1.1994979482127145e-10
2025-11-25 20:00:00,6,0,1.1287110824190476e-10
2025-11-25 21:00:00,6,0,1.2407957681453453e-10
2025-11-25 22:00:00,6,0,1.2399868265531043e-10
2025-11-25 23:00:00,6,0,1.2519706793728966e-10
2025-11-26 00:00:00,6,0,1.2834146656171403e-10
2025-11-26 01:00:00,6,0,1.347171344622982e-10
2025-11-26 02:00:00,6,0,1.4304361497506304e-10
2025-11-26 03:00:00,6,0,1.3725605913331435e-10
2025-11-26 04:00:00,6,0,1.4550684739535655e-10
2025-11-26 05:00:00,6,0,1.4248104474324687e-10
2025-11-26 06:00:00,6,0,1.541465926084567e-10
2025-11-26 07:00:00,6,0,1.8531074208326967e-10
2025-11-26 08:00:00,6,0,2.522293293446818e-10
2025-11-26 09:00:00,6,0,1.1307760028584706e-08
2025-11-26 10:00:00,6,0,2.48942662126766e-06
2025-11-26 11:00:00,6,0,0.0002967191211154273
2025-11-26 12:00:00,6,0,0.008691203944378618
2025-11-26 13:00:00,6,0,0.015977077385906965
2025-11-26 14:00:00,6,0,0.003479555679444158
2025-11-26 15:00:00,6,0,0.00013270417826892597
2025-11-26 16:00:00,6,0,1.4236300382042558e-06
2025-11-26 17:00:00,6,0,1.4059943889338613e-08
2025-11-26 18:00:00,6,0,2.3271078656245574e-10
2025-11-26 19:00:00,6,0,1.2413986017904975e-10
2025-11-26 20:00:00,6,0,1.251171375956482e-10
2025-11-26 21:00:00,6,0,1.2475346942847021e-10
2025-11-26 22:00:00,6,0,1.2332769675943852e-10
2025-11-26 23:00:00,6,0,1.2451959729815507e-10
2025-11-27 00:00:00,6,0,1.2765702324122946e-10
2025-11-27 01:00:00,6,0,1.339986897903837e-10
2025-11-27 02:00:00,6,0,1.427959156306413e-10
2025-11-27 03:00:00,6,0,1.53818467962527e-10
2025-11-27 04:00:00,6,0,1.6663949689961883e-10
2025-11-27 05:00:00,6,0,1.6920064787510912e-10
2025-11-27 06:00:00,6,0,1.5499597623615465e-10
2025-11-27 07:00:00,6,0,1.5272318951299474e-10
2025-11-27 08:00:00,6,0,2.603348347370829e-10
2025-11-27 09:00:00,6,0,8.58857097739489e-09
2025-11-27 10:00:00,6,0,1.7157594248532816e-06
2025-11-27 11:00:00,6,0,0.00012530005422314275
2025-11-27 12:00:00,6,0,0.002268361572658997
2025-11-27 13:00:00,6,0,0.0033711555153904033
2025-11-27 14:00:00,6,0,0.0011700393368354817
2025-11-27 15:00:00,6,0,8.310116382788427e-05
2025-11-27 16:00:00,6,0,9.969126364662135e-07
2025-11-27 17:00:00,6,0,9.465667594628605e-09
2025-11-27 18:00:00,6,0,1.8827820578130038e-10
2025-11-27 19:00:00,6,0,9.380861826149092e-11
2025-11-27 20:00:00,6,0,8.988226011348191e-11
2025-11-27 21:00:00,6,0,9.291926102668598e-11
2025-11-27 22:00:00,6,0,9.185731266236732e-11
2025-11-27 23:00:00,6,0,1.0005810579888297e-10
2025-11-28 00:00:00,6,0,1.0713447672667621e-10
2025-11-28 01:00:00,6,0,9.285315364371713e-11
2025-11-28 02:00:00,6,0,9.89491099840183e-11
2025-11-28 03:00:00,6,0,1.286267897037857e-10
2025-11-28 04:00:00,6,0,1.3537427622292094e-10
2025-11-28 05:00:00,6,0,1.4046812390115906e-10
2025-11-28 06:00:00,6,0,1.4978773300999773e-10
2025-11-28 07:00:00,6,0,1.755534139930966e-10
2025-11-28 08:00:00,6,0,2.3127176796693406e-10
2025-11-28 09:00:00,6,0,6.1764656544729524e-09
2025-11-28 10:00:00,6,0,1.0316284156714028e-06
2025-11-28 11:00:00,6,0,4.845805297476907e-05
2025-11-28 12:00:00,6,0,0.0006616819148667491
2025-11-28 13:00:00,6,0,0.00144747630092889
2025-11-28 14:00:00,6,0,0.0006038418728646299
2025-11-28 15:00:00,6,0,6.968901052840445e-05
2025-11-28 16:00:00,6,0,1.385812937853653e-06
2025-11-28 17:00:00,6,0,1.2087282933706e-08
2025-11-28 18:00:00,6,0,2.14253402360757e-10
2025-11-28 19:00:00,6,0,9.95900580989971e-11
2025-11-28 20:00:00,6,0,9.542171788333047e-11
2025-11-28 21:00:00,6,0,9.243284459108738e-11
2025-11-28 22:00:00,6,0,9.17072984606309e-11
2025-11-28 23:00:00,6,0,8.582454893871366e-11
2025-11-29 00:00:00,6,0,9.058278376101198e-11
2025-11-29 01:00:00,6,0,9.716705954881896e-11
2025-11-29 02:00:00,6,0,1.0429739951781241e-10
2025-11-29 03:00:00,6,0,1.1439686986246477e-10
2025-11-29 04:00:00,6,0,1.3036406939267858e-10
2025-11-29 05:00:00,6,0,1.5746242576562355e-10
2025-11-29 06:00:00,6,0,1.631068408388335e-10
2025-11-29 07:00:00,6,0,1.4316266006427016e-10
2025-11-29 08:00:00,6,0,1.707965416545097e-10
2025-11-29 09:00:00,6,0,2.613812549628452e-09
2025-11-29 10:00:00,6,0,1.96660618410333e-07
2025-11-29 11:00:00,6,0,1.413008468608359e-05
2025-11-29 12:00:00,6,0,0.0002442025881071015
2025-11-29 13:00:00,6,0,0.0006373442154070407
2025-11-29 14:00:00,6,0,0.00030475506289668686
2025-11-29 15:00:00,6,0,3.337233876677844e-05
2025-11-29 16:00:00,6,0,1.1335116068690965e-06
2025-11-29 17:00:00,6,0,1.540589674825995e-08
2025-11-29 18:00:00,6,0,2.2007633818654747e-10
2025-11-29 19:00:00,6,0,1.1162273342328811e-10
2025-11-29 20:00:00,6,0,9.949288791896907e-11
2025-11-29 21:00:00,6,0,1.0065010774097882e-10
2025-11-29 22:00:00,6,0,1.0315972143876822e-10
2025-11-29 23:00:00,6,0,1.0046142156477676e-10
2025-11-30 00:00:00,6,0,1.0227411165660792e-10
2025-11-30 01:00:00,6,0,1.0354607150420604e-10
2025-11-30 02:00:00,6,0,1.0719934100796441e-10
2025-11-30 03:00:00,6,0,1.2730803706830415e-10
2025-11-30 04:00:00,6,0,1.3158929987815244e-10
2025-11-30 05:00:00,6,0,1.4259271148698293e-10
2025-11-30 06:00:00,6,0,1.4879153868720051e-10
2025-11-30 07:00:00,6,0,1.7187982061658907e-10
2025-11-30 08:00:00,6,0,2.1036616017486433e-10
2025-11-30 09:00:00,6,0,4.688233666676378e-09
2025-11-30 10:00:00,6,0,8.748954247605631e-07
2025-11-30 11:00:00,6,0,9.870500766344644e-05
2025-11-30 12:00:00,6,0,0.003440144772333037
2025-11-30 13:00:00,6,0,0.0175156717860991
2025-11-30 14:00:00,6,0,0.008839098383457589
2025-11-30 15:00:00,6,0,0.0005388019328310856
2025-11-30 16:00:00,6,0,5.0910753441762106e-06
2025-11-30 17:00:00,6,0,2.4162641261605475e-08
2025-11-30 18:00:00,6,0,2.5295941186925234e-10
2025-11-30 19:00:00,6,0,1.1267182291935751e-10
2025-11-30 20:00:00,6,0,1.0796949037056095e-10
2025-11-30 21:00:00,6,0,1.0961942461903152e-10
2025-11-30 22:00:00,6,0,1.0994459376758971e-10
2025-11-30 23:00:00,6,0,1.0745384461141794e-10
2025-12-01 00:00:00,6,0,1.1343101286823194e-10
2025-12-01 01:00:00,6,0,1.2344786394735324e-10
2025-12-01 02:00:00,6,0,1.3346801009551362e-10
2025-12-01 03:00:00,6,0,1.4325186617814963e-10
2025-12-01 04:00:00,6,0,1.580220596351242e-10
2025-12-01 05:00:00,6,0,1.7185574795528426e-10
2025-12-01 06:00:00,6,0,1.6863946600322535e-10
2025-12-01 07:00:00,6,0,1.9270800930014903e-10
2025-12-01 08:00:00,6,0,1.7479223082803176e-10
2025-12-01 09:00:00,6,0,5.362158856638109e-09
2025-12-01 10:00:00,6,0,1.2309143293255964e-06
2025-12-01 11:00:00,6,0,0.0002476242313315403
2025-12-01 12:00:00,6,0,0.006366253684132935
2025-12-01 13:00:00,6,0,0.05264230588665518
2025-12-01 14:00:00,6,0,0.028157763111116074
2025-12-01 15:00:00,6,0,0.0012523883518030313
2025-12-01 16:00:00,6,0,8.49589962283722e-06
2025-12-01 17:00:00,6,0,3.935056512912815e-08
2025-12-01 18:00:00,6,0,2.9947552705118257e-10
2025-12-01 19:00:00,6,0,1.314485252433787e-10
2025-12-01 20:00:00,6,0,1.2549238410947464e-10
2025-12-01 21:00:00,6,0,1.0292906358122843e-10
2025-12-01 22:00:00,6,0,9.95699873010552e-11
2025-12-01 23:00:00,6,0,1.0310807765514265e-10
2025-12-02 00:00:00,6,0,1.1125240619927407e-10
2025-12-02 01:00:00,6,0,1.1977193674778422e-10
2025-12-02 02:00:00,6,0,1.258032710833241e-10
2025-12-02 03:00:00,6,0,1.4358137852369556e-10
2025-12-02 04:00:00,6,0,1.3704862126129323e-10
2025-12-02 05:00:00,6,0,1.7287471841017916e-10
2025-12-02 06:00:00,6,0,1.5779029744385919e-10
2025-12-02 07:00:00,6,0,1.9455248464906125e-10
2025-12-02 08:00:00,6,0,2.224781393060055e-10
2025-12-02 09:00:00,6,0,2.5076559587924427e-09
2025-12-02 10:00:00,6,0,2.4025178044699527e-07
2025-12-02 11:00:00,6,0,1.3816539952950525e-05
2025-12-02 12:00:00,6,0,7.21194381365068e-05
2025-12-02 13:00:00,6,0,3.4575856736145115e-05
2025-12-02 14:00:00,6,0,2.046011817625608e-05
2025-12-02 15:00:00,6,0,1.1891437592289882e-06
2025-12-02 16:00:00,6,0,3.5182156080937837e-08
2025-12-02 17:00:00,6,0,1.6337950344528347e-09
2025-12-02 18:00:00,6,0,1.4023831637673213e-10
2025-12-02 19:00:00,6,0,9.144658531998686e-11
2025-12-02 20:00:00,6,0,8.698804136116617e-11
2025-12-02 21:00:00,6,0,8.426333424691217e-11
2025-12-02 22:00:00,6,0,8.330031205982643e-11
2025-12-02 23:00:00,6,0,8.563901833949654e-11
2025-12-03 00:00:00,6,0,8.626800999518954e-11
2025-12-03 01:00:00,6,0,9.055357877457864e-11
2025-12-03 02:00:00,6,0,9.825820311317593e-11
2025-12-03 03:00:00,6,0,1.0394738021325629e-10
2025-12-03 04:00:00,6,0,1.1633472036467362e-10
2025-12-03 05:00:00,6,0,1.3356712889391122e-10
2025-12-03 06:00:00,6,0,1.3154277788443083e-10
2025-12-03 07:00:00,6,0,1.4341684904982335e-10
2025-12-03 08:00:00,6,0,1.9235199220865334e-10
2025-12-03 09:00:00,6,0,3.6795889890578983e-09
2025-12-03 10:00:00,6,0,4.909734676218348e-07
2025-12-03 11:00:00,6,0,3.356566714140117e-05
2025-12-03 12:00:00,6,0,0.00048498489573528774
2025-12-03 13:00:00,6,0,0.0021812106104715555
2025-12-03 14:00:00,6,0,0.0009776029935886416
2025-12-03 15:00:00,6,0,4.1495671740088306e-05
2025-12-03 16:00:00,6,0,6.823172799112465e-07
2025-12-03 17:00:00,6,0,9.084278598055725e-09
2025-12-03 18:00:00,6,0,2.102972806056313e-10
