tree
version=v4
num_class=1
num_tree_per_iteration=1
label_index=0
max_feature_idx=7
objective=binary sigmoid:1
feature_names=base_margin nwp_minus_base nwp_cloud margin_cloud hour_sin hour_cos month_sin month_cos
feature_infos=[-6:3.7585326217896089] [-2.3377538110635148:1.5348695586576695] [0:1] [-6:3.1027006353176922] [-1:1] [-1:1] [-1:1] [-1:1]
tree_sizes=668 788 790 792 790 793 790 791 793 793 793 686 686 685 682 684 686 790 685 785 784 793 787 790 791 790 789 787 794 789 788 794 789 791 892 891 784 790 784 891 890 891 785 792 791 792 789 786 893 887 892 893 887 892 894 894 891 786 789 786 878 877 877 874 875 877 878 891 880 875 880 874 876 785 875 876 875 877 893 783 880 788 896 876 785 895 786 786 784 879 784 785 786 896 786 790 790 789 892 790 792 886 673 578 674 579 577 579 578 670 580 671 580 690 689 689 685 684 782 691 687 785 689 691 780 690 686 779 780 793 795 897 795 789 793 778 795 877 681 789 795 793 885 898 681 793 782 793 883 794

Tree=0
num_leaves=5
num_cat=0
split_feature=0 0 0 0
split_gain=10694.2 125.508 11.3169 8.89328
threshold=1.0000000180025095e-35 -0.38304023021985295 -0.1483498308921963 -1.0648702890112995
decision_type=2 2 2 2
left_child=1 3 -3 -1
right_child=-2 2 -4 -5
leaf_value=-1.6422747023996283 -1.4433827481530801 -1.6065548416312874 -1.5773893545487858 -1.6254023960228099
leaf_weight=1346.2427414953709 289.56394264101982 21.567713171243668 17.115024000406265 64.703139513731003
leaf_count=9675 2081 155 123 465
internal_value=-1.60666 -1.64017 -1.59029 -1.64164
internal_weight=1739.19 1449.63 38.6827 1410.95
internal_count=12499 10418 278 10140
is_linear=0
shrinkage=1


Tree=1
num_leaves=6
num_cat=0
split_feature=0 0 0 0 0
split_gain=9288.87 93.7742 14.0989 8.98962 5.61955
threshold=-0.035987374422098803 -0.38304023021985295 0.1311860279317256 -1.0648702890112995 -0.20056540207013537
decision_type=2 2 2 2 2
left_child=1 3 -2 -1 -3
right_child=2 4 -4 -5 -6
leaf_value=-0.035399929086037209 0.057290231561957811 -0.00078850716443250193 0.14526090467423663 -0.018461190040188959 0.020615266277292078
leaf_weight=1314.4578605890274 19.40023410320282 17.255336463451385 306.43819789588451 63.89736145734787 17.507547974586487
leaf_count=9675 128 124 1983 465 124
internal_value=-3.08287e-05 -0.033521 0.141885 -0.0347533 0.0121883
internal_weight=1738.96 1413.12 325.838 1378.36 34.7629
internal_count=12499 10388 2111 10140 248
is_linear=0
shrinkage=0.03


Tree=2
num_leaves=6
num_cat=0
split_feature=0 0 0 0 0
split_gain=8234.88 74.344 46.2564 3.10457 1.76934
threshold=-0.09961953567974545 0.054876220197713231 -0.56338881240095684 -0.33644101713420804 -1.0648702890112995
decision_type=2 2 2 2 2
left_child=2 -2 4 -4 -1
right_child=1 -3 3 -5 -6
leaf_value=-0.035189720054675015 0.0414005210742147 0.12887740968340949 -0.0089173115850650735 0.0045397081867938806 -0.019308214864220016
leaf_weight=1283.1732451915741 21.173656538128853 341.93491615355015 21.140285640954971 21.765573754906654 46.278970092535019
leaf_count=9675 141 2032 155 155 341
internal_value=-4.55272e-05 0.125023 -0.033802 -0.00252299 -0.0347852
internal_weight=1735.47 363.109 1372.36 42.9059 1329.45
internal_count=12499 2173 10326 310 10016
is_linear=0
shrinkage=0.03


Tree=3
num_leaves=6
num_cat=0
split_feature=0 0 0 0 0
split_gain=7397.57 52.3483 45.7202 2.9881 1.88791
threshold=-0.09961953567974545 0.054876220197713231 -0.56338881240095684 -0.33644101713420804 -1.0648702890112995
decision_type=2 2 2 2 2
left_child=2 -2 4 -4 -1
right_child=1 -3 3 -5 -6
leaf_value=-0.034987365495434568 0.039837670157014664 0.11666485626522706 -0.0087719986128808707 0.0044371099411043861 -0.019038830351576098
leaf_weight=1252.3997079581022 21.727854266762733 367.02728283405304 21.013367339968681 21.831015303730965 45.676440179347992
leaf_count=9675 141 2032 155 155 341
internal_value=-6.26946e-05 0.113478 -0.0335763 -0.00247541 -0.034576
internal_weight=1729.68 388.755 1340.92 42.8444 1298.08
internal_count=12499 2173 10326 310 10016
is_linear=0
shrinkage=0.03


Tree=4
num_leaves=6
num_cat=0
split_feature=0 0 0 0 0
split_gain=6711.29 45.2046 37.8422 2.87602 2.00916
threshold=-0.09961953567974545 -0.56338881240095684 0.054876220197713231 -0.33644101713420804 -1.0648702890112995
decision_type=2 2 2 2 2
left_child=1 4 -2 -3 -1
right_child=2 3 -4 -5 -6
leaf_value=-0.034792462879380558 0.038361243098599659 -0.0086288730280436841 0.1068392091604948 0.004336956439426728 -0.018772502946827748
leaf_weight=1222.1463315188885 22.263714581727982 20.88882015645504 389.31114250421524 21.895046100020409 45.085587084293365
leaf_count=9675 141 155 2032 155 341
internal_value=-7.61989e-05 -0.033357 0.104133 -0.00242893 -0.0343739
internal_weight=1721.59 1310.02 411.575 42.7839 1267.23
internal_count=12499 10326 2173 310 10016
is_linear=0
shrinkage=0.03


Tree=5
num_leaves=6
num_cat=0
split_feature=0 0 0 0 0
split_gain=6136.78 44.7083 28.0015 2.76815 2.13273
threshold=-0.09961953567974545 -0.56338881240095684 0.054876220197713231 -0.33644101713420804 -1.0648702890112995
decision_type=2 2 2 2 2
left_child=1 4 -2 -3 -1
right_child=2 3 -4 -5 -6
leaf_value=-0.03460462742175939 0.036964747825893998 -0.0084879073424177949 0.098757559966483291 0.0042391876029665371 -0.018509170924753061
leaf_weight=1192.4203243106604 22.781408667564392 20.766606673598289 409.03074212372303 21.957694321870804 44.50630410015583
leaf_count=9675 141 155 2032 155 341
internal_value=-8.69221e-05 -0.0331437 0.096408 -0.00238352 -0.0341786
internal_weight=1711.46 1279.65 431.812 42.7243 1236.93
internal_count=12499 10326 2173 310 10016
is_linear=0
shrinkage=0.03


Tree=6
num_leaves=6
num_cat=0
split_feature=0 0 0 0 0
split_gain=5647.52 44.23 24.1528 2.66434 2.2583
threshold=-0.09961953567974545 -0.56338881240095684 0.20684308214839067 -0.33644101713420804 -1.0648702890112995
decision_type=2 2 2 2 2
left_child=1 4 -2 -3 -1
right_child=2 3 -4 -5 -6
leaf_value=-0.034423491333626446 0.047122759335218811 -0.0083490749280063295 0.093250802693265578 0.0041437361527749562 -0.018248775065087153
leaf_weight=1163.227741420269 43.492097467184067 20.646683931350708 406.19116958975792 22.018991380929947 43.93847943842411
leaf_count=9675 239 155 1934 155 341
internal_value=-9.54911e-05 -0.0329362 0.0899116 -0.00233916 -0.0339895
internal_weight=1699.52 1249.83 449.683 42.6657 1207.17
internal_count=12499 10326 2173 310 10016
is_linear=0
shrinkage=0.03


Tree=7
num_leaves=6
num_cat=0
split_feature=0 0 0 0 0
split_gain=5225.76 43.7685 18.7454 2.56444 2.3856
threshold=-0.09961953567974545 -0.56338881240095684 0.20684308214839067 -0.33644101713420804 -1.0648702890112995
decision_type=2 2 2 2 2
left_child=1 4 -2 -3 -1
right_child=2 3 -4 -5 -6
leaf_value=-0.03424871829892269 0.045091828582367356 -0.0082123447991819115 0.087393723589421934 0.0040505456870506057 -0.017991254674200392
leaf_weight=1134.5728358253837 44.521678566932678 20.529013127088547 420.84442871809006 22.078963607549667 43.381986066699028
leaf_count=9675 239 155 1934 155 341
internal_value=-0.000100097 -0.0327341 0.0843804 -0.0022958 -0.0338065
internal_weight=1685.93 1220.56 465.366 42.608 1177.95
internal_count=12499 10326 2173 310 10016
is_linear=0
shrinkage=0.03


Tree=8
num_leaves=6
num_cat=0
split_feature=0 0 0 0 0
split_gain=4856.97 43.3228 16.5816 2.51436 2.46829
threshold=-0.09961953567974545 -0.56338881240095684 0.054876220197713231 -1.0648702890112995 -0.33644101713420804
decision_type=2 2 2 2 2
left_child=1 3 -2 -1 -3
right_child=2 4 -4 -5 -6
leaf_value=-0.034079985455780226 0.032440473090921233 -0.0080776894581428508 0.081394183090531633 -0.017736561703872663 0.003959555985473517
leaf_weight=1106.4587792381644 24.527410879731178 20.413557305932045 454.53347270190716 42.836691871285439 22.137640103697777
leaf_count=9675 141 155 2032 341 155
internal_value=-0.000103547 -0.032537 0.0796024 -0.0336291 -0.00225343
internal_weight=1670.91 1191.85 479.061 1149.3 42.5512
internal_count=12499 10326 2173 10016 310
is_linear=0
shrinkage=0.03


Tree=9
num_leaves=6
num_cat=0
split_feature=0 0 0 0 1
split_gain=4532.17 30.9075 27.193 2.64431 1.74137
threshold=-0.1483498308921963 -0.56338881240095684 0.054876220197713231 -1.0648702890112995 -0.27032331769972778
decision_type=2 2 2 2 2
left_child=1 3 -2 -1 -3
right_child=2 4 -4 -5 -6
leaf_value=-0.033916996991360672 0.030375045105719364 0.0027041309610827736 0.07707454204639809 -0.017484653417829892 -0.0084207234347668507
leaf_weight=1078.8873016834259 29.508384004235268 14.072509452700613 465.98372857272625 42.302457116544247 23.878575935959816
leaf_count=9675 172 103 2032 341 176
internal_value=-0.000108233 -0.0325593 0.0749493 -0.0334571 -0.00459191
internal_weight=1654.63 1159.14 495.492 1121.19 37.9511
internal_count=12499 10295 2204 10016 279
is_linear=0
shrinkage=0.03


Tree=10
num_leaves=6
num_cat=0
split_feature=0 0 0 0 1
split_gain=4242.08 30.6826 25.581 2.77526 1.67997
threshold=-0.1483498308921963 -0.56338881240095684 0.20684308214839067 -1.0648702890112995 -0.27032331769972778
decision_type=2 2 2 2 2
left_child=1 3 -2 -1 -3
right_child=2 4 -4 -5 -6
leaf_value=-0.033759457135238383 0.037779313548557424 0.0026538414885081919 0.074247500968114472 -0.017235480306886573 -0.008276308139233397
leaf_weight=1051.8593402579427 52.148259282112122 14.098108947277067 453.61543333530426 41.779142066836357 23.742945149540901
leaf_count=9675 270 103 1934 341 176
internal_value=-0.000112516 -0.0323751 0.0712927 -0.0332901 -0.00450062
internal_weight=1637.24 1131.48 505.764 1093.64 37.8411
internal_count=12499 10295 2204 10016 279
is_linear=0
shrinkage=0.03


Tree=11
num_leaves=5
num_cat=0
split_feature=0 0 0 0
split_gain=3982.08 30.5027 23.1762 4.62877
threshold=-0.1483498308921963 -1.0648702890112995 0.20684308214839067 -0.38304023021985295
decision_type=2 2 2 2
left_child=1 -1 -2 -3
right_child=2 3 -4 -5
leaf_value=-0.033607097603205557 0.036313020103524656 -0.016034600567703138 0.070849152018423511 -6.5664039363575103e-05
leaf_weight=1025.3746066242456 53.016554266214371 57.319895513355732 461.46583101153374 21.679898723959923
leaf_count=9675 270 465 1934 155
internal_value=-0.000114306 -0.0321952 0.0680505 -0.012152
internal_weight=1618.86 1104.37 514.482 78.9998
internal_count=12499 10295 2204 620
is_linear=0
shrinkage=0.03


Tree=12
num_leaves=5
num_cat=0
split_feature=0 0 0 0
split_gain=3747.02 30.5479 22.0478 4.47251
threshold=-0.1483498308921963 -1.0648702890112995 0.054876220197713231 -0.38304023021985295
decision_type=2 2 2 2
left_child=1 -1 -2 -3
right_child=2 3 -4 -5
leaf_value=-0.033459665861793372 0.026812863017120058 -0.015780203566514051 0.067005039648295184 -6.4317946851170306e-05
leaf_weight=999.43187534809113 31.208549335598946 56.66780661046505 490.56322625279427 21.678954720497131
leaf_count=9675 172 465 2032 155
internal_value=-0.000114407 -0.0320188 0.0651505 -0.011931
internal_weight=1599.55 1077.78 521.772 78.3468
internal_count=12499 10295 2204 620
is_linear=0
shrinkage=0.03


Tree=13
num_leaves=5
num_cat=0
split_feature=0 0 0 0
split_gain=3533.01 30.5973 21.249 4.32092
threshold=-0.1483498308921963 -1.0648702890112995 0.20684308214839067 -0.38304023021985295
decision_type=2 2 2 2
left_child=1 -1 -2 -3
right_child=2 3 -4 -5
leaf_value=-0.033316916186113057 0.033385932428595645 -0.015528663970123251 0.065142873420378278 -6.2999183963917245e-05
leaf_weight=974.02920015156269 54.666371762752533 56.029878929257393 473.0782984495163 21.678029656410217
leaf_count=9675 270 465 1934 155
internal_value=-0.000115833 -0.0318461 0.0625354 -0.0117133
internal_weight=1579.48 1051.74 527.745 77.7079
internal_count=12499 10295 2204 620
is_linear=0
shrinkage=0.03


Tree=14
num_leaves=5
num_cat=0
split_feature=0 0 0 0
split_gain=3337.86 30.65 20.1514 4.17387
threshold=-0.1483498308921963 -1.0648702890112995 0.20684308214839067 -0.38304023021985295
decision_type=2 2 2 2
left_child=1 -1 -2 -3
right_child=2 3 -4 -5
leaf_value=-0.033178618520384513 0.032176996841737554 -0.015279959507142461 0.062695021124962252 -6.1707712399164586e-05
leaf_weight=949.16384182870388 55.383178517222404 55.40588041394949 477.12749037146568 21.67712390422821
leaf_count=9675 270 465 1934 155
internal_value=-0.000115239 -0.0316769 0.0601726 -0.0114988
internal_weight=1558.76 1026.25 532.511 77.083
internal_count=12499 10295 2204 620
is_linear=0
shrinkage=0.03


Tree=15
num_leaves=5
num_cat=0
split_feature=0 0 0 0
split_gain=3158.78 30.7056 19.7827 4.03126
threshold=-0.1483498308921963 -1.0648702890112995 0.054876220197713231 -0.38304023021985295
decision_type=2 2 2 2
left_child=1 -1 -2 -3
right_child=2 3 -4 -5
leaf_value=-0.033044554357320288 0.023810733159362111 -0.015034067263939504 0.059736950011036967 -6.0442183270823507e-05
leaf_weight=924.83234032988548 32.685681834816933 54.795584715902805 503.4809223562479 21.67623682320118
leaf_count=9675 172 465 2032 155
internal_value=-0.000114388 -0.031511 0.0580229 -0.0112876
internal_weight=1537.47 1001.3 536.167 76.4718
internal_count=12499 10295 2204 620
is_linear=0
shrinkage=0.03


Tree=16
num_leaves=5
num_cat=0
split_feature=0 0 0 0
split_gain=2993.49 30.7633 19.615 3.89296
threshold=-0.1483498308921963 -1.0648702890112995 0.20684308214839067 -0.38304023021985295
decision_type=2 2 2 2
left_child=1 -1 -2 -3
right_child=2 3 -4 -5
leaf_value=-0.032914513901226926 0.029745367668738493 -0.014790969321484125 0.058481044866590295 -5.9202800361012911e-05
leaf_weight=901.03065893054008 56.713533475995064 54.198760472238064 482.08781892061234 21.675367459654808
leaf_count=9675 270 465 1934 155
internal_value=-0.000114924 -0.0313481 0.0560535 -0.0110794
internal_weight=1515.71 976.905 538.801 75.8741
internal_count=12499 10295 2204 620
is_linear=0
shrinkage=0.03


Tree=17
num_leaves=6
num_cat=0
split_feature=0 0 0 0 0
split_gain=2840.95 30.8228 19.2741 3.75886 3.29509
threshold=-0.1483498308921963 -1.0648702890112995 0.47077935293893408 -0.38304023021985295 1.0000000180025095e-35
decision_type=2 2 2 2 2
left_child=1 -1 4 -3 -2
right_child=2 3 -4 -5 -6
leaf_value=-0.032788303691915002 0.014188702564012511 -0.014550648498854324 0.057618004423481924 -5.798935511030322e-05 0.038275670827571599
leaf_weight=877.75404006242752 23.264064788818359 53.615170322358608 446.47410340607166 21.674516409635544 70.765872731804848
leaf_count=9675 123 465 1787 155 294
internal_value=-0.000113704 -0.031188 0.0542493 -0.0108745 0.034253
internal_weight=1493.55 953.044 540.504 75.2897 94.0299
internal_count=12499 10295 2204 620 417
is_linear=0
shrinkage=0.03


Tree=18
num_leaves=5
num_cat=0
split_feature=0 0 0 0
split_gain=2700.6 30.8835 18.5693 3.62885
threshold=-0.1483498308921963 -1.0648702890112995 0.20684308214839067 -0.38304023021985295
decision_type=2 2 2 2
left_child=1 -1 -2 -3
right_child=2 3 -4 -5
leaf_value=-0.032665730575839429 0.027806309131559424 -0.014313088523809964 0.054948527339557116 -5.6800485405045428e-05
leaf_weight=854.9975099042058 57.766899302601814 53.044581979513168 483.49182079732418 21.673682153224945
leaf_count=9675 270 465 1934 155
internal_value=-0.000107322 -0.0310306 0.0526087 -0.0106726
internal_weight=1470.97 929.716 541.259 74.7183
internal_count=12499 10295 2204 620
is_linear=0
shrinkage=0.03


Tree=19
num_leaves=6
num_cat=0
split_feature=0 0 0 0 0
split_gain=2568.86 30.9449 18.7584 3.50283 3.39325
threshold=-0.1483498308921963 -1.0648702890112995 0.47077935293893408 -0.38304023021985295 1.0000000180025095e-35
decision_type=2 2 2 2 2
left_child=1 -1 4 -3 -2
right_child=2 3 -4 -5 -6
leaf_value=-0.032546617632732873 0.013111407630349894 -0.014078270798588883 0.05433350375927163 -5.5636433683491328e-05 0.035931952431184355
leaf_weight=832.7553017064929 23.73893141746521 52.486760318279266 446.3090341091156 21.672865450382233 71.281722739338875
leaf_count=9675 123 465 1787 155 294
internal_value=-0.00010592 -0.0308756 0.051069 -0.0104738 0.032022
internal_weight=1448.24 906.915 541.33 74.1596 95.0207
internal_count=12499 10295 2204 620 417
is_linear=0
shrinkage=0.03


Tree=20
num_leaves=6
num_cat=0
split_feature=0 0 0 2 0
split_gain=2446.98 31.0065 18.1605 3.47567 3.3807
threshold=-0.1483498308921963 -1.0648702890112995 0.47077935293893408 0.49500000000000005 -0.38304023021985295
decision_type=2 2 2 2 2
left_child=1 -1 3 -2 -3
right_child=2 4 -4 -5 -6
leaf_value=-0.032430794679878631 0.034806179988909079 -0.013846186695402879 0.052867181818425445 0.012222195699064006 -5.44953286258928e-05
leaf_weight=811.02150455117226 72.64588575065136 51.941465817391872 445.21969391405582 22.732706934213638 21.672065109014511
leaf_count=9675 317 465 1787 100 155
internal_value=-9.9582e-05 -0.0307229 0.0496602 0.0310941 -0.010278
internal_weight=1425.23 884.635 540.598 95.3786 73.6135
internal_count=12499 10295 2204 417 620
is_linear=0
shrinkage=0.03


Tree=21
num_leaves=6
num_cat=0
split_feature=0 0 0 0 0
split_gain=2332.52 31.068 18.3823 3.26235 0.417852
threshold=-0.1483498308921963 -1.0648702890112995 0.20684308214839067 -0.38304023021985295 1.0000000180025095e-35
decision_type=2 2 2 2 2
left_child=1 -1 4 -3 -2
right_child=2 3 -4 -5 -6
leaf_value=-0.032318096181787534 0.012052033183155004 -0.013616822430675331 0.050626888411212011 -5.3377878351855788e-05 0.029453422634278231
leaf_weight=789.78970292955637 24.205236375331879 51.408466890454292 480.17552760243416 21.671281799674034 34.994502902030945
leaf_count=9675 123 465 1934 155 147
internal_value=-9.34773e-05 -0.0305722 0.0483341 -0.0100852 0.0251083
internal_weight=1402.24 862.869 539.375 73.0797 59.1997
internal_count=12499 10295 2204 620 270
is_linear=0
shrinkage=0.03


Tree=22
num_leaves=6
num_cat=0
split_feature=0 0 0 2 0
split_gain=2225.52 31.1288 18.0988 3.45464 3.15693
threshold=-0.1483498308921963 -1.0648702890112995 0.47077935293893408 0.49500000000000005 -0.33644101713420804
decision_type=2 2 2 2 2
left_child=1 -1 3 -2 -3
right_child=2 4 -4 -5 -6
leaf_value=-0.03220836465898988 0.032781907350968149 -0.012951002148486266 0.050269243494555506 0.011259687121726366 0.00090372698660584074
leaf_weight=769.05326507985592 73.191675797104836 55.002869822084904 441.35458527505398 22.835385173559189 17.555169180035591
leaf_count=9675 317 496 1787 100 124
internal_value=-8.8431e-05 -0.0304235 0.0471082 0.0292086 -0.00989546
internal_weight=1378.99 841.611 537.382 96.0271 72.558
internal_count=12499 10295 2204 417 620
is_linear=0
shrinkage=0.03


Tree=23
num_leaves=6
num_cat=0
split_feature=0 0 0 0 0
split_gain=2124.69 31.2 18.302 3.06086 0.780191
threshold=-0.1483498308921963 -1.0648702890112995 0.20684308214839067 -0.38304023021985295 1.0000000180025095e-35
decision_type=2 2 2 2 2
left_child=1 -1 4 -3 -2
right_child=2 3 -4 -5 -6
leaf_value=-0.032101450464541555 0.011075620579203039 -0.013173570701034743 0.048228125310461591 -1.7067700496568094e-05 0.027903144863471292
leaf_weight=748.80527090281248 24.632811009883881 50.39505498111248 475.07480239868164 21.644534781575203 35.329570308327675
leaf_count=9675 123 465 1934 155 147
internal_value=-8.21759e-05 -0.0302763 0.0459467 -0.00970457 0.0235615
internal_weight=1355.88 820.845 535.037 72.0396 59.9624
internal_count=12499 10295 2204 620 270
is_linear=0
shrinkage=0.03


Tree=24
num_leaves=6
num_cat=0
split_feature=0 0 0 0 2
split_gain=2030.08 31.2586 23.6065 2.9524 2.17246
threshold=-0.1483498308921963 -1.0648702890112995 1.0000000180025095e-35 -0.38304023021985295 0.58500000000000008
decision_type=2 2 2 2 2
left_child=1 -1 -2 -3 -4
right_child=2 3 4 -5 -6
leaf_value=-0.031997214241884855 0.010801268273330288 -0.012952211276670272 0.047931344723798522 -1.6717570880242069e-05 0.028119284693254774
leaf_weight=729.03836779296398 24.752879843115807 49.897149905562401 450.21219250559807 21.644289955496788 57.064566507935524
leaf_count=9675 123 465 1847 155 234
internal_value=-7.72574e-05 -0.0301309 0.044868 -0.00952068 0.0462893
internal_weight=1332.61 800.58 532.03 71.5414 507.277
internal_count=12499 10295 2204 620 2081
is_linear=0
shrinkage=0.03


Tree=25
num_leaves=6
num_cat=0
split_feature=0 0 0 0 2
split_gain=1940.54 31.3155 22.7483 2.8557 1.99306
threshold=-0.1483498308921963 -1.0648702890112995 1.0000000180025095e-35 -0.33644101713420804 0.58500000000000008
decision_type=2 2 2 2 2
left_child=1 -1 -2 -3 -4
right_child=2 3 4 -5 -6
leaf_value=-0.031895512914957007 0.010534619302176518 -0.012308646948616013 0.046852606515229281 0.0008867719834283912 0.027487025846640284
leaf_weight=709.74527522921562 24.869358062744141 53.489435628056526 447.03830717504025 17.565227374434471 56.858976483345032
leaf_count=9675 123 496 1847 124 234
internal_value=-7.21024e-05 -0.0299869 0.0438381 -0.00933968 0.0452448
internal_weight=1309.57 780.8 528.767 71.0547 503.897
internal_count=12499 10295 2204 620 2081
is_linear=0
shrinkage=0.03


Tree=26
num_leaves=6
num_cat=0
split_feature=0 0 0 0 2
split_gain=1856 31.3814 21.9708 2.76763 1.86688
threshold=-0.1483498308921963 -1.0648702890112995 1.0000000180025095e-35 -0.38304023021985295 0.58500000000000008
decision_type=2 2 2 2 2
left_child=1 -1 -2 -3 -4
right_child=2 3 4 -5 -6
leaf_value=-0.031796223383205875 0.010275405164352481 -0.012524742124120887 0.045839331549198316 1.6262096063440061e-05 0.026875881495840956
leaf_weight=690.91828018426895 24.982356458902359 48.951028250157833 443.4868520796299 21.619817033410072 56.638098075985909
leaf_count=9675 123 465 1847 155 234
internal_value=-6.66643e-05 -0.0298441 0.0428661 -0.00915756 0.0442607
internal_weight=1286.6 761.489 525.107 70.5708 500.125
internal_count=12499 10295 2204 620 2081
is_linear=0
shrinkage=0.03


Tree=27
num_leaves=6
num_cat=0
split_feature=0 0 0 2 0
split_gain=1776.09 31.434 21.3722 3.60413 2.6684
threshold=-0.1483498308921963 -1.0648702890112995 0.47077935293893408 0.49500000000000005 -0.38304023021985295
decision_type=2 2 2 2 2
left_child=1 -1 3 -2 -3
right_child=2 4 -4 -5 -6
leaf_value=-0.03169920668707342 0.027929068792247522 -0.012311301246940859 0.04523961690488696 0.0086752517198180282 1.5927703957597552e-05
leaf_weight=672.54981379956007 73.599430277943611 48.486173085868359 424.49243374168873 23.000399634242058 21.620050936937332
leaf_count=9675 317 465 1787 100 155
internal_value=-6.15605e-05 -0.0297026 0.0419464 0.0245886 -0.00898229
internal_weight=1263.75 742.656 521.092 96.5998 70.1062
internal_count=12499 10295 2204 417 620
is_linear=0
shrinkage=0.03


Tree=28
num_leaves=6
num_cat=0
split_feature=0 0 0 0 0
split_gain=1700.46 31.4841 21.5801 2.62303 2.58011
threshold=-0.1483498308921963 -1.0648702890112995 1.0000000180025095e-35 0.47077935293893408 -0.33644101713420804
decision_type=2 2 2 2 2
left_child=1 -1 -2 -4 -3
right_child=2 4 3 -5 -6
leaf_value=-0.031604357461885974 0.0094662595651627789 -0.011690157420000536 0.027259002199409948 0.044376544862735512 0.00086886375877964414
leaf_weight=654.63180262595415 25.331417009234428 52.076435968279839 71.403556123375893 420.0277224034071 17.575854256749153
leaf_count=9675 123 496 294 1787 124
internal_value=-5.62762e-05 -0.0295621 0.0410746 0.0424826 -0.00880984
internal_weight=1241.05 724.284 516.763 491.431 69.6523
internal_count=12499 10295 2204 2081 620
is_linear=0
shrinkage=0.03


Tree=29
num_leaves=6
num_cat=0
split_feature=0 0 0 2 0
split_gain=1629.05 31.5419 21.1789 3.52698 2.49924
threshold=-0.1483498308921963 -1.0648702890112995 0.47077935293893408 0.49500000000000005 -0.38304023021985295
decision_type=2 2 2 2 2
left_child=1 -1 3 -2 -3
right_child=2 4 -4 -5 -6
leaf_value=-0.031511544020222548 0.026567693805019381 -0.011899438910833612 0.043561792520120927 0.0080229000535970343 4.5817420765397248e-05
leaf_weight=637.15646155178547 73.667762011289597 47.603319488465786 415.30548550188541 23.034115627408028 21.597697421908379
leaf_count=9675 317 465 1787 100 155
internal_value=-5.04252e-05 -0.0294223 0.040258 0.0233163 -0.00863625
internal_weight=1218.36 706.357 512.007 96.7019 69.201
internal_count=12499 10295 2204 417 620
is_linear=0
shrinkage=0.03


Tree=30
num_leaves=6
num_cat=0
split_feature=0 0 0 0 2
split_gain=1561.2 38.1739 15.5017 3.43143 1.25196
threshold=-0.09961953567974545 -1.0648702890112995 0.47077935293893408 -0.33644101713420804 0.45500000000000007
decision_type=2 2 2 2 2
left_child=1 -1 4 -3 -2
right_child=2 3 -4 -5 -6
leaf_value=-0.031420662377036029 0.026980899284012583 -0.01128757636253652 0.042791158635250771 0.0015955976544423938 0.011126688775389406
leaf_weight=620.11564504355192 63.177163749933243 51.181448146700859 410.35615035891533 23.520361363887787 27.675681740045547
leaf_count=9675 268 496 1787 155 118
internal_value=-4.53043e-05 -0.0289944 0.0398685 -0.00752174 0.0237335
internal_weight=1196.03 694.817 501.209 74.7018 90.8528
internal_count=12499 10326 2173 651 386
is_linear=0
shrinkage=0.03


Tree=31
num_leaves=6
num_cat=0
split_feature=0 0 0 2 0
split_gain=1496.64 31.6261 21.281 4.05681 2.33292
threshold=-0.1483498308921963 -1.0648702890112995 1.0000000180025095e-35 0.58500000000000008 -0.38304023021985295
decision_type=2 2 2 2 2
left_child=1 -1 -2 -4 -3
right_child=2 4 3 -5 -6
leaf_value=-0.031331603052237485 0.0083074269236176126 -0.011497927287936026 0.041780390387819707 0.023162261455983421 6.1072022479652865e-05
leaf_weight=603.50124360993505 25.814171656966209 46.760451480746269 421.65281122922897 54.536345168948174 21.585423842072487
leaf_count=9675 123 465 1847 234 155
internal_value=-3.86212e-05 -0.0291454 0.0387243 0.0401684 -0.00830546
internal_weight=1173.85 671.847 502.003 476.189 68.3459
internal_count=12499 10295 2204 2081 620
is_linear=0
shrinkage=0.03


Tree=32
num_leaves=6
num_cat=0
split_feature=0 0 0 2 0
split_gain=1435.1 31.6633 22.1232 3.19829 2.2542
threshold=-0.1483498308921963 -1.0648702890112995 0.47077935293893408 0.49500000000000005 -0.56338881240095684
decision_type=2 2 2 2 2
left_child=1 -1 3 -2 -3
right_child=2 4 -4 -5 -6
leaf_value=-0.031244258666090836 0.024396972598265683 -0.012755024324422708 0.041406381032853837 0.0071561539934313053 -0.0018438352011971347
leaf_weight=587.30518380180001 73.519839391112328 33.308494657278061 400.15670904517174 23.064253464341164 34.623981095850468
leaf_count=9675 317 341 1787 100 279
internal_value=-3.41562e-05 -0.0290077 0.0380024 0.0213376 -0.00814398
internal_weight=1151.98 655.238 496.741 96.5841 67.9325
internal_count=12499 10295 2204 417 620
is_linear=0
shrinkage=0.03


Tree=33
num_leaves=6
num_cat=0
split_feature=0 0 0 0 7
split_gain=1376.9 37.9676 16.6919 3.03868 2.01178
threshold=-0.09961953567974545 -1.0648702890112995 0.47077935293893408 -0.33644101713420804 1.0000000180025095e-35
decision_type=2 2 2 2 2
left_child=1 -1 4 -3 -2
right_child=2 3 -4 -5 -6
leaf_value=-0.03115853288810835 0.024761624572494784 -0.010732500481195546 0.040745291041580763 0.0014345621604250661 0.0086176894317866806
leaf_weight=571.51928404346108 66.680492222309113 49.972967676818371 394.69467996060848 23.603183686733246 23.897352173924446
leaf_count=9675 284 496 1787 155 102
internal_value=-3.02436e-05 -0.028568 0.0377171 -0.00712469 0.0217826
internal_weight=1130.37 645.095 485.273 73.5762 90.5778
internal_count=12499 10326 2173 651 386
is_linear=0
shrinkage=0.03


Tree=34
num_leaves=7
num_cat=0
split_feature=0 0 0 1 0 2
split_gain=1321.28 27.074 26.6774 1.84768 1.61695 1.4205
threshold=-0.20056540207013537 -1.0648702890112995 0.20684308214839067 0.19458096958807006 -0.035987374422098803 0.58500000000000008
decision_type=2 2 2 2 2 2
left_child=1 -1 4 -3 -2 -4
right_child=2 3 5 -5 -6 -7
leaf_value=-0.031074323698324819 0.0056781099911157127 -0.010854381832278364 0.040695489841648211 0.00087702318795532524 0.018804679429427231 0.022596983305974237
leaf_weight=556.13536275923252 24.007900953292847 49.320637688040733 375.97828461229801 13.39376090466976 42.859147652983665 47.253159612417221
leaf_count=9675 124 463 1724 126 177 210
internal_value=-2.43278e-05 -0.0289666 0.0363697 -0.00857288 0.0154435 0.0392431
internal_weight=1108.95 618.85 490.098 62.7144 66.867 423.231
internal_count=12499 10264 2235 589 301 1934
is_linear=0
shrinkage=0.03


Tree=35
num_leaves=7
num_cat=0
split_feature=0 0 2 0 0 2
split_gain=1268.73 27.1572 36.337 26.3873 1.53528 1.45474
threshold=-0.20056540207013537 -1.0648702890112995 0.60500000000000009 0.20684308214839067 -0.035987374422098803 0.58500000000000008
decision_type=2 2 2 2 2 2
left_child=1 -1 -3 4 -2 -5
right_child=3 2 -4 5 -6 -7
leaf_value=-0.030991539070481217 0.005547952942672435 -0.020229389479494098 0.024125746948940287 0.040090930974687466 0.018335170534921414 0.022170088461894718
leaf_weight=541.14531045779586 24.067687585949898 48.479011923074722 13.844461463391779 370.43323892354965 42.893466547131538 46.915836364030838
leaf_count=9675 124 458 131 1724 177 210
internal_value=-1.45769e-05 -0.0288337 -0.00840293 0.035752 0.0150572 0.0386423
internal_weight=1087.78 603.469 62.3235 484.31 66.9612 417.349
internal_count=12499 10264 589 2235 301 1934
is_linear=0
shrinkage=0.03


Tree=36
num_leaves=6
num_cat=0
split_feature=0 0 2 0 7
split_gain=1218.42 27.3281 34.9835 26.5114 4.88814
threshold=-0.20056540207013537 -1.0648702890112995 0.60500000000000009 0.47077935293893408 0.25000000000000017
decision_type=2 2 2 2 2
left_child=1 -1 -3 4 -2
right_child=3 2 -4 -5 -6
leaf_value=-0.03091009154044062 0.021881889453010474 -0.019980413375249313 0.02345350803549125 0.03898509507545482 0.0041779708402400056
leaf_weight=526.54094556346536 77.174864053726196 47.746369630098343 14.096781529486178 377.97250290215015 23.272582024335861
leaf_count=9675 343 458 131 1787 105
internal_value=-1.36004e-06 -0.0286992 -0.00819344 0.0351577 0.0185297
internal_weight=1066.8 588.384 61.8432 478.42 100.447
internal_count=12499 10264 589 2235 448
is_linear=0
shrinkage=0.03


Tree=37
num_leaves=6
num_cat=0
split_feature=0 0 2 0 7
split_gain=1169.89 37.9122 30.962 17.5813 2.00406
threshold=-0.09961953567974545 -1.0648702890112995 0.60500000000000009 0.47077935293893408 1.0000000180025095e-35
decision_type=2 2 2 2 2
left_child=1 -1 -3 4 -2
right_child=3 2 -4 -5 -6
leaf_value=-0.030829886929082912 0.022470616873234549 -0.016874326441394558 0.021962492034092167 0.038433964502333044 0.0074150563282757917
leaf_weight=512.31423066928983 66.012957200407982 55.828240886330605 16.173541970551014 372.12275010347366 23.803652241826057
leaf_count=9675 284 509 142 1787 102
internal_value=6.00853e-06 -0.0279967 -0.00653609 0.0352698 0.0196231
internal_weight=1046.26 584.316 72.0018 461.939 89.8166
internal_count=12499 10326 651 2173 386
is_linear=0
shrinkage=0.03


Tree=38
num_leaves=6
num_cat=0
split_feature=0 0 2 0 7
split_gain=1124.05 27.5385 32.5188 26.2854 4.42737
threshold=-0.20056540207013537 -1.0648702890112995 0.60500000000000009 0.47077935293893408 0.25000000000000017
decision_type=2 2 2 2 2
left_child=1 -1 -3 4 -2
right_child=3 2 -4 -5 -6
leaf_value=-0.030750843803766494 0.020846166168778716 -0.019524053882233446 0.022198379133589234 0.0379057958193149 0.0039858042265792371
leaf_weight=498.45709232613444 77.011648803949356 46.429674185812473 14.579267323017119 366.2174136787653 23.265404120087624
leaf_count=9675 343 458 131 1787 105
internal_value=1.51245e-05 -0.028433 -0.00783163 0.0340136 0.0176505
internal_weight=1025.96 559.466 61.0089 466.494 100.277
internal_count=12499 10264 589 2235 448
is_linear=0
shrinkage=0.03


Tree=39
num_leaves=7
num_cat=0
split_feature=0 0 2 0 2 0
split_gain=1079.6 27.7203 36.8458 26.3695 3.13836 1.72595
threshold=-0.20056540207013537 -1.3891210033224275 0.60500000000000009 0.20684308214839067 0.58500000000000008 1.0000000180025095e-35
decision_type=2 2 2 2 2 2
left_child=1 -1 -3 5 -5 -2
right_child=3 2 -4 4 -6 -7
leaf_value=-0.03095788573591705 0.0055206720478286854 -0.021015911361937818 0.020564635206952637 0.038023454136695563 0.019780686328320019 0.017519777176243943
leaf_weight=472.53047395125031 31.344054415822029 54.814388412982225 18.176971007138491 348.3002742677927 44.789133846759796 36.086480349302292
leaf_count=9427 154 639 198 1724 210 147
internal_value=2.20906e-05 -0.0282992 -0.00943091 0.0334593 0.0364871 0.0133755
internal_weight=1006.04 545.522 72.9914 460.52 393.089 67.4305
internal_count=12499 10264 837 2235 1934 301
is_linear=0
shrinkage=0.03


Tree=40
num_leaves=7
num_cat=0
split_feature=0 0 0 2 0 1
split_gain=1037.92 37.6214 16.8408 3.16069 2.98578 1.85811
threshold=-0.33644101713420804 0.20684308214839067 -1.3891210033224275 0.58500000000000008 1.0000000180025095e-35 0.24876362576472336
decision_type=2 2 2 2 2 2
left_child=2 4 -1 -3 -2 -4
right_child=1 3 5 -5 -6 -7
leaf_value=-0.030888091961974062 0.0046247265387940458 0.037534851063660529 -0.013117472678654969 0.019416876118358493 0.017120757706177481 0.00087327084484312091
leaf_weight=459.60788346081972 44.047755733132362 342.46772180497646 51.20130842924118 44.451998323202133 36.053252041339874 8.537666477262972
leaf_count=9427 247 1724 637 210 147 107
internal_value=3.37468e-05 0.0321276 -0.0288883 0.035995 0.0115251 -0.0112795
internal_weight=986.368 467.021 519.347 386.92 80.101 59.739
internal_count=12499 2328 10171 1934 394 744
is_linear=0
shrinkage=0.03


Tree=41
num_leaves=7
num_cat=0
split_feature=0 0 0 2 0 1
split_gain=998.115 37.0849 16.9996 3.19101 2.86869 1.79793
threshold=-0.33644101713420804 0.20684308214839067 -1.3891210033224275 0.58500000000000008 1.0000000180025095e-35 0.24876362576472336
decision_type=2 2 2 2 2 2
left_child=2 4 -1 -3 -2 -4
right_child=1 3 5 -5 -6 -7
leaf_value=-0.03081943461720003 0.0045035539880768881 0.037065392163229446 -0.01290362382722607 0.019060590381789626 0.016732498604356067 0.00086092133141819763
leaf_weight=447.02502751722932 44.143496334552765 336.61645084619522 50.662322573363781 44.116460651159286 36.015736386179924 8.5436803661286813
leaf_count=9427 247 1724 637 210 147 107
internal_value=4.16638e-05 0.0316267 -0.0287702 0.0355203 0.0112445 -0.01108
internal_weight=967.123 460.892 506.231 380.733 80.1592 59.206
internal_count=12499 2328 10171 1934 394 744
is_linear=0
shrinkage=0.03


Tree=42
num_leaves=6
num_cat=0
split_feature=0 0 0 0 1
split_gain=959.985 36.8047 17.1538 5.96531 1.73941
threshold=-0.33644101713420804 0.47077935293893408 -1.3891210033224275 1.0000000180025095e-35 0.24876362576472336
decision_type=2 2 2 2 2
left_child=2 3 -1 -2 -4
right_child=1 -3 4 -5 -6
leaf_value=-0.030751844061732751 0.0043857428194451322 0.036051777639343717 -0.012692080533091196 0.019480604985385806 0.00084874630400502129
leaf_weight=434.7742503285408 44.236611276865005 342.90055349469185 50.1362309679389 67.614573404192924 8.549612343311308
leaf_count=9427 247 1787 637 294 107
internal_value=4.94678e-05 0.0311404 -0.028652 0.0143605 -0.010883
internal_weight=948.212 454.752 493.46 111.851 58.6858
internal_count=12499 2328 10171 541 744
is_linear=0
shrinkage=0.03


Tree=43
num_leaves=6
num_cat=0
split_feature=0 0 0 0 1
split_gain=923.149 36.4827 17.3033 5.71984 1.68252
threshold=-0.33644101713420804 0.47077935293893408 -1.3891210033224275 1.0000000180025095e-35 0.24876362576472336
decision_type=2 2 2 2 2
left_child=2 3 -1 -2 -4
right_child=1 -3 4 -5 -6
leaf_value=-0.030685244829817823 0.0042711870533854567 0.035613626251972959 -0.012482850792550494 0.019041870971338217 0.00083674234908941419
leaf_weight=422.84807169437408 44.327177286148071 336.91932700574398 49.622741140425205 67.331988275051117 8.5554633699357492
leaf_count=9427 247 1787 637 294 107
internal_value=5.19983e-05 0.0306592 -0.0285337 0.0140112 -0.0106887
internal_weight=929.605 448.578 481.026 111.659 58.1782
internal_count=12499 2328 10171 541 744
is_linear=0
shrinkage=0.03


Tree=44
num_leaves=6
num_cat=0
split_feature=0 0 0 0 1
split_gain=887.842 36.1711 17.448 5.48481 1.62723
threshold=-0.33644101713420804 0.47077935293893408 -1.3891210033224275 1.0000000180025095e-35 0.24876362576472336
decision_type=2 2 2 2 2
left_child=2 3 -1 -2 -4
right_child=1 -3 4 -5 -6
leaf_value=-0.030619573450865984 0.0041597883023668297 0.035190286842091807 -0.012275939790988209 0.018614289972434646 0.00082490818621069005
leaf_weight=411.23901141434908 44.415268093347549 330.95403122901917 49.121562741696835 67.046347305178642 8.5612343549728376
leaf_count=9427 247 1787 637 294 107
internal_value=5.44523e-05 0.0301908 -0.0284151 0.0136711 -0.0104969
internal_weight=911.337 442.416 468.922 111.462 57.6828
internal_count=12499 2328 10171 541 744
is_linear=0
shrinkage=0.03


Tree=45
num_leaves=6
num_cat=0
split_feature=0 0 0 0 1
split_gain=853.987 35.8679 17.5879 5.25967 1.57351
threshold=-0.33644101713420804 0.47077935293893408 -1.3891210033224275 1.0000000180025095e-35 0.24876362576472336
decision_type=2 2 2 2 2
left_child=2 3 -1 -2 -4
right_child=1 -3 4 -5 -6
leaf_value=-0.030554760066017862 0.0040514503500431055 0.034780729321373098 -0.012071352855277733 0.018197417601993667 0.00081324031800578296
leaf_weight=399.93976487964392 44.500956147909164 325.01340837776661 48.632410876452923 66.758280992507935 8.5669267140328866
leaf_count=9427 247 1787 637 294 107
internal_value=5.68255e-05 0.0297343 -0.0282962 0.0133401 -0.0103077
internal_weight=893.412 436.273 457.139 111.259 57.1993
internal_count=12499 2328 10171 541 744
is_linear=0
shrinkage=0.03


Tree=46
num_leaves=6
num_cat=0
split_feature=0 0 0 0 1
split_gain=821.512 35.5712 17.7227 5.04393 1.52132
threshold=-0.33644101713420804 0.47077935293893408 -1.3891210033224275 1.0000000180025095e-35 0.24876362576472336
decision_type=2 2 2 2 2
left_child=2 3 -1 -2 -4
right_child=1 -3 4 -5 -6
leaf_value=-0.030490741749858941 0.0039460797824761732 0.03438400051986621 -0.011869094707797524 0.017790837383507615 0.00080173691713320483
leaf_weight=388.94306259974837 44.584311246871948 319.10552109777927 48.155005916953087 66.468374028801918 8.5725412331521493
leaf_count=9427 247 1787 637 294 107
internal_value=5.91175e-05 0.029289 -0.028177 0.0130177 -0.0101211
internal_weight=875.829 430.158 445.671 111.053 56.7275
internal_count=12499 2328 10171 541 744
is_linear=0
shrinkage=0.03


Tree=47
num_leaves=6
num_cat=0
split_feature=0 0 0 2 0
split_gain=790.35 35.2791 17.8525 28.7065 4.83712
threshold=-0.33644101713420804 0.47077935293893408 -1.3891210033224275 0.6150000000000001 1.0000000180025095e-35
decision_type=2 2 2 2 2
left_child=2 4 -1 -4 -2
right_child=1 -3 3 -5 -6
leaf_value=-0.030427455929619589 0.0038435875450632834 0.033999222372901879 -0.021388272538035939 0.018808278072971609 0.017394162648049983
leaf_weight=378.2417755573988 44.665400192141533 313.23754052817822 42.06798604503274 14.199167154729365 66.177164256572723
leaf_count=9427 247 1787 570 174 294
internal_value=6.13237e-05 0.0288541 -0.0280573 -0.00993704 0.0127037
internal_weight=858.589 424.08 434.509 56.2672 110.843
internal_count=12499 2328 10171 744 541
is_linear=0
shrinkage=0.03


Tree=48
num_leaves=7
num_cat=0
split_feature=0 0 0 2 0 2
split_gain=760.361 34.9903 18.0123 27.7496 4.63882 0.261885
threshold=-0.33644101713420804 0.47077935293893408 -1.3891210033224275 0.6150000000000001 1.0000000180025095e-35 0.6150000000000001
decision_type=2 2 2 2 2 2
left_child=2 4 -1 -4 -2 -3
right_child=1 5 3 -5 -6 -7
leaf_value=-0.030364846839590755 0.0037438868356272103 0.034826108335778871 -0.021174322788235601 0.018312967077276511 0.017007027983695116 0.017245925175649515
leaf_weight=367.82884497195482 44.744289353489876 275.93013943731785 41.33049900457263 14.412898425012825 65.885151490569115 31.485938087105751
leaf_count=9427 247 1618 570 174 294 169
internal_value=6.61139e-05 0.0284288 -0.0279366 -0.00973202 0.0123978 0.0336256
internal_weight=841.618 418.046 423.572 55.7434 110.629 307.416
internal_count=12499 2328 10171 744 541 1787
is_linear=0
shrinkage=0.03


Tree=49
num_leaves=7
num_cat=0
split_feature=0 0 0 2 7 2
split_gain=731.85 34.7412 18.1622 26.8235 4.4938 0.328616
threshold=-0.33644101713420804 0.47077935293893408 -1.3891210033224275 0.6150000000000001 0.25000000000000017 0.6150000000000001
decision_type=2 2 2 2 2 2
left_child=2 4 -1 -4 -2 -3
right_child=1 5 3 -5 -6 -7
leaf_value=-0.030302844143412125 0.015172512548432264 0.034481331237546327 -0.020961412328032256 0.017832643184735875 0.00082919522125004651 0.016967284650461826
leaf_weight=357.69738765433431 84.038774907588959 270.5105607509613 40.610305685549974 14.623195130378006 26.375067085027695 31.211322918534279
leaf_count=9427 411 1618 570 174 130 169
internal_value=7.72931e-05 0.0280208 -0.0278155 -0.0095314 0.0120997 0.033272
internal_weight=825.067 412.136 412.931 55.2335 110.414 301.722
internal_count=12499 2328 10171 744 541 1787
is_linear=0
shrinkage=0.03


Tree=50
num_leaves=7
num_cat=0
split_feature=0 0 0 2 0 2
split_gain=704.195 34.6909 18.3023 25.9272 4.55349 0.396387
threshold=-0.33644101713420804 0.47077935293893408 -1.3891210033224275 0.6150000000000001 1.0000000180025095e-35 0.6150000000000001
decision_type=2 2 2 2 2 2
left_child=2 4 -1 -4 -2 -3
right_child=1 5 3 -5 -6 -7
leaf_value=-0.030241400050260717 0.0033588690855240444 0.034147002590639075 -0.020749526433387115 0.017366791393337359 0.016361780058917027 0.016693291082524257
leaf_weight=347.8405204154551 45.046345233917236 265.14353586733341 39.907048132270575 14.830050643533466 65.368612363934517 30.940162852406502
leaf_count=9427 247 1618 570 174 294 169
internal_value=8.65409e-05 0.0276035 -0.027694 -0.00933513 0.0117764 0.0329281
internal_weight=809.076 406.499 402.578 54.7371 110.415 296.084
internal_count=12499 2328 10171 744 541 1787
is_linear=0
shrinkage=0.03


Tree=51
num_leaves=7
num_cat=0
split_feature=0 0 0 7 1 2
split_gain=677.998 36.7806 15.8173 5.44401 2.21145 0.464823
threshold=-0.38304023021985295 0.47077935293893408 -1.3891210033224275 0.25000000000000017 0.24876362576472336 0.6150000000000001
decision_type=2 2 2 2 2 2
left_child=2 3 -1 -2 -4 -3
right_child=1 5 4 -5 -6 -7
leaf_value=-0.030180453634358655 0.014589027368605722 0.033822432389751425 -0.011924666911742618 -0.00030974358649445231 0.0025809145613670146 0.016423820378328891
leaf_weight=338.25160589441657 85.493865683674812 259.8336918503046 43.081956952810287 28.175915114581585 7.6937009245157233 30.672528401017189
leaf_count=9427 426 1618 611 146 102 169
internal_value=9.71831e-05 0.0269831 -0.0278119 0.0111696 -0.00966372 0.0325931
internal_weight=793.203 404.176 389.027 113.67 50.7757 290.506
internal_count=12499 2359 10140 572 713 1787
is_linear=0
shrinkage=0.03


Tree=52
num_leaves=7
num_cat=0
split_feature=0 0 0 7 1 2
split_gain=652.543 36.6703 15.9342 5.156 2.1429 0.533594
threshold=-0.38304023021985295 0.47077935293893408 -1.3891210033224275 0.25000000000000017 0.24876362576472336 0.6150000000000001
decision_type=2 2 2 2 2 2
left_child=2 3 -1 -2 -4 -3
right_child=1 5 4 -5 -6 -7
leaf_value=-0.030119948442333771 0.014196054672243328 0.03350698165800875 -0.011729692143183285 -0.00030289598983239662 0.0025448771524015867 0.016158752720758299
leaf_weight=328.92404184862971 85.501367248594761 254.58514919877052 42.656850170344114 28.174594335258007 7.7099290117621413 30.408469930291176
leaf_count=9427 426 1618 611 146 102 169
internal_value=0.000103592 0.0265803 -0.0276938 0.0108686 -0.009485 0.0322665
internal_weight=777.96 398.67 379.291 113.676 50.3668 284.994
internal_count=12499 2359 10140 572 713 1787
is_linear=0
shrinkage=0.03


Tree=53
num_leaves=7
num_cat=0
split_feature=0 0 2 0 2 1
split_gain=628.405 36.3967 25.2928 19.2254 7.50428 0.105427
threshold=-0.09961953567974545 -1.0648702890112995 0.60500000000000009 0.61251415596868197 0.50500000000000012 0.35301885426456531
decision_type=2 2 2 2 2 2
left_child=1 5 -3 4 -2 -1
right_child=3 2 -4 -5 -6 -7
leaf_value=-0.029824748482992967 0.018772536354172868 -0.01501922274576822 0.020136232540463022 0.03251841781613949 -0.00022757026115325177 -0.0043094877452921655
leaf_weight=326.97821861505508 77.7530657351017 49.983505725860596 16.906641386449337 264.12672637403011 23.475920796394348 3.822335682809352
leaf_count=9574 375 509 142 1689 109 101
internal_value=0.000109866 -0.0256787 -0.00467039 0.0281171 0.0147419 -0.029665
internal_weight=763.046 397.691 66.8901 365.356 101.229 330.801
internal_count=12499 10326 651 2173 484 9675
is_linear=0
shrinkage=0.03


Tree=54
num_leaves=7
num_cat=0
split_feature=0 0 1 2 2 0
split_gain=605.659 43.6381 11.9805 6.93069 5.05872 1.23609
threshold=-0.56338881240095684 0.20684308214839067 0.42563544413576815 0.58500000000000008 0.065000000000000016 -1.1319681476571464
decision_type=2 2 2 2 2 2
left_child=2 4 5 -3 -2 -1
right_child=1 3 -4 -5 -6 -7
leaf_value=-0.029844978854083843 -0.0043895612631084649 0.032459092229638033 0.0084766873352160321 0.013091714823725894 0.010103368773116603 -0.013492623447802608
leaf_weight=317.20616688579321 22.955671168863773 265.59901693463326 3.7963586188852778 37.790696188807487 72.209698192775249 28.639033231884241
leaf_count=9561 136 1724 72 210 413 383
internal_value=0.000115319 0.0251063 -0.0282778 0.0305414 0.00652243 -0.0289081
internal_weight=748.197 398.555 349.642 303.39 95.1654 345.845
internal_count=12499 2483 10016 1934 549 9944
is_linear=0
shrinkage=0.03


Tree=55
num_leaves=7
num_cat=0
split_feature=0 0 1 2 2 0
split_gain=583.055 43.0995 11.8754 6.90087 4.80102 1.34916
threshold=-0.56338881240095684 0.20684308214839067 0.42563544413576815 0.58500000000000008 0.065000000000000016 -1.1319681476571464
decision_type=2 2 2 2 2 2
left_child=2 4 5 -3 -2 -1
right_child=1 3 -4 -5 -6 -7
leaf_value=-0.029781061903359666 -0.0043013576624507119 0.032147303158699514 0.0083896914840175876 0.012851428593211587 0.009813094814579218 -0.013303732562009198
leaf_weight=308.50321015715599 22.929076246917248 260.30694116652012 3.8239297084510318 37.533261179924011 72.408045068383217 28.321115158498287
leaf_count=9561 136 1724 72 210 413 383
internal_value=0.000118776 0.0247225 -0.0281741 0.0302121 0.00633241 -0.0288191
internal_weight=733.826 393.177 340.648 297.84 95.3371 336.824
internal_count=12499 2483 10016 1934 549 9944
is_linear=0
shrinkage=0.03


Tree=56
num_leaves=7
num_cat=0
split_feature=0 0 1 7 0 2
split_gain=561.321 42.942 11.7706 5.91249 1.45996 0.986686
threshold=-0.56338881240095684 0.47077935293893408 0.42563544413576815 0.25000000000000017 -1.1319681476571464 0.6150000000000001
decision_type=2 2 2 2 2 2
left_child=2 3 4 -2 -1 -3
right_child=1 5 -4 -5 -6 -7
leaf_value=-0.029717271061272824 0.012433015431676697 0.032350920009758539 0.0083033312926774315 -0.0017338637423132072 -0.013116768376756259 0.014995289580072749
leaf_weight=300.03971431031823 91.006433866918087 234.70281176269054 3.8513802774250498 32.920331940054893 28.010329935699701 29.242553204298019
leaf_count=9561 497 1618 72 199 383 169
internal_value=0.000122116 0.024345 -0.0280698 0.00882121 -0.0287298 0.0310457
internal_weight=719.774 387.872 331.901 123.927 328.05 263.945
internal_count=12499 2483 10016 696 9944 1787
is_linear=0
shrinkage=0.03


Tree=57
num_leaves=6
num_cat=0
split_feature=0 0 1 0 0
split_gain=540.468 42.6279 11.6661 7.3165 1.56848
threshold=-0.56338881240095684 0.61251415596868197 0.42563544413576815 1.0000000180025095e-35 -1.1319681476571464
decision_type=2 2 2 2 2
left_child=2 3 4 -2 -1
right_child=1 -3 -4 -5 -6
leaf_value=-0.02965356105116267 0.0014368397630908157 0.031358881869686668 0.0082176113358748155 0.015247492019586679 -0.01293172652616705
leaf_weight=291.80954651907086 60.661727055907249 244.33681437373161 3.8787078112363806 77.766360685229301 27.706520058214664
leaf_count=9561 402 1689 72 392 383
internal_value=0.000128709 0.0239723 -0.0279647 0.00969996 -0.02864
internal_weight=706.16 382.765 323.395 138.428 319.516
internal_count=12499 2483 10016 794 9944
is_linear=0
shrinkage=0.03


Tree=58
num_leaves=6
num_cat=0
split_feature=0 0 1 1 0
split_gain=520.455 42.1117 11.5618 7.01165 1.67471
threshold=-0.56338881240095684 0.61251415596868197 0.42563544413576815 -0.1190645122841468 -1.1319681476571464
decision_type=2 2 2 2 2
left_child=2 3 4 -2 -1
right_child=1 -3 -4 -5 -6
leaf_value=-0.029589876252817962 0.0020028371903902764 0.031067614927887545 0.0081325326773392329 0.015458583601693637 -0.012748607168962599
leaf_weight=283.80680177360773 67.389194883406162 239.39733350276947 3.9059099033474913 70.645206481218338 27.409521568566561
leaf_count=9561 377 1689 72 417 383
internal_value=0.000131382 0.0236166 -0.0278589 0.00946847 -0.0285497
internal_weight=692.554 377.432 315.122 138.034 311.216
internal_count=12499 2483 10016 794 9944
is_linear=0
shrinkage=0.03


Tree=59
num_leaves=6
num_cat=0
split_feature=0 0 2 0 2
split_gain=501.186 35.4909 29.4894 19.3984 7.23669
threshold=-0.09961953567974545 -1.3891210033224275 0.60500000000000009 0.61251415596868197 0.50500000000000012
decision_type=2 2 2 2 2
left_child=1 -1 -3 4 -2
right_child=3 2 -4 -5 -6
leaf_value=-0.029708738271347738 0.01694002546831859 -0.016402302703396345 0.019692162713033215 0.030781847722288706 -0.0014071659253570743
leaf_weight=270.9525334648788 75.326616212725639 55.692656818777323 19.997170973569155 234.53769741952419 23.144145101308823
leaf_count=9427 375 690 209 1689 109
internal_value=0.000134229 -0.0247686 -0.00568097 0.026023 0.0128956
internal_weight=679.651 346.642 75.6898 333.008 98.4708
internal_count=12499 10326 899 2173 484
is_linear=0
shrinkage=0.03


Tree=60
num_leaves=7
num_cat=0
split_feature=0 0 1 7 7 0
split_gain=483.185 41.0025 11.4606 5.66626 2.24933 1.79905
threshold=-0.56338881240095684 0.47077935293893408 0.42563544413576815 0.25000000000000017 -0.5 -1.1319681476571464
decision_type=2 2 2 2 2 2
left_child=2 3 5 -2 -3 -1
right_child=1 4 -4 -5 -6 -7
leaf_value=-0.029463634425170644 0.011523237061017641 0.033231871748428295 0.0081326590700899429 -0.0022359910147303074 0.019767565844814147 -0.012477184150637801
leaf_weight=268.55581912025809 90.503832601010799 166.12121903896332 3.901869796216487 32.874771982431412 77.753847345709801 26.956580583006144
leaf_count=9561 497 1232 72 199 555 383
internal_value=0.000139593 0.0229283 -0.0276501 0.00796426 0.0298868 -0.0283733
internal_weight=666.668 367.254 299.414 123.379 243.875 295.512
internal_count=12499 2483 10016 696 1787 9944
is_linear=0
shrinkage=0.03


Tree=61
num_leaves=7
num_cat=0
split_feature=0 0 1 1 0 7
split_gain=465.352 40.7409 11.356 6.88122 1.89947 0.00324962
threshold=-0.56338881240095684 0.61251415596868197 0.42563544413576815 -0.1190645122841468 -1.1319681476571464 -0.5
decision_type=2 2 2 2 2 2
left_child=2 3 4 -2 -1 -3
right_child=1 5 -4 -5 -6 -7
leaf_value=-0.029399731218738477 0.0014824290756476127 0.033211036730299265 0.0080483251511977959 0.014750281018653784 -0.01229881868173378 0.020496543607057046
leaf_weight=261.19818656891584 67.145914934575558 154.19193986058235 3.928849145770072 70.115978248417377 26.676389522850513 71.088886275887489
leaf_count=9561 377 1173 72 417 383 516
internal_value=0.000149014 0.0225776 -0.0275415 0.0088013 -0.0282811 0.0302406
internal_weight=654.346 362.543 291.803 137.262 287.875 225.281
internal_count=12499 2483 10016 794 9944 1689
is_linear=0
shrinkage=0.03


Tree=62
num_leaves=7
num_cat=0
split_feature=0 0 1 0 0 7
split_gain=448.223 40.4404 11.2515 6.80702 1.99754 0.141897
threshold=-0.56338881240095684 0.61251415596868197 0.42563544413576815 1.0000000180025095e-35 -1.1319681476571464 -0.5
decision_type=2 2 2 2 2 2
left_child=2 3 4 -2 -1 -3
right_child=1 5 -4 -5 -6 -7
leaf_value=-0.029335662718696573 0.00079785954587688129 0.032989805493194857 0.007964635215942149 0.01402081264356538 -0.012122371896291726 0.020202195798046857
leaf_weight=254.04541001468897 61.29809108376503 150.6892294883728 3.9556985236704341 75.957896485924721 26.402465268969536 70.121363341808319
leaf_count=9561 402 1173 72 392 383 516
internal_value=0.000162061 0.0222292 -0.027432 0.00857069 -0.0281883 0.0299801
internal_weight=642.47 358.067 284.404 137.256 280.448 220.811
internal_count=12499 2483 10016 794 9944 1689
is_linear=0
shrinkage=0.03


Tree=63
num_leaves=7
num_cat=0
split_feature=0 0 1 1 0 7
split_gain=431.925 39.9592 11.1472 6.57089 2.12148 0.279767
threshold=-0.56338881240095684 0.61251415596868197 0.42563544413576815 -0.1190645122841468 -1.3891210033224275 -0.5
decision_type=2 2 2 2 2 2
left_child=2 3 4 -2 -1 -3
right_child=1 5 -4 -5 -6 -7
leaf_value=-0.0294672940678153 0.0012408022009668426 0.032774340902138446 0.0078815913670886948 0.01418558658801377 -0.013187343764355814 0.019911075411687955
leaf_weight=241.24714449048042 66.979526624083519 147.24728836864233 3.9824156723916522 69.886646188795567 31.979635313153267 69.172869324684143
leaf_count=9390 377 1173 72 417 554 516
internal_value=0.000174675 0.0219079 -0.0273214 0.0083665 -0.0280947 0.0297239
internal_weight=630.496 353.286 277.209 136.866 273.227 216.42
internal_count=12499 2483 10016 794 9944 1689
is_linear=0
shrinkage=0.03


Tree=64
num_leaves=7
num_cat=0
split_feature=0 0 2 0 1 7
split_gain=416.181 34.4845 28.6796 18.9284 9.98121 0.416675
threshold=-0.09961953567974545 -1.3891210033224275 0.60500000000000009 0.61251415596868197 -0.1190645122841468 -0.5
decision_type=2 2 2 2 2 2
left_child=1 -1 -3 4 -2 -5
right_child=3 2 -4 5 -6 -7
leaf_value=-0.029417246125111172 0.0011520313985536972 -0.016054190389310399 0.019651024645278969 0.032564308865053189 0.019867208260485863 0.019623099493239586
leaf_weight=235.90364170446992 47.33870267868042 54.327324286103249 19.962020765990019 143.86672161519527 49.555210009217262 68.243279680609703
leaf_count=9427 229 690 209 1173 255 516
internal_value=0.000186657 -0.0239785 -0.00526684 0.024436 0.0116868 0.0294716
internal_weight=619.197 310.193 74.2893 309.004 96.8939 212.11
internal_count=12499 10326 899 2173 484 1689
is_linear=0
shrinkage=0.03


Tree=65
num_leaves=7
num_cat=0
split_feature=0 0 1 0 0 7
split_gain=401.64 38.8185 11.041 6.27855 2.24188 0.552436
threshold=-0.56338881240095684 0.61251415596868197 0.42563544413576815 1.0000000180025095e-35 -1.3891210033224275 -0.5
decision_type=2 2 2 2 2 2
left_child=2 3 4 -2 -1 -3
right_child=1 5 -4 -5 -6 -7
leaf_value=-0.029348677004480215 0.00061323186458056209 0.032359387070650523 0.0078789354891271451 0.013309120528150042 -0.012919062378232619 0.019338196046642227
leaf_weight=228.13957498595119 61.411943458020687 140.54797342419624 3.9788785651326171 74.941786602139473 31.447710402309895 67.332425728440285
leaf_count=9390 402 1173 72 392 554 516
internal_value=0.000205558 0.0212893 -0.0271028 0.00802366 -0.0279114 0.029223
internal_weight=607.8 344.234 263.566 136.354 259.587 207.88
internal_count=12499 2483 10016 794 9944 1689
is_linear=0
shrinkage=0.03


Tree=66
num_leaves=7
num_cat=0
split_feature=0 0 1 1 0 7
split_gain=387.061 38.3358 10.9362 6.02095 2.35052 0.686886
threshold=-0.56338881240095684 0.61251415596868197 0.42563544413576815 -0.1190645122841468 -1.3891210033224275 -0.5
decision_type=2 2 2 2 2 2
left_child=2 3 4 -2 -1 -3
right_child=1 5 -4 -5 -6 -7
leaf_value=-0.029289063249849649 0.0010321030335928697 0.032159272673984524 0.0077966651531299639 0.013430969010372027 -0.012733405795049151 0.019056298089699161
leaf_weight=221.86093443259597 66.744899570941925 137.29135879874229 4.0053571090102187 69.228189289569855 31.100141949951649 66.440140917897224
leaf_count=9390 377 1173 72 417 554 516
internal_value=0.000216971 0.0209799 -0.0269889 0.0078324 -0.0278153 0.0289777
internal_weight=596.671 339.705 256.966 135.973 252.961 203.731
internal_count=12499 2483 10016 794 9944 1689
is_linear=0
shrinkage=0.03


Tree=67
num_leaves=7
num_cat=0
split_feature=0 0 1 7 2 0
split_gain=372.851 38.0156 10.8314 5.78721 3.61381 2.45662
threshold=-0.56338881240095684 0.47077935293893408 0.42563544413576815 0.25000000000000017 0.59500000000000008 -1.3891210033224275
decision_type=2 2 2 2 2 2
left_child=2 3 5 -2 -3 -1
right_child=1 4 -4 -5 -6 -7
leaf_value=-0.029229187773372047 0.010261210069163782 0.029828769272431735 0.0077150420945106364 -0.0034177621610808119 0.011155845996350059 -0.01254957397279944
leaf_weight=215.75855765864253 89.780649289488792 186.13777503371239 4.0316993445157996 32.913375936448574 26.78937940299511 30.76069563627243
leaf_count=9390 497 1605 72 199 182 554
internal_value=0.000228381 0.0206532 -0.0268739 0.00661072 0.0280853 -0.0277183
internal_weight=586.172 335.621 250.551 122.694 212.927 246.519
internal_count=12499 2483 10016 696 1787 9944
is_linear=0
shrinkage=0.03


Tree=68
num_leaves=7
num_cat=0
split_feature=0 0 1 0 0 7
split_gain=359.042 37.718 10.7267 6.0182 2.56013 1.08704
threshold=-0.56338881240095684 0.61251415596868197 0.42563544413576815 1.0000000180025095e-35 -1.3891210033224275 -0.5
decision_type=2 2 2 2 2 2
left_child=2 3 4 -2 -1 -3
right_child=1 5 -4 -5 -6 -7
leaf_value=-0.029169009425636817 0.00025801603297074134 0.031793549563689287 0.0076340669751219581 0.012636410196590175 -0.012367575651693281 0.018414726400401905
leaf_weight=209.82775699719787 61.825485534965992 131.26586519181728 4.0579033009707919 73.891651332378387 30.429175656288862 64.410163059830666
leaf_count=9390 402 1173 72 392 554 516
internal_value=0.000231101 0.0203291 -0.0267576 0.00740216 -0.0276203 0.0284991
internal_weight=575.708 331.393 244.315 135.717 240.257 195.676
internal_count=12499 2483 10016 794 9944 1689
is_linear=0
shrinkage=0.03


Tree=69
num_leaves=7
num_cat=0
split_feature=0 0 1 1 0 7
split_gain=346.015 37.2126 10.6221 5.88809 2.66105 1.21414
threshold=-0.56338881240095684 0.61251415596868197 0.42563544413576815 -0.1190645122841468 -1.3891210033224275 -0.5
decision_type=2 2 2 2 2 2
left_child=2 3 4 -2 -1 -3
right_child=1 5 -4 -5 -6 -7
leaf_value=-0.02910848633737299 0.00056576247439851573 0.031605748282675081 0.0075537414678412858 0.01277502615105346 -0.012187414597493512 0.018142309080322241
leaf_weight=204.06391481310129 66.523223392665386 128.19040715694427 4.0839670971035948 68.818603925406933 30.105387140065432 63.578832194209099
leaf_count=9390 377 1173 72 417 554 516
internal_value=0.000241993 0.0200311 -0.02664 0.00722575 -0.0275213 0.0282625
internal_weight=565.364 327.111 238.253 135.342 234.169 191.769
internal_count=12499 2483 10016 794 9944 1689
is_linear=0
shrinkage=0.03


Tree=70
num_leaves=7
num_cat=0
split_feature=0 0 1 0 0 7
split_gain=333.314 36.8338 10.5175 5.80102 2.75935 1.33946
threshold=-0.56338881240095684 0.61251415596868197 0.42563544413576815 1.0000000180025095e-35 -1.3891210033224275 -0.5
decision_type=2 2 2 2 2 2
left_child=2 3 4 -2 -1 -3
right_child=1 5 -4 -5 -6 -7
leaf_value=-0.029047583924092086 7.999473370482596e-05 0.031421721873123136 0.0074740655798662932 0.012210748909534946 -0.012009096649837618 0.017872671592241641
leaf_weight=198.46255339309573 62.042199000716209 125.17708472162485 4.1098891086876383 73.282384060323238 29.789143037050962 62.76514545083046
leaf_count=9390 402 1173 72 392 554 516
internal_value=0.000252817 0.0197161 -0.0265211 0.00703737 -0.0274213 0.0280284
internal_weight=555.628 323.267 232.362 135.325 228.252 187.942
internal_count=12499 2483 10016 794 9944 1689
is_linear=0
shrinkage=0.03


Tree=71
num_leaves=7
num_cat=0
split_feature=0 0 1 7 0 7
split_gain=321.219 36.3188 10.413 5.64316 2.85503 1.46288
threshold=-0.56338881240095684 0.61251415596868197 0.42563544413576815 0.25000000000000017 -1.3891210033224275 -0.5
decision_type=2 2 2 2 2 2
left_child=2 3 4 -2 -1 -3
right_child=1 5 -4 -5 -6 -7
leaf_value=-0.028986258234190588 0.010164155027823495 0.031241238592350545 0.0073950396167610372 -0.0031046862701921301 -0.01183262773377027 0.017605778261538876
leaf_weight=193.01929968222976 101.3029113560915 122.22564174234867 4.1356676593422881 33.650894172489643 29.480257876217365 61.968860924243927
leaf_count=9390 589 1173 72 205 554 516
internal_value=0.000263317 0.0194251 -0.0264009 0.00686962 -0.0273202 0.0277967
internal_weight=545.784 319.148 226.635 134.954 222.5 184.195
internal_count=12499 2483 10016 794 9944 1689
is_linear=0
shrinkage=0.03


Tree=72
num_leaves=7
num_cat=0
split_feature=0 0 0 2 1 7
split_gain=309.384 35.9447 10.4961 13.693 5.76022 1.58427
threshold=-0.56338881240095684 0.61251415596868197 -1.3891210033224275 0.6150000000000001 -0.1190645122841468 -0.5
decision_type=2 2 2 2 2 2
left_child=2 4 -1 -4 -2 -3
right_child=1 5 3 -5 -6 -7
leaf_value=-0.028939465064539541 0.00015186463362454816 0.031064075133061881 -0.018265953474891367 0.014009992703830118 0.012181642181813168 0.017341594776858617
leaf_weight=189.06148050352931 66.353951990604401 119.33577441424131 22.230368047952652 9.7778746373951417 68.514508575201035 61.189732849597931
leaf_count=9427 377 1173 448 141 417 516
internal_value=0.000270663 0.0191161 -0.0262794 -0.00741832 0.00668214 0.0275671
internal_weight=536.464 315.394 221.07 32.0082 134.868 180.526
internal_count=12499 2483 10016 589 794 1689
is_linear=0
shrinkage=0.03


Tree=73
num_leaves=6
num_cat=0
split_feature=0 0 2 0 2
split_gain=298.257 32.1502 27.547 18.6316 10.5636
threshold=-0.09961953567974545 -1.3891210033224275 0.60500000000000009 1.1500750658752528 0.58500000000000008
decision_type=2 2 2 2 2
left_child=1 -1 -3 4 -2
right_child=3 2 -4 -5 -6
leaf_value=-0.028877342435514021 0.015908629056441009 -0.015576336415340212 0.019566865049678778 0.029136964377146843 -0.004389385112642882
leaf_weight=183.88384710252285 102.43612262606621 52.426402378827333 19.935651624575257 144.39054146409035 24.360228285193443
leaf_count=9427 642 690 209 1395 136
internal_value=0.000280738 -0.022481 -0.00469425 0.0218231 0.0119732
internal_weight=527.433 256.246 72.3621 271.187 126.796
internal_count=12499 10326 899 2173 778
is_linear=0
shrinkage=0.03


Tree=74
num_leaves=7
num_cat=0
split_feature=0 0 0 2 1 7
split_gain=287.429 35.0032 10.5061 12.8567 5.52756 1.95283
threshold=-0.56338881240095684 0.61251415596868197 -1.3891210033224275 0.6150000000000001 -0.1190645122841468 -0.5
decision_type=2 2 2 2 2 2
left_child=2 4 -1 -4 -2 -3
right_child=1 5 3 -5 -6 -7
leaf_value=-0.028814694794732656 -2.6317252905435406e-05 0.030739901609293463 -0.017944044882155376 0.013322052074400363 0.011753199922084808 0.016735085174922486
leaf_weight=178.85283323377371 66.174763284623623 114.05668133497238 21.580422054976228 10.04962722212076 68.129628203809261 59.421806819736958
leaf_count=9427 377 1173 448 141 417 516
internal_value=0.000284371 0.0185395 -0.0260397 -0.0071962 0.00634955 0.0271164
internal_weight=518.266 307.783 210.483 31.63 134.304 173.478
internal_count=12499 2483 10016 589 794 1689
is_linear=0
shrinkage=0.03


Tree=75
num_leaves=7
num_cat=0
split_feature=0 0 0 2 7 7
split_gain=276.892 34.5788 10.5431 12.4862 5.50945 2.06523
threshold=-0.56338881240095684 0.61251415596868197 -1.3891210033224275 0.6150000000000001 0.25000000000000017 -0.5
decision_type=2 2 2 2 2 2
left_child=2 4 -1 -4 -2 -3
right_child=1 5 3 -5 -6 -7
leaf_value=-0.028751489041620684 0.0094700591207182699 0.030571149465871136 -0.017770878170475107 0.013049439928192299 -0.003563301719366598 0.016479702628450624
leaf_weight=173.96442878246307 100.64369320124388 111.34194886684418 21.239607639610771 10.159017428755758 33.639346800744534 58.698375768959522
leaf_count=9427 589 1173 448 141 205 516
internal_value=0.000293737 0.0182423 -0.025916 -0.00705558 0.00618439 0.0268923
internal_weight=509.686 304.323 205.363 31.3986 134.283 170.04
internal_count=12499 2483 10016 589 794 1689
is_linear=0
shrinkage=0.03


Tree=76
num_leaves=7
num_cat=0
split_feature=0 0 1 0 0 7
split_gain=266.7 34.1688 11.7841 5.37566 3.6635 2.17526
threshold=-0.56338881240095684 0.61251415596868197 0.53438677916830402 1.0000000180025095e-35 -1.1319681476571464 -0.5
decision_type=2 2 2 2 2 2
left_child=2 3 4 -2 -1 -3
right_child=1 5 -4 -5 -6 -7
leaf_value=-0.028427719629597354 -0.00051809231633534643 0.030404958671780422 0.011906207140877629 0.01108970867580511 -0.009668195014305157 0.016226920846623964
leaf_weight=174.32757285609841 62.595499776303768 108.68682896345854 2.0154806375503531 71.6003552749753 24.045424621552229 57.990959525108337
leaf_count=9592 402 1173 32 392 392 516
internal_value=0.00029956 0.0179471 -0.0257909 0.00601483 -0.0267269 0.0266697
internal_weight=501.262 300.874 200.388 134.196 198.373 166.678
internal_count=12499 2483 10016 794 9984 1689
is_linear=0
shrinkage=0.03


Tree=77
num_leaves=7
num_cat=0
split_feature=0 0 1 1 0 7
split_gain=256.945 33.6254 11.6823 5.40077 3.72589 2.28285
threshold=-0.56338881240095684 0.61251415596868197 0.53438677916830402 -0.1190645122841468 -1.1319681476571464 -0.5
decision_type=2 2 2 2 2 2
left_child=2 3 4 -2 -1 -3
right_child=1 5 -4 -5 -6 -7
leaf_value=-0.028356259844421708 -0.00038406860911424195 0.03024116069271502 0.011826756692592543 0.011225710812273325 -0.0095194491203455089 0.015976722180443204
leaf_weight=169.62018178403378 66.004117369651794 106.0906817317009 2.0350333452224723 67.831421710550785 23.847783286124468 57.299288026988506
leaf_count=9592 377 1173 32 417 392 516
internal_value=0.000312749 0.0176758 -0.0256601 0.00587144 -0.0266163 0.0264487
internal_weight=492.729 297.226 195.503 133.836 193.468 163.39
internal_count=12499 2483 10016 794 9984 1689
is_linear=0
shrinkage=0.03


Tree=78
num_leaves=7
num_cat=0
split_feature=0 0 1 1 2 0
split_gain=247.433 33.1929 11.5799 5.62803 5.36676 3.78568
threshold=-0.56338881240095684 0.47077935293893408 0.53438677916830402 0.24876362576472336 0.59500000000000008 -1.1319681476571464
decision_type=2 2 2 2 2 2
left_child=2 3 5 -2 -3 -1
right_child=1 4 -4 -5 -6 -7
leaf_value=-0.02828400828008595 0.0013996682329541707 0.027650160112067869 0.011747376671266839 0.016628336062532167 0.0076543875387335937 -0.0093725788032502037
leaf_weight=165.04651278629899 103.11609148234129 149.09529844671488 2.0545980781316748 18.502341315150261 23.275513753294945 23.654486712068319
leaf_count=9592 592 1605 32 104 182 392
internal_value=0.000325722 0.0173887 -0.0255277 0.00480382 0.0255179 -0.0265044
internal_weight=484.745 293.989 190.756 121.618 172.371 188.701
internal_count=12499 2483 10016 696 1787 9984
is_linear=0
shrinkage=0.03


Tree=79
num_leaves=6
num_cat=0
split_feature=0 0 2 0 2
split_gain=238.455 30.466 25.8256 18.4221 10.193
threshold=-0.09961953567974545 -1.3891210033224275 0.60500000000000009 1.1500750658752528 0.58500000000000008
decision_type=2 2 2 2 2
left_child=1 -1 -3 4 -2
right_child=3 2 -4 -5 -6
leaf_value=-0.0284953136114908 0.014539952031747882 -0.015146450636135034 0.018894767326275042 0.027994897436459998 -0.0053592251895462949
leaf_weight=155.93086498603225 98.576233386993408 50.887543568387628 20.23226335644722 127.37286681681871 23.813163377344608
leaf_count=9427 642 690 209 1395 136
internal_value=0.000336823 -0.0214269 -0.00432692 0.0201847 0.0105558
internal_weight=476.813 227.051 71.1198 249.762 122.389
internal_count=12499 10326 899 2173 778
is_linear=0
shrinkage=0.03


Tree=80
num_leaves=7
num_cat=0
split_feature=0 0 1 7 0 7
split_gain=229.783 32.1499 11.4205 5.33044 3.82643 2.86986
threshold=-0.56338881240095684 0.61251415596868197 0.53438677916830402 0.25000000000000017 -1.1319681476571464 -0.5
decision_type=2 2 2 2 2 2
left_child=2 3 4 -2 -1 -3
right_child=1 5 -4 -5 -6 -7
leaf_value=-0.028139116293675923 0.0087071875984809522 0.029804809616176053 0.011663695207448328 -0.0040530901709804716 -0.0091621188815310915 0.015047919946229881
leaf_weight=156.36066191457212 99.589543402194977 99.237760692834854 2.0728685185313216 33.537284418940544 23.359909728169441 54.764699287712574
leaf_count=9592 589 1173 32 205 392 516
internal_value=0.000338396 0.0168551 -0.0252672 0.00543403 -0.0262854 0.0257946
internal_weight=468.923 287.129 181.793 133.127 179.721 154.002
internal_count=12499 2483 10016 794 9984 1689
is_linear=0
shrinkage=0.03


Tree=81
num_leaves=6
num_cat=0
split_feature=0 0 1 0 0
split_gain=221.221 31.8307 11.3168 7.26511 3.88704
threshold=-0.56338881240095684 1.1500750658752528 0.53438677916830402 1.0000000180025095e-35 -1.3891210033224275
decision_type=2 2 2 2 2
left_child=2 3 4 -2 -1
right_child=1 -3 -4 -5 -6
leaf_value=-0.028354753812630223 -0.00085526549737310691 0.027611599983704906 0.011584625688861115 0.011821161617349328 -0.010312827748430124
leaf_weight=147.17572537995875 62.84206023812294 122.04175823926926 2.0923656895756713 99.158291839063168 28.165861835703254
leaf_count=9413 402 1395 32 686 571
internal_value=0.000347359 0.0165757 -0.0251299 0.00713998 -0.0261694
internal_weight=461.476 284.042 177.434 162 175.342
internal_count=12499 2483 10016 1088 9984
is_linear=0
shrinkage=0.03


Tree=82
num_leaves=7
num_cat=0
split_feature=0 0 6 2 0 2
split_gain=213.291 35.8436 11.8559 11.8001 5.23235 7.1912
threshold=-0.85085323119490219 0.20684308214839067 -1.0000000180025095e-35 0.58500000000000008 -1.3891210033224275 0.69500000000000006
decision_type=2 2 2 2 2 2
left_child=4 2 -2 -3 -1 -6
right_child=1 3 -4 -5 5 -7
leaf_value=-0.028295060265218986 -0.0083336740423911055 0.026201630351911285 0.0099887909553902487 0.0035686535190527276 -0.015931923018376138 0.011266999453530741
leaf_weight=143.65415537916124 50.225346803665161 157.11911955475807 57.570262245833874 27.616218596696854 12.12486211396754 5.6076152771711341
leaf_count=9427 388 1724 347 210 315 88
internal_value=0.000348737 0.0154896 0.00146904 0.0231752 -0.0263982 -0.00636945
internal_weight=453.918 292.531 107.796 184.735 161.387 17.7325
internal_count=12499 2669 735 1934 9830 403
is_linear=0
shrinkage=0.03


Tree=83
num_leaves=7
num_cat=0
split_feature=0 0 1 0 2 7
split_gain=205.545 35.1467 10.0481 5.25559 7.03083 3.43407
threshold=-0.85085323119490219 0.61251415596868197 0.28199279549075734 -1.3891210033224275 0.69500000000000006 -0.5
decision_type=2 2 2 2 2 2
left_child=3 2 -2 -1 -5 -3
right_child=1 5 -4 4 -6 -7
leaf_value=-0.028226201757793241 0.00063497585308227992 0.029388234482676422 0.020847185988059461 -0.015795597121124955 0.011107545191756118 0.014138180946850931
leaf_weight=139.76756606996059 126.94097938388586 92.906530573964119 16.988590627908707 11.951555706560614 5.6602272354066363 52.406449742615223
leaf_count=9427 872 1173 108 315 88 516
internal_value=0.000341605 0.0152256 0.00422005 -0.0262886 -0.00625788 0.0251528
internal_weight=446.622 289.243 143.93 157.379 17.6118 145.313
internal_count=12499 2669 980 9830 403 1689
is_linear=0
shrinkage=0.03


Tree=84
num_leaves=6
num_cat=0
split_feature=0 0 1 0 2
split_gain=198.294 34.5664 9.16064 5.27586 6.88816
threshold=-0.85085323119490219 1.1500750658752528 0.30583528090997397 -1.3891210033224275 0.62500000000000011
decision_type=2 2 2 2 2
left_child=3 2 -2 -1 -5
right_child=1 -3 -4 4 -6
leaf_value=-0.028156490366916094 0.0027720417489465353 0.027066250418878432 0.021635405562919558 -0.016298172298679352 0.010143039380250102
leaf_weight=135.99198505282402 153.53739399090409 114.71920658648014 18.242660619318485 10.777034115046265 6.7173537947237483
leaf_count=9427 1144 1395 130 296 107
internal_value=0.00035639 0.0149749 0.00585528 -0.0261776 -0.006149
internal_weight=439.986 286.499 171.78 153.486 17.4944
internal_count=12499 2669 1274 9830 403
is_linear=0
shrinkage=0.03


Tree=85
num_leaves=7
num_cat=0
split_feature=0 0 2 6 0 2
split_gain=191.165 33.99 11.8896 11.0517 5.28263 6.73404
threshold=-0.85085323119490219 0.20684308214839067 0.58500000000000008 -1.0000000180025095e-35 -1.3891210033224275 0.69500000000000006
decision_type=2 2 2 2 2 2
left_child=4 3 -3 -2 -1 -6
right_child=1 2 -4 -5 5 -7
leaf_value=-0.028085900812483643 -0.0082525472720388487 0.025628991421377648 0.0028981228350215419 0.0094198362553464896 -0.015541473972303599 0.010805890070375019
leaf_weight=132.32429740391672 50.162762768566608 148.93661907315254 26.975069999694824 57.864943072199821 11.63188596814871 5.7605060152709475
leaf_count=9427 388 1724 210 347 315 88
internal_value=0.000360939 0.0147082 0.0224867 0.00120972 -0.0260661 -0.00605588
internal_weight=433.656 283.939 175.912 108.028 149.717 17.3924
internal_count=12499 2669 1934 735 9830 403
is_linear=0
shrinkage=0.03


Tree=86
num_leaves=6
num_cat=0
split_feature=0 0 1 0 2
split_gain=184.223 33.7476 8.85626 5.29734 6.60681
threshold=-0.85085323119490219 1.1500750658752528 0.30583528090997397 -1.3891210033224275 0.62500000000000011
decision_type=2 2 2 2 2
left_child=3 2 -2 -1 -5
right_child=1 -3 -4 4 -6
leaf_value=-0.028014402455726582 0.0024887316792394313 0.026703142268033837 0.021042904224473965 -0.016047942085857241 0.009880041129446699
leaf_weight=128.76148470118642 152.61919943988323 110.08882991969585 18.141949132084846 10.468758232891561 6.8122611157596102
leaf_count=9427 1144 1395 130 296 107
internal_value=0.000352392 0.014453 0.00551503 -0.0259525 -0.00595196
internal_weight=426.892 280.85 170.761 146.043 17.281
internal_count=12499 2669 1274 9830 403
is_linear=0
shrinkage=0.03


Tree=87
num_leaves=6
num_cat=0
split_feature=0 0 1 0 2
split_gain=177.612 33.1463 8.54843 5.29881 6.45752
threshold=-0.85085323119490219 1.1500750658752528 0.30583528090997397 -1.3891210033224275 0.62500000000000011
decision_type=2 2 2 2 2
left_child=3 2 -2 -1 -5
right_child=1 -3 -4 4 -6
leaf_value=-0.02794196843526563 0.0024190919645964682 0.026505647732373593 0.020650151671977573 -0.015922010460143278 0.0097270879979155286
leaf_weight=125.3006163276732 152.59067642316222 107.69265718013048 18.122873269021511 10.316412907093765 6.8681917935609809
leaf_count=9427 1144 1395 130 296 107
internal_value=0.000356513 0.0141938 0.0053901 -0.0258383 -0.0058636
internal_weight=420.891 278.406 170.714 142.485 17.1846
internal_count=12499 2669 1274 9830 403
is_linear=0
shrinkage=0.03


Tree=88
num_leaves=6
num_cat=0
split_feature=0 0 1 0 2
split_gain=171.242 32.5453 8.25098 5.29768 6.31802
threshold=-0.85085323119490219 1.1500750658752528 0.30583528090997397 -1.3891210033224275 0.69500000000000006
decision_type=2 2 2 2 2
left_child=3 2 -2 -1 -5
right_child=1 -3 -4 4 -6
leaf_value=-0.027868573804851308 0.002351389333945604 0.026308713543836484 0.020264522105427028 -0.015176427870203945 0.010372177574832374
leaf_weight=121.93881449475884 152.5629839040339 105.35412263870239 18.104298062622547 11.184440644457938 5.9064106829464427
leaf_count=9427 1144 1395 130 315 88
internal_value=0.000360241 0.0139381 0.00526808 -0.0257228 -0.0057776
internal_weight=415.051 276.021 170.667 139.03 17.0909
internal_count=12499 2669 1274 9830 403
is_linear=0
shrinkage=0.03


Tree=89
num_leaves=7
num_cat=0
split_feature=0 0 1 7 0 2
split_gain=165.088 32.0405 9.11911 7.22884 5.30453 6.19352
threshold=-0.85085323119490219 0.47077935293893408 0.28199279549075734 -0.5 -1.3891210033224275 0.62500000000000011
decision_type=2 2 2 2 2 2
left_child=4 2 -2 -3 -1 -6
right_child=1 3 -4 -5 5 -7
leaf_value=-0.027794190387452133 -0.00088047925807086284 0.028428548419539557 0.018493559040294382 0.011078176194054252 -0.015678377511087402 0.0094736038783357034
leaf_weight=118.67328053899109 115.71070836484432 88.701055392622948 16.734313998371363 52.548418946564198 10.026884123682978 6.9608639925718299
leaf_count=9427 778 1232 104 555 296 107
internal_value=0.000364604 0.0136858 0.00269386 0.023133 -0.0256052 -0.00568067
internal_weight=409.356 273.694 132.445 141.249 135.661 16.9877
internal_count=12499 2669 882 1787 9830 403
is_linear=0
shrinkage=0.03


Tree=90
num_leaves=6
num_cat=0
split_feature=0 0 1 0 2
split_gain=159.302 31.5074 7.76678 5.29839 6.05363
threshold=-0.85085323119490219 1.1500750658752528 0.30583528090997397 -1.3891210033224275 0.62500000000000011
decision_type=2 2 2 2 2
left_child=3 2 -2 -1 -5
right_child=1 -3 -4 4 -6
leaf_value=-0.027718793175999634 0.0021793486113483216 0.02594348013215874 0.019554825503042581 -0.015555767121206855 0.0093265293798236379
leaf_weight=115.50132089108229 152.01096492633224 101.07898245751858 18.09228827059269 9.8837272357195634 7.015379335731267
leaf_count=9427 1144 1395 130 296 107
internal_value=0.000374378 0.0134582 0.00501056 -0.025487 -0.00559915
internal_weight=403.583 271.182 170.103 132.4 16.8991
internal_count=12499 2669 1274 9830 403
is_linear=0
shrinkage=0.03


Tree=91
num_leaves=6
num_cat=0
split_feature=0 0 2 0 2
split_gain=153.91 25.6279 22.9806 16.4355 10.9425
threshold=-0.09961953567974545 -1.3891210033224275 0.60500000000000009 1.4313389241458709 0.58500000000000008
decision_type=2 2 2 2 2
left_child=1 -1 -3 4 -2
right_child=3 2 -4 -5 -6
leaf_value=-0.027642359597624278 0.013342188797916977 -0.014742045090552137 0.017239986105264414 0.02675649845382962 -0.0064977444880100453
leaf_weight=112.42026880756021 102.35028563439846 49.297459874302149 21.041521849110723 87.509353756904602 25.577500939369202
leaf_count=9427 766 690 209 1248 159
internal_value=0.000376874 -0.0193142 -0.00421975 0.017197 0.00919195
internal_weight=398.196 182.759 70.339 215.437 127.928
internal_count=12499 10326 899 2173 925
is_linear=0
shrinkage=0.03


Tree=92
num_leaves=6
num_cat=0
split_feature=0 0 1 0 2
split_gain=148.316 30.2773 7.55212 5.22532 5.76366
threshold=-0.85085323119490219 1.1500750658752528 0.30583528090997397 -1.3891210033224275 0.69500000000000006
decision_type=2 2 2 2 2
left_child=3 2 -2 -1 -5
right_child=1 -3 -4 4 -6
leaf_value=-0.027564864882589166 0.002003772151467196 0.025561351383193907 0.01914978960270123 -0.014728907024926529 0.0097060359577014373
leaf_weight=109.42756256088614 151.32533448189497 96.855779863893986 18.001314572989941 10.653478333726527 6.1345137767493716
leaf_count=9427 1144 1395 130 315 88
internal_value=0.000375874 0.0130018 0.00479281 -0.0252512 -0.00550997
internal_weight=392.398 266.182 169.327 126.216 16.788
internal_count=12499 2669 1274 9830 403
is_linear=0
shrinkage=0.03


Tree=93
num_leaves=7
num_cat=0
split_feature=0 0 2 6 0 2
split_gain=143.002 29.7313 12.4212 9.81827 5.22281 5.6338
threshold=-0.85085323119490219 0.20684308214839067 0.57500000000000007 -1.0000000180025095e-35 -1.3891210033224275 0.69500000000000006
decision_type=2 2 2 2 2 2
left_child=4 3 -3 -2 -1 -6
right_child=1 2 -4 -5 5 -7
leaf_value=-0.027486285449671719 -0.0083887560053153357 0.024349560219950932 0.0014070350123956631 0.0082401621809370211 -0.014603251529423114 0.0095661117961352137
leaf_weight=106.52069334313273 50.06185494735837 129.11200127005577 26.568994291126728 58.326629735529423 10.511000065132977 6.1830494143068782
leaf_count=9427 388 1707 227 347 315 88
internal_value=0.000378844 0.012763 0.0207554 0.000499865 -0.0251281 -0.00542137
internal_weight=387.284 264.069 155.681 108.388 123.215 16.694
internal_count=12499 2669 1934 735 9830 403
is_linear=0
shrinkage=0.03


Tree=94
num_leaves=6
num_cat=0
split_feature=0 0 1 0 2
split_gain=137.817 29.4118 7.29112 5.21781 5.51871
threshold=-0.85085323119490219 1.1500750658752528 0.30583528090997397 -1.3891210033224275 0.62500000000000011
decision_type=2 2 2 2 2
left_child=3 2 -2 -1 -5
right_child=1 -3 -4 4 -6
leaf_value=-0.027406601840859968 0.0017707915465767891 0.025205609734769884 0.018625570054351785 -0.01509650597015846 0.0087214716690881319
leaf_weight=103.6972227897495 150.48384999856353 93.054254855960608 17.911043345928192 9.3616012856364268 7.2410098873078814
leaf_count=9427 1144 1395 130 296 107
internal_value=0.000366581 0.0125312 0.00450709 -0.0250037 -0.00533502
internal_weight=381.749 261.449 168.395 120.3 16.6026
internal_count=12499 2669 1274 9830 403
is_linear=0
shrinkage=0.03


Tree=95
num_leaves=6
num_cat=0
split_feature=0 0 0 0 2
split_gain=132.903 28.8082 7.12573 5.20042 5.39494
threshold=-0.85085323119490219 1.1500750658752528 1.0000000180025095e-35 -1.3891210033224275 0.69500000000000006
decision_type=2 2 2 2 2
left_child=3 2 -2 -1 -5
right_child=1 -3 -4 4 -6
leaf_value=-0.027325794511566661 -0.0023027241705681173 0.025010228157674581 0.009581505107478237 -0.014371103889410396 0.0093019227279042462
leaf_weight=100.95477388240397 75.720405332744122 91.075884278863668 92.638947822153568 10.24951306730509 6.2752821743488303
leaf_count=9427 588 1395 686 315 88
internal_value=0.000368123 0.0122997 0.00440709 -0.0248788 -0.00526362
internal_weight=376.915 259.435 168.359 117.48 16.5248
internal_count=12499 2669 1274 9830 403
is_linear=0
shrinkage=0.03


Tree=96
num_leaves=6
num_cat=0
split_feature=0 0 1 0 2
split_gain=128.146 28.1952 7.11106 5.19085 5.29346
threshold=-0.85085323119490219 1.1500750658752528 0.30583528090997397 -1.3891210033224275 0.62500000000000011
decision_type=2 2 2 2 2
left_child=3 2 -2 -1 -5
right_child=1 -3 -4 4 -6
leaf_value=-0.027243837164244472 0.0016038664537469524 0.024814899909806891 0.018256739205717847 -0.014867767964132321 0.0084919016053008559
leaf_weight=98.291048772633076 149.93474208936095 89.146952677518129 17.836387813091278 9.1103418879210967 7.3275502845644942
leaf_count=9427 1144 1395 130 296 107
internal_value=0.000361039 0.0120825 0.00430169 -0.0247517 -0.00518136
internal_weight=371.647 256.918 167.771 114.729 16.4379
internal_count=12499 2669 1274 9830 403
is_linear=0
shrinkage=0.03


Tree=97
num_leaves=6
num_cat=0
split_feature=0 0 1 5 2
split_gain=123.587 27.5989 6.8587 5.2076 4.19982
threshold=-0.85085323119490219 1.1500750658752528 0.30583528090997397 -0.70710678118654757 0.91500000000000015
decision_type=2 2 2 2 2
left_child=3 2 -2 4 -1
right_child=1 -3 -4 -5 -6
leaf_value=-0.012780690948541916 0.0015589334935137184 0.024619586769759505 0.017915787271890221 -0.027420638246451814 0.0081016718146116919
leaf_weight=13.381095552816989 149.91708886623383 87.266400247812271 17.821095511317253 93.274495359510183 5.4124357793480149
leaf_count=663 1144 1395 130 8930 237
internal_value=0.000362219 0.0118579 0.00420696 -0.0246241 -0.00604164
internal_weight=367.073 255.005 167.738 112.068 18.7935
internal_count=12499 2669 1274 9830 900
is_linear=0
shrinkage=0.03


Tree=98
num_leaves=7
num_cat=0
split_feature=0 0 2 2 0 0
split_gain=119.348 29.5057 19.4182 14.6158 7.07314 4.77134
threshold=1.0000000180025095e-35 -1.3891210033224275 0.44500000000000006 0.51500000000000012 1.4313389241458709 0.1311860279317256
decision_type=2 2 2 2 2 2
left_child=1 -1 -3 5 -5 -2
right_child=3 2 -4 4 -6 -7
leaf_value=-0.027080143214749556 0.0045465822700990078 -0.014590661885904252 0.010532436278617593 -0.0075554969298817724 0.01399009192675808 0.023822899108886859
leaf_weight=93.298240681178868 18.601623326539993 50.445030823349953 41.63572440482676 26.189982362091541 12.105089597404001 120.34810716286302
leaf_count=9427 82 566 425 186 156 1657
internal_value=0.000364212 -0.0160479 -0.00331192 0.0174698 0.000741669 0.0217208
internal_weight=362.624 185.379 92.0808 177.245 38.2951 138.95
internal_count=12499 10418 991 2081 342 1739
is_linear=0
shrinkage=0.03


Tree=99
num_leaves=6
num_cat=0
split_feature=0 0 0 5 2
split_gain=115.136 26.6574 7.2437 5.22533 4.08172
threshold=-0.85085323119490219 1.4313389241458709 1.0000000180025095e-35 -0.70710678118654757 0.91500000000000015
decision_type=2 2 2 2 2
left_child=3 2 -2 4 -1
right_child=1 -3 -4 -5 -6
leaf_value=-0.012557185418946607 -0.0023293647201353546 0.025429918976730866 0.0094543750569605241 -0.027264238117774543 0.0080400269090950237
leaf_weight=13.103569623082878 75.742602527141571 73.971422884613276 100.94408822059631 88.518024381250143 5.4274152405560008
leaf_count=663 588 1248 833 8930 237
internal_value=0.000360259 0.0114501 0.0045487 -0.0243667 -0.005821
internal_weight=357.707 250.658 176.687 107.049 18.531
internal_count=12499 2669 1421 9830 900
is_linear=0
shrinkage=0.03


Tree=100
num_leaves=6
num_cat=0
split_feature=0 0 0 5 2
split_gain=111.02 26.1205 6.89645 5.22894 4.03569
threshold=-0.85085323119490219 1.4313389241458709 1.0000000180025095e-35 -0.70710678118654757 0.62500000000000011
decision_type=2 2 2 2 2
left_child=3 2 -2 4 -1
right_child=1 -3 -4 -5 -6
leaf_value=-0.014474172890819925 -0.0022701315063169201 0.025252237346946781 0.0092441122125686316 -0.027181508163942186 0.0056133335483567011
leaf_weight=8.8245222140103596 75.649704951792955 72.35205139964819 100.37905094027519 86.189436041750014 9.5934749860316497
leaf_count=493 588 1248 833 8930 407
internal_value=0.000353827 0.011245 0.00443975 -0.0242311 -0.00571767
internal_weight=352.988 248.381 176.029 104.607 18.418
internal_count=12499 2669 1421 9830 900
is_linear=0
shrinkage=0.03


Tree=101
num_leaves=7
num_cat=0
split_feature=0 0 6 7 5 1
split_gain=107.195 27.6557 10.789 6.81336 2.41536 0.668048
threshold=-1.0648702890112995 0.61251415596868197 1.0000000180025095e-35 -0.5 -0.9159756150367534 0.42563544413576815
decision_type=2 2 2 2 2 2
left_child=4 2 -2 -3 -1 -6
right_child=1 3 -4 -5 5 -7
leaf_value=-0.0011717622155314248 -0.0056546122340473282 0.027250817366106815 0.0094806290944550523 0.0086975851459194179 -0.026888504565842925 -0.00023720123732240024
leaf_weight=4.4494444672018281 77.50538395345211 64.682672820985317 72.718697164207697 40.546637833118439 87.495605340227485 1.0343389194458712
leaf_count=299 679 1173 456 516 9340 36
internal_value=0.000343591 0.0104132 0.00180632 0.0214772 -0.0256465 -0.0266328
internal_weight=348.433 255.453 150.224 105.229 92.9794 88.5299
internal_count=12499 2824 1135 1689 9675 9376
is_linear=0
shrinkage=0.03


Tree=102
num_leaves=5
num_cat=0
split_feature=0 0 6 7
split_gain=103.539 28.7514 13.6865 9.51599
threshold=-1.3891210033224275 0.47077935293893408 1.0000000180025095e-35 -0.5
decision_type=2 2 2 2
left_child=-1 2 -2 -3
right_child=1 3 -4 -5
leaf_value=-0.026742481551661774 -0.0076856062306390393 0.026892895685933022 0.0095401698632549808 0.0072806303142665622
leaf_weight=84.211341331712902 75.472107473760843 69.254276316612959 70.777289653196931 44.525990404188633
leaf_count=9427 784 1232 501 555
internal_value=0.000346204 0.00978442 0.000727837 0.0204262
internal_weight=344.241 260.03 146.249 113.78
internal_count=12499 3072 1285 1787
is_linear=0
shrinkage=0.03


Tree=103
num_leaves=4
num_cat=0
split_feature=0 0 1
split_gain=100.06 28.0549 8.03304
threshold=-1.3891210033224275 1.4313389241458709 0.35301885426456531
decision_type=2 2 2
left_child=-1 2 -2
right_child=1 -3 -4
leaf_value=-0.026652250722909877 0.00076101816810696826 0.024772900583988962 0.018317195726704972
leaf_weight=82.028388321399689 172.60182126238942 68.097151540219784 17.330845966935158
leaf_count=9427 1668 1248 156
internal_value=0.000347134 0.00960446 0.00319902
internal_weight=340.058 258.03 189.933
internal_count=12499 3072 1824
is_linear=0
shrinkage=0.03


Tree=104
num_leaves=5
num_cat=0
split_feature=0 0 6 7
split_gain=96.706 27.5339 14.4197 13.8523
threshold=-1.3891210033224275 0.20684308214839067 1.0000000180025095e-35 -0.5
decision_type=2 2 2 2
left_child=-1 2 -2 -3
right_child=1 3 -4 -5
leaf_value=-0.026560758109691725 -0.0099631060264281403 0.026060004963295413 0.0090721623212759381 0.0056752613479117359
leaf_weight=79.908117109909654 64.613727139309049 76.360119301825762 58.954850189387798 56.610174544155598
leaf_count=9427 714 1298 424 636
internal_value=0.000354261 0.00941987 -0.000882055 0.0183855
internal_weight=336.447 256.539 123.569 132.97
internal_count=12499 3072 1138 1934
is_linear=0
shrinkage=0.03


Tree=105
num_leaves=4
num_cat=0
split_feature=0 0 1
split_gain=93.4585 27.0035 7.78818
threshold=-1.3891210033224275 1.4313389241458709 0.35301885426456531
decision_type=2 2 2
left_child=-1 2 -2
right_child=1 -3 -4
leaf_value=-0.026467997538401629 0.00061654897651061333 0.024452077571070433 0.017909783089639985
leaf_weight=77.848706570453942 171.71637237630785 65.43188601359725 17.292362192645669
leaf_count=9427 1668 1248 156
internal_value=0.000350944 0.00924708 0.00301915
internal_weight=332.289 254.441 189.009
internal_count=12499 3072 1824
is_linear=0
shrinkage=0.03


Tree=106
num_leaves=4
num_cat=0
split_feature=0 0 0
split_gain=90.3384 26.3618 7.5851
threshold=-1.3891210033224275 1.4313389241458709 1.0000000180025095e-35
decision_type=2 2 2
left_child=-1 2 -2
right_child=1 -3 -4
leaf_value=-0.026373951853470325 -0.0031127423995545036 0.024273434458462844 0.0083927061083214523
leaf_weight=75.84840452298522 91.309577461332083 64.030867453664541 97.67984102666378
leaf_count=9427 991 1248 833
internal_value=0.00035765 0.0090691 0.00295681
internal_weight=328.869 253.02 188.989
internal_count=12499 3072 1824
is_linear=0
shrinkage=0.03


Tree=107
num_leaves=4
num_cat=0
split_feature=0 0 1
split_gain=87.3112 25.7314 7.56362
threshold=-1.3891210033224275 1.4313389241458709 0.35301885426456531
decision_type=2 2 2
left_child=-1 2 -2
right_child=1 -3 -4
leaf_value=-0.026278623657279482 0.00051863045414448955 0.024094605741207534 0.017578997118986417
leaf_weight=73.905499164480716 171.11597130261362 62.66583064943552 17.215958155691624
leaf_count=9427 1668 1248 156
internal_value=0.000353221 0.00890129 0.00288588
internal_weight=324.903 250.998 188.332
internal_count=12499 3072 1824
is_linear=0
shrinkage=0.03


Tree=108
num_leaves=4
num_cat=0
split_feature=0 0 1
split_gain=84.4085 25.1095 7.28887
threshold=-1.3891210033224275 1.4313389241458709 0.35301885426456531
decision_type=2 2 2
left_child=-1 2 -2
right_child=1 -3 -4
leaf_value=-0.026181999646542359 0.0005039367545936885 0.023915571228757072 0.017255290162311952
leaf_weight=72.018335169646889 171.11375086009502 61.335925593972206 17.200594510883093
leaf_count=9427 1668 1248 156
internal_value=0.000359574 0.00872968 0.00282695
internal_weight=321.669 249.65 188.314
internal_count=12499 3072 1824
is_linear=0
shrinkage=0.03


Tree=109
num_leaves=5
num_cat=0
split_feature=0 0 6 7
split_gain=81.6071 24.5611 12.0382 10.06
threshold=-1.3891210033224275 0.47077935293893408 1.0000000180025095e-35 -0.5
decision_type=2 2 2 2
left_child=-1 2 -2 -3
right_child=1 3 -4 -5
leaf_value=-0.026084078431693566 -0.0075218087555230439 0.02609895755581728 0.0086613687653488494 0.0057479401481766411
leaf_weight=70.185293677262962 74.842194614931941 60.995884459465742 70.757881825789809 41.742085203528404
leaf_count=9427 784 1232 501 555
internal_value=0.000365504 0.00856102 0.000394004 0.0190737
internal_weight=318.523 248.338 145.6 102.738
internal_count=12499 3072 1285 1787
is_linear=0
shrinkage=0.03


Tree=110
num_leaves=4
num_cat=0
split_feature=0 0 1
split_gain=78.8957 24.0785 7.03421
threshold=-1.3891210033224275 1.4313389241458709 0.35301885426456531
decision_type=2 2 2
left_child=-1 2 -2
right_child=1 -3 -4
leaf_value=-0.025984854097364261 0.00039534385275011177 0.023587435449519117 0.016857217951340209
leaf_weight=68.404808204621077 170.49666674993932 58.951748691499233 17.167465867474675
leaf_count=9427 1668 1248 156
internal_value=0.000364234 0.00840058 0.00267791
internal_weight=315.021 246.616 187.664
internal_count=12499 3072 1824
is_linear=0
shrinkage=0.03


Tree=111
num_leaves=5
num_cat=0
split_feature=0 0 7 6
split_gain=76.288 23.4865 14.1576 12.8361
threshold=-1.3891210033224275 0.20684308214839067 -0.5 1.0000000180025095e-35
decision_type=2 2 2 2
left_child=-1 3 -3 -2
right_child=1 2 -4 -5
leaf_value=-0.02588432591824737 -0.009695068590158451 0.025245985085626244 0.0042817983305312697 0.0082774356604506764
leaf_weight=66.675348205026239 64.099639520049095 68.266783408820629 53.740404359996319 59.260367522016168
leaf_count=9427 714 1298 636 424
internal_value=0.000369681 0.00823811 0.0170358 -0.00108805
internal_weight=312.043 245.367 122.007 123.36
internal_count=12499 3072 1934 1138
is_linear=0
shrinkage=0.03


Tree=112
num_leaves=4
num_cat=0
split_feature=0 0 1
split_gain=73.7536 23.1138 6.81563
threshold=-1.3891210033224275 1.4313389241458709 0.35301885426456531
decision_type=2 2 2
left_child=-1 2 -2
right_child=1 -3 -4
leaf_value=-0.025782494736076262 0.00027730984822619403 0.023264857198932669 0.016486367006436312
leaf_weight=64.995431276969612 169.67927362024784 56.723436437547207 17.139717228710651
leaf_count=9427 1668 1248 156
internal_value=0.000364177 0.00808375 0.00252649
internal_weight=308.538 243.542 186.819
internal_count=12499 3072 1824
is_linear=0
shrinkage=0.03


Tree=113
num_leaves=5
num_cat=0
split_feature=0 0 0 5
split_gain=71.3266 22.5311 6.74363 0.0263748
threshold=-1.3891210033224275 1.4313389241458709 1.0000000180025095e-35 -0.9159756150367534
decision_type=2 2 2 2
left_child=3 2 -2 -1
right_child=1 -3 -4 -5
leaf_value=-0.0019643898674380237 -0.0031998735617766085 0.02308449378449709 0.0076891018695918328 -0.025986410325469261
leaf_weight=1.7554831155575801 91.274305978789926 55.54759120196104 95.531361114233732 61.608131597284228
leaf_count=229 991 1248 833 9198
internal_value=0.000369251 0.00792742 0.00247643 -0.0256794
internal_weight=305.717 242.353 186.806 63.3636
internal_count=12499 3072 1824 9427
is_linear=0
shrinkage=0.03


Tree=114
num_leaves=5
num_cat=0
split_feature=0 0 1 5
split_gain=68.9885 21.9655 6.61584 0.0243957
threshold=-1.3891210033224275 1.4313389241458709 0.35301885426456531 -0.9159756150367534
decision_type=2 2 2 2
left_child=3 2 -2 -1
right_child=1 -3 -4 -5
leaf_value=-0.0019561620045875265 0.00020064300614758084 0.022903887075299913 0.016186298737040913 -0.025888008729935571
leaf_weight=1.7520934138447035 169.11977377347648 54.402260534465313 17.072637662291527 60.048628612887114
leaf_count=229 1668 1248 156 9198
internal_value=0.000361076 0.00777833 0.00241673 -0.0255765
internal_weight=302.395 240.595 186.192 61.8007
internal_count=12499 3072 1824 9427
is_linear=0
shrinkage=0.03


Tree=115
num_leaves=5
num_cat=0
split_feature=0 0 0 5
split_gain=66.7514 21.4039 6.43244 0.0223725
threshold=-1.3891210033224275 1.4313389241458709 1.0000000180025095e-35 -0.9159756150367534
decision_type=2 2 2 2
left_child=3 2 -2 -1
right_child=1 -3 -4 -5
leaf_value=-0.0019479795976019554 -0.0031679369743352797 0.02272303992578701 0.0074804553353912473 -0.025788368258284969
leaf_weight=1.7487243264913548 91.187508186325431 53.286683913320303 94.992944709956646 58.533767996355891
leaf_count=229 991 1248 833 9198
internal_value=0.000363664 0.00762788 0.00236945 -0.0254724
internal_weight=299.75 239.467 186.18 60.2825
internal_count=12499 3072 1824 9427
is_linear=0
shrinkage=0.03


Tree=116
num_leaves=5
num_cat=0
split_feature=0 0 1 5
split_gain=64.5728 20.8606 6.42106 0.0203067
threshold=-1.3891210033224275 1.4313389241458709 0.35301885426456531 -0.9159756150367534
decision_type=2 2 2 2
left_child=3 2 -2 -1
right_child=1 -3 -4 -5
leaf_value=-0.0019398423846728058 0.00012877286138829168 0.022541954924226983 0.015892640828646342 -0.025687491127465892
leaf_weight=1.7453756607137609 168.57378626056015 52.20011904835701 17.008276371285319 57.06224967725575
leaf_count=229 1668 1248 156 9198
internal_value=0.000355183 0.00748375 0.00231222 -0.025367
internal_weight=296.59 237.782 185.582 58.8076
internal_count=12499 3072 1824 9427
is_linear=0
shrinkage=0.03


Tree=117
num_leaves=5
num_cat=0
split_feature=0 0 1 5
split_gain=62.49 20.32 6.18453 0.0181999
threshold=-1.3891210033224275 1.4313389241458709 0.35301885426456531 -0.9159756150367534
decision_type=2 2 2 2
left_child=3 2 -2 -1
right_child=1 -3 -4 -5
leaf_value=-0.0019317502694447956 0.00012512635655596277 0.022360640384680736 0.015598360281709316 -0.025585383029677559
leaf_weight=1.7420472442172457 168.57329376041889 51.141827933490276 16.998100159689784 55.632807991001755
leaf_count=229 1668 1248 156 9198
internal_value=0.00035752 0.00733905 0.00226756 -0.0252605
internal_weight=294.088 236.713 185.571 57.3749
internal_count=12499 3072 1824 9427
is_linear=0
shrinkage=0.03


Tree=118
num_leaves=6
num_cat=0
split_feature=0 0 6 7 5
split_gain=60.4788 19.8502 9.25748 8.06166 0.0160537
threshold=-1.3891210033224275 0.61251415596868197 1.0000000180025095e-35 -0.5 -0.9159756150367534
decision_type=2 2 2 2 2
left_child=4 2 -2 -3 -1
right_child=1 3 -4 -5 -6
leaf_value=-0.0019237026868131662 -0.0061702059433748771 0.02536750961841161 0.0076684499424776974 0.0050969893358266153 -0.025482047534375763
leaf_weight=1.7387389410287131 79.525080896914005 46.924434497952461 74.700705986469984 34.522301454097033 54.244211866986006
leaf_count=229 840 1173 543 516 9198
internal_value=0.000359483 0.00719696 0.000591472 0.0182725 -0.0251528
internal_weight=291.655 235.673 154.226 81.4467 55.983
internal_count=12499 3072 1383 1689 9427
is_linear=0
shrinkage=0.03


Tree=119
num_leaves=5
num_cat=0
split_feature=0 0 0 5
split_gain=58.5297 19.3967 6.01373 0.0138698
threshold=-1.3891210033224275 1.4313389241458709 1.0000000180025095e-35 -0.9159756150367534
decision_type=2 2 2 2
left_child=3 2 -2 -1
right_child=1 -3 -4 -5
leaf_value=-0.0019156992525910766 -0.0031803958362238392 0.02202420134718849 0.0071359120815212042 -0.025377492105873898
leaf_weight=1.7354505406692613 91.112769106402993 49.226234070956707 94.011606462299824 52.895268544089049
leaf_count=229 991 1248 833 9198
internal_value=0.000356021 0.00705973 0.00215575 -0.0250439
internal_weight=288.981 234.351 185.124 54.6307
internal_count=12499 3072 1824 9427
is_linear=0
shrinkage=0.03


Tree=120
num_leaves=5
num_cat=0
split_feature=0 0 1 5
split_gain=56.6368 18.8933 5.99497 0.0116502
threshold=-1.3891210033224275 1.4313389241458709 0.35301885426456531 -0.9159756150367534
decision_type=2 2 2 2
left_child=3 2 -2 -1
right_child=1 -3 -4 -5
leaf_value=-0.0019077397827028655 -6.590686309414884e-06 0.021842180469091567 0.015243980534517377 -0.025271725907336739
leaf_weight=1.7321819257922459 167.62540341354907 48.245576832443476 16.922944955527782 51.58481573453173
leaf_count=229 1668 1248 156 9198
internal_value=0.000346884 0.00692543 0.00210355 -0.0249339
internal_weight=286.111 232.794 184.548 53.317
internal_count=12499 3072 1824 9427
is_linear=0
shrinkage=0.03


Tree=121
num_leaves=6
num_cat=0
split_feature=0 0 7 6 5
split_gain=54.8295 18.4004 14.7108 11.3789 0.00939666
threshold=-1.3891210033224275 0.20684308214839067 -0.5 1.0000000180025095e-35 -0.9159756150367534
decision_type=2 2 2 2 2
left_child=4 3 -3 -2 -1
right_child=1 2 -4 -5 -6
leaf_value=-0.0018998236971938989 -0.0094194825177760164 0.024178662676102709 0.0023067398107108395 0.0075440182658823565 -0.025164758419067568
leaf_weight=1.7289328728802491 63.344734052196145 59.146378859877586 50.009747605770826 59.329669363796711 50.311725452076644
leaf_count=229 714 1298 636 424 9198
internal_value=0.000348574 0.00679173 0.0151926 -0.00126509 -0.0248226
internal_weight=283.871 231.831 109.156 122.674 52.0407
internal_count=12499 3072 1934 1138 9427
is_linear=0
shrinkage=0.03


Tree=122
num_leaves=5
num_cat=0
split_feature=0 0 1 5
split_gain=53.0624 18.0739 5.80395 0.00711092
threshold=-1.3891210033224275 1.4313389241458709 0.35301885426456531 -0.9159756150367534
decision_type=2 2 2 2
left_child=3 2 -2 -1
right_child=1 -3 -4 -5
leaf_value=-0.0018919511177930446 -9.3703415076284088e-05 0.021515773178009293 0.014914869539650592 -0.025056601170735795
leaf_weight=1.7257033106870938 166.89587517268956 46.525764018297195 16.908432265743613 49.074904156383127
leaf_count=229 1668 1248 156 9198
internal_value=0.000338524 0.00666149 0.0019853 -0.0247103
internal_weight=281.131 230.33 183.804 50.8006
internal_count=12499 3072 1824 9427
is_linear=0
shrinkage=0.03


Tree=123
num_leaves=5
num_cat=0
split_feature=0 0 1 5
split_gain=51.3788 17.5869 5.58831 0.00479512
threshold=-1.3891210033224275 1.4313389241458709 0.35301885426456531 -0.9159756150367534
decision_type=2 2 2 2
left_child=3 2 -2 -1
right_child=1 -3 -4 -5
leaf_value=-0.0018841213682530061 -9.1050944606314708e-05 0.021333180374330105 0.014637904417668452 -0.024947267720164496
leaf_weight=1.7224929840303946 166.89620378054678 45.615663569420576 16.900835394859314 47.873284031637013
leaf_count=229 1668 1248 156 9198
internal_value=0.000339981 0.00653317 0.00194877 -0.0245968
internal_weight=279.008 229.413 183.797 49.5958
internal_count=12499 3072 1824 9427
is_linear=0
shrinkage=0.03


Tree=124
num_leaves=6
num_cat=0
split_feature=0 0 7 6 5
split_gain=49.7526 17.113 14.5668 10.727 0.00245092
threshold=-1.3891210033224275 0.20684308214839067 -0.5 1.0000000180025095e-35 -0.9159756150367534
decision_type=2 2 2 2 2
left_child=4 3 -3 -2 -1
right_child=1 2 -4 -5 -6
leaf_value=-0.0018763344845661003 -0.0092431846285179493 0.023833294618633923 0.0019001095488325587 0.0072323623386626413 -0.024836768169646944
leaf_weight=1.7193017788231362 63.098202487453818 56.65858069434762 49.26993566006422 59.492900915443897 46.705835961736739
leaf_count=229 714 1298 636 424 9198
internal_value=0.000341082 0.00640723 0.0146755 -0.00130523 -0.0244823
internal_weight=276.945 228.52 105.929 122.591 48.4251
internal_count=12499 3072 1934 1138 9427
is_linear=0
shrinkage=0.03


Tree=125
num_leaves=5
num_cat=0
split_feature=0 0 1 5
split_gain=48.1606 16.8097 5.40932 8.06537e-05
threshold=-1.3891210033224275 1.4313389241458709 0.35301885426456531 -0.9159756150367534
decision_type=2 2 2 2
left_child=3 2 -2 -1
right_child=1 -3 -4 -5
leaf_value=-0.0018685898280435748 -0.00017048144744217697 0.021006253955665716 0.014323119243917876 -0.024725120556747627
leaf_weight=1.7161295530386258 166.1915324497968 44.021618446335196 16.889031009748578 45.571552538312972
leaf_count=229 1668 1248 156 9198
internal_value=0.000330473 0.00628374 0.00183912 -0.0243666
internal_weight=274.39 227.102 183.081 47.2877
internal_count=12499 3072 1824 9427
is_linear=0
shrinkage=0.03


Tree=126
num_leaves=5
num_cat=0
split_feature=0 0 7 6
split_gain=46.6453 16.3493 5.39432 0.0285145
threshold=-1.3891210033224275 1.4313389241458709 0.25000000000000017 0.68301270189221941
decision_type=2 2 2 2
left_child=-1 2 -2 -3
right_child=1 3 -4 -5
leaf_value=-0.02424988048647558 0.0049932121431932102 0.023288523214631551 -0.0056268031834884411 0.0074294321976089307
leaf_weight=46.182436719536781 130.42854435928166 30.226021194830537 52.646198766306043 12.950911164283751
leaf_count=9427 1263 984 561 264
internal_value=0.000331373 0.00616296 0.00180599 0.0208233
internal_weight=272.434 226.252 183.075 43.1769
internal_count=12499 3072 1824 1248
is_linear=0
shrinkage=0.03


Tree=127
num_leaves=6
num_cat=0
split_feature=0 0 1 7 5
split_gain=45.1439 15.9982 5.43917 2.36785 0.0277126
threshold=-1.3891210033224275 1.1500750658752528 0.28199279549075734 -0.5 -0.9159756150367534
decision_type=2 2 2 2 2
left_child=4 2 -2 -3 -1
right_child=1 3 -4 -5 -6
leaf_value=-0.0017618318792133366 -0.00096865243607730097 0.023690803340858362 0.012543860439907765 0.0060114563048430528 -0.024500134084079344
leaf_weight=1.6725659952498961 152.24751191772521 32.320839021354914 22.25173507258296 18.541747499257326 43.414194307290018
leaf_count=229 1483 1044 194 351 9198
internal_value=0.000329372 0.00604003 0.00134093 0.0192925 -0.0241296
internal_weight=270.449 225.362 174.499 50.8626 45.0868
internal_count=12499 3072 1677 1395 9427
is_linear=0
shrinkage=0.03


Tree=128
num_leaves=6
num_cat=0
split_feature=0 0 7 6 5
split_gain=43.7558 15.626 8.0813 7.70108 0.0250411
threshold=-1.3891210033224275 0.61251415596868197 -0.5 1.0000000180025095e-35 -0.9159756150367534
decision_type=2 2 2 2 2
left_child=4 3 -3 -2 -1
right_child=1 2 -4 -5 -6
leaf_value=-0.0017547006233440898 -0.0059489812647353152 0.024269613136462587 0.0036309844958706751 0.0067175320803848871 -0.024385158427502097
leaf_weight=1.6696669161319722 78.395217977464199 39.272929294034839 32.396057706326246 74.506151558831334 42.373225697316229
leaf_count=229 840 1173 516 543 9198
internal_value=0.000337312 0.00593249 0.0165274 0.000256666 -0.0240107
internal_weight=268.613 224.57 71.669 152.901 44.0429
internal_count=12499 3072 1689 1383 9427
is_linear=0
shrinkage=0.03


Tree=129
num_leaves=6
num_cat=0
split_feature=0 0 7 6 5
split_gain=42.3812 15.2928 5.18251 0.0333902 0.022352
threshold=-1.3891210033224275 1.4313389241458709 0.25000000000000017 0.68301270189221941 -0.9159756150367534
decision_type=2 2 2 2 2
left_child=4 2 -2 -3 -1
right_child=1 3 -4 -5 -6
leaf_value=-0.0017476068501929654 0.0047975623281998198 0.022848386327471774 -0.0056213807191823617 0.0072041942336239567 -0.024269104291976928
leaf_weight=1.6667844709008921 129.95364433899522 28.285612884908915 52.50776974670589 12.754757251590489 41.361701289191842
leaf_count=229 1263 984 561 264 9198
internal_value=0.000332185 0.00581902 0.00166296 0.0203504 -0.0238908
internal_weight=266.53 223.502 182.461 41.0404 43.0285
internal_count=12499 3072 1824 1248 9427
is_linear=0
shrinkage=0.03


Tree=130
num_leaves=6
num_cat=0
split_feature=0 0 1 6 5
split_gain=41.0479 14.9579 5.22907 0.0459884 0.0196475
threshold=-1.3891210033224275 1.4313389241458709 0.35301885426456531 0.68301270189221941 -0.9159756150367534
decision_type=2 2 2 2 2
left_child=4 2 -2 -3 -1
right_child=1 3 -4 -5 -6
leaf_value=-0.0017405508059277828 -0.00035897709041229735 0.022704091807033384 0.013890874073840272 0.0071090548962391541 -0.024151996123963203
leaf_weight=1.6639185873791564 165.44867631420493 27.684083670377731 16.865782940760255 12.672765877097843 40.378751324955374
leaf_count=229 1668 984 156 264 9198
internal_value=0.000327333 0.0057032 0.00161302 0.0201912 -0.0237699
internal_weight=264.714 222.671 182.314 40.3568 42.0427
internal_count=12499 3072 1824 1248 9427
is_linear=0
shrinkage=0.03


Tree=131
num_leaves=7
num_cat=0
split_feature=0 0 1 5 2 6
split_gain=39.8184 13.8665 5.70285 2.71826 1.54434 0.0580581
threshold=-1.0648702890112995 1.4313389241458709 -0.1190645122841468 -0.78656609248549325 0.92500000000000016 0.68301270189221941
decision_type=2 2 2 2 2 2
left_child=3 2 -2 4 -1 -3
right_child=1 5 -4 -5 -6 -7
leaf_value=-0.0075165133328595661 -0.0033392961732687438 0.022559751056069569 0.0069386973719434263 -0.024290307137825772 0.0070649670569822931 0.0070151196981048094
leaf_weight=4.565163893159478 87.006989251822233 27.098230842500925 88.712329875677824 41.04352516727522 2.0667199115268886 12.592311002314089
leaf_count=472 768 984 808 9027 176 264
internal_value=0.000338075 0.00601755 0.00194379 -0.0219173 -0.00145674 0.0200323
internal_weight=263.085 215.41 175.719 47.6754 6.63188 39.6905
internal_count=12499 2824 1576 9675 648 1248
is_linear=0
shrinkage=0.03


Tree=132
num_leaves=6
num_cat=0
split_feature=0 0 2 6 5
split_gain=38.6 14.4852 13.9802 9.68597 0.0146602
threshold=-1.3891210033224275 0.20684308214839067 0.51500000000000012 1.0000000180025095e-35 -0.9159756150367534
decision_type=2 2 2 2 2
left_child=4 3 -3 -2 -1
right_child=1 2 -4 -5 -6
leaf_value=-0.0017255131858146125 -0.0090336285100884109 0.019363701211758441 -0.0047213692309402821 0.0066348208746448093 -0.023916940434875269
leaf_weight=1.6578135238960374 62.686401749961078 74.174973633140326 24.668496884405613 59.734158391132951 38.512206988874823
leaf_count=229 714 1620 314 424 9198
internal_value=0.000338678 0.00550154 0.0134712 -0.00146464 -0.0235276
internal_weight=261.434 221.264 98.8435 122.421 40.17
internal_count=12499 3072 1934 1138 9427
is_linear=0
shrinkage=0.03


Tree=133
num_leaves=6
num_cat=0
split_feature=0 0 7 6 5
split_gain=37.3601 14.042 5.03779 0.112419 0.0119198
threshold=-1.3891210033224275 1.4313389241458709 0.25000000000000017 0.68301270189221941 -0.9159756150367534
decision_type=2 2 2 2 2
left_child=4 2 -2 -3 -1
right_child=1 3 -4 -5 -6
leaf_value=-0.0017185731185243073 0.0045752364326688997 0.02230612478927101 -0.0057135806006178309 0.006781201249415704 -0.02379682240938593
leaf_weight=1.654998798854648 129.17965512350202 26.103040859103203 52.274144794791937 12.390904188156126 37.609541297424585
leaf_count=229 1263 984 561 264 9198
internal_value=0.000316263 0.00538439 0.00146757 0.0197376 -0.023404
internal_weight=259.212 219.948 181.454 38.4939 39.2645
internal_count=12499 3072 1824 1248 9427
is_linear=0
shrinkage=0.03


Tree=134
num_leaves=6
num_cat=0
split_feature=0 0 1 6 5
split_gain=36.1989 13.7298 5.07027 0.122458 0.00917287
threshold=-1.3891210033224275 1.4313389241458709 0.35301885426456531 0.68301270189221941 -0.9159756150367534
decision_type=2 2 2 2 2
left_child=4 2 -2 -3 -1
right_child=1 3 -4 -5 -6
leaf_value=-0.0017116691748027648 -0.00051668613076952718 0.022161730649767106 0.013532647756105637 0.0066914427174370661 -0.023675744663993852
leaf_weight=1.6522000771947194 164.5327464453876 25.558327553793788 16.778082123026252 12.315686125308273 36.732237377204001
leaf_count=229 1668 984 156 264 9198
internal_value=0.00031092 0.00527765 0.00142281 0.0195797 -0.0232795
internal_weight=257.569 219.185 181.311 37.874 38.3844
internal_count=12499 3072 1824 1248 9427
is_linear=0
shrinkage=0.03


Tree=135
num_leaves=6
num_cat=0
split_feature=0 0 7 2 5
split_gain=35.1194 13.4313 13.7306 9.64994 0.0064215
threshold=-1.3891210033224275 0.20684308214839067 -0.5 0.57500000000000007 -0.9159756150367534
decision_type=2 2 2 2 2
left_child=4 3 -3 -2 -1
right_child=1 2 -4 -5 -6
leaf_value=-0.0017048013235501289 -0.0065068924681368177 0.022663748521367148 0.00079843212049125897 0.010549409409904521 -0.02355373487545798
leaf_weight=1.6494171898812044 89.451282820664346 48.939095534384251 47.384925004094839 32.802134767174721 35.879547748481855
leaf_count=229 866 1298 636 272 9198
internal_value=0.000321385 0.00518869 0.0129942 -0.00147884 -0.0231542
internal_weight=256.106 218.577 96.324 122.253 37.529
internal_count=12499 3072 1934 1138 9427
is_linear=0
shrinkage=0.03


Tree=136
num_leaves=6
num_cat=0
split_feature=0 0 1 6 5
split_gain=34.0434 13.1366 4.91216 0.103892 0.00366792
threshold=-1.3891210033224275 1.4313389241458709 0.35301885426456531 0.68301270189221941 -0.9159756150367534
decision_type=2 2 2 2 2
left_child=4 2 -2 -3 -1
right_child=1 3 -4 -5 -6
leaf_value=-0.0016979692580620835 -0.00055993129850453441 0.021871022828803724 0.013270855250567221 0.0065922561588471719 -0.023430819065925639
leaf_weight=1.6466501667164255 164.07296509295702 24.503034949302673 16.769841711968184 12.233074661344288 35.050739863421768
leaf_count=229 1668 984 156 264 9198
internal_value=0.000316416 0.00509262 0.0013508 0.0192824 -0.0230281
internal_weight=254.276 217.579 180.843 36.7361 36.6974
internal_count=12499 3072 1824 1248 9427
is_linear=0
shrinkage=0.03


Tree=137
num_leaves=7
num_cat=0
split_feature=0 5 2 2 3 0
split_gain=33.0543 16.518 17.4475 15.5345 4.45129 3.07891
threshold=1.0000000180025095e-35 -0.5 0.44500000000000006 0.51500000000000012 0.65054712357065236 0.1311860279317256
decision_type=2 2 2 2 2 2
left_child=1 2 -1 5 -5 -2
right_child=3 -3 -4 4 -6 -7
leaf_value=-0.013807102559583983 0.0030885554139556009 -0.022375205224951979 0.011357636942418481 -0.0131535048186059 0.0054868310702412531 0.01873337505006252
leaf_weight=38.698746082372963 18.133819982409477 47.379500505281612 40.591729542938992 18.69225533679128 11.992312852293251 77.401361936703324
leaf_count=1055 82 8290 1073 129 213 1657
internal_value=0.000326432 -0.0101095 -0.00109515 0.0107729 -0.00631039 0.0163378
internal_weight=252.89 126.67 79.2905 126.22 30.6846 95.5352
internal_count=12499 10418 2128 2081 342 1739
is_linear=0
shrinkage=0.03


Tree=138
num_leaves=5
num_cat=0
split_feature=0 0 7 6
split_gain=32.1641 12.5158 4.82568 0.174704
threshold=-1.3891210033224275 1.4313389241458709 0.25000000000000017 0.68301270189221941
decision_type=2 2 2 2
left_child=-1 2 -2 -3
right_child=1 3 -4 -5
leaf_value=-0.02279465222227189 0.0043590884092955312 0.021611341248423989 -0.0057324025875982263 0.0063206413709789421
leaf_weight=35.23050388135016 127.96213778108358 23.60513505898416 52.05610597319901 12.007828421890734
leaf_count=9427 1263 984 561 264
internal_value=0.000306678 0.00492403 0.00129282 0.0189717
internal_weight=250.862 215.631 180.018 35.613
internal_count=12499 3072 1824 1248
is_linear=0
shrinkage=0.03


Tree=139
num_leaves=6
num_cat=0
split_feature=0 0 1 6 5
split_gain=31.1591 12.2351 4.81018 0.182295 0.018058
threshold=-1.3891210033224275 1.4313389241458709 0.35301885426456531 0.68301270189221941 -0.9159756150367534
decision_type=2 2 2 2 2
left_child=4 2 -2 -3 -1
right_child=1 3 -4 -5 -6
leaf_value=-0.0016145566636291677 -0.00064016352269147855 0.02146723078536571 0.013064589982768096 0.0062367997858310776 -0.023078511802358093
leaf_weight=1.6129663893952955 163.18713106773794 23.12509199231863 16.693767335265875 11.939640350639818 32.829549199203029
leaf_count=229 1668 984 156 264 9198
internal_value=0.000303098 0.004827 0.00125276 0.018816 -0.0226628
internal_weight=249.388 214.946 179.881 35.0647 34.4425
internal_count=12499 3072 1824 1248 9427
is_linear=0
shrinkage=0.03


Tree=140
num_leaves=6
num_cat=0
split_feature=0 0 7 6 5
split_gain=30.2454 11.9307 4.65109 0.189496 0.0151444
threshold=-1.3891210033224275 1.4313389241458709 0.25000000000000017 0.68301270189221941 -0.9159756150367534
decision_type=2 2 2 2 2
left_child=4 2 -2 -3 -1
right_child=1 3 -4 -5 -6
leaf_value=-0.0016081895449238329 0.0042463506690629703 0.021323245268566215 -0.0056648747969658157 0.0061540413309112574 -0.022952401884431435
leaf_weight=1.6104027018882323 127.89983060862869 22.657416762784123 51.979170707054436 11.872692860662935 32.085834525991231
leaf_count=229 1263 984 561 264 9198
internal_value=0.000313018 0.00474773 0.00123482 0.0186608 -0.0225338
internal_weight=248.105 214.409 179.879 34.5301 33.6962
internal_count=12499 3072 1824 1248 9427
is_linear=0
shrinkage=0.03


Tree=141
num_leaves=6
num_cat=0
split_feature=0 0 1 6 5
split_gain=29.3246 11.6626 4.74055 0.19632 0.0122391
threshold=-1.3891210033224275 1.4313389241458709 -0.1190645122841468 0.68301270189221941 -0.9159756150367534
decision_type=2 2 2 2 2
left_child=4 2 -2 -3 -1
right_child=1 3 -4 -5 -6
leaf_value=-0.0016018546040306029 -0.0035416159458864691 0.021179407345973154 0.0057169364397108144 0.0060723538689401481 -0.022825532451321878
leaf_weight=1.6078530973754812 88.819178209640086 22.201770784333348 90.925542677752674 11.806959979236124 31.362779236631468
leaf_count=229 880 984 944 264 9198
internal_value=0.000306624 0.00465441 0.00119637 0.0185062 -0.0224042
internal_weight=246.724 213.753 179.745 34.0087 32.9706
internal_count=12499 3072 1824 1248 9427
is_linear=0
shrinkage=0.03


Tree=142
num_leaves=7
num_cat=0
split_feature=0 2 2 5 1 3
split_gain=28.5527 15.9688 14.8279 14.1364 6.01452 4.03672
threshold=1.0000000180025095e-35 0.44500000000000006 0.51500000000000012 -0.5 0.30583528090997397 0.65054712357065236
decision_type=2 2 2 2 2 2
left_child=1 4 -2 -3 -1 -4
right_child=2 3 5 -5 -6 -7
leaf_value=-0.020960639138160059 0.015730393772523631 0.011163405129840027 -0.012897987774617257 -0.0170938015162224 0.003277075351841015 0.0050310238912314471
leaf_weight=61.121577161131427 92.176677379757166 40.653982940828428 18.782773610204462 13.400637084152548 7.7415157624054691 11.639991100877522
leaf_count=6404 1739 1073 129 2795 146 213
internal_value=0.000304334 -0.00953333 0.0101427 0.00258319 -0.0181658 -0.00649061
internal_weight=245.517 122.918 122.599 54.0546 68.8631 30.4228
internal_count=12499 10418 2081 3868 6550 342
is_linear=0
shrinkage=0.03


Tree=143
num_leaves=7
num_cat=0
split_feature=0 0 1 5 2 6
split_gain=27.7516 10.6274 5.32767 2.57301 1.44862 0.253412
threshold=-1.0648702890112995 1.4313389241458709 -0.1190645122841468 -0.78656609248549325 0.92500000000000016 0.68301270189221941
decision_type=2 2 2 2 2 2
left_child=3 2 -2 4 -1 -3
right_child=1 5 -4 -5 -6 -7
leaf_value=-0.0070472276833851667 -0.0036438423735968679 0.020935931650376396 0.0063610909238422013 -0.02300004179426586 0.0071084440438542972 0.0058349896435733635
leaf_weight=4.2720293668098739 85.816848926246166 21.45492646843195 86.594866555184126 31.931655326858163 2.0455503379926085 11.616579484194515
leaf_count=472 768 984 808 9027 176 264
internal_value=0.000278226 0.00487267 0.00145444 -0.0202984 -0.000916381 0.0182179
internal_weight=243.732 205.483 172.412 38.2492 6.31758 33.0715
internal_count=12499 2824 1576 9675 648 1248
is_linear=0
shrinkage=0.03


Tree=144
num_leaves=5
num_cat=0
split_feature=0 0 7 6
split_gain=26.9406 10.9133 4.558 0.258385
threshold=-1.3891210033224275 1.4313389241458709 0.25000000000000017 0.68301270189221941
decision_type=2 2 2 2
left_child=-1 2 -2 -3
right_child=1 3 -4 -5
leaf_value=-0.022045362337518165 0.0040935491421545088 0.020792600795239334 -0.0057339542412307805 0.0057574471027416474
leaf_weight=31.079740362940356 127.04529402498156 21.030107596889138 51.799120484851301 11.555453866720198
leaf_count=9427 1263 984 561 264
internal_value=0.00027853 0.00440749 0.00109428 0.0180648
internal_weight=242.51 211.43 178.844 32.5856
internal_count=12499 3072 1824 1248
is_linear=0
shrinkage=0.03


Tree=145
num_leaves=6
num_cat=0
split_feature=0 0 1 6 5
split_gain=26.1122 10.6664 4.60886 0.263045 0.0222863
threshold=-1.3891210033224275 1.4313389241458709 0.35301885426456531 0.68301270189221941 -0.9159756150367534
decision_type=2 2 2 2 2
left_child=4 2 -2 -3 -1
right_child=1 3 -4 -5 -6
leaf_value=-0.0015171819803808607 -0.00079384465914606004 0.02064950501403303 0.012632258853674755 0.0056809161105327664 -0.022345203780500072
leaf_weight=1.5738525106571639 162.0702452911064 20.616135984659195 16.642219852656126 11.495421718806027 28.832790016196668
leaf_count=229 1668 984 156 264 9198
internal_value=0.000274608 0.00432143 0.00105957 0.0179125 -0.0219094
internal_weight=241.231 210.824 178.712 32.1116 30.4066
internal_count=12499 3072 1824 1248 9427
is_linear=0
shrinkage=0.03


Tree=146
num_leaves=6
num_cat=0
split_feature=0 0 7 6 5
split_gain=25.3634 10.4532 7.57984 6.90357 0.019283
threshold=-1.3891210033224275 0.61251415596868197 -0.5 1.0000000180025095e-35 -0.9159756150367534
decision_type=2 2 2 2 2
left_child=4 3 -3 -2 -1
right_child=1 2 -4 -5 -6
leaf_value=-0.0015113042208820544 -0.006101892570610298 0.022467665238728323 0.0018238250025721179 0.0059707898709225006 -0.022215190248021443
leaf_weight=1.5715009379200662 76.794814696535468 29.773423058912158 30.008210275322199 73.784241822548211 28.199600022751838
leaf_count=229 840 1173 516 543 9198
internal_value=0.00028437 0.00425316 0.0138516 -0.000182804 -0.0217771
internal_weight=240.132 210.361 59.7816 150.579 29.7711
internal_count=12499 3072 1689 1383 9427
is_linear=0
shrinkage=0.03


Tree=147
num_leaves=6
num_cat=0
split_feature=0 0 1 6 5
split_gain=24.6097 10.1688 4.4216 0.246608 0.0162996
threshold=-1.3891210033224275 1.4313389241458709 0.35301885426456531 0.68301270189221941 -0.9159756150367534
decision_type=2 2 2 2 2
left_child=4 2 -2 -3 -1
right_child=1 3 -4 -5 -6
leaf_value=-0.0015054557351865815 -0.00080425693978294769 0.020352703817537128 0.012348958276359063 0.0055811293855449404 -0.022084612349522866
leaf_weight=1.5691619389690483 161.75526426173747 19.788004200905565 16.633347112685442 11.417587235569952 27.583794270874932
leaf_count=229 1668 984 156 264 9198
internal_value=0.000277869 0.00417388 0.00101258 0.0176141 -0.0216444
internal_weight=238.747 209.594 178.389 31.2056 29.153
internal_count=12499 3072 1824 1248 9427
is_linear=0
shrinkage=0.03


Tree=148
num_leaves=7
num_cat=0
split_feature=0 2 2 5 1 3
split_gain=24.0476 15.525 14.1134 12.8062 5.58058 3.62754
threshold=1.0000000180025095e-35 0.44500000000000006 0.51500000000000012 -0.5 0.30583528090997397 0.65054712357065236
decision_type=2 2 2 2 2 2
left_child=1 4 -2 -3 -1 -4
right_child=2 3 5 -5 -6 -7
leaf_value=-0.020418914583937492 0.0150529836028458 0.011002513933412904 -0.012686927705647919 -0.016393623460783581 0.0030440913895523614 0.0045268122420860767
leaf_weight=58.165548166958615 88.7318019811064 40.656563163734972 18.850750036537651 12.258573534898458 7.7823891865555188 11.259733274579046
leaf_count=6404 1739 1073 129 2795 146 213
internal_value=0.000287177 -0.00888761 0.00944115 0.0030589 -0.0176138 -0.00672614
internal_weight=237.705 118.863 118.842 52.9151 65.9479 30.1105
internal_count=12499 10418 2081 3868 6550 342
is_linear=0
shrinkage=0.03


Tree=149
num_leaves=6
num_cat=0
split_feature=0 0 7 6 5
split_gain=23.3388 9.72537 4.42786 0.296752 0.00475541
threshold=-1.3891210033224275 1.4313389241458709 0.25000000000000017 0.68301270189221941 -0.9159756150367534
decision_type=2 2 2 2 2
left_child=4 2 -2 -3 -1
right_child=1 3 -4 -5 -6
leaf_value=-0.0015139869273000587 0.0039334379165938838 0.020112398519880614 -0.0057760062314434479 0.0053584187026019603 -0.02185239603943227
leaf_weight=1.5725525123998547 126.09049895592034 19.146413950249556 51.512721424922347 11.244407031685112 26.53540764702484
leaf_count=229 1263 984 561 264 9198
internal_value=0.000260622 0.00403702 0.000959502 0.0173317 -0.0214104
internal_weight=236.102 207.994 177.603 30.3908 28.108
internal_count=12499 3072 1824 1248 9427
is_linear=0
shrinkage=0.03


end of trees

feature_importances:
base_margin=471
nwp_cloud=82
nwp_minus_base=81
month_cos=51
hour_cos=38
month_sin=30
margin_cloud=3

parameters:
[boosting: gbdt]
[objective: binary]
[metric: binary_logloss]
[tree_learner: serial]
[device_type: cpu]
[data_sample_strategy: bagging]
[data: ]
[valid: ]
[num_iterations: 150]
[learning_rate: 0.03]
[num_leaves: 7]
[num_threads: 2]
[seed: 0]
[deterministic: 1]
[force_col_wise: 1]
[force_row_wise: 0]
[histogram_pool_size: -1]
[max_depth: 3]
[min_data_in_leaf: 100]
[min_sum_hessian_in_leaf: 0.001]
[bagging_fraction: 1]
[pos_bagging_fraction: 1]
[neg_bagging_fraction: 1]
[bagging_freq: 0]
[bagging_seed: 7719]
[bagging_by_query: 0]
[feature_fraction: 1]
[feature_fraction_bynode: 1]
[feature_fraction_seed: 2437]
[extra_trees: 0]
[extra_seed: 11797]
[early_stopping_round: 0]
[early_stopping_min_delta: 0]
[first_metric_only: 0]
[max_delta_step: 0]
[lambda_l1: 0]
[lambda_l2: 10]
[linear_lambda: 0]
[min_gain_to_split: 0]
[drop_rate: 0.1]
[max_drop: 50]
[skip_drop: 0.5]
[xgboost_dart_mode: 0]
[uniform_drop: 0]
[drop_seed: 21238]
[top_rate: 0.2]
[other_rate: 0.1]
[min_data_per_group: 100]
[max_cat_threshold: 32]
[cat_l2: 10]
[cat_smooth: 10]
[max_cat_to_onehot: 4]
[top_k: 20]
[monotone_constraints: ]
[monotone_constraints_method: basic]
[monotone_penalty: 0]
[feature_contri: ]
[forcedsplits_filename: ]
[refit_decay_rate: 0.9]
[cegb_tradeoff: 1]
[cegb_penalty_split: 0]
[cegb_penalty_feature_lazy: ]
[cegb_penalty_feature_coupled: ]
[path_smooth: 0]
[interaction_constraints: ]
[verbosity: -1]
[saved_feature_importance_type: 0]
[use_quantized_grad: 0]
[num_grad_quant_bins: 4]
[quant_train_renew_leaf: 0]
[stochastic_rounding: 1]
[linear_tree: 0]
[max_bin: 255]
[max_bin_by_feature: ]
[min_data_in_bin: 3]
[bin_construct_sample_cnt: 200000]
[data_random_seed: 38]
[is_enable_sparse: 1]
[enable_bundle: 1]
[use_missing: 1]
[zero_as_missing: 0]
[feature_pre_filter: 1]
[pre_partition: 0]
[two_round: 0]
[header: 0]
[label_column: ]
[weight_column: ]
[group_column: ]
[ignore_column: ]
[categorical_feature: ]
[forcedbins_filename: ]
[precise_float_parser: 0]
[parser_config_file: ]
[objective_seed: 8855]
[num_class: 1]
[is_unbalance: 0]
[scale_pos_weight: 1]
[sigmoid: 1]
[boost_from_average: 1]
[reg_sqrt: 0]
[alpha: 0.9]
[fair_c: 1]
[poisson_max_delta_step: 0.7]
[tweedie_variance_power: 1.5]
[lambdarank_truncation_level: 30]
[lambdarank_norm: 1]
[label_gain: ]
[lambdarank_position_bias_regularization: 0]
[eval_at: ]
[multi_error_top_k: 1]
[auc_mu_weights: ]
[num_machines: 1]
[local_listen_port: 12400]
[time_out: 120]
[machine_list_filename: ]
[machines: ]
[gpu_platform_id: -1]
[gpu_device_id: -1]
[gpu_device_id_list: ]
[gpu_use_dp: 0]
[num_gpu: 1]

end of parameters

pandas_categorical:[]
