tree
version=v4
num_class=1
num_tree_per_iteration=1
label_index=0
max_feature_idx=8
objective=regression
feature_names=temperature_2m shortwave_radiation relative_humidity_2m cloud_cover nwp_radiation nwp_cloud radiation_yesterday hour month
feature_infos=[1.3999999999999999:38.100000000000001] [0:990] [16:100] [0:100] [0:992] [0:100] [0:990] [0:23] [1:12]
tree_sizes=2690 2719 2710 2705 2712 2707 2700 2703 2691 2702 2695 2694 2684 2684 2677 2698 2678 2680 2669 2691 2678 2693 2678 2667 2669 2664 2665 2682 2688 2677 2680 2678 2695 2676 2662 2680 2672 2678 2677 2676 2676 2681 2691 2668 2672 2693 2668 2679 2674 2667 2663 2682 2668 2666 2673 2685 2690 2661 2704 2684 2688 2698 2672 2677 2679 2692 2672 2685 2691 2680 2712 2719 2701 2710 2718 2697 2700 2694 2704 2682 2674 2680 2696 2687 2708 2717 2700 2690 2693 2709 2695 2704 2697 2697 2711 2705 2701 2685 2671 2706 2710 2731 2732 2715 2698 2704 2710 2705 2700 2697 2679 2698 2688 2689 2715 2721 2697 2752 2710 2733 2723 2692 2712 2732 2701 2702 2740 2741 2714 2749 2726 2766 2722 2745 2692 2735 2717 2739 2727 2700 2716 2720 2732 2714 2747 2695 2711 2739 2692 2733 2739 2734 2727 2767 2743 2699 2703 2713 2742

Tree=0
num_leaves=31
num_cat=0
split_feature=4 4 4 4 4 4 4 1 1 6 6 1 6 6 4 1 4 6 4 4 6 4 4 4 5 6 1 0 0 1
split_gain=1.25088e+09 1.18245e+08 7.63021e+07 1.5587e+07 1.41886e+07 5.28394e+06 3.78462e+06 2.94089e+06 2.17987e+06 1.92047e+06 1.8837e+06 1.30795e+06 845344 761524 712286 510452 493850 407967 350870 347546 306898 298132 245206 228595 226162 214830 187705 183122 177499 175839
threshold=324.50000000000006 637.50000000000011 108.50000000000001 475.50000000000006 781.50000000000011 235.50000000000003 36.500000000000007 589.50000000000011 883.50000000000011 707.50000000000011 445.50000000000006 196.50000000000003 305.50000000000006 711.50000000000011 543.50000000000011 606.50000000000011 381.50000000000006 831.50000000000011 705.50000000000011 851.50000000000011 82.500000000000014 156.50000000000003 929.50000000000011 12.500000000000002 99.500000000000014 528.50000000000011 657.50000000000011 26.250000000000004 24.550000000000004 485.50000000000006
decision_type=2 2 2 2 2 2 2 2 2 2 2 2 2 2 2 2 2 2 2 2 2 2 2 2 2 2 2 2 2 2
left_child=2 3 6 10 9 11 23 14 19 -3 16 21 -7 24 25 -12 -2 18 27 28 -8 -4 -10 -1 26 -5 -9 -11 -6 -14
right_child=1 4 5 7 8 12 20 13 22 17 15 -13 29 -15 -16 -17 -18 -19 -20 -21 -22 -23 -24 -25 -26 -27 -28 -29 -30 -31
leaf_value=220.51266515323752 238.72286114449085 253.97062669447817 227.30507145240668 245.12821888295881 260.05540961271561 233.75470211352632 223.41018247131126 250.64856131802429 265.71773343564746 253.58067849792383 243.43852863525623 231.72145266872113 236.80482064005585 255.70787141613243 248.80329413397948 249.20329754697698 241.15712357281114 261.49302411546478 258.52933560831997 263.89734508978307 225.43457978747355 229.52391375193218 267.90896670590269 221.70755962394261 247.48973657936378 247.2399377540759 253.109590001703 256.94951900561739 262.15518480553544 240.81901231043668
leaf_weight=8127 388 451 343 332 155 401 557 370 412 57 448 504 301 95 353 42 450 81 422 208 282 271 185 421 46 189 98 138 287 30
leaf_count=8127 388 451 343 332 155 401 557 370 412 57 448 504 301 95 353 42 450 81 422 208 282 271 185 421 46 189 98 138 287 30
internal_value=232.102 252.361 222.715 245.405 260.522 231.996 220.886 248.928 264.215 256.514 241.47 229.834 235.298 251.595 247.069 243.933 240.03 258.157 257.719 262.212 224.091 228.284 266.397 220.572 250.835 245.894 251.164 255.965 261.419 237.169
internal_weight=16444 5207 11237 2811 2396 1850 9387 1483 1247 1149 1328 1118 732 609 874 490 838 698 617 650 839 614 597 8548 514 521 468 195 442 331
internal_count=16444 5207 11237 2811 2396 1850 9387 1483 1247 1149 1328 1118 732 609 874 490 838 698 617 650 839 614 597 8548 514 521 468 195 442 331
is_linear=0
shrinkage=1


Tree=1
num_leaves=31
num_cat=0
split_feature=4 4 4 4 4 4 4 6 1 1 1 1 6 1 4 1 6 4 6 4 4 6 6 1 5 1 1 1 6 1
split_gain=1.12892e+09 1.0683e+08 6.88626e+07 1.74512e+07 9.75041e+06 4.78739e+06 3.41562e+06 3.05695e+06 1.96733e+06 1.70415e+06 1.51887e+06 1.32226e+06 695103 496728 493296 437911 384185 362529 345348 314075 283313 278498 243688 222749 208097 208018 191707 189244 187552 178003
threshold=324.50000000000006 602.50000000000011 108.50000000000001 781.50000000000011 475.50000000000006 244.50000000000003 36.500000000000007 701.50000000000011 883.50000000000011 445.50000000000006 586.50000000000011 196.50000000000003 327.50000000000006 767.50000000000011 381.50000000000006 606.50000000000011 528.50000000000011 675.50000000000011 711.50000000000011 839.50000000000011 152.50000000000003 75.500000000000014 872.50000000000011 931.50000000000011 79.500000000000014 10.500000000000002 641.50000000000011 481.50000000000006 355.50000000000006 255.50000000000003
decision_type=2 2 2 2 2 2 2 2 2 2 2 2 2 2 2 2 2 2 2 2 2 2 2 2 2 2 2 2 2 2
left_child=2 4 6 7 9 11 25 17 19 14 16 20 -7 -9 28 -11 -6 26 -12 -5 -4 -8 24 -10 -15 -1 -3 -14 -2 -13
right_child=1 3 5 8 10 12 21 13 23 15 18 29 27 22 -16 -17 -18 -19 -20 -21 -22 -23 -24 -25 -26 -27 -28 -29 -30 -31
leaf_value=-11.013968971481976 5.0080642810681972 18.137870463251552 -4.6514439462480093 27.70085711823296 12.868296021933951 2.0747638544390719 -8.3763020189797004 23.479341647141762 31.768231260027207 10.866700376710938 17.108905992995609 -0.87508886913445538 4.9420845799113433 26.029981331015534 8.6932690569008635 16.113803317330103 15.083792630450828 21.660040740966799 21.672052586332285 29.941520357677959 -2.5117263177115667 -6.5265438483840104 30.113765462239584 33.729254891708315 21.636279010772707 -9.9329898226792661 20.190753175531114 9.3831497051097728 7.2132392779374745 1.0136512154662931
leaf_weight=8077 164 231 315 388 436 421 492 449 350 413 352 383 215 265 473 44 355 210 47 262 304 347 33 247 30 471 224 27 234 185
leaf_count=8077 164 231 315 388 436 421 492 449 350 413 352 383 215 265 473 44 355 210 47 262 304 347 33 247 30 471 224 27 234 185
internal_value=9.52314e-09 19.2455 -8.91796 26.1758 11.8445 -0.1011 -10.6556 22.4301 30.5073 8.89917 15.1313 -2.00202 3.30222 24.5599 7.60176 11.3719 13.8626 19.9416 17.6464 28.604 -3.6006 -7.61126 26.039 32.5796 25.5832 -10.9544 19.1485 5.43758 6.30457 -0.259918
internal_weight=16444 5207 11237 2689 2518 1850 9387 1442 1247 1328 1190 1187 663 777 871 457 791 665 399 650 619 839 328 597 295 8548 455 242 398 568
internal_count=16444 5207 11237 2689 2518 1850 9387 1442 1247 1328 1190 1187 663 777 871 457 791 665 399 650 619 839 328 597 295 8548 455 242 398 568
is_linear=0
shrinkage=0.05


Tree=2
num_leaves=31
num_cat=0
split_feature=4 4 4 4 4 4 4 1 6 1 6 6 1 4 6 1 1 1 4 4 5 4 6 5 4 4 4 6 1 6
split_gain=1.01885e+09 9.64292e+07 6.21485e+07 1.29436e+07 1.13668e+07 4.32062e+06 3.0826e+06 2.1002e+06 1.97083e+06 1.77552e+06 1.56738e+06 1.19408e+06 636140 509656 484738 427948 412758 384520 288006 256681 236967 227053 224374 223768 221117 211536 203580 188216 185322 178336
threshold=324.50000000000006 624.50000000000011 108.50000000000001 781.50000000000011 475.50000000000006 244.50000000000003 36.500000000000007 589.50000000000011 707.50000000000011 883.50000000000011 445.50000000000006 192.50000000000003 317.50000000000006 543.50000000000011 711.50000000000011 394.50000000000006 606.50000000000011 774.50000000000011 851.50000000000011 71.500000000000014 99.500000000000014 687.50000000000011 875.50000000000011 79.500000000000014 137.50000000000003 929.50000000000011 402.50000000000006 10.500000000000002 465.50000000000006 260.50000000000006
decision_type=2 2 2 2 2 2 2 2 2 2 2 2 2 2 2 2 2 2 2 2 2 2 2 2 2 2 2 2 2 2
left_child=2 4 6 8 10 11 27 13 21 18 15 24 -7 -6 20 26 -12 -10 -5 -8 -9 -3 23 -19 -4 -11 -2 -1 -14 -13
right_child=1 3 5 9 7 12 19 14 17 25 16 29 28 -15 -16 -17 -18 22 -20 -21 -22 -23 -24 -25 -26 -27 -28 -29 -30 -31
leaf_value=-10.463406767993945 5.5554221734031 18.73351713121772 -4.7652519918467906 26.45182166552652 12.416635137327345 1.8693497140739368 -7.9669666725360688 17.140242484935282 22.573134902750198 30.31991187530814 10.256248945849283 -0.8835801366673105 4.5070732120845625 14.920994037765642 21.065916740120233 8.3430365109564999 15.440097036815827 24.962838396894824 28.708056641083502 -6.1918902200528949 13.197774237678164 20.962592656271799 29.032276763916016 19.968545700073243 -2.7576612101426243 32.355150187724348 8.2638759091842999 -9.4361906374915172 8.3650468084547267 1.0187345303551998
leaf_weight=8076 359 357 219 442 521 397 491 412 449 412 448 428 230 333 77 393 42 218 208 348 42 168 30 25 367 185 86 472 36 173
leaf_count=8076 359 357 219 442 521 397 491 412 449 412 448 428 230 333 77 393 42 218 208 348 42 168 30 25 367 185 86 472 36 173
internal_value=-1.52643e-07 18.2832 -8.47207 25.3799 11.7593 -0.0960447 -10.1228 14.9285 21.7779 28.9819 8.45421 -1.90192 3.1371 13.3932 17.3977 7.1407 10.7006 23.4729 27.1738 -7.2307 16.7755 19.4468 24.9527 24.449 -3.50794 30.9506 6.07885 -10.4067 5.0292 -0.335992
internal_weight=16444 5207 11237 2494 2713 1850 9387 1385 1247 1247 1328 1187 663 854 531 838 490 722 650 839 454 525 273 243 586 597 445 8548 266 601
internal_count=16444 5207 11237 2494 2713 1850 9387 1385 1247 1247 1328 1187 663 854 531 838 490 722 650 839 454 525 273 243 586 597 445 8548 266 601
is_linear=0
shrinkage=0.05


Tree=3
num_leaves=31
num_cat=0
split_feature=4 4 4 4 4 4 4 6 6 1 1 1 6 6 4 1 6 4 4 4 0 4 6 1 4 1 3 0 1 6
split_gain=9.19509e+08 8.71314e+07 5.6089e+07 1.41834e+07 7.95299e+06 3.91097e+06 2.78331e+06 2.48436e+06 1.81035e+06 1.60432e+06 934421 910736 704054 481052 438156 408080 354109 296383 289187 267424 211267 202571 197983 186467 185834 176780 172651 167568 164682 148276
threshold=324.50000000000006 602.50000000000011 108.50000000000001 781.50000000000011 448.50000000000006 230.50000000000003 30.500000000000004 701.50000000000011 554.50000000000011 887.50000000000011 192.50000000000003 413.50000000000006 305.50000000000006 711.50000000000011 523.50000000000011 767.50000000000011 542.50000000000011 687.50000000000011 64.500000000000014 839.50000000000011 26.050000000000004 370.50000000000006 872.50000000000011 641.50000000000011 137.50000000000003 950.50000000000011 26.500000000000004 25.350000000000005 503.50000000000006 332.50000000000006
decision_type=2 2 2 2 2 2 2 2 2 2 2 2 2 2 2 2 2 2 2 2 2 2 2 2 2 2 2 2 2 2
left_child=2 4 6 7 11 10 -1 17 14 19 24 21 -7 20 28 -9 -13 23 -8 27 -10 -2 26 -3 -4 -11 -17 -5 -6 -12
right_child=1 3 5 9 8 12 18 15 13 25 29 16 -14 -15 -16 22 -18 -19 -20 -21 -22 -23 -24 -25 -26 -27 -28 -29 -30 -31
leaf_value=-9.9003109025121816 5.1511752966911573 16.426173552846521 -4.5554750672093141 23.662027447660208 10.136921055765178 1.3100505919124734 -7.8222819389835481 21.191626316401901 13.681407744829892 28.981727734734029 -0.73086012214799689 8.5370160961452015 4.3653481416716549 19.749190425872804 13.176218725532614 23.522723174004501 12.587528764432477 19.875305858754224 -6.0427477134563397 27.069441816232501 15.611479974641771 6.994472731873393 27.184487545129027 18.350192429298581 -2.7042065849670998 31.048991247106486 19.6330532040447 25.806656556617554 12.01187599980554 2.1642353231809577
leaf_weight=8468 279 246 216 142 367 433 496 449 262 442 454 416 334 52 279 263 62 161 423 274 309 320 33 258 364 135 32 254 172 49
leaf_count=8468 279 246 216 142 367 433 496 449 262 442 454 416 334 52 279 263 62 161 423 274 309 320 33 258 364 135 32 254 172 49
internal_value=-6.23144e-08 17.369 -8.04846 23.6279 10.6851 -0.0912425 -9.61668 20.251 13.1144 27.5328 -2.02593 7.43476 2.64052 15.1452 11.5678 22.171 9.0624 18.0077 -7.00319 25.8685 14.7259 6.13591 23.5117 17.4111 -3.39364 29.4654 23.1008 25.0376 10.7352 -0.448833
internal_weight=16444 5207 11237 2689 2518 1850 9387 1442 1441 1247 1083 1077 767 623 818 777 478 665 919 670 571 599 328 504 580 577 295 396 539 503
internal_count=16444 5207 11237 2689 2518 1850 9387 1442 1441 1247 1083 1077 767 623 818 777 478 665 919 670 571 599 328 504 580 577 295 396 539 503
is_linear=0
shrinkage=0.05


Tree=4
num_leaves=31
num_cat=0
split_feature=4 4 4 4 4 6 4 6 1 1 4 1 6 4 4 6 6 4 4 6 1 0 4 6 1 6 4 4 1 0
split_gain=8.29857e+08 7.86361e+07 5.06203e+07 1.28006e+07 7.17757e+06 3.55982e+06 2.51618e+06 2.24213e+06 1.64107e+06 1.44959e+06 868661 822972 500768 474751 393965 377845 348613 272019 238697 223022 201279 190275 186728 184723 183652 176394 170071 164535 149737 148708
threshold=324.50000000000006 602.50000000000011 108.50000000000001 781.50000000000011 448.50000000000006 245.50000000000003 36.500000000000007 701.50000000000011 564.50000000000011 883.50000000000011 183.50000000000003 405.50000000000006 332.50000000000006 535.50000000000011 710.50000000000011 711.50000000000011 542.50000000000011 668.50000000000011 851.50000000000011 82.500000000000014 789.50000000000011 25.650000000000002 244.50000000000003 153.50000000000003 923.50000000000011 487.50000000000006 370.50000000000006 10.500000000000002 481.50000000000006 24.550000000000004
decision_type=2 2 2 2 2 2 2 2 2 2 2 2 2 2 2 2 2 2 2 2 2 2 2 2 2 2 2 2 2 2
left_child=2 4 6 7 11 10 27 17 13 18 23 26 -7 25 -9 21 -13 -3 29 -8 -16 -10 -14 -4 -11 -6 -2 -1 -24 -5
right_child=1 3 5 9 8 12 19 14 15 24 -12 16 22 -15 20 -17 -18 -19 -20 -21 -22 -23 28 -25 -26 -27 -28 -29 -30 -31
leaf_value=-9.4446235780310328 4.7428010689195741 16.337442257625192 -4.2102072098776437 22.617187736265123 9.5924574572044801 1.4997234607954946 -7.1029545282333082 19.680577154928642 13.024888361591691 27.056582580156778 -0.45036427585550254 7.9755146317600465 1.72672589388676 12.965413846904713 21.258672455984453 18.720314125061034 11.958152561803018 18.435630248218285 25.919180789360635 -5.3772248068599842 23.474066965203537 14.981807419757715 4.3163412779133496 -2.4034667420262661 28.810510563930144 11.26552028592215 6.5315744526194841 -8.4724751712964927 8.2774725454824942 24.539133424127559
leaf_weight=8088 258 421 279 155 333 477 557 310 213 298 511 483 64 248 315 50 62 244 208 282 152 298 205 287 299 299 274 460 27 287
leaf_count=8088 258 421 279 155 333 477 557 310 213 298 511 483 64 248 315 50 62 244 208 282 152 298 205 287 299 299 274 460 27 287
internal_value=-2.80106e-08 16.5006 -7.64604 22.4465 10.1509 -0.0866803 -9.13585 19.2385 12.4587 26.1562 -1.94483 7.06302 2.50223 11.1115 21.0624 14.572 8.42859 17.1073 24.5224 -6.52291 21.9797 14.1661 4.11774 -3.29407 27.935 10.384 5.66409 -9.39231 4.77734 23.8651
internal_weight=16444 5207 11237 2689 2518 1850 9387 1442 1441 1247 1077 1077 773 880 777 561 545 665 650 839 467 511 296 566 597 632 532 8548 232 442
internal_count=16444 5207 11237 2689 2518 1850 9387 1442 1441 1247 1077 1077 773 880 777 561 545 665 650 839 467 511 296 566 597 632 532 8548 232 442
is_linear=0
shrinkage=0.05


Tree=5
num_leaves=31
num_cat=0
split_feature=4 4 4 4 4 4 4 1 1 6 1 6 6 4 6 1 4 6 6 6 4 4 4 4 0 5 6 0 1 4
split_gain=7.48946e+08 7.10178e+07 4.56975e+07 9.80259e+06 8.1366e+06 3.66303e+06 1.81296e+06 1.69093e+06 1.40045e+06 1.32586e+06 1.04661e+06 805148 724878 539806 490698 356014 346617 244462 234042 233012 178962 173889 152688 149264 185991 144858 133977 131415 127851 124082
threshold=324.50000000000006 642.50000000000011 98.500000000000014 494.50000000000006 798.50000000000011 214.50000000000003 27.500000000000004 468.50000000000006 624.50000000000011 747.50000000000011 898.50000000000011 290.50000000000006 168.50000000000003 402.50000000000006 563.50000000000011 770.50000000000011 701.50000000000011 591.50000000000011 831.50000000000011 383.50000000000006 851.50000000000011 60.500000000000007 561.50000000000011 705.50000000000011 24.550000000000004 99.500000000000014 383.50000000000006 25.350000000000005 213.50000000000003 268.50000000000006
decision_type=2 2 2 2 2 2 2 2 2 2 2 2 2 2 2 2 2 2 2 2 2 2 2 2 2 2 2 2 2 2
left_child=2 3 6 7 9 12 -1 13 14 16 20 -7 -4 19 22 25 -3 -9 23 -2 27 -8 -5 24 -11 -10 -13 -6 -14 -28
right_child=1 4 5 8 10 11 21 17 15 18 -12 26 28 -15 -16 -17 -18 -19 -20 -21 -22 -23 -24 -25 -26 -27 29 -29 -30 -31
leaf_value=-8.9409565890184677 4.5629374338019835 16.783601811628316 -3.7763337412543261 10.948531372672633 21.807520363026097 0.68320364261134747 -7.1753327746903928 9.6407226625061551 15.977833530230399 14.739370207353071 26.855679791844537 3.0195934934616093 -1.7604584874458684 7.8488002734348701 13.724194389845417 20.464460222111192 19.115275053256553 12.816246954600016 22.938203398132327 6.4989326422694349 24.75842315108688 -5.7572548457554413 12.832494453430176 20.981664136169996 19.9304682636261 12.422053462266923 2.6146184444427494 23.79500594267974 -0.21115895358797832 5.8904921633856642
leaf_weight=8429 304 387 469 380 133 504 493 383 273 22 501 275 309 435 452 43 271 72 125 318 270 385 150 354 80 32 41 222 234 98
leaf_count=8429 304 387 469 380 133 504 493 383 273 22 501 275 309 435 452 43 271 72 125 318 270 385 150 354 80 32 41 222 234 98
internal_value=5.81804e-08 15.6756 -7.26374 10.3488 22.0767 -0.261815 -8.71573 7.5947 13.4798 19.2809 25.1531 2.02526 -2.33646 6.49766 12.5139 16.2052 17.7439 10.1432 21.0215 5.55272 23.7883 -6.55351 11.4817 20.4961 18.8108 15.6048 3.65907 23.0504 -1.0928 4.92423
internal_weight=16444 5207 11237 2842 2365 1930 9307 1512 1330 1239 1126 918 1012 1057 982 348 658 455 581 622 625 878 530 456 102 305 414 355 543 139
internal_count=16444 5207 11237 2842 2365 1930 9307 1512 1330 1239 1126 918 1012 1057 982 348 658 455 581 622 625 878 530 456 102 305 414 355 543 139
is_linear=0
shrinkage=0.05


Tree=6
num_leaves=31
num_cat=0
split_feature=4 4 4 4 4 4 6 6 1 1 1 6 6 6 1 4 4 6 1 4 0 0 4 6 4 4 1 3 0 6
split_gain=6.7598e+08 6.94955e+07 3.5422e+07 1.04149e+07 7.08546e+06 2.60137e+06 1.84734e+06 1.64071e+06 1.41644e+06 1.18387e+06 921995 743687 404941 375763 316034 278474 276719 244493 241393 196228 187267 179991 168142 155808 148954 144812 140607 139112 126938 117874
threshold=307.50000000000006 602.50000000000011 98.500000000000014 781.50000000000011 444.50000000000006 194.50000000000003 701.50000000000011 30.500000000000004 540.50000000000011 883.50000000000011 413.50000000000006 290.50000000000006 163.50000000000003 711.50000000000011 759.50000000000011 352.50000000000006 535.50000000000011 542.50000000000011 674.50000000000011 839.50000000000011 25.650000000000002 20.150000000000002 929.50000000000011 879.50000000000011 64.500000000000014 254.50000000000003 614.50000000000011 42.500000000000007 25.350000000000005 528.50000000000011
decision_type=2 2 2 2 2 2 2 2 2 2 2 2 2 2 2 2 2 2 2 2 2 2 2 2 2 2 2 2 2 2
left_child=2 4 7 6 10 12 18 -1 16 19 15 25 -4 20 -8 -2 29 -12 -3 28 -10 -16 -11 27 -9 -7 -22 -23 -5 -6
right_child=1 3 5 9 8 11 14 24 13 22 17 -13 -14 -15 21 -17 -18 -19 -20 -21 26 23 -24 -25 -26 -27 -28 -29 -30 -31
leaf_value=-8.4916348534551531 3.7063897284666698 14.811991765775396 -3.7495393235536549 20.214855676378523 8.856168521988776 -0.31711923485804255 18.040581034176313 -6.7296510960505564 11.560922644046931 24.654111245534953 7.2843929670570269 3.1740394994652448 -1.5161386802278061 16.947719329833983 15.441511142849922 5.7029187042319611 11.504394046712367 10.725822017960631 16.892280555610082 23.189626281680045 12.57218726955114 20.257304263424565 26.468627352327914 23.703377532958985 -5.3825765567543229 1.2522184294408263 14.713271022487332 15.954026350975036 22.098032477594192 10.770264569918316
leaf_weight=8448 300 466 422 140 496 439 398 520 313 412 412 311 391 50 20 418 161 59 199 262 248 308 185 31 339 221 111 20 248 96
leaf_count=8448 300 466 422 140 496 439 398 520 313 412 412 311 391 50 20 418 161 59 199 262 248 308 185 31 339 221 111 20 248 96
internal_value=-1.57155e-07 14.5922 -7.04282 20.2627 8.86846 -0.588825 17.369 -8.27994 11.1836 23.6089 5.99641 1.15824 -2.67542 12.766 19.0246 4.86871 9.66642 7.71548 15.4345 22.1324 12.4548 20.058 25.2164 20.3151 -6.19803 0.208371 13.2342 19.9949 21.4185 9.16656
internal_weight=16444 5353 11091 2689 2664 1784 1442 9307 1475 1247 1189 971 813 722 777 718 753 471 665 650 672 379 597 359 859 660 359 328 388 592
internal_count=16444 5353 11091 2689 2664 1784 1442 9307 1475 1247 1189 971 813 722 777 718 753 471 665 650 672 379 597 359 859 660 359 328 388 592
is_linear=0
shrinkage=0.05


Tree=7
num_leaves=31
num_cat=0
split_feature=4 4 4 4 4 4 6 1 6 1 6 6 6 6 4 4 1 4 1 1 6 3 6 6 1 1 5 0 0 1
split_gain=6.1008e+08 6.14664e+07 3.33151e+07 9.39945e+06 6.10963e+06 2.51384e+06 1.66723e+06 1.48942e+06 1.21795e+06 1.07567e+06 796589 749682 368217 331427 304379 293226 264668 225342 217857 212592 166257 163326 161787 141901 138883 122011 114601 114428 110544 109858
threshold=312.50000000000006 602.50000000000011 98.500000000000014 781.50000000000011 448.50000000000006 194.50000000000003 701.50000000000011 24.500000000000004 554.50000000000011 898.50000000000011 426.50000000000006 290.50000000000006 168.50000000000003 711.50000000000011 717.50000000000011 523.50000000000011 373.50000000000006 839.50000000000011 674.50000000000011 606.50000000000011 62.500000000000007 8.5000000000000018 804.50000000000011 865.50000000000011 249.50000000000003 472.50000000000006 74.500000000000014 26.250000000000004 25.350000000000005 961.50000000000011
decision_type=2 2 2 2 2 2 2 2 2 2 2 2 2 2 2 2 2 2 2 2 2 2 2 2 2 2 2 2 2 2
left_child=2 4 7 6 10 12 18 -1 15 17 16 24 -4 21 23 25 -2 28 -3 -12 -9 -10 -16 27 -7 -6 -20 -8 -5 -11
right_child=1 3 5 9 8 11 14 20 13 29 19 -13 -14 -15 22 -17 -18 -19 26 -21 -22 -23 -24 -25 -26 -27 -28 -29 -30 -31
leaf_value=-8.0782062880293175 3.9086586392624181 14.071392050321521 -3.485519280996952 19.321550460026184 7.8668558581122046 -0.36287847896257941 15.501967254331555 -6.5296974257060461 12.709289304818681 23.860413222509205 7.2950744844153723 3.0894200910705814 -1.3420356402444191 16.169067936677202 18.404788206781223 10.729099291456215 5.7679830027222643 22.182611224171637 16.523061640318051 11.882421380502208 -5.1768157909053789 10.992026959031316 20.643370765502301 21.091918830871585 1.1189297099256148 9.3861787022519199 13.019224082099067 17.433441297975303 21.03990837732951 25.770978828098464
leaf_weight=8365 367 466 455 145 232 406 118 560 335 413 391 344 358 52 311 279 400 333 172 27 382 236 109 20 259 307 27 219 264 92
leaf_count=8365 367 466 455 145 232 406 118 560 335 413 391 344 358 52 311 279 400 333 172 27 382 236 109 20 259 307 27 219 264 92
internal_value=-5.41962e-08 13.9359 -6.65554 19.2495 8.49485 -0.472626 16.5005 -7.86595 10.6819 22.4284 5.83533 1.19448 -2.54165 12.3475 18.0734 9.41331 4.87832 21.2169 14.6628 7.59139 -5.98108 11.9995 18.9858 17 0.214247 8.73222 16.0477 16.7571 20.4307 24.2085
internal_weight=16444 5315 11129 2689 2626 1822 1442 9307 1441 1247 1185 1009 813 623 777 818 767 742 665 418 942 571 420 357 665 539 199 337 409 505
internal_count=16444 5315 11129 2689 2626 1822 1442 9307 1441 1247 1185 1009 813 623 777 818 767 742 665 418 942 571 420 357 665 539 199 337 409 505
is_linear=0
shrinkage=0.05


Tree=8
num_leaves=31
num_cat=0
split_feature=4 4 4 4 4 6 4 1 1 6 1 4 4 1 6 1 4 6 1 0 6 6 1 4 0 5 4 4 1 5
split_gain=5.50659e+08 5.234e+07 3.36179e+07 7.23049e+06 5.97615e+06 2.21348e+06 2.01015e+06 1.25854e+06 1.04858e+06 971869 773631 475766 408484 372756 360997 286657 269496 188195 186440 183031 181858 177122 164966 135153 140483 124890 111861 103708 133711 97991.3
threshold=324.50000000000006 642.50000000000011 116.50000000000001 494.50000000000006 798.50000000000011 245.50000000000003 41.500000000000007 468.50000000000006 624.50000000000011 747.50000000000011 898.50000000000011 183.50000000000003 402.50000000000006 317.50000000000006 563.50000000000011 770.50000000000011 701.50000000000011 110.50000000000001 603.50000000000011 19.950000000000003 365.50000000000006 831.50000000000011 8.5000000000000018 877.50000000000011 25.350000000000005 99.500000000000014 550.50000000000011 244.50000000000003 465.50000000000006 96.500000000000014
decision_type=2 2 2 2 2 2 2 2 2 2 2 2 2 2 2 2 2 2 2 2 2 2 2 2 2 2 2 2 2 2
left_child=2 3 6 7 9 11 22 12 14 16 23 -4 20 -7 26 25 -3 -8 29 -11 -2 -21 -1 24 -6 -10 -5 -15 -29 -9
right_child=1 4 5 8 10 13 17 18 15 19 -12 -13 -14 27 -16 -17 -18 -19 -20 21 -22 -23 -24 -25 -26 -27 -28 28 -30 -31
leaf_value=-7.6999497249110407 3.6448284124020285 14.377803366806464 -2.5434257175336423 9.2684444931865109 18.891973429418808 1.1718287477080562 -5.3961346669878285 8.6543049510465853 13.723218201018952 15.0393570331817 23.036849972897187 -0.37726260212682 6.7318568726791739 1.5906791034671997 11.759615289848464 17.737520896556767 16.433782645433151 -3.3443960192060112 11.249816673417246 17.808997316543874 5.4052901530265807 20.003767332788243 -6.835089991543744 21.768139907632559 20.655433240902969 10.421601673960687 10.765543232628362 3.3951203000438106 6.6801201237572574 6.5422064763126961
leaf_weight=8034 237 387 503 329 179 443 700 327 273 47 501 511 435 63 452 43 271 133 62 416 385 118 592 140 306 32 201 222 36 66
leaf_count=8034 237 387 503 329 179 443 700 327 273 47 501 511 435 63 452 43 271 133 62 416 385 118 592 140 306 32 201 222 36 66
internal_value=2.00241e-07 13.4412 -6.22839 8.86827 18.9365 0.079533 -7.41409 6.50294 11.5573 16.5404 21.573 -1.4518 5.5565 2.11196 10.7215 13.9156 15.2246 -5.06855 8.70161 18.0307 4.7345 18.294 -7.64059 20.3996 20.0046 13.3768 9.83621 3.40939 3.85349 8.2996
internal_weight=16444 5207 11237 2842 2365 1778 9459 1512 1330 1239 1126 1014 1057 764 982 348 658 833 455 581 622 534 8626 625 485 305 530 321 258 393
internal_count=16444 5207 11237 2842 2365 1778 9459 1512 1330 1239 1126 1014 1057 764 982 348 658 833 455 581 622 534 8626 625 485 305 530 321 258 393
is_linear=0
shrinkage=0.05


Tree=9
num_leaves=31
num_cat=0
split_feature=4 4 4 4 4 4 6 1 1 1 1 6 6 6 4 6 4 1 4 0 4 1 1 4 6 4 1 5 0 0
split_gain=4.97018e+08 5.11394e+07 2.60235e+07 7.65145e+06 5.21753e+06 1.91767e+06 1.37197e+06 1.21427e+06 1.05497e+06 878319 699763 550385 307785 281555 251380 211356 203801 182079 177419 157015 148063 141685 139957 138860 119064 118992 111931 101311 99269.2 93808.7
threshold=307.50000000000006 602.50000000000011 98.500000000000014 781.50000000000011 444.50000000000006 194.50000000000003 701.50000000000011 24.500000000000004 540.50000000000011 883.50000000000011 405.50000000000006 290.50000000000006 163.50000000000003 711.50000000000011 717.50000000000011 539.50000000000011 535.50000000000011 674.50000000000011 352.50000000000006 25.650000000000002 851.50000000000011 62.500000000000007 789.50000000000011 929.50000000000011 865.50000000000011 254.50000000000003 614.50000000000011 74.500000000000014 26.550000000000004 24.550000000000004
decision_type=2 2 2 2 2 2 2 2 2 2 2 2 2 2 2 2 2 2 2 2 2 2 2 2 2 2 2 2 2 2
left_child=2 4 7 6 10 12 17 -1 16 20 18 25 -4 19 24 -12 -6 -3 -2 -10 29 -9 -16 -11 28 -7 -21 -19 -8 -5
right_child=1 3 5 9 8 11 14 21 13 23 15 -13 -14 -15 22 -17 -18 27 -20 26 -22 -23 -24 -25 -26 -27 -28 -29 -30 -31
leaf_value=-7.2910355661760464 3.1016194893310871 12.688650906853411 -3.2350693777839155 17.464183224708801 7.850739368111701 -0.30058109654487031 14.035589865751044 -5.9017297636147497 9.866830530715065 21.118410812766808 6.0969688899485694 2.7270587748269945 -1.2879406947270988 14.574464632034301 16.513847970962527 9.1166253456563666 9.8570453098842084 14.942351115581602 4.767189747672993 10.808339772685883 20.073102154181555 -4.6517644046482287 18.457091867750972 22.767372457143424 19.095950622558593 1.1219875306228169 12.718658110472534 11.647940609190201 15.801081562042237 18.990679861194998
leaf_weight=8365 287 466 422 155 592 439 129 562 313 412 475 311 391 50 282 66 161 172 361 248 208 380 138 185 20 221 111 27 208 287
leaf_count=8365 287 466 422 155 592 439 129 562 313 412 475 311 391 50 282 66 161 172 361 248 208 380 138 185 20 221 111 27 208 287
internal_value=-1.56584e-07 12.5124 -6.03901 17.3767 7.6024 -0.507099 14.8964 -7.09938 9.58909 20.2448 5.13783 0.992914 -2.29863 10.9547 16.3232 6.46536 8.27971 13.2293 4.02951 10.6854 18.973 -5.3975 17.1523 21.6294 15.3477 0.175764 11.399 14.4954 15.1253 18.4554
internal_weight=16444 5353 11091 2689 2664 1784 1442 9307 1475 1247 1189 971 813 722 777 541 753 665 648 672 650 942 420 597 357 660 359 199 337 442
internal_count=16444 5353 11091 2689 2664 1784 1442 9307 1475 1247 1189 971 813 722 777 541 753 665 648 672 650 942 420 597 357 660 359 199 337 442
is_linear=0
shrinkage=0.05


Tree=10
num_leaves=31
num_cat=0
split_feature=4 4 6 4 4 1 4 6 6 1 1 4 6 1 1 4 6 4 4 6 5 5 4 4 4 1 1 5 4 4
split_gain=4.48558e+08 4.61533e+07 2.35169e+07 6.90543e+06 4.70882e+06 1.50738e+06 1.34388e+06 1.24281e+06 955306 794074 634893 408048 253154 249023 236842 235739 201443 197463 172338 171461 159000 145488 121173 118715 117421 117375 115477 111890 110852 97450.1
threshold=307.50000000000006 602.50000000000011 110.50000000000001 781.50000000000011 444.50000000000006 234.50000000000003 39.500000000000007 721.50000000000011 554.50000000000011 898.50000000000011 413.50000000000006 165.50000000000003 711.50000000000011 682.50000000000011 317.50000000000006 494.50000000000006 879.50000000000011 352.50000000000006 839.50000000000011 542.50000000000011 99.500000000000014 96.500000000000014 6.5000000000000009 86.500000000000014 244.50000000000003 603.50000000000011 794.50000000000011 74.500000000000014 637.50000000000011 244.50000000000003
decision_type=2 2 2 2 2 2 2 2 2 2 2 2 2 2 2 2 2 2 2 2 2 2 2 2 2 2 2 2 2 2
left_child=2 4 6 7 10 11 22 13 15 18 17 -4 21 28 -7 -6 20 -2 -5 -12 26 25 -1 -8 -16 -10 -9 -15 -3 -13
right_child=1 3 5 9 8 14 23 16 12 -11 19 29 -14 27 24 -17 -18 -19 -20 -21 -22 -23 -24 -25 -26 -27 -28 -29 -30 -31
leaf_value=-6.9523395195269746 2.9663835865855122 11.284287112164048 -2.7008480716496708 17.504052267651687 7.1023607844515784 0.76080666160831845 -5.1322040103414786 15.348710379399751 9.9251950436887668 20.761940232834014 5.9464574857099546 -0.929675728394879 13.928526438428804 14.529230727742636 0.99678351323898529 8.7772387129512026 19.596369433403016 4.6476113136162596 19.036123538088869 8.8284201848304882 12.096078273653985 7.7895395197958326 -6.2115713212783588 -3.768721419505404 3.38198694864034 11.45321014969122 17.020490383379389 11.476712864467077 12.765036947963338 1.0408356652853805
leaf_weight=7995 300 212 448 409 386 450 575 475 313 505 412 488 52 211 73 461 32 418 333 59 32 53 593 221 176 210 132 35 313 72
leaf_count=7995 300 212 448 409 386 450 575 475 313 505 412 488 52 211 73 461 32 418 333 59 32 53 593 221 176 210 132 35 313 72
internal_value=9.77679e-08 11.8867 -5.73706 16.5078 7.22228 -0.338819 -6.71902 14.1516 9.10963 19.2325 4.88094 -1.57611 10.5874 12.7822 1.44543 8.01395 15.725 3.94515 18.1916 6.30747 15.5312 10.2858 -6.90119 -4.75365 2.68271 10.5387 15.7123 14.0949 12.1671 -0.676324
internal_weight=16444 5353 11091 2689 2664 1707 9384 1442 1475 1247 1189 1008 628 771 699 847 671 718 742 471 639 576 8588 796 249 523 607 246 525 560
internal_count=16444 5353 11091 2689 2664 1707 9384 1442 1475 1247 1189 1008 628 771 699 847 671 718 742 471 639 576 8588 796 249 523 607 246 525 560
is_linear=0
shrinkage=0.05


Tree=11
num_leaves=31
num_cat=0
split_feature=4 4 4 4 4 4 4 6 6 4 1 1 1 6 6 4 1 0 1 6 4 1 4 1 5 4 0 5 0 1
split_gain=4.04835e+08 3.85257e+07 2.47615e+07 5.34096e+06 4.40569e+06 1.65612e+06 1.46808e+06 966560 787164 745122 571310 432240 307949 290870 222929 220810 206602 191642 176811 137618 135490 130687 127194 124848 118876 106477 118469 105875 104072 89954.3
threshold=324.50000000000006 642.50000000000011 116.50000000000001 494.50000000000006 798.50000000000011 244.50000000000003 41.500000000000007 449.50000000000006 646.50000000000011 705.50000000000011 898.50000000000011 196.50000000000003 586.50000000000011 365.50000000000006 789.50000000000011 407.50000000000006 770.50000000000011 26.250000000000004 603.50000000000011 99.500000000000014 547.50000000000011 373.50000000000006 356.50000000000006 12.500000000000002 74.500000000000014 877.50000000000011 25.350000000000005 93.500000000000014 15.750000000000002 961.50000000000011
decision_type=2 2 2 2 2 2 2 2 2 2 2 2 2 2 2 2 2 2 2 2 2 2 2 2 2 2 2 2 2 2
left_child=2 3 6 7 9 11 23 15 12 17 25 -4 20 28 24 21 -10 -3 22 -8 -5 -2 -9 -1 -11 26 -6 -16 -7 -12
right_child=1 4 5 8 10 13 19 18 16 14 29 -13 -14 -15 27 -17 -18 -19 -20 -21 -22 -23 -24 -25 -26 -27 -28 -29 -30 -31
leaf_value=-6.5991049997118516 3.1664835214942371 11.819684691460274 -2.0870361758309239 7.9964215118387534 16.122549850181496 0.029544978581293665 -4.6968939366164033 4.1389566054431404 11.707017860818418 14.771499574726278 19.443446676538741 -0.11812935063157304 10.408178026037119 3.9889374796152115 16.748271077585013 5.6510751660556018 15.514333936146327 13.726913954392366 9.6979394169177056 -3.1507243474754127 9.4324926009049292 4.643255262148668 7.0326032273283294 -5.7903613916280472 11.084127103764079 18.709595778329032 17.74195747624815 12.954823627471924 1.8341287988719444 21.173838001748791
leaf_weight=8119 273 268 558 369 179 99 648 41 235 440 409 557 388 150 229 292 42 259 59 185 296 332 515 507 23 140 306 20 414 92
leaf_count=8119 273 268 558 369 179 99 648 41 235 440 409 557 388 150 229 292 42 259 59 185 296 332 515 507 23 140 306 20 414 92
internal_value=-9.58785e-08 11.5249 -5.3404 7.60155 16.2395 0.0732456 -6.358 5.56864 9.91265 14.1822 18.5033 -1.10347 9.28877 2.05218 15.2371 4.52188 12.2843 12.757 7.09539 -4.35351 8.63564 3.97688 6.81922 -6.55157 14.5883 17.4949 17.1443 16.4436 1.48588 19.7612
internal_weight=16444 5207 11237 2842 2365 1778 9459 1512 1330 1239 1126 1115 1053 663 712 897 277 527 615 833 665 605 556 8626 463 625 485 249 513 501
internal_count=16444 5207 11237 2842 2365 1778 9459 1512 1330 1239 1126 1115 1053 663 712 897 277 527 615 833 665 605 556 8626 463 625 485 249 513 501
is_linear=0
shrinkage=0.05


Tree=12
num_leaves=31
num_cat=0
split_feature=4 4 4 4 4 6 1 6 1 4 6 4 1 6 6 6 3 4 0 6 1 1 4 4 6 8 4 4 4 8
split_gain=3.6544e+08 4.04574e+07 1.61393e+07 5.81386e+06 4.37149e+06 1.15912e+06 976042 942016 829916 798423 544656 262980 256017 208648 207248 203668 190943 178489 148869 118570 118340 117384 105580 104364 104062 102254 94797.2 83703.4 82033.4 80146.5
threshold=292.50000000000006 598.50000000000011 94.500000000000014 764.50000000000011 425.50000000000006 209.50000000000003 543.50000000000011 668.50000000000011 883.50000000000011 23.500000000000004 383.50000000000006 156.50000000000003 747.50000000000011 711.50000000000011 528.50000000000011 280.50000000000006 47.500000000000007 817.50000000000011 19.550000000000004 445.50000000000006 931.50000000000011 596.50000000000011 482.50000000000006 352.50000000000006 851.50000000000011 4.5000000000000009 57.500000000000007 650.50000000000011 561.50000000000011 5.5000000000000009
decision_type=2 2 2 2 2 2 2 2 2 2 2 2 2 2 2 2 2 2 2 2 2 2 2 2 2 2 2 2 2 2
left_child=2 4 9 7 10 11 14 27 17 -1 23 -4 -9 18 22 -7 24 25 28 -12 -10 -20 -6 -2 -14 -5 -11 -3 -8 -19
right_child=1 3 5 8 6 15 13 12 20 26 19 -13 16 -15 -16 -17 -18 29 21 -21 -22 -23 -24 -25 -26 -27 -28 -29 -30 -31
leaf_value=-6.2540081266445489 2.2918323119096029 10.26533964708079 -2.8501836131037415 13.92050035864699 5.9666906180814721 -0.022353581583791853 6.4125553490459062 12.744059086109687 17.959924764687059 -5.132524340977179 4.4489040593724507 -1.092685369138416 14.532010604220737 12.490493324279786 8.3707024195092785 1.6184269548321177 10.503524640628271 16.152957140795099 8.7986840126397734 5.8971820741494501 19.38424432046952 10.289950851287161 7.1796430399388447 3.690993636349837 17.558853149414062 15.785497005448143 -4.1036685906757011 11.55424358771236 9.1949290785678599 17.584390301650831
leaf_weight=8345 348 283 473 102 402 527 69 452 354 535 380 387 338 50 188 295 28 217 286 225 248 245 324 216 31 263 385 227 43 178
leaf_count=8345 348 283 473 102 402 527 69 452 354 535 380 387 338 50 188 295 28 217 286 225 248 245 324 216 31 263 385 227 43 178
internal_value=-7.09251e-08 10.5186 -5.28189 14.8513 6.27183 -0.77607 7.96412 12.5375 17.1599 -6.09989 3.94548 -2.05931 13.5578 9.37927 6.89114 0.566491 14.4842 16.0614 9.13734 4.98752 18.5467 9.48674 6.50801 2.82768 14.7863 15.2643 -4.70197 10.839 7.48079 16.798
internal_weight=16444 5497 10947 2721 2776 1682 1607 1359 1362 9265 1169 860 849 693 914 822 397 760 643 605 602 531 726 564 369 365 920 510 112 395
internal_count=16444 5497 10947 2721 2776 1682 1607 1359 1362 9265 1169 860 849 693 914 822 397 760 643 605 602 531 726 564 369 365 920 510 112 395
is_linear=0
shrinkage=0.05


Tree=13
num_leaves=31
num_cat=0
split_feature=4 4 6 4 4 1 1 1 4 1 6 6 6 5 1 6 3 4 1 6 0 4 4 6 1 4 1 8 4 0
split_gain=3.29809e+08 3.65128e+07 1.45694e+07 5.24701e+06 3.94527e+06 973111 880878 861881 819501 749000 491552 221481 189018 188565 228899 188305 177034 161086 154218 148799 134354 116093 110834 107266 106877 94864.4 92699 92284 86661.3 85480.4
threshold=292.50000000000006 598.50000000000011 110.50000000000001 764.50000000000011 425.50000000000006 39.500000000000007 543.50000000000011 701.50000000000011 194.50000000000003 883.50000000000011 383.50000000000006 280.50000000000006 539.50000000000011 87.500000000000014 800.50000000000011 711.50000000000011 24.500000000000004 817.50000000000011 168.50000000000003 668.50000000000011 19.550000000000004 482.50000000000006 929.50000000000011 449.50000000000006 624.50000000000011 348.50000000000006 77.500000000000014 4.5000000000000009 8.5000000000000018 17.050000000000004
decision_type=2 2 2 2 2 2 2 2 2 2 2 2 2 2 2 2 2 2 2 2 2 2 2 2 2 2 2 2 2 2
left_child=2 4 5 7 10 28 12 19 18 17 25 -10 21 14 -9 20 -15 27 -4 -3 -8 29 -11 -12 -22 -2 -7 -5 -1 -6
right_child=1 3 8 9 6 26 15 13 11 22 23 -13 -14 16 -16 -17 -18 -19 -20 -21 24 -23 -24 -25 -26 -27 -28 -29 -30 -31
leaf_value=-5.960593259211393 2.1342421600532457 10.179984220088798 -2.4464670112783402 13.224475341684679 4.4230887014132279 -4.5347860443115238 7.1067486733198173 13.065752366651973 0.00033381388702413494 17.167470464088932 4.2580038723503071 1.7903288765540049 8.2024611848387234 12.444303334554037 15.755889929101825 11.865968505859376 6.8845609517324533 15.958107805584049 -1.0080406177258994 11.729776439419041 8.6539755691027818 6.894331771085243 18.637921369397965 5.6613115987915927 10.416267177793715 3.4479935775829271 -3.4397057147158523 14.99622229369421 -5.3033795205232144 6.080994130883898
leaf_weight=8033 327 470 384 102 104 500 112 498 570 417 398 248 145 45 94 50 21 395 362 231 423 357 185 207 108 237 315 263 535 308
leaf_count=8033 327 470 384 102 104 500 112 498 570 417 398 248 145 45 94 50 21 395 362 231 423 357 185 207 108 237 315 263 535 308
internal_value=5.40478e-08 9.99269 -5.0178 14.1087 5.95824 -5.76251 7.56591 11.9106 -0.549976 16.3019 3.7482 0.543022 6.54659 13.2103 13.4929 8.91031 10.6753 15.2584 -1.74846 10.6907 8.68047 6.23436 17.6194 4.73814 9.01241 2.6863 -4.11153 14.5011 -5.91956 5.66249
internal_weight=16444 5497 10947 2721 2776 9383 1607 1359 1564 1362 1169 818 914 658 592 693 66 760 746 701 643 769 602 605 531 564 815 365 8568 412
internal_count=16444 5497 10947 2721 2776 9383 1607 1359 1564 1362 1169 818 914 658 592 693 66 760 746 701 643 769 602 605 531 564 815 365 8568 412
is_linear=0
shrinkage=0.05


Tree=14
num_leaves=31
num_cat=0
split_feature=4 4 4 4 1 4 1 4 4 6 6 1 6 6 5 6 4 1 8 6 8 1 1 5 8 8 4 4 8 0
split_gain=2.97653e+08 3.29528e+07 1.31631e+07 4.73543e+06 3.57194e+06 964188 778924 715362 692034 649006 421169 283662 219715 214954 208637 194613 185005 162980 149037 140607 136808 238050 108730 131920 106072 104974 75023.2 70703.4 77886.7 69911.9
threshold=292.50000000000006 598.50000000000011 94.500000000000014 764.50000000000011 472.50000000000006 174.50000000000003 724.50000000000011 392.50000000000006 877.50000000000011 24.500000000000004 568.50000000000011 275.50000000000006 345.50000000000006 836.50000000000011 87.500000000000014 668.50000000000011 510.50000000000006 855.50000000000011 4.5000000000000009 153.50000000000003 4.5000000000000009 743.50000000000011 621.50000000000011 61.500000000000007 5.5000000000000009 5.5000000000000009 57.500000000000007 679.50000000000011 3.5000000000000004 19.350000000000005
decision_type=2 2 2 2 2 2 2 2 2 2 2 2 2 2 2 2 2 2 2 2 2 2 2 2 2 2 2 2 2 2
left_child=2 4 9 6 7 19 15 12 13 -1 22 -7 -2 -5 17 27 -9 29 -16 -4 -12 -22 23 -6 -15 -10 -11 28 -3 -8
right_child=1 3 5 8 10 11 14 16 25 26 20 -13 -14 24 18 -17 -18 -19 -20 -21 21 -23 -24 -25 -26 -27 -28 -29 -30 -31
leaf_value=-5.6429957857318955 2.0080268093296105 8.4070490153260931 -2.8094481981815176 13.777407145616486 7.1090971060013501 -0.24263969587388914 10.238118758797647 4.8383474216747793 15.958106134271109 -4.6229478534124073 7.2395920891798191 1.6265327805089784 3.68017281365697 14.073011964245849 7.4033611264722099 11.27330619935903 7.139691390806032 16.453594275081858 12.565511357342757 -1.3498156427019308 8.8229776562937072 14.415678539276124 10.127250687281292 5.5750208786286812 15.85364448644553 17.437081728602305 -3.7000236274056899 10.982963574474509 9.902370961922319 13.011185444651785
leaf_weight=8364 336 129 376 410 534 731 24 574 186 518 131 281 473 114 29 331 103 34 27 294 391 20 24 190 314 338 383 88 268 429
leaf_count=8364 336 129 376 410 534 731 24 574 186 518 131 281 473 114 29 331 103 34 27 294 391 20 24 190 314 338 383 88 268 429
internal_value=8.55456e-08 9.49306 -4.76691 13.4033 5.66033 -0.697689 11.3151 3.98925 15.4868 -5.50565 7.58531 0.27637 2.98568 14.5956 12.7825 10.3386 5.18848 13.1149 9.89225 -2.16895 8.64665 9.09513 6.81626 6.70651 15.3794 16.9121 -4.23063 9.70071 9.41649 12.8643
internal_weight=16444 5497 10947 2721 2776 1682 1359 1486 1362 9265 1290 1012 809 838 543 816 677 487 56 670 542 411 748 724 428 524 901 485 397 453
internal_count=16444 5497 10947 2721 2776 1682 1359 1486 1362 9265 1290 1012 809 838 543 816 677 487 56 670 542 411 748 724 428 524 901 485 397 453
is_linear=0
shrinkage=0.05


Tree=15
num_leaves=31
num_cat=0
split_feature=4 4 4 4 4 6 4 1 1 4 1 1 1 4 4 1 8 0 5 0 6 5 4 4 6 3 1 6 6 5
split_gain=2.68662e+08 2.56154e+07 1.64785e+07 3.58091e+06 2.93535e+06 1.13493e+06 1.01729e+06 647708 534992 516692 397542 227115 207140 201950 190731 173306 169830 143112 121157 114592 113219 108604 100872 97150.8 96981.3 95960.5 94521.2 79146.5 75310.8 74010.5
threshold=324.50000000000006 642.50000000000011 124.50000000000001 494.50000000000006 798.50000000000011 47.500000000000007 244.50000000000003 468.50000000000006 624.50000000000011 705.50000000000011 908.50000000000011 213.50000000000003 317.50000000000006 381.50000000000006 550.50000000000011 770.50000000000011 4.5000000000000009 26.750000000000004 92.500000000000014 26.250000000000004 119.50000000000001 37.500000000000007 8.5000000000000018 839.50000000000011 591.50000000000011 54.500000000000007 481.50000000000006 449.50000000000006 355.50000000000006 78.500000000000014
decision_type=2 2 2 2 2 2 2 2 2 2 2 2 2 2 2 2 2 2 2 2 2 2 2 2 2 2 2 2 2 2
left_child=2 3 5 7 9 22 11 13 14 17 23 -4 -8 28 19 25 18 -3 -11 -5 -7 -18 -1 -6 29 -10 -14 -15 -2 -9
right_child=1 4 6 8 10 20 12 24 15 16 -12 -13 26 27 -16 -17 21 -19 -20 -21 -22 -23 -24 -25 -26 -27 -28 -29 -30 -31
leaf_value=-5.3804140440215367 2.1737953087526884 9.6191468049498177 -1.4090098025327418 6.1456515834600047 13.682725468091054 -3.688437527581085 0.97933051695106477 6.2072609822079547 9.6294038651114349 11.641675125925165 16.30576641622493 0.091643647308228549 2.4656492126910758 4.0614130332281722 8.1350078374771844 12.738078698446586 12.270259028264922 11.274825386440053 7.8480142672856648 7.7962819332029767 -2.1900287436200427 13.731948910183377 -4.7309805055151788 14.865854039714842 7.7858139958646566 6.557926569666181 5.5866552246941463 5.3046049736858762 3.5386627391912047 4.6397220828000787
leaf_weight=8033 167 289 622 293 303 695 397 280 277 171 417 424 239 456 525 43 292 238 24 164 154 225 646 406 72 28 27 178 256 103
leaf_count=8033 167 289 622 293 303 695 397 280 277 171 417 424 239 456 525 43 292 238 24 164 154 225 646 406 72 28 27 178 256 103
internal_value=-6.53149e-08 9.3886 -4.35049 6.18948 13.233 -5.1614 0.170496 4.5249 8.08184 11.5537 15.0807 -0.800714 1.70275 3.84593 7.48487 9.76639 12.4321 10.3669 11.1748 6.738 -3.41664 12.9064 -5.33208 14.3602 6.1022 9.34743 2.78244 4.41045 2.99981 5.7857
internal_weight=16444 5207 11237 2842 2365 9528 1709 1512 1330 1239 1126 1046 663 1057 982 348 712 527 195 457 849 517 8679 709 455 305 266 634 423 383
internal_count=16444 5207 11237 2842 2365 9528 1709 1512 1330 1239 1126 1046 663 1057 982 348 712 527 195 457 849 517 8679 709 455 305 266 634 423 383
is_linear=0
shrinkage=0.05


Tree=16
num_leaves=31
num_cat=0
split_feature=4 4 6 4 4 4 1 1 6 4 6 6 6 6 5 1 3 6 5 1 1 6 8 4 4 4 6 6 0 4
split_gain=2.42494e+08 2.68679e+07 1.072e+07 3.86564e+06 2.92208e+06 716266 658423 642654 615195 571710 369175 178204 148849 144962 143537 184241 158885 139088 122823 120196 119734 114398 93689.1 92125.2 86228 82191.3 79737 76344.1 72750.8 71179.7
threshold=292.50000000000006 598.50000000000011 110.50000000000001 764.50000000000011 425.50000000000006 44.500000000000007 543.50000000000011 701.50000000000011 209.50000000000003 877.50000000000011 383.50000000000006 836.50000000000011 539.50000000000011 711.50000000000011 87.500000000000014 800.50000000000011 24.500000000000004 280.50000000000006 93.500000000000014 192.50000000000003 614.50000000000011 682.50000000000011 5.5000000000000009 933.50000000000011 6.5000000000000009 482.50000000000006 445.50000000000006 441.50000000000006 15.950000000000001 348.50000000000006
decision_type=2 2 2 2 2 2 2 2 2 2 2 2 2 2 2 2 2 2 2 2 2 2 2 2 2 2 2 2 2 2
left_child=2 4 5 7 10 24 12 21 19 11 29 -5 25 18 15 -9 -16 -10 20 -4 27 -3 -13 -11 -1 28 -12 -8 -6 -2
right_child=1 3 8 9 6 -7 13 14 17 23 26 22 -14 -15 16 -17 -18 -19 -20 -21 -22 -23 -24 -25 -26 -27 -28 -29 -30 -31
leaf_value=-5.1128871706830781 1.8071541480514981 8.794893343484695 -1.886725168960611 12.426691000526999 3.2578988823734352 -3.4249507195346052 4.3322108348210655 11.198146147038564 -0.022081568154516892 14.805699054126084 3.6218405372845504 12.657557941737927 7.0793606911034423 10.246796298980714 10.798965441385905 13.611632862496885 5.5319064912341886 1.3271612269741377 5.6186332929134366 -0.39387567363093412 8.911356030012433 10.279275296177977 14.331032766354312 16.209413983063268 -4.521963891569631 5.8881669103264471 4.8095068989329874 7.4270398539304736 5.1286628901109399 2.9451470458212032
leaf_weight=7995 327 529 556 410 61 719 21 498 532 348 380 114 145 50 45 94 21 298 80 178 152 172 314 176 669 357 225 390 351 237
leaf_count=7995 327 529 556 410 61 719 21 498 532 348 380 114 145 50 45 94 21 298 80 178 152 172 314 176 669 357 225 390 351 237
internal_value=-3.89427e-09 8.56843 -4.30261 12.0992 5.10761 -4.94141 6.4912 10.2125 -0.470193 13.9817 3.20563 13.1717 5.60993 7.6535 11.3348 11.5814 9.12308 0.462345 7.45185 -1.5247 7.71234 9.15911 13.8853 15.2772 -5.06726 5.33286 4.06353 7.26891 4.85168 2.28535
internal_weight=16444 5497 10947 2721 2776 9383 1607 1359 1564 1362 1169 838 914 693 658 592 66 830 643 734 563 701 428 524 8664 769 605 411 412 564
internal_count=16444 5497 10947 2721 2776 9383 1607 1359 1564 1362 1169 838 914 693 658 592 66 830 643 734 563 701 428 524 8664 769 605 411 412 564
is_linear=0
shrinkage=0.05


Tree=17
num_leaves=31
num_cat=0
split_feature=4 4 6 4 1 1 4 6 4 4 1 4 6 5 4 1 1 4 6 4 5 5 1 8 8 5 1 4 6 6
split_gain=2.18857e+08 2.25563e+07 1.15094e+07 3.38525e+06 2.38175e+06 746521 701943 649615 464322 415484 343804 186317 145565 134803 133156 132764 131339 124667 124226 119959 112414 100624 92395.7 91084.6 91039.1 83137.3 78725.4 76259.5 69402.6 67067.6
threshold=307.50000000000006 602.50000000000011 114.50000000000001 781.50000000000011 476.50000000000006 234.50000000000003 44.500000000000007 721.50000000000011 402.50000000000006 877.50000000000011 596.50000000000011 170.50000000000003 879.50000000000011 99.500000000000014 543.50000000000011 317.50000000000006 373.50000000000006 692.50000000000011 875.50000000000011 528.50000000000011 96.500000000000014 99.500000000000014 707.50000000000011 3.5000000000000004 5.5000000000000009 68.500000000000014 14.500000000000002 128.50000000000003 717.50000000000011 777.50000000000011
decision_type=2 2 2 2 2 2 2 2 2 2 2 2 2 2 2 2 2 2 2 2 2 2 2 2 2 2 2 2 2 2
left_child=2 4 6 7 8 11 26 17 16 18 14 -4 21 22 20 -7 -2 23 -5 -10 -6 29 -12 -3 -11 -19 -1 -8 -15 -9
right_child=1 3 5 9 10 15 27 12 19 24 13 -13 -14 28 -16 -17 -18 25 -20 -21 -22 -23 -24 -25 -26 -27 -28 -29 -30 -31
leaf_value=-4.8513925103759021 2.1403938530797491 7.5365778403827948 -1.8256094303411616 12.216620036167742 5.9088583060039044 0.54740866234351415 -3.3628121952757435 10.575585998793715 4.3780514122952114 13.624893368059588 7.9774224169566068 -0.44117732218570965 14.312220549583436 5.0565244044576376 6.9799068630615002 1.9874917312772071 3.4472956661154464 10.350843780164775 13.62382772528607 6.5618997681308802 3.8660303831100467 8.1238514892756939 10.551735310554506 8.9243092458033502 15.002213097747262 7.0193714187258767 -4.2080792319420537 -1.4289384593746881 8.487800493240357 11.650520727634429
leaf_weight=8159 387 166 451 493 537 448 697 367 550 186 271 527 32 56 273 249 382 173 230 71 77 32 40 411 338 21 505 55 20 240
leaf_count=8159 387 166 451 493 537 448 697 367 550 186 271 527 32 56 273 249 382 173 230 71 77 32 40 411 338 21 505 55 20 240
internal_value=-6.09086e-08 8.30297 -4.00737 11.5335 5.0421 -0.188493 -4.68671 9.88376 3.61081 13.4413 6.60371 -1.0796 11.0213 7.84722 6.06117 1.06187 2.7896 8.89373 12.6643 4.62773 5.65267 10.8565 8.30852 8.52507 14.5133 9.99022 -4.8139 -3.22137 5.95949 11.0006
internal_weight=16444 5353 11091 2689 2664 1675 9416 1442 1390 1247 1274 978 671 387 887 697 769 771 723 621 614 639 311 577 524 194 8664 752 76 607
internal_count=16444 5353 11091 2689 2664 1675 9416 1442 1390 1247 1274 978 671 387 887 697 769 771 723 621 614 639 311 577 524 194 8664 752 76 607
is_linear=0
shrinkage=0.05


Tree=18
num_leaves=31
num_cat=0
split_feature=4 4 4 4 4 4 1 6 1 4 6 1 1 6 5 0 1 6 4 6 3 3 1 2 8 1 4 6 1 0
split_gain=1.9757e+08 2.18728e+07 8.75161e+06 3.15372e+06 2.38606e+06 711455 541027 537581 471759 378833 304929 197922 180143 127520 125583 123239 141180 103995 102349 100268 87352.9 117834 81671.7 75754.8 71444.1 70842.6 67424.5 66438.6 65013.8 64587
threshold=292.50000000000006 598.50000000000011 90.500000000000014 764.50000000000011 425.50000000000006 174.50000000000003 543.50000000000011 747.50000000000011 883.50000000000011 18.500000000000004 383.50000000000006 267.50000000000006 674.50000000000011 539.50000000000011 84.500000000000014 18.250000000000004 624.50000000000011 153.50000000000003 817.50000000000011 869.50000000000011 47.500000000000007 97.500000000000014 931.50000000000011 43.500000000000007 4.5000000000000009 763.50000000000011 482.50000000000006 445.50000000000006 770.50000000000011 15.950000000000001
decision_type=2 2 2 2 2 2 2 2 2 2 2 2 2 2 2 2 2 2 2 2 2 2 2 2 2 2 2 2 2 2
left_child=2 4 9 7 10 17 13 12 18 -1 -2 -7 -3 26 25 23 -17 -4 24 20 -9 -22 -10 -8 -5 -14 29 -12 -18 -6
right_child=1 3 5 8 6 11 15 19 22 -11 27 -13 14 -15 -16 16 28 -19 -20 -21 21 -23 -24 -25 -26 -27 -28 -29 -30 -31
leaf_value=-4.6044320303061657 2.0564688709874948 7.932892088738253 -2.3359191960311798 10.065100193958656 2.8689925027675316 -0.24601326286384284 2.6582027337767862 10.742595886710015 13.178289222851985 -3.5574753517684545 3.2693535955171842 1.2479582062081958 9.3975269288542762 6.4230390375235986 6.3893577691280488 6.7173878806518594 8.0500877100185768 -1.110417065847201 12.349748427596275 13.458665301005048 6.1717638877721939 10.979419761657716 14.361539655154752 6.0161667541718824 11.624012789708127 11.896840723099247 5.3094609070892762 4.353467441002528 10.978280379555443 4.631669678494462
leaf_weight=8258 564 530 415 102 61 684 22 352 354 965 380 328 332 145 33 441 137 297 395 30 26 25 248 71 263 31 357 225 22 351
leaf_count=8258 564 530 415 102 61 684 22 352 354 965 380 328 332 145 33 441 137 297 395 30 26 25 248 71 263 31 357 225 22 351
internal_value=-5.71862e-09 7.73413 -3.88367 10.9198 4.61155 -0.613772 5.86181 9.21572 12.6202 -4.49489 2.89284 0.238199 8.5357 5.06296 9.3425 6.91541 7.17792 -1.82472 11.792 10.67 10.4624 8.52846 13.6657 5.22181 11.1884 9.61097 4.8065 3.67254 8.45525 4.37069
internal_weight=16444 5497 10947 2721 2776 1724 1607 1359 1362 9223 1169 1012 926 914 396 693 600 712 760 433 403 51 602 93 365 363 769 605 159 412
internal_count=16444 5497 10947 2721 2776 1724 1607 1359 1362 9223 1169 1012 926 914 396 693 600 712 760 433 403 51 602 93 365 363 769 605 159 412
is_linear=0
shrinkage=0.05


Tree=19
num_leaves=31
num_cat=0
split_feature=4 4 4 4 4 6 4 1 6 4 4 8 6 4 4 1 8 5 1 8 5 1 0 0 1 6 1 1 5 1
split_gain=1.78312e+08 1.70646e+07 1.09865e+07 2.55258e+06 1.81419e+06 803419 660120 431984 418355 366550 214731 167410 151048 147255 138790 134335 130351 123352 121747 108174 97887 89123.2 87055.3 82299.6 79735.2 71745.3 70903.6 64734.5 61984 58888.3
threshold=324.50000000000006 650.50000000000011 128.50000000000003 494.50000000000006 814.50000000000011 47.500000000000007 244.50000000000003 468.50000000000006 635.50000000000011 722.50000000000011 921.50000000000011 4.5000000000000009 383.50000000000006 550.50000000000011 381.50000000000006 213.50000000000003 5.5000000000000009 74.500000000000014 770.50000000000011 4.5000000000000009 35.500000000000007 800.50000000000011 26.250000000000004 15.750000000000002 135.50000000000003 923.50000000000011 603.50000000000011 4.5000000000000009 96.500000000000014 747.50000000000011
decision_type=2 2 2 2 2 2 2 2 2 2 2 2 2 2 2 2 2 2 2 2 2 2 2 2 2 2 2 2 2 2
left_child=2 3 5 7 9 27 15 14 13 19 16 17 23 22 -2 -4 25 -11 -10 29 -13 -21 -5 -8 -7 -6 28 -1 -9 -3
right_child=1 4 6 8 10 24 12 26 18 11 -12 20 -14 -15 -16 -17 -18 -19 -20 21 -22 -23 -24 -25 -26 -27 -28 -29 -30 -31
leaf_value=-4.3866702213056392 2.4243260316110393 8.0959030527291418 -1.0984209850212654 4.9464096289102724 11.429614937438398 -2.9395376593489009 -0.21303713302878502 5.0025767607790987 7.7602845010179911 9.6479476175730738 13.744634091085004 10.252166206884704 2.9998882393526838 6.6643398484150014 3.5937514220643494 0.070738327722651373 12.568110218418855 6.0472052628440522 10.56433761553331 8.984200607136609 11.625188165747602 12.127352857589722 6.3842307154725244 1.3580719923638915 -1.4895029118767491 8.3255951690673822 6.5398277996047858 -3.9009670262647855 3.3227668361230331 5.6447084513203851
leaf_weight=7928 423 158 590 294 269 776 103 327 322 158 248 298 123 572 634 421 463 28 44 374 230 24 164 437 108 20 62 751 66 29
leaf_count=7928 423 158 590 294 269 776 103 327 322 158 248 298 123 572 634 421 463 28 44 374 230 24 164 437 108 20 62 751 66 29
internal_value=-2.19945e-08 7.64872 -3.54426 5.10366 10.8679 -4.19838 0.192493 3.68025 6.64535 9.63559 12.4688 10.3958 1.41858 6.12938 3.12576 -0.61156 12.048 9.1059 8.09738 8.70769 10.8503 9.17374 5.46126 1.0584 -2.76238 11.2148 4.96838 -4.34464 4.72047 7.71577
internal_weight=16444 5207 11237 2908 2299 9563 1674 1512 1396 1299 1000 714 663 1030 1057 1011 752 186 366 585 528 398 458 540 884 289 455 8679 393 187
internal_count=16444 5207 11237 2908 2299 9563 1674 1512 1396 1299 1000 714 663 1030 1057 1011 752 186 366 585 528 398 458 540 884 289 455 8679 393 187
is_linear=0
shrinkage=0.05


Tree=20
num_leaves=31
num_cat=0
split_feature=4 4 4 4 4 4 6 1 4 4 6 1 1 6 6 6 0 6 0 1 5 8 6 0 6 3 5 1 1 8
split_gain=1.6097e+08 1.78336e+07 7.1288e+06 2.66174e+06 1.87937e+06 580434 475200 443931 395010 308203 233709 160453 149363 136516 127781 96189.5 95908.7 86066.8 75241.7 75198.9 73893.1 73679.4 70665 68636.4 61580.6 58580.8 57860.7 71021.8 56930.9 56361
threshold=292.50000000000006 594.50000000000011 90.500000000000014 764.50000000000011 421.50000000000006 178.50000000000003 668.50000000000011 503.50000000000006 877.50000000000011 21.500000000000004 365.50000000000006 275.50000000000006 603.50000000000011 747.50000000000011 875.50000000000011 153.50000000000003 19.550000000000004 869.50000000000011 19.950000000000003 770.50000000000011 93.500000000000014 5.5000000000000009 481.50000000000006 26.150000000000002 445.50000000000006 12.500000000000002 75.500000000000014 657.50000000000011 650.50000000000011 5.5000000000000009
decision_type=2 2 2 2 2 2 2 2 2 2 2 2 2 2 2 2 2 2 2 2 2 2 2 2 2 2 2 2 2 2
left_child=2 4 9 6 10 15 26 22 14 -1 -2 -7 23 -8 29 -4 25 18 -15 20 28 -10 -6 -9 -12 -14 27 -3 -18 -5
right_child=1 3 5 8 7 11 13 12 21 -11 24 -13 16 17 -16 -17 19 -19 -20 -21 -22 -23 -24 -25 -26 -27 -28 -29 -30 -31
leaf_value=-4.1532196872296927 1.6958488701469792 6.918463035294268 -2.098794428002523 9.7971016234577366 3.8779294497181072 -0.14782085387122687 8.3778991997241974 5.0620224043807909 11.671586702203239 -3.187293540170435 2.8397495172199001 1.2831923441899775 6.2844423911694829 7.2725081231858999 11.698133168559693 -0.95962687695449578 6.8288213365860573 12.229868596394859 9.6678499419292905 10.210065248012544 4.9346247851848606 12.910650853715707 4.9503454959998701 6.1139465750153388 3.8699716367608028 2.7669615221023562 5.3490908452442723 8.256621552214904 8.7104131040901986 10.771533247319665
leaf_weight=8306 457 366 421 271 440 700 416 368 186 917 469 272 29 36 239 331 131 30 367 20 36 338 236 268 210 20 42 136 58 328
leaf_count=8306 457 366 421 271 440 700 416 368 186 917 469 272 29 36 239 331 131 30 367 20 36 338 236 268 210 20 42 136 58 328
internal_value=4.60396e-08 6.98109 -3.50553 9.82228 4.12644 -0.554336 8.28552 5.22736 11.394 -4.05718 2.57002 0.252627 5.9361 9.02475 10.7207 -1.59738 6.86808 9.64621 9.45387 7.27195 7.01078 12.4708 4.25232 5.50529 3.15837 4.84874 7.13184 7.28099 7.40624 10.3307
internal_weight=16444 5497 10947 2755 2742 1724 1393 1606 1362 9223 1136 972 930 849 838 752 294 433 403 245 225 524 676 636 679 49 544 502 189 599
internal_count=16444 5497 10947 2755 2742 1724 1393 1606 1362 9223 1136 972 930 849 838 752 294 433 403 245 225 524 676 636 679 49 544 502 189 599
is_linear=0
shrinkage=0.05


Tree=21
num_leaves=31
num_cat=0
split_feature=4 4 4 4 4 4 4 6 1 4 4 6 8 4 1 5 8 6 4 1 8 0 0 6 4 1 1 0 0 6
split_gain=1.45297e+08 1.33719e+07 9.61659e+06 1.92379e+06 1.48801e+06 659801 612034 338016 323804 305895 181434 170961 147004 123428 111383 108103 107498 106612 91756.9 90551 86016.4 81546.1 70923.6 66978.8 64573.8 64154 63146.3 58609.6 58311.1 57669.6
threshold=333.50000000000006 650.50000000000011 128.50000000000003 494.50000000000006 814.50000000000011 49.500000000000007 244.50000000000003 635.50000000000011 472.50000000000006 710.50000000000011 921.50000000000011 345.50000000000006 4.5000000000000009 550.50000000000011 216.50000000000003 74.500000000000014 5.5000000000000009 774.50000000000011 392.50000000000006 823.50000000000011 4.5000000000000009 16.950000000000003 26.250000000000004 923.50000000000011 5.5000000000000009 736.50000000000011 135.50000000000003 15.550000000000002 26.050000000000004 664.50000000000011
decision_type=2 2 2 2 2 2 2 2 2 2 2 2 2 2 2 2 2 2 2 2 2 2 2 2 2 2 2 2 2 2
left_child=2 3 5 8 9 24 14 13 18 20 16 27 15 22 -4 -11 23 21 28 -14 -3 -9 -5 -6 -1 -22 -7 -8 -2 -10
right_child=1 4 6 7 10 26 11 17 29 12 -12 -13 19 -15 -16 -17 -18 -19 -20 -21 25 -23 -24 -25 -26 -27 -28 -29 -30 -31
leaf_value=-3.9589263619183748 1.9757471212004658 6.7536270886847065 -0.96823968283163431 4.4603215187585272 10.324210843011793 -2.5959515907681818 -0.33149732051457725 3.9969414302280977 4.4218868606537587 8.6740879747305026 12.432853664890413 2.428798218256186 9.3575035312719503 6.0264801652620106 0.1114696017983887 5.6698540462387932 11.345623074031032 9.776693270756649 3.3512133371541228 10.81930346834487 7.6852868275983006 7.2178261617916863 5.7581063238585877 7.3250722885131836 -3.4865909123540528 9.1688806595625714 -1.2818845080406893 1.0671571724652948 3.1340603655716137 7.051297868923708
leaf_weight=7955 298 159 624 294 269 707 92 21 400 178 248 242 456 572 387 36 463 39 547 138 224 306 164 20 796 108 105 403 171 22
leaf_count=7955 298 159 624 294 269 707 92 21 400 178 248 242 456 572 387 36 463 39 547 138 224 306 164 20 796 108 105 403 171 22
internal_value=7.36747e-08 6.97686 -3.16614 4.67833 9.81028 -3.78945 0.243875 6.0005 3.39478 8.69419 11.2601 1.33967 9.29231 5.53671 -0.554939 8.1687 10.8733 7.30569 2.91123 9.69711 7.70992 7.01098 4.92503 10.1167 -3.91596 8.1679 -2.42603 0.807205 2.39807 4.55897
internal_weight=16444 5133 11311 2834 2299 9563 1748 1396 1438 1299 1000 737 808 1030 1011 214 752 366 1016 594 491 327 458 289 8751 332 812 495 469 422
internal_count=16444 5133 11311 2834 2299 9563 1748 1396 1438 1299 1000 737 808 1030 1011 214 752 366 1016 594 491 327 458 289 8751 332 812 495 469 422
is_linear=0
shrinkage=0.05


Tree=22
num_leaves=31
num_cat=0
split_feature=4 4 4 6 1 4 6 4 1 1 6 0 1 5 4 4 1 5 6 5 8 6 1 5 5 6 6 1 1 0
split_gain=1.31143e+08 1.4537e+07 5.80608e+06 2.17432e+06 1.53572e+06 590541 482151 320206 251516 224634 203548 131188 113801 105467 105091 104574 90779.2 112401 87861.1 86242.1 79329.5 75418.6 71084.9 68198 73252.3 66529.7 57717.6 57042.9 51529.1 49166.7
threshold=292.50000000000006 594.50000000000011 90.500000000000014 816.50000000000011 468.50000000000006 697.50000000000011 209.50000000000003 370.50000000000006 20.500000000000004 908.50000000000011 591.50000000000011 26.750000000000004 153.50000000000003 99.500000000000014 528.50000000000011 851.50000000000011 621.50000000000011 63.500000000000007 305.50000000000006 74.500000000000014 5.5000000000000009 345.50000000000006 759.50000000000011 99.500000000000014 86.500000000000014 664.50000000000011 426.50000000000006 516.50000000000011 234.50000000000003 19.650000000000002
decision_type=2 2 2 2 2 2 2 2 2 2 2 2 2 2 2 2 2 2 2 2 2 2 2 2 2 2 2 2 2 2
left_child=2 4 8 5 7 11 12 21 -1 20 16 -3 -4 25 26 19 17 27 -8 22 -5 -2 -7 24 -20 -12 -9 -6 -14 -25
right_child=1 3 6 9 10 15 18 14 -10 -11 13 -13 28 -15 -16 -17 -18 -19 23 -21 -22 -23 -24 29 -26 -27 -28 -29 -30 -31
leaf_value=-3.7498891931521841 1.1498125535576311 6.2185555551660823 -1.8637200004705343 9.2990528492051734 4.2572857069630992 8.1300960186473485 0.07078734827912686 2.7113380389591675 -2.8864418964797318 11.487364282404158 5.9272853481036334 7.4950882857496088 -0.90620286525814864 4.1546733673297522 5.2159096902416602 10.80769676352447 7.475184057309078 3.4689817258644675 1.3393792215939406 6.2206447894756609 10.420287780245056 2.2687250793267677 9.1157780925220351 -0.69708852171897895 4.2250814088459672 7.6600903625219647 3.5787761482623326 5.1953675243172439 0.97348909646272652 1.6918126271452225
leaf_weight=8284 292 470 449 245 282 358 612 454 939 421 252 352 412 69 62 53 26 210 91 39 443 311 374 56 29 71 332 381 40 35
leaf_count=8284 292 470 449 245 282 358 612 454 939 421 252 352 412 69 62 53 26 210 91 39 443 311 374 56 29 71 332 381 40 35
internal_value=-8.08128e-10 6.30121 -3.16413 8.86639 3.72387 7.71341 -0.500764 2.60772 -3.66198 10.5777 4.97835 6.7652 -1.29992 5.92912 3.23407 8.65933 4.56377 4.47706 0.37413 8.51165 10.021 1.7269 8.63371 1.25397 2.03676 6.30818 3.07774 4.79636 -0.739858 0.22172
internal_weight=16444 5497 10947 2755 2742 1646 1724 1451 9223 1109 1291 822 901 392 848 824 899 873 823 771 688 603 732 211 120 323 786 663 452 91
internal_count=16444 5497 10947 2755 2742 1646 1724 1451 9223 1109 1291 822 901 392 848 824 899 873 823 771 688 603 732 211 120 323 786 663 452 91
is_linear=0
shrinkage=0.05


Tree=23
num_leaves=31
num_cat=0
split_feature=4 4 1 4 4 6 4 6 4 6 6 8 6 6 6 1 6 5 5 6 1 1 4 4 8 1 4 8 6 1
split_gain=1.18357e+08 1.31197e+07 5.24784e+06 1.96806e+06 1.39551e+06 362658 361799 331469 304485 296388 175579 124136 102983 98691.2 95124.1 85119.6 84487.7 107352 74873.9 93805.3 73680 71781.9 62845.8 59216.5 51332.6 46510.2 45497 43584.7 47796.9 41394.8
threshold=292.50000000000006 594.50000000000011 99.500000000000014 764.50000000000011 421.50000000000006 668.50000000000011 194.50000000000003 528.50000000000011 877.50000000000011 39.500000000000007 383.50000000000006 2.5000000000000004 747.50000000000011 875.50000000000011 290.50000000000006 485.50000000000006 711.50000000000011 96.500000000000014 99.500000000000014 875.50000000000011 168.50000000000003 650.50000000000011 940.50000000000011 532.50000000000011 3.5000000000000004 586.50000000000011 687.50000000000011 5.5000000000000009 927.50000000000011 416.50000000000006
decision_type=2 2 2 2 2 2 2 2 2 2 2 2 2 2 2 2 2 2 2 2 2 2 2 2 2 2 2 2 2 2
left_child=2 4 9 5 10 24 20 15 13 -1 29 23 -7 -5 -8 -6 17 21 19 -14 -4 -13 27 -9 26 -17 -3 28 -10 -2
right_child=1 3 6 8 7 12 14 11 22 -11 -12 16 18 -15 -16 25 -18 -19 -20 -21 -22 -23 -24 -25 -26 -27 -28 -29 -30 -31
leaf_value=-3.5474323031949062 1.465443637800526 5.0127818120492478 -1.5771476819230754 8.8406612705109708 3.3848235776584468 7.1856227988233945 0.0359206689026383 1.38976276450687 10.086502061462404 -2.5089669191095245 2.8061806277907575 5.3078435926428646 8.2894803042213123 10.042424525177131 1.2733629654034022 4.2451231432449932 7.3787259569534882 3.058463429644704 5.8331534048606608 11.801797256469726 -0.62052219249107288 7.3246008952458697 11.654144537626808 4.3910638569366363 6.4583072786358589 6.4851727066040041 6.7842685818672184 10.807884483650083 7.5085104442778094 3.4724579780190079
leaf_weight=8568 530 148 440 599 499 416 613 27 125 747 579 546 384 239 208 317 52 50 29 20 371 48 134 42 348 25 48 244 21 27
leaf_count=8568 530 148 440 599 499 416 613 27 125 747 579 546 384 239 208 317 52 50 29 20 371 48 134 42 348 25 48 244 21 27
internal_value=9.72646e-08 5.98615 -3.00593 8.42307 3.53768 7.10165 -0.39049 4.48636 9.77457 -3.46415 2.1965 5.23951 7.74744 9.18341 0.349426 3.80126 5.44006 5.28352 8.2872 8.46336 -1.13953 5.47081 10.72 3.21664 6.0938 4.40887 5.44662 10.399 9.7157 1.56273
internal_weight=16444 5497 10947 2755 2742 1393 1632 1606 1362 9315 1136 765 849 838 821 841 696 644 433 404 811 594 524 69 544 342 196 390 146 557
internal_count=16444 5497 10947 2755 2742 1393 1632 1606 1362 9315 1136 765 849 838 821 841 696 644 433 404 811 594 524 69 544 342 196 390 146 557
is_linear=0
shrinkage=0.05


Tree=24
num_leaves=31
num_cat=0
split_feature=4 4 4 4 4 4 1 6 1 8 4 1 1 6 6 5 3 3 3 8 8 6 6 0 2 6 1 0 4 1
split_gain=1.06855e+08 8.96519e+06 8.32161e+06 1.50398e+06 755950 586688 489270 317880 236550 174887 133962 117903 114007 104944 99710.8 95080.1 122278 94446.8 213355 87489.9 77756.9 77154 70801.2 64206 52667.4 50729.7 47086.6 45871.1 45362.1 44657.1
threshold=356.50000000000006 679.50000000000011 128.50000000000003 523.50000000000011 817.50000000000011 263.50000000000006 50.500000000000007 453.50000000000006 641.50000000000011 4.5000000000000009 921.50000000000011 249.50000000000003 823.50000000000011 345.50000000000006 664.50000000000011 74.500000000000014 52.500000000000007 52.500000000000007 87.500000000000014 5.5000000000000009 9.5000000000000018 794.50000000000011 563.50000000000011 26.050000000000004 42.500000000000007 180.50000000000003 756.50000000000011 23.850000000000005 4.5000000000000009 135.50000000000003
decision_type=2 2 2 2 2 2 2 2 2 2 2 2 2 2 2 2 2 2 2 2 2 2 2 2 2 2 2 2 2 2
left_child=2 3 6 7 9 11 28 -2 22 15 19 25 20 -7 23 -3 -17 21 -19 -6 -11 24 -5 -9 27 -4 -26 -10 -1 -8
right_child=1 4 5 8 10 13 29 14 17 12 -12 -13 -14 -15 -16 16 -18 18 -20 -21 -22 -23 -24 -25 26 -27 -28 -29 -30 -31
leaf_value=-3.3975547388878633 2.5558759758408862 7.1501201592809798 -1.1121229972904441 4.5189289186482826 8.65897197073933 0.90119542121030816 -2.2347400439162697 3.4604233437054739 3.8414686695734659 8.0368611965736338 10.699476159003474 0.55519209143830772 9.3494762254797887 2.0746711288625512 6.5652588423755436 6.7137746542692192 1.7300258445739747 0.81940704946932597 7.43043416096614 9.7893239144008817 6.1116804221580772 9.2295272827148445 5.434416001641635 4.3986899251003324 6.5641471330433676 -0.3376986797916503 8.4138792135776619 6.1638650149515231 -3.0081371159588168 -1.1451092278239903
leaf_weight=7902 757 246 348 358 279 435 727 417 30 548 248 268 161 339 36 32 20 23 26 443 58 27 515 324 292 539 39 73 826 108
leaf_count=7902 757 246 348 358 279 435 727 417 30 548 248 268 161 339 36 32 20 23 26 443 58 27 515 324 292 539 39 73 826 108
internal_value=8.13029e-08 6.14003 -2.64579 4.36309 8.68713 0.349967 -3.25008 3.28508 5.5588 7.76743 9.6969 -0.36385 8.16681 1.41516 3.99552 6.7395 4.79695 6.41434 4.3273 9.35253 7.8526 6.63617 5.05899 3.87068 6.47484 -0.641531 6.78209 5.48744 -3.3607 -2.09381
internal_weight=16444 4952 11492 2917 2035 1929 9563 1534 1383 1065 970 1155 767 774 777 298 52 510 49 722 606 461 873 741 434 887 331 103 8728 835
internal_count=16444 4952 11492 2917 2035 1929 9563 1534 1383 1065 970 1155 767 774 777 298 52 510 49 722 606 461 873 741 434 887 331 103 8728 835
is_linear=0
shrinkage=0.05


Tree=25
num_leaves=31
num_cat=0
split_feature=4 4 4 4 4 4 4 6 6 6 1 0 6 5 6 8 0 2 4 1 0 4 5 1 0 4 1 6 0 5
split_gain=9.64364e+07 8.09108e+06 7.51025e+06 1.35734e+06 686510 529486 443388 286887 214529 174156 106407 95755 94711.6 91920.9 89989 88466.3 68341.1 76281 94445.5 69551.8 57945.9 55074.5 73318.8 54254.9 52853.3 50767.9 48730.1 45785.8 39675 39421.9
threshold=356.50000000000006 679.50000000000011 128.50000000000003 523.50000000000011 839.50000000000011 263.50000000000006 51.500000000000007 453.50000000000006 635.50000000000011 789.50000000000011 249.50000000000003 19.950000000000003 345.50000000000006 82.500000000000014 664.50000000000011 5.5000000000000009 26.750000000000004 58.500000000000007 588.50000000000011 756.50000000000011 26.050000000000004 665.50000000000011 68.500000000000014 759.50000000000011 25.650000000000002 908.50000000000011 4.5000000000000009 192.50000000000003 15.65 37.500000000000007
decision_type=2 2 2 2 2 2 2 2 2 2 2 2 2 2 2 2 2 2 2 2 2 2 2 2 2 2 2 2 2 2
left_child=2 3 6 7 9 10 26 28 24 13 27 -11 -7 23 20 -6 17 18 -10 -19 -9 22 -20 -3 -5 -17 -1 -4 -2 -13
right_child=1 4 5 8 15 12 -8 14 16 11 -12 29 -14 -15 -16 25 -18 19 21 -21 -22 -23 -24 -25 -26 -27 -28 -29 -30 -31
leaf_value=-3.227104559315201 1.545500498176168 6.7825040555382223 -0.97729388550440111 4.484220961824362 8.7025977204141967 0.85613564495725203 -1.9354459899416119 3.2874021729262326 2.5256042821066722 5.5010807014280756 0.5274324872197389 7.8327658179911168 1.9709375635624635 4.190214390414102 6.2369959248436828 9.3669063152910095 6.5872667739089117 5.885573907094459 5.0891775928131526 9.1508293015616271 4.1787554166567178 3.5466987880071006 7.9291384321270577 7.7194689877362439 5.3193289884586932 10.380596536985585 -2.8322880053052715 -0.25863043670234837 2.5765411286787305 8.7360787900937655
leaf_weight=7928 109 437 433 543 294 435 768 417 35 31 268 205 339 28 36 294 284 73 73 21 324 30 33 239 291 213 867 454 648 294
leaf_count=7928 109 437 433 543 294 435 768 417 35 31 268 205 339 28 36 294 284 73 73 21 324 30 33 239 291 213 867 454 648 294
internal_value=2.05316e-08 5.83303 -2.5135 4.14494 8.25277 0.332469 -3.08758 3.12083 5.28086 7.51288 -0.345658 8.19747 1.3444 6.99749 3.79575 9.39264 6.04839 5.47088 4.84192 6.61505 3.67714 5.43803 5.97332 7.11377 4.77561 9.79278 -3.18818 -0.609455 2.42808 8.36498
internal_weight=16444 4952 11492 2917 2035 1929 9563 1534 1383 1234 1155 530 774 704 777 801 549 265 171 94 741 136 106 676 834 507 8795 887 757 499
internal_count=16444 4952 11492 2917 2035 1929 9563 1534 1383 1234 1155 530 774 704 777 801 549 265 171 94 741 136 106 676 834 507 8795 887 757 499
is_linear=0
shrinkage=0.05


Tree=26
num_leaves=31
num_cat=0
split_feature=4 4 4 6 4 4 1 4 6 8 6 4 4 1 5 0 0 8 1 6 8 1 0 6 0 3 2 2 0 7
split_gain=8.70339e+07 7.3022e+06 6.778e+06 1.23321e+06 620598 479208 401021 234186 211496 149244 113853 112519 106722 95361 83443.4 118297 73329.3 73163 71264.2 69002.6 67651 66979.3 52305.3 51443.6 47136.2 53198 44496.7 119463 43203.6 41218.2
threshold=356.50000000000006 679.50000000000011 128.50000000000003 539.50000000000011 817.50000000000011 244.50000000000003 50.500000000000007 482.50000000000006 664.50000000000011 4.5000000000000009 345.50000000000006 921.50000000000011 553.50000000000011 823.50000000000011 74.500000000000014 23.850000000000005 26.150000000000002 5.5000000000000009 668.50000000000011 445.50000000000006 9.5000000000000018 209.50000000000003 16.550000000000004 639.50000000000011 19.250000000000004 92.500000000000014 59.500000000000007 56.500000000000007 15.450000000000001 10.500000000000002
decision_type=2 2 2 2 2 2 2 2 2 2 2 2 2 2 2 2 2 2 2 2 2 2 2 2 2 2 2 2 2 2
left_child=2 3 6 7 9 21 -1 19 12 14 22 17 16 20 -3 -16 23 26 28 -2 -11 -4 -7 29 25 -12 27 -6 -14 -5
right_child=1 4 5 8 11 10 -8 -9 -10 13 24 -13 18 -15 15 -17 -18 -19 -20 -21 -22 -23 -24 -25 -26 -27 -28 -29 -30 -31
leaf_value=-3.0333463785847212 2.2040161821434721 6.4419179628292724 -0.80252764016269473 5.6077359546314591 7.8354678835187643 -0.1620564306554971 -1.8863821273453223 3.8184549244855783 5.9705480925629786 7.2602697298909638 1.5656937486595579 9.6738902060254937 3.2199736184544037 8.4574030579987518 6.1228103846311575 1.2208603763580324 4.6764146489481773 8.8388759991923518 7.161218741133407 3.0663244847763966 5.4645480188830149 0.0156739091846296 0.96864337491321761 1.0688333915627521 2.2251751862163469 -1.0415124626159669 8.4861084871513892 3.9865197281042732 5.0108293970254643 3.291208106042534
leaf_weight=8728 646 246 557 22 126 135 835 522 410 548 90 248 36 161 32 20 186 443 37 362 58 454 422 23 246 25 129 24 522 151
leaf_count=8728 646 246 557 22 126 135 835 522 410 548 90 248 36 161 32 20 186 443 37 362 58 454 422 23 246 25 129 24 522 151
internal_value=1.2716e-08 5.54138 -2.38783 3.93769 7.84013 0.315845 -2.9332 2.95885 5.01745 7.00683 1.14287 8.75505 4.61748 7.37577 6.05724 4.23744 3.96529 8.43944 5.0362 2.51369 7.0884 -0.435106 0.694596 3.29044 1.83454 0.99891 7.80521 7.21964 4.89529 3.5858
internal_weight=16444 4952 11492 2917 2035 1929 9563 1530 1387 1065 918 970 977 767 298 52 382 722 595 1008 606 1011 557 196 361 115 279 150 558 173
internal_count=16444 4952 11492 2917 2035 1929 9563 1530 1387 1065 918 970 977 767 298 52 382 722 595 1008 606 1011 557 196 361 115 279 150 558 173
is_linear=0
shrinkage=0.05


Tree=27
num_leaves=31
num_cat=0
split_feature=4 4 6 4 1 4 4 6 4 6 6 5 0 1 4 1 8 6 0 2 2 5 1 1 0 0 6 0 1 2
split_gain=7.85551e+07 8.76354e+06 3.50937e+06 1.55008e+06 778449 353462 248705 201112 183324 151347 94611.3 98517.9 90954.7 102227 75242.9 63980.6 55115 66083 54749.7 53369.1 50832.7 44725.9 56018.5 43938.1 55791.6 42497.3 40617.2 40243.6 42407.3 42278.3
threshold=292.50000000000006 578.50000000000011 114.50000000000001 722.50000000000011 468.50000000000006 839.50000000000011 46.500000000000007 245.50000000000003 370.50000000000006 664.50000000000011 804.50000000000011 74.500000000000014 19.550000000000004 596.50000000000011 933.50000000000011 192.50000000000003 5.5000000000000009 931.50000000000011 26.050000000000004 78.500000000000014 39.500000000000007 85.500000000000014 650.50000000000011 468.50000000000006 19.750000000000004 15.950000000000001 429.50000000000006 26.750000000000004 599.50000000000011 59.500000000000007
decision_type=2 2 2 2 2 2 2 2 2 2 2 2 2 2 2 2 2 2 2 2 2 2 2 2 2 2 2 2 2 2
left_child=2 4 6 9 8 10 -1 15 18 25 11 -5 20 -14 16 -4 17 -7 -2 26 -6 22 -15 24 -9 -3 -10 28 -11 -30
right_child=1 3 7 5 12 14 -8 23 19 27 -12 -13 13 21 -16 -17 -18 -19 -20 -21 -22 -23 -24 -25 -26 -27 -28 -29 29 -31
leaf_value=-2.8835148231443233 0.98556744443601652 3.7665024124830966 -0.99616452836895564 6.7330825987782568 0.8851703607119048 7.8871424688051839 -1.9115567556812607 -0.3104426714364672 2.0897910837660776 7.2130287908738673 7.6130049794985926 3.2353601092383979 3.6765680004776606 4.8048177775986698 9.3952805784615609 -0.20016341286859377 8.595626491199841 4.950921948750814 2.0082667245529593 4.7782299041748049 3.1946418543970374 3.7857323751611229 6.9359479305356047 2.2621998853153653 0.83486935088311087 4.9997336957285938 2.8071782564456087 6.3220967302121309 4.7307034349941715 6.1901087924053799
leaf_weight=8703 411 80 558 487 26 219 712 160 478 31 405 21 607 109 176 461 385 21 192 24 285 59 43 36 317 551 336 332 143 76
leaf_count=8703 411 80 558 487 26 219 712 160 478 31 405 21 607 109 176 461 385 21 192 24 285 59 43 36 317 551 336 332 143 76
internal_value=-3.68992e-08 4.87684 -2.44889 6.74753 2.74629 7.7155 -2.81001 -0.229578 1.97603 5.37976 7.04296 6.58849 3.7294 4.00612 8.48207 -0.63605 8.22491 7.63022 1.3112 2.45443 3.00157 4.95417 5.4077 0.577821 0.450698 4.84338 2.38591 5.9613 5.48217 5.23716
internal_weight=16444 5497 10947 2927 2570 1714 9415 1532 1441 1213 913 508 1129 818 801 1019 625 240 603 838 311 211 152 513 477 631 814 582 250 219
internal_count=16444 5497 10947 2927 2570 1714 9415 1532 1441 1213 913 508 1129 818 801 1019 625 240 603 838 311 211 152 513 477 631 814 582 250 219
is_linear=0
shrinkage=0.05


Tree=28
num_leaves=31
num_cat=0
split_feature=4 4 4 6 4 4 4 4 6 6 4 1 0 0 5 1 0 0 1 1 5 4 8 4 8 6 6 4 1 1
split_gain=7.0911e+07 5.95618e+06 5.52944e+06 1.01085e+06 507465 391973 327298 194585 171326 131016 87579.6 87091.7 81437.6 73599.2 72717 68486.4 66102.3 63508.9 63121.1 60265.1 54776.2 52613.9 49011.8 46999.2 47867.5 53965.2 46556.9 45122.7 44125.9 39465.9
threshold=356.50000000000006 679.50000000000011 128.50000000000003 539.50000000000011 839.50000000000011 263.50000000000006 53.500000000000007 482.50000000000006 664.50000000000011 789.50000000000011 553.50000000000011 345.50000000000006 19.950000000000003 16.050000000000004 82.500000000000014 931.50000000000011 15.850000000000003 26.150000000000002 668.50000000000011 449.50000000000006 29.500000000000004 197.50000000000003 6.5000000000000009 940.50000000000011 5.5000000000000009 914.50000000000011 639.50000000000011 12.500000000000002 759.50000000000011 624.50000000000011
decision_type=2 2 2 2 2 2 2 2 2 2 2 2 2 2 2 2 2 2 2 2 2 2 2 2 2 2 2 2 2 2
left_child=2 3 6 7 9 11 27 16 10 14 17 21 -11 -7 28 23 -2 26 -12 -18 -15 -4 -13 24 25 -6 29 -1 -3 -5
right_child=1 4 5 8 15 13 -8 -9 -10 12 18 22 -14 20 -16 -17 19 -19 -20 -21 -22 -23 -24 -25 -26 -27 -28 -29 -30 -31
leaf_value=-2.7651604080810399 1.1600486542284489 5.7994745696163834 -0.73662649395013058 2.9601664823644303 7.3732007517672997 0.041015014052391052 -1.627386755518841 3.4508344792657426 5.3888911887785289 4.5489487171173097 4.4177781241875822 0.2714316343006335 7.1900760302204407 0.69401579374220324 3.497928959131241 8.7754816363720192 2.1041850134626134 4.2420637246101132 6.5503211665797885 2.9645206847522836 1.6818082128950722 -0.040489275914999102 3.0008287150284341 9.5623452579273902 8.0556147550281718 4.953107613783617 0.83877282660940422 -2.3495123468990058 6.6444621716583132 5.321968860626221
leaf_weight=8127 120 437 569 153 202 124 726 522 410 31 558 38 499 205 28 235 572 186 37 316 445 519 29 34 304 26 23 710 239 20
leaf_count=8127 120 437 569 153 202 124 726 522 410 31 558 38 499 205 28 235 572 186 37 316 445 519 29 34 304 26 23 710 239 20
internal_value=4.249e-08 5.00185 -2.15534 3.55348 7.07795 0.28665 -2.64792 2.66727 4.53107 6.44182 4.17108 -0.29681 7.03559 1.15732 5.9948 8.05797 2.2615 3.58026 4.55039 2.41034 1.37027 -0.404554 1.45281 7.76006 7.64488 7.09723 2.95223 -2.73177 6.09822 3.23321
internal_weight=16444 4952 11492 2917 2035 1929 9563 1530 1387 1234 977 1155 530 774 704 801 1008 382 595 888 650 1088 67 566 532 228 196 8837 676 173
internal_count=16444 4952 11492 2917 2035 1929 9563 1530 1387 1234 977 1155 530 774 704 801 1008 382 595 888 650 1088 67 566 532 228 196 8837 676 173
is_linear=0
shrinkage=0.05


Tree=29
num_leaves=31
num_cat=0
split_feature=4 4 6 4 4 4 1 6 1 8 1 6 3 3 8 5 8 6 6 6 0 6 2 0 0 4 2 8 6 1
split_gain=6.39971e+07 5.37545e+06 4.99772e+06 918765 458921 395215 242287 193834 146331 125223 106010 86803 82186.2 184575 79684.1 74594.5 70368.5 64350.4 64339.8 61892.2 58906.5 47958.2 46979.1 48325.8 45662.5 43677.2 43614 41130.6 40893.7 39405.4
threshold=356.50000000000006 679.50000000000011 125.50000000000001 523.50000000000011 832.50000000000011 244.50000000000003 55.500000000000007 453.50000000000006 641.50000000000011 4.5000000000000009 846.50000000000011 383.50000000000006 52.500000000000007 87.500000000000014 9.5000000000000018 37.500000000000007 5.5000000000000009 800.50000000000011 664.50000000000011 209.50000000000003 16.050000000000004 858.50000000000011 50.500000000000007 25.250000000000004 27.050000000000004 949.50000000000011 41.500000000000007 5.5000000000000009 664.50000000000011 756.50000000000011
decision_type=2 2 2 2 2 2 2 2 2 2 2 2 2 2 2 2 2 2 2 2 2 2 2 2 2 2 2 2 2 2
left_child=2 3 6 7 9 19 -1 -2 24 10 -3 20 17 -14 15 -11 -6 26 22 -4 -7 -17 23 -9 28 -18 27 -10 -5 -28
right_child=1 4 5 8 16 11 -8 18 12 14 -12 -13 13 -15 -16 21 25 -19 -20 -21 -22 -23 -24 -25 -26 -27 29 -29 -30 -31
leaf_value=-2.5966852060178436 1.9638242430030275 5.4791241538544364 -0.75679448717173714 3.5859629519002136 7.0229290599375958 -0.26732931667718834 -1.6117591844417067 1.7106992277478383 2.7777243945333696 6.0716618547530192 1.7202851235866548 1.8170821213621204 -0.22633408774500308 5.9226544471887443 4.6116612430276538 6.6620706755103489 7.7966965655063065 7.8290576414628461 5.1522371990813154 -0.0016484776676473458 0.92840928491529662 7.8745944691285237 3.2683838964471912 3.1124783054351806 4.4755676392899009 9.2086110268869703 5.1175893020194243 4.9222788244990987 5.3952902100302964 6.7357041644495581
leaf_weight=8815 757 302 605 582 320 127 672 121 36 421 20 236 23 26 58 264 470 22 36 492 545 118 495 125 258 62 301 59 33 43
leaf_count=8815 757 302 605 582 320 127 672 121 36 421 20 236 23 26 58 264 470 22 36 492 545 118 495 125 258 62 301 59 33 43
internal_value=2.25729e-08 4.75175 -2.04757 3.37581 6.72406 0.220545 -2.52692 2.53325 4.31037 6.08684 5.24566 0.992141 4.98326 3.03639 6.40143 6.53071 7.60882 5.1902 3.08801 -0.418115 0.702429 7.03662 2.98773 2.42299 3.91726 7.96124 5.05795 4.10961 3.68305 5.31985
internal_weight=16444 4952 11492 2917 2035 2005 9487 1534 1383 1183 322 908 510 49 861 803 852 461 777 1097 672 382 741 246 873 532 439 95 615 344
internal_count=16444 4952 11492 2917 2035 2005 9487 1534 1383 1183 322 908 510 49 861 803 852 461 777 1097 672 382 741 246 873 532 439 95 615 344
is_linear=0
shrinkage=0.05


Tree=30
num_leaves=31
num_cat=0
split_feature=4 4 4 4 1 6 4 4 6 4 4 1 5 1 5 1 1 2 0 0 1 4 6 0 0 6 6 3 6 0
split_gain=5.77721e+07 6.47163e+06 2.59749e+06 1.14261e+06 577017 265719 255929 134121 107593 83431.4 81262.2 77456 77141.7 97019.4 63443.1 57913.1 47194 46887.4 46139.6 45427.7 46279.1 41572.8 38351.3 37449.1 36215.2 35116.9 33758.8 39564.5 33666.2 33460.1
threshold=292.50000000000006 578.50000000000011 79.500000000000014 722.50000000000011 468.50000000000006 875.50000000000011 174.50000000000003 370.50000000000006 668.50000000000011 894.50000000000011 16.500000000000004 349.50000000000006 96.500000000000014 603.50000000000011 74.500000000000014 831.50000000000011 967.00000000000011 78.500000000000014 26.050000000000004 20.550000000000004 650.50000000000011 230.50000000000003 148.50000000000003 15.950000000000001 16.950000000000003 808.50000000000011 711.50000000000011 57.500000000000007 865.50000000000011 16.050000000000004
decision_type=2 2 2 2 2 2 2 2 2 2 2 2 2 2 2 2 2 2 2 2 2 2 2 2 2 2 2 2 2 2
left_child=2 4 10 8 7 9 22 18 23 14 -1 21 13 29 15 -5 -7 24 -2 -15 -21 -8 -4 -3 -9 -16 27 -14 -10 -6
right_child=1 3 6 5 12 16 11 17 28 -11 -12 -13 26 19 25 -17 -18 -19 -20 20 -22 -23 -24 -25 -26 -27 -28 -29 -30 -31
leaf_value=-2.4945963271387392 0.82062987959943712 3.1715666425228122 -1.3161983266280992 5.852202887599244 1.8981806413800109 7.2587292572561424 -0.29790432351693302 1.4488406003266574 5.0558166207538715 7.9191092256639823 -1.9933966051774679 1.4936963958838554 1.4895164969220627 2.9216528470578949 2.7576680573550139 6.7174810970530787 8.6398729130841687 4.275534733136495 1.7594756768085063 4.1973066675251927 6.1444885340142754 0.37936032125072389 -0.61684430018325265 4.3253200353862544 2.2235313745943603 5.5232738385597866 4.0436511841687297 3.413407624108451 7.1455009841918953 3.2225138870067895
leaf_weight=8219 411 80 494 669 51 597 502 200 531 61 897 97 113 38 22 272 69 24 192 87 47 413 325 582 614 24 22 35 20 736
leaf_count=8219 411 80 494 669 51 597 502 200 531 61 897 97 113 38 22 272 69 24 192 87 47 413 325 582 614 24 22 35 20 736
internal_value=-1.94915e-08 4.18225 -2.1001 5.78982 2.35137 6.62088 -0.381573 1.68822 4.61551 6.12459 -2.44528 0.150214 3.19779 3.3718 6.01368 6.10232 7.40182 2.09741 1.11957 4.44755 4.88027 0.00778999 -1.03868 4.18589 2.03319 4.20059 2.21615 1.94449 5.13167 3.13669
internal_weight=16444 5497 10947 2927 2570 1714 1831 1441 1213 1048 9116 1012 1129 959 987 941 666 838 603 172 134 915 819 662 814 46 170 148 551 787
internal_count=16444 5497 10947 2927 2570 1714 1831 1441 1213 1048 9116 1012 1129 959 987 941 666 838 603 172 134 915 819 662 814 46 170 148 551 787
is_linear=0
shrinkage=0.05


Tree=31
num_leaves=31
num_cat=0
split_feature=4 4 4 4 4 6 4 1 6 6 4 4 1 0 2 1 5 1 5 1 4 1 8 1 0 1 2 2 2 3
split_gain=5.21393e+07 5.84065e+06 2.34423e+06 1.03121e+06 530440 239811 230976 120284 97102.5 86851.6 75296.9 73440.7 69904.1 59848 79088.1 76459.2 57257.4 52266.6 45006.1 42592.6 37519.5 34647.8 33867.2 33139.7 32383.7 39432.2 40733 56218.3 36229.7 44322.3
threshold=292.50000000000006 578.50000000000011 79.500000000000014 722.50000000000011 421.50000000000006 875.50000000000011 174.50000000000003 503.50000000000006 668.50000000000011 383.50000000000006 894.50000000000011 14.500000000000002 349.50000000000006 18.150000000000002 41.500000000000007 770.50000000000011 74.500000000000014 831.50000000000011 96.500000000000014 967.00000000000011 230.50000000000003 135.50000000000003 4.5000000000000009 614.50000000000011 26.750000000000004 593.50000000000011 59.500000000000007 57.500000000000007 47.500000000000007 17.500000000000004
decision_type=2 2 2 2 2 2 2 2 2 2 2 2 2 2 2 2 2 2 2 2 2 2 2 2 2 2 2 2 2 2
left_child=2 4 11 8 9 10 21 -6 22 -2 16 -1 20 14 -9 18 17 -5 23 -7 -8 -4 -3 -15 25 -10 27 28 29 -27
right_child=1 3 6 5 7 19 12 13 24 -11 -12 -13 -14 15 -16 -17 -18 -19 -20 -21 -22 -23 -24 -25 -26 26 -28 -29 -30 -31
leaf_value=-2.3711640018381472 0.98100243288976829 3.5361060183084514 -1.299869353301385 5.5595927543169719 2.3793300523443732 6.8957927996988477 -0.283009103962301 -0.072652993378815825 6.2282636995668774 1.8555455469199824 7.5231536927770399 -1.9047175890992731 1.4190115702520942 3.3693766069941193 2.9446702837944034 6.5457580232620245 3.990563148000966 6.3816070486517518 2.0789459799898085 8.2078794838725653 0.36039230450469162 -0.64897989111049537 4.2669489492155739 4.4038706937304104 5.2056418148777155 4.3959108120355852 5.1487549092671649 1.2360398292541506 5.1200918455123912 1.7307791068003728
leaf_weight=8175 557 263 425 669 663 597 502 27 27 579 61 941 97 462 111 20 46 272 58 69 413 394 399 93 316 39 73 20 50 26
leaf_count=8175 557 263 425 669 663 597 502 27 27 579 61 941 97 462 111 20 46 272 58 69 413 394 399 93 316 39 73 20 50 26
internal_value=3.22343e-08 3.97314 -1.9951 5.50033 2.2338 6.28983 -0.362494 2.87315 4.38473 1.42674 5.81836 -2.32302 0.142703 3.2978 2.35432 3.50348 5.713 5.7972 3.40423 7.03173 0.00740049 -0.986743 3.9766 3.54272 4.87508 4.43059 4.19724 3.68271 4.10822 3.32986
internal_weight=16444 5497 10947 2927 2570 1714 1831 1434 1213 1136 1048 9116 1012 771 138 633 987 941 613 666 915 819 662 555 551 235 208 135 115 65
internal_count=16444 5497 10947 2927 2570 1714 1831 1434 1213 1136 1048 9116 1012 771 138 633 987 941 613 666 915 819 662 555 551 235 208 135 115 65
is_linear=0
shrinkage=0.05


Tree=32
num_leaves=31
num_cat=0
split_feature=4 4 4 6 4 4 4 4 4 6 0 1 1 0 5 5 0 0 1 4 1 5 8 8 6 6 1 4 1 5
split_gain=4.70752e+07 3.96198e+06 3.67381e+06 682517 338925 260012 219214 136347 112962 92099.6 66548.6 62759.1 58790.6 58335.1 57634.9 56172.2 54792.4 53295.1 52804.1 52548.8 44944.3 42843.5 42300.3 40597.1 46311.5 40346.8 38824.2 34903.6 34081.7 31566.1
threshold=356.50000000000006 679.50000000000011 128.50000000000003 539.50000000000011 839.50000000000011 263.50000000000006 60.500000000000007 482.50000000000006 578.50000000000011 789.50000000000011 19.950000000000003 345.50000000000006 811.50000000000011 16.050000000000004 82.500000000000014 96.500000000000014 15.850000000000003 14.950000000000001 701.50000000000011 940.50000000000011 394.50000000000006 29.500000000000004 6.5000000000000009 5.5000000000000009 931.50000000000011 711.50000000000011 3.5000000000000004 197.50000000000003 759.50000000000011 37.500000000000007
decision_type=2 2 2 2 2 2 2 2 2 2 2 2 2 2 2 2 2 2 2 2 2 2 2 2 2 2 2 2 2 2
left_child=2 3 6 7 9 11 26 16 15 14 -11 27 17 -7 28 18 -2 -10 -5 23 -18 -15 -13 24 -6 -17 -1 -4 -3 -12
right_child=1 4 5 8 19 13 -8 -9 12 10 29 22 -14 21 -16 25 20 -19 -20 -21 -22 -23 -24 -25 -26 -27 -28 -29 -30 -31
leaf_value=-2.2601811018934321 0.82345286409060159 4.7035008366102486 -0.60276057482001444 3.2640384624257162 6.1087170656867649 -0.050328352222699796 -1.2645158620222869 2.8218281905741303 2.1637454109417429 3.4987455175768947 5.4100197657143205 0.14688513969120229 6.4788357353210451 0.5350089675260753 2.6510750566210071 1.4903484919832815 1.3935183261200788 4.1093976765128053 5.4609737359244255 7.4730894615401091 2.1844399665779402 1.4086085787072276 2.6825291238982105 6.6939449835992608 3.8005792101224269 3.9811548528217133 -1.9383518861536695 -0.035764966402310513 5.4461163889912889 6.2183341733452417
leaf_weight=7858 120 437 569 481 230 124 641 522 37 31 205 38 25 205 28 72 250 722 29 134 638 445 29 413 24 21 1064 519 239 294
leaf_count=7858 120 437 569 481 230 124 641 522 37 31 205 38 25 205 28 72 250 722 29 134 638 445 29 413 24 21 1064 519 239 294
internal_value=-8.13548e-09 4.07539 -1.75612 2.89412 5.76865 0.234375 -2.15764 2.16592 3.6974 5.24877 5.74661 -0.240829 4.09313 0.943497 4.87398 3.18289 1.82626 4.01455 3.38896 6.56955 1.96177 1.13309 1.2444 6.38803 5.89063 2.05279 -2.2218 -0.332291 4.96605 5.88626
internal_weight=16444 4952 11492 2917 2035 1929 9563 1530 1387 1234 530 1155 784 774 704 603 1008 759 510 801 888 650 67 667 254 93 8922 1088 676 499
internal_count=16444 4952 11492 2917 2035 1929 9563 1530 1387 1234 530 1155 784 774 704 603 1008 759 510 801 888 650 67 667 254 93 8922 1088 676 499
is_linear=0
shrinkage=0.05


Tree=33
num_leaves=31
num_cat=0
split_feature=4 4 6 6 4 6 6 4 6 8 1 5 0 0 8 0 8 1 6 4 1 3 0 5 6 6 3 2 0 6
split_gain=4.24853e+07 3.57569e+06 3.32162e+06 615971 308493 263402 161875 125071 102846 93849.4 69863.6 65355.2 101996 60134.1 58879.6 55903.8 56651 54219.7 44336.1 44242.6 44097.8 41319 40614.7 39874.7 112086 39598.9 36671.6 34204.2 36095.9 31702.9
threshold=356.50000000000006 679.50000000000011 125.50000000000001 539.50000000000011 814.50000000000011 260.50000000000006 47.500000000000007 448.50000000000006 664.50000000000011 4.5000000000000009 911.50000000000011 74.500000000000014 23.850000000000005 19.250000000000004 9.5000000000000018 19.650000000000002 11.500000000000002 661.50000000000011 875.50000000000011 197.50000000000003 540.50000000000011 6.5000000000000009 26.050000000000004 99.500000000000014 426.50000000000006 468.50000000000006 48.500000000000007 72.500000000000014 15.850000000000003 836.50000000000011
decision_type=2 2 2 2 2 2 2 2 2 2 2 2 2 2 2 2 2 2 2 2 2 2 2 2 2 2 2 2 2 2
left_child=2 3 6 7 9 19 -1 22 13 11 -6 -3 -13 -5 18 23 -17 -15 -11 -4 -9 -19 27 24 -7 -25 -22 28 -2 -10
right_child=1 4 5 8 10 15 -8 20 29 14 -12 12 -14 17 -16 16 -18 21 -20 -21 26 -23 -24 25 -26 -27 -28 -29 -30 -31
leaf_value=-2.1220358250067264 0.10509575212543661 4.4612557369841594 -0.62386370608309838 2.4628621498150611 5.7772429906375216 0.18186018665337705 -1.3812850607720852 2.2982545647109127 4.0750067569459087 5.1923852036648164 6.6369558198956229 4.2892039183647404 -0.2906500291824341 3.3144706709637286 3.6463350337127163 0.96905389858800062 3.2328953841636925 3.9355849887195387 6.7390546381473548 0.023281149531730851 3.4562422992518318 6.7432956981658938 2.0995465186033542 0.015136563990797318 3.5464769577157913 -2.2178275273396419 1.1821184158325195 2.5274543280871411 1.3744098352741552 6.0694738910311745
leaf_weight=8681 66 244 622 201 617 169 806 603 389 632 383 31 20 718 58 587 29 38 50 459 156 20 262 84 29 26 20 53 370 21
leaf_count=8681 66 244 622 201 617 169 806 603 389 632 383 31 20 718 58 587 29 38 50 459 156 20 262 84 29 26 20 53 370 21
internal_value=1.26188e-09 3.87163 -1.66832 2.74942 5.48022 0.180759 -2.0591 2.05763 3.51253 4.8751 6.10651 4.12101 2.49318 3.23362 5.17571 0.800626 1.07563 3.43326 5.30578 -0.349082 2.50149 4.90376 1.59721 0.250617 0.674658 -0.512655 3.19782 1.32806 1.18227 4.17716
internal_weight=16444 4952 11492 2917 2035 2005 9487 1530 1387 1035 1000 295 51 977 740 924 616 776 682 1081 779 58 751 308 198 110 176 489 436 410
internal_count=16444 4952 11492 2917 2035 2005 9487 1530 1387 1035 1000 295 51 977 740 924 616 776 682 1081 779 58 751 308 198 110 176 489 436 410
is_linear=0
shrinkage=0.05


Tree=34
num_leaves=31
num_cat=0
split_feature=4 4 4 6 1 6 4 1 4 5 1 1 0 0 5 0 1 1 5 1 0 0 1 2 1 5 0 5 2 0
split_gain=3.83566e+07 4.31277e+06 1.72574e+06 759425 392736 169257 141381 139611 94471.8 58216.5 70400.3 54833 54739.9 50557.7 59056.4 48771.1 46476.4 44397.9 42916.4 65586.5 37786.3 36161 36085.6 33386.4 33177 31877.4 39573.2 39336.1 29998.2 58439.7
threshold=292.50000000000006 578.50000000000011 79.500000000000014 777.50000000000011 468.50000000000006 209.50000000000003 701.50000000000011 908.50000000000011 402.50000000000006 96.500000000000014 603.50000000000011 16.500000000000004 26.050000000000004 19.750000000000004 61.500000000000007 26.850000000000005 234.50000000000003 468.50000000000006 74.500000000000014 831.50000000000011 19.550000000000004 20.550000000000004 650.50000000000011 56.500000000000007 327.50000000000006 84.500000000000014 15.950000000000001 77.500000000000014 59.500000000000007 24.650000000000002
decision_type=2 2 2 2 2 2 2 2 2 2 2 2 2 2 2 2 2 2 2 2 2 2 2 2 2 2 2 2 2 2
left_child=2 4 11 6 8 16 15 13 12 10 25 -1 -2 14 -5 -3 -4 20 19 -8 -7 -12 -23 -10 -22 26 -6 -28 29 -15
right_child=1 3 5 7 9 17 18 -9 23 -11 21 -13 -14 28 -16 -17 -18 -19 -20 -21 24 22 -24 -25 -26 -27 27 -29 -30 -31
leaf_value=-2.0333185225547283 0.76399552427130202 3.289040248865839 -0.8154724624074533 5.0139103656591377 1.0084520838799931 -0.35497432820383434 4.5332884297562455 6.3176686400203348 1.4541127534755263 1.7586852666910957 2.317589242834794 -1.623639007288934 1.5877972575557697 3.9463127491294703 1.91791090965271 4.0033194156893854 0.92383260712027548 1.9370468027061887 2.5741827969551085 6.6665761409661712 0.24029692899437738 3.4619827707608546 5.1813979869193219 2.2373272575934728 1.4795750909164305 4.189241797348549 2.6623680189996417 0.75054041317531039 5.6647620359746123 5.3252613924005452
leaf_weight=8209 584 571 965 43 42 258 473 422 249 170 38 907 308 93 24 411 40 36 25 39 471 87 47 300 61 29 688 28 384 442
leaf_count=8209 584 571 965 43 42 258 473 422 249 170 38 907 308 93 24 411 40 36 25 39 471 87 47 300 61 29 688 28 384 442
internal_value=3.04216e-09 3.40778 -1.7112 4.7201 1.91316 -0.310428 3.9447 5.55662 1.36606 2.61145 2.76262 -1.99256 1.04845 5.2309 3.9049 3.58799 -0.746246 0.219836 4.59701 4.69578 0.141583 3.67899 4.06506 1.8821 0.382395 2.56235 2.5001 2.5876 5.32757 5.08556
internal_weight=16444 5497 10947 2927 2570 1831 1519 1408 1441 1129 959 9116 892 986 67 982 1005 826 537 512 790 172 134 549 532 787 758 716 919 535
internal_count=16444 5497 10947 2927 2570 1831 1519 1408 1441 1129 959 9116 892 986 67 982 1005 826 537 512 790 172 134 549 532 787 758 716 919 535
is_linear=0
shrinkage=0.05


Tree=35
num_leaves=31
num_cat=0
split_feature=4 4 4 6 4 4 6 1 8 0 1 1 4 2 4 4 1 5 0 1 0 3 0 6 5 6 4 4 6 5
split_gain=3.46208e+07 2.91352e+06 2.71387e+06 402697 366415 194142 158684 111961 98063.1 90842.4 76224.2 64606.8 61046.3 61023 59008.3 52994.2 48360.8 47452.6 46939 46026.5 41342.1 39317.9 36573.6 53495.3 36186.3 35370.3 37450.9 34365.5 32809 32088.6
threshold=356.50000000000006 650.50000000000011 128.50000000000003 487.50000000000006 814.50000000000011 263.50000000000006 62.500000000000007 770.50000000000011 4.5000000000000009 26.050000000000004 811.50000000000011 842.50000000000011 921.50000000000011 50.500000000000007 433.50000000000006 588.50000000000011 345.50000000000006 88.500000000000014 16.050000000000004 654.50000000000011 24.150000000000002 15.500000000000002 24.650000000000002 908.50000000000011 29.500000000000004 721.50000000000011 553.50000000000011 701.50000000000011 668.50000000000011 48.500000000000007
decision_type=2 2 2 2 2 2 2 2 2 2 2 2 2 2 2 2 2 2 2 2 2 2 2 2 2 2 2 2 2 2
left_child=2 3 6 14 8 16 -1 9 11 13 27 -3 22 15 20 19 -4 -9 -7 -5 -2 -18 23 -6 -20 26 -15 -10 -17 -16
right_child=1 4 5 7 12 18 -8 17 10 -11 -12 -13 -14 25 29 28 21 -19 24 -21 -22 -23 -24 -25 -26 -27 -28 -29 -30 -31
leaf_value=-1.9052829411068926 0.9126701678694138 3.7201894695277922 -0.28612411318240716 1.7241397883341862 5.0212742579214789 -0.073945035088446839 -1.0854518124633292 6.6409096956253055 3.8559403546494355 3.249614450513326 5.3951502422288975 0.8653438954126268 6.1974993035677945 2.3143017297880797 1.7858722342462194 2.3933343992346812 -0.288562588856138 3.5503367486207384 0.43795091607312603 -0.68840488087047236 1.7565390893303503 2.1560589254686708 5.5236160434226917 2.4788494628408682 1.2408150398572175 4.681983697414398 3.207006207542241 4.5591584302200365 4.5623779817060992 2.6536361388355294
leaf_weight=8931 318 352 1088 195 206 124 632 27 285 662 196 21 248 262 387 84 29 23 205 22 267 38 523 23 445 24 213 445 22 147
leaf_count=8931 318 352 1088 195 206 124 632 27 285 662 196 21 248 262 387 84 29 23 205 22 267 38 523 23 445 24 213 445 22 147
internal_value=-1.87521e-08 3.49496 -1.50601 2.36597 4.79779 0.204786 -1.8511 2.8921 4.24395 2.8137 4.51967 3.55946 5.51723 2.46263 1.64472 1.92717 -0.205836 5.21925 0.817537 1.47955 1.29782 1.09794 5.29288 4.76592 0.987604 2.80923 2.71461 4.28461 2.84351 2.02475
internal_weight=16444 4952 11492 2653 2299 1929 9563 1534 1299 1484 926 373 1000 822 1119 323 1155 50 774 217 585 67 752 229 650 499 475 730 106 534
internal_count=16444 4952 11492 2653 2299 1929 9563 1534 1299 1484 926 373 1000 822 1119 323 1155 50 774 217 585 67 752 229 650 499 475 730 106 534
is_linear=0
shrinkage=0.05


Tree=36
num_leaves=31
num_cat=0
split_feature=4 4 6 4 4 6 1 1 1 4 0 0 6 5 2 5 2 6 2 2 1 0 2 5 0 6 1 7 2 8
split_gain=3.12453e+07 2.63375e+06 2.45418e+06 467789 233386 176286 142577 132186 82714.6 72609.8 64207.6 63338.4 55531 68682.6 53514.4 117273 44260.4 42128 38863.8 37673.6 50879.3 40480.7 44278.4 37491.7 41456.2 36876.8 33368.7 32642.9 37361.8 31774.2
threshold=356.50000000000006 679.50000000000011 135.50000000000003 553.50000000000011 839.50000000000011 332.50000000000006 59.500000000000007 476.50000000000006 811.50000000000011 230.50000000000003 27.150000000000002 26.650000000000002 732.50000000000011 96.500000000000014 35.500000000000007 40.500000000000007 63.500000000000007 950.50000000000011 78.500000000000014 33.500000000000007 468.50000000000006 20.250000000000004 67.500000000000014 46.500000000000007 21.550000000000004 800.50000000000011 611.50000000000011 14.500000000000002 62.500000000000007 5.5000000000000009
decision_type=2 2 2 2 2 2 2 2 2 2 2 2 2 2 2 2 2 2 2 2 2 2 2 2 2 2 2 2 2 2
left_child=2 3 6 7 10 9 -1 18 11 -4 14 16 13 26 15 -3 -5 29 -2 -7 21 22 27 -16 25 -25 -9 28 -21 -6
right_child=1 4 5 8 17 19 -8 12 -10 -11 -12 -13 -14 -15 23 -17 -18 -19 -20 20 -22 -23 -24 24 -26 -27 -28 -29 -30 -31
leaf_value=-1.8120857582766208 1.4147861745255361 4.1139605767386298 -0.3690832092492593 2.5554917361988014 4.7944516299854625 -0.72573559099230278 -1.0530858791585929 2.3125345827952941 5.7530157264073694 0.35378075552591004 4.574096838033034 3.5449782595502008 4.5155115689550129 1.1082252917300284 3.7089217766355249 -0.68560588240623477 3.5875213796173342 6.2007225196192586 3.3384143970630791 -0.17862244670589766 2.3833869006322779 1.3186069628342669 1.6448137534516201 4.6967534340344939 5.5949565446198877 2.4460893682071143 3.4053815675687185 0.86493228733539584 -2.7508114564418795 5.4929804605947705
leaf_weight=8894 954 35 873 502 275 29 665 603 30 577 720 450 28 113 312 20 131 127 27 48 69 235 42 52 67 28 79 40 20 399
leaf_count=8894 954 35 873 502 275 29 665 603 30 577 720 450 28 113 312 20 131 127 27 48 69 235 42 52 67 28 79 40 20 399
internal_value=2.7015e-08 3.32021 -1.43071 2.35709 4.70077 0.19415 -1.75928 1.85975 3.16321 -0.0814332 4.26936 3.09147 2.32703 2.24995 3.8425 2.36866 2.76907 5.36537 1.46773 1.02147 1.13307 0.908992 0.267262 4.0191 4.67744 3.90902 2.43913 -0.268452 -0.935149 5.20797
internal_weight=16444 4952 11492 2917 2035 1933 9559 1804 1113 1450 1234 1083 823 795 514 55 633 801 981 483 454 385 150 459 147 80 682 108 68 674
internal_count=16444 4952 11492 2917 2035 1933 9559 1804 1113 1450 1234 1083 823 795 514 55 633 801 981 483 454 385 150 459 147 80 682 108 68 674
is_linear=0
shrinkage=0.05


Tree=37
num_leaves=31
num_cat=0
split_feature=4 4 4 4 6 6 4 4 0 2 6 0 4 5 2 8 4 1 0 2 5 1 5 6 6 1 1 5 6 5
split_gain=2.8204e+07 3.18339e+06 1.27342e+06 564936 293757 138380 132949 57868.4 57792.5 55634.6 67759.1 54120.5 52444.5 47631.7 48975.6 93099.3 45116.3 41495.5 39630.1 38871.4 36216.6 34750.9 33997 33356.5 31673.6 31061.5 30283.5 27972.7 25897.5 25300.8
threshold=292.50000000000006 578.50000000000011 79.500000000000014 722.50000000000011 445.50000000000006 875.50000000000011 178.50000000000003 429.50000000000006 26.750000000000004 50.500000000000007 717.50000000000011 26.050000000000004 894.50000000000011 99.500000000000014 59.500000000000007 2.5000000000000004 3.5000000000000004 332.50000000000006 26.250000000000004 61.500000000000007 74.500000000000014 759.50000000000011 34.500000000000007 493.50000000000006 597.50000000000011 831.50000000000011 967.00000000000011 43.500000000000007 808.50000000000011 30.500000000000004
decision_type=2 2 2 2 2 2 2 2 2 2 2 2 2 2 2 2 2 2 2 2 2 2 2 2 2 2 2 2 2 2
left_child=2 4 16 8 7 12 -4 11 19 18 13 -2 20 23 -15 -16 -1 -8 -6 -3 25 -21 -10 -11 -20 -5 -7 -9 -22 -27
right_child=1 3 6 5 9 26 17 27 22 10 -12 -13 -14 14 15 -17 -18 -19 24 21 28 -23 -24 -25 -26 29 -28 -29 -30 -31
leaf_value=-1.7538810661513413 0.62593487922868662 2.6898455524420646 -0.7172992961006337 4.0717349785503965 1.3682330754613692 5.0829593475040689 0.015007094562106027 1.3703571251127871 3.1725340877970059 1.9395336646158083 4.7287834747632349 1.4170070056752726 5.698637227543065 2.4810586128817049 2.5173435003861138 -1.8116047347033466 -1.4330764311990078 1.0153148105083887 1.9738550427577479 3.2941856867037944 1.5789419006217611 5.4567367644537068 3.97516231203242 2.6697005552687045 3.6379529052310517 4.1586322455846965 6.1893242075823354 2.4346440172784933 3.9539273040990035 5.1307121555789621
leaf_weight=7842 627 498 859 669 298 597 854 192 240 226 30 330 61 43 23 27 1274 118 139 161 22 21 293 508 36 119 69 91 24 153
leaf_count=7842 627 498 859 669 298 597 854 192 240 226 30 330 61 43 23 27 1274 118 139 161 22 21 293 508 36 119 69 91 24 153
internal_value=-1.16195e-08 2.92218 -1.46736 4.04965 1.63808 4.63402 -0.264084 1.08446 3.22393 2.15424 2.39449 0.898718 4.27587 2.30981 1.24378 0.179711 -1.70905 0.136444 1.71895 2.91838 4.18794 3.54371 3.61375 2.44488 2.31618 4.25491 5.19758 1.71258 2.81806 4.70543
internal_weight=16444 5497 10947 2927 2570 1714 1831 1240 1213 1330 857 957 1048 827 93 50 9116 972 473 680 987 182 533 734 175 941 666 283 46 272
internal_count=16444 5497 10947 2927 2570 1714 1831 1240 1213 1330 857 957 1048 827 93 50 9116 972 473 680 987 182 533 734 175 941 666 283 46 272
is_linear=0
shrinkage=0.05


Tree=38
num_leaves=31
num_cat=0
split_feature=4 4 4 6 4 4 6 1 0 4 8 0 3 6 4 1 5 2 0 3 3 5 4 1 6 8 0 5 6 1
split_gain=2.54673e+07 2.14868e+06 2.00079e+06 297869 273303 143072 118768 89813.3 69486.3 57557.8 55186.6 56585.8 78710.6 50025.2 44594.7 43313.8 41448.4 40219.8 39530.4 38653.9 72179.9 78285.1 38169.2 37034.9 35888.2 35467.4 34790.9 29262.1 27765.5 27724.8
threshold=356.50000000000006 650.50000000000011 128.50000000000003 487.50000000000006 798.50000000000011 263.50000000000006 36.500000000000007 770.50000000000011 26.050000000000004 886.50000000000011 4.5000000000000009 24.450000000000003 3.5000000000000004 743.50000000000011 433.50000000000006 808.50000000000011 88.500000000000014 50.500000000000007 16.050000000000004 83.500000000000014 33.500000000000007 43.500000000000007 764.50000000000011 345.50000000000006 576.50000000000011 6.5000000000000009 24.050000000000004 42.500000000000007 914.50000000000011 606.50000000000011
decision_type=2 2 2 2 2 2 2 2 2 2 2 2 2 2 2 2 2 2 2 2 2 2 2 2 2 2 2 2 2 2
left_child=2 3 6 14 10 23 -1 8 13 28 11 22 -13 17 26 -12 -9 19 -7 20 -5 -22 -3 -4 -21 -25 -2 -20 -6 -16
right_child=1 4 5 7 9 18 -8 16 -10 -11 15 12 -14 -15 29 -17 -18 -19 27 24 21 -23 -24 25 -26 -27 -28 -29 -30 -31
leaf_value=-1.64932611930942 0.74790008239637906 3.0332620806583375 -0.24549001814448276 1.719150764748173 4.2493555618404928 -0.11481835822905265 -1.081902851438874 5.8934778019233995 2.7915228926343141 5.1077154661393376 3.6369971222058481 3.1391482780719624 -0.93813202559947984 4.3055893440246589 1.6633781860873569 4.5907236155536442 3.0050378716510275 2.3197841216786959 0.48088891775562215 1.4231485238442056 1.8459663677215579 -2.3509544825553896 4.4846788133893698 -0.039266891699088251 3.9611544513702395 2.2825691826384644 1.5211702394199547 1.1567315056592553 5.1759283060723167 3.4760881228880454
leaf_weight=8529 314 237 1088 212 578 124 1034 27 662 454 687 29 20 25 512 144 23 484 286 26 20 25 56 38 30 29 271 364 94 22
leaf_count=8529 314 237 1088 212 578 124 1034 27 662 454 687 29 20 25 512 144 23 484 286 26 20 25 56 38 30 29 271 364 94 22
internal_value=-4.48677e-08 2.99754 -1.29167 2.028 4.11638 0.177271 -1.58797 2.4805 2.41027 4.6728 3.58225 3.04765 1.47495 2.10323 1.40769 3.80226 4.5648 2.03415 0.703291 1.59247 1.3331 -0.485656 3.31067 -0.17523 2.78279 0.965707 1.10612 0.859361 4.37897 1.73806
internal_weight=16444 4952 11492 2653 2299 1929 9563 1534 1484 1126 1173 342 49 822 1119 831 50 797 774 313 257 45 293 1155 56 67 585 650 672 534
internal_count=16444 4952 11492 2653 2299 1929 9563 1534 1484 1126 1173 342 49 822 1119 831 50 797 774 313 257 45 293 1155 56 67 585 650 672 534
is_linear=0
shrinkage=0.05


Tree=39
num_leaves=31
num_cat=0
split_feature=4 4 6 4 6 6 6 1 0 4 4 6 5 2 5 3 5 2 2 1 0 2 0 3 2 1 4 5 7 2
split_gain=2.29843e+07 1.94517e+06 1.81255e+06 397953 140325 130749 105127 95355.7 56320.4 54659.8 48426.2 43471.9 57679.9 40768.9 34305.3 66336.4 35420.8 33924.6 33368.3 44981.3 33498.3 39872.6 33056.4 86009.2 139290 32087.9 31355.3 30555.8 29431.5 33146.1
threshold=356.50000000000006 697.50000000000011 135.50000000000003 553.50000000000011 875.50000000000011 332.50000000000006 22.500000000000004 476.50000000000006 26.750000000000004 222.50000000000003 894.50000000000011 732.50000000000011 96.500000000000014 48.500000000000007 74.500000000000014 50.500000000000007 95.500000000000014 78.500000000000014 33.500000000000007 468.50000000000006 20.250000000000004 67.500000000000014 24.450000000000003 36.500000000000007 59.500000000000007 789.50000000000011 949.50000000000011 34.500000000000007 14.500000000000002 62.500000000000007
decision_type=2 2 2 2 2 2 2 2 2 2 2 2 2 2 2 2 2 2 2 2 2 2 2 2 2 2 2 2 2 2
left_child=2 3 6 7 10 9 -1 17 13 -4 14 12 -9 -5 25 16 -16 -2 -7 20 21 28 23 24 -6 -3 -24 -10 29 -20
right_child=1 4 5 8 22 18 -8 11 27 -11 -12 -13 -14 -15 15 -17 -18 -19 19 -21 -22 -23 26 -25 -26 -27 -28 -29 -30 -31
leaf_value=-1.5733275838335909 1.2075931163617963 3.516079221986848 -0.34281607227752808 1.9818782508594019 0.23429065572804419 -0.76253589700008262 -1.0789788166991612 2.0920587107582875 2.7505179769114445 0.27493013858742826 5.1583196077190472 3.9232251967702596 0.87241078214307799 2.7564922423732336 2.3128879135305231 0.19867662429809571 5.2202375602722171 3.00483130702266 -0.2364669032394886 2.1624556734078175 1.1487665413668815 1.4996031136030243 4.6958793052823333 5.9896169101490697 4.6231903031468393 4.053964609836604 5.8136264906989208 3.5207420065057322 0.76020823702216145 -2.659195508956909
leaf_weight=8324 954 571 805 270 29 29 1235 682 247 645 61 28 113 458 22 20 20 27 48 69 235 42 488 34 48 539 72 269 40 20
leaf_count=8324 954 571 805 270 29 29 1235 682 247 645 61 28 113 458 22 20 20 27 48 69 235 42 488 34 48 539 72 269 40 20
internal_value=6.68892e-09 2.84767 -1.22708 2.06445 4.10148 0.16931 -1.50946 1.59002 2.75244 -0.0680255 3.78482 1.9869 1.9187 2.4692 3.71334 2.56874 3.69734 1.25706 0.881808 0.986843 0.776149 0.192382 4.68335 3.89509 2.97023 3.77727 4.83959 3.15205 -0.315981 -0.949034
internal_weight=16444 4952 11492 3048 1904 1933 9559 1804 1244 1450 1233 823 795 728 1172 62 42 981 483 454 385 150 671 111 77 1110 560 516 108 68
internal_count=16444 4952 11492 3048 1904 1933 9559 1804 1244 1450 1233 823 795 728 1172 62 42 981 483 454 385 150 671 111 77 1110 560 516 108 68
is_linear=0
shrinkage=0.05


Tree=40
num_leaves=31
num_cat=0
split_feature=4 4 4 6 4 6 1 1 0 2 5 1 6 6 6 0 0 5 8 4 1 6 2 8 3 8 1 2 4 0
split_gain=2.07447e+07 2.48836e+06 819119 405072 248550 89412.5 83892.2 74719.3 70556.8 60527.5 162560 51745.3 49526.4 44450.1 41782.3 40386.8 35999.5 45678 31179.4 73831.9 30102.4 30026.2 28577.5 31447.9 41375.5 65279.9 51002.8 31643.3 27742.5 26312.5
threshold=276.50000000000006 581.50000000000011 76.500000000000014 777.50000000000011 421.50000000000006 180.50000000000003 908.50000000000011 682.50000000000011 16.550000000000004 40.500000000000007 68.500000000000014 804.50000000000011 426.50000000000006 747.50000000000011 635.50000000000011 26.250000000000004 19.750000000000004 61.500000000000007 4.5000000000000009 523.50000000000011 2.5000000000000004 416.50000000000006 35.500000000000007 11.500000000000002 25.500000000000004 4.5000000000000009 507.50000000000006 53.500000000000007 377.50000000000006 26.050000000000004
decision_type=2 2 2 2 2 2 2 2 2 2 2 2 2 2 2 2 2 2 2 2 2 2 2 2 2 2 2 2 2 2
left_child=2 4 20 7 12 -4 16 13 -6 10 -9 -11 15 -3 29 21 17 -5 19 -16 -1 -2 -14 24 25 28 27 -26 -24 -10
right_child=1 3 5 6 8 -7 -8 9 14 11 -12 -13 22 -15 18 -17 -18 -19 -20 -21 -22 -23 23 -25 26 -27 -28 -29 -30 -31
leaf_value=-1.5060405761569846 0.52591277309580553 2.5007728929234068 -0.67636636021970986 3.6999763394511023 0.95958291328713008 0.040270264202275474 4.6859927332231788 3.0915808471661173 1.6622355383395206 3.335144461652459 -1.7352273055485317 4.9073247584803354 -0.31478286656466398 4.6870428641637174 3.8969490465910539 1.158790914054777 3.9251312692597979 0.97714329163233438 3.4427776171610911 0.0079346606364616972 -1.2455299130033728 -1.3139213423366132 0.87604695125059662 -0.065312418010499737 0.35227590851161794 1.8828437368642719 4.6363831552592192 2.5439484992931631 -1.6075081768243209 2.1500842535200251
leaf_weight=7788 619 743 804 43 204 949 422 103 663 536 21 58 22 24 23 305 919 24 78 26 1293 23 22 27 23 105 22 58 23 474
leaf_count=7788 619 743 804 43 204 949 422 103 663 536 21 58 22 24 23 305 919 24 78 26 1293 23 22 27 23 105 22 58 23 474
internal_value=1.52523e-08 2.46793 -1.27793 3.48844 1.38132 -0.28841 4.09605 2.91234 1.82243 3.27891 2.27414 3.48866 0.862861 2.56918 1.96169 0.685059 3.84356 2.72463 2.82183 1.83339 -1.46895 0.46 1.4204 1.55674 1.72984 1.19999 2.50147 1.92162 -0.393326 1.86561
internal_weight=16444 5610 10834 2893 2717 1753 1408 1485 1468 718 124 594 1249 767 1264 947 986 67 127 49 9081 642 302 280 253 150 103 81 45 1137
internal_count=16444 5610 10834 2893 2717 1753 1408 1485 1468 718 124 594 1249 767 1264 947 986 67 127 49 9081 642 302 280 253 150 103 81 45 1137
is_linear=0
shrinkage=0.05


Tree=41
num_leaves=31
num_cat=0
split_feature=4 4 1 4 6 6 4 6 4 0 1 4 1 2 6 2 2 1 0 2 0 6 4 8 0 7 2 0 1 0
split_gain=1.87328e+07 1.58529e+06 1.47864e+06 292200 144886 106857 87331.7 63420.8 54168.3 50633.9 47070.1 44046.3 36052.5 31996.7 30905.6 29961.8 29725.3 39799.2 29072 32517.5 28119.2 27472.5 26595.8 26493.3 26093.5 25972.9 30356.8 25767.2 27415.2 25594.8
threshold=356.50000000000006 679.50000000000011 135.50000000000003 523.50000000000011 875.50000000000011 332.50000000000006 60.500000000000007 453.50000000000006 802.50000000000011 26.650000000000002 858.50000000000011 230.50000000000003 808.50000000000011 63.500000000000007 664.50000000000011 50.500000000000007 33.500000000000007 468.50000000000006 20.250000000000004 67.500000000000014 25.250000000000004 777.50000000000011 156.50000000000003 5.5000000000000009 15.65 14.500000000000002 62.500000000000007 27.150000000000002 516.50000000000011 24.550000000000004
decision_type=2 2 2 2 2 2 2 2 2 2 2 2 2 2 2 2 2 2 2 2 2 2 2 2 2 2 2 2 2 2
left_child=2 3 6 7 8 11 -1 24 10 12 27 -4 13 -5 15 20 -7 18 19 25 -9 23 -8 -11 -2 26 -18 28 -3 -6
right_child=1 4 5 9 29 16 22 14 -10 21 -12 -13 -14 -15 -16 -17 17 -19 -20 -21 -22 -23 -24 -25 -26 -27 -28 -29 -30 -31
leaf_value=-1.4031093514027098 0.30699776873129225 4.3203904056549076 -0.28513256010335647 1.8827400891301569 3.5726100327604913 -0.74876170117279583 -0.89399165741211728 0.60195008969503982 3.7793395438980548 0.90077513513110929 1.0983489155769348 0.27687809257576729 4.0166319330533353 2.6366053240075296 3.0964511209064063 1.8204213596052594 -0.21068059865464558 2.0077449157618097 1.0488721523274724 1.3679173894226553 1.6712293730545789 4.1966462564468392 0.30657127726823097 2.7140717443304991 1.1431456867674434 0.70515928491950042 -2.5364769291877747 3.4214510769814681 2.744734868751785 4.3833793869175066
leaf_weight=8918 109 30 865 633 118 29 596 121 470 21 28 584 24 181 36 495 47 69 234 40 125 30 50 494 648 40 20 487 346 556
leaf_count=8918 109 30 865 633 118 29 596 121 470 21 28 584 24 181 36 495 47 69 234 40 125 30 50 494 648 40 20 487 346 556
internal_value=1.62015e-08 2.57084 -1.1078 1.82362 3.64192 0.155397 -1.36244 1.34846 3.34503 2.35066 3.11593 -0.0586217 2.10668 2.05037 1.66579 1.59629 0.802814 0.902804 0.702697 0.151643 1.14528 2.72581 -0.801069 2.64013 1.02275 -0.303039 -0.904948 3.18139 2.87045 4.24143
internal_weight=16444 4952 11492 2917 2035 1928 9564 1534 1361 1383 891 1449 838 814 777 741 479 450 381 147 246 545 646 515 757 107 67 863 376 674
internal_count=16444 4952 11492 2917 2035 1928 9564 1534 1361 1383 891 1449 838 814 777 741 479 450 381 147 246 545 646 515 757 107 67 863 376 674
is_linear=0
shrinkage=0.05


Tree=42
num_leaves=31
num_cat=0
split_feature=4 6 4 4 4 4 6 4 0 6 1 3 6 2 1 0 0 1 8 2 0 3 5 3 2 0 5 5 5 3
split_gain=1.69067e+07 1.45989e+06 1.34947e+06 273014 120260 102464 68900.2 67989 47720.5 44727.4 43083.9 70557.5 37016.6 35888.6 30153.8 29917.3 29086.6 28992.4 44726.9 48654.8 25535.5 24822.9 24628.8 24252.3 31551.5 29844.5 24225.7 23989.4 34404.7 48852.1
threshold=370.50000000000006 125.50000000000001 701.50000000000011 553.50000000000011 263.50000000000006 877.50000000000011 732.50000000000011 18.500000000000004 25.250000000000004 804.50000000000011 701.50000000000011 47.500000000000007 747.50000000000011 66.500000000000014 611.50000000000011 16.050000000000004 15.950000000000001 345.50000000000006 6.5000000000000009 48.500000000000007 15.950000000000001 27.500000000000004 29.500000000000004 27.500000000000004 47.500000000000007 20.350000000000005 32.500000000000007 94.500000000000014 37.500000000000007 31.500000000000004
decision_type=2 2 2 2 2 2 2 2 2 2 2 2 2 2 2 2 2 2 2 2 2 2 2 2 2 2 2 2 2 2
left_child=1 7 3 6 17 9 8 -1 13 -4 12 21 20 16 -10 -6 -2 -3 19 -19 -5 -12 -17 25 -25 -24 -15 28 29 -11
right_child=2 4 5 10 15 -7 -8 -9 14 27 11 -13 -14 26 -16 22 -18 18 -20 -21 -22 -23 23 24 -26 -27 -28 -29 -30 -31
leaf_value=-1.3519179474675185 0.282578013135382 -0.22832813857202006 3.0196949736701972 1.4046124349089013 -0.077135551861230889 4.1277851087474877 4.0087397537231446 -0.95345627385608067 1.6013559753159485 3.4926398263844578 3.0936401845810053 0.95395222932864465 4.2962868281773163 0.9048761127516628 2.8796216359138489 0.3001626327331377 1.1237592229324658 -1.850556392255037 2.2026212025433778 1.4384417865086687 2.2592161622926663 4.9345194852352146 -0.1316116521927132 -0.019221672144803137 1.6884432973066965 0.95055898789300763 2.0633919212748024 2.1364920651471175 4.013421369649719 1.4284986138343811
leaf_weight=8258 121 1159 683 97 138 524 25 1230 597 275 217 39 21 64 50 234 682 23 32 22 884 20 87 33 150 238 153 27 329 32
leaf_count=8258 121 1159 683 97 138 524 25 1230 597 275 217 39 21 64 50 234 682 23 32 22 884 20 87 33 150 238 153 27 329 32
internal_value=-4.52771e-09 -1.03541 2.48243 1.81995 0.152147 3.5346 1.40332 -1.30026 1.36425 3.30367 2.37154 2.92469 2.21918 1.15118 1.70014 0.598873 0.997006 -0.165911 0.773595 -0.242602 2.17471 3.24899 0.7246 0.920108 1.3805 0.66087 1.72171 3.59621 3.65818 3.27749
internal_weight=16444 11604 4840 2970 2116 1870 1692 9488 1667 1346 1278 276 1002 1020 647 880 803 1236 77 45 981 237 742 508 183 325 217 663 636 307
internal_count=16444 11604 4840 2970 2116 1870 1692 9488 1667 1346 1278 276 1002 1020 647 880 803 1236 77 45 981 237 742 508 183 325 217 663 636 307
is_linear=0
shrinkage=0.05


Tree=43
num_leaves=31
num_cat=0
split_feature=4 4 4 6 6 6 4 2 1 1 4 0 2 5 3 3 6 4 6 2 1 5 0 4 0 6 3 1 4 6
split_gain=1.52601e+07 1.29827e+06 1.20802e+06 201276 162472 87794.8 72002.6 54288 57734.8 46396.4 44604.1 43266.7 41173 34144.6 33802 92930.3 30266.8 28888.5 27899.6 29786.5 37167 33547.9 50347.8 26993.4 26259.1 25629.8 24764.8 50782 24466.4 24249.4
threshold=356.50000000000006 628.50000000000011 128.50000000000003 816.50000000000011 487.50000000000006 245.50000000000003 64.500000000000014 50.500000000000007 756.50000000000011 923.50000000000011 701.50000000000011 25.250000000000004 29.500000000000004 98.500000000000014 72.500000000000014 33.500000000000007 573.50000000000011 433.50000000000006 355.50000000000006 36.500000000000007 468.50000000000006 99.500000000000014 19.550000000000004 561.50000000000011 24.050000000000004 462.50000000000006 47.500000000000007 677.50000000000011 304.50000000000006 290.50000000000006
decision_type=2 2 2 2 2 2 2 2 2 2 2 2 2 2 2 2 2 2 2 2 2 2 2 2 2 2 2 2 2 2
left_child=2 4 6 10 17 -4 -1 11 23 12 26 14 -5 -14 15 -6 -16 24 -7 -20 21 25 -23 -9 -2 -21 -3 -28 -22 -19
right_child=1 3 5 9 7 18 -8 8 -10 -11 -12 -13 13 -15 16 -17 -18 29 19 20 28 22 -24 -25 -26 -27 27 -29 -30 -31
leaf_value=-1.2655605807491497 0.51236775688542302 2.5478158842171394 -0.20805908703826048 1.7347551990957824 1.1983060115432165 0.26738389042900207 -0.69935134309305136 1.799204339435339 4.2290154241746469 4.165497615883913 2.97048242676876 1.9568520466751522 3.5674379960679943 1.4740328788757324 0.7992805156707764 -1.6367308485507968 3.1375600554289358 2.3481192602301544 -0.59215465328272654 0.809232114041463 3.0008977442076716 -1.6155837160168272 1.5636773043870926 2.367951380204683 1.1841655228768109 2.6476430052802677 2.3566261411095275 -0.12565792628696987 0.97138646951428176 1.2205250861362407
leaf_weight=8964 314 465 930 34 166 636 599 508 31 301 791 225 747 20 25 35 31 53 34 195 33 33 20 354 271 21 78 28 27 475
leaf_count=8964 314 465 930 34 166 636 599 508 31 301 791 225 747 20 25 35 31 53 34 195 33 33 20 354 271 21 78 28 27 475
internal_value=-1.82425e-08 2.32035 -0.999857 3.13386 1.51468 0.141547 -1.23009 1.8782 2.10901 3.63626 2.72737 1.45056 3.43738 3.51285 1.00731 0.704643 2.09369 1.06558 0.467007 0.81676 0.962362 0.711376 -0.415863 2.03277 0.823577 0.987967 2.3906 1.70093 2.08762 1.33371
internal_weight=16444 4952 11492 2464 2488 1929 9563 1375 893 1102 1362 482 801 767 257 201 56 1113 999 363 329 269 53 862 585 216 571 106 60 528
internal_count=16444 4952 11492 2464 2488 1929 9563 1375 893 1102 1362 482 801 767 257 201 56 1113 999 363 329 269 53 862 585 216 571 106 60 528
is_linear=0
shrinkage=0.05


Tree=44
num_leaves=31
num_cat=0
split_feature=4 4 6 6 1 4 6 4 1 5 6 2 5 0 1 0 1 2 0 3 2 5 4 0 3 2 1 2 4 0
split_gain=1.37789e+07 1.66013e+06 544070 279184 166349 76062.4 50275.4 43831.4 40845.7 38021.3 41182 37574.8 31098.4 30884.1 30550.1 29718.8 28710.1 28518.1 49557.8 27251.7 31296.7 34042.5 26321.8 43454.8 38342.9 26242.2 23812.1 28095.7 23082 22670.7
threshold=276.50000000000006 578.50000000000011 88.500000000000014 816.50000000000011 468.50000000000006 701.50000000000011 180.50000000000003 402.50000000000006 923.50000000000011 99.500000000000014 654.50000000000011 29.500000000000004 98.500000000000014 24.150000000000002 2.5000000000000004 26.750000000000004 267.50000000000006 59.500000000000007 18.650000000000002 52.500000000000007 47.500000000000007 48.500000000000007 516.50000000000011 25.150000000000002 21.500000000000004 73.500000000000014 621.50000000000011 59.500000000000007 877.50000000000011 19.650000000000002
decision_type=2 2 2 2 2 2 2 2 2 2 2 2 2 2 2 2 2 2 2 2 2 2 2 2 2 2 2 2 2 2
left_child=2 4 14 5 7 15 -4 13 11 10 26 -5 -13 19 -1 25 -9 22 -19 -2 -21 -22 23 24 -11 -3 -6 -28 -7 -8
right_child=1 3 6 8 9 28 29 16 -10 17 -12 12 -14 -15 -16 -17 -18 18 -20 20 21 -23 -24 -25 -26 -27 27 -29 -30 -31
leaf_value=-1.2297091514438498 0.10400837687465846 1.8722369916710659 -0.52834966999386057 1.6480173924390009 1.5414765083195086 2.7674086201896793 -0.30769774803370442 2.5648458018447418 3.9572227484364051 1.108463987397651 2.9381502236089401 3.3979336697321672 1.4003312015533449 0.90223400028488221 -0.97677923840226222 2.4784313256093395 1.0436257279542989 1.3801736377856948 -2.0587633341550826 -0.76558688695614163 0.16847337851921718 1.6807138131589305 0.054023481137824785 -0.098008785645167032 3.5782843199643226 3.7152227950096135 1.7266523375230678 4.052719170706613 4.1593052033455145 0.2080321136114025
leaf_weight=7788 391 564 684 34 855 760 322 33 301 30 62 754 20 425 1410 443 516 22 20 26 60 98 33 24 33 20 34 21 31 630
leaf_count=7788 391 564 684 34 855 760 322 33 301 30 62 754 20 425 1410 443 516 22 20 26 60 98 33 24 33 20 34 21 31 630
internal_value=1.7244e-08 2.01134 -1.0415 2.83484 1.11296 2.45344 -0.201351 0.776101 3.46006 1.5731 1.6913 3.27485 3.34632 0.57903 -1.19094 2.16961 1.13507 0.863929 -0.257415 0.34014 0.841919 1.10645 1.2564 1.71247 2.40218 1.93535 1.60635 2.61479 2.82196 0.0335941
internal_weight=16444 5610 10834 2927 2683 1818 1636 1549 1109 1134 972 808 774 1000 9198 1027 549 162 42 575 184 158 120 87 63 584 910 55 791 952
internal_count=16444 5610 10834 2927 2683 1818 1636 1549 1109 1134 972 808 774 1000 9198 1027 549 162 42 575 184 158 120 87 63 584 910 55 791 952
is_linear=0
shrinkage=0.05


Tree=45
num_leaves=31
num_cat=0
split_feature=4 1 6 4 6 4 6 1 0 0 8 2 2 0 4 1 6 5 3 2 5 2 1 1 4 3 0 6 1 4
split_gain=1.24397e+07 1.07713e+06 1.0013e+06 159668 138620 77905.3 59632.4 49572.1 38587.6 38442.5 35935.2 51360.5 111943 38004.6 35061.2 42211.5 40721.9 34867.8 44269.9 34122.7 50619.7 32808.6 31957.3 31196.9 25828.2 25088.2 28225.7 38762.2 24336.3 24031.7
threshold=370.50000000000006 135.50000000000003 664.50000000000011 523.50000000000011 836.50000000000011 244.50000000000003 18.500000000000004 789.50000000000011 16.050000000000004 26.050000000000004 5.5000000000000009 59.500000000000007 56.500000000000007 21.750000000000004 697.50000000000011 599.50000000000011 800.50000000000011 82.500000000000014 26.500000000000004 40.500000000000007 65.500000000000014 30.500000000000004 645.50000000000011 736.50000000000011 156.50000000000003 18.500000000000004 22.250000000000004 539.50000000000011 496.50000000000006 953.50000000000011
decision_type=2 2 2 2 2 2 2 2 2 2 2 2 2 2 2 2 2 2 2 2 2 2 2 2 2 2 2 2 2 2
left_child=1 6 3 9 14 -3 -1 17 -7 25 11 12 21 -13 15 -4 19 22 -19 20 -17 -6 -5 -21 -8 -2 27 -27 -11 -12
right_child=2 5 4 7 10 8 24 -9 -10 28 29 13 -14 -15 -16 16 -18 18 -20 23 -22 -23 -24 -25 -26 26 -28 -29 -30 -31
leaf_value=-1.1604870333962332 0.62794817399058567 -0.15439723557961688 3.7470736000596023 1.7583789350914234 1.0982871281249185 -0.21696944651490002 -0.84199235322322008 3.6570686792072502 0.60241183408553589 1.1615647639992046 3.4594681405337755 2.5336799393529481 -0.39378169275099234 4.3545629551536162 2.7510505399692504 2.1802639874545013 -0.1347947859764099 1.8295986454486848 -0.45178416097486346 2.0517523204876205 -0.63719684982299807 3.2392331887867827 2.4366051297296178 3.0681719644112633 0.31665086671710019 1.185017670274942 0.43399144078676521 2.858154403857696 1.8829237410798669 4.5984375991821294
leaf_weight=8249 447 1019 41 825 21 173 1265 38 848 299 628 46 31 76 831 44 20 50 37 236 25 121 220 111 50 308 104 39 192 50
leaf_count=8249 447 1019 41 825 21 173 1265 38 848 299 628 46 31 76 831 44 20 50 37 236 25 121 220 111 50 308 104 39 192 50
internal_value=-1.68916e-08 -0.888156 2.12937 1.45039 2.8911 0.154892 -1.11064 1.88073 0.463574 1.08791 3.34303 2.88237 2.32835 3.668 2.55492 2.21324 2.06901 1.8211 0.859355 2.17496 1.15944 2.92261 1.90116 2.37689 -0.797937 0.893409 1.15652 1.37306 1.44364 3.54346
internal_weight=16444 11604 4840 2559 2281 2040 9564 1170 1021 1389 973 295 173 122 1308 477 436 1132 87 416 69 142 1045 347 1315 898 451 347 491 678
internal_count=16444 11604 4840 2559 2281 2040 9564 1170 1021 1389 973 295 173 122 1308 477 436 1132 87 416 69 142 1045 347 1315 898 451 347 491 678
is_linear=0
shrinkage=0.05


Tree=46
num_leaves=31
num_cat=0
split_feature=4 4 4 6 1 6 1 4 2 1 6 0 1 5 6 0 5 2 8 2 0 4 0 1 1 2 5 5 0 5
split_gain=1.12282e+07 1.35132e+06 445701 229493 137778 53688.7 50833.2 44552.8 38336.4 43560.6 38115.7 35312 62225.9 32694.2 35296 28058.7 37483.9 26977.5 38086.8 25660.6 44776.9 23880.1 39548.8 36159.4 23641.4 29246.9 38266.5 23341 36160.9 26970
threshold=276.50000000000006 578.50000000000011 71.500000000000014 777.50000000000011 468.50000000000006 180.50000000000003 908.50000000000011 760.50000000000011 47.500000000000007 784.50000000000011 383.50000000000006 25.850000000000005 743.50000000000011 99.500000000000014 654.50000000000011 19.750000000000004 51.500000000000007 67.500000000000014 2.5000000000000004 59.500000000000007 18.650000000000002 516.50000000000011 25.150000000000002 624.50000000000011 677.50000000000011 32.500000000000007 29.500000000000004 84.500000000000014 15.950000000000001 78.500000000000014
decision_type=2 2 2 2 2 2 2 2 2 2 2 2 2 2 2 2 2 2 2 2 2 2 2 2 2 2 2 2 2 2
left_child=2 4 -1 7 10 -4 15 8 11 -10 -2 12 -3 14 27 16 -5 18 -12 21 -21 22 23 -15 -17 26 -26 28 -6 -30
right_child=1 3 5 6 13 -7 -8 -9 9 -11 17 -13 -14 19 -16 24 -18 -19 -20 20 -22 -23 -24 -25 25 -27 -28 -29 29 -31
leaf_value=-1.083086756138177 0.4365289839931199 1.4801911139135877 -0.51013733232853464 2.8990092528832925 0.018360327349768748 0.037666881630993063 3.4777011752940754 2.8421482155360089 2.1511721582190626 4.2673666560649872 -0.28756827723979955 2.1389513605994148 -1.3193538882515647 1.4140072040779648 2.6878119503298112 4.3801882817195015 0.52069898366928102 1.4330125118711312 0.91501908689557632 1.2591883816502312 -2.0096631309390069 -0.0066851399161598898 -0.15422767202059429 3.9873721602559087 2.8051486587524419 2.9203667024254343 -0.01835821531713009 2.5919134827547299 1.5297505627640271 0.0024559632937113446
leaf_weight=9039 732 203 846 37 45 949 422 193 891 25 75 185 22 43 62 26 30 203 539 22 20 33 24 20 30 843 20 43 792 30
leaf_count=9039 732 203 846 37 45 949 422 193 891 25 75 185 22 43 62 26 30 203 539 22 20 33 24 20 30 843 20 43 792 30
internal_value=9.06621e-09 1.81566 -0.940175 2.55862 1.00513 -0.220518 3.01848 2.13237 2.02906 2.20893 0.698559 1.62722 1.20646 1.42389 1.5335 2.82193 1.83409 0.933328 0.768123 0.766275 -0.297408 1.13856 1.57297 2.23095 2.89395 2.85068 1.67575 1.45485 1.39846 1.47401
internal_weight=16444 5610 10834 2927 2683 1795 1408 1519 1326 916 1549 410 225 1134 972 986 67 817 614 162 42 120 87 63 919 893 50 910 867 822
internal_count=16444 5610 10834 2927 2683 1795 1408 1519 1326 916 1549 410 225 1134 972 986 67 817 614 162 42 120 87 63 919 893 50 910 867 822
is_linear=0
shrinkage=0.05


Tree=47
num_leaves=31
num_cat=0
split_feature=4 1 6 4 6 1 4 1 2 0 2 5 1 5 4 6 4 2 5 5 3 0 1 1 3 5 1 5 2 6
split_gain=1.01426e+07 876313 819447 131065 113101 67484.4 50167 42244.6 42178.4 33262.3 32670.3 31506.8 30581.2 42243.2 38784.2 37321.6 30150.6 29639.5 44170.1 29518.7 40192.7 27875.2 30995.3 27566.5 25590.1 41913.4 39150.4 25440.6 42443.3 25105.8
threshold=370.50000000000006 135.50000000000003 664.50000000000011 523.50000000000011 836.50000000000011 349.50000000000006 16.500000000000004 789.50000000000011 33.500000000000007 25.250000000000004 50.500000000000007 94.500000000000014 596.50000000000011 56.500000000000007 697.50000000000011 800.50000000000011 204.50000000000003 40.500000000000007 65.500000000000014 82.500000000000014 26.500000000000004 15.750000000000002 661.50000000000011 701.50000000000011 92.500000000000014 84.500000000000014 855.50000000000011 44.500000000000007 48.500000000000007 950.50000000000011
decision_type=2 2 2 2 2 2 2 2 2 2 2 2 2 2 2 2 2 2 2 2 2 2 2 2 2 2 2 2 2 2
left_child=1 6 3 9 12 16 -1 19 -7 10 -2 29 13 -4 15 17 -3 18 -14 21 -21 -5 27 -19 25 26 -16 -23 -29 -6
right_child=2 5 4 7 11 8 -8 -9 -10 -11 -12 -13 14 -15 24 -17 -18 23 -20 20 -22 22 -24 -25 -26 -27 -28 28 -30 -31
leaf_value=-1.0489723245766365 0.32973656365440956 -0.27617134701177903 2.176555386327562 0.97904477258000466 2.9656434982395723 -1.1640686863455281 -0.71956892228096758 3.3382100707606264 0.80751166568536847 1.2841269883917366 0.99685185283819056 1.4516480907317133 1.9768422885374592 4.4936114246780816 2.3525001928275331 -0.24114795327186586 0.16672801115014246 1.6493561573375928 -0.6550163269042969 1.682936556339264 -0.49085131207027954 1.5574755988490254 2.5332745300209898 2.5472583035678431 1.113570777458303 4.528952129364014 3.8592219518578577 0.52066407884870258 2.6775718406206224 3.7000651550643582
leaf_weight=8219 270 649 42 114 806 29 1345 38 420 546 573 31 44 37 687 20 942 151 25 50 37 653 127 197 34 25 46 28 123 136
leaf_count=8219 270 649 42 114 806 29 1345 38 420 546 573 31 44 37 687 20 942 151 25 50 37 653 127 197 34 25 46 28 123 136
internal_value=-1.07819e-08 -0.801974 1.92275 1.30851 2.61185 0.138833 -1.00265 1.6984 0.680171 0.9801 0.783185 3.02006 2.30818 3.26176 2.24689 1.86875 -0.0139393 1.96995 1.02327 1.64335 0.758452 1.71702 1.80739 2.15765 2.45553 2.51572 2.44706 1.69273 2.27762 3.07167
internal_weight=16444 11604 4840 2559 2281 2040 9564 1170 449 1389 843 973 1308 79 1229 437 1591 417 69 1132 87 1045 931 348 792 758 733 804 151 942
internal_count=16444 11604 4840 2559 2281 2040 9564 1170 449 1389 843 973 1308 79 1229 437 1591 417 69 1132 87 1045 931 348 792 758 733 804 151 942
is_linear=0
shrinkage=0.05


Tree=48
num_leaves=31
num_cat=0
split_feature=4 4 6 4 6 1 1 1 2 8 2 2 0 0 2 0 1 5 4 6 2 5 3 8 2 8 6 3 5 1
split_gain=9.15372e+06 792835 739551 118286 102074 61333.8 50161.9 38125.7 32273.9 30262 45760.2 101442 32929.4 30019.3 29484.9 29072.2 27599.6 38124.5 35002.7 33682.7 26749.6 39863.5 26956.3 26684.2 28296.4 24779.7 34123.8 23095 37826.9 35333.3
threshold=370.50000000000006 148.50000000000003 664.50000000000011 523.50000000000011 836.50000000000011 65.500000000000014 349.50000000000006 789.50000000000011 33.500000000000007 5.5000000000000009 59.500000000000007 56.500000000000007 21.750000000000004 25.250000000000004 50.500000000000007 28.250000000000004 596.50000000000011 56.500000000000007 697.50000000000011 800.50000000000011 40.500000000000007 65.500000000000014 88.500000000000014 3.5000000000000004 65.500000000000014 3.5000000000000004 383.50000000000006 92.500000000000014 84.500000000000014 855.50000000000011
decision_type=2 2 2 2 2 2 2 2 2 2 2 2 2 2 2 2 2 2 2 2 2 2 2 2 2 2 2 2 2 2
left_child=1 5 3 13 16 -1 25 23 -8 10 11 15 -12 14 -2 -6 17 -4 19 20 21 -18 -22 -5 -25 -3 -27 28 29 -20
right_child=2 6 4 7 9 -7 8 -9 -10 -11 12 -13 -14 -15 -16 -17 18 -19 27 -21 22 -23 -24 24 -26 26 -28 -29 -30 -31
leaf_value=-0.98031587432349632 0.31324974352649104 -0.32080141583422161 2.0677276311885744 1.2128062019396473 2.8117324648772257 -0.5067154938973033 -1.0630400061607361 3.1712995755045039 0.75356343675495652 3.0529896664397467 2.1320158541202545 -0.66793761714812261 3.8269616528561246 1.219920642215472 0.9470092641876402 0.90272965431213381 1.8780001737854697 4.2689308475803687 2.2348751837856731 -0.2290906298160553 1.9411040982299643 -0.62226554107666021 3.8318696117401125 1.594726358110425 2.4148876683816081 0.10669342348560895 1.8167694505055747 1.0578921875532936 4.3025045356750491 3.6662608436916191
leaf_weight=8973 270 368 42 370 118 740 26 38 410 678 46 31 76 546 573 24 44 37 687 20 328 25 20 636 126 1057 30 34 25 46
leaf_count=8973 270 368 42 370 118 740 26 38 410 678 46 31 76 546 573 24 44 37 687 20 328 25 20 636 126 1057 30 34 25 46
internal_value=9.1488e-09 -0.761875 1.82661 1.24309 2.48125 -0.944234 0.174799 1.61348 0.645234 2.86906 2.44632 1.92338 3.18788 0.931095 0.744026 2.48908 2.19277 3.09867 2.13454 1.77532 1.87145 0.972107 2.04977 1.56118 1.73034 0.0338303 0.15389 2.33275 2.38993 2.3247
internal_weight=16444 11604 4840 2559 2281 9713 1891 1170 436 973 295 173 122 1389 843 142 1308 79 1229 437 417 69 348 1132 762 1455 1087 792 758 733
internal_count=16444 11604 4840 2559 2281 9713 1891 1170 436 973 295 173 122 1389 843 142 1308 79 1229 437 417 69 348 1132 762 1455 1087 792 758 733
is_linear=0
shrinkage=0.05


Tree=49
num_leaves=31
num_cat=0
split_feature=4 4 4 6 4 0 6 1 1 2 5 1 6 1 6 0 5 0 2 2 1 0 6 0 2 8 3 8 1 4
split_gain=8.2676e+06 994698 327616 164563 108254 41645.8 40720.4 40189.1 34334.9 46358 126890 35291.2 29684.2 25825.8 24736 23794.5 48962.9 61683.7 137344 258977 23711.8 23639.9 29761.9 23318.7 21818 25677.2 36203.4 56036.9 37121.7 25541.5
threshold=276.50000000000006 581.50000000000011 71.500000000000014 777.50000000000011 421.50000000000006 16.550000000000004 209.50000000000003 908.50000000000011 682.50000000000011 40.500000000000007 68.500000000000014 816.50000000000011 747.50000000000011 234.50000000000003 426.50000000000006 24.650000000000002 99.500000000000014 22.950000000000003 59.500000000000007 52.500000000000007 774.50000000000011 26.050000000000004 416.50000000000006 25.850000000000005 35.500000000000007 11.500000000000002 25.500000000000004 4.5000000000000009 507.50000000000006 377.50000000000006
decision_type=2 2 2 2 2 2 2 2 2 2 2 2 2 2 2 2 2 2 2 2 2 2 2 2 2 2 2 2 2 2
left_child=2 4 -1 8 14 -6 13 15 12 10 -10 -11 -3 -4 21 16 17 -5 19 -19 -7 22 -2 -17 -16 26 27 29 -28 -26
right_child=1 3 6 7 5 20 -8 -9 9 11 -12 -13 -14 -15 24 23 -18 18 -20 -21 -22 -23 -24 -25 25 -27 28 -29 -30 -31
leaf_value=-0.92928411901973507 0.29349399242039359 1.5475033417895618 -0.42961239892595382 2.8114085549266083 0.49920543061167594 1.241639067380842 0.10123570368159562 2.9988248357840628 1.9273942807345716 2.1551077655841762 -2.3370907511029926 3.5828635616505404 3.3341157138347626 0.95125110966818682 -0.5932865056124601 3.8650472583192768 -0.19011809722236966 2.2696129018610178 3.5506989161173501 -4.940907802581787 2.9770448225736619 0.75703122023552183 -1.538764027927233 2.5041475842403704 0.44453777427023111 -0.42370573591302946 1.4255048907833334 1.3354390386740367 3.7415599801323633 -1.9384629508723383
leaf_weight=9039 609 743 1040 159 204 1244 720 422 103 547 21 47 24 35 22 33 23 33 36 20 20 315 23 682 22 27 81 105 22 23
leaf_count=9039 609 743 1040 159 204 1244 720 422 103 547 21 47 24 35 22 33 23 33 36 20 20 315 23 682 22 27 81 105 22 23
internal_value=1.6038e-08 1.55801 -0.806758 2.20322 0.870995 1.16211 -0.189757 2.5905 1.83602 2.08451 1.20518 2.26808 1.60341 -0.384654 0.528835 2.41574 2.01677 2.22144 1.16746 -0.451338 1.2691 0.40318 0.226814 2.56696 0.922861 1.04199 1.19841 0.702775 1.9202 -0.77344
internal_weight=16444 5610 10834 2893 2717 1468 1795 1408 1485 718 124 594 767 1075 1249 986 271 248 89 53 1264 947 632 715 302 280 253 150 103 45
internal_count=16444 5610 10834 2893 2717 1468 1795 1408 1485 718 124 594 767 1075 1249 986 271 248 89 53 1264 947 632 715 302 280 253 150 103 45
is_linear=0
shrinkage=0.05


Tree=50
num_leaves=31
num_cat=0
split_feature=4 4 4 6 1 4 1 5 2 0 5 6 5 8 8 3 0 1 4 5 0 6 0 2 5 1 6 8 0 3
split_gain=7.46151e+06 897901 295673 153693 96844.1 40920.5 37201.4 32709.2 29881 32312.9 27884.1 27644.4 25547.9 26682.3 24653.1 24397.9 23684.3 23535.1 23263.4 22931.2 22252.6 21530.8 20999.5 20685.3 19695 24519.8 19603.1 18766.1 29011.8 25608.8
threshold=276.50000000000006 578.50000000000011 71.500000000000014 816.50000000000011 485.50000000000006 701.50000000000011 234.50000000000003 96.500000000000014 72.500000000000014 15.65 59.500000000000007 950.50000000000011 44.500000000000007 2.5000000000000004 3.5000000000000004 88.500000000000014 17.550000000000004 349.50000000000006 402.50000000000006 94.500000000000014 15.850000000000003 416.50000000000006 16.850000000000005 60.500000000000007 74.500000000000014 831.50000000000011 223.50000000000003 4.5000000000000009 21.850000000000005 26.500000000000004
decision_type=2 2 2 2 2 2 2 2 2 2 2 2 2 2 2 2 2 2 2 2 2 2 2 2 2 2 2 2 2 2
left_child=2 4 -1 5 8 20 -4 12 9 -2 -10 19 -6 22 16 -15 17 -8 -11 -5 -3 26 -14 27 25 -7 -16 28 -9 -29
right_child=1 3 6 11 7 24 14 23 10 18 -12 -13 13 15 21 -17 -18 -19 -20 -21 -22 -23 -24 -25 -26 -27 -28 29 -30 -31
leaf_value=-0.88281995624460219 -0.10144553824050472 0.81976293493719676 -0.31505584998646341 2.5010506454518704 1.0475485416237145 2.0399251894366932 -0.49228874433040626 0.93602918142178027 0.71121799038268452 0.43101182491418738 1.9322548160883219 3.2173398819039849 1.4693782159776401 1.651113643544061 1.4925689431928821 3.2679179248809818 -1.4629475159864678 1.5371541117131711 0.86518337427094427 1.1400140017271043 1.6644783757690285 1.7894912137435033 -0.41085241370730935 -0.5538331423745011 0.96242554062291197 3.042060217928531 0.172071260430748 2.6108915873936245 -1.2186863762991769 0.30109141100020637
leaf_weight=9039 188 85 1329 941 397 686 50 61 127 793 74 136 33 350 31 25 38 20 505 32 942 26 27 33 38 67 301 28 21 21
leaf_count=9039 188 85 1329 941 397 686 50 61 127 793 74 136 33 350 31 25 38 20 505 32 942 26 27 33 38 67 301 28 21 21
internal_value=-8.48892e-09 1.48011 -0.76642 2.08573 0.819406 1.80275 -0.180269 1.21036 0.588589 0.511197 1.16075 2.54962 1.33757 1.60226 0.204134 1.7589 -0.457994 0.0875521 0.599931 2.45629 1.59457 0.403882 0.623274 0.56498 2.07305 2.12909 0.295371 0.846819 0.384212 1.62098
internal_weight=16444 5610 10834 2927 2683 1818 1795 996 1687 1486 201 1109 832 435 466 375 108 70 1298 973 1027 358 60 164 791 753 332 131 82 49
internal_count=16444 5610 10834 2927 2683 1818 1795 996 1687 1486 201 1109 832 435 466 375 108 70 1298 973 1027 358 60 164 791 753 332 131 82 49
is_linear=0
shrinkage=0.05


Tree=51
num_leaves=31
num_cat=0
split_feature=4 4 6 4 6 4 1 2 1 5 3 4 2 1 6 1 6 2 0 8 6 8 1 5 1 5 5 3 8 6
split_gain=6.73817e+06 586010 546226 89886.3 77982.9 51825.1 35867.9 33259.9 53182.3 47652.5 55566 28520.4 28054.2 25923.3 31922.5 24669.5 25704.6 22812.5 28472 22549.5 22346.6 25399.9 22228 44279.1 25416 19001.3 35036.9 34026.4 18759.5 28469.8
threshold=370.50000000000006 156.50000000000003 664.50000000000011 523.50000000000011 875.50000000000011 25.500000000000004 349.50000000000006 48.500000000000007 724.50000000000011 58.500000000000007 33.500000000000007 825.50000000000011 33.500000000000007 611.50000000000011 635.50000000000011 872.50000000000011 862.50000000000011 51.500000000000007 23.950000000000003 4.5000000000000009 836.50000000000011 7.5000000000000009 596.50000000000011 50.500000000000007 707.50000000000011 82.500000000000014 44.500000000000007 26.500000000000004 3.5000000000000004 383.50000000000006
decision_type=2 2 2 2 2 2 2 2 2 2 2 2 2 2 2 2 2 2 2 2 2 2 2 2 2 2 2 2 2 2
left_child=1 5 3 13 11 -1 28 9 25 -5 -11 15 -8 17 -15 16 20 18 -2 -10 22 -22 23 -4 -24 26 -9 -27 -3 -30
right_child=2 6 4 7 -6 -7 12 8 19 10 -12 -13 -14 14 -16 -17 -18 -19 -20 -21 21 -23 24 -25 -26 27 -28 -29 29 -31
leaf_value=-0.85369522686354693 0.060372614398199534 -0.26877546327252111 1.2292663372796158 1.2572020032993185 2.5760369116611725 -0.52468038268177508 -1.0256321962063131 1.3261478473462407 2.1496873453259471 0.80025537485300102 -2.3375126407259987 2.3858574597004969 0.66817921074357767 2.7416384389830961 0.2886538230237507 0.17830002849752255 0.31079577843730272 0.89932314418598058 0.84737877292653274 4.1320844430189867 4.1195693213006725 2.1240740335904635 1.3718750456348063 3.7953141528367995 1.9278924277222824 1.858269378046195 2.1750579260521055 -0.7774564495086671 0.10850335560427048 1.6717237456639609
leaf_weight=8391 224 352 29 342 685 1396 26 496 32 43 21 291 409 36 21 22 26 872 236 26 23 52 272 40 841 24 161 25 1000 30
leaf_count=8391 224 352 29 342 685 1396 26 496 32 43 21 291 409 36 21 22 26 872 236 26 23 52 272 40 841 24 161 25 1000 30
internal_value=-4.14304e-09 -0.653666 1.56718 1.06569 2.12979 -0.806765 0.170977 1.38857 1.58291 1.02287 -0.229325 1.93826 0.56694 0.793719 1.83791 1.83845 1.86691 0.749035 0.464141 3.03835 1.8991 2.73603 1.846 2.71683 1.79201 1.46334 1.53418 0.513511 0.0463431 0.154034
internal_weight=16444 11604 4840 2559 2281 9787 1817 1170 764 406 64 1596 435 1389 57 1305 1283 1332 460 58 1257 75 1182 69 1113 706 657 49 1382 1030
internal_count=16444 11604 4840 2559 2281 9787 1817 1170 764 406 64 1596 435 1389 57 1305 1283 1332 460 58 1257 75 1182 69 1113 706 657 49 1382 1030
is_linear=0
shrinkage=0.05


Tree=52
num_leaves=31
num_cat=0
split_feature=4 4 6 4 6 1 1 2 1 5 3 4 2 3 5 0 6 1 5 6 5 5 2 4 5 6 6 7 8 4
split_gain=6.08393e+06 571794 460611 71112 70128.4 47446.1 33593.9 30017 47997 43006.4 50148.3 26214.8 23873.5 26272.1 23018.8 22663 64635.9 32388.6 32183.8 25257.5 20429.6 49247.5 37453.4 30212.7 28767.9 33949.5 32908.7 26931.6 20350.9 19143
threshold=381.50000000000006 156.50000000000003 664.50000000000011 523.50000000000011 875.50000000000011 77.500000000000014 349.50000000000006 48.500000000000007 724.50000000000011 58.500000000000007 33.500000000000007 894.50000000000011 50.500000000000007 99.500000000000014 41.500000000000007 29.450000000000003 862.50000000000011 596.50000000000011 56.500000000000007 836.50000000000011 99.500000000000014 85.500000000000014 59.500000000000007 300.50000000000006 61.500000000000007 462.50000000000006 391.50000000000006 12.500000000000002 4.5000000000000009 697.50000000000011
decision_type=2 2 2 2 2 2 2 2 2 2 2 2 2 2 2 2 2 2 2 2 2 2 2 2 2 2 2 2 2 2
left_child=1 5 3 12 11 -1 -3 9 -9 -5 -11 15 13 -2 -14 16 17 18 -4 29 21 24 27 -23 -8 26 -26 -22 -10 -19
right_child=2 6 4 7 -6 -7 20 8 28 10 -12 -13 14 -15 -16 -17 -18 19 -20 -21 22 23 -24 -25 25 -27 -28 -29 -30 -31
leaf_value=-0.79723982354351053 0.36854457879536057 0.050569566713692317 1.8469821359800258 1.1943419030796716 2.4472350686135957 -0.37309623532555214 0.77527747993236007 1.3901698685950328 2.0422029674053195 0.76024260649154352 -2.2206369536263604 2.9576938638500141 0.6550103210120789 1.8359530450719774 1.1770596626826695 2.0580393492699938 -0.62484016100565598 1.2553111501680778 3.8932667096455895 2.4969627698011037 -0.80723827435420115 3.3483245878219607 -1.3976569886008898 1.0586083684554872 0.18754783034324649 1.1980053408940632 -1.911836857369968 1.1293605097922785 3.9254802841406602 1.7581140168306726
leaf_weight=9076 403 1408 46 342 685 711 230 706 32 43 21 51 394 33 455 564 30 313 33 79 26 25 36 34 40 30 35 58 26 479
leaf_count=9076 403 1408 46 342 685 711 230 706 32 43 21 51 394 33 455 564 30 313 33 79 26 25 36 34 40 30 35 58 26 479
internal_value=-1.10066e-08 -0.611587 1.51237 1.03712 2.02409 -0.766427 0.17687 1.31914 1.50376 0.971729 -0.217858 1.84237 0.780347 0.47961 0.934789 1.80553 1.66021 1.73237 2.70176 1.64444 0.522843 0.696808 -0.0483411 2.02883 0.462214 -0.223545 -0.792165 0.529937 2.88643 1.55941
internal_weight=16444 11709 4735 2455 2280 9787 1922 1170 764 406 64 1595 1285 436 849 1544 980 950 79 871 514 394 120 59 335 105 75 84 58 792
internal_count=16444 11709 4735 2455 2280 9787 1922 1170 764 406 64 1595 1285 436 849 1544 980 950 79 871 514 394 120 59 335 105 75 84 58 792
is_linear=0
shrinkage=0.05


Tree=53
num_leaves=31
num_cat=0
split_feature=4 4 1 6 4 0 0 5 2 0 2 1 0 6 2 1 2 5 1 1 2 0 1 4 1 8 0 1 0 3
split_gain=5.49743e+06 683626 197555 110247 77070.7 34827.1 33033.4 42311.5 52937.6 159179 219728 30374.6 29259.7 29124.9 28140.2 39083.6 27312.2 63549.6 72180.1 45533.4 30065.2 24550.9 26659.4 23343.8 21256.2 21954.9 25441.2 21484 20253.4 19451.4
threshold=268.50000000000006 581.50000000000011 88.500000000000014 777.50000000000011 421.50000000000006 18.150000000000002 24.650000000000002 99.500000000000014 59.500000000000007 22.950000000000003 53.500000000000007 770.50000000000011 19.350000000000005 920.50000000000011 46.500000000000007 540.50000000000011 41.500000000000007 64.500000000000014 739.50000000000011 759.50000000000011 37.500000000000007 22.250000000000004 753.50000000000011 433.50000000000006 234.50000000000003 3.5000000000000004 17.550000000000004 340.50000000000006 25.850000000000005 30.500000000000004
decision_type=2 2 2 2 2 2 2 2 2 2 2 2 2 2 2 2 2 2 2 2 2 2 2 2 2 2 2 2 2 2
left_child=2 4 -1 16 -2 14 7 8 9 12 -11 -7 -5 28 15 -6 17 20 -19 -18 -3 22 -10 -16 -4 26 27 -26 -8 -21
right_child=1 3 24 6 5 11 13 -9 21 10 -12 -13 -14 -15 23 -17 19 18 -20 29 -22 -23 -24 -25 25 -27 -28 -29 -30 -31
leaf_value=-0.7525163940406614 0.42239323789190336 1.7323717554884681 -0.25309201933903597 1.1174314147233964 0.38351981880059882 1.0604075750681514 3.1998303046593302 -0.3052310199737549 3.08999865670358 1.5085257291793823 -4.6247018446093024 2.9809858276730492 3.380272384643555 2.673014319841176 -0.83280393907002037 -2.0053220743718358 1.4646969622157531 1.2555821478366853 -2.7093952178955081 2.1106337560457842 0.53321301131635102 3.1178459872938182 1.2941893821762456 0.89353923445117889 -0.57286492139101031 0.37001257575282287 -1.5465861486891905 1.4710165119171144 2.0312695362586601 3.628548817833265
leaf_weight=9199 1320 178 1162 20 67 1046 39 25 31 40 23 21 50 292 21 23 988 24 22 175 74 73 62 290 36 310 36 20 753 24
leaf_count=9199 1320 178 1162 20 67 1046 39 25 31 40 23 21 50 292 21 23 988 24 22 175 74 73 62 290 36 310 36 20 753 24
internal_value=-4.15425e-12 1.25835 -0.664189 1.79679 0.699626 0.948909 2.11378 1.67079 1.83601 1.09275 -0.730589 1.09821 2.73375 2.24618 0.551648 -0.226962 1.49624 1.06828 -0.640711 1.60368 1.38024 2.43152 1.89279 0.776969 -0.144673 0.168716 -0.509564 0.157093 2.08881 2.2937
internal_weight=16444 5681 10763 2893 2788 1468 1408 324 299 133 63 1067 70 1084 401 90 1485 298 46 1187 252 166 93 311 1564 402 92 56 792 199
internal_count=16444 5681 10763 2893 2788 1468 1408 324 299 133 63 1067 70 1084 401 90 1485 298 46 1187 252 166 93 311 1564 402 92 56 792 199
is_linear=0
shrinkage=0.05


Tree=54
num_leaves=31
num_cat=0
split_feature=4 4 4 6 1 1 2 3 6 6 2 5 0 3 3 1 8 0 5 5 2 0 8 5 5 2 3 8 0 1
split_gain=4.96195e+06 597416 196762 103055 68470.3 27706.5 30260.2 86846.3 27665.1 26828.6 26651.1 30466.1 28610.3 25822.6 48356.2 30651.5 24446.6 38799.5 26973.8 55758.9 131478 34001.3 23932.8 22880.4 25674.2 23324.9 23147.4 21105.7 31561.7 20399.4
threshold=276.50000000000006 578.50000000000011 67.500000000000014 816.50000000000011 468.50000000000006 682.50000000000011 40.500000000000007 26.500000000000004 209.50000000000003 747.50000000000011 76.500000000000014 59.500000000000007 16.150000000000002 74.500000000000014 47.500000000000007 743.50000000000011 5.5000000000000009 28.250000000000004 45.500000000000007 10.500000000000002 59.500000000000007 19.950000000000003 10.500000000000002 96.500000000000014 44.500000000000007 63.500000000000007 80.500000000000014 4.5000000000000009 21.850000000000005 555.50000000000011
decision_type=2 2 2 2 2 2 2 2 2 2 2 2 2 2 2 2 2 2 2 2 2 2 2 2 2 2 2 2 2 2
left_child=2 4 -1 5 10 9 7 -7 -4 -3 12 -12 -2 14 -8 -15 17 18 19 -5 -21 -20 23 24 -6 27 -26 28 29 -25
right_child=1 3 8 16 22 6 13 -9 -10 -11 11 -13 -14 15 -16 -17 -18 -19 21 20 -22 -23 -24 25 26 -27 -28 -29 -30 -31
leaf_value=-0.72125137107744675 -0.11055670621926371 1.188331106928892 -0.30917605344067567 2.3210674757372987 0.87474414396001843 1.4864283531695814 1.7707772760190563 -1.8238745606463889 0.088357964444698567 2.5491023821266072 0.3982071387105518 2.2706435260318574 0.49692860182568244 1.5284903192520143 -0.50814587722222015 4.2048907404360563 2.2386063837373134 -0.20767872333526613 0.57147138833999633 -1.5873593464875835 2.1938614436558317 2.824344123914404 0.40465032719302835 1.8930915091572136 1.3227932997612921 -0.99060678482055664 2.7020524039412992 1.9205384418882172 -1.3253201870691209 0.12195903948835425
leaf_weight=8998 230 774 1116 103 409 143 773 23 720 38 45 42 1232 20 24 23 764 24 20 39 56 103 164 29 389 23 33 29 21 37
leaf_count=8998 230 774 1116 103 409 143 773 23 720 38 45 42 1232 20 24 23 764 24 20 39 56 103 164 29 389 23 33 29 21 37
internal_value=8.57411e-09 1.207 -0.624999 1.70099 0.668071 1.46927 1.64464 1.02777 -0.15328 1.25201 0.451952 1.30214 0.40136 1.76654 1.70215 2.96005 2.08085 1.73151 1.8765 1.51525 0.641571 2.45802 0.96328 1.05773 1.15705 0.463972 1.43065 0.75238 0.362993 0.900184
internal_weight=16444 5610 10834 2927 2683 1818 1006 166 1836 812 1549 87 1462 840 797 43 1109 345 321 198 95 123 1134 970 831 139 422 116 87 66
internal_count=16444 5610 10834 2927 2683 1818 1006 166 1836 812 1549 87 1462 840 797 43 1109 345 321 198 95 123 1134 970 831 139 422 116 87 66
is_linear=0
shrinkage=0.05


Tree=55
num_leaves=31
num_cat=0
split_feature=4 6 6 1 6 6 5 8 2 4 1 6 2 5 5 0 6 1 4 1 3 5 1 3 2 0 2 0 6 4
split_gain=4.48504e+06 420464 338832 54143.5 53518.1 34278.3 32966 45365.6 36739.8 29843.6 29298.9 28840.6 27751.4 27220.6 58013.9 50725.4 37598.3 35696.3 21755.6 21663.9 19365.4 48818.7 18556.9 31326.4 78316.3 44730.3 39672.8 38137.1 24840.8 22568.4
threshold=381.50000000000006 139.50000000000003 664.50000000000011 641.50000000000011 875.50000000000011 332.50000000000006 65.500000000000014 4.5000000000000009 45.500000000000007 498.50000000000006 2.5000000000000004 613.50000000000011 66.500000000000014 99.500000000000014 88.500000000000014 18.850000000000005 468.50000000000006 485.50000000000006 894.50000000000011 586.50000000000011 25.500000000000004 77.500000000000014 596.50000000000011 38.500000000000007 35.500000000000007 19.950000000000003 57.500000000000007 22.950000000000003 763.50000000000011 692.50000000000011
decision_type=2 2 2 2 2 2 2 2 2 2 2 2 2 2 2 2 2 2 2 2 2 2 2 2 2 2 2 2 2 2
left_child=1 10 3 9 18 -3 -5 8 -8 11 -1 19 20 14 -7 -16 -15 -18 22 -2 -11 -22 -4 28 -25 26 -26 -27 -24 -29
right_child=2 5 4 6 -6 13 7 -9 -10 12 -12 -13 -14 16 15 -17 17 -19 -20 -21 21 -23 23 24 25 27 -28 29 -30 -31
leaf_value=-0.70774026223189046 0.60350204960503173 -0.021364359735744673 2.2632571665329091 1.7506292459134258 2.1070647517390495 0.40429005216053704 -1.8253557205200197 2.0913348356882735 0.97116370747486747 1.0355262993873653 -0.48441727179292982 2.4856482887268068 1.5593168650636045 0.44574153646826747 3.9166715176209159 0.83827175961341716 -2.6967506062725319 -0.17505481285560465 2.5947116590013692 -0.94871271460155104 0.77307728273372589 -1.209970509665353 1.3505961774097761 -1.7566234360138577 1.4707801284613433 3.1351149383344148 -1.2154112832886834 0.097515303718632665 1.7971384189494612 1.821287695277821
leaf_weight=7788 992 1456 85 259 685 445 23 30 24 601 1810 20 174 96 23 32 23 36 51 23 274 35 567 24 27 38 28 29 691 55
leaf_count=7788 992 1456 85 259 685 445 23 30 24 601 1810 20 174 96 23 32 23 36 51 23 274 35 567 24 27 38 28 29 691 55
internal_value=9.91875e-09 -0.525109 1.29852 0.890913 1.73742 0.113773 1.48059 0.57227 -0.397346 0.797411 -0.665626 0.605378 0.980763 0.41417 0.593634 2.1256 -0.164749 -1.15809 1.57867 0.568329 0.870138 0.54846 1.5451 1.50327 0.92365 1.28708 0.103265 1.82076 1.59587 1.22618
internal_weight=16444 11709 4735 2455 2280 2111 336 77 47 2119 9598 1035 1084 655 500 55 155 59 1595 1015 910 309 1544 1459 201 177 55 122 1258 84
internal_count=16444 11709 4735 2455 2280 2111 336 77 47 2119 9598 1035 1084 655 500 55 155 59 1595 1015 910 309 1544 1459 201 177 55 122 1258 84
is_linear=0
shrinkage=0.05


Tree=56
num_leaves=31
num_cat=0
split_feature=4 4 6 4 6 6 2 1 5 3 1 2 3 4 2 5 0 6 1 5 6 4 8 0 3 3 3 1 0 3
split_gain=4.04775e+06 381077 305796 48988.7 48300.1 34003.5 23873.2 36837.2 33242.9 45066.3 23576.5 19945.8 23734.6 19634.4 19286.1 18976.2 17829.9 58647.9 26481.9 29927.8 20221.6 17754.9 17543.5 16291.9 23177.2 26638.7 17296.3 15657.6 15573.3 24068
threshold=381.50000000000006 156.50000000000003 664.50000000000011 523.50000000000011 875.50000000000011 6.5000000000000009 48.500000000000007 724.50000000000011 58.500000000000007 7.5000000000000009 349.50000000000006 50.500000000000007 99.500000000000014 894.50000000000011 33.500000000000007 41.500000000000007 29.450000000000003 862.50000000000011 596.50000000000011 56.500000000000007 836.50000000000011 967.50000000000011 4.5000000000000009 17.850000000000005 31.500000000000004 56.500000000000007 6.5000000000000009 234.50000000000003 24.750000000000004 47.500000000000007
decision_type=2 2 2 2 2 2 2 2 2 2 2 2 2 2 2 2 2 2 2 2 2 2 2 2 2 2 2 2 2 2
left_child=1 5 3 11 13 -1 8 -8 -5 -10 28 12 23 16 -12 -13 17 18 19 -4 -20 -6 -9 26 -25 -26 -2 -7 29 -3
right_child=2 10 4 6 21 27 7 22 9 -11 14 15 -14 -15 -16 -17 -18 -19 20 -21 -22 -23 -24 24 25 -27 -28 -29 -30 -31
leaf_value=-0.66942818040723684 -1.0034431604153298 -0.26706225846891002 1.4599652058404426 0.96633456129450035 1.9501468276452147 -0.45061335968084909 1.1455723243293277 1.6725572563707829 1.1823498084627351 -1.4829918435641698 -0.8178580696212836 0.52038383097104202 1.6475332570798469 2.4649760896084358 0.50954678798612862 0.99437941907444505 1.691821451840843 -0.83767725467681897 1.2520942755861943 3.4332271554253317 2.0909956342057341 3.2583623532895687 3.4211179334383743 0.62511361055800885 -1.8501991163600575 0.32574707871446246 0.43110716318417536 0.56229387246645413 0.26590623351503012 0.27374421668071774
leaf_weight=7992 47 604 46 342 658 1756 706 32 29 35 29 394 33 51 485 455 564 30 792 33 79 27 26 257 22 39 38 39 492 312
leaf_count=7992 47 604 46 342 658 1756 706 32 29 35 29 394 33 51 485 455 564 30 792 33 79 27 26 257 22 39 38 39 492 312
internal_value=-3.65517e-10 -0.498854 1.2336 0.846367 1.65055 -0.62526 1.08044 1.24509 0.770615 -0.275259 0.144818 0.633243 0.358355 1.49973 0.434654 0.77441 1.46785 1.33895 1.40769 2.28424 1.32818 2.00171 2.45639 0.25279 0.417151 -0.45902 -0.362115 -0.428606 0.0390117 -0.0828574
internal_weight=16444 11709 4735 2455 2280 9787 1170 764 406 64 1922 1285 436 1595 514 849 1544 980 950 79 871 685 58 403 318 61 85 1795 1408 916
internal_count=16444 11709 4735 2455 2280 9787 1170 764 406 64 1922 1285 436 1595 514 849 1544 980 950 79 871 685 58 403 318 61 85 1795 1408 916
is_linear=0
shrinkage=0.05


Tree=57
num_leaves=31
num_cat=0
split_feature=4 4 4 4 1 4 1 2 1 6 1 2 0 5 2 5 5 6 0 3 0 3 4 6 6 4 1 6 7 1
split_gain=3.65767e+06 453187 131171 85625.9 47849.6 28467.3 26832.2 24475 31000.7 35588.2 23046.1 22696.2 26705.2 21200.8 20229.3 69893 28059.4 39106.4 32500.9 44846.1 19624 30701.7 43346.7 30376.2 28706.9 29848.7 20345.9 22670.1 41239.7 27330.7
threshold=268.50000000000006 561.50000000000011 67.500000000000014 722.50000000000011 472.50000000000006 921.50000000000011 946.50000000000011 47.500000000000007 820.50000000000011 804.50000000000011 784.50000000000011 72.500000000000014 15.65 57.500000000000007 35.500000000000007 68.500000000000014 37.500000000000007 931.50000000000011 18.150000000000002 36.500000000000007 19.550000000000004 24.500000000000004 510.50000000000006 528.50000000000011 535.50000000000011 482.50000000000006 611.50000000000011 650.50000000000011 13.500000000000002 641.50000000000011
decision_type=2 2 2 2 2 2 2 2 2 2 2 2 2 2 2 2 2 2 2 2 2 2 2 2 2 2 2 2 2 2
left_child=2 4 -1 7 11 6 14 -3 9 10 -9 12 -2 -13 15 -5 17 -16 -18 -20 21 24 23 -23 -6 -26 -22 29 -29 -28
right_child=1 3 -4 5 20 -7 -8 8 -10 -11 -12 13 -14 -15 16 -17 18 -19 19 -21 26 22 -24 -25 25 -27 27 28 -30 -31
leaf_value=-0.61907626132054994 -0.24759983529765456 0.82448302826129627 -0.14765435374128863 1.4727705404821752 0.5447034748176397 2.1677719721390356 2.8824658717864597 1.2374367792155043 2.8379363417625427 -0.85576709270477291 2.9136634622301378 0.45348093500587999 0.39022883139326453 1.4913995540405556 1.5010926767445278 -1.6076012481342663 0.12551186631123226 -0.40044995823076796 1.7991237320903086 3.1675468122455435 0.83017417431177043 1.1664649701074643 -0.16094802992684501 3.585091329188574 -2.0338727463174751 0.16535187910000484 1.5105877089143105 -0.46524832671688449 2.0935864917933942 3.703934106230736
leaf_weight=8998 189 421 1765 113 118 248 39 871 31 20 21 123 1246 82 787 22 24 28 382 71 560 34 35 21 27 36 49 31 32 20
leaf_count=8998 189 421 1765 113 118 248 39 871 31 20 21 123 1246 82 787 22 24 28 382 71 560 34 35 21 27 36 49 31 32 20
internal_value=-8.09653e-09 1.02641 -0.541769 1.43709 0.540797 1.67235 1.58854 1.14147 1.28299 1.23013 1.2769 0.376525 0.306222 0.868648 1.55317 0.970784 1.61403 1.43576 1.9186 2.0136 0.820554 0.459877 1.21459 2.08994 0.0846028 -0.777173 0.961802 1.52022 0.834477 2.14634
internal_weight=16444 5681 10763 3078 2603 1714 1466 1364 943 912 892 1640 1435 205 1427 135 1292 815 477 453 963 271 90 55 181 63 692 132 63 69
internal_count=16444 5681 10763 3078 2603 1714 1466 1364 943 912 892 1640 1435 205 1427 135 1292 815 477 453 963 271 90 55 181 63 692 132 63 69
is_linear=0
shrinkage=0.05


Tree=58
num_leaves=31
num_cat=0
split_feature=4 4 6 1 6 6 5 4 4 5 2 5 0 5 8 0 1 1 3 1 0 5 1 3 4 2 6 4 1 6
split_gain=3.30433e+06 311152 250188 41759.2 40060.7 30769.7 49462.8 28205.3 26903.8 33865.7 25040.9 24511.5 21332.5 28252.2 20993.2 41238.4 38112.2 36979.9 25893.9 22185.2 38852.6 20425.8 39484.9 41964.2 20194 19316.3 18200.6 17561.5 20702.9 28578.2
threshold=381.50000000000006 156.50000000000003 664.50000000000011 641.50000000000011 875.50000000000011 650.50000000000011 56.500000000000007 3.5000000000000004 532.50000000000011 74.500000000000014 50.500000000000007 43.500000000000007 25.250000000000004 10.500000000000002 4.5000000000000009 21.750000000000004 305.50000000000006 468.50000000000006 25.500000000000004 259.50000000000006 16.050000000000004 65.500000000000014 355.50000000000006 93.500000000000014 528.50000000000011 63.500000000000007 441.50000000000006 821.50000000000011 872.50000000000011 862.50000000000011
decision_type=2 2 2 2 2 2 2 2 2 2 2 2 2 2 2 2 2 2 2 2 2 2 2 2 2 2 2 2 2 2
left_child=1 7 3 10 27 8 -7 -1 -5 25 12 26 13 -2 15 17 -17 -3 -19 -16 -21 24 -23 -24 -13 -10 -12 28 29 -4
right_child=2 14 4 5 -6 6 -8 -9 9 -11 11 21 -14 -15 19 16 -18 18 -20 20 -22 22 23 -25 -26 -27 -28 -29 -30 -31
leaf_value=-0.60721559406573355 0.68682823406640825 -0.10755471051575578 1.3304485117944616 3.1997543594111568 1.8115250079268521 1.1176707719905037 -1.7017931729555131 -0.39450622561349413 1.4070673928518964 -0.15917891025543215 0.28575999031857408 1.0752597625792764 0.76728279716906056 -0.12325072536170484 -0.00072167815672139 -0.1620425129234791 -2.9823003058848174 0.12999113279840221 2.4546287884712221 -1.6996150672790549 0.48154564325450633 2.3711162811325446 0.78866024576345384 -1.0684686277363751 1.9520169687602256 2.6911986867586775 0.79575983317869559 1.6921476419702655 -0.3232420641183853 -0.44827204165251361
leaf_weight=7842 189 539 1242 23 685 70 20 1945 157 30 259 243 310 250 531 25 23 23 25 21 735 31 171 37 90 36 539 310 20 23
leaf_count=7842 189 539 1242 23 685 70 20 1945 157 30 259 243 310 250 531 25 23 23 25 21 735 31 171 37 90 36 539 310 20 23
internal_value=4.02159e-09 -0.450722 1.11457 0.764316 1.49171 1.28218 0.491123 -0.564943 1.57159 1.40367 0.682201 0.809291 0.44974 0.225508 0.130906 -0.104347 -1.51342 0.0108748 1.34074 0.246978 0.420958 1.05909 0.706411 0.458306 1.31222 1.64659 0.630234 1.35436 1.27287 1.29811
internal_weight=16444 11709 4735 2455 2280 336 90 9787 246 223 2119 1370 749 439 1922 635 48 587 48 1287 756 572 239 208 333 193 798 1595 1285 1265
internal_count=16444 11709 4735 2455 2280 336 90 9787 246 223 2119 1370 749 439 1922 635 48 587 48 1287 756 572 239 208 333 193 798 1595 1285 1265
is_linear=0
shrinkage=0.05


Tree=59
num_leaves=31
num_cat=0
split_feature=6 4 4 6 5 1 5 4 0 3 1 2 4 2 3 4 3 0 6 1 4 1 1 6 5 8 2 1 6 6
split_gain=2.98504e+06 262057 244006 42843.7 37850.2 53115.5 47482.5 42879.5 29397.5 31332.5 25682.5 24759.2 23550.9 31469.9 35742.2 33157.1 21662.9 21116.6 22641.2 21030 20307.2 20009.2 19881.1 19713.7 18702.5 24373.1 18673.9 18646.2 31880.6 16776
threshold=383.50000000000006 148.50000000000003 624.50000000000011 875.50000000000011 99.500000000000014 650.50000000000011 85.500000000000014 300.50000000000006 26.050000000000004 99.500000000000014 360.50000000000006 64.500000000000014 386.50000000000006 47.500000000000007 20.500000000000004 292.50000000000006 97.500000000000014 19.950000000000003 828.50000000000011 1.5000000000000002 890.50000000000011 488.50000000000006 492.50000000000006 294.50000000000006 62.500000000000007 4.5000000000000009 72.500000000000014 654.50000000000011 696.50000000000011 631.50000000000011
decision_type=2 2 2 2 2 2 2 2 2 2 2 2 2 2 2 2 2 2 2 2 2 2 2 2 2 2 2 2 2 2
left_child=1 19 4 17 5 6 8 -8 9 16 -3 21 13 22 -15 -16 -2 18 26 -1 -19 -9 -6 -12 -25 -26 -4 -14 -29 -7
right_child=2 10 3 -5 12 29 7 11 -10 -11 23 -13 27 14 15 -17 -18 20 -20 -21 -22 -23 -24 24 25 -27 -28 28 -30 -31
leaf_value=-0.5784856094575439 0.38454676557640943 0.015378644043527385 0.89044869552205386 1.7261839885302928 -2.4694420104441437 2.9210690144981659 3.693050522154028 -0.68309619426727297 0.84555278633662823 1.234301307367849 1.0961546711278023 2.4457935846768897 0.84299547775047212 -1.6275786745548251 -0.63928258568048479 1.7469724758251293 -1.1380968692402045 1.300504462019715 -0.62396112421284555 -0.39607372091465343 2.2322456966169546 1.3453987865678725 -0.31395302772521977 0.53417984841172916 -1.422283124788241 0.40326162409491656 2.4062136566097085 -1.7108814965594901 0.89888180160522468 1.4127959200729991
leaf_weight=7715 875 1531 266 681 23 21 22 20 814 111 97 26 127 20 24 37 24 1415 23 1987 61 31 20 179 33 41 22 22 25 151
leaf_count=7715 875 1531 266 681 23 21 22 20 814 111 97 26 127 20 24 37 24 1415 23 1987 61 31 20 179 33 41 22 22 25 151
internal_value=1.03242e-08 -0.436409 1.03989 1.38872 0.680138 0.755136 0.679841 1.74629 0.621958 0.441754 0.103715 1.19008 0.152888 -0.37365 0.206711 0.808118 0.343898 1.26012 0.885675 -0.541127 1.33901 0.549911 -1.46689 0.490125 0.257773 -0.410833 1.00624 0.528121 -0.32271 1.59695
internal_weight=16444 11583 4861 2468 2393 2095 1923 99 1824 1010 1881 77 298 124 81 61 899 1787 311 9702 1476 51 43 350 253 74 288 174 47 172
internal_count=16444 11583 4861 2468 2393 2095 1923 99 1824 1010 1881 77 298 124 81 61 899 1787 311 9702 1476 51 43 350 253 74 288 174 47 172
is_linear=0
shrinkage=0.05


Tree=60
num_leaves=31
num_cat=0
split_feature=6 4 4 4 5 5 8 4 8 1 6 0 7 0 0 6 4 4 5 2 1 0 3 0 5 6 5 0 5 1
split_gain=2.69455e+06 258580 209519 51219.7 28381.1 34999.8 31932.6 31229.7 26825.6 26136.1 26126.5 23926.3 34883.8 36843.2 29803.7 28986.8 23972.7 22924.7 23974.3 33285 65531.5 26912 36420.3 23741.5 43377.6 90658 20553.3 19555.8 21040.1 22105.1
threshold=394.50000000000006 178.50000000000003 717.50000000000011 553.50000000000011 99.500000000000014 80.500000000000014 2.5000000000000004 292.50000000000006 1.5000000000000002 650.50000000000011 16.500000000000004 19.450000000000003 12.500000000000002 16.550000000000004 22.650000000000002 514.50000000000011 457.50000000000006 940.50000000000011 37.500000000000007 35.500000000000007 846.50000000000011 18.150000000000002 36.500000000000007 29.450000000000003 10.500000000000002 908.50000000000011 59.500000000000007 15.450000000000001 34.500000000000007 488.50000000000006
decision_type=2 2 2 2 2 2 2 2 2 2 2 2 2 2 2 2 2 2 2 2 2 2 2 2 2 2 2 2 2 2
left_child=1 10 3 4 5 6 8 -7 -2 -8 -1 12 -6 -14 -13 -15 -16 18 23 20 -20 -21 -23 24 -4 -26 -10 -5 -29 -30
right_child=2 -3 17 27 11 7 9 -9 26 -11 -12 14 13 15 16 -17 -18 -19 19 21 -22 22 -24 -25 25 -27 -28 28 29 -31
leaf_value=-0.54370237956963641 0.5247713200033528 0.15595350617192946 1.4440067298124946 0.27515281194861496 -1.4634254299104215 2.9173244184917877 0.61962511742685289 1.0380707607177071 -0.2134155410595916 2.1944461283860384 -0.33090851544200311 1.5059121196176493 1.6301571798324586 0.67489562988281249 -0.80500565320253381 -1.6674920116152085 1.0466690577309707 2.0707882752169424 2.2714189242748986 0.15823968830704691 -1.6786098729996455 1.6571729827187867 2.8394285842969822 1.4959856368495534 0.88078010519345595 -2.0895159049280756 -2.0324172198772432 0.81205618340038344 2.6490237199343167 1.1625514245990387
leaf_weight=8208 73 1730 280 92 48 27 1088 122 44 27 1750 51 30 25 44 28 29 134 21 25 21 423 77 493 225 29 24 593 26 657
leaf_count=8208 73 1730 280 92 48 27 1088 122 44 27 1750 51 30 25 44 28 29 134 21 25 21 423 77 493 225 29 24 593 26 657
internal_value=7.03548e-09 -0.408282 1.00336 0.752664 0.565983 0.65406 0.568107 1.37861 -0.140851 0.65776 -0.506306 0.0806964 -0.390512 0.229968 0.578505 -0.562592 -0.0694089 1.44267 1.38987 1.65084 0.296405 1.75919 1.83924 1.24579 1.0148 0.541652 -0.855416 0.979192 1.02995 1.21914
internal_weight=16444 11688 4756 3028 1660 1405 1256 149 141 1115 9958 255 131 83 124 53 73 1728 1594 567 42 525 500 1027 534 254 68 1368 1276 683
internal_count=16444 11688 4756 3028 1660 1405 1256 149 141 1115 9958 255 131 83 124 53 73 1728 1594 567 42 525 500 1027 534 254 68 1368 1276 683
is_linear=0
shrinkage=0.05


Tree=61
num_leaves=31
num_cat=0
split_feature=4 1 6 1 4 5 3 1 1 2 4 0 8 0 6 7 4 1 2 5 2 3 2 5 3 6 0 3 3 0
split_gain=2.43866e+06 227643 182132 33518.5 32911.8 23613.6 48042.8 31025 30663.6 26160.9 23073.5 22927.4 51258.2 22457.3 30071.9 25366.5 31407.7 29360.6 22188.6 26122 21457.3 89178.7 21284.6 20499 22966.9 18748 19669.3 18340.8 20057.6 18437.3
threshold=381.50000000000006 135.50000000000003 664.50000000000011 923.50000000000011 498.50000000000006 74.500000000000014 26.500000000000004 569.50000000000011 763.50000000000011 40.500000000000007 940.50000000000011 19.650000000000002 11.500000000000002 29.450000000000003 927.50000000000011 15.500000000000002 675.50000000000011 596.50000000000011 49.500000000000007 43.500000000000007 40.500000000000007 69.500000000000014 37.500000000000007 51.500000000000007 13.500000000000002 528.50000000000011 25.050000000000004 99.500000000000014 97.500000000000014 18.350000000000005
decision_type=2 2 2 2 2 2 2 2 2 2 2 2 2 2 2 2 2 2 2 2 2 2 2 2 2 2 2 2 2 2
left_child=1 -1 4 10 27 8 9 -8 18 -7 13 -3 25 14 15 17 -17 -4 23 -20 21 22 -19 -6 -25 26 -13 28 29 -2
right_child=2 11 3 -5 5 6 7 -9 -10 -11 -12 12 -14 -15 -16 16 -18 20 19 -21 -22 -23 -24 24 -26 -27 -28 -29 -30 -31
leaf_value=-0.4915832003120964 0.076624735701440849 -0.13117013497831606 2.1175366501349049 1.7671290056065461 0.66735947560915287 -0.49536631513386969 0.064077209805448856 -2.2567598104476931 2.1660842053095499 1.6269256285901339 2.8141608845103874 -0.10230081315058862 2.2493630417188011 1.3946235392453898 -0.82698769058500021 -0.85324841141700747 0.9555190399703053 1.5223270623265086 0.8090889129463531 1.4390628759717119 1.1736677476044057 -2.4999866008758547 -0.096154613580022544 0.84402717828750617 -1.3914666281806101 1.4627642905270613 0.29628547894691221 1.2300000671829496 -1.0057561349868773 0.56499119435415524
leaf_weight=9565 268 811 74 305 376 20 36 24 45 53 22 528 30 776 21 36 72 74 566 232 851 21 28 20 27 27 748 70 25 693
leaf_count=9565 268 811 74 305 376 20 36 24 45 53 22 528 30 776 21 36 72 74 566 232 851 21 28 20 27 27 748 70 25 693
internal_value=1.08242e-09 -0.387206 0.957506 1.27929 0.658661 0.817715 0.183942 -0.864258 0.884296 1.04548 1.20395 0.078453 0.205988 1.18581 1.04814 1.08221 0.352597 1.15739 0.837056 0.992239 1.08445 0.467156 1.07804 0.544298 -0.440193 0.158942 0.131353 0.447945 0.392424 0.428797
internal_weight=16444 11709 4735 2280 2455 1399 133 60 1266 73 1975 2144 1333 1953 1177 1156 108 1048 1221 798 974 123 102 423 47 1303 1276 1056 986 961
internal_count=16444 11709 4735 2280 2455 1399 133 60 1266 73 1975 2144 1333 1953 1177 1156 108 1048 1221 798 974 123 102 423 47 1303 1276 1056 986 961
is_linear=0
shrinkage=0.05


Tree=62
num_leaves=31
num_cat=0
split_feature=4 4 6 6 1 2 5 3 2 1 6 4 6 2 5 0 6 0 8 0 5 5 2 5 1 3 6 3 5 4
split_gain=2.20537e+06 271691 79469.1 53695.9 31259 26244.9 66137 78237.6 23171.2 22533.9 27636.7 24887.5 20276.4 19983.5 25662.9 23475.7 19523.2 23716.8 19463.8 31130 24447.7 45737.3 113976 25271.4 17092.5 25764.9 24325 17483.4 16283.6 16280.9
threshold=268.50000000000006 561.50000000000011 70.500000000000014 816.50000000000011 472.50000000000006 40.500000000000007 64.500000000000014 23.500000000000004 38.500000000000007 759.50000000000011 696.50000000000011 811.50000000000011 620.50000000000011 76.500000000000014 59.500000000000007 17.050000000000004 808.50000000000011 28.750000000000004 5.5000000000000009 28.250000000000004 45.500000000000007 10.500000000000002 59.500000000000007 99.500000000000014 394.50000000000006 61.500000000000007 506.50000000000006 99.500000000000014 58.500000000000007 953.50000000000011
decision_type=2 2 2 2 2 2 2 2 2 2 2 2 2 2 2 2 2 2 2 2 2 2 2 2 2 2 2 2 2 2
left_child=2 4 -1 5 13 6 8 -8 -3 -7 11 -11 -10 15 -15 -2 -12 -18 19 20 21 -5 -23 -22 26 -26 27 -17 29 -20
right_child=1 3 -4 18 -6 9 7 -9 12 10 16 -13 -14 14 -16 24 17 -19 28 -21 23 22 -24 -25 25 -27 -28 -29 -30 -31
leaf_value=-0.48050695267678861 -0.10423569453891642 1.0626866132716593 -0.11213875573957088 1.5973082047064329 0.64711621544127551 0.93266034698127387 0.38353661066955991 -3.5168316984176635 1.0772541284561157 3.7225665894421667 1.348935216219153 1.4570587626209965 -1.0071993793760028 0.23880231750942771 1.9153146928264981 0.13972800405976993 -0.79516309928894047 1.4557843761010605 1.4333852942498879 -0.6554509783784549 2.0902263073360219 -1.9990721513063481 1.5214951719556538 0.18552146241778422 0.41012547497188723 1.3512615078410439 -1.458532175692645 1.0020752977466945 2.9419087505340578 2.3675669097900389
leaf_weight=9015 366 245 1748 103 963 1200 36 20 20 22 324 27 28 50 42 537 25 22 694 24 102 39 56 21 471 86 22 66 20 50
leaf_count=9015 366 245 1748 103 963 1200 36 20 20 22 324 27 28 50 42 537 25 22 694 24 102 39 56 21 471 86 22 66 20 50
internal_value=-6.30753e-09 0.797006 -0.420681 1.11498 0.421001 0.958255 0.564964 -1.00945 0.865876 1.04298 1.35819 2.47423 -0.138677 0.288228 1.00417 0.245679 1.21079 0.258472 1.39325 1.08154 1.21141 0.867488 0.0762096 1.76503 0.354028 0.555436 0.174533 0.234114 1.53401 1.49617
internal_weight=16444 5681 10763 3078 2603 1969 349 56 293 1620 420 49 48 1640 92 1548 371 47 1109 345 321 198 95 123 1182 557 625 603 764 744
internal_count=16444 5681 10763 3078 2603 1969 349 56 293 1620 420 49 48 1640 92 1548 371 47 1109 345 321 198 95 123 1182 557 625 603 764 744
is_linear=0
shrinkage=0.05


Tree=63
num_leaves=31
num_cat=0
split_feature=4 6 1 4 1 2 0 2 0 3 3 0 3 5 1 7 3 5 0 1 6 3 1 1 4 3 4 6 1 4
split_gain=1.99061e+06 251681 67227.7 50755.7 38062.1 50706.5 26354.1 27042.7 23146.7 34112.8 31672.5 25859.1 47483.3 52627.8 63882.4 45820.6 44850.8 32272.4 24879.3 45829.6 37121.1 36109.6 35880.8 21699.2 21888.5 23609.4 20947.6 27497.2 22754.6 20722.3
threshold=263.50000000000006 591.50000000000011 65.500000000000014 717.50000000000011 641.50000000000011 36.500000000000007 16.050000000000004 76.500000000000014 26.750000000000004 96.500000000000014 55.500000000000007 22.450000000000003 4.5000000000000009 39.500000000000007 645.50000000000011 15.500000000000002 83.500000000000014 59.500000000000007 19.950000000000003 747.50000000000011 747.50000000000011 26.500000000000004 692.50000000000011 599.50000000000011 574.50000000000011 61.500000000000007 457.50000000000006 550.50000000000011 340.50000000000006 614.50000000000011
decision_type=2 2 2 2 2 2 2 2 2 2 2 2 2 2 2 2 2 2 2 2 2 2 2 2 2 2 2 2 2 2
left_child=2 4 -1 8 6 -6 7 -2 11 10 -10 18 15 -14 16 17 -15 -13 19 20 23 -20 -23 -3 -25 -26 27 -8 -28 -7
right_child=1 3 -4 -5 5 29 26 -9 9 -11 -12 12 13 14 -16 -17 -18 -19 21 -21 -22 22 -24 24 25 -27 28 -29 -30 -31
leaf_value=-0.45727914268944758 -0.15380122612206326 1.395170216453927 -0.11793909384739468 1.2543597274774758 -0.91876996812366307 3.0321080608367925 0.34802221458799687 1.1620052017271518 1.0512870662683773 3.0829895091056825 -0.97240779176354408 0.80984732108957636 0.7457069163669402 -1.3093803607500518 -2.5614143761192882 -1.1001948004183564 1.7217366902724558 2.6138309574127199 0.76679953748529606 -1.1764109269777936 2.9618460232019426 1.2115257191658022 4.1706870260692783 -0.76479333028463392 1.2074249545733133 -0.72842764713402308 2.2955536317825316 -1.2934381427673194 0.58974285777261692 1.3519180866255276
leaf_weight=8975 347 70 1743 1686 21 25 1363 44 581 20 20 85 67 26 41 23 23 35 55 30 20 20 21 35 63 21 20 26 869 69
leaf_count=8975 347 70 1743 1686 21 25 1363 44 581 20 20 85 67 26 41 23 23 35 55 30 20 20 21 35 63 21 20 26 869 69
internal_value=-8.28844e-09 0.752645 -0.402094 1.07511 0.41188 1.30253 0.373504 -0.00573094 0.834494 1.05154 0.983943 0.622229 0.285057 -0.315284 -1.10513 0.944172 0.113389 1.33601 0.924174 0.651086 0.913406 1.60405 2.72719 0.69664 0.28574 0.723462 0.438596 0.317297 0.628119 1.79878
internal_weight=16444 5726 10718 2942 2784 115 2669 391 1256 621 601 635 300 157 90 143 49 120 335 239 209 96 41 189 119 84 2278 1389 889 94
internal_count=16444 5726 10718 2942 2784 115 2669 391 1256 621 601 635 300 157 90 143 49 120 335 239 209 96 41 189 119 84 2278 1389 889 94
is_linear=0
shrinkage=0.05


Tree=64
num_leaves=31
num_cat=0
split_feature=6 4 4 4 5 5 4 8 8 1 4 0 7 0 6 0 4 2 4 1 0 0 5 1 3 6 5 8 3 8
split_gain=1.79741e+06 174925 139866 33879.4 23637.3 32556.4 29686.4 27212.4 22681.2 22508.7 19801.3 19170.4 30800.4 33155.4 26030.6 25386.4 20822.3 18685.8 18580.5 15681 15125 14950.4 17732 19436.4 29178.1 53765.9 24589.2 20450.7 21600.9 19296.2
threshold=394.50000000000006 178.50000000000003 717.50000000000011 553.50000000000011 99.500000000000014 80.500000000000014 292.50000000000006 2.5000000000000004 1.5000000000000002 650.50000000000011 967.50000000000011 19.450000000000003 12.500000000000002 16.550000000000004 514.50000000000011 22.650000000000002 448.50000000000006 55.500000000000007 1.5000000000000002 599.50000000000011 17.350000000000005 15.450000000000001 34.500000000000007 488.50000000000006 52.500000000000007 770.50000000000011 82.500000000000014 9.5000000000000018 17.500000000000004 3.5000000000000004
decision_type=2 2 2 2 2 2 2 2 2 2 2 2 2 2 2 2 2 2 2 2 2 2 2 2 2 2 2 2 2 2
left_child=1 18 3 4 5 7 -7 8 -2 -9 -4 12 -6 -14 -15 19 -17 -10 -1 -13 -8 -5 -23 -24 27 26 29 -25 -29 -26
right_child=2 -3 10 21 11 6 20 9 17 -11 -12 15 13 14 -16 16 -18 -19 -20 -21 -22 22 23 24 25 -27 -28 28 -30 -31
leaf_value=-0.45101412108778416 0.41788715422153477 0.13061783279082337 1.156691432225792 0.18330364075043928 -1.4100024182659885 2.7422160440021095 1.8849117026726405 0.50767592896421887 -0.022373839536243501 1.9691340467444176 2.4972476414271765 0.5879310288031897 1.5094630428155265 0.60203471374511719 -1.6176989546843938 -0.85792185107157337 0.85048128251106514 -1.6800548251937419 -0.28777734338054978 2.3693734577723915 0.59207492538768314 0.6432325637916616 2.3577431951577847 1.2280171984794992 0.055318470522761343 -1.9364595651626588 -0.63077312382784756 0.87620674990690672 -1.0238021932897114 1.9574348589777948
leaf_weight=7705 73 1730 1700 92 48 27 30 1088 34 27 28 30 30 25 28 42 31 34 2253 21 92 593 26 479 20 23 22 52 21 40
leaf_count=7705 73 1730 1700 92 48 27 30 1088 34 27 28 30 30 25 28 42 31 34 2253 21 92 593 26 479 20 23 22 52 21 40
internal_value=-6.01393e-09 -0.333458 0.819482 0.61465 0.462822 0.543202 1.242 0.460304 -0.194162 0.543065 1.17841 0.0199453 -0.401839 0.181195 -0.570655 0.46554 -0.132436 -0.851214 -0.414082 1.32147 0.909986 0.798884 0.843268 1.01694 0.963883 0.199887 0.799107 1.10921 0.329629 1.3234
internal_weight=16444 11688 4756 3028 1660 1405 149 1256 141 1115 1728 255 131 83 53 124 73 68 9958 51 122 1368 1276 683 657 105 82 552 73 60
internal_count=16444 11688 4756 3028 1660 1405 149 1256 141 1115 1728 255 131 83 53 124 73 68 9958 51 122 1368 1276 683 657 105 82 552 73 60
is_linear=0
shrinkage=0.05


Tree=65
num_leaves=31
num_cat=0
split_feature=4 6 6 4 2 1 0 6 0 5 2 5 2 1 0 8 3 2 1 1 6 4 0 5 1 2 0 0 3 0
split_gain=1.62706e+06 151944 124040 36214.8 26385.9 30928.4 26839.9 34353.2 30808.7 56442 25348.6 53997.4 21896.6 21138.5 19934.4 43502.2 20044.5 25930.3 22450.7 21418.9 17386.8 18917.9 21209.6 35213.9 26509.9 17372.4 52383.2 217499 31652.8 32028.3
threshold=381.50000000000006 139.50000000000003 763.50000000000011 553.50000000000011 61.500000000000007 800.50000000000011 26.250000000000004 750.50000000000011 25.150000000000002 23.500000000000004 40.500000000000007 64.500000000000014 37.500000000000007 724.50000000000011 19.650000000000002 11.500000000000002 29.500000000000004 47.500000000000007 468.50000000000006 409.50000000000006 950.50000000000011 621.50000000000011 19.750000000000004 55.500000000000007 677.50000000000011 59.500000000000007 22.850000000000005 23.750000000000004 81.500000000000014 24.550000000000004
decision_type=2 2 2 2 2 2 2 2 2 2 2 2 2 2 2 2 2 2 2 2 2 2 2 2 2 2 2 2 2 2
left_child=1 -1 3 -2 6 -6 7 8 10 -10 11 12 -5 -12 16 -16 -3 -18 19 -19 21 -4 23 -23 -24 26 -26 -28 29 -29
right_child=2 14 20 4 5 -7 -8 -9 9 -11 13 -13 -14 -15 15 -17 17 18 -20 -21 -22 22 24 -25 25 -27 27 28 -30 -31
leaf_value=-0.40074757819147194 0.43325050328078646 -0.37716123520461198 2.2994224950671196 0.89755506095561111 0.9990231344558117 2.8104929952621465 0.92087966879811511 -1.4594020967898162 0.81725186313901643 -2.165574857284283 0.65664308768063373 -2.1158968533078832 -0.58099225759506223 1.5891138162106684 0.14268907663352609 2.0686425265669821 -1.2126460078990822 0.25477862800201101 1.8385187512352354 -1.4334422290325166 1.689560223896714 1.1366574916243555 2.6115499628001246 -1.0748613119125368 2.5152716967524316 1.3109233601491841 -4.1880163621334807 -0.40336950487560697 -0.61269195889433226 1.1297577999743753
leaf_weight=9598 1574 404 32 88 410 25 510 23 35 29 363 24 35 73 1293 30 33 310 21 20 136 45 29 30 49 504 21 36 30 634
leaf_count=9598 1574 404 32 88 410 25 510 23 35 29 363 24 35 73 1293 30 33 310 21 20 136 45 29 30 49 504 21 36 30 634
internal_value=4.13092e-09 -0.316277 0.782109 0.603925 0.770267 1.10313 0.647559 0.439509 0.507013 -0.534341 0.62133 0.0535278 0.47683 0.812768 0.0677817 0.186361 -0.131306 0.127354 0.253337 0.152462 1.14966 1.09758 1.06967 0.25205 1.11673 1.08271 0.93333 0.82582 0.976235 1.04738
internal_weight=16444 11709 4735 3189 1615 435 1180 670 647 64 583 147 123 436 2111 1323 788 384 351 330 1546 1410 1378 75 1303 1274 770 721 700 670
internal_count=16444 11709 4735 3189 1615 435 1180 670 647 64 583 147 123 436 2111 1323 788 384 351 330 1546 1410 1378 75 1303 1274 770 721 700 670
is_linear=0
shrinkage=0.05


Tree=66
num_leaves=31
num_cat=0
split_feature=4 6 4 4 1 2 0 2 4 5 6 0 0 3 5 1 3 7 5 3 3 0 1 6 3 1 2 1 3 4
split_gain=1.47249e+06 184097 49281.3 37470.5 30723.1 42730.1 22192.8 24104.7 18763.7 18760.1 21475.8 18356.4 28096.2 52123.3 76378.4 112775 57526.8 45969.2 34832.8 19954.9 35243.6 19902.5 40249.2 33239.5 32488.3 31447.8 20696 19515.5 19574.4 18785.2
threshold=263.50000000000006 591.50000000000011 64.500000000000014 717.50000000000011 641.50000000000011 36.500000000000007 15.950000000000001 76.500000000000014 614.50000000000011 24.500000000000004 188.50000000000003 26.250000000000004 22.450000000000003 8.5000000000000018 39.500000000000007 645.50000000000011 84.500000000000014 15.500000000000002 80.500000000000014 94.500000000000014 65.500000000000014 19.950000000000003 747.50000000000011 747.50000000000011 26.500000000000004 692.50000000000011 62.500000000000007 599.50000000000011 38.500000000000007 565.50000000000011
decision_type=2 2 2 2 2 2 2 2 2 2 2 2 2 2 2 2 2 2 2 2 2 2 2 2 2 2 2 2 2 2
left_child=2 4 -1 11 6 -6 7 -2 -7 -8 -11 12 21 17 -15 16 -16 18 -14 20 -13 22 23 27 26 -26 -23 -3 29 -29
right_child=1 3 -4 -5 5 8 9 -9 -10 10 -12 19 13 14 15 -17 -18 -19 -20 -21 -22 24 -24 -25 25 -27 -28 28 -30 -31
leaf_value=-0.39325510745686065 -0.1794226894462789 1.2685651232408626 -0.10345261990149245 1.0771320499999841 -0.8830449354080927 2.7852205028533934 0.19767391459030836 1.06578774492849 1.1864042352938999 2.0792507580348425 0.46832760616419633 0.90632008730322122 0.73252153909583206 0.76012604955364682 -2.1347726082801821 -4.632532698175182 1.6575469753146175 -1.2582797838293989 2.8841147442658741 2.2260308592407791 -1.1761411550499143 1.4769871294498444 -1.1472207768758138 2.7496193969249725 1.0641245651245119 3.8344615731920513 -0.47873776753743491 -0.53033701518307563 -0.68476988699287178 1.1668671389409739
leaf_weight=8964 333 70 1754 1686 21 25 874 44 69 21 1397 625 87 51 20 23 20 23 24 27 21 31 30 20 20 21 24 23 40 56
leaf_count=8964 333 70 1754 1686 21 25 874 44 69 21 1397 625 87 51 20 23 20 23 24 27 21 31 30 20 20 21 24 23 40 56
internal_value=-2.89578e-09 0.647327 -0.345829 0.923118 0.355884 1.15607 0.321406 -0.0340931 1.61162 0.37988 0.492185 0.716377 0.511005 0.107586 -0.678301 -1.84274 -0.238613 0.776177 1.19773 0.894285 0.838624 0.809655 0.565403 0.811234 1.41774 2.48308 0.62358 0.606114 0.216437 0.672744
internal_weight=16444 5726 10718 2942 2784 115 2669 377 94 2292 1418 1256 583 248 114 63 40 134 111 673 646 335 239 209 96 41 55 189 119 79
internal_count=16444 5726 10718 2942 2784 115 2669 377 94 2292 1418 1256 583 248 114 63 40 134 111 673 646 335 239 209 96 41 55 189 119 79
is_linear=0
shrinkage=0.05


Tree=67
num_leaves=31
num_cat=0
split_feature=4 4 6 4 2 3 3 5 3 0 6 4 5 5 4 1 6 6 1 6 4 0 0 5 1 2 0 0 3 0
split_gain=1.33077e+06 124633 101113 29552.4 20534.8 36337.7 29629 38453.3 43356.6 24316.7 21797.9 21666.3 20703.7 17061.9 49849.4 17927.3 19058.4 17591.5 16338.5 15647.2 16913.6 18995.5 31806.5 72133.3 23625.3 15613.5 46745.9 194553 27782.7 29041.3
threshold=381.50000000000006 178.50000000000003 763.50000000000011 628.50000000000011 50.500000000000007 99.500000000000014 31.500000000000004 39.500000000000007 86.500000000000014 17.950000000000003 554.50000000000011 503.50000000000006 43.500000000000007 82.500000000000014 672.50000000000011 800.50000000000011 601.50000000000011 453.50000000000006 1.5000000000000002 950.50000000000011 617.50000000000011 19.750000000000004 17.150000000000002 55.500000000000007 677.50000000000011 59.500000000000007 22.850000000000005 23.750000000000004 81.500000000000014 24.550000000000004
decision_type=2 2 2 2 2 2 2 2 2 2 2 2 2 2 2 2 2 2 2 2 2 2 2 2 2 2 2 2 2 2
left_child=1 18 3 4 5 6 9 -8 11 -2 -7 -9 -6 15 -15 17 -17 -5 -1 20 -4 22 -22 -24 -23 26 -26 -28 29 -29
right_child=2 -3 19 13 12 10 7 8 -10 -11 -12 -13 -14 14 -16 16 -18 -19 -20 -21 21 24 23 -25 25 -27 27 28 -30 -31
leaf_value=-0.38868231752362253 -0.34003548856474397 0.10521925459539183 2.1447614486179045 2.0064481241362437 0.37525892149770951 0.68944455782572434 0.47462451069031736 -1.1350887980954401 0.32393624412516758 0.46638969265447772 2.7501088301340744 -3.1660214593013127 0.75241399122943697 1.2490075703590149 -1.7862438795467217 0.50720443952651262 2.412507234300886 0.73183780499396889 -0.23581671043616448 1.551351197721327 1.7382444874100065 2.4194663138225163 0.97745658345520503 -2.8503477632999421 2.329208223187194 1.1926206746035153 -4.0087650389898393 -0.43956727981567384 -0.61329086512327202 1.020259004074523
leaf_weight=7715 117 1734 31 28 752 33 59 29 30 465 21 24 705 31 24 21 35 815 2260 136 23 29 32 20 49 504 21 36 30 635
leaf_count=7715 117 1734 31 28 752 33 59 29 30 465 21 24 705 31 24 21 35 815 2260 136 23 29 32 20 49 504 21 36 30 635
internal_value=1.07041e-10 -0.286035 0.707324 0.546448 0.447005 0.239601 0.146279 -0.501276 -1.19499 0.304273 1.49081 -2.05476 0.557753 0.77942 -0.0754658 0.831721 1.69802 0.774174 -0.354048 1.03917 0.989768 0.963804 0.190017 -0.494776 1.00831 0.976211 0.834745 0.73332 0.87538 0.941937
internal_weight=16444 11709 4735 3189 2235 778 724 142 83 582 54 53 1457 954 55 899 56 843 9975 1546 1410 1379 75 52 1304 1275 771 722 701 671
internal_count=16444 11709 4735 3189 2235 778 724 142 83 582 54 53 1457 954 55 899 56 843 9975 1546 1410 1379 75 52 1304 1275 771 722 701 671
is_linear=0
shrinkage=0.05


Tree=68
num_leaves=31
num_cat=0
split_feature=6 4 6 2 1 4 8 1 3 1 1 3 4 3 6 4 0 7 4 0 3 4 5 1 1 3 4 1 5 4
split_gain=1.20582e+06 146891 73613 26655.9 52186.7 23103.8 33930.7 21499.2 21086.3 20182 22449.3 18982.6 49448.1 39655.9 18536.4 18815.4 15713.3 20167.3 15422.2 21209.5 15470.4 15179.2 15057.4 14887.9 15803.8 22366.3 92040.9 29575.7 27671.1 21474.1
threshold=426.50000000000006 197.50000000000003 763.50000000000011 47.500000000000007 804.50000000000011 366.50000000000006 4.5000000000000009 804.50000000000011 86.500000000000014 624.50000000000011 564.50000000000011 32.500000000000007 588.50000000000011 55.500000000000007 554.50000000000011 574.50000000000011 17.850000000000005 13.500000000000002 429.50000000000006 24.750000000000004 47.500000000000007 2.5000000000000004 50.500000000000007 927.50000000000011 677.50000000000011 52.500000000000007 710.50000000000011 842.50000000000011 43.500000000000007 760.50000000000011
decision_type=2 2 2 2 2 2 2 2 2 2 2 2 2 2 2 2 2 2 2 2 2 2 2 2 2 2 2 2 2 2
left_child=1 21 3 5 -5 6 -2 8 11 10 18 16 13 -13 -10 -16 17 -7 19 20 -3 -1 -18 24 29 -26 -27 28 -28 -4
right_child=2 9 23 4 -6 7 -8 -9 14 -11 -12 12 -14 -15 15 -17 22 -19 -20 -21 -22 -23 -24 -25 25 26 27 -29 -30 -31
leaf_value=-0.36863033668893508 -1.8240586568569317 -0.18717765049561641 3.0480496001243593 0.61934849189263463 2.4436011059768497 -1.0506734936665267 0.85295342087745674 -1.2322991847991944 0.33385376536800548 1.3352472975424359 -1.5021969704400926 -2.9802316947416827 1.1894286632537843 -0.041323214024305346 2.8525046232200806 1.0195044767200236 0.39034948267117497 0.50276915576722891 0.53766248333868727 0.32044476049958298 0.23592850832766676 -0.22377600975655626 1.08397176284343 1.3142711899507002 0.93473481309108097 -2.7833604267665319 0.58231061883987145 -0.52727162350307821 2.9916929765181113 0.98328650628819192
leaf_weight=7783 29 683 20 1970 40 39 20 20 49 35 21 22 29 24 21 42 423 45 217 612 316 2356 96 279 1128 21 26 22 22 34
leaf_count=7783 29 683 20 1970 40 39 20 20 49 35 21 22 29 24 21 42 423 45 217 612 316 2356 96 279 1128 21 26 22 22 34
internal_value=9.76099e-10 -0.259634 0.706081 0.55602 0.655652 0.322887 -0.731401 0.386665 0.427651 0.145798 0.123283 0.322661 -0.427512 -1.44689 1.06322 1.6305 0.415966 -0.218472 0.141956 0.088655 -0.0533423 -0.334971 0.51865 0.983481 0.910982 0.873903 0.119855 0.990819 1.68661 1.74801
internal_weight=16444 12023 4421 2869 2010 859 49 810 790 1884 1849 678 75 46 112 63 603 84 1828 1611 999 10139 519 1552 1273 1219 91 70 48 54
internal_count=16444 12023 4421 2869 2010 859 49 810 790 1884 1849 678 75 46 112 63 603 84 1828 1611 999 10139 519 1552 1273 1219 91 70 48 54
is_linear=0
shrinkage=0.05


Tree=69
num_leaves=31
num_cat=0
split_feature=6 4 1 3 6 5 5 0 2 8 2 8 8 0 0 6 0 8 8 0 4 5 3 7 5 1 1 6 4 2
split_gain=1.08826e+06 132569 66674.8 45591 24609.1 22999.1 43295 47081.9 32860 53308.8 27989.1 24484.8 24313.7 24258.6 22296.5 21308.8 22831.5 26780.2 20816.3 23029.1 22786.1 21583.8 33403.3 20539.1 18633.9 18214.2 20260.5 16837.2 16533.8 16330.9
threshold=426.50000000000006 197.50000000000003 759.50000000000011 97.500000000000014 865.50000000000011 99.500000000000014 89.500000000000014 18.850000000000005 59.500000000000007 2.5000000000000004 40.500000000000007 2.5000000000000004 2.5000000000000004 16.650000000000002 24.750000000000004 696.50000000000011 19.750000000000004 3.5000000000000004 9.5000000000000018 16.650000000000002 352.50000000000006 44.500000000000007 92.500000000000014 12.500000000000002 51.500000000000007 624.50000000000011 564.50000000000011 635.50000000000011 807.50000000000011 66.500000000000014
decision_type=2 2 2 2 2 2 2 2 2 2 2 2 2 2 2 2 2 2 2 2 2 2 2 2 2 2 2 2 2 2
left_child=1 -1 4 15 5 6 12 -8 10 -10 23 13 24 -12 27 28 17 -17 21 -20 -21 -14 -23 -7 -2 26 -3 -13 -4 -26
right_child=2 25 3 -5 -6 8 7 -9 9 -11 11 14 18 -15 -16 16 -18 -19 19 20 -22 22 -24 -25 29 -27 -28 -29 -30 -31
leaf_value=-0.31822199940710438 0.36162695728885341 0.13485843592582689 2.9301170716683074 -0.87883456156534301 2.1208599021037418 -1.7476121493748256 3.1117189379299393 0.70008183789253242 0.84500675350427634 -1.6735032852129503 1.1943769316375257 1.2338182708796335 0.53625226717918972 -1.1218461265930764 -0.17402007818222046 1.0382746799786886 0.97760188867717446 -1.0743935076395672 -1.350185047388077 1.9922629708335515 0.31220407372926684 0.76526837637034772 1.8799186784009903 0.30561761516949226 -0.93603902645409109 1.268484949725015 -1.4270871138288861 2.9455421245098119 1.1416815893990655 0.54996202909029446
leaf_weight=10139 197 1828 24 34 24 21 34 50 34 55 20 51 1055 26 20 30 1426 30 20 21 518 486 78 29 64 35 21 20 28 26
leaf_count=10139 197 1828 24 34 24 21 34 50 34 55 20 51 1055 26 20 30 1426 30 20 21 518 486 78 29 64 35 21 20 28 26
internal_value=2.276e-09 -0.246653 0.670777 0.93218 0.526542 0.512997 0.559942 1.67622 0.0794396 -0.711376 0.455817 0.825363 0.521902 -0.114793 1.30061 0.972215 0.9374 -0.0180594 0.578905 0.315842 0.377661 0.669735 0.919422 -0.556739 0.0893137 0.138508 0.117119 1.71599 1.96711 -0.50675
internal_weight=16444 12023 4421 1572 2849 2825 2549 84 276 89 187 137 2465 46 91 1538 1486 60 2178 559 539 1619 564 50 287 1884 1849 71 52 90
internal_count=16444 12023 4421 1572 2849 2825 2549 84 276 89 187 137 2465 46 91 1538 1486 60 2178 559 539 1619 564 50 287 1884 1849 71 52 90
is_linear=0
shrinkage=0.05


Tree=70
num_leaves=31
num_cat=0
split_feature=4 1 6 0 2 6 4 0 3 1 8 1 1 1 5 1 5 2 6 3 4 0 0 5 1 4 4 0 2 1
split_gain=983570 116740 58979.2 20229.1 22608 31925.8 18423 18120.5 28489.2 67468.6 40868.6 33898.1 21532.3 19663.5 19108.4 17709.3 15129.4 22258.3 26578.7 15058.1 14967.5 18003.2 27130.1 63724.1 18124.5 14551.2 14259.7 14123.3 13274.7 68371.2
threshold=421.50000000000006 125.50000000000001 763.50000000000011 26.250000000000004 66.500000000000014 753.50000000000011 764.50000000000011 26.450000000000003 27.500000000000004 485.50000000000006 3.5000000000000004 512.50000000000011 449.50000000000006 423.50000000000006 99.500000000000014 468.50000000000006 15.500000000000002 49.500000000000007 405.50000000000006 80.500000000000014 617.50000000000011 19.750000000000004 17.150000000000002 51.500000000000007 677.50000000000011 263.50000000000006 967.50000000000011 23.850000000000005 40.500000000000007 743.50000000000011
decision_type=2 2 2 2 2 2 2 2 2 2 2 2 2 2 2 2 2 2 2 2 2 2 2 2 2 2 2 2 2 2
left_child=1 -1 3 4 5 6 28 8 11 12 -11 15 13 16 -13 -3 -10 18 -18 -5 -4 22 -22 -24 -23 -19 -26 -6 29 -2
right_child=2 7 20 19 27 -7 -8 -9 9 10 -12 14 -14 -15 -16 -17 17 25 -20 -21 21 24 23 -25 26 -27 -28 -29 -30 -31
leaf_value=-0.31349215864653973 0.22060186384283767 -0.15603631201381155 1.9978415906429292 0.63146812299352806 0.91966929486006854 -1.3801193290286595 1.0358475822915314 0.27552973672554754 -0.34911369399064118 3.5856461602708571 0.49520512326620525 -0.44441338479518894 -1.034685009565109 1.5222474176150103 -2.5305140163587492 0.98716838674885887 0.0041580345870843574 0.1212694039333214 -2.0728782099485397 1.4341088915063489 1.5446557426582213 2.1466819363421408 0.98120877424875896 -2.5616310975768353 0.8617183793545431 0.73132845739087959 2.0219340536329482 -0.40049983940341261 0.38623781099031834 -2.8198043704032898
leaf_weight=9493 245 1055 30 1016 256 27 93 734 135 23 20 21 39 26 23 35 67 206 20 62 23 29 30 22 1384 186 27 22 1075 20
leaf_count=9493 245 1055 30 1016 256 27 93 734 135 23 20 21 39 26 23 35 67 206 20 62 23 29 30 22 1384 186 27 22 1075 20
internal_value=3.71322e-09 -0.232314 0.64367 0.507471 0.401929 0.323238 0.355332 0.0652262 -0.0179434 0.227561 2.14823 -0.174252 0.105928 0.175434 -1.53488 -0.119328 0.118403 0.250166 -0.473322 0.677631 0.891914 0.870014 0.114766 -0.517685 0.90935 0.410736 0.88392 0.815195 0.308102 -0.00886276
internal_weight=16444 12083 4361 2816 1738 1460 1433 2590 1856 722 43 1134 679 640 44 1090 614 479 87 1078 1545 1515 75 52 1440 392 1411 278 1340 265
internal_count=16444 12083 4361 2816 1738 1460 1433 2590 1856 722 43 1134 679 640 44 1090 614 479 87 1078 1545 1515 75 52 1440 392 1411 278 1340 265
is_linear=0
shrinkage=0.05


Tree=71
num_leaves=31
num_cat=0
split_feature=6 4 4 0 2 1 1 1 1 1 6 4 4 0 3 6 4 5 0 1 2 3 0 4 6 5 3 0 5 4
split_gain=889803 108478 55365.2 18930.4 18734.1 32112.6 15633.7 19397.3 17071.7 15557.1 17825.1 24822.8 14805.7 14513.1 25433.6 19590.2 13723.5 13624 19245.6 31614.2 45562.4 22679.5 21136.6 15255.7 19696.6 14467 14418.6 13480.4 13257.2 13488.7
threshold=426.50000000000006 204.50000000000003 713.50000000000011 28.750000000000004 48.500000000000007 820.50000000000011 624.50000000000011 536.50000000000011 445.50000000000006 789.50000000000011 736.50000000000011 628.50000000000011 967.50000000000011 24.750000000000004 47.500000000000007 416.50000000000006 1.5000000000000002 37.500000000000007 18.150000000000002 724.50000000000011 35.500000000000007 36.500000000000007 21.450000000000003 921.50000000000011 931.50000000000011 36.500000000000007 2.5000000000000004 25.750000000000004 46.500000000000007 263.50000000000006
decision_type=2 2 2 2 2 2 2 2 2 2 2 2 2 2 2 2 2 2 2 2 2 2 2 2 2 2 2 2 2 2
left_child=1 16 3 4 -2 9 7 8 13 10 -6 -12 17 14 15 -3 -1 23 -19 -20 -21 22 -22 24 25 -4 27 -25 -16 -30
right_child=2 6 12 -5 5 -7 -8 -9 -10 -11 11 -13 -14 -15 28 -17 -18 18 19 20 21 -23 -24 26 -26 -27 -28 -29 29 -31
leaf_value=-0.31932582431300593 0.16329511266976368 -0.13210876910125027 0.70311304132631047 0.70332798755997306 0.43772008331274004 2.4314126466001786 1.1801947882771493 -1.0044155434950404 0.74038271622224294 -0.88912123555228817 2.7351037001609804 0.69236258455905419 1.965265784944807 0.29986096700431614 0.023562904253930733 -1.5052861106064586 -0.18466861099325957 -0.27761870409761158 2.4387185414632162 -0.80679079153958499 -0.1626567884495384 2.0329752481409482 1.0722606956352108 -0.41437531113624576 -0.54190967764173237 -0.43192225160269904 1.6576093744587255 1.0064435363406001 0.10400764562189579 0.99836192767856269
leaf_weight=7705 633 683 879 627 1287 21 35 38 110 21 20 58 28 571 170 27 2508 28 39 34 38 56 393 20 35 29 74 101 70 106
leaf_count=7705 633 683 879 627 1287 21 35 38 110 21 20 58 28 571 170 27 2508 28 39 34 38 56 393 20 35 29 74 101 70 106
internal_value=-5.03608e-09 -0.223032 0.60654 0.463047 0.389195 0.490827 0.133724 0.11309 0.137537 0.461424 0.482201 1.21614 0.824725 0.0967795 -0.0130307 -0.184328 -0.286258 0.806223 1.00165 1.06561 0.962828 1.08637 0.963382 0.705246 0.621998 0.666862 1.10783 0.771597 0.338476 0.642653
internal_weight=16444 12023 4421 2667 2040 1407 1810 1775 1737 1386 1365 78 1754 1627 1056 710 10213 1726 588 560 521 487 431 1138 943 908 195 121 346 176
internal_count=16444 12023 4421 2667 2040 1407 1810 1775 1737 1386 1365 78 1754 1627 1056 710 10213 1726 588 560 521 487 431 1138 943 908 195 121 346 176
is_linear=0
shrinkage=0.05


Tree=72
num_leaves=31
num_cat=0
split_feature=4 6 6 0 2 6 1 2 5 1 4 0 3 1 8 1 6 5 5 1 2 4 4 4 3 8 4 0 0 5
split_gain=803187 95060.3 47719.8 16824.5 19643.1 29083.6 15779.8 52053.6 45228.6 22892 29011.7 15120.7 26621.6 60029.7 36778.1 30962 20674.4 18007.5 17351.7 15661.5 14809.7 20229.2 14015.7 23906.8 13677.8 13605.3 13132.8 15313.8 24597.8 57422.2
threshold=421.50000000000006 125.50000000000001 763.50000000000011 26.250000000000004 66.500000000000014 753.50000000000011 701.50000000000011 41.500000000000007 45.500000000000007 800.50000000000011 821.50000000000011 26.450000000000003 27.500000000000004 485.50000000000006 3.5000000000000004 512.50000000000011 514.50000000000011 25.500000000000004 99.500000000000014 468.50000000000006 57.500000000000007 713.50000000000011 628.50000000000011 621.50000000000011 80.500000000000014 10.500000000000002 621.50000000000011 19.750000000000004 17.150000000000002 55.500000000000007
decision_type=2 2 2 2 2 2 2 2 2 2 2 2 2 2 2 2 2 2 2 2 2 2 2 2 2 2 2 2 2 2
left_child=1 -1 3 4 5 6 22 8 -8 20 -11 12 15 16 -15 19 17 -14 -17 25 -9 -22 23 -2 -5 -3 -4 28 -28 -30
right_child=2 11 26 24 -6 -7 7 9 -10 10 -12 -13 13 14 -16 18 -18 -19 -20 -21 21 -23 -24 -25 -26 -27 27 -29 29 -31
leaf_value=-0.28322259671158156 0.20080583091112758 -0.068235793152679705 1.8237008079405754 0.57033395245304608 0.74811249574472161 -1.3362215898655079 0.78403989004868047 1.3652411621613583 -2.137729648443369 3.5392396903038028 0.87836860815684004 0.25002049295897655 -0.30791572689875424 3.3863656243552338 0.45466286048293114 -0.43700562559422995 -1.409329302744432 0.28792951697625874 -2.424902885893117 0.91768245782170976 -0.99404112270900191 0.91428839644280879 0.56409557147188616 -1.336742121898211 1.3353058697715883 -0.53327691410214484 1.449076271057129 0.82039846687828788 0.79889365360140807 -2.6163492655754093
leaf_weight=9491 915 813 31 1016 278 27 27 61 26 20 21 737 166 23 20 21 22 537 23 35 21 41 275 26 62 195 23 1439 32 20
leaf_count=9491 915 813 31 1016 278 27 27 61 26 20 21 737 166 23 20 21 22 537 23 35 21 41 275 26 62 195 23 1439 32 20
internal_value=-1.64026e-09 -0.209933 0.58166 0.459149 0.362897 0.289548 0.32018 0.712946 -0.649281 1.15318 2.17635 0.058429 -0.0176912 0.207654 2.02278 -0.176905 0.0999985 0.147232 -1.47613 -0.122096 0.812119 0.267919 0.250089 0.158323 0.61433 -0.158199 0.804954 0.784095 0.0875515 -0.514661
internal_weight=16444 12083 4361 2816 1738 1460 1433 217 53 164 41 2592 1855 768 43 1087 725 703 44 1043 123 62 1216 941 1078 1008 1545 1514 75 52
internal_count=16444 12083 4361 2816 1738 1460 1433 217 53 164 41 2592 1855 768 43 1087 725 703 44 1043 123 62 1216 941 1078 1008 1545 1514 75 52
is_linear=0
shrinkage=0.05


Tree=73
num_leaves=31
num_cat=0
split_feature=6 4 4 5 6 5 2 0 6 4 0 7 1 1 3 5 1 4 2 1 4 0 6 1 6 0 4 8 0 3
split_gain=726774 89632.8 45933.9 17251.3 32937.1 32200.4 38512.3 22494.7 18954.9 31325.8 29800.4 21685.9 14292.1 23496.8 39702.2 13881.9 13740.3 25899.9 13196.8 15481.5 12736.5 12715.4 13078.8 12399.1 11816.7 14184.7 12433.8 19297.1 20189.7 20410.5
threshold=426.50000000000006 214.50000000000003 742.50000000000011 99.500000000000014 858.50000000000011 89.500000000000014 64.500000000000014 15.950000000000001 465.50000000000006 381.50000000000006 19.850000000000005 12.500000000000002 654.50000000000011 707.50000000000011 22.500000000000004 34.500000000000007 311.50000000000006 472.50000000000006 72.500000000000014 416.50000000000006 967.50000000000011 16.250000000000004 168.50000000000003 1.5000000000000002 808.50000000000011 27.950000000000003 523.50000000000011 2.5000000000000004 21.750000000000004 35.500000000000007
decision_type=2 2 2 2 2 2 2 2 2 2 2 2 2 2 2 2 2 2 2 2 2 2 2 2 2 2 2 2 2 2
left_child=1 23 3 4 5 7 -7 16 11 10 -10 -5 -11 -14 -15 -9 -2 -18 21 -20 -4 -3 -23 -1 26 -26 27 -17 29 -29
right_child=2 18 20 8 -6 6 -8 15 9 12 -12 -13 13 14 -16 24 17 -19 19 -21 -22 22 -24 -25 25 -27 -28 28 -30 -31
leaf_value=-0.28913013294464723 1.0476812200112777 -0.22909010204819649 0.74962042832739684 -0.32703595072031022 2.4940413987636569 0.81131841282346362 3.2652602059500562 0.32893487492610635 -2.0727223634719851 0.59454624840506809 0.1522514060691551 1.7847422584410637 -1.5978849440813065 1.2586794348139512 -1.3069007019996643 -0.58141308569095351 -1.6944560194457019 0.010824053482277187 0.34951486450039071 1.7185936689376833 1.825879066331046 1.2159510054758618 0.12272933135738802 -0.16263929835886448 -1.2123179006576539 0.59064382612705235 0.74292195702929587 0.49958070842859653 0.33758529209283328 1.882867746365567
leaf_weight=7715 22 274 1506 20 20 67 21 1029 34 108 27 31 24 38 25 44 27 127 202 23 28 28 1194 2587 20 24 700 60 371 48
leaf_count=7715 22 274 1506 20 20 67 21 1029 34 108 27 31 24 38 25 44 27 127 202 23 28 28 1194 2587 20 24 700 60 371 48
internal_value=1.02334e-12 -0.201567 0.548166 0.430686 0.472847 0.457057 1.39692 0.423599 0.0763634 -0.098995 -1.0879 0.956594 0.210354 -0.266574 0.240592 0.465358 -0.121174 -0.288154 0.132449 0.489465 0.769265 0.0787532 0.147779 -0.257366 0.576155 -0.228884 0.605118 0.420678 0.512728 1.11437
internal_weight=16444 12023 4421 2887 2580 2560 88 2472 307 256 61 51 195 87 63 2296 176 154 1721 225 1534 1496 1222 10302 1267 44 1223 523 479 108
internal_count=16444 12023 4421 2887 2580 2560 88 2472 307 256 61 51 195 87 63 2296 176 154 1721 225 1534 1496 1222 10302 1267 44 1223 523 479 108
is_linear=0
shrinkage=0.05


Tree=74
num_leaves=31
num_cat=0
split_feature=6 4 1 3 4 6 0 6 0 6 0 8 6 4 4 0 0 1 4 6 6 2 5 1 4 1 1 4 0 1
split_gain=655914 80926.9 41874.8 39183.1 19750.7 19232.7 19138.4 35361 28833.1 24232.8 20580.6 18898.8 18540.5 15863.7 35765.7 15774.1 15653.2 34710.5 15556 14855.2 13796.3 13662.3 27989.6 16625.7 15492.1 13352.3 17910 14985.5 16504.3 17490.6
threshold=426.50000000000006 204.50000000000003 759.50000000000011 97.500000000000014 239.50000000000003 696.50000000000011 24.550000000000004 931.50000000000011 24.250000000000004 911.50000000000011 25.950000000000003 4.5000000000000009 865.50000000000011 742.50000000000011 672.50000000000011 26.250000000000004 25.150000000000002 664.50000000000011 807.50000000000011 908.50000000000011 895.50000000000011 71.500000000000014 74.500000000000014 476.50000000000006 287.50000000000006 624.50000000000011 536.50000000000011 429.50000000000006 24.750000000000004 176.50000000000003
decision_type=2 2 2 2 2 2 2 2 2 2 2 2 2 2 2 2 2 2 2 2 2 2 2 2 2 2 2 2 2 2
left_child=1 -1 4 5 -2 18 7 8 9 13 -8 -12 15 14 -7 16 21 -18 -4 -13 -15 23 -23 24 -6 26 27 28 29 -3
right_child=2 25 3 -5 12 6 10 -9 -10 -11 11 19 -14 20 -16 -17 17 -19 -20 -21 -22 22 -24 -25 -26 -27 -28 -29 -30 -31
leaf_value=-0.24609888587691403 1.9721828639507295 0.79998068200158223 2.6443210686246559 -0.95100819678867576 -1.3286539827074324 0.94319503922616288 1.682711965568138 -1.4586781352758409 -1.1607909492824389 2.3581594514846804 -0.74922548830509195 0.67581316762466825 1.7791870906949043 0.91340822736073657 -1.5986354858875276 0.52800961118405965 0.16881952083008436 -1.7166382582982385 0.90957224965095529 1.0734039257020624 -0.44457585471017025 0.34435056053823043 1.9260466367006304 0.38890920772485865 0.073114483671210637 1.0837565955093929 -0.97622841698558716 0.52819695708900694 0.28150212879660297 -0.11041896448416472
leaf_weight=10213 20 56 24 34 21 31 66 24 23 20 20 741 24 171 25 1129 131 30 28 344 21 93 40 1040 321 35 38 200 570 911
leaf_count=10213 20 56 24 34 21 31 66 24 23 20 20 741 24 171 25 1129 131 30 28 344 21 93 40 1040 321 35 38 200 570 911
internal_value=1.55914e-09 -0.191489 0.520758 0.727918 0.406453 0.765033 0.731958 0.385989 0.538127 0.683929 0.825024 0.773795 0.395383 0.548911 -0.191551 0.383543 0.286227 -0.182508 1.71023 0.80187 0.764879 0.33604 0.820049 0.28946 -0.012959 0.116651 0.0975809 0.121072 0.0680959 -0.0576968
internal_weight=16444 12023 4421 1572 2849 1538 1486 315 291 268 1171 1105 2829 248 56 2805 1676 161 52 1085 192 1515 133 1382 342 1810 1775 1737 1537 967
internal_count=16444 12023 4421 1572 2849 1538 1486 315 291 268 1171 1105 2829 248 56 2805 1676 161 52 1085 192 1515 133 1382 342 1810 1775 1737 1537 967
is_linear=0
shrinkage=0.05


Tree=75
num_leaves=31
num_cat=0
split_feature=6 4 0 2 1 4 6 1 3 6 7 5 4 2 4 3 5 6 5 5 6 2 0 1 8 0 6 4 3 8
split_gain=591962 73245.5 38471.8 24227.4 69141.4 46515.2 26111.6 22513 24484.4 23423.1 20083.5 22019.3 19363.6 29838.8 19215.1 19142.2 19429.8 19578.4 17261.9 27503.6 41754.9 71228.9 15238.6 14121 12333.7 28617.8 29259.5 15218.8 13942.9 22577
threshold=426.50000000000006 214.50000000000003 28.750000000000004 35.500000000000007 831.50000000000011 475.50000000000006 501.50000000000006 759.50000000000011 72.500000000000014 696.50000000000011 11.500000000000002 66.500000000000014 683.50000000000011 59.500000000000007 259.50000000000006 96.500000000000014 84.500000000000014 908.50000000000011 46.500000000000007 10.500000000000002 895.50000000000011 59.500000000000007 21.550000000000004 267.50000000000006 10.500000000000002 16.950000000000003 583.50000000000011 328.50000000000006 27.500000000000004 2.5000000000000004
decision_type=2 2 2 2 2 2 2 2 2 2 2 2 2 2 2 2 2 2 2 2 2 2 2 2 2 2 2 2 2 2
left_child=1 -1 3 4 5 6 -2 14 9 -9 -7 -12 13 -11 -5 16 17 -4 19 -14 -21 -22 -20 -16 28 -26 27 -27 -25 -30
right_child=2 -3 15 7 -6 10 -8 8 -10 12 11 -13 18 -15 23 -17 -18 -19 22 20 21 -23 -24 24 25 26 -28 -29 29 -31
leaf_value=-0.23235539528254692 -0.21758488673588328 0.12002822008283723 0.60564131955811007 1.7552412753924729 -2.7006037421848466 -0.34725861622189935 -2.5659758937358856 1.8148875300948686 1.7326936559035229 -1.5394124172351979 0.55650871356541765 2.1898263674515945 0.90611403845696159 1.0086648970097305 1.286499971621915 2.1591795303604822 -0.87447439670562754 1.0589743747827407 0.21622110673359463 0.46834094248872865 -3.3496835578571673 0.42319510422390083 1.4401957021124903 0.24816086382495262 -1.8387366753816605 1.6387163388729098 -1.6767116217315199 0.17966880789470108 0.058835545872253453 0.722370068963333
leaf_weight=10302 29 1721 1219 24 23 44 20 37 52 27 100 26 162 20 38 22 20 296 35 139 22 29 93 1068 20 20 20 168 176 472
leaf_count=10302 29 1721 1219 24 23 44 20 37 52 27 100 26 162 20 38 22 20 296 35 139 22 29 93 1068 20 20 20 168 176 472
internal_value=4.78008e-09 -0.181914 0.49472 0.385968 -0.0927123 0.181176 -1.17611 0.430148 0.694538 0.598822 0.572394 0.893543 0.513443 -0.455124 0.348959 0.694763 0.673774 0.694213 0.608282 0.42747 0.0193632 -1.20432 1.10552 0.33193 0.313271 -0.0322381 0.141464 0.334887 0.359178 0.542151
internal_weight=16444 12023 4421 2864 242 219 49 2622 616 564 170 126 527 47 2006 1557 1535 1515 480 352 190 51 128 1982 1944 228 208 188 1716 648
internal_count=16444 12023 4421 2864 242 219 49 2622 616 564 170 126 527 47 2006 1557 1535 1515 480 352 190 51 128 1982 1944 228 208 188 1716 648
is_linear=0
shrinkage=0.05


Tree=76
num_leaves=31
num_cat=0
split_feature=4 1 6 4 0 2 5 5 8 6 7 1 4 5 3 1 1 2 6 5 6 0 8 3 1 1 1 2 5 6
split_gain=536602 64932.5 33107.1 19288.9 17472.1 16599.7 25142.3 42872.8 60789.1 91889.5 79913.4 35806.2 34226.3 32829.4 45679.3 15077.3 14638.8 18143.4 15345.2 15363.5 15295.8 14473.9 21755 17517.1 55236.3 24713.2 14616 14403.4 28732.6 23484.2
threshold=421.50000000000006 125.50000000000001 635.50000000000011 478.50000000000006 29.450000000000003 59.500000000000007 10.500000000000002 72.500000000000014 5.5000000000000009 908.50000000000011 11.500000000000002 661.50000000000011 760.50000000000011 88.500000000000014 12.500000000000002 284.50000000000006 641.50000000000011 35.500000000000007 290.50000000000006 40.500000000000007 327.50000000000006 19.650000000000002 11.500000000000002 27.500000000000004 485.50000000000006 449.50000000000006 512.50000000000011 55.500000000000007 95.500000000000014 405.50000000000006
decision_type=2 2 2 2 2 2 2 2 2 2 2 2 2 2 2 2 2 2 2 2 2 2 2 2 2 2 2 2 2 2
left_child=1 -1 15 -4 5 6 -5 8 9 10 -8 -9 13 -13 -15 -2 18 -18 19 -17 -20 23 -23 26 25 27 -3 28 -25 -29
right_child=2 21 3 4 -6 -7 7 11 -10 -11 -12 12 -14 14 -16 16 17 -19 20 -21 -22 22 -24 24 -26 -27 -28 29 -30 -31
leaf_value=-0.23213507462688879 1.3896077809622511 -0.23963710411336525 2.1394647935032842 0.72691804986137776 0.74238982863243219 0.66960452617764976 -2.7527402047453258 2.3033105271704057 0.45841383962555132 -3.6221817888319494 0.099931822828948511 1.2782509773118156 2.1992947122325068 0.29939659644539157 -2.6038648557662967 0.34305513347898214 -0.47727046998647549 0.95860965305587631 -1.0612422787624858 1.9476298850316269 0.23770123372058716 0.11488141436497666 1.4118792461626457 0.081641887638129684 2.6951349097490311 -1.4293517300060818 -1.455987037374423 0.0669698028962286 -2.0818613710857572 1.2291206162709456
leaf_weight=9493 32 493 20 277 1001 626 29 34 235 24 160 35 23 42 20 35 26 143 23 26 1550 1595 33 57 20 28 26 265 21 52
leaf_count=9493 32 493 20 277 1001 626 29 34 235 24 160 35 23 42 20 35 26 143 23 26 1550 1595 33 57 20 28 26 265 21 52
internal_value=-2.5881e-09 -0.171592 0.47543 0.592849 0.580506 0.472834 0.3327 0.151307 -0.0960837 -0.707853 -0.33778 0.87099 0.465166 0.0539809 -0.637139 0.313795 0.294701 0.737705 0.248882 1.02697 0.218708 0.0503119 0.141172 -0.103451 0.127487 0.00608492 -0.300572 0.107837 -0.50084 0.257607
internal_weight=16444 12083 4361 2526 2506 1505 879 602 448 213 189 154 120 97 62 1835 1803 169 1634 61 1573 2590 1628 962 443 423 519 395 78 317
internal_count=16444 12083 4361 2526 2506 1505 879 602 448 213 189 154 120 97 62 1835 1803 169 1634 61 1573 2590 1628 962 443 423 519 395 78 317
is_linear=0
shrinkage=0.05


Tree=77
num_leaves=31
num_cat=0
split_feature=4 6 6 0 3 1 8 1 1 1 5 4 8 0 5 5 5 8 3 2 5 0 3 2 6 1 8 5 2 6
split_gain=484283 58708.6 30060.8 14575.2 19436.6 50586 31563.4 27185.6 17424.3 16721.7 14897.7 14202.2 13980.3 25251.1 17257.3 66528.7 19525.3 23524.8 20210.7 12825.5 22131.4 20188.2 12792.4 25750.6 13652.1 12700.4 12817.9 12678.6 14002.6 25705.2
threshold=421.50000000000006 70.500000000000014 816.50000000000011 26.450000000000003 27.500000000000004 485.50000000000006 3.5000000000000004 512.50000000000011 449.50000000000006 423.50000000000006 99.500000000000014 665.50000000000011 5.5000000000000009 28.250000000000004 38.500000000000007 30.500000000000004 76.500000000000014 4.5000000000000009 24.500000000000004 74.500000000000014 60.500000000000007 17.650000000000002 2.5000000000000004 49.500000000000007 858.50000000000011 468.50000000000006 10.500000000000002 13.500000000000002 49.500000000000007 405.50000000000006
decision_type=2 2 2 2 2 2 2 2 2 2 2 2 2 2 2 2 2 2 2 2 2 2 2 2 2 2 2 2 2 2
left_child=1 -1 19 4 7 8 -7 25 9 27 -9 -4 13 14 15 22 17 -16 -18 21 -21 -2 23 -13 -24 26 -3 -6 29 -29
right_child=2 3 11 -5 5 6 -8 10 -10 -11 -12 12 -14 -15 16 -17 18 -19 -20 20 -22 -23 24 -25 -26 -27 -28 28 -30 -31
leaf_value=-0.22727980587603552 0.081780651154215733 -0.069354085509560279 1.8538141100406649 0.21310709845930928 -0.31673314057400126 3.078641524522201 0.3627195012569428 -0.41615654882930575 -0.97429104279249135 1.3550996674368017 -2.2581237627112349 1.0365335906253141 0.76739449566021034 -1.1834247132142386 0.2730457901954651 -2.1139231929072628 1.0936463795926261 1.9192413249611855 -1.0261369352990932 0.46762272539947719 2.3097943381851782 0.41648251537235725 0.061075712919235227 -0.93962175869382925 1.4785302171167338 0.8240482844625201 -0.48519197850754225 0.022466010813202181 0.27335176004680917 -1.9720714011788367
leaf_weight=9017 544 1073 25 777 170 23 20 21 39 26 23 34 757 24 34 27 23 60 22 56 23 2622 25 32 53 35 224 84 531 20
leaf_count=9017 544 1073 25 777 170 23 20 21 39 26 23 34 757 24 34 27 23 60 22 56 23 2622 25 32 53 35 224 84 531 20
internal_value=2.88505e-09 -0.163013 0.451659 0.0259945 -0.0375208 0.141346 1.81542 -0.156202 0.0586047 0.10708 -1.379 0.675506 0.648506 0.379048 0.500014 0.163669 0.913791 1.32381 0.0573079 0.374674 1.00395 0.358972 0.590717 0.0783977 1.02422 -0.115809 -0.141172 0.0667713 0.169442 -0.361099
internal_weight=16444 12083 4361 3066 2289 913 43 1376 870 831 44 1116 1091 334 310 171 139 94 45 3245 79 3166 144 66 78 1332 1297 805 635 104
internal_count=16444 12083 4361 3066 2289 913 43 1376 870 831 44 1116 1091 334 310 171 139 94 45 3245 79 3166 144 66 78 1332 1297 805 635 104
is_linear=0
shrinkage=0.05


Tree=78
num_leaves=31
num_cat=0
split_feature=4 4 2 1 7 5 1 0 6 4 4 1 3 5 0 2 3 4 5 1 8 2 0 0 2 6 5 5 3 0
split_gain=439273 62286.9 17900.3 24863.2 22157.2 23518.3 17415 16768.3 23221.8 47066.5 16696.8 26883.6 94078.9 15407 16044 15508.1 21427.1 32259.1 47600.2 41593.4 21272.3 24592.2 20990.8 17534.6 14994.5 14209.7 14605.3 25586.1 25669.1 23137.2
threshold=263.50000000000006 553.50000000000011 61.500000000000007 961.50000000000011 15.500000000000002 48.500000000000007 36.500000000000007 30.050000000000004 931.50000000000011 921.50000000000011 886.50000000000011 858.50000000000011 29.500000000000004 18.500000000000004 29.150000000000002 45.500000000000007 27.500000000000004 506.50000000000006 77.500000000000014 492.50000000000006 10.500000000000002 40.500000000000007 22.150000000000002 20.250000000000004 33.500000000000007 379.50000000000006 83.500000000000014 93.500000000000014 26.500000000000004 21.750000000000004
decision_type=2 2 2 2 2 2 2 2 2 2 2 2 2 2 2 2 2 2 2 2 2 2 2 2 2 2 2 2 2 2
left_child=6 13 3 7 -4 -6 -1 8 10 -10 11 25 -13 -2 15 20 23 19 22 -18 -15 24 -19 -17 -22 -3 -27 -28 29 -29
right_child=1 2 4 -5 5 -7 -8 -9 9 -11 -12 12 -14 14 -16 16 17 18 -20 -21 21 -23 -24 -25 -26 26 27 28 -30 -31
leaf_value=-0.2211478392740269 -0.017542520450102597 -0.76974395660993955 0.80218930031343183 1.3054706411483963 0.38110376965875425 -1.4708545416593553 -0.062972771366444663 0.60665182875054169 -2.3121313335895541 0.56402687990304201 0.98903186787316144 0.2465602594004436 -3.5524609446525575 0.15183611740280131 0.66366924890451351 -0.20285254671210332 0.48294875469536358 0.97627937416235611 -2.2071048603057863 1.8402010891022105 -1.032162667142934 -2.0909068614244464 -0.85475753719607983 0.28153870076120618 0.59000279562813895 0.33817978634873846 2.5181047984531948 2.3434647091627121 -0.54180484712123878 0.17002275635798772
leaf_weight=8532 761 27 744 78 120 20 2186 664 25 33 94 88 20 179 208 299 390 45 25 66 29 26 24 498 28 1133 21 25 32 24
leaf_count=8532 761 27 744 78 120 20 2186 664 25 33 94 88 20 179 208 299 390 45 25 66 29 26 24 498 28 1133 21 25 32 24
internal_value=-2.04184e-10 0.353561 0.502795 0.428293 0.693602 0.116538 -0.188887 0.396993 0.305526 -0.675696 0.3444 0.30017 -0.456962 0.171332 0.250436 0.197017 0.265477 0.505535 -0.337864 0.679393 -0.154952 -0.816581 0.339397 0.099816 -0.235309 0.364964 0.389771 0.962839 0.559622 1.27892
internal_weight=16444 5726 3148 2264 884 140 10718 2186 1522 58 1464 1370 108 2578 1817 1609 1347 550 94 456 262 83 69 797 57 1262 1235 102 81 49
internal_count=16444 5726 3148 2264 884 140 10718 2186 1522 58 1464 1370 108 2578 1817 1609 1347 550 94 456 262 83 69 797 57 1262 1235 102 81 49
is_linear=0
shrinkage=0.05


Tree=79
num_leaves=31
num_cat=0
split_feature=4 4 6 4 4 0 2 4 5 0 2 3 3 3 3 4 5 1 0 5 2 0 8 3 1 3 6 5 7 5
split_gain=396444 56214 16159.1 19539 19230.5 22799.4 31625.4 15767.9 13904.8 14479.7 13996.1 19691.4 27210.5 24303 19338 29113.8 42959.2 37538.1 18944.2 17142.9 19972.8 21196.5 16633.9 15835.8 14816.7 13574.7 12863.1 29193.8 20622.7 16190.6
threshold=263.50000000000006 553.50000000000011 911.50000000000011 894.50000000000011 802.50000000000011 24.350000000000005 60.500000000000007 25.500000000000004 18.500000000000004 29.150000000000002 45.500000000000007 99.500000000000014 31.500000000000004 56.500000000000007 27.500000000000004 506.50000000000006 77.500000000000014 492.50000000000006 22.150000000000002 97.500000000000014 59.500000000000007 18.650000000000002 4.5000000000000009 19.500000000000004 650.50000000000011 80.500000000000014 453.50000000000006 99.500000000000014 12.500000000000002 98.500000000000014
decision_type=2 2 2 2 2 2 2 2 2 2 2 2 2 2 2 2 2 2 2 2 2 2 2 2 2 2 2 2 2 2
left_child=7 8 3 -3 -4 6 -6 -1 -2 10 11 12 23 -14 19 17 18 26 -17 24 22 -22 -21 -10 -12 -19 29 28 -28 -16
right_child=1 2 4 -5 5 -7 -8 -9 9 -11 14 -13 13 -15 15 16 -18 25 -20 20 21 -23 -24 -25 -26 -27 27 -29 -30 -31
leaf_value=-0.21137950322019169 -0.016665394051837566 0.40367570698671573 2.1772221836058989 1.0162774560442807 -1.7823834146772111 0.82485563315936106 0.96167489460536426 -0.06428095108857855 -0.14470562139975615 0.63048578461345572 0.1412996488829662 1.0360622954945411 -2.31715932113153 -0.3657061514181969 0.43778658658266068 0.92746540029843649 -2.0967496466636657 1.2237541799281919 -0.81201963623364781 -0.55965368844367358 -0.083507974147796635 -2.2673612856864929 1.1526392604993736 1.3561276167631151 1.4057584056009851 2.728659951557284 -0.41944810748100281 -1.3563957740520609 1.1376508885622025 1.3563591971512765
leaf_weight=8391 761 2608 23 137 21 338 21 2327 145 208 668 31 27 39 212 45 25 43 24 37 20 25 23 20 24 23 37 29 50 62
leaf_count=8391 761 2608 23 137 21 338 21 2327 145 208 668 31 27 39 212 45 25 43 24 37 20 25 23 20 24 23 37 29 50 62
internal_value=3.40019e-09 0.335883 0.477655 0.43425 0.773306 0.688332 -0.410354 -0.179443 0.162765 0.237915 0.187166 -0.147205 -0.305998 -1.16403 0.252203 0.480258 -0.320971 0.645424 0.322427 0.0948252 -0.500483 -1.29676 0.0967253 0.0372136 0.185154 1.74819 0.458801 0.0174783 0.475436 0.645639
internal_weight=16444 5726 3148 2745 403 380 42 10718 2578 1817 1609 262 231 66 1347 550 94 456 69 797 105 45 60 165 692 66 390 116 87 274
internal_count=16444 5726 3148 2745 403 380 42 10718 2578 1817 1609 262 231 66 1347 550 94 456 69 797 105 45 60 165 692 66 390 116 87 274
is_linear=0
shrinkage=0.05


Tree=80
num_leaves=31
num_cat=0
split_feature=4 4 0 1 2 1 7 5 1 5 2 5 1 7 6 3 6 0 6 4 3 3 5 2 2 5 2 3 5 2
split_gain=359554 43275.3 23084.5 15072.1 12537.3 41524.6 30159.1 55929.2 52676.4 22586.7 25283.4 21805.7 25934.5 20874.9 18190.3 17789.6 16887.3 32683 27691.4 29088.7 34484.4 17341 16724.2 28755 26709.8 17338.3 22706.4 16406.9 15996.2 38154
threshold=421.50000000000006 128.50000000000003 29.450000000000003 271.50000000000006 40.500000000000007 846.50000000000011 12.500000000000002 58.500000000000007 564.50000000000011 66.500000000000014 35.500000000000007 44.500000000000007 816.50000000000011 12.500000000000002 497.50000000000006 94.500000000000014 668.50000000000011 17.650000000000002 687.50000000000011 710.50000000000011 17.500000000000004 33.500000000000007 84.500000000000014 61.500000000000007 63.500000000000007 51.500000000000007 57.500000000000007 28.500000000000004 57.500000000000007 59.500000000000007
decision_type=2 2 2 2 2 2 2 2 2 2 2 2 2 2 2 2 2 2 2 2 2 2 2 2 2 2 2 2 2 2
left_child=1 -1 3 -2 5 6 7 -5 -9 -8 -11 -6 13 15 -15 22 28 -18 -19 20 -20 -21 23 25 -24 -13 -27 -14 -16 -30
right_child=2 -3 -4 4 11 -7 9 8 -10 10 -12 12 27 14 16 -17 17 18 19 21 -22 -23 24 -25 -26 26 -28 -29 29 -31
leaf_value=-0.18903465371128125 1.3792619982452106 0.043871127555035021 0.57096014888131874 0.23835329937145994 0.23117764332879145 -1.647268958525224 0.31333751079880379 0.21297953128814698 -3.1467528615679061 2.4779878164159843 0.23016278852115979 0.83815720778591229 0.80879029629067478 0.77826780211522228 0.29931450609117743 -0.32354559294487301 1.8519611194729806 1.7716507108438586 0.17761809881343399 -0.34206654310226442 -1.9199164556132424 1.5856073592390334 2.1033052691974894 1.1831994415056415 0.057001896526502532 0.24900804494033779 -1.5112006792315731 1.9608214727469855 0.11136248193971524 -1.6317613293539805
leaf_weight=9563 33 2520 1247 136 1606 33 176 20 28 29 22 53 117 109 80 38 32 21 43 20 36 28 52 123 23 57 27 42 77 53
leaf_count=9563 33 2520 1247 136 1606 33 176 20 28 29 22 53 117 109 80 38 32 21 43 20 36 28 52 123 23 57 27 42 77 53
internal_value=3.45439e-09 -0.14046 0.389173 0.316376 0.304992 0.0591876 0.196202 -0.27953 -1.74686 0.581818 1.50834 0.346379 0.525829 0.418746 0.207238 0.701703 0.0476421 0.40302 0.089736 -0.188376 -0.77822 0.78241 0.817999 0.628257 1.47577 0.130025 -0.316773 1.1131 -0.256968 -0.599296
internal_weight=16444 12083 4361 3114 3081 444 411 184 48 227 51 2637 1031 872 499 373 390 180 148 127 79 48 335 260 75 137 84 159 210 130
internal_count=16444 12083 4361 3114 3081 444 411 184 48 227 51 2637 1031 872 499 373 390 180 148 127 79 48 335 260 75 137 84 159 210 130
is_linear=0
shrinkage=0.05


Tree=81
num_leaves=31
num_cat=0
split_feature=6 4 4 5 5 2 3 0 7 2 7 7 4 2 0 1 6 3 5 6 0 0 4 0 8 3 2 2 7 6
split_gain=326431 41011 23390.4 18841.8 32808.7 30192.6 21407.5 35313.5 42509 21441.5 28260 23833.3 27238.3 20615.1 20107.5 18418.1 17490.5 14624.8 12081 21512.5 12098.8 11622.1 11530.1 11344.8 14011.2 15704.4 23033.7 36251.7 16445.4 16562.8
threshold=426.50000000000006 222.50000000000003 832.50000000000011 99.500000000000014 89.500000000000014 64.500000000000014 45.500000000000007 19.950000000000003 13.500000000000002 40.500000000000007 13.500000000000002 14.500000000000002 506.50000000000006 60.500000000000007 15.950000000000001 682.50000000000011 911.50000000000011 21.500000000000004 37.500000000000007 858.50000000000011 33.350000000000001 17.850000000000005 472.50000000000006 16.850000000000005 2.5000000000000004 99.500000000000014 32.500000000000007 28.500000000000004 14.500000000000002 623.50000000000011
decision_type=2 2 2 2 2 2 2 2 2 2 2 2 2 2 2 2 2 2 2 2 2 2 2 2 2 2 2 2 2 2
left_child=1 -1 3 4 14 17 9 8 -8 10 -5 13 -13 21 22 -9 18 -6 19 -16 23 -11 -2 -20 -25 26 27 -26 29 -27
right_child=2 -3 -4 6 5 -7 7 15 -10 11 -12 12 -14 -15 16 -17 -18 -19 20 -21 -22 -23 -24 24 25 28 -28 -29 -30 -31
leaf_value=-0.17189190376925406 -0.948076817775384 0.096614054201312929 0.60396495739295641 -2.0192174321129208 1.4174163631030492 2.8732747446406974 -2.4458743935745013 0.936564337116916 0.071873899300893149 0.68110171401500708 0.51771601179371707 -1.3306505926724139 0.92144867324829116 0.015311679068733665 0.26263290251755661 -0.8312076983244524 1.4316448949478771 0.054082026352753512 1.2316025108098985 -1.3488083615189508 1.454635445002852 2.0489012114521934 0.018292997535821556 -0.45092080844209548 0.73328960612416272 0.77738875031471255 0.42831899710121468 -1.9615127297548149 0.035596338748931887 2.5015729995874261
leaf_weight=10375 39 1648 845 21 42 22 38 41 30 25 23 29 25 34 1505 23 37 37 42 21 29 41 148 47 24 30 1146 26 25 26
leaf_count=10375 39 1648 845 21 42 22 38 41 30 25 23 29 25 34 1505 23 37 37 42 21 29 41 148 47 24 30 1146 26 25 26
internal_value=-3.83854e-10 -0.135088 0.367374 0.311468 0.348062 1.23509 -0.0484888 -0.541709 -1.3351 0.280325 -0.693093 0.558444 -0.288012 1.01553 0.319575 0.301271 0.351363 0.778893 0.337679 0.240457 0.444032 1.5308 -0.183249 0.422577 0.396913 0.428117 0.382486 -0.668008 1.10188 1.5779
internal_weight=16444 12023 4421 3576 3246 101 330 132 68 198 44 154 54 100 3145 64 2958 79 2921 1526 1395 66 187 1366 1324 1277 1196 50 81 56
internal_count=16444 12023 4421 3576 3246 101 330 132 68 198 44 154 54 100 3145 64 2958 79 2921 1526 1395 66 187 1366 1324 1277 1196 50 81 56
is_linear=0
shrinkage=0.05


Tree=82
num_leaves=31
num_cat=0
split_feature=6 4 0 4 4 2 7 5 5 6 2 3 1 0 8 7 6 5 2 6 0 0 4 3 2 3 8 0 3 2
split_gain=294604 37090.6 22261.6 15150.3 14430.6 12113.4 21625.7 14244.6 30701.3 72798.6 24798.5 48399.9 98206.7 18058.1 56467 16481.2 15135.5 15571.1 33908.7 13220.8 25239.1 37966.3 46602.2 22054.2 20872.8 12750.4 12160.5 14854.1 22073.2 42793.5
threshold=426.50000000000006 214.50000000000003 29.450000000000003 239.50000000000003 535.50000000000011 61.500000000000007 15.500000000000002 10.500000000000002 37.500000000000007 908.50000000000011 40.500000000000007 33.500000000000007 617.50000000000011 24.350000000000005 5.5000000000000009 12.500000000000002 872.50000000000011 83.500000000000014 57.500000000000007 620.50000000000011 25.650000000000002 22.150000000000002 701.50000000000011 62.500000000000007 56.500000000000007 1.0000000180025095e-35 9.5000000000000018 19.750000000000004 38.500000000000007 70.500000000000014
decision_type=2 2 2 2 2 2 2 2 2 2 2 2 2 2 2 2 2 2 2 2 2 2 2 2 2 2 2 2 2 2
left_child=1 -1 3 -2 -5 7 26 -6 9 13 11 15 -13 -9 -15 -10 17 19 -19 -12 21 23 -23 24 -21 -17 27 28 -7 -30
right_child=2 -3 -4 4 5 6 -8 8 10 -11 16 12 -14 14 -16 25 -18 18 -20 20 -22 22 -24 -25 -26 -27 -28 -29 29 -31
leaf_value=-0.16422751988696807 1.5852543172849851 0.08653184461398164 0.52563730745844139 0.11256488562880036 0.47353173044175495 0.98546513140201564 -0.13325159998140604 0.41302016153387777 -0.46617596575192044 -2.6777550404625283 0.83790346306522157 0.82773259878158578 -4.0678879465375628 -2.6061150694886845 0.0084238622387921482 0.25139593048529191 1.1933161822387151 1.625241409730716 -0.62763049291527795 -1.1876864731311798 0.53007858326801893 -3.2516201861880045 0.041340382113343198 1.5078920369562896 0.80029445860696891 1.9738402707236156 -0.26037132135459357 0.86131741621521951 -1.1789515148103238 1.209730067451795
leaf_weight=10302 22 1721 1271 1006 512 60 107 137 28 28 74 20 21 24 148 22 70 61 23 31 143 22 21 23 23 21 35 388 50 30
leaf_count=10302 22 1721 1271 1006 512 60 107 137 28 28 74 20 21 24 148 22 70 61 23 31 143 22 21 23 23 21 35 388 50 30
internal_value=-5.16447e-10 -0.128333 0.349005 0.277735 0.268539 0.342483 0.518347 0.261334 0.145754 -0.236479 0.359374 -0.311987 -1.67978 -0.015263 -0.356396 0.477865 0.512515 0.399318 1.00838 0.247503 0.0813831 -0.453312 -1.64343 0.211299 -0.340954 1.09259 0.642185 0.702014 0.260516 -0.283196
internal_weight=16444 12023 4421 3150 3128 2122 670 1452 940 337 603 112 41 309 172 71 491 421 84 337 263 120 43 77 54 43 563 528 140 80
internal_count=16444 12023 4421 3150 3128 2122 670 1452 940 337 603 112 41 309 172 71 491 421 84 337 263 120 43 77 54 43 563 528 140 80
is_linear=0
shrinkage=0.05


Tree=83
num_leaves=31
num_cat=0
split_feature=6 4 4 5 5 0 6 3 0 8 8 6 3 0 7 0 4 6 3 7 5 6 0 4 0 8 3 2 2 7
split_gain=265880 33498.8 20236.9 17049.5 29069.2 28107.4 20422.3 22347.4 57852.2 31214.3 30720.7 29015.3 25645.4 20559.6 20155.8 17926 15506.7 15184.2 14751.7 14275.6 11063.1 19221.2 10866 10192.1 10093.5 12607.5 13977.3 18568.1 40695.3 14549.6
threshold=426.50000000000006 197.50000000000003 832.50000000000011 99.500000000000014 89.500000000000014 17.050000000000004 465.50000000000006 92.500000000000014 19.950000000000003 3.5000000000000004 4.5000000000000009 687.50000000000011 20.500000000000004 24.250000000000004 13.500000000000002 15.950000000000001 523.50000000000011 911.50000000000011 18.500000000000004 12.500000000000002 37.500000000000007 858.50000000000011 33.750000000000007 472.50000000000006 16.850000000000005 2.5000000000000004 99.500000000000014 31.500000000000004 28.500000000000004 14.500000000000002
decision_type=2 2 2 2 2 2 2 2 2 2 2 2 2 2 2 2 2 2 2 2 2 2 2 2 2 2 2 2 2 2
left_child=1 -1 3 4 15 -6 19 9 -9 11 16 12 -8 -12 -15 23 -11 20 -7 -5 21 -17 24 -2 -22 -26 27 28 -27 -28
right_child=2 -3 -4 6 5 18 7 8 -10 10 13 -13 -14 14 -16 17 -18 -19 -20 -21 22 -23 -24 -25 25 26 29 -29 -30 -31
leaf_value=-0.15789328235031055 -0.90630125418687479 0.071696868327702348 0.55161997939200968 -0.15994330275626412 2.5301902541407832 1.2963402031362057 -0.82383495677601215 -2.927794589996338 0.18574836705182052 -0.45529713273048406 -0.76400908715016136 2.093262204417476 1.2142142690782405 1.9012568973682145 -0.264369281133016 0.23273935518072816 -2.292178617141865 1.3241070914912869 -0.12022752902087044 1.5284699651502796 1.1525103684071274 -1.2904702368236725 1.5353473935808455 0.0022728744642557326 -0.4390608057855292 0.72976168417930609 1.4782051742076874 0.39105382785040227 -2.2559068157559348 0.027516410112380981
leaf_weight=10139 39 1884 845 21 27 40 33 25 37 20 37 27 29 22 21 1505 27 37 34 31 42 21 21 148 47 25 56 1158 21 25
leaf_count=10139 39 1884 845 21 27 40 33 25 37 20 37 27 29 22 21 1505 27 37 34 31 42 21 21 148 47 25 56 1158 21 25
internal_value=-1.26673e-09 -0.121917 0.331555 0.279554 0.314364 1.14932 -0.0628542 -0.23297 -1.06971 0.00720618 -0.495962 0.725211 0.129446 0.100095 0.843626 0.28755 -1.51053 0.317564 0.645485 0.846611 0.304814 0.211778 0.406588 -0.187216 0.389336 0.365272 0.394691 0.351919 -0.633261 1.03046
internal_weight=16444 12023 4421 3576 3246 101 330 278 62 216 127 89 62 80 43 3145 47 2958 74 52 2921 1526 1395 187 1374 1332 1285 1204 46 81
internal_count=16444 12023 4421 3576 3246 101 330 278 62 216 127 89 62 80 43 3145 47 2958 74 52 2921 1526 1395 187 1374 1332 1285 1204 46 81
is_linear=0
shrinkage=0.05


Tree=84
num_leaves=31
num_cat=0
split_feature=4 4 4 6 1 0 8 3 1 1 1 5 6 0 6 8 0 5 8 5 0 6 3 8 7 6 3 5 1 2
split_gain=241015 30282.3 17977.9 17986.6 23602.9 13615.6 19021.3 15840.1 40511.9 19807 12898 12833.4 20612.9 72050.2 12440.2 14744.4 23860.2 34820.5 12641.2 12177.6 11895 22311.9 16362.1 14566.9 43351 24619.3 14070.8 57324.3 71003.3 32182.6
threshold=421.50000000000006 67.500000000000014 886.50000000000011 911.50000000000011 887.50000000000011 19.650000000000002 11.500000000000002 27.500000000000004 485.50000000000006 449.50000000000006 271.50000000000006 24.500000000000004 931.50000000000011 28.750000000000004 587.50000000000011 4.5000000000000009 21.750000000000004 75.500000000000014 10.500000000000002 34.500000000000007 26.250000000000004 887.50000000000011 99.500000000000014 5.5000000000000009 12.500000000000002 743.50000000000011 93.500000000000014 64.500000000000014 536.50000000000011 62.500000000000007
decision_type=2 2 2 2 2 2 2 2 2 2 2 2 2 2 2 2 2 2 2 2 2 2 2 2 2 2 2 2 2 2
left_child=1 -1 3 10 -5 7 14 -3 9 -9 -2 -4 -13 -14 15 16 -7 -18 19 -17 21 26 23 24 -22 -26 -12 -28 29 -29
right_child=2 5 11 4 -6 6 -8 8 -10 -11 20 12 13 -15 -16 18 17 -19 -20 -21 22 -23 -24 -25 25 -27 27 28 -30 -31
leaf_value=-0.16134714792546934 1.2644122456200422 -0.28448972921005811 0.80503316964377469 2.3654961304231121 0.5549221558628058 0.17569604691124296 1.2954135013349131 0.063991091710377465 2.2870856073498724 -1.2990445775645121 0.24128397602076068 0.80144163875640195 -2.9210960769653322 0.60095775108433003 1.2940907096578962 0.017168029106868883 -0.14704357829048403 -2.5483395539797269 -0.23848390459482161 0.3079218489551227 -1.8325467805067701 -1.4490761597951254 1.4365997155799586 0.36082627728925143 1.5157786221339786 -0.73215786232834779 0.31781439773001519 1.3186688173900951 -3.1557369189877669 -1.4526024201512338
leaf_weight=8998 32 628 302 22 99 74 33 554 20 28 1703 79 20 53 21 707 36 26 224 734 30 21 34 1661 29 21 182 22 31 20
leaf_count=8998 32 628 302 22 99 74 33 554 20 28 1703 79 20 53 21 707 36 26 224 734 30 21 34 1661 29 21 182 22 31 20
internal_value=-3.68423e-09 -0.114999 0.318627 0.284021 0.884117 0.020184 0.105718 -0.108813 0.074451 -0.00158451 0.264842 0.616438 0.241728 -0.363989 0.0841707 0.0700628 -0.430507 -1.15404 0.11095 0.165269 0.256322 0.172031 0.3503 0.329086 -0.329927 0.571645 0.189418 -0.156968 -1.34067 -0.000984153
internal_weight=16444 12083 4361 3907 121 3085 1855 1230 602 582 3786 454 152 73 1822 1801 136 62 1665 1441 3754 1979 1775 1741 80 50 1958 255 73 42
internal_count=16444 12083 4361 3907 121 3085 1855 1230 602 582 3786 454 152 73 1822 1801 136 62 1665 1441 3754 1979 1775 1741 80 50 1958 255 73 42
is_linear=0
shrinkage=0.05


Tree=85
num_leaves=31
num_cat=0
split_feature=4 1 6 4 0 8 6 1 6 1 2 6 6 8 0 5 1 8 2 4 0 2 2 0 0 1 5 1 7 3
split_gain=217516 27385.3 16493.3 17102.8 12509.7 17280.9 12220.3 12061.6 11801.1 13206 26670.4 12372.3 11288.2 13286.5 21654.1 29571.8 11228.2 11221.4 11199.7 18429.9 39333.2 24068.6 18657.1 41613.8 326065 19902.1 11819.2 37659.6 19025.2 10874.7
threshold=421.50000000000006 59.500000000000007 626.50000000000011 478.50000000000006 19.650000000000002 11.500000000000002 550.50000000000011 284.50000000000006 290.50000000000006 645.50000000000011 35.500000000000007 327.50000000000006 587.50000000000011 4.5000000000000009 21.750000000000004 75.500000000000014 967.00000000000011 10.500000000000002 59.500000000000007 588.50000000000011 24.450000000000003 51.500000000000007 56.500000000000007 22.850000000000005 24.650000000000002 823.50000000000011 70.500000000000014 869.50000000000011 14.500000000000002 27.500000000000004
decision_type=2 2 2 2 2 2 2 2 2 2 2 2 2 2 2 2 2 2 2 2 2 2 2 2 2 2 2 2 2 2
left_child=1 -1 7 -4 6 12 29 -2 -9 11 -11 -10 13 14 -6 -16 18 -15 19 20 21 -5 26 25 -25 -24 -21 28 -28 -3
right_child=2 4 3 16 5 -7 -8 8 9 10 -12 -13 -14 17 15 -17 -18 -19 -20 22 -22 -23 23 24 -26 -27 27 -29 -30 -31
leaf_value=-0.15428411772468978 1.1473295766860248 -0.22526104346596465 1.7406668711939586 -2.7815646171569828 0.16547200450301169 1.2306428071224329 -1.2240180447697639 0.81344831226503145 -1.0504933961059737 -1.0124385833740235 0.93068554280913096 0.1179034143483314 1.2293862269038247 0.14997823851286043 -0.15380132430129581 -2.3428023567906133 1.0002833914065707 -0.22840616051356 0.48887082703285967 0.35153528222359209 0.5306881615748773 -0.43300669603049757 0.46724238776985338 -6.4404843997955332 0.23808436603197514 2.4549920356273653 1.7768681339242243 -1.0248169250985872 0.20135243485371271 0.072944387574567365
leaf_weight=8898 32 649 23 20 75 33 24 68 23 21 111 1521 21 1517 36 27 69 225 949 1048 52 24 34 20 212 20 66 21 27 578
leaf_count=8898 32 649 23 20 75 33 24 68 23 21 111 1521 21 1517 36 27 69 225 949 1048 52 24 34 20 212 20 66 21 27 578
internal_value=-2.86817e-09 -0.109249 0.302696 0.383293 0.016566 0.0962626 -0.106642 0.185385 0.167735 0.141536 0.621552 0.100499 0.0765705 0.0636933 -0.408566 -1.09194 0.371108 0.101105 0.353694 0.270609 -0.400288 -1.50053 0.315088 -0.0466773 -0.337654 1.20345 0.404129 0.88762 1.31946 -0.0847861
internal_weight=16444 12083 4361 2585 3185 1934 1251 1776 1744 1676 132 1544 1901 1880 138 63 2562 1742 2493 1544 96 44 1448 286 232 54 1162 114 93 1227
internal_count=16444 12083 4361 2585 3185 1934 1251 1776 1744 1676 132 1544 1901 1880 138 63 2562 1742 2493 1544 96 44 1448 286 232 54 1162 114 93 1227
is_linear=0
shrinkage=0.05


Tree=86
num_leaves=31
num_cat=0
split_feature=6 4 0 4 2 1 4 7 5 3 1 6 3 0 6 3 0 6 2 1 0 5 0 3 2 2 4 5 6 5
split_gain=197350 25629.9 17049.6 14355.9 12138.5 74637.8 50426.1 18232.6 27362.4 17242.3 14075.1 30687.3 21302.1 19987.2 33238.5 19668.9 25896.1 13704.6 9859.32 12376.8 9791.86 9780.7 12703.3 11974.9 13579.5 9720.46 9455.37 9402.03 17870.6 16599.4
threshold=426.50000000000006 222.50000000000003 29.450000000000003 222.50000000000003 35.500000000000007 846.50000000000011 461.50000000000006 11.500000000000002 66.500000000000014 3.5000000000000004 816.50000000000011 743.50000000000011 36.500000000000007 24.550000000000004 931.50000000000011 20.500000000000004 24.050000000000004 816.50000000000011 72.500000000000014 416.50000000000006 26.050000000000004 8.5000000000000018 33.350000000000001 87.500000000000014 29.500000000000004 78.500000000000014 959.50000000000011 61.500000000000007 416.50000000000006 48.500000000000007
decision_type=2 2 2 2 2 2 2 2 2 2 2 2 2 2 2 2 2 2 2 2 2 2 2 2 2 2 2 2 2 2
left_child=1 -1 3 -2 5 6 -5 9 -9 -8 25 -12 13 14 15 16 17 -13 27 -20 -15 26 23 24 -23 -6 -4 29 -29 -3
right_child=2 18 21 4 10 -7 7 8 -10 -11 11 12 -14 20 -16 -17 -18 -19 19 -21 -22 22 -24 -25 -26 -27 -28 28 -30 -31
leaf_value=-0.13413131167404801 1.526214075017543 0.012332334645231938 0.15931683257116044 -1.5544847626843163 0.18071926693238985 -2.9713496957506456 0.3463574228446103 0.37586234726626944 2.0191786581819708 -1.4846747056394816 1.9849413122981787 -0.37843696281865791 1.2533140749227805 1.3272585692918963 -2.0080896967933293 -1.3590844249725342 -1.2577240036292512 0.90430988331253725 0.26176969888144913 1.4878071598384692 0.42393807162220282 -0.70358398532867428 1.1575678820142874 1.6820452207326888 0.48035122841889444 0.97663004113695573 1.1657378597259522 -0.10343974928234841 -1.5239070713520051 0.53186877079955908
leaf_weight=10375 21 935 351 37 2344 21 36 109 33 20 32 27 61 36 21 20 22 91 196 23 180 25 74 20 776 39 25 286 24 184
leaf_count=10375 21 935 351 37 2344 21 36 109 33 20 32 27 61 36 21 20 22 91 196 23 180 25 74 20 776 39 25 286 24 184
internal_value=5.2455e-10 -0.105036 0.285648 0.223277 0.214532 -0.115379 0.139835 0.456451 0.75776 -0.307583 0.243929 0.487986 0.383396 0.249731 -0.137829 0.107642 0.317175 0.6108 0.0781332 0.390532 0.574491 0.440226 0.530127 0.473574 0.443399 0.193745 0.226233 0.0302569 -0.213411 0.097761
internal_weight=16444 12023 4421 3150 3129 256 235 198 142 56 2873 490 458 397 181 160 140 118 1648 219 216 1271 895 821 801 2383 376 1429 310 1119
internal_count=16444 12023 4421 3150 3129 256 235 198 142 56 2873 490 458 397 181 160 140 118 1648 219 216 1271 895 821 801 2383 376 1429 310 1119
is_linear=0
shrinkage=0.05


Tree=87
num_leaves=31
num_cat=0
split_feature=1 4 6 5 5 2 3 4 2 4 4 1 4 3 6 5 0 8 0 4 8 5 6 0 6 0 3 4 4 6
split_gain=178549 20772.1 21325.8 20110 19582.8 29006.5 31942.8 36127.6 30992.8 18566 16119.7 14609 35461.6 27252.4 17465.4 15436.2 40607.9 28669.5 13594.9 13470.2 13037.6 27312.9 14884.4 11238 36389.6 20408 10641.1 10375.3 9675.48 22316.6
threshold=398.50000000000006 453.50000000000006 472.50000000000006 60.500000000000007 99.500000000000014 59.500000000000007 65.500000000000014 565.50000000000011 40.500000000000007 550.50000000000011 16.500000000000004 808.50000000000011 679.50000000000011 87.500000000000014 855.50000000000011 84.500000000000014 18.650000000000002 4.5000000000000009 18.650000000000002 425.50000000000006 2.5000000000000004 73.500000000000014 305.50000000000006 24.550000000000004 931.50000000000011 24.150000000000002 33.500000000000007 894.50000000000011 828.50000000000011 865.50000000000011
decision_type=2 2 2 2 2 2 2 2 2 2 2 2 2 2 2 2 2 2 2 2 2 2 2 2 2 2 2 2 2 2
left_child=1 2 10 -3 11 8 7 18 9 19 -1 14 -13 23 15 20 26 -18 -7 -6 21 -2 -22 24 25 27 -17 28 -14 -30
right_child=4 3 -4 -5 5 6 -8 -9 -10 -11 -12 12 13 -15 -16 16 17 -19 -20 -21 22 -23 -24 -25 -26 -27 -28 -29 29 -31
leaf_value=-0.14565629667958369 0.018440394154211292 0.18287598946121303 -1.4895048982330732 1.6989577207072029 -0.96540612957694316 -0.23393310407797496 -2.2601156901430204 1.0079794739231918 0.54918140544266003 -1.7433350168741666 -0.015626575676406317 2.304715404033661 0.79459793993785066 -1.3835382143656414 1.3786980087106879 1.1612136371433734 -1.1127949294718831 0.76450813232727777 -1.8556528108460562 0.74744335810343432 1.1792750384749435 -1.8480490416288378 0.21933078322320237 0.51539466066995598 -1.8124466224150226 -1.1465046439852034 2.5379665665626527 1.0657043482043915 0.40556534504784009 -1.5401608566194773
leaf_weight=8219 294 89 28 29 22 24 27 33 183 26 3357 25 49 21 33 32 33 53 28 24 41 21 2675 878 22 21 25 56 56 20
leaf_count=8219 294 89 28 29 22 24 27 33 183 26 3357 25 49 21 33 32 33 53 28 24 41 21 2675 878 22 21 25 56 56 20
internal_value=-2.53912e-09 -0.10457 -0.111282 0.555472 0.259587 -0.0911697 -0.761897 -0.285992 0.203424 -0.675375 -0.107948 0.289145 0.442206 0.400744 0.234354 0.222457 0.730103 0.0441477 -1.10717 -0.0717455 0.198506 -0.105992 0.233822 0.434745 0.118628 0.328944 1.76505 0.500128 0.24675 -0.106468
internal_weight=16444 11722 11604 118 4722 367 112 85 255 72 11576 4355 1148 1123 3207 3174 143 86 52 46 3031 315 2716 1102 224 202 57 181 125 76
internal_count=16444 11722 11604 118 4722 367 112 85 255 72 11576 4355 1148 1123 3207 3174 143 86 52 46 3031 315 2716 1102 224 202 57 181 125 76
is_linear=0
shrinkage=0.05


Tree=88
num_leaves=31
num_cat=0
split_feature=6 4 5 5 0 6 0 3 8 6 4 0 7 0 3 8 8 0 4 5 4 0 3 2 4 3 7 2 7 4
split_gain=161830 21037.7 15103.5 23046.2 23171.3 17628.9 21075.8 44734.3 29818 25174 22728.6 22569.9 30658.9 26302.3 21165.7 15810.9 19958.3 19699.3 15774.6 14167.6 15314.3 13788.2 15118.8 40343.1 14982.7 16745.1 14916.3 13554.9 13237.5 13055.5
threshold=426.50000000000006 222.50000000000003 99.500000000000014 89.500000000000014 17.050000000000004 465.50000000000006 26.250000000000004 92.500000000000014 3.5000000000000004 687.50000000000011 490.50000000000006 18.850000000000005 12.500000000000002 23.750000000000004 20.500000000000004 2.5000000000000004 8.5000000000000018 16.650000000000002 352.50000000000006 37.500000000000007 940.50000000000011 34.250000000000007 73.500000000000014 31.500000000000004 858.50000000000011 47.500000000000007 14.500000000000002 57.500000000000007 12.500000000000002 535.50000000000011
decision_type=2 2 2 2 2 2 2 2 2 2 2 2 2 2 2 2 2 2 2 2 2 2 2 2 2 2 2 2 2 2
left_child=1 -1 3 15 -5 28 7 8 9 14 -9 -10 -13 -14 -7 29 19 -18 -19 20 -17 22 24 -24 25 -21 -25 -27 -4 -2
right_child=2 -3 5 4 -6 6 -8 10 11 -11 -12 12 13 -15 -16 16 17 18 -20 21 -22 -23 23 26 -26 27 -28 -29 -30 -31
leaf_value=-0.12147515212621272 -0.54516221844390322 0.070835415454518089 -0.18569645200456894 2.2803377866744996 0.57804305537954559 -0.79554359551632048 0.81671127620197481 -0.85186039710353167 -2.1330582191050054 1.8961203493453838 -3.0428512883186341 1.0552471701441142 -0.02571154001987342 -2.2011249887446565 1.0734803723437447 0.22414064187005175 -1.4507251965999606 1.4283947840980862 0.10325061095209552 0.38606964398299976 0.79227806496065722 1.7721973029630527 -1.0059962851757354 1.6933374381388526 0.95626694905921961 0.34480989083647728 0.47467216981781857 -1.4176718016465506 1.4401656796855313 0.15806472433362417
leaf_weight=10375 102 1648 21 27 77 33 42 29 20 27 20 29 33 24 28 1473 20 23 953 778 129 21 22 83 109 20 36 24 31 187
leaf_count=10375 102 1648 21 27 77 33 42 29 20 27 20 29 33 24 28 1473 20 23 953 778 129 21 22 83 109 20 36 24 31 187
internal_value=-1.52385e-09 -0.095115 0.258667 0.285215 1.01998 -0.0630514 -0.217522 -0.396279 -0.0553336 0.624997 -1.74614 -0.620137 -0.268294 -0.941675 0.062369 0.266015 0.2939 0.102647 0.134478 0.364582 0.26989 0.503373 0.478517 0.961016 0.405443 0.332402 1.32467 -0.616544 0.783568 -0.090133
internal_weight=16444 12023 4421 4084 104 337 285 243 194 88 49 106 86 57 61 3980 3691 996 976 2695 1602 1093 1072 141 931 822 119 44 52 289
internal_count=16444 12023 4421 4084 104 337 285 243 194 88 49 106 86 57 61 3980 3691 996 976 2695 1602 1093 1072 141 931 822 119 44 52 289
is_linear=0
shrinkage=0.05


Tree=89
num_leaves=31
num_cat=0
split_feature=4 1 3 1 0 6 1 6 0 6 5 8 5 3 0 8 5 2 2 2 2 1 5 0 5 4 8 2 5 4
split_gain=146774 25654.3 13987.1 34596.3 38135.6 26395 27769.4 23218.7 20939.9 24252 16198 14975.7 13892.4 38606.9 73363.8 53194.5 13654.3 17378.8 25372.6 17716.9 13409.2 16143.8 13205.3 12819.8 11943.2 11912.9 21936.3 15016.5 11197.2 32015.2
threshold=494.50000000000006 125.50000000000001 27.500000000000004 488.50000000000006 22.550000000000004 639.50000000000011 621.50000000000011 532.50000000000011 22.150000000000002 535.50000000000011 76.500000000000014 4.5000000000000009 99.500000000000014 24.500000000000004 25.050000000000004 3.5000000000000004 13.500000000000002 47.500000000000007 41.500000000000007 34.500000000000007 61.500000000000007 961.50000000000011 76.500000000000014 21.750000000000004 59.500000000000007 292.50000000000006 2.5000000000000004 64.500000000000014 71.500000000000014 679.50000000000011
decision_type=2 2 2 2 2 2 2 2 2 2 2 2 2 2 2 2 2 2 2 2 2 2 2 2 2 2 2 2 2 2
left_child=1 -1 5 16 7 6 8 -5 9 -3 -6 -10 20 23 15 -15 -4 18 19 -18 21 28 -20 -14 -13 26 27 -19 -2 -30
right_child=12 2 3 4 10 -7 -8 -9 11 -11 -12 24 13 14 -16 -17 17 25 22 -21 -22 -23 -24 -25 -26 -27 -28 -29 29 -31
leaf_value=-0.12194929100016959 0.18525912677320883 -0.16786804483040407 -0.28501790619345119 0.86726355010812939 1.2291826069355012 -1.7530183015899228 1.7970165570576986 3.0554966579984737 -0.86827844816904798 -1.5701951727271082 -0.59593159652525374 0.064490455038859196 1.0718230258739954 -0.081733234362168755 1.5706066751480103 -3.2755789145827294 -0.53727317546543318 -1.3728571525296651 -0.26056305113292877 0.97972638771320009 0.45033713652384616 0.94387685755888617 -1.9069043730867321 -0.15189346624048133 0.50620220424502749 0.50988460243566003 0.34053296167673408 0.0010697502036427344 1.1689816145872585 -0.33831778959794478
leaf_weight=9494 2276 844 186 22 20 22 21 27 39 32 31 1091 49 22 20 32 38 37 21 39 1027 78 29 38 178 328 207 43 98 55
leaf_count=9494 2276 844 186 22 20 22 21 27 39 32 31 1091 49 22 20 32 38 37 21 39 1027 78 29 38 178 328 207 43 98 55
internal_value=3.12561e-10 -0.0804192 0.0407135 0.193267 1.07688 -0.0297062 -0.0125122 2.07302 -0.0299115 -0.219095 0.119799 0.0967892 0.277473 -0.176752 -1.01628 -1.97438 0.0980499 0.194075 -0.338418 0.231077 0.298167 0.23583 -1.21544 0.537326 0.126448 0.304037 0.0687826 -0.634371 0.213093 0.627142
internal_weight=16444 12749 3255 1028 100 2227 2205 49 2184 876 51 1308 3695 161 74 54 928 742 127 77 3534 2507 50 87 1269 615 287 80 2429 153
internal_count=16444 12749 3255 1028 100 2227 2205 49 2184 876 51 1308 3695 161 74 54 928 742 127 77 3534 2507 50 87 1269 615 287 80 2429 153
is_linear=0
shrinkage=0.05


Tree=90
num_leaves=31
num_cat=0
split_feature=4 4 0 3 5 2 1 6 0 6 2 2 4 2 2 4 2 2 2 5 3 0 8 1 2 1 5 5 3 0
split_gain=132463 23367.5 12741.6 16043.4 23276.9 20380.5 24550.6 20498.4 17226.5 37096.4 17335.1 13577.8 13188.4 15990.8 33438.6 13419 17806.5 13488.8 14400.4 12537.9 34842.8 66210.8 48008 12517.3 12101.8 14569.8 11892.6 25659 12770.8 11569.9
threshold=494.50000000000006 64.500000000000014 15.250000000000002 22.500000000000004 46.500000000000007 34.500000000000007 596.50000000000011 441.50000000000006 26.050000000000004 514.50000000000011 60.500000000000007 50.500000000000007 402.50000000000006 47.500000000000007 41.500000000000007 287.50000000000006 55.500000000000007 67.500000000000014 63.500000000000007 99.500000000000014 24.500000000000004 25.050000000000004 3.5000000000000004 529.50000000000011 61.500000000000007 961.50000000000011 97.500000000000014 80.500000000000014 92.500000000000014 21.750000000000004
decision_type=2 2 2 2 2 2 2 2 2 2 2 2 2 2 2 2 2 2 2 2 2 2 2 2 2 2 2 2 2 2
left_child=1 -1 -3 8 -5 7 12 -6 9 -4 11 -11 13 14 -7 26 -17 18 -18 24 29 22 -22 -10 25 -2 27 -15 -28 -21
right_child=19 2 3 4 5 6 -8 -9 23 10 -12 -13 -14 15 -16 16 17 -19 -20 20 21 -23 -24 -25 -26 -27 28 -29 -30 -31
leaf_value=-0.12038476649102321 0.20243818899620433 -0.20417103905274417 -0.061553726767171524 -0.079586548059718848 0.43848709215720494 0.84301086212197951 2.0774396782336026 -1.6280332662165167 0.11160884128250886 -1.3482558529717581 -2.3646683790467002 0.19583067993323011 0.85836854334209711 0.12523439679612486 -1.3773599236057354 1.8195790724320844 0.72349940538406377 1.2456029268793571 -0.69954325510188942 1.0182318790226568 -0.077646529674530035 1.4920763647556305 -3.1117999717593197 0.96735710271323727 0.42782028222142809 0.89668300996224082 0.38161440675563002 1.6035299741319922 -0.74078751921653752 -0.14429879800269479
leaf_weight=8964 2429 512 1210 405 24 30 23 24 848 35 22 24 131 129 39 33 40 39 32 49 22 20 32 45 1027 78 47 38 55 38
leaf_count=8964 2429 512 1210 405 24 30 23 24 848 35 22 24 131 129 39 33 40 39 32 49 22 20 32 45 1027 78 47 38 55 38
internal_value=-1.83872e-09 -0.0763982 0.027775 0.0640586 0.220827 0.398703 0.473682 -0.594773 -0.0141101 -0.1309 -1.16681 -0.720153 0.413509 0.292603 -0.411981 0.410318 0.799856 0.496695 0.091036 0.2636 -0.167915 -0.965463 -1.87566 0.154732 0.283258 0.224038 0.201792 0.461613 -0.223602 0.51046
internal_weight=16444 12749 3785 3273 1089 684 636 48 2184 1291 81 59 613 482 69 413 144 111 72 3695 161 74 54 893 3534 2507 269 167 102 87
internal_count=16444 12749 3785 3273 1089 684 636 48 2184 1291 81 59 613 482 69 413 144 111 72 3695 161 74 54 893 3534 2507 269 167 102 87
is_linear=0
shrinkage=0.05


Tree=91
num_leaves=31
num_cat=0
split_feature=4 1 6 6 1 1 8 0 5 5 3 0 8 5 4 6 6 1 1 1 4 4 0 0 0 2 3 4 0 8
split_gain=119548 21133.1 12399.6 21161.7 35386.7 12954.9 28072.2 12623.6 11372.5 11315.4 31445.6 59755.3 43327.3 11894.6 14250.2 15733.5 12088.2 23940.6 11968 11863.1 18570 11636.6 10441.8 10138.2 27338.9 41127.2 44199 38533 14754.6 18653.9
threshold=494.50000000000006 55.500000000000007 687.50000000000011 639.50000000000011 611.50000000000011 547.50000000000011 5.5000000000000009 15.850000000000003 34.500000000000007 99.500000000000014 24.500000000000004 25.050000000000004 3.5000000000000004 37.500000000000007 921.50000000000011 931.50000000000011 855.50000000000011 831.50000000000011 895.50000000000011 862.50000000000011 776.50000000000011 851.50000000000011 21.750000000000004 22.150000000000002 26.050000000000004 58.500000000000007 52.500000000000007 687.50000000000011 20.750000000000004 4.5000000000000009
decision_type=2 2 2 2 2 2 2 2 2 2 2 2 2 2 2 2 2 2 2 2 2 2 2 2 2 2 2 2 2 2
left_child=1 -1 3 4 5 7 -7 -3 -9 13 22 12 -12 14 15 -2 23 -18 -16 -19 -21 -22 -11 28 25 26 27 -25 29 -15
right_child=9 2 -4 -5 -6 6 -8 8 -10 10 11 -13 -14 16 18 -17 17 19 -20 20 21 -23 -24 24 -26 -27 -28 -29 -30 -31
leaf_value=-0.11555178314962751 0.16903997872928486 -0.18110614336098851 1.1813935300578242 -1.5293096160346813 1.5243326841256559 -1.6431499663326479 0.318031973210541 -0.046207584116311387 0.14612512690572591 0.9673202749417753 -0.07376422055742958 1.4174725174903871 -2.9562100503593687 0.49881380076066739 1.678440150347623 -0.90101803127676261 1.8948920404911043 -0.41630173594720904 0.45038413247185771 1.8836945819166993 0.074672505362149408 0.83945202100099903 -0.13708382515530837 0.59541378383125576 0.36851606952442051 0.65715915551552406 -2.3671143972211417 -1.7569968197080827 1.2734333093599841 -0.8965541390272288
leaf_weight=8819 1855 629 23 22 39 36 37 1338 1806 49 22 20 32 304 22 35 35 31 202 26 98 101 38 49 567 65 36 27 55 26
leaf_count=8819 1855 629 23 22 39 36 37 1338 1806 49 22 20 32 304 22 35 35 31 202 26 98 101 38 49 567 65 36 27 55 26
internal_value=1.68124e-09 -0.0725783 0.0238551 0.0170408 0.0257975 0.0106017 -0.649126 0.0233661 0.0642736 0.25042 -0.159519 -0.91719 -1.78188 0.269095 0.193915 0.149224 0.381019 0.668366 0.570997 0.500677 0.627016 0.462827 0.484937 0.306955 0.199172 -0.343302 -0.923926 -0.240311 0.515241 0.388876
internal_weight=16444 12749 3930 3907 3885 3846 73 3773 3144 3695 161 74 54 3534 2114 1890 1420 291 224 256 225 199 87 1129 744 177 112 76 385 330
internal_count=16444 12749 3930 3907 3885 3846 73 3773 3144 3695 161 74 54 3534 2114 1890 1420 291 224 256 225 199 87 1129 744 177 112 76 385 330
is_linear=0
shrinkage=0.05


Tree=92
num_leaves=31
num_cat=0
split_feature=4 1 4 1 8 2 5 4 3 3 5 5 2 2 3 5 6 3 5 0 2 2 3 1 7 3 0 1 5 1
split_gain=107925 15249.7 11604.8 16360.7 13039.1 12271.5 16954.7 11370.8 11128.1 24306.9 29576.2 15267.8 25134 13560.3 11626.6 11549.1 22187.9 50031.5 17470.2 12411.6 12298.3 15250.6 10938.8 39402.4 21062.7 12254.8 11254 15480.6 12021.6 11892.4
threshold=392.50000000000006 596.50000000000011 624.50000000000011 753.50000000000011 4.5000000000000009 72.500000000000014 59.500000000000007 1.5000000000000002 99.500000000000014 93.500000000000014 59.500000000000007 48.500000000000007 62.500000000000007 50.500000000000007 42.500000000000007 65.500000000000014 631.50000000000011 9.5000000000000018 43.500000000000007 16.950000000000003 62.500000000000007 66.500000000000014 31.500000000000004 577.50000000000011 13.500000000000002 22.500000000000004 17.850000000000005 654.50000000000011 62.500000000000007 564.50000000000011
decision_type=2 2 2 2 2 2 2 2 2 2 2 2 2 2 2 2 2 2 2 2 2 2 2 2 2 2 2 2 2 2
left_child=1 7 3 5 -5 8 -7 -1 9 13 -11 -10 -13 22 15 18 19 -18 -15 -17 -21 -22 25 24 -24 26 -2 28 -28 -30
right_child=2 -3 -4 4 -6 6 -8 -9 11 10 -12 12 -14 14 -16 16 17 -19 -20 20 21 -23 23 -25 -26 -27 27 -29 29 -31
leaf_value=-0.11834219263019229 -0.53936192705793295 1.206170708200206 0.27812987782421267 0.17253965865010801 1.8221439733505251 0.12141098414102328 1.386337260901928 -0.01525865126859376 -0.0286437666571852 -0.12092205847579021 -2.123420514592103 1.8391049373149873 -0.11409350207873754 0.022651014560585693 0.58311802101231391 -1.0204158714839391 0.47444611240178347 -3.0622004318237308 0.51269153439902149 0.85657725903391846 -1.2567800835484553 0.64876598105544137 0.6797263080165501 -2.573230097293854 -0.94490681243570229 1.040308265388012 0.024876499821259057 -1.1109157800674438 0.16840785694122318 1.8041910795122384
leaf_weight=7705 103 23 2494 23 25 69 43 4098 67 54 28 40 28 526 155 21 20 20 278 50 21 21 42 20 38 26 334 27 25 20
leaf_count=7705 103 23 2494 23 25 69 43 4098 67 54 28 40 28 526 155 21 20 20 278 50 21 21 42 20 38 26 334 27 25 20
internal_value=-5.11477e-10 -0.0800452 0.204984 0.119095 1.03171 0.0979945 0.607052 -0.0825516 0.0689648 0.0366301 -0.804702 0.50704 1.03485 0.0761202 0.181387 0.116321 -0.281851 -1.29388 0.192093 0.0763879 0.326745 -0.304007 -0.108222 -0.588226 -0.0919744 -0.0185013 -0.0725859 0.0458326 0.128239 0.895423
internal_weight=16444 11826 4618 2124 48 2076 112 11803 1964 1829 82 135 68 1747 1112 957 153 40 804 113 92 42 635 100 80 535 509 406 379 45
internal_count=16444 11826 4618 2124 48 2076 112 11803 1964 1829 82 135 68 1747 1112 957 153 40 804 113 92 42 635 100 80 535 509 406 379 45
is_linear=0
shrinkage=0.05


Tree=93
num_leaves=31
num_cat=0
split_feature=4 4 6 6 1 1 0 8 8 0 5 0 3 0 3 1 3 5 4 0 5 2 6 4 1 5 2 3 0 5
split_gain=97897.9 17562 11726.5 18403.8 33033.6 11853.4 10759.2 10616.2 19557.4 41840.3 74311.3 92853.3 20765.4 17747.3 17801.3 32899 27325.3 30184.8 16247.2 21153.9 12218.2 10458 10093 11795.3 23219.9 10259.5 19424.5 62959.4 14988 9531.73
threshold=498.50000000000006 64.500000000000014 687.50000000000011 639.50000000000011 611.50000000000011 586.50000000000011 15.850000000000003 8.5000000000000018 4.5000000000000009 23.750000000000004 10.500000000000002 25.550000000000004 1.0000000180025095e-35 20.150000000000002 86.500000000000014 800.50000000000011 66.500000000000014 61.500000000000007 665.50000000000011 25.950000000000003 83.500000000000014 32.500000000000007 305.50000000000006 561.50000000000011 664.50000000000011 71.500000000000014 58.500000000000007 48.500000000000007 18.050000000000004 29.500000000000004
decision_type=2 2 2 2 2 2 2 2 2 2 2 2 2 2 2 2 2 2 2 2 2 2 2 2 2 2 2 2 2 2
left_child=1 -1 3 4 5 6 -3 8 9 21 -11 12 -12 -10 16 -16 17 -15 19 -19 -20 -2 -23 24 -24 -25 28 -28 -27 -8
right_child=7 2 -4 -5 -6 -7 29 -9 13 10 11 -13 -14 14 15 -17 -18 18 20 -21 -22 22 23 25 -26 26 27 -29 -30 -31
leaf_value=-0.1035254479960093 1.0332739019241088 -0.17352649769843881 1.1262345145146051 -1.4244230793281036 1.4374432179985979 -1.1741266253448668 -0.058367021150204361 0.063752422811305762 -0.7160109726963817 0.46002061502500019 -4.4516453140974042 0.13671326379518253 -2.2701912986735504 0.33060459927124652 2.149153224137184 -0.32863860754739671 -1.3503405208173005 2.586636860262264 1.1697585615728583 0.73564419458652364 -0.44832213640213014 1.205415314435959 0.0088341331742703925 0.17303142875029456 -1.8048613697290421 0.48002666564924379 1.4944596494681068 -2.1785919715464117 2.0759361003675769 0.12294441296837233
leaf_weight=8964 39 617 24 22 41 21 1158 775 37 77 20 37 24 1641 37 21 23 33 28 29 20 24 150 517 20 28 28 20 31 1938
leaf_count=8964 39 617 24 22 41 21 1158 775 37 77 20 37 24 1641 37 21 23 33 28 29 20 24 150 517 20 28 28 20 31 1938
internal_value=-6.5994e-10 -0.0652655 0.0244916 0.0175277 0.0259311 0.0104324 0.0171321 0.228046 0.272195 0.0955104 -0.652136 -1.70937 -3.26176 0.368148 0.390044 1.25202 0.361862 0.384353 1.18618 1.72085 0.495558 0.23335 0.195211 0.164676 -0.204542 0.265264 0.710914 -0.0359785 1.31856 0.0551283
internal_weight=16444 12785 3821 3797 3775 3734 3713 3659 2884 1015 158 81 44 1869 1832 58 1774 1751 110 62 48 857 818 794 170 624 107 48 59 3096
internal_count=16444 12785 3821 3797 3775 3734 3713 3659 2884 1015 158 81 44 1869 1832 58 1774 1751 110 62 48 857 818 794 170 624 107 48 59 3096
is_linear=0
shrinkage=0.05


Tree=94
num_leaves=31
num_cat=0
split_feature=4 6 3 1 0 0 6 2 5 1 4 1 6 3 1 4 3 1 8 6 1 4 5 3 2 2 0 7 5 4
split_gain=88353.7 15755.3 10154 24231.6 35166 16190.5 19483.4 14529.4 12677.2 12656.6 18223.7 11369.6 13081.9 51491.9 13255.1 37666.1 12139.5 11324 10350.3 12323.6 16201.7 10907.5 9991.3 28474.9 41914.6 23819.1 11016.4 13662.2 10358.7 13227.3
threshold=494.50000000000006 16.500000000000004 47.500000000000007 488.50000000000006 22.650000000000002 26.050000000000004 639.50000000000011 24.500000000000004 56.500000000000007 449.50000000000006 356.50000000000006 611.50000000000011 535.50000000000011 8.5000000000000018 468.50000000000006 316.50000000000006 10.500000000000002 529.50000000000011 10.500000000000002 360.50000000000006 386.50000000000006 469.50000000000006 99.500000000000014 65.500000000000014 51.500000000000007 40.500000000000007 19.050000000000004 12.500000000000002 37.500000000000007 959.50000000000011
decision_type=2 2 2 2 2 2 2 2 2 2 2 2 2 2 2 2 2 2 2 2 2 2 2 2 2 2 2 2 2 2
left_child=1 -1 5 9 -5 6 11 -7 -9 -4 -11 12 14 -14 18 -16 -17 -10 21 -20 -21 -3 28 25 -25 -24 -27 -28 29 -2
right_child=22 2 3 4 -6 7 -8 8 17 10 -12 -13 13 -15 15 16 -18 -19 19 20 -22 -23 23 24 -26 26 27 -29 -30 -31
leaf_value=-0.10373769153304123 0.14401995934337933 -0.043955785556622939 0.13256237342570557 2.3799345917742829 0.025488869973591396 -1.2102373144030572 -1.5513936436694602 0.085241050794815199 0.36966178216810885 -1.7631080128929832 0.083742543945417691 1.0691730749039423 -2.5525887947082522 0.45574860139326612 2.3363178139641172 -0.3351654002372223 0.64859685657116084 1.4899822273424694 -0.2049299075399223 -2.0950369607834589 -0.47042098702830182 -1.0389694660902025 -1.30302386369024 0.2168229189786044 -2.9458265417814253 1.2965779592141962 1.1544158137362937 -0.36158334864746955 0.33727934363468642 1.0012622664804043
leaf_weight=8208 2068 1687 914 29 35 20 23 985 116 22 34 21 25 33 21 79 52 28 311 21 57 28 21 22 20 33 23 42 1420 46
leaf_count=8208 2068 1687 914 29 35 20 23 985 116 22 34 21 25 33 21 79 52 28 311 21 57 28 21 22 20 33 23 42 1420 46
internal_value=-1.53369e-09 -0.0623947 0.012334 0.15003 1.09235 -0.0282641 -0.103257 0.125638 0.149303 0.0878566 -0.641806 -0.0889928 -0.0995034 -0.840949 -0.0804414 0.370471 0.0553356 0.587502 -0.113017 -0.345869 -0.907818 -0.0602009 0.215283 -0.169924 -1.2892 0.225115 0.552573 0.174847 0.232832 0.162673
internal_weight=16444 12749 4541 1034 64 3507 2358 1149 1129 970 56 2335 2314 58 2256 152 131 144 2104 389 78 1715 3695 161 42 119 98 65 3534 2114
internal_count=16444 12749 4541 1034 64 3507 2358 1149 1129 970 56 2335 2314 58 2256 152 131 144 2104 389 78 1715 3695 161 42 119 98 65 3534 2114
is_linear=0
shrinkage=0.05


Tree=95
num_leaves=31
num_cat=0
split_feature=4 8 0 1 2 5 8 0 5 2 3 3 0 2 1 4 3 2 3 5 3 0 2 5 2 7 5 5 0 8
split_gain=80404.9 15685.2 16482.3 19979.8 18788.4 17164 14626.8 44949.1 71371.4 76708.2 49344.3 48542.3 13951.7 17216.1 18976 18123.8 17489.1 15266.4 13890.1 25130 15825.6 16153.6 28573.1 11941.8 13630.1 18189.9 26750 12968.9 11807.6 11495.3
threshold=263.50000000000006 10.500000000000002 16.450000000000003 280.50000000000006 65.500000000000014 52.500000000000007 4.5000000000000009 23.750000000000004 10.500000000000002 43.500000000000007 7.5000000000000009 99.500000000000014 19.350000000000005 60.500000000000007 426.50000000000006 457.50000000000006 38.500000000000007 78.500000000000014 86.500000000000014 31.500000000000004 76.500000000000014 20.150000000000002 68.500000000000014 40.500000000000007 56.500000000000007 15.500000000000002 61.500000000000007 60.500000000000007 22.150000000000002 7.5000000000000009
decision_type=2 2 2 2 2 2 2 2 2 2 2 2 2 2 2 2 2 2 2 2 2 2 2 2 2 2 2 2 2 2
left_child=-1 6 3 -3 -4 -6 7 12 -9 10 -10 -12 17 14 28 -16 -15 -2 20 -20 21 22 -8 -23 27 29 -27 -25 -14 -26
right_child=1 2 4 -5 5 -7 18 8 9 -11 11 -13 13 16 15 -17 -18 -19 19 -21 -22 23 -24 24 25 26 -28 -29 -30 -31
leaf_value=-0.080812100152373889 0.025606155787957271 0.46112502008676537 -0.11546256504141102 -1.438208560148875 0.0023033997760369229 1.8371858284473419 -2.1110098711028695 0.38316310280719884 0.5310991283204104 -3.9726375460624697 -3.7441054952144626 -0.26048913896083831 0.44170314481383877 -0.40257036519401218 2.2500105781988666 0.72435565698428972 0.69092057331612233 1.1335660742595792 -0.39103333848278699 1.0354710623949765 -1.0388071665763856 0.16387105024342566 0.56168103029020133 0.39155371176947162 0.61460604337766933 0.09500265880548335 -1.4545672872487236 0.99497339329344858 -0.97490521185100087 0.17497411458105694
leaf_weight=10718 1094 20 413 45 26 25 20 87 37 25 20 20 38 102 22 169 57 32 41 125 25 2064 20 251 277 154 34 138 24 321
leaf_count=10718 1094 20 413 45 26 25 20 87 37 25 20 20 38 102 22 169 57 32 41 125 25 2064 20 251 277 154 34 138 24 321
internal_value=1.72261e-09 0.151265 -0.108116 -0.853798 -0.00365626 0.901756 0.177667 0.058766 -0.668899 -1.56625 -0.784951 -2.0023 0.148187 0.397145 0.653373 0.900086 -0.0105642 0.0570935 0.236844 0.683142 0.214421 0.223976 -0.774664 0.236309 0.363552 0.24375 -0.185239 0.60562 -0.106661 0.378616
internal_weight=16444 5726 529 65 464 51 5197 1727 189 102 77 40 1538 412 253 191 159 1126 3470 166 3304 3279 40 3239 1175 786 188 389 62 598
internal_count=16444 5726 529 65 464 51 5197 1727 189 102 77 40 1538 412 253 191 159 1126 3470 166 3304 3279 40 3239 1175 786 188 389 62 598
is_linear=0
shrinkage=0.05


Tree=96
num_leaves=31
num_cat=0
split_feature=4 6 6 6 1 8 8 0 5 0 3 1 0 5 0 0 2 0 3 5 5 2 4 4 0 6 3 2 6 6
split_gain=73295.9 13395.7 10696.3 16066.8 27234.7 9622.17 16031.2 33881.3 60568.1 80950.3 18805.6 16676.5 24327.5 11258.6 19009 24070.6 37980.4 18963.1 16243.6 11970.5 15327.8 18952.9 11318.9 10028.6 17680.9 89744.7 11568.5 9363.75 9284.37 9685.29
threshold=498.50000000000006 1.5000000000000002 687.50000000000011 639.50000000000011 624.50000000000011 8.5000000000000018 4.5000000000000009 23.750000000000004 10.500000000000002 25.550000000000004 1.0000000180025095e-35 453.50000000000006 20.150000000000002 37.500000000000007 25.950000000000003 23.750000000000004 58.500000000000007 27.050000000000004 32.500000000000007 73.500000000000014 63.500000000000007 39.500000000000007 710.50000000000011 921.50000000000011 23.550000000000004 820.50000000000011 1.0000000180025095e-35 32.500000000000007 872.50000000000011 305.50000000000006
decision_type=2 2 2 2 2 2 2 2 2 2 2 2 2 2 2 2 2 2 2 2 2 2 2 2 2 2 2 2 2 2
left_child=1 -1 3 4 -3 6 7 27 -9 10 -10 -8 -13 23 15 16 -15 -16 22 20 21 -19 -18 24 25 -14 -25 -2 29 -29
right_child=5 2 -4 -5 -6 -7 11 8 9 -11 -12 12 13 14 17 -17 18 19 -20 -21 -22 -23 -24 26 -26 -27 -28 28 -30 -31
leaf_value=-0.097955174324418456 0.9603442245568985 -0.00083030662118228579 1.0597239782412848 -1.3466007564555516 1.6216200956931481 0.040909185030527651 1.7622829568386078 0.4106604273781761 -4.1296995544311361 0.17582257019506919 -2.0537379344304401 -1.0781908696697604 0.41740983313038238 -1.2824167013168335 -1.1293841259820121 1.7991338778819359 1.2598882980885044 1.8737299584207081 2.0199265299019991 1.4488815954098335 -1.00769695751369 0.33652198351290386 -0.05209799698420934 0.21018105829303915 0.23511236824471737 -3.3568704037439256 0.97224245264532638 1.1200949423015119 0.95243253053890342 0.099885124541139653
leaf_weight=7716 39 4997 24 22 26 775 20 77 20 37 24 31 63 23 21 56 31 21 27 26 20 444 35 110 829 21 91 24 36 758
leaf_count=7716 39 4997 24 22 26 775 20 77 20 37 24 31 63 23 21 56 31 21 27 26 20 444 35 110 829 21 91 24 36 758
internal_value=-1.45624e-09 -0.0564725 0.00667217 0.00166261 0.0075678 0.197322 0.239354 0.079388 -0.593401 -1.54788 -2.99736 0.326227 0.310693 0.334376 0.490896 0.947832 0.536858 0.343165 0.986786 0.403681 0.34765 0.405944 0.564138 0.235462 0.165072 -0.52616 0.555194 0.203426 0.167338 0.131196
internal_weight=16444 12785 5069 5045 5023 3659 2884 1015 158 81 44 1869 1849 1818 704 172 116 532 93 511 485 465 66 1114 913 84 201 857 818 782
internal_count=16444 12785 5069 5045 5023 3659 2884 1015 158 81 44 1869 1849 1818 704 172 116 532 93 511 485 465 66 1114 913 84 201 857 818 782
is_linear=0
shrinkage=0.05


Tree=97
num_leaves=31
num_cat=0
split_feature=4 4 0 6 1 5 8 5 0 3 6 1 1 5 2 2 4 3 2 2 0 0 6 3 4 1 8 4 5 3
split_gain=66149.6 12267.1 8869.79 10900.2 14831.8 19262.5 12462.4 10876.6 22392.2 10659.9 21943.2 19488.2 13867 13093.5 21034.4 18445.1 11473.8 11453.4 10620.8 10328.9 12428.5 9476.86 13229.4 12928.5 28402.6 14910.4 11150.4 11573.8 8878.98 15178
threshold=498.50000000000006 178.50000000000003 15.850000000000003 510.50000000000006 438.50000000000006 96.500000000000014 2.5000000000000004 64.500000000000014 14.15 27.500000000000004 639.50000000000011 614.50000000000011 621.50000000000011 25.500000000000004 47.500000000000007 42.500000000000007 214.50000000000003 99.500000000000014 33.500000000000007 50.500000000000007 21.750000000000004 21.650000000000002 532.50000000000011 18.500000000000004 402.50000000000006 294.50000000000006 4.5000000000000009 381.50000000000006 76.500000000000014 4.5000000000000009
decision_type=2 2 2 2 2 2 2 2 2 2 2 2 2 2 2 2 2 2 2 2 2 2 2 2 2 2 2 2 2 2
left_child=1 -1 3 4 5 7 -7 -3 -9 10 12 13 21 -11 15 17 -16 18 -15 -18 -21 22 23 -4 25 -25 27 -23 -28 -30
right_child=-2 2 9 -5 -6 6 -8 8 -10 11 -12 -13 -14 14 16 -17 19 -19 -20 20 -22 26 -24 24 -26 -27 28 -29 29 -31
leaf_value=-0.079643766821891934 0.18745581257074562 -0.15367294680764421 0.0043814525864265784 0.80470238373829772 -1.203623794381683 1.396068258782228 -0.15091159414985908 0.41662625491619115 -1.6599100449600734 -0.20415129940078225 -1.5618466616015543 1.776679173409939 1.3362456452846527 -1.1326326779697253 -0.30280288398958916 -1.3460427015058456 1.5208675481665592 0.90324175368462289 0.42262371267591209 0.6903788102604449 0.050547092240135955 -1.4673591984678871 -1.2271336868405343 -0.64965518376519604 0.83220036966460098 -2.3751972851299104 0.083053700694784627 0.13676531776277856 0.14341531172394753 1.683403082440297
leaf_weight=9975 3659 213 396 26 37 30 23 20 37 159 22 20 20 23 43 31 26 28 21 240 111 23 28 31 21 21 1066 22 48 24
leaf_count=9975 3659 213 396 26 37 30 23 20 37 159 22 20 20 23 43 31 26 28 21 240 111 23 28 31 21 21 1066 22 48 24
internal_value=-1.90934e-10 -0.0536489 0.0386284 -0.183982 -0.255387 -0.146766 0.724737 -0.317839 -0.931301 0.0740771 0.00712995 0.238298 0.0274344 0.193184 0.31398 -0.32633 0.471009 0.112713 -0.390351 0.559268 0.488039 0.0118533 -0.171362 -0.108331 -0.719757 -1.34651 0.0888254 -0.683121 0.11935 0.656745
internal_weight=16444 12785 2810 386 360 323 53 270 57 2424 1722 702 1700 682 523 103 420 72 44 377 351 1680 497 469 73 52 1183 45 1138 72
internal_count=16444 12785 2810 386 360 323 53 270 57 2424 1722 702 1700 682 523 103 420 72 44 377 351 1680 497 469 73 52 1183 45 1138 72
is_linear=0
shrinkage=0.05


Tree=98
num_leaves=31
num_cat=0
split_feature=4 4 8 0 5 0 6 8 3 0 0 4 6 0 5 5 2 3 3 5 1 4 4 5 0 6 0 8 5 5
split_gain=59706 11576.1 8775.13 32335.5 59325.7 83044.6 15859.6 12894.9 16050.7 23292.3 11550.5 11221.7 22868.7 9853.64 19409.9 9540.95 18048.1 55567.3 13510.5 8722.58 21138.4 31756.7 24429.6 8433.04 8071.06 64606.5 12110.6 11614.3 23179.7 10016.6
threshold=506.50000000000006 1.5000000000000002 4.5000000000000009 23.750000000000004 10.500000000000002 25.550000000000004 732.50000000000011 8.5000000000000018 99.500000000000014 20.150000000000002 21.050000000000004 561.50000000000011 650.50000000000011 15.65 69.500000000000014 73.500000000000014 58.500000000000007 48.500000000000007 7.5000000000000009 59.500000000000007 770.50000000000011 594.50000000000011 705.50000000000011 48.500000000000007 23.550000000000004 905.50000000000011 26.350000000000005 5.5000000000000009 1.5000000000000002 23.500000000000004
decision_type=2 2 2 2 2 2 2 2 2 2 2 2 2 2 2 2 2 2 2 2 2 2 2 2 2 2 2 2 2 2
left_child=1 -1 3 11 -5 6 -6 8 9 -4 -11 12 13 -2 23 -13 18 -18 -17 24 21 -21 -22 -15 25 -12 29 28 -28 -26
right_child=2 -3 7 4 5 -7 -8 -9 -10 10 19 15 -14 14 -16 16 17 -19 -20 20 22 -23 -24 -25 26 -27 27 -29 -30 -31
leaf_value=-0.089152721327032697 0.75336236285196767 0.0076912916218925265 -1.1015679825842379 0.38075461830798685 -4.1101038116216655 0.157658635603415 -2.1646814487197186 0.053089067727447516 1.4097069703042509 1.3927938072631756 0.36827281359729808 0.18327662103903899 -1.6481083895849147 -0.11041203730211065 -1.484697295271832 0.35166583337954116 1.3735782561557635 -2.0771134957671165 1.7764837645902867 1.2515207903725762 2.2256970235795683 -1.410913277665774 0.4346291578478283 1.0467524719238281 0.38673233817452973 -2.4124528493881225 0.55269403654065996 0.27727735454404412 -1.7992258627712727 1.3161125015616417
leaf_weight=7705 37 5147 30 77 20 37 22 744 32 24 127 552 23 74 23 28 28 20 41 21 33 24 45 20 69 25 22 1324 20 50
leaf_count=7705 37 5147 30 77 20 37 22 744 32 24 127 552 23 74 23 28 28 20 41 21 33 24 45 20 69 25 22 1324 20 50
internal_value=-1.16145e-09 -0.0503684 0.180216 0.0545708 -0.606882 -1.56952 -3.09107 0.228824 0.299651 0.280069 0.303303 0.176541 -0.177489 0.0421489 -0.182765 0.270208 0.680345 -0.06421 1.1983 0.288446 0.694523 -0.168444 1.19239 0.135793 0.257935 -0.0890834 0.293455 0.25131 -0.567268 0.777228
internal_weight=16444 12852 3592 1002 156 79 42 2590 1846 1814 1784 846 177 154 117 669 117 48 69 1760 123 45 78 94 1637 152 1485 1366 42 119
internal_count=16444 12852 3592 1002 156 79 42 2590 1846 1814 1784 846 177 154 117 669 117 48 69 1760 123 45 78 94 1637 152 1485 1366 42 119
is_linear=0
shrinkage=0.05


Tree=99
num_leaves=31
num_cat=0
split_feature=4 8 0 1 2 8 0 2 5 6 1 2 3 5 3 0 2 0 2 3 1 4 2 0 6 5 5 5 2 7
split_gain=54419.6 12770.7 14139.1 17971.5 16954.8 10765.2 34992.5 63525.3 57234.4 41427.8 15527.1 16372 11844.5 21937.7 13705.2 12542.5 24749.3 11783.7 15547.4 16733.8 16521.1 18083.7 13664 10316.5 10291.2 10129.9 10388.5 9818 12371.3 15741.1
threshold=263.50000000000006 10.500000000000002 16.450000000000003 280.50000000000006 67.500000000000014 4.5000000000000009 23.750000000000004 53.500000000000007 77.500000000000014 743.50000000000011 733.50000000000011 37.500000000000007 86.500000000000014 31.500000000000004 76.500000000000014 20.150000000000002 68.500000000000014 19.350000000000005 59.500000000000007 38.500000000000007 426.50000000000006 457.50000000000006 78.500000000000014 22.150000000000002 583.50000000000011 67.500000000000014 84.500000000000014 40.500000000000007 56.500000000000007 15.500000000000002
decision_type=2 2 2 2 2 2 2 2 2 2 2 2 2 2 2 2 2 2 2 2 2 2 2 2 2 2 2 2 2 2
left_child=-1 5 3 -3 24 6 17 8 10 -10 11 -8 14 -14 15 16 -7 22 20 -20 23 -22 -2 -19 -4 -15 -27 -17 -29 -30
right_child=1 2 4 -5 -6 12 7 -9 9 -11 -12 -13 13 25 -16 27 -18 18 19 -21 21 -23 -24 -25 -26 26 -28 28 29 -31
leaf_value=-0.066483321865395115 0.011654404462936592 0.44684059679508209 -0.035787319441298301 -1.3545095503661368 1.062009483531994 -1.9364637497067454 0.46399031900095217 -3.1885045531072791 -3.5016174936294555 -0.42040470242500305 0.82861340060120536 -1.1798114951167789 -0.39247177061511251 1.2838169763737088 -0.98792635536193851 0.13240709875153275 0.55096933364868173 0.41990121756806165 -0.37855384242128243 0.67101600437328734 2.2268626357827865 0.66740903841492571 1.0598560439422726 -0.91115281805396087 -1.0620514159019177 -0.4343152466145429 1.0698917530477048 0.54408227737542914 0.32478697967768516 -0.19974139333167609
leaf_weight=10718 1094 20 404 45 34 20 33 21 20 24 63 28 41 79 25 2064 20 37 110 58 21 162 32 24 26 22 24 389 598 188
leaf_count=10718 1094 20 404 45 34 20 33 21 20 24 63 28 41 79 25 2064 20 37 110 58 21 162 32 24 26 22 24 389 598 188
internal_value=-1.60453e-09 0.124444 -0.109602 -0.800248 -0.0128515 0.148268 0.0462625 -0.595773 -0.271681 -1.82096 0.278061 -0.290542 0.199035 0.611161 0.178329 0.187221 -0.692747 0.12516 0.353959 -0.0162023 0.608824 0.846363 0.0414434 -0.103792 -0.0978405 0.940352 0.350488 0.198088 0.313463 0.199327
internal_weight=16444 5726 529 65 464 5197 1727 189 168 44 124 61 3470 166 3304 3279 40 1538 412 168 244 183 1126 61 430 125 46 3239 1175 786
internal_count=16444 5726 529 65 464 5197 1727 189 168 44 124 61 3470 166 3304 3279 40 1538 412 168 244 183 1126 61 430 125 46 3239 1175 786
is_linear=0
shrinkage=0.05


Tree=100
num_leaves=31
num_cat=0
split_feature=4 1 1 1 1 4 5 3 6 3 0 7 6 4 5 6 0 6 3 3 6 0 0 5 6 6 5 0 7 1
split_gain=49403.3 12200.3 10237.5 16100.9 18439.3 22092.2 19887.4 9235.37 8728.01 32899.6 13808 12485.5 12455.1 8333.27 13124.9 17438.4 57300.7 10682 19669.3 10198 8223.64 7427.45 7362.23 6703.19 6455.19 8260.14 8215.58 7020.93 6404.25 5798.43
threshold=444.50000000000006 271.50000000000006 596.50000000000011 536.50000000000011 485.50000000000006 304.50000000000006 99.500000000000014 6.5000000000000009 468.50000000000006 92.500000000000014 19.350000000000005 12.500000000000002 462.50000000000006 886.50000000000011 24.500000000000004 931.50000000000011 28.750000000000004 911.50000000000011 25.500000000000004 1.0000000180025095e-35 905.50000000000011 26.750000000000004 24.450000000000003 33.500000000000007 290.50000000000006 365.50000000000006 29.500000000000004 18.950000000000003 11.500000000000002 961.50000000000011
decision_type=2 2 2 2 2 2 2 2 2 2 2 2 2 2 2 2 2 2 2 2 2 2 2 2 2 2 2 2 2 2
left_child=2 -2 3 4 8 -6 28 -4 12 11 -11 -10 21 17 19 23 -17 20 -19 22 24 -1 -15 -16 27 26 -26 -3 -7 -18
right_child=1 13 7 -5 5 6 -8 -9 9 10 -12 -13 -14 14 15 16 29 18 -20 -21 -22 -23 -24 -25 25 -27 -28 -29 -30 -31
leaf_value=-0.067212538260011834 1.1708020828150472 0.19651749224373791 0.049570710460344954 -1.1397587976034951 2.0659341993786042 1.4245453357696534 -0.960473926862081 1.5043695902824403 -0.59526293791002693 -2.5084421487081623 -0.67273475006222727 0.83578098263059342 0.93326198244467384 -0.56155979348265606 -0.14148008216704641 -2.8722335773706438 -0.3285896985427193 0.29509264221875975 2.0113478875160218 0.85157694900813308 -0.64047128731334535 0.06749463619122413 0.40369214954919053 0.82137321245436579 0.11394963696085175 0.11055574374200997 -1.0662503015001616 1.3660100823002201 0.3297133802271941 0.72661973714828498
leaf_weight=10836 29 33 24 34 21 22 24 20 27 21 20 35 32 23 28 20 23 101 20 138 37 1130 140 51 29 3411 30 21 34 30
leaf_count=10836 29 33 24 34 21 22 24 20 27 21 20 35 32 23 28 20 23 101 20 138 37 1130 140 51 29 3411 30 21 34 30
internal_value=-5.43546e-10 0.148829 -0.0504662 -0.0532038 -0.0501762 0.622609 0.243736 0.710843 -0.0557915 -0.514095 -1.61298 0.212584 -0.0518571 0.141662 0.344026 -0.0347043 -0.591831 0.116765 0.578771 0.535278 0.101066 -0.0544916 0.267491 0.480109 0.108852 0.10041 -0.486152 0.65132 0.759826 0.268699
internal_weight=16444 4164 12280 12236 12202 101 80 44 12101 103 41 62 11998 4135 453 152 73 3682 121 301 3561 11966 163 79 3524 3470 59 54 56 53
internal_count=16444 4164 12280 12236 12202 101 80 44 12101 103 41 62 11998 4135 453 152 73 3682 121 301 3561 11966 163 79 3524 3470 59 54 56 53
is_linear=0
shrinkage=0.05


Tree=101
num_leaves=31
num_cat=0
split_feature=4 0 6 0 3 5 8 3 7 5 0 3 8 5 1 2 1 6 5 7 5 0 0 1 4 2 1 1 3 3
split_gain=44919.3 15024.5 15070.6 14544.5 12098 11224.4 14597.4 8593.47 10842.9 12027.4 8586.02 10513.3 12669.3 11044.1 9303.39 9240.43 60501.8 21887.2 46145.5 13167.2 12612.8 16825.1 24632.7 21718.8 27181.2 21351.2 18464.9 14667.8 14607.1 13962.3
threshold=214.50000000000003 15.950000000000001 168.50000000000003 9.9500000000000011 75.500000000000014 2.5000000000000004 10.500000000000002 61.500000000000007 11.500000000000002 84.500000000000014 29.450000000000003 93.500000000000014 5.5000000000000009 59.500000000000007 180.50000000000003 35.500000000000007 846.50000000000011 620.50000000000011 76.500000000000014 14.500000000000002 40.500000000000007 16.450000000000003 20.150000000000002 736.50000000000011 287.50000000000006 72.500000000000014 804.50000000000011 820.50000000000011 28.500000000000004 94.500000000000014
decision_type=2 2 2 2 2 2 2 2 2 2 2 2 2 2 2 2 2 2 2 2 2 2 2 2 2 2 2 2 2 2
left_child=-1 3 -3 -2 5 -5 7 8 -7 -10 14 12 -12 -14 -4 16 17 18 -16 20 -17 -22 23 24 -23 29 -24 -25 -28 -26
right_child=1 2 10 4 -6 6 -8 -9 9 -11 11 -13 13 -15 15 19 -18 -19 -20 -21 21 22 26 27 25 -27 28 -29 -30 -31
leaf_value=-0.06366740965928995 1.1457431043897357 1.1373889915041022 0.9007225782530649 0.11537272075609284 0.19516083851873459 -0.76683733124990727 -1.4174504211074428 -1.3555308046936991 -0.24894392179735636 0.88757079305319952 -0.92274636427561441 1.3706446470320226 0.21021176953483503 1.0246486111089241 0.050845359200448331 0.060784806679972103 -2.768507276262556 0.60026584590776166 -1.9187203476826351 -0.018488805490564732 1.3250846823579387 -1.3055747117847205 0.28877492349866163 -1.7221096467587256 0.24757460791054961 1.3344337240057556 0.60259849873702398 -0.034009209004315463 1.6754671379577282 -0.71392217367253408
leaf_weight=10319 21 37 35 98 143 74 38 20 118 29 24 20 1302 43 171 1206 21 103 36 1387 38 32 635 31 192 38 121 22 43 47
leaf_count=10319 21 37 35 98 143 74 38 20 118 29 24 20 1302 43 171 1206 21 103 36 1387 38 32 635 31 192 38 121 22 43 47
internal_value=7.63894e-10 0.107263 0.131638 -0.144326 -0.196425 -0.344958 -0.506651 -0.363039 -0.273221 -0.0247335 0.124929 0.232558 0.215931 0.23625 0.0889751 0.0820842 -0.171271 0.00467099 -0.291688 0.104199 0.174955 0.289793 0.255907 -0.0862528 0.0741426 0.233532 0.410928 -1.02139 0.883899 0.0584937
internal_weight=16444 6125 5584 541 520 377 279 241 221 147 5547 1389 1369 1345 4158 4123 331 310 207 3792 2405 1199 1161 362 309 277 799 53 164 239
internal_count=16444 6125 5584 541 520 377 279 241 221 147 5547 1389 1369 1345 4158 4123 331 310 207 3792 2405 1199 1161 362 309 277 799 53 164 239
is_linear=0
shrinkage=0.05


Tree=102
num_leaves=31
num_cat=0
split_feature=4 1 3 6 1 0 1 5 2 2 6 6 4 6 2 4 5 2 5 6 1 6 5 3 1 1 1 8 0 5
split_gain=40968.3 8594.23 7694.84 28381.9 17085.9 9825.96 10223.9 7641.62 8290.92 23086.2 14062.2 13853.1 8138.29 9485.49 7116.54 12815.6 15103.3 7073.91 6949.69 16289.3 16132.8 15212 12542.9 12394.6 7672.55 11909.1 9280.67 7102.34 7686.92 19722
threshold=506.50000000000006 1.0000000180025095e-35 47.500000000000007 642.50000000000011 692.50000000000011 23.350000000000005 596.50000000000011 30.500000000000004 47.500000000000007 42.500000000000007 542.50000000000011 365.50000000000006 457.50000000000006 506.50000000000006 36.500000000000007 124.50000000000001 39.500000000000007 23.500000000000004 81.500000000000014 438.50000000000006 429.50000000000006 550.50000000000011 97.500000000000014 8.5000000000000018 336.50000000000006 305.50000000000006 379.50000000000006 10.500000000000002 17.750000000000004 75.500000000000014
decision_type=2 2 2 2 2 2 2 2 2 2 2 2 2 2 2 2 2 2 2 2 2 2 2 2 2 2 2 2 2 2
left_child=1 -1 4 7 5 14 17 -4 9 -9 12 -11 13 -10 15 -3 -17 -7 21 20 24 27 -21 -24 25 -20 -26 28 29 -16
right_child=-2 2 3 -5 -6 6 -8 8 10 11 -12 -13 -14 -15 18 16 -18 -19 19 22 -22 -23 23 -25 26 -27 -28 -29 -30 -31
leaf_value=-0.075695774507541405 0.14928207021128315 0.1334411485741536 -0.11736470476574178 1.941388800882158 -1.4830199745297432 -0.83972826935350897 1.0315362040643339 0.23178359544412658 0.19016704699367185 -0.27139921387036642 1.3199223536869575 -2.0084201693534851 0.97210003347136087 -0.91678403377532958 -0.10898026486996981 -0.25193661078810692 -1.9612533820172151 0.062218040659478217 0.049039635432159737 1.8280071877688169 -1.1312577755220476 -1.490441078543663 -0.41690239994614214 1.0089216600145612 1.2619749157517046 -1.1870913355123429 -0.074957315281033526 -0.3130237743693674 0.074644467988270957 -1.4016204870606384
leaf_weight=7603 3592 42 329 21 20 22 27 110 598 24 29 22 32 20 613 28 24 1832 270 20 31 20 27 35 27 21 25 321 628 31
leaf_count=7603 3592 42 329 21 20 22 27 110 598 24 29 22 32 20 613 28 24 1832 270 20 31 20 27 35 27 21 25 321 628 31
internal_value=9.84197e-10 -0.0417228 0.00748596 0.119597 -0.025204 -0.0179942 0.0655826 0.0867299 0.167146 -0.161555 0.242664 -1.10215 0.194602 0.154343 -0.0906747 -0.516168 -1.04085 0.0515153 -0.0713435 0.101005 -0.0389246 -0.120067 0.73922 0.387998 0.0597993 -0.0401657 0.619219 -0.102862 -0.0498258 -0.171204
internal_weight=16444 12852 5249 1185 4064 4044 1881 1164 835 156 679 46 650 618 2163 94 52 1854 2069 456 374 1613 82 62 343 291 52 1593 1272 644
internal_count=16444 12852 5249 1185 4064 4044 1881 1164 835 156 679 46 650 618 2163 94 52 1854 2069 456 374 1613 82 62 343 291 52 1593 1272 644
is_linear=0
shrinkage=0.05


Tree=103
num_leaves=31
num_cat=0
split_feature=4 1 3 6 1 0 2 1 2 5 1 2 3 6 4 5 1 4 2 7 3 3 1 2 0 5 4 1 5 0
split_gain=36973.9 7756.29 6944.6 25614.7 15420 8934.78 11319.8 10202.5 6902.81 15110.8 49431.1 71155.6 51767.4 11418 11009.1 8911.21 17139.5 12761.3 7062.86 17719 9508.62 7006.91 23732.7 53523.8 50366.4 19719.2 15339 29672.1 19065.5 14610.8
threshold=506.50000000000006 1.0000000180025095e-35 47.500000000000007 642.50000000000011 692.50000000000011 25.050000000000004 23.500000000000004 596.50000000000011 61.500000000000007 64.500000000000014 710.50000000000011 70.500000000000014 38.500000000000007 811.50000000000011 959.50000000000011 34.500000000000007 569.50000000000011 561.50000000000011 67.500000000000014 12.500000000000002 5.5000000000000009 4.5000000000000009 851.50000000000011 41.500000000000007 23.750000000000004 52.500000000000007 748.50000000000011 784.50000000000011 47.500000000000007 28.850000000000005
decision_type=2 2 2 2 2 2 2 2 2 2 2 2 2 2 2 2 2 2 2 2 2 2 2 2 2 2 2 2 2 2
left_child=1 -1 4 -4 5 -3 -7 -8 14 15 11 12 -11 -12 21 -10 17 -17 20 -20 -18 25 26 -24 -25 -2 27 -23 -28 -26
right_child=8 2 3 -5 -6 6 7 -9 9 10 13 -13 -14 -15 -16 16 18 -19 19 -21 -22 22 23 24 29 -27 28 -29 -30 -31
leaf_value=-0.071910986850704781 0.087138810306843062 -0.074223080839863578 0.082393356236906024 1.8443193634351094 -1.4088690036535265 -1.101992287784815 0.078704684919745388 1.1180580035162471 0.16824239509041394 -0.57546385119358701 1.8113115270932516 1.2174328904300928 -3.623673687989895 0.21485844524133776 0.90055154647145952 0.59708890623516508 0.19559587508956822 1.8805589928346522 0.64181408715598731 -1.0253564103444417 0.76151635747689472 0.031247281908805269 -3.0072800626792016 -2.0620167869946053 1.0448502618074418 0.65289872954117845 0.21020149085803755 -1.9240809965133669 1.4248239300435497 -0.188824747496595
leaf_weight=7603 1341 2542 1164 21 20 20 1458 24 463 30 24 25 26 21 42 45 173 34 34 30 130 649 20 29 40 174 140 20 42 60
leaf_count=7603 1341 2542 1164 21 20 20 1458 24 463 30 24 25 26 21 42 45 173 34 34 30 130 649 20 29 40 174 140 20 42 60
internal_value=8.06667e-11 -0.0396366 0.00711166 0.113617 -0.0239438 -0.0170945 0.0795905 0.0955363 0.141818 0.250764 -0.262382 -1.00054 -1.9907 1.0663 0.0977199 0.321893 0.4814 1.14947 0.337592 -0.139672 0.4384 0.0843128 -0.0184109 -0.600534 -0.227395 0.152117 0.083512 -0.027208 0.490499 0.304645
internal_weight=16444 12852 5249 1185 4064 4044 1502 1482 3592 1035 126 81 56 45 2557 909 446 79 367 64 303 2515 1000 149 129 1515 851 669 182 100
internal_count=16444 12852 5249 1185 4064 4044 1502 1482 3592 1035 126 81 56 45 2557 909 446 79 367 64 303 2515 1000 149 129 1515 851 669 182 100
is_linear=0
shrinkage=0.05


Tree=104
num_leaves=31
num_cat=0
split_feature=1 6 5 0 0 4 0 5 5 3 6 0 2 1 6 5 8 3 6 7 5 6 4 3 5 1 5 1 2 0
split_gain=33624.7 14325 18818.8 13115.9 15771.4 14166.2 13243.8 10073.3 22738.9 9649.24 9058.24 8169.75 12748.6 49922.7 24848.4 42762.8 49864.3 12753 20735.2 11996.3 14485.5 11788.1 31212.2 10074.6 14742.4 10478.1 13787.7 13759.3 14774.9 11832.2
threshold=234.50000000000003 188.50000000000003 52.500000000000007 15.250000000000002 10.350000000000003 433.50000000000006 11.850000000000003 49.500000000000007 77.500000000000014 1.5000000000000002 413.50000000000006 29.450000000000003 35.500000000000007 846.50000000000011 563.50000000000011 56.500000000000007 10.500000000000002 27.500000000000004 914.50000000000011 11.500000000000002 40.500000000000007 862.50000000000011 839.50000000000011 29.500000000000004 61.500000000000007 267.50000000000006 48.500000000000007 290.50000000000006 59.500000000000007 16.850000000000005
decision_type=2 2 2 2 2 2 2 2 2 2 2 2 2 2 2 2 2 2 2 2 2 2 2 2 2 2 2 2 2 2
left_child=-1 2 -2 4 -3 7 -7 -6 -9 -8 -11 12 13 14 15 -5 -17 -14 21 -16 -21 23 -23 24 -19 26 -25 28 -27 -29
right_child=1 3 -4 11 5 6 9 8 -10 10 -12 -13 17 -15 19 16 -18 18 -20 20 -22 22 -24 25 -26 27 -28 29 -30 -31
leaf_value=-0.054099922161435776 -0.058259379743568367 0.98995602035522468 1.6450846062863578 0.013479035994876177 -0.14564783784250421 -1.0993940861821174 -0.85682515218144373 -2.1797410570341968 -0.42620147162792732 1.1339008858570687 0.095275568435771757 0.20979761119459225 0.034893235772528418 -2.5870028790973483 -0.42039956729859118 -3.6479344773292541 -0.35398584317277981 0.28669680292541916 1.4871665365993978 0.17781015225976218 1.3529391492190568 -1.9599937233057891 0.57710210619908242 0.026697771051632509 1.9716009020805361 -1.7128876173496246 1.5459765939041974 0.64039008400236919 0.18600100960050311 0.12528238043565662
leaf_weight=10457 31 25 34 125 48 25 21 29 51 26 109 1387 2680 21 32 20 27 37 32 61 46 22 27 28 20 20 32 129 21 821
leaf_count=10457 31 25 34 125 48 25 21 29 51 26 109 1387 2680 21 32 20 27 37 32 61 46 22 27 28 20 20 32 129 21 821
internal_value=5.37993e-10 0.0944919 0.832721 0.0863891 -0.217972 -0.315701 -0.031004 -0.71828 -1.06186 0.140212 0.295307 0.104581 0.0698428 -0.227499 -0.0681755 -0.46995 -1.75567 0.0953577 0.231644 0.428984 0.683006 0.19692 -0.562002 0.230482 0.877891 0.19537 0.83698 0.156524 -0.740286 0.195229
internal_weight=16444 5987 65 5922 334 309 181 128 80 156 135 5588 4201 332 311 172 47 3869 1189 139 107 1157 49 1108 57 1051 60 991 41 950
internal_count=16444 5987 65 5922 334 309 181 128 80 156 135 5588 4201 332 311 172 47 3869 1189 139 107 1157 49 1108 57 1051 60 991 41 950
is_linear=0
shrinkage=0.05


Tree=105
num_leaves=31
num_cat=0
split_feature=4 2 7 5 6 1 6 1 1 0 0 1 0 8 5 8 3 2 0 5 3 0 0 5 6 0 3 2 6 5
split_gain=30590.8 8752.86 13170.1 17425.2 11443.7 9804.29 7695.69 15243.8 21147.3 7181.73 55585.1 83290.1 19055.2 18927 18147.9 14007.2 34000 39162.2 12219.8 10616.8 8314.8 17342.2 26119.6 12343.1 6759.7 6627.46 16611.6 28526.6 15625.3 15051.8
threshold=553.50000000000011 61.500000000000007 15.500000000000002 48.500000000000007 379.50000000000006 961.50000000000011 732.50000000000011 682.50000000000011 650.50000000000011 22.850000000000005 23.450000000000003 789.50000000000011 21.850000000000005 4.5000000000000009 67.500000000000014 4.5000000000000009 39.500000000000007 49.500000000000007 17.650000000000002 57.500000000000007 45.500000000000007 27.950000000000003 29.450000000000003 47.500000000000007 453.50000000000006 19.750000000000004 40.500000000000007 70.500000000000014 677.50000000000011 41.500000000000007
decision_type=2 2 2 2 2 2 2 2 2 2 2 2 2 2 2 2 2 2 2 2 2 2 2 2 2 2 2 2 2 2
left_child=6 4 24 -4 -2 9 7 8 -1 12 11 -11 13 14 19 16 17 -12 -16 -6 -17 23 -23 -22 -3 26 29 28 -28 -26
right_child=1 2 3 -5 5 -7 -8 -9 -10 10 15 -13 -14 -15 18 20 -18 -19 -20 -21 21 22 -24 -25 25 -27 27 -29 -30 -31
leaf_value=-0.035541369297096156 -0.86600968953101864 1.1056408364197303 0.056410740629459423 -1.5376939243078231 0.10232179373609446 0.65199523432514617 0.72941767410798519 -1.1608894435564678 1.2934730446338654 0.0045429368037730455 0.41697323322296143 -4.1086433589458471 0.97684391232109391 -1.3111594284122641 0.22843777367046902 0.092953943589366622 -2.1073686892787618 -1.8872632990712708 1.4207799757068809 -0.99224604070186617 0.57415024927258496 -1.3405084251165391 0.92299863650248604 1.9737192440939986 -0.22345999616843004 0.39735198608972766 -0.2941043432056904 0.73452358160700115 -2.2050112409436187 1.4333012848064817
leaf_weight=13203 31 29 120 20 288 78 33 30 30 32 93 20 76 22 42 1343 24 23 44 24 50 25 26 23 26 589 20 28 23 29
leaf_count=13203 31 29 120 20 288 78 33 30 30 32 93 20 76 22 42 1343 24 23 44 24 50 25 26 23 26 589 20 28 23 29
internal_value=1.40065e-10 0.140154 0.27358 -0.171318 0.0880565 0.101302 -0.0331832 -0.0350807 -0.0325284 0.0813692 0.0314603 -1.57745 0.248303 0.116471 0.195386 0.0835221 -0.394324 -0.0399013 0.838473 0.0181243 0.129124 0.520873 -0.186564 1.01511 0.357297 0.326945 -0.00218181 -0.507474 -1.31622 0.650105
internal_weight=16444 3148 884 140 2264 2233 13296 13263 13233 2155 1659 52 496 420 398 1607 140 116 86 312 1467 124 51 73 744 715 126 71 43 55
internal_count=16444 3148 884 140 2264 2233 13296 13263 13233 2155 1659 52 496 420 398 1607 140 116 86 312 1467 124 51 73 744 715 126 71 43 55
is_linear=0
shrinkage=0.05


Tree=106
num_leaves=31
num_cat=0
split_feature=4 0 6 0 5 5 7 5 5 8 1 4 2 2 5 1 6 1 7 0 5 2 8 0 5 2 8 5 3 3
split_gain=28407.8 11565.4 13289.3 12475.4 10737.5 26935.6 34662.8 10651.8 9411.77 10005.4 8065.08 7104.23 7055.11 7945.11 52313.5 37183.5 61400.5 13147.6 7519.18 7923.71 8056.18 7245.65 9072.76 17287.6 17006.6 30506.9 12703.1 19436.8 22359.3 9822.14
threshold=214.50000000000003 15.850000000000003 168.50000000000003 9.9500000000000011 81.500000000000014 64.500000000000014 13.500000000000002 58.500000000000007 2.5000000000000004 10.500000000000002 180.50000000000003 276.50000000000006 20.500000000000004 35.500000000000007 68.500000000000014 750.50000000000011 609.50000000000011 465.50000000000006 14.500000000000002 29.850000000000005 56.500000000000007 61.500000000000007 8.5000000000000018 16.450000000000003 61.500000000000007 65.500000000000014 4.5000000000000009 76.500000000000014 16.500000000000004 4.5000000000000009
decision_type=2 2 2 2 2 2 2 2 2 2 2 2 2 2 2 2 2 2 2 2 2 2 2 2 2 2 2 2 2 2
left_child=-1 3 -3 -2 5 7 -7 8 -5 -10 -4 -6 -12 14 -14 16 17 -16 21 -20 -21 -15 23 -23 -24 -26 27 -25 -29 -28
right_child=1 2 10 4 11 6 -8 -9 9 -11 12 -13 13 18 15 -17 -18 -19 19 20 -22 22 24 26 25 -27 29 28 -30 -31
leaf_value=-0.050631335473847232 1.0535415615354267 1.050684690535874 0.84590976834297182 0.1443711080541045 -0.50233177931412409 -2.4857566786805787 -0.10165157923775335 0.90629711047462802 -0.29057130757180943 -1.400583933229032 1.0324874289333821 0.49761752631419748 0.14127723537598094 0.10217308653345136 -0.78046874160116375 -2.5704325226045426 1.546336381075283 -2.5517689609527587 -0.01954829502492187 0.16823030648794904 1.0214141215880712 1.6914594608804454 0.21030827126879661 0.25097777055450748 -1.8484702163934708 0.5719022299932397 0.21884086658065388 0.51166319847106934 -1.5734349777301153 0.61847824143057739
leaf_weight=10319 21 37 36 118 23 30 31 23 173 23 20 78 438 1987 22 31 24 20 1496 356 30 23 198 163 30 23 308 20 36 307
leaf_count=10319 21 37 36 118 23 30 31 23 173 23 20 78 438 1987 22 31 24 20 1496 356 30 23 198 163 30 23 308 20 36 307
internal_value=-1.36161e-09 0.0853004 0.106228 -0.14027 -0.190511 -0.307351 -1.27416 -0.132349 -0.208428 -0.420828 0.0999515 0.269906 0.0950971 0.0916959 -0.0913974 -1.14203 -0.471115 -1.62395 0.111377 0.0325654 0.23454 0.159301 0.26175 0.339181 -0.00262676 -0.79812 0.301888 -0.0251188 -0.828757 0.418335
internal_weight=16444 6125 5605 520 499 398 61 337 314 196 5568 101 5532 5512 535 97 66 42 4977 1882 386 3095 1108 857 251 53 834 219 56 615
internal_count=16444 6125 5605 520 499 398 61 337 314 196 5568 101 5532 5512 535 97 66 42 4977 1882 386 3095 1108 857 251 53 834 219 56 615
is_linear=0
shrinkage=0.05


Tree=107
num_leaves=31
num_cat=0
split_feature=1 6 5 0 0 0 4 4 1 6 6 5 1 4 1 3 3 8 5 2 5 2 4 2 0 3 8 5 6 1
split_gain=25769 12529.2 16867.7 11192 9371.75 15031.2 9613.74 11511.7 22858.3 18813.6 24283.4 22614.2 13674 12180.6 10563.4 14892.6 12166.8 22769.1 10528.8 7576.81 11071.2 10431.7 22778.3 11004.3 7574.85 22800.9 21323.4 28068.5 43657.3 65373.5
threshold=234.50000000000003 188.50000000000003 52.500000000000007 19.450000000000003 10.350000000000003 11.850000000000003 433.50000000000006 416.50000000000006 529.50000000000011 468.50000000000006 438.50000000000006 99.500000000000014 429.50000000000006 328.50000000000006 259.50000000000006 29.500000000000004 3.5000000000000004 1.5000000000000002 88.500000000000014 74.500000000000014 49.500000000000007 67.500000000000014 650.50000000000011 66.500000000000014 20.950000000000003 42.500000000000007 4.5000000000000009 77.500000000000014 613.50000000000011 828.50000000000011
decision_type=2 2 2 2 2 2 2 2 2 2 2 2 2 2 2 2 2 2 2 2 2 2 2 2 2 2 2 2 2 2
left_child=-1 2 -2 4 -3 -6 7 8 9 10 12 -11 13 14 15 -7 -16 -18 -15 21 -21 23 -23 -8 25 -5 27 -26 -29 -30
right_child=1 3 -4 24 5 6 19 -9 -10 11 -12 -13 -14 18 16 -17 17 -19 -20 20 -22 22 -24 -25 26 -27 -28 28 29 -31
leaf_value=-0.047360451689891843 -0.070402201529472117 0.91023015785217298 1.5422264001387007 0.052482846040183155 -1.0894710002626693 -0.42603549030092031 0.062481363571460752 -0.99891448057300991 1.4386964250694623 0.1359658867120743 1.4080077414512635 -2.0653768105166299 -1.243986255547096 0.070166825443025563 0.17149577680088224 1.1819205059049032 -2.2706214242360807 -0.48898259905579783 1.3064405262470247 -0.033318029860189807 1.5387012514330092 0.027568883413360237 -1.7561700601577759 1.1997307803143156 0.00075209474732689831 0.90980238344134967 0.1305182476645968 -2.2565798913687467 0.89999051239755412 -2.5356392490863802
leaf_weight=10457 31 25 34 234 35 36 642 42 22 20 25 28 29 124 42 24 22 97 20 24 21 63 25 22 282 116 3797 40 45 20
leaf_count=10457 31 25 34 234 35 36 642 42 22 20 25 28 29 124 42 24 22 97 20 24 21 63 25 22 282 116 3797 40 45 20
internal_value=2.51169e-10 0.0827206 0.773127 0.0751427 -0.0490897 -0.0666854 -0.0397295 -0.204545 -0.136317 -0.210515 -0.103101 -1.14815 -0.198983 -0.115956 -0.34911 0.217147 -0.560138 -0.818361 0.241872 0.0700788 0.700291 0.0323666 -0.479175 0.100161 0.113174 0.336623 0.0944822 -0.259081 -0.956918 -0.157126
internal_weight=16444 5987 65 5922 1388 1363 1328 531 489 467 419 48 394 365 221 60 161 119 144 797 45 752 88 664 4534 350 4184 387 105 65
internal_count=16444 5987 65 5922 1388 1363 1328 531 489 467 419 48 394 365 221 60 161 119 144 797 45 752 88 664 4534 350 4184 387 105 65
is_linear=0
shrinkage=0.05


Tree=108
num_leaves=31
num_cat=0
split_feature=1 6 4 6 5 4 6 5 0 5 2 5 0 3 6 3 3 0 0 1 6 2 4 4 0 0 5 6 0 0
split_gain=23456.2 10039.2 13178.9 10309.3 31643.9 7831.47 19048.9 16239.8 6998.55 10551.4 9511.14 26031.6 35310.4 79701.1 20707.5 11785.1 38053.1 19588.7 16426.6 14234.2 18687.3 14075.3 19692.4 12125.9 10786.3 9765.97 16301.5 9015.24 8847.95 12030.3
threshold=398.50000000000006 290.50000000000006 461.50000000000006 345.50000000000006 64.500000000000014 453.50000000000006 472.50000000000006 60.500000000000007 33.350000000000001 9.5000000000000018 35.500000000000007 58.500000000000007 28.550000000000004 39.500000000000007 620.50000000000011 72.500000000000014 66.500000000000014 18.550000000000004 16.350000000000005 743.50000000000011 828.50000000000011 57.500000000000007 617.50000000000011 300.50000000000006 14.950000000000001 22.050000000000004 77.500000000000014 472.50000000000006 20.350000000000005 22.650000000000002
decision_type=2 2 2 2 2 2 2 2 2 2 2 2 2 2 2 2 2 2 2 2 2 2 2 2 2 2 2 2 2 2
left_child=5 2 -2 4 -3 6 -1 -7 10 -10 11 -5 13 14 -13 16 23 18 24 25 -21 -20 -23 -12 -17 27 -27 -19 -25 -30
right_child=1 3 -4 8 -6 7 -8 -9 9 -11 15 12 -14 -15 -16 17 -18 19 21 20 -22 22 -24 28 -26 26 -28 -29 29 -31
leaf_value=-0.038872140362485492 1.6106967422962191 0.27550881465276084 0.16074852809487356 0.10420052989096991 -1.943136525273323 0.032547761181767068 -1.3445948490074704 1.3949563366071933 0.037977322061048001 0.8465636268454162 0.94800010774193744 -1.0332982662952308 0.51308471419745028 -3.6436956029671892 1.0056192350387574 -0.054712624983354052 -1.5875936546746423 0.14054549264907837 0.23069413648201872 2.2164001756700977 0.4886718590250787 -0.29591119889702117 -2.2626724204421045 -0.077043800947523833 1.2795308617608887 0.49469710019615931 -0.82115148650482306 1.3345580186954766 0.41514991037308785 0.086091498539723088
leaf_weight=11576 25 45 42 290 25 89 28 29 86 76 41 33 36 26 20 33 34 25 39 29 34 35 20 693 28 89 32 43 312 2531
leaf_count=11576 25 45 42 290 25 89 28 29 86 76 41 33 36 26 20 33 34 25 39 29 34 35 20 693 28 89 32 43 312 2531
internal_value=-5.29878e-10 0.0940877 0.701774 0.0853412 -0.516865 -0.0379016 -0.0420228 0.367377 0.0945352 0.417314 0.0827128 -0.14823 -0.784796 -1.37623 -0.263895 0.105991 0.0772425 0.361055 -0.0812382 0.6331 1.28398 -0.495886 -1.0111 0.0930671 0.557727 0.416142 0.146704 0.895583 0.0831541 0.122203
internal_weight=16444 4722 67 4655 70 11722 11604 118 4585 162 4423 405 115 79 53 4018 3611 407 155 252 63 94 55 3577 61 189 121 68 3536 2843
internal_count=16444 4722 67 4655 70 11722 11604 118 4585 162 4423 405 115 79 53 4018 3611 407 155 252 63 94 55 3577 61 189 121 68 3536 2843
is_linear=0
shrinkage=0.05


Tree=109
num_leaves=31
num_cat=0
split_feature=4 1 6 1 1 2 7 5 6 1 0 0 5 0 8 5 8 3 2 0 5 3 0 0 5 3 1 1 1 4
split_gain=21301.6 7845.16 6798.06 14026.3 18365 6156.85 12662.8 14760 9906.2 8905.49 6483.62 52674.9 82693 16975.5 17327 16821.6 11953.4 36935.4 35407.2 10093.2 9004.85 7070.5 14714.7 22570.8 10868.3 6659.5 6376.06 8360.81 6315.66 12763
threshold=553.50000000000011 345.50000000000006 732.50000000000011 682.50000000000011 650.50000000000011 61.500000000000007 15.500000000000002 48.500000000000007 379.50000000000006 961.50000000000011 22.850000000000005 23.450000000000003 30.500000000000004 21.850000000000005 4.5000000000000009 67.500000000000014 4.5000000000000009 39.500000000000007 49.500000000000007 17.650000000000002 57.500000000000007 45.500000000000007 27.950000000000003 29.550000000000004 47.500000000000007 10.500000000000002 753.50000000000011 846.50000000000011 677.50000000000011 713.50000000000011
decision_type=2 2 2 2 2 2 2 2 2 2 2 2 2 2 2 2 2 2 2 2 2 2 2 2 2 2 2 2 2 2
left_child=2 -2 3 4 -1 8 -7 -8 -3 10 13 12 -12 14 15 20 17 18 26 -17 28 -18 24 -24 -23 -15 -13 -28 -10 -30
right_child=1 5 -4 -5 -6 6 7 -9 9 -11 11 16 -14 25 -16 19 21 -19 -20 -21 -22 22 23 -25 -26 -27 27 -29 29 -31
leaf_value=-0.029833289302829736 0.95015901614512721 -0.82169727990704211 0.68905660853241435 -1.109388214747111 1.2086709213256837 0.3063940939079699 -0.0032370581956846379 -1.4712581774592399 -0.13384386218518396 0.60312036199447439 0.40419916880245393 -0.1336541359765189 -3.6232764036655425 0.446272506898171 -1.2716451947492633 0.22868413227360423 0.070709243701986391 -2.3139623233250211 -1.7916904028343119 1.3190565651113337 -0.93128264645735426 0.51956261903047563 -1.1747164260458065 0.93265392780303957 1.853149902278727 1.3886586421244855 1.281149470998395 0.077651043946820278 1.3276252220456417 0.085397936459077464
leaf_weight=13203 28 31 33 30 30 727 119 20 158 78 26 35 25 38 22 41 1343 21 23 44 24 50 27 24 22 37 31 27 26 101
leaf_count=13203 28 31 33 30 30 727 119 20 158 78 26 35 25 38 22 41 1343 21 23 44 24 50 27 24 22 37 31 27 26 101
internal_value=-1.08316e-09 0.116954 -0.0276904 -0.0294738 -0.0270255 0.109477 0.222792 -0.214463 0.0659401 0.0783183 0.0592346 0.0118717 -1.57005 0.218783 0.0939511 0.170203 0.0622012 -0.384436 -0.0351255 0.793112 -0.00114779 0.10394 0.466779 -0.183013 0.927048 0.911183 0.399294 0.7209 0.0771794 0.339712
internal_weight=16444 3148 13296 13263 13233 3120 866 139 2254 2223 2145 1654 51 491 416 394 1603 137 116 85 309 1466 123 51 72 75 93 58 285 127
internal_count=16444 3148 13296 13263 13233 3120 866 139 2254 2223 2145 1654 51 491 416 394 1603 137 116 85 309 1466 123 51 72 75 93 58 285 127
is_linear=0
shrinkage=0.05


Tree=110
num_leaves=31
num_cat=0
split_feature=4 0 5 5 7 5 2 2 6 2 5 8 8 1 1 2 0 3 7 8 0 6 1 5 0 3 1 0 2 1
split_gain=19899.4 7236.02 11718.3 13252.7 24902.1 12682.4 6935.49 9486.56 13570.7 6375.94 7227.79 12063.3 30274.8 32049.8 30946.3 26631.1 23306.5 14961.7 14826.1 18109.3 31831.2 21959.1 11564.3 10310.5 14253.1 30483.4 12586.1 11843.2 19601 38334
threshold=178.50000000000003 15.950000000000001 81.500000000000014 64.500000000000014 13.500000000000002 57.500000000000007 49.500000000000007 65.500000000000014 321.50000000000006 20.500000000000004 99.500000000000014 4.5000000000000009 3.5000000000000004 800.50000000000011 710.50000000000011 59.500000000000007 16.650000000000002 93.500000000000014 15.500000000000002 7.5000000000000009 24.150000000000002 490.50000000000006 551.50000000000011 46.500000000000007 16.850000000000005 13.500000000000002 481.50000000000006 33.350000000000001 34.500000000000007 750.50000000000011
decision_type=2 2 2 2 2 2 2 2 2 2 2 2 2 2 2 2 2 2 2 2 2 2 2 2 2 2 2 2 2 2
left_child=-1 2 3 5 -5 -2 -4 -8 -9 -3 23 12 14 15 16 -14 -12 22 19 20 -13 -21 -18 -11 25 -25 -27 28 29 -26
right_child=1 9 6 4 -6 -7 7 8 -10 10 11 18 13 -15 -16 -17 17 -19 -20 21 -22 -23 -24 24 27 26 -28 -29 -30 -31
leaf_value=-0.04429434808722247 -0.18173198667750376 0.97629244238138202 1.0510167373551262 -1.7169858137243672 0.11811733494202298 0.82791792224435246 -0.52251314166933305 -0.2804589174411915 1.2646719360351564 0.052810866742334865 1.1513624700434182 0.010366454830876103 0.33922717939404884 -2.8346533502851212 1.6986641933520634 -1.863691670479982 0.40227805103574482 -1.6177668582510067 -0.65778227316778759 0.55198302064638805 2.5416193630384365 -0.96163521199613011 -0.92385356041692912 -0.30632300941567675 0.02136109237510123 0.98125695303866733 2.5308693981170656 1.2039333982600107 0.1960847040569067 -2.2708243558804195
leaf_weight=9975 365 20 27 38 36 34 34 27 30 3834 23 27 34 21 24 23 35 27 43 68 23 37 31 38 76 38 20 27 1385 24
leaf_count=9975 365 20 27 38 36 34 34 27 30 3834 23 27 34 21 24 23 35 27 43 68 23 37 31 38 76 38 20 27 1385 24
internal_value=-2.33832e-10 0.0683005 -0.0984711 -0.209675 -0.824233 -0.0956967 0.347286 0.138487 0.532768 0.0850685 0.0820257 -0.118851 -0.375454 -1.16486 0.064356 -0.54967 -0.273777 -0.62623 0.163671 0.391558 1.17474 0.0186128 -0.220602 0.0973813 0.203652 0.794426 1.51561 0.166142 0.147273 -0.528763
internal_weight=16444 6469 591 473 74 399 118 91 57 5878 5858 416 218 78 140 57 116 93 198 155 50 105 66 5442 1608 96 58 1512 1485 100
internal_count=16444 6469 591 473 74 399 118 91 57 5878 5858 416 218 78 140 57 116 93 198 155 50 105 66 5442 1608 96 58 1512 1485 100
is_linear=0
shrinkage=0.05


Tree=111
num_leaves=31
num_cat=0
split_feature=4 1 5 0 1 5 2 4 1 5 5 5 3 5 2 4 5 0 0 5 7 3 2 6 1 2 0 6 0 4
split_gain=18259.5 7822.89 12833.8 6674.05 8200.99 16770.2 14237.1 9433.16 6498.08 6260.39 9039.65 6137.77 5802.03 36933.6 26592.1 19880 19024.8 16829.5 9569.41 7230.6 7262.71 8338.82 14519.5 12659.1 9513.71 7022.95 6838.63 38748.4 10537.5 10573.6
threshold=624.50000000000011 577.50000000000011 9.5000000000000018 26.450000000000003 707.50000000000011 89.500000000000014 50.500000000000007 617.50000000000011 682.50000000000011 74.500000000000014 47.500000000000007 45.500000000000007 52.500000000000007 67.500000000000014 45.500000000000007 679.50000000000011 37.500000000000007 24.450000000000003 19.050000000000004 58.500000000000007 11.500000000000002 28.500000000000004 48.500000000000007 789.50000000000011 820.50000000000011 54.500000000000007 24.550000000000004 927.50000000000011 24.250000000000004 894.50000000000011
decision_type=2 2 2 2 2 2 2 2 2 2 2 2 2 2 2 2 2 2 2 2 2 2 2 2 2 2 2 2 2 2
left_child=3 2 -2 4 7 -6 -7 8 -1 10 -4 -5 19 15 -15 -14 17 18 -17 26 -21 22 23 -22 -24 -18 27 28 29 -3
right_child=1 12 9 11 5 6 -8 -9 -10 -11 -12 -13 13 14 -16 16 25 -19 -20 20 21 -23 24 -25 -26 -27 -28 -29 -30 -31
leaf_value=-0.035534590678955466 -0.22103413794385759 0.009095301215556708 0.68347858531134476 0.0072577726603878928 1.3741416004396254 -1.1245458447933199 0.71868505965579643 -0.88373309312896309 -0.85909643669923152 0.14500073872040958 1.9956667718433199 0.20268948180369001 -1.1212508417665958 -2.6940655799139117 -0.34033993141991753 -0.1683755882688471 1.8570468237002691 -1.1482903884804767 0.96879800819867379 1.2992705987855082 0.12951135553162674 0.96890439814642859 -0.79005130196726603 1.7414455436524889 0.26797295159527235 0.63437679280405468 0.15431201852828003 -2.1628662029902141 -0.81387977959478608 0.7763086608811921
leaf_weight=11849 38 376 35 1409 31 20 22 33 24 20 21 562 24 21 28 37 24 23 37 21 29 38 43 21 42 23 1487 21 34 51
leaf_count=11849 38 376 35 1409 31 20 22 33 24 20 21 562 24 21 28 37 24 23 37 21 29 38 43 21 42 23 1487 21 34 51
internal_value=-2.73417e-10 0.124609 0.529223 -0.0222778 -0.0363062 0.492035 -0.159044 -0.0395457 -0.0371993 0.904352 1.17555 0.0629821 0.105228 -0.141245 -1.34908 0.21104 0.433088 0.0330407 0.400211 0.129955 0.421195 0.314608 0.130436 0.806524 -0.267263 1.25872 0.10126 -0.0624077 0.0332748 0.10073
internal_weight=16444 2494 114 13950 11979 73 42 11906 11873 76 56 1971 2380 217 49 168 144 97 74 2163 194 173 135 50 85 47 1969 482 461 427
internal_count=16444 2494 114 13950 11979 73 42 11906 11873 76 56 1971 2380 217 49 168 144 97 74 2163 194 173 135 50 85 47 1969 482 461 427
is_linear=0
shrinkage=0.05


Tree=112
num_leaves=31
num_cat=0
split_feature=4 0 0 4 5 5 0 1 5 0 2 1 6 4 1 2 3 0 6 3 2 5 5 3 3 4 6 8 1 4
split_gain=16705.9 7053.52 10081.1 6525.8 12353.1 14765.5 19244.7 9292.53 7740.75 10727.5 10856.9 26983.9 37656.8 27111.2 24285.8 19773 26272 19988 16532.8 12846.2 12498.7 12344.9 12585.2 10596.9 10821.5 10453.3 8628.07 12944.7 9736.96 7720.25
threshold=178.50000000000003 9.7500000000000018 11.850000000000003 886.50000000000011 24.500000000000004 36.500000000000007 29.250000000000004 895.50000000000011 34.500000000000007 32.95000000000001 45.500000000000007 858.50000000000011 591.50000000000011 748.50000000000011 593.50000000000011 41.500000000000007 31.500000000000004 16.850000000000005 727.50000000000011 99.500000000000014 38.500000000000007 58.500000000000007 84.500000000000014 74.500000000000014 11.500000000000002 642.50000000000011 196.50000000000003 3.5000000000000004 263.50000000000006 862.50000000000011
decision_type=2 2 2 2 2 2 2 2 2 2 2 2 2 2 2 2 2 2 2 2 2 2 2 2 2 2 2 2 2 2
left_child=-1 -2 -3 8 7 6 -6 -5 -4 10 11 12 14 18 15 17 -17 -10 23 21 25 -19 -23 24 -14 -20 27 -12 -29 -28
right_child=1 2 3 4 5 -7 -8 -9 9 -11 26 -13 13 -15 -16 16 -18 19 20 -21 -22 22 -24 -25 -26 -27 29 28 -30 -31
leaf_value=-0.040584827483782226 0.95634258118542759 -0.59105079962035356 -0.011730044935205675 0.97348654434557946 -1.5410203750245275 0.38655931442170532 0.055664355858512551 0.29087881572606927 -1.5229950600862505 0.81551018549272658 -0.04659403667785228 -1.7963547763617145 0.70422343031926593 1.8372151184466579 -2.0188886729153719 -0.18491616560818835 -2.2707239047839094 0.54337076374462678 -0.70363804101943972 1.1947808903455734 -1.4087889671325684 -1.1066187945773474 0.11504079070018264 1.4650611329961707 -0.56822274737060074 0.87398103106589553 0.1021709794414246 0.42884287147418321 1.8543470356464387 0.71178744761448987
leaf_weight=9975 22 59 2663 63 32 74 46 239 20 52 40 23 55 31 22 36 26 56 21 25 21 37 49 27 24 21 2584 23 25 53
leaf_count=9975 22 59 2663 63 32 74 46 239 20 52 40 23 55 31 22 36 26 56 21 25 21 37 49 27 24 21 2584 23 25 53
internal_value=4.80219e-10 0.0625806 0.0595307 0.0655395 0.248244 -0.119386 -0.599386 0.433277 0.051561 0.103088 0.0915793 -0.124087 -0.0424267 0.477989 -0.426498 -0.285804 -1.05961 -0.0292487 0.228664 0.149643 -0.412815 -0.0343601 -0.410557 0.609921 0.317658 0.0851715 0.130676 0.617708 1.17129 0.114423
internal_weight=16444 6469 6447 6388 454 152 78 302 5934 3271 3219 494 471 200 271 249 62 187 169 167 63 142 86 106 79 42 2725 88 48 2637
internal_count=16444 6469 6447 6388 454 152 78 302 5934 3271 3219 494 471 200 271 249 62 187 169 167 63 142 86 106 79 42 2725 88 48 2637
is_linear=0
shrinkage=0.05


Tree=113
num_leaves=31
num_cat=0
split_feature=1 4 3 4 5 5 4 8 8 3 0 7 6 1 4 6 0 4 5 2 0 3 2 0 1 3 5 1 1 7
split_gain=15233.1 9897.05 10409.5 6834.24 11660.6 6430.04 14100.6 14775.9 36491 27954.3 22119.6 26683.3 20223.5 12875.1 7544.36 6359.02 5198.73 5072.66 5095.45 10393.6 40031 39035.7 11532.4 21932.2 13695.5 13336 12688.3 20827.4 21120.7 12252.5
threshold=485.50000000000006 324.50000000000006 16.500000000000004 578.50000000000011 12.500000000000002 99.500000000000014 776.50000000000011 3.5000000000000004 4.5000000000000009 25.500000000000004 24.250000000000004 13.500000000000002 692.50000000000011 637.50000000000011 395.50000000000006 601.50000000000011 11.950000000000001 967.50000000000011 46.500000000000007 35.500000000000007 28.550000000000004 12.500000000000002 57.500000000000007 17.350000000000005 574.50000000000011 19.500000000000004 65.500000000000014 710.50000000000011 645.50000000000011 11.500000000000002
decision_type=2 2 2 2 2 2 2 2 2 2 2 2 2 2 2 2 2 2 2 2 2 2 2 2 2 2 2 2 2 2
left_child=3 2 -2 15 -5 14 7 12 9 -9 -10 -12 13 -7 -3 -1 -16 18 -18 20 21 -20 24 -24 -21 -26 -25 28 29 -28
right_child=1 5 -4 4 -6 6 -8 8 10 -11 11 -13 -14 -15 16 -17 17 -19 19 22 -22 -23 23 26 25 -27 27 -29 -30 -31
leaf_value=-0.028158442295374043 -0.010018804073333741 0.97844799558321638 1.5344873726367951 -0.31700119315646591 0.90530013942718512 0.2449658958835805 1.0629091376350039 -0.70648308859339792 -1.0358406405295095 -3.153973494768143 1.7738533643575813 -0.53811991649369406 1.6046058320999146 -1.2697045242786409 -0.61546305968211257 -0.87897560488093984 0.05190606657168189 0.76447239337222916 0.025680059525701737 -0.092041816793639097 0.87345292980854328 -2.7774316704791526 1.292488034112113 0.15206244898044963 0.3896144768659105 1.135406452959234 0.47250916822390121 0.31588332967938121 -2.2400490711564607 -1.1170899155239264
leaf_weight=12476 20 24 24 32 50 47 21 28 31 20 26 24 20 20 26 22 2550 28 27 87 39 23 35 343 188 88 22 53 23 27
leaf_count=12476 20 24 24 32 50 47 21 28 31 20 26 24 20 20 26 22 2550 28 27 87 39 23 35 343 188 88 22 53 23 27
internal_value=-6.26868e-10 0.0868326 0.832439 -0.026671 0.428304 0.0782445 -0.173984 -0.294238 -0.633851 -1.72627 0.0135093 0.664106 0.209327 -0.207175 0.0949283 -0.0296561 0.0889703 0.0941544 0.0887995 0.187311 -0.327224 -1.26375 0.24019 0.0851868 0.454974 0.627403 -0.00510282 -0.436364 -0.990102 -0.403392
internal_weight=16444 3864 44 12580 82 3820 237 216 129 48 81 50 87 67 3583 12498 3559 3533 3505 955 89 50 866 503 363 276 468 125 72 49
internal_count=16444 3864 44 12580 82 3820 237 216 129 48 81 50 87 67 3583 12498 3559 3533 3505 955 89 50 866 503 363 276 468 125 72 49
is_linear=0
shrinkage=0.05


Tree=114
num_leaves=31
num_cat=0
split_feature=1 0 0 2 4 5 6 0 1 6 1 4 6 2 1 6 5 8 3 5 6 1 6 6 3 3 2 4 8 5
split_gain=14066.4 7446.34 8506.7 6920.73 5820.22 11129.6 14736.4 46986.3 8466.23 7163 15632.1 7533.56 6902.01 6990.98 33141.7 12841.8 23008.5 33687.1 11044.9 7514.35 6819.86 6772.88 11259.2 7532.41 7807.11 11634.2 10849.9 18124.5 16991.3 12301.2
threshold=135.50000000000003 9.5500000000000025 11.850000000000003 42.500000000000007 886.50000000000011 24.500000000000004 931.50000000000011 28.750000000000004 895.50000000000011 911.50000000000011 887.50000000000011 817.50000000000011 905.50000000000011 35.500000000000007 858.50000000000011 620.50000000000011 75.500000000000014 4.5000000000000009 87.500000000000014 18.500000000000004 895.50000000000011 851.50000000000011 831.50000000000011 862.50000000000011 27.500000000000004 26.500000000000004 71.500000000000014 249.50000000000003 3.5000000000000004 58.500000000000007
decision_type=2 2 2 2 2 2 2 2 2 2 2 2 2 2 2 2 2 2 2 2 2 2 2 2 2 2 2 2 2 2
left_child=-1 -2 3 -3 9 8 -7 -8 20 12 -11 -12 13 14 15 16 -4 -18 -17 -15 -6 23 -23 24 25 -21 -26 28 -28 -29
right_child=1 2 4 -5 5 6 7 -9 -10 10 11 -13 -14 19 -16 18 17 -19 -20 21 -22 22 -24 -25 26 -27 27 29 -30 -31
leaf_value=-0.039202662103292651 0.95270326014446172 -1.0734483826160433 -0.037938759611164226 -0.051516713483913526 0.5401949431838059 0.35430521285986605 -2.6960823086649182 0.1481438180748022 0.26971461026535748 1.598313271481058 0.9672788195989348 -0.081855002781013389 -0.64364355500485448 -0.03181886374890782 -2.0752910716193065 0.12937689330543112 -2.4725139576655168 -0.14903062983201101 1.2390639794560581 0.047912306359578834 1.6314463573423301 1.1119178692015206 0.1942829754141813 -0.61172839387869227 0.11930291953804001 -0.91169622931629424 -1.4043788313865662 0.28217196440073983 0.33023016135751582 1.1748884153235089
leaf_weight=9568 23 30 291 37 41 79 20 53 239 23 22 77 37 1640 21 163 26 39 26 2439 22 41 181 39 1009 32 20 67 48 91
leaf_count=9568 23 30 291 37 41 79 20 53 239 23 22 77 37 1640 21 163 26 39 26 2439 22 41 181 39 1009 32 20 67 48 91
internal_value=-3.3046e-10 0.0545508 0.0515364 -0.509098 0.0570717 0.230004 -0.118947 -0.631096 0.405634 0.0446726 0.424086 0.151286 0.0372187 0.0412997 -0.126174 -0.0510709 -0.227915 -1.07842 0.282032 0.0582054 0.921267 0.0954224 0.363756 0.0795159 0.0867902 0.0354852 0.189442 0.502583 -0.179949 0.796331
internal_weight=16444 6876 6853 67 6786 454 152 73 302 6332 122 99 6210 6173 566 545 356 65 189 5607 63 3967 222 3745 3706 2471 1235 226 68 158
internal_count=16444 6876 6853 67 6786 454 152 73 302 6332 122 99 6210 6173 566 545 356 65 189 5607 63 3967 222 3745 3706 2471 1235 226 68 158
is_linear=0
shrinkage=0.05


Tree=115
num_leaves=31
num_cat=0
split_feature=0 3 5 6 0 6 4 6 6 6 6 4 6 8 7 6 6 5 8 2 6 1 0 1 1 6 6 2 4 4
split_gain=12975.6 6611.54 12927.4 6482.29 44225.3 13931.3 10018.9 17639.6 7350.3 26484.5 11415.3 11006.9 6301.23 5751.12 31541.8 30923.8 5717.36 5524.27 5395.63 5631.83 4961.24 4888.9 4874.05 4818.23 6397.14 12349.8 11962.6 13350.1 13011.1 6405.76
threshold=26.250000000000004 99.500000000000014 73.500000000000014 931.50000000000011 24.050000000000004 911.50000000000011 894.50000000000011 891.50000000000011 875.50000000000011 862.50000000000011 836.50000000000011 844.50000000000011 923.50000000000011 5.5000000000000009 11.500000000000002 858.50000000000011 721.50000000000011 50.500000000000007 6.5000000000000009 33.500000000000007 756.50000000000011 895.50000000000011 30.650000000000002 879.50000000000011 794.50000000000011 808.50000000000011 750.50000000000011 42.500000000000007 807.50000000000011 781.50000000000011
decision_type=2 2 2 2 2 2 2 2 2 2 2 2 2 2 2 2 2 2 2 2 2 2 2 2 2 2 2 2 2 2
left_child=3 12 -3 5 -5 6 7 8 9 10 23 -12 13 14 -2 16 -16 -15 -19 -20 -21 -8 -22 24 25 -1 29 -28 -29 -26
right_child=1 2 -4 4 -6 -7 21 -9 -10 -11 11 -13 -14 17 15 -17 -18 18 19 20 22 -23 -24 -25 26 -27 27 28 -30 -31
leaf_value=-0.027452591286063435 -1.7829580783843995 0.034653726645878388 1.6038468918275264 -2.3215340095758439 1.0035707727074623 1.0371847757408696 0.89763961533705394 -1.511468163728714 0.90926648775736485 -1.8449988150596619 1.5568847092715177 0.13732388185130226 0.31544322560387333 0.040728359217387801 1.114831223166906 -1.4738802694139028 0.1208746378188548 0.74420796235402431 -0.42985821879572339 0.30440110573880652 -0.4172269577017198 0.15151192361245985 0.4212171133894187 -0.80274074171669785 1.6747969096899036 -1.1183084881076446 1.1491292995214462 -1.0021942081621715 0.34260921703802572 0.40931718200445177
leaf_weight=12400 27 35 21 20 20 31 42 20 21 20 22 36 254 2669 39 21 23 45 36 340 52 46 26 20 20 26 20 35 37 20
leaf_count=12400 27 35 21 20 20 31 42 20 21 20 22 36 254 2669 39 21 23 45 36 340 52 46 26 20 20 26 20 35 37 20
internal_value=-1.76455e-10 0.084073 0.623101 -0.0234641 -0.658982 -0.0214806 -0.0240475 -0.0277324 -0.0253915 -0.0269424 -0.0240648 0.675778 0.0755267 0.0569365 -0.29848 0.184422 0.746105 0.0692774 0.221977 0.170214 0.221895 0.507618 -0.137746 -0.027292 -0.026057 -0.0297351 0.320186 0.00632967 -0.311115 1.04206
internal_weight=16444 3588 56 12856 40 12816 12785 12697 12677 12656 12636 58 3532 3278 110 83 62 3168 499 454 418 88 78 12578 12558 12426 132 92 72 40
internal_count=16444 3588 56 12856 40 12816 12785 12697 12677 12656 12636 58 3532 3278 110 83 62 3168 499 454 418 88 78 12578 12558 12426 132 92 72 40
is_linear=0
shrinkage=0.05


Tree=116
num_leaves=31
num_cat=0
split_feature=1 6 4 6 5 4 6 5 6 2 7 0 5 2 3 5 7 4 8 2 3 3 0 3 3 5 0 5 6 5
split_gain=12043.9 9396.32 11579.4 8406.94 27656.4 5578.23 17892.2 14404.2 5916.85 5879.33 5494.86 5084.32 7969.89 6682.24 20558.7 13806 30924 22369.6 12281.5 10771.8 10210 33237.8 16460.4 14170.5 23525.3 12521.9 11931.4 18898.8 12813.3 26104
threshold=398.50000000000006 290.50000000000006 472.50000000000006 345.50000000000006 64.500000000000014 453.50000000000006 472.50000000000006 60.500000000000007 445.50000000000006 48.500000000000007 13.500000000000002 33.350000000000001 9.5000000000000018 35.500000000000007 97.500000000000014 57.500000000000007 11.500000000000002 461.50000000000006 5.5000000000000009 25.500000000000004 72.500000000000014 66.500000000000014 18.550000000000004 92.500000000000014 98.500000000000014 78.500000000000014 22.350000000000005 77.500000000000014 472.50000000000006 61.500000000000007
decision_type=2 2 2 2 2 2 2 2 2 2 2 2 2 2 2 2 2 2 2 2 2 2 2 2 2 2 2 2 2 2
left_child=5 2 -2 4 10 6 8 9 -1 -7 -3 13 -13 14 15 18 -17 -18 -5 -19 21 -15 23 -22 -25 -26 28 -28 -24 -30
right_child=1 3 -4 11 -6 7 -8 -9 -10 -11 -12 12 -14 20 -16 16 17 19 -20 -21 22 -23 26 24 25 -27 27 -29 29 -31
leaf_value=-0.029178536559914509 1.4310906038752624 0.77274144130448508 0.098367400837536811 0.65606591503409784 -1.818238754749298 0.75437374413013458 -1.2930417929376876 1.2826475521613814 0.77357707282771238 -0.21924581579540089 -0.33474716004871191 0.012694922626711604 0.71543991473552426 0.064726485005201187 -1.2434789372117896 -2.1860732468691739 -1.4100691358248394 -0.36427904821932322 -0.067588471951426338 1.1337634213765462 0.65611954602930289 -1.5060003466465894 0.078617637908017193 -1.4454634148213599 -0.31016514415924368 1.1128454021432184 0.62762906061191304 -0.61308761409350809 0.60717364106067395 2.6140806473218481
leaf_weight=11553 28 24 39 85 25 20 28 29 23 69 21 86 76 3577 38 22 21 20 189 30 45 34 27 36 52 22 114 42 43 26
leaf_count=11553 28 24 39 85 25 20 28 29 23 69 21 86 76 3577 38 22 21 20 189 30 45 34 27 36 52 22 114 42 43 26
internal_value=3.72906e-10 0.0674198 0.655326 0.058958 -0.484855 -0.0271589 -0.0306371 0.314884 -0.0275836 -0.000454903 0.255913 0.0672605 0.342378 0.0571838 -0.136392 -0.0217612 -0.548148 -0.0406216 0.156903 0.534546 0.0766955 0.049937 0.314103 -0.0913374 -0.397115 0.112892 0.563481 0.29359 1.00205 1.3634
internal_weight=16444 4722 67 4655 70 11722 11604 118 11576 89 45 4585 162 4423 405 367 93 71 274 50 4018 3611 407 155 110 74 252 156 96 69
internal_count=16444 4722 67 4655 70 11722 11604 118 11576 89 45 4585 162 4423 405 367 93 71 274 50 4018 3611 407 155 110 74 252 156 96 69
is_linear=0
shrinkage=0.05


Tree=117
num_leaves=31
num_cat=0
split_feature=0 5 3 3 2 1 0 4 6 0 6 4 6 6 6 6 4 8 0 1 1 8 6 2 4 6 4 6 3 3
split_gain=11255 6262.48 9189.47 22160.1 10890.9 9949.54 7515.47 6097.91 5932.61 39956.2 12474.4 8760.94 16148.5 6567.48 23882.2 9973.85 9874.51 5014.62 19883.8 4427.17 5404.51 12145.3 11068.5 9928.67 11305.2 5111.27 12009.1 10548.8 26460.6 24073.8
threshold=26.250000000000004 36.500000000000007 86.500000000000014 67.500000000000014 24.500000000000004 586.50000000000011 34.250000000000007 908.50000000000011 931.50000000000011 24.050000000000004 911.50000000000011 894.50000000000011 891.50000000000011 875.50000000000011 862.50000000000011 836.50000000000011 844.50000000000011 5.5000000000000009 27.450000000000003 879.50000000000011 794.50000000000011 4.5000000000000009 808.50000000000011 41.500000000000007 807.50000000000011 767.50000000000011 730.00000000000011 727.50000000000011 24.500000000000004 1.5000000000000002
decision_type=2 2 2 2 2 2 2 2 2 2 2 2 2 2 2 2 2 2 2 2 2 2 2 2 2 2 2 2 2 2
left_child=8 7 3 4 -3 -4 -6 17 10 -10 11 12 13 14 15 19 -17 18 -2 20 22 23 25 -22 -25 27 -27 -1 29 -29
right_child=1 2 5 -5 6 -7 -8 -9 9 -11 -12 -13 -14 -15 -16 16 -18 -19 -20 -21 21 -23 -24 24 -26 26 -28 28 -30 -31
leaf_value=-0.023036215655373515 0.55582379929721359 -1.0079494979977608 0.20054800527275735 -1.4144638341406119 0.15099342883494282 1.2606860857260855 1.0092903620921649 0.2885785690828776 -2.210100841522217 0.95044318497180935 0.98182467712510013 0.47478461485694762 -1.4454707467556001 0.85989562556857158 -1.7514838254451754 1.4663952231407167 0.12183847311470244 0.0068838900599895933 -1.6737371060252191 -0.76865511491894722 0.74343088207573738 1.0214559638127685 -1.0580977381995091 -1.1234137905495507 0.22451412550040653 1.3624069658192723 -0.12838452338107995 -0.26234381965228487 0.35532357766676476 -2.1757176297326244
leaf_weight=12226 20 20 53 23 1339 38 26 195 20 20 31 88 20 21 20 22 36 1854 20 20 29 40 26 28 35 22 35 35 51 31
leaf_count=12226 20 20 53 23 1339 38 26 195 20 20 31 88 20 21 20 22 36 1854 20 20 29 40 26 28 35 22 35 35 51 31
internal_value=-4.19465e-10 0.0783006 0.156281 0.124808 0.15037 0.643243 0.167342 0.0223443 -0.021853 -0.629829 -0.0199555 -0.0223845 -0.0258303 -0.0235906 -0.0250565 -0.022324 0.631843 -0.00506628 -0.558957 -0.0253405 -0.0241567 0.294092 -0.0275374 -0.0221532 -0.374565 -0.0253765 0.447009 -0.027558 -0.500066 -1.16105
internal_weight=16444 3588 1499 1408 1385 91 1365 2089 12856 40 12816 12785 12697 12677 12656 12636 58 1894 40 12578 12558 132 12426 92 63 12400 57 12343 117 66
internal_count=16444 3588 1499 1408 1385 91 1365 2089 12856 40 12816 12785 12697 12677 12656 12636 58 1894 40 12578 12558 132 12426 92 63 12400 57 12343 117 66
is_linear=0
shrinkage=0.05


Tree=118
num_leaves=31
num_cat=0
split_feature=1 0 0 2 2 2 5 8 6 1 1 5 4 2 6 4 2 3 4 8 6 5 5 8 0 0 2 2 6 3
split_gain=10469.3 6978.24 7449.94 6212.88 5342.06 6193.48 20726 24000.5 30724.2 40322.2 15876.8 5735.58 8756.98 6891.05 20363.4 6800.83 6764.44 13524.4 19957.2 9861.08 10695.4 8029.09 14517.6 18600.6 14338.3 31521.1 11389 11595.6 24235.1 15021.9
threshold=135.50000000000003 9.5500000000000025 11.850000000000003 42.500000000000007 20.500000000000004 35.500000000000007 58.500000000000007 5.5000000000000009 613.50000000000011 747.50000000000011 503.50000000000006 37.500000000000007 862.50000000000011 38.500000000000007 535.50000000000011 940.50000000000011 72.500000000000014 47.500000000000007 392.50000000000006 3.5000000000000004 468.50000000000006 99.500000000000014 83.500000000000014 1.5000000000000002 15.250000000000002 14.450000000000001 40.500000000000007 46.500000000000007 506.50000000000006 65.500000000000014
decision_type=2 2 2 2 2 2 2 2 2 2 2 2 2 2 2 2 2 2 2 2 2 2 2 2 2 2 2 2 2 2
left_child=-1 -2 3 -3 -4 6 -6 8 -8 -10 -9 15 13 14 -13 -7 21 19 -19 -18 -21 22 24 -24 25 -15 -23 28 -28 -29
right_child=1 2 4 -5 5 11 7 10 9 -11 -12 12 -14 16 -16 -17 17 18 -20 20 -22 26 23 -25 -26 -27 27 29 -30 -31
leaf_value=-0.033820648381245912 0.91652512187543123 -1.015224623878797 0.86528277844190604 -0.046963986351683334 0.05706993836155605 -0.0025065905135831083 -2.309078527263233 -0.6056064418996826 1.3536353766918183 -1.5858318073408944 1.0292800157158464 -0.3631959125004483 0.54307738512288783 0.12266363788534095 1.296558725993548 0.3946047475894115 -0.72273060504127962 0.19126784569687316 1.5074733524893722 0.33222398464594571 -0.81465650822805324 -1.2439875895326789 1.8642544776201249 0.32810832293970243 0.080296761479225737 -1.921022074798058 -0.67979581148728085 0.041000119004639388 1.4095412158966065 -0.61602026706991297
leaf_weight=9568 23 30 20 37 462 2885 35 33 20 28 27 33 112 54 42 112 34 72 48 175 23 22 22 189 1858 29 23 263 35 130
leaf_count=9568 23 30 20 37 462 2885 35 33 20 28 27 33 112 54 42 112 34 72 48 175 23 22 22 189 1858 29 23 263 35 130
internal_value=-5.42135e-12 0.0470617 0.0441436 -0.480514 0.0493237 0.0469117 -0.105746 -0.631768 -1.18251 -0.361054 0.130092 0.0619025 0.108855 0.0929201 0.566267 0.0123337 0.080995 0.286816 0.71775 0.0639192 0.199 0.0533954 0.094392 0.488275 0.0515742 -0.591395 -0.133126 -0.0789378 0.581011 -0.176335
internal_weight=16444 6876 6853 67 6786 6766 605 143 83 48 60 6161 3164 3052 75 2997 2977 352 120 232 198 2625 2152 211 1941 83 473 451 58 393
internal_count=16444 6876 6853 67 6786 6766 605 143 83 48 60 6161 3164 3052 75 2997 2977 352 120 232 198 2625 2152 211 1941 83 473 451 58 393
is_linear=0
shrinkage=0.05


Tree=119
num_leaves=31
num_cat=0
split_feature=0 6 0 6 4 6 6 6 6 4 3 5 3 6 3 2 5 8 0 4 1 1 2 2 7 6 2 1 1 3
split_gain=9535.3 5648.61 35971.7 10900.6 7608.23 14663.3 5768.37 21743.7 8796.61 8806.74 5464.87 11695.3 4886.71 21688.9 9473.64 7115.61 8633.72 6800.59 5791.19 4704.85 6653.87 4423.04 4130.16 8345.2 4778.17 9408.91 5532.44 4027.08 4841.22 12003.4
threshold=26.250000000000004 931.50000000000011 24.050000000000004 911.50000000000011 894.50000000000011 891.50000000000011 875.50000000000011 862.50000000000011 836.50000000000011 844.50000000000011 99.500000000000014 73.500000000000014 65.500000000000014 739.50000000000011 86.500000000000014 22.500000000000004 58.500000000000007 9.5000000000000018 31.250000000000004 870.50000000000011 883.50000000000011 895.50000000000011 32.500000000000007 37.500000000000007 13.500000000000002 682.50000000000011 68.500000000000014 879.50000000000011 794.50000000000011 1.5000000000000002
decision_type=2 2 2 2 2 2 2 2 2 2 2 2 2 2 2 2 2 2 2 2 2 2 2 2 2 2 2 2 2 2
left_child=1 3 -3 4 5 6 7 8 27 -10 12 -12 15 14 -14 -2 19 -16 22 -17 -21 -6 -18 -24 -25 26 -26 28 -1 -30
right_child=10 2 -4 -5 21 -7 -8 -9 9 -11 11 -13 13 -15 17 16 18 -19 -20 20 -22 -23 23 24 25 -27 -28 -29 29 -31
leaf_value=-0.025280380648211778 -0.64539837279521373 -2.1127696806192398 0.8860509853065015 0.91819392346566731 0.81374918463684276 -1.3765279424190522 0.80638347580319358 -1.6703052377700809 1.3821118517355486 0.1123303481274181 0.0024303717272622246 1.4949678829738073 -0.69620161560865546 -1.7529560554027559 0.9673575360576312 0.035501856910719366 -0.37883162105625329 -0.16185022393862408 1.046309295848564 0.85212780578601122 0.15365893930331412 0.10406008783889853 1.2638636181808331 0.44356272797715868 0.61098334670066834 -0.96639312938565303 -0.36222236402656721 -0.73214135932736102 -0.25123192743729739 0.70777314913599465
leaf_weight=12426 34 20 20 31 42 20 21 20 22 36 35 21 26 20 30 2755 22 24 27 38 332 46 22 118 40 21 23 20 59 73
leaf_count=12426 34 20 20 31 42 20 21 20 22 36 35 21 26 20 30 2755 22 24 27 38 332 46 22 118 40 21 23 20 59 73
internal_value=-5.13541e-10 -0.0201144 -0.613359 -0.0182628 -0.0205334 -0.0237445 -0.0216103 -0.0229842 -0.0203768 0.593972 0.0720709 0.562132 0.064301 -0.28024 0.0879385 0.0743401 0.0815417 0.465487 0.351192 0.057985 0.225394 0.442775 0.274899 0.339104 0.238388 -0.0498338 0.255686 -0.0232097 -0.0220807 0.279127
internal_weight=16444 12856 40 12816 12785 12697 12677 12656 12636 58 3588 56 3532 100 80 3432 3398 54 273 3125 370 88 246 224 202 84 63 12578 12558 132
internal_count=16444 12856 40 12816 12785 12697 12677 12656 12636 58 3588 56 3532 100 80 3432 3398 54 273 3125 370 88 246 224 202 84 63 12578 12558 132
is_linear=0
shrinkage=0.05


Tree=120
num_leaves=31
num_cat=0
split_feature=4 0 6 0 1 4 1 3 1 6 3 5 8 7 6 3 6 1 3 1 1 5 3 6 5 5 6 4 2 2
split_gain=8989.89 5093.94 5583.14 32464.5 9351.64 5756.05 11614.8 25206.7 9776.29 5449.87 4794.5 11458.2 5076.49 27042.3 27286.6 4551.29 13435.1 10157.6 8087.11 13811.9 12182.3 29179.3 47310.6 17859 30755.5 14839.9 10395.9 7923.92 7256.93 10298.6
threshold=1.0000000180025095e-35 26.250000000000004 931.50000000000011 24.050000000000004 920.50000000000011 894.50000000000011 875.50000000000011 6.5000000000000009 895.50000000000011 879.50000000000011 99.500000000000014 73.500000000000014 5.5000000000000009 11.500000000000002 865.50000000000011 74.500000000000014 858.50000000000011 855.50000000000011 92.500000000000014 373.50000000000006 345.50000000000006 64.500000000000014 98.500000000000014 642.50000000000011 96.500000000000014 52.500000000000007 481.50000000000006 466.50000000000006 43.500000000000007 70.500000000000014
decision_type=2 2 2 2 2 2 2 2 2 2 2 2 2 2 2 2 2 2 2 2 2 2 2 2 2 2 2 2 2 2
left_child=-1 2 4 -4 5 6 9 -8 -7 15 12 -12 13 -3 -15 16 17 -2 19 -17 28 25 -23 24 -24 -22 -26 -21 -20 -30
right_child=1 10 3 -5 -6 8 7 -9 -10 -11 11 -13 -14 14 -16 18 -18 -19 20 27 21 22 23 -25 26 -27 -28 -29 29 -31
leaf_value=-0.039895185096979112 -0.019437104937306361 -1.6696425974655611 -2.0071312713623048 0.84174843575805436 0.90567767496766727 0.89597572769890454 0.27675659612373071 -1.9757579108943109 -0.18253826828379383 0.79151050936092027 0.0023088526725769045 1.5025498849153518 0.089817586030643229 0.74423623585607857 -1.043961600586772 0.012877390934286496 -1.3127518856525422 1.0341060596963634 0.64420566778036137 1.367709961285194 -0.0033333935569246098 -2.3713195037841799 -1.9190921915961163 0.89590730506640215 1.0076306626910256 1.2881089767584435 -0.58519440263509759 0.46719466290975875 -0.10297712515142782 0.38130329910212679
leaf_weight=7597 4326 26 20 20 29 47 27 23 38 22 35 20 2988 64 32 141 20 23 69 36 154 35 28 26 21 26 20 76 270 185
leaf_count=7597 4326 26 20 20 29 47 27 23 38 22 35 20 2988 64 32 141 20 23 69 36 154 35 28 26 21 26 20 76 270 185
internal_value=1.82306e-10 0.0342584 0.00594216 -0.582691 0.0101154 0.00548839 -0.000790172 -0.7594 0.413817 0.00613398 0.0850933 0.547851 0.0769095 -0.239232 0.14817 0.00296714 -0.0198113 -0.0138654 0.0945209 0.342135 0.0194055 -0.229043 -0.799852 -0.220891 -0.641713 0.183208 0.230643 0.756646 0.166388 0.0939281
internal_weight=16444 8847 5682 40 5642 5613 5528 50 85 5478 3165 55 3110 122 96 5456 4369 4349 1087 253 834 310 130 95 69 180 41 112 524 455
internal_count=16444 8847 5682 40 5642 5613 5528 50 85 5478 3165 55 3110 122 96 5456 4369 4349 1087 253 834 310 130 95 69 180 41 112 524 455
is_linear=0
shrinkage=0.05


Tree=121
num_leaves=31
num_cat=0
split_feature=4 6 1 8 1 2 6 3 2 0 8 3 4 3 5 3 5 3 5 2 0 5 8 7 2 5 0 8 5 0
split_gain=8197.49 6908.84 6558.92 13530.3 5593.05 10234.1 9670.38 9629.83 44249.8 7038.08 6856.9 10567.3 7334.98 17480.2 11307.5 13236.2 14249.2 13481.7 10954.6 8196.64 9891.38 5696.16 5517.84 6622.38 12707.2 9930.99 6742.59 5359.01 19232.7 32540.1
threshold=628.50000000000011 661.50000000000011 753.50000000000011 4.5000000000000009 654.50000000000011 53.500000000000007 668.50000000000011 98.500000000000014 48.500000000000007 18.250000000000004 9.5000000000000018 8.5000000000000018 683.50000000000011 36.500000000000007 58.500000000000007 4.5000000000000009 94.500000000000014 36.500000000000007 91.500000000000014 62.500000000000007 27.550000000000004 36.500000000000007 3.5000000000000004 13.500000000000002 61.500000000000007 37.500000000000007 23.250000000000004 4.5000000000000009 9.5000000000000018 24.250000000000004
decision_type=2 2 2 2 2 2 2 2 2 2 2 2 2 2 2 2 2 2 2 2 2 2 2 2 2 2 2 2 2 2
left_child=2 22 -1 -4 5 21 -6 10 -9 -7 12 -12 13 19 27 18 17 -17 -16 20 -8 -3 -2 24 -24 -26 -25 28 -14 -30
right_child=1 4 3 -5 6 9 7 8 -10 -11 11 -13 14 -15 15 16 -18 -19 -20 -21 -22 -23 23 26 25 -27 -28 -29 29 -31
leaf_value=-0.017088081148702364 0.055394574845222394 0.36503484398126607 -0.18341892632571133 1.3109345042811973 -0.84651847699837346 -0.58294771354773955 -1.0110359866172076 -2.3773057835442679 0.68293043242560492 0.39615125405788421 0.080907692760229119 -1.3067604530116785 0.35204367834542483 -1.6242438097298146 0.58548904703930027 -0.24414546272971413 -0.96812197424116597 1.5270022256033762 2.0551659888454847 0.5728381946300849 0.032896713516077938 1.5075624818603197 0.33418772125854918 -0.44867277470501987 0.60648686639964589 2.1632891967183068 0.49227905544969774 0.11032646719934996 -0.21163371692421618 -2.4347489893436434
leaf_weight=13919 147 20 33 28 31 29 32 21 27 50 34 23 98 20 32 22 21 21 21 39 78 24 86 33 20 21 45 1356 93 20
leaf_count=13919 147 20 33 28 31 29 32 21 27 50 34 23 98 20 32 22 21 21 21 39 78 24 86 33 20 21 45 1356 93 20
internal_value=4.48324e-10 0.0840892 -0.0148209 0.502514 0.0499088 0.377108 0.0296748 0.0435471 -0.655923 0.0367352 0.0611254 -0.479029 0.077741 -0.23628 0.109255 0.583414 0.0994576 0.620834 1.16781 -0.0499766 -0.270793 0.988232 0.289171 0.456806 0.679519 1.40387 0.0941841 0.073852 -0.160553 -0.605105
internal_weight=16444 2464 13980 61 2112 123 1989 1958 48 79 1910 57 1853 169 1684 117 64 43 53 149 110 44 352 205 127 41 78 1567 211 113
internal_count=16444 2464 13980 61 2112 123 1989 1958 48 79 1910 57 1853 169 1684 117 64 43 53 149 110 44 352 205 127 41 78 1567 211 113
is_linear=0
shrinkage=0.05


Tree=122
num_leaves=31
num_cat=0
split_feature=4 2 0 5 2 1 3 1 1 3 0 5 5 6 4 0 6 3 3 4 4 6 3 4 3 2 4 3 1 1
split_gain=7755.29 4887.95 4294.09 6752.67 5892.41 30453.8 12941.5 7640.27 6811.08 8887.44 5097.02 4815.46 14531 15794.6 36831.3 13654.5 15586.1 11499.9 11097 31187.4 41160.6 28180.4 12102.4 10748.8 10725.8 9655.01 8536.51 15169.8 11475.3 16015.2
threshold=2.5000000000000004 20.500000000000004 33.350000000000001 9.5000000000000018 29.500000000000004 831.50000000000011 52.500000000000007 394.50000000000006 733.50000000000011 1.0000000180025095e-35 15.250000000000002 99.500000000000014 83.500000000000014 386.50000000000006 300.50000000000006 18.850000000000005 711.50000000000011 21.500000000000004 92.500000000000014 503.50000000000006 373.50000000000006 465.50000000000006 70.500000000000014 312.50000000000006 60.500000000000007 59.500000000000007 675.50000000000011 20.500000000000004 614.50000000000011 336.50000000000006
decision_type=2 2 2 2 2 2 2 2 2 2 2 2 2 2 2 2 2 2 2 2 2 2 2 2 2 2 2 2 2 2
left_child=-1 -2 4 -4 5 6 8 -8 9 -3 -6 12 -12 23 -15 -16 17 -17 22 20 21 -20 24 -14 26 -18 27 -13 29 -29
right_child=1 2 3 -5 10 -7 7 -9 -10 -11 11 18 13 14 15 16 25 -19 19 -21 -22 -23 -24 -25 -26 -27 -28 28 -30 -31
leaf_value=-0.036222285488438519 0.79444784607206076 -0.14449634551268628 -0.017595619355431861 0.61374823861755434 -0.075058339345451114 -1.7958271772773178 -0.023722499928304129 1.084384400503976 0.53571144032478335 -0.99913935840129864 0.044236369862330892 -0.2508191298385366 0.19873387701974243 2.5931418408518252 1.2785256801332747 0.30391835634564535 1.5874162543903698 -1.1041829688795681 -0.1895321001501187 -2.2961460328102112 1.852903576124282 -2.2603570447862147 0.94442861010046575 -1.0331053644418717 -1.1377265397991454 0.069510725140571591 0.86346534426723209 0.032797469723631033 -0.54700556415254653 1.3818362747573041
leaf_weight=7783 21 127 90 80 956 27 28 35 25 40 6333 260 113 23 35 29 22 29 92 20 21 20 34 21 21 20 28 44 23 44
leaf_count=7783 21 127 90 80 956 27 28 35 25 40 6333 260 113 23 35 29 22 29 92 20 21 20 34 21 21 20 28 44 23 44
internal_value=-1.55609e-10 0.0325503 0.0306985 0.279507 0.0257047 -0.199014 -0.0299396 0.591892 -0.233978 -0.349201 0.0334441 0.0477871 0.0601369 0.404993 0.743648 0.428549 0.131057 -0.400132 -0.0870031 -0.455268 -0.178445 -0.559322 0.0371038 0.00568444 -0.0363463 0.864604 0.0216211 -0.0419143 0.447412 0.707317
internal_weight=16444 8661 8640 170 8470 282 255 63 192 167 8188 7232 6625 292 158 135 100 58 607 153 133 112 454 134 420 42 399 371 111 88
internal_count=16444 8661 8640 170 8470 282 255 63 192 167 8188 7232 6625 292 158 135 100 58 607 153 133 112 454 134 420 42 399 371 111 88
is_linear=0
shrinkage=0.05


Tree=123
num_leaves=31
num_cat=0
split_feature=4 0 6 0 6 4 6 6 6 6 4 3 0 1 1 8 8 8 2 3 5 2 0 3 5 0 1 1 3 4
split_gain=7012.29 4236.11 5372.69 29319.6 8615.37 5246.17 13814.3 4514.71 18889.1 6646.63 7760.48 4468.03 10207.5 24821.3 21465.9 12473.1 15704.4 15642.1 14079.1 13572.5 11084.9 9528.28 18416.2 17911.5 9468.48 17984.8 15919.7 13247.9 14396.7 9789.99
threshold=1.0000000180025095e-35 26.250000000000004 931.50000000000011 24.050000000000004 911.50000000000011 894.50000000000011 891.50000000000011 875.50000000000011 862.50000000000011 836.50000000000011 844.50000000000011 27.500000000000004 21.750000000000004 784.50000000000011 784.50000000000011 4.5000000000000009 3.5000000000000004 10.500000000000002 55.500000000000007 99.500000000000014 84.500000000000014 39.500000000000007 23.050000000000004 82.500000000000014 46.500000000000007 19.950000000000003 416.50000000000006 633.50000000000011 47.500000000000007 292.50000000000006
decision_type=2 2 2 2 2 2 2 2 2 2 2 2 2 2 2 2 2 2 2 2 2 2 2 2 2 2 2 2 2 2
left_child=-1 2 4 -4 5 6 7 8 9 11 -11 -2 14 15 24 16 -14 20 -18 21 -17 -19 -23 -24 -13 27 -27 29 -29 -26
right_child=1 -3 3 -5 -6 -7 -8 -9 -10 10 -12 12 13 -15 -16 17 18 19 -20 -21 -22 22 23 -25 25 26 -28 28 -30 -31
leaf_value=-0.035234909558297771 -0.036532634193274592 0.076613978774672659 -1.9266879343986512 0.78068982332944881 0.83977449934689263 0.38695184683257883 -1.3138566195964814 0.73432005473545625 -1.5339952564239503 1.2776580536907369 0.085686927371554908 -0.041081466795225625 0.23187943287193777 -1.8697118538618089 1.744843856096268 0.15906789884999148 -2.1696751206943934 0.31165393449366097 -0.33670625537633897 0.63069791960716248 1.3079240062962407 -0.16822383801142377 -2.7287761612236503 -0.63802276423999249 0.020555209125420103 0.32250421446348942 1.536213295026259 0.25054203116375467 -1.4517767985661827 0.39255022716873567
leaf_weight=7597 3305 3165 20 20 31 88 20 21 20 22 36 701 28 20 20 241 22 20 20 25 23 42 20 21 433 70 44 23 27 299
leaf_count=7597 3305 3165 20 20 31 88 20 21 20 22 36 701 28 20 20 241 22 20 20 25 23 42 20 21 433 70 44 23 27 299
internal_value=-3.85896e-10 0.0302565 0.00443442 -0.572999 0.00852824 0.00393572 -0.00216702 0.00260016 -0.000202853 0.00541338 0.537814 -0.000300766 0.0567485 -0.145207 0.116948 -0.0705533 -0.685348 0.0392315 -1.29683 -0.414366 0.259158 -0.668023 -0.904089 -1.6579 0.096561 0.204248 0.790953 0.118718 -0.66871 0.172504
internal_weight=16444 8847 5682 40 5642 5611 5523 5503 5482 5462 58 5404 2099 482 1617 462 70 392 42 128 264 103 83 41 1597 896 114 782 50 732
internal_count=16444 8847 5682 40 5642 5611 5523 5503 5482 5462 58 5404 2099 482 1617 462 70 392 42 128 264 103 83 41 1597 896 114 782 50 732
is_linear=0
shrinkage=0.05


Tree=124
num_leaves=31
num_cat=0
split_feature=4 6 1 8 3 3 0 5 7 6 1 2 6 3 2 0 8 3 4 3 5 3 5 3 5 2 0 0 5 3
split_gain=6524.39 6549.02 5747.01 11893.5 5052.85 6704.89 10514.3 9277.1 8290.11 5778.24 4957.49 9130.77 8665.26 8144.97 38784.7 6161.69 6135.46 9551.04 6402.83 15227.1 9546.44 11584.9 12923.9 11915.6 9455.63 7465.03 8782.22 5152.36 17286.3 6596.2
threshold=628.50000000000011 661.50000000000011 753.50000000000011 4.5000000000000009 97.500000000000014 13.500000000000002 22.750000000000004 45.500000000000007 12.500000000000002 631.50000000000011 654.50000000000011 53.500000000000007 668.50000000000011 98.500000000000014 48.500000000000007 18.250000000000004 9.5000000000000018 8.5000000000000018 683.50000000000011 36.500000000000007 58.500000000000007 4.5000000000000009 94.500000000000014 36.500000000000007 91.500000000000014 62.500000000000007 27.550000000000004 20.350000000000005 38.500000000000007 11.500000000000002
decision_type=2 2 2 2 2 2 2 2 2 2 2 2 2 2 2 2 2 2 2 2 2 2 2 2 2 2 2 2 2 2
left_child=2 4 -1 -4 5 7 8 -2 -7 -8 11 -3 -12 16 -15 -13 18 -18 19 25 27 24 23 -23 -22 26 -14 28 -20 -29
right_child=1 10 3 -5 -6 6 9 -9 -10 -11 12 15 13 14 -16 -17 17 -19 20 -21 21 22 -24 -25 -26 -27 -28 29 -30 -31
leaf_value=-0.015344439084427758 0.28018696014801941 0.92703096094456594 -0.17206977343920507 1.2289811666522708 -0.45900098816914997 0.91006658395850337 1.8486165255308151 -0.67393057115616339 0.0035686517631014188 0.68657101496406225 -0.80671858732258128 -0.55153269007288175 -0.96003867536783227 -2.2190438764435902 0.6459865680447332 0.3645814889967442 0.073371592689962947 -1.2458854580702989 0.31276750325205482 -1.5211149322986603 0.53853854117915034 -0.23659185008569197 -0.93666293280465274 1.428510497865223 1.9039658427238466 0.54256833195686338 0.023623842263642031 0.036123373501445399 -1.1432284169726903 0.30858054087387732
leaf_weight=13919 143 44 33 28 22 38 20 31 75 23 31 29 32 21 27 50 34 23 47 20 32 22 21 21 21 39 78 1212 36 272
leaf_count=13919 143 44 33 28 22 38 20 31 75 23 31 29 32 21 27 50 34 23 47 20 32 22 21 21 21 39 78 1212 36 272
internal_value=-2.20298e-10 0.0750187 -0.0132222 0.471036 0.274689 0.323602 0.561626 0.110201 0.308409 1.22706 0.0417403 0.349789 0.0226906 0.0358222 -0.607464 0.0282864 0.0519886 -0.45896 0.0677058 -0.225685 0.0971494 0.532823 0.080059 0.576598 1.07956 -0.0518014 -0.262533 0.0646198 -0.318749 0.0860616
internal_weight=16444 2464 13980 61 352 330 156 174 113 43 2112 123 1989 1958 48 79 1910 57 1853 169 1684 117 64 43 53 149 110 1567 83 1484
internal_count=16444 2464 13980 61 352 330 156 174 113 43 2112 123 1989 1958 48 79 1910 57 1853 169 1684 117 64 43 53 149 110 1567 83 1484
is_linear=0
shrinkage=0.05


Tree=125
num_leaves=31
num_cat=0
split_feature=4 1 5 0 2 1 3 6 1 1 7 0 2 4 0 4 0 1 2 0 0 0 6 1 6 0 4 2 6 0
split_gain=6041.81 4105.07 4214.91 6862.69 7904.08 22533.7 18284.4 10166.4 18524.5 11670 7480.85 7413.51 7097.1 6443.75 5830.98 5256.73 5941.26 5168.23 5112.17 12622 58577.1 13186.5 13958.1 12001.1 11661.5 11644.2 9111.12 5604.99 5578.73 15461.7
threshold=1.0000000180025095e-35 967.00000000000011 37.500000000000007 34.250000000000007 35.500000000000007 831.50000000000011 99.500000000000014 682.50000000000011 577.50000000000011 503.50000000000006 12.500000000000002 25.350000000000005 37.500000000000007 851.50000000000011 25.550000000000004 832.50000000000011 27.650000000000002 905.50000000000011 45.500000000000007 24.450000000000003 23.150000000000002 18.050000000000004 650.50000000000011 507.50000000000006 559.50000000000011 25.450000000000003 244.50000000000003 41.500000000000007 875.50000000000011 28.150000000000002
decision_type=2 2 2 2 2 2 2 2 2 2 2 2 2 2 2 2 2 2 2 2 2 2 2 2 2 2 2 2 2 2
left_child=-1 2 -2 4 5 6 7 8 9 10 -4 -12 14 15 -6 18 -17 -15 19 20 21 22 23 26 27 -21 -14 -23 -20 -30
right_child=1 -3 3 -5 12 -7 -8 -9 -10 -11 11 -13 13 17 -16 16 -18 -19 28 25 -22 24 -24 -25 -26 -27 -28 -29 29 -31
leaf_value=-0.0327059410394515 -0.0094007297835558522 0.41223889373350836 -0.04626466679785933 0.88593295556306839 0.18702516953486045 -1.705035868934963 0.92423367070463991 0.56013010237365968 -1.4367317065596581 0.72373388806978867 -1.6057517793774605 -0.28950547805946808 0.13026997333765031 0.79866416866962731 1.1534055487149293 -1.0237801119685173 0.03973216085598387 0.14450468866982394 0.066790030182654211 1.2866235241293908 -2.4419688833427844 0.72233926770479784 -1.4545109132925669 0.77506831244186125 1.5035220134258271 0.023305970195092656 -1.2336164712905884 -0.27161891334060884 1.3225150408166828 -0.066467149727338679
leaf_weight=7597 4412 69 63 25 37 23 39 32 35 30 20 23 25 52 27 24 29 72 3442 24 29 23 24 27 20 76 24 37 33 51
leaf_count=7597 4412 69 63 25 37 23 39 32 35 30 20 23 25 52 27 24 29 72 3442 24 29 23 24 27 20 76 24 37 33 51
internal_value=-1.01377e-10 0.0280849 0.0250652 0.0598943 0.0551371 -0.209466 -0.067325 -0.257822 -0.410888 -0.146885 -0.393286 -0.901713 0.0723402 0.0640072 0.594717 0.0526908 -0.441858 0.41883 0.0595255 -0.135482 -0.356527 -0.0205396 -0.403315 -0.0713579 0.457929 0.326502 -0.537756 0.109398 0.076615 0.479204
internal_weight=16444 8847 8778 4366 4341 265 242 203 171 136 106 43 4076 4012 64 3888 53 124 3835 309 209 180 100 76 80 100 49 60 3526 84
internal_count=16444 8847 8778 4366 4341 265 242 203 171 136 106 43 4076 4012 64 3888 53 124 3835 309 209 180 100 76 80 100 49 60 3526 84
is_linear=0
shrinkage=0.05


Tree=126
num_leaves=31
num_cat=0
split_feature=0 5 3 2 0 0 6 8 3 1 6 6 6 3 6 1 6 4 6 6 6 1 7 5 4 3 3 1 6 1
split_gain=5716.76 7084.76 8168.65 7882.54 4916.94 4700.15 4686.82 3629.4 4635.94 3093.13 10042.6 31351.9 6336.9 6364.87 4320.6 10048.8 5423.75 3100.1 8390.19 31372.5 8734.93 6187.6 6144.47 3295.41 3087.43 3069.7 3362.72 2826.03 5780.77 2714.76
threshold=29.450000000000003 4.5000000000000009 60.500000000000007 23.500000000000004 32.95000000000001 31.650000000000002 905.50000000000011 7.5000000000000009 21.500000000000004 931.50000000000011 927.50000000000011 941.50000000000011 937.50000000000011 1.0000000180025095e-35 911.50000000000011 901.50000000000011 905.50000000000011 877.50000000000011 862.50000000000011 872.50000000000011 836.50000000000011 800.50000000000011 14.500000000000002 38.500000000000007 959.50000000000011 26.500000000000004 4.5000000000000009 851.50000000000011 883.50000000000011 816.50000000000011
decision_type=2 2 2 2 2 2 2 2 2 2 2 2 2 2 2 2 2 2 2 2 2 2 2 2 2 2 2 2 2 2
left_child=9 24 3 -3 5 7 -7 8 -5 10 14 -12 -11 -14 16 -16 17 18 20 -20 29 -22 -21 -23 -2 26 27 -9 -29 -1
right_child=1 2 -4 4 -6 6 -8 25 -10 12 11 -13 13 -15 15 -17 -18 -19 19 22 21 23 -24 -25 -26 -27 -28 28 -30 -31
leaf_value=-0.013042020339554306 -0.12304765182549796 -0.84968060247600086 0.92085167835740478 0.23585404961894768 0.47027852162718775 0.016577962812358942 -0.62290394636424817 -0.054763956342798639 1.0178438523411752 0.84808588135056207 -2.2093955656886104 0.55671360038575679 -0.42850735877689561 0.57552539066032127 1.3155563454329968 -0.18809846448898315 -0.71849695554486026 0.24827387517896193 -2.1295653657479718 0.4756468244501062 1.2996980510652065 0.70800878093356179 -0.59517157304854629 -0.14160942500829696 0.51479766720905906 -0.36040993799479348 0.40185761130169823 0.80492305726774271 -0.18620287607024824 0.22286224602040178
leaf_weight=14355 369 20 34 362 109 127 37 222 20 32 20 21 38 27 20 25 27 116 22 37 20 21 21 25 20 39 76 31 28 123
leaf_count=14355 369 20 34 362 109 127 37 222 20 32 20 21 38 27 20 25 27 116 22 37 20 21 21 25 20 39 76 31 28 123
internal_value=-1.74573e-11 0.0932581 0.157861 0.133639 0.152351 0.115563 -0.127695 0.166841 0.276796 -0.00931957 -0.0111575 -0.792608 0.27211 -0.0114476 -0.00899442 0.480193 -0.0104851 -0.00918823 -0.0112305 -0.521876 -0.00842163 0.565483 0.0879367 0.24626 -0.0902535 0.0607741 0.106786 0.0269798 0.334558 -0.0110379
internal_weight=16444 1494 1105 1071 1051 942 164 778 382 14950 14853 41 97 65 14812 45 14767 14740 14624 80 14544 66 58 46 389 396 357 281 59 14478
internal_count=16444 1494 1105 1071 1051 942 164 778 382 14950 14853 41 97 65 14812 45 14767 14740 14624 80 14544 66 58 46 389 396 357 281 59 14478
is_linear=0
shrinkage=0.05


Tree=127
num_leaves=31
num_cat=0
split_feature=0 6 1 1 4 1 6 3 6 4 5 3 3 1 2 0 3 2 4 8 2 4 3 5 4 6 2 2 3 4
split_gain=5378.24 4624.66 8286.52 4642.24 5760.94 7016.6 4804.76 17631.6 5571.24 6909.96 4290.16 6591.18 20343.2 9136.4 6327.77 4623.54 3994.79 6109.53 4184.33 3957.75 5074.15 3344.63 3286.42 2474.53 2464.16 6893.86 28790 25544.4 32999.4 35520.5
threshold=26.250000000000004 937.50000000000011 934.50000000000011 914.50000000000011 894.50000000000011 895.50000000000011 862.50000000000011 23.500000000000004 836.50000000000011 844.50000000000011 35.500000000000007 86.500000000000014 65.500000000000014 586.50000000000011 24.500000000000004 33.150000000000013 1.0000000180025095e-35 29.500000000000004 933.50000000000011 9.5000000000000018 35.500000000000007 959.50000000000011 50.500000000000007 96.500000000000014 771.50000000000011 727.50000000000011 38.500000000000007 58.500000000000007 78.500000000000014 705.50000000000011
decision_type=2 2 2 2 2 2 2 2 2 2 2 2 2 2 2 2 2 2 2 2 2 2 2 2 2 2 2 2 2 2
left_child=1 2 3 4 6 -6 8 -8 24 -10 16 12 14 -13 -12 19 21 -18 -19 22 -21 -2 23 -16 25 -1 -27 28 29 -28
right_child=10 -3 -4 -5 5 -7 7 -9 9 -11 11 13 -14 -15 15 -17 17 18 -20 20 -22 -23 -24 -25 -26 26 27 -29 -30 -31
leaf_value=-0.014810279236266322 -0.054182693581878244 -0.62507144155040872 1.0033240799605847 -0.64711144787484209 0.7924041561161479 -0.15470124952720876 0.45326019366582238 -1.187995688120524 1.1727953715757891 0.048037529322836142 -0.74650161819798611 0.10534150951875831 -1.3527221428230405 1.1212355362741571 0.069550158523879954 0.60505864300898149 -0.55017786146525072 0.10476496244987682 0.62628887347513595 -0.23396495044231416 0.68759661851040388 0.58183528504201343 0.71009422657745225 0.5719702799320221 0.15894524172742658 1.1402466032121863 -3.0944316370733853 0.066740474249753698 0.43861530621846517 -0.54932806981870763
leaf_weight=12198 1317 31 20 29 48 33 30 36 22 36 21 53 24 38 1244 49 34 621 41 20 59 21 21 25 197 28 29 72 21 26
leaf_count=12198 1317 31 20 29 48 33 30 36 22 36 21 53 24 38 1244 49 34 621 41 20 59 21 21 25 197 28 29 72 21 26
internal_value=-7.42597e-10 -0.0151064 -0.013632 -0.0152204 -0.013786 0.406546 -0.016468 -0.44197 -0.0142442 0.47467 0.0541269 0.116677 0.0909956 0.529561 0.115074 0.127834 0.00633765 0.103493 0.137065 0.110753 0.45429 -0.0442003 0.0897144 0.0794481 -0.0165 -0.0192932 -0.329988 -0.608141 -1.2475 -1.89129
internal_weight=16444 12856 12825 12805 12776 81 12695 66 12629 58 3588 1554 1463 91 1439 1418 2034 696 662 1369 79 1338 1290 1269 12571 12374 176 148 76 55
internal_count=16444 12856 12825 12805 12776 81 12695 66 12629 58 3588 1554 1463 91 1439 1418 2034 696 662 1369 79 1338 1290 1269 12571 12374 176 148 76 55
is_linear=0
shrinkage=0.05


Tree=128
num_leaves=31
num_cat=0
split_feature=4 6 5 5 2 6 0 1 2 6 0 3 1 0 4 6 6 5 5 4 2 3 3 6 3 8 2 1 4 1
split_gain=4962.41 3569.89 4701.12 5336.41 3411.25 4036.85 18578.5 5857.66 4348.32 8477.43 6357.72 5736.87 25331.9 11178 8499.72 17347.2 25792.7 13724.3 9503.23 12327 12497.8 21992.9 15219.4 16328.1 8423.62 14294.1 8102.44 9424.68 12610.4 7995.46
threshold=1.0000000180025095e-35 950.50000000000011 35.500000000000007 24.500000000000004 20.500000000000004 937.50000000000011 27.350000000000005 941.50000000000011 47.500000000000007 918.50000000000011 9.5500000000000025 4.5000000000000009 831.50000000000011 11.550000000000002 748.50000000000011 717.50000000000011 668.50000000000011 72.500000000000014 39.500000000000007 565.50000000000011 42.500000000000007 99.500000000000014 46.500000000000007 365.50000000000006 1.0000000180025095e-35 5.5000000000000009 31.500000000000004 458.50000000000006 281.50000000000006 476.50000000000006
decision_type=2 2 2 2 2 2 2 2 2 2 2 2 2 2 2 2 2 2 2 2 2 2 2 2 2 2 2 2 2 2
left_child=-1 4 3 -3 -2 7 -7 8 9 10 -6 24 13 -13 15 16 18 -17 -15 20 21 26 -22 -24 -12 29 -20 28 -28 -26
right_child=1 2 -4 -5 5 6 -8 -9 -10 -11 11 12 -14 14 -16 17 -18 -19 19 -21 22 -23 23 -25 25 -27 27 -29 -30 -31
leaf_value=-0.029640775904062722 0.6296034739960148 0.29410336520274483 0.74325802005254316 -0.59149858355522156 0.69939778804265229 -1.6442039013653993 0.16961672188093266 0.55716848474397673 0.038861511315803357 -1.0224216399883683 -0.033927623748535383 -1.1413442682921886 -1.7601015739142896 0.13495243637728582 0.6515087650372432 -1.8278217575550082 1.4239176416705395 -0.18707019182351919 -0.95490913054772786 -1.3903268982966743 0.14800686995188395 0.96970488746529038 -0.30000633082606576 -2.1676975083351135 0.098162966718276345 -0.088082379865091903 0.13352073325830346 0.5974672496976221 -1.4248353856660072 1.2014568956497198
leaf_weight=7597 23 75 39 22 29 20 48 51 6649 22 1050 25 24 218 39 25 29 26 35 24 30 46 22 25 24 86 34 34 21 52
leaf_count=7597 23 75 39 22 29 20 48 51 6649 22 1050 25 24 218 39 25 29 26 35 24 30 46 22 25 24 86 34 34 21 52
internal_value=3.65901e-10 0.0254528 0.279646 0.0932452 0.0214842 0.0198743 -0.36386 0.0229015 0.0197217 -0.0465599 -0.0352486 -0.0466476 -0.165627 -0.105173 -0.0625672 -0.111511 -0.0248848 -0.99136 -0.110806 -0.3085 -0.203383 0.0359803 -0.731849 -1.29346 0.0178487 0.353436 -0.310401 -0.0569433 -0.461488 0.853048
internal_weight=16444 8847 136 97 8711 8688 68 8620 8569 1920 1898 1869 657 633 608 569 518 51 489 271 247 170 77 47 1212 162 124 89 55 76
internal_count=16444 8847 136 97 8711 8688 68 8620 8569 1920 1898 1869 657 633 608 569 518 51 489 271 247 170 77 47 1212 162 124 89 55 76
is_linear=0
shrinkage=0.05


Tree=129
num_leaves=31
num_cat=0
split_feature=0 5 3 2 5 5 3 3 2 1 6 6 0 0 5 1 6 1 6 6 6 4 8 6 5 1 1 1 6 0
split_gain=4797.94 6122.16 7208.95 6502.07 4344.66 3021.48 5200.58 3391.4 3171.01 3126.09 2756.59 5412 19898.2 7481.59 9278.03 5315.31 3149.67 10378.1 6321.29 2866.75 6024.55 17012.1 7605.81 5548.69 11015.6 9518.21 8044.53 7751.86 15268.8 8558.9
threshold=29.450000000000003 4.5000000000000009 60.500000000000007 23.500000000000004 57.500000000000007 42.500000000000007 15.500000000000002 11.500000000000002 56.500000000000007 869.50000000000011 971.50000000000011 931.50000000000011 24.050000000000004 26.450000000000003 33.500000000000007 927.50000000000011 911.50000000000011 901.50000000000011 905.50000000000011 898.50000000000011 862.50000000000011 794.50000000000011 4.5000000000000009 816.50000000000011 81.500000000000014 865.50000000000011 879.50000000000011 816.50000000000011 774.50000000000011 23.450000000000003
decision_type=2 2 2 2 2 2 2 2 2 2 2 2 2 2 2 2 2 2 2 2 2 2 2 2 2 2 2 2 2 2
left_child=10 -2 3 -3 5 7 8 -5 -7 -10 11 15 -13 -14 -15 16 18 -18 19 20 23 -22 -23 26 25 -25 27 -1 -29 -30
right_child=1 2 -4 4 -6 6 -8 -9 9 -11 -12 12 13 14 -16 -17 17 -19 -20 -21 21 22 -24 24 -26 -27 -28 28 29 -31
leaf_value=-0.011550046283508754 -0.085154238840263421 -0.77033889055252081 0.86225980380002198 0.13607087945236038 0.53895227462053297 0.2549651860424848 -0.64743374864260361 0.53510077734445705 0.028699870895002491 -0.51566398671695168 0.52689046139518425 -1.7860427451133729 0.79474414700553542 0.41830642223358155 -1.0696704298257829 0.63656312227249146 1.2268424317950295 -0.26761141877907973 -0.80423122358322152 0.51606834655484324 -1.6981587880849838 -0.75957603922912054 0.24110889081227579 -0.05832914077634177 1.2428164567947388 1.0063147558569907 -1.0122160118818282 1.1605388207951697 -0.91008547913460502 0.50112649500370032
leaf_weight=14321 389 20 34 650 64 107 30 58 107 35 24 20 21 20 22 32 21 26 25 26 20 28 59 131 25 25 20 41 21 22
leaf_count=14321 389 20 34 650 64 107 30 58 107 35 24 20 21 20 22 32 21 26 25 26 20 28 59 131 25 25 20 41 21 22
internal_value=-6.2258e-10 0.0854356 0.145489 0.122735 0.13973 0.113843 -0.0255165 0.16876 0.0494133 -0.105474 -0.00853785 -0.00939878 -0.412022 0.0241747 -0.36111 -0.00714737 -0.00853814 0.400123 -0.00983908 -0.00849165 -0.00941862 -0.383233 -0.0809506 -0.00668015 0.268437 0.112287 -0.0101322 -0.00874093 0.47018 -0.18807
internal_weight=16444 1494 1105 1071 1051 987 279 708 249 142 14950 14926 83 63 42 14843 14811 47 14764 14739 14713 107 87 14606 181 156 14425 14405 84 43
internal_count=16444 1494 1105 1071 1051 987 279 708 249 142 14950 14926 83 63 42 14843 14811 47 14764 14739 14713 107 87 14606 181 156 14425 14405 84 43
is_linear=0
shrinkage=0.05


Tree=130
num_leaves=31
num_cat=0
split_feature=0 5 3 3 1 2 5 3 1 3 0 6 5 1 4 1 5 8 4 6 0 6 4 6 6 6 1 1 0 2
split_gain=4376.57 3795.9 5747.73 16745 8226.42 5516.24 4292.37 4149.44 14321.8 4903.03 3988.89 5628.33 9778.5 7585.04 5804.84 5249.85 4873.56 4091.07 3604.19 3521.2 23608.8 6751.23 4087 12066.8 3974.02 13984.7 5671.93 8660.72 3090.01 3883.96
threshold=26.250000000000004 36.500000000000007 86.500000000000014 67.500000000000014 586.50000000000011 24.500000000000004 58.500000000000007 63.500000000000007 533.50000000000011 1.0000000180025095e-35 30.150000000000002 682.50000000000011 65.500000000000014 533.50000000000011 343.50000000000006 345.50000000000006 66.500000000000014 7.5000000000000009 908.50000000000011 931.50000000000011 24.050000000000004 911.50000000000011 894.50000000000011 891.50000000000011 875.50000000000011 862.50000000000011 883.50000000000011 851.50000000000011 24.350000000000005 60.500000000000007
decision_type=2 2 2 2 2 2 2 2 2 2 2 2 2 2 2 2 2 2 2 2 2 2 2 2 2 2 2 2 2 2
left_child=19 7 3 5 -4 -3 -7 9 -9 -2 11 13 -13 14 15 -8 -15 -14 -11 21 -21 22 23 24 25 26 27 -1 29 -24
right_child=1 2 4 -5 -6 6 10 8 -10 18 -12 12 17 16 -16 -17 -18 -19 -20 20 -22 -23 28 -25 -26 -27 -28 -29 -30 -31
leaf_value=-0.01433202563382991 -0.039132419135336292 -0.71749386060982945 0.092120409770956591 -1.2534032668756403 1.056096559449246 0.075325662491303291 0.079340254659972978 0.41069984178651464 -1.4148025342396329 0.082851823285931048 0.75275022743678677 0.72889439582824711 -0.13283614353700118 0.29156869769096377 -0.62560222506523133 0.91640869677066805 1.3061275182099179 -1.1085034272500447 0.43821519771475859 -1.6967405194044112 0.73270448528230192 0.72481315020591985 1.0299901439443879 -1.2434874832630158 0.67288123425983248 -1.3366192770004273 -0.85476819664239889 0.75176545429874109 -0.14471751070022584 0.21456592425704005
leaf_weight=12579 1366 20 53 23 38 1099 67 22 21 599 41 20 22 20 20 26 29 21 81 20 20 31 23 20 21 20 20 37 25 40
leaf_count=12579 1366 20 53 23 38 1099 67 22 21 599 41 20 22 20 20 26 29 21 81 20 20 31 23 20 21 20 20 37 25 40
internal_value=1.23404e-10 0.048827 0.109538 0.0846476 0.49466 0.106868 0.118947 0.00526249 -0.480825 0.0154784 0.29917 0.216517 -0.184493 0.372466 0.147171 0.313359 0.892022 -0.609325 0.125182 -0.0136272 -0.482018 -0.0121653 -0.0139523 -0.0163058 -0.0143697 -0.01551 -0.013419 -0.0120852 0.325619 0.51226
internal_weight=16444 3588 1499 1408 91 1385 1365 2089 43 2046 266 225 63 162 113 93 49 43 680 12856 40 12816 12785 12697 12677 12656 12636 12616 88 63
internal_count=16444 3588 1499 1408 91 1385 1365 2089 43 2046 266 225 63 162 113 93 49 43 680 12856 40 12816 12785 12697 12677 12656 12636 12616 88 63
is_linear=0
shrinkage=0.05


Tree=131
num_leaves=31
num_cat=0
split_feature=0 3 2 4 5 0 0 6 8 3 3 4 3 1 6 0 0 2 2 3 1 4 1 5 1 1 1 1 1 5
split_gain=4107.23 5401.1 7283.57 6421.58 4812.28 4283.65 4343.75 4200.97 3027.66 3003.29 2817.94 2684.42 2614.39 2587.11 14422.7 5770.15 5991.7 10229.2 4940.65 4965.43 4580.18 5998.62 7099.6 17134.5 14392.8 14782.9 6597.62 3992.43 6816.44 16164.5
threshold=29.450000000000003 50.500000000000007 22.500000000000004 683.50000000000011 5.5000000000000009 32.95000000000001 31.650000000000002 905.50000000000011 7.5000000000000009 26.500000000000004 4.5000000000000009 959.50000000000011 18.500000000000004 905.50000000000011 923.50000000000011 23.350000000000005 27.050000000000004 57.500000000000007 56.500000000000007 1.0000000180025095e-35 895.50000000000011 894.50000000000011 875.50000000000011 37.500000000000007 865.50000000000011 858.50000000000011 851.50000000000011 842.50000000000011 816.50000000000011 63.500000000000007
decision_type=2 2 2 2 2 2 2 2 2 2 2 2 2 2 2 2 2 2 2 2 2 2 2 2 2 2 2 2 2 2
left_child=13 2 -2 -3 11 6 8 -8 12 10 -10 -4 -6 14 20 -15 17 -17 -18 -20 21 22 24 -24 25 26 27 28 -1 -30
right_child=1 3 4 -5 5 -7 7 -9 9 -11 -12 -13 -14 15 -16 16 18 -19 19 -21 -22 -23 23 -25 -26 -27 -28 -29 29 -31
leaf_value=-0.01022025312116584 -0.78393636608123785 0.046821762186785541 -0.10475222488862726 1.2294628555124456 0.21792165258968318 0.4284016014872627 0.0017487715512514116 -0.60477332037848397 0.019841159309726211 -0.40548081957932675 0.36314191186898637 0.46382846215909179 0.79225390127726969 0.70070266650944224 -1.3520489719510078 -0.86060558149689115 0.78424739276661593 0.35270986827090384 -0.57583844519796823 0.47694550206263858 -0.63618570586730705 0.52377360839888742 -1.6257932942021978 0.37093284924825037 1.1914399256110193 -1.1781577958915106 0.74629003991340781 -0.56649664007127287 -0.0081102475523948669 1.3987162601588103
leaf_weight=14404 25 24 368 22 351 110 125 37 280 33 76 22 21 41 20 38 34 32 21 24 29 53 22 21 25 27 29 32 69 29
leaf_count=14404 25 24 368 22 351 110 125 37 280 33 76 22 21 41 20 38 34 32 21 24 29 53 22 21 25 27 29 32 69 29
internal_value=9.46948e-10 0.0790471 0.0621025 0.612433 0.0769662 0.133463 0.0983134 -0.136778 0.148359 0.0508315 0.0931301 -0.0726784 0.250344 -0.00789942 -0.0102593 0.175426 0.0308872 -0.305947 0.329348 -0.0143537 -0.00843869 -0.00720121 -0.00912109 -0.650648 -0.0072336 -0.00928753 -0.00712043 -0.00862373 -0.00739273 0.408196
internal_weight=16444 1494 1448 46 1423 1033 923 162 761 389 356 390 372 14950 14760 190 149 70 79 45 14740 14711 14658 43 14615 14590 14563 14534 14502 98
internal_count=16444 1494 1448 46 1423 1033 923 162 761 389 356 390 372 14950 14760 190 149 70 79 45 14740 14711 14658 43 14615 14590 14563 14534 14502 98
is_linear=0
shrinkage=0.05


Tree=132
num_leaves=31
num_cat=0
split_feature=1 5 6 2 1 6 1 1 6 7 3 1 3 3 5 0 6 4 5 6 6 7 4 3 7 4 7 5 3 2
split_gain=3923.2 3333.5 5414.59 5464.77 15543.9 14081.3 18970.5 8822.79 11502.4 7514.67 6392.55 12109.8 10768.1 7706.84 12528.9 6859.16 13720.7 23268.4 14667.8 10897.9 12004.5 20266.9 16267.8 13058 19446.1 9979.52 9861.62 20291.7 16428.3 8247.46
threshold=1.0000000180025095e-35 37.500000000000007 950.50000000000011 35.500000000000007 846.50000000000011 620.50000000000011 581.50000000000011 503.50000000000006 458.50000000000006 12.500000000000002 27.500000000000004 865.50000000000011 26.500000000000004 29.500000000000004 69.500000000000014 21.450000000000003 727.50000000000011 561.50000000000011 82.500000000000014 294.50000000000006 336.50000000000006 12.500000000000002 444.50000000000006 1.0000000180025095e-35 10.500000000000002 281.50000000000006 13.500000000000002 77.500000000000014 7.5000000000000009 57.500000000000007
decision_type=2 2 2 2 2 2 2 2 2 2 2 2 2 2 2 2 2 2 2 2 2 2 2 2 2 2 2 2 2 2
left_child=-1 -2 3 4 5 6 7 8 -3 -7 12 13 15 14 -12 16 17 19 -18 25 -21 22 23 -22 -25 -5 27 -17 -29 -23
right_child=1 2 -4 10 -6 9 -8 -9 -10 -11 11 -13 -14 -15 -16 26 18 -19 -20 20 21 29 -24 24 -26 -27 -28 28 -30 -31
leaf_value=-0.026335690433796934 -0.0077330002225282886 -0.0518553235949505 0.67307905827249803 -0.040198959380722168 -1.4405135935003108 -0.040572758259311802 -1.4833778428179878 0.64212764923406007 -1.3337302511646634 0.99658163174986836 -0.073461208851249127 1.1949831664562225 -0.85544085056654051 0.10352784531465105 1.4232563644519141 0.12627685930454494 -1.4517045936650701 0.72563276148360711 0.089957831524036552 -1.2686270808204427 -0.14203928453581674 -0.1974223934295701 0.031598720786183386 -0.53358091582422673 -2.4803964951942707 0.75609875612480693 -0.033733213715012027 0.47959075127878503 1.9572828746504254 0.54733435792081497
leaf_weight=7603 4467 105 35 463 22 31 28 34 21 40 27 27 35 1410 29 699 36 92 27 32 21 82 43 23 29 43 783 62 27 68
leaf_count=7603 4467 105 35 463 22 31 28 34 21 40 27 27 35 1410 29 699 36 92 27 32 21 82 43 23 29 43 783 62 27 68
internal_value=1.3418e-10 0.0226479 0.0536748 0.0486785 -0.164559 -0.0561771 -0.282741 -0.07263 -0.265501 0.54374 0.0634443 0.1457 0.0155662 0.126375 0.701625 0.0276157 -0.0777561 -0.0276067 -0.790992 -0.113798 -0.353671 -0.243601 -0.739896 -1.19434 -1.6193 0.0274706 0.0919387 0.216813 0.927879 0.140201
internal_weight=16444 8841 4374 4339 281 259 188 160 126 71 4058 1493 2565 1466 56 2530 959 896 63 804 298 266 116 73 52 506 1571 788 89 150
internal_count=16444 8841 4374 4339 281 259 188 160 126 71 4058 1493 2565 1466 56 2530 959 896 63 804 298 266 116 73 52 506 1571 788 89 150
is_linear=0
shrinkage=0.05


Tree=133
num_leaves=31
num_cat=0
split_feature=0 5 3 0 2 0 6 4 6 6 2 1 3 1 6 1 6 6 6 4 8 6 5 1 6 2 6 8 8 4
split_gain=3666.44 4771.49 6029.77 5012.08 6115.97 3730.42 6805.18 3446.81 2267.65 14263.4 29221 4396.5 3329.57 2827.1 2445.38 9312.78 5370.57 2518.56 5190.87 15101.8 6596.02 4633.61 9743.1 7997.25 7495.32 5204.02 6606.16 11395.9 4618.34 4251.65
threshold=29.450000000000003 4.5000000000000009 60.500000000000007 32.95000000000001 29.500000000000004 31.950000000000003 905.50000000000011 898.50000000000011 950.50000000000011 931.50000000000011 59.500000000000007 927.50000000000011 4.5000000000000009 961.50000000000011 911.50000000000011 901.50000000000011 905.50000000000011 898.50000000000011 862.50000000000011 794.50000000000011 4.5000000000000009 816.50000000000011 81.500000000000014 865.50000000000011 808.50000000000011 43.500000000000007 836.50000000000011 4.5000000000000009 5.5000000000000009 828.50000000000011
decision_type=2 2 2 2 2 2 2 2 2 2 2 2 2 2 2 2 2 2 2 2 2 2 2 2 2 2 2 2 2 2
left_child=8 -2 3 4 -3 7 -7 -6 9 11 -11 14 13 -10 16 -16 17 18 21 -20 -21 24 23 25 -1 -23 27 -27 -22 -28
right_child=1 2 -4 -5 5 6 -8 -9 12 10 -12 -13 -14 -15 15 -17 -18 -19 19 20 28 22 -24 -25 -26 26 29 -29 -30 -31
leaf_value=-0.0069044553095913511 -0.075916001827942073 -0.589019689051544 0.78323505205266619 0.42028368377665948 0.096224446301009958 0.071113637721613998 -0.79318272229284048 0.43628302123173174 -0.37746729652086897 -2.191516617753289 0.41602412135828115 0.5793305769562721 0.80558124212991622 0.43359456983479588 1.1358502779688153 -0.27982034958325902 -0.74073833703994751 0.48439702471861479 -1.5940355253219605 -0.70229822354657312 0.59591190031596597 0.68498342454433447 1.1621793749332427 0.91844351792335521 -0.71005137209829527 -1.4962122662436395 0.73266820311546332 -0.014796261730439523 -0.30462083319822947 -0.15938798254903627
leaf_weight=14387 389 34 34 114 729 79 32 83 21 22 21 32 21 22 21 26 25 26 20 28 35 20 25 25 38 21 22 34 24 34
leaf_count=14387 389 34 34 114 729 79 32 83 21 22 21 32 21 22 21 26 25 26 20 28 35 20 25 25 38 21 22 34 24 34
internal_value=-7.17749e-10 0.0746851 0.127702 0.106892 0.0695596 0.0938193 -0.178053 0.130984 -0.00746352 -0.00874036 -0.918066 -0.00610606 0.289523 0.0374946 -0.00737093 0.352713 -0.00851723 -0.00727525 -0.0081441 -0.355131 -0.0703257 -0.00560216 0.245808 0.0989534 -0.00875677 -0.0574378 -0.191207 -0.580428 0.229594 0.191063
internal_weight=16444 1494 1105 1071 957 923 111 812 14950 14886 43 14843 64 43 14811 47 14764 14739 14713 107 87 14606 181 156 14425 131 111 55 59 56
internal_count=16444 1494 1105 1071 957 923 111 812 14950 14886 43 14843 64 43 14811 47 14764 14739 14713 107 87 14606 181 156 14425 131 111 55 59 56
is_linear=0
shrinkage=0.05


Tree=134
num_leaves=31
num_cat=0
split_feature=4 2 4 2 4 5 8 1 6 8 5 5 0 1 8 0 5 4 4 6 0 7 1 0 3 5 6 2 1 4
split_gain=3437.59 3085.94 3086.39 3150.23 5960.32 17280.9 10507.6 6372.45 5516.15 5441.8 5171.2 11076.4 18898.8 17321.8 9301.41 8912.53 13448 19360 30390.6 8493.51 8219.8 12118.3 11282.2 8953.57 7212.39 6837.87 6624.19 9689.42 10044.4 14279
threshold=2.5000000000000004 20.500000000000004 967.50000000000011 72.500000000000014 296.50000000000006 59.500000000000007 2.5000000000000004 294.50000000000006 305.50000000000006 10.500000000000002 99.500000000000014 83.500000000000014 18.850000000000005 426.50000000000006 3.5000000000000004 16.050000000000004 63.500000000000007 249.50000000000003 433.50000000000006 497.50000000000006 25.150000000000002 15.500000000000002 488.50000000000006 27.650000000000002 32.500000000000007 57.500000000000007 862.50000000000011 35.500000000000007 743.50000000000011 632.50000000000011
decision_type=2 2 2 2 2 2 2 2 2 2 2 2 2 2 2 2 2 2 2 2 2 2 2 2 2 2 2 2 2 2
left_child=-1 -2 3 10 7 8 -7 -5 -6 -8 11 15 13 24 -14 16 25 -18 -19 -15 21 22 -16 -22 -13 -3 27 -12 -29 -30
right_child=1 2 -4 4 5 6 9 -9 -10 -11 26 12 14 19 20 -17 17 18 -20 -21 23 -23 -24 -25 -26 -27 -28 28 29 -31
leaf_value=-0.024115902510565338 0.62704927736804605 -0.11917239933643045 0.54429675255502974 0.053975858756185525 0.79445370726287368 0.19252028517863329 1.7291191132739188 -0.8468577608466149 -0.08886139333297155 0.69327447102183393 -0.79764024833237512 -0.16116592517265907 -0.77542942897839984 2.3140217548608781 0.14402675989062289 0.024710831153123846 0.068125181756026693 -2.6760821479683123 -0.23075379133224488 0.964933644448008 -1.0449344747364522 -0.58620119417707128 1.3349309201176103 0.33810823613947094 0.78863042883756684 0.65653099079926813 -0.98125985318964182 -0.10210925289719697 -0.24098343167986191 1.5817853835496036
leaf_weight=7783 21 536 28 1066 20 34 32 20 152 21 46 39 33 20 43 5639 42 24 27 28 25 24 37 22 41 30 22 546 21 22
leaf_count=7783 21 536 28 1066 20 34 32 20 152 21 46 39 33 20 43 5639 42 24 27 28 25 24 37 22 41 30 22 546 21 22
internal_value=4.15303e-11 0.0216712 0.0201998 0.0184958 0.0887877 0.304318 0.878578 0.0373859 0.0138497 1.31869 0.00548592 0.0187834 0.309582 0.776148 -0.0149858 0.0043774 -0.169614 -0.726829 -1.3815 1.52705 0.151204 0.3992 0.69482 -0.397553 0.325605 -0.0780574 -0.128299 -0.0987472 -0.0441647 0.691596
internal_weight=16444 8661 8640 8612 1345 259 87 1086 172 53 7267 6610 312 128 184 6298 659 93 51 48 151 104 80 47 80 566 657 635 589 43
internal_count=16444 8661 8640 8612 1345 259 87 1086 172 53 7267 6610 312 128 184 6298 659 93 51 48 151 104 80 47 80 566 657 635 589 43
is_linear=0
shrinkage=0.05


Tree=135
num_leaves=31
num_cat=0
split_feature=0 5 3 3 1 2 5 3 3 0 6 5 1 8 1 6 2 4 4 6 2 0 1 2 3 1 6 1 2 4
split_gain=3268.41 3115.43 5215.04 17285.8 7159.14 4215.47 3774.63 3585.83 4114.76 3484.82 4835.63 9178.34 6573.96 3360.42 2928.56 8770.32 61021.7 8568.18 4118.67 4815.14 16846.3 22959.3 40369.7 12950.4 20155.2 21768.8 20079.7 4610.8 33013.9 5912.47
threshold=26.250000000000004 35.500000000000007 86.500000000000014 65.500000000000014 586.50000000000011 24.500000000000004 58.500000000000007 93.500000000000014 1.0000000180025095e-35 31.250000000000004 682.50000000000011 65.500000000000014 611.50000000000011 8.5000000000000018 931.50000000000011 908.50000000000011 59.500000000000007 940.50000000000011 771.50000000000011 727.50000000000011 36.500000000000007 22.850000000000005 759.50000000000011 67.500000000000014 72.500000000000014 784.50000000000011 753.50000000000011 707.50000000000011 42.500000000000007 628.50000000000011
decision_type=2 2 2 2 2 2 2 2 2 2 2 2 2 2 2 2 2 2 2 2 2 2 2 2 2 2 2 2 2 2
left_child=14 7 3 5 -4 -3 -7 8 -2 10 12 -12 -8 -13 15 18 -17 -16 19 27 -21 23 -23 24 25 26 -22 29 -29 -1
right_child=1 2 4 -5 -6 6 9 -9 -10 -11 11 13 -14 -15 17 16 -18 -19 -20 20 21 22 -24 -25 -26 -27 -28 28 -30 -31
leaf_value=-0.020097335969954572 -0.042153602467596835 -0.60836984202975319 0.087238546137539841 -1.2581593786851348 0.98651114137549156 0.066064401124620226 0.22135450516298816 -0.61930013221243163 0.10941619460429806 0.82487426904531636 0.70723385924384718 -0.16437384597957136 1.0697334232153717 -1.0419253292679789 0.98890417905954209 -2.6044520275159315 1.0411902700861295 -0.36899312394005912 0.15410536192964927 1.0421491942961107 -0.59163759230148227 -2.5589243826167341 0.036410179445820472 -1.0994309625842356 1.5327889670496404 -1.3184344462127999 1.5698949846354397 -1.4356293116297041 0.7948354960996894 0.20287379330875291
leaf_weight=11794 1338 21 53 24 38 1152 148 23 673 26 21 24 27 20 26 22 24 21 368 22 21 29 31 22 23 26 22 21 79 305
leaf_count=11794 1338 21 53 24 38 1152 148 23 673 26 21 24 27 20 26 22 24 21 368 22 21 29 31 22 23 26 22 21 79 305
internal_value=-2.107e-10 0.042195 0.0954981 0.0726542 0.462759 0.0948498 0.105264 0.00147083 0.00857065 0.275032 0.215465 -0.152793 0.352247 -0.563261 -0.0117763 -0.0132218 -0.702378 0.382184 -0.010738 -0.0156321 -0.261491 -0.426319 -1.218 -0.00964325 0.250958 -0.176319 0.514263 -0.0116819 0.326438 -0.0144765
internal_weight=16444 3588 1554 1463 91 1439 1418 2034 2011 266 240 65 175 44 12856 12809 46 47 12763 12395 196 174 60 114 92 69 43 12199 100 12099
internal_count=16444 3588 1554 1463 91 1439 1418 2034 2011 266 240 65 175 44 12856 12809 46 47 12763 12395 196 174 60 114 92 69 43 12199 100 12099
is_linear=0
shrinkage=0.05


Tree=136
num_leaves=31
num_cat=0
split_feature=4 0 5 1 4 6 5 6 5 3 2 1 6 1 5 1 6 4 3 3 1 4 5 4 1 0 3 2 4 3
split_gain=3013.93 2913.25 3092.56 2688.57 2254.86 2131.81 2008.98 4579.15 21096.4 6849.86 3919.86 18307.8 10606.3 18239.1 8039.05 6994.85 11697.1 5167.32 7667.62 11536.7 10232.8 11029 24290.6 31185.7 22294.8 13124.6 16985.4 12763.6 12869.6 17680.8
threshold=967.50000000000011 33.650000000000013 4.5000000000000009 967.00000000000011 936.50000000000011 891.50000000000011 37.500000000000007 937.50000000000011 22.500000000000004 2.5000000000000004 35.500000000000007 831.50000000000011 626.50000000000011 581.50000000000011 82.500000000000014 503.50000000000006 458.50000000000006 57.500000000000007 27.500000000000004 26.500000000000004 865.50000000000011 503.50000000000006 93.500000000000014 581.50000000000011 488.50000000000006 22.550000000000004 57.500000000000007 74.500000000000014 697.50000000000011 40.500000000000007
decision_type=2 2 2 2 2 2 2 2 2 2 2 2 2 2 2 2 2 2 2 2 2 2 2 2 2 2 2 2 2 2
left_child=1 3 -3 6 -5 -4 7 -1 9 -9 11 12 13 15 -14 16 -8 -12 19 -19 21 24 27 -24 -20 26 -26 28 29 -23
right_child=-2 2 5 4 -6 -7 10 8 -10 -11 17 -13 14 -15 -16 -17 -18 18 20 -21 -22 22 23 -25 25 -27 -28 -29 -30 -31
leaf_value=-0.016764086106065321 0.51830749554293498 -0.030376529291508692 0.28406552423130382 0.7677074903249741 0.10875929711839638 0.88687232911586777 -0.040781306810224592 -0.42636871154491723 -1.6339147666469218 0.71068292304321579 -0.018652021510499581 -1.5056978062443112 0.012747357313831649 -1.4077785537198739 1.2019813855489097 0.62420142196557105 -1.2699717064698539 0.024647027622585728 0.15755599820638871 -0.9625807770093282 1.1287941537521504 0.54785151143868771 -2.4971356484023008 -0.1316510615380187 0.62380616922791188 0.30875340968370441 2.449115014076233 1.2865797434534345 0.51924866783950063 -0.4536354320235999
leaf_weight=8744 28 63 55 20 37 20 247 26 24 27 3524 23 30 27 27 34 21 2180 742 30 27 60 22 38 26 40 25 21 90 166
leaf_count=8744 28 63 55 20 37 20 247 26 24 27 3524 23 30 27 27 34 21 2180 742 30 27 60 22 38 26 40 25 21 90 166
internal_value=-2.20836e-10 -0.000884053 0.227879 -0.00282344 0.339969 0.444814 -0.004028 -0.0201447 -0.40404 0.152884 0.0151835 -0.135268 -0.0536105 -0.162704 0.576069 -0.0513892 -0.137098 0.0239855 0.0673241 0.0112457 0.165918 0.144782 -0.0720946 -0.998995 0.248143 0.98678 1.51857 0.0929322 0.0136076 -0.187754
internal_weight=16444 16416 138 16278 57 75 16221 8821 77 53 7400 409 386 329 57 302 268 6991 3467 2210 1257 1230 397 60 833 91 51 337 316 226
internal_count=16444 16416 138 16278 57 75 16221 8821 77 53 7400 409 386 329 57 302 268 6991 3467 2210 1257 1230 397 60 833 91 51 337 316 226
is_linear=0
shrinkage=0.05


Tree=137
num_leaves=31
num_cat=0
split_feature=0 3 2 4 5 0 0 1 4 8 3 3 1 1 4 4 3 6 1 6 0 0 2 2 1 4 1 5 1 1
split_gain=2933.59 4230.26 5811.23 5539.35 3818.71 3446.11 3775.65 3180.54 3814.01 2753.27 2953.82 2545.76 2720.31 2516.21 3883.34 2329.27 2128.35 2125.34 2002.22 12962.1 5149.56 5172.01 8040.47 4670.14 4192.04 5136.29 5366.3 14613.2 11266.1 13460.6
threshold=29.450000000000003 50.500000000000007 22.500000000000004 683.50000000000011 8.5000000000000018 33.350000000000001 31.650000000000002 875.50000000000011 851.50000000000011 7.5000000000000009 26.500000000000004 4.5000000000000009 883.50000000000011 851.50000000000011 825.50000000000011 959.50000000000011 4.5000000000000009 811.50000000000011 905.50000000000011 923.50000000000011 23.350000000000005 27.050000000000004 57.500000000000007 56.500000000000007 895.50000000000011 903.50000000000011 875.50000000000011 37.500000000000007 865.50000000000011 858.50000000000011
decision_type=2 2 2 2 2 2 2 2 2 2 2 2 2 2 2 2 2 2 2 2 2 2 2 2 2 2 2 2 2 2
left_child=18 2 -2 -3 15 6 9 -8 -9 11 13 -6 -13 16 -15 -4 17 -11 19 24 -20 22 -22 -23 25 26 28 -28 29 -1
right_child=1 3 4 -5 5 -7 7 8 -10 10 -12 12 -14 14 -16 -17 -18 -19 20 -21 21 23 -24 -25 -26 -27 27 -29 -30 -31
leaf_value=-0.0055255511921443561 -0.7038956880569458 0.01352773935844501 -0.08090109376507805 1.1119302056052469 0.18050074479051614 0.43365782554502846 0.047091380478901289 -0.97114680081605909 -0.13538603449976722 0.013175183196557361 -0.40177333345918947 0.78312685455661279 0.10978870391845703 0.77770846130386484 0.053675755437301555 0.41546102015674119 0.29114938128674245 -0.43562011949477664 0.65082674520771677 -1.2807834905385971 -0.78664235096228752 0.737620853698429 0.28906221692450346 -0.038809642526838523 -0.60758596370960105 0.59914111516305379 -1.4336760040858518 0.36881556402553217 0.94656524422668642 -1.1028627661722046
leaf_weight=14572 25 24 433 22 275 81 107 20 43 177 33 40 24 31 46 25 57 31 41 20 38 34 32 45 29 35 23 22 31 28
leaf_count=14572 25 24 433 22 275 81 107 20 43 177 33 40 24 31 46 25 57 31 41 20 38 34 32 45 29 35 23 22 31 28
internal_value=3.92203e-10 0.0668053 0.0518094 0.538851 0.065086 0.121514 0.0929126 -0.118857 -0.400707 0.143334 0.0499809 0.246601 0.530625 0.0935712 0.345169 -0.0538071 0.0204653 -0.0537126 -0.00667606 -0.00875212 0.154601 0.0180554 -0.294892 0.29535 -0.00702616 -0.00584227 -0.00728506 -0.552458 -0.0056083 -0.00763003
internal_weight=16444 1494 1448 46 1423 965 884 170 63 714 375 339 64 342 77 458 265 208 14950 14760 190 149 70 79 14740 14711 14676 45 14631 14600
internal_count=16444 1494 1448 46 1423 965 884 170 63 714 375 339 64 342 77 458 265 208 14950 14760 190 149 70 79 14740 14711 14676 45 14631 14600
is_linear=0
shrinkage=0.05


Tree=138
num_leaves=31
num_cat=0
split_feature=0 6 0 6 6 4 4 7 8 0 0 5 2 6 6 1 1 6 0 3 0 5 1 2 3 3 4 4 7 5
split_gain=2776.31 2883.58 21502.3 5870.59 2995.08 3026.84 4397.56 6452.13 5778.99 9494.02 6407.09 7421.02 6122.09 4318.25 13677.1 4174.27 3963.3 3912.75 16591.9 8041.28 8674.78 7954.3 4291.95 28944.2 5746.08 8106.42 5315.76 15473.4 9222.9 10011.7
threshold=26.250000000000004 931.50000000000011 24.050000000000004 911.50000000000011 901.50000000000011 771.50000000000011 790.50000000000011 13.500000000000002 4.5000000000000009 24.250000000000004 21.550000000000004 25.500000000000004 58.500000000000007 816.50000000000011 800.50000000000011 879.50000000000011 858.50000000000011 727.50000000000011 25.250000000000004 28.500000000000004 21.950000000000003 70.500000000000014 707.50000000000011 42.500000000000007 1.0000000180025095e-35 25.500000000000004 628.50000000000011 621.50000000000011 14.500000000000002 45.500000000000007
decision_type=2 2 2 2 2 2 2 2 2 2 2 2 2 2 2 2 2 2 2 2 2 2 2 2 2 2 2 2 2 2
left_child=1 3 -3 4 5 13 7 -7 9 12 -10 16 -8 14 17 -13 -12 22 19 20 -19 -21 26 -24 -25 -26 27 -1 29 -28
right_child=-2 2 -4 -5 -6 6 8 -9 10 -11 11 15 -14 -15 -16 -17 -18 18 -20 21 -22 -23 23 24 25 -27 28 -29 -30 -31
leaf_value=-0.01577472259868536 0.038889046053137387 -1.5939832192659378 0.72454316809773456 0.67770275675481373 -0.51875053767500257 0.0078582286834716804 0.3806393765486204 1.2626991975679995 -0.46290391555854254 -0.84602048375776828 0.46737821377240696 1.367709683418274 -0.23630581287644714 0.55698832688909594 -1.3222097104787827 0.49934247958083305 -0.43366519834684292 -0.92856903124499979 -1.6095939183235168 -0.14339727727430207 0.1864706229757179 1.1115139864709067 -1.3342606754530044 0.14537847225482647 1.6596827047842522 0.42272797318605282 0.2081240048096783 -1.1721491308047856 -0.2288359882412376 1.0853797268867493
leaf_weight=11765 3588 20 20 31 29 21 78 20 21 35 26 25 83 33 20 31 23 37 20 28 33 23 21 26 27 26 174 29 91 40
leaf_count=11765 3588 20 20 31 29 21 78 20 21 35 26 25 83 33 20 31 23 37 20 28 33 23 21 26 27 26 174 29 91 40
internal_value=2.01194e-10 -0.0108536 -0.43472 -0.00953067 -0.011197 -0.0100431 0.132269 0.619976 0.0701698 -0.0996644 0.334356 0.493809 0.0625869 -0.0142116 -0.0157366 0.887006 0.0444395 -0.0136191 -0.275501 -0.0549903 -0.402907 0.422543 -0.0105922 0.315627 0.754205 1.05287 -0.0132885 -0.0186181 0.192802 0.372097
internal_weight=16444 12856 40 12816 12785 12756 363 41 322 196 126 105 161 12393 12360 56 49 12340 141 121 70 51 12199 100 79 53 12099 11794 305 214
internal_count=16444 12856 40 12816 12785 12756 363 41 322 196 126 105 161 12393 12360 56 49 12340 141 121 70 51 12199 100 79 53 12099 11794 305 214
is_linear=0
shrinkage=0.05


Tree=139
num_leaves=31
num_cat=0
split_feature=6 8 3 2 0 6 0 4 5 1 1 3 0 1 2 4 5 2 0 6 6 7 1 7 4 5 4 1 1 1
split_gain=2694.6 3883.74 5518.1 4486.36 2343.99 3348.84 18450.7 6158.04 2534.6 2347.61 1904.4 1903.6 9831.92 6195.71 8058.03 11929.9 9809.62 6676.45 8892.36 4986.56 17939.3 17268.3 7978.37 6192.31 5858.84 5458.32 5256.37 7881.1 4858.2 4839.43
threshold=950.50000000000011 6.5000000000000009 3.5000000000000004 58.500000000000007 33.350000000000001 931.50000000000011 28.550000000000004 908.50000000000011 4.5000000000000009 923.50000000000011 971.50000000000011 99.500000000000014 26.650000000000002 687.50000000000011 43.500000000000007 156.50000000000003 35.500000000000007 47.500000000000007 18.450000000000003 438.50000000000006 501.50000000000006 13.500000000000002 373.50000000000006 13.500000000000002 602.50000000000011 48.500000000000007 263.50000000000006 223.50000000000003 290.50000000000006 581.50000000000011
decision_type=2 2 2 2 2 2 2 2 2 2 2 2 2 2 2 2 2 2 2 2 2 2 2 2 2 2 2 2 2 2
left_child=4 2 3 10 5 7 -7 11 -6 -8 -2 -1 13 14 15 -13 -17 18 -16 22 23 25 26 -21 -23 -22 27 -19 -28 -14
right_child=1 -3 -4 -5 8 6 9 -9 -10 -11 -12 12 29 -15 17 16 -18 19 -20 20 21 24 -24 -25 -26 -27 28 -29 -30 -31
leaf_value=-0.0097670581973625589 -0.16554063404737801 0.6844305648523219 0.62393549449982189 -0.73183220053712539 -0.039335944492902078 -1.1998725917604236 0.65956696825101968 0.32471585325844643 0.35990901525010882 0.01069210171699524 0.47818578541278839 -0.050632536568446088 0.29604590386152269 -0.78478334157363239 0.14280229452997448 0.02659971654415131 1.3828090738505125 -0.0071007305474153591 -1.3139202001419934 0.46533053788271816 0.043034189939498903 -1.4269864696264269 -1.0098353788256647 1.6051047809708578 -0.29789868637367534 1.1568237174641003 0.13130260906940283 -0.9477321837259377 1.0591013370525271 1.3353866435232618
leaf_weight=14721 27 34 31 24 70 36 20 143 92 46 20 64 24 23 20 20 40 700 22 22 22 20 20 26 27 22 43 23 21 21
leaf_count=14721 27 34 31 24 70 36 20 143 92 46 20 64 24 23 20 20 40 700 22 22 22 20 20 26 27 22 43 23 21 21
internal_value=1.62634e-10 0.221638 0.067374 -0.175632 -0.00184834 -0.00374711 -0.289336 -0.00193148 0.187396 0.207321 0.108386 -0.00486907 0.0562355 0.0274975 0.0442982 0.424225 0.930739 -0.00338486 -0.620243 0.0240021 0.300603 -0.111935 -0.0236405 1.08271 -0.778362 0.599929 0.00142159 -0.037024 0.435737 0.781072
internal_weight=16444 136 102 71 16308 16146 102 16044 162 66 47 15901 1180 1135 1112 124 60 988 42 946 139 91 807 48 47 44 787 723 64 45
internal_count=16444 136 102 71 16308 16146 102 16044 162 66 47 15901 1180 1135 1112 124 60 988 42 946 139 91 807 48 47 44 787 723 64 45
is_linear=0
shrinkage=0.05


Tree=140
num_leaves=31
num_cat=0
split_feature=4 0 5 1 4 5 6 5 3 2 1 6 1 7 1 6 2 4 4 4 0 1 0 6 0 2 1 6 4 6
split_gain=2482.75 2199.13 2615.6 2117.43 1951.36 1709.94 4057.79 18728.2 5839.7 3559.16 15973.7 9103.09 15948.6 7624.06 6295.72 10765 4549.18 6931.62 4685.75 4519.72 5000.76 4456.31 3916.63 3770.79 15373.6 7336.63 4710.64 3843.57 13465.6 7909.59
threshold=967.50000000000011 33.650000000000013 46.500000000000007 967.00000000000011 936.50000000000011 37.500000000000007 937.50000000000011 22.500000000000004 2.5000000000000004 35.500000000000007 831.50000000000011 626.50000000000011 581.50000000000011 12.500000000000002 503.50000000000006 458.50000000000006 37.500000000000007 156.50000000000003 851.50000000000011 832.50000000000011 27.650000000000002 905.50000000000011 25.550000000000004 869.50000000000011 29.050000000000004 60.500000000000007 891.50000000000011 808.50000000000011 722.50000000000011 823.50000000000011
decision_type=2 2 2 2 2 2 2 2 2 2 2 2 2 2 2 2 2 2 2 2 2 2 2 2 2 2 2 2 2 2
left_child=1 3 -3 5 -5 6 -1 8 -8 10 11 12 14 -13 15 -7 17 -11 19 23 -21 -20 -19 27 25 -25 -26 -18 -29 -30
right_child=-2 2 -4 4 -6 9 7 -9 -10 16 -12 13 -14 -15 -16 -17 18 22 21 20 -22 -23 -24 24 26 -27 -28 28 29 -31
leaf_value=-0.015242903235134829 0.47042204599295351 0.10315693686876833 0.69779793992638595 0.69963580146431925 0.086636832759187044 -0.038809847091192659 -0.38990973994995537 -1.5385967937608562 0.65995825186923707 -0.1189762132242322 -1.409285500775213 -0.19893792000683874 -1.3182617486627013 0.98889439693519054 0.59104302823543553 -1.2180083926234928 0.017196594196238282 0.36311053101505553 0.67586357183754453 -0.98138277366136517 -0.0056716923055977657 0.062914730991790263 1.2436896090922149 1.5791597147782646 0.16102409400045872 0.35527428936958316 -0.79358847203354044 -1.1485396897420288 0.72506517439052987 -0.22707236689854074
leaf_weight=8744 28 116 22 20 37 247 26 24 27 40 23 22 27 35 34 21 6476 28 52 24 29 69 23 24 28 25 24 32 29 88
leaf_count=8744 28 116 22 20 37 247 26 24 27 40 23 22 27 35 34 21 6476 28 52 24 29 69 23 24 28 25 24 32 29 88
internal_value=-1.34069e-10 -0.000802377 0.197955 -0.00248738 0.301724 -0.00355637 -0.0184252 -0.379807 0.144929 0.0141677 -0.129195 -0.0529201 -0.153987 0.530433 -0.0498965 -0.13121 0.022555 0.373768 0.017923 0.0124182 -0.447503 0.326331 0.760234 0.0160423 0.31925 0.954728 -0.279566 0.0114198 -0.239656 0.00892754
internal_weight=16444 16416 138 16278 57 16221 8821 77 53 7400 409 386 329 57 302 268 6991 91 6900 6779 53 121 51 6726 101 49 52 6625 149 117
internal_count=16444 16416 138 16278 57 16221 8821 77 53 7400 409 386 329 57 302 268 6991 91 6900 6779 53 121 51 6726 101 49 52 6625 149 117
is_linear=0
shrinkage=0.05


Tree=141
num_leaves=31
num_cat=0
split_feature=6 8 3 2 4 3 8 6 4 4 6 1 5 4 1 3 0 1 7 2 1 6 2 4 2 4 2 4 3 8
split_gain=2376.07 3475.89 4738.02 3717.16 2121.94 10680 11179.8 5668.11 39209.4 5291.46 2425.24 1690.99 1671.43 4345.92 9948.79 24392.7 5868.17 5014.08 6447.1 5691.9 4846.78 5052.41 3001.76 2722.28 13518.6 3304.87 5521.96 9644.84 10878.5 7865.87
threshold=950.50000000000011 6.5000000000000009 3.5000000000000004 58.500000000000007 921.50000000000011 2.5000000000000004 5.5000000000000009 931.50000000000011 890.50000000000011 908.50000000000011 931.50000000000011 971.50000000000011 34.500000000000007 855.50000000000011 875.50000000000011 4.5000000000000009 28.950000000000003 851.50000000000011 14.500000000000002 59.500000000000007 842.50000000000011 865.50000000000011 54.500000000000007 790.50000000000011 56.500000000000007 57.500000000000007 72.500000000000014 392.50000000000006 47.500000000000007 3.5000000000000004
decision_type=2 2 2 2 2 2 2 2 2 2 2 2 2 2 2 2 2 2 2 2 2 2 2 2 2 2 2 2 2 2
left_child=4 2 3 11 7 6 -6 9 -9 12 -7 -2 -1 14 17 16 -16 20 19 -19 21 23 -18 25 -25 -14 -27 29 -29 -28
right_child=1 -3 -4 -5 5 10 -8 8 -10 -11 -12 -13 13 -15 15 -17 22 18 -20 -21 -22 -23 -24 24 -26 26 27 28 -30 -31
leaf_value=-0.019068619751014607 -0.16258426409352711 0.64594437436145902 0.57790991317841323 -0.66926734298467638 -0.95279207110404984 0.45504896320402627 0.24334798745278802 0.40522395940054035 -2.2408450501305714 0.47928572460159402 1.1086330167949201 0.44400127597153188 -0.016595144722269067 0.35298202830537034 0.70189052997600465 -1.7073415369823062 0.12174013822718904 -0.37791770819042414 1.078351177096367 0.69679678431288761 -0.6223595958948136 0.72405755037069319 -0.58913735638965259 -1.2949923315773839 0.16970729112625124 0.024768563846456718 -0.26905790570236388 0.045252946623273803 1.1861404284834862 0.23206977351650282
leaf_weight=8216 27 34 31 24 30 40 56 42 21 57 22 20 3905 93 21 29 27 28 25 22 30 25 33 23 50 3015 105 37 48 308
leaf_count=8216 27 34 31 24 30 40 56 42 21 57 22 20 3905 93 21 29 27 28 25 22 30 25 33 23 50 3015 105 37 48 308
internal_value=-1.61437e-10 0.208126 0.0621867 -0.162988 -0.00173566 0.186727 -0.17391 -0.00346168 -0.476799 -0.00160915 0.686966 0.0955372 -0.00331806 0.0132216 0.00913449 -0.46298 -0.0174673 0.0159489 0.422755 0.0949567 0.0119056 0.0144373 -0.269242 0.012069 -0.291773 0.0150591 0.0502456 0.204489 0.689519 0.104664
internal_weight=16444 136 102 71 16308 148 86 16160 63 16097 62 47 16040 7824 7731 110 81 7621 75 50 7546 7516 60 7491 73 7418 3513 498 85 413
internal_count=16444 136 102 71 16308 148 86 16160 63 16097 62 47 16040 7824 7731 110 81 7621 75 50 7546 7516 60 7491 73 7418 3513 498 85 413
is_linear=0
shrinkage=0.05


Tree=142
num_leaves=31
num_cat=0
split_feature=0 1 4 6 5 3 3 4 5 3 2 8 1 3 3 0 2 1 2 6 4 4 6 1 4 5 4 5 5 6
split_gain=2258.03 2629.53 7421.49 6690.89 2461.32 4319.45 15716.9 5914.32 13210.2 3455.44 6767.38 4497.26 4036.5 3381.38 3322.69 2999.55 2358.85 2013.37 3958.07 3311.06 2539.68 2697.38 2541.67 4300.45 2198.68 2100.86 2094.9 1981.63 2461.71 2587.67
threshold=26.250000000000004 934.50000000000011 940.50000000000011 920.50000000000011 35.500000000000007 86.500000000000014 65.500000000000014 498.50000000000006 73.500000000000014 51.500000000000007 25.500000000000004 9.5000000000000018 503.50000000000006 93.500000000000014 1.0000000180025095e-35 34.250000000000007 52.500000000000007 842.50000000000011 44.500000000000007 872.50000000000011 776.50000000000011 748.50000000000011 687.50000000000011 729.50000000000011 817.50000000000011 29.500000000000004 516.50000000000011 96.500000000000014 80.500000000000014 934.50000000000011
decision_type=2 2 2 2 2 2 2 2 2 2 2 2 2 2 2 2 2 2 2 2 2 2 2 2 2 2 2 2 2 2
left_child=1 3 -3 -1 13 6 9 -7 -9 10 -6 15 -13 14 -2 27 -14 20 -19 -20 21 22 26 -24 -22 -21 -16 28 29 -12
right_child=4 2 -4 -5 5 7 -8 8 -10 -11 11 12 16 -15 17 -17 -18 18 19 25 24 -23 23 -25 -26 -27 -28 -29 -30 -31
leaf_value=-0.0096190101689165707 -0.039812706717819335 1.018906581401825 -0.31189678306691349 -0.9028390282676334 -0.84109330743551247 -0.0702738251235034 -1.2073247298598291 0.15055716309477302 1.7700050687789919 0.64313231441709728 0.03909042873628546 -0.12636911343960536 0.33466310834884649 -0.60394014819808639 0.033350029953726337 0.60624231636524206 0.99741052553571508 -0.34429637575149541 0.73222816181488526 0.32253177896484564 -0.4910291402355621 0.52814628854393963 -0.73315390600607955 0.11577505222388676 0.13706325766715138 -0.16887270993199843 0.32111069373786449 0.49411428833007814 -0.44664728283882149 0.39299009722416051
leaf_weight=12793 1338 22 20 21 20 37 24 34 20 27 1188 21 25 23 256 25 29 25 39 87 38 32 26 35 22 29 84 25 25 54
leaf_count=12793 1338 22 20 21 20 37 24 34 20 27 1188 21 25 23 256 25 29 25 39 87 38 32 26 35 22 29 84 25 25 54
internal_value=-3.19193e-10 -0.00978824 0.385191 -0.0110828 0.0350718 0.0824499 0.0616598 0.416691 0.750353 0.0828242 0.0721101 0.0852309 0.461836 -0.00112566 0.00576879 0.0637841 0.690583 0.09639 0.239514 0.333676 0.0441339 0.0863781 0.0511248 -0.246064 -0.260729 0.199681 0.104444 0.0532876 0.0445894 0.0544774
internal_weight=16444 12856 42 12814 3588 1554 1463 91 54 1439 1412 1392 75 2034 2011 1317 54 673 180 155 493 433 401 61 60 116 340 1292 1267 1242
internal_count=16444 12856 42 12814 3588 1554 1463 91 54 1439 1412 1392 75 2034 2011 1317 54 673 180 155 493 433 401 61 60 116 340 1292 1267 1242
is_linear=0
shrinkage=0.05


Tree=143
num_leaves=31
num_cat=0
split_feature=0 5 3 3 8 3 3 0 0 6 1 6 5 6 4 1 6 2 0 0 2 0 6 6 1 4 8 4 7 5
split_gain=2088.04 3659.08 4732.84 5894.91 4123.22 2629.8 2144.35 1925.67 4054.89 4795.7 1969.45 3882.59 2799.56 2864.46 1755.94 1600.23 11062.4 43253.2 4864.11 4234.03 7042.15 4166.83 3049.13 17330.1 4740.13 7314.92 6418.56 6318.47 10450 4235.03
threshold=29.450000000000003 8.5000000000000018 40.500000000000007 26.500000000000004 6.5000000000000009 18.500000000000004 19.500000000000004 32.95000000000001 31.650000000000002 905.50000000000011 851.50000000000011 875.50000000000011 39.500000000000007 923.50000000000011 959.50000000000011 905.50000000000011 908.50000000000011 60.500000000000007 23.350000000000005 27.050000000000004 57.500000000000007 29.050000000000004 862.50000000000011 872.50000000000011 816.50000000000011 672.50000000000011 3.5000000000000004 802.50000000000011 13.500000000000002 11.500000000000002
decision_type=2 2 2 2 2 2 2 2 2 2 2 2 2 2 2 2 2 2 2 2 2 2 2 2 2 2 2 2 2 2
left_child=15 6 3 5 -4 7 14 8 10 -10 -3 -12 -13 -14 -2 16 22 -18 -17 20 -20 -21 24 -24 -1 -26 -27 28 -28 -25
right_child=1 2 4 -5 -6 -7 -8 -9 9 -11 11 12 13 -15 -16 18 17 -19 19 21 -22 -23 23 29 25 26 27 -29 -30 -31
leaf_value=-0.0065073028522524348 -0.05915364723424632 0.063397762922954459 1.1092608372370403 -0.56307370098417298 0.22767505273222924 0.64739176969636569 -0.56496119029819969 0.30464713926590292 -0.0082904074713587763 -0.66627621418899963 0.60169244868223348 0.26571891821566085 -0.51089625224984925 0.25587807787316191 0.38027288218339289 0.62082516638244067 -2.4125137331939879 0.83645991206169124 -0.73752085566520698 0.52579754310495719 0.26919053730671294 -0.23334328659943174 -1.3222540736198427 0.61738870556537928 1.1193852512609392 0.8320516777890069 0.34606528885662557 0.20822089871029018 -1.2014465238898993 -0.12991657665797643
leaf_weight=14388 431 441 21 34 36 22 20 97 120 36 57 105 29 21 24 41 21 20 38 51 32 28 29 26 21 28 20 113 24 70
leaf_count=14388 431 441 21 34 36 22 20 97 120 36 57 105 29 21 24 41 21 20 38 51 32 28 29 26 21 28 20 113 24 70
internal_value=-2.9903e-10 0.0563613 0.109786 0.083556 0.55247 0.107247 -0.0582482 0.0941311 0.06889 -0.160133 0.123603 0.248842 0.119083 -0.188851 -0.0359751 -0.00563236 -0.00748835 -0.827649 0.138548 0.00584139 -0.27731 0.256735 -0.00520378 -0.251099 -0.00309764 0.235049 0.134665 0.0102901 -0.498032 0.0724786
internal_weight=16444 1494 1019 962 57 928 475 906 809 156 653 212 155 50 455 14950 14760 41 190 149 70 79 14719 125 14594 206 185 157 44 96
internal_count=16444 1494 1019 962 57 928 475 906 809 156 653 212 155 50 455 14950 14760 41 190 149 70 79 14719 125 14594 206 185 157 44 96
is_linear=0
shrinkage=0.05


Tree=144
num_leaves=31
num_cat=0
split_feature=4 0 6 6 4 6 5 3 3 1 3 2 8 1 3 3 2 8 4 4 5 4 7 8 0 2 0 5 1 1
split_gain=2014.38 1806.88 2856.74 3468.02 7307.3 4045.4 2393.67 3891.26 14420.6 5467.25 3037.91 6132.12 4079.97 3642.94 2954.13 3064.58 2581.9 4457.4 2255.03 4264.18 5593.62 4106.21 5616.69 4387.56 8486.46 5700.66 5357.03 6973.12 4066.71 3916.94
threshold=967.50000000000011 26.250000000000004 937.50000000000011 911.50000000000011 912.50000000000011 901.50000000000011 35.500000000000007 86.500000000000014 65.500000000000014 586.50000000000011 51.500000000000007 25.500000000000004 9.5000000000000018 503.50000000000006 93.500000000000014 1.0000000180025095e-35 39.500000000000007 6.5000000000000009 771.50000000000011 752.50000000000011 35.500000000000007 790.50000000000011 13.500000000000002 4.5000000000000009 24.250000000000004 58.500000000000007 21.550000000000004 25.500000000000004 898.50000000000011 858.50000000000011
decision_type=2 2 2 2 2 2 2 2 2 2 2 2 2 2 2 2 2 2 2 2 2 2 2 2 2 2 2 2 2 2
left_child=1 2 3 5 -5 18 14 8 10 -9 11 -8 16 -14 15 -3 17 -13 19 -1 -21 22 -20 24 25 -23 -25 29 -29 -28
right_child=-2 6 -4 4 -6 -7 7 9 -10 -11 -12 12 13 -15 -16 -17 -18 -19 21 20 -22 23 -24 26 -26 -27 27 28 -30 -31
leaf_value=-0.010262051245494785 0.42373223389898035 -0.042672419016161617 -0.51395299253719195 1.1322776654362678 -0.21932299375534059 -0.62119393922664512 -0.80141342163085949 0.066458965416224508 -1.1578827107946077 0.85231908572543613 0.60328528240874968 0.64328258131839799 -0.1197252930629821 0.65637924185505625 -0.5686384470566459 0.088869148675716464 0.0403042973202625 -0.038269920377655232 0.014655454669679916 -0.033976553920014155 -1.1209035169333219 0.3673519181708495 1.1854416915960611 -0.44075947297470908 -0.79860035564218257 -0.22798014022858748 0.41458721849322322 1.1424030113220216 0.2622830247595197 -0.50018103420734406
leaf_weight=12344 28 1325 28 20 20 27 20 53 24 38 27 49 21 54 23 665 1221 47 21 29 20 78 20 21 35 83 25 35 21 22
leaf_count=12344 28 1325 28 20 20 27 20 53 24 38 27 49 21 54 23 665 1221 47 21 29 20 78 20 21 35 83 25 35 21 22
internal_value=3.38703e-10 -0.00072274 -0.00946288 -0.00836111 0.456477 -0.00981589 0.0307609 0.0773782 0.0576454 0.39462 0.0779183 0.0678723 0.080362 0.43907 -0.00522685 0.00128494 0.0599345 0.309606 -0.00852161 -0.0121099 -0.47762 0.114663 0.585771 0.0543028 -0.0929587 0.0604416 0.287071 0.435464 0.812358 -0.0136022
internal_weight=16444 16416 12849 12821 40 12781 3567 1554 1463 91 1439 1412 1392 75 2013 1990 1317 96 12754 12393 49 361 41 320 196 161 124 103 56 47
internal_count=16444 16416 12849 12821 40 12781 3567 1554 1463 91 1439 1412 1392 75 2013 1990 1317 96 12754 12393 49 361 41 320 196 161 124 103 56 47
is_linear=0
shrinkage=0.05


Tree=145
num_leaves=31
num_cat=0
split_feature=6 5 5 0 4 3 8 6 4 4 6 0 3 0 1 2 4 5 2 0 6 5 7 6 6 1 4 1 1 1
split_gain=1890.09 3214.26 3678.37 2456.58 2050.76 9920.64 9734.54 5310.16 34305.9 4661.56 2277.88 3240.69 1597.46 7871.94 5422.39 7241.79 10578.4 8727.69 6020.44 8050.18 4380.11 16437.9 10904.8 7806.25 13584.3 7255.1 4675.26 7136.35 4409.77 3597.94
threshold=950.50000000000011 35.500000000000007 24.500000000000004 30.650000000000002 921.50000000000011 2.5000000000000004 5.5000000000000009 931.50000000000011 890.50000000000011 908.50000000000011 901.50000000000011 25.150000000000002 99.500000000000014 26.650000000000002 687.50000000000011 43.500000000000007 156.50000000000003 35.500000000000007 47.500000000000007 18.450000000000003 438.50000000000006 48.500000000000007 14.500000000000002 501.50000000000006 620.50000000000011 373.50000000000006 263.50000000000006 223.50000000000003 290.50000000000006 581.50000000000011
decision_type=2 2 2 2 2 2 2 2 2 2 2 2 2 2 2 2 2 2 2 2 2 2 2 2 2 2 2 2 2 2
left_child=4 2 3 -2 7 6 -6 9 -9 12 -7 -12 -1 14 15 16 -14 -18 19 -17 25 22 -22 -23 -25 26 27 -20 -28 -15
right_child=1 -3 -4 -5 5 10 -8 8 -10 -11 11 -13 13 29 -16 18 17 -19 20 -21 21 23 -24 24 -26 -27 28 -29 -30 -31
leaf_value=-0.0075021961500984467 0.47318705152242613 0.56897498250771794 -0.53700529065999125 -0.099586387226978934 -0.890648629181087 0.25719837702133436 0.22550100332924297 0.36363582511742915 -2.1114492190735681 0.44991335970463986 1.3406642407178879 0.44056805402040483 -0.044038725494465331 0.28330629418293635 -0.732674211198869 0.137982786744833 0.027251082658767703 1.3064860658347608 -0.0047909569918577165 -1.2480422366749158 0.13440895108289497 1.3722369065508246 -1.2787787473201753 -0.6165113037824631 1.1478805015484492 -0.96133784249424936 0.12255384485388912 -0.89987603322319376 1.0064960804368768 1.1794709419920331
leaf_weight=14860 39 39 22 36 30 22 56 42 21 57 20 20 64 24 23 20 20 40 700 22 43 32 20 20 24 20 43 23 21 21
leaf_count=14860 39 39 22 36 30 22 56 42 21 57 20 20 64 24 23 20 20 40 700 22 43 32 20 20 24 20 43 23 21 21
internal_value=-5.72668e-11 0.185626 0.0314956 0.198256 -0.00154802 0.183727 -0.163854 -0.00324485 -0.461393 -0.00145176 0.665855 0.890616 -0.00305574 0.0529395 0.027225 0.0429423 0.403113 0.880074 -0.00226125 -0.58803 0.0237454 0.282982 -0.314222 0.778033 0.345884 -0.0209062 0.0029929 -0.0332653 0.412597 0.701516
internal_weight=16444 136 97 75 16308 148 86 16160 63 16097 62 40 16040 1180 1135 1112 124 60 988 42 946 139 63 76 44 807 787 723 64 45
internal_count=16444 136 97 75 16308 148 86 16160 63 16097 62 40 16040 1180 1135 1112 124 60 988 42 946 139 63 76 44 807 787 723 64 45
is_linear=0
shrinkage=0.05


Tree=146
num_leaves=31
num_cat=0
split_feature=0 5 3 3 8 6 3 0 0 6 5 7 6 5 5 8 2 5 0 4 1 0 2 6 1 1 7 6 5 6
split_gain=1798.16 3266.5 4188.51 5455.65 3525.08 2699.39 2466.89 2034.34 2497.9 5950.73 1560.26 1507.73 1486.74 21822 37979.8 28622.4 77611.4 17065.1 13531 6049.4 5365.91 4852.1 4235.79 4212.69 2967.81 11999.3 5965.1 2958.55 11228.6 16899.7
threshold=29.450000000000003 4.5000000000000009 40.500000000000007 26.500000000000004 6.5000000000000009 967.00000000000011 18.500000000000004 32.95000000000001 31.950000000000003 905.50000000000011 1.5000000000000002 12.500000000000002 862.50000000000011 10.500000000000002 38.500000000000007 5.5000000000000009 60.500000000000007 86.500000000000014 25.150000000000002 870.50000000000011 946.50000000000011 22.750000000000004 59.500000000000007 855.50000000000011 883.50000000000011 855.50000000000011 13.500000000000002 727.50000000000011 82.500000000000014 759.50000000000011
decision_type=2 2 2 2 2 2 2 2 2 2 2 2 2 2 2 2 2 2 2 2 2 2 2 2 2 2 2 2 2 2
left_child=12 10 3 5 -4 6 7 8 -3 11 -2 -10 23 20 15 16 -15 18 21 -20 -14 -16 -17 24 25 27 -27 -1 -29 -30
right_child=1 2 4 -5 -6 -7 -8 -9 9 -11 -12 -13 13 14 17 22 -18 -19 19 -21 -22 -23 -24 -25 -26 26 -28 28 29 -31
leaf_value=-0.00094024282011084597 -0.038877644054591654 0.0785363185687937 1.0284015973409018 -0.540272000127339 0.21326423842045994 0.66979106277227407 0.60665063939311292 0.27267255185524353 -0.28969883702018046 -0.72688460174728853 -0.37228606199033754 0.19642965364558945 0.68020390442958689 -4.2804440941129416 0.43136449185284703 0.10232689601403695 -0.11823535462220509 -1.0036026344849514 0.27128453098046473 -0.78130648107755762 -0.23321509048342706 1.402278285954268 -0.82104440201883733 0.56145315784396554 -0.47070940145674878 0.25562185533344745 1.4337488821397226 -0.2043278925188976 -0.5482935614056057 1.0153506804878514
leaf_weight=13937 350 746 21 35 36 20 22 111 22 34 39 58 82 21 22 27 24 26 39 21 20 31 23 33 34 22 21 492 27 48
leaf_count=13937 350 746 21 35 36 20 22 111 22 34 39 58 82 21 22 27 24 26 39 21 20 31 23 33 34 22 21 492 27 48
internal_value=-4.09604e-10 0.0523028 0.096169 0.0734664 0.513578 0.0946716 0.0830881 0.0712258 0.0452251 -0.172759 -0.0723042 0.0627443 -0.00522679 -0.109215 -0.37525 -1.14577 -2.0606 0.151364 0.417109 -0.0971223 0.501102 0.999257 -0.322424 -0.00283593 -0.00411304 -0.00302249 0.830986 -0.00549508 -0.117454 0.452439
internal_weight=16444 1494 1105 1048 57 1013 993 971 860 114 389 80 14950 336 234 95 45 139 113 60 102 53 50 14614 14581 14547 43 14504 567 75
internal_count=16444 1494 1105 1048 57 1013 993 971 860 114 389 80 14950 336 234 95 45 139 113 60 102 53 50 14614 14581 14547 43 14504 567 75
is_linear=0
shrinkage=0.05


Tree=147
num_leaves=31
num_cat=0
split_feature=1 4 6 0 0 2 5 0 0 4 4 0 0 2 1 1 8 6 6 5 8 1 0 1 0 1 2 1 8 6
split_gain=1723.23 4791.74 10678.3 4730.21 4289.61 2742.09 2745.55 4083.97 2105.08 2005.52 1845.62 3542.57 7713.69 4654.61 2483.99 14439 8692.18 8320.27 5535.74 4409.08 2761.39 1701.11 10114.8 3188.88 15806.9 5096.95 2797.06 2243.4 6220.77 2119.43
threshold=908.50000000000011 933.50000000000011 927.50000000000011 23.350000000000005 24.250000000000004 64.500000000000014 50.500000000000007 29.050000000000004 29.450000000000003 925.50000000000011 890.50000000000011 30.050000000000004 24.250000000000004 61.500000000000007 875.50000000000011 879.50000000000011 5.5000000000000009 898.50000000000011 865.50000000000011 43.500000000000007 6.5000000000000009 865.50000000000011 29.150000000000002 858.50000000000011 29.150000000000002 851.50000000000011 57.500000000000007 842.50000000000011 5.5000000000000009 865.50000000000011
decision_type=2 2 2 2 2 2 2 2 2 2 2 2 2 2 2 2 2 2 2 2 2 2 2 2 2 2 2 2 2 2
left_child=1 2 10 -2 -5 6 7 9 -9 -6 14 12 13 -12 17 -16 -17 21 -18 20 -20 23 -23 25 -25 27 -27 29 -29 -1
right_child=3 -3 -4 4 5 -7 -8 8 -10 -11 11 -13 -14 -15 15 16 18 -19 19 -21 -22 22 -24 24 -26 26 -28 28 -30 -31
leaf_value=-0.0039246881498774481 0.67378439599591677 0.65085621582610276 -1.0576835597554843 -0.66275902062654501 0.82837631132291711 0.65836447179317481 -0.3852108255028725 -0.44542509680208958 0.055407518363522694 0.24993820204291237 1.0127727049589159 0.77424654452638197 -0.63754242796164295 -0.010598255038261414 -1.3301653680702052 0.66758332442906176 0.50270867461249946 0.99311242841538927 -0.57372352110928504 -1.0330733870466551 0.070530114399316987 1.1476266226420799 -0.2134521974871556 -1.3925187173214826 0.44512436288595203 0.94277621249978749 0.17941488043538162 -0.99649603820982446 0.11806302455163771 0.40341278687119486
leaf_weight=15435 33 28 24 20 23 20 32 23 239 43 20 22 26 25 24 36 21 21 29 21 39 21 39 22 25 21 28 21 31 32
leaf_count=15435 33 28 24 20 23 20 32 23 239 43 20 22 26 25 24 36 21 21 29 21 39 21 39 22 25 21 28 21 31 32
internal_value=-4.50964e-12 -0.00266179 -0.00380666 0.0984246 0.0509575 0.0885215 0.0568635 0.0999927 0.0114413 0.451515 -0.00222178 0.219869 0.0480901 0.444233 -0.00352359 -0.193623 -0.00679429 -0.00146466 -0.2275 -0.399796 -0.204225 -0.00279711 0.262925 -0.00381814 -0.415049 -0.00257663 0.50657 -0.00418421 -0.332047 -0.00308194
internal_weight=16444 16011 15983 433 400 380 360 328 262 66 15959 93 71 45 15866 170 146 15696 110 89 68 15675 60 15615 47 15568 49 15519 52 15467
internal_count=16444 16011 15983 433 400 380 360 328 262 66 15959 93 71 45 15866 170 146 15696 110 89 68 15675 60 15615 47 15568 49 15519 52 15467
is_linear=0
shrinkage=0.05


Tree=148
num_leaves=31
num_cat=0
split_feature=4 2 4 5 8 1 0 6 5 5 0 1 6 2 0 7 5 1 6 8 7 0 3 2 3 0 5 0 0 8
split_gain=1667.34 2556.67 4549.82 14469.6 9244.58 5785.16 5223.67 5067.77 4380.49 9624.89 16879 15718.5 8637.5 8278.77 9614.23 7772.88 7310.34 29404 15260.5 19144.1 18855.5 29530.9 11034.8 9100.39 14217.5 15910.1 35676.5 13201.3 17838.9 12662.7
threshold=1.0000000180025095e-35 72.500000000000014 296.50000000000006 59.500000000000007 2.5000000000000004 294.50000000000006 16.450000000000003 305.50000000000006 99.500000000000014 83.500000000000014 18.850000000000005 426.50000000000006 497.50000000000006 34.500000000000007 21.250000000000004 14.500000000000002 65.500000000000014 862.50000000000011 770.50000000000011 2.5000000000000004 13.500000000000002 14.65 18.500000000000004 62.500000000000007 19.500000000000004 26.550000000000004 69.500000000000014 17.650000000000002 20.450000000000003 3.5000000000000004
decision_type=2 2 2 2 2 2 2 2 2 2 2 2 2 2 2 2 2 2 2 2 2 2 2 2 2 2 2 2 2 2
left_child=-1 8 5 7 -5 -3 -6 -4 9 16 11 -11 -13 -12 15 -15 -2 18 19 20 21 -18 -20 24 25 26 -21 -25 -29 -28
right_child=1 2 3 4 6 -7 -8 -9 -10 10 13 12 -14 14 -16 -17 17 -19 22 23 -22 -23 -24 27 -26 -27 29 28 -30 -31
leaf_value=-0.01718127837099848 0.017754604136931997 0.048595572732301036 0.74786812379956258 0.14742604649680502 0.56612703919410712 -0.80905209660530097 1.5901830721985211 -0.098785670643280213 -0.11854520810588642 0.30083464975809543 -0.79815671998879001 2.2336982147395612 0.87322257682681093 0.12739350944757463 0.44815144726763601 -0.99487820692636353 -0.24527981102466587 1.6120240061120557 -0.37943407580966043 -2.3125685633583504 -0.15310640937470377 -2.9298546427772161 -2.0204779425263406 0.51663324808882127 0.52103490596131763 0.77093080619970955 -0.91390560150146494 -1.7272357789533481 -0.20668662551550138 0.48411366753280166
leaf_weight=7597 5890 1165 20 34 20 20 33 152 675 82 29 20 28 36 92 27 20 22 21 22 47 21 20 31 129 30 25 28 62 46
leaf_count=7597 5890 1165 20 34 20 20 33 152 675 82 29 20 28 36 92 27 20 22 21 22 47 21 20 31 129 30 25 28 62 46
internal_value=-3.28023e-10 0.0147537 0.0756134 0.265456 0.790932 0.0341205 1.20375 -0.000337555 0.00288266 0.0150652 0.285352 0.721482 1.44009 -0.0227835 0.122286 -0.35358 0.00183316 -0.177131 -0.25554 -0.173327 -0.836688 -1.62031 -1.17994 -0.0168231 0.154312 -0.230301 -0.553279 -0.373236 -0.679746 -0.00814664
internal_weight=16444 8847 1444 259 87 1185 53 172 7403 6728 314 130 48 184 155 63 6414 524 502 461 88 41 41 373 252 123 93 121 90 71
internal_count=16444 8847 1444 259 87 1185 53 172 7403 6728 314 130 48 184 155 63 6414 524 502 461 88 41 41 373 252 123 93 121 90 71
is_linear=0
shrinkage=0.05


Tree=149
num_leaves=31
num_cat=0
split_feature=4 0 5 1 4 1 6 4 6 0 6 4 3 0 4 0 0 1 1 6 2 8 2 6 4 8 2 2 3 2
split_gain=1615.56 1483.79 1747.08 1578.31 1700.66 1630.11 7271.04 7080.41 4948.67 4295.06 4204.23 43747 5374.17 3263.01 2122.96 3377.69 4436.75 2949.94 15143.6 9667.86 7996.68 6906.56 10361.6 3099 1940.23 1958.8 2191.67 1770.84 1536.37 9028.9
threshold=967.50000000000011 33.650000000000013 46.500000000000007 967.00000000000011 940.50000000000011 946.50000000000011 937.50000000000011 929.50000000000011 901.50000000000011 26.150000000000002 931.50000000000011 908.50000000000011 2.5000000000000004 29.150000000000002 894.50000000000011 24.250000000000004 27.850000000000005 875.50000000000011 879.50000000000011 901.50000000000011 46.500000000000007 5.5000000000000009 61.500000000000007 865.50000000000011 844.50000000000011 6.5000000000000009 56.500000000000007 60.500000000000007 99.500000000000014 43.500000000000007
decision_type=2 2 2 2 2 2 2 2 2 2 2 2 2 2 2 2 2 2 2 2 2 2 2 2 2 2 2 2 2 2
left_child=1 3 -3 5 -5 7 -7 10 -9 -10 14 12 -12 -8 17 27 -17 19 -19 28 -20 22 -22 -23 -25 -26 -27 -16 -1 -30
right_child=-2 2 -4 4 -6 6 13 8 9 -11 11 -13 -14 -15 15 16 -18 18 20 -21 21 23 -24 24 25 26 -28 -29 29 -31
leaf_value=-0.0072185184417604608 0.37947458640805315 0.085137925899170089 0.57112636841325604 0.56960352683067328 0.019212841521948576 0.36313942912345132 -1.1180154629051686 -0.10653088676929474 1.2811722514304249 0.36768992826823266 -0.15057587093777128 -2.3189432266212644 0.82967856916888005 -0.25327633395791055 0.89995827496051783 -0.61665017604827888 0.22597559170156228 -1.4269973328675736 -0.74977010692868917 1.0707906430675871 1.4627973365783693 0.49011509776115414 -0.078158223318556944 -0.46834003545343877 -0.3732579305347416 -0.26706594393953037 0.35447260769637856 0.26873815619945524 0.40647708536483923 -0.0021236698962454142
leaf_weight=14422 28 116 22 25 32 30 20 25 22 31 27 21 29 24 20 21 61 22 35 21 20 20 24 40 31 23 37 25 156 1014
leaf_count=14422 28 116 22 25 32 30 20 25 22 31 27 21 29 24 20 21 61 22 35 21 20 20 24 40 31 23 37 25 156 1014
internal_value=-2.34102e-10 -0.000647252 0.162614 -0.00203134 0.260612 -0.00295426 -0.237091 -0.00188123 0.473345 0.746871 -0.00418801 -0.372762 0.357056 -0.64634 -0.00241336 0.201201 0.0101812 -0.0040433 -0.17375 -0.00130416 -0.0538745 0.0710299 0.622276 -0.0895982 -0.178104 -0.0505278 0.116216 0.54928 -0.0027481 0.0523564
internal_weight=16444 16416 138 16278 57 16221 74 16147 78 53 16069 77 56 44 15992 127 82 15865 252 15613 230 195 44 151 131 91 60 45 15592 1170
internal_count=16444 16416 138 16278 57 16221 74 16147 78 53 16069 77 56 44 15992 127 82 15865 252 15613 230 195 44 151 131 91 60 45 15592 1170
is_linear=0
shrinkage=0.05


Tree=150
num_leaves=31
num_cat=0
split_feature=0 6 1 1 1 6 4 6 2 0 1 2 1 6 1 2 4 7 1 4 6 4 1 4 6 7 5 6 5 4
split_gain=1571.77 2159.2 4336.66 3840.36 3226.41 6521 2452.77 4202.49 14909.1 19341.8 33483.4 12162.2 15587.9 20737.5 6054.5 18062.3 5046.06 10873 5031.21 6660.97 13260.6 15350.4 12563.8 11817.5 7500.27 6259.43 10948.7 8817.42 8583.51 4965.15
threshold=26.250000000000004 937.50000000000011 934.50000000000011 914.50000000000011 905.50000000000011 905.50000000000011 771.50000000000011 727.50000000000011 38.500000000000007 22.850000000000005 759.50000000000011 67.500000000000014 777.50000000000011 753.50000000000011 707.50000000000011 42.500000000000007 614.50000000000011 13.500000000000002 696.50000000000011 646.50000000000011 631.50000000000011 490.50000000000006 645.50000000000011 584.50000000000011 650.50000000000011 13.500000000000002 45.500000000000007 620.50000000000011 17.500000000000004 692.50000000000011
decision_type=2 2 2 2 2 2 2 2 2 2 2 2 2 2 2 2 2 2 2 2 2 2 2 2 2 2 2 2 2 2
left_child=1 2 3 4 5 6 7 14 -9 11 -11 12 13 -10 18 -16 -17 -18 19 20 22 -22 -1 -23 -25 26 -21 28 -27 -29
right_child=-2 -3 -4 -5 -6 -7 -8 8 9 10 -12 -13 -14 -15 15 16 17 -19 -20 25 21 23 -24 24 -26 27 -28 29 -30 -31
leaf_value=-0.010589914752200544 0.029260906079177657 -0.42495039747126645 0.72852909304201607 -0.58303880712081646 0.52913156109196802 -0.86826447045261212 0.12721737975383307 0.76501187090912182 -0.1462942538590267 -2.5466085378527641 -0.049643880334393736 -1.1017067309807647 -0.60622265275035592 1.8406315629680952 -0.9594488093256951 1.3867304393223354 1.2416578622964713 -0.13490808438509702 -0.73301579368611181 0.29482264025232841 0.67783095694723583 -1.4841914244187184 1.1591619610786439 -1.0436887790327487 0.13251261386004362 0.13720702996308154 1.5796470618247986 0.69732884641100723 -1.259502285718918 -0.14914393742879234
leaf_weight=11704 3588 31 20 29 28 22 333 31 29 25 29 22 35 24 20 21 26 32 24 97 21 39 23 23 33 22 20 41 22 30
leaf_count=11704 3588 31 20 29 28 22 333 31 29 25 29 22 35 24 20 21 26 32 24 97 21 39 23 23 33 22 20 41 22 30
internal_value=5.71551e-11 -0.00816647 -0.00715904 -0.0083081 -0.00700353 -0.00818111 -0.00669425 -0.0102925 -0.240576 -0.430656 -1.20565 -0.0502065 0.212669 0.753446 -0.0066111 0.382812 0.722625 0.482173 -0.00979755 -0.0083601 -0.0135578 -0.545525 -0.0082957 -0.815951 -0.35057 0.256967 0.514451 -0.00499418 -0.561148 0.339664
internal_weight=16444 12856 12825 12805 12776 12748 12726 12393 195 164 54 110 88 53 12198 99 79 58 12099 12075 11843 116 11727 95 56 232 117 115 44 71
internal_count=16444 12856 12825 12805 12776 12748 12726 12393 195 164 54 110 88 53 12198 99 79 58 12099 12075 11843 116 11727 95 56 232 117 115 44 71
is_linear=0
shrinkage=0.05


Tree=151
num_leaves=31
num_cat=0
split_feature=6 8 0 2 6 3 0 4 6 1 6 4 4 1 0 0 6 4 6 3 8 7 3 2 1 2 5 1 5 3
split_gain=1512.84 2909.81 4152.86 7276.2 1731.05 14487.7 12842 3630.5 2157.75 1883.72 3742.67 2672.77 2513.81 2109.74 14795.3 9801.4 8907.91 4766.42 3105.86 3025.17 1925.66 1810.06 1626.42 1813.3 1552.69 1620.24 1537.03 4060.07 6478.79 7817.55
threshold=950.50000000000011 6.5000000000000009 29.050000000000004 55.500000000000007 937.50000000000011 11.500000000000002 30.350000000000005 933.50000000000011 914.50000000000011 941.50000000000011 931.50000000000011 894.50000000000011 925.50000000000011 875.50000000000011 23.050000000000004 24.850000000000005 901.50000000000011 825.50000000000011 865.50000000000011 1.0000000180025095e-35 7.5000000000000009 14.500000000000002 1.5000000000000002 53.500000000000007 895.50000000000011 56.500000000000007 34.500000000000007 851.50000000000011 46.500000000000007 4.5000000000000009
decision_type=2 2 2 2 2 2 2 2 2 2 2 2 2 2 2 2 2 2 2 2 2 2 2 2 2 2 2 2 2 2
left_child=4 2 -2 -4 7 6 -6 9 -9 10 11 13 20 16 -15 -16 26 19 -19 -17 24 22 23 -20 -13 -26 -1 -28 -29 -30
right_child=1 -3 3 -5 5 -7 -8 8 -10 -11 -12 12 -14 14 15 17 -18 18 21 -21 -22 -23 -24 -25 25 -27 27 28 29 -31
leaf_value=-0.017567251968192556 0.40625337778135795 0.56665483625496138 0.15780773748858618 -1.0152006441354753 -1.7072729167342187 0.8076753161170267 -0.03565095944537057 0.14307522617089444 0.73813203859329235 0.44082959325363236 -0.53440407099145826 0.62493925460202748 -0.23520110799716068 -1.2523883178002304 1.0139980463754563 -0.18095714269826813 1.0281378699910073 0.49611716535356315 0.2193947138786316 -0.99267810942097146 -0.12857345932473738 -0.35138215916024318 0.30540903346879145 -0.32088030116950594 0.45431524345820606 -0.085611610362927124 0.0099700081335141917 0.84154046146493211 0.63552556009519678 -0.71318463358012119
leaf_weight=8058 43 34 39 20 20 22 27 39 25 24 33 43 26 27 21 24 21 27 25 22 21 45 35 41 33 24 7544 38 21 22
leaf_count=8058 43 34 39 20 20 22 27 39 25 24 33 43 26 27 21 24 21 27 25 22 21 45 35 41 33 24 7544 38 21 22
internal_value=-1.2198e-10 0.166071 0.032543 -0.239822 -0.00138494 -0.251292 -0.746979 -0.000323079 0.375519 -0.00181018 -0.00246794 -0.00137885 0.210849 -0.00333223 -0.142702 -0.017862 -0.00096267 -0.116807 0.00347432 -0.569172 0.306695 -0.0876309 0.0298821 -0.116231 0.398101 0.226978 -0.00234067 0.0137506 0.365858 -0.0545122
internal_weight=16444 136 102 59 16308 69 47 16239 64 16175 16151 16118 147 15971 267 240 15704 219 173 46 121 146 101 66 100 57 15683 7625 81 43
internal_count=16444 136 102 59 16308 69 47 16239 64 16175 16151 16118 147 15971 267 240 15704 219 173 46 121 146 101 66 100 57 15683 7625 81 43
is_linear=0
shrinkage=0.05


Tree=152
num_leaves=31
num_cat=0
split_feature=0 5 5 3 7 5 4 5 4 6 5 5 8 2 5 0 6 1 2 6 1 1 7 0 6 5 6 1 3 4
split_gain=1398.06 3128.34 5630.73 3941.85 3670.13 2386.62 2121.24 1970.04 2340.51 1845.18 18973.9 33026.3 26003.1 68702.9 16142.3 11495.6 5455.52 4480.45 3613.57 3527.22 2956.79 10384.6 5477.7 2715.33 2536.04 9643.38 14807.5 9602.13 10616.1 8732.23
threshold=29.450000000000003 94.500000000000014 57.500000000000007 18.500000000000004 12.500000000000002 4.5000000000000009 898.50000000000011 20.500000000000004 921.50000000000011 862.50000000000011 10.500000000000002 38.500000000000007 5.5000000000000009 60.500000000000007 86.500000000000014 26.350000000000005 937.50000000000011 946.50000000000011 59.500000000000007 855.50000000000011 883.50000000000011 855.50000000000011 13.500000000000002 22.750000000000004 727.50000000000011 82.500000000000014 759.50000000000011 707.50000000000011 1.0000000180025095e-35 705.50000000000011
decision_type=2 2 2 2 2 2 2 2 2 2 2 2 2 2 2 2 2 2 2 2 2 2 2 2 2 2 2 2 2 2
left_child=9 2 5 4 -4 -2 -7 8 -8 19 17 12 13 -12 15 23 -17 -11 -14 20 21 24 -23 -13 27 29 -27 -1 -29 -26
right_child=1 -3 3 -5 -6 6 7 -9 -10 10 11 14 18 -15 -16 16 -18 -19 -20 -21 -22 22 -24 -25 25 26 -28 28 -30 -31
leaf_value=-0.0051288594478723767 -0.07331040413280504 -0.57501580446958545 -0.282289120554924 1.0777264374494553 0.56677994860070091 0.047245425633366714 0.88170361793176699 0.041150646090197071 0.23672386809992485 0.6122996364061426 -4.0475671768188475 0.40247412594881926 0.090043719609578465 -0.13151558836301167 -1.0007570278186064 -0.58671763289359313 0.45703869972910199 -0.2223589077219367 -0.76281600620435641 0.5143980698152022 -0.46884348458226993 0.22248670026998629 1.3514565992568222 1.0971826119300647 -0.58334439517161163 -0.51658827993604872 0.9470697615295649 -0.20110844048641383 0.58566145626761068 -0.076117184671072424
leaf_weight=13736 389 20 20 20 35 901 22 48 39 82 21 22 27 24 26 31 21 20 23 33 34 22 21 39 109 27 48 62 139 383
leaf_count=13736 389 20 20 20 35 901 22 48 39 82 21 22 27 24 26 31 21 20 23 33 34 22 21 39 109 27 48 62 139 383
internal_value=6.33505e-10 0.0461185 0.0545464 0.476614 0.258028 0.0319195 0.0724486 0.280779 0.46934 -0.00460877 -0.120455 -0.368523 -1.08704 -1.95901 0.12255 0.38101 -0.165201 0.448641 -0.302272 -0.00194526 -0.00311386 -0.00202533 0.773844 0.846632 -0.00432555 -0.107982 0.420153 -0.000108473 0.342976 -0.188491
internal_weight=16444 1494 1474 75 55 1399 1010 109 61 14950 336 234 95 45 139 113 52 102 50 14614 14581 14547 43 61 14504 567 75 13937 201 492
internal_count=16444 1494 1474 75 55 1399 1010 109 61 14950 336 234 95 45 139 113 52 102 50 14614 14581 14547 43 61 14504 567 75 13937 201 492
is_linear=0
shrinkage=0.05


Tree=153
num_leaves=31
num_cat=0
split_feature=4 0 6 1 1 1 6 1 8 1 5 5 0 4 0 3 3 4 8 2 4 1 8 5 6 1 5 3 5 1
split_gain=1414.69 1285.28 2618.38 2853.75 4419.78 2580.81 5987.85 2073.27 11137.9 3051.69 1983.49 6786.63 6466.99 3166.85 10058.8 6363.02 15836 8426.4 14343.3 4171.83 2588.56 5109.09 2937.83 2399.79 2586.72 6397.45 6102.58 6780.86 2739 7788.79
threshold=967.50000000000011 26.250000000000004 937.50000000000011 931.50000000000011 914.50000000000011 905.50000000000011 905.50000000000011 865.50000000000011 4.5000000000000009 858.50000000000011 30.500000000000004 29.500000000000004 28.750000000000004 903.50000000000011 29.450000000000003 86.500000000000014 65.500000000000014 513.50000000000011 6.5000000000000009 24.500000000000004 870.50000000000011 883.50000000000011 5.5000000000000009 58.500000000000007 682.50000000000011 637.50000000000011 65.500000000000014 1.0000000180025095e-35 64.500000000000014 503.50000000000006
decision_type=2 2 2 2 2 2 2 2 2 2 2 2 2 2 2 2 2 2 2 2 2 2 2 2 2 2 2 2 2 2
left_child=1 2 3 4 5 6 7 9 -9 -1 11 20 -13 15 -15 16 19 -17 -19 -12 22 -22 -3 -21 25 28 -26 -28 -25 -30
right_child=-2 10 -4 -5 -6 -7 -8 8 -10 -11 13 12 -14 14 -16 17 -18 18 -20 23 21 -23 -24 24 26 -27 27 -29 29 -31
leaf_value=-0.0067365957715202684 0.35510045774281029 -0.51194967428843186 -0.49096187012536191 0.54952484772581123 -0.68580874068041642 0.48167365016760649 -0.83185748630626632 -0.35226737488593374 0.92810291918841292 -0.60997814337412526 -0.61406868208538412 -1.2914873139560223 -0.035201805546170188 -1.0931843638420105 0.35568769478797918 -0.06649260322252909 -1.1508242183261448 1.6962943390563685 0.081138894181432469 0.052435054890699523 0.75358313918113717 0.06636236166792378 -0.011958652542195691 -0.016500989658137163 0.61209904689055228 1.1413667599714938 0.41691695600748063 -0.73718611666134426 0.083110734087134167 1.0733260882311855
leaf_weight=12636 28 30 28 23 24 27 22 35 33 21 22 20 21 23 25 42 27 27 28 1373 31 212 1420 72 26 21 20 35 63 29
leaf_count=12636 28 30 28 23 24 27 22 35 33 21 22 20 21 23 25 42 27 27 28 1373 31 212 1420 72 26 21 20 35 63 29
internal_value=2.49642e-10 -0.000605678 -0.00797712 -0.00692233 -0.00792235 -0.00664872 -0.00768306 -0.00625816 0.269089 -0.00773747 0.0259476 -0.0123869 -0.648024 0.0622117 -0.338563 0.0729889 0.050359 0.466795 0.874033 0.0698846 0.00300657 0.154033 -0.0223033 0.0790652 0.216521 0.319692 -0.0191185 -0.317512 0.214478 0.395244
internal_weight=16444 16416 12849 12821 12798 12774 12747 12725 68 12657 3567 1734 41 1833 48 1785 1688 97 55 1661 1693 243 1450 1639 266 185 81 55 164 92
internal_count=16444 16416 12849 12821 12798 12774 12747 12725 68 12657 3567 1734 41 1833 48 1785 1688 97 55 1661 1693 243 1450 1639 266 185 81 55 164 92
is_linear=0
shrinkage=0.05


Tree=154
num_leaves=31
num_cat=0
split_feature=6 5 5 0 6 3 0 4 6 1 6 4 4 1 3 6 0 0 5 6 8 4 1 1 4 1 0 1 2 1
split_gain=1325.01 2559.3 2625.15 2073.18 1533.53 13069 11282.2 3169.54 1951.27 1562.07 3253.73 2271.49 2256.96 1876.58 16989.5 8010.93 7100.85 14094.6 4022.88 2980.92 3210.89 2848.7 1945.66 1867.15 3826.44 2198.01 12751.8 4107.51 2148.8 1983.04
threshold=950.50000000000011 35.500000000000007 25.500000000000004 30.650000000000002 937.50000000000011 11.500000000000002 30.650000000000002 933.50000000000011 914.50000000000011 941.50000000000011 931.50000000000011 894.50000000000011 925.50000000000011 872.50000000000011 31.500000000000004 901.50000000000011 22.350000000000005 26.850000000000005 28.500000000000004 875.50000000000011 6.5000000000000009 844.50000000000011 883.50000000000011 865.50000000000011 828.50000000000011 858.50000000000011 28.450000000000003 851.50000000000011 57.500000000000007 842.50000000000011
decision_type=2 2 2 2 2 2 2 2 2 2 2 2 2 2 2 2 2 2 2 2 2 2 2 2 2 2 2 2 2 2
left_child=4 2 3 -2 7 6 -6 9 -9 10 11 13 -13 15 16 23 -15 -18 22 -20 -21 -22 -19 25 -25 27 -27 29 -29 -1
right_child=1 -3 -4 -5 5 -7 -8 8 -10 -11 -12 12 -14 14 -16 -17 17 18 19 20 21 -23 -24 24 -26 26 -28 28 -30 -31
leaf_value=-0.0023406789639462328 0.40236103084404018 0.4974896960151502 -0.47694559835252309 -0.1206543892621994 -1.5331078940494496 0.76926812827587132 0.019400441169738769 0.12983331657372987 0.69570273381471637 0.40139492849508929 -0.4982602327158957 0.28519631242932764 -0.22826915016541116 -0.90312427367482861 -1.4990287746701922 0.97514801933651885 1.0508795392128729 0.60368600757349111 0.23176696872711183 -0.85809279726101806 -0.52717934204981887 0.066263330115249305 0.042000942818563564 0.80971597461473377 -0.13386823687363755 -1.3150103616714479 0.30435824752334628 0.81870211308652707 0.16339816040006178 -0.31162838371327295
leaf_weight=15469 40 39 21 36 22 22 25 39 25 24 33 121 26 21 21 21 31 21 25 26 39 42 58 21 22 20 31 22 29 52
leaf_count=15469 40 39 21 36 22 22 25 39 25 24 33 121 26 21 21 21 31 21 25 26 39 42 58 21 22 20 31 22 29 52
internal_value=5.55171e-10 0.15542 0.0178869 0.154617 -0.00129612 -0.236514 -0.707306 -0.000296672 0.350876 -0.00168616 -0.00228513 -0.00126967 0.194379 -0.00307046 -0.13045 -0.000764372 -0.0211713 0.0553618 -0.0908991 -0.259797 -0.374648 -0.219468 0.19131 -0.00207257 0.326952 -0.00297816 -0.330688 -0.00190487 0.446078 -0.00337689
internal_weight=16444 136 97 76 16308 69 47 16239 64 16175 16151 16118 147 15971 284 15687 263 242 211 132 107 81 79 15666 43 15623 51 15572 51 15521
internal_count=16444 136 97 76 16308 69 47 16239 64 16175 16151 16118 147 15971 284 15687 263 242 211 132 107 81 79 15666 43 15623 51 15572 51 15521
is_linear=0
shrinkage=0.05


Tree=155
num_leaves=31
num_cat=0
split_feature=0 8 6 7 0 6 5 8 0 0 7 2 8 0 0 0 2 3 1 1 5 1 2 0 6 4 1 2 4 3
split_gain=1263.05 7648.5 6757.87 10047.8 4674.35 14712.1 5431.35 8383.59 18485 21673 8560.54 9532.31 12590.4 11310 9307.96 9204.07 9200.53 7718.52 7150.99 11199.8 6946.55 6137.37 8993.8 9678.5 6003.99 5959.19 4604.34 7201.71 5670.73 4697.76
threshold=16.250000000000004 11.500000000000002 481.50000000000006 11.500000000000002 16.450000000000003 409.50000000000006 91.500000000000014 4.5000000000000009 22.550000000000004 25.450000000000003 13.500000000000002 67.500000000000014 2.5000000000000004 20.750000000000004 19.950000000000003 18.550000000000004 57.500000000000007 77.500000000000014 743.50000000000011 617.50000000000011 89.500000000000014 317.50000000000006 56.500000000000007 27.350000000000005 484.50000000000006 165.50000000000003 135.50000000000003 58.500000000000007 356.50000000000006 51.500000000000007
decision_type=2 2 2 2 2 2 2 2 2 2 2 2 2 2 2 2 2 2 2 2 2 2 2 2 2 2 2 2 2 2
left_child=-1 4 3 -3 5 -2 20 8 10 -10 11 12 24 15 16 -14 17 -12 19 21 -6 25 23 -23 -8 -9 -5 29 -29 -28
right_child=1 2 -4 26 6 -7 7 18 9 -11 14 -13 13 -15 -16 -17 -18 -19 -20 -21 -22 22 -24 -25 -26 -27 27 28 -30 -31
leaf_value=-0.021855807403719285 0.070554610781726382 -0.15841281448017086 -0.47312527465820314 0.058270526970071457 0.0079298717048841734 1.5501831108331681 -0.32585795044898991 0.010711322516394582 -1.8282877544431313 -0.15044773067705908 -0.17701697627804719 -1.2379487352711815 -0.017231457957694696 -0.9011780369494643 0.78395228076439638 1.1892208027243614 0.24372732854203175 -1.3426140812039375 0.75922326416738573 -0.91315714066678833 0.72378221764503159 1.1537343170155179 -0.28535826133959219 -0.13068974592976951 -1.536337204774221 -0.6864826210555347 0.095107974455906796 1.7900879323482515 0.65011304203420883 0.95307983733989576
leaf_weight=4715 105 57 25 28 10404 20 20 311 38 39 49 28 43 21 39 25 95 20 31 33 34 44 33 22 21 34 39 24 20 27
leaf_count=4715 105 57 25 28 10404 20 20 311 38 39 49 28 43 21 39 25 95 20 31 33 34 44 33 22 21 34 39 24 20 27
internal_value=3.18385e-10 0.00878593 0.300821 0.400045 0.00320354 0.307295 -0.000135489 -0.114856 -0.275156 -0.978473 -0.125141 -0.401126 -0.220888 0.113088 0.0896656 0.426317 -0.0754391 -0.514871 0.023356 -0.0244676 0.0102616 0.0415836 0.388609 0.725593 -0.94586 -0.0579976 0.630712 0.776425 1.27192 0.446096
internal_weight=16444 11729 220 195 11509 125 11384 946 438 77 361 158 130 89 203 68 164 69 508 477 10438 444 99 66 41 345 138 110 44 66
internal_count=16444 11729 220 195 11509 125 11384 946 438 77 361 158 130 89 203 68 164 69 508 477 10438 444 99 66 41 345 138 110 44 66
is_linear=0
shrinkage=0.05


Tree=156
num_leaves=31
num_cat=0
split_feature=8 3 4 0 7 8 3 2 3 1 2 1 5 6 1 2 4 6 3 3 0 1 4 6 0 7 6 1 4 7
split_gain=1258.57 5164.81 4527.44 6470.18 7794.86 8848.82 17717.2 12652.2 7729.01 12516.3 15529.2 12489 4855.37 4024.44 4837.91 4022.07 3908.76 6310.02 20093.1 4625.87 3824.97 3802.22 14678.7 9136.27 8207.69 6020 4990.77 4944.31 5084.99 5113.03
threshold=8.5000000000000018 47.500000000000007 60.500000000000007 22.250000000000004 12.500000000000002 10.500000000000002 88.500000000000014 63.500000000000007 85.500000000000014 332.50000000000006 59.500000000000007 391.50000000000006 44.500000000000007 696.50000000000011 696.50000000000011 45.500000000000007 628.50000000000011 620.50000000000011 20.500000000000004 2.5000000000000004 15.850000000000003 485.50000000000006 425.50000000000006 472.50000000000006 18.050000000000004 12.500000000000002 453.50000000000006 525.50000000000011 561.50000000000011 13.500000000000002
decision_type=2 2 2 2 2 2 2 2 2 2 2 2 2 2 2 2 2 2 2 2 2 2 2 2 2 2 2 2 2 2
left_child=-1 13 -3 8 12 7 -7 -6 11 -10 -11 20 -5 16 -15 -8 17 21 -19 -18 -4 23 -23 -2 -24 -25 -26 -28 -29 -30
right_child=1 2 3 4 5 6 15 -9 9 10 -12 -13 -14 14 -16 -17 19 18 -20 -21 -22 22 24 25 26 -27 27 28 29 -31
leaf_value=0.0093791071597848028 -0.037647227368799219 -0.012084758876066378 -0.13533186073656436 -0.040798519098678154 0.52042773062899961 -1.8379048198461534 0.3428759126085788 -0.90867052511090329 0.48525170202526013 0.39720004796981812 -1.4609273637118547 1.521163930092007 0.72140157142033179 -0.8998056046962738 -0.16695384251585618 -0.58408755280754787 0.0039769100538198507 -0.038291385490447284 -1.8539255356788638 0.66469614713691005 0.61140724262024504 1.2270042538642885 -0.94955837160348899 -1.3375934567641128 0.86036026481539007 -0.2323369947927339 -0.3159033786824772 0.39502306119930525 0.16964512282893773 -0.74520731704930476
leaf_weight=11265 3286 618 27 37 59 21 25 21 82 22 23 32 48 25 227 22 69 64 20 43 47 28 20 22 20 28 70 107 42 24
leaf_count=11265 3286 618 27 37 59 21 25 21 82 22 23 32 48 25 227 22 69 64 20 43 47 28 20 22 20 28 70 107 42 24
internal_value=-1.05414e-12 -0.0204008 0.0766472 0.194322 0.00801226 -0.211155 -0.6305 0.145289 0.380631 0.117541 -0.55251 0.695844 0.38962 -0.0460907 -0.239657 -0.0910219 -0.0333978 -0.0421345 -0.470585 0.257646 0.338948 -0.0322662 0.134941 -0.0478541 0.0268918 -0.71865 0.101147 0.0386599 0.182125 -0.163028
internal_weight=16444 5179 1084 466 233 148 68 80 233 127 45 106 85 4095 252 47 3843 3731 84 112 74 3647 311 3336 283 50 263 243 173 66
internal_count=16444 5179 1084 466 233 148 68 80 233 127 45 106 85 4095 252 47 3843 3731 84 112 74 3647 311 3336 283 50 263 243 173 66
is_linear=0
shrinkage=0.05


Tree=157
num_leaves=31
num_cat=0
split_feature=1 0 0 4 6 2 5 0 4 0 0 3 6 2 2 5 4 4 5 6 4 1 2 1 5 4 1 1 1 2
split_gain=1227.96 4028.5 3989.04 3466.87 9736.3 2376.03 2669.16 4072.07 2278.32 1556.24 1600.29 1293.92 5657.06 4714.87 8993.45 12868.9 6141.85 6309.05 5031.93 3591.05 16217.5 8748.99 5914.58 6025.92 8285.87 4008.01 5248.07 3946.34 2630.45 2367.99
threshold=908.50000000000011 23.350000000000005 24.250000000000004 933.50000000000011 927.50000000000011 64.500000000000014 50.500000000000007 29.050000000000004 929.50000000000011 29.450000000000003 32.050000000000004 99.500000000000014 855.50000000000011 43.500000000000007 47.500000000000007 56.500000000000007 156.50000000000003 584.50000000000011 57.500000000000007 438.50000000000006 490.50000000000006 386.50000000000006 53.500000000000007 581.50000000000011 48.500000000000007 263.50000000000006 294.50000000000006 192.50000000000003 345.50000000000006 64.500000000000014
decision_type=2 2 2 2 2 2 2 2 2 2 2 2 2 2 2 2 2 2 2 2 2 2 2 2 2 2 2 2 2 2
left_child=3 -2 -3 4 11 6 7 8 -4 -9 -11 -1 13 16 15 -15 -13 18 -18 21 28 25 -22 24 29 27 -27 -16 -21 -24
right_child=1 2 5 -5 -6 -7 -8 9 -10 10 -12 12 -14 14 19 -17 17 -19 -20 20 22 -23 23 -25 -26 26 -28 -29 -30 -31
leaf_value=-0.0057358267672533159 0.61405632893244433 -0.64897792220115669 0.80394479494828452 0.55363164568053824 -1.0095384694635869 0.60594879478216179 -0.3898463722318411 -0.39268138356830762 0.20272584281861783 0.12799455355737152 -0.14794100477145269 -0.068601615059731613 0.84289606562392283 0.077665547847747818 0.0040655196937096176 -1.6012924058806328 0.31215850830078129 -0.066410451465182832 1.2409299965415683 0.63547562122344969 0.69632883429527281 -1.0478070032037796 -0.8151882892982526 -1.0191418698430061 0.69201878690719609 0.087716215319103674 1.0611471456289292 -0.53295553889539515 1.4118843098481497 -0.072898498887107491
leaf_weight=14776 33 20 26 28 24 20 32 23 40 161 78 67 22 25 688 21 25 27 35 20 20 20 22 20 25 45 20 36 24 21
leaf_count=14776 33 20 26 28 24 20 32 23 40 161 78 67 22 25 688 21 25 27 35 20 20 20 22 20 25 45 20 36 24 21
internal_value=5.27637e-10 0.0830851 0.03928 -0.00224694 -0.00322077 0.0755041 0.0460349 0.0885599 0.43957 0.000137607 0.0379403 -0.00170741 0.0486086 0.0335575 -0.00584594 -0.688815 0.291215 0.568315 0.853942 0.0268456 0.249829 -0.0150498 -0.0798222 -0.25622 -0.0318315 0.0111291 0.387233 -0.0226372 1.05897 -0.452675
internal_weight=16444 433 400 16011 15983 380 360 328 66 262 239 15959 1183 1161 1007 46 154 87 60 961 152 809 108 88 68 789 65 724 44 43
internal_count=16444 433 400 16011 15983 380 360 328 66 262 239 15959 1183 1161 1007 46 154 87 60 961 152 809 108 88 68 789 65 724 44 43
is_linear=0
shrinkage=0.05


Tree=158
num_leaves=31
num_cat=0
split_feature=1 4 0 5 2 5 1 3 1 4 1 6 0 8 6 5 0 1 6 6 6 4 5 0 8 2 6 6 8 2
split_gain=1179.31 1415.63 1323.66 2036.72 1329.42 3374.13 5465.44 20650 7254.76 6241.45 10098.9 13655.9 12702.6 25228 10181.1 9691.98 8856.33 8012.37 12037.3 18605.6 8971.56 3915.02 3790.44 3643.91 8306.54 4381.93 8105.2 3734.79 3245.78 2914.85
threshold=967.00000000000011 940.50000000000011 33.150000000000013 1.0000000180025095e-35 47.500000000000007 7.5000000000000009 846.50000000000011 9.5000000000000018 794.50000000000011 760.50000000000011 654.50000000000011 692.50000000000011 23.450000000000003 4.5000000000000009 743.50000000000011 33.500000000000007 18.750000000000004 621.50000000000011 579.50000000000011 591.50000000000011 623.50000000000011 790.50000000000011 45.500000000000007 16.750000000000004 10.500000000000002 41.500000000000007 321.50000000000006 245.50000000000003 11.500000000000002 53.500000000000007
decision_type=2 2 2 2 2 2 2 2 2 2 2 2 2 2 2 2 2 2 2 2 2 2 2 2 2 2 2 2 2 2
left_child=2 -2 4 -4 5 -1 8 -8 9 10 11 17 16 -14 15 -15 -12 18 23 -20 22 -10 -21 24 25 27 -27 -7 -25 -6
right_child=1 -3 3 -5 29 6 7 -9 21 -11 12 -13 13 14 -16 -17 -18 -19 19 20 -22 -23 -24 28 -26 26 -28 -29 -30 -31
leaf_value=0.031888803162810085 0.49752573829430802 0.030169364706028341 -0.082990133557198711 0.26006785574658164 0.073859256169991394 -0.094908967152447773 0.074278288342534235 -1.7817920871756294 0.87493089822030845 0.64256158656087425 -0.54124499135292492 1.1300018673141798 -2.3571441298439391 -0.71292063205138501 -1.1472675987358751 0.69612032782572975 0.72960015342024898 0.68232017115635035 -1.8819659176080124 -0.24969427897816612 -1.0143078493035358 -0.009263785609177181 0.71209936410188679 -0.020431523234500187 -0.96216641621607735 -0.069108945695739804 -1.1262441511154175 0.536183580160141 0.56929145753383636 -0.0037507513884117889
leaf_weight=1105 26 43 69 116 1343 71 47 22 31 29 26 24 21 23 29 26 29 34 23 21 23 21 20 839 33 66 25 35 24 12200
leaf_count=1105 26 43 69 116 1343 71 47 22 31 29 26 24 21 23 29 26 29 34 23 21 23 21 20 839 33 66 25 35 24 12200
internal_value=-2.31159e-10 0.206275 -0.000869188 0.132116 -0.00238879 -0.0347973 -0.0825846 -0.517512 -0.0622112 -0.083438 -0.098563 -0.0510637 -0.480408 -0.818877 -0.404728 0.0347338 0.128837 -0.0744126 -0.0962168 -0.662252 -0.223917 0.517852 0.219473 -0.0511619 -0.228004 -0.105022 -0.359531 0.113471 -0.00403135 0.00394549
internal_weight=16444 69 16375 185 16190 2647 1542 69 1473 1421 1392 1238 154 99 78 49 55 1214 1180 87 64 52 41 1093 230 197 91 106 863 13543
internal_count=16444 69 16375 185 16190 2647 1542 69 1473 1421 1392 1238 154 99 78 49 55 1214 1180 87 64 52 41 1093 230 197 91 106 863 13543
is_linear=0
shrinkage=0.05


end of trees

feature_importances:
nwp_radiation=906
shortwave_radiation=792
radiation_yesterday=783
temperature_2m=609
nwp_cloud=540
relative_humidity_2m=414
cloud_cover=396
month=239
hour=91

parameters:
[boosting: gbdt]
[objective: regression]
[metric: l1]
[tree_learner: serial]
[device_type: cpu]
[data_sample_strategy: bagging]
[data: ]
[valid: ]
[num_iterations: 159]
[learning_rate: 0.05]
[num_leaves: 31]
[num_threads: 2]
[seed: 0]
[deterministic: 1]
[force_col_wise: 1]
[force_row_wise: 0]
[histogram_pool_size: -1]
[max_depth: -1]
[min_data_in_leaf: 20]
[min_sum_hessian_in_leaf: 0.001]
[bagging_fraction: 1]
[pos_bagging_fraction: 1]
[neg_bagging_fraction: 1]
[bagging_freq: 0]
[bagging_seed: 7719]
[bagging_by_query: 0]
[feature_fraction: 1]
[feature_fraction_bynode: 1]
[feature_fraction_seed: 2437]
[extra_trees: 0]
[extra_seed: 11797]
[early_stopping_round: 0]
[early_stopping_min_delta: 0]
[first_metric_only: 0]
[max_delta_step: 0]
[lambda_l1: 0]
[lambda_l2: 0]
[linear_lambda: 0]
[min_gain_to_split: 0]
[drop_rate: 0.1]
[max_drop: 50]
[skip_drop: 0.5]
[xgboost_dart_mode: 0]
[uniform_drop: 0]
[drop_seed: 21238]
[top_rate: 0.2]
[other_rate: 0.1]
[min_data_per_group: 100]
[max_cat_threshold: 32]
[cat_l2: 10]
[cat_smooth: 10]
[max_cat_to_onehot: 4]
[top_k: 20]
[monotone_constraints: ]
[monotone_constraints_method: basic]
[monotone_penalty: 0]
[feature_contri: ]
[forcedsplits_filename: ]
[refit_decay_rate: 0.9]
[cegb_tradeoff: 1]
[cegb_penalty_split: 0]
[cegb_penalty_feature_lazy: ]
[cegb_penalty_feature_coupled: ]
[path_smooth: 0]
[interaction_constraints: ]
[verbosity: -1]
[saved_feature_importance_type: 0]
[use_quantized_grad: 0]
[num_grad_quant_bins: 4]
[quant_train_renew_leaf: 0]
[stochastic_rounding: 1]
[linear_tree: 0]
[max_bin: 255]
[max_bin_by_feature: ]
[min_data_in_bin: 3]
[bin_construct_sample_cnt: 200000]
[data_random_seed: 38]
[is_enable_sparse: 1]
[enable_bundle: 1]
[use_missing: 1]
[zero_as_missing: 0]
[feature_pre_filter: 1]
[pre_partition: 0]
[two_round: 0]
[header: 0]
[label_column: ]
[weight_column: ]
[group_column: ]
[ignore_column: ]
[categorical_feature: ]
[forcedbins_filename: ]
[precise_float_parser: 0]
[parser_config_file: ]
[objective_seed: 8855]
[num_class: 1]
[is_unbalance: 0]
[scale_pos_weight: 1]
[sigmoid: 1]
[boost_from_average: 1]
[reg_sqrt: 0]
[alpha: 0.9]
[fair_c: 1]
[poisson_max_delta_step: 0.7]
[tweedie_variance_power: 1.5]
[lambdarank_truncation_level: 30]
[lambdarank_norm: 1]
[label_gain: ]
[lambdarank_position_bias_regularization: 0]
[eval_at: ]
[multi_error_top_k: 1]
[auc_mu_weights: ]
[num_machines: 1]
[local_listen_port: 12400]
[time_out: 120]
[machine_list_filename: ]
[machines: ]
[gpu_platform_id: -1]
[gpu_device_id: -1]
[gpu_device_id_list: ]
[gpu_use_dp: 0]
[num_gpu: 1]

end of parameters

pandas_categorical:[]
