tree
version=v4
num_class=1
num_tree_per_iteration=1
label_index=0
max_feature_idx=8
objective=regression
feature_names=temperature_2m shortwave_radiation relative_humidity_2m cloud_cover nwp_radiation nwp_cloud radiation_yesterday hour month
feature_infos=[1.3999999999999999:36.5] [0:990] [16:100] [0:100] [0:992] [0:100] [0:990] [0:23] [1:12]
tree_sizes=2682 2703 2704 2692 2687 2691 2674 2684 2681 2693 2686 2674 2676 2677 2678 2675 2676 2675 2670 2659 2679 2665 2658 2681 2670 2668 2662 2665 2658 2653 2675 2649 2651 2670 2662 2658 2655 2658 2659 2655 2654 2682 2684 2651 2656 2670 2664 2664 2648 2665 2688 2661 2676 2669 2648 2676 2676 2675 2664 2688 2659 2666 2678 2668 2683 2686 2694 2693 2675 2685 2693 2673 2683 2683 2671 2690 2689 2672 2710 2691 2667 2674 2655 2703 2666 2667 2707 2684 2687 2685 2673 2707 2695 2668 2675 2714 2691 2668 2687 2700 2726 2705 2686 2699 2701 2695 2698 2692 2710 2714 2673 2679 2702 2697 2706 2684 2729 2694 2700 2715 2703 2722 2732 2684 2754 2700 2709 2734 2755 2684 2727 2742 2718 2748 2711 2712 2727 2704 2757 2732 2695 2702 2763 2712 2713

Tree=0
num_leaves=31
num_cat=0
split_feature=4 4 4 4 4 4 4 1 1 1 6 1 6 1 4 4 1 4 4 6 4 4 4 1 5 1 4 4 6 1
split_gain=9.55662e+08 9.08182e+07 5.87975e+07 1.19445e+07 1.10433e+07 3.83704e+06 3.05865e+06 1.83406e+06 1.80328e+06 1.74402e+06 1.33839e+06 1.01192e+06 587848 564476 507230 479250 420108 360973 260459 253214 251716 199709 164883 157839 153851 176152 147112 144241 139734 132505
threshold=325.50000000000006 641.50000000000011 108.50000000000001 492.50000000000006 780.50000000000011 237.50000000000003 34.500000000000007 445.50000000000006 885.50000000000011 589.50000000000011 702.50000000000011 196.50000000000003 332.50000000000006 757.50000000000011 384.50000000000006 549.50000000000011 610.50000000000011 852.50000000000011 154.50000000000003 76.500000000000014 701.50000000000011 919.50000000000011 688.50000000000011 10.500000000000002 99.500000000000014 638.50000000000011 613.50000000000011 423.50000000000006 817.50000000000011 468.50000000000006
decision_type=2 2 2 2 2 2 2 2 2 2 2 2 2 2 2 2 2 2 2 2 2 2 2 2 2 2 2 2 2 2
left_child=2 3 6 7 10 11 23 14 17 15 22 18 -7 24 -2 -5 27 -6 -4 -8 -12 -10 -3 -1 25 -11 -17 -9 -22 -14
right_child=1 4 5 9 8 12 19 16 21 13 20 -13 29 -15 -16 26 -18 -19 -20 -21 28 -23 -24 -25 -26 -27 -28 -29 -30 -31
leaf_value=219.10439463894133 237.30584139113896 251.56450841145065 225.73135378281475 244.64018438526918 259.71959716986237 232.65931713478327 221.90974073052698 240.92484957025786 263.99778444507621 249.05254926659271 254.72952896260804 230.31298725823609 235.44286716933274 255.37837555248041 240.02189661867436 247.02315685108638 247.18534186446075 262.433521695754 228.10608147932606 223.88406114694888 256.7799943181534 266.10775617307547 253.78340188572031 220.22322928188882 246.46998238048008 251.30850880632548 250.11773640238846 242.99077630617415 259.43966339452493 238.81859386511363
leaf_weight=6239 308 204 235 297 345 374 422 121 242 232 142 409 151 47 389 210 51 190 227 264 303 209 142 332 36 138 47 280 59 36
leaf_count=6239 308 204 235 297 345 374 422 121 242 232 142 409 151 47 389 210 51 190 227 264 303 209 142 332 36 138 47 280 59 36
internal_value=230.623 250.874 221.32 243.914 259.046 230.579 219.493 240.43 262.647 247.89 254.87 228.502 233.804 250.191 238.822 246.008 242.911 260.683 226.898 222.67 256.514 264.976 252.475 219.161 249.59 249.894 247.589 242.367 257.213 236.093
internal_weight=12681 3992 8689 2156 1836 1432 7257 1149 986 1007 850 871 561 453 697 554 452 535 462 686 504 451 346 6571 406 370 257 401 362 187
internal_count=12681 3992 8689 2156 1836 1432 7257 1149 986 1007 850 871 561 453 697 554 452 535 462 686 504 451 346 6571 406 370 257 401 362 187
is_linear=0
shrinkage=1


Tree=1
num_leaves=31
num_cat=0
split_feature=4 4 4 4 4 4 4 6 1 6 6 6 6 6 1 4 4 4 4 6 4 6 4 4 4 0 8 4 1 4
split_gain=8.62485e+08 8.19634e+07 5.30648e+07 1.07837e+07 9.9666e+06 3.46293e+06 2.76263e+06 1.79608e+06 1.62746e+06 1.40453e+06 1.2079e+06 914543 749605 536000 460198 392278 334477 329390 307588 231657 220380 211395 194656 180238 168617 162124 152966 148807 145691 144827
threshold=325.50000000000006 641.50000000000011 108.50000000000001 481.50000000000006 780.50000000000011 237.50000000000003 37.500000000000007 565.00000000000011 885.50000000000011 445.50000000000006 702.50000000000011 191.50000000000003 714.50000000000011 309.50000000000006 610.50000000000011 384.50000000000006 549.50000000000011 840.50000000000011 577.50000000000011 830.50000000000011 701.50000000000011 83.500000000000014 154.50000000000003 919.50000000000011 13.500000000000002 26.450000000000003 5.5000000000000009 688.50000000000011 468.50000000000006 364.50000000000006
decision_type=2 2 2 2 2 2 2 2 2 2 2 2 2 2 2 2 2 2 2 2 2 2 2 2 2 2 2 2 2 2
left_child=2 3 6 9 10 11 24 16 17 15 27 22 18 -7 29 -2 -5 -6 25 20 26 -8 -4 -10 -1 -9 -12 -3 -15 -11
right_child=1 4 5 7 8 13 21 12 23 14 19 -13 -14 28 -16 -17 -18 -19 -20 -21 -22 -23 -24 -25 -26 -27 -28 -29 -30 -31
leaf_value=-10.938392608598919 6.3147634795506802 19.894078213560817 -4.6064980775370437 13.000096278324307 27.454822452251729 1.7235691034503984 -8.1105511020969701 14.637999674755594 31.705688410357013 7.9956614267826085 20.403146232748934 -0.39357161077189035 22.485770044094181 4.3248617133315728 16.484483096599579 8.7522173099361904 15.638303730388484 29.953501483949566 18.45363060280129 27.511785507202148 24.918443902131102 -6.2004822502579806 -2.4863041475862264 33.710163864792825 -9.7383467981792045 17.348737011315688 23.893393816266741 22.002026480016575 7.7854592932595157 11.185113831201207
leaf_weight=6291 300 204 236 321 299 329 444 115 242 40 53 435 82 196 40 367 192 236 270 60 314 215 200 209 307 106 77 142 36 323
leaf_count=6291 300 204 236 321 299 329 444 115 242 40 53 435 82 196 40 367 192 236 270 60 314 215 200 209 307 106 77 142 36 323
internal_value=-2.07483e-07 19.2379 -8.83852 12.6265 27.0017 -0.0423145 -10.5742 16.1365 30.4221 9.06401 23.034 -2.01561 18.0605 3.0214 11.3945 7.65591 13.9875 28.557 17.3214 24.5957 24.2017 -7.48739 -3.63393 32.6346 -10.8826 15.9382 22.4704 20.7592 4.86185 10.8337
internal_weight=12681 3992 8689 2156 1836 1432 7257 1086 986 1070 850 871 573 561 403 667 513 535 491 504 444 659 436 451 6598 221 130 346 232 363
internal_count=12681 3992 8689 2156 1836 1432 7257 1086 986 1070 850 871 573 561 403 667 513 535 491 504 444 659 436 451 6598 221 130 346 232 363
is_linear=0
shrinkage=0.05


Tree=2
num_leaves=31
num_cat=0
split_feature=4 4 4 4 4 4 4 1 1 1 6 1 4 6 1 4 6 1 4 6 4 4 6 4 6 4 8 5 1 1
split_gain=7.78393e+08 7.3972e+07 4.78909e+07 9.7456e+06 8.99836e+06 3.12529e+06 2.49328e+06 1.52036e+06 1.44811e+06 1.30485e+06 1.20719e+06 840386 549481 483740 473700 386260 267217 258500 255034 220694 217147 209453 192410 162690 153494 148420 138052 137170 152035 131486
threshold=325.50000000000006 641.50000000000011 108.50000000000001 492.50000000000006 788.50000000000011 237.50000000000003 37.500000000000007 468.50000000000006 589.50000000000011 885.50000000000011 702.50000000000011 196.50000000000003 403.50000000000006 309.50000000000006 757.50000000000011 549.50000000000011 830.50000000000011 610.50000000000011 852.50000000000011 384.50000000000006 701.50000000000011 154.50000000000003 76.500000000000014 930.50000000000011 10.500000000000002 688.50000000000011 5.5000000000000009 99.500000000000014 638.50000000000011 468.50000000000006
decision_type=2 2 2 2 2 2 2 2 2 2 2 2 2 2 2 2 2 2 2 2 2 2 2 2 2 2 2 2 2 2
left_child=2 3 6 7 10 11 24 12 15 18 25 21 19 -7 27 -5 20 -9 -6 -2 26 -4 -8 -11 -1 -3 -12 28 -10 -15
right_child=1 4 5 8 9 13 22 17 14 23 16 -13 -14 29 -16 -17 -18 -19 -20 -21 -22 -23 -24 -25 -26 -27 -28 -29 -30 -31
leaf_value=-10.395934982458675 5.5061872911156469 18.899374561683807 -4.4224720500377899 12.643327329455802 26.382318596824064 1.6373906385391317 -7.8092778841654464 11.074510430547193 16.637681267179293 30.319285936224954 19.382988220790651 -0.26416397828672511 9.2033572198015392 4.1086185445590893 22.434937111874845 15.290730677504484 26.262604037198159 14.935565553926956 28.721964593184623 7.6738297131384305 23.749544606489295 -2.2929256351508758 -6.0646574217103737 32.315154348968704 -9.3271005077093427 20.991705407767462 22.698723889635758 14.186339538627202 18.733529226330742 7.3961863040924074
leaf_weight=6243 241 204 235 297 301 329 396 289 232 292 53 409 339 196 47 257 77 51 190 229 340 227 263 157 355 145 77 36 138 36
leaf_count=6243 241 204 235 297 301 329 396 289 232 292 53 409 339 196 47 257 77 51 190 229 340 227 263 157 355 145 77 36 138 36
internal_value=-3.15984e-09 18.276 -8.39659 11.9952 25.6516 -0.0401988 -10.0455 8.84811 15.586 29.0691 22.0663 -1.91483 7.66902 2.87033 17.6828 13.8715 23.5323 11.6537 27.2877 6.56234 23.085 -3.37614 -7.11302 31.0172 -10.3384 19.7687 21.3469 17.1327 17.4194 4.61876
internal_weight=12681 3992 8689 2156 1836 1432 7257 1149 1007 940 896 871 809 561 453 554 547 340 491 470 470 462 659 449 6598 349 130 406 370 232
internal_count=12681 3992 8689 2156 1836 1432 7257 1149 1007 940 896 871 809 561 453 554 547 340 491 470 470 462 659 449 6598 349 130 406 370 232
is_linear=0
shrinkage=0.05


Tree=3
num_leaves=31
num_cat=0
split_feature=4 4 4 4 4 4 4 6 1 1 6 1 6 4 4 6 4 4 1 6 4 4 4 1 1 1 5 0 6 4
split_gain=7.025e+08 6.67997e+07 4.32216e+07 1.15605e+07 5.74119e+06 2.8284e+06 2.25183e+06 1.85523e+06 1.32303e+06 1.03485e+06 904914 800030 427617 303812 283676 281171 273259 270688 257219 244132 223085 196249 194308 161081 149854 147461 143031 133484 122012 117077
threshold=325.50000000000006 599.50000000000011 108.50000000000001 780.50000000000011 471.50000000000006 242.50000000000003 34.500000000000007 702.50000000000011 885.50000000000011 570.50000000000011 445.50000000000006 196.50000000000003 332.50000000000006 530.50000000000011 384.50000000000006 714.50000000000011 688.50000000000011 840.50000000000011 610.50000000000011 879.50000000000011 711.50000000000011 75.500000000000014 154.50000000000003 642.50000000000011 930.50000000000011 484.50000000000006 99.500000000000014 25.350000000000005 260.50000000000006 10.500000000000002
decision_type=2 2 2 2 2 2 2 2 2 2 2 2 2 2 2 2 2 2 2 2 2 2 2 2 2 2 2 2 2 2
left_child=2 4 6 7 10 11 29 16 17 13 14 22 -7 -6 -2 26 23 27 -12 20 -9 -8 -4 -3 -10 -14 -11 -5 -13 -1
right_child=1 3 5 8 9 12 21 19 24 15 18 28 25 -15 -16 -17 -18 -19 -20 -21 -22 -23 -24 -25 -26 -27 -28 -29 -30 -31
leaf_value=-9.8756657030029302 5.6825374380946165 16.39530713536718 -4.2013484958892171 23.681358737415739 11.054686058576578 1.8321873925366992 -7.4903568667457225 20.606137577111269 28.621052731149565 15.41422760511788 9.5604900392757113 -0.75050038514567208 4.2647446918236041 13.426777969670093 7.7934539190084182 19.566133067482397 19.852340643170855 27.042529594292077 14.406397539774577 27.215821422230114 22.686868572535953 -5.7546750868621626 -2.1570541414424129 18.384279600102854 30.451463362530962 8.472904539108276 12.220715362951161 25.795690543882309 1.0838058626697968 -8.8965620902468494
leaf_weight=6250 300 222 235 144 319 352 420 217 246 284 314 305 157 234 339 38 142 236 30 22 317 266 230 188 205 24 40 155 129 321
leaf_count=6250 300 222 235 144 319 352 420 217 246 284 314 305 157 234 339 38 142 236 30 22 317 266 230 188 205 24 40 155 129 321
internal_value=1.44914e-08 17.3622 -7.97676 23.52 10.5686 -0.0381888 -9.54325 20.0154 27.4582 13.4189 7.91549 -1.7492 2.84774 12.0584 6.80241 15.4972 17.962 25.7766 9.9831 22.054 21.8413 -6.81734 -3.19019 17.3073 29.4531 4.82273 15.02 24.7774 -0.20528 -9.82784
internal_weight=12681 3992 8689 2094 1898 1432 7257 1108 986 915 983 899 533 553 639 362 552 535 344 556 534 686 465 410 451 181 324 299 434 6571
internal_count=12681 3992 8689 2094 1898 1432 7257 1108 986 915 983 899 533 553 639 362 552 535 344 556 534 686 465 410 451 181 324 299 434 6571
is_linear=0
shrinkage=0.05


Tree=4
num_leaves=31
num_cat=0
split_feature=4 4 4 4 4 4 4 6 6 6 1 6 6 6 1 4 6 4 4 4 1 4 4 4 4 0 1 4 8 4
split_gain=6.34006e+08 6.02892e+07 3.90129e+07 7.94571e+06 7.34321e+06 2.8661e+06 1.674e+06 1.36163e+06 1.05582e+06 1.0492e+06 956833 771038 570154 512719 334095 305538 268738 239186 234263 193835 180895 178343 159144 153266 145724 136154 134872 130677 124592 115450
threshold=325.50000000000006 641.50000000000011 99.500000000000014 481.50000000000006 797.50000000000011 204.50000000000003 28.500000000000004 565.00000000000011 450.50000000000006 702.50000000000011 885.50000000000011 290.50000000000006 714.50000000000011 168.50000000000003 610.50000000000011 403.50000000000006 830.50000000000011 577.50000000000011 549.50000000000011 701.50000000000011 384.50000000000006 852.50000000000011 253.50000000000003 60.500000000000007 697.50000000000011 26.450000000000003 468.50000000000006 930.50000000000011 5.5000000000000009 364.50000000000006
decision_type=2 2 2 2 2 2 2 2 2 2 2 2 2 2 2 2 2 2 2 2 2 2 2 2 2 2 2 2 2 2
left_child=2 3 6 8 9 13 -1 18 15 24 21 22 17 -4 29 20 19 25 -5 28 -2 -6 -7 -8 -3 -9 -13 -12 -11 -10
right_child=1 4 5 7 10 11 23 12 14 16 27 26 -14 -15 -16 -17 -18 -19 -20 -21 -22 -23 -24 -25 -26 -27 -28 -29 -30 -31
leaf_value=-9.3492739296252463 4.8473097242953926 17.175321810526622 -3.9336107827057414 11.139286640499982 23.918432957575874 -0.22366917618170934 -7.4729401152550032 12.456124847764556 6.7237109828639676 17.38353280301364 27.40646125740475 3.3811030266020037 19.371379949988391 -1.1975109723523347 14.190142506361008 7.9755376868777805 23.83618805793024 15.865825147981997 13.347178356846175 21.500102762622731 6.8959613517301168 25.933740828664682 1.5790286052772511 -5.9821322920828157 19.287063447039898 14.94028899714632 6.5266543143834825 29.19955834066792 20.533480359362319 9.6802024312438721
leaf_weight=6510 235 229 347 321 260 270 361 115 37 53 288 270 82 338 40 252 93 270 192 362 199 190 224 330 127 106 39 157 77 307
leaf_count=6510 235 229 347 321 260 270 361 115 37 53 288 270 82 338 40 252 93 270 192 362 199 190 224 330 127 106 39 157 77 307
internal_value=1.99426e-07 16.4941 -7.57792 10.8238 23.1527 -0.207643 -9.1009 13.8368 7.76585 20.0689 26.3951 1.81911 15.512 -2.58354 9.86512 6.59074 21.3713 14.8674 11.9656 20.9054 5.78667 24.7693 0.593748 -6.76098 17.9287 13.6476 3.77811 28.0391 19.2493 9.36221
internal_weight=12681 3992 8689 2156 1836 1488 7201 1086 1070 941 895 803 573 685 384 686 585 491 513 492 434 450 494 691 356 221 309 445 130 344
internal_count=12681 3992 8689 2156 1836 1488 7201 1086 1070 941 895 803 573 685 384 686 585 491 513 492 434 450 494 691 356 221 309 445 130 344
is_linear=0
shrinkage=0.05


Tree=5
num_leaves=31
num_cat=0
split_feature=4 4 4 4 4 6 4 6 1 1 1 4 4 6 6 6 1 4 6 4 4 5 6 4 4 6 0 5 4 4
split_gain=5.72207e+08 5.77061e+07 3.17261e+07 9.4199e+06 5.35958e+06 2.17153e+06 1.51199e+06 1.50418e+06 1.11893e+06 1.0723e+06 685094 639139 359940 283349 274291 237455 226589 220249 209441 185317 180691 176091 157814 138797 131693 123290 118603 116710 111376 105605
threshold=313.50000000000006 599.50000000000011 99.500000000000014 780.50000000000011 447.50000000000006 235.50000000000003 31.500000000000004 702.50000000000011 570.50000000000011 885.50000000000011 405.50000000000006 181.50000000000003 530.50000000000011 332.50000000000006 714.50000000000011 536.50000000000011 673.50000000000011 840.50000000000011 879.50000000000011 371.50000000000006 711.50000000000011 93.500000000000014 153.50000000000003 271.50000000000006 919.50000000000011 64.500000000000014 25.350000000000005 74.500000000000014 671.50000000000011 227.50000000000003
decision_type=2 2 2 2 2 2 2 2 2 2 2 2 2 2 2 2 2 2 2 2 2 2 2 2 2 2 2 2 2 2
left_child=2 4 6 7 10 11 -1 16 12 17 19 22 -6 29 21 -12 28 26 20 -2 -9 -10 -4 -15 -11 -8 -5 -18 -3 -7
right_child=1 3 5 9 8 13 25 18 14 24 15 -13 -14 23 -16 -17 27 -19 -20 -21 -22 -23 -24 -25 -26 -27 -28 -29 -30 -31
leaf_value=-8.8758095312978611 4.2507315959315752 15.09645967579528 -4.1525549272390512 21.336991951200698 9.7144666393682648 -0.16382522868949015 -6.980665325658709 18.593850142972261 13.913431611312063 25.787232197217708 7.4741329364254057 -0.55979975933318049 12.115335546599495 2.0621934622526168 17.804492197036744 10.99830994730646 18.414296140168844 24.413357152777206 24.683515652743253 6.2271105690779187 20.466466832461794 10.749484206162968 -2.2653191053921389 4.7913087765375773 27.500630060223301 -5.6057446853534598 23.329990997314454 14.862629079818726 17.078466723042151 1.6568044925095344
leaf_weight=6542 256 298 260 144 469 111 363 217 285 242 365 376 234 88 40 55 133 236 22 221 317 52 193 99 209 296 155 28 93 282
leaf_count=6542 256 298 260 144 469 111 363 217 285 242 365 376 234 88 40 55 133 236 22 221 317 52 193 99 209 296 155 28 93 282
internal_value=1.37041e-07 15.4462 -7.30329 21.2304 9.31962 -0.441809 -8.64586 18.0669 11.6922 24.7854 6.46304 -2.08366 10.5136 1.90491 13.8899 7.93563 16.2179 23.2715 19.9025 5.16641 19.7055 13.4252 -3.3485 3.50702 26.5812 -6.3631 22.3702 17.7966 15.5679 1.14258
internal_weight=12681 4071 8610 2094 1977 1409 7201 1108 1080 986 897 829 703 580 377 420 552 535 556 477 534 337 453 187 451 659 299 161 391 393
internal_count=12681 4071 8610 2094 1977 1409 7201 1108 1080 986 897 829 703 580 377 420 552 535 556 477 534 337 453 187 451 659 299 161 391 393
is_linear=0
shrinkage=0.05


Tree=6
num_leaves=31
num_cat=0
split_feature=4 4 4 4 4 4 6 6 1 1 6 4 6 6 4 1 4 1 6 6 1 0 1 4 1 1 4 1 0 5
split_gain=5.16445e+08 4.9156e+07 3.17838e+07 8.50146e+06 4.23618e+06 1.96851e+06 1.9386e+06 1.35752e+06 967748 772767 676584 456335 300454 246969 211665 204497 201789 194408 189976 180371 171167 167095 134211 129433 124363 123087 119910 119730 109229 105331
threshold=325.50000000000006 599.50000000000011 116.50000000000001 780.50000000000011 471.50000000000006 40.500000000000007 245.50000000000003 702.50000000000011 885.50000000000011 589.50000000000011 445.50000000000006 181.50000000000003 332.50000000000006 528.50000000000011 393.50000000000006 673.50000000000011 852.50000000000011 610.50000000000011 872.50000000000011 94.500000000000014 769.50000000000011 19.950000000000003 12.500000000000002 271.50000000000006 380.50000000000006 930.50000000000011 701.50000000000011 441.50000000000006 25.350000000000005 74.500000000000014
decision_type=2 2 2 2 2 2 2 2 2 2 2 2 2 2 2 2 2 2 2 2 2 2 2 2 2 2 2 2 2 2
left_child=2 4 5 7 10 22 11 15 16 13 14 -4 -8 -6 24 -3 28 -12 21 -7 -11 -9 -1 -14 -2 -10 -23 -25 -5 -17
right_child=1 3 6 8 9 19 12 18 25 20 17 -13 23 -15 -16 29 -18 -19 -20 -21 -22 26 -24 27 -26 -27 -28 -29 -30 -31
leaf_value=-8.4692621778034898 4.1894712675809869 14.789489372429031 -2.83024447973997 20.500157807190295 9.7551101336442425 -6.0928499388979729 1.3940095005681119 16.675088875714472 24.49813877586427 13.317074989259934 8.2002220908737495 -0.40940001871144993 2.1289948511554537 11.784303898498662 6.8642954480756417 17.493581588286208 23.416384708002994 12.41311567147573 23.166850891113285 -4.2628344035666919 17.817883483223294 17.900620425164284 -7.4712628653879918 3.8310323901343768 6.046976526190595 26.15703802341368 19.657233557055889 7.2509962197506077 22.279511167836745 14.119497735159738
leaf_weight=6270 200 391 353 173 389 502 360 85 246 259 314 434 83 244 275 133 190 30 25 184 23 143 356 114 164 205 303 33 172 28
leaf_count=6270 200 391 353 173 389 502 360 85 246 259 314 434 83 244 275 133 190 30 25 184 23 143 356 114 164 205 303 33 172 28
internal_value=1.42601e-07 14.8866 -6.83936 20.1689 9.05879 -8.15167 0.129132 17.1635 23.5461 11.5071 6.7798 -1.49524 2.29588 10.5373 5.81734 15.407 22.1079 8.56763 18.9073 -5.602 13.6842 18.7068 -8.41564 3.70751 5.02637 25.2522 19.094 4.59878 21.3873 16.9068
internal_weight=12681 3992 8689 2094 1898 7312 1377 1108 986 915 983 787 590 633 639 552 535 344 556 686 282 531 6626 230 364 451 446 147 345 161
internal_count=12681 3992 8689 2094 1898 7312 1377 1108 986 915 983 787 590 633 639 552 535 344 556 686 282 531 6626 230 364 451 446 147 345 161
is_linear=0
shrinkage=0.05


Tree=7
num_leaves=31
num_cat=0
split_feature=4 4 4 4 4 4 1 6 6 1 1 6 6 6 4 6 4 4 6 4 0 4 4 1 4 8 5 1 0 0
split_gain=4.66125e+08 4.69861e+07 2.58416e+07 7.67257e+06 4.38663e+06 1.797e+06 1.23592e+06 1.22517e+06 925138 873392 563106 458613 382945 282928 241328 198470 193378 183183 172159 150595 149958 149576 137892 126421 113980 106642 106565 104594 97216.5 92865.6
threshold=313.50000000000006 599.50000000000011 99.500000000000014 780.50000000000011 447.50000000000006 204.50000000000003 25.500000000000004 702.50000000000011 552.50000000000011 885.50000000000011 405.50000000000006 290.50000000000006 168.50000000000003 714.50000000000011 530.50000000000011 536.50000000000011 688.50000000000011 840.50000000000011 830.50000000000011 371.50000000000006 26.450000000000003 701.50000000000011 60.500000000000007 642.50000000000011 930.50000000000011 5.5000000000000009 68.500000000000014 266.50000000000006 25.350000000000005 17.450000000000003
decision_type=2 2 2 2 2 2 2 2 2 2 2 2 2 2 2 2 2 2 2 2 2 2 2 2 2 2 2 2 2 2
left_child=2 4 6 7 10 12 -1 16 14 17 19 27 -4 20 29 -12 23 28 21 -2 -10 25 -8 -3 -11 -9 -18 -7 -5 -6
right_child=1 3 5 9 8 11 22 18 13 24 15 -13 -14 -15 -16 -17 26 -19 -20 -21 -22 -23 -24 -25 -26 -27 -28 -29 -30 -31
leaf_value=-8.0249996913289383 3.8274612408131361 13.277969489333868 -3.4016057596082989 19.245134248998433 7.6101767176346815 -0.040877408910104461 -6.4767674779429019 15.210565326915068 10.993015671755787 23.408714321032676 6.741596310889884 3.0758529930469027 -1.0369896422807106 16.215510549999419 10.774537362098695 9.9635113889520834 16.781464360971921 22.043882248967382 20.423200544667623 5.6090935525446461 12.927867424298848 18.305026596215122 -5.1028211361024445 15.04001210408008 25.077301010812164 17.654486587199759 12.84391881942749 1.6041134227425964 21.0495161093435 9.1760444971046056
leaf_weight=6461 256 222 347 144 139 340 412 85 213 294 365 249 338 42 200 55 122 236 63 221 189 314 328 188 157 94 20 135 155 297
leaf_count=6461 256 222 347 144 139 340 412 85 213 294 365 249 338 42 200 55 122 236 63 221 189 314 328 188 157 94 20 135 155 297
internal_value=-9.64437e-08 13.941 -6.59164 19.1604 8.41277 -0.399088 -7.80332 16.3053 10.5592 22.3688 5.82845 1.33777 -2.23483 12.3107 9.33649 7.16351 14.6367 21.0025 17.962 4.65291 11.9027 17.6475 -5.86778 14.0859 23.9896 16.494 16.2269 0.426646 20.1805 8.67683
internal_weight=12681 4071 8610 2094 1977 1409 7201 1108 1080 986 897 724 685 444 636 420 552 535 556 477 402 493 740 410 451 179 142 475 299 436
internal_count=12681 4071 8610 2094 1977 1409 7201 1108 1080 986 897 724 685 444 636 420 552 535 556 477 402 493 740 410 451 179 142 475 299 436
is_linear=0
shrinkage=0.05


Tree=8
num_leaves=31
num_cat=0
split_feature=4 4 4 4 4 4 6 1 6 6 1 1 4 4 6 4 0 4 6 4 6 1 6 4 1 5 1 4 4 0
split_gain=4.20681e+08 4.00746e+07 2.59031e+07 5.32159e+06 4.88692e+06 1.60214e+06 1.59328e+06 883700 824305 678117 639999 403354 374078 303464 253428 192219 184730 168488 147283 144182 143889 138554 137037 131651 131129 127538 106040 97596.3 87573.4 85422.1
threshold=325.50000000000006 641.50000000000011 116.50000000000001 492.50000000000006 797.50000000000011 43.500000000000007 245.50000000000003 468.50000000000006 665.00000000000011 737.50000000000011 896.50000000000011 589.50000000000011 181.50000000000003 403.50000000000006 365.50000000000006 705.50000000000011 19.950000000000003 541.50000000000011 830.50000000000011 857.50000000000011 111.50000000000001 610.50000000000011 365.50000000000006 267.50000000000006 14.500000000000002 99.500000000000014 769.50000000000011 253.50000000000003 262.50000000000006 25.350000000000005
decision_type=2 2 2 2 2 2 2 2 2 2 2 2 2 2 2 2 2 2 2 2 2 2 2 2 2 2 2 2 2 2
left_child=2 3 5 7 9 24 12 13 11 15 19 17 -4 22 28 -3 -11 -5 -18 29 -7 -9 -2 -16 -1 -13 -10 -14 -8 -6
right_child=1 4 6 8 10 20 14 21 26 16 -12 25 27 -15 23 -17 18 -19 -20 -21 -22 -23 -24 -25 -26 -27 -28 -29 -30 -31
leaf_value=-7.6421749722726835 3.7293675085431652 14.244893072751234 -2.5631978210874387 9.099818169745955 18.725265556282096 -5.2998403215408327 0.60737972064724177 8.2020915921584141 14.121370184922419 15.019962668418884 23.010340724810206 12.543689636618405 -0.73326052287805155 6.7284819645164298 1.8639340764074994 16.312010256098119 17.594210627656548 10.8727645111084 19.934161126753864 21.315395217850096 -3.1857932603105588 11.028825469578015 5.469097260851413 4.8640899821531542 -6.6558344841003425 8.5108319657189515 17.252188388279507 1.1821117960825198 2.0537116523713821 20.444596789634392
leaf_weight=6302 190 297 353 257 143 560 179 289 119 56 396 295 352 339 57 181 322 280 85 210 94 51 280 102 356 21 35 82 252 146
leaf_count=6302 190 297 353 257 143 560 179 289 119 56 396 295 352 339 57 181 322 280 85 210 94 51 280 102 356 21 35 82 252 146
internal_value=1.51659e-07 13.4357 -6.17277 8.81269 18.8644 -7.35747 0.118122 6.48717 11.4661 16.3486 21.5094 10.8583 -1.35449 5.58824 2.08244 15.0276 17.7124 10.0243 18.0829 20.3184 -4.99599 8.6261 4.7658 3.78856 -7.58944 12.2757 14.8329 -0.37137 1.45303 19.5939
internal_weight=12681 3992 8689 2156 1836 7312 1377 1149 1007 941 895 853 787 809 590 478 463 537 407 499 654 340 470 159 6658 316 154 434 431 289
internal_count=12681 3992 8689 2156 1836 7312 1377 1149 1007 941 895 853 787 809 590 478 463 537 407 499 654 340 470 159 6658 316 154 434 431 289
is_linear=0
shrinkage=0.05


Tree=9
num_leaves=31
num_cat=0
split_feature=4 4 4 4 4 4 6 6 6 4 6 6 6 6 4 1 4 1 6 5 1 0 4 4 4 1 8 5 4 0
split_gain=3.79683e+08 3.83321e+07 2.10561e+07 6.24802e+06 3.58701e+06 1.47739e+06 1.00888e+06 1.00068e+06 756932 714920 483371 470394 238218 232914 190913 181017 165205 159791 151637 146013 144576 128243 127978 117595 116044 98587.8 92491.8 88845.5 83217 82557.2
threshold=313.50000000000006 599.50000000000011 99.500000000000014 780.50000000000011 447.50000000000006 193.50000000000003 25.500000000000004 702.50000000000011 552.50000000000011 875.50000000000011 290.50000000000006 426.50000000000006 153.50000000000003 714.50000000000011 530.50000000000011 878.50000000000011 354.50000000000006 673.50000000000011 879.50000000000011 99.500000000000014 610.50000000000011 26.450000000000003 919.50000000000011 253.50000000000003 63.500000000000007 767.50000000000011 5.5000000000000009 74.500000000000014 641.50000000000011 17.650000000000002
decision_type=2 2 2 2 2 2 2 2 2 2 2 2 2 2 2 2 2 2 2 2 2 2 2 2 2 2 2 2 2 2
left_child=2 4 6 7 11 12 -1 17 14 15 23 16 -4 21 29 26 -2 28 19 25 -13 -10 -11 -7 -8 -9 -5 -19 -3 -6
right_child=1 3 5 9 8 10 24 18 13 22 -12 20 -14 -15 -16 -17 -18 27 -20 -21 -22 -23 -24 -25 -26 -27 -28 -29 -30 -31
leaf_value=-7.2425548572938574 3.2399097816231328 11.880354814898244 -3.3601241598823179 17.789247790803302 6.9013968118655145 -0.35660640520410397 -5.8081507540949424 15.735246964536916 9.9026975970173119 20.795130493662775 2.8171655543351455 6.5405543535194672 -1.3479080788248385 14.657032527242388 9.7029008846282974 20.544694112141926 5.0165166727234771 15.076587406674722 20.285319900512697 13.019383206238619 10.585897262891134 11.691979620191788 22.484116251231271 1.1490200621616551 -4.529820190743858 17.193654052070951 19.328261652963604 11.977771251542229 13.343257515316919 8.3430202701487737
leaf_weight=6465 194 181 268 235 153 353 437 313 213 218 257 277 326 42 200 135 402 133 22 37 24 189 231 205 299 184 167 28 210 283
leaf_count=6465 194 181 268 235 153 353 437 313 213 218 257 277 326 42 200 135 402 133 22 37 24 189 231 205 299 184 167 28 210 283
internal_value=-9.02521e-08 12.5822 -5.94912 17.2964 7.58887 -0.359299 -7.04287 14.72 9.52984 20.1917 1.02292 5.25193 -2.25578 11.1141 8.42385 18.9606 4.43823 13.2119 16.2172 16.0496 6.86311 10.7439 21.6641 0.196536 -5.28883 16.2752 18.4286 14.5377 12.6661 7.83713
internal_weight=12681 4071 8610 2094 1977 1409 7201 1108 1080 986 815 897 594 444 636 537 596 552 556 534 301 402 449 558 736 497 402 161 391 436
internal_count=12681 4071 8610 2094 1977 1409 7201 1108 1080 986 815 897 594 444 636 537 596 552 556 534 301 402 449 558 736 497 402 161 391 436
is_linear=0
shrinkage=0.05


Tree=10
num_leaves=31
num_cat=0
split_feature=4 4 6 4 4 4 4 6 6 1 1 6 1 6 4 4 6 4 0 6 0 4 4 4 8 5 1 4 4 0
split_gain=3.42664e+08 3.45948e+07 1.90093e+07 5.63884e+06 3.23728e+06 1.17727e+06 1.11195e+06 903114 683131 647413 433815 285881 256557 210205 172299 163489 151912 145074 142491 143079 115739 115520 107805 107741 99943.9 92789.8 84348.1 83878.4 75699.6 74523.8
threshold=313.50000000000006 599.50000000000011 111.50000000000001 780.50000000000011 447.50000000000006 43.500000000000007 214.50000000000003 702.50000000000011 552.50000000000011 896.50000000000011 405.50000000000006 290.50000000000006 196.50000000000003 714.50000000000011 530.50000000000011 840.50000000000011 536.50000000000011 688.50000000000011 19.950000000000003 830.50000000000011 26.450000000000003 368.50000000000006 6.5000000000000009 129.50000000000003 3.5000000000000004 68.500000000000014 963.50000000000011 701.50000000000011 919.50000000000011 17.450000000000003
decision_type=2 2 2 2 2 2 2 2 2 2 2 2 2 2 2 2 2 2 2 2 2 2 2 2 2 2 2 2 2 2
left_child=2 4 5 7 10 22 12 17 14 15 21 -8 -4 20 29 -5 -12 24 -9 27 -10 -2 -1 -7 -3 -19 -11 -20 -17 -6
right_child=1 3 6 9 8 23 11 18 13 26 16 -13 -14 -15 -16 28 -18 25 19 -21 -22 -23 -24 -25 -26 -27 -28 -29 -30 -31
leaf_value=-6.9067328071193081 3.2003574529107741 11.093480913893982 -2.3473254681358662 17.334312263524165 6.4897416430411585 -4.7561816972555579 0.51562328903283927 13.547873769957443 9.4075626439331845 20.427273832693608 5.7920218409577462 2.6900001672069727 -0.37855229360767595 13.924180703787577 9.2177558307647711 18.729402393341065 8.6108118906888098 14.446192603814797 14.415475848034351 18.098993341546311 11.107380683333787 4.7571474085594048 -6.1243043368375751 -2.1339781298523857 12.695636242224403 10.771937420070172 22.44736430684074 15.92979395021092 21.470915167672295 7.8924745770817255
leaf_weight=6181 245 159 411 309 139 582 400 87 213 338 365 243 277 42 200 250 55 122 137 57 189 232 474 42 251 20 61 275 28 297
leaf_count=6181 245 159 411 309 139 582 400 87 213 338 365 243 277 42 200 250 55 122 137 57 189 232 474 42 251 20 61 275 28 297
internal_value=-7.18385e-08 11.953 -5.65167 16.4316 7.20943 -6.65629 -0.157543 13.984 9.05334 19.1821 4.98933 1.33736 -1.55467 10.5584 8.00266 18.1258 6.16115 12.5513 15.4063 15.7511 10.2067 3.95754 -6.851 -4.57969 12.0743 13.9287 20.7361 15.4262 19.0055 7.44527
internal_weight=12681 4071 8610 2094 1977 7279 1331 1108 1080 986 897 643 688 444 636 587 420 552 556 469 402 477 6655 624 410 142 399 412 278 436
internal_count=12681 4071 8610 2094 1977 7279 1331 1108 1080 986 897 643 688 444 636 587 420 552 556 469 402 477 6655 624 410 142 399 412 278 436
is_linear=0
shrinkage=0.05


Tree=11
num_leaves=31
num_cat=0
split_feature=4 4 4 4 4 6 6 1 6 6 1 1 4 4 6 5 4 6 4 4 6 4 5 4 1 4 1 0 1 5
split_gain=3.0927e+08 2.94775e+07 1.90729e+07 3.94272e+06 3.60875e+06 1.19777e+06 1.17683e+06 663629 619992 503816 484357 304786 275347 228489 203908 168078 159114 152652 126760 120085 111244 108578 108300 105641 102897 94633.8 86164.8 77308.2 75027.1 68594.8
threshold=325.50000000000006 641.50000000000011 116.50000000000001 492.50000000000006 797.50000000000011 245.50000000000003 43.500000000000007 468.50000000000006 665.00000000000011 741.50000000000011 906.50000000000011 589.50000000000011 181.50000000000003 403.50000000000006 365.50000000000006 99.500000000000014 697.50000000000011 872.50000000000011 549.50000000000011 857.50000000000011 355.50000000000006 78.500000000000014 99.500000000000014 267.50000000000006 610.50000000000011 8.5000000000000018 769.50000000000011 25.350000000000005 245.50000000000003 68.500000000000014
decision_type=2 2 2 2 2 2 2 2 2 2 2 2 2 2 2 2 2 2 2 2 2 2 2 2 2 2 2 2 2 2
left_child=2 3 6 7 9 12 25 13 11 16 19 18 -4 20 -7 17 -3 -11 -5 27 -2 -8 -13 -16 -9 -1 -10 -6 -14 -18
right_child=1 4 5 8 10 14 21 24 26 15 -12 22 28 -15 23 -17 29 -19 -20 -21 -22 -23 -24 -25 -26 -27 -28 -29 -30 -31
leaf_value=-6.5598572647922913 3.0293967014267333 12.107609587181978 -2.20831848909345 7.8884837987066128 16.037223889416662 1.2440698840398248 -4.8599819330068739 7.041557628679441 12.117505597667535 15.236681706364951 19.945644739756602 10.790943299632962 -0.64991622286502804 5.763804683150795 1.6149775998634206 11.813721908222547 14.165523240668922 18.783820874763258 9.43185792891577 18.341649501770735 4.6344854400598052 -3.5693155340616713 7.0746675491333013 4.3024693600102966 9.4775515762029912 -5.80023874443593 14.939706201553344 17.638448839126877 1.0140718756687075 11.100420475006104
leaf_weight=6209 168 271 353 294 145 431 377 289 119 375 337 295 350 339 57 33 209 33 243 256 302 287 21 102 51 439 35 157 84 20
leaf_count=6209 168 271 353 294 145 431 377 289 119 375 337 295 350 339 57 33 209 33 243 256 302 287 21 102 51 439 35 157 84 20
internal_value=4.30624e-08 11.52 -5.29264 7.55509 16.1759 0.105501 -6.30923 5.55339 9.83905 14.0141 18.4489 9.3119 -1.17132 4.77439 1.80864 15.246 12.9275 15.5236 8.58688 17.545 4.06075 -4.30212 10.544 3.33903 7.40696 -6.5097 12.7589 16.8696 -0.327854 13.8978
internal_weight=12681 3992 8689 2156 1836 1377 7312 1149 1007 941 895 853 787 809 590 441 500 408 537 558 470 664 316 159 340 6648 154 302 434 229
internal_count=12681 3992 8689 2156 1836 1377 7312 1149 1007 941 895 853 787 809 590 441 500 408 537 558 470 664 316 159 340 6648 154 302 434 229
is_linear=0
shrinkage=0.05


Tree=12
num_leaves=31
num_cat=0
split_feature=4 4 4 4 4 4 1 4 6 1 1 6 6 4 6 6 1 4 1 0 8 0 1 4 5 8 4 1 1 1
split_gain=2.79152e+08 2.87276e+07 1.49451e+07 4.59806e+06 2.75327e+06 1.09716e+06 675786 673792 653223 558401 393727 339177 201054 185460 173346 154364 152768 133275 121606 121255 111272 109460 105470 87830 87141.5 79445.8 80367.8 79054.1 78725 75122.7
threshold=307.50000000000006 599.50000000000011 95.500000000000014 763.50000000000011 447.50000000000006 193.50000000000003 25.500000000000004 875.50000000000011 668.50000000000011 570.50000000000011 411.50000000000006 284.50000000000006 163.50000000000003 530.50000000000011 875.50000000000011 749.50000000000011 769.50000000000011 354.50000000000006 624.50000000000011 19.950000000000003 5.5000000000000009 16.650000000000002 855.50000000000011 253.50000000000003 96.500000000000014 4.5000000000000009 820.50000000000011 61.500000000000007 642.50000000000011 650.50000000000011
decision_type=2 2 2 2 2 2 2 2 2 2 2 2 2 2 2 2 2 2 2 2 2 2 2 2 2 2 2 2 2 2
left_child=2 4 6 8 10 12 -1 14 28 13 17 23 -4 -6 25 -10 21 -2 -12 -17 -9 -11 -21 -7 29 26 -5 -8 -3 -23
right_child=1 3 5 7 9 11 27 20 15 16 18 -13 -14 -15 -16 19 -18 -19 -20 22 -22 24 -24 -25 -26 -27 -28 -29 -30 -31
leaf_value=-6.2109282377426371 2.6205051840737812 10.29274256922241 -2.8162248277168955 13.830756501448386 6.7646683831458922 -0.36367210078694634 -5.0377757113912836 17.701209013802664 12.674026900313477 6.0457866712050006 5.4646446925593155 2.3329835989645549 -1.0085766533975467 8.4880368412050426 17.451282156967533 11.54224468138483 13.583493705590568 4.2222308247554592 9.294541237571023 14.329404086892197 19.288287793788985 9.6466590589158088 17.870017209260361 0.97365351291863544 7.6937091117209579 16.114158196057847 15.882145675916352 -3.971865981767575 11.685792875223321 11.798859781148483
leaf_weight=6461 215 234 337 103 469 347 414 196 303 22 358 252 283 234 164 36 24 328 22 246 253 235 23 190 47 268 89 300 179 49
leaf_count=6461 215 234 337 103 469 347 414 196 303 22 358 252 283 234 164 36 24 328 22 246 253 235 23 190 47 268 89 300 179 49
internal_value=-8.12761e-08 10.738 -5.12509 14.8329 6.45715 -0.417163 -6.04962 17.1184 12.431 8.17088 4.45192 0.81966 -1.99112 7.33831 16.0556 13.4733 9.72341 3.58803 5.68638 14.2674 18.5955 9.46096 14.6321 0.109497 9.68796 15.558 14.7817 -4.58991 10.8965 10.018
internal_weight=12681 4097 8584 2094 2003 1409 7175 1073 1021 1080 923 789 620 703 624 608 377 543 380 305 449 353 269 537 331 460 192 714 413 284
internal_count=12681 4097 8584 2094 2003 1409 7175 1073 1021 1080 923 789 620 703 624 608 377 543 380 305 449 353 269 537 331 460 192 714 413 284
is_linear=0
shrinkage=0.05


Tree=13
num_leaves=31
num_cat=0
split_feature=4 4 6 4 4 4 1 4 6 6 6 4 6 8 6 1 0 6 1 5 1 4 4 1 1 5 4 4 4 1
split_gain=2.51935e+08 2.59267e+07 1.35114e+07 4.14975e+06 2.48482e+06 930027 724100 608098 589534 513100 367205 196376 180473 159923 139314 132930 124464 123218 115850 113872 111988 100835 98864.9 97908.7 94494.7 85988.1 83508.8 80573.5 75974.5 71049.3
threshold=307.50000000000006 599.50000000000011 116.50000000000001 763.50000000000011 447.50000000000006 43.500000000000007 235.50000000000003 875.50000000000011 668.50000000000011 528.50000000000011 426.50000000000006 163.50000000000003 714.50000000000011 5.5000000000000009 749.50000000000011 374.50000000000006 26.450000000000003 429.50000000000006 842.50000000000011 99.500000000000014 851.50000000000011 934.50000000000011 129.50000000000003 610.50000000000011 511.50000000000006 99.500000000000014 267.50000000000006 6.5000000000000009 262.50000000000006 642.50000000000011
decision_type=2 2 2 2 2 2 2 2 2 2 2 2 2 2 2 2 2 2 2 2 2 2 2 2 2 2 2 2 2 2
left_child=2 4 5 8 10 27 11 13 29 24 15 -4 16 -5 -10 -2 -11 28 -15 20 -16 -9 -7 -12 -6 -19 -13 -1 -8 -3
right_child=1 3 6 7 9 22 17 21 14 12 23 26 -14 18 19 -17 -18 25 -20 -21 -22 -23 -24 -25 -26 -27 -28 -29 -30 -31
leaf_value=-5.9228567695216521 2.779731731832225 9.7781054524211299 -2.2190159270997012 14.47262345276773 6.2479739423831511 -4.080952417890364 0.3329345056006523 17.145587589402407 12.040325634392969 7.8925093153689776 5.3838091343107193 -0.70563148824986843 11.99792279743013 14.996393401431343 13.585707237012684 4.2455975972703577 9.4854049541983194 5.4846088950450609 16.958107675335366 10.573592409594307 17.470561370849609 18.745151101726375 -1.8470334101606298 8.6500286560058601 7.7078179261623294 1.8577953612262552 1.9828862656508723 -5.2464285637255967 1.5910403753704856 11.101503180125572
leaf_weight=6181 302 234 273 320 383 598 241 303 303 282 279 423 42 137 256 317 217 26 167 29 20 146 54 25 156 44 31 474 239 179
leaf_count=6181 302 234 273 320 383 598 241 303 303 282 279 423 42 137 256 317 217 26 167 29 20 146 54 25 156 44 31 474 239 179
internal_value=-2.87678e-08 10.2011 -4.86884 14.0913 6.1343 -5.69812 -0.1237 16.2625 11.8095 7.76234 4.22932 -1.15929 8.85015 15.2528 12.7997 3.53043 8.58521 1.24516 16.074 13.5541 13.8672 17.6657 -3.89593 5.65241 6.67049 3.2049 -0.522054 -5.87468 0.959366 10.3517
internal_weight=12681 4097 8584 2094 2003 7307 1277 1073 1021 1080 923 727 541 624 608 619 499 550 304 305 276 449 652 304 539 70 454 6655 480 413
internal_count=12681 4097 8584 2094 2003 7307 1277 1073 1021 1080 923 727 541 624 608 619 499 550 304 305 276 449 652 304 539 70 454 6655 480 413
is_linear=0
shrinkage=0.05


Tree=14
num_leaves=31
num_cat=0
split_feature=4 4 4 4 4 6 4 1 6 8 4 1 6 1 4 8 6 5 3 1 1 6 3 0 4 0 0 4 0 1
split_gain=2.27452e+08 2.00914e+07 1.60031e+07 3.51677e+06 1.70169e+06 1.01544e+06 1.01469e+06 660863 512196 354008 252212 225550 200204 170258 142482 139583 127235 127010 142806 111898 111718 88845.3 103545 84035.8 82403.7 81602.2 69863.2 67212.7 63407.9 59362.4
threshold=344.50000000000006 679.50000000000011 125.50000000000001 521.50000000000011 816.50000000000011 46.500000000000007 262.50000000000006 471.50000000000006 634.50000000000011 4.5000000000000009 919.50000000000011 213.50000000000003 384.50000000000006 823.50000000000011 403.50000000000006 5.5000000000000009 665.00000000000011 74.500000000000014 52.500000000000007 589.50000000000011 134.50000000000003 741.50000000000011 46.500000000000007 26.050000000000004 13.500000000000002 16.050000000000004 16.950000000000003 705.50000000000011 26.050000000000004 506.50000000000006
decision_type=2 2 2 2 2 2 2 2 2 2 2 2 2 2 2 2 2 2 2 2 2 2 2 2 2 2 2 2 2 2
left_child=2 3 5 7 9 24 11 14 19 17 15 -4 25 -11 28 -6 23 27 -19 -5 -7 26 -23 -9 -1 -8 -10 -3 -2 -25
right_child=1 4 6 8 10 20 12 16 21 13 -12 -13 -14 -15 -16 -17 -18 18 -20 -21 -22 22 -24 29 -26 -27 -28 -29 -30 -31
leaf_value=-5.6209839748528756 3.2511866585241531 10.415834297631918 -1.3508983802867167 7.7938582950305451 14.718451151934538 -3.785222713691144 0.30483742161800986 6.0471156406229829 7.4506128571250221 13.159355068683624 17.482745559494216 0.23472882898187783 3.8440497508150742 15.45683479309082 5.0576878668913121 16.318881768120658 10.052680921554566 11.272525611519814 5.8866658592224121 9.115106414878456 -1.785964477514919 12.878371330156719 9.3891294161478687 6.4620569636027021 -4.876471170835857 1.9863376562496027 10.374598413497418 12.374656445134885 4.6380668296188601 8.3920055052813378
leaf_weight=6289 254 57 488 386 275 605 95 276 22 400 231 415 130 101 399 270 28 32 20 274 79 73 30 75 395 300 286 189 122 85
leaf_count=6289 254 57 488 386 275 605 95 276 22 400 231 415 130 101 399 270 28 32 20 274 79 73 30 75 395 300 286 189 122 85
internal_value=3.17366e-08 10.0759 -4.45031 7.1069 14.4305 -5.38921 0.394091 5.29307 9.20524 12.8108 16.0982 -0.622177 2.14207 13.6225 4.39957 15.5113 6.78546 11.4462 9.20104 8.34238 -3.55431 10.5909 11.8621 6.57564 -5.57699 1.58193 10.1657 11.9208 3.70119 7.48734
internal_weight=12681 3885 8796 2310 1575 7368 1428 1239 1071 799 776 903 525 501 775 545 464 298 52 660 684 411 103 436 6684 395 308 246 376 160
internal_count=12681 3885 8796 2310 1575 7368 1428 1239 1071 799 776 903 525 501 775 545 464 298 52 660 684 411 103 436 6684 395 308 246 376 160
is_linear=0
shrinkage=0.05


Tree=15
num_leaves=31
num_cat=0
split_feature=4 4 4 4 4 4 4 6 6 4 1 6 4 6 8 0 5 1 6 4 8 5 4 3 4 0 1 1 1 0
split_gain=2.05275e+08 1.81484e+07 1.44428e+07 2.41135e+06 2.23658e+06 920625 915757 427944 396842 347206 345627 205928 184696 180685 139325 105069 103350 101440 101000 92364.3 88992.9 88980.4 86651 83299.5 79481.7 73645.9 68718.9 65304.2 61541.8 61518.8
threshold=344.50000000000006 641.50000000000011 125.50000000000001 797.50000000000011 497.50000000000006 48.500000000000007 262.50000000000006 445.50000000000006 665.00000000000011 711.50000000000011 906.50000000000011 210.50000000000003 560.50000000000011 384.50000000000006 4.5000000000000009 25.050000000000004 92.500000000000014 134.50000000000003 604.50000000000011 423.50000000000006 4.5000000000000009 37.500000000000007 13.500000000000002 30.500000000000004 840.50000000000011 16.050000000000004 734.50000000000011 769.50000000000011 235.50000000000003 26.150000000000002
decision_type=2 2 2 2 2 2 2 2 2 2 2 2 2 2 2 2 2 2 2 2 2 2 2 2 2 2 2 2 2 2
left_child=2 4 5 9 7 22 11 19 12 20 24 28 15 25 16 -6 -11 -7 -9 29 -3 -16 -1 -20 -5 -8 -22 -10 -4 -2
right_child=1 3 6 10 8 17 13 18 27 14 -12 -13 -14 -15 21 -17 -18 -19 23 -21 26 -23 -24 -25 -26 -27 -28 -29 -30 -31
leaf_value=-5.3397144612930978 3.0672118998065439 9.546408219466338 -1.4686416157988036 13.556132839639808 6.3355048532163547 -3.540463000535965 0.28959554603225307 5.6351742271096157 9.8450697809962904 11.617509114210774 16.30465292265578 0.18519759815279607 8.3541772024653778 3.651847329598207 12.205698044590219 8.1352079257630461 7.8826344081333701 -1.5839830106099448 6.3451776949564618 4.8303591972489039 10.406858285076648 13.868805345807758 -4.6092513734843878 10.510997829437256 14.770901763331134 1.8870207821130753 12.168893326908709 12.304369114467077 0.99111089883027259 4.3720237309696115
leaf_weight=6291 291 185 437 227 281 568 95 423 118 157 337 439 428 130 189 114 21 75 30 178 166 140 434 20 331 300 83 35 27 131
leaf_count=6291 291 185 437 227 281 568 95 423 118 157 337 439 428 130 189 114 21 75 30 178 166 140 434 20 331 300 83 35 27 131
internal_value=-9.1409e-08 9.57213 -4.2278 13.1823 6.33724 -5.11975 0.374386 4.76174 8.06931 11.4151 15.0403 -0.591068 7.6346 2.03497 12.3037 6.85491 11.1769 -3.31226 5.88637 3.87516 10.3771 12.9134 -5.29257 8.01151 14.2767 1.50283 10.9942 10.4077 -1.32551 3.47226
internal_weight=12681 3885 8796 1836 2049 7368 1428 1073 976 941 895 903 823 525 507 395 178 643 473 600 434 329 6725 50 558 395 249 153 464 422
internal_count=12681 3885 8796 1836 2049 7368 1428 1073 976 941 895 903 823 525 507 395 178 643 473 600 434 329 6725 50 558 395 249 153 464 422
is_linear=0
shrinkage=0.05


Tree=16
num_leaves=31
num_cat=0
split_feature=4 4 6 4 4 4 4 1 1 4 1 1 6 8 1 6 4 1 5 5 8 3 8 1 4 6 0 6 1 5
split_gain=1.85262e+08 1.70188e+07 1.22664e+07 2.19291e+06 2.17717e+06 843207 690998 395183 382650 335940 283603 192508 188493 148930 143485 138936 120276 95975.4 93377.6 81094 80316.1 78576 77562.8 76753.1 73901.2 71255.4 65251.2 63015.9 62018.8 56876.6
threshold=335.50000000000006 641.50000000000011 116.50000000000001 492.50000000000006 801.50000000000011 248.50000000000003 48.500000000000007 471.50000000000006 604.50000000000011 711.50000000000011 906.50000000000011 196.50000000000003 360.50000000000006 4.5000000000000009 769.50000000000011 528.50000000000011 384.50000000000006 862.50000000000011 99.500000000000014 92.500000000000014 4.5000000000000009 41.500000000000007 5.5000000000000009 8.5000000000000018 135.50000000000003 575.50000000000011 16.050000000000004 450.50000000000006 734.50000000000011 96.500000000000014
decision_type=2 2 2 2 2 2 2 2 2 2 2 2 2 2 2 2 2 2 2 2 2 2 2 2 2 2 2 2 2 2
left_child=2 3 6 7 9 11 23 16 15 20 22 -4 26 19 18 -5 -2 -15 -10 -11 -3 29 -6 -1 -8 -23 -7 -18 -22 -9
right_child=1 4 5 8 10 12 24 21 14 13 -12 -13 -14 17 -16 -17 27 -19 -20 -21 28 25 -24 -25 -26 -27 -28 -29 -30 -31
leaf_value=-5.0772766295723297 2.954787847094317 9.0690878445393324 -1.5654569083811354 6.0708144589128175 13.112881582783116 0.040049458838999269 -3.4046663761138918 5.9128549172328073 8.8562768671963674 10.970207212600242 15.482665485964564 -0.088133492437042063 3.2342228066075496 12.090955439181911 11.859107192786965 7.5497647646825206 3.9012368327229803 15.095269091375943 6.052221708586722 7.7361686359752317 9.8865153301193054 6.1681000586478945 14.332437204996745 -4.4397789613608047 -1.3172648997410485 9.996066608428956 1.5136301041241513 5.1684343547291229 11.560448662631483 4.1422085951114527
leaf_weight=6210 283 185 417 290 310 100 542 208 296 163 334 468 148 319 37 351 359 29 33 22 166 31 225 511 46 20 302 135 83 58
leaf_count=6210 283 185 417 290 310 100 542 208 296 163 334 468 148 319 37 351 359 29 33 22 166 31 225 511 46 20 302 135 83 58
internal_value=-9.39683e-08 9.00655 -4.05521 5.93347 12.5232 0.17125 -4.88501 4.38368 7.61715 10.891 14.3395 -0.784228 1.7087 11.7319 8.90702 6.88066 3.77669 12.3413 8.57502 10.5856 9.8582 5.87146 13.6258 -5.02881 -3.24137 7.66926 1.14707 4.24754 10.4445 5.52677
internal_weight=12681 3937 8744 2101 1836 1435 7309 1094 1007 967 869 885 550 533 366 641 777 348 329 185 434 317 535 6721 588 51 402 494 249 266
internal_count=12681 3937 8744 2101 1836 1435 7309 1094 1007 967 869 885 550 533 366 641 777 348 329 185 434 317 535 6721 588 51 402 494 249 266
is_linear=0
shrinkage=0.05


Tree=17
num_leaves=31
num_cat=0
split_feature=4 4 4 4 4 6 4 1 6 8 4 1 6 1 8 1 4 5 3 1 2 0 1 6 1 6 0 6 5 0
split_gain=1.67211e+08 1.48047e+07 1.17801e+07 2.59094e+06 1.25634e+06 747581 746069 495031 381877 265617 202867 171379 149206 135087 112076 110332 105314 101624 129707 83936.1 83087.9 138530 120167 82422.7 79475.6 65326.8 60855.7 59321.5 54845.3 51830.1
threshold=344.50000000000006 679.50000000000011 125.50000000000001 521.50000000000011 816.50000000000011 46.500000000000007 262.50000000000006 471.50000000000006 634.50000000000011 4.5000000000000009 919.50000000000011 235.50000000000003 384.50000000000006 823.50000000000011 5.5000000000000009 610.50000000000011 403.50000000000006 74.500000000000014 52.500000000000007 589.50000000000011 41.500000000000007 21.850000000000005 808.50000000000011 191.50000000000003 134.50000000000003 741.50000000000011 16.050000000000004 6.5000000000000009 96.500000000000014 26.050000000000004
decision_type=2 2 2 2 2 2 2 2 2 2 2 2 2 2 2 2 2 2 2 2 2 2 2 2 2 2 2 2 2 2
left_child=2 3 5 7 9 27 11 16 19 17 14 23 26 -11 -6 28 29 -3 -19 -5 21 -10 25 -4 -7 -22 -8 -1 -9 -2
right_child=1 4 6 8 10 24 12 15 20 13 -12 -13 -14 -15 -16 -17 -18 18 -20 -21 22 -23 -24 -25 -26 -27 -28 -29 -30 -31
leaf_value=-4.8248454359579691 2.7530902205255092 10.227963624349456 -1.5008456107371015 6.6715080780570677 12.573328760320491 -3.2416444883661826 0.25304405396706181 5.7338113067588754 4.4356932142506471 11.27603164434433 15.051878455552188 0.55536084874141167 3.3087704936816147 13.32249750193983 14.007421346593787 7.624349847767089 4.3261674598176825 9.7693571418523799 4.6364489173889165 7.8158278339970728 8.8196559530120719 8.8449349279645126 13.147996412004744 -0.36756389580679316 -1.555387680817254 10.611348646337337 1.7051451487739884 -4.2596767927071015 4.0309223960746419 4.0069771266374437
leaf_weight=6182 254 246 341 386 275 605 95 337 23 400 231 259 130 101 270 72 399 32 20 274 222 79 21 303 79 66 300 502 55 122
leaf_count=6182 254 246 341 386 275 605 95 337 23 400 231 259 130 101 270 72 399 32 20 274 222 79 21 303 79 66 300 502 55 122
internal_value=-4.72756e-08 8.63918 -3.81574 6.09054 12.3772 -4.62128 0.340617 4.53368 7.89162 10.9855 13.8101 -0.53081 1.83947 11.6886 13.2838 5.82532 3.76036 9.80345 7.79516 7.14657 9.08806 7.85069 9.49651 -0.96764 -3.04689 9.23025 1.35591 -4.7824 5.49489 3.15994
internal_weight=12681 3885 8796 2310 1575 7368 1428 1239 1071 799 776 903 525 501 545 464 775 298 52 660 411 102 309 644 684 288 395 6684 392 376
internal_count=12681 3885 8796 2310 1575 7368 1428 1239 1071 799 776 903 525 501 545 464 775 298 52 660 411 102 309 644 684 288 395 6684 392 376
is_linear=0
shrinkage=0.05


Tree=18
num_leaves=31
num_cat=0
split_feature=4 4 4 4 4 4 1 4 6 4 6 6 0 6 1 6 4 6 5 1 0 8 2 5 1 1 1 3 5 1
split_gain=1.50932e+08 1.68073e+07 6.89525e+06 2.51047e+06 1.74596e+06 503674 440542 383889 365375 323144 239466 172042 126699 124722 123517 101242 99733.9 89262.3 87403.2 84062.8 76045 73484.2 71296.5 58384 76987.3 54627.6 53313.3 61172.7 51727.6 49875.2
threshold=293.50000000000006 599.50000000000011 92.500000000000014 763.50000000000011 423.50000000000006 181.50000000000003 542.50000000000011 884.50000000000011 668.50000000000011 22.500000000000004 384.50000000000006 281.50000000000006 18.250000000000004 875.50000000000011 769.50000000000011 153.50000000000003 537.50000000000011 749.50000000000011 99.500000000000014 851.50000000000011 15.950000000000001 5.5000000000000009 47.500000000000007 82.500000000000014 677.50000000000011 878.50000000000011 604.50000000000011 67.500000000000014 93.500000000000014 650.50000000000011
decision_type=2 2 2 2 2 2 2 2 2 2 2 2 2 2 2 2 2 2 2 2 2 2 2 2 2 2 2 2 2 2
left_child=2 4 9 8 10 15 16 13 23 -1 -2 -7 22 25 26 -4 20 -10 19 -19 -6 -9 -8 24 -3 -5 27 -14 29 -28
right_child=1 3 5 7 6 11 12 21 17 -11 -12 -13 14 -15 -16 -17 -18 18 -20 -21 -22 -23 -24 -25 -26 -27 28 -29 -30 -31
leaf_value=-4.5706939636705455 2.056459324092772 7.8844726811804469 -2.2786329282724092 11.305683816650085 3.5173267564297008 -0.1453151723320853 3.159962268173695 13.045572976368229 9.3143888312991319 -3.4536593999465306 3.7080520396662018 1.5658681374457148 6.8486428480148325 12.956924628233299 10.952455234527589 -0.93071409679743144 6.2234758805537567 10.556523828534409 7.9148639136347274 13.922348670959474 4.9973293326095156 14.433352871945031 6.1710055477691421 5.8317635552636515 9.9881873459815989 13.280213165283204 7.6185562855989035 3.9484277081489569 6.035106269291469 9.7587677001953139
leaf_weight=6425 434 334 310 448 106 569 28 164 303 720 444 198 200 195 22 253 138 256 29 20 479 228 66 29 50 38 103 20 35 37
leaf_count=6425 434 334 310 448 106 569 28 164 303 720 444 198 200 195 22 253 138 256 29 20 479 228 66 29 50 38 103 20 35 37
internal_value=-7.22046e-08 7.74318 -3.84281 10.9174 4.59598 -0.53721 5.80861 12.6062 9.14266 -4.45813 2.89166 0.296424 6.93235 11.8887 7.30615 -1.67291 5.01438 9.92222 10.5261 10.8004 4.72916 13.8528 5.2741 7.99502 8.15839 11.4601 7.10307 6.58499 7.75437 8.18418
internal_weight=12681 4206 8475 2094 2112 1330 1234 1073 1021 7145 878 767 511 681 417 563 723 608 305 276 585 392 94 413 384 486 395 220 175 140
internal_count=12681 4206 8475 2094 2112 1330 1234 1073 1021 7145 878 767 511 681 417 563 723 608 305 276 585 392 94 413 384 486 395 220 175 140
is_linear=0
shrinkage=0.05


Tree=19
num_leaves=31
num_cat=0
split_feature=4 4 6 6 4 4 4 4 6 8 4 4 1 1 1 1 8 0 5 3 1 0 0 3 5 1 1 7 4 0
split_gain=1.36256e+08 1.20639e+07 9.59161e+06 2.11854e+06 1.0268e+06 691549 511457 430711 297822 229489 169866 160766 147490 144613 112480 99762 93806 91915.5 91688.5 116744 86973.2 75007 68988.9 62416 56587.4 56196.6 55021.1 47770.9 46362.3 44285.2
threshold=344.50000000000006 679.50000000000011 116.50000000000001 536.50000000000011 816.50000000000011 248.50000000000003 48.500000000000007 443.50000000000006 665.00000000000011 4.5000000000000009 919.50000000000011 555.50000000000011 213.50000000000003 468.50000000000006 823.50000000000011 542.50000000000011 5.5000000000000009 26.150000000000002 74.500000000000014 52.500000000000007 667.00000000000011 16.050000000000004 26.050000000000004 35.500000000000007 27.500000000000004 128.50000000000003 5.5000000000000009 10.500000000000002 154.50000000000003 15.65
decision_type=2 2 2 2 2 2 2 2 2 2 2 2 2 2 2 2 2 2 2 2 2 2 2 2 2 2 2 2 2 2
left_child=2 3 6 7 9 12 26 22 11 18 16 17 28 21 -11 -9 -6 27 -3 -20 29 -7 -2 -17 -23 -8 -1 -5 -4 -13
right_child=1 4 5 8 10 13 25 15 -10 14 -12 20 -14 -15 -16 23 -18 -19 19 -21 -22 24 -24 -25 -26 -27 -28 -29 -30 -31
leaf_value=-4.3565206909179688 2.845699227754384 9.2193072449870233 -1.7906766862454007 6.9349916599414971 11.336773075678131 0.29686448464635762 -2.9071971191541994 4.7298793930184937 8.4787327566303201 10.191869591116905 13.604651599735408 5.39692931175232 0.086516020372710778 4.4678432758037863 12.059261998091594 6.8108213878372341 12.648777841638637 6.8261941816125606 8.7814353123307232 3.9117672157287604 9.7692001112045794 0.85895856218850053 3.990765713630839 3.7584522986412048 2.06657341895558 -0.96589309677481661 -3.8434276898145256 4.6515414768891619 -0.82535576275718892 7.1869253167643015
leaf_weight=6150 438 246 211 27 275 136 548 516 305 400 231 38 371 39 101 103 270 112 32 20 31 149 188 20 278 40 571 151 303 381
leaf_count=6150 438 246 211 27 275 136 548 516 305 400 231 38 371 39 101 103 270 112 32 20 31 149 188 20 278 40 571 151 303 381
internal_value=-6.9842e-08 7.79863 -3.44448 5.49797 11.1729 0.216068 -4.18922 4.12172 7.16394 9.9148 12.4684 6.62204 -0.673241 1.52344 10.5683 5.0349 11.9868 5.704 8.81608 6.90849 7.21366 1.31948 3.18959 6.3145 1.64518 -2.77514 -4.31293 4.99791 -1.22163 7.02459
internal_weight=12681 3885 8796 2310 1575 1487 7309 1265 1045 799 776 740 885 602 501 639 545 290 298 52 450 563 626 123 427 588 6721 178 514 419
internal_count=12681 3885 8796 2310 1575 1487 7309 1265 1045 799 776 740 885 602 501 639 545 290 298 52 450 563 626 123 427 588 6721 178 514 419
is_linear=0
shrinkage=0.05


Tree=20
num_leaves=31
num_cat=0
split_feature=4 4 4 4 1 4 4 6 6 4 1 6 0 1 4 8 6 6 6 5 6 8 1 5 1 6 8 5 3 3
split_gain=1.22983e+08 1.27622e+07 6.60245e+06 2.05349e+06 1.21256e+06 503965 315977 298522 293770 269613 183463 174495 122942 97116.5 88171.9 86705.4 80622.5 76631.4 75517.6 75418.9 75492.5 65406.7 62827.8 73622.8 60613.4 54087.9 51751.5 47739 50335.2 47386.1
threshold=307.50000000000006 599.50000000000011 95.500000000000014 763.50000000000011 478.50000000000006 193.50000000000003 875.50000000000011 668.50000000000011 25.500000000000004 403.50000000000006 604.50000000000011 284.50000000000006 19.550000000000004 178.50000000000003 478.50000000000006 5.5000000000000009 355.50000000000006 749.50000000000011 481.50000000000006 99.500000000000014 854.50000000000011 5.5000000000000009 757.50000000000011 93.500000000000014 842.50000000000011 552.50000000000011 3.5000000000000004 96.500000000000014 21.500000000000004 13.500000000000002
decision_type=2 2 2 2 2 2 2 2 2 2 2 2 2 2 2 2 2 2 2 2 2 2 2 2 2 2 2 2 2 2
left_child=2 4 8 7 9 13 15 26 -1 16 14 -7 29 -4 27 -5 -2 -9 -11 20 -19 -8 23 -14 -17 -16 -3 -6 -29 -12
right_child=1 3 5 6 10 11 21 17 -10 18 12 -13 22 -15 25 24 -18 19 -20 -21 -22 -23 -24 -25 -26 -27 -28 28 -30 -31
leaf_value=-4.1222940883946251 1.6775056141874065 6.6048498335969512 -1.7985032091365558 10.081729650963098 4.7391063594818119 0.056303859529999438 11.70989390806276 8.392975738782301 -3.0508466272790669 3.6550593697754503 5.8434030521072842 1.6511286849762123 7.5201558473375121 -0.48651478655704983 5.1066756818076264 10.481392831175867 2.8853397322732501 9.5393786498345445 5.1150728858353807 7.0900686560005983 12.729017448425294 12.926685132716484 9.6011782363609033 4.8856025990211611 11.900361144471312 6.2017676721919663 7.728294733805317 1.5330444951142583 4.728997820073908 2.9275344491004947
leaf_weight=6465 230 189 403 320 140 537 196 303 710 397 38 252 135 217 284 137 346 256 114 29 20 253 27 33 167 187 224 28 22 22
leaf_count=6465 230 189 403 320 140 537 196 303 710 397 38 252 135 217 284 137 346 256 114 29 20 253 27 33 167 187 224 28 22 22
internal_value=-3.92914e-08 7.12736 -3.40177 9.85666 4.27405 -0.27257 11.384 8.25152 -4.01627 3.14474 5.61419 0.565678 6.75346 -1.33931 5.17468 10.6562 2.40304 8.95616 3.98078 9.51565 9.77051 12.3955 7.36245 7.00265 11.2609 5.54146 7.21418 4.26546 2.93926 4.77425
internal_weight=12681 4097 8584 2094 2003 1409 1073 1021 7175 1087 916 789 255 620 661 624 576 608 511 305 276 449 195 168 304 471 413 190 50 60
internal_count=12681 4097 8584 2094 2003 1409 1073 1021 7175 1087 916 789 255 620 661 624 576 608 511 305 276 449 195 168 304 471 413 190 50 60
is_linear=0
shrinkage=0.05


Tree=21
num_leaves=31
num_cat=0
split_feature=4 4 4 4 4 6 1 4 6 4 6 6 0 1 6 4 1 0 0 2 8 4 5 1 5 5 6 6 2 3
split_gain=1.11018e+08 1.23678e+07 5.07165e+06 1.85327e+06 1.28502e+06 397372 318424 286140 269416 210313 182007 111330 101574 98376.5 96231.8 80535.1 76969 72435.1 66416.3 63225.8 57221.3 52033 50656.2 61777.8 46888.1 64121.2 70998.7 45801.4 44643 61302.2
threshold=293.50000000000006 599.50000000000011 89.500000000000014 763.50000000000011 423.50000000000006 191.50000000000003 542.50000000000011 884.50000000000011 668.50000000000011 20.500000000000004 384.50000000000006 281.50000000000006 18.150000000000002 769.50000000000011 875.50000000000011 537.50000000000011 235.50000000000003 27.250000000000004 15.950000000000001 47.500000000000007 5.5000000000000009 135.50000000000003 82.500000000000014 677.50000000000011 99.500000000000014 81.500000000000014 405.50000000000006 783.50000000000011 44.500000000000007 30.500000000000004
decision_type=2 2 2 2 2 2 2 2 2 2 2 2 2 2 2 2 2 2 2 2 2 2 2 2 2 2 2 2 2 2
left_child=2 4 9 8 10 16 15 14 22 -1 -2 -7 19 28 -5 18 21 -10 -6 -8 -9 -4 23 -3 25 -13 -27 -19 29 -14
right_child=1 3 5 7 6 11 12 20 17 -11 -12 24 13 -15 -16 -17 -18 27 -20 -21 -22 -23 -24 -25 -26 26 -28 -29 -30 -31
leaf_value=-3.9217969489612168 1.7508528376367236 6.7602664951792732 -2.060836667678458 9.8188468398380682 2.9173952131901149 -0.14608776129739462 2.4559833637305672 11.178732467279202 7.9643950468985771 -3.0209802116997202 3.1907272773585076 0.96602165102958681 5.7994530337651575 9.5236830993132155 11.133670226855157 5.3927205880482996 1.3143187270189325 8.7409402553240465 4.3005304760126579 5.2979761743545533 12.403355377598814 -1.1101831193658567 4.8384537100791931 8.6447549495697018 0.2928325789405945 1.6163378043421384 5.4887279224395762 10.255738297719805 6.3867868375738599 2.6839790695905688
leaf_weight=6394 434 334 282 486 106 523 28 164 305 721 444 94 75 22 195 138 24 240 479 65 228 294 29 50 94 29 20 63 301 20
leaf_count=6394 434 334 282 486 106 523 28 164 305 721 444 94 75 22 195 138 24 240 479 65 228 294 29 50 94 29 20 63 301 20
internal_value=8.46234e-08 6.64088 -3.29576 9.36383 3.94113 -0.49811 4.98145 10.8148 7.83894 -3.83051 2.47899 0.261285 5.93683 6.26934 10.1953 4.30621 -1.46001 8.50835 4.04991 4.44232 11.891 -1.57561 6.85347 7.00564 1.16026 1.73045 3.19691 9.0559 6.08854 5.14356
internal_weight=12681 4206 8475 2094 2112 1360 1234 1073 1021 7115 878 760 511 418 681 723 600 608 585 93 392 576 413 384 237 143 49 303 396 95
internal_count=12681 4206 8475 2094 2112 1360 1234 1073 1021 7115 878 760 511 418 681 723 600 608 585 93 392 576 413 384 237 143 49 303 396 95
is_linear=0
shrinkage=0.05


Tree=22
num_leaves=31
num_cat=0
split_feature=4 4 6 6 4 4 4 4 4 8 4 1 1 6 5 1 6 5 0 8 0 0 5 2 6 0 1 4 1 1
split_gain=1.00233e+08 8.89522e+06 7.05329e+06 1.55987e+06 762834 512244 380675 288698 240122 194536 126205 118521 108342 100281 123586 93621.5 88350.4 84189 106310 78328.1 77968.9 74198.1 73095.6 64446.2 119158 64028 58197.2 52081 43172.8 42166.5
threshold=344.50000000000006 679.50000000000011 116.50000000000001 528.50000000000011 820.50000000000011 248.50000000000003 53.500000000000007 481.50000000000006 577.50000000000011 4.5000000000000009 919.50000000000011 468.50000000000006 213.50000000000003 714.50000000000011 96.500000000000014 776.50000000000011 445.50000000000006 74.500000000000014 23.850000000000005 2.5000000000000004 14.950000000000001 24.650000000000002 36.500000000000007 59.500000000000007 864.50000000000011 16.050000000000004 650.50000000000011 5.5000000000000009 315.50000000000006 621.50000000000011
decision_type=2 2 2 2 2 2 2 2 2 2 2 2 2 2 2 2 2 2 2 2 2 2 2 2 2 2 2 2 2 2
left_child=2 3 6 7 9 12 27 16 13 17 21 25 -4 14 19 -11 -2 -3 -19 -5 -10 23 -22 24 -6 -7 -21 -1 -27 -9
right_child=1 4 5 8 10 11 -8 29 20 15 -12 -13 -14 -15 -16 -17 -18 18 -20 26 22 -23 -24 -25 -26 28 -28 -29 -30 -31
leaf_value=-3.7365536158491928 2.6203206743556038 7.9002598521221117 -1.0506356400453054 3.5576849822998051 9.5591579715410884 0.18048380066585892 -2.2726164849313695 4.4811340700896736 4.6497718839383708 8.45199500477041 11.705477016828794 3.9755254899462069 0.070536241839034869 7.5675810068152671 3.1105671354702542 9.7964676059782505 3.7373070803343085 7.4755761981010442 2.8286254978179937 5.4901309336308257 6.3599947214126589 10.78837222265819 7.5013229697059707 10.355957931127305 5.2786260514032275 0.96746133496193432 8.0013691101074222 -3.266261369438582 1.9772024321417836 6.645284150044124
leaf_weight=6150 579 249 514 50 72 136 508 362 41 262 231 39 371 43 70 256 255 32 20 299 292 315 270 117 21 233 25 651 194 24
leaf_count=6150 579 249 514 50 72 136 508 362 41 262 231 39 371 43 70 256 255 32 20 299 292 315 270 117 21 233 25 651 194 24
internal_value=-5.89407e-08 6.68878 -2.95429 4.71323 9.58624 0.184754 -3.59292 3.48511 6.08783 8.52903 10.7316 1.30995 -0.58063 5.26204 5.03876 9.11644 2.96185 7.51813 5.68829 5.39965 6.75475 10.303 6.90832 9.57504 8.59259 1.1253 5.6839 -3.69154 1.42622 4.61569
internal_weight=12681 3885 8796 2310 1575 1487 7309 1220 1090 819 756 602 885 487 444 518 834 301 52 374 603 525 562 210 93 563 324 6801 427 386
internal_count=12681 3885 8796 2310 1575 1487 7309 1220 1090 819 756 602 885 487 444 518 834 301 52 374 603 525 562 210 93 563 324 6801 427 386
is_linear=0
shrinkage=0.05


Tree=23
num_leaves=31
num_cat=0
split_feature=4 4 4 6 4 4 4 4 6 8 1 1 4 1 5 6 8 5 3 0 1 1 4 6 6 4 8 6 8 0
split_gain=9.04607e+07 8.03819e+06 6.37748e+06 1.09689e+06 987568 444031 390087 245931 177189 167397 156046 123447 122321 99584.3 94155.5 90260.8 70339 66602.3 158888 63447.1 62091.6 59919.8 55533.6 53639.4 50845.7 50474.5 48019.2 42659.9 41672.6 41044.9
threshold=344.50000000000006 650.50000000000011 129.50000000000003 528.50000000000011 801.50000000000011 57.500000000000007 267.50000000000006 436.50000000000006 714.50000000000011 4.5000000000000009 906.50000000000011 797.50000000000011 555.50000000000011 256.50000000000006 96.500000000000014 384.50000000000006 2.5000000000000004 84.500000000000014 39.500000000000007 24.150000000000002 692.50000000000011 487.50000000000006 679.50000000000011 16.500000000000004 210.50000000000003 705.50000000000011 9.5000000000000018 191.50000000000003 5.5000000000000009 26.650000000000002
decision_type=2 2 2 2 2 2 2 2 2 2 2 2 2 2 2 2 2 2 2 2 2 2 2 2 2 2 2 2 2 2
left_child=2 3 5 7 9 23 13 19 12 17 28 22 14 27 16 -8 -5 25 -19 -2 29 -9 -11 -1 -7 -3 -18 -4 -6 -14
right_child=1 4 6 8 10 24 15 21 -10 11 -12 -13 20 -15 -16 -17 26 18 -20 -21 -22 -23 -24 -25 -26 -27 -28 -29 -30 -31
leaf_value=-3.5424047225283282 2.1050482844774212 6.3338583995425513 -1.0271020442858836 2.9941783299317231 9.1280990382163747 -2.1408982297236268 1.0217918387860865 3.5202772778811431 7.5256728607301531 6.9028753493652975 10.881435741493089 9.5742141380906105 5.2855994970472029 0.64790734285765361 2.9219232575459912 2.5758463430881502 5.6944799661207268 7.4694385614888423 1.6764842772483826 3.188646106570959 8.0309061881034616 4.4971941646849016 8.1599078047807065 -3.002997415262449 0.083664502037896049 7.6510971712511635 3.9399199670674849 -0.24748240181819556 10.022021497938368 6.2835200871361634
leaf_weight=6342 350 126 329 37 310 528 370 354 104 122 334 128 241 202 66 125 191 29 20 220 31 282 314 497 27 172 49 376 225 180
leaf_count=6342 350 126 329 37 310 528 370 354 104 122 334 128 241 202 66 125 191 29 20 220 31 282 314 497 27 172 49 376 225 180
internal_value=2.51851e-08 6.35434 -2.80657 4.26294 8.8276 -3.39283 0.285272 3.27749 5.5849 7.67734 10.0334 8.20897 5.33101 -0.330863 4.61905 1.41423 5.02342 6.81325 5.10497 2.52328 5.87129 3.95344 7.80817 -3.50321 -2.03268 7.09414 5.33626 -0.611305 9.50405 5.71226
internal_weight=12681 3885 8796 2105 1780 7394 1402 1206 899 911 869 564 795 907 343 495 277 347 49 570 452 636 436 6839 555 298 240 705 535 421
internal_count=12681 3885 8796 2105 1780 7394 1402 1206 899 911 869 564 795 907 343 495 277 347 49 570 452 636 436 6839 555 298 240 705 535 421
is_linear=0
shrinkage=0.05


Tree=24
num_leaves=31
num_cat=0
split_feature=4 4 4 4 4 4 1 4 6 1 6 6 0 1 6 0 4 8 2 0 4 6 1 5 1 0 2 3 1 3
split_gain=8.16469e+07 9.10916e+06 3.73632e+06 1.3708e+06 948827 300457 234583 220489 200651 152161 137776 103582 81228.7 79224 63770.6 63061.9 62909.6 61997.2 56949.8 56018.7 53037.9 48501.5 46297.9 43186.5 48302.1 42556.1 39097.8 54008.1 33306.9 31832.4
threshold=293.50000000000006 599.50000000000011 89.500000000000014 763.50000000000011 423.50000000000006 172.50000000000003 542.50000000000011 875.50000000000011 668.50000000000011 20.500000000000004 384.50000000000006 281.50000000000006 18.250000000000004 769.50000000000011 864.50000000000011 26.750000000000004 537.50000000000011 5.5000000000000009 43.500000000000007 15.950000000000001 942.50000000000011 153.50000000000003 842.50000000000011 82.500000000000014 677.50000000000011 25.650000000000002 44.500000000000007 30.500000000000004 414.50000000000006 52.500000000000007
decision_type=2 2 2 2 2 2 2 2 2 2 2 2 2 2 2 2 2 2 2 2 2 2 2 2 2 2 2 2 2 2
left_child=2 4 9 8 10 21 16 17 23 -1 28 -7 18 26 15 25 19 -5 -8 -6 -9 -4 -19 24 -3 -10 27 -14 -2 -12
right_child=1 3 5 7 6 11 12 20 14 -11 29 -13 13 -15 -16 -17 -18 22 -20 -21 -22 -23 -24 -25 -26 -27 -28 -29 -30 -31
leaf_value=-3.3628194905266606 1.3822275446718786 5.7935414947078616 -1.7253051667724078 8.1860757043957708 2.4258599063135544 -0.15145846834880991 1.5378844572739168 9.8133628687209651 6.8627348160592181 -2.5951776266762145 2.5082845768402402 1.1390314682745017 4.9603616857528685 8.3115958473899152 10.005470739092146 7.6746927820146089 4.6527637360320577 8.5019119325345454 4.4445985393391716 3.6961236733857676 11.073060506528563 -0.74927895812702794 9.7420473795451095 4.0094780625968145 7.4598684272766107 4.8922657628213209 5.5086463150978098 2.0361054360866548 3.2986208558082581 3.5112840782091457
leaf_weight=6397 410 334 328 320 106 616 22 338 236 718 341 208 75 22 21 320 138 137 72 479 111 208 167 29 50 31 300 20 24 103
leaf_count=6397 410 334 328 320 106 616 22 338 236 718 341 208 75 22 21 320 138 137 72 479 111 208 167 29 50 31 300 20 24 103
internal_value=6.22133e-09 5.69506 -2.82636 8.03192 3.37811 -0.425096 4.27205 9.27983 6.72046 -3.28535 2.12172 0.174296 5.09206 5.39136 7.29816 7.20131 3.69248 8.67184 3.7643 3.46596 10.1248 -1.34655 9.18317 5.87 6.01051 6.63395 5.22872 4.34473 1.4882 2.74096
internal_weight=12681 4206 8475 2094 2112 1360 1234 1073 1021 7115 878 824 511 417 608 587 723 624 94 585 449 536 304 413 384 267 395 95 434 444
internal_count=12681 4206 8475 2094 2112 1360 1234 1073 1021 7115 878 824 511 417 608 587 723 624 94 585 449 536 304 413 384 267 395 95 434 444
is_linear=0
shrinkage=0.05


Tree=25
num_leaves=31
num_cat=0
split_feature=4 4 6 6 4 4 1 4 8 6 1 4 4 1 5 1 5 3 8 4 0 2 6 0 4 8 0 1 4 1
split_gain=7.37137e+07 6.54834e+06 5.18838e+06 898367 812207 378275 282356 198447 169137 147310 131562 103173 100113 97164.4 86178.2 83059.5 74684.3 130469 59508.3 58924.4 58473.5 58279.6 98368.1 55777.3 54090.9 51557.1 51122.3 48706.2 44479.8 42535.1
threshold=344.50000000000006 650.50000000000011 116.50000000000001 528.50000000000011 816.50000000000011 248.50000000000003 49.500000000000007 443.50000000000006 4.5000000000000009 714.50000000000011 811.50000000000011 919.50000000000011 568.50000000000011 468.50000000000006 96.500000000000014 235.50000000000003 77.500000000000014 48.500000000000007 2.5000000000000004 688.50000000000011 24.650000000000002 59.500000000000007 864.50000000000011 16.050000000000004 705.50000000000011 9.5000000000000018 26.050000000000004 646.50000000000011 163.50000000000003 511.50000000000006
decision_type=2 2 2 2 2 2 2 2 2 2 2 2 2 2 2 2 2 2 2 2 2 2 2 2 2 2 2 2 2 2
left_child=2 3 6 7 8 15 -1 26 16 12 19 20 14 23 18 28 24 -18 -5 -10 21 22 -6 -7 -3 -20 -2 -14 -4 -9
right_child=1 4 5 9 11 13 -8 29 10 -11 -12 -13 27 -15 -16 -17 17 -19 25 -21 -22 -23 -24 -25 -26 -27 -28 -29 -30 -31
leaf_value=-3.1739975316498574 2.0265163364585179 5.6694247611363728 -1.2675795620177692 2.870880004492673 8.1212582723090527 0.076657835084616266 -2.0401531306098537 3.3256586896553091 6.3251286836278524 6.8143660323551076 8.9277127932785145 10.068807779865349 5.050517630982168 3.5391834619717724 2.6065592448213208 0.34319121310381562 6.3662686983744301 1.6181267095000849 5.207155793273504 7.5144217270819444 9.2307822726188444 8.9124025678634649 4.324683284759522 1.2393631940266987 7.0199581999139689 3.5402436531196209 3.0175081771803414 6.3248868711066972 -0.4363175855835259 4.2417345960179098
leaf_weight=6711 428 120 273 44 76 136 598 407 149 104 133 231 309 39 67 220 39 23 217 346 327 120 22 427 194 59 187 99 392 184
leaf_count=6711 428 120 273 44 76 136 598 407 149 104 133 231 309 39 67 220 39 23 217 346 327 120 22 427 194 59 187 99 392 184
internal_value=-7.65167e-08 5.73607 -2.5335 3.84841 7.96839 0.158761 -3.08123 2.95659 7.02941 5.04478 7.53156 9.18326 4.81328 1.12568 4.23717 -0.498965 6.1907 4.60486 4.57858 7.15643 8.80791 8.17361 7.26897 0.958497 6.50383 4.85082 2.32784 5.35974 -0.777573 3.61087
internal_weight=12681 3885 8796 2105 1780 1487 7309 1206 1004 899 628 776 795 602 387 885 376 62 320 495 545 218 98 563 314 276 615 408 665 591
internal_count=12681 3885 8796 2105 1780 1487 7309 1206 1004 899 628 776 795 602 387 885 376 62 320 495 545 218 98 563 314 276 615 408 665 591
is_linear=0
shrinkage=0.05


Tree=26
num_leaves=31
num_cat=0
split_feature=4 4 4 6 4 4 4 4 4 6 5 8 1 6 0 1 8 6 1 1 8 2 4 1 6 3 1 6 4 5
split_gain=6.65396e+07 5.68268e+06 4.99351e+06 962652 516976 331016 320998 177683 157270 124265 99856.4 93297.7 117405 82664 80122.9 74934.2 71097.4 55668.1 54977.1 54156 52653.7 51707.8 51093.4 102614 50393.7 49178.7 40813.2 39956.4 39505.6 36080.7
threshold=354.50000000000006 679.50000000000011 129.50000000000003 528.50000000000011 840.50000000000011 57.500000000000007 267.50000000000006 481.50000000000006 588.50000000000011 783.50000000000011 82.500000000000014 4.5000000000000009 702.50000000000011 380.50000000000006 19.950000000000003 256.50000000000006 5.5000000000000009 438.50000000000006 677.50000000000011 767.50000000000011 9.5000000000000018 50.500000000000007 671.50000000000011 783.50000000000011 581.50000000000011 72.500000000000014 3.5000000000000004 210.50000000000003 948.50000000000011 37.500000000000007
decision_type=2 2 2 2 2 2 2 2 2 2 2 2 2 2 2 2 2 2 2 2 2 2 2 2 2 2 2 2 2 2
left_child=2 3 5 7 9 26 15 17 11 10 19 21 20 -8 -11 -4 -6 -2 -10 -3 -13 25 23 -20 -22 -5 -1 -7 -18 -16
right_child=1 4 6 8 16 27 13 -9 18 14 -12 12 -14 -15 29 -17 28 -19 22 -21 24 -23 -24 -25 -26 -27 -28 -29 -30 -31
leaf_value=-3.0485826757961392 2.163672937716095 6.4127507957488463 -0.52832431425584869 1.756904238985296 8.3156480258013925 -1.8312770150488977 0.85329010127446603 3.778568163236188 5.2462070417278364 5.3926429185000337 3.5442783685830928 4.9617521395891666 8.1768692340850837 2.2029279196634888 7.3480932434685799 0.56397978179525621 9.1484494497901512 3.0522251274269911 6.0950064466343274 7.5683937205784559 4.3765630804974105 4.1427512736745582 4.2751985626220703 9.7005678335825607 1.5502355535825094 4.6386218547821043 -2.6625971780539794 0.14074056943257648 10.639821888850285 8.3895777232405067
leaf_weight=6067 515 382 705 57 294 528 390 386 379 33 26 246 25 160 139 202 304 268 111 138 46 129 25 24 24 20 772 27 52 207
leaf_count=6067 515 382 705 57 294 528 390 386 379 33 26 246 25 160 139 202 304 268 111 138 46 129 25 24 24 20 772 27 52 207
internal_value=-2.22314e-08 5.50592 -2.38252 3.89634 7.81044 -2.90971 0.292867 2.90061 4.96816 7.05108 6.56824 4.37088 4.87842 1.24591 7.74666 -0.285055 8.89108 2.4678 5.57431 6.71944 4.61746 3.53073 6.3515 6.736 3.40754 2.5054 -3.00501 -1.73534 9.36629 7.97118
internal_weight=12681 3830 8851 2255 1575 7394 1457 1169 1086 925 546 547 341 550 379 907 650 783 539 520 316 206 160 135 70 77 6839 555 356 346
internal_count=12681 3830 8851 2255 1575 7394 1457 1169 1086 925 546 547 341 550 379 907 650 783 539 520 316 206 160 135 70 77 6839 555 356 346
is_linear=0
shrinkage=0.05


Tree=27
num_leaves=31
num_cat=0
split_feature=4 4 4 4 1 4 4 4 6 4 1 5 6 6 6 0 5 6 1 5 1 1 0 6 6 5 0 1 2 3
split_gain=6.00544e+07 6.69868e+06 2.7519e+06 1.01487e+06 706872 223915 168725 162711 152721 113122 106412 84087.2 78690.4 60152 59659.5 57567.8 57143 55339.8 54695.3 81829.7 47224.1 44558.2 52911 43421.5 42924.1 63405.5 39769.9 39534.8 35940.8 34850
threshold=293.50000000000006 599.50000000000011 89.500000000000014 763.50000000000011 468.50000000000006 181.50000000000003 884.50000000000011 384.50000000000006 749.50000000000011 24.500000000000004 604.50000000000011 85.500000000000014 290.50000000000006 478.50000000000006 875.50000000000011 26.250000000000004 99.500000000000014 854.50000000000011 682.50000000000011 88.500000000000014 763.50000000000011 650.50000000000011 20.550000000000004 153.50000000000003 594.50000000000011 63.500000000000007 16.550000000000004 963.50000000000011 34.500000000000007 91.500000000000014
decision_type=2 2 2 2 2 2 2 2 2 2 2 2 2 2 2 2 2 2 2 2 2 2 2 2 2 2 2 2 2 2
left_child=2 4 9 8 7 23 14 15 18 -1 24 21 -7 -9 28 -2 17 -10 -3 20 -20 -12 -23 -4 25 26 -6 -8 -5 -27
right_child=1 3 5 6 10 12 27 13 16 -11 11 -13 -14 -15 -16 -17 -18 -19 19 -21 -22 22 -24 -25 -26 29 -28 -29 -30 -31
leaf_value=-2.8818090513043724 1.117056167507317 5.0327037964325285 -1.4631906005309396 5.6919985900054115 2.4711418686990156 -0.070348451848746593 8.5749211998589061 2.3601806091056714 6.7207058776868509 -2.1959612240618713 4.7821310885184642 3.4436773359065969 1.1464180432216466 3.6499727104161241 8.2251048853458499 2.3961257032517875 4.5854192261038156 9.4516219043731695 5.9967092022895816 3.4881138054529828 8.1891365170478831 4.3506111478805547 7.4875128908855162 -0.59855523622030116 4.6331775152719166 2.8471190057591436 3.8766714691717263 9.9695478566487647 7.3132788931872117 0.6197257518768311
leaf_weight=6452 410 458 339 37 57 596 332 487 256 663 113 84 171 111 195 112 29 20 200 30 28 20 41 254 83 144 430 60 449 20
leaf_count=6452 410 458 339 37 57 596 332 487 256 663 113 84 171 111 195 112 29 20 200 30 28 20 41 254 83 144 430 60 449 20
internal_value=9.69426e-09 4.88428 -2.42399 6.88824 2.89741 -0.363195 7.96198 2.03653 5.75981 -2.8179 3.86936 4.74283 0.200925 2.59959 7.48629 1.39149 6.69676 6.9186 5.3607 5.94295 6.26595 5.37001 6.45902 -1.09284 3.56234 3.42581 3.71216 8.78838 7.18985 2.57549
internal_weight=12681 4206 8475 2094 2112 1360 1073 1120 1021 7115 992 258 767 598 681 522 305 276 716 258 228 174 61 593 734 651 487 392 486 164
internal_count=12681 4206 8475 2094 2112 1360 1073 1120 1021 7115 992 258 767 598 681 522 305 276 716 258 228 174 61 593 734 651 487 392 486 164
is_linear=0
shrinkage=0.05


Tree=28
num_leaves=31
num_cat=0
split_feature=4 4 4 4 4 4 4 6 8 6 1 5 6 1 8 1 2 8 4 1 0 6 0 4 5 6 4 4 0 0
split_gain=5.42123e+07 4.62974e+06 4.06512e+06 794988 426012 272166 262119 165790 121335 119949 92430.8 74232.2 73236.6 72362.4 71547.6 62854.2 55225 52818.2 149987 85521.9 49930.6 47583.1 41797.6 37777.7 37065.2 34360.1 34097.7 33501.1 33021 31911.2
threshold=354.50000000000006 679.50000000000011 129.50000000000003 521.50000000000011 831.50000000000011 57.500000000000007 267.50000000000006 438.50000000000006 4.5000000000000009 629.50000000000011 846.50000000000011 37.500000000000007 665.00000000000011 484.50000000000006 5.5000000000000009 256.50000000000006 49.500000000000007 4.5000000000000009 588.50000000000011 793.50000000000011 16.650000000000002 857.50000000000011 28.750000000000004 763.50000000000011 28.500000000000004 210.50000000000003 948.50000000000011 4.5000000000000009 15.65 25.250000000000004
decision_type=2 2 2 2 2 2 2 2 2 2 2 2 2 2 2 2 2 2 2 2 2 2 2 2 2 2 2 2 2 2
left_child=2 3 5 7 8 27 15 28 10 -5 23 -10 16 20 -6 -4 29 18 -11 22 -8 -13 -19 -3 -22 -7 -16 -1 -2 -9
right_child=1 4 6 9 14 25 13 12 11 17 -12 21 -14 -15 26 -17 -18 19 -20 -21 24 -23 -24 -25 -26 -27 -28 -29 -30 -31
leaf_value=-2.7510119889385578 1.1482717796689588 5.3253306411927746 -0.4816591347115286 4.074031642595263 7.4384990913632478 -1.65028684566249 0.17145721793791158 1.7277905476093292 6.2205284144254342 1.4679440365118142 2.2524536466598515 6.9241005490277265 5.5931982616583511 3.4320577807724479 8.26221673632425 0.51873392732721746 3.3678968480243436 4.7801420359095195 5.2933676045674547 8.6945764732360846 0.57025758725020192 8.3710702070375778 6.0477984282347537 6.4844480134744558 1.6241395034158932 0.17842213489391187 9.6442189583411597 -2.3937023457377946 2.1716346582892649 3.1083011198374964
leaf_weight=6104 95 186 705 645 324 528 139 100 298 34 20 185 30 32 315 202 424 157 104 20 124 82 111 113 255 27 52 735 463 72
leaf_count=6104 95 186 705 645 324 528 139 100 298 34 20 185 30 32 315 202 424 157 104 20 124 82 111 113 255 27 52 735 463 72
internal_value=1.65899e-08 4.9698 -2.15053 3.51697 7.04989 -2.62619 0.263377 2.62408 6.32286 4.50406 5.54327 6.76302 3.18269 1.12459 7.97999 -0.258859 3.06135 5.15516 4.35087 5.54055 0.982046 7.36849 5.30518 5.76339 1.27933 -1.56132 8.45803 -2.71261 1.99741 2.30568
internal_weight=12681 3830 8851 2255 1575 7394 1457 1184 884 1071 319 565 626 550 691 907 596 426 138 288 518 267 268 299 379 555 367 6839 558 172
internal_count=12681 3830 8851 2255 1575 7394 1457 1184 884 1071 319 565 626 550 691 907 596 426 138 288 518 267 268 299 379 555 367 6839 558 172
is_linear=0
shrinkage=0.05


Tree=29
num_leaves=31
num_cat=0
split_feature=4 4 4 4 1 4 4 4 6 1 8 4 2 1 1 0 4 5 1 4 6 8 1 6 3 0 1 3 5 6
split_gain=4.8927e+07 5.66241e+06 2.04753e+06 859534 617463 192373 151567 140960 130723 86811.8 72470.3 60065.3 56444.9 53337 47818.8 44286.9 43994 43965.3 69373.2 64812.3 43466.1 41933.2 37791.7 37127.6 36804.4 35637.6 38759.2 41926.2 47105.5 35441.9
threshold=283.50000000000006 595.50000000000011 78.500000000000014 763.50000000000011 468.50000000000006 172.50000000000003 368.50000000000006 875.50000000000011 668.50000000000011 604.50000000000011 4.5000000000000009 17.500000000000004 78.500000000000014 650.50000000000011 266.50000000000006 26.250000000000004 552.50000000000011 99.500000000000014 793.50000000000011 664.50000000000011 585.50000000000011 5.5000000000000009 963.50000000000011 509.50000000000006 9.5000000000000018 29.050000000000004 515.50000000000011 46.500000000000007 51.500000000000007 153.50000000000003
decision_type=2 2 2 2 2 2 2 2 2 2 2 2 2 2 2 2 2 2 2 2 2 2 2 2 2 2 2 2 2 2
left_child=2 4 11 8 6 29 15 21 -3 23 20 -1 16 24 -7 -2 -8 18 25 -19 -11 -5 -9 -6 -12 26 -10 -28 -29 -4
right_child=1 3 5 7 9 14 12 22 17 10 13 -13 -14 -15 -16 -17 -18 19 -20 -21 -22 -23 -24 -25 -26 -27 27 28 -30 -31
leaf_value=-2.6052998596142247 0.84741226780697676 4.5210230403611451 -1.3768747552979193 6.3035069775051671 2.8284290692095913 -0.18651793401231331 2.0831176150158348 7.6828467396116755 7.0524464680598333 5.3626267719268803 4.8716840637357617 -2.1034921379437201 4.6318174997965498 6.4269471873407786 0.67750438734023066 2.0398458149968364 4.1807798027992247 6.0959243927001951 7.2534179626192374 2.562885027461582 2.7597794702023637 7.1235365233923265 9.0216316035536472 3.545987596511841 2.5069118885766892 6.0818339195251472 5.383012520905698 4.9883409550315463 2.1588776032129924 -0.58411638699297053
leaf_weight=6363 379 441 417 320 339 538 647 388 26 20 76 658 24 46 228 98 26 25 70 27 81 304 61 385 21 200 198 38 24 213
leaf_count=6363 379 441 417 320 339 538 647 388 26 20 76 658 24 46 228 98 26 25 70 27 81 304 61 385 21 200 198 38 24 213
internal_value=-1.10974e-08 4.36352 -2.21053 6.19415 2.54999 -0.46164 1.77914 7.18913 5.1764 3.48489 4.30052 -2.55827 2.24913 5.0247 0.0706584 1.0924 2.16416 5.65176 5.78179 4.26146 3.27519 6.70301 7.86473 3.21 4.35972 5.56983 5.21178 5.02772 3.89306 -1.10885
internal_weight=12681 4264 8417 2122 2142 1396 1174 1073 1049 968 244 7021 697 143 766 477 673 608 556 52 101 624 449 724 97 486 286 260 62 630
internal_count=12681 4264 8417 2122 2142 1396 1174 1073 1049 968 244 7021 697 143 766 477 673 608 556 52 101 624 449 724 97 486 286 260 62 630
is_linear=0
shrinkage=0.05


Tree=30
num_leaves=31
num_cat=0
split_feature=4 4 6 6 4 4 1 4 6 8 1 6 0 5 1 8 6 0 0 3 6 5 2 1 0 3 5 4 4 2
split_gain=4.41614e+07 3.77724e+06 3.31805e+06 650772 350772 240554 188326 123540 108558 101990 84256.4 68714.3 66460.6 66317.6 61704.8 61026.7 51667.2 46123.7 43332.7 53437.8 41004.1 39143.9 58176.8 37636.1 36444.6 33258.8 31096 30228.1 29929.6 29731.5
threshold=354.50000000000006 679.50000000000011 122.50000000000001 528.50000000000011 831.50000000000011 248.50000000000003 61.500000000000007 481.50000000000006 665.00000000000011 4.5000000000000009 846.50000000000011 380.50000000000006 19.250000000000004 37.500000000000007 621.50000000000011 5.5000000000000009 235.50000000000003 15.850000000000003 19.150000000000002 92.500000000000014 857.50000000000011 58.500000000000007 64.500000000000014 458.50000000000006 16.050000000000004 27.500000000000004 79.500000000000014 763.50000000000011 3.5000000000000004 58.500000000000007
decision_type=2 2 2 2 2 2 2 2 2 2 2 2 2 2 2 2 2 2 2 2 2 2 2 2 2 2 2 2 2 2
left_child=2 3 6 7 9 16 28 17 12 10 27 24 21 -11 26 29 -4 -2 19 -13 -15 -5 -23 -19 -7 -25 -14 -3 -1 -6
right_child=1 4 5 8 15 11 -8 -9 -10 13 -12 18 14 20 -16 -17 -18 23 -20 -21 -22 22 -24 25 -26 -27 -28 -29 -30 -31
leaf_value=-2.4846989177192036 1.078072234045746 4.8082016657116595 -0.59263321472638897 3.6078555957170639 6.24953183394212 -0.15625700034013315 -1.3968768003380352 3.086615686110882 4.8544389213450625 5.5954342175250087 1.8479607343673707 1.6856556340267783 3.8358299560887716 6.2679480655773272 4.8471008129866728 7.6498253146699087 0.29075713534506836 1.9231361107117888 2.4816389118370257 -1.2648359048934212 7.6111659750705813 1.4549893842023964 3.9880828745224899 2.4970061012461215 0.85134521419054843 4.4596895637512208 2.2723292841230118 5.8450502880906647 -2.1641827719798985 7.2083625778075193
leaf_weight=6052 117 186 634 130 169 119 456 386 305 298 20 57 348 185 166 367 224 483 95 21 82 68 34 158 365 25 35 113 828 155
leaf_count=6052 117 186 634 130 169 119 456 386 305 298 20 57 348 185 166 367 224 483 95 21 82 68 34 158 365 25 35 113 828 155
internal_value=1.36869e-08 4.48551 -1.94097 3.17323 6.36435 0.189322 -2.3809 2.35454 4.05449 5.70464 4.98989 0.90932 3.74209 6.10819 4.04193 7.20833 -0.362004 1.99365 1.7646 0.891293 6.68047 3.03257 2.29935 2.1545 0.603608 2.76513 3.69295 5.20005 -2.44613 6.70823
internal_weight=12681 3830 8851 2255 1575 1515 7336 1169 1086 884 319 657 781 565 549 691 858 783 173 78 267 232 102 666 484 183 383 299 6880 324
internal_count=12681 3830 8851 2255 1575 1515 7336 1169 1086 884 319 657 781 565 549 691 858 783 173 78 267 232 102 666 484 183 383 299 6880 324
is_linear=0
shrinkage=0.05


Tree=31
num_leaves=31
num_cat=0
split_feature=4 4 4 4 1 6 4 1 6 1 5 6 2 0 5 6 2 1 0 2 1 5 2 4 3 5 6 4 0 1
split_gain=3.98658e+07 4.62341e+06 1.66866e+06 700696 502389 159864 125836 122519 111462 71762.5 67869.3 48619.2 45898.6 44470.2 44139.3 43721.3 40049.9 39565.6 43171.6 38367.4 74814.5 58881.3 40164.6 35000.1 41143.3 66149.5 34398 34222.5 33919 32257.5
threshold=283.50000000000006 595.50000000000011 78.500000000000014 763.50000000000011 468.50000000000006 182.50000000000003 384.50000000000006 906.50000000000011 749.50000000000011 604.50000000000011 85.500000000000014 18.500000000000004 78.500000000000014 26.250000000000004 99.500000000000014 854.50000000000011 29.500000000000004 650.50000000000011 20.550000000000004 41.500000000000007 755.50000000000011 75.500000000000014 37.500000000000007 884.50000000000011 11.500000000000002 10.500000000000002 617.50000000000011 552.50000000000011 25.950000000000003 677.50000000000011
decision_type=2 2 2 2 2 2 2 2 2 2 2 2 2 2 2 2 2 2 2 2 2 2 2 2 2 2 2 2 2 2
left_child=2 4 11 8 6 -4 13 16 19 26 17 -1 27 -2 15 29 -5 -11 -19 21 -21 22 -3 -18 25 -25 28 -8 -6 -10
right_child=1 3 5 7 9 -7 12 -9 14 10 -12 -13 -14 -15 -16 -17 23 18 -20 20 -22 -23 -24 24 -26 -27 -28 -29 -30 -31
leaf_value=-2.3512446536386329 0.8461926891970265 4.5779685637530161 -1.0039892792054357 4.3057265774957072 2.6002502864303669 0.070801031874641679 1.9418071920065767 7.2741202659271327 7.3756440480550127 3.8875450349321556 2.7235268554055549 -1.8966607781259321 4.303813345535942 1.9086679151133887 3.6234074806344925 7.9254731369018563 6.0401095393192339 3.6255862188339236 6.4828345176501152 4.3987626630253409 6.8862191736698151 1.2648451696742666 2.7408025741577151 7.2209316164948225 7.9362077581471411 3.7973597481137236 4.8874852498372405 3.7983489187864161 3.3501868159803632 5.3303231020176671
leaf_weight=6373 451 102 633 29 484 763 548 341 21 102 83 648 23 126 29 20 581 20 39 546 32 22 42 43 58 21 21 26 219 235
leaf_count=6373 451 102 633 29 484 763 548 341 21 102 83 648 23 126 29 20 581 20 39 546 32 22 42 43 58 21 21 26 219 235
internal_value=2.13829e-08 3.9388 -1.99537 5.59296 2.30007 -0.41655 1.60475 6.49132 4.67405 3.14336 3.88494 -2.30929 2.11366 1.07821 5.47903 5.674 6.12666 4.48368 5.51428 4.34405 4.53648 3.67405 4.04213 6.20178 6.97168 6.09757 2.89344 2.0259 2.83387 5.4981
internal_weight=12681 4264 8417 2122 2142 1396 1174 1073 1049 968 244 7021 597 577 305 276 732 161 59 744 578 166 144 703 122 64 724 574 703 256
internal_count=12681 4264 8417 2122 2142 1396 1174 1073 1049 968 244 7021 597 577 305 276 732 161 59 744 578 166 144 703 122 64 724 574 703 256
is_linear=0
shrinkage=0.05


Tree=32
num_leaves=31
num_cat=0
split_feature=4 4 4 6 4 1 6 1 0 8 1 4 0 8 1 4 2 4 1 5 4 0 4 3 1 3 0 5 6 0
split_gain=3.59811e+07 3.08549e+06 2.71186e+06 417387 405340 178160 173451 107671 87865.3 83946.1 76121.4 75160.5 65210.2 83846.2 58233.7 54328.8 53283 64254.8 49913.6 45174.2 39397.3 38464.3 37807.8 37635.8 36893.8 46707.8 34483.6 42269.6 55560.1 47329.9
threshold=354.50000000000006 650.50000000000011 129.50000000000003 487.50000000000006 801.50000000000011 61.500000000000007 281.50000000000006 757.50000000000011 26.450000000000003 4.5000000000000009 910.50000000000011 432.50000000000006 24.250000000000004 3.5000000000000004 808.50000000000011 204.50000000000003 50.500000000000007 460.50000000000006 606.50000000000011 85.500000000000014 763.50000000000011 24.150000000000002 552.50000000000011 99.500000000000014 468.50000000000006 11.500000000000002 19.650000000000002 99.500000000000014 405.50000000000006 15.65
decision_type=2 2 2 2 2 2 2 2 2 2 2 2 2 2 2 2 2 2 2 2 2 2 2 2 2 2 2 2 2 2
left_child=2 3 5 11 9 -1 15 8 16 12 -6 21 20 -14 -11 -4 17 -5 -13 -9 -3 -2 -18 -19 26 -26 27 28 -8 -29
right_child=1 4 6 7 10 -7 24 19 -10 14 -12 18 13 -15 -16 -17 22 23 -20 -21 -22 -23 -24 -25 25 -27 -28 29 -30 -31
leaf_value=-2.2074489284560639 1.1260200393783903 4.2230212021794955 -0.57910111875864079 0.17951389219301442 5.9958573661784582 -1.2406794455819181 0.32312235203239004 6.8755536441145271 3.8741898657389422 4.9769363341280215 6.9727494867770901 2.2818745215620702 4.9137128581171456 0.92930419156628286 6.3124629230210276 0.18233901337558822 2.8266370331115374 2.4199015533274943 4.7771394775027316 4.0599304182188858 5.6597780927022301 2.0514593172200861 3.7653594581048879 4.5142235596974691 0.59855969791059138 3.4223588913679124 1.1901820668110661 0.99196060991287238 2.8499054714485452 -1.768285996666769
leaf_weight=6882 281 233 454 30 559 512 112 29 378 465 310 439 23 31 99 484 230 202 21 28 60 187 201 24 27 32 255 25 27 41
leaf_count=6882 281 233 454 30 559 512 112 29 378 465 310 439 23 31 99 484 230 202 21 28 60 187 201 24 27 32 255 25 27 41
internal_value=-4.49411e-08 4.04881 -1.752 2.7264 5.57181 -2.1405 0.219595 3.37524 3.26193 4.83489 6.34435 1.94192 4.22298 2.62637 5.21136 -0.186205 2.92505 2.3537 2.39579 5.49244 4.51724 1.4958 3.26442 2.64231 0.953005 2.13011 0.802028 0.319202 0.813936 -0.722738
internal_weight=12681 3830 8851 2050 1780 7394 1457 1122 1065 911 869 928 347 54 564 938 687 256 460 57 293 468 431 226 519 59 460 205 139 66
internal_count=12681 3830 8851 2050 1780 7394 1457 1122 1065 911 869 928 347 54 564 938 687 256 460 57 293 468 431 226 519 59 460 205 139 66
is_linear=0
shrinkage=0.05


Tree=33
num_leaves=31
num_cat=0
split_feature=4 4 4 4 1 4 4 6 1 2 6 8 6 5 1 4 2 3 1 6 1 0 0 2 1 2 8 0 6 5
split_gain=3.24878e+07 3.77224e+06 1.35868e+06 568246 409018 133878 106723 101587 88204.4 58041 59740.4 53766.5 51123.2 44596.6 44530.1 41771.1 39852.5 39199.6 169081 38228.1 36643.9 36225.3 35055.1 37122.3 34952.5 33617.2 33184.6 62100.3 30339.5 30303.8
threshold=283.50000000000006 595.50000000000011 78.500000000000014 780.50000000000011 478.50000000000006 172.50000000000003 384.50000000000006 668.50000000000011 913.50000000000011 49.500000000000007 629.50000000000011 10.500000000000002 875.50000000000011 74.500000000000014 677.50000000000011 17.500000000000004 78.500000000000014 46.500000000000007 757.50000000000011 759.50000000000011 337.50000000000006 26.250000000000004 19.750000000000004 59.500000000000007 589.50000000000011 71.500000000000014 4.5000000000000009 23.850000000000005 908.50000000000011 99.500000000000014
decision_type=2 2 2 2 2 2 2 2 2 2 2 2 2 2 2 2 2 2 2 2 2 2 2 2 2 2 2 2 2 2
left_child=2 4 15 7 6 -4 21 13 22 11 29 26 17 14 -3 -1 -8 19 24 -9 -7 25 -5 28 -19 -2 27 -6 -24 -11
right_child=1 3 5 8 9 20 16 12 -10 10 -12 -13 -14 -15 -16 -17 -18 18 -20 -21 -22 -23 23 -25 -26 -27 -28 -29 -30 -31
leaf_value=-2.1237721881269942 0.59392176793106788 3.647527987683187 -0.91656206188102574 4.6738811939261682 2.4636517790802679 -0.052328374663678318 1.8522799605518436 4.4249786506860689 6.6501268854817823 3.0910192771737495 4.3402282305385755 0.18434886049341273 6.9905596940413766 2.0684173546339339 5.1303307779764724 -1.7053030578561108 3.9711684351382051 5.7142263146333923 -0.29561120896112353 5.2856321376020263 1.0662080833960961 1.7462262259224268 5.5774411702076865 6.1976772158434903 3.8651379647709079 1.7104629256376407 3.1333725389887075 -0.36876412681911308 4.0952716980989168 1.8588412421090261
leaf_weight=6363 379 357 630 86 122 684 631 312 296 458 92 27 23 38 59 658 23 43 21 220 82 127 301 264 63 82 122 23 39 56
leaf_count=6363 379 357 630 86 122 684 631 312 296 458 92 27 23 38 59 658 23 43 21 220 82 127 301 264 63 82 122 23 39 56
internal_value=6.18444e-09 3.55569 -1.80129 5.04985 2.07547 -0.376646 1.48732 4.28757 5.9281 2.88713 3.1668 2.31066 4.67335 3.70805 3.85783 -2.08455 1.9268 4.59247 3.80321 4.78089 0.0674105 0.998512 5.61836 5.75283 4.61524 0.792526 2.52568 2.01437 5.40743 2.95677
internal_weight=12681 4264 8417 2122 2142 1396 1242 1136 986 900 606 294 682 454 416 7021 654 659 127 532 766 588 690 604 106 461 267 145 340 514
internal_count=12681 4264 8417 2122 2142 1396 1242 1136 986 900 606 294 682 454 416 7021 654 659 127 532 766 588 690 604 106 461 267 145 340 514
is_linear=0
shrinkage=0.05


Tree=34
num_leaves=31
num_cat=0
split_feature=4 4 1 4 4 1 4 4 6 6 6 4 0 3 0 0 0 6 1 3 3 5 1 2 1 2 1 5 2 1
split_gain=2.93202e+07 3.40445e+06 1.22873e+06 513293 374552 100450 99410.4 95264 85200.8 68143.6 54052.2 48989.7 48962.2 44542.2 39837.6 39438.9 39090.5 35786 34995.9 34058.4 33774.7 72186.3 70505.8 61123.8 33609.8 32906 63538.9 49957.8 34812.2 31685.7
threshold=283.50000000000006 595.50000000000011 87.500000000000014 763.50000000000011 423.50000000000006 604.50000000000011 181.50000000000003 884.50000000000011 749.50000000000011 426.50000000000006 34.500000000000007 481.50000000000006 19.550000000000004 12.500000000000002 17.050000000000004 23.650000000000002 19.950000000000003 879.50000000000011 855.50000000000011 32.500000000000007 25.500000000000004 97.500000000000014 506.50000000000006 54.500000000000007 332.50000000000006 41.500000000000007 755.50000000000011 75.500000000000014 37.500000000000007 769.50000000000011
decision_type=2 2 2 2 2 2 2 2 2 2 2 2 2 2 2 2 2 2 2 2 2 2 2 2 2 2 2 2 2 2
left_child=2 4 10 8 9 11 -4 17 25 15 -1 14 13 -7 -6 -2 -10 -5 -18 -19 21 -11 23 -22 -8 27 -27 28 -3 -14
right_child=1 3 6 7 5 12 24 -9 16 20 -12 -13 29 -15 -16 -17 18 19 -20 -21 22 -23 -24 -25 -26 26 -28 -29 -30 -31
leaf_value=-2.011197331250123 0.70259919038240415 3.9397692858004101 -0.77423879122043537 4.9907380402565007 1.1101808943769389 3.3680317241570048 -0.02429119204830936 6.1872167836342546 3.1673336810535857 2.0606992480629369 -1.4903246337772522 2.6170433704631644 3.6622535166802344 0.30084844112396242 2.2273406587485085 1.4962609977253127 4.7473519007364908 5.5178221003682006 6.7868510080420457 7.4145130974905831 -0.49085015803575516 -0.752690104097128 5.0488548589789346 2.6433901114974705 1.088984581396768 3.7736448071018587 6.0660022675991065 0.88271721818230375 2.2293901994114829 5.7776957225799563
leaf_weight=6559 461 102 615 500 114 29 628 392 36 95 539 603 154 20 266 237 246 153 23 28 20 30 23 70 76 546 32 22 42 20
leaf_count=6559 461 102 615 500 114 29 628 392 36 95 539 603 154 20 266 237 246 153 23 28 20 30 23 70 76 546 32 22 42 20
internal_value=-6.98335e-09 3.3779 -1.71122 4.79736 1.9717 2.55418 -0.309817 5.56625 4.01087 1.2212 -1.97164 2.33684 3.51225 2.11612 1.89219 0.97208 4.71466 5.20881 4.92173 5.81123 1.95181 1.38549 2.57827 1.94689 0.095892 3.72236 3.90056 3.10187 3.44091 3.90541
internal_weight=12681 4264 8417 2122 2142 1206 1319 1073 1049 936 7098 983 223 49 380 698 305 681 269 181 238 125 113 90 704 744 578 166 144 174
internal_count=12681 4264 8417 2122 2142 1206 1319 1073 1049 936 7098 983 223 49 380 698 305 681 269 181 238 125 113 90 704 744 578 166 144 174
is_linear=0
shrinkage=0.05


Tree=35
num_leaves=31
num_cat=0
split_feature=4 4 6 4 4 1 6 6 0 2 1 4 6 5 6 0 4 2 5 0 6 0 6 8 3 5 3 5 6 5
split_gain=2.64736e+07 2.27437e+06 2.00614e+06 413565 210062 136678 132421 87110.2 63226.6 67515 73043.5 60515.2 57543.3 61639.1 49875.1 44993.1 44229.9 43255.6 38967.5 64329.1 47020.5 47467.9 43052 38266.9 33772.8 33610 95503.2 75690.7 32881.4 29593.5
threshold=354.50000000000006 683.50000000000011 138.50000000000003 521.50000000000011 840.50000000000011 58.500000000000007 345.50000000000006 438.50000000000006 26.650000000000002 61.500000000000007 708.50000000000011 220.50000000000003 783.50000000000011 82.500000000000014 665.00000000000011 19.950000000000003 934.50000000000011 49.500000000000007 99.500000000000014 19.650000000000002 426.50000000000006 20.950000000000003 468.50000000000006 10.500000000000002 87.500000000000014 99.500000000000014 26.500000000000004 71.500000000000014 650.50000000000011 36.500000000000007
decision_type=2 2 2 2 2 2 2 2 2 2 2 2 2 2 2 2 2 2 2 2 2 2 2 2 2 2 2 2 2 2
left_child=2 3 5 7 12 -1 11 -2 9 25 -11 -4 13 -3 17 -14 29 -9 20 22 23 -22 -20 -8 -10 27 -27 -5 -29 -6
right_child=1 4 6 8 16 -7 18 14 24 10 -12 -13 15 -15 -16 -17 -18 -19 19 -21 21 -23 -24 -25 -26 26 -28 28 -30 -31
leaf_value=-1.8958417243559227 1.3661736622190697 4.2350836893162098 -0.39773381701799049 2.4918443042850451 5.1559120256893927 -1.0880466139321816 1.3664582274079322 1.4564230019269988 3.59774393864532 3.2947380299843738 6.066185474395752 0.33364400169812147 3.1321069769561292 1.6408267736434938 4.2145772393544512 5.0917444106902003 6.4019349790599254 2.3965080216105252 0.42154076413104413 2.0600430471055651 3.6617675554461599 0.69059308052062995 -2.2500820789337159 -0.94025433120273405 5.7128394508361815 2.9947231418208076 -1.1448111826723273 2.9798722536667537 5.4276909372385811 5.9832231588424394
leaf_weight=6848 558 498 580 398 347 567 125 172 335 199 27 552 32 24 30 346 146 424 38 34 41 20 25 21 20 38 22 23 34 157
leaf_count=6848 558 498 580 398 347 567 125 172 335 199 27 552 32 24 30 346 146 424 38 34 41 20 25 21 20 38 22 23 34 157
internal_value=-3.51937e-08 3.47294 -1.50281 2.46832 4.95069 -1.83407 0.20773 1.82043 3.16824 2.90538 3.62584 -0.0410902 4.45603 4.11581 2.22534 4.92585 5.63562 2.12521 1.13426 0.307299 1.52177 2.68761 -0.638627 1.03467 3.7169 2.58922 1.47689 2.7359 4.43997 5.41363
internal_weight=12681 3830 8851 2280 1550 7415 1436 1184 1096 741 226 1132 900 522 626 378 650 596 304 97 207 61 63 146 355 515 60 455 57 504
internal_count=12681 3830 8851 2280 1550 7415 1436 1184 1096 741 226 1132 900 522 626 378 650 596 304 97 207 61 63 146 355 515 60 455 57 504
is_linear=0
shrinkage=0.05


Tree=36
num_leaves=31
num_cat=0
split_feature=4 4 6 4 6 1 6 8 1 1 0 0 1 4 2 6 4 2 4 1 7 3 4 5 0 5 6 4 0 1
split_gain=2.38925e+07 2.05678e+06 1.81054e+06 295404 265811 123947 119510 75683.5 74999.2 72274.8 61520.6 61055.1 59810.1 54614.9 52052.5 136352 49655.8 46810.3 48231.4 36837.9 36317.5 36061.4 35365.9 35168.2 58057 43125.1 38854.4 34503.1 31832.9 39098.2
threshold=354.50000000000006 641.50000000000011 138.50000000000003 820.50000000000011 487.50000000000006 54.500000000000007 345.50000000000006 4.5000000000000009 757.50000000000011 846.50000000000011 26.450000000000003 24.650000000000002 811.50000000000011 220.50000000000003 59.500000000000007 908.50000000000011 432.50000000000006 50.500000000000007 460.50000000000006 606.50000000000011 13.500000000000002 99.500000000000014 948.50000000000011 99.500000000000014 19.650000000000002 81.500000000000014 468.50000000000006 289.50000000000006 15.65 355.50000000000006
decision_type=2 2 2 2 2 2 2 2 2 2 2 2 2 2 2 2 2 2 2 2 2 2 2 2 2 2 2 2 2 2
left_child=2 4 5 7 16 -1 13 9 10 -3 17 14 -9 -4 15 -5 28 18 -6 -18 -10 -20 -13 25 26 27 -25 -8 29 -2
right_child=1 3 6 11 8 -7 23 12 20 -11 -12 22 -14 -15 -16 -17 19 -19 21 -21 -22 -23 -24 24 -26 -27 -28 -29 -30 -31
leaf_value=-1.8047140478305872 1.1893037991993356 3.5859981062836677 -0.37784713070398068 4.6437087716800827 -0.089354731043179828 -1.0720817477101381 -0.95007362604141243 4.0535273828604881 3.3362347249327038 0.5025979852676391 3.1529307990603979 5.4369521678345549 5.1988409794404591 0.31696180213804603 5.2695711328521853 0.11354008167982102 1.8415450842756975 2.6628320120220899 1.8196225434066133 4.0359650158882143 5.9367286661863332 3.8777606646219889 6.7073538643973212 0.400463709078337 1.9570409052512225 2.5621875870423239 -2.1375778980255129 1.285428468461725 1.3568800196485613 -1.496174917208112
leaf_weight=6784 33 382 580 98 30 631 20 533 29 20 360 420 145 552 155 20 437 413 188 20 25 24 63 38 34 61 25 126 412 23
leaf_count=6784 33 382 580 98 30 631 20 533 29 20 360 420 145 552 155 20 437 413 188 20 25 24 63 38 34 61 25 126 412 23
internal_value=1.09189e-08 3.29929 -1.42767 4.5068 2.18746 -1.74237 0.197343 3.97617 2.72446 3.4326 2.62786 5.26484 4.29847 -0.0390357 4.66717 3.87588 1.56686 2.33927 1.78709 1.93758 4.54017 2.05262 5.60266 1.07754 0.291934 1.44568 -0.606696 0.979195 1.20485 0.0863393
internal_weight=12681 3830 8851 1836 1994 7415 1436 1080 1069 402 1015 756 678 1132 273 118 925 655 242 457 54 212 483 304 97 207 63 146 468 56
internal_count=12681 3830 8851 1836 1994 7415 1436 1080 1069 402 1015 756 678 1132 273 118 925 655 242 457 54 212 483 304 97 207 63 146 468 56
is_linear=0
shrinkage=0.05


Tree=37
num_leaves=31
num_cat=0
split_feature=4 4 4 4 1 6 4 4 0 2 1 2 6 7 3 2 5 3 1 5 4 8 6 4 1 1 6 0 1 4
split_gain=2.15684e+07 2.52065e+06 907471 377719 277541 93362 76067.4 70266 65951.7 42544.9 50522 42092.9 49948.4 46892.4 65309.1 38984.2 38457.6 107760 37928.9 37861.4 39618.8 35912.6 59729.7 39908.6 38131.3 107165 30342.6 29765.9 29345 28758
threshold=283.50000000000006 595.50000000000011 78.500000000000014 763.50000000000011 468.50000000000006 206.50000000000003 919.50000000000011 368.50000000000006 26.750000000000004 61.500000000000007 776.50000000000011 48.500000000000007 629.50000000000011 14.500000000000002 31.500000000000004 57.500000000000007 88.500000000000014 24.500000000000004 235.50000000000003 68.500000000000014 688.50000000000011 5.5000000000000009 924.50000000000011 875.50000000000011 858.50000000000011 878.50000000000011 3.5000000000000004 17.850000000000005 767.50000000000011 530.50000000000011
decision_type=2 2 2 2 2 2 2 2 2 2 2 2 2 2 2 2 2 2 2 2 2 2 2 2 2 2 2 2 2 2
left_child=2 4 26 8 7 18 21 -2 9 16 -11 13 -13 14 27 -9 19 -18 -4 20 -3 22 23 24 -5 -26 -1 -6 -10 -17
right_child=1 3 5 6 11 -7 -8 15 28 10 -12 12 -14 -15 -16 29 17 -19 -20 -21 -22 -23 -24 -25 25 -27 -28 -29 -30 -31
leaf_value=-1.7402996074856849 0.70277440575941375 2.4052166789770126 -0.74272349079693301 4.3582697933457464 0.63297219514846814 0.15011030204606038 5.581878013425059 1.066438849714936 3.6662238807450609 3.4330093917112019 5.9281753042469854 2.3618691364984374 3.6163438330040032 2.5697817020784548 -0.60207609633604697 1.6798945422100147 3.2748914895738874 -1.3258939433097841 1.0708025163412094 4.3956313748251317 3.5384825220031129 4.8880674436688425 1.6349102111089799 5.2482368435178488 0.71007418887955809 5.0110948568582536 -1.4364182149873752 2.2468241273164753 4.5931197194729823 3.1273291631748803
leaf_weight=6071 477 204 740 249 40 626 231 305 309 172 23 577 92 123 36 354 35 20 30 44 124 416 21 98 28 30 950 100 118 38
leaf_count=6071 477 204 740 249 40 626 231 305 309 172 23 577 92 123 36 354 35 20 30 44 124 416 21 98 28 30 950 100 118 38
internal_value=1.32873e-08 2.89716 -1.46768 4.11855 1.68717 -0.303383 4.77813 1.17036 3.44387 3.11539 3.72731 2.31396 2.53438 1.82077 1.29731 1.49037 2.83594 1.60188 -0.672067 3.0184 2.83365 4.55763 4.23494 4.36976 4.08933 2.93474 -1.69918 1.78572 3.92237 1.82021
internal_weight=12681 4264 8417 2122 2142 1396 1073 1174 1049 622 195 968 669 299 176 697 427 55 770 372 328 842 426 405 307 58 7021 140 427 392
internal_count=12681 4264 8417 2122 2142 1396 1073 1174 1049 622 195 968 669 299 176 697 427 55 770 372 328 842 426 405 307 58 7021 140 427 392
is_linear=0
shrinkage=0.05


Tree=38
num_leaves=31
num_cat=0
split_feature=4 4 6 4 4 1 6 4 1 6 6 6 0 8 6 3 2 5 1 0 3 5 1 2 1 4 4 8 4 5
split_gain=1.94655e+07 2.27488e+06 819808 341543 251566 72303.4 67011.5 66530.5 58520.8 47846.9 40880 40818.2 40383.4 38342.7 48274.3 37402.9 35501.6 34302.8 37961.8 33941.2 32183.9 63237.6 60363.8 51101.3 31578.1 31385.7 31321.4 29495.8 28402.5 26536.1
threshold=283.50000000000006 595.50000000000011 90.500000000000014 788.50000000000011 423.50000000000006 604.50000000000011 668.50000000000011 172.50000000000003 930.50000000000011 426.50000000000006 875.50000000000011 22.500000000000004 19.550000000000004 5.5000000000000009 920.50000000000011 12.500000000000002 52.500000000000007 74.500000000000014 686.50000000000011 15.750000000000002 25.500000000000004 97.500000000000014 506.50000000000006 54.500000000000007 846.50000000000011 875.50000000000011 478.50000000000006 4.5000000000000009 481.50000000000006 99.500000000000014
decision_type=2 2 2 2 2 2 2 2 2 2 2 2 2 2 2 2 2 2 2 2 2 2 2 2 2 2 2 2 2 2
left_child=2 4 11 6 9 16 17 -4 13 19 24 -1 15 14 25 -7 26 18 -3 -2 21 -11 23 -22 -8 -5 -6 -25 -14 -30
right_child=1 3 7 8 5 12 10 -9 -10 20 -12 -13 28 -15 -16 -17 -18 -19 -20 -21 22 -23 -24 27 -26 -27 -28 -29 29 -31
leaf_value=-1.6436702460527901 -0.001977920808411878 2.826444487558688 -0.66438175966452784 3.8606783999788004 0.88585802826743854 2.7722807218288557 3.6388835988018706 0.065057793515550563 5.3709526202323419 1.6791082622189273 5.4218162444330034 -1.2403144436474327 4.9743568840480989 4.798506682043131 1.7433284396216984 -0.03836844682693482 2.1317649111004644 1.4538650647187845 4.2825256566206615 0.93465785691234571 -0.60166126489639282 -0.95412968158721922 4.4974819421768188 3.233418978871526 2.0062442410376766 4.8218477388073637 1.8460356329411878 1.1773312214649085 3.3044118899386379 1.5234317703247071
leaf_weight=6431 116 366 531 235 130 29 664 760 205 95 31 695 21 346 21 20 608 39 51 582 20 30 23 37 31 133 245 33 128 25
leaf_count=6431 116 366 531 235 130 29 664 760 205 95 31 695 21 346 21 20 608 39 51 582 20 30 23 37 31 133 245 33 128 25
internal_value=3.42418e-09 2.7523 -1.3943 3.91262 1.60281 2.08018 3.34693 -0.234967 4.62394 0.987746 3.6453 -1.60433 2.89301 4.41559 4.075 1.62508 1.89578 2.8719 3.00453 0.778999 1.59995 1.04713 2.21148 1.62728 3.56606 4.20806 1.51317 2.26412 3.25007 3.0134
internal_weight=12681 4264 8417 2122 2142 1206 1182 1291 940 936 726 7126 223 735 389 49 983 456 417 698 238 125 113 90 695 368 375 70 174 153
internal_count=12681 4264 8417 2122 2142 1206 1182 1291 940 936 726 7126 223 735 389 49 983 456 417 698 238 125 113 90 695 368 375 70 174 153
is_linear=0
shrinkage=0.05


Tree=39
num_leaves=31
num_cat=0
split_feature=4 6 4 4 4 6 1 1 2 1 4 6 5 0 5 5 2 0 5 7 8 5 2 3 5 8 1 4 1 4
split_gain=1.75726e+07 1.46995e+06 1.43185e+06 285270 117587 103134 90502.1 64327.4 49907.6 72263.8 44512.3 43051.2 42834.9 59626.3 36277.1 54477.4 51048.4 45651.9 35325.3 66658 33718.2 32092.5 31556.7 31501.8 30382.9 28673.6 27631.9 30145.4 27602 26826.8
threshold=368.50000000000006 138.50000000000003 701.50000000000011 552.50000000000011 840.50000000000011 345.50000000000006 64.500000000000014 610.50000000000011 41.500000000000007 808.50000000000011 220.50000000000003 441.50000000000006 85.500000000000014 19.550000000000004 74.500000000000014 46.500000000000007 38.500000000000007 21.550000000000004 64.500000000000014 13.500000000000002 5.5000000000000009 34.500000000000007 47.500000000000007 44.500000000000007 70.500000000000014 4.5000000000000009 468.50000000000006 318.50000000000006 767.50000000000011 262.50000000000006
decision_type=2 2 2 2 2 2 2 2 2 2 2 2 2 2 2 2 2 2 2 2 2 2 2 2 2 2 2 2 2 2
left_child=1 6 3 7 14 10 -1 11 18 21 -3 -2 24 -14 15 28 -16 -18 -5 -20 -6 -10 25 -17 -9 29 -24 -28 -4 -7
right_child=2 5 4 8 20 22 -8 12 9 -11 -12 -13 13 -15 16 23 17 -19 19 -21 -22 -23 26 -25 -26 -27 27 -29 -30 -31
leaf_value=-1.54226414381198 1.1694423676258361 -0.32906900721120425 3.2220356012578537 2.432335572423991 4.2064845829543209 -1.9913741393522786 -0.85142247547452254 2.7143402833598 2.4842611308504896 5.7602004202929411 0.29146229840116578 1.7737058139892943 -0.44833458304405216 2.9401899421537245 0.54847390538170226 4.3187397944972039 1.9996156730651855 5.0525799512863161 -0.71325508015496397 2.8777277052402499 4.9300207203023891 3.1496254475359566 0.98702027473814236 6.2532478637695315 4.9965552978515628 1.2082347167260721 3.7158814208848137 1.0368007024129233 3.913912741094828 0.38096425716693583
leaf_weight=6908 532 580 281 171 294 22 509 35 328 22 576 661 20 37 21 133 25 24 28 24 356 405 242 25 25 33 21 21 296 26
leaf_count=6908 532 580 281 171 294 22 509 35 328 22 576 661 20 37 21 133 25 24 28 24 356 405 242 25 25 33 21 21 296 26
internal_value=2.24597e-08 -1.20448 2.87622 2.09636 4.10254 0.211475 -1.49485 1.61397 2.74252 2.93664 -0.0198769 1.50424 2.73279 1.75123 3.69864 3.80222 2.611 3.49495 2.08531 0.944122 4.60276 2.85189 0.944197 4.62483 3.66526 0.0736615 1.19248 2.37634 3.57697 -0.706358
internal_weight=12681 8938 3743 2288 1455 1521 7417 1310 978 755 1156 1193 117 57 805 735 70 49 223 52 650 733 365 158 60 81 284 42 577 48
internal_count=12681 8938 3743 2288 1455 1521 7417 1310 978 755 1156 1193 117 57 805 735 70 49 223 52 650 733 365 158 60 81 284 42 577 48
is_linear=0
shrinkage=0.05


Tree=40
num_leaves=31
num_cat=0
split_feature=4 4 4 4 1 1 4 0 4 5 1 5 0 0 2 1 2 2 5 6 0 5 3 5 4 1 8 1 2 1
split_gain=1.58604e+07 1.85731e+06 670101 288319 199355 72470 60828.8 56368 52902.3 41290.4 60495.7 51831.5 49805.7 34187 33160.5 43653 31186.8 31099.3 36230.3 46181.7 38365.9 30787.5 91525.8 34407.5 31020 30599.5 28115.7 39028.1 34931.3 38751.5
threshold=283.50000000000006 591.50000000000011 78.500000000000014 763.50000000000011 478.50000000000006 168.50000000000003 919.50000000000011 26.750000000000004 384.50000000000006 96.500000000000014 650.50000000000011 86.500000000000014 20.550000000000004 26.050000000000004 61.500000000000007 776.50000000000011 78.500000000000014 29.500000000000004 37.500000000000007 932.50000000000011 20.150000000000002 88.500000000000014 24.500000000000004 68.500000000000014 688.50000000000011 697.50000000000011 4.5000000000000009 332.50000000000006 35.500000000000007 360.50000000000006
decision_type=2 2 2 2 2 2 2 2 2 2 2 2 2 2 2 2 2 2 2 2 2 2 2 2 2 2 2 2 2 2
left_child=2 4 -1 7 8 -4 17 14 -2 10 11 13 -12 -6 21 -16 -10 -5 19 -19 -20 23 -23 24 25 -3 28 -28 -7 -30
right_child=1 3 5 6 9 26 -8 -9 16 -11 12 -13 -14 -15 15 -17 -18 18 20 -21 -22 22 -24 -25 -26 -27 27 -29 29 -31
leaf_value=-1.457508472761458 0.680749335543959 2.2209957286563458 -0.70554207898065702 2.4429232651846751 1.6348165338923533 -2.2575609077106824 4.8179778845279246 3.3823484228334579 1.2700339392029789 1.2467413695085616 1.7115465457024783 4.5265753769874575 4.5827028312466362 2.3775502839097471 2.9123809260933591 5.2271141383958906 3.1851096565073189 3.8097209268953742 3.1148195082942647 1.415460084733509 4.6601748403979517 2.8253671220830974 -1.3074415178526015 3.8639803324805366 3.0230778221161136 0.16789066553115847 0.13272674475019774 1.739647184348688 -0.41521881699334573 1.255630356669426
leaf_weight=7021 588 196 549 35 375 22 231 433 631 147 23 20 44 264 178 23 22 492 48 21 246 37 21 45 124 20 482 41 262 40
leaf_count=7021 588 196 549 35 375 22 231 433 631 147 23 20 44 264 178 23 22 492 48 21 246 37 21 45 124 20 482 41 262 40
internal_value=-4.88739e-09 2.48439 -1.25858 3.51914 1.43202 -0.258074 4.09923 2.94121 1.02477 2.01092 2.16565 2.02012 3.59708 1.94167 2.6446 3.17725 1.33455 3.90205 3.96533 3.71171 4.40787 2.40293 1.32901 2.56471 2.39275 2.03089 0.0319615 0.258699 -0.334038 -0.193914
internal_weight=12681 4264 8417 2150 2114 1396 1073 1077 1241 873 726 659 67 639 644 201 653 842 807 513 294 443 58 385 340 216 847 523 324 302
internal_count=12681 4264 8417 2150 2114 1396 1073 1077 1241 873 726 659 67 639 644 201 653 842 807 513 294 443 58 385 340 216 847 523 324 302
is_linear=0
shrinkage=0.05


Tree=41
num_leaves=31
num_cat=0
split_feature=4 4 4 4 4 6 6 0 8 1 5 6 5 3 0 1 3 0 6 0 4 2 4 8 5 1 5 0 5 6
split_gain=1.43186e+07 1.2413e+06 1.09507e+06 227379 125290 74557.6 72630.9 48233.1 47313.5 64620.8 45782 44439.4 36578.7 40693.1 56090.2 36845.8 36516.2 35925 45959.5 35614 35353.1 34633.4 32897.2 30550.6 30283.7 33660.1 26866.3 44678.3 34724.2 28569.2
threshold=354.50000000000006 679.50000000000011 129.50000000000003 497.50000000000006 831.50000000000011 345.50000000000006 37.500000000000007 16.250000000000004 4.5000000000000009 846.50000000000011 37.500000000000007 629.50000000000011 18.500000000000004 20.500000000000004 26.450000000000003 478.50000000000006 55.500000000000007 24.650000000000002 932.50000000000011 24.250000000000004 197.50000000000003 49.500000000000007 896.50000000000011 6.5000000000000009 99.500000000000014 646.50000000000011 99.500000000000014 19.650000000000002 81.500000000000014 468.50000000000006
decision_type=2 2 2 2 2 2 2 2 2 2 2 2 2 2 2 2 2 2 2 2 2 2 2 2 2 2 2 2 2 2
left_child=2 3 6 12 8 20 -1 -5 9 -3 -10 24 -2 14 -14 21 -17 18 19 22 -4 -15 -6 -12 25 -9 28 29 -7 -28
right_child=1 4 5 7 17 26 -8 11 10 -11 23 -13 13 15 -16 16 -18 -19 -20 -21 -22 -23 -24 -25 -26 -27 27 -29 -30 -31
leaf_value=-1.4067560425769647 0.82138212597343407 2.9341447441075559 -0.39962367590463338 1.4472751403041184 3.5985229030251507 0.76591853085037787 -0.90282102112270468 2.1167288149400747 3.0857360107786707 -0.0014829683303833009 4.6464110001078192 2.7793553327946441 0.67915377141944921 0.0067399390041828159 1.9686522292105231 1.8823405232212762 3.8824929531950221 4.4053293961165449 1.4721426183527166 1.8517144250869753 0.17462268263635189 1.7934021484677083 4.9236710296736828 3.5532871711328164 0.62063146904110911 3.8611255612866628 0.25824783965945247 1.6222289025783541 2.2120605606457282 -2.0238423546155295
leaf_weight=6592 336 299 418 160 134 146 802 596 298 20 106 420 251 32 127 55 39 443 22 20 747 178 72 161 32 29 32 32 58 24
leaf_count=6592 336 299 418 160 134 146 802 596 298 20 106 420 251 32 127 55 39 443 22 20 747 178 72 161 32 29 32 32 58 24
internal_value=-1.43219e-08 2.55412 -1.10522 1.80184 3.63119 0.147651 -1.3521 2.25731 3.23691 2.75009 3.51177 2.37765 1.24839 1.45876 1.1124 1.88943 2.71219 4.13558 3.65374 3.86611 -0.0314159 1.52115 4.06168 3.98726 2.12086 2.19767 0.862078 0.131853 1.17708 -0.719791
internal_weight=12681 3830 8851 2255 1575 1457 7394 1237 884 319 565 1077 1018 682 378 304 94 691 248 226 1165 210 206 267 657 625 292 88 204 56
internal_count=12681 3830 8851 2255 1575 1457 7394 1237 884 319 565 1077 1018 682 378 304 94 691 248 226 1165 210 206 267 657 625 292 88 204 56
is_linear=0
shrinkage=0.05


Tree=42
num_leaves=31
num_cat=0
split_feature=4 6 4 4 1 6 6 1 2 1 1 0 6 5 6 1 5 7 5 5 6 0 0 6 5 0 3 1 0 4
split_gain=1.29278e+07 1.08398e+06 1.05768e+06 211618 89449.5 76242.5 68406 51175.9 42928.3 61202.9 38216.8 35841.7 35227.3 38997.5 32871.3 31896.3 31385.3 59534.2 26833.1 23190.8 52930.7 47218.4 34884.7 32980.7 23242.6 23843.9 26748.2 34264.7 22799.1 21626
threshold=368.50000000000006 138.50000000000003 701.50000000000011 552.50000000000011 906.50000000000011 315.50000000000006 34.500000000000007 610.50000000000011 41.500000000000007 808.50000000000011 337.50000000000006 19.350000000000005 805.50000000000011 74.500000000000014 441.50000000000006 831.50000000000011 64.500000000000014 13.500000000000002 36.500000000000007 99.500000000000014 497.50000000000006 19.650000000000002 21.450000000000003 468.50000000000006 92.500000000000014 26.050000000000004 96.500000000000014 408.50000000000006 17.950000000000003 204.50000000000003
decision_type=2 2 2 2 2 2 2 2 2 2 2 2 2 2 2 2 2 2 2 2 2 2 2 2 2 2 2 2 2 2
left_child=1 6 3 7 12 10 -1 14 16 18 29 -9 13 15 28 -4 -5 -18 -10 20 24 23 -23 -21 25 26 27 -7 -2 -3
right_child=2 5 4 8 -6 19 -8 11 9 -11 -12 -13 -14 -15 -16 -17 17 -19 -20 21 -22 22 -24 -25 -26 -27 -28 -29 -30 -31
leaf_value=-1.3373034782879165 0.61718152111226865 -0.36376438448716186 3.0265976478362226 2.0708216994129427 4.2241632762853651 0.44818532102285547 -0.86206741404989473 0.98293527328606811 2.1396927759794262 5.1317832513289021 1.6740167351619855 2.9276706938232699 3.5970619441878124 1.3639295953692814 1.5188291549660073 4.4931586742401128 -0.89825727513858267 2.4954181710879011 2.745273784801598 0.14533702508877899 3.41844442486763 2.9561633530117217 0.038370301425456999 -1.9384562692471914 2.1458073846729739 1.2590625448846351 1.9591152635487643 -1.3416025613293503 1.2775643085027455 0.10003376263247837
leaf_weight=6561 231 456 507 171 345 141 856 33 351 22 31 84 530 33 661 40 28 24 382 59 20 21 20 28 28 102 22 33 301 560
leaf_count=6561 231 456 507 171 345 141 856 33 351 22 31 84 530 33 661 40 28 24 382 59 20 21 20 28 28 102 22 33 301 560
internal_value=1.72938e-08 -1.03311 2.46698 1.79672 3.52096 0.182827 -1.28246 1.38124 2.35325 2.53328 -0.0553612 2.37916 3.3024 3.03314 1.28337 3.13384 1.74372 0.668054 2.45529 0.708951 0.92167 0.133945 1.53285 -0.525309 0.768493 0.639081 0.316438 0.108743 0.990819 -0.108128
internal_weight=12681 8938 3743 2288 1455 1521 7417 1310 978 755 1047 117 1110 580 1193 547 223 52 733 474 346 128 41 87 326 298 196 174 532 1016
internal_count=12681 8938 3743 2288 1455 1521 7417 1310 978 755 1047 117 1110 580 1193 547 223 52 733 474 346 128 41 87 326 298 196 174 532 1016
is_linear=0
shrinkage=0.05


Tree=43
num_leaves=31
num_cat=0
split_feature=4 4 1 4 6 6 1 0 6 2 8 0 6 8 6 1 3 5 6 3 1 4 5 2 8 2 4 8 1 4
split_gain=1.16696e+07 1.36986e+06 496119 215105 150597 49501.5 46771.1 39621.9 40743.6 39306 41240.5 38058.3 38052.7 38029.6 40240.7 33925.2 32203.3 31361.4 30722.9 32156.9 83100.8 30619.8 28186.3 38234.8 70783.3 27161.8 26808.1 26667.8 25671.6 31012.4
threshold=283.50000000000006 591.50000000000011 87.500000000000014 801.50000000000011 445.50000000000006 741.50000000000011 235.50000000000003 24.650000000000002 932.50000000000011 49.500000000000007 10.500000000000002 15.65 718.50000000000011 4.5000000000000009 629.50000000000011 445.50000000000006 52.500000000000007 71.500000000000014 875.50000000000011 38.500000000000007 757.50000000000011 948.50000000000011 99.500000000000014 59.500000000000007 2.5000000000000004 75.500000000000014 875.50000000000011 4.5000000000000009 600.50000000000011 485.50000000000006
decision_type=2 2 2 2 2 2 2 2 2 2 2 2 2 2 2 2 2 2 2 2 2 2 2 2 2 2 2 2 2 2
left_child=2 4 -1 5 11 -3 -4 8 26 10 13 25 22 14 28 -13 -17 -15 19 -7 -21 -9 -11 -24 -25 -2 -5 -8 29 -6
right_child=1 3 6 7 9 18 27 21 -10 12 -12 15 -14 17 -16 16 -18 -19 -20 20 -22 -23 23 24 -26 -27 -28 -29 -30 -31
leaf_value=-1.245046036525675 -0.076151821964296956 2.3607046755536158 -0.38762397648999214 2.9158311674199955 -0.21743523639601633 3.0810637276347093 -0.2529188128413668 3.7498417269277868 1.2024691820144655 1.8838957159524892 -0.57733502169450135 0.8034437928413235 3.5583584093278455 1.5861899663398906 -0.64964963528845043 2.005189394528887 -0.12699075596673148 3.4402528115681243 4.2925776606514345 3.0114894477526346 -0.41963428115844731 4.9212762136307973 2.1109460137985852 1.9442901502484862 -1.9373446996013326 1.6338335509653445 3.8744215141509124 0.57918414729516432 2.8920978748798372 1.6117551820893443
leaf_weight=7098 166 785 913 163 37 369 157 487 24 628 30 708 31 123 36 113 21 28 42 60 25 63 37 23 24 27 132 249 20 62
leaf_count=7098 166 785 913 163 37 369 157 487 24 628 30 708 31 123 36 113 21 28 42 60 25 63 37 23 24 27 132 249 20 62
internal_value=8.80914e-09 2.13103 -1.07957 3.01969 1.22725 2.60777 -0.189077 3.6269 3.18358 1.64057 1.19181 0.796358 1.8435 1.36525 0.815086 0.941518 1.67104 1.92999 2.99879 2.8791 2.00234 3.88402 1.76884 0.90866 -0.0378213 0.163069 3.34476 0.25741 1.2582 0.928118
internal_weight=12681 4264 8417 2150 2114 1281 1319 869 319 1079 336 1035 743 306 155 842 134 151 496 454 85 550 712 84 47 193 295 406 119 99
internal_count=12681 4264 8417 2150 2114 1281 1319 869 319 1079 336 1035 743 306 155 842 134 151 496 454 85 550 712 84 47 193 295 406 119 99
is_linear=0
shrinkage=0.05


Tree=44
num_leaves=31
num_cat=0
split_feature=4 4 4 4 1 1 6 6 2 1 2 5 0 2 0 5 0 0 5 5 3 2 3 5 4 1 1 1 5 5
split_gain=1.05418e+07 885531 863545 172254 74508.8 62438.3 54230 44812.1 37698.1 53839.8 33307.8 97806 33103.2 44174.3 32275.6 40466.8 34282.9 30638.3 42198.4 64999.1 49984.9 28901.5 33683.1 28810 26817.8 27312.7 25147.9 24825.1 23789.8 23530.8
threshold=368.50000000000006 129.50000000000003 701.50000000000011 552.50000000000011 906.50000000000011 273.50000000000006 46.500000000000007 734.50000000000011 41.500000000000007 808.50000000000011 35.500000000000007 67.500000000000014 23.950000000000003 66.500000000000014 22.050000000000004 68.500000000000014 18.350000000000005 19.750000000000004 37.500000000000007 35.500000000000007 36.500000000000007 36.500000000000007 12.500000000000002 32.500000000000007 891.50000000000011 893.50000000000011 855.50000000000011 621.50000000000011 34.500000000000007 70.500000000000014
decision_type=2 2 2 2 2 2 2 2 2 2 2 2 2 2 2 2 2 2 2 2 2 2 2 2 2 2 2 2 2 2
left_child=1 6 3 7 10 -3 -1 12 21 28 11 -4 13 14 16 -16 -2 29 19 24 26 -5 -23 -15 -19 -26 -20 -14 -10 -12
right_child=2 5 4 8 -6 -7 -8 -9 9 -11 17 -13 27 23 15 -17 -18 18 20 -21 -22 22 -24 -25 25 -27 -28 -29 -30 -31
leaf_value=-1.2044682831624396 0.7007651750924726 -0.11063163127803098 2.8960835287842572 2.0300259184291347 3.8218703730382781 0.53508893415728898 -0.74486594759819802 3.4347897032032844 1.9032357393014359 4.7300948088819332 2.6664468800737744 -1.018106188774109 1.4597533947090771 0.73772339708492407 0.50057702388614422 -2.0496364474296569 1.5837651831584594 2.9136093262286313 2.983659718621452 0.53573278850979278 4.9845703988239691 1.6234582210841932 -0.34714297839573455 2.0302807034987982 4.7397186545438545 2.6342462082703908 4.0660548425015106 3.0507796195837167 2.476102151820827 0.83845990389585501
leaf_weight=6684 378 906 79 131 345 638 710 23 328 22 147 20 430 61 70 20 155 452 159 27 58 57 35 147 43 24 81 26 405 20
leaf_count=6684 378 906 79 131 345 638 710 23 328 22 147 20 430 61 70 20 155 452 159 27 58 57 35 147 43 24 81 26 405 20
internal_value=2.41038e-08 -0.932912 2.22772 1.62209 3.18008 0.156188 -1.16034 1.24724 2.1242 2.29291 2.9806 2.10534 1.20815 1.0203 0.809664 -0.0661371 0.957548 3.06631 3.18875 2.92756 3.66731 1.55301 0.873773 1.65121 3.05199 3.98552 3.34897 1.55047 2.21976 2.44753
internal_weight=12681 8938 3743 2288 1455 1544 7394 1310 978 755 1110 99 1287 831 623 90 533 1011 844 546 298 223 92 208 519 67 240 456 733 167
internal_count=12681 8938 3743 2288 1455 1544 7394 1310 978 755 1110 99 1287 831 623 90 533 1011 844 546 298 223 92 208 519 67 240 456 733 167
is_linear=0
shrinkage=0.05


Tree=45
num_leaves=31
num_cat=0
split_feature=4 6 4 4 6 6 1 5 6 4 1 6 5 1 8 8 0 5 5 0 2 2 1 0 1 2 8 1 0 0
split_gain=9.51399e+06 800874 779400 170562 61893.3 60153.9 51162.4 46631 45421.8 29568.8 29559.6 28643.4 30173.1 35852.1 34154.2 37734.6 31287 28370.6 44248.4 127001 99821.4 27936.8 36610.3 29193.7 27586.8 26239.2 25403.3 26258.6 24029.6 23393.5
threshold=368.50000000000006 138.50000000000003 714.50000000000011 560.50000000000011 805.50000000000011 345.50000000000006 37.500000000000007 74.500000000000014 487.50000000000006 942.50000000000011 831.50000000000011 734.50000000000011 96.500000000000014 654.50000000000011 9.5000000000000018 2.5000000000000004 17.150000000000002 37.500000000000007 29.500000000000004 29.250000000000004 62.500000000000007 61.500000000000007 783.50000000000011 26.650000000000002 776.50000000000011 47.500000000000007 3.5000000000000004 215.50000000000003 17.450000000000003 15.050000000000002
decision_type=2 2 2 2 2 2 2 2 2 2 2 2 2 2 2 2 2 2 2 2 2 2 2 2 2 2 2 2 2 2
left_child=1 6 3 8 7 26 -1 10 28 17 -4 12 14 -14 15 -10 -17 18 -6 20 -20 23 -23 24 -5 -7 -3 -28 -2 -29
right_child=2 5 4 21 9 25 -8 -9 11 -11 -12 -13 13 -15 -16 16 -18 -19 19 -21 -22 22 -24 -25 -26 -27 27 29 -30 -31
leaf_value=-1.1471477719246301 0.5879344810611592 -0.37790697822780461 2.6193585115052493 1.7469969516690327 3.2266544173852263 -0.075328132841322171 -0.73014918969683174 0.68424681959481082 0.88376693896949288 4.0917088018644838 3.9128395995315239 3.1015066385269168 1.1947568314844994 -1.1315863872116263 0.75995997852021524 4.0198360788822169 1.9687024636871435 3.5860370205442109 -2.502255035582043 3.532667874481719 2.372885712143034 2.3307225168988168 4.5528936269879337 2.3074903720464461 0.037804955005645756 0.94488283149999719 -0.21689241063255948 -1.3101720666885377 1.1620486146115583 0.43578085078622542
leaf_weight=6589 283 344 448 424 345 81 828 29 80 109 49 28 67 22 91 20 264 300 21 59 21 253 20 273 25 284 321 20 512 471
leaf_count=6589 283 344 448 424 345 81 828 29 80 109 49 28 67 22 91 20 264 300 21 59 21 253 20 273 25 284 321 20 512 471
internal_value=9.55338e-09 -0.886266 2.11634 1.56464 3.05993 0.15889 -1.1006 2.63317 1.20215 3.32247 2.74688 1.54194 1.46166 0.619706 1.62636 1.84295 2.11315 3.21008 2.95719 2.03674 -0.0646847 2.06266 2.49352 1.89975 1.65183 0.71848 -0.0177968 0.134762 0.957678 0.364663
internal_weight=12681 8938 3743 2362 1381 1521 7417 526 1367 855 497 572 544 89 455 364 284 746 446 101 42 995 273 722 449 365 1156 812 795 491
internal_count=12681 8938 3743 2362 1381 1521 7417 526 1367 855 497 572 544 89 455 364 284 746 446 101 42 995 273 722 449 365 1156 812 795 491
is_linear=0
shrinkage=0.05


Tree=46
num_leaves=31
num_cat=0
split_feature=4 4 4 4 4 1 0 6 1 1 0 2 6 0 4 5 3 5 3 0 1 1 4 8 2 1 1 6 1 4
split_gain=8.5931e+06 1.00829e+06 366974 155565 120278 44494.5 44163.6 37888.4 45848 34310.7 33566.9 38951.7 128149 34194.1 32286 29317.7 41065.6 29115.1 36076.9 39387.2 26880.8 25822.2 24551.1 21471.8 31128.9 31458.5 28490 20784.1 28994.5 20782.7
threshold=283.50000000000006 595.50000000000011 70.500000000000014 801.50000000000011 423.50000000000006 168.50000000000003 16.650000000000002 875.50000000000011 858.50000000000011 613.50000000000011 24.650000000000002 59.500000000000007 908.50000000000011 19.750000000000004 714.50000000000011 85.500000000000014 18.500000000000004 23.500000000000004 52.500000000000007 26.550000000000004 650.50000000000011 478.50000000000006 948.50000000000011 4.5000000000000009 35.500000000000007 360.50000000000006 345.50000000000006 805.50000000000011 767.50000000000011 664.50000000000011
decision_type=2 2 2 2 2 2 2 2 2 2 2 2 2 2 2 2 2 2 2 2 2 2 2 2 2 2 2 2 2 2
left_child=2 4 -1 7 17 -4 -6 8 14 -8 11 12 -5 -13 27 20 -17 -2 19 -19 -11 -20 -12 24 -7 -26 -25 28 -3 -30
right_child=1 3 5 10 6 23 9 -9 -10 15 22 13 -14 -15 -16 16 -18 18 21 -21 -22 -23 -24 26 25 -27 -28 -29 29 -31
leaf_value=-1.0772658897380574 0.22398043510580612 2.0015889754292409 -0.53064983451441294 2.7334830182790757 0.75996805205275975 -2.1054320370609108 1.4027664658563037 3.7210154570284346 0.029838391890128452 1.9287790602651136 3.2317457377222163 1.7503498835997151 -1.4176835840398616 3.5347569502062273 2.5644304696494746 2.3629042122099135 -0.30719842910766604 0.30192667432578219 1.1993261161363786 1.3343374984222465 3.4943461507558826 3.0249311566352848 4.2806901205153691 0.12954448063659374 -0.35673434610926469 1.148700861632824 1.6063496562412809 0.66818646678218141 4.5255511957406993 2.273447238831293
leaf_weight=6963 292 658 607 120 224 22 812 42 24 58 487 33 22 144 461 36 24 332 162 128 52 22 63 488 262 40 35 27 20 21
leaf_count=6963 292 658 607 120 224 22 812 42 24 58 487 33 22 144 461 36 24 332 162 128 52 22 63 488 262 40 35 27 20 21
internal_value=1.72667e-08 1.82868 -0.926399 2.60117 1.06341 -0.20392 1.39349 2.24465 2.19344 1.538 3.11523 2.7072 2.09034 3.20207 2.23719 2.18392 1.29486 0.638116 0.825892 0.589206 2.66887 1.4176 3.3519 0.0302291 -0.289617 -0.157339 0.228375 2.02939 2.08197 3.37203
internal_weight=12681 4264 8417 2122 2142 1454 1206 1253 1211 982 869 319 142 177 1187 170 60 936 644 460 110 184 550 847 324 302 523 726 699 41
internal_count=12681 4264 8417 2122 2142 1454 1206 1253 1211 982 869 319 142 177 1187 170 60 936 644 460 110 184 550 847 324 302 523 726 699 41
is_linear=0
shrinkage=0.05


Tree=47
num_leaves=31
num_cat=0
split_feature=4 4 6 4 4 4 1 1 5 8 8 2 6 1 4 2 5 8 0 3 0 6 7 5 1 0 8 5 3 3
split_gain=7.75667e+06 654048 636148 115835 90805.5 57170.3 43797.7 40435.9 35885.8 69391.1 68083.5 35373.3 33119.4 29833.9 29417 28211.9 54714.6 28671.3 25073.1 27994.4 38815.6 37032 32843.7 23641.9 22130.3 22015.8 21619.4 21088.3 33339 22550.6
threshold=368.50000000000006 154.50000000000003 665.00000000000011 521.50000000000011 840.50000000000011 66.500000000000014 787.50000000000011 355.50000000000006 99.500000000000014 3.5000000000000004 4.5000000000000009 35.500000000000007 830.50000000000011 468.50000000000006 321.50000000000006 41.500000000000007 58.500000000000007 3.5000000000000004 26.050000000000004 19.500000000000004 22.250000000000004 540.50000000000011 12.500000000000002 32.500000000000007 963.50000000000011 20.250000000000004 3.5000000000000004 48.500000000000007 5.5000000000000009 45.500000000000007
decision_type=2 2 2 2 2 2 2 2 2 2 2 2 2 2 2 2 2 2 2 2 2 2 2 2 2 2 2 2 2 2
left_child=1 5 3 18 8 -1 15 26 12 -10 -11 -9 -4 25 -15 16 -5 -17 19 -2 21 23 -22 -21 -6 -13 -3 28 -14 -29
right_child=2 7 4 6 24 -7 -8 11 9 10 -12 13 27 14 -16 17 -18 -19 -20 20 22 -23 -24 -25 -26 -27 -28 29 -30 -31
leaf_value=-1.0253438096820231 0.50525670906973219 -0.26636284673769101 2.3016002495350834 1.4972199280294904 3.0009810705235935 -0.52043616442528906 3.3511397484021312 -1.1701872944831848 3.5525908827781678 -0.91838011410501275 2.1566886956493061 0.072799363992746599 3.0555819533552442 2.8237985328716393 0.53747437223792083 1.4157554730605892 -0.68162453770637521 2.0577129675057328 1.3348050285362807 0.48839865620680079 1.1491103092829387 2.8240615897708472 -1.4158979186644922 1.4503729368814016 4.0037774300966111 1.0877951720007906 0.20666015382477118 3.1570340958852618 0.78410587083725702 5.0489809217907142
leaf_weight=6929 394 357 827 163 561 610 39 23 28 36 36 103 70 34 24 301 35 412 305 97 24 36 26 187 61 111 747 63 21 21
leaf_count=6929 394 357 827 163 561 610 39 23 28 36 36 103 70 34 24 301 35 412 305 97 24 36 26 187 61 111 747 63 21 21
internal_value=-1.08452e-08 -0.800241 1.91091 1.30858 2.61632 -0.98449 1.71032 0.192653 2.3437 1.44052 0.619154 0.712671 2.43383 0.871883 1.87773 1.64008 1.11207 1.7867 0.951555 0.798556 1.11088 1.31331 -0.184694 1.12181 3.09933 0.599269 0.0536989 3.05874 2.5314 3.63002
internal_weight=12681 8938 3743 2019 1724 7539 950 1399 1102 100 72 295 1002 272 58 911 198 713 1069 764 370 320 50 284 622 214 1104 175 91 84
internal_count=12681 8938 3743 2019 1724 7539 950 1399 1102 100 72 295 1002 272 58 911 198 713 1069 764 370 320 50 284 622 214 1104 175 91 84
is_linear=0
shrinkage=0.05


Tree=48
num_leaves=31
num_cat=0
split_feature=4 4 4 6 4 4 0 0 6 1 6 5 5 1 3 0 1 4 8 2 1 2 8 6 7 2 2 6 1 1
split_gain=7.0075e+06 822094 296829 122993 102596 42028.1 39598.6 39070.4 37499.2 27353.9 27216.8 32259.8 27273.4 26548.9 26014.7 44130.9 30296 22361.3 22359.7 23038.5 42054.8 30125 38793.5 21312.5 21085 20747.3 19963.6 21597.4 19821.6 22149.6
threshold=283.50000000000006 599.50000000000011 70.500000000000014 830.50000000000011 423.50000000000006 701.50000000000011 16.650000000000002 19.750000000000004 210.50000000000003 624.50000000000011 650.50000000000011 60.500000000000007 85.500000000000014 235.50000000000003 52.500000000000007 26.050000000000004 478.50000000000006 884.50000000000011 5.5000000000000009 61.500000000000007 763.50000000000011 33.500000000000007 4.5000000000000009 692.50000000000011 12.500000000000002 74.500000000000014 56.500000000000007 629.50000000000011 963.50000000000011 752.50000000000011
decision_type=2 2 2 2 2 2 2 2 2 2 2 2 2 2 2 2 2 2 2 2 2 2 2 2 2 2 2 2 2 2
left_child=2 4 -1 5 14 18 25 -5 13 26 11 -11 -12 -4 15 -2 -16 -7 19 20 21 -3 23 -23 -21 -6 -8 -28 29 -9
right_child=1 3 8 7 6 17 9 28 -10 10 12 -13 -14 -15 16 -17 -18 -19 -20 24 -22 22 -24 -25 -26 -27 27 -29 -30 -31
leaf_value=-0.97225867942499633 0.15635627117931597 2.8549857199192048 -0.45447905131986643 1.0996678779522577 0.5236575573538812 2.2734489341925461 1.0455577486862497 4.1894497998555504 0.11527615508066176 1.4572895531853041 2.3540380514249573 3.8373443935598646 0.50706403408295075 1.0361183081903766 0.84696368426215085 1.0158459293966493 2.7954650022766807 3.6681424649556478 2.1031470919221533 3.0422546808536239 -0.90506159237452932 1.1747005992029844 -0.77750424525954509 2.5942773038690743 1.5716870472981381 2.2100693142414096 1.4525019049542409 3.1326657736301424 3.8035885971100605 2.7991242028456038
leaf_weight=6963 484 32 821 30 207 684 410 30 602 24 41 35 39 31 214 216 22 30 279 39 21 133 22 33 65 20 438 20 61 635
leaf_count=6963 484 32 821 30 207 684 410 30 602 24 41 35 39 31 214 216 22 30 279 39 21 133 22 33 65 20 438 20 61 635
internal_value=1.53043e-08 1.65137 -0.836575 2.35812 0.969377 2.07008 1.2688 2.86791 -0.186803 1.40328 2.05448 2.86919 1.45364 -0.400244 0.574626 0.42157 1.0286 2.33205 1.77032 1.50117 1.23276 1.43682 1.19543 1.45691 2.12315 0.67224 1.299 1.52587 2.94097 2.86185
internal_weight=12681 4264 8417 2094 2170 1338 1234 756 1454 1007 139 59 80 852 936 700 236 714 624 345 241 220 188 166 104 227 868 458 726 665
internal_count=12681 4264 8417 2094 2170 1338 1234 756 1454 1007 139 59 80 852 936 700 236 714 624 345 241 220 188 166 104 227 868 458 726 665
is_linear=0
shrinkage=0.05


Tree=49
num_leaves=31
num_cat=0
split_feature=4 4 6 4 4 4 1 6 5 8 8 5 6 2 5 5 5 7 6 0 8 8 6 6 0 5 2 2 5 1
split_gain=6.32492e+06 582668 488255 84947.2 73106.3 47665.9 37078.7 34546.5 29294.6 59558.9 64095.4 29921.6 30628.5 25382 49976.9 24830.1 40076.9 31195.1 36707.8 28574.6 24703.7 23498 23537.9 88583.6 22733.8 28871.4 28597.4 22332.6 23894.9 22195.7
threshold=379.50000000000006 154.50000000000003 665.00000000000011 521.50000000000011 831.50000000000011 20.500000000000004 787.50000000000011 345.50000000000006 99.500000000000014 3.5000000000000004 4.5000000000000009 37.500000000000007 872.50000000000011 41.500000000000007 58.500000000000007 99.500000000000014 85.500000000000014 13.500000000000002 468.50000000000006 18.850000000000005 3.5000000000000004 5.5000000000000009 928.50000000000011 948.50000000000011 29.450000000000003 28.500000000000004 59.500000000000007 50.500000000000007 18.500000000000004 600.50000000000011
decision_type=2 2 2 2 2 2 2 2 2 2 2 2 2 2 2 2 2 2 2 2 2 2 2 2 2 2 2 2 2 2
left_child=1 5 3 27 8 -1 13 -3 11 -10 -11 24 29 14 -5 16 -9 18 -17 -18 -15 22 -6 -24 25 -4 -27 -2 -29 -13
right_child=2 7 4 6 21 -7 -8 15 9 10 -12 12 -14 20 -16 17 19 -19 -20 -21 -22 -23 23 -25 -26 26 -28 28 -30 -31
leaf_value=-0.94203099614847652 0.53261465204945524 0.044324502638336899 1.8911140999584288 1.348840312540897 2.6446384517320123 -0.59172977773887492 3.0559228200178881 0.56166862394327322 3.2763885886580861 -1.0448436105952543 1.9823598252402412 3.4415876134847987 3.4392941297853699 1.2763198593130145 -0.73353781223297121 0.27854644315583366 3.257622810510489 0.75676979812708778 -2.3862620027114949 0.8382240171017854 1.8722070596533493 3.0488521636351127 -0.45814167835094316 3.8717372258504237 2.3596497665519363 -0.44264975806077322 1.6903255603530192 0.54913311063238746 1.2253478368103141 2.193857514242763
leaf_weight=6394 311 1076 216 163 251 1145 39 257 27 34 36 39 68 301 35 28 26 55 24 23 412 364 27 21 163 30 33 178 491 414
leaf_count=6394 311 1076 216 163 251 1145 39 257 27 34 36 39 68 301 35 28 26 55 24 23 412 364 27 21 163 30 33 178 491 414
internal_value=-1.02319e-08 -0.710313 1.75546 1.20929 2.36726 -0.888828 1.5462 0.193533 2.10968 1.28147 0.512004 2.1931 2.44981 1.48157 0.980743 0.58227 0.811523 -0.0733519 -0.951365 2.12199 1.62065 2.77907 2.45064 1.43618 1.89051 1.61642 0.674623 0.882688 1.04543 2.30128
internal_weight=12681 9028 3653 1930 1723 7539 950 1489 1060 97 70 963 521 911 198 413 306 107 52 49 713 663 299 48 442 279 63 980 669 453
internal_count=12681 9028 3653 1930 1723 7539 950 1489 1060 97 70 963 521 911 198 413 306 107 52 49 713 663 299 48 442 279 63 980 669 453
is_linear=0
shrinkage=0.05


Tree=50
num_leaves=31
num_cat=0
split_feature=4 4 1 4 6 1 0 6 1 2 0 4 1 3 6 1 0 0 5 1 5 5 5 4 5 4 1 0 1 2
split_gain=5.71377e+06 651045 266292 94836.8 84575.8 38212.8 34817.4 33653 31537.8 29159.1 34455.9 27793.4 25903.8 54785.8 33210.3 25486.4 24877.3 24664.6 35496.1 21758.9 20924.7 23000.2 20293.8 19532.5 24695.6 19117.4 18670.2 26168.4 18046.4 23805
threshold=293.50000000000006 624.50000000000011 134.50000000000003 471.50000000000006 830.50000000000011 468.50000000000006 19.750000000000004 770.50000000000011 2.5000000000000004 72.500000000000014 15.850000000000003 701.50000000000011 401.50000000000006 57.500000000000007 581.50000000000011 787.50000000000011 19.650000000000002 17.650000000000002 99.500000000000014 494.50000000000006 79.500000000000014 60.500000000000007 68.500000000000014 214.50000000000003 81.500000000000014 884.50000000000011 702.50000000000011 22.850000000000005 752.50000000000011 29.500000000000004
decision_type=2 2 2 2 2 2 2 2 2 2 2 2 2 2 2 2 2 2 2 2 2 2 2 2 2 2 2 2 2 2
left_child=2 3 8 9 11 16 -6 17 -1 10 20 15 -12 14 -14 -3 -4 18 -5 -15 21 -2 -11 -18 -25 -13 -19 -28 -8 -30
right_child=1 4 5 7 6 -7 28 -9 -10 22 12 25 13 19 -16 -17 23 26 -20 -21 -22 -23 -24 24 -26 -27 27 -29 29 -31
leaf_value=-0.90476609902074712 -0.17315559997830704 1.6973770143095075 -0.32706478028192787 1.0019592862091542 0.92584084351857499 1.6580506288644039 3.8647737439473469 3.1250390013058982 -0.63970167555120794 0.90831628746174753 0.35186614579912778 2.0580038726678369 0.80068820719280209 1.6317398076057434 -0.92226038535436006 -0.046559792215173895 -0.10237831200678318 1.3128594488670002 -1.0445412318343701 3.5830981437116862 0.85059412325683403 -2.0439910697937012 2.2303182678563256 0.28536856193362808 1.7032455325954492 3.3475733439127602 3.3780080367017677 1.1766443623436822 1.1840421582971301 2.6722183981209415
leaf_weight=6007 92 439 497 269 30 33 30 24 1380 94 398 684 413 50 30 22 313 709 23 20 38 20 42 209 36 30 27 27 28 667
leaf_count=6007 92 439 497 269 30 33 30 24 1380 94 398 684 413 50 30 22 313 709 23 20 38 20 42 209 36 30 27 27 28 667
internal_value=1.03206e-08 1.50657 -0.747686 0.933731 2.18211 -0.0173907 2.59502 1.27368 -0.855248 0.627298 0.538945 1.91679 0.654564 0.889406 0.68401 1.61415 -0.0697979 1.23156 0.840762 2.18927 -0.16325 -0.507233 1.31658 0.159345 0.49371 2.11219 1.38112 2.27733 2.66409 2.61226
internal_weight=12681 4206 8475 2276 1930 1088 755 1079 7387 1197 1061 1175 911 513 443 461 1055 1055 292 70 150 112 136 558 245 714 763 54 725 695
internal_count=12681 4206 8475 2276 1930 1088 755 1079 7387 1197 1061 1175 911 513 443 461 1055 1055 292 70 150 112 136 558 245 714 763 54 725 695
is_linear=0
shrinkage=0.05


Tree=51
num_leaves=31
num_cat=0
split_feature=4 4 4 1 6 2 2 7 3 0 4 5 6 0 4 5 3 1 4 3 1 1 3 5 3 3 4 5 8 5
split_gain=5.15798e+06 607340 220234 97610.2 76329.6 38099.4 34838.1 34595.8 117670 31422.7 31204.7 30721.5 28930.8 28238 25570.8 29516.3 41148.8 39521.2 25083.5 23466.1 99840.7 23142.7 22433.2 19220 18789.8 23015.8 18234.5 26072.8 44046.4 112453
threshold=283.50000000000006 624.50000000000011 66.500000000000014 527.50000000000011 830.50000000000011 72.500000000000014 41.500000000000007 13.500000000000002 7.5000000000000009 19.750000000000004 403.50000000000006 57.500000000000007 210.50000000000003 24.150000000000002 403.50000000000006 93.500000000000014 17.500000000000004 737.50000000000011 701.50000000000011 47.500000000000007 677.50000000000011 235.50000000000003 17.500000000000004 63.500000000000007 52.500000000000007 41.500000000000007 957.50000000000011 37.500000000000007 5.5000000000000009 29.500000000000004
decision_type=2 2 2 2 2 2 2 2 2 2 2 2 2 2 2 2 2 2 2 2 2 2 2 2 2 2 2 2 2 2
left_child=2 3 -1 5 18 10 7 8 -5 -6 13 -7 21 24 -8 17 -17 -16 19 -3 23 -4 -9 -21 25 -2 27 28 29 -11
right_child=1 4 12 6 9 11 14 22 -10 26 -12 -13 -14 -15 15 16 -18 -19 -20 20 -22 -23 -24 -25 -26 -27 -28 -29 -30 -31
leaf_value=-0.8362554804061878 -0.017899458692567486 1.7283746030213127 -0.39621396945675086 1.3111650726795199 0.87954880078633624 0.73767234707365237 2.9952889155458524 0.83921196880163973 -2.8358767014283401 2.1031762067918427 0.7873584135427516 2.0581861616671087 0.10164135124695262 0.77670641066335622 1.4750813648431187 1.53754705414176 -0.66479778550565249 3.6890651089804516 2.0065780837459264 1.3391163597846854 -1.6805612598146713 0.99447500474991346 2.7038746502088467 3.1365984725952152 0.57222029561870291 -1.770808411240578 3.4942800874295443 2.8565021125358028 2.5639483260611695 -1.8956106276739213
leaf_weight=6929 294 355 855 50 30 98 27 54 26 108 698 80 602 218 502 48 38 21 714 58 28 31 23 20 137 20 46 262 288 21
leaf_count=6929 294 355 855 50 30 98 27 54 26 108 698 80 602 218 502 48 38 21 714 58 28 31 23 20 137 20 46 262 288 21
internal_value=9.43119e-09 1.41678 -0.717733 0.87415 2.073 0.643081 1.32662 0.649229 -0.10756 2.46527 0.553485 1.33116 -0.165824 0.309473 1.48958 1.42283 0.564418 1.56398 1.82095 1.53344 0.880613 -0.347556 1.39619 1.80001 0.0836265 -0.12955 2.53089 2.46562 2.22003 1.45221
internal_weight=12681 4264 8417 2334 1930 1545 789 153 76 755 1367 178 1488 669 636 609 86 523 1175 461 106 886 77 78 451 314 725 679 417 129
internal_count=12681 4264 8417 2334 1930 1545 789 153 76 755 1367 178 1488 669 636 609 86 523 1175 461 106 886 77 78 451 314 725 679 417 129
is_linear=0
shrinkage=0.05


Tree=52
num_leaves=31
num_cat=0
split_feature=4 4 6 4 4 4 1 4 0 0 6 1 5 3 0 2 5 8 5 3 3 0 5 0 0 2 5 4 5 5
split_gain=4.6577e+06 428555 362317 64227.5 55665.9 30806.9 30556.1 28098.8 31691.8 23262.2 34637.6 23971.4 30776.1 27408.8 32693.3 21680.5 43195.3 21324.4 21101.3 22476.5 21682.6 41732.8 29351.4 20448.4 20360.8 19129.8 20127.1 18842.7 20365.4 32974.1
threshold=379.50000000000006 140.50000000000003 665.00000000000011 521.50000000000011 840.50000000000011 3.5000000000000004 787.50000000000011 248.50000000000003 16.050000000000004 29.550000000000004 911.50000000000011 594.50000000000011 49.500000000000007 94.500000000000014 22.950000000000003 41.500000000000007 58.500000000000007 3.5000000000000004 29.500000000000004 25.500000000000004 90.500000000000014 19.650000000000002 82.500000000000014 26.650000000000002 21.650000000000002 50.500000000000007 18.500000000000004 934.50000000000011 36.500000000000007 68.500000000000014
decision_type=2 2 2 2 2 2 2 2 2 2 2 2 2 2 2 2 2 2 2 2 2 2 2 2 2 2 2 2 2 2
left_child=1 5 3 25 9 -1 15 -3 -9 10 11 12 -4 -13 -15 16 -5 -17 -10 23 22 -22 -21 -20 -23 -2 -27 28 -6 -30
right_child=2 7 4 6 27 -7 -8 8 18 -11 -12 13 -14 14 -16 17 -18 -19 19 20 21 24 -24 -25 -26 26 -28 -29 29 -31
leaf_value=-0.81677378720190852 0.42795124577412269 -0.086453789881496726 1.2647994744366615 1.1495684984637184 2.041952078884298 -0.55665889033136329 2.6994116257398559 -0.24298885322742814 0.090046006392582631 2.157203492804038 3.6179934870113026 1.6074430951123757 3.4155977921608169 1.5516667329031846 -0.94311555027961735 1.0788520434840376 -0.78637641157422755 1.6324839924760526 0.081007949732287088 0.86353188118627 -0.76684064235952176 2.6535185478982473 2.5304791442725971 1.0207381631108536 0.42439191073179244 0.44708083693900802 1.0676971287460897 2.9129562516903711 3.0597059748475512 0.96177885749123326
leaf_weight=6052 311 732 29 163 330 1402 39 184 213 349 22 609 39 29 24 301 35 412 173 62 36 21 46 87 20 178 491 144 126 22
leaf_count=6052 311 732 29 163 330 1402 39 184 213 349 22 609 39 29 24 301 35 412 173 62 36 21 46 87 20 178 491 144 126 22
internal_value=-2.24506e-08 -0.609548 1.50643 1.03594 2.03345 -0.76785 1.3289 0.140121 0.337096 1.81984 1.66327 1.60436 2.49835 1.51253 0.421954 1.27022 0.807356 1.39876 0.499308 0.695202 1.11647 0.475396 1.57353 0.395456 1.56614 0.751952 0.902571 2.41156 2.26052 2.74785
internal_weight=12681 9028 3653 1930 1723 7454 950 1574 842 1101 752 730 68 662 53 911 198 713 658 445 185 77 108 260 41 980 669 622 478 148
internal_count=12681 9028 3653 1930 1723 7454 950 1574 842 1101 752 730 68 662 53 911 198 713 658 445 185 77 108 260 41 980 669 622 478 148
is_linear=0
shrinkage=0.05


Tree=53
num_leaves=31
num_cat=0
split_feature=4 6 4 6 1 2 5 6 5 5 3 3 6 1 6 1 0 0 2 0 4 5 5 0 3 0 0 4 8 3
split_gain=4.20357e+06 387827 327274 67825.3 36314.9 35824.6 81644 28913.2 27738.7 42912.3 27451.2 38224.2 39189.1 27302.7 34390.5 25740.8 25687.5 26155.7 43010.8 24615.2 23535.4 27775.5 43463.9 31425.3 45369 22239.9 20590.6 52677.2 26249.8 24465.3
threshold=379.50000000000006 138.50000000000003 714.50000000000011 556.50000000000011 930.50000000000011 35.500000000000007 68.500000000000014 345.50000000000006 99.500000000000014 85.500000000000014 6.5000000000000009 92.500000000000014 453.50000000000006 621.50000000000011 465.50000000000006 2.5000000000000004 14.950000000000001 17.250000000000004 64.500000000000014 18.850000000000005 942.50000000000011 37.500000000000007 35.500000000000007 18.150000000000002 36.500000000000007 17.650000000000002 18.350000000000005 549.50000000000011 9.5000000000000018 88.500000000000014
decision_type=2 2 2 2 2 2 2 2 2 2 2 2 2 2 2 2 2 2 2 2 2 2 2 2 2 2 2 2 2 2
left_child=1 15 3 13 5 6 -4 -3 9 -9 -10 25 -13 -2 -15 -1 -5 18 -18 -11 21 22 -7 -23 -25 -12 27 -19 29 -28
right_child=2 7 4 16 -6 20 -8 8 10 19 11 12 -14 14 -16 -17 17 26 -20 -21 -22 23 -24 24 -26 -27 28 -29 -30 -31
leaf_value=-0.77688503082806282 0.74924881723643355 -0.0035440253075685797 1.7845012611653432 0.27075676201087123 2.6504907150002364 1.8808215029943232 -1.5820248873337457 0.45807607507311421 -1.5408952236175537 3.0780346923404274 0.19058013272285462 0.67482262741435661 -2.3095739982344887 3.4836312430245537 0.73897189652919781 -0.53956614856157403 1.6334278022186668 -1.6015035095668975 4.1792934258778898 0.92257093661106548 3.5658036708831791 0.65423023517315215 -0.00719594918191433 2.1720028111468195 3.6138520210981371 2.3449617551720663 1.4048852230502684 1.334950875863433 0.7575351553962385 2.326563731553378
leaf_weight=6007 1128 1180 83 53 206 643 23 257 28 27 25 22 22 21 25 1411 79 21 21 26 24 26 32 276 68 23 648 56 139 81
leaf_count=6007 1128 1180 83 53 206 643 23 257 28 27 25 22 22 21 25 1411 79 21 21 26 24 26 32 276 68 23 648 56 139 81
internal_value=-8.52612e-09 -0.579071 1.43111 1.06214 2.03814 1.93078 1.05403 0.124364 0.475368 0.725224 -0.170091 0.24711 -0.817376 0.797941 1.99197 -0.731744 1.34462 1.39909 2.16806 2.02064 2.01772 1.98217 1.79132 2.33034 2.45702 1.22289 1.31771 0.5341 1.38723 1.50729
internal_weight=12681 9028 3653 2272 1381 1175 106 1610 430 310 120 92 44 1174 46 7418 1098 1045 100 53 1069 1045 675 370 344 48 945 77 868 729
internal_count=12681 9028 3653 2272 1381 1175 106 1610 430 310 120 92 44 1174 46 7418 1098 1045 100 53 1069 1045 675 370 344 48 945 77 868 729
is_linear=0
shrinkage=0.05


Tree=54
num_leaves=31
num_cat=0
split_feature=4 4 4 1 4 2 2 7 3 0 5 0 2 1 0 2 3 0 1 1 3 2 0 4 4 6 0 8 4 3
split_gain=3.79813e+06 448836 163470 73293.4 57940.8 33193.3 29217 30219 104692 27517.1 26494.4 24666.8 28245 47354.6 42582.8 117735 67860.3 43547.2 31374.2 26719.1 25527.8 47856.2 40915.6 24095.2 26504.4 22460.3 21968 21481.9 39415.4 20033.7
threshold=283.50000000000006 624.50000000000011 66.500000000000014 527.50000000000011 831.50000000000011 72.500000000000014 41.500000000000007 13.500000000000002 7.5000000000000009 15.850000000000003 57.500000000000007 26.750000000000004 59.500000000000007 783.50000000000011 22.850000000000005 55.500000000000007 85.500000000000014 19.950000000000003 779.50000000000011 755.50000000000011 47.500000000000007 70.500000000000014 19.550000000000004 403.50000000000006 436.50000000000006 245.50000000000003 23.350000000000005 2.5000000000000004 533.50000000000011 17.500000000000004
decision_type=2 2 2 2 2 2 2 2 2 2 2 2 2 2 2 2 2 2 2 2 2 2 2 2 2 2 2 2 2 2
left_child=2 3 -1 5 11 9 7 8 -5 -2 -7 12 14 20 17 16 -16 18 -3 -19 -14 22 -22 -8 -25 -4 -15 28 -26 -9
right_child=1 4 25 6 -6 10 23 29 -10 -11 -12 -13 13 26 15 -17 -18 19 -20 -21 21 -23 -24 24 27 -27 -28 -29 -30 -31
leaf_value=-0.71800909389586209 -0.045414798133648362 1.4030262262507041 -0.2501456850475437 1.151922788143158 2.1467311969617255 0.64015527007227047 2.7522131067735178 0.69278558542331059 -2.7597435066333187 0.56393553802376228 1.8664609893830495 1.8221595335357172 1.8291979977162556 2.2907602697247413 1.4134554459290072 -2.9918347517649337 -1.7118872547149657 1.8717137652635576 -0.53804001907507581 3.9819711605707804 -1.4785854312458211 2.5450715637725332 1.4028527099977841 -0.56424536347389231 -1.2516690546816047 0.20345517920951051 4.249297965656627 1.4223064330436899 1.1480701872280665 2.454906407646511
leaf_weight=6929 221 157 1128 50 691 98 27 54 26 1146 80 557 128 41 132 21 20 40 24 24 28 23 22 20 22 360 22 490 77 23
leaf_count=6929 221 157 1128 50 691 98 27 54 26 1146 80 557 128 41 132 21 20 40 24 24 28 23 22 20 22 360 22 490 77 23
internal_value=-8.39553e-09 1.21576 -0.615897 0.749281 1.77989 0.549052 1.14136 0.52102 -0.186279 0.465423 1.1913 1.5753 1.37368 1.77857 1.11796 0.517398 1.00223 1.54203 1.14565 2.66306 1.40366 0.657521 -0.210753 1.2906 1.2258 -0.140404 2.97469 1.28658 0.614795 1.21913
internal_weight=12681 4264 8417 2334 1930 1545 789 153 76 1367 178 1239 682 264 418 173 152 245 181 64 201 73 50 636 609 1488 63 589 99 77
internal_count=12681 4264 8417 2334 1930 1545 789 153 76 1367 178 1239 682 264 418 173 152 245 181 64 201 73 50 636 609 1488 63 589 99 77
is_linear=0
shrinkage=0.05


Tree=55
num_leaves=31
num_cat=0
split_feature=4 4 6 4 2 5 1 1 4 1 2 2 0 0 5 0 5 1 3 0 0 4 8 0 1 1 3 1 0 3
split_gain=3.4353e+06 316162 268875 69984.9 34115.3 128159 57148 31551.9 28206.1 26454.4 26111.5 45830.1 110708 24508.9 38473.5 23612 23271.1 23022.8 42303.4 31188.2 27517.2 21952.7 19858.4 44088.3 43546.8 37324.6 23640.4 19560.8 33957.8 24373.3
threshold=379.50000000000006 154.50000000000003 741.50000000000011 568.50000000000011 40.500000000000007 74.500000000000014 737.50000000000011 930.50000000000011 701.50000000000011 4.5000000000000009 59.500000000000007 56.500000000000007 24.650000000000002 19.750000000000004 55.500000000000007 18.350000000000005 21.500000000000004 673.50000000000011 85.500000000000014 24.450000000000003 20.250000000000004 742.50000000000011 4.5000000000000009 21.750000000000004 468.50000000000006 304.50000000000006 25.500000000000004 260.50000000000006 16.050000000000004 50.500000000000007
decision_type=2 2 2 2 2 2 2 2 2 2 2 2 2 2 2 2 2 2 2 2 2 2 2 2 2 2 2 2 2 2
left_child=1 9 3 15 5 21 -6 10 -8 -1 11 17 -13 14 -12 -2 -17 -4 20 -20 -19 -5 23 24 -3 -25 -26 -24 -29 -30
right_child=2 22 7 4 6 -7 8 -9 -10 -11 13 12 -14 -15 -16 16 -18 18 19 -21 -22 -23 27 25 26 -27 -28 28 29 -31
leaf_value=-0.69992661329847095 0.45396093652832958 -0.078504383676255313 3.097759252587954 0.89923381064681041 1.2460040943275941 -2.5820798956430875 4.1327613413333895 2.427887414849323 2.0808421137263475 -0.45979311536666878 2.1282319336226494 -1.5196158023980948 1.7101210163300296 2.1717284170511255 -0.57114714492451069 0.52469003446533213 1.0891293852868535 0.43813006316914277 1.5081645083427428 -1.2841555738449097 1.9161120188948144 2.3012851224626814 0.029006990402399058 -0.18886146112484858 0.3361477509788845 -2.9798255977423298 2.5573305535316471 -1.4545033318655831 0.44807562756814195 1.4677473365396694
leaf_weight=6128 495 540 30 138 701 26 20 207 103 1411 33 39 83 415 22 280 525 34 20 20 427 35 374 25 23 23 25 21 389 69
leaf_count=6128 495 540 30 138 701 26 20 207 103 1411 33 39 83 415 22 280 525 34 20 20 427 35 374 25 23 23 25 21 389 69
internal_value=-9.97418e-09 -0.523485 1.29374 0.969157 1.27853 0.690981 1.42043 1.86065 2.41449 -0.654983 1.7561 1.55155 0.677664 2.04028 1.04848 0.725705 0.892803 1.75233 1.67177 0.112004 1.80711 1.18289 0.142307 -0.0691592 0.0497828 -1.5262 1.49301 0.299977 0.511548 0.601694
internal_weight=12681 9028 3653 2323 1023 199 824 1330 123 7539 1123 653 122 470 55 1300 805 531 501 40 461 173 1489 636 588 48 48 853 479 458
internal_count=12681 9028 3653 2323 1023 199 824 1330 123 7539 1123 653 122 470 55 1300 805 531 501 40 461 173 1489 636 588 48 48 853 479 458
is_linear=0
shrinkage=0.05


Tree=56
num_leaves=31
num_cat=0
split_feature=4 4 6 4 2 5 1 1 0 6 2 2 0 4 0 5 3 1 3 0 5 1 8 0 1 1 3 1 0 3
split_gain=3.10035e+06 285336 242660 63314.9 32642.6 113708 53571.6 28475.5 24485.9 24385.7 23565.6 41361.7 99913.5 22358.3 22119.3 34722.3 22102 20824.6 41907.7 24918.5 19753.3 17949.9 17922.2 39789.7 39301 33685.4 21335.5 17653.6 31380.4 28673.6
threshold=379.50000000000006 154.50000000000003 741.50000000000011 560.50000000000011 40.500000000000007 74.500000000000014 816.50000000000011 930.50000000000011 18.350000000000005 49.500000000000007 59.500000000000007 56.500000000000007 24.650000000000002 661.50000000000011 19.750000000000004 55.500000000000007 17.500000000000004 677.50000000000011 85.500000000000014 20.250000000000004 21.500000000000004 737.50000000000011 4.5000000000000009 21.750000000000004 468.50000000000006 304.50000000000006 25.500000000000004 260.50000000000006 16.750000000000004 50.500000000000007
decision_type=2 2 2 2 2 2 2 2 2 2 2 2 2 2 2 2 2 2 2 2 2 2 2 2 2 2 2 2 2 2
left_child=1 9 3 8 5 13 21 10 16 -1 11 17 -13 -5 15 -12 -2 -4 19 -19 -10 -6 23 24 -3 -25 -26 -24 -29 -30
right_child=2 22 7 4 6 -7 -8 -9 20 -11 14 12 -14 -15 -16 -17 -18 18 -20 -21 -22 -23 27 25 26 -27 -28 28 29 -31
leaf_value=-0.65369187157198472 -0.0080631817279733387 -0.074579169997876435 2.9011948119848969 0.55725496608960001 1.1796156595939318 -2.4529758939376247 3.3459191674366595 2.3064930574185607 0.50635405771683584 -0.36517510303112605 2.0218203205050846 -1.4436349697602102 1.6246149583394272 1.6734877580754899 2.063142003399062 -0.54258975982666013 0.68318298031442937 0.41622357298346135 0.011756020325880785 1.822808518739933 1.0362526923674709 1.9237742035271048 0.027556639737673701 -0.17941839901357892 0.31934041147646697 -2.8308342923288761 2.4294639806747438 -1.0796783544619879 0.42766965875764945 1.5705840792041272
leaf_weight=6717 197 540 32 95 740 26 32 207 269 822 33 39 83 85 415 22 280 34 39 426 508 91 374 25 23 23 25 30 385 64
leaf_count=6717 197 540 32 95 740 26 32 207 269 822 33 39 83 85 415 22 280 34 39 426 508 91 374 25 23 23 25 30 385 64
internal_value=7.94634e-09 -0.497311 1.22905 0.9207 1.20342 0.637904 1.33841 1.76762 0.679688 -0.622234 1.66829 1.47398 0.643781 1.08436 1.93827 0.996056 0.3977 1.66472 1.58542 1.71884 0.8528 1.26111 0.135191 -0.0657012 0.0472937 -1.44989 1.41836 0.284978 0.48597 0.59058
internal_weight=12681 9028 3653 2323 1069 206 863 1330 1254 7539 1123 653 122 180 470 55 477 531 499 460 777 831 1489 636 588 48 48 853 479 449
internal_count=12681 9028 3653 2323 1069 206 863 1330 1254 7539 1123 653 122 180 470 55 477 531 499 460 777 831 1489 636 588 48 48 853 479 449
is_linear=0
shrinkage=0.05


Tree=57
num_leaves=31
num_cat=0
split_feature=4 6 6 4 2 5 1 1 2 2 0 0 8 1 6 3 6 0 5 3 4 1 3 0 0 6 6 1 5 5
split_gain=2.79807e+06 258095 219001 57195.5 27546.1 103572 48875.8 25699.2 21268 37328.9 90172 20919.5 54750.2 25868.3 42294.6 27438.5 23690.3 20618.7 20261.4 20035 19514.2 18816.6 34395.4 28300.9 22404.5 18099 23240.6 17750.3 17092 16804.7
threshold=379.50000000000006 138.50000000000003 741.50000000000011 555.50000000000011 40.500000000000007 74.500000000000014 816.50000000000011 930.50000000000011 59.500000000000007 56.500000000000007 24.650000000000002 19.650000000000002 11.500000000000002 484.50000000000006 468.50000000000006 17.500000000000004 426.50000000000006 18.350000000000005 98.500000000000014 17.500000000000004 742.50000000000011 673.50000000000011 85.500000000000014 24.450000000000003 20.250000000000004 497.50000000000006 453.50000000000006 1.5000000000000002 21.500000000000004 44.500000000000007
decision_type=2 2 2 2 2 2 2 2 2 2 2 2 2 2 2 2 2 2 2 2 2 2 2 2 2 2 2 2 2 2
left_child=1 27 3 17 5 20 29 8 9 21 -11 13 25 14 16 -15 -3 19 -10 -2 -5 -4 24 -24 -23 26 -13 -1 -19 -6
right_child=2 11 7 4 6 -7 -8 -9 18 10 -12 12 -14 15 -16 -17 -18 28 -20 -21 -22 22 23 -25 -26 -27 -28 -29 -30 -31
leaf_value=-0.63542661218808316 -0.01089290888893172 -0.15066469160065432 2.797811593214671 0.79222036908004467 1.0415888713368076 -2.3303270522469228 3.1786231860518459 2.1911683962684898 1.914105869749827 -1.371453261986757 1.5433842115822327 0.20901728294156877 2.6277209497988228 -0.15833652351051569 -2.2188671012719472 2.4607528305053714 1.1836622786521911 0.47693169654318784 0.35992011590437456 0.65268985783069366 2.1025464739118305 0.39541241912280811 1.4321684503555299 -1.227759166955948 1.7290397141102607 1.6193854895505038 -1.5172897750139238 -0.44134539121557775 0.97528366956837209 1.5249961454738943
leaf_weight=5949 193 671 30 151 593 26 32 207 448 39 83 774 24 20 24 20 35 264 22 277 35 34 20 20 427 22 20 1469 494 258
leaf_count=5949 193 671 30 151 593 26 32 207 448 39 83 774 24 20 24 20 35 264 22 277 35 34 20 20 427 22 20 1469 494 258
internal_value=-6.30296e-09 -0.472445 1.1676 0.874665 1.1374 0.625594 1.26028 1.67924 1.58488 1.40028 0.611592 0.101399 0.273959 -0.0868472 -0.154686 1.15121 -0.0845153 0.640385 1.84136 0.380197 1.03879 1.58148 1.50865 0.102205 1.63068 0.20473 0.165533 -0.596992 0.801715 1.18814
internal_weight=12681 9028 3653 2323 1095 212 883 1330 1123 653 122 1610 840 770 730 40 706 1228 470 470 186 531 501 40 461 816 794 7418 758 851
internal_count=12681 9028 3653 2323 1095 212 883 1330 1123 653 122 1610 840 770 730 40 706 1228 470 470 186 531 501 40 461 816 794 7418 758 851
is_linear=0
shrinkage=0.05


Tree=58
num_leaves=31
num_cat=0
split_feature=4 4 1 1 6 2 1 8 5 5 0 2 2 8 4 0 0 0 1 6 6 2 1 5 4 5 3 0 2 3
split_gain=2.53126e+06 293469 108305 51391.3 40616.1 26607 24579.2 37194.8 25962.3 53265 34303.5 26307.5 42786.1 40899.2 24355.3 20964.7 20589.3 23839.4 19946 19742.8 21752 19615.6 19052.6 38180.4 18465.8 18052.3 17699.5 17475.5 23044.2 37827.1
threshold=283.50000000000006 624.50000000000011 83.500000000000014 445.50000000000006 830.50000000000011 72.500000000000014 757.50000000000011 4.5000000000000009 96.500000000000014 84.500000000000014 16.550000000000004 59.500000000000007 40.500000000000007 2.5000000000000004 481.50000000000006 19.750000000000004 17.850000000000005 20.950000000000003 752.50000000000011 825.50000000000011 817.50000000000011 29.500000000000004 650.50000000000011 77.500000000000014 549.50000000000011 57.500000000000007 45.500000000000007 29.550000000000004 41.500000000000007 92.500000000000014
decision_type=2 2 2 2 2 2 2 2 2 2 2 2 2 2 2 2 2 2 2 2 2 2 2 2 2 2 2 2 2 2
left_child=2 3 -1 5 19 -2 8 -8 9 10 14 12 -10 -13 -5 -6 -14 -18 -17 20 27 -20 23 -12 -24 -7 -11 28 29 -3
right_child=1 4 -4 6 15 25 7 -9 11 26 22 13 16 -15 -16 18 17 -19 21 -21 -22 -23 24 -25 -26 -27 -28 -29 -30 -31
leaf_value=-0.58129086860393342 0.25137423588452062 0.92225064204274865 -0.092976409802867241 -1.3428432336220375 0.43956817468007414 0.48064062822432752 0.68896428656578068 3.5818561863899236 -1.0877153617995126 1.6735422452290853 0.90665257314217684 0.82249310521975816 0.28548220296700799 -2.0230802774429324 0.3785411734057933 3.0506957952181502 2.8308144595887925 0.66503209782143435 0.43744457619530819 -0.12526375770568848 2.385256704146212 1.7883387339031924 2.9546533143520359 -0.73711639256090733 1.2039347647154919 1.5810331905955701 3.5661710057939802 1.6353132281102178 1.2802365885993572 -1.2480415033257526
leaf_weight=7064 895 158 1353 26 30 84 25 20 28 30 781 23 39 28 98 30 27 24 28 25 44 667 20 37 61 67 21 234 691 23
leaf_count=7064 895 158 1353 26 30 84 25 20 28 30 781 23 39 28 98 30 27 24 28 25 44 667 20 37 61 67 21 234 691 23
internal_value=-7.99279e-09 0.992504 -0.502796 0.615304 1.44866 0.354955 0.826737 1.97469 0.785178 0.875823 0.797203 0.209122 0.619242 -0.739782 0.0176057 1.73481 1.1503 1.81162 1.7884 1.2648 1.29502 1.73391 0.904734 0.832301 1.63621 0.968894 2.45286 1.25164 1.14869 0.646468
internal_weight=12681 4264 8417 2334 1930 1046 1288 45 1243 1074 1023 169 118 51 124 755 90 51 725 1175 1150 695 899 818 81 151 51 1106 872 181
internal_count=12681 4264 8417 2334 1930 1046 1288 45 1243 1074 1023 169 118 51 124 755 90 51 725 1175 1150 695 899 818 81 151 51 1106 872 181
is_linear=0
shrinkage=0.05


Tree=59
num_leaves=31
num_cat=0
split_feature=4 4 1 4 4 6 1 6 0 0 1 3 1 1 3 6 1 1 8 0 3 1 2 5 1 5 2 3 1 4
split_gain=2.28451e+06 255987 107678 43904.2 37661.3 35050.3 29097.5 25880.9 22062.4 21201.1 25380.2 78392.7 26467.5 19448.3 19832.3 19414.9 17992.9 19009.2 18500.2 17740 30289.5 50852.9 44966.7 43713.6 27388.9 20698.7 17486.9 16883.8 16188.4 15759.4
threshold=293.50000000000006 624.50000000000011 134.50000000000003 423.50000000000006 875.50000000000011 770.50000000000011 468.50000000000006 911.50000000000011 17.650000000000002 29.450000000000003 858.50000000000011 23.500000000000004 816.50000000000011 494.50000000000006 95.500000000000014 773.50000000000011 411.50000000000006 360.50000000000006 3.5000000000000004 26.250000000000004 25.500000000000004 511.50000000000006 47.500000000000007 48.500000000000007 484.50000000000006 57.500000000000007 74.500000000000014 10.500000000000002 260.50000000000006 436.50000000000006
decision_type=2 2 2 2 2 2 2 2 2 2 2 2 2 2 2 2 2 2 2 2 2 2 2 2 2 2 2 2 2 2
left_child=2 3 -1 19 7 8 16 9 26 10 12 -12 13 14 -3 -14 17 18 28 20 21 -2 25 -24 -25 -22 29 -9 -4 -5
right_child=1 4 6 5 -6 -7 -8 27 -10 -11 11 -13 15 -15 -16 -17 -18 -19 -20 -21 22 -23 23 24 -26 -27 -28 -29 -30 -31
leaf_value=-0.54117343795652351 0.066556328987400534 0.74357640175592332 -0.22823180015636041 -0.92993120051434508 1.7773654087900885 2.6228219318389896 1.4536333262243055 1.6650326312856472 0.86241741622242418 1.5118117836329059 1.1839187098873987 -2.4805565571784975 3.1456838568051655 0.99303581070666225 2.6871753583635605 1.5331685636724746 -1.3046644355569568 1.3418346071243288 0.0834484493289845 0.71344637955788159 0.18917474292573477 -2.0199526736978441 -0.08122117526075813 1.047903573329318 2.9791123640679178 -2.0054232239723206 1.7302703137199087 3.3433339124376129 -1.250479054791124 0.42072498642623768
leaf_weight=7387 334 21 245 23 449 25 33 47 972 409 54 20 24 765 35 84 28 25 711 213 21 32 89 146 21 22 24 22 46 354
leaf_count=7387 334 21 245 23 449 25 33 47 972 409 54 20 24 765 35 84 28 25 711 213 21 32 89 146 21 22 24 22 46 354
internal_value=4.0371e-10 0.952632 -0.472775 0.593432 1.37623 0.767464 -0.00838403 1.25461 0.733681 1.20841 1.08469 0.19352 1.15567 1.05888 1.95833 1.89151 -0.0541154 -0.0200206 -0.053999 0.316327 0.18913 -0.115871 0.562475 0.813776 1.29075 -0.933643 0.421633 2.20014 -0.389824 0.338324
internal_weight=12681 4206 8475 2276 1930 1398 1088 1481 1373 1412 1003 74 929 821 56 108 1055 1027 1002 878 665 366 299 256 167 43 401 69 291 377
internal_count=12681 4206 8475 2276 1930 1398 1088 1481 1373 1412 1003 74 929 821 56 108 1055 1027 1002 878 665 366 299 256 167 43 401 69 291 377
is_linear=0
shrinkage=0.05


Tree=60
num_leaves=31
num_cat=0
split_feature=4 4 4 6 1 2 5 1 1 5 0 5 6 0 6 2 5 5 2 6 5 2 0 5 0 2 5 6 0 4
split_gain=2.06293e+06 240468 90563.2 51997.2 31236.1 29161.8 91584.9 83069.8 39330.9 23455.6 23303.7 39974.6 43725.9 33315.9 25013.8 20755 23463.7 20254.2 26530 25974.5 36277.7 19592.7 19541 18927 20805.4 23107.6 19516.4 18790.9 18523.3 17597.1
threshold=283.50000000000006 568.50000000000011 66.500000000000014 776.50000000000011 445.50000000000006 40.500000000000007 64.500000000000014 741.50000000000011 816.50000000000011 43.500000000000007 24.650000000000002 99.500000000000014 932.50000000000011 24.250000000000004 911.50000000000011 76.500000000000014 60.500000000000007 96.500000000000014 63.500000000000007 654.50000000000011 84.500000000000014 37.500000000000007 25.850000000000005 77.500000000000014 16.550000000000004 41.500000000000007 70.500000000000014 642.50000000000011 15.65 530.50000000000011
decision_type=2 2 2 2 2 2 2 2 2 2 2 2 2 2 2 2 2 2 2 2 2 2 2 2 2 2 2 2 2 2
left_child=2 4 -1 5 15 6 21 -8 9 -7 11 12 13 14 -5 28 -17 19 29 20 23 -3 -12 24 25 -6 -26 -23 -2 -19
right_child=1 3 -4 10 17 8 7 -9 -10 -11 22 -13 -14 -15 -16 16 -18 18 -20 -21 -22 27 -24 -25 26 -27 -28 -29 -30 -31
leaf_value=-0.52990861375501519 -0.25263836609622453 1.2636519496211944 -0.099988517025548229 1.4986190771445251 -1.4128117981282147 0.90484573053366424 0.44859303385019306 -3.9145283365249632 2.6013808743520217 1.4261285561098949 2.5792257295464571 -0.77466590213775643 -0.74182748993237813 -0.3399683288905932 3.3000285557338169 0.18496898957661223 1.9908917162869431 0.71860490946897437 -1.2767563041586143 2.0132827218799365 2.4065051809433968 1.1405100258913907 1.5822782446375803 -0.39764253586530685 0.76024114484793714 0.4948973654001429 2.0709947238365811 -0.88253436287244169 0.3329094237026281 -0.85863673970812848
leaf_weight=6929 163 151 1488 234 22 667 24 20 44 319 53 25 24 23 21 35 37 112 26 42 31 22 677 40 532 57 30 24 788 21
leaf_count=6929 163 151 1488 234 22 667 24 20 44 319 53 25 24 23 21 35 37 112 26 42 31 22 677 40 532 57 30 24 788 21
internal_value=1.16598e-08 0.895994 -0.453905 1.23841 0.484249 1.02292 0.52779 -1.53464 1.13876 1.0735 1.49753 1.14675 1.30581 1.48258 1.64697 0.294516 1.11301 0.696841 0.184004 0.804986 0.73371 0.988436 1.65466 0.657562 0.723409 -0.0363634 0.83021 0.0850086 0.232547 0.469567
internal_weight=12681 4264 8417 2328 1936 1271 241 44 1030 986 1057 327 302 278 255 1023 72 913 159 754 712 197 730 681 641 79 562 46 951 133
internal_count=12681 4264 8417 2328 1936 1271 241 44 1030 986 1057 327 302 278 255 1023 72 913 159 754 712 197 730 681 641 79 562 46 951 133
is_linear=0
shrinkage=0.05


Tree=61
num_leaves=31
num_cat=0
split_feature=4 4 6 6 1 2 5 1 1 5 1 0 5 6 0 6 5 6 5 5 2 0 4 3 4 0 2 0 5 0
split_gain=1.86269e+06 232819 67264.1 46927.4 29437.3 26318.6 82655.4 74970.5 35496.1 21168.7 21095.1 21031.6 36077.1 39462.7 30067.6 22575 18282.7 21462.4 32304.3 18976.1 17682.4 17635.7 17571.9 21218.7 50285.5 44030.1 17053.7 24256.8 23834.8 34815.9
threshold=267.50000000000006 568.50000000000011 67.500000000000014 776.50000000000011 474.50000000000006 40.500000000000007 64.500000000000014 741.50000000000011 816.50000000000011 43.500000000000007 468.50000000000006 24.650000000000002 99.500000000000014 932.50000000000011 24.250000000000004 911.50000000000011 96.500000000000014 654.50000000000011 84.500000000000014 78.500000000000014 37.500000000000007 25.850000000000005 530.50000000000011 52.500000000000007 471.50000000000006 17.550000000000004 67.500000000000014 15.65 38.500000000000007 14.050000000000002
decision_type=2 2 2 2 2 2 2 2 2 2 2 2 2 2 2 2 2 2 2 2 2 2 2 2 2 2 2 2 2 2
left_child=2 4 -1 5 26 6 20 -8 9 -7 -4 12 13 14 15 -5 17 18 19 -6 -3 -13 23 24 25 -18 27 28 -2 -30
right_child=1 3 10 11 16 8 7 -9 -10 -11 -12 21 -14 -15 -16 -17 22 -19 -20 -21 -22 -23 -24 -25 -26 -27 -28 -29 29 -31
leaf_value=-0.50310398316282956 0.14954357339047838 1.2004693534891338 -0.14577108158294047 1.4236881267311228 0.72795486231112772 0.8596034450286153 0.42616334526489186 -3.7188019847869875 2.4713118016719822 1.354822143547961 1.2922823078357257 2.4502644502891684 -0.7359326601028443 -0.7047361860672634 -0.32296991762907612 3.1350270997910274 0.99493960708379747 1.9091479244686309 2.5715045791605249 -0.60936476822410324 0.080758160871008178 1.5031643286154797 -0.93750804268888066 1.6538408006940568 1.7335298127141492 -1.9781687290379495 0.60887823619844283 0.30435808360820177 0.22978524102105036 -2.145392904016707
leaf_weight=6944 87 151 1331 234 504 667 24 20 44 319 26 53 25 24 23 21 20 42 23 28 46 677 28 28 29 33 341 826 27 36
leaf_count=6944 87 151 1331 234 504 667 24 20 44 319 26 53 25 24 23 21 20 42 23 28 46 677 28 28 29 33 341 826 27 36
internal_value=7.24498e-10 0.834241 -0.440185 1.17649 0.445961 0.97177 0.501401 -1.45791 1.08183 1.01982 -0.118218 1.42265 1.08941 1.24052 1.40845 1.56462 0.699462 0.819357 0.736886 0.65757 0.939014 1.57193 0.180789 0.465447 0.0596535 -0.856241 0.304486 0.198135 -0.386798 -1.12746
internal_weight=12681 4380 8301 2328 2052 1271 241 44 1030 986 1357 1057 327 302 278 255 735 597 555 532 197 730 138 110 82 53 1317 976 150 63
internal_count=12681 4380 8301 2328 2052 1271 241 44 1030 986 1357 1057 327 302 278 255 735 597 555 532 197 730 138 110 82 53 1317 976 150 63
is_linear=0
shrinkage=0.05


Tree=62
num_leaves=31
num_cat=0
split_feature=4 4 6 4 1 1 2 5 1 4 2 6 1 3 7 0 0 4 5 0 5 2 6 1 5 6 3 0 4 3
split_gain=1.68287e+06 160731 133692 35031 20417.4 19385.5 34689.4 52330.1 22580.1 17914.5 17229.7 43750.5 28165.4 28565.2 53318.6 47633.3 27938.5 29189.9 19588.7 16862.6 29514.1 15828.9 15808.3 15752.5 14940.9 14960.9 15177.5 23218.2 16400.2 14225.6
threshold=379.50000000000006 163.50000000000003 741.50000000000011 521.50000000000011 930.50000000000011 702.50000000000011 38.500000000000007 39.500000000000007 816.50000000000011 942.50000000000011 59.500000000000007 928.50000000000011 600.50000000000011 16.500000000000004 12.500000000000002 23.850000000000005 28.550000000000004 722.50000000000011 46.500000000000007 19.750000000000004 55.500000000000007 74.500000000000014 730.50000000000011 1.5000000000000002 13.500000000000002 570.50000000000011 50.500000000000007 25.050000000000004 289.50000000000006 36.500000000000007
decision_type=2 2 2 2 2 2 2 2 2 2 2 2 2 2 2 2 2 2 2 2 2 2 2 2 2 2 2 2 2 2
left_child=1 23 3 -2 9 21 7 -7 22 10 11 12 -4 -14 15 -15 17 -16 -19 20 -12 -5 -8 -1 -3 26 27 -26 -28 -21
right_child=2 24 4 5 -6 6 8 -9 -10 -11 19 -13 13 14 16 -17 -18 18 -20 29 -22 -23 -24 -25 25 -27 28 -29 -30 -31
leaf_value=-0.49588140994084945 0.45290332723031562 -0.13679774758836177 2.9019664738504662 0.71206534260293786 1.761558965474799 1.3327980607748033 1.4875040183416928 -1.9690343612432479 2.596017846867845 2.5725279927253726 1.5503191091797568 -1.1668268856677144 1.2282443528719571 -2.7780193138122562 0.10545740581694103 0.35176699594143901 -0.47943959236145023 1.4502652549972901 3.5316402387619021 1.4173580470543377 -0.8139534462581981 1.9172532583986008 0.4144080220298334 -0.32115090644910471 -0.073563085802459391 -1.0685380057855087 0.24111244280515992 0.52166402651124211 1.0248947732673404 2.2698347355190078
leaf_weight=5949 998 407 21 1010 207 30 156 20 37 24 33 22 460 20 21 31 20 26 20 346 22 28 44 1647 479 22 161 249 114 57
leaf_count=5949 998 407 21 1010 207 30 156 20 37 24 33 22 460 20 21 31 20 26 20 346 22 28 44 1647 479 22 161 249 114 57
internal_value=5.80618e-09 -0.366394 0.905503 0.676628 1.30526 0.845139 1.20885 0.0120651 1.46134 1.22115 1.19164 1.0243 1.10217 1.03897 0.408043 -0.8756 1.16052 1.65006 2.35521 1.42585 0.60461 0.744575 1.25142 -0.457996 0.119504 0.221275 0.249566 0.130024 0.566026 1.53793
internal_weight=12681 9028 3653 2323 1330 1325 287 50 237 1123 1099 641 619 598 138 51 87 67 46 458 55 1038 200 7596 1432 1025 1003 728 275 403
internal_count=12681 9028 3653 2323 1330 1325 287 50 237 1123 1099 641 619 598 138 51 87 67 46 458 55 1038 200 7596 1432 1025 1003 728 275 403
is_linear=0
shrinkage=0.05


Tree=63
num_leaves=31
num_cat=0
split_feature=4 4 4 6 0 2 1 7 5 1 5 2 2 8 6 3 6 0 1 7 5 0 1 8 5 5 2 8 2 1
split_gain=1.51893e+06 189510 55198.4 36309.2 28711.5 29527.3 101452 27357.9 23507.7 31005.3 30733.2 39540.6 83026.8 92554.2 226339 28263.3 24580.1 23331.2 23271.1 22788.1 21801.6 20935.3 20163.8 29524.6 21002.1 25025.8 24424.4 44110.6 29023.7 19352.4
threshold=267.50000000000006 624.50000000000011 66.500000000000014 445.50000000000006 29.450000000000003 35.500000000000007 846.50000000000011 12.500000000000002 44.500000000000007 816.50000000000011 10.500000000000002 59.500000000000007 53.500000000000007 5.5000000000000009 749.50000000000011 43.500000000000007 861.50000000000011 21.550000000000004 783.50000000000011 15.500000000000002 52.500000000000007 15.65 757.50000000000011 4.5000000000000009 99.500000000000014 80.500000000000014 59.500000000000007 2.5000000000000004 40.500000000000007 468.50000000000006
decision_type=2 2 2 2 2 2 2 2 2 2 2 2 2 2 2 2 2 2 2 2 2 2 2 2 2 2 2 2 2 2
left_child=2 3 -1 21 5 6 7 -3 10 18 16 12 -12 14 -14 17 -7 -11 19 -10 -9 -2 24 -24 25 -5 28 -28 -26 -4
right_child=1 4 29 22 -6 8 -8 20 9 15 11 -13 13 -15 -16 -17 -18 -19 -20 -21 -22 -23 23 -25 26 -27 27 -29 -30 -31
leaf_value=-0.45486976625963671 -0.18786063593487409 -0.15130429155117758 -0.133843659302154 0.60885857160361034 1.4019011713718874 1.0042917116354102 -2.9150562876746768 0.90345710478723051 1.4467938446702222 0.42174640212740216 1.0662663153573579 1.0815797388949544 0.43223261192992884 0.63683424849401826 -6.5855745887756347 3.6331701365384195 1.9228788255390368 2.0811379664684591 -0.20645513869822027 -0.085983108196939745 2.9252857971191411 0.35921430982045011 0.55989054533151483 3.1151739358901978 -0.97174719174702973 1.4541201873371998 0.65180611302112723 -2.0828820472955707 1.0227534320793654 1.2433831567947682
leaf_weight=6929 215 37 1346 997 627 312 21 40 181 28 102 207 27 44 20 22 95 87 32 28 20 937 26 20 24 96 29 30 76 26
leaf_count=6929 215 37 1346 997 627 312 21 40 181 28 102 207 27 44 20 22 95 87 32 28 20 937 26 20 24 96 29 30 76 26
internal_value=-2.32973e-09 0.753337 -0.397496 0.461431 1.12389 0.990116 0.235844 0.917997 1.06522 1.39062 0.912811 0.601564 0.0867288 -1.01121 -2.55407 1.99122 1.2187 1.67711 1.04919 1.24145 1.5774 0.257113 0.642767 1.67088 0.604993 0.683099 0.0680707 -0.738713 0.544073 -0.107745
internal_weight=12681 4380 8301 2450 1930 1303 118 97 1185 378 807 400 193 91 47 137 407 115 241 209 60 1152 1298 46 1252 1093 159 59 100 1372
internal_count=12681 4380 8301 2450 1930 1303 118 97 1185 378 807 400 193 91 47 137 407 115 241 209 60 1152 1298 46 1252 1093 159 59 100 1372
is_linear=0
shrinkage=0.05


Tree=64
num_leaves=31
num_cat=0
split_feature=4 4 6 4 5 1 0 5 1 4 1 1 4 1 2 3 0 5 5 4 3 2 1 4 5 2 0 3 1 0
split_gain=1.37405e+06 148639 99196.5 26238.8 39679.7 26952.9 19272.8 19321.7 17515.3 16666.6 18761.5 16464.2 15618.3 16229 26999.6 74192.1 22931.4 28886.5 44606.9 26908.3 18828.9 15155.2 16772.1 19271.7 21903.4 16311.6 21694.4 19104.3 25047.1 14636.7
threshold=396.50000000000006 163.50000000000003 741.50000000000011 667.50000000000011 82.500000000000014 752.50000000000011 16.250000000000004 71.500000000000014 930.50000000000011 436.50000000000006 565.00000000000011 355.50000000000006 942.50000000000011 714.50000000000011 32.500000000000007 2.5000000000000004 20.150000000000002 37.500000000000007 35.500000000000007 745.50000000000011 72.500000000000014 35.500000000000007 527.50000000000011 262.50000000000006 61.500000000000007 49.500000000000007 16.050000000000004 27.500000000000004 450.50000000000006 21.350000000000005
decision_type=2 2 2 2 2 2 2 2 2 2 2 2 2 2 2 2 2 2 2 2 2 2 2 2 2 2 2 2 2 2
left_child=1 -1 3 5 -5 6 7 9 12 -2 -11 -3 13 -4 15 -15 19 18 -18 -16 -19 -13 23 -23 -25 -26 -27 29 -29 -28
right_child=2 11 8 4 -6 -7 -8 -9 -10 10 -12 21 -14 14 16 -17 17 20 -20 -21 -22 22 -24 24 25 26 27 28 -30 -31
leaf_value=-0.4138433053766109 -1.1972357765867794 0.016024661938649761 1.666725379058293 1.1077097670084854 -1.0745179317214273 2.3302623567127045 0.5981705960385012 0.96842743819410149 1.60372335223868 0.35844181971230982 -0.89240527278498605 -0.67842946337768817 2.3649471243222555 1.453414576749007 -1.3294670915603639 -2.4780841755867007 1.0100707589918922 1.3778770560251945 -1.1563790370225906 0.79735760884038331 2.6667139484036357 1.5375740932300688 1.5507261484861374 0.60081123660068692 0.87323607206344611 -1.8514995455741883 -1.3014563594108974 1.5410681728659006 -0.75895983576774606 0.3358334717296419
leaf_weight=7596 29 1108 105 392 22 21 1487 55 207 142 38 32 24 30 20 20 479 330 25 58 31 32 32 205 30 22 39 29 20 21
leaf_count=7596 29 1108 105 392 22 21 1487 55 207 142 38 32 24 30 20 20 479 330 25 58 31 32 32 205 30 22 39 29 20 21
internal_value=9.03849e-09 -0.322305 0.840468 0.633362 0.991746 0.549631 0.528276 0.134587 1.18113 -0.0848445 0.0943741 0.120579 1.10316 1.07558 1.01307 -0.119185 1.07311 1.14715 0.902608 0.252018 1.48855 0.371328 0.44945 0.360905 0.258027 -0.178437 -0.419279 -0.130207 0.602281 -0.728405
internal_weight=12681 9166 3515 2186 414 1772 1751 264 1329 209 180 1570 1122 1098 993 50 943 865 504 78 361 462 430 398 366 161 131 109 49 60
internal_count=12681 9166 3515 2186 414 1772 1751 264 1329 209 180 1570 1122 1098 993 50 943 865 504 78 361 462 430 398 366 161 131 109 49 60
is_linear=0
shrinkage=0.05


Tree=65
num_leaves=31
num_cat=0
split_feature=4 4 6 4 5 1 0 2 5 0 1 1 4 4 4 0 2 6 2 5 3 5 2 1 4 5 2 0 3 1
split_gain=1.24008e+06 134147 89524.8 23680.5 35810.9 24325 18139.2 20363.4 18736.6 18058.8 15807.5 14859 14210.6 24382.5 14360.2 14989.5 33443.6 20349.1 16764.9 15013.1 17113.2 18793 13677.6 15136.8 17392.7 19767.8 14721.3 19579.2 17241.7 22605
threshold=396.50000000000006 163.50000000000003 741.50000000000011 667.50000000000011 82.500000000000014 752.50000000000011 28.950000000000003 74.500000000000014 49.500000000000007 16.250000000000004 930.50000000000011 355.50000000000006 664.50000000000011 683.50000000000011 942.50000000000011 30.050000000000004 32.500000000000007 932.50000000000011 38.500000000000007 98.500000000000014 50.500000000000007 41.500000000000007 35.500000000000007 527.50000000000011 262.50000000000006 61.500000000000007 49.500000000000007 16.050000000000004 27.500000000000004 450.50000000000006
decision_type=2 2 2 2 2 2 2 2 2 2 2 2 2 2 2 2 2 2 2 2 2 2 2 2 2 2 2 2 2 2
left_child=1 -1 3 5 -5 6 7 9 -9 -2 12 -3 -4 -14 15 16 -15 18 -18 20 -20 -22 -13 24 -24 -26 -27 -28 -29 -30
right_child=2 11 10 4 -6 -7 -8 8 -10 -11 -12 22 13 14 -16 -17 17 -19 19 -21 21 -23 23 -25 25 26 27 28 29 -31
leaf_value=-0.39315114563865333 -0.0088134106943162822 0.015223427228999428 1.6617499291725544 1.052324282541415 -1.0207919836044312 2.2137492179870608 0.86457351270461613 0.54284684345931622 2.2402611984774987 0.4709647124181971 1.5235371838157306 -0.6445080352015794 -0.40821693936983749 -1.1457627946138382 2.2466997941335043 1.2777438193603603 2.0026428109917203 -0.5620556660335172 0.84156808244938763 -0.28021324014663701 0.99956338029158742 2.4239702689342013 1.4606953367590905 1.4731898143887521 0.57077067296679429 0.82957426488399522 -1.7589245915412903 -0.69198467237253991 1.4640147536479196 -0.72101184695959097
leaf_weight=7596 236 1108 87 392 22 21 288 37 29 1161 207 32 30 20 24 339 38 22 441 25 57 39 32 32 205 30 22 60 29 20
leaf_count=7596 236 1108 87 392 22 21 288 37 29 1161 207 32 30 20 24 339 38 22 441 25 57 39 32 32 205 30 22 60 29 20
internal_value=4.58231e-09 -0.306189 0.798445 0.601694 0.942159 0.522149 0.501862 0.43046 1.28868 0.389914 1.12207 0.11455 1.048 0.996411 1.03834 1.00878 0.866754 0.931465 0.986228 0.917502 0.973262 1.57823 0.352762 0.426977 0.34286 0.245126 -0.169516 -0.398315 -0.123696 0.572167
internal_weight=12681 9166 3515 2186 414 1772 1751 1463 66 1397 1329 1570 1122 1035 1005 981 642 622 600 562 537 96 462 430 398 366 161 131 109 49
internal_count=12681 9166 3515 2186 414 1772 1751 1463 66 1397 1329 1570 1122 1035 1005 981 642 622 600 562 537 96 462 430 398 366 161 131 109 49
is_linear=0
shrinkage=0.05


Tree=66
num_leaves=31
num_cat=0
split_feature=4 4 6 4 0 3 4 0 5 0 2 2 2 6 4 1 6 2 3 1 2 1 1 5 8 5 1 1 1 1
split_gain=1.12059e+06 142141 42675.5 29699.4 23352.1 21949.5 29861.7 24313 27105 38405.4 25191.4 49103.8 25488.9 21161.3 19929.1 34522.5 25892.7 18029.7 48210.7 109056 61851.7 29974.9 25080.3 16853.4 20847.4 16848.6 23042.1 15905.4 15798.6 26492.5
threshold=267.50000000000006 560.50000000000011 67.500000000000014 801.50000000000011 26.050000000000004 27.500000000000004 497.50000000000006 21.850000000000005 46.500000000000007 19.550000000000004 66.500000000000014 63.500000000000007 47.500000000000007 581.50000000000011 502.50000000000006 458.50000000000006 424.50000000000006 40.500000000000007 4.5000000000000009 744.50000000000011 37.500000000000007 797.50000000000011 855.50000000000011 43.500000000000007 4.5000000000000009 36.500000000000007 487.50000000000006 468.50000000000006 380.50000000000006 337.50000000000006
decision_type=2 2 2 2 2 2 2 2 2 2 2 2 2 2 2 2 2 2 2 2 2 2 2 2 2 2 2 2 2 2
left_child=2 4 -1 17 5 6 13 8 -7 10 11 12 -10 -2 15 16 -9 18 21 20 -20 -3 25 -8 -25 -19 -27 28 29 -4
right_child=1 3 27 -5 -6 7 23 14 9 -11 -12 -13 -14 -15 -16 -17 -18 22 19 -21 -22 -23 -24 24 -26 26 -28 -29 -30 -31
leaf_value=-0.3915363774887578 -0.017779128489038495 0.68900027808283459 -0.11293669775090619 1.141440737415941 0.63058844225135136 0.15253049513496064 0.22298056019677059 0.3551338135014947 -0.65932050148646049 2.1021736050645514 1.2033945669039436 -1.4523500058142578 1.0816124739850823 -1.2483037466938431 -1.2855085115759604 1.9535030103865125 -1.7711711212992669 0.62677908614674149 1.2548448585767726 -3.3140672283172607 -1.9492712807655335 2.7521615576744081 1.9526628928184508 0.69520871688065866 2.5338021471386867 2.4585267580472507 0.93507679732894378 1.1398031085729599 -1.3060392298080306 1.677453530970074
leaf_weight=6944 627 147 1283 869 506 207 108 41 27 54 115 34 95 37 31 21 22 611 61 25 20 20 50 58 21 26 547 26 27 21
leaf_count=6944 627 147 1283 869 506 207 108 41 27 54 115 34 95 37 31 21 22 611 61 25 20 20 50 58 21 26 547 26 27 21
internal_value=7.55046e-09 0.647061 -0.34142 0.908649 0.336915 0.237717 0.0708333 0.457219 0.599724 0.884552 0.641926 0.228023 0.696324 -0.0863475 -0.202022 0.197837 -0.387385 0.774412 0.406721 -0.427279 0.463705 0.936085 0.855757 0.628951 1.18395 0.809435 1.0042 -0.0849664 -0.108891 -0.0841037
internal_weight=12681 4380 8301 2376 2004 1498 851 647 532 325 271 156 122 664 115 84 63 1507 273 106 81 167 1234 187 79 1184 573 1357 1331 1304
internal_count=12681 4380 8301 2376 2004 1498 851 647 532 325 271 156 122 664 115 84 63 1507 273 106 81 167 1234 187 79 1184 573 1357 1331 1304
is_linear=0
shrinkage=0.05


Tree=67
num_leaves=31
num_cat=0
split_feature=4 4 4 2 5 0 4 4 0 5 1 5 2 5 5 0 3 5 0 5 2 2 3 1 4 1 6 0 3 2
split_gain=1.01513e+06 108737 73407.4 21941.8 25437.7 23883.6 15525.1 14970.4 14808.6 15846 25948 15887 13007.9 55953.5 22357.3 19847.7 29424.2 16220.6 61214.6 12595.1 14382.9 21113.9 30503.9 18057.9 12502.4 11761.2 14278.7 11433.7 14084 13586.8
threshold=396.50000000000006 190.50000000000003 714.50000000000011 74.500000000000014 49.500000000000007 28.950000000000003 957.50000000000011 2.5000000000000004 15.950000000000001 71.500000000000014 515.50000000000011 4.5000000000000009 35.500000000000007 68.500000000000014 37.500000000000007 18.150000000000002 47.500000000000007 35.500000000000007 29.250000000000004 15.500000000000002 47.500000000000007 41.500000000000007 10.500000000000002 527.50000000000011 436.50000000000006 565.00000000000011 450.50000000000006 19.550000000000004 95.500000000000014 67.500000000000014
decision_type=2 2 2 2 2 2 2 2 2 2 2 2 2 2 2 2 2 2 2 2 2 2 2 2 2 2 2 2 2 2
left_child=1 7 3 5 -5 8 12 -1 9 11 -11 -2 13 -4 17 -16 -17 -14 -19 -3 21 -21 -23 27 -13 26 -26 29 -29 -22
right_child=2 19 6 4 -6 -7 -8 -9 -10 10 -12 24 14 -15 15 16 -18 18 -20 20 23 22 -24 -25 25 -27 -28 28 -30 -31
leaf_value=-0.38771642523978161 0.58176528128710669 -0.10027998715821379 1.0015135297361686 0.5076156653071705 2.3901535876533564 0.86897078400992978 1.8995824306569202 -0.22213841128843878 0.4882018778432004 -0.43599557876586914 1.9802637050151828 -1.579512621164322 0.92200142966511267 -1.7387948191684224 -0.019410140239275422 1.2425050483573823 2.5403608794212342 -2.0996736747026445 1.6825990542121556 0.21931650002415362 -0.14330834950191704 0.28499313100026202 -2.0373040524221238 1.7963841971755028 -0.61130409581320633 -0.92228939607739457 0.75611542151087807 0.38071319786044322 1.4622042920553324 0.43303826090693476
leaf_weight=6002 55 419 98 38 34 376 47 1767 1449 20 25 20 749 23 26 345 50 20 23 104 246 26 31 20 35 40 42 343 33 175
leaf_count=6002 55 419 98 38 34 376 47 1767 1449 20 25 20 749 23 26 345 50 20 23 104 246 26 31 20 35 40 42 343 33 175
internal_value=4.08487e-09 -0.27703 0.722405 0.538592 1.39659 0.508633 1.00644 -0.350057 0.428273 0.0618698 0.906371 -0.13606 0.974977 0.480628 1.02429 1.31871 1.40679 0.867785 -0.0765976 0.129089 0.227357 -0.204582 -0.978011 0.312476 -0.424238 -0.226755 0.134561 0.275239 0.475631 0.0962657
internal_weight=12681 9166 3515 2134 72 2062 1381 7769 1686 237 45 192 1334 121 1213 421 395 792 43 1397 978 161 57 817 137 117 77 797 376 421
internal_count=12681 9166 3515 2134 72 2062 1381 7769 1686 237 45 192 1334 121 1213 421 395 792 43 1397 978 161 57 817 137 117 77 797 376 421
is_linear=0
shrinkage=0.05


Tree=68
num_leaves=31
num_cat=0
split_feature=4 4 6 2 1 1 8 7 5 5 0 3 4 0 5 1 0 0 3 2 8 2 5 2 0 1 0 3 1 1
split_gain=916867 114363 56233.6 19007.8 39751.3 32522.3 26705.7 16152.3 30925.5 21876.2 19471.9 19069.8 15673.5 16058.1 34077.3 14905.2 13871.7 88668 44651.1 23307.7 14328.1 40021.9 13657.9 18393.2 17972 26271.7 13623.6 22810.6 46017.5 43624
threshold=423.50000000000006 190.50000000000003 759.50000000000011 44.500000000000007 816.50000000000011 783.50000000000011 10.500000000000002 11.500000000000002 58.500000000000007 71.500000000000014 12.350000000000003 10.500000000000002 636.50000000000011 19.750000000000004 55.500000000000007 677.50000000000011 22.950000000000003 23.250000000000004 81.500000000000014 59.500000000000007 4.5000000000000009 48.500000000000007 34.500000000000007 74.500000000000014 15.850000000000003 445.50000000000006 26.250000000000004 27.500000000000004 484.50000000000006 511.50000000000006
decision_type=2 2 2 2 2 2 2 2 2 2 2 2 2 2 2 2 2 2 2 2 2 2 2 2 2 2 2 2 2 2
left_child=1 -1 3 5 22 6 7 8 -2 10 -9 -11 -4 14 -14 -15 19 -18 20 -17 21 -19 -5 24 25 -24 27 29 -29 -3
right_child=2 26 12 4 -6 -7 -8 9 -10 11 -12 -13 13 15 -16 16 17 18 -20 -21 -22 -23 23 -25 -26 -27 -28 28 -30 -31
leaf_value=-0.33255412097930193 0.39515647465444131 -0.038703153103659432 2.0628534734249118 0.44751739127157564 2.2417594457927503 -1.4637541351318362 -1.0117773674428463 -0.7527495602766674 -1.4273282442774091 0.59766383929686107 0.67035974072266935 2.5978264065889216 1.1042116979757945 2.1467276741351404 -1.022529213659225 2.3075178842544557 -2.0910132209459942 1.1390624386568866 -0.97620250838143496 0.94703811971580287 1.1122968028677203 -1.5231199634075165 -1.5670535950433642 1.8642557787469458 0.75873693317450863 0.647148157374279 0.39827600773674265 0.17872433516018169 2.1070873258691849 -1.7404220816865565
leaf_weight=7769 138 644 33 735 38 25 32 27 28 22 219 26 48 28 31 50 24 48 28 85 794 20 21 35 756 37 372 495 33 40
leaf_count=7769 138 644 33 735 38 25 32 27 28 22 219 26 48 28 31 50 24 48 28 85 794 20 21 35 756 37 372 495 33 40
internal_value=4.34968e-10 -0.253608 0.712738 0.559502 0.643651 0.295498 0.384891 0.48205 0.0877494 0.704682 0.514165 1.68109 0.988409 0.957737 0.269668 1.00821 0.977819 0.907941 0.988812 1.45092 1.05264 0.356068 0.605313 0.74192 0.693663 -0.154546 0.133598 0.0523603 0.299247 -0.138219
internal_weight=12681 9353 3328 2139 1622 517 492 460 166 294 246 48 1189 1156 79 1077 1049 914 890 135 862 68 1584 849 814 58 1584 1212 528 684
internal_count=12681 9353 3328 2139 1622 517 492 460 166 294 246 48 1189 1156 79 1077 1049 914 890 135 862 68 1584 849 814 58 1584 1212 528 684
is_linear=0
shrinkage=0.05


Tree=69
num_leaves=31
num_cat=0
split_feature=4 1 4 2 5 0 4 5 2 0 5 3 1 3 0 6 7 1 2 1 0 2 6 6 3 0 0 5 1 5
split_gain=827711 89227.9 61136.4 18726.7 22351.6 20769.1 14170.2 13863.4 28878.9 81575.2 18667.9 42682.3 101961 16727.5 19414.7 14389.4 18836 13457.5 18264.7 18084.9 13071.6 17888.3 31202 13331.1 13033.1 12861 12077.5 13765.6 22125.4 14061.9
threshold=396.50000000000006 134.50000000000003 714.50000000000011 74.500000000000014 49.500000000000007 28.950000000000003 934.50000000000011 37.500000000000007 35.500000000000007 28.550000000000004 29.500000000000004 3.5000000000000004 858.50000000000011 97.500000000000014 20.350000000000005 734.50000000000011 13.500000000000002 355.50000000000006 33.500000000000007 594.50000000000011 24.850000000000005 54.500000000000007 355.50000000000006 384.50000000000006 3.5000000000000004 26.150000000000002 15.950000000000001 71.500000000000014 515.50000000000011 4.5000000000000009
decision_type=2 2 2 2 2 2 2 2 2 2 2 2 2 2 2 2 2 2 2 2 2 2 2 2 2 2 2 2 2 2
left_child=1 -1 3 5 -5 26 7 10 9 -9 -4 -12 -13 14 15 -10 -17 20 -19 -20 21 22 -3 -23 -8 -16 27 29 -29 -2
right_child=2 17 6 4 -6 -7 24 8 13 -11 11 12 -14 -15 25 16 -18 18 19 -21 -22 23 -24 -25 -26 -27 -28 28 -30 -31
leaf_value=-0.32657611854200547 0.54191928267478939 -0.29821723655217375 0.85042531274844324 0.44391195009413525 2.2085663866470844 0.79291660780622131 0.99929314019639848 -2.4642008465528491 1.3756525126370518 2.0517494344711302 0.9711601120302048 0.63807829359303359 -3.5005088676105851 2.3377784832318627 1.6905730438283368 -1.1348481277624767 0.94278969407081614 -0.96773581019154309 0.29929907943378992 1.7692442872307517 0.23988041292788531 -0.031619245389565113 -2.264272258498452 0.92098791049076967 1.9676536016296922 1.0305964245200157 0.43607727549738762 -0.40137457728385928 1.8298178813457491 -0.40453929233289987
leaf_weight=7392 55 244 627 38 34 376 89 20 22 20 87 46 22 30 117 24 20 27 428 22 362 630 22 39 57 200 1449 20 25 137
leaf_count=7392 55 244 627 38 34 376 89 20 22 20 87 46 22 30 117 24 20 27 428 22 362 630 22 39 57 200 1449 20 25 137
internal_value=-5.71395e-09 -0.250153 0.652319 0.484571 1.27722 0.456893 0.911532 0.856464 1.07657 -0.206226 0.728962 0.237622 -0.700876 1.20081 1.11175 0.331573 -0.190467 0.0682924 0.295376 0.371163 -0.0152227 -0.11399 -0.460823 0.0239139 1.37735 1.27418 0.381956 0.0510617 0.838177 -0.133418
internal_weight=12681 9166 3515 2134 72 2062 1381 1235 453 40 782 155 68 413 383 66 44 1774 477 450 1297 935 266 669 146 317 1686 237 45 192
internal_count=12681 9166 3515 2134 72 2062 1381 1235 453 40 782 155 68 413 383 66 44 1774 477 450 1297 935 266 669 146 317 1686 237 45 192
is_linear=0
shrinkage=0.05


Tree=70
num_leaves=31
num_cat=0
split_feature=4 4 4 1 0 6 6 6 1 1 3 4 1 5 6 0 6 6 5 1 0 2 5 6 5 1 3 2 6 8
split_gain=748823 93258.2 46465.8 17222.4 15696.2 17263.6 13337.8 17877.9 25209.1 19975.3 13833.2 13261.7 13233.1 13126 12807.2 13439 20142.3 12579.5 11443.1 11364.1 14429.1 11278.6 19067.4 17184 23138.3 28929.5 44460.7 25044.7 51234.6 23345.2
threshold=423.50000000000006 193.50000000000003 714.50000000000011 273.50000000000006 28.950000000000003 290.50000000000006 581.50000000000011 497.50000000000006 471.50000000000006 491.50000000000006 25.500000000000004 1.5000000000000002 963.50000000000011 40.500000000000007 429.50000000000006 23.650000000000002 414.50000000000006 380.50000000000006 45.500000000000007 365.50000000000006 17.550000000000004 59.500000000000007 76.500000000000014 589.50000000000011 52.500000000000007 851.50000000000011 4.5000000000000009 55.500000000000007 908.50000000000011 4.5000000000000009
decision_type=2 2 2 2 2 2 2 2 2 2 2 2 2 2 2 2 2 2 2 2 2 2 2 2 2 2 2 2 2 2
left_child=1 11 3 -2 5 13 7 9 -9 14 -10 -1 21 -5 15 16 18 -7 -3 -16 -21 23 -23 -4 27 -26 -27 -25 29 -29
right_child=2 6 12 4 -6 17 -8 8 10 -11 -12 -13 -14 -15 19 -17 -18 -19 -20 20 -22 22 -24 24 25 26 -28 28 -30 -31
leaf_value=-0.33620932292023248 1.7178684871643783 -0.17928681777305266 -0.42150840281974528 0.57873299094763675 0.7731725167558241 -0.26686057786683776 -0.8862945588305593 -0.43187885067679671 0.79391372877618549 -1.2385930922296313 2.568853634028208 -0.18303250460315321 1.5859442404547677 2.0809015899896623 1.5079744992432771 0.29636396147096572 -1.4969863883827044 0.40159913941368697 0.20058012052436724 -0.85252311915159229 0.62509334870859201 1.0818560337647796 -0.2822682839852792 0.8354130291754438 2.1543803287334131 2.0317917693745007 -1.1846179316441219 -0.80238017337741674 -1.7830804522181378 0.83001767669258442
leaf_weight=5941 28 411 32 33 347 74 32 22 23 27 21 1854 61 26 27 474 23 1439 383 20 95 500 27 485 61 22 21 27 29 116
leaf_count=5941 28 411 32 33 347 74 32 22 23 27 21 1854 61 26 27 474 23 1439 383 20 95 500 27 485 61 22 21 27 29 116
internal_value=-1.8786e-09 -0.229192 0.64412 0.486773 0.46881 0.401625 0.123961 0.145146 0.95007 0.108759 1.64104 -0.299777 0.865955 1.24071 0.134145 0.084571 -0.0383052 0.368905 0.00394875 0.58485 0.368117 0.832683 1.01197 0.713537 0.761266 1.45423 0.460987 0.651573 0.133189 0.521803
internal_weight=12681 9353 3328 1947 1919 1572 1558 1526 66 1460 44 7795 1381 59 1433 1291 817 1513 794 142 115 1320 527 793 761 104 43 657 172 143
internal_count=12681 9353 3328 1947 1919 1572 1558 1526 66 1460 44 7795 1381 59 1433 1291 817 1513 794 142 115 1320 527 793 761 104 43 657 172 143
is_linear=0
shrinkage=0.05


Tree=71
num_leaves=31
num_cat=0
split_feature=4 4 1 4 6 3 5 0 3 2 2 1 8 6 4 0 0 3 1 7 3 5 0 8 1 5 0 7 1 5
split_gain=676605 95966.6 21933.7 21493.7 20354 18810.2 17571.3 17021 23786.4 26627.2 32919.6 22857.5 23264.8 55141.9 19450.4 16457.3 46008.2 32609 17884.2 21279.9 20590.1 20330.2 16441.5 29309.1 17204.5 15738.5 15693.6 33842.6 15262.9 14710.4
threshold=248.50000000000003 560.50000000000011 49.500000000000007 884.50000000000011 911.50000000000011 10.500000000000002 18.500000000000004 19.450000000000003 27.500000000000004 66.500000000000014 63.500000000000007 478.50000000000006 2.5000000000000004 392.50000000000006 440.50000000000006 22.350000000000005 23.950000000000003 9.5000000000000018 555.50000000000011 13.500000000000002 22.500000000000004 51.500000000000007 24.650000000000002 4.5000000000000009 621.50000000000011 87.500000000000014 26.050000000000004 12.500000000000002 345.50000000000006 65.500000000000014
decision_type=2 2 2 2 2 2 2 2 2 2 2 2 2 2 2 2 2 2 2 2 2 2 2 2 2 2 2 2 2 2
left_child=2 6 -1 4 28 -6 -2 8 29 10 11 12 13 -10 -13 18 17 -17 20 -20 -9 -22 -18 -24 26 -12 27 -25 -3 -8
right_child=1 3 -4 -5 5 -7 7 15 9 -11 25 14 -14 -15 -16 16 22 -19 19 -21 21 -23 23 24 -26 -27 -28 -29 -30 -31
leaf_value=-0.30897700852272891 0.031057742194843321 1.8636566976706188 -0.09591676217794054 1.0493678160391899 0.91645850631697423 2.5571286048889164 0.17802064080855676 0.15375431452719671 0.80178283677746853 0.93083607518606515 -2.2134179800748828 2.4281110808962869 0.73517573266117664 -2.2557938257424999 0.43004303094449225 0.43479973334690619 1.7479336344278775 -1.755970498410667 0.73780742396528909 2.85070068619468 0.011900391402067962 1.6370191634813354 -1.2087318909168243 0.99713431637862637 1.7073286859194436 -0.22982846036553384 0.60481303862862312 -1.3279218177585042 0.59471582951784319 -0.49403937886516225
leaf_weight=6713 647 24 1473 392 58 25 168 106 30 157 20 21 54 29 29 29 26 41 26 22 27 67 25 29 30 20 324 34 1877 158
leaf_count=6713 647 24 1473 392 58 25 168 106 30 157 20 21 54 29 29 29 26 41 26 22 27 67 25 29 30 20 324 34 1877 158
internal_value=-2.52106e-09 0.492869 -0.270639 0.711046 0.6442 1.41064 0.248232 0.343688 0.161694 0.441869 0.0637025 0.37912 -0.0147349 -0.701094 1.26923 0.502528 0.347192 -0.848366 0.839508 1.70622 0.631498 1.17023 0.526015 0.454137 0.553829 -1.22162 0.464411 -0.257658 0.610736 -0.147702
internal_weight=12681 4495 8186 2376 1984 83 2119 1472 686 360 203 163 113 59 50 786 538 70 248 48 200 94 468 442 417 40 387 63 1901 326
internal_count=12681 4495 8186 2376 1984 83 2119 1472 686 360 203 163 113 59 50 786 538 70 248 48 200 94 468 442 417 40 387 63 1901 326
is_linear=0
shrinkage=0.05


Tree=72
num_leaves=31
num_cat=0
split_feature=4 4 6 4 4 2 2 1 7 1 3 3 5 4 8 8 0 3 1 1 6 5 1 0 1 6 0 1 1 4
split_gain=612725 75801 38575 18082.8 23086.7 37582.9 16381.5 32607.9 23254.8 32390.8 29626.7 47717.1 73509.3 15677.9 15122 13866 12811.8 21245.1 46781.4 40091.2 25058.5 18373.4 14301.5 12582.3 15033.2 11621 13081.1 12601.2 15149.5 14351
threshold=423.50000000000006 129.50000000000003 776.50000000000011 661.50000000000011 714.50000000000011 60.500000000000007 44.500000000000007 816.50000000000011 14.500000000000002 783.50000000000011 99.500000000000014 31.500000000000004 36.500000000000007 823.50000000000011 10.500000000000002 2.5000000000000004 26.250000000000004 27.500000000000004 484.50000000000006 511.50000000000006 513.50000000000011 25.500000000000004 594.50000000000011 18.150000000000002 744.50000000000011 290.50000000000006 15.750000000000002 445.50000000000006 392.50000000000006 560.50000000000011
decision_type=2 2 2 2 2 2 2 2 2 2 2 2 2 2 2 2 2 2 2 2 2 2 2 2 2 2 2 2 2 2
left_child=1 -1 6 -4 5 -5 8 25 9 10 11 14 -13 -9 -2 -10 17 19 20 -3 21 -19 -21 -6 -25 -8 27 28 -27 -29
right_child=2 16 3 4 23 -7 7 13 15 -11 -12 12 -14 -15 -16 -17 -18 18 -20 22 -22 -23 -24 24 -26 26 -28 29 -30 -31
leaf_value=-0.2805876408815286 0.38434179260079698 -0.085131319708557751 1.9160151739378233 -1.5573472481507522 -0.20270496819700515 1.3256371246278287 1.2141645362334592 2.91896728515625 -0.40797683413212121 -1.9694268369674681 1.8754848003387452 0.77522191405296326 -2.861548407872518 1.0234842321136968 -1.0483126449584963 0.83283358098318194 0.30575753799902433 -0.28660549826778564 1.9944472439799992 -2.5484690572389148 -1.582302076475961 0.34292804242550645 -0.70107374250888821 1.7862660341484604 0.82968077059940937 0.14618729352951051 0.52331743267318676 1.4323275903860728 -1.5156270270546279 -0.065120418183505543
leaf_weight=7394 233 825 37 26 28 20 56 20 26 20 22 24 33 24 20 168 443 158 35 22 21 435 20 43 916 32 1484 24 24 48
leaf_count=7394 233 825 37 26 28 20 56 20 26 20 22 24 33 24 20 168 443 158 35 22 21 435 20 43 916 32 1484 24 24 48
internal_value=4.27653e-10 -0.20732 0.582653 0.82994 0.791039 -0.303876 0.465471 0.541526 0.226997 -0.0152507 0.102471 -0.0233561 -1.33028 1.88507 0.271088 0.666539 0.0692174 9.64425e-05 0.216437 -0.161847 0.115084 0.175194 -1.66876 0.842068 0.872572 0.506085 0.481486 -0.00349198 -0.566019 0.434029
internal_weight=12681 9353 3328 1070 1033 46 2258 1712 546 352 332 310 57 44 253 194 1959 1516 649 867 614 593 42 987 959 1668 1612 128 56 72
internal_count=12681 9353 3328 1070 1033 46 2258 1712 546 352 332 310 57 44 253 194 1959 1516 649 867 614 593 42 987 959 1668 1612 128 56 72
is_linear=0
shrinkage=0.05


Tree=73
num_leaves=31
num_cat=0
split_feature=6 4 4 4 1 1 0 1 2 5 4 4 5 0 1 2 3 1 5 0 6 0 4 3 2 5 7 4 6 0
split_gain=554760 75917.2 37998.8 19953.8 16910.6 24192.7 15718.8 14741.5 13776.6 32441.1 13394.1 11696.2 11916 14763.6 22000.2 32985 19097.7 17324.6 14010.1 39651 89538.4 35083.9 11976.6 16046.2 12446.5 10680.2 10429.3 10258.4 9383.26 10822.3
threshold=426.50000000000006 220.50000000000003 714.50000000000011 237.50000000000003 624.50000000000011 539.50000000000011 28.950000000000003 445.50000000000006 71.500000000000014 74.500000000000014 278.50000000000006 957.50000000000011 37.500000000000007 18.150000000000002 725.50000000000011 35.500000000000007 36.500000000000007 767.50000000000011 29.500000000000004 29.250000000000004 905.50000000000011 25.750000000000004 887.50000000000011 1.0000000180025095e-35 50.500000000000007 49.500000000000007 12.500000000000002 1.5000000000000002 421.50000000000006 15.65
decision_type=2 2 2 2 2 2 2 2 2 2 2 2 2 2 2 2 2 2 2 2 2 2 2 2 2 2 2 2 2 2
left_child=1 27 3 -2 5 7 8 28 10 26 -5 12 18 -14 -15 -16 17 -17 22 20 21 -20 -4 24 -24 -8 -10 -1 29 -3
right_child=2 4 11 6 -6 -7 25 -9 9 -11 -12 -13 13 14 15 16 -18 -19 19 -21 -22 -23 23 -25 -26 -27 -28 -29 -30 -31
leaf_value=-0.28992061805412078 1.9457012766883488 -0.1709840575660462 0.57647738593306985 -0.93741476075215768 1.2351094882828848 -1.2151423898610203 0.52884697325554864 0.7518380702395614 0.99325790233910094 2.0280980483079567 0.30554190353221139 1.5303947296548399 -0.19781576880702267 2.208740990502494 -0.66465035561592356 -0.3687131338119507 1.9748745796528269 1.0038406872073307 1.182169581878753 0.96413731433012906 -3.4860245886072523 -1.3621994298696518 1.0345802600832952 1.4693722265639477 -0.034264217747582336 1.1370428498910399 -0.19514252096414567 -0.16020158077574267 -0.63568701046269116 0.21266536272526718
leaf_weight=5941 21 231 475 22 35 33 274 96 30 39 1463 47 27 35 31 25 47 286 42 85 20 20 69 105 45 98 48 2050 41 900
leaf_count=5941 21 231 475 22 35 33 274 96 30 39 1463 47 27 35 31 25 47 286 42 85 20 20 69 105 45 98 48 2050 41 900
internal_value=9.27024e-10 -0.198315 0.551487 0.412584 0.150557 0.12138 0.396274 0.156163 0.328284 0.850656 0.287128 0.755395 0.727632 0.935833 1.00802 0.899989 1.03547 0.893507 0.618575 0.207415 -0.576992 0.361405 0.717514 1.02342 0.612668 0.689071 0.261935 -0.256643 0.107371 0.134307
internal_weight=12681 9327 3354 1995 1336 1301 1974 1268 1602 117 1485 1359 1312 451 424 389 358 311 861 167 82 62 694 219 114 372 78 7991 1172 1131
internal_count=12681 9327 3354 1995 1336 1301 1974 1268 1602 117 1485 1359 1312 451 424 389 358 311 861 167 82 62 694 219 114 372 78 7991 1172 1131
is_linear=0
shrinkage=0.05


Tree=74
num_leaves=31
num_cat=0
split_feature=4 4 6 0 2 5 3 1 6 1 0 3 4 2 2 0 8 5 5 1 2 5 0 4 2 5 4 4 6 0
split_gain=501348 61651.7 31903.8 17365.4 16560.7 49558.1 24859.4 23256.1 16000.2 16018.9 14763.1 14200 13075.7 16075.4 32215.2 59492.4 140067 16194.7 33305.9 26927.7 21510.4 53339.6 83450.1 28810.2 21955.7 18965 31150.1 18860.5 17137 12962.7
threshold=423.50000000000006 190.50000000000003 624.50000000000011 29.550000000000004 39.500000000000007 58.500000000000007 7.5000000000000009 642.50000000000011 290.50000000000006 281.50000000000006 22.550000000000004 14.500000000000002 489.50000000000006 59.500000000000007 57.500000000000007 22.650000000000002 5.5000000000000009 72.500000000000014 10.500000000000002 660.50000000000011 53.500000000000007 44.500000000000007 26.250000000000004 675.50000000000011 32.500000000000007 99.500000000000014 616.50000000000011 679.50000000000011 682.50000000000011 17.650000000000002
decision_type=2 2 2 2 2 2 2 2 2 2 2 2 2 2 2 2 2 2 2 2 2 2 2 2 2 2 2 2 2 2
left_child=1 -1 4 12 5 -2 -7 8 -6 -10 11 -9 -4 14 17 -16 -17 18 -14 -19 23 22 -22 28 -25 27 -27 -21 -20 -11
right_child=2 -3 3 -5 7 6 -8 10 9 29 -12 -13 13 -15 15 16 -18 19 20 25 21 -23 -24 24 -26 26 -28 -29 -30 -31
leaf_value=-0.24549817175372204 0.32721343774952599 0.096763264149988329 1.8215561795234683 0.86993341277556058 1.1503527255407695 -0.40986542940139775 -2.9028273177146913 1.6643089396798094 1.5464323768615724 0.016454280445857228 1.932674657976305 0.10514767602086068 0.79595502932409679 0.74714427234989178 1.0932471932591621 -4.6158468918366866 0.44811076181423337 2.2635932832956316 -1.386797299348947 2.1703648601259506 -4.2250653642416003 0.68785571654637656 -0.026822953799675253 -0.77724443403157328 0.93882001110764812 -1.618517932891846 0.88220672679669931 0.30021144243387077 0.4680301928520203 0.39677754942862603
leaf_weight=7769 148 1584 20 639 58 20 20 23 25 343 37 40 261 526 37 22 36 32 33 28 20 42 29 22 122 20 33 26 20 646
leaf_count=7769 148 1584 20 639 58 20 20 23 25 343 37 40 261 526 37 22 36 32 33 28 20 42 29 22 122 20 33 26 20 646
internal_value=-6.49305e-09 -0.187534 0.527044 0.655737 0.340817 -0.0948206 -1.65635 0.410697 0.342671 0.296472 1.13994 0.674365 0.552749 0.533363 0.389751 -0.473332 -1.4727 0.508926 0.386863 0.99103 0.016124 -0.619662 -1.74039 0.309812 0.676643 0.61045 -0.061463 1.26992 -0.686862 0.264876
internal_weight=12681 9353 3328 1968 1360 188 40 1172 1072 1014 100 63 1329 1309 783 95 58 688 549 139 288 91 49 197 144 107 53 54 53 989
internal_count=12681 9353 3328 1968 1360 188 40 1172 1072 1014 100 63 1329 1309 783 95 58 688 549 139 288 91 49 197 144 107 53 54 53 989
is_linear=0
shrinkage=0.05


Tree=75
num_leaves=31
num_cat=0
split_feature=6 4 4 4 1 1 0 1 5 2 5 4 1 4 4 5 5 3 0 1 3 5 6 0 6 0 4 6 4 3
split_gain=454472 61608.7 32251.5 18283.6 14646.7 22152.6 13502.6 16719.7 33235.3 14327.1 28233.5 13478.9 12765.8 11449.4 20215.5 43060.5 11286.2 37633.3 18211.5 11265.4 68553.8 10514.7 10583.2 10038.2 47080.3 61777.9 12900.9 10685.7 13922.1 13009.2
threshold=426.50000000000006 220.50000000000003 748.50000000000011 237.50000000000003 624.50000000000011 539.50000000000011 29.050000000000004 816.50000000000011 79.500000000000014 71.500000000000014 74.500000000000014 278.50000000000006 445.50000000000006 329.50000000000006 379.50000000000006 96.500000000000014 68.500000000000014 56.500000000000007 24.350000000000005 763.50000000000011 21.500000000000004 47.500000000000007 920.50000000000011 24.650000000000002 932.50000000000011 24.250000000000004 896.50000000000011 734.50000000000011 871.50000000000011 25.500000000000004
decision_type=2 2 2 2 2 2 2 2 2 2 2 2 2 2 2 2 2 2 2 2 2 2 2 2 2 2 2 2 2 2
left_child=1 -1 3 -2 5 12 7 9 -9 11 -11 -5 -3 -13 15 -15 21 18 -18 -16 -21 23 -23 24 25 26 -4 -25 29 -29
right_child=2 4 16 6 -6 -7 -8 8 -10 10 -12 13 -14 14 19 -17 17 -19 -20 20 -22 22 -24 27 -26 -27 -28 28 -30 -31
leaf_value=-0.23204104946283774 1.8549867783273972 0.095508734121483224 0.64745606142875844 -1.0175778254866601 1.1441314094407218 -1.1712987675811306 0.61996433746577662 2.7308666444960097 0.18637969277121805 0.29379472352307417 1.9127896804075974 1.1389651570055219 0.69523623731608197 0.43108758429686234 0.30276260116779791 -2.3030991663535434 1.559410722181201 -1.7368682765960692 -0.33553463958558583 0.83853983784976771 -2.777998099923134 0.94904370645079961 2.0825636698649479 1.8963146448135377 -1.8781481575965882 -1.8668340641519299 1.4585543296639882 0.64293263930185096 1.0237294841302584 -0.50454567582518972
leaf_weight=7991 21 1172 221 21 35 33 440 21 33 87 39 36 96 36 1382 24 32 20 21 38 20 99 26 22 20 23 63 290 292 27
leaf_count=7991 21 1172 221 21 35 33 440 21 33 87 39 36 96 36 1382 24 32 20 21 38 20 99 26 22 20 23 63 290 292 27
internal_value=-4.68753e-09 -0.179497 0.499156 0.386714 0.134783 0.10763 0.372551 0.309878 1.1759 0.282091 0.794912 0.240591 0.140914 0.257793 0.236645 -0.662587 0.712951 0.111199 0.808583 0.274113 -0.408542 0.753513 1.18482 0.697236 0.472405 0.625536 0.827383 0.813749 0.774642 0.545198
internal_weight=12681 9327 3354 2198 1336 1301 2177 1737 54 1683 126 1557 1268 1536 1500 60 1156 73 53 1440 58 1083 125 958 327 307 284 631 609 317
internal_count=12681 9327 3354 2198 1336 1301 2177 1737 54 1683 126 1557 1268 1536 1500 60 1156 73 53 1440 58 1083 125 958 327 307 284 631 609 317
is_linear=0
shrinkage=0.05


Tree=76
num_leaves=31
num_cat=0
split_feature=6 4 4 4 1 1 0 1 5 2 5 4 4 0 6 3 4 4 5 2 2 5 3 6 1 3 5 6 3 1
split_gain=410161 55901.9 29107 16501 13743.4 19351.6 12186.1 15089.6 29994.9 12930.2 25480.7 12164.7 11907.9 12292.7 14436.6 12488.5 10333.1 18244.4 38862.1 10198.2 10792.1 10185.8 33964.1 17600.1 10167 61869.8 9489.55 9551.33 9358.51 9323.15
threshold=426.50000000000006 197.50000000000003 748.50000000000011 237.50000000000003 624.50000000000011 539.50000000000011 29.050000000000004 816.50000000000011 79.500000000000014 71.500000000000014 74.500000000000014 278.50000000000006 513.50000000000011 16.250000000000004 173.50000000000003 75.500000000000014 329.50000000000006 379.50000000000006 96.500000000000014 70.500000000000014 75.500000000000014 68.500000000000014 56.500000000000007 868.50000000000011 763.50000000000011 21.500000000000004 47.500000000000007 920.50000000000011 1.5000000000000002 755.50000000000011
decision_type=2 2 2 2 2 2 2 2 2 2 2 2 2 2 2 2 2 2 2 2 2 2 2 2 2 2 2 2 2 2
left_child=1 -1 3 -2 5 12 7 9 -9 11 -11 -5 13 15 -15 19 -13 18 -18 -3 -21 26 23 -23 29 -26 -4 28 -28 -19
right_child=2 4 21 6 -6 -7 -8 8 -10 10 -12 16 -14 14 -16 -17 17 24 -20 20 -22 22 -24 -25 25 -27 27 -29 -30 -31
leaf_value=-0.22438580769452152 1.7622374423203013 -0.19546997707709671 0.66237433849870853 -0.96669894542012891 1.0869248179027013 -1.112733807708278 0.58896612122877168 2.5943233387810842 0.17706070668769605 0.27910498308724374 1.817150224172152 1.0820169178975954 0.87793289632821581 1.0871923706880431 0.13041486305723324 0.36953542033831277 0.40953320148918365 0.27072973432090625 -2.1879442016283672 -1.789729300789211 -0.31584893575421091 1.5970417742071481 -1.6500248932838439 -0.23341842144727709 0.79661284594943649 -2.6390982379764321 0.24421861001423428 1.9784354833456186 1.2610923236235978 1.2858830079436303
leaf_weight=7814 21 200 958 21 35 33 440 21 33 87 39 36 49 41 1027 78 36 1359 24 23 27 29 20 24 38 20 35 26 64 23
leaf_count=7814 21 200 958 21 35 33 440 21 33 87 39 36 49 41 1027 78 36 1359 24 23 27 29 20 24 38 20 35 26 64 23
internal_value=2.37739e-09 -0.170522 0.474198 0.367378 0.10766 0.0844706 0.353923 0.294384 1.11711 0.267987 0.755167 0.228562 0.111812 0.0849205 0.167145 -0.182811 0.244903 0.224813 -0.629458 -0.355143 -0.993834 0.677304 0.105639 0.768154 0.260407 -0.388115 0.715837 1.12558 0.901592 0.287624
internal_weight=12681 9327 3354 2198 1513 1478 2177 1737 54 1683 126 1557 1445 1396 1068 328 1536 1500 60 250 50 1156 73 53 1440 58 1083 125 99 1382
internal_count=12681 9327 3354 2198 1513 1478 2177 1737 54 1683 126 1557 1445 1396 1068 328 1536 1500 60 250 50 1156 73 53 1440 58 1083 125 99 1382
is_linear=0
shrinkage=0.05


Tree=77
num_leaves=31
num_cat=0
split_feature=6 4 4 4 1 1 0 6 3 8 0 4 4 5 3 5 1 3 5 6 0 0 2 4 3 4 0 5 6 2
split_gain=370645 53146.6 23987.9 14394.6 13514.8 14409.6 13274.7 17692.3 11230.6 10832.7 31280.3 21918.2 19035.9 13071.3 12470.7 10986.6 16054.4 14113.8 18566.3 13381.7 12700.3 24814.4 32121.6 12185.3 19700.6 41505.1 13536.2 13908.1 21177.9 13117.5
threshold=438.50000000000006 220.50000000000003 748.50000000000011 237.50000000000003 624.50000000000011 565.00000000000011 15.65 173.50000000000003 75.500000000000014 9.5000000000000018 16.750000000000004 440.50000000000006 289.50000000000006 34.500000000000007 16.500000000000004 99.500000000000014 800.50000000000011 99.500000000000014 48.500000000000007 610.50000000000011 15.250000000000002 17.250000000000004 63.500000000000007 497.50000000000006 44.500000000000007 616.50000000000011 22.850000000000005 81.500000000000014 513.50000000000011 39.500000000000007
decision_type=2 2 2 2 2 2 2 2 2 2 2 2 2 2 2 2 2 2 2 2 2 2 2 2 2 2 2 2 2 2
left_child=1 -1 3 -2 5 6 8 -8 -3 12 -11 14 -5 -14 -12 17 -17 20 -19 -20 -15 22 -22 26 29 -26 27 28 -23 -25
right_child=2 4 -4 9 -6 -7 7 -9 -10 10 11 -13 13 15 -16 16 -18 18 19 -21 21 23 -24 24 25 -27 -28 -29 -30 -31
leaf_value=-0.20944415244337469 1.6935718494653704 -0.375256612599076 0.64192380706641539 -1.0675739071585917 1.0406808284612803 -1.2354828554391863 1.2842711577398909 0.15702828446176512 0.38716962749049783 -1.6981520227763962 0.12095091134309768 0.011595059093087912 0.23465446997147779 -0.12822506673195785 1.6860695087909698 0.34772062248239921 -1.0289823293685914 -0.082292215255173773 0.87931537994128817 2.2720782511574882 0.83716081321013702 0.068118268251419076 3.0823176222188131 1.7031383108347655 1.1175962074714547 -1.2724728563657175 0.50272976024740046 0.58747876516797326 -2.1060955186684924 0.65070418448744793
leaf_weight=7992 20 207 1153 22 39 20 36 1052 63 23 20 243 651 68 35 180 24 22 34 35 66 24 21 32 34 39 87 22 21 396
leaf_count=7992 20 207 1153 22 39 20 36 1052 63 23 20 243 651 68 35 180 24 22 34 35 66 24 21 32 34 39 87 22 21 396
internal_value=2.70286e-10 -0.159407 0.458392 0.358528 0.122807 0.0968298 0.116451 0.194327 -0.197357 0.345808 0.0784784 0.215601 0.394071 0.412383 1.11694 0.517091 0.185756 0.59211 1.18252 1.58579 0.52578 0.585716 1.3791 0.480336 0.599902 -0.15929 0.0913562 -0.442815 -0.946515 0.729391
internal_weight=12681 9409 3272 2119 1417 1378 1358 1088 270 2099 321 298 1778 1756 55 1105 204 901 91 69 810 742 87 655 501 73 154 67 45 428
internal_count=12681 9409 3272 2119 1417 1378 1358 1088 270 2099 321 298 1778 1756 55 1105 204 901 91 69 810 742 87 655 501 73 154 67 45 428
is_linear=0
shrinkage=0.05


Tree=78
num_leaves=31
num_cat=0
split_feature=4 4 0 1 1 6 4 0 3 1 1 6 5 3 3 6 8 6 4 5 0 6 6 5 8 5 1 1 3 3
split_gain=336001 43260.9 22053.9 19582.9 13871 18146.5 15787.7 13819.4 17486.1 50047.5 27390.3 22771.8 13870.3 12744.9 16332.5 12185.7 15008.7 11985.6 12029.4 11464.7 11101 10757.6 13672.3 14748.4 10178.4 11598.6 26302.4 38977.9 18582.5 53813.9
threshold=423.50000000000006 66.500000000000014 29.550000000000004 273.50000000000006 930.50000000000011 928.50000000000011 887.50000000000011 26.250000000000004 27.500000000000004 484.50000000000006 511.50000000000006 513.50000000000011 30.500000000000004 54.500000000000007 32.500000000000007 438.50000000000006 10.500000000000002 360.50000000000006 301.50000000000006 99.500000000000014 24.250000000000004 290.50000000000006 380.50000000000006 38.500000000000007 9.5000000000000018 37.500000000000007 858.50000000000011 878.50000000000011 52.500000000000007 72.500000000000014
decision_type=2 2 2 2 2 2 2 2 2 2 2 2 2 2 2 2 2 2 2 2 2 2 2 2 2 2 2 2 2 2
left_child=1 -1 3 -2 5 6 21 8 10 11 15 12 -10 14 -4 16 -3 18 -18 -12 -8 -5 23 -23 25 26 -24 -28 -27 -30
right_child=2 7 13 4 -6 -7 20 -9 9 -11 19 -13 -14 -15 -16 -17 17 -19 -20 -21 -22 22 24 -25 -26 28 27 -29 29 -31
leaf_value=-0.21712752207843297 1.5701629635059473 -0.068603886212830575 0.67343523794075921 0.94644685103558013 0.93681620662149623 -0.80934349043028697 1.262682791603239 0.26698945638051585 -0.22877061471443275 1.8926637814595151 -0.52131332769989969 -1.5669906329540979 0.24099214178390971 1.9094783653318883 -0.62601587009429938 0.67734169845885417 -0.68819102191611348 -1.6632823855980583 0.4910554438829422 -2.1581584502821385 0.28511380340824738 0.22848069990674655 0.2901773784753322 -1.1211877923352378 0.041146040473101754 0.61381436997409133 -2.5917368477582934 0.42637120848116672 -1.3567381071746349 0.48785367926592554
leaf_weight=6929 33 888 738 64 95 35 76 485 223 39 20 21 532 20 25 47 95 23 28 23 47 48 848 35 295 687 20 23 50 189
leaf_count=6929 33 888 738 64 95 35 76 485 223 39 20 21 532 20 25 47 95 23 28 23 47 48 848 35 295 687 20 23 50 189
internal_value=-2.01709e-09 -0.153525 0.431467 0.360073 0.344176 0.320883 0.33749 0.0282821 -0.0314255 0.144907 -0.159282 0.0570685 0.102241 0.663518 0.630858 -0.110055 -0.145846 -0.615644 -0.419745 -1.39684 0.88914 0.307453 0.288822 -0.340657 0.31356 0.357788 0.229004 -0.9774 0.481704 0.101956
internal_weight=12681 9353 3328 2545 2512 2417 2382 2424 1939 815 1124 776 755 783 763 1081 1034 146 123 43 123 2259 2195 83 2112 1817 891 43 926 239
internal_count=12681 9353 3328 2545 2512 2417 2382 2424 1939 815 1124 776 755 783 763 1081 1034 146 123 43 123 2259 2195 83 2112 1817 891 43 926 239
is_linear=0
shrinkage=0.05


Tree=79
num_leaves=31
num_cat=0
split_feature=4 6 6 2 5 3 1 6 0 3 1 0 0 3 1 1 6 4 2 2 4 6 5 5 1 2 0 0 4 6
split_gain=303241 39046.6 21011.2 14720.7 45345.6 21383.2 18398 14439.2 13224.2 13380.6 13177.2 12323.3 12276.2 15091.8 45326.8 24815.9 20460 12250 14880.1 26789.5 49650.2 38467.6 17405.8 24145.4 23359 18217.4 41778.9 57011.9 24365 18231
threshold=423.50000000000006 67.500000000000014 624.50000000000011 39.500000000000007 58.500000000000007 7.5000000000000009 642.50000000000011 290.50000000000006 22.550000000000004 12.500000000000002 284.50000000000006 29.850000000000005 26.250000000000004 27.500000000000004 484.50000000000006 511.50000000000006 513.50000000000011 489.50000000000006 59.500000000000007 57.500000000000007 683.50000000000011 901.50000000000011 72.500000000000014 10.500000000000002 660.50000000000011 54.500000000000007 26.450000000000003 21.850000000000005 675.50000000000011 682.50000000000011
decision_type=2 2 2 2 2 2 2 2 2 2 2 2 2 2 2 2 2 2 2 2 2 2 2 2 2 2 2 2 2 2
left_child=1 -1 3 4 -2 -6 7 -5 9 -8 -9 17 13 15 16 -3 -15 -4 19 22 -21 -22 23 -19 -24 28 27 -27 29 -25
right_child=2 12 11 6 5 -7 8 10 -10 -11 -12 -13 -14 14 -16 -17 -18 18 -20 20 21 -23 24 25 -26 26 -28 -29 -30 -31
leaf_value=-0.20598794979026144 0.25173943346504729 -0.10184601500925677 1.6615172934532165 1.0314151004470629 -0.48959556579589841 -2.8016957449913029 1.6010811336338522 1.2898572505684571 1.7235492438883395 0.035667852398961093 0.18988171377489402 0.70694328835074582 0.24905865838010077 0.093997646711256766 1.7980305964079424 -1.3269933564025305 -1.4886411428451538 0.60365128049101591 0.61534099985669921 -2.3173940453816342 0.8892087918740732 -1.6327696709405808 2.0728060096502303 -1.4308095537564336 0.53635612430922486 0.050633919239044194 0.4342499581029321 -3.7246761369705199 0.50453443710692225 0.44292078472319107
leaf_weight=6946 148 1066 20 58 20 20 20 28 37 43 986 584 497 741 39 43 21 273 552 27 54 21 32 34 109 20 41 20 160 21
leaf_count=6946 148 1066 20 58 20 20 20 28 37 43 986 584 497 741 39 43 21 273 552 27 54 21 32 34 109 20 41 20 160 21
internal_value=4.7009e-09 -0.145849 0.409893 0.258765 -0.15196 -1.64565 0.324649 0.264143 0.973267 0.532624 0.220256 0.514332 0.0276974 -0.0299029 0.135473 -0.149349 0.0503816 0.433056 0.415044 0.278881 -0.478829 0.183055 0.387735 0.264498 0.885054 -0.0483016 -0.687365 -1.83702 0.192462 -0.715385
internal_weight=12681 9353 3328 1360 188 40 1172 1072 100 63 1014 1968 2407 1910 801 1109 762 1384 1364 812 102 75 710 569 141 296 81 40 215 55
internal_count=12681 9353 3328 1360 188 40 1172 1072 100 63 1014 1968 2407 1910 801 1109 762 1384 1364 812 102 75 710 569 141 296 81 40 215 55
is_linear=0
shrinkage=0.05


Tree=80
num_leaves=31
num_cat=0
split_feature=6 4 4 5 3 4 1 5 2 6 0 4 1 3 4 1 3 3 5 2 3 1 1 0 6 0 3 1 2 5
split_gain=275983 39822.8 19122.6 16764.9 36967.5 35681.7 44430 33800.9 37621.1 21608.5 19642.7 16564.7 18988 17966.3 21800.2 17745.7 15780.8 35388.8 24709.5 14481.9 12247.8 11629.2 13020.8 11781.2 15606.9 11299.6 14512.3 16400.4 17131 22434
threshold=438.50000000000006 220.50000000000003 831.50000000000011 99.500000000000014 45.500000000000007 502.50000000000006 494.50000000000006 89.500000000000014 63.500000000000007 474.50000000000006 20.150000000000002 675.50000000000011 654.50000000000011 19.500000000000004 471.50000000000006 763.50000000000011 99.500000000000014 97.500000000000014 48.500000000000007 67.500000000000014 5.5000000000000009 624.50000000000011 565.00000000000011 15.65 173.50000000000003 15.950000000000001 86.500000000000014 527.50000000000011 57.500000000000007 49.500000000000007
decision_type=2 2 2 2 2 2 2 2 2 2 2 2 2 2 2 2 2 2 2 2 2 2 2 2 2 2 2 2 2 2
left_child=1 -1 3 7 11 6 9 16 20 -6 -7 12 13 14 -5 -14 17 25 -18 -20 -9 22 23 -3 -25 -2 27 28 29 -27
right_child=2 21 -4 4 5 10 -8 8 -10 -11 -12 -13 15 -15 -16 -17 18 -19 19 -21 -22 -23 -24 24 -26 26 -28 -29 -30 -31
leaf_value=-0.18086600763202298 -0.089621450897656232 -0.19433619533975921 0.63110422619572049 -0.48591858118772513 0.11590558674541258 -2.9641448077701389 1.6440513532161714 1.4887894416677543 3.0769984556281051 -2.15232697895595 -0.82626093951138579 1.7431673912774948 -1.0767007379959792 1.7232828812352545 1.4459473599558292 0.75517355591058744 0.25245340593497861 -1.2971197712070803 2.0049598937233291 0.52089058208465577 0.10807015200455983 0.95817458904706521 -1.1838414547592402 1.1983528814382023 0.13962558976786033 0.034017279175157754 1.1213288879266283 0.41059914641444401 0.40558810306965942 -1.2033500224351883
leaf_weight=7992 149 270 682 40 21 21 25 29 23 21 22 21 39 29 23 20 88 34 48 25 36 39 20 36 1052 137 61 1466 162 50
leaf_count=7992 149 270 682 40 21 21 25 29 23 21 22 21 39 29 23 20 88 34 48 25 36 39 20 36 1052 137 61 1466 162 50
internal_value=3.53551e-09 -0.137553 0.395548 0.333521 -0.0304058 -0.746258 -0.0248293 0.377987 1.33905 -1.01821 -1.87034 0.427406 0.24442 0.693427 0.219366 -0.455726 0.339891 0.302614 0.816623 1.49672 0.724083 0.106738 0.0826409 0.101293 0.174657 0.329474 0.36276 0.337265 0.029221 -0.29683
internal_weight=12681 9409 3272 2590 282 110 67 2308 88 42 43 172 151 92 63 59 2220 2059 161 73 65 1417 1378 1358 1088 2025 1876 1815 349 187
internal_count=12681 9409 3272 2590 282 110 67 2308 88 42 43 172 151 92 63 59 2220 2059 161 73 65 1417 1378 1358 1088 2025 1876 1815 349 187
is_linear=0
shrinkage=0.05


Tree=81
num_leaves=31
num_cat=0
split_feature=6 4 0 2 1 4 4 1 6 3 5 5 6 0 7 5 3 3 1 1 0 5 1 1 0 5 5 6 5 1
split_gain=249074 35947.4 17538.4 13823.1 69690.2 31087.3 15891.1 15659.8 27005.3 18407.8 24016.5 48833.6 48613 15083.5 12794.4 37796.9 11904.6 12941.4 11753.9 11679 11171.5 10896.5 10386.2 12071.3 11827.4 15075.6 13881.8 17183.4 27302.5 16400.1
threshold=438.50000000000006 227.50000000000003 29.550000000000004 35.500000000000007 846.50000000000011 460.50000000000006 262.50000000000006 816.50000000000011 741.50000000000011 32.500000000000007 10.500000000000002 38.500000000000007 908.50000000000011 21.550000000000004 11.500000000000002 67.500000000000014 60.500000000000007 32.500000000000007 269.50000000000006 858.50000000000011 22.150000000000002 38.500000000000007 621.50000000000011 539.50000000000011 15.65 29.500000000000004 61.500000000000007 392.50000000000006 83.500000000000014 414.50000000000006
decision_type=2 2 2 2 2 2 2 2 2 2 2 2 2 2 2 2 2 2 2 2 2 2 2 2 2 2 2 2 2 2
left_child=1 -1 3 4 5 -2 -5 18 -9 10 -10 12 -12 -13 21 -16 17 -4 -8 -15 -11 -7 23 24 -3 -26 -27 29 -29 -28
right_child=2 22 16 6 -6 14 7 8 9 20 11 13 -14 19 15 -17 -18 -19 -20 -21 -22 -23 -24 -25 25 26 27 28 -30 -31
leaf_value=-0.17093396066048097 -1.4895599862803586 -0.1964117102295859 0.58728310482042168 1.653852241453917 -2.7402283852750604 0.43930083715489937 1.1888787162654539 2.1039532780647279 0.937596897679007 0.37573848908597773 0.019045193957500772 -0.34012719474989794 -2.3632098973248943 0.073593927706990928 0.28748083092758192 2.4799177494049074 1.7548917642661506 -0.52700716212943755 0.25035781731365486 1.2660504232753409 1.7724031297171987 -1.0673874894777933 0.9003711858391763 -0.82044551637437613 -0.024608886512449253 0.56355087777633162 0.14482632454617747 -2.0131797254085542 0.12106852760148604 1.6754681617021561
leaf_weight=8044 23 256 746 23 22 28 34 28 117 22 61 29 33 28 92 25 21 27 1774 77 41 21 40 36 473 334 140 23 43 20
leaf_count=8044 23 256 746 23 22 28 34 28 117 22 61 29 33 28 92 25 21 27 1774 77 41 21 40 36 473 334 140 23 43 20
internal_value=-1.66351e-09 -0.130675 0.375771 0.310244 -0.0768409 0.233183 0.346272 0.33287 0.601842 0.498756 0.355239 0.0563976 -0.817278 0.669275 0.471876 0.75595 0.580273 0.548362 0.268007 0.948062 1.28468 -0.206423 0.106572 0.0826086 0.10783 0.183227 0.358775 0.056141 -0.622685 0.336157
internal_weight=12681 9409 3272 2478 211 189 2267 2244 436 408 345 228 94 134 166 117 794 773 1808 105 63 49 1365 1325 1289 1033 560 226 66 160
internal_count=12681 9409 3272 2478 211 189 2267 2244 436 408 345 228 94 134 166 117 794 773 1808 105 63 49 1365 1325 1289 1033 560 226 66 160
is_linear=0
shrinkage=0.05


Tree=82
num_leaves=31
num_cat=0
split_feature=6 4 5 3 2 4 5 2 4 2 1 4 3 6 0 2 0 2 0 0 4 7 0 0 3 8 5 5 2 3
split_gain=224790 32667.4 17196.3 28973.2 31824.9 66617.2 26556 34912.4 24224.3 19564.8 17499.4 24344.5 42829 20674.4 13304.1 32137.2 127223 162078 23763 21881.6 12868.5 26570.7 13638.6 15416.7 10670.9 13503.1 14190.3 13656.4 13032.4 10109.9
threshold=438.50000000000006 197.50000000000003 99.500000000000014 65.500000000000014 46.500000000000007 492.50000000000006 89.500000000000014 64.500000000000014 340.50000000000006 40.500000000000007 767.50000000000011 650.50000000000011 94.500000000000014 857.50000000000011 24.550000000000004 59.500000000000007 22.950000000000003 51.500000000000007 19.350000000000005 22.250000000000004 506.50000000000006 14.500000000000002 18.750000000000004 21.350000000000005 86.500000000000014 2.5000000000000004 47.500000000000007 50.500000000000007 67.500000000000014 21.500000000000004
decision_type=2 2 2 2 2 2 2 2 2 2 2 2 2 2 2 2 2 2 2 2 2 2 2 2 2 2 2 2 2 2
left_child=1 -1 6 9 -5 8 10 29 -6 -4 13 -12 14 24 15 16 18 -18 -13 -17 21 -11 -22 -24 -2 26 -26 -27 -29 -8
right_child=2 -3 3 4 5 -7 7 -9 -10 20 11 12 -14 -15 -16 19 17 -19 -20 -21 22 -23 23 -25 25 27 -28 28 -30 -31
leaf_value=-0.16621733878133937 0.20270563832156374 0.082147465285773824 -0.65772838354110719 0.56073765100971351 -1.4387260164533344 -3.7724877560138701 1.2273851651894419 2.9681505441665652 0.99270804569125171 0.79100186177054232 2.1015289346377055 -0.20867688020070393 -1.6918582591143523 1.7617596367131112 0.6502103927388343 0.17726566824364265 0.27463476019246236 -5.3900241416433587 1.564767510283227 1.3752369209710096 1.9321580333842172 -1.186502273953878 -0.39388681252797447 1.282517365179956 0.4725169609398826 0.41551576410531998 -1.1231336592273278 1.6922927680390853 0.31149910163879396 0.010652002596086072
leaf_weight=7815 1537 1594 40 31 21 20 38 22 20 49 24 30 22 23 736 81 28 23 51 72 27 26 24 32 38 125 22 54 25 31
leaf_count=7815 1537 1594 40 31 21 20 38 22 20 49 24 30 22 23 736 81 28 23 51 72 27 26 24 32 38 125 22 54 25 31
internal_value=-2.12502e-09 -0.124141 0.356982 -0.0105846 -0.743761 -1.4067 0.392728 1.23374 -0.252661 0.330083 0.366256 0.527093 0.490864 0.272169 0.537897 0.247851 -0.323772 -2.28002 0.907936 0.741017 0.580162 0.105467 1.0091 0.564058 0.253146 0.546809 -0.112555 0.740739 1.25533 0.680737
internal_weight=12681 9409 3272 290 92 61 2982 91 41 198 2891 1067 1043 1824 1021 285 132 51 81 153 158 75 83 56 1801 264 60 204 79 69
internal_count=12681 9409 3272 290 92 61 2982 91 41 198 2891 1067 1043 1824 1021 285 132 51 81 153 158 75 83 56 1801 264 60 204 79 69
is_linear=0
shrinkage=0.05


Tree=83
num_leaves=31
num_cat=0
split_feature=4 4 4 1 6 3 8 0 5 1 1 0 1 6 2 1 6 5 0 1 2 2 0 5 1 5 1 6 0 5
split_gain=203159 27605.8 14929.9 14973.4 15399.6 15425.5 12272.7 35044.4 41219.6 24360.8 14528.3 12319.3 19298.2 11763.6 12227.5 45578.3 21992.1 48063.6 56184.4 19136.2 13393.1 26749.4 28920 20836.1 13360.6 11915.8 10790.6 16334.6 11189.1 11891.9
threshold=423.50000000000006 66.500000000000014 878.50000000000011 273.50000000000006 911.50000000000011 10.500000000000002 4.5000000000000009 22.450000000000003 75.500000000000014 594.50000000000011 478.50000000000006 16.050000000000004 245.50000000000003 905.50000000000011 44.500000000000007 858.50000000000011 594.50000000000011 58.500000000000007 22.050000000000004 520.50000000000011 38.500000000000007 40.500000000000007 24.850000000000005 70.500000000000014 865.50000000000011 49.500000000000007 445.50000000000006 290.50000000000006 15.750000000000002 4.5000000000000009
decision_type=2 2 2 2 2 2 2 2 2 2 2 2 2 2 2 2 2 2 2 2 2 2 2 2 2 2 2 2 2 2
left_child=1 -1 3 -2 13 -6 7 9 -9 -3 11 12 -8 14 15 16 17 -5 -19 -18 23 22 -22 -21 26 -26 27 -16 29 -29
right_child=2 6 -4 4 5 -7 10 8 -10 -11 -12 -13 -14 -15 24 -17 19 18 -20 20 21 -23 -24 -25 25 -27 -28 28 -30 -31
leaf_value=-0.17018619758434295 1.3703482748940587 -0.070313655437167125 0.61079935749997072 0.1310987836151731 0.50106034532475929 2.0335212846597037 0.030758518377939859 0.082259094768336843 -2.5851889888445538 1.6122622349045495 1.1943447388468251 0.14428417998151138 -1.4201932656776275 -0.88798967708240861 1.2093186472853026 -1.8911527635263548 1.813647488148316 -0.059935065110524502 -3.6481920158863073 0.32986575441005139 -2.4733503782749175 0.40365466102234371 0.10104340588053068 1.5965171630789596 0.54629146042992083 1.6914614560142642 0.3417933126622148 0.1098086676001549 0.03932880282934223 -1.4750102096590503
leaf_weight=6929 32 970 429 204 52 24 75 28 30 22 31 1235 33 22 24 28 23 24 20 156 20 103 24 41 85 31 1783 20 154 29
leaf_count=6929 32 970 429 204 52 24 75 28 30 22 31 1235 33 22 24 28 23 24 20 156 20 103 24 41 85 31 1783 20 154 29
internal_value=-1.7883e-09 -0.119379 0.335502 0.294763 0.282758 0.984995 0.0258537 -0.102845 -1.29746 -0.0329985 0.124204 0.0995022 -0.412588 0.263636 0.272785 0.0817328 0.171555 -0.19217 -1.69096 0.417342 0.323985 -0.0371805 -1.06914 0.593484 0.330569 0.852328 0.300457 -0.024224 -0.170062 -0.828145
internal_weight=12681 9353 3328 2899 2867 76 2424 1050 58 992 1374 1343 108 2791 2769 643 615 248 44 367 344 147 44 197 2126 116 2010 227 203 49
internal_count=12681 9353 3328 2899 2867 76 2424 1050 58 992 1374 1343 108 2791 2769 643 615 248 44 367 344 147 44 197 2126 116 2010 227 203 49
is_linear=0
shrinkage=0.05


Tree=84
num_leaves=31
num_cat=0
split_feature=6 4 5 3 2 4 5 2 4 2 0 2 2 3 1 5 1 6 3 5 5 6 1 2 4 7 0 0 8 5
split_gain=183355 27484 14847.1 25945 28917.7 60682.3 24323.2 31631.9 21578.3 16577.2 15771.3 16601.1 96978.7 16487.7 19279.8 15005.5 14630.7 21685.1 17098.6 24564.2 30975.9 51012 17401.6 14437.4 11477.2 23650.4 12596.5 13976.2 11443.1 12270.6
threshold=438.50000000000006 227.50000000000003 99.500000000000014 65.500000000000014 46.500000000000007 492.50000000000006 89.500000000000014 64.500000000000014 340.50000000000006 40.500000000000007 29.450000000000003 29.500000000000004 27.500000000000004 86.500000000000014 752.50000000000011 57.500000000000007 793.50000000000011 734.50000000000011 32.500000000000007 10.500000000000002 38.500000000000007 908.50000000000011 878.50000000000011 56.500000000000007 506.50000000000006 14.500000000000002 18.750000000000004 21.350000000000005 2.5000000000000004 47.500000000000007
decision_type=2 2 2 2 2 2 2 2 2 2 2 2 2 2 2 2 2 2 2 2 2 2 2 2 2 2 2 2 2 2
left_child=1 -1 6 9 -5 8 10 -8 -6 -4 11 12 -2 16 28 -12 -13 -18 19 -19 21 -21 23 -22 25 -11 -26 -28 29 -15
right_child=2 -3 3 4 5 -7 7 -9 -10 24 15 13 -14 14 -16 -17 17 18 -20 20 22 -23 -24 -25 26 -27 27 -29 -30 -31
leaf_value=-0.14731999482602956 0.55622576199471951 0.095329388630974732 -0.6060232841968537 0.53055597812898703 -1.3628520034608389 -3.6028148710727694 0.6341197245794794 2.8114169012416497 0.93195322185754792 0.73190441636406645 0.46907143280439767 0.13758766565669056 -3.4641112747788427 0.43201047872242171 1.7937151011079551 1.4743321843827384 1.7896632646692212 0.76814274999841647 1.2200828293584429 0.019843766319600845 -1.0782680347561837 -2.3465068398043516 1.0526886906990638 0.48816832586338643 1.8256163296876133 -1.1337652316460243 -0.40127168099085497 1.1948922239243984 0.67805043457594427 -1.0517922989346766
leaf_weight=8044 60 1365 40 31 21 20 69 22 20 49 771 1247 20 38 32 39 29 148 53 79 24 32 65 38 27 26 24 32 194 22
leaf_count=8044 60 1365 40 31 21 20 69 22 20 49 771 1247 20 38 32 39 29 148 53 79 24 32 65 38 27 26 24 32 194 22
internal_value=3.1571e-10 -0.112118 0.322408 -0.0191301 -0.712934 -1.34487 0.355622 1.1605 -0.243435 0.303243 0.330287 0.257428 -0.448858 0.285665 0.637125 0.517473 0.227054 0.46544 0.377963 0.262335 -0.052201 -0.662347 0.481077 -0.118194 0.533437 0.0851389 0.938526 0.510822 0.491412 -0.112051
internal_weight=12681 9409 3272 290 92 61 2982 91 41 198 2891 2081 80 2001 286 810 1715 468 439 386 238 111 127 62 158 75 83 56 254 60
internal_count=12681 9409 3272 290 92 61 2982 91 41 198 2891 2081 80 2001 286 810 1715 468 439 386 238 111 127 62 158 75 83 56 254 60
is_linear=0
shrinkage=0.05


Tree=85
num_leaves=31
num_cat=0
split_feature=4 1 4 1 3 2 1 5 0 3 3 0 6 0 5 2 3 5 6 6 5 3 5 0 2 1 5 6 8 0
split_gain=165750 23340.3 13676.7 13153.3 11901.8 11576.6 16739.2 25203.8 21524.2 21447 16832.3 15301.4 61651 23840.3 60174.6 53503.8 51458.7 49280.3 33326 20736.5 14780.2 13739.2 18517.5 16342.4 12785.6 14173.2 12406.6 16877.4 12600.8 17417.1
threshold=423.50000000000006 37.500000000000007 934.50000000000011 273.50000000000006 3.5000000000000004 59.500000000000007 757.50000000000011 99.500000000000014 19.750000000000004 32.500000000000007 59.500000000000007 26.250000000000004 908.50000000000011 22.650000000000002 10.500000000000002 55.500000000000007 33.500000000000007 58.500000000000007 543.50000000000011 763.50000000000011 89.500000000000014 86.500000000000014 85.500000000000014 28.250000000000004 55.500000000000007 797.50000000000011 37.500000000000007 424.50000000000006 2.5000000000000004 19.150000000000002
decision_type=2 2 2 2 2 2 2 2 2 2 2 2 2 2 2 2 2 2 2 2 2 2 2 2 2 2 2 2 2 2
left_child=1 -1 3 -2 -4 11 7 26 -8 -10 -9 12 13 19 -15 16 18 -18 -16 -5 -20 22 -13 -23 25 -21 -7 -28 -29 -30
right_child=2 -3 4 5 -6 6 8 10 9 -11 -12 21 -14 14 15 -17 17 -19 20 24 -22 23 -24 -25 -26 -27 27 28 29 -31
leaf_value=-0.15897326917149415 1.2743697012915758 0.014153888847505647 0.4149610704585408 0.20012927844125278 1.3403431456339989 0.1237937839130703 -0.8753341905095362 -0.10991308147969998 0.61049401975754236 1.8448933836741326 -1.8737827494030908 0.34650649957149843 -2.486958109814188 0.40454345008320347 -1.6327229273319244 -2.8327086152701546 -0.37081563538975187 -3.5587671626697892 0.19191932304287859 1.5757094883918763 1.6875094910462698 1.9326781396079682 -1.1585556041626703 0.12549474889581855 2.0755688190460204 0.016963207636560711 1.4587653315202758 -0.45330066201654645 1.3270718787204137 0.33744099760299617
leaf_weight=6590 33 2763 89 642 57 349 22 38 360 39 21 762 23 196 20 29 27 22 53 25 24 29 21 22 22 35 44 37 55 232
leaf_count=6590 33 2763 89 642 57 349 22 38 360 39 21 762 23 196 20 29 27 22 53 25 24 29 21 22 22 35 44 37 55 232
internal_value=9.85857e-10 -0.107829 0.303043 0.281331 0.77624 0.270925 0.393348 0.255627 0.6472 0.73115 -0.737731 0.195852 0.0749432 0.128755 -0.197158 -0.871063 -0.481421 -1.80214 0.185747 0.295762 0.658077 0.357934 0.306141 1.15311 1.0445 0.666441 0.337368 0.539915 0.415133 0.527092
internal_weight=12681 9353 3328 3182 146 3149 1197 776 421 399 59 1952 1118 1095 371 175 146 49 97 724 77 834 783 51 82 60 717 368 324 287
internal_count=12681 9353 3328 3182 146 3149 1197 776 421 399 59 1952 1118 1095 371 175 146 49 97 724 77 834 783 51 82 60 717 368 324 287
is_linear=0
shrinkage=0.05


Tree=86
num_leaves=31
num_cat=0
split_feature=6 4 1 4 0 6 7 7 1 7 2 6 0 4 1 3 4 3 5 3 4 1 4 4 5 4 8 4 2 5
split_gain=150883 22527.6 12579.1 12574 11500.9 20496.6 10487.4 13942.4 13724.1 11400.8 11225.4 12396.5 20985.8 10169.8 12726.5 10073.5 9437.62 9779.14 8696.24 8106.11 7916.37 8285.33 7778.47 11396.3 29359.1 11192 9128.64 8025.42 18238.2 7914.43
threshold=438.50000000000006 220.50000000000003 930.50000000000011 237.50000000000003 29.450000000000003 928.50000000000011 11.500000000000002 14.500000000000002 465.50000000000006 12.500000000000002 68.500000000000014 411.50000000000006 22.650000000000002 896.50000000000011 893.50000000000011 60.500000000000007 884.50000000000011 26.500000000000004 16.500000000000004 72.500000000000014 278.50000000000006 269.50000000000006 329.50000000000006 379.50000000000006 97.500000000000014 403.50000000000006 9.5000000000000018 526.50000000000011 45.500000000000007 99.500000000000014
decision_type=2 2 2 2 2 2 2 2 2 2 2 2 2 2 2 2 2 2 2 2 2 2 2 2 2 2 2 2 2 2
left_child=1 -1 3 -2 5 13 10 8 19 -10 11 -3 -13 20 -15 16 17 18 -6 -8 -5 -22 -23 24 -24 -25 29 28 -28 -27
right_child=2 6 -4 4 15 -7 7 -9 9 -11 -12 12 -14 14 -16 -17 -18 -19 -20 -21 21 22 23 25 -26 26 27 -29 -30 -31
leaf_value=-0.13428359700492301 1.5165863811969758 -0.11037292320005321 0.66970851456629488 -0.70207144369681673 0.10038073304416249 -1.0135621836080271 2.1472054946422579 0.11519363399489696 -0.55456315733205819 0.74544308347006638 0.27206729282490433 -2.0084758249421912 0.061451083153486255 1.3527377261356874 0.20234730387071395 1.5409409493207933 0.96667079051483928 -0.45774332549836905 0.51809087782524665 0.78424886365731561 0.96324126207166261 0.89803437539495734 0.45576740900675461 1.0665227927066183 -1.842583876848221 0.2669501779473637 -1.566728761792183 0.14185238245084431 -0.051314631213123602 -0.089484444889374556
leaf_weight=7992 20 405 207 24 179 34 20 672 26 48 173 24 25 44 53 20 67 36 410 24 36 39 33 37 24 1561 26 165 84 173
leaf_count=7992 20 405 207 24 179 34 20 672 26 48 173 24 25 44 53 20 67 36 410 24 36 39 33 37 24 1561 26 165 84 173
internal_value=-3.18299e-10 -0.101706 0.292468 0.266991 0.258783 0.205102 0.0820313 0.203214 0.704481 0.288684 -0.0706548 -0.201251 -0.952391 0.223125 0.724174 0.43468 0.402708 0.342251 0.391147 1.40377 0.201053 0.211005 0.198362 0.185387 -0.511959 0.204814 0.188944 -0.0786899 -0.409503 0.231389
internal_weight=12681 9409 3272 3065 3045 2333 1417 790 118 74 627 454 49 2299 97 712 692 625 589 44 2202 2178 2142 2103 57 2046 2009 275 110 1734
internal_count=12681 9409 3272 3065 3045 2333 1417 790 118 74 627 454 49 2299 97 712 692 625 589 44 2202 2178 2142 2103 57 2046 2009 275 110 1734
is_linear=0
shrinkage=0.05


Tree=87
num_leaves=31
num_cat=0
split_feature=6 4 1 4 0 2 1 4 5 5 1 5 6 5 3 0 0 0 0 7 0 4 1 8 3 7 2 5 5 5
split_gain=136172 20420 11876.2 11133.9 10130.3 10760.4 57872.7 36893.4 13046.2 10153.3 22272.3 15778.8 54532.9 23268.4 13650.7 22654.1 13030.9 12244.6 18319.2 41418.3 86127.5 27742.3 15474.2 18668.3 32865.6 35165 27505.7 92399.4 24403.4 20182.8
threshold=438.50000000000006 129.50000000000003 963.50000000000011 237.50000000000003 29.550000000000004 35.500000000000007 846.50000000000011 475.50000000000006 82.500000000000014 44.500000000000007 816.50000000000011 10.500000000000002 932.50000000000011 12.500000000000002 41.500000000000007 21.250000000000004 26.150000000000002 26.450000000000003 22.650000000000002 12.500000000000002 23.550000000000004 526.50000000000011 767.50000000000011 2.5000000000000004 92.500000000000014 13.500000000000002 60.500000000000007 99.500000000000014 76.500000000000014 84.500000000000014
decision_type=2 2 2 2 2 2 2 2 2 2 2 2 2 2 2 2 2 2 2 2 2 2 2 2 2 2 2 2 2 2
left_child=1 -1 3 -2 5 6 7 -5 -9 11 17 -7 13 -13 15 -12 -17 18 22 20 -20 -21 23 24 29 -26 28 -28 -25 -11
right_child=2 -3 -4 4 -6 9 -8 8 -10 10 14 12 -14 -15 -16 16 -18 -19 19 21 -22 -23 -24 26 25 -27 27 -29 -30 -31
leaf_value=-0.13515854794243426 1.4407570719718934 0.044168038126983999 0.96897140399354409 -1.7188917590224226 0.41695241456345161 0.32957543183607607 -2.5621934121305294 0.23262689020622662 1.4977638641993205 -0.21641820147633553 -0.48834744875629749 -1.2338766473712344 -2.4760558908635919 0.1310614509281606 1.944457209551776 1.464627580000804 0.079857304821843694 0.67619484284905351 -1.9043972808381786 -2.3298445678526356 1.9183462823309552 -0.27585458585194184 -0.68139404136883597 0.37948085100136025 -2.6372102626345377 0.034073374952588768 0.6975569663056429 -2.178875274913652 1.5184807770507467 1.0039015690563247
leaf_weight=7387 20 2022 61 23 758 586 22 135 24 72 30 33 22 580 27 65 23 147 23 31 41 35 38 88 22 28 138 35 101 64
leaf_count=7387 20 2022 61 23 758 586 22 135 24 72 30 33 22 580 27 65 23 147 23 31 41 35 38 88 22 28 138 35 101 64
internal_value=-1.83236e-09 -0.0966212 0.277845 0.264715 0.257344 0.207619 -0.13996 0.152838 0.423591 0.239429 0.356877 0.14247 -0.0301977 0.0575819 0.930258 0.698196 1.1027 0.260539 0.175201 -0.361762 0.544548 -1.24061 0.294323 0.361982 -0.0451451 -1.14129 0.571169 0.11562 0.988153 0.35785
internal_weight=12681 9409 3272 3211 3191 2433 204 182 159 2229 1008 1221 635 613 145 118 88 863 716 130 64 66 586 548 186 50 362 173 189 136
internal_count=12681 9409 3272 3211 3191 2433 204 182 159 2229 1008 1221 635 613 145 118 88 863 716 130 64 66 586 548 186 50 362 173 189 136
is_linear=0
shrinkage=0.05


Tree=88
num_leaves=31
num_cat=0
split_feature=4 1 4 2 7 0 0 2 5 6 6 8 8 0 5 2 0 2 6 0 8 0 3 4 5 3 0 3 1 1
split_gain=123444 17967.4 11231 11336.9 14873 12723.9 61375.4 188130 26867 60045.4 26017.6 15927.4 40269.7 22505.9 19555.9 14057.5 11910.4 26362.8 35295.4 15396 12982.3 19138.7 19216.1 13199.7 11176 11164.6 9913.69 11542.8 47419.9 22316.2
threshold=423.50000000000006 4.5000000000000009 934.50000000000011 59.500000000000007 14.500000000000002 25.050000000000004 22.950000000000003 55.500000000000007 26.500000000000004 708.50000000000011 763.50000000000011 4.5000000000000009 5.5000000000000009 19.550000000000004 59.500000000000007 55.500000000000007 19.750000000000004 74.500000000000014 763.50000000000011 15.450000000000001 5.5000000000000009 23.950000000000003 28.500000000000004 714.50000000000011 72.500000000000014 3.5000000000000004 25.450000000000003 27.500000000000004 484.50000000000006 511.50000000000006
decision_type=2 2 2 2 2 2 2 2 2 2 2 2 2 2 2 2 2 2 2 2 2 2 2 2 2 2 2 2 2 2
left_child=1 -1 3 5 16 6 10 8 -8 -10 11 13 -13 -2 -15 24 17 18 19 -5 21 22 -18 -24 -12 -4 27 29 -29 -3
right_child=2 26 25 4 -6 -7 7 -9 9 -11 15 12 -14 14 -16 -17 20 -19 -20 -21 -22 -23 23 -25 -26 -27 -28 28 -30 -31
leaf_value=-0.14333002146177831 0.11574494176040384 -0.10224424172649985 0.34042029086123693 -0.69131756573915482 0.11336418104898414 0.29772101173481308 0.2300819923879136 -4.6743196083949163 -2.4705086615155727 0.47975543030670709 0.1526926019362041 -2.0698509411403427 0.11839170642589268 0.44001806112668984 1.919909797345891 2.0022659443042898 0.37843178238719705 1.3903983493168386 -1.8297288099924724 0.43616377906311277 0.42888045368246597 2.252807127436002 2.5163180409371857 0.96714374345134613 1.4879251441955568 1.2366842087946441 0.16569617244558812 0.018934127353513235 1.8659524559974672 -1.2996934570372105
leaf_weight=6128 451 1426 89 38 405 956 141 26 34 35 42 27 95 65 34 27 120 39 24 149 361 24 20 44 25 57 722 1001 36 40
leaf_count=6128 451 1426 89 38 405 956 141 26 34 35 42 27 95 65 34 27 120 39 24 149 361 24 20 44 25 57 722 1001 36 40
internal_value=-1.90601e-09 -0.0930562 0.261525 0.24185 0.361216 0.167231 0.0427306 -0.662274 -0.165544 -0.973998 0.259938 0.150953 -0.365892 0.265598 0.948264 1.03907 0.48378 0.196122 -0.0246216 0.20705 0.610168 0.924807 0.75159 1.45126 0.650914 0.690332 0.00247193 -0.0446107 0.0830543 -0.134917
internal_weight=12681 9353 3328 3182 1224 1958 1002 236 210 69 766 672 122 550 99 94 819 250 211 187 569 208 184 64 67 146 3225 2503 1037 1466
internal_count=12681 9353 3328 3182 1224 1958 1002 236 210 69 766 672 122 550 99 94 819 250 211 187 569 208 184 64 67 146 3225 2503 1037 1466
is_linear=0
shrinkage=0.05


Tree=89
num_leaves=31
num_cat=0
split_feature=4 1 1 0 1 5 3 1 8 6 8 0 7 8 6 1 1 1 1 4 1 8 6 3 1 2 5 3 2 0
split_gain=111529 17634.9 14971.7 12309 10527 9319.46 10914.9 23533.4 19826.7 15746.2 15031.9 30762.6 15079.4 14813.1 14099.5 12991.3 12083.2 26220.7 18310.9 13786.5 10457 16860.7 13042.6 10416.8 9424.09 8542.34 21628.7 43065.7 54613.4 39298
threshold=447.50000000000006 16.500000000000004 273.50000000000006 15.250000000000002 963.50000000000011 29.500000000000004 22.500000000000004 484.50000000000006 3.5000000000000004 487.50000000000006 4.5000000000000009 21.750000000000004 15.500000000000002 11.500000000000002 523.00000000000011 235.50000000000003 408.50000000000006 337.50000000000006 370.50000000000006 364.50000000000006 474.50000000000006 10.500000000000002 360.50000000000006 1.0000000180025095e-35 434.50000000000006 59.500000000000007 76.500000000000014 18.500000000000004 70.500000000000014 21.150000000000002
decision_type=2 2 2 2 2 2 2 2 2 2 2 2 2 2 2 2 2 2 2 2 2 2 2 2 2 2 2 2 2 2
left_child=1 -1 -2 -3 25 -5 10 9 -9 13 11 12 14 16 -7 -15 17 -8 -19 -18 21 -12 -23 -22 -14 -4 -27 -28 29 -29
right_child=2 3 4 5 -6 6 7 8 -10 -11 20 -13 24 15 -16 -17 19 18 -20 -21 23 22 -24 -25 -26 26 27 28 -30 -31
leaf_value=-0.13381905660967927 1.387501704076241 -0.18408537050651463 0.16863205028425526 -0.06405354097973473 0.89663672730570942 -0.28685704895977593 0.081858154674007644 2.1509417978922527 0.22285756990313532 -0.9764100626662926 0.20839338262117876 -1.9143285279448792 0.059530163917133186 0.10558608695864678 -1.7488505910150707 1.495994100258464 -1.4749548870584239 2.1371423721313478 0.43229899265699923 0.23812177032232285 1.7473193360865118 -0.17953405637914938 -1.6027562499046326 0.18707739425742109 1.202958885828654 0.41922232913916435 0.84936534779284301 -2.5703955373593743 1.3116026377677918 0.078662010601588672
leaf_weight=6339 29 646 1922 941 61 94 369 30 24 27 537 26 127 28 20 42 23 28 36 24 20 60 22 23 21 1025 54 42 20 21
leaf_count=6339 29 646 1922 941 61 94 369 30 24 27 537 26 127 28 20 42 23 28 36 24 20 60 22 23 21 1025 54 42 20 21
internal_value=-2.16024e-10 -0.0856778 0.256629 0.0106502 0.246201 0.0605309 0.134683 0.295882 1.29402 0.202469 0.0276127 -0.273929 -0.111142 0.260341 -0.543347 0.939831 0.161249 0.243899 1.17817 -0.600192 0.158797 0.106421 -0.561374 0.912771 0.221773 0.233336 0.340358 -0.249686 -0.964731 -1.68738
internal_weight=12681 9507 3174 3168 3145 2522 1581 631 54 577 950 288 262 550 114 70 480 433 64 47 662 619 82 43 148 3084 1162 137 83 63
internal_count=12681 9507 3174 3168 3145 2522 1581 631 54 577 950 288 262 550 114 70 480 433 64 47 662 619 82 43 148 3084 1162 137 83 63
is_linear=0
shrinkage=0.05


Tree=90
num_leaves=31
num_cat=0
split_feature=4 4 3 1 0 6 0 6 1 3 1 5 2 8 7 7 8 1 2 3 2 1 5 3 0 0 5 1 4 8
split_gain=101341 18993.7 11579.8 30812.9 23570.2 34248.4 19744 25129.5 15365.8 13371.2 47213.7 12805.5 11816.8 25384.4 11886.3 16481.4 24254.5 12754.1 11387.2 10891.9 9210.76 16891.6 14688.1 51752 17584.9 26185.7 15930.6 13157.1 16485.8 9428.2
threshold=497.50000000000006 57.500000000000007 27.500000000000004 484.50000000000006 25.950000000000003 536.50000000000011 26.250000000000004 533.50000000000011 511.50000000000006 5.5000000000000009 621.50000000000011 30.500000000000004 48.500000000000007 2.5000000000000004 12.500000000000002 14.500000000000002 11.500000000000002 392.50000000000006 64.500000000000014 79.500000000000014 61.500000000000007 959.50000000000011 76.500000000000014 65.500000000000014 19.050000000000004 21.350000000000005 34.500000000000007 565.00000000000011 560.50000000000011 8.5000000000000018
decision_type=2 2 2 2 2 2 2 2 2 2 2 2 2 2 2 2 2 2 2 2 2 2 2 2 2 2 2 2 2 2
left_child=1 -1 6 11 5 -5 7 -3 -8 10 -9 -4 13 -13 17 16 -16 -14 -19 -15 21 -2 26 24 -24 -26 -22 28 -28 -29
right_child=20 2 3 4 -6 -7 8 9 -10 -11 -12 12 14 19 15 -17 -18 18 -20 -21 22 -23 23 -25 25 -27 27 29 -30 -31
leaf_value=-0.12162002574797873 0.17827608229433234 -0.093100517054287582 -0.19648591078407432 0.38513100975089604 -0.47532739937305452 2.5816466966697149 0.14201630000096951 -2.0766061059453271 1.2392831111655518 -1.8077199306339027 1.2378879640783582 -1.8522089765185403 0.20861463594972807 -0.72392073090259856 2.4671301528811456 0.33111245074473761 0.28257068616372572 -0.072100560231642283 -1.561489859932945 0.53354088621688822 0.24774423271566631 0.98024727417265667 1.8056666320562365 -2.032220796302513 -1.1558229093520862 1.2570409276268699 0.67484586352792886 0.64204641086530623 2.1593741253018379 -0.39222946328421437
leaf_weight=6839 1907 1328 295 36 20 35 518 22 34 32 21 21 214 26 24 272 27 33 21 51 375 68 20 27 23 22 45 269 32 24
leaf_count=6839 1907 1328 295 36 20 35 518 22 34 32 21 21 214 26 24 272 27 33 21 51 375 68 20 27 23 22 45 269 32 24
internal_value=9.79982e-10 -0.0754497 0.0287613 0.160577 1.04083 1.46792 -0.0437208 -0.143389 0.209602 -1.03382 -0.4579 0.0791717 0.197196 -0.311303 0.281516 0.485768 1.3106 0.0353467 -0.651308 0.108943 0.264798 0.205888 0.403803 -0.192235 0.572066 0.0237994 0.477408 0.710176 1.29179 0.557328
internal_weight=12681 9869 3030 1075 91 71 1955 1403 552 75 43 984 689 98 591 323 51 268 54 77 2812 1975 837 92 65 45 745 370 77 293
internal_count=12681 9869 3030 1075 91 71 1955 1403 552 75 43 984 689 98 591 323 51 268 54 77 2812 1975 837 92 65 45 745 370 77 293
is_linear=0
shrinkage=0.05


Tree=91
num_leaves=31
num_cat=0
split_feature=4 6 0 3 1 0 6 6 1 6 0 8 2 2 5 3 1 6 4 5 4 5 0 6 0 5 7 2 6 8
split_gain=91460.4 17353.9 8742.88 11150.2 30932 28532.5 22380.9 20600.2 20920.6 24606.5 9922.39 9375.77 11237.6 10648.8 8599.51 43057.3 30764.6 24475.1 14203.3 9539.62 13771.5 11379.8 24876.6 72844.2 11051 20034.4 14964.8 8986.57 29770.9 14236.4
threshold=497.50000000000006 1.5000000000000002 15.250000000000002 27.500000000000004 484.50000000000006 22.550000000000004 533.50000000000011 638.50000000000011 604.50000000000011 560.50000000000011 23.950000000000003 11.500000000000002 63.500000000000007 68.500000000000014 99.500000000000014 24.500000000000004 755.50000000000011 668.50000000000011 675.50000000000011 37.500000000000007 957.50000000000011 28.500000000000004 29.250000000000004 905.50000000000011 19.950000000000003 30.500000000000004 13.500000000000002 61.500000000000007 462.50000000000006 9.5000000000000018
decision_type=2 2 2 2 2 2 2 2 2 2 2 2 2 2 2 2 2 2 2 2 2 2 2 2 2 2 2 2 2 2
left_child=1 -1 -3 7 11 6 -6 8 9 10 -4 -5 -13 -14 19 18 17 -17 -16 20 21 -2 23 24 26 -26 -23 28 -21 -29
right_child=14 2 3 4 5 -7 -8 -9 -10 -11 -12 12 13 -15 15 16 -18 -19 -20 27 -22 22 -24 -25 25 -27 -28 29 -30 -31
leaf_value=-0.12544141032970468 0.23797099288548515 -0.13440579111590875 -0.098451531294867278 0.040835677386179131 0.78149160206317902 -0.037189985585935191 2.8767476155207707 -1.5721360066107342 1.3845291192884801 -1.6080023457606634 0.1204632653629058 1.1087912124892076 -0.70028358149528502 0.69695676082900415 0.24739810733471887 -1.4717344672783561 -2.6489610944475448 0.86098899949680685 1.7359684608199382 -1.2349392809454471 1.0574879762861464 0.058260132904563638 0.42960626833140858 -3.3228343439102179 -1.089622205555439 0.51843055560318541 -1.643202881018321 0.65786686694964736 0.35133508225224275 -0.62500062403471579
leaf_weight=5954 1246 826 1126 746 25 33 26 21 27 24 958 48 25 30 59 23 21 22 22 31 45 28 130 20 25 86 24 362 645 23
leaf_count=5954 1246 826 1126 746 25 33 26 21 27 24 958 48 25 30 59 23 21 22 22 31 45 28 130 20 25 86 24 362 645 23
internal_value=-5.99746e-10 -0.0716772 0.0100884 0.0487262 0.193132 1.1084 1.84966 -0.013765 0.00156329 -0.0161502 0.00218205 0.102576 0.549744 0.0618475 0.251558 -0.120738 -1.06873 -0.331292 0.651701 0.272094 0.195156 0.170265 -0.0992619 -0.474961 -0.125528 0.156257 -0.72703 0.388408 0.278592 0.581228
internal_weight=12681 9869 3915 3089 933 84 51 2156 2135 2108 2084 849 103 55 2812 147 66 45 81 2665 1604 1559 313 183 163 111 52 1061 676 385
internal_count=12681 9869 3915 3089 933 84 51 2156 2135 2108 2084 849 103 55 2812 147 66 45 81 2665 1604 1559 313 183 163 111 52 1061 676 385
is_linear=0
shrinkage=0.05


Tree=92
num_leaves=31
num_cat=0
split_feature=4 1 5 3 1 0 6 0 6 0 4 6 5 1 2 8 8 0 5 0 3 0 3 0 3 5 0 4 7 0
split_gain=82543 15662.7 8421.5 12976.5 24108 24627.6 21735.9 20146.6 22823.9 19942.6 11770.1 21573.2 20295.2 10448.2 9990.79 7935.31 11460.3 33598.6 53605 89813.5 27954.8 20076.4 18325.8 20650.7 17994.8 18375.3 20366.4 34943.6 28035.1 39260.9
threshold=497.50000000000006 1.5000000000000002 30.500000000000004 27.500000000000004 484.50000000000006 22.550000000000004 540.50000000000011 26.450000000000003 548.50000000000011 20.750000000000004 447.50000000000006 528.50000000000011 60.500000000000007 511.50000000000006 36.500000000000007 9.5000000000000018 4.5000000000000009 23.750000000000004 10.500000000000002 25.850000000000005 1.0000000180025095e-35 20.150000000000002 87.500000000000014 27.650000000000002 66.500000000000014 53.500000000000007 25.950000000000003 701.50000000000011 13.500000000000002 29.750000000000004
decision_type=2 2 2 2 2 2 2 2 2 2 2 2 2 2 2 2 2 2 2 2 2 2 2 2 2 2 2 2 2 2
left_child=1 -1 -3 7 10 6 -6 8 14 -10 11 -5 -12 -9 -4 16 17 -2 -19 20 -20 -18 24 -24 25 -23 27 -27 -28 -30
right_child=15 2 3 4 5 -7 -8 13 9 -11 12 -13 -14 -15 -16 -17 21 18 19 -21 -22 22 23 -25 -26 26 28 -29 29 -31
leaf_value=-0.11922471526766609 0.256123962983628 -0.081993752984024892 -0.83273557197479975 0.1272077556394956 0.75315970201045279 -0.11708821207284928 2.7208235101699829 0.22151858979351308 -0.31790925347081878 -2.2003881305456163 -0.11744010510543984 -1.4958058666881353 1.9610410887262095 1.1601257214943568 -0.045353691499616183 -0.047211812523448415 -0.80274083600253676 0.40728601656321972 -4.2187965148687363 0.62501803617924456 -1.7889315128326417 0.29120776983362889 1.8012742450502186 -0.040437894282133686 -1.0805017850615763 2.4974174081515041 1.007455758487477 0.39409982025623325 -2.0931182672354307 0.96777874946594233
leaf_weight=5949 858 1532 42 818 32 32 25 292 34 24 24 21 23 33 988 223 37 77 20 32 29 1257 45 23 22 39 68 40 22 20
leaf_count=5949 858 1532 42 818 32 32 25 292 34 24 24 21 23 33 988 223 37 77 20 32 29 1257 45 23 22 39 68 40 22 20
internal_value=2.27742e-09 -0.0680933 0.00950379 0.0682032 0.208517 0.992976 1.61617 -0.0286164 -0.131804 -1.09687 0.129717 0.0865841 0.899689 0.316823 -0.0774605 0.23898 0.263631 0.132737 -0.5373 -1.43524 -2.78071 0.348176 0.3759 1.17834 0.338729 0.360322 0.819985 1.43245 0.380127 -0.635548
internal_weight=12681 9869 3920 2388 975 89 57 1413 1088 58 886 839 47 325 1030 2812 2589 1016 158 81 49 1573 1536 68 1468 1446 189 79 110 42
internal_count=12681 9869 3920 2388 975 89 57 1413 1088 58 886 839 47 325 1030 2812 2589 1016 158 81 49 1573 1536 68 1468 1446 189 79 110 42
is_linear=0
shrinkage=0.05


Tree=93
num_leaves=31
num_cat=0
split_feature=4 4 5 6 0 1 6 8 2 6 0 0 5 5 0 3 8 8 0 4 5 2 4 3 5 2 0 4 7 8
split_gain=74843.4 14021.2 9144 10390.9 9470.7 17901.3 19182 28676.6 15369.9 15769 12106.3 24525.4 20923.9 35269.5 12418.7 14354.5 11604.9 21012 24632.3 20517.9 15541.8 18895.9 19943.3 17154.6 20029.5 23753.2 32966.4 11657.9 15876 9658.85
threshold=248.50000000000003 568.50000000000011 18.500000000000004 178.50000000000003 19.450000000000003 663.50000000000011 594.50000000000011 2.5000000000000004 76.500000000000014 548.50000000000011 15.850000000000003 14.050000000000002 64.500000000000014 81.500000000000014 16.450000000000003 25.500000000000004 3.5000000000000004 4.5000000000000009 22.650000000000002 464.50000000000006 69.500000000000014 62.500000000000007 513.50000000000011 80.500000000000014 65.500000000000014 45.500000000000007 28.050000000000004 318.50000000000006 14.500000000000002 5.5000000000000009
decision_type=2 2 2 2 2 2 2 2 2 2 2 2 2 2 2 2 2 2 2 2 2 2 2 2 2 2 2 2 2 2
left_child=-1 2 -2 -4 5 6 8 -8 9 10 11 -5 -13 -14 15 -12 -6 18 19 -18 23 22 27 24 25 26 -19 -22 -29 -27
right_child=1 -3 3 4 16 -7 7 -9 -10 -11 14 12 13 -15 -16 -17 17 20 -20 -21 21 -23 -24 -25 -26 29 -28 28 -30 -31
leaf_value=-0.090011718584337333 -0.081630655402433541 0.2491225620399968 0.98009524279170579 0.26228849267959597 0.99952601181699885 -1.4911106353998185 -0.36105991656130015 2.0708002743897618 0.7169043481349946 -1.2095229542348536 0.14150781348347663 -0.083307209089398385 -3.1332148465243255 -0.53257532343268399 -0.019137824428122063 1.8708176711201667 0.94873486389406025 -2.4571047644317154 -1.6370962279848755 -0.88749752722937503 1.6964163978894551 -0.25320869493815634 2.4946427297592164 1.1010948135771537 -1.370454988790595 0.83803369008725692 0.31852421423663269 0.98715108341948943 -0.61808268614113338 0.15817920125078366
leaf_weight=8186 667 2328 36 75 47 20 22 27 59 32 30 40 22 32 294 20 32 20 32 29 24 36 20 44 23 62 23 43 24 332
leaf_count=8186 667 2328 36 75 47 20 22 27 59 32 30 40 22 32 294 20 32 20 32 29 24 36 20 44 23 62 23 43 24 332
internal_value=-1.14814e-09 0.163923 0.0723944 0.140884 0.120248 -0.0176226 0.0275072 0.978945 -0.049679 -0.132667 -0.0654946 -0.412034 -0.950058 -1.5921 0.104753 0.833232 0.237551 0.189415 -0.513602 0.0757719 0.289847 0.74221 1.06505 0.157907 0.0676893 0.143381 -0.972466 0.750852 0.412142 0.265161
internal_weight=12681 4495 2167 1500 1464 673 653 49 604 545 513 169 94 54 344 50 791 744 93 61 651 147 111 504 460 437 43 91 67 394
internal_count=12681 4495 2167 1500 1464 673 653 49 604 545 513 169 94 54 344 50 791 744 93 61 651 147 111 504 460 437 43 91 67 394
is_linear=0
shrinkage=0.05


Tree=94
num_leaves=31
num_cat=0
split_feature=4 4 1 5 6 0 1 6 8 1 3 3 4 0 1 4 8 8 0 4 5 2 4 3 5 2 0 4 7 1
split_gain=67546.2 12654.1 9068.3 8252.46 9377.83 8547.3 16155.9 17311.7 25880.6 13949.1 32691.1 15944.9 14513.9 14154.6 13237.9 11884.3 10473.5 18963.3 22230.6 18517.4 14026.5 17053.6 17998.8 15482.1 18076.6 21437.3 29752.2 10521.3 14328.1 10384.4
threshold=248.50000000000003 568.50000000000011 345.50000000000006 18.500000000000004 178.50000000000003 19.450000000000003 663.50000000000011 594.50000000000011 2.5000000000000004 392.50000000000006 92.500000000000014 30.500000000000004 301.50000000000006 17.350000000000005 235.50000000000003 368.50000000000006 3.5000000000000004 4.5000000000000009 22.650000000000002 464.50000000000006 69.500000000000014 62.500000000000007 513.50000000000011 80.500000000000014 65.500000000000014 45.500000000000007 28.050000000000004 318.50000000000006 14.500000000000002 273.50000000000006
decision_type=2 2 2 2 2 2 2 2 2 2 2 2 2 2 2 2 2 2 2 2 2 2 2 2 2 2 2 2 2 2
left_child=-1 3 -3 -2 -5 6 7 9 -9 12 11 -11 14 -12 -6 -13 -7 18 19 -18 23 22 27 24 25 26 -19 -22 -29 -16
right_child=1 2 -4 4 5 16 -8 8 -10 10 13 15 -14 -15 29 -17 17 20 -20 -21 21 -23 -24 -25 -26 -27 -28 28 -30 -31
leaf_value=-0.085511128483193533 -0.077549123488376392 1.2035562311609587 0.22659466289793878 0.93109049355844042 0.5812069477858367 0.94954970292053487 -1.4165550774335862 -0.34300689453428446 1.9672602627012468 -0.30847587831603573 -2.4940273216792517 1.5430647753533864 0.45846642788695657 -0.6354287727922201 -1.6807255893945694 0.15801135365993291 0.90129813756793742 -2.3342495338618754 -1.5552413972094656 -0.8431226242205192 1.6115955273310345 -0.24054827491442363 2.369910619258881 1.0460400678894737 -1.3019322636334794 0.25190330813378853 0.30259800870781361 0.93779353577275448 -0.58717853923638663 -0.26661936310497492
leaf_weight=8186 667 24 2304 36 27 47 20 22 27 209 21 21 190 20 20 59 32 20 32 29 24 36 20 44 23 394 23 43 24 37
leaf_count=8186 667 24 2304 36 27 47 20 22 27 209 21 21 190 20 20 59 32 20 32 29 24 36 20 44 23 394 23 43 24 37
internal_value=9.55819e-10 0.155727 0.236666 0.0687746 0.13384 0.114235 -0.0167415 0.0261318 0.929997 -0.047195 -0.266144 -0.0787004 0.216503 -1.58739 -0.330796 0.521588 0.225673 0.179945 -0.487922 0.0719833 0.275354 0.705099 1.0118 0.150012 0.0643048 0.136212 -0.923843 0.713309 0.391535 -0.762797
internal_weight=12681 4495 2328 2167 1500 1464 673 653 49 604 330 289 274 41 84 80 791 744 93 61 651 147 111 504 460 437 43 91 67 57
internal_count=12681 4495 2328 2167 1500 1464 673 653 49 604 330 289 274 41 84 80 791 744 93 61 651 147 111 504 460 437 43 91 67 57
is_linear=0
shrinkage=0.05


Tree=95
num_leaves=31
num_cat=0
split_feature=4 1 6 6 6 1 4 6 3 6 5 6 0 3 0 1 6 5 6 5 4 0 3 6 1 6 4 5 5 6
split_gain=61153.6 9095.16 11154 10475.9 9730.03 12248.2 8708.62 12015.1 15013.5 12128.4 10128.8 25361 47332.8 11142.6 10678.1 8866.69 8204.72 13856.1 9530.67 10269.5 8196.86 7941.83 7887.86 11550 10939 10527.1 7716.26 12389.3 6746.93 6521.96
threshold=396.50000000000006 594.50000000000011 533.50000000000011 497.50000000000006 468.50000000000006 468.50000000000006 887.50000000000011 911.50000000000011 10.500000000000002 905.50000000000011 24.500000000000004 928.50000000000011 28.550000000000004 2.5000000000000004 24.450000000000003 273.50000000000006 290.50000000000006 52.500000000000007 370.50000000000006 58.500000000000007 1.5000000000000002 23.650000000000002 80.500000000000014 429.50000000000006 340.50000000000006 414.50000000000006 214.50000000000003 79.500000000000014 41.500000000000007 340.50000000000006
decision_type=2 2 2 2 2 2 2 2 2 2 2 2 2 2 2 2 2 2 2 2 2 2 2 2 2 2 2 2 2 2
left_child=1 2 3 4 5 20 7 9 -9 15 13 -12 -13 14 -8 28 17 -17 19 29 -1 22 25 24 26 -22 -24 -28 -2 -18
right_child=6 -3 -4 -5 -6 -7 10 8 -10 -11 11 12 -14 -15 -16 16 18 -19 -20 -21 21 -23 23 -25 -26 -27 27 -29 -30 -31
leaf_value=-0.10458227477295544 0.19915278539771128 0.90408103341857593 -1.0173658978254083 0.99842083778070367 -0.94035724550485611 0.9589645492619483 -0.65101521344234548 0.30331651960169115 1.7347464038775517 -0.98593573995555439 0.76073402621679842 -2.670918552875519 0.25246876378854116 0.99708355303005425 0.50511148802372596 0.18848406332731249 0.30920381195843222 1.6713512726452042 0.13496803092197091 -1.3893795873224737 -0.087304350342907552 0.11960960674831014 -0.012324881806211958 1.2190352087435516 -1.0170365019278094 -0.93996484263523206 0.15055489205651815 1.2708796746590558 1.4387369477230569 -0.68575383813253477
leaf_weight=5941 21 24 31 23 32 29 24 62 26 24 63 20 45 101 119 50 40 23 2826 20 1672 913 295 23 22 37 90 34 23 28
leaf_count=5941 21 24 31 23 32 29 24 62 26 24 63 20 45 101 119 50 40 23 2826 20 1672 913 295 23 22 37 90 34 23 28
internal_value=-2.29853e-09 -0.067995 -0.070547 -0.0673254 -0.0700226 -0.0669473 0.177309 0.150234 0.726239 0.133642 0.406071 0.0458513 -0.647035 0.595038 0.311076 0.142507 0.132127 0.655689 0.119011 -0.393415 -0.0702431 -0.00413512 -0.0561273 0.126696 0.0697261 -0.105765 0.126788 0.457741 0.847117 -0.100485
internal_weight=12681 9166 9142 9111 9088 9056 3515 3143 88 3055 372 128 65 244 143 3031 2987 73 2914 88 9027 3086 2173 464 441 1709 419 124 44 68
internal_count=12681 9166 9142 9111 9088 9056 3515 3143 88 3055 372 128 65 244 143 3031 2987 73 2914 88 9027 3086 2173 464 441 1709 419 124 44 68
is_linear=0
shrinkage=0.05


Tree=96
num_leaves=31
num_cat=0
split_feature=4 4 5 3 1 0 4 5 5 0 6 4 3 2 0 0 6 7 0 2 6 5 3 6 4 6 5 1 3 4
split_gain=55685.1 11258.8 7835.52 39149.5 29029.2 21681.3 13415.8 8395.41 12210.4 22353.1 43713.7 12641.4 11129.8 9826.93 8857.59 17018.3 15434.8 13425 7951.43 9300.91 24167.5 13632.3 26921.6 15252.6 11677.6 11557 8152.87 18162.5 18049.3 16146.2
threshold=497.50000000000006 1.5000000000000002 99.500000000000014 24.500000000000004 755.50000000000011 18.950000000000003 675.50000000000011 37.500000000000007 28.500000000000004 29.450000000000003 905.50000000000011 887.50000000000011 1.0000000180025095e-35 50.500000000000007 19.950000000000003 24.650000000000002 668.50000000000011 13.500000000000002 33.250000000000007 61.500000000000007 462.50000000000006 76.500000000000014 38.500000000000007 657.50000000000011 560.50000000000011 741.50000000000011 69.500000000000014 682.50000000000011 1.0000000180025095e-35 679.50000000000011
decision_type=2 2 2 2 2 2 2 2 2 2 2 2 2 2 2 2 2 2 2 2 2 2 2 2 2 2 2 2 2 2
left_child=1 -1 7 6 5 -5 -4 8 11 10 14 -2 13 -13 17 -16 -17 -10 19 20 -9 23 -23 24 -21 -25 -22 -28 -29 -30
right_child=2 -3 3 4 -6 -7 -8 18 9 -11 -12 12 -14 -15 15 16 -18 -19 -20 21 26 22 -24 25 -26 -27 27 28 29 -31
leaf_value=-0.099353159295077653 0.13301096808265875 0.0097500339108454945 0.18452947263495398 -1.3733204498887064 -2.5980518023173018 0.8265828155335927 1.6312475443902341 -1.1717086388218787 0.021431538595684939 0.4015693059315284 -2.4179259929656984 0.53371349990714434 0.86323401289992041 -0.34776995867490768 0.69271949226302765 0.59255336806887671 -1.0743661043120594 -1.5901179631551108 1.2882612933005606 0.59799923190945081 0.16051525060566629 1.074776562906447 -1.2934877477586271 -0.43959315892977591 1.5186128117735425 0.52149859415720912 1.2821232298487111 1.2572672932147979 0.47842889746030171 -1.1620058431228002
leaf_weight=5941 1028 3928 59 24 21 21 22 31 28 120 25 86 125 50 56 21 41 24 21 76 482 21 28 39 63 158 57 25 30 30
leaf_count=5941 1028 3928 59 24 21 21 22 31 28 120 25 86 125 50 56 21 41 24 21 76 482 21 28 39 63 158 57 25 30 30
internal_value=-1.38455e-09 -0.0559286 0.196287 -0.159087 -1.06304 -0.346699 0.577465 0.215889 0.143712 -0.135351 -0.465764 0.211909 0.522663 0.209639 -0.178681 0.0609059 -0.509764 -0.722361 0.325005 0.305554 0.190917 0.500587 -0.278517 0.614206 1.01526 0.331232 0.258612 0.591587 0.128522 -0.341788
internal_weight=12681 9869 2812 147 66 45 81 2665 1604 315 195 1289 261 136 170 118 62 52 1061 1040 655 385 49 336 139 197 624 142 85 60
internal_count=12681 9869 2812 147 66 45 81 2665 1604 315 195 1289 261 136 170 118 62 52 1061 1040 655 385 49 336 139 197 624 142 85 60
is_linear=0
shrinkage=0.05


Tree=97
num_leaves=31
num_cat=0
split_feature=1 4 5 0 0 1 4 6 0 4 4 4 6 5 0 8 6 0 0 8 0 3 0 4 4 0 0 2 5 1
split_gain=50748.1 11368.8 10306.2 9588.27 17789.1 8389.93 9698.59 9230.75 41682.6 8535.5 9222.95 7429.48 7142.94 6893.7 19773.5 25422.5 45774.8 48001.6 43111.5 27883.6 26588 24061.4 22382.5 18508.4 10041.6 9258.78 11286 16891.6 21734.3 15153.6
threshold=337.50000000000006 436.50000000000006 49.500000000000007 10.65 11.950000000000001 930.50000000000011 942.50000000000011 928.50000000000011 28.550000000000004 887.50000000000011 926.50000000000011 379.50000000000006 173.50000000000003 99.500000000000014 26.250000000000004 3.5000000000000004 686.50000000000011 16.650000000000002 17.350000000000005 4.5000000000000009 21.850000000000005 93.500000000000014 24.250000000000004 502.50000000000006 258.50000000000006 15.950000000000001 17.350000000000005 62.500000000000007 44.500000000000007 494.50000000000006
decision_type=2 2 2 2 2 2 2 2 2 2 2 2 2 2 2 2 2 2 2 2 2 2 2 2 2 2 2 2 2 2
left_child=1 11 -3 -2 -5 6 7 9 -9 12 -11 -1 -6 24 15 16 17 -15 -17 20 -20 -19 23 -21 -14 -26 27 -27 -29 -30
right_child=3 2 -4 4 5 -7 -8 8 -10 10 -12 -13 13 14 -16 18 -18 21 19 22 -22 -23 -24 -25 25 26 -28 28 29 -31
leaf_value=-0.069230603049078951 1.1888051026246764 0.12532608992523617 1.4083426942427955 -1.244414213947628 0.96192074757814405 0.4600195687606139 1.0953010998093164 -2.1710285771976818 0.76089253248991795 0.71628553939416362 -0.25545791502921816 -0.68049035137891778 1.178320248748945 1.0990050555517277 1.0332653444153921 -2.7757053363890876 2.0634257173531556 -0.41003034580498937 -0.28829563446342948 0.33266691967844964 -2.5170131610787436 -2.3968822556734088 1.5183932150403658 -1.5302127340435983 -0.17992380542148437 0.23171644010974923 0.12203776414568589 -0.19392831822236378 0.89867346906661982 2.6979385321790521
leaf_weight=8581 22 45 24 23 25 207 26 22 27 115 31 50 23 48 35 21 28 64 32 40 23 20 24 20 224 201 2612 21 25 22
leaf_count=8581 22 45 24 23 25 207 26 22 27 115 31 50 23 48 35 21 28 64 32 40 23 20 24 20 224 201 2612 21 25 22
internal_value=-1.1592e-09 -0.0676612 0.571593 0.147865 0.142081 0.150183 0.132984 0.126227 -0.55548 0.135369 0.509956 -0.0727717 0.119779 0.113734 -0.09507 -0.218482 0.227179 -0.162328 -0.664142 -0.345129 -1.2203 -0.88309 0.227903 -0.288293 0.137431 0.129721 0.153796 0.462171 1.14337 1.74088
internal_weight=12681 8700 69 3981 3959 3936 3729 3703 49 3654 146 8631 3508 3483 355 320 160 132 160 139 55 84 84 60 3128 3105 2881 269 68 47
internal_count=12681 8700 69 3981 3959 3936 3729 3703 49 3654 146 8631 3508 3483 355 320 160 132 160 139 55 84 84 60 3128 3105 2881 269 68 47
is_linear=0
shrinkage=0.05


Tree=98
num_leaves=31
num_cat=0
split_feature=4 0 5 5 7 5 2 1 0 6 1 2 1 3 5 5 5 3 3 7 6 3 6 1 0 4 8 3 1 0
split_gain=45818.3 9218.87 16067.9 20226.8 28654.1 14050.2 12443.3 10549.2 7546.35 7710.44 7794.98 6698.6 60259.6 21110.5 10997.5 7115.53 10738.5 26320.4 33732.1 31490.7 44976.6 15494.1 16449.8 18680.9 21144.5 18591.3 15299.4 16975.6 13636.2 12842.1
threshold=248.50000000000003 15.950000000000001 81.500000000000014 64.500000000000014 13.500000000000002 55.500000000000007 49.500000000000007 360.50000000000006 33.650000000000013 173.50000000000003 963.50000000000011 29.500000000000004 800.50000000000011 83.500000000000014 58.500000000000007 37.500000000000007 92.500000000000014 92.500000000000014 72.500000000000014 14.500000000000002 533.50000000000011 46.500000000000007 759.50000000000011 654.50000000000011 24.250000000000004 568.50000000000011 3.5000000000000004 8.5000000000000018 836.50000000000011 16.850000000000005
decision_type=2 2 2 2 2 2 2 2 2 2 2 2 2 2 2 2 2 2 2 2 2 2 2 2 2 2 2 2 2 2
left_child=-1 2 3 5 -5 -2 -4 -8 9 -3 11 12 13 14 -11 -13 29 18 21 20 -19 22 23 24 26 -25 27 -18 -24 -17
right_child=1 8 6 4 -6 -7 7 -9 -10 10 -12 15 -14 -15 -16 16 17 19 -20 -21 -22 -23 28 25 -26 -27 -28 -29 -30 -31
leaf_value=-0.070427425073306363 -0.16838176864264318 0.97038599295275552 1.4649132432937622 -2.0868414126336576 0.064075863659381879 0.93360243048518898 0.77920455187559134 -0.44840395961488994 0.64029423743486413 0.13299610287665506 0.69846852744211918 0.074294301648952316 -2.7519025963544848 1.4143993611846652 -1.1903749576210976 0.88691252017922617 -0.098951896868254008 -0.095998935699462898 2.0630683172832835 0.33881785482168203 -3.4090701999054072 -0.98786389899976335 1.8454060075047893 -1.8057957305908205 1.6078865666389466 -0.020555218287876677 -0.60001390245827768 1.6220902956050374 0.077650784254074109 0.23863229965077704
leaf_weight=8186 301 28 25 32 30 32 35 35 78 73 61 1902 20 28 20 81 38 20 22 30 21 33 24 25 25 35 55 23 20 1343
leaf_count=8186 301 28 25 32 30 32 35 35 78 73 61 1902 20 28 20 81 38 20 22 30 21 33 24 25 25 35 55 23 20 1343
internal_value=1.6464e-09 0.128258 -0.076456 -0.216872 -1.04607 -0.0624854 0.507377 0.1654 0.153304 0.143631 0.137694 0.128781 -0.209459 0.21078 -0.1516 0.141681 0.213085 -0.0265099 0.178369 -0.892196 -1.79294 0.0292203 0.166215 -0.0254727 0.288967 -0.764405 0.00471672 0.549966 1.04188 0.275508
internal_weight=12681 4495 490 395 62 333 95 70 4005 3927 3899 3838 141 121 93 3697 1795 371 300 71 41 278 245 201 141 60 116 61 44 1424
internal_count=12681 4495 490 395 62 333 95 70 4005 3927 3899 3838 141 121 93 3697 1795 371 300 71 41 278 245 201 141 60 116 61 44 1424
is_linear=0
shrinkage=0.05


Tree=99
num_leaves=31
num_cat=0
split_feature=4 6 1 0 1 5 1 4 4 3 1 3 2 7 7 7 4 6 2 1 2 5 1 2 5 1 4 2 7 3
split_gain=42611 8842.73 7459.05 8664.97 11443.9 11360.7 7635.94 22664.2 13311.6 11750.5 10090.4 11826 7940.94 9597.16 41653.2 9349.55 11790.1 7916.24 20027.6 6525.65 7098.28 11126.5 42496.8 69188.1 10637.2 11821 13627.4 8935.31 21112.9 10117.5
threshold=497.50000000000006 1.5000000000000002 650.50000000000011 25.050000000000004 547.50000000000011 92.500000000000014 468.50000000000006 304.50000000000006 396.50000000000006 14.500000000000002 453.50000000000006 31.500000000000004 54.500000000000007 12.500000000000002 14.500000000000002 15.500000000000002 349.50000000000006 414.50000000000006 65.500000000000014 976.50000000000011 61.500000000000007 76.500000000000014 702.50000000000011 70.500000000000014 34.500000000000007 565.00000000000011 560.50000000000011 67.500000000000014 12.500000000000002 5.5000000000000009
decision_type=2 2 2 2 2 2 2 2 2 2 2 2 2 2 2 2 2 2 2 2 2 2 2 2 2 2 2 2 2 2
left_child=1 -1 3 4 6 -6 10 -8 -9 -10 12 -12 -3 17 -15 16 -16 -14 -19 20 -2 24 23 -23 -22 26 -26 29 -29 -27
right_child=19 2 -4 -5 5 -7 7 8 9 -11 11 -13 13 14 15 -17 -18 18 -20 -21 21 22 -24 -25 25 27 -28 28 -30 -31
leaf_value=-0.087302856851928512 0.11313798220814844 -0.18481916516769079 0.6887271290645004 0.13173270073207863 -1.4867087101494825 -0.061477528769394454 1.5957960094724384 -0.79208040202243468 -0.15765078317734504 0.85629087905838819 -0.14166267141699793 -1.6915508288145067 -0.056359202355912456 1.7976920757028794 1.5913167866793545 0.023175312325334336 0.11418020231383189 -1.4514742479166565 0.37253930325861329 1.0716520166397094 0.16330366436252619 -2.4534791313750404 1.0786705753287753 1.2330530953407288 0.5318045387665431 0.226818135209748 1.8815148920752109 0.7569535715505481 -1.0893552343050639 0.88967344736287357
leaf_weight=5954 1956 657 40 971 27 29 28 36 62 53 32 20 941 36 22 865 35 34 27 20 374 35 37 20 45 122 32 32 30 109
leaf_count=5954 1956 657 40 971 27 29 28 36 62 53 32 20 941 36 22 865 35 34 27 20 374 35 37 20 45 122 32 32 30 109
internal_value=1.58843e-09 -0.0489243 0.00944237 0.0024304 -0.040804 -0.748643 -0.0268858 0.289254 0.0469813 0.309644 -0.0480881 -0.737774 -0.034384 0.0160425 0.129195 0.0640476 0.684303 -0.0921413 -0.644124 0.171705 0.165258 0.287205 -0.231521 -1.11292 0.351349 0.541426 1.09272 0.396546 -0.136422 0.539594
internal_weight=12681 9869 3915 3875 2904 56 2848 179 151 115 2669 52 2617 1960 958 922 57 1002 61 2812 2792 836 92 55 744 370 77 293 62 231
internal_count=12681 9869 3915 3875 2904 56 2848 179 151 115 2669 52 2617 1960 958 922 57 1002 61 2812 2792 836 92 55 744 370 77 293 62 231
is_linear=0
shrinkage=0.05


Tree=100
num_leaves=31
num_cat=0
split_feature=4 1 1 0 1 5 1 4 4 3 1 0 2 7 7 7 4 6 2 8 6 4 8 0 5 0 3 0 3 1
split_gain=38456.4 7995.48 6751.82 7814.81 10325.7 10253 6890.31 20454.5 12013.7 10604.8 9110.55 11415.8 7030.8 8417.53 37764.1 8501.84 10640.6 7190.87 18074.9 6310.88 11344 30238.7 7924.32 29472 46392.2 78426.9 26475.6 18209.1 16551.6 17892.9
threshold=497.50000000000006 1.0000000180025095e-35 650.50000000000011 25.050000000000004 547.50000000000011 92.500000000000014 468.50000000000006 304.50000000000006 396.50000000000006 14.500000000000002 453.50000000000006 17.550000000000004 54.500000000000007 12.500000000000002 14.500000000000002 15.500000000000002 349.50000000000006 414.50000000000006 65.500000000000014 9.5000000000000018 581.50000000000011 599.50000000000011 4.5000000000000009 23.750000000000004 10.500000000000002 25.850000000000005 1.0000000180025095e-35 20.150000000000002 86.500000000000014 787.50000000000011
decision_type=2 2 2 2 2 2 2 2 2 2 2 2 2 2 2 2 2 2 2 2 2 2 2 2 2 2 2 2 2 2
left_child=1 -1 3 4 6 -6 10 -8 -9 -10 12 -12 -3 17 -15 16 -16 -14 -19 22 -21 -22 23 -2 -25 26 -26 -24 -29 -30
right_child=19 2 -4 -5 5 -7 7 8 9 -11 11 -13 13 14 15 -17 -18 18 -20 20 21 -23 27 24 25 -27 -28 28 29 -31
leaf_value=-0.083702277949035384 0.19182104814736856 -0.17392988131794718 0.65429075032472617 0.12428062899862645 -1.4123733575283379 -0.058403649412352467 1.5160062130008427 -0.75247637981341953 -0.14976824844075787 0.8134763414286218 -1.5010778968532881 -0.015005062201193402 -0.052622073085665383 1.7078074309560991 1.5117509278384123 0.020276657824311563 0.1084711846283504 -1.378900518969578 0.35391232327178673 0.27259892032849131 -2.1544965414773851 -0.053849868380254323 -0.84067985858466177 0.32745858401592293 -4.0434444725513456 0.53860189386177815 -1.6787378787994385 0.24621184507255389 1.5894847717690976 -0.13824226070534101
leaf_weight=5860 858 665 40 976 27 29 28 36 62 53 24 28 993 36 22 894 35 34 27 109 21 93 37 77 20 32 29 1467 47 22
leaf_count=5860 858 665 40 976 27 29 28 36 62 53 24 28 993 36 22 894 35 34 27 109 21 93 37 77 20 32 29 1467 47 22
internal_value=-7.96022e-10 -0.0464781 0.00793283 0.00141876 -0.0386458 -0.71121 -0.0258219 0.274791 0.0446322 0.294162 -0.0453324 -0.700885 -0.0327349 0.0132693 0.1182 0.0580256 0.650088 -0.0849912 -0.611918 0.16312 -0.092104 -0.440811 0.185103 0.0762596 -0.551283 -1.38663 -2.64392 0.255405 0.281808 1.03862
internal_weight=12681 9869 4009 3969 2993 56 2937 179 151 115 2758 52 2706 2041 987 951 57 1054 61 2812 223 114 2589 1016 158 81 49 1573 1536 69
internal_count=12681 9869 4009 3969 2993 56 2937 179 151 115 2758 52 2706 2041 987 951 57 1054 61 2812 223 114 2589 1016 158 81 49 1573 1536 69
is_linear=0
shrinkage=0.05


Tree=101
num_leaves=31
num_cat=0
split_feature=4 1 7 1 7 0 2 8 3 5 8 6 4 6 1 2 1 6 3 1 2 5 3 0 0 5 6 3 3 1
split_gain=34706.9 7215.92 6102.71 18191.4 15078.7 30448.9 25676.3 29298.7 21324.2 12059.7 10516.6 14680.1 10203.4 12659.8 9661.04 18656 7166.36 6840.01 8499.35 5832.3 6347.06 9708.51 39512.5 16940.2 21237.6 9738.69 12814.7 9717.51 8042.43 31355.8
threshold=497.50000000000006 1.0000000180025095e-35 11.500000000000002 589.50000000000011 14.500000000000002 20.050000000000004 64.500000000000014 11.500000000000002 92.500000000000014 91.500000000000014 2.5000000000000004 414.50000000000006 478.50000000000006 543.50000000000011 520.50000000000011 55.500000000000007 506.50000000000006 494.50000000000006 22.500000000000004 976.50000000000011 61.500000000000007 76.500000000000014 65.500000000000014 19.050000000000004 21.350000000000005 43.500000000000007 657.50000000000011 15.500000000000002 31.500000000000004 842.50000000000011
decision_type=2 2 2 2 2 2 2 2 2 2 2 2 2 2 2 2 2 2 2 2 2 2 2 2 2 2 2 2 2 2
left_child=1 -1 3 10 5 6 8 9 14 -8 11 -3 13 -6 15 -4 -14 -12 -19 20 28 25 23 -23 -25 -22 27 -27 -2 -30
right_child=19 2 4 -5 12 -7 7 -9 -10 -11 17 -13 16 -15 -16 -17 -18 18 -20 -21 21 22 -24 24 -26 26 -28 -29 29 -31
leaf_value=-0.079517161663074959 0.15476478640529506 -0.21055711044997683 1.428276150329755 -1.5578229331970217 0.019102526661483554 1.6160272437996335 0.92635017395019537 -0.41524904171625776 -1.6829724929549479 2.6627038073539735 -0.0052268725300818027 -1.6064926156401633 -0.11904432641135321 0.89722771499128573 -0.67632820875413957 -0.31940474010802605 -1.3064985598127048 -0.07449671018123627 1.2166963027646909 1.0057588231563568 0.19385719404308774 1.6582450437545777 -1.8281117620291534 -1.1529948133489361 1.0199774568731135 0.406815727762878 0.28680460779970279 1.4096132822212626 0.06689301313889133 -1.2284859380632076
leaf_weight=5860 1509 323 26 20 1804 45 20 24 22 20 1473 20 27 42 31 37 24 25 26 20 490 20 27 23 22 40 153 61 394 53
leaf_count=5860 1509 323 26 20 1804 45 20 24 22 20 1473 20 27 42 31 37 24 25 26 20 490 20 27 23 22 40 153 61 394 53
internal_value=7.26938e-10 -0.0441542 0.00753619 -0.0578822 0.0657099 0.45272 0.161893 0.965861 -0.281676 1.79453 -0.0418143 -0.291953 0.0198073 0.0390815 0.0462876 0.40186 -0.677846 0.0144833 0.583759 0.154964 0.148869 0.264183 -0.220364 0.44747 -0.0906528 0.3241 0.575355 1.01247 0.0995839 -0.0866978
internal_weight=12681 9869 4009 1887 2122 225 180 64 116 40 1867 343 1897 1846 94 63 51 1524 51 2812 2792 836 92 65 45 744 254 101 1956 447
internal_count=12681 9869 4009 1887 2122 225 180 64 116 40 1867 343 1897 1846 94 63 51 1524 51 2812 2792 836 92 65 45 744 254 101 1956 447
is_linear=0
shrinkage=0.05


Tree=102
num_leaves=31
num_cat=0
split_feature=4 1 0 5 8 6 4 8 0 5 0 6 0 3 0 3 5 0 4 7 0 4 6 5 2 3 3 0 0 0
split_gain=31323 7000.58 5793.05 8797.25 5740.96 10117.4 27164.8 7169.61 26335.3 41596.3 70639.6 24943 15795.4 15500.6 17799 17184.5 15560.3 17434.6 29958 24977.6 34736.9 8827.75 26653.1 11902.1 23412 52279.2 14118 7601.82 60860.1 7832.48
threshold=497.50000000000006 650.50000000000011 26.450000000000003 49.500000000000007 9.5000000000000018 581.50000000000011 599.50000000000011 4.5000000000000009 23.750000000000004 10.500000000000002 25.850000000000005 787.50000000000011 20.150000000000002 86.500000000000014 27.650000000000002 66.500000000000014 53.500000000000007 25.950000000000003 701.50000000000011 13.500000000000002 29.650000000000002 560.50000000000011 657.50000000000011 71.500000000000014 58.500000000000007 48.500000000000007 20.500000000000004 23.250000000000004 22.850000000000005 26.350000000000005
decision_type=2 2 2 2 2 2 2 2 2 2 2 2 2 2 2 2 2 2 2 2 2 2 2 2 2 2 2 2 2 2
left_child=1 2 -1 -4 7 -6 -7 8 21 -10 11 -11 -9 15 -15 16 27 18 -18 -19 -21 22 -2 -23 26 -26 -25 28 -14 -29
right_child=4 -3 3 -5 5 6 -8 12 9 10 -12 -13 13 14 -16 -17 17 19 -20 20 -22 23 -24 24 25 -27 -28 29 -30 -31
leaf_value=-0.057086191994657136 0.087854546121130861 0.61817677475512034 -0.0059660640926816819 0.36867995822694549 0.24821072305561206 -2.0497768924349833 -0.058760754523738738 -0.78580686216418805 0.30352488457188981 -3.4496230215861878 0.50760517921298742 -1.1543808341026307 0.46841576721479178 1.559870545177356 -0.1436565304579942 -1.1948350418181648 2.2215542961389594 0.85397518669419437 0.27405414834618569 -2.2049742585234346 0.67417085766792306 0.1599113757245392 -1.7642161737788808 0.54717912121010681 1.2446321293179479 -2.1024100852012633 1.9390304603074726 0.59822656374364613 -2.030911985829924 0.17708753222274079
leaf_weight=8893 166 40 737 199 109 21 93 37 77 29 32 20 93 46 23 21 39 68 40 20 22 549 22 35 28 20 38 124 33 1007
leaf_count=8893 166 40 737 199 109 21 93 37 77 29 32 20 93 46 23 21 39 68 40 20 22 549 22 35 28 20 38 124 33 1007
internal_value=-5.61752e-10 -0.0419465 -0.0446329 0.0736862 0.147216 -0.0962112 -0.425527 0.168183 0.064652 -0.528556 -1.31955 -2.51279 0.235053 0.259644 0.992028 0.225197 0.24582 0.668811 1.23548 0.261842 -0.696851 0.173891 -0.128877 0.258847 0.707735 -0.149969 1.2717 0.182219 -0.18617 0.22326
internal_weight=12681 9869 9829 936 2812 223 114 2589 1016 158 81 49 1573 1536 69 1467 1446 189 79 110 42 858 188 670 121 48 73 1257 126 1131
internal_count=12681 9869 9829 936 2812 223 114 2589 1016 158 81 49 1573 1536 69 1467 1446 189 79 110 42 858 188 670 121 48 73 1257 126 1131
is_linear=0
shrinkage=0.05


Tree=103
num_leaves=31
num_cat=0
split_feature=6 4 4 1 1 1 4 1 4 0 6 5 5 0 5 5 2 2 3 2 3 5 5 3 3 1 6 0 4 4
split_gain=28394.7 10502.3 7070.33 7114.19 6253.04 9293.76 7853.39 5182.47 5276.37 7957.74 10389.1 9796.84 11887.2 11177 18056.4 20393.1 13112.1 10544.2 9710.47 9292.18 6717.03 7660.35 13345.1 5989.05 5580 5536.29 12729.2 5244.04 5082.72 5673.96
threshold=438.50000000000006 237.50000000000003 748.50000000000011 865.50000000000011 621.50000000000011 539.50000000000011 521.50000000000011 494.50000000000006 227.50000000000003 15.65 408.50000000000006 46.500000000000007 61.500000000000007 17.650000000000002 82.500000000000014 74.500000000000014 62.500000000000007 57.500000000000007 47.500000000000007 67.500000000000014 75.500000000000014 38.500000000000007 80.500000000000014 31.500000000000004 36.500000000000007 299.50000000000006 277.50000000000006 23.250000000000004 278.50000000000006 329.50000000000006
decision_type=2 2 2 2 2 2 2 2 2 2 2 2 2 2 2 2 2 2 2 2 2 2 2 2 2 2 2 2 2 2
left_child=4 -2 3 28 5 6 7 8 25 10 20 27 23 17 15 16 -15 -14 -16 -19 21 24 -23 -13 -10 26 -1 -11 -3 -30
right_child=1 2 -4 -5 -6 -7 -8 -9 9 11 -12 12 13 14 18 -17 -18 19 -20 -21 -22 22 -24 -25 -26 -27 -28 -29 29 -31
leaf_value=-0.060746448791248277 1.2691371703147889 -0.65245255613327036 0.21932338724540448 1.0037185972929001 0.5797007244825364 -0.8486075315210555 0.59421680765226481 -0.83156894331886666 0.22982818350776452 -0.14692450999296808 -1.2168219654456429 0.45729705087012712 -0.29033010886474092 0.66140654791485187 -0.0860553807820435 -2.1241932079195975 -1.08529676312492 1.8508107805252074 1.0358913427342971 0.41728334541504203 0.40913482699543241 -1.2111857659759977 0.23017750382423402 1.1493390025062995 -0.67308929826725616 -0.65418718808736553 1.0072061738797597 0.14588772263728747 0.66214026638712642 0.053243863371572935
leaf_weight=7977 20 25 1153 20 40 36 48 21 77 321 23 108 22 22 54 20 21 20 30 26 50 42 26 44 22 39 28 292 39 2015
leaf_count=7977 20 25 1153 20 40 36 48 21 77 321 23 108 22 22 54 20 21 20 30 26 50 42 26 44 22 39 28 292 39 2015
internal_value=5.27335e-10 0.126875 0.11985 0.0652086 -0.0441211 -0.0467845 -0.0436916 -0.0469893 -0.0452108 0.0516826 -0.206361 0.114877 0.319191 0.0799252 -0.165268 -0.805145 -0.191635 0.609975 0.31464 1.04056 -0.099261 -0.251475 -0.660076 0.657625 0.0291799 -0.0599063 -0.0570109 -0.00744462 0.0561802 0.0648052
internal_weight=12681 3272 3252 2099 9409 9369 9333 9285 9264 1220 240 980 367 215 147 63 43 68 84 46 217 167 68 152 99 8044 8005 613 2079 2054
internal_count=12681 3272 3252 2099 9409 9369 9333 9285 9264 1220 240 980 367 215 147 63 43 68 84 46 217 167 68 152 99 8044 8005 613 2079 2054
is_linear=0
shrinkage=0.05


Tree=104
num_leaves=31
num_cat=0
split_feature=4 1 6 6 5 1 1 0 2 3 1 3 2 1 7 0 6 5 2 1 3 5 7 5 5 3 0 6 2 5
split_gain=25821.6 7349.8 6741.09 12855.2 22557.4 14848.1 9811.8 6296.31 6965.64 20945.8 63889.7 36509.1 25911.3 22379 11154.1 10062.8 9658.34 8620.09 16845.3 7311.08 14246.2 8256.15 7964.06 20291.1 7993.5 7553.5 16366.9 41752 80421 13736.5
threshold=423.50000000000006 273.50000000000006 581.50000000000011 497.50000000000006 99.500000000000014 497.50000000000006 468.50000000000006 33.650000000000013 44.500000000000007 32.500000000000007 749.50000000000011 68.500000000000014 32.500000000000007 565.00000000000011 12.500000000000002 18.050000000000004 540.50000000000011 47.500000000000007 38.500000000000007 397.50000000000006 97.500000000000014 38.500000000000007 15.500000000000002 93.500000000000014 44.500000000000007 41.500000000000007 24.550000000000004 895.50000000000011 60.500000000000007 40.500000000000007
decision_type=2 2 2 2 2 2 2 2 2 2 2 2 2 2 2 2 2 2 2 2 2 2 2 2 2 2 2 2 2 2
left_child=2 -2 3 5 -5 6 -1 8 9 14 11 -11 -13 16 15 -3 -14 -16 -19 20 21 -10 24 -24 25 26 27 29 -29 -21
right_child=1 7 -4 4 -6 -7 -8 -9 19 10 -12 12 13 -15 17 -17 -18 18 -20 22 -22 -23 23 -25 -26 -27 -28 28 -30 -31
leaf_value=-0.045139439865543973 0.86209396990862774 -0.97679797969758519 -0.75592272669980032 1.5072721105482845 -0.28858802695484725 -1.2383256887014096 0.74961336686825142 0.57792489654581314 -0.31998063423544976 -1.5234463661909103 -2.6206573565800984 1.5622263488444417 -0.24871687687933447 -1.4109599103098331 0.15845603138272069 -0.019807453740378553 1.286566644800561 1.4360617645084859 -0.086677752435207367 0.079767763972282413 -1.1101419121026994 0.84264930738852584 0.050778770837191262 -1.3879229659071335 0.32843915340170349 0.40109373316777375 0.23376156430802869 -3.9631010016798975 0.41769481247121637 -1.052616968648187
leaf_weight=9185 33 32 33 36 34 26 39 71 37 32 30 33 20 23 234 194 21 42 32 350 34 26 427 26 756 202 602 20 22 29
leaf_count=9185 33 32 33 36 34 26 39 71 37 32 30 33 20 23 234 194 21 42 32 350 34 26 427 26 756 202 602 20 22 29
internal_value=2.85078e-10 0.11961 -0.0425599 -0.0400341 0.634997 -0.0451424 -0.0417791 0.112174 0.101917 -0.0385362 -0.542296 -0.058956 0.424175 -0.162633 0.11146 -0.155311 0.537648 0.307207 0.77758 0.140374 -0.285312 0.159835 0.157339 -0.0317957 0.200588 0.121686 0.0665147 -0.172636 -1.6684 -0.00687909
internal_weight=12681 3328 9353 9320 70 9250 9224 3295 3224 693 159 129 97 64 534 226 41 308 74 2531 97 63 2434 453 1981 1225 1023 421 42 379
internal_count=12681 3328 9353 9320 70 9250 9224 3295 3224 693 159 129 97 64 534 226 41 308 74 2531 97 63 2434 453 1981 1225 1023 421 42 379
is_linear=0
shrinkage=0.05


Tree=105
num_leaves=31
num_cat=0
split_feature=4 6 0 0 8 5 5 7 5 5 1 8 0 2 5 6 1 2 1 2 5 5 2 0 5 3 0 2 5 2
split_gain=23519.9 13849.8 10470 11972.3 10232.5 11206.7 17345.1 18716.4 10028.6 9861.12 8039.07 7317.92 32868.5 56811.3 50740 35663.7 16011.8 15661.4 14202.5 12558.7 21844.3 10915.5 10073.4 26040 18521.7 29672.1 15545.5 19015.3 12473 15419.8
threshold=227.50000000000003 429.50000000000006 9.9500000000000011 15.850000000000003 10.500000000000002 81.500000000000014 64.500000000000014 13.500000000000002 29.500000000000004 58.500000000000007 173.50000000000003 4.5000000000000009 23.750000000000004 53.500000000000007 74.500000000000014 741.50000000000011 730.50000000000011 37.500000000000007 468.50000000000006 55.500000000000007 79.500000000000014 8.5000000000000018 59.500000000000007 16.850000000000005 76.500000000000014 19.500000000000004 19.050000000000004 40.500000000000007 83.500000000000014 55.500000000000007
decision_type=2 2 2 2 2 2 2 2 2 2 2 2 2 2 2 2 2 2 2 2 2 2 2 2 2 2 2 2 2 2
left_child=1 -1 -2 4 5 6 9 -8 -6 -4 -5 12 18 14 16 -16 17 -14 19 20 -12 -18 26 -24 -25 -26 27 -20 -29 -30
right_child=2 -3 3 10 8 -7 7 -9 -10 -11 11 -13 13 -15 15 -17 21 -19 22 -21 -22 -23 23 24 25 -27 -28 28 29 -31
leaf_value=-0.054872936258541886 1.203887907096318 1.2308522406078521 -0.1195638167999386 0.91457019505962256 0.17244989417848133 0.48046891062687608 -1.9722968610433433 0.034637707329931711 -1.1508144240246878 1.0313611413538457 -0.18188586034074739 0.15397136449730739 0.44817136562231819 -2.9228219286255217 -2.9480736690163614 -0.30315980383983027 0.36570596503905761 -1.1595626723287362 -1.0963198597942081 0.084557943873305744 -1.6707520981469461 1.7796278107733956 1.3906505016485851 0.06436428856776881 0.064477789209735001 -2.2507155666351322 0.71637884908210703 0.095661580649817862 1.6272068623340492 -0.081718158721923839
leaf_weight=8043 21 21 268 31 21 78 26 21 45 20 120 2712 33 23 25 26 39 28 28 263 31 21 30 192 31 25 199 205 33 22
leaf_count=8043 21 21 268 31 21 78 26 21 45 20 120 2712 33 23 25 26 39 28 28 263 31 21 30 192 31 25 199 205 33 22
internal_value=3.13473e-10 -0.0515247 0.0899924 0.0849028 -0.151684 -0.0593018 -0.18498 -1.07558 -0.729776 -0.0396385 0.112429 0.106343 0.012335 -0.588986 -0.276903 -1.59969 0.280633 -0.289805 0.11179 -0.124108 -0.487547 0.860579 0.239453 -0.000689278 -0.168997 -0.969091 0.376536 0.141714 0.275041 0.943637
internal_weight=12681 8064 4617 4596 479 413 335 47 66 288 4117 4086 1374 195 172 51 121 61 1179 414 151 60 765 278 248 56 487 288 260 55
internal_count=12681 8064 4617 4596 479 413 335 47 66 288 4117 4086 1374 195 172 51 121 61 1179 414 151 60 765 278 248 56 487 288 260 55
is_linear=0
shrinkage=0.05


Tree=106
num_leaves=31
num_cat=0
split_feature=4 1 1 8 0 6 1 3 3 4 6 0 5 6 3 7 0 1 8 0 4 6 0 6 2 5 1 3 5 2
split_gain=21462.8 6232.1 6005.23 5958.75 15945.1 36355 22745 11162.2 10364.7 9594.98 20127.8 14108.9 9323.94 15479.7 7501.16 7389.11 6039.71 12855.4 10704.4 16630.6 8355.79 12870.2 5823.87 7250.72 9389.27 6456.8 12839.7 20672.9 53991.4 51305.3
threshold=552.50000000000011 345.50000000000006 1.0000000180025095e-35 2.5000000000000004 16.450000000000003 518.50000000000011 474.50000000000006 25.500000000000004 1.5000000000000002 262.50000000000006 196.50000000000003 17.850000000000005 83.500000000000014 319.50000000000006 19.500000000000004 14.500000000000002 16.650000000000002 458.50000000000006 11.500000000000002 19.650000000000002 335.50000000000006 281.50000000000006 12.15 380.50000000000006 57.500000000000007 37.500000000000007 594.50000000000011 52.500000000000007 52.500000000000007 57.500000000000007
decision_type=2 2 2 2 2 2 2 2 2 2 2 2 2 2 2 2 2 2 2 2 2 2 2 2 2 2 2 2 2 2
left_child=2 -2 -1 4 6 8 12 -8 -6 10 -10 14 -4 -14 -11 -16 17 -5 -18 20 21 -20 -3 24 -24 -25 -27 -28 -29 -30
right_child=1 22 3 16 5 -7 7 -9 9 11 -12 -13 13 -15 15 -17 18 -19 19 -21 -22 -23 23 25 -26 26 27 28 29 -31
leaf_value=-0.064815486057219651 0.86209325235465484 -0.65026965141296389 -0.16675587273610537 -0.049625009839798263 0.45932283482203884 -1.8840181226665909 0.32837931390466363 1.7551042692019392 -0.046938560211232737 -1.2332926834623019 -2.0431662370329318 0.68491737310950818 -0.0091664335253623733 1.1573962357091276 -0.70391391452514762 0.39005736770301036 0.051727415290032122 -1.1847563265607908 0.52009748569556646 1.6952009429534276 0.70202827235417709 -0.89122114032506949 -1.1998263769175697 0.076554698212748018 0.2814673052728176 0.76712787879719624 0.27944002907486459 1.0000704907062576 -0.4165381232897441 -3.3529883058298204
leaf_weight=5860 29 24 474 613 48 37 29 26 28 24 23 37 113 38 33 29 2665 26 35 24 56 30 23 1403 20 105 716 41 51 21
leaf_count=5860 29 24 474 613 48 37 29 26 28 24 23 37 113 38 33 29 2665 26 35 24 56 30 23 1403 20 105 716 41 51 21
internal_value=1.37932e-09 0.133501 -0.0316948 0.0125366 -0.0991312 -0.432984 0.0280275 1.00283 -0.191145 -0.370584 -0.947198 -0.131501 -0.0577553 0.284406 -0.48275 -0.192218 0.0429385 -0.0958119 0.0744907 0.492863 0.254383 -0.13128 0.124712 0.132527 -0.510853 0.144365 0.246225 0.180248 -0.448259 -1.273
internal_weight=12681 2433 10248 4388 939 259 680 55 222 174 51 123 625 151 86 62 3449 639 2810 145 121 65 2404 2380 43 2337 934 829 113 72
internal_count=12681 2433 10248 4388 939 259 680 55 222 174 51 123 625 151 86 62 3449 639 2810 145 121 65 2404 2380 43 2337 934 829 113 72
is_linear=0
shrinkage=0.05


Tree=107
num_leaves=31
num_cat=0
split_feature=4 1 6 6 2 1 7 0 1 1 0 5 3 1 6 6 6 3 2 0 3 5 6 4 0 3 1 1 3 4
split_gain=19370.1 5926.77 18752.2 23941 13720.3 12462.5 18048.7 8723.97 6751.88 5649.98 11008.5 10425.7 21937.8 11360 9389.64 8732.46 6943.64 6119.74 50190.5 30549.4 10327.6 8017.86 17075.4 22557 15055.6 14242.9 18975.3 9320.52 10726.2 43880.2
threshold=552.50000000000011 610.50000000000011 646.50000000000011 686.50000000000011 52.500000000000007 585.50000000000011 12.500000000000002 22.050000000000004 565.00000000000011 555.50000000000011 12.450000000000001 36.500000000000007 88.500000000000014 527.50000000000011 380.50000000000006 458.50000000000006 528.50000000000011 94.500000000000014 40.500000000000007 19.250000000000004 86.500000000000014 69.500000000000014 697.50000000000011 613.50000000000011 26.150000000000002 4.5000000000000009 808.50000000000011 831.50000000000011 52.500000000000007 688.50000000000011
decision_type=2 2 2 2 2 2 2 2 2 2 2 2 2 2 2 2 2 2 2 2 2 2 2 2 2 2 2 2 2 2
left_child=1 5 4 -4 -3 8 -7 -5 -1 11 -11 -2 13 -13 -12 -16 -17 20 -19 -20 21 27 23 -23 25 -24 -27 28 -18 -30
right_child=9 2 3 7 -6 6 -8 -9 -10 10 14 12 -14 -15 15 16 17 18 19 -21 -22 22 24 -25 -26 26 -28 -29 29 -31
leaf_value=-0.033552649137463163 0.096817287981537159 1.7308368516819819 -1.7451400036364797 -0.34691064474375355 0.28773219078779222 -1.9362093457153866 0.052139676213264464 1.0457910505208103 0.56087543983012444 -1.0103178449652412 -0.72326273150516285 -0.90078731775283816 1.5428843649833099 0.78443940818309787 0.97367602099974959 -0.49986305435498557 0.046596301454275901 -2.5001056957244874 -0.82635328538111752 1.0532394922266786 1.01196828028735 0.044728620674299162 1.1971814844012261 2.141490561592168 -0.71152587887403129 0.83184454351663595 -0.9952435122595894 0.24590017103113324 -2.4810716231664021 0.36685593957449064
leaf_weight=10021 138 28 20 23 40 21 25 22 48 22 33 20 46 20 30 45 1019 20 37 52 34 23 40 29 37 30 27 672 21 38
leaf_count=10021 138 28 20 23 40 21 25 22 48 22 33 20 46 20 30 45 1019 20 37 52 34 23 40 29 37 30 27 672 21 38
internal_value=-6.69405e-10 -0.03011 0.301492 -0.305759 0.881952 -0.0344702 -0.855585 0.333966 -0.0307189 0.126826 0.102563 0.3661 0.798206 -0.058174 0.113758 0.126581 0.114617 0.127917 -0.236777 0.271836 0.148095 0.132924 0.445035 1.21408 0.146601 0.473928 -0.0336182 0.0997512 0.00864532 -0.646813
internal_weight=12681 10248 133 65 68 10115 46 45 10069 2433 2209 224 86 40 2187 2154 2124 2079 109 89 1970 1936 186 52 134 97 57 1750 1078 59
internal_count=12681 10248 133 65 68 10115 46 45 10069 2433 2209 224 86 40 2187 2154 2124 2079 109 89 1970 1936 186 52 134 97 57 1750 1078 59
is_linear=0
shrinkage=0.05


Tree=108
num_leaves=31
num_cat=0
split_feature=4 0 0 0 5 4 3 1 2 8 5 3 1 3 7 1 2 5 3 5 2 5 5 6 6 5 0 5 7 2
split_gain=17816.9 10725.6 9342.31 6323.82 7393.2 7173.91 10455.8 8490.96 6610.98 15925.2 27851.9 15488.8 82561.4 20998.6 31615 24868.2 24016.8 15333.7 14827.8 11722.3 12455.4 11787 11208.8 14589.5 13861.4 10978.7 9718.22 9564.97 7798.77 7673.6
threshold=190.50000000000003 9.7500000000000018 11.850000000000003 33.250000000000007 11.500000000000002 934.50000000000011 3.5000000000000004 963.50000000000011 48.500000000000007 10.500000000000002 11.500000000000002 32.500000000000007 831.50000000000011 86.500000000000014 11.500000000000002 527.50000000000011 30.500000000000004 64.500000000000014 1.0000000180025095e-35 79.500000000000014 40.500000000000007 52.500000000000007 37.500000000000007 879.50000000000011 932.50000000000011 37.500000000000007 28.650000000000002 68.500000000000014 13.500000000000002 60.500000000000007
decision_type=2 2 2 2 2 2 2 2 2 2 2 2 2 2 2 2 2 2 2 2 2 2 2 2 2 2 2 2 2 2
left_child=-1 -2 -3 5 -5 8 7 -7 9 11 -11 18 13 14 -13 -16 -15 25 19 21 -21 -4 24 -24 -10 -18 29 -20 -12 -25
right_child=1 2 3 4 -6 6 -8 -9 22 10 28 12 -14 16 15 -17 17 -19 27 20 -22 -23 23 26 -26 -27 -28 -29 -30 -31
leaf_value=-0.047125465720379629 1.2300609809160232 -0.56656625234244162 -0.01724189376906057 0.067700352609671402 0.89297864273482674 -0.43942499364294663 0.95048821169350828 0.61290152569611867 0.016663329568004513 0.49874488115310672 -0.93391828374429187 -2.3688890062627337 -3.1964727920034659 1.4038251301726781 -1.2868999837725252 0.70882059553185028 -0.10531529761558654 -0.93335598017488219 0.23714087096781566 -1.2842702197531859 0.095189633717139566 0.88606464931598072 0.13805910747012598 1.7387573582785472 -0.98972650638648452 1.1415669491997471 0.22723445378370208 0.93283105812210965 -2.2981288796663288 0.65384256787216055
leaf_weight=7769 20 57 488 58 51 41 56 36 1525 26 22 21 23 37 27 37 51 35 174 36 30 39 1745 28 35 27 59 69 20 39
leaf_count=7769 20 57 488 58 51 41 56 36 1525 26 22 21 23 37 27 37 51 35 174 36 30 39 1745 28 35 27 59 69 20 39
internal_value=-8.15183e-10 0.0745354 0.0698112 0.0773135 0.45384 0.0686293 0.430642 0.0525718 0.0581465 -0.0449306 -0.787374 0.00121765 -0.337443 -0.0576226 -0.685489 -0.133124 0.298169 -0.0638605 0.105732 -0.029065 -0.657243 0.0496062 0.0930563 0.175577 -0.00591593 0.326298 0.695174 0.434683 -1.58354 1.10724
internal_weight=12681 4912 4892 4835 109 4726 133 77 4593 1162 68 1094 258 235 85 64 150 113 836 593 66 527 3431 1871 1560 78 126 243 42 67
internal_count=12681 4912 4892 4835 109 4726 133 77 4593 1162 68 1094 258 235 85 64 150 113 836 593 66 527 3431 1871 1560 78 126 243 42 67
is_linear=0
shrinkage=0.05


Tree=109
num_leaves=31
num_cat=0
split_feature=4 6 0 0 1 0 5 6 6 4 6 6 6 0 5 3 2 7 5 5 1 0 8 5 5 0 8 3 6 2
split_gain=16145.6 12401.6 8935.21 12381.7 7182.96 6152.12 10304 8485.75 14731.8 9306.69 14635.6 8465.81 14958.9 10108.8 30027.5 45740.8 48696.4 19063 25289.9 24777.7 15042.2 8520.37 12091.3 8587.26 8204.21 18275.4 13004 18702 21781.3 14367.9
threshold=227.50000000000003 429.50000000000006 10.250000000000002 11.850000000000003 178.50000000000003 26.250000000000004 97.500000000000014 932.50000000000011 911.50000000000011 896.50000000000011 888.50000000000011 875.50000000000011 861.50000000000011 22.450000000000003 51.500000000000007 33.500000000000007 58.500000000000007 15.500000000000002 79.500000000000014 93.500000000000014 646.50000000000011 16.250000000000004 10.500000000000002 29.500000000000004 34.500000000000007 16.450000000000003 2.5000000000000004 4.5000000000000009 518.50000000000011 62.500000000000007
decision_type=2 2 2 2 2 2 2 2 2 2 2 2 2 2 2 2 2 2 2 2 2 2 2 2 2 2 2 2 2 2
left_child=1 -1 -2 -4 -5 7 -7 8 9 10 11 12 13 21 -15 17 -17 19 -19 20 -16 22 -6 -24 -23 -26 27 -27 -29 -28
right_child=2 -3 3 4 5 6 -8 -9 -10 -11 -12 -13 -14 14 15 16 -18 18 -20 -21 -22 24 23 -25 25 26 29 28 -30 -31
leaf_value=-0.045858253869071455 0.96503802793366578 1.170789088521685 -0.73824887443532017 0.64541326999664317 -0.0018297872996008574 0.12728205860387665 0.94964247437623828 -0.7167360748115339 1.0856680523265492 0.54107585842499428 -1.3082162320613862 1.0169061142773856 -1.2335717688004175 0.063406380357730871 0.46296981131208359 -2.8679943876388747 0.07398569218137048 0.14972907629880039 -2.3069109122455123 1.4401105896631878 -1.1617744424513408 -0.014378178246114232 0.063309355177309207 -1.124321780734592 1.5124595175738689 0.47645243342746713 0.49467135126121931 -0.1267012285023201 -1.631900783146129 0.036912971390200278
leaf_weight=8043 28 21 47 55 403 1634 39 38 33 84 21 21 24 482 29 39 22 22 20 30 28 545 23 45 27 68 385 82 34 309
leaf_count=8043 28 21 47 55 403 1634 39 38 33 84 21 21 24 482 29 39 22 22 20 30 28 545 23 45 27 68 385 82 34 309
internal_value=-7.37793e-10 -0.0426899 0.0745617 0.0691284 0.077483 0.0705216 0.146452 0.0253786 0.0355372 0.0229035 0.00653399 0.0170002 0.00897646 0.0204771 -0.146438 -0.678782 -1.80695 -0.145306 -1.0201 0.277009 -0.33515 0.0788671 -0.105893 -0.722623 0.138882 0.231177 0.191776 -0.181931 -0.56788 0.290857
internal_weight=12681 8064 4617 4589 4542 4487 1673 2814 2776 2743 2659 2638 2617 2593 672 190 61 129 42 87 57 1921 471 68 1450 905 878 184 116 694
internal_count=12681 8064 4617 4589 4542 4487 1673 2814 2776 2743 2659 2638 2617 2593 672 190 61 129 42 87 57 1921 471 68 1450 905 878 184 116 694
is_linear=0
shrinkage=0.05


Tree=110
num_leaves=31
num_cat=0
split_feature=4 1 3 5 5 0 3 2 0 3 5 1 3 4 2 5 2 6 1 6 2 0 0 2 7 4 1 2 0 6
split_gain=14840.8 5295.72 10017.9 16929.5 12330.9 9244.57 7687.88 61462.9 25661.2 9683.06 6351.28 6241.6 6037.8 43970.9 9613.42 7089.1 6771.72 12095.6 16764 16212.3 18709.9 11245.7 12436.9 8312.88 6475.13 8032.86 5106.57 5224.59 13727.1 80068.1
threshold=552.50000000000011 565.00000000000011 86.500000000000014 36.500000000000007 59.500000000000007 12.450000000000001 94.500000000000014 40.500000000000007 19.250000000000004 86.500000000000014 36.500000000000007 714.50000000000011 52.500000000000007 679.50000000000011 58.500000000000007 52.500000000000007 34.500000000000007 686.50000000000011 686.50000000000011 741.50000000000011 57.500000000000007 21.450000000000003 18.050000000000004 48.500000000000007 14.500000000000002 705.50000000000011 976.50000000000011 59.500000000000007 24.750000000000004 901.50000000000011
decision_type=2 2 2 2 2 2 2 2 2 2 2 2 2 2 2 2 2 2 2 2 2 2 2 2 2 2 2 2 2 2
left_child=-1 2 4 -4 10 -3 9 -8 -9 12 -2 -10 15 -14 -15 26 -17 18 -18 20 -19 22 -21 -23 25 -25 27 28 29 -7
right_child=1 5 3 -5 -6 6 7 8 11 -11 -12 -13 13 14 -16 16 17 19 -20 21 -22 23 -24 24 -26 -27 -28 -29 -30 -31
leaf_value=-0.026355646637882299 0.087595861942435682 -0.9338283024050974 0.10093271667802972 1.3667359447926284 -1.0616691790875936 -0.05616484802143247 -2.8180686926841738 -0.74136907824952347 0.27509357571601867 0.98113529607653627 1.0408953229586284 1.4010710500180723 -1.9454663400139129 0.95355821525728379 -0.27440644374915529 -0.31967176066504588 0.38912069090342122 0.3568047327299913 1.8103951351717116 0.76517750144004826 -1.6388513062311256 1.4831702764217671 -0.84448655694723129 1.5163548080694109 -0.32521532516926532 0.36084539693481521 0.87261257529258729 0.188154644306471 0.11515005057661842 -3.26815858909062
leaf_weight=10248 104 22 56 50 21 255 20 38 20 32 21 32 28 37 28 36 59 24 32 20 23 26 30 21 20 53 20 576 708 21
leaf_count=10248 104 22 56 50 21 255 20 38 20 32 21 32 28 37 28 36 59 24 32 20 23 26 30 21 20 53 20 576 708 21
internal_value=-5.91705e-10 0.111012 0.328027 0.69801 0.059409 0.0859376 0.0963289 -0.310884 0.246268 0.11819 0.24775 0.968003 0.104499 -0.288976 0.424589 0.123519 0.329208 0.405051 0.88891 0.202143 -0.619793 0.429384 -0.200621 0.691886 0.473021 0.68876 0.0787356 0.0685577 -0.00145034 -0.300556
internal_weight=12681 2433 252 106 146 2181 2159 110 90 2049 125 52 2017 93 65 1924 344 308 91 217 47 170 50 120 94 74 1580 1560 984 276
internal_count=12681 2433 252 106 146 2181 2159 110 90 2049 125 52 2017 93 65 1924 344 308 91 217 47 170 50 120 94 74 1580 1560 984 276
is_linear=0
shrinkage=0.05


Tree=111
num_leaves=31
num_cat=0
split_feature=4 8 0 5 2 0 1 0 1 1 0 6 0 5 5 2 0 8 7 2 4 4 4 1 0 4 5 8 5 5
split_gain=13712.3 6802.97 26081.9 52648.9 51809.3 42251.6 13295.2 12982.5 14414.9 11647.1 18316.5 12420.7 11267.3 9775.24 44817.5 13005.2 20636.4 21667 14840.2 17421.1 10949.3 11826.4 13840.3 10314.1 9432.51 18489 17102.3 8845.32 16209.4 8673.4
threshold=140.50000000000003 4.5000000000000009 22.350000000000005 77.500000000000014 55.500000000000007 25.450000000000003 730.50000000000011 16.050000000000004 245.50000000000003 468.50000000000006 21.950000000000003 478.50000000000006 14.050000000000002 69.500000000000014 67.500000000000014 72.500000000000014 20.150000000000002 11.500000000000002 13.500000000000002 38.500000000000007 379.50000000000006 526.50000000000011 646.50000000000011 417.50000000000006 24.250000000000004 555.50000000000011 98.500000000000014 8.5000000000000018 53.500000000000007 87.500000000000014
decision_type=2 2 2 2 2 2 2 2 2 2 2 2 2 2 2 2 2 2 2 2 2 2 2 2 2 2 2 2 2 2
left_child=-1 2 9 4 6 -5 -4 8 -3 -2 11 29 -10 14 27 16 17 -15 24 -20 -21 -22 -23 -19 25 -18 -26 28 -9 -11
right_child=1 7 3 5 -6 -7 -8 13 12 10 -12 -13 -14 15 -16 -17 18 23 19 20 21 22 -24 -25 26 -27 -28 -29 -30 -31
leaf_value=-0.043539210010252731 -0.064573682455968937 0.19219969954827559 -0.16624794981131952 -2.7417620394474422 -2.3588405869223856 -0.24588474899530413 0.68339528177933007 0.12328638279635924 -0.1521081572229212 0.37049873662226407 1.5834198122439178 0.07142611585073122 -1.631645945243297 -1.471987242102623 -2.0578704761962099 1.4450533363681575 0.92692907273769376 0.73658879480379469 1.3509554255076432 0.55723635265904092 -1.5594062714349657 0.8457659804821015 -0.97159318463368849 -0.67275652942203346 0.76626777851581584 -0.84832831859588631 2.496270043849945 -0.034897995986400761 0.63049834678326389 1.3129046052694322
leaf_weight=7454 903 46 105 39 22 30 82 1760 22 103 23 723 31 30 24 26 55 34 22 31 21 20 22 21 50 20 20 737 173 32
leaf_count=7454 903 46 105 39 22 30 82 1760 22 103 23 723 31 30 24 26 55 34 22 31 21 20 22 21 50 20 20 737 173 32
internal_value=-3.875e-10 0.0620894 -0.00858068 -0.459055 -0.0636943 -1.6566 0.206323 0.108131 -0.455416 0.0616166 0.190958 0.153631 -1.0175 0.126328 0.093152 0.366584 0.285543 -0.3911 0.505906 0.08438 -0.212053 -0.590591 -0.106184 0.198475 0.843126 0.453527 1.26055 0.112487 0.168681 0.593884
internal_weight=12681 5227 2062 278 209 69 187 3165 99 1784 881 858 53 3066 2694 372 346 85 261 116 94 63 42 55 145 75 70 2670 1933 135
internal_count=12681 5227 2062 278 209 69 187 3165 99 1784 881 858 53 3066 2694 372 346 85 261 116 94 63 42 55 145 75 70 2670 1933 135
is_linear=0
shrinkage=0.05


Tree=112
num_leaves=31
num_cat=0
split_feature=4 6 0 0 1 2 0 2 5 6 1 3 8 0 6 6 0 5 3 6 5 5 5 5 5 8 0 7 6 5
split_gain=12473.5 11096.9 8146.09 10670.6 6648.88 5730.88 5620.9 6354.29 33940.8 56617.4 61798 8453.82 8962.38 5861.99 20978.2 13201.8 12509.9 26578 44004.7 19947.9 14942.1 36613.7 11766.1 13846.4 9840.29 12934.1 20565.6 19591.7 9146.93 9041.13
threshold=227.50000000000003 429.50000000000006 10.250000000000002 11.850000000000003 178.50000000000003 42.500000000000007 33.650000000000013 35.500000000000007 58.500000000000007 600.50000000000011 744.50000000000011 97.500000000000014 5.5000000000000009 24.550000000000004 932.50000000000011 911.50000000000011 22.650000000000002 51.500000000000007 33.500000000000007 650.50000000000011 44.500000000000007 36.500000000000007 25.500000000000004 10.500000000000002 52.500000000000007 6.5000000000000009 26.450000000000003 15.500000000000002 861.50000000000011 99.500000000000014
decision_type=2 2 2 2 2 2 2 2 2 2 2 2 2 2 2 2 2 2 2 2 2 2 2 2 2 2 2 2 2 2
left_child=1 -1 -2 5 -5 -4 7 8 11 -10 -11 12 -6 14 15 16 -9 20 19 -19 21 22 23 -18 -15 27 -27 28 29 -26
right_child=2 -3 3 4 6 -7 -8 13 9 10 -12 -13 -14 24 -16 -17 17 18 -20 -21 -22 -23 -24 -25 25 26 -28 -29 -30 -31
leaf_value=-0.040519593822757147 0.91578275220734739 1.1103522737820943 -1.253158919448438 0.6145127810673281 0.59418317883522531 -0.14867314745982488 0.48215049237777025 0.071388779050073556 -2.6756368562579156 1.5700841361078723 -1.7231049771819795 -0.81565284274873273 -0.038011244478287132 0.087011645682424976 -1.4507795472939811 1.1342605272928874 0.14787645500127963 0.77077824047633581 -2.4889424515888097 -1.2411557438698682 1.0600210147171185 -2.0378684435849603 1.0586301419597406 -0.90135430079186341 1.1175836863842876 -1.0085687236860394 0.38848038421781272 -0.20551798361720464 0.50877320021390915 2.4648310232162478
leaf_weight=8043 28 21 23 55 98 24 78 1950 32 29 28 21 131 1427 24 27 147 28 32 22 29 23 26 40 33 32 149 33 28 20
leaf_count=8043 28 21 23 55 98 24 78 1950 32 29 28 21 131 1427 24 27 147 28 32 22 29 23 26 40 33 32 149 33 28 20
internal_value=1.02803e-09 -0.0375225 0.0655364 0.0603486 0.0681045 -0.689166 0.0614068 0.0539634 -0.154021 -0.992527 -0.0476228 0.144487 0.232535 0.0712869 0.0198988 0.0350865 0.0221663 -0.254444 -1.0411 -0.114473 -0.0110276 -0.14264 0.0620096 -0.0765579 0.141356 0.404237 0.141488 0.821407 1.23978 1.62598
internal_weight=12681 8064 4617 4589 4542 47 4487 4409 339 89 57 250 229 4070 2348 2324 2297 347 82 50 265 236 213 187 1722 295 181 114 81 53
internal_count=12681 8064 4617 4589 4542 47 4487 4409 339 89 57 250 229 4070 2348 2324 2297 347 82 50 265 236 213 187 1722 295 181 114 81 53
is_linear=0
shrinkage=0.05


Tree=113
num_leaves=31
num_cat=0
split_feature=4 1 4 0 5 2 1 0 0 5 2 0 0 5 6 0 3 2 5 5 1 4 7 3 8 8 5 0 2 0
split_gain=11469.6 5822.2 4847.15 4136.64 8649.91 10076.7 9579.95 3902.64 3618.74 5381.85 3521.53 10628.1 57035.3 73621.4 18802.1 15089.4 11815.2 11183.8 18262.8 13437.1 18773.9 10473.5 7437.1 7380.98 6086.1 14469.9 34749.7 9170.08 16031.7 10374.8
threshold=577.50000000000011 345.50000000000006 968.50000000000011 26.250000000000004 62.500000000000007 24.500000000000004 392.50000000000006 27.150000000000002 33.650000000000013 11.500000000000002 61.500000000000007 22.850000000000005 23.450000000000003 30.500000000000004 548.50000000000011 21.850000000000005 97.500000000000014 59.500000000000007 67.500000000000014 40.500000000000007 737.50000000000011 641.50000000000011 15.500000000000002 62.500000000000007 3.5000000000000004 4.5000000000000009 10.500000000000002 26.150000000000002 54.500000000000007 26.650000000000002
decision_type=2 2 2 2 2 2 2 2 2 2 2 2 2 2 2 2 2 2 2 2 2 2 2 2 2 2 2 2 2 2
left_child=3 -2 8 -1 -5 -6 -7 -8 10 -10 11 15 13 -13 -14 17 24 18 19 -3 21 -21 -12 -20 -16 26 -26 28 -27 -29
right_child=1 2 -4 4 5 6 7 -9 9 -11 22 12 14 -15 16 -17 -18 -19 23 20 -22 -23 -24 -25 25 27 -28 29 -30 -31
leaf_value=-0.0332219525118162 0.87683440136412782 0.22875700388387377 0.8687869137525559 0.021612964515947714 -0.48363901539705695 0.21494884242614112 1.7065139521252026 0.77501929868822517 0.070930206814878868 0.99417946691866277 0.24066403136434822 0.28244556214305616 -1.4944157421588899 -3.8564580160108477 0.64904664605046092 0.93727084605982813 -0.81103684561033007 -0.68385818789784736 0.60110664914051704 -0.70276359571860392 -1.7872329744425688 0.77954282442277134 -0.27244797321381392 1.7255329036712646 0.46923399478197098 0.11919528157955193 -1.7751474493566683 -0.81748362544811126 1.3377465002983808 0.089808942102980793
leaf_weight=9273 24 197 20 1037 22 48 22 23 38 27 551 21 20 22 46 66 38 39 54 26 22 22 81 20 35 83 34 33 40 697
leaf_count=9273 24 197 20 1037 22 48 22 23 38 27 551 21 20 22 46 66 38 39 54 26 22 22 81 20 35 83 34 33 40 697
internal_value=1.10703e-09 0.10222 0.0938908 -0.0221207 0.0672386 0.478663 0.706304 1.23042 0.0868845 0.454434 0.075757 0.0343979 -0.0511423 -1.83513 0.0236253 0.239426 0.053805 0.118221 0.209955 0.0173187 -0.577729 -0.0233732 0.174901 0.905006 0.0877554 0.0597518 -0.636693 0.116088 0.515472 0.0487943
internal_weight=12681 2256 2232 10425 1152 115 93 45 2212 65 2147 1515 1069 43 1026 446 1006 380 341 267 70 48 632 74 968 922 69 853 123 730
internal_count=12681 2256 2232 10425 1152 115 93 45 2212 65 2147 1515 1069 43 1026 446 1006 380 341 267 70 48 632 74 968 922 69 853 123 730
is_linear=0
shrinkage=0.05


Tree=114
num_leaves=31
num_cat=0
split_feature=4 8 0 2 5 1 1 1 2 0 1 0 5 5 2 2 3 1 7 3 0 6 1 0 0 3 5 4 8 5
split_gain=10476.5 6712.45 21390.6 47814.6 35435.1 36412.7 11908 11448.2 12192.4 10880.2 13425.8 10210 9133.26 41171.7 13154.8 20320 18431.6 26179.8 11455 10965.2 10703.5 13460.7 8757.37 8675.06 9047.88 8336.02 15873.3 16892.7 10884.9 11697
threshold=57.500000000000007 4.5000000000000009 23.750000000000004 53.500000000000007 74.500000000000014 667.00000000000011 468.50000000000006 763.50000000000011 37.500000000000007 16.050000000000004 245.50000000000003 14.050000000000002 69.500000000000014 67.500000000000014 71.500000000000014 57.500000000000007 35.500000000000007 380.50000000000006 15.500000000000002 93.500000000000014 21.450000000000003 682.50000000000011 315.50000000000006 22.150000000000002 22.950000000000003 55.500000000000007 31.500000000000004 646.50000000000011 9.5000000000000018 51.500000000000007
decision_type=2 2 2 2 2 2 2 2 2 2 2 2 2 2 2 2 2 2 2 2 2 2 2 2 2 2 2 2 2 2
left_child=-1 2 6 4 7 -6 23 8 -4 10 -3 -12 13 25 15 19 18 -18 20 22 -17 -22 -14 -2 -25 28 -27 -28 -11 -30
right_child=1 9 3 -5 5 -7 -8 -9 -10 12 11 -13 14 -15 -16 16 17 -19 -20 -21 21 -23 -24 24 -26 26 27 -29 29 -31
leaf_value=-0.042003576003264521 -0.047858874598934766 0.045430084304927398 0.39451164540856387 -2.6521738822045537 0.34981528236107395 -2.2321363105956054 0.16474591735241353 0.82895082333311443 -0.90630037315910872 0.11451613042714757 -0.14250148697332904 -1.5509132567913302 -0.28085623814000027 -1.8641834024477888 1.0630155356425159 -0.088668302233730054 0.34667027658886385 -1.7010028407380391 -0.5903798663029165 1.3826108033742224 1.8110614689588549 0.15328311293075483 0.60579232101033376 -1.5488907131552698 -0.062918390652963105 -0.05376986824283915 0.41239333270855671 1.6792919200658798 -0.061871451888140028 -0.85116277733058843
leaf_weight=6839 1171 86 43 23 22 36 933 50 31 2216 22 31 36 27 53 42 27 37 33 35 25 24 123 20 21 121 106 35 359 54
leaf_count=6839 1171 86 43 23 22 36 933 50 31 2216 22 31 36 27 53 42 27 37 33 35 25 24 123 20 21 121 106 35 359 54
internal_value=4.69123e-10 0.0491719 -0.0161611 -0.504121 -0.232663 -1.25278 0.0304737 0.244486 -0.150423 0.0931389 -0.340333 -0.96629 0.111109 0.0792471 0.324838 0.222421 -0.148023 -0.837141 0.207651 0.581407 0.497047 0.999088 0.405042 -0.0728893 -0.787783 0.0973974 0.366346 0.726872 0.0705946 -0.165072
internal_weight=12681 5842 2350 205 182 58 2145 124 74 3492 139 53 3353 2918 435 382 188 64 124 194 91 49 159 1212 41 2891 262 141 2629 413
internal_count=12681 5842 2350 205 182 58 2145 124 74 3492 139 53 3353 2918 435 382 188 64 124 194 91 49 159 1212 41 2891 262 141 2629 413
is_linear=0
shrinkage=0.05


Tree=115
num_leaves=31
num_cat=0
split_feature=4 8 7 0 3 5 0 7 2 4 1 6 2 5 4 5 2 0 5 1 3 6 3 6 4 4 1 3 6 2
split_gain=9455.06 6255.96 8850.55 8791.02 28313.4 16746.8 19504.3 28934.4 20578.6 15549.4 9249.94 8956.51 8218.87 14107.7 17035.1 6904.92 29865.1 15380.1 12438.9 13350.3 44652.6 29754.4 12150.7 22969 11149.2 10535.3 21197.8 14562.4 10453.3 14782
threshold=57.500000000000007 2.5000000000000004 11.500000000000002 17.350000000000005 97.500000000000014 84.500000000000014 16.550000000000004 15.500000000000002 62.500000000000007 533.50000000000011 453.50000000000006 501.50000000000006 71.500000000000014 59.500000000000007 396.50000000000006 91.500000000000014 67.500000000000014 16.750000000000004 94.500000000000014 800.50000000000011 16.500000000000004 767.50000000000011 56.500000000000007 533.50000000000011 267.50000000000006 624.50000000000011 654.50000000000011 32.500000000000007 424.50000000000006 53.500000000000007
decision_type=2 2 2 2 2 2 2 2 2 2 2 2 2 2 2 2 2 2 2 2 2 2 2 2 2 2 2 2 2 2
left_child=-1 2 -2 5 9 -4 7 8 -7 11 -8 -5 15 -14 -15 -3 17 24 -19 21 -21 22 25 -24 -17 26 27 28 -20 -30
right_child=1 12 3 4 -6 6 10 -9 -10 -11 -12 -13 13 14 -16 16 -18 18 19 20 -22 -23 23 -25 -26 -27 -28 -29 29 -31
leaf_value=-0.039903397296698943 -0.30462824231928526 0.067448341402988429 -0.042850499665709557 -0.055728599722268152 -1.48708236778253 0.99056546272976065 0.42142394761676372 0.12023748977387205 3.0904952347278596 0.77890277984552092 -1.0299931292022977 -1.2750047716498376 0.092261807182790367 0.38749252829892455 1.6696813296526671 -0.070273708403110507 -1.4801971567304513 -0.95074437812522616 -0.19544800145222863 0.94070107306946404 -2.2449405691840432 2.0957622084944023 0.17163288440388533 2.0336658521132036 -1.7014070787213065 0.93546432515849232 -1.5510094003081323 -1.1374973466214928 1.4948224759101869 -0.074785612324873615
leaf_weight=6839 283 3812 378 61 38 28 23 47 20 48 21 20 435 136 32 20 38 27 68 22 22 21 67 22 22 23 25 23 30 30
leaf_count=6839 283 3812 378 61 38 28 23 47 20 48 21 20 435 136 32 20 38 27 68 22 22 21 67 22 22 23 25 23 30 30
internal_value=7.32515e-10 0.0467133 -0.069461 0.0278377 -0.287553 0.129714 0.598991 1.00207 1.86554 0.0657968 -0.271298 -0.356784 0.0697576 0.242558 0.631719 0.0453665 -0.137625 -0.0167301 0.0836219 0.162738 -0.65212 0.278769 0.14628 0.631911 -0.924677 -0.0709113 -0.202426 0.020849 0.228989 0.710018
internal_weight=12681 5842 967 684 167 517 139 95 48 129 44 81 4875 603 168 4272 460 422 380 353 44 309 288 89 42 199 176 151 128 60
internal_count=12681 5842 967 684 167 517 139 95 48 129 44 81 4875 603 168 4272 460 422 380 353 44 309 288 89 42 199 176 151 128 60
is_linear=0
shrinkage=0.05


Tree=116
num_leaves=31
num_cat=0
split_feature=0 3 2 5 1 6 6 6 3 4 4 6 6 4 5 6 2 3 5 1 6 1 0 5 6 4 0 4 4 3
split_gain=8713.47 12015.9 7546.25 9750.16 6411.2 13870.1 8178.03 8003.95 6853.34 9309.73 6707.69 10032 28302.8 17001.1 21970.3 8098.87 8711.36 14293.8 9972.22 7840.95 7403.65 7122.63 11206.6 6334.51 6265.41 4287.67 4172.11 3908.48 3466.93 4547.9
threshold=29.450000000000003 60.500000000000007 23.500000000000004 59.500000000000007 930.50000000000011 928.50000000000011 911.50000000000011 936.50000000000011 3.5000000000000004 938.50000000000011 896.50000000000011 864.50000000000011 875.50000000000011 827.50000000000011 28.500000000000004 817.50000000000011 41.500000000000007 57.500000000000007 53.500000000000007 858.50000000000011 834.50000000000011 820.50000000000011 23.250000000000004 5.5000000000000009 805.50000000000011 867.50000000000011 24.350000000000005 863.50000000000011 1.0000000180025095e-35 27.500000000000004
decision_type=2 2 2 2 2 2 2 2 2 2 2 2 2 2 2 2 2 2 2 2 2 2 2 2 2 2 2 2 2 2
left_child=4 2 -2 23 5 6 10 -6 9 -9 11 15 -13 -14 -15 19 -17 18 20 21 -18 24 -23 -4 28 -25 -12 -22 -1 -30
right_child=1 -3 3 -5 7 -7 -8 8 -10 -11 26 12 13 14 -16 16 17 -19 -20 -21 27 22 -24 25 -26 -27 -28 -29 29 -31
leaf_value=-0.044113541344081381 -0.79968456845222557 1.2721042429623397 -0.12798970937185958 0.90097193762660022 1.0910918501430544 -1.0237395311103148 0.71044377761009425 0.44056511890320549 0.79921283301982016 -1.0667562837898732 0.69155955779607658 -2.2032041275501251 1.0069826662540435 0.46989888686856091 -1.7646584928035738 1.1892584228744874 -0.57187273881652145 -0.80675192006996699 1.3850428898697316 -0.96161123676733551 1.0427255062829881 -0.022535287997414988 1.4955520090460777 0.11859613674102916 -0.75341798601479371 0.43984013370863978 -0.089698436737060558 0.078053793346598038 -0.023354732122894475 0.072977897314924003
leaf_weight=5832 22 23 223 40 29 34 39 21 22 20 54 20 24 22 22 26 22 28 23 22 21 31 20 551 29 128 25 21 3358 1929
leaf_count=5832 22 23 223 40 29 34 39 21 22 20 54 20 24 22 22 26 22 28 23 22 21 31 20 551 29 128 25 21 3358 1929
internal_value=6.90724e-10 0.142663 0.115716 0.137095 -0.0120411 -0.0153378 -0.012374 0.403707 0.0872924 -0.294714 -0.0148191 -0.017987 -0.549786 -0.0634872 -0.64738 -0.0138682 0.362715 0.175844 0.492082 -0.0186002 0.171174 -0.0167477 0.572793 0.10322 -0.0194448 0.179155 0.444326 0.56039 -0.0175304 0.0117929
internal_weight=12681 987 964 942 11694 11602 11568 92 63 41 11529 11450 88 68 44 11362 141 115 87 11221 64 11199 51 902 11148 679 79 42 11119 5287
internal_count=12681 987 964 942 11694 11602 11568 92 63 41 11529 11450 88 68 44 11362 141 115 87 11221 64 11199 51 902 11148 679 79 42 11119 5287
is_linear=0
shrinkage=0.05


Tree=117
num_leaves=31
num_cat=0
split_feature=4 1 3 2 1 2 5 7 5 3 2 2 5 8 4 5 3 0 2 1 6 4 3 0 6 0 1 5 4 3
split_gain=7878.92 5232.94 7361.65 33053.5 39427.8 28196.7 32139.9 9654.64 9861.94 8081.65 7313.98 12933 9727.38 12964 12710.8 7104.61 11077.9 6734.94 5466.1 4769.89 12136.9 9411.91 9523.93 8912.22 26700 22666.3 10069.4 12332.4 24712.9 16624.3
threshold=568.50000000000011 565.00000000000011 44.500000000000007 40.500000000000007 718.50000000000011 57.500000000000007 50.500000000000007 14.500000000000002 73.500000000000014 36.500000000000007 33.500000000000007 34.500000000000007 89.500000000000014 4.5000000000000009 675.50000000000011 36.500000000000007 88.500000000000014 19.250000000000004 60.500000000000007 642.50000000000011 661.50000000000011 823.50000000000011 16.500000000000004 24.750000000000004 932.50000000000011 24.250000000000004 878.50000000000011 26.500000000000004 827.50000000000011 18.500000000000004
decision_type=2 2 2 2 2 2 2 2 2 2 2 2 2 2 2 2 2 2 2 2 2 2 2 2 2 2 2 2 2 2
left_child=-1 15 9 4 -4 7 -7 8 17 10 -3 -12 19 14 -14 18 -17 -5 -2 -13 21 22 -21 24 25 26 27 -22 29 -29
right_child=1 2 3 5 -6 6 -8 -9 -10 -11 11 12 13 -15 -16 16 -18 -19 -20 20 23 -23 -24 -25 -26 -27 -28 28 -30 -31
leaf_value=-0.018688955670674672 0.39339633135180646 0.43873910014081052 -0.13021229122366226 -0.086950576901435858 -2.9962413742428735 0.1433962482586503 -1.6477214146883061 -0.28451427687769354 1.7835347479039971 0.60781472446145246 -1.2173090463876726 -0.17861266657380404 0.39030077744807518 -0.17988898898615982 1.9963238434358077 0.019457599520683291 1.2373671375041786 0.94506679516892111 -0.28263532501403937 0.4331967640668154 0.27621862384091533 -0.48923788964748383 1.4890871239559991 0.1039875810580746 -1.9262824421837217 -1.3683101461299005 0.64325347267862032 -0.55998821537082011 -2.058613166511059 0.89730811012642731
leaf_weight=10353 67 128 28 25 21 70 39 23 22 74 20 226 28 33 22 33 43 43 54 90 112 20 28 856 21 31 58 65 20 28
leaf_count=10353 67 128 28 25 21 70 39 23 22 74 20 226 28 33 22 33 43 43 54 90 112 20 28 856 21 31 58 65 20 28
internal_value=7.34369e-11 0.0831129 0.0603203 -0.183145 -1.35851 0.0762822 -0.497462 0.629717 0.863354 0.095793 0.0745782 0.0464645 0.0618952 0.589292 1.09695 0.329666 0.708538 0.565649 0.0916963 0.0337447 0.0698567 0.513749 0.683747 0.0184233 -0.200213 -0.0847748 0.0558244 -0.0956017 -0.464132 -0.121232
internal_weight=12681 2328 2131 271 49 222 109 113 90 1860 1786 1658 1638 83 50 197 76 68 121 1555 1329 138 118 1191 335 314 283 225 113 93
internal_count=12681 2328 2131 271 49 222 109 113 90 1860 1786 1658 1638 83 50 197 76 68 121 1555 1329 138 118 1191 335 314 283 225 113 93
is_linear=0
shrinkage=0.05


Tree=118
num_leaves=31
num_cat=0
split_feature=4 1 6 6 0 1 1 3 3 0 6 0 0 3 5 2 3 5 0 3 5 0 0 2 5 6 3 1 6 1
split_gain=7580.28 6875.05 4890.51 4281.35 4502.46 14028.2 10990.2 11930.4 11020.6 6759.04 25608.9 30964 7939.1 17348.9 13750.8 8970.29 6394.92 6354.79 5890.67 5070.64 4460.32 4268.75 3873.1 3703.01 3572.84 3504.59 39073.9 11097.3 8263.78 4433.49
threshold=748.50000000000011 865.50000000000011 462.50000000000006 657.50000000000011 18.150000000000002 677.50000000000011 725.50000000000011 94.500000000000014 46.500000000000007 24.550000000000004 932.50000000000011 24.250000000000004 23.050000000000004 21.500000000000004 23.500000000000004 59.500000000000007 33.500000000000007 41.500000000000007 25.950000000000003 23.500000000000004 33.500000000000007 26.950000000000003 21.750000000000004 51.500000000000007 8.5000000000000018 805.50000000000011 52.500000000000007 811.50000000000011 783.50000000000011 718.50000000000011
decision_type=2 2 2 2 2 2 2 2 2 2 2 2 2 2 2 2 2 2 2 2 2 2 2 2 2 2 2 2 2 2
left_child=1 25 -2 -4 5 -5 17 8 9 10 11 12 13 15 -14 23 18 -6 24 21 -10 -20 -17 -8 -11 27 -27 28 29 -1
right_child=2 -3 3 4 6 -7 7 -9 20 16 -12 -13 14 -15 -16 22 -18 -19 19 -21 -22 -23 -24 -25 -26 26 -28 -29 -30 -31
leaf_value=-0.011666569632846699 -0.55714197754859929 0.91386862635612498 0.63182180786416653 -1.3754758910369129 0.42451195608203607 0.31256193667650223 0.43656825987678594 -1.0774710916337513 0.37347324449746383 0.35499937624642341 -1.8048229558127269 -1.8554757168143987 0.00020444486822400774 -1.0271001094952226 1.4724879764791194 -0.49151751922838616 -0.68857574491273787 1.5361117547750474 -0.51443981420993801 0.89803219694982883 1.3813465802565865 0.15318998358090649 0.37710163139161612 1.2987787675857545 1.1668009966611863 0.59256624516687895 -2.0185292026270991 1.1363888707898913 0.75304761460849223 -0.22132757850381179
leaf_weight=11111 26 20 42 20 36 32 33 21 21 33 21 20 35 32 29 33 21 20 25 22 23 566 21 20 23 38 23 21 35 258
leaf_count=11111 26 20 42 20 36 32 33 21 21 33 21 20 35 32 29 33 21 20 25 22 23 566 21 20 23 38 23 21 35 258
internal_value=-1.82726e-10 -0.0123536 0.12097 0.136315 0.117515 -0.336683 0.139902 0.101694 0.127013 0.0905838 -0.135604 0.0215873 0.20652 -0.00565338 0.667333 0.299826 0.170569 0.821512 0.197538 0.152694 0.900316 0.124948 -0.153721 0.761931 0.688418 -0.0139664 -0.391945 -0.0119483 -0.0140629 -0.0164245
internal_weight=12681 11506 1175 1149 1107 52 1055 999 978 934 244 223 203 139 64 107 690 56 669 613 44 591 54 53 56 11486 61 11425 11404 11369
internal_count=12681 11506 1175 1149 1107 52 1055 999 978 934 244 223 203 139 64 107 690 56 669 613 44 591 54 53 56 11486 61 11425 11404 11369
is_linear=0
shrinkage=0.05


Tree=119
num_leaves=31
num_cat=0
split_feature=4 4 3 1 5 0 6 4 4 6 8 6 5 2 1 6 5 2 5 0 5 2 6 2 6 0 2 5 5 0
split_gain=7109.14 4999.51 12297 7837.3 9375.84 6555.68 8035.71 56230.8 11420.3 6244.79 15760.3 8366.07 4860.45 4586.41 24978.6 9583.8 18658.1 24964.9 9835.29 7525.25 6445.12 8849.27 23935.2 13607.5 54878.5 5814.45 13374.8 9579.72 14465.1 19806.8
threshold=1.5000000000000002 919.50000000000011 3.5000000000000004 963.50000000000011 10.500000000000002 33.250000000000007 928.50000000000011 901.50000000000011 896.50000000000011 911.50000000000011 5.5000000000000009 905.50000000000011 35.500000000000007 35.500000000000007 846.50000000000011 617.50000000000011 56.500000000000007 30.500000000000004 70.500000000000014 24.650000000000002 34.500000000000007 38.500000000000007 536.50000000000011 40.500000000000007 624.50000000000011 15.250000000000002 41.500000000000007 97.500000000000014 84.500000000000014 18.850000000000005
decision_type=2 2 2 2 2 2 2 2 2 2 2 2 2 2 2 2 2 2 2 2 2 2 2 2 2 2 2 2 2 2
left_child=-1 5 3 4 -3 6 8 -8 9 11 -11 13 -7 14 15 16 -2 19 -17 -18 -15 22 -22 24 -23 -25 -27 28 -28 -30
right_child=1 2 -4 -5 -6 12 7 -9 -10 10 -12 -13 -14 20 -16 18 17 -19 -20 -21 21 23 -24 25 -26 26 27 -29 29 -31
leaf_value=-0.039875116333991864 0.035446380896233219 0.054428704380989082 0.74184997371014427 0.485364641161526 -1.0141824424266817 0.19438608028585949 0.40845189408088728 -2.7471049481630327 0.68613883040272272 1.6247476194586075 -0.13806270845234395 -0.89745816898345954 0.96763445278008775 -0.028531397409323797 -1.8657348638772966 0.041489711189237631 0.57252044972209704 -1.9505066018551589 1.0476515083601983 -0.76603332192060503 -0.26297484099482882 0.42168135144012542 1.5002589747309685 -0.076253434858298719 -2.8140935915708543 1.158837555249532 0.10657939190579356 -0.10306983656912427 1.1619897328600099 0.01957499837528353
leaf_weight=5941 193 65 85 51 30 63 48 20 65 21 32 25 30 2571 20 92 21 32 33 21 39 38 38 505 20 30 1915 485 79 73
leaf_count=5941 193 65 85 51 30 63 48 20 65 21 32 25 30 2571 20 92 21 32 33 21 39 38 38 505 20 30 1915 485 79 73
internal_value=-1.5731e-10 0.0351481 0.263737 -0.0146165 -0.283027 0.0270356 0.0209943 -0.519653 0.0267857 0.0199645 0.560409 0.0153668 0.443821 0.0190446 -0.142146 -0.0542073 -0.223366 -0.898378 0.307116 -0.0967564 0.0305085 0.0776194 0.607192 0.0646537 -0.694103 0.0789096 0.109257 0.0969188 0.143844 0.61333
internal_weight=12681 6740 231 146 95 6509 6416 68 6348 6283 53 6230 93 6205 412 392 267 74 125 42 5793 3222 77 3145 58 3087 2582 2552 2067 152
internal_count=12681 6740 231 146 95 6509 6416 68 6348 6283 53 6230 93 6205 412 392 267 74 125 42 5793 3222 77 3145 58 3087 2582 2552 2067 152
is_linear=0
shrinkage=0.05


Tree=120
num_leaves=31
num_cat=0
split_feature=0 3 2 5 1 6 6 6 3 4 5 4 6 6 4 5 6 2 3 5 1 6 1 0 6 4 4 3 4 0
split_gain=6843.37 10842.2 6845.26 8653.65 5605.38 11618.7 6629.65 6107.04 5800.3 8583.27 5498.22 5117.85 8975.57 24774 14982.2 19640 6956.3 7732.57 12884.1 8527.57 6816.38 6551.06 5875.11 10061 5849.72 10053.9 3959.62 4366.68 3451.38 3288.67
threshold=29.450000000000003 60.500000000000007 23.500000000000004 57.500000000000007 930.50000000000011 928.50000000000011 936.50000000000011 911.50000000000011 3.5000000000000004 938.50000000000011 5.5000000000000009 896.50000000000011 864.50000000000011 875.50000000000011 827.50000000000011 28.500000000000004 817.50000000000011 41.500000000000007 57.500000000000007 53.500000000000007 858.50000000000011 834.50000000000011 820.50000000000011 23.250000000000004 800.50000000000011 775.50000000000011 831.50000000000011 9.5000000000000018 863.50000000000011 24.350000000000005
decision_type=2 2 2 2 2 2 2 2 2 2 2 2 2 2 2 2 2 2 2 2 2 2 2 2 2 2 2 2 2 2
left_child=4 2 -2 10 5 7 -6 11 9 -8 -4 12 16 -14 -15 -16 20 -18 19 21 22 -19 24 -24 -1 -26 -12 -28 -23 -13
right_child=1 -3 3 -5 6 -7 8 -9 -10 -11 26 29 13 14 15 -17 17 18 -20 -21 -22 28 23 -25 25 -27 27 -29 -30 -31
leaf_value=-0.014776213066215009 -0.77101434006948366 1.1992931316728177 -0.12866387179313485 0.78250714036378455 1.0036667055097119 -0.9366918326300735 0.44467488129933674 0.61358477956591517 0.74504682719707493 -1.0026421427726746 0.080535096237942527 0.60740661378260019 -2.0658532500267031 0.94093787421782826 0.44427193709945478 -1.6684615846384656 1.1157108533840914 -0.53454497023062275 -0.77196073702403478 1.2869151781434598 -0.89565463093194086 0.98378328368777324 -0.043334207227153171 1.3950684286653996 -1.4234501069784165 0.055624600251515714 0.26353144868233697 1.0116512559777635 0.077275462164765316 -0.086221389174461371
leaf_weight=11101 22 23 223 47 29 34 21 39 22 20 478 54 20 24 22 22 26 22 28 23 22 21 31 20 20 27 172 22 21 25
leaf_count=11101 22 23 223 47 29 34 21 39 22 20 478 54 20 24 22 22 26 22 28 23 22 21 31 20 20 27 172 22 21 25
internal_value=4.84859e-10 0.12643 0.100833 0.121195 -0.010671 -0.0137536 0.378073 -0.011041 0.090101 -0.261333 0.0864664 -0.0131539 -0.0159211 -0.51894 -0.0639656 -0.612095 -0.0120251 0.336985 0.160925 0.461164 -0.0164107 0.16441 -0.0146834 0.520745 -0.0171329 -0.573769 0.157856 0.34837 0.530529 0.387904
internal_weight=12681 987 964 942 11694 11602 92 11568 63 41 895 11529 11450 88 68 44 11362 141 115 87 11221 64 11199 51 11148 47 672 194 42 79
internal_count=12681 987 964 942 11694 11602 92 11568 63 41 895 11529 11450 88 68 44 11362 141 115 87 11221 64 11199 51 11148 47 672 194 42 79
is_linear=0
shrinkage=0.05


Tree=121
num_leaves=31
num_cat=0
split_feature=0 5 3 3 1 3 8 2 2 1 1 6 0 1 4 1 4 3 3 0 3 0 5 0 4 5 5 1 1 1
split_gain=6273.21 6678.45 11635.7 17180.9 11062.4 9307.48 7920.76 7463.08 12442.7 6880.59 5679.92 5301.33 24596.6 7255.31 4487.7 6785.19 4377.47 6173.15 17328.5 9690.03 6158.62 15556.6 37415.7 7230.05 5640.2 5522.92 3666.51 3453.95 7155.15 10425.2
threshold=26.650000000000002 36.500000000000007 86.500000000000014 54.500000000000007 585.50000000000011 44.500000000000007 9.5000000000000018 26.500000000000004 37.500000000000007 842.50000000000011 881.50000000000011 932.50000000000011 24.150000000000002 927.50000000000011 845.50000000000011 885.50000000000011 763.50000000000011 32.500000000000007 21.500000000000004 18.050000000000004 1.0000000180025095e-35 23.650000000000002 10.500000000000002 23.250000000000004 816.50000000000011 9.5000000000000018 49.500000000000007 842.50000000000011 816.50000000000011 783.50000000000011
decision_type=2 2 2 2 2 2 2 2 2 2 2 2 2 2 2 2 2 2 2 2 2 2 2 2 2 2 2 2 2 2
left_child=11 5 3 6 -4 9 7 -3 -9 -2 -11 13 -13 16 15 26 27 18 20 -19 21 -18 -23 -22 -21 -25 -10 28 29 -1
right_child=1 2 4 -5 -6 -7 -8 8 14 10 -12 12 -14 -15 -16 -17 17 19 -20 24 23 22 -24 25 -26 -27 -28 -29 -30 -31
leaf_value=-0.019489291618711289 -0.04326445261829466 -0.80288316890597344 0.14379791374559756 -1.2727398808214017 1.5388484009106955 -0.94956280797719961 1.1345715959866842 1.109963156107594 0.015908883755702451 0.64331294557813445 0.11711247916454855 -1.8299178159236911 0.64982903897762301 0.85501685695101826 0.52206486303246391 -0.68679361519990145 0.48920322580943032 -0.32309295557001061 -1.034285020828247 1.1777995325186674 0.11580632074673972 0.16295276332874686 -2.3595892932443392 0.41177520702282594 0.39813400221197576 1.5367944788461321 0.26687780627432994 -0.55764050031701717 0.9244397810101509 -0.96886762709453189
leaf_weight=10044 905 20 27 21 30 25 21 34 339 66 230 20 20 24 66 27 63 34 35 34 75 49 21 24 73 20 255 30 20 29
leaf_count=10044 905 20 27 21 30 25 21 34 339 66 230 20 20 24 66 27 63 34 35 34 75 49 21 24 73 20 255 30 20 29
internal_value=-6.66977e-10 0.0797137 0.188318 0.138109 0.878035 0.00530271 0.176991 0.149853 0.176281 0.0251792 0.234441 -0.0155147 -0.590044 -0.0133415 0.130072 0.0884115 -0.0153168 0.141311 0.00821291 0.412226 0.153004 -0.0808037 -0.59381 0.414319 0.645878 0.923148 0.123648 -0.021939 -0.0203467 -0.0222225
internal_weight=12681 2066 840 783 57 1226 762 741 721 1201 296 10615 40 10575 687 621 10551 428 287 141 252 133 70 119 107 44 594 10123 10093 10073
internal_count=12681 2066 840 783 57 1226 762 741 721 1201 296 10615 40 10575 687 621 10551 428 287 141 252 133 70 119 107 44 594 10123 10093 10073
is_linear=0
shrinkage=0.05


Tree=122
num_leaves=31
num_cat=0
split_feature=1 6 0 6 8 4 6 8 6 2 1 6 5 2 5 0 5 2 2 6 2 5 5 1 1 0 0 2 0 5
split_gain=5849.41 4661.23 4338.78 5488.46 29985.4 8476.71 4983.44 13661.2 7076.58 4776.49 28792.8 8063.88 16584.6 22966.4 12793.9 7456.56 5739.33 5105.49 5081.56 15224.3 9250.52 4553.14 4255.81 4163.65 6359.01 4051.39 3985.63 6949.05 7730.71 6434.37
threshold=1.0000000180025095e-35 948.50000000000011 33.250000000000007 928.50000000000011 5.5000000000000009 891.50000000000011 911.50000000000011 5.5000000000000009 905.50000000000011 35.500000000000007 831.50000000000011 621.50000000000011 56.500000000000007 30.500000000000004 82.500000000000014 24.650000000000002 18.500000000000004 28.500000000000004 38.500000000000007 536.50000000000011 39.500000000000007 68.500000000000014 36.500000000000007 893.50000000000011 906.50000000000011 26.550000000000004 15.250000000000002 66.500000000000014 15.050000000000002 97.500000000000014
decision_type=2 2 2 2 2 2 2 2 2 2 2 2 2 2 2 2 2 2 2 2 2 2 2 2 2 2 2 2 2 2
left_child=-1 2 3 5 -5 6 8 -8 9 10 11 12 -2 15 17 -14 -11 -13 19 -18 -20 -21 -4 -7 -25 -19 27 28 -22 -28
right_child=1 -3 22 4 -6 23 7 -9 -10 16 -12 14 13 -15 -16 -17 18 25 20 21 26 -23 -24 24 -26 -27 29 -29 -30 -31
leaf_value=-0.036637393559357821 0.035131505183568321 0.35137685076666197 0.14538776201920375 -1.5751025773810619 0.28541396176294676 0.73036887587181165 1.5250710766762496 -0.17355972816204202 -0.82599056434631357 -0.042891962915845953 -1.9985602027177813 0.48026240265522252 0.62544220544397833 -1.8528568435460331 1.3467289972564449 -0.72354098196540573 -0.17303515165471114 0.050972876580137966 -0.77989132155974705 0.64507932729191253 -0.16854251925978397 1.6404335087537767 0.86277948594170406 -0.53863269505293476 0.39620772626721995 -0.81438697714890762 0.11403021141825867 0.083054195354718155 -1.1125653050839901 -0.078986743369397039
leaf_weight=5860 194 112 72 33 63 56 20 29 25 1905 20 39 20 32 23 21 52 38 33 27 225 20 29 23 87 21 2699 365 24 514
leaf_count=5860 194 112 72 33 63 56 20 29 25 1905 20 39 20 32 23 21 52 38 33 27 225 20 29 23 87 21 2699 365 24 514
internal_value=6.22791e-11 0.0314756 0.0261352 0.0211641 -0.354139 0.0266968 0.0174705 0.519759 0.0135619 0.0169083 -0.148512 -0.0531484 -0.206597 -0.848999 0.285453 -0.0655004 0.0284178 0.0363783 0.0627308 0.416444 0.0536588 1.06863 0.351372 0.379411 0.200741 -0.257037 0.0608465 -0.0558776 -0.259533 0.0831523
internal_weight=12681 6821 6709 6608 96 6512 6346 49 6297 6272 408 388 267 73 121 41 5864 98 3959 99 3860 47 101 166 110 59 3827 614 249 3213
internal_count=12681 6821 6709 6608 96 6512 6346 49 6297 6272 408 388 267 73 121 41 5864 98 3959 99 3860 47 101 166 110 59 3827 614 249 3213
is_linear=0
shrinkage=0.05


Tree=123
num_leaves=31
num_cat=0
split_feature=4 4 5 0 2 1 6 6 8 8 8 6 6 5 8 0 1 6 4 3 0 5 3 6 1 8 0 6 5 1
split_gain=5281.26 4283.53 4386.26 7017.03 9447.14 19282 23327.2 25639.6 15138.3 14431.6 47798.4 14301.6 11542.8 9740.5 20095.2 24599.9 24502.3 9537.6 15959 15353 9067.73 8547.19 6700.93 6207.6 14992.3 13581.5 25379.5 22417 17539.4 9666.41
threshold=1.0000000180025095e-35 957.50000000000011 37.500000000000007 33.650000000000013 48.500000000000007 846.50000000000011 668.50000000000011 638.50000000000011 4.5000000000000009 10.500000000000002 11.500000000000002 597.50000000000011 879.50000000000011 91.500000000000014 4.5000000000000009 16.850000000000005 481.50000000000006 718.50000000000011 701.50000000000011 26.500000000000004 28.650000000000002 58.500000000000007 10.500000000000002 692.50000000000011 725.50000000000011 3.5000000000000004 20.150000000000002 793.50000000000011 82.500000000000014 858.50000000000011
decision_type=2 2 2 2 2 2 2 2 2 2 2 2 2 2 2 2 2 2 2 2 2 2 2 2 2 2 2 2 2 2
left_child=-1 2 -2 4 5 6 7 9 -7 11 -11 13 23 -4 15 -15 -17 -8 19 -19 -14 -20 -13 24 -6 28 27 -27 -25 -28
right_child=1 -3 3 -5 12 8 17 -9 -10 10 -12 22 20 14 -16 16 -18 18 21 -21 -22 -23 -24 25 -26 26 29 -29 -30 -31
leaf_value=-0.034845810206457439 -0.013836539824370497 0.5055669691334379 0.080074284868459633 1.0003955852985382 0.091755270586634893 -2.0845141808191938 1.2483819862774441 -1.842432938710503 -0.3086168412651335 -2.4244589474201206 0.85496672131121165 1.4519293061711573 0.95149820051763379 0.39982408535480501 0.62349847277690629 -0.4979209220409393 -2.5741166102665445 0.61256255209445953 0.32334080314636232 -1.1108284826789585 0.13173284706744282 1.674633196267215 0.18737974822521211 -0.13864411493142445 1.0806600903853392 -0.37169987678527838 -0.16236098315304962 -2.5016700835455037 1.7200437851927497 0.63392725030581154
leaf_weight=5854 3373 47 193 20 2219 21 35 23 28 25 20 22 69 25 29 30 27 24 25 28 66 22 20 30 39 30 249 21 22 45
leaf_count=5854 3373 47 193 20 2219 21 35 23 28 25 20 22 69 25 29 30 27 24 25 28 66 22 20 30 39 30 249 21 22 45
internal_value=-5.99299e-11 0.0298795 0.026582 0.0665971 0.0610831 -0.119438 -0.0344677 -0.220061 -1.06972 -0.124628 -0.966936 -0.015079 0.0997107 -0.134564 -0.507763 -0.907844 -1.48138 0.538934 0.288119 -0.315417 0.550724 0.955861 0.849763 0.0767778 0.108836 -0.105556 -0.219093 -1.24875 0.647724 -0.0404801
internal_weight=12681 6827 6780 3407 3387 597 548 414 49 391 45 346 2790 304 111 82 57 134 99 52 135 47 42 2655 2258 397 345 51 52 294
internal_count=12681 6827 6780 3407 3387 597 548 414 49 391 45 346 2790 304 111 82 57 134 99 52 135 47 42 2655 2258 397 345 51 52 294
is_linear=0
shrinkage=0.05


Tree=124
num_leaves=31
num_cat=0
split_feature=0 3 3 6 6 2 6 0 6 4 6 6 6 5 0 6 6 1 1 6 4 5 5 0 0 1 4 6 1 3
split_gain=5071.38 9246.3 5784.37 4386.35 15294 22419.3 7641.93 11339.9 4943.98 4423.76 8070.59 32192.4 9792.12 5460.15 5260.82 5092.09 12103.1 7428.86 8783.98 5355.53 8925.32 4516.48 4032.05 4467.57 5452.65 4315.85 6665.82 3829.21 3322.71 2319.46
threshold=29.450000000000003 60.500000000000007 32.500000000000007 948.50000000000011 928.50000000000011 59.500000000000007 911.50000000000011 24.250000000000004 905.50000000000011 860.50000000000011 861.50000000000011 879.50000000000011 834.50000000000011 23.500000000000004 22.550000000000004 825.50000000000011 817.50000000000011 846.50000000000011 820.50000000000011 800.50000000000011 775.50000000000011 10.500000000000002 7.5000000000000009 33.250000000000007 31.650000000000002 878.50000000000011 860.50000000000011 961.50000000000011 763.50000000000011 27.500000000000004
decision_type=2 2 2 2 2 2 2 2 2 2 2 2 2 2 2 2 2 2 2 2 2 2 2 2 2 2 2 2 2 2
left_child=3 2 22 4 6 -6 8 -8 9 10 12 -12 15 21 -15 16 17 18 19 29 -21 -11 -2 24 28 -26 -27 -5 -24 -1
right_child=1 -3 -4 27 5 -7 7 -9 -10 13 11 -13 -14 14 -16 -17 -18 -19 -20 20 -22 -23 23 -25 25 26 -28 -29 -30 -31
leaf_value=-0.029364404243137566 -0.060151975432907061 1.0996014207601548 -0.58672384011649326 0.94424978711388341 -2.0202223793320035 0.23938707993144082 1.5304488277062775 -0.05317221238062933 -0.71275155401229862 0.19347216710448267 -2.1494155145826794 0.36999924890697006 0.72628313928842547 0.21979867200820877 1.118101731794221 -0.7559654022040575 1.0461027445616546 -0.91146346842465198 0.76782731504903901 -1.3469423425197602 0.058001702336164619 -0.58427216534813242 0.082439238302935217 0.60381465050307193 0.076537653301344377 -1.1374872160994489 -0.006102706839640936 0.10695916935801507 0.34554459453564312 0.018273978334737453
leaf_weight=7102 259 23 31 22 23 21 20 26 25 84 21 32 45 39 28 23 27 23 36 20 26 24 241 55 86 23 30 36 239 3991
leaf_count=7102 259 23 31 22 23 21 20 26 25 84 21 32 45 39 28 23 27 23 36 20 26 24 241 55 86 23 30 36 239 3991
internal_value=8.26501e-10 0.108838 0.0851991 -0.00918615 -0.0113481 -0.941772 -0.0078165 0.635359 -0.0103789 -0.00885483 -0.0127027 -0.628259 -0.00981377 0.240618 0.595209 -0.0127587 -0.0112359 -0.0137853 -0.0119377 -0.0144578 -0.552844 0.0206401 0.107525 0.171958 0.133586 -0.14218 -0.497081 0.424552 0.213444 -0.0122252
internal_weight=12681 987 964 11694 11636 44 11592 46 11546 11521 11346 53 11293 175 67 11248 11225 11198 11175 11139 46 108 933 674 619 139 53 58 480 11093
internal_count=12681 987 964 11694 11636 44 11592 46 11546 11521 11346 53 11293 175 67 11248 11225 11198 11175 11139 46 108 933 674 619 139 53 58 480 11093
is_linear=0
shrinkage=0.05


Tree=125
num_leaves=31
num_cat=0
split_feature=0 5 2 0 2 4 1 2 8 5 6 0 1 4 3 3 0 5 5 4 5 5 8 1 2 7 1 6 1 0
split_gain=4636.28 5837.02 11105.7 17859.2 8687.55 5936.21 6543.07 5592.06 4528.51 20549 4308.55 22146.7 5916.23 3184.26 5796.26 15742.3 8459.33 5699.08 9525.68 5297.5 5196.3 10195 13573.9 3067.58 38080.2 35889.5 3799.91 2868.51 6211.49 2605.87
threshold=26.650000000000002 57.500000000000007 35.500000000000007 29.150000000000002 24.500000000000004 871.50000000000011 881.50000000000011 46.500000000000007 5.5000000000000009 30.500000000000004 932.50000000000011 24.150000000000002 927.50000000000011 763.50000000000011 32.500000000000007 21.500000000000004 18.050000000000004 53.500000000000007 43.500000000000007 816.50000000000011 34.500000000000007 9.5000000000000018 4.5000000000000009 767.50000000000011 59.500000000000007 13.500000000000002 755.50000000000011 891.50000000000011 800.50000000000011 29.050000000000004
decision_type=2 2 2 2 2 2 2 2 2 2 2 2 2 2 2 2 2 2 2 2 2 2 2 2 2 2 2 2 2 2
left_child=10 5 3 -3 -5 8 -7 -4 9 -2 12 -12 13 23 15 17 -16 18 20 -18 21 -15 -23 26 25 -25 -1 28 -21 -8
right_child=1 2 7 4 -6 6 29 -9 -10 -11 11 -13 -14 14 16 -17 19 -19 -20 27 -22 22 -24 24 -26 -27 -28 -29 -30 -31
leaf_value=-0.017551258623669453 -1.5706311517141083 -1.4762584260851146 1.2662320634593136 -0.39516318412054158 1.0266154061664234 1.0122928034800749 0.51525726318359377 0.41944247242063287 0.017475870329436698 0.61601668624650863 -1.7077910673618317 0.64522032618522651 0.77276146784424782 0.31401415987901632 -0.30410040498930302 -1.0021867685658592 1.1167571563273668 0.80199702467237199 -0.9185002096321272 0.68008344045707159 0.8629245283810989 -1.141488715915969 0.48462840971492582 -2.2628255764322898 0.94667028496532069 0.16309742371241254 0.62586415591447253 0.87137238979339604 -0.40423476961255073 0.096475712348914527
leaf_weight=10001 22 20 23 21 22 26 46 128 1544 21 20 20 24 124 34 35 34 28 23 28 23 33 21 31 38 30 23 20 25 193
leaf_count=10001 22 20 23 21 22 26 46 128 1544 21 20 20 24 124 34 35 34 28 23 28 23 33 21 31 38 30 23 20 25 193
internal_value=-5.24786e-10 0.0685287 0.315766 -0.241874 0.332258 0.0399603 0.259024 0.548424 0.00338072 -0.502733 -0.0133378 -0.531285 -0.0113786 -0.0131623 0.120423 -0.00854716 0.382938 0.129458 0.045391 0.601249 0.155687 0.0643024 -0.50911 -0.0188103 -0.29577 -1.06975 -0.0160749 0.36115 0.168613 0.177078
internal_weight=12681 2066 214 63 43 1852 265 151 1587 43 10615 40 10575 10551 428 287 141 252 224 107 201 178 54 10123 99 61 10024 73 53 239
internal_count=12681 2066 214 63 43 1852 265 151 1587 43 10615 40 10575 10551 428 287 141 252 224 107 201 178 54 10123 99 61 10024 73 53 239
is_linear=0
shrinkage=0.05


Tree=126
num_leaves=31
num_cat=0
split_feature=4 7 8 1 6 2 8 2 5 1 3 1 5 7 1 5 4 5 8 5 7 6 4 5 1 4 3 5 5 6
split_gain=4352.22 3905.68 8053.96 12916.8 10004.5 7783.65 8663.52 8714.31 8403.81 10456.3 7414.16 17101.7 64011 11987.1 7953.85 6076.97 13319.7 11096.1 10067.3 4804.79 4313.76 11520.2 17262.5 15442.7 42039.3 30449.4 45168.1 13836.7 13829.6 16683.8
threshold=1.5000000000000002 11.500000000000002 3.5000000000000004 589.50000000000011 536.50000000000011 66.500000000000014 10.500000000000002 62.500000000000007 57.500000000000007 116.50000000000001 47.500000000000007 481.50000000000006 52.500000000000007 9.5000000000000018 332.50000000000006 76.500000000000014 510.50000000000006 68.500000000000014 4.5000000000000009 17.500000000000004 14.500000000000002 465.50000000000006 664.50000000000011 99.500000000000014 494.50000000000006 521.50000000000011 16.500000000000004 89.500000000000014 81.500000000000014 429.50000000000006
decision_type=2 2 2 2 2 2 2 2 2 2 2 2 2 2 2 2 2 2 2 2 2 2 2 2 2 2 2 2 2 2
left_child=-1 2 3 4 -2 6 10 -8 -7 -10 15 13 -13 14 -12 17 18 19 -17 -4 21 22 28 27 -25 -26 -27 -23 -3 -30
right_child=1 20 5 -5 -6 8 7 -9 9 -11 11 12 -14 -15 -16 16 -18 -19 -20 -21 -22 23 -24 24 25 26 -28 -29 29 -31
leaf_value=-0.031199587300023437 -0.17481874151924273 0.29947031021118165 -0.06921066407778996 -1.2935389610528947 0.88911327288850495 0.04950786934811538 -0.23533765424587086 -1.3088949168721835 0.027042881495812361 0.76540739069100139 0.078439330570399757 0.74655617177486422 -2.6987547695636751 1.1591667020320893 -1.0729257319867611 -0.70534425227281949 1.5174776233055376 -1.0946919899772514 0.66856390708436575 0.17769186520748889 0.018001440912434327 0.098376199097184536 -0.82412090514387415 -2.1987734079360961 1.1929014085067642 0.78753739958629021 -1.7620382886183892 1.0211116963908786 0.6101613026112318 2.3120720123251277
leaf_weight=5941 562 85 431 25 23 442 89 24 85 110 60 26 28 20 20 24 22 22 30 363 2750 1243 21 27 36 32 38 42 36 24
leaf_count=5941 562 85 431 25 23 442 89 24 85 110 60 26 28 20 20 24 22 22 30 363 2750 1243 21 27 36 32 38 42 36 24
internal_value=4.48146e-10 0.027501 -0.023583 -0.180552 -0.132989 0.0297306 -0.0474372 -0.46335 0.170135 0.443556 -0.00250593 -0.32288 -1.0399 0.0643118 -0.209402 0.0528053 0.480436 0.0129769 0.0579381 0.0436679 0.0558601 0.121587 0.515687 0.0754511 -0.437434 0.0112094 -0.596518 0.128536 0.709728 1.29093
internal_weight=12681 6740 2406 610 585 1796 1159 113 637 195 1046 154 54 100 80 892 76 816 54 794 4334 1584 166 1418 133 106 70 1285 145 60
internal_count=12681 6740 2406 610 585 1796 1159 113 637 195 1046 154 54 100 80 892 76 816 54 794 4334 1584 166 1418 133 106 70 1285 145 60
is_linear=0
shrinkage=0.05


Tree=127
num_leaves=31
num_cat=0
split_feature=4 0 5 2 2 1 6 3 6 0 4 2 5 2 5 7 5 2 4 2 8 6 0 8 3 3 6 3 6 7
split_gain=4150.35 3773.09 3865.37 3248.8 3063.29 43102.3 7911.56 8494.23 7319.33 3534.85 3484.78 5479.57 7332.18 4956.08 21678.1 24579.1 5534.25 6821.33 10089.7 6634.66 16548.7 9428.35 7885.61 7590.2 13327.2 27079.3 21683 10721.7 10435.3 11911.3
threshold=957.50000000000011 33.250000000000007 11.500000000000002 20.500000000000004 29.500000000000004 816.50000000000011 621.50000000000011 37.500000000000007 509.50000000000006 13.750000000000002 1.0000000180025095e-35 30.500000000000004 26.500000000000004 35.500000000000007 56.500000000000007 12.500000000000002 37.500000000000007 37.500000000000007 447.50000000000006 48.500000000000007 10.500000000000002 879.50000000000011 28.650000000000002 4.5000000000000009 34.500000000000007 72.500000000000014 578.50000000000011 1.0000000180025095e-35 629.50000000000011 11.500000000000002
decision_type=2 2 2 2 2 2 2 2 2 2 2 2 2 2 2 2 2 2 2 2 2 2 2 2 2 2 2 2 2 2
left_child=1 3 -3 -1 5 6 8 -8 9 -5 -6 12 -12 14 -13 -16 -15 18 -18 20 23 -21 -23 24 28 -26 -27 -25 29 -19
right_child=-2 2 -4 4 10 -7 7 -9 -10 -11 11 13 -14 16 15 -17 17 19 -20 21 -22 22 -24 27 25 26 -28 -29 -30 -31
leaf_value=0.53372225584462285 0.46898315070157359 -0.0066246018938298503 0.59724414016840599 0.61202619314193729 -0.030154008230730795 -2.4054155296087267 0.037947455421090126 1.3682225611805916 -0.89926759412995105 -0.097357330502321329 -0.0098296152427792549 0.089843252524226702 1.286430468261242 -0.020967954164347897 -2.3681360399181193 -0.19711603245232256 -0.10975429232824932 -0.44621847858031594 1.3584160614013674 0.06998566846702188 -1.1867212004083043 0.87217121210651127 0.1016243735793978 -0.20593667975985089 -2.0676465072631838 -0.99487767996210053 0.87912427351392552 0.78689770737434173 -0.61173913155992832 0.74982420788968307
leaf_weight=28 47 53 53 20 5758 20 30 20 27 144 24 147 20 3037 22 32 22 30 25 2655 34 69 64 52 25 33 29 57 36 68
leaf_count=28 47 53 53 20 5758 20 30 20 27 144 24 147 20 3037 22 32 22 30 25 2655 34 69 64 52 25 33 29 57 36 68
internal_value=1.06773e-10 -0.00174467 0.29531 -0.00425807 -0.00546314 -0.17496 0.0101399 0.570057 -0.136435 -0.0108471 -0.00184857 0.0232992 0.57938 0.0194981 -0.224874 -1.08161 0.0273748 0.0732694 0.671187 0.0643538 -0.136409 0.0905652 0.501382 -0.0281945 -0.1966 -0.678477 -0.118328 0.313252 0.11626 0.383689
internal_weight=12681 12634 106 12528 12500 261 241 50 191 164 12239 6481 44 6437 201 54 6236 3199 47 3152 364 2788 133 330 221 87 62 109 134 98
internal_count=12681 12634 106 12528 12500 261 241 50 191 164 12239 6481 44 6437 201 54 6236 3199 47 3152 364 2788 133 330 221 87 62 109 134 98
is_linear=0
shrinkage=0.05


Tree=128
num_leaves=31
num_cat=0
split_feature=0 3 3 3 1 6 4 3 6 6 5 0 0 1 4 1 4 1 1 1 1 1 1 1 4 1 5 1 1 1
split_gain=3900.15 8309.52 6166.75 3890.98 3512.8 9641.08 5318.1 7649.64 3570.23 4565.77 3021.57 3350.49 3351.51 3114.67 7771.92 2871.05 2524.37 4576.35 3083.74 10098.5 13530.7 7923.21 6820.17 7874.9 4952.21 2295.16 2222.5 2046.53 2465.07 1883.93
threshold=29.450000000000003 54.500000000000007 32.500000000000007 21.500000000000004 930.50000000000011 928.50000000000011 938.50000000000011 3.5000000000000004 911.50000000000011 905.50000000000011 7.5000000000000009 33.850000000000001 31.350000000000005 878.50000000000011 836.50000000000011 851.50000000000011 896.50000000000011 893.50000000000011 885.50000000000011 865.50000000000011 858.50000000000011 851.50000000000011 842.50000000000011 831.50000000000011 852.50000000000011 820.50000000000011 32.500000000000007 881.50000000000011 910.50000000000011 816.50000000000011
decision_type=2 2 2 2 2 2 2 2 2 2 2 2 2 2 2 2 2 2 2 2 2 2 2 2 2 2 2 2 2 2
left_child=4 2 3 10 5 8 -6 -8 9 16 -2 12 15 -14 -15 25 18 -18 19 20 21 22 23 29 -20 -12 -16 -17 -29 -1
right_child=1 -3 -4 -5 6 -7 7 -9 -10 -11 11 -13 13 14 26 27 17 -19 24 -21 -22 -23 -24 -25 -26 -27 -28 28 -30 -31
leaf_value=-0.012374886477525611 -0.067542928490678181 0.9953928142786026 -0.64598806135452769 0.75143928886814559 0.67983632398688276 -0.85122525674455307 -0.69779242227474858 0.59298830885778775 0.46956211500442946 -0.69856058855851488 0.14668862788398437 0.64266080414095239 0.090590539596536582 -1.1548072622716428 -0.30477734475300233 0.73278955889470654 0.6575251444782082 -0.1848990066775254 -1.0045679956674576 0.80528792770285362 -1.3105361503362656 0.89864217632760612 -0.81967480214169397 0.87748622471094129 0.10811010334640742 -0.39590333808390871 0.3318523325599157 -0.14924377895891669 0.43624659366905694 0.2733243601075534
leaf_weight=11208 255 25 29 22 46 34 24 22 39 24 271 31 136 20 29 33 38 28 20 38 20 24 26 25 20 21 26 25 64 58
leaf_count=11208 255 25 29 22 46 34 24 22 39 24 271 31 136 20 29 33 38 28 20 38 20 24 26 25 20 21 26 25 64 58
internal_value=2.39933e-10 0.0954458 0.0720584 0.0943771 -0.00805584 -0.0104961 0.299687 -0.0804625 -0.00802512 -0.00964069 0.0785096 0.135283 0.110117 -0.0520674 -0.310754 0.192776 -0.00820357 0.300133 -0.00998259 -0.00844475 -0.0111665 -0.00887505 -0.0107996 -0.00893701 -0.448229 0.107667 -0.00382513 0.396481 0.271783 -0.010904
internal_weight=12681 987 962 933 11694 11602 92 46 11568 11529 911 656 625 211 75 414 11505 66 11439 11399 11361 11341 11317 11291 40 292 55 122 89 11266
internal_count=12681 987 962 933 11694 11602 92 46 11568 11529 911 656 625 211 75 414 11505 66 11439 11399 11361 11341 11317 11291 40 292 55 122 89 11266
is_linear=0
shrinkage=0.05


Tree=129
num_leaves=31
num_cat=0
split_feature=1 4 8 7 6 7 5 4 1 0 5 4 6 6 5 0 1 1 4 8 2 6 6 4 1 3 3 0 1 2
split_gain=3796.02 3157.97 3158.27 6150.21 9610.22 13434.3 23733.8 13257.7 7803.81 10486.7 6553.98 5909.68 13262 5595.51 6179.47 5557.48 4925.57 7712.27 4674.22 5559.37 6963.65 4370.14 13530.8 7088.2 4662.26 4498.1 5282.62 13661.9 4258.69 4147.6
threshold=976.50000000000011 1.0000000180025095e-35 2.5000000000000004 12.500000000000002 621.50000000000011 14.500000000000002 91.500000000000014 671.50000000000011 387.50000000000006 17.950000000000003 59.500000000000007 568.50000000000011 513.50000000000011 191.50000000000003 45.500000000000007 16.350000000000005 324.50000000000006 266.50000000000006 541.50000000000011 1.5000000000000002 54.500000000000007 405.50000000000006 445.50000000000006 432.50000000000006 462.50000000000006 75.500000000000014 17.500000000000004 13.65 173.50000000000003 71.500000000000014
decision_type=2 2 2 2 2 2 2 2 2 2 2 2 2 2 2 2 2 2 2 2 2 2 2 2 2 2 2 2 2 2
left_child=1 -1 3 11 5 6 10 -6 9 13 15 12 21 -7 -15 -5 17 -16 19 -10 -21 23 -23 25 -24 26 -3 -28 -27 -4
right_child=-2 2 29 4 7 8 -8 -9 18 -11 -12 -13 -14 14 16 -17 -18 -19 -20 20 -22 22 24 -25 -26 28 27 -29 -30 -31
leaf_value=-0.028014507112795663 0.68829834908247001 -0.068968589204561087 0.017157716783646165 -0.092480374574661253 -1.1884014116014754 -0.0059903444712742782 1.5918014290889628 0.3373746511836847 -0.11368089812142508 -1.0177206897735596 -0.4725652966768511 0.45051906289476334 -1.4395882706750525 0.0083714472235373733 0.9256884404841591 0.74358191956644482 1.3859476965665818 -0.31169277846813204 0.038954435078346214 -0.26883265404474166 -1.4930009108323317 -1.5997978034473601 -0.6317545473575592 0.67007465561230983 0.39245632201433184 -0.093280763920539855 -0.11382996627704843 -1.2877305685136564 0.71192614113291108 0.1279561949878055
leaf_weight=5854 20 132 4632 35 35 195 38 24 35 20 31 33 22 53 34 46 20 20 46 21 26 21 20 27 25 52 68 39 24 1033
leaf_count=5854 20 132 4632 35 35 195 38 24 35 20 31 33 22 53 34 46 20 20 46 21 26 21 20 27 25 52 68 39 24 1033
internal_value=-1.79209e-10 -0.00108727 0.0220701 -0.0537849 0.042031 0.100058 0.512046 -0.567747 -0.0314272 0.0932154 0.1457 -0.194301 -0.243787 0.162218 0.42049 0.38232 0.715655 0.467399 -0.364457 -0.59076 -0.946032 -0.179308 -0.55181 -0.107421 -0.0627485 -0.174064 -0.28061 -0.5417 0.160995 0.0373616
internal_weight=12681 12661 6807 1142 679 620 150 59 470 342 112 463 430 322 127 81 74 54 128 82 47 408 66 342 45 315 239 107 76 5665
internal_count=12681 12661 6807 1142 679 620 150 59 470 342 112 463 430 322 127 81 74 54 128 82 47 408 66 342 45 315 239 107 76 5665
is_linear=0
shrinkage=0.05


Tree=130
num_leaves=31
num_cat=0
split_feature=4 0 5 2 2 1 6 3 6 0 2 3 2 5 3 6 1 5 1 3 1 2 0 5 0 0 6 4 0 7
split_gain=3622.27 3212.9 3258.8 2774.19 2786.37 38591.7 7020.74 7561.21 6637.49 3151.16 3135.5 7183.68 2804.86 13548.7 20863.1 29033.9 3474.03 3240.49 7377.37 8612.52 7965.52 6053.85 5745.38 10138.3 9435.33 4713.09 23508.4 35899 48031.5 33184.1
threshold=957.50000000000011 33.250000000000007 10.500000000000002 20.500000000000004 29.500000000000004 816.50000000000011 621.50000000000011 37.500000000000007 509.50000000000006 13.750000000000002 30.500000000000004 20.500000000000004 35.500000000000007 56.500000000000007 51.500000000000007 565.00000000000011 686.50000000000011 37.500000000000007 858.50000000000011 25.500000000000004 873.50000000000011 51.500000000000007 26.650000000000002 62.500000000000007 27.150000000000002 22.450000000000003 581.50000000000011 692.50000000000011 24.450000000000003 13.500000000000002
decision_type=2 2 2 2 2 2 2 2 2 2 2 2 2 2 2 2 2 2 2 2 2 2 2 2 2 2 2 2 2 2
left_child=1 3 -3 -1 5 6 8 -8 9 -5 11 -6 13 16 15 -15 -12 -14 22 20 -20 -22 25 -24 -25 -19 -27 28 -28 -30
right_child=-2 2 -4 4 10 -7 7 -9 -10 -11 12 -13 17 14 -16 -17 -18 18 19 -21 21 -23 23 24 -26 26 27 -29 29 -31
leaf_value=0.49318442262176965 0.4381324011911738 -0.010027264889616234 0.5445383412763477 0.57804678887128824 0.014739710318983771 -2.27724098443985 0.033848122308651606 1.288938440680504 -0.8560791201751542 -0.091731434336139103 -0.046641321865360394 1.1328187684714794 -0.024246670633123739 -1.0985056774036304 -2.1118936691433192 1.1951943210580134 0.46903266578912739 0.019583465648598697 1.0297007861236731 1.1103762311736742 -0.6446189860884961 0.20156966256950282 0.075155454866277671 1.4729010090827943 0.3369342641137979 0.012395559185056464 -3.0181688119625227 0.33064559195966775 0.87375795111681021 -1.7555661996205647
leaf_weight=28 47 52 54 20 51 20 30 20 27 144 178 20 6317 37 20 22 40 4038 24 30 26 113 516 25 68 589 29 48 24 24
leaf_count=28 47 52 54 20 51 20 30 20 27 144 178 20 6317 37 20 22 40 4038 24 30 26 113 516 25 68 589 29 48 24 24
internal_value=-1.75631e-10 -0.00162991 0.272487 -0.00394922 -0.0050628 -0.166717 0.00843023 0.535884 -0.129647 -0.0100512 -0.00161548 0.329692 -0.00354865 -0.155317 -0.716308 -0.243228 0.0479778 0.000248433 0.0281086 0.331821 0.188528 0.0432898 0.0171748 0.161764 0.642302 -0.00135528 -0.119774 -0.742554 -1.41156 -0.440904
internal_weight=12681 12634 106 12528 12500 261 241 50 191 164 12239 71 12168 297 79 59 218 11871 5554 193 163 139 5361 609 93 4752 714 125 77 48
internal_count=12681 12634 106 12528 12500 261 241 50 191 164 12239 71 12168 297 79 59 218 11871 5554 193 163 139 5361 609 93 4752 714 125 77 48
is_linear=0
shrinkage=0.05


Tree=131
num_leaves=31
num_cat=0
split_feature=6 3 2 6 8 4 1 1 6 8 6 4 0 1 5 5 1 1 6 6 1 0 0 3 0 0 1 1 4 3
split_gain=3410.14 3515.41 3368.38 3235.63 27199.8 7550.87 4838.5 4784.58 4052.27 10616.8 5597.13 2777.69 2119.4 1984.08 2698.45 4893.53 14146 12927.6 14267.1 13184.6 15411.1 10700.3 11136.8 6940.48 6704.89 10159.4 8984.55 26543.7 26189.4 15196.4
threshold=948.50000000000011 9.5000000000000018 58.500000000000007 928.50000000000011 5.5000000000000009 891.50000000000011 893.50000000000011 906.50000000000011 911.50000000000011 5.5000000000000009 905.50000000000011 901.50000000000011 31.950000000000003 1.0000000180025095e-35 30.500000000000004 99.500000000000014 800.50000000000011 755.50000000000011 734.50000000000011 686.50000000000011 654.50000000000011 24.250000000000004 22.150000000000002 80.500000000000014 19.950000000000003 20.450000000000003 438.50000000000006 465.50000000000006 371.50000000000006 99.500000000000014
decision_type=2 2 2 2 2 2 2 2 2 2 2 2 2 2 2 2 2 2 2 2 2 2 2 2 2 2 2 2 2 2
left_child=3 2 -2 5 -5 8 11 -8 10 -10 13 -7 -6 -1 -15 23 17 18 19 20 21 22 24 -16 26 -26 28 -28 29 -17
right_child=1 -3 -4 4 12 6 7 -9 9 -11 -12 -13 -14 14 15 16 -18 -19 -20 -21 -22 -23 -24 -25 25 -27 27 -29 -30 -31
leaf_value=-0.026115023894553353 0.36892352779967741 0.84125319624489014 -0.26583366032802697 -1.4662456768028664 0.47247823586930404 0.21817169964668298 -0.51169764036717624 0.29202644135214778 1.3367139352858066 -0.15050665507713956 -0.75403830957412721 0.92829995734617121 -0.099469333648681657 -0.024264491347050936 0.03567024766627612 0.095325913813337687 -1.1396460262934367 1.2222381016612054 -1.3503856988180252 1.2376444804668427 -1.2826791281700134 0.66242915278054637 -0.97218411939613747 0.24021482633602931 1.3959204486478121 -0.016738732712609429 -1.9116336765289308 -0.060692582799251694 1.7510895045030688 -0.80299453693140976
leaf_weight=5860 57 22 33 33 46 21 23 95 20 30 25 40 25 2652 2505 250 30 20 21 20 25 53 33 497 20 35 25 86 21 58
leaf_count=5860 57 22 33 33 46 21 23 95 20 30 25 40 25 2652 2505 250 30 20 21 20 25 53 33 497 20 35 25 86 21 58
internal_value=3.65589e-10 0.274676 0.136179 -0.00244759 -0.280181 -0.000130353 0.322274 0.135368 -0.0048276 0.444382 -0.00666321 0.68383 0.271088 -0.00513308 0.0142267 0.041823 -0.0775284 -0.029757 -0.0684586 -0.0254546 -0.0671411 -0.0148374 -0.0828206 0.0695339 -0.0235296 0.496956 -0.0885903 -0.477571 0.0426464 -0.0738383
internal_weight=12681 112 90 12569 104 12465 179 118 12286 50 12236 61 71 12211 6351 3699 697 667 647 626 606 581 528 3002 495 55 440 111 329 308
internal_count=12681 112 90 12569 104 12465 179 118 12286 50 12236 61 71 12211 6351 3699 697 667 647 626 606 581 528 3002 495 55 440 111 329 308
is_linear=0
shrinkage=0.05


Tree=132
num_leaves=31
num_cat=0
split_feature=1 0 5 2 7 7 6 4 5 1 4 3 5 5 6 6 1 4 0 4 2 5 5 2 0 3 6 3 5 5
split_gain=3163.05 2734.98 2870.48 2514.79 2245.01 3685.13 11520.1 15501.9 13127.3 36816.3 27866.9 45445.6 13533.2 12122.2 15076.9 9482.22 8589.95 10722 9491.93 10640.2 8634.65 16662.5 13885.4 15190.8 7149.4 5601.32 12297.3 6117.85 7125.58 6055.35
threshold=976.50000000000011 33.650000000000013 38.500000000000007 20.500000000000004 11.500000000000002 14.500000000000002 465.50000000000006 664.50000000000011 99.500000000000014 494.50000000000006 521.50000000000011 16.500000000000004 89.500000000000014 81.500000000000014 429.50000000000006 429.50000000000006 429.50000000000006 517.50000000000011 17.350000000000005 475.50000000000006 29.500000000000004 18.500000000000004 68.500000000000014 56.500000000000007 16.450000000000003 36.500000000000007 854.50000000000011 40.500000000000007 51.500000000000007 10.500000000000002
decision_type=2 2 2 2 2 2 2 2 2 2 2 2 2 2 2 2 2 2 2 2 2 2 2 2 2 2 2 2 2 2
left_child=1 3 -3 -1 -5 6 7 13 12 -10 -11 -12 16 15 -15 24 -8 18 -18 -20 21 -19 25 -24 -6 29 27 -27 -29 -22
right_child=-2 2 -4 4 5 -7 8 -9 9 10 11 -13 -14 14 -16 -17 17 20 19 -21 22 -23 23 -25 -26 26 -28 28 -30 -31
leaf_value=0.46223834210942533 0.62829774618148804 0.1168036993150994 0.80994217365980148 -0.024977551861554516 -0.06028865109319273 -0.0045869858388165414 0.66679919031533341 -0.79168903380632405 -2.0837813596206685 1.1140610173344612 0.77779956273734574 -1.7953461595483728 0.96962199778783897 0.5588251580380732 2.1767011215289434 -0.51778811388290846 -1.4969577932357789 0.3377101076500757 0.48429909004614907 -1.0097572445192122 0.16839259280449284 -1.6788299818336965 1.4324582534054153 -0.0024050532068525046 1.0682478454377917 0.79496866618477124 0.98549462601225424 0.093176911343578944 -0.89407621296969342 -0.12587248212204741
leaf_weight=29 20 59 20 6299 23 4718 55 21 27 36 32 37 42 36 24 26 20 21 26 22 274 20 39 35 36 24 47 108 22 483
leaf_count=29 20 59 20 6299 23 4718 55 21 27 36 32 37 42 36 24 26 20 21 26 22 274 20 39 35 36 24 47 108 22 483
internal_value=-1.21535e-10 -0.000992493 0.292282 -0.00283391 -0.00390832 0.0173125 0.0845793 0.477957 0.0369146 -0.437077 -0.0136383 -0.602003 0.0874533 0.661837 1.20598 0.277739 0.0564741 0.0270544 -0.581795 -0.200477 0.0656394 -0.645968 0.0939106 0.753807 0.62831 0.0429375 0.277567 0.0615109 -0.0738967 -0.0193617
internal_weight=12681 12661 79 12582 12553 6254 1536 166 1370 132 105 69 1238 145 60 85 1196 1141 68 48 1073 41 1032 74 59 958 201 154 130 757
internal_count=12681 12661 79 12582 12553 6254 1536 166 1370 132 105 69 1238 145 60 85 1196 1141 68 48 1073 41 1032 74 59 958 201 154 130 757
is_linear=0
shrinkage=0.05


Tree=133
num_leaves=31
num_cat=0
split_feature=0 3 3 3 6 6 2 1 1 6 6 6 6 1 1 4 4 4 1 1 6 0 6 1 3 5 3 2 5 2
split_gain=2982.83 7217.93 5598.16 3422.85 2816.64 12895.1 21004.4 5080.83 4554.51 4598.11 3586.87 3265.35 14856.2 8234.1 8022.36 14238.4 7858.35 17108.5 3189.72 6373.52 3024.08 6728.87 3237.08 10407.8 11268.3 68687.7 11598.7 13249.3 9258.66 18172.9
threshold=29.450000000000003 54.500000000000007 32.500000000000007 18.500000000000004 948.50000000000011 928.50000000000011 59.500000000000007 927.50000000000011 917.50000000000011 911.50000000000011 961.50000000000011 864.50000000000011 875.50000000000011 851.50000000000011 885.50000000000011 849.50000000000011 827.50000000000011 867.50000000000011 842.50000000000011 831.50000000000011 830.50000000000011 22.150000000000002 730.50000000000011 578.50000000000011 46.500000000000007 51.500000000000007 28.500000000000004 36.500000000000007 16.500000000000004 58.500000000000007
decision_type=2 2 2 2 2 2 2 2 2 2 2 2 2 2 2 2 2 2 2 2 2 2 2 2 2 2 2 2 2 2
left_child=4 2 3 -2 5 7 -7 8 9 11 -6 13 -13 18 15 -15 -14 -18 19 20 22 -22 -1 -24 26 -26 27 -25 -29 -30
right_child=1 -3 -4 -5 10 6 -8 -9 -10 -11 -12 12 16 14 -16 -17 17 -19 -20 -21 21 -23 23 24 25 -27 -28 28 29 -31
leaf_value=-0.0052070489680096262 0.066092449232153808 0.92222505348920825 -0.62247006595134735 0.62740053263093742 0.84350838932124061 -1.9069881685402086 0.28015966628279004 0.66718386177505762 -0.74283950726191206 0.65835119990202096 0.033145919111039902 -1.3518289955854417 0.79928905044992771 1.8008304769342598 -0.31634700985058495 0.22406538637672982 -1.34767287299037 0.25226240580732173 -0.57236174345016477 0.80697841811925175 -0.23037992778810717 1.0208995894952255 0.67050044579165324 0.86620936696231365 0.41229577675461776 -3.016849302208942 0.70033210768149456 0.08628188243368641 -1.1573196845155367 -0.044808791862114478
leaf_weight=10822 905 25 29 28 22 23 21 28 21 26 36 25 24 22 23 41 24 55 25 24 21 22 35 25 40 23 39 80 71 76
leaf_count=10822 905 25 29 28 22 23 21 28 21 26 36 25 24 22 23 41 24 55 25 24 21 22 35 25 40 23 39 80 71 76
internal_value=3.97707e-10 0.08347 0.0616728 0.0829377 -0.00704505 -0.00877753 -0.863122 -0.00553467 -0.00716353 -0.00582513 0.340525 -0.00732453 -0.258457 -0.00450207 0.482895 0.774682 0.00692447 -0.233794 -0.00821048 -0.00695992 -0.00869571 0.40981 -0.0103009 -0.152012 -0.233334 -0.839614 -0.102077 -0.226259 -0.346575 -0.582144
internal_weight=12681 987 962 933 11694 11636 44 11592 11564 11543 58 11517 128 11389 86 63 103 79 11303 11278 11254 43 11211 389 354 63 291 252 227 147
internal_count=12681 987 962 933 11694 11636 44 11592 11564 11543 58 11517 128 11389 86 63 103 79 11303 11278 11254 43 11211 389 354 63 291 252 227 147
is_linear=0
shrinkage=0.05


Tree=134
num_leaves=31
num_cat=0
split_feature=1 0 5 2 2 1 5 6 5 1 0 4 5 2 2 8 8 6 4 1 7 5 7 3 2 5 3 5 1 0
split_gain=2876.57 2397.75 2598.1 2128.39 2245.54 10527.7 44202.9 5015.95 12543.8 9329.6 5088.52 2801.63 5985.19 7547.44 5852.9 12355.3 9028.59 15749.2 23122.7 17877.6 12140.9 14968.3 9341.62 8351.22 15174 11187.4 12520.6 12986.3 10774.7 10655
threshold=976.50000000000011 33.650000000000013 38.500000000000007 20.500000000000004 35.500000000000007 846.50000000000011 14.500000000000002 617.50000000000011 70.500000000000014 585.50000000000011 27.450000000000003 129.50000000000003 44.500000000000007 37.500000000000007 48.500000000000007 10.500000000000002 4.5000000000000009 629.50000000000011 588.50000000000011 610.50000000000011 15.500000000000002 68.500000000000014 10.500000000000002 27.500000000000004 52.500000000000007 61.500000000000007 24.500000000000004 63.500000000000007 565.00000000000011 16.950000000000003
decision_type=2 2 2 2 2 2 2 2 2 2 2 2 2 2 2 2 2 2 2 2 2 2 2 2 2 2 2 2 2 2
left_child=1 3 -3 -1 5 7 -7 9 10 -5 -9 -6 -13 -14 15 16 17 19 -19 22 21 -18 -15 25 28 -16 27 -27 -25 -29
right_child=-2 2 -4 4 11 6 -8 8 -10 -11 -12 12 13 14 23 -17 20 18 -20 -21 -22 -23 -24 24 -26 26 -28 29 -30 -31
leaf_value=0.42518374197955788 0.59916986972093589 0.10670751794162443 0.76614044070243836 -0.052547569250923465 -0.018693754575343616 0.6863619914109057 -2.5614715778827666 0.14651803889257067 1.0599582523984068 -0.90108669281005871 -0.72830687090754509 -0.016800841608971821 0.80381552045409743 -0.90391963117445506 0.18320754797600713 -1.167145536496089 -0.2283383403505598 -2.2158856738181343 -0.14853704446240476 1.4386257285163517 -0.617349773645401 1.4694718442418997 0.1552830923239098 0.50275332613123791 0.17868441415679021 -1.0895344292124114 -1.112050105072558 -0.51041259613065493 1.9278636808906282 0.1240078353884224
leaf_weight=29 20 59 20 435 7114 22 20 68 34 35 22 2784 37 30 504 26 21 21 38 21 20 34 68 36 684 30 32 84 21 312
leaf_count=29 20 59 20 435 7114 22 20 68 34 35 22 2784 37 30 504 26 21 21 38 21 20 34 68 36 684 30 32 84 21 312
internal_value=3.68035e-10 -0.000946481 0.273653 -0.00267064 -0.00365907 -0.0951991 -0.860225 -0.0411063 0.241767 -0.115737 -0.0673281 0.00122635 0.0307312 0.096273 0.0830646 -0.129215 -0.0225504 -0.216434 -0.884373 0.114729 0.437599 0.821217 -0.168963 0.117842 0.244001 0.0206661 -0.158201 -0.0865499 1.02779 -0.0105662
internal_weight=12681 12661 79 12582 12553 636 42 594 124 470 90 11917 4803 2019 1982 279 253 178 59 119 75 55 98 1703 741 962 458 426 57 396
internal_count=12681 12661 79 12582 12553 636 42 594 124 470 90 11917 4803 2019 1982 279 253 178 59 119 75 55 98 1703 741 962 458 426 57 396
is_linear=0
shrinkage=0.05


Tree=135
num_leaves=31
num_cat=0
split_feature=4 0 3 3 5 3 0 0 1 1 4 5 1 2 1 6 5 1 3 5 1 3 1 4 0 0 0 4 6 5
split_gain=2730.4 2322.05 6421.58 5852.58 3686.02 2813.91 2264.65 2868.5 2614.05 2554.28 6580.55 2066.1 2018.1 2000.74 26771.7 4588.19 11504.4 7797.5 3224.88 2772.62 10963 13265.4 12051.7 8571.08 7939 9342.77 9862.13 7909.8 14950.3 11842.5
threshold=968.50000000000011 29.450000000000003 51.500000000000007 32.500000000000007 7.5000000000000009 18.500000000000004 33.850000000000001 31.350000000000005 851.50000000000011 878.50000000000011 836.50000000000011 32.500000000000007 820.50000000000011 35.500000000000007 846.50000000000011 617.50000000000011 70.500000000000014 585.50000000000011 43.500000000000007 44.500000000000007 816.50000000000011 28.500000000000004 787.50000000000011 816.50000000000011 21.550000000000004 26.150000000000002 23.950000000000003 654.50000000000011 708.50000000000011 55.500000000000007
decision_type=2 2 2 2 2 2 2 2 2 2 2 2 2 2 2 2 2 2 2 2 2 2 2 2 2 2 2 2 2 2
left_child=1 13 3 4 -3 6 7 8 12 -9 -11 -12 -6 14 15 17 18 -1 -17 -15 22 24 27 -23 -22 26 -26 -21 -29 -30
right_child=-2 2 -4 -5 5 -7 -8 9 -10 10 11 -13 -14 19 -16 16 -18 -19 -20 20 21 23 -24 -25 25 -27 -28 28 29 -31
leaf_value=-0.043594098260456869 0.58374842047691355 -0.090451902583877142 0.83343457204324223 -0.67414895616195825 0.12652091003452123 0.68989159817045387 0.5319979256199252 0.073542363871649072 0.36635081386732415 -1.0665791304409504 -0.29765246777698912 0.31616837617296439 -0.38254327944346839 -0.023427797659637054 -1.850842639378139 0.16933231908414101 1.2033883643150329 -0.87887137457728393 -0.56088314907891412 0.0076465732284872294 -0.55701050581089384 1.878643727031621 -0.86204852996728365 0.46642827916712992 0.1457609736150311 -0.46495711126110773 1.4662209471830956 1.0244901914681708 0.56735779836262556 -0.48582484376217638
leaf_weight=407 20 252 27 27 267 22 31 136 121 20 29 26 21 6529 21 54 25 30 21 4242 29 22 39 21 31 22 26 56 51 56
leaf_count=407 20 252 27 27 267 22 31 136 121 20 29 26 21 6529 21 54 25 30 21 4242 29 22 39 21 31 22 26 56 51 56
internal_value=-4.26819e-11 -0.000922121 0.0730451 0.0514794 0.0726599 0.133736 0.114941 0.0940883 0.171335 -0.0556463 -0.289908 -0.00748261 0.0894016 -0.00712088 -0.0995099 -0.031022 0.274501 -0.100936 -0.035128 -0.00248648 0.0272689 0.446246 0.0130327 1.18896 0.150537 0.410269 0.748076 0.0207803 0.36258 0.0161594
internal_weight=12681 12661 979 952 925 673 651 620 409 211 75 55 288 11682 558 537 100 437 75 11124 4595 151 4444 43 108 79 57 4405 163 107
internal_count=12681 12661 979 952 925 673 651 620 409 211 75 55 288 11682 558 537 100 437 75 11124 4595 151 4444 43 108 79 57 4405 163 107
is_linear=0
shrinkage=0.05


Tree=136
num_leaves=31
num_cat=0
split_feature=4 1 0 5 7 6 2 1 1 1 0 1 8 6 4 2 1 5 6 7 6 4 0 4 2 5 1 4 3 5
split_gain=2513.23 2249.75 2240.2 2540.45 1849.91 3844.12 5862.71 5628.29 8016.51 7662.92 9112.78 7052.87 31329.5 8881.64 18504.1 7122.46 5689.5 15536.4 5906.54 3241.62 10455.9 13698.6 11526.3 16604.8 11787.1 10750.1 33707 23684.9 36401.2 12016.5
threshold=957.50000000000011 959.50000000000011 33.250000000000007 10.500000000000002 11.500000000000002 805.50000000000011 57.500000000000007 773.50000000000011 757.50000000000011 682.50000000000011 25.250000000000004 646.50000000000011 5.5000000000000009 610.50000000000011 574.50000000000011 55.500000000000007 585.50000000000011 57.500000000000007 578.50000000000011 14.500000000000002 465.50000000000006 664.50000000000011 14.350000000000003 475.50000000000006 64.500000000000014 99.500000000000014 494.50000000000006 521.50000000000011 16.500000000000004 89.500000000000014
decision_type=2 2 2 2 2 2 2 2 2 2 2 2 2 2 2 2 2 2 2 2 2 2 2 2 2 2 2 2 2 2
left_child=2 -2 4 -4 5 7 -7 8 9 11 -11 13 -13 16 -15 -16 18 -18 -1 20 21 22 -6 24 -24 29 -27 -28 -29 -22
right_child=1 -3 3 -5 19 6 -8 -9 -10 10 -12 12 -14 14 15 -17 17 -19 -20 -21 25 -23 23 -25 -26 26 27 28 -30 -31
leaf_value=-0.024963836035684344 0.76688261866569529 0.067218427967142183 -0.021906398967481578 0.46773651279509071 -0.42695855715058068 -0.0061926874518394475 -1.0954593237666856 0.52623983513009043 -0.88265623235040247 0.92720061981159718 -0.134916020790115 -1.9650589464902879 0.14167996533215046 1.3539600032899115 -0.77086769977341529 0.34959102616318177 0.049901883195086226 -1.6499178999662398 0.83576128602027888 -0.004319296978895249 0.050619361219244811 -0.73925266138144907 0.89162826720211241 0.27577065319725963 2.3821889990851992 -1.9702070684344681 1.0508801774846184 0.71518956075888129 -1.5736218979484158 0.91150432257425218
leaf_weight=5837 20 27 52 54 22 30 21 47 27 46 36 25 60 36 23 37 41 20 20 4719 1162 21 36 66 21 27 36 32 38 42
leaf_count=5837 20 27 52 54 22 30 21 47 27 46 36 25 60 36 23 37 41 20 20 4719 1162 21 36 66 21 27 36 32 38 42
internal_value=-6.29065e-11 0.364948 -0.00135765 0.227534 -0.00329432 -0.0223793 -0.454714 -0.0188543 -0.0229811 -0.0192259 0.460906 -0.0256811 -0.477949 -0.0192889 0.457786 -0.0799182 -0.0270279 -0.507416 -0.0220247 0.0160483 0.079997 0.454265 0.62712 0.815654 1.44078 0.0335284 -0.393049 0.00868038 -0.527308 0.0806502
internal_weight=12681 47 12634 106 12528 6306 51 6255 6208 6181 82 6099 85 6014 96 60 5918 61 5857 6222 1503 166 145 123 57 1337 133 106 70 1204
internal_count=12681 47 12634 106 12528 6306 51 6255 6208 6181 82 6099 85 6014 96 60 5918 61 5857 6222 1503 166 145 123 57 1337 133 106 70 1204
is_linear=0
shrinkage=0.05


Tree=137
num_leaves=31
num_cat=0
split_feature=1 7 7 6 4 0 4 2 5 1 4 3 5 1 4 0 4 1 2 1 0 4 1 6 3 3 0 5 2 1
split_gain=2481.76 1967.02 3553.56 8960.89 12363 10402.5 14985.8 10637.8 10193.6 30420.6 21375.7 32852.1 10549.3 7118.79 9849.02 8651.15 9629.28 5665.48 10952.6 9028.15 8206.14 13061.3 18723 6876.63 7694.54 8642.2 11263.2 37496.4 41540.3 8737.02
threshold=976.50000000000011 11.500000000000002 14.500000000000002 465.50000000000006 664.50000000000011 14.350000000000003 475.50000000000006 64.500000000000014 99.500000000000014 494.50000000000006 521.50000000000011 16.500000000000004 89.500000000000014 429.50000000000006 517.50000000000011 17.350000000000005 475.50000000000006 575.50000000000011 67.500000000000014 779.50000000000011 15.450000000000001 679.50000000000011 725.50000000000011 657.50000000000011 98.500000000000014 36.500000000000007 23.750000000000004 29.500000000000004 60.500000000000007 730.50000000000011
decision_type=2 2 2 2 2 2 2 2 2 2 2 2 2 2 2 2 2 2 2 2 2 2 2 2 2 2 2 2 2 2
left_child=1 -1 3 4 5 -3 7 -7 12 -10 -11 -12 13 -5 15 -15 -17 -16 20 -20 -19 22 -22 -23 25 26 27 -25 -29 -27
right_child=-2 2 -4 8 -6 6 -8 -9 9 10 11 -13 -14 14 17 16 -18 18 19 -21 21 23 -24 24 -26 29 -28 28 -30 -31
leaf_value=-0.02056991523737323 0.55653501510620118 -0.40561059659177606 -0.0026344314296204638 0.61591887212781748 -0.70229004245428817 0.84704684350225667 0.26198212504386903 2.2630795876185101 -1.8716966840955949 0.99833617938889396 0.67943010339513421 -1.4949408393157158 0.865929119643711 -1.4238190856575965 0.43482276370806483 0.46534543633461001 -0.95596714073961442 -0.66096051512537779 -1.4887605311437733 -0.022622981702997574 0.22882478348118196 0.63949048484480664 1.663466552893321 0.39781064009293915 -0.82390917220285953 -0.29347783178091053 0.0616871904505088 -2.590747055411339 -0.062440275017059212 0.79343916175421336
leaf_weight=6336 20 22 4761 55 21 36 66 21 27 36 32 38 42 20 97 26 22 37 21 21 94 43 30 64 28 26 510 32 33 64
leaf_count=6336 20 22 4761 55 21 36 66 21 27 36 32 38 42 20 97 26 22 37 21 21 94 43 30 64 28 26 510 32 33 64
internal_value=1.32277e-10 -0.000879133 0.0188459 0.0842345 0.431552 0.595764 0.774871 1.36874 0.0429937 -0.373396 0.00824636 -0.500943 0.0867722 0.0600146 0.0338376 -0.550128 -0.186089 0.0699372 0.0346492 -0.755692 0.0691907 0.0984283 0.575916 0.0244178 -0.0105203 0.020721 -0.0438875 -0.461276 -1.30715 0.479441
internal_weight=12681 12661 6325 1564 166 145 123 57 1398 133 106 70 1265 1223 1168 68 48 1100 1003 42 961 924 124 800 757 729 639 129 65 90
internal_count=12681 12661 6325 1564 166 145 123 57 1398 133 106 70 1265 1223 1168 68 48 1100 1003 42 961 924 124 800 757 729 639 129 65 90
is_linear=0
shrinkage=0.05


Tree=138
num_leaves=31
num_cat=0
split_feature=1 0 3 3 5 6 0 0 5 1 1 6 1 6 4 0 1 8 1 1 6 0 6 1 3 5 3 2 5 2
split_gain=2239.79 1909.27 6087.61 3990.63 3001.99 2543.91 25610.1 8055.12 6475.64 4401.38 3966.14 3941.97 3178.44 8878.3 17138.8 8244.11 7458.42 4373.9 3030.39 5628.08 2762.68 5702.6 3210.43 9144.17 9798.93 62353.3 10115.1 10340.5 8089.42 15780.8
threshold=976.50000000000011 29.450000000000003 60.500000000000007 32.500000000000007 7.5000000000000009 928.50000000000011 24.050000000000004 26.450000000000003 33.500000000000007 927.50000000000011 917.50000000000011 911.50000000000011 900.50000000000011 864.50000000000011 840.50000000000011 24.350000000000005 851.50000000000011 4.5000000000000009 842.50000000000011 831.50000000000011 830.50000000000011 22.150000000000002 730.50000000000011 578.50000000000011 46.500000000000007 51.500000000000007 28.500000000000004 36.500000000000007 16.500000000000004 58.500000000000007
decision_type=2 2 2 2 2 2 2 2 2 2 2 2 2 2 2 2 2 2 2 2 2 2 2 2 2 2 2 2 2 2
left_child=1 5 3 4 -3 9 -7 -8 -9 10 11 12 13 16 -15 -16 18 -18 19 20 22 -22 -1 -24 26 -26 27 -25 -29 -30
right_child=-2 2 -4 -5 -6 6 7 8 -10 -11 -12 -13 -14 14 15 -17 17 -19 -20 -21 21 -23 23 24 25 -27 -28 28 29 -31
leaf_value=-0.0037912087248334228 0.5287082654237748 -0.081001146975904714 0.87015357017517092 -0.51104444092319856 0.12119219181209982 -1.7574768536470153 0.98976805122061207 0.35695499270050618 -0.79866821088574147 0.62176706131015513 -0.69238734188533968 0.61034091424483528 0.41813733594661412 -1.4539538835686061 0.44780880059850842 -0.70764734653326178 0.12649208108584087 0.89077075814000439 -0.55679789985716344 0.759161142508189 -0.19667199582216288 0.95524115020578559 0.62097495151417603 0.74533956360816955 0.4012011323869229 -2.8660018457018812 0.64552045174134087 0.078527503702789547 -1.0822545641744641 -0.045543584031494042
leaf_weight=10822 20 253 23 31 669 22 22 27 22 28 21 26 44 31 38 26 39 36 25 24 21 22 35 25 40 23 39 80 71 76
leaf_count=10822 20 253 23 31 669 22 22 27 22 28 21 26 44 31 38 26 39 36 25 24 21 22 35 25 40 23 39 80 71 76
internal_value=-2.22944e-10 -0.000835176 0.0663478 0.0469485 0.0657096 -0.00644669 -0.266909 0.194957 -0.161896 -0.00435707 -0.0058731 -0.00462414 -0.00601244 -0.0076391 -0.488996 -0.0215953 -0.00362003 0.493346 -0.0069176 -0.00569868 -0.0073298 0.392679 -0.00886404 -0.14999 -0.226216 -0.791587 -0.103816 -0.219785 -0.326076 -0.546268
internal_weight=12681 12661 976 953 922 11685 93 71 49 11592 11564 11543 11517 11473 95 64 11378 75 11303 11278 11254 43 11211 389 354 63 291 252 227 147
internal_count=12681 12661 976 953 922 11685 93 71 49 11592 11564 11543 11517 11473 95 64 11378 75 11303 11278 11254 43 11211 389 354 63 291 252 227 147
is_linear=0
shrinkage=0.05


Tree=139
num_leaves=31
num_cat=0
split_feature=0 5 2 0 2 2 6 0 4 1 1 0 6 6 2 1 4 4 3 3 1 5 2 6 0 5 1 4 3 6
split_gain=2125.59 4226.69 9463.12 13879.5 6232.13 5110.22 4212.43 16809.6 3577.56 3473.15 3179.15 3920.97 3073.66 2615.26 14205.5 5797.78 3034.58 3027.69 2620.32 2466.74 4824.61 3847.98 2356.48 7602.49 3412.22 2187.98 2145.27 2543.77 6135.78 4483.36
threshold=26.650000000000002 57.500000000000007 35.500000000000007 29.150000000000002 24.500000000000004 46.500000000000007 932.50000000000011 24.150000000000002 887.50000000000011 927.50000000000011 896.50000000000011 29.050000000000004 932.50000000000011 868.50000000000011 45.500000000000007 855.50000000000011 780.50000000000011 754.50000000000011 5.5000000000000009 4.5000000000000009 638.50000000000011 69.500000000000014 58.500000000000007 940.50000000000011 31.250000000000004 30.500000000000004 913.50000000000011 896.50000000000011 2.5000000000000004 898.50000000000011
decision_type=2 2 2 2 2 2 2 2 2 2 2 2 2 2 2 2 2 2 2 2 2 2 2 2 2 2 2 2 2 2
left_child=6 8 3 -3 -5 -4 9 -8 12 26 -10 -12 13 15 -15 16 17 -2 -16 21 -21 -7 24 -24 -13 -17 27 29 -29 -1
right_child=1 2 5 4 -6 19 7 -9 10 -11 11 22 -14 14 18 25 -18 -19 -20 20 -22 -23 23 -25 -26 -27 -28 28 -30 -31
leaf_value=-0.0080182893951573891 -0.0059897749372345363 -1.3461591426283122 1.157739353698233 -0.36793394145511449 0.83627374104478136 0.40840615752415782 -1.5461580342054368 0.50382057137787351 0.78296711201017555 0.59370997597773867 0.5968724422729933 0.43101964318438579 0.55851206183433533 -1.3253224695722263 -0.10994897818073948 0.21591696603142699 -0.27516379699856047 0.35752346381545069 0.47540538323422271 0.14548425853252411 0.98816825061133418 -0.43109315860839126 0.27673418841191699 -0.99962960839271542 -0.13490401960909368 0.90558935909167593 -0.4806438267230988 -0.39323357214098392 0.59048690256461789 -0.75734791249036792
leaf_weight=10433 1264 20 23 21 22 39 20 20 22 24 39 57 24 24 94 23 100 60 24 35 33 21 28 20 50 23 24 23 51 20
leaf_count=10433 1264 20 23 21 22 39 20 20 22 24 39 57 24 24 94 23 100 60 24 35 33 21 28 20 50 23 24 23 51 20
internal_value=2.11718e-10 0.046401 0.256788 -0.257965 0.248172 0.471552 -0.00903104 -0.521169 0.0220906 -0.00709387 0.213343 0.148747 -0.00316035 -0.0115227 -0.216431 0.00827116 -0.00957588 0.0104836 0.00910615 0.348253 0.554434 0.114581 0.0359928 -0.255084 0.166569 0.560753 -0.0084605 -0.00738399 0.284736 -0.009452
internal_weight=12681 2066 214 63 43 151 10615 40 1852 10575 216 194 1636 1612 142 1470 1424 1324 118 128 68 60 155 48 107 46 10551 10527 74 10453
internal_count=12681 2066 214 63 43 151 10615 40 1852 10575 216 194 1636 1612 142 1470 1424 1324 118 128 68 60 155 48 107 46 10551 10527 74 10453
is_linear=0
shrinkage=0.05


Tree=140
num_leaves=31
num_cat=0
split_feature=6 3 6 8 6 4 1 1 0 2 4 0 7 6 7 4 2 0 4 6 6 5 8 0 5 0 5 4 5 0
split_gain=2053.35 3183.4 3072.02 21948.3 5875.22 3220.96 4350.33 3958.5 2574.22 5762.28 2093.23 2001.2 1656.02 10217.1 5190.54 16763.7 19575 28426.4 16098.3 23349.2 10407.1 9873.41 29472.5 10964.6 10517.5 9365.11 8906.77 14760.9 8364.99 4216.41
threshold=948.50000000000011 9.5000000000000018 928.50000000000011 5.5000000000000009 920.50000000000011 891.50000000000011 893.50000000000011 906.50000000000011 29.050000000000004 56.500000000000007 901.50000000000011 31.950000000000003 12.500000000000002 905.50000000000011 14.500000000000002 502.50000000000006 64.500000000000014 19.650000000000002 533.50000000000011 501.50000000000006 513.50000000000011 95.500000000000014 3.5000000000000004 25.250000000000004 80.500000000000014 19.450000000000003 28.500000000000004 831.50000000000011 61.500000000000007 26.950000000000003
decision_type=2 2 2 2 2 2 2 2 2 2 2 2 2 2 2 2 2 2 2 2 2 2 2 2 2 2 2 2 2 2
left_child=2 8 4 -4 5 12 10 -8 -2 -10 -7 -5 13 -1 15 16 17 20 19 -17 -14 23 -23 24 25 28 -27 -28 -20 -25
right_child=1 -3 3 11 -6 6 7 -9 9 -11 -12 -13 14 -15 -16 18 -18 -19 21 -21 -22 22 -24 29 -26 26 27 -29 -30 -31
leaf_value=-0.017630163671049512 0.43278734629804438 0.75229920175942511 -1.3379536893444532 0.41837514068769377 0.61308907502545762 0.1554476830221358 -0.57296724373644048 0.18644346123417985 0.24749086966385714 -0.8058980971574784 0.77462093157645984 -0.13739493250846865 0.23932699398560958 -1.1494043943285941 -0.002925462384694026 0.20623421565844466 1.5729205903410912 1.4864230333797392 0.15379371435387049 -1.9564769831796487 -1.0589749121460421 0.75953373685479164 -1.892488023367795 -0.63222778588533401 1.2592229400362287 0.11475311668184007 1.6869322381700789 0.1615340321228422 -0.86329175026520444 -0.028479870168630746
leaf_weight=6773 33 22 33 46 39 21 22 78 37 20 39 25 33 20 4755 26 40 31 167 24 29 20 22 38 28 52 35 29 23 121
leaf_count=6773 33 22 33 46 39 21 22 78 37 20 39 25 33 20 4755 26 40 31 167 24 29 20 22 38 28 52 35 29 23 121
internal_value=-4.39149e-10 0.213141 -0.00189926 -0.27252 0.00035863 -0.00156447 0.221325 0.0193731 0.0813465 -0.122119 0.55791 0.222681 -0.00447188 -0.0209623 0.0159958 0.141303 0.647996 0.250179 0.0261064 -0.831867 -0.367943 0.106291 -0.629621 0.168985 0.331678 0.246804 0.600813 0.995736 0.0306728 -0.172772
internal_weight=12681 112 12569 104 12465 12426 160 100 90 57 60 71 12266 6793 5473 718 133 93 585 50 62 535 42 493 334 306 116 64 190 159
internal_count=12681 112 12569 104 12465 12426 160 100 90 57 60 71 12266 6793 5473 718 133 93 585 50 62 535 42 493 334 306 116 64 190 159
is_linear=0
shrinkage=0.05


Tree=141
num_leaves=31
num_cat=0
split_feature=0 6 6 6 1 4 4 3 0 5 4 2 0 3 4 5 2 1 0 3 1 6 5 4 4 1 6 6 0 6
split_gain=1954.2 4136.5 4840.12 3382.74 2294.6 11096 20559.3 11974.8 6700.21 15898.9 5358.7 5815.46 4852.51 5989.92 6044.8 4788.17 4240.33 3797.11 3641.55 10520.8 7461.06 5800.36 4566.59 2615.74 5368.89 7412.51 6011.33 4245.68 12151.7 7400.24
threshold=25.050000000000004 932.50000000000011 911.50000000000011 901.50000000000011 708.50000000000011 646.50000000000011 683.50000000000011 26.500000000000004 24.250000000000004 10.500000000000002 831.50000000000011 66.500000000000014 21.850000000000005 18.500000000000004 857.50000000000011 23.500000000000004 55.500000000000007 697.50000000000011 19.750000000000004 32.500000000000007 779.50000000000011 708.50000000000011 53.500000000000007 823.50000000000011 742.50000000000011 650.50000000000011 749.50000000000011 692.50000000000011 17.850000000000005 668.50000000000011
decision_type=2 2 2 2 2 2 2 2 2 2 2 2 2 2 2 2 2 2 2 2 2 2 2 2 2 2 2 2 2 2
left_child=1 2 3 4 17 7 -7 16 10 -10 11 18 13 -12 -15 -14 -6 23 20 21 -8 -20 -23 24 26 -26 27 29 -29 -1
right_child=-2 -3 -4 -5 5 6 8 -9 9 -11 12 -13 15 14 -16 -17 -18 -19 19 -21 -22 22 -24 -25 25 -27 -28 28 -30 -31
leaf_value=-0.014607791376537744 0.034879002888213662 -0.58768683864224347 0.63579001956587211 -0.59199078106880199 0.6658645062342935 -1.3102679193019868 0.55941952809691431 1.5560003700256348 0.37344616459948676 -1.380317783355713 0.17946292339144529 -0.41634480424902653 -0.078079380578285951 -1.3310201993584634 -0.19290162908977695 0.81765582287311556 -0.30509410879828713 -0.59666710070201334 1.0977261859178544 1.5475589781999588 -0.57075759949891469 0.41459128956000013 -0.50336555317044263 0.50779094916457934 -1.273525037765503 0.087771018147468571 0.83264589763823027 0.46970392823219298 -1.1323363745520856 0.71386745844568533
leaf_weight=8861 3050 31 29 25 23 28 40 25 28 24 37 22 37 20 28 25 22 28 20 24 23 42 20 24 20 20 21 20 29 35
leaf_count=8861 3050 31 29 25 23 28 40 25 28 24 37 22 37 20 28 25 22 28 20 24 23 42 20 24 20 20 21 20 29 35
internal_value=-2.21703e-10 -0.0110457 -0.00918361 -0.0111379 -0.00961668 0.0959966 -0.00157049 0.678612 0.0923873 -0.435983 0.173675 0.348331 -0.0532589 -0.298606 -0.667118 0.283104 0.191174 -0.0153066 0.447875 0.626806 0.146815 0.357318 0.118476 -0.0135039 -0.0148931 -0.592877 -0.0123146 -0.0142983 -0.478442 -0.0117417
internal_weight=12681 9631 9600 9571 9546 488 418 70 390 52 338 191 147 85 48 62 45 9058 169 106 63 82 62 9030 9006 40 8966 8945 49 8896
internal_count=12681 9631 9600 9571 9546 488 418 70 390 52 338 191 147 85 48 62 45 9058 169 106 63 82 62 9030 9006 40 8966 8945 49 8896
is_linear=0
shrinkage=0.05


Tree=142
num_leaves=31
num_cat=0
split_feature=2 6 3 6 8 4 1 1 0 2 2 6 0 6 6 6 8 1 1 8 4 1 1 0 2 3 1 6 2 4
split_gain=1930.51 2044.33 3401.81 2703.76 19478.6 4359.61 3486.95 3847.69 2407.12 5200.46 2260.38 2242.2 6684.08 5167.43 1946.49 10683.3 17026.8 5193.05 14546 4285.46 2191.28 5361.64 3195.84 1806.08 1681.23 3366.8 1992.53 19406.9 7785.07 11902.9
threshold=20.500000000000004 948.50000000000011 9.5000000000000018 928.50000000000011 5.5000000000000009 891.50000000000011 893.50000000000011 906.50000000000011 29.050000000000004 56.500000000000007 61.500000000000007 911.50000000000011 28.650000000000002 905.50000000000011 879.50000000000011 864.50000000000011 5.5000000000000009 885.50000000000011 865.50000000000011 5.5000000000000009 871.50000000000011 855.50000000000011 846.50000000000011 31.950000000000003 23.500000000000004 6.5000000000000009 816.50000000000011 773.50000000000011 48.500000000000007 804.50000000000011
decision_type=2 2 2 2 2 2 2 2 2 2 2 2 2 2 2 2 2 2 2 2 2 2 2 2 2 2 2 2 2 2
left_child=-1 3 8 5 -5 11 10 -8 -3 -10 -7 13 -13 14 15 17 -17 18 20 -16 21 22 24 -6 25 -2 -26 -28 -29 -30
right_child=1 2 -4 4 23 6 7 -9 9 -11 -12 12 -14 -15 19 16 -18 -19 -20 -21 -22 -23 -24 -25 26 -27 27 28 29 -31
leaf_value=0.40748336161005083 0.10613756306145504 0.41883684107751562 0.78572688769726529 -1.2604060001445541 0.39571243770744491 0.83156508460189371 -0.49466212158617773 0.22608858698513359 0.23337237472469741 -0.76734714180231101 0.22077851703922666 1.0364682331681252 -0.15169133631319837 -0.73858413621783259 0.69265427454374739 -1.6060158133506777 0.0033500994999139085 -0.70833211896511228 1.0026128699382146 -0.0058110287679093223 -0.42378587309391275 0.71436600134922912 -0.59324583203896231 -0.13226913905143739 -0.0041940218425344641 -0.76951439625450546 1.4707978161672752 0.53897573769092566 -1.1160840758588166 0.25862643358207521
leaf_weight=29 23 33 21 33 46 33 23 95 37 20 28 20 29 24 32 27 42 26 36 70 31 26 23 25 11711 21 24 30 32 31
leaf_count=29 23 33 21 33 46 33 23 95 37 20 28 20 29 24 32 27 42 26 36 70 31 26 23 25 11711 21 24 30 32 31
internal_value=-7.46119e-11 -0.000934004 0.2127 -0.00282487 -0.256705 -0.000701888 0.244272 0.0856033 0.0789939 -0.117757 0.551204 -0.00427917 0.333272 -0.0056339 -0.00419026 -0.00602636 -0.626402 -0.00246336 -0.000932442 0.213315 -0.00395517 -0.00286342 -0.00443113 0.209803 -0.0032904 -0.311787 -0.0021428 0.203172 -0.123957 -0.439639
internal_weight=12681 12652 111 12541 104 12437 179 118 90 57 61 12258 49 12209 12185 12083 69 12014 11988 102 11952 11921 11895 71 11872 44 11828 117 93 63
internal_count=12681 12652 111 12541 104 12437 179 118 90 57 61 12258 49 12209 12185 12083 69 12014 11988 102 11952 11921 11895 71 11872 44 11828 117 93 63
is_linear=0
shrinkage=0.05


Tree=143
num_leaves=31
num_cat=0
split_feature=6 3 6 2 1 6 6 2 4 4 4 4 5 2 5 7 6 7 4 2 0 4 6 2 5 8 0 5 0 5
split_gain=1794.44 9874.29 3987.83 8858.6 4274.8 3388.14 4808.71 3005.04 5633.07 1838.06 4392.08 4224 2247.55 1626.58 1561.01 1431.89 9229.17 4576.63 15195 17728.7 25461.8 14615.5 21300.6 10267.3 8575.41 26086.3 10163.8 9066.76 8301.31 7911
threshold=944.00000000000011 10.500000000000002 936.50000000000011 58.500000000000007 944.00000000000011 928.50000000000011 920.50000000000011 50.500000000000007 938.50000000000011 891.50000000000011 926.50000000000011 934.50000000000011 34.500000000000007 56.500000000000007 2.5000000000000004 12.500000000000002 905.50000000000011 14.500000000000002 502.50000000000006 64.500000000000014 19.650000000000002 533.50000000000011 501.50000000000006 51.500000000000007 95.500000000000014 3.5000000000000004 25.250000000000004 80.500000000000014 19.450000000000003 28.500000000000004
decision_type=2 2 2 2 2 2 2 2 2 2 2 2 2 2 2 2 2 2 2 2 2 2 2 2 2 2 2 2 2 2
left_child=2 7 4 -4 5 6 9 14 -9 15 12 -12 13 -11 -2 16 -1 18 19 20 23 22 -20 -17 26 -26 27 28 -23 -30
right_child=1 -3 3 -5 -6 -7 -8 8 -10 10 11 -13 -14 -15 -16 17 -18 -19 21 -21 -22 24 -24 -25 25 -27 -28 -29 29 -31
leaf_value=-0.016314188954903032 -0.056931216660000034 1.1007550982137522 -1.2444564270973206 0.24371395893394948 0.55146991831915715 -0.48624757321344481 0.60228658923597056 0.14373984932899475 -0.85081588005026187 0.46380693145096308 -0.7254900915717537 0.24359701560891192 0.84007801055908216 0.00053733074002795757 0.51334185536418653 0.51899670687588784 -1.091978124678135 -0.0028569415608322058 0.19686260372400285 1.4952146330475808 1.4064017737524646 0.032765263185689328 -1.8687957445780439 -0.82578746020793925 0.72058985699899503 -1.7744309666481888 -0.17220088641005982 1.1758369922637939 0.11453185956925155 0.94775765202348206
leaf_weight=6773 21 24 20 20 35 36 33 35 24 40 22 23 20 36 28 22 20 4755 26 40 31 190 24 40 20 22 158 28 52 63
leaf_count=6773 21 24 20 20 35 36 33 35 24 40 22 23 20 36 28 22 20 4755 26 40 31 190 24 40 20 22 158 28 52 63
internal_value=3.09597e-10 0.18339 -0.00192903 -0.500371 -0.000335167 -0.00188344 -0.000481519 -0.0204692 -0.260825 -0.00208501 0.177412 -0.230179 0.368471 0.244363 0.268939 -0.00414871 -0.0194812 0.0148887 0.132738 0.614988 0.236397 0.0227224 -0.794653 -0.348606 0.0993993 -0.586326 0.158056 0.314754 0.235704 0.570995
internal_weight=12681 132 12549 40 12509 12474 12438 108 59 12405 141 45 96 76 49 12264 6793 5471 716 133 93 583 50 62 533 42 491 333 305 115
internal_count=12681 132 12549 40 12509 12474 12438 108 59 12405 141 45 96 76 49 12264 6793 5471 716 133 93 583 50 62 533 42 491 333 305 115
is_linear=0
shrinkage=0.05


Tree=144
num_leaves=31
num_cat=0
split_feature=0 6 6 6 3 3 4 6 1 6 0 5 2 2 2 5 0 8 2 4 6 0 3 4 0 0 5 0 5 5
split_gain=1775.75 3447.61 4048.01 3084.7 2140.48 7488.55 4089.02 3089.41 2567.67 13442.9 8130.08 5289.42 8720.91 6631.19 4379.05 4322.16 3938.76 3917.99 3239.44 3078.32 3639.99 5446.4 4969.28 2900.38 2586.56 5894.35 5178.63 2579.09 2402.97 4990.14
threshold=25.050000000000004 932.50000000000011 911.50000000000011 901.50000000000011 99.500000000000014 97.500000000000014 403.50000000000006 730.50000000000011 767.50000000000011 773.50000000000011 25.950000000000003 78.500000000000014 33.500000000000007 46.500000000000007 42.500000000000007 30.500000000000004 32.550000000000004 5.5000000000000009 52.500000000000007 754.50000000000011 734.50000000000011 27.950000000000003 91.500000000000014 884.50000000000011 28.450000000000003 29.250000000000004 34.500000000000007 32.250000000000007 43.500000000000007 48.500000000000007
decision_type=2 2 2 2 2 2 2 2 2 2 2 2 2 2 2 2 2 2 2 2 2 2 2 2 2 2 2 2 2 2
left_child=1 2 3 -1 5 8 -6 -8 9 19 15 12 17 14 27 -10 18 -12 -15 20 22 -22 -2 -16 -20 26 -26 -14 -27 -30
right_child=4 -3 -4 -5 6 -7 7 -9 10 -11 11 -13 13 16 23 -17 -18 -19 24 -21 21 -23 -24 -25 25 28 -28 -29 29 -31
leaf_value=-0.009163898852505117 0.022977854863548763 -0.53696869880922382 0.58101178304902434 -0.56529118490219121 -0.23973516693905644 -0.93742588460445408 0.12281271820621831 0.93819331251657934 0.23024593988433481 -0.96571042622838699 1.2671272718906403 -0.72905839204788214 0.22251546295677743 0.36802403621975033 -1.1184018480777742 1.2254819365839165 0.7134076707892949 0.37502719894982878 0.34765442097728905 0.62446010112762451 -1.0145882976055145 -0.095432085815974219 0.81496922582387921 -0.32398269635935628 -1.1312622181006842 0.15066964248202142 -0.020853951147624426 -0.34927036150505675 -0.59108869276548692 0.18318669447756333
leaf_weight=9546 2040 31 29 25 23 20 21 26 20 35 20 20 41 87 20 24 27 32 55 21 20 83 20 27 21 204 21 38 38 46
leaf_count=9546 2040 31 29 25 23 20 21 26 20 35 20 20 41 87 20 24 27 32 55 21 20 83 20 27 21 204 21 38 38 46
internal_value=-1.97878e-10 -0.0105293 -0.00882932 -0.0106165 0.0332484 0.0268286 0.306545 0.573874 0.0333439 0.00643325 0.11393 0.0723185 0.0959929 0.04423 -0.279879 0.773102 0.126069 0.718143 0.0924713 0.0220125 0.0161635 -0.273909 0.0306671 -0.662033 0.0302036 -0.0227049 -0.576058 -0.0525208 0.0579924 -0.167081
internal_weight=12681 9631 9600 9571 3050 2980 70 47 2960 2219 741 697 677 625 126 44 499 52 472 2184 2163 103 2060 47 385 330 42 79 288 84
internal_count=12681 9631 9600 9571 3050 2980 70 47 2960 2219 741 697 677 625 126 44 499 52 472 2184 2163 103 2060 47 385 330 42 79 288 84
is_linear=0
shrinkage=0.05


end of trees

feature_importances:
nwp_radiation=876
shortwave_radiation=742
radiation_yesterday=644
temperature_2m=568
nwp_cloud=553
relative_humidity_2m=355
cloud_cover=340
month=187
hour=85

parameters:
[boosting: gbdt]
[objective: regression]
[metric: l1]
[tree_learner: serial]
[device_type: cpu]
[data_sample_strategy: bagging]
[data: ]
[valid: ]
[num_iterations: 145]
[learning_rate: 0.05]
[num_leaves: 31]
[num_threads: 2]
[seed: 0]
[deterministic: 1]
[force_col_wise: 1]
[force_row_wise: 0]
[histogram_pool_size: -1]
[max_depth: -1]
[min_data_in_leaf: 20]
[min_sum_hessian_in_leaf: 0.001]
[bagging_fraction: 1]
[pos_bagging_fraction: 1]
[neg_bagging_fraction: 1]
[bagging_freq: 0]
[bagging_seed: 7719]
[bagging_by_query: 0]
[feature_fraction: 1]
[feature_fraction_bynode: 1]
[feature_fraction_seed: 2437]
[extra_trees: 0]
[extra_seed: 11797]
[early_stopping_round: 0]
[early_stopping_min_delta: 0]
[first_metric_only: 0]
[max_delta_step: 0]
[lambda_l1: 0]
[lambda_l2: 0]
[linear_lambda: 0]
[min_gain_to_split: 0]
[drop_rate: 0.1]
[max_drop: 50]
[skip_drop: 0.5]
[xgboost_dart_mode: 0]
[uniform_drop: 0]
[drop_seed: 21238]
[top_rate: 0.2]
[other_rate: 0.1]
[min_data_per_group: 100]
[max_cat_threshold: 32]
[cat_l2: 10]
[cat_smooth: 10]
[max_cat_to_onehot: 4]
[top_k: 20]
[monotone_constraints: ]
[monotone_constraints_method: basic]
[monotone_penalty: 0]
[feature_contri: ]
[forcedsplits_filename: ]
[refit_decay_rate: 0.9]
[cegb_tradeoff: 1]
[cegb_penalty_split: 0]
[cegb_penalty_feature_lazy: ]
[cegb_penalty_feature_coupled: ]
[path_smooth: 0]
[interaction_constraints: ]
[verbosity: -1]
[saved_feature_importance_type: 0]
[use_quantized_grad: 0]
[num_grad_quant_bins: 4]
[quant_train_renew_leaf: 0]
[stochastic_rounding: 1]
[linear_tree: 0]
[max_bin: 255]
[max_bin_by_feature: ]
[min_data_in_bin: 3]
[bin_construct_sample_cnt: 200000]
[data_random_seed: 38]
[is_enable_sparse: 1]
[enable_bundle: 1]
[use_missing: 1]
[zero_as_missing: 0]
[feature_pre_filter: 1]
[pre_partition: 0]
[two_round: 0]
[header: 0]
[label_column: ]
[weight_column: ]
[group_column: ]
[ignore_column: ]
[categorical_feature: ]
[forcedbins_filename: ]
[precise_float_parser: 0]
[parser_config_file: ]
[objective_seed: 8855]
[num_class: 1]
[is_unbalance: 0]
[scale_pos_weight: 1]
[sigmoid: 1]
[boost_from_average: 1]
[reg_sqrt: 0]
[alpha: 0.9]
[fair_c: 1]
[poisson_max_delta_step: 0.7]
[tweedie_variance_power: 1.5]
[lambdarank_truncation_level: 30]
[lambdarank_norm: 1]
[label_gain: ]
[lambdarank_position_bias_regularization: 0]
[eval_at: ]
[multi_error_top_k: 1]
[auc_mu_weights: ]
[num_machines: 1]
[local_listen_port: 12400]
[time_out: 120]
[machine_list_filename: ]
[machines: ]
[gpu_platform_id: -1]
[gpu_device_id: -1]
[gpu_device_id_list: ]
[gpu_use_dp: 0]
[num_gpu: 1]

end of parameters

pandas_categorical:[]
