tree
version=v4
num_class=1
num_tree_per_iteration=1
label_index=0
max_feature_idx=8
objective=regression
feature_names=temperature_2m shortwave_radiation relative_humidity_2m cloud_cover nwp_radiation nwp_cloud radiation_yesterday hour month
feature_infos=[6.0999999999999996:36.5] [0:983] [16:99] [0:100] [0:978] [0:100] [0:983] [0:23] [1:12]
tree_sizes=2652 2667 2671 2667 2666 2673 2654 2677 2655 2653 2669 2656 2676 2659 2667 2665 2654 2670 2656 2653 2659 2640 2647 2647 2657 2635 2650 2640 2659 2637 2645 2655 2644 2655 2654 2648 2662 2636 2652 2646 2662 2638 2654 2638 2630 2646 2648 2642 2631 2653 2643 2642 2639 2661 2649 2645 2643 2663 2637 2665 2651 2661 2661 2663 2667 2667 2657 2668 2675 2685 2662 2636 2683 2644 2676 2672 2670 2677 2694 2664 2691 2682 2665 2679 2714 2667 2666 2689 2675 2717 2692 2688 2718 2696 2662 2677 2671 2678 2680 2695 2690 2684 2676 2675 2679 2676 2689 2719 2680 2676 2684 2694 2685 2680 2694 2677 2690 2703 2697 2677 2707 2695 2694 2694 2709 2683 2715 2708 2708 2699 2725 2702 2723 2715 2712 2744 2725 2719 2738 2720 2756 2700

Tree=0
num_leaves=31
num_cat=0
split_feature=4 4 4 4 4 4 4 6 1 1 1 1 6 4 4 6 4 8 1 6 4 4 2 4 6 5 1 1 4 6
split_gain=6.23727e+08 6.05064e+07 3.74904e+07 9.01219e+06 6.56478e+06 2.87246e+06 1.64289e+06 1.5674e+06 1.26604e+06 925872 891430 728783 454410 263536 238214 236058 232220 207981 202896 182180 153754 151848 137555 130434 114435 110382 109731 103257 101877 101111
threshold=319.50000000000006 606.50000000000011 100.50000000000001 780.50000000000011 469.50000000000006 230.50000000000003 34.500000000000007 701.50000000000011 587.50000000000011 872.50000000000011 416.50000000000006 189.50000000000003 313.50000000000006 522.50000000000011 392.50000000000006 713.50000000000011 838.50000000000011 4.5000000000000009 775.50000000000011 450.50000000000006 678.50000000000011 150.50000000000003 41.500000000000007 916.50000000000011 73.500000000000014 93.500000000000014 560.50000000000011 668.50000000000011 9.5000000000000018 355.50000000000006
decision_type=2 2 2 2 2 2 2 2 2 2 2 2 2 2 2 2 2 2 2 2 2 2 2 2 2 2 2 2 2 2
left_child=2 4 6 7 10 11 28 20 13 16 14 21 -7 26 29 25 -5 -9 -19 -12 -3 -4 -22 -11 -8 27 -6 -10 -1 -2
right_child=1 3 5 9 8 12 24 17 15 23 19 -13 -14 -15 -16 -17 -18 18 -20 -21 22 -23 -24 -25 -26 -27 -28 -29 -30 -31
leaf_value=217.70182472995657 234.49749453297562 249.55730507819058 224.10173946758027 258.1038907616188 242.04832644766833 230.88219774545405 220.39733112028196 252.49118359103588 247.71151691263168 262.2855713344004 238.69321613528942 228.54945853984245 234.45409776149472 244.99448307519384 238.50877619308369 252.46951691263166 260.94748610030672 254.75792465072692 257.47603206414681 241.16302570683482 248.27618361267693 226.35446518990645 252.93657831614044 264.34753278564756 222.108361556597 244.60318360981591 245.57318357929833 251.53618357929835 218.76377772155774 236.53480780575725
leaf_weight=4102 103 214 180 181 189 217 244 65 150 196 123 284 151 197 108 30 119 224 99 190 20 128 76 126 163 25 25 20 239 149
leaf_count=4102 103 214 180 181 189 217 244 65 150 196 123 284 151 197 108 30 119 224 99 190 20 128 76 126 163 25 25 20 239 149
internal_value=229.149 249.3 219.867 256.854 241.683 228.879 218.045 252.954 245.325 261.23 238.241 226.723 232.348 243.675 236.544 248.341 259.232 255.072 255.591 240.192 250.303 225.038 251.966 263.092 221.083 247.705 242.46 248.161 217.76 235.702
internal_weight=8337 2629 5708 1320 1309 960 4748 698 636 622 673 592 368 411 360 225 300 388 323 313 310 308 96 322 407 195 214 170 4341 252
internal_count=8337 2629 5708 1320 1309 960 4748 698 636 622 673 592 368 411 360 225 300 388 323 313 310 308 96 322 407 195 214 170 4341 252
is_linear=0
shrinkage=1


Tree=1
num_leaves=31
num_cat=0
split_feature=4 4 4 4 4 4 4 6 1 1 6 1 6 4 4 6 4 4 6 1 4 4 2 1 4 0 5 8 5 1
split_gain=5.62914e+08 5.4607e+07 3.38351e+07 8.1335e+06 5.92471e+06 2.59239e+06 1.48374e+06 1.41458e+06 1.1426e+06 835599 805025 657726 410693 260630 244622 213042 209578 195226 175558 148246 139942 138864 129501 118795 117541 113069 99619.7 94942.2 93929.6 93189.4
threshold=319.50000000000006 606.50000000000011 100.50000000000001 780.50000000000011 469.50000000000006 230.50000000000003 31.500000000000004 701.50000000000011 587.50000000000011 872.50000000000011 430.50000000000006 189.50000000000003 307.50000000000006 368.50000000000006 544.50000000000011 713.50000000000011 838.50000000000011 711.50000000000011 850.00000000000011 476.50000000000006 136.50000000000003 681.50000000000011 47.500000000000007 925.50000000000011 57.500000000000007 26.450000000000003 93.500000000000014 4.5000000000000009 82.500000000000014 668.50000000000011
decision_type=2 2 2 2 2 2 2 2 2 2 2 2 2 2 2 2 2 2 2 2 2 2 2 2 2 2 2 2 2 2
left_child=2 4 6 7 10 11 -1 21 14 16 13 20 -7 -2 25 26 27 28 -19 -12 -4 -3 -23 -11 -8 -6 29 -5 -9 -10
right_child=1 3 5 9 8 12 24 17 15 23 19 -13 -14 -15 -16 -17 -18 18 -20 -21 -22 22 -24 -25 -26 -27 -28 -29 -30 -31
leaf_value=-10.826211131686719 5.7350940219043984 19.441073884282794 -5.0880579499230869 25.901363260237897 12.406156645181044 1.5904139284860521 -8.6121586601332876 23.812998883864459 17.634757466634117 31.425410576276882 9.7531057988896102 -0.56919829161758995 4.9649542386018783 8.3050627798973764 15.645076181030275 22.154857330322269 30.208927045549668 25.127542277215753 29.92653045654297 12.13498429384148 -2.9448954216171717 18.495367154208097 22.94223327636719 33.369745950137869 -6.950614473130968 14.676236085633974 14.681840995788574 28.323972574869796 20.478391380310057 21.268190307617189
leaf_weight=4321 169 224 138 61 212 210 202 136 150 186 153 284 158 237 125 30 119 206 21 114 170 22 64 136 225 74 25 120 25 20
leaf_count=4321 169 224 138 61 212 210 202 136 150 186 153 284 158 237 125 30 119 206 21 114 170 22 64 136 225 74 25 120 25 20
internal_value=-1.03815e-07 19.144 -8.81738 26.32 11.9077 -0.256236 -10.5484 22.615 15.368 30.4777 8.63766 -2.30479 3.03927 7.2353 13.8 18.2323 28.5791 24.627 25.5715 10.7701 -3.90514 20.0968 21.8047 32.2466 -7.73664 12.9935 17.6288 27.5075 23.2952 18.0622
internal_weight=8337 2629 5708 1320 1309 960 4748 698 636 622 673 592 368 406 411 225 300 388 227 267 308 310 86 322 427 286 195 181 161 170
internal_count=8337 2629 5708 1320 1309 960 4748 698 636 622 673 592 368 406 411 225 300 388 227 267 308 310 86 322 427 286 195 181 161 170
is_linear=0
shrinkage=0.05


Tree=2
num_leaves=31
num_cat=0
split_feature=4 4 4 4 4 4 4 1 6 1 6 1 6 1 1 4 4 1 4 0 4 6 2 4 4 1 8 4 1 1
split_gain=5.08055e+08 4.72583e+07 3.28274e+07 6.38421e+06 5.73389e+06 2.5763e+06 1.47588e+06 1.20238e+06 967071 819147 614844 560613 357951 280824 261933 246360 227654 220668 147501 124339 120890 112338 106969 105704 102740 100631 100479 95005.7 94630 93373.3
threshold=327.50000000000006 635.50000000000011 105.50000000000001 479.50000000000006 796.50000000000011 241.50000000000003 37.500000000000007 587.50000000000011 720.50000000000011 446.50000000000006 185.00000000000003 872.50000000000011 320.50000000000006 684.50000000000011 596.50000000000011 548.50000000000011 392.50000000000006 841.00000000000011 693.50000000000011 19.950000000000003 838.50000000000011 84.500000000000014 46.500000000000007 11.500000000000002 136.50000000000003 394.50000000000006 4.5000000000000009 916.50000000000011 547.50000000000011 233.50000000000003
decision_type=2 2 2 2 2 2 2 2 2 2 2 2 2 2 2 2 2 2 2 2 2 2 2 2 2 2 2 2 2 2
left_child=2 3 6 9 8 10 23 15 18 16 24 20 -7 -9 -11 28 25 19 -3 -10 -6 -8 -20 -1 -4 -2 -15 -13 -5 -12
right_child=1 4 5 7 11 12 21 13 17 14 29 27 -14 26 -16 -17 -18 -19 22 -21 -22 -23 -24 -25 -26 -27 -28 -29 -30 -31
leaf_value=-10.329862773190344 5.7196199960875935 19.221139707451776 -4.757108675279925 12.132010748416951 26.484698867797853 2.0015158568027518 -7.6713840430509963 16.911259525742274 20.52754389444987 10.444628024211127 -1.1584338221615533 30.021605009673745 5.1617146153993252 18.321916258335115 15.84934490966797 15.330698166184753 8.7107761636693422 27.258789646879155 18.352945461273194 23.904108298821594 28.698480917025012 -5.8656196586547367 22.431235615800066 -9.2285168125318453 -2.8148498599892422 7.8164070905641072 22.040887433006652 31.7998042999752 14.432463990408799 0.54763204945366861
leaf_weight=4129 171 168 124 195 128 207 282 241 30 217 212 186 158 32 25 131 188 47 20 299 119 124 82 230 151 86 42 126 58 129
leaf_count=4129 171 168 124 195 128 207 282 241 30 217 212 186 158 32 25 131 188 47 20 299 119 124 82 230 151 86 42 126 58 129
internal_value=6.99335e-08 18.381 -8.28841 12.0847 25.6231 0.0407721 -10.0032 15.4489 22.4147 8.66173 -1.9316 29.3309 3.36949 17.7385 11.003 13.5707 7.38852 24.054 20.1317 23.5962 27.5513 -7.11987 21.6316 -10.2718 -3.69063 6.42127 20.4327 30.7397 12.6594 -0.513031
internal_weight=8337 2591 5746 1386 1205 981 4765 699 646 687 616 559 365 315 242 384 445 376 270 329 247 406 102 4359 275 257 74 312 253 341
internal_count=8337 2591 5746 1386 1205 981 4765 699 646 687 616 559 365 315 242 384 445 376 270 329 247 406 102 4359 275 257 74 312 253 341
is_linear=0
shrinkage=0.05


Tree=3
num_leaves=31
num_cat=0
split_feature=4 4 4 4 4 4 4 6 1 4 1 1 1 6 4 1 4 8 8 6 4 1 1 4 4 4 5 1 6 6
split_gain=4.5853e+08 4.45409e+07 2.75539e+07 6.84894e+06 4.60581e+06 2.11245e+06 1.21198e+06 1.12226e+06 872113 783195 673024 542729 341579 201058 195628 173682 173488 170435 163172 155278 133722 133115 118141 111689 108862 95598.2 87188.1 87045.7 82099 80321.8
threshold=319.50000000000006 600.50000000000011 100.50000000000001 771.50000000000011 469.50000000000006 230.50000000000003 28.500000000000004 701.50000000000011 575.50000000000011 845.50000000000011 413.50000000000006 194.50000000000003 313.50000000000006 713.50000000000011 522.50000000000011 906.50000000000011 392.50000000000006 4.5000000000000009 4.5000000000000009 539.50000000000011 150.50000000000003 775.50000000000011 828.50000000000011 641.50000000000011 57.500000000000007 414.50000000000006 93.500000000000014 636.50000000000011 402.50000000000006 355.50000000000006
decision_type=2 2 2 2 2 2 2 2 2 2 2 2 2 2 2 2 2 2 2 2 2 2 2 2 2 2 2 2 2 2
left_child=2 4 6 7 10 11 -1 23 14 17 16 20 -7 26 -6 -11 29 -5 -9 25 -4 -20 -19 -3 -8 -12 27 -10 -14 -2
right_child=1 3 5 9 8 12 24 18 13 15 19 -13 28 -15 -16 -17 -18 22 21 -21 -22 -23 -24 -25 -26 -27 -28 -29 -30 -31
leaf_value=-9.7766164059975793 4.4610491455191434 16.807052832134698 -4.3526644968724515 23.282959727497843 11.165080435911015 1.5830828312384726 -7.82642863025404 19.760385353697671 15.359136693318687 27.787820351477901 7.976919735200477 -0.41119734286592247 3.8719856069154215 19.971513156233165 13.471093294756455 29.914377064522501 8.0134609899520868 24.608553459070905 21.897406720026446 11.926640019050012 -2.3094693971367981 24.209274291992188 27.152840395326969 18.744951219701058 -6.2604451819525835 9.8428961627133251 12.935856432574136 17.934413800920762 6.4876284048292376 6.297628154096933
leaf_weight=4304 101 118 182 77 199 233 219 63 150 202 132 267 90 29 171 183 100 79 219 52 143 87 108 201 225 143 28 42 45 145
leaf_count=4304 101 118 182 77 199 233 219 63 150 202 132 267 90 29 171 183 100 79 219 52 143 87 108 201 225 143 28 42 45 145
internal_value=1.0923e-07 17.2781 -7.95797 23.6757 10.6576 -0.232238 -9.52004 20.2 13.7704 27.3603 7.79456 -2.08147 2.74261 16.0582 12.2308 28.7986 6.25742 25.2628 22.0776 9.42102 -3.45366 22.5547 26.078 18.0281 -7.03286 8.94723 15.5424 15.9225 4.74387 5.54359
internal_weight=8337 2629 5708 1337 1292 960 4748 688 619 649 673 592 368 249 370 385 346 264 369 327 325 306 187 319 444 275 220 192 135 246
internal_count=8337 2629 5708 1337 1292 960 4748 688 619 649 673 592 368 249 370 385 346 264 369 327 325 306 187 319 444 275 220 192 135 246
is_linear=0
shrinkage=0.05


Tree=4
num_leaves=31
num_cat=0
split_feature=4 4 4 4 4 4 4 6 1 1 6 1 6 4 6 4 4 4 6 4 6 1 6 2 4 1 1 4 8 5
split_gain=4.13858e+08 3.84943e+07 2.67319e+07 5.99043e+06 3.97071e+06 1.98453e+06 1.36722e+06 1.04529e+06 842119 618486 521457 462260 301018 186691 185127 164943 158637 155165 141474 131919 127276 105293 98811.8 96838.5 95115.3 94794 91621.8 90106.1 87215.5 84664.9
threshold=327.50000000000006 606.50000000000011 109.50000000000001 780.50000000000011 469.50000000000006 246.50000000000003 37.500000000000007 701.50000000000011 575.50000000000011 872.50000000000011 450.50000000000006 203.50000000000003 320.50000000000006 548.50000000000011 713.50000000000011 414.50000000000006 817.50000000000011 711.50000000000011 850.00000000000011 154.50000000000003 84.500000000000014 668.50000000000011 430.50000000000006 40.500000000000007 916.50000000000011 394.50000000000006 10.500000000000002 358.50000000000006 4.5000000000000009 93.500000000000014
decision_type=2 2 2 2 2 2 2 2 2 2 2 2 2 2 2 2 2 2 2 2 2 2 2 2 2 2 2 2 2 2
left_child=2 4 6 7 10 11 26 21 13 16 15 19 -7 -6 29 25 28 -9 -19 -4 -8 -3 -14 -23 -11 -2 -1 -12 -5 -10
right_child=1 3 5 9 8 12 20 17 14 24 27 -13 22 -15 -16 -17 -18 18 -20 -21 -22 23 -24 -25 -26 -27 -28 -29 -30 -31
leaf_value=-9.32710591750471 5.3025867273463287 16.58508266102184 -3.8853245098379596 21.203139827125952 10.973744358546544 1.8745971537271175 -6.9257787024224555 19.93260664140216 15.22111490100038 26.971017183576311 6.675340422340061 -0.084520546420880249 4.0902348833424709 13.49776079940796 19.041234741210939 8.3783970054315073 25.544729193485146 21.56341884020463 25.87144717261905 -1.8785060451848103 -5.1030837913354246 15.435499224662781 7.012512650856606 19.320553866727852 28.731816742912173 7.0195735889123689 -8.341224569702149 9.9927558832606618 24.029034644058072 12.289063733922584
leaf_weight=4109 187 209 158 38 274 196 286 161 204 196 23 282 112 100 30 98 165 206 21 170 144 20 39 81 126 141 250 186 97 28
leaf_count=4109 187 209 158 38 274 196 286 161 204 196 23 282 112 100 30 98 165 206 21 170 144 20 39 81 126 141 250 186 97 28
internal_value=8.92672e-09 16.5898 -7.48069 22.57 10.3789 0.148332 -9.00522 19.3904 13.1714 26.1382 7.58207 -1.56895 3.16719 11.6486 15.3452 6.57847 24.5047 21.1199 21.962 -2.84521 -6.31539 17.2257 4.845 18.5512 27.66 6.04068 -9.27056 9.62768 23.2336 14.8672
internal_weight=8337 2591 5746 1320 1271 957 4789 698 636 622 635 610 347 374 262 426 300 388 227 328 430 310 151 101 322 328 4359 209 135 232
internal_count=8337 2591 5746 1320 1271 957 4789 698 636 622 635 610 347 374 262 426 300 388 227 328 430 310 151 101 322 328 4359 209 135 232
is_linear=0
shrinkage=0.05


Tree=5
num_leaves=31
num_cat=0
split_feature=4 4 4 4 4 4 4 6 6 1 1 1 1 6 1 1 4 5 4 4 4 6 0 6 0 8 1 4 4 4
split_gain=3.73527e+08 3.40761e+07 2.49822e+07 4.65697e+06 4.04818e+06 1.91341e+06 1.23391e+06 987358 639949 592553 445935 419457 338521 285593 212036 148895 144085 140540 165268 137172 119303 117227 117220 107230 103806 88610.8 85574.3 83173 83041.6 77666.4
threshold=331.50000000000006 641.50000000000011 109.50000000000001 479.50000000000006 796.50000000000011 251.50000000000003 37.500000000000007 631.50000000000011 735.50000000000011 446.50000000000006 203.50000000000003 896.50000000000011 530.50000000000011 365.50000000000006 596.50000000000011 841.00000000000011 392.50000000000006 84.500000000000014 705.50000000000011 857.50000000000011 150.50000000000003 94.500000000000014 26.150000000000002 772.50000000000011 19.950000000000003 4.5000000000000009 258.50000000000006 540.50000000000011 11.500000000000002 522.50000000000011
decision_type=2 2 2 2 2 2 2 2 2 2 2 2 2 2 2 2 2 2 2 2 2 2 2 2 2 2 2 2 2 2
left_child=2 3 6 9 8 10 28 12 17 16 20 19 29 -7 -11 24 -2 18 -3 25 -4 -8 27 -9 -10 -6 -12 -14 -1 -5
right_child=1 4 5 7 11 13 21 23 15 14 26 -13 22 -15 -16 -17 -18 -19 -20 -21 -22 -23 -24 -25 -26 -27 -28 -29 -30 -31
leaf_value=-8.8585420029710189 5.5923626960560497 17.020724008813758 -3.7742181051188504 9.8956882635423966 21.427649770464217 2.3081642894405623 -6.4570354322532033 16.242958041983591 17.279168616771699 8.9993232976053363 -0.66467970393132425 26.758866193739035 10.574493672450384 5.5111923589060705 13.865594982147218 23.392339065227105 7.4391666896165694 14.071270722609299 19.662508816189238 25.163833258492605 -1.8541219855755404 -4.5096173239226394 14.182346554460196 20.070928101312546 20.648529637083133 23.81514725572481 1.0998738015366492 13.025778896193351 -7.882373139754586 11.85437987755085
leaf_weight=4129 241 173 145 121 56 253 329 142 25 214 192 236 48 96 25 47 188 26 90 140 183 101 174 21 267 127 107 124 230 87
leaf_count=4129 241 173 145 121 56 253 329 142 25 214 192 236 48 96 25 47 188 26 90 140 183 101 174 21 267 127 107 124 230 87
internal_value=-7.39969e-08 15.8449 -7.06906 10.517 22.0616 0.221867 -8.55496 13.3155 19.3068 7.5132 -1.42982 25.1565 12.309 3.18923 9.50835 20.7805 6.40168 17.5781 17.9248 23.9858 -2.70294 -5.99962 13.2673 16.7361 20.3601 23.0845 -0.0332174 12.3417 -8.80704 10.7149
internal_weight=8337 2572 5765 1385 1187 976 4789 717 628 668 627 559 554 349 239 339 429 289 263 323 328 430 346 163 292 183 299 172 4359 208
internal_count=8337 2572 5765 1385 1187 976 4789 717 628 668 627 559 554 349 239 339 429 289 263 323 328 430 346 163 292 183 299 172 4359 208
is_linear=0
shrinkage=0.05


Tree=6
num_leaves=31
num_cat=0
split_feature=4 4 4 4 4 4 6 4 1 4 1 6 6 4 6 6 4 4 8 8 5 1 1 1 0 4 8 2 4 1
split_gain=3.3715e+08 3.61637e+07 1.6592e+07 5.04126e+06 4.14901e+06 1.16036e+06 824656 794524 769823 583946 535229 302709 248700 206346 173440 153596 145112 136192 135412 131380 112697 106023 91249.3 90795.7 88950.2 78420.8 71738.5 68130.4 66098.2 64797
threshold=298.50000000000006 600.50000000000011 95.500000000000014 771.50000000000011 448.50000000000006 195.50000000000003 701.50000000000011 26.500000000000004 587.50000000000011 845.50000000000011 404.50000000000006 288.50000000000006 165.50000000000003 522.50000000000011 713.50000000000011 539.50000000000011 349.50000000000006 909.00000000000011 4.5000000000000009 4.5000000000000009 93.500000000000014 775.50000000000011 668.50000000000011 828.50000000000011 26.150000000000002 57.500000000000007 4.5000000000000009 47.500000000000007 641.50000000000011 247.50000000000003
decision_type=2 2 2 2 2 2 2 2 2 2 2 2 2 2 2 2 2 2 2 2 2 2 2 2 2 2 2 2 2 2
left_child=2 4 7 6 10 12 22 -1 13 19 16 29 -4 24 20 -12 -2 26 -8 -5 -10 -20 28 -21 -6 -9 -11 -24 -3 -7
right_child=1 3 5 9 8 11 18 25 14 17 15 -13 -14 -15 -16 -17 -18 -19 21 23 -22 -23 27 -25 -26 -27 -28 -29 -30 -31
leaf_value=-8.3888148268815712 3.6309957595918911 13.965648426729089 -3.6813201136919327 19.915906920990388 8.9549536313825442 -0.33992744849493661 16.820781639644078 -6.7830365251903686 13.862164661719365 22.180014005620432 7.1079344286758825 3.0446970049098687 -1.2948604127059236 11.631585801080101 17.394579315185549 10.623952315875464 5.6251547939419133 25.828450444059555 18.77972369085164 21.08169557595555 10.368337142025984 20.842956893745509 14.606102519565159 23.31217350429959 10.81791525399813 -5.4539456702441704 24.374965646413454 17.56272201538086 15.696862131754557 1.1496309602119286
leaf_weight=4281 173 102 231 77 206 197 63 242 159 47 276 135 207 193 31 35 193 159 219 79 27 87 27 108 93 205 179 70 120 116
leaf_count=4281 173 102 231 77 206 197 63 242 159 47 276 135 207 193 31 35 193 159 219 79 27 87 27 108 93 205 179 70 120 116
internal_value=1.6001e-07 14.4374 -7.00268 20.3042 8.77806 -0.723471 17.3222 -8.17937 11.4513 23.4653 5.9785 1.06568 -2.55347 10.3571 13.9321 7.50363 4.68256 24.7073 18.9317 21.6541 13.355 19.3663 15.4604 22.3699 9.5344 -6.1735 23.9185 16.7397 14.9014 0.212113
internal_weight=8337 2723 5614 1337 1386 886 688 4728 709 649 677 448 438 492 217 311 366 385 369 264 186 306 319 187 299 447 226 97 222 313
internal_count=8337 2723 5614 1337 1386 886 688 4728 709 649 677 448 438 492 217 311 366 385 369 264 186 306 319 187 299 447 226 97 222 313
is_linear=0
shrinkage=0.05


Tree=7
num_leaves=31
num_cat=0
split_feature=4 4 4 1 4 4 4 6 4 6 6 1 6 4 0 1 5 4 4 1 1 4 6 0 4 1 0 1 5 2
split_gain=3.04293e+08 2.72322e+07 2.09763e+07 3.70126e+06 3.30686e+06 1.65314e+06 1.00436e+06 693965 630126 525606 367687 349165 244647 224576 152078 139757 125538 140196 124899 123432 117876 110951 97349.9 87807.6 80001.4 72966.9 72237.2 71336.4 68631.7 65505.3
threshold=335.50000000000006 641.50000000000011 109.50000000000001 504.50000000000006 796.50000000000011 251.50000000000003 37.500000000000007 631.50000000000011 431.50000000000006 735.50000000000011 197.50000000000003 896.50000000000011 355.50000000000006 540.50000000000011 26.150000000000002 394.50000000000006 84.500000000000014 678.50000000000011 548.50000000000011 841.00000000000011 756.50000000000011 857.50000000000011 94.500000000000014 19.950000000000003 171.50000000000003 258.50000000000006 25.350000000000005 8.5000000000000018 99.500000000000014 44.500000000000007
decision_type=2 2 2 2 2 2 2 2 2 2 2 2 2 2 2 2 2 2 2 2 2 2 2 2 2 2 2 2 2 2
left_child=2 3 6 8 9 10 27 13 15 16 24 21 -7 14 -5 -2 17 -3 -10 23 28 26 -8 -11 -4 -12 -6 -1 -9 -15
right_child=1 4 5 7 11 12 22 20 18 19 25 -13 -14 29 -16 -17 -18 -19 -20 -21 -22 -23 -24 -25 -26 -27 -28 -29 -30 -31
leaf_value=-8.0005527390011366 4.7452797524711139 14.87302575816279 -3.0667489519507387 9.0177815713955241 19.553145964249325 2.0422863756697023 -5.8326700100420457 14.752803392646726 8.4586832799594784 15.540888150930407 -0.62533872247357591 24.170649667513572 4.8080407413385684 10.894290626049042 11.614438143282227 6.6071629558910026 12.540619549384484 17.200239459888355 12.024765212447555 21.135286939905047 17.584166919483859 22.700060026986261 -4.0580176084348478 18.63974758676822 -1.2770520575344564 0.99901772652566434 21.602887297513192 -7.1599683116359785 11.591003739833832 12.737823387567815
leaf_weight=4090 186 115 215 131 69 248 329 121 271 25 224 236 118 64 99 220 26 148 27 47 34 140 101 267 88 100 114 269 20 195
leaf_count=4090 186 115 215 131 69 248 329 121 271 25 224 236 118 64 99 220 26 148 27 47 34 140 101 267 88 100 114 269 20 195
internal_value=1.0034e-08 14.3699 -6.34991 9.56156 19.9115 0.263777 -7.72126 12.2395 7.03575 17.4216 -1.29491 22.7087 2.93398 11.2725 10.1355 5.75418 15.855 16.1826 8.78178 18.7572 14.9415 21.6406 -5.41583 18.3744 -2.54697 -0.123994 20.83 -7.94868 14.3043 12.2823
internal_weight=8337 2555 5782 1368 1187 993 4789 664 704 628 627 559 366 489 230 406 289 263 298 339 175 323 430 292 303 324 183 4359 141 259
internal_count=8337 2555 5782 1368 1187 993 4789 664 704 628 627 559 366 489 230 406 289 263 298 339 175 323 430 292 303 324 183 4359 141 259
is_linear=0
shrinkage=0.05


Tree=8
num_leaves=31
num_cat=0
split_feature=4 4 4 4 4 4 6 6 1 6 4 4 1 6 4 6 6 8 8 5 6 1 0 1 4 5 1 2 1 0
split_gain=2.74676e+08 3.07516e+07 1.21522e+07 4.11196e+06 3.67239e+06 786546 675153 649872 632933 541981 476410 221236 220573 171280 160682 141568 140566 121138 113497 98331.9 93073.4 89186.9 83824.7 76940.7 74248.4 67104.7 63293.8 61654.3 57636 55105.6
threshold=289.50000000000006 600.50000000000011 95.500000000000014 771.50000000000011 448.50000000000006 178.50000000000003 701.50000000000011 28.500000000000004 587.50000000000011 426.50000000000006 821.50000000000011 344.50000000000006 258.50000000000006 530.50000000000011 909.00000000000011 154.50000000000003 713.50000000000011 4.5000000000000009 4.5000000000000009 93.500000000000014 783.50000000000011 476.50000000000006 24.750000000000004 668.50000000000011 522.50000000000011 43.500000000000007 61.500000000000007 47.500000000000007 636.50000000000011 23.650000000000002
decision_type=2 2 2 2 2 2 2 2 2 2 2 2 2 2 2 2 2 2 2 2 2 2 2 2 2 2 2 2 2 2
left_child=2 4 7 6 9 15 23 -1 13 11 17 29 -7 24 22 -4 19 25 -8 28 -20 -11 -12 -3 -6 -5 -9 -25 -10 -2
right_child=1 3 5 10 8 12 18 26 16 21 14 -13 -14 -15 -16 -17 -18 -19 20 -21 -22 -23 -24 27 -26 -27 -28 -29 -30 -31
leaf_value=-7.5690566904613723 2.4022701440258856 13.436837710990563 -3.5876921831293309 18.642563956124445 8.1503921833808111 -0.39971034753101842 15.15845955364288 -6.0874249164263414 11.968226379003282 6.5070380658116838 20.088708873277302 5.2156113814562559 1.7888568033048131 10.587305411645922 23.341906210461502 -1.593515150575243 15.701508208244078 19.845057394845146 16.983281363358142 9.2750161064995673 18.992746130212563 8.5393637379934617 21.919702562604634 13.095165810761628 9.8385869067648191 14.997638810199241 -4.8763801353926564 15.90775799887521 14.127451942080544 4.0985028731517303
leaf_weight=4292 124 222 188 28 223 297 63 240 117 145 89 288 188 177 159 169 31 140 229 27 77 86 210 27 92 23 196 70 42 78
leaf_count=4292 124 222 188 28 223 297 63 240 117 145 89 288 188 177 159 169 31 140 229 27 77 86 210 27 92 23 196 70 42 78
internal_value=-6.47683e-08 12.8765 -6.39665 18.3278 7.77973 -0.862469 15.6347 -7.38222 10.3349 5.26708 21.1828 4.32584 0.448641 9.34277 22.0576 -2.64367 12.5844 19.0851 17.091 12.0648 17.4889 7.26366 21.3747 13.9501 8.64345 16.9988 -5.54301 15.1249 12.5386 3.05725
internal_weight=8337 2767 5570 1337 1430 842 688 4728 709 721 649 490 485 492 458 357 217 191 369 186 306 231 299 319 315 51 436 97 159 202
internal_count=8337 2767 5570 1337 1430 842 688 4728 709 721 649 490 485 492 458 357 217 191 369 186 306 231 299 319 315 51 436 97 159 202
is_linear=0
shrinkage=0.05


Tree=9
num_leaves=31
num_cat=0
split_feature=4 4 4 4 4 4 6 1 1 6 1 6 6 4 6 4 8 6 1 0 1 1 8 5 1 4 4 2 0 4
split_gain=2.47902e+08 2.65998e+07 1.21852e+07 3.71104e+06 3.05058e+06 863038 609325 589144 534161 473050 434757 232151 186383 166111 137540 122851 102431 97753.9 85143.7 76395.2 75252.5 74654.4 72658.9 70867.3 69439 65341.3 58906.2 55643 53079.5 52264.7
threshold=298.50000000000006 600.50000000000011 95.500000000000014 771.50000000000011 457.50000000000006 195.50000000000003 701.50000000000011 24.500000000000004 587.50000000000011 426.50000000000006 872.50000000000011 288.50000000000006 154.50000000000003 368.50000000000006 530.50000000000011 817.50000000000011 4.5000000000000009 713.50000000000011 772.50000000000011 26.050000000000004 476.50000000000006 925.50000000000011 4.5000000000000009 99.500000000000014 668.50000000000011 57.500000000000007 522.50000000000011 47.500000000000007 20.250000000000004 641.50000000000011
decision_type=2 2 2 2 2 2 2 2 2 2 2 2 2 2 2 2 2 2 2 2 2 2 2 2 2 2 2 2 2 2
left_child=2 4 7 6 9 12 24 -1 14 13 15 -7 -4 19 26 22 -8 23 -18 -2 -11 -12 -5 -10 29 -9 -6 -26 -22 -3
right_child=1 3 5 10 8 11 16 25 17 20 21 -13 -14 -15 -16 -17 18 -19 -20 -21 28 -23 -24 -25 27 -27 -28 -29 -30 -31
leaf_value=-7.1972267515887474 2.8507447836101054 11.932871568904204 -3.3373837683537992 16.12797381295098 7.8092095859310167 0.17190417006326181 14.400536382765999 -5.8467173275580775 11.936568994875309 6.3135014148274813 20.771657132600485 2.6524974096745808 -1.2649897847821316 5.3212570218692932 10.092704752552716 19.777772145126807 16.050571943918865 14.653001556396484 17.848042647043865 4.77626716796666 6.7853014923805421 22.306134089301615 18.503705819729156 8.9122113129632048 12.440407678816054 -4.6512959559758507 9.34665754981663 15.112370240347728 9.1495697399355347 13.472301692962645
leaf_weight=4264 175 102 198 45 193 313 63 260 162 157 190 135 240 213 173 165 210 30 96 73 43 136 113 22 27 204 92 70 53 120
leaf_count=4264 175 102 198 45 193 313 63 260 162 157 190 135 240 213 173 165 210 30 96 73 43 136 113 22 27 204 92 70 53 120
internal_value=2.11775e-08 12.3799 -6.00472 17.4115 7.52625 -0.623596 14.853 -7.01311 9.94418 5.25055 20.1237 0.919404 -2.20183 4.29713 8.98058 18.8236 16.2365 12.0065 16.6145 3.41753 6.98781 21.4118 17.8271 11.575 13.2526 -5.32114 8.30551 14.3686 8.09057 12.765
internal_weight=8337 2723 5614 1337 1386 886 688 4728 672 714 649 448 438 461 458 323 369 214 306 248 253 326 158 184 319 464 285 97 96 222
internal_count=8337 2723 5614 1337 1386 886 688 4728 672 714 649 448 438 461 458 323 369 214 306 248 253 326 158 184 319 464 285 97 96 222
is_linear=0
shrinkage=0.05


Tree=10
num_leaves=31
num_cat=0
split_feature=4 4 6 1 4 4 4 6 6 4 1 6 0 4 1 4 5 4 0 4 1 1 4 6 0 1 2 1 6 0
split_gain=2.23789e+08 2.00345e+07 1.54394e+07 2.72701e+06 2.43771e+06 1.1666e+06 828652 530523 510739 472613 253354 177961 172550 149516 141797 139140 137193 153579 104554 103337 94022 88466.1 87754.9 73584.2 67697.2 63972.5 56670.6 46908.2 46148.5 45773.6
threshold=335.50000000000006 641.50000000000011 118.50000000000001 504.50000000000006 817.50000000000011 251.50000000000003 43.500000000000007 631.50000000000011 753.50000000000011 417.50000000000006 194.50000000000003 365.50000000000006 26.150000000000002 883.50000000000011 841.00000000000011 540.50000000000011 82.500000000000014 701.50000000000011 20.050000000000004 548.50000000000011 772.50000000000011 394.50000000000006 136.50000000000003 10.500000000000002 24.750000000000004 258.50000000000006 40.500000000000007 565.00000000000011 462.50000000000006 18.250000000000004
decision_type=2 2 2 2 2 2 2 2 2 2 2 2 2 2 2 2 2 2 2 2 2 2 2 2 2 2 2 2 2 2
left_child=2 3 6 9 8 10 23 12 16 21 -4 -7 15 24 18 -5 17 -3 -10 28 -9 -2 -8 -1 -6 -12 -17 -14 -11 -23
right_child=1 4 5 7 13 11 22 20 14 19 25 -13 27 -15 -16 26 -18 -19 -20 -21 -22 29 -24 -25 -26 -27 -28 -29 -30 -31
leaf_value=-6.860443996263264 3.9746065317245014 13.25545239602366 -2.1376172912740805 7.647528981070483 17.694026253928602 1.8558408532423134 -4.6623345528241886 12.376101738654528 12.605149927139284 6.5135323602220287 -0.56823033940460943 4.3016324543633635 9.5556753565053469 20.770260630025493 18.590986590318277 8.0327498316764832 10.682024796009065 15.413804605844859 16.357272216988346 10.329093933105469 15.634648245114548 3.822419571503997 -1.7634355285337993 -6.0363584505278496 19.530716254697211 0.91685947956882918 10.413960681045266 11.198566846026491 7.722218061877836 5.9042223620098948
leaf_weight=4109 178 186 277 131 71 255 386 149 20 161 225 105 61 231 71 32 30 148 259 27 26 32 28 290 171 107 114 151 155 151
leaf_count=4109 178 186 277 131 71 255 386 149 20 161 225 105 61 231 71 32 30 148 259 27 26 32 28 290 171 107 114 151 155 151
internal_value=-1.19333e-07 12.3233 -5.44554 8.19907 17.0765 0.312738 -6.60485 10.4977 15.2322 6.03103 -1.02113 2.5692 9.65224 19.8604 16.596 8.83056 13.9209 14.2118 16.0883 7.36008 12.8602 4.76824 -4.46627 -6.80612 18.9919 -0.089602 9.89205 10.7258 7.1064 5.54019
internal_weight=8337 2555 5782 1368 1187 969 4813 664 714 704 609 360 489 473 350 277 364 334 279 343 175 361 414 4399 242 332 146 212 316 183
internal_count=8337 2555 5782 1368 1187 969 4813 664 714 704 609 360 489 473 350 277 364 334 279 343 175 361 414 4399 242 332 146 212 316 183
is_linear=0
shrinkage=0.05


Tree=11
num_leaves=31
num_cat=0
split_feature=4 4 6 4 4 6 6 6 6 4 6 6 4 8 1 4 8 5 0 6 6 4 4 4 1 4 1 6 0 4
split_gain=2.01999e+08 2.26312e+07 8.92736e+06 3.13924e+06 2.61692e+06 606365 588788 504002 500239 386976 288893 199232 113901 110780 105113 100865 93941.2 93590.9 88024.7 84597.5 76756.9 72723.8 68727.1 67163.6 62797.8 60625.7 59354 58573.4 53912.4 53596.9
threshold=289.50000000000006 596.50000000000011 106.50000000000001 767.50000000000011 422.50000000000006 539.50000000000011 31.500000000000004 701.50000000000011 210.50000000000003 845.50000000000011 384.50000000000006 631.50000000000011 479.50000000000006 4.5000000000000009 274.50000000000006 162.50000000000003 4.5000000000000009 99.500000000000014 26.550000000000004 775.50000000000011 450.50000000000006 540.50000000000011 69.500000000000014 344.50000000000006 668.50000000000011 916.50000000000011 828.50000000000011 735.50000000000011 19.650000000000002 813.50000000000011
decision_type=2 2 2 2 2 2 2 2 2 2 2 2 2 2 2 2 2 2 2 2 2 2 2 2 2 2 2 2 2 2
left_child=2 4 6 7 10 12 -1 24 15 13 23 18 -6 29 -10 -4 -11 19 21 -9 -12 -7 -8 -2 -3 -18 -15 -13 -16 -5
right_child=1 3 8 9 5 11 22 17 14 16 20 27 -14 26 28 -17 25 -19 -20 -21 -22 -23 -24 -25 -26 -27 -28 -29 -30 -31
leaf_value=-6.4859004720464926 2.3207498103935524 11.475755253396773 -2.6117538762532071 14.125108358591795 6.3784927105799838 7.1938206097436339 -5.1141046573497633 14.310700584670244 0.025541273806325711 17.358352928776895 4.6381083588732617 11.325620083442102 7.9997246981681656 16.324306124732608 0.46337092703039001 -0.96870140704985086 18.935383373589683 11.454436174306004 10.210261617006957 16.064698649927514 6.259722676762828 9.5688062263257585 -3.8709429882348534 3.8761327435247233 12.984192191939995 20.339752642313641 18.075908908509373 14.261517817041151 2.4545903815982051 16.771271637947329
leaf_weight=4312 161 239 217 50 201 63 270 236 274 62 225 65 235 84 55 164 197 22 143 97 108 66 189 122 97 126 114 23 89 31
leaf_count=4312 161 239 217 50 201 63 270 236 274 62 225 65 235 84 55 164 197 22 143 97 108 66 189 122 97 126 114 23 89 31
internal_value=-1.449e-07 11.0424 -5.48551 15.6584 6.61272 8.5063 -6.30468 13.2992 -0.594087 18.1135 4.16583 10.025 7.25232 16.6956 0.60034 -1.90451 19.141 14.613 9.35595 14.8216 5.16404 8.40893 -4.60221 2.99127 11.9112 19.4832 17.3328 12.093 1.69406 15.1378
internal_weight=8337 2767 5570 1355 1412 796 4771 691 799 664 616 360 436 279 418 381 385 355 272 333 333 129 459 283 336 323 198 88 144 81
internal_count=8337 2767 5570 1355 1412 796 4771 691 799 664 616 360 436 279 418 381 385 355 272 333 333 129 459 283 336 323 198 88 144 81
is_linear=0
shrinkage=0.05


Tree=12
num_leaves=31
num_cat=0
split_feature=4 4 6 6 4 4 4 4 6 6 4 1 6 4 3 6 6 0 1 4 1 4 4 4 5 8 1 5 6 2
split_gain=1.82324e+08 1.57263e+07 1.33167e+07 2.06799e+06 1.98953e+06 1.05241e+06 675897 485088 314897 304946 251697 207106 156206 131164 107282 106139 99140.4 94334.3 93023.8 86923.7 77938.9 73790.9 73440.2 63205.4 60035.2 57579.8 53058.5 52289.8 45165.6 44520.1
threshold=344.50000000000006 641.50000000000011 118.50000000000001 539.50000000000011 787.50000000000011 251.50000000000003 43.500000000000007 448.50000000000006 631.50000000000011 735.50000000000011 883.50000000000011 194.50000000000003 320.50000000000006 548.50000000000011 97.500000000000014 872.50000000000011 426.50000000000006 26.650000000000002 856.50000000000011 685.50000000000011 772.50000000000011 522.50000000000011 136.50000000000003 6.5000000000000009 87.500000000000014 4.5000000000000009 258.50000000000006 41.500000000000007 783.50000000000011 44.500000000000007
decision_type=2 2 2 2 2 2 2 2 2 2 2 2 2 2 2 2 2 2 2 2 2 2 2 2 2 2 2 2 2 2
left_child=2 3 6 7 9 11 23 16 13 14 15 -4 -7 17 19 25 -2 -5 24 -3 -10 -9 -8 -1 28 27 -13 -6 -11 -23
right_child=1 4 5 8 10 12 22 21 20 18 -12 26 -14 -15 -16 -17 -18 -19 -20 -21 -22 29 -24 -25 -26 -27 -28 -29 -30 -31
leaf_value=-6.1967206895936924 4.241385753080249 11.646277292052361 -1.936603662758958 6.9070278297771113 15.634128531198654 1.3821391236075422 -4.2091697052970458 6.7360557069255336 11.200539312175676 13.961467017922352 18.755893918652557 -0.52081587522890838 3.3759670698163498 9.9539130659961206 8.7388524520964861 17.738626727918639 5.8197373014531637 9.3118260885539819 17.36988330078125 13.488732060214929 14.161558173252985 6.1900817871093752 -1.5572245717048645 -5.4742068567771796 11.616285469418481 16.586918477809174 0.8316714977062194 12.699641682505607 15.370035227333629 8.6658227700453541
leaf_weight=4072 288 146 277 88 63 194 386 237 153 186 231 225 199 189 21 137 152 76 25 114 26 22 28 327 21 141 107 20 82 104
leaf_count=4072 288 146 277 88 63 194 386 237 153 186 231 225 199 189 21 137 152 76 25 114 26 22 28 327 21 141 107 20 82 104
internal_value=5.36267e-08 11.2277 -4.8695 7.50463 15.4149 0.374569 -5.96124 5.90285 9.92235 13.373 17.4671 -0.927149 2.39174 9.05611 12.1765 16.6424 4.78663 8.02145 14.4438 12.4541 11.6306 7.25585 -4.02981 -6.14301 14.1907 15.9719 -0.0849239 14.927 14.3924 8.23355
internal_weight=8337 2522 5815 1335 1187 1002 4813 803 532 595 592 609 393 353 281 361 440 164 314 260 179 363 414 4399 289 224 332 83 268 126
internal_count=8337 2522 5815 1335 1187 1002 4813 803 532 595 592 609 393 353 281 361 440 164 314 260 179 363 414 4399 289 224 332 83 268 126
is_linear=0
shrinkage=0.05


Tree=13
num_leaves=31
num_cat=0
split_feature=4 4 4 4 4 4 1 6 1 1 1 1 1 4 8 6 5 6 4 6 0 5 1 8 6 3 1 8 8 2
split_gain=1.64569e+08 1.84505e+07 7.28303e+06 2.55222e+06 2.13424e+06 528295 496848 431645 350715 295977 244726 146023 139839 97793.8 97349.5 92241.8 83152 88807.8 79332.2 78149.9 94232.8 76652 57912 57235.1 54644.5 57184.1 95721.8 48830.1 47645.8 46665.9
threshold=289.50000000000006 596.50000000000011 92.500000000000014 771.50000000000011 422.50000000000006 178.50000000000003 542.50000000000011 701.50000000000011 20.500000000000004 872.50000000000011 383.50000000000006 636.50000000000011 274.50000000000006 522.50000000000011 4.5000000000000009 154.50000000000003 99.500000000000014 775.50000000000011 817.50000000000011 488.50000000000006 18.250000000000004 59.500000000000007 925.50000000000011 4.5000000000000009 560.50000000000011 97.500000000000014 701.50000000000011 4.5000000000000009 4.5000000000000009 48.500000000000007
decision_type=2 2 2 2 2 2 2 2 2 2 2 2 2 2 2 2 2 2 2 2 2 2 2 2 2 2 2 2 2 2
left_child=2 4 8 7 10 15 13 24 -1 18 29 21 -7 -6 -13 -4 17 23 27 20 -12 -8 -11 -9 -3 26 -26 -5 -23 -2
right_child=1 3 5 9 6 12 11 16 -10 22 19 14 -14 -15 -16 -17 -18 -19 -20 -21 -22 28 -24 -25 25 -27 -28 -29 -30 -31
leaf_value=-5.8705769312201133 1.2792272088375498 9.2352006454467777 -2.8449053385199572 13.131750095155505 6.1727278533880261 -0.15437383686949036 8.9638984614727555 11.024932381084987 -4.4509360031245917 16.897152333510551 2.2993532968604047 8.8998329559961959 1.7487076102790977 7.9283723275638325 12.309796936035156 -1.2721806530366866 10.254891022768888 14.630885030638495 16.092210117686879 6.3970216282627037 4.7917427120937246 5.3141129603752724 18.248655322018791 13.211897870406364 10.913772102910229 8.7415556240081784 14.007192993164063 15.079338019717056 8.1957179725170146 2.9964589607954029
leaf_weight=4224 47 50 205 45 345 352 204 35 485 190 46 36 133 103 50 171 22 106 165 57 216 26 136 206 234 25 28 113 32 250
leaf_count=4224 47 50 205 45 345 352 204 35 485 190 46 36 133 103 50 171 22 106 165 57 216 26 136 206 234 25 28 113 32 250
internal_value=-4.40595e-08 9.96694 -4.95126 14.1348 5.96729 -0.723008 7.67734 12.0543 -5.72436 16.3981 3.75756 9.09468 0.367502 6.57637 10.8824 -2.12965 13.2358 13.4248 15.3254 4.71918 4.35415 8.50788 17.461 12.8943 10.7606 11.0264 11.2444 14.5246 6.90396 2.72471
internal_weight=8337 2767 5570 1355 1412 861 796 706 4709 649 616 348 485 448 86 376 369 347 323 319 262 262 326 241 337 287 262 158 58 297
internal_count=8337 2767 5570 1355 1412 861 796 706 4709 649 616 348 485 448 86 376 369 347 323 319 262 262 326 241 337 287 262 158 58 297
is_linear=0
shrinkage=0.05


Tree=14
num_leaves=31
num_cat=0
split_feature=4 4 6 6 4 4 4 4 6 6 1 6 5 4 4 1 5 6 6 0 1 4 4 4 6 0 6 4 4 2
split_gain=1.48569e+08 1.28151e+07 1.08415e+07 1.68619e+06 1.62376e+06 857101 553053 391632 335709 259556 171406 131847 114401 117244 107978 107874 107178 129263 81764.2 81228.9 68122.4 57831.5 57311 56885.9 50303.1 44745.3 44806.4 44070 40177.7 40092.4
threshold=344.50000000000006 641.50000000000011 118.50000000000001 539.50000000000011 817.50000000000011 251.50000000000003 45.500000000000007 448.50000000000006 753.50000000000011 631.50000000000011 210.50000000000003 345.50000000000006 82.500000000000014 678.50000000000011 548.50000000000011 910.50000000000011 94.500000000000014 833.50000000000011 439.50000000000006 26.650000000000002 772.50000000000011 522.50000000000011 6.5000000000000009 136.50000000000003 920.50000000000011 19.650000000000002 297.50000000000006 154.50000000000003 755.50000000000011 44.500000000000007
decision_type=2 2 2 2 2 2 2 2 2 2 2 2 2 2 2 2 2 2 2 2 2 2 2 2 2 2 2 2 2 2
left_child=2 3 6 7 8 10 22 18 12 14 27 -7 13 -3 19 24 17 -10 -2 -5 -11 -9 -1 -8 -6 -12 -27 -4 -15 -23
right_child=1 4 5 9 15 11 23 21 16 20 25 -13 -14 28 -16 -17 -18 -19 -20 -21 -22 29 -24 -25 -26 26 -28 -29 -30 -31
leaf_value=-5.5933557451356846 3.9172185524746226 10.401048094177247 -2.2242960238224501 6.1981968944722965 15.400708501135107 1.4054257460828237 -3.7519464180769164 6.0835304191469648 13.207263084013301 10.10635584538279 -0.74003857296819875 3.2732623136118999 8.3890606594085693 11.978851808490177 8.9856774062706677 17.146166328303721 10.360779644012453 15.563086680362099 5.464168789468963 8.4297079939591253 12.874630267803486 5.4700395324013451 -4.9239610633520305 -1.4136439819421087 17.836940599524457 0.28136530950957656 2.79789805829525 -1.0691417016423821 13.679316538030452 7.8194471450952383
leaf_weight=4072 324 125 154 88 269 235 366 237 249 153 104 158 30 165 189 181 25 76 116 76 26 22 347 28 23 153 20 178 44 104
leaf_count=4072 324 125 154 88 269 235 366 237 249 153 104 158 30 165 189 181 25 76 116 76 26 22 347 28 23 153 20 178 44 104
internal_value=8.5403e-08 10.1352 -4.39569 6.77437 13.915 0.335973 -5.38075 5.328 12.4098 8.95753 -0.838762 2.15636 11.3467 11.6124 8.17108 16.1871 13.5155 13.7582 4.32505 7.23231 10.5085 6.54369 -5.54079 -3.58577 15.5926 0.079577 0.572294 -1.60497 12.3368 7.40923
internal_weight=8337 2522 5815 1335 1187 1002 4813 803 714 532 609 393 364 334 353 473 350 325 440 164 179 363 4419 394 292 277 173 332 209 126
internal_count=8337 2522 5815 1335 1187 1002 4813 803 714 532 609 393 364 334 353 473 350 325 440 164 179 363 4419 394 292 277 173 332 209 126
is_linear=0
shrinkage=0.05


Tree=15
num_leaves=31
num_cat=0
split_feature=4 4 6 1 4 4 4 6 6 6 1 1 0 6 5 4 5 6 4 6 4 4 4 0 1 4 2 5 6 8
split_gain=1.34083e+08 1.15656e+07 9.78688e+06 1.52802e+06 1.46824e+06 657922 655343 315572 256750 231502 174364 127777 118929 106319 88027.6 96959.5 87155.6 113409 81082.3 63730.8 62545.2 62369.7 60687.2 58800.3 58536 57923.3 48846.2 44153.9 44123.3 37840.8
threshold=344.50000000000006 641.50000000000011 136.50000000000003 504.50000000000006 796.50000000000011 48.500000000000007 260.50000000000006 631.50000000000011 439.50000000000006 735.50000000000011 850.00000000000011 213.50000000000003 26.150000000000002 345.50000000000006 74.500000000000014 714.50000000000011 94.500000000000014 859.50000000000011 540.50000000000011 735.50000000000011 431.50000000000006 132.50000000000003 13.500000000000002 26.150000000000002 910.50000000000011 508.50000000000006 40.500000000000007 89.500000000000014 868.50000000000011 3.5000000000000004
decision_type=2 2 2 2 2 2 2 2 2 2 2 2 2 2 2 2 2 2 2 2 2 2 2 2 2 2 2 2 2 2
left_child=2 3 5 8 9 22 11 12 20 14 28 -4 18 -8 15 -3 17 -11 -5 27 23 -7 -1 -2 -12 -10 -20 -9 -6 -13
right_child=1 4 6 7 10 21 13 19 25 16 24 29 -14 -15 -16 -17 -18 -19 26 -21 -22 -23 -24 -25 -26 -27 -28 -29 -30 -31
leaf_value=-5.3076400057903941 3.0195453791216735 10.204935617761299 -1.2576134281891089 5.8987965375412514 13.342180139878218 -3.448620051048898 1.4365993047619394 9.8430374580517164 5.4941176092243635 12.335377650529566 15.084850797687587 -1.0471774989244889 8.3753710332906461 3.185319523709385 8.0474642127752301 12.341250793457032 9.4033119591799643 15.43213706739021 5.8860228002071384 11.740044266138321 5.0472383654635884 -1.6981341426402836 -4.566602349281311 4.4936218675577413 16.309139675679415 7.1741595140144003 8.0967467391700065 7.3964522535150712 15.432496569233557 0.47864630461803509
leaf_weight=4148 187 182 300 131 136 370 203 114 219 284 208 49 212 152 32 75 22 33 32 39 92 59 296 106 184 67 114 22 31 238
leaf_count=4148 187 182 300 131 136 370 203 114 219 284 208 49 212 152 32 75 22 33 32 39 92 59 296 106 184 67 114 22 31 238
internal_value=2.15854e-08 9.62842 -4.1759 6.43565 13.2193 -5.07777 0.489512 8.13613 4.75291 11.5602 15.0831 -0.536078 7.48405 2.18535 10.5205 10.8284 12.4466 12.6578 6.80189 9.95823 3.90993 -3.20788 -5.25828 3.55283 15.6595 5.88769 7.6122 9.44727 13.7302 0.21814
internal_weight=8337 2522 5815 1335 1187 4873 942 664 671 628 559 587 489 355 289 257 339 317 277 175 385 429 4444 293 392 286 146 136 167 287
internal_count=8337 2522 5815 1335 1187 4873 942 664 671 628 559 587 489 355 289 257 339 317 277 175 385 429 4444 293 392 286 146 136 167 287
is_linear=0
shrinkage=0.05


Tree=16
num_leaves=31
num_cat=0
split_feature=4 4 4 4 4 4 1 6 4 4 1 1 1 8 8 4 6 8 5 6 0 1 1 1 6 3 1 2 5 2
split_gain=1.21034e+08 1.35897e+07 5.3597e+06 1.87464e+06 1.5708e+06 422956 366362 318849 230355 226643 185818 111884 107860 92658.9 81962.7 71991.8 70718.8 69103.1 66110.9 58901.9 79497.5 55488.6 51210.9 49503.7 44020.1 52257.9 82978.1 41719.8 40875.5 40786.6
threshold=289.50000000000006 596.50000000000011 87.500000000000014 771.50000000000011 422.50000000000006 178.50000000000003 542.50000000000011 701.50000000000011 876.50000000000011 20.500000000000004 383.50000000000006 621.50000000000011 274.50000000000006 4.5000000000000009 4.5000000000000009 522.50000000000011 154.50000000000003 4.5000000000000009 59.500000000000007 488.50000000000006 18.250000000000004 821.50000000000011 753.50000000000011 772.50000000000011 560.50000000000011 97.500000000000014 701.50000000000011 48.500000000000007 23.500000000000004 49.500000000000007
decision_type=2 2 2 2 2 2 2 2 2 2 2 2 2 2 2 2 2 2 2 2 2 2 2 2 2 2 2 2 2 2
left_child=2 4 9 7 10 16 15 24 13 -1 27 18 -7 -5 -13 29 -4 22 -8 20 -12 -15 -9 -19 -3 26 -26 -2 -29 -6
right_child=1 3 5 8 6 12 11 17 -10 -11 19 14 -14 21 -16 -17 -18 23 -20 -21 -22 -23 -24 -25 25 -27 -28 28 -30 -31
leaf_value=-5.0342640389206004 0.95248340748726068 7.860440473556519 -2.4640318215423163 12.013877571439281 4.3468273273734166 -0.13807556775917129 7.640077042017932 10.893144021383147 15.227647310657725 -3.8712155891746605 1.8529252936010776 7.3456729057507646 1.5333012716998731 12.696018400857616 10.236809247912783 6.7966171709079193 -1.1173120817646038 11.237365866161529 5.6291727524537309 5.5137820762500427 4.1421662659832732 14.211405820799579 7.9028192363002079 12.607946066061658 9.368674609192416 7.2838981781005856 12.248826612745013 1.7010462670148105 3.0432495161433892 5.60354989633597
leaf_weight=4223 47 50 225 103 86 352 191 41 257 465 46 39 133 86 66 103 172 210 52 57 216 203 22 96 234 25 28 87 163 259
leaf_count=4223 47 50 225 103 86 352 191 41 257 465 46 39 133 86 66 103 172 210 52 57 216 203 22 96 234 25 28 87 163 259
internal_value=1.06219e-08 8.54755 -4.24615 12.1245 5.11495 -0.670361 6.58201 10.3414 14.0643 -4.9189 3.21921 7.79909 0.320261 13.3015 9.16296 5.6366 -1.88057 11.3569 7.20976 4.05714 3.74024 13.7605 9.8489 11.6674 9.22954 9.46806 9.67648 2.31922 2.57616 5.29028
internal_weight=8337 2767 5570 1355 1412 882 796 706 649 4688 616 348 485 392 105 448 397 369 243 319 262 289 63 306 337 287 262 297 250 345
internal_count=8337 2767 5570 1355 1412 882 796 706 649 4688 616 348 485 392 105 448 397 369 243 319 262 289 63 306 337 287 262 297 250 345
is_linear=0
shrinkage=0.05


Tree=17
num_leaves=31
num_cat=0
split_feature=4 4 6 6 4 6 6 4 6 6 6 4 0 5 4 5 4 6 1 1 4 0 2 1 4 0 1 4 1 0
split_gain=1.09261e+08 9.42466e+06 7.96926e+06 1.25221e+06 1.20492e+06 634526 410424 284722 249079 192111 121324 109352 95011.4 92043.8 93147.5 89311.6 87351.4 76128.5 61901.9 56832.7 55405.5 52875.4 50849.3 56162.9 43696 40706.2 39845.8 36803.8 36608.4 39130.6
threshold=344.50000000000006 641.50000000000011 118.50000000000001 539.50000000000011 817.50000000000011 247.50000000000003 46.500000000000007 448.50000000000006 753.50000000000011 631.50000000000011 345.50000000000006 183.50000000000003 19.950000000000003 82.500000000000014 678.50000000000011 96.500000000000014 909.00000000000011 833.50000000000011 394.50000000000006 772.50000000000011 522.50000000000011 24.750000000000004 38.500000000000007 504.50000000000006 84.500000000000014 26.150000000000002 5.5000000000000009 222.50000000000003 462.50000000000006 20.250000000000004
decision_type=2 2 2 2 2 2 2 2 2 2 2 2 2 2 2 2 2 2 2 2 2 2 2 2 2 2 2 2 2 2
left_child=2 3 6 7 8 11 26 18 13 15 27 -4 -10 14 -3 20 21 -14 -2 -11 25 -6 -9 -24 -8 -5 -1 -7 29 -12
right_child=1 4 5 9 16 10 24 22 12 19 28 -13 17 -15 -16 -17 -18 -19 -20 -21 -22 -23 23 -25 -26 -27 -28 -29 -30 -31
leaf_value=-4.7982123018106027 2.9883590887436711 8.8793496124267577 -1.6184413707101684 5.0844812929630283 12.414203354652892 -0.10881993270689441 -3.4853399787902832 3.8689493607533607 8.2425580883026139 8.6578319294000767 1.4981070740879339 -0.18203800150245991 11.333718567052165 7.0678029759724943 10.604792909759084 4.4510039268001433 14.845189586525445 13.051040545376864 4.1966953082905922 11.186333979093114 7.6852733133122788 13.830930574590511 5.2514106091404464 6.5866754104842009 -2.4058835286299391 7.1684898124550873 -4.2520730500692849 1.2690330730633694 4.0645077395439149 3.0981973535305745
leaf_weight=4049 178 125 265 42 94 62 250 38 20 153 79 265 242 30 209 31 159 88 262 26 227 220 191 134 150 53 364 222 35 74
leaf_count=4049 178 125 265 42 94 62 250 38 20 153 79 265 242 30 209 31 159 88 262 26 227 220 191 134 150 53 364 222 35 74
internal_value=1.23388e-08 8.6916 -3.7696 5.80946 11.9331 0.287152 -4.61416 4.56303 10.6365 7.69081 1.62045 -0.90024 11.5889 9.72075 9.95904 7.01421 13.8903 11.7917 3.70787 9.0251 7.26098 13.4068 5.5996 5.80195 -3.08054 6.24714 -4.75316 0.968234 2.60572 2.27201
internal_weight=8337 2522 5815 1335 1187 1002 4813 803 714 532 472 530 350 364 334 353 473 330 440 179 322 314 363 325 400 95 4413 284 188 153
internal_count=8337 2522 5815 1335 1187 1002 4813 803 714 532 472 530 350 364 334 353 473 330 440 179 322 314 363 325 400 95 4413 284 188 153
is_linear=0
shrinkage=0.05


Tree=18
num_leaves=31
num_cat=0
split_feature=4 4 4 4 1 6 4 6 1 4 6 5 8 6 4 6 4 6 3 1 8 1 3 6 1 6 4 6 0 0
split_gain=9.86324e+07 1.10753e+07 4.35616e+06 1.52956e+06 1.2783e+06 369891 277897 260915 196767 189451 163506 81608.3 78076.1 77554.9 75292.7 65712.3 64058 63037.8 62141.9 85237 55755 73954.7 53111.8 51508.2 45751.8 45691.8 42985.2 53619.3 40709.9 38932.8
threshold=289.50000000000006 596.50000000000011 84.500000000000014 771.50000000000011 476.50000000000006 201.50000000000003 392.50000000000006 720.50000000000011 596.50000000000011 876.50000000000011 20.500000000000004 99.500000000000014 4.5000000000000009 365.50000000000006 136.50000000000003 278.50000000000006 479.50000000000006 435.50000000000006 97.500000000000014 701.50000000000011 4.5000000000000009 701.50000000000011 3.5000000000000004 833.50000000000011 853.50000000000011 530.50000000000011 678.50000000000011 535.50000000000011 19.650000000000002 19.750000000000004
decision_type=2 2 2 2 2 2 2 2 2 2 2 2 2 2 2 2 2 2 2 2 2 2 2 2 2 2 2 2 2 2
left_child=2 4 10 7 6 14 13 18 16 12 -1 23 -5 -2 -4 -7 -6 -8 19 26 -10 -22 -21 -9 -14 -18 27 -3 -17 -19
right_child=1 3 5 9 8 15 17 11 20 -11 -12 -13 24 -15 -16 28 25 29 -20 22 21 -23 -24 -25 -26 -27 -28 -29 -30 -31
leaf_value=-4.5437123596668245 1.7614865742153794 5.4767210197448737 -2.3297752967476848 10.823689492234907 4.8132633798157993 -0.07206977042075606 3.7004129432426773 10.399356656251131 6.368940943274005 13.752439612730004 -3.5350416308050754 7.3078863716125486 11.736047165266431 3.0881911249412841 -1.0345643616008968 0.26924165243452247 5.463622226289341 6.0135373577475555 6.3561083674430847 9.0455050332205627 7.7246854400634763 11.030002403259278 11.800028788248698 12.689815634268301 12.999789655661282 6.6951732355027112 9.444486993258117 8.1895623786776675 1.9201418324655226 4.4311450833021997
leaf_weight=4224 214 20 220 103 134 301 183 270 58 257 444 20 131 227 229 66 140 64 32 42 110 20 30 27 158 163 61 204 86 99
leaf_count=4224 214 20 220 103 134 301 183 270 58 257 444 20 131 227 229 66 140 64 32 42 110 20 30 27 158 163 61 204 86 99
internal_value=-3.20624e-08 7.7161 -3.83312 10.9453 4.61729 -0.652169 3.27662 9.33461 6.30546 12.6974 -4.44777 10.3994 12.0057 2.44439 -1.66919 0.35587 5.72356 4.33736 8.46691 8.65611 7.65805 8.2332 10.1932 10.6076 12.427 6.12614 8.26779 7.94734 1.2033 5.05245
internal_weight=8337 2767 5570 1355 1412 902 787 706 625 649 4668 317 392 441 449 453 437 346 389 357 188 130 72 297 289 303 285 224 152 163
internal_count=8337 2767 5570 1355 1412 902 787 706 625 649 4668 317 392 441 449 453 437 346 389 357 188 130 72 297 289 303 285 224 152 163
is_linear=0
shrinkage=0.05


Tree=19
num_leaves=31
num_cat=0
split_feature=4 6 6 4 4 4 4 4 6 4 6 5 6 0 8 1 4 1 6 4 1 6 2 1 1 6 1 4 0 3
split_gain=8.9025e+07 7.68387e+06 6.49414e+06 1.19397e+06 897120 444679 440511 190848 172199 155229 113617 92624.1 92428.1 78628 74495.5 74004.6 73542.8 69129 64342.4 42355.4 41581.1 38374.5 37831.8 36740.8 36295.8 35312.8 35892.2 35151.6 31914.1 36590.6
threshold=344.50000000000006 636.50000000000011 136.50000000000003 771.50000000000011 479.50000000000006 246.50000000000003 50.500000000000007 576.50000000000011 738.50000000000011 883.50000000000011 450.50000000000006 88.500000000000014 320.50000000000006 26.150000000000002 4.5000000000000009 213.50000000000003 753.50000000000011 753.50000000000011 875.50000000000011 6.5000000000000009 129.50000000000003 841.00000000000011 49.500000000000007 423.50000000000006 753.50000000000011 530.50000000000011 642.50000000000011 678.50000000000011 24.550000000000004 2.5000000000000004
decision_type=2 2 2 2 2 2 2 2 2 2 2 2 2 2 2 2 2 2 2 2 2 2 2 2 2 2 2 2 2 2
left_child=2 4 6 8 10 15 19 13 11 18 -2 17 -7 -6 24 -4 25 27 -5 -1 -8 -16 -12 -14 -10 -9 -27 -3 29 -11
right_child=1 3 5 9 7 12 20 16 14 28 22 -13 23 -15 21 -17 -18 -19 -20 -21 -22 -23 -24 -25 -26 26 -28 -29 -30 -31
leaf_value=-4.3296776323749411 3.1502792427643005 8.0140534965155634 -1.0882661216975513 11.063919750479766 5.1735340517599466 0.88790627902217689 -2.7773842003499092 6.0327887530420341 9.686613098144532 10.826760108382615 3.3648455257415772 6.0254566887250318 2.0379074241755144 6.6289419684145194 10.115428525294984 0.09242145772107313 10.157070049513941 11.453458786010742 12.38915980164434 -3.7823040190901254 -1.3231080776766726 12.086550889696394 4.9283939359480877 3.6561899990174505 7.0868959755733103 7.172241331926033 9.0130936824914194 9.1600442793762795 13.546405066972898 13.208970794677734
leaf_weight=4072 382 191 291 258 261 203 357 51 25 27 50 39 159 144 209 244 23 20 142 387 57 28 171 45 29 134 33 103 162 40
leaf_count=4072 382 191 291 258 261 203 357 51 25 27 50 39 159 144 209 244 23 20 142 387 57 28 171 45 29 134 33 103 162 40
internal_value=6.46719e-08 7.84555 -3.40266 10.5793 5.0593 0.397735 -4.13732 6.35396 9.06594 12.1287 3.67231 8.3236 1.64325 5.69101 9.96644 -0.549784 7.46804 8.60904 11.5344 -4.28217 -2.57716 10.3483 4.57465 2.39488 8.29047 7.18433 7.536 8.41554 13.1668 12.249
internal_weight=8337 2522 5815 1273 1249 942 4873 646 644 629 603 353 407 405 291 535 241 314 400 4459 414 237 221 204 54 218 167 294 229 67
internal_count=8337 2522 5815 1273 1249 942 4873 646 644 629 603 353 407 405 291 535 241 314 400 4459 414 237 221 204 54 218 167 294 229 67
is_linear=0
shrinkage=0.05


Tree=20
num_leaves=31
num_cat=0
split_feature=4 4 4 4 4 4 6 1 4 1 8 6 5 3 1 4 1 6 2 0 6 5 3 6 3 1 6 4 4 4
split_gain=8.03584e+07 9.02034e+06 3.55043e+06 1.25322e+06 1.05138e+06 309066 255646 247510 132780 127689 125733 112915 82904.9 78248.5 86827.4 75849.4 75292.1 64552.7 48175.9 48032.6 45715.1 44656.9 43896.3 64822.8 41928.5 41671.1 38748.6 37923.4 37865.5 37060.5
threshold=289.50000000000006 596.50000000000011 84.500000000000014 787.50000000000011 422.50000000000006 175.50000000000003 720.50000000000011 605.50000000000011 17.500000000000004 373.50000000000006 4.5000000000000009 511.50000000000006 99.500000000000014 97.500000000000014 701.50000000000011 879.50000000000011 258.50000000000006 812.50000000000011 47.500000000000007 18.750000000000004 147.50000000000003 89.500000000000014 7.5000000000000009 488.50000000000006 3.5000000000000004 675.50000000000011 419.50000000000006 813.50000000000011 548.50000000000011 678.50000000000011
decision_type=2 2 2 2 2 2 2 2 2 2 2 2 2 2 2 2 2 2 2 2 2 2 2 2 2 2 2 2 2 2
left_child=2 4 8 6 9 20 13 11 -1 18 27 -6 17 14 29 -12 -7 -8 -2 22 -4 25 -11 -24 -16 -9 -20 -5 -13 -3
right_child=1 3 5 10 7 16 12 21 -10 19 15 28 -14 -15 24 -17 -18 -19 26 -21 -22 -23 23 -25 -26 -27 -28 -29 -30 -31
leaf_value=-4.1035669642706702 0.10387071834670172 7.1694155675758218 -2.0963698706097076 8.6751228855502216 4.3504364150461186 -0.24385002445309395 9.4009471906374582 7.1411041783123483 -3.2139946808630819 0.74741287635218712 11.398576232311774 5.2414257121086125 6.5866971720819896 5.3294401530063515 8.3581326293945306 12.676806755692747 1.0161342164677385 11.328905636656518 1.8620891826801769 3.6142877101543407 -1.0188639000845807 5.6906675563918228 1.745326882761878 5.0818364302317303 10.704568550803446 9.3462782234981159 4.0657045265490366 10.694475248295774 6.4196493192955302 8.5507178521925393
leaf_weight=4202 36 224 225 31 356 310 292 82 466 31 255 185 23 33 45 213 192 51 214 252 175 36 37 24 33 29 22 93 108 62
leaf_count=4202 36 224 225 31 356 310 292 82 466 31 255 185 23 33 45 213 192 51 214 252 175 36 37 24 33 29 22 93 108 62
internal_value=-3.80763e-08 6.96472 -3.45985 9.87896 4.16813 -0.588115 8.53955 5.36836 -4.01476 2.61718 11.6053 4.94875 9.49275 7.66079 7.87214 11.9803 0.238056 9.68761 1.80762 3.2573 -1.62496 7.22093 2.27947 3.05805 9.35086 7.71723 2.06751 10.1896 5.67572 7.46886
internal_weight=8337 2767 5570 1355 1412 902 763 796 4668 616 592 649 366 397 364 468 502 343 272 344 400 147 92 61 78 111 236 124 293 286
internal_count=8337 2767 5570 1355 1412 902 763 796 4668 616 592 649 366 397 364 468 502 343 272 344 400 147 92 61 78 111 236 124 293 286
is_linear=0
shrinkage=0.05


Tree=21
num_leaves=31
num_cat=0
split_feature=4 6 4 4 4 6 6 4 4 1 6 1 4 4 0 8 6 5 6 3 4 0 4 4 0 0 0 3 5 6
split_gain=7.25331e+07 6.49857e+06 4.99362e+06 880723 873259 406757 270633 185221 155854 118027 94535.2 90936.7 82578.3 78089.5 68292.1 55412.3 59005.3 51771.1 59113.4 55667.4 50889.4 41500.4 40526.1 39080 40346.5 36126.1 34388.8 38561.3 33949 33807.1
threshold=335.50000000000006 645.50000000000011 114.50000000000001 479.50000000000006 800.50000000000011 247.50000000000003 46.500000000000007 576.50000000000011 711.50000000000011 465.50000000000006 430.50000000000006 896.50000000000011 753.50000000000011 183.50000000000003 26.150000000000002 4.5000000000000009 859.50000000000011 85.500000000000014 766.50000000000011 35.500000000000007 260.50000000000006 20.350000000000005 909.00000000000011 392.50000000000006 26.050000000000004 22.750000000000004 18.450000000000003 20.500000000000004 99.500000000000014 530.50000000000011
decision_type=2 2 2 2 2 2 2 2 2 2 2 2 2 2 2 2 2 2 2 2 2 2 2 2 2 2 2 2 2 2
left_child=2 3 6 9 8 13 -1 14 17 23 20 21 29 -4 -5 25 -17 18 -3 -19 -7 -6 -23 24 -2 -10 27 -11 -12 -9
right_child=1 4 5 7 11 10 -8 12 15 26 28 -13 -14 -15 -16 16 -18 19 -20 -21 -22 22 -24 -25 -26 -27 -28 -29 -30 -31
leaf_value=-3.874373632114076 1.919331183304128 7.7478254985446711 -1.3675310544530106 4.6837677086299321 8.6874870887169475 0.23120836401290268 -2.5098497613060355 5.3988281577241191 8.7882302064162037 1.8548015450437862 4.372906772432656 11.915452929200798 9.4580836578651724 -0.16050451228111207 6.030486197667579 9.2885723755498635 11.420103073120117 7.5041716404077476 9.6558973550796523 4.2865994548797612 1.4362781463459195 10.576228743452369 12.616882832845052 3.3234968946411692 3.2598238109202868 6.1745073434710509 4.8554953366518028 4.6891624053319303 1.9737989759445194 6.8395276771913665
leaf_weight=4411 152 263 267 265 26 137 396 51 39 24 29 232 27 269 146 223 38 41 48 20 243 246 27 232 89 20 120 24 30 202
leaf_count=4411 152 263 267 265 26 137 396 51 39 24 29 232 27 269 146 223 38 41 48 20 243 246 27 232 89 20 120 24 30 202
internal_value=7.71234e-09 7.01579 -3.1002 4.59953 9.64741 0.162475 -3.76196 5.83783 8.47704 3.26463 1.29093 11.1726 6.82962 -0.761766 5.16216 9.28608 9.59891 7.78109 8.04232 6.44923 1.00182 10.5963 10.7781 2.86028 2.41437 7.90222 4.40306 3.27198 3.15302 6.54911
internal_weight=8337 2555 5782 1332 1223 975 4807 691 692 641 439 531 280 536 411 320 261 372 311 61 380 299 273 473 241 59 168 48 59 253
internal_count=8337 2555 5782 1332 1223 975 4807 691 692 641 439 531 280 536 411 320 261 372 311 61 380 299 273 473 241 59 168 48 59 253
is_linear=0
shrinkage=0.05


Tree=22
num_leaves=31
num_cat=0
split_feature=4 4 6 4 1 6 6 4 1 1 8 3 1 5 4 5 6 6 6 6 6 4 3 0 0 8 4 6 4 4
split_gain=6.5466e+07 7.35039e+06 2.89932e+06 1.02088e+06 864477 210250 190324 186168 173095 135235 106030 70080.5 75383.6 69734.6 63104.3 62533.9 54949.9 52709.6 45644.7 44951.8 39703 39426.8 37674.2 33719.5 32862 32413.9 32338.1 42744.4 31679.9 29783
threshold=289.50000000000006 596.50000000000011 101.50000000000001 787.50000000000011 476.50000000000006 720.50000000000011 210.50000000000003 392.50000000000006 39.500000000000007 605.50000000000011 4.5000000000000009 97.500000000000014 701.50000000000011 99.500000000000014 879.50000000000011 99.500000000000014 804.50000000000011 365.50000000000006 539.50000000000011 435.50000000000006 278.50000000000006 136.50000000000003 3.5000000000000004 19.650000000000002 19.750000000000004 10.500000000000002 678.50000000000011 542.50000000000011 813.50000000000011 469.50000000000006
decision_type=2 2 2 2 2 2 2 2 2 2 2 2 2 2 2 2 2 2 2 2 2 2 2 2 2 2 2 2 2 2
left_child=2 4 8 5 7 11 21 17 -1 18 28 12 26 16 -12 -11 -7 -2 -6 -9 -8 -4 -14 -22 -21 -25 27 -3 -5 -20
right_child=1 3 6 10 9 13 20 19 -10 15 14 -13 22 -15 -16 -17 -18 -19 29 24 23 -23 -24 25 -26 -27 -28 -29 -30 -31
leaf_value=-3.6865782416926738 1.4151598691348442 4.413884098633476 -1.7890798744402436 7.7908482190101385 4.2694443108780042 8.430796288570642 0.0013792138896826516 2.989646016739187 -2.5819315963381317 6.9531576907048462 10.288871413586186 4.7048624689831877 7.5480097283257379 5.9072945967964507 11.454774810003004 4.4998229942538526 10.001050616673062 2.5089002783865659 3.9434635824627353 5.0143530271947387 0.16428154208838489 -0.7679362473368645 9.7722201260653421 1.0628279402371377 3.5605580662236074 3.2269571997225288 7.7460119001327019 6.6893557486842532 9.6365017285910994 5.5174306282630337
leaf_weight=4364 214 23 152 31 252 273 266 183 386 122 255 33 45 23 213 33 70 227 36 64 66 250 33 62 99 24 62 201 93 182
leaf_count=4364 214 23 152 31 252 273 266 183 386 122 255 33 45 23 213 33 70 227 36 64 66 250 33 62 99 24 62 201 93 182
internal_value=2.69338e-08 6.28631 -3.12284 8.91699 3.76183 7.70811 -0.377283 2.65932 -3.59681 5.15011 10.4751 6.91118 7.1112 8.57254 10.8195 6.43083 8.75126 1.97815 4.72774 3.52751 0.369741 -1.15404 8.48902 1.01437 4.13137 1.66677 6.73543 6.45571 9.17509 5.25751
internal_weight=8337 2767 5570 1355 1412 763 820 787 4750 625 592 397 364 366 468 155 343 441 470 346 418 402 78 152 163 86 286 224 124 218
internal_count=8337 2767 5570 1355 1412 763 820 787 4750 625 592 397 364 366 468 155 343 441 470 346 418 402 78 152 163 86 286 224 124 218
is_linear=0
shrinkage=0.05


Tree=23
num_leaves=31
num_cat=0
split_feature=4 6 6 4 4 4 1 6 4 4 2 1 6 5 6 1 8 0 3 1 0 4 5 1 6 4 2 1 0 6
split_gain=5.91046e+07 5.12265e+06 4.3127e+06 844409 549230 298089 296753 132487 109185 107603 99597.1 112758 73988 68411 64093.3 57347.2 56068.9 55807.3 54907 50753.1 40134.5 40031.6 32900.7 31281.2 31107.4 29705.5 28872.2 28383.5 27349.8 25512
threshold=344.50000000000006 626.50000000000011 136.50000000000003 771.50000000000011 479.50000000000006 246.50000000000003 58.500000000000007 738.50000000000011 845.50000000000011 576.50000000000011 38.500000000000007 688.50000000000011 442.50000000000006 88.500000000000014 320.50000000000006 753.50000000000011 4.5000000000000009 26.150000000000002 10.500000000000002 213.50000000000003 29.250000000000004 5.5000000000000009 98.500000000000014 753.50000000000011 841.00000000000011 678.50000000000011 50.500000000000007 423.50000000000006 16.550000000000004 875.50000000000011
decision_type=2 2 2 2 2 2 2 2 2 2 2 2 2 2 2 2 2 2 2 2 2 2 2 2 2 2 2 2 2 2
left_child=2 4 6 7 12 19 21 13 29 17 -11 -12 -2 15 28 25 23 22 -15 -4 -10 -1 -6 -9 -18 -3 -14 -16 -7 -5
right_child=1 3 5 8 9 14 -8 16 20 10 11 -13 26 18 27 -17 24 -19 -20 -21 -22 -23 -24 -25 -26 -27 -28 -29 -30 -31
leaf_value=-3.5314560179122729 2.5330393802957958 6.474484400395994 -0.89721752776671515 8.7925463641501231 4.360135733427378 -0.31361003831333045 -1.983441259004489 7.9894219360351562 9.850409892587102 2.9040663014287538 5.8623790429986045 9.2011552810668942 2.7286821982899649 6.4919512649377182 1.6564076162171812 9.5718026542663583 8.2689182413822149 5.4303770825159638 2.9447179174423219 0.080552402779853094 10.886074099173912 -3.0425603638879748 2.3388075069947676 5.5759656322413482 10.043613747188024 7.4900829986289699 3.9900656938216112 3.0787809238168933 1.0426313245644818 9.974463812510173
leaf_weight=4049 364 216 291 191 237 49 357 25 170 23 161 30 61 24 159 20 209 139 20 244 208 467 22 29 28 108 177 45 154 60
leaf_count=4049 364 216 291 191 237 49 357 25 170 23 161 30 61 24 159 20 209 139 20 244 208 467 22 29 28 108 177 45 154 60
internal_value=3.88602e-09 6.39261 -2.77251 8.56356 4.05356 0.324498 -3.37119 7.34082 9.88349 5.10833 6.01248 6.38679 2.98126 6.73597 1.34426 6.97341 8.1473 4.62218 4.87957 -0.451281 10.4203 -3.4809 4.18844 6.69331 8.47859 6.81302 3.66677 1.97017 0.715263 9.07508
internal_weight=8337 2522 5815 1308 1214 942 4873 679 629 612 214 191 602 388 407 344 291 398 44 535 378 4516 259 54 237 324 238 204 203 251
internal_count=8337 2522 5815 1308 1214 942 4873 679 629 612 214 191 602 388 407 344 291 398 44 535 378 4516 259 54 237 324 238 204 203 251
is_linear=0
shrinkage=0.05


Tree=24
num_leaves=31
num_cat=0
split_feature=4 6 4 4 4 4 4 1 6 4 4 5 1 8 4 1 6 0 0 0 6 0 2 5 6 1 4 1 8 6
split_gain=5.33419e+07 4.6232e+06 3.90283e+06 762079 496446 275791 260787 134975 119593 98539.5 67506 59287.7 56864.6 54927.1 51229.4 50364.4 45802.4 42229.3 37177.6 33394.4 33130.1 33017.3 31497.9 54618.9 31665.5 30668.6 29591.9 27099.6 27089.8 26020.3
threshold=344.50000000000006 626.50000000000011 127.50000000000001 771.50000000000011 522.50000000000011 260.50000000000006 53.500000000000007 465.50000000000006 742.50000000000011 845.50000000000011 681.50000000000011 88.500000000000014 745.50000000000011 4.5000000000000009 206.00000000000003 701.50000000000011 365.50000000000006 25.150000000000002 24.550000000000004 26.050000000000004 6.5000000000000009 23.950000000000003 50.500000000000007 49.500000000000007 450.50000000000006 142.50000000000003 918.50000000000011 753.50000000000011 4.5000000000000009 841.00000000000011
decision_type=2 2 2 2 2 2 2 2 2 2 2 2 2 2 2 2 2 2 2 2 2 2 2 2 2 2 2 2 2 2
left_child=2 4 6 8 7 14 20 22 11 -5 17 12 -3 27 -4 -13 -7 -6 21 -9 -1 -11 23 -2 -24 -8 -20 -10 -16 -15
right_child=1 3 5 9 10 16 25 19 13 18 -12 15 -14 29 28 -17 -18 -19 26 -21 -22 -23 24 -25 -26 -27 -28 -29 -30 -31
leaf_value=-3.3539182917620942 2.4230899779772272 6.4439425035488389 -0.74553152966397496 8.621322541787805 4.6117346884558605 0.99376088846474886 -2.0952332106279208 3.4582210225866024 7.5685226122538261 9.5435826178158027 7.129212819962274 6.3486365110977836 8.6849095129197647 7.9119756165815858 -0.68757249727965375 3.0023508722131904 2.190140790641308 5.6948020418485008 9.8451373866347023 4.5031925179880039 -2.8948232966455922 7.3295985358101987 2.5482716048338663 -0.19515921211242676 3.6419265766035434 -0.7145202991755113 10.956665184792508 5.2971673069329102 0.53147542611804122 9.5414330482482921
leaf_weight=4067 98 326 353 251 240 240 320 173 24 85 42 23 31 196 62 22 120 144 183 137 435 21 267 25 88 46 89 29 172 28
leaf_count=4067 98 326 353 251 240 240 320 173 24 85 42 23 31 196 62 22 120 144 183 137 435 21 267 25 88 46 89 29 172 28
internal_value=-2.77227e-09 6.07298 -2.63389 8.13538 3.85088 0.30299 -3.20521 3.10745 6.97378 9.38932 5.22604 6.42295 6.63854 7.77318 -0.365227 4.71267 1.39255 5.01788 9.89928 3.92003 -3.30956 9.10496 2.58046 1.89093 2.81937 -1.9217 10.2088 6.32571 0.20848 8.11566
internal_weight=8337 2522 5815 1308 1214 947 4868 788 679 629 426 402 357 277 587 45 360 384 378 310 4502 106 478 123 355 366 272 53 234 224
internal_count=8337 2522 5815 1308 1214 947 4868 788 679 629 426 402 357 277 587 45 360 384 378 310 4502 106 478 123 355 366 272 53 234 224
is_linear=0
shrinkage=0.05


Tree=25
num_leaves=31
num_cat=0
split_feature=4 4 4 4 4 4 1 6 8 1 1 6 3 5 1 1 1 6 8 8 3 5 8 3 2 4 6 4 6 1
split_gain=4.81429e+07 5.40963e+06 2.14041e+06 752475 641518 189410 155304 151691 86107.6 82596.6 79898.2 71023.8 61038.8 60694.8 60242.5 49868 49812.2 45144.7 35624 43387.7 34295.8 30367.6 30826.4 29331.3 27979.5 26740.6 26295.8 26243.3 36142.3 24898
threshold=289.50000000000006 596.50000000000011 84.500000000000014 787.50000000000011 422.50000000000006 175.50000000000003 605.50000000000011 720.50000000000011 4.5000000000000009 404.50000000000006 16.500000000000004 511.50000000000006 97.500000000000014 99.500000000000014 701.50000000000011 274.50000000000006 902.50000000000011 804.50000000000011 4.5000000000000009 5.5000000000000009 3.5000000000000004 96.500000000000014 9.5000000000000018 12.500000000000002 38.500000000000007 813.50000000000011 147.50000000000003 681.50000000000011 535.50000000000011 535.50000000000011
decision_type=2 2 2 2 2 2 2 2 2 2 2 2 2 2 2 2 2 2 2 2 2 2 2 2 2 2 2 2 2 2
left_child=2 4 10 7 9 26 11 12 25 -2 -1 24 14 17 27 -7 -10 -9 23 -20 -16 22 -13 -8 -6 -5 -4 28 -3 -26
right_child=1 3 5 8 6 15 18 13 16 -11 -12 21 -14 -15 20 -17 -18 -19 19 -21 -22 -23 -24 -25 29 -27 -28 -29 -30 -31
leaf_value=-3.1794364205218764 1.5557555972930233 3.5229285120964051 -1.6174703969160718 6.5420403757402985 2.0133239037649973 -0.10680023186623233 5.6373406866322391 7.220274029328273 8.8422480790904086 2.7457579013164537 -2.502731275313689 4.8927142319878989 3.8737720735145338 4.8575073573900305 6.4533920923868822 1.0119315679055931 9.8825120813706349 8.6435528618948805 7.8552486437338374 5.5258557657142742 8.5755342078931402 2.5261588549613956 3.733699210533282 3.019211120605469 3.3581242737090538 8.2377204054145405 -0.80026251954691752 6.7878358373102152 5.7459868892257759 4.8489422582810926
leaf_weight=4181 379 20 225 31 35 365 23 273 264 237 487 191 33 23 45 137 204 70 27 77 33 20 82 20 290 93 175 53 213 31
leaf_count=4181 379 20 225 31 35 365 23 273 264 237 487 191 33 23 45 137 204 70 27 77 33 20 82 20 290 93 175 53 213 31
internal_value=4.14708e-08 5.39081 -2.67799 7.64763 3.2251 -0.448253 4.16264 6.60976 8.9853 2.0136 -3.10884 3.83025 5.93284 7.34401 6.11952 0.198511 9.2957 7.51074 5.63011 6.1306 7.35122 4.40681 4.54459 4.41961 3.35573 7.8138 -1.25994 5.7836 5.55517 3.5021
internal_weight=8337 2767 5570 1355 1412 902 796 763 592 616 4668 649 397 366 364 502 468 343 147 104 78 293 273 43 356 124 400 286 233 321
internal_count=8337 2767 5570 1355 1412 902 796 763 592 616 4668 649 397 366 364 502 468 343 147 104 78 293 273 43 356 124 400 286 233 321
is_linear=0
shrinkage=0.05


Tree=26
num_leaves=31
num_cat=0
split_feature=4 6 4 4 4 4 1 6 4 4 2 1 6 5 1 8 1 6 0 6 6 1 8 5 2 3 6 4 0 4
split_gain=4.34696e+07 3.76756e+06 3.1742e+06 619698 408278 224384 214297 99063.6 84095.6 80967.1 89821.8 89333.7 54435.5 52046.4 48908 46874.5 45237.4 43117.4 42441.1 39303.3 38915.9 29805.4 28506.6 28377.6 27999 24266.2 22736.3 22313.9 21932 30329
threshold=344.50000000000006 626.50000000000011 127.50000000000001 771.50000000000011 479.50000000000006 260.50000000000006 51.500000000000007 742.50000000000011 883.50000000000011 576.50000000000011 38.500000000000007 688.50000000000011 450.50000000000006 88.500000000000014 745.50000000000011 4.5000000000000009 701.50000000000011 238.50000000000003 26.150000000000002 345.50000000000006 879.50000000000011 142.50000000000003 2.5000000000000004 98.500000000000014 50.500000000000007 47.500000000000007 856.50000000000011 678.50000000000011 26.050000000000004 431.50000000000006
decision_type=2 2 2 2 2 2 2 2 2 2 2 2 2 2 2 2 2 2 2 2 2 2 2 2 2 2 2 2 2 2
left_child=2 4 6 7 12 17 -1 13 20 18 -11 -12 28 14 27 25 -15 -4 23 -7 -5 -8 -19 -6 -14 -9 -17 -3 29 -2
right_child=1 3 5 8 9 19 21 15 -10 10 11 -13 24 16 -16 26 -18 22 -20 -21 -22 -23 -24 -25 -26 -27 -28 -29 -30 -31
leaf_value=-2.9948749767361789 1.6253383726789263 5.5236036937907 -0.60432313624056477 7.6932132724492526 3.7452174892656913 0.80706539396017518 -1.9646416359090357 6.5882642007643177 9.2389042165081587 2.2180878846541696 5.0587150440453001 8.0305225690205884 2.1893257670656401 5.7432851977970287 7.8950638924875562 7.1827958019340743 2.5718937787142671 -1.2540684481461843 4.6688081436020008 1.8648138291741674 8.744089542090439 -0.64075790445009873 0.6062896572310349 1.8679676020687279 3.5000218291598628 4.4169810392639857 8.9493353843688972 6.4004493809621268 2.754190764707678 2.8637693881988526
leaf_weight=4448 197 217 418 269 237 208 372 31 229 23 161 30 54 23 31 204 22 24 139 152 131 48 145 22 166 22 20 109 119 66
leaf_count=4448 197 217 418 269 237 208 372 31 229 23 161 30 54 23 31 204 22 24 139 152 131 48 145 22 166 22 20 109 119 66
internal_value=1.72159e-08 5.48227 -2.37769 7.34407 3.47631 0.270886 -2.89293 6.29659 8.47482 4.38572 5.17002 5.52549 2.55179 5.79526 5.99725 7.02414 4.19283 -0.331844 3.96401 1.25367 8.03738 -1.81334 0.342097 3.58576 3.17831 5.68698 7.34052 5.81678 2.19097 1.93612
internal_weight=8337 2522 5815 1308 1214 947 4868 679 629 612 214 191 602 402 357 277 45 587 398 360 400 420 169 259 220 53 224 326 382 263
internal_count=8337 2522 5815 1308 1214 947 4868 679 629 612 214 191 602 402 357 277 45 587 398 360 400 420 169 259 220 53 224 326 382 263
is_linear=0
shrinkage=0.05


Tree=27
num_leaves=31
num_cat=0
split_feature=4 6 6 4 4 1 1 4 1 2 4 5 4 6 5 4 6 8 1 0 0 0 0 1 0 2 4 5 4 2
split_gain=3.92313e+07 3.40023e+06 2.86573e+06 560158 372431 203401 198147 144561 100817 58448.4 116813 95624.5 55800 49510.5 53997.2 39214.5 36988.1 36416.4 48896 33101 31752.3 31629.7 30988.9 30934.7 30201.5 28996.3 28195.9 32114.3 27822.8 26924
threshold=344.50000000000006 626.50000000000011 136.50000000000003 817.50000000000011 522.50000000000011 274.50000000000006 58.500000000000007 711.50000000000011 465.50000000000006 38.500000000000007 681.50000000000011 7.5000000000000009 192.50000000000003 430.50000000000006 99.500000000000014 933.50000000000011 735.50000000000011 4.5000000000000009 853.50000000000011 24.250000000000004 20.250000000000004 24.550000000000004 17.550000000000004 621.50000000000011 20.250000000000004 39.500000000000007 551.50000000000011 82.500000000000014 4.5000000000000009 50.500000000000007
decision_type=2 2 2 2 2 2 2 2 2 2 2 2 2 2 2 2 2 2 2 2 2 2 2 2 2 2 2 2 2 2
left_child=2 4 6 7 8 12 28 16 29 11 22 -6 -4 24 -15 21 26 19 -19 20 -9 -5 -11 -24 -7 -10 27 -3 -1 -2
right_child=1 3 5 15 9 13 -8 17 25 10 -12 -13 -14 14 -16 -17 -18 18 -20 -21 -22 -23 23 -25 -26 -27 -28 -29 -30 -31
leaf_value=-2.8798698986500919 1.5656208185887919 5.4435100555419922 -0.85128648043132105 7.4417944554929383 4.6876465335969 0.35615808544680477 -1.6128408104765652 5.6845561014978507 2.0670978571239274 3.5346600672132094 7.4195731057061103 0.31780447030351278 0.1324426573606319 4.1693524431299283 1.1543171282970544 9.3970286430456706 6.2925634348570414 6.8994496483314522 8.6964624231511891 4.2532739457629978 8.0714347319169484 8.4505740699354917 4.4340130972972114 5.8744931877983948 1.3704801515091298 3.5416026976178672 5.4837693054310606 2.6439698982238773 -2.4815464869747319 2.4240160299769382
leaf_weight=4024 123 21 263 108 31 128 357 38 38 76 36 21 319 27 33 78 134 271 44 21 22 277 217 45 172 272 274 20 492 355
leaf_count=4024 123 21 263 108 31 128 357 38 38 76 36 21 319 27 33 78 134 271 44 21 22 277 217 45 172 272 274 20 492 355
internal_value=-3.27532e-08 5.20815 -2.25881 6.97686 3.30249 0.26575 -2.74683 6.21094 2.65858 4.49357 4.71196 2.9229 -0.312095 1.19993 2.51108 8.37471 5.59677 6.90732 7.15046 5.96177 6.55974 8.16759 4.42357 4.68142 0.937703 3.36086 5.30078 4.07788 -2.83647 2.20313
internal_weight=8337 2522 5815 1308 1214 942 4873 845 788 426 374 52 582 360 60 463 449 396 315 81 60 385 338 262 300 310 315 41 4516 478
internal_count=8337 2522 5815 1308 1214 942 4873 845 788 426 374 52 582 360 60 463 449 396 315 81 60 385 338 262 300 310 315 41 4516 478
is_linear=0
shrinkage=0.05


Tree=28
num_leaves=31
num_cat=0
split_feature=4 4 4 4 1 4 6 4 1 8 1 5 5 4 0 4 1 5 6 6 3 0 4 3 0 4 5 0 3 6
split_gain=3.54107e+07 3.96923e+06 1.57823e+06 557006 480530 150299 110887 108423 77467.7 68930.6 51523.6 47177.4 46569.9 41886.7 41293.6 40024.9 38396.4 35284.4 33092.9 29888.5 40458.8 45782.4 27712.4 33738.7 28928 27327.5 26822.9 26335.1 25491.2 25210
threshold=289.50000000000006 596.50000000000011 80.500000000000014 787.50000000000011 476.50000000000006 178.50000000000003 738.50000000000011 392.50000000000006 605.50000000000011 4.5000000000000009 14.500000000000002 99.500000000000014 84.500000000000014 678.50000000000011 26.050000000000004 916.50000000000011 274.50000000000006 99.500000000000014 804.50000000000011 592.50000000000011 94.500000000000014 15.950000000000001 497.50000000000006 20.500000000000004 18.950000000000003 508.50000000000006 37.500000000000007 27.050000000000004 47.500000000000007 180.50000000000003
decision_type=2 2 2 2 2 2 2 2 2 2 2 2 2 2 2 2 2 2 2 2 2 2 2 2 2 2 2 2 2 2
left_child=2 4 10 6 7 29 12 14 19 -5 -1 -10 13 26 28 -11 -7 18 -8 20 21 -6 23 24 -23 -9 27 -3 -2 -4
right_child=1 3 5 9 8 16 17 25 11 15 -12 -13 -14 -15 -16 -17 -18 -19 -20 -21 -22 22 -24 -25 -26 -27 -28 -29 -30 -31
leaf_value=-2.7293691664977207 0.77143560001812883 4.0325626765718994 -1.2948397900280826 6.6592101850817293 1.4448528263441942 -0.076229550521185796 6.2247765682439891 2.4156079075590444 5.2262783269413191 7.7044246754451109 -2.1882451687886464 3.0953637860038068 3.4566621780395508 5.963547710343903 2.1471226455521411 8.7468851269237575 0.92098544715042407 4.3980313369206021 7.4689474582672126 4.3843825685513487 1.1718839645385744 0.97040140061151414 3.9828419062076139 4.3502436637878423 3.0250170287265572 3.6308993404561827 5.5897430602540368 5.3483002334344585 1.7365308683652145 -0.41231327681480168
leaf_weight=4154 200 101 332 124 27 352 226 291 122 342 492 33 37 153 137 126 133 21 70 77 21 21 192 39 93 55 94 61 104 107
leaf_count=4154 200 101 332 124 27 352 226 291 122 342 492 33 37 153 137 126 133 21 70 77 21 21 192 39 93 55 94 61 104 107
internal_value=7.65811e-09 4.62333 -2.29673 6.55649 2.76822 -0.409465 5.66353 1.94623 3.80327 7.70737 -2.67207 4.7726 5.15536 5.30903 1.4264 7.98509 0.197234 6.3785 6.51901 3.48359 3.3071 3.42764 3.58281 3.08081 2.64654 2.60879 4.91786 4.52799 1.1016 -1.07974
internal_weight=8337 2767 5570 1355 1412 924 763 787 625 592 4646 155 446 409 441 468 485 317 296 470 393 372 345 153 114 346 256 162 304 439
internal_count=8337 2767 5570 1355 1412 924 763 787 625 592 4646 155 446 409 441 468 485 317 296 470 393 372 345 153 114 346 256 162 304 439
is_linear=0
shrinkage=0.05


Tree=29
num_leaves=31
num_cat=0
split_feature=4 6 4 4 4 4 4 4 6 2 4 5 2 3 8 1 0 3 1 0 5 6 6 4 0 1 0 4 5 0
split_gain=3.19627e+07 2.77622e+06 2.34076e+06 459936 301848 168424 158907 116026 82469.2 52019.5 98198.5 85921 38822.9 40881.1 34292 46089 33977.3 33319.8 40822.7 32957 32353 39796 30745.5 26944.8 26458.7 26735.8 24312 23966.5 27560.7 22586.4
threshold=344.50000000000006 626.50000000000011 127.50000000000001 817.50000000000011 522.50000000000011 260.50000000000006 57.500000000000007 711.50000000000011 439.50000000000006 38.500000000000007 681.50000000000011 7.5000000000000009 49.500000000000007 16.500000000000004 4.5000000000000009 258.50000000000006 24.550000000000004 27.500000000000004 426.50000000000006 20.350000000000005 93.500000000000014 833.50000000000011 735.50000000000011 922.50000000000011 17.550000000000004 631.50000000000011 23.950000000000003 551.50000000000011 82.500000000000014 16.150000000000002
decision_type=2 2 2 2 2 2 2 2 2 2 2 2 2 2 2 2 2 2 2 2 2 2 2 2 2 2 2 2 2 2
left_child=2 4 6 7 8 14 -1 22 -2 11 24 -6 13 -10 -4 -16 26 19 29 -7 21 -9 27 -18 -11 -26 -5 28 -3 -19
right_child=1 3 5 16 9 17 -8 20 12 10 -12 -13 -14 -15 15 -17 23 18 -20 -21 -22 -23 -24 -25 25 -27 -28 -29 -30 -31
leaf_value=-2.5602040594772721 1.8773536896072522 4.9227263223557252 -0.88762696803762364 7.2056558546030303 4.242373257298623 -0.11382526564292419 -1.4469495534680892 6.0882895696920691 2.6810410059349881 3.1715779649583919 6.7398866017659502 0.10017584562301636 3.179564059937471 0.42047861984797885 -0.3127742627957763 0.98047764777452096 7.5867810457944875 0.20395107756961478 3.5361753368377684 1.1547496234610577 4.449741830428442 7.3904485101569195 5.689296896777936 8.6535351294975786 4.0428122473281363 5.5853244423866277 5.4433021704355875 4.9537794301979732 2.3292489928007125 1.7736557475725812
leaf_weight=4523 386 21 169 106 31 78 345 299 70 76 36 21 304 28 331 87 256 33 25 149 24 73 134 77 230 32 24 274 20 75
leaf_count=4523 386 21 169 106 31 78 345 299 70 76 36 21 304 28 331 87 256 33 25 149 24 73 134 77 230 32 24 274 20 75
internal_value=2.89724e-08 4.70099 -2.03885 6.29919 2.97905 0.235589 -2.48131 5.60516 2.39936 4.05134 4.25736 2.56956 2.90058 2.03517 -0.286603 -0.0436046 7.56582 1.08705 1.71548 0.718852 6.22903 6.34382 5.05493 7.83345 3.99295 4.23121 6.8803 4.78507 3.65762 1.29402
internal_weight=8337 2522 5815 1308 1214 947 4868 845 788 426 374 52 402 98 587 418 463 360 133 227 396 372 449 333 338 262 130 315 41 108
internal_count=8337 2522 5815 1308 1214 947 4868 845 788 426 374 52 402 98 587 418 463 360 133 227 396 372 449 333 338 262 130 315 41 108
is_linear=0
shrinkage=0.05


Tree=30
num_leaves=31
num_cat=0
split_feature=4 4 6 4 1 6 4 4 6 0 1 2 5 1 5 4 0 1 0 2 3 0 6 8 3 5 8 4 4 2
split_gain=2.88527e+07 3.22799e+06 1.28602e+06 457495 397176 113591 101832 91639.7 78605.4 58974.5 58101 54278.5 110990 73517.5 41357.8 40513 37771.8 35874.3 33621.8 28977.1 44728.8 26687.8 26608.5 26000.5 26690.8 34766.3 25972.4 24988.1 23662.3 23043.3
threshold=289.50000000000006 596.50000000000011 101.50000000000001 817.50000000000011 484.50000000000006 745.50000000000011 392.50000000000006 214.50000000000003 22.500000000000004 19.950000000000003 605.50000000000011 36.500000000000007 27.500000000000004 753.50000000000011 99.500000000000014 678.50000000000011 26.050000000000004 194.50000000000003 24.550000000000004 39.500000000000007 1.0000000180025095e-35 26.950000000000003 833.50000000000011 2.5000000000000004 18.500000000000004 78.500000000000014 7.5000000000000009 947.50000000000011 540.50000000000011 73.500000000000014
decision_type=2 2 2 2 2 2 2 2 2 2 2 2 2 2 2 2 2 2 2 2 2 2 2 2 2 2 2 2 2 2
left_child=2 4 8 5 6 11 16 17 -1 -7 19 12 -3 15 -12 21 -2 -4 -5 20 -6 -13 -11 28 25 -25 -26 -20 -21 -8
right_child=1 3 7 18 10 9 29 -9 -10 22 14 13 -14 -15 -16 -17 -18 -19 27 23 -22 -23 -24 24 26 -27 -28 -29 -30 -31
leaf_value=-2.4589153466783937 0.96739220993191588 4.8491251659393315 -0.98039877911057305 6.5076420237036317 3.2840200010098912 3.6687041797808244 2.2480275895815711 0.4404313921319698 -1.7984686658614213 5.8062694619171813 4.7473650998756538 3.8897251136138524 0.28725854873657231 6.8703040599823 2.7522065186139311 5.3816927813149835 1.963817983088286 -0.12039257673432634 7.3119575091331246 1.6517317351542022 0.56086559207737452 4.9546509569341488 6.8013616824417973 3.4716955470208504 5.6230324158301723 1.3781035184860231 3.7262256181846234 8.8979046009205014 3.6323785324096685 3.4419085834337317
leaf_weight=4246 306 40 318 136 38 28 333 306 504 274 122 145 20 44 33 143 138 196 310 38 25 99 89 201 26 22 59 27 25 46
leaf_count=4246 306 40 318 136 38 28 333 306 504 274 122 145 20 44 33 143 138 196 310 38 25 99 89 201 26 22 59 27 25 46
internal_value=1.67342e-08 4.17332 -2.07317 5.91665 2.50037 5.24384 1.79095 -0.244624 -2.38884 5.8797 3.49162 4.73749 3.3285 4.93363 4.32259 4.71344 1.27709 -0.652459 7.17123 3.19485 2.2034 4.32181 6.05025 3.36321 3.55252 3.26515 4.30643 7.43902 2.4377 2.39293
internal_weight=8337 2767 5570 1355 1412 882 823 820 4750 391 589 491 60 431 155 387 444 514 473 434 63 244 363 371 308 223 85 337 63 379
internal_count=8337 2767 5570 1355 1412 882 823 820 4750 391 589 491 60 431 155 387 444 514 473 434 63 244 363 371 308 223 85 337 63 379
is_linear=0
shrinkage=0.05


Tree=31
num_leaves=31
num_cat=0
split_feature=4 6 1 4 4 6 1 6 6 6 5 4 4 0 0 2 4 6 1 1 5 0 2 5 4 1 0 6 5 0
split_gain=2.60439e+07 2.35072e+06 1.80541e+06 326505 321023 178977 86009.5 74112.2 72043.9 55029.9 51370.8 47993.5 34217.1 33279.3 49765.8 29666.9 29159.2 28699.2 27954.8 26283.8 26314.4 29949.3 26075.3 48803.8 26072 25505.1 25286.8 22832.4 22361.7 21923.4
threshold=335.50000000000006 645.50000000000011 101.50000000000001 522.50000000000011 817.50000000000011 247.50000000000003 465.50000000000006 766.50000000000011 43.500000000000007 430.50000000000006 94.500000000000014 753.50000000000011 162.50000000000003 27.250000000000004 24.450000000000003 57.500000000000007 909.00000000000011 387.50000000000006 726.50000000000011 596.50000000000011 77.500000000000014 17.350000000000005 50.500000000000007 49.500000000000007 569.50000000000011 535.50000000000011 20.250000000000004 859.50000000000011 36.500000000000007 17.550000000000004
decision_type=2 2 2 2 2 2 2 2 2 2 2 2 2 2 2 2 2 2 2 2 2 2 2 2 2 2 2 2 2 2
left_child=2 3 8 6 7 12 22 13 -1 26 27 17 -4 14 24 -11 28 -5 -16 20 21 -8 23 -2 -3 -22 -7 -9 -6 -19
right_child=1 4 5 11 16 9 19 10 -10 15 -12 -13 -14 -15 18 -17 -18 29 -20 -21 25 -23 -24 -25 -26 -27 -28 -29 -30 -31
leaf_value=-2.324937450576209 1.6557543734709423 3.2660968911918733 -0.98283087971991279 1.9574726872146131 6.2221496839912573 0.088385323332383858 1.3417256677459026 5.7728542774915699 -1.5910656045237301 3.3989185933555874 3.8959226395144606 5.8093979517618815 -0.20866605783464315 5.1924840441656333 3.882614455182674 1.1536310888105825 7.3800660078692593 2.9926745249003903 1.7583552746545701 4.0774280139378147 2.5448208616211496 3.0574009821610755 1.9506316678095903 -0.63840121587117515 5.1242669296443912 0.25679866359347392 0.91379023583760421 6.9745252708594014 7.1155182374726742 3.8967381558826442
leaf_weight=4390 102 22 246 24 196 156 29 224 362 28 33 27 340 221 59 31 157 82 21 35 29 207 378 30 133 21 229 48 109 368
leaf_count=4390 102 22 246 24 196 156 29 224 362 28 33 27 340 221 59 31 157 82 21 35 29 207 378 30 133 21 229 48 109 368
internal_value=2.4071e-08 4.20399 -1.85769 2.75075 5.78674 0.0400539 2.14292 5.15556 -2.26903 0.797249 5.75889 3.75895 -0.533657 4.75202 4.33779 2.21919 6.82641 3.64215 3.325 2.7841 2.62582 2.84658 1.73936 1.13436 4.86053 1.58385 0.57934 5.98491 6.54142 3.732
internal_weight=8337 2555 5782 1332 1223 1030 831 761 4752 444 305 501 586 456 235 59 462 474 80 321 286 236 510 132 155 50 385 272 305 450
internal_count=8337 2555 5782 1332 1223 1030 831 761 4752 444 305 501 586 456 235 59 462 474 80 321 286 236 510 132 155 50 385 272 305 450
is_linear=0
shrinkage=0.05


Tree=32
num_leaves=31
num_cat=0
split_feature=4 4 4 4 6 6 4 4 5 4 1 5 0 1 1 7 0 0 1 0 8 2 8 0 3 1 4 0 2 5
split_gain=2.35182e+07 2.63081e+06 1.05001e+06 371722 325136 106908 92554.9 72330.5 63946.5 44987.5 44316.4 39301.9 32619.8 31697 31635.6 31393.8 30031.5 29939.2 29805 26981.6 45156.3 25077.4 24391 23999 26244.3 22240.2 21676.4 20437.2 20184.4 30846.2
threshold=289.50000000000006 596.50000000000011 77.500000000000014 817.50000000000011 439.50000000000006 201.50000000000003 711.50000000000011 548.50000000000011 74.500000000000014 368.50000000000006 596.50000000000011 96.500000000000014 20.350000000000005 688.50000000000011 4.5000000000000009 13.500000000000002 26.950000000000003 24.550000000000004 841.00000000000011 19.650000000000002 10.500000000000002 46.500000000000007 9.5000000000000018 26.050000000000004 25.500000000000004 229.50000000000003 947.50000000000011 17.950000000000003 61.500000000000007 58.500000000000007
decision_type=2 2 2 2 2 2 2 2 2 2 2 2 2 2 2 2 2 2 2 2 2 2 2 2 2 2 2 2 2 2
left_child=2 4 14 6 9 25 16 10 18 23 11 21 -12 -9 -1 -13 28 -5 -8 -7 -21 22 -6 24 -2 -4 -19 -11 -3 -30
right_child=1 3 5 17 7 19 8 13 -10 27 12 15 -14 -15 -16 -17 -18 26 -20 20 -22 -23 -24 -25 -26 -27 -28 -29 29 -31
leaf_value=-2.2317792566684314 0.17876584467977588 3.5670027457750764 -0.933675528476551 5.8463373205241034 2.5112353391117521 -0.30868696859840195 5.2777630764648231 3.5297265882798059 3.3133747652957313 1.3080901474181204 2.1740532609132623 0.26606371542986701 4.2742277625948191 5.5784369593574894 -1.8406570181426471 2.4660936886264433 4.7052345879077917 6.6068861686029754 6.5079110540192708 0.27998560571244785 2.3291055035591124 2.8311155143357927 0.7516248979876119 1.662295043028214 1.297432556811132 0.76884556889533995 8.0840061329029229 2.1212782526597747 3.762874782936914 5.6550607436043876
leaf_weight=4034 117 169 469 136 54 165 326 187 38 124 26 34 64 21 593 31 200 310 58 259 30 335 31 88 95 20 27 205 56 35
leaf_count=4034 117 169 469 136 54 165 326 187 38 124 26 34 64 21 593 31 200 310 58 259 30 335 31 88 95 20 27 205 56 35
internal_value=-1.49859e-08 3.76782 -1.87174 5.34165 2.25753 -0.351072 4.73519 2.93756 5.26995 1.411 2.64852 2.45943 3.66751 3.73657 -2.18165 1.31531 4.24461 6.47253 5.46357 0.201445 0.492697 2.6365 1.8695 0.968179 0.680055 -0.864043 6.72523 1.81479 3.89028 4.49064
internal_weight=8337 2767 5570 1355 1412 943 882 783 422 629 575 485 90 208 4627 65 460 473 384 454 289 420 85 300 212 489 337 329 260 91
internal_count=8337 2767 5570 1355 1412 943 882 783 422 629 575 485 90 208 4627 65 460 473 384 454 289 420 85 300 212 489 337 329 260 91
is_linear=0
shrinkage=0.05


Tree=33
num_leaves=31
num_cat=0
split_feature=4 6 4 4 4 6 4 6 1 2 5 1 5 0 8 3 0 2 4 6 0 0 4 1 4 1 5 5 4 0
split_gain=2.12263e+07 2.41524e+06 906837 413377 260140 92117.1 73203.4 62435.5 54451.5 43264.1 80279.7 64128.8 42696.7 36582.9 34243.4 61810.1 30534.8 29932.4 28830.7 28110.8 27883.7 45011.5 27557.6 25971.4 25858 24705.5 22864.5 21385.8 20969.3 19619.6
threshold=283.50000000000006 645.50000000000011 77.500000000000014 457.50000000000006 817.50000000000011 201.50000000000003 548.50000000000011 766.50000000000011 391.50000000000006 40.500000000000007 15.500000000000002 742.50000000000011 94.500000000000014 18.750000000000004 3.5000000000000004 25.500000000000004 26.650000000000002 76.500000000000014 13.500000000000002 416.50000000000006 27.250000000000004 24.450000000000003 681.50000000000011 726.50000000000011 930.50000000000011 439.50000000000006 97.500000000000014 36.500000000000007 569.50000000000011 19.650000000000002
decision_type=2 2 2 2 2 2 2 2 2 2 2 2 2 2 2 2 2 2 2 2 2 2 2 2 2 2 2 2 2 2
left_child=2 3 18 8 7 -4 16 20 17 10 -8 22 -9 14 15 -10 26 -2 -1 29 21 28 -11 -23 27 -15 -5 -6 -3 -7
right_child=1 4 5 6 24 19 9 12 13 11 -12 -13 -14 25 -16 -17 -18 -19 -20 -21 -22 23 -24 -25 -26 -27 -28 -29 -30 -31
leaf_value=-2.1149827346507473 0.85112582445227813 3.0102244781411214 -0.83086676124150594 2.4491799111586499 5.7150103939481944 -0.40712862598312488 3.5910348514715831 5.4174838744542182 0.54066743007964557 3.4595247577320443 -0.0016356779181438943 6.5327034950256353 3.5130062652356702 1.7144062086362994 -0.14582824110984802 3.5007942479232264 3.2459974870208868 2.3681461215019226 -1.7052881833158109 1.7312835737510963 4.6912693984907676 3.482944937782773 5.1334876025164569 1.4354306584312804 6.9322867241772741 2.6490617511822627 0.9657244172589533 6.5197933586632333 4.6452880873715969 0.31814270025925406
leaf_weight=4148 336 23 487 249 251 143 48 272 45 275 23 20 33 155 38 29 121 36 479 27 221 59 27 21 88 130 29 123 133 268
leaf_count=4148 336 23 487 249 251 143 48 272 45 275 23 20 33 155 38 29 121 36 479 27 221 59 27 21 88 130 29 123 133 268
internal_value=2.94405e-08 3.56216 -1.78686 2.25832 5.225 -0.35767 3.06007 4.65742 1.43258 3.54443 2.42721 3.79077 5.21143 1.83986 1.07421 1.70072 2.583 0.997934 -2.07257 0.168465 4.28767 3.90973 3.60918 2.94547 6.16113 2.14074 2.29443 5.97969 4.40422 0.0657977
internal_weight=8337 2785 5552 1561 1224 925 792 762 769 393 71 322 305 397 112 74 399 372 4627 438 457 236 302 80 462 285 278 374 156 411
internal_count=8337 2785 5552 1561 1224 925 792 762 769 393 71 322 305 397 112 74 399 372 4627 438 457 236 302 80 462 285 278 374 156 411
is_linear=0
shrinkage=0.05


Tree=34
num_leaves=31
num_cat=0
split_feature=4 6 1 4 4 1 5 3 6 5 1 6 1 4 4 2 4 6 0 0 8 0 0 0 4 2 6 0 8 2
split_gain=1.91567e+07 2.18297e+06 820404 305582 280474 69934.3 60237.3 120549 58326.4 51989.3 65638.8 50928 47017.4 36162 30943.6 30785.2 30478.1 27239.2 26982.2 26564.1 33936.9 26108.8 25614.6 32162.3 23517.6 21021.6 20334 19356 15271.5 15229.1
threshold=283.50000000000006 626.50000000000011 87.500000000000014 457.50000000000006 771.50000000000011 233.50000000000003 99.500000000000014 25.500000000000004 766.50000000000011 92.500000000000014 616.50000000000011 426.50000000000006 925.50000000000011 17.500000000000004 933.50000000000011 61.500000000000007 162.50000000000003 492.50000000000006 26.250000000000004 19.650000000000002 10.500000000000002 24.950000000000003 24.550000000000004 24.050000000000004 701.50000000000011 75.500000000000014 413.50000000000006 15.550000000000002 8.5000000000000018 38.500000000000007
decision_type=2 2 2 2 2 2 2 2 2 2 2 2 2 2 2 2 2 2 2 2 2 2 2 2 2 2 2 2 2 2
left_child=2 3 13 11 6 16 8 -8 24 10 17 18 14 -1 22 -11 -4 29 25 -7 -21 -10 23 -6 -3 26 27 -2 -19 -5
right_child=1 4 5 9 12 19 7 -9 21 15 -12 -13 -14 -15 -16 -17 -18 28 -20 20 -22 -23 -24 -25 -26 -27 -28 -29 -30 -31
leaf_value=-2.0064794723105854 -0.024607647702379047 3.8042325238108265 -0.9324530467343406 0.97235739089193807 5.0612729862213142 -0.2857680561227931 4.4326049207072513 -0.093766328692436229 6.740877607594367 0.15395322016307289 4.1510254941088087 1.9594038046055264 6.453754479218933 -1.5483762052096428 7.1943267656409224 2.6864581562223893 -0.21510184043985248 3.2085927383399304 1.6549935949328765 0.4496895926085529 2.4054576490934081 4.903121316925553 5.5625738720802165 2.9017514419555663 4.5558564080820458 2.0815521355718376 -0.69452544988497444 1.0241297923575037 2.5388495288732398 2.3982106513026133
leaf_weight=4202 53 321 313 21 125 99 38 24 23 28 94 248 136 480 23 21 281 243 149 151 26 121 325 20 154 32 23 259 131 173
leaf_count=4202 53 321 313 21 125 99 38 24 23 28 94 248 136 480 23 21 281 243 149 151 26 121 325 20 154 32 23 259 131 173
internal_value=2.18476e-08 3.38406 -1.69751 2.06483 4.86945 -0.287526 4.16632 2.68046 4.31515 2.81084 2.92717 1.37056 5.6307 -1.95951 5.40365 1.23931 -0.5931 2.72463 1.08755 0.370123 0.736978 5.19665 5.31602 4.76341 4.04792 0.857169 0.740213 0.845979 2.974 2.24387
internal_weight=8337 2785 5552 1475 1310 870 681 62 619 711 662 764 629 4682 493 49 594 568 516 276 177 144 470 145 475 367 335 312 374 194
internal_count=8337 2785 5552 1475 1310 870 681 62 619 711 662 764 629 4682 493 49 594 568 516 276 177 144 470 145 475 367 335 312 374 194
is_linear=0
shrinkage=0.05


Tree=35
num_leaves=31
num_cat=0
split_feature=4 6 6 4 4 6 1 4 5 4 3 4 2 1 0 2 4 8 1 1 6 8 1 0 0 0 1 0 0 3
split_gain=1.73016e+07 1.51119e+06 1.27399e+06 248795 165127 95427.4 93250.9 63566.4 46129.8 70918.1 54625.2 32605.3 30857.8 28837.3 26185.7 24074.7 23190.7 22422.3 52264.6 51891.8 28161.6 22379.2 32258.5 26448.8 24725.1 22163.5 21301.4 21045.7 21524.6 27921.1
threshold=344.50000000000006 626.50000000000011 142.50000000000003 817.50000000000011 479.50000000000006 317.50000000000006 64.500000000000014 711.50000000000011 74.500000000000014 681.50000000000011 89.500000000000014 206.00000000000003 55.500000000000007 535.50000000000011 26.050000000000004 50.500000000000007 371.50000000000006 4.5000000000000009 753.50000000000011 772.50000000000011 688.50000000000011 4.5000000000000009 853.50000000000011 24.250000000000004 20.250000000000004 24.550000000000004 468.50000000000006 20.250000000000004 17.350000000000005 42.500000000000007
decision_type=2 2 2 2 2 2 2 2 2 2 2 2 2 2 2 2 2 2 2 2 2 2 2 2 2 2 2 2 2 2
left_child=2 4 6 7 14 11 -1 17 9 13 12 -4 -10 -6 15 -2 -17 18 20 -19 -3 23 -23 24 -9 -5 27 28 -7 -30
right_child=1 3 5 25 8 26 -8 21 10 -11 -12 -13 -14 -15 -16 16 -18 19 -20 -21 -22 22 -24 -25 -26 -27 -28 -29 29 -31
leaf_value=-1.8807055033794065 0.6976357994710698 2.8873657404272648 -0.47583734380517861 5.0157343082244585 2.3106863992451467 1.0105173755308676 -1.0163791474210684 3.6101310817818892 1.0941185669465499 5.0634608533647327 -0.66005488574504856 0.22438860460267956 3.6616735496520998 3.0774314439827855 2.0491896377355565 0.75132023485493848 1.8300047594706219 3.7316798638307511 1.1593937277793884 5.8536927983164793 4.5518559396266935 4.575865005918974 6.0354730909520935 2.3207019351777576 5.7163878700949935 5.7855487950929296 2.2292266368865969 1.3192648174947708 -1.590715883255005 0.74954808491926928
leaf_weight=4557 102 54 320 130 206 58 335 38 22 36 20 346 25 303 211 64 225 289 26 32 48 271 44 21 22 333 32 116 25 26
leaf_count=4557 102 54 320 130 206 58 335 38 22 36 20 346 25 303 211 64 225 289 26 32 48 271 44 21 22 333 32 116 25 26
internal_value=-2.86017e-08 3.45868 -1.50005 4.63781 2.18825 0.20376 -1.82152 4.12737 2.7666 2.9188 1.52853 -0.112056 2.45984 2.76712 1.60029 1.35804 1.59113 3.7201 3.16056 3.94322 3.67066 4.58914 4.77975 3.8479 4.38243 5.5694 1.02218 0.850511 0.351655 -0.39764
internal_weight=8337 2522 5815 1308 1214 923 4892 845 612 545 67 666 47 509 602 391 289 449 128 321 102 396 315 81 60 463 257 225 109 51
internal_count=8337 2522 5815 1308 1214 923 4892 845 612 545 67 666 47 509 602 391 289 449 128 321 102 396 315 81 60 463 257 225 109 51
is_linear=0
shrinkage=0.05


Tree=36
num_leaves=31
num_cat=0
split_feature=4 4 6 4 4 4 6 1 8 3 1 2 5 1 5 4 8 1 4 2 6 2 5 5 5 0 8 3 8 5
split_gain=1.56156e+07 1.26931e+06 1.25678e+06 225965 129089 97901.7 77775.4 61754.8 72871.6 78118.3 41432.1 37664.2 67531.1 59674.2 28400.2 27502.3 26006.8 27365.8 23067.6 21902 21124.2 20492.7 45413.8 20243.6 27072.2 19912 24787.2 22078.5 27751.7 19903.6
threshold=358.50000000000006 127.50000000000001 626.50000000000011 821.50000000000011 522.50000000000011 260.50000000000006 46.500000000000007 760.50000000000011 4.5000000000000009 15.500000000000002 462.50000000000006 38.500000000000007 7.5000000000000009 708.50000000000011 28.500000000000004 667.50000000000011 4.5000000000000009 258.50000000000006 667.50000000000011 39.500000000000007 896.50000000000011 53.500000000000007 49.500000000000007 80.500000000000014 43.500000000000007 16.650000000000002 3.5000000000000004 26.500000000000004 10.500000000000002 82.500000000000014
decision_type=2 2 2 2 2 2 2 2 2 2 2 2 2 2 2 2 2 2 2 2 2 2 2 2 2 2 2 2 2 2
left_child=1 6 4 7 10 16 -1 15 9 -9 21 12 -6 23 -7 -4 -3 -18 -10 -12 -20 22 -2 24 -13 26 -16 28 -27 -29
right_child=2 5 3 -5 11 14 -8 8 18 -11 19 13 -14 -15 25 -17 17 -19 20 -21 -22 -23 -24 -25 -26 27 -28 29 -30 -31
leaf_value=-1.7996077908025692 1.3167356182124701 -0.72453933180965624 3.2110152409315114 5.3143482737509267 3.0546707399429813 0.18221246969431293 -1.1136991746266161 4.1790812661773282 6.245512831687928 0.31849187731742862 1.0381534112127204 2.6882100556891007 -0.61758698508853005 5.3184302460688819 1.0925625868969495 3.9362443246545582 -0.19692754873111171 0.79959758663571434 4.5187455579574261 2.3171296037097209 6.2123076915740967 1.6509144142666825 -1.1243940975355065 1.6156924163141557 3.7564268160469925 1.1951652064018192 -0.98188352932532641 1.1327946204964707 -0.77035892279375173 2.6639774268323726
leaf_weight=4412 111 169 250 448 31 129 456 38 25 20 38 238 21 26 36 274 331 87 232 281 20 277 23 31 79 124 24 41 21 44
leaf_count=4412 111 169 250 448 31 129 456 38 25 20 38 238 21 26 36 274 331 87 232 281 20 277 23 31 79 124 24 41 21 44
internal_value=3.64241e-09 -1.40123 3.34179 4.40399 2.14084 0.215596 -1.73536 3.92921 4.45943 2.84784 1.73721 2.83249 1.57164 3.0078 0.799415 3.59024 -0.201133 0.0104832 4.79687 2.16478 4.65316 1.40535 0.897736 2.83517 2.95442 1.07396 0.262784 1.28558 0.910503 1.92541
internal_weight=8337 5874 2463 1307 1156 1006 4868 859 335 58 730 426 52 374 419 524 587 418 277 319 252 411 134 348 317 290 60 230 145 85
internal_count=8337 5874 2463 1307 1156 1006 4868 859 335 58 730 426 52 374 419 524 587 418 277 319 252 411 134 348 317 290 60 230 145 85
is_linear=0
shrinkage=0.05


Tree=37
num_leaves=31
num_cat=0
split_feature=4 6 6 6 4 6 4 8 4 1 3 5 2 5 1 4 1 1 5 0 6 1 0 0 2 0 0 5 2 2
split_gain=1.40931e+07 1.14829e+06 1.13424e+06 206446 116503 86985.8 76435.1 47236.4 40584 37392.4 34958.8 65955 33992 60946.8 53855.9 29013 27384.1 23206.9 23004.1 52302.8 27393.1 26744.1 20439.3 35728.6 19769 18654.9 39952.8 40173 20462.6 18494.6
threshold=358.50000000000006 142.50000000000003 626.50000000000011 804.50000000000011 522.50000000000011 317.50000000000006 60.500000000000007 4.5000000000000009 697.50000000000011 462.50000000000006 72.500000000000014 10.500000000000002 38.500000000000007 7.5000000000000009 708.50000000000011 206.00000000000003 484.50000000000006 902.50000000000011 99.500000000000014 19.650000000000002 446.50000000000006 360.50000000000006 26.950000000000003 25.650000000000002 37.500000000000007 17.250000000000004 20.950000000000003 60.500000000000007 57.500000000000007 53.500000000000007
decision_type=2 2 2 2 2 2 2 2 2 2 2 2 2 2 2 2 2 2 2 2 2 2 2 2 2 2 2 2 2 2
left_child=1 6 4 8 9 15 -1 10 22 29 11 -5 13 -6 -14 -3 18 -9 20 21 -7 -20 23 25 -11 -4 28 -28 -27 -2
right_child=2 5 3 7 12 16 -8 17 -10 24 -12 -13 14 -15 -16 -17 -18 -19 19 -21 -22 -23 -24 -25 -26 26 27 -29 -30 -31
leaf_value=-1.6995830885556995 0.85284895476565437 -0.43190321621601468 4.3938941206250872 5.3609623128717594 2.901937177104335 0.84110241128200025 -0.93675668929877176 4.786863235251829 4.0136216259580051 0.856810377490136 5.496877080743964 1.9371082880558115 2.6934088220969699 -0.58670764423552013 5.0525087296962745 0.22328298721701823 2.4519232604238725 5.4824111272987812 0.22154998996041042 2.0726129274070266 2.7042711171236906 -2.2438503574241291 3.6424307026529825 1.4369013381354949 2.1856734613732747 2.7257474913394879 2.835251018736098 5.1424243187082226 0.66103374617440369 1.5683686944229078
leaf_weight=4538 134 320 28 22 31 191 354 287 351 31 22 39 348 21 26 358 27 206 22 20 22 22 186 34 288 28 54 29 21 277
leaf_count=4538 134 320 28 22 31 191 354 287 351 31 22 39 348 21 26 358 27 206 22 20 22 22 186 34 288 28 54 29 21 277
internal_value=-3.26888e-08 -1.33117 3.1747 4.18379 2.03379 0.229159 -1.64438 4.89171 3.62598 1.65035 3.78819 3.17194 2.69087 1.49306 2.85741 -0.0859494 0.931935 5.0775 0.783777 -0.0474742 1.03354 -1.01115 3.26793 2.90887 2.05654 3.22166 2.973 3.64137 1.84087 1.33508
internal_weight=8337 5874 2463 1307 1156 982 4892 576 731 730 83 61 426 52 374 678 304 493 277 64 213 44 380 194 319 160 132 83 49 411
internal_count=8337 5874 2463 1307 1156 982 4892 576 731 730 83 61 426 52 374 678 304 493 277 64 213 44 380 194 319 160 132 83 49 411
is_linear=0
shrinkage=0.05


Tree=38
num_leaves=31
num_cat=0
split_feature=4 4 4 4 4 6 6 4 0 1 0 5 3 6 2 5 5 4 1 4 2 5 1 8 5 4 2 4 3 5
split_gain=1.27222e+07 1.53706e+06 471078 248511 158336 61158.5 49927.5 43506.2 38667.8 33493.1 32746.7 28975 56824.1 31232.7 27692.5 30608 28475.5 23672.8 23239.9 20381.2 19450.8 58378.9 46902.9 18081.8 18034.5 17357.7 17297.3 23551.6 21438.1 21359.1
threshold=269.50000000000006 569.50000000000011 77.500000000000014 800.50000000000011 422.50000000000006 684.50000000000011 735.50000000000011 175.50000000000003 19.350000000000005 349.50000000000006 26.450000000000003 94.500000000000014 16.500000000000004 859.50000000000011 49.500000000000007 29.500000000000004 8.5000000000000018 909.00000000000011 287.50000000000006 3.5000000000000004 40.500000000000007 21.500000000000004 701.50000000000011 2.5000000000000004 36.500000000000007 714.50000000000011 50.500000000000007 460.50000000000006 98.500000000000014 99.500000000000014
decision_type=2 2 2 2 2 2 2 2 2 2 2 2 2 2 2 2 2 2 2 2 2 2 2 2 2 2 2 2 2 2
left_child=2 4 19 5 9 20 10 -4 -5 14 18 13 -13 -7 16 -16 -2 24 -6 -1 21 -3 25 -9 -10 -22 27 -20 29 -28
right_child=1 3 7 8 6 11 -8 23 17 -11 -12 12 -14 -15 15 -17 -18 -19 26 -21 22 -23 -24 -25 -26 -27 28 -29 -30 -31
leaf_value=-1.6470339860371455 0.4312221524771303 2.9763500846151647 -0.684126115423076 2.5235435312986376 3.3968254542350773 3.6872145243766221 4.5115545082092288 -0.77305090876876337 4.2764437723776387 1.2564394124758891 2.4909876710490177 4.2389130387987413 0.51496560811996461 5.1634106691067032 0.046635231791540638 1.2484090744801191 -1.973791970908642 5.2774450908800601 -0.35745867405618942 -1.3420673618025667 2.7619625901634044 -0.15633213520050049 4.9025461212281263 0.15676911631700852 5.0032937675052223 4.2855901050567624 2.1578677716901749 1.4685226701938356 0.4688289011716843 0.71996550816914129
leaf_weight=3992 32 58 441 20 20 441 20 61 232 415 209 21 20 39 86 138 20 157 21 635 286 20 31 366 135 20 236 111 25 29
leaf_count=3992 32 58 441 20 20 441 20 61 232 415 209 21 20 39 86 138 20 157 21 635 286 20 31 366 135 20 236 111 25 29
internal_value=1.48821e-08 2.71592 -1.40467 3.8314 1.5038 3.33746 2.05088 -0.335804 4.68127 0.972557 1.97528 3.69818 2.42235 3.80716 0.545704 0.787014 -0.493783 4.76362 1.73143 -1.60518 2.88461 2.1731 3.04929 0.0239377 4.54381 2.86155 1.6525 1.17803 1.86847 2.00051
internal_weight=8337 2842 5495 1480 1362 936 671 868 544 691 651 521 41 480 276 224 52 524 442 4627 415 78 337 427 367 306 422 132 290 265
internal_count=8337 2842 5495 1480 1362 936 671 868 544 691 651 521 41 480 276 224 52 524 442 4627 415 78 337 427 367 306 422 132 290 265
is_linear=0
shrinkage=0.05


Tree=39
num_leaves=31
num_cat=0
split_feature=4 6 6 4 4 1 1 6 4 2 5 1 1 2 0 2 1 5 0 0 1 1 2 3 4 4 0 5 2 0
split_gain=1.14873e+07 1.04313e+06 848460 143639 102081 81032.9 63050.5 40567.4 33791.8 31235.8 59885.2 40497.2 30690.4 26665.4 69095.7 45380 34090.7 24643.4 22982.3 36214.1 24414.2 22939.4 21548.8 24051.1 19194.1 18121.6 17408.7 16996.8 16161 18623.5
threshold=371.50000000000006 142.50000000000003 645.50000000000011 821.50000000000011 548.50000000000011 349.50000000000006 48.500000000000007 766.50000000000011 214.50000000000003 40.500000000000007 15.500000000000002 742.50000000000011 476.50000000000006 60.500000000000007 20.650000000000002 65.500000000000014 488.50000000000006 96.500000000000014 27.250000000000004 24.450000000000003 726.50000000000011 612.50000000000011 66.500000000000014 72.500000000000014 569.50000000000011 681.50000000000011 29.250000000000004 67.500000000000014 65.500000000000014 25.350000000000005
decision_type=2 2 2 2 2 2 2 2 2 2 2 2 2 2 2 2 2 2 2 2 2 2 2 2 2 2 2 2 2 2
left_child=1 6 4 7 12 8 -1 18 -3 10 -6 25 28 16 15 -15 -7 21 19 24 -21 -14 23 -9 -4 -11 -5 -26 29 -2
right_child=2 5 3 26 9 13 -8 22 -10 11 -12 -13 17 14 -16 -17 -18 -19 -20 20 -22 -23 -24 -25 27 -27 -28 -29 -30 -31
leaf_value=-1.542800383227366 0.82965535740165608 -0.34971799450226071 1.829936679204305 4.2165813819685978 2.6771096785863242 1.1900740846320317 -0.93135317225376935 3.8454047139453937 0.30066241568026791 2.5648739146278667 -0.42583650920702065 5.0094631767272952 1.9915247304912875 -2.6189648947932507 1.545130380717191 0.4402284273394832 3.4326498818397528 0.78957076600681131 3.4997825387646175 2.4466666724722264 0.46148268381754565 3.5154848938182655 2.4604340591430667 5.4116096399448539 3.1273489468097688 3.9223238061975554 4.8438322317309499 4.4214451032526361 1.779651293830133 1.6858227240670587
leaf_weight=4426 184 363 21 201 48 111 466 266 444 275 23 20 289 22 66 27 20 39 221 59 21 27 25 27 100 27 246 34 142 97
leaf_count=4426 184 363 21 201 48 111 466 266 444 275 23 20 289 22 66 27 20 39 221 59 21 27 25 27 100 27 246 34 142 97
internal_value=7.75634e-09 -1.17727 2.92596 3.84816 1.96438 0.25028 -1.48456 3.43603 0.00811212 2.62122 1.67193 2.83054 1.63259 1.04471 0.489109 -0.933287 1.53245 1.97539 3.13375 2.78952 1.92556 2.12174 3.8695 3.98973 3.23544 2.68624 4.56178 3.4557 1.3449 1.1252
internal_weight=8337 5945 2392 1221 1171 1053 4892 774 807 393 71 322 778 246 115 49 131 355 456 235 80 316 318 293 155 302 447 134 423 281
internal_count=8337 5945 2392 1221 1171 1053 4892 774 807 393 71 322 778 246 115 49 131 355 456 235 80 316 318 293 155 302 447 134 423 281
is_linear=0
shrinkage=0.05


Tree=40
num_leaves=31
num_cat=0
split_feature=4 4 4 1 4 5 6 4 1 4 0 1 3 2 5 5 1 0 3 1 6 3 1 0 6 8 1 2 4 5
split_gain=1.03689e+07 1.24986e+06 384104 205261 129606 97542.2 41818.4 38342.9 36081.6 35425.8 27625.6 27020 24691.8 21916.2 23936.9 23097.4 21109.9 19288.8 29717.6 34140.5 18937.1 17416.8 17143.6 16667 16443.2 16374 16238.1 15424.6 21099.9 20850.7
threshold=269.50000000000006 569.50000000000011 77.500000000000014 763.50000000000011 422.50000000000006 82.500000000000014 735.50000000000011 667.50000000000011 910.50000000000011 175.50000000000003 26.450000000000003 369.50000000000006 1.0000000180025095e-35 49.500000000000007 28.500000000000004 8.5000000000000018 287.50000000000006 18.750000000000004 6.5000000000000009 481.50000000000006 914.50000000000011 97.500000000000014 2.5000000000000004 26.650000000000002 492.50000000000006 4.5000000000000009 345.50000000000006 50.500000000000007 522.50000000000011 10.500000000000002
decision_type=2 2 2 2 2 2 2 2 2 2 2 2 2 2 2 2 2 2 2 2 2 2 2 2 2 2 2 2 2 2
left_child=2 4 22 7 11 8 10 23 12 -4 16 13 -5 15 -15 -2 -6 18 -13 -20 -14 -9 -1 -3 -19 -11 -27 28 29 -18
right_child=1 3 9 5 6 -7 -8 21 -10 25 -12 17 20 14 -16 -17 27 24 19 -21 -22 -23 -24 -25 -26 26 -28 -29 -30 -31
leaf_value=-1.4885007203331813 0.43064627361140756 2.2277855526899621 -0.61726798575008268 3.6002804064655685 3.1479135370254521 1.501911671459675 4.1058300781249999 3.1000540761506721 4.7724353663299395 -0.47071473150829646 2.2583135802780041 -0.76399405413660515 4.1436348142894177 0.11603998116688015 1.1014465344728099 -1.6051033326170661 1.6330809568536695 1.2636127402934623 0.46375250568929705 2.8882035589218145 5.4942568187055922 4.101494585299025 -1.2136349919069209 2.8846385932781482 2.5454352094658788 0.11253006452885408 1.4939987151519114 1.6893912660356225 1.8601353632248179 -0.029079592421098994
leaf_weight=3965 38 214 441 251 20 36 20 292 184 121 209 29 247 97 169 22 29 235 53 20 29 51 662 176 28 283 23 290 49 54
leaf_count=3965 38 214 441 251 20 36 20 292 184 121 209 29 247 97 169 22 29 235 53 20 29 51 662 176 28 283 23 290 49 54
internal_value=1.90812e-08 2.4519 -1.26812 3.45778 1.35887 4.04107 1.85383 2.86335 4.16963 -0.302954 1.78465 0.878236 3.95917 0.547401 0.742107 -0.315795 1.56067 1.17372 0.59007 1.12799 4.28555 3.24896 -1.44917 2.52421 1.40008 0.0216663 0.216366 1.48545 1.03739 0.551675
internal_weight=8337 2842 5495 1480 1362 747 671 733 711 868 651 691 527 326 266 60 442 365 102 73 276 343 4627 390 263 427 306 422 132 83
internal_count=8337 2842 5495 1480 1362 747 671 733 711 868 651 691 527 326 266 60 442 365 102 73 276 343 4627 390 263 427 306 422 132 83
is_linear=0
shrinkage=0.05


Tree=41
num_leaves=31
num_cat=0
split_feature=4 4 6 4 4 1 6 6 0 2 5 1 8 0 3 5 1 5 3 2 0 4 8 8 1 2 1 5 1 4
split_gain=9.35899e+06 853099 692663 117800 83036.6 63806.4 54555.5 36595.3 25221.9 24868.3 57085 35536.5 22633 22704.2 23913.4 20987.8 20018.1 19869.9 20315.5 18209.7 16977.6 15932.5 15477 17854.5 41149.5 15442.8 15290.2 28929.1 14832.8 14173.6
threshold=371.50000000000006 136.50000000000003 645.50000000000011 829.50000000000011 544.50000000000011 274.50000000000006 64.500000000000014 766.50000000000011 26.050000000000004 40.500000000000007 20.500000000000004 742.50000000000011 2.5000000000000004 16.150000000000002 47.500000000000007 99.500000000000014 516.50000000000011 94.500000000000014 50.500000000000007 50.500000000000007 29.450000000000003 681.50000000000011 9.5000000000000018 4.5000000000000009 745.50000000000011 63.500000000000007 547.50000000000011 10.500000000000002 763.50000000000011 659.50000000000011
decision_type=2 2 2 2 2 2 2 2 2 2 2 2 2 2 2 2 2 2 2 2 2 2 2 2 2 2 2 2 2 2
left_child=1 6 4 7 8 -3 -1 15 19 10 -6 21 -7 -14 -15 22 -10 18 -9 26 -5 -11 23 24 -4 -16 27 -2 -25 -24
right_child=2 5 3 20 9 12 -8 17 16 11 -12 -13 13 14 25 -17 -18 -19 -20 -21 -22 -23 29 28 -26 -27 -28 -29 -30 -31
leaf_value=-1.3847276545429523 1.362176743452832 -0.11958191302889135 2.9841890321536497 3.8190980144481568 2.3941482606923805 -0.19197237473545653 -0.73779538061915551 3.5065329857039873 1.5235304869083039 2.2931569484147158 -0.68619491032191693 4.5766772508621214 -0.79487379306838635 0.69366126005273887 2.1171148021306312 1.5916343659162522 2.421854656392878 2.3224555745720865 4.9415473655418118 1.4460482872125149 4.4564467217705461 3.5637868210121439 1.1353247597104026 3.0949369169198553 0.52090596528280353 0.5782918551693792 2.0580730599164965 -0.17853319488820577 4.0871094537817916 2.7262375434239705
leaf_weight=4554 59 567 88 199 53 66 351 285 166 286 21 20 21 307 56 32 99 32 27 357 220 27 21 208 21 23 20 63 46 42
leaf_count=4554 59 567 88 199 53 66 351 285 166 286 21 20 21 307 56 32 99 32 27 357 220 27 21 208 21 23 20 63 46 42
internal_value=1.45437e-08 -1.06264 2.64104 3.47428 1.77222 0.238123 -1.33843 3.1193 1.46491 2.34909 1.52 2.53333 0.666915 0.806194 0.893298 2.82659 1.85913 3.50902 3.63072 1.25555 4.15374 2.40276 2.91936 3.04491 2.50961 1.6691 0.776636 0.566564 3.27462 2.19593
internal_weight=8337 5945 2392 1221 1171 1040 4905 802 764 407 74 333 473 407 386 458 265 344 312 499 419 313 426 363 109 79 142 122 254 63
internal_count=8337 5945 2392 1221 1171 1040 4905 802 764 407 74 333 473 407 386 458 265 344 312 499 419 313 426 363 109 79 142 122 254 63
is_linear=0
shrinkage=0.05


Tree=42
num_leaves=31
num_cat=0
split_feature=4 4 1 1 4 5 6 6 1 1 3 0 1 3 2 3 5 4 1 1 2 0 8 4 6 0 0 3 1 6
split_gain=8.4543e+06 1.01466e+06 312248 167949 106481 83557.1 36149.8 31912.5 30856.5 24818.7 24639.1 22565.8 22276.7 22150.2 19874.6 23877.4 21032 19764 19236.9 19017.3 18589.9 17973.7 19888.2 16946.1 16562.3 16533.4 16516.5 26670.1 30128.3 14639.4
threshold=269.50000000000006 569.50000000000011 87.500000000000014 763.50000000000011 422.50000000000006 82.500000000000014 735.50000000000011 684.50000000000011 910.50000000000011 233.50000000000003 97.500000000000014 26.050000000000004 369.50000000000006 1.0000000180025095e-35 47.500000000000007 7.5000000000000009 28.500000000000004 722.50000000000011 287.50000000000006 3.5000000000000004 51.500000000000007 19.650000000000002 10.500000000000002 744.50000000000011 914.50000000000011 18.050000000000004 18.750000000000004 6.5000000000000009 481.50000000000006 492.50000000000006
decision_type=2 2 2 2 2 2 2 2 2 2 2 2 2 2 2 2 2 2 2 2 2 2 2 2 2 2 2 2 2 2
left_child=2 4 19 7 12 8 11 17 13 -4 20 18 14 -5 15 -2 -16 -3 -6 -1 -9 -11 -23 25 -15 -22 27 -14 -29 -28
right_child=1 3 9 5 6 -7 -8 10 -10 21 -12 -13 26 24 16 -17 -18 -19 -20 -21 23 22 -24 -25 -26 -27 29 28 -30 -31
leaf_value=-1.3437036719747677 0.53707117352427713 2.1872954727249581 -0.40989076911232258 3.2323631350262709 2.9141895651817324 1.2978260371420118 3.7716083097457886 3.4547905773729894 4.324359393767689 -0.3664793819366467 4.023672930054043 2.0199104864948563 -0.76103479122293416 3.7486888678812309 0.10134783289834577 -1.7109117036774046 0.99674373291172957 3.5007942076652281 1.3258633099038715 -1.0578772822184361 4.032966493476521 0.31405895249444549 2.019162988066673 1.6211154319891117 5.0117874227721124 2.5606068888001823 1.142503740911154 0.40732910250717747 2.6848684918880465 2.3519790610032425
leaf_weight=4001 27 376 591 251 20 36 20 74 184 84 46 224 29 247 106 21 172 31 407 681 22 118 20 41 29 143 235 53 20 28
leaf_count=4001 27 376 591 251 20 36 20 74 184 84 46 224 29 247 106 21 172 31 407 681 22 118 20 41 29 143 235 53 20 28
internal_value=9.04873e-09 2.21399 -1.14507 3.1203 1.22916 3.64792 1.6778 2.5826 3.76691 -0.240575 2.95123 1.61347 0.793508 3.57228 0.493112 -0.446421 0.655334 2.28734 1.40026 -1.30213 2.77504 0.210171 0.561175 2.53086 3.88141 2.75692 1.06181 0.521724 1.03131 1.27127
internal_weight=8337 2842 5495 1480 1362 747 671 733 711 813 326 651 691 527 326 48 278 407 427 4682 280 222 138 206 276 165 365 102 73 263
internal_count=8337 2842 5495 1480 1362 747 671 733 711 813 326 651 691 527 326 48 278 407 427 4682 280 222 138 206 276 165 365 102 73 263
is_linear=0
shrinkage=0.05


Tree=43
num_leaves=31
num_cat=0
split_feature=4 4 4 1 1 5 4 4 1 6 0 1 7 2 8 1 0 0 8 5 8 3 1 8 6 0 5 0 3 1
split_gain=7.63e+06 915734 282852 151574 96936.8 75410.3 30377.6 29197.7 27848 27843.7 24134.3 30202.2 27260.2 24121.4 43454.7 23197.9 30411.6 22630.2 20954.9 30529.5 20286.5 19990.6 16748.5 15071.4 14947.5 14664.5 14481.5 14166 13882.6 13729.3
threshold=269.50000000000006 569.50000000000011 69.500000000000014 763.50000000000011 476.50000000000006 82.500000000000014 162.50000000000003 667.50000000000011 910.50000000000011 384.50000000000006 20.250000000000004 612.50000000000011 15.500000000000002 65.500000000000014 2.5000000000000004 535.50000000000011 16.950000000000003 24.450000000000003 9.5000000000000018 49.500000000000007 11.500000000000002 1.0000000180025095e-35 233.50000000000003 4.5000000000000009 914.50000000000011 15.65 34.500000000000007 26.650000000000002 13.500000000000002 345.50000000000006
decision_type=2 2 2 2 2 2 2 2 2 2 2 2 2 2 2 2 2 2 2 2 2 2 2 2 2 2 2 2 2 2
left_child=2 4 -1 7 9 8 22 27 21 25 12 -12 15 14 -11 28 -17 26 -16 -20 -21 -5 -4 -8 -23 -2 -15 -3 -6 -25
right_child=1 3 6 5 10 -7 23 -9 -10 13 11 -13 -14 17 18 16 -18 -19 19 20 -22 24 -24 29 -26 -27 -28 -29 -30 -31
leaf_value=-1.2474208389326251 -0.12074609007154191 1.8842501591159921 -0.6614644455256653 3.0707449793221944 0.65361454363526972 1.232934723960029 -0.45482032489278085 2.7899683400771362 4.1081414513613863 -1.293457495624369 1.7243024774297753 2.9141036309979178 2.5507264283395585 1.0116644030031952 1.4101985340055667 1.4203825230951663 -0.84231604518312408 0.87734684934691787 1.2121998073326219 -1.2603261744153911 0.6832488441467286 3.5612544401454542 0.75509042685682126 0.08237935901093095 4.7611980709536326 0.67665377522417169 2.4552682780883686 2.4898172444240618 2.062714799425819 1.3468573756839919
leaf_weight=4587 70 214 405 251 29 36 136 343 184 22 278 66 31 23 152 27 33 63 72 29 25 247 22 322 29 327 71 176 44 23
leaf_count=4587 70 214 405 251 29 36 136 343 184 22 278 66 31 23 152 27 33 63 72 29 25 247 22 322 29 327 71 176 44 23
internal_value=2.34635e-08 2.10329 -1.08782 2.96428 1.1677 3.46552 -0.281534 2.45347 3.57856 0.842369 1.71462 1.95258 1.21549 1.10847 0.845681 0.904272 0.175898 1.61061 1.01497 0.538176 -0.360523 3.39367 -0.58848 -0.00904717 3.68734 0.536054 2.10205 2.15753 1.50294 0.166678
internal_weight=8337 2842 5495 1480 1362 747 908 733 711 854 508 344 164 457 300 133 60 157 278 126 54 527 427 481 276 397 94 390 73 345
internal_count=8337 2842 5495 1480 1362 747 908 733 711 854 508 344 164 457 300 133 60 157 278 126 54 527 427 481 276 397 94 390 73 345
is_linear=0
shrinkage=0.05


Tree=44
num_leaves=31
num_cat=0
split_feature=4 6 6 6 1 4 6 8 3 5 5 2 1 2 0 2 5 3 1 4 6 3 5 8 0 5 8 5 6 5
split_gain=6.88705e+06 628896 513245 101910 50741 49410.8 38665.9 32286.1 29131.8 54602.4 27536.9 36730.3 29219.6 24936.7 42871.8 24551.9 22117.3 62893 21953.1 21071.8 16750.7 16034.7 19217.3 17727.7 15851.8 17636 24900.8 15420.4 14951.1 13234.9
threshold=371.50000000000006 142.50000000000003 626.50000000000011 804.50000000000011 349.50000000000006 522.50000000000011 34.500000000000007 4.5000000000000009 72.500000000000014 10.500000000000002 74.500000000000014 61.500000000000007 631.50000000000011 62.500000000000007 20.650000000000002 50.500000000000007 99.500000000000014 16.500000000000004 760.50000000000011 206.00000000000003 717.50000000000011 15.500000000000002 98.500000000000014 11.500000000000002 23.950000000000003 5.5000000000000009 3.5000000000000004 81.500000000000014 481.50000000000006 44.500000000000007
decision_type=2 2 2 2 2 2 2 2 2 2 2 2 2 2 2 2 2 2 2 2 2 2 2 2 2 2 2 2 2 2
left_child=1 6 5 16 19 15 -1 8 9 -5 12 -12 29 21 -15 24 18 -18 27 -3 -20 22 -6 -23 25 -2 -27 -4 -17 -7
right_child=2 4 3 7 13 10 -8 -9 -10 -11 11 -13 -14 14 -16 28 17 -19 20 -21 -22 23 -24 -25 -26 26 -28 -29 -30 -31
leaf_value=-1.2006940081784381 1.2291762769222261 -0.30509904989189945 2.362498522225247 3.94753194288774 1.167652042410267 1.6910113930927986 -0.75918564278033696 3.5842698097168553 4.0781417846679693 0.83225295513104181 -0.57256182479858397 2.1960926337086639 3.068657893778985 -1.056914812773466 1.1296451426019856 1.1512432616428825 3.0333381772041323 -0.63777520775794994 4.2284291304074797 0.21558702812150604 2.8721562803768723 1.2281654422697814 -0.59848258063197146 2.953845652666959 1.1753927003378155 0.82132977599374435 -1.1869164310621494 3.7181542353196577 1.7209654900494049 2.5311348877455062
leaf_weight=4332 30 326 451 22 67 264 560 493 22 39 25 23 57 40 51 290 28 20 26 481 183 46 20 22 87 29 33 22 191 57
leaf_count=4332 30 326 451 22 67 264 560 493 22 39 25 23 57 40 51 290 28 20 26 481 183 46 20 22 87 29 33 22 191 57
internal_value=-1.33749e-08 -0.911562 2.26557 2.93344 0.196879 1.4624 -1.15015 3.43067 2.51835 1.9558 1.88219 0.754085 2.02544 0.825523 0.16852 1.19144 2.54111 1.50371 2.61412 0.00524792 3.04088 1.21125 0.761644 1.78647 0.691535 0.233974 -0.247575 2.42555 1.37747 1.84019
internal_weight=8337 5945 2392 1306 1053 1086 4892 576 83 61 426 48 378 246 91 660 730 48 682 807 209 155 87 68 179 92 62 473 481 321
internal_count=8337 5945 2392 1306 1053 1086 4892 576 83 61 426 48 378 246 91 660 730 48 682 807 209 155 87 68 179 92 62 473 481 321
is_linear=0
shrinkage=0.05


Tree=45
num_leaves=31
num_cat=0
split_feature=4 6 1 4 4 5 3 8 6 5 5 2 6 1 1 6 6 8 0 7 3 6 1 0 1 6 8 8 5 3
split_gain=6.21867e+06 746569 231194 138391 81004 29403.3 91208.6 26505.9 24557.6 34243.1 22837 22752.9 19983.8 19559.7 19427.8 18832.5 19508.1 22420.5 23589.8 24997.2 25854.4 17113.5 16939.5 15256.5 14623.7 14328.1 14226.5 18587.5 16441.9 15627.9
threshold=269.50000000000006 645.50000000000011 101.50000000000001 457.50000000000006 829.50000000000011 99.500000000000014 52.500000000000007 9.5000000000000018 539.50000000000011 77.500000000000014 43.500000000000007 53.500000000000007 416.50000000000006 642.50000000000011 14.500000000000002 399.50000000000006 560.50000000000011 9.5000000000000018 16.550000000000004 14.500000000000002 22.500000000000004 833.50000000000011 612.50000000000011 24.950000000000003 516.50000000000011 462.50000000000006 9.5000000000000018 2.5000000000000004 39.500000000000007 89.500000000000014
decision_type=2 2 2 2 2 2 2 2 2 2 2 2 2 2 2 2 2 2 2 2 2 2 2 2 2 2 2 2 2 2
left_child=2 3 14 15 5 7 -7 21 9 10 22 -12 23 26 -1 -2 17 24 -19 20 -20 -3 -5 -4 -17 -13 27 -10 -28 -29
right_child=1 4 12 8 -6 6 -8 -9 13 -11 11 25 -14 -15 -16 16 -18 18 19 -21 -22 -23 -24 -25 -26 -27 28 29 -30 -31
leaf_value=-1.1487411382970869 0.51483284398056994 2.6070288823224357 -0.37570031714885793 1.1523532150321536 3.3943582125239269 2.7975235628527266 -1.289517149925232 1.6607132405730394 0.78346910834312444 -0.12090011749948776 0.78583938394274033 3.7172786886041815 1.3579772608620782 2.6888189089298251 -0.84370281213092646 1.2305230307902688 -0.41969677287599316 -1.0408981186151505 0.33962900474153718 -0.16221384161557906 2.3584315541812351 3.2884981462088501 2.6707928419113163 0.10543084573074002 2.5300325691699985 2.1544971312988888 1.7270031678049191 1.9713568582782679 0.29623523489121467 3.3429426949957142
leaf_weight=4154 435 567 469 225 419 43 20 65 30 35 21 22 21 70 597 221 23 20 29 39 35 110 20 254 24 44 57 214 31 23
leaf_count=4154 435 567 469 225 419 43 20 65 30 35 21 22 21 70 597 221 23 20 29 39 35 110 20 254 24 44 57 214 31 23
internal_value=1.0688e-08 1.89883 -0.982069 1.19398 2.83056 2.53711 1.50005 2.62516 1.66622 1.36661 1.52342 2.21932 -0.162509 1.92495 -1.11041 0.741181 0.993001 1.08129 0.530488 0.835612 1.44366 2.71776 1.27631 -0.206672 1.35782 2.67542 1.77432 1.95604 1.22298 2.10446
internal_weight=8337 2842 5495 1618 1224 805 63 742 792 367 332 87 744 425 4751 826 391 368 123 103 64 677 245 723 245 66 355 267 88 237
internal_count=8337 2842 5495 1618 1224 805 63 742 792 367 332 87 744 425 4751 826 391 368 123 103 64 677 245 723 245 66 355 267 88 237
is_linear=0
shrinkage=0.05


Tree=46
num_leaves=31
num_cat=0
split_feature=4 4 6 4 6 4 6 0 0 2 2 5 1 4 5 1 8 3 5 6 1 4 2 5 8 8 0 2 2 6
split_gain=5.61701e+06 512992 418351 84574.5 51107.2 41196.2 28306.9 28149.4 46237.2 58975.8 27074.3 108956 60476.6 24651.1 22735 29591.1 19804.8 29271.6 18456.3 18202.9 16956.7 15437.5 14739.5 15041.2 14010.3 13569.4 13325.2 41758.1 22544.4 14140.8
threshold=371.50000000000006 127.50000000000001 701.50000000000011 548.50000000000011 879.50000000000011 214.50000000000003 37.500000000000007 19.950000000000003 17.250000000000004 53.500000000000007 40.500000000000007 32.500000000000007 786.50000000000011 904.50000000000011 94.500000000000014 560.50000000000011 4.5000000000000009 21.500000000000004 44.500000000000007 547.50000000000011 349.50000000000006 697.50000000000011 53.500000000000007 40.500000000000007 2.5000000000000004 4.5000000000000009 20.250000000000004 60.500000000000007 66.500000000000014 453.50000000000006
decision_type=2 2 2 2 2 2 2 2 2 2 2 2 2 2 2 2 2 2 2 2 2 2 2 2 2 2 2 2 2 2
left_child=1 6 3 14 7 24 -1 8 -4 -10 11 -5 18 -9 15 22 17 -16 21 -17 -7 25 -2 -24 -3 -12 27 -22 -29 -28
right_child=2 5 4 10 -6 20 -8 13 9 -11 12 -13 -14 -15 16 19 -18 -19 -20 -21 26 -23 23 -25 -26 -27 29 28 -30 -31
leaf_value=-1.0831686112077215 0.77754119560799817 -1.0089035801016368 3.4376262478206474 1.9995678474957292 3.3505670768271694 0.22244014159594899 -0.69116210903520292 2.6149420347686645 2.374998990694682 -1.2532577787126815 1.0346179077351416 -2.0087091269947233 4.7922024488449102 4.0833172289530442 -1.6889770155861266 3.3750245857238768 1.2707306870155866 0.76217039011675736 2.4570710918159353 1.6946559811212933 1.2218014291039221 2.5359384315985221 0.99266510461204749 1.6159588145404251 -0.12766193204285467 1.8369891772993274 0.83237103143775915 -1.9848095324906436 0.33465295910835269 2.1741372781495256
leaf_weight=4353 220 52 23 88 311 457 515 605 24 21 74 21 20 30 21 20 36 29 141 83 54 54 203 185 340 183 108 22 20 24
leaf_count=4353 220 52 23 88 311 457 515 605 24 21 74 21 20 30 21 20 36 29 141 83 54 54 203 185 340 183 108 22 20 24
internal_value=2.05419e-09 -0.823232 2.04603 1.47881 2.81688 0.164222 -1.0417 2.58078 1.61393 0.681812 1.93759 1.22733 2.10162 2.68431 1.14437 1.23724 0.37652 -0.267312 1.98256 2.02094 0.398153 1.76743 1.10448 1.28985 -0.244561 1.60596 0.75035 0.30213 -0.880304 1.07633
internal_weight=8337 5945 2392 1378 1014 1077 4868 703 68 45 581 109 472 635 797 711 86 50 452 103 685 311 608 388 392 257 228 96 42 132
internal_count=8337 5945 2392 1378 1014 1077 4868 703 68 45 581 109 472 635 797 711 86 50 452 103 685 311 608 388 392 257 228 96 42 132
is_linear=0
shrinkage=0.05


Tree=47
num_leaves=31
num_cat=0
split_feature=4 4 6 4 6 1 4 0 0 2 2 5 1 4 5 1 8 3 8 0 3 5 6 4 2 5 0 1 3 5
split_gain=5.06935e+06 462975 377562 76328.5 46124.2 37998.6 25659.2 25404.9 41729 53225.7 24434.6 98332.7 54580.2 22247.7 20518.4 26706 17873.8 26417.6 17211.4 18085.6 18817.3 16656.8 16538.3 13932.3 13498.5 17073.6 13082 12885.3 16790.2 15527.6
threshold=371.50000000000006 127.50000000000001 701.50000000000011 548.50000000000011 879.50000000000011 274.50000000000006 20.500000000000004 19.950000000000003 17.250000000000004 53.500000000000007 40.500000000000007 32.500000000000007 786.50000000000011 904.50000000000011 94.500000000000014 560.50000000000011 4.5000000000000009 21.500000000000004 2.5000000000000004 16.150000000000002 47.500000000000007 44.500000000000007 570.50000000000011 697.50000000000011 50.500000000000007 48.500000000000007 17.350000000000005 575.50000000000011 43.500000000000007 82.500000000000014
decision_type=2 2 2 2 2 2 2 2 2 2 2 2 2 2 2 2 2 2 2 2 2 2 2 2 2 2 2 2 2 2
left_child=1 6 3 14 7 -3 -1 8 -4 -10 11 -5 21 -9 15 24 17 -16 -7 -20 -21 23 -17 -12 26 -26 -2 -23 29 -29
right_child=2 5 4 10 -6 18 -8 13 9 -11 12 -13 -14 -15 16 22 -18 -19 19 20 -22 27 -24 -25 25 -27 -28 28 -30 -31
leaf_value=-1.0344749391403578 -0.21719616037426573 -0.10680901060121394 3.265744928691698 1.899589476531202 3.1830387302150296 -0.25736432418678751 -0.69588344983870254 2.4841949316489798 2.2562490324179332 -1.1905948911150475 1.5256584002697979 -1.9082736832754954 4.5525923585891723 3.8791513951619465 -1.6045281966527303 2.9082134373982749 1.2071941693623862 0.72406184549989372 -0.81589446067810067 0.51372675076976471 1.3790126955773259 3.2163751538842917 1.5137354718495724 2.409141520217613 0.979672671358647 1.6488345167166749 0.88723242189018769 2.0023955304833021 0.76616185955703264 3.5578349756343024
leaf_weight=4223 33 604 23 88 311 66 645 605 24 21 257 21 20 30 21 30 36 29 21 307 79 32 73 54 290 142 143 68 20 21
leaf_count=4223 33 604 23 88 311 66 645 605 24 21 257 21 20 30 21 30 36 29 21 307 79 32 73 54 290 142 143 68 20 21
internal_value=-1.08665e-08 -0.78207 1.94373 1.40487 2.67603 0.156011 -0.989612 2.45174 1.53323 0.647722 1.84071 1.16596 1.99653 2.5501 1.08715 1.17538 0.357694 -0.253946 0.49162 0.613077 0.690819 1.88343 1.91989 1.67906 1.04925 1.19963 0.680152 2.33422 2.07524 2.36941
internal_weight=8337 5945 2392 1378 1014 1077 4868 703 68 45 581 109 472 635 797 711 86 50 473 407 386 452 103 311 608 432 176 141 109 89
internal_count=8337 5945 2392 1378 1014 1077 4868 703 68 45 581 109 472 635 797 711 86 50 473 407 386 452 103 311 608 432 176 141 109 89
is_linear=0
shrinkage=0.05


Tree=48
num_leaves=31
num_cat=0
split_feature=4 6 4 4 6 5 3 5 3 1 8 0 6 6 8 3 6 0 0 8 5 0 2 1 0 2 5 6 5 4
split_gain=4.57888e+06 549344 170990 82971.4 72177 30290.1 60979.1 26823.8 46420.6 29039.3 26629.6 29475.4 24919.8 19163.3 18827.7 18224.5 16866.8 14531.4 13238.6 20351.6 12943.4 11816.3 11792 10908.5 18500.8 10550.2 11230.9 10532.8 12448.8 12173.2
threshold=269.50000000000006 626.50000000000011 69.500000000000014 457.50000000000006 804.50000000000011 99.500000000000014 19.500000000000004 74.500000000000014 89.500000000000014 631.50000000000011 4.5000000000000009 24.250000000000004 511.50000000000006 201.50000000000003 9.5000000000000018 57.500000000000007 426.50000000000006 15.950000000000001 19.650000000000002 10.500000000000002 20.500000000000004 15.65 44.500000000000007 808.50000000000011 25.450000000000003 77.500000000000014 99.500000000000014 906.50000000000011 46.500000000000007 890.50000000000011
decision_type=2 2 2 2 2 2 2 2 2 2 2 2 2 2 2 2 2 2 2 2 2 2 2 2 2 2 2 2 2 2
left_child=2 3 -1 16 5 14 -7 9 12 17 11 15 -9 -4 23 -6 21 -5 25 -20 -19 -2 -22 -3 -25 26 -15 29 -29 -12
right_child=1 4 13 7 10 6 -8 8 -10 -11 27 -13 -14 18 -16 -17 -18 20 19 -21 22 -23 -24 24 -26 -27 -28 28 -30 -31
leaf_value=-0.96679338215319766 -0.083370250869881035 2.1751795623637404 -0.41111577635346452 0.61963760906032161 3.6268011079894173 2.3234239768981935 -1.1895539309297289 -0.012443330369889738 -1.5632228422164918 2.5587947623483069 2.600916676701587 0.84035609890432927 2.0310215331412649 -0.10870858515086382 1.4244331544196165 1.6881374695084312 0.98271704370991919 1.1865012093790268 0.12973614016680235 1.6935515740967315 0.63019847174485522 0.58291434360344951 1.7879665489404148 3.8558238249558672 1.8330716323852538 0.67287272269075571 -1.0986199855804444 3.0350372466444973 4.064118950896793 3.430862707782675
leaf_weight=4587 77 556 527 56 27 30 21 25 20 58 243 34 37 69 81 22 254 228 218 23 24 490 263 26 20 22 49 160 36 54
leaf_count=4587 77 556 527 56 27 30 21 25 20 58 243 34 37 69 81 22 254 228 218 23 24 490 263 26 20 22 49 160 36 54
internal_value=-1.62614e-09 1.62936 -0.8427 0.986542 2.38111 2.05233 0.876904 1.38195 0.531369 1.49283 2.80007 1.9715 1.20704 -0.215808 2.14011 2.75638 0.644115 1.38456 0.0543415 0.27898 1.46773 0.492431 1.69115 2.2364 2.97637 -0.332358 -0.519773 2.93956 3.22405 2.75182
internal_weight=8337 2842 5495 1532 1310 734 51 711 82 629 576 83 62 908 683 49 821 571 381 241 515 567 287 602 46 140 118 493 196 297
internal_count=8337 2842 5495 1532 1310 734 51 711 82 629 576 83 62 908 683 49 821 571 381 241 515 567 287 602 46 140 118 493 196 297
is_linear=0
shrinkage=0.05


Tree=49
num_leaves=31
num_cat=0
split_feature=4 6 6 4 1 6 8 1 1 4 1 2 5 1 2 0 0 2 5 5 6 1 5 5 4 4 0 3 5 8
split_gain=4.13386e+06 378213 308424 62188.4 32406.4 30961.9 27084.8 48761.1 31206.6 25350.8 23132.1 21952.4 53589.6 28182.9 20087.6 34168.2 20030.9 40412.2 44637.8 16446.7 16128.5 14594.5 13633.1 20478.9 19012.6 13264 12428.8 12233.3 16785 15436.9
threshold=371.50000000000006 142.50000000000003 626.50000000000011 829.50000000000011 349.50000000000006 530.50000000000011 4.5000000000000009 828.50000000000011 756.50000000000011 667.50000000000011 14.500000000000002 38.500000000000007 23.500000000000004 539.50000000000011 62.500000000000007 20.650000000000002 17.150000000000002 54.500000000000007 78.500000000000014 93.500000000000014 906.50000000000011 642.50000000000011 73.500000000000014 50.500000000000007 403.50000000000006 214.50000000000003 29.450000000000003 15.500000000000002 98.500000000000014 11.500000000000002
decision_type=2 2 2 2 2 2 2 2 2 2 2 2 2 2 2 2 2 2 2 2 2 2 2 2 2 2 2 2 2 2
left_child=1 10 5 6 25 11 7 16 -8 -10 -1 12 -2 22 27 -16 -4 -18 -19 21 -11 -7 23 -13 -24 -3 -5 28 -6 -29
right_child=2 4 3 26 14 19 8 -9 9 20 -12 13 -14 -15 15 -17 17 18 -20 -21 -22 -23 24 -25 -26 -27 -28 29 -30 -31
leaf_value=-0.93708635203013013 0.92609433310275735 -0.22397331206215232 2.8085952220818937 2.4888357075899843 0.98867726023517444 1.4876497528573112 1.861196454383325 -0.74067670220420478 3.9821862867900304 2.299137180358267 -0.63330639036407643 0.82798709123916214 -2.0962548494711521 1.8829079987772976 -1.027921363413334 0.92410962764246796 2.296415444023638 1.4431031083160977 -1.3291297471523285 0.44365258438246591 3.6510804951190949 2.6751166020120896 -0.93237595454506261 1.6781780313361776 0.80463879883289346 0.18349931700792801 3.0334425262971361 0.98339084260489629 -0.66190595239400862 2.5937159906734122
leaf_weight=4154 55 363 39 200 67 341 345 21 28 273 738 363 20 83 40 51 83 53 20 35 24 28 23 88 50 444 220 46 20 22
leaf_count=4154 55 363 39 200 67 341 345 21 28 273 738 363 20 83 40 51 83 53 20 35 24 28 23 88 50 444 220 46 20 22
internal_value=-1.03901e-08 -0.706232 1.75525 2.27298 0.153357 1.13263 2.03543 1.54854 2.19239 2.54397 -0.891259 0.927152 0.120135 1.02687 0.655747 0.066074 1.79507 1.54169 0.683587 1.4795 2.40839 1.57776 0.891272 0.993878 0.25736 0.000212372 2.77411 1.00194 0.609233 1.50438
internal_weight=8337 5945 2392 1306 1053 1086 886 216 670 325 4892 682 75 607 246 91 195 156 73 404 297 369 524 451 73 807 420 155 87 68
internal_count=8337 5945 2392 1306 1053 1086 886 216 670 325 4892 682 75 607 246 91 195 156 73 404 297 369 524 451 73 807 420 155 87 68
is_linear=0
shrinkage=0.05


Tree=50
num_leaves=31
num_cat=0
split_feature=4 6 6 4 4 5 3 8 0 2 5 0 2 3 1 6 6 0 6 5 5 0 3 5 2 5 5 1 4 1
split_gain=3.7315e+06 427464 163149 78276.7 49429.5 21771.6 73238.9 20349.9 19518 18241.9 27023.8 19500.2 17228.7 54549.7 21515.8 17580.5 16610 16120.7 17229.5 13459.7 12710.5 13698.6 15095.1 20535.4 23717.1 12394.1 25181.3 13643 12051.6 16528.1
threshold=283.50000000000006 645.50000000000011 90.500000000000014 457.50000000000006 829.50000000000011 99.500000000000014 52.500000000000007 9.5000000000000018 17.550000000000004 71.500000000000014 76.500000000000014 26.050000000000004 46.500000000000007 30.500000000000004 636.50000000000011 520.50000000000011 247.50000000000003 17.250000000000004 565.00000000000011 2.5000000000000004 52.500000000000007 29.450000000000003 21.500000000000004 11.500000000000002 58.500000000000007 99.500000000000014 77.500000000000014 318.50000000000006 705.50000000000011 675.50000000000011
decision_type=2 2 2 2 2 2 2 2 2 2 2 2 2 2 2 2 2 2 2 2 2 2 2 2 2 2 2 2 2 2
left_child=2 3 -1 9 5 7 -7 20 17 11 -11 -2 13 15 -14 19 -4 18 -5 -10 21 22 23 -3 -25 26 -18 -28 29 -22
right_child=1 4 16 8 -6 6 -8 -9 12 10 -12 -13 14 -15 -16 -17 25 -19 -20 -21 28 -23 -24 24 -26 -27 27 -29 -30 -31
leaf_value=-0.86483555247351662 0.29383698532911112 2.2033247113227845 -0.24959374126978218 0.68971461375057697 2.6335129118051053 2.2341392388177472 -1.4282285833358765 1.1945704214389508 1.2500591071446738 0.71109061209594504 2.4566003719965619 0.87643475853466379 1.4221624963271344 -1.4011264891851516 2.3365667058275892 1.7171499762952942 0.12553979764634279 -0.40059116830428443 2.0388657316084831 -0.40038961228870207 3.1330925955887765 2.2407417150457269 2.2658036698897681 -0.042583959613527574 1.5675253109498459 -0.3370085079900243 0.65925911721729102 2.4839655864238743 3.0704234073031693 1.7432144676429637
leaf_weight=4697 441 56 620 100 419 43 20 65 30 85 30 213 391 21 77 97 128 24 31 21 31 276 84 35 66 66 21 20 60 69
leaf_count=4697 441 56 620 100 419 43 20 65 30 85 30 213 391 21 77 97 128 24 31 21 31 276 84 35 66 66 21 20 60 69
internal_value=-1.39967e-08 1.49355 -0.749195 0.945023 2.1931 1.96386 1.07148 2.03963 1.29391 0.5857 1.16644 0.483582 1.41635 0.98363 1.57261 1.32201 -0.113916 0.790723 1.00898 0.570463 2.12076 2.00024 1.72481 1.43537 1.00957 0.244044 0.470964 1.54936 2.51021 2.17408
internal_weight=8337 2785 5552 1561 1224 805 63 742 792 769 115 654 637 169 468 148 855 155 131 51 677 517 241 157 101 235 169 41 160 100
internal_count=8337 2785 5552 1561 1224 805 63 742 792 769 115 654 637 169 468 148 855 155 131 51 677 517 241 157 101 235 169 41 160 100
is_linear=0
shrinkage=0.05


Tree=51
num_leaves=31
num_cat=0
split_feature=4 4 6 4 6 1 0 0 2 6 2 5 1 4 2 0 5 1 7 7 3 0 5 1 3 5 3 5 8 8
split_gain=3.37217e+06 307968 252553 50666.7 32051.3 23180.4 22463.6 35989.7 45007.8 20975 19902 84532.5 44250.5 19079.1 17519.7 31535 15509.6 21281 15886.2 24970.2 14657.9 14858.8 14437.7 14136.4 13925.6 14726.4 12924.5 15176.6 13857.6 12067.5
threshold=371.50000000000006 136.50000000000003 701.50000000000011 548.50000000000011 899.50000000000011 349.50000000000006 19.950000000000003 17.250000000000004 53.500000000000007 68.500000000000014 40.500000000000007 32.500000000000007 786.50000000000011 909.00000000000011 62.500000000000007 20.650000000000002 94.500000000000014 612.50000000000011 14.500000000000002 12.500000000000002 19.500000000000004 24.350000000000005 44.500000000000007 575.50000000000011 43.500000000000007 82.500000000000014 15.500000000000002 97.500000000000014 11.500000000000002 2.5000000000000004
decision_type=2 2 2 2 2 2 2 2 2 2 2 2 2 2 2 2 2 2 2 2 2 2 2 2 2 2 2 2 2 2
left_child=1 9 3 16 6 29 7 -4 -9 -1 11 -5 22 -8 26 -16 17 -2 19 -18 21 -6 -12 -24 25 -25 27 -7 -28 -3
right_child=2 5 4 10 20 14 13 8 -10 -11 12 -13 -14 -15 15 -17 18 -19 -20 -21 -22 -23 23 24 -26 -27 28 -29 -30 -31
leaf_value=-0.83138082186008555 0.90209662670978408 -0.46258359357976081 2.7709762687268467 1.5709346244280988 1.4637940962399756 0.86056462498381736 2.0492110850847425 1.8187975933154423 -1.3508043621267591 -0.41920934316738762 1.3482112501882666 -1.9596288033894131 3.9418278837203982 3.1602667738751666 -1.0508213202158609 0.83790961913034023 -0.093445243835449221 2.2023541712399686 -0.70119350901965438 2.0562332454052838 3.6410747815881459 2.7063372299728687 2.8821596115827561 1.5973894780173021 0.4947164678573609 3.1121694638615565 0.91850909772126565 -0.71738127902150151 2.444243167747151 0.093063263884849035
leaf_weight=4574 678 114 23 88 28 64 671 24 21 331 311 21 20 41 39 51 35 33 29 22 35 171 32 68 20 21 46 20 22 684
leaf_count=4574 678 114 23 88 28 64 671 24 21 331 311 21 20 41 39 51 35 33 29 22 35 171 32 68 20 21 46 20 22 684
internal_value=-9.21736e-09 -0.637859 1.58531 1.1446 2.18424 0.143678 2.03027 1.16201 0.33965 -0.803567 1.49969 0.890734 1.64032 2.11319 0.572333 0.0194595 0.885735 0.962446 0.251534 0.736255 2.69747 2.53151 1.53848 1.95817 1.6869 1.95481 0.899693 0.484863 1.41213 0.0136851
internal_weight=8337 5945 2392 1378 1014 1040 780 68 45 4905 581 109 472 712 242 90 797 711 86 57 234 199 452 141 109 89 152 84 68 798
internal_count=8337 5945 2392 1378 1014 1040 780 68 45 4905 581 109 472 712 242 90 797 711 86 57 234 199 452 141 109 89 152 84 68 798
is_linear=0
shrinkage=0.05


Tree=52
num_leaves=31
num_cat=0
split_feature=4 6 4 4 6 8 0 5 2 0 3 6 8 2 0 6 1 8 2 3 1 6 0 0 6 5 3 5 5 5
split_gain=3.04436e+06 365690 114274 69051 41342.2 20365.1 26946.5 17779.1 23010.5 17740.8 15896.6 15411 15316.4 15026.2 16811.1 17350.1 20677.8 15091.7 14830.1 48335.7 18213.7 15256.2 14434.9 14382.1 15455.7 12192.3 12183.1 11727.3 10260.7 15961.8
threshold=269.50000000000006 645.50000000000011 69.500000000000014 457.50000000000006 804.50000000000011 4.5000000000000009 24.250000000000004 99.500000000000014 53.500000000000007 17.550000000000004 57.500000000000007 416.50000000000006 9.5000000000000018 76.500000000000014 15.850000000000003 560.50000000000011 472.50000000000006 10.500000000000002 46.500000000000007 30.500000000000004 742.50000000000011 520.50000000000011 24.950000000000003 17.250000000000004 565.00000000000011 66.500000000000014 6.5000000000000009 2.5000000000000004 41.500000000000007 5.5000000000000009
decision_type=2 2 2 2 2 2 2 2 2 2 2 2 2 2 2 2 2 2 2 2 2 2 2 2 2 2 2 2 2 2
left_child=2 3 -1 13 7 6 10 12 -9 23 -6 22 -3 14 17 16 -16 -2 19 21 -20 27 -4 24 28 -15 -18 -11 29 -5
right_child=1 4 11 9 5 -7 -8 8 -10 18 -12 -13 -14 25 15 -17 26 -19 20 -21 -22 -23 -24 -25 -26 -27 -28 -29 -30 -31
leaf_value=-0.78858122823153654 0.24105234943903411 1.8627823581977605 -0.34048408727350882 1.0809340671256737 3.1276892865145651 2.4108729703219622 0.4827689036726952 1.8277394273064353 -0.51558081388473509 1.1368776694933576 1.3170693473382431 1.1640855664298648 1.0504575886863929 0.69053022993935487 0.49192440379885344 -0.86700649573689414 0.57599039514859518 -1.1653000721225033 1.3646421331488197 -1.360718025479998 2.9068343624472619 1.5707222888764649 0.096954406717079972 -0.43612917711337407 1.8706959462934927 2.319321390390396 1.8656769675143221 -0.40369967619578051 1.2131811049580574 -0.55832697899278372
leaf_weight=4587 65 541 615 27 27 493 34 22 20 30 22 21 65 27 589 21 30 27 448 21 20 97 272 24 31 20 47 21 40 33
leaf_count=4587 65 541 615 27 27 493 34 22 20 30 22 21 65 27 589 21 30 27 448 21 20 97 272 24 31 20 47 21 40 33
internal_value=-7.89372e-09 1.32857 -0.687134 0.835266 1.98067 2.28888 1.5643 1.7067 0.711873 1.16884 2.31476 -0.174648 1.77565 0.515422 0.46304 0.548039 0.592658 -0.171682 1.28557 0.884104 1.43055 1.20263 -0.206343 0.689111 0.895261 1.38363 1.3632 0.502522 0.592877 0.17934
internal_weight=8337 2842 5495 1618 1224 576 83 648 42 792 49 908 606 826 779 687 666 92 637 169 468 148 887 155 131 47 77 51 100 60
internal_count=8337 2842 5495 1618 1224 576 83 648 42 792 49 908 606 826 779 687 666 92 637 169 468 148 887 155 131 47 77 51 100 60
is_linear=0
shrinkage=0.05


Tree=53
num_leaves=31
num_cat=0
split_feature=4 4 6 6 0 0 2 1 6 5 3 1 2 5 1 1 2 0 3 8 3 1 4 1 0 8 4 3 5 8
split_gain=2.75143e+06 251228 205563 42829.5 27431.4 32753.7 45550.4 24301.5 22188.6 17689.2 60275.3 30427.8 17211.6 59826.5 15104.9 14945 15559.5 28335.9 14725.6 26057.5 13115.2 14770.4 14455.3 12191.1 11689.4 11628.4 12855.5 11443.6 13737.6 12729.3
threshold=371.50000000000006 162.50000000000003 701.50000000000011 539.50000000000011 19.950000000000003 17.250000000000004 55.500000000000007 68.500000000000014 786.50000000000011 93.500000000000014 19.500000000000004 701.50000000000011 46.500000000000007 58.500000000000007 484.50000000000006 349.50000000000006 62.500000000000007 20.650000000000002 35.500000000000007 2.5000000000000004 88.500000000000014 925.50000000000011 930.50000000000011 233.50000000000003 17.250000000000004 9.5000000000000018 526.50000000000011 15.500000000000002 97.500000000000014 11.500000000000002
decision_type=2 2 2 2 2 2 2 2 2 2 2 2 2 2 2 2 2 2 2 2 2 2 2 2 2 2 2 2 2 2
left_child=1 7 3 12 5 -4 -7 -1 -6 11 -11 25 13 24 18 -3 27 -18 19 -14 21 22 -10 -9 -2 -5 -27 28 -17 -29
right_child=2 15 4 9 8 6 -8 23 20 10 -12 -13 14 -15 -16 16 17 -19 -20 -21 -22 -23 -24 -25 -26 26 -28 29 -30 -31
leaf_value=-0.75015431783505993 -0.37432071367899578 0.059410169094000743 2.5505092219166134 1.4317761377967404 1.6991475738347717 1.6195614596972101 -1.5543396198749544 -0.4201810220734512 1.9628640685146022 2.0004593491554261 -1.0961919903755188 2.6422870353512145 -1.089503067970276 -2.1903000621568589 1.231668415592938 0.79176464155316362 -1.0194112511781546 0.77095564817187989 1.0712727972012208 0.62871137483719186 3.2337923852602644 2.6231102658863423 3.1987764968872074 0.78777000822804188 0.92218704075358893 -0.20897095474329863 1.1150456139174376 0.83375032958777062 -0.70950870096683505 2.2960494835268368
leaf_weight=4579 21 689 23 424 314 26 20 413 441 33 30 46 25 21 205 64 39 51 152 188 30 135 25 22 101 22 110 46 20 22
leaf_count=4579 21 689 23 424 314 26 20 413 441 33 30 46 25 21 205 64 39 51 152 188 30 135 25 22 101 22 110 46 20 22
internal_value=6.90774e-09 -0.576168 1.43199 1.03438 1.97233 1.00991 0.239604 -0.716227 2.0426 1.32302 0.525863 1.40644 0.765175 0.274712 0.88822 0.178135 0.516157 -0.00487001 0.695325 0.427043 2.21351 2.16258 2.02917 -0.359089 0.699018 1.30419 0.894376 0.82466 0.434319 1.30685
internal_weight=8337 5945 2392 1378 1014 69 46 5014 945 665 63 602 713 143 570 931 242 90 365 213 631 601 466 435 122 556 132 152 84 68
internal_count=8337 5945 2392 1378 1014 69 46 5014 945 665 63 602 713 143 570 931 242 90 365 213 631 601 466 435 122 556 132 152 84 68
is_linear=0
shrinkage=0.05


Tree=54
num_leaves=31
num_cat=0
split_feature=6 4 4 4 8 1 4 1 5 5 7 3 2 1 7 4 7 1 6 5 5 1 3 7 1 0 8 6 6 4
split_gain=2.48557e+06 244666 181802 42429.4 20689.9 36780.6 20141.9 18784.2 18238.9 22059.4 18908.7 25587.3 33378.4 16917.3 15843.8 15843 15681.9 15379 17443.5 20915.9 13999.9 18865.7 31406.6 77776.4 14291.8 13968.7 13160 11710.6 11409.5 14817
threshold=399.50000000000006 162.50000000000003 711.50000000000011 548.50000000000011 4.5000000000000009 859.50000000000011 3.5000000000000004 853.50000000000011 99.500000000000014 81.500000000000014 13.500000000000002 52.500000000000007 57.500000000000007 621.50000000000011 14.500000000000002 375.50000000000006 15.500000000000002 349.50000000000006 297.50000000000006 75.500000000000014 36.500000000000007 570.50000000000011 47.500000000000007 12.500000000000002 786.50000000000011 28.950000000000003 7.5000000000000009 833.50000000000011 579.50000000000011 482.50000000000006
decision_type=2 2 2 2 2 2 2 2 2 2 2 2 2 2 2 2 2 2 2 2 2 2 2 2 2 2 2 2 2 2
left_child=1 6 3 8 5 27 -1 -6 9 13 11 12 -10 25 -12 -11 -16 -3 -19 -20 -5 -22 24 -24 -23 28 -21 -4 29 -2
right_child=2 17 4 20 7 -7 -8 -9 10 15 14 -13 -14 -15 16 -17 -18 18 19 26 21 22 23 -25 -26 -27 -28 -29 -30 -31
leaf_value=-0.73415745214852157 0.44556998940574566 0.062178122106774016 1.5609909708549579 1.0895436058193446 1.7832278415560723 -0.073609271086752415 -0.48500234584012097 2.3023648323762957 1.7831670513749125 2.5432987242033991 1.9214678387750279 -1.8601155662536621 -1.0709402765546527 2.0285633221820549 -0.56575880002975465 0.92626858970948645 1.2433165399924571 1.2432106464139876 0.53988806875534801 -1.5529817797920922 2.5155300682241268 1.5111366831801005 2.3877551013773139 -1.6885025520324708 2.8440883736718785 1.1621703383365745 0.21915285915136337 2.6245426871559836 -0.31855041134742001 1.0678849973176656
leaf_weight=3992 258 692 120 320 324 32 1018 377 20 33 22 20 21 27 25 28 23 62 166 22 44 234 22 25 22 152 20 33 31 152
leaf_count=3992 258 692 120 320 324 32 1018 377 20 33 22 20 21 27 25 28 23 62 166 22 44 234 22 25 22 152 20 33 31 152
internal_value=1.0284e-08 -0.543293 1.3719 1.0326 1.9383 1.46796 -0.683531 2.06242 0.789879 0.893812 0.249587 -0.393913 0.321307 0.804551 0.810351 1.80106 0.30109 0.187053 0.507103 0.287687 1.32808 1.54806 1.40757 0.219533 1.62569 0.74882 -0.709108 1.79038 0.60635 0.676282
internal_weight=8337 5972 2365 1479 886 185 5010 701 812 681 131 61 41 620 70 61 48 962 270 208 667 347 303 47 256 593 42 153 441 410
internal_count=8337 5972 2365 1479 886 185 5010 701 812 681 131 61 41 620 70 61 48 962 270 208 667 347 303 47 256 593 42 153 441 410
is_linear=0
shrinkage=0.05


Tree=55
num_leaves=31
num_cat=0
split_feature=4 6 1 4 4 2 5 0 0 5 1 0 0 3 3 1 1 0 3 4 5 8 5 5 5 3 2 3 5 1
split_gain=2.2437e+06 280370 74863.3 53397.5 31183.8 23428.3 47236.3 22384.3 34639.3 38119.3 19851.9 19452.4 23385.2 22933.3 18481.3 17213.4 16962.4 15683.5 22595.9 14941.5 13526.4 13333.1 13579.6 12987.9 13721 11718 35664.1 25335.6 24268.9 15429.5
threshold=260.50000000000006 592.50000000000011 64.500000000000014 711.50000000000011 482.50000000000006 38.500000000000007 7.5000000000000009 17.350000000000005 19.750000000000004 87.500000000000014 612.50000000000011 22.350000000000005 26.950000000000003 65.500000000000014 33.500000000000007 925.50000000000011 735.50000000000011 16.050000000000004 19.500000000000004 933.50000000000011 29.500000000000004 11.500000000000002 77.500000000000014 94.500000000000014 52.500000000000007 25.500000000000004 48.500000000000007 92.500000000000014 81.500000000000014 337.50000000000006
decision_type=2 2 2 2 2 2 2 2 2 2 2 2 2 2 2 2 2 2 2 2 2 2 2 2 2 2 2 2 2 2
left_child=2 4 -1 7 17 6 -6 14 9 -9 -7 16 13 -13 -3 19 -10 18 -2 23 -19 22 -20 24 -5 -22 -27 28 -28 -29
right_child=1 3 -4 15 5 10 -8 8 11 -11 -12 12 -14 -15 -16 -17 -18 20 21 -21 25 -23 -24 -25 -26 26 27 29 -30 -31
leaf_value=-0.67832231757511541 -0.99770425224588033 1.2659988942353622 -0.17838796261816503 1.6898319429910282 1.2343957253297171 0.96025135782042037 -1.8574866550309317 0.96009100203107056 1.4437598558408875 -1.6198470093987205 2.0004198932422783 0.95747237540473629 1.4483000948002527 -0.73448507525026807 3.2299130725860596 2.3772432639977357 3.3236092170079554 0.28611862914433756 0.14877727215902672 3.0203261499819547 0.52338732343098715 -0.47690683245658883 1.6026271973190636 0.52955150685527108 2.443325259792271 -0.97419133007526393 1.2283191710302275 1.207379648834467 2.8797213636338714 -0.38496298502231469
leaf_weight=4559 42 23 896 615 30 341 21 41 28 22 53 121 306 24 25 137 21 312 36 23 327 30 29 22 67 20 73 32 32 29
leaf_count=4559 42 23 896 615 30 341 21 41 28 22 53 121 306 24 25 137 21 312 36 23 327 30 29 22 67 20 73 32 32 29
internal_value=1.23876e-08 1.12849 -0.596207 1.61015 0.623552 0.969646 -0.0387323 1.25241 1.16404 0.0591603 1.10017 1.30325 1.20046 0.677424 2.28887 1.86314 2.24941 0.463456 -0.0319607 1.76625 0.545725 0.395 0.797418 1.72528 1.76386 0.703615 1.02047 1.26079 1.7316 0.450364
internal_weight=8337 2882 5455 1475 1407 445 51 611 563 63 394 500 451 145 48 864 49 962 137 727 825 95 65 704 682 513 186 166 105 61
internal_count=8337 2882 5455 1475 1407 445 51 611 563 63 394 500 451 145 48 864 49 962 137 727 825 95 65 704 682 513 186 166 105 61
is_linear=0
shrinkage=0.05


Tree=56
num_leaves=31
num_cat=0
split_feature=6 4 4 4 8 1 1 5 5 7 3 2 1 1 7 4 7 1 6 5 8 5 3 5 1 3 7 0 3 8
split_gain=2.02947e+06 199917 146920 34305 17813.3 33009.1 16572 16325.4 19081.8 17055.7 22770.1 30154.7 15996.3 14460.2 14368.8 14254.9 13982.2 12672.5 15258.2 18811.4 12393.1 18148.5 17288.8 12187.4 17201.6 27401.8 69536.1 13088.4 21332.3 11779.1
threshold=399.50000000000006 162.50000000000003 711.50000000000011 548.50000000000011 4.5000000000000009 859.50000000000011 2.5000000000000004 99.500000000000014 81.500000000000014 13.500000000000002 52.500000000000007 57.500000000000007 853.50000000000011 621.50000000000011 14.500000000000002 375.50000000000006 15.500000000000002 349.50000000000006 297.50000000000006 75.500000000000014 9.5000000000000018 55.500000000000007 42.500000000000007 36.500000000000007 570.50000000000011 47.500000000000007 12.500000000000002 21.650000000000002 21.500000000000004 7.5000000000000009
decision_type=2 2 2 2 2 2 2 2 2 2 2 2 2 2 2 2 2 2 2 2 2 2 2 2 2 2 2 2 2 2
left_child=1 6 3 7 5 -4 -1 8 13 10 11 -9 -6 20 -11 -10 -16 -3 -19 -20 -2 -22 -23 -5 -25 27 -27 28 -26 -21
right_child=2 17 4 23 12 -7 -8 9 15 14 -12 -13 -14 -15 16 -17 -18 18 19 29 21 22 -24 24 25 26 -28 -29 -30 -31
leaf_value=-0.6643730306084189 0.83288500072298255 0.055909066900578619 1.6178540165907418 0.97776652861852209 1.6063552514615436 -0.14798819310963154 -0.440554329521963 1.6582377633452419 2.3625732421875001 1.7959368215365843 -1.7890694761276245 -1.0545415605817523 2.0854211688041686 1.8633360509519226 -0.56569768714904789 0.82872824280389734 1.1425245109459627 1.148244907178225 0.49375496763421833 -1.48910993012515 0.64333676476507717 -1.4814135561818662 0.38406888820506913 2.3293866555799139 1.4836523590179591 2.2118587320501155 -1.6424156188964845 1.247190790050305 3.34099368065257 0.18746742606163025
leaf_weight=3965 410 692 153 320 324 32 1045 20 33 22 20 21 377 27 25 28 23 62 166 22 133 23 27 44 52 22 25 182 22 20
leaf_count=3965 410 692 153 320 324 32 1045 20 33 22 20 21 377 27 25 28 23 62 166 22 133 23 27 44 52 22 25 182 22 20
internal_value=2.44482e-10 -0.490922 1.23966 0.934636 1.74882 1.31241 -0.617688 0.716389 0.814719 0.205223 -0.405935 0.268765 1.864 0.7317 0.737803 1.65851 0.252825 0.169265 0.459791 0.254578 0.680175 0.338039 -0.474053 1.20033 1.40557 1.27142 0.161713 1.47516 2.03583 -0.69074
internal_weight=8337 5972 2365 1479 886 185 5010 812 681 131 61 41 701 620 70 61 48 962 270 208 593 183 50 667 347 303 47 256 74 42
internal_count=8337 5972 2365 1479 886 185 5010 812 681 131 61 41 701 620 70 61 48 962 270 208 593 183 50 667 347 303 47 256 74 42
is_linear=0
shrinkage=0.05


Tree=57
num_leaves=31
num_cat=0
split_feature=4 6 6 4 2 5 3 1 8 1 0 1 6 6 1 2 5 5 0 6 0 1 4 8 0 6 6 5 5 4
split_gain=1.83251e+06 167197 136343 29453.7 18859.8 37538.8 66421.4 21363.1 18049.9 42980 17878.2 16829.6 16125.6 19385.7 17947.4 16069.5 41423.4 17208.9 16023.1 14947.6 13776.9 14593.4 12055.6 11559.7 11461.8 10412.5 10168.6 10215.5 17069.6 13810.8
threshold=371.50000000000006 142.50000000000003 626.50000000000011 829.50000000000011 48.500000000000007 49.500000000000007 21.500000000000004 642.50000000000011 4.5000000000000009 828.50000000000011 21.750000000000004 484.50000000000006 484.50000000000006 446.50000000000006 430.50000000000006 54.500000000000007 93.500000000000014 93.500000000000014 17.150000000000002 317.50000000000006 29.550000000000004 816.50000000000011 2.5000000000000004 4.5000000000000009 17.450000000000003 516.50000000000011 481.50000000000006 46.500000000000007 73.500000000000014 457.50000000000006
decision_type=2 2 2 2 2 2 2 2 2 2 2 2 2 2 2 2 2 2 2 2 2 2 2 2 2 2 2 2 2 2
left_child=1 22 4 8 5 18 25 26 9 15 -10 12 13 14 19 17 24 -4 -2 -3 21 -12 -1 -9 -17 -7 27 -6 29 -29
right_child=2 11 3 -5 7 6 -8 23 10 -11 20 -13 -14 -15 -16 16 -18 -19 -20 -21 -22 -23 -24 -25 -26 -27 -28 28 -30 -31
leaf_value=-0.63128518614014184 -0.40036605152168447 -0.033594484502596042 1.2789130656917891 1.8577506994509272 0.42672822582856934 -0.32470009128252664 -3.0617395006492738 1.2415809094905854 2.8474103575167451 -1.1973099691527229 1.1065038693137468 1.2304133471101524 -1.3052838819367547 1.3917991135801588 -1.3884713201295762 2.1095069921933689 -1.2982654994726182 2.8692532219670035 0.88587548631196589 0.40906137480880278 1.6635147737233706 2.3632245104312899 -0.4313313830076399 2.8154515504837039 0.82376155325999623 1.269398124217987 0.98041154736789271 1.0059228194796521 0.30648560753235454 2.5065103681191157
leaf_weight=3961 28 687 75 420 239 21 20 28 23 21 304 32 21 28 21 26 20 22 179 264 318 25 931 20 52 20 410 46 52 23
leaf_count=3961 28 687 75 420 239 21 20 28 23 21 304 32 21 28 21 26 20 22 179 264 318 25 931 20 52 20 410 46 52 23
internal_value=9.37368e-09 -0.470211 1.16865 1.51288 0.754683 0.390656 -0.699435 0.873948 1.34939 0.951926 1.47753 0.101318 0.0659298 0.0947253 0.057361 1.18338 0.731811 1.63961 0.711891 0.0892879 1.42883 1.202 -0.593232 1.89736 1.25234 0.452909 0.810151 0.616243 0.990574 1.50612
internal_weight=8337 5945 2392 1306 1086 268 61 818 886 216 670 1053 1021 1000 972 195 98 97 207 951 647 329 4892 48 78 41 770 360 121 69
internal_count=8337 5945 2392 1306 1086 268 61 818 886 216 670 1053 1021 1000 972 195 98 97 207 951 647 329 4892 48 78 41 770 360 121 69
is_linear=0
shrinkage=0.05


Tree=58
num_leaves=31
num_cat=0
split_feature=6 4 4 4 0 4 5 5 0 3 3 4 0 6 2 0 0 0 8 0 6 1 0 3 4 6 5 1 3 7
split_gain=1.65518e+06 163607 120707 27516.9 15426.4 15118.5 14083.5 17607.7 15077.1 29116.8 15429.9 13106.7 12910 15645.8 12890.8 14102.2 18719.5 45389.7 15836.4 13825.8 14195.4 12297.1 12175.2 11395.3 10770.2 10385.3 10366.5 16121.7 24013.6 62089
threshold=399.50000000000006 127.50000000000001 711.50000000000011 548.50000000000011 29.450000000000003 214.50000000000003 99.500000000000014 81.500000000000014 19.950000000000003 92.500000000000014 21.500000000000004 375.50000000000006 15.65 174.50000000000003 35.500000000000007 28.550000000000004 24.550000000000004 24.150000000000002 8.5000000000000018 19.350000000000005 732.50000000000011 560.50000000000011 20.750000000000004 16.500000000000004 936.50000000000011 542.50000000000011 36.500000000000007 570.50000000000011 47.500000000000007 12.500000000000002
decision_type=2 2 2 2 2 2 2 2 2 2 2 2 2 2 2 2 2 2 2 2 2 2 2 2 2 2 2 2 2 2
left_child=1 -1 3 6 14 -3 7 21 9 10 -8 -9 23 -14 -4 16 17 19 -18 20 -16 -2 -23 -7 -6 -10 -5 -28 -29 -30
right_child=2 5 4 26 24 12 8 11 25 -11 -12 -13 13 -15 15 -17 18 -19 -20 -21 -22 22 -24 -25 -26 -27 27 28 29 -31
leaf_value=-0.56825317522161645 0.56035179237917809 -0.14761999652243263 0.27189386940002441 0.87574266613926754 1.7181437917573943 -0.90716204912197296 -0.63651966762542722 2.2245671604618882 0.24234059453010559 -1.8510087796619961 0.98986305900982452 0.75379655276026047 1.5602840611338618 0.28250203811294211 1.5057383902867636 0.72304577150587312 2.4119147935610141 -0.92725330080304824 1.2141592391580343 1.7346432754598515 -0.16640770489519294 0.054863332509994513 1.4307587290682444 0.1137459297289663 2.6209606356090971 1.7023475930804299 2.1646444469690325 1.3311508056242021 2.0388441974466498 -1.6031987714767457
leaf_weight=4864 518 386 25 320 401 41 25 33 29 21 35 28 25 574 30 59 89 21 40 163 22 20 82 82 36 21 44 256 22 25
leaf_count=4864 518 386 25 320 401 41 25 33 29 21 35 28 25 574 30 59 89 21 40 163 22 20 82 82 36 21 44 256 22 25
internal_value=-2.30471e-09 -0.443347 1.11952 0.843048 1.58104 0.104978 0.647582 0.738911 0.172811 -0.248629 0.312204 1.54946 0.240023 0.335832 1.37521 1.44026 1.5562 1.29146 2.04052 1.50818 0.798292 0.659164 1.16098 -0.226557 1.79252 0.855544 1.08101 1.2703 1.14043 0.101587
internal_weight=8337 5972 2365 1479 886 1108 812 681 131 81 60 61 722 599 449 424 365 236 129 215 52 620 102 123 437 50 667 347 303 47
internal_count=8337 5972 2365 1479 886 1108 812 681 131 81 60 61 722 599 449 424 365 236 129 215 52 620 102 123 437 50 667 347 303 47
is_linear=0
shrinkage=0.05


Tree=59
num_leaves=31
num_cat=0
split_feature=4 6 6 6 0 2 4 1 6 6 1 2 5 1 1 6 4 2 0 5 5 3 7 8 3 1 2 8 4 4
split_gain=1.49631e+06 135493 111716 30709.6 20647.2 30828.1 14636.3 14512.9 14851.3 16320.5 16299.7 14461.3 41080.2 12998.7 13209.5 12419.9 11174.1 11206.5 27932.7 62478.4 10761.2 50441.6 25674.1 11259.1 14372.1 10608.1 10139.4 12537 10103.8 9951.03
threshold=371.50000000000006 142.50000000000003 742.50000000000011 539.50000000000011 19.950000000000003 57.500000000000007 780.50000000000011 484.50000000000006 484.50000000000006 446.50000000000006 430.50000000000006 38.500000000000007 23.500000000000004 701.50000000000011 925.50000000000011 317.50000000000006 930.50000000000011 59.500000000000007 24.550000000000004 10.500000000000002 88.500000000000014 19.500000000000004 14.500000000000002 9.5000000000000018 20.500000000000004 1.5000000000000002 32.500000000000007 4.5000000000000009 526.50000000000011 685.50000000000011
decision_type=2 2 2 2 2 2 2 2 2 2 2 2 2 2 2 2 2 2 2 2 2 2 2 2 2 2 2 2 2 2
left_child=1 25 3 11 5 -4 20 8 9 10 15 12 -2 -6 16 -3 17 18 19 -15 23 22 -22 24 26 -1 -5 -28 -25 -13
right_child=2 7 4 6 13 -7 -8 -9 -10 -11 -12 29 -14 14 -16 -17 -18 -19 -20 -21 21 -23 -24 28 -26 -27 27 -29 -30 -31
leaf_value=-0.57218414232533454 0.60040416824631393 -0.031495295731781871 1.80784476626487 2.0159013791517779 2.5336212150978321 -0.87043723951686514 2.0736430152770011 1.1381068082526327 -1.2591828005654473 1.274494498542377 -1.3277780007748377 0.59890605360662641 -2.039474527537823 1.891224019423775 1.9678865349640813 0.37200123810801999 2.4876388629277546 1.6160510971125075 1.3720114784695234 -1.7941882206046065 2.6670951763788864 -0.94030023136654417 0.24147046327590946 -0.34162968569858509 1.54484420550334 -0.387300069781498 0.31959558683964939 1.0562428581158387 0.81701963741045747 1.7057177134922572
leaf_weight=3925 56 687 21 22 33 22 31 32 21 28 21 616 20 23 137 264 24 293 299 23 24 37 20 22 154 967 72 292 130 21
leaf_count=3925 56 687 21 22 33 22 31 32 21 28 21 616 20 23 137 264 24 293 299 23 24 37 20 22 154 967 72 292 130 21
internal_value=6.26953e-09 -0.424893 1.05602 0.796504 1.50594 0.437561 1.00836 0.0896013 0.0567392 0.0843736 0.0500902 0.557615 -0.0943008 1.56115 1.52099 0.0805164 1.4285 1.38866 1.19555 0.0485179 0.965634 0.420353 1.56454 1.02946 1.13646 -0.535638 0.973533 0.910532 0.64932 0.635394
internal_weight=8337 5945 2392 1517 875 43 804 1053 1021 1000 972 713 76 832 799 951 662 638 345 46 773 81 44 692 540 4892 386 364 152 637
internal_count=8337 5945 2392 1517 875 43 804 1053 1021 1000 972 713 76 832 799 951 662 638 345 46 773 81 44 692 540 4892 386 364 152 637
is_linear=0
shrinkage=0.05


Tree=60
num_leaves=31
num_cat=0
split_feature=6 4 4 6 6 0 0 8 5 1 4 3 2 8 0 5 3 1 2 2 5 2 0 0 0 8 0 0 5 2
split_gain=1.35173e+06 140275 92491.1 19363.7 14080.8 13497.3 12598.4 13961.7 14911.8 23076.4 15488.3 13349 12650.7 12050.9 36227 40563.1 95995.4 28312.5 19905 13924.1 13445.3 11195.4 13018.7 16816.3 39761 14243.7 11648.5 12818.6 10619.5 9722.26
threshold=405.50000000000006 183.50000000000003 711.50000000000011 539.50000000000011 22.500000000000004 29.450000000000003 16.050000000000004 11.500000000000002 75.500000000000014 369.50000000000006 265.50000000000006 46.500000000000007 69.500000000000014 4.5000000000000009 17.250000000000004 85.500000000000014 19.500000000000004 772.50000000000011 64.500000000000014 60.500000000000007 41.500000000000007 35.500000000000007 28.550000000000004 24.550000000000004 24.150000000000002 8.5000000000000018 19.350000000000005 17.150000000000002 46.500000000000007 55.500000000000007
decision_type=2 2 2 2 2 2 2 2 2 2 2 2 2 2 2 2 2 2 2 2 2 2 2 2 2 2 2 2 2 2
left_child=1 4 3 -2 -1 21 11 8 28 10 -10 12 -3 14 18 19 -17 -15 -5 20 -16 -4 23 24 26 -25 27 -23 -8 -28
right_child=2 6 5 13 -6 -7 7 -9 9 -11 -12 -13 -14 17 15 16 -18 -19 -20 -21 -22 22 -24 25 -26 -27 29 -29 -30 -31
leaf_value=-0.53571942572850861 0.56622030618122954 -0.3101899987640413 0.20431081295013429 0.96314689400403397 -0.31277392775314755 1.6230048591147435 0.15167212757167964 0.92846165723364127 -0.62037370778821621 -1.8660559926714217 0.95461998670189474 0.30027571198663544 -1.7274864119291307 0.96934358188748948 0.14729599668866111 1.3306134417057038 -2.932080296107701 2.4554970860481262 2.7394450018803282 -0.016970232460233901 1.6690760467914825 1.6988351693749431 0.60422884665461174 2.2219515432010999 -0.92199466342017766 1.0840241518616676 0.56116312430018478 0.085214783623814586 0.62837293415330353 1.7138031397487077
leaf_weight=4246 624 74 25 46 850 437 433 71 37 21 27 70 20 558 21 25 28 34 24 36 47 20 59 88 21 40 21 32 160 142
leaf_count=4246 624 74 25 46 850 437 433 71 37 21 27 70 20 558 21 25 28 34 24 36 47 20 59 88 21 40 21 32 160 142
internal_value=-7.03349e-09 -0.396279 1.02287 0.776056 -0.498533 1.4253 0.174462 0.261373 0.191515 -0.427838 0.0440768 -0.222466 -0.611742 0.935932 0.6262 0.204433 -0.921376 1.0547 1.57216 0.778162 1.19911 1.23245 1.29321 1.40489 1.1546 1.86635 1.35743 0.705838 0.280293 1.5653
internal_weight=8337 6009 2328 1443 5096 885 913 749 678 85 64 164 94 819 227 157 53 592 70 104 68 448 423 364 236 128 215 52 593 163
internal_count=8337 6009 2328 1443 5096 885 913 749 678 85 64 164 94 819 227 157 53 592 70 104 68 448 423 364 236 128 215 52 593 163
is_linear=0
shrinkage=0.05


Tree=61
num_leaves=31
num_cat=0
split_feature=4 4 6 6 0 2 2 5 1 4 1 1 5 3 7 1 1 5 8 0 3 3 8 4 2 0 5 3 2 8
split_gain=1.22129e+06 110035 90605.2 24574.2 17816.1 27369.8 13265.1 36331.4 13537.7 12957.3 12474.8 11793.8 11609.7 52915.9 23844.7 11606.5 11487.3 11431.4 11390.2 25773.6 18097.5 18010 13752.4 9933.37 9756.93 22891.1 56667.6 9717.43 11587.3 9573.84
threshold=371.50000000000006 127.50000000000001 742.50000000000011 530.50000000000011 19.950000000000003 57.500000000000007 38.500000000000007 23.500000000000004 539.50000000000011 780.50000000000011 453.50000000000006 701.50000000000011 88.500000000000014 17.500000000000004 14.500000000000002 925.50000000000011 668.50000000000011 50.500000000000007 2.5000000000000004 17.850000000000005 50.500000000000007 62.500000000000007 10.500000000000002 930.50000000000011 59.500000000000007 24.550000000000004 10.500000000000002 75.500000000000014 59.500000000000007 9.5000000000000018
decision_type=2 2 2 2 2 2 2 2 2 2 2 2 2 2 2 2 2 2 2 2 2 2 2 2 2 2 2 2 2 2
left_child=1 -1 3 6 5 -4 7 -2 -8 10 -5 -6 16 14 -14 23 29 -10 19 27 22 -22 -20 24 25 26 -13 28 -3 -12
right_child=2 18 4 9 11 -7 8 -9 17 -11 12 15 13 -15 -16 -17 -18 -19 20 -21 21 -23 -24 -25 -26 -27 -28 -29 -30 -31
leaf_value=-0.48504506577948076 0.53394628549163992 0.44400908378884196 1.6579436135433969 1.9003719151020051 2.3368240873018902 -0.86564716696739197 0.48119959458966477 -1.9545996546745301 0.70367122631446988 1.9052809992144184 0.88664120395146107 1.7843757567198382 2.5064228703578313 -1.1032626961259859 0.1688129496574402 1.7911730604667735 1.2180116107677803 1.9092609759420158 0.13598227280245948 -1.9996188259124759 1.9878943222761156 0.40452059973877941 -0.39999808959218841 2.2841816922028859 1.4601848502583015 1.2275653674837239 -1.7254735910374188 0.62706377390358181 -0.7182826012831468 0.36970275120857438
leaf_weight=4868 55 32 21 28 33 22 524 20 51 31 382 23 24 38 20 137 195 32 577 20 20 176 151 24 293 299 23 36 65 117
leaf_count=4868 55 32 21 28 33 22 524 20 51 31 382 23 24 38 20 137 195 32 577 20 20 176 151 24 293 299 23 36 65 117
internal_value=3.752e-09 -0.383866 0.954048 0.720338 1.35923 0.366804 0.497665 -0.129666 0.575177 0.90221 0.863534 1.41053 0.826122 0.263493 1.44387 1.37227 0.8926 1.16848 0.0734609 -0.326132 0.139627 0.566089 0.0248105 1.28558 1.24801 1.06782 0.0294511 -0.0744796 -0.334846 0.765435
internal_weight=8337 5945 2392 1517 875 43 682 75 607 835 804 832 776 82 44 799 694 83 1077 153 924 196 728 662 638 345 46 133 97 499
internal_count=8337 5945 2392 1517 875 43 682 75 607 835 804 832 776 82 44 799 694 83 1077 153 924 196 728 662 638 345 46 133 97 499
is_linear=0
shrinkage=0.05


Tree=62
num_leaves=31
num_cat=0
split_feature=6 4 4 6 6 0 8 3 0 8 1 0 3 0 8 5 1 4 3 2 0 7 1 0 2 0 0 8 0 6
split_gain=1.10497e+06 114181 73669.8 15437.1 12095.7 11885.7 11376 23451 16785.1 12726.7 41643.3 28221.4 19073 11239.1 12539.6 13095.8 20900.7 13736.4 11405.4 11176.5 10598.7 9918.27 11026.5 9917.61 11730.6 14893.2 34854.1 12706.3 9724.23 11487.3
threshold=405.50000000000006 183.50000000000003 711.50000000000011 539.50000000000011 3.5000000000000004 29.450000000000003 2.5000000000000004 40.500000000000007 16.850000000000005 4.5000000000000009 697.50000000000011 21.750000000000004 17.500000000000004 16.050000000000004 11.500000000000002 75.500000000000014 369.50000000000006 265.50000000000006 46.500000000000007 69.500000000000014 29.750000000000004 13.500000000000002 756.50000000000011 28.550000000000004 35.500000000000007 24.550000000000004 24.150000000000002 8.5000000000000018 19.350000000000005 735.50000000000011
decision_type=2 2 2 2 2 2 2 2 2 2 2 2 2 2 2 2 2 2 2 2 2 2 2 2 2 2 2 2 2 2
left_child=1 4 3 -2 -1 23 7 -5 -8 10 -10 -11 -12 18 15 -15 17 -17 19 -3 21 22 -13 24 -4 26 28 -27 29 -26
right_child=2 13 5 6 -6 -7 8 -9 9 11 12 20 -14 14 -16 16 -18 -19 -20 -21 -22 -23 -24 -25 25 27 -28 -29 -30 -31
leaf_value=-0.4908398889953034 0.51717438471014021 -0.29464876633640885 0.14691141510009767 1.0786303028915867 -0.30329311996655856 1.4694897018714002 2.2605937329205599 -0.90832317316973654 1.0256260207295418 2.57372969022164 0.23066447159896294 0.83288181841373443 -1.7627087101340295 0.25572019911812494 0.8709309260977407 -0.58451910687459485 -1.7766308696497057 0.89873106943236469 0.26492679917386602 -1.6268097923509779 1.1927863943263104 0.42990084431874448 2.0137191542170263 0.4989247456445533 1.2130951825529337 2.0367031083865599 -0.91321475165230892 0.9619391444325448 1.4108564166203599 -0.31443842917680742
leaf_weight=4001 624 74 25 33 1095 437 22 27 100 26 24 195 24 593 71 37 21 27 70 20 190 156 22 59 32 88 21 40 163 20
leaf_count=4001 624 74 25 33 1095 437 22 27 100 26 24 195 24 593 71 37 21 27 70 20 190 156 22 59 32 88 21 40 163 20
internal_value=1.22158e-08 -0.358287 0.924804 0.704531 -0.450541 1.28396 0.847279 0.184501 0.899672 0.859048 0.444551 0.9632 -0.766022 0.15664 0.238728 0.172524 -0.407891 0.0412271 -0.218264 -0.578087 0.888824 0.73399 0.952598 1.10299 1.19461 1.26657 1.03103 1.70084 1.22093 0.625582
internal_weight=8337 6009 2328 1443 5096 885 819 60 759 737 148 589 48 913 749 678 85 64 164 94 563 373 217 448 389 364 236 128 215 52
internal_count=8337 6009 2328 1443 5096 885 819 60 759 737 148 589 48 913 749 678 85 64 164 94 563 373 217 448 389 364 236 128 215 52
is_linear=0
shrinkage=0.05


Tree=63
num_leaves=31
num_cat=0
split_feature=4 6 4 4 0 5 3 0 7 8 5 5 1 4 5 2 0 5 0 4 4 6 3 0 8 1 8 3 0 3
split_gain=998223 122813 34073.7 23254.2 17223.5 36240.9 93665.4 48615.3 18255.8 17025 19509.1 15941.1 14753.3 25582.8 24429.1 12780.6 21203.4 15129.8 14720.5 12804.4 12432.4 12350.3 11181.7 19953.4 9800.56 15986.3 9749.56 9013.14 6960.17 9090.95
threshold=260.50000000000006 592.50000000000011 60.500000000000007 857.50000000000011 17.250000000000004 85.500000000000014 19.500000000000004 21.250000000000004 13.500000000000002 9.5000000000000018 60.500000000000007 70.500000000000014 609.50000000000011 613.50000000000011 31.500000000000004 76.500000000000014 15.950000000000001 59.500000000000007 15.350000000000003 457.50000000000006 606.50000000000011 914.50000000000011 1.0000000180025095e-35 24.550000000000004 4.5000000000000009 345.50000000000006 10.500000000000002 32.500000000000007 29.450000000000003 19.500000000000004
decision_type=2 2 2 2 2 2 2 2 2 2 2 2 2 2 2 2 2 2 2 2 2 2 2 2 2 2 2 2 2 2
left_child=2 12 -1 4 11 9 8 -8 -7 10 21 -3 15 -14 -15 16 18 -17 26 -18 -11 28 23 -5 -4 -26 -2 -12 29 -6
right_child=1 3 24 22 5 6 7 -9 -10 20 27 -13 13 14 -16 17 19 -19 -20 -21 -22 -23 -24 -25 25 -27 -28 -29 -30 -31
leaf_value=-0.45377549589751087 0.32225803071735326 1.0519159629489436 -0.36960697205750831 0.10886375904083252 0.62480038862675435 2.4646021629755315 -3.4152700829505918 -0.25338887706879648 0.57226253277063366 -0.71118161439895633 1.3971485255194493 2.6901123797452011 2.4087418916225438 1.4812729532519977 -0.88480794429779053 0.39199806854128838 0.2916305698939472 1.8636482642542931 -1.1532068991858979 0.64315213367487267 0.67435132938272824 1.9798876927744957 1.7317870996215128 1.4379398079318855 -0.058287280381341733 1.3444196655636742 -0.64980030490292451 2.4130826985134801 1.1109770128084102 1.1465809056535363
leaf_weight=4540 91 33 274 36 240 26 20 31 25 20 61 27 25 24 20 40 695 31 32 413 85 31 165 131 620 21 36 34 382 128
leaf_count=4540 91 33 274 36 240 26 20 31 25 20 61 27 25 24 20 40 695 31 32 413 85 31 165 131 620 21 36 34 382 128
internal_value=1.39602e-08 0.752713 -0.397675 1.0715 0.9645 0.918815 0.0218212 -1.49334 1.53698 1.01208 1.0842 1.7891 0.418522 1.13149 0.405782 0.381755 0.345174 1.03455 -0.19478 0.422658 0.41044 1.0019 1.43986 1.15143 -0.11932 -0.0123328 0.0467139 1.76075 0.961477 0.806289
internal_weight=8337 2882 5455 1475 1143 1083 102 51 51 981 876 60 1407 69 44 1338 1267 71 159 1108 105 781 332 167 915 641 127 95 750 368
internal_count=8337 2882 5455 1475 1143 1083 102 51 51 981 876 60 1407 69 44 1338 1267 71 159 1108 105 781 332 167 915 641 127 95 750 368
is_linear=0
shrinkage=0.05


Tree=64
num_leaves=31
num_cat=0
split_feature=4 1 6 4 2 5 1 0 2 1 6 6 5 1 4 5 5 1 4 3 7 2 0 0 0 0 0 5 0 2
split_gain=901490 81073.8 67743.2 17544.2 15014.9 122856 29061.4 13985.1 23846.6 12602.7 12852.7 13737.2 11302.1 10732 10580.6 10213.3 27813.9 9545.06 9384.94 8674.42 9745.04 8379.79 16637.4 54011.9 8547.45 8278.82 8195.33 8151.79 8119.35 9876.86
threshold=371.50000000000006 106.50000000000001 742.50000000000011 569.50000000000011 40.500000000000007 54.500000000000007 808.50000000000011 19.950000000000003 57.500000000000007 484.50000000000006 484.50000000000006 446.50000000000006 89.500000000000014 701.50000000000011 222.50000000000003 82.500000000000014 75.500000000000014 925.50000000000011 663.50000000000011 95.500000000000014 13.500000000000002 59.500000000000007 24.550000000000004 22.950000000000003 25.650000000000002 16.150000000000002 14.750000000000002 8.5000000000000018 26.050000000000004 73.500000000000014
decision_type=2 2 2 2 2 2 2 2 2 2 2 2 2 2 2 2 2 2 2 2 2 2 2 2 2 2 2 2 2 2
left_child=1 -1 3 28 5 18 12 8 -4 10 11 14 19 -9 -3 16 26 21 -5 25 -21 22 23 -15 -24 -6 -16 -28 29 -2
right_child=2 9 7 4 6 -7 -8 13 -10 -11 -12 -13 -14 17 15 -17 -18 -19 -20 20 -22 -23 24 -25 -26 -27 27 -29 -30 -31
leaf_value=-0.42124719230096652 0.2979913041905633 -0.15144949586713644 1.4959305286407472 0.72776120781898501 -0.24929135526929583 -3.2441031634807587 2.7972020661830905 2.0990936777808451 -0.85964056849479675 1.0216314689489081 -1.2099856864838374 1.1320798859798484 1.7341242104768755 2.0541169834136963 -0.53374335579574106 0.62737123296432884 -1.6718789309601894 1.5588666437914336 1.8583776293129757 2.0541730403900149 0.59799742221832275 1.2922389210913989 2.0200684027238327 -1.3479369401931764 0.99731882546435713 0.76906928186355838 -0.11035016583995177 0.36958458224573726 0.68043524548055456 1.0022505001859232
leaf_weight=4774 525 524 21 50 21 20 20 33 22 32 21 28 34 20 40 97 22 137 29 27 20 306 22 28 286 402 130 277 314 55
leaf_count=4774 525 524 21 50 21 20 20 33 22 32 21 28 34 20 40 97 22 137 29 27 20 306 22 28 286 402 130 277 314 55
internal_value=9.47008e-09 -0.3298 0.819674 0.617589 0.821279 0.256555 0.927973 1.17003 0.290755 0.0430184 0.0155244 0.0385439 0.853797 1.21547 0.010453 0.160342 0.0637491 1.17898 1.1428 0.790114 1.43452 1.10036 0.935435 0.0695855 1.07037 0.718512 0.149172 0.216288 0.475644 0.364775
internal_weight=8337 5945 2392 1517 623 99 524 875 43 1171 1139 1118 504 832 1090 566 469 799 79 470 47 662 356 48 308 423 447 407 894 580
internal_count=8337 5945 2392 1517 623 99 524 875 43 1171 1139 1118 504 832 1090 566 469 799 79 470 47 662 356 48 308 423 447 407 894 580
is_linear=0
shrinkage=0.05


Tree=65
num_leaves=31
num_cat=0
split_feature=6 4 1 3 6 5 2 1 7 5 4 5 4 6 0 4 1 0 8 3 0 4 1 4 0 8 5 1 6 5
split_gain=814576 84223.9 55166.2 50462.7 20368.1 19063.3 31899.3 35290.3 31460.7 26245.1 15791.4 23572.4 12607.5 19275.9 12321.1 10411.2 9067.03 12762.1 12682.8 11635.8 8301.61 8467.88 7972.42 7918.58 7633.39 12065.5 13279.4 18525.5 13208.1 9478.22
threshold=405.50000000000006 162.50000000000003 760.50000000000011 79.500000000000014 675.50000000000011 99.500000000000014 57.500000000000007 462.50000000000006 13.500000000000002 81.500000000000014 663.50000000000011 60.500000000000007 331.50000000000006 621.50000000000011 20.250000000000004 335.50000000000006 287.50000000000006 16.550000000000004 2.5000000000000004 35.500000000000007 21.050000000000004 955.50000000000011 753.50000000000011 1.5000000000000002 16.050000000000004 11.500000000000002 75.500000000000014 383.50000000000006 247.50000000000003 29.500000000000004
decision_type=2 2 2 2 2 2 2 2 2 2 2 2 2 2 2 2 2 2 2 2 2 2 2 2 2 2 2 2 2 2
left_child=1 23 5 4 -4 9 7 -7 -8 10 15 22 -11 -14 -6 -2 -17 19 -19 -18 -16 -22 -12 -1 -3 26 29 28 -28 -26
right_child=2 24 3 -5 14 6 8 -9 -10 12 11 -13 13 -15 20 16 17 18 -20 -21 21 -23 -24 -25 25 -27 27 -29 -30 -31
leaf_value=-0.4243804305388813 -0.57259852559793567 -0.18224471417250554 2.7850011527538303 -1.1669052909249844 0.0023531699722463438 -0.92290306958285262 -1.6203094694858944 1.4130310394724863 0.37543837524950507 2.5968337195260185 0.92405417169364856 2.5954418325424196 0.4671997465585408 2.234004260943486 2.2080623340606689 1.6062516742944717 -0.826287647522986 -0.39844745583832264 0.61537677512532418 0.54436775272091231 1.14266749697412 2.1397335225885565 0.16541806563735009 -0.27207602404346515 0.018419558452990127 0.79945956816975505 -0.93055199086666107 -1.7799258896708487 0.4058926153416727 0.40166493142054027
leaf_weight=3919 21 181 20 23 22 22 39 61 40 21 258 20 38 26 20 20 32 32 857 30 664 22 40 1091 340 71 29 20 51 307
leaf_count=3919 21 181 20 23 22 22 39 61 40 21 258 20 38 26 20 20 32 32 857 30 664 22 40 1091 340 71 29 20 51 307
internal_value=-6.24606e-09 -0.307625 0.794036 1.13992 1.21085 0.62276 0.109361 0.793868 -0.609804 0.68238 0.627137 0.933747 1.53378 1.18496 1.16761 0.528849 0.55267 0.530513 0.578884 -0.163067 1.20392 1.17464 0.822224 -0.391214 0.111577 0.176591 0.117389 -0.41884 -0.0785686 0.200269
internal_weight=8337 6009 2328 771 748 1557 162 83 79 1395 1310 318 85 64 728 992 971 951 889 62 706 686 298 5010 999 818 747 100 80 647
internal_count=8337 6009 2328 771 748 1557 162 83 79 1395 1310 318 85 64 728 992 971 951 889 62 706 686 298 5010 999 818 747 100 80 647
is_linear=0
shrinkage=0.05


Tree=66
num_leaves=31
num_cat=0
split_feature=4 6 6 6 0 2 2 5 3 1 1 6 6 5 0 3 4 5 1 5 3 4 1 0 2 8 5 1 5 2
split_gain=736903 65570.1 55552.6 14411.7 11736 21866.2 11212.8 31188.3 11096.1 11006.3 10965.2 11955 11942.8 10342.1 9939.64 19214.7 12846 13962.3 9786.71 10585.3 41874.8 22088.5 18218.1 9671.42 9404.08 19094.2 67792 13960.3 9240.71 8980.89
threshold=371.50000000000006 101.50000000000001 742.50000000000011 530.50000000000011 19.950000000000003 53.500000000000007 38.500000000000007 23.500000000000004 72.500000000000014 539.50000000000011 484.50000000000006 484.50000000000006 446.50000000000006 50.500000000000007 25.050000000000004 29.500000000000004 251.50000000000003 82.500000000000014 453.50000000000006 88.500000000000014 31.500000000000004 548.50000000000011 753.50000000000011 25.450000000000003 61.500000000000007 4.5000000000000009 10.500000000000002 958.50000000000011 59.500000000000007 55.500000000000007
decision_type=2 2 2 2 2 2 2 2 2 2 2 2 2 2 2 2 2 2 2 2 2 2 2 2 2 2 2 2 2 2
left_child=1 -1 3 6 5 -4 7 -2 24 -8 11 12 14 -11 15 -3 29 -18 -5 22 21 -21 -20 -24 25 26 -6 -27 -26 -17
right_child=2 10 4 18 8 -7 9 -9 -10 13 -12 -13 -14 -15 -16 16 17 -19 19 20 -22 -23 23 -25 28 27 -28 -29 -30 -31
leaf_value=-0.38137863958787538 0.42564170986413957 -0.329425258772025 1.4620016062259675 1.5997888795260726 1.7188549472439676 -0.79853949909624855 0.37408384185582971 -1.880044873058796 1.8635946713553535 0.55167767767812692 0.94629286909475929 -1.1740828911463419 1.0497114488056727 1.6983883830020206 0.20836223805462462 -0.8239133947035846 0.19535662021649922 1.2622357093445633 0.6560995553631247 -0.17030712904838416 -1.5317624003841328 1.8208238132794698 2.2588211800370899 0.89099136864145612 1.2047613615200659 0.97283012375356293 -1.6443639882679646 2.1447544530585962 2.2329896332075196 0.082029333399342652
leaf_weight=4752 55 412 20 29 31 23 524 20 45 51 32 21 28 32 388 34 92 46 672 26 26 30 28 24 244 432 29 27 24 140
leaf_count=4752 55 412 20 29 31 23 524 20 45 51 32 21 28 32 388 34 92 46 672 26 26 30 28 24 244 432 29 27 24 140
internal_value=-8.34051e-09 -0.298178 0.741081 0.55808 1.05835 0.252875 0.387556 -0.189208 1.09998 0.45882 0.0332318 0.00806565 0.0298421 0.993783 0.00416191 -0.105271 0.190727 0.550983 0.697359 0.664889 0.126474 0.89637 0.72587 1.62752 1.05632 0.932117 0.0932991 1.04177 1.29684 -0.094994
internal_weight=8337 5945 2392 1517 875 43 682 75 832 607 1193 1161 1140 83 1112 724 312 138 835 806 82 56 724 52 787 519 60 459 268 174
internal_count=8337 5945 2392 1517 875 43 682 75 832 607 1193 1161 1140 83 1112 724 312 138 835 806 82 56 724 52 787 519 60 459 268 174
is_linear=0
shrinkage=0.05


Tree=67
num_leaves=31
num_cat=0
split_feature=4 6 6 6 1 2 0 2 1 0 0 2 5 3 0 3 2 5 5 3 0 5 3 1 5 0 0 2 0 0
split_gain=665055 59459.2 50136.2 13006.6 10681.8 13403.3 30264.9 46156.1 17427.3 10591.7 20189.2 10185.4 43919.5 10014.2 9305.15 12085.5 12827.7 9120.24 19534.5 14164.6 9026.75 27553.1 85430.3 16798.6 13695.5 10575 8973.35 8575.48 29568.9 51289
threshold=371.50000000000006 81.500000000000014 742.50000000000011 530.50000000000011 349.50000000000006 60.500000000000007 20.650000000000002 65.500000000000014 488.50000000000006 19.950000000000003 17.750000000000004 46.500000000000007 58.500000000000007 72.500000000000014 25.050000000000004 27.500000000000004 48.500000000000007 50.500000000000007 65.500000000000014 94.500000000000014 17.250000000000004 88.500000000000014 17.500000000000004 753.50000000000011 70.500000000000014 25.250000000000004 20.950000000000003 59.500000000000007 24.550000000000004 23.450000000000003
decision_type=2 2 2 2 2 2 2 2 2 2 2 2 2 2 2 2 2 2 2 2 2 2 2 2 2 2 2 2 2 2
left_child=1 -1 3 11 14 8 7 -7 26 10 -4 12 -2 27 15 -3 -17 -13 -19 -20 24 23 -23 -22 -5 -25 -6 28 29 -11
right_child=2 4 9 20 5 6 -8 -9 -10 13 -12 17 -14 -15 -16 16 -18 18 19 -21 21 22 -24 25 -26 -27 -28 -29 -30 -31
leaf_value=-0.36683952385968122 0.35884098666409653 -0.34259127829881275 1.2505217313766481 0.64048688287536315 0.82060837564898326 -2.7213327237828211 0.62333707276618844 0.33907503996576582 2.0170057813450692 1.4289438952099194 -0.92160281181335457 0.32246418411004774 -2.1197684566179915 1.7704149456818901 0.16437050741497694 -0.97406844593308595 0.16391220962960448 1.3738492149511974 0.62614318297968974 -0.77984574877697499 0.63073891682830152 1.201226635525624 -2.5193750434451636 2.3410424644748371 1.9477297342184821 0.87166469049453732 -0.082955459952354427 1.1818804423157998 0.99821620914956621 -1.8812217617034912
leaf_weight=4647 120 391 23 51 61 22 66 28 20 22 20 362 21 45 334 27 299 75 81 23 639 36 27 24 33 25 50 363 377 25
leaf_count=4647 120 391 23 51 61 22 66 28 20 22 20 362 21 45 334 27 299 75 81 23 639 36 27 24 33 25 50 363 377 25
internal_value=3.24751e-09 -0.283269 0.704027 0.530176 0.0159252 0.3118 -0.0796118 -1.0075 0.658393 1.00543 0.240231 0.368178 -0.0103136 1.04498 -0.0536095 -0.155151 0.0696623 0.466824 0.75877 0.315203 0.662491 0.60751 -0.393317 0.699155 1.15405 1.59136 0.413598 1.0035 0.850787 -0.331783
internal_weight=8337 5945 2392 1517 1298 247 116 50 131 875 43 682 141 832 1051 717 326 541 179 104 835 751 63 688 84 49 111 787 424 47
internal_count=8337 5945 2392 1517 1298 247 116 50 131 875 43 682 141 832 1051 717 326 541 179 104 835 751 63 688 84 49 111 787 424 47
is_linear=0
shrinkage=0.05


Tree=68
num_leaves=31
num_cat=0
split_feature=4 6 4 0 0 0 5 0 5 8 8 5 7 2 5 4 2 5 3 1 3 5 5 2 3 5 3 6 7 0
split_gain=601250 73174.8 20808.1 17900.1 17365.8 24456.1 57107.8 24887.2 16710.2 63276.3 17902.9 15656.4 22888.1 15566.9 12789.2 17161.1 11795.9 25410.1 47669.2 23560.6 14122.9 18530.4 13854.8 12809 16009.2 12086.1 24954.8 34324.4 20677.9 15228.3
threshold=260.50000000000006 592.50000000000011 60.500000000000007 29.450000000000003 17.250000000000004 19.750000000000004 87.500000000000014 22.350000000000005 10.500000000000002 4.5000000000000009 5.5000000000000009 59.500000000000007 13.500000000000002 62.500000000000007 40.500000000000007 606.50000000000011 46.500000000000007 38.500000000000007 31.500000000000004 596.50000000000011 27.500000000000004 61.500000000000007 67.500000000000014 62.500000000000007 6.5000000000000009 37.500000000000007 91.500000000000014 507.50000000000006 13.500000000000002 16.150000000000002
decision_type=2 2 2 2 2 2 2 2 2 2 2 2 2 2 2 2 2 2 2 2 2 2 2 2 2 2 2 2 2 2
left_child=2 16 -1 4 13 6 -6 11 -9 -10 -11 -7 -13 -3 -12 -16 17 -2 -19 20 21 -18 -21 24 -23 -22 29 28 -28 -27
right_child=1 3 -4 -5 5 7 -8 8 9 10 14 12 -14 -15 15 -17 19 18 -20 22 25 23 -24 -25 -26 26 27 -29 -30 -31
leaf_value=-0.35247306442783638 0.33688251397801633 0.95262474462389946 -0.091109437925201625 1.0359303919731506 0.58524672654393606 0.95552282780408859 -2.1836019549369814 0.96744430384120439 -1.670224266543108 1.1543446108996869 -0.039744008346037432 0.91721928630556393 3.2003317076226945 2.629134993553162 -0.060291515807716217 1.1120733040190021 0.31534106906222287 0.047782225663011726 -2.7060751909559428 0.83929767833680524 0.18540201097936698 -0.70701248332476008 2.4009374493360518 -1.1223277425154661 0.75517150743657524 0.42939953230045458 -0.22813509798919163 -1.5088031470775605 1.3218577915181717 1.4417922279226181
leaf_weight=4540 191 45 915 616 73 88 25 185 34 100 110 21 23 20 49 86 530 55 22 49 142 39 20 39 36 54 39 24 48 119
leaf_count=4540 191 45 915 616 73 88 25 185 34 100 110 21 23 20 49 86 530 55 22 49 142 39 20 39 36 54 39 24 48 119
internal_value=4.62573e-10 0.584175 -0.308633 0.830243 0.682742 0.618419 -0.121092 0.722545 0.577901 0.387755 0.59057 1.34057 2.11066 1.46847 0.360458 0.686548 0.326215 0.0277572 -0.739034 0.39644 0.338693 0.190951 1.29195 -0.387352 -0.00516417 0.562039 0.750357 0.165231 0.627033 1.12579
internal_weight=8337 2882 5455 1475 859 794 98 696 564 379 345 132 44 65 245 135 1407 268 77 1139 1070 644 69 114 75 426 284 111 87 173
internal_count=8337 2882 5455 1475 859 794 98 696 564 379 345 132 44 65 245 135 1407 268 77 1139 1070 644 69 114 75 426 284 111 87 173
is_linear=0
shrinkage=0.05


Tree=69
num_leaves=31
num_cat=0
split_feature=4 1 6 4 3 3 0 1 4 5 5 3 2 5 8 5 3 4 8 3 5 5 0 0 1 1 6 3 0 1
split_gain=544322 47970.6 40959.9 14266.9 13493.4 17437.6 13374.6 23735.2 22735.5 13391.9 13027 10823.9 9507.74 14684.6 31239.1 12127 11926 11014.3 21944.6 9428.75 22624.8 20059.1 9055.64 8881.53 8582.79 8395.86 10219 10645.8 15651.1 9175.66
threshold=371.50000000000006 101.50000000000001 766.50000000000011 780.50000000000011 99.500000000000014 57.500000000000007 26.450000000000003 745.50000000000011 678.50000000000011 60.500000000000007 96.500000000000014 96.500000000000014 48.500000000000007 8.5000000000000018 10.500000000000002 66.500000000000014 20.500000000000004 427.50000000000006 4.5000000000000009 91.500000000000014 41.500000000000007 74.500000000000014 25.650000000000002 23.850000000000005 450.50000000000006 484.50000000000006 484.50000000000006 47.500000000000007 23.250000000000004 409.50000000000006
decision_type=2 2 2 2 2 2 2 2 2 2 2 2 2 2 2 2 2 2 2 2 2 2 2 2 2 2 2 2 2 2
left_child=1 -1 3 6 5 10 7 8 12 -10 -4 -8 13 -2 15 23 17 18 -14 20 -18 -21 24 -15 -19 26 27 28 29 -3
right_child=2 25 4 -5 -6 -7 11 -9 9 -11 -12 -13 16 14 -16 -17 19 22 -20 21 -22 -23 -24 -25 -26 -27 -28 -29 -30 -31
leaf_value=-0.32743443134317241 0.45759250138174085 -0.21622766473986768 0.91114773664234294 1.3042315690022594 1.9823118410507838 -0.32321457990578245 0.60933454242558027 -0.85506530389285251 0.81963053064399893 2.2514680549502373 2.1758384012040639 1.7144289934116863 -1.7222117636884964 0.17864081880875998 -2.0140400202377982 0.77751071163586216 0.18298599013970013 -0.38512990001056879 0.38519853194554649 0.70483553959191714 1.240685703482215 -0.82632508585529951 -0.57413935661315918 -1.1321424902727208 0.55351977602523916 0.82615248605143288 -1.087778128896441 0.30781628229879132 0.15091853207896044 -1.2423351495162303
leaf_weight=4752 102 413 670 53 30 28 605 39 89 20 21 23 21 28 23 35 84 28 30 69 127 31 25 24 187 32 21 258 446 23
leaf_count=4752 102 413 670 53 30 28 605 39 89 20 21 23 21 28 23 35 84 28 30 69 127 31 25 24 187 32 21 258 446 23
internal_value=4.87399e-09 -0.25627 0.636925 0.497227 0.943366 0.900016 0.470327 0.35316 0.404212 1.08235 0.949583 0.649808 0.313404 0.0254477 -0.375268 0.0579701 0.414811 0.184744 -0.482559 0.630082 0.819611 0.230176 0.326546 -0.426336 0.431277 0.0271954 0.00517415 0.0253075 -0.0573311 -0.270357
internal_weight=8337 5945 2392 1643 749 719 1590 962 923 109 691 628 814 212 110 87 602 291 51 311 211 100 240 52 215 1193 1161 1140 882 436
internal_count=8337 5945 2392 1643 749 719 1590 962 923 109 691 628 814 212 110 87 602 291 51 311 211 100 240 52 215 1193 1161 1140 882 436
is_linear=0
shrinkage=0.05


Tree=70
num_leaves=31
num_cat=0
split_feature=6 4 1 3 6 5 2 1 7 5 3 4 4 6 0 3 6 7 0 5 0 8 5 1 4 3 5 5 1 0
split_gain=492685 51134.4 33678.8 44480.7 17339.1 13354.2 29596.5 29364 25445.6 23899.9 13539 12798.3 12740.8 14849.8 9813.69 15686 9476.66 9643.85 9273.04 8326.86 7923.12 9583.31 9663.98 17673.5 10799.2 9221.91 10093.4 9076.25 7277.86 6973.77
threshold=405.50000000000006 183.50000000000003 760.50000000000011 79.500000000000014 675.50000000000011 99.500000000000014 57.500000000000007 462.50000000000006 13.500000000000002 81.500000000000014 90.500000000000014 344.50000000000006 331.50000000000006 621.50000000000011 15.950000000000001 35.500000000000007 462.50000000000006 13.500000000000002 20.250000000000004 44.500000000000007 16.050000000000004 11.500000000000002 75.500000000000014 369.50000000000006 265.50000000000006 19.500000000000004 36.500000000000007 46.500000000000007 616.50000000000011 29.050000000000004
decision_type=2 2 2 2 2 2 2 2 2 2 2 2 2 2 2 2 2 2 2 2 2 2 2 2 2 2 2 2 2 2
left_child=1 -1 5 4 -4 9 7 -7 -8 10 11 -2 -11 -14 15 -13 -12 19 -6 -18 25 22 27 24 -24 26 -3 -22 -9 -16
right_child=2 20 3 -5 18 6 8 28 -10 12 16 14 13 -15 29 -17 17 -19 -20 -21 21 -23 23 -25 -26 -27 -28 -29 -30 -31
leaf_value=-0.30098052233371397 -0.74357513189315805 -0.22344639575795125 2.406772560924292 -1.2779995770558068 -0.09641436961564151 -0.85265832380814988 -1.5474967507979809 1.7812026578368565 0.247351410984993 2.4147354012443909 0.11023172997603459 -1.0546610819244826 0.36542849383856124 1.9161810156244501 0.39319270535701345 0.72224699349507038 1.0825198993450258 0.60877619910240177 0.94598219658989502 2.2263710938967192 0.06895508606177185 0.72694948936851933 -0.52403914896217552 -1.6408464695726122 0.79110690934790506 0.071626045356194185 -1.5893320253917151 0.50965864593163135 0.68522729745932986 0.66499019237964052
leaf_weight=5096 23 38 20 23 22 22 39 33 40 21 28 27 38 26 747 23 41 50 706 26 433 71 37 21 27 105 21 160 28 345
leaf_count=5096 23 38 20 23 22 22 39 33 40 21 28 27 38 26 747 23 41 50 706 26 433 71 37 21 27 105 21 160 28 345
internal_value=-4.4644e-09 -0.239243 0.617532 0.887787 0.954382 0.483706 0.0540077 0.713344 -0.638713 0.533606 0.480889 0.42418 1.34608 0.995422 0.447699 -0.237283 0.936512 1.13425 0.914481 1.5264 0.105348 0.174271 0.116395 -0.382204 0.0307881 -0.209428 -0.709609 0.187863 1.27813 0.479063
internal_weight=8337 6009 2328 771 748 1557 162 83 79 1395 1310 1165 85 64 1142 50 145 117 728 67 913 749 678 85 64 164 59 593 61 1092
internal_count=8337 6009 2328 771 748 1557 162 83 79 1395 1310 1165 85 64 1142 50 145 117 728 67 913 749 678 85 64 164 59 593 61 1092
is_linear=0
shrinkage=0.05


Tree=71
num_leaves=31
num_cat=0
split_feature=4 1 8 0 5 0 0 1 6 1 6 8 0 6 2 5 3 0 5 0 8 3 8 5 2 0 8 7 1 1
split_gain=444677 54191 23773.5 47801.2 109756 16250.2 16788.2 15696.8 11939.9 11056.1 10944.4 13062.7 22303.7 15546.9 11259.2 11953.4 10413 9726.49 9158.18 14061.1 24633.9 28382.3 12714.6 24436.5 9531.78 8751.13 10168.3 7245.82 6847.29 6778.29
threshold=260.50000000000006 642.50000000000011 4.5000000000000009 24.250000000000004 10.500000000000002 20.250000000000004 18.850000000000005 64.500000000000014 639.50000000000011 853.50000000000011 439.50000000000006 9.5000000000000018 16.650000000000002 612.50000000000011 76.500000000000014 60.500000000000007 57.500000000000007 15.65 48.500000000000007 17.250000000000004 2.5000000000000004 97.500000000000014 4.5000000000000009 78.500000000000014 62.500000000000007 15.15 2.5000000000000004 11.500000000000002 735.50000000000011 462.50000000000006
decision_type=2 2 2 2 2 2 2 2 2 2 2 2 2 2 2 2 2 2 2 2 2 2 2 2 2 2 2 2 2 2
left_child=7 10 3 5 -5 6 -3 -1 -4 -10 14 18 -13 16 17 -16 29 25 -12 24 -21 22 23 -22 -20 26 27 -2 -7 -14
right_child=1 2 8 4 -6 28 -8 -9 9 -11 11 12 13 -15 15 -17 -18 -19 19 20 21 -23 -24 -25 -26 -27 -28 -29 -30 -31
leaf_value=-0.30302278416985695 -0.27811087250709532 0.7471263384517236 1.7883121914723341 1.4268730018039546 -2.6427964094522842 0.58548010800565986 -0.53184131164299819 -0.074102868512090941 0.69163923516909964 1.0416806604275652 0.38914653181009706 -1.4782887613773346 -0.56705307571784314 -0.72380796528476132 0.25553037770863235 1.8444450004398825 1.0570580334663393 0.19545517183120262 0.81150608582467576 -0.8595595942603218 0.93820703341847378 2.2864953125898655 0.78950666718038864 -1.5038557767868044 1.9184141810681368 -1.1963587885317597 -0.77002260716211413 1.0231643479803336 1.5324058810869854 0.36871923088691516
leaf_weight=4559 20 79 34 30 37 28 38 896 553 381 378 20 23 34 29 20 50 595 41 27 21 26 102 20 37 23 31 23 60 122
leaf_count=4559 20 79 34 30 37 28 38 896 553 381 378 20 23 34 29 20 50 595 41 27 21 26 102 20 37 23 31 23 60 122
internal_value=-3.23301e-09 0.502386 0.751881 0.338873 -0.820556 0.717809 0.331735 -0.265422 0.867933 0.834429 0.313973 0.431038 0.122969 0.262816 0.171631 0.904067 0.434843 0.119768 0.54869 0.768791 0.542835 0.766886 0.490594 -0.253043 1.33658 -0.344499 -0.0797316 0.41792 1.23111 0.220286
internal_weight=8337 2882 1240 272 67 205 117 5455 968 934 1642 901 249 229 741 49 195 692 652 274 196 169 143 41 78 97 74 43 88 145
internal_count=8337 2882 1240 272 67 205 117 5455 968 934 1642 901 249 229 741 49 195 692 652 274 196 169 143 41 78 97 74 43 88 145
is_linear=0
shrinkage=0.05


Tree=72
num_leaves=31
num_cat=0
split_feature=4 4 6 4 2 3 5 0 1 3 5 6 1 2 0 2 0 0 2 3 0 2 2 6 6 6 4 1 2 8
split_gain=401939 35952 30524.7 9060.09 8278.38 30631.1 84611.6 20064.2 13473 10703.3 10580.6 9883.53 8166.9 12070.9 26267.1 41142.4 15295.6 8047.95 19915.6 9920.69 7705.9 9904.97 11615 10310.4 7616.05 14303.1 12859.1 7484.2 7741.77 10721.7
threshold=371.50000000000006 69.500000000000014 742.50000000000011 761.50000000000011 48.500000000000007 32.500000000000007 51.500000000000007 16.550000000000004 753.50000000000011 20.500000000000004 99.500000000000014 688.50000000000011 349.50000000000006 60.500000000000007 20.650000000000002 65.500000000000014 20.950000000000003 19.950000000000003 57.500000000000007 72.500000000000014 25.150000000000002 48.500000000000007 44.500000000000007 410.50000000000006 616.50000000000011 565.00000000000011 641.50000000000011 925.50000000000011 61.500000000000007 4.5000000000000009
decision_type=2 2 2 2 2 2 2 2 2 2 2 2 2 2 2 2 2 2 2 2 2 2 2 2 2 2 2 2 2 2
left_child=1 -1 3 4 5 7 -7 -2 9 10 -6 24 20 16 15 -15 -14 18 -4 27 21 22 -3 -23 25 -11 -26 28 29 -19
right_child=2 12 17 -5 8 6 -8 -9 -10 11 -12 -13 13 14 -16 -17 -18 19 -20 -21 -22 23 -24 -25 26 -27 -28 -29 -30 -31
leaf_value=-0.28711884988429531 -1.0425165772114111 -0.22386616341403123 1.2168580747786022 1.0300855601043033 0.35037322414721733 0.65286285103195252 -3.2294970726189405 0.49075576950559174 1.6050283669233325 0.49750732408667153 -0.53231701221730976 1.333986633999104 1.0689057870289764 -2.5881426791537994 0.54924252479139601 0.30126890965870451 -0.020866935983659671 -0.04207456156611443 -0.93582479737021707 1.5390127507845561 0.15228734746335384 -0.1054445747374647 -1.4124445604581026 1.0465512764453888 -0.52838292496326644 1.4121529133588662 0.87605008892714986 1.1130352536106811 0.93615927955559397 0.68014932799064587
leaf_weight=4587 23 61 21 57 596 36 23 295 25 264 36 44 74 22 66 28 57 60 22 45 326 673 31 20 39 51 28 136 233 358
leaf_count=4587 23 61 21 57 596 36 23 295 25 264 36 44 74 22 66 28 57 60 22 45 326 673 31 20 39 51 28 136 233 358
internal_value=-1.36418e-10 -0.220217 0.547319 0.411667 0.387523 0.185729 -0.860599 0.379859 0.457769 0.43066 0.300093 0.624365 0.00576355 0.265814 -0.105635 -0.970072 0.59473 0.782501 0.115485 0.816974 -0.0520514 -0.136911 -0.624365 -0.0721979 0.542629 0.645593 0.0585443 0.775689 0.705214 0.576481
internal_weight=8337 5945 2392 1517 1460 377 59 318 1083 1058 632 426 1358 247 116 50 131 875 43 832 1111 785 92 693 382 315 67 787 651 418
internal_count=8337 5945 2392 1517 1460 377 59 318 1083 1058 632 426 1358 247 116 50 131 875 43 832 1111 785 92 693 382 315 67 787 651 418
is_linear=0
shrinkage=0.05


Tree=73
num_leaves=31
num_cat=0
split_feature=6 4 1 3 6 5 2 1 6 5 3 4 6 3 4 0 6 7 3 0 5 3 4 5 6 0 2 0 3 0
split_gain=363286 38048.8 24613.4 39226.6 16318.2 10846.4 26625.7 26761.5 24288.5 22146.2 15361.9 11588.9 12801.9 10850.2 10939.2 8258.14 8074.19 8664.51 7416.44 7065.54 12063 9038 8483.66 7011.13 6996.47 6978.87 7233.47 6941.35 6754.8 6749.29
threshold=405.50000000000006 183.50000000000003 763.50000000000011 79.500000000000014 693.50000000000011 99.500000000000014 57.500000000000007 462.50000000000006 516.50000000000011 81.500000000000014 40.500000000000007 331.50000000000006 621.50000000000011 90.500000000000014 344.50000000000006 29.250000000000004 462.50000000000006 13.500000000000002 20.500000000000004 22.550000000000004 38.500000000000007 41.500000000000007 526.50000000000011 44.500000000000007 149.50000000000003 16.050000000000004 32.500000000000007 20.250000000000004 20.500000000000004 15.65
decision_type=2 2 2 2 2 2 2 2 2 2 2 2 2 2 2 2 2 2 2 2 2 2 2 2 2 2 2 2 2 2
left_child=1 -1 5 4 -4 9 7 -7 -8 13 -10 -11 -13 14 -2 18 -15 23 25 20 21 -20 -21 -18 -3 -16 -27 -6 -9 -26
right_child=2 24 3 -5 27 6 8 28 10 11 -12 12 -14 16 15 -17 17 -19 19 22 -22 -23 -24 -25 29 26 -28 -29 -30 -31
leaf_value=-0.25869262292460066 -0.71854732762212337 0.75599068205215436 2.083680018424988 -1.2687959106072135 -0.11154907317388625 -0.83966307640075688 0.30699671893506442 0.72563728444716513 -0.5382071505893361 2.2606020819573174 -2.4528636109828952 0.31806612202995704 1.742000737455156 0.056862724732075424 -0.72319145619869241 0.59408240317113026 0.96647672943952623 0.50399709278345106 -0.52400167006999254 -0.39040569529721614 1.1613282355060801 0.67293332186122634 0.51511983525605853 2.0160742235871463 -0.26649415831674234 0.80714077396052231 0.16981262770659258 0.8112585148904039 1.7849396136071947 0.12149683528827018
leaf_weight=5096 23 38 25 23 21 22 37 34 22 21 20 38 27 28 20 330 41 50 24 38 80 46 81 26 132 49 487 688 27 743
leaf_count=5096 23 38 25 23 21 22 37 34 22 21 20 38 27 28 20 330 41 50 24 38 80 46 81 26 132 49 487 688 27 743
internal_value=9.3447e-10 -0.205438 0.530273 0.764482 0.828195 0.417417 0.0299599 0.655331 -0.627075 0.461965 -1.44995 1.23946 0.909547 0.411425 0.361188 0.38269 0.819555 1.00208 0.298132 0.51366 0.741901 0.262556 0.22596 1.37378 0.09181 0.193858 0.228076 0.783926 1.19451 0.0629656
internal_weight=8337 6009 2328 757 734 1571 162 83 79 1409 42 86 65 1323 1178 1155 145 117 825 269 150 70 119 67 913 556 536 709 61 875
internal_count=8337 6009 2328 757 734 1571 162 83 79 1409 42 86 65 1323 1178 1155 145 117 825 269 150 70 119 67 913 556 536 709 61 875
is_linear=0
shrinkage=0.05


Tree=74
num_leaves=31
num_cat=0
split_feature=4 6 6 4 0 1 6 1 3 4 0 2 5 7 5 2 1 5 6 0 3 0 1 4 6 4 3 2 2 5
split_gain=328862 40676.4 18788.9 19636.7 23044.8 9760.53 8873.61 13244.3 8950.69 8852.8 10477.1 12674.1 47287.9 11414.2 13042.9 14910.4 10944.3 11326.4 13189.1 10914.7 10694 8478.67 13586.1 8166.68 11563.4 8098.62 8065.31 7923.84 10003.1 8377.97
threshold=422.50000000000006 233.50000000000003 783.50000000000011 659.50000000000011 20.450000000000003 287.50000000000006 556.50000000000011 484.50000000000006 11.500000000000002 784.50000000000011 29.450000000000003 40.500000000000007 74.500000000000014 13.500000000000002 44.500000000000007 71.500000000000014 660.50000000000011 5.5000000000000009 556.50000000000011 19.650000000000002 47.500000000000007 16.050000000000004 242.50000000000003 606.50000000000011 642.50000000000011 1.5000000000000002 97.500000000000014 69.500000000000014 73.500000000000014 52.500000000000007
decision_type=2 2 2 2 2 2 2 2 2 2 2 2 2 2 2 2 2 2 2 2 2 2 2 2 2 2 2 2 2 2
left_child=1 25 5 -4 -5 -2 7 21 -9 10 11 12 16 14 -13 19 17 -7 -19 20 -16 22 -3 24 -21 -1 -6 29 -29 -15
right_child=2 6 3 4 26 9 -8 8 -10 -11 -12 13 -14 27 15 -17 -18 18 -20 23 -22 -23 -24 -25 -26 -27 -28 28 -30 -31
leaf_value=-0.27426436869700849 1.4558132057604585 0.59947137616831681 2.2966259896755221 -0.81444072177012772 0.73085078149225469 0.4914110927227533 -0.91260153263807298 0.18300567984580995 1.5899451824334951 0.96235157616541422 0.6405706166060543 0.30949633873918492 -2.1457799245913822 0.1212874890231299 0.62387579169410934 2.0373955866564875 1.0920436034159315 -1.5342654711008072 0.25982887404305594 1.0249685943126678 -0.6520906751354536 0.16734073490617205 -0.67732237380098659 1.5291061168367213 -0.36043152794241906 -0.13349350773341559 1.7277546152627719 -1.1277175615231196 0.24179951985677084 0.62060835568340333
leaf_weight=3919 23 29 20 24 599 53 20 20 26 71 321 257 24 265 52 23 31 20 21 61 24 716 74 44 20 1382 21 24 30 123
leaf_count=3919 23 29 20 24 599 53 20 20 26 71 321 257 24 265 52 23 31 20 21 61 24 716 74 44 20 1382 21 24 30 123
internal_value=3.69006e-09 -0.185177 0.532545 0.753687 0.70577 0.433797 0.128616 0.152691 0.978232 0.417741 0.389982 0.314946 -0.11295 0.384022 0.552572 0.831458 0.277354 0.00867963 -0.615339 0.693465 0.220939 0.106323 -0.317837 0.980761 0.682894 -0.237565 0.764617 0.200599 -0.366875 0.279577
internal_weight=8337 6186 2151 664 644 1487 885 865 46 1464 1393 1072 149 923 481 224 125 94 41 201 76 819 103 125 81 5301 620 442 54 388
internal_count=8337 6186 2151 664 644 1487 885 865 46 1464 1393 1072 149 923 481 224 125 94 41 201 76 819 103 125 81 5301 620 442 54 388
is_linear=0
shrinkage=0.05


Tree=75
num_leaves=31
num_cat=0
split_feature=1 1 4 8 0 5 0 2 0 3 1 6 8 3 5 1 3 0 8 5 6 6 5 5 4 0 0 3 1 5
split_gain=297662 25197.8 22912.5 19881.7 41624.4 100564 13944.4 16225.8 22840.8 11737.9 13391.9 11149.7 10644.6 9854.72 8727.42 8506.37 6638.7 6209.19 14632.3 6742.21 6289.29 8570.17 15366 21683.5 14778 11031.2 24151.7 15411.9 7328.31 8845.03
threshold=349.50000000000006 642.50000000000011 214.50000000000003 4.5000000000000009 24.150000000000002 10.500000000000002 20.250000000000004 55.500000000000007 17.650000000000002 47.500000000000007 328.50000000000006 639.50000000000011 10.500000000000002 7.5000000000000009 9.5000000000000018 853.50000000000011 25.500000000000004 16.050000000000004 10.500000000000002 58.500000000000007 292.50000000000006 435.50000000000006 61.500000000000007 83.500000000000014 302.50000000000006 17.250000000000004 17.550000000000004 99.500000000000014 439.50000000000006 51.500000000000007
decision_type=2 2 2 2 2 2 2 2 2 2 2 2 2 2 2 2 2 2 2 2 2 2 2 2 2 2 2 2 2 2
left_child=2 17 -1 4 6 -6 7 -3 -9 12 14 -5 -4 -14 -11 -13 -17 18 19 -2 -19 22 -22 -24 -23 -26 -27 28 29 -28
right_child=1 3 9 11 5 -7 -8 8 -10 10 -12 15 13 -15 -16 16 -18 20 -20 -21 21 24 23 -25 25 26 27 -29 -30 -31
leaf_value=-0.23052164855701857 -0.15484919194132091 0.80578664983393722 0.064986968763691172 1.6068865904036693 1.2481572400778533 -2.5561317680697693 1.0802570568614227 0.98185262098908432 -1.1255784878300297 -0.093054735889801621 -0.60843783329640122 0.5598617253192153 0.098628310171457442 -1.1646635413169861 0.75335998747417399 0.81777266064591692 1.7536211824417116 0.95605610265181618 -1.0464046311165605 0.69704545934995021 0.29857587823829806 1.7408253979682922 -1.4350898001875196 0.16854056997119257 0.98875690519809722 -1.2508297520379226 0.3649758642095895 1.1820142522735417 0.33884927419808192 -1.1042447316646578
leaf_weight=5241 48 61 273 34 32 38 86 20 36 39 28 553 26 38 139 361 20 39 28 45 251 20 35 53 65 24 21 53 610 20
leaf_count=5241 48 61 273 34 32 38 86 20 36 39 28 553 26 38 139 361 20 39 28 45 251 20 35 53 65 24 21 53 610 20
internal_value=2.83455e-09 0.449692 -0.19849 0.611205 0.234357 -0.817028 0.596903 0.241617 -0.372925 0.110682 0.408018 0.717486 -0.0710725 -0.651451 0.56791 0.685109 0.866899 0.29692 -0.0443392 0.257358 0.33159 0.310449 0.0992538 -0.469267 0.398512 0.364658 0.308935 0.362109 0.295357 -0.351717
internal_weight=8337 2553 5784 1241 273 70 203 117 56 543 206 968 337 64 178 934 381 1312 121 93 1191 1152 339 88 813 793 728 704 651 41
internal_count=8337 2553 5784 1241 273 70 203 117 56 543 206 968 337 64 178 934 381 1312 121 93 1191 1152 339 88 813 793 728 704 651 41
is_linear=0
shrinkage=0.05


Tree=76
num_leaves=31
num_cat=0
split_feature=1 1 4 8 0 5 1 3 1 6 8 1 4 5 1 4 4 0 1 6 6 5 6 8 8 0 4 5 5 5
split_gain=268640 22741.1 20678.5 17943.2 37566 90759 12746.9 10593.5 12086.2 10176.4 9606.77 9287.18 8662.99 7876.5 7349.03 6409.74 5917.62 5701.77 18438.4 6792.82 5624.26 10431.9 7921.31 13439.3 9547.39 25316.9 18727.5 10833.6 13175.6 8899.58
threshold=349.50000000000006 642.50000000000011 214.50000000000003 4.5000000000000009 24.150000000000002 10.500000000000002 812.50000000000011 47.500000000000007 328.50000000000006 636.50000000000011 10.500000000000002 266.50000000000006 576.50000000000011 9.5000000000000018 853.50000000000011 813.50000000000011 621.50000000000011 19.750000000000004 745.50000000000011 697.50000000000011 292.50000000000006 56.500000000000007 345.50000000000006 4.5000000000000009 9.5000000000000018 16.650000000000002 319.50000000000006 56.500000000000007 65.500000000000014 47.500000000000007
decision_type=2 2 2 2 2 2 2 2 2 2 2 2 2 2 2 2 2 2 2 2 2 2 2 2 2 2 2 2 2 2
left_child=2 20 -1 4 6 -6 12 10 13 -5 -4 -12 -3 -9 -11 -16 -14 18 19 -18 21 -2 23 -22 29 -26 -27 -28 -29 -24
right_child=1 3 7 9 5 -7 -8 8 -10 14 11 -13 16 -15 15 -17 17 -19 -20 -21 22 -23 24 -25 25 26 27 28 -30 -31
leaf_value=-0.21899556500428141 0.2705194872778815 -0.43692578651286945 0.061737620322913911 1.6386763478663786 1.185749388486147 -2.4283251440838765 1.420414488307304 -0.088402002438520783 -0.57801593148282604 0.53889559436539591 -1.5122526418417692 -0.21279959136789497 1.3375095260143279 0.71569197846831178 1.3769945839177007 0.74755876695709444 0.0208490720817021 0.77087917688645824 -1.1735319107770921 1.2780605337836528 -1.3210563838481904 1.6878600019216539 0.23381934748213623 0.30678463801741601 -1.3776843523340565 1.425488464321409 0.26734527368373767 -1.528767149448395 -0.055746823076217894 0.55817209003766377
leaf_weight=5241 37 27 273 27 32 38 36 39 28 560 20 44 20 139 46 335 21 57 20 22 21 20 485 32 28 28 203 20 63 375
leaf_count=5241 37 27 273 27 32 38 36 39 28 560 20 44 20 139 46 335 21 57 20 22 21 20 485 32 28 28 203 20 63 375
internal_value=3.0794e-09 0.427207 -0.188565 0.580645 0.222639 -0.776177 0.567058 0.105148 0.387617 0.681611 -0.0675189 -0.618879 0.383101 0.539514 0.65415 0.823554 0.541249 0.408539 0.0807067 0.664074 0.282074 0.767832 0.260011 -0.338209 0.286389 0.0629304 0.191393 0.0705724 -0.410691 0.375252
internal_weight=8337 2553 5784 1241 273 70 203 543 206 968 337 64 167 178 941 381 140 120 63 43 1312 57 1255 53 1202 342 314 286 83 860
internal_count=8337 2553 5784 1241 273 70 203 543 206 968 337 64 167 178 941 381 140 120 63 43 1312 57 1255 53 1202 342 314 286 83 860
is_linear=0
shrinkage=0.05


Tree=77
num_leaves=31
num_cat=0
split_feature=4 4 0 1 0 1 3 1 0 2 5 2 6 7 7 4 3 5 1 4 2 3 0 2 3 0 0 6 5 5
split_gain=243962 30148.3 14811.2 10807.8 8700.94 9453.58 28018.8 9579.67 22496.7 11775.1 15523.3 16927.9 14244.8 9319.35 13916.6 8249.62 7033.1 67383.6 13097.2 21015 11120.2 16951.6 25423.3 27861 10235.8 9062.04 12484.2 7455.23 9693.71 6518.74
threshold=422.50000000000006 69.500000000000014 29.450000000000003 282.50000000000006 23.650000000000002 484.50000000000006 25.500000000000004 435.50000000000006 18.250000000000004 48.500000000000007 41.500000000000007 42.500000000000007 426.50000000000006 11.500000000000002 15.500000000000002 936.50000000000011 93.500000000000014 74.500000000000014 812.50000000000011 767.50000000000011 49.500000000000007 1.5000000000000002 23.650000000000002 59.500000000000007 80.500000000000014 28.350000000000005 22.150000000000002 481.50000000000006 44.500000000000007 42.500000000000007
decision_type=2 2 2 2 2 2 2 2 2 2 2 2 2 2 2 2 2 2 2 2 2 2 2 2 2 2 2 2 2 2
left_child=1 -1 3 -2 5 7 -7 9 -9 10 -3 -12 13 -11 -15 -4 18 27 24 -20 -21 22 -22 -24 29 26 -23 -18 -29 -5
right_child=2 4 15 16 -6 6 -8 8 -10 12 11 -13 -14 14 -16 -17 17 -19 19 20 21 25 23 -25 -26 -27 -28 28 -30 -31
leaf_value=-0.22466420497873596 1.4942272915726615 -0.063728891797955087 0.60846450355160131 0.17899637906417504 0.17402505473744487 -0.40324225902557376 1.9459827214479448 -1.9269740270531697 0.18345696500369482 -0.22124551133315609 -0.34761526571078738 -2.3574914443492889 0.94819027012900303 1.1143386938355186 0.037437322568430596 1.3857892712785138 -0.17644396995504696 -1.8611505604452558 2.2077707886695861 1.3345493581050483 1.0768666629791261 0.12677344878514607 -2.1780166911130605 0.33833686032078486 1.1125030019344428 -0.032663876901973379 1.5980660044628641 0.48858164237506357 1.6107541861357513 0.4342846160587181
leaf_weight=4587 21 63 658 590 620 30 22 23 28 370 22 20 38 33 330 36 24 36 22 39 25 21 22 22 39 22 46 67 27 434
leaf_count=4587 21 63 658 590 620 30 22 23 28 370 22 20 38 33 330 36 24 36 22 39 25 21 22 22 39 22 46 67 27 434
internal_value=3.30803e-09 -0.159493 0.458681 0.36813 0.0274621 -0.0653561 0.590661 -0.102155 -0.768306 -0.0633726 -0.560117 -1.3047 0.00427741 -0.0446567 0.135337 0.648787 0.351662 0.0323978 0.390013 0.742109 0.578431 0.391794 -0.196396 -0.91984 0.317474 0.847805 1.13691 0.61009 0.810908 0.287195
internal_weight=8337 6186 2151 1457 1599 979 52 927 51 876 105 42 771 733 363 694 1436 154 1282 219 197 158 69 44 1063 89 67 118 94 1024
internal_count=8337 6186 2151 1457 1599 979 52 927 51 876 105 42 771 733 363 694 1436 154 1282 219 197 158 69 44 1063 89 67 118 94 1024
is_linear=0
shrinkage=0.05


Tree=78
num_leaves=31
num_cat=0
split_feature=4 1 4 6 1 1 6 1 8 0 5 1 0 2 8 5 0 7 5 2 5 2 5 3 2 0 1 2 6 8
split_gain=220176 27271.3 13580.9 14505.3 8783.88 7979.26 7804.61 11735.2 7719.93 36820.1 66007.5 48615.9 15661.8 15488.6 11033.7 10152.4 8886.47 8432.4 8213.34 8211.05 20134.3 9275.95 8184.49 7711.46 8983.4 7608.48 9246.04 29659.2 11081.6 8615.19
threshold=422.50000000000006 154.50000000000003 876.50000000000011 906.50000000000011 282.50000000000006 899.50000000000011 556.50000000000011 484.50000000000006 4.5000000000000009 23.750000000000004 10.500000000000002 697.50000000000011 16.750000000000004 38.500000000000007 5.5000000000000009 13.500000000000002 29.450000000000003 13.500000000000002 49.500000000000007 57.500000000000007 99.500000000000014 50.500000000000007 46.500000000000007 13.500000000000002 64.500000000000014 23.850000000000005 435.50000000000006 55.500000000000007 426.50000000000006 11.500000000000002
decision_type=2 2 2 2 2 2 2 2 2 2 2 2 2 2 2 2 2 2 2 2 2 2 2 2 2 2 2 2 2 2
left_child=1 -1 3 4 -2 -5 7 25 9 13 -11 -12 -10 -6 15 -14 17 -16 -19 21 -21 -15 -23 -17 -25 26 28 -28 29 -3
right_child=2 6 -4 5 8 -7 -8 -9 12 10 11 -13 14 19 16 23 -18 18 -20 20 -22 22 -24 24 -26 -27 27 -29 -30 -31
leaf_value=-0.20395120633431693 1.4054848761111498 -0.16861718808237203 0.77681181940761057 1.9544330334663393 1.5582746469057525 0.7541414610544841 -0.92100183770060551 0.85815680908120207 -0.90341278910636902 0.69602544583925396 -0.39703542319211094 -3.6847186731255577 0.14326178343143575 0.17189896204617136 0.40264167634599946 0.70488522975862811 0.53333289474540491 0.17793591901659966 -0.5298999734498836 0.29727048321844091 -0.99984670843396872 0.46674255331357317 1.3797623508506351 2.0423138679996615 0.75381112992763522 0.18898295072838667 0.76959692716598516 -1.7161623346805575 0.80082445878248942 0.31420028977866832
leaf_weight=4951 20 454 257 20 26 45 20 46 22 41 22 23 43 86 339 77 511 170 54 206 35 54 45 31 24 510 20 30 39 116
leaf_count=4951 20 454 257 20 26 45 20 46 22 41 22 23 43 86 339 77 511 170 54 206 35 54 45 31 24 510 20 30 39 116
internal_value=3.30893e-09 -0.151518 0.435747 0.389467 0.363382 1.12346 0.0586808 0.0748072 0.351861 0.193102 -0.755189 -2.07741 0.419062 0.373529 0.442356 0.810512 0.382368 0.245346 0.00729691 0.30122 0.108892 0.551766 0.881752 1.02787 1.48006 0.0439825 -0.0682333 -0.721859 -0.0145695 -0.0703596
internal_weight=8337 6186 2151 1894 1829 65 1235 1215 1809 538 86 45 1271 452 1249 175 1074 563 224 426 241 185 99 132 55 1169 659 50 609 570
internal_count=8337 6186 2151 1894 1829 65 1235 1215 1809 538 86 45 1271 452 1249 175 1074 563 224 426 241 185 99 132 55 1169 659 50 609 570
is_linear=0
shrinkage=0.05


Tree=79
num_leaves=31
num_cat=0
split_feature=1 1 4 8 0 5 0 0 3 6 0 6 1 3 1 8 3 8 5 5 7 4 5 0 2 4 6 5 6 8
split_gain=199368 16671.5 15330.2 14143.7 30060.4 75364.8 11506.3 14057.6 9635 21112.4 9950.2 10462.5 15553.6 8658.72 10995.5 8341.94 8921.79 7026.13 6968.3 6892.89 6809.2 10271.3 6523.48 8053.29 6376.11 5534.8 5384.12 9748.65 6518.52 11873.5
threshold=349.50000000000006 642.50000000000011 214.50000000000003 4.5000000000000009 24.150000000000002 10.500000000000002 20.250000000000004 18.850000000000005 5.5000000000000009 645.50000000000011 29.650000000000002 941.50000000000011 893.50000000000011 47.500000000000007 328.50000000000006 10.500000000000002 7.5000000000000009 7.5000000000000009 81.500000000000014 12.500000000000002 13.500000000000002 674.50000000000011 42.500000000000007 26.350000000000005 31.500000000000004 933.50000000000011 292.50000000000006 56.500000000000007 345.50000000000006 4.5000000000000009
decision_type=2 2 2 2 2 2 2 2 2 2 2 2 2 2 2 2 2 2 2 2 2 2 2 2 2 2 2 2 2 2
left_child=2 26 -1 4 6 -6 7 18 10 -10 11 12 20 15 19 -4 -17 22 -3 -15 -5 -22 25 -24 -12 -11 27 -2 29 -28
right_child=1 3 13 8 5 -7 -8 -9 9 17 24 -13 -14 14 -16 16 -18 -19 -20 -21 21 -23 23 -25 -26 -27 28 -29 -30 -31
leaf_value=-0.18864548586356847 0.23828818259408346 0.23682595664804632 0.054791555237093253 0.43116246824228793 1.0758856223896147 -2.2174530277126716 0.92871968743586264 -0.62331492735171012 2.3889977955818176 0.55738133204480012 1.4226995304226877 -0.761808076997598 1.244082741248302 -0.028748877077026572 -0.57521033893738482 0.13425364769422091 -1.0677549663342929 0.42807136110606647 1.2579064269860587 0.67707443182420646 -1.0568076806763809 0.15872241249160163 0.67515483520925046 2.0097017471606917 0.58258166747756168 1.3926152749061584 -1.2443137315057573 1.6084248952567579 0.24610513420833643 0.28576199207454922
leaf_weight=5241 37 55 273 98 32 38 86 38 20 96 24 24 39 47 28 26 38 126 24 131 24 63 20 26 383 25 21 20 1202 32
leaf_count=5241 37 55 273 98 32 38 86 38 20 96 24 24 39 47 28 26 38 126 24 131 24 63 20 26 383 25 21 20 1202 32
internal_value=-4.51254e-09 0.368029 -0.162444 0.499404 0.181554 -0.711927 0.489651 0.166916 0.589045 0.817241 0.479999 0.230346 0.336649 0.0904487 0.345824 -0.0656558 -0.579439 0.709953 0.547028 0.490705 0.145352 -0.176596 0.922631 1.42946 0.632122 0.72995 0.243763 0.719038 0.222177 -0.320494
internal_weight=8337 2553 5784 1241 273 70 203 117 968 313 655 248 224 543 206 337 64 293 79 178 185 87 167 46 407 121 1312 57 1255 53
internal_count=8337 2553 5784 1241 273 70 203 117 968 313 655 248 224 543 206 337 64 293 79 178 185 87 167 46 407 121 1312 57 1255 53
is_linear=0
shrinkage=0.05


Tree=80
num_leaves=31
num_cat=0
split_feature=4 4 0 1 0 3 2 4 0 5 3 1 4 4 1 3 7 6 2 3 5 5 4 6 3 6 0 0 4 0
split_gain=180333 22849.1 11358.8 8723.67 7377.81 8847.84 16740.9 8174.59 13750.2 9269.86 10098.1 7911.16 6853.15 6695.59 12120.6 7960.31 10491.1 10119.4 6302.07 5891.56 59102.1 12182.8 16527.1 15754.7 15330.2 18357.5 8668.99 18207.4 18195.6 8128.29
threshold=422.50000000000006 60.500000000000007 29.450000000000003 282.50000000000006 23.650000000000002 27.500000000000004 47.500000000000007 214.50000000000003 16.150000000000002 82.500000000000014 92.500000000000014 282.50000000000006 936.50000000000011 410.50000000000006 468.50000000000006 17.500000000000004 12.500000000000002 216.50000000000003 56.500000000000007 93.500000000000014 74.500000000000014 67.500000000000014 457.50000000000006 511.50000000000006 1.0000000180025095e-35 779.50000000000011 25.950000000000003 21.150000000000002 581.50000000000011 15.950000000000001
decision_type=2 2 2 2 2 2 2 2 2 2 2 2 2 2 2 2 2 2 2 2 2 2 2 2 2 2 2 2 2 2
left_child=1 -1 3 -2 5 13 -7 18 11 -10 -11 -9 -4 14 15 -3 17 -17 -8 21 -21 29 -23 -24 -25 26 27 28 -26 -5
right_child=2 4 12 19 -6 6 7 8 9 10 -12 -13 -14 -15 -16 16 -18 -19 -20 20 -22 22 23 24 25 -27 -28 -29 -30 -31
leaf_value=-0.19498640656229194 1.3267690733607327 -0.14032293059811665 0.52408541506212936 -0.30077843738098942 0.15603669802878259 -0.95992460727691664 -0.865711448951201 0.29240663397424627 0.33316846576176196 1.6655544652810528 0.39950735058103293 -0.62632632837409075 1.2325705434713099 -1.1002532702218741 0.84364224757466999 -0.47030002304485868 -0.028862481870237391 -2.0417996716499327 0.033034583367407326 0.5490831849496749 -1.7653227978282506 1.8820589671134951 -0.53780401508013409 1.5749994070102007 -0.6226605000460278 -0.80395962099234264 -0.10835439984997114 2.0354465961456301 1.221060415217653 0.29842134014244204
leaf_weight=4540 21 407 658 60 635 35 22 53 95 36 28 42 36 20 28 21 32 20 172 118 36 25 30 39 23 24 24 27 32 998
leaf_count=4540 21 407 658 60 635 35 22 53 95 36 28 42 36 20 28 21 32 20 172 118 36 25 30 39 23 24 24 27 32 998
internal_value=4.10718e-09 -0.137125 0.394355 0.315056 0.0224671 -0.0614268 0.0932256 0.175503 0.362161 0.646523 1.11166 -0.11377 0.560837 -0.202899 -0.16757 -0.226557 -0.707341 -1.23689 -0.0688851 0.300261 0.00805321 0.335362 0.670342 0.518116 0.705558 0.444725 0.727446 0.972071 0.45005 0.26444
internal_weight=8337 6186 2151 1457 1646 1011 483 448 254 159 64 95 694 528 508 480 73 41 194 1436 154 1282 224 199 169 130 106 82 55 1058
internal_count=8337 6186 2151 1457 1646 1011 483 448 254 159 64 95 694 528 508 480 73 41 194 1436 154 1282 224 199 169 130 106 82 55 1058
is_linear=0
shrinkage=0.05


Tree=81
num_leaves=31
num_cat=0
split_feature=1 4 6 4 5 5 3 5 2 3 4 8 4 0 2 6 6 5 6 0 0 2 0 3 5 6 0 4 0 4
split_gain=163452 13940 12472.8 8701.84 7479.03 8502.18 6830.33 32861.4 22657.7 19225.1 10995.6 7235.34 6352.69 6193.59 8492.85 11660.5 9800.95 6060.59 5972.02 7601.19 9219.25 11853.1 23763.1 36532.7 6545.69 6092.92 5639.52 5776.28 6100.65 6011.63
threshold=349.50000000000006 711.50000000000011 37.500000000000007 431.50000000000006 82.500000000000014 52.500000000000007 92.500000000000014 73.500000000000014 57.500000000000007 71.500000000000014 492.50000000000006 4.5000000000000009 955.50000000000011 25.050000000000004 48.500000000000007 292.50000000000006 410.50000000000006 34.500000000000007 726.50000000000011 29.450000000000003 28.450000000000003 58.500000000000007 24.550000000000004 1.0000000180025095e-35 23.500000000000004 910.50000000000011 32.250000000000007 302.50000000000006 18.650000000000002 482.50000000000006
decision_type=2 2 2 2 2 2 2 2 2 2 2 2 2 2 2 2 2 2 2 2 2 2 2 2 2 2 2 2 2 2
left_child=2 6 -1 13 5 12 9 11 -9 26 -11 -8 18 14 15 -4 -16 -5 -3 20 21 22 23 -20 -22 -23 27 28 -2 -29
right_child=1 4 3 17 -6 -7 7 8 -10 10 -12 -13 -14 -15 16 -17 -18 -19 19 -21 24 25 -24 -25 -26 -27 -28 29 -30 -31
leaf_value=-0.18916469274746914 1.2372190875666482 0.85087676855425043 -0.27904785731121112 0.112823997094081 -0.18396741182376178 1.0604034182341662 0.11322419206763423 0.17038474171249957 -1.7345730844532719 1.8274901241064072 0.50487767179129706 1.035901686407271 1.3151213896545499 0.11395119054564114 -0.088893826717547891 -1.5809757141839891 0.8974502767507847 1.227053772625716 -2.3712146054614673 0.54700272459813093 0.33705759063363078 0.51935492075770817 0.62226564527071759 0.44958831990758585 -0.80290361327283533 1.470129724442959 0.71305389302309419 0.074796438376306673 0.093854362666606905 0.29016311679399426
leaf_weight=4354 28 84 95 26 39 68 43 27 37 30 33 42 22 435 804 21 26 23 22 391 20 107 58 24 34 20 61 546 20 797
leaf_count=4354 28 84 95 26 39 68 43 27 37 30 33 42 22 435 804 21 26 23 22 391 20 107 58 24 34 20 61 546 20 797
internal_value=1.7409e-09 0.333234 -0.147086 -0.0189668 0.49308 0.524144 0.247835 -0.0751833 -0.930919 0.279604 1.13469 0.569135 0.477513 -0.0422 -0.114003 -0.514742 -0.0579963 0.63583 0.453266 0.403859 0.207477 0.344971 -0.0508192 -0.899491 -0.380696 0.669083 0.242503 0.221868 0.760817 0.202605
internal_weight=8337 2553 5784 1430 889 850 1664 149 64 1515 63 85 782 1381 946 116 830 49 760 676 285 231 104 46 54 127 1452 1391 48 1343
internal_count=8337 2553 5784 1430 889 850 1664 149 64 1515 63 85 782 1381 946 116 830 49 760 676 285 231 104 46 54 127 1452 1391 48 1343
is_linear=0
shrinkage=0.05


Tree=82
num_leaves=31
num_cat=0
split_feature=1 6 4 3 5 5 3 0 5 3 7 5 1 3 2 3 0 5 2 5 5 4 5 6 0 5 3 2 0 6
split_gain=147515 12620 11446 10191.6 45226.5 23119.6 16401.9 10009.3 16262.8 45365.8 17156.2 9611 9065.53 8394.75 9712.11 7682.05 8280.06 7465.82 7034.86 11096.3 7136.53 6125.36 5987.55 11096.2 7956.1 26265.9 41161.8 19916.8 6129.74 5763.06
threshold=349.50000000000006 660.50000000000011 124.50000000000001 92.500000000000014 64.500000000000014 99.500000000000014 74.500000000000014 17.150000000000002 85.500000000000014 24.500000000000004 13.500000000000002 60.500000000000007 769.50000000000011 32.500000000000007 55.500000000000007 80.500000000000014 14.550000000000002 47.500000000000007 58.500000000000007 83.500000000000014 80.500000000000014 955.50000000000011 36.500000000000007 920.50000000000011 29.450000000000003 10.500000000000002 9.5000000000000018 61.500000000000007 26.450000000000003 292.50000000000006
decision_type=2 2 2 2 2 2 2 2 2 2 2 2 2 2 2 2 2 2 2 2 2 2 2 2 2 2 2 2 2 2
left_child=2 3 -1 6 17 -6 12 -3 11 10 -10 21 29 14 -13 16 -4 -5 19 -17 -20 22 24 -24 25 -9 27 -27 -28 -2
right_child=1 7 15 4 5 -7 -8 8 9 -11 -12 13 -14 -15 -16 18 -18 -19 20 -21 -22 -23 23 -25 -26 26 28 -29 -30 -31
leaf_value=-0.17065714445939031 0.75335596311108577 1.3110042639076711 -0.54878611774428898 0.29870530232787135 -2.2952142251517489 -0.32234909371896225 1.1651406472859285 0.55718002105319264 1.8624664000102453 -1.5292198691909251 -0.1141978761424189 1.4104934080787328 1.2287384802644903 1.7581321129798892 0.034660599560573185 0.2876851281672716 0.0023347330708091969 1.4060761565747468 0.26134022273951107 -1.1058188593387603 1.0571990833049867 1.2493653118610384 0.45093259975302824 1.2369281623799067 0.48612925173159233 -2.207319505106319 0.79934819635094678 -0.33634721446037297 -0.18206046911386342 0.18267793086634657
leaf_weight=4847 46 32 76 45 27 33 48 149 21 38 23 23 22 25 29 50 660 23 90 20 41 22 329 52 285 33 41 25 26 1156
leaf_count=4847 46 32 76 45 27 33 48 149 21 38 23 23 22 25 29 50 660 23 90 20 41 22 329 52 285 33 41 25 26 1156
internal_value=8.40954e-10 0.316572 -0.139732 0.215687 -0.209584 -1.21014 0.258482 0.439069 0.414178 -0.263721 0.82921 0.46768 0.222927 1.00519 0.643202 0.0202421 -0.0545745 0.673257 0.294197 -0.110459 0.510426 0.424656 0.405354 0.558208 0.301174 0.108793 -0.425684 -1.40087 0.418503 0.204518
internal_weight=8337 2553 5784 1400 128 60 1272 1153 1121 82 44 1039 1224 77 52 937 736 68 201 70 131 962 940 381 559 274 125 58 67 1202
internal_count=8337 2553 5784 1400 128 60 1272 1153 1121 82 44 1039 1224 77 52 937 736 68 201 70 131 962 940 381 559 274 125 58 67 1202
is_linear=0
shrinkage=0.05


Tree=83
num_leaves=31
num_cat=0
split_feature=1 0 6 3 5 1 2 3 5 3 1 6 4 2 2 0 0 4 0 3 2 0 2 5 3 4 4 4 1 2
split_gain=133133 11691.3 10627.3 8164.89 58411 57469.8 28798.2 17526.3 19832.6 14012.3 12119.5 20317.9 10570.9 10414.7 17267.9 11130.8 8263.83 8134.69 10780.8 8294.72 15288.4 10749.1 9065.11 8103.85 8495.4 12312.2 7916.07 7729.99 10015.7 7116.75
threshold=349.50000000000006 29.250000000000004 2.5000000000000004 92.500000000000014 73.500000000000014 535.50000000000011 63.500000000000007 71.500000000000014 81.500000000000014 67.500000000000014 812.50000000000011 798.50000000000011 302.50000000000006 49.500000000000007 58.500000000000007 26.450000000000003 21.850000000000005 335.50000000000006 21.650000000000002 20.500000000000004 44.500000000000007 15.950000000000001 32.500000000000007 47.500000000000007 45.500000000000007 537.50000000000011 431.50000000000006 606.50000000000011 609.50000000000011 25.500000000000004
decision_type=2 2 2 2 2 2 2 2 2 2 2 2 2 2 2 2 2 2 2 2 2 2 2 2 2 2 2 2 2 2
left_child=2 3 -1 7 -5 6 -6 9 -9 10 12 -12 -2 -13 -15 16 -16 18 -14 21 -21 -19 -23 -22 27 -26 -4 28 -25 -3
right_child=1 29 26 4 5 -7 -8 8 -10 -11 11 13 17 14 15 -17 -18 19 -20 20 23 22 -24 24 25 -27 -28 -29 -30 -31
leaf_value=-0.17865027777484208 0.95043693076480518 -0.42929196628657257 -0.050037366691351962 0.58364197577373322 0.8114781517248888 -3.5052208435535435 -1.6464848415418105 0.45429818835109476 2.2399822955546171 -1.0858883032202722 1.806878867149353 1.1529629217253792 -1.1405956676712743 -0.81912023760378361 0.0062167141925204891 -0.34311326188700542 1.1558494871965161 -0.72631315500349614 0.33251522986785226 -0.62896478511393072 0.25863858855726735 0.72618664368506414 0.097230710359524936 1.1716203518509865 1.0182730335121355 -0.61929943995042291 0.59421572910279641 1.81760004901886 -0.15229409337043764 0.48246488909468738
leaf_weight=3965 44 22 1770 119 26 20 22 48 23 20 30 36 27 32 22 28 54 37 23 32 143 62 754 50 24 22 49 25 20 788
leaf_count=3965 44 22 1770 119 26 20 22 48 23 20 30 36 27 32 22 28 54 37 23 32 143 62 754 50 24 22 49 25 20 788
internal_value=6.59683e-10 0.300743 -0.132745 0.227803 -0.0843597 -1.25336 -0.315088 0.265318 1.03276 0.228626 0.246571 0.606172 0.189058 0.396746 0.196571 0.509091 0.823061 0.161576 -0.462965 0.188289 0.407112 0.107224 0.145019 0.523854 0.792831 0.235086 -0.0326826 1.0629 0.793359 0.457701
internal_weight=8337 2553 5784 1743 187 68 48 1556 71 1485 1465 202 1263 172 136 104 76 1219 50 1169 316 853 816 284 141 46 1819 95 70 810
internal_count=8337 2553 5784 1743 187 68 48 1556 71 1485 1465 202 1263 172 136 104 76 1219 50 1169 316 853 816 284 141 46 1819 95 70 810
is_linear=0
shrinkage=0.05


Tree=84
num_leaves=31
num_cat=0
split_feature=4 4 4 6 6 1 6 0 1 6 4 1 3 6 5 3 0 0 1 0 1 0 8 0 5 1 0 2 8 5
split_gain=121043 15184.5 8874.1 10957.1 6945.78 9377.62 7404.35 6738.83 15680.1 10427.9 6529.56 6496.26 6461.74 6607.66 6457.8 5415.06 13515.6 5231.38 9048.53 7756.61 9657.78 6046.6 4897.09 28167.1 54887.3 40148.2 12809.2 12748.5 10244.5 8411.26
threshold=422.50000000000006 60.500000000000007 879.50000000000011 906.50000000000011 556.50000000000011 484.50000000000006 496.50000000000006 16.750000000000004 423.50000000000006 446.50000000000006 353.50000000000006 282.50000000000006 69.500000000000014 340.50000000000006 46.500000000000007 1.0000000180025095e-35 24.450000000000003 17.450000000000003 274.50000000000006 23.650000000000002 409.50000000000006 23.150000000000002 4.5000000000000009 23.750000000000004 10.500000000000002 750.50000000000011 16.750000000000004 38.500000000000007 5.5000000000000009 13.500000000000002
decision_type=2 2 2 2 2 2 2 2 2 2 2 2 2 2 2 2 2 2 2 2 2 2 2 2 2 2 2 2 2 2
left_child=1 -1 3 11 5 7 -7 8 12 17 -11 -2 13 -3 -5 16 -4 18 -9 20 21 -19 23 27 -25 -26 -24 -13 29 -28
right_child=2 4 15 14 -6 6 -8 9 -10 10 -12 22 -14 -15 -16 -17 -18 19 -20 -21 -22 -23 26 24 25 -27 28 -29 -30 -31
leaf_value=-0.15951237339898228 1.1595521855354309 -0.33557235874152846 -0.61562466444792574 0.39992999199664958 -0.9083500230312348 0.040735265754518059 1.3142761366367341 -0.019133142305880178 -1.5342936146259309 1.3698943622055992 0.30250950863486842 1.3613640170830947 0.21859812642884469 0.38545593071628259 1.3682720062633358 0.84413259402225338 0.64779479239059956 -0.035020252016264124 1.0424661373390871 0.12189412214895351 -0.97701954789121048 -0.77200513114531844 -0.8890636262568562 0.58629623880220016 -0.57598627185821527 -3.5815372228622437 0.082929741320284939 0.22098814903603611 0.27016385878533983 0.88118832997808405
leaf_weight=4540 20 225 27 33 20 21 25 49 20 23 38 26 113 37 36 121 98 385 34 593 33 30 22 43 25 20 44 427 1077 132
leaf_count=4540 20 225 27 33 20 21 25 49 20 23 38 26 113 37 36 121 98 385 34 593 33 30 22 43 25 20 44 427 1077 132
internal_value=3.17101e-09 -0.112344 0.323087 0.286592 0.0177564 0.0291476 0.732877 0.00865929 -0.170193 0.0682767 0.704966 0.263345 -0.0974409 -0.233748 0.905152 0.605699 0.374896 0.0337233 0.415739 0.00326476 -0.15376 -0.0882963 0.253475 0.127427 -0.691133 -1.91179 0.306959 0.28644 0.327959 0.681624
internal_weight=8337 6186 2151 1905 1646 1626 46 1580 395 1185 61 1836 375 262 69 246 125 1124 83 1041 448 415 1816 541 88 45 1275 453 1253 176
internal_count=8337 6186 2151 1905 1646 1626 46 1580 395 1185 61 1836 375 262 69 246 125 1124 83 1041 448 415 1816 541 88 45 1275 453 1253 176
is_linear=0
shrinkage=0.05


Tree=85
num_leaves=31
num_cat=0
split_feature=4 1 0 6 4 6 3 6 3 5 8 1 3 3 5 0 0 1 1 1 0 4 5 5 5 8 0 5 1 2
split_gain=109241 13737.7 10099.8 13949.5 8008.88 9888.78 7110.8 8563.05 9359.06 17817.7 6745.52 6274.69 6648.27 6072.08 14757.9 9076.46 6397.11 5862.88 5077.03 5074.88 6526.05 6147.67 4928.58 4682.09 5946.51 4419.62 25420.8 49535.8 36347.4 11779.7
threshold=422.50000000000006 233.50000000000003 16.050000000000004 551.50000000000011 879.50000000000011 906.50000000000011 32.500000000000007 488.50000000000006 17.500000000000004 61.500000000000007 11.500000000000002 899.50000000000011 1.0000000180025095e-35 85.500000000000014 82.500000000000014 19.750000000000004 21.050000000000004 282.50000000000006 333.50000000000006 893.50000000000011 24.550000000000004 951.50000000000011 29.500000000000004 35.500000000000007 25.500000000000004 4.5000000000000009 23.750000000000004 10.500000000000002 697.50000000000011 57.500000000000007
decision_type=2 2 2 2 2 2 2 2 2 2 2 2 2 2 2 2 2 2 2 2 2 2 2 2 2 2 2 2 2 2
left_child=1 -1 10 6 5 17 7 8 -4 22 -3 -7 -13 14 -8 18 -17 -2 -15 -6 -21 23 -10 24 -22 26 29 -28 -29 -19
right_child=4 2 3 -5 19 11 13 -9 9 -11 -12 12 -14 15 -16 16 -18 25 -20 20 21 -23 -24 -25 -26 -27 27 28 -30 -31
leaf_value=-0.13701080094873061 1.1015745764970779 -0.14754263538407622 0.13060164882874634 -1.1322009750774928 0.95045631746902615 1.5807568141392299 0.25178867795394133 0.95865901087031336 -0.57972293838858613 -1.5942550669734679 -1.066017120855826 1.0634740463285535 -0.12271357604435512 0.16279531717300416 1.5596396749510486 1.2999001860618593 0.077207310109034838 0.54517594568113581 -0.96381756663322449 -0.16422918223672445 0.536742533020237 1.4018983876705171 0.40945287416963017 1.0133125782012939 -0.3403120567504731 0.29161113797577881 0.55698142266550732 -0.36323924931612883 -3.205983381815579 0.034038893408950208
leaf_weight=5309 20 77 471 21 66 21 59 27 20 24 27 27 21 20 34 20 23 211 20 36 68 20 34 29 27 1275 43 22 23 242
leaf_count=5309 20 77 471 21 66 21 59 27 20 24 27 27 21 20 34 20 23 211 20 36 68 20 34 29 27 1275 43 22 23 242
internal_value=1.09486e-09 -0.106727 0.0766011 0.138839 0.306932 0.272262 0.174333 0.0893437 0.0465905 -0.460707 -0.385993 0.859894 0.544517 0.452481 0.729928 0.141606 0.645902 0.250178 -0.400511 0.575414 0.437899 0.588431 0.0430915 0.457227 0.287474 0.240801 0.121055 -0.656576 -1.8162 0.272118
internal_weight=8337 6186 877 773 2151 1905 752 576 549 78 104 69 48 176 93 83 43 1836 40 246 180 144 54 124 95 1816 541 88 45 453
internal_count=8337 6186 877 773 2151 1905 752 576 549 78 104 69 48 176 93 83 43 1836 40 246 180 144 54 124 95 1816 541 88 45 453
is_linear=0
shrinkage=0.05


Tree=86
num_leaves=31
num_cat=0
split_feature=4 1 0 0 6 2 0 4 3 2 2 5 1 1 4 3 2 5 3 1 5 5 5 6 6 1 1 5 4 4
split_gain=98589.9 12840.7 7371.1 6307.61 7838.93 16513.1 15653.2 14328.1 16046.6 26020.9 8600.23 44088.9 17313.1 9385.75 8323.92 8097.64 9590.3 15017.3 7617.46 10174.8 15488.2 9889.69 6434.17 6223.11 5825.06 7957.45 5607.34 6924.18 5624.5 9936.01
threshold=422.50000000000006 48.500000000000007 29.250000000000004 28.550000000000004 783.50000000000011 46.500000000000007 20.450000000000003 780.50000000000011 1.5000000000000002 58.500000000000007 40.500000000000007 64.500000000000014 816.50000000000011 660.50000000000011 849.50000000000011 20.500000000000004 73.500000000000014 57.500000000000007 40.500000000000007 570.50000000000011 55.500000000000007 80.500000000000014 5.5000000000000009 775.50000000000011 732.50000000000011 760.50000000000011 453.50000000000006 70.500000000000014 569.50000000000011 482.50000000000006
decision_type=2 2 2 2 2 2 2 2 2 2 2 2 2 2 2 2 2 2 2 2 2 2 2 2 2 2 2 2 2 2
left_child=1 -1 3 4 10 14 -7 -8 9 -9 11 13 15 22 -6 24 18 -18 -17 21 -21 -20 -2 -5 26 -26 -12 -28 29 -29
right_child=2 -3 -4 23 5 6 7 8 -10 -11 12 -13 -14 -15 -16 16 17 -19 19 20 -22 -23 -24 -25 25 -27 27 28 -30 -31
leaf_value=-0.14681691907710551 0.34437094571498728 0.012847179233795032 0.42085687946540973 0.13655685705634266 2.1190072624456313 -0.93519747948104692 1.4203903234366215 -1.549204161963784 0.71107642245426605 0.4826234209537506 -0.40532613979695847 -1.8022511377930641 1.5255607054783749 0.9470361653211955 0.69372399330139167 0.61016654872894294 0.26706649506321323 2.0894649134576322 0.18594455551642641 0.15228255353214448 -1.3014727981002243 1.2375615345107187 -0.5401833215070998 -0.68290050203601527 -1.0164433478481241 0.24915562712627912 0.098273863207513495 1.0830322891473771 1.2148227492968242 -0.47416394253571825
leaf_weight=4426 52 1760 729 65 21 22 33 26 89 40 43 32 26 37 20 125 26 20 130 57 27 27 34 36 27 23 316 20 27 21
leaf_count=4426 52 1760 729 65 21 22 33 26 89 40 43 32 26 37 20 125 26 20 130 57 27 27 34 36 27 23 316 20 27 21
internal_value=1.41585e-09 -0.10139 0.291586 0.225314 0.254432 0.505911 0.326714 0.474385 0.272977 -0.317794 0.19544 -0.148972 0.253783 0.28115 1.42375 0.216588 0.378959 1.05941 0.293437 0.129159 -0.314996 0.366796 -0.00533656 -0.155527 0.0763429 -0.434268 0.136133 0.196766 0.654462 0.285444
internal_weight=8337 6186 2151 1422 1321 251 210 188 155 66 1070 155 915 123 41 889 412 46 366 241 84 157 86 101 477 50 427 384 68 41
internal_count=8337 6186 2151 1422 1321 251 210 188 155 66 1070 155 915 123 41 889 412 46 366 241 84 157 86 101 477 50 427 384 68 41
is_linear=0
shrinkage=0.05


Tree=87
num_leaves=31
num_cat=0
split_feature=1 4 1 4 5 5 3 0 0 4 1 3 0 5 3 3 5 1 1 4 4 6 3 1 5 0 5 0 0 3
split_gain=89587.6 8643.02 7581.57 5986.46 4706.52 7683.91 5414.23 12647.2 32885.1 6906.7 6580.38 4563.77 24859.6 32615.9 25912.5 14008.9 9271.4 5238.89 5900.4 7575.68 11318.4 20734 10411.1 8009.62 5803.38 5442.11 5203.29 5083.25 5252.35 4677.37
threshold=349.50000000000006 711.50000000000011 1.5000000000000002 522.50000000000011 82.500000000000014 52.500000000000007 1.0000000180025095e-35 24.550000000000004 23.850000000000005 926.50000000000011 958.50000000000011 92.500000000000014 26.650000000000002 64.500000000000014 99.500000000000014 71.500000000000014 81.500000000000014 360.50000000000006 481.50000000000006 403.50000000000006 469.50000000000006 547.50000000000011 57.500000000000007 786.50000000000011 44.500000000000007 16.650000000000002 46.500000000000007 25.550000000000004 26.650000000000002 48.500000000000007
decision_type=2 2 2 2 2 2 2 2 2 2 2 2 2 2 2 2 2 2 2 2 2 2 2 2 2 2 2 2 2 2
left_child=2 11 -1 -4 5 6 7 8 -3 -8 -9 15 13 26 -15 17 -17 -2 29 -20 21 -21 23 24 25 -22 -13 -26 -29 -19
right_child=1 4 3 -5 -6 -7 9 10 -10 -11 -12 12 -14 14 -16 16 -18 18 19 20 22 -23 -24 -25 27 -27 -28 28 -30 -31
leaf_value=-0.14828939146145134 0.81677646660997016 0.42715254548268444 -0.035070768332128098 0.83466773569583896 -0.16451957775996284 0.90701317147297011 0.40086057432280092 0.27754591141704776 -1.9904837570407174 1.0272658126950265 1.1572067841239597 0.090861292713218272 1.5099039471575193 -2.4684666454792024 -0.34745262265205384 0.47541002705693247 1.7352603637653852 -0.034680553236318863 0.91319288015365607 0.18861142826080324 -0.60989509697841571 -1.5992634713649752 -0.79552488586177006 1.1642911477088929 0.61120678447864274 0.17924288077399544 1.0153324718060701 -0.51815900802612302 0.32578353088299766 0.53746038400209872
leaf_weight=3925 31 39 1839 20 39 68 367 281 22 50 23 45 21 24 36 40 23 425 39 50 23 24 23 25 165 436 23 21 151 39
leaf_count=3925 31 39 1839 20 39 68 367 281 22 50 23 45 21 24 36 40 23 425 39 50 23 24 23 25 165 436 23 21 151 39
internal_value=2.43516e-09 0.246705 -0.108893 -0.0257137 0.372569 0.397212 0.352882 0.212259 -0.444782 0.475969 0.344099 0.179461 -0.0845779 -0.346173 -1.19586 0.205429 0.935355 0.173759 0.159731 0.230675 0.20168 -0.39124 0.253665 0.283058 0.255381 0.1397 0.40355 0.412941 0.222744 0.0134089
internal_weight=8337 2553 5784 1859 889 850 782 365 61 417 304 1664 149 128 60 1515 63 1452 1421 957 918 74 844 821 796 459 68 337 172 464
internal_count=8337 2553 5784 1859 889 850 782 365 61 417 304 1664 149 128 60 1515 63 1452 1421 957 918 74 844 821 796 459 68 337 172 464
is_linear=0
shrinkage=0.05


Tree=88
num_leaves=31
num_cat=0
split_feature=1 0 4 3 2 3 5 1 2 3 5 3 5 1 4 2 3 0 2 4 4 0 3 2 0 2 5 1 6 5
split_gain=80852.8 8128.59 6938.3 6900.61 8151.28 6429.3 46195.5 62087.9 27550.9 13760.3 16294.9 12429.6 9640.68 9327.75 17297.5 10437.7 12550.3 22570 17429.6 9591.68 6894.05 9807.07 6815.34 13336.7 8530.69 8147.54 7376.92 7289.99 7671.2 6668.19
threshold=349.50000000000006 29.250000000000004 214.50000000000003 54.500000000000007 27.500000000000004 92.500000000000014 64.500000000000014 535.50000000000011 63.500000000000007 71.500000000000014 81.500000000000014 67.500000000000014 48.500000000000007 812.50000000000011 776.50000000000011 49.500000000000007 1.5000000000000002 23.650000000000002 59.500000000000007 302.50000000000006 335.50000000000006 21.650000000000002 20.500000000000004 44.500000000000007 15.950000000000001 32.500000000000007 47.500000000000007 717.50000000000011 675.50000000000011 36.500000000000007
decision_type=2 2 2 2 2 2 2 2 2 2 2 2 2 2 2 2 2 2 2 2 2 2 2 2 2 2 2 2 2 2
left_child=2 5 -1 4 -3 9 12 8 -8 11 -11 13 -7 19 -15 -16 17 -17 -19 -2 21 -21 24 -24 -22 29 -25 28 -28 -26
right_child=1 3 -4 -5 -6 6 7 -9 -10 10 -12 -13 -14 14 15 16 -18 18 -20 20 22 -23 23 26 25 -27 27 -29 -30 -31
leaf_value=-0.12107531362896627 0.86602961421012881 -0.54641925954818726 0.066684930065636472 1.2824575376510621 0.37105877517533847 0.29267321591882894 0.89240809021324952 -3.3012030850757252 -1.4248614192008973 0.36251119573911034 1.9811125444329303 -1.0637263515591622 1.4218514462312064 1.9024515843391421 1.0783852247091441 0.85831375265121468 0.60160170743862795 -2.0144282572648744 -0.00057842809529531566 -1.1066548656534267 -0.67685447641321139 0.29835337970567788 -0.6301480989903212 0.19353405656097655 0.27924173445236394 0.05407055866328965 0.67893696706545992 -0.071227024555206297 1.7349257049106417 1.3748826561939149
leaf_weight=5241 44 25 543 20 765 89 29 22 23 48 23 20 24 20 39 25 75 22 21 27 37 23 32 143 41 754 95 25 21 21
leaf_count=5241 44 25 543 20 765 89 29 22 23 48 23 20 24 20 39 25 75 22 21 27 37 23 32 143 41 754 95 25 21 21
internal_value=-2.15615e-09 0.23437 -0.103448 0.365245 0.342025 0.17355 -0.103455 -1.07457 -0.132538 0.20684 0.886847 0.174328 0.532499 0.19123 0.506705 0.353327 0.155583 -0.336349 -1.03092 0.140774 0.114595 -0.460351 0.139187 0.337539 0.0657058 0.0993758 0.446574 0.703204 0.870107 0.650346
internal_weight=8337 2553 5784 810 790 1743 187 74 52 1556 71 1485 113 1465 202 182 143 68 43 1263 1219 50 1169 316 853 816 284 141 116 62
internal_count=8337 2553 5784 810 790 1743 187 74 52 1556 71 1485 113 1465 202 182 143 68 43 1263 1219 50 1169 316 853 816 284 141 116 62
is_linear=0
shrinkage=0.05


Tree=89
num_leaves=31
num_cat=0
split_feature=4 1 4 6 5 6 1 3 0 1 0 6 8 6 0 7 7 1 1 1 0 4 6 0 6 8 3 5 5 2
split_gain=73336.8 9640.63 6360.19 8213.5 5569.76 5503.52 7179.74 6620.22 5520.79 8248.31 25652.8 8199.06 5186.6 9365.65 7753.02 12217.7 12655.6 5197.38 5149.01 4721.88 5780.32 5335.68 4397.4 17564.2 4911.49 8529.01 5601.76 38216.2 10835.7 20356.8
threshold=422.50000000000006 1.5000000000000002 879.50000000000011 906.50000000000011 46.500000000000007 556.50000000000011 484.50000000000006 11.500000000000002 23.650000000000002 435.50000000000006 18.250000000000004 426.50000000000006 11.500000000000002 408.50000000000006 16.250000000000004 11.500000000000002 15.500000000000002 238.50000000000003 282.50000000000006 893.50000000000011 24.550000000000004 951.50000000000011 862.50000000000011 25.150000000000002 833.50000000000011 7.5000000000000009 93.500000000000014 74.500000000000014 67.500000000000014 34.500000000000007
decision_type=2 2 2 2 2 2 2 2 2 2 2 2 2 2 2 2 2 2 2 2 2 2 2 2 2 2 2 2 2 2
left_child=1 -1 3 18 -5 6 8 -8 9 11 -11 12 13 -3 17 -16 -17 -14 -2 -4 -21 -22 24 -24 26 -26 28 -28 -20 -30
right_child=2 5 19 4 -6 -7 7 -9 -10 10 -12 -13 14 -15 15 16 -18 -19 22 20 21 -23 23 -25 25 -27 27 -29 29 -31
leaf_value=-0.13482116161182428 0.99834287673234945 -0.095442350700189554 0.85250433509125179 0.28693608930616671 1.1862360801961687 -0.83095048129558569 -0.063528149724006652 1.1464667731752762 0.091990989703038012 -1.9764177896759727 0.3236581594855697 0.64761266257704764 0.035083532448143072 -1.1876998518407345 -0.29682201201265512 1.9304700946807865 0.41355743282897911 -0.83093204044160385 0.16647136678885935 -0.20858748513791295 0.37753283355024553 1.2576094305515291 -1.4538075089454652 0.17210577088503207 1.1084646438062191 0.05520893544764132 0.34882264057343659 -1.5691369975314422 -0.97088480338454242 0.70331201761355866
leaf_weight=3925 20 1049 66 33 36 20 20 26 819 22 27 41 99 20 33 20 44 21 1260 36 124 20 20 98 40 37 110 34 20 197
leaf_count=3925 20 1049 66 33 36 20 20 26 819 22 27 41 99 20 33 20 44 21 1260 36 124 20 20 98 40 37 110 34 20 197
internal_value=1.35638e-10 -0.0874463 0.251484 0.220588 0.756136 -0.0052055 0.00216393 0.620382 -0.0107919 -0.0719686 -0.709029 -0.0484449 -0.0706365 -0.115877 0.152233 0.484647 0.887593 -0.116469 0.200461 0.490741 0.358095 0.499766 0.191674 -0.103473 0.212185 0.602355 0.193651 -0.104029 0.222673 0.549008
internal_weight=8337 6186 2151 1905 69 2261 2241 46 2195 1376 49 1327 1286 1069 217 97 64 120 1836 246 180 144 1816 118 1698 77 1621 144 1477 217
internal_count=8337 6186 2151 1905 69 2261 2241 46 2195 1376 49 1327 1286 1069 217 97 64 120 1836 246 180 144 1816 118 1698 77 1621 144 1477 217
is_linear=0
shrinkage=0.05


Tree=90
num_leaves=31
num_cat=0
split_feature=1 4 6 2 4 8 1 6 5 1 2 5 3 3 8 5 7 0 5 5 6 6 5 3 5 8 5 2 4 0
split_gain=66521.9 11880.5 11272 7624.94 6237.55 8635.13 16035.4 12902.8 23965.6 29740.5 18246.3 22151.8 11680.8 16444 8678.34 13651.7 8732.04 6295 5862.06 26430.8 17240.7 12558.9 10372.3 8134.23 11454.1 7781.29 13425.8 14130.4 7749.15 6700.24
threshold=484.50000000000006 214.50000000000003 174.50000000000003 76.500000000000014 403.50000000000006 4.5000000000000009 864.50000000000011 688.50000000000011 77.500000000000014 570.50000000000011 54.500000000000007 93.500000000000014 19.500000000000004 45.500000000000007 6.5000000000000009 45.500000000000007 15.500000000000002 19.350000000000005 73.500000000000014 77.500000000000014 516.50000000000011 446.50000000000006 84.500000000000014 75.500000000000014 50.500000000000007 10.500000000000002 27.500000000000004 56.500000000000007 375.50000000000006 19.950000000000003
decision_type=2 2 2 2 2 2 2 2 2 2 2 2 2 2 2 2 2 2 2 2 2 2 2 2 2 2 2 2 2 2
left_child=1 -1 -3 18 -2 6 7 8 -6 -10 11 17 -12 -14 15 -7 -17 -9 23 -20 21 22 -21 25 -25 -4 -27 -28 29 -24
right_child=4 2 3 -5 5 14 -8 10 9 -11 12 -13 13 -15 -16 16 -18 -19 19 20 -22 -23 28 24 -26 26 27 -29 -30 -31
leaf_value=-0.10930710265326088 0.84632894633845857 0.9645449246115545 0.071811513377202194 0.48189328660567599 0.17515907501419115 0.32014414728066681 -1.0385927183012809 -0.12436558628082275 0.22980616997028222 -1.9649397228703354 -0.80217694705352194 2.2762225995461147 1.3999054240143818 -0.43545373448958763 0.21691551715180168 1.1280828080614846 0.068079097537944708 0.89201320959971508 -1.9613406845927237 -1.1620530772209168 -1.3711379029534081 0.91786953650022807 0.0072018038120961955 0.15509016828814357 1.228056498007341 0.0758969792873192 -2.0236888635158539 -0.31903474023265227 -0.68772318363189699 0.95089824685343993
leaf_weight=5255 44 34 563 90 219 354 31 25 29 33 32 24 23 26 919 102 24 39 20 20 22 38 62 101 33 71 20 31 26 27
leaf_count=5255 44 34 563 90 219 354 31 25 29 33 32 24 23 26 919 102 24 39 20 20 22 38 62 101 33 71 20 31 26 27
internal_value=-1.56882e-11 -0.0773605 0.0676129 0.0404815 0.257855 0.244082 0.0613304 0.137103 -0.0705295 -0.938365 0.482338 0.980781 -0.0591807 0.426041 0.306915 0.479228 0.926177 0.49499 0.00206072 -0.230297 -0.0527543 0.114901 -0.111119 0.0630582 0.419328 -0.00663545 -0.368649 -0.987527 0.0716518 0.293492
internal_weight=8337 6413 1158 1124 1924 1880 481 450 281 62 169 88 81 49 1399 480 126 64 1034 215 195 173 135 819 134 685 122 51 115 89
internal_count=8337 6413 1158 1124 1924 1880 481 450 281 62 169 88 81 49 1399 480 126 64 1034 215 195 173 135 819 134 685 122 51 115 89
is_linear=0
shrinkage=0.05


Tree=91
num_leaves=31
num_cat=0
split_feature=1 0 3 2 6 6 5 6 1 6 3 5 4 1 5 3 5 4 4 4 1 0 0 4 0 7 6 2 5 4
split_gain=60500.8 6775.67 5869.29 7228.18 5749.21 7724.82 9237.22 7876.86 19056.5 11446.2 9676.89 42886.2 25584.3 18671.2 15496.1 11734.9 11174.7 6488.12 5657.11 5559.8 9294.38 5830.14 14329.4 7772.37 5987.7 6130.94 6647.99 5446.67 5182.37 5034.73
threshold=349.50000000000006 29.250000000000004 54.500000000000007 27.500000000000004 941.50000000000011 899.50000000000011 37.500000000000007 862.50000000000011 872.50000000000011 833.50000000000011 92.500000000000014 73.500000000000014 502.50000000000006 816.50000000000011 51.500000000000007 58.500000000000007 81.500000000000014 302.50000000000006 522.50000000000011 335.50000000000006 401.50000000000006 16.050000000000004 15.050000000000002 489.50000000000006 16.650000000000002 13.500000000000002 336.50000000000006 51.500000000000007 57.500000000000007 873.50000000000011
decision_type=2 2 2 2 2 2 2 2 2 2 2 2 2 2 2 2 2 2 2 2 2 2 2 2 2 2 2 2 2 2
left_child=18 4 3 -3 5 7 -7 9 -9 10 13 -12 -13 15 -15 17 -17 -2 -1 20 -19 22 -21 -24 -23 26 -26 -11 29 -5
right_child=1 2 -4 28 -6 6 -8 8 -10 27 11 12 -14 14 -16 16 -18 19 -20 21 -22 24 23 -25 25 -27 -28 -29 -30 -31
leaf_value=-0.092399142081438068 0.70133051137591518 -0.53581535255908974 1.16812564432621 0.2355647625630268 -0.53897951811552047 0.20236161674062411 1.5696356530700413 -1.6744463932514191 0.30516881019838399 0.23576250558364251 0.3882764214110152 -0.46563747739180539 -2.5404993782440823 0.38775355741381645 2.1115712030367422 0.32383277298588503 1.4634857847293219 0.21506276222375723 0.74997428119182585 0.43790898057208816 -1.1494356793661913 0.76241464979118767 -1.6665981006622315 -0.27264950484037404 1.0908680597941081 -0.027534989843468777 0.18401822680243235 1.2599221208516289 0.89737026597324177 0.57393920533635001
leaf_weight=5764 43 25 20 592 30 30 21 20 31 21 107 39 24 32 22 76 30 26 20 33 24 36 20 20 21 466 537 34 38 135
leaf_count=5764 43 25 20 592 30 30 21 20 31 21 107 39 24 32 22 76 30 26 20 33 24 36 20 20 21 466 537 34 38 135
internal_value=-1.25141e-09 0.202738 0.322226 0.300811 0.147209 0.159227 0.765357 0.140627 -0.471151 0.159994 0.134937 -0.221096 -1.25606 0.178607 1.09005 0.141656 0.646376 0.098018 -0.0894864 0.0760886 -0.439896 0.0988594 -0.333342 -0.969624 0.128624 0.106342 0.218147 0.868879 0.328152 0.298399
internal_weight=8337 2553 810 790 1743 1713 51 1662 51 1611 1556 170 63 1386 54 1332 106 1226 5784 1183 50 1133 73 40 1060 1024 558 55 765 727
internal_count=8337 2553 810 790 1743 1713 51 1662 51 1611 1556 170 63 1386 54 1332 106 1226 5784 1183 50 1133 73 40 1060 1024 558 55 765 727
is_linear=0
shrinkage=0.05


Tree=92
num_leaves=31
num_cat=0
split_feature=4 4 0 6 1 6 5 0 1 0 6 1 8 6 0 7 7 2 4 6 3 6 0 2 5 1 6 1 6 1
split_gain=54785.5 7734.27 5720.61 5107.73 5494.72 6209.2 5065.07 4828.59 7416.12 22519.9 6945.62 4709.05 4643.27 8363.32 6742.34 11066.8 11178.8 4731.09 4438.54 4310.9 6847.48 4807.15 13687.7 5751.51 32821.1 9265.35 16481.8 8300.45 5883.34 6487.57
threshold=422.50000000000006 1.5000000000000002 33.150000000000013 556.50000000000011 484.50000000000006 496.50000000000006 17.500000000000004 23.650000000000002 435.50000000000006 18.250000000000004 426.50000000000006 278.50000000000006 11.500000000000002 408.50000000000006 16.250000000000004 11.500000000000002 15.500000000000002 72.500000000000014 879.50000000000011 906.50000000000011 5.5000000000000009 862.50000000000011 25.150000000000002 36.500000000000007 82.500000000000014 808.50000000000011 772.50000000000011 665.00000000000011 821.50000000000011 800.50000000000011
decision_type=2 2 2 2 2 2 2 2 2 2 2 2 2 2 2 2 2 2 2 2 2 2 2 2 2 2 2 2 2 2
left_child=1 -1 11 4 7 -6 -4 8 10 -10 12 -2 13 -3 17 -16 -17 -14 19 21 -21 23 -23 24 27 28 -27 -13 29 -25
right_child=2 3 6 -5 5 -7 -8 -9 9 -11 -12 18 14 -15 15 16 -18 -19 -20 20 -22 22 -24 25 -26 26 -28 -29 -30 -31
leaf_value=-0.11810302133233488 0.96254301674664022 -0.084570956226334426 0.29001597140411861 -0.79758143365383161 -0.087972413642065872 1.0782652444839478 1.0035120277887299 0.090093404784253747 -1.8548075340010906 0.30024551903759994 0.59968633867981957 -0.11475343331694604 -0.5062241080755161 -1.1166449344158174 -0.28407163403250951 1.8233177840709687 0.39765877114100889 0.14390836363985532 0.40634670304307757 0.1861159497871995 1.2843371109528976 -1.3519373852014542 0.095626423666986191 0.16395281314887697 -1.9560114540869282 1.8515789426863194 0.35126191694802106 0.76397557869190136 0.99355667205083942 -0.72178589304288232
leaf_weight=3919 20 1058 61 20 21 25 42 817 22 27 41 78 45 20 33 20 44 74 215 40 22 20 89 1329 21 22 109 41 21 21
leaf_count=3919 20 1058 61 20 21 25 42 817 22 27 41 78 45 20 33 20 44 74 215 40 22 20 89 1329 21 22 109 41 21 21
internal_value=-1.45982e-09 -0.0755811 0.217362 -0.00207277 0.00500786 0.545852 0.580956 -0.00629557 -0.0631957 -0.667329 -0.0410215 0.199075 -0.0613221 -0.103719 0.150269 0.45968 0.843177 -0.10194 0.191546 0.166073 0.575807 0.151565 -0.169982 0.17291 -0.1336 0.20148 0.603224 0.188002 0.163093 0.150175
internal_weight=8337 6186 2151 2267 2247 46 103 2201 1384 49 1335 2048 1294 1078 216 97 64 119 2028 1813 62 1751 109 1642 140 1502 131 119 1371 1350
internal_count=8337 6186 2151 2267 2247 46 103 2201 1384 49 1335 2048 1294 1078 216 97 64 119 2028 1813 62 1751 109 1642 140 1502 131 119 1371 1350
is_linear=0
shrinkage=0.05


Tree=93
num_leaves=31
num_cat=0
split_feature=1 0 5 4 4 6 1 5 2 6 0 4 4 1 4 7 6 1 5 3 5 5 5 4 2 6 6 0 1 5
split_gain=49698.2 6005.31 5097.39 4795.48 4279.16 4084.24 6526.04 5658.89 19843.7 15399.8 14036 14045.9 13752.3 10100.1 9603.08 8632.59 4716.81 10197.5 9974.18 22327.2 12574.2 7407.7 6683.47 3953.16 3876.11 18870 8896.92 4982.33 5138.73 4669.57
threshold=349.50000000000006 33.150000000000013 17.500000000000004 522.50000000000011 879.50000000000011 906.50000000000011 899.50000000000011 99.500000000000014 57.500000000000007 684.50000000000011 20.950000000000003 489.50000000000006 353.50000000000006 492.50000000000006 302.50000000000006 13.500000000000002 511.50000000000006 450.50000000000006 61.500000000000007 81.500000000000014 67.500000000000014 50.500000000000007 78.500000000000014 1.5000000000000002 49.500000000000007 336.50000000000006 410.50000000000006 19.650000000000002 328.50000000000006 72.500000000000014
decision_type=2 2 2 2 2 2 2 2 2 2 2 2 2 2 2 2 2 2 2 2 2 2 2 2 2 2 2 2 2 2
left_child=3 4 -3 23 5 7 -7 14 10 12 13 -12 -10 -9 -2 -14 18 -18 21 20 -20 -16 -22 -1 25 -25 27 28 -26 -28
right_child=1 2 -4 -5 -6 6 -8 8 9 -11 11 -13 15 -15 16 -17 17 -19 19 -21 22 -23 -24 24 26 -27 29 -29 -30 -31
leaf_value=-0.11219786996590785 1.020363419316709 0.25839551413288481 0.94620744582751526 0.691786913573742 0.38096272264929298 1.2637891587756931 0.17988973201774971 0.21554620655683371 -1.1609569756121472 -1.8233753754979087 0.67989596182649792 -1.0366990469969237 0.78753848927361636 1.584108506355967 0.037103822646528353 -0.55352676709492998 1.1822756065772129 0.1819428524677752 -1.0181516528129577 -1.9142537969350817 0.95988238239288326 0.5256970738476896 -0.11704763507141787 -0.077934276917743281 -0.079516919082870674 -1.6802731224894523 0.24250901371240616 0.076074534766180729 -0.79429072984852478 1.2675225836038591
leaf_weight=3919 32 65 46 20 214 21 41 26 29 21 22 26 28 28 444 21 26 1266 24 20 25 94 34 226 765 20 25 763 26 20
leaf_count=3919 32 65 46 20 214 21 41 26 29 21 22 26 28 28 444 21 26 1266 24 20 25 94 34 226 765 20 25 763 26 20
internal_value=-5.27766e-10 0.183749 0.543435 -0.0811048 0.167399 0.146886 0.547017 0.135433 -0.117258 -0.621532 0.372184 -0.249926 -0.297958 0.925171 0.161281 0.212796 0.147059 0.202073 0.0361721 -0.414595 -0.0532313 0.122471 0.339279 -0.0837866 -0.0234377 -0.208206 0.00498815 -0.0150818 -0.103011 0.698071
internal_weight=8337 2553 111 5784 2442 2228 62 2166 201 99 102 48 78 54 1965 49 1933 1292 641 103 83 538 59 5764 1845 246 1599 1554 791 45
internal_count=8337 2553 111 5784 2442 2228 62 2166 201 99 102 48 78 54 1965 49 1933 1292 641 103 83 538 59 5764 1845 246 1599 1554 791 45
is_linear=0
shrinkage=0.05


Tree=94
num_leaves=31
num_cat=0
split_feature=1 4 3 2 2 5 6 5 0 2 5 0 6 1 6 1 8 2 3 7 2 4 8 0 5 0 0 4 3 5
split_gain=45173.1 8398.67 6693.84 6844.38 29677.6 7518.84 6146.19 7335.67 6945.19 11427 26435.7 9570.24 8257.46 8481.78 7796.99 6013.89 5997.01 6474.35 8191.9 11980.1 19201.8 5720.39 7056.87 15917.5 53564.6 71390 14343.9 17638.5 10597.9 19909.2
threshold=484.50000000000006 127.50000000000001 47.500000000000007 49.500000000000007 43.500000000000007 9.5000000000000018 193.50000000000003 66.500000000000014 19.550000000000004 68.500000000000014 99.500000000000014 20.750000000000004 423.50000000000006 292.50000000000006 442.50000000000006 282.50000000000006 10.500000000000002 65.500000000000014 7.5000000000000009 12.500000000000002 57.500000000000007 403.50000000000006 4.5000000000000009 23.550000000000004 10.500000000000002 25.050000000000004 22.150000000000002 469.50000000000006 47.500000000000007 84.500000000000014
decision_type=2 2 2 2 2 2 2 2 2 2 2 2 2 2 2 2 2 2 2 2 2 2 2 2 2 2 2 2 2 2
left_child=1 -1 16 4 -4 -5 7 -7 9 10 14 -10 13 -11 15 -8 -3 18 -18 -20 -21 -2 23 26 -25 -26 27 -23 -29 -30
right_child=21 2 3 5 -6 6 8 -9 11 12 -12 -13 -14 -15 -16 -17 17 -19 19 20 -22 22 -24 24 25 -27 -28 28 29 -31
leaf_value=-0.096039957790277478 0.77603788247162653 0.025092789994182053 0.74600965652395701 -0.20948839507423914 -1.3930392106454219 0.36140120221445193 0.43127962237312678 1.6351013225317002 1.5211484154065451 0.5168654089503818 -1.797526543790644 0.31768439645474816 0.99670714078979072 -0.6634490007291669 1.0324442838877441 -0.76533201393626982 -0.048859050295182643 0.24334132830301922 -1.6219822715701804 -1.3918493737345159 0.57413327716015006 -1.1392374239288843 0.25609957021484692 0.5841115034981208 -3.9975884795188907 -0.1895581640303135 1.4906677631288767 0.39115704962573317 0.15852313150822278 -1.593954458690825
leaf_weight=4864 44 907 34 65 31 26 21 20 24 45 22 53 44 23 20 21 70 45 28 23 27 26 1399 55 20 32 20 236 71 21
leaf_count=4864 44 907 34 65 31 26 21 20 24 45 22 53 44 23 20 21 70 45 28 23 27 26 1399 55 20 32 20 236 71 21
internal_value=-5.62237e-10 -0.0637495 0.0376453 0.200333 -0.274152 0.28065 0.380521 0.915184 0.290431 0.132362 -0.308474 0.69279 0.462989 0.117641 0.2199 -0.167026 -0.028761 -0.281846 -0.441531 -0.793929 -0.330219 0.212487 0.199298 0.0340891 -0.503659 -1.65419 0.187937 0.114336 0.213705 -0.241499
internal_weight=8337 6413 1549 449 65 384 319 46 273 196 84 77 112 68 62 42 1100 193 148 78 50 1924 1880 481 107 52 374 354 328 92
internal_count=8337 6413 1549 449 65 384 319 46 273 196 84 77 112 68 62 42 1100 193 148 78 50 1924 1880 481 107 52 374 354 328 92
is_linear=0
shrinkage=0.05


Tree=95
num_leaves=31
num_cat=0
split_feature=1 6 0 8 8 0 5 1 4 0 5 7 6 5 4 5 1 3 0 2 5 4 1 4 5 2 0 2 5 6
split_gain=41109.3 11172.1 10229.6 10096.9 9656.51 13869 32923.3 46348.7 10785.2 10276.4 14033.1 40509.9 11947.5 9971.03 9929.51 9210.31 8183.64 8178.85 8071.61 14684.5 7611.07 9164.58 7131.26 8566.65 11015.3 6572.12 6369.84 6041.81 7469.06 6751.93
threshold=233.50000000000003 165.50000000000003 16.050000000000004 10.500000000000002 4.5000000000000009 24.250000000000004 10.500000000000002 750.50000000000011 572.50000000000011 17.250000000000004 77.500000000000014 13.500000000000002 465.50000000000006 63.500000000000007 340.50000000000006 61.500000000000007 409.50000000000006 16.500000000000004 19.550000000000004 64.500000000000014 51.500000000000007 392.50000000000006 833.50000000000011 621.50000000000011 84.500000000000014 34.500000000000007 14.050000000000002 70.500000000000014 29.500000000000004 520.50000000000011
decision_type=2 2 2 2 2 2 2 2 2 2 2 2 2 2 2 2 2 2 2 2 2 2 2 2 2 2 2 2 2 2
left_child=-1 -2 3 17 5 8 -7 -8 9 12 27 -12 16 15 -13 -6 -4 -3 19 -15 -19 -22 23 -10 -25 -20 -5 28 -11 -30
right_child=1 2 4 26 13 6 7 -9 22 10 11 14 -14 18 -16 -17 -18 20 25 -21 21 -23 -24 24 -26 -27 -28 -29 29 -31
leaf_value=-0.083568300611592122 1.270140909200365 -0.55136861586293517 0.28367049713929493 -0.11592521017247981 0.18425348727323582 0.51528239199301096 0.068690231868198934 -2.834725281485805 0.80841524148216615 -0.19641844210619075 -2.0456474975858994 -0.6594756040544737 1.0554718148708344 -0.50351478269566663 0.79017358532658333 -0.84505467198111794 -0.93189621984958648 -0.29975568128483637 1.4412831338630481 1.0921748706272669 0.067367873527109629 1.3311685096759063 1.1092338222723741 0.23723692083787062 -0.85126355047579172 0.53395066776940991 -1.2078119512866525 -0.59852365578214328 1.1851626685096157 -0.026930355429649357
leaf_weight=5322 22 43 45 22 1792 41 28 27 52 53 37 21 35 46 27 22 20 35 22 21 32 26 26 167 27 215 34 30 27 20
leaf_count=5322 22 43 45 22 1792 41 28 27 52 53 37 21 35 46 27 22 20 35 22 21 32 26 26 167 27 215 34 30 27 20
internal_value=3.73988e-10 0.147513 0.139261 -0.213803 0.163462 -2.21891e-05 -0.557163 -1.35662 0.0910946 -0.108062 -0.30283 -0.802391 0.310688 0.216182 0.155952 0.17177 -0.09035 0.0188666 0.48119 -0.00337325 0.282524 0.633899 0.321736 0.238504 0.0857446 0.618176 -0.778856 0.0238069 0.210506 0.669378
internal_weight=8337 3015 2993 192 2801 683 96 55 587 315 215 85 100 2118 48 1814 65 136 304 67 93 58 272 246 194 237 56 130 100 47
internal_count=8337 3015 2993 192 2801 683 96 55 587 315 215 85 100 2118 48 1814 65 136 304 67 93 58 272 246 194 237 56 130 100 47
is_linear=0
shrinkage=0.05


Tree=96
num_leaves=31
num_cat=0
split_feature=1 4 3 2 2 5 6 4 8 1 6 5 4 5 0 8 5 4 7 6 7 6 4 3 5 8 8 2 0 4
split_gain=37434.8 6821.23 5351.42 5881.73 36669.5 6772.92 6535.51 5348.83 5973.73 13656.9 11249.9 18979 26469.3 16137.3 11193.5 7293.23 11589.5 10682 7218.3 10516.2 7728.63 7036.8 6042.19 5995.12 12682.3 5204.84 6712.52 12048.1 7633.82 9915.35
threshold=484.50000000000006 136.50000000000003 47.500000000000007 48.500000000000007 43.500000000000007 9.5000000000000018 180.50000000000003 403.50000000000006 4.5000000000000009 864.50000000000011 688.50000000000011 77.500000000000014 544.50000000000011 67.500000000000014 20.350000000000005 6.5000000000000009 36.500000000000007 955.50000000000011 14.500000000000002 941.50000000000011 12.500000000000002 642.50000000000011 572.50000000000011 37.500000000000007 10.500000000000002 9.5000000000000018 2.5000000000000004 58.500000000000007 15.050000000000002 306.50000000000006
decision_type=2 2 2 2 2 2 2 2 2 2 2 2 2 2 2 2 2 2 2 2 2 2 2 2 2 2 2 2 2 2
left_child=1 -1 25 4 -4 -5 -7 -2 9 10 11 -9 -13 23 -15 16 17 -10 19 20 21 -18 -20 24 -12 26 27 -3 -29 -30
right_child=7 2 3 5 -6 6 -8 8 15 -11 13 12 -14 14 -16 -17 18 -19 22 -21 -22 -23 -24 -25 -26 -27 -28 28 29 -31
leaf_value=-0.086675004477405448 0.73837426900863656 0.3384168881056614 0.73384402019507966 -0.21278258284410609 -1.938873326272837 1.076907563741718 0.27674530141456571 0.12336524171014762 0.11761036460629577 -0.98640149331861926 0.5765989469905054 -1.969616775060522 0.10091197707436302 0.43357774134605159 1.8127546651022777 0.15043444305240816 1.6634870688120527 1.287106738771711 0.89110437572002421 -0.14675449304282667 1.8722817838191987 0.60662718604481414 -0.21674030572175981 0.59236447181966578 -0.75009173390477202 -0.2018687806328138 0.10332206745866922 -0.097695290829454162 -0.38691086947917941 -1.9613433372974396
leaf_weight=4901 44 43 33 65 21 28 288 219 278 31 31 29 33 31 28 919 21 21 20 20 25 63 32 36 43 300 666 28 20 20
leaf_count=4901 44 43 33 65 21 28 288 219 278 31 31 29 33 31 28 919 21 21 20 20 25 63 32 36 43 300 666 28 20 20
internal_value=1.8629e-09 -0.0580329 0.0348075 0.182818 -0.305546 0.252035 0.347646 0.193433 0.180679 0.0286768 0.0986044 -0.0952733 -0.867561 0.420969 1.0881 0.23294 0.390904 0.199749 0.70668 0.907153 1.10053 0.870842 0.209354 0.0631431 -0.194316 -0.0249738 0.0433254 -0.316654 -0.73089 -1.17413
internal_weight=8337 6413 1512 435 54 381 316 1924 1880 481 450 281 62 169 59 1399 480 299 181 129 109 84 52 110 74 1077 777 111 68 40
internal_count=8337 6413 1512 435 54 381 316 1924 1880 481 450 281 62 169 59 1399 480 299 181 129 109 84 52 110 74 1077 777 111 68 40
is_linear=0
shrinkage=0.05


Tree=97
num_leaves=31
num_cat=0
split_feature=1 0 5 2 8 0 5 0 0 2 0 0 5 8 2 4 6 3 0 0 0 1 2 5 1 5 1 6 5 2
split_gain=33897.3 5004.58 4452.07 4307.68 3806.01 16399.1 46172.8 53480.6 16048 10152.4 9353.87 19777.4 22205.6 16435.7 18367 22084.1 9100.2 8574.05 7798.71 8666.17 12367.7 6120.58 6057.25 13316.6 8903.62 9447.26 6613.12 7955.03 5840.26 5085.41
threshold=349.50000000000006 33.150000000000013 17.500000000000004 76.500000000000014 4.5000000000000009 23.750000000000004 10.500000000000002 25.050000000000004 16.650000000000002 58.500000000000007 20.250000000000004 17.250000000000004 76.500000000000014 2.5000000000000004 62.500000000000007 465.50000000000006 547.50000000000011 56.500000000000007 27.050000000000004 21.750000000000004 19.750000000000004 742.50000000000011 61.500000000000007 72.500000000000014 511.50000000000006 57.500000000000007 958.50000000000011 941.50000000000011 52.500000000000007 38.500000000000007
decision_type=2 2 2 2 2 2 2 2 2 2 2 2 2 2 2 2 2 2 2 2 2 2 2 2 2 2 2 2 2 2
left_child=-1 3 -3 4 5 9 -7 -8 -6 29 11 13 16 14 -11 -16 -13 22 19 20 -19 -12 26 24 25 -24 27 -10 -21 -2
right_child=1 2 -4 -5 8 6 7 -9 17 10 21 12 -14 -15 15 -17 -18 18 -20 28 -22 -23 23 -25 -26 -27 -28 -29 -30 -31
leaf_value=-0.066982150116794009 0.97378840467025496 0.21371858855852716 0.85651990881432649 0.72247568868821677 -0.95969228494551884 0.49085723140742632 -3.4604440819133409 -0.29662680275299969 0.088782643811293763 -1.4342512235045435 -0.039029482472687962 0.43309030413627625 -1.7531840118683046 1.1879265452344572 1.4307373103996119 -0.63619950924600877 -0.80902450552274441 0.262248143967655 1.2563799085155611 0.33066267203062011 1.8130018782615662 0.94675235791552448 0.063715579345822337 1.1778772403032354 0.35212273782450865 -1.0389272726100425 0.95967917158490135 -0.71249931408092382 -0.67391968499059263 0.27517605333414397
leaf_weight=5784 29 65 46 31 31 56 22 34 967 21 32 30 36 31 24 28 29 36 31 39 20 31 125 39 365 23 21 32 23 256
leaf_count=5784 29 65 46 31 31 56 22 34 967 21 32 30 36 31 24 28 29 36 31 39 20 31 125 39 365 23 21 32 23 256
internal_value=-8.44753e-10 0.151753 0.480105 0.136828 0.129298 0.0268667 -0.524349 -1.53956 0.167826 0.13973 -0.0849339 -0.253031 -0.774564 0.223371 -0.186235 0.317771 -0.177441 0.188136 0.550634 0.365226 0.816089 0.446038 0.153777 0.287194 0.219481 -0.107641 0.0815746 0.063116 -0.042005 0.346263
internal_weight=8337 2553 111 2442 2411 659 112 56 1752 547 262 199 95 104 73 52 59 1721 149 118 56 63 1572 552 513 148 1020 999 62 285
internal_count=8337 2553 111 2442 2411 659 112 56 1752 547 262 199 95 104 73 52 59 1721 149 118 56 63 1572 552 513 148 1020 999 62 285
is_linear=0
shrinkage=0.05


Tree=98
num_leaves=31
num_cat=0
split_feature=1 6 0 8 8 0 5 7 6 5 3 8 2 0 0 6 1 5 3 0 2 5 4 8 5 2 2 5 2 1
split_gain=30903.3 9855.41 8021.74 8972.74 7695.99 12146.3 25219.8 41541.3 24453.8 16114.8 14713.9 14197.7 13361.9 17857.8 37617.8 13150.5 10905.1 8316.63 7622.5 7324.62 11585.1 6572.05 8544.68 6248.24 11050.9 5934.3 5924.58 5701.79 5630.01 15081.1
threshold=233.50000000000003 165.50000000000003 16.050000000000004 10.500000000000002 4.5000000000000009 17.250000000000004 74.500000000000014 13.500000000000002 599.50000000000011 70.500000000000014 5.5000000000000009 2.5000000000000004 37.500000000000007 24.250000000000004 24.750000000000004 833.50000000000011 679.50000000000011 62.500000000000007 16.500000000000004 19.550000000000004 64.500000000000014 51.500000000000007 392.50000000000006 8.5000000000000018 57.500000000000007 39.500000000000007 70.500000000000014 36.500000000000007 61.500000000000007 645.50000000000011
decision_type=2 2 2 2 2 2 2 2 2 2 2 2 2 2 2 2 2 2 2 2 2 2 2 2 2 2 2 2 2 2
left_child=-1 -2 3 18 5 9 12 8 -8 -4 -9 -11 -7 15 -15 26 -12 23 -3 20 -19 -20 -23 -6 -25 -21 -14 -5 -27 -30
right_child=1 2 4 27 17 6 7 10 -10 11 16 -13 13 14 -16 -17 -18 19 21 25 -22 22 -24 24 -26 28 -28 -29 29 -31
leaf_value=-0.072455947881004776 1.1822982346469706 -0.52366666655207783 -0.02754802347458515 -0.07383361629077366 0.21486907035349934 0.88575935570212705 -2.4719683790206908 1.0719185167992558 -0.65145849700157465 0.28381782298286756 0.21468150823643165 1.7867250982920329 0.16035601403940508 -2.5302567318081857 0.5364107936993241 1.3062211647629738 -1.1868455270062321 -0.48322413777527606 -0.25971297349248612 1.1677267978296562 0.91180953546003873 0.060840506525710228 1.2811505032703281 0.065754646867274932 -0.93387048819969454 0.25054744842440585 -0.42213493867644242 -1.115973019855363 0.36579731904854212 1.8996772451834247
leaf_weight=5322 22 43 97 21 1184 48 35 27 39 33 35 30 198 20 20 22 23 46 35 34 22 32 26 593 29 129 56 35 59 22
leaf_count=5322 22 43 97 21 1184 48 35 27 39 33 35 30 198 20 20 22 23 46 35 34 22 32 26 593 29 129 56 35 59 22
internal_value=-1.10579e-09 0.127897 0.120147 -0.192502 0.141578 -0.00436992 -0.120995 -0.646337 -1.51251 0.376847 0.107744 0.999488 0.108482 -0.00958582 -0.996923 0.133507 -0.341096 0.188643 0.0268323 0.427019 -0.0318897 0.281364 0.607876 0.147461 0.0191483 0.554911 0.0319328 -0.725171 0.455693 0.782407
internal_weight=8337 3015 2993 192 2801 683 523 159 74 160 85 63 364 316 40 276 58 2118 136 312 68 93 58 1806 622 244 254 56 210 81
internal_count=8337 3015 2993 192 2801 683 523 159 74 160 85 63 364 316 40 276 58 2118 136 312 68 93 58 1806 622 244 254 56 210 81
is_linear=0
shrinkage=0.05


Tree=99
num_leaves=31
num_cat=0
split_feature=1 4 4 3 8 1 4 6 0 5 2 3 5 0 6 8 3 5 2 5 6 0 1 4 0 3 3 8 8 0
split_gain=28261 5211.65 5188.87 4462.38 4375.12 12145.7 9862.13 7568.02 7236.41 17542.7 8040.61 13192.4 6600.13 9713.13 6665.15 5998.97 10087.5 6321.75 5124.76 5097.44 4966.87 11313.2 8640.51 4731.06 4210.83 4203.15 3647.06 5597.71 4108.67 3976.33
threshold=484.50000000000006 403.50000000000006 1.5000000000000002 25.500000000000004 4.5000000000000009 864.50000000000011 469.50000000000006 833.50000000000011 23.550000000000004 10.500000000000002 65.500000000000014 38.500000000000007 81.500000000000014 17.550000000000004 484.50000000000006 6.5000000000000009 5.5000000000000009 58.500000000000007 31.500000000000004 45.500000000000007 941.50000000000011 29.950000000000003 935.50000000000011 572.50000000000011 30.450000000000003 11.500000000000002 47.500000000000007 9.5000000000000018 4.5000000000000009 25.750000000000004
decision_type=2 2 2 2 2 2 2 2 2 2 2 2 2 2 2 2 2 2 2 2 2 2 2 2 2 2 2 2 2 2
left_child=2 3 -1 -2 5 6 -3 8 10 -10 12 19 14 -14 -8 16 18 -18 -6 -12 22 -22 23 -20 -17 -26 27 28 -4 -28
right_child=1 4 26 -5 15 -7 7 -9 9 -11 11 -13 13 -15 -16 24 17 -19 20 -21 21 -23 -24 -25 25 -27 29 -29 -30 -31
leaf_value=-0.086301904945090352 0.22483463650164395 -0.80050782982645363 -0.10295563008585551 1.2329406970313617 0.94722856964383806 -0.93187349313689816 0.86102278511370389 0.84603945447338946 0.35501359544090327 -1.2574560934497465 -0.24517009774843854 -1.2287914449969928 0.050450713738151222 1.4161750612656276 0.058324018327925255 0.042208444125085655 0.51549323979927153 1.3100471638143063 0.68952643590814933 0.74420130460158651 -1.0271623942714472 0.5545953024923802 1.2226760286092759 0.054181913008807973 0.21447506796139237 0.88756489753723145 0.077997719930454845 -0.1752742161062073 0.082999674196938406 0.62577260842280724
leaf_weight=3919 23 29 441 21 21 31 31 36 37 31 30 24 23 30 156 573 115 32 34 23 26 20 20 212 321 25 620 488 910 35
leaf_count=3919 23 29 441 21 21 31 31 36 37 31 30 24 23 30 156 573 115 32 34 23 26 20 20 212 321 25 620 488 910 35
internal_value=9.47319e-10 0.168069 -0.0504232 0.705976 0.155479 0.0253958 0.091341 0.152775 0.08795 -0.380083 0.188348 -0.256227 0.330983 0.823502 0.191392 0.200204 0.343468 0.688457 0.191176 0.18418 0.140287 -0.339442 0.223248 0.141994 0.125377 0.263109 0.00595553 -0.0301292 0.0222992 0.107268
internal_weight=8337 1924 6413 44 1880 481 450 421 385 68 317 77 240 53 187 1399 480 147 333 53 312 46 266 246 919 346 2494 1839 1351 655
internal_count=8337 1924 6413 44 1880 481 450 421 385 68 317 77 240 53 187 1399 480 147 333 53 312 46 266 246 919 346 2494 1839 1351 655
is_linear=0
shrinkage=0.05


Tree=100
num_leaves=31
num_cat=0
split_feature=1 4 4 3 2 2 5 6 0 2 5 1 6 1 6 1 4 3 8 2 0 8 2 0 8 5 5 5 2 1
split_gain=25505.5 4806.73 4703.51 4384.39 5390.04 32220.7 5978.96 5804.75 4379.15 9273.18 20231.7 9166.46 7007.18 7862.36 6354.62 6309.69 4991.11 4193.57 4703.57 11747.7 7158.45 4362.67 6779.42 5130.39 4487.43 6608.03 14306.8 4362.77 4304.59 4115.42
threshold=484.50000000000006 136.50000000000003 403.50000000000006 47.500000000000007 48.500000000000007 43.500000000000007 9.5000000000000018 193.50000000000003 19.550000000000004 68.500000000000014 99.500000000000014 416.50000000000006 423.50000000000006 292.50000000000006 442.50000000000006 282.50000000000006 386.50000000000006 44.500000000000007 2.5000000000000004 58.500000000000007 15.050000000000002 8.5000000000000018 71.500000000000014 15.350000000000003 11.500000000000002 54.500000000000007 64.500000000000014 7.5000000000000009 51.500000000000007 337.50000000000006
decision_type=2 2 2 2 2 2 2 2 2 2 2 2 2 2 2 2 2 2 2 2 2 2 2 2 2 2 2 2 2 2
left_child=1 -1 -2 17 5 -5 -6 -8 9 10 14 16 13 -11 15 -9 -10 18 19 28 -21 27 23 -23 25 -25 -27 -20 -3 -28
right_child=2 3 -4 4 6 -7 7 8 11 12 -12 -13 -14 -15 -16 -17 -18 -19 21 20 -22 22 -24 24 -26 26 29 -29 -30 -31
leaf_value=-0.071945564376623791 0.67067736116322607 -0.21054774315096436 0.14770536164413803 0.6707997503605756 -0.20645942263878309 -1.8345475650969008 0.91774602635867064 0.46121312681246884 0.57327213897887208 0.48622518460783698 -1.5039205352465312 1.3984617471694947 0.91164055290547297 -0.65017343286586848 0.93734838880598559 -0.73629315874793322 -0.39666845376292864 -0.70731167102401915 -0.11044622489819363 -0.12340966233840356 -1.2059955469659858 -0.94219689428806308 0.67221620919612746 -0.066580626224979345 0.31382181100985584 -1.7522506290674209 -0.62240206315403901 0.19768064138726985 0.80297627963803042 0.36747824691590814
leaf_weight=4901 44 20 1880 33 65 21 36 22 36 45 24 23 44 23 20 22 21 22 159 26 37 20 26 218 51 20 21 414 22 21
leaf_count=4901 44 20 1880 33 65 21 36 22 36 45 24 23 44 23 20 22 21 22 159 26 37 20 26 218 51 20 21 414 22 21
internal_value=6.27266e-10 -0.0479021 0.159665 0.0300326 0.164004 -0.303502 0.230265 0.320097 0.243257 0.118197 -0.265896 0.555905 0.419985 0.101855 0.198363 -0.13754 0.215926 -0.0240783 -0.00983083 -0.32739 -0.759214 0.0252678 -0.106829 -0.164536 -0.117547 -0.196118 -0.651587 0.112179 0.320346 -0.127462
internal_weight=8337 6413 1924 1512 435 54 381 316 280 200 88 80 112 68 64 44 57 1077 1055 105 63 950 377 351 331 280 62 573 42 42
internal_count=8337 6413 1924 1512 435 54 381 316 280 200 88 80 112 68 64 44 57 1077 1055 105 63 950 377 351 331 280 62 573 42 42
is_linear=0
shrinkage=0.05


Tree=101
num_leaves=31
num_cat=0
split_feature=1 6 0 2 8 5 8 0 5 7 3 5 3 8 2 0 0 6 1 5 0 2 6 1 6 4 2 0 4 5
split_gain=23246.1 8887.09 6348.39 8434.47 9373.59 8385.67 6515.82 11217.8 23234.4 36738.5 22740 14510.1 13523.7 12746.6 12270.4 15826 33633.6 11385.6 9576.96 7048.59 6132.39 10361.2 5710.79 11849.5 6716.73 5295.75 5254.79 4905.38 6678.14 6817.86
threshold=233.50000000000003 165.50000000000003 16.050000000000004 76.500000000000014 10.500000000000002 39.500000000000007 4.5000000000000009 17.250000000000004 74.500000000000014 13.500000000000002 24.500000000000004 70.500000000000014 5.5000000000000009 2.5000000000000004 37.500000000000007 24.250000000000004 24.750000000000004 833.50000000000011 679.50000000000011 62.500000000000007 19.550000000000004 64.500000000000014 675.50000000000011 621.50000000000011 745.50000000000011 748.50000000000011 71.500000000000014 22.050000000000004 955.50000000000011 36.500000000000007
decision_type=2 2 2 2 2 2 2 2 2 2 2 2 2 2 2 2 2 2 2 2 2 2 2 2 2 2 2 2 2 2
left_child=-1 -2 3 4 -3 -6 7 11 14 10 -10 -4 -11 -13 -9 17 -17 26 -14 25 21 -21 23 -22 -24 -8 -16 -27 29 -29
right_child=1 2 6 -5 5 -7 19 8 9 12 -12 13 18 -15 15 16 -18 -19 -20 20 22 -23 24 -25 -26 27 -28 28 -30 -31
leaf_value=-0.062841425700465275 1.1121888602152468 -0.084194897186188472 -0.029036152435793092 0.70222567779322465 -0.20572530388832094 -1.6203364838253369 0.070328241911973219 0.8413733709603548 -0.56604974694751409 1.0055288131590243 -2.3190388930407733 0.26741386223019975 0.17170088240078518 1.6914453013737998 0.13616099529260514 -2.3959571269154547 0.50376800520345577 1.2092713839967144 -1.1417076909023782 -0.46134104016034505 0.48583314404977085 0.85794689872048124 -0.60530459162863826 1.6610503358840945 0.45691237754147984 -0.49473887568428404 -0.43579760521650313 0.11781632882156219 1.1583055166971117 0.49798830442544495
leaf_weight=5322 22 126 97 24 20 22 1242 48 37 27 37 33 35 30 204 20 20 22 23 46 151 22 22 25 46 21 50 342 21 180
leaf_count=5322 22 126 97 24 20 22 1242 48 37 27 37 33 35 30 204 20 20 22 23 46 151 22 22 25 46 21 50 342 21 180
internal_value=3.61805e-10 0.110926 0.103566 -0.174568 -0.299824 -0.946712 0.122632 -0.0116606 -0.123739 -0.62798 -1.44254 0.354697 0.081171 0.945524 0.0965194 -0.0166229 -0.946095 0.118083 -0.349134 0.165937 0.385389 -0.0345126 0.502411 0.652767 0.113254 0.128025 0.0235707 0.255082 0.28408 0.24891
internal_weight=8337 3015 2993 192 168 42 2801 683 523 159 74 160 85 63 364 316 40 276 58 2118 312 68 244 176 68 1806 254 564 543 522
internal_count=8337 3015 2993 192 168 42 2801 683 523 159 74 160 85 63 364 316 40 276 58 2118 312 68 244 176 68 1806 254 564 543 522
is_linear=0
shrinkage=0.05


Tree=102
num_leaves=31
num_cat=0
split_feature=4 6 1 3 1 0 6 6 1 5 6 3 6 0 0 6 3 6 1 8 8 3 2 0 1 6 5 6 4 8
split_gain=21181.1 4699.43 4124.08 5768.41 3711.19 3681.74 3474.59 7628.19 3608.54 11474.6 4762.1 9685.97 3328.22 3323.36 26088.5 9115.86 5641.11 9931.8 5519.94 3729.1 4773.68 18965.7 6484.53 15855.9 13829.6 7119.24 6441.99 9301.6 7969.21 13264.6
threshold=422.50000000000006 556.50000000000011 484.50000000000006 11.500000000000002 278.50000000000006 33.550000000000004 292.50000000000006 349.50000000000006 430.50000000000006 45.500000000000007 430.50000000000006 4.5000000000000009 889.50000000000011 17.550000000000004 17.250000000000004 665.00000000000011 99.500000000000014 766.50000000000011 535.50000000000011 2.5000000000000004 4.5000000000000009 45.500000000000007 55.500000000000007 21.650000000000002 679.50000000000011 697.50000000000011 68.500000000000014 592.50000000000011 659.50000000000011 6.5000000000000009
decision_type=2 2 2 2 2 2 2 2 2 2 2 2 2 2 2 2 2 2 2 2 2 2 2 2 2 2 2 2 2 2
left_child=1 2 -1 -4 -2 6 -6 -8 9 -9 11 -10 -7 14 15 18 19 -18 -12 -15 21 22 24 25 -21 -24 -22 -28 29 -29
right_child=4 -3 3 -5 5 12 7 8 10 -11 13 -13 -14 16 -16 -17 17 -19 -20 20 26 -23 23 -25 -26 -27 27 28 -30 -31
leaf_value=-0.048058521813725191 0.8130803775787353 -0.8121945000439883 -0.21125132203102115 0.9182206112604876 0.56599252981444204 0.26846021926351665 -0.72827140137001323 0.19314481619406831 -0.044847994235654672 -0.97305149123553303 0.36210893720388415 1.4255421510764532 1.0030850698550544 0.65773113425821073 -1.6949507442387668 0.90026330891996631 0.11355856104443472 1.4620104514739731 -0.41915783340541224 -0.38037653549653583 0.12011053267310429 -1.2029687626795336 -0.25628045081444412 -1.3460343689968191 0.68844047648065232 0.7440406515680511 1.4739358619919845 1.5052509910815086 -0.42562898030647872 -0.11027564273940192
leaf_weight=6120 20 20 20 26 42 58 27 66 24 31 40 21 21 32 22 32 36 22 52 47 1243 33 46 24 85 29 21 24 26 27
leaf_count=6120 20 20 20 26 42 58 27 66 24 31 40 21 21 32 22 32 36 22 52 47 1243 33 46 24 85 29 21 24 26 27
internal_value=9.21213e-11 -0.0469954 -0.0445134 0.427146 0.135153 0.12879 0.115895 0.10649 0.117856 -0.179557 0.133152 0.641334 0.46374 0.120731 -0.108167 0.173359 0.140447 0.62504 -0.0794766 0.123277 0.112621 -0.0817226 0.0784554 -0.22744 0.307877 0.13051 0.150882 0.541172 0.286782 0.649972
internal_weight=8337 6186 6166 46 2151 2131 2052 2010 1983 97 1886 45 79 1841 146 124 1695 58 92 1637 1605 264 231 99 132 75 1341 98 77 51
internal_count=8337 6186 6166 46 2151 2131 2052 2010 1983 97 1886 45 79 1841 146 124 1695 58 92 1637 1605 264 231 99 132 75 1341 98 77 51
is_linear=0
shrinkage=0.05


Tree=103
num_leaves=31
num_cat=0
split_feature=1 6 0 2 8 5 8 0 5 1 6 2 2 2 6 6 4 3 5 3 5 1 6 1 0 2 5 2 2 6
split_gain=19395.7 7988.34 5661.01 7629.46 8281.39 7450.42 5503.36 10738.9 29438.4 36308.7 31151.3 9395.71 18923 9338.41 11809.6 7631.97 6342.63 7211.59 6146.36 5996.05 9198.44 13810.4 13657.8 5595.4 5327.92 9484.6 5169.71 5445.87 5121.9 6295.9
threshold=233.50000000000003 165.50000000000003 16.050000000000004 76.500000000000014 10.500000000000002 39.500000000000007 4.5000000000000009 22.350000000000005 10.500000000000002 828.50000000000011 551.50000000000011 46.500000000000007 48.500000000000007 67.500000000000014 763.50000000000011 783.50000000000011 306.50000000000006 62.500000000000007 62.500000000000007 20.500000000000004 48.500000000000007 621.50000000000011 526.50000000000011 520.50000000000011 19.550000000000004 64.500000000000014 99.500000000000014 59.500000000000007 39.500000000000007 402.50000000000006
decision_type=2 2 2 2 2 2 2 2 2 2 2 2 2 2 2 2 2 2 2 2 2 2 2 2 2 2 2 2 2 2
left_child=-1 -2 3 4 -3 -6 7 11 -9 10 -10 -4 -13 15 16 19 -15 -18 -8 26 23 22 -22 -21 25 -20 27 -14 -26 -30
right_child=1 2 6 -5 5 -7 18 8 9 -11 -12 12 13 14 -16 -17 17 -19 24 20 21 -23 -24 -25 28 -27 -28 -29 29 -31
leaf_value=-0.057401603690692062 1.050608913871375 -0.084750265001304573 0.66225154537421016 0.66560353698829822 -0.19701688230037689 -1.5304116606712341 0.11674633332506774 0.26284456754039071 -1.897028410434723 -2.9128354249894621 0.51760539955952589 -1.4841932129859925 0.31839140856807885 -0.81635626175186859 -1.3932707214355471 1.0210736794663329 -0.17779035958376799 0.84639658510684979 -0.44269017285626866 -0.50401787966489786 0.44645689725875859 -0.32458291209262352 1.952728666861852 0.36165162729448641 1.0354773437275606 0.81955475156957458 -0.81778851577213829 -0.42684476864643583 0.87692647775014254 0.22495249910855
leaf_weight=5322 22 126 65 24 20 22 1806 87 22 20 34 20 66 22 20 28 55 25 46 35 34 23 27 40 34 22 21 39 48 162
leaf_count=5322 22 126 65 24 20 22 1806 87 22 20 34 20 66 22 20 28 55 25 46 35 34 23 27 40 34 22 21 39 48 162
internal_value=-3.68622e-10 0.101324 0.0943461 -0.168299 -0.287428 -0.895462 0.11235 -0.0110688 -0.365186 -1.08412 -0.431001 0.0999333 0.0196021 0.0887421 -0.282326 0.233376 -0.064494 0.142268 0.152149 0.155988 0.360146 0.719498 1.11317 -0.0423275 0.357075 -0.0343168 -0.10164 0.0415894 0.466152 0.373975
internal_weight=8337 3015 2993 192 168 42 2801 683 163 76 56 520 455 435 122 313 102 80 2118 285 159 84 61 75 312 68 126 105 244 210
internal_count=8337 3015 2993 192 168 42 2801 683 163 76 56 520 455 435 122 313 102 80 2118 285 159 84 61 75 312 68 126 105 244 210
is_linear=0
shrinkage=0.05


Tree=104
num_leaves=31
num_cat=0
split_feature=4 6 1 4 6 5 6 0 0 3 0 5 3 0 7 0 3 5 4 6 3 2 2 5 1 0 1 1 5 1
split_gain=17647.2 4429.64 3752.88 3356.46 4929.43 4376.62 4285.75 12126.9 5254.69 11417.1 25290.5 28670.3 11575.2 9035.03 8502.91 7856.32 7037.51 6503.95 7038.19 6780.71 6384.52 5406.02 7879.21 8134.07 7948.01 7457.82 5963.77 5182.87 5002.01 4074.13
threshold=422.50000000000006 556.50000000000011 1.0000000180025095e-35 879.50000000000011 906.50000000000011 45.500000000000007 862.50000000000011 25.150000000000002 21.750000000000004 31.500000000000004 25.750000000000004 55.500000000000007 88.500000000000014 20.250000000000004 13.500000000000002 28.050000000000004 48.500000000000007 60.500000000000007 551.50000000000011 745.50000000000011 28.500000000000004 74.500000000000014 65.500000000000014 78.500000000000014 560.50000000000011 17.950000000000003 551.50000000000011 760.50000000000011 56.500000000000007 893.50000000000011
decision_type=2 2 2 2 2 2 2 2 2 2 2 2 2 2 2 2 2 2 2 2 2 2 2 2 2 2 2 2 2 2
left_child=1 2 -1 4 6 -6 8 -8 13 17 11 14 15 21 -11 16 -12 -10 -19 -20 27 22 23 -2 25 -24 -25 -15 -23 -5
right_child=3 -3 -4 29 5 -7 7 -9 9 10 12 -13 -14 20 -16 -17 -18 18 19 -21 -22 28 24 26 -26 -27 -28 -29 -30 -31
leaf_value=-0.070573716114992566 0.073379906899811609 -0.7858060497045517 0.010086450049048797 0.63320653316367315 0.048131741326430749 0.85487475302070381 -1.3281839495897294 0.022825474854634736 0.071434219402619695 0.26172008293646354 0.92581157428877692 -2.41330401802063 0.86180532686412337 0.11842326052486896 -1.079755801813943 -0.70693224760202267 -0.36863743350619366 1.0340134984568545 -0.27968632425580708 0.8254701179006827 1.2553282626213567 0.16710265926692799 -0.51185910575317617 1.3267268512398005 -1.0568883405791389 0.63302851957082751 0.31470704014236861 1.0544534461838859 1.2482813959568739 0.17395917544141415
leaf_weight=3866 269 20 2300 66 29 40 20 98 870 27 21 25 38 50 21 39 21 38 35 23 31 23 33 24 27 25 37 21 20 180
leaf_count=3866 269 20 2300 66 29 40 20 98 870 27 21 25 38 50 21 39 21 38 35 23 31 23 33 24 27 25 37 21 20 180
internal_value=1.58331e-09 -0.0428961 -0.0404864 0.123364 0.100919 0.515809 0.0853269 -0.206159 0.105347 0.044538 -0.307615 -1.04029 0.14184 0.231093 -0.325176 -0.195922 0.278587 0.114531 0.505097 0.158565 0.656665 0.136315 0.0810197 0.19159 -0.348254 -0.0183731 0.712879 0.395277 0.669976 0.297172
internal_weight=8337 6186 6166 2151 1905 69 1836 118 1718 1158 192 73 119 560 48 81 42 966 96 58 102 458 415 330 85 58 61 71 43 246
internal_count=8337 6186 6166 2151 1905 69 1836 118 1718 1158 192 73 119 560 48 81 42 966 96 58 102 458 415 330 85 58 61 71 43 246
is_linear=0
shrinkage=0.05


Tree=105
num_leaves=31
num_cat=0
split_feature=1 4 3 4 0 5 4 3 3 1 6 2 5 2 5 1 6 3 0 1 3 6 6 0 0 5 0 5 5 1
split_gain=16233.8 4465.21 3755.89 3746.74 10696.9 9694.68 3579.51 10489.6 6723.45 23585.6 14328.2 12238.9 15836.9 5455.44 8312.03 6244.21 5104.57 4748.44 8034.64 4506.17 11157.5 4467.94 4411.97 4259.33 12753.9 49301.1 7087.47 13898.2 13080.6 7016.19
threshold=484.50000000000006 403.50000000000006 25.500000000000004 469.50000000000006 22.150000000000002 54.500000000000007 492.50000000000006 20.500000000000004 40.500000000000007 800.50000000000011 833.50000000000011 64.500000000000014 53.500000000000007 61.500000000000007 89.500000000000014 958.50000000000011 688.50000000000011 20.500000000000004 21.550000000000004 565.00000000000011 87.500000000000014 665.00000000000011 795.50000000000011 23.250000000000004 24.550000000000004 10.500000000000002 25.250000000000004 80.500000000000014 30.500000000000004 808.50000000000011
decision_type=2 2 2 2 2 2 2 2 2 2 2 2 2 2 2 2 2 2 2 2 2 2 2 2 2 2 2 2 2 2
left_child=-1 2 -2 4 -3 -6 7 -5 13 10 11 16 -13 15 17 23 19 18 21 -10 -21 -15 -19 29 25 -25 28 -28 -26 -8
right_child=1 3 -4 6 5 -7 8 -9 9 -11 -12 12 -14 14 -16 -17 -18 22 -20 20 -22 -23 -24 24 26 -27 27 -29 -30 -31
leaf_value=-0.03821614580560944 0.18386533364005711 -0.88627343549228765 1.1087324196738857 0.02133867906969647 -0.43710780569485258 1.1010612763464451 0.16113400266040118 1.3261474276271961 0.34259108981570685 -1.4412122742335003 1.3307601326704026 0.014262293003223563 -1.8420776462554933 -0.0010745932315957957 1.2494770245118576 0.84389863058372772 0.54365209993326447 1.0146208507319292 0.27884543882800811 0.28804858901671004 -1.1982157124125441 -0.9587098628814732 0.12808327856271162 0.15471819120030555 0.061047424707147815 -2.5946086271242663 0.085692398196784092 -1.2208408798490253 1.6558653020858765 1.0139249911797898
leaf_weight=6413 23 34 21 43 21 20 174 24 37 30 20 27 20 29 22 27 53 36 316 28 23 21 23 63 36 22 662 21 20 28
leaf_count=6413 23 34 21 43 21 20 174 24 37 30 20 27 20 29 22 27 53 36 316 28 23 21 23 63 36 22 662 21 20 28
internal_value=9.24473e-10 0.127381 0.625279 0.115728 -0.230551 0.313219 0.130116 0.488733 0.116291 -0.130596 0.0584354 -0.0769183 -0.77567 0.155464 0.301816 0.0933372 0.155999 0.252761 0.185659 -0.0774742 -0.382227 -0.403281 0.669021 0.0735856 0.0231451 -0.556872 0.0898589 0.0455208 0.630625 0.279343
internal_weight=8337 1924 44 1880 75 41 1805 67 1738 238 208 188 47 1500 447 1053 141 425 366 88 51 50 59 1026 824 85 739 683 56 202
internal_count=8337 1924 44 1880 75 41 1805 67 1738 238 208 188 47 1500 447 1053 141 425 366 88 51 50 59 1026 824 85 739 683 56 202
is_linear=0
shrinkage=0.05


Tree=106
num_leaves=31
num_cat=0
split_feature=1 6 0 3 2 5 0 8 5 6 6 5 6 1 6 2 3 5 4 1 5 3 5 8 5 7 0 3 2 2
split_gain=14837.6 7204.4 4900.43 5948.47 5701.37 7850.83 6495.88 7403.7 6626.13 5465.18 5517.18 7022.11 6348.08 14795.6 7553.51 5382.02 4982.81 30436.5 28567.3 14152 12479.1 8879.1 11489.8 6384.79 4656.87 4923.18 4648.64 4475.01 4434.27 8009.79
threshold=233.50000000000003 165.50000000000003 29.250000000000004 54.500000000000007 76.500000000000014 74.500000000000014 16.050000000000004 10.500000000000002 39.500000000000007 941.50000000000011 899.50000000000011 33.500000000000007 862.50000000000011 872.50000000000011 833.50000000000011 27.500000000000004 92.500000000000014 73.500000000000014 508.50000000000006 816.50000000000011 51.500000000000007 58.500000000000007 81.500000000000014 10.500000000000002 50.500000000000007 14.500000000000002 16.450000000000003 16.500000000000004 58.500000000000007 63.500000000000007
decision_type=2 2 2 2 2 2 2 2 2 2 2 2 2 2 2 2 2 2 2 2 2 2 2 2 2 2 2 2 2 2
left_child=-1 -2 4 15 6 -6 7 27 -9 10 12 -12 14 -14 16 -4 19 24 23 21 -21 26 -23 -19 25 -18 -8 -3 -29 -30
right_child=1 2 3 -5 5 -7 9 8 -10 -11 11 -13 13 -15 -16 -17 17 18 -20 20 -22 22 -24 -25 -26 -27 -28 28 29 -31
leaf_value=-0.050205729767106244 0.99012476798485638 -0.49414557568555656 -0.54452824157017932 1.0155710577964783 0.14937774267112999 1.261346163058823 0.65138683468103409 -0.18803052783012392 -1.4455026003447446 -0.61702685197194418 0.053594206941538852 1.2234779742748843 -1.5615258258581162 0.18279449305226725 0.64134447563778274 0.18658979380467933 0.35309468729026394 -0.85653006871541337 -2.5550906590053017 0.24181049065664412 1.7887441212480721 0.1584993488885261 1.3185226635138196 0.25074791927700457 0.81293960973139745 -0.41078647182833761 0.00040647929544097399 0.67543563281114283 -0.91868428617715847 0.32325990530284676
leaf_weight=5322 22 43 26 21 57 22 28 20 22 30 29 23 20 31 55 790 66 30 21 32 22 74 30 23 31 31 1333 26 20 37
leaf_count=5322 22 43 26 21 57 22 28 20 22 30 29 23 20 31 55 790 66 30 21 32 22 74 30 23 31 31 1333 26 20 37
internal_value=9.12609e-11 0.0886219 0.0819954 0.184678 0.0421322 0.45904 0.0262748 -0.271796 -0.846706 0.0525063 0.063196 0.571043 0.0487417 -0.501253 0.0645354 0.163294 0.0461017 -0.187201 -0.9944 0.0771268 0.872043 0.0478261 0.493121 -0.376013 0.279461 0.108968 0.0137992 -0.0801588 0.134316 -0.11251
internal_weight=8337 3015 2993 837 2156 79 2077 168 42 1909 1879 52 1827 51 1776 816 1721 202 74 1519 54 1465 104 53 128 97 1361 126 83 57
internal_count=8337 3015 2993 837 2156 79 2077 168 42 1909 1879 52 1827 51 1776 816 1721 202 74 1519 54 1465 104 53 128 97 1361 126 83 57
is_linear=0
shrinkage=0.05


Tree=107
num_leaves=31
num_cat=0
split_feature=4 6 2 4 6 5 1 0 0 6 0 7 1 7 7 1 0 1 0 0 6 3 5 5 6 6 7 0 1 0
split_gain=13546.7 5256.49 3623.3 3252.26 4514.74 3824.96 3695.84 3975.57 5150.46 3373.49 10118 3242.82 2796.54 2942.8 14556.2 5866.81 8523.27 5735.37 4897.19 3292.81 3695.69 10418.1 20996 3398.59 5783.93 3130.72 11044.4 7802.04 2898.62 2784.81
threshold=371.50000000000006 516.50000000000011 78.500000000000014 879.50000000000011 906.50000000000011 46.500000000000007 893.50000000000011 24.550000000000004 28.950000000000003 862.50000000000011 25.550000000000004 13.500000000000002 1.0000000180025095e-35 12.500000000000002 15.500000000000002 394.50000000000006 21.950000000000003 369.50000000000006 17.050000000000004 20.450000000000003 219.50000000000003 29.500000000000004 61.500000000000007 57.500000000000007 242.50000000000003 360.50000000000006 17.500000000000004 20.950000000000003 213.50000000000003 21.750000000000004
decision_type=2 2 2 2 2 2 2 2 2 2 2 2 2 2 2 2 2 2 2 2 2 2 2 2 2 2 2 2 2 2
left_child=1 12 3 4 9 -6 -5 -8 -9 29 -11 -12 -1 15 18 17 -17 19 -15 20 28 22 -22 -21 -25 -16 27 -27 -14 -2
right_child=2 -3 -4 6 5 -7 7 8 -10 10 11 -13 13 14 25 16 -18 -19 -20 23 21 -23 -24 24 -26 26 -28 -29 -30 -31
leaf_value=-0.062623940651828733 0.16266463559894068 -0.81186754811893813 0.72501958479052009 0.5865728416226127 0.083470514868244985 0.82871638569566941 -0.32079700885547535 0.90369531924907975 0.12629186522405028 -1.1935069367999123 0.33427741087295793 -0.24642457887530328 -0.092818985905305074 0.17333551645278933 0.047021773108371946 -1.2083650339108249 0.071904413803265649 0.75707520298335862 1.1048501844322958 -0.0057070201224232115 -0.045729879675240358 0.059613460743178928 -2.121667928922744 0.042380065068602563 0.95053523337399515 -0.20129332554340365 0.42492407113313679 -1.5262308341264725 0.45306195249924297 0.034985444472099725
leaf_weight=3866 636 22 23 66 33 36 36 26 118 21 44 53 376 21 898 26 26 23 43 354 29 60 21 50 27 25 32 20 26 1300
leaf_count=3866 636 22 23 66 33 36 36 26 118 21 44 53 376 21 898 26 26 23 43 354 29 60 21 50 27 25 32 20 26 1300
internal_value=-1.16791e-09 -0.0404285 0.10048 0.0944161 0.0744739 0.472294 0.266519 0.149166 0.266656 0.06111 -0.19844 0.0169866 -0.0375631 0.00953718 0.0687341 -0.0508809 -0.56823 -0.0230319 0.799197 -0.0420589 -0.127783 -0.384585 -0.917624 0.0597753 0.360824 0.0207858 -0.285187 -0.790154 -0.0575133 0.0769296
internal_weight=8337 5945 2392 2369 2123 69 246 180 144 2054 118 97 5923 2057 1039 1018 52 966 64 943 512 110 50 431 77 975 77 45 402 1936
internal_count=8337 5945 2392 2369 2123 69 246 180 144 2054 118 97 5923 2057 1039 1018 52 966 64 943 512 110 50 431 77 975 77 45 402 1936
is_linear=0
shrinkage=0.05


Tree=108
num_leaves=31
num_cat=0
split_feature=1 4 3 4 0 0 6 2 8 5 2 4 0 4 3 2 8 0 2 4 5 5 4 3 5 1 6 6 0 6
split_gain=12404.3 4203.48 3439.91 3429.04 2834.97 16133.5 7489.02 6204.35 5243.73 4485.45 18251.1 13464.1 11473.1 12742.2 3430.1 5804.44 13489.7 7901.49 11336.6 5366.28 4329 3022.54 2987 2912.95 3582.16 3566.09 7102.82 4838.63 5108.45 4397.84
threshold=484.50000000000006 403.50000000000006 25.500000000000004 431.50000000000006 17.550000000000004 17.250000000000004 665.00000000000011 47.500000000000007 2.5000000000000004 86.500000000000014 37.500000000000007 711.50000000000011 24.250000000000004 544.50000000000011 1.0000000180025095e-35 55.500000000000007 4.5000000000000009 24.050000000000004 45.500000000000007 926.50000000000011 46.500000000000007 50.500000000000007 589.50000000000011 96.500000000000014 43.500000000000007 786.50000000000011 772.50000000000011 612.50000000000011 19.650000000000002 631.50000000000011
decision_type=2 2 2 2 2 2 2 2 2 2 2 2 2 2 2 2 2 2 2 2 2 2 2 2 2 2 2 2 2 2
left_child=-1 2 -2 -3 5 6 7 -5 21 14 -11 12 13 -12 15 17 -17 18 -10 23 -19 -6 -9 25 -25 27 -27 -16 -29 -30
right_child=1 3 -4 4 8 -7 -8 22 9 10 11 -13 -14 -15 19 16 -18 20 -20 -21 -22 -23 -24 24 -26 26 -28 28 29 -31
leaf_value=-0.033405928168251574 0.17199569474095885 -0.50672256376432345 1.0571032331103372 -0.85323674905867808 0.26534743422553658 -1.2889791602889697 0.80034524928177564 0.4830928142182529 0.28256455327455815 -1.4847724857655438 0.16133542537689211 1.2288436583110265 0.73563015937805176 -1.6234755420684814 0.26163378909925106 -1.1746025061165846 -0.0069720359613045547 0.18537657707778424 -1.2596119209446692 0.70458753237128269 0.66694764950058683 1.1242095971107484 -0.16869954741918125 0.062119013612920597 0.91470342023032059 1.203754930794239 0.22050880129521505 -0.79331133020195099 -0.69647994240125022 0.056634412986773353
leaf_weight=6413 23 23 21 21 21 24 31 32 26 22 20 21 20 20 193 27 295 308 22 50 55 20 39 22 28 20 225 22 21 252
leaf_count=6413 23 23 21 21 21 24 31 32 26 22 20 21 20 20 193 27 295 308 22 50 55 20 39 22 28 20 225 22 21 252
internal_value=2.02978e-10 0.111347 0.594433 0.100041 0.107556 -0.10315 0.128231 -0.0982422 0.12567 0.111946 -0.207665 0.139204 -0.24217 -0.73107 0.132968 0.0540823 -0.104879 0.178621 -0.424266 0.202384 0.258342 0.684305 0.125066 0.170314 0.539566 0.145127 0.300774 0.0669842 -0.0603629 -0.00129746
internal_weight=8337 1924 44 1880 1857 147 123 92 1710 1669 103 81 60 40 1566 733 322 411 48 833 363 41 71 783 50 733 245 488 295 273
internal_count=8337 1924 44 1880 1857 147 123 92 1710 1669 103 81 60 40 1566 733 322 411 48 833 363 41 71 783 50 733 245 488 295 273
is_linear=0
shrinkage=0.05


Tree=109
num_leaves=31
num_cat=0
split_feature=1 6 0 8 3 5 4 0 8 0 5 1 6 2 6 8 4 0 4 3 4 5 5 1 1 2 3 5 3 2
split_gain=11332.5 6428.75 4134.06 6300.18 6242.39 5546.63 6832.31 4723.02 4309.75 9536.52 24994.6 30846.6 27164.9 8131.32 10564.3 7384.18 13324 11639.5 5691.23 6150 5602.59 5425.27 8243.72 4729.57 9383.45 6188.54 11149.2 7409.54 12557.9 4235.4
threshold=233.50000000000003 165.50000000000003 16.050000000000004 10.500000000000002 16.500000000000004 51.500000000000007 392.50000000000006 14.050000000000002 4.5000000000000009 22.350000000000005 10.500000000000002 828.50000000000011 551.50000000000011 67.500000000000014 763.50000000000011 2.5000000000000004 540.50000000000011 17.250000000000004 306.50000000000006 62.500000000000007 616.50000000000011 63.500000000000007 61.500000000000007 812.50000000000011 766.50000000000011 60.500000000000007 36.500000000000007 76.500000000000014 21.500000000000004 65.500000000000014
decision_type=2 2 2 2 2 2 2 2 2 2 2 2 2 2 2 2 2 2 2 2 2 2 2 2 2 2 2 2 2 2
left_child=-1 -2 3 4 -3 -6 -7 -5 9 13 -11 12 -12 15 18 16 17 -4 -15 -20 -18 22 -10 24 25 27 -27 -17 -29 -23
right_child=1 2 8 7 5 6 -8 -9 21 10 11 -13 -14 14 -16 23 20 -19 19 -21 -22 29 -24 -25 -26 26 -28 28 -30 -31
leaf_value=-0.043876773464758226 0.92904233553192839 -0.46764223095636037 -0.12410436085292272 -0.02876097018068487 -0.23620214377130783 0.07167328055948019 1.1628778553926027 -0.96896720721441165 0.10084615224921956 0.22234336356578888 -1.7858203508637169 -2.7043615460395816 0.46902563155573962 -0.78133571120825684 -1.3258947356045248 0.28561121691842523 0.7735520061519412 -1.5917756096883255 -0.16883452057838441 0.77696949273347859 -0.15162400941054027 0.23646109025576154 -0.87295396436344497 1.0060362500449023 -0.6478305108547211 -0.71469665073579369 0.72074621990323073 0.31764096682891252 1.797023239387916 0.74827664792537696
leaf_weight=5322 22 43 35 22 35 32 26 34 1792 87 22 20 34 22 20 113 36 22 55 25 30 256 22 24 25 31 24 32 26 48
leaf_count=5322 22 43 35 22 35 32 26 34 1792 87 22 20 34 22 20 113 36 22 55 25 30 256 22 24 25 31 24 32 26 48
internal_value=-7.93476e-10 0.0774501 0.0711905 -0.153255 0.0305344 0.260874 0.560834 -0.5996 0.0865756 -0.0226419 -0.356347 -1.01879 -0.416807 0.0819617 -0.275155 0.19143 -0.130598 -0.690574 -0.0691279 0.126729 0.353017 0.121795 0.089036 0.335464 0.271346 0.373024 -0.0883216 0.52141 0.980812 0.317274
internal_weight=8337 3015 2993 192 136 93 58 56 2801 683 163 76 56 520 122 398 123 57 102 80 66 2118 1814 275 251 226 55 171 58 304
internal_count=8337 3015 2993 192 136 93 58 56 2801 683 163 76 56 520 122 398 123 57 102 80 66 2118 1814 275 251 226 55 171 58 304
is_linear=0
shrinkage=0.05


Tree=110
num_leaves=31
num_cat=0
split_feature=1 4 4 5 6 2 4 2 1 7 5 0 0 2 5 3 4 4 2 8 5 0 6 5 8 5 0 5 2 1
split_gain=10336.3 3783.04 3271.07 3165.57 10256.9 27868.3 19434.9 19961.7 16388.2 13730.9 6223.09 5801.34 4510.9 4225.23 6549.5 4045.66 7724.62 4981.81 4935.97 4369.13 23309.9 27052.7 3719.87 4166.47 3714.19 5660.9 2752.7 2651.17 2672.7 5271.38
threshold=484.50000000000006 403.50000000000006 335.50000000000006 77.500000000000014 735.50000000000011 40.500000000000007 551.50000000000011 61.500000000000007 800.50000000000011 13.500000000000002 67.500000000000014 18.250000000000004 15.950000000000001 34.500000000000007 8.5000000000000018 1.0000000180025095e-35 469.50000000000006 926.50000000000011 40.500000000000007 4.5000000000000009 10.500000000000002 21.050000000000004 520.50000000000011 42.500000000000007 8.5000000000000018 57.500000000000007 25.450000000000003 15.500000000000002 65.500000000000014 713.50000000000011
decision_type=2 2 2 2 2 2 2 2 2 2 2 2 2 2 2 2 2 2 2 2 2 2 2 2 2 2 2 2 2 2
left_child=-1 2 -2 10 5 -5 7 -7 -6 -8 12 -12 -3 14 -14 19 -17 18 -18 20 -15 -22 23 -20 27 -26 -13 -24 -29 -30
right_child=1 3 -4 4 8 6 9 -9 -10 -11 11 26 13 15 -16 16 17 -19 22 -21 21 -23 24 -25 25 -27 -28 28 29 -31
leaf_value=-0.030494386469422503 0.14799273532369864 -0.53495909571647648 1.011105289345696 -1.9867007030682133 1.0556157729029656 0.046658512073404657 1.4139701596328191 -1.9440662312507631 -0.44963890566970366 -0.23480710983276368 -0.10922111339867116 1.313286653161049 0.084497789549293809 0.41881078496575364 0.85931085088978654 -0.74762906489144687 -0.50110524259507661 0.67564482192198438 0.234412591987186 0.042895932078017333 -0.053268931865692142 -2.5204258888401094 0.0056628113074939914 1.039469683647156 0.047975957781915934 -0.81396857743913476 0.52232931012457073 0.35081333793085534 0.36121310384737121 -0.40164630825702963
leaf_weight=6413 23 28 21 22 40 34 28 20 33 23 20 22 67 50 46 23 28 48 45 552 25 20 123 25 142 22 22 279 54 39
leaf_count=6413 23 28 21 22 40 34 28 20 33 23 20 22 67 50 46 23 28 48 45 552 25 20 123 25 142 22 22 279 54 39
internal_value=-1.23833e-09 0.101643 0.559933 0.0909167 -0.097126 -0.368596 -0.0295651 -0.690647 0.375158 0.670404 0.113303 0.596861 0.0941519 0.105245 0.399908 0.0826703 0.155869 0.181684 0.150362 -0.0110064 -0.324207 -1.14978 0.175385 0.521933 0.138574 -0.0676507 0.917808 0.206898 0.273436 0.0413043
internal_weight=8337 1924 44 1880 200 127 105 54 73 51 1680 64 1616 1588 113 1475 828 805 757 647 95 45 729 70 659 164 44 495 372 93
internal_count=8337 1924 44 1880 200 127 105 54 73 51 1680 64 1616 1588 113 1475 828 805 757 647 95 45 729 70 659 164 44 495 372 93
is_linear=0
shrinkage=0.05


Tree=111
num_leaves=31
num_cat=0
split_feature=4 6 8 0 7 5 3 0 3 2 4 7 6 5 4 2 2 6 5 5 3 5 2 2 2 3 3 5 3 3
split_gain=9555.29 5126.9 4611.28 19585.7 9911.64 8945.76 11546.6 7864.31 9047.67 8440.6 7714.11 11539.9 4638.99 4969.7 7843.05 5058.56 5520.58 10534.7 7955.87 13721.9 8530.43 5429.92 12432.2 12790.6 11917.7 14785.6 12199 9920.03 7740.17 4846.24
threshold=214.50000000000003 165.50000000000003 10.500000000000002 23.150000000000002 12.500000000000002 61.500000000000007 39.500000000000007 16.750000000000004 15.500000000000002 72.500000000000014 361.50000000000006 15.500000000000002 201.50000000000003 36.500000000000007 955.50000000000011 77.500000000000014 66.500000000000014 763.50000000000011 89.500000000000014 71.500000000000014 51.500000000000007 85.500000000000014 36.500000000000007 46.500000000000007 61.500000000000007 57.500000000000007 20.500000000000004 81.500000000000014 1.5000000000000002 35.500000000000007
decision_type=2 2 2 2 2 2 2 2 2 2 2 2 2 2 2 2 2 2 2 2 2 2 2 2 2 2 2 2 2 2
left_child=-1 -2 12 4 5 -4 -7 9 -9 -6 11 -10 -3 14 -14 16 21 18 19 29 -20 27 -23 -24 25 26 28 -15 -25 -18
right_child=1 2 3 -5 7 6 -8 8 10 -11 -12 -13 13 15 -16 -17 17 -19 20 -21 -22 22 23 24 -26 -27 -28 -29 -30 -31
leaf_value=-0.040940940585635327 0.68985455000039309 -0.57879025534941597 -0.024815486844848186 -1.426474555180623 -0.97417773842811595 -1.7593390476135982 -0.208358870446682 -0.1405238333802957 1.9076625918348631 0.35304345618123595 0.27951517126389913 0.30271276845818473 0.0071950203832528599 0.22136573230943868 0.98133242470877513 0.83713637750457837 -0.045593979349359874 -0.91026359312236316 -0.049668590795426147 -1.1487670971797062 1.359194607219913 -1.0141783024583544 1.100078930599349 0.15425929299422675 0.62451656569134117 -1.3158751717929182 0.9724124859208646 1.2131424812170177 -1.0694048215945562 0.65116886708044242
leaf_weight=5260 33 26 85 26 25 21 28 52 24 23 56 21 1286 833 21 27 128 32 21 26 22 28 28 28 44 29 23 26 24 31
leaf_count=5260 33 26 85 26 25 21 28 52 24 23 56 21 1286 833 21 27 128 32 21 26 22 28 28 28 44 29 23 26 24 31
internal_value=4.1333e-10 0.0699868 0.0632668 -0.104504 -0.00190283 -0.334996 -0.873065 0.220159 0.395336 -0.338218 0.671225 1.15869 0.0858405 0.0923442 0.0228468 0.159628 0.145801 -0.060719 0.0585154 -0.0838797 0.671145 0.196314 -0.0355755 0.120111 -0.065288 -0.357128 0.0135871 0.251385 -0.410509 0.0902529
internal_weight=8337 3077 3044 361 335 134 49 201 153 48 101 45 2683 2657 1307 1350 1323 260 228 185 43 1063 204 176 148 104 75 859 52 159
internal_count=8337 3077 3044 361 335 134 49 201 153 48 101 45 2683 2657 1307 1350 1323 260 228 185 43 1063 204 176 148 104 75 859 52 159
is_linear=0
shrinkage=0.05


Tree=112
num_leaves=31
num_cat=0
split_feature=4 6 2 5 5 3 4 4 1 6 2 7 0 2 5 0 4 6 5 0 4 2 0 5 7 4 5 0 0 0
split_gain=8774.15 5203.34 3219.94 13867 3055.52 11058.6 21260.3 29011.4 16484 31574.2 6162.4 6162.23 8116.5 5541.33 4632.64 4714.19 3544.9 5970.23 5110.31 4983.82 5131.11 4848.88 12530.7 7933.35 3341.3 3305.47 2914.51 5244.48 2823.57 2790.9
threshold=371.50000000000006 516.50000000000011 73.500000000000014 68.500000000000014 74.500000000000014 28.500000000000004 502.50000000000006 443.50000000000006 750.50000000000011 660.50000000000011 53.500000000000007 14.500000000000002 21.250000000000004 39.500000000000007 67.500000000000014 20.350000000000005 748.50000000000011 756.50000000000011 52.500000000000007 21.450000000000003 955.50000000000011 60.500000000000007 24.550000000000004 4.5000000000000009 12.500000000000002 916.50000000000011 33.500000000000007 29.450000000000003 32.350000000000001 31.050000000000004
decision_type=2 2 2 2 2 2 2 2 2 2 2 2 2 2 2 2 2 2 2 2 2 2 2 2 2 2 2 2 2 2
left_child=1 -1 4 -4 14 10 7 -7 9 -8 13 12 -12 -6 16 -16 28 -18 19 -19 21 22 23 -21 26 -24 27 -23 -2 -27
right_child=2 -3 3 -5 5 6 8 -9 -10 -11 11 -13 -14 -15 15 -17 17 18 -20 20 -22 24 25 -25 -26 29 -28 -29 -30 -31
leaf_value=-0.029685747088931586 0.012082115563224922 -0.80006520748138432 0.039255756616592412 1.4668519861657512 -0.068081340690453851 -0.91359273715187672 -1.8574040326205168 1.5714503506819408 -2.1532437237826261 0.76498981465895977 -0.29150481896522717 -0.75350265502929692 0.86259169006347658 0.82399871203364161 0.0090362011031671005 0.97965429091248035 0.58782916095745008 -0.62211010505755748 0.72301996440598471 -0.17639624086164296 0.90012982904911043 -0.76006527359131726 -0.0015003247837643181 -1.567839901149273 0.41214053207476226 0.82130576056241988 0.38763222632736993 0.32189764437221347 0.35539120184996775 0.088157513958436476
leaf_weight=5923 1214 22 75 22 27 23 22 24 22 24 39 26 25 49 22 29 76 24 33 21 20 24 226 20 140 25 29 21 63 27
leaf_count=5923 1214 22 75 22 27 23 22 24 22 24 39 26 25 49 22 29 76 24 33 21 20 24 226 20 140 25 29 21 63 27
internal_value=-1.64126e-10 -0.0325366 0.0808654 0.36304 0.0689391 -0.0855144 -0.462368 0.355365 -1.02757 -0.489199 0.175559 -0.104388 0.159314 0.507076 0.0904889 0.560956 0.0782659 0.16994 0.117875 0.0832651 0.113878 0.0843752 -0.0391451 -0.855149 0.268501 0.0812008 -0.0032484 -0.255149 0.0290191 0.440633
internal_weight=8337 5945 2392 97 2295 281 115 47 68 46 166 90 64 76 2014 51 1963 686 610 577 553 533 319 41 214 278 74 45 1277 52
internal_count=8337 5945 2392 97 2295 281 115 47 68 46 166 90 64 76 2014 51 1963 686 610 577 553 533 319 41 214 278 74 45 1277 52
is_linear=0
shrinkage=0.05


Tree=113
num_leaves=31
num_cat=0
split_feature=4 8 0 7 5 3 0 1 7 4 2 5 4 0 8 1 7 5 6 1 2 4 3 6 8 8 2 5 0 7
split_gain=7984.91 4088.92 19152.2 7727.55 8123.79 11384.7 7937.31 6411.49 9276.61 8782.2 5765.86 4452.85 6424.68 5326.33 14414.7 16500.6 14030.5 21938.3 17900.6 25614 16779 15929.9 13711.6 14299 8618.67 8348.55 7492.69 7146.48 11936.7 23170.7
threshold=222.50000000000003 10.500000000000002 23.150000000000002 12.500000000000002 61.500000000000007 42.500000000000007 16.750000000000004 500.50000000000006 14.500000000000002 482.50000000000006 72.500000000000014 36.500000000000007 955.50000000000011 17.250000000000004 4.5000000000000009 828.50000000000011 14.500000000000002 54.500000000000007 688.50000000000011 547.50000000000011 55.500000000000007 389.50000000000006 20.500000000000004 556.50000000000011 2.5000000000000004 6.5000000000000009 67.500000000000014 84.500000000000014 26.050000000000004 12.500000000000002
decision_type=2 2 2 2 2 2 2 2 2 2 2 2 2 2 2 2 2 2 2 2 2 2 2 2 2 2 2 2 2 2
left_child=-1 11 3 4 -3 -6 10 8 9 -8 -5 12 -2 22 15 16 17 -15 19 21 -20 -19 24 -24 -13 -16 -18 28 29 -27
right_child=1 2 -4 6 5 -7 7 -9 -10 -11 -12 13 -14 14 25 -17 26 18 20 -21 -22 -23 23 -25 -26 27 -28 -29 -30 -31
leaf_value=-0.03701239401290763 0.0063927011670369405 0.0089597645969617928 -1.4286114645004273 -0.86172605810257119 -1.6454515565525403 -0.11317873530917698 1.7526175441741945 -0.17256618539492291 0.20243234020274353 0.34691648304462436 0.22507328209669694 -0.64600185127485377 0.88800288665862315 0.48328571465780157 0.45712487880125585 -1.4169172244071961 0.59429296984204227 -1.3079091538553653 0.9930315118768942 -2.2787230985239151 -0.98716363489627845 0.62153299808502194 0.38596746958792211 1.5739143895380425 0.48649108750479564 0.3793444308249847 -0.3501574934593269 0.9063830057779948 0.14077481430196509 -1.9178209670952389
leaf_weight=5303 1296 84 25 26 22 27 25 39 68 20 23 42 21 53 249 25 84 23 23 32 20 20 109 33 28 23 28 27 518 21
leaf_count=5303 1296 84 25 26 22 27 25 39 68 20 23 42 21 53 249 25 84 23 23 32 20 20 109 33 28 23 28 27 518 21
internal_value=-1.08809e-09 0.0646924 -0.0937536 0.00616094 -0.289497 -0.801138 0.201795 0.380191 0.570966 1.12786 -0.351596 0.0859567 0.0204503 0.149485 0.106895 -0.185606 -0.0768325 -0.361753 -0.741305 -1.20761 0.0720105 -0.410494 0.379714 0.66204 -0.193005 0.214402 0.35818 0.11179 0.0736157 -0.71703
internal_weight=8337 3034 359 334 133 49 201 152 113 45 49 2675 1317 1358 1146 308 283 171 118 75 43 43 212 142 70 838 112 589 562 44
internal_count=8337 3034 359 334 133 49 201 152 113 45 49 2675 1317 1358 1146 308 283 171 118 75 43 43 212 142 70 838 112 589 562 44
is_linear=0
shrinkage=0.05


Tree=114
num_leaves=31
num_cat=0
split_feature=1 4 3 4 0 0 6 2 8 5 1 6 1 3 5 0 2 5 3 1 2 0 2 0 8 5 4 6 2 1
split_gain=7318.88 3242.45 2998.9 2768.89 2480.56 13464.7 5604.92 4972.13 4561.1 3187.09 13114.6 19146.8 7835.51 6819.51 4667.37 3355.08 3309.75 5898.3 4188.46 4620.18 7833.51 5671.2 6604.2 5092.19 3900.28 27993.4 2846.83 2798.59 3472.24 3431.87
threshold=484.50000000000006 403.50000000000006 25.500000000000004 431.50000000000006 17.550000000000004 17.250000000000004 665.00000000000011 47.500000000000007 2.5000000000000004 80.500000000000014 833.50000000000011 786.50000000000011 616.50000000000011 14.500000000000002 68.500000000000014 25.450000000000003 34.500000000000007 1.5000000000000002 1.0000000180025095e-35 792.50000000000011 40.500000000000007 28.350000000000005 64.500000000000014 29.450000000000003 4.5000000000000009 10.500000000000002 853.50000000000011 621.50000000000011 49.500000000000007 535.50000000000011
decision_type=2 2 2 2 2 2 2 2 2 2 2 2 2 2 2 2 2 2 2 2 2 2 2 2 2 2 2 2 2 2
left_child=-1 2 -2 -3 5 6 7 -5 -6 14 11 12 -11 -14 16 -16 17 -10 24 20 -20 22 26 -23 25 -18 -21 29 -29 -22
right_child=1 3 -4 4 8 -7 -8 -9 9 10 -12 -13 13 -15 15 -17 18 -19 19 21 27 23 -24 -25 -26 -27 -28 28 -30 -31
leaf_value=-0.025660157825985283 0.11538325289021367 -0.46963852384816046 0.94180892422085716 -0.77516526210875747 0.62030218672461634 -1.1980614287157854 0.678088947649925 0.10061760176970086 -0.030191664283092209 0.46841977926400996 -1.1805267457962036 1.4431911888576689 -0.15452619399343218 -1.2942433195454734 0.95640008008038557 0.17523633635469849 0.3910689851045609 0.70619780771565022 -0.86672212535684767 1.4202675184323674 -0.074730917157834031 -0.45398638536190172 0.051269534392462623 0.26826503613068686 0.021786930949905619 -1.5027761097997427 0.69139011000861994 0.53363008157401859 -0.064302436395304835 0.3911334085444263
leaf_weight=6413 23 23 21 21 41 24 31 71 52 26 25 21 35 21 27 28 50 57 22 21 57 29 31 154 547 32 37 27 241 129
leaf_count=6413 23 23 21 21 41 24 31 71 52 26 25 21 35 21 27 28 50 57 22 21 57 29 31 154 547 32 37 27 241 129
internal_value=8.08872e-10 0.0855294 0.509814 0.0755994 0.0823524 -0.114744 0.0966353 -0.0992894 0.0992958 0.086497 -0.15324 0.096101 -0.248886 -0.58192 0.10641 0.558717 0.0896694 0.354893 0.068675 0.148641 0.0547054 0.313028 0.640409 0.15381 -0.0264196 -0.347993 0.955294 0.0993561 -0.00406297 0.248369
internal_weight=8337 1924 44 1880 1857 147 123 92 1710 1669 128 103 82 56 1541 55 1486 109 1377 748 476 272 89 183 629 82 58 454 268 186
internal_count=8337 1924 44 1880 1857 147 123 92 1710 1669 128 103 82 56 1541 55 1486 109 1377 748 476 272 89 183 629 82 58 454 268 186
is_linear=0
shrinkage=0.05


Tree=115
num_leaves=31
num_cat=0
split_feature=1 6 2 5 0 2 0 5 6 4 3 4 1 0 3 4 6 8 7 0 2 5 1 4 5 1 6 6 3 1
split_gain=6736.12 5563.46 3912.12 6344.97 5737.91 14704.4 7172.3 14782.5 7159.16 10588.8 10648.8 9779.33 7152.16 6779.58 10685.9 7844.37 10263.1 5725.76 5815.51 9696.92 4673.45 7925.6 9253 8409.24 6303.78 17135.7 28927.8 28104.9 8711.24 4542.16
threshold=233.50000000000003 165.50000000000003 76.500000000000014 74.500000000000014 19.750000000000004 60.500000000000007 18.950000000000003 84.500000000000014 726.50000000000011 365.50000000000006 29.500000000000004 407.50000000000006 360.50000000000006 21.050000000000004 52.500000000000007 497.50000000000006 396.50000000000006 3.5000000000000004 14.500000000000002 17.350000000000005 61.500000000000007 58.500000000000007 642.50000000000011 361.50000000000006 79.500000000000014 726.50000000000011 631.50000000000011 786.50000000000011 7.5000000000000009 958.50000000000011
decision_type=2 2 2 2 2 2 2 2 2 2 2 2 2 2 2 2 2 2 2 2 2 2 2 2 2 2 2 2 2 2
left_child=-1 -2 4 -4 5 6 -3 -8 9 10 -7 -11 -12 14 15 16 -6 18 19 -13 24 -22 23 -23 29 26 28 -27 -26 -15
right_child=1 2 3 -5 13 8 7 -9 -10 11 12 17 -14 20 -16 -17 -18 -19 -20 -21 21 22 -24 -25 25 27 -28 -29 -30 -31
leaf_value=-0.033827986766442296 0.85192342752760108 0.17630044193512773 0.12458851008579648 1.1218394171107899 0.38597396602854134 -1.3645207473518033 0.28396220019570106 -1.5095148414373398 -1.2818802151083948 0.71750600410230236 0.18702065610524379 0.3207589316368103 -0.99335092419669735 0.026412503296989048 1.0858405580478054 0.53520321856465258 -1.0920715259469074 0.25660042990195125 -1.0714188269206457 -1.0382967829704286 0.10120768311113751 0.82468096613883979 1.3046901745180932 -0.36934776470578951 0.23552333220191626 -2.5063317982852462 1.7464174628257751 0.031521707773208618 -1.0674898032484383 0.68181622558169908
leaf_weight=5322 22 372 58 22 24 38 27 20 20 33 33 35 21 1264 42 57 23 38 28 21 584 30 31 29 23 20 20 24 29 27
leaf_count=5322 22 372 58 22 24 38 27 20 20 33 33 35 21 1264 42 57 23 38 28 21 584 30 31 29 23 20 20 24 29 27
internal_value=7.93772e-10 0.0597123 0.0538892 0.398833 0.0444159 -0.0820212 0.10277 -0.47922 -0.372011 -0.298337 -0.723266 -0.0461218 -0.272013 0.0833633 0.412723 0.140888 -0.337325 -0.252677 -0.483064 -0.188887 0.0602559 0.168516 0.605275 0.237785 0.00839553 -0.344672 0.130391 -1.12205 -0.491157 0.0401196
internal_weight=8337 3015 2993 80 2913 686 419 47 267 247 92 155 54 2227 146 104 47 122 84 56 2081 674 90 59 1407 116 72 44 52 1291
internal_count=8337 3015 2993 80 2913 686 419 47 267 247 92 155 54 2227 146 104 47 122 84 56 2081 674 90 59 1407 116 72 44 52 1291
is_linear=0
shrinkage=0.05


Tree=116
num_leaves=31
num_cat=0
split_feature=0 3 2 6 6 1 5 6 1 6 2 0 2 1 0 5 1 4 2 7 6 5 2 6 1 2 6 7 5 3
split_gain=6257.28 6411.57 5733.28 5459.5 5274.48 6419.66 4213.94 3901.66 11182 7422.37 4197.13 3859.49 3620.38 2897.88 21342.5 12895.4 2538.74 7947.02 6713.15 6257.7 5935.77 5654.42 4996.37 4208.02 6312.34 3406.21 2835.33 8809.93 10674.3 9898.89
threshold=29.250000000000004 55.500000000000007 24.500000000000004 941.50000000000011 899.50000000000011 896.50000000000011 15.500000000000002 862.50000000000011 872.50000000000011 833.50000000000011 51.500000000000007 32.95000000000001 46.500000000000007 808.50000000000011 24.950000000000003 48.500000000000007 717.50000000000011 659.50000000000011 51.500000000000007 14.500000000000002 738.50000000000011 43.500000000000007 42.500000000000007 750.50000000000011 760.50000000000011 57.500000000000007 616.50000000000011 12.500000000000002 69.500000000000014 12.500000000000002
decision_type=2 2 2 2 2 2 2 2 2 2 2 2 2 2 2 2 2 2 2 2 2 2 2 2 2 2 2 2 2 2
left_child=3 2 -2 4 7 -6 -4 9 -9 13 -11 12 -8 16 15 -15 17 26 22 23 -21 -19 -18 25 -25 -20 -1 28 -28 -29
right_child=1 -3 6 -5 5 -7 11 8 -10 10 -12 -13 -14 14 -16 -17 18 21 19 20 -22 -23 -24 24 -26 -27 27 29 -30 -31
leaf_value=-0.018378810830202926 -0.71243147970665077 1.009158171415329 -0.035569533394165735 -0.68829550345738733 1.1643589349020096 0.032122209283613389 -0.33051637947559359 -1.3383854434603739 0.15592818067919823 0.0099826286236445114 0.90902103466146134 0.62470631526022258 0.19540413033743029 0.19338698053154454 -1.071233322173357 1.8437174820899962 -0.3218779829832224 0.17308838430024287 0.67098680198192595 -1.520664459615946 -0.30249268531799323 0.8806030912531746 0.56006484833501635 -1.1558210825636273 -0.089815621913933177 -0.18992369086654098 -0.18944520663470032 -0.034255736917257307 1.1072067255065556 -1.1333007875297751
leaf_weight=6618 21 20 281 30 21 31 35 21 31 21 34 49 503 29 20 20 26 131 20 20 20 36 42 21 41 27 65 40 21 42
leaf_count=6618 21 20 281 30 21 31 35 21 31 21 34 49 503 29 20 20 26 131 20 20 20 36 42 21 41 27 65 40 21 42
internal_value=-4.21447e-11 0.123826 0.103909 -0.0151532 -0.0124235 0.489372 0.123659 -0.0159755 -0.447545 -0.0128988 0.565752 0.199882 0.16119 -0.0172953 0.305187 0.866991 -0.0203986 -0.0151425 -0.188812 -0.376685 -0.911579 0.325607 0.222851 -0.180393 -0.450882 0.176421 -0.0235282 -0.226378 0.127179 -0.597181
internal_weight=8337 909 889 7428 7398 52 868 7346 52 7294 55 587 538 7239 69 49 7170 6953 217 149 40 167 68 109 62 47 6786 168 86 82
internal_count=8337 909 889 7428 7398 52 868 7346 52 7294 55 587 538 7239 69 49 7170 6953 217 149 40 167 68 109 62 47 6786 168 86 82
is_linear=0
shrinkage=0.05


Tree=117
num_leaves=31
num_cat=0
split_feature=4 0 5 5 0 4 0 0 4 3 4 3 2 1 2 6 3 5 1 6 0 2 8 5 8 5 7 2 0 0
split_gain=5794.13 3225.57 2953.95 2695.46 8684.35 14205.1 6554.56 12415.7 9724.23 7791.69 9046.91 6871.59 7912.9 12751.4 6601.11 5168.59 4607.03 3768.46 20645.6 15135.6 5197.48 5464.3 4535.85 6213.53 4480.34 7752.09 3964.71 7878.24 6429.84 7004.71
threshold=2.5000000000000004 33.650000000000013 8.5000000000000018 99.500000000000014 26.250000000000004 663.50000000000011 24.250000000000004 22.350000000000005 554.50000000000011 20.500000000000004 315.50000000000006 99.500000000000014 57.500000000000007 446.50000000000006 58.500000000000007 136.50000000000003 57.500000000000007 81.500000000000014 750.50000000000011 653.50000000000011 22.550000000000004 52.500000000000007 1.5000000000000002 39.500000000000007 9.5000000000000018 48.500000000000007 12.500000000000002 56.500000000000007 16.450000000000003 21.050000000000004
decision_type=2 2 2 2 2 2 2 2 2 2 2 2 2 2 2 2 2 2 2 2 2 2 2 2 2 2 2 2 2 2
left_child=-1 3 -3 17 5 6 7 8 9 10 -5 12 -11 15 -13 -14 -17 22 19 20 21 -19 23 -2 25 -24 -27 -28 -29 -30
right_child=1 2 -4 4 -6 -7 -8 -9 -10 11 -12 14 13 -15 -16 16 -18 18 -20 -21 -22 -23 24 -25 -26 26 27 28 29 -31
leaf_value=-0.043812243410754584 0.071580928166707358 0.083563922142440628 0.69905945771506861 -0.14710422130957457 0.7825239574467695 -1.4097858678726922 0.74422857890958372 -1.1373018741640928 0.97492914145643061 0.92090243930544924 -1.1490649396722967 -1.0250550912072263 -0.21760367635757694 -1.0935951924324037 0.0515712819993496 0.10465901339495626 0.99802962041670273 0.97234625538190211 -1.1187939701080323 1.6745400269826254 -0.41176334142684939 0.22682304090875038 0.023028098415713898 -0.79068344525801837 -0.064996828034916826 0.098055979087492029 0.67712148029719843 0.71819392740726473 -0.41776536159348066 0.23906120572648681
leaf_weight=3961 45 44 35 71 27 21 23 28 22 34 33 24 31 20 35 27 31 30 25 21 25 136 2071 39 756 367 113 44 57 141
leaf_count=3961 45 44 35 71 27 21 23 28 22 34 33 24 31 20 35 27 31 30 25 21 25 136 2071 39 756 367 113 44 57 141
internal_value=1.04666e-09 0.0396573 0.356252 0.0338367 -0.0853822 -0.143966 -0.0738281 -0.12668 -0.0404075 -0.113406 -0.465034 0.0676309 0.254949 0.047221 -0.386378 0.303584 0.58215 0.0469909 0.240168 0.400423 0.260336 0.361556 0.0343889 -0.328756 0.0429841 0.072212 0.213292 0.332423 0.171469 0.0499748
internal_weight=8337 4376 79 4297 427 400 379 356 328 306 104 202 143 109 59 89 58 3870 237 212 191 166 3633 84 3549 2793 722 355 242 198
internal_count=8337 4376 79 4297 427 400 379 356 328 306 104 202 143 109 59 89 58 3870 237 212 191 166 3633 84 3549 2793 722 355 242 198
is_linear=0
shrinkage=0.05


Tree=118
num_leaves=31
num_cat=0
split_feature=1 4 3 0 0 4 5 0 0 3 5 6 3 5 2 4 5 5 4 4 2 8 5 5 4 6 5 0 5 2
split_gain=5357.51 3504.7 2766.65 2507.2 9105.3 7981.22 6163.82 17109.4 5747.81 11575.3 6720.76 14321.3 15490.7 6361.95 5764.34 4837.01 4641.92 5214.19 4237.79 3708.07 3012.49 6875.69 45738.1 5865.52 2755.34 4797.46 5151.05 5210.44 9279.1 6647.72
threshold=484.50000000000006 403.50000000000006 25.500000000000004 19.750000000000004 19.150000000000002 460.50000000000006 81.500000000000014 17.550000000000004 22.350000000000005 28.500000000000004 79.500000000000014 786.50000000000011 15.500000000000002 69.500000000000014 58.500000000000007 685.50000000000011 61.500000000000007 48.500000000000007 955.50000000000011 678.50000000000011 34.500000000000007 4.5000000000000009 9.5000000000000018 1.5000000000000002 748.50000000000011 763.50000000000011 36.500000000000007 29.450000000000003 28.500000000000004 55.500000000000007
decision_type=2 2 2 2 2 2 2 2 2 2 2 2 2 2 2 2 2 2 2 2 2 2 2 2 2 2 2 2 2 2
left_child=-1 2 -2 4 5 -3 16 -8 9 14 13 12 -12 18 19 -11 17 -7 20 -5 23 22 -22 -10 -23 -26 27 28 29 -27
right_child=1 3 -4 8 -6 6 7 -9 10 15 11 -13 -14 -15 -16 -17 -18 -19 -20 -21 21 24 -24 -25 25 26 -28 -29 -30 -31
leaf_value=-0.021954252142627795 0.13543624877929689 -0.88903136144984851 0.92921547889709477 0.12722767576575281 -0.89680710415045428 -0.073480126330008111 -0.10621412852231193 1.7368039646744728 -0.066616639837622643 1.5988697389761608 -0.19650785904942136 0.5898038349151612 -1.9599925684928896 0.78873727071669797 -0.11788909657056941 0.56953267753124237 -0.57831477606669068 0.62011263745171696 0.78623105391860015 1.0900447767972945 0.31177814199165865 -0.0088839312882079344 -2.4804003463312987 0.69925016117095951 0.73197238210475812 -0.79162754021584991 0.32391978209418371 0.12135593747347594 -1.1786684521163504 0.30027671747881435
leaf_weight=6413 23 22 21 20 30 120 34 20 50 21 33 25 20 31 86 25 32 35 20 20 55 615 20 50 33 20 173 200 24 46
leaf_count=6413 23 22 21 20 30 120 34 20 50 21 33 25 20 31 86 25 32 35 20 20 55 615 20 50 33 20 173 200 24 46
internal_value=3.29031e-10 0.073177 0.514285 0.0628532 -0.0715285 0.0226097 0.10583 0.576385 0.0876635 0.360591 0.0544879 -0.39666 -0.861974 0.0808077 0.112754 1.03945 -0.0300521 0.0831376 0.0640038 0.608636 0.0527717 0.0305503 -0.432803 0.316317 0.0618298 0.149509 0.107994 -0.0208161 -0.336754 -0.0306034
internal_weight=8337 1924 44 1880 293 263 241 54 1587 172 1415 78 53 1337 126 46 187 155 1306 40 1286 1186 75 100 1111 496 463 290 90 66
internal_count=8337 1924 44 1880 293 263 241 54 1587 172 1415 78 53 1337 126 46 187 155 1306 40 1286 1186 75 100 1111 496 463 290 90 66
is_linear=0
shrinkage=0.05


Tree=119
num_leaves=31
num_cat=0
split_feature=4 0 5 5 0 0 7 7 6 8 6 7 0 7 0 1 0 6 5 1 6 0 2 8 5 8 5 3 5 6
split_gain=4964.43 2724.66 2549.6 2457.91 7680.58 11048 10417.8 9691.69 21926.4 24483.2 10765.4 10713.6 4669.35 5489.99 9409.29 5186.04 3872.81 3555.92 3484.29 18567.1 13498.5 4450.52 4922.38 3960.11 5425.64 3950.16 6800.36 3849.2 7815.49 6053.49
threshold=1.5000000000000002 33.650000000000013 8.5000000000000018 99.500000000000014 24.250000000000004 22.650000000000002 14.500000000000002 13.500000000000002 468.50000000000006 3.5000000000000004 653.50000000000011 11.500000000000002 17.050000000000004 16.500000000000004 18.650000000000002 407.50000000000006 15.15 193.50000000000003 81.500000000000014 750.50000000000011 653.50000000000011 22.550000000000004 52.500000000000007 1.5000000000000002 39.500000000000007 9.5000000000000018 48.500000000000007 98.500000000000014 78.500000000000014 481.50000000000006
decision_type=2 2 2 2 2 2 2 2 2 2 2 2 2 2 2 2 2 2 2 2 2 2 2 2 2 2 2 2 2 2
left_child=-1 3 -3 18 5 7 -6 8 11 -10 12 16 15 14 -14 -9 -5 -18 23 20 21 22 -20 24 -2 26 -25 28 -28 -29
right_child=1 2 -4 4 6 -7 -8 10 9 -11 -12 -13 13 -15 -16 -17 17 -19 19 -21 -22 -23 -24 25 -26 -27 27 29 -30 -31
leaf_value=-0.040966149299381992 0.066615046593158145 0.074002408744259326 0.64582199758716996 0.12701582613777607 1.312674460627816 -1.200705409795046 -0.083699214283157797 -0.0053159259107302542 -0.15090912017557356 -2.3005870456878958 1.261168613433838 1.0103021840649573 1.4703148992499337 -0.15423162446210259 0.015292079925537109 -0.94551996529102333 -0.034155573633809881 -0.84482005988397901 0.92188494682312028 -1.0600725402832032 1.5838367127236868 -0.37352581691741943 0.2147620846102708 0.020995587829521819 -0.72960996273905043 -0.061633522112268524 0.19920533084220313 0.21668441333320168 -0.64009323181777167 1.2405125601725144
leaf_weight=3919 46 44 35 47 22 24 34 55 27 26 20 22 20 38 25 20 24 31 30 25 21 25 137 2091 40 759 637 42 29 22
leaf_count=3919 46 44 35 47 22 24 34 55 27 26 20 22 20 38 25 20 24 31 30 25 21 25 137 2091 40 759 637 42 29 22
internal_value=-2.20078e-10 0.0363391 0.32734 0.0310409 -0.0816967 -0.162457 0.464876 -0.0922653 -0.354252 -1.20547 0.168249 0.00957449 0.0299052 0.288287 0.661969 -0.256037 -0.206269 -0.491076 0.0436026 0.22899 0.380288 0.24865 0.34179 0.0315671 -0.303722 0.0396215 0.0668645 0.198251 0.162659 0.568625
internal_weight=8337 4418 79 4339 435 379 56 355 177 53 178 124 158 83 45 75 102 55 3904 238 213 192 167 3666 86 3580 2821 730 666 64
internal_count=8337 4418 79 4339 435 379 56 355 177 53 178 124 158 83 45 75 102 55 3904 238 213 192 167 3666 86 3580 2821 730 666 64
is_linear=0
shrinkage=0.05


Tree=120
num_leaves=31
num_cat=0
split_feature=4 6 0 2 5 8 0 7 5 6 0 3 4 7 6 2 6 2 5 4 6 0 2 2 6 5 5 3 4 5
split_gain=4520.06 4507.53 3799.11 3403.77 5059.19 3736.59 13706.6 8887.43 9137.2 8103.62 7818.29 7293.12 7744.41 9780.05 4879.24 3946.01 3365.92 3074.23 2722.85 5167.67 5703.09 4912.79 4473.68 4338.98 9187.72 8257.78 10951.8 7168.14 3990.51 3692.12
threshold=214.50000000000003 185.00000000000003 16.350000000000005 76.500000000000014 59.500000000000007 10.500000000000002 23.150000000000002 12.500000000000002 61.500000000000007 405.50000000000006 16.750000000000004 15.500000000000002 361.50000000000006 15.500000000000002 206.50000000000003 53.500000000000007 320.50000000000006 79.500000000000014 36.500000000000007 939.50000000000011 914.50000000000011 29.950000000000003 54.500000000000007 66.500000000000014 763.50000000000011 89.500000000000014 71.500000000000014 51.500000000000007 886.50000000000011 85.500000000000014
decision_type=2 2 2 2 2 2 2 2 2 2 2 2 2 2 2 2 2 2 2 2 2 2 2 2 2 2 2 2 2 2
left_child=16 2 -2 5 -5 14 7 8 -7 -10 -9 15 13 -13 -3 -12 -1 -6 19 20 28 -22 -21 29 25 26 -25 -27 -16 -20
right_child=1 3 -4 4 17 6 -8 10 9 -11 11 12 -14 -15 18 -17 -18 -19 23 22 21 -23 -24 24 -26 27 -28 -29 -30 -31
leaf_value=-0.030922440940525549 0.043586992649804979 -0.70817975687483958 0.95582925856113443 0.02959410467168741 1.2014803269505503 -0.045036304130768166 -1.2302222570547692 -0.55851172743172484 -0.29757194988090885 -1.688190216701478 0.38090911479223344 1.7976215730542724 0.19512687072985702 0.28581635475158695 -0.015442988610076917 -0.51273309628168739 0.55062701594829555 0.32480550527572638 0.1972844844041414 0.019546704047492574 -1.0253898530006409 -0.11807253380884995 0.90560450923853919 0.049594109897550781 -0.87056228350847964 0.013616330850692021 -1.0608963310718538 1.3200236201286317 0.37146397032578227 -0.039368103459185247
leaf_weight=5235 21 21 25 57 20 78 26 29 22 20 21 23 54 20 1086 30 25 20 858 28 25 37 29 152 32 21 26 21 71 204
leaf_count=5235 21 21 25 57 20 78 26 29 22 20 21 23 54 20 1086 30 25 20 858 28 25 37 29 152 32 21 26 21 71 204
internal_value=1.63287e-10 0.0481356 0.539371 0.0406804 0.332088 0.0310462 -0.129382 -0.0330117 -0.365193 -0.959771 0.192196 0.339294 0.593799 1.09446 0.0508924 -0.144763 -0.0281584 0.763143 0.057047 0.00502293 -0.0167355 -0.483926 0.470348 0.107567 -0.0789546 0.0361884 -0.112612 0.66682 0.00829979 0.151826
internal_weight=8337 3077 46 3031 97 2934 323 297 120 42 177 148 97 43 2611 51 5260 40 2590 1276 1219 62 57 1314 252 220 178 42 1157 1062
internal_count=8337 3077 46 3031 97 2934 323 297 120 42 177 148 97 43 2611 51 5260 40 2590 1276 1219 62 57 1314 252 220 178 42 1157 1062
is_linear=0
shrinkage=0.05


Tree=121
num_leaves=31
num_cat=0
split_feature=4 2 5 3 6 1 3 8 6 5 2 3 3 5 5 1 6 1 6 2 2 0 0 0 0 4 3 0 4 6
split_gain=4200.76 3990.07 10778.8 3228.18 10637.9 8550.53 7447.85 21672.7 6337.1 6002.08 3738.64 3824.35 7680.16 14372.2 4221.9 3333.53 12960.9 2990.01 8657.57 2989.66 3068.72 4986.4 8699.92 3415 3440.8 3243.6 6817.86 3815.86 4131.31 2908.18
threshold=392.50000000000006 73.500000000000014 68.500000000000014 99.500000000000014 804.50000000000011 584.50000000000011 93.500000000000014 4.5000000000000009 481.50000000000006 42.500000000000007 23.500000000000004 72.500000000000014 54.500000000000007 48.500000000000007 43.500000000000007 808.50000000000011 792.50000000000011 504.50000000000006 476.50000000000006 33.500000000000007 61.500000000000007 23.650000000000002 24.550000000000004 21.850000000000005 28.450000000000003 853.50000000000011 4.5000000000000009 31.650000000000002 810.50000000000011 446.50000000000006
decision_type=2 2 2 2 2 2 2 2 2 2 2 2 2 2 2 2 2 2 2 2 2 2 2 2 2 2 2 2 2 2
left_child=17 3 -3 6 5 8 10 -8 -5 -10 -2 12 15 -14 -13 -12 -17 18 29 -18 21 -21 -23 -22 -25 26 27 28 -24 -1
right_child=1 2 -4 4 -6 -7 7 -9 9 -11 11 14 13 -15 -16 16 19 -19 -20 20 23 22 25 24 -26 -27 -28 -29 -30 -31
leaf_value=-0.021808491242553001 -0.58780792187089503 0.083577822239109978 1.4085848283767701 -0.24064850790633097 1.3494393903017046 -0.67399563728659251 -1.7208717263263205 0.25492587089538576 0.20086851143836976 1.34749021984282 0.01665652186008254 0.040392485260963444 0.17092784047126772 -1.4290885381698608 0.86602017894387251 1.0670061262072745 0.61874284262840573 0.5737062908354259 -0.77626920562041435 0.73624842047691352 -0.37201941996812821 -0.99137362738450374 0.76184709149858232 0.71978797003626827 0.17554420927223169 0.14634474094269004 -0.97340764921644463 -0.45151993681130742 -0.15006580728071708 0.44193617210668679
leaf_weight=5949 23 66 20 27 20 27 23 35 25 21 1357 32 32 25 30 37 26 21 38 20 20 24 23 40 106 157 23 29 27 34
leaf_count=5949 23 66 20 27 20 27 23 35 25 21 1357 32 32 25 30 37 26 21 38 20 20 24 23 40 106 157 23 29 27 34
internal_value=5.9896e-10 0.0575875 0.391719 0.0445792 0.29677 0.0862362 0.0300924 -0.52858 0.367418 0.724326 0.0460466 0.0533069 0.0409903 -0.530834 0.43989 0.0582449 0.164327 -0.0218741 -0.0239514 0.0968536 0.0679215 -0.0267446 -0.0806664 0.240716 0.324652 0.00372346 -0.215801 0.00476744 0.269414 -0.0191731
internal_weight=8337 2295 86 2209 120 100 2089 58 73 46 2031 2008 1946 57 62 1889 532 6042 6021 495 469 303 283 166 146 259 102 79 50 5983
internal_count=8337 2295 86 2209 120 100 2089 58 73 46 2031 2008 1946 57 62 1889 532 6042 6021 495 469 303 283 166 146 259 102 79 50 5983
is_linear=0
shrinkage=0.05


Tree=122
num_leaves=31
num_cat=0
split_feature=0 3 6 2 6 1 6 6 6 2 5 2 2 6 0 8 0 1 0 5 1 4 2 5 1 5 6 1 6 6
split_gain=3961.03 5206.71 5069.11 4761.17 4105.34 5623.08 3573.9 10127 6248.89 3866.66 3396.53 3039.2 2795.08 3838.03 3135.59 2532.96 2195.79 2085.01 18114.4 11622.2 2654.5 6618.74 6002 5825.66 4424.79 4390.39 3951.5 4619.2 4114.91 3175.15
threshold=29.250000000000004 55.500000000000007 941.50000000000011 24.500000000000004 899.50000000000011 896.50000000000011 862.50000000000011 879.50000000000011 833.50000000000011 51.500000000000007 15.500000000000002 31.500000000000004 46.500000000000007 753.50000000000011 32.550000000000004 6.5000000000000009 29.950000000000003 808.50000000000011 24.950000000000003 48.500000000000007 717.50000000000011 659.50000000000011 51.500000000000007 80.500000000000014 766.50000000000011 43.500000000000007 726.50000000000011 775.50000000000011 684.50000000000011 616.50000000000011
decision_type=2 2 2 2 2 2 2 2 2 2 2 2 2 2 2 2 2 2 2 2 2 2 2 2 2 2 2 2 2 2
left_child=2 3 4 -2 6 -6 8 -8 17 -10 -5 -12 13 -13 15 16 -14 20 19 -19 21 29 24 26 -22 -23 28 -28 -24 -1
right_child=1 -3 -4 10 5 -7 7 -9 9 -11 11 12 14 -15 -16 -17 -18 18 -20 -21 22 25 23 -25 -26 -27 27 -29 -30 -31
leaf_value=-0.013110469154910374 -0.66334869218546721 0.89634108062833551 -0.66068571170171109 -0.044384222360679161 1.0649987467520294 0.0053344867883190032 -1.2404163651845672 0.17192394534746808 -0.012115077230901945 0.85080448735286207 0.75765024040426532 0.16979419753469271 0.15531852285067241 -0.70599345409057357 0.75066918834396035 0.11109729692969401 0.76026826381683354 0.13797891736030579 -1.008172737210989 1.7047249126434327 0.58102145973179076 0.1656707650221145 -0.39950978025794032 -1.1601509135961532 -0.22704041232354941 0.78910795806182765 -0.74383097423934474 0.015359629193941751 0.56270403659343715 -0.23322093689902906
leaf_weight=6618 21 20 30 281 21 31 22 30 21 34 21 29 30 22 23 432 30 29 20 20 36 131 20 20 32 36 51 33 25 168
leaf_count=6618 21 20 30 281 21 31 22 30 21 34 21 29 30 22 23 432 30 29 20 20 36 131 20 20 32 36 51 33 25 168
internal_value=-3.23077e-10 0.0985197 -0.0120563 0.0805709 -0.00942604 0.433276 -0.0125598 -0.425605 -0.00961513 0.521326 0.098569 0.167001 0.145087 -0.207997 0.180052 0.153377 0.457793 -0.0136491 0.25989 0.777467 -0.0162815 -0.0109069 -0.188491 -0.366135 0.200757 0.300064 -0.243032 -0.445578 0.135053 -0.0185597
internal_weight=8337 909 7428 889 7398 52 7346 52 7294 55 868 587 566 51 515 492 60 7239 69 49 7170 6953 217 149 68 167 129 84 45 6786
internal_count=8337 909 7428 889 7398 52 7346 52 7294 55 868 587 566 51 515 492 60 7239 69 49 7170 6953 217 149 68 167 129 84 45 6786
is_linear=0
shrinkage=0.05


Tree=123
num_leaves=31
num_cat=0
split_feature=4 5 0 0 7 2 6 3 3 1 1 6 4 8 4 4 5 2 6 8 5 8 5 6 7 1 0 5 0 3
split_gain=3762.2 2385.49 6849.61 9861.49 9299.11 8761.87 14720.1 40290.2 8045.81 8434.54 7725.82 6869.84 9059.88 4154.01 6354.76 3386.28 2972.43 16944.1 6735.85 3508.51 5034.18 3506.69 5750.51 3678.95 3505.58 5036.49 5156.68 5027.15 3366.2 3261.81
threshold=1.0000000180025095e-35 99.500000000000014 24.250000000000004 22.650000000000002 14.500000000000002 43.500000000000007 621.50000000000011 24.500000000000004 20.500000000000004 492.50000000000006 442.50000000000006 465.50000000000006 251.50000000000003 10.500000000000002 118.50000000000001 124.50000000000001 81.500000000000014 40.500000000000007 201.50000000000003 1.5000000000000002 39.500000000000007 9.5000000000000018 48.500000000000007 906.50000000000011 13.500000000000002 369.50000000000006 19.150000000000002 88.500000000000014 15.450000000000001 41.500000000000007
decision_type=2 2 2 2 2 2 2 2 2 2 2 2 2 2 2 2 2 2 2 2 2 2 2 2 2 2 2 2 2 2
left_child=-1 16 3 5 -4 -3 8 -8 10 11 -7 12 13 14 -10 -15 19 -18 -19 20 -2 22 -21 -24 25 -20 -27 -26 -22 -23
right_child=1 2 4 -5 -6 6 7 -9 9 -11 -12 -13 -14 15 -16 -17 17 18 24 21 28 29 23 -25 27 26 -28 -29 -30 -31
leaf_value=-0.036155688857581567 0.061990206247689777 0.85565422630828358 1.2389023412357678 -1.1353179191549621 -0.080368131662116329 -0.13827023901850791 0.5331690514087678 -2.6405585204064845 0.064570471546367594 1.0985027784392949 -1.1402058931497427 -0.81034287640026637 0.77140632722266889 -0.069908970029604042 -0.9498807086394383 0.76457960128784186 -1.0194271259307861 -0.024231810916803386 0.22364653299252191 0.023840780715016156 -0.23529391549527645 -0.11712593403339913 0.16427669515406138 0.79349067720274136 -0.12672206987352932 1.6465449374655021 0.5877639148546302 0.71548631900065662 -1.1526545526832341 0.11447134444360228
leaf_weight=3862 49 23 22 24 34 74 20 20 38 21 26 21 43 31 26 20 25 76 24 2179 20 565 725 24 34 23 23 37 20 208
leaf_count=3862 49 23 22 24 34 74 20 20 38 21 26 21 43 31 26 20 25 76 24 2179 20 565 725 24 34 23 23 37 20 208
internal_value=1.45152e-09 0.031203 -0.0789308 -0.15372 0.437917 -0.0888211 -0.152712 -1.05369 -0.0325811 0.150515 -0.398774 0.0392987 0.152226 -0.079294 -0.34755 0.257341 0.0433035 0.213197 0.355205 0.0324554 -0.277769 0.0399155 0.0649226 0.184438 0.559724 0.810809 1.11715 0.312175 -0.693974 -0.0548074
internal_weight=8337 4475 443 387 56 363 340 40 300 200 100 179 158 115 64 51 4032 242 217 3790 89 3701 2928 749 141 70 46 71 40 773
internal_count=8337 4475 443 387 56 363 340 40 300 200 100 179 158 115 64 51 4032 242 217 3790 89 3701 2928 749 141 70 46 71 40 773
is_linear=0
shrinkage=0.05


Tree=124
num_leaves=31
num_cat=0
split_feature=0 3 5 6 4 5 6 6 4 6 6 6 6 6 5 1 1 7 1 4 4 3 7 1 0 6 0 8 6 7
split_gain=3466.65 12778.9 10949.4 4043.16 2537.15 2588.91 3398.14 2353.28 4529.17 2332.89 4910.86 2411.46 8808.5 4372.84 7429.74 4348.24 11836.7 3791.62 2839.86 6522.81 5457.27 3873.78 3511.67 3409.54 3361.99 3113.31 3062.44 2055.69 2022.39 10514
threshold=26.750000000000004 88.500000000000014 85.500000000000014 612.50000000000011 947.50000000000011 36.500000000000007 932.50000000000011 918.50000000000011 890.50000000000011 937.50000000000011 906.50000000000011 862.50000000000011 879.50000000000011 804.50000000000011 47.500000000000007 844.50000000000011 808.50000000000011 13.500000000000002 697.50000000000011 697.50000000000011 659.50000000000011 45.500000000000007 13.500000000000002 570.50000000000011 19.750000000000004 675.50000000000011 24.450000000000003 4.5000000000000009 616.50000000000011 12.500000000000002
decision_type=2 2 2 2 2 2 2 2 2 2 2 2 2 2 2 2 2 2 2 2 2 2 2 2 2 2 2 2 2 2
left_child=9 2 4 -3 5 7 -7 8 -2 10 11 13 -13 15 17 16 18 -15 20 22 28 25 -20 -23 -21 -22 27 -26 -1 -30
right_child=1 3 -4 -5 -6 6 -8 -9 -10 -11 -12 12 -14 14 -16 -17 -18 -19 19 24 21 23 -24 -25 26 -27 -28 -29 29 -31
leaf_value=-0.018284201124387077 -0.010508170703375489 0.38892345371700471 -1.0928870243685587 1.3389185982445877 0.57763789211926253 0.097951712152102924 0.64212826828161873 -0.31823890430264568 0.57055186178003037 -0.55533034324646002 0.65844232605563269 -1.1470671824046546 0.17920307593960916 0.44489982391673105 1.1133130778437077 -0.75506112843751916 1.1155864482340607 -0.40964007228612903 -0.28296034496743233 -0.52520144934004009 0.3166054502129555 0.46106630864863596 -1.0497015039835658 -0.32216973085746625 0.67872216472668312 1.0245576815679669 -0.30750510407530746 0.061302502489147287 0.28841437578201295 -0.70911852726712832
leaf_weight=6061 802 21 21 24 23 656 30 57 35 20 27 21 31 27 23 20 23 25 32 22 44 24 28 33 28 24 23 26 50 56
leaf_count=6061 802 21 21 24 23 656 30 57 35 20 27 21 31 27 23 20 23 25 32 22 44 24 28 33 28 24 23 26 50 56
internal_value=-5.74691e-10 0.0644451 0.0414146 0.895588 0.0562745 0.048685 0.12175 -0.00738015 0.0137894 -0.0161306 -0.0145085 -0.0172527 -0.356406 -0.014568 0.365033 -0.018952 -0.016678 0.0340633 -0.0207149 -0.229405 -0.0154413 0.311632 -0.640773 0.00761386 0.0199095 0.566471 0.175655 0.381446 -0.0220708 -0.238584
internal_weight=8337 1669 1624 45 1603 1580 686 894 837 6668 6648 6621 52 6569 75 6494 6474 52 6451 159 6292 125 60 57 99 68 77 54 6167 106
internal_count=8337 1669 1624 45 1603 1580 686 894 837 6668 6648 6621 52 6569 75 6494 6474 52 6451 159 6292 125 60 57 99 68 77 54 6167 106
is_linear=0
shrinkage=0.05


Tree=125
num_leaves=31
num_cat=0
split_feature=1 0 5 5 0 4 0 0 4 3 4 3 0 2 3 4 0 3 4 5 1 6 3 1 0 7 8 5 0 8
split_gain=3228.45 2239.51 2032.15 1871.46 6173.64 12276 5577.98 8921.59 8339.89 5815.41 7952.36 6437.86 4829.47 8022.02 17654 23002.2 4298.95 4122.54 4685.26 3047.99 15200.3 11438.4 3542.89 5478.75 7546.51 4306.7 3001.82 4543.35 3038 2664.48
threshold=1.0000000180025095e-35 33.650000000000013 8.5000000000000018 99.500000000000014 26.250000000000004 663.50000000000011 24.250000000000004 22.350000000000005 554.50000000000011 20.500000000000004 315.50000000000006 33.500000000000007 19.950000000000003 68.500000000000014 92.500000000000014 150.50000000000003 16.550000000000004 64.500000000000014 214.50000000000003 81.500000000000014 750.50000000000011 653.50000000000011 92.500000000000014 349.50000000000006 19.150000000000002 15.500000000000002 1.5000000000000002 39.500000000000007 15.450000000000001 8.5000000000000018
decision_type=2 2 2 2 2 2 2 2 2 2 2 2 2 2 2 2 2 2 2 2 2 2 2 2 2 2 2 2 2 2
left_child=-1 3 -3 19 5 6 7 8 9 10 -5 -11 13 14 16 -16 -13 -15 -19 26 21 22 23 -21 -25 -24 27 -2 -29 -28
right_child=1 2 -4 4 -6 -7 -8 -9 -10 11 -12 12 -14 17 15 -17 -18 18 -20 20 -22 -23 25 24 -26 -27 29 28 -30 -31
leaf_value=-0.03346060751342305 0.059804901587111617 0.066612106595527049 0.57711801558732989 -0.11669190759625432 0.64515664343323031 -1.2998141231990996 0.69648285469283233 -0.96408052061285299 0.90591834072362298 0.73189115303258101 -1.0444015828045934 -0.25010993885142463 0.60104903926452002 -0.292314034037292 -0.12220570584354194 -2.440720450207591 0.77416917674243457 0.072723476092020664 1.0824151456356048 0.077660398291690025 -0.95978750514984135 1.4512502505665734 -0.64401157018931021 1.2346634708344937 0.14878020361065866 0.3134508177638054 0.060269209312064115 -0.22261500671505929 -1.0941076095402242 -0.03182482126112518
leaf_weight=3866 49 44 35 77 28 21 23 28 22 30 33 21 24 25 23 20 20 27 20 84 25 21 23 32 32 24 2468 20 20 1152
leaf_count=3866 49 44 35 77 28 21 23 28 22 30 33 21 24 25 23 20 20 27 20 84 25 21 23 32 32 24 2468 20 20 1152
internal_value=-4.75837e-10 0.0289328 0.292786 0.0241868 -0.0733832 -0.12198 -0.0590423 -0.106007 -0.0357558 -0.100496 -0.395005 0.0537706 -0.0592495 -0.160834 -0.492786 -1.20058 0.249538 0.226444 0.50238 0.0351048 0.20741 0.342502 0.223099 0.3432 0.691722 -0.155095 0.0239089 -0.262966 -0.658361 0.0309619
internal_weight=8337 4471 79 4392 442 414 393 370 342 320 110 210 180 156 84 43 41 72 47 3950 241 216 195 148 64 47 3709 89 40 3620
internal_count=8337 4471 79 4392 442 414 393 370 342 320 110 210 180 156 84 43 41 72 47 3950 241 216 195 148 64 47 3709 89 40 3620
is_linear=0
shrinkage=0.05


Tree=126
num_leaves=31
num_cat=0
split_feature=1 8 0 5 1 6 2 5 6 5 5 1 0 2 6 1 6 5 3 6 2 3 8 5 0 0 4 6 3 3
split_gain=2913.68 2194.78 7359.07 16465.8 24371 15092.6 5029.83 4570.36 13039.4 7659.48 8335.75 6991.86 6717.35 5287.43 4794.99 5649.42 4516.87 4065.15 7630.53 5765.23 4810.41 4049.35 3837.04 5323.98 6354.03 9995.61 7395.36 7800.29 5944.12 8374.36
threshold=1.0000000180025095e-35 4.5000000000000009 22.350000000000005 10.500000000000002 828.50000000000011 551.50000000000011 38.500000000000007 99.500000000000014 621.50000000000011 80.500000000000014 73.500000000000014 504.50000000000006 17.050000000000004 60.500000000000007 795.50000000000011 742.50000000000011 124.50000000000001 46.500000000000007 29.500000000000004 118.50000000000001 71.500000000000014 62.500000000000007 6.5000000000000009 36.500000000000007 23.850000000000005 24.850000000000005 659.50000000000011 476.50000000000006 5.5000000000000009 1.5000000000000002
decision_type=2 2 2 2 2 2 2 2 2 2 2 2 2 2 2 2 2 2 2 2 2 2 2 2 2 2 2 2 2 2
left_child=-1 2 6 -4 5 -5 -2 9 11 10 14 13 -12 -9 15 17 -11 -8 20 -20 -19 -18 23 -3 26 -26 27 -25 29 -27
right_child=1 22 3 4 -6 -7 7 8 -10 16 12 -13 -14 -15 -16 -17 21 18 19 -21 -22 -23 -24 24 25 28 -28 -29 -30 -31
leaf_value=-0.031787576660537005 0.64836048397325707 0.037144728412688975 0.16257693132554943 -1.0611906547804135 -2.3383594744652512 0.39809490600053005 -0.051375724801903271 -0.64663210193194998 -1.0603319296965728 -0.089051857206129265 -0.13670344184394237 0.68307472015249315 -1.3456885954737663 0.032740449272096156 0.64450613048768812 -0.66218799057106181 0.35733347220854328 0.12622762224636971 -0.031811764684638803 0.74057778504032357 -0.5991263457573951 1.0719115514909068 0.015249928613293322 0.034767521084405673 1.3983723178505898 0.38969197410118322 -0.63060780314187859 0.93848043913642576 0.86055005905104842 -0.61179089809733411
leaf_weight=3866 31 538 88 37 20 34 425 41 37 31 27 29 20 95 31 30 55 80 35 78 32 31 2282 117 26 92 31 30 41 27
leaf_count=3866 31 538 88 37 20 34 425 41 37 31 27 29 20 95 31 30 55 80 35 78 32 31 2282 117 26 92 31 30 41 27
internal_value=-3.51301e-10 0.0274862 -0.0276149 -0.32508 -0.79666 -0.362378 0.0204412 0.00236744 -0.212003 0.0518565 -0.00626329 -0.0217722 -0.651165 -0.17207 0.0363674 0.00864338 0.428393 0.0396048 0.211457 0.501342 -0.0810164 0.614914 0.0497585 0.137063 0.284744 0.489105 0.0711987 0.219199 0.341349 0.162465
internal_weight=8337 4471 1287 179 91 71 1108 1077 202 875 758 165 47 136 711 680 117 650 225 113 112 86 3184 902 364 186 178 147 160 119
internal_count=8337 4471 1287 179 91 71 1108 1077 202 875 758 165 47 136 711 680 117 650 225 113 112 86 3184 902 364 186 178 147 160 119
is_linear=0
shrinkage=0.05


Tree=127
num_leaves=31
num_cat=0
split_feature=0 6 3 2 4 6 6 1 6 5 8 1 0 3 5 0 2 4 0 2 3 8 0 2 5 6 5 0 1 0
split_gain=2765.05 4650.06 4049.25 3835.58 3258.66 3459.23 5342.11 6682.71 4461.3 2931.26 2549.21 2080.92 1936.53 2290.93 1885.33 1828.13 1782.98 1743.17 1630.3 1401.18 3934.76 2496.08 2187.91 1704.33 1651.56 1581.37 1279.3 1179.91 1149.67 15423.4
threshold=29.250000000000004 941.50000000000011 55.500000000000007 24.500000000000004 909.00000000000011 906.50000000000011 862.50000000000011 872.50000000000011 833.50000000000011 5.5000000000000009 6.5000000000000009 844.50000000000011 29.550000000000004 1.0000000180025095e-35 57.500000000000007 32.550000000000004 48.500000000000007 936.50000000000011 23.550000000000004 60.500000000000007 15.500000000000002 7.5000000000000009 29.550000000000004 56.500000000000007 36.500000000000007 864.50000000000011 26.500000000000004 30.450000000000003 808.50000000000011 24.850000000000005
decision_type=2 2 2 2 2 2 2 2 2 2 2 2 2 2 2 2 2 2 2 2 2 2 2 2 2 2 2 2 2 2
left_child=1 4 3 -2 5 6 8 -8 28 17 12 -10 -11 26 15 19 -17 -5 -6 20 21 25 -21 24 -23 -12 -14 -25 -1 -30
right_child=2 -3 -4 9 18 -7 7 -9 11 10 14 -13 13 -15 -16 16 -18 -19 -20 22 -22 23 -24 27 -26 -27 -28 -29 29 -31
leaf_value=-0.013829450296134397 -0.60122028646014991 -0.63131370782852181 0.78588941231369969 -0.15222012350266731 0.64417510415826529 0.64627855353057395 -1.1787730515003205 0.027674060066541037 0.84292934395018093 -0.094839059845322662 -0.071314289867877953 0.18450359797903471 0.0090119072684535281 0.80715218165825164 0.44708975605557066 0.095230254099557279 0.63257707345944192 0.30437769132355852 0.094336955822431123 0.55456885735575978 -0.68855392038822183 0.00031665373932231557 0.063892182757457103 -0.24729883801695465 0.45089585204731747 -0.55153979249298579 0.45015022995926091 0.17465998619794845 0.80876038670539863 -0.87967618888332744
leaf_weight=7170 21 30 20 162 28 20 22 24 21 21 60 28 27 29 34 38 26 24 26 26 22 33 180 37 53 24 42 30 38 21
leaf_count=7170 21 30 20 162 28 20 22 24 21 21 60 28 27 29 34 38 26 24 26 26 22 33 180 37 53 24 42 30 38 21
internal_value=8.91198e-12 -0.0100731 0.0823134 0.0664849 -0.00755386 -0.0103994 -0.0121926 -0.549322 -0.00879773 0.082639 0.130624 0.466686 0.340886 0.434256 0.0861809 0.0629845 0.313527 -0.0933043 0.379438 0.0285012 -0.0489047 0.010472 0.125822 0.130704 0.277999 -0.208522 0.277531 -0.0583621 -0.0120207 0.207791
internal_weight=8337 7428 909 889 7398 7344 7324 46 7278 868 682 49 119 98 563 529 64 186 54 465 259 237 206 153 86 84 69 67 7229 59
internal_count=8337 7428 909 889 7398 7344 7324 46 7278 868 682 49 119 98 563 529 64 186 54 465 259 237 206 153 86 84 69 67 7229 59
is_linear=0
shrinkage=0.05


Tree=128
num_leaves=31
num_cat=0
split_feature=0 3 5 6 5 4 0 8 6 6 6 4 6 5 1 1 7 1 0 4 1 7 0 1 0 6 5 6 3 1
split_gain=2600.56 11875.6 8263.96 2962.96 2647.73 2373.94 2238.83 2852 1973.16 4146.31 2064.94 7736.81 3150.7 6703.7 3612 10312.7 2998.41 2422.74 13037.6 6628.81 6815.19 4638.93 3878.51 1961.83 3671.07 1421.91 9885.5 3585.54 12281.9 2867.02
threshold=26.650000000000002 88.500000000000014 85.500000000000014 609.50000000000011 57.500000000000007 947.50000000000011 27.050000000000004 8.5000000000000018 937.50000000000011 906.50000000000011 862.50000000000011 876.50000000000011 804.50000000000011 50.500000000000007 844.50000000000011 808.50000000000011 13.500000000000002 745.50000000000011 19.750000000000004 678.50000000000011 697.50000000000011 12.500000000000002 24.550000000000004 570.50000000000011 17.450000000000003 649.50000000000011 72.500000000000014 616.50000000000011 30.500000000000004 612.50000000000011
decision_type=2 2 2 2 2 2 2 2 2 2 2 2 2 2 2 2 2 2 2 2 2 2 2 2 2 2 2 2 2 2
left_child=8 2 4 -3 5 -2 -6 -8 9 10 12 -12 14 16 15 17 -14 19 -19 20 25 -20 23 -21 -25 27 -27 29 -29 -1
right_child=1 3 -4 -5 6 -7 7 -9 -10 -11 11 -13 13 -15 -16 -17 -18 18 21 22 -22 -23 -24 24 -26 26 -28 28 -30 -31
leaf_value=-0.019384841335608621 0.020078590360375657 0.37756400287151337 -0.90830898757862011 1.1805077517594866 0.66160123446357577 0.53196308010298277 0.31081243900375233 -0.31856073488791786 -0.51004334568977361 0.60568551630885514 -1.0138617385988651 0.21411419736927956 0.38865744681270037 1.0939350777864456 -0.68728460609912878 1.0425502471301866 -0.36363198814483794 -1.3637742564791726 -0.2848749344010611 0.65134587451815618 -0.77377649128437043 0.58661322524914383 0.89763044583797458 -0.49187105208635329 0.28139448642138054 -0.29906333873702867 0.98798335528373726 0.12123914336742357 -1.2906511038541795 0.42815477086438075
leaf_weight=6007 1488 20 23 27 28 23 72 24 20 27 23 29 27 20 20 23 26 21 37 20 30 26 25 20 66 37 25 43 24 36
leaf_count=6007 1488 20 23 27 28 23 72 24 20 27 23 29 27 20 20 23 26 21 37 20 30 26 25 20 66 37 25 43 24 36
internal_value=5.34275e-10 0.0550756 0.0328582 0.83883 0.0460978 0.0278703 0.268209 0.153469 -0.0141592 -0.0126593 -0.0151946 -0.329029 -0.0126966 0.313945 -0.0163878 -0.0143042 0.0196098 -0.0180922 -0.284853 -0.014554 -0.0219885 0.0747868 0.337422 0.205297 0.101565 -0.0183343 0.219907 -0.0207518 -0.384513 -0.0167187
internal_weight=8337 1705 1658 47 1635 1511 124 96 6632 6612 6585 52 6533 73 6460 6440 53 6417 84 6333 6202 63 131 106 86 6172 62 6110 67 6043
internal_count=8337 1705 1658 47 1635 1511 124 96 6632 6612 6585 52 6533 73 6460 6440 53 6417 84 6333 6202 63 131 106 86 6172 62 6110 67 6043
is_linear=0
shrinkage=0.05


Tree=129
num_leaves=31
num_cat=0
split_feature=4 8 0 5 1 7 0 0 1 1 0 3 3 8 0 2 6 1 7 2 0 1 8 5 6 4 0 0 6 0
split_gain=2357.16 1918.59 6876.56 14785.7 21284.8 13586.4 8212.99 4546.97 8185.82 5129.95 3399.26 4561.2 3378.12 5993.95 7819.14 4365.33 9449.15 4922.24 6284.38 3830.75 4853.56 3993.38 3863.3 3413.62 6898.14 6011.99 3290.37 6503.52 3132.39 5319.99
threshold=1.0000000180025095e-35 4.5000000000000009 22.350000000000005 10.500000000000002 828.50000000000011 11.500000000000002 24.850000000000005 19.750000000000004 738.50000000000011 665.00000000000011 21.150000000000002 12.500000000000002 47.500000000000007 10.500000000000002 23.150000000000002 63.500000000000007 492.50000000000006 194.50000000000003 14.500000000000002 67.500000000000014 16.350000000000005 180.50000000000003 10.500000000000002 72.500000000000014 675.50000000000011 427.50000000000006 21.650000000000002 24.250000000000004 301.50000000000006 17.250000000000004
decision_type=2 2 2 2 2 2 2 2 2 2 2 2 2 2 2 2 2 2 2 2 2 2 2 2 2 2 2 2 2 2
left_child=-1 2 7 -4 5 -5 -7 8 28 -9 11 -11 13 23 -15 17 19 -14 26 -17 21 -21 -22 -3 25 -25 -19 -28 -2 -30
right_child=1 12 3 4 -6 6 -8 9 -10 10 -12 -13 15 14 -16 16 -18 18 -20 20 22 -23 -24 24 -26 -27 27 -29 29 -31
leaf_value=-0.028618714126943001 -0.08221151445976671 0.040253526708583121 0.14778182563710621 -1.2124782149813005 -2.2019817882776258 -0.44158509192259415 0.94381704658269894 0.022165717817462832 -0.76276913550164971 0.83673939790044516 1.0087026522627898 -0.18246763944625854 -0.13471926836503875 -0.1033868950171619 -1.0953392928554899 -0.30507192339215961 -0.70040078243044646 0.58061483369933231 0.97657495127167815 0.22810993860661985 0.15387843828648329 -0.58026030605489554 0.86709455743778596 0.2789110400826868 -0.25618825295032605 1.1645705611617476 -0.70460977911949163 0.34098319298234481 0.25525627526103967 -0.1004450599749476
leaf_weight=3862 477 2220 88 28 20 23 20 98 36 21 28 23 45 368 21 35 38 54 43 50 34 22 43 66 39 27 20 58 247 183
leaf_count=3862 477 2220 88 28 20 23 20 98 36 21 28 23 45 368 21 35 38 54 43 50 34 22 43 66 39 27 20 58 247 183
internal_value=5.89153e-10 0.0246984 -0.0266884 -0.314326 -0.761199 -0.355345 0.202788 0.0195714 -0.023338 0.257592 0.578034 0.303972 0.0455567 0.0248721 -0.156937 0.173829 0.0174052 0.331674 0.451604 0.165648 0.276219 -0.0188921 0.552168 0.0549418 0.301971 0.536038 0.280591 0.0728824 0.00601098 0.103876
internal_weight=8337 4475 1292 179 91 71 43 1113 943 170 72 44 3183 2741 389 442 222 220 175 184 149 72 77 2352 132 93 132 78 907 430
internal_count=8337 4475 1292 179 91 71 43 1113 943 170 72 44 3183 2741 389 442 222 220 175 184 149 72 77 2352 132 93 132 78 907 430
is_linear=0
shrinkage=0.05


Tree=130
num_leaves=31
num_cat=0
split_feature=0 6 6 6 4 5 5 2 6 5 6 0 6 1 8 5 1 4 1 0 3 4 6 5 6 1 5 5 0 7
split_gain=2233.06 1985.86 11781.9 4332.1 3981.77 2781.76 1621.26 1527.94 1441.51 8053.69 1673.13 6622.98 2057.97 4667.36 3930.69 3980.52 2484.51 9985.97 1887.91 1695.81 2685.05 1608.2 4104.7 3436.55 3080.92 3447.89 5146.07 2736.17 2466.2 3660.51
threshold=33.650000000000013 948.50000000000011 941.50000000000011 962.00000000000011 909.00000000000011 11.500000000000002 8.5000000000000018 57.500000000000007 906.50000000000011 48.500000000000007 862.50000000000011 24.750000000000004 841.00000000000011 864.50000000000011 7.5000000000000009 24.500000000000004 808.50000000000011 791.50000000000011 800.50000000000011 31.650000000000002 4.5000000000000009 667.50000000000011 735.50000000000011 61.500000000000007 766.50000000000011 713.50000000000011 78.500000000000014 50.500000000000007 24.850000000000005 15.500000000000002
decision_type=2 2 2 2 2 2 2 2 2 2 2 2 2 2 2 2 2 2 2 2 2 2 2 2 2 2 2 2 2 2
left_child=1 2 4 -3 8 7 -2 -6 10 -10 12 -12 13 16 15 -14 18 -18 21 20 -13 24 28 27 25 -1 -27 -24 29 -23
right_child=6 3 -4 -5 5 -7 -8 -9 9 -11 11 19 14 -15 -16 -17 17 -19 -20 -21 -22 22 23 -25 -26 26 -28 -29 -30 -31
leaf_value=-0.010649806466180137 0.062550936808640309 0.71549679386301035 -1.1873230349449884 -0.1826493470668793 0.38910191896415891 0.62642391508533846 0.51853434788329256 -0.17955764885301945 -0.11980520765889775 0.99441077301035774 -0.88216076206277916 0.33736989456415178 0.10469388806301615 -0.73395527472550226 -0.1831052444378535 1.0568162265278045 0.99640221158663445 -0.14517567959034219 -0.41740405793700908 -0.27454365224410326 -0.32548164928501305 0.23965935319662096 -0.04990227350328974 0.53104191137396772 0.57902879906310278 0.014230714712677332 -0.99987324259497901 -0.61520324430118012 0.47418842616562662 -0.48648667910269333
leaf_weight=7153 44 29 21 25 21 42 35 27 55 23 27 50 23 22 30 21 30 53 28 39 22 100 198 23 22 29 22 24 78 21
leaf_count=7153 44 29 21 25 21 42 35 27 55 23 27 50 23 22 30 21 30 53 28 39 22 100 198 23 22 29 22 24 78 21
internal_value=2.49678e-10 -0.00253099 -0.00452025 0.299688 -0.00148483 0.329254 0.264569 0.0692309 -0.00516288 0.208746 -0.00724459 -0.179838 -0.00422086 -0.00670969 0.258215 0.559116 -0.00465347 0.267443 -0.00758722 -0.00900274 0.134832 -0.00609115 0.0862722 -0.0507411 -0.0117664 -0.0135706 -0.423226 -0.111016 0.254957 0.113634
internal_weight=8337 8258 8204 54 8183 90 79 48 8093 78 8015 138 7877 7803 74 44 7781 83 7698 111 72 7670 444 245 7226 7204 51 222 199 121
internal_count=8337 8258 8204 54 8183 90 79 48 8093 78 8015 138 7877 7803 74 44 7781 83 7698 111 72 7670 444 245 7226 7204 51 222 199 121
is_linear=0
shrinkage=0.05


Tree=131
num_leaves=31
num_cat=0
split_feature=0 6 3 2 6 4 6 5 6 2 5 5 2 2 6 2 2 3 3 8 4 5 6 1 0 5 1 2 7 6
split_gain=2132.72 3857.61 3055.61 3132.72 2865.79 13893.9 9589.06 6987.66 4197.95 3089.58 2644.41 2748.83 2008.8 2457.19 3456.63 1687.34 1619.24 5213.15 2229.42 1648.75 1563.85 1688.66 1652.65 1425.71 12386.6 9261.06 2233.67 5624.33 5872.51 4918.76
threshold=29.250000000000004 941.50000000000011 55.500000000000007 24.500000000000004 879.50000000000011 845.50000000000011 862.50000000000011 10.500000000000002 833.50000000000011 51.500000000000007 15.500000000000002 19.500000000000004 31.500000000000004 46.500000000000007 753.50000000000011 51.500000000000007 60.500000000000007 15.500000000000002 5.5000000000000009 6.5000000000000009 810.50000000000011 33.500000000000007 783.50000000000011 808.50000000000011 24.950000000000003 48.500000000000007 717.50000000000011 51.500000000000007 14.500000000000002 738.50000000000011
decision_type=2 2 2 2 2 2 2 2 2 2 2 2 2 2 2 2 2 2 2 2 2 2 2 2 2 2 2 2 2 2
left_child=1 4 3 -2 6 -6 8 -7 23 -10 -5 -12 -13 14 -14 -15 17 19 -18 -17 22 -22 -21 26 25 -25 -1 -28 -29 -30
right_child=2 -3 -4 10 5 7 -8 -9 9 -11 11 12 13 15 -16 16 18 -19 -20 20 21 -23 -24 24 -26 -27 27 28 29 -31
leaf_value=-0.0072558681439113676 -0.54489314403562317 -0.57468163331349698 0.68347702845931058 -0.052995889212644504 1.3622230795296757 0.55414237653215725 -1.0521464423699813 -0.5472820599873861 -0.048363092541694644 0.72298787041183787 0.65757388559480512 0.60330131061375147 0.12757697509867805 0.45650573607741135 -0.70993568707596177 0.44760196030672106 0.10480129890099257 -0.67350126314163217 0.46695625190214635 0.022239047625311176 -0.55926385082304486 0.037943531315902189 0.43133618136246998 0.07333467849369707 -0.83240192599594609 1.4719054844975472 0.20664656986208524 -0.15196620193438248 -1.4147473353892566 -0.30583290636539462
leaf_weight=6953 21 30 20 281 22 24 22 36 21 34 24 20 28 36 22 28 167 25 57 98 20 29 33 29 20 20 68 109 20 20
leaf_count=6953 21 30 20 281 22 24 22 36 21 34 24 20 28 36 22 28 167 25 57 98 20 29 33 29 20 20 68 109 20 20
internal_value=3.0579e-10 -0.00884663 0.0722913 0.0585413 -0.00655208 0.287392 -0.0098467 -0.106712 -0.00670294 0.428472 0.0731405 0.133523 0.111183 0.0930571 -0.240929 0.12693 0.100968 0.00868639 0.196957 0.0906801 0.0351589 -0.205815 0.125294 -0.0100093 0.216185 0.64418 -0.0121861 -0.170156 -0.34212 -0.86029
internal_weight=8337 7428 909 889 7398 82 7316 60 7294 55 868 587 563 543 50 493 457 233 224 208 180 49 131 7239 69 49 7170 217 149 40
internal_count=8337 7428 909 889 7398 82 7316 60 7294 55 868 587 563 543 50 493 457 233 224 208 180 49 131 7239 69 49 7170 217 149 40
is_linear=0
shrinkage=0.05


Tree=132
num_leaves=31
num_cat=0
split_feature=0 6 6 6 4 5 2 6 4 8 1 8 0 0 3 2 0 1 5 8 7 4 8 0 6 6 6 6 4 5
split_gain=2024.46 1874.98 10344 3900.22 3585.69 2598.07 1415.21 1402.92 1338.38 1578.29 11731.4 4840.81 5014.52 6894.85 4384.08 3735.92 3790.2 7065.3 12904.6 5218.62 5960.29 5381.89 4698.44 10358.8 5095.44 8039.5 8410.85 4923.52 4435.53 3773.59
threshold=33.650000000000013 948.50000000000011 941.50000000000011 962.00000000000011 909.00000000000011 11.500000000000002 57.500000000000007 879.50000000000011 1.0000000180025095e-35 4.5000000000000009 864.50000000000011 5.5000000000000009 23.950000000000003 24.850000000000005 5.5000000000000009 71.500000000000014 16.750000000000004 242.50000000000003 36.500000000000007 11.500000000000002 12.500000000000002 306.50000000000006 10.500000000000002 23.150000000000002 496.50000000000006 396.50000000000006 288.50000000000006 174.50000000000003 457.50000000000006 44.500000000000007
decision_type=2 2 2 2 2 2 2 2 2 2 2 2 2 2 2 2 2 2 2 2 2 2 2 2 2 2 2 2 2 2
left_child=1 2 4 -3 8 6 -6 -2 -1 10 -10 12 -11 -14 -15 16 17 -13 -19 22 21 -21 -18 24 25 26 27 -24 -27 -28
right_child=7 3 -4 -5 5 -7 -8 -9 9 11 -12 15 13 14 -16 -17 19 18 -20 20 -22 -23 23 -25 -26 28 29 -29 -30 -31
leaf_value=-0.026271340624076725 0.1210071080217236 0.68578967760349141 -1.1126206380980355 -0.16641260099411012 0.36891325368058114 0.59955044942242763 -0.17836714585622152 0.59106484011492944 -0.012893134323685961 0.092207929348417872 -1.233447582423687 0.0048752678471996836 1.0793307910508971 -0.15058101291131032 0.65065596819885319 0.13285802378460229 0.0040039418341451319 0.18120251312142327 -1.4584508576563426 -0.75092875226622535 0.54320342705167579 0.32526398553298069 -0.074653754180127929 -1.1431769085781915 0.42266766838729386 -1.3716623044013978 0.078834580239795504 -1.0207961228489875 -0.31862705335021024 1.0384885722398758
leaf_weight=3862 57 29 21 25 21 42 27 22 1257 300 20 81 34 38 31 492 1586 21 28 21 87 26 44 28 36 20 21 20 20 20
leaf_count=3862 57 29 21 25 21 42 27 22 1257 300 20 81 34 38 31 492 1586 21 28 21 87 26 44 28 36 20 21 20 20 20
internal_value=-3.43388e-11 -0.00240989 -0.00434281 0.291252 -0.00149864 0.31236 0.061068 0.251909 -0.00498897 0.0144373 -0.0320091 0.0345158 0.195553 0.496558 0.209395 0.00907561 -0.0205023 -0.281819 -0.755742 -0.00289154 0.298105 -0.155588 -0.0253615 -0.248201 -0.109752 -0.241939 -0.0121466 -0.370323 -0.845145 0.546958
internal_weight=8337 8258 8204 54 8183 90 48 79 8093 4231 1277 2954 403 103 69 2551 2059 130 49 1929 134 47 1795 209 181 145 105 64 40 41
internal_count=8337 8258 8204 54 8183 90 48 79 8093 4231 1277 2954 403 103 69 2551 2059 130 49 1929 134 47 1795 209 181 145 105 64 40 41
is_linear=0
shrinkage=0.05


Tree=133
num_leaves=31
num_cat=0
split_feature=1 4 2 6 4 1 4 3 0 5 2 5 6 0 6 0 1 1 0 5 5 0 5 0 8 2 7 5 5 5
split_gain=1855.29 3840.65 2791.26 2590.25 2957.59 2117.05 3709.36 3878.97 17909.5 26969.3 3656.87 3468.89 8054.37 7506.53 4163.76 2455.47 9488.24 3540.54 3491.34 4818.7 5745.65 4088.97 13429.9 3257.32 2986.31 6848.45 3282.63 2830.4 3047.85 3036.79
threshold=484.50000000000006 403.50000000000006 57.500000000000007 616.50000000000011 548.50000000000011 492.50000000000006 439.50000000000006 93.500000000000014 26.650000000000002 64.500000000000014 23.500000000000004 90.500000000000014 738.50000000000011 19.150000000000002 423.50000000000006 19.650000000000002 745.50000000000011 688.50000000000011 23.450000000000003 77.500000000000014 69.500000000000014 24.550000000000004 10.500000000000002 24.050000000000004 5.5000000000000009 41.500000000000007 13.500000000000002 59.500000000000007 41.500000000000007 5.5000000000000009
decision_type=2 2 2 2 2 2 2 2 2 2 2 2 2 2 2 2 2 2 2 2 2 2 2 2 2 2 2 2 2 2
left_child=3 2 -2 4 -1 -3 -7 10 9 -9 -8 14 13 -13 -12 16 17 27 -17 20 21 22 23 -20 25 -23 -27 28 29 -16
right_child=1 5 -4 -5 -6 6 7 8 -10 -11 11 12 -14 -15 15 18 -18 -19 19 -21 -22 24 -24 -25 -26 26 -28 -29 -30 -31
leaf_value=-0.013187242473408975 0.88535920290843306 0.42321581419776466 0.088057269368852886 -0.54257881809835851 0.5211769947638879 -0.526389114956061 -0.60414176909696493 0.0062851275899447508 0.85300944963326819 -2.0465081810951236 0.52660113323566526 0.61466930085612892 0.95745140620640345 -0.42192285716533662 0.26380951583385465 0.23596609944248159 -1.1497016737858454 0.53036857891082767 -0.23022878272192818 -0.75431429982185372 0.86858770929276941 1.0887607444416394 -1.1363647420192138 0.46218174271511309 0.019813152321484021 0.44241123354434975 -0.36002342551946642 -0.58432266391240639 0.42544880383487405 -0.52644396924203452
leaf_weight=6364 23 34 21 23 26 30 21 48 26 24 43 31 35 40 20 211 21 25 35 20 20 22 32 33 972 25 26 26 29 31
leaf_count=6364 23 34 21 23 26 30 21 48 26 24 43 31 35 40 20 211 21 25 35 20 20 22 32 33 972 25 26 26 29 31
internal_value=6.23964e-10 0.0430625 0.504829 -0.0129194 -0.011013 0.0322552 0.0250545 0.0341642 -0.271799 -0.677979 0.0516173 0.0597321 0.336685 0.0306737 0.0412802 0.0277991 -0.163043 -0.00487582 0.0485784 0.0152123 0.0284231 0.0137477 -0.291697 0.105794 0.0429768 0.351403 0.0333269 -0.131113 0.0161805 -0.216541
internal_weight=8337 1924 44 6413 6390 1880 1846 1816 98 72 1718 1697 106 71 1591 1548 152 131 1396 1185 1165 1145 100 68 1045 73 51 106 80 51
internal_count=8337 1924 44 6413 6390 1880 1846 1816 98 72 1718 1697 106 71 1591 1548 152 131 1396 1185 1165 1145 100 68 1045 73 51 106 80 51
is_linear=0
shrinkage=0.05


Tree=134
num_leaves=31
num_cat=0
split_feature=0 6 6 6 4 5 7 4 1 1 2 5 0 4 7 2 6 4 1 6 1 7 6 5 2 6 3 2 4 7
split_gain=1852.11 1680.85 9253.86 3502.46 3269.86 1397.16 1348.41 1325.42 1846.98 1841.13 3029.65 1274 4137.44 11281.3 5287.45 15022.5 13870 9198.86 14181.9 10156.3 6414.67 5790.9 4367.22 3674.29 13081.6 9969.66 6472.54 4111.07 4287.96 7543.06
threshold=33.650000000000013 948.50000000000011 941.50000000000011 962.00000000000011 933.50000000000011 8.5000000000000018 9.5000000000000018 453.50000000000006 439.50000000000006 386.50000000000006 64.500000000000014 99.500000000000014 26.250000000000004 663.50000000000011 13.500000000000002 51.500000000000007 526.50000000000011 361.50000000000006 539.50000000000011 266.50000000000006 442.50000000000006 16.500000000000004 402.50000000000006 81.500000000000014 40.500000000000007 500.50000000000006 51.500000000000007 52.500000000000007 315.50000000000006 16.500000000000004
decision_type=2 2 2 2 2 2 2 2 2 2 2 2 2 2 2 2 2 2 2 2 2 2 2 2 2 2 2 2 2 2
left_child=1 2 4 -3 6 -2 7 8 9 -1 -11 23 13 14 15 -13 20 19 -19 -17 21 22 -16 -8 -25 27 -27 -26 29 -29
right_child=5 3 -4 -5 -6 -7 11 -9 -10 10 -12 12 -14 -15 16 17 -18 18 -20 -21 -22 -23 -24 24 25 26 -28 28 -30 -31
leaf_value=-0.023973142635775661 0.053410010116005491 0.64961763229863401 -1.0523859537783122 -0.15796056413650514 0.49526154489228225 0.47670842941318248 0.010403187638669669 -0.40540567817895312 0.35351567044854165 -0.8033005812764169 0.038136633323586508 -1.5458571156132079 0.48169870624939604 -1.2303972108023506 0.87163288670201455 0.31069132296935376 0.99761800936290213 1.4502502763271332 -0.37025807655375936 -1.0580164260936507 -0.78888945756135165 -0.088914308865433167 -0.076047639250755306 -0.97670754844492136 0.77929566251960669 0.47127566321028608 1.5758221796580725 0.91713395444331347 -0.52619246067824188 0.0010773510964059117
leaf_weight=3367 44 29 21 25 33 35 3879 23 32 20 23 21 33 21 31 23 35 20 23 33 27 230 20 22 22 36 21 27 27 134
leaf_count=3367 44 29 21 25 33 35 3879 23 32 20 23 21 33 21 31 23 35 20 23 33 27 230 20 22 22 36 21 27 27 134
internal_value=3.37193e-10 -0.00230502 -0.00413515 0.275739 -0.00144502 0.240947 -0.00345623 -0.0271048 -0.024577 -0.0281251 -0.35323 0.0140342 -0.0599978 -0.0969317 -0.0455218 -0.331188 0.0544198 -0.073531 0.47649 -0.495869 -0.0527618 0.0179693 0.499993 0.0232171 0.195207 0.29177 0.878214 0.132592 0.0569138 0.154702
internal_weight=8337 8258 8204 54 8183 79 8150 3465 3442 3410 43 4685 517 484 463 120 343 99 43 56 308 281 51 4168 289 267 57 210 188 161
internal_count=8337 8258 8204 54 8183 79 8150 3465 3442 3410 43 4685 517 484 463 120 343 99 43 56 308 281 51 4168 289 267 57 210 188 161
is_linear=0
shrinkage=0.05


Tree=135
num_leaves=31
num_cat=0
split_feature=0 6 3 3 5 1 5 4 1 6 6 1 4 2 1 4 5 2 7 6 2 6 7 0 3 6 1 1 6 6
split_gain=1728.16 3252.44 2515.74 2830.81 2526.26 2497.61 2223.78 1417.9 2848.43 3337.02 7982.47 5215.08 7109.97 4494.79 1399.8 4363.36 4139.34 3480.13 4853.01 5877.44 3812.47 3262.2 6735.37 9078.39 7818.43 10923.6 5659.15 4712.62 11384.9 4643.33
threshold=29.250000000000004 941.50000000000011 55.500000000000007 32.500000000000007 15.500000000000002 925.50000000000011 19.500000000000004 909.00000000000011 886.50000000000011 879.50000000000011 856.50000000000011 808.50000000000011 791.50000000000011 55.500000000000007 717.50000000000011 659.50000000000011 43.500000000000007 51.500000000000007 14.500000000000002 738.50000000000011 42.500000000000007 616.50000000000011 12.500000000000002 25.150000000000002 12.500000000000002 660.50000000000011 605.50000000000011 579.50000000000011 587.50000000000011 579.50000000000011
decision_type=2 2 2 2 2 2 2 2 2 2 2 2 2 2 2 2 2 2 2 2 2 2 2 2 2 2 2 2 2 2
left_child=1 5 3 4 -2 7 -6 8 9 10 11 14 -13 -14 15 21 -17 20 -19 -20 -16 26 23 -23 -24 -26 27 28 -1 -29
right_child=2 -3 -4 -5 6 -7 -8 -9 -10 -11 -12 12 13 -15 17 16 -18 18 19 -21 -22 22 24 -25 25 -27 -28 29 -30 -31
leaf_value=-0.011156988922751125 -0.052735549237900484 -0.52752268870671593 0.61964514791965497 -0.42483218590418503 0.61124598280243259 0.52609760327772659 0.10946203705557772 0.30130166234196842 -0.47248674613056763 0.55853655897080901 -0.86704937672173532 1.1203571739917002 0.61497512956460321 -0.36035938285015251 -0.32071066556068573 0.11416501690869901 0.71158562946963955 -0.096804128503179654 -1.3452822753787042 -0.14762780382519677 0.44296582212502306 0.68467664039797249 -0.053819143828004602 -0.35665084715187551 -1.7993993897329679 -0.18484897255897523 0.49372470235185961 -0.027547938326994578 1.0579010219573977 -0.92282870773758219
leaf_weight=6479 284 30 20 30 23 22 552 37 33 26 27 24 21 27 26 134 37 113 20 21 44 36 40 50 22 20 56 30 25 28
leaf_count=6479 284 30 20 30 23 22 552 37 33 26 27 24 21 27 26 134 37 113 20 21 44 36 40 50 22 20 56 30 25 28
internal_value=-3.60821e-10 -0.00796348 0.0650745 0.0525982 0.0692722 -0.00585659 0.129533 -0.00744322 -0.00899978 -0.00690628 -0.00892572 -0.00573127 0.417685 0.0663495 -0.00997664 -0.00601547 0.243431 -0.133003 -0.265875 -0.731849 0.159315 -0.0123013 -0.229885 0.0792537 -0.554104 -1.03057 -0.00677783 -0.0110491 -0.00704776 -0.459752
internal_weight=8337 7428 909 889 859 7398 575 7376 7339 7306 7280 7253 72 48 7181 6957 171 224 154 41 70 6786 168 86 82 42 6618 6562 6504 58
internal_count=8337 7428 909 889 859 7398 575 7376 7339 7306 7280 7253 72 48 7181 6957 171 224 154 41 70 6786 168 86 82 42 6618 6562 6504 58
is_linear=0
shrinkage=0.05


Tree=136
num_leaves=31
num_cat=0
split_feature=0 6 6 6 4 6 7 0 2 1 4 2 2 1 4 6 3 0 6 6 2 2 0 5 3 6 6 5 6 4
split_gain=1649.72 1613.96 8157.1 3161.96 2782.09 1275.82 1160.05 1324.79 4581.18 11037.1 2385.04 2243.33 4175.61 2335.52 3642.57 5144.25 4721.35 3453.83 2163.64 5223.26 2012.58 3033.57 1990.42 1904 1750.2 5904.93 4930.95 7771.31 6772.89 11951
threshold=33.650000000000013 948.50000000000011 941.50000000000011 962.00000000000011 933.50000000000011 879.50000000000011 9.5000000000000018 31.350000000000005 46.500000000000007 792.50000000000011 554.50000000000011 27.500000000000004 29.500000000000004 853.50000000000011 845.50000000000011 856.50000000000011 2.5000000000000004 25.450000000000003 881.50000000000011 844.50000000000011 32.500000000000007 34.500000000000007 24.250000000000004 4.5000000000000009 20.500000000000004 800.50000000000011 688.50000000000011 77.500000000000014 616.50000000000011 635.50000000000011
decision_type=2 2 2 2 2 2 2 2 2 2 2 2 2 2 2 2 2 2 2 2 2 2 2 2 2 2 2 2 2 2
left_child=1 2 4 -3 6 -2 -1 11 9 10 -9 23 -13 18 16 -16 -15 -17 19 20 22 -22 -14 -8 -23 26 28 -28 -26 -30
right_child=5 3 -4 -5 -6 -7 7 8 -10 -11 -12 12 13 14 15 17 -18 -19 -20 -21 21 24 -24 -25 25 -27 27 -29 29 -31
leaf_value=-0.025233026773149411 0.1025697883087815 0.6255199128183826 -0.98814250957830585 -0.14179918217658996 0.45672113010377596 0.55082941881634973 -0.067722524838014095 -0.38306599697470667 0.047419212767854338 -1.367143292318691 0.29468039820591607 -0.61706048940809877 -0.027448897470127454 0.92589962282218041 0.6427030883857916 -0.50016008752423369 0.028114733982969216 0.087635852493248984 0.51663714874358413 -0.58357915920582981 -0.51894125287179593 -0.013480023064460467 0.60808289498090751 0.50416993724052295 0.069571420787486751 -0.69304991463163446 0.17772180802728002 1.2020343456579292 -0.96851563358848747 0.17809830710608909
leaf_weight=3465 57 29 21 25 33 22 22 25 160 22 27 26 22 32 29 37 27 77 21 37 27 2459 28 43 1329 26 95 23 44 47
leaf_count=3465 57 29 21 25 33 22 22 25 160 22 27 26 22 32 29 37 27 77 21 37 27 2459 28 43 1329 26 95 23 44 47
internal_value=5.7481e-10 -0.00217543 -0.00396877 0.27028 -0.00144309 0.227402 -0.00329824 0.0129246 -0.103036 -0.428344 -0.0311592 0.0190209 0.0146997 0.018467 0.184497 0.0481149 0.515049 -0.10314 0.0104012 0.00783143 0.0131686 0.0092762 0.328449 0.310606 0.0128213 0.0541735 0.0668054 0.377376 0.0409974 -0.376308
internal_weight=8337 8258 8204 54 8183 79 8150 4685 234 74 52 4451 4386 4360 202 143 59 114 4158 4137 4100 4050 50 65 4023 1564 1538 118 1420 91
internal_count=8337 8258 8204 54 8183 79 8150 4685 234 74 52 4451 4386 4360 202 143 59 114 4158 4137 4100 4050 50 65 4023 1564 1538 118 1420 91
is_linear=0
shrinkage=0.05


Tree=137
num_leaves=31
num_cat=0
split_feature=0 3 5 2 5 4 6 4 2 4 4 5 4 6 0 3 0 6 6 4 0 1 6 6 6 0 6 1 1 5
split_gain=1589.48 6121.56 5210.91 4899.12 2184.6 2941.41 3744.1 3233.4 2497.36 2657.2 3593.2 2299.38 2009.5 2482.66 3270.82 3677.63 1980.25 3442.39 2529.34 2530.25 2252.12 1832.4 1674.84 1850.05 4702.67 2785.2 2066.78 2990.56 8046.45 2952.67
threshold=26.250000000000004 88.500000000000014 58.500000000000007 23.500000000000004 36.500000000000007 939.50000000000011 918.50000000000011 890.50000000000011 39.500000000000007 845.50000000000011 817.50000000000011 25.500000000000004 791.50000000000011 439.50000000000006 27.050000000000004 15.500000000000002 29.050000000000004 701.50000000000011 833.50000000000011 736.50000000000011 27.850000000000005 419.50000000000006 935.50000000000011 875.50000000000011 859.50000000000011 24.250000000000004 804.50000000000011 844.50000000000011 808.50000000000011 46.500000000000007
decision_type=2 2 2 2 2 2 2 2 2 2 2 2 2 2 2 2 2 2 2 2 2 2 2 2 2 2 2 2 2 2
left_child=22 3 -3 -2 5 6 7 -5 -6 10 12 -8 13 21 15 -15 17 20 19 -18 -16 -10 23 24 26 -25 27 28 -1 -28
right_child=1 2 -4 4 8 -7 11 -9 9 -11 -12 -13 -14 14 16 -17 18 -19 -20 -21 -22 -23 -24 25 -26 -27 29 -29 -30 -31
leaf_value=-0.014700591451590054 -0.70037295947904177 0.037406051158905031 1.0045105248689652 -0.025100223222790288 0.48286782179027798 0.45097525688734924 -0.12772380709648132 0.46460434277142798 0.13790843160225458 0.42858158725500106 -0.50372350428785595 -0.82045119016066848 0.50548349962784689 0.83607936230572788 -0.86187811860193819 -0.10073297560214996 0.0046285535063361749 0.1563095860707108 -0.41128202350810172 0.57337223128838977 -0.25202555889036599 0.62618384304500774 -0.46857711434364319 0.51439778529680691 -0.74265190931883729 -0.21133503291755915 0.041148468488177589 -0.62365208655595783 0.9222232240697612 0.77650571420788772
leaf_weight=6262 23 26 30 913 40 33 25 35 226 50 28 23 26 22 24 20 176 32 32 22 41 21 20 39 22 20 43 20 23 20
leaf_count=6262 23 26 30 913 40 33 25 35 226 50 28 23 26 22 24 20 176 32 32 22 41 21 20 39 22 20 43 20 23 20
internal_value=1.85071e-10 0.0406277 0.555498 0.0247156 0.0340376 -0.0134467 -0.0288342 -0.00702041 0.0983289 0.0769656 0.0507256 -0.459656 0.0749072 0.0567335 -0.0253912 0.389978 -0.0787414 -0.268208 0.0011643 0.0678223 -0.477202 0.179422 -0.0117317 -0.0103149 -0.0128882 0.268387 -0.0103671 -0.0132144 -0.0112719 0.274595
internal_weight=8337 1868 56 1812 1789 1029 996 948 760 720 670 48 642 616 369 42 327 97 230 198 65 247 6469 6449 6390 59 6368 6305 6285 63
internal_count=8337 1868 56 1812 1789 1029 996 948 760 720 670 48 642 616 369 42 327 97 230 198 65 247 6469 6449 6390 59 6368 6305 6285 63
is_linear=0
shrinkage=0.05


Tree=138
num_leaves=31
num_cat=0
split_feature=4 3 0 1 1 3 0 0 7 1 1 1 6 1 5 1 5 6 0 6 4 5 2 1 0 0 0 4 5 3
split_gain=1506.79 3829.25 5391.67 2682.98 3055.66 6304.42 2820.02 2133.11 2057.36 1871.18 3532.99 2158.01 5080.49 3680.66 2652.56 2038.4 2997 2950.36 1269.91 1047.63 2355.66 3555.26 2638.8 1524.55 8369.27 4529.86 3970.87 3305.12 6322.01 2178.98
threshold=867.50000000000011 1.0000000180025095e-35 24.550000000000004 925.50000000000011 875.50000000000011 3.5000000000000004 31.650000000000002 29.050000000000004 12.500000000000002 853.50000000000011 864.50000000000011 828.50000000000011 821.50000000000011 812.50000000000011 43.500000000000007 800.50000000000011 29.500000000000004 833.50000000000011 32.350000000000001 800.50000000000011 755.50000000000011 17.500000000000004 56.500000000000007 717.50000000000011 20.850000000000005 24.750000000000004 27.250000000000004 678.50000000000011 43.500000000000007 21.500000000000004
decision_type=2 2 2 2 2 2 2 2 2 2 2 2 2 2 2 2 2 2 2 2 2 2 2 2 2 2 2 2 2 2
left_child=3 2 -2 4 9 6 -6 -4 -3 11 -11 13 -13 15 -14 17 -17 18 19 20 23 22 -22 27 -25 -26 -27 -1 -29 -28
right_child=1 8 7 -5 5 -7 -8 -9 -10 10 -12 12 14 -15 -16 16 -18 -19 -20 -21 21 -23 -24 24 25 26 29 28 -30 -31
leaf_value=-0.0085630714665792512 -0.62064912722391252 -0.09245031166023443 0.47581487225834285 0.56035453308196304 0.21035015806555749 -1.0104947859826294 -0.48447024511254355 -0.026644604731091232 0.38428971228205555 0.63673156974837186 -0.11853746463855108 0.32188432162458247 -0.23719667590815915 0.50947780558041167 -1.0328086805343628 0.070561944799763826 -0.77417027439389918 0.52919746912442722 0.18786926044178578 -0.28757593288566125 0.23638961265484493 0.59334566869386818 -0.47992042621597647 -0.96256450282202843 0.60518230843544008 -0.65980124361813075 -0.08783268100458913 0.057123796408413911 0.96803722763061517 0.47554381430149084
leaf_weight=7166 34 28 28 21 40 23 23 86 118 32 30 22 22 35 20 21 21 26 85 33 36 41 20 27 25 28 121 80 25 20
leaf_count=7166 34 28 28 21 40 23 23 86 118 32 30 22 22 35 20 21 21 26 85 33 36 41 20 27 25 28 121 80 25 20
internal_value=6.41292e-10 0.11118 -0.0680452 -0.00406402 -0.00554155 -0.301979 -0.0433144 0.0967665 0.29286 -0.00232915 0.271279 -0.00448354 -0.293641 -0.002114 -0.61606 -0.00441699 -0.351804 -0.00253024 -0.00432405 -0.00646738 -0.005245 0.239575 -0.0194354 -0.00841473 -0.137787 -0.0229987 -0.115925 -0.00448248 0.274008 -0.00792112
internal_weight=8337 294 148 8043 8022 86 63 114 146 7936 62 7874 64 7810 42 7775 42 7733 7707 7622 7589 97 56 7492 221 194 169 7271 105 141
internal_count=8337 294 148 8043 8022 86 63 114 146 7936 62 7874 64 7810 42 7775 42 7733 7707 7622 7589 97 56 7492 221 194 169 7271 105 141
is_linear=0
shrinkage=0.05


Tree=139
num_leaves=31
num_cat=0
split_feature=0 3 5 5 5 0 8 4 7 6 6 6 1 6 5 7 1 1 1 4 1 2 0 4 4 4 1 3 1 6
split_gain=1382.04 6455.79 7005.95 2449.58 1591.34 1709.27 2332.75 1561.27 1123.46 1086.78 2754.66 1560.79 6982.72 2290.02 5682.38 2792.4 2770.9 7035.69 2018.63 5251.47 3326.84 3102.06 2308.73 3371.23 3779.91 1296.96 5505.97 2382.03 3119.5 2373.56
threshold=26.750000000000004 88.500000000000014 85.500000000000014 65.500000000000014 57.500000000000007 27.050000000000004 8.5000000000000018 947.50000000000011 11.500000000000002 937.50000000000011 906.50000000000011 862.50000000000011 872.50000000000011 804.50000000000011 47.500000000000007 13.500000000000002 844.50000000000011 808.50000000000011 697.50000000000011 697.50000000000011 684.50000000000011 57.500000000000007 19.750000000000004 744.50000000000011 784.50000000000011 659.50000000000011 649.50000000000011 40.500000000000007 570.50000000000011 653.50000000000011
decision_type=2 2 2 2 2 2 2 2 2 2 2 2 2 2 2 2 2 2 2 2 2 2 2 2 2 2 2 2 2 2
left_child=9 2 4 -3 7 -6 8 -2 -7 10 11 13 -13 16 15 -15 17 18 20 21 25 -20 -21 -24 -25 26 29 -27 -29 -1
right_child=1 3 -4 -5 5 6 -8 -9 -10 -11 -12 12 -14 14 -16 -17 -18 -19 19 22 -22 -23 23 24 -26 27 -28 28 -30 -31
leaf_value=-0.013253935561772099 0.015734444459006524 0.21899672858417035 -0.88301379027820781 0.9613946766853334 0.61045582077719951 0.030445621212323512 -0.30506507853666942 0.43091312828271289 0.4310634819169839 -0.37820738196372988 0.49493181523349555 -0.98795221533094135 0.1928941088338052 0.32885601134211928 0.92013016135796255 -0.40448986947536469 -0.59976398646831519 0.86261435073354975 -0.24410916419480655 -0.41741161010312766 0.49951843339949847 -0.96962112280038681 0.65502088273254533 -0.58049562459900261 0.28280947706662118 0.40795551187851853 -0.71413112027304515 0.36153483707457784 -0.39775485014843365 0.50702926760370082
leaf_weight=6104 1462 20 21 25 22 30 24 23 42 20 27 21 31 27 23 25 20 23 34 22 32 26 24 21 32 51 28 24 31 22
leaf_count=6104 1462 20 21 25 22 30 24 23 42 20 27 21 31 27 23 25 20 23 34 22 32 26 24 21 32 51 28 24 31 22
internal_value=1.47709e-10 0.0406907 0.0243214 0.63144 0.0362079 0.212936 0.121838 0.0221648 0.264139 -0.0101849 -0.00907771 -0.011133 -0.283986 -0.00897313 0.265731 -0.0237141 -0.0121457 -0.0103304 -0.0134428 -0.189389 -0.00899655 -0.558498 0.0343125 0.163377 -0.0592548 -0.011596 -0.0145829 0.161813 -0.0664284 -0.0113855
internal_weight=8337 1669 1624 45 1603 118 96 1485 72 6668 6648 6621 52 6569 75 52 6494 6474 6451 159 6292 60 99 77 53 6260 6154 106 55 6126
internal_count=8337 1669 1624 45 1603 118 96 1485 72 6668 6648 6621 52 6569 75 52 6494 6474 6451 159 6292 60 99 77 53 6260 6154 106 55 6126
is_linear=0
shrinkage=0.05


Tree=140
num_leaves=31
num_cat=0
split_feature=6 6 1 6 4 1 0 4 6 6 3 0 0 1 6 2 6 1 1 1 1 4 1 0 4 6 0 2 5 1
split_gain=1335.54 5412.79 3241.23 2760.63 1321.98 1430.29 2521.39 1793.49 2141.27 2058.64 4654.47 6059.35 2597.31 1957.34 1974.21 1462.76 1326.31 2077.88 1604 2147.12 2404.71 7122.34 1969.24 1099.82 985.381 5546.05 4446.42 5119.06 4783.96 4374.46
threshold=948.50000000000011 941.50000000000011 944.50000000000011 958.50000000000011 933.50000000000011 918.50000000000011 30.450000000000003 879.50000000000011 906.50000000000011 862.50000000000011 3.5000000000000004 29.450000000000003 31.550000000000004 893.50000000000011 862.50000000000011 59.500000000000007 850.00000000000011 864.50000000000011 841.00000000000011 828.50000000000011 808.50000000000011 800.50000000000011 800.50000000000011 32.350000000000001 667.50000000000011 772.50000000000011 16.950000000000003 67.500000000000014 76.500000000000014 713.50000000000011
decision_type=2 2 2 2 2 2 2 2 2 2 2 2 2 2 2 2 2 2 2 2 2 2 2 2 2 2 2 2 2 2
left_child=1 2 4 -2 5 7 -7 8 9 16 12 -12 15 14 -9 -11 17 18 19 20 22 -22 23 24 25 29 -26 28 -28 -1
right_child=3 -3 -4 -5 -6 6 -8 13 -10 10 11 -13 -14 -15 -16 -17 -18 -19 -20 -21 21 -23 -24 -25 26 -27 27 -29 -30 -31
leaf_value=-0.0079476073785386299 0.69679022346224107 -0.76763174365396081 0.52814229716514727 -0.024566923992501367 0.38568406606262384 -0.7038942742347718 -0.019118875919318781 0.12471913001660645 0.40505424961447717 -0.021734702993522995 -1.2052695621143688 -0.044585693287460704 -0.34360825593716338 -0.058265667134209692 0.72473506468992976 0.54854393614375074 0.28918869625299409 -0.51210901230573658 0.36934970596740985 -0.48557987472285397 1.0680450361967087 -0.18699828813282343 -0.43017620562955189 0.17644155795083327 0.76123814846981652 0.82262899249792099 0.043885455736969586 -0.51342173472811015 0.80382808067581879 -0.48687412366271021
leaf_weight=7129 21 23 29 36 22 20 41 29 32 22 22 23 28 38 26 23 39 20 29 23 20 26 27 85 22 20 353 39 22 48
leaf_count=7129 21 23 29 36 22 20 41 29 32 22 22 23 28 38 26 23 39 20 29 23 20 26 27 85 22 20 353 39 22 48
internal_value=1.46068e-10 -0.00166041 0.000473216 0.241196 -0.00138658 -0.0024243 -0.243635 -0.000617811 -0.00313934 -0.00476804 -0.212069 -0.612031 0.0344838 0.217698 0.408363 0.269741 -0.00167244 -0.00311509 -0.00181713 -0.00319464 -0.00177058 0.358673 -0.00391136 -0.00242016 -0.00441193 -0.00883366 0.068577 0.0317689 0.0884688 -0.0111507
internal_weight=8337 8280 8257 57 8228 8206 61 8145 8052 8020 118 45 73 93 55 45 7902 7863 7843 7814 7791 46 7745 7718 7633 7197 436 414 375 7177
internal_count=8337 8280 8257 57 8228 8206 61 8145 8052 8020 118 45 73 93 55 45 7902 7863 7843 7814 7791 46 7745 7718 7633 7197 436 414 375 7177
is_linear=0
shrinkage=0.05


Tree=141
num_leaves=31
num_cat=0
split_feature=0 5 6 4 8 0 5 0 0 4 0 6 1 1 6 6 5 6 1 6 6 4 0 1 1 1 6 6 4 1
split_gain=1215.86 1660.03 1322.33 956.534 1321.38 6703.43 12850.1 17246.1 18740.6 10469.4 3856.79 7664.8 4779.38 4190.51 3480.88 6980.19 4582.82 4214.95 12635.9 4819.52 4751.32 7640.38 7331.33 4913.28 3125.58 13690.7 5769.52 3253.38 11310.9 3632.59
threshold=33.150000000000013 4.5000000000000009 872.50000000000011 1.0000000180025095e-35 4.5000000000000009 22.350000000000005 10.500000000000002 25.050000000000004 24.250000000000004 701.50000000000011 19.750000000000004 779.50000000000011 738.50000000000011 665.00000000000011 665.00000000000011 631.50000000000011 50.500000000000007 587.50000000000011 603.50000000000011 560.50000000000011 450.50000000000006 460.50000000000006 15.950000000000001 535.50000000000011 446.50000000000006 409.50000000000006 374.50000000000006 317.50000000000006 306.50000000000006 222.50000000000003
decision_type=2 2 2 2 2 2 2 2 2 2 2 2 2 2 2 2 2 2 2 2 2 2 2 2 2 2 2 2 2 2
left_child=3 -2 -3 -1 5 10 -7 8 -8 -9 11 12 14 -12 15 17 -16 19 -19 20 24 22 -22 -23 25 27 -26 29 -29 -5
right_child=1 2 -4 4 -6 6 7 9 -10 -11 13 -13 -14 -15 16 -17 -18 18 -20 -21 21 23 -24 -25 26 -27 -28 28 -30 -31
leaf_value=-0.02038761361920266 -0.064384284522384413 0.17227848023968809 0.64951704293489465 -0.011468971282085716 0.031652949472806863 0.118178012421016 -0.53591555572218363 -0.75478446172631308 -2.5552784252166751 0.78934156610852202 0.023476854955055276 -0.9908645945787431 -0.7132158786706303 0.5258755965986186 -0.19466506078839305 -0.83118393144011504 0.75918227837366226 1.4105029988288882 -0.34555926879956611 -0.73859522904862063 0.10113448560237887 0.35480529500378505 1.3854822144508363 -0.42297288566022306 0.99125838875770578 -1.196811787210978 -0.13832213970331045 1.268502801656723 -0.061379363076455563 -0.37765927426573803
leaf_weight=3862 48 47 21 389 3067 88 27 23 20 21 98 20 23 72 20 25 34 20 21 22 20 45 25 37 20 26 26 21 67 82
leaf_count=3862 48 47 21 389 3067 88 27 23 20 21 98 20 23 72 20 25 34 20 21 22 20 45 25 37 20 26 26 21 67 82
internal_value=-9.06453e-11 0.160746 0.319661 -0.00226815 0.0137854 -0.0286294 -0.312623 -0.729222 -1.39522 -0.0178152 0.0170443 -0.0224745 -0.00149092 0.236257 0.0166976 -0.00814545 0.405905 0.0169166 0.511056 -0.0090574 0.0121165 0.29115 0.814661 0.0038566 -0.0440438 -0.0752486 0.3528 -0.0230829 0.255979 -0.0752218
internal_weight=8337 116 68 8221 4359 1292 179 91 47 44 1113 943 923 170 900 846 54 821 41 780 758 127 45 82 631 585 46 559 88 471
internal_count=8337 116 68 8221 4359 1292 179 91 47 44 1113 943 923 170 900 846 54 821 41 780 758 127 45 82 631 585 46 559 88 471
is_linear=0
shrinkage=0.05


end of trees

feature_importances:
nwp_radiation=789
radiation_yesterday=676
shortwave_radiation=633
temperature_2m=583
nwp_cloud=570
relative_humidity_2m=353
cloud_cover=326
month=235
hour=95

parameters:
[boosting: gbdt]
[objective: regression]
[metric: l1]
[tree_learner: serial]
[device_type: cpu]
[data_sample_strategy: bagging]
[data: ]
[valid: ]
[num_iterations: 142]
[learning_rate: 0.05]
[num_leaves: 31]
[num_threads: 2]
[seed: 0]
[deterministic: 1]
[force_col_wise: 1]
[force_row_wise: 0]
[histogram_pool_size: -1]
[max_depth: -1]
[min_data_in_leaf: 20]
[min_sum_hessian_in_leaf: 0.001]
[bagging_fraction: 1]
[pos_bagging_fraction: 1]
[neg_bagging_fraction: 1]
[bagging_freq: 0]
[bagging_seed: 7719]
[bagging_by_query: 0]
[feature_fraction: 1]
[feature_fraction_bynode: 1]
[feature_fraction_seed: 2437]
[extra_trees: 0]
[extra_seed: 11797]
[early_stopping_round: 0]
[early_stopping_min_delta: 0]
[first_metric_only: 0]
[max_delta_step: 0]
[lambda_l1: 0]
[lambda_l2: 0]
[linear_lambda: 0]
[min_gain_to_split: 0]
[drop_rate: 0.1]
[max_drop: 50]
[skip_drop: 0.5]
[xgboost_dart_mode: 0]
[uniform_drop: 0]
[drop_seed: 21238]
[top_rate: 0.2]
[other_rate: 0.1]
[min_data_per_group: 100]
[max_cat_threshold: 32]
[cat_l2: 10]
[cat_smooth: 10]
[max_cat_to_onehot: 4]
[top_k: 20]
[monotone_constraints: ]
[monotone_constraints_method: basic]
[monotone_penalty: 0]
[feature_contri: ]
[forcedsplits_filename: ]
[refit_decay_rate: 0.9]
[cegb_tradeoff: 1]
[cegb_penalty_split: 0]
[cegb_penalty_feature_lazy: ]
[cegb_penalty_feature_coupled: ]
[path_smooth: 0]
[interaction_constraints: ]
[verbosity: -1]
[saved_feature_importance_type: 0]
[use_quantized_grad: 0]
[num_grad_quant_bins: 4]
[quant_train_renew_leaf: 0]
[stochastic_rounding: 1]
[linear_tree: 0]
[max_bin: 255]
[max_bin_by_feature: ]
[min_data_in_bin: 3]
[bin_construct_sample_cnt: 200000]
[data_random_seed: 38]
[is_enable_sparse: 1]
[enable_bundle: 1]
[use_missing: 1]
[zero_as_missing: 0]
[feature_pre_filter: 1]
[pre_partition: 0]
[two_round: 0]
[header: 0]
[label_column: ]
[weight_column: ]
[group_column: ]
[ignore_column: ]
[categorical_feature: ]
[forcedbins_filename: ]
[precise_float_parser: 0]
[parser_config_file: ]
[objective_seed: 8855]
[num_class: 1]
[is_unbalance: 0]
[scale_pos_weight: 1]
[sigmoid: 1]
[boost_from_average: 1]
[reg_sqrt: 0]
[alpha: 0.9]
[fair_c: 1]
[poisson_max_delta_step: 0.7]
[tweedie_variance_power: 1.5]
[lambdarank_truncation_level: 30]
[lambdarank_norm: 1]
[label_gain: ]
[lambdarank_position_bias_regularization: 0]
[eval_at: ]
[multi_error_top_k: 1]
[auc_mu_weights: ]
[num_machines: 1]
[local_listen_port: 12400]
[time_out: 120]
[machine_list_filename: ]
[machines: ]
[gpu_platform_id: -1]
[gpu_device_id: -1]
[gpu_device_id_list: ]
[gpu_use_dp: 0]
[num_gpu: 1]

end of parameters

pandas_categorical:[]
