tree
version=v4
num_class=1
num_tree_per_iteration=1
label_index=0
max_feature_idx=8
objective=regression
feature_names=temperature_2m shortwave_radiation relative_humidity_2m cloud_cover nwp_radiation nwp_cloud radiation_yesterday hour month
feature_infos=[1.3999999999999999:38.100000000000001] [0:990] [16:100] [0:100] [0:992] [0:100] [0:990] [0:23] [1:12]
tree_sizes=2687 2709 2710 2706 2700 2703 2697 2708 2684 2701 2692 2689 2693 2687 2705 2677 2684 2695 2675 2687 2677 2679 2681 2674 2685 2676 2676 2667 2678 2682 2660 2655 2666 2672 2681 2683 2663 2675 2667 2693 2685 2662 2665 2667 2686 2667 2664 2679 2681 2666 2651 2658 2683 2683 2652 2688 2679 2684 2683 2703 2691 2677 2681 2683 2676 2694 2692 2687 2685 2702 2676 2677 2682 2696 2689 2697 2692 2665 2706 2681 2695 2686 2699 2728 2689 2680 2704 2688 2721 2687 2717 2686 2677 2685 2682 2712 2694 2703 2718 2704 2692 2691 2687 2710 2729 2736 2695 2716 2714 2681 2707 2718 2690 2680 2702 2701 2705 2708 2716 2695 2716 2730 2745 2693 2740 2718 2705 2701 2725 2734 2730 2749 2728 2753 2717 2751 2765 2773 2709 2767 2739 2740 2730 2734 2722 2791 2768 2697 2747 2701 2731 2737 2749

Tree=0
num_leaves=31
num_cat=0
split_feature=4 4 4 4 4 4 4 1 1 6 6 6 6 6 4 1 4 6 4 4 6 4 1 8 5 1 1 0 6 1
split_gain=1.18275e+09 1.11216e+08 6.87401e+07 1.3946e+07 1.35053e+07 4.85722e+06 3.33631e+06 2.46695e+06 2.17987e+06 1.87434e+06 1.85127e+06 1.29857e+06 696898 677826 534035 523949 447697 394930 342527 338898 276561 255649 238064 209603 195412 188876 187157 179508 176176 174625
threshold=325.50000000000006 637.50000000000011 107.50000000000001 480.50000000000006 781.50000000000011 246.50000000000003 34.500000000000007 590.50000000000011 883.50000000000011 705.50000000000011 448.50000000000006 191.50000000000003 710.50000000000011 331.50000000000006 551.50000000000011 609.50000000000011 384.50000000000006 830.50000000000011 852.50000000000011 702.50000000000011 77.500000000000014 156.50000000000003 926.50000000000011 5.5000000000000009 99.500000000000014 10.500000000000002 468.50000000000006 24.550000000000004 527.50000000000011 648.50000000000011
decision_type=2 2 2 2 2 2 2 2 2 2 2 2 2 2 2 2 2 2 2 2 2 2 2 2 2 2 2 2 2 2
left_child=2 3 6 10 9 11 25 14 18 -3 16 21 24 -7 28 -12 -2 19 27 23 -8 -4 -10 -11 29 -1 -15 -6 -5 -9
right_child=1 4 5 7 8 13 20 12 22 17 15 -13 -14 26 -16 -17 -18 -19 -20 -21 -22 -23 -24 -25 -26 -27 -28 -29 -30 -31
leaf_value=227.53378966281312 245.89745479594563 260.98762475544868 234.31739727341179 252.39702420014933 267.07990488619453 241.35508706545843 230.32436188003589 257.59479253841772 272.46054988505261 260.44059141901937 250.66161727794022 238.6806967607084 262.6631456021737 244.26423301739209 256.05497896728968 256.53136541927802 248.31423573275686 268.4790693107542 270.91556004385831 265.57172246932504 232.2898774323501 236.56639146869961 274.45894821743724 264.13078439879433 254.50645710091564 228.65262061321792 248.46377719954017 269.19024301832815 254.40720083371389 259.92642884671108
leaf_weight=7223 367 415 315 274 155 379 496 305 310 56 401 559 92 184 255 42 401 83 207 423 280 211 287 123 39 398 31 288 181 109
leaf_count=7223 367 415 315 274 155 379 496 305 310 56 401 559 92 184 255 42 401 83 207 423 280 211 287 123 39 398 31 288 181 109
internal_value=239.497 259.887 229.757 252.472 267.678 238.993 227.91 256.165 271.24 263.639 248.644 237.003 258.696 242.627 254.223 251.218 247.159 265.246 269.236 264.8 231.034 235.22 273.421 262.976 257.89 227.592 244.87 268.452 253.197 258.209
internal_weight=14889 4813 10076 2466 2347 1679 8397 1255 1247 1100 1211 1085 545 594 710 443 768 685 650 602 776 526 597 179 453 7621 215 443 455 414
internal_count=14889 4813 10076 2466 2347 1679 8397 1255 1247 1100 1211 1085 545 594 710 443 768 685 650 602 776 526 597 179 453 7621 215 443 455 414
is_linear=0
shrinkage=1


Tree=1
num_leaves=31
num_cat=0
split_feature=4 4 4 4 4 4 4 6 1 1 6 1 6 1 1 4 6 4 6 4 6 6 5 4 4 4 4 1 0 4
split_gain=1.06743e+09 1.00384e+08 6.2038e+07 1.63636e+07 8.70877e+06 4.39882e+06 3.01102e+06 2.90048e+06 1.96733e+06 1.51749e+06 1.39258e+06 1.02104e+06 750630 429690 380856 377617 348744 337594 325827 309131 258532 250927 229827 227635 211168 171092 169597 164201 162324 153595
threshold=325.50000000000006 603.50000000000011 107.50000000000001 781.50000000000011 473.50000000000006 231.50000000000003 34.500000000000007 705.50000000000011 883.50000000000011 586.50000000000011 448.50000000000006 191.50000000000003 309.50000000000006 775.50000000000011 609.50000000000011 384.50000000000006 527.50000000000011 664.50000000000011 716.50000000000011 852.50000000000011 872.50000000000011 73.500000000000014 79.500000000000014 930.50000000000011 137.50000000000003 12.500000000000002 667.50000000000011 375.50000000000006 25.350000000000005 521.50000000000011
decision_type=2 2 2 2 2 2 2 2 2 2 2 2 2 2 2 2 2 2 2 2 2 2 2 2 2 2 2 2 2 2
left_child=2 4 6 7 10 11 25 17 19 16 15 24 -7 26 -12 27 29 -3 -11 28 22 -8 -15 -10 -4 -1 -9 -2 -5 -6
right_child=1 3 5 8 9 12 21 13 23 18 14 -13 -14 20 -16 -17 -18 -19 -20 -21 -22 -23 -24 -25 -26 -27 -28 -29 -30 -31
leaf_value=-11.361365845423485 5.092882357552952 18.680186750385126 -5.401919976596175 26.288743422017298 11.612940414073105 1.1819079924645581 -8.7891435681472174 21.452847836812339 31.589440030914744 16.809772060981164 10.424181540718292 -0.92833602507845869 4.5246831547545971 25.904025887106066 15.961666721456192 8.3279888158082347 14.675048160082415 21.0515810247568 21.349357706705732 29.84794044627084 30.118933868408206 -6.960926089046886 21.160868125126282 33.72033333378797 -3.3352279295319622 -10.2326548056169 23.868563946994612 7.2130217780843813 28.259100809584567 13.623435674823305
leaf_weight=7269 196 355 203 169 236 399 458 90 418 325 358 471 290 214 34 381 304 260 45 207 32 318 29 179 316 352 377 171 274 159
leaf_count=7269 196 355 203 169 236 399 458 90 418 325 358 471 290 214 34 381 304 260 45 207 32 318 29 179 316 352 377 171 274 159
internal_value=1.76141e-07 19.3706 -9.25275 26.0214 11.5306 -0.478874 -11.0071 22.2218 30.1561 14.7726 8.49048 -2.61391 2.58888 24.3263 10.9045 7.22539 13.402 19.6827 17.3619 28.2528 25.8943 -8.03995 25.338 32.2284 -4.14359 -11.3092 23.403 6.08074 27.5074 12.4222
internal_weight=14889 4813 10076 2604 2209 1679 8397 1357 1247 1069 1140 990 689 742 392 748 699 615 370 650 275 776 243 597 519 7621 467 367 443 395
internal_count=14889 4813 10076 2604 2209 1679 8397 1357 1247 1069 1140 990 689 742 392 748 699 615 370 650 275 776 243 597 519 7621 467 367 443 395
is_linear=0
shrinkage=0.05


Tree=2
num_leaves=31
num_cat=0
split_feature=4 4 4 4 4 4 4 1 1 1 6 1 1 1 4 1 4 1 4 4 5 4 6 4 1 1 0 1 1 0
split_gain=9.63355e+08 9.06408e+07 5.59893e+07 1.1815e+07 1.05643e+07 3.98647e+06 2.71976e+06 1.97537e+06 1.69042e+06 1.60898e+06 1.53173e+06 1.07506e+06 599715 565260 496666 358987 352777 309475 272294 241486 235575 233491 208660 202028 185504 183868 175800 151629 146288 141704
threshold=325.50000000000006 642.50000000000011 107.50000000000001 495.50000000000006 788.50000000000011 246.50000000000003 37.500000000000007 457.50000000000006 590.50000000000011 883.50000000000011 724.50000000000011 199.50000000000003 705.50000000000011 315.50000000000006 384.50000000000006 605.50000000000011 559.50000000000011 792.50000000000011 152.50000000000003 852.50000000000011 99.500000000000014 695.50000000000011 81.500000000000014 919.50000000000011 472.50000000000006 12.500000000000002 22.250000000000004 772.50000000000011 384.50000000000006 25.350000000000005
decision_type=2 2 2 2 2 2 2 2 2 2 2 2 2 2 2 2 2 2 2 2 2 2 2 2 2 2 2 2 2 2
left_child=2 3 6 7 10 11 25 14 16 19 21 18 20 -7 28 -9 -5 -12 -4 29 -10 -3 -8 -11 -15 -1 -19 -14 -2 -6
right_child=1 4 5 8 9 13 22 15 12 23 17 -13 27 24 -16 -17 -18 26 -20 -21 -22 -23 -24 -25 -26 -27 -28 -29 -30 -31
leaf_value=-10.794066902139628 4.9752956971396571 18.986173030027413 -4.8095697380756519 12.751710697804647 25.04334404294854 1.5455087598551993 -8.1713593310997137 10.621235999143181 16.929771986977148 29.882356144337173 22.875154430380874 -0.57089397524548058 19.287177294492722 4.2046806506370302 8.1999606237736842 14.846374727759446 15.250970022279214 21.019457383589312 -2.6428382490626698 28.35554536183675 11.733786897426066 21.273297778809269 -6.4042427280756433 31.766457981801739 8.6717306870680595 -9.6863492168957688 25.755767696529798 23.126271518441136 6.9905306236164 26.987654416474257
leaf_weight=7260 230 291 290 391 151 349 488 426 423 356 447 505 64 219 469 57 221 22 290 207 23 181 254 237 26 395 179 43 148 247
leaf_count=7260 230 291 290 391 151 349 488 426 423 356 447 505 64 219 469 57 221 22 290 207 23 181 254 237 26 395 179 43 148 247
internal_value=-2.30421e-08 18.4021 -8.79011 11.7884 25.5208 -0.45493 -10.4568 8.56811 15.4647 28.7845 22.0298 -2.2576 17.4683 2.83783 7.11298 11.1199 13.6542 23.6079 -3.7262 26.9704 16.6618 19.8632 -7.56644 30.6354 4.67873 -10.7369 25.2374 20.83 5.76433 26.25
internal_weight=14889 4813 10076 2495 2318 1679 8397 1330 1165 1198 1120 1085 553 594 847 483 612 648 580 605 446 472 742 593 245 7655 201 107 378 398
internal_count=14889 4813 10076 2495 2318 1679 8397 1330 1165 1198 1120 1085 553 594 847 483 612 648 580 605 446 472 742 593 245 7655 201 107 378 398
is_linear=0
shrinkage=0.05


Tree=3
num_leaves=31
num_cat=0
split_feature=4 4 4 4 4 4 6 4 1 1 6 1 6 6 4 4 1 6 4 6 4 6 1 4 1 1 6 5 4 0
split_gain=8.69428e+08 8.19193e+07 5.05359e+07 1.33046e+07 7.10063e+06 3.80728e+06 2.36948e+06 2.20165e+06 1.59976e+06 1.21778e+06 1.15011e+06 923092 622179 381047 341247 317803 311412 299906 284846 270233 264682 218822 197589 188649 177146 167705 142766 141564 133741 133485
threshold=325.50000000000006 603.50000000000011 102.50000000000001 781.50000000000011 473.50000000000006 231.50000000000003 699.50000000000011 31.500000000000004 887.50000000000011 586.50000000000011 448.50000000000006 191.50000000000003 309.50000000000006 830.50000000000011 702.50000000000011 405.50000000000006 609.50000000000011 527.50000000000011 690.50000000000011 716.50000000000011 841.50000000000011 154.50000000000003 384.50000000000006 63.500000000000007 926.50000000000011 644.50000000000011 331.50000000000006 93.500000000000014 358.50000000000006 25.350000000000005
decision_type=2 2 2 2 2 2 2 2 2 2 2 2 2 2 2 2 2 2 2 2 2 2 2 2 2 2 2 2 2 2
left_child=2 4 7 6 10 11 18 -1 20 17 15 21 -7 14 -8 22 28 -6 25 27 29 -4 -2 -9 -10 -3 -13 -11 -12 -5
right_child=1 3 5 8 9 12 13 23 24 19 16 26 -14 -15 -16 -17 -18 -19 -20 -21 -22 -23 -24 -25 -26 -27 -28 -29 -30 -31
leaf_value=-10.214398133487446 4.8904949797035586 16.179263182531429 -4.7630782858530685 23.540102349895321 11.190642579235607 1.0617543787305666 20.025905421206623 -8.1222251520356004 28.276530535467742 15.545774468600539 6.3811957677205413 -1.1295697593971858 4.1051039525147139 24.989826498138772 22.365838962779328 8.0711457469822037 14.421264693316292 13.279774930602626 19.679841656003681 19.277973030938043 26.777266330933305 -2.7666348391253019 6.8374901857034152 -6.5571425624277397 30.028729499258645 18.096233334107833 1.7741784978420179 12.434990792615075 9.7219526865298942 25.433298762577518
leaf_weight=7582 271 237 300 146 395 399 246 431 290 283 33 426 290 89 425 226 34 304 140 45 267 253 251 348 287 220 47 42 325 257
leaf_count=7582 271 237 300 146 395 399 246 431 290 283 33 426 290 89 425 226 34 304 140 45 267 253 251 348 287 220 47 42 325 257
internal_value=2.18426e-09 17.482 -8.35061 23.49 10.3996 -0.532112 20.064 -9.95433 27.2183 13.327 7.65452 -2.46266 2.3427 21.9157 21.508 6.50483 9.84831 12.0992 17.7066 15.6466 25.5563 -3.8497 5.82669 -7.42306 29.1481 17.1021 -0.841037 15.1438 9.41401 24.7474
internal_weight=14889 4813 10076 2604 2209 1715 1357 8361 1247 1069 1140 1026 689 760 671 748 392 699 597 370 670 553 522 779 577 457 473 325 358 403
internal_count=14889 4813 10076 2604 2209 1715 1357 8361 1247 1069 1140 1026 689 760 671 748 392 699 597 370 670 553 522 779 577 457 473 325 358 403
is_linear=0
shrinkage=0.05


Tree=4
num_leaves=31
num_cat=0
split_feature=4 4 4 4 4 4 4 6 1 1 6 1 6 4 6 1 4 6 4 6 3 6 5 4 6 4 8 1 4 1
split_gain=7.84659e+08 7.39322e+07 4.56219e+07 1.20074e+07 6.41686e+06 3.11362e+06 2.43195e+06 2.13846e+06 1.54963e+06 1.44702e+06 793372 685638 476561 420920 365744 350420 257074 237715 232074 212987 221256 211385 192800 180235 160982 157279 156727 151791 150697 141990
threshold=325.50000000000006 603.50000000000011 110.50000000000001 781.50000000000011 447.50000000000006 246.50000000000003 37.500000000000007 699.50000000000011 564.50000000000011 883.50000000000011 191.50000000000003 417.50000000000006 331.50000000000006 535.50000000000011 716.50000000000011 761.50000000000011 690.50000000000011 542.50000000000011 841.50000000000011 872.50000000000011 52.500000000000007 84.500000000000014 93.500000000000014 930.50000000000011 10.500000000000002 371.50000000000006 3.5000000000000004 468.50000000000006 156.50000000000003 605.50000000000011
decision_type=2 2 2 2 2 2 2 2 2 2 2 2 2 2 2 2 2 2 2 2 2 2 2 2 2 2 2 2 2 2
left_child=2 4 6 7 11 10 24 16 13 18 28 25 -7 -6 22 -9 26 -13 -5 20 -17 -8 29 -11 -1 -2 -3 -14 -4 -10
right_child=1 3 5 9 8 12 21 15 14 23 -12 17 27 -15 -16 19 -18 -19 -20 -21 -22 -23 -24 -25 -26 -27 -28 -29 -30 -31
leaf_value=-9.7462777592748111 4.7067630217535292 14.960800077976325 -4.1589567021738025 23.465940554655052 10.062860655635063 1.5059779741833266 -7.3167327423965975 19.7933014745376 13.425080220865651 27.06607172477759 -0.65955875585260315 7.8815783898400245 3.9076891213169569 12.680021276226583 18.504567257563274 21.89724716630954 18.6958496429239 11.521080541610718 25.400898985021257 25.772677797259707 16.593469510759629 -5.5459751775668522 11.139862512675199 28.962175661225558 -8.7504638512190009 6.3924162348634326 16.913585185054131 7.6896954597965363 -2.3961707717575735 15.317239536928094
leaf_weight=7225 254 156 285 395 558 379 526 397 215 418 557 327 184 212 48 309 140 52 255 33 21 248 55 179 430 304 301 31 211 184
leaf_count=7225 254 156 285 395 558 379 526 397 215 418 557 327 184 212 48 309 140 52 255 33 21 248 55 179 430 304 301 31 211 184
internal_value=9.00388e-08 16.6079 -7.93308 22.3155 9.87963 -0.321863 -9.42028 19.0608 12.1925 25.8574 -1.95467 6.73979 2.57266 10.7834 14.3539 20.8199 16.8213 8.38093 24.225 21.9427 21.5597 -6.74936 13.9151 27.6346 -9.69034 5.62511 16.247 4.453 -3.40906 14.2977
internal_weight=14889 4813 10076 2604 2209 1647 8429 1357 1272 1247 1053 937 594 770 502 760 597 379 650 363 330 774 454 597 7655 558 457 215 496 399
internal_count=14889 4813 10076 2604 2209 1647 8429 1357 1272 1247 1053 937 594 770 502 760 597 379 650 363 330 774 454 597 7655 558 457 215 496 399
is_linear=0
shrinkage=0.05


Tree=5
num_leaves=31
num_cat=0
split_feature=4 4 4 4 4 6 4 1 1 6 1 4 4 6 4 1 6 6 4 1 4 6 6 4 4 8 5 1 4 0
split_gain=7.08155e+08 6.67606e+07 4.11822e+07 8.42693e+06 8.05549e+06 3.17817e+06 1.79618e+06 1.49116e+06 1.20546e+06 1.19688e+06 1.18954e+06 822491 435884 429885 368137 305786 270173 236870 226659 220647 212228 193513 187527 183270 175485 173914 171825 128722 127248 111889
threshold=325.50000000000006 637.50000000000011 102.50000000000001 495.50000000000006 788.50000000000011 250.50000000000003 28.500000000000004 468.50000000000006 622.50000000000011 724.50000000000011 897.50000000000011 183.50000000000003 401.50000000000006 564.50000000000011 276.50000000000006 761.50000000000011 830.50000000000011 384.50000000000006 841.50000000000011 605.50000000000011 702.50000000000011 154.50000000000003 384.50000000000006 699.50000000000011 59.500000000000007 5.5000000000000009 99.500000000000014 965.50000000000011 554.50000000000011 25.350000000000005
decision_type=2 2 2 2 2 2 2 2 2 2 2 2 2 2 2 2 2 2 2 2 2 2 2 2 2 2 2 2 2 2
left_child=2 3 6 7 9 11 -1 12 13 23 18 21 22 28 -7 26 20 -16 29 -9 25 -4 -2 -3 -8 -11 -10 -12 -5 -6
right_child=1 4 5 8 10 14 24 19 15 16 27 -13 -14 -15 17 -17 -18 -19 -20 -21 -22 -23 -24 -25 -26 -27 -28 -29 -30 -31
leaf_value=-9.2251460248923127 4.3684127687963086 16.28427788290934 -4.4171212156751167 10.57277856485049 21.306951321900346 1.0644862684442902 -7.4589958523021025 9.3923652362411243 15.656473855529658 15.718546182525401 26.187526409982265 -0.70895356300052692 7.5056801408914327 13.472723938978238 2.6416858078014513 19.7198544849049 22.604476788964604 5.772123029045761 24.296370234992935 12.749026425261247 20.370685640311823 -2.548237763591727 6.2336951515331478 18.322099540894293 -5.9912434560868446 19.392581225456077 11.514734210286823 28.443295081886085 12.322393909190437 23.129185408252781
leaf_weight=7545 268 329 289 300 131 344 425 347 237 49 435 489 387 368 247 44 101 80 322 57 410 266 271 166 391 94 28 74 159 236
leaf_count=7545 268 329 289 300 131 344 425 347 237 49 435 489 387 368 247 44 101 80 322 57 410 266 271 166 391 94 28 74 159 236
internal_value=2.19398e-08 15.7775 -7.53642 10.0326 21.8137 -0.478489 -8.98414 7.33129 13.1952 18.8226 24.6824 -2.20408 6.22545 12.1996 2.20633 15.8598 20.2265 3.40754 23.3282 9.86595 19.7922 -3.5214 5.30624 16.9677 -6.7557 18.1336 15.2189 26.5155 11.1789 22.4787
internal_weight=14889 4813 10076 2466 2347 1715 8361 1330 1136 1149 1198 1044 926 827 671 309 654 327 689 404 553 555 539 495 816 143 265 509 459 367
internal_count=14889 4813 10076 2466 2347 1715 8361 1330 1136 1149 1198 1044 926 827 671 309 654 327 689 404 553 555 539 495 816 143 265 509 459 367
is_linear=0
shrinkage=0.05


Tree=6
num_leaves=31
num_cat=0
split_feature=4 4 4 4 4 4 6 6 1 1 1 4 6 4 6 6 4 6 1 6 4 5 4 1 1 6 1 4 1 5
split_gain=6.3911e+08 6.03132e+07 3.71933e+07 9.76266e+06 5.25495e+06 2.36406e+06 2.34252e+06 1.75551e+06 1.25391e+06 1.18597e+06 571699 485228 349338 343780 308529 296780 288840 230859 226142 219946 191145 169139 162621 156689 123531 122722 122111 119737 131311 117501
threshold=325.50000000000006 603.50000000000011 119.50000000000001 781.50000000000011 447.50000000000006 40.500000000000007 250.50000000000003 699.50000000000011 564.50000000000011 883.50000000000011 405.50000000000006 183.50000000000003 331.50000000000006 535.50000000000011 716.50000000000011 879.50000000000011 714.50000000000011 539.50000000000011 672.50000000000011 92.500000000000014 852.50000000000011 93.500000000000014 12.500000000000002 926.50000000000011 648.50000000000011 485.50000000000006 765.50000000000011 276.50000000000006 468.50000000000006 74.500000000000014
decision_type=2 2 2 2 2 2 2 2 2 2 2 2 2 2 2 2 2 2 2 2 2 2 2 2 2 2 2 2 2 2
left_child=2 4 5 7 10 22 11 18 13 20 -2 -4 -8 25 21 16 -9 -12 -3 -7 -5 24 -1 -11 -10 -6 -18 -14 -29 -20
right_child=1 3 6 9 8 19 12 15 14 23 17 -13 27 -15 -16 -17 26 -19 29 -21 -22 -23 -24 -25 -26 -27 -28 28 -30 -31
leaf_value=-8.7948585281445553 4.8152116170965158 14.520154821785273 -2.9774996475783873 21.273602008173754 8.3653475243040081 -6.4398755082077548 1.1925977570811908 17.464900276870846 12.548670311085338 24.167025326144312 6.8794896040440747 -0.67350589308843922 2.1180848851646346 11.451104880278965 16.76107666095098 23.515633749961854 18.502289905864231 10.271070371594346 17.116039021809897 -4.6457519362612469 23.114041447293932 9.9464642203937874 -7.7852422397848562 25.788294084396099 15.081488652154803 9.848970642740877 20.240021463669024 3.7621526335643618 7.7436467578013737 13.495062740032489
leaf_weight=7269 461 409 429 443 287 559 390 318 343 310 419 489 97 212 48 32 181 57 162 246 207 55 422 287 56 271 229 151 24 26
leaf_count=7269 461 409 429 443 287 559 390 318 343 310 419 489 97 212 48 32 181 57 162 246 207 55 422 287 56 271 229 151 24 26
internal_value=-5.2067e-09 14.9886 -7.1596 20.1438 8.91158 -8.46963 -0.115311 17.209 11.0046 23.3375 6.07019 -1.75021 2.15181 9.73709 12.9489 18.8029 18.5958 7.28562 15.1799 -5.89161 21.8597 12.5458 -8.73946 24.9464 12.9042 9.08589 19.4729 3.52716 4.30819 16.6153
internal_weight=14889 4813 10076 2604 2209 8496 1580 1357 1272 1247 937 918 662 770 502 760 728 476 597 805 650 454 7691 597 399 558 410 272 175 188
internal_count=14889 4813 10076 2604 2209 8496 1580 1357 1272 1247 937 918 662 770 502 760 728 476 597 805 650 454 7691 597 399 558 410 272 175 188
is_linear=0
shrinkage=0.05


Tree=7
num_leaves=31
num_cat=0
split_feature=4 4 4 4 4 4 4 1 6 6 1 1 6 1 4 1 4 6 0 6 1 1 4 0 4 1 0 4 1 4
split_gain=5.76824e+08 5.22216e+07 3.61865e+07 6.56109e+06 6.34081e+06 2.45411e+06 2.13435e+06 1.14115e+06 1.11516e+06 1.06585e+06 766379 508855 438692 324673 298830 276174 256998 239458 201594 187375 176704 173460 141025 132300 122182 120984 116775 110066 107399 100685
threshold=335.50000000000006 642.50000000000011 119.50000000000001 495.50000000000006 803.50000000000011 246.50000000000003 43.500000000000007 468.50000000000006 747.50000000000011 626.50000000000011 897.50000000000011 214.50000000000003 361.50000000000006 542.50000000000011 405.50000000000006 772.50000000000011 702.50000000000011 875.50000000000011 19.950000000000003 116.50000000000001 14.500000000000002 605.50000000000011 165.50000000000003 15.850000000000003 878.50000000000011 392.50000000000006 25.350000000000005 580.50000000000011 965.50000000000011 547.50000000000011
decision_type=2 2 2 2 2 2 2 2 2 2 2 2 2 2 2 2 2 2 2 2 2 2 2 2 2 2 2 2 2 2
left_child=2 3 6 7 8 11 20 14 16 13 24 22 23 29 25 27 -3 18 -10 -8 -1 -9 -4 -7 26 -2 -6 -11 -12 -5
right_child=1 4 5 9 10 12 19 21 17 15 28 -13 -14 -15 -16 -17 -18 -19 -20 -21 -22 -23 -24 -25 -26 -27 -28 -29 -30 -31
leaf_value=-8.3535279488514522 4.2844961694248935 14.960198818082397 -3.2010926346778867 9.2210524968971495 19.861918694958717 0.014132297865234981 -5.8434340790005557 8.5597865365247809 15.437142498639165 12.38089061005171 23.668787320752013 -0.096878390063066033 4.5269026028599297 11.849413307507833 6.8498951712581846 18.172428051261015 17.037672164535522 21.958110462535515 18.795050558172651 -3.612516603903337 -7.3206466796457903 11.540910612726421 -1.6755175898095069 2.0484176138916856 22.610350402757742 5.8432971185149114 21.532477027348111 14.542150439808076 25.731716362205717 11.015275075612976
leaf_weight=7295 285 368 300 221 167 101 652 339 49 86 428 380 178 507 360 43 250 55 509 110 439 57 306 383 138 221 280 187 74 121
leaf_count=7295 285 368 300 221 167 101 652 339 49 86 428 380 178 507 360 43 250 55 509 110 439 57 306 383 138 221 280 187 74 121
internal_value=4.36903e-08 14.3895 -6.73089 9.26325 19.7568 0.0497027 -8.04614 6.76546 17.2994 11.969 22.5397 -1.53129 2.40447 11.0464 5.74874 14.448 15.8006 18.8104 18.5002 -5.52139 -8.2949 8.98889 -2.43075 1.62391 21.3099 4.96532 20.9084 13.8613 23.9729 9.85585
internal_weight=14889 4745 10144 2427 2318 1648 8496 1262 1231 1165 1087 986 662 849 866 316 618 613 558 762 7734 396 606 484 585 506 447 273 502 342
internal_count=14889 4745 10144 2427 2318 1648 8496 1262 1231 1165 1087 986 662 849 866 316 618 613 558 762 7734 396 606 484 585 506 447 273 502 342
is_linear=0
shrinkage=0.05


Tree=8
num_leaves=31
num_cat=0
split_feature=4 4 4 4 4 4 6 1 1 6 6 6 6 6 6 1 4 1 0 1 4 4 1 4 8 5 0 4 1 1
split_gain=5.20624e+08 5.01855e+07 2.9251e+07 8.20596e+06 4.29247e+06 2.22647e+06 1.52038e+06 1.32102e+06 963598 959748 529470 522521 449649 277478 248076 217996 216644 206108 169704 167997 157584 156783 146383 138477 109401 105993 104874 97859.1 96839.8 96454.5
threshold=321.50000000000006 598.50000000000011 102.50000000000001 781.50000000000011 447.50000000000006 214.50000000000003 699.50000000000011 25.500000000000004 883.50000000000011 564.50000000000011 291.50000000000006 430.50000000000006 168.50000000000003 716.50000000000011 830.50000000000011 503.50000000000006 702.50000000000011 672.50000000000011 26.450000000000003 375.50000000000006 66.500000000000014 852.50000000000011 609.50000000000011 930.50000000000011 5.5000000000000009 74.500000000000014 24.550000000000004 671.50000000000011 765.50000000000011 468.50000000000006
decision_type=2 2 2 2 2 2 2 2 2 2 2 2 2 2 2 2 2 2 2 2 2 2 2 2 2 2 2 2 2 2
left_child=2 4 7 6 11 12 17 -1 21 15 -7 19 -4 18 16 -6 24 27 -11 -2 -9 26 -13 -10 -8 -19 -5 -3 -18 -12
right_child=1 3 5 8 9 10 14 20 23 13 29 22 -14 -15 -16 -17 28 25 -20 -21 -22 -23 -24 -25 -26 -27 -28 -29 -30 -31
leaf_value=-7.9179345149510061 3.6652110349174061 12.6572419530467 -3.4677451227177034 18.155993680646343 7.9732774871399235 0.3217587945402513 14.120424957685575 -6.3630475956979939 22.019464538085977 9.9871438009598688 2.6339244480834143 6.7471284316380817 -1.1989945544872662 15.222288578748703 19.455773230349081 9.6647833519250579 16.588445058423421 15.491508488538791 12.023428643445561 5.2942584457505335 -4.96039120172843 20.871468308121688 10.805221684773763 23.681468571497742 16.284436620724431 12.055323675962596 19.769026988082462 14.494238981993304 18.098047241937547 5.3704987704753879
leaf_weight=7490 280 342 394 155 411 459 93 559 418 170 305 300 490 48 89 355 215 164 257 364 312 207 24 179 157 26 288 92 210 36
leaf_count=7490 280 342 394 155 411 459 93 559 418 170 305 300 490 48 89 355 215 164 257 364 312 207 24 179 157 26 288 92 210 36
internal_value=1.03699e-07 13.4639 -6.49272 18.1237 7.90555 -0.480657 15.479 -7.70361 21.0675 9.85215 1.43047 5.40995 -2.21018 11.6179 16.9745 8.7572 16.6474 13.6479 11.2127 4.58598 -5.8606 19.7355 7.04773 22.5178 15.4794 15.0213 19.2046 13.0467 17.3344 2.92283
internal_weight=14889 4844 10045 2635 2209 1684 1388 8361 1247 1241 800 968 884 475 764 766 675 624 427 644 871 650 324 597 250 190 443 434 425 341
internal_count=14889 4844 10045 2635 2209 1684 1388 8361 1247 1241 800 968 884 475 764 766 675 624 427 644 871 650 324 597 250 190 443 434 425 341
is_linear=0
shrinkage=0.05


Tree=9
num_leaves=31
num_cat=0
split_feature=4 4 4 4 4 4 4 6 6 6 1 1 6 4 6 8 1 1 5 6 4 0 4 0 4 4 8 1 1 1
split_gain=4.69931e+08 4.08866e+07 3.14444e+07 5.33999e+06 4.79081e+06 2.25548e+06 1.73907e+06 1.00779e+06 837569 788540 627750 423625 396789 284335 241729 206293 198860 181216 218443 178763 173204 161119 157513 145809 124384 111177 112365 107637 96384 93174.3
threshold=344.50000000000006 650.50000000000011 119.50000000000001 495.50000000000006 803.50000000000011 246.50000000000003 40.500000000000007 626.50000000000011 448.50000000000006 747.50000000000011 897.50000000000011 203.50000000000003 346.50000000000006 547.50000000000011 775.50000000000011 4.5000000000000009 809.50000000000011 684.50000000000011 74.500000000000014 609.50000000000011 78.500000000000014 16.850000000000005 419.50000000000006 26.250000000000004 6.5000000000000009 919.50000000000011 5.5000000000000009 291.50000000000006 256.50000000000006 958.50000000000011
decision_type=2 2 2 2 2 2 2 2 2 2 2 2 2 2 2 2 2 2 2 2 2 2 2 2 2 2 2 2 2 2
left_child=2 3 6 8 9 11 24 13 22 17 25 -4 27 23 21 -11 -17 -3 -19 -10 -8 -9 -2 -5 -1 26 -6 -7 -13 -12
right_child=1 4 5 7 10 12 20 14 19 15 29 28 -14 -15 -16 16 -18 18 -20 -21 -22 -23 -24 -25 -26 -27 -28 -29 -30 -31
leaf_value=-7.548912372463751 4.5777741440534596 13.435943825317151 -2.3660829214010954 8.1847998126381967 18.318285658359528 0.75376330422905258 -5.6943411212963069 8.3334223294258134 7.4385257672683895 14.926292118223586 21.289762264686296 -0.79650940646168888 3.8566187968125214 10.781026417174797 16.846314342205343 16.747531773827294 18.906627338384492 15.638908481944691 10.757292313575746 10.582245512008669 -4.2148674242837094 12.965037810452987 6.2446384381539755 10.245086145401002 -6.761933974513302 22.252259037412447 19.742878955119366 2.2902905723452571 0.73302220696365683 22.953096678546657
leaf_weight=7151 475 264 521 233 260 265 455 20 473 101 395 311 259 491 39 352 153 275 25 50 350 307 202 136 540 29 296 200 154 107
leaf_count=7151 475 264 521 233 260 265 455 20 473 101 395 311 259 491 39 352 153 275 25 50 350 307 202 136 540 29 296 200 154 107
internal_value=-1.8147e-07 13.1135 -6.01712 8.60726 17.9573 0.169071 -7.26222 10.9281 6.23616 15.7369 20.3472 -1.38698 2.28822 9.99288 13.1255 16.9891 17.4017 14.3913 15.2321 7.73907 -5.05109 12.6818 5.07513 8.94415 -7.49366 19.2341 19.0767 1.41464 -0.289955 21.6443
internal_weight=14889 4683 10206 2426 2257 1710 8496 1226 1200 1170 1087 986 724 860 366 606 505 564 300 523 805 327 677 369 7691 585 556 465 465 502
internal_count=14889 4683 10206 2426 2257 1710 8496 1226 1200 1170 1087 986 724 860 366 606 505 564 300 523 805 327 677 369 7691 585 556 465 465 502
is_linear=0
shrinkage=0.05


Tree=10
num_leaves=31
num_cat=0
split_feature=4 4 6 4 4 4 6 6 6 1 1 6 6 1 6 4 4 1 0 1 4 4 6 1 1 5 8 4 8 0
split_gain=4.2413e+08 4.26809e+07 2.2008e+07 6.68311e+06 3.8396e+06 1.40941e+06 1.28776e+06 1.23746e+06 788490 785805 515121 411215 251903 231326 220470 201718 171068 169680 162634 158975 154999 154379 152186 88940.5 88425.9 86890 82854.5 82533.5 79822.9 78224.6
threshold=313.50000000000006 598.50000000000011 111.50000000000001 781.50000000000011 447.50000000000006 204.50000000000003 31.500000000000004 699.50000000000011 551.50000000000011 897.50000000000011 414.50000000000006 284.50000000000006 710.50000000000011 195.50000000000003 879.50000000000011 714.50000000000011 841.50000000000011 672.50000000000011 26.450000000000003 503.50000000000006 78.500000000000014 354.50000000000006 542.50000000000011 965.50000000000011 787.50000000000011 74.500000000000014 5.5000000000000009 690.50000000000011 3.5000000000000004 27.150000000000002
decision_type=2 2 2 2 2 2 2 2 2 2 2 2 2 2 2 2 2 2 2 2 2 2 2 2 2 2 2 2 2 2
left_child=2 4 6 7 10 13 -1 17 19 16 21 -7 18 -4 15 26 29 27 -10 -6 -8 -2 -12 -11 -17 -19 -9 28 -3 -5
right_child=1 3 5 9 8 11 20 14 12 23 22 -13 -14 -15 -16 24 -18 25 -20 -21 -22 -23 -24 -25 -26 -27 -28 -29 -30 -31
leaf_value=-7.1374033080655268 2.8646746084971495 10.587902445226284 -2.6551480418750923 16.446909472677444 7.129078728659195 0.10033766734701249 -5.5743559332061237 13.182309349345381 8.9215600900740437 20.256296758103645 5.7599220011516712 2.4240785589757059 13.629068707502805 -0.82913803179368939 19.385769748687746 15.378231649544077 18.840436427193399 13.994098997261467 10.761190363839537 8.6538082054197396 -4.1544917734789442 4.4828715721239147 8.6281415939331065 22.13136934847445 16.952990384866265 10.882933862392719 14.835644729614259 13.645530377901517 12.081379153838219 17.853002438582774
leaf_weight=7564 242 143 485 162 401 486 570 122 211 435 363 313 52 270 32 279 322 164 279 298 290 377 53 74 131 26 200 52 239 254
leaf_count=7564 242 143 485 162 401 486 570 122 211 435 363 313 52 270 32 279 322 164 279 298 290 377 53 74 131 26 200 52 239 254
internal_value=1.1606e-08 12.0288 -5.92039 16.3609 7.01343 -0.453097 -6.92895 13.9742 8.8889 19.0176 4.76467 1.01064 10.3202 -2.00214 15.3234 15.1458 17.9752 12.3222 9.96902 7.77911 -5.09556 3.85023 6.12534 20.5289 15.8814 13.5684 14.2092 11.7767 11.5223 17.3054
internal_weight=14889 4911 9978 2635 2276 1554 8424 1388 1241 1247 1035 799 542 755 764 732 738 624 490 699 860 619 416 509 410 190 322 434 382 416
internal_count=14889 4911 9978 2635 2276 1554 8424 1388 1241 1247 1035 799 542 755 764 732 738 624 490 699 860 619 416 509 410 190 322 434 382 416
is_linear=0
shrinkage=0.05


Tree=11
num_leaves=31
num_cat=0
split_feature=4 4 4 4 4 4 6 6 1 1 1 6 6 4 6 4 6 6 1 5 4 4 4 1 6 4 3 0 1 8
split_gain=3.82782e+08 3.93368e+07 1.90385e+07 6.0315e+06 3.62538e+06 1.43494e+06 1.1168e+06 883335 721003 714488 514520 430613 246233 213307 198974 182050 179788 154338 153136 151453 126086 123215 111667 101576 88995.7 84144.5 83320.3 82787.3 82353.1 78483
threshold=307.50000000000006 598.50000000000011 97.500000000000014 781.50000000000011 447.50000000000006 194.50000000000003 699.50000000000011 25.500000000000004 570.50000000000011 883.50000000000011 405.50000000000006 284.50000000000006 163.50000000000003 521.50000000000011 879.50000000000011 714.50000000000011 716.50000000000011 488.50000000000006 672.50000000000011 96.500000000000014 371.50000000000006 816.50000000000011 919.50000000000011 61.500000000000007 476.50000000000006 251.50000000000003 14.500000000000002 19.350000000000005 765.50000000000011 4.5000000000000009
decision_type=2 2 2 2 2 2 2 2 2 2 2 2 2 2 2 2 2 2 2 2 2 2 2 2 2 2 2 2 2 2
left_child=2 4 7 6 10 12 18 -1 13 21 20 25 -4 24 15 -8 19 -12 -3 -10 -2 29 -11 -9 -6 -7 -21 -19 -17 -5
right_child=1 3 5 9 8 11 14 23 16 22 17 -13 -14 -15 -16 28 -18 27 -20 26 -22 -23 -24 -25 -26 -27 -28 -29 -30 -31
leaf_value=-6.7896780021422032 2.8455335006738705 11.187863782583845 -3.1910946109476366 14.550761078687813 6.1619780192008387 -0.54507688136336707 13.498764268933616 -5.5407131723376741 10.053414956950609 18.760667716132271 5.1258469745393631 2.2572972568040042 -1.3648400176254065 8.6215396568750258 18.416481137275696 14.2902468581226 13.001694770481278 5.8418553443625569 12.889942630215694 8.8464183100947622 4.3517692414104436 17.460377993512509 20.158306784971856 -4.4231234786833395 7.5020180649791204 0.70691206545778451 4.5884978580474849 8.3564042134071475 15.717315352327439 16.573320545133999
leaf_weight=7491 342 434 381 65 221 375 322 491 358 360 363 291 358 287 32 181 46 64 190 27 234 402 237 347 282 209 20 67 229 183
leaf_count=7491 342 434 381 65 221 375 322 491 358 360 363 291 358 287 32 181 46 64 190 27 234 402 237 347 282 209 20 67 229 183
internal_value=5.03061e-08 11.367 -5.65433 15.5429 6.60558 -0.684142 13.2755 -6.61746 8.44446 18.0667 4.47283 0.685959 -2.30639 7.53386 14.5572 14.3885 10.0395 5.65676 11.7061 9.70308 3.45744 16.9197 19.3155 -5.07794 6.91325 -0.0970192 7.03454 7.12792 15.0873 16.0432
internal_weight=14889 4946 9943 2635 2311 1614 1388 8329 1241 1247 1070 875 739 790 764 732 451 494 624 405 576 650 597 838 503 584 47 131 410 248
internal_count=14889 4946 9943 2635 2311 1614 1388 8329 1241 1247 1070 875 739 790 764 732 451 494 624 405 576 650 597 838 503 584 47 131 410 248
is_linear=0
shrinkage=0.05


Tree=12
num_leaves=31
num_cat=0
split_feature=4 4 4 4 4 6 4 6 1 6 1 6 1 4 6 8 6 6 1 0 4 4 0 0 1 8 5 5 6 4
split_gain=3.45497e+08 3.01076e+07 2.31761e+07 3.9445e+06 3.52526e+06 1.51418e+06 1.47953e+06 759356 635651 577143 467753 316845 244115 229864 184627 172828 159789 156502 151602 140825 139027 120711 114312 105376 105214 96304.5 89671.7 77463.7 76058.5 70475.3
threshold=344.50000000000006 650.50000000000011 128.50000000000003 495.50000000000006 803.50000000000011 46.500000000000007 246.50000000000003 631.50000000000011 472.50000000000006 747.50000000000011 904.50000000000011 361.50000000000006 214.50000000000003 547.50000000000011 775.50000000000011 4.5000000000000009 116.50000000000001 427.50000000000006 862.50000000000011 16.850000000000005 702.50000000000011 8.5000000000000018 26.250000000000004 16.050000000000004 605.50000000000011 5.5000000000000009 94.500000000000014 64.500000000000014 564.50000000000011 845.50000000000011
decision_type=2 2 2 2 2 2 2 2 2 2 2 2 2 2 2 2 2 2 2 2 2 2 2 2 2 2 2 2 2 2
left_child=2 3 5 8 9 21 12 13 17 20 25 23 -4 22 19 26 -7 -2 -17 -9 -3 -1 -5 -8 -10 -6 -11 -22 -15 -27
right_child=1 4 6 7 10 16 11 14 24 15 -12 -13 -14 28 -16 18 -18 -19 -20 -21 27 -23 -24 -25 -26 29 -28 -29 -30 -31
leaf_value=-6.4735424816367857 4.0811046207953581 11.644341519531931 -1.7253080646871428 6.9741317076560776 15.911275796014436 -4.503983568229617 -0.035541635918552465 6.8880139446258539 6.703071448909113 13.465338123297389 18.677746724345564 3.5922600166338712 -0.065203325539807386 8.5659778889094564 14.596858895130646 14.657677738902334 -2.7577206747560967 5.533244844377041 17.558208938598636 11.227354613330723 13.484125556945802 -5.7138943306943206 8.7885585453199297 1.6837678715135114 9.0386687178360798 16.414330538447032 9.85595006726005 10.239906594753265 9.8050456926125253 17.854277673622089
leaf_weight=7185 550 314 545 234 294 651 115 20 313 79 453 213 373 214 39 455 164 280 50 287 230 564 138 396 57 167 22 20 294 173
leaf_count=7185 550 314 545 234 294 651 115 20 313 79 453 213 373 214 39 455 164 280 50 287 230 564 138 396 57 167 22 20 294 173
internal_value=-8.02533e-08 11.2441 -5.15934 7.37718 15.4006 -6.20264 0.282109 9.37183 5.33932 13.4959 17.4507 1.97215 -1.05078 8.59156 11.3563 14.5672 -4.15259 4.57098 14.9449 10.9447 12.3448 -6.41825 7.64723 1.29684 7.06288 16.574 12.6791 13.2246 9.28308 17.147
internal_weight=14889 4683 10206 2426 2257 8564 1642 1226 1200 1170 1087 724 918 880 346 606 815 830 505 307 564 7749 372 511 370 634 101 250 508 340
internal_count=14889 4683 10206 2426 2257 8564 1642 1226 1200 1170 1087 724 918 880 346 606 815 830 505 307 564 7749 372 511 370 634 101 250 508 340
is_linear=0
shrinkage=0.05


Tree=13
num_leaves=31
num_cat=0
split_feature=4 4 4 4 4 1 6 4 1 1 1 4 6 6 1 0 1 8 1 6 3 8 4 8 4 6 6 4 1 4
split_gain=3.11854e+08 3.20722e+07 1.55008e+07 4.92862e+06 2.95934e+06 1.17904e+06 812490 738303 720955 588263 426024 354763 214076 200118 184181 188312 162261 134524 205125 130963 118313 113878 103299 102744 92217.3 88323.5 81249 77891.4 75154.4 73779.2
threshold=307.50000000000006 598.50000000000011 97.500000000000014 764.50000000000011 447.50000000000006 234.50000000000003 672.50000000000011 875.50000000000011 23.500000000000004 586.50000000000011 405.50000000000006 156.50000000000003 840.50000000000011 488.50000000000006 747.50000000000011 19.850000000000005 315.50000000000006 4.5000000000000009 743.50000000000011 542.50000000000011 52.500000000000007 5.5000000000000009 371.50000000000006 5.5000000000000009 59.500000000000007 851.50000000000011 211.50000000000003 543.50000000000011 644.50000000000011 246.50000000000003
decision_type=2 2 2 2 2 2 2 2 2 2 2 2 2 2 2 2 2 2 2 2 2 2 2 2 2 2 2 2 2 2
left_child=2 4 8 6 10 11 28 12 -1 13 22 -4 -5 -6 -8 -16 -7 -11 -19 -12 25 -14 -2 -9 -10 -17 -13 -15 -3 -18
right_child=1 3 5 7 9 16 14 23 24 17 19 26 21 27 15 20 29 18 -20 -21 -22 -23 -24 -25 -26 -27 -28 -29 -30 -31
leaf_value=-6.1317722784029316 2.5559093750490431 9.5920556126462397 -2.8348069728896172 14.375060421040793 6.0498454133801642 0.47482096714695071 12.017231108270041 16.640867529110036 -5.0414627316396992 7.6983776012219884 4.8258356279134755 -1.4237882146583587 14.575681453886487 7.1276948419582453 9.3288375577926637 13.769792875853724 0.73119481187600366 9.4952993039161928 14.759180793762207 7.4348955101437042 10.071591649055481 16.488886985778809 3.919265521871738 18.073656311476164 -3.9962339322826717 16.487428052497631 -0.23283131740133284 8.4418739207306803 10.870265946942981 2.7288090922546693
leaf_weight=7457 342 267 404 413 376 402 410 196 514 95 440 330 105 331 25 318 65 248 20 54 20 300 234 346 358 33 253 171 202 160
leaf_count=7457 342 267 404 413 376 402 410 196 514 95 440 330 105 331 25 318 65 248 20 54 20 300 234 346 358 33 253 171 202 160
internal_value=-1.00907e-07 10.2599 -5.10365 14.0306 5.96063 -0.618961 11.7972 16.1243 -5.9727 7.62202 4.03372 -1.69607 15.1761 6.92206 12.76 13.5291 1.07658 9.31505 9.88813 5.11104 13.8122 15.9929 3.10977 17.5555 -4.61234 14.0253 -0.906958 7.57535 10.1426 2.15172
internal_weight=14889 4946 9943 2635 2311 1614 1275 1360 8329 1241 1070 987 818 878 806 396 627 363 268 494 371 405 576 542 872 351 583 502 469 225
internal_count=14889 4946 9943 2635 2311 1614 1275 1360 8329 1241 1070 987 818 878 806 396 627 363 268 494 371 405 576 542 872 351 583 502 469 225
is_linear=0
shrinkage=0.05


Tree=14
num_leaves=31
num_cat=0
split_feature=4 4 6 4 4 4 4 1 6 4 1 1 1 6 8 4 0 5 6 5 4 5 4 4 4 1 0 0 1 0
split_gain=2.81451e+08 2.55295e+07 1.76917e+07 3.23785e+06 3.118e+06 1.30006e+06 944040 589900 552802 535641 417166 267808 248298 242106 187986 167073 148829 125152 107623 106236 100569 99603.9 93138.2 92065.4 88128.5 87271.4 83535.6 83455.7 64851.2 64158.9
threshold=335.50000000000006 642.50000000000011 116.50000000000001 495.50000000000006 800.50000000000011 246.50000000000003 43.500000000000007 472.50000000000006 663.50000000000011 711.50000000000011 904.50000000000011 195.50000000000003 590.50000000000011 366.50000000000006 4.5000000000000009 393.50000000000006 26.750000000000004 37.500000000000007 775.50000000000011 99.500000000000014 148.50000000000003 92.500000000000014 543.50000000000011 6.5000000000000009 858.50000000000011 605.50000000000011 16.050000000000004 26.050000000000004 234.50000000000003 25.350000000000005
decision_type=2 2 2 2 2 2 2 2 2 2 2 2 2 2 2 2 2 2 2 2 2 2 2 2 2 2 2 2 2 2
left_child=2 3 6 7 9 11 23 15 12 16 24 -4 22 26 21 27 -3 -16 -10 -14 -8 -11 -5 -1 29 -9 -7 -2 -13 -6
right_child=1 4 5 8 10 13 20 25 18 14 -12 28 19 -15 17 -17 -18 -19 -20 -21 -22 -23 -24 -25 -26 -27 -28 -29 -30 -31
leaf_value=-5.8448466683847728 2.7224857554103683 10.066834208655614 -1.9652087640137443 6.6266318663115928 13.590349207984076 -0.11535782077733209 -4.0423888014441607 6.0610000999869813 10.228673441198808 12.044754306722133 16.878472003432623 -0.83720223473397315 9.0867260750759851 3.3586325691037233 12.786537440213291 4.6673134602111714 11.74032997384904 14.398928890050016 13.224461416296059 5.4270479020618261 -1.2572394595426672 8.4579357840798135 7.8800941395186079 -5.1898507670698493 15.604978768089891 8.1876241074319474 1.4948326812993844 4.1538151258580829 0.27171694062268126 14.919217995124136
leaf_weight=7151 254 281 496 302 144 102 694 314 158 161 454 302 356 168 275 467 252 214 37 21 34 22 291 580 269 57 383 170 234 246
leaf_count=7151 254 281 496 302 144 102 694 314 158 161 454 302 356 168 275 467 252 214 37 21 34 22 291 580 269 57 383 170 234 246
internal_value=-2.10497e-08 10.0514 -4.70167 6.46715 13.8041 -0.0231408 -5.63362 4.71248 8.36792 12.0417 15.7122 -1.1279 7.87958 1.72282 12.9806 4.01492 10.8581 13.4922 10.7971 8.88287 -3.91231 11.6136 7.24174 -5.79571 14.9088 6.38773 1.15619 3.29637 -0.353085 14.4286
internal_weight=14889 4745 10144 2427 2318 1685 8459 1262 1165 1205 1113 1032 970 653 672 891 533 489 195 377 728 183 593 7731 659 371 485 424 536 390
internal_count=14889 4745 10144 2427 2318 1685 8459 1262 1165 1205 1113 1032 970 653 672 891 533 489 195 377 728 183 593 7731 659 371 485 424 536 390
is_linear=0
shrinkage=0.05


Tree=15
num_leaves=31
num_cat=0
split_feature=4 4 4 4 4 4 6 1 1 4 6 6 6 0 1 6 4 5 1 4 0 1 1 1 8 2 4 8 6 5
split_gain=2.54059e+08 2.6147e+07 1.26333e+07 4.02581e+06 2.41909e+06 974668 671598 665586 609789 586140 301678 247474 173343 166699 160284 154757 135639 132461 136553 130226 96778.3 94613.4 83472.6 78305.2 74249.6 73104.7 70502 72560.6 67176.5 66261
threshold=307.50000000000006 598.50000000000011 97.500000000000014 764.50000000000011 423.50000000000006 194.50000000000003 672.50000000000011 542.50000000000011 883.50000000000011 21.500000000000004 284.50000000000006 380.50000000000006 168.50000000000003 18.250000000000004 622.50000000000011 747.50000000000011 526.50000000000011 99.500000000000014 862.50000000000011 816.50000000000011 17.050000000000004 931.50000000000011 61.500000000000007 772.50000000000011 4.5000000000000009 47.500000000000007 919.50000000000011 5.5000000000000009 430.50000000000006 82.500000000000014
decision_type=2 2 2 2 2 2 2 2 2 2 2 2 2 2 2 2 2 2 2 2 2 2 2 2 2 2 2 2 2 2
left_child=2 4 9 6 11 12 29 16 19 -1 -7 -2 -4 25 -15 -8 20 18 -17 24 -6 -10 -11 -16 -5 -9 27 -21 -13 -3
right_child=1 3 5 8 7 10 15 13 21 22 -12 28 -14 14 23 17 -18 -19 -20 26 -22 -23 -24 -25 -26 -27 -28 -29 -30 -31
leaf_value=-5.5374319159510961 2.3920136341159206 9.2948768602718008 -2.5770466650718626 11.777994518654019 4.3247460853035857 -0.084005859987937845 10.784790169625055 3.8186002995286672 15.220802188323717 -4.5673197941113548 1.8865696036298456 3.5568436536570673 -1.0352647968661894 7.6844628876752941 9.1442203965805877 12.156155476994272 6.9498320673242482 8.9104139393773583 15.777263178144182 13.419295204812613 5.7398057710630965 16.494355548581769 -3.5788326734752327 12.367990424416282 13.375069259283112 6.8675882079384554 16.982566382668235 14.803460096646953 4.7106078193051175 6.8273595250886068
leaf_weight=7425 386 440 412 102 164 584 378 28 354 558 291 284 327 371 131 371 173 29 28 201 459 248 346 22 254 66 22 179 227 29
leaf_count=7425 386 440 412 102 164 584 378 28 354 558 291 284 327 371 131 371 173 29 28 201 459 248 346 22 254 66 22 179 227 29
internal_value=2.18859e-08 9.26054 -4.60652 12.6651 5.37863 -0.557833 10.6467 6.66708 14.5574 -5.39108 0.571351 3.34757 -1.89482 7.89823 8.24604 11.522 5.71124 12.1731 12.4103 13.6139 5.3673 15.7455 -4.18898 9.60777 12.9175 5.95938 14.2306 14.0713 4.06938 9.1423
internal_weight=14889 4946 9943 2635 2311 1614 1275 1414 1360 8329 875 897 739 618 524 806 796 428 399 758 623 602 904 153 356 94 402 380 511 469
internal_count=14889 4946 9943 2635 2311 1614 1275 1414 1360 8329 875 897 739 618 524 806 796 428 399 758 623 602 904 153 356 94 402 380 511 469
is_linear=0
shrinkage=0.05


Tree=16
num_leaves=31
num_cat=0
split_feature=4 4 4 4 4 1 6 1 6 8 4 4 1 8 6 5 3 6 6 0 1 8 4 1 1 6 1 4 0 1
split_gain=2.29323e+08 2.00502e+07 1.54104e+07 3.52144e+06 1.56839e+06 1.00714e+06 996668 669181 532798 312111 251679 194076 183789 137985 131665 130610 140969 127596 120150 123596 106010 105670 196724 188890 99053.3 88235.3 81020.7 66423.2 59989.2 62140.4
threshold=344.50000000000006 682.50000000000011 128.50000000000003 521.50000000000011 816.50000000000011 267.50000000000006 46.500000000000007 472.50000000000006 626.50000000000011 4.5000000000000009 919.50000000000011 194.50000000000003 809.50000000000011 5.5000000000000009 427.50000000000006 74.500000000000014 52.500000000000007 346.50000000000006 689.50000000000011 26.050000000000004 134.50000000000003 4.5000000000000009 590.50000000000011 805.50000000000011 590.50000000000011 291.50000000000006 6.5000000000000009 292.50000000000006 26.650000000000002 694.50000000000011
decision_type=2 2 2 2 2 2 2 2 2 2 2 2 2 2 2 2 2 2 2 2 2 2 2 2 2 2 2 2 2 2
left_child=2 3 6 7 9 11 26 14 24 15 13 -4 -11 -6 -2 -3 -17 -7 19 -9 -8 22 -10 28 -5 -13 -1 -19 -23 -30
right_child=1 4 5 8 10 17 20 18 21 12 -12 25 -14 -15 -16 16 -18 27 -20 -21 -22 23 -24 -25 -26 -27 -28 -29 29 -31
leaf_value=-5.2758608516170726 3.3165929951750188 10.701149244986818 -1.502115314563315 6.8569345353909261 13.036958808205345 1.1477429678339675 -3.6053435256167283 5.1381657934957943 5.1971996796436803 11.627701470202528 15.734945680183793 -0.28745188388491288 13.380015925734256 14.461602584324527 4.5943300145242034 9.994206788763405 4.643106336593628 1.5235853047370913 9.5487722852955699 6.6805862006827148 -1.8746780275118233 8.4869453388101928 9.3401819858286128 14.013103546142577 8.0610486650800368 2.1857293115594447 -4.670948479652405 3.1260833701067936 9.3541444853732454 10.869785837900071
leaf_weight=7149 557 239 473 424 275 368 714 279 39 503 259 479 213 445 316 32 20 100 23 243 101 102 108 25 286 39 600 183 190 105
leaf_count=7149 557 239 473 424 275 368 714 279 39 503 259 479 213 445 316 32 20 100 23 243 101 102 108 25 286 39 600 183 190 105
internal_value=-2.67872e-08 9.16067 -4.20335 6.35319 12.9732 0.233773 -5.05409 4.63731 8.25554 11.5878 14.3983 -0.769875 12.149 13.9175 3.7791 10.207 7.93609 1.7616 6.01202 5.85619 -3.39087 9.3955 8.24102 9.79766 7.34197 -0.101247 -5.22902 2.55983 9.5322 9.89361
internal_weight=14889 4683 10206 2697 1986 1642 8564 1418 1279 1007 979 991 716 720 873 291 52 651 545 522 815 569 147 422 710 518 7749 283 397 295
internal_count=14889 4683 10206 2697 1986 1642 8564 1418 1279 1007 979 991 716 720 873 291 52 651 545 522 815 569 147 422 710 518 7749 283 397 295
is_linear=0
shrinkage=0.05


Tree=17
num_leaves=31
num_cat=0
split_feature=4 4 4 6 4 4 4 6 4 8 4 4 6 1 1 0 4 8 5 3 1 1 6 4 0 0 1 1 6 0
split_gain=2.06989e+08 1.7404e+07 1.48198e+07 2.96369e+06 1.41576e+06 1.01233e+06 906070 518767 480784 295998 225696 215725 182888 176930 174439 132695 131004 127616 118251 127224 98340.9 94552.8 88770.3 85015.8 75196.6 73980.7 64855.8 62506.7 60824.7 57991.3
threshold=354.50000000000006 682.50000000000011 128.50000000000003 531.50000000000011 820.50000000000011 260.50000000000006 47.500000000000007 663.50000000000011 480.50000000000006 4.5000000000000009 554.50000000000011 919.50000000000011 380.50000000000006 256.50000000000006 783.50000000000011 26.050000000000004 405.50000000000006 5.5000000000000009 74.500000000000014 52.500000000000007 666.50000000000011 134.50000000000003 191.50000000000003 10.500000000000002 17.050000000000004 16.050000000000004 847.50000000000011 626.50000000000011 875.50000000000011 24.150000000000002
decision_type=2 2 2 2 2 2 2 2 2 2 2 2 2 2 2 2 2 2 2 2 2 2 2 2 2 2 2 2 2 2
left_child=2 3 6 8 9 13 23 10 16 18 15 17 25 22 -11 -5 29 -6 -3 -20 -12 -8 -4 -1 -18 -7 -9 -10 -16 -2
right_child=1 4 5 7 11 12 21 26 27 14 20 -13 -14 -15 28 -17 24 -19 19 -21 -22 -23 -24 -25 -26 -27 -28 -29 -30 -31
leaf_value=-5.0085535351292547 2.5536105431789577 10.167353985132266 -1.5953559120706917 5.2801608414078753 12.397282051502316 0.095446132164271114 -3.3711054360081336 9.1320427214669202 5.6639797664628242 10.827776003764614 7.6175568119958346 14.948198235080969 3.1063174206145945 0.64372516806309044 12.070719270927961 7.1489438341018996 3.3301719669672778 13.793105864189043 9.4944965451955792 4.4109509277343752 10.324382318390741 -1.7005383533300813 -0.54876994085944675 -4.3711999852606587 4.7307256922777468 1.5851594964282052 11.984903244745164 8.2399381656646735 13.802193438420531 3.7491912071903553
leaf_weight=7235 215 242 377 192 266 105 668 388 406 379 494 259 187 195 301 188 133 426 32 20 36 97 438 564 343 404 21 25 61 192
leaf_count=7235 215 242 377 192 266 105 668 388 406 379 494 259 187 195 301 188 133 426 32 20 36 97 438 564 343 404 21 25 61 192
internal_value=3.39082e-08 8.79066 -3.95366 6.12513 12.3246 0.30189 -4.80139 7.79944 4.44444 11.0449 7.13466 13.7173 1.76912 -0.709192 11.5775 6.20472 3.77624 13.2566 9.70253 7.53929 7.80142 -3.15928 -1.0329 -4.96246 4.33939 1.27785 9.27852 5.8134 12.3625 3.11762
internal_weight=14889 4619 10270 2633 1986 1706 8564 1319 1314 1035 910 951 696 1010 741 380 883 692 294 52 530 765 815 7799 476 509 409 431 362 407
internal_count=14889 4619 10270 2633 1986 1706 8564 1319 1314 1035 910 951 696 1010 741 380 883 692 294 52 530 765 815 7799 476 509 409 431 362 407
is_linear=0
shrinkage=0.05


Tree=18
num_leaves=31
num_cat=0
split_feature=4 4 6 4 4 4 6 6 6 4 6 4 8 6 6 6 0 5 4 1 8 4 1 1 0 1 4 8 1 4
split_gain=1.86813e+08 1.92578e+07 9.31025e+06 2.98079e+06 1.79445e+06 609320 563587 499109 497447 469941 183953 177049 152516 135203 127709 123070 111969 102854 93471 87709.3 85517.9 75716.7 68066.1 67605.6 66819 62016.4 61662.8 59774.4 54991.7 51449.1
threshold=307.50000000000006 598.50000000000011 116.50000000000001 764.50000000000011 423.50000000000006 45.500000000000007 261.50000000000006 672.50000000000011 531.50000000000011 875.50000000000011 384.50000000000006 174.50000000000003 2.5000000000000004 875.50000000000011 868.50000000000011 716.50000000000011 26.750000000000004 96.500000000000014 480.50000000000006 468.50000000000006 9.5000000000000018 934.50000000000011 5.5000000000000009 772.50000000000011 17.050000000000004 648.50000000000011 191.50000000000003 3.5000000000000004 88.500000000000014 535.50000000000011
decision_type=2 2 2 2 2 2 2 2 2 2 2 2 2 2 2 2 2 2 2 2 2 2 2 2 2 2 2 2 2 2
left_child=2 4 5 7 10 22 11 27 18 13 -2 -4 29 -5 16 17 -9 20 24 26 25 -11 -1 -18 -6 -14 -8 -3 -7 -10
right_child=1 3 6 9 8 28 19 14 12 21 -12 -13 15 -15 -16 -17 23 -19 -20 -21 -22 -23 -24 -25 -26 -27 -28 -29 -30 -31
leaf_value=-4.7628949262761866 2.072762629898091 7.1510968153054524 -1.7636962764195196 11.336134030572858 3.1586721573390215 -3.4909709913725409 -0.97349605669335626 8.9322891310688295 2.7499500340333696 13.24364637760889 3.5112825277350588 -0.41320746808294956 6.9818196932868206 12.771732916810965 13.081572863260906 9.3526616130556377 9.8147386345486183 4.3286109924316412 5.365036151178824 3.2141301436857748 5.2774796675233286 14.530110759851409 -4.227249395497247 11.072557189417822 4.6737261455828749 8.9194008122319755 1.0608815100030282 8.2990484725697371 -2.5510936571379843 5.5747290849685669
leaf_weight=7117 406 192 421 591 102 457 41 269 27 378 491 573 404 227 30 49 354 41 383 44 68 164 647 153 254 46 407 277 236 40
leaf_count=7117 406 192 421 591 102 457 41 269 27 378 491 573 404 227 30 49 354 41 383 44 68 164 647 153 254 46 407 277 236 40
internal_value=1.54521e-08 7.94096 -3.95011 10.8628 4.60948 -4.59146 -0.300132 9.12596 5.71918 12.4911 2.86018 -0.985195 6.70046 11.7345 9.88059 6.94995 9.75684 6.73934 4.8229 1.08392 6.93015 13.6329 -4.71826 10.1943 4.23964 7.17988 0.8747 7.8291 -3.1709 4.43639
internal_weight=14889 4946 9943 2635 2311 8457 1486 1275 1414 1360 897 994 675 818 806 608 776 559 739 492 518 542 7764 507 356 450 448 469 693 67
internal_count=14889 4946 9943 2635 2311 8457 1486 1275 1414 1360 897 994 675 818 806 608 776 559 739 492 518 542 7764 507 356 450 448 469 693 67
is_linear=0
shrinkage=0.05


Tree=19
num_leaves=31
num_cat=0
split_feature=4 4 4 6 4 4 1 4 4 8 1 1 1 6 1 6 5 5 3 4 0 0 1 4 6 0 8 1 3 0
split_gain=1.68656e+08 1.42139e+07 1.20739e+07 2.40272e+06 1.1543e+06 829187 732220 421034 389338 249464 185657 170151 147959 142534 139131 137908 143140 109117 114306 87914.8 78323.4 72786.3 72621.7 66834.3 61517.9 58608 53614.1 53425.4 68481.6 51792.1
threshold=354.50000000000006 682.50000000000011 128.50000000000003 531.50000000000011 820.50000000000011 265.50000000000006 49.500000000000007 580.50000000000011 447.50000000000006 4.5000000000000009 909.50000000000011 234.50000000000003 822.50000000000011 384.50000000000006 672.50000000000011 716.50000000000011 96.500000000000014 74.500000000000014 52.500000000000007 526.50000000000011 26.050000000000004 26.050000000000004 134.50000000000003 14.500000000000002 181.50000000000003 16.050000000000004 5.5000000000000009 820.50000000000011 48.500000000000007 17.450000000000003
decision_type=2 2 2 2 2 2 2 2 2 2 2 2 2 2 2 2 2 2 2 2 2 2 2 2 2 2 2 2 2 2
left_child=2 3 6 8 9 11 23 15 21 17 26 24 -11 25 -9 16 20 -3 -19 29 -5 -2 -8 -1 -4 -7 -6 28 -16 -10
right_child=1 4 5 7 10 13 22 14 19 12 -12 -13 -14 -15 27 -17 -18 18 -20 -21 -22 -23 -24 -25 -26 -27 -28 -29 -30 -31
leaf_value=-4.5176686164894591 2.7629333104498417 9.187383661683926 -1.5376622215728277 5.4060896831041294 11.269219857500151 0.14321468242257834 -3.0580220600702916 7.3218561478804736 3.6338890253206877 10.073732938959227 13.206180710315705 0.38479081618232525 11.747249640974887 2.8962726200735851 8.8115005195140839 8.5824810222703594 3.7026420503003261 8.5161382548511035 3.6975989532470708 5.7219111033132144 6.7021541569524139 3.832403194811917 -1.6207530371360666 -3.9080060341661809 -0.61650093509826775 1.5003658736043235 12.257208773688353 11.064371050959048 5.8832563118501149 4.8385183059374492
leaf_weight=7307 415 242 320 210 260 100 677 467 127 569 400 307 172 172 216 49 70 32 20 214 262 258 101 479 418 389 291 23 22 300
leaf_count=7307 415 242 320 210 260 100 677 467 127 569 400 307 172 172 216 49 70 32 20 214 262 258 101 479 418 389 291 23 22 300
internal_value=-2.04964e-08 7.93505 -3.56884 5.52617 11.1287 0.272277 -4.33402 7.03372 4.01288 9.97323 12.3862 -0.60442 10.4622 1.65828 7.8386 6.04225 5.8126 8.74087 6.66285 4.89477 6.12552 3.17292 -2.87144 -4.48016 -1.01592 1.22283 11.791 8.7632 8.54082 4.48023
internal_weight=14889 4619 10270 2633 1986 1706 8564 1319 1314 1035 951 1045 741 661 728 591 542 294 52 641 472 673 778 7786 738 489 551 261 238 427
internal_count=14889 4619 10270 2633 1986 1706 8564 1319 1314 1035 951 1045 741 661 728 591 542 294 52 641 472 673 778 7786 738 489 551 261 238 427
is_linear=0
shrinkage=0.05


Tree=20
num_leaves=31
num_cat=0
split_feature=4 4 4 4 4 4 1 6 4 4 6 6 0 1 6 6 5 4 4 6 4 8 0 2 6 1 5 1 6 5
split_gain=1.52234e+08 1.69257e+07 6.32435e+06 2.44358e+06 1.72655e+06 493742 410615 410473 390295 272657 220880 152631 124199 111844 110213 110069 96542.4 98134.1 82963.6 81695.7 76824.4 69153.1 68418.4 65464.5 60679.2 56761.3 55988.9 72762 49126.8 48835.6
threshold=292.50000000000006 598.50000000000011 89.500000000000014 764.50000000000011 423.50000000000006 174.50000000000003 542.50000000000011 672.50000000000011 875.50000000000011 21.500000000000004 384.50000000000006 280.50000000000006 18.250000000000004 622.50000000000011 875.50000000000011 868.50000000000011 99.500000000000014 702.50000000000011 531.50000000000011 154.50000000000003 664.50000000000011 5.5000000000000009 15.950000000000001 43.500000000000007 783.50000000000011 772.50000000000011 82.500000000000014 680.50000000000011 430.50000000000006 93.500000000000014
decision_type=2 2 2 2 2 2 2 2 2 2 2 2 2 2 2 2 2 2 2 2 2 2 2 2 2 2 2 2 2 2
left_child=2 4 9 7 10 19 18 26 14 -1 -2 -7 23 -14 -5 16 17 -9 22 -4 -18 -10 -6 -8 -19 29 27 -3 -12 -15
right_child=1 3 5 8 6 11 12 15 21 -11 28 -13 13 25 -16 -17 20 24 -20 -21 -22 -23 -24 -25 -26 -27 -28 -29 -30 -31
leaf_value=-4.2858982104677139 1.7356031969426575 6.9635855738791834 -2.2485905068767993 10.229899641815983 2.9714892158321309 -0.33909434951729855 2.0704312384128571 8.3071703833665733 11.569256384275398 -3.3298379269382496 2.7358941709383942 1.1528095100953459 5.9621437854201327 7.6888419144878206 11.526055839303307 11.888282572428386 8.5842070738474536 9.081189299972964 5.4349899196024971 -1.1048553812017574 4.5403194468954338 12.744720239584158 4.3845120224885852 5.1868747330374196 10.446777683391907 9.9187870025634766 4.9281949281692512 8.9721636472963819 3.7080612902679757 5.3635646240464574
leaf_weight=7425 511 389 376 591 102 682 22 331 196 829 273 229 371 102 227 30 24 284 159 267 23 346 535 72 114 22 29 51 248 29
leaf_count=7425 511 389 376 591 102 682 22 331 196 829 273 229 371 102 227 30 24 284 159 267 23 346 535 72 114 22 29 51 248 29
internal_value=8.11027e-09 7.0244 -3.63896 9.80479 4.02917 -0.712828 5.16404 8.23223 11.2791 -4.18988 2.47422 0.0359287 6.13103 6.43125 10.5896 8.91658 8.80169 8.9433 4.41328 -1.77366 6.60528 12.3196 4.15825 4.45749 9.47234 7.56875 7.05615 7.1964 3.19865 7.17409
internal_weight=14889 5081 9808 2635 2446 1554 1414 1275 1360 8254 1032 911 618 524 818 806 776 729 796 643 47 542 637 94 398 153 469 440 521 131
internal_count=14889 5081 9808 2635 2446 1554 1414 1275 1360 8254 1032 911 618 524 818 806 776 729 796 643 47 542 637 94 398 153 469 440 521 131
is_linear=0
shrinkage=0.05


Tree=21
num_leaves=31
num_cat=0
split_feature=4 4 4 6 4 4 4 6 4 8 4 4 6 1 1 8 5 0 0 6 1 4 6 1 5 1 1 0 5 1
split_gain=1.37431e+08 1.15755e+07 9.82105e+06 1.96293e+06 947360 674078 605526 345272 320000 214986 157503 154207 125777 123187 122332 97322.8 95805.2 111888 93765 91557.6 78559.5 62964.2 59587.1 59567.9 54528.5 102151 54227.9 55403.6 64195.2 48258.7
threshold=354.50000000000006 682.50000000000011 128.50000000000003 531.50000000000011 820.50000000000011 260.50000000000006 50.500000000000007 663.50000000000011 480.50000000000006 4.5000000000000009 919.50000000000011 554.50000000000011 361.50000000000006 822.50000000000011 256.50000000000006 5.5000000000000009 74.500000000000014 23.850000000000005 26.050000000000004 439.50000000000006 644.50000000000011 5.5000000000000009 191.50000000000003 134.50000000000003 93.500000000000014 805.50000000000011 472.50000000000006 19.250000000000004 99.500000000000014 626.50000000000011
decision_type=2 2 2 2 2 2 2 2 2 2 2 2 2 2 2 2 2 2 2 2 2 2 2 2 2 2 2 2 2 2
left_child=2 3 6 8 9 14 21 11 19 16 15 18 -7 -11 22 -6 -3 -18 -5 -2 -13 -1 -4 -8 25 -9 27 28 -14 -10
right_child=1 4 5 7 10 12 23 24 29 13 -12 20 26 -15 -16 -17 17 -19 -20 -21 -22 -23 -24 -25 -26 -27 -28 -29 -30 -31
leaf_value=-4.0846782579241045 2.7025930557724491 8.2725559520327359 -1.3123368034114573 4.2634869877249004 10.040181330989178 0.95852533284412778 -2.7065438728773614 7.6128042263725693 4.6068354318294622 9.0976626097841713 12.236017842826698 6.0329384079234742 1.9589756258328757 10.624670689605004 0.54261899188542972 11.2591280314844 7.740608590841294 2.973288073539734 5.8344018198074181 3.7700793635112184 7.4917959253327187 -3.5955548911259094 -0.45487033742263105 -1.3750913661779818 6.3498953585954094 11.298552913665773 4.1084499487751414 2.6444810265803156 -1.3366736162792554 6.8702455997467045
leaf_weight=7115 574 242 377 192 266 460 627 313 406 569 259 411 45 172 195 426 32 20 188 309 119 725 438 97 76 20 38 131 22 25
leaf_count=7115 574 242 377 192 266 460 627 313 406 569 259 411 45 172 195 426 32 20 188 309 119 725 438 97 76 20 38 131 22 25
internal_value=-3.42099e-08 7.16294 -3.22158 4.98909 10.045 0.242698 -3.91168 6.3517 3.62129 8.9982 11.1842 5.80936 1.43997 9.45211 -0.58235 10.7906 7.85416 5.90702 5.04068 3.07615 6.36049 -4.03945 -0.851514 -2.52816 7.55836 7.83417 2.37837 2.04633 0.876822 4.73812
internal_weight=14889 4619 10270 2633 1986 1706 8564 1319 1314 1035 951 910 696 741 1010 692 294 52 380 883 530 7840 815 724 409 333 236 198 67 431
internal_count=14889 4619 10270 2633 1986 1706 8564 1319 1314 1035 951 910 696 741 1010 692 294 52 380 883 530 7840 815 724 409 333 236 198 67 431
is_linear=0
shrinkage=0.05


Tree=22
num_leaves=31
num_cat=0
split_feature=4 4 4 4 4 6 4 1 6 6 4 5 8 8 4 1 1 6 0 0 0 1 6 1 4 0 1 3 6 3
split_gain=1.24032e+08 1.04469e+07 8.8635e+06 1.77858e+06 860000 613898 547724 341339 283012 241264 141289 112815 102194 81163.3 147704 130241 77142.6 74059.7 77235.9 68124.1 67454.6 66728.5 64700.4 61483.6 60348.1 58180.7 58050.2 56899.9 50644.7 50435.5
threshold=354.50000000000006 682.50000000000011 128.50000000000003 521.50000000000011 841.50000000000011 280.50000000000006 52.500000000000007 472.50000000000006 626.50000000000011 783.50000000000011 204.50000000000003 82.500000000000014 5.5000000000000009 4.5000000000000009 590.50000000000011 805.50000000000011 468.50000000000006 689.50000000000011 26.050000000000004 19.950000000000003 19.650000000000002 16.500000000000004 427.50000000000006 765.50000000000011 908.50000000000011 19.250000000000004 622.50000000000011 11.500000000000002 211.50000000000003 27.500000000000004
decision_type=2 2 2 2 2 2 2 2 2 2 2 2 2 2 2 2 2 2 2 2 2 2 2 2 2 2 2 2 2 2
left_child=2 3 6 7 9 10 21 22 25 11 -4 23 -6 14 -10 -15 20 18 29 -11 -7 -1 -2 -3 -14 -5 -27 -18 -8 -9
right_child=1 4 5 8 12 16 28 17 13 19 -12 -13 24 15 -16 -17 27 -19 -20 -21 -22 -23 -24 -25 -26 26 -28 -29 -30 -31
leaf_value=-3.8728887669247571 2.4867573310017819 7.8263121633735402 -1.0371672298140535 4.848317319646104 10.071386146874264 0.57244860827922828 -2.4348051920809128 3.3511035950019443 3.2582735000512537 7.2355271657307938 0.10852615035758091 4.7256632080078127 10.780542175029886 7.0395554540139305 6.8481585425359235 10.760342086791994 1.4774515929045502 7.2274811431117687 4.9767533132568804 9.5763079563033919 1.7063628671262567 -3.3033247980459262 3.4089120848245749 8.9361727030263776 11.888943098184649 5.5304963050644256 7.1519832141582782 4.5724647493073434 -0.18423457237390373 4.8993362514066021
leaf_weight=7337 511 423 566 279 290 206 648 203 39 33 513 25 290 397 108 25 27 23 243 535 361 553 303 177 213 366 65 33 26 71
leaf_count=7337 511 423 566 279 290 206 648 203 39 33 513 25 290 397 108 25 27 23 243 535 361 553 303 177 213 366 65 33 26 71
internal_value=-2.62078e-08 6.80479 -3.0605 4.73963 9.54274 0.230563 -3.7161 3.47662 6.07671 8.69444 -0.492459 8.0166 10.8189 6.90753 5.89574 7.25998 1.47481 4.45131 4.32781 9.44031 1.29439 -3.83297 2.83002 8.15372 11.2499 5.41087 5.77504 3.17971 -2.34799 3.75229
internal_weight=14889 4619 10270 2633 1986 1706 8564 1354 1279 1193 1079 625 793 569 147 422 627 540 517 568 567 7890 814 600 503 710 431 60 674 274
internal_count=14889 4619 10270 2633 1986 1706 8564 1354 1279 1193 1079 625 793 569 147 422 627 540 517 568 567 7890 814 600 503 710 431 60 674 274
is_linear=0
shrinkage=0.05


Tree=23
num_leaves=31
num_cat=0
split_feature=4 4 4 4 4 4 1 6 4 6 6 6 0 4 6 6 1 0 0 2 6 4 5 1 6 1 3 4 5 2
split_gain=1.12002e+08 1.24375e+07 4.64322e+06 1.81499e+06 1.27557e+06 361996 309952 307463 293372 198640 166349 111800 106154 94247.8 88801.9 84931.5 83623.3 80658.2 69730.7 61995.5 60065.5 56581.2 47414.1 57109.9 44037.9 43455.1 60673.3 67642.9 93346.3 39866
threshold=292.50000000000006 598.50000000000011 89.500000000000014 764.50000000000011 423.50000000000006 174.50000000000003 560.50000000000011 672.50000000000011 875.50000000000011 21.500000000000004 384.50000000000006 280.50000000000006 18.250000000000004 535.50000000000011 868.50000000000011 875.50000000000011 772.50000000000011 26.750000000000004 17.450000000000003 47.500000000000007 154.50000000000003 934.50000000000011 82.500000000000014 680.50000000000011 783.50000000000011 516.50000000000011 46.500000000000007 661.50000000000011 43.500000000000007 44.500000000000007
decision_type=2 2 2 2 2 2 2 2 2 2 2 2 2 2 2 2 2 2 2 2 2 2 2 2 2 2 2 2 2 2
left_child=2 4 9 7 10 20 13 22 15 -1 -2 -7 19 18 17 -5 29 25 -6 -8 -4 -10 23 -3 -19 -9 -27 -28 -29 -14
right_child=1 3 5 8 6 11 12 14 21 -11 -12 -13 16 -15 -16 -17 -18 24 -20 -21 -22 -23 -24 -25 -26 26 27 28 -30 -31
leaf_value=-3.6753029581191967 1.4800360467219307 5.9582009022523934 -1.929629820490137 8.7656125764959754 2.8362149147530706 -0.29389767206637213 1.632281732916832 8.872975794474284 10.244802528462083 -2.8592664431605321 2.7497053140699292 0.98295301346994912 4.6282978944159963 4.8543488298567183 10.314764655431112 9.9034344559724108 8.704320961778814 7.6612677907457156 3.9253772481824414 4.6817605333328247 -0.94892484717967496 11.356887633626055 4.0771574579436205 7.7376764596677292 8.7740113598367451 7.1214112833225531 7.6910013931138188 6.2911781616210938 1.7082829999923708 5.8007317119818689
leaf_weight=7425 511 389 376 591 209 682 25 24 378 829 521 229 93 191 30 227 22 392 495 50 267 164 29 51 115 179 21 25 20 329
leaf_count=7425 511 389 376 591 209 682 25 24 378 829 521 229 93 191 30 227 22 392 495 50 267 164 29 51 115 179 21 25 20 329
internal_value=-7.55649e-08 6.02513 -3.1213 8.40855 3.45755 -0.614058 4.43301 7.05326 9.67913 -3.59334 2.12102 0.027067 5.40513 3.86929 7.64555 9.08137 5.69903 7.54236 3.60203 3.66527 -1.5224 10.5813 6.03539 6.16446 7.91367 6.84253 6.64363 5.34782 4.25434 5.54235
internal_weight=14889 5081 9808 2635 2446 1554 1414 1275 1360 8254 1032 911 519 895 806 818 444 776 704 75 643 542 469 440 507 269 245 66 45 422
internal_count=14889 5081 9808 2635 2446 1554 1414 1275 1360 8254 1032 911 519 895 806 818 444 776 704 75 643 542 469 440 507 269 245 66 45 422
is_linear=0
shrinkage=0.05


Tree=24
num_leaves=31
num_cat=0
split_feature=4 4 4 4 1 6 6 4 4 1 1 8 6 1 1 0 6 5 6 0 6 4 5 5 8 4 3 8 1 1
split_gain=1.01082e+08 1.12253e+07 4.19051e+06 1.69244e+06 1.12143e+06 327378 291337 266390 236834 179604 163453 98300.1 94939 88417.7 83951.5 82553.2 81637.3 86573 76733.3 69844.9 68494.2 68079.6 67665.9 69486.3 48920.7 46444.3 91543.2 46313.4 43272.4 43241
threshold=292.50000000000006 594.50000000000011 89.500000000000014 764.50000000000011 468.50000000000006 211.50000000000003 672.50000000000011 885.50000000000011 384.50000000000006 21.500000000000004 605.50000000000011 4.5000000000000009 875.50000000000011 743.50000000000011 153.50000000000003 26.050000000000004 747.50000000000011 99.500000000000014 875.50000000000011 26.150000000000002 303.50000000000006 526.50000000000011 99.500000000000014 81.500000000000014 5.5000000000000009 473.50000000000006 25.500000000000004 3.5000000000000004 234.50000000000003 507.50000000000006
decision_type=2 2 2 2 2 2 2 2 2 2 2 2 2 2 2 2 2 2 2 2 2 2 2 2 2 2 2 2 2 2
left_child=2 4 9 6 8 14 27 12 15 -1 19 -12 -5 -13 -4 -2 -8 18 -18 25 -7 -10 23 -22 -9 26 -6 -3 -16 -21
right_child=1 3 5 7 10 20 16 24 21 -11 11 13 -14 -15 28 -17 17 -19 -20 29 22 -23 -24 -25 -26 -27 -28 -29 -30 -31
leaf_value=-3.4916619215545985 1.149310755094602 5.1301353026162557 -1.7761954861137963 8.3520722087658044 2.0061342870301391 -0.097479167445467224 6.7278155358340683 9.4659278440475472 2.7513906001840902 -2.7161247660453061 4.2135063388130884 5.7803864932527738 9.4660425282906804 9.3154883265495307 -0.92370211523125156 2.350335742910886 7.7686015369395154 5.0984628463613575 10.946307296752931 3.7103175280070064 0.84336156922837968 4.5066929080447213 -0.099067105054855345 3.442320136907624 10.547918077639963 3.9884720005862899 4.6541182327270505 6.1149484108776946 0.88883548511399157 4.9395230600076125
leaf_weight=7424 420 197 406 623 94 536 378 160 585 830 99 153 276 20 386 217 379 29 20 99 69 61 80 41 301 359 50 303 36 258
leaf_count=7424 420 197 406 623 94 536 378 160 585 830 99 153 276 20 386 217 379 29 20 99 69 61 80 41 301 359 50 303 36 258
internal_value=5.42558e-08 5.72388 -2.96523 7.96065 3.25462 -0.583355 6.67509 9.19518 2.24256 -3.41368 4.40169 5.47002 8.69407 6.18907 -1.26291 1.55845 7.26327 7.73617 7.92789 4.06379 0.191671 2.91714 1.00738 1.81206 10.1724 3.68418 2.92557 5.72693 -0.769078 4.59865
internal_weight=14889 5081 9808 2666 2415 1554 1306 1360 1283 8254 1132 272 899 173 828 637 806 428 399 860 726 646 190 110 461 503 144 500 422 357
internal_count=14889 5081 9808 2666 2415 1554 1306 1360 1283 8254 1132 272 899 173 828 637 806 428 399 860 726 646 190 110 461 503 144 500 422 357
is_linear=0
shrinkage=0.05


Tree=25
num_leaves=31
num_cat=0
split_feature=4 4 6 6 4 4 1 6 4 6 1 4 5 1 8 0 0 1 1 0 4 1 5 3 2 2 6 1 2 5
split_gain=9.12344e+07 7.71875e+06 6.51982e+06 1.31445e+06 636017 541002 302979 227047 212766 163948 109911 104211 96548.7 93409.9 88730.4 67789.5 66212.1 64217.2 56422.7 55763.1 48122.1 46553.6 46092.1 44557.9 44419.8 68839.4 44235.1 52135 43852.8 43129.9
threshold=354.50000000000006 682.50000000000011 116.50000000000001 531.50000000000011 837.50000000000011 246.50000000000003 49.500000000000007 663.50000000000011 447.50000000000006 783.50000000000011 371.50000000000006 554.50000000000011 82.500000000000014 214.50000000000003 5.5000000000000009 26.050000000000004 19.950000000000003 666.50000000000011 626.50000000000011 26.050000000000004 950.50000000000011 765.50000000000011 37.500000000000007 31.500000000000004 58.500000000000007 56.500000000000007 640.50000000000011 605.50000000000011 72.500000000000014 93.500000000000014
decision_type=2 2 2 2 2 2 2 2 2 2 2 2 2 2 2 2 2 2 2 2 2 2 2 2 2 2 2 2 2 2
left_child=2 3 6 8 9 13 -1 11 19 12 -7 15 21 -4 24 26 -11 -13 -10 28 -16 -3 23 -18 25 -6 27 -5 -2 -9
right_child=1 4 5 7 14 10 -8 29 18 16 -12 17 -14 -15 20 -17 22 -19 -20 -21 -22 -23 -24 -25 -26 -27 -28 -29 -30 -31
leaf_value=-3.2957424718801449 1.7717153634049305 6.7249715210998833 -1.0298574401414586 3.3314628421432446 8.4408639434585009 0.756395989846817 -2.1899566815344045 6.3998651913560192 3.4972150478178889 5.8252393507188369 2.1418806855561874 5.0407648506917457 3.8390943813323974 -0.052574967279861773 9.4827433324122179 4.7792571889593249 7.8780565172734889 7.228117238150702 5.8751589921804577 2.8980362366105239 10.989228019714355 7.6959598217010496 8.6062112633387251 5.4017021560668947 9.2076948306331907 5.5314415524403255 1.2778790859949023 5.7257127973768451 3.3506402120590213 5.0798103370164576
leaf_weight=7786 365 419 634 144 133 590 673 333 615 31 189 494 25 398 455 188 198 36 26 258 60 175 300 20 146 24 21 27 50 76
leaf_count=7786 365 419 634 144 133 590 673 333 615 31 189 494 25 398 455 188 198 36 26 258 60 175 300 20 146 24 21 27 50 76
internal_value=3.24484e-08 5.83617 -2.62485 4.06102 8.18962 0.0978656 -3.20777 5.17607 2.94174 7.44081 1.09254 4.73628 6.88293 -0.65296 9.25882 4.10437 8.06983 5.18934 3.59367 2.3208 9.65826 7.01104 8.20416 7.65087 8.57991 7.99611 3.44354 3.7095 1.96195 6.15457
internal_weight=14889 4619 10270 2633 1986 1811 8459 1319 1314 1168 779 910 619 1032 818 380 549 530 641 673 515 594 518 218 303 157 192 171 415 409
internal_count=14889 4619 10270 2633 1986 1811 8459 1319 1314 1168 779 910 619 1032 818 380 549 530 641 673 515 594 518 218 303 157 192 171 415 409
is_linear=0
shrinkage=0.05


Tree=26
num_leaves=31
num_cat=0
split_feature=4 4 4 4 1 4 1 4 4 4 1 5 3 5 1 1 6 0 6 6 0 0 1 6 8 6 1 4 3 5
split_gain=8.2369e+07 9.1448e+06 3.41546e+06 1.3847e+06 921139 272857 240831 222901 192173 148719 133579 130075 138624 92771.6 88539.8 86151.5 77497.3 71113.4 61288.6 59760.8 57295.9 56561.8 66729.7 43861.2 38926.9 40695.8 38521 37945.9 57785.8 59784.6
threshold=292.50000000000006 594.50000000000011 89.500000000000014 764.50000000000011 468.50000000000006 174.50000000000003 724.50000000000011 885.50000000000011 384.50000000000006 18.500000000000004 605.50000000000011 87.500000000000014 16.500000000000004 99.500000000000014 801.50000000000011 275.50000000000006 875.50000000000011 26.050000000000004 476.50000000000006 672.50000000000011 26.150000000000002 20.550000000000004 648.50000000000011 154.50000000000003 5.5000000000000009 931.50000000000011 879.50000000000011 535.50000000000011 19.500000000000004 99.500000000000014
decision_type=2 2 2 2 2 2 2 2 2 2 2 2 2 2 2 2 2 2 2 2 2 2 2 2 2 2 2 2 2 2
left_child=2 4 9 6 8 23 19 16 17 -1 20 14 -13 21 -8 -7 26 -2 -10 -3 27 -12 -23 -4 25 -9 -5 28 29 -6
right_child=1 3 5 7 10 15 11 24 18 -11 13 12 -14 -15 -16 -17 -18 -19 -20 -21 -22 22 -24 -25 -26 -27 -28 -29 -30 -31
leaf_value=-3.1545210160074828 1.0250270915157829 5.1114069544968492 -1.6629700585674652 7.4228149978754416 2.8431374850693873 -0.26630067374691907 6.7742723823211355 9.0189188271514649 2.4020109994487799 -2.4640584529198093 3.9022378962972888 6.4864431326729921 1.3478976516496568 3.2617397081284296 8.5003711705622464 0.82747444606985643 8.5415792368460384 2.1397343487783513 3.6751618321563893 6.0161758023339349 4.1568118412287633 5.0845819306373601 7.1621400167071627 -0.82492735003599071 9.5313701186069224 7.1616279391142044 8.9114998756571016 3.912830211530185 3.8537999202166837 0.42213913202285769
leaf_weight=7382 420 476 376 576 170 664 386 121 531 872 46 35 21 63 92 247 276 217 115 296 357 100 63 267 301 39 47 179 124 30
leaf_count=7382 420 476 376 576 170 664 386 121 531 872 46 35 21 63 92 247 276 217 115 296 357 100 63 267 301 39 47 179 124 30
internal_value=1.81714e-08 5.16696 -2.67672 7.18584 2.93824 -0.526364 6.02301 8.30249 2.021 -3.08158 3.97784 6.83939 4.55949 4.94362 7.10649 0.0302553 7.84411 1.40476 2.62866 5.45831 3.67238 5.4506 5.88756 -1.31498 9.19639 8.5662 7.53512 3.32856 3.00577 2.47999
internal_weight=14889 5081 9808 2666 2415 1554 1306 1360 1283 8254 1132 534 56 272 478 911 899 637 646 772 860 209 163 643 461 160 623 503 324 200
internal_count=14889 5081 9808 2666 2415 1554 1306 1360 1283 8254 1132 534 56 272 478 911 899 637 646 772 860 209 163 643 461 160 623 503 324 200
is_linear=0
shrinkage=0.05


Tree=27
num_leaves=31
num_cat=0
split_feature=4 4 4 4 6 4 1 1 1 4 4 5 3 0 1 6 0 4 4 1 8 6 5 4 2 4 5 3 0 2
split_gain=7.4338e+07 8.25453e+06 3.08306e+06 1.29464e+06 795745 265110 231432 204447 173830 119712 117980 114705 127863 88232.5 80508.6 78140.6 75847.8 57996.3 49177.9 48963.1 52788.8 48623.4 47422.9 46806.8 44555.9 43775.7 68086.8 42829.4 42216.6 42111.9
threshold=292.50000000000006 590.50000000000011 85.500000000000014 764.50000000000011 439.50000000000006 178.50000000000003 724.50000000000011 904.50000000000011 527.50000000000011 393.50000000000006 18.500000000000004 87.500000000000014 16.500000000000004 19.250000000000004 795.50000000000011 280.50000000000006 26.050000000000004 671.50000000000011 816.50000000000011 694.50000000000011 4.5000000000000009 154.50000000000003 93.500000000000014 379.50000000000006 34.500000000000007 329.50000000000006 97.500000000000014 43.500000000000007 15.450000000000001 41.500000000000007
decision_type=2 2 2 2 2 2 2 2 2 2 2 2 2 2 2 2 2 2 2 2 2 2 2 2 2 2 2 2 2 2
left_child=2 4 10 6 9 21 17 18 23 16 -1 14 -13 29 27 -7 -2 28 24 22 -21 -4 -15 25 -5 -6 -27 -8 -3 -10
right_child=1 3 5 7 8 15 11 -9 13 -11 -12 12 -14 19 -16 -17 -18 -19 -20 20 -22 -23 -24 -25 -26 26 -28 -29 -30 -31
leaf_value=-2.9967949218460621 0.93659374005737761 3.5206108866997483 -1.5884862151068051 5.2490969108812742 3.4707546689680648 -0.21841702934885712 6.5238864112656119 8.7420587731130208 1.1168519020080567 2.4270786177824779 -2.3694096027554084 6.1898007869720466 1.2805028520879294 4.4509052772795101 7.9205094759575037 0.87092429858039733 2.0407519681250998 5.760048123185963 7.754555971281869 4.1086956596374513 7.1546819657990426 -0.75382144519417582 2.5834997305998932 3.1700628607664059 7.1752195068486815 2.5076978852671963 -1.179637200491769 4.1443405580520638 5.0073243383302737 3.447799232335595
leaf_weight=7382 420 53 419 33 28 654 347 462 23 415 834 36 21 419 113 220 247 269 532 25 33 299 37 558 333 31 21 20 482 123
leaf_count=7382 420 53 419 33 28 654 347 462 23 415 834 36 21 419 113 220 247 269 532 25 33 299 37 558 333 31 21 20 482 123
internal_value=3.84721e-08 4.90861 -2.54289 6.80038 2.76169 -0.529026 5.69798 7.88737 3.59642 1.76033 -2.93311 6.50171 4.38111 4.16531 6.75353 0.0557879 1.34548 5.16116 7.44765 4.47343 5.84176 -1.2409 4.29938 3.0079 7.00155 1.87684 1.01858 6.39421 4.86004 3.0806
internal_weight=14889 5081 9808 2701 2380 1592 1341 1360 1298 1082 8216 537 57 660 480 874 667 804 898 514 58 718 456 638 366 80 52 367 535 146
internal_count=14889 5081 9808 2701 2380 1592 1341 1360 1298 1082 8216 537 57 660 480 874 667 804 898 514 58 718 456 638 366 80 52 367 535 146
is_linear=0
shrinkage=0.05


Tree=28
num_leaves=31
num_cat=0
split_feature=4 4 6 6 6 4 4 6 4 1 1 5 2 4 1 0 1 0 5 1 4 4 5 1 1 8 8 2 5 6
split_gain=6.71016e+07 5.67222e+06 4.79361e+06 974046 476172 381551 250499 171297 165421 137793 89254.2 80688 110375 78358.5 76794.6 70556.4 68325.4 59191.3 56219.1 53786.7 51608.4 43313 42995.6 37246.1 36715.3 36291.8 36370.5 34465.9 54730.4 37496.8
threshold=354.50000000000006 682.50000000000011 122.50000000000001 531.50000000000011 805.50000000000011 246.50000000000003 52.500000000000007 663.50000000000011 480.50000000000006 909.50000000000011 468.50000000000006 73.500000000000014 48.500000000000007 554.50000000000011 827.50000000000011 16.650000000000002 214.50000000000003 15.850000000000003 96.500000000000014 666.50000000000011 405.50000000000006 723.50000000000011 28.500000000000004 761.50000000000011 3.5000000000000004 2.5000000000000004 9.5000000000000018 40.500000000000007 85.500000000000014 710.50000000000011
decision_type=2 2 2 2 2 2 2 2 2 2 2 2 2 2 2 2 2 2 2 2 2 2 2 2 2 2 2 2 2 2
left_child=2 3 6 8 11 16 24 13 17 21 15 14 -13 18 23 -7 -4 -2 25 -15 -19 -6 -17 -3 -1 -5 -27 28 -9 -29
right_child=1 4 5 7 9 10 -8 27 -10 -11 -12 12 -14 19 -16 22 -18 20 -20 -21 -22 -23 -24 -25 -26 26 -28 29 -30 -31
leaf_value=-2.8587375547198643 1.0856008572093512 5.772292108377199 -0.87190442430886861 2.2426116834368024 5.0327147801717125 -0.085481662991625532 -1.7660934938554325 5.1564241715839936 3.3228708899491348 8.4100659294140012 3.0743377374566121 1.2751618134975435 6.2585626449584968 4.3181564525312739 7.8948296077667726 0.47445743087010506 -0.027106286956919263 1.8519843413035355 2.0349559996344828 6.3200030088424688 2.6748912453064193 7.3358526290828827 1.3932129390639245 6.5057049167399503 -2.5124418291973432 4.1933144477169213 2.6738473278410892 4.9532285345587761 2.1632905029115221 6.0175357611690252
leaf_weight=7025 118 421 605 35 21 171 606 56 431 411 46 20 25 494 63 195 396 359 55 36 406 731 367 294 859 243 47 157 21 175
leaf_count=7025 118 421 605 35 21 171 606 56 431 411 46 20 25 494 63 195 396 359 55 36 406 731 367 294 859 243 47 157 21 175
internal_value=-3.33414e-08 5.00513 -2.25109 3.4834 7.0226 0.108087 -2.74571 4.44326 2.51988 7.67389 0.937908 6.10225 4.04372 4.06126 6.22132 0.803835 -0.537699 2.12794 3.51332 4.45413 2.28872 7.27154 1.07443 6.07386 -2.82101 3.7635 3.94706 5.29319 4.34011 5.51423
internal_weight=14889 4619 10270 2633 1986 1780 8490 1319 1314 1163 779 823 45 910 778 733 1001 883 380 530 765 752 562 715 7884 325 290 409 77 332
internal_count=14889 4619 10270 2633 1986 1780 8490 1319 1314 1163 779 823 45 910 778 733 1001 883 380 530 765 752 562 715 7884 325 290 409 77 332
is_linear=0
shrinkage=0.05


Tree=29
num_leaves=31
num_cat=0
split_feature=4 4 4 6 1 4 4 4 1 1 0 0 6 6 5 1 6 0 6 5 5 5 0 6 5 2 8 5 5 3
split_gain=6.05762e+07 6.72595e+06 2.51435e+06 1.0588e+06 653075 272927 244934 136753 121046 94103.5 84610.3 83432.9 72170.2 66516.9 65961.8 73481.1 62919.7 52179.7 51022.3 50017.5 42105.2 46034.5 47834.9 40551.4 38660.6 37749.5 36733.7 35593.2 56903 32623.5
threshold=292.50000000000006 590.50000000000011 78.500000000000014 816.50000000000011 468.50000000000006 699.50000000000011 174.50000000000003 379.50000000000006 909.50000000000011 597.50000000000011 19.350000000000005 26.750000000000004 18.500000000000004 303.50000000000006 74.500000000000014 830.50000000000011 747.50000000000011 26.250000000000004 476.50000000000006 94.500000000000014 96.500000000000014 84.500000000000014 15.950000000000001 154.50000000000003 77.500000000000014 61.500000000000007 9.5000000000000018 99.500000000000014 81.500000000000014 52.500000000000007
decision_type=2 2 2 2 2 2 2 2 2 2 2 2 2 2 2 2 2 2 2 2 2 2 2 2 2 2 2 2 2 2
left_child=2 4 12 5 7 11 23 17 19 20 -11 25 -1 -8 15 -7 -16 29 -9 -5 21 22 -6 -4 -24 -3 -20 28 -15 -2
right_child=1 3 6 8 9 14 13 18 -10 10 -12 -13 -14 27 16 -17 -18 -19 26 -21 -22 -23 24 -25 -26 -27 -28 -29 -30 -31
leaf_value=-2.7052013888860156 0.56485211510028877 3.8957385083363185 -1.4685170841521908 7.0058712214854229 1.6373280538711699 5.9220330022505205 -0.17368888946525105 2.0183672479264358 8.0028910128891333 2.3999091974326543 4.5582890541851517 5.2246071151465427 -2.1967927068201329 0.63560923718023998 2.0115449461340904 7.6457685302285583 5.9776410865783696 1.8435202920856189 3.6210969448170589 4.7706965842499178 2.0405183871108368 5.5364652906145366 3.3532629670530412 -0.70408159387024016 1.4206938778912581 4.9041950898062918 1.3870442245317545 -0.040047502915064495 3.0659375725565732 1.5471080692640196
leaf_weight=7375 286 307 479 670 48 681 745 562 413 56 240 363 771 69 20 68 20 199 92 26 83 21 623 272 27 133 23 60 37 120
leaf_count=7375 286 307 479 670 48 681 745 562 413 56 240 363 771 69 20 68 20 199 92 26 83 21 623 272 27 133 23 60 37 120
internal_value=-2.56111e-08 4.43102 -2.29548 6.13867 2.49306 5.31243 -0.523125 1.72654 7.32477 3.38802 4.14995 4.66349 -2.65708 0.0279864 5.97288 6.07853 3.99459 1.18027 2.21472 6.92237 3.10681 3.2299 3.16051 -1.19165 3.27299 4.20057 3.17429 0.933096 1.48393 0.855174
internal_weight=14889 5081 9808 2701 2380 1592 1662 1282 1109 1098 296 803 8146 911 789 749 40 605 677 696 802 719 698 751 650 440 115 166 106 406
internal_count=14889 5081 9808 2701 2380 1592 1662 1282 1109 1098 296 803 8146 911 789 749 40 605 677 696 802 719 698 751 650 440 115 166 106 406
is_linear=0
shrinkage=0.05


Tree=30
num_leaves=31
num_cat=0
split_feature=4 4 4 4 1 6 6 4 4 5 1 4 6 4 0 6 2 0 0 6 5 5 0 5 1 3 5 4 1 6
split_gain=5.467e+07 6.07455e+06 2.2692e+06 1.04284e+06 521957 221678 198202 161335 118327 70441.5 107466 65484.3 60963.4 60506 56951.5 54116.8 50684.9 48768.2 43155.5 41979.7 52042 61276.2 41384.9 40816.7 40055.3 74356.1 90317.9 37229 36397.2 36001.7
threshold=292.50000000000006 580.50000000000011 78.500000000000014 764.50000000000011 468.50000000000006 211.50000000000003 672.50000000000011 885.50000000000011 371.50000000000006 96.500000000000014 648.50000000000011 16.500000000000004 868.50000000000011 137.50000000000003 26.750000000000004 875.50000000000011 78.500000000000014 20.750000000000004 26.050000000000004 303.50000000000006 99.500000000000014 86.500000000000014 26.150000000000002 85.500000000000014 594.50000000000011 46.500000000000007 51.500000000000007 955.50000000000011 507.50000000000006 716.50000000000011
decision_type=2 2 2 2 2 2 2 2 2 2 2 2 2 2 2 2 2 2 2 2 2 2 2 2 2 2 2 2 2 2
left_child=2 4 11 6 8 13 -3 15 18 10 22 -1 14 -4 24 -5 -10 -12 -2 -7 21 -21 23 -6 -8 -26 -27 -9 -24 -11
right_child=1 3 5 7 9 19 12 27 16 29 17 -13 -14 -15 -16 -17 -18 -19 -20 20 -22 -23 28 -25 25 26 -28 -29 -30 -31
leaf_value=-2.5709453737210115 0.74858974720089388 4.1538637867239867 -1.4205168495171674 6.1177793350495264 2.6962556786930474 -0.070206620612618884 6.2341347164577918 7.3493298685939097 1.9686457380379592 1.8135888693706386 3.2443351888656617 -2.0940482822575963 7.5544332106908163 -0.61455920980930867 5.5696203333243988 6.9588205012722302 4.405471099506725 6.2220758728005672 1.68864751332515 0.84413960160066692 -0.16934465456891945 3.6218445154336787 2.7010937885362276 4.9096773212606264 4.9367725741342126 4.8942090409142631 0.9129880921594028 8.6663088690850056 3.8161514013283808 4.0057156459851697
leaf_weight=7348 359 614 455 623 391 539 36 399 710 126 20 798 30 477 513 276 22 44 185 84 81 26 98 22 183 28 29 62 289 22
leaf_count=7348 359 614 455 623 391 539 36 399 710 126 20 798 30 477 513 276 22 44 185 84 81 26 98 22 183 28 29 62 289 22
internal_value=3.92955e-08 4.20947 -2.1807 5.77422 2.29935 -0.496969 4.833 6.76596 1.6268 3.14735 3.32 -2.52423 5.34215 -1.00803 5.25803 6.37599 2.04188 5.29153 1.06828 0.155503 0.792454 1.50069 3.16228 2.81416 4.67889 4.4456 2.86868 7.52645 3.53379 2.13945
internal_weight=14889 5081 9808 2793 2288 1662 1433 1360 1276 1012 864 8146 819 932 789 899 732 64 544 730 191 110 800 413 276 240 57 461 387 148
internal_count=14889 5081 9808 2793 2288 1662 1433 1360 1276 1012 864 8146 819 932 789 899 732 64 544 730 191 110 800 413 276 240 57 461 387 148
is_linear=0
shrinkage=0.05


Tree=31
num_leaves=31
num_cat=0
split_feature=4 4 6 4 6 4 1 4 1 1 4 3 6 5 0 0 4 6 8 6 1 6 5 2 4 4 5 2 0 0
split_gain=4.93397e+07 5.48228e+06 2.05007e+06 941479 475293 243551 134823 132010 90817 83137.1 81889 79046.3 77183.9 88361.4 61803.1 61283.1 60861.8 49979.2 47805.8 90352.3 43002.6 41293.6 38423.7 33067.5 33689.9 50167.1 52573.1 30200 29895.4 29835.9
threshold=292.50000000000006 580.50000000000011 104.50000000000001 718.50000000000011 439.50000000000006 841.50000000000011 40.500000000000007 194.50000000000003 527.50000000000011 705.50000000000011 428.50000000000006 47.500000000000007 805.50000000000011 74.500000000000014 26.250000000000004 19.250000000000004 934.50000000000011 753.50000000000011 5.5000000000000009 931.50000000000011 753.50000000000011 284.50000000000006 93.500000000000014 71.500000000000014 379.50000000000006 329.50000000000006 92.500000000000014 72.500000000000014 15.65 26.950000000000003
decision_type=2 2 2 2 2 2 2 2 2 2 2 2 2 2 2 2 2 2 2 2 2 2 2 2 2 2 2 2 2 2
left_child=2 4 6 9 10 12 -1 -4 23 17 14 -11 13 -5 27 -10 18 29 19 -7 22 -9 -17 24 25 -6 -27 28 -2 -3
right_child=1 3 7 5 8 16 -8 21 15 11 -12 -13 -14 -15 -16 20 -18 -19 -20 -21 -22 -23 -24 -25 -26 26 -28 -29 -30 -31
leaf_value=-2.4306744716997408 -0.1072833966170804 3.6994811990642336 -0.81259004539997459 5.4016681912275821 3.1889787912368774 6.3717686245974887 -1.7127931661903859 -0.074533007408796939 2.3813360974500779 5.2698875446554645 2.2379093665110914 2.812898328497603 6.1760551322908963 2.2965529481569926 1.7581117430992699 3.6287900384041034 7.7078172440935937 6.4280423845563623 6.9686901837817192 2.9384553954714825 5.3593990121968096 0.77636040948408169 2.1108508072000869 3.4622761051419761 2.4622438596959881 1.8115346028254582 -1.5982676064968109 1.8307230067678859 0.91180084277974816 4.3607463108503435
leaf_weight=7670 89 444 691 505 23 219 715 538 136 284 237 37 408 24 301 369 164 21 389 21 32 194 47 71 491 26 20 70 376 277
leaf_count=7670 89 444 691 505 23 219 715 538 136 284 237 37 408 24 301 369 164 21 389 21 32 194 47 71 491 26 20 70 376 277
internal_value=-4.3636e-08 3.999 -2.07167 5.48551 2.18439 6.2051 -2.36946 -0.316925 2.86161 4.3144 1.41754 4.98668 5.65933 5.26079 1.18497 3.31095 6.84997 4.02357 6.6263 6.07135 3.59316 0.150977 3.45729 2.44574 2.31686 1.28233 0.329012 0.862504 0.71675 3.95353
internal_weight=14889 5081 9808 2793 2288 1730 8385 1423 1215 1063 1073 321 937 529 836 584 793 742 629 240 448 732 416 631 560 69 46 535 465 721
internal_count=14889 5081 9808 2793 2288 1730 8385 1423 1215 1063 1073 321 937 529 836 584 793 742 629 240 448 732 416 631 560 69 46 535 465 721
is_linear=0
shrinkage=0.05


Tree=32
num_leaves=31
num_cat=0
split_feature=4 4 4 4 4 4 4 1 8 0 1 5 1 1 8 6 1 6 2 2 2 6 5 7 4 0 4 2 2 2
split_gain=4.45524e+07 3.77719e+06 3.19089e+06 657748 324646 226645 203354 135174 102349 100999 82609.5 78710.3 75987.9 58863 58521.3 52129.8 48325.5 46045.9 40646 62119.7 40510.5 34755 40404.2 37236.1 34462.4 33622.9 32978.2 32722.5 31495.8 31481.5
threshold=354.50000000000006 682.50000000000011 128.50000000000003 526.50000000000011 837.50000000000011 265.50000000000006 55.500000000000007 472.50000000000006 4.5000000000000009 26.650000000000002 847.50000000000011 37.500000000000007 805.50000000000011 256.50000000000006 5.5000000000000009 384.50000000000006 680.50000000000011 743.50000000000011 58.500000000000007 56.500000000000007 59.500000000000007 710.50000000000011 96.500000000000014 14.500000000000002 771.50000000000011 15.750000000000002 950.50000000000011 51.500000000000007 63.500000000000007 52.500000000000007
decision_type=2 2 2 2 2 2 2 2 2 2 2 2 2 2 2 2 2 2 2 2 2 2 2 2 2 2 2 2 2 2
left_child=2 3 6 7 8 13 -1 29 10 12 24 -10 17 -4 18 25 -11 28 19 -6 -19 22 -9 27 -3 -7 -16 -24 -5 -2
right_child=1 4 5 9 14 15 -8 21 11 16 -12 -13 -14 -15 26 -17 -18 20 -20 -21 -22 -23 23 -25 -26 -27 -28 -29 -30 -31
leaf_value=-2.296808854473126 1.231130147081501 4.2635860157971406 -0.5095161608464126 2.8853385770601818 5.8012440344444798 -0.25959971799798637 -1.3695841209872601 2.7778135566540225 5.0300376507733437 3.8999803339987595 1.4850817290219396 6.0018729936741195 6.0558250904083257 0.41719683601038055 6.6676583900621971 1.6136948405050262 4.9677844901342656 3.4218217134475708 6.5377308806327923 3.0374672333399459 6.4149900293350219 4.6307658618146723 0.91655932182357425 0.12761786343722509 5.366391701698304 0.80124783598130545 7.9147712643941253 3.5481753155037214 3.6880931345231698 1.8931682941676042
leaf_weight=7925 265 199 829 488 133 92 639 470 446 373 22 391 24 216 455 172 148 26 146 24 20 22 21 29 110 397 60 27 163 557
leaf_count=7925 265 199 829 488 133 92 639 470 446 373 22 391 24 216 455 172 148 26 146 24 20 22 21 29 110 397 60 27 163 557
internal_value=-1.54107e-08 4.07835 -1.83426 2.83657 5.72467 0.140383 -2.22762 2.08982 5.18969 3.6729 4.4454 5.48403 3.28961 -0.317966 6.48856 0.865004 4.20331 3.19436 5.93721 5.37876 4.7232 2.68225 2.60388 1.5422 4.65617 0.601661 6.81295 2.39684 3.08634 1.67974
internal_weight=14889 4619 10270 2633 1986 1706 8564 1391 1168 1242 331 837 721 1045 818 661 521 697 303 157 46 569 547 77 309 489 515 48 651 822
internal_count=14889 4619 10270 2633 1986 1706 8564 1391 1168 1242 331 837 721 1045 818 661 521 697 303 157 46 569 547 77 309 489 515 48 651 822
is_linear=0
shrinkage=0.05


Tree=33
num_leaves=31
num_cat=0
split_feature=4 4 4 6 6 4 6 6 4 1 5 0 1 1 8 6 0 1 0 1 3 4 1 4 1 1 5 6 1 2
split_gain=4.02086e+07 3.40891e+06 2.87977e+06 598862 294194 204547 184959 104802 103201 92061.4 56433.1 55708.7 60814.9 53123.9 50257.3 63763.4 49733.8 49463.1 46321 45822.2 36128.2 33600 31776.1 30816.3 46452.4 86462.8 42412.7 34113.2 30302.6 28874.4
threshold=354.50000000000006 682.50000000000011 128.50000000000003 531.50000000000011 805.50000000000011 265.50000000000006 51.500000000000007 663.50000000000011 480.50000000000006 931.50000000000011 82.500000000000014 19.250000000000004 659.50000000000011 256.50000000000006 5.5000000000000009 928.50000000000011 15.850000000000003 472.50000000000006 16.650000000000002 765.50000000000011 4.5000000000000009 405.50000000000006 843.50000000000011 875.50000000000011 858.50000000000011 879.50000000000011 76.500000000000014 855.50000000000011 443.50000000000006 40.500000000000007
decision_type=2 2 2 2 2 2 2 2 2 2 2 2 2 2 2 2 2 2 2 2 2 2 2 2 2 2 2 2 2 2
left_child=2 3 6 8 10 13 -1 11 16 14 19 -5 -13 -4 15 23 28 18 -7 -3 -14 -18 -16 24 26 -26 27 -6 -2 -9
right_child=1 4 5 7 9 17 -8 29 -10 -11 -12 12 20 -15 22 -17 21 -19 -20 -21 -22 -23 -24 -25 25 -27 -28 -29 -30 -31
leaf_value=-2.1878099475742698 1.1001710331310397 4.4686470993889698 -0.48404035356897857 2.4679874975860647 5.4822477831985017 -0.063046768817999588 -1.3618003341728304 3.2398253078584549 2.573483204789754 6.8048496638574907 2.6892396897980664 3.2382135798848126 3.8884721517562868 0.39633699004986772 5.4110038155147011 2.5351341366767883 1.4246468297327795 2.5979932327528257 0.95451552816452345 5.2377349340214456 6.5560859766873456 2.0886343121235007 6.2085916722586401 6.0499014272602327 1.6040610589981079 5.5561600357774772 3.8410326055118014 7.6835248629252124 -0.83299962052932153 4.314492544280478
leaf_weight=7822 92 450 829 226 66 146 742 77 431 248 33 632 30 216 175 21 359 37 478 340 22 406 436 109 25 31 28 24 26 332
leaf_count=7822 92 450 829 226 66 146 742 77 431 248 33 632 30 216 175 21 359 37 478 340 22 406 436 109 25 31 28 24 26 332
internal_value=1.45573e-08 3.87443 -1.74255 2.69474 5.43844 0.133364 -2.11624 3.44737 1.93924 5.95037 4.71503 3.14858 3.37345 -0.302068 5.71877 5.19343 1.62966 0.821754 0.716432 4.79965 5.01708 1.77704 5.98015 5.39068 4.97773 3.79183 5.54052 6.06926 0.674218 4.11217
internal_weight=14889 4619 10270 2633 1986 1706 8564 1319 1314 1163 823 910 684 1045 915 304 883 661 624 790 52 765 611 283 174 56 118 90 118 409
internal_count=14889 4619 10270 2633 1986 1706 8564 1319 1314 1163 823 910 684 1045 915 304 883 661 624 790 52 765 611 283 174 56 118 90 118 409
is_linear=0
shrinkage=0.05


Tree=34
num_leaves=31
num_cat=0
split_feature=4 4 6 6 4 6 1 4 4 8 4 1 5 0 4 2 0 6 0 3 5 3 8 6 5 4 4 0 5 6
split_gain=3.62897e+07 3.01569e+06 2.68911e+06 526787 267990 194017 176448 92885.9 89228.3 86493.7 76154.5 72289.6 68478.8 54912.7 52170.4 51394.4 77950 66957.3 46977.5 45700.9 45679.5 42620.3 36619.8 54146.6 32252.4 30399.3 29748.9 28922.4 48154.5 82295.3
threshold=358.50000000000006 682.50000000000011 138.50000000000003 531.50000000000011 837.50000000000011 331.50000000000006 61.500000000000007 580.50000000000011 480.50000000000006 4.5000000000000009 222.50000000000003 847.50000000000011 37.500000000000007 14.950000000000001 919.50000000000011 50.500000000000007 25.250000000000004 710.50000000000011 15.850000000000003 72.500000000000014 34.500000000000007 12.500000000000002 5.5000000000000009 917.50000000000011 26.500000000000004 3.5000000000000004 771.50000000000011 19.650000000000002 99.500000000000014 427.50000000000006
decision_type=2 2 2 2 2 2 2 2 2 2 2 2 2 2 2 2 2 2 2 2 2 2 2 2 2 2 2 2 2 2
left_child=2 3 6 8 9 10 25 15 18 11 -4 26 -11 -9 22 16 19 -17 -2 21 -15 -5 23 -6 -20 -1 -3 28 29 -7
right_child=1 4 5 7 14 27 -8 13 -10 12 -12 -13 -14 20 -16 17 -18 -19 24 -21 -22 -23 -24 -25 -26 -27 -28 -29 -30 -31
leaf_value=-2.1066011680208012 0.626867434883426 3.8286551700764564 -0.50228447034900559 1.5594124608569677 5.33661843261992 0.36204146751215766 -1.1818342515471982 1.8584227496385575 2.4448090511104072 4.5275765110558996 0.27629756421024249 1.2269956046884711 5.4340495927254571 3.3409805583989876 6.4471833508907599 2.9493833128312961 3.184516752296024 5.4046932442982998 1.3480211186754918 3.2629053688049319 4.1563921852146875 -0.84992588575809236 5.906279446761733 2.6624722250870296 2.0121356151496381 -1.808764229812583 4.8532730123129761 1.3862671230196069 -0.39726961485544843 3.5230774336847768
leaf_weight=7011 116 199 701 45 192 71 601 40 431 446 569 22 391 331 259 373 90 30 336 20 357 31 346 21 401 976 110 269 75 29
leaf_count=7011 116 199 701 45 192 71 601 40 431 446 569 22 391 331 259 373 90 30 336 20 357 31 346 21 401 976 110 269 75 29
internal_value=-9.71334e-09 3.69935 -1.64715 2.57909 5.16652 0.161083 -2.00804 3.28169 1.85844 4.68045 -0.153455 3.99624 4.95103 3.65939 5.86056 2.81486 2.12737 3.13216 1.56215 1.13629 3.76409 0.576656 5.58876 5.07297 1.70936 -2.07021 4.19341 1.06078 0.560451 1.27874
internal_weight=14889 4587 10302 2601 1986 1714 8588 1317 1284 1168 1270 331 837 728 818 589 186 403 853 96 688 76 559 213 737 7987 309 444 175 100
internal_count=14889 4587 10302 2601 1986 1714 8588 1317 1284 1168 1270 331 837 728 818 589 186 403 853 96 688 76 559 213 737 7987 309 444 175 100
is_linear=0
shrinkage=0.05


Tree=35
num_leaves=31
num_cat=0
split_feature=4 4 4 6 6 4 4 1 1 5 4 0 5 0 5 1 1 4 1 4 3 2 0 3 1 2 4 3 2 1
split_gain=3.27576e+07 3.66608e+06 1.36959e+06 634977 322701 166637 140542 76127.9 59689.4 58160.9 57000.7 50978 48226.3 47334.2 46040.5 53015.9 45915.6 43359.4 38612.9 33219.3 44017.4 31160.2 29631.3 29619.6 35661.8 34615.8 30790.2 29133.7 28340.6 26651.2
threshold=292.50000000000006 580.50000000000011 78.500000000000014 816.50000000000011 439.50000000000006 702.50000000000011 178.50000000000003 926.50000000000011 527.50000000000011 94.500000000000014 419.50000000000006 26.750000000000004 96.500000000000014 26.250000000000004 74.500000000000014 830.50000000000011 699.50000000000011 4.5000000000000009 275.50000000000006 405.50000000000006 17.500000000000004 61.500000000000007 16.150000000000002 50.500000000000007 468.50000000000006 71.500000000000014 379.50000000000006 1.0000000180025095e-35 72.500000000000014 168.50000000000003
decision_type=2 2 2 2 2 2 2 2 2 2 2 2 2 2 2 2 2 2 2 2 2 2 2 2 2 2 2 2 2 2
left_child=2 4 17 5 10 11 29 9 23 -5 13 21 16 28 15 -7 22 -1 -8 -14 27 -3 -10 26 25 -25 -6 -21 -2 -4
right_child=1 3 6 7 8 14 18 -9 12 -11 -12 -13 19 -15 -16 -17 -18 -19 -20 20 -22 -23 -24 24 -26 -27 -28 -29 -30 -31
leaf_value=-2.0000492450200014 0.50237107115791479 2.8130738818020729 -1.0491448046985383 5.2386875763365524 0.50734552768143748 4.3590106153787094 -0.1466685797824413 6.0992118054422839 0.89757691532373429 2.9956918186981545 1.775837512729229 3.8122654953022614 3.4730968867029461 1.4454075629194509 2.6882222287558224 5.8254835188388832 4.7989938142740476 -1.6601542979203399 0.5999087805241472 1.082934985558192 -0.091228773253304626 3.6858031333320671 2.8660764786167454 1.708203249563605 3.6377826463942435 3.5400857665322043 1.9035481506895711 3.6330461070651099 1.5976943076752566 -0.40705330854339228
leaf_weight=7064 449 353 561 789 44 658 636 290 20 30 267 424 21 289 37 68 30 1082 238 24 35 144 433 118 51 33 385 21 68 227
leaf_count=7064 449 353 561 789 44 658 636 290 20 30 267 424 21 289 37 68 30 1082 238 24 35 144 433 118 51 33 385 21 68 227
internal_value=5.52261e-09 3.25844 -1.68802 4.47403 1.77454 3.86223 -0.379948 5.40304 2.33256 5.15653 1.14266 3.40952 2.69685 0.932916 4.40868 4.49637 2.90462 -1.9549 0.0566328 1.70323 1.23864 3.06594 2.77917 1.99542 2.49464 2.10855 1.76035 2.27299 0.646437 -0.864177
internal_weight=14889 5081 9808 2793 2288 1684 1662 1109 1215 819 1073 921 584 806 763 726 483 8146 874 101 80 497 453 631 202 151 429 45 517 788
internal_count=14889 5081 9808 2793 2288 1684 1662 1109 1215 819 1073 921 584 806 763 726 483 8146 874 101 80 497 453 631 202 151 429 45 517 788
is_linear=0
shrinkage=0.05


Tree=36
num_leaves=31
num_cat=0
split_feature=4 4 6 6 6 6 1 4 1 6 4 4 5 8 5 0 8 6 1 2 3 3 5 1 1 5 6 0 6 1
split_gain=2.95777e+07 2.35816e+06 2.32222e+06 409981 222804 171120 144022 84731 69882.3 66409.1 65690 46339.6 53836.5 45859.8 45827.4 45126.4 40726.2 58537.6 36643.5 28942.5 33509.9 48818.8 28940.4 28753.4 28175.3 26479.7 66198.2 48290.2 54268 24940.5
threshold=367.50000000000006 682.50000000000011 138.50000000000003 555.50000000000011 805.50000000000011 331.50000000000006 58.500000000000007 480.50000000000006 931.50000000000011 710.50000000000011 222.50000000000003 575.50000000000011 96.500000000000014 9.5000000000000018 82.500000000000014 15.850000000000003 5.5000000000000009 928.50000000000011 761.50000000000011 40.500000000000007 78.500000000000014 38.500000000000007 26.500000000000004 710.50000000000011 443.50000000000006 99.500000000000014 496.50000000000006 19.650000000000002 468.50000000000006 843.50000000000011
decision_type=2 2 2 2 2 2 2 2 2 2 2 2 2 2 2 2 2 2 2 2 2 2 2 2 2 2 2 2 2 2
left_child=2 3 6 7 14 10 -1 15 16 11 -4 12 13 -5 18 24 17 -6 -3 -11 21 -21 -17 -13 -2 26 -7 28 -27 -18
right_child=1 4 5 9 8 25 -8 -9 -10 19 -12 23 -14 -15 -16 22 29 -19 -20 20 -22 -23 -24 -25 -26 27 -28 -29 -30 -31
leaf_value=-1.8709349643159059 1.0173077898066356 3.7980122172610189 -0.45673036809343737 2.8939756647009278 4.6235005782476168 1.0106089388525019 -1.0951578710510337 2.2690023069463634 5.853662543046859 2.6621576983754229 0.26292813556825351 3.0806792788193178 0.88927020405729618 1.0247563220359184 2.2086022954998596 1.2583298178213949 4.638478167499815 1.8874667491231645 4.4816082145533738 4.2588679080403695 5.9167493571405831 1.7999479075272877 1.893589845589768 4.5815862592528847 -0.77059467762708667 0.5748851470947266 3.9664595997333532 1.7427789848775437 -2.1744350399289814 5.3450899315536571
leaf_weight=7943 83 429 701 290 283 358 647 553 248 41 579 519 48 37 33 318 175 21 361 127 23 24 411 34 30 50 20 39 28 436
leaf_count=7943 83 429 701 290 283 358 647 553 248 41 579 519 48 37 33 318 175 21 361 127 23 24 411 34 30 50 20 39 28 436
internal_value=1.1789e-08 3.37321 -1.4723 2.3634 4.66369 0.174097 -1.8125 1.78817 5.10919 3.06545 -0.131197 2.882 2.45294 2.68247 4.03413 1.47237 4.90741 4.4345 4.11039 3.85725 4.13885 3.86805 1.61648 3.17296 0.542643 0.963547 1.167 0.306226 -0.41205 5.14271
internal_weight=14889 4524 10365 2538 1986 1775 8590 1395 1163 1143 1280 928 375 327 823 842 915 304 790 215 174 151 729 553 113 495 378 117 78 611
internal_count=14889 4524 10365 2538 1986 1775 8590 1395 1163 1143 1280 928 375 327 823 842 915 304 790 215 174 151 729 553 113 495 378 117 78 611
is_linear=0
shrinkage=0.05


Tree=37
num_leaves=31
num_cat=0
split_feature=4 6 4 6 4 4 1 6 4 6 3 1 0 4 4 5 8 1 0 2 5 1 5 8 1 8 6 5 3 3
split_gain=2.66962e+07 2.16556e+06 2.07723e+06 394066 168993 158285 130551 82945.2 74441.8 48923.5 46739.8 97795.6 43788.7 41816.4 40162 46103 43950.8 37568.5 36027.8 37326.9 35258.2 33766.3 29780 29172.4 32894.9 27573 79019.5 27098.3 43652.4 30686.7
threshold=371.50000000000006 138.50000000000003 699.50000000000011 555.50000000000011 841.50000000000011 268.50000000000006 54.500000000000007 739.50000000000011 480.50000000000006 805.50000000000011 46.500000000000007 689.50000000000011 14.950000000000001 934.50000000000011 580.50000000000011 96.500000000000014 9.5000000000000018 234.50000000000003 25.550000000000004 51.500000000000007 74.500000000000014 371.50000000000006 94.500000000000014 4.5000000000000009 346.50000000000006 5.5000000000000009 931.50000000000011 37.500000000000007 27.500000000000004 45.500000000000007
decision_type=2 2 2 2 2 2 2 2 2 2 2 2 2 2 2 2 2 2 2 2 2 2 2 2 2 2 2 2 2 2
left_child=1 6 3 8 9 17 -1 12 18 20 -9 -12 -5 25 15 16 -14 -3 19 -2 -4 -7 27 -19 -25 26 -6 28 -11 -29
right_child=2 5 4 7 13 21 -8 10 -10 22 11 -13 14 -15 -16 -17 -18 23 -20 -21 -22 -23 -24 24 -26 -27 -28 29 -30 -31
leaf_value=-1.7811038573235578 0.50773926067661923 -0.4221164909304238 3.9038483888487665 1.3195811772833066 4.7247692467415172 0.4960165880380622 -1.0803487000355789 4.3459272384643555 2.1709488849686358 4.4145137999555191 5.2844733166694642 0.77070660988489792 2.8791091475842054 5.7617488757866191 3.1076055293093043 1.131877712905407 1.0971821048320869 -0.43029813792998511 1.8384718838770677 1.446477054729838 2.250160818240222 1.2046744983027302 2.7174222373149615 0.31505856577034408 2.1421326977866038 5.1253119093286967 1.5139861719948906 4.7204271785950551 1.9161801290512086 6.3830939531326294
leaf_weight=7864 154 710 620 49 219 497 726 147 558 139 20 30 307 164 605 56 39 118 314 339 34 254 22 205 28 389 21 209 20 32
leaf_count=7864 154 710 620 49 219 497 726 147 558 139 20 30 307 164 605 56 39 118 314 339 34 254 22 205 28 389 21 209 20 32
internal_value=-2.22315e-08 -1.39053 3.22361 2.31463 4.49686 0.180241 -1.72188 2.9549 1.7269 4.0887 3.89676 2.57621 2.77919 5.05068 2.85021 2.46284 2.67826 -0.212923 1.41986 1.15324 3.81788 0.735696 4.50842 0.210232 0.534621 4.86529 4.44383 4.60692 4.10026 4.9412
internal_weight=14889 10402 4487 2618 1869 1812 8590 1253 1365 1076 197 50 1056 793 1007 402 346 1061 807 493 654 751 422 351 233 629 240 400 159 241
internal_count=14889 10402 4487 2618 1869 1812 8590 1253 1365 1076 197 50 1056 793 1007 402 346 1061 807 493 654 751 422 351 233 629 240 400 159 241
is_linear=0
shrinkage=0.05


Tree=38
num_leaves=31
num_cat=0
split_feature=4 4 1 4 6 6 4 1 4 2 6 8 8 4 5 6 0 6 2 1 5 2 6 6 1 3 2 8 6 4
split_gain=2.40936e+07 2.6952e+06 1.01137e+06 471186 245001 94299.1 83046 72539.3 62216.2 51364.7 56099 47727.9 49684 43829.6 42507.8 48580.9 41694.2 41614 40631.9 66969.3 46654.1 51797.6 39108.8 34734 33268.8 62332.7 30838.2 29142.4 30416.7 28495.6
threshold=292.50000000000006 580.50000000000011 99.500000000000014 764.50000000000011 439.50000000000006 747.50000000000011 885.50000000000011 234.50000000000003 24.500000000000004 49.500000000000007 710.50000000000011 10.500000000000002 4.5000000000000009 428.50000000000006 99.500000000000014 875.50000000000011 23.650000000000002 622.50000000000011 48.500000000000007 765.50000000000011 58.500000000000007 38.500000000000007 631.50000000000011 914.50000000000011 672.50000000000011 43.500000000000007 72.500000000000014 4.5000000000000009 408.50000000000006 165.50000000000003
decision_type=2 2 2 2 2 2 2 2 2 2 2 2 2 2 2 2 2 2 2 2 2 2 2 2 2 2 2 2 2 2
left_child=2 4 8 5 13 18 23 29 -1 11 -11 12 22 16 15 24 26 -14 20 -20 -3 -22 -6 -5 -7 -26 -2 -9 -29 -4
right_child=1 3 7 6 9 14 -8 27 -10 10 -12 -13 17 -15 -16 -17 -18 -19 19 -21 21 -23 -24 -25 25 -27 -28 28 -30 -31
leaf_value=-1.7066018786168247 0.31287478091569654 2.7307666298205202 -0.77789693115398328 4.116154755312361 1.44058756685454 5.8153052425384528 5.0490221495095673 -0.25696183944550843 -1.2600825864428187 2.1378798147185933 4.2403393235170483 -0.33652804493904115 1.9860184626145796 1.57178224259791 1.9737848002335121 6.3580953025817877 1.1929602282961209 4.4103326511383063 3.0629994451971183 5.7522312521934511 -0.35173240218843738 2.9332584063212082 -0.52496851831674574 5.122469315802058 3.9176899679813042 1.5378230476379395 1.4661004847244306 0.40293917989930012 2.3284005392681468 -0.23041363272294402
leaf_weight=7477 393 275 453 803 121 20 461 182 871 823 33 32 154 237 29 20 375 20 654 24 28 21 32 96 332 30 68 303 22 500
leaf_count=7477 393 275 453 803 121 20 461 182 871 823 33 32 154 237 29 20 375 20 654 24 28 21 32 96 332 30 68 303 22 500
internal_value=6.95459e-09 2.7945 -1.44768 3.83677 1.52217 3.2041 4.5034 -0.233593 -1.66001 2.0084 2.21893 1.5064 1.68674 0.9716 3.82254 3.95591 0.801453 2.26468 2.93809 3.15819 2.4775 1.05612 1.02949 4.22361 3.83014 3.72046 0.482982 0.249602 0.533278 -0.490655
internal_weight=14889 5081 9808 2793 2288 1433 1360 1460 8348 1215 856 359 327 1073 431 402 836 174 1002 678 324 49 153 899 382 362 461 507 325 953
internal_count=14889 5081 9808 2793 2288 1433 1360 1460 8348 1215 856 359 327 1073 431 402 836 174 1002 678 324 49 153 899 382 362 461 507 325 953
is_linear=0
shrinkage=0.05


Tree=39
num_leaves=31
num_cat=0
split_feature=4 4 4 6 4 4 4 6 4 8 5 5 1 3 3 6 0 1 2 6 0 0 4 5 8 5 8 6 5 1
split_gain=2.17632e+07 1.76489e+06 1.69276e+06 324908 138524 131698 101574 68246 61426.6 46174.7 50581.8 46781.9 47394.5 40230.2 86736.7 38403.1 38333.7 32860.5 32769.3 47905.4 32447.8 31756.6 31113.4 40652.1 38522.1 29304.2 27877.8 113232 25070.7 25031.2
threshold=371.50000000000006 128.50000000000003 699.50000000000011 555.50000000000011 837.50000000000011 268.50000000000006 59.500000000000007 739.50000000000011 480.50000000000006 4.5000000000000009 37.500000000000007 74.500000000000014 783.50000000000011 46.500000000000007 87.500000000000014 948.50000000000011 14.950000000000001 256.50000000000006 36.500000000000007 439.50000000000006 15.850000000000003 16.050000000000004 580.50000000000011 96.500000000000014 9.5000000000000018 28.500000000000004 5.5000000000000009 931.50000000000011 58.500000000000007 605.50000000000011
decision_type=2 2 2 2 2 2 2 2 2 2 2 2 2 2 2 2 2 2 2 2 2 2 2 2 2 2 2 2 2 2
left_child=1 6 3 8 9 17 -1 16 20 11 -11 28 -13 -9 -15 26 -5 -3 -19 -20 -2 -7 23 24 -18 -23 27 -6 -4 -10
right_child=2 5 4 7 15 21 -8 13 29 10 -12 12 -14 14 -16 -17 22 18 19 -21 -22 25 -24 -25 -26 -27 -28 -29 -30 -31
leaf_value=-1.6042338436662478 0.46650610261849157 -0.35372198382250836 3.2558624722230598 1.1463447643786062 4.3216870966634549 -0.041687558723820579 -0.92647269276293742 3.9424496199606227 1.8569752575223353 3.5159295360105376 4.3343143563011646 3.357489867437454 0.072100752332936155 -0.14664502597990489 4.0727276243012529 5.3288951545050658 2.6278326768173264 -1.6291417971253397 0.23958511300684521 2.6983704344792798 1.4013921879186695 0.27767577938815602 2.8050145535503539 0.98770726297350075 0.95958216587702427 1.0262571849165993 4.6639137579662968 0.73111192385355639 5.0629803521292551 3.0513004670540496
leaf_weight=7970 107 836 223 49 258 135 594 147 510 420 343 21 23 21 29 132 307 20 199 22 700 186 605 56 39 440 404 24 21 48
leaf_count=7970 107 836 223 49 258 135 594 147 510 420 343 21 23 21 29 132 307 20 199 22 700 186 605 56 39 440 404 24 21 48
internal_value=-3.34077e-08 -1.2555 2.91057 2.09002 4.05997 0.150337 -1.55722 2.67139 1.55634 3.68021 3.88383 3.14078 1.64013 3.52573 2.30059 4.54789 2.51201 -0.205434 0.308957 0.484351 1.27744 0.653841 2.57846 2.23751 2.43979 0.803835 4.39761 4.01611 3.41139 1.95971
internal_weight=14889 10402 4487 2618 1869 1838 8564 1253 1365 1051 763 288 44 197 50 818 1056 1077 241 221 807 761 1007 402 346 626 686 282 244 558
internal_count=14889 10402 4487 2618 1869 1838 8564 1253 1365 1051 763 288 44 197 50 818 1056 1077 241 221 807 761 1007 402 346 626 686 282 244 558
is_linear=0
shrinkage=0.05


Tree=40
num_leaves=31
num_cat=0
split_feature=4 6 4 6 4 4 6 6 4 6 3 1 0 0 6 5 5 4 5 8 0 2 3 0 4 0 6 2 4 3
split_gain=1.96413e+07 1.59389e+06 1.52877e+06 300206 134006 122605 76188.8 58233.6 55858.4 52248.6 39827.4 87935.2 36849.8 35181.8 33460.4 31888.3 30047 29705.4 36688.5 34766.2 29513.2 32276 27292 29147.7 26800.3 26711.9 34130.6 52917.8 25555.3 24778.6
threshold=371.50000000000006 122.50000000000001 702.50000000000011 555.50000000000011 260.50000000000006 875.50000000000011 34.500000000000007 739.50000000000011 480.50000000000006 805.50000000000011 46.500000000000007 689.50000000000011 16.050000000000004 14.950000000000001 417.50000000000006 28.500000000000004 74.500000000000014 580.50000000000011 96.500000000000014 9.5000000000000018 25.550000000000004 51.500000000000007 27.500000000000004 20.350000000000005 955.50000000000011 24.650000000000002 862.50000000000011 60.500000000000007 197.50000000000003 69.500000000000014
decision_type=2 2 2 2 2 2 2 2 2 2 2 2 2 2 2 2 2 2 2 2 2 2 2 2 2 2 2 2 2 2
left_child=1 6 3 8 14 9 -1 13 20 16 -9 -12 -6 -5 28 -14 -4 18 19 29 21 -2 23 -17 -7 26 -11 -28 -3 -15
right_child=2 4 5 7 12 24 -8 10 -10 25 11 -13 15 17 -16 22 -18 -19 -20 -21 -22 -23 -24 -25 -26 -27 27 -29 -30 -31
leaf_value=-1.5376671920875011 0.37200796298876215 -0.51219699623510617 3.3708764231052641 1.089027541510913 -0.12652227044462749 4.3763811436792217 -1.0492012820052319 3.7145064208007628 1.8634959213648525 3.9105618834495548 4.6885283470153807 0.43606529466567506 0.24136983957668803 2.3405500796861456 1.2470833483669495 -0.076153060516645749 1.8000757679343224 2.6772905557459872 0.93832194576306005 0.9116030853528243 1.5924428187927624 1.244925897735498 1.5101141368411481 1.0108526446813837 5.4810259542157578 4.087871797024742 0.25958783626556398 3.652893555605853 -0.012933446835122512 3.7908085786935057
leaf_weight=7599 154 612 626 49 146 480 892 155 560 79 20 31 212 274 36 86 32 621 56 39 314 339 160 218 62 516 20 27 441 33
leaf_count=7599 154 612 626 49 146 480 892 155 560 79 20 31 212 274 36 86 32 621 56 39 314 339 160 218 62 516 20 27 441 33
internal_value=-1.23228e-08 -1.19273 2.76505 1.99486 0.11191 3.87098 -1.48635 2.54578 1.47981 3.60759 3.31571 2.1037 0.593836 2.39782 -0.251858 0.749416 3.29448 2.46051 2.12564 2.3178 1.21356 0.97225 0.981541 0.703344 4.50274 3.9285 3.27583 2.20893 -0.303104 2.49644
internal_weight=14889 10402 4487 2645 1911 1842 8491 1278 1367 1300 206 51 822 1072 1089 676 658 1023 402 346 807 493 464 304 542 642 126 47 1053 307
internal_count=14889 10402 4487 2645 1911 1842 8491 1278 1367 1300 206 51 822 1072 1089 676 658 1023 402 346 807 493 464 304 542 642 126 47 1053 307
is_linear=0
shrinkage=0.05


Tree=41
num_leaves=31
num_cat=0
split_feature=4 4 4 6 4 6 4 6 4 8 5 0 1 6 4 6 0 0 8 1 6 2 3 1 6 2 1 1 0 0
split_gain=1.77273e+07 1.41227e+06 1.39435e+06 284122 110651 105291 83292 56423.7 49825.8 47417.9 48320.1 46822 63755.8 51735.3 42173.7 35271.8 31708.8 31509.9 31018.7 46406.8 29666.2 36005.2 28460.6 28274.6 28011.8 28105.6 54641 34160.2 30763.3 29273.5
threshold=367.50000000000006 702.50000000000011 128.50000000000003 539.50000000000011 875.50000000000011 331.50000000000006 59.500000000000007 663.50000000000011 480.50000000000006 4.5000000000000009 37.500000000000007 24.150000000000002 827.50000000000011 775.50000000000011 222.50000000000003 834.50000000000011 19.750000000000004 15.850000000000003 4.5000000000000009 663.50000000000011 640.50000000000011 49.500000000000007 61.500000000000007 443.50000000000006 805.50000000000011 40.500000000000007 739.50000000000011 756.50000000000011 17.650000000000002 26.750000000000004
decision_type=2 2 2 2 2 2 2 2 2 2 2 2 2 2 2 2 2 2 2 2 2 2 2 2 2 2 2 2 2 2
left_child=2 3 6 8 9 14 -1 18 17 11 -11 16 13 -13 -4 24 -3 23 20 -20 -5 -22 -12 -2 25 26 -9 28 -27 -30
right_child=1 4 5 7 -6 -7 -8 15 -10 10 22 12 -14 -15 -16 -17 -18 -19 19 -21 21 -23 -24 -25 -26 27 -28 -29 29 -31
leaf_value=-1.4483295272524415 0.78515894020941246 2.733202477207739 -0.3659937953497101 1.9049661962817812 4.2776056020682152 0.75630988008024536 -0.83458508646698926 2.6686145330468816 1.7484578878995602 3.3025229380938459 3.9005534630506595 1.4064336184797617 -0.37752358913421635 4.6218589782714847 0.20180386574258194 4.5125632592609959 3.8277799548689 1.2286020611701027 2.2194000889862053 4.0478249781840558 -1.0654758214950562 1.9347422301769257 5.4767646789550781 -1.0522763169237546 0.90139721859069111 4.1308571432004957 -0.34913841009140018 3.8864564041038614 1.8307292688948413 2.9088032496105782
leaf_weight=7970 83 146 716 241 542 483 594 60 477 552 376 29 23 22 602 28 121 698 559 37 20 20 31 28 21 34 20 77 96 183
leaf_count=7970 83 146 716 241 542 483 594 60 477 552 376 29 23 22 602 28 121 698 559 37 20 20 31 28 21 34 20 77 96 183
internal_value=1.40073e-08 2.61145 -1.13982 1.87933 3.67744 0.124782 -1.40576 2.37327 1.34314 3.42721 3.60728 2.9208 1.8079 2.79348 -0.106651 2.78648 3.22925 1.10416 2.12873 2.33291 1.69567 0.434633 4.02061 0.321662 2.68805 2.76788 1.91418 2.94299 2.7109 2.53785
internal_weight=14889 4524 10365 2682 1842 1801 8564 1396 1286 1300 959 341 74 51 1318 519 267 809 877 596 281 40 407 111 491 470 80 390 313 279
internal_count=14889 4524 10365 2682 1842 1801 8564 1396 1286 1300 959 341 74 51 1318 519 267 809 877 596 281 40 407 111 491 470 80 390 313 279
is_linear=0
shrinkage=0.05


Tree=42
num_leaves=31
num_cat=0
split_feature=4 6 4 4 6 1 1 6 0 1 2 5 0 4 2 1 5 5 3 3 6 0 3 1 5 0 0 6 3 5
split_gain=1.60006e+07 1.38292e+06 1.19171e+06 244413 106165 91175 80370.4 79987.6 44865.8 43324.4 43286 105751 41942.9 41533 41503.5 52412.2 37963 59280.3 37471.7 45484.9 43029 33588.5 43332.5 36558 33448 31136 30840.4 101497 30135.8 28073.3
threshold=379.50000000000006 138.50000000000003 714.50000000000011 554.50000000000011 346.50000000000006 904.50000000000011 64.500000000000014 733.50000000000011 18.350000000000005 488.50000000000006 35.500000000000007 67.500000000000014 26.750000000000004 197.50000000000003 61.500000000000007 758.50000000000011 99.500000000000014 85.500000000000014 6.5000000000000009 92.500000000000014 452.50000000000006 19.750000000000004 39.500000000000007 830.50000000000011 43.500000000000007 18.850000000000005 24.550000000000004 890.50000000000011 17.500000000000004 34.500000000000007
decision_type=2 2 2 2 2 2 2 2 2 2 2 2 2 2 2 2 2 2 2 2 2 2 2 2 2 2 2 2 2 2
left_child=1 6 3 7 13 10 -1 8 28 -10 11 -4 14 -3 -5 -16 17 -6 -18 -20 -21 -12 23 -23 -24 -19 27 -25 -2 -14
right_child=2 4 5 12 16 -7 -8 -9 9 -11 21 -13 29 -15 15 -17 18 25 19 20 -22 22 24 26 -26 -27 -28 -29 -30 -31
leaf_value=-1.374188705800373 0.48067200027908075 -0.42168036718258667 3.0763940929186226 1.8502729940634026 0.774763331831267 4.1354571911788751 -0.76172814153959068 4.1574679081256578 1.2252101133288089 1.9089918848438936 2.699738151852427 -0.90311151027679459 2.314011215526639 0.1467329254984282 2.43872451548991 5.133840417861939 -1.5947409849081722 3.7620511337562847 1.5586880993098022 0.89666602828285924 -2.230524667826566 3.0922011498128024 3.7061105070887388 3.8033845157623292 5.3703253044801604 1.3608171383539835 3.962730273110735 -0.12933251971290224 1.2951226876601512 3.0240686361110374
leaf_weight=8017 193 511 101 475 331 465 574 26 473 454 145 20 262 866 184 20 28 27 48 22 22 478 74 75 51 27 326 21 276 297
leaf_count=8017 193 511 101 475 331 465 574 26 473 454 145 20 262 866 184 20 28 27 48 22 22 478 74 75 51 27 326 21 276 297
internal_value=2.1132e-08 -1.06435 2.52421 1.85685 0.163218 3.53514 -1.33327 1.40965 1.35847 1.56009 3.31891 2.41862 2.37052 -0.0642033 2.10645 2.70295 0.783334 1.02536 0.00682826 0.494262 -0.666929 3.41202 3.51278 3.39162 4.38511 2.56143 3.73078 2.9431 0.959965 2.69127
internal_weight=14889 10473 4416 2660 1882 1756 8591 1422 1396 927 1291 121 1238 1377 679 204 505 385 120 92 44 1170 1025 900 125 54 422 96 469 559
internal_count=14889 10473 4416 2660 1882 1756 8591 1422 1396 927 1291 121 1238 1377 679 204 505 385 120 92 44 1170 1025 900 125 54 422 96 469 559
is_linear=0
shrinkage=0.05


Tree=43
num_leaves=31
num_cat=0
split_feature=4 4 4 6 6 6 4 6 2 8 6 8 8 0 1 6 6 5 6 2 0 8 4 4 1 0 4 0 1 3
split_gain=1.44498e+07 1.6207e+06 608462 260151 187154 66076.4 61876.7 44222.4 42921.2 41298.6 38573.2 38032.6 35727.6 62085.5 32340.5 31822.1 30578.4 30366.3 29978.1 29192.3 29039 37668 28910 28703.1 28695.2 28194 27908.9 27890.8 30270.3 31470.5
threshold=292.50000000000006 594.50000000000011 78.500000000000014 816.50000000000011 439.50000000000006 211.50000000000003 699.50000000000011 948.50000000000011 49.500000000000007 10.500000000000002 710.50000000000011 4.5000000000000009 5.5000000000000009 28.250000000000004 234.50000000000003 931.50000000000011 631.50000000000011 99.500000000000014 622.50000000000011 72.500000000000014 19.650000000000002 10.500000000000002 551.50000000000011 892.50000000000011 601.50000000000011 26.750000000000004 484.50000000000006 15.65 411.50000000000006 78.500000000000014
decision_type=2 2 2 2 2 2 2 2 2 2 2 2 2 2 2 2 2 2 2 2 2 2 2 2 2 2 2 2 2 2
left_child=2 4 -1 6 19 14 25 12 9 11 22 16 13 15 -4 17 24 -5 -13 27 -7 -22 -10 -8 26 -3 -6 -2 -29 -30
right_child=1 3 5 7 8 20 23 -9 10 -11 -12 18 -14 -15 -16 -17 -18 -19 -20 -21 21 -23 -24 -25 -26 -27 -28 28 29 -31
leaf_value=-1.2990043280671359 -0.016294632640167856 1.9997742671331915 -0.58730193372799222 3.5322917368937667 -0.2566933962015005 -0.30223341879763588 2.8595421943973425 4.4232169158022172 1.5830637163002013 -0.50885512855919923 3.3676418994602408 1.5912248484617058 3.6920253106670735 0.34879505634307861 0.94112945546706528 1.5542443018693191 -0.50822128984663217 1.5087638998031618 3.5514100053093651 1.4241028815069621 0.23210888362939022 2.0940311921053918 2.2487138332329066 4.7781890201568604 2.8311075772557941 2.6079193021157532 1.4211315906661399 0.52684583041639554 1.3236204008610757 -0.56776280999183659
leaf_weight=8146 138 417 896 254 39 272 769 142 686 33 38 172 647 20 36 26 36 20 22 136 429 29 214 20 21 351 68 525 263 24
leaf_count=8146 138 417 896 254 39 272 769 142 686 33 38 172 647 20 36 26 36 20 22 136 429 29 214 20 21 351 68 525 263 24
internal_value=-8.98536e-09 2.16413 -1.12112 3.01404 1.22588 -0.249247 2.5972 3.59928 1.62377 1.18366 1.80722 1.33968 3.47829 3.04614 -0.528264 3.22596 0.779166 3.38459 1.81351 0.738959 0.106978 0.350004 1.74134 2.90818 1.14124 2.27772 0.809588 0.640875 0.752561 1.16546
internal_weight=14889 5081 9808 2666 2415 1662 1557 1109 1329 391 938 358 967 320 932 300 164 274 194 1086 730 458 900 789 128 768 107 950 812 287
internal_count=14889 5081 9808 2666 2415 1662 1557 1109 1329 391 938 358 967 320 932 300 164 274 194 1086 730 458 900 789 128 768 107 950 812 287
is_linear=0
shrinkage=0.05


Tree=44
num_leaves=31
num_cat=0
split_feature=4 4 4 4 6 1 6 6 0 2 5 1 4 2 1 0 5 3 4 5 5 3 0 3 0 2 2 6 5 7
split_gain=1.3046e+07 1.12608e+06 969669 197031 87873.2 77384.6 68799.1 65281.7 38062.6 37976.8 94198.1 36986.1 36315.2 35838.8 62702.3 29907.7 40188.1 29868.8 29336.3 28957.9 49032.1 34874.3 39423.3 46576.1 32254.7 28409.8 28038.2 76536.3 26386.4 41556.7
threshold=379.50000000000006 128.50000000000003 714.50000000000011 554.50000000000011 346.50000000000006 909.50000000000011 733.50000000000011 37.500000000000007 18.350000000000005 35.500000000000007 67.500000000000014 488.50000000000006 197.50000000000003 44.500000000000007 820.50000000000011 19.750000000000004 47.500000000000007 36.500000000000007 930.50000000000011 99.500000000000014 85.500000000000014 6.5000000000000009 19.950000000000003 68.500000000000014 18.850000000000005 77.500000000000014 59.500000000000007 909.50000000000011 64.500000000000014 13.500000000000002
decision_type=2 2 2 2 2 2 2 2 2 2 2 2 2 2 2 2 2 2 2 2 2 2 2 2 2 2 2 2 2 2
left_child=1 7 3 6 12 9 8 -1 25 10 -4 -10 -3 28 -15 -11 18 -18 26 20 -6 -21 23 -23 -22 -2 27 -17 -5 -30
right_child=2 4 5 13 19 -7 -8 -9 11 15 -12 -13 -14 14 -16 16 17 -19 -20 21 24 22 -24 -25 -26 -27 -28 -29 29 -31
leaf_value=-1.2539786503850758 0.77491771074416116 -0.39670303010644259 2.7733244223414726 1.9015234285354616 0.69611784770825924 3.7850213372251065 3.8241669526466957 -0.80986201424103488 1.1045902130003018 2.4204017590986542 -0.96785359382629399 1.7363774518740862 0.12911003218504832 2.2178165040492397 4.5050828672224474 2.8805260627958846 3.4806583970092064 4.9529419422149665 4.6397049018314913 -1.5612568617970854 3.5471209636440983 1.2467043934325721 2.1696412448883056 -1.5410027973113523 1.0279108534256618 2.6153737685897136 3.3263786855770392 -0.20413640340169273 -0.62922337548486118 1.9840304449200632
leaf_weight=7636 447 518 106 250 331 418 26 928 473 146 20 454 897 896 31 474 129 47 28 27 27 29 25 31 24 22 367 21 29 32
leaf_count=7636 447 518 106 250 331 418 26 928 473 146 20 454 897 896 31 474 129 47 28 27 27 29 25 31 24 22 367 21 29 32
internal_value=2.02809e-08 -0.96107 2.27928 1.67729 0.13706 3.19117 1.27577 -1.20585 1.2283 3.00565 2.17949 1.41401 -0.0633784 2.13848 2.29431 3.09154 3.18346 3.87383 3.04694 0.711189 0.918474 0.00420033 0.501463 -0.193611 2.36161 0.86125 2.9952 2.74966 1.67403 0.741664
internal_weight=14889 10473 4416 2660 1909 1756 1422 8564 1396 1338 126 927 1415 1238 927 1212 1066 176 890 494 382 112 85 60 51 469 862 495 311 61
internal_count=14889 10473 4416 2660 1909 1756 1422 8564 1396 1338 126 927 1415 1238 927 1212 1066 176 890 494 382 112 85 60 51 469 862 495 311 61
is_linear=0
shrinkage=0.05


Tree=45
num_leaves=31
num_cat=0
split_feature=4 4 4 4 6 6 6 0 2 4 8 1 8 6 1 6 4 1 0 1 1 6 2 1 5 3 5 0 2 3
split_gain=1.17757e+07 1.32259e+06 496505 218012 153680 58576.1 51688.7 43243.9 38320.6 38169.6 36544.1 35170.8 33379 32300.8 30680.9 28747.2 28004.3 27935.5 35316.2 27688.3 26377.3 26294.9 25865 25130.3 30120.8 27720.7 80533.5 50137.4 35146 26868.6
threshold=292.50000000000006 594.50000000000011 70.500000000000014 800.50000000000011 439.50000000000006 207.50000000000003 875.50000000000011 26.750000000000004 49.500000000000007 919.50000000000011 10.500000000000002 843.50000000000011 4.5000000000000009 710.50000000000011 816.50000000000011 631.50000000000011 771.50000000000011 468.50000000000006 19.550000000000004 234.50000000000003 601.50000000000011 622.50000000000011 72.500000000000014 499.50000000000006 36.500000000000007 44.500000000000007 51.500000000000007 18.450000000000003 58.500000000000007 29.500000000000004
decision_type=2 2 2 2 2 2 2 2 2 2 2 2 2 2 2 2 2 2 2 2 2 2 2 2 2 2 2 2 2 2
left_child=2 4 -1 6 22 19 7 11 10 -5 12 14 15 -10 16 20 23 18 -7 -4 -6 -14 -2 24 -3 28 -27 -28 -25 -30
right_child=1 3 5 9 8 17 -8 -9 13 -11 -12 -13 21 -15 -16 -17 -18 -19 -20 -21 -22 -23 -24 25 -26 26 27 -29 29 -31
leaf_value=-1.1763657177028415 0.57251546559953381 1.8915329237138072 -0.55252636521613574 3.094271570234723 0.70552436235909155 -0.44567618166172029 3.8440708749944514 2.5363422672266625 1.5796823636821162 3.7872146635988737 -0.54133883967544094 0.030398685281926935 1.4332517616624056 3.067894889179029 3.8175346612930299 -0.57580908272001474 3.1110433926949135 1.5323867270722986 0.28174581843406471 0.88003921542848862 2.6436802191393718 3.2690771536393601 1.3097570889684207 1.6483232094709619 4.2509161343177162 2.096055580467306 1.0530085152593152 -2.0364645337065062 2.3526593005979684 4.3173102850839502
leaf_weight=8084 950 31 929 854 107 259 55 794 900 259 33 22 172 38 24 36 52 32 469 35 21 22 136 251 24 93 29 24 134 20
leaf_count=8084 950 31 929 854 107 259 55 794 900 259 33 22 172 38 24 36 52 32 469 35 21 22 136 251 24 93 29 24 134 20
internal_value=2.0959e-08 1.95365 -1.01208 2.72143 1.10607 -0.241735 2.33865 2.28338 1.46663 3.25552 1.05078 1.99808 1.19754 1.63997 2.06156 0.672435 1.99751 0.0865066 0.0229515 -0.500514 1.0235 1.64144 0.66484 1.90196 2.92108 1.80023 1.20956 -0.345998 2.01316 2.60781
internal_weight=14889 5081 9808 2666 2415 1724 1553 1498 1329 1113 391 704 358 938 682 164 658 760 728 964 128 194 1086 606 55 551 146 53 405 154
internal_count=14889 5081 9808 2666 2415 1724 1553 1498 1329 1113 391 704 358 938 682 164 658 760 728 964 128 194 1086 606 55 551 146 53 405 154
is_linear=0
shrinkage=0.05


Tree=46
num_leaves=31
num_cat=0
split_feature=4 6 4 4 6 4 1 8 1 0 3 6 6 4 2 2 6 5 5 5 4 5 0 0 0 0 5 3 3 3
split_gain=1.06453e+07 915653 790067 161532 70803.9 64453.7 58279.5 43674.5 69993 43648.1 77852.3 41514.9 38602.3 32219.1 30524 29616.3 58901.7 28248.9 27498.2 28624.2 26243.3 25634.2 41957.5 25620.5 25064.3 24925 27880.4 33768.9 23860 42478.8
threshold=379.50000000000006 138.50000000000003 714.50000000000011 526.50000000000011 331.50000000000006 885.50000000000011 4.5000000000000009 4.5000000000000009 805.50000000000011 23.750000000000004 7.5000000000000009 663.50000000000011 914.50000000000011 559.50000000000011 50.500000000000007 35.500000000000007 710.50000000000011 41.500000000000007 99.500000000000014 48.500000000000007 231.50000000000003 37.500000000000007 13.65 20.050000000000004 25.250000000000004 18.150000000000002 37.500000000000007 39.500000000000007 94.500000000000014 52.500000000000007
decision_type=2 2 2 2 2 2 2 2 2 2 2 2 2 2 2 2 2 2 2 2 2 2 2 2 2 2 2 2 2 2
left_child=1 6 3 11 20 12 -1 9 23 13 -11 14 15 18 24 16 -4 -16 19 -5 -3 -15 -23 -9 -2 -17 -27 -28 29 -25
right_child=2 4 5 7 -6 -7 -8 8 -10 10 -12 -13 -14 21 17 25 -18 -19 -20 -21 -22 22 -24 28 -26 26 27 -29 -30 -31
leaf_value=-1.1468663421408143 0.29162274082393752 -0.26173324872343956 -0.60670108914375309 0.54640362351029015 0.59136921272912812 3.3897430268922366 -0.80382200482053057 0.55063432614008589 4.2065109214267222 1.7437596008695406 -2.3112314486503602 2.8583166837692264 3.6449774384498599 1.413422556434359 0.88584752232837749 1.8710510193583478 2.3787234255200942 1.4818648350688977 -0.78344551630318171 2.3821011563709802 0.19377132555977866 0.4565549282935159 2.4998298761058364 2.0787499470693858 1.1404144716858864 2.5631427753594966 2.9110110641252707 4.2295242158990156 3.4468799558179128 0.57515713214874276
leaf_weight=7091 207 765 20 54 578 461 1500 30 37 29 20 32 100 175 372 83 95 427 20 35 539 29 188 776 150 612 328 57 29 50
leaf_count=7091 207 765 20 54 578 461 1500 30 37 29 20 32 100 175 372 83 95 427 20 35 539 29 188 776 150 612 328 57 29 50
internal_value=3.64435e-10 -0.86815 2.05891 1.51552 0.130727 2.88203 -1.08697 1.86556 2.07591 1.51293 0.0886612 1.08181 2.7013 1.65223 1.03263 2.62233 1.85952 1.20437 0.891839 1.26831 -0.0734534 1.86367 2.22677 1.98683 0.648258 2.70355 2.77286 3.10622 2.03722 1.98773
internal_weight=14889 10473 4416 2660 1882 1756 8591 1472 922 550 49 1188 1295 501 1156 1195 115 799 109 89 1304 392 217 885 357 1080 997 385 855 826
internal_count=14889 10473 4416 2660 1882 1756 8591 1472 922 550 49 1188 1295 501 1156 1195 115 799 109 89 1304 392 217 885 357 1080 997 385 855 826
is_linear=0
shrinkage=0.05


Tree=47
num_leaves=31
num_cat=0
split_feature=4 1 4 4 6 1 6 8 1 0 3 6 2 5 4 2 4 5 4 5 0 3 5 5 5 4 1 0 0 1
split_gain=9.60736e+06 828580 713035 145782 64985 58536.6 49285.6 39416.2 63168.6 39392.4 70261.8 37467.2 30611 81506.4 29077.7 27547.9 25986.7 25494.6 25036.6 24978.7 41624 40124 39248.7 24817.1 25833.4 24287.4 24217.4 23474.7 23122.5 22831.4
threshold=379.50000000000006 134.50000000000003 714.50000000000011 526.50000000000011 331.50000000000006 904.50000000000011 3.5000000000000004 4.5000000000000009 805.50000000000011 23.750000000000004 7.5000000000000009 663.50000000000011 35.500000000000007 67.500000000000014 559.50000000000011 50.500000000000007 251.50000000000003 41.500000000000007 156.50000000000003 37.500000000000007 18.150000000000002 36.500000000000007 35.500000000000007 99.500000000000014 48.500000000000007 934.50000000000011 851.50000000000011 15.950000000000001 20.050000000000004 636.50000000000011
decision_type=2 2 2 2 2 2 2 2 2 2 2 2 2 2 2 2 2 2 2 2 2 2 2 2 2 2 2 2 2 2
left_child=1 6 3 11 16 12 -1 9 28 14 -11 15 13 -4 23 -2 -3 -17 -8 22 -21 26 25 24 -5 -14 -22 -16 -9 -30
right_child=2 4 5 7 -6 -7 18 8 -10 10 -12 -13 19 -15 27 17 -18 -19 -20 20 21 -23 -24 -25 -26 -27 -28 -29 29 -31
leaf_value=-1.0909711138561202 0.61584502501408012 -0.23043204023690655 2.3850568659677367 0.51908343770989673 0.56247950821326909 3.2189454564227855 -0.81445511334511789 0.52310264229774484 3.996185357506211 1.6565716233746759 -2.1956699824333192 2.7154008790850641 2.5075631920769812 -1.1086209726333618 1.1180652500659813 0.84155514533381148 0.23605075458641311 1.407771595474987 0.34576454168806475 1.0206587002827572 2.4936999102417441 4.1341050715059851 0.92808399017040544 -0.74427326709032071 2.262996096611023 4.2746684646606452 3.4029729966389932 1.9999536187998181 1.643737325961999 2.1642812777396161
leaf_weight=7027 357 891 101 54 572 465 1486 30 37 29 20 32 700 20 102 372 449 427 48 26 193 74 39 20 35 20 118 290 376 479
leaf_count=7027 357 891 101 54 572 465 1486 30 37 29 20 32 700 20 102 372 449 427 48 26 193 74 39 20 35 20 118 290 376 479
internal_value=-1.2217e-08 -0.824742 1.95596 1.43974 0.116323 2.73793 -1.03492 1.77228 1.97211 1.43728 0.0842281 1.02772 2.56468 1.80759 1.56962 0.980998 -0.0741255 1.14415 -0.778151 2.64297 2.95692 3.08768 2.47297 0.847247 1.20489 2.55665 2.8387 1.77048 1.88749 1.93536
internal_weight=14889 10473 4416 2660 1912 1756 8561 1472 922 550 49 1188 1291 121 501 1156 1340 799 1534 1170 411 385 759 109 89 720 311 392 885 855
internal_count=14889 10473 4416 2660 1912 1756 8561 1472 922 550 49 1188 1291 121 501 1156 1340 799 1534 1170 411 385 759 109 89 720 311 392 885 855
is_linear=0
shrinkage=0.05


Tree=48
num_leaves=31
num_cat=0
split_feature=4 4 4 4 4 4 1 8 1 0 3 6 6 0 3 0 7 5 0 4 2 3 2 6 8 6 5 0 3 1
split_gain=8.67065e+06 748550 643514 131569 66144.4 53932.3 45372.8 35573.1 57009.7 35551.7 63411.2 33814.2 29810.2 26821.2 27175.6 34647.9 38751.2 29557.2 28591.3 26242.6 26216.2 50181 25284.5 25415.2 23185.3 25994.3 22796.3 36438.3 23967 40536
threshold=379.50000000000006 156.50000000000003 714.50000000000011 526.50000000000011 66.500000000000014 875.50000000000011 351.50000000000006 4.5000000000000009 805.50000000000011 23.750000000000004 7.5000000000000009 663.50000000000011 917.50000000000011 26.050000000000004 18.500000000000004 22.250000000000004 12.500000000000002 49.500000000000007 19.550000000000004 559.50000000000011 35.500000000000007 16.500000000000004 35.500000000000007 542.50000000000011 3.5000000000000004 384.50000000000006 37.500000000000007 13.550000000000002 62.500000000000007 753.50000000000011
decision_type=2 2 2 2 2 2 2 2 2 2 2 2 2 2 2 2 2 2 2 2 2 2 2 2 2 2 2 2 2 2
left_child=1 4 3 11 -1 12 24 9 -9 19 -11 13 20 14 -2 17 -17 -16 -19 -5 21 -4 -8 -24 -3 -26 -21 -28 29 -29
right_child=2 6 5 7 -6 -7 22 8 -10 10 -12 -13 -14 -15 15 16 -18 18 -20 26 -22 -23 23 -25 25 -27 27 28 -30 -31
leaf_value=-1.0111734185204173 0.43938444736817744 -0.31064023782481565 2.1681439694316906 0.80488448186068373 -0.50999625630733902 3.0157416917796067 -0.72062363764553361 1.7931159228696831 3.796376087214496 1.5737430408083162 -2.0858864120766518 2.5796308115124704 3.3883621434907654 1.2391759116200476 0.72388816485979735 1.2848878463109337 -1.5012678492527742 1.4128313053537298 3.1684681040900098 1.2573679000564986 2.431116630411843 -0.45796276616013576 0.62181706683057092 2.3328274799429853 0.11099617002216802 1.6588031308991569 0.30561504650999005 2.308664036722019 3.1957053895090142 0.0109022143094436
leaf_weight=8047 363 371 87 109 717 542 33 885 37 29 20 32 74 440 140 24 26 135 28 175 1030 23 385 23 869 28 27 116 51 23
leaf_count=8047 363 371 87 109 717 542 33 885 37 29 20 32 74 440 140 24 26 135 28 175 1030 23 385 23 869 28 27 116 51 23
internal_value=-1.43675e-08 -0.783505 1.85816 1.36776 -0.970171 2.60103 0.173744 1.68366 1.87351 1.36542 0.0800167 0.97633 2.41588 0.931948 0.743149 1.05552 -0.163913 1.25674 1.71441 1.49114 2.35276 1.61905 0.610599 0.718271 0.0218096 0.159311 1.68196 2.02437 2.26861 1.92846
internal_weight=14889 10473 4416 2660 8764 1756 1709 1472 922 550 49 1188 1214 1156 716 353 50 303 163 501 1140 110 441 408 1268 897 392 217 190 139
internal_count=14889 10473 4416 2660 8764 1756 1709 1472 922 550 49 1188 1214 1156 716 353 50 303 163 501 1140 110 441 408 1268 897 392 217 190 139
is_linear=0
shrinkage=0.05


Tree=49
num_leaves=31
num_cat=0
split_feature=4 1 4 4 1 6 6 4 8 0 8 0 2 6 0 0 6 5 5 3 3 6 5 0 2 3 6 3 5 4
split_gain=7.82526e+06 676522 581687 97602.3 95362.5 58711.2 53586.9 41863.2 37417.4 56358.1 74217.2 33150 43172.2 147534 33158.8 32473.9 41169.4 28691.8 48809.9 32279.3 35107.6 41854.8 25616.7 25412.7 25129.7 46540.3 29895.9 28098.1 45931.8 24819
threshold=379.50000000000006 134.50000000000003 650.50000000000011 800.50000000000011 772.50000000000011 485.50000000000006 346.50000000000006 3.5000000000000004 4.5000000000000009 24.150000000000002 3.5000000000000004 24.650000000000002 59.500000000000007 909.50000000000011 19.750000000000004 26.450000000000003 743.50000000000011 99.500000000000014 85.500000000000014 6.5000000000000009 92.500000000000014 452.50000000000006 88.500000000000014 18.850000000000005 50.500000000000007 99.500000000000014 684.50000000000011 33.500000000000007 43.500000000000007 946.50000000000011
decision_type=2 2 2 2 2 2 2 2 2 2 2 2 2 2 2 2 2 2 2 2 2 2 2 2 2 2 2 2 2 2
left_child=1 7 4 8 5 -2 -3 -1 9 -4 -11 12 13 -5 -14 16 24 18 -8 -19 -21 -22 -6 -20 25 27 -26 -7 -29 -13
right_child=2 6 3 11 22 15 17 -9 -10 10 -12 29 14 -15 -16 -17 -18 19 23 20 21 -23 -24 -25 26 -27 -28 28 -30 -31
leaf_value=-0.98623168617083135 0.79821559442003276 -0.051503272963194416 1.848335091874429 2.2693679010079912 4.40092494752672 0.69925499873599795 0.53253600797658673 -0.69909255508303403 2.1900962730746096 2.2171015977859496 -1.4611018147319557 2.7389670972080933 1.342064776140101 -2.1818573431535202 3.0758279776838546 1.607499671755932 3.1388495087623598 -1.6114567347935269 3.2398251864645218 1.259431360041102 0.88893893673306423 -2.2317897406491367 2.0725064497618448 1.0704797784487405 1.3946899236444938 2.7215781410535178 -0.13192775181361607 1.1628963154554366 -1.9743830987385342 3.657832831871219
leaf_weight=7011 822 1412 289 121 27 174 327 1550 799 24 32 708 34 22 146 601 24 28 27 48 21 22 21 27 383 24 35 20 28 82
leaf_count=7011 822 1412 289 121 27 174 327 1550 799 24 32 708 34 22 146 601 24 28 27 48 21 22 21 27 383 24 35 20 28 82
internal_value=-1.67518e-08 -0.74433 1.76526 2.32651 1.17852 1.12842 0.106012 -0.934244 2.00219 1.56703 0.115271 2.65986 2.23311 1.58456 2.74834 1.33899 1.10443 0.550836 0.762513 -0.126889 0.329902 -0.707713 3.38224 2.15515 1.03089 0.629933 1.26686 0.403809 -0.667183 2.83434
internal_weight=14889 10473 4416 2257 2159 2111 1912 8561 1144 345 56 1113 323 143 180 1289 688 500 381 119 91 43 48 54 664 246 418 222 48 790
internal_count=14889 10473 4416 2257 2159 2111 1912 8561 1144 345 56 1113 323 143 180 1289 688 500 381 119 91 43 48 54 664 246 418 222 48 790
is_linear=0
shrinkage=0.05


Tree=50
num_leaves=31
num_cat=0
split_feature=4 4 4 6 4 1 4 8 0 0 7 5 2 0 2 6 0 6 3 1 1 2 2 4 0 1 5 3 0 3
split_gain=7.07083e+06 796598 299300 123062 104192 41386.8 36847.4 36074.7 32104.6 33070.7 60053.2 57721.9 36404.6 29917.9 38962.9 133149 29925.8 27252.1 27418.7 75430 28723.6 23377.2 22958.7 22558.5 22058.6 21153.3 26550.2 22327 20699.3 20357.4
threshold=292.50000000000006 626.50000000000011 70.500000000000014 439.50000000000006 800.50000000000011 753.50000000000011 178.50000000000003 4.5000000000000009 26.450000000000003 23.750000000000004 12.500000000000002 49.500000000000007 66.500000000000014 24.650000000000002 59.500000000000007 909.50000000000011 19.750000000000004 911.50000000000011 47.500000000000007 750.50000000000011 488.50000000000006 59.500000000000007 72.500000000000014 950.50000000000011 15.65 476.50000000000006 45.500000000000007 98.500000000000014 26.850000000000005 19.500000000000004
decision_type=2 2 2 2 2 2 2 2 2 2 2 2 2 2 2 2 2 2 2 2 2 2 2 2 2 2 2 2 2 2
left_child=2 3 -1 22 17 8 -4 -7 9 12 -11 -12 25 14 15 -6 -16 18 -3 20 -20 28 24 -15 29 26 -5 -27 -22 -2
right_child=1 4 6 5 13 7 -8 -9 -10 10 11 -13 -14 23 16 -17 -18 -19 19 -21 21 -23 -24 -25 -26 27 -28 -29 -30 -31
leaf_value=-0.91180637189404168 -0.81367065005470074 1.9438149081464386 -0.42054578810272852 1.1124461837112904 2.1558994966351297 1.2880579422260154 0.041810809783008829 3.80417389018195 1.4233300938590254 1.245943018389337 0.59641654133796695 -2.1633081568405035 1.8108013759056729 2.6093164945766332 1.2749615108265597 -2.0727646307511765 2.9220365723671571 3.6994532632827757 3.0526071106686317 -0.76308712694380021 1.4639042252386121 0.57490993644676958 1.1161810885394252 3.5495224789210731 0.52267094707441719 1.0088316774950248 -0.2110244388692081 2.494148192582307 3.136858720779419 0.40409928383053961
leaf_weight=8084 64 1065 850 72 121 29 874 28 633 81 40 36 144 720 34 22 146 20 34 36 71 51 137 70 819 402 80 27 25 74
leaf_count=8084 64 1065 850 72 121 29 874 28 633 81 40 36 144 720 34 22 146 20 34 36 71 51 137 70 819 402 80 27 25 74
internal_value=8.91864e-09 1.51387 -0.784254 0.918009 2.17166 1.2014 -0.186149 2.52404 1.15164 0.956645 0.298719 -0.710821 1.09912 2.52687 2.12145 1.50534 2.61092 1.86801 1.83944 1.32717 1.74292 1.43999 0.510798 2.69263 0.424134 0.922731 0.415883 1.10231 1.89957 -0.160664
internal_weight=14889 5081 9808 2666 2415 1572 1724 57 1515 882 157 76 725 1113 323 143 180 1302 1282 217 181 147 1094 790 957 581 152 429 96 138
internal_count=14889 5081 9808 2666 2415 1572 1724 57 1515 882 157 76 725 1113 323 143 180 1302 1282 217 181 147 1094 790 957 581 152 429 96 138
is_linear=0
shrinkage=0.05


Tree=51
num_leaves=31
num_cat=0
split_feature=4 4 6 4 1 8 0 5 5 4 5 0 6 1 2 5 1 5 5 0 6 5 5 0 1 3 5 6 1 8
split_gain=6.38142e+06 721460 270645 133337 77060.3 39700.8 48767.7 107975 30247 30239 32104.2 53710 108555 30140.8 28565.3 28344 37040.3 27863.7 28559.1 27701.9 30704.6 27576.2 27451.5 26434.5 25834 45455.4 45149.2 42896.3 69099.1 23360.2
threshold=292.50000000000006 580.50000000000011 88.500000000000014 747.50000000000011 476.50000000000006 4.5000000000000009 24.250000000000004 10.500000000000002 37.500000000000007 919.50000000000011 37.500000000000007 23.550000000000004 840.50000000000011 468.50000000000006 72.500000000000014 96.500000000000014 648.50000000000011 84.500000000000014 77.500000000000014 19.650000000000002 227.50000000000003 59.500000000000007 68.500000000000014 20.750000000000004 496.50000000000006 44.500000000000007 51.500000000000007 652.50000000000011 676.50000000000011 5.5000000000000009
decision_type=2 2 2 2 2 2 2 2 2 2 2 2 2 2 2 2 2 2 2 2 2 2 2 2 2 2 2 2 2 2
left_child=2 4 -1 8 14 6 -5 -8 -3 10 11 12 -7 19 -2 16 17 18 -6 -4 -21 -16 29 -18 -10 -26 -27 -28 -29 -12
right_child=1 3 13 5 15 9 7 -9 24 -11 22 -13 -14 -15 21 -17 23 -19 -20 20 -22 -23 -24 -25 25 26 27 28 -30 -31
leaf_value=-0.85948572402631762 0.44518444340685703 1.3679821563399202 -0.42401420017849212 2.1505780370020475 1.1559235885239725 2.5306369940439861 2.3722159585287406 -1.3983170439215269 3.4274204444885257 2.939076988312634 3.6627196136749149 2.2227347245426485 -2.3294781351089475 1.3764976099133492 0.63224418176507413 0.47621271191360237 0.88695590853691098 2.893243763663552 -0.34994827906290693 -0.2231023902520605 0.38201383751095136 1.9073410977272021 1.2187834657471757 3.0792770355939867 2.0028289006665809 2.4273576062066216 -1.6071543303402986 2.7503579632989297 -0.57193512285456938 2.6047050379755268
leaf_weight=8243 1161 660 643 244 686 27 43 34 25 235 66 556 20 32 110 143 20 22 33 552 338 69 29 44 485 35 22 29 34 249
leaf_count=8243 1161 660 643 244 686 27 43 34 25 235 66 556 20 32 110 143 20 22 33 552 338 69 29 44 485 35 22 29 34 249
internal_value=3.35729e-09 1.43817 -0.745041 1.97743 0.779897 2.29749 1.80437 0.707305 1.60453 2.4314 2.30542 2.08554 0.462503 -0.142252 0.53583 1.12489 1.24012 1.14044 1.08681 -0.173955 0.0067058 1.12376 2.69086 2.39418 1.85234 1.78725 0.915956 0.293614 0.957374 2.82638
internal_weight=14889 5081 9808 2793 2288 1503 321 77 1290 1182 947 603 47 1565 1340 948 805 741 719 1533 890 179 344 64 630 605 120 85 63 315
internal_count=14889 5081 9808 2793 2288 1503 321 77 1290 1182 947 603 47 1565 1340 948 805 741 719 1533 890 179 344 64 630 605 120 85 63 315
is_linear=0
shrinkage=0.05


Tree=52
num_leaves=31
num_cat=0
split_feature=4 4 4 4 6 4 1 2 1 2 3 1 6 2 0 6 0 2 5 5 6 1 2 5 2 0 6 2 2 8
split_gain=5.76793e+06 497980 433446 88241 46623.9 40769 31771.5 28193.6 42147.2 30685.4 35072.7 38738.5 27233.3 26432.7 33803.7 60846.2 27064.6 26135.6 44101.6 41552.4 25119.3 29553 23824.8 22943.6 25266 40829.1 59787.9 22089.9 21209.6 19664.7
threshold=379.50000000000006 156.50000000000003 714.50000000000011 526.50000000000011 37.500000000000007 919.50000000000011 351.50000000000006 41.500000000000007 820.50000000000011 36.500000000000007 12.500000000000002 594.50000000000011 663.50000000000011 60.500000000000007 29.450000000000003 926.50000000000011 18.050000000000004 35.500000000000007 47.500000000000007 29.500000000000004 805.50000000000011 724.50000000000011 73.500000000000014 10.500000000000002 52.500000000000007 25.250000000000004 753.50000000000011 33.500000000000007 50.500000000000007 3.5000000000000004
decision_type=2 2 2 2 2 2 2 2 2 2 2 2 2 2 2 2 2 2 2 2 2 2 2 2 2 2 2 2 2 2
left_child=1 4 3 12 -1 13 29 9 20 -5 -11 -12 28 14 15 17 -15 19 23 -4 21 22 -9 -19 -25 26 -26 -8 -2 -3
right_child=2 6 5 7 -6 -7 27 8 -10 10 11 -13 -14 16 -16 -17 -18 18 -20 -21 -22 -23 -24 24 25 -27 -28 -29 -30 -31
leaf_value=-0.83559065578619784 0.43227015978106265 -0.29158107589307741 2.0367482618490853 1.365923508014097 -0.49108024363562192 2.7044301063857947 -1.0013057132130085 1.3097801388451913 3.2161291710594124 0.96177023981190934 0.61795533636341926 -2.3523040090288436 2.2313532654196027 0.87780221393031455 2.1660723237708672 -1.0563786869957335 2.400823278779443 2.0186675578355788 2.890893984138966 -0.59486765503883365 -0.17079341411590576 2.0775518988420862 2.6976044182432819 2.0972027160227298 1.6154865968795051 1.5310410088006881 -1.9714957723250757 0.59029619493053864 0.89583144190835451 0.14122207517184862
leaf_weight=7637 357 371 30 172 1127 259 23 920 34 79 23 21 32 31 485 21 494 156 80 30 24 167 32 52 21 71 26 418 799 897
leaf_count=7637 357 371 30 172 1127 259 23 920 34 79 23 21 32 31 485 21 494 156 80 30 24 167 32 52 21 71 26 418 799 897
internal_value=1.06814e-09 -0.639038 1.51554 1.11306 -0.791289 2.12522 0.141728 1.37178 1.48133 0.934689 0.331662 -0.799668 0.792503 2.02501 1.8706 1.57635 2.31089 1.69499 1.83894 0.72094 1.42972 1.46405 1.35643 1.58079 1.17897 0.774324 -0.368802 0.507287 0.752673 0.0145896
internal_weight=14889 10473 4416 2660 8764 1756 1709 1472 1177 295 123 44 1188 1497 972 487 525 466 406 60 1143 1119 952 326 170 118 47 441 1156 1268
internal_count=14889 10473 4416 2660 8764 1756 1709 1472 1177 295 123 44 1188 1497 972 487 525 466 406 60 1143 1119 952 326 170 118 47 441 1156 1268
is_linear=0
shrinkage=0.05


Tree=53
num_leaves=31
num_cat=0
split_feature=4 4 4 6 1 1 6 4 4 6 0 2 2 1 5 2 6 5 4 3 3 5 0 3 1 0 1 5 0 6
split_gain=5.20591e+06 513942 348916 67489.6 53566.9 43177.5 42336.4 37347.9 27472.8 26811.6 23385.5 21924.7 21642 31262.8 19985.3 22341.4 22459 22491.9 19100.8 20955.2 27635.8 22043 18860.3 22307.3 18705.1 18543.3 20425.9 35483 20857.9 23808.8
threshold=397.50000000000006 156.50000000000003 714.50000000000011 626.50000000000011 644.50000000000011 361.50000000000006 6.5000000000000009 885.50000000000011 615.50000000000011 914.50000000000011 17.650000000000002 74.500000000000014 35.500000000000007 527.50000000000011 99.500000000000014 60.500000000000007 590.50000000000011 60.500000000000007 484.50000000000006 19.500000000000004 44.500000000000007 36.500000000000007 24.750000000000004 47.500000000000007 234.50000000000003 14.950000000000001 594.50000000000011 72.500000000000014 26.750000000000004 640.50000000000011
decision_type=2 2 2 2 2 2 2 2 2 2 2 2 2 2 2 2 2 2 2 2 2 2 2 2 2 2 2 2 2 2
left_child=1 6 3 4 10 22 -1 9 -6 14 11 18 -7 -14 15 16 -4 -18 19 21 -21 -2 23 -3 -8 -5 27 -27 29 -28
right_child=2 5 7 25 8 12 24 -9 -10 -11 -12 -13 13 -15 -16 -17 17 -19 -20 20 -22 -23 -24 -25 -26 26 28 -29 -30 -31
leaf_value=-0.80391685454232964 0.31301977559924127 -0.31920097708149009 0.29868596196174624 0.066686403233072039 3.3797970702571258 -0.54219171337428551 -0.54606130918347351 2.4054404731993433 1.3856485000023477 2.6678484660536053 0.98099240981192737 1.7320428107235886 0.53191716227946539 2.1265502684044115 0.416739444732666 2.1503362239476864 1.6748270386241904 2.879537485867012 0.73815411486416715 1.8654664729689732 0.013653108455014952 -1.29746268641117 0.2584580461519283 0.21269575536031937 0.60659440689616739 1.4149854109093951 2.3621679901225225 3.8835168004035951 1.6642388506884307 0.98085577366451782
leaf_weight=7151 42 554 28 23 31 42 1577 461 39 100 1115 37 448 33 25 397 704 41 261 29 66 43 491 306 36 37 35 24 426 287
leaf_count=7151 42 554 28 23 31 42 1577 461 39 100 1115 37 448 33 25 397 704 41 261 29 66 43 491 306 36 37 35 24 426 287
internal_value=-7.02154e-09 -0.591019 1.47901 1.09898 0.915045 0.160541 -0.751724 2.01896 2.26877 1.88138 0.855559 0.562969 0.546277 0.64132 1.81557 1.84546 1.68888 1.74113 0.464884 0.068642 0.578944 -0.501695 0.0112143 -0.129945 -0.520336 1.46663 1.50644 2.38621 1.43469 1.131
internal_weight=14889 10638 4251 2495 1663 1874 8764 1756 70 1295 1593 478 523 481 1195 1170 773 745 441 180 95 85 1351 860 1613 832 809 61 748 322
internal_count=14889 10638 4251 2495 1663 1874 8764 1756 70 1295 1593 478 523 481 1195 1170 773 745 441 180 95 85 1351 860 1613 832 809 61 748 322
is_linear=0
shrinkage=0.05


Tree=54
num_leaves=31
num_cat=0
split_feature=4 4 4 6 1 0 2 0 2 0 5 1 5 2 0 3 4 4 1 2 3 3 3 6 2 0 2 0 4 0
split_gain=4.70451e+06 560881 172178 103576 66065.1 25894.6 31899.1 140534 167426 51171.4 23673 31023.1 40444.6 24424.1 30007 29925.7 31883.5 26264.6 23300.4 26573 90085.6 40993.3 63678.4 28999.9 23646.3 23213 22139.4 23867.5 22467.7 28498.3
threshold=276.50000000000006 580.50000000000011 70.500000000000014 816.50000000000011 468.50000000000006 24.650000000000002 59.500000000000007 22.950000000000003 53.500000000000007 21.750000000000004 96.500000000000014 648.50000000000011 86.500000000000014 63.500000000000007 22.350000000000005 21.500000000000004 473.50000000000006 433.50000000000006 689.50000000000011 40.500000000000007 26.500000000000004 74.500000000000014 47.500000000000007 680.50000000000011 74.500000000000014 20.750000000000004 78.500000000000014 25.050000000000004 433.50000000000006 22.150000000000002
decision_type=2 2 2 2 2 2 2 2 2 2 2 2 2 2 2 2 2 2 2 2 2 2 2 2 2 2 2 2 2 2
left_child=2 4 -1 18 26 6 7 -5 -9 -8 11 12 -6 14 15 16 -12 -17 24 20 -20 22 23 -21 -3 -13 27 28 -2 -30
right_child=1 3 -4 5 10 -7 9 8 -10 -11 13 25 -14 -15 -16 17 -18 -19 19 21 -22 -23 -24 -25 -26 -27 -28 -29 29 -31
leaf_value=-0.74380890280395418 0.063578567275093867 1.1854719588923472 -0.17933959278479591 2.659972794055939 0.91880473757872494 2.2026103950517122 1.0640263080596923 1.4940360438439155 -4.2092730522155763 3.0141295981109142 -0.87691682302034824 0.70710925444960593 3.1958377504348756 -1.1591912410475993 -0.51220723409683278 3.4470372712612156 1.6787260430014652 0.88458902478218082 1.520253608549448 2.5976897208830891 -1.8687367314877719 3.2944960987567904 -1.0628132310651599 1.6142720683353156 2.6417716322274045 2.7615042843601922 1.531387380307371 0.67466148733668063 0.80787451152001388 -0.85541108445874581
leaf_weight=8084 594 718 1622 60 782 860 61 31 22 75 26 20 20 22 39 20 23 20 133 85 23 40 21 635 29 44 44 477 230 29
leaf_count=8084 594 718 1622 60 782 860 61 31 22 75 26 20 20 22 39 20 23 20 133 85 23 40 21 635 29 44 44 477 230 29
internal_value=-4.835e-09 1.21625 -0.649479 1.6974 0.653975 2.07261 1.62359 1.00274 -0.873375 2.13945 0.959681 1.06013 0.975589 0.379767 0.644276 1.15105 0.322671 2.16581 1.45031 1.61637 1.02059 1.73537 1.65121 1.73037 1.24201 2.11951 0.427922 0.391416 0.233024 0.621638
internal_weight=14889 5183 9706 2793 2390 1109 249 113 53 136 1016 866 802 150 128 89 49 40 1684 937 156 781 741 720 747 64 1374 1330 853 259
internal_count=14889 5183 9706 2793 2390 1109 249 113 53 136 1016 866 802 150 128 89 49 40 1684 937 156 781 741 720 747 64 1374 1330 853 259
is_linear=0
shrinkage=0.05


Tree=55
num_leaves=31
num_cat=0
split_feature=4 4 6 4 1 6 1 4 1 5 1 5 2 0 0 0 0 5 6 2 0 0 1 6 8 6 2 1 5 4
split_gain=4.24582e+06 506195 156261 93587.3 59623.8 30383 37430.2 22655.3 21404.5 21364.9 27998.4 36501.3 22042.7 27081.3 27826.7 20949.7 20750.9 21210 20655.8 20599.8 25401.4 22051.1 19842.9 19027.5 18965 24704.4 22165.5 29032.9 18865.6 25429.6
threshold=276.50000000000006 580.50000000000011 68.500000000000014 800.50000000000011 468.50000000000006 875.50000000000011 858.50000000000011 955.50000000000011 724.50000000000011 96.500000000000014 648.50000000000011 86.500000000000014 63.500000000000007 22.350000000000005 19.550000000000004 20.750000000000004 15.950000000000001 77.500000000000014 716.50000000000011 67.500000000000014 23.850000000000005 23.150000000000002 168.50000000000003 424.50000000000006 3.5000000000000004 414.50000000000006 36.500000000000007 361.50000000000006 43.500000000000007 671.50000000000011
decision_type=2 2 2 2 2 2 2 2 2 2 2 2 2 2 2 2 2 2 2 2 2 2 2 2 2 2 2 2 2 2
left_child=2 4 -1 5 19 6 8 -5 28 10 11 16 13 14 -11 -12 -6 -18 -10 20 21 -2 -4 -21 26 -26 -24 -28 -3 -30
right_child=1 3 22 7 9 -7 -8 -9 18 12 15 -13 -14 -15 -16 -17 17 -19 -20 23 -22 -23 24 -25 25 -27 27 -29 29 -31
leaf_value=-0.70766617067437276 0.14224054737105257 1.0637682791043706 -0.37214142498226233 1.9133309667644676 -0.13432853942116102 2.532734512849288 -0.35528517570346596 2.8969017274918096 2.3347963495019042 0.46306208577164903 0.67175381690263747 3.0360458567738533 -1.1012317619540475 -0.48659684314177593 2.3333518389860788 2.6234290555119517 0.99796555138219678 -0.28082573834587549 1.4835583746320182 0.48047747326860757 0.59549518703069126 -1.3751058270670473 -1.9902532073855401 1.2389198885237178 0.062585400700210098 1.8461405253410341 -0.47993413879625013 1.1426963791251183 1.2776296338715296 2.3658724043104384
leaf_weight=8060 567 636 711 1051 48 55 32 62 81 59 20 20 22 39 30 44 700 34 593 266 396 25 20 120 664 20 199 32 211 72
leaf_count=8060 567 636 711 1051 48 55 32 62 81 59 20 20 22 39 30 44 700 34 593 266 396 25 20 120 664 20 199 32 211 72
internal_value=-8.02866e-09 1.15544 -0.617005 1.61253 0.621276 1.37695 1.33783 1.96812 1.37184 0.911697 1.00712 0.926809 0.360779 0.612062 1.0935 2.01353 0.872865 0.93873 1.58586 0.406526 0.285515 0.0781634 -0.173061 0.716263 -0.021675 0.114736 -0.393409 -0.255154 1.21488 1.5545
internal_weight=14889 5183 9706 2793 2390 1680 1625 1113 1593 1016 866 802 150 128 89 64 782 734 674 1374 988 592 1646 386 935 684 251 231 919 283
internal_count=14889 5183 9706 2793 2390 1680 1625 1113 1593 1016 866 802 150 128 89 64 782 734 674 1374 988 592 1646 386 935 684 251 231 919 283
is_linear=0
shrinkage=0.05


Tree=56
num_leaves=31
num_cat=0
split_feature=4 4 4 6 1 1 1 4 4 1 2 0 6 5 2 4 0 5 2 5 5 3 6 6 5 0 1 7 0 7
split_gain=3.83602e+06 379630 257133 49123.6 43995.6 39196.6 31190 30448.9 24660.1 24561.4 20818.8 25890.3 81024.2 23317.4 20497.1 20350.2 19480.7 19482.3 18146.2 41766.2 37794.6 17442.8 16248.1 16208.2 16169.3 15954 19153.6 33236.2 17960.1 22427.6
threshold=397.50000000000006 174.50000000000003 714.50000000000011 626.50000000000011 644.50000000000011 2.5000000000000004 361.50000000000006 919.50000000000011 615.50000000000011 948.50000000000011 59.500000000000007 30.050000000000004 926.50000000000011 76.500000000000014 56.500000000000007 460.50000000000006 18.250000000000004 36.500000000000007 35.500000000000007 44.500000000000007 47.500000000000007 39.500000000000007 291.50000000000006 384.50000000000006 40.500000000000007 14.950000000000001 594.50000000000011 14.500000000000002 26.750000000000004 15.500000000000002
decision_type=2 2 2 2 2 2 2 2 2 2 2 2 2 2 2 2 2 2 2 2 2 2 2 2 2 2 2 2 2 2
left_child=1 5 3 4 14 -1 -3 9 -6 10 11 12 18 -12 15 16 17 -2 19 -4 -20 -22 24 -24 -16 -5 27 -27 29 -28
right_child=2 6 7 25 8 -7 -8 -9 -10 -11 13 -13 -14 -15 22 -17 -18 -19 20 -21 21 -23 23 -25 -26 26 28 -29 -30 -31
leaf_value=-0.69482651896860403 0.31530102794549753 0.029774459279969908 1.4205357028090437 -0.041518791862156082 3.0658780097961427 -0.44052636920499472 0.49217404082507044 2.2336721550888998 1.1765679298303067 3.1698795932989854 1.9214141149160942 1.7822185922889635 -1.8838672435283663 0.41680027997052227 0.80948790080845368 0.69408884531164428 0.47376373037848563 -1.3802786457869742 1.2487465955262558 -1.3163761040568351 1.9500288785274689 3.5085667903606708 0.068221270805988152 0.91639684532876731 2.7533729463815693 3.3322663927078247 1.1108393801557781 0.99773903662158592 1.4374638264203017 -0.092652434772915321
leaf_weight=6960 32 1221 46 23 31 1937 520 259 39 26 556 376 20 27 20 564 122 36 342 20 58 26 61 735 23 30 277 31 426 45
leaf_count=6960 32 1221 46 23 31 1937 520 259 39 26 556 376 20 27 20 564 122 36 342 20 58 26 61 735 23 30 277 31 426 45
internal_value=-2.06007e-09 -0.507333 1.26959 0.94335 0.786424 -0.639462 0.167883 1.73311 2.01326 1.64651 1.61959 1.46717 1.23581 1.85173 0.732514 0.543322 0.095783 -0.582359 1.36263 0.591168 1.48215 2.43243 0.902539 0.851398 1.84924 1.25701 1.29393 2.14587 1.22446 0.94265
internal_weight=14889 10638 4251 2495 1663 8897 1741 1756 70 1497 1471 888 512 583 1593 754 190 68 492 66 426 84 839 796 43 832 809 61 748 322
internal_count=14889 10638 4251 2495 1663 8897 1741 1756 70 1497 1471 888 512 583 1593 754 190 68 492 66 426 84 839 796 43 832 809 61 748 322
is_linear=0
shrinkage=0.05


Tree=57
num_leaves=31
num_cat=0
split_feature=4 4 6 4 6 1 2 3 3 5 2 0 1 5 0 1 0 1 8 1 2 8 2 0 1 5 3 3 4 0
split_gain=3.462e+06 342940 232833 52268.1 37827.6 32149.4 29414.5 43542.3 35671 59193.8 56708.4 27965.7 25788.1 23877.3 48101 32971.7 20776.7 32495.1 31147.7 26903.6 20571.4 35774.7 97766.8 66545.7 30561.9 20361 23869.2 24586.7 29648.1 29250.4
threshold=397.50000000000006 178.50000000000003 739.50000000000011 626.50000000000011 43.500000000000007 909.50000000000011 50.500000000000007 99.500000000000014 32.500000000000007 39.500000000000007 40.500000000000007 17.950000000000003 361.50000000000006 82.500000000000014 24.450000000000003 750.50000000000011 19.750000000000004 753.50000000000011 3.5000000000000004 676.50000000000011 59.500000000000007 5.5000000000000009 56.500000000000007 27.950000000000003 761.50000000000011 43.500000000000007 94.500000000000014 32.500000000000007 495.50000000000006 26.150000000000002
decision_type=2 2 2 2 2 2 2 2 2 2 2 2 2 2 2 2 2 2 2 2 2 2 2 2 2 2 2 2 2 2
left_child=1 4 3 6 -1 16 7 8 11 -10 -11 -2 -3 15 -15 -5 17 -4 -19 -18 21 22 23 24 -21 -8 27 28 29 -27
right_child=2 12 5 13 -6 -7 25 -9 9 10 -12 -13 -14 14 -16 -17 19 18 -20 20 -22 -23 -24 -25 -26 26 -28 -29 -30 -31
leaf_value=-0.64700051534496061 -0.16624529071613753 0.04023361946213521 1.7045583232723436 1.1665591611778432 -0.34809617427858575 2.0299554098664863 0.69093551508530981 2.0654338650214368 0.92193306138118114 -3.708873335236595 -0.2445150375366211 0.74476062560459644 0.46403206582199275 1.5725099380199727 -1.6890422105789185 2.0754419065889764 2.8310350030660629 1.2198901467853123 -1.1602555986493825 0.17492393766130721 1.795629174374044 1.5951388564995594 -1.9354081017630442 -1.1317922773361206 2.0123779825487378 -0.0074802403311127605 0.26795254822572073 1.7769347865548397 1.4176219407552855 1.3471324355327168
leaf_weight=7707 113 1190 58 548 1227 418 625 39 36 21 27 331 514 26 20 122 42 27 28 28 480 504 28 25 118 103 75 144 200 65
leaf_count=7707 113 1190 58 548 1227 418 625 39 36 21 27 331 514 26 20 122 42 27 28 28 480 504 28 25 118 103 75 144 200 65
internal_value=1.13385e-08 -0.481966 1.20611 0.895669 -0.605949 1.64719 0.750484 0.453233 0.33415 -0.610698 -1.76017 0.512906 0.16807 1.2564 0.154444 1.33206 1.52761 0.878887 0.00817959 1.58745 1.5433 1.37101 0.803378 1.25183 1.65999 0.889544 1.10101 1.22304 1.0063 0.516626
internal_weight=14889 10638 4251 2495 8934 1756 1779 567 528 84 48 444 1704 716 46 670 1338 113 55 1225 1183 703 199 171 146 1212 587 512 368 168
internal_count=14889 10638 4251 2495 8934 1756 1779 567 528 84 48 444 1704 716 46 670 1338 113 55 1225 1183 703 199 171 146 1212 587 512 368 168
is_linear=0
shrinkage=0.05


Tree=58
num_leaves=31
num_cat=0
split_feature=4 4 6 6 1 0 6 0 6 4 1 1 6 2 0 2 7 3 0 3 4 5 0 0 6 1 0 6 8 4
split_gain=3.12658e+06 372853 116036 72195.6 45373 21593.2 27620 47187.1 30505.9 19153.8 29907.3 25113.8 19341.9 18895.6 20191.9 18175.6 41411.6 53974.5 32449.9 19300.6 17557.3 23418.8 22284.5 27868.7 20380.9 17387.7 16673.6 22313.6 32501.8 16018.7
threshold=276.50000000000006 580.50000000000011 68.500000000000014 816.50000000000011 468.50000000000006 24.650000000000002 928.50000000000011 24.250000000000004 911.50000000000011 849.50000000000011 847.50000000000011 820.50000000000011 779.50000000000011 78.500000000000014 16.150000000000002 43.500000000000007 14.500000000000002 32.500000000000007 17.950000000000003 14.500000000000002 325.50000000000006 97.500000000000014 17.250000000000004 19.450000000000003 652.50000000000011 684.50000000000011 19.650000000000002 227.50000000000003 10.500000000000002 433.50000000000006
decision_type=2 2 2 2 2 2 2 2 2 2 2 2 2 2 2 2 2 2 2 2 2 2 2 2 2 2 2 2 2 2
left_child=2 4 -1 9 13 6 7 8 -5 10 11 -3 -13 14 29 16 17 18 -6 -18 -17 24 -23 -24 -22 -26 -4 -28 -29 -2
right_child=1 3 26 5 15 -7 -8 -9 -10 -11 -12 12 -14 -15 -16 20 19 -19 -20 -21 21 22 23 -25 25 -27 27 28 -30 -31
leaf_value=-0.60759731180392784 -0.40591171914050661 1.1342577952217763 -0.3309936260915658 1.5142881064769929 -1.5370612990856172 1.815784779907486 -0.16338056695872341 -0.71857264692133127 3.5738257598876957 2.047323690867815 -0.64534452142922782 3.3774503534490417 1.4255886773268382 1.3651681225408208 0.40412924285385188 2.3211524566014607 0.80601150105739472 -2.4322133346037433 0.69178359495120112 2.5750838086718608 0.88027594035491363 1.3947350258827209 -1.4933509688079358 0.53367967437475161 2.8603730096817017 1.0135756501784692 -0.17365934779893441 0.19486533667328615 2.1146157458424568 0.43874373402954503
leaf_weight=8060 155 1548 704 178 20 860 29 22 20 61 23 22 30 44 1087 21 58 22 89 21 640 25 30 39 25 26 647 271 24 88
leaf_count=8060 155 1548 704 178 20 860 29 22 20 61 23 22 30 44 1087 21 58 22 89 21 640 25 30 39 25 26 647 271 24 88
internal_value=5.65851e-09 0.991521 -0.529472 1.38381 0.533079 1.69707 1.28704 1.47823 1.72232 1.17752 1.14483 1.17056 2.25138 0.345742 0.312016 0.786426 0.372115 -0.173139 0.282821 1.27627 0.894373 0.856204 0.115759 -0.347638 0.95693 1.91887 -0.146912 -0.00934004 0.351048 -0.100028
internal_weight=14889 5183 9706 2793 2390 1109 249 220 198 1684 1623 1600 52 1374 1330 1016 210 131 109 79 806 785 94 69 691 51 1646 942 295 243
internal_count=14889 5183 9706 2793 2390 1109 249 220 198 1684 1623 1600 52 1374 1330 1016 210 131 109 79 806 785 94 69 691 51 1646 942 295 243
is_linear=0
shrinkage=0.05


Tree=59
num_leaves=31
num_cat=0
split_feature=4 1 6 4 1 2 5 1 2 6 2 0 7 1 1 3 1 6 5 0 2 5 5 6 0 8 2 6 0 2
split_gain=2.82438e+06 279843 192944 50802.1 29417.7 27407.7 75311.3 56502 30758.1 23975.6 23434.8 22733.1 22173.9 19513.8 19017.4 18716.6 18521.9 35539.7 17136.4 17121.9 46649.3 20209.9 47197.9 69782.3 22436.8 65496.7 21195.4 28092.6 16172.8 18237.8
threshold=397.50000000000006 134.50000000000003 765.50000000000011 568.50000000000011 361.50000000000006 41.500000000000007 74.500000000000014 798.50000000000011 37.500000000000007 948.50000000000011 33.500000000000007 18.350000000000005 12.500000000000002 594.50000000000011 1.5000000000000002 20.500000000000004 590.50000000000011 590.50000000000011 21.500000000000004 29.450000000000003 32.500000000000007 38.500000000000007 10.500000000000002 909.50000000000011 19.750000000000004 3.5000000000000004 43.500000000000007 834.50000000000011 24.850000000000005 54.500000000000007
decision_type=2 2 2 2 2 2 2 2 2 2 2 2 2 2 2 2 2 2 2 2 2 2 2 2 2 2 2 2 2 2
left_child=1 14 3 11 28 6 8 -7 -5 19 -6 16 -10 -12 -1 -9 17 -2 -13 20 -4 22 -22 -24 25 -23 -26 -28 29 -3
right_child=2 4 9 5 10 7 -8 15 12 -11 13 18 -14 -15 -16 -17 -18 -19 -20 -21 21 24 23 -25 26 -27 27 -29 -30 -31
leaf_value=-0.59833977902748758 0.32212951645199073 -0.49872129818328359 -0.96418819048187965 1.2691699765747488 -0.88685725457740561 1.0816514153533858 -1.5587735438346864 1.9978909810384113 -1.1560726275444031 2.1572138842562558 0.42203084716024614 0.44370987948083079 0.68030545761187877 1.9447546557946638 -0.41031706861975786 3.9073627835228333 -0.74181844930391061 2.4820232331752781 0.91615123635192042 1.6530807761856132 1.6854105178163856 2.7828503190116454 0.94821185759807891 -1.8549249098851133 3.4110381793975835 -0.80892684400081638 1.1757961954249712 2.2341428156046907 0.18410987176292617 -0.015044327152447416
leaf_weight=6890 399 271 22 179 33 1040 35 33 25 142 482 282 48 22 1671 21 37 20 601 685 181 22 152 26 20 30 122 129 575 694
leaf_count=6890 399 271 22 179 33 1040 35 33 25 142 482 282 48 22 1671 21 37 20 601 685 181 22 152 26 20 30 122 129 575 694
internal_value=6.61169e-09 -0.435326 1.08939 0.836668 0.0853183 1.04944 0.614555 1.16353 0.916406 1.53838 0.40398 0.617219 0.0514089 0.488499 -0.56164 2.74046 0.330533 0.425227 0.76527 1.47512 1.30195 1.37505 1.11688 0.538765 1.662 0.710671 1.84455 1.71973 -0.0257994 -0.150875
internal_weight=14889 10638 4251 2720 2077 1381 287 1094 252 1531 537 1339 73 504 8561 54 456 419 883 1389 704 682 359 178 323 52 271 251 1540 965
internal_count=14889 10638 4251 2720 2077 1381 287 1094 252 1531 537 1339 73 504 8561 54 456 419 883 1389 704 682 359 178 323 52 271 251 1540 965
is_linear=0
shrinkage=0.05


Tree=60
num_leaves=31
num_cat=0
split_feature=4 6 4 1 2 6 6 0 4 1 3 5 0 5 1 1 0 2 0 5 4 2 3 3 8 2 6 1 0 5
split_gain=2.55197e+06 304737 94250 56139.1 52044.2 49370.7 32285.4 29549.7 20055.8 17802.3 30605.5 17187.9 36082 31495.9 45708.6 34406.8 22784.4 16810.2 24027 17349.7 20765.9 21847.9 37490.1 36470.1 15953.4 29469.9 25798.1 19047.8 15829.2 15701.2
threshold=276.50000000000006 626.50000000000011 66.500000000000014 644.50000000000011 35.500000000000007 834.50000000000011 427.50000000000006 19.750000000000004 885.50000000000011 753.50000000000011 97.500000000000014 99.500000000000014 19.150000000000002 81.500000000000014 684.50000000000011 855.50000000000011 22.950000000000003 66.500000000000014 26.050000000000004 65.500000000000014 329.50000000000006 59.500000000000007 16.500000000000004 49.500000000000007 4.5000000000000009 35.500000000000007 408.50000000000006 361.50000000000006 28.750000000000004 75.500000000000014
decision_type=2 2 2 2 2 2 2 2 2 2 2 2 2 2 2 2 2 2 2 2 2 2 2 2 2 2 2 2 2 2
left_child=2 3 -1 6 -5 8 -2 -7 11 -9 -11 13 -13 15 -15 28 -14 18 19 -8 -21 -22 -23 -24 25 -4 -26 -27 -3 -19
right_child=1 5 24 4 -6 7 17 9 -10 10 -12 12 16 14 -16 -17 -18 29 -20 20 21 22 23 -25 26 27 -28 -29 -30 -31
leaf_value=-0.54909515682657961 0.26547156752938988 0.89388124066601071 -2.0541576376805706 -0.72011340531435886 1.9342247012387153 -0.0061614293476630905 0.52209351459981768 2.7733456131070855 2.5173299255371098 1.6166265556807664 -0.36087440252304082 -0.86724651788963991 2.0647701210144795 3.7332756710903987 1.0556756341779554 2.6769942370328037 0.19230758249759675 0.80060983463190505 0.82345536112027107 1.2464905711423073 0.20692895526471347 -2.7427402496337892 1.4012231611070181 -1.355213261289256 -0.050571236608221118 -0.34105285870333424 1.7626932128518822 0.81600830366736976 1.2443984244771849 1.7848999844521893
leaf_weight=8047 1101 760 24 22 115 29 474 32 25 902 20 34 33 28 37 33 32 234 452 28 115 20 21 28 1021 556 20 38 559 49
leaf_count=8047 1101 760 24 22 115 29 474 32 25 902 20 34 33 28 37 33 32 234 452 28 115 20 21 28 1021 556 20 38 559 49
internal_value=1.14481e-08 0.895787 -0.47835 0.522256 1.50798 1.2893 0.468709 1.56617 1.11268 1.61397 1.57373 1.08952 0.452574 1.13402 2.2091 1.08233 1.14294 0.626179 0.54042 0.35393 -0.0220591 -0.215099 -0.91848 -0.173883 -0.1352 -0.336435 -0.0157343 -0.267032 1.04243 0.971035
internal_weight=14889 5183 9706 2659 137 2524 2522 983 1541 954 922 1516 99 1417 65 1352 65 1421 1138 686 212 184 69 49 1659 618 1041 594 1319 283
internal_count=14889 5183 9706 2659 137 2524 2522 983 1541 954 922 1516 99 1417 65 1352 65 1421 1138 686 212 184 69 49 1659 618 1041 594 1319 283
is_linear=0
shrinkage=0.05


Tree=61
num_leaves=31
num_cat=0
split_feature=4 4 6 4 1 2 1 5 2 1 6 0 0 6 3 6 6 1 5 6 6 1 6 6 4 0 2 5 5 6
split_gain=2.30469e+06 230391 157327 41785.5 25760 24794.4 41022.6 22599.4 77154 21828.2 21010.1 19199 18837 18054 17346.8 17163.3 25285.9 16681.7 34980.2 16674.4 15191.9 14856.1 22734.2 38845.6 20378.7 14381.7 42041.6 18571.9 42616.5 63833.4
threshold=397.50000000000006 178.50000000000003 765.50000000000011 568.50000000000011 2.5000000000000004 61.500000000000007 798.50000000000011 82.500000000000014 40.500000000000007 805.50000000000011 948.50000000000011 18.350000000000005 26.250000000000004 452.50000000000006 50.500000000000007 516.50000000000011 443.50000000000006 570.50000000000011 78.500000000000014 564.50000000000011 319.50000000000006 601.50000000000011 648.50000000000011 710.50000000000011 499.50000000000006 29.450000000000003 32.500000000000007 38.500000000000007 10.500000000000002 909.50000000000011
decision_type=2 2 2 2 2 2 2 2 2 2 2 2 2 2 2 2 2 2 2 2 2 2 2 2 2 2 2 2 2 2
left_child=1 4 3 11 -1 7 13 9 -9 -5 25 17 14 -7 -3 16 -16 19 -19 -2 -13 -22 24 -24 -23 26 -4 28 -28 -30
right_child=2 12 10 5 -6 6 -8 8 -10 -11 -12 20 -14 -15 15 -17 -18 18 -20 -21 21 22 23 -25 -26 -27 27 -29 29 -31
leaf_value=-0.54007807443196743 0.3159096267583214 -0.098792135027738717 -0.97973001978614116 0.83295553980725145 -0.33543951014426454 2.4453098849430681 3.2018969969107554 -2.2179150067842923 1.1765787139851998 2.1063471245765686 1.968810849500374 1.8606534074853969 0.38562742856833454 1.0540957845162375 0.24011870085826398 -1.064673746199835 1.5402609414832538 0.86972156138647172 -1.9245723443726701 1.7015061580616497 0.56792366395707017 2.8059070605498095 -1.1375433549284935 1.7380009682282158 1.1167394525126406 1.4933924653742763 1.5337270410679982 1.5160593374586167 0.83575821722808641 -1.845234379401574
leaf_weight=6960 388 819 22 875 1974 25 26 26 47 35 142 27 534 347 287 21 43 21 24 23 726 26 24 23 57 685 181 323 152 26
leaf_count=6960 388 819 22 875 1974 25 26 26 47 35 142 27 534 347 287 21 43 21 24 23 726 26 24 23 57 685 181 323 152 26
internal_value=1.09179e-08 -0.393241 0.984074 0.755867 -0.494862 0.948838 1.28179 0.81403 -0.032419 0.881932 1.38951 0.556843 0.139555 1.14759 0.0272448 0.321331 0.409531 0.293382 -0.620569 0.393449 0.6929 0.656067 1.14831 0.269638 1.64588 1.33029 1.17159 1.24098 0.993492 0.444153
internal_weight=14889 10638 4251 2720 8934 1381 398 983 73 910 1531 1339 1704 372 1170 351 330 456 45 411 883 856 130 47 83 1389 704 682 359 178
internal_count=14889 10638 4251 2720 8934 1381 398 983 73 910 1531 1339 1704 372 1170 351 330 456 45 411 883 856 130 47 83 1389 704 682 359 178
is_linear=0
shrinkage=0.05


Tree=62
num_leaves=31
num_cat=0
split_feature=4 6 1 1 2 4 4 5 0 1 5 3 0 3 2 3 5 6 3 0 7 2 4 8 7 6 6 4 0 5
split_gain=2.08314e+06 249980 76867.4 47052.9 44535.4 40939.9 27071 26254.4 37329.8 47863.9 31751.7 24901.7 23039 32630.6 32626.6 44318.4 39504.8 27233.5 21748.6 21172.3 20874.8 17745.4 30411 41250.7 61455.3 24995.3 21795.5 20374 16872 23353.2
threshold=276.50000000000006 626.50000000000011 77.500000000000014 644.50000000000011 35.500000000000007 833.50000000000011 513.50000000000011 99.500000000000014 19.150000000000002 798.50000000000011 73.500000000000014 6.5000000000000009 26.050000000000004 22.500000000000004 44.500000000000007 74.500000000000014 48.500000000000007 535.50000000000011 50.500000000000007 28.650000000000002 9.5000000000000018 59.500000000000007 682.50000000000011 5.5000000000000009 11.500000000000002 840.50000000000011 858.50000000000011 590.50000000000011 15.850000000000003 76.500000000000014
decision_type=2 2 2 2 2 2 2 2 2 2 2 2 2 2 2 2 2 2 2 2 2 2 2 2 2 2 2 2 2 2
left_child=2 3 -1 6 -5 7 12 10 -9 11 19 -10 13 17 15 -15 -16 -2 -12 21 -18 22 23 24 -3 27 -24 -23 29 -22
right_child=1 5 -4 4 -6 -7 -8 8 9 -11 18 -13 -14 14 16 -17 20 -19 -20 -21 28 25 26 -25 -26 -27 -28 -29 -30 -31
leaf_value=-0.49401692336506464 0.022649871334564961 -2.9306969601175061 -0.11198963357451629 -0.68764963366768583 1.7677531323225602 1.4560251342268979 0.6747527002549204 -1.0316998192005689 0.35851309976794504 -0.81966963240078516 1.3392182378358739 2.4827281748926318 0.55782024106511041 -1.9378884633942957 0.033848877492196422 0.89158202791213981 -0.4803058604183405 -1.2968648063107615 2.6323033740520478 1.2014512537024018 -0.53081087000442284 2.3806366900602978 1.0667895306154076 0.85995759971534158 0.15557479350655168 2.7829027851422627 -0.54136590491170467 0.85329753353822335 1.364367466260427 1.1574851066977889
leaf_weight=8135 567 23 1571 22 115 820 746 36 22 28 93 37 633 31 187 25 23 42 50 721 33 24 251 79 54 21 23 242 181 54
leaf_count=8135 567 23 1571 22 115 820 746 36 22 28 93 37 633 31 187 25 23 42 50 721 33 24 251 79 54 21 23 242 181 54
internal_value=-1.00372e-08 0.809331 -0.432183 0.471019 1.37345 1.16574 0.421997 1.02605 0.322409 0.88273 1.08079 1.69065 0.315828 0.181811 0.467108 -0.674732 0.60088 -0.0683511 1.79135 1.01013 0.965261 0.817739 0.614522 0.0572542 -0.766299 1.12221 0.931798 0.991103 1.08932 0.517097
internal_weight=14889 5183 9706 2659 137 2524 2522 1704 123 87 1581 59 1776 1143 534 56 478 609 143 1438 291 717 430 156 77 287 274 266 268 87
internal_count=14889 5183 9706 2659 137 2524 2522 1704 123 87 1581 59 1776 1143 534 56 478 609 143 1438 291 717 430 156 77 287 274 266 268 87
is_linear=0
shrinkage=0.05


Tree=63
num_leaves=31
num_cat=0
split_feature=4 4 6 4 2 1 4 5 2 1 1 1 0 0 5 6 5 7 6 1 6 6 4 4 0 5 1 2 0 0
split_gain=1.88269e+06 187671 128571 33404.8 21613.8 36461.5 21429.8 20044.1 68902.3 19481.8 19420.7 17985.4 19502.8 16587.1 16595.9 15979.3 15045.5 18781.4 14217.3 13235.9 21157.1 34728.3 18223.9 13030.7 19944.8 41396.7 19176.5 17223.6 40649.5 232520
threshold=397.50000000000006 178.50000000000003 765.50000000000011 568.50000000000011 61.500000000000007 798.50000000000011 2.5000000000000004 82.500000000000014 40.500000000000007 965.50000000000011 805.50000000000011 267.50000000000006 18.350000000000005 15.850000000000003 23.500000000000004 452.50000000000006 89.500000000000014 13.500000000000002 319.50000000000006 601.50000000000011 648.50000000000011 710.50000000000011 499.50000000000006 619.50000000000011 19.750000000000004 61.500000000000007 689.50000000000011 59.500000000000007 22.850000000000005 23.750000000000004
decision_type=2 2 2 2 2 2 2 2 2 2 2 2 2 2 2 2 2 2 2 2 2 2 2 2 2 2 2 2 2 2
left_child=1 6 3 11 7 15 -1 10 -9 23 -5 -2 -13 16 -15 -6 -3 -18 -14 -20 22 -22 -21 -4 25 -25 -26 28 -28 -30
right_child=2 13 9 4 5 -7 -8 8 -10 -11 -12 12 18 14 -16 -17 17 -19 19 20 21 -23 -24 24 26 -27 27 -29 29 -31
leaf_value=-0.48845849225738452 1.623702620778765 -0.41371337906478367 2.2470251572132112 0.74755298948319904 2.2608887486457827 2.9767503593976681 -0.30201302263776231 -2.1326813838802852 1.0751586721298543 2.0473728513395466 1.948670655318669 0.19995798051979594 1.7404926723904079 -0.04436845737052518 0.31716742812347576 0.95205315492949283 -0.21010916860480058 1.6001617307248326 0.49070653354894767 2.616097507110009 -1.1390537722657124 1.5798318472893342 1.0187291049643568 1.2394891285774658 2.4878279542922979 -1.2608612957000733 2.5025140472080398 1.4276994440475657 -4.0926516240293331 1.1258152059380557
leaf_weight=6954 35 223 30 875 25 26 1980 26 47 74 35 431 27 479 941 347 38 23 716 26 24 23 57 49 30 25 46 537 22 718
leaf_count=6954 35 223 30 875 25 26 1980 26 47 74 35 431 27 479 941 347 38 23 716 26 24 23 57 49 30 25 46 537 22 718
internal_value=7.15129e-09 -0.35542 0.889429 0.683129 0.855666 1.16653 -0.447137 0.729802 -0.0673597 1.25595 0.79375 0.50518 0.475158 0.125448 0.195213 1.04001 -0.223375 0.472452 0.611024 0.574977 1.03911 0.191465 1.51911 1.21575 1.19407 0.394776 1.23778 1.20944 1.06032 0.970672
internal_weight=14889 10638 4251 2720 1381 398 8934 983 73 1531 910 1339 1304 1704 1420 372 284 61 873 846 130 47 83 1457 1427 74 1353 1323 786 740
internal_count=14889 10638 4251 2720 1381 398 8934 983 73 1531 910 1339 1304 1704 1420 372 284 61 873 846 130 47 83 1457 1427 74 1353 1323 786 740
is_linear=0
shrinkage=0.05


Tree=64
num_leaves=31
num_cat=0
split_feature=4 6 4 1 2 6 0 4 1 6 3 5 1 0 0 5 1 1 6 2 6 0 5 3 4 5 3 0 2 3
split_gain=1.69984e+06 204768 63039.3 39170.8 37962.6 35107.1 24448.7 22114.4 26333.7 23779.8 23713 20792.4 35227.9 61927.3 32105.2 18721 39331.7 23314.5 26406.8 27282.3 18538.4 16648.4 49725.1 16608.1 16175.6 15117.4 14728.6 47971.1 92371.2 14420.1
threshold=276.50000000000006 626.50000000000011 70.500000000000014 644.50000000000011 35.500000000000007 875.50000000000011 26.050000000000004 433.50000000000006 284.50000000000006 291.50000000000006 51.500000000000007 99.500000000000014 798.50000000000011 19.250000000000004 25.150000000000002 81.500000000000014 684.50000000000011 840.50000000000011 865.50000000000011 57.500000000000007 858.50000000000011 23.350000000000005 49.500000000000007 4.5000000000000009 615.50000000000011 82.500000000000014 32.500000000000007 24.450000000000003 59.500000000000007 44.500000000000007
decision_type=2 2 2 2 2 2 2 2 2 2 2 2 2 2 2 2 2 2 2 2 2 2 2 2 2 2 2 2 2 2
left_child=2 3 -1 6 -5 11 7 10 -9 -10 29 15 13 -13 -15 17 -17 20 -19 -20 -3 -11 -23 -18 -6 -12 27 28 -7 -2
right_child=1 5 -4 4 24 26 -8 8 9 21 25 12 -14 14 -16 16 23 18 19 -21 -22 22 -24 -25 -26 -27 -28 -29 -30 -31
leaf_value=-0.44747977938009031 -0.058576662934017566 0.84079124120699145 -0.10592731306720962 -0.65465571663596422 2.5884611875780168 -2.0599540170033772 0.59245052227086248 1.9181159236307803 1.4328402224124648 0.41455344366363067 0.19439187081396775 -0.99361647357863758 -1.2946189094472815 2.9392924297986358 0.46704843242963157 3.1582417025168739 1.7812361064812412 1.6358887394033905 -0.55339952893555167 1.5453989416360856 2.337815581049238 0.30072623538844129 -2.2082541418075561 -0.11888355716415074 1.2520839682558464 1.0391413942531302 1.9836025147552949 1.4440458452815101 1.4912376387322204 -1.2663798305850764
leaf_weight=8084 499 1358 1622 22 31 30 882 29 51 682 153 31 27 29 24 30 23 211 32 30 21 94 25 23 84 81 83 525 47 26
leaf_count=8084 499 1358 1622 22 31 30 882 29 51 682 153 31 27 29 24 30 23 211 32 30 21 94 25 23 84 81 83 525 47 26
internal_value=9.88663e-09 0.73109 -0.390402 0.424897 1.24828 1.05366 0.380169 0.266003 0.436422 0.385989 0.0681907 0.939852 0.276503 0.781506 1.81979 0.982463 1.74975 0.947164 1.36932 0.462148 0.863589 0.319335 -0.22637 0.831176 1.61232 0.486805 1.3592 1.27311 0.107656 -0.118392
internal_weight=14889 5183 9706 2659 137 2524 2522 1640 881 852 759 1839 111 84 53 1728 76 1652 273 62 1379 801 119 46 115 234 685 602 77 525
internal_count=14889 5183 9706 2659 137 2524 2522 1640 881 852 759 1839 111 84 53 1728 76 1652 273 62 1379 801 119 46 115 234 685 602 77 525
is_linear=0
shrinkage=0.05


Tree=65
num_leaves=31
num_cat=0
split_feature=4 4 6 4 1 2 3 3 5 2 1 4 8 0 1 3 3 6 0 6 6 5 6 1 1 3 5 0 5 2
split_gain=1.53572e+06 153799 105260 28368 29933.4 21415.9 38209.5 30831.9 53725.1 48503.5 17802.5 16978.6 15082.1 14613.8 14699.6 16456.6 20535.4 42201.6 19696 16496.1 14545 16378.8 14742.9 14036.9 30809.6 13523.5 12451.3 21406.4 76728.6 67359.1
threshold=397.50000000000006 178.50000000000003 765.50000000000011 626.50000000000011 753.50000000000011 50.500000000000007 99.500000000000014 32.500000000000007 39.500000000000007 40.500000000000007 1.5000000000000002 955.50000000000011 10.500000000000002 15.850000000000003 414.50000000000006 16.500000000000004 92.500000000000014 507.50000000000006 26.250000000000004 457.50000000000006 291.50000000000006 52.500000000000007 397.50000000000006 858.50000000000011 816.50000000000011 96.500000000000014 37.500000000000007 29.250000000000004 29.500000000000004 59.500000000000007
decision_type=2 2 2 2 2 2 2 2 2 2 2 2 2 2 2 2 2 2 2 2 2 2 2 2 2 2 2 2 2 2
left_child=1 10 3 4 5 6 7 12 -9 -10 -1 26 -2 25 -15 18 17 -17 19 -16 21 -7 -22 24 -5 -3 27 28 -4 -30
right_child=2 13 11 23 -6 20 -8 8 9 -11 -12 -13 -14 14 15 16 -18 -19 -20 -21 22 -23 -24 -25 -26 -27 -28 -29 29 -31
leaf_value=-0.44247450309498737 0.36126238167249491 -0.3745252697298887 1.0475145519530173 0.81877726607192247 2.255288025488456 0.72182757209873571 1.7334258229304584 0.70601788941356869 -3.5807174820791596 -0.41799149160031918 -0.27444589270296527 1.952313090543278 -0.76589353810995819 0.11128742380925616 0.31913162708282472 0.6097404368412801 -0.00028427441914876306 3.3485103345391423 0.82737094325824612 -1.2786676312486331 -0.027689954243144212 2.5351578974723816 0.61327180013922555 -0.40508093075318774 2.4485960822304094 0.5243745832466612 1.2695075734014249 1.1869343123349705 -2.7619584286654439 0.42444670505301901
leaf_weight=6890 409 233 278 867 24 33 39 36 22 27 2044 61 32 1202 35 39 30 22 62 30 98 20 1061 22 30 51 628 494 27 43
leaf_count=6890 409 233 278 867 24 33 39 36 22 27 2044 61 32 1202 35 39 30 22 62 30 98 20 1061 22 30 51 628 494 27 43
internal_value=-2.97339e-09 -0.321003 0.803299 0.616636 0.501291 0.477601 0.223374 0.111412 -0.760528 -1.83799 -0.404031 1.13493 0.279473 0.114314 0.179798 0.557547 1.07075 1.59749 0.189816 -0.418314 0.596115 1.4061 0.559075 0.842683 0.873286 -0.213103 1.10101 0.975336 0.674964 -0.804595
internal_weight=14889 10638 4251 2720 1801 1777 565 526 85 49 8934 1531 441 1704 1420 218 91 61 127 65 1212 53 1159 919 897 284 1470 842 348 70
internal_count=14889 10638 4251 2720 1801 1777 565 526 85 49 8934 1531 441 1704 1420 218 91 61 127 65 1212 53 1159 919 897 284 1470 842 348 70
is_linear=0
shrinkage=0.05


Tree=66
num_leaves=31
num_cat=0
split_feature=4 6 6 4 2 5 7 1 4 1 1 0 4 0 1 3 2 3 0 5 5 7 5 4 3 6 6 6 5 2
split_gain=1.38599e+06 139393 94996.8 26025.5 21184.4 54126.9 76568.5 47258.2 23662.8 16275.1 16060.1 33106.2 27336.4 22512.8 26018.5 28166 17306.4 14127.7 22455.6 16602.9 17457.1 26517.3 15796.2 34186.3 17150.2 23177.9 16723.1 16549.2 13991.8 20243.2
threshold=397.50000000000006 144.50000000000003 765.50000000000011 521.50000000000011 41.500000000000007 58.500000000000007 13.500000000000002 801.50000000000011 810.50000000000011 965.50000000000011 468.50000000000006 22.650000000000002 317.50000000000006 23.650000000000002 448.50000000000006 47.500000000000007 59.500000000000007 18.500000000000004 25.950000000000003 65.500000000000014 79.500000000000014 15.500000000000002 49.500000000000007 504.50000000000006 41.500000000000007 575.50000000000011 465.50000000000006 507.50000000000006 46.500000000000007 48.500000000000007
decision_type=2 2 2 2 2 2 2 2 2 2 2 2 2 2 2 2 2 2 2 2 2 2 2 2 2 2 2 2 2 2
left_child=1 -1 3 17 5 -5 -7 -6 -9 -4 13 12 -12 14 15 -3 -14 18 19 -2 -21 -22 -19 24 27 26 -26 -24 -17 -30
right_child=2 10 9 4 7 6 -8 8 -10 -11 11 -13 16 -15 -16 28 -18 22 -20 20 21 -23 23 -25 25 -27 -28 -29 29 -31
leaf_value=-0.39241781324860492 0.16243571672024892 -0.28090305728895337 1.0414423361970988 0.65485464128759086 0.73102731180429203 -2.3546515174401113 1.0724049725702831 3.4053917532165849 1.3141816031548286 1.8015480273478741 2.0899819948734382 -1.0935988539741153 1.2886535689944314 0.2229446327091027 -1.7842859195626302 -0.18585073874372504 -0.71806567040356728 0.26270681989290534 0.5463308068329259 -1.7052618764616825 0.56894464332610373 -1.6608538278937339 1.3725456362140589 -0.50632209688425067 1.9200755005329846 2.8821822047233585 0.51499184277322552 -0.3024930362403393 -0.83786413440337548 0.63708026382642302
leaf_weight=8624 228 648 1457 289 1328 39 28 24 31 74 39 21 21 878 23 115 22 168 293 27 40 20 29 35 40 26 45 30 26 221
leaf_count=8624 228 648 1457 289 1328 39 28 24 31 74 39 21 21 878 23 115 22 168 293 27 40 20 29 35 40 26 45 30 26 221
internal_value=-5.96967e-09 -0.304952 0.763134 0.585804 0.701968 0.358003 -0.922449 0.790509 2.22671 1.07818 0.0695765 0.677748 1.13139 0.036797 -0.121419 -0.0835522 0.26196 0.379884 0.231265 -0.0617969 -0.649441 -0.174322 0.622136 0.916693 1.20967 1.57581 1.17621 0.520831 0.269717 0.481823
internal_weight=14889 10638 4251 2720 1739 356 67 1383 55 1531 2014 103 82 1911 1033 1010 43 981 608 315 87 60 373 205 170 111 85 59 362 247
internal_count=14889 10638 4251 2720 1739 356 67 1383 55 1531 2014 103 82 1911 1033 1010 43 981 608 315 87 60 373 205 170 111 85 59 362 247
is_linear=0
shrinkage=0.05


Tree=67
num_leaves=31
num_cat=0
split_feature=4 6 6 1 2 6 0 5 1 0 3 2 5 4 6 5 1 1 6 3 6 0 5 3 5 4 6 0 6 1
split_gain=1.25641e+06 149729 46756.2 32321 32523.9 28035.2 20319.8 18364.6 33421.7 55071.5 29241.8 18134.3 28677.4 19643.9 18820 17155.1 26616.8 21359.5 22674.6 24714.9 18937.2 15120.8 17343.6 26688.6 33913.4 14954.2 14086.1 15069.7 16864.2 13891.3
threshold=276.50000000000006 626.50000000000011 68.500000000000014 644.50000000000011 35.500000000000007 875.50000000000011 26.050000000000004 99.500000000000014 798.50000000000011 19.250000000000004 7.5000000000000009 72.500000000000014 58.500000000000007 447.50000000000006 551.50000000000011 78.500000000000014 684.50000000000011 834.50000000000011 847.50000000000011 18.500000000000004 855.50000000000011 28.650000000000002 59.500000000000007 6.5000000000000009 69.500000000000014 615.50000000000011 516.50000000000011 15.850000000000003 414.50000000000006 291.50000000000006
decision_type=2 2 2 2 2 2 2 2 2 2 2 2 2 2 2 2 2 2 2 2 2 2 2 2 2 2 2 2 2 2
left_child=2 3 -1 6 -5 7 11 15 9 -9 -11 13 -13 14 26 17 -17 20 -19 -20 21 22 -3 -24 -25 -6 27 28 -2 -15
right_child=1 5 -4 4 25 -7 -8 8 -10 10 -12 12 -14 29 -16 16 -18 18 19 -21 -22 -23 23 24 -26 -27 -28 -29 -30 -31
leaf_value=-0.38523216406630456 -0.24583143117869724 0.63397489701129173 -0.092798467325318254 -0.64671457030556423 2.3901634793127737 1.1774103506398896 0.51960863480502806 -1.0028452510795285 -1.3510637936768708 0.25612672025507149 2.6396428138738681 0.11195375831642498 1.3851860977709294 1.6461659136600795 -1.4275359434925994 2.477466035708785 0.80672392602694254 1.7038262844566376 1.0348067910671235 -0.83636460423469539 2.2085328661260148 0.88739370369230919 1.3012437423070273 -1.9551271975040436 0.37947511741093232 1.1052306783163832 1.1049315090837151 0.099144168073470706 -1.7557469571178612 0.31010766776085569
leaf_weight=8060 116 652 1646 22 31 685 882 31 27 22 31 96 82 20 23 40 59 124 150 20 21 575 24 28 35 84 29 538 22 714
leaf_count=8060 116 652 1646 22 31 685 882 31 27 22 31 96 82 20 23 40 59 124 150 20 21 575 24 28 35 84 29 538 22 714
internal_value=-3.76782e-09 0.628539 -0.33564 0.36671 1.11465 0.904373 0.32608 0.80267 0.17925 0.671137 1.65026 0.222 0.698499 0.163985 -0.0200462 0.842716 1.48177 0.803879 1.18969 0.814669 0.718914 0.695107 0.545493 -0.11761 -0.658126 1.4516 0.0258719 -0.0204191 -0.486543 0.346513
internal_weight=14889 5183 9706 2659 137 2524 2522 1839 111 84 53 1640 178 1462 728 1728 99 1629 294 170 1335 1314 739 87 63 115 705 676 138 734
internal_count=14889 5183 9706 2659 137 2524 2522 1839 111 84 53 1640 178 1462 728 1728 99 1629 294 170 1335 1314 739 87 63 115 705 676 138 734
is_linear=0
shrinkage=0.05


Tree=68
num_leaves=31
num_cat=0
split_feature=4 6 1 1 2 6 0 4 2 5 4 1 0 5 5 1 0 0 5 1 6 6 8 6 3 8 2 1 2 3
split_gain=1.13391e+06 135131 42265.5 29169.7 29352.8 25301.8 18338.6 17570.4 16605 35183.8 17349.4 16452.3 17518 42919.7 15774.5 33150.2 49702 28420.9 15905.5 25057.5 15190.9 18502.3 21641.7 21435.3 14872.6 14372.8 29648.2 16798.3 17731.9 13778.9
threshold=276.50000000000006 626.50000000000011 153.50000000000003 644.50000000000011 35.500000000000007 875.50000000000011 26.050000000000004 892.50000000000011 76.500000000000014 59.500000000000007 438.50000000000006 280.50000000000006 23.350000000000005 49.500000000000007 99.500000000000014 798.50000000000011 19.250000000000004 25.150000000000002 78.500000000000014 684.50000000000011 551.50000000000011 496.50000000000006 3.5000000000000004 468.50000000000006 99.500000000000014 4.5000000000000009 35.500000000000007 325.50000000000006 59.500000000000007 36.500000000000007
decision_type=2 2 2 2 2 2 2 2 2 2 2 2 2 2 2 2 2 2 2 2 2 2 2 2 2 2 2 2 2 2
left_child=2 3 -1 6 -5 7 8 14 10 -10 20 -12 -13 -14 18 16 -16 -18 -3 -20 21 23 -23 24 -2 26 -4 -27 -29 -7
right_child=1 5 25 4 -6 29 -8 -9 9 -11 11 12 13 -15 15 -17 17 -19 19 -21 -22 22 -24 -25 -26 27 -28 28 -30 -31
leaf_value=-0.35486633956155927 -0.049820341429214925 0.73432157393793585 -2.0555361928926277 -0.61437878175215288 1.3790236976742745 1.0381531100112582 0.49362820274985336 1.6189588698847541 -0.113968870572226 1.9206913286908751 1.7125630231130693 0.39180533370193449 0.22660788807176774 -2.1069987051486971 -0.95270299339486708 -1.4054897863131304 2.621058650263425 0.29499282042185465 2.3535927164554598 0.72689249166126912 -1.2682222964970962 1.9618737505032469 -0.16890256296504627 -1.2937798661179842 0.74897012898555171 0.053540196294259081 -0.15872683538882823 2.1627253736555576 0.082477806863330672 1.7441134229684487
leaf_weight=8673 563 1573 22 22 115 607 882 58 43 42 21 685 93 25 31 26 29 24 40 58 23 26 22 32 65 646 324 20 21 78
leaf_count=8673 563 1573 22 22 115 607 882 58 43 42 21 685 93 25 31 26 29 24 40 58 23 26 22 32 65 646 324 20 21 78
internal_value=3.14462e-09 0.597112 -0.318858 0.348374 1.05892 0.859154 0.309776 0.762537 0.2109 0.891393 0.173702 0.331007 0.294877 -0.2678 0.734646 0.154673 0.63758 1.56775 0.772825 1.39085 -0.0036156 0.0374663 0.985268 -0.0314648 0.032857 -0.0165303 -0.279333 0.115828 1.09723 1.11854
internal_weight=14889 5183 9706 2659 137 2524 2522 1839 1640 85 1555 824 803 118 1781 110 84 53 1671 98 731 708 48 660 628 1033 346 687 41 685
internal_count=14889 5183 9706 2659 137 2524 2522 1839 1640 85 1555 824 803 118 1781 110 84 53 1671 98 731 708 48 660 628 1033 346 687 41 685
is_linear=0
shrinkage=0.05


Tree=69
num_leaves=31
num_cat=0
split_feature=4 4 6 0 4 2 2 5 1 4 0 3 1 1 6 5 1 0 0 3 2 3 8 6 1 4 4 2 3 1
split_gain=1.0243e+06 119965 60961.5 19938.1 15495.3 15423.8 14931.2 74306.7 43379.9 22425.2 14227 28840.8 52037.4 49133.3 32078.3 17731.4 17157.4 16087.8 21468.5 19424.9 23502.1 17159.9 15826.8 14172.7 13082.2 12980.9 16377.2 31968.2 12931.9 12174.8
threshold=423.50000000000006 194.50000000000003 765.50000000000011 16.250000000000004 1.5000000000000002 75.500000000000014 40.500000000000007 85.500000000000014 801.50000000000011 810.50000000000011 26.250000000000004 27.500000000000004 485.50000000000006 512.50000000000011 512.50000000000011 46.500000000000007 594.50000000000011 15.950000000000001 21.850000000000005 43.500000000000007 52.500000000000007 96.500000000000014 2.5000000000000004 948.50000000000011 640.50000000000011 632.50000000000011 682.50000000000011 58.500000000000007 24.500000000000004 439.50000000000006
decision_type=2 2 2 2 2 2 2 2 2 2 2 2 2 2 2 2 2 2 2 2 2 2 2 2 2 2 2 2 2 2
left_child=1 4 3 5 -1 -2 7 24 -8 -10 11 13 14 28 15 -13 -15 21 19 -19 -21 -17 -22 25 -5 -4 27 -27 -3 -12
right_child=2 10 23 6 -6 -7 8 -9 9 -11 29 12 -14 16 -16 17 -18 18 -20 20 22 -23 -24 -25 -26 26 -28 -29 -30 -31
leaf_value=-0.36383755762135978 0.028925746741394205 -0.038661170705484277 1.7780364537850404 0.26254668312945534 -0.21105423324674777 1.3522032608588539 0.59406640695373791 -1.8055718384291 3.16705157160759 1.1312625306267892 0.2613571018078229 -0.11921007219305049 2.2928116275418193 -2.9228496021032337 -1.7312764820598421 -0.45897438366021687 -0.85177557945251481 2.2702426208899573 -0.3475608313083649 2.2274229785670405 -0.42628272622823715 0.99690971621151636 0.87421454926331832 1.4031631596491372 0.89406802693897114 -1.5723980224132539 0.88471778177743232 1.1342704355716706 -1.2459111130755882 1.110341049105172
leaf_weight=6881 267 624 39 196 2187 24 1797 38 24 31 515 183 31 20 21 67 20 26 35 23 34 29 75 142 141 20 1306 24 23 46
leaf_count=6881 267 624 39 196 2187 24 1797 38 24 31 515 183 31 20 21 67 20 26 35 23 34 29 75 142 141 20 1306 24 23 46
internal_value=-4.27251e-09 -0.25346 0.678565 0.527285 -0.32699 0.138062 0.578144 0.290429 0.636402 2.01961 0.122816 0.026388 0.30578 -0.186715 0.180835 0.265908 -1.88731 0.509772 0.772875 1.02107 0.775024 -0.0191761 0.468555 0.927373 0.526774 0.878732 0.852753 -0.0960334 -0.0815773 0.330971
internal_weight=14889 10840 4049 2518 9068 291 2227 375 1852 55 1772 1211 524 687 493 472 40 289 193 158 132 96 109 1531 337 1389 1350 44 647 561
internal_count=14889 10840 4049 2518 9068 291 2227 375 1852 55 1772 1211 524 687 493 472 40 289 193 158 132 96 109 1531 337 1389 1350 44 647 561
is_linear=0
shrinkage=0.05


Tree=70
num_leaves=31
num_cat=0
split_feature=4 4 4 6 5 4 0 3 2 3 4 5 5 8 4 5 1 8 1 7 8 4 3 0 2 0 2 1 7 5
split_gain=925323 111276 35397.3 26982.8 19888.6 18915.5 15922.8 17135.4 25699.1 32699.5 21046.9 25604.2 21915.9 51472.4 20233.3 40790.7 34059.1 20211.6 18968.4 18426 18240 16095.9 15617.4 43269.8 81282 15795.9 15160.8 86925.4 19053.3 36991
threshold=276.50000000000006 568.50000000000011 66.500000000000014 875.50000000000011 18.500000000000004 892.50000000000011 29.150000000000002 27.500000000000004 48.500000000000007 83.500000000000014 495.50000000000006 61.500000000000007 69.500000000000014 4.5000000000000009 504.50000000000006 77.500000000000014 488.50000000000006 4.5000000000000009 472.50000000000006 11.500000000000002 10.500000000000002 401.50000000000006 36.500000000000007 24.450000000000003 59.500000000000007 28.450000000000003 44.500000000000007 858.50000000000011 12.500000000000002 64.500000000000014
decision_type=2 2 2 2 2 2 2 2 2 2 2 2 2 2 2 2 2 2 2 2 2 2 2 2 2 2 2 2 2 2
left_child=2 4 -1 5 -2 26 7 10 9 18 11 20 13 -13 16 19 -10 -14 -9 -16 -6 -11 23 24 -5 -24 27 28 29 -3
right_child=1 3 -4 22 6 -7 -8 8 14 21 -12 12 17 -15 15 -17 -18 -19 -20 -21 -22 -23 25 -25 -26 -27 -28 -29 -30 -31
leaf_value=-0.3313962182347544 0.049554375289911551 0.43209372248146788 -0.077746182836544678 -2.2049317487080891 0.37719700521537786 1.5008688053144859 0.77313308559457294 -2.2815026299519974 0.65325898939198623 -0.30680159282684327 0.63341227474800776 0.17598594805369011 -0.52267109540201007 -3.1101078242063522 1.902325709435073 -1.493235258658727 2.024516963283971 0.53523644889429423 -0.1539309024810791 0.19456138126552106 -0.84961305937983767 1.4538644084223995 2.1834731742739679 1.1005767532131252 1.0871187748908997 0.60982745367547742 0.70811833976906158 -2.4798922417163851 0.82071980882401552 -1.6211302599906923
leaf_weight=8047 670 179 1659 30 370 65 216 22 311 25 188 26 124 22 22 30 53 71 20 56 33 27 52 527 50 23 1651 25 270 25
leaf_count=8047 670 179 1659 30 370 65 216 22 311 25 188 26 124 22 22 30 53 71 20 56 33 27 52 527 50 23 1651 25 270 25
internal_value=-3.96507e-10 0.539403 -0.288041 0.745203 0.278598 0.66053 0.37356 0.311912 0.524249 -0.230717 0.167807 0.0323057 -0.373071 -1.33014 0.674603 0.0736069 0.85292 -0.137484 -1.26837 0.676238 0.276739 0.60739 1.0202 0.936099 -0.1474 1.70089 0.635124 0.393614 0.545171 0.180473
internal_weight=14889 5183 9706 2897 2286 2215 1616 1400 566 94 834 646 243 48 472 108 364 195 42 78 403 52 682 607 80 75 2150 499 474 204
internal_count=14889 5183 9706 2897 2286 2215 1616 1400 566 94 834 646 243 48 472 108 364 195 42 78 403 52 682 607 80 75 2150 499 474 204
is_linear=0
shrinkage=0.05


Tree=71
num_leaves=31
num_cat=0
split_feature=4 4 6 0 2 4 2 1 7 5 5 8 0 0 5 2 0 1 2 4 8 0 5 6 3 1 2 0 1 3
split_gain=836660 97914.1 50942.4 17298.4 13599.4 12931.8 12875.2 30983.3 14479.1 24174 12262 20543.7 54785.9 18560.5 69668.1 61088.6 68679.7 17132.5 25500.4 15279.1 12074.4 41185 47824.1 22925.4 43183.4 52422.1 67306.7 20802 25121.5 17407.7
threshold=423.50000000000006 178.50000000000003 765.50000000000011 16.250000000000004 75.500000000000014 955.50000000000011 61.500000000000007 798.50000000000011 14.500000000000002 62.500000000000007 37.500000000000007 3.5000000000000004 19.750000000000004 29.250000000000004 29.500000000000004 63.500000000000007 28.350000000000005 689.50000000000011 32.500000000000007 861.50000000000011 4.5000000000000009 22.450000000000003 75.500000000000014 430.50000000000006 25.500000000000004 492.50000000000006 60.500000000000007 16.050000000000004 244.50000000000003 50.500000000000007
decision_type=2 2 2 2 2 2 2 2 2 2 2 2 2 2 2 2 2 2 2 2 2 2 2 2 2 2 2 2 2 2
left_child=1 -1 3 4 -2 10 -5 8 -8 -10 13 -12 -13 14 -4 16 -16 -14 -19 -20 21 23 -23 -3 -25 26 -26 28 -22 -29
right_child=2 20 5 6 -6 -7 7 -9 9 -11 11 12 17 -15 15 -17 -18 18 19 -21 27 22 -24 24 25 -27 -28 29 -30 -31
leaf_value=-0.29848059445965885 0.0099588833777199074 -0.10073015431513672 0.76170271257702404 0.43984997995724334 1.252513389910261 1.5540702151470498 0.82872735939430775 2.3589217344919842 0.52449547593561252 -0.93250156161375353 2.155450855748994 -1.1731019731362662 2.4210395392917454 0.88343114210405815 -4.1139811033552345 0.91836422590109024 -0.16315651129592548 -0.47696298031971374 0.91527504404791848 1.6121343063939477 0.33883559703826904 0.06447135861963034 -3.1261325991672018 -0.63780128476096365 -1.2831288566956154 3.5007278260730561 2.2203114918593703 0.17191534103586315 -1.643351692864389 0.78296791433610702
leaf_weight=8934 267 550 278 1514 24 61 396 27 258 32 35 30 21 494 22 26 22 29 416 97 31 24 23 41 26 21 29 996 33 132
leaf_count=8934 267 550 278 1514 24 61 396 27 258 32 35 30 21 494 22 26 22 29 416 97 31 24 23 41 26 21 29 996 33 132
internal_value=-3.02007e-09 -0.229072 0.613271 0.47498 0.112438 0.840716 0.522353 0.697541 0.632151 0.363723 0.811114 0.978327 0.90885 0.6864 0.406706 -1.00314 -2.13857 1.01979 0.965497 1.04704 0.09627 -0.0663336 -1.49689 0.0344701 0.670027 1.37557 0.56414 0.193668 -0.68323 0.243421
internal_weight=14889 10840 4049 2518 291 1531 2227 713 686 290 1470 628 593 842 348 70 44 563 542 513 1906 714 47 667 117 76 55 1192 64 1128
internal_count=14889 10840 4049 2518 291 1531 2227 713 686 290 1470 628 593 842 348 70 44 563 542 513 1906 714 47 667 117 76 55 1192 64 1128
is_linear=0
shrinkage=0.05


Tree=72
num_leaves=31
num_cat=0
split_feature=4 6 6 1 4 5 0 1 1 1 5 5 6 8 2 5 3 6 1 1 5 1 1 2 6 6 0 8 6 7
split_gain=755170 93737.3 28327.7 23392.7 29238.1 53586.4 19882.5 16456.6 24322.4 17490.3 15429.6 33535.5 36875.7 58240 154899 18313 28993.3 17999.9 24858.1 17967.2 17961.5 34446.8 29621.3 20551.5 33917.6 32433.6 35551.3 34338.4 18740.5 17332.9
threshold=272.50000000000006 626.50000000000011 68.500000000000014 644.50000000000011 615.50000000000011 65.500000000000014 29.450000000000003 468.50000000000006 411.50000000000006 351.50000000000006 10.500000000000002 37.500000000000007 865.50000000000011 5.5000000000000009 60.500000000000007 99.500000000000014 54.500000000000007 855.50000000000011 827.50000000000011 868.50000000000011 81.500000000000014 840.50000000000011 684.50000000000011 59.500000000000007 652.50000000000011 718.50000000000011 24.450000000000003 3.5000000000000004 656.50000000000011 14.500000000000002
decision_type=2 2 2 2 2 2 2 2 2 2 2 2 2 2 2 2 2 2 2 2 2 2 2 2 2 2 2 2 2 2
left_child=2 3 -1 -2 -5 -6 10 8 9 -4 -3 12 -12 14 -14 17 29 20 -19 -20 21 23 -22 24 -13 -26 27 -27 -25 -17
right_child=1 6 7 4 5 -7 -8 -9 -10 -11 11 15 13 -15 -16 16 -18 18 19 -21 22 -23 -24 28 25 26 -28 -29 -30 -31
leaf_value=-0.29979183882938826 0.24554931205793551 0.8556039247755195 -0.088767935249522048 2.2128993832703792 1.0585339729984602 -1.8212451505661011 0.87516279117519591 1.1538411546636511 -1.7813497043791273 1.3002952337265015 0.38347670447038507 -1.7493346504543137 -5.3189159062504778 0.38828228477467885 0.90399779871106145 1.1105498250508519 -1.0764786756700939 2.7476304918527603 -0.34360824610505786 1.2694715398949448 2.6844493932194182 1.9703341634649982 0.48024412904466901 1.8069595008674597 1.1053914503043367 -0.036453999514723646 0.53317987655892096 -2.5932346552610399 0.53579304118284443 -0.44728143490277805
leaf_weight=8060 2556 399 1541 33 84 20 1013 27 21 23 261 23 20 47 20 57 36 24 21 97 27 38 35 36 74 29 68 24 149 26
leaf_count=8060 2556 399 1541 33 84 20 1013 27 21 23 261 23 20 47 20 57 36 24 21 97 27 38 35 36 74 29 68 24 149 26
internal_value=6.2651e-09 0.48485 -0.261524 0.279666 0.916187 0.50473 0.703772 -0.0701856 -0.0910366 -0.0683405 0.588868 0.49316 0.086317 -0.805162 -2.20746 0.678476 0.108561 0.783623 1.28075 0.982398 0.643282 0.531252 1.44014 0.395557 0.0666317 0.280823 -0.223459 -1.19424 0.783155 0.622554
internal_weight=14889 5217 9672 2693 137 104 2524 1612 1585 1564 1511 1112 348 87 40 764 119 645 142 118 503 441 62 403 218 195 121 53 185 83
internal_count=14889 5217 9672 2693 137 104 2524 1612 1585 1564 1511 1112 348 87 40 764 119 645 142 118 503 441 62 403 218 195 121 53 185 83
is_linear=0
shrinkage=0.05


Tree=73
num_leaves=31
num_cat=0
split_feature=4 4 6 4 4 0 2 5 1 0 4 3 3 8 5 5 6 4 3 4 5 3 0 5 2 0 3 1 1 6
split_gain=685186 79358.9 42910.6 20971.7 40399 15645.2 14992.6 55174.7 31844.9 28680.8 19163.7 15478.6 22615.1 13067.5 13905.2 12763.7 19271.7 16483 18664.2 30948.3 34934.5 16496.9 12534.6 25311.6 12298 11843.8 23260.4 42863 40904.3 29869.9
threshold=423.50000000000006 194.50000000000003 783.50000000000011 661.50000000000011 690.50000000000011 16.250000000000004 40.500000000000007 85.500000000000014 816.50000000000011 25.050000000000004 810.50000000000011 99.500000000000014 78.500000000000014 8.5000000000000018 48.500000000000007 43.500000000000007 430.50000000000006 667.50000000000011 65.500000000000014 504.50000000000006 70.500000000000014 62.500000000000007 19.750000000000004 49.500000000000007 75.500000000000014 26.250000000000004 27.500000000000004 512.50000000000011 485.50000000000006 512.50000000000011
decision_type=2 2 2 2 2 2 2 2 2 2 2 2 2 2 2 2 2 2 2 2 2 2 2 2 2 2 2 2 2 2
left_child=1 -1 5 -4 -5 24 7 11 15 -9 -10 12 13 14 -7 -8 -17 18 -18 -20 -21 -19 23 -6 -2 26 27 -3 29 -28
right_child=2 25 3 4 22 6 8 9 10 -11 -12 -13 -14 -15 -16 16 17 21 19 20 -22 -23 -24 -25 -26 -27 28 -29 -30 -31
leaf_value=-0.26710452131121454 -0.0048869418308194659 -0.082422399666762042 1.8695743447819422 -1.4280011301948912 0.89407170470803976 0.4667998402009168 0.39966028341664067 -2.8910415059328081 2.9199062949135191 -0.24539048331124441 0.9760559860616923 1.6849677123806694 -1.197326820311339 -0.0098254566861165557 1.5270986304177265 1.6111881012916567 0.61042366246664037 0.86396841560408744 0.94414375498890879 0.33164742685133414 -2.0617829521497089 2.4208529031276704 0.81421629598233314 -1.3733965774346144 1.1767182379961014 0.28866035314724009 0.23298329517632033 -1.7690044517815116 2.0233642851152727 -1.6942285492306663
leaf_weight=9068 267 647 43 21 32 166 1166 20 21 21 32 22 23 111 38 50 485 114 40 31 30 20 1252 20 24 561 472 40 31 21
leaf_count=9068 267 647 43 21 32 166 1166 20 21 21 32 22 23 111 38 50 485 114 40 31 30 20 1252 20 24 561 472 40 31 21
internal_value=5.56781e-09 -0.207301 0.554986 0.782854 0.747587 0.438715 0.480861 0.201957 0.537091 -1.53595 1.74626 0.399885 0.316241 0.426755 0.664306 0.503988 0.661971 0.596053 0.481653 -0.1367 -0.845449 1.09634 0.782624 0.0219685 0.092565 0.0987385 0.0107565 -0.180622 0.261667 0.150891
internal_weight=14889 10840 4049 1368 1325 2681 2390 401 1989 41 53 360 338 315 204 1936 770 720 586 101 61 134 1304 52 291 1772 1211 687 524 493
internal_count=14889 10840 4049 1368 1325 2681 2390 401 1989 41 53 360 338 315 204 1936 770 720 586 101 61 134 1304 52 291 1772 1211 687 524 493
is_linear=0
shrinkage=0.05


Tree=74
num_leaves=31
num_cat=0
split_feature=6 4 4 5 5 0 7 0 3 8 3 8 5 0 1 1 3 5 4 0 2 4 0 6 1 4 8 3 3 0
split_gain=621925 74402.8 41040.3 17760 36493.6 30666.1 20072.8 62319.7 42912 31122.7 22971.6 19872.4 20981.5 19459.3 17180.1 24400.7 16501.4 26755.9 15878.8 14771.2 23536.7 14512.7 14520.6 15025.5 14230.1 13671.3 13576.5 20211.5 12913.3 12900.6
threshold=427.50000000000006 197.50000000000003 714.50000000000011 99.500000000000014 80.500000000000014 18.850000000000005 13.500000000000002 24.250000000000004 92.500000000000014 3.5000000000000004 27.500000000000004 2.5000000000000004 51.500000000000007 16.550000000000004 626.50000000000011 539.50000000000011 90.500000000000014 50.500000000000007 447.50000000000006 15.450000000000001 62.500000000000007 513.50000000000011 16.250000000000004 187.50000000000003 414.50000000000006 967.50000000000011 1.5000000000000002 42.500000000000007 75.500000000000014 28.750000000000004
decision_type=2 2 2 2 2 2 2 2 2 2 2 2 2 2 2 2 2 2 2 2 2 2 2 2 2 2 2 2 2 2
left_child=1 -1 3 4 11 19 7 8 9 10 -5 12 -2 -8 15 21 29 24 -19 -6 -21 22 28 -24 -18 -4 -14 -28 -3 -13
right_child=2 14 25 6 5 -7 13 -9 -10 -11 -12 16 26 -15 -16 -17 17 18 -20 20 -22 -23 23 -25 -26 -27 27 -29 -30 -31
leaf_value=-0.25601505383483558 0.26212390114863715 -0.38874990237631885 0.69122304327410389 -0.57578478693962099 0.88066135644912724 0.61108978186167928 1.8265172634273767 2.0539535556520736 -2.893516564369202 -1.6025052705231837 1.5245036246417012 0.27707522843099952 0.25256031894435488 0.17459271850727373 1.2001161840983801 -1.2449632535962498 -0.58181910845968454 0.57514898300170902 2.286878102166312 1.3630444036288696 3.6758874849839644 0.94707242834568017 0.96752100577408617 0.12241474198214618 0.81975824995474389 1.8050854512623378 -0.3072464860718826 -2.2920083709385088 0.34423477476156217 0.57587504123707545
leaf_weight=9085 177 251 1706 30 20 102 21 21 22 34 23 947 24 118 35 34 27 20 42 22 22 50 55 1203 55 28 29 23 79 584
leaf_count=9085 177 251 1706 30 20 102 21 21 22 34 23 947 24 118 35 34 27 20 42 22 22 50 55 1203 55 28 29 23 79 584
internal_value=-3.32418e-09 -0.199108 0.524474 0.388913 0.438043 1.1494 0.00646589 -0.44015 -0.920665 -0.421783 0.335661 0.376796 -0.036241 0.424164 0.103764 0.0808145 0.439183 0.950899 1.73471 2.00734 2.51947 0.108334 0.081925 0.159363 0.358263 0.709209 -0.731117 -1.18512 -0.213278 0.391052
internal_weight=14889 10792 4097 2363 2094 166 269 130 109 87 53 1928 253 139 1707 1672 1675 144 62 64 44 1638 1588 1258 82 1734 76 52 330 1531
internal_count=14889 10792 4097 2363 2094 166 269 130 109 87 53 1928 253 139 1707 1672 1675 144 62 64 44 1638 1588 1258 82 1734 76 52 330 1531
is_linear=0
shrinkage=0.05


Tree=75
num_leaves=31
num_cat=0
split_feature=6 4 4 4 1 5 4 1 1 0 4 2 5 4 5 5 3 1 4 0 6 3 5 5 3 6 5 3 0 0
split_gain=561287 67148.5 37371.2 16972.4 16826.5 25597.2 17309.2 15505 22021.7 13970 15365.7 13987.4 22850.1 14947.1 40443.2 18845.2 13924.7 13587.1 11788.2 11688.5 20644.7 11495.3 11173.1 10426.3 36268.2 24965.9 11018 20588.2 26386.4 10154.7
threshold=427.50000000000006 197.50000000000003 747.50000000000011 236.50000000000003 820.50000000000011 79.500000000000014 287.50000000000006 626.50000000000011 539.50000000000011 29.050000000000004 329.50000000000006 72.500000000000014 68.500000000000014 379.50000000000006 96.500000000000014 78.500000000000014 73.500000000000014 448.50000000000006 967.50000000000011 23.650000000000002 414.50000000000006 42.500000000000007 30.500000000000004 68.500000000000014 56.500000000000007 868.50000000000011 37.500000000000007 85.500000000000014 21.650000000000002 24.250000000000004
decision_type=2 2 2 2 2 2 2 2 2 2 2 2 2 2 2 2 2 2 2 2 2 2 2 2 2 2 2 2 2 2
left_child=1 -1 3 -2 6 -6 -5 8 17 10 -8 13 -13 14 15 -12 -11 19 23 20 21 -3 -23 26 25 -25 -4 28 -28 -30
right_child=2 7 18 4 5 -7 9 -9 -10 16 11 12 -14 -15 -16 -17 -18 -19 -20 -21 -22 22 -24 24 -26 -27 27 -29 29 -31
leaf_value=-0.24321429178199436 1.8001768407367527 -0.13797251674546818 0.6204380593707044 -0.82244653970964487 2.066837986186147 0.15379715544335984 1.2659922856464982 1.1401103299004691 -1.1827150982968948 0.52570262892237729 -0.60192601297582904 0.35814083094747978 2.0039724842707316 0.27132573795843623 -2.0828164508342741 1.5163171115375702 1.8660939002037047 0.68986359214590443 1.7148311597960337 0.22960692137318564 -1.1314503462541672 -0.13376752303125777 0.47300318048683682 1.7685485617867833 -1.7175262773036957 -0.41155457124114037 -0.31225731352513492 2.2926550177427436 1.7491995484401022 0.8893178967752523
leaf_weight=9085 21 535 987 31 36 34 40 35 34 621 21 71 30 1642 25 21 20 93 28 647 42 123 198 29 20 24 44 26 39 287
leaf_count=9085 21 535 987 31 36 34 40 35 34 621 21 71 30 1642 25 21 20 93 28 647 42 123 198 29 20 24 44 26 39 287
internal_value=2.09948e-09 -0.189152 0.498251 0.384448 0.372978 1.13765 0.351754 0.0985762 0.0767737 0.366366 0.296668 0.275246 0.847002 0.241456 -0.49057 0.457196 0.567525 0.102917 0.698632 0.0675862 -0.0491481 0.00395552 0.240502 0.67909 0.0967133 0.781332 0.70983 0.932633 0.837064 0.992187
internal_weight=14889 10792 4097 2613 2592 70 2522 1707 1672 2491 1850 1810 101 1709 67 42 641 1638 1484 1545 898 856 321 1456 73 53 1383 396 370 326
internal_count=14889 10792 4097 2613 2592 70 2522 1707 1672 2491 1850 1810 101 1709 67 42 641 1638 1484 1545 898 856 321 1456 73 53 1383 396 370 326
is_linear=0
shrinkage=0.05


Tree=76
num_leaves=31
num_cat=0
split_feature=4 1 6 4 4 2 1 7 5 1 6 4 8 8 0 5 1 3 0 1 3 1 3 1 1 8 2 2 5 0
split_gain=506630 59801.8 31621.9 19113.6 35633.8 13899.6 29187.3 28554.9 34769.8 73219.5 44340.4 19974.6 13004.5 12626 40016.8 39845.3 22553.5 69353.4 19394.7 20624.3 17589.9 16998.2 15588.4 14549.3 12549.9 15663.3 16265.2 12137.1 23232.1 15690.5
threshold=423.50000000000006 134.50000000000003 783.50000000000011 661.50000000000011 690.50000000000011 44.500000000000007 816.50000000000011 14.500000000000002 64.500000000000014 666.50000000000011 597.50000000000011 813.50000000000011 2.5000000000000004 4.5000000000000009 22.450000000000003 75.500000000000014 468.50000000000006 25.500000000000004 16.050000000000004 244.50000000000003 1.5000000000000002 503.50000000000006 50.500000000000007 244.50000000000003 472.50000000000006 10.500000000000002 45.500000000000007 74.500000000000014 49.500000000000007 15.950000000000001
decision_type=2 2 2 2 2 2 2 2 2 2 2 2 2 2 2 2 2 2 2 2 2 2 2 2 2 2 2 2 2 2
left_child=1 -1 5 -4 -5 7 27 8 -2 10 -10 -8 -9 14 16 -16 -3 20 19 -15 -18 -19 24 -24 25 -20 -27 29 -29 -7
right_child=2 13 3 4 -6 6 11 12 9 -11 -12 -13 -14 18 15 -17 17 21 22 -21 -22 -23 23 -25 -26 26 -28 28 -30 -31
leaf_value=-0.2388311998321429 0.14377230689731929 -0.11589537692190646 1.7102992256020391 -1.4040862350236802 0.67207385200287217 -0.13009120271924665 2.8613542574644093 -0.42526692633445445 -1.6094856959581376 -3.0198937079002119 1.4966600594697175 0.8073893308639527 0.76482048813937886 0.065516345103581744 0.043755366684248051 -2.7326044482844218 0.38695880499753088 1.1463135910034179 0.1541998745600589 -1.5801562905311586 -1.5906126973421679 3.1603636806661433 0.039212131915522405 1.02279750934745 1.0140306995201269 -1.7387308430671693 -0.18862954595888204 0.35396219740311308 2.2790793819427493 0.42681834124583562
leaf_weight=8562 325 667 43 21 1304 136 20 26 20 29 27 29 196 45 24 28 22 20 1067 33 23 22 61 98 38 20 110 42 25 1806
leaf_count=8562 325 667 43 21 1304 136 20 26 20 29 27 29 196 45 24 28 22 20 1067 33 23 22 61 98 38 20 110 42 25 1806
internal_value=-8.97246e-10 -0.178255 0.477225 0.672837 0.639169 0.377413 0.440052 0.170493 -0.0813736 -1.04417 0.174896 1.64574 0.625441 0.0494241 -0.109655 -1.45121 -0.0171339 0.740038 0.136528 -0.63073 -0.6238 2.20129 0.17946 0.645447 0.119466 0.0910672 -0.427107 0.410645 1.07229 0.387817
internal_weight=14889 10840 4049 1368 1325 2681 2058 623 401 76 47 49 222 2278 806 52 754 87 1472 78 45 42 1394 159 1235 1197 130 2009 67 1942
internal_count=14889 10840 4049 1368 1325 2681 2058 623 401 76 47 49 222 2278 806 52 754 87 1472 78 45 42 1394 159 1235 1197 130 2009 67 1942
is_linear=0
shrinkage=0.05


Tree=77
num_leaves=31
num_cat=0
split_feature=6 4 4 4 4 8 0 0 3 5 2 0 0 8 4 8 0 1 1 1 1 5 1 6 3 0 1 1 3 5
split_gain=457446 55910.9 31006.6 15228.9 14603.2 13785.4 29625.9 18558.1 19266.7 14768.1 13293 13647.1 37101.1 21277.3 28593.4 47931.4 13627.3 26155 13157.7 21025.8 13836.7 13104.4 31969.5 36724 26212.5 43088 32995.3 25125.6 17483.3 17457.2
threshold=427.50000000000006 222.50000000000003 747.50000000000011 236.50000000000003 287.50000000000006 9.5000000000000018 16.550000000000004 22.350000000000005 16.500000000000004 34.500000000000007 76.500000000000014 15.250000000000002 16.450000000000003 2.5000000000000004 543.50000000000011 1.5000000000000002 14.65 578.50000000000011 626.50000000000011 539.50000000000011 448.50000000000006 87.500000000000014 652.50000000000011 613.50000000000011 17.500000000000004 21.850000000000005 758.50000000000011 858.50000000000011 95.500000000000014 48.500000000000007
decision_type=2 2 2 2 2 2 2 2 2 2 2 2 2 2 2 2 2 2 2 2 2 2 2 2 2 2 2 2 2 2
left_child=1 -1 3 -2 -5 9 -7 8 -8 -6 11 16 -13 14 15 -14 17 -11 19 20 -3 27 23 -23 26 -26 -24 28 -15 -30
right_child=2 18 -4 4 5 6 7 -9 -10 10 -12 12 13 21 -16 -17 -18 -19 -20 -21 -22 22 24 -25 25 -27 -28 -29 29 -31
leaf_value=-0.2164335916140202 1.687190107504527 0.078302385668900465 0.63232877201593995 -0.7262243166565896 0.22798052208145281 -1.6838947096596595 -0.37917551019539442 -0.060031936459043735 1.3011027182562878 1.1576224196288321 1.7126714744351128 2.0339200490560287 0.28674662832332698 0.50200965366730221 0.91052154988050471 -2.2569513813141855 -1.0148084434969673 -0.97329054226477951 1.0708747516359602 -1.1389577287084918 0.71224976361769698 0.12883766114711762 -0.91119708151652901 2.4171927154064181 -2.9001828695562755 0.080755946371290424 1.4351465455947385 2.3208238283793134 0.21167000885362977 1.7550668549119379
leaf_weight=9295 21 1336 1484 32 842 23 24 224 59 36 22 39 46 830 40 31 29 24 35 34 92 50 29 27 22 27 31 21 27 57
leaf_count=9295 21 1336 1484 32 842 23 24 224 59 36 22 39 46 830 40 31 29 24 35 34 92 50 29 27 22 27 31 21 27 57
internal_value=5.73108e-09 -0.170761 0.449806 0.346146 0.335281 0.34855 0.0469337 0.176605 0.815239 0.393184 0.4934 0.473764 0.515486 0.467651 -0.173968 -0.73734 -0.124877 0.305257 0.112822 0.0898867 0.119145 0.534618 0.15133 0.931248 -0.399622 -1.25762 0.30108 0.610865 0.571578 1.25898
internal_weight=14889 10792 4097 2613 2592 2560 330 307 83 2230 1388 1366 1277 1238 117 77 89 60 1497 1462 1428 1121 186 77 109 49 60 935 914 84
internal_count=14889 10792 4097 2613 2592 2560 330 307 83 2230 1388 1366 1277 1238 117 77 89 60 1497 1462 1428 1121 186 77 109 49 60 935 914 84
is_linear=0
shrinkage=0.05


Tree=78
num_leaves=31
num_cat=0
split_feature=4 6 6 2 5 3 4 3 4 0 6 4 0 1 3 2 3 0 0 7 2 2 5 4 3 1 1 6 0 5
split_gain=413414 49863.1 26765.5 15014.1 53028.8 29522.5 13312.7 15511.2 15298.6 15110.7 13974.6 14714.1 12879.4 12535.2 22904 70623.9 32223.4 21161 15070.8 13590.3 12766.3 11882 11793.4 11703.3 11395.2 47063.8 25416.2 25355.9 19828.5 16656
threshold=423.50000000000006 104.50000000000001 626.50000000000011 39.500000000000007 58.500000000000007 7.5000000000000009 919.50000000000011 3.5000000000000004 916.50000000000011 24.350000000000005 911.50000000000011 484.50000000000006 17.650000000000002 594.50000000000011 52.500000000000007 40.500000000000007 73.500000000000014 19.250000000000004 22.950000000000003 14.500000000000002 61.500000000000007 74.500000000000014 21.500000000000004 803.50000000000011 27.500000000000004 485.50000000000006 512.50000000000011 512.50000000000011 23.250000000000004 25.500000000000004
decision_type=2 2 2 2 2 2 2 2 2 2 2 2 2 2 2 2 2 2 2 2 2 2 2 2 2 2 2 2 2 2
left_child=1 -1 3 4 -2 -6 8 9 10 -8 11 -4 21 19 -15 -16 -17 -18 -19 20 -13 -5 -14 -12 26 27 28 29 -3 -26
right_child=2 24 6 12 5 -7 7 -9 -10 -11 23 13 22 14 15 16 17 18 -20 -21 -22 -23 -24 -25 25 -27 -28 -29 -30 -31
leaf_value=-0.21900304421275307 0.25787085699664675 -0.20408121063965196 1.7240863084793092 0.018216162964701653 -0.42837595712570914 -3.1125703048706055 -0.62968761270696472 1.4110468372025275 -0.85033414851696731 0.77534403792854878 1.9676306396722794 2.0731697390760693 0.18468152075694003 0.47917306456727893 -2.242532567679882 -0.90020703841478411 -0.19858422106818152 2.0948082868129978 0.66210125207901005 0.26400374457949688 0.70239498524954824 1.0367655971357901 0.56324742737269362 0.76752815384079232 -0.27778803699576854 1.8657419927418233 -1.1952554585493129 -1.5671356125311418 0.14840674088401903 0.28999278974578291
leaf_weight=8388 177 701 23 375 21 20 22 88 21 147 23 35 312 1716 32 39 38 31 45 42 33 31 604 174 169 40 46 22 926 548
leaf_count=8388 177 701 23 375 21 20 22 88 21 147 23 35 312 1716 32 39 38 31 45 42 33 31 604 174 169 40 46 22 926 548
internal_value=3.81382e-09 -0.161023 0.431092 0.267006 -0.11745 -1.73774 0.531807 0.872742 0.4929 0.592441 0.505543 0.466599 0.330403 0.452217 0.422188 -0.106388 0.340388 0.764802 1.24649 0.971165 1.40794 0.0959872 0.434304 0.907642 0.0373183 0.195279 -0.0362331 0.104862 -0.00346422 0.156164
internal_weight=14889 10840 4049 1540 218 41 2509 257 2252 169 2231 2034 1322 2011 1901 185 153 114 76 110 68 406 916 197 2452 779 1673 739 1627 717
internal_count=14889 10840 4049 1540 218 41 2509 257 2252 169 2231 2034 1322 2011 1901 185 153 114 76 110 68 406 916 197 2452 779 1673 739 1627 717
is_linear=0
shrinkage=0.05


Tree=79
num_leaves=31
num_cat=0
split_feature=6 4 0 5 5 3 7 0 3 2 2 1 6 6 3 5 5 6 8 4 6 2 4 3 2 7 6 0 5 5
split_gain=373629 46543.7 26253.3 17806.8 47118.6 37986 55736.4 22858.1 16515.8 16098.5 106652 22306.3 40593.4 23483.6 21437.8 22518.9 29575.7 53998.4 20759.1 18246.4 18558.3 15458.5 22909.8 26942.5 14108.5 12701.4 23042.2 13216.7 12102.4 19692.1
threshold=427.50000000000006 222.50000000000003 29.450000000000003 99.500000000000014 89.500000000000014 92.500000000000014 13.500000000000002 16.950000000000003 73.500000000000014 29.500000000000004 27.500000000000004 792.50000000000011 733.50000000000011 855.50000000000011 32.500000000000007 10.500000000000002 38.500000000000007 909.50000000000011 4.5000000000000009 829.50000000000011 897.50000000000011 59.500000000000007 405.50000000000006 17.500000000000004 40.500000000000007 12.500000000000002 578.50000000000011 19.650000000000002 80.500000000000014 65.500000000000014
decision_type=2 2 2 2 2 2 2 2 2 2 2 2 2 2 2 2 2 2 2 2 2 2 2 2 2 2 2 2 2 2
left_child=1 -1 3 4 9 21 -7 -6 -4 10 -2 13 -13 28 15 -14 17 -17 -18 -16 -21 24 -23 -24 -5 -26 -27 -28 29 -11
right_child=2 -3 8 5 7 6 -8 -9 -10 11 -12 12 14 -15 19 16 18 -19 -20 20 -22 22 23 -25 25 26 27 -29 -30 -31
leaf_value=-0.19599737661734129 0.65153910912000224 0.10441375720324325 0.57085627830095376 -0.21261661081779293 2.8054003993670147 -2.7973552806036817 0.15940692618086533 1.0070769625813214 1.895129316051801 0.26908212920574465 -3.4470779101053872 2.1967419103572245 0.87756354851084528 1.7516367529447263 2.4248167951901753 0.16400075348523946 -0.49671291853818628 -2.106477202985968 0.85251685491878626 -0.26214562530318897 1.6326220614569529 -1.7627583634853363 1.4449413946866991 -0.70417925298213957 1.6251183769187414 1.736780247480973 0.69824373722076416 -1.0777023895220323 0.86379608254174922 -0.28691627327771335
leaf_weight=9295 65 1497 1240 41 24 28 37 67 24 1512 21 38 152 26 24 104 36 35 137 24 28 20 25 35 37 23 20 22 74 178
leaf_count=9295 65 1497 1240 41 24 28 37 67 24 1512 21 38 152 26 24 104 36 35 137 24 28 20 25 35 37 23 20 22 74 178
internal_value=-3.02128e-09 -0.154326 0.406514 0.321971 0.36414 -0.0506678 -1.11428 1.48136 0.596001 0.322711 -0.349286 0.347116 0.617173 0.259913 0.506018 0.378518 0.135393 -0.407702 0.571752 1.28444 0.758114 0.259352 -0.297224 0.191288 0.570724 0.885596 0.464636 -0.232014 0.237926 0.210521
internal_weight=14889 10792 4097 2833 2545 288 65 91 1264 2454 86 2368 578 1790 540 464 312 139 173 76 52 223 80 60 143 102 65 42 1764 1690
internal_count=14889 10792 4097 2833 2545 288 65 91 1264 2454 86 2368 578 1790 540 464 312 139 173 76 52 223 80 60 143 102 65 42 1764 1690
is_linear=0
shrinkage=0.05


Tree=80
num_leaves=31
num_cat=0
split_feature=4 1 6 6 1 4 2 0 6 4 4 1 3 5 1 8 6 4 7 5 5 0 1 5 3 2 7 1 0 0
split_gain=337361 41649.2 22443.5 13951.4 12747.8 12269.9 12914.2 15476.2 17819.3 51619.3 15561.8 21098.7 105465 22160.1 28211.5 26803.8 18910.1 15258.2 13978.3 17142.9 16474.1 12811.6 12159 13146 61976.5 24503.2 23363.2 18773.1 15071.9 11813.6
threshold=423.50000000000006 77.500000000000014 626.50000000000011 291.50000000000006 965.50000000000011 484.50000000000006 61.500000000000007 30.050000000000004 931.50000000000011 919.50000000000011 885.50000000000011 858.50000000000011 29.500000000000004 80.500000000000014 652.50000000000011 3.5000000000000004 834.50000000000011 580.50000000000011 15.500000000000002 47.500000000000007 99.500000000000014 24.250000000000004 284.50000000000006 74.500000000000014 92.500000000000014 40.500000000000007 15.500000000000002 644.50000000000011 19.550000000000004 19.650000000000002
decision_type=2 2 2 2 2 2 2 2 2 2 2 2 2 2 2 2 2 2 2 2 2 2 2 2 2 2 2 2 2 2
left_child=1 -1 3 -2 5 -4 7 8 10 -10 11 13 -13 16 -15 -16 17 -7 20 -20 -8 -12 -5 27 25 -25 -27 -24 -29 -3
right_child=2 29 4 22 -6 6 18 -9 9 -11 21 12 -14 14 15 -17 -18 -19 19 -21 -22 -23 23 24 -26 26 -28 28 -30 -31
leaf_value=-0.20196127044675635 0.95037693864468376 -0.098519288054737128 1.6113904916721844 1.2036337931950889 1.1281568908409492 -0.84723533747924695 0.76077860653121254 0.57709035223967975 -2.3703888689478236 0.62321788047750792 1.651055284126385 0.36120073666055519 -3.6835232543945313 2.4720324754714968 1.5725956375534471 -0.21824277068177858 1.0475171463306134 0.21145615123980718 0.42915428974589365 -1.2576905381679535 -0.60266105972392403 0.45205693872911595 0.18641069035647037 -1.1957603775537933 -2.4741533416968124 0.9051345309026021 -0.80530956662618203 0.16224774045821949 1.4424836852720806 0.11329772794929843
leaf_weight=8136 66 1133 23 30 74 36 603 615 24 36 37 83 20 25 37 48 65 623 61 20 23 56 1185 26 26 86 26 39 56 1571
leaf_count=8136 66 1133 23 30 74 36 603 615 24 36 37 83 20 25 37 48 65 623 61 20 23 56 1185 26 26 86 26 39 56 1571
internal_value=4.72599e-09 -0.14546 0.389427 0.239171 0.481652 0.462005 0.451045 0.376544 0.263391 -0.574225 0.312184 0.250956 -0.424183 0.334336 0.995556 0.561299 0.233875 0.153622 0.630711 0.0126494 0.710684 0.929078 0.207326 0.186627 -0.234843 0.187056 0.508067 0.240628 0.916913 0.0245445
internal_weight=14889 10840 4049 1540 2509 2435 2412 1705 1090 60 1030 937 103 834 110 85 724 659 707 81 626 93 1474 1444 164 138 112 1280 95 2704
internal_count=14889 10840 4049 1540 2509 2435 2412 1705 1090 60 1030 937 103 834 110 85 724 659 707 81 626 93 1474 1444 164 138 112 1280 95 2704
is_linear=0
shrinkage=0.05


Tree=81
num_leaves=31
num_cat=0
split_feature=6 4 0 5 5 3 7 2 3 0 7 8 6 3 3 2 8 2 2 3 1 4 0 3 5 5 0 2 5 0
split_gain=306448 38190.3 21864.5 15221.8 42715.1 32288.9 50663.3 21511.9 14925.1 14835.8 32708.4 25557.5 40927.8 34423.8 31423.9 25587.8 14141.6 18239.4 101123 22926.2 27767.4 36217 22368.2 20169.4 16705.8 15554.9 20873.2 13006.8 21444.1 37441.7
threshold=427.50000000000006 222.50000000000003 29.450000000000003 99.500000000000014 89.500000000000014 92.500000000000014 13.500000000000002 64.500000000000014 73.500000000000014 24.250000000000004 14.500000000000002 3.5000000000000004 684.50000000000011 24.500000000000004 20.500000000000004 59.500000000000007 2.5000000000000004 29.500000000000004 27.500000000000004 32.500000000000007 792.50000000000011 816.50000000000011 21.850000000000005 30.500000000000004 68.500000000000014 53.500000000000007 23.850000000000005 58.500000000000007 10.500000000000002 24.750000000000004
decision_type=2 2 2 2 2 2 2 2 2 2 2 2 2 2 2 2 2 2 2 2 2 2 2 2 2 2 2 2 2 2
left_child=1 -1 3 4 16 9 -7 -6 -4 11 -11 12 14 15 -5 -13 -2 18 -18 23 22 -22 -21 27 25 26 -24 28 -19 -30
right_child=2 -3 8 5 7 6 -8 -9 -10 10 -12 13 -14 -15 -16 -17 17 19 -20 20 21 -23 24 -25 -26 -27 -28 -29 29 -31
leaf_value=-0.17751170831689556 -0.039920887385553626 0.0946091738517683 0.51717900878764811 -0.99800259898870414 0.9336222329691275 -2.6387910909218983 0.18019812936718402 2.6781853536764784 1.7760613501071931 2.3617876208346824 -0.33489888147874314 1.4249539515246517 2.3146171835660936 -1.8736545385736407 1.081645876695128 -0.90885837835570182 0.62990424314797933 0.44909494296520469 -3.4841285985708241 0.79407580979451708 3.1143691718578341 0.82157314160808204 -0.97660487873213642 -1.1756099279969932 -0.91304678180638499 1.355858171705542 0.42377450907821057 0.42478836673623627 -0.65079186429489366 0.31232852128698085
leaf_weight=9295 286 1497 1240 39 67 28 37 24 24 23 22 23 25 33 34 24 59 304 20 263 24 61 35 24 34 29 111 793 178 233
leaf_count=9295 286 1497 1240 39 67 28 37 24 24 23 22 23 25 33 34 24 59 304 20 263 24 61 35 24 34 29 111 793 178 233
internal_value=-8.5031e-10 -0.139765 0.368158 0.291004 0.329992 -0.0535259 -1.03414 1.39373 0.541082 0.232302 1.04341 0.0272473 0.568564 -0.635866 -0.0293992 0.23322 0.290546 0.334141 -0.411623 0.362344 0.63705 1.46895 0.487237 0.262467 0.10112 0.298158 0.0880671 0.285354 0.130708 -0.104789
internal_weight=14889 10792 4097 2833 2545 288 65 91 1264 223 45 178 98 80 73 47 2454 2168 79 2089 557 85 472 1532 209 175 146 1508 715 411
internal_count=14889 10792 4097 2833 2545 288 65 91 1264 223 45 178 98 80 73 47 2454 2168 79 2089 557 85 472 1532 209 175 146 1508 715 411
is_linear=0
shrinkage=0.05


Tree=82
num_leaves=31
num_cat=0
split_feature=6 4 4 5 5 2 3 4 4 2 4 3 0 0 5 0 6 3 8 0 4 3 7 2 2 6 1 1 1 4
split_gain=276569 34483.4 20429.7 16213.5 28235.4 28237.7 24659.5 43136.6 46769.3 18325.1 20247.3 39976.5 16488.1 15440.8 15923.8 18849.2 16936.2 12812.3 12019.6 21394.7 20285.2 16631.2 19855.9 11742.3 33990.2 11715.9 11293.1 19080.6 11139.1 17537.9
threshold=427.50000000000006 197.50000000000003 833.50000000000011 99.500000000000014 89.500000000000014 64.500000000000014 65.500000000000014 504.50000000000006 371.50000000000006 40.500000000000007 428.50000000000006 21.500000000000004 24.350000000000005 15.950000000000001 37.500000000000007 34.250000000000007 862.50000000000011 5.5000000000000009 2.5000000000000004 17.150000000000002 539.50000000000011 99.500000000000014 14.500000000000002 32.500000000000007 28.500000000000004 622.50000000000011 626.50000000000011 539.50000000000011 309.50000000000006 460.50000000000006
decision_type=2 2 2 2 2 2 2 2 2 2 2 2 2 2 2 2 2 2 2 2 2 2 2 2 2 2 2 2 2 2
left_child=1 -1 3 4 13 17 9 8 -8 12 11 -11 -5 28 16 18 -15 -6 20 -20 -16 23 25 24 -21 -23 27 -3 -2 -30
right_child=2 26 -4 6 5 -7 7 -9 -10 10 -12 -13 -14 14 15 -17 -18 -19 19 21 -22 22 -24 -25 -26 -27 -28 -29 29 -31
leaf_value=-0.17151822029093736 0.94150229480167447 0.079142608726311875 0.57026548648699249 -1.624191947687756 1.499434523979823 2.8013063476199198 -0.99759011268615727 -2.1860384074124424 1.8992386720397256 -1.5476731292132673 0.87861932333592974 1.2788149351423437 0.35940312862396245 0.23578756617415372 -0.92403120703995223 1.9802561197057367 -1.1625860588117081 0.13967911731906055 1.5912436322468084 0.95724490220132086 0.9146804540107647 0.89561683833599093 -0.00092310667037963877 0.41424080785612027 -1.761058835750041 2.4312861124674483 0.96229460805654521 -1.1175648556036109 -1.5949836772951214 -0.077123599356793346
leaf_weight=9085 21 1638 836 22 30 21 38 33 22 29 109 22 20 1371 40 20 22 41 41 23 24 23 25 1051 23 27 35 34 22 141
leaf_count=9085 21 1638 836 22 30 21 38 33 22 29 109 22 20 1371 40 20 22 41 41 23 24 23 25 1051 23 27 35 34 22 141
internal_value=-1.53098e-09 -0.132777 0.34975 0.293218 0.328378 1.19062 -0.0602972 -0.734026 0.0645804 0.249885 0.493881 -0.328404 -0.679623 0.300777 0.331087 0.457161 0.213703 0.714224 0.433306 0.468542 -0.234514 0.429266 1.14961 0.380018 -0.401907 1.72488 0.0734146 0.0548076 -0.142351 -0.281988
internal_weight=14889 10792 4097 3261 2966 92 295 93 60 202 160 51 42 2874 2690 1297 1393 71 1277 1213 64 1172 75 1097 46 50 1707 1672 184 163
internal_count=14889 10792 4097 3261 2966 92 295 93 60 202 160 51 42 2874 2690 1297 1393 71 1277 1213 64 1172 75 1097 46 50 1707 1672 184 163
is_linear=0
shrinkage=0.05


Tree=83
num_leaves=31
num_cat=0
split_feature=6 4 0 4 3 4 1 1 4 0 6 4 8 0 2 7 0 2 8 5 2 3 2 3 6 5 2 0 0 1
split_gain=249604 31646.5 19146.7 14820.6 13754.5 13748.1 11761 15279.3 12942.3 12338.6 20228.8 11056 16374.9 21916.8 13613.8 10484.9 17219.1 20188.1 37688.3 22722.6 19459.2 21359.3 18735.1 17071.5 15216.4 14399.4 20089.3 55142 166253 14087.4
threshold=427.50000000000006 24.500000000000004 29.450000000000003 236.50000000000003 73.500000000000014 287.50000000000006 626.50000000000011 539.50000000000011 433.50000000000006 25.050000000000004 414.50000000000006 329.50000000000006 9.5000000000000018 16.550000000000004 78.500000000000014 15.500000000000002 19.350000000000005 29.500000000000004 3.5000000000000004 44.500000000000007 35.500000000000007 88.500000000000014 47.500000000000007 48.500000000000007 822.50000000000011 10.500000000000002 61.500000000000007 24.650000000000002 22.950000000000003 542.50000000000011
decision_type=2 2 2 2 2 2 2 2 2 2 2 2 2 2 2 2 2 2 2 2 2 2 2 2 2 2 2 2 2 2
left_child=1 -1 3 -2 -4 -5 7 8 9 10 -3 -7 14 -14 15 16 -13 18 -18 25 -21 22 -22 -24 -23 29 27 28 -27 -19
right_child=2 6 4 5 -6 11 -8 -9 -10 -11 -12 12 13 -15 -16 -17 17 19 -20 20 21 24 23 -25 -26 26 -28 -29 -30 -31
leaf_value=-0.18313643452946787 1.5834218845480965 -0.074352041984583894 0.47113647658332819 -0.7969555539469565 1.6796424531688292 1.0768420972475192 0.91417988572801867 -1.0616866350584828 0.41952371134470079 0.11585310271574634 -1.3826172977685929 0.11092832472989107 -1.6908182224631312 0.019358324141216441 1.4317607251497417 0.068569974317075497 0.61574960397235279 -0.14386866194485079 -2.1655624906222029 -0.60098321374792318 1.7060126170516015 2.4051268543257862 0.67664108982984583 -0.46757287689381183 0.82039665920393812 0.73654464095830918 0.47554790284572079 0.28947230073585678 -4.1874046913782754 0.71852465175207736
leaf_weight=7478 21 1958 1240 31 24 41 35 34 177 1080 30 602 20 296 26 466 29 58 21 26 40 33 345 36 28 40 213 173 30 258
leaf_count=7478 21 1958 1240 31 24 41 35 34 177 1080 30 602 20 296 26 466 29 58 21 26 40 33 345 36 28 40 213 173 30 258
internal_value=1.42377e-09 -0.126138 0.332262 0.260063 0.494083 0.25018 0.00247923 -0.00725225 0.00379576 -0.0201885 -0.0940945 0.261852 0.249657 -0.0888807 0.29379 0.281452 0.332799 0.433225 -0.552401 0.471726 0.731425 0.803297 0.676601 0.568526 1.67771 0.300836 0.121075 -0.189636 -1.37372 0.560237
internal_weight=14889 10792 4097 2833 1264 2812 3314 3279 3245 3068 1988 2781 2740 316 2424 2398 1932 1330 50 1280 508 482 421 381 61 772 456 243 70 316
internal_count=14889 10792 4097 2833 1264 2812 3314 3279 3245 3068 1988 2781 2740 316 2424 2398 1932 1330 50 1280 508 482 421 381 61 772 456 243 70 316
is_linear=0
shrinkage=0.05


Tree=84
num_leaves=31
num_cat=0
split_feature=4 4 8 0 5 0 6 1 0 4 8 4 5 4 0 6 1 4 8 7 0 5 8 2 3 6 2 2 3 3
split_gain=225982 31904.7 14801.7 33624.3 65330.4 103272 30686.8 17593 30036 17551.7 14205.1 13458.3 12997.7 15910.5 18882 81116.3 14739.3 12427 18693.5 11557.9 18035.2 11510.9 12724.3 36396.3 20751.6 13974.1 20577.4 25448.3 14730.8 11568.9
threshold=272.50000000000006 526.50000000000011 4.5000000000000009 23.750000000000004 10.500000000000002 25.850000000000005 787.50000000000011 465.50000000000006 20.150000000000002 535.50000000000011 8.5000000000000018 1.5000000000000002 37.500000000000007 922.50000000000011 23.550000000000004 820.50000000000011 586.50000000000011 594.50000000000011 5.5000000000000009 15.500000000000002 29.450000000000003 18.500000000000004 9.5000000000000018 45.500000000000007 7.5000000000000009 309.50000000000006 62.500000000000007 69.500000000000014 15.500000000000002 35.500000000000007
decision_type=2 2 2 2 2 2 2 2 2 2 2 2 2 2 2 2 2 2 2 2 2 2 2 2 2 2 2 2 2 2
left_child=11 21 3 9 -5 6 -6 -4 -9 -3 12 -1 13 14 15 -10 -14 18 -18 -19 -21 -2 29 24 -24 -25 28 -28 -27 -23
right_child=1 2 7 4 5 -7 -8 8 10 -11 -12 -13 16 -15 -16 -17 17 19 -20 20 -22 22 23 25 -26 26 27 -29 -30 -31
leaf_value=-0.18062589727867276 -0.078407992578807706 -0.86019962136944139 1.6135648470732473 0.56600220888047603 -4.2187578043937686 0.69951812990250128 -1.5911103188991547 -0.96127114727711072 0.52074383924404788 0.37308423347589115 0.19973365807794877 -0.050453803641073006 -0.55840504584105122 0.81313037437053848 0.38465554153445097 -3.0898720718565444 2.4219542255768411 0.73359285376399941 0.71603616944381177 -1.0286802291870119 0.70974069068560741 0.15613053464078572 -0.38217808321118357 1.2104258897929239 -2.6598729187250139 -0.26351287371300636 -1.678926051714841 0.2040065239134588 0.91017047080301472 0.50797733098727005
leaf_weight=6881 586 30 31 74 25 31 20 39 60 752 487 2791 23 193 825 21 26 487 42 25 37 831 20 26 20 47 34 38 62 325
leaf_count=6881 586 30 31 74 25 31 20 39 60 752 487 2791 23 193 825 21 26 487 42 25 37 831 20 26 20 47 34 38 62 325
internal_value=1.79801e-09 0.26523 0.362289 0.19424 -0.49148 -1.52113 -3.05091 0.430504 0.414312 0.325772 0.438413 -0.143063 0.505254 0.400939 0.313133 -0.415342 0.684381 0.730709 1.3683 0.651736 0.00876451 0.10771 0.185446 -0.140307 -1.52103 0.126499 -0.0292032 -0.685156 0.404087 0.255049
internal_weight=14889 5217 3228 932 150 76 45 2296 2265 782 2226 9672 1739 1099 906 81 640 617 68 549 62 1989 1403 247 40 207 181 72 109 1156
internal_count=14889 5217 3228 932 150 76 45 2296 2265 782 2226 9672 1739 1099 906 81 640 617 68 549 62 1989 1403 247 40 207 181 72 109 1156
is_linear=0
shrinkage=0.05


Tree=85
num_leaves=31
num_cat=0
split_feature=4 4 0 3 0 5 3 4 0 4 0 8 8 0 5 0 1 0 4 5 4 0 0 2 0 3 6 1 1 3
split_gain=204068 30138.4 14929.1 15444 21467.4 28375.2 21248.5 27234.7 24641.1 28466.3 18240.5 20653.3 13358.5 30345.9 58960.7 94324.7 15877.7 27107.5 15840.4 12898.6 18306.2 13456 31372.3 44592.2 17488.1 15591.4 13057.7 27590.2 12525.3 11322.4
threshold=260.50000000000006 526.50000000000011 15.850000000000003 27.500000000000004 22.250000000000004 49.500000000000007 92.500000000000014 307.50000000000006 19.650000000000002 367.50000000000006 25.050000000000004 9.5000000000000018 4.5000000000000009 23.750000000000004 10.500000000000002 25.550000000000004 465.50000000000006 20.150000000000002 535.50000000000011 37.500000000000007 922.50000000000011 25.950000000000003 24.250000000000004 58.500000000000007 26.550000000000004 32.500000000000007 931.50000000000011 934.50000000000011 547.50000000000011 94.500000000000014
decision_type=2 2 2 2 2 2 2 2 2 2 2 2 2 2 2 2 2 2 2 2 2 2 2 2 2 2 2 2 2 2
left_child=-1 2 -2 -4 5 -5 7 -7 9 -8 11 -6 13 18 -15 -16 -14 -18 -3 20 26 22 23 -21 -23 -25 -19 -28 -12 -26
right_child=1 12 3 4 10 6 8 -9 -10 -11 28 -13 16 14 15 -17 17 19 -20 21 -22 24 -24 25 29 -27 27 -29 -30 -31
leaf_value=-0.13792085999580433 -0.22923382978823226 -0.81718962809691831 0.062548318450157361 0.060236306779905026 0.098113597400726824 3.0800284663836166 -1.4041659676111662 1.084458574830838 1.6495933630952129 0.83922897260035245 0.55005636133719238 -1.7934267640113832 1.5328866412562709 0.53770210221409798 -3.116155901551247 0.41167919726835356 -0.91320762343895745 0.2787379042616252 0.35443001817453634 -1.1703170628383244 0.77247385100842758 -0.73325001124677991 2.0644395584755757 0.66503765245138757 0.47918662382530758 2.0582647695073062 -1.8953382963225955 0.6995284616947175 -0.74902812760809201 1.5439687673862164
leaf_weight=9574 295 30 1286 132 31 21 26 92 27 31 96 27 31 74 40 36 39 1134 752 29 193 29 47 71 628 28 21 20 23 26
leaf_count=9574 295 30 1286 132 31 21 26 92 27 31 96 27 31 74 40 36 39 1134 752 29 193 29 47 71 628 28 21 20 23 26
internal_value=1.61994e-09 0.248439 0.100364 0.154622 0.388628 0.627504 1.0076 1.45532 0.405319 -0.184074 -0.0553855 -0.782431 0.344175 0.184528 -0.466906 -1.44508 0.408979 0.393597 0.309483 0.416492 0.321173 0.568469 0.959649 0.553984 0.46824 1.05908 0.247044 -0.62955 0.298973 0.521517
internal_weight=14889 5315 2087 1792 506 329 197 113 84 57 177 58 3228 932 150 76 2296 2265 782 2226 1368 858 175 128 683 99 1175 41 119 654
internal_count=14889 5315 2087 1792 506 329 197 113 84 57 177 58 3228 932 150 76 2296 2265 782 2226 1368 858 175 128 683 99 1175 41 119 654
is_linear=0
shrinkage=0.05


Tree=86
num_leaves=31
num_cat=0
split_feature=4 4 0 3 1 3 5 1 8 5 3 1 4 5 5 6 0 6 3 5 4 5 5 4 0 4 1 5 3 1
split_gain=184546 25073.1 14145.9 12500.2 12455 12178 56182 44970.9 69320.5 22803.2 20315.2 12709.4 15608.1 14868.4 19485.3 41588.1 89816.4 14586.1 13696.4 38072.5 86521 20079.2 15536.4 12197.4 10578.1 10553.3 10180.2 9768.04 13647.2 35345.7
threshold=423.50000000000006 24.500000000000004 29.450000000000003 73.500000000000014 271.50000000000006 94.500000000000014 64.500000000000014 535.50000000000011 4.5000000000000009 52.500000000000007 86.500000000000014 812.50000000000011 784.50000000000011 10.500000000000002 38.500000000000007 894.50000000000011 27.650000000000002 291.50000000000006 52.500000000000007 50.500000000000007 615.50000000000011 64.500000000000014 43.500000000000007 810.50000000000011 15.250000000000002 833.50000000000011 457.50000000000006 24.500000000000004 22.500000000000004 485.50000000000006
decision_type=2 2 2 2 2 2 2 2 2 2 2 2 2 2 2 2 2 2 2 2 2 2 2 2 2 2 2 2 2 2
left_child=1 -1 4 -4 -2 10 9 -8 -9 25 11 17 -13 -14 15 -15 -17 -6 22 -20 21 -21 -19 -16 -3 -7 -24 -26 -29 -30
right_child=2 24 3 -5 5 6 7 8 -10 -11 -12 12 13 14 23 16 -18 18 19 20 -22 -23 26 -25 27 -27 -28 28 29 -31
leaf_value=-0.15857188208920392 1.2068797771818938 -0.1876086019709936 0.40810992412658131 1.638493366752352 0.9700543987209147 -0.032182751429711012 0.075772879975182672 -4.2877405334264038 -0.22050510883331298 1.7209614423605111 1.1221780826559722 1.094063779108132 0.72458967432960286 0.44012641616557774 -0.42926688561482096 -3.9451859349296208 0.16938321491082509 0.067378047535004315 0.34119852290109354 -1.3578167304396631 -3.850908564385914 0.61811287220981392 -0.59069785659129803 0.73060534798047128 -0.07921410849391064 1.0257984595639367 0.418886017852522 0.01268078415587727 0.20392335834000197 1.7211600690353208
leaf_weight=7478 32 584 1215 21 55 149 35 22 20 26 65 79 154 76 28 21 36 1027 108 20 21 36 26 119 993 28 630 1142 602 41
leaf_count=7478 32 584 1215 21 55 149 35 22 20 26 65 79 154 76 28 21 36 1027 108 20 21 36 26 119 993 28 630 1142 602 41
internal_value=2.31286e-09 -0.107584 0.288025 0.429014 0.226076 0.21479 -0.0979151 -1.2479 -2.35096 0.338286 0.249799 0.226521 0.447639 0.329972 0.112932 -0.325575 -1.34651 0.167533 0.143904 -0.264454 -1.11394 -0.0875763 0.188792 0.509677 0.00582625 0.135182 0.378872 0.0464907 0.116421 0.300668
internal_weight=14889 10840 4049 1236 2813 2781 280 77 42 203 2501 2436 513 434 280 133 57 1923 1868 185 77 56 1683 147 3362 177 656 2778 1785 643
internal_count=14889 10840 4049 1236 2813 2781 280 77 42 203 2501 2436 513 434 280 133 57 1923 1868 185 77 56 1683 147 3362 177 656 2778 1785 643
is_linear=0
shrinkage=0.05


Tree=87
num_leaves=31
num_cat=0
split_feature=4 4 0 6 8 0 5 0 4 1 0 8 3 0 5 3 0 4 4 0 7 3 1 0 6 1 4 5 5 1
split_gain=166708 25399.5 13065.5 13552.9 11174.2 27321.8 52403.1 82356.5 14492.9 14266.4 24182.1 12098.4 11106.9 17637.2 23304.5 22971.9 22999.3 30283.8 14348.9 12408.8 20289.4 19143.9 11577.5 11551.7 14851.4 14718.1 12208.7 20577.5 11026.4 10282
threshold=260.50000000000006 526.50000000000011 15.850000000000003 187.50000000000003 4.5000000000000009 23.750000000000004 10.500000000000002 25.550000000000004 535.50000000000011 465.50000000000006 20.150000000000002 8.5000000000000018 27.500000000000004 21.750000000000004 49.500000000000007 92.500000000000014 19.650000000000002 367.50000000000006 335.50000000000006 25.050000000000004 15.500000000000002 72.500000000000014 547.50000000000011 26.050000000000004 535.50000000000011 539.50000000000011 469.50000000000006 75.500000000000014 57.500000000000007 468.50000000000006
decision_type=2 2 2 2 2 2 2 2 2 2 2 2 2 2 2 2 2 2 2 2 2 2 2 2 2 2 2 2 2 2
left_child=29 2 -2 -4 5 8 -7 -8 -3 -6 -11 -12 23 14 -14 18 17 -17 -16 20 21 -15 -21 24 25 -5 -26 -28 -25 -1
right_child=1 4 3 12 9 6 7 -9 -10 10 11 -13 13 19 15 16 -18 -19 -20 22 -22 -23 -24 28 26 -27 27 -29 -30 -31
leaf_value=-0.12725554300821873 -0.21972842251850389 -0.79269604275623962 1.2114929417084004 -0.068552822902374688 1.437059973132226 0.49539579210450518 -2.9353409880399703 0.36109479930665761 0.32798185937826158 -0.87715516808705452 0.44043539830929612 0.15847885304664167 0.042687257630900755 -2.283087736097249 2.4639278957476982 -1.5836938083171845 1.6326396299445112 0.7820614847444719 1.0856730055117954 0.50944471984791262 0.44614717562993367 -0.19720904881303961 -0.73952207487562438 0.12186871066125451 -1.3948980769828747 1.2509756283326583 -1.2774612680077553 0.9906613093614578 0.79122661488211676 0.90895348389943453
leaf_weight=9550 295 30 29 536 31 74 40 36 752 39 1739 487 124 22 26 24 23 31 69 96 30 22 23 568 38 22 20 20 69 24
leaf_count=9550 295 30 29 536 31 74 40 36 752 39 1739 487 124 22 26 24 23 31 69 96 30 22 23 568 38 22 20 20 69 24
internal_value=-1.81718e-09 0.224549 0.0886118 0.139371 0.312436 0.166423 -0.4517 -1.37387 0.284989 0.371706 0.357125 0.378749 0.121735 0.324017 0.565834 0.940807 0.304948 -0.250268 1.46288 -0.0481058 -0.556515 -1.24015 0.268048 0.0438736 -0.106863 -0.0165284 -0.753104 -0.1434 0.194374 -0.124658
internal_weight=14889 5315 2087 1792 3228 932 150 76 782 2296 2265 2226 1763 490 297 173 78 55 95 193 74 44 119 1273 636 558 78 40 637 9574
internal_count=14889 5315 2087 1792 3228 932 150 76 782 2296 2265 2226 1763 490 297 173 78 55 95 193 74 44 119 1273 636 558 78 40 637 9574
is_linear=0
shrinkage=0.05


Tree=88
num_leaves=31
num_cat=0
split_feature=4 4 4 6 1 5 6 0 3 1 0 6 6 5 8 0 1 1 1 0 1 1 3 3 5 2 0 8 1 2
split_gain=150796 21391.6 12693 16286.6 21161.1 10415.7 21244.6 64350.5 13169.1 10337.9 10174.9 9796.81 12992.7 12804.5 9021.24 28594.2 37669.8 19513.8 13583.6 9360.09 21915.8 8894.79 17239.6 8762.2 35231 35372.7 17229.7 41636 32711.6 41659.9
threshold=423.50000000000006 10.500000000000002 885.50000000000011 911.50000000000011 887.50000000000011 24.500000000000004 931.50000000000011 28.750000000000004 1.0000000180025095e-35 271.50000000000006 24.450000000000003 291.50000000000006 380.50000000000006 38.500000000000007 4.5000000000000009 22.450000000000003 319.50000000000006 594.50000000000011 476.50000000000006 16.050000000000004 244.50000000000003 234.50000000000003 50.500000000000007 52.500000000000007 98.500000000000014 57.500000000000007 22.150000000000002 3.5000000000000004 750.50000000000011 33.500000000000007
decision_type=2 2 2 2 2 2 2 2 2 2 2 2 2 2 2 2 2 2 2 2 2 2 2 2 2 2 2 2 2 2
left_child=1 -1 3 9 -5 8 -7 -8 10 -2 -4 -11 13 -13 15 17 -17 -3 19 20 -16 -21 -23 -14 26 -26 27 -25 29 -28
right_child=2 14 5 4 -6 6 7 -9 -10 11 -12 12 23 -15 18 16 -18 -19 -20 21 -22 22 -24 24 25 -27 28 -29 -30 -31
leaf_value=-0.14683070052605646 1.1179687124106192 -0.076479118322844028 -0.60245511946470842 2.204993044246327 0.4857671913069983 0.72931320418308421 -2.8619701942801479 0.45812090072366929 1.0316372772507001 0.8136227172566578 0.53172875930231522 0.10163491040778656 0.23979234224190879 -1.1559441331454685 -0.038989832047248048 -0.11686635159358785 -2.6002803666373859 1.4259621327573604 1.0255704273780188 -0.011918811727111511 -1.4630693206281373 0.11864741338171286 0.81902397842042984 -0.092583984288269888 0.001062089999516805 -2.5186493687904798 1.8578140940931107 1.1568327071967426 -1.7290240011612577 -0.31268931958274765
leaf_weight=7235 31 1224 23 22 96 82 20 54 141 64 141 48 2779 35 149 37 26 22 36 1198 33 781 99 167 30 26 27 111 30 122
leaf_count=7235 31 1224 23 22 96 82 20 54 141 64 141 48 2779 35 149 37 26 22 36 1198 33 781 99 167 30 26 27 111 30 122
internal_value=1.57517e-09 -0.0972502 0.260359 0.228626 0.806301 0.507334 0.175018 -0.439201 0.677305 0.208982 0.372666 0.200788 0.189167 -0.42867 0.00225448 -0.102499 -1.14177 -0.0499513 0.0619765 0.0466272 -0.297202 0.0767412 0.19744 0.204745 0.0148851 -1.1688 0.159932 0.406284 -0.222669 0.0806234
internal_weight=14889 10840 4049 3588 118 461 156 74 305 3470 164 3439 3375 83 3605 1309 63 1246 2296 2260 182 2078 880 3292 513 56 457 278 179 149
internal_count=14889 10840 4049 3588 118 461 156 74 305 3470 164 3439 3375 83 3605 1309 63 1246 2296 2260 182 2078 880 3292 513 56 457 278 179 149
is_linear=0
shrinkage=0.05


Tree=89
num_leaves=31
num_cat=0
split_feature=6 4 5 4 7 0 3 8 3 6 0 0 0 0 4 4 6 5 2 3 0 0 3 5 6 1 1 1 4 2
split_gain=136221 18979.9 14082.5 26122 22596.2 66549.9 39494.2 30864.7 43344.4 28142.9 22619.4 31019.5 17195.4 19857.4 15544.2 11977.6 17669 9782.31 10422.7 10600.4 12712.2 23922.5 14471.8 16421.9 17083.6 37715.3 26054.7 23772.7 9917.45 18685.7
threshold=427.50000000000006 137.50000000000003 99.500000000000014 296.50000000000006 13.500000000000002 24.250000000000004 92.500000000000014 3.5000000000000004 24.500000000000004 609.50000000000011 23.850000000000005 26.350000000000005 19.950000000000003 16.550000000000004 428.50000000000006 747.50000000000011 858.50000000000011 34.500000000000007 76.500000000000014 8.5000000000000018 15.250000000000002 16.850000000000005 87.500000000000014 51.500000000000007 750.50000000000011 699.50000000000011 644.50000000000011 462.50000000000006 686.50000000000011 54.500000000000007
decision_type=2 2 2 2 2 2 2 2 2 2 2 2 2 2 2 2 2 2 2 2 2 2 2 2 2 2 2 2 2 2
left_child=1 -1 3 -2 5 6 7 9 -9 -4 12 -12 13 -6 -15 16 17 -5 19 -19 -21 -22 23 -23 25 26 27 -25 29 -24
right_child=2 -3 4 15 10 -7 -8 8 -10 -11 11 -13 -14 14 -16 -17 -18 18 -20 20 21 22 28 24 -26 -27 -28 -29 -30 -31
leaf_value=-0.12643966614508759 1.9894681085239758 0.039026569901485092 -0.70106061136021336 0.060694962850481385 1.6128696992283775 1.71097980649383 -2.850845583838721 0.0083591729402542111 -3.2834626090526586 1.6269590309688025 -1.949894625490362 0.67624795087005785 1.6576838236083002 -1.3064644145965578 0.44091133253914977 0.3739374921562158 1.5698954685874609 0.39074503827828244 1.1597160562407225 -0.61189219376497106 1.521899376761529 0.31229468656813397 1.5912529840701966 -1.5466188253164292 -1.3203336885249293 1.6639972267150878 -1.8727290093898774 0.15457619438352793 -0.32488267694910372 0.24711209701640266
leaf_weight=8623 22 2169 34 1010 21 27 24 20 20 21 22 23 34 20 35 1456 23 629 32 57 31 170 41 25 37 25 26 115 27 70
leaf_count=8623 22 2169 34 1010 21 27 24 20 20 21 22 23 34 20 35 1456 23 629 32 57 31 170 41 25 37 25 26 115 27 70
internal_value=-1.88215e-09 -0.0931839 0.245458 0.271561 -0.0837398 -0.530108 -1.03859 -0.580758 -1.63755 0.18782 0.336711 -0.607644 0.723037 0.304906 -0.194498 0.261547 0.190951 0.177132 0.26865 0.245894 0.0998813 0.171435 0.09333 -0.0596545 -0.336985 -0.146493 -0.419158 -0.149209 0.534546 0.743597
internal_weight=14889 10792 4097 3796 301 146 119 95 40 55 155 45 110 76 55 3774 2318 2295 1285 1253 624 567 536 398 228 191 166 140 138 111
internal_count=14889 10792 4097 3796 301 146 119 95 40 55 155 45 110 76 55 3774 2318 2295 1285 1253 624 567 536 398 228 191 166 140 138 111
is_linear=0
shrinkage=0.05


Tree=90
num_leaves=31
num_cat=0
split_feature=4 1 1 0 3 6 0 1 1 0 8 3 4 2 6 5 8 0 1 2 5 5 4 4 2 7 5 5 6 0
split_gain=123120 18563 12524.2 11645.9 11169.8 11022.9 10310.2 13460.2 11249.3 44018.4 20830 30109.4 20116.2 16629.4 10135 11729.5 8350.09 22762 13830.4 8269.32 9837.34 8253.63 10332.9 8176.5 9824.44 14559.5 13539.5 28161.1 53843.3 21972.3
threshold=433.50000000000006 2.5000000000000004 271.50000000000006 29.450000000000003 73.500000000000014 291.50000000000006 15.250000000000002 375.50000000000006 468.50000000000006 16.850000000000005 4.5000000000000009 27.500000000000004 375.50000000000006 52.500000000000007 380.50000000000006 38.500000000000007 2.5000000000000004 18.050000000000004 417.50000000000006 23.500000000000004 59.500000000000007 24.500000000000004 349.50000000000006 568.50000000000011 61.500000000000007 15.500000000000002 10.500000000000002 37.500000000000007 909.50000000000011 24.350000000000005
decision_type=2 2 2 2 2 2 2 2 2 2 2 2 2 2 2 2 2 2 2 2 2 2 2 2 2 2 2 2 2 2
left_child=1 -1 -2 5 19 -4 7 -3 16 -10 11 12 -11 -12 15 -7 17 18 21 -5 -21 -8 -23 -16 26 -26 -25 28 29 -28
right_child=2 6 3 4 -6 14 8 -9 9 10 13 -13 -14 -15 23 -17 -18 -19 -20 20 -22 22 -24 24 25 -27 27 -29 -30 -31
leaf_value=-0.13600830472962952 1.2556712474425635 -0.12177009347969919 0.84853382812718214 -0.45496024824678899 1.501210972240993 0.12382485421131487 -0.47674802862521681 -1.1695922635495664 2.5817412103925435 -0.30208031808336577 1.9591444969177247 0.86811026793259849 -2.4491602694988255 0.24310770661880576 0.042744193816513676 -1.1008953129543977 0.042150778122764743 -1.5529016932845117 -1.3334377694129946 0.33509634372554986 1.2107502014912441 0.069784840941429144 1.2735391088894437 0.37681504687962109 0.49939542589944258 -0.20693163161768632 0.38873355661119735 0.24598573287571149 -2.4679537739072526 -0.58712417198112232
leaf_weight=6960 30 726 59 32 21 46 54 32 21 24 20 26 20 48 807 34 2786 30 20 1143 33 118 21 424 515 85 105 493 28 128
leaf_count=6960 30 726 59 32 21 46 54 32 21 24 20 26 20 48 807 34 2786 30 20 1143 33 118 21 424 515 85 105 493 28 128
internal_value=1.65068e-09 -0.0868909 0.237919 0.230195 0.357963 0.17255 -0.000257192 -0.166005 0.0391522 0.449097 0.124564 -0.48089 -1.27803 0.747824 0.157584 -0.396681 0.0176331 -0.263462 -0.0818508 0.338089 0.359668 0.0478474 0.251647 0.174738 0.234647 0.399332 0.150767 0.0236517 -0.396313 -0.14736
internal_weight=14889 10906 3983 3953 1229 2724 3946 758 3188 159 138 70 44 68 2665 80 3029 243 213 1208 1176 193 139 2585 1778 600 1178 754 261 233
internal_count=14889 10906 3983 3953 1229 2724 3946 758 3188 159 138 70 44 68 2665 80 3029 243 213 1208 1176 193 139 2585 1778 600 1178 754 261 233
is_linear=0
shrinkage=0.05


Tree=91
num_leaves=31
num_cat=0
split_feature=4 4 1 2 7 5 4 8 6 7 0 3 1 0 1 2 1 0 5 5 2 5 4 0 2 8 5 0 6 6
split_gain=111935 17642.3 10325.6 12354.5 17163.5 21300.3 11720.5 10455.4 39802.9 17368.4 24209.3 61386.2 45178.9 16219 17653.6 14202.2 29208 17207.8 13790.3 13199.7 30711 17038.3 16096.2 12867.3 12115.8 12101.5 12555.8 10194.6 12145.5 9855.94
threshold=260.50000000000006 526.50000000000011 965.50000000000011 61.500000000000007 15.500000000000002 50.500000000000007 955.50000000000011 5.5000000000000009 931.50000000000011 12.500000000000002 22.950000000000003 31.500000000000004 765.50000000000011 21.950000000000003 739.50000000000011 43.500000000000007 883.50000000000011 12.250000000000002 29.500000000000004 48.500000000000007 57.500000000000007 40.500000000000007 667.50000000000011 24.250000000000004 52.500000000000007 4.5000000000000009 6.5000000000000009 15.850000000000003 187.50000000000003 792.50000000000011
decision_type=2 2 2 2 2 2 2 2 2 2 2 2 2 2 2 2 2 2 2 2 2 2 2 2 2 2 2 2 2 2
left_child=-1 27 3 6 -5 -6 7 8 9 10 13 25 -13 14 -3 16 17 -11 -19 21 24 23 -22 -17 29 26 -12 -2 -29 -21
right_child=1 2 -4 4 5 -7 -8 -9 -10 15 11 12 -14 -15 -16 19 -18 18 -20 20 22 -23 -24 -25 -26 -27 -28 28 -30 -31
leaf_value=-0.10214702553468509 -0.20165815812551369 0.25611085151472401 0.84106207856455362 0.492721178852356 0.14236529816925111 -1.598995134830475 1.2341985871012395 0.25859445605779557 -1.7859297489297803 -0.5445622910559178 0.27512255162000659 -0.8332026490458736 -3.9685814893245701 1.3537838635444643 -1.0451637973839587 0.18687023606671149 -1.0278448077539604 0.50010536429605323 1.4555888619364763 1.0940645633321819 -1.6152407937106632 -1.3795282485485076 0.32004626068201936 -0.81903996636661214 1.7261666761125838 0.7992740232603891 -1.3422198100459009 1.1304734137037706 0.098848616468159664 -0.25425303034160451
leaf_weight=9574 295 124 74 780 144 20 26 1276 29 20 28 27 20 25 33 172 24 70 82 33 21 25 22 39 35 35 21 29 1763 23
leaf_count=9574 295 124 74 780 144 20 26 1276 29 20 28 27 20 25 33 172 24 70 82 33 21 25 22 39 35 35 21 29 1763 23
internal_value=3.25469e-10 0.183999 0.257246 0.243549 0.394961 -0.0699957 0.178873 0.16631 0.0366227 0.0967525 -0.202124 -0.720433 -2.16741 0.170945 -0.0174055 0.262032 0.606154 0.834154 1.01556 0.0797406 0.476068 -0.145293 -0.625094 0.000943706 0.996397 0.0891834 -0.418024 0.0707066 0.115543 0.540291
internal_weight=14889 5315 3228 3154 944 164 2210 2184 908 879 313 131 47 182 157 566 196 172 152 370 134 236 43 211 91 84 49 2087 1792 56
internal_count=14889 5315 3228 3154 944 164 2210 2184 908 879 313 131 47 182 157 566 196 172 152 370 134 236 43 211 91 84 49 2087 1792 56
is_linear=0
shrinkage=0.05


Tree=92
num_leaves=31
num_cat=0
split_feature=4 4 1 7 2 5 3 0 0 4 5 4 0 0 1 1 3 2 5 0 0 6 0 4 0 5 3 6 5 0
split_gain=101022 16137.6 23708.4 15519 9822.08 13239.3 24706.5 12761.6 13731.1 13491 27190.3 18856.8 12284.4 13494.7 8987.06 8895.66 21991.9 76602.4 14964 9100.31 8897.5 30117.4 17477.2 18269 9277 25990 11335.4 19348.6 9960.08 9275.76
threshold=260.50000000000006 642.50000000000011 772.50000000000011 13.500000000000002 70.500000000000014 76.500000000000014 50.500000000000007 15.750000000000002 14.050000000000002 433.50000000000006 64.500000000000014 504.50000000000006 18.850000000000005 20.450000000000003 575.50000000000011 594.50000000000011 97.500000000000014 45.500000000000007 34.500000000000007 21.850000000000005 24.550000000000004 928.50000000000011 24.250000000000004 892.50000000000011 26.050000000000004 86.500000000000014 1.0000000180025095e-35 684.50000000000011 58.500000000000007 23.750000000000004
decision_type=2 2 2 2 2 2 2 2 2 2 2 2 2 2 2 2 2 2 2 2 2 2 2 2 2 2 2 2 2 2
left_child=-1 2 4 -4 7 12 -7 8 14 10 -10 -11 -6 -14 -2 18 20 -18 -3 -19 21 22 23 29 26 28 27 -22 -26 -17
right_child=1 15 3 -5 5 6 -8 -9 9 11 -12 -13 13 -15 -16 16 17 19 -20 -21 24 -23 -24 -25 25 -27 -28 -29 -30 -31
leaf_value=-0.09703967169055161 0.2173174662732108 0.19452391969821148 0.33150566862179687 2.0946772843599319 -0.25441689548038304 -0.48261754920794853 1.5736039092143379 0.084996752017268556 -0.19299269820563497 0.93213659983414887 -2.1012794415333444 -0.88069066293537623 1.393683291276296 0.23391615568167148 -0.85553932397261923 0.079123456044170565 -3.1467419269539061 -0.17824298108999548 1.36364931962928 1.1871121111123457 -0.73488408779868719 -1.5479168442006295 -0.94290792681276803 1.0258084776646952 0.30726492818525231 -1.4825471526384355 1.3491882919352882 0.93564231504614548 1.0329829684933838 0.85786356117044171
leaf_weight=9574 129 62 26 24 105 21 48 2305 40 26 35 32 30 153 23 427 21 26 49 23 26 26 32 68 1346 20 49 52 49 42
leaf_count=9574 129 62 26 24 105 21 48 2305 40 26 35 32 30 153 23 427 21 26 49 23 26 26 32 68 1346 20 49 52 49 42
internal_value=2.1335e-09 0.174799 0.0981776 1.17783 0.0798598 0.325725 0.947797 0.0459703 -0.269665 -0.640684 -1.08353 -0.068044 0.176687 0.424042 0.0549773 0.273865 0.251899 -0.620176 0.710624 0.462638 0.280464 0.116222 0.192263 0.259909 0.343839 0.307098 0.753202 0.3788 0.332756 0.148861
internal_weight=14889 5315 2997 50 2947 357 69 2590 285 133 75 58 288 183 152 2318 2207 70 111 49 2137 595 569 537 1542 1415 127 78 1395 469
internal_count=14889 5315 2997 50 2947 357 69 2590 285 133 75 58 288 183 152 2318 2207 70 111 49 2137 595 569 537 1542 1415 127 78 1395 469
is_linear=0
shrinkage=0.05


Tree=93
num_leaves=31
num_cat=0
split_feature=1 4 1 3 5 2 3 7 5 4 0 0 8 6 1 5 0 0 0 8 3 2 4 3 3 3 0 3 1 3
split_gain=91850.2 20266.4 12813.1 11032.6 14586.4 10576.2 40050.4 69633.7 64061.5 25011.4 17995.6 42077.7 11573.5 10256.5 8941.84 10241.8 16445.9 17639.3 17437.3 26739.7 20630.7 38110.5 20471.1 17838.7 20424.7 15577.7 21210.5 20470.1 15237.3 13930
threshold=468.50000000000006 559.50000000000011 1.5000000000000002 68.500000000000014 35.500000000000007 40.500000000000007 32.500000000000007 13.500000000000002 64.500000000000014 321.50000000000006 18.250000000000004 15.550000000000002 4.5000000000000009 570.50000000000011 965.50000000000011 44.500000000000007 16.850000000000005 15.250000000000002 20.150000000000002 4.5000000000000009 44.500000000000007 57.500000000000007 480.50000000000006 88.500000000000014 66.500000000000014 28.500000000000004 22.950000000000003 23.500000000000004 743.50000000000011 15.500000000000002
decision_type=2 2 2 2 2 2 2 2 2 2 2 2 2 2 2 2 2 2 2 2 2 2 2 2 2 2 2 2 2 2
left_child=1 2 -1 -3 -5 6 10 8 -8 -7 11 -2 -9 -4 15 -11 17 -17 19 20 22 -22 -18 24 25 27 -27 -20 -25 -19
right_child=5 3 13 4 -6 9 7 12 -10 14 -12 -13 -14 -15 -16 16 18 29 23 -21 21 -23 -24 28 -26 26 -28 -29 -30 -31
leaf_value=-0.11991651121435042 0.66643240492919409 -0.27760659796851023 -0.0029474738348373389 0.29053400726087636 1.8370940848191581 1.5799730542727879 -0.65579079389572148 -0.20722998894751071 -4.1836739149960609 0.15436469841635575 0.2910187539379277 -2.0764607992437152 1.4937599539756776 -1.0854107656262137 0.87363561750562102 0.11955409783869982 -0.54613293159839715 0.5057089104627569 0.33923471667326893 -1.502605423228494 0.92775314968565237 -1.6509497761726379 0.71862219783067705 0.57366277810299038 -1.1643953044306148 1.8934079685726681 0.46419797087537829 -1.0716790186034311 2.2501391802145085 2.0294094410538674
leaf_weight=6890 29 21 4126 31 30 35 31 20 22 1922 481 27 20 22 54 40 43 24 537 29 23 38 125 33 22 37 87 27 23 40
leaf_count=6890 29 21 4126 31 30 35 31 20 22 1922 481 27 20 22 54 40 43 24 537 29 23 38 125 33 22 37 87 27 23 40
internal_value=-2.58187e-09 -0.0722999 -0.0781179 0.710849 1.05114 0.213313 0.026353 -0.93161 -2.1202 0.250836 0.192257 -0.656034 0.643265 -0.0086886 0.235849 0.224557 0.344157 0.943226 0.283314 -0.0722065 0.108936 -0.678652 0.394905 0.403058 0.335293 0.383249 0.890656 0.271691 1.26222 1.45802
internal_weight=14889 11120 11038 82 61 3769 630 93 53 3139 537 56 40 4148 3104 3050 1128 104 1024 258 229 61 168 766 710 688 124 564 56 64
internal_count=14889 11120 11038 82 61 3769 630 93 53 3139 537 56 40 4148 3104 3050 1128 104 1024 258 229 61 168 766 710 688 124 564 56 64
is_linear=0
shrinkage=0.05


Tree=94
num_leaves=31
num_cat=0
split_feature=4 4 1 7 2 5 0 5 5 2 1 0 5 1 0 0 0 3 3 5 0 6 4 3 1 6 5 5 6 4
split_gain=82986.9 13981.9 20684.2 13722.8 9767.75 15774.1 11749 14555.7 50113.7 10271.3 14488.1 8321.84 7859.75 15708.4 18468.8 16479.5 12942.8 33913.6 16686.3 10518.9 15874.9 14500.1 11630.1 33564.9 18886.3 9714.52 9159.63 8290.97 20339.7 30522.7
threshold=246.50000000000003 642.50000000000011 772.50000000000011 13.500000000000002 72.500000000000014 74.500000000000014 15.850000000000003 81.500000000000014 67.500000000000014 49.500000000000007 346.50000000000006 16.350000000000005 99.500000000000014 656.50000000000011 24.250000000000004 21.450000000000003 19.450000000000003 92.500000000000014 16.500000000000004 44.500000000000007 16.450000000000003 291.50000000000006 615.50000000000011 39.500000000000007 648.50000000000011 663.50000000000011 74.500000000000014 61.500000000000007 488.50000000000006 292.50000000000006
decision_type=2 2 2 2 2 2 2 2 2 2 2 2 2 2 2 2 2 2 2 2 2 2 2 2 2 2 2 2 2 2
left_child=-1 2 4 -4 6 -6 7 8 -2 -9 -11 -7 19 14 15 16 17 18 -14 -8 -21 -22 24 -24 27 -26 -27 -23 29 -29
right_child=1 -3 3 -5 5 11 12 9 -10 10 -12 -13 13 -15 -16 -17 -18 -19 -20 20 21 22 23 -25 25 26 -28 28 -30 -31
leaf_value=-0.089139512734187298 -0.16214086828017688 0.24913654727017553 0.29952762906367963 1.9575252711772919 0.15007712640552129 0.52700438657493309 0.022787640397928983 1.3084109127521515 -2.3636297612354675 0.90747120073753074 -0.88728907419287639 1.6989531244550431 -0.54339189932153031 -1.1271985264200912 1.0616573762713057 -1.4760505274586055 0.83231703657092471 -1.905716810464859 0.93886453952544768 1.4177850767970086 1.0798050649960835 0.264341693845207 0.49998890429735188 -2.1063302868888494 1.4935485003810181 1.0100827668607235 -0.33311077139594336 1.2333390985216415 0.35499182697458886 -0.83688991537524593
leaf_weight=9482 238 2318 26 24 207 33 1358 22 29 22 23 28 37 38 33 23 33 25 39 28 45 372 30 21 38 30 22 21 127 117
leaf_count=9482 238 2318 26 24 207 33 1358 22 29 22 23 28 37 38 33 23 33 25 39 28 45 372 30 21 38 30 22 21 127 117
internal_value=8.16104e-10 0.15632 0.0866696 1.09537 0.0700737 0.358313 0.0421964 -0.235907 -0.401254 0.423011 -0.00985072 1.06495 0.0803116 -0.199185 -0.0135827 -0.239589 -0.02736 -0.308245 0.21724 0.10916 0.246989 0.207157 0.156682 -0.573201 0.207884 0.885877 0.441809 0.112093 -0.10163 -0.521855
internal_weight=14889 5407 3089 50 3039 268 2771 334 267 67 45 61 2437 228 190 157 134 101 76 2209 851 823 778 51 727 90 52 637 265 138
internal_count=14889 5407 3089 50 3039 268 2771 334 267 67 45 61 2437 228 190 157 134 101 76 2209 851 823 778 51 727 90 52 637 265 138
is_linear=0
shrinkage=0.05


Tree=95
num_leaves=31
num_cat=0
split_feature=4 1 6 1 1 5 0 2 4 0 4 6 4 1 0 5 7 4 5 5 0 5 1 0 0 6 1 2 3 4
split_gain=75418.2 11564.4 21859 18573.6 10928.8 11146.2 10379.3 10200.8 9596.82 9495.02 9305.11 9217.07 10182.5 8755.94 8463.44 13440.4 11462.8 8016.54 8129.74 7504.32 19950.6 15164.9 15973.3 21823.7 25725.8 21153.6 28529.1 17687.3 15444.1 20616.5
threshold=358.50000000000006 468.50000000000006 465.50000000000006 448.50000000000006 926.50000000000011 46.500000000000007 24.150000000000002 78.500000000000014 934.50000000000011 19.650000000000002 1.5000000000000002 931.50000000000011 885.50000000000011 894.50000000000011 15.950000000000001 84.500000000000014 13.500000000000002 667.50000000000011 2.5000000000000004 30.500000000000004 16.450000000000003 85.500000000000014 862.50000000000011 24.250000000000004 22.350000000000005 758.50000000000011 689.50000000000011 59.500000000000007 65.500000000000014 583.50000000000011
decision_type=2 2 2 2 2 2 2 2 2 2 2 2 2 2 2 2 2 2 2 2 2 2 2 2 2 2 2 2 2 2
left_child=1 3 -3 10 7 6 -6 8 11 -4 -1 12 14 -14 15 17 -17 18 -2 -16 -21 -22 23 24 27 26 -25 -23 29 -29
right_child=4 2 9 -5 5 -7 -8 -9 -10 -11 -12 -13 13 -15 19 16 -18 -19 -20 20 21 22 -24 25 -26 -27 -28 28 -30 -31
leaf_value=-0.10954486391642571 0.13912265073241933 1.9150455338614329 -0.72341101728379731 -1.5307123249227352 -0.75001888036727904 1.2511158159145943 0.43669846151024105 0.95344455903157221 0.94285114069242748 0.66891333913803108 -0.0077183324910822587 -0.66255170835389032 0.90507706492384787 0.18560881654598885 0.063566976981402373 1.3561916296298688 -0.23598999142646793 0.36340410182642385 -0.55703646965369502 1.342837685111322 0.24453806676435685 0.34394534206857874 -1.3984266900497935 1.0371974215314195 -1.914419208873402 1.9901028069582853 -1.2052651467530624 -0.95877465662502104 -1.7669764074412262 0.77456386212644912
leaf_weight=6881 56 21 24 22 20 39 234 39 37 25 3329 36 79 91 1582 26 20 43 167 38 1758 102 23 37 22 22 23 42 22 29
leaf_count=6881 56 21 24 22 20 39 234 39 37 25 3329 36 79 91 1582 26 20 43 167 38 1758 102 23 37 22 22 23 42 22 29
internal_value=-3.6391e-10 -0.0750894 0.565385 -0.0794711 0.168644 0.464098 0.343256 0.148484 0.141106 -0.0130414 -0.076344 0.134073 0.140931 0.51995 0.124871 -0.125214 0.663939 -0.261684 -0.382216 0.145959 0.2075 0.186758 -0.128698 -0.0310267 -0.293615 0.663872 0.177587 -0.110755 -0.609459 -0.250791
internal_weight=14889 10302 70 10232 4587 293 254 4294 4255 49 10210 4218 4182 170 4012 312 46 266 223 3700 2118 2080 322 299 217 82 60 195 93 71
internal_count=14889 10302 70 10232 4587 293 254 4294 4255 49 10210 4218 4182 170 4012 312 46 266 223 3700 2118 2080 322 299 217 82 60 195 93 71
is_linear=0
shrinkage=0.05


Tree=96
num_leaves=31
num_cat=0
split_feature=4 4 3 1 6 5 2 2 1 1 2 0 6 1 1 6 1 4 0 0 7 4 8 1 4 8 0 5 0 1
split_gain=68445.9 14509.3 11084.6 37203.5 22697.7 17104.4 19238.7 25638.5 16649 14947.8 14428.2 13025.8 18835.6 12983.8 20690.3 11467.5 10229.1 9725.23 10691 15066.4 12685.4 21065.8 9845.97 15182.2 9826.71 9212.36 24062.1 48157.6 79069.7 14160.8
threshold=507.50000000000006 47.500000000000007 27.500000000000004 597.50000000000011 648.50000000000011 30.500000000000004 48.500000000000007 41.500000000000007 622.50000000000011 485.50000000000006 35.500000000000007 23.950000000000003 535.50000000000011 448.50000000000006 465.50000000000006 408.50000000000006 531.50000000000011 292.50000000000006 20.650000000000002 17.550000000000004 12.500000000000002 390.50000000000006 2.5000000000000004 217.50000000000003 393.50000000000006 4.5000000000000009 23.750000000000004 10.500000000000002 25.550000000000004 465.50000000000006
decision_type=2 2 2 2 2 2 2 2 2 2 2 2 2 2 2 2 2 2 2 2 2 2 2 2 2 2 2 2 2 2
left_child=1 -1 4 5 8 -4 7 10 11 13 -7 12 -3 17 -15 -9 -11 22 19 20 21 -19 23 -8 -22 26 -2 -28 -29 -27
right_child=25 2 3 -5 -6 6 9 15 -10 16 -12 -13 -14 14 -16 -17 -18 18 -20 -21 24 -23 -24 -25 -26 29 27 28 -30 -31
leaf_value=-0.096930704021774214 0.17526055908986188 -0.1160971167532867 -0.20265811520880619 2.1415194972701697 -1.6346687654879961 -0.4115183875416264 0.11997312999902719 -0.422134531395776 1.3478055748072537 1.563151907806213 1.0785333387553693 0.078157141333492886 -1.2618793994993778 -1.7587948918342591 0.41870987613995869 -1.8531378448009492 0.2147770567373796 0.7523200746093478 -0.089133722335100182 1.406570764271132 0.38229907903560378 -1.2898932679839756 0.32927568780031646 -1.1924602741996446 1.5732860485541411 1.1716798667500659 0.38909813730747667 -2.8527370611826584 0.31729071609852083 0.23439899066728076
leaf_weight=7799 843 1173 316 23 22 33 83 28 22 39 32 1269 37 20 24 28 22 28 48 59 43 23 264 30 29 41 77 42 37 2355
leaf_count=7799 843 1173 316 23 22 33 83 28 22 39 32 1269 37 20 24 28 22 28 48 59 43 23 264 30 29 41 77 42 37 2355
internal_value=-2.69894e-09 -0.0582633 0.0233516 0.150414 -0.0356722 0.110557 0.229376 -0.35351 -0.0216067 0.328434 0.322046 -0.0337596 -0.151133 0.258305 -0.571065 -1.13764 1.07685 0.318424 0.574656 0.749721 0.434647 -0.168678 0.162103 -0.228461 0.862002 0.197254 0.0696997 -0.500735 -1.36804 0.250438
internal_weight=14889 11494 3695 1172 2523 1149 833 121 2501 712 65 2479 1210 651 44 56 61 607 230 182 123 51 377 113 72 3395 999 156 79 2396
internal_count=14889 11494 3695 1172 2523 1149 833 121 2501 712 65 2479 1210 651 44 56 61 607 230 182 123 51 377 113 72 3395 999 156 79 2396
is_linear=0
shrinkage=0.05


Tree=97
num_leaves=31
num_cat=0
split_feature=4 6 5 3 1 0 6 6 1 6 8 5 2 6 5 5 0 8 0 1 1 2 4 5 6 8 0 5 0 6
split_gain=61772.4 13209.9 8663.88 12470.5 33816.5 25173.4 25971.3 21440.7 19658.6 14858.2 13016.8 15765.3 15361.1 11942.6 26938.5 19226.4 11424.6 11283.1 11669 10385.9 18198.4 15744.1 23119.6 19313.6 9184.39 8314.16 21716.1 43462.3 72236.2 28244.7
threshold=507.50000000000006 1.5000000000000002 18.500000000000004 27.500000000000004 485.50000000000006 25.950000000000003 531.50000000000011 640.50000000000011 605.50000000000011 560.50000000000011 10.500000000000002 74.500000000000014 52.500000000000007 468.50000000000006 99.500000000000014 76.500000000000014 27.850000000000005 4.5000000000000009 21.750000000000004 336.50000000000006 366.50000000000006 59.500000000000007 371.50000000000006 71.500000000000014 430.50000000000006 4.5000000000000009 23.750000000000004 10.500000000000002 25.850000000000005 733.50000000000011
decision_type=2 2 2 2 2 2 2 2 2 2 2 2 2 2 2 2 2 2 2 2 2 2 2 2 2 2 2 2 2 2
left_child=1 -1 -3 7 13 6 -6 8 9 10 17 12 -12 19 15 -15 -11 18 -4 -5 -21 22 -22 -23 -13 26 -2 -28 29 -29
right_child=25 2 3 4 5 -7 -8 -9 -10 16 11 24 -14 14 -16 -17 -18 -19 -20 20 21 23 -24 -25 -26 -27 27 28 -30 -31
leaf_value=-0.099143289094653517 0.16649752757793751 -0.087042867796311485 -0.081149291808419136 0.081270851877395842 0.57863406994763544 -0.17207250646476091 2.4929136140926467 -1.4437778319303807 1.2306567072868349 -1.5964675059685343 -1.9983036789881148 -0.2282208184324778 -0.48532993678123726 -0.61168003776451441 -1.7633558489658214 1.0540173923969269 -0.066653710862864632 0.13931202190285247 -1.0942329827944437 1.3634188784853274 1.9143987600619976 0.54343946120318243 -0.1226738644639651 -1.129780427036541 0.97453696103323084 0.2379157226623459 0.36964323029115609 -3.9110454082489015 0.53270960864610972 -1.4456228641363291
leaf_weight=6893 843 1528 541 749 34 29 37 26 32 26 23 65 62 41 27 30 23 1106 30 46 26 34 30 35 21 2396 77 21 32 26
leaf_count=6893 843 1528 541 749 34 29 37 26 32 26 23 65 62 41 27 30 23 1106 30 46 26 34 30 35 21 2396 77 21 32 26
internal_value=7.45014e-10 -0.0553501 0.0102587 0.0586403 0.191834 1.06921 1.57622 -0.0175287 0.001695 -0.019036 0.0037499 -0.411816 -0.894723 0.105647 -0.419071 0.0921358 -0.878392 0.0461242 -0.134376 0.161541 0.513135 0.20023 0.82311 -0.305295 0.0654758 0.187392 0.0662147 -0.475698 -1.29964 -2.54719
internal_weight=14889 11494 4601 3073 1118 100 71 1955 1929 1897 1848 171 85 1018 98 71 49 1677 571 920 171 125 56 69 86 3395 999 156 79 47
internal_count=14889 11494 4601 3073 1118 100 71 1955 1929 1897 1848 171 85 1018 98 71 49 1677 571 920 171 125 56 69 86 3395 999 156 79 47
is_linear=0
shrinkage=0.05


Tree=98
num_leaves=31
num_cat=0
split_feature=4 1 5 0 1 6 1 2 4 6 4 1 0 0 5 7 5 5 5 1 5 0 5 3 1 0 4 8 0 6
split_gain=55958.5 9263.27 10059.5 9367.29 9122.82 19325 15511.4 8683.3 8462.31 8529.48 9037.15 9638.33 8128.06 7214.63 11902.8 10727.6 7286.76 15446.5 7472.38 6910.67 6414.06 17212.4 12872.7 15491.6 51864.2 26945 17679.9 19593.3 18435.8 17188.2
threshold=358.50000000000006 926.50000000000011 46.500000000000007 24.150000000000002 468.50000000000006 465.50000000000006 448.50000000000006 78.500000000000014 934.50000000000011 931.50000000000011 892.50000000000011 894.50000000000011 19.650000000000002 15.950000000000001 84.500000000000014 13.500000000000002 65.500000000000014 57.500000000000007 2.5000000000000004 1.0000000180025095e-35 30.500000000000004 16.450000000000003 85.500000000000014 24.500000000000004 798.50000000000011 24.450000000000003 473.50000000000006 4.5000000000000009 25.850000000000005 601.50000000000011
decision_type=2 2 2 2 2 2 2 2 2 2 2 2 2 2 2 2 2 2 2 2 2 2 2 2 2 2 2 2 2 2
left_child=4 7 3 -3 6 -6 19 8 9 10 13 -12 -7 14 16 -16 17 18 -2 -1 -15 -22 -23 26 25 -25 27 -24 29 -28
right_child=1 2 -4 -5 5 12 -8 -9 -10 -11 11 -13 -14 20 15 -17 -18 -19 -20 -21 21 22 23 24 -26 -27 28 -29 -30 -31
leaf_value=-0.094915144585565756 0.13811210458063417 -0.73613374948501598 1.1649442888223207 0.39124780555820871 1.7732023193722679 -0.6969370650127531 -1.3947976751761004 0.86938136112995645 0.87276436056740381 -0.65303989648818972 1.0016553218081847 0.15234015338219609 0.59127025580406189 0.050200569233276475 1.2877636065849893 -0.25251328587532046 -0.89401102066040039 1.1810395359992982 -0.49182227006839485 -0.0077659409193143267 1.2371882999413892 0.21642528350284423 -1.1823211102187634 -0.61228634460670195 -2.8854774761199953 1.0796905862562585 -0.3274029218233549 0.70370980529558091 -0.77836892656658008 1.1570547982954826
leaf_weight=6789 72 20 39 234 21 24 22 39 37 36 59 77 25 1604 26 20 38 20 136 3421 38 1769 40 82 20 33 26 21 23 78
leaf_count=6789 72 20 39 234 21 24 22 39 37 36 59 77 25 1604 26 20 38 20 136 3421 38 1769 40 82 20 33 26 21 23 78
internal_value=7.21734e-10 0.145267 0.417277 0.302478 -0.0646806 0.504179 -0.0685723 0.126706 0.119899 0.113295 0.119892 0.520793 -0.0396884 0.106416 -0.124563 0.618078 -0.25299 -0.146153 -0.273768 -0.0657146 0.125716 0.182583 0.163427 -0.126832 -0.535461 -0.126763 0.166598 -0.533032 0.50264 0.78594
internal_weight=14889 4587 293 254 10302 70 10232 4294 4255 4218 4182 136 49 4046 312 46 266 228 208 10210 3734 2130 2092 323 135 115 188 61 127 104
internal_count=14889 4587 293 254 10302 70 10232 4294 4255 4218 4182 136 49 4046 312 46 266 228 208 10210 3734 2130 2092 323 135 115 188 61 127 104
is_linear=0
shrinkage=0.05


Tree=99
num_leaves=31
num_cat=0
split_feature=4 4 3 1 6 1 5 2 2 2 6 8 8 0 1 1 2 1 1 1 1 5 0 5 4 8 5 0 4 1
split_gain=50748.1 10804.2 9620.62 30318.8 18790 18069.4 15010.5 22394.2 33421 14416.7 12999.8 12017.5 11416.9 10189.1 10024.7 13860.2 19083.3 12586.3 12800.9 18810.6 9308.5 9258.21 17033.8 13458.8 8980.83 8589.33 13480 18324.2 7863.37 8909.5
threshold=507.50000000000006 66.500000000000014 27.500000000000004 597.50000000000011 640.50000000000011 605.50000000000011 46.500000000000007 48.500000000000007 41.500000000000007 34.500000000000007 560.50000000000011 10.500000000000002 4.5000000000000009 27.850000000000005 485.50000000000006 448.50000000000006 59.500000000000007 417.50000000000006 380.50000000000006 336.50000000000006 531.50000000000011 75.500000000000014 20.150000000000002 82.500000000000014 307.50000000000006 11.500000000000002 38.500000000000007 20.450000000000003 292.50000000000006 457.50000000000006
decision_type=2 2 2 2 2 2 2 2 2 2 2 2 2 2 2 2 2 2 2 2 2 2 2 2 2 2 2 2 2 2
left_child=1 -1 4 6 5 10 -4 8 9 -8 11 12 21 -12 15 17 -17 18 19 -9 -16 -3 23 -23 -10 26 -13 -28 -25 -30
right_child=-2 2 3 -5 -6 -7 7 14 24 -11 13 25 -14 -15 20 16 -18 -19 -20 -21 -22 22 -24 28 -26 -27 27 -29 29 -31
leaf_value=-0.081895952261762148 0.16984895728439345 -0.038947251735637005 -0.12412403145763465 1.9416822806648586 -1.3702491854245846 1.1613237150013447 -0.55143443054479102 0.26553379086006629 -0.75403517236312234 1.0897030005231501 -1.5188684341999201 -0.19916595297295658 0.10147207461681439 -0.074142282423765762 1.4639196436901234 0.50730346918106084 -1.6769189164042473 1.3420604388229549 -0.50414755358252417 1.2801119192591255 0.1522198796272278 -1.2456572314788557 -1.7652595165100966 0.26614193694764066 -2.1526242808862164 -0.013082072825895416 -2.4088862893127261 -0.46952191437112872 -1.1753007938655524 0.20937839483930951
leaf_weight=8047 3395 478 426 23 26 32 23 331 24 32 26 67 1373 23 38 20 20 32 43 53 21 29 22 76 22 90 21 29 26 21
leaf_count=8047 3395 478 426 23 26 32 23 331 24 32 26 67 1373 23 38 20 20 32 43 53 21 29 22 76 22 90 21 29 26 21
internal_value=9.99703e-10 -0.0501685 0.0238989 0.145265 -0.0335929 -0.0185678 0.107184 0.256709 -0.428387 0.403409 -0.0351204 -0.0174345 0.0196595 -0.840732 0.380714 0.307841 -0.584808 0.385632 0.313956 0.405567 0.997043 -0.152624 -0.464907 -0.276698 -1.42293 -0.38031 -0.662794 -1.28405 -0.0482446 -0.556614
internal_weight=14889 11494 3447 1108 2339 2313 1085 659 101 55 2281 2232 2025 49 558 499 40 459 427 384 59 652 174 152 46 207 117 50 123 47
internal_count=14889 11494 3447 1108 2339 2313 1085 659 101 55 2281 2232 2025 49 558 499 40 459 427 384 59 652 174 152 46 207 117 50 123 47
is_linear=0
shrinkage=0.05


Tree=100
num_leaves=31
num_cat=0
split_feature=1 6 0 8 0 0 5 8 8 0 2 5 6 1 2 3 0 6 3 1 2 4 0 5 5 7 0 5 5 3
split_gain=46118.1 13453.1 15518.3 26738.6 15305.4 15659.2 12722.6 11534.6 12039 33323.6 69235.1 52174.2 37516.3 14969.2 19950.9 19157 14764.8 11851.1 13091 11513.2 15589.1 12058.2 11126.1 15860.5 32078.4 15793.9 13058.1 24131.2 12233 22274.7
threshold=234.50000000000003 163.50000000000003 19.450000000000003 11.500000000000002 10.250000000000002 11.850000000000003 49.500000000000007 8.5000000000000018 4.5000000000000009 23.750000000000004 53.500000000000007 74.500000000000014 743.50000000000011 375.50000000000006 59.500000000000007 38.500000000000007 21.750000000000004 590.50000000000011 72.500000000000014 729.50000000000011 36.500000000000007 800.50000000000011 20.150000000000002 69.500000000000014 66.500000000000014 15.500000000000002 23.750000000000004 98.500000000000014 37.500000000000007 92.500000000000014
decision_type=2 2 2 2 2 2 2 2 2 2 2 2 2 2 2 2 2 2 2 2 2 2 2 2 2 2 2 2 2 2
left_child=-1 6 4 7 -3 -6 -2 8 9 13 11 19 -13 16 17 -16 -4 -15 -19 20 -11 -21 -10 24 28 26 -25 -28 -24 -30
right_child=1 2 3 -5 5 -7 -8 -9 22 10 -12 12 -14 14 15 -17 -18 18 -20 21 -22 -23 23 25 -26 -27 27 -29 29 -31
leaf_value=-0.067467614217416635 0.093518773317337045 1.190009280204773 0.16447113502551527 1.8571939727534419 -1.0591954971614637 -0.029827546779843825 1.8359523567286407 -0.0072251888278797513 -0.76846029493543844 0.65311044219040104 -3.3316260714828974 -2.7885317827974045 -0.15091646978488338 0.21517797446945283 -0.46337646834400242 0.82379523108645181 -1.4758074949616971 0.70851042748607229 1.9081290868918099 1.8447027675807477 -0.94572562893231715 0.34107219349592927 0.15123501695294395 0.38085983459438599 -1.5285446489086518 -0.21375208935803838 0.76688731976275182 2.6266089714490453 0.34646821041353437 1.8922279099623365
leaf_weight=9377 20 25 34 23 38 1332 22 928 27 31 20 28 26 79 98 41 23 94 30 20 30 40 1476 56 26 36 53 26 806 24
leaf_count=9377 20 25 34 23 38 1332 22 928 27 31 20 28 26 79 98 41 23 94 30 20 30 40 1476 56 26 36 53 26 806 24
internal_value=9.41139e-10 0.114776 0.107931 0.157205 -0.0360068 -0.0583794 1.00622 0.147556 0.193534 -0.00903632 -0.544737 -0.226235 -1.51857 0.252772 0.3778 -0.0837071 -0.497396 0.693807 0.998741 0.350509 -0.133202 0.842282 0.241094 0.251985 0.217902 0.716783 0.964926 1.37895 0.237593 0.391165
internal_weight=14889 5512 5470 4075 1395 1370 42 4052 3124 594 195 175 54 399 342 139 57 203 124 121 61 60 2530 2503 2332 171 135 79 2306 830
internal_count=14889 5512 5470 4075 1395 1370 42 4052 3124 594 195 175 54 399 342 139 57 203 124 121 61 60 2530 2503 2332 171 135 79 2306 830
is_linear=0
shrinkage=0.05


Tree=101
num_leaves=31
num_cat=0
split_feature=4 1 2 7 5 1 4 0 5 6 8 3 2 3 3 3 5 1 7 5 5 4 6 8 3 8 3 0 5 0
split_gain=41927.4 8391.76 8236.65 19140.7 30691.8 13742.6 9550.76 8636.24 10007.2 9915.84 28791.8 11620.9 24987.8 21932 9196.47 12655.2 23056.1 17819.2 16455.3 44749 16783.8 10597.8 23588.2 10579.8 10049.9 9955.39 14867.8 8663.69 35675.3 16951.1
threshold=358.50000000000006 965.50000000000011 61.500000000000007 15.500000000000002 59.500000000000007 275.50000000000006 955.50000000000011 33.650000000000013 38.500000000000007 931.50000000000011 5.5000000000000009 99.500000000000014 30.500000000000004 97.500000000000014 86.500000000000014 31.500000000000004 92.500000000000014 843.50000000000011 11.500000000000002 52.500000000000007 72.500000000000014 637.50000000000011 582.50000000000011 4.5000000000000009 45.500000000000007 4.5000000000000009 93.500000000000014 22.950000000000003 51.500000000000007 26.450000000000003
decision_type=2 2 2 2 2 2 2 2 2 2 2 2 2 2 2 2 2 2 2 2 2 2 2 2 2 2 2 2 2 2
left_child=-1 2 5 -4 -5 -2 7 9 -9 11 -11 13 -13 14 15 -7 17 18 19 23 21 22 24 -17 -20 26 -16 28 -14 -29
right_child=1 -3 3 4 -6 6 -8 8 -10 10 -12 12 27 -15 25 16 -18 -19 20 -21 -22 -23 -24 -25 -26 -27 -28 29 -30 -31
leaf_value=-0.05598736453826543 -1.236322124004364 0.65388272795322777 0.31279403415272045 0.045991664676884425 -1.5170248644692559 0.091303890026966095 1.0328378581083739 0.22347935745210359 1.2529172662765751 -1.7645050069381452 0.10144405654217635 2.1007461645063898 -0.13173616654160669 -1.1796721028474471 0.99693937718868253 -0.59649759814716308 -1.4912787255012629 -1.355547673541766 -0.64419662008682899 -2.5196334114128893 1.516131163161734 0.46729350917537338 -1.6039800684452059 0.78151905993620563 0.61796765100696815 1.148507516384125 -0.93099924921989441 -1.4007500487565996 2.1547127253065508 0.63318279548769907
leaf_weight=10302 20 74 1134 306 35 2153 26 99 31 29 72 21 59 36 20 26 33 26 24 22 23 92 25 30 46 40 20 20 24 21
leaf_count=10302 20 74 1134 306 35 2153 26 99 31 29 72 21 59 36 20 26 33 26 24 22 23 92 25 30 46 40 20 20 24 21
internal_value=5.37347e-11 0.125743 0.117083 0.214024 -0.114435 0.070016 0.0786729 0.0703814 0.468961 0.0522768 -0.434323 0.0700771 0.505781 0.0459269 0.0630283 0.0461415 -0.234073 -0.101947 0.0112257 -0.608914 0.241563 0.0847984 -0.285618 0.141726 0.185226 0.590739 0.0329701 0.235665 0.529406 -0.35898
internal_weight=14889 4587 4513 1475 341 3038 3018 2992 130 2862 101 2761 145 2616 2580 2500 347 314 288 78 210 187 95 56 70 80 40 124 83 41
internal_count=14889 4587 4513 1475 341 3038 3018 2992 130 2862 101 2761 145 2616 2580 2500 347 314 288 78 210 187 95 56 70 80 40 124 83 41
is_linear=0
shrinkage=0.05


Tree=102
num_leaves=31
num_cat=0
split_feature=4 0 0 5 5 7 5 6 5 0 3 6 8 6 8 7 8 8 2 4 5 0 2 5 6 4 0 3 1 4
split_gain=38371.6 11390.2 10890.9 12955.2 16802.4 22815.4 12791.3 12138.8 8782.93 12427.1 22443.9 52977.3 15219.4 22245.8 20949.5 25534.9 31321.4 12326 12553 10499.2 10101.5 13006.6 13424 29456.3 39560.1 11401.5 10403.6 20764.2 18700.9 10197.8
threshold=194.50000000000003 9.8500000000000032 15.850000000000003 81.500000000000014 64.500000000000014 13.500000000000002 55.500000000000007 168.50000000000003 99.500000000000014 26.250000000000004 92.500000000000014 516.50000000000011 3.5000000000000004 684.50000000000011 4.5000000000000009 15.500000000000002 10.500000000000002 2.5000000000000004 62.500000000000007 521.50000000000011 37.500000000000007 34.250000000000007 35.500000000000007 58.500000000000007 613.50000000000011 955.50000000000011 16.850000000000005 13.500000000000002 481.50000000000006 852.50000000000011
decision_type=2 2 2 2 2 2 2 2 2 2 2 2 2 2 2 2 2 2 2 2 2 2 2 2 2 2 2 2 2 2
left_child=-1 -2 3 4 6 -6 -3 -4 20 10 12 -12 13 17 19 16 -16 18 -10 -14 25 22 23 -22 -25 -9 27 -24 -29 -28
right_child=1 2 7 -5 5 -7 -8 8 9 -11 11 -13 14 -15 15 -17 -18 -19 -20 -21 21 -23 26 24 -26 -27 29 28 -30 -31
leaf_value=-0.064310979439393651 1.2913554215431216 -0.21351303680307546 0.93531903187433896 0.36876700580398614 -1.8810041893930998 -0.0054916589490828982 0.78153628375795159 0.050020286856716049 -0.16822551411967124 0.72790858024045046 0.18554006767900366 -2.652127695700218 -0.46104933135211468 1.7126624263249912 1.6231106294525994 -1.3880634574663073 -0.50947572679230668 -0.81688658089510024 1.3934469785202634 -1.799855379042802 0.54816156119670512 1.3440062613487245 -0.16439112978322168 -2.4551542645320299 0.050716005265712738 0.75265037973048332 0.16791396938667336 0.68279839462704128 2.4897940885452998 0.62538817736483709
leaf_weight=9068 20 314 45 107 34 31 36 2695 31 38 38 29 32 26 36 21 33 28 22 27 53 25 42 28 36 59 1738 45 21 131
leaf_count=9068 20 314 45 107 34 31 36 2695 31 38 38 29 32 26 36 21 33 28 22 27 53 25 42 28 36 59 1738 45 21 131
internal_value=-4.33394e-10 0.100184 0.0960774 -0.121789 -0.24827 -0.986529 -0.111165 0.117621 0.11059 -0.127377 -0.227999 -1.0427 -0.0147753 0.440161 -0.341475 0.138555 0.603178 0.0317039 0.480016 -1.07372 0.128219 0.210289 0.196753 -0.323641 -1.0456 0.065073 0.227551 0.704696 1.25775 0.199979
internal_weight=14889 5821 5801 522 415 65 350 5279 5234 361 323 67 256 107 149 90 69 81 53 59 4873 2119 2094 117 64 2754 1977 108 66 1869
internal_count=14889 5821 5801 522 415 65 350 5279 5234 361 323 67 256 107 149 90 69 81 53 59 4873 2119 2094 117 64 2754 1977 108 66 1869
is_linear=0
shrinkage=0.05


Tree=103
num_leaves=31
num_cat=0
split_feature=4 4 5 3 1 0 6 6 1 6 8 5 2 0 6 5 5 8 2 5 1 5 7 3 6 5 7 6 1 1
split_gain=35109.6 8107.06 7124.51 9883.39 27208.8 22947.2 19097.4 18127.9 15510.3 13011.5 10846 13551 13477.6 10612.9 10509.1 22335.3 17710.3 9168.45 9973.89 8750.5 7864.15 15634.9 16377.9 15274.2 10363.8 8169.17 7861.15 8744.87 7538.26 10123.6
threshold=507.50000000000006 1.5000000000000002 18.500000000000004 27.500000000000004 485.50000000000006 22.550000000000004 531.50000000000011 640.50000000000011 605.50000000000011 551.50000000000011 10.500000000000002 74.500000000000014 52.500000000000007 26.850000000000005 468.50000000000006 99.500000000000014 76.500000000000014 4.5000000000000009 39.500000000000007 72.500000000000014 336.50000000000006 96.500000000000014 12.500000000000002 94.500000000000014 397.50000000000006 52.500000000000007 12.500000000000002 387.50000000000006 512.50000000000011 468.50000000000006
decision_type=2 2 2 2 2 2 2 2 2 2 2 2 2 2 2 2 2 2 2 2 2 2 2 2 2 2 2 2 2 2
left_child=1 -1 -3 7 14 6 -6 8 9 10 17 12 -12 -11 20 16 -16 18 -4 -7 -5 23 -23 24 25 -22 -13 -28 29 -20
right_child=-2 2 3 4 5 19 -8 -9 -10 13 11 26 -14 -15 15 -17 -18 -19 28 -21 21 22 -24 -25 -26 -27 27 -29 -30 -31
leaf_value=-0.076110717636646646 0.14127515440537397 -0.078562049049520175 -0.88678712439842722 0.077389068502511038 0.72686151285966238 0.79048587679862981 2.5425091164452689 -1.3258625889913394 1.0948845006525516 -1.4534918244395938 -1.8528501458142115 -0.46619500611957748 -0.43566530094512051 -0.088761720575135331 -0.60764754458171577 -1.62169055585508 0.99102614765365926 0.13156017105888648 -0.07653299322767404 -0.65293126532009671 0.28302151614969429 0.16255596668823907 1.9359787259499233 -0.86398165914519076 -0.10075344734413678 1.6169144816696646 -0.098773400706273551 1.2616548924706876 -0.79087292921136731 0.75241199582815177
leaf_weight=6881 3395 1532 39 753 30 21 28 26 32 28 23 38 62 29 41 27 30 1096 465 21 22 23 30 29 43 24 27 21 33 40
leaf_count=6881 3395 1532 39 753 30 21 28 26 32 28 23 38 62 29 41 27 30 1096 465 21 22 23 30 29 43 24 27 21 33 40
internal_value=4.76595e-10 -0.0417287 0.00955749 0.0533742 0.171705 0.958847 1.60338 -0.0143988 0.00324117 -0.0151347 0.00786374 -0.371429 -0.819139 -0.759155 0.0946852 -0.397637 0.0678484 0.0466318 -0.114688 0.0687773 0.146901 0.452998 1.16638 0.132581 0.457304 0.978966 0.0710751 0.496414 -0.0587178 -0.010874
internal_weight=14889 11494 4613 3081 1122 100 58 1959 1933 1901 1844 171 85 57 1022 98 71 1673 577 42 924 171 53 118 89 46 86 48 538 505
internal_count=14889 11494 4613 3081 1122 100 58 1959 1933 1901 1844 171 85 57 1022 98 71 1673 577 42 924 171 53 118 89 46 86 48 538 505
is_linear=0
shrinkage=0.05


Tree=104
num_leaves=31
num_cat=0
split_feature=4 1 1 1 2 7 5 0 6 3 0 5 5 4 6 2 4 0 6 8 3 5 5 2 0 2 3 6 6 1
split_gain=31714.8 7730.2 7112.08 6491.84 5931.87 13286.6 16860.1 9351.94 21867.1 13063 12047.8 18046.6 9635.86 7815.79 6605.87 6513.89 9212.16 5904.27 11223.8 24641.3 10152.6 7762.45 5799.61 6960.72 9930.75 6705.44 15690.3 18241.7 12166.2 23112.4
threshold=526.50000000000011 1.0000000180025095e-35 346.50000000000006 965.50000000000011 61.500000000000007 15.500000000000002 50.500000000000007 19.850000000000005 787.50000000000011 4.5000000000000009 19.050000000000004 39.500000000000007 61.500000000000007 955.50000000000011 366.50000000000006 65.500000000000014 608.50000000000011 33.150000000000013 931.50000000000011 5.5000000000000009 1.0000000180025095e-35 4.5000000000000009 18.500000000000004 36.500000000000007 18.250000000000004 41.500000000000007 9.5000000000000018 375.50000000000006 640.50000000000011 622.50000000000011
decision_type=2 2 2 2 2 2 2 2 2 2 2 2 2 2 2 2 2 2 2 2 2 2 2 2 2 2 2 2 2 2
left_child=1 -1 -2 4 13 7 -7 8 10 -9 11 -6 -11 14 -4 -13 -17 18 -16 -20 -21 -19 -3 24 -24 26 -25 -28 29 -27
right_child=2 22 3 -5 5 6 -8 9 -10 12 -12 15 -14 -15 17 16 -18 21 19 20 -22 -23 23 25 -26 28 27 -29 -30 -31
leaf_value=-0.072880755807166783 0.81869172048019745 -0.067881130653486041 -0.62679418566472389 0.59344888843998722 -0.27926729296644531 0.0067325568508724096 -1.5438614392280581 0.16020981874707696 -1.3236214489848526 0.51846039869523575 -0.85834512639613392 0.29598763272875833 1.3323734473614466 0.936744422179002 0.07945113590837391 0.64746241001855764 2.1468639791011812 -0.034503455381491223 -1.6922734688068257 -0.55490791594440292 0.69501315022353083 0.6964176818728447 -1.1194816642041718 -0.023226196546975927 -0.094782086427470574 0.050259650789071575 0.29717829297814102 2.289475871771574 -0.80452909687670271 1.6415423743102862
leaf_weight=6789 38 1613 34 74 48 142 20 286 27 271 21 21 42 26 1895 21 20 64 29 33 32 84 28 74 152 2894 27 20 41 23
leaf_count=6789 38 1613 34 74 48 142 20 286 27 271 21 21 42 26 1895 21 20 64 29 33 32 84 28 74 152 2894 27 20 41 23
internal_value=3.72501e-10 -0.0383943 0.138698 0.130597 0.119606 0.226271 -0.184699 0.31422 -0.0279628 0.404478 0.239081 0.44859 0.627676 0.0749876 0.0646671 1.01209 1.37888 0.0756684 0.0529977 -0.480292 0.0604378 0.380344 0.00966157 0.0480403 -0.25418 0.0657083 0.430534 1.14496 0.0507847 0.0628066
internal_weight=14889 11661 3228 3190 3116 919 162 757 158 599 131 110 313 2197 2171 62 41 2137 1989 94 65 148 4872 3259 180 3079 121 47 2958 2917
internal_count=14889 11661 3228 3190 3116 919 162 757 158 599 131 110 313 2197 2171 62 41 2137 1989 94 65 148 4872 3259 180 3079 121 47 2958 2917
is_linear=0
shrinkage=0.05


Tree=105
num_leaves=31
num_cat=0
split_feature=4 6 3 1 6 2 6 2 3 1 6 5 0 1 2 0 2 8 0 5 5 8 2 3 0 1 6 7 5 1
split_gain=28680.9 8313.06 20393 5981.31 13736.3 17903.1 12393.3 12341.2 11762.5 5859.37 6327.05 6498.94 6485.75 18105.1 14066.1 13991.2 10741.8 9989.87 14971.5 8121.95 16571.5 9460.62 10776.3 8943.32 13981.2 8733.75 10468.3 8250.23 8128.51 48522.8
threshold=507.50000000000006 652.50000000000011 30.500000000000004 605.50000000000011 551.50000000000011 47.500000000000007 542.50000000000011 53.500000000000007 25.500000000000004 1.0000000180025095e-35 535.50000000000011 30.500000000000004 17.050000000000004 516.50000000000011 57.500000000000007 16.850000000000005 58.500000000000007 11.500000000000002 19.850000000000005 90.500000000000014 85.500000000000014 9.5000000000000018 48.500000000000007 27.500000000000004 20.750000000000004 465.50000000000006 435.50000000000006 14.500000000000002 75.500000000000014 315.50000000000006
decision_type=2 2 2 2 2 2 2 2 2 2 2 2 2 2 2 2 2 2 2 2 2 2 2 2 2 2 2 2 2 2
left_child=1 3 -3 4 6 -6 9 -5 -7 -1 11 -11 14 17 15 -13 -16 19 -19 20 21 28 -23 24 -24 26 -21 -25 -14 -30
right_child=-2 2 -4 7 5 8 -8 -9 -10 10 -12 12 13 -15 16 -17 -18 18 -20 25 -22 22 23 27 -26 -27 -28 -29 29 -31
leaf_value=-0.069236718560462679 0.12768781820231903 -0.43732140972500755 1.7661942442258198 1.3128217101097108 -1.7013887699161256 -0.72575933081763133 1.0974968371291955 -0.32667730315165089 0.61187552522729949 -0.06205972936613572 -0.74490883861269275 -0.26662162410208534 0.16620829120263847 1.0739530399441719 1.2011902602761984 -1.5758335440055184 0.024793572376905 0.25539537875548651 1.8090653550624847 -0.22986500370995297 1.4387293823387313 -1.3047148364680736 -1.5591252534162432 0.91766404968596282 -0.056841858716334327 -1.0914631400108339 0.85785304522514361 -0.3031406452208758 0.61770154208671757 -2.2516060056893723
leaf_weight=6789 3395 21 21 24 28 42 24 22 27 1869 28 181 1099 48 20 23 652 69 20 192 23 22 21 31 59 25 25 25 41 23
leaf_count=6789 3395 21 21 24 28 42 24 22 27 1869 28 181 1099 48 20 23 652 69 20 192 23 22 21 31 59 25 25 25 41 23
internal_value=3.18709e-11 -0.0377153 0.664436 -0.0402905 -0.0425852 -0.635053 -0.0375035 0.528713 -0.202337 -0.0399173 0.00435521 0.00905068 0.0601878 0.116507 -0.0505862 -0.414229 0.0598054 0.0890697 0.604535 0.0601439 0.108157 0.08499 -0.278038 -0.111958 -0.451191 -0.206506 -0.104552 0.372662 0.134309 -0.413456
internal_weight=14889 11494 42 11452 11406 97 11309 46 69 11285 4496 4468 2599 1723 876 204 672 1675 89 1586 1344 1321 158 136 80 242 217 56 1163 64
internal_count=14889 11494 42 11452 11406 97 11309 46 69 11285 4496 4468 2599 1723 876 204 672 1675 89 1586 1344 1321 158 136 80 242 217 56 1163 64
is_linear=0
shrinkage=0.05


Tree=106
num_leaves=31
num_cat=0
split_feature=4 0 0 1 0 3 2 5 2 1 6 5 5 1 3 4 6 3 5 4 0 2 8 4 6 2 2 5 4 8
split_gain=25961.7 9581.91 14472.8 8718.03 8614.27 11475.3 13785.3 12497 8499.34 57016.3 22124.1 51381.1 9505.83 7575.27 21760.4 18330.5 15236.8 18321.8 10396.3 25804.1 19854.1 14118.9 33663.9 8004.48 7371.6 7254.74 6749.89 9991.22 18489.7 11538.1
threshold=214.50000000000003 10.250000000000002 11.850000000000003 177.50000000000003 29.450000000000003 73.500000000000014 22.500000000000004 57.500000000000007 35.500000000000007 847.50000000000011 617.50000000000011 58.500000000000007 70.500000000000014 812.50000000000011 32.500000000000007 816.50000000000011 775.50000000000011 23.500000000000004 9.5000000000000018 916.50000000000011 27.550000000000004 48.500000000000007 4.5000000000000009 823.50000000000011 897.50000000000011 42.500000000000007 72.500000000000014 59.500000000000007 335.50000000000006 2.5000000000000004
decision_type=2 2 2 2 2 2 2 2 2 2 2 2 2 2 2 2 2 2 2 2 2 2 2 2 2 2 2 2 2 2
left_child=-1 -2 25 -4 8 6 -6 -8 9 10 11 -5 -12 26 16 -16 23 18 -18 21 -21 -20 -23 -15 -17 -3 -10 -28 -29 -30
right_child=1 2 3 4 5 -7 7 -9 13 -11 12 -13 -14 14 15 24 17 -19 19 20 -22 22 -24 -25 -26 -27 27 28 29 -31
leaf_value=-0.05158742183943258 1.0071514010429383 -1.4254565223403599 0.6818132727361117 0.0590170735603497 -1.1341616696119308 1.2292622861953884 0.15605264971248517 0.9127047504902932 0.013647784731909944 -2.7263808293001994 0.28384201457037739 -2.1758657007478179 1.4077969111204149 1.7390257287025452 2.2777651260296508 -0.0079644220656362088 0.48508940788670485 -1.3590563857037088 1.2370787512367736 -2.2002916683321412 -0.073878763403211326 -1.4277460110538147 0.31584770685474345 0.34135797463712242 1.140094017982483 -0.19499587273597718 0.062609692522377344 -0.11882674534653509 0.37941816423250285 1.8210463089283024
leaf_weight=9245 28 23 61 131 20 26 1280 57 3015 21 76 32 25 20 21 29 117 23 26 23 21 34 149 21 27 25 212 43 23 35
leaf_count=9245 28 23 61 131 20 26 1280 57 3015 21 76 32 25 20 21 29 117 23 26 23 21 34 149 21 27 25 212 43 23 35
internal_value=1.03773e-09 0.0845014 0.0799013 0.0873538 0.0807691 0.188756 0.16882 0.188311 0.0445553 -0.21889 -0.0194301 -0.379733 0.562049 0.064113 0.243356 1.01798 0.105922 0.0102315 0.0953494 -0.0848861 -1.18541 0.146804 -0.00809867 1.02315 0.545564 -0.784592 0.036591 0.257594 0.666868 1.24937
internal_weight=14889 5644 5616 5568 5507 1383 1357 1337 4124 285 264 163 101 3839 511 77 434 393 370 253 44 209 183 41 56 48 3328 313 101 58
internal_count=14889 5644 5616 5568 5507 1383 1357 1337 4124 285 264 163 101 3839 511 77 434 393 370 253 44 209 183 41 56 48 3328 313 101 58
is_linear=0
shrinkage=0.05


Tree=107
num_leaves=31
num_cat=0
split_feature=4 2 7 5 1 4 6 0 2 3 5 3 6 8 5 2 4 6 6 8 2 4 0 4 3 1 8 5 2 3
split_gain=23883.6 6289.34 11527.5 16068.1 9780.67 6342.97 6079.68 9083.22 17528.4 34395.2 22155.3 11134.9 10097.8 8337.02 12112.9 6182.76 5806.24 5804.51 5902.12 27392.5 9001.7 6113.48 10428.4 6208.6 5789.19 51286.9 48894.5 22869 21440.2 14069.4
threshold=526.50000000000011 61.500000000000007 15.500000000000002 50.500000000000007 961.50000000000011 955.50000000000011 452.50000000000006 19.750000000000004 71.500000000000014 47.500000000000007 36.500000000000007 4.5000000000000009 601.50000000000011 9.5000000000000018 61.500000000000007 69.500000000000014 1.5000000000000002 366.50000000000006 931.50000000000011 5.5000000000000009 58.500000000000007 885.50000000000011 24.250000000000004 926.50000000000011 4.5000000000000009 858.50000000000011 5.5000000000000009 52.500000000000007 30.500000000000004 87.500000000000014
decision_type=2 2 2 2 2 2 2 2 2 2 2 2 2 2 2 2 2 2 2 2 2 2 2 2 2 2 2 2 2 2
left_child=16 4 6 -4 5 17 -3 8 9 12 -11 -9 -8 14 15 -13 -1 -2 21 -20 -21 24 -23 -24 27 28 -27 -19 29 -26
right_child=1 2 3 -5 -6 -7 7 11 -10 10 -12 13 -14 -15 -16 -17 -18 18 19 20 -22 22 23 -25 25 26 -28 -29 -30 -31
leaf_value=-0.062724673841270437 -0.60112245521124674 0.8860360679584881 0.031580198499917361 -1.4808573484420777 0.62551796892896683 0.88176482138426415 -0.46274683039921982 0.13501787116815306 0.89682643974528597 -0.38624000608921055 -2.7397133445739748 0.61202583503888719 0.80935101661926678 -0.42307948768138887 1.5194180481574115 -0.10234322496822904 0.0090127090522537211 0.038343854457040659 -1.6180459524023121 0.53513287999413228 -0.59390027385491595 1.1205099746584892 0.33578645742489299 -0.51601462568397882 0.25504183859606699 -3.046959029303657 -0.0090890884399414066 0.72742684709764749 -0.014700875849812292 2.064384612582979
leaf_weight=6881 34 43 144 20 78 23 26 290 34 20 20 225 39 20 34 35 4780 994 29 55 26 36 103 27 22 27 26 137 640 21
leaf_count=6881 34 43 144 20 78 23 26 290 34 20 20 225 39 20 34 35 4780 994 29 55 26 36 103 27 22 27 26 137 640 21
internal_value=-3.58992e-10 0.120362 0.228436 -0.152863 0.0752914 0.0557834 0.307994 0.274541 -0.0898827 -0.409389 -1.56298 0.358407 0.300512 0.564721 0.631918 0.515861 -0.0333186 0.0470569 0.0573407 -0.299386 0.172727 0.0766421 0.367422 0.158874 0.0507882 -0.0583557 -1.55668 0.121814 0.0579128 1.13867
internal_weight=14889 3228 950 164 2278 2200 786 743 139 105 40 604 65 314 294 260 11661 2177 2143 110 81 2033 166 130 1867 736 53 1131 683 43
internal_count=14889 3228 950 164 2278 2200 786 743 139 105 40 604 65 314 294 260 11661 2177 2143 110 81 2033 166 130 1867 736 53 1131 683 43
is_linear=0
shrinkage=0.05


Tree=108
num_leaves=31
num_cat=0
split_feature=4 1 0 6 6 0 0 3 5 3 8 2 3 5 2 4 3 5 5 0 2 1 5 0 0 5 0 2 3 2
split_gain=21555 5956.99 5294.45 22482.9 12869.3 10309 30186.3 21592.4 26225.3 17525.7 12780.5 53046.7 30835.6 12644.6 11782.3 10254.6 9398.79 14992.2 11630.3 11061.4 9949.62 9315.12 7314.62 14955.3 10629.1 10194.6 22944.2 12934.2 8459.64 9447.12
threshold=526.50000000000011 346.50000000000006 19.850000000000005 847.50000000000011 414.50000000000006 22.850000000000005 23.050000000000004 26.500000000000004 61.500000000000007 20.500000000000004 4.5000000000000009 53.500000000000007 39.500000000000007 89.500000000000014 62.500000000000007 535.50000000000011 34.500000000000007 93.500000000000014 84.500000000000014 18.850000000000005 63.500000000000007 743.50000000000011 36.500000000000007 25.950000000000003 23.550000000000004 68.500000000000014 28.550000000000004 33.500000000000007 1.0000000180025095e-35 44.500000000000007
decision_type=2 2 2 2 2 2 2 2 2 2 2 2 2 2 2 2 2 2 2 2 2 2 2 2 2 2 2 2 2 2
left_child=-1 -2 3 15 -4 7 -7 9 -9 14 11 12 -8 22 -6 -3 18 19 20 -18 -17 -15 24 -24 -12 27 -27 -25 -26 -30
right_child=1 2 4 -5 5 6 10 8 -10 -11 13 -13 -14 21 -16 16 17 -19 -20 -21 -22 -23 23 25 28 26 -28 -29 29 -31
leaf_value=-0.031652631776169622 0.73667300743492037 -0.90195595606097168 -0.91019633412361145 -1.6360184590021771 0.58936208917811095 -1.3678404123905827 0.39416566581690105 0.52002613804032727 2.2201504174868267 -1.3081557837128639 -0.8405415398474303 -2.7050718969106677 -1.5109661895495197 0.28107424577077234 -0.21122198719531299 -0.0071541815570422586 0.10579879703553947 -1.3701795660931131 0.98779519209836397 -1.0351267684251071 0.85325208067893987 1.7703307997612727 0.93076867631503524 1.4129944619925128 -0.015466093621283237 -1.5121942645655229 0.68176630193536936 0.20580925308772222 -0.29543115287002258 0.33800603649302574
leaf_weight=11661 38 28 29 21 108 34 116 93 30 20 31 20 26 21 80 210 185 23 47 24 40 21 77 23 700 26 22 629 68 438
leaf_count=11661 38 28 29 21 108 34 116 93 30 20 31 20 26 21 80 210 185 23 47 24 40 21 77 23 700 26 22 629 68 438
internal_value=-2.16004e-10 0.114344 0.10693 -0.0300025 0.137232 0.148991 0.110696 0.409538 0.934691 0.0989915 0.133361 -0.294218 0.0453387 0.167051 0.248688 0.0305474 0.0799049 -0.158553 0.266175 -0.0252166 0.130511 1.0257 0.149145 0.269374 0.0736251 0.196621 -0.506629 0.248394 0.0971236 0.25288
internal_weight=14889 3228 3190 578 2612 2583 2252 331 123 208 2218 162 142 2056 188 557 529 232 297 209 250 42 2014 777 1237 700 48 652 1206 506
internal_count=14889 3228 3190 578 2612 2583 2252 331 123 208 2218 162 142 2056 188 557 529 232 297 209 250 42 2014 777 1237 700 48 652 1206 506
is_linear=0
shrinkage=0.05


Tree=109
num_leaves=31
num_cat=0
split_feature=1 0 8 0 2 5 2 0 1 1 0 2 5 3 6 0 0 2 0 0 5 3 2 2 5 4 4 3 3 7
split_gain=20074.2 7412.16 8671.54 19946.8 50953.8 44237.6 31309.2 17231.1 15413.3 15154.2 13987.9 11648.1 11431.1 13748.2 10116.2 12737.7 19680.7 10173.5 19333.3 19839.4 16298.6 39590.5 15783.1 20965.8 18516.6 16847.6 11652.6 9847.34 12608.1 13978.3
threshold=134.50000000000003 9.4500000000000011 4.5000000000000009 23.750000000000004 53.500000000000007 74.500000000000014 35.500000000000007 16.050000000000004 244.50000000000003 468.50000000000006 14.050000000000002 55.500000000000007 75.500000000000014 98.500000000000014 424.50000000000006 21.950000000000003 22.350000000000005 59.500000000000007 17.250000000000004 15.65 68.500000000000014 19.500000000000004 40.500000000000007 38.500000000000007 71.500000000000014 564.50000000000011 367.50000000000006 35.500000000000007 14.500000000000002 16.500000000000004
decision_type=2 2 2 2 2 2 2 2 2 2 2 2 2 2 2 2 2 2 2 2 2 2 2 2 2 2 2 2 2 2
left_child=-1 -2 3 9 5 -5 -7 8 -4 11 -10 12 -3 -14 -11 17 -17 22 19 -19 -20 -22 23 -16 -24 26 -26 28 -13 -30
right_child=1 2 7 4 -6 6 -8 -9 10 14 -12 27 13 -15 15 16 -18 18 20 -21 21 -23 24 -25 25 -27 -28 -29 29 -31
leaf_value=-0.049893936095533623 1.0053567611035847 -0.1764723978140815 0.12273595397887023 0.32307928502559663 -2.7073140600453254 -2.4339148063813489 -0.055711291313171388 0.12050839128197935 -0.16392594359137797 0.71878788914435954 -1.8124388817817936 0.068835343392314147 -0.49280693178612095 -1.9700539906819661 0.047402157375795978 2.0119048698381947 0.18032929429953748 -0.44846347163120903 -0.15380498163145165 1.2435759649044131 0.015670368748326457 -2.6892871171236039 0.099552917797534196 -1.6590337567031384 1.3562938120216133 1.589100485521814 0.069746797554420703 0.21369412753639408 -0.96040487425562793 0.21258746925238015
leaf_weight=8564 21 220 46 123 23 31 25 4164 22 78 31 185 63 21 72 22 44 30 145 41 31 24 280 24 24 46 66 305 81 37
leaf_count=8564 21 220 46 123 23 31 25 4164 22 78 31 185 63 21 72 22 44 30 145 41 31 24 280 24 24 46 66 305 81 37
internal_value=-1.64943e-09 0.067556 0.064432 -0.0203193 -0.491949 -0.207293 -1.37222 0.105008 -0.546931 0.0314856 -1.12815 -0.113221 -0.365927 -0.862119 0.173851 0.123786 0.790854 0.0675579 -0.18017 0.52863 -0.431794 -1.16467 0.19868 -0.379207 0.332038 0.810684 0.412826 0.0131319 -0.188754 -0.592602
internal_weight=14889 6325 6304 2041 202 179 56 4263 99 1839 53 912 304 84 927 849 66 783 271 71 200 55 512 96 416 136 90 608 303 118
internal_count=14889 6325 6304 2041 202 179 56 4263 99 1839 53 912 304 84 927 849 66 783 271 71 200 55 512 96 416 136 90 608 303 118
is_linear=0
shrinkage=0.05


Tree=110
num_leaves=31
num_cat=0
split_feature=4 0 0 8 3 0 2 6 0 8 0 2 5 2 0 2 0 1 0 3 5 5 3 1 2 3 5 0 5 3
split_gain=18174.4 9091.14 9105.56 6593.75 10696.1 12788.6 10943.8 20024.5 10805.6 9859.45 20069.7 46165.8 37338.3 31362.4 11940.2 81757.5 122655 31177.3 29883.7 28711.5 20916.9 14682.7 10709.8 10271.9 11721.9 17090.5 17763 12089.5 23152.2 33801.9
threshold=194.50000000000003 9.8500000000000032 11.850000000000003 8.5000000000000018 47.500000000000007 16.050000000000004 62.500000000000007 492.50000000000006 15.750000000000002 4.5000000000000009 23.750000000000004 53.500000000000007 74.500000000000014 35.500000000000007 23.450000000000003 59.500000000000007 22.850000000000005 756.50000000000011 25.450000000000003 9.5000000000000018 21.500000000000004 93.500000000000014 13.500000000000002 468.50000000000006 59.500000000000007 72.500000000000014 61.500000000000007 17.250000000000004 76.500000000000014 17.500000000000004
decision_type=2 2 2 2 2 2 2 2 2 2 2 2 2 2 2 2 2 2 2 2 2 2 2 2 2 2 2 2 2 2
left_child=-1 -2 -3 9 5 -5 -6 8 -8 10 23 12 -12 -14 15 16 17 19 20 -11 -16 -17 -22 -4 25 -25 -27 -26 -29 -30
right_child=1 2 3 4 6 -7 7 -9 -10 14 11 -13 13 -15 18 21 -18 -19 -20 -21 22 -23 -24 24 27 26 -28 28 29 -31
leaf_value=-0.044259917984898284 1.133132849931717 -0.56356272273942043 -0.068954280565586931 -0.98032199151813981 0.59383717742297915 -0.067449337747086863 -0.51435263569538414 -1.1687109762622465 0.722646026286212 0.037747302003528764 0.2897869252218086 -2.5719483738360198 -2.3618229335546497 0.12362139008261941 0.18604730836128536 0.4000440159305183 -4.7791487388667608 1.1471445159478622 0.15230231205054587 -2.5525722467899321 0.88312789297872973 -0.74697747913099111 1.9325114762783053 0.19052081565938439 0.44241230725202452 0.40205228542035915 1.7783031078609259 0.0085540990147081036 0.018543198933968177 -2.6128629105246586
leaf_weight=9068 20 57 752 40 124 939 26 31 55 23 122 23 30 22 73 279 21 22 2113 20 62 31 40 479 86 64 37 181 26 23
leaf_count=9068 20 57 752 40 124 939 26 31 55 23 122 23 30 22 73 279 21 22 2113 20 62 31 40 479 86 64 37 181 26 23
internal_value=-7.05723e-10 0.0689484 0.0652795 0.0715197 -0.0319092 -0.104748 0.270246 -0.088015 0.325585 0.0992667 0.0102876 -0.466679 -0.188397 -1.31029 0.160432 -0.0930612 -1.45707 -0.383786 0.204305 -1.16705 0.832205 0.285342 1.29465 0.0673037 0.181663 0.315152 0.906223 -0.063348 -0.252458 -1.21661
internal_weight=14889 5821 5801 5744 1215 979 236 112 81 4529 1845 197 174 52 2684 396 86 65 2288 43 175 310 102 1648 896 580 101 316 230 49
internal_count=14889 5821 5801 5744 1215 979 236 112 81 4529 1845 197 174 52 2684 396 86 65 2288 43 175 310 102 1648 896 580 101 316 230 49
is_linear=0
shrinkage=0.05


Tree=111
num_leaves=31
num_cat=0
split_feature=1 1 5 4 6 4 1 0 0 0 5 0 3 3 2 6 1 3 3 6 4 6 0 1 5 6 6 3 2 1
split_gain=16470.4 6294.39 8572.1 6896.69 7565.18 7295.65 7844.4 6431.08 6430.09 5987.97 5758.11 8639.11 27503.6 21727 13824.1 16384.6 45149.2 23007.9 17280.2 14661.4 10948.9 10179.2 32487.1 11383.3 9569.39 8858.91 30809 7564.31 14387.2 38731.5
threshold=134.50000000000003 926.50000000000011 45.500000000000007 934.50000000000011 931.50000000000011 892.50000000000011 894.50000000000011 24.250000000000004 9.4500000000000011 11.850000000000003 30.500000000000004 26.250000000000004 94.500000000000014 65.500000000000014 40.500000000000007 761.50000000000011 747.50000000000011 97.500000000000014 33.500000000000007 613.50000000000011 554.50000000000011 862.50000000000011 23.050000000000004 865.50000000000011 75.500000000000014 834.50000000000011 805.50000000000011 27.500000000000004 48.500000000000007 531.50000000000011
decision_type=2 2 2 2 2 2 2 2 2 2 2 2 2 2 2 2 2 2 2 2 2 2 2 2 2 2 2 2 2 2
left_child=-1 3 7 4 5 8 -7 -3 -2 -10 -11 14 13 -13 15 16 17 18 19 24 -14 23 -23 25 -12 26 27 -16 29 -29
right_child=1 2 -4 -5 -6 6 -8 -9 9 10 11 12 20 -15 21 -17 -18 -19 -20 -21 -22 22 -24 -25 -26 -27 -28 28 -30 -31
leaf_value=-0.045194115293310209 0.91525216897328709 -0.68601316928863532 0.93086638667366728 0.73073889014084603 -0.67663846181498633 0.84618391023585726 0.079973587567930104 0.24891640809100268 -0.42425795674755956 -0.017121145712398807 0.038859797205243796 0.16511110112304042 0.44269379625717803 -1.1531705152243377 -0.014642887363802707 0.80201068496704109 -2.6257311655127484 1.3346903604269027 -1.6970707883437475 0.87318304181098938 1.8462520078050368 -1.748474115338819 0.73842687408129382 1.2111521997235037 -1.1144432716272974 0.98272194220469555 -1.5091668114066126 -1.2190355478548538 0.26771528438475484 1.3323364342961994
leaf_weight=8564 21 20 44 37 36 59 77 229 69 2290 35 1343 24 32 926 25 23 20 24 24 33 29 24 22 37 26 31 51 693 21
leaf_count=8564 21 20 44 37 36 59 77 229 69 2290 35 1343 24 32 926 25 23 20 24 24 33 29 24 22 37 26 31 51 693 21
internal_value=-4.77075e-10 0.0611925 0.287508 0.0501994 0.0459992 0.0503649 0.412374 0.173822 0.0419099 0.0387489 0.0443215 0.085188 0.179046 0.134431 0.0183534 -0.389869 -0.572673 -0.235384 -0.497063 -0.197062 1.25528 0.060452 -0.62233 0.0808969 -0.55381 0.0666718 0.0528406 0.0814758 0.197823 -0.474885
internal_weight=14889 6325 293 6032 5995 5959 136 249 5823 5802 5733 3443 1432 1375 2011 188 163 140 120 96 57 1823 53 1770 72 1748 1722 1691 765 72
internal_count=14889 6325 293 6032 5995 5959 136 249 5823 5802 5733 3443 1432 1375 2011 188 163 140 120 96 57 1823 53 1770 72 1748 1722 1691 765 72
is_linear=0
shrinkage=0.05


Tree=112
num_leaves=31
num_cat=0
split_feature=4 1 0 0 6 5 8 3 0 6 7 6 0 2 3 5 5 1 0 5 2 0 7 3 1 5 8 4 4 5
split_gain=14916.1 8289.15 7663.54 12083.6 11104.2 8478.61 10417.4 11573.1 8179.83 10273.5 8426.28 20837.4 7858.83 11910 10207 10278.9 5622.65 5507.85 5695.5 8145.25 7694.52 36988 15080.4 22374 80724 29886.8 10720 7310.59 6657.13 8510.44
threshold=214.50000000000003 177.50000000000003 10.250000000000002 15.750000000000002 168.50000000000003 2.5000000000000004 10.500000000000002 99.500000000000014 11.850000000000003 590.50000000000011 11.500000000000002 351.50000000000006 15.250000000000002 67.500000000000014 40.500000000000007 47.500000000000007 50.500000000000007 965.50000000000011 33.150000000000013 4.5000000000000009 40.500000000000007 17.850000000000005 13.500000000000002 67.500000000000014 564.50000000000011 92.500000000000014 5.5000000000000009 405.50000000000006 547.50000000000011 67.500000000000014
decision_type=2 2 2 2 2 2 2 2 2 2 2 2 2 2 2 2 2 2 2 2 2 2 2 2 2 2 2 2 2 2
left_child=-1 16 -3 5 -5 -4 7 8 -7 10 11 -10 13 14 15 -12 -2 18 20 -20 21 -6 23 25 -25 -23 27 -24 -29 -30
right_child=1 2 3 4 17 6 -8 -9 9 -11 12 -13 -14 -15 -16 -17 -18 -19 19 -21 -22 22 26 24 -26 -27 -28 28 29 -31
leaf_value=-0.039102577443065008 0.08893849132237612 0.88272619939276165 0.19386291332402319 0.96275847613811494 -2.0356588150064154 -1.0729173083459178 -0.98484574937820435 0.7264919739961625 -0.19397649651562626 0.48890218492164172 -0.55528256582177205 -2.0786048829555512 -0.88624739558077781 1.1780848050117494 -1.0438874639570714 0.89579712840226977 1.0434418853786258 0.49730653062060076 -0.048912409678674662 0.62700560515603199 0.076899227035412729 0.055272847968692175 -0.2174051240734432 0.63568567597755687 -3.3952946279359901 -1.8162778325702835 -0.081784484265205848 1.4605452411449873 0.84339622665068203 -0.3526947231590748
leaf_weight=9245 27 28 106 35 24 31 50 30 44 43 23 22 26 20 24 26 36 74 78 104 4187 294 23 27 23 23 112 26 58 20
leaf_count=9245 27 28 106 35 24 31 50 30 44 43 23 22 26 20 24 26 36 74 78 104 4187 294 23 27 23 23 112 26 58 20
internal_value=7.87366e-10 0.0640509 0.057613 0.0534525 0.0752225 -0.196438 -0.318479 -0.20319 -0.310875 -0.207264 -0.369076 -0.822186 -0.117772 0.0970712 -0.199097 0.214678 0.634369 0.0690992 0.0627604 0.337326 0.0523865 -0.110526 -0.0342828 -0.235565 -1.21857 -0.0805179 0.2748 0.589267 0.767666 0.536706
internal_weight=14889 5644 5581 5553 5108 445 339 289 259 228 185 66 119 93 73 49 63 5073 4999 182 4817 630 606 367 50 317 239 127 104 78
internal_count=14889 5644 5581 5553 5108 445 339 289 259 228 185 66 119 93 73 49 63 5073 4999 182 4817 630 606 367 50 317 239 127 104 78
is_linear=0
shrinkage=0.05


Tree=113
num_leaves=31
num_cat=0
split_feature=4 1 3 2 2 5 1 5 3 1 5 8 5 0 5 1 3 0 7 1 0 6 0 4 1 1 6 6 5 6
split_gain=13666.5 6030.5 13411.7 43370.9 51082.3 69503.6 45789.1 10285.5 13261 16108.4 9866.08 8330.92 9046.14 10467 19161.6 18476 26150.3 15336.6 14255.9 12941.9 9200.59 28689.8 26792.4 9565.58 9709.14 7284.03 7010.86 6546.26 17023.6 22076.8
threshold=526.50000000000011 560.50000000000011 52.500000000000007 40.500000000000007 57.500000000000007 50.500000000000007 716.50000000000011 48.500000000000007 94.500000000000014 521.50000000000011 43.500000000000007 8.5000000000000018 58.500000000000007 20.350000000000005 77.500000000000014 663.50000000000011 12.500000000000002 26.150000000000002 13.500000000000002 626.50000000000011 24.550000000000004 926.50000000000011 24.250000000000004 892.50000000000011 875.50000000000011 694.50000000000011 834.50000000000011 718.50000000000011 41.500000000000007 765.50000000000011
decision_type=2 2 2 2 2 2 2 2 2 2 2 2 2 2 2 2 2 2 2 2 2 2 2 2 2 2 2 2 2 2
left_child=-1 7 11 6 10 -6 -4 -2 9 -9 -5 12 20 15 -15 19 -17 18 -16 -14 21 22 23 24 26 -12 27 -3 -29 -30
right_child=1 2 3 4 5 -7 -8 8 -10 -11 25 -13 13 14 17 16 -18 -19 -20 -21 -22 -23 -24 -25 -26 -27 -28 28 29 -31
leaf_value=-0.025203709923485591 0.1278770613905543 0.14837856212210271 -0.34510188513788687 0.29585391679598438 0.096698991112087088 -2.7225596248172224 -3.4549200940132141 -0.61949790451261733 1.4728756506096674 1.107650989956326 0.54441763733824089 -0.10547152644906804 -0.051623871922492987 1.3283044703419393 -0.0024140841513872148 0.44385696002415254 -1.5503281845621044 -0.74329910781876807 1.4261042852555552 1.7255774458249409 0.16940059377056904 -1.8867444396018982 -1.563962665673059 0.72434731375139494 -0.89391257975782679 1.689220737146609 0.7348100485901039 0.16683246459449746 -2.2536088656811488 -0.011324563881625302
leaf_weight=11661 266 248 29 62 69 32 20 27 37 27 24 409 20 65 40 35 31 29 31 21 1394 21 26 52 28 33 36 72 21 23
leaf_count=11661 266 248 29 62 69 32 20 27 37 27 24 409 20 65 40 35 31 29 31 21 1394 21 26 52 28 33 36 72 21 23
internal_value=-6.23084e-10 0.0910472 0.0669483 -0.269155 0.0304708 -0.796531 -1.61442 0.284851 0.743698 0.244077 0.73238 0.101695 0.140333 0.410207 0.659981 0.0250418 -0.492806 0.22557 0.621305 0.85865 0.10212 -0.0758471 -0.000691284 0.0839859 0.006185 1.2072 0.0691918 0.00336146 -0.306675 -1.08151
internal_weight=14889 3228 2871 269 220 101 49 357 91 54 119 2602 2193 272 165 107 66 100 71 41 1921 527 506 480 428 57 400 364 116 44
internal_count=14889 3228 2871 269 220 101 49 357 91 54 119 2602 2193 272 165 107 66 100 71 41 1921 527 506 480 428 57 400 364 116 44
is_linear=0
shrinkage=0.05


Tree=114
num_leaves=31
num_cat=0
split_feature=1 8 0 2 5 0 0 1 0 1 0 6 1 6 5 8 0 6 8 7 3 0 2 5 3 3 5 2 5 1
split_gain=12770.9 5357.71 16582.7 47675.8 50484.2 37551.1 12685.9 12603.6 11943.1 11031.7 20830.5 15037.1 10899.4 10024.8 11979.5 9496.59 20540.9 16560.2 12977.9 11420.4 8751.62 11986.2 46827.8 9101.56 18258.6 8646.54 8123.92 7929.02 14444.7 7809.49
threshold=134.50000000000003 4.5000000000000009 22.350000000000005 55.500000000000007 77.500000000000014 25.450000000000003 16.050000000000004 244.50000000000003 14.050000000000002 457.50000000000006 21.950000000000003 640.50000000000011 733.50000000000011 424.50000000000006 45.500000000000007 11.500000000000002 19.650000000000002 476.50000000000006 8.5000000000000018 11.500000000000002 99.500000000000014 20.350000000000005 63.500000000000007 53.500000000000007 66.500000000000014 16.500000000000004 6.5000000000000009 37.500000000000007 6.5000000000000009 408.50000000000006
decision_type=2 2 2 2 2 2 2 2 2 2 2 2 2 2 2 2 2 2 2 2 2 2 2 2 2 2 2 2 2 2
left_child=-1 2 9 4 12 -6 7 -3 -9 11 13 29 27 14 -11 18 17 19 20 -17 21 22 -8 -23 -25 -16 -14 -4 -29 -2
right_child=1 6 3 -5 5 -7 15 8 -10 10 -12 -13 26 -15 25 16 -18 -19 -20 -21 -22 23 -24 24 -26 -27 -28 28 -30 -31
leaf_value=-0.039796093825792384 0.013487747606510917 0.13206422286836997 0.41151102666366612 -2.4092408830443257 -2.4373273120986094 -0.063295137113140484 -2.5091077676841191 -0.10811506455594844 -1.6313749697900588 -0.06043178268841335 1.6497904965411063 -1.4065382015137446 0.20277160823163465 0.072424241054949226 0.35092205315828329 -0.3272914189845324 1.8269820878903074 -1.088467708826065 -0.062407059693474487 0.78837206571558383 0.7271386538061404 0.10790167201029476 0.1743045720582207 0.45524792974775147 -0.89086095845257796 1.7022947245630726 1.2043232734128833 0.21188844135578944 -1.3713305401802065 -0.40812634572530027
leaf_weight=8564 708 46 47 26 36 31 21 22 31 35 23 21 41 816 20 32 24 20 1096 81 62 2353 72 376 27 29 40 34 25 130
leaf_count=8564 708 46 47 26 36 31 21 22 31 35 23 21 41 816 20 32 24 20 1096 81 62 2353 72 376 27 29 40 34 25 130
internal_value=-1.11935e-09 0.0538836 -0.0122836 -0.369992 -0.16125 -1.33889 0.0858885 -0.473497 -0.999078 0.0439219 0.163936 -0.0850342 0.260687 0.125965 0.64607 0.099188 0.480656 0.23771 0.0842415 0.472432 0.139455 0.126666 -0.431627 0.145505 0.365062 1.15071 0.697365 -0.0730004 -0.458967 -0.0519178
internal_weight=14889 6325 2062 280 254 67 4263 99 53 1782 923 859 187 900 84 4164 157 133 4007 113 2911 2849 93 2756 403 49 81 106 59 838
internal_count=14889 6325 2062 280 254 67 4263 99 53 1782 923 859 187 900 84 4164 157 133 4007 113 2911 2849 93 2756 403 49 81 106 59 838
is_linear=0
shrinkage=0.05


Tree=115
num_leaves=31
num_cat=0
split_feature=1 6 5 0 8 0 0 0 5 8 7 5 5 1 4 0 1 5 3 8 5 0 0 6 5 0 8 0 2 2
split_gain=11629.1 11226.3 10104.2 7731.6 20137.3 9217.32 9827.97 8549.95 21730.5 13807.6 8912.52 15373.6 28876.2 13367.9 18753.9 10443.4 13185.1 10307.2 7992.34 6795.55 6712.18 14416.6 28434.1 22446.8 14416.8 13880.3 12363 14125.4 11392.1 9275.85
threshold=234.50000000000003 163.50000000000003 49.500000000000007 19.450000000000003 11.500000000000002 10.250000000000002 11.850000000000003 18.950000000000003 50.500000000000007 3.5000000000000004 12.500000000000002 62.500000000000007 70.500000000000014 570.50000000000011 401.50000000000006 18.250000000000004 380.50000000000006 47.500000000000007 15.500000000000002 8.5000000000000018 48.500000000000007 14.950000000000001 16.550000000000004 430.50000000000006 55.500000000000007 14.050000000000002 2.5000000000000004 17.050000000000004 53.500000000000007 54.500000000000007
decision_type=2 2 2 2 2 2 2 2 2 2 2 2 2 2 2 2 2 2 2 2 2 2 2 2 2 2 2 2 2 2
left_child=-1 2 -2 5 19 -3 -7 10 -9 -10 11 17 -13 14 15 16 -14 -8 -19 -5 -12 25 23 -23 -24 -22 27 -26 -29 -28
right_child=1 3 -4 4 -6 6 7 8 9 -11 20 12 13 -15 -16 -17 -18 18 -20 -21 21 22 24 -25 26 -27 29 28 -30 -31
leaf_value=-0.033879184573700906 0.058589551746845249 0.90121100062131887 1.6114046771417965 0.11308003162499219 1.5614522037298784 -0.86044790560477658 -0.098674065824913781 0.52703522584017592 -1.7948825736199656 -0.32534070755496169 -0.055391082493588331 -2.2354475679722703 -0.24585615402708449 -1.2789407621169913 0.84520937667081231 0.5184314198437191 -1.6270005932560676 -0.069358499153800643 1.1374571694170728 -0.041014647220636739 0.26369981638022832 0.29356393724679947 1.1620695659092495 1.913087879056516 -1.3442192216073314 -1.177078900486231 1.0424147205968057 -1.0263758602738382 0.41804510925051774 0.027105700206465841
leaf_weight=9377 20 25 22 3124 23 38 236 34 31 33 368 22 48 29 38 21 27 23 34 928 35 40 28 46 31 32 31 20 43 82
leaf_count=9377 20 25 22 3124 23 38 236 34 31 33 368 22 48 29 38 21 27 23 34 928 35 40 28 46 31 32 31 20 43 82
internal_value=-2.60143e-11 0.0576352 0.871969 0.0513825 0.0861629 -0.0502161 -0.0675779 -0.0449585 -0.494474 -1.03715 -0.00925953 -0.178249 -0.535104 -0.30561 -0.0949634 -0.467115 -0.743068 0.047069 0.650496 0.0777889 0.0975883 0.242682 0.381924 1.15982 0.0972472 -0.424433 -0.0467867 -0.470451 -0.0405012 0.305642
internal_weight=14889 5512 42 5470 4075 1395 1370 1332 98 64 1234 478 185 163 134 96 75 293 57 4052 756 388 321 86 235 67 207 94 63 113
internal_count=14889 5512 42 5470 4075 1395 1370 1332 98 64 1234 478 185 163 134 96 75 293 57 4052 756 388 321 86 235 67 207 94 63 113
is_linear=0
shrinkage=0.05


Tree=116
num_leaves=31
num_cat=0
split_feature=1 4 5 0 2 1 6 2 5 6 4 4 4 2 2 4 3 4 0 2 5 0 0 6 8 3 0 4 1 3
split_gain=10516.1 5082.44 4950.89 10360.4 12981.8 37571.4 34251.2 22503.3 15437.7 10400.6 9264.81 7842.7 7466.06 7352.69 6523.29 34809.2 10842 5611.31 5010.75 10768 10435.4 14980.2 10298 25143 15219.7 21135.1 15509.1 13894.3 13420.3 13141.8
threshold=134.50000000000003 967.50000000000011 37.500000000000007 33.95000000000001 35.500000000000007 834.50000000000011 626.50000000000011 32.500000000000007 82.500000000000014 492.50000000000006 281.50000000000006 861.50000000000011 922.50000000000011 37.500000000000007 40.500000000000007 551.50000000000011 2.5000000000000004 526.50000000000011 15.250000000000002 41.500000000000007 82.500000000000014 14.450000000000001 16.450000000000003 422.50000000000006 2.5000000000000004 93.500000000000014 17.650000000000002 535.50000000000011 516.50000000000011 94.500000000000014
decision_type=2 2 2 2 2 2 2 2 2 2 2 2 2 2 2 2 2 2 2 2 2 2 2 2 2 2 2 2 2 2
left_child=-1 2 -2 4 5 6 7 9 -8 10 -4 13 -13 17 15 16 -15 -6 20 -20 21 -16 23 -21 25 27 29 28 -24 -26
right_child=1 -3 3 -5 11 -7 8 -9 -10 -11 -12 12 -14 14 18 -17 -18 -19 19 22 -22 -23 24 -25 26 -27 -28 -29 -30 -31
leaf_value=-0.036112330186335792 0.0018320264778637222 0.7210416289312499 -0.41621494264829728 1.0479787212397371 0.19283662036709165 -2.2166953828023828 0.17348831363262671 -1.8105453035661154 1.8255692500334519 -0.86424795309702562 1.0363680930241295 0.72925503888929433 -0.28249200737994651 -0.3249053111672402 -0.066473091914352175 -1.6926287631690504 1.2668611319168754 1.3232961610669183 1.0403384318274838 0.053242423113818486 0.23024126780436976 -1.2545307115102426 -0.0040164573248042618 1.3934850993064734 0.80734730248534403 -1.1990639828848388 0.075784138467388407 0.88798554874956614 -1.3412073130408924 -0.37061496716121151
leaf_weight=8564 3167 28 21 28 23 23 31 28 26 30 23 88 23 20 83 30 23 21 31 107 107 39 86 52 129 53 1920 32 24 29
leaf_count=8564 3167 28 21 28 23 23 31 28 26 30 23 88 23 20 83 30 23 21 31 107 107 39 86 52 129 53 1920 32 24 29
internal_value=-4.03708e-10 0.0488958 0.0459071 0.0905031 0.0818605 -0.327845 -0.0546152 -0.603203 0.927069 -0.146371 0.34309 0.107397 0.519614 0.0911079 0.0809033 -0.385468 0.526505 0.732374 0.0935501 0.11435 -0.130167 -0.446262 0.102547 0.491561 0.0753349 -0.347022 0.114969 -0.029006 -0.295767 0.591139
internal_weight=14889 6325 6297 3130 3102 182 159 102 57 74 44 2920 111 2809 2765 73 43 44 2692 2463 229 122 2432 159 2273 195 2078 142 110 158
internal_count=14889 6325 6297 3130 3102 182 159 102 57 74 44 2920 111 2809 2765 73 43 44 2692 2463 229 122 2432 159 2273 195 2078 142 110 158
is_linear=0
shrinkage=0.05


Tree=117
num_leaves=31
num_cat=0
split_feature=0 5 1 4 4 1 3 1 2 0 0 1 3 6 1 1 4 3 6 6 4 6 4 2 0 6 5 5 4 1
split_gain=10006.1 7134.41 10374 20329.8 17825.7 6962.42 8069.48 8065.4 6742.67 14545.7 8482.24 11167.1 5770.16 4437.59 10192.3 6706.97 11394 8286.36 7300.12 28486.2 15757.7 5868.15 10665.8 5464.77 4327.87 7732.78 9167.16 3537.77 3076.38 9172.53
threshold=26.650000000000002 50.500000000000007 851.50000000000011 743.50000000000011 771.50000000000011 847.50000000000011 26.500000000000004 875.50000000000011 35.500000000000007 28.750000000000004 27.050000000000004 507.50000000000006 6.5000000000000009 937.50000000000011 934.50000000000011 914.50000000000011 885.50000000000011 9.5000000000000018 862.50000000000011 875.50000000000011 829.50000000000011 834.50000000000011 845.50000000000011 56.500000000000007 30.250000000000004 694.50000000000011 65.500000000000014 71.500000000000014 433.50000000000006 271.50000000000006
decision_type=2 2 2 2 2 2 2 2 2 2 2 2 2 2 2 2 2 2 2 2 2 2 2 2 2 2 2 2 2 2
left_child=13 5 3 8 -4 -2 7 12 9 -3 11 -10 -7 14 15 16 18 23 21 -20 -21 28 -23 -18 25 -12 -27 -11 -1 -30
right_child=1 2 4 -5 -6 6 -8 -9 10 27 24 -13 -14 -15 -16 -17 17 -19 19 20 -22 22 -24 -25 -26 26 -28 -29 29 -31
leaf_value=-0.034789945450623805 0.0037151031408711472 -1.3073389577014107 0.71722365047620695 1.5704493624548759 -1.0647602981991238 0.44109856247901913 -0.70131784665087871 0.14015551933563239 0.35315297144439284 0.70134211586167416 0.29068761176496583 1.8039827590896971 1.3569426752272107 -0.6004888460491643 1.107905780673027 -0.76843742320934938 0.56187635478766074 0.94966992515210924 -2.1228787469863892 1.0202267001072565 -0.85522900337264651 1.2078148850688228 -0.14156754571013153 -0.54039132269946011 0.65246304708222558 0.15243594854167014 -1.1479148387908935 -0.19906837324146182 0.93600799483912334 0.023361109496250643
leaf_weight=9701 2117 21 23 31 36 95 24 458 36 24 181 21 21 33 20 30 23 52 20 24 21 27 32 22 48 33 23 20 28 1644
leaf_count=9701 2117 21 23 31 36 95 24 458 36 24 181 21 21 33 20 30 23 52 20 24 21 27 32 22 48 33 23 20 28 1644
internal_value=2.36534e-10 0.0781532 0.252321 0.336162 -0.370089 0.0462706 0.196923 0.23448 0.24215 -0.224666 0.330872 0.887669 0.606898 -0.0214977 -0.0198568 -0.0217972 -0.0198652 0.519767 -0.0244181 -0.552799 0.145014 -0.0214138 0.475946 0.0229899 0.219512 0.131826 -0.381637 0.292065 -0.023994 0.0386447
internal_weight=14889 3212 497 438 59 2715 598 574 407 65 342 57 116 11677 11644 11624 11594 97 11497 65 45 11432 59 45 285 237 56 44 11373 1672
internal_count=14889 3212 497 438 59 2715 598 574 407 65 342 57 116 11677 11644 11624 11594 97 11497 65 45 11432 59 45 285 237 56 44 11373 1672
is_linear=0
shrinkage=0.05


Tree=118
num_leaves=31
num_cat=0
split_feature=0 5 3 3 5 2 5 8 3 2 6 1 4 1 1 1 6 4 1 0 4 6 6 4 6 4 1 6 6 2
split_gain=9030.49 6735.64 12022.9 14369.7 8902.16 7674.65 8108.37 7669.39 6907.17 6154.37 7423.16 8928.64 6147.73 5190.08 4855.4 4208.88 11563.6 6705.54 12156.4 7474.99 6378.27 6321.73 28484.6 20284.2 5885.22 8894.14 3899.22 5228.93 3913.16 3679
threshold=26.650000000000002 35.500000000000007 94.500000000000014 67.500000000000014 71.500000000000014 25.500000000000004 58.500000000000007 5.5000000000000009 1.0000000180025095e-35 43.500000000000007 594.50000000000011 414.50000000000006 855.50000000000011 840.50000000000011 590.50000000000011 934.50000000000011 922.50000000000011 892.50000000000011 894.50000000000011 24.250000000000004 943.50000000000011 862.50000000000011 875.50000000000011 829.50000000000011 834.50000000000011 845.50000000000011 875.50000000000011 858.50000000000011 926.50000000000011 58.500000000000007
decision_type=2 2 2 2 2 2 2 2 2 2 2 2 2 2 2 2 2 2 2 2 2 2 2 2 2 2 2 2 2 2
left_child=15 7 3 5 -4 -3 12 -2 -9 14 11 -11 26 -10 -8 16 17 21 -19 -20 -17 24 -23 -24 -1 -26 27 -7 29 -28
right_child=1 2 4 -5 -6 6 9 8 13 10 -12 -13 -14 -15 -16 20 -18 18 19 -21 -22 22 23 -25 25 -27 28 -29 -30 -31
leaf_value=-0.023394854017373803 -0.7010806690599467 -0.75323107145402746 0.26033126358632691 -1.013435349199507 1.5565765047875735 0.08340917731892189 0.45137219935655593 -0.041173356274954435 0.071352708114564053 0.34996290052846329 -0.032718488593634805 1.5724241882562637 0.51508474707264795 0.39985828856278582 1.5399261107047399 1.0666944804516705 -1.2234605050086975 0.94782133055280671 0.35562230540173401 -0.90999356001615528 -0.16703458533622326 -2.0405213231132144 1.1643799867630005 -0.83031840484875907 1.1474241632002371 -0.046094685349915482 -0.049590515171488131 0.67519750308531989 0.35694168597459797 -0.82030768413096666
leaf_weight=11382 37 23 27 27 26 870 20 1221 405 59 76 20 88 171 21 22 20 49 28 20 20 21 25 26 27 37 30 39 20 32
leaf_count=11382 37 23 27 27 26 870 20 1221 405 59 76 20 88 171 21 22 20 49 28 20 20 21 25 26 27 37 30 39 20 32
internal_value=-4.09562e-10 0.0742456 0.157776 0.128238 0.896225 0.151987 0.168316 0.0114836 0.0261552 0.464161 0.320063 0.659447 0.114576 0.168878 1.00892 -0.0204228 -0.0222263 -0.0201579 0.393823 -0.171718 0.479204 -0.0236443 -0.490691 0.147475 -0.0207064 0.457421 0.0790111 0.108799 -0.251204 -0.44738
internal_weight=14889 3212 1378 1325 53 1298 1275 1834 1797 196 155 79 1079 576 41 11677 11635 11615 97 48 42 11518 72 51 11446 64 991 909 82 62
internal_count=14889 3212 1378 1325 53 1298 1275 1834 1797 196 155 79 1079 576 41 11677 11635 11615 97 48 42 11518 72 51 11446 64 991 909 82 62
is_linear=0
shrinkage=0.05


Tree=119
num_leaves=31
num_cat=0
split_feature=4 1 3 2 2 5 5 5 3 1 5 1 8 5 0 1 3 5 0 7 1 0 6 0 4 1 8 1 6 6
split_gain=8283.15 6018.85 11217.7 37864.5 45199.5 61099.8 41882.5 8178.11 11858.5 14034.3 8128.37 6215.45 6153.38 7926.18 8539.25 16469.1 22618.8 15983.3 13710.7 11998.7 11330.7 7639.42 24339.2 22883.5 7248.95 8226.37 6141.6 8334.71 5975.36 5848.08
threshold=526.50000000000011 560.50000000000011 52.500000000000007 40.500000000000007 57.500000000000007 50.500000000000007 57.500000000000007 48.500000000000007 94.500000000000014 521.50000000000011 43.500000000000007 694.50000000000011 8.5000000000000018 58.500000000000007 20.350000000000005 663.50000000000011 12.500000000000002 77.500000000000014 26.150000000000002 13.500000000000002 626.50000000000011 24.550000000000004 926.50000000000011 24.250000000000004 892.50000000000011 875.50000000000011 4.5000000000000009 465.50000000000006 834.50000000000011 718.50000000000011
decision_type=2 2 2 2 2 2 2 2 2 2 2 2 2 2 2 2 2 2 2 2 2 2 2 2 2 2 2 2 2 2
left_child=-1 7 12 6 10 -6 -4 26 9 -9 -5 -12 13 21 15 20 -17 -16 19 -19 -15 22 23 24 25 28 -2 -28 29 -3
right_child=1 2 3 4 5 -7 -8 8 -10 -11 11 -13 -14 14 17 16 -18 18 -20 -21 -22 -23 -24 -25 -26 -27 27 -29 -30 -31
leaf_value=-0.019621572909175697 -0.054548208132299075 0.12789446188948089 -0.025598864754041037 0.28341543197691926 0.078946363224067562 -2.5643806600943209 -2.9498099063634875 -0.60487588776482482 1.3631892708507745 1.007246622995094 0.49838010445237163 1.5558817919456598 -0.099461086128990933 -0.04818164944648743 1.2003969113328137 0.39872209957667759 -1.4559270766473587 -0.0047855562716722496 -0.72281360585114052 1.3057712370349517 1.6147201486996243 0.13732870667157335 -1.7540986200351094 -1.4616619276026122 0.61878620174068677 -0.83491335936955036 1.3537805145978927 0.20501485029856364 0.6661027713161376 -0.30220863521099095
leaf_weight=11661 171 248 24 62 69 32 25 27 37 27 24 33 409 20 65 35 31 40 29 31 21 1394 21 26 52 28 20 75 36 116
leaf_count=11661 171 248 24 62 69 32 25 27 37 27 24 33 409 20 65 35 31 40 29 31 21 1394 21 26 52 28 20 75 36 116
internal_value=4.97289e-10 0.070882 0.0468064 -0.260578 0.0193823 -0.758543 -1.51754 0.264499 0.673648 0.201185 0.679638 1.11062 0.0785844 0.11179 0.364407 0.0165142 -0.472401 0.59001 0.193259 0.567429 0.803549 0.0760216 -0.0861454 -0.0169221 0.0613347 -0.00639311 0.124526 0.44686 0.0516033 -0.00917136
internal_weight=14889 3228 2871 269 220 101 49 357 91 54 119 57 2602 2193 272 107 66 165 100 71 41 1921 527 506 480 428 266 95 400 364
internal_count=14889 3228 2871 269 220 101 49 357 91 54 119 57 2602 2193 272 107 66 165 100 71 41 1921 527 506 480 428 266 95 400 364
is_linear=0
shrinkage=0.05


Tree=120
num_leaves=31
num_cat=0
split_feature=4 4 3 4 6 0 0 6 4 3 4 6 3 5 5 1 1 6 0 2 4 5 8 6 0 8 2 5 0 1
split_gain=7708.51 4768.31 11739.5 10020.3 6550.79 10014.7 5642.55 5236 5627.12 11542.8 4728.03 6278.59 7492.18 5835.33 6646.53 10472.2 15890.9 17445.3 12403.9 15957.6 14309.7 8541.16 15406.8 17474.5 20501.1 18429.1 12279.6 15691.6 10672.5 8851.53
threshold=16.500000000000004 919.50000000000011 3.5000000000000004 916.50000000000011 911.50000000000011 24.650000000000002 24.350000000000005 953.50000000000011 900.50000000000011 13.500000000000002 892.50000000000011 901.50000000000011 1.5000000000000002 30.500000000000004 99.500000000000014 798.50000000000011 753.50000000000011 733.50000000000011 24.250000000000004 40.500000000000007 460.50000000000006 83.500000000000014 1.5000000000000002 733.50000000000011 22.550000000000004 5.5000000000000009 60.500000000000007 91.500000000000014 16.050000000000004 468.50000000000006
decision_type=2 2 2 2 2 2 2 2 2 2 2 2 2 2 2 2 2 2 2 2 2 2 2 2 2 2 2 2 2 2
left_child=-1 3 6 4 10 -6 -3 8 9 -7 11 13 -13 -2 21 16 17 18 19 -16 -20 28 -23 24 26 -26 27 -24 -15 -29
right_child=1 2 -4 -5 5 7 -8 -9 -10 -11 -12 12 -14 14 15 -17 -18 -19 20 -21 -22 22 23 -25 25 -27 -28 29 -30 -31
leaf_value=-0.036446206476815367 -0.030693689410259573 -0.72372840902079716 0.71558080427348614 -1.03745613980361 1.3206695361570879 -0.022412312767286412 0.11807557805315466 0.82982554093555183 -0.46152136001635241 1.1965888512134553 0.43515465926864877 -0.048914079879011425 -1.2264280580661513 -0.18100472284018879 -1.2824055207627161 -0.99897757301727941 1.3093873662608011 -1.541719407439232 0.069929042785632903 -0.05327295558687685 1.6506402069872079 1.3117634062965713 1.6457796579599382 1.2081873429448982 -1.9399579047479414 0.063515858973066011 -0.081358865864645205 -0.24285276863310071 0.099644635157770375 1.0488298047156561
leaf_weight=7348 2893 23 88 22 22 87 148 27 37 25 69 35 22 387 28 30 21 20 41 464 22 36 30 38 22 24 106 36 2717 21
leaf_count=7348 2893 23 88 22 22 87 148 27 37 25 69 35 22 387 28 30 21 20 41 464 22 36 30 38 22 24 106 36 2717 21
internal_value=-6.84348e-11 0.0355134 0.246334 0.0280151 0.0312438 0.314892 0.00485048 0.18917 0.0730776 0.249686 0.0232911 0.0192272 -0.503393 0.0235221 0.0623167 -0.0874623 -0.0415807 -0.0909204 -0.0386393 -0.123224 0.621923 0.0897564 0.338696 0.212233 0.0538803 -0.894667 0.279959 0.720185 0.0646539 0.23303
internal_weight=14889 7541 259 7282 7260 198 171 176 149 112 7062 6993 57 6936 4043 626 596 575 555 492 63 3417 313 277 239 46 193 87 3104 57
internal_count=14889 7541 259 7282 7260 198 171 176 149 112 7062 6993 57 6936 4043 626 596 575 555 492 63 3417 313 277 239 46 193 87 3104 57
is_linear=0
shrinkage=0.05


Tree=121
num_leaves=31
num_cat=0
split_feature=0 5 3 3 5 8 0 2 3 5 4 1 6 1 6 8 5 1 6 1 1 4 1 6 5 5 6 4 6 6
split_gain=7179.18 5782.72 11054 12466.8 8309.44 7062.03 6896.33 6292.07 6041.71 5082.94 5550.63 4597.36 4652.71 4365.28 4326.22 8731.33 6610.69 8852.86 3745.18 8357.73 5688.55 8573.2 6982.42 5784.63 24646.7 29916.3 4301.13 8335.84 3071.46 3069.74
threshold=26.650000000000002 35.500000000000007 94.500000000000014 67.500000000000014 71.500000000000014 5.5000000000000009 33.95000000000001 25.500000000000004 1.0000000180025095e-35 58.500000000000007 855.50000000000011 875.50000000000011 858.50000000000011 840.50000000000011 684.50000000000011 8.5000000000000018 70.500000000000014 439.50000000000006 937.50000000000011 934.50000000000011 914.50000000000011 885.50000000000011 894.50000000000011 862.50000000000011 76.500000000000014 37.500000000000007 834.50000000000011 845.50000000000011 843.50000000000011 879.50000000000011
decision_type=2 2 2 2 2 2 2 2 2 2 2 2 2 2 2 2 2 2 2 2 2 2 2 2 2 2 2 2 2 2
left_child=18 5 3 6 -4 -2 7 -3 -7 10 11 12 28 -10 16 -16 -11 -18 19 20 21 23 29 26 25 -25 -1 -28 -9 -23
right_child=1 2 4 -5 -6 8 -8 9 13 14 -12 -13 -14 -15 15 -17 17 -19 -20 -21 -22 22 -24 24 -26 -27 27 -29 -30 -31
leaf_value=-0.020163798322641542 -0.67572097299570177 -0.71824865605343469 0.23730462888876597 -0.94812307556470243 1.4896536537087881 -0.040844657074356493 0.89977662563323979 0.082583791412383603 0.066165980648617326 0.29366284138915771 0.47544366264309013 -0.30701603217498413 0.63226933000903385 0.36743995022268328 0.45092015004739533 -0.82336975216865549 0.33230570048093799 1.8199931414425372 -0.55011557828296309 1.0045335861109199 -0.70607977112134301 0.50922435663640497 -0.11319806758846557 -1.2832537178043277 -1.9514179992675782 1.3111946563720704 1.0548625389734905 -0.13806444080546498 -0.50311144771783256 1.2445430538871074
leaf_weight=11373 37 22 27 27 26 1221 29 836 405 83 87 79 38 171 41 20 20 20 33 20 30 40 35 20 20 25 27 32 23 22
leaf_count=11373 37 22 27 27 26 1221 29 836 405 83 87 79 38 171 41 20 20 20 33 20 30 40 35 20 20 25 27 32 23 22
internal_value=7.08183e-10 0.0661992 0.143596 0.115273 0.851665 0.00804605 0.137393 0.119971 0.0221247 0.134759 0.0927602 0.058648 0.0908525 0.155607 0.377393 0.0331202 0.54813 1.07615 -0.0182095 -0.016702 -0.0184591 -0.0166799 0.451412 -0.0206291 -0.490978 0.158106 -0.0179548 0.407851 0.0669016 0.770144
internal_weight=14889 3212 1378 1325 53 1834 1298 1269 1797 1247 1063 976 897 576 184 61 123 40 11677 11644 11624 11594 97 11497 65 45 11432 59 859 62
internal_count=14889 3212 1378 1325 53 1834 1298 1269 1797 1247 1063 976 897 576 184 61 123 40 11677 11644 11624 11594 97 11497 65 45 11432 59 859 62
is_linear=0
shrinkage=0.05


Tree=122
num_leaves=31
num_cat=0
split_feature=0 3 8 5 5 6 6 2 6 0 4 6 6 0 7 1 1 4 5 3 4 0 6 2 5 5 3 4 3 3
split_gain=6620.91 11406.3 7042.33 6117.67 4213.81 3817.48 15485.3 33263.3 8298.53 12396.3 5041.55 12530.9 33540 13214.8 12354.6 7050.59 14554.4 7840.1 4619.14 4165.68 3464.28 3451.14 3163.41 2993.85 2974.27 4574.29 2921.99 2892.44 3220.73 10325.3
threshold=29.450000000000003 73.500000000000014 5.5000000000000009 56.500000000000007 5.5000000000000009 948.50000000000011 931.50000000000011 59.500000000000007 911.50000000000011 24.250000000000004 892.50000000000011 862.50000000000011 872.50000000000011 23.750000000000004 14.500000000000002 883.50000000000011 851.50000000000011 849.50000000000011 32.500000000000007 4.5000000000000009 892.50000000000011 30.250000000000004 847.50000000000011 58.500000000000007 22.500000000000004 34.500000000000007 26.500000000000004 1.0000000180025095e-35 79.500000000000014 66.500000000000014
decision_type=2 2 2 2 2 2 2 2 2 2 2 2 2 2 2 2 2 2 2 2 2 2 2 2 2 2 2 2 2 2
left_child=5 2 -2 4 -4 6 8 -8 10 -10 11 15 -13 -14 -15 16 22 -18 -12 23 26 -5 27 -7 -22 -26 -6 -1 29 -29
right_child=1 -3 3 21 20 19 7 -9 9 -11 18 12 13 14 -16 -17 17 -19 -20 -21 24 -23 -24 -25 25 -27 -28 28 -30 -31
leaf_value=-0.036319146750803215 -0.85090045452117913 1.0996902812804494 -0.066960085795761723 0.016364040699872105 0.11237995507048362 0.5047248899936676 -2.442542929649353 0.40663741411907339 1.5215690047903496 0.022816440261699059 0.15531792141400375 -2.1566313016414642 -1.0123904556035996 1.0519782825311024 -0.39529533530103755 -0.90518106994303782 1.3707776069641113 0.14907864878575008 0.96281523847061656 0.91135667471782034 0.62332062638196795 0.76559611395293592 0.61563500642776492 -0.32991274215958338 -0.2929427668452263 0.65626591891050345 -0.32531449873000384 0.0081504045237352149 0.09447644303497349 -0.39379665113138884
leaf_weight=6747 20 28 398 22 816 21 20 21 22 37 77 25 26 30 29 22 29 24 23 23 61 51 20 22 30 22 40 5044 974 165
leaf_count=6747 20 28 398 22 816 21 20 21 22 37 77 25 26 30 29 22 29 24 23 23 61 51 20 22 30 22 40 5044 974 165
internal_value=2.32701e-10 0.100061 0.0808896 0.0938312 0.0700157 -0.0111104 -0.0129878 -0.983207 -0.00999557 0.581673 -0.0126332 -0.0153258 -0.546747 -0.0732514 0.340607 -0.0108378 -0.00932461 0.817555 0.341042 0.368217 0.126276 0.5398 -0.0127088 0.077701 0.386479 0.108646 0.0919269 -0.0136807 0.0110228 -0.00458165
internal_weight=14889 1488 1460 1440 1367 13401 13335 41 13294 59 13235 13135 110 85 59 13025 13003 53 100 66 969 73 12950 43 113 52 856 12930 6183 5209
internal_count=14889 1488 1460 1440 1367 13401 13335 41 13294 59 13235 13135 110 85 59 13025 13003 53 100 66 969 73 12950 43 113 52 856 12930 6183 5209
is_linear=0
shrinkage=0.05


Tree=123
num_leaves=31
num_cat=0
split_feature=4 1 5 2 6 2 3 3 0 0 6 7 0 4 3 0 5 5 0 1 5 5 6 5 0 5 1 5 0 5
split_gain=6092.71 8458.04 8698.1 4696.59 7074.56 6985.82 13011 23868.7 15242.6 50067 6713.55 6581 6410.96 6363.37 5876.75 15269.7 13242.1 24656.1 9683.65 5677.38 23757.2 14294 13116.6 7788.43 5591.37 5130.47 15721.2 35750.4 10471.7 7465.24
threshold=568.50000000000011 422.50000000000006 35.500000000000007 61.500000000000007 366.50000000000006 56.500000000000007 52.500000000000007 90.500000000000014 22.850000000000005 23.850000000000005 503.50000000000006 15.500000000000002 21.550000000000004 580.50000000000011 1.0000000180025095e-35 26.150000000000002 20.500000000000004 5.5000000000000009 27.850000000000005 640.50000000000011 61.500000000000007 44.500000000000007 652.50000000000011 45.500000000000007 30.450000000000003 69.500000000000014 827.50000000000011 87.500000000000014 24.550000000000004 56.500000000000007
decision_type=2 2 2 2 2 2 2 2 2 2 2 2 2 2 2 2 2 2 2 2 2 2 2 2 2 2 2 2 2 2
left_child=-1 2 -2 4 -3 10 8 -8 12 -10 -6 19 -7 -12 16 -16 17 -11 -17 20 21 -5 23 -21 -20 29 28 -28 -27 -15
right_child=1 3 -4 11 5 6 7 -9 9 14 13 -13 -14 25 15 18 -18 -19 24 22 -22 -23 -24 -25 -26 26 27 -29 -30 -31
leaf_value=-0.015720661459575989 0.10751641047000887 -0.83985010931889215 1.4878415471031552 -0.1403035463306351 0.83804289554727485 0.22428459678041307 -2.0293998079995315 0.13771332988032589 -2.5607546352204822 -0.098170279463132226 -0.57752292687828477 -0.19002615558772773 1.0502875212360832 0.083739274919596235 1.4290707978606225 -0.92003997335067167 -0.008865859926336532 -2.3230084122717378 -0.051751568836293053 0.547155464142561 -1.6742690224945544 1.2763331432826819 0.19934235635702893 1.7651495876056806 0.56882875628617346 0.28331192008992462 1.0176770678975366 -1.8665117331913539 1.3995244270092564 -0.48839444652199743
leaf_weight=11992 25 24 21 69 29 76 24 27 21 33 37 118 34 1146 20 26 139 20 140 35 20 24 531 21 49 47 22 21 38 60
leaf_count=11992 25 24 21 69 29 76 24 27 21 33 37 118 34 1146 20 26 139 20 140 35 20 24 531 21 49 47 22 21 38 60
internal_value=-8.40667e-10 0.065075 0.737665 0.0542229 0.0135158 0.0237103 -0.117655 -0.882105 -0.0477864 -0.177277 0.0852044 0.155394 0.479595 0.06928 -0.0600571 0.107608 -0.265272 -0.937732 -0.0153193 0.213621 -0.110923 0.22528 0.276098 1.0039 0.10914 0.0872198 0.388201 -0.39088 0.782325 0.0552749
internal_weight=14889 2897 46 2851 2033 2009 609 51 558 448 1400 818 110 1371 427 235 192 53 215 700 113 93 587 56 189 1334 128 43 85 1206
internal_count=14889 2897 46 2851 2033 2009 609 51 558 448 1400 818 110 1371 427 235 192 53 215 700 113 93 587 56 189 1334 128 43 85 1206
is_linear=0
shrinkage=0.05


Tree=124
num_leaves=31
num_cat=0
split_feature=0 5 3 8 8 1 6 3 5 0 0 4 6 3 1 6 4 4 1 5 6 6 4 6 4 1 1 4 5 5
split_gain=5738.23 4826.96 9454.88 11249.2 6334.35 6150.71 6128.35 9727.95 6039.17 7762.38 7630.88 6428.22 7353.26 5235.14 3658.45 9661.21 5623.7 4052.97 9083.52 6849.64 4366.2 21647.6 17788.6 4103.09 6716.08 3491.36 2994.18 2557.42 4519.03 11990.7
threshold=26.650000000000002 35.500000000000007 86.500000000000014 4.5000000000000009 5.5000000000000009 582.50000000000011 926.50000000000011 56.500000000000007 59.500000000000007 27.150000000000002 30.150000000000002 442.50000000000006 710.50000000000011 1.0000000180025095e-35 934.50000000000011 922.50000000000011 943.50000000000011 892.50000000000011 894.50000000000011 9.5000000000000018 862.50000000000011 875.50000000000011 829.50000000000011 834.50000000000011 845.50000000000011 840.50000000000011 976.50000000000011 771.50000000000011 57.500000000000007 40.500000000000007
decision_type=2 2 2 2 2 2 2 2 2 2 2 2 2 2 2 2 2 2 2 2 2 2 2 2 2 2 2 2 2 2
left_child=14 4 3 -3 -2 -4 7 8 -5 -10 11 -11 -13 26 15 17 -16 20 -19 -20 23 -22 -23 27 -25 -15 -6 -1 29 -29
right_child=1 2 5 6 13 -7 -8 -9 9 10 -12 12 -14 25 16 -17 -18 18 19 -21 21 22 -24 24 -26 -27 -28 28 -30 -31
leaf_value=-0.021778126363400915 -0.64152818700751746 -1.0757587844878436 0.18485198904728067 0.064152814518847495 -0.049586412977310833 1.1695193365642005 0.53750938764069145 -0.95094039318236434 1.0266146626222779 0.45059399038553238 0.80666571957500366 -1.0905127146027305 0.089598488807678234 0.063651640873264387 1.001178228719668 -1.1159480872750283 -0.15727692559361459 0.78466444845710492 0.32171190040452141 -0.88980743229389203 -1.7580143008913316 1.1017020769119263 -0.76626687279114369 0.98247931113949538 -0.054655213533221073 0.33308605939062719 0.55264952651091981 0.28910463726069857 0.85179290031748156 -0.69996614211644881
leaf_weight=11179 37 20 29 1020 1200 35 82 22 37 40 38 22 33 405 22 20 20 49 28 20 21 25 26 27 37 171 21 143 21 39
leaf_count=11179 37 20 29 1020 1200 35 82 22 37 40 38 22 33 405 22 20 20 49 28 20 21 25 26 27 37 171 21 143 21 39
internal_value=-1.69269e-10 0.059184 0.129896 0.100992 0.00605345 0.723342 0.119179 0.0908766 0.110137 0.386043 0.207839 -0.0316923 -0.382446 0.0193871 -0.0162798 -0.0179613 0.449533 -0.0160706 0.305777 -0.183088 -0.0187811 -0.406926 0.149404 -0.0163395 0.382886 0.14364 -0.0392285 -0.0185843 0.157295 0.0771609
internal_weight=14889 3212 1378 1314 1834 64 1294 1212 1190 170 133 95 55 1797 11677 11635 42 11615 97 48 11518 72 51 11446 64 576 1221 11382 203 182
internal_count=14889 3212 1378 1314 1834 64 1294 1212 1190 170 133 95 55 1797 11677 11635 42 11615 97 48 11518 72 51 11446 64 576 1221 11382 203 182
is_linear=0
shrinkage=0.05


Tree=125
num_leaves=31
num_cat=0
split_feature=4 2 4 2 5 1 6 1 5 2 6 4 3 4 5 5 8 0 7 1 0 8 5 7 0 0 6 0 6 0
split_gain=5325.71 4924.01 4201.92 3988.08 14456.4 26053.5 26572.7 20485.5 4869.73 7364.33 8689.11 5932.97 5940.05 5772.12 4224.94 10373.3 12431.4 9215.97 39532.5 25027.6 10458.8 9198.63 17291 15742.3 34319.5 11054.9 8953.66 8543.33 14097.9 13812.6
threshold=1.0000000180025095e-35 20.500000000000004 967.50000000000011 35.500000000000007 58.500000000000007 822.50000000000011 617.50000000000011 575.50000000000011 37.500000000000007 37.500000000000007 535.50000000000011 852.50000000000011 25.500000000000004 919.50000000000011 99.500000000000014 83.500000000000014 1.5000000000000002 24.250000000000004 15.500000000000002 795.50000000000011 22.350000000000005 2.5000000000000004 65.500000000000014 13.500000000000002 14.550000000000002 16.150000000000002 733.50000000000011 19.550000000000004 601.50000000000011 20.950000000000003
decision_type=2 2 2 2 2 2 2 2 2 2 2 2 2 2 2 2 2 2 2 2 2 2 2 2 2 2 2 2 2 2
left_child=-1 -2 3 4 -3 6 7 -6 -5 10 -10 14 13 -13 15 21 -17 19 -19 20 27 22 -11 24 -24 -25 -18 -16 29 -29
right_child=1 2 -4 8 5 -7 -8 -9 9 11 -12 12 -14 -15 17 16 26 18 -20 -21 -22 -23 23 25 -26 -27 -28 28 -30 -31
leaf_value=-0.032690250826045292 0.81092511147260682 0.027437316227227889 0.63686792903712819 -0.0072475557795314066 -0.30426531945759394 -2.2273695597052572 0.82603838475974833 -2.1822936952114107 -0.021911642265816531 0.07970887719038372 1.2856293150810181 0.40679312202665541 1.0857324582338332 -0.51380134451956982 -0.097173835440269071 1.2143395572397355 0.1214140247019595 1.9875391657535848 -0.63728149244561794 -1.8162868868736994 -0.98392497826496084 0.082111515698660376 -0.07315887022164784 0.30617988986725159 -2.5715529161470911 -1.046499508360158 0.96941401461760202 0.63241221711039541 1.4741997197270393 -0.8657669605016709
leaf_weight=6783 20 477 28 3711 53 20 37 20 24 204 27 90 25 21 454 37 230 26 32 21 29 2273 28 44 27 23 36 40 24 25
leaf_count=6783 20 477 28 3711 53 20 37 20 24 204 27 90 25 21 454 37 230 26 32 21 29 2273 28 44 27 23 36 40 24 25
internal_value=1.76324e-11 0.0273548 0.0254167 0.023292 -0.0999478 -0.567353 -0.265532 -0.818794 0.0333318 0.0735966 0.670316 0.065347 0.389448 0.232627 0.0529412 0.0787653 0.355626 -0.0621761 0.539362 -0.121011 -0.0587721 0.0464879 -0.201894 -0.67277 -1.29964 -0.158173 0.236181 -0.00936246 0.438574 0.0561895
internal_weight=14889 8106 8086 8058 607 130 110 73 7451 3740 51 3689 136 111 3553 2902 303 651 58 593 572 2599 326 122 55 67 266 543 89 65
internal_count=14889 8106 8086 8058 607 130 110 73 7451 3740 51 3689 136 111 3553 2902 303 651 58 593 572 2599 326 122 55 67 266 543 89 65
is_linear=0
shrinkage=0.05


Tree=126
num_leaves=31
num_cat=0
split_feature=0 3 2 5 0 0 8 3 3 6 4 1 6 5 5 2 5 1 4 8 4 0 0 6 5 5 2 1 6 0
split_gain=5042.42 9777.42 8049.92 6342.46 5992.3 4897.76 3543.08 4279.19 3635.25 3393.7 5148.31 3233.53 10435.6 30129.8 33868.7 40473.6 27139.8 6583.44 10144.4 7743.74 11127.6 13020.1 6072.16 4224.74 4047.53 10124.8 3317.98 3244.62 7668.37 3243.06
threshold=29.450000000000003 60.500000000000007 22.500000000000004 8.5000000000000018 33.350000000000001 31.650000000000002 7.5000000000000009 18.500000000000004 26.500000000000004 855.50000000000011 833.50000000000011 904.50000000000011 862.50000000000011 10.500000000000002 37.500000000000007 60.500000000000007 68.500000000000014 816.50000000000011 674.50000000000011 3.5000000000000004 803.50000000000011 26.950000000000003 25.150000000000002 840.50000000000011 24.500000000000004 35.500000000000007 51.500000000000007 919.50000000000011 937.50000000000011 24.450000000000003
decision_type=2 2 2 2 2 2 2 2 2 2 2 2 2 2 2 2 2 2 2 2 2 2 2 2 2 2 2 2 2 2
left_child=11 2 -2 -4 5 6 7 -5 -8 -7 -11 12 17 -14 15 -15 22 23 -19 -20 21 -21 -16 -1 26 -26 -13 -27 -29 -28
right_child=1 -3 3 4 -6 9 8 -9 -10 10 -12 24 13 14 16 -17 -18 18 19 20 -22 -23 -24 -25 25 27 29 28 -30 -31
leaf_value=-0.013358255740352541 -0.82145217347145083 0.93837235046155532 -0.069831949714916935 0.24716340111317492 0.56759856674176301 0.07787540055454728 0.12279262044889123 0.98402345414672576 -0.38671900431315104 -1.0161838282238354 -0.10877956416871813 0.11306347122513934 0.78420885711908339 -3.1134148787569118 1.1938779485722384 -0.22432673410935836 -1.290920995672544 1.3145609764825732 0.92023754290172044 -1.5552592294556755 0.28606177838435315 0.14951924786437304 0.029664648182335353 0.68011679005893799 -0.91346593114236985 -0.19401977456041747 1.1815916727889668 1.0363025416587961 -0.11353765376682939 0.33245289286841517
leaf_weight=12817 25 33 458 319 81 94 342 21 39 22 54 38 40 27 24 22 30 21 28 21 111 24 21 22 24 28 22 29 29 23
leaf_count=12817 25 33 458 319 81 94 342 21 39 22 54 38 40 27 24 22 30 21 28 21 111 24 21 22 24 28 22 29 29 23
internal_value=2.12943e-11 0.0873221 0.0680199 0.0835701 0.155852 0.118421 0.175343 0.292675 0.0706379 -0.122999 -0.371449 -0.00969594 -0.0126649 -0.409028 -0.793943 -1.81627 -0.126021 -0.00768145 0.273431 0.154606 0.0171851 -0.646044 0.650578 -0.01217 0.193483 -0.00541413 0.457082 0.247996 0.461382 0.747587
internal_weight=14889 1488 1455 1430 972 891 721 340 381 170 76 13401 13208 164 124 49 75 13044 205 184 156 45 45 12839 193 110 83 86 58 45
internal_count=14889 1488 1455 1430 972 891 721 340 381 170 76 13401 13208 164 124 49 75 13044 205 184 156 45 45 12839 193 110 83 86 58 45
is_linear=0
shrinkage=0.05


Tree=127
num_leaves=31
num_cat=0
split_feature=0 5 1 4 4 2 0 0 1 4 4 7 0 0 4 1 6 1 1 4 8 5 6 5 5 1 2 2 4 1
split_gain=4657.11 4160.82 8678.53 15652.1 14078.2 5758.01 11963.7 7273.9 9153.66 4027.32 3975.85 5884.86 14121.1 5645.32 3660.08 3502.97 3230.75 6468.02 5410.33 5984.7 6223.57 4507.85 4125.1 19918.8 23587.7 3206.73 11717.3 12733.6 11230.7 10421.4
threshold=26.650000000000002 50.500000000000007 851.50000000000011 743.50000000000011 771.50000000000011 35.500000000000007 28.550000000000004 27.050000000000004 499.50000000000006 826.50000000000011 480.50000000000006 13.500000000000002 29.750000000000004 28.550000000000004 622.50000000000011 392.50000000000006 937.50000000000011 934.50000000000011 914.50000000000011 885.50000000000011 4.5000000000000009 10.500000000000002 862.50000000000011 76.500000000000014 37.500000000000007 792.50000000000011 57.500000000000007 53.500000000000007 753.50000000000011 779.50000000000011
decision_type=2 2 2 2 2 2 2 2 2 2 2 2 2 2 2 2 2 2 2 2 2 2 2 2 2 2 2 2 2 2
left_child=16 9 3 5 -4 6 -3 8 -7 -2 15 13 -13 -12 -15 -9 17 18 19 22 21 -21 25 24 -24 29 27 -27 -28 -1
right_child=1 2 4 -5 -6 7 -8 10 -10 -11 11 12 -14 14 -16 -17 -18 -19 -20 20 -22 -23 23 -25 -26 26 28 -29 -30 -31
leaf_value=-0.015103412105147701 -0.0018984321484943698 -1.2683718645572664 0.58332899757053547 1.3460294123618834 -1.0003014599283537 0.27577202528715133 0.2013592012723287 0.1397610145201395 1.5773175782778048 0.14910590783181088 0.70770857538495746 -1.1360243676410569 0.52031606015833942 -0.60076833719556988 0.29207892464473845 0.63189163426558181 -0.50869240968516383 0.88512923657894138 -0.68540681958198546 0.39371560894209767 0.79110285474898978 -0.56818674263500035 -1.1099068367481233 -1.7264801988191902 1.1938348083496093 0.1252567046234617 1.6988994732871654 -1.2339735110600791 0.3047062936310585 -0.96416760616261399
leaf_weight=11214 2160 20 23 31 36 35 45 91 22 555 35 31 22 22 24 60 33 20 30 29 47 21 20 20 25 96 20 21 52 29
leaf_count=11214 2160 20 23 31 36 35 45 91 22 555 35 31 22 22 24 60 33 20 30 29 47 21 20 20 25 96 20 21 52 29
internal_value=-1.12539e-09 0.053318 0.186326 0.26301 -0.382954 0.18052 -0.250866 0.262508 0.778123 0.0289699 0.159385 -0.0388583 -0.448487 0.22917 -0.134935 0.33531 -0.0146662 -0.0132661 -0.0148119 -0.0130767 0.378017 -0.0102834 -0.0163763 -0.413567 0.16995 -0.014118 0.190127 -0.118708 0.691982 -0.0175514
internal_weight=14889 3212 497 438 59 407 65 342 57 2715 285 134 53 81 46 151 11677 11644 11624 11594 97 50 11497 65 45 11432 189 117 72 11243
internal_count=14889 3212 497 438 59 407 65 342 57 2715 285 134 53 81 46 151 11677 11644 11624 11594 97 50 11497 65 45 11432 189 117 72 11243
is_linear=0
shrinkage=0.05


Tree=128
num_leaves=31
num_cat=0
split_feature=1 2 4 2 5 3 1 6 2 5 2 6 4 4 3 3 8 0 6 6 6 8 0 5 3 5 1 7 3 1
split_gain=4374.28 4281.47 3679.06 3588.99 13009.9 23733.9 35337.5 17328.5 21313.3 4240.72 6687.23 7820.07 4749.79 5221.97 3867.98 10322.9 4183.76 3752.64 3669.45 4042.72 18203.5 11425.1 24596.3 33952.5 29169.4 16771.8 11028.2 18366.3 22349.8 6584.92
threshold=1.0000000180025095e-35 20.500000000000004 967.50000000000011 35.500000000000007 58.500000000000007 32.500000000000007 594.50000000000011 617.50000000000011 32.500000000000007 37.500000000000007 37.500000000000007 535.50000000000011 852.50000000000011 922.50000000000011 98.500000000000014 57.500000000000007 5.5000000000000009 21.650000000000002 934.50000000000011 640.50000000000011 652.50000000000011 3.5000000000000004 20.350000000000005 93.500000000000014 26.500000000000004 82.500000000000014 622.50000000000011 12.500000000000002 12.500000000000002 743.50000000000011
decision_type=2 2 2 2 2 2 2 2 2 2 2 2 2 2 2 2 2 2 2 2 2 2 2 2 2 2 2 2 2 2
left_child=-1 -2 3 4 14 7 -7 8 -6 -5 11 -11 18 -14 15 16 -3 -18 19 26 -21 25 23 24 -23 29 -12 -28 -29 -22
right_child=1 2 -4 9 5 6 -8 -9 -10 10 12 -13 13 -15 -16 -17 17 -19 -20 20 21 22 -24 -25 -26 -27 27 28 -30 -31
leaf_value=-0.029602615339638982 0.75547011438757183 0.28869079034775497 0.5951475219002792 -0.0073283911531261091 0.16904840175594604 -0.15716160411636038 -2.9656894048055014 0.91889788150787366 -1.8770556855667384 -0.01993322353810072 0.05316184447636646 1.2204983978359789 0.49003653793340241 -0.33648352843263879 -0.54521034469029739 0.99013602947483637 -0.75047463506460188 -0.043481017006103136 0.65278517174720774 -1.2208782598376275 0.29247759178280835 -1.7805060598112288 0.026436417831516845 -2.6939778238534928 0.56431681116422017 1.1834164340445337 1.237472683866069 0.71324706474939992 -1.2260248422622682 -0.818680793941021
leaf_weight=6789 20 96 28 3709 35 24 21 30 20 24 2577 27 113 23 28 28 20 305 25 32 40 21 615 20 36 47 53 39 24 20
leaf_count=6789 20 96 28 3709 35 24 21 30 20 24 2577 27 113 23 28 28 20 305 25 32 40 21 615 20 36 47 53 39 24 20
internal_value=1.95803e-10 0.0248114 0.0230028 0.0210132 -0.0958942 -0.539299 -1.46781 -0.0477351 -0.574989 0.0305449 0.0681444 0.636766 0.0602747 0.350257 0.0249498 0.0605054 -0.00132277 -0.0869883 0.0491624 0.0448802 -0.0515264 -0.00469377 -0.079041 -0.921491 -0.299565 0.476131 0.0746291 0.551535 -0.0255232 -0.0779085
internal_weight=14889 8100 8080 8052 607 130 45 85 55 7445 3736 51 3685 136 477 449 421 325 3549 3524 831 799 692 77 57 107 2693 116 63 60
internal_count=14889 8100 8080 8052 607 130 45 85 55 7445 3736 51 3685 136 477 449 421 325 3549 3524 831 799 692 77 57 107 2693 116 63 60
is_linear=0
shrinkage=0.05


Tree=129
num_leaves=31
num_cat=0
split_feature=0 3 2 5 5 6 6 2 6 0 6 6 4 6 6 1 1 4 6 5 4 0 5 5 4 6 6 6 4 6
split_gain=4100.91 8673.44 6877.93 5693.23 4211.68 2977.75 13785.4 29409 6458.5 10880.7 3670.14 3643.41 3096.99 5324.58 31395 5945.36 12221.6 7059.31 5350.38 3262.55 2833.64 2787.37 2568.42 3530.07 2519.54 2390.23 2307.35 2051.56 2023.77 2006.71
threshold=29.450000000000003 60.500000000000007 22.500000000000004 56.500000000000007 5.5000000000000009 948.50000000000011 931.50000000000011 59.500000000000007 911.50000000000011 24.250000000000004 961.50000000000011 906.50000000000011 892.50000000000011 862.50000000000011 872.50000000000011 883.50000000000011 851.50000000000011 823.50000000000011 890.50000000000011 33.500000000000007 892.50000000000011 30.250000000000004 20.500000000000004 34.500000000000007 960.50000000000011 972.50000000000011 847.50000000000011 605.50000000000011 916.50000000000011 798.50000000000011
decision_type=2 2 2 2 2 2 2 2 2 2 2 2 2 2 2 2 2 2 2 2 2 2 2 2 2 2 2 2 2 2
left_child=5 2 -2 4 24 6 8 -8 11 -10 -7 12 13 15 -15 16 26 -18 -16 -14 -6 -5 28 -24 -4 -12 29 -23 -22 -1
right_child=1 -3 3 21 20 10 7 -9 9 -11 25 -13 19 14 18 -17 17 -19 -20 -21 22 27 23 -25 -26 -27 -28 -29 -30 -31
leaf_value=-0.0082772456008495688 -0.76160780879855161 0.88031381784063401 -0.1184086371947753 0.063552047610282908 0.076158444134662967 0.83608714393947448 -2.298003433942795 0.38102551716424171 1.3949569593776356 -0.009191837101369291 -0.32796925107638042 -0.66797226284231459 0.11162138643549449 -1.9087882375717165 0.53221889972686776 -0.8293224549767646 1.4633748236156645 0.28358525764197112 -0.31428480701787131 0.81339106722311549 0.948327039046721 0.3716871940530837 -0.25474341079112023 0.57340335568243805 0.43243441144851125 0.41779727986590426 0.52685662835836411 1.0070315670084071 0.34573613824812988 -0.17732607511845366
leaf_weight=12752 25 33 368 25 851 23 20 21 22 37 21 21 67 25 40 22 21 32 35 22 22 24 31 22 22 22 20 27 38 178
leaf_count=12752 25 33 368 25 851 23 20 21 22 37 21 21 67 25 40 22 21 32 35 22 22 24 31 22 22 22 20 27 38 178
internal_value=-5.61417e-10 0.0787489 0.060569 0.0749428 0.0513065 -0.008744 -0.0104021 -0.925818 -0.00757891 0.514389 0.326276 -0.00990578 -0.00885996 -0.0108532 -0.374309 -0.00806279 -0.00667329 0.751049 0.137184 0.285093 0.107396 0.496041 0.342646 0.0890156 -0.0873354 0.0535857 -0.00977439 0.708046 0.566686 -0.0106044
internal_weight=14889 1488 1455 1430 1354 13401 13335 41 13294 59 66 13235 13214 13125 100 13025 13003 53 75 89 964 76 113 53 390 43 12950 51 60 12930
internal_count=14889 1488 1455 1430 1354 13401 13335 41 13294 59 66 13235 13214 13125 100 13025 13003 53 75 89 964 76 113 53 390 43 12950 51 60 12930
is_linear=0
shrinkage=0.05


Tree=130
num_leaves=31
num_cat=0
split_feature=0 3 3 6 7 5 2 1 8 0 1 4 4 1 1 4 1 6 1 1 4 8 5 6 3 1 2 2 4 1
split_gain=3830.97 3682.58 5972.73 28935.6 12432.1 4264.98 6071.44 4358.41 3874.72 4121.63 4429.19 3656.58 4680.56 3301.56 3163.67 3016.49 4311.21 2857.65 5689.87 4840.17 4910.75 5663.38 4212.02 3613.25 19274.7 2923.81 10465.7 11293.9 9821.33 9307.4
threshold=26.650000000000002 99.500000000000014 67.500000000000014 739.50000000000011 14.500000000000002 50.500000000000007 26.500000000000004 843.50000000000011 6.5000000000000009 27.050000000000004 230.50000000000003 480.50000000000006 526.50000000000011 521.50000000000011 872.50000000000011 755.50000000000011 507.50000000000006 937.50000000000011 934.50000000000011 914.50000000000011 885.50000000000011 4.5000000000000009 10.500000000000002 862.50000000000011 23.500000000000004 792.50000000000011 57.500000000000007 53.500000000000007 753.50000000000011 779.50000000000011
decision_type=2 2 2 2 2 2 2 2 2 2 2 2 2 2 2 2 2 2 2 2 2 2 2 2 2 2 2 2 2 2
left_child=17 2 5 4 -4 7 -7 -2 15 10 -10 13 -13 -11 -9 16 -8 18 19 20 23 22 -22 25 -25 29 27 -27 -28 -1
right_child=1 -3 3 -5 -6 6 8 14 9 11 -12 12 -14 -15 -16 -17 -18 -19 -20 -21 21 -23 -24 24 -26 26 28 -29 -30 -31
leaf_value=-0.013634091837455647 -0.0065760664822244385 0.51918888862540091 -0.60049482621252537 -2.0089673864841462 1.1219282262704589 -0.63391497348036085 0.36188321938881507 0.37582655416646354 0.07915789218492468 0.19214114232317492 1.0431086480617524 -0.60962479005477599 0.071654542541062391 0.88644328117370608 0.089207858115710026 0.066900134086608887 1.3129090311852369 -0.47792699910474551 0.83063719600439079 -0.64771128912766773 0.36258107547102303 0.73653158050902345 -0.56722374515874052 0.5434802297751109 -1.1836551877430508 0.12024161221149068 1.5982734918594361 -1.1598434300649734 0.29449205708045229 -0.91053806769436807
leaf_weight=11214 2060 41 20 20 22 21 26 120 22 119 26 31 135 20 487 20 22 33 20 30 29 47 21 30 35 96 20 21 52 29
leaf_count=11214 2060 41 20 20 22 21 26 120 22 119 26 31 135 20 487 20 22 33 20 30 29 47 21 30 35 96 20 21 52 29
internal_value=-5.61067e-11 0.0483581 0.0422705 -0.443658 0.301727 0.0519609 0.195814 0.0281203 0.237202 0.170626 0.601298 0.102848 -0.0555723 0.292041 0.145871 0.582808 0.79777 -0.0133019 -0.0119851 -0.0134349 -0.0117937 0.342476 -0.0279369 -0.0147827 -0.386516 -0.0126691 0.182357 -0.109517 0.656654 -0.0159476
internal_weight=14889 3212 3171 62 42 3109 442 2667 421 353 48 305 166 139 607 68 48 11677 11644 11624 11594 97 50 11497 65 11432 189 117 72 11243
internal_count=14889 3212 3171 62 42 3109 442 2667 421 353 48 305 166 139 607 68 48 11677 11644 11624 11594 97 50 11497 65 11432 189 117 72 11243
is_linear=0
shrinkage=0.05


Tree=131
num_leaves=31
num_cat=0
split_feature=1 0 5 4 3 6 6 4 3 4 4 1 1 6 2 8 2 5 1 0 1 2 1 1 5 6 6 3 4 6
split_gain=3707.34 4003.22 4853.13 3038.7 12540.6 7212.83 3439.22 28780.7 5009.32 3467.32 4826.25 3419.53 18509.4 16423 13827.2 7453.34 7849.45 3184.7 2780.42 14174.1 3132.91 14410.2 6004.54 4020.36 6828.03 2301.11 4028.54 8865.2 8859.87 6678.6
threshold=965.50000000000011 33.150000000000013 4.5000000000000009 934.50000000000011 3.5000000000000004 941.50000000000011 931.50000000000011 908.50000000000011 2.5000000000000004 896.50000000000011 926.50000000000011 875.50000000000011 879.50000000000011 901.50000000000011 46.500000000000007 5.5000000000000009 61.500000000000007 35.500000000000007 865.50000000000011 29.150000000000002 858.50000000000011 57.500000000000007 851.50000000000011 843.50000000000011 40.500000000000007 865.50000000000011 827.50000000000011 57.500000000000007 784.50000000000011 834.50000000000011
decision_type=2 2 2 2 2 2 2 2 2 2 2 2 2 2 2 2 2 2 2 2 2 2 2 2 2 2 2 2 2 2
left_child=1 3 -3 6 5 -5 9 8 -8 11 17 13 -13 18 -14 16 -16 -11 20 -20 22 -22 23 25 -25 26 -1 28 -28 -30
right_child=-2 2 -4 4 -6 -7 7 -9 -10 10 -12 12 14 -15 15 -17 -18 -19 19 -21 21 -23 -24 24 -26 -27 27 -29 29 -31
leaf_value=-0.004875438323151563 0.35302345929919066 -0.070574810988723466 0.44801915143137783 0.37815947305588499 0.79883283825749363 -0.85736662121834584 -0.087407532766942062 -1.4244256747265658 0.81891500520830351 0.26612308591683498 -0.32473672209928434 -1.6108276787258331 -0.97583274943487985 1.3934352664720446 1.3395738387649709 -0.072526370623224493 0.056320861726999287 0.96095154136419303 1.3038183380728183 -0.29402521686894556 -1.2665467851484815 0.50505821867422618 0.53559422142365409 0.12737511055810111 -1.1635023778676987 0.41703950189985339 0.61646547224372628 -1.073974505705493 -1.1333695159071968 -0.045545350465663645
leaf_weight=13663 74 78 107 21 53 27 31 36 30 94 30 21 35 21 22 148 26 20 23 35 24 22 51 21 20 32 32 28 21 43
leaf_count=13663 74 78 107 21 53 27 31 36 30 94 30 21 35 21 22 148 26 20 23 35 24 22 51 21 20 32 32 28 21 43
internal_value=-6.21875e-10 -0.00176333 0.229369 -0.00468605 0.26862 -0.316824 -0.00658597 -0.303315 0.358325 -0.0045916 0.239531 -0.00705197 -0.189605 -0.00377444 -0.060403 0.103067 0.644478 0.388023 -0.00586801 0.339602 -0.00730366 -0.419257 -0.00594144 -0.0079341 -0.502321 -0.00646729 -0.00745026 -0.291158 -0.0628366 -0.402488
internal_weight=14889 14815 185 14630 101 48 14529 97 61 14432 144 14288 252 14036 231 196 48 114 14015 58 13957 46 13911 13860 41 13819 13787 124 96 64
internal_count=14889 14815 185 14630 101 48 14529 97 61 14432 144 14288 252 14036 231 196 48 114 14015 58 13957 46 13911 13860 41 13819 13787 124 96 64
is_linear=0
shrinkage=0.05


Tree=132
num_leaves=31
num_cat=0
split_feature=1 2 7 8 2 1 3 5 0 3 5 8 0 8 2 5 8 3 6 4 6 0 5 6 3 4 2 0 3 1
split_gain=3579.2 3729.21 3325.52 7599.98 10439.3 19726.4 42490.6 32642.6 19092.1 11632.2 8178.07 7254.81 12712.8 9279.36 13408.1 33957.8 35518.1 11437.3 7165.03 7069.25 11987.9 6676.19 21503.1 16803.1 33265 10943.6 8942.07 12990.8 20837 17194.8
threshold=1.0000000180025095e-35 20.500000000000004 12.500000000000002 2.5000000000000004 43.500000000000007 465.50000000000006 54.500000000000007 85.500000000000014 19.150000000000002 92.500000000000014 57.500000000000007 11.500000000000002 16.750000000000004 9.5000000000000018 49.500000000000007 36.500000000000007 10.500000000000002 91.500000000000014 375.50000000000006 568.50000000000011 512.50000000000011 23.550000000000004 84.500000000000014 801.50000000000011 31.500000000000004 495.50000000000006 68.500000000000014 17.550000000000004 1.5000000000000002 351.50000000000006
decision_type=2 2 2 2 2 2 2 2 2 2 2 2 2 2 2 2 2 2 2 2 2 2 2 2 2 2 2 2 2 2
left_child=-1 -2 3 19 5 9 7 8 -7 -5 -11 13 18 -4 15 -15 -17 -16 -13 20 -3 23 -23 25 -25 26 27 -6 -29 -30
right_child=1 2 11 4 21 6 -8 -9 -10 10 -12 12 -14 14 17 16 -18 -19 -20 -21 -22 22 -24 24 -26 -27 -28 28 29 -31
leaf_value=-0.026777483767952338 0.70435303021222362 -0.19790590785547266 0.058614889185680974 -0.028890584797829452 0.086804963990229453 -1.6302406591176988 -2.5724636088718071 -2.2396658968925478 -0.023588941987527878 0.1748916737459324 1.4173010332080036 0.17851388962784162 0.76822713528589537 -0.078744674415180571 0.12502536524852945 -0.36425974383240656 -3.3084232997894292 -1.0950826291488263 -0.87113606078284134 0.49991231036908701 -1.3963475197553636 0.11326652329386051 1.726955061583292 0.11983947306871415 -2.4412028610706331 0.33035673325705961 0.10608215825451479 0.10604799358905959 -0.31761360514516895 -1.3194182230398441
leaf_weight=6789 20 405 3976 258 219 20 22 20 245 27 26 72 93 95 225 21 20 21 21 33 22 1219 21 32 21 223 438 112 95 78
leaf_count=6789 20 405 3976 258 219 20 22 20 245 27 26 72 93 95 225 21 20 21 21 33 22 1219 21 32 21 223 438 112 95 78
internal_value=7.34348e-10 0.0224435 0.0207556 -0.0156072 0.0127397 -0.17096 -0.455282 -0.291851 -0.144846 0.109705 0.784376 0.049052 0.354862 0.036 -0.199384 -0.597784 -1.80044 0.0208698 -0.0585038 -0.205162 -0.259652 0.0589263 0.140595 -0.0242177 -0.894913 0.0153934 -0.059168 -0.202778 -0.4253 -0.769294
internal_weight=14889 8100 8080 3536 3076 618 307 285 265 311 53 4544 186 4358 382 136 41 246 93 460 427 2458 1240 1218 53 1165 942 504 285 173
internal_count=14889 8100 8080 3536 3076 618 307 285 265 311 53 4544 186 4358 382 136 41 246 93 460 427 2458 1240 1218 53 1165 942 504 285 173
is_linear=0
shrinkage=0.05


Tree=133
num_leaves=31
num_cat=0
split_feature=4 4 3 1 0 5 5 2 3 6 0 1 4 6 4 5 3 4 0 5 6 1 0 6 0 6 3 6 1 1
split_gain=3354.67 9093.61 8668.6 4009.55 3320.71 4123.36 3272.37 4781.86 3363.94 2760.19 2533.85 5056.52 5765.29 4090.7 7805.46 4303.13 2743.05 2431.72 2181.9 2164.27 2075.26 8948.12 7972.2 5051.18 6192.41 4689.56 32642 3881.98 4616.11 11287.1
threshold=919.50000000000011 916.50000000000011 19.500000000000004 948.50000000000011 33.150000000000013 1.0000000180025095e-35 24.500000000000004 60.500000000000007 1.0000000180025095e-35 919.50000000000011 31.950000000000003 868.50000000000011 858.50000000000011 911.50000000000011 833.50000000000011 46.500000000000007 1.0000000180025095e-35 960.50000000000011 28.850000000000005 54.500000000000007 890.50000000000011 897.50000000000011 29.050000000000004 879.50000000000011 29.150000000000002 862.50000000000011 35.500000000000007 858.50000000000011 855.50000000000011 883.50000000000011
decision_type=2 2 2 2 2 2 2 2 2 2 2 2 2 2 2 2 2 2 2 2 2 2 2 2 2 2 2 2 2 2
left_child=1 3 6 4 10 -6 8 -8 17 -4 13 -12 -13 20 -15 16 -16 -2 -10 -7 23 22 -22 25 -25 27 -27 28 -1 -30
right_child=2 -3 9 -5 5 19 7 -9 18 -11 11 12 -14 14 15 -17 -18 -19 -20 -21 21 -23 -24 24 -26 26 -28 -29 29 -31
leaf_value=-0.0070584959128272735 -0.1326991156411601 -1.0189387497576801 0.44502095055012475 0.65801948710628189 -0.13065107656473463 0.29450212924063884 0.14118351446730751 -0.83181113017641983 0.80615230239927771 1.2657631307840349 -0.0034023259962917469 -1.2686666738986969 -0.20449155671255928 0.91380171741758076 -0.088067792125634467 -0.59020334936323626 0.50514739051461222 0.43798232314487295 0.19370292569651748 0.87071260690689101 -1.2685560838452408 0.22154552092154822 -0.012233435071032981 0.99703554042748044 -0.0070654422784333717 0.094895224781504972 -2.1553137433528899 0.60697451165089245 0.67236600572036376 -0.4687576631865194
leaf_weight=13725 84 22 21 23 55 88 28 23 26 20 109 20 35 35 38 21 40 24 33 20 28 54 23 28 34 83 20 26 72 31
leaf_count=13725 84 22 21 23 55 88 28 23 26 20 109 20 35 35 38 21 40 24 33 20 28 54 23 28 34 83 20 26 72 31
internal_value=-9.01478e-11 -0.00315784 0.178375 -0.00162805 -0.00266829 0.221746 0.0529288 -0.297618 0.159982 0.845383 -0.00520466 -0.200618 -0.591464 -0.00295695 0.272001 0.0451015 0.216145 -0.00588102 0.463596 0.401208 -0.00556559 -0.227024 -0.701979 -0.0039069 0.4464 -0.00590726 -0.342039 -0.00340823 -0.0045559 0.328921
internal_weight=14889 14630 259 14608 14585 163 218 51 167 41 14422 164 55 14258 134 99 78 108 59 108 14124 105 51 14019 62 13957 103 13854 13828 103
internal_count=14889 14630 259 14608 14585 163 218 51 167 41 14422 164 55 14258 134 99 78 108 59 108 14124 105 51 14019 62 13957 103 13854 13828 103
is_linear=0
shrinkage=0.05


Tree=134
num_leaves=31
num_cat=0
split_feature=7 6 1 7 6 4 5 6 5 1 4 3 5 0 1 4 7 1 2 1 2 3 3 0 6 3 5 3 6 1
split_gain=3244.22 6464.36 6489.87 5738.45 15611.9 17389.8 14767.9 14675.1 14139.1 42178.3 27775.3 47484.6 12262.8 11723.4 10193.4 9851.93 8764.4 5991.64 9605.09 8680.13 8463.39 7563.3 13690.4 13205.4 22881.4 10310.8 17584.1 12548.7 14375.4 8266.87
threshold=11.500000000000002 805.50000000000011 809.50000000000011 14.500000000000002 465.50000000000006 664.50000000000011 81.500000000000014 430.50000000000006 99.500000000000014 499.50000000000006 521.50000000000011 16.500000000000004 89.500000000000014 16.450000000000003 427.50000000000006 517.50000000000011 12.500000000000002 570.50000000000011 67.500000000000014 779.50000000000011 63.500000000000007 98.500000000000014 36.500000000000007 24.550000000000004 909.50000000000011 24.500000000000004 7.5000000000000009 12.500000000000002 743.50000000000011 724.50000000000011
decision_type=2 2 2 2 2 2 2 2 2 2 2 2 2 2 2 2 2 2 2 2 2 2 2 2 2 2 2 2 2 2
left_child=1 -1 -3 4 5 6 13 -8 12 -10 -11 -12 14 -2 -6 16 -16 -17 20 -20 21 22 23 24 25 26 -19 28 -28 -24
right_child=3 2 -4 -5 8 -7 7 -9 9 10 11 -13 -14 -15 15 17 -18 18 19 -21 -22 -23 29 -25 -26 -27 27 -29 -30 -31
leaf_value=-0.018978201453245674 -0.46212048638612035 -1.1728048929323753 -0.13755022020692506 -0.0019913121032745455 0.76753188695977714 -0.78259113856724338 0.74097243547439584 2.3492871657661771 -2.1650949546269009 1.1690351496423994 0.86305134231224656 -1.7510884734360799 0.9288701051889463 0.76663030169226909 0.089139362376543796 0.45634850944133148 -1.0437380461316361 0.33973134268561139 -1.3780027113177562 -0.0030269297460714978 0.42876125351094557 -0.66582688689231873 0.039342271842594659 0.089971752641242908 -1.5447154798928429 0.83159642219543461 0.3191360337169547 -1.6184769365867533 -1.0751509594420592 0.82177444239749642
leaf_weight=7375 30 24 41 5589 51 21 37 23 28 35 32 38 43 55 31 97 38 69 22 24 149 38 56 699 34 24 38 27 36 85
leaf_count=7375 30 24 41 5589 51 21 37 23 28 35 32 38 43 55 31 97 38 69 22 24 149 38 56 699 34 24 38 27 36 85
internal_value=-1.63371e-10 -0.0233536 -0.519798 0.0233254 0.0993981 0.562146 0.756901 1.35749 0.0540521 -0.440828 0.0189763 -0.556053 0.0962168 0.332954 0.0726305 0.0484723 -0.534764 0.0772587 0.0489945 -0.660624 0.0750044 0.0273464 0.0520099 -0.0178074 -0.348235 -0.138543 -0.275504 -0.695813 -0.359166 0.511021
internal_weight=14889 7440 65 7449 1860 166 145 60 1694 133 105 70 1561 85 1518 1467 69 1398 1301 46 1255 1106 1068 927 228 194 170 101 74 141
internal_count=14889 7440 65 7449 1860 166 145 60 1694 133 105 70 1561 85 1518 1467 69 1398 1301 46 1255 1106 1068 927 228 194 170 101 74 141
is_linear=0
shrinkage=0.05


Tree=135
num_leaves=31
num_cat=0
split_feature=1 0 5 4 3 1 6 4 3 4 4 1 1 6 2 8 2 5 5 1 1 5 1 4 3 3 4 2 3 5
split_gain=3088.46 3257.86 3937.9 2337.8 10299.5 7098.21 3342.55 25345 4379.13 3070.54 4434.96 3142.22 16591.8 14725.9 12161.8 7127.24 6951.15 3072.46 2388.24 7885.61 7342.82 3357.52 3158.38 3023.93 6022.68 19060.8 17362.7 8305.65 10518.8 17511.2
threshold=965.50000000000011 33.150000000000013 4.5000000000000009 934.50000000000011 3.5000000000000004 948.50000000000011 931.50000000000011 908.50000000000011 2.5000000000000004 896.50000000000011 926.50000000000011 875.50000000000011 879.50000000000011 901.50000000000011 46.500000000000007 5.5000000000000009 61.500000000000007 35.500000000000007 30.500000000000004 858.50000000000011 862.50000000000011 42.500000000000007 847.50000000000011 59.500000000000007 74.500000000000014 66.500000000000014 460.50000000000006 30.500000000000004 92.500000000000014 63.500000000000007
decision_type=2 2 2 2 2 2 2 2 2 2 2 2 2 2 2 2 2 2 2 2 2 2 2 2 2 2 2 2 2 2
left_child=1 3 -3 6 5 -5 9 8 -8 11 17 13 -13 18 -14 16 -16 -11 19 22 23 -22 -1 -20 25 -25 -27 -26 -29 -30
right_child=-2 2 -4 4 -6 -7 7 -9 -10 10 -12 12 14 -15 15 -17 -18 -19 20 -21 21 -23 -24 24 27 26 -28 28 29 -31
leaf_value=-0.02434202290154612 0.32221308334453691 -0.063286601799802902 0.40385534276611335 0.33882930065788658 0.71598406389074509 -0.8782839670181275 -0.0943013422912167 -1.3505095015176469 0.75309682408968603 0.24839663785149124 -0.31512608667214714 -1.5268456437048459 -0.91746389201709211 1.3199277088755654 1.2779283188283443 -0.077328846192678033 0.070334717287467083 0.93087158501148226 -0.021207424927999118 -0.72632562436163428 1.1028439394065312 0.26649303862026763 0.52780149613435456 0.03268401474529594 0.9329078326906477 -0.28463871013373138 -2.0613934287428854 0.52588924820370531 0.39905366190381952 -0.23291218243954792
leaf_weight=6735 74 78 107 23 53 25 31 36 30 94 30 21 35 21 22 148 26 20 3639 40 21 28 26 2837 35 44 20 136 185 269
leaf_count=6735 74 78 107 23 53 25 31 36 30 94 30 21 35 21 22 148 26 20 3639 40 21 28 26 2837 35 44 20 136 185 269
internal_value=7.96435e-11 -0.00160943 0.206898 -0.00424607 0.235477 -0.295084 -0.00591252 -0.298441 0.322452 -0.00394639 0.225784 -0.0062617 -0.181256 -0.00311988 -0.0589298 0.0943799 0.623815 0.368129 -0.00510233 -0.0263599 0.0149383 0.624929 -0.0222187 0.0107666 0.0437654 0.0134342 -0.839875 0.184551 0.140157 0.0246069
internal_weight=14889 14815 185 14630 101 48 14529 97 61 14432 144 14288 252 14036 231 196 48 114 14015 6801 7214 49 6761 7165 3526 2901 64 625 590 454
internal_count=14889 14815 185 14630 101 48 14529 97 61 14432 144 14288 252 14036 231 196 48 114 14015 6801 7214 49 6761 7165 3526 2901 64 625 590 454
is_linear=0
shrinkage=0.05


Tree=136
num_leaves=31
num_cat=0
split_feature=4 4 3 1 5 2 0 3 2 0 0 5 6 0 1 4 6 4 5 0 1 1 6 1 6 6 3 0 1 6
split_gain=2910.64 8033.88 7097.24 3544.64 2866.78 4248.33 3554.05 2927.39 5879.54 2824.14 2714.62 3368.19 2471.94 2238.31 4450.63 5275.43 3264.1 6857.84 3786.37 2245.18 1986.45 2249.53 9136.66 7507.32 5576.97 4975.55 29006.6 4931.06 4585.56 6269.56
threshold=919.50000000000011 916.50000000000011 19.500000000000004 948.50000000000011 24.500000000000004 60.500000000000007 23.950000000000003 1.0000000180025095e-35 50.500000000000007 31.250000000000004 33.150000000000013 1.0000000180025095e-35 919.50000000000011 31.950000000000003 868.50000000000011 858.50000000000011 911.50000000000011 833.50000000000011 46.500000000000007 29.150000000000002 914.50000000000011 897.50000000000011 890.50000000000011 875.50000000000011 879.50000000000011 862.50000000000011 35.500000000000007 29.750000000000004 855.50000000000011 855.50000000000011
decision_type=2 2 2 2 2 2 2 2 2 2 2 2 2 2 2 2 2 2 2 2 2 2 2 2 2 2 2 2 2 2
left_child=1 3 4 10 6 -6 -2 8 9 -8 13 -12 -4 16 -15 -16 20 -18 19 -19 21 22 24 -24 25 28 -27 -26 29 -1
right_child=2 -3 12 -5 5 -7 7 -9 -10 -11 11 -13 -14 14 15 -17 17 18 -20 -21 -22 -23 23 -25 27 26 -28 -29 -30 -31
leaf_value=-0.0064378933766356715 0.76103408847536358 -0.95770236795598818 0.39080423627580918 0.61872282598329631 0.13813679601464954 -0.7789727652850359 0.41572368588102493 0.37093255716175139 -0.81520270407623185 -0.20678949590240206 -0.11807449040087788 0.36261940911990004 1.1675087273120881 -0.0034156941321738274 -1.2029158639907838 -0.184954714349338 0.84453144601413188 0.60553971516049432 -0.56567010652451288 0.017241153378378261 -0.45949247628450396 0.27852062378610881 -0.030213614491124946 -1.2455881188313167 0.96430560485459871 0.096331984844679641 -2.0561080741882325 -0.023751814047927443 0.33990590625356154 0.83830650150775909
leaf_weight=13717 21 22 21 23 28 23 38 51 22 35 55 108 20 109 20 35 35 23 21 55 24 70 24 27 28 72 20 23 97 22
leaf_count=13717 21 22 21 23 28 23 38 51 22 35 55 108 20 109 20 35 35 23 21 55 24 70 24 27 28 72 20 23 97 22
internal_value=-2.33417e-10 -0.00294144 0.166151 -0.00150354 0.0526428 -0.275462 0.152842 0.0653628 -0.0986799 0.117258 -0.00248162 0.200422 0.769684 -0.00477487 -0.188439 -0.555122 -0.0026623 0.242949 0.0302687 0.190714 -0.00499252 -0.0042189 -0.00562958 -0.673647 -0.00319243 -0.00510348 -0.37159 0.518711 -0.00266659 -0.00508522
internal_weight=14889 14630 259 14608 218 51 167 146 95 73 14585 163 41 14422 164 55 14258 134 99 78 14124 14100 14030 51 13979 13928 92 51 13836 13739
internal_count=14889 14630 259 14608 218 51 167 146 95 73 14585 163 41 14422 164 55 14258 134 99 78 14124 14100 14030 51 13979 13928 92 51 13836 13739
is_linear=0
shrinkage=0.05


Tree=137
num_leaves=31
num_cat=0
split_feature=0 3 2 5 5 4 0 5 5 1 6 0 6 6 1 6 6 6 0 1 1 6 4 5 3 6 5 6 6 1
split_gain=2860.87 8035.42 5491.76 4501.27 3235.9 2459.02 2161.67 2054.25 2834.13 1887.67 7637.31 3661.03 4203.19 2792.89 7889.04 5460.84 1913.82 19265.4 5257.99 3224.29 8366.44 3169.09 2508.98 13411.7 8164.92 7918.69 7645.12 5411.79 8607.83 13312.4
threshold=29.450000000000003 60.500000000000007 22.500000000000004 56.500000000000007 5.5000000000000009 892.50000000000011 30.250000000000004 20.500000000000004 34.500000000000007 926.50000000000011 928.50000000000011 24.050000000000004 961.50000000000011 911.50000000000011 901.50000000000011 904.50000000000011 862.50000000000011 872.50000000000011 24.350000000000005 883.50000000000011 865.50000000000011 890.50000000000011 699.50000000000011 95.500000000000014 39.500000000000007 805.50000000000011 37.500000000000007 783.50000000000011 756.50000000000011 753.50000000000011
decision_type=2 2 2 2 2 2 2 2 2 2 2 2 2 2 2 2 2 2 2 2 2 2 2 2 2 2 2 2 2 2
left_child=9 2 -2 4 -4 -6 -5 -7 -9 10 13 -11 -13 15 -15 16 19 -18 -19 20 22 -20 25 24 -24 27 -26 28 29 -1
right_child=1 -3 3 6 5 7 -8 8 -10 11 -12 12 -14 14 -16 -17 17 18 21 -21 -22 -23 23 -25 26 -27 -28 -29 -30 -31
leaf_value=-0.010922176706258595 -0.68639445328712467 0.83729435842145572 -0.081422051837763354 0.054684317946434025 0.060167412535581832 0.50877968385815631 0.62224989349168602 -0.22642721918321429 0.51560949303887105 -0.31491022264515917 -0.83395237294690949 0.65191442880034456 -0.045714189033759269 1.1212671662867071 -0.23653786286063819 -0.71896862895400437 -1.3098815953731537 0.49034899221915823 0.23657189181872776 -0.53188318764983578 0.90972256696224219 -0.56994488989484726 -0.05546400059045347 1.2251264953613283 0.11810971572995187 -0.95867254137992863 0.87922281239713951 0.77428276538848884 -0.72520029828661969 0.97982372444342181
leaf_weight=12224 25 33 390 25 851 60 51 31 22 27 28 50 38 20 23 27 30 51 21 29 25 29 484 25 101 22 49 22 42 34
leaf_count=12224 25 33 390 25 851 60 51 31 22 27 28 50 38 20 23 27 30 51 21 29 25 29 484 25 101 22 49 22 42 34
internal_value=3.23189e-10 0.0657739 0.0482755 0.0611193 0.0401025 0.089267 0.435551 0.308415 0.081588 -0.0073033 -0.00904919 0.1944 0.350666 -0.00730705 0.394999 -0.0086161 -0.00716179 -0.197321 0.133143 -0.00525394 -0.00408167 -0.231208 -0.00583858 0.0892179 0.0444265 -0.0109133 0.36674 -0.00922114 -0.0106225 -0.00817415
internal_weight=14889 1488 1455 1430 1354 964 76 113 53 13401 13286 115 88 13258 43 13215 13188 131 101 13057 13028 50 13003 659 634 12344 150 12322 12300 12258
internal_count=14889 1488 1455 1430 1354 964 76 113 53 13401 13286 115 88 13258 43 13215 13188 131 101 13057 13028 50 13003 659 634 12344 150 12322 12300 12258
is_linear=0
shrinkage=0.05


Tree=138
num_leaves=31
num_cat=0
split_feature=7 6 1 1 1 4 7 6 4 5 6 5 1 4 3 4 0 1 4 7 5 6 2 5 6 1 5 4 2 5
split_gain=2618.86 5757.67 5843.27 4542.75 8022.5 8001.28 4478.06 14501.1 15520.6 13316.8 13265.6 12622.3 37254.9 25539.9 43303.3 11621.7 10580.6 9011.22 14684.1 14534.4 5909.01 7896.29 8574.29 7452.17 5607.52 5061.92 4525.43 3742.93 3694.22 5862.48
threshold=11.500000000000002 805.50000000000011 809.50000000000011 772.50000000000011 758.50000000000011 743.50000000000011 14.500000000000002 465.50000000000006 664.50000000000011 81.500000000000014 430.50000000000006 99.500000000000014 499.50000000000006 521.50000000000011 16.500000000000004 375.50000000000006 16.450000000000003 427.50000000000006 517.50000000000011 12.500000000000002 69.500000000000014 729.50000000000011 59.500000000000007 65.500000000000014 424.50000000000006 570.50000000000011 35.500000000000007 723.50000000000011 27.500000000000004 10.500000000000002
decision_type=2 2 2 2 2 2 2 2 2 2 2 2 2 2 2 2 2 2 2 2 2 2 2 2 2 2 2 2 2 2
left_child=1 3 -3 4 5 -1 7 8 9 16 -11 15 -13 -14 -15 -9 -2 -17 19 -19 23 -22 -23 25 -18 26 -20 -5 29 -27
right_child=6 2 -4 27 -6 -7 -8 11 -10 10 -12 12 13 14 -16 17 24 18 20 -21 21 22 -24 -25 -26 28 -28 -29 -30 -31
leaf_value=-0.021031786688617479 -0.43977817803621289 -1.1091285246113936 -0.12679951271814546 0.96211455017328262 -0.8506639329780793 0.73678251128111572 -0.0014072173168323836 1.1760707790652911 -0.73627319378512246 0.70228512335467985 2.2314168328824251 -2.0436369951282227 1.1118174452866827 0.81278844177722931 -1.6836032817238256 0.72747616609930998 1.1397684999939168 0.094556499073902775 0.21848634577064374 -1.4260640038459591 -0.13665927166217251 1.2020247570105962 0.032493744373321531 -0.88500764540263599 0.10921979871663182 0.00035282905612673079 1.0313544180082237 0.15278575098514557 0.019736663359177203 1.1211760246753693
leaf_weight=7241 30 24 41 20 29 35 5589 24 21 37 23 28 35 32 38 50 33 30 67 33 38 42 25 21 22 28 23 50 1160 20
leaf_count=7241 30 24 41 20 29 35 5589 24 21 37 23 28 35 32 38 50 33 30 67 33 38 42 25 21 22 28 23 50 1160 20
internal_value=-2.17083e-11 -0.0209824 -0.489506 -0.0168531 -0.0206945 -0.0173864 0.0209571 0.0881582 0.53414 0.718131 1.28845 0.0444551 -0.423127 0.00900872 -0.542396 0.084294 0.315551 0.0672461 0.045046 -0.701959 0.0780947 0.439089 0.765633 0.0493575 0.727549 0.0644743 0.426219 0.384023 0.0375231 0.467362
internal_weight=14889 7440 65 7375 7305 7276 7449 1860 166 145 60 1694 133 105 70 1561 85 1537 1487 63 1424 105 67 1319 55 1298 90 70 1208 48
internal_count=14889 7440 65 7375 7305 7276 7449 1860 166 145 60 1694 133 105 70 1561 85 1537 1487 63 1424 105 67 1319 55 1298 90 70 1208 48
is_linear=0
shrinkage=0.05


Tree=139
num_leaves=31
num_cat=0
split_feature=0 3 2 5 5 5 3 2 3 1 0 0 1 0 4 0 4 6 6 2 1 6 6 1 1 1 4 1 1 6
split_gain=2603.54 7207.12 4988.58 4122.65 2900 2541.17 4872.71 2840.92 2811.97 2555.26 2496.02 2555.41 3948.68 2287.06 1926.23 1910.22 1858.18 1776.98 12734.7 28107.1 4889.6 2926.28 2037.8 1972.8 10795.5 10297.1 6559.35 5547.16 6574.62 6161.44
threshold=29.450000000000003 60.500000000000007 22.500000000000004 56.500000000000007 8.5000000000000018 42.500000000000007 15.500000000000002 56.500000000000007 11.500000000000002 865.50000000000011 31.350000000000005 32.95000000000001 928.50000000000011 30.050000000000004 513.50000000000011 30.250000000000004 960.50000000000011 948.50000000000011 931.50000000000011 59.500000000000007 926.50000000000011 961.50000000000011 972.50000000000011 875.50000000000011 865.50000000000011 858.50000000000011 833.50000000000011 851.50000000000011 843.50000000000011 865.50000000000011
decision_type=2 2 2 2 2 2 2 2 2 2 2 2 2 2 2 2 2 2 2 2 2 2 2 2 2 2 2 2 2 2
left_child=17 2 -2 4 16 8 7 -7 10 -9 14 12 -12 -10 -6 -5 -4 18 20 -20 23 -19 -23 24 25 27 -25 28 29 -1
right_child=1 -3 3 15 5 6 -8 9 13 -11 11 -13 -14 -15 -16 -17 -18 21 19 -21 -22 22 -24 26 -26 -27 -28 -29 -30 -31
leaf_value=-0.0068196567456735692 -0.65403042803704747 0.7934204647938411 -0.088245874144218639 0.058722460389137268 -0.041105783998966222 0.23330467522723006 -0.66225871486323218 0.014108741327243693 0.16940711675019102 -0.47586877362595664 -0.043158180088898462 0.23331276560823122 -0.80745548397302636 0.80293808888111795 0.24163912916160341 0.59225857113944558 0.35508946353197102 0.70705962867840477 -2.229558101296425 0.38950226902961732 0.6023344563715386 -0.34396310477029712 0.34463295611468231 -0.76524588642893621 0.88484032986795202 -0.90308201918378472 -0.0022461609859650926 0.64237175599643681 -0.75871501356877136 0.65747909988675801
leaf_weight=12943 25 33 433 25 75 103 28 102 29 36 109 60 20 28 306 51 25 23 20 21 33 21 22 37 34 32 118 33 29 35
leaf_count=12943 25 33 433 25 75 103 28 102 29 36 109 60 20 28 306 51 25 23 20 21 33 21 22 37 34 32 118 33 29 35
internal_value=-2.37905e-10 0.0627461 0.0461741 0.0584155 0.038302 0.0906184 -0.037937 0.0345983 0.145772 -0.113711 0.112288 -0.0362676 -0.161654 0.480615 0.185981 0.416753 -0.0640463 -0.00696711 -0.00824802 -0.888088 -0.0055345 0.251834 0.00834186 -0.00704718 -0.00494991 -0.00726424 -0.184382 -0.00506591 -0.00670852 -0.00502813
internal_weight=14889 1488 1455 1430 1354 896 269 241 627 138 570 189 129 57 381 76 458 13401 13335 41 13294 66 43 13261 13106 13072 155 13040 13007 12978
internal_count=14889 1488 1455 1430 1354 896 269 241 627 138 570 189 129 57 381 76 458 13401 13335 41 13294 66 43 13261 13106 13072 155 13040 13007 12978
is_linear=0
shrinkage=0.05


Tree=140
num_leaves=31
num_cat=0
split_feature=1 0 5 4 4 3 6 4 6 4 3 1 6 8 1 3 6 8 8 2 5 8 4 1 0 1 2 1 3 4
split_gain=2490.48 2475.34 2826.3 2084.05 1950.07 11461.5 7847.75 49832.1 7522.37 6508.2 4649.02 3592.62 3502.15 6045.73 1867.85 11051.6 9627.31 5919.41 11293.7 5234.92 4074.63 3094.98 3291.06 2557.66 3794.49 2761.3 12182.1 4431.74 1933.58 5462.58
threshold=965.50000000000011 33.150000000000013 46.500000000000007 938.50000000000011 919.50000000000011 1.0000000180025095e-35 931.50000000000011 892.50000000000011 937.50000000000011 908.50000000000011 2.5000000000000004 926.50000000000011 901.50000000000011 5.5000000000000009 872.50000000000011 31.500000000000004 901.50000000000011 4.5000000000000009 5.5000000000000009 60.500000000000007 29.500000000000004 6.5000000000000009 826.50000000000011 865.50000000000011 30.150000000000002 858.50000000000011 57.500000000000007 855.50000000000011 79.500000000000014 119.50000000000001
decision_type=2 2 2 2 2 2 2 2 2 2 2 2 2 2 2 2 2 2 2 2 2 2 2 2 2 2 2 2 2 2
left_child=1 4 -3 -2 6 8 9 10 11 14 -8 -6 -7 -14 16 17 23 -16 19 -19 -20 -22 -23 25 -25 27 -27 28 -1 -30
right_child=3 2 -4 -5 5 12 7 -9 -10 -11 -12 -13 13 -15 15 -17 -18 18 20 -21 21 22 -24 24 -26 26 -28 -29 29 -31
leaf_value=-0.01295244048726321 0.63943011407498962 0.096042637168787998 0.63357364627821688 0.088229723417378503 -0.395708491478581 0.049607881646731807 -0.20910032067609874 -2.576361690248762 -0.91836271135291714 0.57809266174832985 0.75028445595609294 0.50336847782135008 1.2569532729428392 0.31831136711296582 -0.76972146582603462 -1.1134361390884107 1.0426997368985957 1.3580893748998644 0.15123711657222538 0.27279767870903016 -0.77304931040163405 -0.59443431313960782 0.028629324329433159 0.8417272975837643 -0.076769684242975464 -1.1430175988078117 0.47021947665648023 0.68948770787404934 -0.022350462756497554 0.14608335040166584
leaf_weight=11820 27 156 29 47 20 29 23 21 30 48 28 25 29 42 25 26 22 20 84 25 27 31 67 22 23 25 22 23 1313 760
leaf_count=11820 27 156 29 47 20 29 23 21 30 48 28 25 29 42 25 26 22 20 84 25 27 31 67 22 23 25 22 23 1313 760
internal_value=-5.63623e-11 -0.00144525 0.180304 0.289343 -0.00374352 0.162163 -0.00575207 -0.526457 -0.305078 -0.00314547 0.317621 0.103779 0.512594 0.7017 -0.00509171 -0.127503 -0.0024306 -0.0356237 0.03663 0.75515 -0.118075 -0.299053 -0.168462 -0.00407201 0.372273 -0.0052849 -0.387885 -0.0039927 -0.00514077 0.0394005
internal_weight=14889 14815 185 74 14630 175 14455 72 75 14383 51 45 100 71 14335 305 14030 279 254 45 209 125 98 14008 45 13963 47 13916 13893 2073
internal_count=14889 14815 185 74 14630 175 14455 72 75 14383 51 45 100 71 14335 305 14030 279 254 45 209 125 98 14008 45 13963 47 13916 13893 2073
is_linear=0
shrinkage=0.05


Tree=141
num_leaves=31
num_cat=0
split_feature=0 6 1 1 1 1 4 6 2 1 3 3 6 7 3 2 5 2 6 5 1 1 4 4 6 6 1 3 7 1
split_gain=2297.17 2836.55 3884.73 4396.57 4024.78 3265.97 8254.46 9192.73 13149.6 3370.49 2803.16 5761.73 25942.5 10824.1 3402.94 5129.89 4887.62 4042.19 7639.41 5105.78 4400.35 4345.74 3134.81 2415.48 3081.88 4897.17 5423.48 2743.41 2663.74 2278.4
threshold=26.650000000000002 937.50000000000011 934.50000000000011 914.50000000000011 904.50000000000011 894.50000000000011 896.50000000000011 862.50000000000011 59.500000000000007 865.50000000000011 99.500000000000014 67.500000000000014 739.50000000000011 14.500000000000002 53.500000000000007 22.500000000000004 57.500000000000007 43.500000000000007 594.50000000000011 73.500000000000014 507.50000000000006 414.50000000000006 632.50000000000011 826.50000000000011 872.50000000000011 879.50000000000011 875.50000000000011 12.500000000000002 14.500000000000002 890.50000000000011
decision_type=2 2 2 2 2 2 2 2 2 2 2 2 2 2 2 2 2 2 2 2 2 2 2 2 2 2 2 2 2 2
left_child=1 2 3 4 5 6 7 9 -9 -1 11 14 13 -13 15 -2 23 20 21 22 -18 -19 -20 29 27 -26 -27 -25 -28 -17
right_child=10 -3 -4 -5 -6 -7 -8 8 -10 -11 -12 12 -14 -15 -16 16 17 18 19 -21 -22 -23 -24 24 25 26 28 -29 -30 -31
leaf_value=-0.0096682599842845933 -0.61350509752829874 -0.47320756203861852 0.68725636184215544 -0.61469881862401965 0.5603342144720016 -0.61877457878806386 0.66687736772828643 -1.6393588963009063 -0.065003521574868092 0.60980563488873574 0.44822936799468072 -0.58120813775807623 -1.9272746050357819 1.0259726776042954 0.64758061021566393 0.008184282706570874 0.1220768208615482 0.26601237186814769 -0.35293478935956957 -0.67686531394720084 1.1005877763032914 1.0640237354983888 0.45520264466603599 0.23869829195034173 -0.61884985946863891 0.67969143681630895 0.088535977074466018 0.8861021268367768 -0.35732745705424129 -0.51503449848720007
leaf_weight=11417 30 33 20 30 31 22 45 21 36 22 41 20 20 22 23 2260 20 59 20 32 27 24 30 90 25 37 354 20 37 21
leaf_count=11417 30 33 20 30 31 22 45 21 36 22 41 20 20 22 23 2260 20 59 20 32 27 24 30 90 25 37 354 20 37 21
internal_value=-4.32538e-11 -0.0103004 -0.00898853 -0.0101865 -0.00862228 -0.0101476 -0.00898743 -0.011633 -0.645029 -0.00847686 0.0374466 0.0321353 -0.445133 0.260648 0.041653 0.037137 0.0435242 0.275125 0.1586 -0.183687 0.6842 0.496763 0.131948 0.0262601 0.11901 0.0613641 0.101096 0.356408 0.0463443 0.00336728
internal_weight=14889 11677 11644 11624 11594 11563 11541 11496 57 11439 3212 3171 62 42 3109 3086 3056 212 165 82 47 83 50 2844 563 453 428 110 391 2281
internal_count=14889 11677 11644 11624 11594 11563 11541 11496 57 11439 3212 3171 62 42 3109 3086 3056 212 165 82 47 83 50 2844 563 453 428 110 391 2281
is_linear=0
shrinkage=0.05


Tree=142
num_leaves=31
num_cat=0
split_feature=4 7 6 2 1 1 4 6 8 6 4 1 5 6 2 5 2 2 3 3 0 1 7 6 4 5 3 4 5 2
split_gain=2206.69 1953.28 5297.01 5505.78 4047.36 7247.53 7248.11 5347.79 15565.2 10583.2 9409.81 4211.21 21015.6 8468.3 6019.96 4162.22 3843.22 7945.3 27699.7 5839.57 4775.34 5007.9 4212.66 13676.9 14381.4 14285.6 41645.7 36947.3 14596.9 18726
threshold=967.50000000000011 11.500000000000002 805.50000000000011 57.500000000000007 772.50000000000011 758.50000000000011 667.50000000000011 644.50000000000011 5.5000000000000009 609.50000000000011 572.50000000000011 582.50000000000011 58.500000000000007 582.50000000000011 59.500000000000007 42.500000000000007 26.500000000000004 29.500000000000004 39.500000000000007 87.500000000000014 31.650000000000002 733.50000000000011 14.500000000000002 465.50000000000006 664.50000000000011 99.500000000000014 33.500000000000007 504.50000000000006 68.500000000000014 50.500000000000007
decision_type=2 2 2 2 2 2 2 2 2 2 2 2 2 2 2 2 2 2 2 2 2 2 2 2 2 2 2 2 2 2
left_child=1 2 4 -4 5 6 7 9 -9 11 -11 13 14 -1 -13 -8 19 18 -18 20 21 -3 23 24 -19 28 -27 -28 -25 -30
right_child=-2 16 3 -5 -6 -7 15 8 -10 10 -12 12 -14 -15 -16 -17 17 22 -20 -21 -22 -23 -24 25 -26 26 27 -29 29 -31
leaf_value=-0.021190531584087974 0.44345878964689167 0.026668049104283661 -0.11625316136675637 -1.0697924982135496 0.36340819466326924 -0.80746878755503693 0.21905653274201967 -1.2951132542453707 -0.05402232552257677 1.1357204451754288 0.092555675598291254 -0.35612982809543614 -1.5893141999244691 1.0091711036860944 0.65413003296687688 0.94494822216033936 0.064127211169949891 0.71065421421750852 -2.0937443108856679 1.035649812086062 -0.53382644609193364 0.89632039797306062 -0.0033704467819495425 0.030812029670467558 -0.69317316157477249 0.35052739018979284 -0.41251098007866838 -3.0230775522149127 1.4758636660128834 0.21989162250705388
leaf_weight=6812 28 49 41 24 70 29 94 32 120 37 52 30 25 20 29 25 58 139 20 22 21 25 5480 1306 21 69 33 23 40 115
leaf_count=6812 28 49 41 24 70 29 94 32 120 37 52 30 25 20 29 25 58 139 20 22 21 25 5480 1306 21 69 33 23 40 115
internal_value=7.77553e-11 -0.000835532 -0.0189395 -0.468329 -0.0149787 -0.0186046 -0.0154604 -0.0218954 -0.315305 -0.0155288 0.526231 -0.0225005 -0.374369 -0.0181743 0.140439 0.371555 0.0173148 0.0127607 -0.489173 0.301613 0.131625 0.32047 0.0181787 0.0858131 0.526402 0.0413653 -0.471658 -1.48471 0.0852584 0.544013
internal_weight=14889 14861 7440 65 7375 7305 7276 7157 152 7005 89 6916 84 6832 59 119 7421 7304 78 117 95 74 7226 1746 160 1586 125 56 1461 155
internal_count=14889 14861 7440 65 7375 7305 7276 7157 152 7005 89 6916 84 6832 59 119 7421 7304 78 117 95 74 7226 1746 160 1586 125 56 1461 155
is_linear=0
shrinkage=0.05


Tree=143
num_leaves=31
num_cat=0
split_feature=1 0 5 2 2 1 5 6 5 5 1 8 1 1 0 5 5 1 6 4 3 2 2 0 6 6 0 6 4 3
split_gain=2107.52 1852.08 2888.27 1637.51 2356.73 17205.7 42844.9 7400.21 12357.7 8841.38 22668.5 6502.55 6409.56 6200.73 3322.96 2402.19 2288.57 5466.97 18122 9808.82 13541.3 6577.17 28503.2 8451.35 14180.3 7544.46 7394.06 17243 14854.5 13667.4
threshold=972.50000000000011 33.350000000000001 4.5000000000000009 20.500000000000004 35.500000000000007 840.50000000000011 14.500000000000002 617.50000000000011 82.500000000000014 56.500000000000007 575.50000000000011 4.5000000000000009 187.50000000000003 586.50000000000011 22.550000000000004 9.5000000000000018 44.500000000000007 457.50000000000006 617.50000000000011 329.50000000000006 49.500000000000007 38.500000000000007 40.500000000000007 16.850000000000005 652.50000000000011 366.50000000000006 19.950000000000003 787.50000000000011 428.50000000000006 83.500000000000014
decision_type=2 2 2 2 2 2 2 2 2 2 2 2 2 2 2 2 2 2 2 2 2 2 2 2 2 2 2 2 2 2
left_child=1 3 -3 -1 5 7 -7 9 11 13 12 14 -11 -5 -9 -13 -6 18 -18 20 -19 -21 -23 24 -24 -25 27 28 -27 -28
right_child=-2 2 -4 4 16 6 -8 8 -10 10 -12 15 -14 -15 -16 -17 17 19 -20 21 -22 22 23 25 -26 26 29 -29 -30 -31
leaf_value=0.33868059765015329 0.34953768617191983 -0.066128995155572509 0.34838856087224757 -0.043221320083395312 -0.01486960968209502 0.31201971287910757 -2.7661798930168153 0.0039096869248896838 1.2979470024108888 0.069252501907093186 -2.0179215708374976 -0.028791133117149859 -0.7174954298597116 0.85750637017190456 0.82547864047810438 -0.64430866954119315 0.0059671646353791725 1.430548380687833 -1.4667139655067807 0.76380260269556732 -0.20345806678136191 -1.5376058812494633 0.2462266963229261 0.95782230042892957 1.6922497272491457 -1.1735152863539182 0.050603470155220744 -1.4468822321891786 0.10501019570562575 0.78698552227106644
leaf_weight=35 43 76 94 428 8595 26 20 20 25 77 20 51 39 20 32 23 3971 32 21 35 21 27 88 23 21 26 726 25 180 69
leaf_count=35 43 76 94 428 8595 26 20 20 25 77 20 51 39 20 32 23 3971 32 21 35 21 27 88 23 21 26 726 25 180 69
internal_value=-4.52791e-11 -0.0010124 0.163075 -0.00291311 -0.00372971 -0.0882372 -1.02633 -0.0295268 0.282482 -0.1102 -0.463296 0.0810005 -0.195258 -0.00301026 0.509491 -0.220101 0.00103222 0.0269916 -0.00177991 0.117216 0.783112 0.088288 0.0683361 0.10578 0.524818 0.0622387 0.0421623 -0.206847 -0.0563571 0.114516
internal_weight=14889 14846 170 14676 14641 781 46 735 151 584 136 126 116 448 52 74 13860 5265 3992 1273 53 1220 1185 1158 109 1049 1026 231 206 795
internal_count=14889 14846 170 14676 14641 781 46 735 151 584 136 126 116 448 52 74 13860 5265 3992 1273 53 1220 1185 1158 109 1049 1026 231 206 795
is_linear=0
shrinkage=0.05


Tree=144
num_leaves=31
num_cat=0
split_feature=0 3 2 5 8 3 2 0 2 1 6 7 5 1 0 5 1 3 1 2 0 5 4 1 6 4 5 7 3 3
split_gain=2002.83 6139.72 3736.9 3645.71 2543.93 4329.83 2404.22 3774.06 1572.08 36070.1 8698.77 7087.31 15896.7 5478.37 4846.85 2711.98 8544.38 15914.5 8477.99 31660 7374.95 8145.7 6141.58 6095.32 16275.1 13094.4 15184.8 10044.1 8003.76 33404.5
threshold=29.450000000000003 60.500000000000007 22.500000000000004 8.5000000000000018 6.5000000000000009 4.5000000000000009 31.500000000000004 31.250000000000004 35.500000000000007 847.50000000000011 617.50000000000011 12.500000000000002 52.500000000000007 582.50000000000011 25.050000000000004 44.500000000000007 816.50000000000011 28.500000000000004 787.50000000000011 59.500000000000007 21.250000000000004 88.500000000000014 816.50000000000011 462.50000000000006 617.50000000000011 329.50000000000006 54.500000000000007 16.500000000000004 92.500000000000014 98.500000000000014
decision_type=2 2 2 2 2 2 2 2 2 2 2 2 2 2 2 2 2 2 2 2 2 2 2 2 2 2 2 2 2 2
left_child=8 2 -2 -4 5 6 -5 -8 9 10 13 14 -13 -1 -12 -10 18 20 23 -20 -18 -22 -19 24 -17 -25 -27 28 -28 -30
right_child=1 -3 3 4 -6 -7 7 -9 15 -11 11 12 -14 -15 -16 16 17 22 19 -21 21 -23 -24 25 -26 26 27 -29 29 -31
leaf_value=-0.056179823877165219 -0.56628976893424987 0.72943316336834074 -0.065970986451156538 0.63814572455982377 0.068158518098322546 0.91942886684251879 0.22559902791161926 -0.48608959835508597 -0.020814992797119396 -2.1204580959819612 0.44016219454817479 0.12859760857163333 1.7859807014465332 -0.75210486431916568 -0.66061561996117235 0.0022625953545263393 -0.6470054999545769 1.7521649837493898 -1.917331649363041 0.70862554365938368 0.049919694239416945 1.1593370406400589 0.58363179442557422 0.9455997961262862 -1.3933783025968642 0.41115202102591014 0.06477468671499316 -1.0809733587762584 -2.2302049016952519 0.22567929618888433
leaf_weight=493 25 33 458 24 804 23 98 23 7740 21 20 39 23 30 20 3950 27 23 24 22 78 21 22 48 21 255 436 23 20 45
leaf_count=493 25 33 458 24 804 23 98 23 7740 21 20 39 23 30 20 3950 27 23 24 22 78 21 22 48 21 255 436 23 20 45
internal_value=-3.67795e-10 0.0550335 0.0397378 0.0503327 0.105134 0.282089 0.180994 0.0903194 -0.00611072 -0.0822068 -0.0137216 0.408665 0.743433 -0.096099 -0.110227 -0.0022567 0.0263856 0.373745 0.0141234 -0.661439 0.0854815 0.285251 1.18088 0.0206002 -0.00511803 0.144091 0.0947043 -0.0592923 -0.0123888 -0.529977
internal_weight=14889 1488 1455 1430 972 168 145 121 13401 646 625 102 62 523 40 12755 5015 171 4844 46 126 99 45 4798 3971 827 779 524 501 65
internal_count=14889 1488 1455 1430 972 168 145 121 13401 646 625 102 62 523 40 12755 5015 171 4844 46 126 99 45 4798 3971 827 779 524 501 65
is_linear=0
shrinkage=0.05


Tree=145
num_leaves=31
num_cat=0
split_feature=4 0 6 1 1 1 1 4 1 6 6 1 2 7 8 4 8 5 0 3 3 5 2 6 6 8 5 4 6 6
split_gain=1953.85 1676.67 3667.95 2958.5 5447.39 3528.03 2921.19 6965.42 8725.33 4207.95 4135.55 3817.3 2502.13 4885.89 18434.9 5155.2 8506.33 7731.87 7476.27 4642.58 3224.38 2845.94 2838.68 2019.98 1804.2 23665.2 30047.1 3880.02 8918.23 26433
threshold=967.50000000000011 26.650000000000002 937.50000000000011 931.50000000000011 914.50000000000011 904.50000000000011 894.50000000000011 896.50000000000011 875.50000000000011 879.50000000000011 858.50000000000011 851.50000000000011 45.500000000000007 12.500000000000002 5.5000000000000009 781.50000000000011 5.5000000000000009 96.500000000000014 29.850000000000005 88.500000000000014 67.500000000000014 45.500000000000007 28.500000000000004 862.50000000000011 801.50000000000011 3.5000000000000004 43.500000000000007 650.50000000000011 640.50000000000011 652.50000000000011
decision_type=2 2 2 2 2 2 2 2 2 2 2 2 2 2 2 2 2 2 2 2 2 2 2 2 2 2 2 2 2 2
left_child=1 2 3 4 5 6 7 8 9 10 11 24 13 14 -3 16 17 -15 -17 20 -14 -18 -20 -9 27 -26 -27 28 -1 -30
right_child=-2 12 -4 -5 -6 -7 -8 23 -10 -11 -12 -13 19 15 -16 18 21 -19 22 -21 -22 -23 -24 -25 25 26 -28 -29 29 -31
leaf_value=-0.0083888307950491132 0.41728014275431635 -1.2158105932029064 -0.56172457784414298 0.55837060148301332 -0.74653639507293701 0.53384139637152361 -0.58468756838278335 0.24879723712801935 -0.92530679106712344 0.68252577375281942 -0.60597206806314408 0.52885900732468483 0.053391202012302408 1.3302299321211617 -0.058015553854854775 -1.0139290733770892 -0.021885401364559517 0.070467520895458408 0.53797715148422875 0.65419915448874244 -0.56888938915161857 0.50319720318976546 -0.13150989380910208 0.92917376756668091 0.85583505143544503 0.27503403070810678 -1.7539577604995835 0.1274390084973924 -1.7488654521004907 -0.088273883600165887
leaf_weight=10604 28 38 30 23 25 30 22 20 26 22 29 33 2386 29 361 22 154 21 20 32 21 31 76 24 35 37 36 507 29 138
leaf_count=10604 28 38 30 23 25 30 22 20 26 22 29 33 2386 29 361 22 154 21 20 32 21 31 76 24 35 37 36 507 29 138
internal_value=8.19082e-10 -0.000786208 -0.0095683 -0.00814522 -0.00926684 -0.0076768 -0.00908188 -0.00798454 -0.0103878 -0.00831384 -0.00964145 -0.00812699 0.0313313 -0.0484053 -0.168282 0.0870923 0.22249 0.80113 -0.182556 0.055916 0.0479621 0.0661014 0.00796657 0.619912 -0.00968334 -0.213074 -0.725565 -0.00773563 -0.0140984 -0.37664
internal_weight=14889 14861 11670 11640 11617 11592 11562 11540 11496 11470 11448 11419 3191 752 399 353 235 50 118 2439 2407 185 96 44 11386 108 73 11278 10771 167
internal_count=14889 14861 11670 11640 11617 11592 11562 11540 11496 11470 11448 11419 3191 752 399 353 235 50 118 2439 2407 185 96 44 11386 108 73 11278 10771 167
is_linear=0
shrinkage=0.05


Tree=146
num_leaves=31
num_cat=0
split_feature=1 4 0 5 0 8 1 0 3 3 2 6 5 4 1 4 2 3 6 6 5 6 5 0 6 6 6 1 4 1
split_gain=1915.24 1977.13 1818.94 2699.51 1796.52 3982.26 2163.81 1710.07 4638.33 5659.71 8113.02 3993.87 19239.4 43825.7 4261.09 4756.15 3778.73 3357.77 2416.97 4566.03 12948.8 16914.9 14443.1 11831.9 2859.47 6285.51 6172.94 6618.17 5824.09 5790.23
threshold=965.50000000000011 938.50000000000011 32.95000000000001 1.0000000180025095e-35 31.950000000000003 6.5000000000000009 894.50000000000011 29.450000000000003 45.500000000000007 26.500000000000004 59.500000000000007 931.50000000000011 12.500000000000002 896.50000000000011 919.50000000000011 900.50000000000011 51.500000000000007 2.5000000000000004 917.50000000000011 862.50000000000011 10.500000000000002 872.50000000000011 37.500000000000007 24.450000000000003 834.50000000000011 827.50000000000011 816.50000000000011 875.50000000000011 788.50000000000011 822.50000000000011
decision_type=2 2 2 2 2 2 2 2 2 2 2 2 2 2 2 2 2 2 2 2 2 2 2 2 2 2 2 2 2 2
left_child=2 -2 4 -4 7 -6 -7 11 9 17 -11 14 -13 -14 18 -16 -10 -9 19 24 -21 -22 23 -23 25 26 27 29 -26 -1
right_child=1 -3 3 -5 5 6 -8 8 16 10 -12 12 13 -15 15 -17 -18 -19 -20 20 21 22 -24 -25 28 -27 -28 -29 -30 -31
leaf_value=-0.0069968665860197501 0.59472542957023344 0.057850506014012273 -0.087166397742927074 0.29342731466229127 -0.68843102704733616 0.076024118118220949 -0.36562569039181259 0.015232689880857658 1.069548556804657 -1.1700985633808634 0.13111321210861207 0.51773790849579704 0.35386110621576128 -2.717189840191887 1.0559248969703912 0.030332520604133606 0.13897898296515149 0.23988797992186728 0.47578554153442387 0.45516783369912039 -1.7584790291993515 -1.8337339925765992 0.27172309345166601 -0.13445520344234649 0.96075575312842487 -0.74081380141192477 0.54511914539570905 -0.91489398539066313 0.055370631030736833 0.47352639956488496
leaf_weight=12792 27 47 75 123 30 96 39 772 20 23 25 36 26 21 20 26 24 212 26 45 23 20 56 21 23 29 51 20 78 63
leaf_count=12792 27 47 75 123 30 96 39 772 20 23 25 36 26 21 20 26 24 212 26 45 23 20 56 21 23 29 51 20 78 63
internal_value=-1.07066e-10 0.253737 -0.0012674 0.149263 -0.00330647 -0.167358 -0.0515636 -0.00143348 0.0592081 0.0377727 -0.492384 -0.00631164 -0.352073 -1.01831 -0.00415275 0.476242 0.561965 0.063634 -0.00582091 -0.00676803 -0.268147 -0.53939 -0.250327 -0.963372 -0.00346476 -0.00553085 -0.00388121 -0.00605589 0.261547 -0.00464191
internal_weight=14889 74 14815 198 14617 165 135 14452 1076 1032 48 13376 83 47 13293 46 44 984 13247 13221 165 120 97 41 13056 12955 12926 12875 101 12855
internal_count=14889 74 14815 198 14617 165 135 14452 1076 1032 48 13376 83 47 13293 46 44 984 13247 13221 165 120 97 41 13056 12955 12926 12875 101 12855
is_linear=0
shrinkage=0.05


Tree=147
num_leaves=31
num_cat=0
split_feature=4 4 3 6 6 5 2 0 0 0 7 7 4 2 0 4 6 0 6 0 0 3 6 5 3 5 1 1 8 4
split_gain=1818.08 6913.18 5877.46 2644.59 2454.89 2375.43 3445.52 3292.48 2360.91 1727.39 1491.21 4948.09 19395.8 26232.6 34048.1 19072.4 22343.7 11767.7 10718.1 6742.22 17357.9 18035.8 14909.7 13840 16725.7 7006.17 7320.91 6725.95 6228.65 5212.69
threshold=919.50000000000011 916.50000000000011 19.500000000000004 946.50000000000011 919.50000000000011 24.500000000000004 60.500000000000007 23.950000000000003 26.150000000000002 32.750000000000007 12.500000000000002 14.500000000000002 504.50000000000006 64.500000000000014 19.650000000000002 531.50000000000011 499.50000000000006 16.550000000000004 512.50000000000011 24.150000000000002 19.850000000000005 25.500000000000004 834.50000000000011 62.500000000000007 16.500000000000004 78.500000000000014 753.50000000000011 795.50000000000011 6.5000000000000009 637.50000000000011
decision_type=2 2 2 2 2 2 2 2 2 2 2 2 2 2 2 2 2 2 2 2 2 2 2 2 2 2 2 2 2 2
left_child=1 3 5 10 -4 7 -7 -2 -9 -10 -1 12 13 14 17 16 -14 -12 -19 20 22 -22 25 28 -25 26 -17 -23 -21 -27
right_child=2 -3 4 -5 -6 6 -8 8 9 -11 11 -13 15 -15 -16 19 -18 18 -20 23 21 27 -24 24 -26 29 -28 -29 -30 -31
leaf_value=-0.016495311551534178 0.70461308104651321 -0.88799247518181801 0.3029696605035237 0.42118885742651452 1.0769918644428254 0.10182931870222092 -0.72409405863803367 -0.4696338328719139 0.20953560395538809 -0.2479361809217013 0.57084078788757331 -0.0022672611966305582 0.025197204560041427 1.7503928754932714 1.5840774641402309 0.13122028098289484 -2.2169761227443816 -0.17950829640030863 -1.7467481783032419 0.6438260849851829 0.20929323726374172 0.96887635692954077 -1.2397792274301702 0.13466657638549803 -1.8631719892675225 0.15321463525295259 -0.73522956812561591 2.1355827425916991 -0.024893191781181559 1.2947809112071991
leaf_weight=8032 21 22 21 37 20 28 23 20 100 26 20 5589 25 40 31 153 20 24 20 39 69 30 22 20 22 20 29 21 325 20
leaf_count=8032 21 22 21 37 20 28 23 20 100 26 20 5589 25 40 31 153 20 24 20 39 69 30 22 20 22 20 29 21 325 20
internal_value=-4.33874e-10 -0.00232472 0.131315 -0.000990885 0.680541 0.0280205 -0.270646 0.11923 0.0350311 0.115137 -0.00206292 0.0156647 0.121161 0.676265 0.224001 0.0292116 -0.971324 -0.434787 -0.89189 0.0876845 0.243941 0.73629 0.00180251 -0.0524077 -0.91182 0.124842 -0.00684041 1.44928 0.0467553 0.723998
internal_weight=14889 14630 259 14608 41 218 51 167 146 126 14571 6539 950 135 95 815 45 64 44 770 364 120 244 406 42 222 182 51 364 40
internal_count=14889 14630 259 14608 41 218 51 167 146 126 14571 6539 950 135 95 815 45 64 44 770 364 120 244 406 42 222 182 51 364 40
is_linear=0
shrinkage=0.05


Tree=148
num_leaves=31
num_cat=0
split_feature=1 4 0 5 0 8 1 1 0 3 3 2 6 0 0 1 2 3 8 5 2 4 6 6 1 5 5 5 6 6
split_gain=1676.1 1801.55 1667.43 2384.47 1598.8 3533.49 1940.32 1675.27 1568.18 4181.2 5083.99 7228.63 3756.32 17966.5 5880.86 3817.01 3403.6 3007.51 1958.19 1686.33 1568.37 1564.32 1497.77 13431.4 5399.24 6025.62 18581.2 3098.14 2645.22 5895.42
threshold=965.50000000000011 938.50000000000011 32.95000000000001 1.0000000180025095e-35 31.950000000000003 6.5000000000000009 894.50000000000011 851.50000000000011 29.450000000000003 45.500000000000007 26.500000000000004 59.500000000000007 931.50000000000011 24.150000000000002 28.350000000000005 926.50000000000011 51.500000000000007 2.5000000000000004 8.5000000000000018 51.500000000000007 60.500000000000007 428.50000000000006 862.50000000000011 872.50000000000011 875.50000000000011 37.500000000000007 10.500000000000002 50.500000000000007 834.50000000000011 827.50000000000011
decision_type=2 2 2 2 2 2 2 2 2 2 2 2 2 2 2 2 2 2 2 2 2 2 2 2 2 2 2 2 2 2
left_child=2 -2 4 -4 8 -6 7 -7 12 10 17 -12 15 -14 -15 22 -11 18 19 -10 -20 -19 28 -24 27 26 -26 -25 29 -1
right_child=1 -3 3 -5 5 6 -8 -9 9 16 11 -13 13 14 -16 -17 -18 21 20 -21 -22 -23 23 24 25 -27 -28 -29 -30 -31
leaf_value=-0.0035540121138268443 0.56286224789089623 0.050381417984658096 -0.079266010520358879 0.27843073015139114 -0.64873417144020395 -0.038528404017289485 -0.3462250967820486 0.46672260470333554 0.023891019476469707 1.0157703399658204 -1.1058312561201011 0.12241274213790894 -1.6053684155146284 0.54326281651402963 -0.43269313744686805 0.54147423185640953 0.13259872471292813 -0.15246808578570684 -0.090870769111619842 0.31308153939518063 -0.57893511444330226 0.27619507653400938 -1.1167767417430878 0.67352306827043118 0.28252548011573586 0.2821961571310842 -1.3769855580022259 -0.048503266771634419 0.25172607054804813 -0.71725306711320225
leaf_weight=12927 27 47 75 123 30 75 39 21 604 20 23 25 21 33 29 32 24 24 93 55 20 188 30 39 37 43 31 24 101 29
leaf_count=12927 27 47 75 123 30 75 39 21 604 20 23 25 21 33 29 32 24 24 93 55 20 188 30 39 37 43 31 24 101 29
internal_value=2.75602e-10 0.237368 -0.00118564 0.14294 -0.00313794 -0.157899 -0.048824 0.0719953 -0.00137102 0.0567002 0.0363485 -0.466121 -0.00604242 -0.341363 0.0867673 -0.00394871 0.53404 0.0608592 0.0150518 0.0480268 -0.177254 0.227667 -0.00526487 -0.139699 0.0287623 -0.181069 -0.474016 0.398465 -0.00316449 -0.00515152
internal_weight=14889 74 14815 198 14617 165 135 96 14452 1076 1032 48 13376 83 62 13293 44 984 772 659 113 212 13261 204 174 111 68 63 13057 12956
internal_count=14889 74 14815 198 14617 165 135 96 14452 1076 1032 48 13376 83 62 13293 44 984 772 659 113 212 13261 204 174 111 68 63 13057 12956
is_linear=0
shrinkage=0.05


Tree=149
num_leaves=31
num_cat=0
split_feature=4 4 3 6 6 4 1 1 2 6 0 6 6 5 5 7 6 2 7 4 2 0 4 5 0 6 5 8 1 2
split_gain=1614.83 6237.33 5360.46 2362.25 2275.17 2808.67 2259.19 5044.37 4457.71 4315.91 3950.29 2439.75 2177.02 2017.12 1760.63 1461.14 7724.6 6468.07 4984.5 17049.7 23666.3 30754.4 17439 20887.4 10620.3 9673.12 7338.04 21744.3 7703.19 11996.7
threshold=919.50000000000011 916.50000000000011 19.500000000000004 934.50000000000011 928.50000000000011 908.50000000000011 948.50000000000011 958.50000000000011 58.500000000000007 922.50000000000011 29.350000000000005 890.50000000000011 919.50000000000011 36.500000000000007 4.5000000000000009 12.500000000000002 904.50000000000011 58.500000000000007 14.500000000000002 504.50000000000006 64.500000000000014 19.650000000000002 531.50000000000011 36.500000000000007 16.550000000000004 512.50000000000011 95.500000000000014 3.5000000000000004 564.50000000000011 67.500000000000014
decision_type=2 2 2 2 2 2 2 2 2 2 2 2 2 2 2 2 2 2 2 2 2 2 2 2 2 2 2 2 2 2
left_child=1 3 6 4 5 15 9 -8 14 11 -11 -2 -4 -5 -9 16 -1 -18 19 20 21 24 23 -21 -17 -26 28 -28 -24 -30
right_child=2 -3 12 13 -6 -7 7 8 -10 10 -12 -13 -14 -15 -16 18 17 -19 -20 22 -22 -23 26 -25 25 -27 27 -29 29 -31
leaf_value=-0.013179116220811922 0.23836638579765956 -0.84345290931788375 0.29271083218710764 -0.1480866661667824 -0.46091374843208882 0.4592482267455622 -0.79290479408658077 -0.07671340593585263 -0.6153579139709473 1.003462308103388 0.16156875847985872 -0.48020809521484709 1.0216124227270484 0.43972773952064692 0.44583805069327359 0.54247643411159518 -0.013418276840820909 -1.2309015780687333 -0.0022551717792157239 0.22952942865945045 1.6630509090423584 1.5058631846020301 0.5897529278768272 -1.929721390704314 -0.17035520846645039 -1.6592330270260573 0.66936750284263069 -1.5130714282989501 0.12463454454411547 -0.91931954827801943
leaf_weight=7965 21 22 21 20 27 33 23 27 20 22 38 27 20 54 40 20 20 24 5589 21 40 31 82 24 24 20 21 25 539 29
leaf_count=7965 21 22 21 20 27 33 23 27 20 22 38 27 20 54 40 20 20 24 5589 21 40 31 82 24 24 20 21 25 539 29
internal_value=-2.90242e-10 -0.00219093 0.123758 -0.000923971 -0.00235867 -0.00150522 0.0251108 -0.134379 0.0397138 0.187554 0.470263 -0.165832 0.648273 0.280859 0.235258 -0.00255572 -0.0168288 -0.6775 0.0151261 0.126021 0.642816 0.213243 0.0318681 -0.922071 -0.41287 -0.847118 0.0935452 -0.516741 0.136735 0.0713341
internal_weight=14889 14630 259 14608 14534 14507 218 110 87 108 60 48 41 74 67 14474 8009 44 6465 876 135 95 741 45 64 44 696 46 650 568
internal_count=14889 14630 259 14608 14534 14507 218 110 87 108 60 48 41 74 67 14474 8009 44 6465 876 135 95 741 45 64 44 696 46 650 568
is_linear=0
shrinkage=0.05


Tree=150
num_leaves=31
num_cat=0
split_feature=4 0 6 6 6 8 8 5 1 5 7 0 5 8 2 2 6 6 2 3 3 2 5 0 4 6 5 8 2 5
split_gain=1530.78 1404.47 5320.11 7752.46 4194.24 3918.23 6504.27 12681 18826.1 3545.46 8797.67 6375.15 2731.03 2256.07 12933.5 7286.33 2261.68 2095.35 2049.04 8375.32 5145.99 3958.09 3524.42 4459.86 2001.13 5409.02 6521.28 6486.31 13254.9 5583.53
threshold=967.50000000000011 25.050000000000004 928.50000000000011 911.50000000000011 901.50000000000011 3.5000000000000004 4.5000000000000009 74.500000000000014 590.50000000000011 88.500000000000014 15.500000000000002 26.450000000000003 25.500000000000004 9.5000000000000018 64.500000000000014 57.500000000000007 656.50000000000011 555.50000000000011 46.500000000000007 78.500000000000014 96.500000000000014 52.500000000000007 54.500000000000007 29.750000000000004 771.50000000000011 827.50000000000011 53.500000000000007 4.5000000000000009 54.500000000000007 40.500000000000007
decision_type=2 2 2 2 2 2 2 2 2 2 2 2 2 2 2 2 2 2 2 2 2 2 2 2 2 2 2 2 2 2
left_child=1 2 3 4 24 12 7 -7 -9 13 -11 -12 -3 18 15 16 -15 -17 19 22 21 -20 -8 -24 -1 26 29 28 -27 -26
right_child=-2 5 -4 -5 -6 6 9 8 -10 10 11 -13 -14 14 -16 17 -18 -19 20 -21 -22 -23 23 -25 25 27 -28 -29 -30 -31
leaf_value=-0.013519080564369524 0.36935045974595204 0.051150048822164541 -0.65462464727461345 0.87048382663726809 -0.67128059367338822 0.49463600956875348 -0.041272476226839973 0.02518490180373192 -1.9997544098984112 0.89157323695910284 -0.79502406135201464 0.46742914669215685 0.8350393536090851 -0.062154779443517327 -1.262172749379407 0.86451089332501097 -0.58829185824841257 0.17155822038650514 0.19659120058640839 -0.82469090286529423 0.64666970959731518 0.018673233222395051 -0.12291657107953842 0.7587065368890763 0.30182163882468432 0.30803897515419992 1.0319399058818817 0.25474710136390571 -1.0771020371180315 -0.43979195404437282
leaf_weight=9892 28 20 32 25 24 23 739 24 22 39 20 20 25 64 23 24 30 20 349 33 35 2997 26 32 140 31 25 57 39 31
leaf_count=9892 28 20 32 25 24 23 739 24 22 39 20 20 25 64 23 24 30 20 349 33 35 2997 26 32 140 31 25 57 39 31
internal_value=4.74778e-11 -0.000695903 -0.0109309 -0.00892406 -0.0110713 0.0223883 0.0177663 -0.463964 -0.943264 0.0252342 0.357208 -0.163797 0.486644 0.0192356 -0.164455 0.0184983 -0.230071 0.549532 0.0262586 -0.0441354 0.0435396 0.0372307 -0.0118163 0.363496 -0.00952011 0.11295 0.277653 -0.141238 -0.463682 0.167377
internal_weight=14889 14861 10296 10264 10239 4565 4520 69 46 4451 79 40 45 4372 161 138 94 44 4211 830 3381 3346 797 58 10215 323 196 127 70 171
internal_count=14889 14861 10296 10264 10239 4565 4520 69 46 4451 79 40 45 4372 161 138 94 44 4211 830 3381 3346 797 58 10215 323 196 127 70 171
is_linear=0
shrinkage=0.05


Tree=151
num_leaves=31
num_cat=0
split_feature=1 2 0 2 1 5 6 5 5 1 1 1 1 0 4 5 5 1 6 8 2 2 0 5 1 1 2 3 3 0
split_gain=1432.47 1400.17 1368.22 1810.46 13082.8 36046.7 5555.83 10506.2 7722.52 19615.7 5644.96 5490.1 7256.89 4984.52 2812.53 2064.8 1841.14 3830.2 13356.1 7398.01 10870 12441.9 12943.7 13165.1 10170.9 18126.5 14731.3 24589.9 14830.3 11563.7
threshold=972.50000000000011 20.500000000000004 33.650000000000013 35.500000000000007 840.50000000000011 14.500000000000002 617.50000000000011 70.500000000000014 56.500000000000007 575.50000000000011 586.50000000000011 187.50000000000003 430.50000000000006 27.450000000000003 726.50000000000011 31.500000000000004 44.500000000000007 457.50000000000006 617.50000000000011 6.5000000000000009 37.500000000000007 40.500000000000007 16.850000000000005 50.500000000000007 496.50000000000006 521.50000000000011 57.500000000000007 52.500000000000007 7.5000000000000009 17.750000000000004
decision_type=2 2 2 2 2 2 2 2 2 2 2 2 2 2 2 2 2 2 2 2 2 2 2 2 2 2 2 2 2 2
left_child=1 -1 3 4 6 -6 8 13 10 11 -3 -10 -13 15 -15 -8 -5 18 -18 20 -19 -22 -23 -24 -25 -26 28 29 -27 -28
right_child=-2 2 -4 16 5 -7 7 -9 9 -11 -12 12 -14 14 -16 -17 17 19 -20 -21 21 22 23 24 25 26 27 -29 -30 -31
leaf_value=0.31061124118665856 0.28817086358403049 -0.033575401790612552 0.15511058318712143 -0.013120696340625144 0.33255862969045458 -2.4908909295499324 0.11484377190787742 1.0179039465153918 0.071394397463504372 -1.8708548986911773 0.82566147558391101 -1.3264832085371019 0.0043161165146600637 -0.74893476044138274 0.0016702774088256636 0.71119903836931497 0.0069511554977391855 1.2685857518859533 -1.2573343394767671 -0.047734637581469383 -0.76942448861458734 0.68782725719324622 0.61050248817292929 0.71778387539916577 -1.1803314987350912 -0.12065670198763732 1.0078621330360571 -1.442991758717431 0.79877741234276889 -0.1658772221314693
leaf_weight=36 43 432 138 8615 26 20 47 34 77 20 20 20 21 24 26 21 3972 23 21 510 34 118 109 45 34 83 24 36 93 167
leaf_count=36 43 432 138 8615 26 20 47 34 77 20 20 20 21 24 26 21 3972 23 21 510 34 118 109 45 34 83 24 36 93 167
internal_value=2.05569e-10 -0.000834659 -0.00159172 -0.00306561 -0.0767904 -0.895028 -0.0260641 0.243491 -0.0955086 -0.42289 0.00444393 -0.177472 -0.644854 0.0203545 -0.35862 0.299012 0.00111871 0.0244006 0.000302021 0.0998127 0.198049 0.16491 0.209716 0.114256 0.00203379 -0.0716704 0.0218642 -0.244319 0.365181 -0.0183916
internal_weight=14889 14846 14810 14672 788 46 742 152 590 138 452 118 41 118 50 68 13884 5269 3993 1276 766 743 709 591 482 437 403 227 176 191
internal_count=14889 14846 14810 14672 788 46 742 152 590 138 452 118 41 118 50 68 13884 5269 3993 1276 766 743 709 591 482 437 403 227 176 191
is_linear=0
shrinkage=0.05


Tree=152
num_leaves=31
num_cat=0
split_feature=0 6 6 6 8 8 5 1 5 7 5 8 2 2 2 2 3 3 2 2 5 1 5 8 3 0 0 6 1 7
split_gain=1434.73 3849.42 6980.83 3435.25 3385.03 5676.85 11628.2 16609.2 3123.65 13190.8 2478.79 2087.23 11654.1 6607.67 2292.24 2201.58 11263.6 5295.66 3289.32 2583.92 3523.88 5214.9 3503.54 4697.34 3260.61 2752.3 2844.13 2653.24 3334.41 3085.39
threshold=25.050000000000004 928.50000000000011 911.50000000000011 901.50000000000011 3.5000000000000004 4.5000000000000009 74.500000000000014 590.50000000000011 96.500000000000014 15.500000000000002 30.500000000000004 9.5000000000000018 64.500000000000014 57.500000000000007 22.500000000000004 46.500000000000007 78.500000000000014 96.500000000000014 55.500000000000007 61.500000000000007 44.500000000000007 834.50000000000011 45.500000000000007 6.5000000000000009 5.5000000000000009 28.150000000000002 29.250000000000004 765.50000000000011 159.50000000000003 16.500000000000004
decision_type=2 2 2 2 2 2 2 2 2 2 2 2 2 2 2 2 2 2 2 2 2 2 2 2 2 2 2 2 2 2
left_child=1 2 3 -1 10 6 -6 -8 11 -10 -2 14 13 -13 -7 16 -16 18 -17 20 -20 24 -21 -24 -22 -26 -27 28 -25 -30
right_child=4 -3 -4 -5 5 8 7 -9 9 -11 -12 12 -14 -15 15 17 -18 -19 19 22 21 -23 23 27 25 26 -28 -29 29 -31
leaf_value=-0.0091783541905643886 0.058064655037153336 -0.5338319904463632 0.82592207717895505 -0.59600472831726081 0.48686129943184231 0.42475546962167654 0.019588668644428254 -1.8823941907760773 1.1678430072192487 -0.24812310206654825 0.80190718422333396 -0.21897930265503363 -1.1979490084492643 0.52343007702041755 -0.016020880224664268 0.14194391757641145 -1.073785616686711 0.64495683204796583 -0.002686517792202902 0.0026144019816560517 0.079804179595030722 -0.77793853643693422 0.64084506726927237 -0.0085333168707645499 0.085238306650093632 -1.0524053269624711 -0.25245021724700928 -0.20150241256981599 0.39532096333256583 0.00076570760616114441
leaf_weight=10216 21 35 25 25 23 36 24 22 29 38 24 94 23 44 786 595 26 36 524 1529 86 38 45 183 21 20 25 61 164 71
leaf_count=10216 21 35 25 25 23 36 24 22 29 38 24 94 23 44 786 595 26 36 524 1529 86 38 45 183 21 20 25 61 164 71
internal_value=3.35317e-11 -0.0103584 -0.00857375 -0.0106109 0.0232568 0.0189824 -0.431083 -0.890055 0.0259235 0.364758 0.454781 0.0207722 -0.155938 0.0177309 0.0274727 0.0240755 -0.0498902 0.0417506 0.0352916 0.0123576 -0.0695737 -0.254041 0.040852 0.152427 -0.123067 -0.387415 -0.607986 0.106542 0.151496 0.276115
internal_weight=14889 10301 10266 10241 4588 4543 69 46 4474 67 45 4407 161 138 4246 4210 812 3398 3362 2767 714 190 2053 524 152 66 45 479 418 235
internal_count=14889 10301 10266 10241 4588 4543 69 46 4474 67 45 4407 161 138 4246 4210 812 3398 3362 2767 714 190 2053 524 152 66 45 479 418 235
is_linear=0
shrinkage=0.05


end of trees

feature_importances:
nwp_radiation=881
shortwave_radiation=760
radiation_yesterday=724
temperature_2m=604
nwp_cloud=581
cloud_cover=369
relative_humidity_2m=363
month=223
hour=85

parameters:
[boosting: gbdt]
[objective: regression]
[metric: l1]
[tree_learner: serial]
[device_type: cpu]
[data_sample_strategy: bagging]
[data: ]
[valid: ]
[num_iterations: 153]
[learning_rate: 0.05]
[num_leaves: 31]
[num_threads: 2]
[seed: 0]
[deterministic: 1]
[force_col_wise: 1]
[force_row_wise: 0]
[histogram_pool_size: -1]
[max_depth: -1]
[min_data_in_leaf: 20]
[min_sum_hessian_in_leaf: 0.001]
[bagging_fraction: 1]
[pos_bagging_fraction: 1]
[neg_bagging_fraction: 1]
[bagging_freq: 0]
[bagging_seed: 7719]
[bagging_by_query: 0]
[feature_fraction: 1]
[feature_fraction_bynode: 1]
[feature_fraction_seed: 2437]
[extra_trees: 0]
[extra_seed: 11797]
[early_stopping_round: 0]
[early_stopping_min_delta: 0]
[first_metric_only: 0]
[max_delta_step: 0]
[lambda_l1: 0]
[lambda_l2: 0]
[linear_lambda: 0]
[min_gain_to_split: 0]
[drop_rate: 0.1]
[max_drop: 50]
[skip_drop: 0.5]
[xgboost_dart_mode: 0]
[uniform_drop: 0]
[drop_seed: 21238]
[top_rate: 0.2]
[other_rate: 0.1]
[min_data_per_group: 100]
[max_cat_threshold: 32]
[cat_l2: 10]
[cat_smooth: 10]
[max_cat_to_onehot: 4]
[top_k: 20]
[monotone_constraints: ]
[monotone_constraints_method: basic]
[monotone_penalty: 0]
[feature_contri: ]
[forcedsplits_filename: ]
[refit_decay_rate: 0.9]
[cegb_tradeoff: 1]
[cegb_penalty_split: 0]
[cegb_penalty_feature_lazy: ]
[cegb_penalty_feature_coupled: ]
[path_smooth: 0]
[interaction_constraints: ]
[verbosity: -1]
[saved_feature_importance_type: 0]
[use_quantized_grad: 0]
[num_grad_quant_bins: 4]
[quant_train_renew_leaf: 0]
[stochastic_rounding: 1]
[linear_tree: 0]
[max_bin: 255]
[max_bin_by_feature: ]
[min_data_in_bin: 3]
[bin_construct_sample_cnt: 200000]
[data_random_seed: 38]
[is_enable_sparse: 1]
[enable_bundle: 1]
[use_missing: 1]
[zero_as_missing: 0]
[feature_pre_filter: 1]
[pre_partition: 0]
[two_round: 0]
[header: 0]
[label_column: ]
[weight_column: ]
[group_column: ]
[ignore_column: ]
[categorical_feature: ]
[forcedbins_filename: ]
[precise_float_parser: 0]
[parser_config_file: ]
[objective_seed: 8855]
[num_class: 1]
[is_unbalance: 0]
[scale_pos_weight: 1]
[sigmoid: 1]
[boost_from_average: 1]
[reg_sqrt: 0]
[alpha: 0.9]
[fair_c: 1]
[poisson_max_delta_step: 0.7]
[tweedie_variance_power: 1.5]
[lambdarank_truncation_level: 30]
[lambdarank_norm: 1]
[label_gain: ]
[lambdarank_position_bias_regularization: 0]
[eval_at: ]
[multi_error_top_k: 1]
[auc_mu_weights: ]
[num_machines: 1]
[local_listen_port: 12400]
[time_out: 120]
[machine_list_filename: ]
[machines: ]
[gpu_platform_id: -1]
[gpu_device_id: -1]
[gpu_device_id_list: ]
[gpu_use_dp: 0]
[num_gpu: 1]

end of parameters

pandas_categorical:[]
