tree
version=v4
num_class=1
num_tree_per_iteration=1
label_index=0
max_feature_idx=8
objective=regression
feature_names=temperature_2m shortwave_radiation relative_humidity_2m cloud_cover nwp_radiation nwp_cloud radiation_yesterday hour month
feature_infos=[1.3999999999999999:36.5] [0:983] [16:99] [0:100] [0:978] [0:100] [0:983] [0:23] [1:12]
tree_sizes=2674 2696 2688 2681 2682 2683 2677 2678 2678 2669 2663 2678 2674 2665 2663 2666 2665 2663 2655 2656 2671 2654 2661 2665 2653 2654 2636 2667 2635 2650 2667 2666 2646 2656 2648 2650 2658 2634 2646 2638 2660 2650 2655 2656 2640 2657 2657 2652 2674 2669 2650 2667 2641 2654 2659 2654 2661 2672 2662 2651 2663 2680 2659 2661 2666 2657 2675 2660 2660 2662 2669 2685 2657 2703 2673 2689 2652 2682 2672 2683 2687 2679 2698 2655 2677 2661 2677 2669 2693 2698 2705 2689 2685 2694 2716 2706 2711 2689 2673 2694 2711 2703 2698 2699 2686 2704 2685 2724 2705 2701 2716 2694 2722 2691 2696 2708 2698 2704 2700 2689 2720 2722 2699 2708 2731 2705 2712 2722 2704 2715 2709 2728 2724 2746 2687 2702 2737

Tree=0
num_leaves=31
num_cat=0
split_feature=4 4 4 4 4 4 6 4 1 1 1 6 6 4 4 1 4 6 4 4 1 6 6 1 1 6 8 8 5 1
split_gain=7.29338e+08 7.19793e+07 4.37314e+07 1.11196e+07 7.83028e+06 2.89878e+06 2.03634e+06 2.02112e+06 1.37424e+06 1.31915e+06 1.21473e+06 961898 476812 430193 391954 369980 313303 296437 266414 190360 177074 148234 144981 142911 139838 136687 136319 123474 113397 112379
threshold=311.50000000000006 602.50000000000011 100.50000000000001 770.50000000000011 471.50000000000006 194.50000000000003 700.50000000000011 32.500000000000007 416.50000000000006 575.50000000000011 872.50000000000011 291.50000000000006 178.50000000000003 385.50000000000006 540.50000000000011 609.50000000000011 816.50000000000011 710.50000000000011 676.50000000000011 252.50000000000003 764.50000000000011 72.500000000000014 451.50000000000006 923.50000000000011 468.50000000000006 355.50000000000006 4.5000000000000009 4.5000000000000009 79.500000000000014 10.500000000000002
decision_type=2 2 2 2 2 2 2 2 2 2 2 2 2 2 2 2 2 2 2 2 2 2 2 2 2 2 2 2 2 2
left_child=2 4 7 6 8 12 18 29 13 14 16 19 -4 25 -6 22 26 -11 27 -7 -8 -9 -10 -12 -13 -2 -5 -3 -22 -1
right_child=1 3 5 10 9 11 20 21 15 17 23 24 -14 -15 -16 -17 -18 -19 -20 -21 28 -23 -24 -25 -26 -27 -28 -29 -30 -31
leaf_value=206.16705277883077 222.66977685976664 236.51292682204678 213.02907444488187 244.02985377667761 230.72838697261665 217.17663287791498 242.46486646029507 208.81732375437531 227.18202108360444 235.46616925809406 250.59206943634717 221.60245966408715 216.17315265399253 226.6826747503433 233.64652873495331 234.24168746537697 248.73912825987657 240.57159817966266 240.20935663795075 219.31486888225876 245.17085867584586 210.55676683045633 229.14574062085779 252.7045446082341 225.73640795812494 224.74026805086532 246.87632716196356 238.538306512996 241.21311603680553 207.22791974454816
leaf_weight=5289 163 151 316 67 319 288 253 348 167 255 187 185 195 191 180 28 187 32 133 163 131 189 215 140 23 156 113 150 21 262
leaf_count=5289 163 151 316 67 319 288 253 348 167 255 187 185 195 191 180 28 187 32 133 163 131 189 215 140 23 156 113 150 21 262
internal_value=217.006 236.735 208.202 244.598 229.67 217.055 240.725 206.5 226.539 233.334 249.28 219.247 214.229 224.806 231.781 228.694 247.306 236.035 238.346 217.949 243.275 209.43 228.287 251.496 222.06 223.682 245.817 237.522 244.624 206.217
internal_weight=10497 3239 7258 1533 1706 1170 839 6088 920 786 694 659 511 510 499 410 367 287 434 451 405 537 382 327 208 319 180 301 152 5551
internal_count=10497 3239 7258 1533 1706 1170 839 6088 920 786 694 659 511 510 499 410 367 287 434 451 405 537 382 327 208 319 180 301 152 5551
is_linear=0
shrinkage=1


Tree=1
num_leaves=31
num_cat=0
split_feature=4 4 4 4 4 4 6 4 1 1 1 6 6 4 4 1 4 6 4 6 4 0 6 1 6 4 1 1 6 0
split_gain=6.58227e+08 6.49613e+07 3.94676e+07 1.00506e+07 7.06682e+06 2.61615e+06 2.01978e+06 1.82732e+06 1.24146e+06 1.19986e+06 949268 868113 432428 378804 349979 342837 267045 225308 223205 204751 171800 153486 144616 126204 123989 119771 119159 117202 116887 107891
threshold=311.50000000000006 602.50000000000011 100.50000000000001 780.50000000000011 471.50000000000006 194.50000000000003 700.50000000000011 35.500000000000007 413.50000000000006 589.50000000000011 872.50000000000011 291.50000000000006 163.50000000000003 385.50000000000006 534.50000000000011 609.50000000000011 687.50000000000011 710.50000000000011 838.50000000000011 775.50000000000011 252.50000000000003 26.150000000000002 451.50000000000006 468.50000000000006 10.500000000000002 68.500000000000014 642.50000000000011 923.50000000000011 355.50000000000006 26.750000000000004
decision_type=2 2 2 2 2 2 2 2 2 2 2 2 2 2 2 2 2 2 2 2 2 2 2 2 2 2 2 2 2 2
left_child=2 4 7 6 8 12 16 24 13 14 18 20 -4 28 21 22 26 -11 -5 29 -7 -6 -10 -13 -1 -9 -3 -12 -2 -8
right_child=1 3 5 10 9 11 19 25 15 17 27 23 -14 -15 -16 -17 -18 -19 -20 -21 -22 -23 -24 -25 -26 -27 -28 -29 -30 -31
leaf_value=-10.297161877491011 5.3516044403455281 18.815242885314316 -4.0399443251681779 27.989612930896239 12.532303957702702 0.16182808892594444 23.115401036651047 -7.7297033686468133 9.6256897624763287 17.87596043377388 31.989079242748222 4.3663634018640263 -1.1289121055596971 9.1691994243197978 15.682085158663282 16.373629515511649 22.456082480170512 22.38704528808594 30.634417258692153 26.69003045102383 2.1931522954461036 15.176175120179082 11.532480346324832 8.2936143958050277 -9.2318532652325107 -6.1593012914657592 20.741378956815623 33.913344966343473 7.2881523110219195 25.102268112346692
leaf_weight=5291 161 194 265 204 242 288 108 309 185 205 182 185 246 180 236 28 110 32 131 141 163 71 215 23 288 200 137 140 151 186
leaf_count=5291 161 194 265 204 242 288 108 309 185 205 182 185 246 180 236 28 110 32 131 141 163 71 215 23 288 200 137 140 151 186
internal_value=3.44021e-08 18.7425 -8.36416 26.2124 12.0302 0.04643 22.7062 -9.98052 9.05573 15.5118 30.8872 2.12841 -2.63855 7.34263 14.2282 11.025 20.3218 18.4851 29.0238 25.1236 0.895987 13.132 10.6506 4.80063 -10.2422 -7.11265 19.6125 32.8257 6.28884 24.3724
internal_weight=10497 3239 7258 1533 1706 1170 876 6088 920 786 657 659 511 492 549 428 441 237 335 435 451 313 400 208 5579 509 331 322 312 294
internal_count=10497 3239 7258 1533 1706 1170 876 6088 920 786 657 659 511 492 549 428 441 237 335 435 451 313 400 208 5579 509 331 322 312 294
is_linear=0
shrinkage=0.05


Tree=2
num_leaves=31
num_cat=0
split_feature=4 4 4 4 4 4 4 1 1 6 1 1 1 4 4 6 1 1 4 4 6 5 4 1 6 4 0 1 1 4
split_gain=5.94093e+08 5.64109e+07 3.82636e+07 8.53048e+06 6.35836e+06 2.45806e+06 1.96852e+06 1.42344e+06 1.2443e+06 1.12825e+06 722462 634437 440375 409848 380327 375170 370729 245468 189403 172188 171721 135715 130301 122706 118662 112542 111783 107807 103635 94045.3
threshold=319.50000000000006 641.50000000000011 108.50000000000001 481.50000000000006 796.50000000000011 237.50000000000003 35.500000000000007 589.50000000000011 447.50000000000006 721.50000000000011 192.50000000000003 872.50000000000011 312.50000000000006 385.50000000000006 548.50000000000011 710.50000000000011 609.50000000000011 840.50000000000011 696.50000000000011 152.50000000000003 83.500000000000014 94.500000000000014 851.50000000000011 537.50000000000011 355.50000000000006 12.500000000000002 19.950000000000003 667.00000000000011 258.50000000000006 917.50000000000011
decision_type=2 2 2 2 2 2 2 2 2 2 2 2 2 2 2 2 2 2 2 2 2 2 2 2 2 2 2 2 2 2
left_child=2 3 6 8 9 10 25 14 13 18 19 22 -7 24 23 21 -10 26 -3 -4 -8 27 -6 -5 -2 -1 -11 -9 -12 -13
right_child=1 4 5 7 11 12 20 15 16 17 28 29 -14 -15 -16 -17 -18 -19 -20 -21 -22 -23 -24 -25 -26 -27 -28 -29 -30 -31
leaf_value=-9.7796096787416857 5.3696785381862098 19.68855617467095 -3.9586593467310855 12.437798933360888 27.172026253836499 2.1463256040366119 -7.1694943280564152 17.477257330322267 10.956492075178174 21.738366317749026 -0.29489892705004345 30.612974532609133 5.4217985954752734 9.0058009060399389 15.749850864497496 21.934656878880091 16.275313495945287 27.871414433693403 22.113701437469715 -1.8156497577718786 -5.235531192469451 14.562026568821498 29.449180385044645 14.670674003873552 7.3406617187318348 -8.7122780670990831 24.427761737330105 20.303694857083837 1.5943930712076697 32.403061262227723
leaf_weight=5320 140 204 190 230 175 277 388 250 286 44 258 194 163 317 219 56 37 49 133 185 163 35 98 84 168 259 317 39 101 118
leaf_count=5320 140 204 190 230 175 277 388 250 286 44 258 194 163 317 219 56 37 49 133 185 163 35 98 84 168 259 317 39 101 118
internal_value=2.04064e-08 17.9906 -7.86473 12.3681 25.8461 0.404765 -9.44848 15.8175 9.04596 22.789 -1.36661 29.7497 3.35974 7.74372 14.1506 18.1557 11.5658 24.5507 20.6457 -2.90144 -6.59738 17.5026 27.9895 13.0351 6.44476 -9.73006 24.1 17.8587 0.236629 31.29
internal_weight=10497 3193 7304 1861 1332 1174 6130 913 948 747 734 585 440 625 533 380 323 410 337 375 551 324 273 314 308 5579 361 289 359 312
internal_count=10497 3193 7304 1861 1332 1174 6130 913 948 747 734 585 440 625 533 380 323 410 337 375 551 324 273 314 308 5579 361 289 359 312
is_linear=0
shrinkage=0.05


Tree=3
num_leaves=31
num_cat=0
split_feature=4 4 4 4 4 6 4 6 1 4 6 4 6 4 4 1 6 4 1 4 8 6 8 1 1 1 4 1 8 4
split_gain=5.36169e+08 5.09276e+07 3.45329e+07 8.20484e+06 5.26641e+06 2.21893e+06 1.77659e+06 1.49349e+06 975080 912633 876987 562172 390711 295950 290381 259558 216204 193556 178967 176697 175862 154978 149048 129625 116071 110273 107130 105786 103928 102004
threshold=319.50000000000006 602.50000000000011 108.50000000000001 770.50000000000011 471.50000000000006 234.50000000000003 35.500000000000007 700.50000000000011 575.50000000000011 844.50000000000011 428.50000000000006 179.50000000000003 307.50000000000006 393.50000000000006 540.50000000000011 609.50000000000011 710.50000000000011 676.50000000000011 906.50000000000011 247.50000000000003 4.5000000000000009 83.500000000000014 4.5000000000000009 775.50000000000011 828.50000000000011 468.50000000000006 363.50000000000006 384.50000000000006 4.5000000000000009 10.500000000000002
decision_type=2 2 2 2 2 2 2 2 2 2 2 2 2 2 2 2 2 2 2 2 2 2 2 2 2 2 2 2 2 2
left_child=2 4 6 7 10 11 29 17 14 20 13 -4 -7 27 -6 26 -10 28 -11 -14 -5 -8 -9 -24 -22 -21 -12 -2 -3 -1
right_child=1 3 5 9 8 12 21 22 16 18 15 -13 19 -15 -16 -17 -18 -19 -20 25 24 -23 23 -25 -26 -27 -28 -29 -30 -31
leaf_value=-9.2927949397777247 5.4277608178301557 16.669456810351239 -3.0018858210377823 24.04876018963029 11.750921783365053 1.5485063140350646 -6.8110196211903373 20.865764753023782 15.828528375812605 28.258441264812763 7.9051835441589366 -0.069789151644374561 2.0454601182544141 8.5380038379465493 14.262651196585763 15.203468727111819 20.188645005226135 19.885841204707788 30.393040220199097 4.6531692663446451 25.122108026198401 -4.9737545836191241 22.435009250031214 24.745340855916343 27.63606322666384 8.5125671386718746 10.326997644573339 7.3277459608881106 18.527624664306639 -8.3152233666796711
leaf_weight=5298 205 151 331 113 319 279 388 102 255 208 55 323 64 206 180 25 32 133 186 156 81 163 219 84 106 21 269 114 150 281
leaf_count=5298 205 151 331 113 319 279 388 102 255 208 55 323 64 206 180 25 32 133 186 156 81 163 219 84 106 21 269 114 150 281
internal_value=-1.51408e-07 17.0911 -7.47149 23.662 11.0228 0.384527 -8.97605 20.3352 13.9925 27.684 8.35208 -1.55377 2.82231 7.06073 12.657 10.2947 16.3147 18.2973 29.2661 4.29696 25.6061 -6.26751 22.519 23.0755 26.5471 5.11106 9.91589 6.10675 17.5955 -9.24356
internal_weight=10497 3193 7304 1533 1660 1174 6130 839 786 694 874 654 520 525 499 349 287 434 394 241 300 551 405 303 187 177 324 319 301 5579
internal_count=10497 3193 7304 1533 1660 1174 6130 839 786 694 874 654 520 525 499 349 287 434 394 241 300 551 405 303 187 177 324 319 301 5579
is_linear=0
shrinkage=0.05


Tree=4
num_leaves=31
num_cat=0
split_feature=4 4 4 4 4 1 6 4 1 4 6 4 6 6 4 4 0 1 4 6 4 4 4 6 4 4 1 6 1 2
split_gain=4.83923e+08 4.78155e+07 2.90145e+07 7.60883e+06 5.06106e+06 1.9658e+06 1.40908e+06 1.34228e+06 1.07577e+06 823651 688824 608106 332260 290577 241192 236986 199119 195362 185031 162556 161901 152343 142098 134403 131509 117980 109823 90591.2 89959.4 74462.4
threshold=311.50000000000006 598.50000000000011 100.50000000000001 770.50000000000011 447.50000000000006 234.50000000000003 700.50000000000011 29.500000000000004 540.50000000000011 844.50000000000011 426.50000000000006 156.50000000000003 710.50000000000011 307.50000000000006 522.50000000000011 355.50000000000006 26.450000000000003 609.50000000000011 687.50000000000011 829.50000000000011 902.00000000000011 222.50000000000003 712.50000000000011 814.50000000000011 247.50000000000003 62.500000000000007 642.50000000000011 406.50000000000006 468.50000000000006 39.500000000000007
decision_type=2 2 2 2 2 2 2 2 2 2 2 2 2 2 2 2 2 2 2 2 2 2 2 2 2 2 2 2 2 2
left_child=2 4 7 6 10 11 18 -1 14 19 15 -4 16 -7 28 -2 -10 -12 26 -5 -11 -13 -8 -24 -15 -9 -3 -26 -6 -20
right_child=1 3 5 9 8 13 22 25 12 20 17 21 -14 24 -16 -17 -18 -19 29 -21 -22 -23 23 -25 27 -27 -28 -29 -30 -31
leaf_value=-8.7936547286084856 4.7679180261525484 16.048994194544278 -3.5216142432903177 23.362210376610918 9.613671244202239 1.4866553790644477 20.380173343546847 -6.8784076641132303 13.194248116515405 26.896806485250121 8.9823613807247273 -1.0769162431210157 19.363982873804432 2.0760697182939678 12.869765714696937 7.0104936419846773 15.476685449688933 14.126656498908998 16.6098783232949 25.731629274712237 28.936671936035157 1.0188458987257698 21.732391752735264 25.194839847449103 3.8736394303185602 -5.4180211713114588 17.864270959483633 6.5617112407684335 11.232139007206071 19.890100643958576
leaf_weight=5529 182 208 268 178 165 280 188 308 215 219 239 306 34 61 148 334 172 20 22 122 175 121 186 33 84 251 139 50 179 81
leaf_count=5529 182 208 268 178 165 280 188 308 215 219 239 306 34 61 148 334 172 20 22 122 175 121 186 33 84 251 139 50 179 81
internal_value=1.32591e-08 16.0705 -7.17171 22.4081 10.2472 0.0395952 19.2567 -8.55759 12.7696 26.2998 7.27559 -1.65475 14.625 2.51868 11.182 6.21951 14.2087 9.3796 17.3285 24.3258 27.8028 -0.483035 21.3885 22.2541 4.00057 -6.22267 16.7762 4.87665 10.4558 19.1895
internal_weight=10497 3239 7258 1551 1688 1170 857 6088 913 694 775 695 421 475 492 516 387 259 450 300 394 427 407 219 195 559 347 134 344 103
internal_count=10497 3239 7258 1551 1688 1170 857 6088 913 694 775 695 421 475 492 516 387 259 450 300 394 427 407 219 195 559 347 134 344 103
is_linear=0
shrinkage=0.05


Tree=5
num_leaves=31
num_cat=0
split_feature=4 4 4 4 4 6 6 4 1 1 1 4 6 4 4 6 6 4 4 6 4 8 1 4 6 1 4 8 4 4
split_gain=4.36795e+08 4.74269e+07 2.13627e+07 6.86808e+06 5.642e+06 1.40448e+06 1.37007e+06 1.09432e+06 979891 884530 657569 338621 299488 293166 226489 212407 193563 181608 159955 143991 143631 140435 138368 109673 100139 96744 95069.5 93959.8 91798.8 90934.8
threshold=291.50000000000006 598.50000000000011 95.500000000000014 780.50000000000011 447.50000000000006 700.50000000000011 190.50000000000003 27.500000000000004 589.50000000000011 406.50000000000006 854.50000000000011 522.50000000000011 284.50000000000006 350.50000000000006 134.50000000000003 538.50000000000011 710.50000000000011 676.50000000000011 712.50000000000011 850.00000000000011 885.50000000000011 4.5000000000000009 468.50000000000006 816.50000000000011 369.50000000000006 61.500000000000007 176.50000000000003 4.5000000000000009 233.50000000000003 201.50000000000003
decision_type=2 2 2 2 2 2 2 2 2 2 2 2 2 2 2 2 2 2 2 2 2 2 2 2 2 2 2 2 2 2
left_child=2 4 7 5 9 17 14 -1 11 13 23 22 28 24 -4 -11 21 27 -7 -20 -12 -10 -6 -5 -2 -9 -14 -3 -8 -16
right_child=1 3 6 10 8 18 12 25 16 15 20 -13 26 -15 29 -17 -18 -19 19 -21 -22 -23 -24 -25 -26 -27 -28 -29 -30 -31
leaf_value=-8.3588557395567928 3.3856126843905843 14.982379673719407 -3.9745506347213664 22.175196947792706 9.1329878200184211 19.361164410570836 -0.21962970128344775 -6.5966981480365199 12.425547293460731 7.9413849698460623 25.470972238127718 12.52851405774846 0.056155171138899666 6.3862420062336964 -2.1534788617547953 11.474968665959885 18.39578380584717 17.997320419209345 20.928363245621064 25.255100141252793 27.371260729023057 15.236423035404261 11.013893653253715 24.232997542161211 5.5549387820561726 -5.2632873376886904 3.2266429517614217 16.704093267355756 1.2729801239194176 0.12813108953562652
leaf_weight=5507 183 160 181 129 165 188 286 323 66 322 194 272 28 264 212 49 34 140 228 21 204 136 240 130 75 235 152 157 161 55
leaf_count=5507 183 160 181 129 165 188 286 323 66 322 194 272 28 264 212 49 34 140 228 21 204 136 240 130 75 235 152 157 161 55
internal_value=6.01503e-08 14.8748 -6.99363 21.2877 9.36727 18.4354 -0.49742 -8.14507 12.1311 6.54149 25.1689 11.164 1.01142 5.21486 -2.60912 8.40808 14.9055 16.4975 20.4621 21.2933 26.445 14.318 10.2476 23.2081 4.01623 -6.03514 2.73346 15.8351 0.317977 -1.68348
internal_weight=10497 3357 7140 1551 1806 894 1075 6065 913 893 657 677 627 522 448 371 236 457 437 249 398 202 405 259 258 558 180 317 447 267
internal_count=10497 3357 7140 1551 1806 894 1075 6065 913 893 657 677 627 522 448 371 236 457 437 249 398 202 405 259 258 558 180 317 447 267
is_linear=0
shrinkage=0.05


Tree=6
num_leaves=31
num_cat=0
split_feature=4 4 4 4 4 4 4 1 1 6 1 1 4 6 1 4 1 1 4 5 4 6 1 1 5 0 0 4 1 8
split_gain=3.94259e+08 3.67946e+07 2.62889e+07 5.43035e+06 4.23456e+06 1.79093e+06 1.30935e+06 950127 807361 745337 540679 444456 302186 287138 263670 255991 197923 165186 143700 129387 122420 106993 102530 97892 94796.6 93523.3 88980.9 85274.3 83645.5 82786.3
threshold=323.50000000000006 641.50000000000011 108.50000000000001 481.50000000000006 796.50000000000011 247.50000000000003 39.500000000000007 589.50000000000011 468.50000000000006 721.50000000000011 197.50000000000003 864.50000000000011 385.50000000000006 365.50000000000006 707.50000000000011 548.50000000000011 609.50000000000011 840.50000000000011 152.50000000000003 99.500000000000014 696.50000000000011 83.500000000000014 8.5000000000000018 384.50000000000006 93.500000000000014 26.350000000000005 16.250000000000004 885.50000000000011 923.50000000000011 4.5000000000000009
decision_type=2 2 2 2 2 2 2 2 2 2 2 2 2 2 2 2 2 2 2 2 2 2 2 2 2 2 2 2 2 2
left_child=2 3 6 8 9 10 22 15 12 20 18 27 23 26 19 25 -10 24 -4 -9 -3 -8 -1 -2 -11 -5 -7 -6 -13 -16
right_child=1 4 5 7 11 13 21 14 16 17 -12 28 -14 -15 29 -17 -18 -19 -20 -21 -22 -23 -24 -25 -26 -27 -28 -29 -30 -31
leaf_value=-7.9734962766178654 4.6946830032974161 16.05605484083587 -3.2949931954838223 10.177363076853375 22.304162893774304 1.0155390137120299 -5.7820281971766301 14.474214350972389 9.3764100280174851 19.836130053314839 0.33408468153762572 24.77036836026895 7.5123143703509605 5.3678614971637728 15.783861652497322 12.832579202521337 13.411518097089397 22.723555926887357 -1.3955074916665371 10.578656930508821 18.005765707690017 -4.2366608640167618 -7.0813204895998227 6.540614452932636 16.449179202860051 12.345060410038117 2.8392457420583321 25.189415925124596 26.370539065573713 19.332046944754467
leaf_weight=5266 186 204 191 252 219 95 358 291 195 339 378 198 390 100 31 219 36 49 208 23 133 163 343 117 22 62 226 29 139 35
leaf_count=5266 186 204 191 252 219 95 358 291 195 339 378 198 390 100 31 219 36 49 208 23 133 163 343 117 22 62 226 29 139 35
internal_value=4.51851e-08 14.7353 -6.37231 10.1476 21.0624 0.402009 -7.69623 12.8824 7.44532 18.5676 -1.02101 24.2481 6.59201 3.02834 14.7927 11.5205 10.0053 19.9995 -2.30479 14.1889 16.8255 -5.29854 -7.91894 5.40747 19.6297 10.6054 2.29952 22.6416 25.4304 17.6655
internal_weight=10497 3169 7328 1837 1332 1198 6130 913 924 747 777 585 693 421 380 533 231 410 399 314 337 521 5609 303 361 314 321 248 337 66
internal_count=10497 3169 7328 1837 1332 1198 6130 913 924 747 777 585 693 421 380 533 231 410 399 314 337 521 5609 303 361 314 321 248 337 66
is_linear=0
shrinkage=0.05


Tree=7
num_leaves=31
num_cat=0
split_feature=4 4 4 4 4 6 6 6 6 1 4 6 6 4 6 4 4 8 8 4 0 8 1 1 4 4 0 4 1 1
split_gain=3.55863e+08 3.8672e+07 1.7383e+07 5.60384e+06 4.59949e+06 1.11957e+06 1.03774e+06 895956 809019 725029 617210 253489 244412 231160 194107 188421 184854 142568 141483 134594 129159 124461 98818.4 89624.4 80985.4 80369.4 78571.1 78517.3 78004.7 77614.9
threshold=291.50000000000006 598.50000000000011 95.500000000000014 770.50000000000011 447.50000000000006 190.50000000000003 700.50000000000011 28.500000000000004 553.50000000000011 400.50000000000006 844.50000000000011 284.50000000000006 710.50000000000011 346.50000000000006 451.50000000000006 522.50000000000011 134.50000000000003 4.5000000000000009 4.5000000000000009 687.50000000000011 26.450000000000003 4.5000000000000009 775.50000000000011 642.50000000000011 59.500000000000007 907.50000000000011 17.450000000000003 176.50000000000003 828.50000000000011 609.50000000000011
decision_type=2 2 2 2 2 2 2 2 2 2 2 2 2 2 2 2 2 2 2 2 2 2 2 2 2 2 2 2 2 2
left_child=2 4 7 6 9 16 19 -1 15 13 18 -7 20 -2 -11 26 -4 -12 -5 23 -10 -8 -23 -3 -9 -19 -6 -13 -20 -16
right_child=1 3 5 10 8 11 21 24 12 14 17 27 -14 -15 29 -17 -18 25 28 -21 -22 22 -24 -25 -26 -27 -28 -29 -30 -31
leaf_value=-7.5440828680602694 3.4482214212938169 13.729807762457774 -3.5950760501853676 19.451196657028873 8.0756057765132692 0.27337928542135997 16.849577779724047 -5.9753033949719283 11.402002829597111 6.5348110358939211 21.775450369891001 0.062536289010729107 16.763090264456615 5.6268137484330403 8.3428808535273014 10.9882190376974 -1.5252764034360535 23.585309677124027 20.52389360592689 16.44498608783611 13.396665858311259 18.295036452654838 20.312234769548692 15.369675422915453 -4.7594728764722021 25.164052686299364 9.62092690656889 2.9438333035544737 22.58478835483767 11.525795069607822
leaf_weight=5510 229 208 181 113 129 447 104 309 168 234 68 28 35 260 148 197 267 180 81 103 157 219 84 139 246 146 227 152 106 22
leaf_count=5510 229 208 181 113 129 447 104 309 168 234 68 28 35 260 148 197 267 180 81 103 157 219 84 139 246 146 227 152 106 22
internal_value=2.47592e-08 13.4262 -6.31255 19.2171 8.45292 -0.452598 16.5125 -7.35121 10.9484 5.90154 22.5568 0.911346 12.7931 4.60657 7.46896 9.74753 -2.36151 23.858 20.848 14.8578 12.3656 18.342 18.8543 14.3867 -5.43639 24.2924 9.06097 2.49563 21.6921 8.75479
internal_weight=10497 3357 7140 1551 1806 1075 857 6065 913 893 694 627 360 489 404 553 448 394 300 450 325 407 303 347 555 326 356 180 187 170
internal_count=10497 3357 7140 1551 1806 1075 857 6065 913 893 694 627 360 489 404 553 448 394 300 450 325 407 303 347 555 326 356 180 187 170
is_linear=0
shrinkage=0.05


Tree=8
num_leaves=31
num_cat=0
split_feature=4 4 4 4 4 4 4 6 1 6 1 1 6 1 4 1 1 1 4 4 4 6 0 4 1 0 1 6 6 6
split_gain=3.21194e+08 2.99886e+07 2.13952e+07 4.42995e+06 3.4555e+06 1.48506e+06 1.06999e+06 781807 662163 606346 408568 365238 308060 268153 252256 164245 137009 108442 104252 101793 93095 91815.7 89913.9 89596.3 87511.5 86506.9 85310.1 81173.7 70262.3 66890.5
threshold=323.50000000000006 641.50000000000011 108.50000000000001 481.50000000000006 796.50000000000011 237.50000000000003 39.500000000000007 565.00000000000011 468.50000000000006 721.50000000000011 192.50000000000003 872.50000000000011 673.50000000000011 312.50000000000006 403.50000000000006 609.50000000000011 840.50000000000011 384.50000000000006 548.50000000000011 720.50000000000011 152.50000000000003 94.500000000000014 26.050000000000004 534.50000000000011 12.500000000000002 19.950000000000003 485.50000000000006 868.50000000000011 333.50000000000006 772.50000000000011
decision_type=2 2 2 2 2 2 2 2 2 2 2 2 2 2 2 2 2 2 2 2 2 2 2 2 2 2 2 2 2 2
left_child=2 3 6 8 9 10 24 18 14 19 20 27 22 -7 17 -10 25 -2 -5 -3 -4 -8 23 -9 -1 -11 -15 -6 -12 -14
right_child=1 4 5 7 11 13 21 12 15 16 28 -13 29 26 -16 -17 -18 -19 -20 -21 -22 -23 -24 -25 -26 -27 -28 -29 -30 -31
leaf_value=-7.1937471048493267 4.4112740724214481 14.690378131641177 -2.9715139240967599 9.5384692722279247 20.121164814485326 1.6212683805300481 -5.1199021529225472 9.3107872088750199 8.4630696828548722 15.635616487806494 -0.07847612170895446 23.058475083571214 14.797768526192172 3.7034232184946911 7.0930193927336509 12.138885922895538 20.530769270293568 6.0446243709133523 11.108520982139989 16.707296973538686 -1.3957681080779514 -3.4880320301843351 13.104538904694079 12.127135882672377 -6.3075711542246298 18.001497960617112 7.1682631969451904 22.270723405317828 2.1693940948217345 17.898730936917392
leaf_weight=5315 224 254 190 277 218 285 412 36 195 44 320 312 83 159 283 36 49 186 171 83 185 109 193 131 294 317 20 55 39 22
leaf_count=5315 224 254 190 277 218 285 412 36 195 44 320 312 83 159 283 36 49 186 171 83 185 109 193 131 294 317 20 55 39 22
internal_value=2.36181e-08 13.3 -5.75161 9.15828 19.0121 0.359733 -6.94597 11.6284 6.71758 16.7584 -1.03993 21.8898 13.0645 2.57386 5.94481 9.03592 18.0499 5.15226 10.1378 15.1871 -2.19415 -4.77849 12.3695 11.52 -7.1473 17.7131 4.09056 20.5542 0.165721 15.4475
internal_weight=10497 3169 7328 1837 1332 1198 6130 913 924 747 734 585 465 464 693 231 410 410 448 337 375 521 360 167 5609 361 179 273 359 105
internal_count=10497 3169 7328 1837 1332 1198 6130 913 924 747 734 585 465 464 693 231 410 410 448 337 375 521 360 167 5609 361 179 273 359 105
is_linear=0
shrinkage=0.05


Tree=9
num_leaves=31
num_cat=0
split_feature=4 4 4 4 4 4 6 1 1 6 4 1 4 1 6 4 8 8 1 1 8 1 1 6 4 4 1 2 8 1
split_gain=2.8992e+08 3.15398e+07 1.4145e+07 4.56722e+06 3.74298e+06 934724 843318 733015 663655 607107 512086 298471 266387 202297 147560 146613 146323 127917 114650 110828 105206 94454.1 93478.1 86680.9 79875.4 76542.8 76175.5 74854.6 71352.8 70810.7
threshold=291.50000000000006 598.50000000000011 95.500000000000014 770.50000000000011 447.50000000000006 176.50000000000003 700.50000000000011 25.500000000000004 540.50000000000011 426.50000000000006 851.50000000000011 275.50000000000006 331.50000000000006 772.50000000000011 149.50000000000003 531.50000000000011 4.5000000000000009 4.5000000000000009 621.50000000000011 673.50000000000011 4.5000000000000009 910.50000000000011 609.50000000000011 783.50000000000011 641.50000000000011 222.50000000000003 61.500000000000007 47.500000000000007 9.5000000000000018 821.50000000000011
decision_type=2 2 2 2 2 2 2 2 2 2 2 2 2 2 2 2 2 2 2 2 2 2 2 2 2 2 2 2 2 2
left_child=2 4 7 6 9 14 19 -1 15 12 16 25 -2 17 -4 -6 -5 -10 28 24 -8 -12 -11 -22 -3 -7 -9 -21 -19 -18
right_child=1 3 5 10 8 11 20 26 13 22 21 -13 -14 -15 -16 -17 29 18 -20 27 23 -23 -24 -25 -26 -27 -28 -29 -30 -31
leaf_value=-6.8139447110275944 2.9086758478163439 12.168407372439781 -3.1587812882330684 17.579686596723107 8.1142018360327626 -0.46509047690483318 15.1837108199413 -5.4221396826595241 9.8716308203765326 6.9918926097539611 20.93806192407656 2.568259956683332 5.1519931418949518 16.243455018997192 -1.2883165936012873 10.071749546344464 18.580910129547117 11.759191269842571 13.727502280787418 13.019415931701662 16.54177734182592 22.564172264381693 10.387748518857089 18.501321380615234 13.710676275297653 0.79639240704152892 -4.2585500934455967 15.704054296338882 9.6519415699351931 20.471565446120042
leaf_weight=5482 193 164 216 123 362 252 104 346 140 257 199 171 421 20 206 130 80 149 57 40 228 162 22 75 172 230 237 74 55 130
leaf_count=5482 193 164 216 123 362 252 104 346 140 257 199 171 421 20 206 130 80 149 57 40 228 162 22 75 172 230 237 74 55 130
internal_value=-1.31171e-07 12.1185 -5.69775 17.3482 7.62725 -0.411674 14.9066 -6.63469 9.87843 5.32566 20.3633 0.773568 4.44685 11.3357 -2.24571 8.63144 18.9492 11.091 11.745 13.415 16.5558 21.6678 7.25967 17.0268 12.9579 0.136862 -4.94912 14.7621 11.1911 19.7513
internal_weight=10497 3357 7140 1551 1806 1075 857 6065 913 893 694 653 614 421 422 492 333 401 261 450 407 361 279 303 336 482 583 114 204 210
internal_count=10497 3357 7140 1551 1806 1075 857 6065 913 893 694 653 614 421 422 492 333 401 261 450 407 361 279 303 336 482 583 114 204 210
is_linear=0
shrinkage=0.05


Tree=10
num_leaves=31
num_cat=0
split_feature=4 4 4 4 4 6 6 4 6 6 4 4 6 4 1 6 4 8 8 0 4 8 1 4 8 3 0 5 6 0
split_gain=2.61653e+08 2.84646e+07 1.27658e+07 4.12191e+06 3.37804e+06 846240 761094 663838 599666 559771 462468 196749 191064 163022 159625 148151 139069 114608 109396 102756 101708 94948.4 78783.6 76497.7 74193.6 70438 110027 69059.8 99030.8 68329.5
threshold=291.50000000000006 598.50000000000011 95.500000000000014 770.50000000000011 447.50000000000006 207.50000000000003 700.50000000000011 23.500000000000004 553.50000000000011 380.50000000000006 844.50000000000011 156.50000000000003 742.50000000000011 350.50000000000006 479.50000000000006 284.50000000000006 522.50000000000011 4.5000000000000009 4.5000000000000009 26.450000000000003 676.50000000000011 4.5000000000000009 775.50000000000011 57.500000000000007 4.5000000000000009 25.500000000000004 18.950000000000003 99.500000000000014 403.50000000000006 17.450000000000003
decision_type=2 2 2 2 2 2 2 2 2 2 2 2 2 2 2 2 2 2 2 2 2 2 2 2 2 2 2 2 2 2
left_child=2 4 7 6 9 11 20 -1 16 13 18 -4 19 -2 -11 -7 29 -12 -5 -10 24 -8 -23 -9 -3 26 -16 28 -17 -6
right_child=1 3 5 10 8 15 21 23 12 14 17 -13 -14 -15 25 27 -18 -19 -20 -21 -22 22 -24 -25 -26 -27 -28 -29 -30 -31
leaf_value=-6.4777192304560876 2.6654706915651545 11.499585118293764 -2.7274788583568537 16.637724924615 6.8418798620386641 0.41590623969709911 14.424525296688081 -5.2390116962455444 9.8424178351732827 5.6736990307316644 18.604266581815832 -0.80242482078386335 15.487665774605492 4.7322159936872579 5.0259545702683299 2.2546800023033504 9.4165080975760063 20.860902119267937 18.608200970818014 11.587507372137942 13.90471334152652 15.676146272001745 17.47728686559768 -4.111399066932087 13.029519833121331 9.5580232469659112 8.8564663655049092 1.0246632759508334 6.1695482921600346 8.2829707952322931
leaf_weight=5456 207 160 278 113 129 363 104 338 176 396 68 254 22 177 38 84 197 326 187 162 133 219 84 271 157 38 37 76 20 227
leaf_count=5456 207 160 278 113 129 363 104 338 176 396 68 254 22 177 38 84 197 326 187 162 133 219 84 271 157 38 37 76 20 227
internal_value=3.51324e-09 11.5126 -5.41286 16.4808 7.24589 -0.391091 14.1613 -6.30295 9.38451 5.05937 19.3452 -1.80837 10.9727 3.61811 6.14669 0.997482 8.35061 20.4714 17.866 10.6788 12.7442 15.7281 16.1755 -4.73723 12.2573 7.80425 6.91567 2.17032 3.00754 7.76078
internal_weight=10497 3357 7140 1551 1806 1075 857 6065 913 893 694 532 360 384 509 543 553 394 300 338 450 407 303 609 317 113 75 180 104 356
internal_count=10497 3357 7140 1551 1806 1075 857 6065 913 893 694 532 360 384 509 543 553 394 300 338 450 407 303 609 317 113 75 180 104 356
is_linear=0
shrinkage=0.05


Tree=11
num_leaves=31
num_cat=0
split_feature=4 4 6 4 4 4 4 1 1 6 1 1 4 1 1 4 4 1 5 6 5 4 4 4 5 1 1 0 0 4
split_gain=2.36168e+08 2.20695e+07 1.57476e+07 3.17236e+06 2.65263e+06 1.1409e+06 759889 579410 501561 484819 338818 280478 200107 178639 161921 146968 138578 130301 102397 158486 84603.8 83161.8 76620.2 75061.3 74392.2 81600.8 72660.4 70879.1 64884.9 62582.1
threshold=323.50000000000006 636.50000000000011 104.50000000000001 481.50000000000006 796.50000000000011 247.50000000000003 42.500000000000007 589.50000000000011 468.50000000000006 738.50000000000011 192.50000000000003 850.00000000000011 385.50000000000006 312.50000000000006 756.50000000000011 548.50000000000011 696.50000000000011 609.50000000000011 94.500000000000014 857.50000000000011 67.500000000000014 912.50000000000011 6.5000000000000009 129.50000000000003 94.500000000000014 639.50000000000011 472.50000000000006 26.250000000000004 26.350000000000005 134.50000000000003
decision_type=2 2 2 2 2 2 2 2 2 2 2 2 2 2 2 2 2 2 2 2 2 2 2 2 2 2 2 2 2 2
left_child=2 3 6 8 9 10 22 15 12 16 29 -6 27 -7 24 28 -3 -10 19 -11 -18 -13 -1 -8 25 -9 -15 -2 -5 -4
right_child=1 4 5 7 11 13 23 14 17 18 -12 21 -14 26 -16 -17 20 -19 -20 -21 -22 -23 -24 -25 -26 -27 -28 -29 -30 -31
leaf_value=-6.1753598044151072 3.6625274651916699 12.327016711857009 -2.7051324456313566 7.8245736431980895 17.219841358451646 1.542887256373235 -4.2301514434814456 10.776734076564511 7.2606344028008296 15.53143529040473 0.18891881244321962 18.999478297424314 5.8295067880245357 3.2613168997367228 14.797582558248983 9.8825858048989748 14.552367928587362 10.534657544559904 12.645387649536133 19.137126967486214 11.105473165512086 20.514645955260374 -5.449793026819254 -1.6488635527094209 9.0120854004009345 12.510339480808803 6.4015476067860924 5.4043854580649855 9.6301282451998809 -1.3915458761956083
leaf_weight=5241 224 230 145 252 193 246 460 192 195 294 402 250 390 150 33 213 162 36 26 34 20 142 391 30 37 105 21 79 62 242
leaf_count=5241 224 230 145 252 193 246 460 192 195 294 402 250 390 150 33 213 162 36 26 34 20 142 391 30 37 105 21 79 62 242
internal_value=7.91223e-08 11.4046 -4.93192 7.80763 16.2449 0.290321 -5.96068 9.93103 5.75317 14.3087 -0.827697 18.7801 5.08061 2.40571 11.4564 8.86879 13.1427 7.77087 15.6658 15.9052 14.1736 19.5483 -6.12499 -4.07211 11.1262 11.3896 3.64696 4.11668 8.18108 -1.88372
internal_weight=10497 3169 7328 1818 1351 1206 6122 894 924 766 789 585 693 417 367 527 412 231 354 328 182 392 5632 490 334 297 171 303 314 387
internal_count=10497 3169 7328 1818 1351 1206 6122 894 924 766 789 585 693 417 367 527 412 231 354 328 182 392 5632 490 334 297 171 303 314 387
is_linear=0
shrinkage=0.05


Tree=12
num_leaves=31
num_cat=0
split_feature=4 4 4 4 4 4 6 1 6 6 1 1 4 6 0 6 6 6 4 4 1 4 1 5 5 6 4 8 4 1
split_gain=2.13155e+08 2.32065e+07 1.04048e+07 3.36276e+06 2.7569e+06 759336 702823 667690 490831 372735 333467 232249 159763 157947 133395 130158 119466 99184.6 88452.7 88350.6 87653.6 83566.7 73846.3 63071.2 60645.4 64731.1 60311 59808.4 59100.9 57950.8
threshold=291.50000000000006 598.50000000000011 92.500000000000014 780.50000000000011 423.50000000000006 176.50000000000003 681.50000000000011 542.50000000000011 22.500000000000004 384.50000000000006 872.50000000000011 275.50000000000006 531.50000000000011 710.50000000000011 19.550000000000004 764.50000000000011 149.50000000000003 436.50000000000006 331.50000000000006 816.50000000000011 621.50000000000011 687.50000000000011 472.50000000000006 88.500000000000014 93.500000000000014 850.00000000000011 222.50000000000003 4.5000000000000009 355.50000000000006 923.50000000000011
decision_type=2 2 2 2 2 2 2 2 2 2 2 2 2 2 2 2 2 2 2 2 2 2 2 2 2 2 2 2 2 2
left_child=2 4 8 6 9 16 21 12 -1 18 19 26 22 14 -9 23 -4 -11 -2 -5 -16 27 -6 -8 25 -17 -7 -3 -19 -12
right_child=1 3 5 10 7 11 15 13 -10 17 29 -13 -14 -15 20 24 -18 28 -20 -21 -22 -23 -24 -25 -26 -27 -28 -29 -30 -31
leaf_value=-5.846853242167021 2.2566839661697546 10.289929628659443 -2.7744966639356412 15.575654858713216 6.2086971918741867 -0.4169643598808242 13.723931982705919 7.8974887792386257 -4.3275408267165281 4.6084759799629884 18.153432259192837 2.26214189909355 8.6681786910347309 12.95629462514605 9.4983564640994356 15.107143276649834 -1.1313477939681003 4.9587736213207245 3.8020672593354052 17.210759338338107 11.52695071260694 12.700086812085885 7.4499978493792671 11.192704532764576 12.562668113708497 18.072303808303108 0.70280239844775716 11.674804934028055 6.9004429302384374 19.506526622772217
leaf_weight=5454 165 166 235 148 279 252 278 102 589 209 182 171 138 35 213 149 209 60 211 187 71 86 210 27 20 21 230 147 113 140
leaf_count=5454 165 166 235 148 279 252 278 102 589 209 182 171 138 35 213 149 209 60 211 187 71 86 210 27 20 21 230 147 113 140
internal_value=-7.58592e-08 10.391 -4.88554 14.877 6.53851 -0.405709 12.8811 8.19992 -5.69877 4.24147 17.5928 0.679013 7.16577 9.74009 9.44846 14.1398 -2.00103 5.34149 3.12391 16.4884 10.0055 11.3196 6.74177 13.4999 15.167 15.4734 0.117364 10.9403 6.22703 18.7417
internal_weight=10497 3357 7140 1551 1806 1097 894 1048 6043 758 657 653 627 421 386 495 444 382 376 335 284 399 489 305 190 170 482 313 173 322
internal_count=10497 3357 7140 1551 1806 1097 894 1048 6043 758 657 653 627 421 386 495 444 382 376 335 284 399 489 305 190 170 482 313 173 322
is_linear=0
shrinkage=0.05


Tree=13
num_leaves=31
num_cat=0
split_feature=4 4 6 4 4 4 6 4 6 1 4 6 6 4 6 1 8 1 6 5 0 4 8 8 6 5 4 4 3 4
split_gain=1.92373e+08 2.09438e+07 9.39207e+06 3.03506e+06 2.49652e+06 614933 568536 535273 447685 425661 353446 152147 147506 126380 121932 111340 108224 102788 102287 84336.1 76362.1 76042.4 74561.9 95692.7 74984.4 72256.6 72152.5 62274 57290.3 56458.4
threshold=291.50000000000006 598.50000000000011 104.50000000000001 770.50000000000011 447.50000000000006 42.500000000000007 681.50000000000011 194.50000000000003 553.50000000000011 400.50000000000006 851.50000000000011 284.50000000000006 742.50000000000011 346.50000000000006 538.50000000000011 192.50000000000003 4.5000000000000009 503.50000000000006 745.50000000000011 96.500000000000014 19.950000000000003 687.50000000000011 2.5000000000000004 9.5000000000000018 646.50000000000011 88.500000000000014 917.50000000000011 6.5000000000000009 25.500000000000004 129.50000000000003
decision_type=2 2 2 2 2 2 2 2 2 2 2 2 2 2 2 2 2 2 2 2 2 2 2 2 2 2 2 2 2 2
left_child=2 4 5 6 9 27 21 15 17 13 16 -9 19 -2 -11 -4 -5 -6 25 22 -20 -3 -10 24 -24 -8 -12 -1 -16 -7
right_child=1 3 7 10 8 29 18 11 12 14 26 -13 -14 -15 28 -17 -18 -19 20 -21 -22 -23 23 -25 -26 -27 -28 -29 -30 -31
leaf_value=-5.57424934560437 2.4831602197286866 10.393317607416513 -1.9110190633091486 14.238343045769668 6.5900760911291165 -3.8152761942407363 12.805652418394345 0.38986337406977861 6.8489047088623058 5.2101572976691628 17.150787823394648 2.304411493675083 13.389427115700464 4.0940281852850546 6.3276620758904354 -0.27788221870401969 16.105979105631512 7.9767532681996842 11.307213608920575 7.0674284617106125 14.268669097443931 12.112141557387364 9.7363006790691529 7.6775323073069259 12.228230921427411 9.6420277500152594 18.628419852256776 -4.92012642082351 9.764946634119207 -1.5406466096639635
leaf_weight=5241 229 313 333 123 327 460 185 393 25 355 233 141 22 260 27 152 210 226 24 42 234 81 187 48 36 20 128 391 22 29
leaf_count=5241 229 313 333 123 327 460 185 393 25 355 233 141 22 260 27 152 210 226 24 42 234 81 187 48 36 20 128 391 22 29
internal_value=-4.31179e-08 9.87149 -4.64126 14.1331 6.21158 -5.38117 12.1427 -0.196731 8.05011 4.33188 16.591 0.89539 9.42236 3.33965 5.53288 -1.39919 15.4161 7.15678 13.3307 9.16414 13.9932 10.7467 9.46165 9.70268 10.1386 12.497 17.6747 -5.52884 7.87093 -3.68038
internal_weight=10497 3357 7140 1551 1806 6121 857 1019 913 893 694 534 360 489 404 485 333 553 463 338 258 394 296 271 223 205 361 5632 49 489
internal_count=10497 3357 7140 1551 1806 6121 857 1019 913 893 694 534 360 489 404 485 333 553 463 338 258 394 296 271 223 205 361 5632 49 489
is_linear=0
shrinkage=0.05


Tree=14
num_leaves=31
num_cat=0
split_feature=4 4 6 4 4 4 4 1 6 6 1 6 1 1 5 4 4 4 4 1 4 0 4 2 0 1 0 4 5 1
split_gain=1.73638e+08 1.59658e+07 1.19802e+07 2.32776e+06 1.90678e+06 826208 660089 433284 421189 356617 207804 146114 137217 136169 129060 149219 122836 120843 116190 104551 78997.6 76080.8 71411.1 67806.4 65956.2 65096 62548 62309.4 53945.9 58339.1
threshold=327.50000000000006 641.50000000000011 113.50000000000001 481.50000000000006 816.50000000000011 247.50000000000003 44.500000000000007 589.50000000000011 753.50000000000011 443.50000000000006 192.50000000000003 321.50000000000006 609.50000000000011 756.50000000000011 82.500000000000014 703.50000000000011 885.50000000000011 548.50000000000011 408.50000000000006 840.50000000000011 148.50000000000003 19.950000000000003 350.50000000000006 49.500000000000007 24.750000000000004 472.50000000000006 26.250000000000004 6.5000000000000009 99.500000000000014 639.50000000000011
decision_type=2 2 2 2 2 2 2 2 2 2 2 2 2 2 2 2 2 2 2 2 2 2 2 2 2 2 2 2 2 2
left_child=2 3 6 9 8 10 27 17 14 18 -4 -7 22 28 15 -3 24 -5 26 21 -8 -10 -11 -24 -6 -13 -2 -1 29 -9
right_child=1 4 5 7 16 11 20 13 19 12 -12 25 -14 -15 -16 -17 -18 -19 -20 -21 -22 -23 23 -25 -26 -27 -28 -29 -30 -31
leaf_value=-5.2955368822254636 3.2589128633416617 10.925669163540318 -1.503549340077809 7.0081911460609199 14.596392589876022 1.3519352254855868 -3.5207433438251314 9.2309674413071061 10.887378277097431 3.1071735166368031 0.1637400394849052 2.8387899541503687 9.269476604461671 12.81826737540109 8.5568262661204617 12.80297682912726 17.314833749677032 8.5384221870605259 5.1791438832427517 15.490253729290433 -0.83328352817173679 13.623634255889559 4.7779125839471819 6.5706162288924252 16.265701529013143 5.6347503088414674 4.7048244894118545 -4.6583662807077602 7.6542293099796073 10.652132271883781
leaf_weight=5241 260 239 350 314 87 255 479 197 28 21 401 157 34 35 34 190 223 219 198 72 29 274 70 214 185 24 105 414 34 114
leaf_count=5241 260 239 350 314 87 255 479 197 28 21 401 157 34 35 34 190 223 219 198 72 29 274 70 214 185 24 105 414 34 114
internal_value=-2.73977e-08 9.82777 -4.20789 6.77685 13.985 0.391816 -5.0938 8.55664 12.5302 4.97536 -0.613292 2.12309 6.25657 9.84665 11.5221 11.7571 16.4449 7.63694 4.2039 13.7781 -3.36733 13.3699 5.92071 6.12875 15.7318 3.20953 3.67486 -5.24889 9.54518 9.75191
internal_weight=10497 3147 7350 1815 1332 1187 6163 913 837 902 751 436 339 380 463 429 495 533 563 374 508 302 305 284 272 181 365 5655 345 311
internal_count=10497 3147 7350 1815 1332 1187 6163 913 837 902 751 436 339 380 463 429 495 533 563 374 508 302 305 284 272 181 365 5655 345 311
is_linear=0
shrinkage=0.05


Tree=15
num_leaves=31
num_cat=0
split_feature=4 4 4 4 4 4 6 6 4 6 1 1 6 4 6 6 0 6 6 0 0 1 2 4 2 6 0 4 5 1
split_gain=1.56716e+08 1.70787e+07 7.66865e+06 2.54604e+06 1.98167e+06 566246 549569 473376 359529 282878 252906 182549 138675 113523 98067.4 94838.7 92830.9 89507.9 70556.9 70264.4 69445.2 62644.8 79731.9 60834.6 58731.3 58045.9 57376.8 55887.1 53667.9 52567.5
threshold=291.50000000000006 594.50000000000011 92.500000000000014 780.50000000000011 423.50000000000006 176.50000000000003 681.50000000000011 538.50000000000011 21.500000000000004 365.50000000000006 872.50000000000011 248.50000000000003 710.50000000000011 481.50000000000006 775.50000000000011 436.50000000000006 26.050000000000004 149.50000000000003 873.50000000000011 26.750000000000004 17.050000000000004 673.50000000000011 47.500000000000007 336.50000000000006 49.500000000000007 416.50000000000006 24.150000000000002 553.50000000000011 79.500000000000014 570.50000000000011
decision_type=2 2 2 2 2 2 2 2 2 2 2 2 2 2 2 2 2 2 2 2 2 2 2 2 2 2 2 2 2 2
left_child=2 4 8 6 9 17 21 13 -1 23 18 -7 16 20 19 -11 24 -4 -5 26 -6 -3 -23 -2 -9 -13 -8 -26 -16 -15
right_child=1 3 5 10 7 11 14 12 -10 15 -12 25 -14 29 28 -17 -18 -19 -20 -21 -22 22 -24 -25 27 -27 -28 -29 -30 -31
leaf_value=-5.0164946665097707 1.790126845786336 9.3692060239967851 -2.3902877405349243 13.817125997231622 4.3551807974004051 -0.11503377797229118 11.447450438252202 6.1729222259521492 -3.7362928468672956 3.8584430593385628 16.0905459581695 1.3002750754231165 11.258319028218587 6.5813947951020637 13.745409607887268 5.3601722624949639 8.8478704120335951 -0.96800761848117745 15.82098514850323 12.283379920554047 5.9659364285893473 8.8176524556916345 12.089762566639827 3.1754944767244164 7.1236298278526027 3.4810685716356553 9.2100046793619796 9.2628563705755749 11.332011308957791 9.015384976069134
leaf_weight=5433 157 336 235 283 103 380 108 75 610 268 322 238 36 293 112 173 178 209 52 207 191 29 52 160 81 35 39 49 29 24
leaf_count=5433 157 336 235 283 103 380 108 75 610 268 322 238 36 293 112 173 178 209 52 207 191 29 52 160 81 35 39 49 29 24
internal_value=3.34592e-08 8.9098 -4.1891 12.7169 5.569 -0.343155 11.0074 6.99697 -4.88727 3.62863 15.0899 0.593553 8.29137 6.10932 12.1339 4.44756 8.01249 -1.72079 14.1282 11.6898 5.40162 9.6701 10.9183 2.48937 7.28714 1.57986 10.8538 7.92995 13.249 6.76567
internal_weight=10497 3357 7140 1569 1788 1097 912 1030 6043 758 657 653 419 611 495 441 383 444 335 354 294 417 81 317 205 273 147 130 141 317
internal_count=10497 3357 7140 1569 1788 1097 912 1030 6043 758 657 653 419 611 495 441 383 444 335 354 294 417 81 317 205 273 147 130 141 317
is_linear=0
shrinkage=0.05


Tree=16
num_leaves=31
num_cat=0
split_feature=4 4 4 4 4 6 6 6 6 1 6 4 6 5 4 4 0 8 5 6 1 4 0 4 2 4 7 1 0 1
split_gain=1.41452e+08 1.30272e+07 9.77552e+06 1.88893e+06 1.5629e+06 691503 570240 362878 338694 301186 148360 144672 125136 116605 138492 111208 106422 106102 93776.1 111180 90915.5 62462.5 52722.4 53942.6 55015.3 51939.2 51267.2 50700.9 56696.2 60980.1
threshold=327.50000000000006 641.50000000000011 116.50000000000001 481.50000000000006 816.50000000000011 244.50000000000003 46.500000000000007 565.00000000000011 753.50000000000011 468.50000000000006 673.50000000000011 184.50000000000003 333.50000000000006 74.500000000000014 708.50000000000011 385.50000000000006 24.350000000000005 4.5000000000000009 94.500000000000014 833.50000000000011 624.50000000000011 907.50000000000011 26.050000000000004 534.50000000000011 63.500000000000007 8.5000000000000018 15.500000000000002 468.50000000000006 20.250000000000004 409.50000000000006
decision_type=2 2 2 2 2 2 2 2 2 2 2 2 2 2 2 2 2 2 2 2 2 2 2 2 2 2 2 2 2 2
left_child=2 3 6 9 8 11 25 -5 13 15 22 -4 -7 14 -3 -2 -15 -6 19 -10 26 -19 23 -9 -25 -1 -11 28 29 -14
right_child=1 4 5 7 17 12 -8 10 18 20 -12 -13 27 16 -16 -17 -18 21 -20 -21 -22 -23 -24 24 -26 -27 -28 -29 -30 -31
leaf_value=-4.7788776885505051 3.2075536787719794 9.8909488849250646 -1.4733509507497409 6.7021275265940607 13.491067056398135 1.1096534589147256 -2.9898427626590132 5.8490859839651321 12.177180941193193 5.2492729409068239 10.349811708359491 0.011660617496013126 2.2133043423853813 10.244081563534944 11.732592503138951 4.5082494065471188 5.2570668125152586 14.746724271373589 9.6443066682134369 14.342052334233337 8.7866685443454315 16.060376104590013 8.7766272273088362 7.5615117236419964 10.254730556322182 -4.1905941004800331 7.122203234334787 4.296233488917351 3.4360734311973347 -0.75909980860623449
leaf_weight=5263 284 245 311 448 111 306 509 36 270 153 105 347 80 23 175 390 20 238 28 76 27 146 193 108 23 404 48 40 68 22
leaf_count=5263 284 245 311 448 111 306 509 36 270 153 105 347 80 23 175 390 20 238 28 76 27 146 193 108 23 404 48 40 68 22
internal_value=4.38266e-08 8.87029 -3.79793 6.11441 12.6255 0.384374 -4.59295 7.71768 11.3084 4.49158 8.6961 -0.690222 1.75469 10.4044 10.6583 3.96018 7.92454 14.8526 12.4275 12.6527 6.06248 15.2462 8.21377 7.56329 8.03437 -4.73694 5.69654 2.6946 2.31775 1.5722
internal_weight=10497 3147 7350 1815 1332 1174 6176 913 837 902 465 658 516 463 420 674 43 495 374 346 228 384 360 167 131 5667 201 210 170 102
internal_count=10497 3147 7350 1815 1332 1174 6176 913 837 902 465 658 516 463 420 674 43 495 374 346 228 384 360 167 131 5667 201 210 170 102
is_linear=0
shrinkage=0.05


Tree=17
num_leaves=31
num_cat=0
split_feature=4 4 4 4 4 4 6 1 4 6 1 1 8 0 1 4 6 5 6 6 0 5 1 4 5 4 5 1 0 2
split_gain=1.27694e+08 1.39305e+07 6.25414e+06 2.07696e+06 1.61296e+06 527881 401156 390030 248485 237669 227238 153448 113200 109565 126947 101647 86410.5 78085.9 90024.3 63590 60790.3 54260.6 54168.2 50968.8 48091.3 47375.8 60094.3 47278.3 47085.8 45948.1
threshold=291.50000000000006 594.50000000000011 84.500000000000014 770.50000000000011 423.50000000000006 176.50000000000003 681.50000000000011 542.50000000000011 876.50000000000011 384.50000000000006 20.500000000000004 275.50000000000006 4.5000000000000009 19.550000000000004 624.50000000000011 531.50000000000011 146.50000000000003 99.500000000000014 775.50000000000011 436.50000000000006 15.950000000000001 96.500000000000014 673.50000000000011 346.50000000000006 61.500000000000007 816.50000000000011 43.500000000000007 821.50000000000011 27.150000000000002 47.500000000000007
decision_type=2 2 2 2 2 2 2 2 2 2 2 2 2 2 2 2 2 2 2 2 2 2 2 2 2 2 2 2 2 2
left_child=2 4 10 6 9 16 22 15 12 23 -1 -7 25 -9 -15 20 -4 18 28 24 -6 -16 -3 -2 -11 26 -5 -14 -8 -24
right_child=1 3 5 8 7 11 17 13 -10 19 -12 -13 27 14 21 -17 -18 -19 -20 -21 -22 -23 29 -25 -26 -27 -28 -29 -30 -31
leaf_value=-4.5285459310332659 1.8421281710709676 8.4532423574300051 -2.2301992524305692 11.881451912813409 4.0876963080179811 0.076392680803058804 9.9054807806373546 6.1411537283996367 14.757326606832127 4.0083626642441139 -3.4757404312228148 1.819749766640496 12.396460940621116 7.3520422607097986 10.390991283598401 6.739556424758014 -0.90244082340745124 8.5268096114649925 12.277062130833531 4.8622622664264172 5.4750639205559715 7.5971855839093525 8.3217007773263116 3.0096518890439778 2.2650462087595238 12.529219243367514 8.8717775521454989 13.783012292899338 11.137530480661701 10.870355937878292
leaf_weight=5426 202 336 272 43 99 482 133 106 257 156 566 171 88 212 63 136 223 33 111 173 390 24 28 174 53 75 27 204 186 48
leaf_count=5426 202 336 272 43 99 482 133 106 257 156 566 171 88 212 63 136 223 33 111 173 390 24 28 174 53 75 27 204 186 48
internal_value=3.16731e-08 8.0426 -3.78138 11.4809 5.0254 -0.400575 9.86083 6.31369 13.5236 3.27482 -4.4291 0.532923 12.7981 7.52237 8.01203 5.53046 -1.63204 10.8707 11.0506 4.1532 5.19419 9.62029 8.72591 2.38242 3.56628 11.6561 10.7206 13.3651 10.6239 9.93138
internal_weight=10497 3357 7140 1569 1788 1148 875 1030 694 758 5992 653 437 405 299 625 495 463 430 382 489 87 412 376 209 145 70 292 319 76
internal_count=10497 3357 7140 1569 1788 1148 875 1030 694 758 5992 653 437 405 299 625 495 463 430 382 489 87 412 376 209 145 70 292 319 76
is_linear=0
shrinkage=0.05


Tree=18
num_leaves=31
num_cat=0
split_feature=4 4 6 4 1 4 6 4 1 4 1 4 0 8 4 6 4 3 5 6 6 0 1 1 5 3 0 8 6 2
split_gain=1.15244e+08 1.25723e+07 5.64649e+06 1.87446e+06 1.47063e+06 368592 362043 344761 335625 224257 208808 116233 108778 102163 91658.3 84874.4 84161.6 73955.7 132190 63729.3 60780.7 52372.7 50462.6 48920 77873 46515.6 58025 45240.5 44531.9 44102.8
threshold=291.50000000000006 594.50000000000011 104.50000000000001 770.50000000000011 468.50000000000006 44.500000000000007 681.50000000000011 385.50000000000006 234.50000000000003 876.50000000000011 605.50000000000011 165.50000000000003 19.550000000000004 4.5000000000000009 478.50000000000006 345.50000000000006 522.50000000000011 44.500000000000007 78.500000000000014 783.50000000000011 528.50000000000011 19.650000000000002 642.50000000000011 753.50000000000011 93.500000000000014 25.500000000000004 26.450000000000003 10.500000000000002 428.50000000000006 47.500000000000007
decision_type=2 2 2 2 2 2 2 2 2 2 2 2 2 2 2 2 2 2 2 2 2 2 2 2 2 2 2 2 2 2
left_child=2 4 5 6 7 -1 22 15 11 13 14 -4 -12 -5 25 -2 28 19 -19 -8 -16 -10 -3 24 -14 26 -6 -23 -9 -24
right_child=1 3 8 9 10 -7 17 16 21 -11 12 -13 23 -15 20 -17 -18 18 -20 -21 -22 27 29 -25 -26 -27 -28 -29 -30 -31
leaf_value=-4.2773882970632862 1.7815045852552762 7.8234945503013265 -1.5715104606809076 11.07327773834097 3.7448652967978067 -2.8143871478384659 10.291054182303579 3.7426352205581233 0.43092518762696064 14.019460359018602 5.8480122566223152 -0.22773155889693752 8.7384475086046312 12.696890154276808 5.6747385931374446 3.1218717502788005 6.2266169946843934 10.111457654296375 5.4273040866851812 11.893145331358298 6.87057795226574 1.3186450804221239 8.069742153852415 10.583081380526226 5.4270556753331967 6.1632884160677595 5.9319741746653687 3.5245898405710854 4.7609827384683818 9.6819174012830178
leaf_weight=5655 220 241 291 145 89 466 304 266 174 257 52 360 92 292 199 255 55 61 20 78 228 167 78 24 22 60 46 27 180 93
leaf_count=5655 220 241 291 145 89 466 304 266 174 257 52 360 92 292 199 255 55 61 20 78 228 167 78 24 22 60 46 27 180 93
internal_value=-7.83057e-08 7.64047 -3.59231 10.9069 4.77413 -4.16601 9.36778 3.46618 -0.146157 12.8474 6.34624 -0.828407 7.79696 12.1582 5.9031 2.50107 4.3812 10.3272 8.95488 10.6182 6.31327 1.06076 8.28961 8.53135 8.09941 5.00493 4.4901 1.62566 4.15363 8.94654
internal_weight=10497 3357 7140 1569 1788 6121 875 976 1019 694 812 651 190 437 622 475 501 463 81 382 427 368 412 138 114 195 135 194 446 171
internal_count=10497 3357 7140 1569 1788 6121 875 976 1019 694 812 651 190 437 622 475 501 463 81 382 427 368 412 138 114 195 135 194 446 171
is_linear=0
shrinkage=0.05


Tree=19
num_leaves=31
num_cat=0
split_feature=4 4 4 1 4 6 4 6 8 4 1 5 3 4 4 6 1 1 0 1 4 1 0 4 8 6 0 2 8 1
split_gain=1.04036e+08 9.25287e+06 7.64818e+06 1.30698e+06 1.16131e+06 541613 463598 274609 253307 208785 175578 113411 186803 113006 112381 110059 93550.6 85295.8 78113.9 77995.6 74411.5 67980.2 63911.2 63149.2 62069.1 51876.6 47879.2 44466 50317.8 42469.5
threshold=336.50000000000006 641.50000000000011 129.50000000000003 485.50000000000006 816.50000000000011 46.500000000000007 247.50000000000003 632.50000000000011 4.5000000000000009 432.50000000000006 772.50000000000011 74.500000000000014 48.500000000000007 540.50000000000011 703.50000000000011 345.50000000000006 209.50000000000003 906.50000000000011 26.450000000000003 756.50000000000011 548.50000000000011 119.50000000000001 26.050000000000004 672.50000000000011 4.5000000000000009 917.50000000000011 15.550000000000002 48.500000000000007 3.5000000000000004 821.50000000000011
decision_type=2 2 2 2 2 2 2 2 2 2 2 2 2 2 2 2 2 2 2 2 2 2 2 2 2 2 2 2 2 2
left_child=2 3 5 9 8 -1 16 13 11 22 23 14 -13 18 -3 26 -4 25 -5 27 -11 -7 -2 -10 -21 -6 -8 28 -9 -12
right_child=1 4 6 7 17 21 15 19 10 20 29 12 -14 -15 -16 -17 -18 -19 -20 24 -22 -23 -24 -25 -26 -27 -28 -29 -30 -31
leaf_value=-4.0625002629166351 2.8466047703338093 7.8042888322007773 -0.88255995734161896 5.003454821660549 12.000285522422327 -2.7150552889171404 0.1156226107154984 4.9165486488342287 8.5576939633018085 4.5364511832269931 10.943845742846293 8.8158059477806088 2.9677304419604216 6.7857500627220677 9.8940417110540313 2.7165211511872753 0.31354913146975805 13.55778791214609 6.5779203123965502 8.2438448286056509 6.6867138717485517 -1.3146638711106104 4.092517100153743 10.10898489142364 12.183041734695436 14.226097843564791 1.5165399381129641 8.2605619990825669 8.2364867800757988 12.41687731742859
leaf_weight=5668 338 109 355 237 269 475 83 25 95 321 126 36 22 358 157 173 303 197 118 20 46 106 148 212 20 29 230 120 21 80
leaf_count=5668 338 109 355 237 269 475 83 25 95 321 126 36 22 358 157 173 303 197 118 20 46 106 148 212 20 29 230 120 21 80
internal_value=-3.9717e-08 7.68209 -3.22538 5.31525 10.8308 -3.91347 0.533265 6.6235 9.6954 3.90579 10.3867 8.6009 6.59757 6.15892 9.03771 1.70444 -0.331768 12.7505 5.5268 8.23148 4.80597 -2.45956 3.22602 9.62894 10.2134 12.2169 1.14505 7.7539 6.43217 11.5159
internal_weight=10497 3104 7393 1772 1332 6249 1144 919 837 853 513 324 58 713 266 486 658 495 355 206 367 581 486 307 40 298 313 166 46 206
internal_count=10497 3104 7393 1772 1332 6249 1144 919 837 853 513 324 58 713 266 486 658 495 355 206 367 581 486 307 40 298 313 166 46 206
is_linear=0
shrinkage=0.05


Tree=20
num_leaves=31
num_cat=0
split_feature=4 4 6 4 1 4 4 6 1 4 1 5 6 3 0 1 5 4 8 4 4 0 6 2 4 1 4 0 1 3
split_gain=9.38927e+07 8.35217e+06 6.90453e+06 1.16549e+06 1.0665e+06 491028 398562 279523 236680 184874 106134 105147 95177.9 88194.6 85220.1 81783.6 80324.7 78455.5 78102.5 74118.1 63183.5 55036.9 54494 51154.9 50434.6 49061.1 46498.6 46134.1 42947.3 38397.4
threshold=336.50000000000006 626.50000000000011 119.50000000000001 816.50000000000011 485.50000000000006 247.50000000000003 47.500000000000007 721.50000000000011 621.50000000000011 403.50000000000006 212.50000000000003 99.500000000000014 360.50000000000006 97.500000000000014 26.050000000000004 840.50000000000011 99.500000000000014 687.50000000000011 4.5000000000000009 508.50000000000006 540.50000000000011 16.050000000000004 685.50000000000011 48.500000000000007 148.50000000000003 756.50000000000011 917.50000000000011 26.050000000000004 5.5000000000000009 3.5000000000000004
decision_type=2 2 2 2 2 2 2 2 2 2 2 2 2 2 2 2 2 2 2 2 2 2 2 2 2 2 2 2 2 2
left_child=2 4 6 7 9 10 28 13 14 27 -4 25 21 17 20 16 -9 -3 -5 -11 -6 -7 -13 -22 -8 -10 -20 -2 -1 -17
right_child=1 3 5 18 8 12 24 15 11 19 -12 22 -14 -15 -16 29 -18 -19 26 -21 23 -23 -24 -25 -26 -27 -28 -29 -30 -31
leaf_value=-3.8988678405539434 2.4611646845158806 7.760304799675942 -0.93946864729930324 10.944849192559182 4.7147474773363633 0.16265041663291607 -2.5335809888616048 9.7722631231317383 7.8690215607484184 4.0100049719798037 0.28322898185296547 3.9484314556121825 2.7409447902334589 5.6356926253347694 6.5245482222978453 12.109937823260273 6.6009735834030883 9.26074248848232 12.084228319153752 5.5095104299272819 4.9705801562565135 1.5866065152325346 7.320768324188565 6.5854665681964066 -0.61613968562435462 10.310799900690716 13.276770439794507 3.6756216042920169 -3.3978842276871974 9.5453052449226377
leaf_weight=5217 249 228 417 111 220 94 469 406 144 383 309 25 140 33 215 54 21 141 266 105 82 244 23 122 37 24 118 114 466 20
leaf_count=5217 249 228 417 111 220 94 469 406 144 383 309 25 140 33 215 54 21 141 266 105 82 244 23 122 37 24 118 114 466 20
internal_value=-5.65817e-08 7.29798 -3.06411 10.1631 4.95012 0.40026 -3.73806 9.09423 6.19734 3.69704 -0.419064 7.62818 1.64467 8.11217 5.71367 9.88224 9.6163 8.33364 12.113 4.33264 5.3025 1.1906 5.56434 5.93635 -2.39337 8.21785 12.4507 2.84256 -3.85779 11.4168
internal_weight=10497 3104 7393 1398 1706 1204 6189 903 855 851 726 216 478 402 639 501 427 369 495 488 424 338 48 204 506 168 384 363 5683 74
internal_count=10497 3104 7393 1398 1706 1204 6189 903 855 851 726 216 478 402 639 501 427 369 495 488 424 338 48 204 506 168 384 363 5683 74
is_linear=0
shrinkage=0.05


Tree=21
num_leaves=31
num_cat=0
split_feature=4 4 4 4 1 6 6 4 4 1 4 0 6 4 6 4 6 5 5 5 6 0 5 6 3 0 1 1 5 1
split_gain=8.47488e+07 9.26173e+06 4.1706e+06 1.38115e+06 1.0844e+06 362092 271166 259436 169561 155199 154583 91780 82413.3 81293.5 80350.6 68921.9 60193.1 60123.8 80282.4 57107.6 69367.9 53905.6 49876.2 48566.2 44081.7 48251 48841.4 41398.3 39638.8 40933.8
threshold=291.50000000000006 594.50000000000011 84.500000000000014 770.50000000000011 468.50000000000006 207.50000000000003 681.50000000000011 370.50000000000006 881.50000000000011 605.50000000000011 18.500000000000004 19.550000000000004 428.50000000000006 129.50000000000003 880.50000000000011 478.50000000000006 307.50000000000006 99.500000000000014 88.500000000000014 99.500000000000014 814.50000000000011 26.050000000000004 68.500000000000014 528.50000000000011 25.500000000000004 18.850000000000005 520.50000000000011 234.50000000000003 96.500000000000014 639.50000000000011
decision_type=2 2 2 2 2 2 2 2 2 2 2 2 2 2 2 2 2 2 2 2 2 2 2 2 2 2 2 2 2 2
left_child=2 4 10 6 7 13 -3 21 14 15 -1 -11 -9 -4 22 24 -7 18 -18 20 -8 -2 -5 -17 25 26 -6 -15 29 -13
right_child=1 3 5 8 9 16 19 12 -10 11 -12 28 -14 27 -16 23 17 -19 -20 -21 -22 -23 -24 -25 -26 -27 -28 -29 -30 -31
leaf_value=-3.6931198809881631 1.6635132832849615 7.1013822131654596 -1.8843334350970729 10.206837331753569 3.877112437938822 0.30183602246290953 8.823764561302486 3.1574189781117918 12.096280604203542 4.9023419639238952 -2.8381512648009606 6.872340713847767 4.3749048639685562 -0.84600138016373794 11.556606237553368 4.8447088179276818 1.4843885792350329 0.4349202205305514 5.1927679872512824 6.8603013645518915 11.088337655969568 3.0501544024918106 7.6313953232765206 5.913657412194369 5.4086084365844727 4.5047742257398715 0.71089679343359813 1.188102819301464 5.7927794564154844 8.8290211127354556
leaf_weight=5406 305 412 237 313 29 401 393 349 240 52 586 55 231 340 121 199 54 69 20 33 37 91 20 228 60 85 21 27 31 52
leaf_count=5406 305 412 237 313 29 401 393 349 240 52 586 55 231 340 121 199 54 69 20 33 37 91 20 228 60 85 21 27 31 52
internal_value=6.73365e-08 6.55206 -3.08057 9.35564 4.09187 -0.319765 8.03448 2.96873 11.0214 5.44185 -3.60951 6.69256 3.64231 -1.1625 10.4531 5.0598 0.615916 1.49666 2.48665 8.86479 9.01862 1.98216 10.0522 5.41548 4.28096 3.77978 2.5473 -0.696353 7.36713 7.82325
internal_weight=10497 3357 7140 1569 1788 1148 875 976 694 812 5992 190 580 604 454 622 544 143 74 463 430 396 333 427 195 135 50 367 138 107
internal_count=10497 3357 7140 1569 1788 1148 875 976 694 812 5992 190 580 604 454 622 544 143 74 463 430 396 333 427 195 135 50 367 138 107
is_linear=0
shrinkage=0.05


Tree=22
num_leaves=31
num_cat=0
split_feature=4 4 4 1 4 4 6 8 6 4 1 5 3 4 4 6 0 1 0 4 4 8 0 6 4 0 4 1 2 8
split_gain=7.65085e+07 6.81524e+06 5.62727e+06 958912 856888 402121 345826 207067 206371 158618 136454 97154.1 163984 87917.4 84490.2 82138.5 69979.6 63857.2 58886.9 58561.1 57704.6 52608.6 50820.8 48783 47448.2 43967.6 43196.9 41480.9 38313.4 42582.5
threshold=336.50000000000006 641.50000000000011 129.50000000000003 485.50000000000006 816.50000000000011 53.500000000000007 248.50000000000003 4.5000000000000009 632.50000000000011 432.50000000000006 772.50000000000011 74.500000000000014 48.500000000000007 703.50000000000011 540.50000000000011 345.50000000000006 24.550000000000004 756.50000000000011 26.450000000000003 548.50000000000011 197.50000000000003 4.5000000000000009 26.050000000000004 6.5000000000000009 672.50000000000011 19.750000000000004 917.50000000000011 130.50000000000003 48.500000000000007 3.5000000000000004
decision_type=2 2 2 2 2 2 2 2 2 2 2 2 2 2 2 2 2 2 2 2 2 2 2 2 2 2 2 2 2 2
left_child=2 3 5 9 7 23 20 11 14 22 24 13 -13 -3 18 25 -6 28 -5 -11 -4 -19 -2 -1 -9 -8 -18 -7 29 -10
right_child=1 4 6 8 16 27 15 10 17 19 -12 12 -14 -15 -16 -17 26 21 -20 -21 -22 -23 -24 -25 -26 -27 -28 -29 -30 -31
leaf_value=-3.5181398864740276 2.4184200232407664 6.6386131183816763 -0.81368235137278799 4.2734044069479289 10.03323148561004 -2.1834120561854369 0.19909958575866116 7.3432671677438837 4.0177908625602727 3.894770955389534 9.9353297492832819 7.5494089987542896 2.070148463682695 8.4869668802637968 5.8163824285500212 2.1640319090283091 10.993068642503633 7.0511304879188543 5.6404348979562018 5.802321983420331 0.15763557012869073 10.67772121667862 3.5294346787639572 -3.012605259123303 8.6879484950371513 1.3844130506461605 12.257582419851552 -0.96634917189093206 7.1092466943711052 7.0719035557338179
leaf_weight=5242 338 109 321 237 149 397 134 95 25 321 206 36 22 157 358 209 254 20 118 46 292 20 148 525 212 188 92 85 120 21
leaf_count=5242 338 109 321 237 149 397 134 95 25 321 206 36 22 157 358 209 254 20 118 46 292 20 148 525 212 188 92 85 120 21
internal_value=-5.047e-08 6.58782 -2.76594 4.55654 9.29009 -3.35616 0.458102 8.31484 5.67712 3.34925 8.93983 7.32526 5.47107 7.72956 5.27438 1.39215 10.9392 7.07107 4.7278 4.13386 -0.350999 8.86443 2.75675 -3.47212 8.27184 0.891146 11.3293 -1.96878 6.63894 5.41206
internal_weight=10497 3104 7393 1772 1332 6249 1144 837 919 853 513 324 58 266 713 531 495 206 355 367 613 40 486 5767 307 322 346 482 166 46
internal_count=10497 3104 7393 1772 1332 6249 1144 837 919 853 513 324 58 266 713 531 495 206 355 367 613 40 486 5767 307 322 346 482 166 46
is_linear=0
shrinkage=0.05


Tree=23
num_leaves=31
num_cat=0
split_feature=4 4 4 4 1 4 6 4 1 1 1 1 0 6 6 6 0 3 6 6 8 2 1 1 4 2 4 3 5 4
split_gain=6.90631e+07 7.54904e+06 3.3914e+06 1.12555e+06 881892 295964 223256 212439 141737 127724 125954 93930.2 79627.1 71315.5 59652.8 57845.8 53763.4 61460.8 45715.9 45066.7 43549.5 42424.5 40716.3 38384.2 38325 38731.6 36041.6 35605.1 34901.6 34517.4
threshold=291.50000000000006 594.50000000000011 84.500000000000014 770.50000000000011 468.50000000000006 176.50000000000003 673.50000000000011 370.50000000000006 899.50000000000011 605.50000000000011 16.500000000000004 275.50000000000006 19.350000000000005 447.50000000000006 897.50000000000011 538.50000000000011 27.150000000000002 94.500000000000014 146.50000000000003 345.50000000000006 4.5000000000000009 47.500000000000007 787.50000000000011 284.50000000000006 396.50000000000006 39.500000000000007 531.50000000000011 13.500000000000002 96.500000000000014 641.50000000000011
decision_type=2 2 2 2 2 2 2 2 2 2 2 2 2 2 2 2 2 2 2 2 2 2 2 2 2 2 2 2 2 2
left_child=2 4 10 6 7 18 29 19 14 15 -1 -7 27 -9 20 24 17 22 -4 -2 -5 -21 -8 -15 -6 -26 -25 -11 -14 -3
right_child=1 3 5 8 9 11 16 13 -10 12 -12 -13 28 23 -16 -17 -18 -19 -20 21 -22 -23 -24 26 25 -27 -28 -29 -30 -31
leaf_value=-3.3356239361793172 1.2492038843278983 5.8510504035001309 -1.648504006303847 8.6015181982517248 2.5668147171244904 0.050461261960604381 7.3915091199310199 2.9123660660000765 10.967762268266304 5.4169533822805658 -2.5818878804041154 1.4144401571904011 7.0901401920451068 6.1156301225934717 11.044100387279805 5.1487213894488324 8.4252526050914422 5.3476500108838083 -0.68274375430805279 0.58253871599833174 9.655459873666878 2.6219653151491111 9.407122942606609 3.4913380484383811 2.9080901865448272 4.5312968737211357 5.4099158859252938 2.7110309654474261 5.1868404465336955 6.7985220974247627
leaf_weight=5374 196 181 272 160 34 482 152 396 229 31 618 171 108 21 52 252 275 32 223 30 253 170 30 133 42 294 30 20 31 205
leaf_count=5374 196 181 272 160 34 482 152 396 229 31 618 171 108 21 52 252 275 32 223 30 253 170 30 133 42 294 30 20 31 205
internal_value=2.1414e-08 5.91472 -2.78091 8.44583 3.69362 -0.291336 7.25318 2.68076 9.94955 4.91104 -3.25789 0.407644 6.04565 3.29029 9.4481 4.56445 7.96277 7.36845 -1.21342 1.78802 9.24715 2.31605 7.72375 4.10366 4.16652 4.3284 3.84445 4.35581 6.66566 6.35424
internal_weight=10497 3357 7140 1569 1788 1148 875 976 694 812 5992 653 190 580 465 622 489 214 495 396 413 200 182 184 370 336 163 51 139 386
internal_count=10497 3357 7140 1569 1788 1148 875 976 694 812 5992 653 190 580 465 622 489 214 495 396 413 200 182 184 370 336 163 51 139 386
is_linear=0
shrinkage=0.05


Tree=24
num_leaves=31
num_cat=0
split_feature=4 4 6 4 1 4 1 6 1 4 5 1 3 4 0 6 0 0 4 3 6 0 2 4 5 6 4 8 1 0
split_gain=6.23314e+07 5.55227e+06 4.58618e+06 786567 706701 357621 241659 191750 167175 129653 80532.9 80331.7 72381.7 79009.3 69002.9 65958.3 65507 58626 52879.9 48767.3 47734.9 45729.7 45031.4 45632.3 45512.6 44704.1 37150.4 36728.6 35586.3 34439.7
threshold=336.50000000000006 626.50000000000011 113.50000000000001 816.50000000000011 485.50000000000006 247.50000000000003 49.500000000000007 742.50000000000011 621.50000000000011 403.50000000000006 99.500000000000014 192.50000000000003 97.500000000000014 687.50000000000011 20.150000000000002 369.50000000000006 26.050000000000004 24.550000000000004 508.50000000000006 45.500000000000007 833.50000000000011 16.050000000000004 49.500000000000007 540.50000000000011 10.500000000000002 685.50000000000011 922.50000000000011 2.5000000000000004 756.50000000000011 26.050000000000004
decision_type=2 2 2 2 2 2 2 2 2 2 2 2 2 2 2 2 2 2 2 2 2 2 2 2 2 2 2 2 2 2
left_child=2 4 6 7 9 11 -1 12 16 29 28 -4 13 -3 19 21 22 -5 -11 -9 -16 -7 24 27 -6 -12 -19 -24 -10 -2
right_child=1 3 5 17 8 15 -8 14 10 18 25 -13 -14 -15 20 -17 -18 26 -20 -21 -22 -23 23 -25 -26 -27 -28 -29 -30 -31
leaf_value=-3.1425733233821322 1.9667772228459279 6.2844220464262008 -0.94157980106664552 9.0549214395100641 4.6132854658459861 0.073861167641977463 -1.962943997047049 7.9158635866074336 6.4686853912969431 3.2716377978692166 2.9799424648284916 0.095058364341235227 4.6274772669139663 7.624089595383289 8.0873227576820224 2.3224442714452742 5.3516274232088143 9.9616923004833637 4.5382142241228198 4.4660017886012797 9.4205902209227119 1.3562590803359711 3.1671454592356607 5.3988045582250388 2.8528802277012306 6.0343742463899694 11.201559140132025 4.7376587034581785 8.5482813596725471 3.0160801339567755
leaf_weight=5694 249 239 350 149 63 96 470 21 144 383 25 401 38 204 294 130 215 268 105 20 87 252 63 119 88 23 78 91 24 114
leaf_count=5694 249 239 350 149 63 96 470 21 144 383 25 401 38 204 294 130 215 268 105 20 87 252 63 119 88 23 78 91 24 114
internal_value=3.67735e-08 5.94621 -2.49656 8.28225 4.03192 0.292393 -3.05263 7.40416 5.04719 3.01188 6.24972 -0.388062 6.72169 6.90133 8.18203 1.36148 4.6407 9.88412 3.54416 6.233 8.39177 1.00249 4.2802 4.66342 3.58735 4.44352 10.2412 4.09518 6.76577 2.29631
internal_weight=10497 3104 7393 1398 1706 1229 6164 903 855 851 216 751 481 443 422 478 639 495 488 41 381 348 424 273 151 48 346 154 168 363
internal_count=10497 3104 7393 1398 1706 1229 6164 903 855 851 216 751 481 443 422 478 639 495 488 41 381 348 424 273 151 48 346 154 168 363
is_linear=0
shrinkage=0.05


Tree=25
num_leaves=31
num_cat=0
split_feature=4 4 4 6 4 6 4 6 6 6 5 5 4 6 4 0 1 5 1 6 6 1 0 1 8 8 6 3 4 1
split_gain=5.62635e+07 6.15236e+06 2.7702e+06 921194 724824 264479 172404 151050 136679 120526 103466 102327 90424.9 66331.2 63820.8 62489.5 56659.3 52162.6 48525.3 46497.6 48059.1 46169.6 45635.3 47983.8 41603.8 54476.6 36840 35715.4 34044.3 29773.5
threshold=291.50000000000006 594.50000000000011 80.500000000000014 783.50000000000011 447.50000000000006 211.50000000000003 700.50000000000011 426.50000000000006 553.50000000000011 897.50000000000011 94.500000000000014 74.500000000000014 16.500000000000004 742.50000000000011 137.50000000000003 26.950000000000003 374.50000000000006 96.500000000000014 821.50000000000011 416.50000000000006 468.50000000000006 899.50000000000011 15.950000000000001 570.50000000000011 2.5000000000000004 9.5000000000000018 646.50000000000011 14.500000000000002 266.50000000000006 248.50000000000003
decision_type=2 2 2 2 2 2 2 2 2 2 2 2 2 2 2 2 2 2 2 2 2 2 2 2 2 2 2 2 2 2
left_child=2 4 12 6 7 14 15 16 22 10 21 18 -1 17 -4 -3 -2 24 -8 28 -21 -5 -6 -24 -10 26 -26 -19 -7 -16
right_child=1 3 5 9 8 19 11 -9 13 -11 -12 -13 -14 -15 29 -17 -18 27 -20 20 -22 -23 23 -25 25 -27 -28 -29 -30 -31
leaf_value=-3.0114964482332254 1.4574832749670465 5.5678610997666951 -1.4968464258136136 8.5041903952757529 2.9082049383435931 0.15993892703754981 7.4147951996907953 3.2902828986072201 3.2272962665557863 9.9043766892302596 5.0000745534896858 3.900288019180298 -2.3564301558961609 7.7693868918852376 -0.62418131105085983 6.7281161927907478 2.424048788654499 4.817247036546469 9.7000489501953133 3.7465588439594621 0.54231506919860839 10.23324668351994 3.9173136657227463 5.872552288279814 5.4112013811475776 3.8220707736116775 7.1856992667061945 1.8978314616463401 1.1527812742290244 1.2764457659287887
leaf_weight=5380 341 337 303 378 105 366 328 279 25 241 20 20 584 22 325 177 273 20 25 22 25 43 407 34 178 47 35 22 113 22
leaf_count=5380 341 337 303 378 105 366 328 279 25 241 20 20 584 22 325 177 273 20 25 22 25 43 407 34 178 47 35 22 113 22
internal_value=-3.51617e-08 5.33856 -2.51002 7.62357 3.33343 -0.292124 6.56122 2.32559 4.33901 9.00523 8.51387 7.37952 -2.94735 5.11185 -0.966649 5.9674 1.88724 4.93306 7.57664 0.541415 2.04217 8.68079 3.84501 4.06806 5.17548 5.36281 5.70279 3.28803 0.394159 -0.50368
internal_weight=10497 3357 7140 1569 1788 1176 887 893 895 682 441 373 5964 349 650 514 614 327 353 526 47 421 546 441 285 260 213 42 479 347
internal_count=10497 3357 7140 1569 1788 1176 887 893 895 682 441 373 5964 349 650 514 614 327 353 526 47 421 546 441 285 260 213 42 479 347
is_linear=0
shrinkage=0.05


Tree=26
num_leaves=31
num_cat=0
split_feature=4 4 4 6 4 4 6 4 1 8 5 1 4 5 8 0 6 1 6 5 0 5 0 5 4 6 0 0 4 4
split_gain=5.08031e+07 4.3475e+06 3.9804e+06 799416 433327 269976 256345 162847 144182 127479 116996 125758 77007.6 88774.6 59740.9 57055.1 56403 55345.3 50830.3 50008.7 49801 45015 60395.5 57417.3 41128.5 36951.7 35476.2 34151.2 36592.7 33543
threshold=346.50000000000006 668.50000000000011 129.50000000000003 538.50000000000011 816.50000000000011 53.500000000000007 248.50000000000003 481.50000000000006 756.50000000000011 4.5000000000000009 74.500000000000014 783.50000000000011 576.50000000000011 96.500000000000014 4.5000000000000009 14.950000000000001 355.50000000000006 821.50000000000011 443.50000000000006 56.500000000000007 24.550000000000004 99.500000000000014 19.950000000000003 88.500000000000014 214.50000000000003 632.50000000000011 19.750000000000004 15.65 423.50000000000006 4.5000000000000009
decision_type=2 2 2 2 2 2 2 2 2 2 2 2 2 2 2 2 2 2 2 2 2 2 2 2 2 2 2 2 2 2
left_child=2 3 5 7 9 29 24 18 12 10 19 -12 13 25 -10 -14 26 -11 27 -3 -6 23 -23 -18 -4 -5 -8 -2 -29 -1
right_child=1 4 6 8 20 -7 16 -9 14 17 11 -13 15 -15 -16 -17 21 -19 -20 -21 -22 22 -24 -25 -26 -27 -28 28 -30 -31
leaf_value=-2.8703637083371483 1.4296142116696997 6.3508892298961177 -0.5897451135334606 4.5172858635980297 8.1639388321230069 -1.5981277848613213 0.23484412333537497 3.9121615392714739 5.6209813161329798 7.2547890624334643 6.1288102810199447 0.85511416912078853 3.4741649136823769 2.54652779309286 9.0056510359048847 5.6174471426276522 1.8741305921293265 8.7299517020201076 3.2214763807076396 8.8153550521187167 9.257292362169034 -0.10596329885370591 3.0800215721130373 4.4822974241696869 0.25800037934677678 6.088136037540707 1.237258102589446 2.2334407937546774 3.3193842808405556 -2.4703462668593916
leaf_weight=5184 88 196 396 251 149 482 155 360 22 344 26 20 34 54 32 358 112 78 231 23 346 51 21 26 224 44 205 297 105 583
leaf_count=5184 88 196 396 251 149 482 155 360 22 344 26 20 34 54 32 358 112 78 231 23 346 51 21 26 224 44 205 297 105 583
internal_value=-9.31008e-09 5.42527 -2.2302 3.92881 7.80035 -2.73491 0.420177 3.04367 5.13238 6.98772 6.12822 3.8359 4.9506 4.4104 7.62671 5.43155 1.18554 7.52745 2.61003 6.60971 8.92818 1.83676 0.823282 2.36552 -0.283463 4.75158 0.805663 2.32178 2.51708 -2.82992
internal_weight=10497 3058 7439 1876 1182 6249 1190 1081 795 687 265 46 741 349 54 392 570 422 721 219 495 210 72 138 620 295 360 490 402 5767
internal_count=10497 3058 7439 1876 1182 6249 1190 1081 795 687 265 46 741 349 54 392 570 422 721 219 495 210 72 138 620 295 360 490 402 5767
is_linear=0
shrinkage=0.05


Tree=27
num_leaves=31
num_cat=0
split_feature=4 4 4 4 1 6 6 4 1 4 8 1 0 6 0 6 0 4 0 3 0 8 3 1 1 2 5 4 8 5
split_gain=4.58549e+07 5.25236e+06 1.99785e+06 758307 665120 195065 185881 172999 89715.4 88199.6 81060.2 64218.3 60145.3 49359.6 47378.7 40814.4 40035.6 37126.3 35355.4 57733.6 35316.3 61536.2 34537.2 34522.8 34396 34381 54495.2 37342.1 32010.1 57935.5
threshold=277.50000000000006 594.50000000000011 77.500000000000014 784.50000000000011 468.50000000000006 190.50000000000003 681.50000000000011 370.50000000000006 628.50000000000011 885.50000000000011 4.5000000000000009 14.500000000000002 26.450000000000003 447.50000000000006 24.550000000000004 805.50000000000011 26.050000000000004 723.50000000000011 27.150000000000002 94.500000000000014 19.650000000000002 10.500000000000002 47.500000000000007 284.50000000000006 149.50000000000003 40.500000000000007 11.500000000000002 548.50000000000011 4.5000000000000009 74.500000000000014
decision_type=2 2 2 2 2 2 2 2 2 2 2 2 2 2 2 2 2 2 2 2 2 2 2 2 2 2 2 2 2 2
left_child=2 4 11 6 7 24 28 16 12 14 -10 -1 25 -9 -5 18 22 -17 19 -8 -7 -22 -2 -15 -4 26 -6 -27 29 -3
right_child=1 3 5 9 8 20 15 13 10 -11 -12 -13 -14 23 -16 17 -18 -19 -20 -21 21 -23 -24 -25 -26 27 -28 -29 -30 -31
leaf_value=-2.7201194497996464 0.77234427197159738 5.0924592959771466 -1.3380737569117009 7.0143623766653675 4.1143160700798038 -0.15048487853998219 6.2648098501679188 2.3670537762795436 4.1027625597905422 9.0125504347240977 6.6631768873759682 -2.1729317537240136 4.4790126889535831 5.2662322453090127 8.1532212545545839 5.8750131823799832 2.2311938969594127 8.2762262674172717 6.8011677207946777 3.796607187816075 0.41573663562946295 2.8741379695279257 1.8274853371340656 3.1123174842926993 -0.53426291581208463 3.3792324727793601 1.3377009468023169 4.4953757925033573 5.7102424153013729 2.6370980863217959
leaf_weight=5344 234 218 352 136 30 262 154 396 69 223 56 596 219 21 278 22 106 60 250 28 280 28 116 163 214 299 43 100 173 27
leaf_count=5344 234 218 352 136 30 262 154 396 69 223 56 596 219 21 278 22 106 60 250 28 280 28 116 163 214 299 43 100 173 27
internal_value=2.90186e-08 4.75278 -2.2978 6.88131 2.94951 -0.376654 5.97257 2.10857 4.01717 8.21091 5.24983 -2.66522 3.79419 2.68147 7.7791 6.60934 1.37988 7.632 6.41523 5.88509 0.276237 0.639228 1.12205 3.35814 -1.03416 3.47644 2.47878 3.65897 5.18954 4.82187
internal_weight=10497 3421 7076 1569 1852 1136 932 1036 816 637 125 5940 691 580 414 514 456 82 432 182 570 308 350 184 566 472 73 399 418 245
internal_count=10497 3421 7076 1569 1852 1136 932 1036 816 637 125 5940 691 580 414 514 456 82 432 182 570 308 350 184 566 472 73 399 418 245
is_linear=0
shrinkage=0.05


Tree=28
num_leaves=31
num_cat=0
split_feature=4 4 6 6 4 4 1 4 8 1 1 5 3 5 4 4 0 6 2 6 1 8 0 4 2 5 8 0 6 1
split_gain=4.13951e+07 3.69461e+06 3.0492e+06 531266 476048 213552 191444 140639 128065 84454.1 82104.4 75462.6 140092 68162.6 63649.1 57315 50734 49090.3 47321.6 46185.5 44869.3 43382 42671.4 40988.3 37136.1 36898.9 36694.1 36275.9 32398 31638
threshold=336.50000000000006 641.50000000000011 125.50000000000001 538.50000000000011 816.50000000000011 247.50000000000003 54.500000000000007 432.50000000000006 4.5000000000000009 756.50000000000011 813.50000000000011 74.500000000000014 48.500000000000007 96.500000000000014 471.50000000000006 703.50000000000011 15.050000000000002 650.50000000000011 46.500000000000007 369.50000000000006 212.50000000000003 4.5000000000000009 15.65 703.50000000000011 65.500000000000014 10.500000000000002 4.5000000000000009 16.050000000000004 426.50000000000006 482.50000000000006
decision_type=2 2 2 2 2 2 2 2 2 2 2 2 2 2 2 2 2 2 2 2 2 2 2 2 2 2 2 2 2 2
left_child=2 3 6 7 8 20 -1 22 11 13 23 15 -13 16 -15 -3 -5 -18 25 27 -4 -6 24 -10 -2 -9 -11 -7 -24 -20
right_child=1 4 5 9 21 19 -8 18 10 26 -12 12 -14 14 -16 -17 17 -19 29 -21 -22 -23 28 -25 -26 -27 -28 -29 -30 -31
leaf_value=-2.5559654745167908 0.08994759324452152 4.8057130699857664 -0.61084602863513793 2.7870206288802319 7.1939178844829943 -0.018503626901656391 -1.4927248521840417 3.1768249317258599 5.7221344651475468 5.1900462138652799 7.9354695738630099 5.6170799228880144 0.55267337018793283 0.71790902543327084 3.9062928063528881 6.2981016727010157 4.423369697343956 5.6896519163821608 3.0601654276564845 1.9130918780427715 0.19292095574223764 8.3161954493882764 1.9814668091683609 6.7233151806287523 2.3994910127350262 1.6166002498111791 8.2188300037384039 1.1242990592910178 2.9236599270197061 3.8969538443310316
leaf_weight=5753 46 109 398 39 111 96 457 80 177 20 94 36 22 23 49 157 412 94 238 130 308 384 306 242 28 72 20 251 130 215
leaf_count=5753 46 109 398 39 111 96 457 80 177 20 94 36 22 23 49 157 412 94 238 130 308 384 306 242 28 72 20 251 130 215
internal_value=2.90402e-08 4.84575 -2.03452 3.35016 6.83539 0.291993 -2.47772 2.68559 6.10847 4.478 6.59999 5.33024 3.6961 4.33366 2.88778 5.68656 4.52468 4.65861 3.20117 1.10928 -0.260194 8.06453 2.07398 6.30038 0.963829 2.43777 6.70444 0.808135 2.2624 3.45732
internal_weight=10497 3104 7393 1772 1332 1183 6210 1115 837 657 513 324 58 617 72 266 545 506 605 477 706 495 510 419 74 152 40 347 436 453
internal_count=10497 3104 7393 1772 1332 1183 6210 1115 837 657 513 324 58 617 72 266 545 506 605 477 706 495 510 419 74 152 40 347 436 453
is_linear=0
shrinkage=0.05


Tree=29
num_leaves=31
num_cat=0
split_feature=4 4 4 6 4 6 6 4 1 8 5 1 4 5 4 8 5 0 0 4 6 4 6 0 0 1 5 6 0 0
split_gain=3.73611e+07 3.21018e+06 2.93643e+06 590115 321777 197945 193617 123712 115378 96723.7 96547.2 118521 55722.6 71842.7 52727 47451.3 44157.1 43984.9 42705.2 42718.2 41480 38818.3 33858.6 32892 27620.1 27618.7 26589.3 71261.7 49783.8 45158.8
threshold=346.50000000000006 668.50000000000011 129.50000000000003 538.50000000000011 821.50000000000011 46.500000000000007 284.50000000000006 481.50000000000006 756.50000000000011 4.5000000000000009 74.500000000000014 783.50000000000011 581.50000000000011 96.500000000000014 204.50000000000003 4.5000000000000009 56.500000000000007 14.950000000000001 15.850000000000003 408.50000000000006 841.00000000000011 931.50000000000011 654.50000000000011 24.550000000000004 26.550000000000004 443.50000000000006 99.500000000000014 426.50000000000006 19.750000000000004 17.950000000000003
decision_type=2 2 2 2 2 2 2 2 2 2 2 2 2 2 2 2 2 2 2 2 2 2 2 2 2 2 2 2 2 2
left_child=2 3 5 7 9 -1 14 18 12 10 16 -12 13 22 -4 -10 -3 -14 25 -20 -11 23 24 -6 -5 -2 27 -8 29 -28
right_child=1 4 6 8 21 -7 26 -9 15 20 11 -13 17 -15 -16 -17 -18 -19 19 -21 -22 -23 -24 -25 -26 -27 28 -29 -30 -31
leaf_value=-2.4361289811117515 1.7567367317775888 5.4608312250301241 -0.51375430506064979 3.4503692639840615 6.7818908055623375 -1.4670821848904101 1.1871099065095188 3.3630719975547656 4.8444143980741501 6.2489702600622579 5.4095339555006765 0.28983921766281129 2.8949108373373749 2.1517559626006655 0.304206266980527 7.8609244823455811 7.77419373885445 4.8334280785674242 1.969090892028051 2.8131034483932904 7.5278804577790304 8.6513329659385256 5.6114282665830677 7.7839028641417789 4.4492246774526745 -0.10903678703308106 0.69350611015602404 3.4129546869368781 2.2496860399842262 -1.9521028593830441
leaf_weight=5668 96 200 381 148 117 581 250 360 22 359 26 20 32 56 408 32 23 342 293 307 77 87 33 273 130 25 54 42 32 23
leaf_count=5668 96 200 381 148 117 581 250 360 22 359 26 20 32 56 408 32 23 342 293 307 77 87 33 273 130 25 54 42 32 23
internal_value=2.81698e-08 4.65249 -1.91253 3.36659 6.6934 -2.34603 0.363898 2.6061 4.40066 6.01481 5.26921 3.18358 4.23806 3.80035 -0.0907785 6.63198 5.69943 4.66757 2.22814 2.40094 6.47483 7.69634 4.09721 7.4833 3.91746 1.37125 1.25851 1.50727 0.592119 -0.0967407
internal_weight=10497 3058 7439 1876 1182 6249 1190 1081 795 705 269 46 741 367 789 54 223 374 721 600 436 477 311 390 278 121 401 292 109 77
internal_count=10497 3058 7439 1876 1182 6249 1190 1081 795 705 269 46 741 367 789 54 223 374 721 600 436 477 311 390 278 121 401 292 109 77
is_linear=0
shrinkage=0.05


Tree=30
num_leaves=31
num_cat=0
split_feature=4 4 4 6 1 6 1 4 3 1 8 1 4 0 5 1 2 4 6 0 1 0 8 2 5 4 3 4 3 3
split_gain=3.37293e+07 3.86588e+06 1.47587e+06 560820 494128 143808 141787 127682 79016.8 69272.2 64535.7 59819.9 49314.9 46056.6 45993.9 44940.3 41585.9 35665.5 34961.4 33998.6 32419.1 31260.7 48078.3 31100.1 46603.5 30057.8 29150.1 26520.6 25240.3 37689
threshold=277.50000000000006 594.50000000000011 77.500000000000014 805.50000000000011 468.50000000000006 203.50000000000003 685.50000000000011 370.50000000000006 91.500000000000014 628.50000000000011 4.5000000000000009 923.50000000000011 14.500000000000002 26.450000000000003 94.500000000000014 764.50000000000011 53.500000000000007 668.50000000000011 479.50000000000006 26.250000000000004 178.50000000000003 19.650000000000002 10.500000000000002 40.500000000000007 11.500000000000002 548.50000000000011 47.500000000000007 931.50000000000011 19.500000000000004 94.500000000000014
decision_type=2 2 2 2 2 2 2 2 2 2 2 2 2 2 2 2 2 2 2 2 2 2 2 2 2 2 2 2 2 2
left_child=2 4 12 6 7 20 17 19 15 13 -11 14 -1 23 27 -8 -9 -3 -18 26 -4 -7 -23 24 -6 28 -2 -5 -25 -30
right_child=1 3 5 11 9 21 8 16 -10 10 -12 -13 -14 -15 -16 -17 18 -19 -20 -21 -22 22 -24 25 -26 -27 -28 -29 29 -31
leaf_value=-2.334301500903226 0.62981270487036778 4.1979294577160395 -1.0307159749066446 6.8682480506879049 3.5390389577547712 -0.1186536741678807 5.4300174051502594 1.728191684841534 2.6398266601562503 3.5090690993528435 5.7936499986265391 8.029765624318804 -1.852268197530397 3.8527473560751306 4.667370520467343 6.3712320855233529 2.3874708167796026 5.1381416716606791 3.6559342539671698 1.9826236702063504 -0.19952074026282973 0.44570366730989242 2.6323226732867107 2.5086788896000249 0.97133053208506392 3.8994299534875903 1.5964737976676433 8.6143429300059449 3.906512772914061 1.8240966967173986
leaf_weight=5351 238 296 473 399 30 233 289 207 20 69 56 140 589 219 23 226 307 153 66 102 156 246 28 174 43 100 116 23 97 28
leaf_count=5351 238 296 473 399 30 233 289 207 20 69 56 140 589 219 23 226 307 153 66 102 156 246 28 174 43 100 116 23 97 28
internal_value=-2.9874e-08 4.07623 -1.97072 5.90234 2.52917 -0.3195 5.17347 1.80434 5.72331 3.44941 4.53256 7.12834 -2.2865 3.25347 6.84474 5.84306 2.29652 4.51831 2.61192 1.17832 -0.824569 0.307104 0.669154 2.97542 2.02655 3.14902 0.946572 6.96341 2.89805 3.44005
internal_weight=10497 3421 7076 1569 1852 1136 984 1036 535 816 125 585 5940 691 445 515 580 449 373 456 629 507 274 472 73 399 354 422 299 125
internal_count=10497 3421 7076 1569 1852 1136 984 1036 535 816 125 585 5940 691 445 515 580 449 373 456 629 507 274 472 73 399 354 422 299 125
is_linear=0
shrinkage=0.05


Tree=31
num_leaves=31
num_cat=0
split_feature=4 4 6 4 1 1 4 0 1 4 5 2 6 8 4 5 6 0 4 6 4 0 1 5 5 4 0 1 3 0
split_gain=3.04411e+07 2.71894e+06 2.25311e+06 392081 353430 163470 141680 108162 89276.8 67008.5 51080.8 45431.1 52713.6 42009.2 39920.7 58971.9 35101.5 34969.7 31270.6 30665.8 30627.7 30583.2 30541.3 29815.5 33146.2 27256.1 26679 25865.7 25636.8 24897
threshold=336.50000000000006 626.50000000000011 136.50000000000003 816.50000000000011 485.50000000000006 58.500000000000007 247.50000000000003 27.150000000000002 621.50000000000011 403.50000000000006 99.500000000000014 49.500000000000007 632.50000000000011 10.500000000000002 700.50000000000011 74.500000000000014 369.50000000000006 24.550000000000004 508.50000000000006 685.50000000000011 720.50000000000011 16.050000000000004 234.50000000000003 77.500000000000014 90.500000000000014 948.50000000000011 23.950000000000003 3.5000000000000004 22.500000000000004 26.050000000000004
decision_type=2 2 2 2 2 2 2 2 2 2 2 2 2 2 2 2 2 2 2 2 2 2 2 2 2 2 2 2 2 2
left_child=2 4 5 7 9 27 22 14 11 29 -10 13 23 -6 -3 -16 21 26 -11 -12 -9 -8 -4 -13 -25 -19 -5 -1 -18 -2
right_child=1 3 6 17 8 -7 16 20 10 18 19 12 -14 -15 15 -17 28 25 -20 -21 -22 -23 -24 24 -26 -27 -28 -29 -30 -31
leaf_value=-2.225424680968588 1.2998750572941868 4.2176199710566156 -0.3784503369551554 6.581123629693062 2.8922759217777472 -1.1978440322562687 -0.072264580682237109 5.2397651870295689 4.8236038696198236 2.2675819925244109 1.7619310932159422 3.5797387952264668 5.9657691228957406 0.73753043596561141 5.4306194783890085 3.3203000808373475 0.84111101334745231 7.0704078781604771 3.241571274371374 4.2917170913323117 6.1316030416332312 0.98508910927402082 0.38329180693922782 0.72080360174179081 3.1671754964192709 8.7537730583777797 4.7906527252197266 -1.889818675230162 2.2623312072654564 2.1920383137569095
leaf_weight=5160 249 242 482 124 174 449 94 159 168 383 25 353 21 26 219 39 55 320 105 23 244 251 181 20 45 26 25 646 75 114
leaf_count=5160 249 242 482 124 174 449 94 159 168 383 25 353 21 26 219 39 55 320 105 23 244 251 181 20 45 26 25 646 75 114
internal_value=-4.11792e-08 4.15544 -1.74469 5.79016 2.81585 -2.117 0.301725 5.17021 3.53383 2.09449 4.41261 3.23678 3.52134 2.61216 4.67892 5.11162 0.960843 6.92112 2.47715 2.97412 5.77974 0.696999 -0.170494 3.39853 2.41445 7.1969 6.28071 -2.18808 1.66105 1.58006
internal_weight=10497 3104 7393 1398 1706 6255 1138 903 855 851 216 639 439 200 500 258 475 495 488 48 403 345 663 418 65 346 149 5806 130 363
internal_count=10497 3104 7393 1398 1706 6255 1138 903 855 851 216 639 439 200 500 258 475 495 488 48 403 345 663 418 65 346 149 5806 130 363
is_linear=0
shrinkage=0.05


Tree=32
num_leaves=31
num_cat=0
split_feature=4 4 4 6 6 4 1 4 4 3 0 6 5 1 2 1 4 1 0 3 0 6 1 5 5 8 2 0 1 0
split_gain=2.74821e+07 3.14759e+06 1.20373e+06 463126 405021 118306 116839 83876.1 72602.5 70181.5 53622.5 52487.6 44150.1 44046.8 54897.5 43000.6 39722.2 38783.8 37224.3 36202 32000.6 30856.9 27424.3 26067.5 28948.7 25992.4 27775.1 25802.7 25608.3 24741.1
threshold=277.50000000000006 594.50000000000011 77.500000000000014 805.50000000000011 451.50000000000006 176.50000000000003 685.50000000000011 423.50000000000006 540.50000000000011 91.500000000000014 15.65 897.50000000000011 79.500000000000014 596.50000000000011 48.500000000000007 349.50000000000006 12.500000000000002 809.50000000000011 21.950000000000003 26.500000000000004 15.250000000000002 681.50000000000011 691.50000000000011 99.500000000000014 84.500000000000014 2.5000000000000004 66.500000000000014 20.550000000000004 700.50000000000011 17.950000000000003
decision_type=2 2 2 2 2 2 2 2 2 2 2 2 2 2 2 2 2 2 2 2 2 2 2 2 2 2 2 2 2 2
left_child=2 4 16 6 7 -4 21 10 13 17 -2 12 -5 14 19 27 -1 -8 28 -6 -10 -3 -22 24 25 26 -16 -7 -15 -9
right_child=1 3 5 11 8 15 9 29 20 -11 -12 -13 -14 18 23 -17 -18 -19 -20 -21 22 -23 -24 -25 -26 -27 -28 -29 -30 -31
leaf_value=-2.1082038141731032 0.33758252343488121 3.8668880639813881 -0.8171188455081837 6.2034394664824202 2.1918634502511276 -0.25860385555323229 5.1207270729437218 1.9156910568475725 2.197356971912086 2.2579669380187988 1.4795910660137412 7.0071175043019025 4.0214658660888674 3.6359323755387338 1.1628675869852305 1.5916545372383268 -1.6853131692640244 6.4830831737841592 4.6145792933610776 0.28478734783224158 3.7092312606714537 4.9155978550856148 5.4832693224151932 1.8178519261734829 4.7362025824460119 3.0793517697761961 3.4449339604377749 0.43462112870018443 1.3745633534022741 2.9001714370316929
leaf_weight=5320 126 362 547 319 76 281 456 156 32 20 558 241 25 31 40 51 620 59 52 37 236 87 24 56 22 257 20 257 21 108
leaf_count=5320 126 362 547 319 76 281 456 156 32 20 558 241 25 31 40 51 620 59 52 37 236 87 24 56 22 257 20 257 21 108
internal_value=-1.30633e-08 3.67942 -1.77887 5.32717 2.28346 -0.287641 4.66482 1.56141 3.04065 5.16395 1.26922 6.44128 6.04487 2.73114 2.53922 0.204082 -2.06406 5.2768 3.66863 1.56742 3.68936 4.07009 3.87299 2.81722 2.98231 2.86059 1.92356 0.0725464 2.72269 2.31843
internal_weight=10497 3421 7076 1569 1852 1136 984 948 904 535 684 585 344 612 508 589 5940 515 104 113 292 449 260 395 339 317 60 538 52 264
internal_count=10497 3421 7076 1569 1852 1136 984 948 904 535 684 585 344 612 508 589 5940 515 104 113 292 449 260 395 339 317 60 538 52 264
is_linear=0
shrinkage=0.05


Tree=33
num_leaves=31
num_cat=0
split_feature=4 4 4 6 4 4 4 1 5 2 4 8 1 5 0 4 0 8 6 0 0 1 0 2 5 6 5 8 1 3
split_gain=2.48193e+07 2.09266e+06 2.01928e+06 413787 198983 133784 130846 92244.3 78693.5 133125 65790.1 50865 50755.5 47545.9 42622.6 39629.9 39926.6 33403.4 32442.8 29176.7 28926.7 27961.6 27283.1 26942.1 26406 25518.8 22607.2 29467.3 21791.9 21373.9
threshold=350.50000000000006 676.50000000000011 129.50000000000003 528.50000000000011 821.50000000000011 247.50000000000003 57.500000000000007 756.50000000000011 74.500000000000014 36.500000000000007 432.50000000000006 2.5000000000000004 764.50000000000011 96.500000000000014 16.050000000000004 563.50000000000011 17.150000000000002 4.5000000000000009 650.50000000000011 26.150000000000002 29.250000000000004 253.50000000000003 18.950000000000003 46.500000000000007 28.500000000000004 485.50000000000006 10.500000000000002 3.5000000000000004 652.50000000000011 28.500000000000004
decision_type=2 2 2 2 2 2 2 2 2 2 2 2 2 2 2 2 2 2 2 2 2 2 2 2 2 2 2 2 2 2
left_child=2 3 6 10 8 21 -1 11 12 -10 19 15 -3 18 -7 16 -5 -9 -13 25 -6 -4 -20 26 -16 -2 -12 -28 -15 -26
right_child=1 4 5 7 20 14 -8 17 9 -11 23 13 -14 28 24 -17 -18 -19 22 -21 -22 -23 -24 -25 29 -27 27 -29 -30 -31
leaf_value=-1.9765726357112066 1.2431942282337036 4.7013861920152396 -0.32139347433614579 2.5417437220231083 5.8805827315235559 0.14479639352195792 -1.0960097165209253 3.9767141835256057 -0.11704417705535888 4.9226798245781351 2.4579356510427939 3.5450269773967551 5.620161346872063 3.1192648828029634 0.53342858151149664 3.2635426799984688 -0.20602326393127443 6.4496706035402092 5.8524857961214511 2.2567295412222546 6.6597045456490864 0.52268429368734359 4.0868032009273341 2.6554494472040853 1.0636231535298508 3.0914588117599489 1.9110601179453792 -0.2916618964888833 1.1490681209564209 1.9462262494755642
leaf_weight=5794 282 336 538 39 231 144 455 22 20 38 79 449 272 32 124 94 20 36 26 132 246 120 138 425 177 20 49 22 25 112
leaf_count=5794 282 336 538 39 231 144 455 22 20 38 79 449 272 32 124 94 20 36 26 132 246 120 138 425 177 20 49 22 25 112
internal_value=-1.17948e-08 3.81401 -1.54983 2.79266 5.50286 0.315265 -1.91246 3.5844 4.94455 3.18484 2.10135 3.44858 5.11242 3.63642 0.88552 2.62602 1.6103 5.51165 3.76486 1.63663 6.28239 -0.167458 4.36673 2.45212 1.14379 1.3656 1.87602 1.22853 2.25514 1.40567
internal_weight=10497 3033 7464 1890 1143 1215 6249 881 666 58 1009 823 608 670 557 153 59 58 613 434 477 658 164 575 413 302 150 71 57 289
internal_count=10497 3033 7464 1890 1143 1215 6249 881 666 58 1009 823 608 670 557 153 59 58 613 434 477 658 164 575 413 302 150 71 57 289
is_linear=0
shrinkage=0.05


Tree=34
num_leaves=31
num_cat=0
split_feature=4 6 6 6 4 1 6 4 6 8 2 4 1 0 4 5 6 0 5 6 1 0 7 1 4 0 4 0 8 1
split_gain=2.23995e+07 1.94279e+06 1.77003e+06 305093 267340 117991 116195 66357.7 64817 47499.1 44689.7 40998.3 37315.5 37181.9 32549.9 31881 62671.8 46344.8 37210.7 32996.9 31862.8 26530.2 23608.5 29518 23088.6 22583.5 22140.8 20930.9 41406.3 31072.4
threshold=346.50000000000006 632.50000000000011 136.50000000000003 805.50000000000011 522.50000000000011 61.500000000000007 307.50000000000006 703.50000000000011 443.50000000000006 4.5000000000000009 49.500000000000007 204.50000000000003 861.50000000000011 14.950000000000001 720.50000000000011 99.500000000000014 426.50000000000006 19.750000000000004 85.500000000000014 468.50000000000006 902.50000000000011 15.65 11.500000000000002 482.50000000000006 428.50000000000006 23.650000000000002 3.5000000000000004 17.250000000000004 4.5000000000000009 772.50000000000011
decision_type=2 2 2 2 2 2 2 2 2 2 2 2 2 2 2 2 2 2 2 2 2 2 2 2 2 2 2 2 2 2
left_child=2 4 5 7 8 26 11 13 21 12 22 -4 -5 -3 -6 16 25 19 -18 -17 -11 -2 -10 -24 -23 -8 -1 -15 -29 -30
right_child=1 3 6 9 14 -7 15 -9 10 20 -12 -13 -14 27 -16 17 18 -19 -20 -21 -22 24 23 -25 -26 -27 -28 28 29 -31
leaf_value=-1.9102937076410802 0.81951384143073958 1.8631296714146932 -0.40082735362871341 5.415469152049015 3.1388570116708254 -1.0080362790425679 0.49944262532960804 4.814182491188518 2.22582590341568 5.6852854170142137 2.6342976437823875 0.30119579597281687 3.2515328963597621 5.1896529987880164 4.5203762469084365 0.39907748822508188 1.6326764578169044 2.1099125764199669 4.5407636035572407 -1.8053391536076864 6.502694632556036 1.4833750783812767 -0.74584575295448308 1.5971490088032514 2.2831135719083249 1.5788055403696166 -1.6077116958416291 3.0551141384735852 4.0776108854065534 6.0773665110270185
leaf_weight=5149 101 21 392 76 583 421 105 387 60 283 355 443 27 35 46 58 22 28 22 24 206 306 20 41 128 90 685 103 259 21
leaf_count=5149 101 21 392 76 583 421 105 387 60 283 355 443 27 35 46 58 22 28 22 24 206 306 20 41 128 90 685 103 259 21
internal_value=2.32028e-08 3.60243 -1.48087 4.95777 2.43055 -1.81643 0.29185 4.33687 1.92702 5.82408 2.35145 -0.0283767 4.84822 3.9161 3.23989 1.05801 1.38222 0.353599 3.08672 -0.246118 6.02963 1.54939 1.52162 0.828954 1.71924 0.99761 -1.87477 4.01924 3.91228 4.22759
internal_weight=10497 3058 7439 1418 1640 6255 1184 826 1011 592 476 835 103 439 629 349 239 110 44 82 489 535 121 61 434 195 5834 418 383 280
internal_count=10497 3058 7439 1418 1640 6255 1184 826 1011 592 476 835 103 439 629 349 239 110 44 82 489 535 121 61 434 195 5834 418 383 280
is_linear=0
shrinkage=0.05


Tree=35
num_leaves=31
num_cat=0
split_feature=4 4 6 6 4 6 6 1 5 3 4 8 4 5 6 5 6 0 6 4 0 5 2 8 4 0 6 6 5 2
split_gain=2.02184e+07 1.70656e+06 1.64957e+06 341219 165598 108286 107148 78037.8 71575 100198 53265.5 43700.6 43118.5 42528.9 41319.6 37830.9 54389.6 45390 37553.5 34358.8 36245.9 31661.9 29491 28928.4 27094.1 26192.5 25065.6 23551.1 23174.4 23023.3
threshold=350.50000000000006 676.50000000000011 136.50000000000003 528.50000000000011 821.50000000000011 317.50000000000006 34.500000000000007 756.50000000000011 82.500000000000014 24.500000000000004 432.50000000000006 2.5000000000000004 204.50000000000003 96.500000000000014 841.00000000000011 99.500000000000014 426.50000000000006 19.750000000000004 468.50000000000006 563.50000000000011 17.150000000000002 85.500000000000014 56.500000000000007 9.5000000000000018 931.50000000000011 24.150000000000002 650.50000000000011 485.50000000000006 36.500000000000007 46.500000000000007
decision_type=2 2 2 2 2 2 2 2 2 2 2 2 2 2 2 2 2 2 2 2 2 2 2 2 2 2 2 2 2 2
left_child=2 3 6 10 8 12 -1 11 14 -10 25 19 -4 23 -3 16 -7 18 -17 20 -5 -18 -9 26 28 27 -13 -2 -6 -12
right_child=1 4 5 7 24 15 -8 22 9 -11 29 13 -14 -15 -16 17 21 -19 -20 -21 -22 -23 -24 -25 -26 -27 -28 -29 -30 -31
leaf_value=-1.7985363310142699 1.0393325340032578 4.4493304821936528 -0.38906957468961045 2.2933860910244479 5.2390628005234943 1.0012400754929887 -1.1383843251715609 3.9224479095141094 4.7427621405124665 0.11610339771617542 1.67535098695755 3.3629502993911062 0.31758762171116323 1.9818461779701082 5.7012117112477618 0.4050548950831096 1.7174281969666483 2.0134881423579323 -1.9605753746032715 2.9452878224088792 -0.32466475963592534 4.2211179443027662 6.1787067072732107 2.7783465409278869 6.4764940338573247 1.9725368233352172 4.1636640833771752 2.8224211740493779 6.0685285019680739 2.395873923357795
leaf_weight=5564 250 544 395 39 267 184 691 30 25 22 150 335 476 57 75 51 28 27 25 94 20 23 28 140 87 164 138 20 123 425
leaf_count=5564 250 544 395 39 267 184 691 30 25 22 150 335 476 57 75 51 28 27 25 94 20 23 28 140 87 164 138 20 123 425
internal_value=1.6384e-08 3.44239 -1.39882 2.52006 4.96751 0.291893 -1.72561 3.23904 4.45818 2.57709 1.8923 3.11411 -0.00288263 3.28822 4.60101 1.05151 1.40171 0.252501 -0.373113 2.35167 1.40591 2.84654 5.01168 3.40969 5.67865 1.47414 3.59656 1.17141 5.50066 2.20791
internal_weight=10497 3033 7464 1890 1143 1209 6255 881 666 47 1009 823 871 670 619 338 235 103 76 153 59 51 58 613 477 434 473 270 390 575
internal_count=10497 3033 7464 1890 1143 1209 6255 881 666 47 1009 823 871 670 619 338 235 103 76 153 59 51 58 613 477 434 473 270 390 575
is_linear=0
shrinkage=0.05


Tree=36
num_leaves=31
num_cat=0
split_feature=4 4 4 4 1 6 6 4 4 0 1 5 6 2 0 3 4 4 6 3 1 1 4 6 6 4 0 0 1 0
split_gain=1.82538e+07 2.17456e+06 724257 350230 256789 76451.5 75147.6 74073.2 54861.6 42522 57797.2 45124.7 35511.9 33758.3 31282.7 29147.3 58268.8 35545.1 29176.2 27198.9 56272 50601.9 27002.6 25071.2 23845.3 23643.9 25274.1 22582.6 21473.1 20778.4
threshold=269.50000000000006 581.50000000000011 68.500000000000014 770.50000000000011 472.50000000000006 178.50000000000003 738.50000000000011 370.50000000000006 881.50000000000011 19.250000000000004 624.50000000000011 96.500000000000014 396.50000000000006 78.500000000000014 16.050000000000004 25.500000000000004 439.50000000000006 505.50000000000006 528.50000000000011 97.500000000000014 586.50000000000011 756.50000000000011 687.50000000000011 917.50000000000011 416.50000000000006 515.50000000000011 16.950000000000003 19.950000000000003 2.5000000000000004 15.950000000000001
decision_type=2 2 2 2 2 2 2 2 2 2 2 2 2 2 2 2 2 2 2 2 2 2 2 2 2 2 2 2 2 2
left_child=2 4 28 6 7 -4 12 14 23 15 11 -11 -3 25 -2 16 -6 18 -17 21 -21 22 -14 -5 -7 26 -9 -8 -1 -18
right_child=1 3 5 8 9 24 27 13 -10 10 -12 -13 19 -15 -16 17 29 -19 -20 20 -22 -23 -24 -25 -26 -27 -28 -29 -30 -31
leaf_value=-1.725717176539491 0.15932473688409099 1.2943692874908448 -0.72860785773208392 4.6867069150273135 -0.05234566071094611 0.011181290951581338 3.0125326614955377 0.99352678468539612 5.7476241641243302 2.7091762223892664 4.0594979543190499 0.58503554893864529 3.2422639368179746 3.6952869796752932 1.0747003128191392 2.6059626690767432 0.8684065593613518 1.7137539977251099 5.0908901396251869 3.6552449338576376 0.40991175824945625 5.7346336774826057 4.0503477762727185 5.9063673658573883 1.3759197936338539 2.5533751950930741 1.7413557918218598 4.4838443617562991 -1.4425088662063921 2.4035984132687251
leaf_weight=5118 123 20 558 407 39 546 29 168 240 338 77 27 431 20 387 27 27 43 21 34 22 25 136 47 34 59 345 259 770 120
leaf_count=5118 123 20 558 407 39 546 29 168 240 338 77 27 431 20 387 27 27 43 21 34 22 25 136 47 34 59 345 259 770 120
internal_value=-2.97069e-08 2.96647 -1.4655 4.28122 1.77519 -0.310788 3.66056 1.29559 5.13619 2.51026 2.81466 2.55205 3.36948 1.67607 0.853933 2.02454 1.66579 2.75781 3.69312 3.43353 2.38029 3.53316 3.43609 4.81297 0.0911832 1.60547 1.49645 4.33569 -1.68868 2.12162
internal_weight=10497 3471 7026 1650 1821 1138 956 1102 694 719 442 365 668 592 510 277 186 91 48 648 56 592 567 454 580 572 513 288 5888 147
internal_count=10497 3471 7026 1650 1821 1138 956 1102 694 719 442 365 668 592 510 277 186 91 48 648 56 592 567 454 580 572 513 288 5888 147
is_linear=0
shrinkage=0.05


Tree=37
num_leaves=31
num_cat=0
split_feature=4 4 6 6 1 4 6 4 5 4 0 1 5 6 1 2 5 3 4 1 4 0 1 4 0 0 1 5 5 5
split_gain=1.6474e+07 1.96254e+06 654466 317194 231752 67055.8 62171.1 55548.1 55843.5 47970.9 38453.6 55533 43143.4 37795.2 33881.6 29892.6 28670.7 26511.9 54061.8 39149.6 29786.8 26117.3 24920.4 23237.2 24379 22395.5 22254.1 21838.8 20603.8 32448.7
threshold=269.50000000000006 581.50000000000011 90.500000000000014 764.50000000000011 472.50000000000006 355.50000000000006 897.50000000000011 700.50000000000011 69.500000000000014 179.50000000000003 20.250000000000004 624.50000000000011 96.500000000000014 16.500000000000004 899.50000000000011 78.500000000000014 94.500000000000014 25.500000000000004 439.50000000000006 520.50000000000011 432.50000000000006 16.050000000000004 798.50000000000011 515.50000000000011 15.65 26.950000000000003 340.50000000000006 80.500000000000014 68.500000000000014 55.500000000000007
decision_type=2 2 2 2 2 2 2 2 2 2 2 2 2 2 2 2 2 2 2 2 2 2 2 2 2 2 2 2 2 2
left_child=2 4 13 7 5 21 14 25 22 -4 17 12 -12 -1 16 23 -5 18 19 -6 -19 -2 -9 24 27 28 -11 -7 29 -3
right_child=1 3 9 6 10 15 -8 8 -10 26 11 -13 -14 -15 -16 -17 -18 20 -20 -21 -22 -23 -24 -25 -26 -27 -28 -29 -30 -31
leaf_value=-1.6315019804274753 0.0697154069526328 2.8878940587154065 -0.56088261314235222 4.469643135192622 1.688051708449017 0.32829777946074806 5.465495802752705 4.0067944506882682 1.4139416360855104 0.035814199539850648 2.5867190363865635 4.0042731435859906 0.29880806018005718 -1.2305786973723407 5.8298356663097035 3.3136938053628677 2.73213631105423 4.1315811901092534 2.0758574843406676 -1.2039664535522461 2.1209850628035407 0.96858782741325289 5.7258030435313358 2.4257064314211831 1.5360620120586443 3.5685456045130466 1.224288264783316 2.0671920164771702 3.6521227404877949 1.131193965056847
leaf_weight=5376 108 281 478 472 22 84 241 253 20 469 325 68 22 660 44 23 25 25 162 25 70 321 23 59 484 188 43 23 74 29
leaf_count=5376 108 281 478 472 22 84 241 253 20 469 325 68 22 660 44 23 25 25 162 25 70 321 23 59 484 188 43 23 74 29
internal_value=2.50434e-08 2.81815 -1.39223 4.06716 1.68643 1.23081 4.79753 3.40914 3.96517 -0.200667 2.38475 2.69771 2.44166 -1.58766 4.49998 1.54221 4.38224 1.95752 1.64271 0.149744 2.65009 0.742298 4.15005 1.47953 1.38507 3.12141 0.135627 0.702079 2.9025 2.72356
internal_weight=10497 3471 7026 1650 1821 1102 782 868 296 990 719 415 347 6036 541 673 497 304 209 47 95 429 276 650 591 572 512 107 384 310
internal_count=10497 3471 7026 1650 1821 1102 782 868 296 990 719 415 347 6036 541 673 497 304 209 47 95 429 276 650 591 572 512 107 384 310
is_linear=0
shrinkage=0.05


Tree=38
num_leaves=31
num_cat=0
split_feature=4 4 4 1 1 5 4 3 6 6 1 2 8 6 5 0 5 1 5 3 3 8 5 0 0 1 6 8 4 5
split_gain=1.48678e+07 1.7737e+06 593215 344711 166517 93470.2 73046.4 71021.8 56543.1 56328.5 44438.7 40752.6 35372.7 34442.4 35555.5 32014 27732.7 34486.9 34289.8 27676.5 27010.5 36582.7 34380.4 25945.5 23137.9 22367 22206.6 31703.6 21660.7 20920
threshold=269.50000000000006 559.50000000000011 77.500000000000014 764.50000000000011 472.50000000000006 82.500000000000014 676.50000000000011 16.500000000000004 384.50000000000006 203.50000000000003 910.50000000000011 67.500000000000014 2.5000000000000004 735.50000000000011 96.500000000000014 15.950000000000001 86.500000000000014 613.50000000000011 77.500000000000014 5.5000000000000009 70.500000000000014 9.5000000000000018 49.500000000000007 16.650000000000002 16.650000000000002 3.5000000000000004 510.50000000000006 2.5000000000000004 435.50000000000006 44.500000000000007
decision_type=2 2 2 2 2 2 2 2 2 2 2 2 2 2 2 2 2 2 2 2 2 2 2 2 2 2 2 2 2 2
left_child=2 4 25 6 8 10 15 -7 -2 -4 19 12 28 14 16 -3 17 18 23 -5 21 -14 -23 -6 -16 -1 27 -17 -10 -28
right_child=1 3 9 5 13 7 -8 -9 11 -11 -12 -13 20 -15 24 26 -18 -19 -20 -21 -22 22 -24 -25 -26 -27 29 -29 -30 -31
leaf_value=-1.5567860185637956 0.79024191739082239 1.899678380823717 -0.5550714499253443 4.2278695669502024 1.0345738803798503 4.2316797560588881 3.6961142653685353 0.11483861804008484 -0.65720617841271789 0.17432798641169325 5.3696452571646027 2.2124218279520673 1.7022731956445947 4.0432488719622297 2.7059103738693966 3.4102060341835023 4.1088672494888305 3.4758056720097863 0.30217325524068794 4.9793227583497437 2.3624537401339589 1.2990663526193151 -0.62916572617321487 2.3240440391827115 0.83091071350009826 -1.2695126868364139 2.8152475927221148 0.76230465999016406 1.0230972074649551 3.5065420703481127
leaf_weight=5160 543 82 629 375 44 22 390 20 34 457 184 150 159 24 21 20 20 48 26 182 68 53 41 344 76 780 304 26 44 171
leaf_count=5160 543 82 629 375 44 22 390 20 34 457 184 150 159 24 21 20 20 48 26 182 68 53 41 344 76 780 304 26 44 171
internal_value=-1.72584e-08 2.67724 -1.32262 3.78144 1.52028 4.5659 3.16288 2.27128 1.15201 -0.248133 4.69595 1.50983 1.2457 2.18719 2.11026 2.818 2.28603 2.20712 2.06002 4.47341 1.47777 1.23998 0.458029 2.17782 1.23684 -1.51906 2.96253 1.91357 0.290657 3.06411
internal_weight=10497 3471 7026 1776 1695 783 993 42 1092 1086 741 549 399 603 579 603 482 462 414 557 321 253 94 388 97 5940 521 46 78 475
internal_count=10497 3471 7026 1776 1695 783 993 42 1092 1086 741 549 399 603 579 603 482 462 414 557 321 253 94 388 97 5940 521 46 78 475
is_linear=0
shrinkage=0.05


Tree=39
num_leaves=31
num_cat=0
split_feature=4 4 6 6 4 4 4 4 6 2 8 1 0 0 5 2 1 0 0 5 0 8 1 6 5 0 1 1 6 1
split_gain=1.34281e+07 1.13914e+06 1.11788e+06 191214 149643 75834.1 68190 38974.4 36025.9 35354 34053.5 35120.5 28330.4 27284.8 26265.2 58892.6 53314.9 29427.7 20876.3 20410 20354.7 34328.7 23081.1 20297.2 25279.6 19601.6 18392.9 18356.6 29781.9 18342.2
threshold=355.50000000000006 129.50000000000003 632.50000000000011 805.50000000000011 522.50000000000011 247.50000000000003 50.500000000000007 703.50000000000011 440.50000000000006 49.500000000000007 4.5000000000000009 861.50000000000011 14.950000000000001 16.050000000000004 73.500000000000014 42.500000000000007 659.50000000000011 18.050000000000004 15.65 28.500000000000004 17.250000000000004 4.5000000000000009 772.50000000000011 406.50000000000006 42.500000000000007 23.850000000000005 902.50000000000011 750.50000000000011 685.50000000000011 443.50000000000006
decision_type=2 2 2 2 2 2 2 2 2 2 2 2 2 2 2 2 2 2 2 2 2 2 2 2 2 2 2 2 2 2
left_child=1 6 4 7 8 25 -1 12 18 -10 11 -5 -4 -7 16 -16 23 -17 29 -15 -14 27 -23 -6 -25 -3 -12 28 -22 -2
right_child=2 5 3 10 14 13 -8 -9 9 -11 26 -13 20 19 15 17 -18 -19 -20 -21 21 22 -24 24 -26 -27 -28 -29 -30 -31
leaf_value=-1.4586916908535805 0.92246967756176645 -0.30381196182254588 1.2351292678288051 4.2517925551063138 1.241397811472416 0.077284490495716063 -0.86585172742534933 3.7156889392115966 1.0938531409887993 2.0801292695167866 4.4401765406342362 2.1524632294972736 4.2713550758361825 0.34312144059974414 -0.69455437600612646 1.3027663850784303 4.0610527667505991 3.7287786579132085 1.3775327300652862 1.0916834256924248 1.7568361238999799 3.1683631608384921 4.891889154343378 2.355453259970552 3.261778931888109 0.28016123910223678 5.0612213243558575 1.0490541725158691 3.7438842773437502 -0.75436054411388587
leaf_weight=5719 73 446 21 76 32 146 530 387 122 356 283 27 35 130 20 25 58 25 392 304 44 259 21 372 97 212 206 25 33 21
leaf_count=5719 73 446 21 76 32 146 530 387 122 356 283 27 35 130 20 25 58 25 392 304 44 259 21 372 97 212 206 25 33 21
internal_value=1.86459e-08 -1.1339 2.82043 3.8421 1.91165 0.251741 -1.40841 3.35008 1.52019 1.8284 4.52776 3.70148 3.02705 0.668554 2.51158 1.59854 2.62592 2.51577 1.21706 0.86746 3.11729 3.01155 3.29763 2.45977 2.5429 -0.115663 4.7018 2.22623 2.60843 0.547859
internal_weight=10497 7487 3010 1417 1593 1238 6249 825 964 478 592 103 438 580 629 70 559 50 486 434 417 382 280 501 469 658 489 102 77 94
internal_count=10497 7487 3010 1417 1593 1238 6249 825 964 478 592 103 438 580 629 70 559 50 486 434 417 382 280 501 469 658 489 102 77 94
is_linear=0
shrinkage=0.05


Tree=40
num_leaves=31
num_cat=0
split_feature=4 4 6 6 4 6 6 4 2 6 8 1 0 0 1 5 2 1 0 0 0 0 8 1 6 5 3 5 6 6
split_gain=1.21189e+07 1.02808e+06 1.00889e+06 172570 135053 69572.8 62372.1 35174.4 32726.2 35792.1 30733.3 31696.3 25568.2 24763.7 25570.9 23704.4 53150.5 48116.7 26558.5 21421.6 21089.3 18370.1 30981.6 20830.7 18333.1 21788.8 17937.9 37786.5 26873.4 18011.8
threshold=355.50000000000006 129.50000000000003 632.50000000000011 805.50000000000011 522.50000000000011 244.50000000000003 43.500000000000007 703.50000000000011 50.500000000000007 454.50000000000006 4.5000000000000009 861.50000000000011 14.950000000000001 20.250000000000004 468.50000000000006 73.500000000000014 42.500000000000007 659.50000000000011 18.050000000000004 20.950000000000003 25.450000000000003 17.250000000000004 4.5000000000000009 772.50000000000011 396.50000000000006 42.500000000000007 47.500000000000007 99.500000000000014 396.50000000000006 400.50000000000006
decision_type=2 2 2 2 2 2 2 2 2 2 2 2 2 2 2 2 2 2 2 2 2 2 2 2 2 2 2 2 2 2
left_child=1 6 4 7 8 -3 -1 12 20 -10 11 -5 -4 14 26 17 -17 24 -18 -15 -2 -14 -23 -24 -6 -26 -7 29 -29 -28
right_child=2 5 3 10 15 13 -8 -9 9 -11 -12 -13 21 19 -16 16 18 -19 -20 -21 -22 22 23 -25 25 -27 27 28 -30 -31
leaf_value=-1.3900392130458739 0.72837920676446666 -0.14611146087909854 1.1733727886563254 4.0392029021915645 1.1383354234695435 -0.19494932986829566 -0.8585791822297657 3.5299044880602097 1.3016183567824224 2.0297108131391526 4.46671266155984 2.0448400091241909 4.0577873352595741 2.3936321434767351 1.5588087346818713 -0.65982662856578833 1.2376280946731568 3.8580001041806984 3.5423397550582885 0.80733240957845731 1.6982529593752578 2.1149172557335274 3.0099449828554765 4.6472947211492635 2.2376805925461394 3.0723369396094125 0.82710222314905235 0.50654322822888698 -1.8255509013221378 2.5528297333490282
leaf_weight=5637 206 602 21 76 30 166 612 387 372 309 489 27 35 23 36 20 25 58 25 285 77 102 259 21 372 99 54 30 21 21
leaf_count=5637 206 602 21 76 30 166 612 387 372 309 489 27 35 23 36 20 25 58 25 285 77 102 259 21 372 99 54 30 21 21
internal_value=-7.64303e-09 -1.0772 2.67941 3.64999 1.81606 0.239154 -1.33799 3.18258 1.44418 1.63199 4.30137 3.51641 2.87569 0.603823 0.301488 2.386 1.51861 2.49462 2.38998 0.92579 0.992267 2.96142 2.86097 3.13275 2.33678 2.41312 0.146476 0.596291 -0.453731 1.31031
internal_weight=10497 7487 3010 1417 1593 1238 6249 825 964 681 592 103 438 636 328 629 70 559 50 308 283 417 382 280 501 471 292 126 51 75
internal_count=10497 7487 3010 1417 1593 1238 6249 825 964 681 592 103 438 636 328 629 70 559 50 308 283 417 382 280 501 471 292 126 51 75
is_linear=0
shrinkage=0.05


Tree=41
num_leaves=31
num_cat=0
split_feature=4 4 1 1 1 5 0 4 6 2 1 4 8 1 6 5 0 5 1 5 3 3 8 5 0 0 5 5 5 6
split_gain=1.09431e+07 1.30607e+06 438958 255731 125034 78467.8 71541.7 52965.8 42027.6 34966.7 34265.4 31216.9 31034.6 30992.5 27733 29767.8 25897.9 25221.4 28246.3 38395.5 24240.8 23685.2 32701.2 30325.2 22104.5 21956.6 20107.2 19541.4 21621.2 18359.4
threshold=269.50000000000006 559.50000000000011 100.50000000000001 764.50000000000011 472.50000000000006 82.500000000000014 24.750000000000004 676.50000000000011 384.50000000000006 67.500000000000014 910.50000000000011 16.500000000000004 2.5000000000000004 248.50000000000003 735.50000000000011 96.500000000000014 15.950000000000001 86.500000000000014 621.50000000000011 77.500000000000014 6.5000000000000009 70.500000000000014 9.5000000000000018 49.500000000000007 16.650000000000002 16.650000000000002 75.500000000000014 60.500000000000007 93.500000000000014 510.50000000000006
decision_type=2 2 2 2 2 2 2 2 2 2 2 2 2 2 2 2 2 2 2 2 2 2 2 2 2 2 2 2 2 2
left_child=2 4 11 7 8 10 -7 16 -2 12 20 -1 -10 -4 15 17 -3 18 19 24 -5 22 -14 -24 -6 -17 -11 -9 -29 -18
right_child=1 3 13 5 14 6 -8 27 9 26 -12 -13 21 -15 -16 25 29 -19 -20 -21 -22 -23 23 -25 -26 -27 -28 28 -30 -31
leaf_value=-1.3301302706353284 0.67304595821686297 1.5919762989369834 -0.28081361673693633 3.6343950045499156 0.86577942424350318 3.8812293915521532 -0.24596478825523738 3.0410801783075252 0.15420323732571725 1.5951526774059643 4.630789545307989 -0.97934728041861163 1.4805510587662272 0.4019634275340952 3.5474549889564515 2.4448266869499573 1.5941451456235802 3.712100625038147 3.2640550313677106 -0.038353294796413848 4.3633759355545045 2.0945816933232195 1.0940478045985385 -0.71689959313811336 2.0420843382497176 0.61831765143494866 2.9042291390895847 5.2664886648004705 3.0235222952706473 2.6402918865900293
leaf_weight=5380 543 82 710 397 45 21 21 347 78 110 184 719 159 217 24 21 46 20 35 27 160 68 53 41 355 76 40 22 21 475
leaf_count=5380 543 82 710 397 45 21 21 347 78 110 184 719 159 217 24 21 46 20 35 27 160 68 53 41 355 76 40 22 21 475
internal_value=-7.6314e-10 2.29686 -1.1347 3.24438 1.30406 3.92005 1.81763 2.7116 0.984944 1.29343 4.03922 -1.28878 1.04877 -0.120983 1.88196 1.81292 2.41793 1.97375 1.8985 1.78657 3.8438 1.26614 1.04348 0.304166 1.90975 1.01375 1.94424 3.16567 4.17109 2.54793
internal_weight=10497 3471 7026 1776 1695 783 42 993 1092 549 741 6099 399 927 603 579 603 482 462 427 557 321 253 94 400 97 150 390 43 521
internal_count=10497 3471 7026 1776 1695 783 42 993 1092 549 741 6099 399 927 603 579 603 482 462 427 557 321 253 94 400 97 150 390 43 521
is_linear=0
shrinkage=0.05


Tree=42
num_leaves=31
num_cat=0
split_feature=4 6 6 4 4 6 1 8 1 1 3 4 3 5 5 1 2 4 5 6 5 6 6 5 5 5 8 4 5 4
split_gain=9.88174e+06 839031 822113 143728 109394 60088.5 52453.5 46268.2 47104.7 39658.6 39306.1 48279.3 37117.7 38820.8 36876.9 30391.6 36223.6 30265.4 28046.5 27910.1 24951.1 44447.7 36597.4 27830.9 26572.9 29938 27717 24017.8 20937.7 49752.4
threshold=355.50000000000006 136.50000000000003 632.50000000000011 821.50000000000011 522.50000000000011 321.50000000000006 64.500000000000014 4.5000000000000009 828.50000000000011 772.50000000000011 99.500000000000014 588.50000000000011 44.500000000000007 51.500000000000007 82.500000000000014 605.50000000000011 49.500000000000007 531.50000000000011 92.500000000000014 443.50000000000006 99.500000000000014 426.50000000000006 468.50000000000006 85.500000000000014 71.500000000000014 81.500000000000014 10.500000000000002 204.50000000000003 73.500000000000014 617.50000000000011
decision_type=2 2 2 2 2 2 2 2 2 2 2 2 2 2 2 2 2 2 2 2 2 2 2 2 2 2 2 2 2 2
left_child=1 6 4 7 15 27 -1 8 10 -9 11 17 14 -14 -13 16 18 -4 -2 -18 21 24 -22 -23 26 -26 -7 -3 -6 -30
right_child=2 5 3 -5 28 20 -8 9 -10 -11 -12 12 13 -15 -16 -17 19 -19 -20 -21 22 23 -24 -25 25 -27 -28 -29 29 -31
leaf_value=-1.2453108993385302 0.91490714993114519 -0.28473703534124184 2.0545386864588813 4.0150111895134524 2.2551803352994333 1.3735797619600909 -0.65142771916215314 2.890325237551139 0.32120316823323569 3.7124189743231906 4.0818030929565436 2.7447786440772397 2.7745043200831261 0.095971067746480315 4.7253149542315258 2.9286398478916715 1.1329442401719945 -0.53260260701179507 -0.88242191895842559 1.7714125562959642 0.80054192629413334 1.37870452421553 -1.2036973539520712 3.6307026894196222 -1.6221437060314678 0.85430229329145879 -0.65134805202484136 0.23685660362730865 2.1809537253379823 -0.76975310266017916
leaf_weight=5858 227 397 26 466 559 109 397 402 24 231 40 124 31 24 29 28 350 20 24 335 69 34 34 23 23 26 20 497 50 20
leaf_count=5858 227 397 26 466 559 109 397 402 24 231 40 124 31 24 29 28 350 20 24 335 69 34 34 23 23 26 20 497 50 20
internal_value=-1.73084e-08 -0.97271 2.4195 3.29564 1.64015 0.219941 -1.20762 2.94314 2.45109 3.19033 2.62496 2.39553 2.71971 1.60569 3.12017 1.30546 1.2569 0.929695 0.743051 1.44519 0.787839 1.07225 0.138948 2.28741 0.683122 -0.308111 1.05964 0.00523169 2.1531 1.33789
internal_weight=10497 7487 3010 1417 1593 1232 6255 951 318 633 294 254 208 55 153 964 936 46 251 685 338 235 103 57 178 49 129 894 629 70
internal_count=10497 7487 3010 1417 1593 1232 6255 951 318 633 294 254 208 55 153 964 936 46 251 685 338 235 103 57 178 49 129 894 629 70
is_linear=0
shrinkage=0.05


Tree=43
num_leaves=31
num_cat=0
split_feature=4 4 6 6 4 4 6 0 2 0 0 0 5 2 1 5 5 6 1 6 0 0 5 3 4 4 4 6 0 5
split_gain=8.91827e+06 758136 741957 131437 99500.3 51701.3 46007.4 27924.3 29733.3 95553.3 28872.5 27712.2 27661.4 27621.1 25844.4 26647.5 24601.3 24192.5 41358.1 23892.4 23152.6 21347.3 21096.8 47939 39239.1 20866.2 20470.8 19977.8 17210.5 16630
threshold=355.50000000000006 129.50000000000003 632.50000000000011 805.50000000000011 534.50000000000011 247.50000000000003 37.500000000000007 24.550000000000004 59.500000000000007 23.150000000000002 21.450000000000003 26.050000000000004 98.500000000000014 72.500000000000014 764.50000000000011 81.500000000000014 59.500000000000007 582.50000000000011 562.50000000000011 717.50000000000011 15.050000000000002 16.050000000000004 73.500000000000014 33.500000000000007 720.50000000000011 948.50000000000011 443.50000000000006 426.50000000000006 23.850000000000005 96.500000000000014
decision_type=2 2 2 2 2 2 2 2 2 2 2 2 2 2 2 2 2 2 2 2 2 2 2 2 2 2 2 2 2 2
left_child=1 6 4 12 11 28 -1 8 9 -5 -10 13 14 17 15 20 -15 18 26 -16 -4 29 24 -24 27 -9 -2 -6 -3 -7
right_child=2 5 3 7 22 21 -8 25 10 -11 -12 -13 -14 16 19 -17 -18 -19 -20 -21 -22 -23 23 -25 -26 -27 -28 -29 -30 -31
leaf_value=-1.1946820933667779 0.68438822522710907 -0.27333104218118259 1.0858603275739229 3.8040895245291972 0.89203261581852156 -0.26087639745225949 -0.75355876189305726 3.8086222968766594 2.4086308679273056 -0.57575662136077888 4.2932632316977291 1.6888972370439899 1.6891383175055186 1.1223496002100763 4.829998025027189 4.0974668075298437 2.854961224868894 -0.30440519969252983 2.7609117276528305 3.0908797941059647 2.6165939359231434 0.72642872724596264 2.2872789363603334 -0.66004770669070156 3.6904512870311734 5.2679675615750829 1.2728346063379656 2.1497904352068362 0.27386620456730632 1.0149634697220542
leaf_weight=5588 307 446 26 33 34 113 661 423 31 20 59 276 60 42 22 29 40 34 34 193 495 434 37 22 40 26 285 442 212 33
leaf_count=5588 307 446 26 33 34 113 661 423 31 20 59 276 60 42 22 29 40 34 34 193 495 434 37 22 40 26 285 442 212 33
internal_value=3.95834e-09 -0.924075 2.29852 3.13086 1.55814 0.206332 -1.14802 3.69933 3.09084 2.15132 3.64411 1.26116 2.72293 1.10205 2.80402 2.62231 1.96753 0.994525 1.06507 3.26884 2.5402 0.550491 2.08394 1.18828 2.18635 3.89313 0.967677 2.05995 -0.0970304 0.0274984
internal_weight=10497 7487 3010 1417 1593 1238 6249 592 143 53 90 1018 825 742 765 550 82 660 626 215 521 580 575 59 516 449 592 476 658 146
internal_count=10497 7487 3010 1417 1593 1238 6249 592 143 53 90 1018 825 742 765 550 82 660 626 215 521 580 575 59 516 449 592 476 658 146
is_linear=0
shrinkage=0.05


Tree=44
num_leaves=31
num_cat=0
split_feature=4 4 4 6 1 2 5 1 6 4 4 3 0 4 0 1 3 1 2 0 2 3 5 0 0 4 1 8 4 5
split_gain=8.05001e+06 963661 324555 190991 94755.4 48495.6 130970 69161.9 45206.5 37636.8 34957.1 31443.3 29331.3 26082.6 25949.2 33515.5 24917.6 24075.7 23377 22424.7 21528.6 20887.6 19536.3 19507.8 36308.4 19467.4 17605.5 20326.6 19433 17490.2
threshold=269.50000000000006 559.50000000000011 68.500000000000014 745.50000000000011 447.50000000000006 40.500000000000007 74.500000000000014 756.50000000000011 880.50000000000011 176.50000000000003 658.50000000000011 47.500000000000007 26.250000000000004 895.50000000000011 19.250000000000004 596.50000000000011 11.500000000000002 340.50000000000006 76.500000000000014 15.750000000000002 42.500000000000007 12.500000000000002 44.500000000000007 19.950000000000003 17.250000000000004 680.50000000000011 400.50000000000006 3.5000000000000004 447.50000000000006 97.500000000000014
decision_type=2 2 2 2 2 2 2 2 2 2 2 2 2 2 2 2 2 2 2 2 2 2 2 2 2 2 2 2 2 2
left_child=2 4 -1 5 11 6 10 19 13 -4 21 12 -2 23 20 -16 -9 -11 26 -7 -6 -3 -21 24 -5 -24 28 -28 -13 -22
right_child=1 3 9 8 14 7 -8 16 -10 17 -12 18 -14 -15 15 -17 -18 -19 -20 22 29 -23 25 -25 -26 -27 27 -29 -30 -31
leaf_value=-1.1226136667572935 0.37195094709470056 1.9507027601502067 -0.4729904708114549 3.5986872714498768 0.09620209693908692 1.4752455415791028 -1.755798474412698 3.3488055048762142 3.7954550222312364 -0.00038365603962201418 2.9496419357531001 0.50080354268142546 1.1300663451985116 4.329613223591366 1.5469210052302369 2.5811713461828703 5.5393141078948975 1.1840806598358966 2.185010431289673 2.2119847609472454 1.5955272587086704 0.26714551007306137 2.6108056949312188 3.0579619678866914 1.0107919317303282 4.0283042907714846 0.83865528878043694 2.5675864639527659 1.662329311573759 0.65267331611309487
leaf_weight=5888 457 58 599 23 40 73 26 37 303 492 66 154 177 37 349 101 20 47 50 399 185 27 147 498 33 29 34 34 47 67
leaf_count=5888 457 58 599 23 40 73 26 37 303 492 66 154 177 37 349 101 20 47 50 399 185 27 147 498 33 29 34 34 47 67
internal_value=2.72682e-08 1.96998 -0.973215 2.78388 1.11719 2.26185 1.52192 2.44763 3.29889 -0.200227 2.08629 0.787323 0.583601 3.04431 1.54087 1.77905 4.11741 0.1029 1.19221 2.30075 1.1738 1.41593 2.40555 2.95847 2.07368 2.84437 1.00768 1.70312 0.772404 1.34485
internal_weight=10497 3471 7026 1776 1695 882 177 705 894 1138 151 953 634 591 742 450 57 539 319 648 292 85 575 554 56 176 269 68 201 252
internal_count=10497 3471 7026 1776 1695 882 177 705 894 1138 151 953 634 591 742 450 57 539 319 648 292 85 575 554 56 176 269 68 201 252
is_linear=0
shrinkage=0.05


Tree=45
num_leaves=31
num_cat=0
split_feature=4 6 6 4 4 6 1 1 5 8 3 6 2 6 5 5 6 0 4 8 0 8 4 2 3 5 0 5 3 4
split_gain=7.27222e+06 618865 605006 110870 78540.7 45607.1 39633.2 38338.5 29120.4 66178.2 75111.5 26741.3 25851.1 28040.7 21533.8 40080.5 34214.9 18445.1 17819.4 17180.7 16836 14984.2 14529.9 14256.5 32012.9 18887.6 13953.3 17376.8 23808.1 13139.1
threshold=355.50000000000006 136.50000000000003 673.50000000000011 522.50000000000011 830.50000000000011 321.50000000000006 787.50000000000011 64.500000000000014 94.500000000000014 3.5000000000000004 24.500000000000004 857.50000000000011 50.500000000000007 492.50000000000006 99.500000000000014 88.500000000000014 468.50000000000006 25.350000000000005 204.50000000000003 3.5000000000000004 29.450000000000003 9.5000000000000018 534.50000000000011 40.500000000000007 12.500000000000002 60.500000000000007 20.450000000000003 60.500000000000007 42.500000000000007 803.50000000000011
decision_type=2 2 2 2 2 2 2 2 2 2 2 2 2 2 2 2 2 2 2 2 2 2 2 2 2 2 2 2 2 2
left_child=1 7 3 12 8 18 19 -1 11 -10 -11 21 17 -14 15 26 -16 -2 -3 22 -6 -4 -5 24 -21 -25 27 -7 -29 -13
right_child=2 5 4 6 20 14 -8 -9 9 10 -12 29 13 -15 16 -17 -18 -19 -20 23 -22 -23 -24 25 -26 -27 -28 28 -30 -31
leaf_value=-1.0684214620423951 0.49280457241041814 -0.24698174604653414 2.7013815928742573 0.40546591696531875 3.1666693910815145 1.3479378954223966 4.0191641921346841 -0.56069328904114391 3.6186342730604366 2.5231435832977294 -1.3928835918505988 4.2021937176238664 1.0953099787265796 1.7886197218384881 0.72147169809626499 2.5643618429248987 -1.2164321822278641 1.3855784218013287 0.20229307687766404 2.0716014900314277 3.7939191723748835 1.7342052975366284 1.7023676000577581 2.1234329868383059 -0.12665589072487571 3.4601044843936792 1.0283989923944075 -1.1335411611725303 0.89904325294494625 2.8974308495862147
leaf_weight=5858 209 397 583 23 211 23 22 397 29 25 24 43 488 208 69 33 34 80 497 67 217 43 354 298 22 29 120 34 25 35
leaf_count=5858 209 397 583 23 211 23 22 397 29 25 24 43 488 208 69 33 34 80 497 67 217 43 354 298 22 29 120 34 25 35
internal_value=-1.45336e-08 -0.83445 2.07559 1.49439 2.94018 0.189838 1.92579 -1.0362 2.64216 1.72551 0.605089 2.74372 1.13745 1.30251 0.684594 0.948809 0.0817753 0.739939 0.00278289 1.86772 3.48469 2.63495 1.62325 2.08927 1.52821 2.24198 0.684882 0.182174 -0.272277 3.61672
internal_weight=10497 7487 3010 1800 1210 1232 815 6255 782 78 49 704 985 696 338 235 103 289 894 793 428 626 377 416 89 327 202 82 59 78
internal_count=10497 7487 3010 1800 1210 1232 815 6255 782 78 49 704 985 696 338 235 103 289 894 793 428 626 377 416 89 327 202 82 59 78
is_linear=0
shrinkage=0.05


Tree=46
num_leaves=31
num_cat=0
split_feature=4 6 6 4 4 6 1 1 5 8 3 6 2 5 0 5 6 0 6 5 5 5 8 4 8 4 0 0 1 4
split_gain=6.56318e+06 558525 546018 100060 70883 41160.4 35769 35165.4 26281.2 59725.8 67788.1 24134 23435.6 27041.1 19995.4 19434.2 37968.6 31416.8 36892 23201.2 22400.5 25998.9 24339.7 16082 15556.9 15654.4 15194.5 14198.9 14079.5 13567.4
threshold=355.50000000000006 136.50000000000003 673.50000000000011 522.50000000000011 830.50000000000011 321.50000000000006 787.50000000000011 37.500000000000007 94.500000000000014 3.5000000000000004 24.500000000000004 857.50000000000011 56.500000000000007 30.500000000000004 25.350000000000005 99.500000000000014 426.50000000000006 19.950000000000003 468.50000000000006 85.500000000000014 71.500000000000014 81.500000000000014 10.500000000000002 204.50000000000003 4.5000000000000009 753.50000000000011 29.450000000000003 23.750000000000004 365.50000000000006 534.50000000000011
decision_type=2 2 2 2 2 2 2 2 2 2 2 2 2 2 2 2 2 2 2 2 2 2 2 2 2 2 2 2 2 2
left_child=1 7 3 12 8 23 24 -1 11 -10 -11 -4 14 28 -2 16 20 18 -17 -18 22 -22 -7 -3 25 27 -6 29 -14 -5
right_child=2 5 4 6 26 15 -8 -9 9 10 -12 -13 13 -15 -16 17 19 -19 -20 -21 21 -23 -24 -25 -26 -27 -28 -29 -30 -31
leaf_value=-1.0253798365144882 0.60162010460531457 -0.23463266146268405 2.5031988387433488 0.46298989611864094 3.0083359446853262 1.1816107489920538 3.8182060371745714 -0.64152752672193836 3.4377025353497475 2.3969863777160643 -1.3232393870751062 3.4358870463493547 0.049660275146669271 1.5278122309478932 1.3587683322280646 0.33014113900937003 1.194791450921227 1.6201316338777543 -1.9999624624252321 3.2509620389212737 -1.5929088903510054 0.71487407798950497 -0.71594305753707888 0.19217842107702432 2.0135362699920507 2.7582397791055535 3.604223194512354 0.55901278998400716 1.0644691128382642 1.6699675775512195
leaf_weight=5587 319 397 626 25 211 109 22 668 29 25 24 78 49 384 120 53 34 25 25 23 23 26 20 497 366 26 217 37 113 339
leaf_count=5587 319 397 626 25 211 109 22 668 29 25 24 78 49 384 120 53 34 25 25 23 23 26 20 497 366 26 217 37 113 339
internal_value=6.14358e-09 -0.792727 1.97181 1.41967 2.79317 0.180346 1.8295 -0.984386 2.51005 1.63923 0.574835 2.60654 1.08058 1.29926 0.808585 0.650365 0.901368 0.0776865 -0.416687 2.02447 0.541722 -0.368371 0.887416 0.00264375 1.77433 1.5693 3.31046 1.49221 0.757521 1.58707
internal_weight=10497 7487 3010 1800 1210 1232 815 6255 782 78 49 704 985 546 439 338 235 103 78 57 178 49 129 894 793 427 428 401 162 364
internal_count=10497 7487 3010 1800 1210 1232 815 6255 782 78 49 704 985 546 439 338 235 103 78 57 178 49 129 894 793 427 428 401 162 364
is_linear=0
shrinkage=0.05


Tree=47
num_leaves=31
num_cat=0
split_feature=4 4 6 6 4 1 6 1 2 5 5 0 2 0 0 0 8 8 6 4 5 4 1 3 5 1 8 5 1 1
split_gain=5.92327e+06 505630 494102 90084.3 65542.4 37104.3 31204.7 24488.8 24922 25508.4 22471.4 21328.1 25116.4 88502.1 23784.1 20131.3 22291 19759.8 19434 17745.9 15513.6 44983.7 33029.7 20340.1 14529.2 14354.3 14086 35989.6 13809.6 15866.8
threshold=355.50000000000006 129.50000000000003 632.50000000000011 805.50000000000011 522.50000000000011 349.50000000000006 16.500000000000004 613.50000000000011 49.500000000000007 92.500000000000014 98.500000000000014 24.550000000000004 59.500000000000007 23.150000000000002 21.450000000000003 15.050000000000002 9.5000000000000018 4.5000000000000009 443.50000000000006 948.50000000000011 73.500000000000014 617.50000000000011 649.50000000000011 8.5000000000000018 43.500000000000007 262.50000000000006 9.5000000000000018 36.500000000000007 321.50000000000006 396.50000000000006
decision_type=2 2 2 2 2 2 2 2 2 2 2 2 2 2 2 2 2 2 2 2 2 2 2 2 2 2 2 2 2 2
left_child=1 6 4 10 7 17 -1 8 9 26 15 12 13 -5 -14 -4 -17 -3 -10 -13 22 23 24 -22 -6 -19 -2 -28 -20 -30
right_child=2 5 3 11 20 -7 -8 -9 18 -11 -12 19 14 -15 -16 16 -18 25 28 -21 21 -23 -24 -25 -26 -27 27 -29 29 -31
leaf_value=-0.98100499712995115 0.96977048685903078 -0.20719856225823363 0.97190141720431189 3.2184054296689504 1.4809353625102792 0.74311452117303145 -0.65871391106964461 2.6589991130612116 0.86595647329943537 -1.0037809514751037 1.2829631247123083 3.1145136604917809 1.878455198195673 -0.99674100399017329 3.5889739594217076 2.4324203758482148 1.5385424887522674 0.052248517570044777 2.6716193884611132 4.4603274712195766 2.8156479020913441 -1.039732382297516 2.7954514201897296 0.79709908698613829 2.1749133035700807 0.58412069961810731 0.86076600551605231 -1.6132339341299877 -0.046239624023437502 1.4084126803687584
leaf_weight=5376 159 450 28 33 399 230 873 22 350 24 60 423 31 20 59 659 78 363 20 26 24 20 67 26 93 195 49 21 20 299
leaf_count=5376 159 450 28 33 399 230 873 22 350 24 60 423 31 20 59 659 78 363 20 26 24 20 67 26 93 195 49 21 20 299
internal_value=-8.47244e-09 -0.753091 1.87322 2.55245 1.26903 0.17007 -0.93598 1.00997 0.971454 0.547045 2.21474 3.02308 2.49129 1.62778 2.9998 2.28782 2.33782 0.0393159 1.1273 3.19244 1.66607 0.964364 1.75395 1.766 1.61211 0.238118 0.709577 0.118566 1.39712 1.31721
internal_weight=10497 7487 3010 1417 1593 1238 6249 964 942 253 825 592 143 53 90 765 737 1008 689 449 629 70 559 50 492 558 229 70 339 319
internal_count=10497 7487 3010 1417 1593 1238 6249 964 942 253 825 592 143 53 90 765 737 1008 689 449 629 70 559 50 492 558 229 70 339 319
is_linear=0
shrinkage=0.05


Tree=48
num_leaves=31
num_cat=0
split_feature=4 4 4 4 1 8 1 4 6 1 8 0 1 6 2 3 5 0 2 2 8 5 2 2 3 3 5 3 5 0
split_gain=5.35124e+06 663176 197401 95590.5 95475.4 39987.9 42211.5 31972.6 30947.2 26076 24411 23420.6 21702.3 21546.3 31604.4 33648.9 29516.2 20371.9 21128.5 19849.8 25903.4 18079.3 20931 37526.5 16548.9 16350.8 15048.5 14918.2 20432.8 14422.3
threshold=261.50000000000006 594.50000000000011 68.500000000000014 825.50000000000011 479.50000000000006 4.5000000000000009 828.50000000000011 403.50000000000006 416.50000000000006 772.50000000000011 5.5000000000000009 24.950000000000003 284.50000000000006 681.50000000000011 56.500000000000007 47.500000000000007 78.500000000000014 16.050000000000004 68.500000000000014 41.500000000000007 10.500000000000002 23.500000000000004 47.500000000000007 41.500000000000007 16.500000000000004 3.5000000000000004 84.500000000000014 28.500000000000004 60.500000000000007 24.550000000000004
decision_type=2 2 2 2 2 2 2 2 2 2 2 2 2 2 2 2 2 2 2 2 2 2 2 2 2 2 2 2 2 2
left_child=2 4 -1 5 7 6 13 17 11 -7 -11 -4 -9 26 16 24 -15 18 -2 20 25 -19 23 -23 -16 -6 -3 28 -24 -5
right_child=1 3 8 29 19 9 -8 12 -10 10 -12 -13 -14 14 15 -17 -18 21 -20 -21 -22 22 27 -25 -26 -27 -28 -29 -30 -31
leaf_value=-0.91548046225393398 -0.38144449045700313 1.6955650465977765 -0.35980647835081914 2.543331153680247 1.6012154054151821 2.1175643716246384 -0.13685563036373682 2.24403951588799 1.4873886346817018 3.9526003602388742 2.5550981799316648 0.18506918819870988 0.92959358466657704 2.3687327291907336 1.311782307624817 -0.009574204683303833 4.3312561531066898 0.24119147105152125 0.81347548295151106 1.5320842762195159 -0.79844134807586675 0.96442832965403802 1.0540238935525725 -1.7964720374345782 3.3457986080646513 0.35343282397200421 0.3539296792901081 1.4294831783455964 -0.016327554173767567 3.1511596864142253
leaf_weight=5888 113 229 807 141 73 421 28 34 27 37 201 261 411 82 20 25 25 193 55 623 20 32 147 20 20 41 23 119 64 317
leaf_count=5888 113 229 807 141 73 421 28 34 27 37 201 261 411 82 20 25 25 193 55 623 20 32 147 20 20 41 23 119 64 317
internal_value=-1.52947e-08 1.59142 -0.800838 2.35619 0.974491 2.10561 1.74341 0.694853 -0.184385 2.35404 2.77236 -0.226649 1.03002 1.86758 2.29901 1.42942 2.82727 0.494112 0.00974955 1.41334 0.861273 0.63563 0.834914 -0.0974564 2.32879 1.15245 1.57311 0.981833 0.729368 2.96403
internal_weight=10497 3514 6983 1569 1945 1111 452 1188 1095 659 238 1068 445 424 172 65 107 743 168 757 134 575 382 52 40 114 252 330 211 458
internal_count=10497 3514 6983 1569 1945 1111 452 1188 1095 659 238 1068 445 424 172 65 107 743 168 757 134 575 382 52 40 114 252 330 211 458
is_linear=0
shrinkage=0.05


Tree=49
num_leaves=31
num_cat=0
split_feature=4 4 1 6 1 2 5 1 4 6 0 3 3 4 4 5 2 0 5 6 1 1 2 0 1 1 4 4 5 5
split_gain=4.8295e+06 599875 179331 123435 57158.8 34741.8 98142.9 52374.3 28018.1 25543.4 25517.4 46736.6 24311.2 23811.8 22703.2 23703.2 22500.7 29111.8 26363.9 19686.3 26418.8 19875.1 19092.9 18064.2 16774.3 16562.5 15528.5 14082.2 12704.4 12392.1
threshold=261.50000000000006 553.50000000000011 100.50000000000001 764.50000000000011 472.50000000000006 40.500000000000007 74.500000000000014 809.50000000000011 658.50000000000011 443.50000000000006 20.150000000000002 48.500000000000007 99.500000000000014 881.50000000000011 676.50000000000011 59.500000000000007 76.500000000000014 16.050000000000004 59.500000000000007 735.50000000000011 681.50000000000011 628.50000000000011 36.500000000000007 23.850000000000005 923.50000000000011 2.5000000000000004 435.50000000000006 408.50000000000006 36.500000000000007 23.500000000000004
decision_type=2 2 2 2 2 2 2 2 2 2 2 2 2 2 2 2 2 2 2 2 2 2 2 2 2 2 2 2 2 2
left_child=2 4 25 5 16 6 8 14 22 23 11 -5 13 24 28 -16 17 26 -18 20 21 -6 -3 -4 -12 -1 -2 29 -7 -19
right_child=1 3 9 10 19 7 -8 -9 -10 -11 12 -13 -14 -15 15 -17 18 27 -20 -21 -22 -23 -24 -25 -26 -27 -28 -29 -30 -31
leaf_value=-0.89342910226037064 -0.19684504337192321 1.5852694134243199 -0.29601719429780149 2.9688725818758428 1.1740782713468825 1.4116256116296104 -1.4952976058269369 4.2802813488504166 2.3342241021990779 1.6269156529789879 2.3670562820473022 -0.33599489152431494 4.2499376356601717 3.0544949698343613 2.0655515133619748 3.6190650304158534 0.61779775382442914 0.24350117398133375 2.4422897047466705 2.7466777056455616 -0.59705533564090729 2.4236288209171857 0.09230896577690588 0.1923321519592511 3.672083440193763 -0.66896370903829516 0.67821850007450257 1.0192540279230264 1.9138863738823912 0.73987389134810033
leaf_weight=5118 161 61 585 23 497 259 29 23 80 21 465 20 24 228 271 27 44 191 36 21 20 34 33 280 26 979 74 254 245 368
leaf_count=5118 161 61 585 23 497 259 29 23 80 21 465 20 24 228 271 27 44 191 36 21 20 34 33 280 26 979 74 254 245 368
internal_value=1.21044e-08 1.51185 -0.760796 2.14427 0.83702 1.78362 1.19764 1.9278 1.64647 -0.0961082 2.61596 1.43172 2.68449 2.63224 1.86034 2.20631 0.630562 0.568864 1.43882 1.24416 1.1869 1.25409 1.06115 -0.137939 2.43616 -0.857387 0.0787069 0.710545 1.65578 0.570272
internal_weight=10497 3514 6983 1814 1700 1028 203 825 174 886 786 43 743 719 802 298 1128 1048 80 572 551 531 94 865 491 6097 235 813 504 559
internal_count=10497 3514 6983 1814 1700 1028 203 825 174 886 786 43 743 719 802 298 1128 1048 80 572 551 531 94 865 491 6097 235 813 504 559
is_linear=0
shrinkage=0.05


Tree=50
num_leaves=31
num_cat=0
split_feature=4 4 6 4 2 5 1 0 1 0 2 4 4 3 4 0 2 3 8 5 4 1 0 5 0 5 4 1 1 2
split_gain=4.36269e+06 373096 365716 105067 35236.7 110387 52862.2 27385.5 26999.1 25614.2 50112 25050.6 23351 21698 24976.1 20990 22230 20601.5 16070.7 15798.3 18725.8 15594.9 15171.5 16921.9 15883.3 33265.1 19887 17419.7 21084.5 14730.6
threshold=355.50000000000006 129.50000000000003 742.50000000000011 553.50000000000011 40.500000000000007 74.500000000000014 756.50000000000011 19.950000000000003 349.50000000000006 17.250000000000004 57.500000000000007 658.50000000000011 3.5000000000000004 99.500000000000014 881.50000000000011 26.050000000000004 78.500000000000014 11.500000000000002 4.5000000000000009 44.500000000000007 680.50000000000011 923.50000000000011 15.950000000000001 82.500000000000014 16.450000000000003 50.500000000000007 423.50000000000006 515.50000000000011 443.50000000000006 33.500000000000007
decision_type=2 2 2 2 2 2 2 2 2 2 2 2 2 2 2 2 2 2 2 2 2 2 2 2 2 2 2 2 2 2
left_child=1 12 3 15 5 11 19 9 18 -4 -11 29 -1 14 21 16 22 -8 -3 -6 -21 -9 23 -2 25 -24 27 28 -26 -5
right_child=2 8 7 4 6 -7 17 13 -10 10 -12 -13 -14 -15 -16 -17 -18 -19 -20 20 -22 -23 24 -25 26 -27 -28 -29 -30 -31
leaf_value=-0.84809044474744177 0.11282565317944521 -0.18716892683754366 2.7259169502258302 1.6633289370425914 1.5183787481435636 -1.9922638407120339 2.5649733981570684 2.2366010587520173 0.63550371004835426 2.431610425313314 -1.0225812358515602 2.2763909174845769 -0.59430304749191487 3.8069936081286402 2.9041717479763935 1.2772792783291729 2.3013852551579475 4.5567540311813355 0.21443135514588341 1.8499215573249828 3.2257687108270057 3.4884793281555178 0.53191059017181397 1.3681122534202808 0.30430325882768394 3.2312872832729704 1.0017109741966654 -0.96550131184714183 1.6994356772213273 0.38910563935836162
leaf_weight=5149 144 450 25 43 466 26 37 576 230 21 21 65 1100 31 229 316 24 20 558 168 29 26 25 33 151 21 411 21 33 48
leaf_count=5149 144 450 25 43 466 26 37 576 230 21 21 65 1100 31 229 316 24 20 558 168 29 26 25 33 151 21 411 21 33 48
internal_value=3.79898e-09 -0.646315 1.60763 1.23939 1.64557 1.02399 1.80269 2.4325 0.146682 1.45877 0.704515 1.5267 -0.803417 2.50818 2.45973 0.928636 0.800975 3.26384 0.0351455 1.67707 2.05246 2.29067 0.758055 0.346862 0.867996 1.76423 0.80107 0.398808 0.554517 0.991211
internal_weight=10497 7487 3010 2081 902 182 720 929 1238 67 42 156 6249 862 831 1179 863 57 1008 663 197 602 839 177 662 46 616 205 184 91
internal_count=10497 7487 3010 2081 902 182 720 929 1238 67 42 156 6249 862 831 1179 863 57 1008 663 197 602 839 177 662 46 616 205 184 91
is_linear=0
shrinkage=0.05


Tree=51
num_leaves=31
num_cat=0
split_feature=4 6 4 4 4 0 6 4 2 5 1 3 2 5 3 0 5 6 2 0 4 5 8 4 8 1 3 4 3 5
split_gain=3.94057e+06 489342 145748 94493.5 63109.3 27866.6 24585.8 24383.1 24103.7 45010.3 28363.9 20328.2 29984.5 35255.6 25200.3 23655.5 20196.2 20191.1 18901.4 18177.1 18103.2 17729.6 17596.7 23841.7 17931.9 28030.9 38356.1 35645.8 32875 29896.6
threshold=261.50000000000006 593.50000000000011 68.500000000000014 712.50000000000011 481.50000000000006 15.850000000000003 416.50000000000006 881.50000000000011 46.500000000000007 51.500000000000007 632.50000000000011 25.500000000000004 47.500000000000007 48.500000000000007 92.500000000000014 23.350000000000005 55.500000000000007 532.50000000000011 76.500000000000014 24.950000000000003 331.50000000000006 74.500000000000014 9.5000000000000018 598.50000000000011 4.5000000000000009 593.50000000000011 46.500000000000007 588.50000000000011 72.500000000000014 82.500000000000014
decision_type=2 2 2 2 2 2 2 2 2 2 2 2 2 2 2 2 2 2 2 2 2 2 2 2 2 2 2 2 2 2
left_child=2 4 -1 22 5 18 19 -5 9 -6 -10 15 16 -14 -15 17 -13 20 -2 -4 -7 -16 24 -24 25 -3 27 -27 -28 -29
right_child=1 3 6 7 8 11 -8 -9 10 -11 -12 12 13 14 21 -17 -18 -19 -20 -21 -22 -23 23 -25 -26 26 28 29 -30 -31
leaf_value=-0.78572973597639129 -0.066929608656138909 2.1912656330579039 -0.31250502952043302 2.1733157391912457 1.0565840573190786 -0.24089020176298834 1.3325524493500041 2.7594745250309218 1.2592960799542077 -1.1743697431352405 2.5078218733563147 0.83294068134349331 0.55499130540273411 2.2301535548797502 2.0603878638018731 0.85217248780483557 -1.3395589178800584 -1.2425156631640026 1.2059857184396072 0.16751668833167618 0.60534943042989453 0.32597161851278167 -0.59747525453567507 1.330236225805165 1.9009076617354919 0.40583453926275359 -1.7175315904617312 1.4906178245113957 0.8995195213953654 3.468686266128834
leaf_weight=5888 205 74 807 697 139 89 27 238 421 27 51 23 110 96 23 341 20 21 34 261 218 41 20 81 344 53 20 72 30 26
leaf_count=5888 205 74 807 697 139 89 27 238 421 27 51 23 110 96 23 341 20 21 34 261 218 41 20 81 344 53 20 72 30 26
internal_value=2.04383e-08 1.36564 -0.687221 1.99098 0.808925 0.598339 -0.157526 2.32252 1.21194 0.693718 1.3942 0.71618 1.04877 1.24406 1.7178 0.560575 -0.177524 0.257421 0.114155 -0.195196 0.360023 0.949277 1.56044 0.948511 1.66029 1.3593 1.05301 1.45046 -0.147301 2.01541
internal_weight=10497 3514 6983 1655 1859 1221 1095 935 638 166 472 982 313 270 160 669 43 328 239 1068 307 64 720 101 619 275 201 151 50 98
internal_count=10497 3514 6983 1655 1859 1221 1095 935 638 166 472 982 313 270 160 669 43 328 239 1068 307 64 720 101 619 275 201 151 50 98
is_linear=0
shrinkage=0.05


Tree=52
num_leaves=31
num_cat=0
split_feature=4 6 6 4 2 5 1 1 5 6 2 3 6 4 4 3 0 3 5 0 0 6 1 4 1 1 5 6 5 0
split_gain=3.56058e+06 341214 284858 74806.6 30053.8 96339 45826.7 25761.1 23842.2 37812.2 26343 30854.1 22267.5 21716.2 19193.1 18580.4 18439.9 22007.1 23607.6 50074.5 33549 22518.9 17690.3 17333.2 16018.7 15941.8 17898.4 15939.2 15709.3 14838.9
threshold=370.50000000000006 136.50000000000003 742.50000000000011 553.50000000000011 40.500000000000007 74.500000000000014 756.50000000000011 349.50000000000006 99.500000000000014 496.50000000000006 60.500000000000007 16.500000000000004 897.50000000000011 658.50000000000011 3.5000000000000004 11.500000000000002 18.350000000000005 20.500000000000004 79.500000000000014 16.650000000000002 15.15 546.50000000000011 899.50000000000011 489.50000000000006 887.50000000000011 534.50000000000011 79.500000000000014 492.50000000000006 64.500000000000014 15.750000000000002
decision_type=2 2 2 2 2 2 2 2 2 2 2 2 2 2 2 2 2 2 2 2 2 2 2 2 2 2 2 2 2 2
left_child=1 14 3 16 5 13 29 -3 9 -9 11 -10 22 -5 -1 -8 17 21 27 20 -20 23 -4 -2 -14 -18 28 -19 -27 -6
right_child=2 7 12 4 6 -7 15 8 10 -11 -12 -13 24 -15 -16 -17 25 18 19 -21 -22 -23 -24 -25 -26 26 -28 -29 -30 -31
leaf_value=-0.76639941830059977 0.11000325909004577 0.039579549649276513 1.9941831863392148 0.88048769616736822 0.86381886063191371 -1.9083710977664361 2.3253319843395337 0.63598030535359462 -1.1399068577658562 2.91990795865655 -1.5433682580788932 1.2268407461047173 3.5936976548698212 2.0770807174535899 -0.53699897706797783 4.216888303756714 0.87989571118188481 0.36811792556821865 1.489801135659218 -0.017513752556764163 4.2625823071599012 -1.129367340528048 3.0093342765517859 1.1571817650877196 2.4501258651221676 1.4972496308078451 0.58514385751270237 1.4188715545498596 3.0099402666091919 1.5979982803596391
leaf_weight=5149 124 1022 640 91 78 26 37 193 21 20 24 40 36 65 1108 20 439 137 24 26 20 26 46 58 205 121 47 49 20 585
leaf_count=5149 124 1022 640 91 78 26 37 193 21 20 24 40 36 65 1108 20 439 137 24 26 20 26 46 58 205 121 47 49 20 585
internal_value=1.1782e-08 -0.571664 1.48339 1.14658 1.48348 0.909434 1.62859 0.158854 0.56791 0.850434 -0.140062 0.412059 2.2075 1.37907 -0.725777 2.98904 0.868051 0.629099 0.939486 1.72216 2.75016 0.247084 2.06225 0.443719 2.62095 1.04488 1.43015 0.644929 1.71182 1.51162
internal_weight=10497 7577 2920 1993 902 182 720 1320 298 213 85 61 927 156 6257 57 1091 464 256 70 44 208 686 182 241 627 188 186 141 663
internal_count=10497 7577 2920 1993 902 182 720 1320 298 213 85 61 927 156 6257 57 1091 464 256 70 44 208 686 182 241 627 188 186 141 663
is_linear=0
shrinkage=0.05


Tree=53
num_leaves=31
num_cat=0
split_feature=4 6 1 4 4 0 2 5 1 6 4 6 3 2 5 3 0 5 6 2 5 8 4 0 0 0 3 5 0 3
split_gain=3.21392e+06 398054 119077 77065.8 50971.8 24152.4 20750.8 38304.8 23888.6 20258.9 19965.9 19472.3 17765 27183.4 30521 21871.6 20404.1 18543 18125.8 16889.1 16301.3 15669.7 20866.1 16953.9 23603.8 32403.5 29396.2 40945.2 15856.3 37183.8
threshold=261.50000000000006 593.50000000000011 100.50000000000001 712.50000000000011 481.50000000000006 15.850000000000003 46.500000000000007 51.500000000000007 632.50000000000011 880.50000000000011 902.00000000000011 443.50000000000006 25.500000000000004 47.500000000000007 48.500000000000007 92.500000000000014 23.350000000000005 55.500000000000007 532.50000000000011 76.500000000000014 74.500000000000014 9.5000000000000018 607.50000000000011 14.950000000000001 17.350000000000005 19.850000000000005 19.500000000000004 59.500000000000007 22.450000000000003 26.500000000000004
decision_type=2 2 2 2 2 2 2 2 2 2 2 2 2 2 2 2 2 2 2 2 2 2 2 2 2 2 2 2 2 2
left_child=2 4 -1 21 5 19 7 -6 -8 10 -5 -4 16 17 -15 -16 18 -14 -7 -2 -17 23 -23 -3 -25 26 -26 -28 29 -27
right_child=1 3 11 9 6 12 8 -9 -10 -11 -12 -13 13 14 15 20 -18 -19 -20 -21 -22 22 -24 24 25 28 27 -29 -30 -31
leaf_value=-0.69934123166622486 -0.079984588070613594 0.41730673804002649 -0.11552471874895467 1.8711114577206467 0.94731686132417314 0.32185784282287166 1.138704370816997 -1.1107584950548632 2.2845079579774072 2.4353362923612201 3.1342365178194918 1.4253889296026458 0.76318791592898583 0.50738746317950167 2.0666209647742408 1.9387494049642395 0.7770120789316044 -1.3184971591830255 -1.1965081260317849 1.1232644677162171 0.27566222475796209 -0.49241579926532247 1.2213044463059841 2.4343397980150971 1.5979354615509511 1.3892908467186822 1.0999893974374844 -1.7708612778912423 1.5094821530077049 3.9629889197971511
leaf_weight=6097 205 34 865 602 139 307 421 27 51 300 33 21 23 110 96 23 341 20 21 34 41 23 78 69 40 36 27 23 367 23
leaf_count=6097 205 34 865 602 139 307 421 27 51 300 33 21 23 110 96 23 341 20 21 34 41 23 78 69 40 36 27 23 367 23
internal_value=9.67215e-09 1.23332 -0.620633 1.79732 0.731208 0.541952 1.0934 0.61257 1.26251 2.09673 1.93675 -0.0790019 0.65166 0.962572 1.14852 1.58931 0.506196 -0.205038 0.224645 0.0911889 0.873334 1.40851 0.831051 1.50273 1.56581 1.44967 0.587637 -0.220602 1.63179 2.3926
internal_weight=10497 3514 6983 1655 1859 1221 638 166 472 935 635 886 982 313 270 160 669 43 328 239 64 720 101 619 585 516 90 50 426 59
internal_count=10497 3514 6983 1655 1859 1221 638 166 472 935 635 886 982 313 270 160 669 43 328 239 64 720 101 619 585 516 90 50 426 59
is_linear=0
shrinkage=0.05


Tree=54
num_leaves=31
num_cat=0
split_feature=4 4 6 4 2 5 1 4 3 8 3 6 5 5 1 5 4 2 0 1 5 2 3 5 0 2 0 1 5 2
split_gain=2.9089e+06 277176 232299 60363 25862 84506.3 40911.4 23164.9 20112.8 28761.3 32745 27080.9 32166.3 22734.2 19406.3 19192.3 19006.3 16936.3 21092.4 16446.9 14840.6 30859.3 30500.5 24898 15857.3 27721.4 14477.2 13361.1 22413.3 13344.4
threshold=370.50000000000006 156.50000000000003 742.50000000000011 553.50000000000011 40.500000000000007 74.500000000000014 809.50000000000011 57.500000000000007 98.500000000000014 4.5000000000000009 46.500000000000007 864.50000000000011 82.500000000000014 16.500000000000004 854.50000000000011 43.500000000000007 658.50000000000011 78.500000000000014 17.950000000000003 349.50000000000006 99.500000000000014 60.500000000000007 19.500000000000004 85.500000000000014 20.350000000000005 62.500000000000007 15.750000000000002 426.50000000000006 58.500000000000007 36.500000000000007
decision_type=2 2 2 2 2 2 2 2 2 2 2 2 2 2 2 2 2 2 2 2 2 2 2 2 2 2 2 2 2 2
left_child=1 7 3 17 5 16 26 -1 9 10 11 12 13 -4 -11 -10 29 18 -2 -3 23 22 -22 24 25 -21 -6 28 -20 -5
right_child=2 19 8 4 6 -7 -8 -9 15 14 -12 -13 -14 -15 -16 -17 -18 -19 27 20 21 -23 -24 -25 -26 -27 -28 -29 -30 -31
leaf_value=-0.67787110682462448 0.47209624863436395 0.077400497440454782 2.2584115982055666 1.2260741737939544 0.76648644159237556 -1.8323402844942533 3.6483470508030487 -0.34875357069455781 2.0361052076021831 1.8065685121253843 -0.10986921864171183 -0.019461407065391539 3.5641582317352296 0.71416134737770676 2.3304586233226607 4.0806452404369002 1.899611478937933 2.1926369366191683 0.79178298799957658 0.54062373178160716 -0.94754259813399555 -1.6163921213668324 1.4627717564361438 1.887895861424898 0.85041200939182926 -1.689125369489193 1.4891868465260609 1.0683334141470415 -0.79244085183510427 -0.04198356326669455
leaf_weight=5794 401 904 52 59 78 26 21 589 24 336 31 20 25 44 373 22 65 21 158 46 21 23 35 38 107 20 621 485 26 32
leaf_count=5794 401 904 52 59 78 26 21 589 24 336 31 20 25 44 373 22 65 21 158 46 21 23 35 38 107 20 621 485 26 32
internal_value=-4.56646e-10 -0.516707 1.34078 1.03663 1.33926 0.806752 1.47387 -0.647501 1.99469 1.94147 1.36145 1.68493 1.96665 1.55063 2.08218 3.01393 1.2466 0.786431 0.758832 0.182506 0.510145 -0.0744102 0.558904 0.729006 0.474452 -0.135058 1.40854 0.930702 0.567925 0.780164
internal_weight=10497 7577 2920 1993 902 182 720 6383 927 881 172 141 121 96 709 46 156 1091 1070 1194 290 79 56 211 173 66 699 669 184 91
internal_count=10497 7577 2920 1993 902 182 720 6383 927 881 172 141 121 96 709 46 156 1091 1070 1194 290 79 56 211 173 66 699 669 184 91
is_linear=0
shrinkage=0.05


Tree=55
num_leaves=31
num_cat=0
split_feature=4 4 6 4 2 5 1 6 3 8 5 0 3 1 5 4 3 2 0 1 5 2 5 4 5 2 3 5 0 2
split_gain=2.62528e+06 250151 209650 54477.6 23340.5 76266.9 37052.4 21126.3 18151.8 25957.1 30585.6 57624.1 27745.8 17514.2 17321.1 17300.8 16087.3 15285 19035.9 14843.3 14656.9 14631.5 14262.5 15854 13393.7 27850.5 27526.7 22470.4 14311.2 25018.6
threshold=370.50000000000006 156.50000000000003 742.50000000000011 553.50000000000011 40.500000000000007 74.500000000000014 756.50000000000011 64.500000000000014 98.500000000000014 4.5000000000000009 10.500000000000002 23.150000000000002 46.500000000000007 854.50000000000011 43.500000000000007 668.50000000000011 11.500000000000002 78.500000000000014 17.950000000000003 349.50000000000006 82.500000000000014 36.500000000000007 44.500000000000007 680.50000000000011 99.500000000000014 60.500000000000007 19.500000000000004 85.500000000000014 20.350000000000005 62.500000000000007
decision_type=2 2 2 2 2 2 2 2 2 2 2 2 2 2 2 2 2 2 2 2 2 2 2 2 2 2 2 2 2 2
left_child=1 7 3 17 5 15 22 -1 9 10 -4 12 20 -11 -10 21 -8 18 -2 -3 -12 -5 -6 -24 27 26 -26 28 29 -21
right_child=2 19 8 4 6 -7 16 -9 14 13 11 -13 -14 -15 -16 -17 -18 -19 -20 24 -22 -23 23 -25 25 -27 -28 -29 -30 -31
leaf_value=-0.64224469462547518 0.44849143836349992 0.073530470299178044 2.2529969658170428 1.2245949761832462 1.1442235580617524 -1.7407232279960927 2.0058978570474162 -0.31000468099566675 1.9342999279499056 1.7162400868943051 1.4938197793104711 -0.97543128887191421 0.038045559758725374 2.2139356882898165 3.8766129580411048 1.9079458152806319 3.7659826493263249 2.083005105881464 0.88416734979458722 0.51359255158382922 3.1078533432700421 -0.04574612501789542 1.4653205977087576 2.7312771912278802 -0.90016540799822131 -1.5355724897073664 1.3896331388609751 1.793501119237197 0.80789140515621305 -1.6046690958738328
leaf_weight=5862 401 904 56 68 466 26 37 521 24 336 39 32 23 373 22 54 20 21 669 46 22 34 168 29 21 23 35 38 107 20
leaf_count=5862 401 904 56 68 466 26 37 521 24 336 39 32 23 373 22 54 20 21 669 46 22 34 168 29 21 23 35 38 107 20
internal_value=1.4454e-08 -0.490872 1.27374 0.984802 1.2723 0.766414 1.40018 -0.615126 1.89496 1.8444 1.29338 0.830112 1.51794 1.97807 2.86323 1.18427 2.62347 0.747109 0.720891 0.173381 2.07593 0.801148 1.29501 1.65168 0.484637 -0.0706896 0.530959 0.692556 0.45073 -0.128305
internal_weight=10497 7577 2920 1993 902 182 720 6383 927 881 172 116 84 709 46 156 57 1091 1070 1194 61 102 663 197 290 79 56 211 173 66
internal_count=10497 7577 2920 1993 902 182 720 6383 927 881 172 116 84 709 46 156 57 1091 1070 1194 61 102 663 197 290 79 56 211 173 66
is_linear=0
shrinkage=0.05


Tree=56
num_leaves=31
num_cat=0
split_feature=4 6 6 4 2 5 1 4 3 8 5 8 0 5 5 1 4 5 2 1 1 2 1 0 5 6 8 5 5 4
split_gain=2.36931e+06 226440 189209 49166 21064.8 68830.9 34386.9 17123.4 16382 23426.3 27603.5 52172.8 75407.2 28770.5 16745.8 15806.5 15647.2 15632.3 15026 14815.1 18595.7 14805.2 14512.3 12770.8 12766.7 12654 12405 27650.9 11673 13522
threshold=370.50000000000006 136.50000000000003 742.50000000000011 553.50000000000011 40.500000000000007 74.500000000000014 809.50000000000011 229.50000000000003 98.500000000000014 4.5000000000000009 10.500000000000002 3.5000000000000004 24.250000000000004 81.500000000000014 56.500000000000007 854.50000000000011 741.50000000000011 43.500000000000007 37.500000000000007 696.50000000000011 621.50000000000011 49.500000000000007 1.5000000000000002 15.750000000000002 16.500000000000004 333.50000000000006 10.500000000000002 34.500000000000007 44.500000000000007 676.50000000000011
decision_type=2 2 2 2 2 2 2 2 2 2 2 2 2 2 2 2 2 2 2 2 2 2 2 2 2 2 2 2 2 2
left_child=1 22 3 19 5 16 23 25 9 10 -4 13 14 -12 -13 -11 18 -10 -5 20 21 26 -1 -6 -23 -3 -2 -28 -25 -30
right_child=2 7 8 4 6 -7 -8 -9 17 15 11 12 -14 -15 -16 -17 -18 -19 -20 -21 -22 24 -24 28 -26 -27 27 -29 29 -31
leaf_value=-0.6286994636658263 0.52699564597022686 -0.1394768814968082 2.1403471176113404 1.213306224539876 0.66724596825929794 -1.6536870672152593 3.3237281254359652 0.28796475947544375 1.8375849574804306 1.6304280855160738 1.0408762291499547 1.9956759322257271 -2.7353088086843496 3.4181315851211553 -0.025898878574371339 2.1032388935619641 2.2994343161582949 3.6827824029055507 -0.031505930051207547 -0.63855804264545446 1.7791902187393935 0.44706276820674129 -0.43441744002593685 1.203177542790048 0.93021015997656198 0.7717778755397332 0.78912725189457777 -1.7529004338383676 1.4651007818662567 2.5316495489429784
leaf_weight=5071 247 538 56 100 78 26 21 741 24 336 35 21 20 20 20 373 24 22 32 20 41 181 1186 433 559 41 23 20 151 37
leaf_count=5071 247 538 56 100 78 26 21 741 24 336 35 21 20 20 20 373 24 22 32 20 41 181 1186 433 559 41 23 20 151 37
internal_value=4.35075e-09 -0.466328 1.21006 0.935562 1.20868 0.728093 1.33017 0.128777 1.80021 1.75218 1.22871 0.788606 -0.218278 1.90533 1.00954 1.87917 1.12506 2.72007 0.911534 0.709754 0.734932 0.693365 -0.591874 1.27028 0.812035 -0.0749493 0.390551 -0.393211 1.34602 1.67501
internal_weight=10497 7577 2920 1993 902 182 720 1320 927 881 172 116 61 55 41 709 156 46 132 1091 1071 1030 6257 699 740 579 290 43 621 188
internal_count=10497 7577 2920 1993 902 182 720 1320 927 881 172 116 61 55 41 709 156 46 132 1091 1071 1030 6257 699 740 579 290 43 621 188
is_linear=0
shrinkage=0.05


Tree=57
num_leaves=31
num_cat=0
split_feature=4 6 4 4 4 2 5 1 0 5 2 5 0 6 5 0 4 5 0 6 2 8 3 1 8 3 3 3 3 0
split_gain=2.13859e+06 265356 79627.1 51274.5 35751.3 22306.6 32874.8 23033.9 18040.7 17235.4 17087.9 27821.7 21822.6 16593.9 14850.4 14843.7 14777.9 15437.7 13947.2 18457.7 13110.1 13042.4 17772.8 17397.2 22030 34427.5 28029.7 26843.3 23687.6 14887.6
threshold=261.50000000000006 593.50000000000011 68.500000000000014 712.50000000000011 447.50000000000006 46.500000000000007 58.500000000000007 632.50000000000011 19.350000000000005 97.500000000000014 71.500000000000014 74.500000000000014 15.850000000000003 416.50000000000006 43.500000000000007 23.850000000000005 931.50000000000011 37.500000000000007 14.050000000000002 413.50000000000006 62.500000000000007 9.5000000000000018 24.500000000000004 593.50000000000011 4.5000000000000009 46.500000000000007 26.500000000000004 72.500000000000014 11.500000000000002 22.750000000000004
decision_type=2 2 2 2 2 2 2 2 2 2 2 2 2 2 2 2 2 2 2 2 2 2 2 2 2 2 2 2 2 2
left_child=2 4 -1 21 10 6 -6 9 20 14 12 -12 18 15 -7 -4 17 -10 -2 -20 -5 23 -23 -3 25 26 28 -27 -25 -26
right_child=1 3 13 8 5 7 -8 -9 16 -11 11 -13 -14 -15 -16 -17 -18 -19 19 -21 -22 22 -24 24 29 27 -28 -29 -30 -31
leaf_value=-0.57908100529501727 0.28932378102146405 1.8356622141629164 -0.26707253422836463 1.3844760237170048 0.67718175061492492 0.7827628687320447 -0.97498082419236509 2.0003392462547009 1.5379904634710673 -0.19074232429265978 0.45704425579192592 1.9860834723427183 0.43014475650413186 1.109421897376025 1.3442103197250916 0.14057236559269512 2.404844261337729 2.0025335978401801 -0.21745906354951081 -1.9068145443092694 -0.039281639727679174 1.0435139946639538 -0.42251607220748383 1.1855513806092113 2.6983904823660851 -1.8472416466474535 2.6524367014567058 0.51757227659225469 -0.38732900191098452 1.289042251185837
leaf_weight=5888 71 101 750 61 184 352 36 52 483 34 102 42 726 27 177 318 85 284 61 22 22 72 29 95 20 20 24 30 32 297
leaf_count=5888 71 101 750 61 184 352 36 52 483 34 102 42 726 27 177 318 85 284 61 22 22 72 29 95 20 20 24 30 32 297
internal_value=4.6928e-10 1.00605 -0.506269 1.46655 0.596094 0.838913 0.406828 0.99348 1.71077 0.900484 0.398092 0.903014 0.315468 -0.114747 0.97062 -0.145695 1.77932 1.71 -0.225149 -0.66524 1.00709 1.1494 0.622575 1.23536 1.11831 0.708824 1.08537 -0.428353 0.789235 1.37796
internal_weight=10497 3514 6983 1655 1859 835 220 615 935 563 1024 144 880 1095 529 1068 852 767 154 83 83 720 101 619 518 201 151 50 127 317
internal_count=10497 3514 6983 1655 1859 835 220 615 935 563 1024 144 880 1095 529 1068 852 767 154 83 83 720 101 619 518 201 151 50 127 317
is_linear=0
shrinkage=0.05


Tree=58
num_leaves=31
num_cat=0
split_feature=4 4 6 4 6 8 1 0 5 1 3 0 3 4 5 2 5 8 0 6 5 3 3 0 2 7 3 6 5 0
split_gain=1.93458e+06 185141 154800 40486.9 20736.6 16844.6 32041.9 27270.7 104508 17618 14948.5 20601.4 48819.3 14389.1 14120.9 13982.4 13403.1 12873.2 17759.5 29352.1 27316.7 14166 13726.3 17300.4 14148.8 15384.2 14113.6 12456.3 11673.7 12961.8
threshold=370.50000000000006 179.50000000000003 742.50000000000011 522.50000000000011 37.500000000000007 4.5000000000000009 783.50000000000011 23.750000000000004 43.500000000000007 707.50000000000011 98.500000000000014 19.950000000000003 45.500000000000007 931.50000000000011 43.500000000000007 56.500000000000007 30.500000000000004 4.5000000000000009 17.950000000000003 462.50000000000006 75.500000000000014 93.500000000000014 47.500000000000007 20.650000000000002 63.500000000000007 11.500000000000002 21.500000000000004 317.50000000000006 36.500000000000007 29.450000000000003
decision_type=2 2 2 2 2 2 2 2 2 2 2 2 2 2 2 2 2 2 2 2 2 2 2 2 2 2 2 2 2 2
left_child=1 4 3 15 -1 7 -7 9 -9 -5 11 12 -4 28 -12 -2 -17 18 19 -3 -20 -22 23 26 25 -24 -19 -26 29 -13
right_child=2 17 10 5 -6 6 -8 8 -10 -11 14 13 -14 -15 -16 16 -18 22 20 -21 21 -23 24 -25 27 -27 -28 -29 -30 -31
leaf_value=-0.55770310686771574 0.38476211934435917 0.05053801768387739 1.84848917530429 0.86723993492617246 -0.30152934907733098 1.1772706215356541 3.2178234601020814 1.232374552970237 -3.0103052275521414 1.718985729905921 1.6671737288745743 1.050719764966163 -1.3200191140174866 2.2616851440497809 3.4209058024666525 0.37197873260787073 0.94459132808683943 -0.031028024355570477 0.14912123418804529 1.828455495595932 -0.72123327868325371 -2.3638795307704381 0.41515048816800121 0.3700324201201039 0.92845253348350532 2.0685451163965114 -1.469323836202207 -0.56110296154022221 1.7773288413611703 1.6339679008993238
leaf_weight=5589 414 325 31 419 920 505 20 47 21 71 24 168 20 84 22 144 352 66 69 25 35 21 24 389 32 34 23 25 358 220
leaf_count=5589 414 325 31 419 920 505 20 47 21 71 24 168 20 84 22 144 352 66 69 25 35 21 24 389 32 34 23 25 358 220
internal_value=1.3224e-08 -0.421379 1.09342 0.845137 -0.521495 1.05171 1.25501 0.860442 -0.0778648 0.990656 1.62722 1.58134 0.605937 1.64128 2.50592 0.599289 0.778349 0.188781 -0.0051769 0.177532 -0.516762 -1.33723 0.344144 0.226151 0.834583 1.38438 -0.402722 0.275139 1.57142 1.38143
internal_weight=10497 7577 2920 1993 6509 1083 525 558 68 490 927 881 51 830 46 910 496 1068 475 350 125 56 593 478 115 58 89 57 746 388
internal_count=10497 7577 2920 1993 6509 1083 525 558 68 490 927 881 51 830 46 910 496 1068 475 350 125 56 593 478 115 58 89 57 746 388
is_linear=0
shrinkage=0.05


Tree=59
num_leaves=31
num_cat=0
split_feature=4 4 6 4 4 2 3 1 2 5 1 1 3 0 3 1 2 4 5 1 3 3 0 0 5 4 0 5 7 0
split_gain=1.74596e+06 167165 139707 36871.6 18036.1 16912.3 57314.6 27650.3 21415.9 30963.9 13679.8 16138.9 13491 18592.8 44059.4 13313.2 13076.9 12986.2 12744.1 11909.6 11870.8 18647.4 27397.5 17496.4 13484.5 12287.5 11813.6 15704.8 27386.3 39201.3
threshold=370.50000000000006 176.50000000000003 742.50000000000011 553.50000000000011 5.5000000000000009 40.500000000000007 91.500000000000014 809.50000000000011 33.500000000000007 51.500000000000007 696.50000000000011 621.50000000000011 98.500000000000014 19.950000000000003 45.500000000000007 349.50000000000006 78.500000000000014 931.50000000000011 43.500000000000007 696.50000000000011 22.500000000000004 92.500000000000014 19.350000000000005 20.050000000000004 97.500000000000014 315.50000000000006 17.750000000000004 80.500000000000014 14.500000000000002 16.650000000000002
decision_type=2 2 2 2 2 2 2 2 2 2 2 2 2 2 2 2 2 2 2 2 2 2 2 2 2 2 2 2 2 2
left_child=1 4 3 10 -1 6 8 -7 19 -10 11 16 13 14 -4 -3 26 -15 -14 -5 24 23 -23 25 -17 -22 27 -2 29 -29
right_child=2 15 12 5 -6 7 -8 -9 9 -11 -12 -13 18 17 -16 20 -18 -19 -20 -21 21 22 -24 -25 -26 -27 -28 28 -30 -31
leaf_value=-0.53779471867285289 0.17366509764772101 0.068895459674395823 1.7560647333821944 1.1490830356614632 -0.32793232819165602 1.0945478909297213 -1.8480257692791167 2.9359035401117235 0.91433368944932547 -1.3438108265399933 -0.68828531980514529 1.6043604571281411 1.5838150349756084 1.4928467921280344 -1.2540182018280031 0.42401827216226534 1.8277258736746653 2.1486009234473822 3.2498605207963425 2.541976993424552 2.8722119141192666 -1.2215678811073305 1.3642171400785448 0.34633811020851141 -0.69727546121134909 1.1617756684621177 0.69645423743746182 2.8527567292081901 -0.37480446204612966 0.053808890689503064
leaf_weight=5213 291 806 31 57 1274 699 21 21 63 20 20 41 24 746 20 143 21 84 22 21 21 21 20 25 33 21 642 29 25 22
leaf_count=5213 291 806 31 57 1274 699 21 21 63 20 20 41 24 746 20 143 21 84 22 21 21 21 20 25 33 21 642 29 25 22
internal_value=1.0565e-08 -0.40031 1.03875 0.80288 -0.496579 1.0394 0.608778 1.14825 0.92923 0.370202 0.607332 0.631526 1.54586 1.50227 0.57564 0.172622 0.592802 1.55921 2.38062 1.52409 0.467 0.879663 0.0397907 1.39361 0.213776 2.01699 0.5671 0.340818 0.980837 1.64537
internal_weight=10497 7577 2920 1993 6487 902 182 720 161 83 1091 1071 927 881 51 1090 1030 830 46 78 284 108 41 67 176 42 1009 367 76 51
internal_count=10497 7577 2920 1993 6487 902 182 720 161 83 1091 1071 927 881 51 1090 1030 830 46 78 284 108 41 67 176 42 1009 367 76 51
is_linear=0
shrinkage=0.05


Tree=60
num_leaves=31
num_cat=0
split_feature=4 6 6 6 6 1 4 4 5 0 3 6 0 8 5 2 5 0 5 1 8 1 6 1 4 1 4 3 5 1
split_gain=1.57573e+06 151749 126086 34037.1 14731.9 31642.7 36549.1 14663.1 13607.1 27425.7 67925.7 19937.4 15705.1 18290.2 13622.9 13578.4 24078.1 44562.8 12477.7 15949.8 23444.4 13352.3 12369.1 14048.6 12159.4 11944.9 11724.3 10940.4 9798.95 14689.8
threshold=370.50000000000006 125.50000000000001 742.50000000000011 538.50000000000011 535.50000000000011 468.50000000000006 299.50000000000006 222.50000000000003 93.500000000000014 17.250000000000004 14.500000000000002 657.50000000000011 15.050000000000002 9.5000000000000018 51.500000000000007 46.500000000000007 54.500000000000007 18.050000000000004 66.500000000000014 589.50000000000011 4.5000000000000009 681.50000000000011 897.50000000000011 887.50000000000011 522.50000000000011 899.50000000000011 683.50000000000011 15.500000000000002 48.500000000000007 340.50000000000006
decision_type=2 2 2 2 2 2 2 2 2 2 2 2 2 2 2 2 2 2 2 2 2 2 2 2 2 2 2 2 2 2
left_child=1 -1 3 15 5 7 -7 -3 12 -10 11 -11 14 18 -5 16 -2 -18 21 -20 -21 -14 25 -24 -15 -4 28 -23 -17 -30
right_child=2 4 22 8 -6 6 -8 -9 9 10 -12 -13 13 24 -16 26 17 -19 19 20 -22 27 23 -25 -26 -27 -28 -29 29 -31
leaf_value=-0.48523208314868999 0.45671982646629372 -0.11713397734598685 1.304377199104638 0.85370289087295537 -1.1057548071146011 3.0165304327011109 0.12242746148258449 0.22199275583526853 1.7940471750039322 2.2458877563476562 -2.020572798592704 0.09202730655670166 0.97555543420187163 -0.49517405994913793 -0.60258784890174866 0.47832234798612083 0.72681529181344173 -2.5709788697957996 2.8673987746238709 0.39995560487111415 2.5488700346513227 1.2721884511354316 2.6876780807971956 1.6167355473303215 0.77518044651009665 2.1385454976040386 1.6990371410663312 2.2080771980125729 1.7824582763620325 0.71093122079273918
leaf_weight=6211 186 564 640 42 25 20 24 733 26 21 28 22 439 22 26 462 21 20 24 30 22 131 36 205 131 46 26 41 37 236
leaf_count=6211 186 564 640 42 25 20 24 733 26 21 28 22 439 22 26 462 21 20 24 30 22 131 36 205 131 46 26 41 37 236
internal_value=-5.12149e-09 -0.380295 0.986813 0.762736 0.096839 0.119259 1.43793 0.0745236 0.96761 0.404716 -0.104053 1.14391 1.02774 1.08691 0.296886 0.554336 0.214949 -0.881865 1.19701 1.8012 1.30911 1.12186 1.46857 1.77671 0.592515 1.36031 0.655572 1.49528 0.618661 0.856156
internal_weight=10497 7577 2920 1993 1366 1341 44 1297 1005 97 71 43 908 840 68 988 227 41 687 76 52 611 927 241 153 686 761 172 735 273
internal_count=10497 7577 2920 1993 1366 1341 44 1297 1005 97 71 43 908 840 68 988 227 41 687 76 52 611 927 241 153 686 761 172 735 273
is_linear=0
shrinkage=0.05


Tree=61
num_leaves=31
num_cat=0
split_feature=4 6 4 4 4 2 5 1 5 2 5 0 0 1 3 4 3 3 5 6 5 0 6 1 0 8 4 5 5 0
split_gain=1.4234e+06 177605 53982 34393.3 25251.4 17805.2 25658.7 17727.7 15876.5 14739.9 24296.8 19260.4 14319.8 13061.4 17133.5 26527.3 20511.6 25249.4 13991.8 12806.1 12786.1 12554.5 17715.8 12514.6 12403.3 11573.1 10505.1 10494.7 41241.1 15088.2
threshold=261.50000000000006 593.50000000000011 68.500000000000014 712.50000000000011 447.50000000000006 46.500000000000007 58.500000000000007 632.50000000000011 97.500000000000014 71.500000000000014 74.500000000000014 15.850000000000003 29.450000000000003 578.50000000000011 47.500000000000007 471.50000000000006 72.500000000000014 97.500000000000014 81.500000000000014 416.50000000000006 48.500000000000007 14.050000000000002 413.50000000000006 787.50000000000011 25.250000000000004 10.500000000000002 672.50000000000011 10.500000000000002 17.500000000000004 28.350000000000005
decision_type=2 2 2 2 2 2 2 2 2 2 2 2 2 2 2 2 2 2 2 2 2 2 2 2 2 2 2 2 2 2
left_child=2 4 -1 13 9 6 25 8 20 11 -11 21 27 18 15 -15 -16 -18 -3 24 -7 -2 -23 -17 -4 -6 -9 -5 -29 -30
right_child=1 3 19 12 5 7 -8 26 -10 10 -12 -13 -14 14 16 23 17 -19 -20 -21 -22 22 -24 -25 -26 -27 -28 28 29 -31
leaf_value=-0.47298093564990584 0.22245528882133289 1.1174514422651198 -0.21155743469325144 1.500872495466349 0.68838790567752761 0.66866395497450526 -0.91735888918240871 2.5407318976792421 -0.30136945212588595 0.37115894626168644 1.8000576938901629 0.34996785142294778 1.6077605969757529 -0.77786378974006298 -0.77225151468407027 0.9753804566128359 1.7876334206263225 -0.34120351534623367 2.5425522843996688 0.98474762130666671 1.2311364308218746 -0.24450740897264636 -1.8995664228092541 2.0439894117158035 0.19198730096498864 -0.53379057754169812 1.1022638501723607 -0.83367558585272905 1.3919282655318579 0.45418793349614683
leaf_weight=5888 71 61 820 196 162 393 36 22 34 102 42 726 434 21 33 496 30 26 24 27 136 61 22 29 248 22 30 27 225 53
leaf_count=5888 71 61 820 196 162 393 36 22 34 102 42 726 434 21 33 496 30 26 24 27 136 61 22 29 248 22 30 27 225 53
internal_value=2.20717e-09 0.820771 -0.41303 1.19751 0.485376 0.689446 0.303411 0.82754 0.745955 0.318971 0.787921 0.242234 1.39752 0.937762 0.859847 0.964706 0.216555 0.799245 1.51983 -0.0906631 0.813269 -0.265656 -0.683198 1.03441 -0.11785 0.542258 1.71085 1.2154 1.03196 1.21315
internal_weight=10497 3514 6983 1655 1859 835 220 615 563 1024 144 880 935 720 635 546 89 56 85 1095 529 154 83 525 1068 184 52 501 305 278
internal_count=10497 3514 6983 1655 1859 835 220 615 563 1024 144 880 935 720 635 546 89 56 85 1095 529 154 83 525 1068 184 52 501 305 278
is_linear=0
shrinkage=0.05


Tree=62
num_leaves=31
num_cat=0
split_feature=4 4 6 4 4 8 1 0 5 1 3 8 8 5 0 5 5 4 5 1 8 0 6 5 0 3 0 3 2 7
split_gain=1.2859e+06 124338 103126 28084 14736.1 13230.4 25044.6 23562.1 85982.2 14349 12575.5 16639.2 25309.3 49036.4 69010.2 23044.7 14193.7 13846.1 11420.4 11086.3 11002.8 16201 24754.7 24656.3 13265.2 11880.6 15706.4 13370.4 12645.3 13363.9
threshold=370.50000000000006 179.50000000000003 742.50000000000011 522.50000000000011 2.5000000000000004 4.5000000000000009 783.50000000000011 23.750000000000004 43.500000000000007 707.50000000000011 98.500000000000014 4.5000000000000009 3.5000000000000004 10.500000000000002 24.250000000000004 81.500000000000014 56.500000000000007 751.50000000000011 43.500000000000007 854.50000000000011 4.5000000000000009 17.950000000000003 462.50000000000006 75.500000000000014 19.750000000000004 47.500000000000007 20.650000000000002 21.500000000000004 63.500000000000007 11.500000000000002
decision_type=2 2 2 2 2 2 2 2 2 2 2 2 2 2 2 2 2 2 2 2 2 2 2 2 2 2 2 2 2 2
left_child=1 4 3 -2 -1 7 -7 9 -9 -5 11 12 15 -14 16 17 -15 -4 -12 -13 21 22 -3 -23 -25 26 27 -22 29 -27
right_child=2 20 10 5 -6 6 -8 8 -10 -11 18 19 13 14 -16 -17 -18 -19 -20 -21 25 23 -24 24 -26 28 -28 -29 -30 -31
leaf_value=-0.46493695780527011 0.48404541538015089 0.035051016012063389 -0.089099875688552863 0.70099547274481855 -0.28174293592041932 0.97229505491581303 2.7763353180885315 1.0076121279533874 -2.840699377514067 1.4696713166337618 1.3787944664557776 1.1837708641386901 2.025385426591944 1.5485406165676459 -2.9418323111534121 2.9461488711833956 -0.31262456536293032 1.4975573043931616 2.9559411655772818 1.5797404843125362 -0.04708393387722247 0.12117390710374583 1.6678074523210527 -1.9099620868177976 -0.33427324281497439 0.37280696326245866 0.32743593351125416 -1.446996415503647 0.22750742142660574 1.9138198617626641
leaf_weight=5111 910 325 20 419 1398 505 20 47 21 71 24 336 27 21 20 20 20 44 22 373 66 69 25 34 22 24 389 23 57 34
leaf_count=5111 910 325 20 419 1398 505 20 47 21 71 24 336 27 21 20 20 20 44 22 373 66 69 25 34 22 24 389 23 57 34
internal_value=-8.7411e-09 -0.343546 0.891454 0.688803 -0.425591 0.860852 1.04102 0.691338 -0.180837 0.812375 1.32714 1.28506 0.84389 0.251314 -0.533931 1.46468 0.640655 1.00173 2.13308 1.39209 0.156483 -0.0228315 0.151676 -0.511454 -1.29094 0.300117 0.190343 -0.408859 0.756393 1.27616
internal_weight=10497 7577 2920 1993 6509 1083 525 558 68 490 927 881 172 88 61 84 41 64 46 709 1068 475 350 125 56 593 478 89 115 58
internal_count=10497 7577 2920 1993 6509 1083 525 558 68 490 927 881 172 88 61 84 41 64 46 709 1068 475 350 125 56 593 478 89 115 58
is_linear=0
shrinkage=0.05


Tree=63
num_leaves=31
num_cat=0
split_feature=4 6 4 0 1 4 5 1 4 0 8 1 6 5 3 0 0 3 1 5 1 2 5 3 4 5 3 8 1 5
split_gain=1.16083e+06 144895 44284.7 28836.8 21952.1 27993.5 24995 15948.5 15588.8 14940.7 14926.6 14543.7 14267.9 17856 13645 24864.4 36612.6 27092.9 19702.1 14969.5 14061.6 13116.1 15729.2 12604.1 12308.4 11361.2 39919.2 43896.5 19877.6 18278.2
threshold=261.50000000000006 593.50000000000011 68.500000000000014 29.450000000000003 605.50000000000011 614.50000000000011 41.500000000000007 639.50000000000011 484.50000000000006 16.050000000000004 9.5000000000000018 624.50000000000011 553.50000000000011 29.500000000000004 25.500000000000004 22.550000000000004 25.450000000000003 82.500000000000014 321.50000000000006 85.500000000000014 387.50000000000006 66.500000000000014 64.500000000000014 99.500000000000014 844.50000000000011 99.500000000000014 19.500000000000004 3.5000000000000004 745.50000000000011 90.500000000000014
decision_type=2 2 2 2 2 2 2 2 2 2 2 2 2 2 2 2 2 2 2 2 2 2 2 2 2 2 2 2 2 2
left_child=2 4 -1 10 8 7 -7 -6 9 23 25 -12 13 -11 -15 17 -17 18 -16 -20 -19 22 -10 -2 -5 29 28 -28 -27 -3
right_child=1 3 -4 24 5 6 -8 -9 21 12 11 -13 -14 14 15 16 -18 20 19 -21 -22 -23 -24 -25 -26 26 27 -29 -30 -31
leaf_value=-0.42729379326651129 -0.16938803906220173 0.99841339739429724 -0.081014219515672017 1.1965329923433616 1.1620262736365909 1.170820365039011 -0.8054038532078267 3.1106845991952081 0.59664562688998612 0.13735468119581123 -0.52816221415996556 0.74007569683062568 -0.87187681848352616 0.40184385064798545 0.46294394969940189 -1.7271270179748535 0.98400927456942489 1.0509397331476211 1.6485854451472943 3.2159200429916384 -0.33300011733482626 1.1614041085805624 -0.5093908747604915 0.92109675546487169 1.6731874410173682 0.65267703225535734 0.85903135395050045 -2.2033028559251266 2.6744890236854553 2.1991162939505147
leaf_weight=5888 227 802 1095 411 21 48 24 21 394 357 32 77 22 371 20 20 33 50 39 25 29 93 35 30 202 31 25 22 20 33
leaf_count=5888 227 802 1095 411 21 48 24 21 394 357 32 77 22 371 20 20 33 50 39 25 29 93 35 30 202 31 25 22 20 33
internal_value=-2.06492e-09 0.741211 -0.372994 1.08149 0.438272 1.1105 0.512079 2.13636 0.394356 0.296723 0.92141 0.367749 0.386863 0.416198 0.585785 0.90172 -0.039061 1.20762 1.83276 2.26083 0.542911 0.623104 0.50641 -0.0420941 1.3536 0.986092 0.476795 -0.574402 1.44554 1.04587
internal_weight=10497 3514 6983 1655 1859 114 72 42 1745 1223 1042 109 966 944 587 216 53 163 84 64 79 522 429 257 613 933 98 47 51 835
internal_count=10497 3514 6983 1655 1859 114 72 42 1745 1223 1042 109 966 944 587 216 53 163 84 64 79 522 429 257 613 933 98 47 51 835
is_linear=0
shrinkage=0.05


Tree=64
num_leaves=31
num_cat=0
split_feature=4 4 6 6 1 3 0 3 5 0 3 6 0 8 5 5 1 8 6 1 2 5 0 5 1 4 5 0 5 0
split_gain=1.05034e+06 101450 85076.3 22630.8 12182.3 11824.1 15657.6 37609.8 11528.1 23741.4 57559.9 18604.8 13507.5 14602.8 11875.7 11839.6 14660.7 19924.2 10566.9 16013.6 10542.7 19033.9 39347.5 10491.4 10224.1 10169.5 11551 11525.3 32938.3 33143.6
threshold=370.50000000000006 179.50000000000003 742.50000000000011 538.50000000000011 1.5000000000000002 98.500000000000014 19.950000000000003 45.500000000000007 93.500000000000014 17.250000000000004 14.500000000000002 657.50000000000011 15.050000000000002 9.5000000000000018 51.500000000000007 66.500000000000014 589.50000000000011 4.5000000000000009 535.50000000000011 468.50000000000006 46.500000000000007 54.500000000000007 18.050000000000004 43.500000000000007 681.50000000000011 931.50000000000011 37.500000000000007 29.450000000000003 10.500000000000002 23.450000000000003
decision_type=2 2 2 2 2 2 2 2 2 2 2 2 2 2 2 2 2 2 2 2 2 2 2 2 2 2 2 2 2 2
left_child=1 4 3 20 -1 6 7 -4 12 -10 11 -11 14 15 -5 24 -17 -18 19 -3 21 -2 -23 -7 -14 26 27 28 -8 -30
right_child=2 18 5 8 -6 23 25 -9 9 10 -12 -13 13 -15 -16 16 17 -19 -20 -21 -22 22 -24 -25 -26 -27 -28 -29 29 -31
leaf_value=-0.42102421091708231 0.36758750987950195 0.12753957431944321 1.4008591690371115 0.6861048304608891 -0.25614487339252862 1.2599340682228408 1.3387571849180073 -1.3801983276009562 1.5632029801320573 2.0105067843482609 -1.9670409670897895 -0.070126871967857538 0.79603660190159753 0.45713113099336627 -0.67359376962368311 2.6080059329668686 0.27589409192403158 2.2569195920770819 -0.91893643518180967 1.200727262430721 0.54088577672437754 0.68906585900556472 -2.409751157090068 2.7715777093713938 1.2508214427548092 1.7344165018626623 1.3691183594701923 1.2047821969853652 1.3712284769330707 -0.72946584496581768
leaf_weight=5071 186 1009 31 42 1438 24 89 20 26 21 28 22 439 153 26 24 30 22 23 36 761 21 20 22 172 84 340 232 28 57
leaf_count=5071 186 1009 31 42 1438 24 89 20 26 21 28 22 439 153 26 24 30 22 23 36 761 21 20 22 172 84 340 232 28 57
internal_value=-2.4698e-09 -0.310489 0.805675 0.621611 -0.384598 1.2014 1.1606 0.310248 0.788667 0.270557 -0.202807 0.945997 0.844016 0.898885 0.16622 0.997267 1.58581 1.11402 0.141178 0.164511 0.451681 0.152628 -0.822552 1.98289 0.924061 1.21285 1.15412 0.974073 0.666461 -0.0374724
internal_weight=10497 7577 2920 1993 6509 927 881 51 1005 97 71 43 908 840 68 687 76 52 1068 1045 988 227 41 46 611 830 746 406 174 85
internal_count=10497 7577 2920 1993 6509 927 881 51 1005 97 71 43 908 840 68 687 76 52 1068 1045 988 227 41 46 611 830 746 406 174 85
is_linear=0
shrinkage=0.05


Tree=65
num_leaves=31
num_cat=0
split_feature=6 4 4 5 5 2 0 3 4 1 6 4 3 8 4 1 3 8 1 0 4 2 2 1 5 2 7 0 0 5
split_gain=950107 106728 68139.5 15847.4 32540.1 33803.2 21961.7 21425.1 33770.5 70125.4 46101.7 25508.8 19045.3 23427.5 35948.7 16638.5 17600.7 11904.2 33713.1 17224.5 11482.6 14338.4 16318.7 12663 10908.8 12494.6 34040.7 12675.8 28376.1 11622
threshold=403.50000000000006 184.50000000000003 712.50000000000011 99.500000000000014 89.500000000000014 64.500000000000014 15.950000000000001 45.500000000000007 500.50000000000006 485.50000000000006 468.50000000000006 623.50000000000011 20.500000000000004 4.5000000000000009 439.50000000000006 526.50000000000011 45.500000000000007 4.5000000000000009 861.50000000000011 25.850000000000005 668.50000000000011 66.500000000000014 58.500000000000007 578.50000000000011 34.500000000000007 67.500000000000014 11.500000000000002 22.450000000000003 20.550000000000004 61.500000000000007
decision_type=2 2 2 2 2 2 2 2 2 2 2 2 2 2 2 2 2 2 2 2 2 2 2 2 2 2 2 2 2 2
left_child=1 -1 3 4 6 -6 20 11 9 10 -9 12 13 14 -5 16 -8 18 19 -4 21 22 23 -2 -17 27 -27 28 29 -26
right_child=2 -3 17 7 5 -7 15 8 -10 -11 -12 -13 -14 -15 -16 24 -18 -19 -20 -21 -22 -23 -24 -25 25 26 -28 -29 -30 -31
leaf_value=-0.36621418382153037 0.39667465019793741 0.15057127045356999 0.9132071021343432 -2.2398768273266878 1.017657013827314 3.4642837393283843 0.28833694702078561 0.56035433454172956 -2.0225879959438156 2.6911879718303684 -2.4607830731765086 2.030187812218299 1.3937265292803449 1.0798749236265819 0.29983287516393159 0.61679424013584072 0.92567554665239238 1.2387659788818801 -0.73310845216115317 2.4128641037713914 1.2420316660404207 0.72440772445305535 -1.4504665708541871 -0.82471574321389207 1.5843908071517945 1.3498831829120375 -1.2934110811778479 0.88913175191208205 2.9603939705170119 0.540567742412289
leaf_weight=6516 63 1180 217 22 48 20 377 28 23 20 23 26 30 30 38 343 152 694 30 21 20 46 25 32 60 29 21 289 26 48
leaf_count=6516 63 1180 217 22 48 20 377 28 23 20 23 26 30 30 38 343 152 694 30 21 20 46 25 32 60 29 21 289 26 48
internal_value=2.99041e-10 -0.286977 0.788496 0.610131 0.666995 1.73725 0.619459 0.231273 -0.357488 0.181911 -0.802119 0.610338 0.302703 -0.060971 -0.631394 0.689882 0.471466 1.12947 0.846428 1.04553 0.110222 -0.0261404 -0.313851 -0.0147411 0.831477 0.987156 0.2397 1.07551 1.47747 1.12047
internal_weight=10497 7696 2801 1839 1599 68 1531 240 94 71 51 146 120 90 60 1345 529 962 268 238 186 166 120 95 816 473 50 423 134 108
internal_count=10497 7696 2801 1839 1599 68 1531 240 94 71 51 146 120 90 60 1345 529 962 268 238 186 166 120 95 816 473 50 423 134 108
is_linear=0
shrinkage=0.05


Tree=66
num_leaves=31
num_cat=0
split_feature=6 4 4 5 5 2 7 4 0 0 1 3 0 1 3 0 4 8 7 5 4 3 0 1 0 1 6 1 5 4
split_gain=857471 97333.3 61495.9 14302.3 29367.4 30507.4 20659.8 45937.4 19963.6 19820.4 15016.3 15884.6 14408.7 12720.3 39219 12277.1 21431.9 12074.5 14395.7 11844.8 10913.1 11359.1 24305.7 10871.2 10803.2 13825.7 11916.6 10790.9 14714 10513
threshold=403.50000000000006 129.50000000000003 712.50000000000011 99.500000000000014 89.500000000000014 64.500000000000014 13.500000000000002 373.50000000000006 22.350000000000005 15.950000000000001 526.50000000000011 45.500000000000007 19.650000000000002 534.50000000000011 17.500000000000004 16.550000000000004 428.50000000000006 4.5000000000000009 10.500000000000002 43.500000000000007 881.50000000000011 1.0000000180025095e-35 24.450000000000003 515.50000000000011 14.550000000000002 262.50000000000006 264.50000000000006 291.50000000000006 65.500000000000014 614.50000000000011
decision_type=2 2 2 2 2 2 2 2 2 2 2 2 2 2 2 2 2 2 2 2 2 2 2 2 2 2 2 2 2 2
left_child=1 -1 3 4 9 -6 7 -5 12 27 11 23 15 -9 -15 -8 -17 18 -3 -19 -4 22 -22 -11 -21 -26 -27 -2 29 -29
right_child=2 17 20 6 5 -7 8 13 -10 10 -12 -13 -14 14 -16 16 -18 19 -20 24 21 -23 -24 -25 25 26 -28 28 -30 -31
leaf_value=-0.3583756949202207 1.1722283579054333 -0.34921045524273142 0.97643741710903909 -1.8678873613476754 0.96677414700388908 3.2910696065425875 1.6062815234065058 1.2253370023199492 -0.46414645129236681 0.342358689944886 0.78990337459060056 0.8793917686237317 2.156501118229194 1.1153468723408879 -1.4721935170668143 -0.82204737166563668 1.3384932577610016 0.07844192093669701 0.1204305059293416 -0.50702307653427126 -0.32885875060008124 1.7150551095352335 1.39842803278502 -0.77943907626297171 0.14897841521423447 1.9618340557271783 0.70558527899639945 -0.12345241922430877 -0.92494663331243732 0.81448167968303609
leaf_weight=6244 21 259 724 32 48 20 24 28 29 354 816 152 22 32 27 24 22 463 441 25 26 118 94 23 109 22 133 82 36 47
leaf_count=6244 21 259 724 32 48 20 24 28 29 354 816 152 22 32 27 24 22 463 441 25 26 118 94 23 109 22 133 82 36 47
internal_value=2.89724e-09 -0.272628 0.749071 0.579625 0.633646 1.65039 0.219709 -0.248076 0.679762 0.588487 0.655388 0.447893 1.04034 0.347716 -0.0687818 0.68955 0.211255 0.0961083 -0.0533366 0.235219 1.07299 1.36672 1.02418 0.27392 0.486388 0.580462 0.883892 0.104711 -0.0311548 0.218276
internal_weight=10497 7696 2801 1839 1599 68 240 119 121 1531 1345 529 92 87 59 70 46 1452 700 752 962 238 120 377 289 264 155 186 165 129
internal_count=10497 7696 2801 1839 1599 68 240 119 121 1531 1345 529 92 87 59 70 46 1452 700 752 962 238 120 377 289 264 155 186 165 129
is_linear=0
shrinkage=0.05


Tree=67
num_leaves=31
num_cat=0
split_feature=4 6 6 4 6 1 4 0 3 3 0 3 8 0 5 1 1 5 1 3 8 5 5 2 8 5 6 7 3 4
split_gain=775432 75223.2 63305.4 17258.9 11635.3 23242.4 33353 11645 16089 10917.2 13669.5 33772.3 9991.33 21359.7 73971.5 20448.2 11237.9 9780.13 23360.7 18453.8 17859.4 9540.36 9467.98 9057.1 11283.7 8889.03 8872.9 8590.04 8594.44 8537.83
threshold=370.50000000000006 125.50000000000001 742.50000000000011 522.50000000000011 535.50000000000011 468.50000000000006 299.50000000000006 26.750000000000004 47.500000000000007 98.500000000000014 19.950000000000003 45.500000000000007 4.5000000000000009 23.750000000000004 43.500000000000007 783.50000000000011 707.50000000000011 37.500000000000007 570.50000000000011 7.5000000000000009 2.5000000000000004 43.500000000000007 31.500000000000004 49.500000000000007 10.500000000000002 76.500000000000014 624.50000000000011 14.500000000000002 59.500000000000007 931.50000000000011
decision_type=2 2 2 2 2 2 2 2 2 2 2 2 2 2 2 2 2 2 2 2 2 2 2 2 2 2 2 2 2 2
left_child=1 -1 3 23 5 7 -7 8 -3 10 11 -4 13 16 -15 -14 17 22 27 -20 -21 -11 -5 24 -2 -18 -22 28 -19 -12
right_child=2 4 9 12 -6 6 -8 -9 -10 21 29 -13 15 14 -16 -17 25 18 19 20 26 -23 -24 -25 -26 -27 -28 -29 -30 -31
leaf_value=-0.34066181331591044 0.25707376806692045 -0.16435913090821891 1.2333461444224083 0.43727663893578123 -0.99959950006008147 2.7272381353378297 -0.037430017193158464 0.33823273719527125 0.26045418550234889 1.0951257886985937 0.98941673097742511 -1.4020099990814925 0.76282306873986483 0.79295317968155477 -2.776470534006755 2.3929326276853682 0.8676301519514299 1.246268421560526 1.180207500138948 -1.1446234588269835 -0.28890017151832581 2.5366246288472958 -0.55849800860440291 0.47111843734434466 -0.68760100522556833 2.1113606902956965 1.1370638723174731 0.88509652739570999 2.6945272332146057 1.5211252712068104
leaf_weight=6211 217 691 31 206 25 20 24 277 329 24 746 20 505 47 21 20 51 20 43 27 20 22 27 656 37 20 24 31 21 84
leaf_count=6211 217 691 31 206 25 20 24 277 329 24 746 20 505 47 21 20 51 20 43 27 20 22 27 656 37 20 24 31 21 84
internal_value=-6.16295e-10 -0.266779 0.692256 0.533479 0.0691539 0.0890784 1.21924 0.0507384 -0.027336 1.03362 0.994407 0.199873 0.668354 0.521045 -0.309369 0.824922 0.636286 0.537717 0.808086 0.362769 -0.1323 1.78454 0.321886 0.372964 0.119464 1.21798 0.488898 1.51317 1.98806 1.04323
internal_weight=10497 7577 2920 1993 1366 1341 44 1297 1020 927 881 51 1083 558 68 525 490 419 186 114 71 46 233 910 254 71 44 72 41 830
internal_count=10497 7577 2920 1993 1366 1341 44 1297 1020 927 881 51 1083 558 68 525 490 419 186 114 71 46 233 910 254 71 44 72 41 830
is_linear=0
shrinkage=0.05


Tree=68
num_leaves=31
num_cat=0
split_feature=4 4 6 1 0 2 5 0 0 5 1 8 1 4 1 6 2 0 6 4 3 1 3 1 2 4 3 4 5 0
split_gain=702237 86325.5 27398.5 19974.7 16836.7 11091.8 14911.3 13015.8 17777.3 34004 10048.9 9351.17 11906.3 9175.79 9761.12 31299.4 11140.3 18794.4 10694.1 19512.4 9008.61 8720.92 14482.6 8646.32 7617.58 11523.9 7978.18 14764 20517.9 13041.5
threshold=261.50000000000006 626.50000000000011 67.500000000000014 479.50000000000006 29.450000000000003 67.500000000000014 75.500000000000014 15.750000000000002 14.050000000000002 67.500000000000014 360.50000000000006 4.5000000000000009 258.50000000000006 620.50000000000011 639.50000000000011 596.50000000000011 56.500000000000007 22.150000000000002 632.50000000000011 576.50000000000011 6.5000000000000009 721.50000000000011 13.500000000000002 396.50000000000006 39.500000000000007 481.50000000000006 20.500000000000004 505.50000000000006 70.500000000000014 16.850000000000005
decision_type=2 2 2 2 2 2 2 2 2 2 2 2 2 2 2 2 2 2 2 2 2 2 2 2 2 2 2 2 2 2
left_child=2 3 -1 5 -3 7 23 8 20 -10 -8 -4 -13 14 18 -16 17 -17 24 -20 -2 22 -18 -7 25 -5 -26 29 -29 -28
right_child=1 4 11 13 -6 6 10 -9 9 -11 -12 12 -14 -15 15 16 21 -19 19 -21 -22 -23 -24 -25 26 -27 27 28 -30 -31
leaf_value=-0.3327718591835217 -0.65398833411080504 0.7470346052497967 -0.23567909400969389 -1.0294820368289948 1.1054862175933493 0.10186125155633841 1.6799234310785931 0.24300868583838064 -0.057857362180948259 -2.2724502820235033 0.45092319270660142 -0.028142256139419664 0.57541115493125594 -0.22042891302624265 2.6034465452035267 -0.74673402011394507 1.4711052245327405 1.008794044294665 2.4052323389053347 0.19659050792455673 0.53720346489777937 1.9521893334388734 -0.24320133382623849 0.75811441234640176 0.40406032695347882 0.33586252585929982 2.2642364138364792 0.76967237926559684 -0.984146548878579 0.87458209441258361
leaf_weight=5890 21 874 448 20 524 156 39 738 52 26 29 549 96 37 24 30 28 31 20 20 65 20 22 74 417 68 25 81 21 52
leaf_count=5890 21 874 448 20 524 156 39 738 52 26 29 549 96 37 24 30 28 31 20 20 65 20 22 74 417 68 25 81 21 52
internal_value=4.12748e-09 0.5765 -0.290108 0.375065 0.88139 0.240848 0.505317 0.153473 -0.249438 -0.796055 1.15579 -0.0601966 0.0616889 0.550896 0.583364 0.943468 0.63935 0.14542 0.50627 1.30091 0.246331 1.06978 0.71681 0.313004 0.459799 0.0255569 0.523916 0.803132 0.408592 1.32577
internal_weight=10497 3514 6983 2116 1398 1200 298 902 164 78 68 1093 645 916 879 155 131 61 724 40 86 70 50 230 684 88 596 179 102 77
internal_count=10497 3514 6983 2116 1398 1200 298 902 164 78 68 1093 645 916 879 155 131 61 724 40 86 70 50 230 684 88 596 179 102 77
is_linear=0
shrinkage=0.05


Tree=69
num_leaves=31
num_cat=0
split_feature=6 4 4 5 4 3 4 1 6 4 3 8 4 6 1 1 5 4 0 5 0 0 1 6 0 3 1 5 3 5
split_gain=634399 71199.3 46038.3 12716.7 28073.4 18615.8 30208.1 59217.2 39879.2 21463.5 17244.2 21181.6 29363.5 11960.1 19165.7 11927.1 15882.6 17473.6 10573.7 10845.3 9421.17 23477.7 16078.6 19802.3 14235 25147.1 10781.1 15350.8 10273.3 9284.33
threshold=403.50000000000006 184.50000000000003 712.50000000000011 99.500000000000014 295.50000000000006 45.500000000000007 500.50000000000006 485.50000000000006 468.50000000000006 623.50000000000011 20.500000000000004 4.5000000000000009 439.50000000000006 510.50000000000006 542.50000000000011 327.50000000000006 61.500000000000007 447.50000000000006 12.350000000000003 34.500000000000007 22.450000000000003 21.250000000000004 742.50000000000011 643.50000000000011 26.050000000000004 14.500000000000002 515.50000000000011 59.500000000000007 91.500000000000014 70.500000000000014
decision_type=2 2 2 2 2 2 2 2 2 2 2 2 2 2 2 2 2 2 2 2 2 2 2 2 2 2 2 2 2 2
left_child=1 -1 3 4 -2 9 7 8 -7 10 11 12 -5 14 15 -6 -17 29 -15 -20 21 22 23 26 25 -22 -21 -28 -26 -18
right_child=2 -3 -4 5 13 6 -8 -9 -10 -11 -12 -13 -14 18 -16 16 17 -19 19 20 24 -23 -24 -25 28 -27 27 -29 -30 -31
leaf_value=-0.29921796854830962 2.3647258077348985 0.12287577817113914 0.92457950537571232 -2.1126867630264976 1.0417292000217873 0.48259967544249127 -1.9653157793957257 2.4255385649204255 -2.3272659674934721 1.8140674545214726 1.267621554384629 0.96820343613624582 0.18265024988274825 -0.38732040882110597 1.2978568545232216 0.31526879611694575 -1.6714219012043694 0.85405925869941712 0.45438482060806074 1.3613437060902758 0.93281789133625659 2.5198573780556521 -0.4795438286662102 1.8200009660036476 0.69332768609154316 -1.0978442366917929 0.95850881750767047 -0.33533849280054978 1.8682110297679904 -0.40855837658394223
leaf_weight=6516 21 1180 962 22 44 28 23 20 23 26 30 30 38 25 48 394 22 20 402 41 31 24 20 54 267 30 52 41 20 43
leaf_count=6516 21 1180 962 22 44 28 23 20 23 26 30 30 38 25 48 394 22 20 402 41 31 24 20 54 267 30 52 41 20 43
internal_value=1.25064e-09 -0.2345 0.644309 0.497697 0.548636 0.158318 -0.390487 0.119668 -0.784595 0.511658 0.22947 -0.116581 -0.658973 0.524468 0.341666 0.253908 0.18154 -0.438331 0.628122 0.653973 0.792309 1.03911 0.868259 1.01164 0.627772 -0.0658684 0.685886 0.388103 0.775201 -0.835989
internal_weight=10497 7696 2801 1839 1599 240 94 71 51 146 120 90 60 1578 571 523 479 85 1007 982 580 232 208 188 348 61 134 93 287 65
internal_count=10497 7696 2801 1839 1599 240 94 71 51 146 120 90 60 1578 571 523 479 85 1007 982 580 232 208 188 348 61 134 93 287 65
is_linear=0
shrinkage=0.05


Tree=70
num_leaves=31
num_cat=0
split_feature=4 6 4 0 1 4 5 1 0 1 6 8 3 1 1 5 3 5 3 3 1 6 0 0 2 0 2 5 0 8
split_gain=573525 70121.7 23091.9 18284.9 14022.4 22212.5 21039.5 12282.4 12026 11794.9 11822.3 10600.1 12506.2 12071.4 15980.1 17020.8 14269.2 37526.5 17828.5 22089 14442 18516.3 12614 16010.9 25517.8 51341.1 9899.2 11485.9 9540.57 9369.58
threshold=261.50000000000006 593.50000000000011 59.500000000000007 29.450000000000003 605.50000000000011 614.50000000000011 41.500000000000007 639.50000000000011 17.850000000000005 392.50000000000006 582.50000000000011 9.5000000000000018 15.500000000000002 593.50000000000011 436.50000000000006 56.500000000000007 94.500000000000014 50.500000000000007 72.500000000000014 55.500000000000007 787.50000000000011 756.50000000000011 28.550000000000004 24.550000000000004 58.500000000000007 23.150000000000002 76.500000000000014 60.500000000000007 21.450000000000003 4.5000000000000009
decision_type=2 2 2 2 2 2 2 2 2 2 2 2 2 2 2 2 2 2 2 2 2 2 2 2 2 2 2 2 2 2
left_child=2 4 -1 11 8 7 -7 -6 26 -10 -11 13 -13 14 -3 -16 18 -18 19 20 -15 -22 23 24 25 -23 -2 -28 -26 -4
right_child=1 3 29 -5 5 6 -8 -9 9 10 -12 12 -14 16 15 -17 17 -19 -20 -21 21 22 -24 -25 28 -27 27 -29 -30 -31
leaf_value=-0.30292617905498997 0.061815529661934557 0.075058943253976329 -0.21766029633079192 0.9743967640920137 0.9062880266280402 0.91883048744251339 -0.89429339418808618 2.6163712297167101 0.13587173663445412 0.54581012914527161 -0.40990870963124665 0.54760443270206449 -0.58344009180326717 0.47766920311276995 0.84492511535779791 2.1895029001457749 0.76925596590989676 -1.8946431159973145 1.7756475106307439 -1.0183710825443268 2.2696561882893245 1.1280773520469667 -0.036858889984117973 1.4901366033773313 0.2525779982407888 -2.2415341544151306 -0.07560473090410233 1.3361847435726839 1.4143873410438426 0.067340136373749956
leaf_weight=5815 656 27 519 613 21 48 24 21 326 670 34 72 37 412 52 43 39 20 35 20 24 26 37 87 24 20 25 34 67 649
leaf_count=5815 656 27 519 613 21 48 24 21 326 670 34 72 37 412 52 43 39 20 35 20 24 26 37 87 24 20 25 34 67 649
internal_value=6.70335e-09 0.520995 -0.262176 0.757716 0.310252 0.847515 0.314456 1.76133 0.275153 0.384515 0.499653 0.630244 0.163672 0.684753 1.14845 1.45352 0.614998 -0.133761 0.673743 0.619954 0.666965 0.940614 0.818403 0.959674 0.622811 -0.336971 0.11761 0.737969 1.10798 -0.0592996
internal_weight=10497 3514 6983 1655 1859 114 72 42 1745 1030 704 1042 109 933 122 95 811 59 752 717 697 285 261 224 137 46 715 59 91 1168
internal_count=10497 3514 6983 1655 1859 114 72 42 1745 1030 704 1042 109 933 122 95 811 59 752 717 697 285 261 224 137 46 715 59 91 1168
is_linear=0
shrinkage=0.05


Tree=71
num_leaves=31
num_cat=0
split_feature=4 4 4 0 6 6 3 0 2 5 1 3 4 3 8 4 4 8 4 6 6 4 6 8 0 6 6 1 5 0
split_gain=518042 71501.2 17204.8 15065.2 14473.7 12654.9 10092.8 20729.6 9995.34 16982.4 11387.1 11573.8 29122.4 28746.2 20181.2 16408.2 19325.4 14389.8 10129.4 13540.6 8738.42 8973.4 8426.81 8642.08 22381.6 7988.39 7831.82 13259.6 7744.46 7497.1
threshold=229.50000000000003 559.50000000000011 881.50000000000011 26.050000000000004 64.500000000000014 917.50000000000011 1.0000000180025095e-35 24.450000000000003 72.500000000000014 99.500000000000014 468.50000000000006 20.500000000000004 505.50000000000006 39.500000000000007 3.5000000000000004 423.50000000000006 367.50000000000006 1.5000000000000002 551.50000000000011 632.50000000000011 333.50000000000006 176.50000000000003 519.50000000000011 11.500000000000002 16.750000000000004 365.50000000000006 565.00000000000011 562.50000000000011 46.500000000000007 25.250000000000004
decision_type=2 2 2 2 2 2 2 2 2 2 2 2 2 2 2 2 2 2 2 2 2 2 2 2 2 2 2 2 2 2
left_child=4 3 5 8 -1 25 7 -4 10 -10 22 15 14 -14 17 16 -12 -13 19 26 29 -22 23 -2 -25 -3 27 -17 -7 -6
right_child=1 2 6 -5 20 28 -8 -9 9 -11 11 12 13 -15 -16 18 -18 -19 -20 -21 21 -23 -24 24 -26 -27 -28 -29 -30 -31
leaf_value=-0.28730627241440415 0.0020634459612765732 -0.3275781588120894 -0.47107725487305568 0.51582214932913251 -0.19392403322931348 0.75257759590943651 1.4298754572363224 1.1204846975704035 0.33987426245332975 1.7429634881615639 0.2755570967992147 0.83846304076058531 1.3276835376308078 -0.97738927351801019 0.31794327208224465 0.21971109803412517 -1.7760621081699026 2.5031406083527736 -0.71677218923966102 1.5795086326806442 -0.085168097132728215 1.3946752825379374 -0.7791115247434186 -0.66746308864759551 1.0234516421648172 0.63233439846119754 -0.59245934025807823 1.4718786151409151 1.9765808982508526 0.13328026668168605
leaf_weight=5865 717 22 26 456 678 24 118 96 157 25 24 21 21 38 34 137 22 34 21 23 21 20 31 28 65 1462 22 25 28 236
leaf_count=5865 717 22 26 456 678 24 118 96 157 25 24 21 21 38 34 137 22 34 21 23 21 20 31 28 65 1462 22 25 28 236
internal_value=3.41927e-09 0.478372 0.706484 0.265259 -0.257914 0.644969 1.10018 0.781299 0.186188 0.532606 0.136269 0.348211 0.704494 -0.15694 1.27556 0.155766 -0.705652 1.86754 0.32956 0.43571 -0.0774046 0.636707 0.0299196 0.0608826 0.514359 0.618104 0.292735 0.412947 1.41166 -0.109438
internal_weight=10497 3677 1776 1901 6820 1536 240 122 1445 182 1263 422 148 59 89 274 46 55 228 207 955 41 841 810 93 1484 184 162 52 914
internal_count=10497 3677 1776 1901 6820 1536 240 122 1445 182 1263 422 148 59 89 274 46 55 228 207 955 41 841 810 93 1484 184 162 52 914
is_linear=0
shrinkage=0.05


Tree=72
num_leaves=31
num_cat=0
split_feature=4 4 6 6 1 4 3 0 3 1 3 0 5 5 8 2 0 4 8 0 5 1 5 1 4 3 3 6 4 2
split_gain=469557 44306.8 39968.4 11607.1 13171.5 11052.3 10574.1 11269.1 29895.4 10287.4 12944 15616.8 12780 8764.59 8582.27 18424 8697.13 13910.9 7908.56 19285.6 66161 16343 10057.9 15380.4 23916.3 17912 10123.3 9016.25 10772.5 7476.57
threshold=370.50000000000006 129.50000000000003 742.50000000000011 535.50000000000011 468.50000000000006 522.50000000000011 98.500000000000014 19.950000000000003 45.500000000000007 447.50000000000006 47.500000000000007 23.250000000000004 46.500000000000007 43.500000000000007 11.500000000000002 63.500000000000007 15.65 261.50000000000006 4.5000000000000009 23.750000000000004 43.500000000000007 753.50000000000011 43.500000000000007 570.50000000000011 576.50000000000011 43.500000000000007 68.500000000000014 732.50000000000011 716.50000000000011 46.500000000000007
decision_type=2 2 2 2 2 2 2 2 2 2 2 2 2 2 2 2 2 2 2 2 2 2 2 2 2 2 2 2 2 2
left_child=1 -1 5 4 9 29 7 8 -4 10 11 -3 -12 -8 16 -16 -14 -18 19 22 -21 27 -7 26 -25 -26 -24 28 -20 -2
right_child=2 3 6 -5 -6 18 13 -9 -10 -11 12 -13 14 -15 15 -17 17 -19 21 20 -22 -23 23 24 25 -27 -28 -29 -30 -31
leaf_value=-0.26333634913913162 0.01661650432374677 -0.20602049229977035 1.0222800057741903 -1.0124947311878205 0.98017358229710505 0.32017377124889601 0.88816764255364744 0.81566813964486495 -1.4572046920657158 -1.0005522634672082 -0.073697398267845576 0.20965217873265474 0.99035082722819134 2.2698164370926945 2.2356734535910867 0.33068774302800497 -0.39395380777340117 0.7534623104929925 0.579728240684666 0.64283822445159267 -2.7328850882393976 1.6311542302370072 0.94669272287024386 -0.6119278347740571 1.2624534604315825 -0.42400210142135625 2.3080849354917352 -0.29130345093352455 1.7391276382264635 0.36087470216037876
leaf_weight=6249 203 528 31 25 39 302 24 830 20 23 117 395 43 22 22 30 56 50 436 47 21 40 36 36 74 20 22 28 21 707
leaf_count=6249 203 528 31 25 39 302 24 830 20 23 117 395 43 22 22 30 56 50 436 47 21 40 36 36 74 20 22 28 21 707
internal_value=4.76485e-09 -0.207598 0.53869 0.0546801 0.0751554 0.412529 0.809928 0.771341 0.0499331 0.0472316 0.0666506 -0.0281324 0.34176 1.54896 0.583593 1.13664 0.390582 0.14728 0.520461 0.389402 -0.399665 0.659758 0.498905 0.786016 0.483939 0.903633 1.46308 0.579643 0.633005 0.284079
internal_weight=10497 7577 2920 1328 1303 1993 927 881 51 1264 1241 923 318 46 201 52 149 106 1083 558 68 525 490 188 130 94 58 485 457 910
internal_count=10497 7577 2920 1328 1303 1993 927 881 51 1264 1241 923 318 46 201 52 149 106 1083 558 68 525 490 188 130 94 58 485 457 910
is_linear=0
shrinkage=0.05


Tree=73
num_leaves=31
num_cat=0
split_feature=4 1 6 6 6 6 6 4 3 0 3 6 5 8 3 0 8 6 8 1 2 0 0 3 0 8 2 2 0 0
split_gain=423775 40182.2 36071.5 10445.8 19282.8 12818.8 25893.7 9974.69 9543.13 10170.4 26980.6 8010.59 7910.04 7495.81 8745.36 14474.8 8640.63 7157.51 12283.1 7043.41 8568.96 9525.78 42509.3 40529.6 10771.9 7473.52 9031 6862.17 8006.85 12946.7
threshold=370.50000000000006 130.50000000000003 742.50000000000011 535.50000000000011 496.50000000000006 468.50000000000006 451.50000000000006 522.50000000000011 98.500000000000014 19.950000000000003 45.500000000000007 187.50000000000003 43.500000000000007 4.5000000000000009 47.500000000000007 14.750000000000002 8.5000000000000018 384.50000000000006 2.5000000000000004 963.50000000000011 61.500000000000007 23.150000000000002 24.550000000000004 1.0000000180025095e-35 25.750000000000004 4.5000000000000009 31.500000000000004 56.500000000000007 23.950000000000003 23.250000000000004
decision_type=2 2 2 2 2 2 2 2 2 2 2 2 2 2 2 2 2 2 2 2 2 2 2 2 2 2 2 2 2 2
left_child=1 11 7 4 5 6 13 27 9 10 -4 -1 -10 -3 15 -15 -17 18 -9 20 21 -11 23 -23 -24 -26 -27 28 29 -2
right_child=2 3 8 -5 -6 -7 -8 17 12 19 -12 -13 -14 14 -16 16 -18 -19 -20 -21 -22 22 24 -25 25 26 -28 -29 -30 -31
leaf_value=-0.2539267053801707 0.05908759642812994 -0.1086065785840432 0.9711660063314822 -0.96186998927593237 1.5728235483169557 -1.0325698197991759 1.809570879027957 0.73750689896670263 0.84375925113757466 1.3891569869640548 -1.3843444896489383 0.74834435909986496 2.1563256870616567 -1.2598655417561533 0.52190368153974409 0.28757932812951154 -0.093442573605587456 0.52151015106635301 -0.89812752182284994 1.6376549565273786 0.98330500474234805 -2.4991203140644802 1.5331881838875849 0.64589797496795665 -0.16130721657364458 1.6829505389386956 0.64069495210225913 0.39531567276064911 0.41908524610872927 -1.2338890382221768
leaf_weight=6212 248 509 31 25 21 27 21 22 24 39 20 20 22 20 125 315 282 1037 24 23 265 21 37 20 27 22 376 496 145 21
leaf_count=6212 248 509 31 25 21 27 21 22 24 39 20 20 22 20 125 315 282 1037 24 23 265 21 37 20 27 22 376 496 145 21
internal_value=2.21776e-10 -0.197219 0.511755 0.0506325 0.0698087 0.0455105 0.0683943 0.391903 0.769431 0.732774 0.0474364 -0.25071 1.47151 0.0391659 0.140535 0.0632729 0.107599 0.494438 -0.115868 0.774885 0.750295 0.63637 0.578003 -0.964965 0.714933 0.643696 0.698307 0.269875 0.119588 -0.0418511
internal_weight=10497 7577 2920 1345 1320 1299 1272 1993 927 881 51 6232 46 1251 742 617 597 1083 46 830 807 542 503 41 462 425 398 910 414 269
internal_count=10497 7577 2920 1345 1320 1299 1272 1993 927 881 51 6232 46 1251 742 617 597 1083 46 830 807 542 503 41 462 425 398 910 414 269
is_linear=0
shrinkage=0.05


Tree=74
num_leaves=31
num_cat=0
split_feature=4 4 0 5 5 7 1 5 5 4 7 6 0 2 4 1 6 1 8 7 1 5 4 0 1 4 2 2 2 0
split_gain=383434 53587.1 15664.3 15543.3 14215.7 32331.7 12110.7 12481.2 22106.2 11521 11507.9 11357.5 14695.9 19743.6 13709.5 19044 12891.7 9663.98 9025.94 13182.6 27298.4 16907.5 17992.5 23630.2 18080.4 23202.1 12245.8 10789.2 12203.2 10305.3
threshold=222.50000000000003 626.50000000000011 15.850000000000003 81.500000000000014 67.500000000000014 13.500000000000002 234.50000000000003 99.500000000000014 76.500000000000014 881.50000000000011 12.500000000000002 646.50000000000011 22.950000000000003 51.500000000000007 617.50000000000011 636.50000000000011 596.50000000000011 923.50000000000011 4.5000000000000009 12.500000000000002 565.00000000000011 34.500000000000007 370.50000000000006 17.950000000000003 515.50000000000011 522.50000000000011 63.500000000000007 64.500000000000014 68.500000000000014 17.050000000000004
decision_type=2 2 2 2 2 2 2 2 2 2 2 2 2 2 2 2 2 2 2 2 2 2 2 2 2 2 2 2 2 2
left_child=6 2 3 4 -2 -6 -1 8 -8 17 -9 14 13 -13 15 18 -17 -3 19 20 27 -21 23 29 26 -26 -24 -4 -29 -23
right_child=1 9 11 -5 5 -7 7 10 -10 -11 -12 12 -14 -15 -16 16 -18 -19 -20 21 -22 22 24 -25 25 -27 -28 28 -30 -31
leaf_value=-0.23280677679525602 -0.043477424533104714 0.56508370530166319 0.20455909214333859 0.58146286641850187 -2.2615345150232318 0.39213208881291478 -0.095855744268213 -1.1614624532786282 1.7708830161341305 0.96760902111728986 0.34409420927365625 -0.02723079860210419 0.25258225185530531 1.8484417985728445 -0.81087341372455879 2.0994958043098451 0.50683881855673263 1.5400565009850722 0.36443177117462489 -0.11322494952159155 -1.8419636019928889 0.15646942353674345 0.92937754444454035 -0.84805063180448048 -0.76604922413825993 1.1775671807501247 2.2151048334375507 -1.4187269201278687 0.07702061692873638 1.5016707867383958
leaf_weight=6659 278 1132 167 85 24 22 35 22 29 240 30 20 70 47 28 24 27 26 1067 148 22 35 46 42 28 34 31 25 30 24
leaf_count=6659 278 1132 167 85 24 22 35 22 29 240 30 20 70 47 28 24 27 26 1067 148 22 35 46 42 28 34 31 25 30 24
internal_value=1.2054e-09 0.407708 0.260562 -0.0203235 -0.1782 -0.99239 -0.223984 0.282511 0.75001 0.652319 -0.292872 0.320553 0.759218 1.28854 0.286753 0.304315 1.25632 0.586974 0.275737 0.125996 -0.161965 0.307084 0.566275 0.0584 0.935306 0.299805 1.44701 0.00452168 -0.602865 0.70367
internal_weight=10497 3722 2324 409 324 46 6775 116 64 1398 52 1915 137 67 1778 1750 51 1158 1699 632 244 388 240 101 139 62 77 222 55 59
internal_count=10497 3722 2324 409 324 46 6775 116 64 1398 52 1915 137 67 1778 1750 51 1158 1699 632 244 388 240 101 139 62 77 222 55 59
is_linear=0
shrinkage=0.05


Tree=75
num_leaves=31
num_cat=0
split_feature=4 4 6 5 6 6 6 6 3 0 3 0 2 1 1 8 5 5 5 7 7 4 5 0 5 4 5 8 2 3
split_gain=346841 33287.6 29456 9760.56 10693.7 16104.1 12927.1 21568.6 8702.11 9192.82 24195.2 8572.25 8030.5 24831 20416.3 16007.8 28077.2 15661.8 18152.4 15846 11484.1 9240.82 8554.45 17737.3 12693.4 10462.4 11899.9 11254.5 10107.7 11392.4
threshold=370.50000000000006 68.500000000000014 742.50000000000011 9.5000000000000018 535.50000000000011 496.50000000000006 468.50000000000006 451.50000000000006 98.500000000000014 19.950000000000003 45.500000000000007 29.150000000000002 48.500000000000007 745.50000000000011 809.50000000000011 10.500000000000002 15.500000000000002 71.500000000000014 58.500000000000007 11.500000000000002 14.500000000000002 555.50000000000011 84.500000000000014 16.550000000000004 73.500000000000014 481.50000000000006 44.500000000000007 2.5000000000000004 57.500000000000007 19.500000000000004
decision_type=2 2 2 2 2 2 2 2 2 2 2 2 2 2 2 2 2 2 2 2 2 2 2 2 2 2 2 2 2 2
left_child=1 -1 11 -3 5 6 7 -5 9 10 -4 12 13 15 20 17 -17 18 -2 -19 22 -21 24 -24 25 27 -27 -14 -25 -30
right_child=2 3 8 4 -6 -7 -8 -9 -10 -11 -12 -13 14 -15 -16 16 -18 19 -20 21 -22 -23 23 28 -26 26 -28 -29 29 -31
leaf_value=-0.23455049789149399 0.27884248777355519 -0.19300914440570455 0.88400385898928491 0.079029950079284192 -0.93793514931201938 1.4793905905669644 -0.99897234285319303 1.6956407535643807 1.3662556340543393 0.7008597742236522 -1.3466065707802775 0.597214329630959 -0.46663922448203254 -1.3053123012185097 1.9646760606765747 0.64201924800872812 -1.8866955324359562 -0.064203483362992614 -1.1745288693386575 0.93372347519315524 0.14420219019897992 2.3307653135061268 1.9650576212576458 1.392176570063052 -0.46135508112609386 0.43386619940701165 1.034808263055196 0.39054257867290926 0.80747360683256586 -0.59737539423836605
leaf_weight=5888 326 416 31 1179 25 21 27 21 46 830 20 308 53 28 20 21 23 24 23 29 420 20 28 23 40 297 114 138 31 27
leaf_count=5888 326 416 31 1179 25 21 27 21 46 830 20 308 53 28 20 21 23 24 23 29 420 20 28 23 40 297 114 138 31 27
internal_value=-1.24521e-09 -0.178421 0.462977 0.0172525 0.0859633 0.106474 0.0829768 0.107321 0.695829 0.660824 0.00925467 0.354672 0.310337 0.140851 0.380636 0.227745 -0.679809 0.322372 0.183062 0.988389 0.353582 1.50394 0.470678 0.880222 0.401145 0.458454 0.600551 0.152686 0.505217 0.153492
internal_weight=10497 7577 2920 1689 1273 1248 1227 1200 927 881 51 1993 1685 494 1191 466 44 422 349 73 1171 49 751 109 642 602 411 191 81 58
internal_count=10497 7577 2920 1689 1273 1248 1227 1200 927 881 51 1993 1685 494 1191 466 44 422 349 73 1171 49 751 109 642 602 411 191 81 58
is_linear=0
shrinkage=0.05


Tree=76
num_leaves=31
num_cat=0
split_feature=6 4 0 5 5 3 4 4 1 3 6 2 1 4 8 8 8 0 5 3 0 0 2 3 5 4 8 0 7 5
split_gain=314048 34971.2 24595.5 14936 35323 30935.9 47725.1 44884.9 29508.8 33727.8 24773.6 21732.9 12378.8 18856.6 12839.5 12168.6 15453.6 12790.3 12340 22785.9 13893.4 44017.4 26764 22191.6 19591.3 11601.3 13552.2 12470.5 10187.6 14241.7
threshold=403.50000000000006 137.50000000000003 29.450000000000003 99.500000000000014 89.500000000000014 45.500000000000007 500.50000000000006 385.50000000000006 758.50000000000011 20.500000000000004 468.50000000000006 61.500000000000007 652.50000000000011 460.50000000000006 4.5000000000000009 2.5000000000000004 5.5000000000000009 16.550000000000004 46.500000000000007 99.500000000000014 18.050000000000004 20.150000000000002 56.500000000000007 22.500000000000004 79.500000000000014 534.50000000000011 1.5000000000000002 14.65 14.500000000000002 57.500000000000007
decision_type=2 2 2 2 2 2 2 2 2 2 2 2 2 2 2 2 2 2 2 2 2 2 2 2 2 2 2 2 2 2
left_child=1 -1 3 4 15 8 7 10 9 12 -7 -6 13 14 -5 25 18 -18 -17 20 23 22 -22 -20 -23 26 -2 -28 -19 -30
right_child=2 -3 -4 5 11 6 -8 -9 -10 -11 -12 -13 -14 -15 -16 16 17 28 19 -21 21 24 -24 -25 -26 -27 27 -29 29 -31
leaf_value=-0.21547026043503559 0.19905876805858008 0.06005474146009681 0.70059276593377118 -1.2921373758316042 0.79940502242166167 0.28526233505943549 -2.4394061837877548 1.870817757736553 2.094304589084957 1.5291961731332722 -2.0354213185932326 2.5081768161555136 -1.1867672659199815 1.2494371229952033 0.40753836274147037 0.44396262779979428 -0.90356347768203082 0.42105883814875161 0.25277822042504944 2.3744790793760964 0.41668205545062115 1.2902750824082723 -2.052187879189201 2.1380391088691919 -0.43308303728699687 0.32431238048205469 -0.039093417167663576 -1.5400054062566451 0.15175417532785709 -1.153870478272438
leaf_weight=6286 63 1410 740 25 49 23 28 22 23 33 23 30 29 22 20 505 23 465 27 23 21 94 23 37 20 192 25 31 161 24
leaf_count=6286 63 1410 740 25 49 23 28 22 23 33 23 30 29 22 20 505 23 465 27 23 21 94 23 37 20 192 25 31 161 24
internal_value=-2.33746e-09 -0.164991 0.453327 0.364546 0.414329 0.000613464 -0.702073 0.013299 0.444416 0.150249 -0.875079 1.44831 -0.323764 0.0497754 -0.536726 0.367221 0.429143 0.2552 0.585228 0.876407 0.721201 0.469457 -0.873864 1.34269 0.987932 0.0838945 -0.304007 -0.869955 0.296203 -0.0176242
internal_weight=10497 7696 2801 2061 1813 248 96 68 152 129 46 79 96 67 45 1734 1423 673 750 245 222 158 44 64 114 311 119 56 650 185
internal_count=10497 7696 2801 2061 1813 248 96 68 152 129 46 79 96 67 45 1734 1423 673 750 245 222 158 44 64 114 311 119 56 650 185
is_linear=0
shrinkage=0.05


Tree=77
num_leaves=31
num_cat=0
split_feature=4 4 4 0 3 0 5 3 4 6 1 4 1 3 5 6 1 0 2 2 1 8 6 4 5 5 5 5 8 3
split_gain=284353 40189.7 12156 11148.7 16514.5 15929.1 15014.5 18916.7 18702.1 11638.5 11587.9 16727.8 9884.07 12170.8 12651.5 9876.23 9644.14 15105.9 9666.13 23418.7 26313.6 19872.6 22701.4 31290.3 17733.2 15374.5 11314.8 9160.38 8820.12 8807.85
threshold=222.50000000000003 559.50000000000011 876.50000000000011 20.250000000000004 27.500000000000004 20.650000000000002 59.500000000000007 17.500000000000004 373.50000000000006 279.50000000000006 596.50000000000011 500.50000000000006 239.50000000000003 56.500000000000007 99.500000000000014 917.50000000000011 503.50000000000006 16.650000000000002 66.500000000000014 63.500000000000007 360.50000000000006 2.5000000000000004 396.50000000000006 415.50000000000006 46.500000000000007 32.500000000000007 47.500000000000007 76.500000000000014 3.5000000000000004 1.0000000180025095e-35
decision_type=2 2 2 2 2 2 2 2 2 2 2 2 2 2 2 2 2 2 2 2 2 2 2 2 2 2 2 2 2 2
left_child=12 3 15 4 6 -5 -2 9 -9 -8 -7 -12 -1 14 27 -3 18 -18 19 21 -21 22 24 -24 -6 -20 28 -14 -23 -4
right_child=1 2 29 5 16 10 7 8 -10 -11 11 -13 13 -15 -16 -17 17 -19 25 20 -22 26 23 -25 -26 -27 -28 -29 -30 -31
leaf_value=-0.20046278575474116 0.093854213855874086 0.44649812582293125 0.55847369365226063 1.3511727165430785 -0.35264465017565372 0.21831245783731595 0.95342881828546533 -2.1551481323582786 -0.25305213431517282 -0.34422741522939188 1.8061199417145088 0.33954164365590633 -0.15308458399772645 1.2267981602595404 -0.7872012719511986 1.1827759166981311 1.9613437476612274 0.086538620428605523 -0.24936934255209625 0.29239250991655436 -2.0090466455797906 -0.54425664118358064 -2.3358976813114207 0.051964431825806116 1.4279972782841437 0.76658996761763021 1.3119945829734208 1.245840473202142 0.75190033222947805 1.1442541057933047
leaf_weight=6670 325 1472 133 36 29 799 20 28 24 127 29 59 25 26 32 47 21 22 51 23 27 21 23 34 27 138 48 22 35 124
leaf_count=6670 325 1472 133 36 29 799 20 28 24 127 29 59 25 26 32 47 21 22 51 23 27 21 23 34 27 138 48 22 35 124
internal_value=1.5093e-10 0.351101 0.523086 0.194141 0.0804639 0.320135 -0.115578 -0.457617 -1.27726 -0.167676 0.278289 0.822846 -0.192885 0.288454 -0.0203679 0.46928 0.286328 1.00214 0.218828 0.0251461 -0.950385 0.249923 -0.209112 -0.911559 0.505879 0.492442 0.748681 0.501731 0.265841 0.841107
internal_weight=10497 3722 1776 1946 1023 923 524 199 52 147 887 88 6775 105 79 1519 499 43 456 267 50 217 113 57 56 189 104 47 56 257
internal_count=10497 3722 1776 1946 1023 923 524 199 52 147 887 88 6775 105 79 1519 499 43 456 267 50 217 113 57 56 189 104 47 56 257
is_linear=0
shrinkage=0.05


Tree=78
num_leaves=31
num_cat=0
split_feature=6 4 0 5 5 3 4 4 4 6 2 3 8 4 3 3 1 6 5 4 0 3 0 0 3 2 1 5 8 0
split_gain=257698 28209 21235.9 12554.8 32437.5 27942.1 43758.7 39220.1 26555.9 21633.6 19524.8 13106.7 14870 20291 10173.4 29905.7 11486.2 17361.7 13368.8 12977.9 12964.9 10689 16989.5 31913.4 9677.82 9593.23 20068.6 19605.4 8614.75 14371.1
threshold=403.50000000000006 125.50000000000001 29.250000000000004 99.500000000000014 89.500000000000014 45.500000000000007 500.50000000000006 385.50000000000006 623.50000000000011 468.50000000000006 61.500000000000007 20.500000000000004 4.5000000000000009 439.50000000000006 99.500000000000014 97.500000000000014 787.50000000000011 696.50000000000011 81.500000000000014 336.50000000000006 28.550000000000004 1.5000000000000002 24.550000000000004 23.650000000000002 5.5000000000000009 60.500000000000007 475.50000000000006 47.500000000000007 4.5000000000000009 22.450000000000003
decision_type=2 2 2 2 2 2 2 2 2 2 2 2 2 2 2 2 2 2 2 2 2 2 2 2 2 2 2 2 2 2
left_child=1 -1 3 4 14 8 7 9 11 -7 24 12 13 -5 15 16 18 -18 19 -2 21 22 23 -19 -6 27 -27 -16 29 -3
right_child=2 28 -4 5 10 6 -8 -9 -10 -11 -12 -13 -14 -15 25 -17 17 20 -20 -21 -22 -23 -24 -25 -26 26 -28 -29 -30 -31
leaf_value=-0.19604965430729743 -1.008808757293792 -0.020180250102553719 0.63225476752918885 -1.9011901102282787 1.4941176798032678 0.26297507933948355 -2.3394858241081238 1.7454374819993974 1.6448925420422764 -1.9056556973768317 2.3666477032999196 0.96145439813534428 0.70269503002720224 0.0068795844128257348 0.63563462328492548 -1.3022211262892034 2.0319792768359188 0.56812420225724947 1.1010325477520626 0.2451250453986083 -0.51285056897572112 1.0121107747182252 0.92449894458434345 -1.7924821948463265 0.086105878536517799 0.90325075543739575 -0.946284801309759 2.4551283979415892 0.16406052685073846 -0.95309244075959387
leaf_weight=6222 21 668 780 22 23 23 28 22 34 23 30 30 28 38 57 29 20 41 45 1186 28 100 59 22 26 44 22 20 762 44
leaf_count=6222 21 668 780 22 23 23 28 22 34 23 30 30 28 38 57 29 20 41 45 1186 28 100 59 22 26 44 22 20 762 44
internal_value=5.04402e-10 -0.149457 0.410647 0.325119 0.371727 -0.00809255 -0.675913 0.0090878 0.413689 -0.82134 1.36206 0.058935 -0.248742 -0.692746 0.325542 0.288337 0.318643 0.614425 0.254856 0.223308 0.501021 0.628896 0.314786 -0.256215 0.747009 0.72908 0.286739 1.10823 0.0472169 -0.0778321
internal_weight=10497 7696 2801 2021 1773 248 96 68 152 46 79 118 88 60 1694 1551 1522 270 1252 1207 250 222 122 63 49 143 66 77 1474 712
internal_count=10497 7696 2801 2021 1773 248 96 68 152 46 79 118 88 60 1694 1551 1522 270 1252 1207 250 222 122 63 49 143 66 77 1474 712
is_linear=0
shrinkage=0.05


Tree=79
num_leaves=31
num_cat=0
split_feature=4 4 6 0 3 1 3 5 6 1 3 5 5 3 1 2 2 0 1 4 3 8 1 2 1 0 0 5 5 4
split_gain=233625 30801.5 16317.3 15272.4 13527.8 11130.3 10867.2 67062.9 37601.2 17994.8 15291.4 11308.8 8644.37 9250.92 34416.4 24668.8 34085.8 21142.1 16465.3 9595.33 11064 8752.15 13316.4 7906.96 7639.06 18385.4 7244.71 7900.47 7492.13 7999.17
threshold=423.50000000000006 194.50000000000003 783.50000000000011 20.350000000000005 72.500000000000014 284.50000000000006 93.500000000000014 64.500000000000014 596.50000000000011 817.50000000000011 80.500000000000014 48.500000000000007 16.500000000000004 27.500000000000004 492.50000000000006 47.500000000000007 41.500000000000007 20.550000000000004 515.50000000000011 291.50000000000006 43.500000000000007 2.5000000000000004 217.50000000000003 56.500000000000007 360.50000000000006 18.350000000000005 16.350000000000005 71.500000000000014 4.5000000000000009 617.50000000000011
decision_type=2 2 2 2 2 2 2 2 2 2 2 2 2 2 2 2 2 2 2 2 2 2 2 2 2 2 2 2 2 2
left_child=1 -1 5 -4 -5 -2 9 11 -9 10 26 -8 -3 17 15 16 -15 18 -14 21 -21 22 -17 -22 -25 -26 27 28 -7 -30
right_child=2 12 3 4 -6 6 7 8 -10 -11 -12 -13 13 14 -16 19 -18 -19 -20 20 23 -23 -24 24 25 -27 -28 -29 29 -31
leaf_value=-0.17912264491839036 1.3078011369782276 -0.1082442178324735 -0.43050385352337001 0.61338953851303246 1.551253018146608 0.3493908276577713 0.31722771407637218 -3.2284538812580568 -0.42959834621287885 1.4510254747158773 1.1558555508743633 1.5132309595743816 -0.17215711604179951 0.57039772830903535 2.3296050979977561 0.52538739857466321 -2.3137930319422768 0.3177989129727119 -1.5299061343669891 1.3956328891609846 1.258372643093268 0.4211243320638553 -1.0418570757815331 0.58141203094536154 -1.2791176541285081 0.76501790312203499 0.34961778509577535 0.78853270530700692 -0.57541100763997377 0.34030273606379829
leaf_weight=6599 29 394 33 618 41 64 112 21 28 37 55 24 209 20 21 23 21 298 25 38 24 78 33 71 22 22 1388 30 86 33
leaf_count=6599 29 394 33 618 41 64 112 21 28 37 55 24 209 20 21 23 21 298 25 38 24 78 33 71 22 22 1388 30 86 33
internal_value=1.21221e-09 -0.135314 0.4112 0.619176 0.671739 0.335731 0.32072 -0.043131 -1.62911 0.360479 0.336113 0.528287 0.0872385 0.172344 0.363258 0.245948 -0.906871 0.0384879 -0.317216 0.397927 0.639577 0.0787338 -0.398167 0.432885 0.260609 -0.25705 0.307952 0.0364396 -0.0868543 -0.321474
internal_weight=10497 7898 2599 692 659 1907 1878 185 49 1693 1656 136 1299 905 373 352 41 532 234 311 177 134 56 139 115 44 1601 213 183 119
internal_count=10497 7898 2599 692 659 1907 1878 185 49 1693 1656 136 1299 905 373 352 41 532 234 311 177 134 56 139 115 44 1601 213 183 119
is_linear=0
shrinkage=0.05


Tree=80
num_leaves=31
num_cat=0
split_feature=4 1 0 1 3 5 1 3 1 4 6 3 1 0 2 0 8 0 6 5 3 5 5 5 6 1 5 5 1 4
split_gain=210847 27914 15507.9 11366 12706.1 78750.3 71158.6 22211.8 13976 23250.2 10760.9 14088.2 41670.4 28062.1 23493.9 24870.3 16404.7 11741.2 10675 10537.6 13818.5 31650.5 8245.62 7843.66 6929.21 9598.55 19193.2 8945.22 13519.7 12417.5
threshold=423.50000000000006 49.500000000000007 29.450000000000003 284.50000000000006 93.500000000000014 64.500000000000014 565.00000000000011 80.500000000000014 813.50000000000011 770.50000000000011 428.50000000000006 25.500000000000004 488.50000000000006 18.950000000000003 64.500000000000014 20.150000000000002 2.5000000000000004 23.650000000000002 416.50000000000006 10.500000000000002 1.0000000180025095e-35 44.500000000000007 56.500000000000007 48.500000000000007 291.50000000000006 462.50000000000006 49.500000000000007 44.500000000000007 717.50000000000011 655.50000000000011
decision_type=2 2 2 2 2 2 2 2 2 2 2 2 2 2 2 2 2 2 2 2 2 2 2 2 2 2 2 2 2 2
left_child=1 -1 3 -2 7 23 -7 8 24 -10 17 13 14 -12 15 -13 -16 18 -3 -11 21 -21 -9 -6 -5 26 -26 -27 -29 -30
right_child=2 10 -4 4 5 6 -8 22 9 19 11 12 -14 -15 16 -17 -18 -19 -20 20 -22 -23 -24 -25 25 27 -28 28 29 -31
leaf_value=-0.18699289549710629 1.2666519188111829 -0.08280743813456691 0.59339161599472146 0.85953034243649906 0.32273125106743139 -0.27395491889647899 -4.0993207025527951 0.80984763837442175 1.9675183335940045 0.92758679903006258 -1.1927302412487364 -1.1792192414000229 2.5329854679107666 0.48273759770703006 2.189359655454755 0.9751188825993311 0.18848055203755698 0.1589791904316219 -1.1935033944520084 -1.4949341817696888 0.6523144720707621 0.94114372283220293 1.9619515681266784 1.2459514515740533 0.13808531807938026 0.16556482644814119 -1.2042029666178156 0.60569626582322122 0.60600498976806805 -0.43813541514532911
leaf_weight=5696 31 1297 692 45 129 31 20 41 30 79 37 37 25 77 20 21 21 645 22 30 70 24 25 28 138 686 33 349 48 70
leaf_count=5696 31 1297 692 45 129 31 20 41 30 79 37 37 25 77 20 21 21 645 22 30 70 24 25 28 138 686 33 349 48 70
internal_value=2.33426e-09 -0.128548 0.39064 0.317066 0.301375 -0.0671156 -1.7741 0.347326 0.310291 0.668268 0.0226337 0.340152 0.709002 -0.0610546 0.248401 -0.3992 1.16452 -0.0158436 -0.101333 0.47626 0.188721 -0.412233 1.24625 0.487382 0.249365 0.228626 -0.120953 0.280472 0.449265 -0.0134003
internal_weight=10497 7898 2599 1907 1876 208 51 1668 1602 233 2202 238 124 114 99 58 41 1964 1319 203 124 54 66 157 1369 1324 171 1153 467 118
internal_count=10497 7898 2599 1907 1876 208 51 1668 1602 233 2202 238 124 114 99 58 41 1964 1319 203 124 54 66 157 1369 1324 171 1153 467 118
is_linear=0
shrinkage=0.05


Tree=81
num_leaves=31
num_cat=0
split_feature=4 4 0 5 5 7 4 5 2 3 3 4 5 3 4 1 5 0 3 0 4 6 5 6 0 0 3 1 4 8
split_gain=190742 28276.8 11272.3 11546.2 12348 29357.8 9836.78 10151.6 11084.7 35069 45759.4 13067 21406.1 10446.3 21047.6 15672.5 13646.9 13399.6 18298 36973.3 9097.43 26448.9 10369 8417.23 8260.54 9344.67 9684.21 25422.8 18205.2 8128.56
threshold=222.50000000000003 626.50000000000011 15.850000000000003 81.500000000000014 67.500000000000014 13.500000000000002 620.50000000000011 24.500000000000004 48.500000000000007 31.500000000000004 79.500000000000014 559.50000000000011 81.500000000000014 27.500000000000004 505.50000000000006 507.50000000000006 65.500000000000014 21.050000000000004 19.500000000000004 17.650000000000002 423.50000000000006 392.50000000000006 76.500000000000014 333.50000000000006 22.350000000000005 19.550000000000004 92.500000000000014 262.50000000000006 355.50000000000006 4.5000000000000009
decision_type=2 2 2 2 2 2 2 2 2 2 2 2 2 2 2 2 2 2 2 2 2 2 2 2 2 2 2 2 2 2
left_child=23 2 3 4 -2 -6 7 -4 9 -9 -11 13 -13 17 15 24 -16 18 20 -20 21 -10 -22 -1 25 26 -15 -28 -29 -3
right_child=1 29 6 -5 5 -7 -8 8 11 10 -12 12 -14 14 16 -17 -18 -19 19 -21 22 -23 -24 -25 -26 -27 27 28 -30 -31
leaf_value=-0.16221790225561494 -0.068116374041595359 0.29529053449638698 0.082608002878370737 0.46106359164504451 -2.1618659565846126 0.36681372008540414 -0.63772415136918426 0.39825100315218742 0.39309595957182458 -2.9882680106163027 -0.019804169499390834 0.56550100832134487 2.195816973100106 0.9026045452890008 0.24895186854733364 1.8305676275286182 -1.3800216256082058 0.39908323030539616 0.34203784180724106 -2.5974332129955293 0.14087053376530845 -1.2359323758345386 1.3276701697936426 0.57445709430254421 0.028163199067115785 1.398799085591075 1.4877064035052348 -1.7273400834202768 0.40603680796921254 0.55077591140924764
leaf_weight=6736 278 468 630 85 24 22 32 148 69 20 37 125 24 86 36 29 20 334 23 20 63 39 26 39 50 43 21 20 20 930
leaf_count=6736 278 468 630 85 24 22 32 148 69 20 37 125 24 86 36 29 20 334 23 20 63 39 26 39 50 43 21 20 20 930
internal_value=2.04262e-09 0.287559 0.180671 -0.0576059 -0.193677 -0.952497 0.231561 0.246334 0.328654 -0.00759496 -1.06137 0.394428 0.828102 0.322551 0.54906 0.73265 -0.332824 0.194301 -0.0906886 -1.02516 0.113282 -0.195164 0.487576 -0.157977 0.599985 0.750464 0.560815 0.078947 -0.660652 0.465249
internal_weight=10497 3722 2324 409 324 46 1915 1883 1253 205 57 1048 149 899 325 269 56 574 240 43 197 108 89 6775 240 190 147 61 40 1398
internal_count=10497 3722 2324 409 324 46 1915 1883 1253 205 57 1048 149 899 325 269 56 574 240 43 197 108 89 6775 240 190 147 61 40 1398
is_linear=0
shrinkage=0.05


Tree=82
num_leaves=31
num_cat=0
split_feature=4 1 0 1 3 5 1 3 1 4 7 7 0 6 0 5 3 5 6 6 6 5 5 6 4 6 1 5 5 1
split_gain=172944 23051.1 13079.8 10443.6 11211.6 70295.3 64764.7 19920.2 12208.5 21504.8 9732.39 16891 16089.1 13849.9 15448.1 9557.17 12422 28590.9 8965.44 7565.73 10555.4 7289.7 7047.47 6931.8 6650.9 6400.97 8271.05 17417.8 7748.19 12214.3
threshold=423.50000000000006 49.500000000000007 29.450000000000003 284.50000000000006 93.500000000000014 64.500000000000014 565.00000000000011 80.500000000000014 813.50000000000011 770.50000000000011 12.500000000000002 14.500000000000002 23.750000000000004 532.50000000000011 17.650000000000002 10.500000000000002 1.0000000180025095e-35 44.500000000000007 468.50000000000006 436.50000000000006 409.50000000000006 56.500000000000007 48.500000000000007 889.50000000000011 844.50000000000011 291.50000000000006 462.50000000000006 49.500000000000007 44.500000000000007 717.50000000000011
decision_type=2 2 2 2 2 2 2 2 2 2 2 2 2 2 2 2 2 2 2 2 2 2 2 2 2 2 2 2 2 2
left_child=1 -1 3 -2 7 22 -7 8 25 -10 12 13 18 14 -12 -11 17 -17 19 20 -3 -9 -6 -18 -4 -5 27 -27 -28 -30
right_child=2 10 24 4 5 6 -8 21 9 15 11 -13 -14 -15 -16 16 23 -19 -20 -21 -22 -23 -24 -25 -26 26 28 -29 29 -31
leaf_value=-0.1695323581958966 1.1964604285455518 -0.16891369224449185 0.44046821340785497 0.80877484003702804 0.29285379787979199 -0.25654790247640302 -3.9060071611404421 0.75530605334334266 1.8633800752957663 0.85900474655665937 0.32998393670372339 0.071617100412664378 0.21347216822099516 -0.19888652400536971 2.0651687358987743 -1.4434681972737113 1.025795575082302 0.87187037003847456 -1.0327700712252408 0.78144290596246724 -1.2581950682660807 1.8385714269876481 1.1679635605641774 0.020366276899973553 0.78141733095935084 0.12465581596437572 0.14358000009023361 -1.1540417374986591 0.55630385033188545 -0.032144624398926562
leaf_weight=5696 31 673 490 45 129 31 20 41 30 79 23 1068 312 22 29 30 40 24 32 20 23 25 28 30 202 138 686 33 349 118
leaf_count=5696 31 673 490 45 129 31 20 41 30 79 23 1068 312 22 29 30 40 24 32 20 23 25 28 30 202 138 686 33 349 118
internal_value=8.48546e-10 -0.116422 0.35379 0.286221 0.27118 -0.0749616 -1.68771 0.314344 0.279272 0.613847 0.0209615 0.122234 -0.0881452 0.852757 1.29768 0.429187 0.155352 -0.414429 -0.213953 -0.177358 -0.20491 1.16563 0.448924 0.594897 0.539994 0.222328 0.202396 -0.12211 0.250523 0.407617
internal_weight=10497 7898 2599 1907 1876 208 51 1668 1602 233 2202 1142 1060 74 52 203 124 54 748 716 696 66 157 70 692 1369 1324 171 1153 467
internal_count=10497 7898 2599 1907 1876 208 51 1668 1602 233 2202 1142 1060 74 52 203 124 54 748 716 696 66 157 70 692 1369 1324 171 1153 467
is_linear=0
shrinkage=0.05


Tree=83
num_leaves=31
num_cat=0
split_feature=6 4 5 4 3 4 1 6 4 4 1 3 4 8 2 1 5 8 2 2 5 2 4 8 5 3 3 6 7 6
split_gain=156891 17554.2 14369.5 20958.9 20259.8 28943 45053.2 25537.9 16328 13803.6 13588.2 12064.9 12175.7 11037 7011.31 12271.5 6830.92 13558.2 14189.5 13812.7 15317.8 12821.5 7723.33 8222.63 24374.8 21008 15701.7 14697 14519.6 16902.2
threshold=403.50000000000006 222.50000000000003 99.500000000000014 295.50000000000006 45.500000000000007 500.50000000000006 485.50000000000006 468.50000000000006 623.50000000000011 703.50000000000011 652.50000000000011 19.500000000000004 460.50000000000006 4.5000000000000009 61.500000000000007 959.50000000000011 34.500000000000007 9.5000000000000018 49.500000000000007 62.500000000000007 61.500000000000007 58.500000000000007 691.50000000000011 2.5000000000000004 83.500000000000014 3.5000000000000004 69.500000000000014 589.50000000000011 12.500000000000002 586.50000000000011
decision_type=2 2 2 2 2 2 2 2 2 2 2 2 2 2 2 2 2 2 2 2 2 2 2 2 2 2 2 2 2 2
left_child=1 -1 3 -2 8 6 7 -6 10 16 11 12 13 -4 15 -11 -5 22 -19 21 -21 -20 23 24 25 -18 -25 -28 -27 -30
right_child=2 -3 4 9 5 -7 -8 -9 -10 14 -12 -13 -14 -15 -16 -17 17 18 19 20 -22 -23 -24 26 -26 28 27 -29 29 -31
leaf_value=-0.14483532629475235 1.9296892347789947 0.085462143390724887 -1.2207069639116526 0.1298811186879027 0.20946619297776903 -1.827011014521122 1.995433645695448 -2.039096722913825 1.2421558496114371 0.35651343098115962 -0.90176763411225958 1.2274706460811475 0.9900641709566117 0.36967252254486088 0.68386429123981285 1.5080320230374733 0.75912843866551183 -1.0860754169780633 0.016104852368957118 0.44742524425188707 -1.2886392271077192 1.4121061803965733 -0.4697910643142203 0.45258608030405267 1.5621209742644659 -1.6597262742844496 0.42918970346450802 1.9012191726993291 0.2830649806902959 -1.4273082947731019
leaf_weight=6753 21 943 24 669 28 32 20 23 37 643 29 27 20 20 316 24 47 29 38 24 27 29 23 462 26 22 30 39 52 20
leaf_count=6753 21 943 24 669 28 32 20 23 37 643 29 27 20 20 316 24 47 29 38 24 27 29 23 462 26 22 30 39 52 20
internal_value=-1.14571e-09 -0.116617 0.320415 0.356641 -0.0336226 -0.578542 -0.0158521 -0.804592 0.323872 0.343532 0.0407351 0.341093 -0.0328474 -0.497807 0.48986 0.397947 0.249947 0.342486 -0.0951577 0.148373 -0.471668 0.620344 0.431715 0.46142 0.15541 -0.103984 0.557661 1.26121 -0.53554 -0.192039
internal_weight=10497 7696 2801 2541 260 103 71 51 157 2520 120 91 64 44 983 667 1537 868 147 118 51 67 721 698 167 141 531 69 94 72
internal_count=10497 7696 2801 2541 260 103 71 51 157 2520 120 91 64 44 983 667 1537 868 147 118 51 67 721 698 167 141 531 69 94 72
is_linear=0
shrinkage=0.05


Tree=84
num_leaves=31
num_cat=0
split_feature=4 6 0 1 3 5 1 3 1 4 6 3 1 6 2 0 2 8 0 2 3 0 2 0 6 0 7 5 7 5
split_gain=141813 19226.4 11115.3 9666.43 9900.64 62250.3 57142 17942.4 10154.5 19251.1 9298.81 12311.5 23331.7 22231.5 18190.7 26709.9 17125.7 14799.3 12035.7 9217.25 15072 27176.8 30417.7 8921.72 10307.8 12588.5 9591.93 6818.06 6501.62 6251.91
threshold=423.50000000000006 2.5000000000000004 29.450000000000003 279.50000000000006 93.500000000000014 64.500000000000014 565.00000000000011 80.500000000000014 813.50000000000011 770.50000000000011 428.50000000000006 22.500000000000004 488.50000000000006 535.50000000000011 64.500000000000014 20.150000000000002 48.500000000000007 2.5000000000000004 21.350000000000005 49.500000000000007 1.5000000000000002 23.650000000000002 59.500000000000007 23.650000000000002 392.50000000000006 17.750000000000004 14.500000000000002 56.500000000000007 10.500000000000002 48.500000000000007
decision_type=2 2 2 2 2 2 2 2 2 2 2 2 2 2 2 2 2 2 2 2 2 2 2 2 2 2 2 2 2 2
left_child=1 -1 3 -2 7 29 -7 8 -5 -10 23 13 14 16 15 -13 -12 -16 -18 -11 21 -21 -23 24 28 26 -26 -9 -3 -6
right_child=2 10 -4 4 5 6 -8 27 9 19 11 12 -14 -15 17 -17 18 -19 -20 20 -22 22 -24 -25 25 -27 -28 -29 -30 -31
leaf_value=-0.16287171471965101 1.180253799046789 -0.16967436793745141 0.49202200347595348 0.19988850088715282 0.26024357816777555 -0.25492322774183368 -3.6828927946090704 0.6961560137388183 1.7391816401481628 1.0226860528642481 1.4967361062898168 -1.1069742080327627 1.9084572315216066 -1.596441878080368 2.0578893753886223 1.0930104784667491 -1.1676205897331238 0.15743080908432605 0.2878986660315066 0.88759527653455739 0.64784432961337879 -2.4196913423863329 0.2095889753916047 0.11456386402872235 0.65359059761870997 -1.355253144332341 -0.82288643528114669 1.7437918221950532 0.027123415801308327 1.0721465020344174
leaf_weight=5121 28 776 692 1370 130 31 20 41 30 44 21 37 28 20 20 22 20 21 49 28 87 22 22 770 22 35 22 25 914 29
leaf_count=5121 28 776 692 1370 130 31 20 41 30 44 21 37 28 20 20 22 20 21 49 28 87 22 22 770 22 35 22 25 914 29
internal_value=2.89072e-09 -0.105424 0.32037 0.258082 0.24434 -0.0792217 -1.59923 0.285051 0.251786 0.556938 0.000513275 0.299353 0.632725 -0.0885705 0.27552 -0.286641 0.246512 1.08448 -0.133991 0.382222 0.204987 -0.330133 -1.10505 -0.0274993 -0.0893357 -0.647574 -0.0846479 1.09299 -0.0632405 0.408327
internal_weight=10497 7898 2599 1907 1879 210 51 1669 1603 233 2777 238 128 110 100 59 90 41 69 203 159 72 44 2539 1769 79 44 66 1690 159
internal_count=10497 7898 2599 1907 1879 210 51 1669 1603 233 2777 238 128 110 100 59 90 41 69 203 159 72 44 2539 1769 79 44 66 1690 159
is_linear=0
shrinkage=0.05


Tree=85
num_leaves=31
num_cat=0
split_feature=1 4 0 0 0 2 3 2 2 5 3 0 2 3 5 5 1 6 2 2 5 0 0 6 5 4 5 5 6 5
split_gain=128325 14217.4 12970.5 12627.1 17427.9 10159.2 8138.95 53537.1 26054.6 47507.7 22956.8 15411.7 16024.4 12619.3 11956.1 11172.3 9492.99 22340.2 15957.4 12681.5 16673.8 12241 14864.8 9100.46 9195.42 8133.7 7873.15 7086.19 7015.41 24104.1
threshold=337.50000000000006 435.50000000000006 29.250000000000004 10.65 11.950000000000001 25.500000000000004 92.500000000000014 39.500000000000007 62.500000000000007 67.500000000000014 70.500000000000014 19.950000000000003 55.500000000000007 66.500000000000014 73.500000000000014 98.500000000000014 787.50000000000011 677.50000000000011 48.500000000000007 59.500000000000007 10.500000000000002 28.350000000000005 21.450000000000003 291.50000000000006 64.500000000000014 1.5000000000000002 57.500000000000007 52.500000000000007 345.50000000000006 75.500000000000014
decision_type=2 2 2 2 2 2 2 2 2 2 2 2 2 2 2 2 2 2 2 2 2 2 2 2 2 2 2 2 2 2
left_child=1 25 3 -2 -5 -4 10 -8 11 -10 13 15 -13 16 -12 -9 23 -18 27 20 -20 22 -21 24 -6 -1 -7 -19 29 -25
right_child=2 -3 5 4 6 26 7 8 9 -11 14 12 -14 -15 -16 -17 17 18 19 21 -22 -23 -24 28 -26 -27 -28 -29 -30 -31
leaf_value=-0.15565286764086872 1.399189768596129 0.6791180202205267 -0.62123410620472652 -1.1738547879716623 0.32353049376789406 0.42892877997598622 -2.3035142044226329 0.48265625723231009 0.55946962695730773 -1.8127253543107937 0.57465729956094125 0.29921911965917658 1.9531991727650166 -0.89101414405382595 1.6779703878067638 -0.76521177816515173 2.095073845386505 0.68264846315485728 0.47897187461455665 -0.4931392058082249 -1.0889285197338232 -0.67776851285071604 0.93445882314329298 0.22858623313276391 1.5181055997808777 -0.040988938348936771 1.1029004473401154 1.7989901715091297 0.16978906590533138 -1.7198238042267886
leaf_weight=5062 22 56 22 23 49 747 24 71 46 39 73 27 32 26 37 24 20 44 30 23 39 21 88 57 24 2227 46 21 1455 22
leaf_count=5062 22 56 22 23 49 747 24 71 46 39 73 27 32 26 37 24 20 44 30 23 39 21 88 57 24 2227 46 21 1455 22
internal_value=-1.04644e-10 -0.114522 0.266868 0.206971 0.195641 0.438621 0.209384 -0.0523202 0.173741 -0.528949 0.243306 0.56159 1.19629 0.203039 0.945772 0.167405 0.218066 0.483478 0.362306 0.14208 -0.407233 0.42922 0.63865 0.17083 0.716268 -0.12062 0.468024 1.04331 0.144874 -0.314009
internal_weight=10497 7345 3152 2337 2315 815 2292 263 239 85 2029 154 59 1919 110 95 1893 286 266 201 69 132 111 1607 73 7289 793 65 1534 79
internal_count=10497 7345 3152 2337 2315 815 2292 263 239 85 2029 154 59 1919 110 95 1893 286 266 201 69 132 111 1607 73 7289 793 65 1534 79
is_linear=0
shrinkage=0.05


Tree=86
num_leaves=31
num_cat=0
split_feature=4 4 0 5 5 7 4 6 6 0 1 0 1 7 5 2 3 3 4 8 6 5 6 8 1 3 3 1 2 5
split_gain=115924 17999.2 9020.42 10085.3 10934.8 25706.8 9089.55 9265.88 8259.14 7205.58 6901.75 11014.2 18100 6596.89 6462.44 13621.4 29800.2 35495.1 9936.33 12401.2 7085.83 11944.3 12146.8 9562.96 8393.76 6825.46 20101.5 14195.2 21692.4 10895.7
threshold=222.50000000000003 626.50000000000011 15.850000000000003 81.500000000000014 67.500000000000014 13.500000000000002 620.50000000000011 742.50000000000011 172.50000000000003 13.65 239.50000000000003 16.350000000000005 409.50000000000006 13.500000000000002 34.500000000000007 47.500000000000007 31.500000000000004 97.500000000000014 559.50000000000011 5.5000000000000009 562.50000000000011 99.500000000000014 636.50000000000011 8.5000000000000018 562.50000000000011 27.500000000000004 84.500000000000014 327.50000000000006 63.500000000000007 60.500000000000007
decision_type=2 2 2 2 2 2 2 2 2 2 2 2 2 2 2 2 2 2 2 2 2 2 2 2 2 2 2 2 2 2
left_child=10 2 3 4 -2 -6 7 8 -4 -5 -1 -12 -13 -11 -10 16 -16 -18 20 -20 24 22 23 -22 25 29 -27 -28 -29 -17
right_child=1 -3 6 9 5 -7 -8 -9 14 13 11 12 -14 -15 15 18 17 -19 19 -21 21 -23 -24 -25 -26 26 27 28 -30 -31
leaf_value=-0.1294881902869115 -0.083269068990036749 0.36594275346782612 1.086444993019104 1.0852187013736478 -2.0471769844492278 0.31904896362261342 -0.65119536055281069 1.0290788273016611 0.060814039143061938 0.49812730099703817 1.273735175755891 0.43143625363471022 -1.295051383972168 -0.61141325292133153 0.27877248538606758 0.37000303573874854 -2.6339685771776282 0.087735228538513191 1.2933796213540649 0.25880704070130983 0.18217872668956889 -1.1373230923305859 1.0821808118086595 -1.0226648159649061 1.1321515141956267 0.91290786213269737 0.65078827421715923 0.24189933295312682 -1.6781930594549825 -0.17610623572309247
leaf_weight=6670 278 1398 25 27 24 22 32 33 766 37 22 63 20 21 109 236 23 25 56 60 58 22 26 23 31 132 47 38 24 149
leaf_count=6670 278 1398 25 27 24 22 32 33 766 37 22 63 20 21 109 236 23 25 56 60 58 22 26 23 31 132 47 38 24 149
internal_value=2.88042e-09 0.224176 0.138897 -0.0742544 -0.201426 -0.915504 0.184421 0.198622 0.183808 0.410493 -0.123156 0.279063 0.0154151 0.0963971 0.171443 0.251464 -0.178355 -1.21641 0.326278 0.758256 0.262525 -0.0762739 0.141886 -0.159937 0.329047 0.289277 0.497952 -0.00456339 -0.501362 0.158652
internal_weight=10497 3722 2324 409 324 46 1915 1883 1850 85 6775 105 83 58 1825 1059 157 48 902 116 786 129 107 81 657 626 241 109 62 385
internal_count=10497 3722 2324 409 324 46 1915 1883 1850 85 6775 105 83 58 1825 1059 157 48 902 116 786 129 107 81 657 626 241 109 62 385
is_linear=0
shrinkage=0.05


Tree=87
num_leaves=31
num_cat=0
split_feature=6 4 0 5 5 3 4 4 1 3 2 6 1 4 8 3 3 2 5 1 3 5 0 1 5 2 5 5 8 2
split_gain=105705 12561.1 10366 6825.61 26866.7 19893.7 31115.6 32255.3 19603.6 22874.5 17775.1 17697.7 14377.6 12517.7 10983.8 8063.65 24036.6 7860.25 17538.9 15429.8 7667.87 7592.42 14490.7 25296 18191.8 17227 8851.83 29751.8 12686.4 18679.9
threshold=406.50000000000006 1.5000000000000002 29.250000000000004 99.500000000000014 89.500000000000014 45.500000000000007 500.50000000000006 385.50000000000006 758.50000000000011 20.500000000000004 61.500000000000007 468.50000000000006 652.50000000000011 439.50000000000006 4.5000000000000009 99.500000000000014 97.500000000000014 60.500000000000007 47.500000000000007 475.50000000000006 5.5000000000000009 67.500000000000014 20.150000000000002 409.50000000000006 79.500000000000014 54.500000000000007 10.500000000000002 12.500000000000002 8.5000000000000018 44.500000000000007
decision_type=2 2 2 2 2 2 2 2 2 2 2 2 2 2 2 2 2 2 2 2 2 2 2 2 2 2 2 2 2 2
left_child=1 -1 3 4 15 8 7 11 9 12 20 -7 13 14 -5 16 21 18 -17 -19 -6 26 23 -23 -24 -25 -2 -28 -29 -30
right_child=2 -3 -4 5 10 6 -8 -9 -10 -11 -12 -13 -14 -15 -16 17 -18 19 -20 -21 -22 22 24 25 -26 -27 27 28 29 -31
leaf_value=-0.14139581800849482 0.3152464185293764 -0.0071477834959489915 0.41948077917054649 -1.2971220460534096 1.2428715063178022 0.22252311164682564 -2.0089970026697435 1.5447649701075121 1.658260436680006 1.2068780613668038 2.1570837997964452 -1.761102739883506 -1.2491013646125795 0.94067253917455673 0.35996708035469061 0.45016670704790163 -1.2877929217049056 0.70619868074738701 2.175086760520935 -0.92182638861916288 -0.0104276547065148 1.6668987908959387 1.5973143701650658 0.5886643478947301 0.10481026274817332 -0.92975783690493152 -1.7243637301999593 0.22750232141910934 -1.3525735443638218 -0.035665204003453257
leaf_weight=5062 500 2657 777 20 23 22 28 22 23 33 28 23 29 26 20 56 28 43 20 22 26 20 49 31 35 47 23 568 31 205
leaf_count=5062 500 2657 777 20 23 22 28 22 23 33 28 23 29 26 20 56 28 43 20 22 26 20 49 31 35 47 23 568 31 205
internal_value=-1.85829e-09 -0.0951856 0.264484 0.204298 0.238872 -0.0423558 -0.609231 -0.0242541 0.314288 0.0727924 1.15212 -0.79133 -0.321153 0.0865816 -0.468577 0.196965 0.163767 0.558847 0.904093 0.155175 0.577856 0.190701 0.493542 0.0804893 0.975438 -0.326282 0.149166 0.0487543 0.0994778 -0.208649
internal_weight=10497 7719 2778 2001 1755 246 95 67 151 128 77 45 95 66 40 1678 1537 141 76 65 49 1509 182 98 84 78 1327 827 804 236
internal_count=10497 7719 2778 2001 1755 246 95 67 151 128 77 45 95 66 40 1678 1537 141 76 65 49 1509 182 98 84 78 1327 827 804 236
is_linear=0
shrinkage=0.05


Tree=88
num_leaves=31
num_cat=0
split_feature=1 4 4 0 0 6 6 3 2 5 1 6 2 0 5 3 0 6 1 4 8 0 4 1 6 4 7 3 5 5
split_gain=96260.9 11555.8 10507.3 10694.8 15913.9 8399.73 9853.95 9439.63 7770.01 37231.7 10944.5 7494.23 8038.34 6940.04 6888.69 6067.29 12991.2 5903.31 9177.69 12272 7485.94 16568.7 11544.7 12643 9370.96 17015.1 10866.3 9617.74 7572.58 7365.26
threshold=337.50000000000006 435.50000000000006 876.50000000000011 10.65 11.950000000000001 880.50000000000011 864.50000000000011 27.500000000000004 35.500000000000007 88.500000000000014 854.50000000000011 524.50000000000011 33.500000000000007 30.450000000000003 36.500000000000007 1.0000000180025095e-35 24.450000000000003 291.50000000000006 400.50000000000006 460.50000000000006 9.5000000000000018 16.650000000000002 306.50000000000006 380.50000000000006 582.50000000000011 588.50000000000011 14.500000000000002 22.500000000000004 48.500000000000007 48.500000000000007
decision_type=2 2 2 2 2 2 2 2 2 2 2 2 2 2 2 2 2 2 2 2 2 2 2 2 2 2 2 2 2 2
left_child=1 -1 3 -2 -5 6 8 14 9 11 17 -6 -13 -8 -7 16 -4 18 -10 -20 29 -22 -23 -24 26 -26 27 -25 -28 -19
right_child=2 -3 15 4 5 7 13 -9 10 -11 -12 12 -14 -15 -16 -17 -18 20 19 -21 21 22 23 24 25 -27 28 -29 -30 -31
leaf_value=-0.10468522510289913 1.3022689700803973 0.61632002199600855 -0.67388323015636864 -1.1142913403718369 -0.28143707136313123 -0.18900759648531676 -1.2310460714995861 1.6063000714778903 0.00043243629237016044 -1.5527141485363245 0.94545610999831797 0.55705351147800686 -0.39780557566770802 -0.020350467336588893 0.69855605699661849 0.79348372956279856 0.55464650291316919 0.15895374455068628 2.0105749827623369 0.43172787465155127 -1.2013254302519341 1.1930917743932117 -1.1769333450567154 0.13574654467134592 -1.6124302315711976 0.024434321615603063 0.17043024782211549 0.9345956743627355 -1.0425051128999754 0.35973635995047049
leaf_weight=7289 22 56 27 23 60 32 20 20 36 36 52 120 27 29 69 122 106 1183 20 32 27 22 21 83 20 77 31 69 22 744
leaf_count=7289 22 56 27 23 60 32 20 20 36 36 52 120 27 29 69 122 106 1183 20 32 27 22 21 83 20 77 31 69 22 744
internal_value=-2.23972e-09 -0.0991881 0.231135 0.20405 0.195647 0.206211 0.188149 0.613869 0.200986 -0.0686348 0.227849 0.189466 0.381671 -0.514512 0.417348 0.538834 0.305246 0.212216 0.614118 1.03898 0.196832 -0.00851677 0.0848335 0.00934838 0.0918382 -0.313064 0.283426 0.498382 -0.333052 0.236474
internal_weight=10497 7345 3152 2897 2875 2852 2731 121 2682 243 2439 207 147 49 101 255 133 2387 88 52 2299 372 345 323 302 97 205 152 53 1927
internal_count=10497 7345 3152 2897 2875 2852 2731 121 2682 243 2439 207 147 49 101 255 133 2387 88 52 2299 372 345 323 302 97 205 152 53 1927
is_linear=0
shrinkage=0.05


Tree=89
num_leaves=31
num_cat=0
split_feature=4 1 8 1 7 0 4 0 8 5 7 7 7 0 3 3 6 3 7 5 5 4 0 3 2 5 7 2 0 6
split_gain=87182.1 12181 9335.92 34537.4 14417.4 13838.9 14014.5 13451.9 12164.6 16208.5 10374.4 8343.03 13915.9 12652.9 12492.1 16756 8312.19 6980.31 6973.79 9762.49 15643.2 15172.5 6458.1 6522.82 6227.7 9443.93 19300.5 30695.1 16223.2 15022.9
threshold=423.50000000000006 37.500000000000007 4.5000000000000009 861.50000000000011 11.500000000000002 23.750000000000004 475.50000000000006 26.050000000000004 6.5000000000000009 46.500000000000007 15.500000000000002 12.500000000000002 14.500000000000002 23.750000000000004 68.500000000000014 25.500000000000004 468.50000000000006 28.500000000000004 14.500000000000002 60.500000000000007 83.500000000000014 534.50000000000011 30.450000000000003 11.500000000000002 74.500000000000014 51.500000000000007 13.500000000000002 65.500000000000014 17.250000000000004 663.50000000000011
decision_type=2 2 2 2 2 2 2 2 2 2 2 2 2 2 2 2 2 2 2 2 2 2 2 2 2 2 2 2 2 2
left_child=1 -1 3 4 5 6 -2 18 9 -4 17 13 14 16 15 -13 -3 -11 24 -20 -21 -22 -10 -24 25 -6 27 29 -28 -27
right_child=2 11 8 -5 7 -7 -8 -9 22 10 -12 12 -14 -15 -16 -17 -18 -19 19 20 21 -23 23 -25 -26 26 28 -29 -30 -31
leaf_value=-0.12258372859394431 -0.78264374915687807 -0.15852235057556441 0.36977912480096253 -1.3865453663799499 0.51019309436281524 -1.1385982901309475 0.29374099165002854 1.4212470853328707 0.1414444635982805 0.96393059733468045 0.040084363655610522 0.40087617998537817 0.061782150905233507 0.18076081781833639 0.0045596353469356419 2.3797153925895693 -0.98113802745938306 1.8632155829860317 -0.086851309414111802 1.424464467263991 -0.97042444971474728 0.88653119023550642 0.34527707976453448 1.1835896911621093 1.1505212292075158 -0.52686821478936408 1.7473837423324587 -2.1121681213378909 0.069527693005169144 0.71010822733243317
leaf_weight=5588 42 761 396 36 270 33 108 25 692 71 22 23 1123 320 31 20 32 31 248 31 22 22 323 25 24 54 25 20 34 45
leaf_count=5588 42 761 396 36 270 33 108 25 692 71 22 23 1123 320 31 20 32 31 248 31 22 22 323 25 24 54 25 20 34 45
internal_value=-5.79898e-10 -0.0826601 0.251192 0.135074 0.189689 -0.211589 -0.00764674 0.279242 0.32853 0.525987 1.02484 0.0139172 0.105545 -0.0846258 0.769673 1.32127 -0.191717 1.23724 0.24333 0.0643146 0.56417 -0.0419466 0.229802 0.405501 0.365834 0.323798 0.0410627 -0.325541 0.780484 0.0353938
internal_weight=10497 7898 2599 1039 1003 183 150 820 1560 520 124 2310 1197 1113 74 43 793 102 795 323 75 44 1040 348 472 448 178 119 59 99
internal_count=10497 7898 2599 1039 1003 183 150 820 1560 520 124 2310 1197 1113 74 43 793 102 795 323 75 44 1040 348 472 448 178 119 59 99
is_linear=0
shrinkage=0.05


Tree=90
num_leaves=31
num_cat=0
split_feature=4 4 8 1 7 0 4 0 8 5 7 7 7 6 0 0 6 2 4 0 5 0 8 6 1 7 0 6 5 4
split_gain=78681.9 11134.1 8425.67 31170 13011.7 12489.6 12648.1 12140.3 10978.6 14628.1 9362.93 6948.35 13353.7 11612.5 13280.1 9895.73 7871.5 6459.3 6349.2 7158.75 16278 12274.5 13788.9 12672.6 6759.27 6884.4 8232.51 7140.05 12810.5 17174.6
threshold=423.50000000000006 1.5000000000000002 4.5000000000000009 861.50000000000011 11.500000000000002 23.750000000000004 475.50000000000006 26.050000000000004 6.5000000000000009 46.500000000000007 15.500000000000002 12.500000000000002 14.500000000000002 532.50000000000011 17.650000000000002 23.750000000000004 468.50000000000006 33.500000000000007 869.50000000000011 22.950000000000003 10.500000000000002 20.350000000000005 3.5000000000000004 764.50000000000011 745.50000000000011 14.500000000000002 18.150000000000002 506.50000000000006 59.500000000000007 573.50000000000011
decision_type=2 2 2 2 2 2 2 2 2 2 2 2 2 2 2 2 2 2 2 2 2 2 2 2 2 2 2 2 2 2
left_child=1 -1 3 4 5 6 -2 17 9 -4 -11 15 13 14 -13 16 -3 -6 19 21 -21 22 23 24 25 26 27 -19 -29 -30
right_child=2 11 8 -5 7 -7 -8 -9 -10 10 -12 12 -14 -15 -16 -17 -18 18 -20 20 -22 -23 -24 -25 -26 -27 -28 28 29 -31
leaf_value=-0.12296258092444673 -0.74351156914518002 -0.13517354727029207 0.35129016727735901 -1.3172180857923297 0.81300349919332404 -1.0816683714136932 0.27905393288108626 1.3501847553253175 0.21831165161373345 1.1753805563145994 0.038080131465738472 0.24136451430942701 0.04182433317154028 -0.23176999200474133 1.8501922385445959 0.14332821706233367 -0.93208112865686421 0.63122164189721219 0.97967886119335901 0.3058471135981381 -1.3011905500522027 0.84996307462021936 -0.98063770991105315 1.1184838147674288 -0.61991728608097352 -0.047145696061820092 1.0398288044043713 0.33533831757977028 -1.4436426141432355 0.32375224254749441
leaf_weight=5062 42 979 396 36 45 33 108 25 1040 102 22 23 1386 22 29 365 32 79 25 40 26 69 26 35 28 202 36 129 28 27
leaf_count=5062 42 979 396 36 45 33 108 25 1040 102 22 23 1386 22 29 365 32 79 25 40 26 69 26 35 28 202 36 129 28 27
internal_value=-2.74822e-09 -0.0785271 0.238633 0.128321 0.180204 -0.201009 -0.00726441 0.26528 0.312104 0.499687 0.973601 0.000786264 0.0767648 0.731189 1.1386 -0.0798305 -0.160397 0.231164 0.196253 0.169239 -0.327228 0.218961 0.145165 0.197064 0.136101 0.178353 0.330697 0.233629 0.0629237 -0.576012
internal_weight=10497 7898 2599 1039 1003 183 150 820 1560 520 124 2836 1460 74 52 1376 1011 795 750 725 66 659 590 564 529 501 299 263 184 55
internal_count=10497 7898 2599 1039 1003 183 150 820 1560 520 124 2836 1460 74 52 1376 1011 795 750 725 66 659 590 564 529 501 299 263 184 55
is_linear=0
shrinkage=0.05


Tree=91
num_leaves=31
num_cat=0
split_feature=4 0 0 3 8 5 1 7 4 5 8 5 0 0 1 0 0 3 5 7 5 6 4 6 4 6 0 0 0 7
split_gain=71438.8 11425.3 14626.7 30037.8 22074.6 46331.4 66322.1 44536.1 21800.6 20729.8 17499.9 17260.9 12887.1 11614.4 11479.7 11290.8 11267.9 22195.7 32355.3 9099.5 10561.5 9703.21 22360 13375.8 9285.12 13414.6 10977.4 13366.3 22565.6 10879
threshold=222.50000000000003 19.850000000000005 22.350000000000005 26.500000000000004 4.5000000000000009 10.500000000000002 828.50000000000011 12.500000000000002 676.50000000000011 48.500000000000007 10.500000000000002 39.500000000000007 10.250000000000002 11.850000000000003 582.50000000000011 20.250000000000004 18.950000000000003 19.500000000000004 50.500000000000007 12.500000000000002 48.500000000000007 596.50000000000011 636.50000000000011 542.50000000000011 534.50000000000011 599.50000000000011 17.050000000000004 16.550000000000004 15.950000000000001 15.500000000000002
decision_type=2 2 2 2 2 2 2 2 2 2 2 2 2 2 2 2 2 2 2 2 2 2 2 2 2 2 2 2 2 2
left_child=-1 12 3 15 5 -4 7 14 -9 -5 -6 -12 -2 -14 -7 -3 19 -18 -19 21 -21 23 -23 -15 25 26 27 28 29 -22
right_child=1 2 4 9 10 6 -8 8 -10 -11 11 -13 13 16 -16 -17 17 18 -20 20 24 22 -24 -25 -26 -27 -28 -29 -30 -31
leaf_value=-0.096680333289938095 1.1238945867334094 -0.80734441256523137 0.45082061076700164 0.47403452190260098 0.28236560988283271 -0.78450188331660775 -3.3084938228130341 -0.29427608857552212 1.7517814221589463 1.7491287520703147 0.16823412115509448 -1.4609643360664106 -0.73205407268189371 -0.074296406089969277 -2.4583004480600361 0.31816497541418892 0.26299603160411594 0.43191914787008012 -1.9894250698991724 0.040866826604674195 0.44671707116980475 1.5710897888456072 -0.34994218199880739 -1.3155628603437675 0.85540161567902118 -0.97355966806411753 0.83383301837103707 -0.70499851155925441 1.5936975824421851 -0.69799088358879091
leaf_weight=6775 28 25 114 60 1682 21 24 30 23 68 37 29 47 385 20 205 63 22 37 370 51 28 33 23 92 20 84 37 29 35
leaf_count=6775 28 25 114 60 1682 21 24 30 23 68 37 29 47 385 20 205 63 22 37 370 51 28 33 23 92 20 84 37 29 35
internal_value=9.5241e-10 0.175983 0.243383 0.537495 0.190206 -0.268052 -0.962557 -0.363594 0.593636 1.15143 0.251027 -0.547626 0.0621234 0.0401989 -1.60099 0.195827 0.0679268 -0.389654 -1.08655 0.114957 0.226843 -0.0563319 0.531843 -0.14427 0.424577 0.26975 0.375115 0.121613 0.387566 -0.0191524
internal_weight=10497 3722 2338 358 1980 232 118 94 53 128 1748 66 1384 1356 41 230 1309 122 59 1187 718 469 61 408 348 256 236 152 115 86
internal_count=10497 3722 2338 358 1980 232 118 94 53 128 1748 66 1384 1356 41 230 1309 122 59 1187 718 469 61 408 348 256 236 152 115 86
is_linear=0
shrinkage=0.05


Tree=92
num_leaves=31
num_cat=0
split_feature=4 6 3 2 0 1 5 6 4 1 0 1 4 1 6 6 5 4 0 6 1 5 6 3 8 8 2 5 5 5
split_gain=65317.7 9392.57 10913.7 19548.1 28537 19476.3 15424.6 17706.6 8087.73 6884.35 7258.21 6771.77 6664.89 6581.49 6388.49 8239.01 20433.3 7537.65 5750.92 13860.9 5405.04 15427.1 10105.4 10862.2 5433.92 5317.07 20651.3 4850.33 6270.1 4306.96
threshold=423.50000000000006 428.50000000000006 22.500000000000004 54.500000000000007 20.550000000000004 488.50000000000006 99.500000000000014 472.50000000000006 881.50000000000011 891.50000000000011 24.550000000000004 284.50000000000006 952.50000000000011 923.50000000000011 291.50000000000006 374.50000000000006 38.500000000000007 471.50000000000006 26.750000000000004 416.50000000000006 447.50000000000006 47.500000000000007 428.50000000000006 7.5000000000000009 4.5000000000000009 10.500000000000002 45.500000000000007 35.500000000000007 25.500000000000004 37.500000000000007
decision_type=2 2 2 2 2 2 2 2 2 2 2 2 2 2 2 2 2 2 2 2 2 2 2 2 2 2 2 2 2 2
left_child=1 18 3 -3 -5 6 -4 -8 11 -10 -11 -2 27 14 17 16 -16 -13 19 -1 21 24 23 -22 -17 29 -27 28 -12 -24
right_child=8 2 5 4 -6 -7 7 -9 9 10 12 13 -14 -15 15 20 -18 -19 -20 -21 22 -23 25 -25 -26 26 -28 -29 -30 -31
leaf_value=-0.089666656721736071 0.93570733088379099 0.75429724231362349 0.75373417858419756 -1.9857534103393555 0.12116207053263983 1.717236520562853 0.47441958730871026 -1.5811699690669776 0.96299104372323585 -0.28357355787947375 0.44883318860893673 1.4792751063406469 1.3485523536801338 0.97073295391522929 0.28549240245705559 -0.0256406763487536 -1.5199436640739441 0.24913717562502083 0.066784123832221362 -1.2690820932388307 0.19728123182835788 -0.84452323579058364 0.12294286446101177 1.7701144091430168 0.65523101119107985 -1.608890568614006 0.24634067105750243 0.94397536771638058 -0.44991161602514762 0.27450288005971485
leaf_weight=7030 30 40 58 25 45 28 22 20 59 37 69 20 20 26 42 92 25 33 605 25 23 49 937 21 43 20 60 28 27 938
leaf_count=7030 30 40 58 25 45 28 22 20 59 37 69 20 20 26 42 92 25 33 605 25 23 49 937 21 43 20 60 28 27 938
internal_value=2.53126e-09 -0.071548 0.237787 -0.127451 -0.631308 0.551664 0.225304 -0.504433 0.217424 0.493952 0.341061 0.189291 0.501557 0.179676 0.170746 0.157964 -0.388178 0.71334 -0.0811592 -0.093846 0.174727 -0.0845959 0.198596 0.947952 0.19123 0.181731 -0.217467 0.364945 0.196061 0.198763
internal_weight=10497 7898 238 110 70 128 100 42 2599 240 181 2359 144 2329 2303 2250 67 53 7660 7055 2183 184 1999 44 135 1955 80 124 96 1875
internal_count=10497 7898 238 110 70 128 100 42 2599 240 181 2359 144 2329 2303 2250 67 53 7660 7055 2183 184 1999 44 135 1955 80 124 96 1875
is_linear=0
shrinkage=0.05


Tree=93
num_leaves=31
num_cat=0
split_feature=4 0 0 3 8 2 5 2 5 1 8 7 5 2 5 0 2 0 3 5 0 5 5 7 0 0 5 8 0 5
split_gain=59123.3 10486.8 13969.4 28301.7 19799.9 45592.1 44103.7 52025.4 19471.9 15507.8 15170.5 15976.1 31860.8 13885.7 25099.2 11702.5 11882.5 13591.5 24536.1 19236.4 11170.6 11329.7 27934.4 35199.7 9993.31 8621 8618.67 9151.36 8533.62 16629.1
threshold=214.50000000000003 19.850000000000005 22.350000000000005 26.500000000000004 4.5000000000000009 55.500000000000007 74.500000000000014 35.500000000000007 48.500000000000007 732.50000000000011 10.500000000000002 12.500000000000002 37.500000000000007 37.500000000000007 6.5000000000000009 10.250000000000002 74.500000000000014 18.950000000000003 19.500000000000004 77.500000000000014 15.950000000000001 81.500000000000014 64.500000000000014 13.500000000000002 20.250000000000004 16.550000000000004 97.500000000000014 8.5000000000000018 16.450000000000003 46.500000000000007
decision_type=2 2 2 2 2 2 2 2 2 2 2 2 2 2 2 2 2 2 2 2 2 2 2 2 2 2 2 2 2 2
left_child=-1 15 3 24 5 6 9 -8 -5 13 26 -12 -13 -4 -15 -2 17 20 -19 -20 21 22 -17 -24 -3 -18 27 -6 29 -22
right_child=1 2 4 8 10 -7 7 -9 -10 -11 11 12 -14 14 -16 16 25 18 19 -21 28 -23 23 -25 -26 -27 -28 -29 -30 -31
leaf_value=-0.088998974563274796 1.0628529550773758 -0.76616260099411015 0.66875891564857393 0.43822302112976708 0.31776249047160815 -2.3267782453369974 -2.8073959138658311 0.46814183321866126 1.6657206267890121 0.99660068043778027 0.4401382150473418 0.23402371860685803 -2.5544431161880494 0.33351974828225195 -1.8467645385048606 -0.12604272431597627 0.17387058344366177 0.16357016419770862 -0.43521657121078727 -2.3278190464973449 -0.056596642344569174 0.39529525033185181 -2.8858678145842123 0.012393766939640047 0.29187481082402744 0.99436592251062406 0.98259818494319928 0.062632671494166667 0.084343873228982236 1.2737635633219844
leaf_weight=6718 28 25 42 60 1151 24 27 22 70 62 27 21 20 33 22 290 89 59 29 25 48 71 22 20 208 50 40 506 642 46
leaf_count=6718 28 25 42 60 1151 24 27 22 70 62 27 21 20 33 22 290 89 59 29 25 48 71 22 20 208 50 40 506 642 46
internal_value=1.50326e-09 0.158215 0.222801 0.508126 0.170937 -0.263314 -0.0252217 -1.33675 1.09918 0.378959 0.228017 -0.504274 -1.1262 -0.0158226 -0.538594 0.0507993 0.0304272 -0.0182656 -0.541293 -1.31142 0.0336239 -0.177984 -0.300583 -1.50574 0.178351 0.469013 0.25736 0.239853 0.149491 0.594431
internal_weight=10497 3779 2360 363 1997 232 208 49 130 159 1765 68 41 97 55 1419 1391 1252 113 54 1139 403 332 42 233 139 1697 1657 736 94
internal_count=10497 3779 2360 363 1997 232 208 49 130 159 1765 68 41 97 55 1419 1391 1252 113 54 1139 403 332 42 233 139 1697 1657 736 94
is_linear=0
shrinkage=0.05


Tree=94
num_leaves=31
num_cat=0
split_feature=4 4 4 1 0 1 4 7 7 3 3 0 6 1 6 6 5 4 4 6 2 8 5 7 0 0 1 4 5 6
split_gain=54639.4 8090.72 6889.8 6240.59 6395.55 6157.67 6036.22 5942.17 10655.4 11066.6 13977.5 8073.18 7537.61 5792.88 5803.82 7266.05 18177.8 6679.04 5785.71 12429.3 6150.41 12849 12857.2 9279.66 4430.56 15405.6 17984.8 9833.25 9546.63 8664.11
threshold=423.50000000000006 1.5000000000000002 881.50000000000011 891.50000000000011 24.550000000000004 279.50000000000006 952.50000000000011 12.500000000000002 14.500000000000002 68.500000000000014 25.500000000000004 23.750000000000004 468.50000000000006 923.50000000000011 291.50000000000006 374.50000000000006 38.500000000000007 471.50000000000006 408.50000000000006 488.50000000000006 51.500000000000007 10.500000000000002 41.500000000000007 15.500000000000002 17.650000000000002 17.250000000000004 557.50000000000011 614.50000000000011 68.500000000000014 492.50000000000006
decision_type=2 2 2 2 2 2 2 2 2 2 2 2 2 2 2 2 2 2 2 2 2 2 2 2 2 2 2 2 2 2
left_child=1 -1 5 -4 -5 -2 -6 11 9 10 -9 12 -3 14 17 16 -16 -7 19 20 21 -10 -23 -22 25 27 29 -17 -29 -27
right_child=2 7 3 4 6 13 -8 8 18 -11 -12 -13 -14 -15 15 24 -18 -19 -20 -21 23 22 -24 -25 -26 26 -28 28 -30 -31
leaf_value=-0.10331757920946896 0.92364519917302668 -0.12046736456725873 0.90065846508842418 -0.27782074502996496 0.32916732938779941 1.3940038436651232 1.2652366021182389 0.33555844348409902 -0.022268496249015109 -0.06312262319749401 2.1429023489356043 0.12918366348524005 -0.90029052747413518 0.90635796601955709 0.26617591423647746 -0.052240340099817484 -1.436700479030609 0.23604532353805774 -0.58435694244172842 1.1856034838284055 0.8449416073469016 -0.069321272149682048 -1.8209497489712456 0.059497051846393728 0.19567863518878101 -0.60425071824680687 -1.3773242073181349 0.28868035320808327 1.3447055865365725 0.79900084598497911
leaf_weight=5062 27 979 59 37 124 20 20 23 194 31 20 365 32 26 42 221 25 33 36 24 39 20 22 1051 1735 22 39 121 26 22
leaf_count=5062 27 979 59 37 124 20 20 23 194 31 20 365 32 26 42 221 25 33 36 24 39 20 22 1051 1735 22 39 121 26 22
internal_value=2.55138e-09 -0.0654387 0.198859 0.454087 0.30852 0.172893 0.459177 0.00217159 0.0724339 0.657015 1.17618 -0.0723799 -0.14515 0.164201 0.155833 0.143667 -0.369226 0.673011 0.0412225 0.0579046 0.0374938 -0.19393 -0.986841 0.0876001 0.159386 0.0197703 -0.595556 0.158553 0.47546 0.0973751
internal_weight=10497 7898 2599 240 181 2359 144 2836 1460 74 43 1376 1011 2332 2306 2253 67 53 1386 1350 1326 236 42 1090 2186 451 83 368 147 44
internal_count=10497 7898 2599 240 181 2359 144 2836 1460 74 43 1376 1011 2332 2306 2253 67 53 1386 1350 1326 236 42 1090 2186 451 83 368 147 44
is_linear=0
shrinkage=0.05


Tree=95
num_leaves=31
num_cat=0
split_feature=4 4 4 1 0 1 4 7 7 6 0 0 6 1 6 6 5 4 4 6 2 8 5 7 0 5 1 1 2 6
split_gain=49312 7301.87 6218.05 5632.14 5771.98 5557.3 5508.7 5362.81 9616.52 10269.2 12510.7 7286.04 6802.69 5228.08 5237.95 6557.61 16405.4 6027.83 5221.61 11217.5 5550.74 11596.2 11603.6 8374.89 4519.4 4371.34 18182.2 11819.5 11516.1 24209.7
threshold=423.50000000000006 1.5000000000000002 881.50000000000011 891.50000000000011 24.550000000000004 279.50000000000006 948.50000000000011 12.500000000000002 14.500000000000002 532.50000000000011 17.650000000000002 23.750000000000004 468.50000000000006 923.50000000000011 291.50000000000006 374.50000000000006 38.500000000000007 471.50000000000006 408.50000000000006 488.50000000000006 51.500000000000007 10.500000000000002 41.500000000000007 15.500000000000002 28.950000000000003 94.500000000000014 798.50000000000011 735.50000000000011 57.500000000000007 621.50000000000011
decision_type=2 2 2 2 2 2 2 2 2 2 2 2 2 2 2 2 2 2 2 2 2 2 2 2 2 2 2 2 2 2
left_child=1 -1 5 -4 -5 -2 24 11 9 10 -9 12 -3 14 17 16 -16 -7 19 20 21 -10 -23 -22 -6 -17 27 28 -27 -30
right_child=2 7 3 4 6 13 -8 8 18 -11 -12 -13 -14 -15 15 25 -18 -19 -20 -21 23 22 -24 -25 -26 26 -28 -29 29 -31
leaf_value=-0.098151703759717324 0.87746294096664157 -0.11444399540714037 0.85562553070485592 -0.26392970536206223 0.96011416798546212 1.324303641319275 1.1109273941516877 0.13643007900403895 -0.02115507184518213 -0.28138657212257384 1.697956840745334 0.12272447954404027 -0.85527598187327392 0.86104006836047542 0.25286711142176677 0.17201457242955162 -1.3648654561042788 0.22424306381832471 -0.55513910982343884 1.1263233194748561 0.80269451733583053 -0.06585521705448627 -1.7299022652886131 0.056522198226994051 0.151834941602179 0.39295716935938058 -1.3088606339234572 1.2239768178690049 0.16834001917588085 -1.980834597349167
leaf_weight=5062 27 979 59 37 21 20 25 23 194 22 29 365 32 26 42 2015 25 33 36 24 39 20 22 1051 98 66 26 21 38 20
leaf_count=5062 27 979 59 37 21 20 25 23 194 22 29 365 32 26 42 2015 25 33 36 24 39 20 22 1051 98 66 26 21 38 20
internal_value=6.44398e-10 -0.0621668 0.188916 0.431383 0.293094 0.164248 0.436218 0.00206301 0.0688122 0.624164 1.00728 -0.068761 -0.137893 0.15599 0.148041 0.136483 -0.350764 0.63936 0.0391613 0.0550094 0.0356191 -0.184233 -0.937499 0.0832201 0.294472 0.151417 -0.0912951 0.127027 -0.0587468 -0.572755
internal_weight=10497 7898 2599 240 181 2359 144 2836 1460 74 52 1376 1011 2332 2306 2253 67 53 1386 1350 1326 236 42 1090 119 2186 171 145 124 58
internal_count=10497 7898 2599 240 181 2359 144 2836 1460 74 52 1376 1011 2332 2306 2253 67 53 1386 1350 1326 236 42 1090 119 2186 171 145 124 58
is_linear=0
shrinkage=0.05


Tree=96
num_leaves=31
num_cat=0
split_feature=4 1 4 3 0 5 4 1 2 0 4 8 5 3 1 4 3 0 1 5 5 1 2 1 0 1 2 5 6 1
split_gain=44504.1 6592.51 5611.79 5367.59 10862.2 5054.43 6747.98 9978.57 6185.66 11636.4 17583 7650.76 11540.9 6552.91 12591.9 11233.3 10539.8 13984.2 15991.8 9342.65 17760.8 8855.77 8833.04 6926.85 13152.2 11259.4 5666.9 7205.72 6228.23 5032.77
threshold=423.50000000000006 1.0000000180025095e-35 881.50000000000011 1.0000000180025095e-35 24.450000000000003 29.500000000000004 415.50000000000006 565.00000000000011 47.500000000000007 23.850000000000005 295.50000000000006 4.5000000000000009 92.500000000000014 27.500000000000004 482.50000000000006 291.50000000000006 17.500000000000004 21.850000000000005 345.50000000000006 82.500000000000014 63.500000000000007 380.50000000000006 55.500000000000007 360.50000000000006 18.750000000000004 317.50000000000006 55.500000000000007 99.500000000000014 317.50000000000006 284.50000000000006
decision_type=2 2 2 2 2 2 2 2 2 2 2 2 2 2 2 2 2 2 2 2 2 2 2 2 2 2 2 2 2 2
left_child=1 -1 29 4 -4 -3 7 8 9 10 11 12 -7 16 15 21 -10 18 19 20 -18 26 -17 25 -25 -24 27 -15 -28 -2
right_child=2 5 3 -5 -6 6 -8 -9 13 -11 -12 -13 -14 14 -16 22 17 -19 -20 -21 -22 -23 23 24 -26 -27 28 -29 -30 -31
leaf_value=-0.093874075400342552 0.79951388299465176 -0.082476305639063996 -0.72929742427972655 0.65024613184949098 0.42279173986559426 0.077673694555248529 -0.70336631012373962 1.0781483851373197 0.070805420990940671 0.3786629090351718 -1.4407406251771109 0.44466288163740608 -1.383767565746199 0.095122508305524087 1.4105172282173521 1.5195298051834107 -0.02791207974155744 0.33964193769815298 -1.9563758339200701 0.37118604595844568 -1.9514933633804323 -0.98439975619316111 0.28316917233169081 -0.85049251088729272 0.77267067382733035 1.5593330974578858 0.099357006524503244 -1.147488836720586 0.8856198496288723 0.14774703055126043
leaf_weight=4996 30 1118 26 118 96 35 29 24 764 56 35 36 22 28 21 20 30 44 21 26 20 20 56 26 24 25 375 20 27 2329
leaf_count=4996 30 1118 26 118 96 35 29 24 764 56 35 36 22 28 21 20 30 44 21 26 20 20 56 26 24 25 375 20 27 2329
internal_value=-2.64726e-10 -0.0590584 0.17947 0.409814 0.177265 0.000879156 0.0531165 0.0656168 0.0515782 -0.222485 -0.485487 -0.125983 -0.486391 0.0841753 0.206355 0.165634 -0.00249801 -0.399688 -0.735054 -0.397584 -0.797345 0.0450985 0.540813 0.39139 -0.0713742 0.677047 0.0908539 -0.422632 0.152166 0.156036
internal_weight=10497 7898 2599 240 122 2902 1784 1755 1731 184 128 93 57 1547 642 621 905 141 97 76 50 470 151 131 50 81 450 48 402 2359
internal_count=10497 7898 2599 240 122 2902 1784 1755 1731 184 128 93 57 1547 642 621 905 141 97 76 50 470 151 131 50 81 450 48 402 2359
is_linear=0
shrinkage=0.05


Tree=97
num_leaves=31
num_cat=0
split_feature=4 1 0 0 6 1 2 5 5 5 2 5 1 2 1 6 2 1 3 8 6 0 0 3 4 3 0 6 6 1
split_gain=40404.1 6061.41 12073 5818.65 6747.3 8251.14 6727.42 20057.7 8093.47 29004.2 9985.63 12656.6 8501.6 7010.4 13194.9 17390.2 14742.4 14922.3 13635.7 10512.5 12325.1 9260.95 9711.7 26050.5 27321.2 10451.9 25177.3 9972.63 17802.3 9345.34
threshold=396.50000000000006 485.50000000000006 17.950000000000003 29.450000000000003 941.50000000000011 923.50000000000011 72.500000000000014 59.500000000000007 10.500000000000002 12.500000000000002 69.500000000000014 57.500000000000007 340.50000000000006 56.500000000000007 462.50000000000006 406.50000000000006 54.500000000000007 840.50000000000011 20.500000000000004 10.500000000000002 499.50000000000006 27.750000000000004 19.850000000000005 54.500000000000007 508.50000000000006 28.500000000000004 22.350000000000005 667.00000000000011 764.50000000000011 636.50000000000011
decision_type=2 2 2 2 2 2 2 2 2 2 2 2 2 2 2 2 2 2 2 2 2 2 2 2 2 2 2 2 2 2
left_child=1 -1 -3 4 5 6 8 -8 -2 -10 12 -12 -11 14 -14 -16 17 19 -18 20 -17 22 23 -15 -25 27 -27 29 -29 -24
right_child=3 2 -4 -5 -6 -7 7 -9 9 10 11 -13 13 21 15 16 18 -19 -20 -21 -22 -23 25 24 -26 26 -28 28 -30 -31
leaf_value=-0.062415239503010693 0.25036105866447395 1.2541070066965545 -0.16829457962087224 0.28786268510685215 -0.57677850758328153 1.0550528933604559 0.050863385697205866 1.4352555409858103 -1.6944952116658289 0.95353971364508794 -0.0030450591915532166 -1.4891089563784394 -0.73871445612065378 0.41724920972110402 -1.2535012714266778 1.139563022851944 -1.2257860811980996 -1.1077599108219147 0.16128075263079478 -0.67441047888535721 0.25140422226898879 -0.18312725287129861 0.31255976057013957 0.36071455143429643 -1.6279226281704049 2.2546909900812007 0.36648616183887833 -0.95897854936974403 0.47849821352532934 1.469888025808793
leaf_weight=7684 598 26 35 710 34 24 84 38 24 28 38 23 63 153 25 45 37 20 34 26 296 131 53 31 39 26 55 35 56 26
leaf_count=7684 598 26 35 710 34 24 84 38 24 28 38 23 63 153 25 45 37 20 34 26 296 131 53 31 39 26 55 35 56 26
internal_value=6.64546e-10 -0.0584741 0.437975 0.164565 0.121694 0.133521 0.122373 0.482067 0.098806 0.027105 0.0604263 -0.563364 0.0927005 0.0717591 -0.0581336 0.0306378 0.100733 0.222238 -0.561557 0.294717 0.36861 0.188985 0.291826 0.0517143 -0.74724 0.505152 0.972577 0.282438 -0.0743775 0.693453
internal_weight=10497 7745 61 2752 2042 2008 1984 122 1862 1264 1240 61 1179 1151 546 483 458 387 71 367 341 605 474 223 70 251 81 170 91 79
internal_count=10497 7745 61 2752 2042 2008 1984 122 1862 1264 1240 61 1179 1151 546 483 458 387 71 367 341 605 474 223 70 251 81 170 91 79
is_linear=0
shrinkage=0.05


Tree=98
num_leaves=31
num_cat=0
split_feature=1 0 0 1 5 1 5 0 4 7 3 6 6 3 4 2 4 6 6 5 5 6 1 3 1 0 5 2 4 3
split_gain=36903.2 7738.89 12517.3 5772.03 12902.9 11889.3 5898.44 11691.8 12181 13691.9 16364.8 13240.3 11292.2 11216.3 14908.2 19491.5 11095.8 7513.08 7272.86 16234.8 14230.2 7163.44 13489.3 11035.4 9297.94 10866.2 8199.8 6057.74 5750.17 8302.35
threshold=337.50000000000006 10.65 11.950000000000001 345.50000000000006 64.500000000000014 349.50000000000006 97.500000000000014 26.250000000000004 665.50000000000011 13.500000000000002 16.500000000000004 392.50000000000006 528.50000000000011 1.5000000000000002 522.50000000000011 59.500000000000007 291.50000000000006 565.00000000000011 510.50000000000006 77.500000000000014 83.500000000000014 416.50000000000006 400.50000000000006 43.500000000000007 542.50000000000011 16.550000000000004 53.500000000000007 57.500000000000007 439.50000000000006 15.500000000000002
decision_type=2 2 2 2 2 2 2 2 2 2 2 2 2 2 2 2 2 2 2 2 2 2 2 2 2 2 2 2 2 2
left_child=-1 -2 -3 4 -4 -5 16 8 9 11 17 -8 -12 -13 15 -15 -7 -11 19 21 -21 26 -23 24 25 -24 -18 -28 29 -20
right_child=1 2 3 5 -6 6 7 -9 -10 10 12 13 -14 14 -16 -17 18 -19 28 20 -22 22 23 -25 -26 -27 27 -29 -30 -31
leaf_value=-0.061413876235921261 1.0776058590124278 -1.0255993480267731 -0.049967675685882569 -1.0212805119427768 1.6538966485857962 1.1967133577053364 0.78896407257765544 0.97535186839103705 -1.1426855905779771 -0.67345210925126686 0.40935591168181845 0.1858124576508999 1.8020952736789528 0.28375230747110702 -1.9350663557052614 -1.6262587189674378 0.14194796013903294 0.51849690616130839 0.085869199559092529 -1.7336115780084029 -0.14986170175913219 -1.1731300261020661 -1.2623485302383251 0.64184022286876308 0.61936172112822541 -0.10382948373646841 0.20720043291764645 1.1471048566699029 0.20024506896445887 1.5265592507645489
leaf_weight=7345 22 23 25 22 20 26 20 25 28 39 43 32 22 34 25 22 293 20 20 23 37 25 22 61 40 253 30 40 1840 20
leaf_count=7345 22 23 25 22 20 26 20 25 28 39 43 32 22 34 25 22 293 20 20 23 37 25 22 61 40 253 30 40 1840 20
internal_value=4.86958e-10 0.143111 0.136542 0.145145 0.707305 0.136884 0.145265 -0.0614167 -0.152361 -0.0444661 0.333498 -0.396853 0.880745 -0.606733 -0.919837 -0.466609 0.168734 -0.269402 0.15885 0.034989 -0.756966 0.0971844 -0.0484839 0.0262931 -0.0929081 -0.196511 0.258102 0.744289 0.213138 0.806214
internal_weight=10497 3152 3130 3107 45 3062 3040 310 285 257 124 133 65 113 81 56 2730 59 2704 824 60 764 401 376 315 275 363 70 1880 40
internal_count=10497 3152 3130 3107 45 3062 3040 310 285 257 124 133 65 113 81 56 2730 59 2704 824 60 764 401 376 315 275 363 70 1880 40
is_linear=0
shrinkage=0.05


Tree=99
num_leaves=31
num_cat=0
split_feature=4 0 0 0 3 2 6 4 2 5 2 8 0 0 5 7 4 3 4 7 2 0 0 0 3 3 5 8 6 8
split_gain=33609.6 7988.22 12295.5 6853.26 7195.53 9962.38 6619.41 8055.5 6425.83 10214.1 5885.61 4607.99 16497.4 20498.6 17837.4 15752.5 10651.6 9145.85 8904.38 6081.85 4435.63 4132.94 20508 14017.6 20708.4 13028.9 17781.2 9791.84 12247 8961.47
threshold=214.50000000000003 10.250000000000002 11.850000000000003 29.250000000000004 54.500000000000007 27.500000000000004 941.50000000000011 931.50000000000011 72.500000000000014 89.500000000000014 42.500000000000007 10.500000000000002 23.150000000000002 16.750000000000004 36.500000000000007 11.500000000000002 327.50000000000006 15.500000000000002 359.50000000000006 15.500000000000002 55.500000000000007 19.750000000000004 22.350000000000005 18.950000000000003 19.500000000000004 26.500000000000004 46.500000000000007 3.5000000000000004 753.50000000000011 4.5000000000000009
decision_type=2 2 2 2 2 2 2 2 2 2 2 2 2 2 2 2 2 2 2 2 2 2 2 2 2 2 2 2 2 2
left_child=-1 -2 10 6 5 -5 7 8 11 -10 -3 21 13 14 -13 16 -15 20 19 -19 -17 23 25 27 -25 -23 -27 28 -4 -24
right_child=1 2 3 4 -6 -7 -8 -9 9 -11 -12 12 -14 15 -16 17 -18 18 -20 -21 -22 22 29 24 -26 26 -28 -29 -30 -31
leaf_value=-0.067102351529056831 0.96068620830774309 -1.2593329958293751 0.06000793876126409 -0.75686770157516003 1.1631980941409157 0.25693943293628557 -0.65220236539840704 0.95394765701558859 0.19938463345057691 1.1167594982896532 -0.1510458672642708 -0.012801638671330044 -1.3221729914729412 -1.4499649797167098 -1.6598002510686076 0.38147078037261961 0.091981494426727303 1.6121997948615783 0.30759257808537555 0.49385125361382959 -0.44706242680549624 0.31810626547064702 -0.24017148517037223 0.10541924477037456 -1.4913534265112234 0.31594118807050919 1.8666237806803303 -0.95046854595775199 1.1050004447328634 0.12540863404059938
leaf_weight=6718 28 23 845 25 21 789 30 27 228 35 25 35 26 21 31 30 24 31 71 20 35 171 213 45 37 36 38 23 29 787
leaf_count=6718 28 23 845 25 21 789 30 27 228 35 25 35 26 21 31 30 24 31 71 20 35 171 213 45 37 36 38 23 29 787
internal_value=4.05684e-10 0.119289 0.113008 0.123315 0.249378 0.225803 0.0866125 0.0944223 0.0861665 0.321469 -0.6821 0.061879 -0.114287 -0.00890048 -0.786392 0.212282 -0.627594 0.414392 0.669625 1.17363 -0.0646625 0.0875434 0.147985 0.010679 -0.615076 0.557966 1.11224 0.0678829 0.0946816 0.0475401
internal_weight=10497 3779 3751 3703 835 814 2868 2838 2811 263 48 2548 324 298 66 232 45 187 122 51 65 2224 1245 979 82 245 74 897 874 1000
internal_count=10497 3779 3751 3703 835 814 2868 2838 2811 263 48 2548 324 298 66 232 45 187 122 51 65 2224 1245 979 82 245 74 897 874 1000
is_linear=0
shrinkage=0.05


Tree=100
num_leaves=31
num_cat=0
split_feature=4 1 4 1 1 6 6 4 6 6 5 1 1 1 3 0 6 1 5 6 0 0 8 2 6 8 4 0 0 1
split_gain=30689.3 5089.66 4859.65 7252.57 4850.19 4400.65 6562.33 4927.36 4321.16 9280.2 17962 6586.79 5649.28 9612.87 4671.04 5549.14 6477.72 6931.67 5673.99 4615.28 6545.14 7376.75 5350.84 5234.07 4913.34 4652.54 8930.14 4078.26 12237.6 15852.2
threshold=423.50000000000006 1.0000000180025095e-35 939.50000000000011 948.50000000000011 279.50000000000006 291.50000000000006 327.50000000000006 471.50000000000006 582.50000000000011 496.50000000000006 99.500000000000014 492.50000000000006 468.50000000000006 458.50000000000006 80.500000000000014 14.750000000000002 230.50000000000003 312.50000000000006 32.500000000000007 234.50000000000003 15.65 17.750000000000004 2.5000000000000004 63.500000000000007 218.50000000000003 11.500000000000002 80.500000000000014 17.650000000000002 17.250000000000004 557.50000000000011
decision_type=2 2 2 2 2 2 2 2 2 2 2 2 2 2 2 2 2 2 2 2 2 2 2 2 2 2 2 2 2 2
left_child=1 -1 4 -4 -2 7 -7 -6 9 11 -11 12 13 14 15 16 -3 18 -18 24 22 -22 -21 -23 25 -16 -27 28 -8 -30
right_child=2 8 3 -5 5 6 27 -9 -10 10 -12 -13 -14 -15 19 -17 17 -19 -20 20 21 23 -24 -25 -26 26 -28 -29 29 -31
leaf_value=-0.079633798586835475 0.79286207096385108 -0.10172436404286503 1.0758861380464892 -0.021752711330299025 1.2003589141368867 -0.78068660020828251 0.11445781422071806 0.21130541861057284 -0.71101231064115256 1.3951169809874369 -0.25534369237720966 -0.86668115204030816 0.67309353649616244 -1.0978589019924403 -0.015233826256365303 0.013427698221934754 -0.45778900608420375 -0.057182589846272627 -1.648796398639679 1.380794319137931 -0.31992207161650493 0.70009052686393269 0.2734396147727966 -0.21707319619045373 -0.71086148534502303 -0.052230961639434109 1.2740295830098065 0.1611036615330512 0.098038825508621016 -1.2699661958217623
leaf_weight=4996 28 417 34 27 20 20 403 34 21 34 32 22 31 20 228 1780 20 31 20 24 48 60 20 21 21 30 22 1948 45 40
leaf_count=4996 28 417 34 27 20 20 403 34 21 34 32 22 31 20 228 1780 20 31 20 24 48 60 20 21 21 30 22 1948 45 40
internal_value=-1.11118e-09 -0.0490428 0.149034 0.590046 0.138435 0.131134 0.121318 0.577622 0.00362169 0.00883075 0.594894 -0.00490998 0.00187805 -0.0056555 0.00231097 -0.027523 -0.176892 -0.618371 -1.05329 0.145061 0.350858 0.171245 0.877451 0.462307 0.0267785 0.0821015 0.508879 0.128723 -0.00053361 -0.545728
internal_weight=10497 7898 2599 61 2538 2510 2456 54 2902 2881 66 2815 2793 2762 2742 2268 488 71 40 474 173 129 44 81 301 280 52 2436 488 85
internal_count=10497 7898 2599 61 2538 2510 2456 54 2902 2881 66 2815 2793 2762 2742 2268 488 71 40 474 173 129 44 81 301 280 52 2436 488 85
is_linear=0
shrinkage=0.05


Tree=101
num_leaves=31
num_cat=0
split_feature=4 1 4 1 0 3 4 1 6 3 8 1 4 2 2 6 1 0 0 5 8 1 0 6 2 6 2 6 4 2
split_gain=27697.1 4698.34 4593.57 4324.4 4284.47 4709.16 9058.44 11544.4 5758.97 7502.9 14425.7 13808.3 25937.6 13023.1 7107.61 6842.99 6646.86 5698.58 22985 49449.7 7311.73 6662.32 5643.3 7381.97 5586.32 9013.1 6453.34 5441 6105.91 10642.6
threshold=423.50000000000006 963.50000000000011 1.0000000180025095e-35 279.50000000000006 33.650000000000013 1.0000000180025095e-35 907.50000000000011 915.50000000000011 917.50000000000011 3.5000000000000004 8.5000000000000018 833.50000000000011 796.50000000000011 40.500000000000007 53.500000000000007 861.50000000000011 813.50000000000011 24.850000000000005 24.250000000000004 9.5000000000000018 5.5000000000000009 681.50000000000011 17.950000000000003 535.50000000000011 53.500000000000007 717.50000000000011 62.500000000000007 291.50000000000006 594.50000000000011 33.500000000000007
decision_type=2 2 2 2 2 2 2 2 2 2 2 2 2 2 2 2 2 2 2 2 2 2 2 2 2 2 2 2 2 2
left_child=2 3 -1 -2 5 17 7 8 9 10 13 16 -13 -7 -12 -14 27 18 21 -20 -19 22 23 -5 25 -23 -26 -11 -29 -30
right_child=1 -3 -4 4 -6 6 -8 -9 -10 11 14 12 15 -15 -16 -17 -18 20 19 -21 -22 24 -24 -25 26 -27 -28 28 29 -31
leaf_value=-0.075692193404487948 0.75321896576455671 0.85303837164588592 0.0033733916870585228 -0.12508967997981055 0.51139866486191754 1.6380941482690667 0.73743028031356306 -0.96826119720935822 0.94555758134178503 0.69180160313844685 -1.0409102364664986 -1.9160310291995604 0.77102887914294294 0.43791908390087891 0.12263158717325756 -0.41411050008288747 0.83898506256554173 0.57458261629140717 0.4433352214949472 -3.030578507781029 0.047421902612781112 0.64655575264583942 0.094908585621926347 -1.1475266328564397 1.3095766842365266 -0.80161707316126152 0.18274275461832684 -0.020899892783280451 1.1006596548482777 0.16091562786654942
leaf_weight=4991 28 23 2907 51 71 26 67 23 23 40 21 24 21 173 35 29 33 76 21 20 489 22 95 27 24 21 27 542 32 515
leaf_count=4991 28 23 2907 51 71 26 67 23 23 40 21 24 21 173 35 29 33 76 21 20 489 22 95 27 24 21 27 542 32 515
internal_value=4.74683e-10 0.141583 -0.0465907 0.13523 0.128439 0.117462 0.168323 0.143515 0.160404 0.148293 0.395229 0.0973472 -0.564897 0.594726 -0.313697 0.083648 0.139521 0.0240135 -0.149006 -1.25126 0.118332 0.0202535 -0.163852 -0.47901 0.359087 -0.0606914 0.713018 0.119076 0.0980394 0.215892
internal_weight=10497 2599 7898 2576 2548 2477 1604 1537 1514 1491 255 1236 74 199 56 50 1162 873 308 41 565 267 173 78 94 43 51 1129 1089 547
internal_count=10497 2599 7898 2576 2548 2477 1604 1537 1514 1491 255 1236 74 199 56 50 1162 873 308 41 565 267 173 78 94 43 51 1129 1089 547
is_linear=0
shrinkage=0.05


Tree=102
num_leaves=31
num_cat=0
split_feature=1 4 4 3 5 8 2 2 0 1 0 1 3 4 5 6 5 8 5 1 1 0 0 4 1 2 7 5 2 2
split_gain=25318.3 11113 5948.73 6981.88 7552.84 5408.76 6477.2 7233.01 4412.42 4228.3 12141 4066.43 4182.52 7880.97 6880.36 17466.4 11952 24168.7 7214.7 11746.3 6506.03 5526.33 6739.71 5042.39 8514.19 8768.04 11560.3 13874.7 8079.81 6655.34
threshold=468.50000000000006 299.50000000000006 548.50000000000011 68.500000000000014 35.500000000000007 10.500000000000002 41.500000000000007 60.500000000000007 26.750000000000004 454.50000000000006 17.550000000000004 963.50000000000011 1.0000000180025095e-35 927.50000000000011 35.500000000000007 475.50000000000006 10.500000000000002 4.5000000000000009 63.500000000000007 787.50000000000011 915.50000000000011 29.450000000000003 28.450000000000003 766.50000000000011 828.50000000000011 37.500000000000007 12.500000000000002 61.500000000000007 40.500000000000007 47.500000000000007
decision_type=2 2 2 2 2 2 2 2 2 2 2 2 2 2 2 2 2 2 2 2 2 2 2 2 2 2 2 2 2 2
left_child=2 -2 8 -4 -5 11 -7 -8 9 -1 -11 12 14 20 16 -16 -3 -18 -17 -20 23 22 -19 24 25 26 -14 -28 -27 -30
right_child=1 5 3 4 -6 6 7 -9 -10 10 -12 -13 13 -15 15 18 17 21 19 -21 -22 -23 -24 -25 -26 28 27 -29 29 -31
leaf_value=-0.053268214190449165 1.1342988746506828 0.12388851166519971 -0.32049441473050555 0.22508253460483896 1.4972716878354551 -1.0014627397060394 0.26641170632454658 -0.7410381090342999 0.078566884266795547 -1.2690015108497055 0.11769248341259204 0.81038647319959556 -0.0033659260952845216 0.86413476851790461 -1.0799240525811911 0.19975928441477556 -1.5413780477311878 -0.060372145424286532 0.34071844760328535 1.7585164663337527 -0.49636083653994972 0.10530480900062965 -1.2453220893442631 0.37541484279779058 -0.88196891188621529 -0.61945093091991221 0.35638543419215996 2.1339906624385292 0.54897483687151927 0.095230634765147426
leaf_weight=7345 28 326 22 28 20 21 62 25 655 27 38 23 36 43 24 272 36 30 48 21 35 104 20 295 20 36 23 21 91 722
leaf_count=7345 28 326 22 28 20 21 62 25 655 27 38 23 36 43 24 272 36 30 48 21 35 104 20 295 20 36 23 21 91 722
internal_value=4.91007e-10 0.14411 -0.0418424 0.417098 0.755161 0.132231 -0.213325 -0.0230854 -0.0458257 -0.0568213 -0.458319 0.148997 0.142091 0.198333 0.0576979 0.223835 -0.0598214 -0.375029 0.315595 0.772222 0.175948 -0.102376 -0.534352 0.194864 0.138739 0.160713 0.661119 1.20479 0.113561 0.146019
internal_weight=10497 2362 8135 70 48 2334 108 87 8065 7410 65 2226 2203 1322 881 365 516 190 341 69 1279 154 50 1244 949 929 80 44 849 813
internal_count=10497 2362 8135 70 48 2334 108 87 8065 7410 65 2226 2203 1322 881 365 516 190 341 69 1279 154 50 1244 949 929 80 44 849 813
is_linear=0
shrinkage=0.05


Tree=103
num_leaves=31
num_cat=0
split_feature=4 0 0 2 0 6 8 1 0 2 2 6 6 8 5 6 8 1 7 1 6 5 8 0 8 5 0 5 3 5
split_gain=23171.9 7172.2 11082.2 5485.23 5195.36 9098.39 7852.43 16916.9 8778.5 6486.85 6878.41 6639.46 8324.75 5890.49 8185.65 7091 5660.1 23307.2 10505.8 14184.8 16442.1 11891.3 11247 10095.1 9132.17 16948.2 7666.53 16060 8913.39 8292.45
threshold=214.50000000000003 10.250000000000002 11.850000000000003 42.500000000000007 15.950000000000001 168.50000000000003 4.5000000000000009 244.50000000000003 14.050000000000002 43.500000000000007 76.500000000000014 413.50000000000006 482.50000000000006 1.5000000000000002 12.500000000000002 307.50000000000006 4.5000000000000009 861.50000000000011 11.500000000000002 589.50000000000011 510.50000000000006 42.500000000000007 3.5000000000000004 26.050000000000004 6.5000000000000009 45.500000000000007 16.850000000000005 70.500000000000014 42.500000000000007 77.500000000000014
decision_type=2 2 2 2 2 2 2 2 2 2 2 2 2 2 2 2 2 2 2 2 2 2 2 2 2 2 2 2 2 2
left_child=-1 -2 3 -3 6 -6 9 -8 -9 -4 11 13 -13 14 -11 -15 17 18 19 20 22 -21 -7 26 25 -18 27 -20 -29 -28
right_child=1 2 4 -5 5 16 7 8 -10 10 -12 12 -14 15 -16 -17 24 -19 23 21 -22 -23 -24 -25 -26 -27 29 28 -30 -31
leaf_value=-0.055716830094517347 0.89631312830107557 -1.2190165001413096 0.50786965174264598 -0.14908923101425173 1.0384835982764209 -0.047540275840642486 0.51312589227006988 -0.24787267863750462 -1.6002239112059276 0.24647704570189766 0.59981134891510013 -1.0798129418918065 -0.14393570056638202 -0.027164971434644292 -1.1025718380104412 0.82862229798291187 0.16385865769610913 -1.2254286929965019 0.10451252362162798 -0.26896205355546304 0.73785483679519259 -1.8033214528923449 -1.0645703306421639 1.0856672406196595 0.09571182439430545 0.73507251809012963 0.15780642425831484 0.58043120042844254 2.0388755750656129 -0.23586542459569226
leaf_weight=6718 28 23 61 25 27 111 26 20 30 23 35 35 74 70 22 37 473 36 97 28 52 23 36 28 1464 179 490 22 20 184
leaf_count=6718 28 23 61 25 27 111 26 20 30 23 35 35 74 70 22 37 473 36 97 28 52 23 36 28 1464 179 490 22 20 184
internal_value=-9.02683e-11 0.0990489 0.0930975 -0.661763 0.102882 0.124434 -0.0598713 -0.521354 -1.05928 0.0383715 -0.0583832 -0.146647 -0.444447 0.066907 -0.413058 0.268761 0.116824 0.0263119 0.0676159 -0.216962 -0.0262967 -0.960928 -0.296609 0.152211 0.165031 0.32068 0.120062 0.458163 1.27493 0.0503352
internal_weight=10497 3779 3751 48 3703 3270 433 76 50 357 296 261 109 152 45 107 3243 1127 1091 250 199 51 147 841 2116 652 813 139 42 674
internal_count=10497 3779 3751 48 3703 3270 433 76 50 357 296 261 109 152 45 107 3243 1127 1091 250 199 51 147 841 2116 652 813 139 42 674
is_linear=0
shrinkage=0.05


Tree=104
num_leaves=31
num_cat=0
split_feature=4 6 6 6 6 2 3 3 8 1 0 0 5 3 1 6 5 5 4 4 6 3 4 1 2 0 6 5 0 0
split_gain=21201.6 4817.93 10655 8548.82 9872.12 5969.63 4762.07 19633.6 33379.1 33318.8 11564.3 13442.7 12488 8385.44 7064.23 15229.5 5889.5 12839 10367.1 15793.6 9563.84 13670.5 7736.58 6606.5 13456.5 11595.5 8847.66 6341.72 5791.13 4744.1
threshold=396.50000000000006 562.50000000000011 496.50000000000006 468.50000000000006 451.50000000000006 58.500000000000007 99.500000000000014 94.500000000000014 4.5000000000000009 511.50000000000006 26.650000000000002 22.950000000000003 78.500000000000014 80.500000000000014 813.50000000000011 735.50000000000011 92.500000000000014 67.500000000000014 665.50000000000011 581.50000000000011 535.50000000000011 14.500000000000002 443.50000000000006 515.50000000000011 63.500000000000007 17.750000000000004 677.50000000000011 65.500000000000014 17.250000000000004 24.550000000000004
decision_type=2 2 2 2 2 2 2 2 2 2 2 2 2 2 2 2 2 2 2 2 2 2 2 2 2 2 2 2 2 2
left_child=1 2 3 4 -1 -4 7 13 9 -9 11 12 -8 14 16 -16 17 27 19 20 22 -22 -18 -19 25 -25 -27 -2 -15 -17
right_child=6 -3 5 -5 -6 -7 10 8 -10 -11 -12 -13 -14 28 15 29 18 23 -20 -21 21 -23 -24 24 -26 26 -28 -29 -30 -31
leaf_value=-0.044791861602394428 0.061379142069634643 -0.79867011251903719 1.3818189835548402 -0.8869812963406245 0.87948185431546178 0.1748086111886161 0.1679763271999839 -0.26752285997569564 0.61836588581403096 -2.9355022934350101 1.4142871898153555 -0.93248593075708919 1.3853624165058136 1.1937640341191456 1.5559744916178966 -0.072249212181359004 0.74118468761444101 1.2573509362008837 -1.2108461037926053 0.97107657091370947 -0.16159353506180549 -1.8138317187627155 -0.4672241897494705 -0.17541401157012354 -0.60824817086641614 1.6270019668521305 0.34951270783077115 -0.81336778686160138 0.30882646435524763 0.29220138847900246
leaf_weight=7624 1552 21 20 30 29 21 111 25 30 22 23 22 26 29 22 114 26 27 23 29 31 21 27 26 26 33 23 21 51 412
leaf_count=7624 1552 21 20 30 29 21 111 25 30 22 23 22 26 29 22 114 26 27 23 29 31 21 27 26 26 33 23 21 51 412
internal_value=5.82217e-10 -0.042358 -0.0403017 -0.0445916 -0.0412895 0.763594 0.119209 0.101706 -0.684651 -1.51636 0.366367 0.214781 0.399013 0.125993 0.109297 0.26712 0.0629225 0.0898611 -0.230142 -0.0618127 -0.347087 -0.828844 0.12558 0.557801 0.382913 0.697184 1.10232 0.049701 0.629616 0.213214
internal_weight=10497 7745 7724 7683 7653 41 2752 2570 77 47 182 159 137 2493 2413 548 1865 1708 157 134 105 52 53 135 108 82 56 1573 80 526
internal_count=10497 7745 7724 7683 7653 41 2752 2570 77 47 182 159 137 2493 2413 548 1865 1708 157 134 105 52 53 135 108 82 56 1573 80 526
is_linear=0
shrinkage=0.05


Tree=105
num_leaves=31
num_cat=0
split_feature=1 4 4 0 8 2 2 6 0 1 0 0 4 5 5 1 3 4 5 6 5 8 5 1 0 0 3 0 0 0
split_gain=19391.9 9982.34 4907.98 6410.59 4713.17 5405.51 6531.16 4079.96 3673.22 3833.42 22374.8 21551.2 6207.15 5341.42 3549.61 3514.4 3959.92 6988.16 5937.22 15556.9 10736.8 21226.6 6326.28 10413.3 4962.75 6102.06 4117.52 36878.6 47657.2 20266.9
threshold=468.50000000000006 299.50000000000006 548.50000000000011 17.050000000000004 10.500000000000002 42.500000000000007 60.500000000000007 542.50000000000011 26.750000000000004 436.50000000000006 17.050000000000004 15.15 370.50000000000006 14.500000000000002 38.500000000000007 963.50000000000011 1.0000000180025095e-35 934.50000000000011 35.500000000000007 475.50000000000006 10.500000000000002 4.5000000000000009 63.500000000000007 787.50000000000011 29.450000000000003 28.450000000000003 94.500000000000014 26.650000000000002 22.950000000000003 17.550000000000004
decision_type=2 2 2 2 2 2 2 2 2 2 2 2 2 2 2 2 2 2 2 2 2 2 2 2 2 2 2 2 2 2
left_child=2 -2 7 -4 15 -6 -7 8 9 -1 11 -11 -12 -14 -10 16 18 26 20 -20 -3 -22 -21 -24 25 -23 -18 28 29 -28
right_child=1 4 3 -5 5 6 -8 -9 14 10 12 -13 13 -15 -16 -17 17 -19 19 22 21 24 23 -25 -26 -27 27 -29 -30 -31
leaf_value=-0.043518389320070051 1.0645847703729359 0.10692927247353264 0.88690288075895019 -0.071636916113060875 -0.90709146511825645 0.25014847179905314 -0.70942773133516313 -0.75349087834358219 -0.012915497475998294 -0.080887574499303658 -0.6005213759162209 -2.247430719745656 -0.16529958921259846 0.7127745599247689 0.22908956990616414 0.7453728634378185 0.19214607203772924 0.92067084634496321 -1.0341213275368015 0.17443660053369756 -1.459002833482292 -0.068783032596111293 0.30421218567838276 1.6391424873045513 0.086379591851996687 -1.1962853398919104 -0.71879641420619445 1.4926235472333842 -2.4313756709098815 0.81633148442867187
leaf_weight=7250 28 326 33 37 22 61 25 20 417 22 22 24 29 43 238 23 1151 31 24 272 36 30 48 21 104 20 43 29 25 43
leaf_count=7250 28 326 33 37 22 61 25 20 417 22 22 24 29 43 238 23 1151 31 24 272 36 30 48 21 104 20 43 29 25 43
internal_value=-5.50792e-10 0.126121 -0.0366192 0.380246 0.114862 -0.20771 -0.0287981 -0.0402374 -0.0384642 -0.0485226 -0.307669 -1.21126 0.134512 0.359106 0.0750192 0.130513 0.124093 0.178817 0.0419763 0.196307 -0.0671916 -0.365946 0.282906 0.710495 -0.110427 -0.519784 0.161004 -0.0950307 -0.509823 0.0487675
internal_weight=10497 2362 8135 70 2334 108 86 8065 8045 7390 140 46 94 72 655 2226 2203 1322 881 365 516 190 341 69 154 50 1291 140 111 86
internal_count=10497 2362 8135 70 2334 108 86 8065 8045 7390 140 46 94 72 655 2226 2203 1322 881 365 516 190 341 69 154 50 1291 140 111 86
is_linear=0
shrinkage=0.05


Tree=106
num_leaves=31
num_cat=0
split_feature=4 0 0 2 7 8 0 1 4 6 6 7 6 3 3 5 3 2 3 2 0 4 8 6 6 0 5 2 2 0
split_gain=17923.9 6762.74 9606.86 4776.86 4104.98 9329.16 22348.2 17487.5 10976.4 15472.8 10841.4 8865.91 12165.1 10624.3 10120.5 34109.9 19773.2 12506 17200.8 9496.29 9325.32 16100 8107.61 7644.99 11663.7 7613.8 16739.6 11856.8 11239.8 10880.1
threshold=194.50000000000003 10.250000000000002 11.850000000000003 42.500000000000007 12.500000000000002 4.5000000000000009 24.250000000000004 742.50000000000011 484.50000000000006 413.50000000000006 479.50000000000006 14.500000000000002 465.50000000000006 15.500000000000002 40.500000000000007 99.500000000000014 56.500000000000007 61.500000000000007 19.500000000000004 49.500000000000007 15.950000000000001 505.50000000000006 9.5000000000000018 735.50000000000011 599.50000000000011 21.350000000000005 62.500000000000007 68.500000000000014 61.500000000000007 18.050000000000004
decision_type=2 2 2 2 2 2 2 2 2 2 2 2 2 2 2 2 2 2 2 2 2 2 2 2 2 2 2 2 2 2
left_child=-1 -2 3 -3 5 6 8 -8 9 -4 -11 12 13 -6 17 16 -16 19 -19 22 -15 -22 -14 24 -18 27 -27 28 -7 -29
right_child=1 2 4 -5 11 25 7 -9 -10 10 -12 -13 14 20 15 -17 23 18 -20 -21 21 -23 -24 -25 -26 26 -28 29 -30 -31
leaf_value=-0.050215268474552724 0.84570584790460002 -1.143677357227906 -0.033648263143770625 -0.14522350013256075 -0.097765292292055883 -0.12572511496255176 -0.3700847757273707 -2.2919292181730273 0.22282653477644818 -1.486201173768172 -0.27536673151740904 0.05405241342654872 0.63246896999131008 0.32734124118631541 -0.83429497531370123 -1.700221948993617 0.74604271359064367 0.36914533327775773 1.6205420796808445 -0.023679688541482693 2.5703288668677922 0.58811408281326294 -0.15314737135587739 1.0280730683629107 -0.44980564721320804 0.10596397294168454 0.84447054039946823 -0.20234405204653738 -1.1700908231107812 1.2259486019921801
leaf_weight=6599 29 23 231 25 23 80 29 20 229 36 38 1412 139 22 38 29 44 99 38 261 21 20 43 41 38 712 86 30 38 24
leaf_count=6599 29 23 231 25 23 80 29 20 229 36 38 1412 139 22 38 29 44 99 38 261 21 20 43 41 38 712 86 30 38 24
internal_value=6.6596e-10 0.0850104 0.0793086 -0.623649 0.0881393 0.0255107 -0.132562 -1.15451 -0.0387877 -0.235213 -0.864421 0.131024 0.257991 0.822001 0.194997 -0.121713 0.162615 0.298747 0.716248 0.169633 1.15779 1.60339 0.446856 0.470604 0.191869 0.120517 0.185552 -0.181215 -0.462046 0.432453
internal_weight=10497 3898 3869 48 3821 1553 583 49 534 305 74 2268 856 86 770 190 161 580 137 443 63 41 182 123 82 970 798 172 118 54
internal_count=10497 3898 3869 48 3821 1553 583 49 534 305 74 2268 856 86 770 190 161 580 137 443 63 41 182 123 82 970 798 172 118 54
is_linear=0
shrinkage=0.05


Tree=107
num_leaves=31
num_cat=0
split_feature=4 0 0 2 0 2 6 5 4 2 5 8 0 8 5 8 1 0 5 1 7 5 3 3 6 1 5 7 6 0
split_gain=16176.3 6103.37 8670.19 4311.12 3846.75 7027.19 6906.67 6386.81 5312.17 4254.5 7151.39 4284.64 10820.4 14541 13905.9 5883.48 16645.2 10639.9 10500.7 8615.67 6766.32 16352.3 36614 18831.4 14233.7 15817.7 9741.42 8468.84 12171.6 11058.1
threshold=194.50000000000003 10.250000000000002 11.850000000000003 42.500000000000007 29.250000000000004 23.500000000000004 941.50000000000011 55.500000000000007 931.50000000000011 72.500000000000014 89.500000000000014 8.5000000000000018 16.750000000000004 11.500000000000002 36.500000000000007 4.5000000000000009 861.50000000000011 26.050000000000004 51.500000000000007 809.50000000000011 12.500000000000002 62.500000000000007 92.500000000000014 36.500000000000007 599.50000000000011 534.50000000000011 46.500000000000007 14.500000000000002 468.50000000000006 19.950000000000003
decision_type=2 2 2 2 2 2 2 2 2 2 2 2 2 2 2 2 2 2 2 2 2 2 2 2 2 2 2 2 2 2
left_child=-1 -2 3 -3 6 -6 8 -7 9 11 -11 15 14 -14 -13 16 17 20 -17 -20 21 26 23 24 25 -23 -4 28 -22 -30
right_child=1 2 4 -5 5 7 -8 -9 -10 10 -12 12 13 -15 -16 18 -18 -19 19 -21 27 22 -24 -25 -26 -27 -28 -29 29 -31
leaf_value=-0.047704506176915948 0.80342055148091807 -1.0864935049868147 -0.028686655439950273 -0.13796233284473419 -0.74877991437911984 0.16102664954826798 -0.69795384655396153 0.69656371881564461 0.76266623608492035 0.14042704895003003 0.86108277544379241 0.022068021978650775 -0.093632292735169043 0.54474256771903196 -1.420042295753956 0.091108556505393956 -1.135952334801356 1.0565050937235356 0.42010785456125932 1.4621889581680299 1.3267107031175069 -0.4077770138228381 -2.2025295504817257 0.87389550991356379 0.45055092615740638 -1.9983009238134732 0.69710241079330448 -0.00036852834507440912 0.080147160636261108 0.88950328617714924
leaf_weight=6599 29 23 290 25 20 772 30 60 27 247 40 35 627 104 32 331 30 26 96 25 28 54 27 32 28 22 55 507 224 52
leaf_count=6599 29 23 290 25 20 772 30 60 27 247 40 35 627 104 32 331 30 26 96 25 28 54 27 32 28 22 55 507 224 52
internal_value=-7.54703e-10 0.0807599 0.0753432 -0.592467 0.0837323 0.177384 0.0568577 0.199647 0.0645625 0.0580897 0.240867 0.038106 -0.0585504 -0.00281015 -0.666701 0.0803237 0.0288796 0.054861 0.236819 0.635414 0.0351167 -0.107971 -0.52068 -0.186783 -0.513146 -0.868192 0.0870188 0.124745 0.333405 0.232635
internal_weight=10497 3898 3869 48 3821 852 2969 832 2939 2912 287 2625 798 731 67 1827 1375 1345 452 121 1319 508 163 136 104 76 345 811 304 276
internal_count=10497 3898 3869 48 3821 852 2969 832 2939 2912 287 2625 798 731 67 1827 1375 1345 452 121 1319 508 163 136 104 76 345 811 304 276
is_linear=0
shrinkage=0.05


Tree=108
num_leaves=31
num_cat=0
split_feature=4 1 6 6 4 6 6 5 1 1 1 6 1 1 5 2 6 8 4 5 1 3 1 6 4 2 3 8 3 4
split_gain=14640.6 3771.82 3677.47 5306.74 4030.06 3423.8 8081.33 15512.6 5736.88 4788.34 7421.69 3785.6 6389.23 3289.69 9637.02 16580.8 12967.1 4019.14 4008.2 3866.84 12093.9 10832.7 27033.6 17698.4 12570.6 10548.8 7442.89 7615.76 8668.72 7761.59
threshold=423.50000000000006 279.50000000000006 291.50000000000006 327.50000000000006 471.50000000000006 582.50000000000011 496.50000000000006 99.500000000000014 492.50000000000006 468.50000000000006 458.50000000000006 428.50000000000006 396.50000000000006 462.50000000000006 45.500000000000007 68.500000000000014 472.50000000000006 3.5000000000000004 508.50000000000006 48.500000000000007 492.50000000000006 42.500000000000007 750.50000000000011 673.50000000000011 505.50000000000006 57.500000000000007 36.500000000000007 8.5000000000000018 14.500000000000002 471.50000000000006
decision_type=2 2 2 2 2 2 2 2 2 2 2 2 2 2 2 2 2 2 2 2 2 2 2 2 2 2 2 2 2 2
left_child=5 -2 4 -4 -3 6 8 -8 9 10 11 -1 -13 14 17 16 -16 -5 -19 -15 -21 26 23 24 -23 -26 27 29 -29 -22
right_child=1 2 3 13 -6 -7 7 -9 -10 -11 -12 12 -14 19 15 -17 -18 18 -20 20 21 22 -24 -25 25 -27 -28 28 -30 -31
leaf_value=-0.038442680570715509 0.68012157497661452 1.0681004863977432 -0.72332359880208974 -0.082007707138028407 0.1736253890044549 -0.67145621847538717 1.2624377699459302 -0.27136388262733818 -0.8431055469946428 0.58562545122638832 -0.99896505251526835 0.82837515688117813 -0.026990009099245073 0.070649459446923676 -0.31456868411465128 0.36703639955356204 -2.0312724782661959 0.16601106268272067 0.96053964116356605 1.0460729565562272 -0.37237760182973506 0.68362409353256226 -1.4794198139147325 0.95751214949857621 -0.0045346416178203763 -1.5390206615130106 1.1286639653146266 0.173938863037848 -0.90876163048990843 0.38860240267091234
leaf_weight=7643 28 20 20 108 34 21 34 32 22 31 20 34 61 1560 22 29 22 57 22 41 37 20 33 42 21 24 24 51 29 355
leaf_count=7643 28 20 20 108 34 21 34 32 22 31 20 34 61 1560 22 29 22 57 22 41 37 20 33 42 21 24 24 51 29 355
internal_value=-1.68606e-09 0.102937 0.0966512 0.0878923 0.504912 -0.0338736 -0.0321738 0.518776 -0.0368291 -0.0345518 -0.0370299 -0.0345437 0.279141 0.0943898 -0.0739492 -0.561157 -1.17292 0.116244 0.387272 0.113955 0.213744 0.160088 -0.228318 0.157535 -0.359373 -0.822927 0.269719 0.226044 -0.21854 0.316775
internal_weight=10497 2599 2571 2517 54 7898 7877 66 7811 7789 7758 7738 95 2497 260 73 44 187 79 2237 677 636 140 107 65 45 496 472 80 392
internal_count=10497 2599 2571 2517 54 7898 7877 66 7811 7789 7758 7738 95 2497 260 73 44 187 79 2237 677 636 140 107 65 45 496 472 80 392
is_linear=0
shrinkage=0.05


Tree=109
num_leaves=31
num_cat=0
split_feature=4 0 0 6 0 8 8 1 7 1 6 5 5 5 4 5 0 8 0 1 2 8 6 0 6 0 3 1 0 5
split_gain=13394.3 5492.53 5296.22 3572.87 4975.86 3907.83 7121.05 18099.4 11176.1 11316.3 20423.4 11433 10948.8 10899.9 21897.4 9390.9 7544.43 7417.88 6960.53 17480.6 9094.97 8819.97 7946.3 7452.71 5872.58 20054.3 14224.6 7562.16 5640.28 15181.3
threshold=194.50000000000003 9.7500000000000018 11.850000000000003 163.50000000000003 16.350000000000005 9.5000000000000018 4.5000000000000009 861.50000000000011 11.500000000000002 589.50000000000011 510.50000000000006 42.500000000000007 49.500000000000007 64.500000000000014 311.50000000000006 48.500000000000007 26.050000000000004 6.5000000000000009 16.050000000000004 244.50000000000003 73.500000000000014 11.500000000000002 479.50000000000006 14.450000000000001 726.50000000000011 27.050000000000004 1.0000000180025095e-35 642.50000000000011 16.850000000000005 70.500000000000014
decision_type=2 2 2 2 2 2 2 2 2 2 2 2 2 2 2 2 2 2 2 2 2 2 2 2 2 2 2 2 2 2
left_child=-1 -2 -3 4 -4 6 7 8 9 10 13 -11 -12 -5 -15 -8 28 24 19 -7 21 -20 -23 -21 27 26 -26 -17 29 -10
right_child=1 2 3 5 -6 18 15 -9 16 11 12 -13 -14 14 -16 17 -18 -19 20 23 -22 22 -24 -25 25 -27 -28 -29 -30 -31
leaf_value=-0.043408987050800117 0.89995246976614007 -0.40918429951395902 0.00382488747437795 -0.067289985943892877 0.9144898649056753 0.55340033765309138 0.098066748121107106 -1.0926426225238377 0.038894953220790507 -0.20129792025184323 0.14338763067799229 -1.676609926422437 1.5346944674849512 0.1031469814479351 -1.6176865125957289 0.65043780784576377 0.93389613309076847 0.19087205260709328 -0.12528873829306253 -0.44638244748115546 1.0146646832877939 0.56934944865524129 -0.48734301382845102 -1.6799119683603447 0.53276752230118629 1.4071424913406372 -1.2652470911429687 1.7193781663264549 0.016422581993700829 0.7189687770999168
leaf_weight=6599 20 57 30 194 30 26 1225 36 255 29 31 24 26 36 38 78 28 224 434 25 22 93 22 24 22 25 22 21 680 121
leaf_count=6599 20 57 30 194 30 26 1225 36 255 29 31 24 26 36 38 78 28 224 434 25 22 93 22 24 22 25 22 21 680 121
internal_value=2.64254e-10 0.0734879 0.0692256 0.0763623 0.459157 0.0702555 0.0934654 0.0149216 0.042194 -0.191911 -0.0814338 -0.869364 0.778019 -0.264228 -0.780524 0.166229 0.123828 0.379236 -0.0416622 -0.494521 0.0178201 -0.0221263 0.3672 -1.05056 0.630388 0.27629 -0.36624 0.877183 0.102349 0.257748
internal_weight=10497 3898 3878 3821 60 3761 3115 1498 1462 378 325 53 57 268 74 1617 1084 392 646 75 571 549 115 49 168 69 44 99 1056 376
internal_count=10497 3898 3878 3821 60 3761 3115 1498 1462 378 325 53 57 268 74 1617 1084 392 646 75 571 549 115 49 168 69 44 99 1056 376
is_linear=0
shrinkage=0.05


Tree=110
num_leaves=31
num_cat=0
split_feature=4 1 6 6 7 6 6 5 6 6 5 1 3 4 1 0 2 2 0 5 5 8 6 3 8 1 4 2 3 4
split_gain=12405.2 3309.82 3232.04 4700.36 3924.35 3181.05 6767.13 14079.3 5333.59 7780.98 5739.67 3156.53 3196.56 6521.43 9597.73 5698.02 5091.25 11914.9 29580.6 5825.95 7714.12 5231.17 4349.25 6351.75 11240 9115.09 23855.5 8680.85 6255.44 5665.88
threshold=423.50000000000006 279.50000000000006 291.50000000000006 327.50000000000006 13.500000000000002 582.50000000000011 496.50000000000006 99.500000000000014 468.50000000000006 451.50000000000006 91.500000000000014 963.50000000000011 1.0000000180025095e-35 907.50000000000011 915.50000000000011 15.15 55.500000000000007 57.500000000000007 26.350000000000005 92.500000000000014 64.500000000000014 5.5000000000000009 917.50000000000011 3.5000000000000004 8.5000000000000018 833.50000000000011 796.50000000000011 40.500000000000007 6.5000000000000009 468.50000000000006
decision_type=2 2 2 2 2 2 2 2 2 2 2 2 2 2 2 2 2 2 2 2 2 2 2 2 2 2 2 2 2 2
left_child=5 -2 4 -4 -3 6 8 -8 9 -1 -10 12 15 14 22 -5 19 18 -18 20 -17 -19 23 24 27 29 -27 -14 -28 -25
right_child=1 2 3 11 -6 -7 7 -9 10 -11 -12 -13 13 -15 -16 16 17 21 -20 -21 -22 -23 -24 25 -26 26 28 -29 -30 -31
leaf_value=-0.034201426670304062 0.63543405170951583 0.86735966842750034 -0.68280972413718699 -0.82784018307924279 0.012526243567466736 -0.64574501567653253 1.1830969275797114 -0.27812968827784063 -0.061434023578961695 0.68303165620094852 -1.2083170679211617 0.6698127668836843 1.3026889360413469 0.58609460424886994 -0.91139730240987693 0.10940712798025287 -2.2742994515668777 0.33521988538255837 -0.044607451430284516 -0.63714671631654107 0.91149953487329194 -0.12218320413731421 0.8001149011694868 -0.20854728546752424 -0.32859679568997202 -1.7751422302176554 -0.54563161148911432 0.36791903385623348 0.5649548745714128 0.13694171919264317
leaf_weight=7729 28 29 20 20 25 21 34 32 24 38 20 23 29 73 23 474 21 92 51 24 32 195 23 135 51 24 21 173 32 981
leaf_count=7729 28 29 20 20 25 21 34 32 24 38 20 23 29 73 23 474 21 92 51 24 32 195 23 135 51 24 21 173 32 981
internal_value=4.94036e-11 0.0947533 0.0888649 0.0806536 0.471603 -0.0311805 -0.0295421 0.474623 -0.0338021 -0.0306924 -0.582744 0.0867687 0.0813483 0.124663 0.102086 0.00677434 0.0255508 -0.119835 -0.694934 0.124029 0.160132 0.0244408 0.117954 0.107104 0.334662 0.0588456 -0.467313 0.502119 0.124911 0.0951487
internal_weight=10497 2599 2571 2517 54 7898 7877 66 7811 7767 44 2497 2474 1565 1492 909 889 359 72 530 506 287 1469 1446 253 1193 77 202 53 1116
internal_count=10497 2599 2571 2517 54 7898 7877 66 7811 7767 44 2497 2474 1565 1492 909 889 359 72 530 506 287 1469 1446 253 1193 77 202 53 1116
is_linear=0
shrinkage=0.05


Tree=111
num_leaves=31
num_cat=0
split_feature=1 1 5 1 3 5 3 2 3 6 3 5 5 2 2 4 0 1 5 6 1 4 6 0 3 8 2 5 5 5
split_gain=11311.6 5050.33 12213.1 6904.81 3714.71 27429 42914.2 31833.5 15061.2 12619.5 11866.5 10587.5 8789.1 8503.31 7031.78 6566.06 8876.68 5862.75 13793.2 6490.42 6152.67 7027.63 5765.69 8559.83 16386.2 5362.86 4460.75 7270.1 5703.81 6351.56
threshold=337.50000000000006 345.50000000000006 64.500000000000014 349.50000000000006 92.500000000000014 64.500000000000014 99.500000000000014 57.500000000000007 70.500000000000014 654.50000000000011 66.500000000000014 46.500000000000007 73.500000000000014 23.500000000000004 59.500000000000007 291.50000000000006 17.750000000000004 813.50000000000011 88.500000000000014 768.50000000000011 840.50000000000011 803.50000000000011 857.50000000000011 24.550000000000004 2.5000000000000004 6.5000000000000009 72.500000000000014 62.500000000000007 92.500000000000014 68.500000000000014
decision_type=2 2 2 2 2 2 2 2 2 2 2 2 2 2 2 2 2 2 2 2 2 2 2 2 2 2 2 2 2 2
left_child=-1 2 -2 -3 8 11 7 -7 10 14 13 -6 -10 -5 -8 16 -15 26 19 -19 21 -21 25 24 -24 -22 28 -28 29 -17
right_child=1 3 -4 4 5 6 9 -9 12 -11 -12 -13 -14 15 -16 17 -18 18 -20 20 22 -23 23 -25 -26 -27 27 -29 -30 -31
leaf_value=-0.034001337590942697 -0.072659408378190002 -0.79183178608832161 1.5334193047881126 -0.85537479035556319 0.067462359147168055 -0.61308354572816337 0.23076904740022575 -3.3346888678414484 0.35252662275574709 1.1415333151817322 -0.97195794924541756 0.98390424667402765 1.2921930280891625 1.3796936149182528 -1.0347116674695698 0.022593568652158145 0.05401759615966252 0.99728743459867397 1.5143929271399976 -1.018927677747105 0.98832103072143185 0.073036875484920133 -1.327471007682659 0.22165900102916197 0.449005816936493 0.16931148667175036 0.15173370164747424 1.2202739435434342 -0.23928232211131426 0.35860768471445359
leaf_weight=7345 29 23 20 24 118 22 23 21 76 20 27 43 37 23 21 1621 28 23 20 23 41 41 27 299 25 39 78 20 186 154
leaf_count=7345 29 23 20 24 118 22 23 21 76 20 27 43 37 23 21 1621 28 23 20 23 41 41 27 299 25 39 78 20 186 154
internal_value=-1.54018e-09 0.0792322 0.582883 0.0712789 0.0777242 -0.100143 -0.720625 -1.94224 0.0946761 0.100147 0.0709989 0.312226 0.660205 0.0815377 -0.37321 0.0900294 0.651871 0.0789959 0.225964 0.176217 0.138067 -0.319388 0.205995 0.118688 -0.473396 0.589054 0.0405944 0.369803 0.0241424 0.0517463
internal_weight=10497 3152 49 3103 3080 268 107 43 2812 64 2699 161 113 2672 44 2648 51 2597 538 518 495 64 431 351 52 80 2059 98 1961 1775
internal_count=10497 3152 49 3103 3080 268 107 43 2812 64 2699 161 113 2672 44 2648 51 2597 538 518 495 64 431 351 52 80 2059 98 1961 1775
is_linear=0
shrinkage=0.05


Tree=112
num_leaves=31
num_cat=0
split_feature=4 1 6 6 5 1 1 1 6 1 6 5 3 0 5 1 3 0 1 6 8 3 3 6 3 6 8 2 6 3
split_gain=10258.1 3065.22 2996.49 5825.09 12281.7 5230.74 4200.66 6918.54 3058.16 5682.01 3296.32 14875 2955.42 28678.6 54063.3 47249 7327.05 4402 4156.55 12575.1 4158.06 4464.77 7842.06 5694.89 4698.92 6113.88 4226.49 9848.97 4939.72 6488.72
threshold=423.50000000000006 284.50000000000006 582.50000000000011 496.50000000000006 99.500000000000014 492.50000000000006 468.50000000000006 458.50000000000006 428.50000000000006 396.50000000000006 416.50000000000006 55.500000000000007 93.500000000000014 26.650000000000002 64.500000000000014 534.50000000000011 80.500000000000014 17.250000000000004 813.50000000000011 735.50000000000011 11.500000000000002 52.500000000000007 59.500000000000007 833.50000000000011 65.500000000000014 599.50000000000011 10.500000000000002 49.500000000000007 726.50000000000011 45.500000000000007
decision_type=2 2 2 2 2 2 2 2 2 2 2 2 2 2 2 2 2 2 2 2 2 2 2 2 2 2 2 2 2 2
left_child=2 -2 3 5 -5 6 7 8 10 -10 -1 -12 16 14 -14 -16 18 -18 20 -20 21 23 -23 26 -24 -26 28 -28 29 -3
right_child=1 12 -4 4 -6 -7 -8 -9 9 -11 11 -13 13 -15 15 -17 17 -19 19 -21 -22 22 24 -25 25 -27 27 -29 -30 -31
leaf_value=-0.029275397234609923 0.58037715849857185 0.094160342276396414 -0.62482380966345474 1.102696959148435 -0.26206244602799417 -0.800604843009602 0.55233221861623949 -0.95961927607655528 0.77142348355230173 -0.035214088356397187 0.25327949416973899 -1.4957104432396591 0.14778899640003418 1.286705253692344 -0.32718146567543349 -3.5747434275490897 1.1355864284038544 0.3012418044167896 1.3724950561469251 0.15234702338142314 0.58281200413193024 -0.85499176048722703 0.63815128545869482 0.87277115640186131 0.17576294900515144 -0.83852400407195093 -1.1097485537425829 0.064554697693439952 -0.097264491997844968 0.79571144722182963
leaf_weight=7592 31 1077 21 34 32 22 31 20 34 61 31 20 141 32 24 21 25 43 22 526 35 38 22 21 39 24 26 57 361 34
leaf_count=7592 31 1077 21 34 32 22 31 20 34 61 31 20 141 32 24 21 25 43 22 526 35 38 22 21 39 24 26 57 361 34
internal_value=-4.50661e-10 0.0861639 -0.028354 -0.0267638 0.440995 -0.0307162 -0.0285417 -0.0308628 -0.0284623 0.253477 -0.0319667 -0.432599 0.0801979 -0.0959135 -0.333783 -1.84271 0.0965351 0.607986 0.0812947 0.201331 0.0433593 0.0322464 -0.257888 0.0548901 0.00905303 -0.210632 0.0438447 -0.303299 0.0634187 0.11563
internal_weight=10497 2599 7898 7877 66 7811 7789 7758 7738 95 7643 51 2568 218 186 45 2350 68 2282 548 1734 1699 123 1576 85 63 1555 83 1472 1111
internal_count=10497 2599 7898 7877 66 7811 7789 7758 7738 95 7643 51 2568 218 186 45 2350 68 2282 548 1734 1699 123 1576 85 63 1555 83 1472 1111
is_linear=0
shrinkage=0.05


Tree=113
num_leaves=31
num_cat=0
split_feature=1 0 0 1 5 1 2 5 1 2 8 5 5 3 3 5 3 3 5 2 5 4 0 2 2 7 3 3 3 1
split_gain=9469.48 4790.91 7360.21 5453.34 9958.79 8735.86 4449.82 27846.3 29846.6 8122.9 12426.6 6071.21 5930.08 4322.1 13297.6 36054.3 14190.4 14618.6 12991.9 8912.44 7586.44 7136.29 6854.21 6089.41 3874.59 3651.89 3591.94 13325.2 6188.72 4378.59
threshold=337.50000000000006 10.65 11.950000000000001 345.50000000000006 64.500000000000014 349.50000000000006 35.500000000000007 74.500000000000014 750.50000000000011 33.500000000000007 6.5000000000000009 15.500000000000002 5.5000000000000009 99.500000000000014 92.500000000000014 64.500000000000014 70.500000000000014 66.500000000000014 73.500000000000014 59.500000000000007 47.500000000000007 291.50000000000006 17.750000000000004 66.500000000000014 57.500000000000007 12.500000000000002 58.500000000000007 54.500000000000007 50.500000000000007 809.50000000000011
decision_type=2 2 2 2 2 2 2 2 2 2 2 2 2 2 2 2 2 2 2 2 2 2 2 2 2 2 2 2 2 2
left_child=-1 -2 -3 4 -4 -5 7 9 -9 10 12 -12 -7 14 16 24 17 21 -18 20 -15 22 -8 -21 -16 -14 27 28 29 -23
right_child=1 2 3 5 -6 6 13 8 -10 -11 11 -13 25 19 15 -17 18 -19 -20 23 -22 26 -24 -25 -26 -27 -28 -29 -30 -31
leaf_value=-0.031109833129724204 0.8077642491933974 -0.82382120671479597 -0.044947744667530064 -0.92687031328678138 1.4519579410552979 0.17671484700063381 1.3132409164439078 -0.24542683425702549 -2.5942065375191827 -0.50899130619871313 0.069498262554407123 -0.95029415305703879 0.51486460919733401 0.28274847233357531 -0.00010791149362921716 -1.632060212790966 0.26354575817115033 -1.180569787647413 1.4584037331172399 -0.48065336109736023 1.2429373011820848 0.031426386274875061 0.078773308342153389 0.50720645922880914 0.92115213530404239 1.288807018215635 0.57685995042324067 -1.1309899110832942 0.76898658275604248 0.19778802160684972
leaf_weight=7345 22 23 25 22 20 41 23 38 21 39 54 20 27 48 25 40 65 23 35 39 36 1762 22 26 21 35 35 23 32 510
leaf_count=7345 22 23 25 22 20 41 23 38 21 39 54 20 27 48 25 40 65 23 35 39 36 1762 22 26 21 35 35 23 32 510
internal_value=6.56806e-10 0.0724942 0.0673262 0.073923 0.620344 0.0658927 0.0730771 -0.118739 -1.08143 0.144219 0.288146 -0.206121 0.643251 0.0921547 0.0772356 -0.534197 0.0980194 0.0739978 0.681746 0.354091 0.694258 0.0859857 0.709723 -0.0855094 0.420467 0.951768 0.0741025 0.0665406 0.0784951 0.0687699
internal_weight=10497 3152 3130 3107 45 3062 3040 275 59 216 177 74 103 2765 2616 86 2530 2430 100 149 84 2407 45 65 46 62 2362 2327 2304 2272
internal_count=10497 3152 3130 3107 45 3062 3040 275 59 216 177 74 103 2765 2616 86 2530 2430 100 149 84 2407 45 65 46 62 2362 2327 2304 2272
is_linear=0
shrinkage=0.05


Tree=114
num_leaves=31
num_cat=0
split_feature=1 4 4 4 4 3 0 5 3 3 1 2 2 6 5 2 6 5 2 1 6 3 1 6 0 3 0 0 6 4
split_gain=8711.24 9314.18 3563.96 7271.89 6657.89 4042.21 30232.8 35987.3 6150.02 7803.44 7737.44 5937.52 4899.09 4748.71 4720.56 7657.98 7148.3 17826.5 15866.2 6989.32 5484.13 7061.19 3835.74 5080.69 7487.89 11261 4605.08 5759.14 3818.34 6963.83
threshold=468.50000000000006 299.50000000000006 370.50000000000006 403.50000000000006 423.50000000000006 93.500000000000014 26.650000000000002 64.500000000000014 71.500000000000014 57.500000000000007 617.50000000000011 55.500000000000007 23.500000000000004 650.50000000000011 67.500000000000014 33.500000000000007 742.50000000000011 89.500000000000014 41.500000000000007 735.50000000000011 657.50000000000011 9.5000000000000018 840.50000000000011 854.50000000000011 24.550000000000004 2.5000000000000004 28.650000000000002 29.450000000000003 726.50000000000011 712.50000000000011
decision_type=2 2 2 2 2 2 2 2 2 2 2 2 2 2 2 2 2 2 2 2 2 2 2 2 2 2 2 2 2 2
left_child=-1 -2 -3 -4 -5 8 7 13 9 12 -11 -10 -6 -7 22 -16 18 -18 -17 20 21 -20 28 -24 25 -25 -26 -28 29 -14
right_child=1 2 3 4 5 6 -8 -9 11 10 -12 -13 14 -15 15 16 17 -19 19 -21 -22 -23 23 24 26 -27 27 -29 -30 -31
leaf_value=-0.024543621755112363 0.99104352848870425 -0.41316077097042192 0.91294530731124368 -0.70849711939140603 -0.66352285998208194 0.42069143942884496 1.2515796982008836 -2.0051508549721011 1.0061646312475205 0.069587584336598715 -1.3045681476593018 0.11569421335708541 0.04326615436523875 -0.36521763991564515 1.1192264661192894 -1.1160134739875793 -0.3279311019182205 1.4308805360513575 0.74803027934498267 1.1165885955095292 -0.46595784348826258 -0.13773281527890099 0.56833453059960637 -1.0911754800327893 0.70628630919825464 0.34185063655559839 -0.59588751097520187 0.21676566741671885 -0.098499065823380264 0.52171220715556832
leaf_weight=8135 28 37 26 27 21 37 29 31 36 21 20 39 804 40 26 25 25 34 45 20 31 45 78 29 42 26 24 238 394 84
leaf_count=8135 28 37 26 27 21 37 29 31 36 21 20 39 804 40 26 25 25 34 45 20 31 45 78 29 42 26 24 238 394 84
internal_value=5.26188e-10 0.0845311 0.073656 0.0814976 0.0719787 0.0813694 -0.181803 -0.566693 0.0984812 0.0820698 -0.600732 0.54312 0.0961306 0.012427 0.104228 0.30678 0.212897 0.685621 0.0448803 0.250713 0.107593 0.305149 0.0746529 0.202579 0.123111 -0.413745 0.22024 0.142324 0.0310462 0.0885246
internal_weight=10497 2362 2334 2297 2271 2244 137 108 2107 2032 41 75 1991 77 1970 251 225 59 166 141 121 90 1719 437 359 55 304 262 1282 888
internal_count=10497 2362 2334 2297 2271 2244 137 108 2107 2032 41 75 1991 77 1970 251 225 59 166 141 121 90 1719 437 359 55 304 262 1282 888
is_linear=0
shrinkage=0.05


Tree=115
num_leaves=31
num_cat=0
split_feature=4 8 1 7 1 6 5 0 1 0 8 0 6 8 5 7 0 0 5 7 2 2 4 0 3 5 7 0 2 6
split_gain=8161.75 5068 14814.5 11193.8 9953.85 16809.1 9369.98 7890.61 16487.2 7619.86 7385.81 11150.3 12611.3 8296.06 9138.76 7656.79 5871.49 5589.44 20670.2 17924.3 26506.9 13182.6 12718.4 9492.76 13678.8 25703.1 23545.7 19650.2 9825.53 9050.52
threshold=59.500000000000007 4.5000000000000009 861.50000000000011 11.500000000000002 589.50000000000011 535.50000000000011 42.500000000000007 16.050000000000004 244.50000000000003 14.050000000000002 11.500000000000002 19.650000000000002 479.50000000000006 8.5000000000000018 48.500000000000007 11.500000000000002 26.050000000000004 17.150000000000002 84.500000000000014 14.500000000000002 64.500000000000014 51.500000000000007 400.50000000000006 19.850000000000005 18.500000000000004 63.500000000000007 13.500000000000002 18.050000000000004 43.500000000000007 833.50000000000011
decision_type=2 2 2 2 2 2 2 2 2 2 2 2 2 2 2 2 2 2 2 2 2 2 2 2 2 2 2 2 2 2
left_child=-1 2 3 4 5 -2 -6 8 -3 -10 13 12 15 14 -9 -12 17 18 -5 20 21 -20 -21 24 28 -26 -27 -28 -19 -25
right_child=1 7 -4 16 6 -7 -8 10 9 -11 11 -13 -14 -15 -16 -17 -18 23 19 22 -22 -23 -24 29 25 26 27 -29 -30 -31
leaf_value=-0.039561235942835393 -0.18366125667846403 0.1680373275813497 -1.0168588300546011 0.016118751167981088 -0.22120323077101134 0.90611880358896768 -1.5567913721005122 0.091013295785302206 -0.2545645996758884 -1.4712803986764724 -0.18782521522406379 1.4333797067403795 -0.89548184923827656 -0.031709559486780087 0.37368683560408261 0.70664813847377383 0.79158408477388587 -0.94603771209716803 1.5168474382162094 0.54520290913815439 2.7826068219684421 -0.27680464528855825 -0.87588041335344313 0.098465173042689758 -0.033033056414375699 -2.5459681282872744 0.30640268723169961 -1.6599030146996183 0.22247404151559708 1.033608755572089
leaf_weight=5815 514 81 36 483 29 38 24 1155 22 31 33 24 20 878 380 87 29 20 20 74 21 21 20 240 120 23 27 24 179 29
leaf_count=5815 514 81 36 483 29 38 24 1155 22 31 33 24 20 878 380 87 29 20 20 74 21 21 20 240 120 23 27 24 179 29
internal_value=-2.09847e-10 0.0491347 -0.0118743 0.00682305 -0.171483 -0.10864 -0.825998 0.0934906 -0.28059 -0.966229 0.112942 0.437632 0.266932 0.0908746 0.160991 0.460668 0.0879322 0.0722474 0.177733 0.678117 1.33805 0.598148 0.242845 -0.0295735 -0.186219 -0.48498 -1.21787 -0.618918 0.105036 0.19928
internal_weight=10497 4682 1971 1935 605 552 53 2711 134 53 2577 164 140 2413 1535 120 1330 1301 639 156 62 41 94 662 393 194 74 51 199 269
internal_count=10497 4682 1971 1935 605 552 53 2711 134 53 2577 164 140 2413 1535 120 1330 1301 639 156 62 41 94 662 393 194 74 51 199 269
is_linear=0
shrinkage=0.05


Tree=116
num_leaves=31
num_cat=0
split_feature=4 0 0 1 6 2 6 0 2 5 1 2 8 1 5 5 5 2 2 4 2 6 1 2 0 1 0 3 0 5
split_gain=7488.9 4672.03 7145.09 3770.18 14540 3641.62 3501.5 3063.75 3462.58 24810.3 30615.5 6033.5 10310.2 5253.5 5251.33 3809.37 5775.69 5649.39 11177.3 4939.92 5606.37 4844.4 5290.32 4786.3 7650.17 11193.3 10396.5 10471.8 9656.63 6602.2
threshold=222.50000000000003 10.350000000000003 11.850000000000003 409.50000000000006 321.50000000000006 42.500000000000007 182.50000000000003 33.650000000000013 35.500000000000007 74.500000000000014 742.50000000000011 33.500000000000007 8.5000000000000018 565.00000000000011 5.5000000000000009 34.500000000000007 33.500000000000007 38.500000000000007 40.500000000000007 934.50000000000011 52.500000000000007 905.50000000000011 919.50000000000011 76.500000000000014 15.850000000000003 546.50000000000011 16.450000000000003 25.500000000000004 13.65 81.500000000000014
decision_type=2 2 2 2 2 2 2 2 2 2 2 2 2 2 2 2 2 2 2 2 2 2 2 2 2 2 2 2 2 2
left_child=3 -2 5 4 -1 -3 -4 8 9 11 -11 12 13 -8 -14 16 19 -17 -19 21 -21 -10 -23 24 25 28 27 -26 -20 -30
right_child=1 2 6 -5 -6 -7 7 -9 15 10 -12 -13 14 -15 -16 17 -18 18 23 20 -22 22 -24 -25 26 -27 -28 -29 29 -31
leaf_value=-0.033033064314403629 0.68913636495327135 -1.0121208197396736 0.45214746819942131 -0.64418670070171358 1.3171175798773767 -0.12237042745818263 0.15992141142487526 0.36364954628814489 0.019229746686430217 -0.10604499770749001 -2.57863480817704 -0.43565732639473986 0.10509544481025186 0.91593846667695944 -0.83091059855144955 0.75817249110250762 -0.54993807009380802 -0.89312377210174287 0.31448699306039252 -0.11966078773788785 0.89725258577629141 -0.97726653653841744 0.021997701211108101 0.51890626456056321 0.11569844816944429 0.85934558153152474 0.10500166094939752 1.4831618696451188 -1.0103202700614931 -0.17234170854091646
leaf_weight=6730 29 23 56 25 20 23 40 78 1333 31 21 39 43 54 23 33 46 28 34 23 33 26 27 70 28 20 1436 28 57 40
leaf_count=6730 29 23 56 25 20 23 40 78 1333 31 21 39 43 54 23 33 46 28 34 23 33 26 27 70 28 20 1436 28 57 40
internal_value=3.28853e-10 0.0569787 0.0520146 -0.0313026 -0.0290326 -0.567246 0.0598254 0.0537073 0.0468256 -0.132126 -1.10459 0.121985 0.257911 0.594229 -0.221088 0.0605953 0.00159828 0.110081 0.0977967 0.0191924 0.479592 0.000590375 -0.468207 0.113994 0.0967426 -0.2424 0.131066 0.79943 -0.410606 -0.664762
internal_weight=10497 3722 3693 6775 6750 46 3647 3591 3513 251 52 199 160 94 66 3262 1488 1774 1741 1442 56 1386 53 1713 1643 151 1492 56 131 97
internal_count=10497 3722 3693 6775 6750 46 3647 3591 3513 251 52 199 160 94 66 3262 1488 1774 1741 1442 56 1386 53 1713 1643 151 1492 56 131 97
is_linear=0
shrinkage=0.05


Tree=117
num_leaves=31
num_cat=0
split_feature=4 6 6 5 6 6 5 1 6 6 7 1 5 1 4 2 0 6 6 2 1 0 5 3 5 4 2 5 0 0
split_gain=6890.83 3085 6287.85 6122.84 5147.14 5883.45 5247.42 2838.95 2571.19 3776.44 3650.36 2656.2 9684.77 6175.94 4533.36 4512.29 5141.8 4637.44 4324.85 3792.26 7007.9 5839.62 21668.9 10612.9 8584 7132.69 7768.1 8504.33 4694.15 17739.5
threshold=423.50000000000006 562.50000000000011 496.50000000000006 99.500000000000014 468.50000000000006 451.50000000000006 91.500000000000014 284.50000000000006 291.50000000000006 327.50000000000006 13.500000000000002 447.50000000000006 45.500000000000007 387.50000000000006 435.50000000000006 63.500000000000007 18.150000000000002 462.50000000000006 423.50000000000006 61.500000000000007 959.50000000000011 16.950000000000003 39.500000000000007 76.500000000000014 48.500000000000007 505.50000000000006 66.500000000000014 55.500000000000007 22.950000000000003 24.550000000000004
decision_type=2 2 2 2 2 2 2 2 2 2 2 2 2 2 2 2 2 2 2 2 2 2 2 2 2 2 2 2 2 2
left_child=1 2 4 -4 5 -1 -6 -2 10 -10 -9 12 15 -14 -13 17 -17 18 -11 20 28 22 -21 25 -25 -23 27 -27 -16 -30
right_child=7 -3 3 -5 6 -7 -8 8 9 11 -12 14 13 -15 19 16 -18 -19 -20 21 -22 23 -24 24 -26 26 -28 -29 29 -31
leaf_value=-0.025058741381289523 0.54624299027266043 -0.5210481986884149 0.99337112620472912 -0.054947130038188054 -0.065869829058647161 0.59861753547662189 -1.162470484972 0.78793977499008183 -0.62677825808525089 0.37239047332507808 -0.03651326209306717 0.71086250884192337 0.018155181266012645 -1.0607868895762498 0.13319129217689726 -0.83977493203204612 0.24235705335934959 0.7401904181059864 -0.42544523693364245 -0.32957316844359691 0.87865469157695775 -0.31488735762531639 1.8919029145013717 0.024188914398352305 -1.3783683149516583 0.30298943195725725 -0.018370344105995064 1.0676223039272286 -0.61710434681425497 0.029334971740256496
leaf_weight=7729 31 31 30 26 24 38 20 29 20 41 25 28 21 36 570 23 21 36 29 23 24 61 21 24 20 271 165 42 120 918
leaf_count=7729 31 31 30 26 24 38 20 29 20 41 25 28 21 36 570 23 21 36 29 23 24 61 21 24 20 271 165 42 120 918
internal_value=-4.374e-10 -0.023239 -0.0212774 0.506652 -0.0250623 -0.0220074 -0.564325 0.0706202 0.0648786 0.0575461 0.406249 0.0630339 -0.10848 -0.663282 0.0785579 0.102344 -0.323303 0.279028 0.0418585 0.0707205 0.030566 0.175238 0.730677 0.133318 -0.613337 0.194269 0.259245 0.405592 0.017908 -0.0453979
internal_weight=10497 7898 7867 56 7811 7767 44 2599 2568 2514 54 2494 207 57 2287 150 44 106 70 2259 1632 627 44 583 44 539 478 313 1608 1038
internal_count=10497 7898 7867 56 7811 7767 44 2599 2568 2514 54 2494 207 57 2287 150 44 106 70 2259 1632 627 44 583 44 539 478 313 1608 1038
is_linear=0
shrinkage=0.05


Tree=118
num_leaves=31
num_cat=0
split_feature=4 7 8 1 6 5 0 5 0 3 7 6 5 3 6 5 7 5 8 0 3 2 2 3 8 4 0 1 0 0
split_gain=6367.17 4385.77 6726.21 9475.9 14179.1 8337.13 5551.76 15609.8 4915.72 4154.98 3709.78 8995.55 12507.1 30723.1 31853.3 14613.9 8867.04 8096 6680.19 6075.24 6333.49 6511.46 10257.4 8248.51 8183.3 8176.05 6143.95 12465.6 6094.21 24493.5
threshold=1.5000000000000002 11.500000000000002 4.5000000000000009 589.50000000000011 535.50000000000011 42.500000000000007 20.850000000000005 62.500000000000007 18.550000000000004 11.500000000000002 14.500000000000002 465.50000000000006 94.500000000000014 33.500000000000007 621.50000000000011 89.500000000000014 12.500000000000002 94.500000000000014 10.500000000000002 16.350000000000005 99.500000000000014 59.500000000000007 66.500000000000014 18.500000000000004 6.5000000000000009 484.50000000000006 14.450000000000001 570.50000000000011 23.150000000000002 24.450000000000003
decision_type=2 2 2 2 2 2 2 2 2 2 2 2 2 2 2 2 2 2 2 2 2 2 2 2 2 2 2 2 2 2
left_child=-1 2 3 4 6 -5 8 -8 -2 -10 11 17 15 16 -15 19 -14 -3 -19 26 21 25 23 -23 -25 -21 27 -13 -27 -30
right_child=1 10 -4 5 -6 -7 7 -9 9 -11 -12 12 13 14 -16 -17 -18 18 -20 20 -22 22 -24 24 -26 28 -28 -29 29 -31
leaf_value=-0.040350545680073853 -0.1427635831375467 0.25769952293146742 0.052480044303138684 -0.21357096770200235 0.84861660959003005 -1.4734002505739532 0.099659454396792829 -1.7292624670267107 -0.091563025187878386 0.89169542452489792 0.031171342254213575 0.93823797290141775 -0.50625904979913139 -0.27070015879238357 -2.6799475405527198 1.3937611175620039 0.67997920686006552 1.7342880499362945 0.52865098758980078 -0.94215228671119322 0.71510070906001699 0.2727142011912333 -0.2914608258688659 1.5187328539548384 0.43037910094627974 0.31923516081264303 -0.62601389551105413 -0.52565253756263042 -1.418574494907322 0.075176663140286204
leaf_weight=5062 574 110 1155 29 38 24 28 20 21 22 2213 26 23 34 23 23 50 20 27 21 49 180 57 31 39 161 52 33 30 322
leaf_count=5062 574 110 1155 29 38 24 28 20 21 22 2213 26 23 34 23 23 50 20 27 21 49 180 57 31 39 161 52 33 30 322
internal_value=-2.85969e-10 0.0375813 -0.0234118 -0.139358 -0.0907527 -0.78406 -0.144431 -0.662391 -0.104136 0.411499 0.0706567 0.137309 0.0889999 -0.372982 -1.24285 0.14765 0.306233 0.492397 1.04169 0.119018 0.162519 0.130324 0.313814 0.451816 0.912364 0.0248339 -0.229775 0.119452 0.0644182 -0.0521317
internal_weight=10497 5435 1911 756 703 53 665 48 617 43 3524 1311 1154 130 57 1024 73 157 47 1001 890 841 307 250 70 534 111 59 513 352
internal_count=10497 5435 1911 756 703 53 665 48 617 43 3524 1311 1154 130 57 1024 73 157 47 1001 890 841 307 250 70 534 111 59 513 352
is_linear=0
shrinkage=0.05


Tree=119
num_leaves=31
num_cat=0
split_feature=4 7 8 1 6 1 6 3 0 7 6 3 5 3 2 3 2 5 6 0 0 8 3 0 8 1 0 5 2 2
split_gain=5746.37 4053.31 7407.94 15688.2 9304.13 14154.3 9095.44 8146 9206.11 5983.7 12039.5 7668.13 23119.3 16320.6 9028.33 13548.4 7824.34 7557.45 6905.3 6491.09 9092.06 11329 8065.4 5892.04 6084.62 5857.16 5698.84 15556.6 7654.61 13337.8
threshold=1.5000000000000002 12.500000000000002 4.5000000000000009 758.50000000000011 596.50000000000011 593.50000000000011 570.50000000000011 51.500000000000007 21.850000000000005 14.500000000000002 465.50000000000006 40.500000000000007 99.500000000000014 56.500000000000007 61.500000000000007 19.500000000000004 49.500000000000007 91.500000000000014 433.50000000000006 30.650000000000002 23.450000000000003 5.5000000000000009 5.5000000000000009 15.050000000000002 3.5000000000000004 681.50000000000011 20.250000000000004 62.500000000000007 66.500000000000014 62.500000000000007
decision_type=2 2 2 2 2 2 2 2 2 2 2 2 2 2 2 2 2 2 2 2 2 2 2 2 2 2 2 2 2 2
left_child=-1 2 3 4 6 -6 -2 8 25 10 17 14 13 -13 16 -16 -12 18 -3 20 22 -22 -18 -15 -25 -7 28 -28 29 -4
right_child=1 9 26 -5 5 7 -8 -9 -10 -11 11 12 -14 23 15 -17 19 -19 -20 -21 21 -23 -24 24 -26 -27 27 -29 -30 -31
leaf_value=-0.038333017870022856 -0.11557592639819142 0.78267838440158155 -0.13151746014308216 -1.1763293315053864 1.230759453214705 0.39258178446131448 -1.1701162366640001 -0.88578491941094395 1.159731429964304 0.029612774235938989 0.347079560960594 -0.83319699495638666 -1.4533966861922165 -0.37797834821369336 0.25839739900195235 1.3690141480219993 0.65883442875815601 1.4300091690487333 -0.33781670510768891 0.37680140091335312 -1.6200532957911493 -0.28440775958361564 -0.24505170675054677 0.86851578181440192 0.1064105623960495 -0.76598003014922145 0.04162750434412163 0.61312278854414171 0.1145635998616807 -1.2565584659138147
leaf_weight=5062 777 44 117 34 32 24 21 20 20 2213 190 38 29 23 99 38 41 27 20 61 20 77 62 55 50 20 957 136 156 34
leaf_count=5062 777 44 117 34 32 24 21 20 20 2213 190 38 29 23 99 38 41 27 20 61 20 77 62 55 50 20 957 136 156 34
internal_value=-1.98994e-10 0.0357023 -0.0138079 -0.121735 -0.0825047 0.33591 -0.143327 -0.00498461 0.270265 0.0733601 0.18413 0.120866 -0.150844 0.0767103 0.210974 0.566452 0.10299 0.728481 0.432524 -0.0746995 -0.212407 -0.559799 0.114748 0.346839 0.505609 -0.134037 0.059274 0.112738 -0.13107 -0.384838
internal_weight=10497 5435 2348 948 914 116 798 84 64 3087 874 783 195 166 588 137 451 91 64 261 200 97 103 128 105 44 1400 1093 307 151
internal_count=10497 5435 2348 948 914 116 798 84 64 3087 874 783 195 166 588 137 451 91 64 261 200 97 103 128 105 44 1400 1093 307 151
is_linear=0
shrinkage=0.05


Tree=120
num_leaves=31
num_cat=0
split_feature=1 7 8 1 6 5 0 5 0 3 0 6 1 0 0 6 8 2 5 4 1 4 1 6 5 4 2 1 1 6
split_gain=5191.2 3683.99 5470.53 8661.9 12290.6 7266.78 5053.06 14087.8 4396.12 3749.87 3268.22 6344.67 4719.61 4345.47 13735.5 7843.31 7191.41 15919.8 5630.32 13799.9 20653.4 19990 15118.9 13124.4 10430.5 6278.1 6139.81 8318.86 12885.9 7844.28
threshold=1.0000000180025095e-35 11.500000000000002 4.5000000000000009 589.50000000000011 535.50000000000011 42.500000000000007 20.850000000000005 62.500000000000007 18.550000000000004 11.500000000000002 29.450000000000003 941.50000000000011 923.50000000000011 22.350000000000005 22.150000000000002 861.50000000000011 10.500000000000002 49.500000000000007 79.500000000000014 553.50000000000011 534.50000000000011 419.50000000000006 488.50000000000006 502.50000000000006 77.500000000000014 623.50000000000011 58.500000000000007 130.50000000000003 387.50000000000006 321.50000000000006
decision_type=2 2 2 2 2 2 2 2 2 2 2 2 2 2 2 2 2 2 2 2 2 2 2 2 2 2 2 2 2 2
left_child=-1 2 3 4 6 -5 8 -8 -2 -10 11 12 13 14 15 18 -15 -18 24 20 22 -22 23 26 -3 -21 -20 -28 29 -29
right_child=1 10 -4 5 -6 -7 7 -9 9 -11 -12 -13 -14 16 -16 -17 17 -19 19 25 21 -23 -24 -25 -26 -27 27 28 -30 -31
leaf_value=-0.036896127816125619 -0.12707451348596371 0.042881570404757437 0.045822246243736015 -0.20974928593134573 0.79510504277913197 -1.3859309708078704 0.10045527794531413 -1.637020553275943 -0.081206082871982041 0.85288946344093852 0.16681064120486475 -0.63754919557010437 0.74772466185192277 -0.0070091879577011398 1.0564056148131689 -0.89058633148670197 -1.6010520346786667 0.10217558671446408 -0.086749325471149913 1.3244032676021258 0.48022200617761845 -1.4419874840219948 1.2071761872707489 -1.0988909906148911 -1.0554782725193286 0.40298481254201191 0.031234516688052889 0.58777461722493174 -0.15187596469312103 1.5419742437771389
leaf_weight=4996 586 1235 1181 29 38 24 28 20 21 22 633 34 24 958 36 21 23 34 111 36 21 38 37 20 22 38 103 56 37 35
leaf_count=4996 586 1235 1181 29 38 24 28 20 21 22 633 34 24 958 36 21 23 34 111 36 21 38 37 20 22 38 103 56 37 35
internal_value=5.94296e-10 0.033509 -0.0217291 -0.125607 -0.0798896 -0.74236 -0.129003 -0.623493 -0.0912678 0.396703 0.0638185 0.0414841 0.0494865 0.0436293 0.089322 0.0700871 -0.0394729 -0.585092 0.0813639 0.21771 0.115349 -0.757811 0.244463 0.146064 0.0236581 0.851242 0.218869 0.365724 0.634883 0.954774
internal_weight=10497 5501 1949 768 715 53 677 48 629 43 3552 2919 2885 2861 1846 1810 1015 57 1789 532 458 59 399 362 1257 74 342 231 128 91
internal_count=10497 5501 1949 768 715 53 677 48 629 43 3552 2919 2885 2861 1846 1810 1015 57 1789 532 458 59 399 362 1257 74 342 231 128 91
is_linear=0
shrinkage=0.05


Tree=121
num_leaves=31
num_cat=0
split_feature=0 3 5 6 6 6 6 6 1 1 4 6 5 6 4 6 4 4 1 7 5 1 5 4 5 1 2 4 6 4
split_gain=4694.98 11505.5 11973.7 7066.63 4499.67 4132.61 5827.82 4635.65 7356.75 6685.73 6552.65 6743.21 4034.54 7219.53 4699.75 5591.02 4278.95 3772.78 10039 22411 3471.19 3171.58 3167.76 3143.64 6084.14 4847.53 8626.41 2663.83 4927.63 3304.03
threshold=26.950000000000003 88.500000000000014 85.500000000000014 941.50000000000011 613.50000000000011 897.50000000000011 864.50000000000011 805.50000000000011 844.50000000000011 809.50000000000011 791.50000000000011 841.00000000000011 36.500000000000007 917.50000000000011 939.50000000000011 917.50000000000011 902.00000000000011 770.50000000000011 745.50000000000011 13.500000000000002 25.500000000000004 787.50000000000011 45.500000000000007 676.50000000000011 60.500000000000007 696.50000000000011 54.500000000000007 658.50000000000011 632.50000000000011 620.50000000000011
decision_type=2 2 2 2 2 2 2 2 2 2 2 2 2 2 2 2 2 2 2 2 2 2 2 2 2 2 2 2 2 2
left_child=3 2 12 5 -3 6 7 8 9 17 -9 -12 14 -14 15 16 -2 18 23 -20 -17 -19 -15 25 -25 27 -27 29 -29 -1
right_child=1 4 -4 -5 -6 -7 -8 10 -10 -11 11 -13 13 22 -16 20 -18 21 19 -21 -22 -23 -24 24 -26 26 -28 28 -30 -31
leaf_value=-0.015339579773269933 -0.011065958588710421 0.33276538054148358 -1.1592463540285827 -0.93024653593699136 1.334958758701881 0.47702586172625083 -0.66768744859625317 0.97615663387945717 -0.97353373836725954 0.744437249749899 -0.48055925554325507 0.50191640617325906 0.11928362322678743 0.39812444086979937 0.58699510476805949 -0.12724447702616454 0.62943196164237136 0.49595963884494271 -1.7205764231858431 0.29835439409528458 -0.96908875807809336 -0.15022545616590866 1.2169195726868653 0.079982565833549749 0.95255766329558011 0.18136798344552518 -1.269581701074328 -0.20658310910929806 0.77342112752897985 -0.28998504114244977
leaf_weight=8137 762 21 20 21 24 43 34 28 20 29 31 40 605 27 33 25 27 64 27 28 24 27 21 152 23 20 21 23 29 111
leaf_count=8137 762 21 20 21 24 43 34 28 20 29 31 40 605 27 33 25 27 64 27 28 24 27 21 152 23 20 21 23 29 111
internal_value=4.28438e-11 0.079174 0.0562049 -0.014123 0.867269 -0.0119582 -0.0143356 -0.0118142 -0.0156807 -0.0134765 0.328401 0.0729482 0.0721557 0.166112 0.00171527 -0.0213327 0.0108522 -0.0160139 -0.0194141 -0.692757 -0.539576 0.304234 0.756347 -0.0150653 0.194664 -0.0194656 -0.561801 -0.0167866 0.339958 -0.0190357
internal_weight=10497 1589 1544 8908 45 8887 8844 8810 8711 8691 99 71 1524 653 871 838 789 8662 8571 55 49 91 48 8516 175 8341 41 8300 52 8248
internal_count=10497 1589 1544 8908 45 8887 8844 8810 8711 8691 99 71 1524 653 871 838 789 8662 8571 55 49 91 48 8516 175 8341 41 8300 52 8248
is_linear=0
shrinkage=0.05


Tree=122
num_leaves=31
num_cat=0
split_feature=4 7 8 0 2 4 6 5 5 4 0 7 6 3 5 3 2 3 2 5 6 0 0 0 8 4 3 6 1 4
split_gain=4488.92 3230.61 5909.5 14608.3 18634.7 7256.86 9566.8 7210.23 7359.34 5866.82 5305.45 5270.86 10702.2 6874.04 20697.5 14444.6 8002.79 11999.9 6780.79 6573.3 6247.82 5955.16 5596.71 8105.02 9848.47 7846.65 5724.67 5466.45 11284.3 5336.3
threshold=1.0000000180025095e-35 12.500000000000002 4.5000000000000009 24.250000000000004 33.500000000000007 484.50000000000006 419.50000000000006 99.500000000000014 70.500000000000014 518.50000000000011 20.950000000000003 14.500000000000002 465.50000000000006 40.500000000000007 99.500000000000014 56.500000000000007 61.500000000000007 22.500000000000004 49.500000000000007 91.500000000000014 433.50000000000006 21.550000000000004 30.650000000000002 23.450000000000003 5.5000000000000009 505.50000000000006 5.5000000000000009 753.50000000000011 624.50000000000011 626.50000000000011
decision_type=2 2 2 2 2 2 2 2 2 2 2 2 2 2 2 2 2 2 2 2 2 2 2 2 2 2 2 2 2 2
left_child=-1 2 3 5 -5 6 10 8 -8 -7 -2 12 19 16 15 -15 18 21 29 20 -3 -18 23 25 -25 -20 -27 28 -17 -14
right_child=1 11 -4 4 -6 9 7 -9 -10 -11 -12 -13 13 14 -16 27 17 -19 22 -21 -22 -23 -24 24 -26 26 -28 -29 -30 -31
leaf_value=-0.03434257128115828 -0.045346863410321243 0.7391375457698649 0.052054731491246009 -0.1851746846329082 -2.1193568202853204 0.77359607187764989 -0.8667743623256684 -1.2879265783161955 0.33656184772650399 0.072913468158895198 -0.80424101625879618 0.024054570456512415 -0.20131068153259082 -0.78875713034680017 -1.3804907116396674 0.48652896920188526 -0.34936545022896359 1.3945122114232471 -0.72892523949796506 1.3363429705301921 -0.32667982399463658 0.50068227789149844 0.3466845057416158 -1.5169715352356434 -0.27165488131441079 0.83010723209556403 -0.02161778452548575 0.81499368670659189 -0.72590752555406657 0.45475323789364452
leaf_weight=4991 570 44 1429 33 20 35 27 29 24 204 24 2237 39 38 29 61 28 31 22 27 20 78 61 20 77 34 47 39 28 151
leaf_count=4991 570 44 1429 33 20 35 27 29 24 204 24 2237 39 38 29 61 28 31 22 27 20 78 61 20 77 34 47 39 28 151
internal_value=-5.94349e-10 0.0311304 -0.0125204 -0.108046 -0.915055 -0.0611989 -0.145141 -0.658441 -0.300498 0.175524 -0.0760093 0.0647348 0.168856 0.109208 -0.148048 0.0672581 0.194523 0.529203 0.0928576 0.682085 0.40607 0.276141 -0.0725588 -0.200428 -0.528421 0.108459 0.335896 0.321388 0.105088 0.320087
internal_weight=10497 5506 2395 966 53 913 674 80 51 239 594 3111 874 783 195 166 588 137 451 91 64 106 261 200 97 103 81 128 89 190
internal_count=10497 5506 2395 966 53 913 674 80 51 239 594 3111 874 783 195 166 588 137 451 91 64 106 261 200 97 103 81 128 89 190
is_linear=0
shrinkage=0.05


Tree=123
num_leaves=31
num_cat=0
split_feature=4 7 8 1 6 5 5 1 5 5 0 4 6 0 2 2 5 6 6 2 7 6 4 5 3 3 4 0 1 5
split_gain=4051.25 2970.19 4386.42 7602.21 11208.9 9146.84 6681.08 4101.44 10584.1 16309.8 10973.7 5377.5 3142.91 3675 8741.92 13475.2 7316.92 4031.31 2853.1 2801.14 2799.87 6784.63 10291.6 23851 6801 13957.6 6505.94 18821.4 8900.53 6197.12
threshold=1.0000000180025095e-35 11.500000000000002 4.5000000000000009 589.50000000000011 524.50000000000011 51.500000000000007 42.500000000000007 244.50000000000003 61.500000000000007 82.500000000000014 13.050000000000002 299.50000000000006 798.50000000000011 20.350000000000005 65.500000000000014 61.500000000000007 60.500000000000007 248.50000000000003 221.50000000000003 66.500000000000014 14.500000000000002 465.50000000000006 373.50000000000006 99.500000000000014 99.500000000000014 93.500000000000014 475.50000000000006 15.050000000000002 447.50000000000006 78.500000000000014
decision_type=2 2 2 2 2 2 2 2 2 2 2 2 2 2 2 2 2 2 2 2 2 2 2 2 2 2 2 2 2 2
left_child=-1 2 3 4 7 -6 -5 18 10 -10 -9 -11 13 14 15 -4 -15 -16 -2 -12 21 26 23 -23 25 -24 27 -3 -29 -26
right_child=1 20 12 6 5 -7 -8 8 9 11 19 -13 -14 16 17 -17 -18 -19 -20 -21 -22 22 24 -25 29 -27 -28 28 -30 -31
leaf_value=-0.032625441947096163 -0.07041867051966548 -0.49720421552658084 -0.13311259370504155 -0.17968696240849535 -0.021955394744873048 1.3584766684720915 -1.3074727651973568 -0.97912922318165119 -1.5218036944801743 0.3987990483020743 0.2403981333239037 -0.60533269306023918 -0.44813040824374184 0.050840042050718175 0.035054485118579143 -1.3890788001141379 0.49084157653290916 0.76013555743477568 0.36391667830092567 -0.38801083712993811 0.02285184280865251 0.65459033194042393 0.10704973787426797 -1.5579947389405351 0.27292800330453448 -0.86942980591403818 0.14191179517865851 2.0382779380549554 0.67537612915039069 1.2684790654615923
leaf_weight=4991 379 20 90 29 24 24 24 26 37 24 114 30 32 755 149 28 108 22 42 21 2237 21 990 29 54 38 89 23 25 22
leaf_count=4991 379 20 90 29 24 24 24 26 37 24 114 30 32 755 149 28 108 22 42 21 2237 21 990 29 54 38 89 23 25 22
internal_value=-2.18673e-10 0.0295738 -0.0198606 -0.112421 -0.0699354 0.668261 -0.690382 -0.122585 -0.282126 -0.713138 -0.0385106 -0.159052 0.0406476 0.0542247 -0.100098 -0.431138 0.105904 0.12834 -0.0270883 0.142646 0.0568547 0.114875 0.0729204 -0.628709 0.104697 0.0709542 0.423254 0.791481 1.32843 0.561114
internal_weight=10497 5506 1958 774 721 48 53 673 252 91 161 54 1184 1152 289 118 863 171 421 135 3548 1311 1154 50 1104 1028 157 68 48 76
internal_count=10497 5506 1958 774 721 48 53 673 252 91 161 54 1184 1152 289 118 863 171 421 135 3548 1311 1154 50 1104 1028 157 68 48 76
is_linear=0
shrinkage=0.05


Tree=124
num_leaves=31
num_cat=0
split_feature=0 6 3 2 5 1 0 2 3 3 4 8 0 6 0 1 7 8 2 5 6 2 6 5 5 4 5 6 4 5
split_gain=3676.23 4647.67 4144.72 6702.5 3965.88 3809.48 3745.45 2299.05 4727.27 4536.84 2041.19 2131.53 15010.6 11270.9 5917.64 7462.48 4923.11 3956.97 16607.5 26073.9 9182.75 10693.8 7843.09 6386.47 5834.91 3182.07 2824.64 5114.2 9213.02 9970.92
threshold=29.250000000000004 941.50000000000011 55.500000000000007 24.500000000000004 11.500000000000002 923.50000000000011 33.650000000000013 60.500000000000007 5.5000000000000009 15.500000000000002 1.0000000180025095e-35 11.500000000000002 19.650000000000002 479.50000000000006 16.050000000000004 244.50000000000003 11.500000000000002 10.500000000000002 49.500000000000007 36.500000000000007 506.50000000000006 65.500000000000014 264.50000000000006 61.500000000000007 3.5000000000000004 176.50000000000003 34.500000000000007 897.50000000000011 744.50000000000011 82.500000000000014
decision_type=2 2 2 2 2 2 2 2 2 2 2 2 2 2 2 2 2 2 2 2 2 2 2 2 2 2 2 2 2 2
left_child=1 5 3 -2 -5 10 7 9 -9 -6 -1 17 13 14 15 -13 -16 26 19 24 21 23 -23 -20 -19 -18 -12 28 -28 -30
right_child=2 -3 -4 4 6 -7 -8 8 -10 -11 11 12 -14 -15 16 -17 25 18 20 -21 -22 22 -24 -25 -26 -27 27 -29 29 -31
leaf_value=-0.030900888751192297 -0.80256293536651713 -0.63047514408826832 0.80792194664478301 -0.06659692946076394 0.11034089710516562 0.63555093051298805 0.68767680480624693 0.12378182110616139 0.62313212330524737 -0.56474767680521365 -0.026145718221910669 0.099113691682630983 1.3424292524655661 -1.0206723989331692 -0.13809145280293056 -0.7791885126982967 0.15287123945626346 0.49384250690539677 -0.15680838531961569 -1.9249762489430369 0.82417656257748606 0.034073771937535358 1.0479127921439984 -0.93883751110277247 -0.66251707971096041 0.75574190570757949 0.075724074149348938 0.85483332872390749 -0.15495343860457927 -1.349240709299391
leaf_weight=4966 21 30 20 250 318 23 33 175 65 27 1795 110 24 23 35 31 33 24 95 31 32 65 27 36 20 65 1996 20 85 22
leaf_count=4966 21 30 20 250 318 23 33 175 65 27 1795 110 24 23 35 31 33 24 95 31 32 65 27 36 20 65 1996 20 85 22
internal_value=-4.15704e-10 -0.0091108 0.0960994 0.0800854 0.10144 -0.0071605 0.169416 0.140181 0.259023 0.0575079 -0.00871083 0.0154073 0.139643 0.0424477 0.131688 -0.0939882 0.370938 0.00601949 -0.160258 -0.814298 0.0321064 -0.0815538 0.331613 -0.371717 -0.0317755 0.552734 0.0200245 0.0590615 0.0514935 -0.400508
internal_weight=10497 9588 909 889 868 9558 618 585 240 345 9535 4569 321 297 274 141 133 4248 330 75 255 223 92 131 44 98 3918 2123 2103 107
internal_count=10497 9588 909 889 868 9558 618 585 240 345 9535 4569 321 297 274 141 133 4248 330 75 255 223 92 131 44 98 3918 2123 2103 107
is_linear=0
shrinkage=0.05


Tree=125
num_leaves=31
num_cat=0
split_feature=1 4 4 4 4 3 0 0 0 3 3 1 2 5 3 8 6 4 6 1 4 6 0 5 4 2 2 6 8 1
split_gain=3387.29 8252.45 3248.54 6161.01 6134.81 3635.75 24059.7 30009.8 19005.2 5222.6 6416.44 7109.74 5533.4 4782.42 3427.16 5349.73 5668.11 7499.93 10728.5 7065.13 10176.8 5178.74 7571.38 5145.34 4624.34 6124.6 9844.48 9256.07 9160.03 6371.74
threshold=468.50000000000006 299.50000000000006 370.50000000000006 403.50000000000006 423.50000000000006 93.500000000000014 26.650000000000002 23.850000000000005 17.550000000000004 70.500000000000014 57.500000000000007 613.50000000000011 56.500000000000007 48.500000000000007 1.0000000180025095e-35 10.500000000000002 443.50000000000006 471.50000000000006 528.50000000000011 520.50000000000011 511.50000000000006 578.50000000000011 24.250000000000004 51.500000000000007 873.50000000000011 61.500000000000007 66.500000000000014 864.50000000000011 6.5000000000000009 742.50000000000011
decision_type=2 2 2 2 2 2 2 2 2 2 2 2 2 2 2 2 2 2 2 2 2 2 2 2 2 2 2 2 2 2
left_child=-1 -2 -3 -4 -5 9 7 8 -7 10 14 -12 -11 -10 -6 16 23 18 -18 -19 -21 22 -22 -16 25 27 -27 -23 -29 -28
right_child=1 2 3 4 5 6 -8 -9 13 12 11 -13 -14 -15 15 -17 17 19 -20 20 21 24 -24 -25 -26 26 29 28 -30 -31
leaf_value=-0.015304691737990532 0.90599374430520196 -0.42230060475098119 0.81527101191190576 -0.70798994391052816 -0.0083412133676147755 -0.96901733280661029 1.0793217979628464 -2.2910302937030793 0.099934841743830993 0.88893568520553612 0.090817034840583802 -1.2423879551887513 0.035364904435905252 1.1049627664685251 0.13886756241321563 -0.33149836923255299 0.30037749680605802 -0.38795490256244586 -1.2282524267832438 0.97044907525181778 0.25384019357817517 0.015483495086952827 1.260827492674192 1.2469586437398739 0.39519211370975543 0.49498689462930368 0.17001808431803012 -1.5093172415736176 -0.032510082175334291 -0.72163654204570893
leaf_weight=8135 28 37 26 27 901 39 29 20 29 39 20 20 37 20 20 61 22 56 24 40 84 343 24 22 117 151 51 21 21 33
leaf_count=8135 28 37 26 27 901 39 29 20 29 39 20 20 37 20 20 61 22 56 24 40 84 343 24 22 117 151 51 21 21 33
internal_value=2.39223e-10 0.0527111 0.0424747 0.0499612 0.0411994 0.0502137 -0.199377 -0.542731 -0.14539 0.0664424 0.0512148 -0.575785 0.473381 0.51015 0.0638115 0.123453 0.150423 0.126216 -0.497169 0.156689 0.191153 0.154263 0.477615 0.719296 0.106879 0.0524716 0.253617 -0.0703053 -0.770914 -0.180275
internal_weight=10497 2362 2334 2297 2271 2244 137 108 88 2107 2031 40 76 49 1991 1090 1029 987 46 941 885 845 108 42 737 620 235 385 42 84
internal_count=10497 2362 2334 2297 2271 2244 137 108 88 2107 2031 40 76 49 1991 1090 1029 987 46 941 885 845 108 42 737 620 235 385 42 84
is_linear=0
shrinkage=0.05


Tree=126
num_leaves=31
num_cat=0
split_feature=1 7 8 1 6 1 6 3 0 1 0 5 1 5 6 0 5 6 8 0 8 2 5 8 6 3 3 0 1 7
split_gain=3123.71 2657.29 4827.45 13120 7888.96 10752.5 7697.99 7201.19 8827.55 4855.03 4519.22 13290.1 6695.5 14870.4 5545.81 5519.56 9604.33 6414.14 4366.2 9753.14 7262.96 6694.16 26638.6 21960 6262.22 5430.43 5317.81 4570.12 8824.44 4328.04
threshold=1.0000000180025095e-35 12.500000000000002 4.5000000000000009 758.50000000000011 596.50000000000011 593.50000000000011 570.50000000000011 51.500000000000007 21.850000000000005 681.50000000000011 20.250000000000004 62.500000000000007 365.50000000000006 49.500000000000007 905.50000000000011 23.850000000000005 81.500000000000014 423.50000000000006 11.500000000000002 16.750000000000004 9.5000000000000018 49.500000000000007 32.500000000000007 10.500000000000002 374.50000000000006 91.500000000000014 22.500000000000004 26.450000000000003 433.50000000000006 14.500000000000002
decision_type=2 2 2 2 2 2 2 2 2 2 2 2 2 2 2 2 2 2 2 2 2 2 2 2 2 2 2 2 2 2
left_child=-1 2 3 4 6 -6 -2 8 9 -7 12 14 -4 -14 -12 17 -17 -13 20 24 29 22 -22 -24 -20 26 27 28 -23 -3
right_child=1 18 10 -5 5 7 -8 -9 -10 -11 11 15 13 -15 -16 16 -18 -19 19 -21 21 25 23 -25 -26 -27 -28 -29 -30 -31
leaf_value=-0.02862085288998599 -0.095055180527057373 0.17898402072300298 -0.018985819959866437 -1.0650368367047871 1.1006092849187554 0.36590140216673417 -1.0650131571860542 -0.80459506481885912 1.1533344580233098 -0.68890276849269871 0.048523657894822526 0.67387828369225777 0.044808825664222243 -1.6675106034392404 -0.65353312266284025 0.49709095680524434 1.7317958266962146 -0.42798566931486132 0.15083283275986714 0.65337896600205414 0.067390378507682022 0.052778440550901001 -0.40740480319811745 -2.5537936644120651 -0.83046214594727474 -0.77380213886499405 0.37595471727640128 0.55533000174022862 -0.87259683859975723 0.032306729799206811
leaf_weight=4996 789 690 270 34 32 24 21 20 20 20 937 28 32 21 29 63 21 25 72 93 90 80 26 22 21 21 86 21 38 1855
leaf_count=4996 789 690 270 34 32 24 21 20 20 20 937 28 32 21 29 63 21 25 72 93 90 80 26 22 21 21 86 21 38 1855
internal_value=-2.87872e-11 0.0259934 -0.0137132 -0.100393 -0.064974 0.320671 -0.120202 0.023552 0.282348 -0.113555 0.0446407 0.0928083 -0.119845 -0.633657 0.0274474 0.553674 0.805767 0.154131 0.0564075 0.291315 0.0414902 -0.161206 -0.439934 -1.39117 -0.0707499 -0.0048464 0.0669228 -0.124277 -0.245224 0.0720739
internal_weight=10497 5501 2386 960 926 116 810 84 64 44 1426 1103 323 53 966 137 84 53 3115 186 2929 384 138 48 93 246 225 139 118 2545
internal_count=10497 5501 2386 960 926 116 810 84 64 44 1426 1103 323 53 966 137 84 53 3115 186 2929 384 138 48 93 246 225 139 118 2545
is_linear=0
shrinkage=0.05


Tree=127
num_leaves=31
num_cat=0
split_feature=0 5 6 6 4 6 4 2 1 2 8 4 6 5 1 5 4 2 6 2 6 3 3 2 4 0 8 4 0 6
split_gain=3001.06 2770.47 2507.43 11127.7 5342.29 3040.34 2158.93 3171.78 21301.9 4518.11 8952.72 6554.97 7447.36 6390.14 6318.68 4250.64 4083.77 3563.16 20435.1 6622.82 16218.3 4013.6 10281.5 6761.08 18588.6 23344.7 16879.5 6986.66 16494.5 10115
threshold=33.650000000000013 1.5000000000000002 949.50000000000011 941.50000000000011 934.50000000000011 959.50000000000011 1.0000000180025095e-35 35.500000000000007 828.50000000000011 32.500000000000007 3.5000000000000004 475.50000000000006 436.50000000000006 40.500000000000007 663.50000000000011 34.500000000000007 857.50000000000011 38.500000000000007 570.50000000000011 40.500000000000007 542.50000000000011 27.500000000000004 26.500000000000004 48.500000000000007 534.50000000000011 20.550000000000004 2.5000000000000004 696.50000000000011 20.350000000000005 636.50000000000011
decision_type=2 2 2 2 2 2 2 2 2 2 2 2 2 2 2 2 2 2 2 2 2 2 2 2 2 2 2 2 2 2
left_child=2 -2 3 4 6 -4 -1 8 9 11 -11 12 -8 -13 -15 -9 17 18 -17 20 -19 22 -21 24 25 26 -23 29 -29 -25
right_child=1 -3 5 -5 -6 -7 7 15 -10 10 -12 13 -14 14 -16 16 -18 19 -20 21 -22 23 -24 27 -26 -27 -28 28 -30 -31
leaf_value=-0.027222606831793197 -0.042575952162345249 0.55780127790311107 0.80818244701340092 -1.1273910514333032 0.67598787509547231 0.033926868345588446 0.019493822946767266 -0.023057671118594594 -1.6356335091658616 -0.95933628347976241 0.096627455873756998 0.055110702339721762 -1.060596942305565 1.4833838593959809 0.29103198397159574 -0.54616720385476947 0.47421711922210996 0.42088086672127245 1.4559376336061038 0.026979314095861098 -1.592716853618622 -1.0583568598542896 -1.1138685037940741 0.15807296322287054 0.89114899535973879 -2.1519300580024718 0.97127203948795793 -1.513610641360283 0.29598755801425264 0.74418356763543914
leaf_weight=4991 33 46 21 22 29 32 79 2233 22 34 49 69 20 20 25 25 61 20 26 1573 20 21 20 807 24 20 20 20 34 81
leaf_count=4991 33 46 21 22 29 32 79 2233 22 34 49 69 20 20 25 25 61 20 26 1573 20 21 20 807 24 20 20 20 34 81
internal_value=-8.37805e-10 0.307011 -0.00232807 -0.00408214 -0.00169281 0.340707 -0.00359825 0.0185526 -0.134567 -0.0230017 -0.335936 0.0989399 -0.198706 0.357422 0.820966 0.0282813 0.0696378 0.0605343 0.474514 0.0525971 -0.585918 0.0623455 0.0126561 0.13942 -0.28766 -0.751453 -0.068294 0.177957 -0.374234 0.211536
internal_weight=10497 79 10418 10365 10343 53 10314 5323 318 296 83 213 99 114 45 5005 2772 2711 51 2660 40 2620 1593 1027 85 61 41 942 54 888
internal_count=10497 79 10418 10365 10343 53 10314 5323 318 296 83 213 99 114 45 5005 2772 2711 51 2660 40 2620 1593 1027 85 61 41 942 54 888
is_linear=0
shrinkage=0.05


Tree=128
num_leaves=31
num_cat=0
split_feature=0 5 6 6 4 6 7 2 7 6 4 5 3 3 4 0 1 0 5 0 1 3 5 2 5 2 4 6 2 2
split_gain=2708.46 2543.81 2262.96 10042.7 4821.42 2743.91 1979.18 3331.88 3156.13 6584.01 8843.18 21291.6 6524.63 10841.4 5731.45 15732 8010.29 5429.11 5261.09 6249.49 5231.99 7042.1 7214.55 5611.04 5293.69 14916.3 12572.3 17203.9 6542.32 6154.66
threshold=33.650000000000013 8.5000000000000018 949.50000000000011 941.50000000000011 934.50000000000011 959.50000000000011 11.500000000000002 22.500000000000004 14.500000000000002 465.50000000000006 373.50000000000006 99.500000000000014 99.500000000000014 93.500000000000014 475.50000000000006 15.050000000000002 447.50000000000006 31.950000000000003 78.500000000000014 17.650000000000002 542.50000000000011 68.500000000000014 66.500000000000014 50.500000000000007 68.500000000000014 38.500000000000007 563.50000000000011 677.50000000000011 66.500000000000014 58.500000000000007
decision_type=2 2 2 2 2 2 2 2 2 2 2 2 2 2 2 2 2 2 2 2 2 2 2 2 2 2 2 2 2 2
left_child=2 -2 3 4 6 -4 7 -1 9 14 11 -11 13 17 15 -8 -17 20 19 -14 21 22 23 -12 28 -26 -27 -28 29 -22
right_child=1 -3 5 -5 -6 -7 8 -9 -10 10 12 -13 18 -15 -16 16 -18 -19 -20 -21 24 -23 -24 -25 25 26 27 -29 -30 -31
leaf_value=-0.65359054868597366 0.038610228896141054 0.60978025274617342 0.76777331431706752 -1.0710214789618147 0.64218847607744156 0.032230519223958254 -0.44073215723037723 -0.022516351051861106 -0.0029036829122782823 0.60810353699184605 -0.83951291948556905 -1.4823991006818311 -0.30146940912191689 -0.78670172581547193 0.12776909227681796 1.9017695380293806 0.60882190895080568 -0.42946303859353069 1.1740172245285727 0.77505363140787398 0.012163525085644989 0.62024087593668986 -1.1401994750175315 0.15429673419923198 1.6716220273858025 -0.59161313627705425 1.7841714098339989 0.04475092942064459 -0.52921269268561633 0.36152771349716933
leaf_weight=21 44 35 21 22 29 32 20 5199 3910 21 20 29 26 38 89 23 25 50 22 28 341 21 24 49 21 33 21 44 39 200
leaf_count=21 44 35 21 22 29 32 20 5199 3910 21 20 29 26 38 89 23 25 50 22 28 341 21 24 49 21 33 21 44 39 200
internal_value=1.39787e-10 0.29166 -0.00221167 -0.00387803 -0.00160817 0.323672 -0.00341834 -0.0250552 0.0187537 0.0902741 0.0441738 -0.604388 0.0773653 0.0398382 0.391835 0.73745 1.22836 0.0762328 0.522259 0.256728 0.107333 -0.20675 -0.393489 -0.133764 0.158557 0.462332 0.203198 0.606718 0.0962311 0.141318
internal_weight=10497 79 10418 10365 10343 53 10314 5220 5094 1184 1027 50 977 901 157 68 48 863 76 54 813 114 93 69 699 119 98 65 580 541
internal_count=10497 79 10418 10365 10343 53 10314 5220 5094 1184 1027 50 977 901 157 68 48 863 76 54 813 114 93 69 699 119 98 65 580 541
is_linear=0
shrinkage=0.05


Tree=129
num_leaves=31
num_cat=0
split_feature=0 6 2 5 1 5 8 2 0 4 0 2 6 4 0 8 2 0 3 3 4 5 4 6 5 1 0 8 4 1
split_gain=2578.88 4097.62 3277.17 3945.45 2887.26 2526.59 2317.31 1790.42 2353.51 1561.87 1370.38 2462.53 1633.62 2657.38 3026.25 3342.03 2577.52 5318.47 1901.39 1807.16 1315.38 1793.35 12044.1 30081.5 14586.8 12089.3 9089.42 8656.86 8262.4 7206.23
threshold=29.250000000000004 941.50000000000011 23.500000000000004 55.500000000000007 923.50000000000011 11.500000000000002 6.5000000000000009 48.500000000000007 29.950000000000003 934.50000000000011 32.550000000000004 48.500000000000007 700.50000000000011 744.50000000000011 31.650000000000002 7.5000000000000009 60.500000000000007 30.650000000000002 3.5000000000000004 1.0000000180025095e-35 1.0000000180025095e-35 83.500000000000014 665.50000000000011 738.50000000000011 97.500000000000014 447.50000000000006 18.950000000000003 1.5000000000000002 581.50000000000011 436.50000000000006
decision_type=2 2 2 2 2 2 2 2 2 2 2 2 2 2 2 2 2 2 2 2 2 2 2 2 2 2 2 2 2 2
left_child=1 4 -2 5 20 9 7 -7 -9 -4 12 -12 -8 18 16 -16 17 -15 -14 -18 -1 -22 24 -24 25 27 -27 -23 29 -26
right_child=2 -3 3 -5 -6 6 10 8 -10 -11 11 -13 13 14 15 -17 19 -19 -20 -21 21 22 23 -25 28 26 -28 -29 -30 -31
leaf_value=-0.024962441347077327 -0.47277406472712757 -0.591068525115649 -0.10790579532086851 0.46562609881607459 0.55373407291329435 -0.02730336448266393 0.17674749214426583 0.18173464391509009 0.8036317876307294 0.30140271278528069 0.036190855479048149 0.7278727658770302 -0.088674615822353614 -0.52413914831621311 -0.63474654707018863 0.19266656645290231 0.075247726979709814 0.37907214332849554 -0.58900821741138187 0.64803450994193557 -0.0027098571078515918 1.0608841343472402 -2.1786749625205992 0.30851559172714915 0.07899651168520444 1.5434066960444817 0.3626397372356483 -0.00081053553149104121 0.77622021418629272 -0.30709020406320003
leaf_weight=4966 26 30 225 67 23 21 166 29 32 26 31 22 59 28 26 23 21 39 28 40 3724 24 20 31 401 39 28 96 33 173
leaf_count=4966 26 30 225 67 23 21 166 29 32 26 31 22 59 28 26 23 21 39 28 40 3724 24 20 31 401 39 28 96 33 173
internal_value=-4.50938e-10 -0.00763081 0.0804887 0.0967796 -0.00579956 0.0664944 0.125136 0.370892 0.507976 -0.0655073 0.0834132 0.323304 0.0538453 -0.0234341 0.087782 -0.246369 0.215699 0.00161071 -0.249702 0.450846 -0.00714925 0.0122117 0.0779727 -0.666853 0.125814 0.511926 1.04995 0.211528 0.0068637 -0.0373676
internal_weight=10497 9588 909 883 9558 816 565 82 61 251 483 53 430 264 177 49 128 67 87 61 9535 4569 845 51 794 187 67 120 607 574
internal_count=10497 9588 909 883 9558 816 565 82 61 251 483 53 430 264 177 49 128 67 87 61 9535 4569 845 51 794 187 67 120 607 574
is_linear=0
shrinkage=0.05


Tree=130
num_leaves=31
num_cat=0
split_feature=0 5 6 6 4 6 7 2 7 6 4 5 3 3 1 1 0 1 2 2 5 5 6 0 5 8 5 0 3 1
split_gain=2396.68 2234.53 2047.44 8893.55 4111.77 2536.54 1689.34 2966.51 2740.67 5935.93 7841.18 18769.3 5904.17 9728.79 5508.63 16409.8 4847.86 4751.17 18785.8 5828.52 7272.01 13100.6 5328.69 4749.96 5285.64 5218.57 4669.67 5649.42 4193.71 3811.36
threshold=33.650000000000013 1.5000000000000002 949.50000000000011 941.50000000000011 934.50000000000011 959.50000000000011 11.500000000000002 22.500000000000004 14.500000000000002 465.50000000000006 373.50000000000006 99.500000000000014 99.500000000000014 93.500000000000014 337.50000000000006 436.50000000000006 31.950000000000003 813.50000000000011 41.500000000000007 59.500000000000007 10.500000000000002 34.500000000000007 844.50000000000011 17.350000000000005 58.500000000000007 9.5000000000000018 78.500000000000014 17.650000000000002 82.500000000000014 872.50000000000011
decision_type=2 2 2 2 2 2 2 2 2 2 2 2 2 2 2 2 2 2 2 2 2 2 2 2 2 2 2 2 2 2
left_child=2 -2 3 4 6 -4 7 -1 9 14 11 -11 13 16 -8 -16 17 28 -19 20 -20 -22 -21 24 -17 -25 27 -14 -12 -23
right_child=1 -3 5 -5 -6 -7 8 -9 -10 10 12 -13 26 -15 15 23 -18 18 19 22 21 29 -24 25 -26 -27 -28 -29 -30 -31
leaf_value=-0.61626392251678874 -0.039597698955824878 0.49959040364837676 0.73488774044173111 -1.0078993819653987 0.59300303479720806 0.027684458903968336 -0.32694265966614089 -0.020795392203454634 -0.0028984458272761008 0.56785315104893275 -0.013641173721566488 -1.394921655696014 -0.28626045240805698 -0.74726597980449083 1.6796739041805269 0.1122838283960636 -0.4076687636077404 1.6102816930040718 0.48848513881365457 0.99627305429715385 -1.5187074886262417 -0.42163005433976652 0.19822804074055544 -0.63391629913821823 1.1528417299623075 0.31792494700186785 1.1086568924513729 0.73727585439171106 0.60383073667000087 0.48948272154560651
leaf_weight=21 33 46 21 22 29 32 24 5199 3910 21 531 29 26 38 24 26 50 24 30 26 20 24 107 24 23 36 22 28 29 22
leaf_count=21 33 46 21 22 29 32 24 5199 3910 21 531 29 26 38 24 26 50 24 30 26 20 24 107 24 23 36 22 28 29 22
internal_value=5.571e-10 0.27436 -0.00208048 -0.00366551 -0.00152946 0.307897 -0.00320111 -0.023191 0.0172832 0.0839303 0.0401576 -0.570556 0.0714121 0.0357139 0.370265 0.496077 0.0701904 0.0995791 0.279408 0.139928 -0.15698 -0.450374 0.354237 0.235468 0.600709 -0.0628116 0.494624 0.244462 0.0183351 0.0141195
internal_weight=10497 79 10418 10365 10343 53 10314 5220 5094 1184 1027 50 977 901 157 133 863 813 253 229 96 66 133 109 49 60 76 54 560 46
internal_count=10497 79 10418 10365 10343 53 10314 5220 5094 1184 1027 50 977 901 157 133 863 813 253 229 96 66 133 109 49 60 76 54 560 46
is_linear=0
shrinkage=0.05


Tree=131
num_leaves=31
num_cat=0
split_feature=0 3 5 6 5 5 4 8 7 1 2 1 6 6 6 7 2 1 5 1 4 1 4 3 6 1 1 6 4 1
split_gain=2310.59 8415.05 9692.69 4947.28 3515.16 3006.57 3295.95 2764.55 4590 2469.48 2165.15 2142.54 5363.61 17043.5 6188.15 1685.83 5930.05 1649.43 17908 8436.66 1782.71 4960.91 14988.9 11007.5 4798.69 8372.57 4143.11 3019.74 2761.64 6673.77
threshold=26.950000000000003 88.500000000000014 85.500000000000014 941.50000000000011 63.500000000000007 49.500000000000007 948.50000000000011 6.5000000000000009 11.500000000000002 923.50000000000011 61.500000000000007 895.50000000000011 873.50000000000011 857.50000000000011 841.00000000000011 13.500000000000002 56.500000000000007 828.50000000000011 42.500000000000007 809.50000000000011 676.50000000000011 696.50000000000011 632.50000000000011 9.5000000000000018 756.50000000000011 764.50000000000011 503.50000000000006 707.50000000000011 766.50000000000011 738.50000000000011
decision_type=2 2 2 2 2 2 2 2 2 2 2 2 2 2 2 2 2 2 2 2 2 2 2 2 2 2 2 2 2 2
left_child=3 2 5 9 -3 6 -2 8 -7 11 15 12 13 14 17 -9 -17 19 -19 20 21 27 23 -23 26 -26 -22 -1 29 -28
right_child=1 4 -4 -5 -6 7 -8 10 -10 -11 -12 -13 -14 -15 -16 16 -18 18 -20 -21 24 22 -24 -25 25 -27 28 -29 -30 -31
leaf_value=-0.012471270425156361 0.0071596549747682788 0.23546022415161133 -1.0576693748496473 -0.77644093689464388 1.1247916960716249 0.002491441935948704 0.62457894737070263 0.16913386025327318 0.9483256908326313 0.54687270820140843 0.27108105282420697 -0.40549897674252011 0.65959705342849106 -1.4328216365050703 0.77883177185058594 0.23146301343523223 -0.84361024586402855 0.74135272701581323 -1.2781595102470855 0.84400118383867984 0.91616259872913364 0.69601582437753684 -1.5912969076633454 -0.74744150519371033 -0.77772006843541119 0.21871690230101956 0.18543158936149934 0.60265391826629644 0.4937157472906013 -0.79278163358569154
leaf_weight=8281 1236 20 20 21 25 23 22 47 29 20 115 34 30 21 25 29 23 21 23 29 20 28 20 25 37 49 136 20 48 20
leaf_count=8281 1236 20 20 21 25 23 22 47 29 20 115 34 30 21 25 29 23 21 23 29 20 28 20 25 37 49 136 20 48 20
internal_value=-1.73852e-10 0.0555428 0.0358992 -0.00990766 0.729533 0.0502505 0.0179571 0.202977 0.529976 -0.00809634 0.123519 -0.0093481 -0.00782324 -0.0100978 -0.00669566 -0.0478921 -0.24405 -0.00893823 -0.314301 -0.00739617 -0.0102394 -0.0145982 -0.42498 0.0151397 0.107504 -0.209983 0.229396 -0.0109892 0.162066 0.0600196
internal_weight=10497 1589 1544 8908 45 1524 1258 266 52 8887 214 8867 8833 8803 8782 99 52 8757 44 8713 8684 8374 73 53 310 86 224 8301 204 156
internal_count=10497 1589 1544 8908 45 1524 1258 266 52 8887 214 8867 8833 8803 8782 99 52 8757 44 8713 8684 8374 73 53 310 86 224 8301 204 156
is_linear=0
shrinkage=0.05


Tree=132
num_leaves=31
num_cat=0
split_feature=0 6 2 5 5 6 8 4 6 6 1 6 5 6 6 1 6 0 0 4 1 6 0 6 8 2 0 5 7 7
split_gain=2158.95 3348.2 3005.6 3373.18 2408.22 2402.56 2081.23 1816.84 6372.15 6300.66 3432.07 3154.47 2092.7 9861.27 7169.24 6221.02 10755 3927.41 9729.56 8714.11 3155.36 8134.79 7517.34 16051 15471.3 20453.2 11367 7334 7967.27 6364.12
threshold=29.250000000000004 941.50000000000011 23.500000000000004 57.500000000000007 11.500000000000002 917.50000000000011 6.5000000000000009 876.50000000000011 861.50000000000011 841.00000000000011 840.50000000000011 889.50000000000011 82.500000000000014 742.50000000000011 810.50000000000011 717.50000000000011 663.50000000000011 24.250000000000004 23.450000000000003 370.50000000000006 172.50000000000003 218.50000000000003 16.550000000000004 321.50000000000006 2.5000000000000004 64.500000000000014 16.750000000000004 90.500000000000014 12.500000000000002 10.500000000000002
decision_type=2 2 2 2 2 2 2 2 2 2 2 2 2 2 2 2 2 2 2 2 2 2 2 2 2 2 2 2 2 2
left_child=1 5 -2 4 -4 7 -6 8 9 10 12 -9 14 15 -1 16 17 18 20 -19 -14 29 23 -23 25 -25 -24 28 -28 -22
right_child=2 -3 3 -5 6 -7 -8 11 -10 -11 -12 -13 13 -15 -16 -17 -18 19 -20 -21 21 22 26 24 -26 -27 27 -29 -30 -31
leaf_value=-0.014992602076558626 -0.45619823403226639 -0.53437485953172048 -0.06522805917951506 0.46842401087284086 0.34876222610035362 0.4943117355306943 0.080829561103799769 0.42827022075653076 -0.6635562071526373 0.75660229932378842 -0.63207246268337425 -0.21617739158017293 -0.022186649615782841 0.87304500383990158 -0.74267527159193858 -0.68840873105141032 1.1118086675829861 -0.025932313336266413 -1.0369754606349904 1.1383392643332482 0.12434787724329077 -0.51468696627351973 -1.2371207352541387 0.40596289459083768 -0.45378651108060569 2.1698395583088752 1.3234936040639877 -0.12523556065268635 -0.01539969873428345 1.2561703433593117
leaf_weight=7556 26 30 251 55 85 24 492 59 37 27 22 28 1145 35 34 30 23 45 22 25 23 36 20 42 21 27 20 205 25 27
leaf_count=7556 26 30 251 55 85 24 492 59 37 27 22 28 1145 35 34 30 23 45 22 25 23 36 20 42 21 27 20 205 25 27
internal_value=2.40749e-11 -0.00698194 0.0736445 0.0892458 0.0640588 -0.0053266 0.1203 -0.00658434 -0.00867895 -0.00610398 -0.00829871 0.220862 -0.00683273 0.0421084 -0.0182523 0.0253556 0.0379071 0.0232311 0.00731957 0.389879 0.0217599 0.134582 0.0587046 0.377602 0.734518 1.09618 -0.0901142 0.00164636 0.579664 0.735532
internal_weight=10497 9588 909 883 828 9558 577 9534 9447 9410 9383 87 9361 1771 7590 1736 1706 1683 1613 70 1591 446 396 126 90 69 270 250 45 50
internal_count=10497 9588 909 883 828 9558 577 9534 9447 9410 9383 87 9361 1771 7590 1736 1706 1683 1613 70 1591 446 396 126 90 69 270 250 45 50
is_linear=0
shrinkage=0.05


Tree=133
num_leaves=31
num_cat=0
split_feature=0 5 1 1 4 6 2 1 6 0 3 5 4 1 4 5 4 2 6 2 8 1 6 3 7 3 2 3 8 4
split_gain=2036.68 2110.53 1829.36 2137.97 7113.55 2229.1 1638.29 18668.4 2791.74 5811.86 7048.13 4325.13 8613.79 3180.1 2159.44 2046.07 3707.3 3096.14 16841.2 6711.59 15392.6 20132.7 7418.7 4209.39 5028.81 3678.68 8578.45 8240.7 12301.2 6318.96
threshold=33.250000000000007 17.500000000000004 963.50000000000011 948.50000000000011 934.50000000000011 941.50000000000011 35.500000000000007 833.50000000000011 621.50000000000011 21.850000000000005 1.0000000180025095e-35 92.500000000000014 121.50000000000001 549.50000000000011 454.50000000000006 34.500000000000007 57.500000000000007 38.500000000000007 570.50000000000011 45.500000000000007 10.500000000000002 652.50000000000011 596.50000000000011 34.500000000000007 12.500000000000002 27.500000000000004 48.500000000000007 11.500000000000002 1.5000000000000002 696.50000000000011
decision_type=2 2 2 2 2 2 2 2 2 2 2 2 2 2 2 2 2 2 2 2 2 2 2 2 2 2 2 2 2 2
left_child=2 -2 3 4 5 6 7 8 11 -10 -11 13 -13 14 -1 -8 -17 18 -18 20 21 22 23 24 -19 27 -27 -21 -29 -28
right_child=1 -3 -4 -5 -6 -7 15 -9 9 10 -12 12 -14 -15 -16 16 17 19 -20 25 -22 -23 -24 -25 -26 26 29 28 -30 -31
leaf_value=-0.010716012595626323 0.022733324103885229 0.46281793035256369 0.47545728415250776 -0.43190831295375171 0.72003947566537296 -0.53172674208879467 -0.021746798120379839 -1.5514962378002348 -0.54292263001203533 -0.037044753748923541 0.93452378600835806 0.023509043374577085 -1.1640357540203976 0.46882560704984977 -0.43228190213441853 -0.01785932804009073 -0.55145021839575337 -0.064875746378675103 1.3282080333393356 0.1054403626500594 -1.4805516630411149 -1.0884536640984672 1.139476058880488 -0.43915693530669575 0.91712855859236297 -0.64832077843527647 0.23961677359051708 -1.2047044740782846 -0.091815196314048997 -0.30263692533661585
leaf_weight=230 63 48 20 29 34 20 4915 21 20 40 35 37 26 31 35 2546 22 32 26 987 22 35 21 26 22 31 729 27 309 58
leaf_count=230 63 48 20 29 34 20 4915 21 20 40 35 37 26 31 35 2546 22 32 26 987 22 35 21 26 22 31 729 27 309 58
internal_value=2.24021e-10 0.21304 -0.00227686 -0.00319859 -0.00199587 -0.00437859 -0.00335292 -0.0940408 -0.0266255 0.214401 0.416354 -0.0904068 -0.466589 -0.0103411 -0.0663945 0.00103908 0.0239274 0.0692572 0.466698 0.0609592 -0.253521 -0.0550306 0.303086 0.0835341 0.3352 0.084167 0.167518 0.0326317 -0.181244 0.199654
internal_weight=10497 111 10386 10366 10337 10303 10283 475 454 95 75 359 63 296 265 9808 4893 2347 48 2299 158 136 101 80 54 2141 818 1323 336 787
internal_count=10497 111 10386 10366 10337 10303 10283 475 454 95 75 359 63 296 265 9808 4893 2347 48 2299 158 136 101 80 54 2141 818 1323 336 787
is_linear=0
shrinkage=0.05


Tree=134
num_leaves=31
num_cat=0
split_feature=0 6 8 8 7 5 3 4 8 0 0 3 1 6 1 2 8 0 6 0 3 0 5 6 1 3 6 2 5 4
split_gain=1988.37 10950.7 9101.4 7383.38 9529.39 10114.8 10177.5 7603.29 5911.14 19745.2 35581 24755.1 13067.5 11590.4 5708.33 6520.61 5408.65 8600.17 10510.9 9445.89 11248.1 8334.37 4728.58 3712.58 14375.1 8112.88 7038.32 20735.3 4116.63 3418.83
threshold=19.850000000000005 787.50000000000011 11.500000000000002 3.5000000000000004 12.500000000000002 29.500000000000004 17.500000000000004 566.50000000000011 4.5000000000000009 24.250000000000004 24.750000000000004 6.5000000000000009 426.50000000000006 844.50000000000011 667.00000000000011 60.500000000000007 5.5000000000000009 24.050000000000004 905.50000000000011 25.150000000000002 56.500000000000007 25.950000000000003 42.500000000000007 667.00000000000011 652.50000000000011 4.5000000000000009 636.50000000000011 50.500000000000007 40.500000000000007 948.50000000000011
decision_type=2 2 2 2 2 2 2 2 2 2 2 2 2 2 2 2 2 2 2 2 2 2 2 2 2 2 2 2 2 2
left_child=1 23 3 4 7 -6 -7 -2 9 13 -11 -12 -13 14 -5 -16 17 18 -10 22 21 -21 -19 26 -25 -26 -1 -28 -27 -18
right_child=2 -3 -4 8 5 6 -8 -9 16 10 11 12 -14 -15 15 -17 29 19 -20 20 -22 -23 -24 24 25 28 27 -29 -30 -31
leaf_value=-0.014260412662183825 0.33201630570046192 -0.94151752907782793 1.0891118222475054 -0.22861820187052373 0.1193322244580045 0.41152974001856313 1.6370475504547359 -0.72723465749295435 0.13640985684870244 -2.6124690742719743 0.62245581635323011 -0.27788245603442191 -2.0636882066726687 1.1519567633217032 1.0141323019628941 -0.063634970246089828 -0.0014976514557092785 0.5839650879303615 -0.95074078142642982 0.32436955743111096 1.1306487997372947 -1.0332672342658042 1.5665218534469605 1.147830262802767 0.65440401434898376 0.14034094363451005 -1.8159894044200582 0.19382295066660102 -0.75889378275190089 0.59728207488854723
leaf_weight=5739 36 32 20 142 66 36 32 32 302 21 38 21 20 22 23 36 3548 24 24 26 21 20 25 33 25 20 21 33 35 24
leaf_count=5739 36 32 20 142 66 36 32 32 302 21 38 21 20 22 23 36 3548 24 24 26 21 20 25 33 25 20 21 33 35 24
internal_value=5.57775e-12 -0.0190678 0.0248354 0.0201459 0.315632 0.560273 0.988244 -0.166455 0.0063834 -0.199394 -0.783178 -0.296911 -1.14901 0.0623921 -0.0568637 0.356512 0.022942 0.187937 0.0563742 0.557673 0.171819 -0.265907 1.08527 -0.0140698 0.26977 -0.0924295 -0.0196064 -0.587771 -0.431899 0.0025255
internal_weight=10497 5938 4559 4539 202 134 68 68 4337 323 100 79 41 223 201 59 4014 442 326 116 67 46 49 5906 113 80 5793 54 55 3572
internal_count=10497 5938 4559 4539 202 134 68 68 4337 323 100 79 41 223 201 59 4014 442 326 116 67 46 49 5906 113 80 5793 54 55 3572
is_linear=0
shrinkage=0.05


Tree=135
num_leaves=31
num_cat=0
split_feature=0 3 5 6 5 4 8 1 2 3 3 1 3 0 2 7 4 3 4 3 0 5 5 0 0 7 0 0 3 5
split_gain=1881.73 7547.28 11365.6 3121.69 2885.93 2648.28 2469.8 3238.98 2173.62 2063.29 1501.81 1177.66 10258.6 33102.9 13969.4 12583.2 12390 8324.7 4892.24 8222.19 10458.5 3426.27 7251.3 6803.18 14924.5 7294.39 17388 11667.5 8132.66 6205.73
threshold=26.750000000000004 88.500000000000014 85.500000000000014 609.50000000000011 49.500000000000007 948.50000000000011 6.5000000000000009 642.50000000000011 61.500000000000007 10.500000000000002 1.0000000180025095e-35 468.50000000000006 94.500000000000014 24.150000000000002 60.500000000000007 13.500000000000002 299.50000000000006 83.500000000000014 423.50000000000006 24.500000000000004 18.950000000000003 67.500000000000014 55.500000000000007 25.850000000000005 24.250000000000004 13.500000000000002 20.750000000000004 20.650000000000002 8.5000000000000018 47.500000000000007
decision_type=2 2 2 2 2 2 2 2 2 2 2 2 2 2 2 2 2 2 2 2 2 2 2 2 2 2 2 2 2 2
left_child=11 2 4 -3 5 -2 7 -6 9 10 -8 -1 16 14 15 -14 -13 18 19 20 -18 22 29 24 25 26 28 -27 -23 -20
right_child=1 3 -4 -5 6 -7 8 -9 -10 -11 -12 12 13 -15 -16 -17 17 -19 21 -21 -22 23 -24 -25 -26 27 -28 -29 -30 -31
leaf_value=-0.016970790267093347 0.0056168662409937786 0.21052429229021075 -1.0980359766970982 1.0414115231770735 0.15576863055766532 0.5588270219889554 -0.056823524573574896 0.91027191042900091 0.25605048987606083 -0.35882776263687344 0.43800973279968558 1.2026275515556337 -0.27757270303037435 -2.2627647066116334 -0.86937046007198449 1.0741329704270217 -1.5092436852662461 0.76435860632918784 0.0032026920158518173 0.45902310796082024 -0.0013982537000075631 0.76255047248724184 -0.47068972990641167 -0.65699433542788033 1.3416015648841859 0.12553610484066763 -1.2005189148443085 1.4811101111498746 -0.25855143597492808 0.44671751512842406
leaf_weight=7478 1298 20 22 26 33 22 46 25 126 36 23 24 36 20 34 33 23 40 693 20 23 39 72 20 30 57 28 22 39 89
leaf_count=7478 1298 20 22 26 33 22 46 25 126 36 23 24 36 20 34 33 23 40 693 20 23 39 72 20 30 57 28 22 39 89
internal_value=-8.64631e-11 0.0485494 0.0307358 0.680156 0.0461696 0.014837 0.189281 0.480986 0.116039 -0.0519758 0.108121 -0.00923099 0.0338973 -0.401302 -0.0398527 0.368895 0.07781 0.0552195 0.0306605 -0.387338 -0.755321 0.0559938 0.00947033 0.225062 0.307114 0.139359 -0.131685 0.503038 0.252 0.0536794
internal_weight=10497 1677 1631 46 1609 1320 289 58 231 105 69 8820 1342 123 103 69 1219 1195 1155 66 46 1089 854 235 215 185 106 79 78 782
internal_count=10497 1677 1631 46 1609 1320 289 58 231 105 69 8820 1342 123 103 69 1219 1195 1155 66 46 1089 854 235 215 185 106 79 78 782
is_linear=0
shrinkage=0.05


Tree=136
num_leaves=31
num_cat=0
split_feature=0 5 6 6 4 6 2 1 2 8 1 4 6 5 1 6 6 4 5 6 4 4 6 6 5 0 0 0 0 3
split_gain=1757.32 1784 1576.03 7476.28 3222.59 2432.05 1696.65 22241.4 2625.08 5652.34 6843.6 4902.61 6855.29 4767.33 4962.16 3207.75 2348.78 2280.93 1758.18 3390.92 3012.03 2940.14 5897.06 4223.64 5041.2 3387.5 5297.48 3316.13 3323.37 2758.41
threshold=33.650000000000013 1.5000000000000002 949.50000000000011 941.50000000000011 912.50000000000011 959.50000000000011 35.500000000000007 828.50000000000011 32.500000000000007 3.5000000000000004 413.50000000000006 463.50000000000006 387.50000000000006 40.500000000000007 656.50000000000011 396.50000000000006 275.50000000000006 566.50000000000011 34.500000000000007 893.50000000000011 57.500000000000007 712.50000000000011 646.50000000000011 657.50000000000011 25.500000000000004 24.450000000000003 25.650000000000002 17.950000000000003 21.750000000000004 27.500000000000004
decision_type=2 2 2 2 2 2 2 2 2 2 2 2 2 2 2 2 2 2 2 2 2 2 2 2 2 2 2 2 2 2
left_child=2 -2 3 4 6 -4 7 8 11 10 -10 12 16 17 -15 -11 -1 -13 19 21 -20 23 -23 -8 -25 27 -27 -24 -29 -22
right_child=1 -3 5 -5 -6 -7 18 -9 9 15 -12 13 -14 14 -16 -17 -18 -19 20 -21 29 22 25 24 -26 26 -28 28 -30 -31
leaf_value=-0.045137684949134532 -0.045595955622918682 0.43618017793025665 0.68828284910746984 -0.92391865307634535 0.31489884853363037 -0.0042005181312561035 -0.022142018020648579 -1.7277604104578494 -0.072899585068225858 -0.26541363534828027 -1.2679855739292893 -0.32565953055253399 -0.79658630639314654 1.2926805549860001 0.25358038522579052 0.41706077447443302 0.51518013537639662 0.25798938841895852 -0.015670554353420251 -0.49086933492829926 0.020364722505954329 0.74694658605491426 -0.20151750266551974 -0.12040507346391678 -1.0926320627331734 -0.8439639514684677 0.013097944490921996 0.72796119652515234 0.1388272366176049 0.13195858605589378
leaf_weight=171 33 46 21 22 80 32 4427 20 25 36 23 26 30 20 27 33 21 47 2546 38 1455 34 30 40 20 20 183 43 54 894
leaf_count=171 33 46 21 22 80 32 4427 20 25 36 23 26 30 20 27 33 21 47 2546 38 1455 34 30 40 20 20 183 43 54 894
internal_value=4.3211e-10 0.234932 -0.0017815 -0.00317213 -0.00121366 0.27018 -0.00367776 -0.0955573 -0.0244374 -0.228872 -0.645545 0.0455008 -0.0936818 0.302989 0.695751 0.0609872 0.0161471 0.0501144 0.000820434 -0.0203881 0.0220029 -0.0167026 0.119965 -0.0277895 -0.444481 0.055367 -0.0713417 0.257901 0.39999 0.062836
internal_weight=10497 79 10418 10365 10343 53 10263 479 459 117 48 342 222 120 47 69 192 73 9784 4889 4895 4851 364 4487 60 330 203 127 97 2349
internal_count=10497 79 10418 10365 10343 53 10263 479 459 117 48 342 222 120 47 69 192 73 9784 4889 4895 4851 364 4487 60 330 203 127 97 2349
is_linear=0
shrinkage=0.05


end of trees

feature_importances:
nwp_radiation=837
radiation_yesterday=623
shortwave_radiation=612
nwp_cloud=550
temperature_2m=547
cloud_cover=326
relative_humidity_2m=287
month=239
hour=89

parameters:
[boosting: gbdt]
[objective: regression]
[metric: l1]
[tree_learner: serial]
[device_type: cpu]
[data_sample_strategy: bagging]
[data: ]
[valid: ]
[num_iterations: 137]
[learning_rate: 0.05]
[num_leaves: 31]
[num_threads: 2]
[seed: 0]
[deterministic: 1]
[force_col_wise: 1]
[force_row_wise: 0]
[histogram_pool_size: -1]
[max_depth: -1]
[min_data_in_leaf: 20]
[min_sum_hessian_in_leaf: 0.001]
[bagging_fraction: 1]
[pos_bagging_fraction: 1]
[neg_bagging_fraction: 1]
[bagging_freq: 0]
[bagging_seed: 7719]
[bagging_by_query: 0]
[feature_fraction: 1]
[feature_fraction_bynode: 1]
[feature_fraction_seed: 2437]
[extra_trees: 0]
[extra_seed: 11797]
[early_stopping_round: 0]
[early_stopping_min_delta: 0]
[first_metric_only: 0]
[max_delta_step: 0]
[lambda_l1: 0]
[lambda_l2: 0]
[linear_lambda: 0]
[min_gain_to_split: 0]
[drop_rate: 0.1]
[max_drop: 50]
[skip_drop: 0.5]
[xgboost_dart_mode: 0]
[uniform_drop: 0]
[drop_seed: 21238]
[top_rate: 0.2]
[other_rate: 0.1]
[min_data_per_group: 100]
[max_cat_threshold: 32]
[cat_l2: 10]
[cat_smooth: 10]
[max_cat_to_onehot: 4]
[top_k: 20]
[monotone_constraints: ]
[monotone_constraints_method: basic]
[monotone_penalty: 0]
[feature_contri: ]
[forcedsplits_filename: ]
[refit_decay_rate: 0.9]
[cegb_tradeoff: 1]
[cegb_penalty_split: 0]
[cegb_penalty_feature_lazy: ]
[cegb_penalty_feature_coupled: ]
[path_smooth: 0]
[interaction_constraints: ]
[verbosity: -1]
[saved_feature_importance_type: 0]
[use_quantized_grad: 0]
[num_grad_quant_bins: 4]
[quant_train_renew_leaf: 0]
[stochastic_rounding: 1]
[linear_tree: 0]
[max_bin: 255]
[max_bin_by_feature: ]
[min_data_in_bin: 3]
[bin_construct_sample_cnt: 200000]
[data_random_seed: 38]
[is_enable_sparse: 1]
[enable_bundle: 1]
[use_missing: 1]
[zero_as_missing: 0]
[feature_pre_filter: 1]
[pre_partition: 0]
[two_round: 0]
[header: 0]
[label_column: ]
[weight_column: ]
[group_column: ]
[ignore_column: ]
[categorical_feature: ]
[forcedbins_filename: ]
[precise_float_parser: 0]
[parser_config_file: ]
[objective_seed: 8855]
[num_class: 1]
[is_unbalance: 0]
[scale_pos_weight: 1]
[sigmoid: 1]
[boost_from_average: 1]
[reg_sqrt: 0]
[alpha: 0.9]
[fair_c: 1]
[poisson_max_delta_step: 0.7]
[tweedie_variance_power: 1.5]
[lambdarank_truncation_level: 30]
[lambdarank_norm: 1]
[label_gain: ]
[lambdarank_position_bias_regularization: 0]
[eval_at: ]
[multi_error_top_k: 1]
[auc_mu_weights: ]
[num_machines: 1]
[local_listen_port: 12400]
[time_out: 120]
[machine_list_filename: ]
[machines: ]
[gpu_platform_id: -1]
[gpu_device_id: -1]
[gpu_device_id_list: ]
[gpu_use_dp: 0]
[num_gpu: 1]

end of parameters

pandas_categorical:[]
