tree
version=v4
num_class=1
num_tree_per_iteration=1
label_index=0
max_feature_idx=8
objective=regression
feature_names=temperature_2m shortwave_radiation relative_humidity_2m cloud_cover nwp_radiation nwp_cloud radiation_yesterday hour month
feature_infos=[1.3999999999999999:36.5] [0:983] [16:99] [0:100] [0:978] [0:100] [0:983] [0:23] [1:12]
tree_sizes=2661 2674 2681 2680 2675 2670 2665 2652 2662 2671 2672 2669 2667 2657 2660 2669 2663 2660 2661 2662 2671 2663 2650 2671 2644 2640 2628 2665 2651 2661 2663 2623 2643 2652 2634 2650 2644 2646 2658 2653 2631 2643 2658 2642 2644 2638 2656 2640 2647 2648 2670 2645 2658 2652 2673 2660 2664 2678 2666 2666 2677 2670 2672 2655 2668 2662 2644 2656 2681 2659 2654 2647 2673 2671 2673 2661 2673 2656 2675 2667 2683 2701 2661 2664 2679 2674 2691 2669 2690 2682 2674 2692 2692 2688 2665 2710 2678 2686 2659 2661 2687 2684 2675 2719 2690 2700 2673 2691 2721 2687 2674 2690 2687 2701 2707 2699 2713 2711 2693 2713 2708 2705 2717 2705 2722 2691 2694 2715 2725 2725 2704 2678 2693 2716 2714 2723 2691

Tree=0
num_leaves=31
num_cat=0
split_feature=4 4 4 4 4 4 6 4 1 1 6 1 6 4 4 1 4 6 8 4 4 1 6 6 0 4 6 4 5 8
split_gain=6.79282e+08 6.92922e+07 4.09787e+07 1.06069e+07 7.56342e+06 2.96901e+06 1.91309e+06 1.79735e+06 1.29497e+06 1.29345e+06 962226 954309 430417 412856 326372 265391 252234 243427 241635 212713 192028 190980 141944 138670 138596 131788 128775 127659 112337 93698.8
threshold=310.50000000000006 601.50000000000011 97.500000000000014 777.50000000000011 472.50000000000006 190.50000000000003 702.50000000000011 30.500000000000004 416.50000000000006 587.50000000000011 284.50000000000006 873.50000000000011 166.50000000000003 384.50000000000006 535.50000000000011 612.50000000000011 837.50000000000011 718.50000000000011 4.5000000000000009 642.50000000000011 252.50000000000003 775.50000000000011 451.50000000000006 358.50000000000006 26.150000000000002 64.500000000000014 406.50000000000006 916.50000000000011 89.500000000000014 4.5000000000000009
decision_type=2 2 2 2 2 2 2 2 2 2 2 2 2 2 2 2 2 2 2 2 2 2 2 2 2 2 2 2 2 2
left_child=2 4 7 6 8 12 19 -1 13 14 20 16 -4 23 24 22 29 28 -8 -3 -7 -20 -10 -2 -6 -9 -12 -13 -11 -5
right_child=1 3 5 11 9 10 18 25 15 17 26 27 -14 -15 -16 -17 -18 -19 21 -21 -22 -23 -24 -25 -26 -27 -28 -29 -30 -31
leaf_value=205.85977526682316 222.28653672683959 236.62344428514649 212.40445777226569 244.50568018412881 229.97504920521311 216.70416111183891 240.42679569821064 208.32863652500822 226.79171206035269 236.02097090562387 220.81897605591044 250.4074637379988 215.43694370552606 226.3305396502505 233.11529401881256 233.6287167900108 249.030512558883 240.52644362429558 242.85280069791611 239.01983255002585 218.96693664939411 245.54346413737215 228.81149175265961 224.40312139998147 232.51215855850842 209.98857946673397 223.53341088699247 252.45779201018212 232.54774048875976 246.92009362170401
leaf_weight=5179 161 150 282 59 233 276 71 285 149 169 154 191 200 177 213 22 129 28 221 242 142 94 209 149 70 206 61 126 27 126
leaf_count=5179 161 150 282 59 233 276 71 285 149 169 154 191 200 177 213 22 129 28 221 242 142 94 209 149 70 206 61 126 27 126
internal_value=216.633 236.376 207.857 244.47 229.28 216.62 240.563 206.134 226.111 232.993 218.871 249.287 213.663 224.404 231.615 228.298 247.333 236.166 243.062 238.103 217.473 243.656 227.971 223.304 230.561 209.025 221.589 251.222 235.543 246.15
internal_weight=9801 3016 6785 1409 1607 1115 778 5670 867 740 633 631 482 487 516 380 314 224 386 392 418 315 358 310 303 491 215 317 196 185
internal_count=9801 3016 6785 1409 1607 1115 778 5670 867 740 633 631 482 487 516 380 314 224 386 392 418 315 358 310 303 491 215 317 196 185
is_linear=0
shrinkage=1


Tree=1
num_leaves=31
num_cat=0
split_feature=4 4 4 4 4 4 4 1 1 6 1 1 6 4 4 6 1 4 1 8 6 6 4 5 1 6 1 1 4 1
split_gain=6.13053e+08 6.01334e+07 3.97763e+07 9.07484e+06 6.65893e+06 2.74575e+06 2.01207e+06 1.52045e+06 1.25589e+06 924975 866730 799843 431777 431570 398559 381382 281482 213670 210972 184856 168257 162642 158869 150124 138109 128312 122863 108355 101068 94724
threshold=319.50000000000006 642.50000000000011 107.50000000000001 481.50000000000006 777.50000000000011 237.50000000000003 37.500000000000007 587.50000000000011 447.50000000000006 702.50000000000011 851.50000000000011 198.50000000000003 305.50000000000006 384.50000000000006 548.50000000000011 714.50000000000011 609.50000000000011 150.50000000000003 914.50000000000011 4.5000000000000009 835.50000000000011 83.500000000000014 845.50000000000011 94.500000000000014 10.500000000000002 353.50000000000006 637.50000000000011 541.50000000000011 611.50000000000011 468.50000000000006
decision_type=2 2 2 2 2 2 2 2 2 2 2 2 2 2 2 2 2 2 2 2 2 2 2 2 2 2 2 2 2 2
left_child=2 3 6 8 9 11 24 14 13 -3 22 17 -7 25 27 23 -10 -4 -12 -11 -21 -8 -6 26 -1 -2 -9 -5 -16 -14
right_child=1 4 5 7 10 12 21 15 16 19 18 -13 29 -15 28 -17 -18 -19 -20 20 -22 -23 -24 -25 -26 -27 -28 -29 -30 -31
leaf_value=-10.281280430182107 5.6317495632527486 21.267396610827486 -4.2148451216677403 13.230293498779165 27.712717180310587 2.2030460096038551 -7.4830652335494499 18.091639431273741 11.588756725735909 22.700211873547786 31.413815287885996 0.3882724640143525 5.07445133983353 9.4948154964513485 16.12077735930681 23.256907482536473 16.851890754699706 -1.8754528641553936 33.716988802504268 25.401316104846057 29.475422395978654 -5.5228806718037688 30.686377346900201 15.083899077053728 -9.1585715774009966 7.7117221760462575 20.289652637559541 15.439009648153226 19.086978105817522 8.7216818571090702
leaf_weight=4941 134 242 188 232 163 226 329 181 274 58 232 314 162 287 160 49 28 203 174 267 28 156 62 29 290 166 98 73 35 20
leaf_count=4941 134 242 188 232 163 226 329 181 274 58 232 314 162 287 160 49 28 203 174 267 28 156 62 29 290 166 98 73 35 20
internal_value=9.88526e-08 18.9556 -8.24954 12.9959 27.4431 0.398197 -9.9334 16.6673 9.45668 23.6484 31.0214 -1.49105 3.6627 8.10871 14.8877 19.1596 12.0767 -3.00028 32.4009 25.2807 25.788 -6.85257 28.5321 18.5078 -10.219 6.78267 18.8637 13.7589 16.6532 5.47525
internal_weight=9801 2972 6829 1746 1226 1113 5716 857 889 595 631 705 408 587 500 357 302 391 406 353 295 485 225 308 5231 300 279 305 195 182
internal_count=9801 2972 6829 1746 1226 1113 5716 857 889 595 631 705 408 587 500 357 302 391 406 353 295 485 225 308 5231 300 279 305 195 182
is_linear=0
shrinkage=0.05


Tree=2
num_leaves=31
num_cat=0
split_feature=4 4 4 4 4 4 6 4 1 6 6 1 6 4 4 6 4 8 4 1 4 2 1 1 5 6 4 6 4 6
split_gain=5.53317e+08 5.64674e+07 3.33783e+07 8.62964e+06 6.17423e+06 2.43307e+06 1.55847e+06 1.46348e+06 1.21116e+06 905973 795160 785404 354333 353150 284806 208237 206760 197552 190611 165250 157294 137296 135429 134300 132321 113151 109920 108050 99413.6 98430
threshold=310.50000000000006 601.50000000000011 97.500000000000014 777.50000000000011 457.50000000000006 190.50000000000003 702.50000000000011 30.500000000000004 587.50000000000011 426.50000000000006 284.50000000000006 873.50000000000011 180.50000000000003 535.50000000000011 369.50000000000006 718.50000000000011 837.50000000000011 4.5000000000000009 690.50000000000011 775.50000000000011 252.50000000000003 47.500000000000007 502.50000000000006 479.50000000000006 89.500000000000014 64.500000000000014 916.50000000000011 406.50000000000006 136.50000000000003 625.50000000000011
decision_type=2 2 2 2 2 2 2 2 2 2 2 2 2 2 2 2 2 2 2 2 2 2 2 2 2 2 2 2 2 2
left_child=2 4 7 6 9 12 18 -1 13 14 20 16 28 22 -2 24 -5 -8 29 -19 -7 -20 -6 -11 -10 -9 -13 -12 -4 -3
right_child=1 3 5 11 8 10 17 25 15 23 27 26 -14 -15 -16 -17 -18 19 21 -21 -22 -23 -24 -25 -26 -27 -28 -29 -30 -31
leaf_value=-9.7231725356504715 5.7366731234538708 17.780854040075234 -4.4220459863874648 26.626499658533046 11.57610424373461 0.059059459448832535 21.473957259218459 -7.5313542331723005 17.50207546458525 9.6103215915619291 3.7912142028282219 30.469737347507976 -0.75683364988123092 14.880991993935456 8.124261852924926 21.495509733002763 29.234375307541484 23.646649639423078 17.902305112566268 26.149502417381775 2.1069938126584176 22.535638427734376 13.515103777034865 11.820734314751206 13.900320021311442 -5.9998138051637468 32.372286369687039 6.277639866266095 -2.6560491534171407 19.591611476198459
leaf_weight=5179 243 135 180 185 230 276 71 278 170 173 154 191 159 213 257 29 129 221 21 94 142 67 148 114 30 213 126 61 143 169
leaf_count=5179 243 135 180 185 230 276 71 278 170 173 154 191 159 213 257 29 129 221 21 94 142 67 148 114 30 213 126 61 143 169
internal_value=7.30938e-08 17.8189 -7.92068 25.1253 11.4127 -0.0124155 21.6013 -9.47584 14.4489 8.24917 2.02571 29.4703 -2.68905 13.2528 6.96389 17.5359 27.6979 23.8565 19.3807 24.3935 0.754769 21.43 12.3353 10.4883 16.9618 -6.86696 31.226 4.49667 -3.6402 18.7875
internal_weight=9801 3016 6785 1409 1607 1115 778 5670 820 787 633 631 482 591 500 229 314 386 392 315 418 88 378 287 200 491 317 215 323 304
internal_count=9801 3016 6785 1409 1607 1115 778 5670 820 787 633 631 482 591 500 229 314 386 392 315 418 88 378 287 200 491 317 215 323 304
is_linear=0
shrinkage=0.05


Tree=3
num_leaves=31
num_cat=0
split_feature=4 4 4 4 4 4 4 1 1 6 1 1 1 4 4 1 1 6 4 6 5 6 4 1 4 4 0 1 6 1
split_gain=4.99375e+08 4.90241e+07 3.23931e+07 7.39842e+06 5.41125e+06 2.24296e+06 1.64126e+06 1.22915e+06 1.02748e+06 907236 662875 505472 362626 356621 325026 321731 240351 229830 173319 134690 124459 120393 118508 114593 108553 102743 98703 94176.7 90231 89884.6
threshold=319.50000000000006 642.50000000000011 107.50000000000001 481.50000000000006 797.50000000000011 237.50000000000003 37.500000000000007 587.50000000000011 447.50000000000006 702.50000000000011 198.50000000000003 869.50000000000011 317.50000000000006 384.50000000000006 548.50000000000011 708.50000000000011 609.50000000000011 830.50000000000011 157.50000000000003 83.500000000000014 99.500000000000014 10.500000000000002 700.50000000000011 372.50000000000006 845.50000000000011 690.50000000000011 26.350000000000005 925.50000000000011 583.50000000000011 637.50000000000011
decision_type=2 2 2 2 2 2 2 2 2 2 2 2 2 2 2 2 2 2 2 2 2 2 2 2 2 2 2 2 2 2
left_child=2 3 6 8 9 10 21 14 13 25 18 24 -7 23 26 20 -10 22 -4 -8 29 -1 -11 -2 -6 -3 -5 -13 -16 -9
right_child=1 4 5 7 11 12 19 15 16 17 -12 27 -14 -15 28 -17 -18 -19 -20 -21 -22 -23 -24 -25 -26 -27 -28 -29 -30 -31
leaf_value=-9.2809470264481888 5.2808068670545305 18.551546626896052 -3.6656397841493105 11.972847330961072 25.687128724318285 2.1723958042933957 -6.7563321829566849 16.266817631928816 10.45028557760002 21.222828799135545 0.36180957623632853 28.973978309221167 5.2639302736918134 8.5721185355236305 14.438620144888858 20.762832314627513 15.313713639123101 25.916899836063386 -1.5473912492394448 -4.9725206439311691 12.922941698346818 -8.2292953173319514 23.240505225264183 7.2629503345489503 27.842998454255877 20.642399024963382 14.22151441730437 30.708863909686052 16.97195806088655 18.154144597053527
leaf_weight=4943 175 154 217 244 130 258 329 184 274 102 314 186 150 287 149 56 28 64 174 156 21 288 254 125 106 95 61 135 46 96
leaf_count=4943 175 154 217 244 130 258 329 184 274 102 314 186 150 287 149 56 28 64 174 156 21 288 254 125 106 95 61 135 46 96
internal_value=1.5344e-07 17.1081 -7.4455 11.727 24.7716 0.358478 -8.96506 15.0419 8.53135 21.7406 -1.34905 28.4121 3.30899 7.31211 13.4419 17.2829 10.9012 23.1583 -2.72299 -6.18257 16.6355 -9.22305 22.6624 6.1067 26.6554 19.3493 12.4226 29.7036 15.0362 16.9139
internal_weight=9801 2972 6829 1746 1226 1113 5716 857 889 669 705 557 408 587 500 357 302 420 391 485 301 5231 356 300 236 249 305 321 195 280
internal_count=9801 2972 6829 1746 1226 1113 5716 857 889 669 705 557 408 587 500 357 302 420 391 485 301 5231 356 300 236 249 305 321 195 280
is_linear=0
shrinkage=0.05


Tree=4
num_leaves=31
num_cat=0
split_feature=4 4 4 4 4 1 4 6 1 4 1 4 4 6 6 8 6 4 5 1 8 4 4 4 4 1 1 1 8 4
split_gain=4.50711e+08 4.60412e+07 2.71874e+07 7.04188e+06 5.05564e+06 2.02713e+06 1.19507e+06 1.13975e+06 1.04882e+06 777763 652286 585859 331192 288037 252130 194609 181703 178326 157074 157069 142366 138796 127261 117173 107833 107741 103208 90226.8 89112.7 87571.3
threshold=310.50000000000006 601.50000000000011 97.500000000000014 767.50000000000011 448.50000000000006 232.50000000000003 27.500000000000004 702.50000000000011 570.50000000000011 845.50000000000011 406.50000000000006 162.50000000000003 535.50000000000011 305.50000000000006 718.50000000000011 4.5000000000000009 536.50000000000011 350.50000000000006 93.500000000000014 906.50000000000011 4.5000000000000009 679.50000000000011 248.50000000000003 248.50000000000003 60.500000000000007 823.50000000000011 764.50000000000011 475.50000000000006 4.5000000000000009 818.50000000000011
decision_type=2 2 2 2 2 2 2 2 2 2 2 2 2 2 2 2 2 2 2 2 2 2 2 2 2 2 2 2 2 2
left_child=2 4 6 7 10 11 -1 21 12 15 17 -4 27 -7 18 29 -12 -2 -10 -11 -9 28 -13 -15 -8 -17 -22 -6 -3 -5
right_child=1 3 5 9 8 13 24 20 14 19 16 22 -14 23 -16 25 -18 -19 -20 -21 26 -23 -24 -25 -26 -27 -28 -29 -30 -31
leaf_value=-8.7816401013763752 4.588924846721766 15.887032493712411 -3.3837851119197278 21.088060386508118 10.020862012381082 1.4958713228317133 -6.9004626656243193 19.252855537121114 15.318831119706147 26.919272175401744 8.4443159671076415 -0.76287298226462941 13.416404102660799 2.2453392960009029 19.676155586242675 23.870970805098374 11.89256302660162 6.7432331169128421 11.719227812630791 28.941563965844324 21.076971280372749 18.99748639790517 2.056575985090888 4.9081731259822847 -5.4438617262923934 26.238832947303507 22.99088042169555 11.538548970222473 17.68000356500799 24.492515513102216
leaf_weight=5155 156 126 306 51 182 266 287 65 226 202 290 308 182 61 30 82 44 250 35 183 177 106 46 128 228 116 117 212 154 30
leaf_count=5155 156 126 306 51 182 266 287 65 226 202 290 308 182 61 30 82 44 250 35 183 177 106 46 128 228 116 117 212 154 30
internal_value=9.83044e-08 16.0821 -7.14866 22.6796 10.2975 -0.0113785 -8.5522 19.3426 12.8884 26.4238 7.2619 -1.78152 11.6524 2.55629 15.3351 24.4136 8.89858 5.91547 14.8361 27.8805 21.3705 17.4565 -0.396504 4.04874 -6.2556 25.2582 21.8386 10.8375 16.8732 22.349
internal_weight=9801 3016 6785 1409 1607 1115 5670 745 867 664 740 660 576 455 291 279 334 406 261 385 359 386 354 189 515 198 294 394 280 81
internal_count=9801 3016 6785 1409 1607 1115 5670 745 867 664 740 660 576 455 291 279 334 406 261 385 359 386 354 189 515 198 294 394 280 81
is_linear=0
shrinkage=0.05


Tree=5
num_leaves=31
num_cat=0
split_feature=4 4 4 4 4 4 4 1 6 6 1 1 6 4 1 4 1 4 8 6 6 4 4 1 5 0 4 4 0 8
split_gain=4.06775e+08 3.9197e+07 2.73832e+07 5.78069e+06 4.41391e+06 1.87626e+06 1.45507e+06 1.0058e+06 793565 604791 591832 495686 319154 280541 255341 249314 210713 155813 135909 132431 127689 122282 115781 108076 108019 106191 103844 103094 87664.1 78318.4
threshold=323.50000000000006 642.50000000000011 110.50000000000001 481.50000000000006 777.50000000000011 237.50000000000003 37.500000000000007 592.50000000000011 443.50000000000006 702.50000000000011 851.50000000000011 198.50000000000003 319.50000000000006 548.50000000000011 708.50000000000011 393.50000000000006 609.50000000000011 887.50000000000011 4.5000000000000009 94.500000000000014 846.50000000000011 150.50000000000003 350.50000000000006 472.50000000000006 99.500000000000014 26.250000000000004 10.500000000000002 845.50000000000011 26.350000000000005 4.5000000000000009
decision_type=2 2 2 2 2 2 2 2 2 2 2 2 2 2 2 2 2 2 2 2 2 2 2 2 2 2 2 2 2 2
left_child=2 3 6 8 9 11 26 13 15 -3 27 21 -7 28 24 25 22 -12 -11 -8 -20 -4 -10 -14 -9 -2 -1 -6 -5 -16
right_child=1 4 5 7 10 12 19 14 16 18 17 -13 23 -15 29 -17 -18 -19 20 -21 -22 -23 -24 -25 -26 -27 -28 -29 -30 -31
leaf_value=-8.3772580213450425 5.1112552176628796 17.345734008777239 -3.3700400961926706 10.79478552605285 22.556772047171563 1.9485096911396036 -5.9509131302309157 15.359137920932916 6.0879370517730713 18.378286920744795 25.453359509896543 0.32356934480699368 4.2599600307302543 13.587874216403604 16.363851020449683 7.8747206133736505 13.957286594532157 27.412761991107885 20.723422447372887 -4.0141836915099836 24.603222125509511 -1.5493660734058015 9.6419046988920734 8.0851656595865897 11.632194611004422 7.1447073745727536 -7.3891685635169644 24.95222625732422 12.900264124716484 20.226206185477125
leaf_weight=4950 224 242 169 244 163 257 391 262 25 58 207 313 153 212 21 225 27 199 272 114 23 203 275 21 21 90 281 62 62 35
leaf_count=4950 224 242 169 244 163 257 391 262 25 58 207 313 153 212 21 225 27 199 272 114 23 203 275 21 21 90 281 62 62 35
internal_value=-1.27464e-07 15.5268 -6.68252 10.6643 22.3605 0.483466 -8.07674 13.5756 7.78329 19.271 25.2738 -1.14275 3.06805 12.1899 15.693 6.60437 9.72651 26.4138 20.5909 -5.51371 21.0259 -2.3765 9.34574 4.72162 15.0826 5.69409 -8.32418 23.2169 11.2214 18.7778
internal_weight=9801 2949 6852 1723 1226 1116 5736 857 866 595 631 685 431 518 339 539 327 406 353 505 295 372 300 174 283 314 5231 225 306 56
internal_count=9801 2949 6852 1723 1226 1116 5736 857 866 595 631 685 431 518 339 539 327 406 353 505 295 372 300 174 283 314 5231 225 306 56
is_linear=0
shrinkage=0.05


Tree=6
num_leaves=31
num_cat=0
split_feature=4 4 4 4 4 4 6 1 1 1 4 1 4 4 6 6 6 8 8 1 1 4 1 6 4 2 1 6 4 4
split_gain=3.67214e+08 4.10395e+07 1.82332e+07 5.89253e+06 4.83914e+06 1.29926e+06 962777 873184 804654 756333 635195 403574 248077 247379 188906 183883 171957 167106 134934 133163 127821 122277 108999 95826.8 92033.7 90396.2 88050.8 83510 82108.9 75852.7
threshold=292.50000000000006 597.50000000000011 93.500000000000014 767.50000000000011 448.50000000000006 175.50000000000003 702.50000000000011 25.500000000000004 587.50000000000011 406.50000000000006 845.50000000000011 273.50000000000006 521.50000000000011 350.50000000000006 148.50000000000003 718.50000000000011 536.50000000000011 4.5000000000000009 4.5000000000000009 906.50000000000011 674.50000000000011 710.50000000000011 502.50000000000006 345.50000000000006 670.50000000000011 40.500000000000007 823.50000000000011 234.50000000000003 57.500000000000007 818.50000000000011
decision_type=2 2 2 2 2 2 2 2 2 2 2 2 2 2 2 2 2 2 2 2 2 2 2 2 2 2 2 2 2 2
left_child=2 4 7 6 9 14 20 -1 12 13 17 27 22 23 -4 18 -11 29 -10 -12 24 -8 -6 -2 -3 -22 -19 -7 -9 -5
right_child=1 3 5 10 8 11 21 28 15 16 19 -13 -14 -15 -16 -17 -18 26 -20 -21 25 -23 -24 -25 -26 -27 -28 -29 -30 -31
leaf_value=-7.9315531137626314 3.0618027369707628 14.750271002586851 -3.6388238498104943 18.947422932643516 9.1950422442305637 -0.38464574064261625 18.261222915053366 -6.3393756546340621 11.362992292404176 7.5737173452432405 24.282141313458435 2.9482060963660484 11.838237695143775 6.0781191978454592 -1.5126006325804748 17.804874941507975 10.854610384547193 21.562692465433262 14.388915077107294 26.144191479292076 14.378418808891661 20.11775990341177 10.995896506494331 5.082205674052239 16.827200936580052 18.074195543924969 23.703281376279634 1.0658639492394475 -5.0704300479266955 22.115913136800131
leaf_weight=5130 151 235 225 51 241 279 160 286 50 303 202 180 260 250 195 30 46 82 140 183 21 199 129 96 69 78 116 154 230 30
leaf_count=5130 151 235 225 51 241 279 160 286 50 303 202 180 260 250 195 30 46 82 140 183 21 199 129 96 69 78 116 154 230 30
internal_value=-1.09768e-07 14.1558 -6.61691 20.4076 8.89921 -0.509379 17.4073 -7.73435 11.5637 6.22211 23.8507 0.958408 10.6546 4.96932 -2.65165 14.167 8.00616 22.0341 13.5926 25.1672 15.7298 19.2903 9.82291 3.84706 15.2217 17.2902 22.8168 0.13124 -5.77376 20.1209
internal_weight=9801 3122 6679 1426 1696 1033 762 5646 850 846 664 613 630 497 420 220 349 279 190 385 403 359 370 247 304 99 198 433 516 81
internal_count=9801 3122 6679 1426 1696 1033 762 5646 850 846 664 613 630 497 420 220 349 279 190 385 403 359 370 247 304 99 198 433 516 81
is_linear=0
shrinkage=0.05


Tree=7
num_leaves=31
num_cat=0
split_feature=4 4 4 4 4 6 6 4 1 6 4 4 6 6 4 8 4 8 4 1 0 6 8 1 5 6 1 2 1 4
split_gain=3.3141e+08 3.70382e+07 1.64554e+07 5.31801e+06 4.36732e+06 1.18685e+06 868906 791163 735179 698121 573264 304027 243972 233421 226560 161408 153064 150814 124770 115358 113892 110821 107896 86054.4 86054.2 92495.4 83382.1 83156.4 83088.1 83060.5
threshold=292.50000000000006 597.50000000000011 93.500000000000014 767.50000000000011 448.50000000000006 201.50000000000003 702.50000000000011 23.500000000000004 541.50000000000011 426.50000000000006 845.50000000000011 331.50000000000006 718.50000000000011 284.50000000000006 136.50000000000003 4.5000000000000009 529.50000000000011 4.5000000000000009 916.50000000000011 674.50000000000011 19.950000000000003 744.50000000000011 9.5000000000000018 595.50000000000011 99.500000000000014 403.50000000000006 229.50000000000003 47.500000000000007 61.500000000000007 670.50000000000011
decision_type=2 2 2 2 2 2 2 2 2 2 2 2 2 2 2 2 2 2 2 2 2 2 2 2 2 2 2 2 2 2
left_child=2 4 7 6 9 14 19 -1 16 11 17 -2 15 -7 -4 -10 -6 -5 -12 29 -8 -22 -17 -11 25 -15 -16 -21 -9 -3
right_child=1 3 5 10 8 13 20 28 12 23 18 -13 -14 24 26 22 -18 -19 -20 27 21 -23 -24 -25 -26 -27 -28 -29 -30 -31
leaf_value=-7.5399143478934354 3.2326528665110552 14.012757495311982 -3.535452343957517 19.114890746128413 9.065236517607449 0.38711620282956472 15.879158084449314 -6.0236526186873274 10.625440034649589 7.7611433457418615 23.243640099950586 5.706239411144546 16.91463136037191 2.7923759875578043 -1.6223160090352544 13.48829284826091 11.100457108020784 21.675935718266654 25.126795426537011 14.328904104232789 17.292694286271637 19.293901977539065 11.012433174200225 11.170072196722032 1.3115698939407028 6.5715784668922428 1.4024690879583359 17.427200249059876 -4.7517443759463971 15.985841480199841
leaf_weight=5107 181 235 206 81 332 363 42 328 110 249 249 396 30 85 257 193 128 198 136 32 102 215 57 20 77 20 25 67 211 69
leaf_count=5107 181 235 206 81 332 363 42 328 110 249 249 396 30 85 257 193 128 198 136 32 102 215 57 20 77 20 25 67 211 69
internal_value=1.75028e-07 13.448 -6.28606 19.3872 8.45425 -0.48391 16.5369 -7.34763 10.9855 5.911 22.6582 4.9303 12.5825 1.11981 -2.27495 12.2215 9.63156 20.9324 23.9089 14.9433 18.3258 18.65 12.9238 8.0146 2.58118 3.51222 -1.35416 16.4257 -5.52574 14.4606
internal_weight=9801 3122 6679 1426 1696 1033 762 5646 850 846 664 577 390 545 488 360 460 279 385 403 359 317 250 269 182 105 282 99 539 304
internal_count=9801 3122 6679 1426 1696 1033 762 5646 850 846 664 577 390 545 488 360 460 279 385 403 359 317 250 269 182 105 282 99 539 304
is_linear=0
shrinkage=0.05


Tree=8
num_leaves=31
num_cat=0
split_feature=4 4 4 4 4 6 6 6 6 1 1 6 4 6 4 6 4 4 8 0 4 6 1 8 2 4 4 1 0 4
split_gain=2.99098e+08 3.34269e+07 1.48532e+07 4.80139e+06 3.94151e+06 1.00639e+06 820594 798561 667918 638780 495563 222240 219267 185821 174789 170254 147358 136438 127403 119422 107803 94979.6 84238.8 83115.9 78071.2 72938.1 71493.9 71373.6 66311.4 65423.5
threshold=292.50000000000006 597.50000000000011 97.500000000000014 771.50000000000011 448.50000000000006 209.50000000000003 702.50000000000011 31.500000000000004 553.50000000000011 396.50000000000006 873.50000000000011 718.50000000000011 162.50000000000003 284.50000000000006 350.50000000000006 536.50000000000011 525.50000000000011 818.50000000000011 4.5000000000000009 26.450000000000003 690.50000000000011 783.50000000000011 702.50000000000011 4.5000000000000009 47.500000000000007 190.50000000000003 67.500000000000014 925.50000000000011 15.950000000000001 355.50000000000006
decision_type=2 2 2 2 2 2 2 2 2 2 2 2 2 2 2 2 2 2 2 2 2 2 2 2 2 2 2 2 2 2
left_child=2 4 7 6 9 12 20 -1 16 14 17 19 -4 -7 -2 29 28 23 -8 -10 22 -20 -3 -5 -22 -15 -9 -12 -6 -11
right_child=1 3 5 10 8 13 18 26 11 15 27 -13 -14 25 -16 -17 -18 -19 21 -21 24 -23 -24 -25 -26 -27 -28 -29 -30 -31
leaf_value=-7.1499440254543147 3.377168951710237 13.58087308731586 -2.8477409770635713 17.365692744784887 7.1776852766672778 0.48097807221087163 15.500304350432229 -5.5000797585596013 10.745387497947023 5.4429814417150961 22.351372416123102 16.206947874253796 -0.74088880820460967 0.46892435608638661 5.3420499081255626 9.9141744552774629 10.45474737125207 21.226572779246741 17.38091269710608 12.728083648074133 13.089568481445312 19.411970529927839 16.931918144226074 19.897262033922921 16.675229075598338 2.9834215718713302 -4.249425837580719 23.861923077527216 9.012898740977267 7.0809504764356861
leaf_weight=5175 232 301 292 45 60 322 68 316 148 79 184 31 214 36 221 47 181 168 228 156 20 77 20 116 63 145 179 136 274 267
leaf_count=5175 232 301 292 45 60 322 68 316 148 79 184 31 214 36 221 47 181 168 228 156 20 77 20 116 63 145 179 136 274 267
internal_value=-1.50628e-07 12.7756 -5.97176 18.4179 8.03154 -0.382298 15.7663 -6.96643 10.4363 5.61545 21.5924 12.1741 -1.9567 1.2015 4.33575 7.09052 9.30583 20.2298 17.4573 11.7628 14.205 17.8937 13.7897 19.1897 15.8112 2.4833 -5.04782 22.9934 8.68322 6.70696
internal_weight=9801 3122 6679 1426 1696 1009 777 5670 850 846 649 335 506 503 453 393 515 329 373 304 404 305 321 161 83 181 495 320 334 346
internal_count=9801 3122 6679 1426 1696 1009 777 5670 850 846 649 335 506 503 453 393 515 329 373 304 404 305 321 161 83 181 495 320 334 346
is_linear=0
shrinkage=0.05


Tree=9
num_leaves=31
num_cat=0
split_feature=4 4 4 4 4 6 4 6 6 6 1 4 4 6 4 1 4 0 5 6 6 8 0 1 4 5 1 4 6 1
split_gain=2.69941e+08 2.60751e+07 1.81909e+07 3.86527e+06 2.94592e+06 1.2411e+06 1.04596e+06 698846 550268 496674 297875 266599 256566 248905 170311 150741 139679 129993 128640 163304 101927 95990.9 95867.4 94144.7 93759.3 91063.1 89817.5 75440.8 69294 67877.4
threshold=323.50000000000006 642.50000000000011 114.50000000000001 481.50000000000006 797.50000000000011 234.50000000000003 40.500000000000007 633.50000000000011 436.50000000000006 744.50000000000011 896.50000000000011 548.50000000000011 183.50000000000003 341.50000000000006 403.50000000000006 609.50000000000011 696.50000000000011 26.450000000000003 94.500000000000014 858.50000000000011 113.50000000000001 4.5000000000000009 26.250000000000004 757.50000000000011 350.50000000000006 62.500000000000007 8.5000000000000018 277.50000000000006 566.50000000000011 440.50000000000006
decision_type=2 2 2 2 2 2 2 2 2 2 2 2 2 2 2 2 2 2 2 2 2 2 2 2 2 2 2 2 2 2
left_child=2 3 6 8 9 12 26 11 14 16 21 17 -4 -7 22 24 -3 -5 19 -11 -8 -6 -2 -9 -10 -18 -1 -15 -13 -29
right_child=1 4 5 7 10 13 20 23 15 18 -12 28 -14 27 -16 -17 25 -19 -20 -21 -22 -23 -24 -25 -26 -27 -28 29 -30 -31
leaf_value=-6.8304521260488418 4.1222426415787492 13.868756928232504 -2.0812654435326148 8.8011497634325835 18.631538124084472 1.4875481577546283 -4.6711867146108341 13.350503449006514 4.7556996557447651 17.315002057638512 22.256857099371445 10.576413485973696 0.014500500185367388 2.6091931924223903 6.5753296361650744 11.465685408645207 16.282331993210484 11.036112739299906 13.702883375258674 21.009225463867189 -2.58957603863057 20.498526021689852 5.9413427963997556 16.389944547222509 7.8362336364285703 12.678706340789795 -5.9843212241557104 4.0502397872899705 12.011279667086072 7.2616970743451805
leaf_weight=4918 244 203 314 258 100 340 435 143 27 249 236 158 273 72 175 27 142 87 21 34 68 221 103 31 290 20 335 76 180 21
leaf_count=4918 244 203 314 258 100 340 435 143 27 249 236 158 273 72 175 27 142 87 21 34 68 221 103 31 290 20 335 76 180 21
internal_value=-3.95728e-08 12.6486 -5.44375 8.68259 18.2223 0.460204 -6.56792 11.0632 6.32674 15.9858 20.9083 10.3425 -1.10657 2.26708 5.30358 7.87932 14.7425 9.36475 17.4787 17.7588 -4.38978 19.9169 4.66221 13.892 7.57385 15.8374 -6.77649 3.83536 11.3405 4.7455
internal_weight=9801 2949 6852 1723 1226 1096 5756 857 866 669 557 683 587 509 522 344 365 345 304 283 503 321 347 174 317 162 5253 169 338 97
internal_count=9801 2949 6852 1723 1226 1096 5756 857 866 669 557 683 587 509 522 344 365 345 304 283 503 321 347 174 317 162 5253 169 338 97
is_linear=0
shrinkage=0.05


Tree=10
num_leaves=31
num_cat=0
split_feature=4 4 4 4 4 4 1 6 6 6 4 1 6 4 8 6 1 6 8 4 8 6 1 1 1 2 4 4 6 4
split_gain=2.43701e+08 2.72459e+07 1.2086e+07 3.91074e+06 3.21361e+06 889361 747605 672690 586511 424944 406472 287558 177612 171633 147850 133576 116553 110579 110526 110455 102998 94578.1 93527.2 85169.5 83574.3 71612.6 66927 66618.7 65265.6 62855.9
threshold=292.50000000000006 597.50000000000011 93.500000000000014 771.50000000000011 423.50000000000006 175.50000000000003 543.50000000000011 702.50000000000011 22.500000000000004 381.50000000000006 845.50000000000011 273.50000000000006 718.50000000000011 521.50000000000011 4.5000000000000009 148.50000000000003 621.50000000000011 451.50000000000006 4.5000000000000009 346.50000000000006 4.5000000000000009 830.50000000000011 674.50000000000011 462.50000000000006 772.50000000000011 40.500000000000007 224.50000000000003 916.50000000000011 64.500000000000014 637.50000000000011
decision_type=2 2 2 2 2 2 2 2 2 2 2 2 2 2 2 2 2 2 2 2 2 2 2 2 2 2 2 2 2 2
left_child=2 4 8 7 9 15 13 22 -1 19 21 26 14 23 -8 -4 -16 -11 -9 -2 -12 -5 29 -6 -20 -24 -7 -22 -10 -3
right_child=1 3 5 10 6 11 12 18 28 17 20 -13 -14 -15 16 -17 -18 -19 24 -21 27 -23 25 -25 -26 -27 -28 -29 -30 -31
leaf_value=-6.4666261720825577 2.6148158449719672 11.583861623792089 -3.0204477965037029 17.135560725984117 6.736509243373213 -0.42361403594570834 8.9400628276591032 13.941167013785417 -5.1440362475135117 5.2677111446145055 18.660498133013327 2.4760668378406105 14.512409227689108 9.4314569311204295 10.605430460215814 -1.2325185420650704 13.224630829139992 7.0878695938110354 15.609438377248043 4.4157700485484623 20.311162083040035 19.040651938446569 11.550515960511708 8.1388859288445836 17.39160184065501 14.835562173626091 0.83871141691840456 21.783308568076482 -3.9980231575667862 13.029819801875526
leaf_weight=5102 186 136 225 147 203 254 106 68 352 251 62 180 30 153 199 195 54 125 209 157 197 117 21 232 96 79 179 126 192 168
leaf_count=5102 186 136 225 147 203 254 106 68 352 251 62 180 30 153 199 195 54 125 209 157 197 117 21 232 96 79 179 126 192 168
internal_value=1.26239e-07 11.532 -5.39044 16.6259 7.24893 -0.417927 9.11604 14.2329 -6.30022 4.71184 19.491 0.796449 10.8165 7.99106 10.5077 -2.19034 11.1645 5.87282 15.764 3.43916 20.5271 17.9799 12.8193 7.48444 16.1704 14.1457 0.0982249 20.8854 -4.73956 12.3829
internal_weight=9801 3122 6679 1426 1696 1033 977 777 5646 719 649 613 389 588 359 420 253 376 373 343 385 264 404 435 305 100 433 323 544 304
internal_count=9801 3122 6679 1426 1696 1033 977 777 5646 719 649 613 389 588 359 420 253 376 373 343 385 264 404 435 305 100 433 323 544 304
is_linear=0
shrinkage=0.05


Tree=11
num_leaves=31
num_cat=0
split_feature=4 4 4 4 4 1 1 6 4 4 6 1 6 4 0 4 8 8 1 6 4 5 6 6 4 1 4 4 4 2
split_gain=2.1994e+08 2.45894e+07 1.09076e+07 3.53008e+06 2.90028e+06 813752 674713 580008 531990 405155 383512 181325 160767 154899 145921 138136 134658 119882 105040 99797.9 99685.3 99626.8 98783.6 85841.1 82136.1 76865.5 63748.1 60773.2 59652.6 55214.1
threshold=292.50000000000006 597.50000000000011 93.500000000000014 767.50000000000011 423.50000000000006 194.50000000000003 543.50000000000011 702.50000000000011 21.500000000000004 818.50000000000011 381.50000000000006 273.50000000000006 732.50000000000011 521.50000000000011 19.550000000000004 150.50000000000003 4.5000000000000009 4.5000000000000009 621.50000000000011 451.50000000000006 346.50000000000006 99.500000000000014 764.50000000000011 625.50000000000011 887.50000000000011 462.50000000000006 57.500000000000007 535.50000000000011 221.50000000000003 41.500000000000007
decision_type=2 2 2 2 2 2 2 2 2 2 2 2 2 2 2 2 2 2 2 2 2 2 2 2 2 2 2 2 2 2
left_child=2 4 8 7 10 15 13 23 -1 17 20 -7 14 25 27 -4 -11 -5 -16 -12 -2 22 -9 29 -18 -6 -10 -8 -17 -3
right_child=1 3 5 9 6 11 12 21 26 16 19 -13 -14 -15 18 28 24 -19 -20 -21 -22 -23 -24 -25 -26 -27 -28 -29 -30 -31
leaf_value=-6.1465778530159874 2.4840750487741605 9.1001028532783206 -2.7450006607257329 14.461028625684627 6.3996838392442088 0.20000332744954075 6.7089071959257129 14.446932798328968 -4.9719365761496803 17.540972477456801 5.0043255892407856 2.0584846679778663 14.330510080314202 8.959884085063063 10.046072245807183 -1.3667240899479527 18.930637608492439 17.281992451349893 12.326504621932756 6.7334760704040537 4.1949815770623031 11.673963078585539 16.193900400797528 12.800091152067308 20.406718137640706 7.7319416533256407 -3.8903266479229104 9.3242272344128843 0.9801240237429738 11.685473719803063
leaf_weight=5084 186 24 253 51 203 368 36 202 330 92 251 204 23 153 205 176 187 144 67 125 157 22 135 231 190 232 232 58 32 148
leaf_count=5084 186 24 253 51 203 368 36 202 330 92 251 204 23 153 205 176 187 144 67 125 157 22 135 231 190 232 232 58 32 148
internal_value=1.63493e-08 10.9554 -5.12092 15.7946 6.88648 -0.397031 8.66024 13.4724 -5.98521 18.4596 4.47625 0.862818 10.2757 7.59151 10.0209 -1.96023 19.256 16.5442 10.6078 5.57918 3.2672 14.9339 15.1468 12.1704 19.6746 7.11022 -4.52544 8.32262 -1.00567 11.3247
internal_weight=9801 3122 6679 1426 1696 1033 977 762 5646 664 719 572 389 588 366 461 469 195 272 376 343 359 337 403 377 435 562 94 208 172
internal_count=9801 3122 6679 1426 1696 1033 977 762 5646 664 719 572 389 588 366 461 469 195 272 376 343 359 337 403 377 435 562 94 208 172
is_linear=0
shrinkage=0.05


Tree=12
num_leaves=31
num_cat=0
split_feature=4 4 6 4 4 4 1 6 1 1 1 4 6 4 4 6 6 8 6 4 1 2 4 4 6 6 1 5 0 6
split_gain=1.98496e+08 2.21919e+07 9.85699e+06 3.18746e+06 2.62524e+06 642652 593335 585115 453885 437730 317669 190806 143086 134382 105105 104365 102209 97631.8 92961 85211.8 84320.7 95318.8 75460.4 74897.3 70608 70487.4 63323.7 62938.7 61117.9 59538.8
threshold=292.50000000000006 597.50000000000011 104.50000000000001 777.50000000000011 448.50000000000006 43.500000000000007 232.50000000000003 702.50000000000011 587.50000000000011 406.50000000000006 851.50000000000011 162.50000000000003 492.50000000000006 350.50000000000006 710.50000000000011 536.50000000000011 732.50000000000011 4.5000000000000009 835.50000000000011 916.50000000000011 674.50000000000011 40.500000000000007 6.5000000000000009 548.50000000000011 873.50000000000011 416.50000000000006 637.50000000000011 82.500000000000014 19.650000000000002 345.50000000000006
decision_type=2 2 2 2 2 2 2 2 2 2 2 2 2 2 2 2 2 2 2 2 2 2 2 2 2 2 2 2 2 2
left_child=2 4 5 7 9 22 11 20 12 13 24 -4 -6 29 27 -11 17 -10 -16 -12 -3 -22 -1 -14 -5 28 -19 -9 -8 -2
right_child=1 3 6 10 8 -7 25 14 16 15 19 -13 23 -15 18 -17 -18 26 -20 -21 21 -23 -24 -25 -26 -27 -28 -29 -30 -31
leaf_value=-5.8604269800706561 2.171162588139441 11.159186914720033 -2.1315234394420997 15.797227627591989 7.0316178954442341 -3.8229233657612518 0.34341642879005663 13.741334753389712 8.2569106137977464 5.5906841988118963 17.990691739799331 -0.3471108884553411 8.0113742727634598 4.4345063570499423 14.608042531543308 8.1466747563818238 13.613984752737958 10.161587930608679 17.686003140040807 19.537087336453524 9.8765563477169387 13.578276111562568 -5.1280915333287389 9.6129615713696968 18.367069761214719 3.2945809773423456 12.583015092213948 11.010144309997559 1.7535100639104373 3.7637169654170672
leaf_weight=4893 151 304 271 194 300 442 133 135 53 303 274 335 221 250 198 46 23 108 28 132 22 83 379 109 31 44 36 25 182 96
leaf_count=4893 151 304 271 194 300 442 133 135 53 303 274 335 221 250 198 46 23 108 28 132 22 83 379 109 31 44 36 25 182 96
internal_value=-4.19975e-08 10.4076 -4.86487 15.0049 6.54216 -5.65424 -0.190829 12.8989 8.50469 4.57035 17.6583 -1.14509 7.82192 3.61728 14.2952 5.92758 10.4599 10.0917 14.9894 18.4935 11.5811 12.8027 -5.80778 8.54038 16.1513 1.41999 10.7669 13.3146 1.15814 2.79013
internal_weight=9801 3122 6679 1426 1696 5714 965 795 850 846 631 606 630 497 386 349 220 197 226 406 409 105 5272 330 225 359 144 160 315 247
internal_count=9801 3122 6679 1426 1696 5714 965 795 850 846 631 606 630 497 386 349 220 197 226 406 409 105 5272 330 225 359 144 160 315 247
is_linear=0
shrinkage=0.05


Tree=13
num_leaves=31
num_cat=0
split_feature=4 4 4 4 4 4 6 6 6 1 1 6 4 6 6 8 4 6 8 1 0 1 4 8 3 1 3 0 5 0
split_gain=1.79144e+08 1.9277e+07 9.74372e+06 2.87698e+06 2.18218e+06 732219 493595 477772 394746 385281 312191 246623 139936 126656 123383 92659.6 89995.9 77169.1 72694.4 117100 71928.6 67691.6 58880.2 58859.6 54082.5 52399.3 75289.2 67484.9 50281.7 49563.6
threshold=300.50000000000006 597.50000000000011 97.500000000000014 771.50000000000011 457.50000000000006 190.50000000000003 702.50000000000011 34.500000000000007 426.50000000000006 587.50000000000011 873.50000000000011 284.50000000000006 366.50000000000006 158.50000000000003 492.50000000000006 4.5000000000000009 818.50000000000011 625.50000000000011 4.5000000000000009 640.50000000000011 26.050000000000004 775.50000000000011 548.50000000000011 5.5000000000000009 46.500000000000007 479.50000000000006 70.500000000000014 20.350000000000005 43.500000000000007 26.450000000000003
decision_type=2 2 2 2 2 2 2 2 2 2 2 2 2 2 2 2 2 2 2 2 2 2 2 2 2 2 2 2 2 2
left_child=2 4 7 6 8 13 17 -1 12 14 16 -7 20 -4 -6 24 23 -3 -11 -20 -2 -17 29 28 -8 -10 27 -27 -5 -16
right_child=1 3 5 10 9 11 15 -9 25 18 -12 -13 -14 -15 22 21 -18 -19 19 -21 -22 -23 -24 -25 -26 26 -28 -29 -30 -31
leaf_value=-5.5304284658573311 2.4820205348330302 10.188658925544384 -2.3882905765583642 14.768040285612408 6.7397068601388206 0.3478832489531487 13.024423089027406 -3.8705939799988247 5.4784312328646303 8.5193305625290172 17.823946729898452 2.5851474429309036 4.5521428078195481 -0.76676289080820503 7.1356793529016009 13.415205508415852 16.440032821042198 11.586231221823859 9.7100261485682129 12.775781995196676 4.3286054288837272 15.064884624261968 9.1323135235987678 15.562293149023942 10.159296982628959 5.0863273024559028 9.6323996162414556 7.7411051506219906 11.914484062561623 8.7829876001330387
leaf_weight=5197 205 172 247 38 273 395 40 473 179 61 320 179 274 235 135 218 168 232 113 43 71 87 109 97 28 54 20 43 26 69
leaf_count=5197 205 172 247 38 273 395 40 473 179 61 320 179 274 235 135 218 168 232 113 43 71 87 109 97 28 54 20 43 26 69
internal_value=-1.35965e-09 9.99752 -4.57068 14.2547 6.31609 -0.16093 12.2021 -5.39196 4.54403 8.18303 16.712 1.04557 3.7517 -1.59771 7.51656 13.5137 15.6305 10.9912 9.98281 10.5551 2.95705 13.8858 8.19414 14.7857 11.8447 6.01627 6.83912 6.26319 13.6088 7.69286
internal_weight=9801 3075 6726 1426 1649 1056 777 5670 846 803 649 574 550 482 586 373 329 404 217 156 276 305 313 161 68 296 117 97 64 204
internal_count=9801 3075 6726 1426 1649 1056 777 5670 846 803 649 574 550 482 586 373 329 404 217 156 276 305 313 161 68 296 117 97 64 204
is_linear=0
shrinkage=0.05


Tree=14
num_leaves=31
num_cat=0
split_feature=4 4 4 4 4 4 6 6 1 6 1 1 1 1 4 5 4 5 6 5 1 4 4 6 0 1 1 6 6 0
split_gain=1.617e+08 1.56869e+07 1.09258e+07 2.33763e+06 1.76765e+06 775624 622212 423607 339806 299287 196185 195551 158608 151830 132514 121940 119870 101960 115179 88639 85992.2 73634.3 70864.3 70586.2 67767.3 60372.8 57096 55566.4 51379.2 51257.9
threshold=323.50000000000006 642.50000000000011 114.50000000000001 481.50000000000006 797.50000000000011 237.50000000000003 46.500000000000007 633.50000000000011 459.50000000000006 744.50000000000011 198.50000000000003 896.50000000000011 532.50000000000011 317.50000000000006 384.50000000000006 84.500000000000014 704.50000000000011 94.500000000000014 858.50000000000011 99.500000000000014 609.50000000000011 883.50000000000011 8.5000000000000018 772.50000000000011 25.350000000000005 372.50000000000006 472.50000000000006 113.50000000000001 331.50000000000006 15.950000000000001
decision_type=2 2 2 2 2 2 2 2 2 2 2 2 2 2 2 2 2 2 2 2 2 2 2 2 2 2 2 2 2 2
left_child=2 3 6 8 9 10 22 12 14 15 -4 21 -5 -7 25 16 -3 18 -11 29 -10 24 -1 -9 -6 -2 -15 -8 -12 -14
right_child=1 4 5 7 11 13 27 23 20 17 28 -13 19 26 -16 -17 -18 -19 -20 -21 -22 -23 -24 -25 -26 -27 -28 -29 -30 -31
leaf_value=-5.2894549208958299 2.8058132066763939 10.938319792066302 -1.5062305558891576 7.086775432094452 14.003090361321327 1.282606754151743 -3.5640426984061522 10.394038611767339 6.0838604310039806 13.415796948448723 -0.015176814373910101 17.285964804180598 6.9908898108346129 2.8579399302391941 4.93155662611127 8.1816454216286001 12.87951506972313 10.177611882346017 16.518286245009477 5.5507236047224566 9.0646160055089879 16.907568418979647 -4.5754963675922253 13.485395077296667 15.665444525694236 4.2690963031029296 5.6512098902747745 -2.0361592339617864 2.0196321085521154 8.9985182396616654
leaf_weight=4915 160 210 357 279 101 268 397 153 233 249 273 236 35 142 320 27 128 21 34 22 27 64 374 21 156 126 21 70 35 347
leaf_count=4915 160 210 357 279 101 268 397 153 233 249 273 236 35 142 320 27 128 21 34 22 27 64 374 21 156 126 21 70 35 347
internal_value=-6.54853e-08 9.78952 -4.21327 6.7134 14.1126 0.362282 -5.0845 8.56473 4.88131 12.3803 -0.708542 16.1933 8.00365 2.01448 4.23256 11.4151 11.6734 13.5391 13.7885 8.63684 6.3934 15.39 -5.23897 10.7671 15.0121 3.45048 3.21781 -3.33502 0.216051 8.81457
internal_weight=9801 2949 6852 1723 1226 1096 5756 857 866 669 665 557 683 431 606 365 338 304 283 404 260 321 5289 174 257 286 163 467 308 382
internal_count=9801 2949 6852 1723 1226 1096 5756 857 866 669 665 557 683 431 606 365 338 304 283 404 260 321 5289 174 257 286 163 467 308 382
is_linear=0
shrinkage=0.05


Tree=15
num_leaves=31
num_cat=0
split_feature=4 4 4 4 4 4 1 6 4 6 4 1 1 4 6 3 4 0 6 0 6 6 6 4 1 0 2 1 4 8
split_gain=1.45963e+08 1.63377e+07 7.25618e+06 2.33687e+06 1.94742e+06 597009 448099 432634 314648 267676 244022 183475 115105 111648 105597 100034 141581 96490.9 90287 89628.1 74713.7 74047.1 71028.6 68469.2 60608.5 59268.7 51397.4 47466.3 45933.5 43570.9
threshold=292.50000000000006 597.50000000000011 90.500000000000014 777.50000000000011 423.50000000000006 175.50000000000003 543.50000000000011 725.50000000000011 18.500000000000004 381.50000000000006 883.50000000000011 273.50000000000006 757.50000000000011 521.50000000000011 873.50000000000011 97.500000000000014 686.50000000000011 26.450000000000003 148.50000000000003 19.950000000000003 835.50000000000011 553.50000000000011 436.50000000000006 331.50000000000006 555.50000000000011 15.950000000000001 48.500000000000007 702.50000000000011 227.50000000000003 4.5000000000000009
decision_type=2 2 2 2 2 2 2 2 2 2 2 2 2 2 2 2 2 2 2 2 2 2 2 2 2 2 2 2 2 2
left_child=2 4 8 7 9 18 13 15 -1 23 14 28 17 25 29 16 21 26 -4 -9 -21 -3 -11 -2 -17 -6 -8 -23 -7 -5
right_child=1 3 5 10 6 11 12 19 -10 22 -12 -13 -14 -15 -16 24 -18 -19 -20 20 -22 27 -24 -25 -26 -27 -28 -29 -30 -31
leaf_value=-5.0116644885904442 1.8264315270035472 7.9329520557237716 -2.4018362501215655 12.913484517886088 4.6147506458149561 -0.3169806784457902 6.1939588685189531 9.9076071923778901 -3.766566280270299 3.9566142823651576 16.435147825464025 1.9805514446107879 11.809068837373154 7.3523515638962298 15.495101928710938 9.6484798240661629 11.882568981029371 8.996812323238073 -0.96798656410202488 12.451447314706469 14.975935918634589 9.8453672377135462 5.3443798846668678 3.2494995495925347 5.7559053039550783 6.0738269703826688 7.9524434074522965 11.792872725592719 0.74725184154777258 14.271931439354308
leaf_weight=5057 151 46 248 91 87 271 62 31 564 214 231 180 23 153 141 20 108 178 197 262 33 239 162 192 20 348 126 36 162 168
leaf_count=5057 151 46 248 91 87 271 62 31 564 214 231 180 23 153 141 20 108 178 197 262 33 239 162 192 20 348 126 36 162 168
internal_value=4.40527e-08 8.92474 -4.17174 12.8693 5.60811 -0.373059 7.06158 11.0661 -4.88673 3.6331 15.1413 0.638911 8.37808 6.19062 14.3941 10.0936 10.3166 8.16248 -1.76708 12.4651 12.7338 9.78973 4.55453 2.62302 7.70219 5.78201 7.37252 10.1003 0.0811848 13.7946
internal_weight=9801 3122 6679 1426 1696 1058 977 795 5621 719 631 613 389 588 400 469 429 366 445 326 295 321 376 343 40 435 188 275 433 259
internal_count=9801 3122 6679 1426 1696 1058 977 795 5621 719 631 613 389 588 400 469 429 366 445 326 295 321 376 343 40 435 188 275 433 259
is_linear=0
shrinkage=0.05


Tree=16
num_leaves=31
num_cat=0
split_feature=4 4 6 4 1 4 4 1 6 1 4 4 4 8 6 4 8 5 6 1 8 0 4 5 4 6 0 4 6 3
split_gain=1.31732e+08 1.47448e+07 6.56268e+06 2.11e+06 1.76093e+06 427874 414722 407127 363680 260937 242547 127692 105167 101677 99547.8 95455.3 92899.7 84594.9 73678.1 72289.5 65443.1 65000.8 61791.8 57393.4 55200.6 53911.6 51607.4 51058.4 44337.4 44159
threshold=292.50000000000006 597.50000000000011 104.50000000000001 771.50000000000011 472.50000000000006 43.500000000000007 384.50000000000006 232.50000000000003 674.50000000000011 605.50000000000011 818.50000000000011 162.50000000000003 478.50000000000006 4.5000000000000009 345.50000000000006 508.50000000000006 4.5000000000000009 99.500000000000014 563.50000000000011 754.50000000000011 4.5000000000000009 22.750000000000004 642.50000000000011 43.500000000000007 916.50000000000011 416.50000000000006 19.650000000000002 6.5000000000000009 428.50000000000006 52.500000000000007
decision_type=2 2 2 2 2 2 2 2 2 2 2 2 2 2 2 2 2 2 2 2 2 2 2 2 2 2 2 2 2 2
left_child=2 4 5 8 6 27 14 11 22 12 20 -4 -6 21 -2 28 -12 -11 -14 -15 23 -10 -3 -5 -18 26 -9 -1 -8 -27
right_child=1 3 7 10 9 -7 15 25 13 17 16 -13 18 19 -16 -17 24 -19 -20 -21 -22 -23 -24 -25 -26 29 -28 -29 -30 -31
leaf_value=-4.7758280573411636 2.0023271357675769 8.4337379831846064 -1.7467455748606104 12.876743284861247 5.5714514904666226 -3.1129531007816351 4.1741981932308887 0.20734891931813465 10.627570223253826 9.399485946937844 13.504625243725986 -0.28698939706740983 6.5749970334641477 11.090131059559909 3.4793107784711399 6.5838822735680482 14.84810240848131 6.7557525830391132 7.9954140387641068 12.535786476135256 13.336812479693192 7.4629746556282051 9.8189249445883089 9.381476879119873 16.130699807121641 4.4821378072102869 1.5030947553587486 -4.1734294886324843 5.2476268401057089 1.3108753253584324
leaf_weight=4893 212 147 271 24 174 442 239 133 86 135 92 335 282 176 247 72 251 39 135 170 133 20 178 23 126 21 182 379 161 23
leaf_count=4893 212 147 271 24 174 442 239 133 86 135 92 335 282 176 247 72 251 39 135 170 133 20 178 23 126 21 182 379 161 23
internal_value=6.53772e-08 8.4785 -3.96315 12.2259 5.32771 -4.60724 3.86727 -0.14932 10.4681 7.10506 14.3303 -0.939785 6.604 11.3853 2.79713 4.90793 14.9291 8.80693 7.03484 11.8004 12.7701 10.0305 9.19239 11.1663 15.2768 1.185 0.956002 -4.73252 4.60625 2.82443
internal_weight=9801 3122 6679 1426 1696 5714 931 965 777 765 649 606 591 452 459 472 469 174 417 346 180 106 325 47 377 359 315 5272 400 44
internal_count=9801 3122 6679 1426 1696 5714 931 965 777 765 649 606 591 452 459 472 469 174 417 346 180 106 325 47 377 359 315 5272 400 44
is_linear=0
shrinkage=0.05


Tree=17
num_leaves=31
num_cat=0
split_feature=4 4 4 4 4 4 6 6 4 1 8 5 1 4 1 4 1 8 0 8 0 1 6 1 3 1 4 4 1 0
split_gain=1.18913e+08 1.13135e+07 8.32911e+06 1.65363e+06 1.31592e+06 552560 542470 324582 297244 239868 126685 136210 125732 125545 116980 96647.7 88729.3 83841.9 78423.4 72215.4 71231.4 65563.3 58440.2 57001.8 52200.7 51765.7 50895.8 50766 47047.7 45973.9
threshold=327.50000000000006 642.50000000000011 123.50000000000001 481.50000000000006 818.50000000000011 248.50000000000003 46.500000000000007 633.50000000000011 710.50000000000011 468.50000000000006 4.5000000000000009 74.500000000000014 213.50000000000003 548.50000000000011 472.50000000000006 384.50000000000006 823.50000000000011 4.5000000000000009 16.650000000000002 4.5000000000000009 26.650000000000002 130.50000000000003 772.50000000000011 609.50000000000011 47.500000000000007 736.50000000000011 8.5000000000000018 887.50000000000011 601.50000000000011 26.250000000000004
decision_type=2 2 2 2 2 2 2 2 2 2 2 2 2 2 2 2 2 2 2 2 2 2 2 2 2 2 2 2 2 2
left_child=2 3 6 9 8 12 26 13 19 15 11 -10 -4 20 18 29 -12 -6 -7 24 -5 -8 -9 -11 -3 -21 -1 -19 -26 -2
right_child=1 4 5 7 17 14 21 22 10 23 16 -13 -14 -15 -16 -17 -18 27 -20 25 -22 -23 -24 -25 28 -27 -28 -29 -30 -31
leaf_value=-4.5357422374053993 2.6442810940505264 9.4420134862263989 -1.0164372053654755 5.7751119305193432 12.829394087065822 0.67516807593463923 -2.9943671575633353 8.9364090183981109 11.116242467440092 5.3691671839965291 11.667701175135953 6.9493395366668711 0.38340038364095724 7.5417539971819991 5.5264212778636388 4.2858865538134543 13.564965155066515 13.928083784949971 2.1881903795008424 9.652424384289839 7.4424325583962831 -1.2473487938036685 11.749249848865327 7.827641494185837 8.8144701750382151 11.405479291885619 -3.9314301645914713 15.088542666184276 5.4986239989101895 4.0948939768473309
leaf_weight=4915 201 78 391 260 92 127 449 153 91 186 248 25 272 338 21 355 82 187 263 127 85 61 21 27 23 63 375 190 20 75
leaf_count=4915 201 78 391 260 92 127 449 153 91 186 248 25 272 338 21 355 82 187 263 127 85 61 21 27 23 63 375 190 20 75
internal_value=-2.58904e-09 8.43999 -3.59381 5.80092 12.1015 0.450794 -4.34276 7.34802 10.8122 4.23 11.6395 10.2182 -0.442145 6.85688 1.89123 3.74027 12.1391 14.1827 1.69549 9.62568 6.1859 -2.78541 9.27589 5.6808 8.67093 10.2337 -4.4929 14.5129 7.27222 3.03847
internal_weight=9801 2927 6874 1701 1226 1074 5800 857 757 844 446 116 663 683 411 631 330 469 390 311 345 510 174 213 121 190 5290 377 43 276
internal_count=9801 2927 6874 1701 1226 1074 5800 857 757 844 446 116 663 683 411 631 330 469 390 311 345 510 174 213 121 190 5290 377 43 276
is_linear=0
shrinkage=0.05


Tree=18
num_leaves=31
num_cat=0
split_feature=4 4 4 4 4 6 1 6 1 6 4 4 4 0 1 6 4 6 5 0 5 0 6 4 2 0 8 6 5 1
split_gain=1.07322e+08 1.20202e+07 5.35098e+06 1.72011e+06 1.44296e+06 476739 330476 300266 204421 202847 198501 111516 107005 103282 111927 87939 83593.2 80754 73379.9 66191 64336.4 55447.7 55278.8 52668.4 51750.2 51585.7 46095.1 44277.4 42444.5 42152.2
threshold=292.50000000000006 597.50000000000011 85.500000000000014 771.50000000000011 423.50000000000006 209.50000000000003 543.50000000000011 744.50000000000011 16.500000000000004 381.50000000000006 879.50000000000011 131.50000000000003 696.50000000000011 18.150000000000002 625.50000000000011 880.50000000000011 529.50000000000011 305.50000000000006 99.500000000000014 19.950000000000003 87.500000000000014 26.950000000000003 436.50000000000006 331.50000000000006 46.500000000000007 15.950000000000001 4.5000000000000009 835.50000000000011 61.500000000000007 229.50000000000003
decision_type=2 2 2 2 2 2 2 2 2 2 2 2 2 2 2 2 2 2 2 2 2 2 2 2 2 2 2 2 2 2
left_child=2 4 8 7 9 11 16 12 -1 23 15 -4 21 24 28 26 25 -7 20 -9 -19 -3 -11 -2 -8 -6 -5 -21 -15 -13
right_child=1 3 5 10 6 17 13 19 -10 22 -12 29 -14 14 -16 -17 -18 18 -20 27 -22 -23 -24 -25 -26 -27 -28 -29 -30 -31
leaf_value=-4.3008438386679888 1.5298999464965815 7.9320045149053335 -2.1890167476810936 10.854809740315314 3.9140769132971762 0.36293131109679894 3.4490019667716254 8.1266713523864755 -3.3048325058475188 3.3824978926332201 14.055551309168823 -0.93022553079558856 9.9501154039947082 7.3183953688106449 9.1342423472293586 13.394162843207353 6.4031567976209862 1.9626098786529742 0.57346948998561798 10.865904737472535 5.2586412048339852 9.2118615905761718 4.6067729906535444 2.7780104217352348 6.3457860025866282 5.2513167981191771 12.215979222456616 12.988828645433699 5.4649368009051766 1.127786500365646
leaf_weight=5025 151 262 231 92 90 359 21 20 574 214 246 317 142 187 86 119 135 57 69 200 20 125 162 192 58 363 192 28 37 27
leaf_count=5025 151 262 231 92 90 359 21 20 574 214 246 317 142 187 86 119 135 57 69 200 20 125 162 192 58 363 192 28 37 27
internal_value=2.26896e-08 7.65276 -3.57717 11.0362 4.80792 -0.354806 6.05905 9.44915 -4.19873 3.10785 12.9363 -1.33929 8.77615 7.18965 7.60093 12.2531 5.31109 0.766145 1.75761 10.8847 2.81872 8.3454 3.90998 2.22855 5.57575 4.98564 11.775 11.1266 7.01224 -0.768696
internal_weight=9801 3122 6679 1426 1696 1080 977 777 5599 719 649 575 529 389 310 403 588 505 146 248 77 387 376 343 79 453 284 228 224 344
internal_count=9801 3122 6679 1426 1696 1080 977 777 5599 719 649 575 529 389 310 403 588 505 146 248 77 387 376 343 79 453 284 228 224 344
is_linear=0
shrinkage=0.05


Tree=19
num_leaves=31
num_cat=0
split_feature=4 4 4 4 4 4 4 6 6 1 6 5 0 1 4 5 4 0 6 4 0 1 6 4 1 0 1 3 0 0
split_gain=9.68733e+07 8.90093e+06 7.20561e+06 1.24462e+06 1.08043e+06 504529 450446 268948 239274 199739 112084 106832 104100 103934 103049 94825.5 77279.2 72560.1 71418.2 68555.4 58898.3 55605 50767.2 47966.1 46977 46712.5 43773.9 40758.4 64769.9 38876.4
threshold=335.50000000000006 642.50000000000011 123.50000000000001 481.50000000000006 818.50000000000011 248.50000000000003 48.500000000000007 633.50000000000011 764.50000000000011 468.50000000000006 358.50000000000006 82.500000000000014 26.150000000000002 198.50000000000003 704.50000000000011 94.500000000000014 548.50000000000011 24.550000000000004 835.50000000000011 403.50000000000006 15.550000000000002 136.50000000000003 772.50000000000011 919.50000000000011 5.5000000000000009 26.050000000000004 609.50000000000011 25.500000000000004 18.350000000000005 18.350000000000005
decision_type=2 2 2 2 2 2 2 2 2 2 2 2 2 2 2 2 2 2 2 2 2 2 2 2 2 2 2 2 2 2
left_child=2 3 6 9 8 13 24 12 11 19 20 14 16 -4 -3 18 -5 -6 -10 25 -7 -8 29 -19 -1 -2 27 28 -11 -9
right_child=1 4 5 7 17 10 21 22 15 26 -12 -13 -14 -15 -16 -17 -18 23 -20 -21 -22 -23 -24 -25 -26 -27 -28 -29 -30 -31
leaf_value=-4.0966048887217168 2.5687026745132115 8.5566377195261296 -1.050901449465349 5.1890799298999823 11.836773966165151 0.036930563387932713 -2.6234898566085603 6.5218198508024221 10.637382043137842 2.8367111868974639 2.948184772634852 6.3076353340437921 7.148776400388785 0.20166515542352653 10.109943192310823 7.7926298659780757 6.4542333646442591 12.844960581670044 12.460490881430138 4.055127488247491 1.6294772719332979 -0.81172089253334301 10.69333972022647 14.200991246941385 -3.5658794311054969 3.8150132041793685 7.110136908072012 6.1477844406576718 5.2428360383618964 8.4815256997573467
leaf_weight=4869 233 236 322 254 136 77 428 32 196 41 138 33 199 341 195 23 230 244 74 253 236 47 21 89 456 111 27 51 88 121
leaf_count=4869 233 236 322 254 136 77 428 32 196 41 138 33 199 341 195 23 230 244 74 253 236 47 21 89 456 111 27 51 88 121
internal_value=-1.47452e-08 7.69269 -3.21215 5.30749 10.9242 0.47094 -3.91955 6.63317 9.75587 3.89441 1.76109 9.04948 6.1861 -0.40667 9.25941 10.8745 5.79029 12.8099 11.137 3.43035 1.2377 -2.44422 8.38806 13.2074 -4.05116 2.97086 5.23278 4.95118 4.4781 8.07165
internal_weight=9801 2887 6914 1661 1226 1114 5800 857 757 804 451 464 683 663 431 293 484 469 270 597 313 475 174 333 5325 344 207 180 129 153
internal_count=9801 2887 6914 1661 1226 1114 5800 857 757 804 451 464 683 663 431 293 484 469 270 597 313 475 174 333 5325 344 207 180 129 153
is_linear=0
shrinkage=0.05


Tree=20
num_leaves=31
num_cat=0
split_feature=4 4 6 4 1 4 4 6 4 1 4 6 5 3 4 1 1 6 4 0 0 6 6 6 4 3 0 2 5 4
split_gain=8.74308e+07 9.80343e+06 4.36979e+06 1.40299e+06 1.17823e+06 330967 302284 299112 246558 164714 130953 85379.5 74688.8 74596.6 108542 69682.2 67587.4 65261.6 64711.2 64066.3 60784.8 57185.2 55524.6 54526.3 49690.2 47938.5 62135.2 36534.5 45398.6 36300.3
threshold=292.50000000000006 597.50000000000011 113.50000000000001 786.50000000000011 479.50000000000006 45.500000000000007 393.50000000000006 736.50000000000011 204.50000000000003 605.50000000000011 883.50000000000011 367.50000000000006 99.500000000000014 97.500000000000014 686.50000000000011 194.50000000000003 555.50000000000011 284.50000000000006 478.50000000000006 24.650000000000002 19.950000000000003 553.50000000000011 835.50000000000011 563.50000000000011 508.50000000000006 25.500000000000004 18.850000000000005 50.500000000000007 36.500000000000007 5.5000000000000009
decision_type=2 2 2 2 2 2 2 2 2 2 2 2 2 2 2 2 2 2 2 2 2 2 2 2 2 2 2 2 2 2
left_child=2 4 5 7 6 29 11 13 15 18 19 -2 -11 14 21 -4 -15 -10 25 -5 -9 -3 -22 -20 27 26 -6 28 -8 -1
right_child=1 3 8 10 9 -7 24 20 17 12 -12 -13 -14 16 -16 -17 -18 -19 23 -21 22 -23 -24 -25 -26 -27 -28 -29 -30 -31
leaf_value=-3.8920483395301058 1.772063719935796 5.9342376050741779 -1.2475756913518452 10.20607265189842 2.4926802657371345 -2.4535152101308952 3.627299464380414 7.6709200700124107 0.42006239903957943 7.7550048135828096 12.749621470666035 3.0590184159298657 5.2708808975341999 7.7695709141817959 9.2574221084366979 -0.022192732605111343 3.7535031843185425 1.7468363733414343 5.3564319139096277 11.659041154524861 9.7550464263616821 7.8350425502857979 11.717033985682896 6.5917144326131734 5.2561664744121277 5.8302508563995366 4.982957607905071 4.2063625399813516 1.0217872642335439 -3.4127760390348216
leaf_weight=4865 277 46 314 108 43 459 82 30 291 135 231 241 39 22 134 184 20 136 268 255 255 283 42 134 82 50 60 264 21 430
leaf_count=4865 277 46 314 108 43 459 82 30 291 135 231 241 39 22 134 184 20 136 268 255 255 283 42 134 82 50 60 264 21 430
internal_value=-4.76674e-08 6.90727 -3.2287 9.96286 4.33812 -3.74148 3.19386 8.6377 -0.0389344 5.85594 11.819 2.37082 7.19822 7.87483 8.05785 -0.794824 5.85716 0.842641 5.43511 11.2268 9.81584 7.56928 10.0325 5.76819 4.14339 4.55997 3.94333 3.89476 3.09608 -3.85313
internal_weight=9801 3122 6679 1426 1696 5754 967 832 925 729 594 518 174 505 463 498 42 427 555 363 327 329 297 402 449 153 103 367 103 5295
internal_count=9801 3122 6679 1426 1696 5754 967 832 925 729 594 518 174 505 463 498 42 427 555 363 327 329 297 402 449 153 103 367 103 5295
is_linear=0
shrinkage=0.05


Tree=21
num_leaves=31
num_cat=0
split_feature=4 4 4 1 4 4 6 6 8 4 1 5 3 6 4 1 4 0 1 8 0 4 0 4 1 1 4 7 2 3
split_gain=7.89383e+07 7.24662e+06 5.87312e+06 1.01415e+06 888977 410245 364430 228282 196824 165919 151202 113893 155485 91735.5 91595.5 82412 65367.7 64996.4 62952 61933.2 56573.7 55858.5 52396.4 43654.3 40655.8 40358.4 39880.7 39673.3 38902.8 41028.8
threshold=335.50000000000006 642.50000000000011 123.50000000000001 485.50000000000006 818.50000000000011 248.50000000000003 51.500000000000007 633.50000000000011 4.5000000000000009 432.50000000000006 772.50000000000011 82.500000000000014 39.500000000000007 358.50000000000006 541.50000000000011 213.50000000000003 682.50000000000011 26.450000000000003 772.50000000000011 4.5000000000000009 26.050000000000004 674.50000000000011 15.550000000000002 548.50000000000011 136.50000000000003 818.50000000000011 12.500000000000002 14.500000000000002 44.500000000000007 4.5000000000000009
decision_type=2 2 2 2 2 2 2 2 2 2 2 2 2 2 2 2 2 2 2 2 2 2 2 2 2 2 2 2 2 2
left_child=2 3 6 9 8 15 26 14 11 20 21 16 -13 22 17 -4 -3 -5 -9 -6 -2 -10 -7 -11 -8 -12 -1 -21 29 -16
right_child=1 4 5 7 19 13 24 18 10 23 25 12 -14 -15 28 -17 -18 -19 -20 27 -22 -23 -24 -25 -26 -27 -28 -29 -30 -31
leaf_value=-3.6922208189244721 2.5284413338171734 6.7558776717032165 -0.83076528507240754 4.4910759384194838 10.407358981215436 -0.017128433770947644 -2.356864496388873 7.1520317186543982 7.680197493235271 4.1622537702322004 9.7909793315395248 8.2908181905746456 2.0561287343502044 2.6628714657240158 5.9466614207913802 0.30254586717141246 8.7170787966692895 5.9315758064013577 9.8024206418257496 12.112043286320379 3.7100678627555435 9.1109224152796475 1.4849461225634917 5.9859702110290529 -0.84746170353889472 11.191058761423285 -3.1514159030601627 10.833546779030248 6.4758328536734044 3.5803433356949919
leaf_weight=4970 321 62 391 229 92 77 414 162 102 290 124 20 20 138 62 272 135 119 26 301 148 206 236 37 50 88 366 76 241 26
leaf_count=4970 321 62 391 229 92 77 414 162 102 290 124 20 20 138 62 272 135 119 26 301 148 206 236 37 50 88 366 76 241 26
internal_value=4.52826e-08 6.94416 -2.8996 4.792 9.85994 0.425555 -3.53825 5.97718 8.80018 3.50409 9.34447 7.60595 5.17347 1.58892 5.54915 -0.365817 8.09985 4.98366 7.51857 11.5705 2.90132 8.63711 1.11543 4.36861 -2.19421 10.3721 -3.65513 11.8543 6.14729 5.24752
internal_weight=9801 2887 6914 1661 1226 1114 5800 865 757 796 520 237 40 451 677 663 197 348 188 469 469 308 313 327 464 212 5336 377 329 88
internal_count=9801 2887 6914 1661 1226 1114 5800 865 757 796 520 237 40 451 677 663 197 348 188 469 469 308 313 327 464 212 5336 377 329 88
is_linear=0
shrinkage=0.05


Tree=22
num_leaves=31
num_cat=0
split_feature=4 4 6 4 4 4 4 6 6 6 0 5 6 4 5 4 1 0 6 1 2 1 7 0 4 4 2 6 5 0
split_gain=7.12418e+07 6.54007e+06 5.3079e+06 919406 802302 385147 331122 207656 178257 152148 108507 87029.6 79747.5 78775.3 77376.8 71495.7 61131.4 58655.5 54465.3 43178.4 66027 42403 42290.3 42176.9 39564 39214 37448.4 36731.3 36263.5 34492.8
threshold=335.50000000000006 642.50000000000011 136.50000000000003 481.50000000000006 818.50000000000011 50.500000000000007 248.50000000000003 674.50000000000011 764.50000000000011 443.50000000000006 26.150000000000002 82.500000000000014 358.50000000000006 704.50000000000011 94.500000000000014 564.50000000000011 237.50000000000003 24.550000000000004 835.50000000000011 609.50000000000011 49.500000000000007 130.50000000000003 11.500000000000002 15.550000000000002 919.50000000000011 408.50000000000006 44.500000000000007 6.5000000000000009 7.5000000000000009 26.150000000000002
decision_type=2 2 2 2 2 2 2 2 2 2 2 2 2 2 2 2 2 2 2 2 2 2 2 2 2 2 2 2 2 2
left_child=2 3 5 9 8 27 16 10 11 25 15 13 23 -3 18 -5 -4 -6 -10 20 22 -7 -11 -8 -19 29 28 -1 -17 -2
right_child=1 4 6 7 17 21 12 -9 14 19 -12 -13 -14 -15 -16 26 -18 24 -20 -21 -22 -23 -24 -25 -26 -27 -28 -29 -30 -31
leaf_value=-3.5114828734481685 2.1237718534256733 7.3254901215181523 -0.55392169667383473 4.5501907092607938 10.116983626169317 -2.2125714293822716 0.02323216067420112 7.8578120345363818 9.1265082821554078 3.8254266793387277 6.2806686100412596 5.2757420424259074 2.529727900524934 8.6835857342451046 6.5417718317197711 5.9196531882652872 0.55873144290150978 11.020138803075572 10.718598907058304 6.1126546338752465 4.4383741718176841 -0.89449622742307033 1.2894367889050515 1.4085005739960692 12.251689327968641 3.4072731847593776 6.1963275113551743 -3.0375035303055977 3.2525892671346668 3.244483456948791
leaf_weight=4894 224 236 458 325 136 434 72 98 196 35 244 33 138 195 23 26 169 244 74 27 219 71 31 232 89 169 139 446 25 99
leaf_count=4894 224 236 458 325 136 434 72 98 196 35 244 33 138 195 23 26 169 244 74 27 219 71 31 232 89 169 139 446 25 99
internal_value=8.20551e-08 6.59696 -2.75462 4.5524 9.36694 -3.34708 0.484824 5.6918 8.36017 3.33789 5.41213 7.75046 1.53291 7.93994 9.32571 5.00064 -0.25402 10.9919 9.56286 4.20163 4.02058 -2.02726 2.63428 1.08041 11.3493 2.79016 5.77113 -3.4719 4.61227 2.46727
internal_weight=9801 2887 6914 1661 1226 5845 1069 857 757 804 759 464 442 431 293 515 627 469 270 312 285 505 66 304 333 492 190 5340 51 323
internal_count=9801 2887 6914 1661 1226 5845 1069 857 757 804 759 464 442 431 293 515 627 469 270 312 285 505 66 304 333 492 190 5340 51 323
is_linear=0
shrinkage=0.05


Tree=23
num_leaves=31
num_cat=0
split_feature=4 4 4 4 1 6 6 4 1 1 1 5 6 5 0 5 4 6 6 6 1 6 1 0 0 0 8 0 1 8
split_gain=6.43037e+07 7.45942e+06 2.96891e+06 1.02903e+06 944812 295586 228026 226215 137074 103178 89063.5 69876.2 79913.3 66843.7 57741.7 56383.8 58956.9 53858.8 53399.7 50441.1 46342.5 43512.3 40618.5 40537.9 35520.2 34736.7 33364.3 32207.8 47268.6 31808.4
threshold=283.50000000000006 597.50000000000011 78.500000000000014 786.50000000000011 468.50000000000006 185.00000000000003 674.50000000000011 384.50000000000006 605.50000000000011 896.50000000000011 14.500000000000002 99.500000000000014 775.50000000000011 99.500000000000014 26.150000000000002 74.500000000000014 682.50000000000011 258.50000000000006 540.50000000000011 447.50000000000006 152.50000000000003 906.50000000000011 285.50000000000006 19.650000000000002 27.150000000000002 16.250000000000004 10.500000000000002 19.150000000000002 660.50000000000011 4.5000000000000009
decision_type=2 2 2 2 2 2 2 2 2 2 2 2 2 2 2 2 2 2 2 2 2 2 2 2 2 2 2 2 2 2
left_child=2 4 10 6 7 20 15 14 18 21 -1 12 24 27 -2 16 25 -7 -6 -9 -4 29 -21 -19 -8 -3 -25 -10 -29 -5
right_child=1 3 5 9 8 17 11 19 13 -11 -12 -13 -14 -15 -16 -17 -18 23 -20 22 -22 -23 -24 26 -26 -27 -28 28 -30 -31
leaf_value=-3.3308759193687707 1.5588132661971499 4.9060529254731682 -1.6209114977055128 8.7058367529567686 4.2183889523067988 -0.047480468688133576 7.1946214317392423 3.0154768705776291 5.1688418687355746 10.938668331641034 -2.6637614083804673 5.8582669402613785 9.2546488504340179 4.3633896794074625 2.8153899692891802 4.0563953926165901 7.9095073113074683 0.22649504034114734 5.1724265740732109 6.1646531604585197 -0.5964429209568749 11.295727550282198 3.8097325225810077 1.1178808143116394 8.247495870057703 6.4884728302308661 3.0866818719440037 6.3752822555907791 8.6102590833391464 9.7641665746999351
leaf_weight=4995 374 42 342 106 370 336 135 292 27 239 556 33 137 39 121 24 65 112 243 21 163 34 143 106 197 199 27 73 35 215
leaf_count=4995 374 42 342 106 370 336 135 292 27 239 556 33 137 39 121 24 65 112 243 21 163 34 143 106 197 199 27 73 35 215
internal_value=5.77599e-08 5.86571 -2.79631 8.54592 3.66664 -0.405453 7.41102 2.60613 4.94814 10.1355 -3.26406 8.08215 8.23863 6.1867 1.86598 6.3901 6.57313 0.363597 4.59658 3.40958 -1.29024 9.59484 4.11128 0.92736 7.81937 6.2127 1.51756 6.71343 7.09958 9.41469
internal_weight=9801 3164 6637 1426 1738 1086 832 951 787 594 5551 502 469 174 495 330 306 581 613 456 505 355 164 245 332 241 133 135 108 321
internal_count=9801 3164 6637 1426 1738 1086 832 951 787 594 5551 502 469 174 495 330 306 581 613 456 505 355 164 245 332 241 133 135 108 321
is_linear=0
shrinkage=0.05


Tree=24
num_leaves=31
num_cat=0
split_feature=4 4 4 4 4 4 6 6 8 1 1 5 3 0 4 4 4 0 0 3 4 2 5 1 6 5 2 0 5 4
split_gain=5.80597e+07 5.32375e+06 4.32822e+06 754210 660057 317268 266100 170092 157729 122338 114612 92958.1 138695 90485.7 74946.8 59694.4 51045.4 48999.8 42806.3 52130.4 42771.2 40481.1 42099.1 36187.8 36021.4 69299.7 34233.4 36460 35884 33963
threshold=335.50000000000006 642.50000000000011 131.50000000000003 481.50000000000006 818.50000000000011 53.500000000000007 284.50000000000006 674.50000000000011 4.5000000000000009 459.50000000000006 772.50000000000011 82.500000000000014 39.500000000000007 26.150000000000002 204.50000000000003 564.50000000000011 679.50000000000011 24.550000000000004 18.350000000000005 25.500000000000004 674.50000000000011 57.500000000000007 56.500000000000007 4.5000000000000009 428.50000000000006 99.500000000000014 40.500000000000007 17.550000000000004 41.500000000000007 919.50000000000011
decision_type=2 2 2 2 2 2 2 2 2 2 2 2 2 2 2 2 2 2 2 2 2 2 2 2 2 2 2 2 2 2
left_child=2 3 5 9 8 23 14 13 11 21 20 16 -13 15 -4 -5 -3 -6 19 -11 -10 22 -2 -1 -8 -26 -17 -28 -29 -19
right_child=1 4 6 7 17 -7 24 -9 10 18 -12 12 -14 -15 -16 26 -18 29 -20 -21 -22 -23 -24 -25 25 -27 27 28 -30 -31
leaf_value=-3.1714870611007102 2.4082056907832925 5.641448537952134 -0.61683257635838051 4.1022702326041003 9.1288208358428058 -1.7574577517514667 1.3054009610787034 7.1030871247758673 6.5754809734868065 2.0542020626787871 8.9234012455310463 7.2190073394775398 1.3305720114707948 5.6827771267319314 0.40556712638513714 3.6365403487764554 7.4257898574179793 9.9501751633941158 4.433429576171811 4.462661183186067 7.8274316185886423 2.9676617605194497 0.64716282497818878 -2.7403447776096366 4.1311695158481596 1.1248320845569053 4.8000844387814059 5.4400861905968716 7.685896163151182 11.091226676340854
leaf_weight=4849 197 56 360 325 136 458 272 98 102 53 212 20 20 244 357 29 141 244 157 39 206 317 41 541 36 41 86 46 29 89
leaf_count=4849 197 56 360 325 136 458 272 98 102 53 212 20 20 244 357 29 141 244 157 39 206 317 41 541 36 41 86 46 29 89
internal_value=-4.86294e-08 5.95544 -2.48674 4.11078 8.4546 -3.02086 0.443374 5.14275 7.54143 3.01078 8.02868 6.47236 4.27479 4.88964 -0.107772 4.51386 6.91857 9.92853 3.93159 3.07518 7.41282 2.59766 2.10483 -3.12821 1.57567 2.53039 5.2179 5.50275 6.30847 10.2551
internal_weight=9801 2887 6914 1661 1226 5848 1066 857 757 804 520 237 40 759 717 515 197 469 249 92 308 555 238 5390 349 77 190 161 75 333
internal_count=9801 2887 6914 1661 1226 5848 1066 857 757 804 520 237 40 759 717 515 197 469 249 92 308 555 238 5390 349 77 190 161 75 333
is_linear=0
shrinkage=0.05


Tree=25
num_leaves=31
num_cat=0
split_feature=4 4 4 4 1 4 4 6 1 1 4 5 6 1 8 1 0 6 2 3 5 1 6 6 0 4 3 4 2 0
split_gain=5.23996e+07 6.18819e+06 2.30202e+06 840340 798654 224948 197427 192711 115144 80522 72048.2 68655.3 77076.6 63929 59990.3 51611.5 50872.5 46995.4 43481.2 43191.6 43067.9 57439.5 39396 39090.8 38010.5 34707.7 34606.7 33179.4 37778.3 29924.1
threshold=277.50000000000006 597.50000000000011 78.500000000000014 797.50000000000011 468.50000000000006 175.50000000000003 384.50000000000006 674.50000000000011 605.50000000000011 896.50000000000011 14.500000000000002 94.500000000000014 801.50000000000011 348.50000000000006 4.5000000000000009 640.50000000000011 26.150000000000002 529.50000000000011 53.500000000000007 16.500000000000004 74.500000000000014 678.50000000000011 148.50000000000003 475.50000000000006 19.350000000000005 902.00000000000011 12.500000000000002 396.50000000000006 39.500000000000007 27.150000000000002
decision_type=2 2 2 2 2 2 2 2 2 2 2 2 2 2 2 2 2 2 2 2 2 2 2 2 2 2 2 2 2 2
left_child=2 4 10 7 6 22 16 20 17 24 -1 12 29 -7 26 -16 -2 27 -8 -13 21 -3 -4 -20 -5 -26 -10 -6 -29 -9
right_child=1 3 5 9 8 13 18 11 14 -11 -12 19 -14 -15 15 -17 -18 -19 23 -21 -22 -23 -24 -25 25 -27 -28 28 -30 -31
leaf_value=-3.0061082278666902 1.3747139497724412 5.699794465281264 -1.5011790344556237 6.60404245376587 2.1529629213362931 0.12716047833735852 2.3964353749565048 6.6381971604072012 5.4426358931405208 9.9313905711901391 -2.4027028588866495 6.992013422648113 8.826620307665193 1.9861920197804768 5.4084499678244962 7.611257140503989 2.5299833314759392 4.6149028762181601 3.1336793527155802 3.7851909955342613 3.8019232645034791 7.7530463487674028 -0.60222456609040054 4.5171935494129469 8.6666406485571787 10.385109485279431 3.1069906530709104 2.4664399024844172 4.1170142980722284 7.5294381767511371
leaf_weight=5002 391 269 317 20 30 496 153 149 35 236 549 21 89 51 65 45 126 285 238 21 25 39 198 65 268 33 29 40 260 256
leaf_count=5002 391 269 317 20 30 496 153 149 35 236 549 21 89 51 65 45 126 285 238 21 25 39 198 65 268 33 29 40 260 256
internal_value=1.90668e-08 5.26549 -2.53839 7.71419 3.28374 -0.4056 2.32516 6.74244 4.46587 9.23026 -2.94643 7.32932 7.49433 0.300489 5.60144 6.3096 1.65627 4.14458 3.08353 5.3886 5.79778 5.95978 -1.15556 3.43047 8.71479 8.85504 4.3843 3.73839 3.89694 7.20155
internal_weight=9801 3188 6613 1426 1762 1062 973 869 789 557 5551 536 494 547 174 110 517 615 456 42 333 308 515 303 321 301 64 330 300 405
internal_count=9801 3188 6613 1426 1762 1062 973 869 789 557 5551 536 494 547 174 110 517 615 456 42 333 308 515 303 321 301 64 330 300 405
is_linear=0
shrinkage=0.05


Tree=26
num_leaves=31
num_cat=0
split_feature=4 4 6 4 4 1 4 6 8 6 1 0 1 0 6 4 4 4 1 8 0 0 1 2 6 2 0 5 7 4
split_gain=4.73117e+07 4.33739e+06 3.52817e+06 618297 539705 255799 223756 140303 132268 101878 100652 82496.7 115154 76261.6 58096.9 49642.9 48900.2 43875.7 43617.4 42420.1 35885.5 34123.8 33818.8 52510.6 34488.1 30198.4 32534.8 32046.6 28741.7 26903
threshold=335.50000000000006 642.50000000000011 136.50000000000003 481.50000000000006 818.50000000000011 54.500000000000007 248.50000000000003 674.50000000000011 4.5000000000000009 436.50000000000006 818.50000000000011 24.250000000000004 757.50000000000011 26.150000000000002 358.50000000000006 686.50000000000011 564.50000000000011 710.50000000000011 213.50000000000003 4.5000000000000009 15.550000000000002 15.65 609.50000000000011 49.500000000000007 482.50000000000006 40.500000000000007 17.550000000000004 41.500000000000007 14.500000000000002 428.50000000000006
decision_type=2 2 2 2 2 2 2 2 2 2 2 2 2 2 2 2 2 2 2 2 2 2 2 2 2 2 2 2 2 2
left_child=2 3 5 9 8 -1 18 13 11 21 15 17 -13 16 20 -10 -5 -3 -4 -6 -8 -2 23 24 -11 -18 -27 -28 -21 -23
right_child=1 4 6 7 19 -7 14 -9 10 22 -12 12 -14 -15 -16 -17 25 -19 -20 28 -22 29 -24 -25 -26 26 27 -29 -30 -31
leaf_value=-2.8263215127704444 1.3760430125089793 5.593827108177571 -0.59298671353744925 3.6979743401087251 8.0020092964172367 -1.6169461015551236 -0.10350654121074412 6.4257734031093365 6.1517877300290298 3.1299286910465787 8.7935443314639006 6.3132931795987224 1.0711567068099976 5.1436134393097923 2.108674308312112 7.3035663108502407 3.2224690305775612 7.1043829075125764 0.24429837051075656 9.4188855263085856 1.1742735006701972 2.2484282731985856 5.0867062268433756 3.5985156335799995 0.89401230549111088 4.3114840219880257 4.9157231475995937 7.0380578994750982 8.3306908005162281 3.3094872764638952
leaf_weight=5369 91 109 341 325 92 476 72 98 137 35 88 22 20 244 138 295 29 86 286 301 232 310 27 233 34 86 46 29 76 74
leaf_count=5369 91 109 341 325 92 476 72 98 137 35 88 22 20 244 138 295 29 86 286 301 232 310 27 233 34 86 46 29 76 74
internal_value=-2.05984e-09 5.37601 -2.2448 3.71099 7.63181 -2.72783 0.396293 4.64536 6.80607 2.71502 7.25227 5.82709 3.81704 4.41548 1.25786 6.9383 4.0705 6.26002 -0.211067 8.96461 0.871641 2.2466 3.3913 3.23973 2.02817 4.70772 4.97525 5.73636 9.19951 2.4529
internal_weight=9801 2887 6914 1661 1226 5845 1069 857 757 804 520 237 42 759 442 432 515 195 627 469 304 475 329 302 69 190 161 75 377 384
internal_count=9801 2887 6914 1661 1226 5845 1069 857 757 804 520 237 42 759 442 432 515 195 627 469 304 475 329 302 69 190 161 75 377 384
is_linear=0
shrinkage=0.05


Tree=27
num_leaves=31
num_cat=0
split_feature=4 4 4 1 4 4 4 6 8 4 1 5 3 5 1 0 1 1 6 4 4 0 0 2 3 4 1 0 8 4
split_gain=4.26988e+07 3.91449e+06 3.19065e+06 558803 487084 233172 199688 130625 119372 96151.2 90838.7 77692.6 122139 63245.7 51947.3 51130.2 49984.2 49813.9 44930.1 44802.7 42845.3 40125.3 39868.6 31615.1 40497.4 31008.9 30816.2 29897.9 29073.3 32055.7
threshold=335.50000000000006 642.50000000000011 131.50000000000003 485.50000000000006 818.50000000000011 57.500000000000007 261.50000000000006 633.50000000000011 4.5000000000000009 432.50000000000006 818.50000000000011 82.500000000000014 39.500000000000007 96.500000000000014 605.50000000000011 19.150000000000002 256.50000000000006 772.50000000000011 358.50000000000006 686.50000000000011 679.50000000000011 26.050000000000004 24.550000000000004 38.500000000000007 1.0000000180025095e-35 4.5000000000000009 285.50000000000006 16.050000000000004 2.5000000000000004 535.50000000000011
decision_type=2 2 2 2 2 2 2 2 2 2 2 2 2 2 2 2 2 2 2 2 2 2 2 2 2 2 2 2 2 2
left_child=2 3 5 9 8 25 16 13 11 21 19 20 -13 14 23 -15 -4 -9 27 -10 -3 -2 -6 24 -5 -1 -11 -8 29 -25
right_child=1 4 6 7 22 -7 18 17 10 26 -12 12 -14 15 -16 -17 -18 -19 -20 -21 -22 -23 -24 28 -26 -27 -28 -29 -30 -31
leaf_value=-2.7219043825558145 1.7965315597822362 4.7736109699521752 -0.35982989460541481 3.95945470596061 7.7950200680424189 -1.4760333973270614 0.039535445761349465 5.2451135686886161 5.8441983696318021 4.7834831731072791 8.3538671255111705 6.2896105194091803 0.76377410709857951 3.5429544020672235 5.2074181916420921 0.59412065233503075 0.68739769736240652 7.6027670365113487 2.0444700444432407 6.9383879584781205 6.4083601505198375 2.7916673276875472 8.8109882108442061 2.5117455149690313 1.1668098540533156 -2.3344099740668565 3.0761193727761906 1.2386302627981667 4.4296344116523674 4.1386679050399042
leaf_weight=4836 321 56 532 34 136 434 72 162 137 29 88 20 20 49 114 21 145 26 130 295 141 148 333 48 21 578 298 187 308 82
leaf_count=4836 321 56 532 34 136 434 72 162 137 29 88 20 20 49 114 21 145 26 130 295 141 148 333 48 21 578 298 187 308 82
internal_value=-2.42871e-08 5.10721 -2.13256 3.52544 7.25022 -2.59115 0.383203 4.4052 6.46577 2.56942 6.88965 5.53573 3.52669 4.08141 4.24552 2.6583 -0.135534 5.57117 1.28599 6.59139 5.94366 2.11056 8.51638 4.0231 2.89317 -2.68054 3.22754 0.905291 4.16498 3.53796
internal_weight=9801 2887 6914 1661 1226 5848 1066 865 757 796 520 237 40 677 607 70 677 188 389 432 197 469 469 493 55 5414 327 259 438 130
internal_count=9801 2887 6914 1661 1226 5848 1066 865 757 796 520 237 40 677 607 70 677 188 389 432 197 469 469 493 55 5414 327 259 438 130
is_linear=0
shrinkage=0.05


Tree=28
num_leaves=31
num_cat=0
split_feature=4 6 6 6 4 1 6 6 4 4 8 0 4 2 5 4 2 1 1 5 6 0 5 5 1 0 0 4 4 0
split_gain=3.85384e+07 3.39531e+06 3.09146e+06 511862 434435 207111 200955 106080 103115 69946.5 66199.9 54869.5 54725 53239.3 52117.1 56880.5 50800.6 46771.6 46103.5 45360.7 79087.7 69280.1 42792.5 39400.1 76169 35599.7 31065.1 28377.3 27475.7 28315.6
threshold=346.50000000000006 633.50000000000011 136.50000000000003 805.50000000000011 521.50000000000011 58.500000000000007 305.50000000000006 436.50000000000006 700.50000000000011 204.50000000000003 4.5000000000000009 15.050000000000002 682.50000000000011 49.500000000000007 85.500000000000014 553.50000000000011 52.500000000000007 760.50000000000011 902.50000000000011 99.500000000000014 426.50000000000006 19.750000000000004 85.500000000000014 10.500000000000002 809.50000000000011 24.550000000000004 16.550000000000004 12.500000000000002 432.50000000000006 26.150000000000002
decision_type=2 2 2 2 2 2 2 2 2 2 2 2 2 2 2 2 2 2 2 2 2 2 2 2 2 2 2 2 2 2
left_child=2 4 5 8 7 27 9 28 11 -4 23 -3 25 -9 17 -16 -14 -13 -12 20 -8 26 -22 -5 -25 -6 -21 -1 29 -2
right_child=1 3 6 10 12 -7 19 13 -10 -11 18 14 16 -15 15 -17 -18 -19 -20 21 22 -23 -24 24 -26 -27 -28 -29 -30 -31
leaf_value=-2.5807562767248284 1.5739445750723409 2.8010573863983157 -0.52361207102235185 8.1931010026198177 3.9399119330554448 -1.405224419993051 1.3890783280290235 2.249197431274895 6.5333900899121957 0.42502489561526258 7.7055611409062639 5.5432645114151748 3.8987582615443639 3.4738336407272508 2.1772795990757321 5.3967598035055051 6.9931904792785646 7.6184686533610027 8.6888127447621333 0.94311653826687791 2.2329223654099875 2.876550653934479 5.4645502257347109 7.9670961856842046 4.2408403351902964 4.824348278816589 -1.0126019781165654 -2.1639898242307516 2.7287149432989271 2.5702858190910494
leaf_weight=4971 237 20 377 26 357 429 191 118 349 401 283 286 21 358 23 34 36 30 206 37 21 25 20 24 32 167 45 445 130 102
leaf_count=4971 237 20 377 26 357 429 191 118 349 401 283 286 21 358 23 34 36 30 206 37 21 25 20 24 32 167 45 445 130 102
internal_value=-1.24818e-08 4.90982 -2.00215 6.77393 3.3059 -2.46275 0.408032 2.64441 5.90791 -0.0346617 7.89931 5.35246 4.38183 3.17025 5.48926 4.09767 5.85314 5.74028 8.11977 1.42401 1.81679 0.572355 3.80933 6.58461 5.83781 4.22178 -0.130144 -2.54651 2.11072 1.87373
internal_weight=9801 2839 6962 1313 1526 5845 1117 945 742 778 571 393 581 476 373 57 57 316 489 339 232 107 41 82 56 524 82 5416 469 339
internal_count=9801 2839 6962 1313 1526 5845 1117 945 742 778 571 393 581 476 373 57 57 316 489 339 232 107 41 82 56 524 82 5416 469 339
is_linear=0
shrinkage=0.05


Tree=29
num_leaves=31
num_cat=0
split_feature=4 4 4 4 1 6 4 1 5 1 6 5 3 1 6 0 1 2 6 1 3 0 6 0 5 6 0 0 0 5
split_gain=3.47979e+07 4.33347e+06 1.33734e+06 727545 425283 179533 142187 122375 76937.6 70049.9 66250.6 64021.6 58191.7 48208.8 47746.3 46212 40718.4 37284.4 37251.5 36999.6 35014.4 34744.9 36428.2 29290.1 29097.5 28852.9 27371.6 24778.4 23929.9 23310.5
threshold=267.50000000000006 567.50000000000011 78.500000000000014 712.50000000000011 472.50000000000006 835.50000000000011 369.50000000000006 189.50000000000003 74.500000000000014 674.50000000000011 732.50000000000011 96.500000000000014 47.500000000000007 830.50000000000011 16.500000000000004 16.050000000000004 605.50000000000011 78.500000000000014 416.50000000000006 925.50000000000011 26.500000000000004 15.950000000000001 702.50000000000011 16.650000000000002 28.500000000000004 205.50000000000003 16.950000000000003 26.050000000000004 19.650000000000002 82.500000000000014
decision_type=2 2 2 2 2 2 2 2 2 2 2 2 2 2 2 2 2 2 2 2 2 2 2 2 2 2 2 2 2 2
left_child=2 4 14 9 6 8 15 25 13 21 11 16 20 -5 -1 -2 27 26 28 -7 -11 -3 -23 -13 -17 -4 -8 29 -9 -6
right_child=1 3 7 5 10 19 17 18 -10 12 -12 23 -14 -15 -16 24 -18 -19 -20 -21 -22 22 -24 -25 -26 -27 -28 -29 -30 -31
leaf_value=-2.4490126013542373 0.3580017400443809 3.5397412813023514 -1.038248353751331 6.2406577983575877 3.0372855142683242 7.4317544666267707 1.8030573124344322 -0.36219030800492652 3.5424811522165935 5.6270901579074764 6.2474897112165184 3.7965422811962313 3.386631704259802 7.8466503249274355 -1.9474729440964134 0.85088416323310045 4.7876404047012331 4.5143840312957764 1.9058005283618795 8.4162071156322522 7.6932619343633242 4.5953565841738406 6.7880529594421395 1.6639030629310056 1.7823838027694554 0.42813619706365796 2.5722222645667152 3.9517516052021699 0.37893869133703412 4.7676457541329524
leaf_weight=5027 117 76 492 347 266 338 174 193 24 189 21 21 27 54 524 122 64 20 29 133 23 358 20 69 268 36 345 153 250 21
leaf_count=5027 117 76 492 347 266 338 174 193 24 189 21 21 27 54 524 122 64 20 29 133 23 358 20 69 268 36 345 153 250 21
internal_value=9.24856e-09 4.22984 -2.09845 6.09651 2.44408 7.03743 1.8306 -0.415305 6.29235 4.87998 3.48748 3.3899 5.57282 6.45693 -2.40167 1.22953 3.60926 2.39599 0.169704 7.70974 5.85125 4.51524 4.71137 2.16152 1.49099 -0.938268 2.31435 3.43786 0.056054 3.1639
internal_weight=9801 3250 6551 1589 1661 896 1046 1000 425 693 615 594 239 401 5551 507 504 539 472 471 212 454 378 90 390 528 519 440 443 287
internal_count=9801 3250 6551 1589 1661 896 1046 1000 425 693 615 594 239 401 5551 507 504 539 472 471 212 454 378 90 390 528 519 440 443 287
is_linear=0
shrinkage=0.05


Tree=30
num_leaves=31
num_cat=0
split_feature=4 4 4 6 4 4 4 6 6 6 2 0 0 0 4 4 1 1 2 1 1 0 1 5 8 5 0 0 3 4
split_gain=3.14051e+07 3.91096e+06 1.20695e+06 657024 387615 110641 109629 94556.3 84050.3 83892.5 80438.8 70606.3 52356 45007.3 43260.3 41660.8 41169.3 41057 36185.9 35176.8 29866.6 29542.1 25099.9 24403.2 23101.6 22313.6 21669 21491.2 28723.4 21780.6
threshold=267.50000000000006 567.50000000000011 78.500000000000014 768.50000000000011 423.50000000000006 175.50000000000003 700.50000000000011 880.50000000000011 732.50000000000011 367.50000000000006 35.500000000000007 17.950000000000003 20.250000000000004 15.950000000000001 16.500000000000004 902.00000000000011 532.50000000000011 340.50000000000006 49.500000000000007 818.50000000000011 643.50000000000011 16.050000000000004 130.50000000000003 79.500000000000014 4.5000000000000009 46.500000000000007 21.750000000000004 24.550000000000004 2.5000000000000004 948.50000000000011
decision_type=2 2 2 2 2 2 2 2 2 2 2 2 2 2 2 2 2 2 2 2 2 2 2 2 2 2 2 2 2 2
left_child=2 4 14 6 9 22 13 12 11 21 -8 18 -5 -3 -1 -14 26 24 -6 -12 -15 -2 -4 -18 -7 -23 -13 28 -9 -29
right_child=1 3 5 7 8 17 10 27 -10 -11 19 16 15 20 -16 -17 23 -19 -20 -21 -22 25 -24 -25 -26 -27 -28 29 -30 -31
leaf_value=-2.326460054356259 0.36006785757369825 3.3898889498578182 -1.2560234438322369 4.1977444114685056 1.5347584090417339 -0.45771199351265318 2.6623596191406254 5.2201061975388301 6.3022828042507175 2.0516750149428846 5.7810500124644806 3.5742820094613474 6.4132476125629303 4.2900648157098402 -1.8474201803597119 8.3814196356411639 4.1404339227411482 1.6223375037659047 2.7577795008818313 7.9699899864196784 5.0490654546426121 1.0064727533228544 -0.55788815682861803 2.6419584251940251 0.28697177991644907 1.9243238188922405 2.6621079964770211 7.609571513625494 7.6311354970932008 9.1645428161621094
leaf_weight=5031 111 81 256 25 84 168 20 21 20 440 223 102 369 268 520 29 180 43 216 20 251 196 259 32 274 100 180 227 30 25
leaf_count=5031 111 81 256 25 84 168 20 21 20 440 223 102 369 268 520 29 180 43 216 20 251 196 259 32 274 100 180 227 30 25
internal_value=9.82516e-09 4.01834 -1.99353 5.79169 2.32187 -0.39454 4.85916 6.90019 3.10101 1.57309 5.71035 3.02037 6.41724 4.48606 -2.28159 6.55666 3.38781 0.147413 2.41533 5.96121 4.65713 1.0557 -0.904922 3.91425 0.00392455 1.31656 2.99204 7.5744 6.63836 7.76383
internal_weight=9801 3250 6551 1589 1661 1000 863 726 814 847 263 794 423 600 5551 398 494 485 300 243 519 407 515 212 442 296 282 303 51 252
internal_count=9801 3250 6551 1589 1661 1000 863 726 814 847 263 794 423 600 5551 398 494 485 300 243 519 407 515 212 442 296 282 303 51 252
is_linear=0
shrinkage=0.05


Tree=31
num_leaves=31
num_cat=0
split_feature=4 6 4 4 4 6 6 6 6 5 1 1 0 2 0 4 4 6 4 0 5 6 0 0 8 1 0 6 8 0
split_gain=2.83581e+07 2.50447e+06 2.27404e+06 382034 324075 154170 148815 104932 80684.6 58168.6 63212.9 52774.7 45873.5 45543.5 41710.4 39316 38627.3 35984 31192.8 27217.9 26396.2 63833.1 51479.1 43981.2 25955.8 24172.5 22499.8 22315 21741.1 21316.6
threshold=346.50000000000006 633.50000000000011 131.50000000000003 818.50000000000011 521.50000000000011 46.500000000000007 284.50000000000006 739.50000000000011 436.50000000000006 88.500000000000014 754.50000000000011 702.50000000000011 19.950000000000003 49.500000000000007 15.950000000000001 633.50000000000011 204.50000000000003 835.50000000000011 931.50000000000011 24.850000000000005 99.500000000000014 426.50000000000006 19.750000000000004 17.950000000000003 3.5000000000000004 119.50000000000001 24.550000000000004 575.50000000000011 9.5000000000000018 15.65
decision_type=2 2 2 2 2 2 2 2 2 2 2 2 2 2 2 2 2 2 2 2 2 2 2 2 2 2 2 2 2 2
left_child=2 4 5 7 8 -1 16 9 29 10 14 -11 -9 -10 -3 19 -4 -14 26 -6 21 -8 23 -22 -17 -7 -5 -26 -16 -2
right_child=1 3 6 18 15 25 20 12 13 11 -12 -13 17 -15 28 24 -18 -19 -20 -21 22 -23 -24 -25 27 -27 -28 -29 -30 -31
leaf_value=-2.1952531097606811 1.1150363662320635 2.4627104146139964 -0.43724024551744761 6.1493987814894 3.2796556403823929 -1.4835648421853582 1.0949466434433874 4.0659582276093333 1.8695628237926354 4.466758736280295 6.88286247253418 1.0967167150406609 5.6288493830962203 3.002235022420324 4.984132792365795 4.050798147107348 0.29220675614362207 6.7641099314557183 7.83446440918501 4.0946504029360682 0.57446859743860035 3.2740716769145091 2.2662831574678424 -2.0364194128824318 6.7884767913818367 -0.65350052210579224 7.0179849808304402 4.42653865814209 3.973610779117136 1.9639248824957514
leaf_weight=5290 92 21 360 103 306 449 243 38 118 26 34 21 311 358 245 81 366 90 86 154 54 39 29 23 20 109 270 20 68 377
leaf_count=5290 92 21 360 103 306 449 243 38 118 26 34 21 311 358 245 81 366 90 86 154 54 39 29 23 20 109 270 20 68 377
internal_value=-4.10691e-08 4.21171 -1.71747 5.8127 2.83418 -2.11187 0.352969 5.18743 2.26285 4.6174 4.82895 2.961 5.72631 2.72145 4.61987 3.76345 -0.0695025 5.88365 6.97605 3.5525 1.14347 1.39631 0.47081 -0.205407 4.56541 -1.32142 6.77813 5.60751 4.76459 1.79741
internal_weight=9801 2839 6962 1313 1526 5848 1114 854 945 415 368 47 439 476 334 581 726 401 459 460 388 282 106 77 121 558 373 40 313 469
internal_count=9801 2839 6962 1313 1526 5848 1114 854 945 415 368 47 439 476 334 581 726 401 459 460 388 282 106 77 121 558 373 40 313 469
is_linear=0
shrinkage=0.05


Tree=32
num_leaves=31
num_cat=0
split_feature=4 4 6 4 4 4 4 6 8 0 1 1 1 0 1 1 0 0 3 3 6 2 2 1 4 5 5 4 4 3
split_gain=2.55939e+07 2.34535e+06 1.91539e+06 345769 301022 144596 108286 82407.6 80206.2 76312.3 103159 59505.4 58715 43666.9 35147.3 34926.9 33461.7 32280.5 38544.6 31982.3 37012.7 34981 31958.9 29936.3 29813.6 51668.3 29730 28930.2 28737.6 28617.1
threshold=335.50000000000006 642.50000000000011 119.50000000000001 481.50000000000006 818.50000000000011 248.50000000000003 48.500000000000007 674.50000000000011 4.5000000000000009 24.250000000000004 757.50000000000011 472.50000000000006 818.50000000000011 26.150000000000002 472.50000000000006 194.50000000000003 16.650000000000002 22.150000000000002 25.500000000000004 47.500000000000007 760.50000000000011 58.500000000000007 48.500000000000007 510.50000000000006 548.50000000000011 77.500000000000014 7.5000000000000009 931.50000000000011 674.50000000000011 7.5000000000000009
decision_type=2 2 2 2 2 2 2 2 2 2 2 2 2 2 2 2 2 2 2 2 2 2 2 2 2 2 2 2 2 2
left_child=2 3 6 11 8 15 -1 13 9 19 -11 -2 28 22 16 -4 -7 18 23 20 -3 -21 26 -13 25 -24 -5 -6 -10 -28
right_child=1 4 5 7 27 14 -8 -9 12 10 -12 17 -14 -15 -16 -17 -18 -19 -20 21 -22 -23 24 -25 -26 -27 29 -29 -30 -31
leaf_value=-2.0829744862336184 1.7423235967169042 4.7099878490561311 -0.60786517891540848 3.1854666323728966 6.4208171628532611 0.15218724863271613 -1.2841556586034257 4.7929376529795782 4.3886578886014114 4.6632523536682129 -0.29835815429687501 2.8213547605734606 6.5208054558797315 3.8032435921616243 2.6826720502641468 0.10623455665844952 1.1217025397702378 3.4555235049941326 3.4895223524835375 4.850111752587396 6.8943964918454483 2.6109919042298291 3.1862035773648238 0.68139937357469049 3.7610514804813437 0.89350410072967934 2.5721597924276636 7.4310947511387972 5.3363678070116629 0.79471870935880229
leaf_weight=5321 610 101 318 71 382 129 461 98 106 22 20 26 88 244 27 371 287 88 36 37 24 33 161 44 161 29 54 87 326 39
leaf_count=5321 610 101 318 71 382 129 461 98 106 22 20 26 88 244 27 371 287 88 36 37 24 33 161 44 161 29 54 87 326 39
internal_value=1.54479e-08 3.95407 -1.65106 2.72971 5.61285 0.229775 -2.01928 3.42845 4.99617 4.23382 2.30058 1.9849 5.34362 3.25227 0.934521 -0.22335 0.82106 2.74766 2.16 4.65021 5.12939 3.79453 2.99122 1.47624 3.26045 2.83627 2.41499 6.60822 5.10383 1.82678
internal_weight=9801 2887 6914 1661 1226 1132 5782 857 757 237 42 804 520 759 443 689 416 194 106 195 125 70 515 70 351 190 164 469 432 93
internal_count=9801 2887 6914 1661 1226 1132 5782 857 757 237 42 804 520 759 443 689 416 194 106 195 125 70 515 70 351 190 164 469 432 93
is_linear=0
shrinkage=0.05


Tree=33
num_leaves=31
num_cat=0
split_feature=4 4 6 4 4 4 4 5 6 6 3 0 4 2 1 5 0 2 0 6 0 5 0 8 4 0 4 8 0 4
split_gain=2.31066e+07 1.97852e+06 1.94127e+06 311709 241630 130908 125147 80254.6 81834.7 58933.4 55683.3 44456.3 40537.7 38962.2 95894 68018.5 37947.4 34943.2 33507.9 33092.5 32439.6 28941.1 24346.9 23789.5 23532.5 23111 21334.8 20988.1 20481.4 18849.8
threshold=355.50000000000006 131.50000000000003 633.50000000000011 797.50000000000011 535.50000000000011 261.50000000000006 57.500000000000007 99.500000000000014 768.50000000000011 440.50000000000006 19.500000000000004 15.050000000000002 875.50000000000011 38.500000000000007 688.50000000000011 11.500000000000002 16.050000000000004 49.500000000000007 24.550000000000004 440.50000000000006 24.950000000000003 28.500000000000004 15.65 9.5000000000000018 428.50000000000006 23.850000000000005 682.50000000000011 3.5000000000000004 17.550000000000004 3.5000000000000004
decision_type=2 2 2 2 2 2 2 2 2 2 2 2 2 2 2 2 2 2 2 2 2 2 2 2 2 2 2 2 2 2
left_child=1 6 4 7 9 19 29 8 11 22 -9 -4 18 15 26 -6 -7 -11 -5 25 -10 -18 -2 -13 -24 -3 28 -26 -15 -1
right_child=2 5 3 12 13 16 -8 10 20 17 -12 23 -14 14 -16 -17 21 -19 -20 -21 -22 -23 24 -25 27 -27 -28 -29 -30 -31
leaf_value=-2.0053910223450968 0.99235949218273167 -0.37080025780187165 2.3178413458168508 4.8365909106022613 3.6661295385921706 0.19693818691576648 -1.0896247218692385 4.2722049488340108 7.1344047037760419 1.7997908373363316 1.3366200414299965 4.6742361907584078 6.6170094984908436 2.8905202294876373 6.3169121511520885 0.14552236225294032 0.54343241967812739 2.7569022511077281 6.0723752026288018 1.9077948302030565 5.3478314135448048 1.5177459912676667 1.6377795146206233 3.7105583808924028 1.8366667794187865 0.2541266132746306 4.7975160598754885 3.1705202151989118 3.6261350124113023 -1.7109581356919805
leaf_weight=4801 90 432 24 74 34 117 434 35 30 128 30 407 258 153 31 23 108 374 212 20 166 259 254 76 60 225 27 58 248 613
leaf_count=4801 90 432 24 74 34 117 434 35 30 128 30 407 258 153 31 23 108 374 212 20 166 259 254 76 60 225 27 58 248 613
internal_value=-9.59674e-09 -1.53226 3.84657 5.24686 2.60523 0.353124 -1.90657 4.59823 4.75365 2.13781 2.91732 4.41823 6.16257 3.47846 3.63156 2.24553 0.981051 2.51286 5.75263 -0.0957922 5.62129 1.23103 1.7303 4.5226 1.90883 -0.156784 3.43707 2.49229 3.34546 -1.97205
internal_weight=9801 7009 2792 1312 1480 1161 5848 768 703 964 65 507 544 516 459 57 484 502 286 677 196 367 462 483 372 657 428 118 401 5414
internal_count=9801 7009 2792 1312 1480 1161 5848 768 703 964 65 507 544 516 459 57 484 502 286 677 196 367 462 483 372 657 428 118 401 5414
is_linear=0
shrinkage=0.05


Tree=34
num_leaves=31
num_cat=0
split_feature=4 6 6 4 6 6 1 5 1 1 2 4 5 5 0 6 4 3 0 2 1 6 0 1 3 4 4 6 0 3
split_gain=2.08537e+07 1.78796e+06 1.75271e+06 290654 214604 119898 112450 68437.3 65098.4 54434.8 76783.2 48279.7 38954.8 64176.4 52123.6 45489.2 36642.1 36168.5 35325.6 31968.7 30912.6 27306.2 26446.9 26228.3 24251.3 30730.6 24251.2 31961.8 24069.2 23565.8
threshold=355.50000000000006 136.50000000000003 663.50000000000011 535.50000000000011 835.50000000000011 319.50000000000006 64.500000000000014 99.500000000000014 462.50000000000006 674.50000000000011 46.500000000000007 204.50000000000003 99.500000000000014 88.500000000000014 19.750000000000004 468.50000000000006 875.50000000000011 16.500000000000004 21.450000000000003 74.500000000000014 764.50000000000011 757.50000000000011 26.050000000000004 925.50000000000011 20.500000000000004 423.50000000000006 505.50000000000006 540.50000000000011 15.65 40.500000000000007
decision_type=2 2 2 2 2 2 2 2 2 2 2 2 2 2 2 2 2 2 2 2 2 2 2 2 2 2 2 2 2 2
left_child=1 6 3 8 7 11 -1 16 19 -5 -11 -3 13 -7 15 -14 21 -9 -6 28 -12 -4 24 29 25 -10 27 -26 -2 -20
right_child=2 5 4 9 18 12 -8 17 22 10 20 -13 14 -15 -16 -17 -18 -19 23 -21 -22 -23 -24 -25 26 -27 -28 -29 -30 -31
leaf_value=-1.869932448497454 0.81191591213593339 -0.40348491234655842 4.322537543751845 3.2514545902740766 4.1183336963653572 1.1677791533237551 -0.98150184838360388 3.951601007461548 0.16158715331036111 2.0615312485467818 4.7526282617920321 0.36231360456186512 0.5205789965741775 3.6437976829210919 2.3369794001181918 -2.0830311698913575 6.8079192924499514 1.0988975363969804 5.6764378292592692 2.787368047439446 7.1811672592163092 4.992870847243724 3.0127974630133507 6.6429319382616967 2.5591009992234253 2.1161832609400153 1.6149132642252693 4.7718545227050786 1.7229569376448688 7.1938209380422329
leaf_weight=5464 89 380 328 569 25 205 381 25 23 21 38 449 51 30 24 25 20 20 297 59 20 283 163 132 47 160 29 25 391 28
leaf_count=5464 89 380 328 569 25 205 381 25 23 21 38 449 51 30 24 25 20 20 297 59 20 283 163 132 47 160 29 25 391 28
internal_value=-3.11204e-08 -1.45565 3.65424 2.59962 5.14236 0.33387 -1.81202 4.56761 2.05902 3.42221 4.65209 0.0112841 1.13215 1.48387 0.305613 -0.335872 4.70195 2.68373 5.94845 1.68904 5.59006 4.63302 2.50514 6.04857 2.21378 1.87052 2.83571 3.32742 1.55403 5.80717
internal_weight=9801 7009 2792 1634 1158 1164 5845 676 986 648 79 829 335 235 100 76 631 45 482 539 58 611 447 457 284 183 101 72 480 325
internal_count=9801 7009 2792 1634 1158 1164 5845 676 986 648 79 829 335 235 100 76 631 45 482 539 58 611 447 457 284 183 101 72 480 325
is_linear=0
shrinkage=0.05


Tree=35
num_leaves=31
num_cat=0
split_feature=4 4 4 4 1 6 4 1 5 6 5 0 4 5 0 1 5 5 2 2 0 4 5 6 0 1 0 2 6 5
split_gain=1.88308e+07 2.3554e+06 725528 397989 239311 98217.9 80642.9 68810.6 67078.7 40137.7 45196.7 37683.4 37320.4 34924.4 33862.6 36604 32705.4 32254.3 59987.7 30800 29323.1 28463.2 27449.2 26869.5 26756.2 22484.5 45152.1 21746.5 20431.4 19421.3
threshold=267.50000000000006 567.50000000000011 78.500000000000014 712.50000000000011 472.50000000000006 880.50000000000011 369.50000000000006 189.50000000000003 92.500000000000014 732.50000000000011 96.500000000000014 15.950000000000001 875.50000000000011 84.500000000000014 15.950000000000001 612.50000000000011 74.500000000000014 34.500000000000007 40.500000000000007 57.500000000000007 16.050000000000004 12.500000000000002 33.500000000000007 416.50000000000006 16.650000000000002 535.50000000000011 19.650000000000002 78.500000000000014 205.50000000000003 28.500000000000004
decision_type=2 2 2 2 2 2 2 2 2 2 2 2 2 2 2 2 2 2 2 2 2 2 2 2 2 2 2 2 2 2
left_child=2 4 21 11 6 8 20 28 12 10 13 -3 -5 14 -6 16 -16 -13 -19 22 -2 -1 -8 -9 -12 -26 -27 -21 -4 -22
right_child=1 3 7 5 9 -7 19 23 -10 -11 24 17 -14 -15 15 -17 -18 18 -20 27 29 -23 -24 -25 25 26 -28 -29 -30 -31
leaf_value=-1.805650838056305 0.18793226120054213 2.5884694199964229 -0.7802275041148552 4.7538994987725252 1.1607316694761578 5.921561942259471 1.643394980304169 0.038209919386352029 2.1028304100036621 4.7260162694113594 3.0323743128882992 3.3280086400261064 5.9179997932910924 4.5474596341451017 2.6895590823151174 4.1391483690680531 0.85576920509338383 1.6504089713096619 4.2460247109980847 1.9711868411353082 0.56749179715015852 -1.4352324207932634 0.38681237152067283 1.6091880416047986 2.0862641555922372 -1.4520665389299392 1.8674624261401949 3.6748906993865966 0.45373503524396153 1.3285076372547826
leaf_weight=4972 117 83 492 494 38 300 165 443 22 21 21 279 80 24 375 41 26 24 307 295 122 579 59 29 28 20 21 20 36 268
leaf_count=4972 117 83 492 494 38 300 165 443 22 21 21 279 80 24 375 41 26 24 307 295 122 579 59 29 28 20 21 20 36 268
internal_value=1.08142e-08 3.11158 -1.54368 4.48779 1.79503 5.1837 1.33484 -0.303944 4.8123 2.57773 2.50178 3.58802 4.91614 2.68608 2.59302 2.71615 2.57066 3.72402 4.05782 1.76063 0.882174 -1.76701 1.31242 0.134732 1.46967 0.994069 0.24818 2.07936 -0.696094 1.09045
internal_weight=9801 3250 6551 1589 1661 896 1046 1000 596 615 594 693 574 504 480 442 401 610 331 539 507 5551 224 472 90 69 41 315 528 390
internal_count=9801 3250 6551 1589 1661 896 1046 1000 596 615 594 693 574 504 480 442 401 610 331 539 507 5551 224 472 90 69 41 315 528 390
is_linear=0
shrinkage=0.05


Tree=36
num_leaves=31
num_cat=0
split_feature=4 4 6 4 1 6 4 5 4 6 6 5 1 3 3 5 0 1 1 5 2 1 5 0 4 0 1 2 5 6
split_gain=1.69948e+07 2.12575e+06 655070 359185 215978 90360.5 72780.2 52014.8 50526.8 37509.9 36224.3 40790.1 35585.6 37750.9 35942.9 31519.2 31174.4 29654.6 29373.9 28676.1 27943.6 27543.9 27239.4 26464.1 25483.6 23411.2 22183.5 21732.1 21234.6 20768.1
threshold=267.50000000000006 567.50000000000011 90.500000000000014 712.50000000000011 472.50000000000006 835.50000000000011 369.50000000000006 74.500000000000014 175.50000000000003 16.500000000000004 732.50000000000011 96.500000000000014 643.50000000000011 47.500000000000007 28.500000000000004 84.500000000000014 18.350000000000005 830.50000000000011 340.50000000000006 65.500000000000014 66.500000000000014 625.50000000000011 55.500000000000007 16.050000000000004 403.50000000000006 15.450000000000001 925.50000000000011 44.500000000000007 56.500000000000007 683.50000000000011
decision_type=2 2 2 2 2 2 2 2 2 2 2 2 2 2 2 2 2 2 2 2 2 2 2 2 2 2 2 2 2 2
left_child=2 4 9 12 6 7 23 17 -4 -1 11 15 29 14 -14 16 19 -5 -10 27 25 -18 -15 -2 -13 -8 -7 -6 -22 -3
right_child=1 3 8 5 10 26 20 -9 18 -11 -12 24 13 22 -16 -17 21 -19 -20 -21 28 -23 -24 -25 -26 -27 -28 -29 -30 -31
leaf_value=-1.7133241435275393 0.17853564538507383 2.9389694544588885 -0.61654334318739457 4.3616278757107709 0.85105338096618655 5.1862358307961891 0.51534014970569286 2.134898312886556 0.0025472967817237093 -1.2962986491521857 4.4897154762631377 2.5860459971427918 3.771359761798982 3.6237809562683108 5.566310150392594 4.3200866103172304 2.619004956829933 5.621210501812123 1.3721554783887644 0.65754135629615273 1.7578350706169239 4.5334531164169318 1.0142113819718361 1.0359239597002474 0.80126211429635696 1.6019861497417573 5.9485099172233644 2.6022237720070307 2.9044759107358527 4.4354879817962649
leaf_weight=5027 117 319 440 347 22 338 59 24 437 604 21 30 278 20 31 24 310 54 43 37 104 20 20 390 60 310 133 91 66 25
leaf_count=5027 117 319 440 347 22 338 59 24 437 604 21 30 278 20 31 24 310 54 43 37 104 20 20 390 60 310 133 91 66 25
internal_value=-3.93484e-08 2.956 -1.46649 4.2634 1.70528 4.92452 1.2681 4.39592 -0.229525 -1.66859 2.44884 2.37669 3.40862 3.76434 3.95144 2.55178 2.46336 4.53125 0.125241 1.8657 1.6726 2.73503 2.319 0.838065 1.39619 1.42824 5.40149 2.26129 2.203 3.04773
internal_weight=9801 3250 6551 1589 1661 896 1046 425 920 5631 615 594 693 349 309 504 480 401 480 150 539 330 40 507 90 369 471 113 170 344
internal_count=9801 3250 6551 1589 1661 896 1046 425 920 5631 615 594 693 349 309 504 480 401 480 150 539 330 40 507 90 369 471 113 170 344
is_linear=0
shrinkage=0.05


Tree=37
num_leaves=31
num_cat=0
split_feature=4 4 4 4 4 6 1 6 6 5 0 1 3 1 3 2 1 1 6 6 0 0 4 8 0 6 3 1 0 2
split_gain=1.53378e+07 1.91849e+06 593586 324164 197728 81550.4 57011.8 48549 47767 46943.3 42419.8 32945 45718.3 26971 26413.7 24767.3 23928.3 23343.5 22985.2 21936.8 21907.1 21647.2 21105.8 20743 32824.2 38586.6 23441.2 55242.3 51684.5 50291
threshold=267.50000000000006 567.50000000000011 78.500000000000014 712.50000000000011 423.50000000000006 835.50000000000011 189.50000000000003 732.50000000000011 400.50000000000006 74.500000000000014 17.950000000000003 674.50000000000011 47.500000000000007 835.50000000000011 26.500000000000004 49.500000000000007 532.50000000000011 3.5000000000000004 416.50000000000006 683.50000000000011 21.450000000000003 15.750000000000002 934.50000000000011 9.5000000000000018 18.750000000000004 433.50000000000006 25.500000000000004 485.50000000000006 20.550000000000004 60.500000000000007
decision_type=2 2 2 2 2 2 2 2 2 2 2 2 2 2 2 2 2 2 2 2 2 2 2 2 2 2 2 2 2 2
left_child=2 4 17 11 8 9 -4 10 21 13 15 19 14 -5 -13 -6 -12 -1 -8 -3 -7 -2 -22 26 -25 -26 28 29 -10 -28
right_child=1 3 6 5 7 20 18 -9 23 -11 16 12 -14 -15 -16 -17 -18 -19 -20 -21 22 -23 -24 24 25 -27 27 -29 -30 -31
leaf_value=-1.6353614657497961 0.18095674679467555 2.8785468771025435 -0.62876316108070596 4.1552702816782023 0.91772648408299407 3.5121192145347595 0.038212334948516204 4.6094993782043465 -0.10981046020984651 2.0281534353892012 2.0982889885598044 3.7654313826687122 1.7755635214624583 5.4300648212432865 5.5599886438120976 1.9295465485106602 2.8013562277240576 -1.333537316548163 1.4912065997719766 4.0911460443240841 5.0590954375329282 0.95987633934835115 6.0149797032861159 -0.67172812918821978 -0.17588379816575483 2.431125122010708 -0.084271112084388741 4.6268276214599613 1.9839796479259217 2.8247554546747455
leaf_weight=4812 114 413 528 354 84 20 443 20 40 24 282 189 27 47 23 216 212 739 29 41 383 410 68 24 22 40 24 22 112 39
leaf_count=4812 114 413 528 354 84 20 443 20 40 24 282 189 27 47 23 216 212 739 29 41 383 410 68 24 22 40 24 22 112 39
internal_value=-4.34147e-09 2.8082 -1.39317 4.05023 1.62002 4.67829 -0.271814 2.17649 1.08522 4.17613 2.11521 3.23819 3.71333 4.30469 3.96012 1.64624 2.40001 -1.59518 0.127485 2.98805 5.13141 0.790417 5.20322 1.56347 0.898303 1.50606 1.80484 2.4698 1.43298 1.71655
internal_weight=9801 3250 6551 1589 1661 896 1000 814 847 425 794 693 239 401 212 300 494 5551 472 454 471 524 451 323 86 62 237 85 152 63
internal_count=9801 3250 6551 1589 1661 896 1000 814 847 425 794 693 239 401 212 300 494 5551 472 454 471 524 451 323 86 62 237 85 152 63
is_linear=0
shrinkage=0.05


Tree=38
num_leaves=31
num_cat=0
split_feature=4 4 6 4 4 4 6 8 1 5 3 6 6 1 0 2 4 1 0 2 1 5 0 6 5 1 4 5 6 3
split_gain=1.38489e+07 1.19456e+06 1.17282e+06 189676 148551 78160.3 75001.5 57802.8 60569.2 43748.7 65176.8 39620.6 38529.3 44610.2 36004.5 33302.1 32245.9 30675.4 31406.8 30432 58682.1 55050.6 21779 21120.3 20195.2 18808.1 18705.3 19827.7 16438.2 19846.7
threshold=355.50000000000006 131.50000000000003 633.50000000000011 818.50000000000011 521.50000000000011 227.50000000000003 44.500000000000007 4.5000000000000009 754.50000000000011 99.500000000000014 12.500000000000002 436.50000000000006 764.50000000000011 744.50000000000011 15.050000000000002 49.500000000000007 667.50000000000011 485.50000000000006 20.250000000000004 38.500000000000007 702.50000000000011 11.500000000000002 27.250000000000004 372.50000000000006 50.500000000000007 858.50000000000011 931.50000000000011 36.500000000000007 459.50000000000006 27.500000000000004
decision_type=2 2 2 2 2 2 2 2 2 2 2 2 2 2 2 2 2 2 2 2 2 2 2 2 2 2 2 2 2 2
left_child=1 6 4 7 11 -3 -1 9 22 12 -11 -2 13 14 -4 -13 -10 18 28 21 -21 -6 -9 -20 -16 -18 27 -5 29 -7
right_child=2 5 3 26 19 17 -8 8 16 10 -12 15 -14 -15 24 -17 25 -19 23 20 -22 -23 -24 -25 -26 -27 -28 -29 -30 -31
leaf_value=-1.5364947106771245 1.2667689512393647 -0.17122470527654074 1.5463741342226665 4.480007367285471 2.820662169707449 -0.057520205968696829 -0.93743251562760832 2.8987692774707128 5.9961079410144258 3.6184347879318963 -0.16003462266921997 1.1970857431790953 4.7068893702406633 0.7871090917360215 3.135938291549683 2.1749774283999019 4.0429248713432475 2.2707778964723864 0.71932876312616967 2.6360218554765655 4.9896331667900089 -0.16515032328092136 3.7358440501527639 1.730042302781257 4.6090652014079847 5.2034947860531693 5.5506169607472984 5.25870218907506 -1.0102943553278843 0.74655361039023249
leaf_weight=5268 434 527 24 252 38 152 580 131 28 21 25 116 38 21 60 349 235 28 206 489 28 26 191 69 38 41 86 121 24 155
leaf_count=5268 434 527 24 252 38 152 580 131 28 21 25 116 38 21 60 349 235 28 206 489 28 26 191 69 38 41 86 121 24 155
internal_value=-2.27883e-08 -1.18624 2.97791 4.06632 2.01306 0.278748 -1.47708 3.62532 3.87317 2.94181 1.56492 1.61035 3.29174 2.91569 3.28208 1.93103 4.37935 0.652779 0.57802 2.63617 2.76349 1.60768 3.39529 0.972926 3.70715 4.21533 4.88588 4.73261 0.249927 0.348445
internal_weight=9801 7009 2792 1312 1480 1161 5848 853 626 227 46 899 181 143 122 465 304 634 606 581 517 64 322 275 98 276 459 373 331 307
internal_count=9801 7009 2792 1312 1480 1161 5848 853 626 227 46 899 181 143 122 465 304 634 606 581 517 64 322 275 98 276 459 373 331 307
is_linear=0
shrinkage=0.05


Tree=39
num_leaves=31
num_cat=0
split_feature=4 4 6 4 4 6 5 6 6 4 0 0 4 1 2 5 8 6 5 1 3 0 1 5 2 4 0 5 2 5
split_gain=1.2499e+07 1.56581e+06 485005 265740 161350 68412.9 51141.4 40797.8 39739 38280.9 37597.4 29063 28314.7 27385.7 25201.8 28672.3 28937.9 24880.7 30113.6 24281.8 21782.3 64103.8 45572.4 35633.4 24005.3 21683.7 21458.4 18609.6 18255.3 38927.7
threshold=267.50000000000006 567.50000000000011 90.500000000000014 712.50000000000011 423.50000000000006 880.50000000000011 92.500000000000014 732.50000000000011 403.50000000000006 175.50000000000003 26.050000000000004 15.950000000000001 902.00000000000011 14.500000000000002 49.500000000000007 10.500000000000002 10.500000000000002 510.50000000000006 34.500000000000007 340.50000000000006 22.500000000000004 20.550000000000004 492.50000000000006 99.500000000000014 56.500000000000007 472.50000000000006 15.750000000000002 28.500000000000004 61.500000000000007 88.500000000000014
decision_type=2 2 2 2 2 2 2 2 2 2 2 2 2 2 2 2 2 2 2 2 2 2 2 2 2 2 2 2 2 2
left_child=2 4 13 11 8 6 12 10 26 -4 14 -3 -5 -1 15 -6 25 -13 -19 -11 21 24 23 -22 -10 -17 -2 -28 29 -20
right_child=1 3 9 5 7 -7 -8 -9 20 19 -12 17 -14 -15 -16 16 -18 18 28 -21 22 -23 -24 -25 -26 -27 27 -29 -30 -31
leaf_value=-1.4708915804002856 0.11230924746264581 2.0440668224031668 -0.530160265815529 3.9169789853586998 1.9604914164878953 4.8415742297569917 1.5499926046891648 4.1946315097808835 0.51539125939210251 0.0039526963727021256 2.4709376309204987 1.7470114581925529 5.3845659528459819 -1.1225312696898697 1.9126724651441198 -0.32687274456024173 -0.95451012118296197 2.7259889003215183 3.488089747096057 1.2492016094368559 2.1496997816839083 1.6183295314473316 3.8358967657089234 0.25886554045554921 -1.7994141374315538 1.5781880372661656 0.50750225630966395 1.177290946327276 3.9742545899994877 1.6551057611192979
leaf_weight=4995 115 83 440 539 71 300 22 20 24 437 216 35 35 636 406 20 22 263 168 43 69 133 25 39 21 59 185 236 109 35
leaf_count=4995 115 83 440 539 71 300 22 20 24 437 216 35 35 636 406 20 22 263 168 43 69 133 25 39 21 59 185 236 109 35
internal_value=-9.58145e-09 2.53503 -1.25765 3.65711 1.4616 4.22576 3.91579 1.96429 0.978496 -0.193291 1.90811 2.92188 4.00647 -1.43155 1.69778 1.19053 0.649271 3.04131 3.1201 0.115506 1.42811 1.0664 1.9122 1.4669 -0.564851 1.09589 0.71762 0.882966 3.45231 3.17206
internal_weight=9801 3250 6551 1589 1661 896 596 814 847 920 794 693 574 5631 578 172 101 610 575 480 311 178 133 108 45 79 536 421 312 203
internal_count=9801 3250 6551 1589 1661 896 596 814 847 920 794 693 574 5631 578 172 101 610 575 480 311 178 133 108 45 79 536 421 312 203
is_linear=0
shrinkage=0.05


Tree=40
num_leaves=31
num_cat=0
split_feature=4 6 6 6 4 0 6 1 2 1 5 0 4 6 5 5 0 6 5 2 8 1 1 4 3 3 3 5 5 5
split_gain=1.12868e+07 975645 957190 161273 118385 68965.1 67556.7 60016.9 34345.4 49698.3 48523.2 34045.9 31738.9 31599.8 31235.1 58629.9 38426.4 47385 30539.9 27442.8 24667.1 23508 23420.2 22053.7 20712.4 17754.1 26518.7 18710.6 16509 27182.7
threshold=355.50000000000006 136.50000000000003 629.50000000000011 783.50000000000011 521.50000000000011 20.250000000000004 331.50000000000006 64.500000000000014 38.500000000000007 702.50000000000011 11.500000000000002 14.950000000000001 221.50000000000003 436.50000000000006 99.500000000000014 88.500000000000014 19.750000000000004 468.50000000000006 99.500000000000014 49.500000000000007 9.5000000000000018 925.50000000000011 702.50000000000011 931.50000000000011 99.500000000000014 6.5000000000000009 25.500000000000004 59.500000000000007 84.500000000000014 68.500000000000014
decision_type=2 2 2 2 2 2 2 2 2 2 2 2 2 2 2 2 2 2 2 2 2 2 2 2 2 2 2 2 2 2
left_child=1 7 4 11 13 -5 12 -1 10 -10 -6 -4 -3 -2 15 25 17 -16 20 -15 -13 23 -20 24 -7 -8 27 -27 29 -14
right_child=2 6 3 5 8 21 14 -9 9 -11 -12 18 28 19 16 -17 -18 -19 22 -21 -22 -23 -24 -25 -26 26 -28 -29 -30 -31
leaf_value=-1.3764628640599659 1.1421215658024606 -0.25410705443428794 1.3348376549207248 1.3180040073394776 2.4439827810015 3.9987803903048289 1.4688877192512155 -0.72740851116838456 2.3873108117105519 4.5548823927130018 -0.44015662765502928 3.4019387821665088 0.3519389441712798 1.0696384953656073 0.51533080392413666 3.4039491534233095 1.9013667068565672 -2.1996275568008423 3.0910503815520896 1.9576626576526071 2.4530721949437 4.8832359445445679 0.80914959181909973 5.5913606872558601 5.6042721248808363 0.53080659820919951 1.1222285802402194 -1.6060797011852266 1.185524702602281 -1.39331331551075
leaf_weight=5464 434 467 26 20 35 463 80 381 476 28 25 515 317 116 45 27 23 25 22 348 79 136 23 25 21 21 63 20 52 24
leaf_count=5464 434 467 26 20 35 463 80 381 476 28 25 515 317 116 45 27 23 25 22 348 79 136 23 25 21 21 63 20 52 24
internal_value=-4.6688e-10 -1.0709 2.68838 3.65902 1.80537 4.20961 0.251012 -1.33415 2.37311 2.50773 1.24226 3.10844 0.02454 1.4488 0.891691 1.22817 0.128286 -0.454297 3.1806 1.73566 3.27574 4.29927 1.92475 4.14324 4.06844 0.908895 0.478132 -0.511577 0.355655 0.229106
internal_weight=9801 7009 2792 1330 1462 665 1164 5845 564 504 60 665 860 898 304 211 93 70 639 464 594 645 45 509 484 184 104 41 393 341
internal_count=9801 7009 2792 1330 1462 665 1164 5845 564 504 60 665 860 898 304 211 93 70 639 464 594 645 45 509 484 184 104 41 393 341
is_linear=0
shrinkage=0.05


Tree=41
num_leaves=31
num_cat=0
split_feature=4 4 4 6 4 1 5 3 6 1 8 5 4 8 4 5 5 0 6 3 6 4 0 0 2 0 3 3 0 0
split_gain=1.01863e+07 881328 867805 160363 89112.4 72546.5 58011.9 59473.8 57778.5 55581.3 43950.1 38111.5 29867.6 27973.4 27156.4 25505.5 50980.9 35608.7 32596.6 23572.9 23330.4 22833 37450 19743 24078.8 22106.4 19450.7 19077.1 19057.5 26213.9
threshold=355.50000000000006 131.50000000000003 670.50000000000011 529.50000000000011 818.50000000000011 783.50000000000011 82.500000000000014 33.500000000000007 331.50000000000006 49.500000000000007 2.5000000000000004 96.500000000000014 436.50000000000006 9.5000000000000018 221.50000000000003 99.500000000000014 88.500000000000014 19.750000000000004 468.50000000000006 17.500000000000004 835.50000000000011 564.50000000000011 17.150000000000002 26.050000000000004 69.500000000000014 15.850000000000003 89.500000000000014 27.500000000000004 24.550000000000004 23.950000000000003
decision_type=2 2 2 2 2 2 2 2 2 2 2 2 2 2 2 2 2 2 2 2 2 2 2 2 2 2 2 2 2 2
left_child=1 9 3 12 6 10 20 -8 14 -1 21 13 23 26 -3 16 -10 18 -17 -13 -4 22 -5 24 25 -2 -12 -23 29 -6
right_child=2 8 4 5 28 -7 7 -9 15 -11 11 19 -14 -15 -16 17 -18 -19 -20 -21 -22 27 -24 -25 -26 -27 -28 -29 -30 -31
leaf_value=-1.3159890770127163 -0.43101326036380566 -0.22824488324732042 3.2803823513834915 1.6503150921601517 4.0122552278879526 4.8771772342068811 3.16340140914917 -0.49468647003173827 0.86345067107645068 -0.78041082084192903 2.6955342087829326 2.1660763374887981 1.6587858220681231 1.9609228211420555 0.33238917725872907 0.39989476035802796 3.3135899911324183 1.806298355434252 -1.9421137015024823 -0.031397953670998312 4.2436647449930511 2.707092471832925 -1.0108664566278458 1.5973880076593208 1.7859408996321939 0.85413543730974206 4.0366753808383287 1.2312964267847015 4.3852380277158263 2.2201064453125001
leaf_weight=5315 41 459 495 39 111 28 25 20 184 533 399 26 517 135 408 39 24 23 24 23 72 47 20 129 55 182 29 41 333 25
leaf_count=5315 41 459 495 39 111 28 25 20 184 533 399 26 517 135 408 39 24 23 24 23 72 47 20 129 55 182 29 41 333 25
internal_value=1.78833e-09 -1.01736 2.55396 1.8533 3.66297 2.37779 3.26556 1.53758 0.240983 -1.26718 2.28559 2.47206 1.40656 2.58847 0.0355829 0.846704 1.14616 0.122442 -0.492299 1.13461 3.4027 1.50926 0.74822 1.08617 0.848949 0.617852 2.78641 2.01951 4.18155 3.68282
internal_weight=9801 7009 2792 1711 1081 787 612 45 1161 5848 759 612 924 563 867 294 208 86 63 49 567 147 59 407 278 223 428 88 469 136
internal_count=9801 7009 2792 1711 1081 787 612 45 1161 5848 759 612 924 563 867 294 208 86 63 49 567 147 59 407 278 223 428 88 469 136
is_linear=0
shrinkage=0.05


Tree=42
num_leaves=31
num_cat=0
split_feature=4 4 4 4 1 4 4 1 5 1 6 5 6 5 5 0 0 3 7 0 0 8 6 5 0 1 8 0 3 0
split_gain=9.19329e+06 1.15854e+06 359344 202172 118406 52333.9 40227 36437.4 30966.9 25977.7 25569 24209.1 40736 25027 33384.4 24300.3 23597.4 26099.6 23577.2 21815.1 19971.4 23982.2 19856.3 25370.8 18532.5 35790.8 23361.7 17904 18040.6 17737.5
threshold=267.50000000000006 564.50000000000011 78.500000000000014 712.50000000000011 472.50000000000006 853.50000000000011 403.50000000000006 189.50000000000003 82.500000000000014 285.50000000000006 906.50000000000011 96.500000000000014 654.50000000000011 83.500000000000014 77.500000000000014 16.650000000000002 26.250000000000004 47.500000000000007 12.500000000000002 15.950000000000001 19.650000000000002 10.500000000000002 510.50000000000006 36.500000000000007 17.450000000000003 340.50000000000006 2.5000000000000004 29.250000000000004 1.0000000180025095e-35 16.350000000000005
decision_type=2 2 2 2 2 2 2 2 2 2 2 2 2 2 2 2 2 2 2 2 2 2 2 2 2 2 2 2 2 2
left_child=2 4 -1 19 6 8 16 -4 10 -8 -5 12 13 14 15 -6 17 -2 -13 -3 24 -22 -21 -24 25 -9 -26 28 -7 -11
right_child=1 3 7 5 11 27 9 20 -10 29 -12 18 -14 -15 -16 -17 -18 -19 -20 22 21 -23 23 -25 26 -27 -28 -29 -30 -31
leaf_value=-1.2357702238735875 0.26897402413668769 1.7423940820353374 -0.49147378178701429 3.3210579357458472 0.80621946368898678 3.1220763156811397 2.6844584985212849 -0.25607347672948472 1.8575161316815547 0.63274658325504751 4.7406398029888379 -0.0043855332120349916 3.7623420254937536 3.4776952938600019 -0.063779821495215092 1.99038380643821 1.1864692182342214 1.0338109581046795 1.6366403075823417 1.5224114245176317 0.26146672392668763 1.9872189565138385 2.3373392974756633 2.9943940360482748 -2.28209562626752 1.9685811712628318 -0.25358745500445368 4.4248871190560299 4.1839332464006214 1.4464158225468813
leaf_weight=5551 340 84 528 473 49 72 33 130 34 94 34 33 29 22 24 374 180 166 65 40 237 22 287 301 22 21 40 193 90 233
leaf_count=5551 340 84 528 473 49 72 33 130 34 94 34 33 29 22 24 374 180 166 65 40 237 22 287 301 22 21 40 193 90 233
internal_value=-1.04278e-08 2.17411 -1.07859 3.12807 1.23991 3.62784 0.919415 -0.206111 3.3183 1.34744 3.41626 1.8024 1.94376 1.83132 1.75029 1.85321 0.694793 0.519889 1.08405 2.49914 0.113109 0.408056 2.60036 2.67369 -0.245535 0.0533156 -0.973381 4.09957 3.712 1.21252
internal_weight=9801 3250 6551 1608 1642 896 1046 1000 541 360 507 596 498 469 447 423 686 506 98 712 472 259 628 588 213 151 62 355 162 327
internal_count=9801 3250 6551 1608 1642 896 1046 1000 541 360 507 596 498 469 447 423 686 506 98 712 472 259 628 588 213 151 62 355 162 327
is_linear=0
shrinkage=0.05


Tree=43
num_leaves=31
num_cat=0
split_feature=4 6 6 6 4 0 6 1 2 5 1 0 2 6 5 6 0 6 4 5 1 8 5 1 0 4 3 3 3 5
split_gain=8.30151e+06 721150 708521 120649 89040.4 57656.1 50525.6 45160.1 30530 43351.6 40053.1 27908.2 25935.4 24931.8 24408 48237.7 30139.1 40221.2 23075 22837 22771.4 20026.4 19912.3 18725 18694.4 18605.5 19984.6 18374.1 25509.4 14648.5
threshold=355.50000000000006 136.50000000000003 629.50000000000011 783.50000000000011 521.50000000000011 20.250000000000004 331.50000000000006 37.500000000000007 38.500000000000007 11.500000000000002 702.50000000000011 14.950000000000001 50.500000000000007 454.50000000000006 99.500000000000014 451.50000000000006 19.950000000000003 468.50000000000006 221.50000000000003 99.500000000000014 702.50000000000011 9.5000000000000018 92.500000000000014 925.50000000000011 25.750000000000004 931.50000000000011 99.500000000000014 4.5000000000000009 25.500000000000004 84.500000000000014
decision_type=2 2 2 2 2 2 2 2 2 2 2 2 2 2 2 2 2 2 2 2 2 2 2 2 2 2 2 2 2 2
left_child=1 7 4 11 12 -5 18 -1 9 -6 -10 -4 22 -14 15 27 17 -16 -3 21 -21 -13 24 25 -2 26 -7 -8 -29 -20
right_child=2 6 3 5 8 23 14 -9 10 -11 -12 19 13 -15 16 -17 -18 -19 29 20 -22 -23 -24 -25 -26 -27 -28 28 -30 -31
leaf_value=-1.1927991945701091 0.64908267845643453 -0.21536726785955326 1.0586853834298942 0.97300298690795906 2.1079602759225029 3.4225099054706281 1.3056409298619138 -0.74273909056702492 2.0570883234446291 -0.61815338516235352 4.0029908016324045 2.9257928164838591 1.1161138797552985 1.7368736005276444 0.47308515570265181 2.7945076223353258 1.7639809926350911 -2.0091602859497071 0.18534583209445729 2.793858137591319 0.54378784013831094 2.070828462637301 -0.43043968307560887 4.2200773500344333 1.6445714335510697 4.8897402343750009 4.9995403880164737 -0.71135048193809314 0.9367177133843051 1.0862623410012862
leaf_weight=5221 149 467 26 20 35 463 79 624 476 25 28 515 351 300 47 34 21 25 341 22 23 79 29 136 69 25 21 39 59 52
leaf_count=5221 149 467 26 20 35 463 79 624 476 25 28 515 351 300 47 34 21 25 341 22 23 79 29 136 69 25 21 39 59 52
internal_value=1.3312e-08 -0.918423 2.3056 3.14069 1.5459 3.61691 0.218079 -1.14475 2.03827 0.97208 2.16519 2.66448 1.23666 1.40218 0.772145 1.06959 0.0973075 -0.388806 0.0222233 2.72981 1.64382 2.81209 0.800429 3.69889 0.964169 3.55964 3.49093 0.738245 0.280854 0.304551
internal_weight=9801 7009 2792 1330 1462 665 1164 5845 564 60 504 665 898 651 304 211 93 72 860 639 45 594 247 645 218 509 484 177 98 393
internal_count=9801 7009 2792 1330 1462 665 1164 5845 564 60 504 665 898 651 304 211 93 72 860 639 45 594 247 645 218 509 484 177 98 393
is_linear=0
shrinkage=0.05


Tree=44
num_leaves=31
num_cat=0
split_feature=4 4 4 6 4 5 1 1 4 8 6 0 5 3 1 6 0 4 8 4 0 8 5 6 3 0 0 2 0 5
split_gain=7.49211e+06 651146 641770 130287 60663.7 54965.7 47282 46294.4 44478.1 38548.7 38341.2 30391.5 42282.9 28225.8 25282 24165.9 23471.2 22152.8 20466.5 19129 34547.5 19025.1 17617.2 17568.6 16458 16292.7 16014.1 21195.2 19594.4 18565.7
threshold=355.50000000000006 126.50000000000001 679.50000000000011 529.50000000000011 853.50000000000011 82.500000000000014 783.50000000000011 786.50000000000011 232.50000000000003 2.5000000000000004 44.500000000000007 17.650000000000002 96.500000000000014 17.500000000000004 485.50000000000006 906.50000000000011 16.650000000000002 436.50000000000006 11.500000000000002 564.50000000000011 17.150000000000002 9.5000000000000018 57.500000000000007 621.50000000000011 27.500000000000004 25.050000000000004 26.050000000000004 69.500000000000014 15.850000000000003 59.500000000000007
decision_type=2 2 2 2 2 2 2 2 2 2 2 2 2 2 2 2 2 2 2 2 2 2 2 2 2 2 2 2 2 2
left_child=1 10 3 17 5 15 9 -7 -3 19 -1 23 21 -14 16 22 -10 26 25 20 -5 -13 -4 -11 -21 -18 27 28 -2 -29
right_child=2 8 4 6 -6 7 -8 -9 14 11 -12 12 13 -15 -16 -17 18 -19 -20 24 -22 -23 -24 -25 -26 -27 -28 29 -30 -31
leaf_value=-1.1314121232285315 -0.49408427127977705 -0.12042022181581868 2.8703324212722507 1.4371185779189453 3.7059212428751125 2.8881256444113599 4.0466046826592814 -0.35890994901242468 -0.039104777315561785 2.4293313426971439 -0.69555120315456165 2.3479890539250716 1.7592418412367505 -0.75082026776813326 1.9607856380087989 4.3149155081194994 0.22873930603621859 1.4163803376343389 1.7279899558195702 2.3519702711883856 -1.1188593688234687 1.6633485017650163 3.9203920209130576 4.3232505420843763 1.0197497409853069 0.9100293836713611 1.3842762239219608 0.6538158651855257 0.71584697631648286 2.4913933905024486
leaf_weight=5268 41 571 562 39 355 21 29 23 187 25 558 418 24 21 28 34 204 520 39 49 20 134 43 24 44 154 129 27 182 28
leaf_count=5268 41 571 562 39 355 21 29 23 187 25 558 418 24 21 28 34 204 520 39 49 20 134 43 24 44 154 129 27 182 28
internal_value=-2.13645e-09 -0.872502 2.19032 1.60716 3.17573 2.90016 2.0634 1.19081 0.196981 1.99133 -1.08967 2.1599 2.06165 0.58788 0.493118 3.01786 0.422751 1.20014 0.6403 1.27491 0.570685 2.18179 2.94496 3.35697 1.72167 0.521808 0.923858 0.710211 0.493393 1.58931
internal_weight=9801 7009 2792 1754 1038 683 827 44 1183 798 5826 646 597 45 612 639 584 927 397 152 59 552 605 49 93 358 407 278 223 55
internal_count=9801 7009 2792 1754 1038 683 827 44 1183 798 5826 646 597 45 612 639 584 927 397 152 59 552 605 49 93 358 407 278 223 55
is_linear=0
shrinkage=0.05


Tree=45
num_leaves=31
num_cat=0
split_feature=4 4 1 6 1 2 5 1 0 4 2 0 5 4 5 4 1 5 7 5 1 6 0 6 4 4 1 0 2 5
split_gain=6.76281e+06 857052 266882 167375 77020.4 35533.5 123009 65629.1 33281.1 30990.6 30168.9 30070.9 26055 24616.4 24246.6 21606.9 21499.2 19975 23658.5 19976.9 23415.1 19342.9 19617.6 19132.7 17497.8 16347.6 15934.4 17640.4 17565 31087.2
threshold=267.50000000000006 553.50000000000011 100.50000000000001 764.50000000000011 472.50000000000006 40.500000000000007 64.500000000000014 801.50000000000011 20.250000000000004 679.50000000000011 76.500000000000014 15.65 58.500000000000007 403.50000000000006 59.500000000000007 879.50000000000011 2.5000000000000004 96.500000000000014 12.500000000000002 81.500000000000014 563.50000000000011 416.50000000000006 24.950000000000003 906.50000000000011 670.50000000000011 408.50000000000006 372.50000000000006 16.750000000000004 49.500000000000007 20.500000000000004
decision_type=2 2 2 2 2 2 2 2 2 2 2 2 2 2 2 2 2 2 2 2 2 2 2 2 2 2 2 2 2 2
left_child=2 4 16 5 10 6 24 9 -5 -7 11 -2 -12 26 -11 23 -1 19 -19 20 -6 22 -4 -10 -3 -20 28 -28 29 -13
right_child=1 3 21 8 17 7 -8 -9 15 14 12 13 -14 -15 -16 -17 -18 18 25 -21 -22 -23 -24 -25 -26 -27 27 -29 -30 -31
leaf_value=-1.0918298310140124 0.12707106205660221 1.7421191633440729 -0.30890279810510179 1.4881551407001636 1.3245110197875061 2.0212164423207648 -1.701522891998291 4.8612976684570315 2.9591040495194889 2.5407073246562941 0.82544651839293925 0.4149059271050054 2.6894783445306727 1.2446380518818563 4.1792490921020509 3.6710379747244026 -0.82784626190550625 -0.3103978927930196 2.3564003584476616 2.7972196320125038 2.1647779931101883 1.1221089328488996 0.22229530489552887 3.8577938852102864 3.0189570035689917 0.72041354179382333 -0.4721554341539741 1.0797081491364862 0.60107231497239444 -1.9711580204963686
leaf_weight=4771 183 86 581 27 304 485 25 25 418 233 38 43 37 253 25 234 920 30 26 35 114 31 248 69 39 37 20 217 227 20
leaf_count=4771 183 86 581 27 304 485 25 25 418 233 38 43 37 253 25 234 920 30 26 35 114 31 248 69 39 37 20 217 227 20
internal_value=6.76893e-09 1.86471 -0.925095 2.65643 1.032 2.20404 1.50016 2.34152 3.21163 2.25674 0.779133 0.703907 1.74504 0.839241 2.69948 3.27617 -1.04915 1.51273 0.845266 1.64975 1.55367 -0.104137 -0.149992 3.08643 2.14049 1.39558 0.64462 0.948749 0.396073 -0.342575
internal_weight=9801 3250 6551 1666 1584 918 150 768 748 743 1038 963 75 780 258 721 5691 546 93 453 418 860 829 487 125 63 527 237 290 63
internal_count=9801 3250 6551 1666 1584 918 150 768 748 743 1038 963 75 780 258 721 5691 546 93 453 418 860 829 487 125 63 527 237 290 63
is_linear=0
shrinkage=0.05


Tree=46
num_leaves=31
num_cat=0
split_feature=4 6 6 6 4 0 6 1 2 5 1 0 2 5 5 6 6 0 5 1 1 0 4 5 0 0 1 3 4 3
split_gain=6.10738e+06 532714 524617 90104.7 66785.4 47619.5 37892.7 33396.7 25054.8 36496 32840.4 23461.7 21931.4 21743.6 45022.8 28060.2 19905.5 18830 40940.4 60907.5 32893.2 18831.2 17618.2 16536 15646.9 14893.5 14456.1 16590.2 17154.5 13956.9
threshold=355.50000000000006 136.50000000000003 629.50000000000011 783.50000000000011 521.50000000000011 20.250000000000004 331.50000000000006 72.500000000000014 38.500000000000007 10.500000000000002 646.50000000000011 14.950000000000001 50.500000000000007 99.500000000000014 88.500000000000014 468.50000000000006 485.50000000000006 17.150000000000002 85.500000000000014 718.50000000000011 809.50000000000011 29.450000000000003 193.50000000000003 92.500000000000014 25.750000000000004 19.750000000000004 925.50000000000011 99.500000000000014 931.50000000000011 6.5000000000000009
decision_type=2 2 2 2 2 2 2 2 2 2 2 2 2 2 2 2 2 2 2 2 2 2 2 2 2 2 2 2 2 2
left_child=1 7 4 11 12 -5 22 -1 9 -6 -10 -4 23 14 29 -15 -14 -13 20 -20 21 -19 -3 24 -2 -12 27 28 -7 -8
right_child=2 6 3 5 8 26 13 -9 10 -11 25 17 16 15 -16 -17 -18 18 19 -21 -22 -23 -24 -25 -26 -27 -28 -29 -30 -31
leaf_value=-1.0119824699314817 0.5158452851660299 -0.27528774796701899 0.81229677292016833 0.70491399526596066 1.8627776777043064 2.9317558855268921 1.1663336222805083 -0.50136446664438539 1.7211377051652681 -0.62574895712045531 2.0128470586693807 3.3678332499095371 1.0221353706937018 0.67602972343564038 2.8562605592939594 -1.1391680840289955 1.6189776881207973 2.1028674807746053 2.5163411121283259 -0.91625325083732612 4.2509604557700778 2.7363805397842711 0.19320838116298736 -0.46677631653588397 1.4265869475793149 3.6602625931010531 3.6401502686388358 4.4359170277913416 4.276405250549316 0.28789386123490451
leaf_weight=5505 149 319 26 20 34 463 80 340 447 26 23 42 448 60 27 33 203 344 28 24 23 178 541 29 69 34 136 21 25 104
leaf_count=5505 149 319 26 20 34 463 80 340 447 26 23 42 448 60 27 33 203 344 28 24 23 178 541 29 69 34 136 21 25 104
internal_value=-6.18889e-09 -0.787756 1.97757 2.69616 1.32386 3.10771 0.189042 -0.98228 1.75028 0.784416 1.86526 2.28462 1.05604 0.668868 0.949605 0.0319273 1.20825 2.34452 2.27253 0.932067 2.40043 2.31889 0.019429 0.654894 0.804108 2.99552 3.18221 3.05986 3.00064 0.669824
internal_weight=9801 7009 2792 1330 1462 665 1164 5845 564 60 504 665 898 304 211 93 651 639 597 52 545 522 860 247 218 57 645 509 488 184
internal_count=9801 7009 2792 1330 1462 665 1164 5845 564 60 504 665 898 304 211 93 651 639 597 52 545 522 860 247 218 57 645 509 488 184
is_linear=0
shrinkage=0.05


Tree=47
num_leaves=31
num_cat=0
split_feature=4 4 6 6 4 1 1 5 3 0 2 5 1 8 0 6 1 2 5 7 0 2 0 7 5 2 5 4 0 3
split_gain=5.51191e+06 481065 473467 81712.8 60322.8 32261 30820.9 26557 35566.6 28309.2 25479.8 37034.4 35538.4 20083.5 19799.1 31309 27114.8 25400.4 23791.8 26346.7 19292.1 44735.7 25587.3 18545.1 17225.1 29784.4 28492.4 25709 17190.5 18549
threshold=355.50000000000006 131.50000000000003 629.50000000000011 835.50000000000011 535.50000000000011 348.50000000000006 20.500000000000004 99.500000000000014 19.500000000000004 15.050000000000002 38.500000000000007 11.500000000000002 646.50000000000011 9.5000000000000018 26.050000000000004 583.50000000000011 563.50000000000011 66.500000000000014 32.500000000000007 14.500000000000002 24.550000000000004 59.500000000000007 21.550000000000004 11.500000000000002 99.500000000000014 60.500000000000007 88.500000000000014 292.50000000000006 25.150000000000002 47.500000000000007
decision_type=2 2 2 2 2 2 2 2 2 2 2 2 2 2 2 2 2 2 2 2 2 2 2 2 2 2 2 2 2 2
left_child=1 6 4 7 14 28 -1 9 -9 -4 11 -6 -12 -11 15 16 17 -2 -19 23 21 -5 -23 -20 26 27 -7 -26 29 -3
right_child=2 5 3 20 10 24 -8 8 -10 13 12 -13 -14 -15 -16 -17 -18 18 19 -21 -22 22 -24 -25 25 -27 -28 -29 -30 -31
leaf_value=-0.97773450111520699 0.70699606475227683 -0.2672448716966031 0.74910492367214632 0.88482806298040573 1.7808260948427261 0.74288862103130671 -0.63882105977335923 2.2655787959243314 -0.29574339286140772 2.483384599564896 1.6613481326009698 -0.90154220407659358 3.0295385952349063 1.6415151567775994 1.3850737312815407 -0.6195652716087573 2.5103456901179424 0.5081871857556205 1.3859602038349426 0.7728007950280843 3.2420128899439202 1.6740764451026917 3.8027120351791384 3.024889718691508 -0.17876852753882608 -1.4969199566614062 2.6907767956907098 2.1355426985025407 0.39930330909788614 0.28299578928384655
leaf_weight=5075 469 447 27 31 31 128 773 33 23 686 392 22 54 79 275 33 27 48 28 38 383 20 48 45 30 21 22 20 260 233
leaf_count=5075 469 447 27 31 31 128 773 33 23 686 392 22 54 79 275 33 27 48 28 38 383 20 48 45 30 21 22 20 260 233
internal_value=-1.80141e-08 -0.748368 1.87869 2.56135 1.25767 0.181307 -0.932936 2.26588 1.21361 2.34029 1.70384 0.66739 1.827 2.39645 1.02648 0.883141 0.95885 0.892146 1.43828 1.84048 3.08119 2.459 3.17664 2.39626 0.724884 0.0832744 1.02858 0.746956 0.053509 -0.0787065
internal_weight=9801 7009 2792 1330 1462 1161 5848 848 56 792 499 53 446 765 963 688 655 628 159 111 482 99 68 73 221 71 150 50 940 680
internal_count=9801 7009 2792 1330 1462 1161 5848 848 56 792 499 53 446 765 963 688 655 628 159 111 482 99 68 73 221 71 150 50 940 680
is_linear=0
shrinkage=0.05


Tree=48
num_leaves=31
num_cat=0
split_feature=4 4 4 1 6 3 1 0 1 4 4 4 1 4 2 0 5 1 2 3 3 6 1 3 4 0 5 2 0 2
split_gain=4.97997e+06 629257 196903 90430 84753.3 36165.2 67914.7 32226.7 30471.4 28608.7 24580.3 21234 20070.5 19281 19088.4 22539.7 21171.1 18603.2 22991.7 30195 18433.3 16334.9 15225.3 13094.9 34687.4 18217.3 19888.6 35044.9 14242.1 12774.1
threshold=267.50000000000006 593.50000000000011 67.500000000000014 479.50000000000006 744.50000000000011 97.500000000000014 625.50000000000011 19.950000000000003 796.50000000000011 403.50000000000006 175.50000000000003 879.50000000000011 285.50000000000006 679.50000000000011 69.500000000000014 23.650000000000002 74.500000000000014 760.50000000000011 41.500000000000007 7.5000000000000009 99.500000000000014 416.50000000000006 925.50000000000011 20.500000000000004 423.50000000000006 16.850000000000005 77.500000000000014 57.500000000000007 15.450000000000001 47.500000000000007
decision_type=2 2 2 2 2 2 2 2 2 2 2 2 2 2 2 2 2 2 2 2 2 2 2 2 2 2 2 2 2 2
left_child=2 3 -1 9 5 8 -7 -6 13 14 -4 20 -11 -3 15 29 -16 18 19 -5 22 -12 -9 24 -20 28 -27 -28 -25 -2
right_child=1 4 10 17 7 6 -8 11 -10 12 21 -13 -14 -15 16 -17 -18 -19 23 -21 -22 -23 -24 25 -26 26 27 -29 -30 -31
leaf_value=-0.91448891475584915 -0.5393364683030144 1.7275733572842951 -0.39124003784621464 1.260601328406483 1.2759592305672798 2.1397473239898681 -1.621755747050047 2.4849316117275535 3.8210454940795899 2.2077734903855757 0.025271985904109586 3.1661308310894256 0.9204471114667625 2.3507043007779962 0.64004267032292717 0.7624348179388668 1.9991578386380124 2.8807999940145588 -0.14195843506604433 -0.50018910237721037 3.9580994188785557 1.3632307628790539 3.7479333133697512 1.794939829054333 1.486047745178503 1.9952839751001243 2.0409516242643195 -0.72181411439722243 3.5959267068168397 0.25163041656546048
leaf_weight=5488 63 330 578 80 38 30 20 524 23 33 461 235 367 199 108 211 39 21 36 35 24 24 25 21 359 91 24 22 23 269
leaf_count=5488 63 330 578 80 38 30 20 524 23 33 461 235 367 199 108 211 39 21 36 35 24 24 25 21 359 91 24 22 23 269
internal_value=6.9151e-09 1.60015 -0.793846 0.976487 2.37628 1.92281 0.635146 2.69896 2.03944 0.690217 -0.170996 2.76589 1.02665 1.96198 0.495182 0.35835 1.00062 1.41474 1.37018 0.724709 2.60174 0.0914803 2.54245 1.49905 1.33767 1.85124 1.56696 0.719629 2.73636 0.101537
internal_weight=9801 3250 6551 1802 1448 602 50 846 552 1090 1063 808 400 529 690 543 147 712 691 115 573 485 549 576 395 181 137 46 44 332
internal_count=9801 3250 6551 1802 1448 602 50 846 552 1090 1063 808 400 529 690 543 147 712 691 115 573 485 549 576 395 181 137 46 44 332
is_linear=0
shrinkage=0.05


Tree=49
num_leaves=31
num_cat=0
split_feature=4 4 1 6 1 2 5 1 0 2 0 4 5 5 4 1 5 7 5 1 4 6 4 0 1 5 5 5 4 0
split_gain=4.49443e+06 570115 177814 111346 53335.1 26539.8 100798 51541.7 24058.1 23995 26636.8 23095.7 21853.8 21093.7 17992.5 17724 17399.6 20462.4 17203.4 16357.7 15226.1 14777.9 14683.7 14306.8 14331.1 14111.9 30706.8 13405.5 13404 12765.7
threshold=267.50000000000006 553.50000000000011 110.50000000000001 764.50000000000011 475.50000000000006 40.500000000000007 64.500000000000014 809.50000000000011 20.250000000000004 76.500000000000014 15.65 679.50000000000011 59.500000000000007 58.500000000000007 403.50000000000006 2.5000000000000004 96.500000000000014 12.500000000000002 44.500000000000007 462.50000000000006 879.50000000000011 906.50000000000011 408.50000000000006 19.650000000000002 225.50000000000003 81.500000000000014 64.500000000000014 37.500000000000007 670.50000000000011 26.850000000000005
decision_type=2 2 2 2 2 2 2 2 2 2 2 2 2 2 2 2 2 2 2 2 2 2 2 2 2 2 2 2 2 2
left_child=2 4 15 5 9 6 28 11 -5 10 25 27 -13 -11 -12 -1 18 -18 -6 23 21 -10 -19 -4 -25 26 -2 29 -3 -7
right_child=1 3 19 8 16 7 -8 -9 20 13 14 12 -14 -15 -16 -17 17 22 -20 -21 -22 -23 -24 24 -26 -27 -28 -29 -30 -31
leaf_value=-0.89202809941466321 0.10150092498660089 1.4195502036619327 -0.30899753734690721 1.1533733279616745 1.0190224424485237 1.1268309743938649 -1.7096706070899963 4.2469226878622299 2.4024019385906357 0.6704012538257399 0.52554573640425761 2.0744457427745173 3.6293959236145024 2.3475995630831332 1.0279480888220902 -0.65676741502301006 -0.4455357090632121 2.0812578897476199 1.6540523355841636 1.3478160333633422 3.0050555142072533 3.192221962714541 0.51265594121572133 -0.11440752734873677 0.51178365297770756 0.88597997364244974 -1.9648269959858486 1.9178370950263659 2.5370847897651867 1.8626929255283398
leaf_weight=4771 125 86 404 27 186 164 25 23 418 38 528 235 25 37 269 962 30 25 250 20 234 69 37 250 144 38 21 229 39 92
leaf_count=4771 125 86 404 27 186 164 25 23 418 38 528 235 25 37 269 962 30 25 250 20 234 69 37 250 144 38 21 229 39 92
internal_value=-1.83298e-08 1.52014 -0.754154 2.16587 0.840985 1.79689 1.18857 1.91571 2.61871 0.63583 0.569928 1.84373 2.22396 1.49782 0.695114 -0.852551 1.2513 0.626453 1.38315 -0.0645278 2.67358 2.51431 1.14516 -0.0999249 0.114454 0.027682 -0.195711 1.6399 1.76822 1.39128
internal_weight=9801 3250 6551 1666 1584 918 150 768 748 1056 981 745 260 75 797 5733 528 92 436 818 721 487 62 798 394 184 146 485 125 256
internal_count=9801 3250 6551 1666 1584 918 150 768 748 1056 981 745 260 75 797 5733 528 92 436 818 721 487 62 798 394 184 146 485 125 256
is_linear=0
shrinkage=0.05


Tree=50
num_leaves=31
num_cat=0
split_feature=4 6 6 6 4 1 4 4 3 5 0 0 1 1 4 5 2 2 5 1 0 8 0 5 1 5 1 6 3 0
split_gain=4.05793e+06 355069 349936 60847 46141.3 29306 24379.9 22690.2 19747.9 33234.2 18691.8 23515.7 34995.9 31372.5 30958.8 22511.8 18089.5 17830 27448.3 22997.5 16342.7 34983.4 18256.4 16334.6 15435.4 14772.6 14474 14812.9 13080.1 13795.6
threshold=355.50000000000006 136.50000000000003 629.50000000000011 764.50000000000011 521.50000000000011 485.50000000000006 190.50000000000003 16.500000000000004 99.500000000000014 99.500000000000014 27.250000000000004 24.350000000000005 725.50000000000011 792.50000000000011 589.50000000000011 78.500000000000014 50.500000000000007 38.500000000000007 10.500000000000002 646.50000000000011 19.650000000000002 11.500000000000002 18.950000000000003 30.500000000000004 910.50000000000011 92.500000000000014 409.50000000000006 419.50000000000006 1.0000000180025095e-35 24.550000000000004
decision_type=2 2 2 2 2 2 2 2 2 2 2 2 2 2 2 2 2 2 2 2 2 2 2 2 2 2 2 2 2 2
left_child=1 7 4 10 16 6 -3 -1 9 24 11 13 -13 14 -4 -16 25 18 -6 -19 22 -22 26 -18 28 -2 27 -8 29 -5
right_child=2 5 3 8 17 -7 20 -9 -10 -11 -12 12 -14 -15 15 -17 23 19 -20 -21 21 -23 -24 -25 -26 -27 -28 -29 -30 -31
leaf_value=-0.84055885426497223 0.63217430591856671 -0.26078769628040283 0.33634294172128043 1.2288149271255886 1.552909389664145 1.5210301855677053 0.11003859443410945 -0.55601945133097197 3.7494153022766117 0.78182722946693162 2.1485537179977583 1.4300529922757832 -0.77118600140447202 3.6970170248122445 1.7228115875502024 3.405009534047998 0.63826663581033549 1.4089010349789455 -0.6052190789809595 2.4753368893213441 0.37005919621901673 2.5131114053726198 -1.3441094956968143 1.1701828397870406 2.9009081365611102 -0.56903651079227191 -0.94412370125452671 1.3991084150969983 2.5921579345957273 2.2621528568420004
leaf_weight=5031 218 319 36 39 34 38 312 814 30 29 237 84 23 21 147 23 216 447 26 57 398 20 23 435 185 29 30 24 288 188
leaf_count=5031 218 319 36 39 34 38 312 814 30 29 237 84 23 21 147 23 216 447 26 57 398 20 23 435 185 29 30 24 288 188
internal_value=-9.25032e-10 -0.642121 1.61197 2.19886 1.07807 0.155349 0.10926 -0.800933 2.49219 2.44045 1.80895 1.56797 0.956889 1.85601 1.66833 1.9504 0.855464 1.43251 0.61772 1.52951 0.255537 0.472598 0.0222941 0.993695 2.50917 0.491141 0.108161 0.202115 2.36845 2.08462
internal_weight=9801 7009 2792 1330 1462 1164 1126 5845 759 729 571 334 107 227 206 170 898 564 60 504 807 418 389 651 700 247 366 336 515 227
internal_count=9801 7009 2792 1330 1462 1164 1126 5845 759 729 571 334 107 227 206 170 898 564 60 504 807 418 389 651 700 247 366 336 515 227
is_linear=0
shrinkage=0.05


Tree=51
num_leaves=31
num_cat=0
split_feature=4 4 4 6 1 2 5 1 0 2 0 0 5 6 5 7 5 1 4 4 5 1 4 3 4 5 5 4 1 5
split_gain=3.66434e+06 462878 146153 90359.2 44629.1 22234.2 87954.2 44605.3 21408.1 21195.8 23628.7 20380.3 18631 18184.1 15233.6 18156 16510.2 16407.2 15017.5 14712.1 17964.5 13757.8 13054.9 13231.5 12922.7 12829.8 28005.4 11843.3 11658.2 11562.6
threshold=267.50000000000006 553.50000000000011 67.500000000000014 764.50000000000011 475.50000000000006 40.500000000000007 64.500000000000014 801.50000000000011 20.250000000000004 76.500000000000014 15.65 15.750000000000002 58.500000000000007 209.50000000000003 96.500000000000014 12.500000000000002 81.500000000000014 563.50000000000011 403.50000000000006 679.50000000000011 59.500000000000007 237.50000000000003 879.50000000000011 99.500000000000014 408.50000000000006 81.500000000000014 64.500000000000014 670.50000000000011 925.50000000000011 99.500000000000014
decision_type=2 2 2 2 2 2 2 2 2 2 2 2 2 2 2 2 2 2 2 2 2 2 2 2 2 2 2 2 2 2
left_child=2 4 -1 5 9 6 27 11 -5 10 25 -7 -11 21 16 -16 17 -6 29 -13 -21 -4 23 28 -17 26 -2 -3 -10 -12
right_child=1 3 13 8 14 7 -8 -9 22 12 18 19 -14 -15 15 24 -18 -19 -20 20 -22 -23 -24 -25 -26 -27 -28 -29 -30 -31
leaf_value=-0.7848972415142903 0.071161581048369407 1.2789732944133672 -0.34067057006310186 0.9800994881877193 0.96889538493285521 0.87938409121831274 -1.6420532512068751 3.8081359024047852 2.1517857749783804 0.60551158268200733 0.55462254210724493 1.570066923450846 2.1817646078161292 0.13120615856129889 -0.45845166126887005 1.9180900526046754 2.3173215790268253 1.6775770060325925 0.93301962605196298 1.912640822746537 3.3270617523193362 0.93041476526043643 2.7210712295821593 3.4943615572793143 0.44655272574038118 0.81870804162401911 -1.902180332229251 2.3294343966704147 3.2616979714632039 -0.20526668440018381
leaf_weight=5488 125 86 658 27 288 75 25 25 441 38 472 423 37 383 30 25 34 114 269 220 25 22 234 21 37 38 21 39 25 56
leaf_count=5488 125 86 658 27 288 75 25 25 441 38 472 423 37 383 30 25 34 114 269 220 25 22 234 21 37 38 21 39 25 56
internal_value=2.8999e-09 1.3726 -0.680958 1.95444 0.760644 1.62205 1.06526 1.7308 2.36237 0.572977 0.511039 1.6609 1.38313 -0.144346 1.13598 0.551317 1.25935 1.16986 0.628945 1.74865 2.05697 -0.299547 2.41414 2.26666 1.03991 0.000327806 -0.212675 1.60672 2.21133 0.474028
internal_weight=9801 3250 6551 1666 1584 918 150 768 748 1056 981 743 75 1063 528 92 436 402 797 668 245 680 721 487 62 184 146 125 466 528
internal_count=9801 3250 6551 1666 1584 918 150 768 748 1056 981 743 75 1063 528 92 436 402 797 668 245 680 721 487 62 184 146 125 466 528
is_linear=0
shrinkage=0.05


Tree=52
num_leaves=31
num_cat=0
split_feature=4 6 6 6 4 1 4 4 5 3 0 1 2 5 0 2 0 5 1 6 6 6 2 5 1 0 4 5 3 0
split_gain=3.3095e+06 288616 284660 50386.4 37928.7 24607.3 19927.2 19305.5 18519.9 30021.1 20665.1 16791.1 18880.3 25352.6 15977 38945.8 20887.1 15516.7 16445.5 26354.7 14647.4 17683.2 14639 23019.5 19674.9 13609.3 13414 13146.5 16413 26526.8
threshold=355.50000000000006 136.50000000000003 629.50000000000011 835.50000000000011 521.50000000000011 485.50000000000006 190.50000000000003 3.5000000000000004 99.500000000000014 19.500000000000004 15.050000000000002 605.50000000000011 50.500000000000007 96.500000000000014 24.550000000000004 59.500000000000007 21.550000000000004 89.500000000000014 764.50000000000011 718.50000000000011 468.50000000000006 428.50000000000006 38.500000000000007 10.500000000000002 702.50000000000011 25.750000000000004 948.50000000000011 16.500000000000004 25.500000000000004 17.050000000000004
decision_type=2 2 2 2 2 2 2 2 2 2 2 2 2 2 2 2 2 2 2 2 2 2 2 2 2 2 2 2 2 2
left_child=1 7 4 8 11 6 -3 -1 10 -10 -4 12 13 25 15 -5 -17 18 -12 -20 21 -8 23 -6 -24 -2 -16 -14 29 -29
right_child=2 5 3 14 22 -7 20 -9 9 -11 17 -13 27 -15 26 16 -18 -19 19 -21 -22 -23 24 -25 -26 -27 -28 28 -30 -31
leaf_value=-0.76544611633283299 0.25636174968075037 -0.23769485938572982 0.45570235870502612 0.3582905738584457 1.4137025945326862 1.390509935115513 0.21705267699955544 -0.52820667523937126 1.8408027699499421 -0.51238272086433745 1.6532556154219507 2.1695946693420409 0.47855024929944573 -1.2574486498128286 2.459779141142088 1.1390969270467759 3.0623113484742746 3.237534014284611 3.8896167993545534 2.0010724718782527 -0.89447349501507623 1.3517336328824363 1.3076886087155142 -0.56266158360701346 2.6715156393391748 1.1099915642620011 3.6361055667583759 -0.38965583734734116 1.3346350627583128 0.96522178059625152
leaf_weight=4801 149 319 27 31 34 38 743 1044 33 23 483 21 154 22 357 20 48 20 20 242 28 36 476 26 28 68 26 43 215 226
leaf_count=4801 149 319 27 31 34 38 743 1044 33 23 483 21 154 22 357 20 48 20 20 242 28 36 476 26 28 68 26 43 215 226
internal_value=-6.11286e-09 -0.579891 1.45575 1.98508 0.974215 0.139091 0.0968585 -0.723072 1.75306 0.874316 1.81519 0.772387 0.73893 0.359889 2.39328 1.82707 2.49666 1.86317 1.82627 2.14524 0.229104 0.26949 1.29557 0.557278 1.38346 0.523859 2.53963 0.880922 1.00895 0.748643
internal_weight=9801 7009 2792 1330 1462 1164 1126 5845 848 56 792 898 877 239 482 99 68 765 745 262 807 779 564 60 504 217 383 638 484 269
internal_count=9801 7009 2792 1330 1462 1164 1126 5845 848 56 792 898 877 239 482 99 68 765 745 262 807 779 564 60 504 217 383 638 484 269
is_linear=0
shrinkage=0.05


Tree=53
num_leaves=31
num_cat=0
split_feature=4 4 4 6 1 0 2 5 1 2 0 3 5 8 1 5 4 1 4 4 7 0 1 0 6 4 1 5 5 8
split_gain=2.98771e+06 376420 119529 74327.5 36865.2 24976.2 22785.5 96045.8 45013.4 18489 21156.3 17027.9 16533.2 15880.7 21284.5 14919.4 18580.3 14447.2 15341 14014.4 13290.3 13782.8 25624.1 17306.5 12544.8 12513.6 12491.7 11540.6 25718.9 11258.7
threshold=267.50000000000006 553.50000000000011 67.500000000000014 744.50000000000011 475.50000000000006 19.950000000000003 40.500000000000007 64.500000000000014 754.50000000000011 76.500000000000014 15.65 11.500000000000002 58.500000000000007 4.5000000000000009 256.50000000000006 44.500000000000007 679.50000000000011 702.50000000000011 879.50000000000011 674.50000000000011 15.500000000000002 20.250000000000004 570.50000000000011 17.650000000000002 906.50000000000011 403.50000000000006 621.50000000000011 81.500000000000014 64.500000000000014 3.5000000000000004
decision_type=2 2 2 2 2 2 2 2 2 2 2 2 2 2 2 2 2 2 2 2 2 2 2 2 2 2 2 2 2 2
left_child=2 4 -1 6 9 -5 7 19 15 10 27 -10 -11 -4 -15 -8 -17 -7 24 -3 21 22 29 -24 -19 -12 -23 28 -2 -6
right_child=1 3 13 5 20 17 8 -9 11 12 25 -13 -14 14 -16 16 -18 18 -20 -21 -22 26 23 -25 -26 -27 -28 -29 -30 -31
leaf_value=-0.70887825049041797 0.045878045082092284 1.1048671840218938 -0.36316861319743721 0.8540937205155692 1.1566149808398081 3.2080129831067978 1.2549008439887654 -2.1133577963580255 2.2489132232136195 0.54111827677605973 0.42930001625544256 4.0685222768783573 2.0259815380379962 -0.10165713030424675 0.6693413928978974 1.581755782526695 2.9760027408599856 1.875083461102129 2.4485313671801627 2.3777854318248814 1.4344506852226715 1.0094110037046897 0.48266196250915527 -1.5240649552572343 2.6050746512057179 0.84828313121288235 2.1552682652537309 0.75206990194948098 -1.845194839295887 0.20902503965930508
leaf_weight=5488 125 85 432 39 109 31 429 23 36 38 528 20 37 523 108 163 28 484 232 29 146 158 22 21 67 269 28 38 21 44
leaf_count=5488 125 85 432 39 109 31 429 23 36 38 528 20 37 523 108 163 28 484 232 29 146 158 22 21 67 269 28 38 21 44
internal_value=-1.61758e-08 1.23941 -0.614882 1.7641 0.687558 2.09015 1.42202 0.834031 1.54118 0.516995 0.459147 2.89877 1.27365 -0.129602 0.0303046 1.41856 1.78615 2.14937 2.10746 1.42868 1.02868 0.873602 0.581027 -0.497367 1.96385 0.570713 1.18191 -0.024107 -0.226126 0.884105
internal_weight=9801 3250 6551 1666 1584 853 813 137 676 1056 981 56 75 1063 631 620 191 814 783 114 528 382 196 43 551 797 186 184 146 153
internal_count=9801 3250 6551 1666 1584 853 813 137 676 1056 981 56 75 1063 631 620 191 814 783 114 528 382 196 43 551 797 186 184 146 153
is_linear=0
shrinkage=0.05


Tree=54
num_leaves=31
num_cat=0
split_feature=4 6 6 4 1 5 6 2 5 1 7 0 0 2 6 0 3 0 5 6 4 6 6 3 8 0 4 0 3 2
split_gain=2.69869e+06 263362 216744 55506 22601.8 24039.4 34813.5 18822.3 85100.4 41343.9 18607.6 17491.7 39910.2 16163 15902.9 15773.7 15160.1 14666.8 13966.6 16687.4 13605.8 13600.4 13746.5 13521.9 14644.9 13428 13251.8 12020.3 18031.8 12099.8
threshold=369.50000000000006 136.50000000000003 739.50000000000011 553.50000000000011 348.50000000000006 99.500000000000014 451.50000000000006 40.500000000000007 64.500000000000014 754.50000000000011 13.500000000000002 19.950000000000003 17.750000000000004 56.500000000000007 2.5000000000000004 23.950000000000003 11.500000000000002 23.350000000000005 61.500000000000007 409.50000000000006 460.50000000000006 835.50000000000011 823.50000000000011 45.500000000000007 4.5000000000000009 15.750000000000002 674.50000000000011 25.150000000000002 47.500000000000007 55.500000000000007
decision_type=2 2 2 2 2 2 2 2 2 2 2 2 2 2 2 2 2 2 2 2 2 2 2 2 2 2 2 2 2 2
left_child=1 14 3 13 27 6 18 8 26 25 -7 12 -4 15 -1 17 -11 20 -6 -20 -2 22 -13 24 -23 -9 -5 28 -3 -30
right_child=2 4 11 7 5 10 -8 9 -10 16 -12 21 -14 -15 -16 -17 -18 -19 19 -21 -22 23 -24 -25 -26 -27 -28 -29 29 -31
leaf_value=-0.69241004476701096 0.073586749600232107 -0.27752129099573247 2.3852610969543457 1.0496238298977123 0.86708983832481989 -0.99652215932544908 2.1712433675924938 0.70896988316377008 -2.0386149353601719 2.1394445862088882 0.52203774237355527 1.8958688664330219 -0.57146725803613663 0.96934314747207928 -0.47946014440578566 0.96047115094825897 3.8650961422920229 -0.92010627247038357 0.48332329165367849 -1.2714502477645875 0.77390207847952841 1.2198346847142929 0.74289577092443204 3.2596005168454401 2.2342079543604934 1.423687289137632 2.3037990378482003 0.30371670180474197 -0.3703696694353531 0.45677892096260547
leaf_weight=4773 129 432 25 85 103 38 39 75 22 35 43 337 21 560 1074 167 20 21 42 20 150 39 28 29 406 531 28 285 58 186
leaf_count=4773 129 432 25 85 103 38 39 75 22 35 43 337 21 560 1074 167 20 21 42 20 150 39 28 29 406 531 28 285 58 186
internal_value=-7.82623e-09 -0.51265 1.34277 1.0311 0.147342 0.538383 0.827742 1.34448 0.806481 1.45436 -0.190373 1.98478 1.03545 0.788205 -0.653295 0.570995 2.76695 0.354186 0.510187 -0.0827327 0.4501 2.03683 1.80742 2.21348 2.14531 1.33523 1.36039 0.031373 -0.0834464 0.260162
internal_weight=9801 7093 2708 1823 1246 285 204 796 135 661 81 885 46 1027 5847 467 55 300 165 62 279 839 365 474 445 606 113 961 676 244
internal_count=9801 7093 2708 1823 1246 285 204 796 135 661 81 885 46 1027 5847 467 55 300 165 62 279 839 365 474 445 606 113 961 676 244
is_linear=0
shrinkage=0.05


Tree=55
num_leaves=31
num_cat=0
split_feature=4 6 4 4 4 2 1 5 3 6 0 2 5 0 0 6 0 7 3 7 1 1 4 7 2 0 0 5 5 1
split_gain=2.43693e+06 316200 91902.1 55690.8 43388 21733 21521 20308.8 23882.2 18368.3 17530.5 17044.1 26624 20255.3 15631.5 17585.9 14447.3 13969.5 20815.1 46212.8 20415.8 15282.4 23280.5 44739.4 13592.2 13177.3 12828.2 12683.5 13856.2 12391.5
threshold=261.50000000000006 592.50000000000011 67.500000000000014 712.50000000000011 457.50000000000006 46.500000000000007 621.50000000000011 5.5000000000000009 17.500000000000004 443.50000000000006 29.450000000000003 71.500000000000014 74.500000000000014 15.850000000000003 14.050000000000002 413.50000000000006 24.950000000000003 12.500000000000002 40.500000000000007 13.500000000000002 578.50000000000011 772.50000000000011 576.50000000000011 15.500000000000002 32.500000000000007 20.050000000000004 28.550000000000004 97.500000000000014 37.500000000000007 575.50000000000011
decision_type=2 2 2 2 2 2 2 2 2 2 2 2 2 2 2 2 2 2 2 2 2 2 2 2 2 2 2 2 2 2
left_child=2 4 -1 17 11 7 27 -6 24 16 26 13 -13 14 -2 -16 -4 -3 21 -20 -21 22 23 -19 -9 -24 -5 28 -7 -26
right_child=1 3 9 10 5 6 -8 8 -10 -11 -12 12 -14 -15 15 -17 -18 18 19 20 -22 -23 25 -25 29 -27 -28 -29 -30 -31
leaf_value=-0.64021618927180035 0.38249226854315826 1.5651824904699549 -0.26807965771412318 1.7849548738550496 1.0496654121541835 0.84010865082828845 2.0639171489567127 1.5059889990091326 -1.554690984785557 1.3367321014404299 2.1264844773551839 0.51808918802085047 2.0036267051916745 0.4689004403197517 -0.16376115330334368 -1.7730696578820546 0.16345540929542879 -1.2384300713355725 -1.2948315744046812 2.217390009208962 0.41919773785691516 2.4386603219641581 2.2294720075347207 1.3776511609554292 0.52460392211612905 1.250420207506532 0.99107455702151293 -0.030033028977257865 1.3979688182791925 -1.0129827517271044
leaf_weight=5488 70 278 755 370 83 275 53 20 20 21 434 107 42 720 58 24 261 26 27 27 38 27 44 44 38 157 59 28 187 20
leaf_count=5488 70 278 755 370 83 275 53 20 20 21 434 107 42 720 58 24 261 26 27 27 38 27 44 44 38 157 59 28 187 20
internal_value=1.37158e-09 1.11269 -0.558647 1.63712 0.652573 0.948647 1.10681 0.474163 -0.0132525 -0.126969 1.90243 0.442624 0.936831 0.358178 -0.166298 -0.634778 -0.157223 1.29436 1.10131 0.443898 1.16614 1.30428 1.19126 0.405964 0.381988 1.46474 1.67577 1.00328 1.06591 -0.00559838
internal_weight=9801 3276 6525 1531 1745 724 543 181 98 1037 863 1021 149 872 152 82 1016 668 390 92 65 298 271 70 78 201 429 490 462 58
internal_count=9801 3276 6525 1531 1745 724 543 181 98 1037 863 1021 149 872 152 82 1016 668 390 92 65 298 271 70 78 201 429 490 462 58
is_linear=0
shrinkage=0.05


Tree=56
num_leaves=31
num_cat=0
split_feature=4 4 6 4 1 2 5 1 5 5 2 3 0 0 1 1 6 5 2 0 3 8 4 8 1 8 0 1 4 5
split_gain=2.20285e+06 215029 176906 44574.5 17865.1 16406.9 75277.3 35569.3 16211.7 25014.7 22628.2 32852.3 15093.4 35615.4 14379.6 16977.4 14378.8 22086.7 14270.3 13823.8 13603.3 13449.1 13177.2 12679.7 12188.4 14170 56288.9 17064.8 13108.8 12119.4
threshold=369.50000000000006 131.50000000000003 739.50000000000011 553.50000000000011 348.50000000000006 40.500000000000007 64.500000000000014 754.50000000000011 99.500000000000014 88.500000000000014 60.500000000000007 19.500000000000004 19.950000000000003 17.750000000000004 678.50000000000011 612.50000000000011 462.50000000000006 75.500000000000014 78.500000000000014 15.950000000000001 11.500000000000002 10.500000000000002 2.5000000000000004 4.5000000000000009 702.50000000000011 4.5000000000000009 24.250000000000004 855.50000000000011 660.50000000000011 44.500000000000007
decision_type=2 2 2 2 2 2 2 2 2 2 2 2 2 2 2 2 2 2 2 2 2 2 2 2 2 2 2 2 2 2
left_child=1 22 3 14 23 6 -5 29 9 16 11 -10 13 -4 15 18 17 -6 19 21 -9 -2 -1 -3 -14 26 -26 28 -27 -7
right_child=2 4 12 5 8 7 -8 20 10 -11 -12 -13 24 -15 -16 -17 -18 -19 -20 -21 -22 -23 -24 -25 25 27 -28 -29 -30 -31
leaf_value=-0.62599163759065013 0.43270147189257613 -0.18332572424984039 2.1864405927658082 1.2310842450213644 0.58662509517883188 1.0568591962096181 -1.9657376064495609 1.9380667012929917 -1.1441974983328866 2.1688797602286707 -1.4866537483578379 1.3710740233607153 2.7688246241387198 -0.60666943816911612 -0.6136557912826538 1.6786526256929275 1.7695617771148684 -1.1227380058982157 1.9844476620356244 0.74945704511174527 3.5727147412300115 -0.86039740194877001 -0.432846162970628 0.18430932637979897 2.2557327606461266 2.6806742844758213 -0.22758127114711663 2.1137921664118768 1.5325690246230159 1.5431343756292177
leaf_weight=4764 124 401 25 113 134 422 22 35 21 26 22 34 34 21 20 46 20 22 21 792 20 24 1084 565 55 27 39 370 314 184
leaf_count=4764 124 401 25 113 134 422 22 35 21 26 22 34 34 21 20 46 20 22 21 792 20 24 1084 565 55 27 39 370 314 184
internal_value=-6.1415e-09 -0.463166 1.21316 0.931584 0.133488 1.21242 0.710121 1.315 0.48592 0.721236 -0.131403 0.410698 1.79317 0.911325 0.713918 0.740285 0.507379 0.345561 0.695368 0.66657 2.53248 0.22301 -0.59019 0.0316989 1.84152 1.80236 1.22542 1.87863 1.62347 1.20451
internal_weight=9801 7093 2708 1823 1245 796 135 661 279 202 77 55 885 46 1027 1007 176 156 961 940 55 148 5848 966 839 805 94 711 341 606
internal_count=9801 7093 2708 1823 1245 796 135 661 279 202 77 55 885 46 1027 1007 176 156 961 940 55 148 5848 966 839 805 94 711 341 606
is_linear=0
shrinkage=0.05


Tree=57
num_leaves=31
num_cat=0
split_feature=4 4 6 4 1 2 3 1 1 4 3 3 5 0 2 0 0 0 2 6 6 5 2 5 3 6 5 6 4 3
split_gain=1.98807e+06 195081 159657 40228.5 18441.9 14807.2 70327.8 32403.3 14518.9 13913.3 15801.4 29799.1 13614.3 17054.3 13491.5 13224.6 13254.5 12560.1 12257.2 26421 13156.8 11603.3 23346.2 22575.8 17784.1 12976.9 20050.5 30335.5 11561.7 12284.9
threshold=369.50000000000006 162.50000000000003 739.50000000000011 553.50000000000011 76.500000000000014 40.500000000000007 30.500000000000004 786.50000000000011 348.50000000000006 879.50000000000011 98.500000000000014 46.500000000000007 52.500000000000007 29.450000000000003 56.500000000000007 23.950000000000003 23.350000000000005 15.750000000000002 54.500000000000007 353.50000000000006 384.50000000000006 99.500000000000014 60.500000000000007 88.500000000000014 27.500000000000004 462.50000000000006 61.500000000000007 367.50000000000006 460.50000000000006 15.500000000000002
decision_type=2 2 2 2 2 2 2 2 2 2 2 2 2 2 2 2 2 2 2 2 2 2 2 2 2 2 2 2 2 2
left_child=1 4 3 14 -1 6 -5 17 18 10 11 12 13 -4 15 16 28 -7 19 -3 -20 23 24 25 -23 26 -10 -28 -2 -30
right_child=2 8 9 5 -6 7 -8 -9 21 -11 -12 -13 -14 -15 -16 -17 -18 -19 20 -21 -22 22 -24 -25 -26 -27 27 -29 29 -31
leaf_value=-0.5771674726799717 0.025353507836197699 -0.074686030157228217 1.077333457491974 1.2452211409479519 -0.2496559117924694 0.57078099992374587 -1.6078112531591344 2.9793252761547384 0.72910820297323742 2.0285178999432052 2.5857857362644094 0.083277122128535719 2.1012917395148958 1.7121930351418335 0.84371495937396368 0.83639178669057834 -0.93013636044093551 1.2597964374681139 0.13671233495040569 -1.9761767861247064 1.2292708018730427 -0.65123629577457909 -1.4123210776935924 2.060435785095279 1.238283297148618 1.6810836887359621 1.0542116391658785 -1.4281042788177729 0.28057546029950298 1.1954533042095137
leaf_weight=5537 129 211 164 108 466 75 27 26 104 240 37 34 112 298 560 167 21 560 553 20 29 20 22 26 33 20 20 32 86 64
leaf_count=5537 129 211 164 108 466 75 27 26 104 240 37 34 112 298 560 167 21 560 553 20 29 20 22 26 33 20 20 32 86 64
internal_value=-1.37896e-09 -0.440008 1.1525 0.885005 -0.551743 1.1518 0.674615 1.24925 0.175359 1.70351 1.58258 1.52153 1.60673 1.48683 0.678222 0.479772 0.281254 1.17842 0.0688419 -0.239317 0.191153 0.487988 -0.0430992 0.685174 0.525257 0.48201 0.328283 -0.473367 0.372434 0.670923
internal_weight=9801 7093 2708 1823 6003 796 135 661 1090 885 645 608 574 462 1027 467 300 635 813 231 582 277 75 202 53 176 156 52 279 150
internal_count=9801 7093 2708 1823 6003 796 135 661 1090 885 645 608 574 462 1027 467 300 635 813 231 582 277 75 202 53 176 156 52 279 150
is_linear=0
shrinkage=0.05


Tree=58
num_leaves=31
num_cat=0
split_feature=4 6 4 4 4 0 2 5 3 2 5 3 0 6 0 2 5 1 2 5 5 0 7 3 7 1 2 4 0 3
split_gain=1.79561e+06 233974 67442.8 41699.9 32572 17300.4 16249.3 19656.5 15104.3 26865.3 27705.9 24320.2 21641.4 14548.2 14021.2 13793.9 13692.1 12469.4 12876.2 26942 15646.2 12039.3 11995.6 16960.4 41053.7 18010 12425.3 13570.2 22496.7 15400.8
threshold=261.50000000000006 592.50000000000011 67.500000000000014 712.50000000000011 481.50000000000006 15.950000000000001 46.500000000000007 51.500000000000007 25.500000000000004 45.500000000000007 46.500000000000007 92.500000000000014 26.450000000000003 443.50000000000006 29.450000000000003 76.500000000000014 74.500000000000014 621.50000000000011 66.500000000000014 77.500000000000014 59.500000000000007 24.950000000000003 12.500000000000002 40.500000000000007 13.500000000000002 578.50000000000011 35.500000000000007 553.50000000000011 20.550000000000004 26.500000000000004
decision_type=2 2 2 2 2 2 2 2 2 2 2 2 2 2 2 2 2 2 2 2 2 2 2 2 2 2 2 2 2 2
left_child=2 4 -1 22 5 15 7 -6 12 -10 -11 -12 -7 21 -5 -2 -13 18 19 -8 -20 -4 -3 26 -25 -26 -24 28 -28 -29
right_child=1 3 13 14 6 8 17 -9 9 10 11 16 -14 -15 -16 -17 -18 -19 20 -21 -22 -23 23 24 25 -27 27 29 -30 -31
leaf_value=-0.54941395683085947 -0.13499089454240468 1.3606046419135103 -0.23786156229798172 1.4331131063254077 0.66007255452775193 0.12643441117729864 0.87965592626158318 -0.90320965473850578 -0.7662012408673764 0.29696576081880249 1.8430143625630688 1.5467024222016335 0.72646489278918303 1.192893698101952 1.8361959324042367 0.96798697836471337 0.042994685289336421 1.7389820000300042 1.0610050455943958 -1.0208146595954897 2.5540758941484536 0.15607349896567993 2.136827111023444 -1.3014764591499612 2.0054323205241449 0.31650733445820056 -1.030745655298233 1.0312799333727785 1.1341590020060541 2.349050576210022
leaf_weight=5488 201 278 755 429 124 379 276 24 25 101 99 24 249 21 434 33 41 52 74 20 23 261 27 27 27 38 20 196 30 25
leaf_count=5488 201 278 755 429 124 379 276 24 25 101 99 24 249 21 434 33 41 52 74 20 23 261 27 27 27 38 20 196 30 25
internal_value=-4.82169e-10 0.955123 -0.479538 1.40624 0.559327 0.40434 0.860415 0.406567 0.502167 0.800623 0.948436 1.34965 0.364345 -0.109739 1.63582 0.0205573 0.59821 1.01136 0.915081 0.751246 1.41503 -0.136664 1.10965 0.930757 0.337327 1.01806 1.11396 1.01206 0.268197 1.18035
internal_weight=9801 3276 6525 1531 1745 1152 593 148 918 290 265 164 628 1037 863 234 65 445 393 296 97 1016 668 390 92 65 298 271 50 221
internal_count=9801 3276 6525 1531 1745 1152 593 148 918 290 265 164 628 1037 863 234 65 445 393 296 97 1016 668 390 92 65 298 271 50 221
is_linear=0
shrinkage=0.05


Tree=59
num_leaves=31
num_cat=0
split_feature=4 4 6 6 1 5 0 3 0 4 8 3 4 2 5 4 0 0 5 5 1 1 8 0 1 4 2 6 6 5
split_gain=1.62294e+06 158909 130288 33554.6 15016.9 14825.5 35503.4 84770.4 13937.7 15802.2 14922.9 15242.9 14278.7 13271.5 26448.3 13200.2 12652.9 31393.9 12567.7 12365.7 11907.9 10828.5 11936.3 51136.6 14018.2 11625.3 10805.6 23835.6 10945.2 10164.8
threshold=369.50000000000006 162.50000000000003 739.50000000000011 533.50000000000011 37.500000000000007 93.500000000000014 17.250000000000004 17.500000000000004 15.050000000000002 614.50000000000011 9.5000000000000018 18.500000000000004 525.50000000000011 46.500000000000007 57.500000000000007 755.50000000000011 19.950000000000003 17.750000000000004 77.500000000000014 50.500000000000007 348.50000000000006 702.50000000000011 4.5000000000000009 24.250000000000004 855.50000000000011 660.50000000000011 54.500000000000007 353.50000000000006 384.50000000000006 99.500000000000014
decision_type=2 2 2 2 2 2 2 2 2 2 2 2 2 2 2 2 2 2 2 2 2 2 2 2 2 2 2 2 2 2
left_child=1 4 3 13 -1 8 -7 -8 9 -5 11 15 -12 14 -2 -10 17 -4 -13 -15 26 -18 23 -23 25 -24 27 -3 -28 -22
right_child=2 20 16 5 -6 6 7 -9 10 -11 12 18 -14 19 -16 -17 21 -19 -20 -21 29 22 24 -25 -26 -27 28 -29 -30 -31
leaf_value=-0.52900555553512318 0.48010568073184434 -0.071593788385466275 1.9288145706057549 -0.52628054789134437 -0.29406183421012738 2.0323612158497175 1.2342742797655939 -2.495476019382477 1.0044865752531045 1.0673446807691029 -0.48452674001455309 1.471465925539241 0.88915600153307128 0.5309971312285755 -1.0762181715531784 2.1271964396749223 2.4573724091053011 -0.69354395412263425 2.7679879233950664 0.9743006294640173 0.62552400267507779 1.9989266926592049 2.3807453195254009 -0.36800772654704561 1.8295580306125654 1.2995520930333884 0.12655975712668724 -1.8776562696695329 1.1230700180448334 -0.056111305753389996
leaf_weight=5221 158 211 25 28 782 24 39 25 403 35 22 170 135 464 33 28 34 21 21 238 202 55 27 39 370 314 553 20 29 75
leaf_count=5221 158 211 25 28 782 24 39 25 403 35 22 170 135 464 33 28 34 21 21 238 202 55 27 39 370 314 553 20 29 75
internal_value=-7.05727e-09 -0.397554 1.0413 0.799659 -0.4984 1.00986 0.392346 -0.222659 1.0744 0.359067 1.13225 1.2422 0.696665 0.580748 0.211212 1.07742 1.53906 0.731651 1.61402 0.681291 0.157839 1.58333 1.54642 1.0169 1.61642 1.38516 0.0613741 -0.227963 0.176214 0.440966
internal_weight=9801 7093 2708 1823 6003 930 88 64 842 63 779 622 157 893 191 431 885 46 191 702 1090 839 805 94 711 341 813 231 582 277
internal_count=9801 7093 2708 1823 6003 930 88 64 842 63 779 622 157 893 191 431 885 46 191 702 1090 839 805 94 711 341 813 231 582 277
is_linear=0
shrinkage=0.05


Tree=60
num_leaves=31
num_cat=0
split_feature=4 6 6 6 5 0 3 1 6 4 6 0 3 0 4 8 3 4 0 0 5 3 4 2 5 4 8 5 5 5
split_gain=1.46471e+06 143419 117585 30283 13380 32041.8 76505.3 13209.2 21358.3 18298.5 14127.5 13324.1 19253.9 12578.8 14261.5 13467.9 13756.7 12886.6 12525.9 43405.9 24571.1 17369.7 15991.6 11977.5 23869.6 11913.2 11552.8 11342.3 11198.8 10437.9
threshold=369.50000000000006 136.50000000000003 739.50000000000011 533.50000000000011 93.500000000000014 17.250000000000004 17.500000000000004 485.50000000000006 485.50000000000006 300.50000000000006 426.50000000000006 23.550000000000004 47.500000000000007 15.050000000000002 614.50000000000011 9.5000000000000018 18.500000000000004 525.50000000000011 24.550000000000004 24.150000000000002 98.500000000000014 88.500000000000014 871.50000000000011 46.500000000000007 57.500000000000007 755.50000000000011 11.500000000000002 77.500000000000014 48.500000000000007 57.500000000000007
decision_type=2 2 2 2 2 2 2 2 2 2 2 2 2 2 2 2 2 2 2 2 2 2 2 2 2 2 2 2 2 2
left_child=1 -1 3 23 13 -6 -7 8 10 -9 11 12 -3 14 -5 16 25 -17 19 20 29 22 -20 24 -2 -15 -14 -18 -25 -4
right_child=2 7 18 4 5 6 -8 9 -10 -11 -12 -13 26 15 -16 17 27 -19 21 -21 -22 -23 -24 28 -26 -27 -28 -29 -30 -31
leaf_value=-0.48146492856847289 0.45610039146275183 -0.25409411825641087 1.4226199887127713 -0.49996654008116037 1.9307431866725286 1.1725605671222394 -2.370702273130417 2.0765480995178223 -1.4650118762796576 0.0086288225067698444 0.83583793133970286 0.28881071139348763 0.088937151981027515 0.95426224867718545 1.0139774446828025 -0.46030040588229898 1.3978926312572817 0.84469819592105022 1.3668224163540115 -1.0269013472965784 -0.0097978230033602051 3.0214816677570346 1.9164053408128598 0.49778129064043369 -1.0224072721871464 2.0208366257803783 0.88098884282840617 2.6295886357625324 0.91409257551034306 2.510558301668901
leaf_weight=5847 158 464 145 28 24 39 25 20 22 23 63 420 171 403 35 22 170 135 459 21 28 20 186 450 33 28 63 21 252 26
leaf_count=5847 158 464 145 28 24 39 25 20 22 23 63 420 171 403 35 22 170 135 459 21 28 20 186 450 33 28 63 21 252 26
internal_value=4.64323e-09 -0.377676 0.989238 0.759676 0.959368 0.372729 -0.211526 0.109365 0.078586 0.970452 0.107341 0.0662892 -0.0676062 1.02068 0.341113 1.07564 1.18009 0.661832 1.46211 1.13507 1.36322 1.5703 1.52531 0.55171 0.200651 1.02355 0.302182 1.53331 0.647226 1.58804
internal_weight=9801 7093 2708 1823 930 88 64 1246 1203 43 1181 1118 698 842 63 779 622 157 885 220 199 665 645 893 191 431 234 191 702 171
internal_count=9801 7093 2708 1823 930 88 64 1246 1203 43 1181 1118 698 842 63 779 622 157 885 220 199 665 645 893 191 431 234 191 702 171
is_linear=0
shrinkage=0.05


Tree=61
num_leaves=31
num_cat=0
split_feature=4 1 4 8 0 5 4 1 4 4 3 4 2 5 0 0 6 6 6 6 2 0 6 5 5 3 0 5 6 0
split_gain=1.32546e+06 171452 49781.9 41367.2 68227 133047 37069.1 22030.9 25818.6 21544.9 28440.8 20198.1 12282.1 23543.1 12571.7 15960.6 15699.4 12550.2 11852.9 11730.4 26413.3 11103.7 10745.7 9742.23 12440.3 15109.2 9665.33 9350.78 8913.07 8655.49
threshold=261.50000000000006 621.50000000000011 67.500000000000014 4.5000000000000009 24.250000000000004 10.500000000000002 457.50000000000006 772.50000000000011 674.50000000000011 710.50000000000011 47.500000000000007 573.50000000000011 71.500000000000014 74.500000000000014 15.850000000000003 14.050000000000002 413.50000000000006 553.50000000000011 443.50000000000006 678.50000000000011 62.500000000000007 18.950000000000003 786.50000000000011 41.500000000000007 77.500000000000014 89.500000000000014 25.250000000000004 89.500000000000014 609.50000000000011 21.950000000000003
decision_type=2 2 2 2 2 2 2 2 2 2 2 2 2 2 2 2 2 2 2 2 2 2 2 2 2 2 2 2 2 2
left_child=2 6 -1 4 9 -6 12 28 -9 10 11 -3 14 21 15 -2 -17 -16 26 23 -21 -14 -11 -8 29 -26 -4 -13 -5 -25
right_child=1 3 18 7 5 -7 19 8 -10 22 -12 27 13 -15 17 16 -18 -19 -20 20 -22 -23 -24 24 25 -27 -28 -29 -30 -31
leaf_value=-0.47203632898495668 0.38243580882398176 0.085087475677331298 -0.20646202133912617 1.9625935983657836 1.7260097578167917 -2.6767176225378706 0.58096475717797169 3.2429769847704017 1.5347485721298206 1.2664736484165315 -0.62288915495718689 1.1669935061534245 -0.17831227239572778 1.7332629459244864 0.36335756304377526 -0.17824018782582776 -1.6568380397099718 -0.84937740130857997 1.081499360856556 2.6726278056701025 0.24449474811553956 0.83582416149702954 2.2459814494306389 1.4170244316093061 0.8057533930721027 -0.79523816823959359 0.15206984334829149 2.3347500160336496 1.0690265309754758 0.79575392920875332
leaf_weight=5488 71 36 767 30 32 37 527 23 578 77 31 60 53 42 704 58 26 22 21 24 21 55 44 119 56 20 249 24 400 106
leaf_count=5488 71 36 767 30 32 37 527 23 578 77 31 60 53 42 704 58 26 22 21 24 21 55 44 119 56 20 249 24 400 106
internal_value=-9.05789e-09 0.820609 -0.412002 1.24672 0.769333 -0.634873 0.513556 1.40462 1.60012 1.12555 0.7272 1.07597 0.310545 0.728779 0.239336 -0.169437 -0.635901 0.326608 -0.0942907 0.753309 1.5395 0.338146 1.62266 0.710582 0.937519 0.38444 -0.118593 1.50064 1.13137 1.12434
internal_weight=9801 3276 6525 1372 341 69 1904 1031 601 272 151 120 1031 150 881 155 84 726 1037 873 45 108 121 828 301 76 1016 84 430 225
internal_count=9801 3276 6525 1372 341 69 1904 1031 601 272 151 120 1031 150 881 155 84 726 1037 873 45 108 121 828 301 76 1016 84 430 225
is_linear=0
shrinkage=0.05


Tree=62
num_leaves=31
num_cat=0
split_feature=4 6 1 1 3 4 2 5 6 0 3 0 5 3 0 5 4 7 3 5 3 8 3 1 5 4 0 1 6 6
split_gain=1.19623e+06 156546 45106.5 37236.8 48207.6 18723 16743 26686.6 14645.7 13374.1 32141.7 17780.8 40500.1 70796.1 29220.8 20743.1 17183.2 17738.9 12273.3 11001.8 14806.6 14742.6 16010.6 15103.6 10637.8 10470.9 10342.6 11101.4 9793.76 14274.6
threshold=261.50000000000006 540.50000000000011 110.50000000000001 772.50000000000011 57.500000000000007 403.50000000000006 38.500000000000007 32.500000000000007 732.50000000000011 26.650000000000002 96.500000000000014 17.250000000000004 99.500000000000014 19.500000000000004 14.950000000000001 65.500000000000014 541.50000000000011 12.500000000000002 33.500000000000007 50.500000000000007 97.500000000000014 1.5000000000000002 18.500000000000004 532.50000000000011 16.500000000000004 617.50000000000011 23.450000000000003 697.50000000000011 443.50000000000006 372.50000000000006
decision_type=2 2 2 2 2 2 2 2 2 2 2 2 2 2 2 2 2 2 2 2 2 2 2 2 2 2 2 2 2 2
left_child=2 5 -1 9 8 24 7 -7 -5 11 -11 14 16 -14 25 -16 17 -13 -17 -8 21 -21 23 -23 -2 -3 -18 -28 29 -4
right_child=1 3 28 4 -6 6 19 -9 -10 10 -12 12 13 -15 15 18 26 -19 -20 20 -22 22 -24 -25 -26 -27 27 -29 -30 -31
leaf_value=-0.44029922510191161 -0.061853356331192981 -0.4133363561970847 -0.031879845151722312 2.6268364975085627 -0.61866167002710803 0.47659741342067719 0.51752817557403252 -1.6473869936806815 1.4166440986990929 1.0106176452541138 2.8187957406044006 0.99561228398923518 0.89455235542789591 -2.7226233889659248 1.1090331758278003 1.5656677943468094 1.1679377611395385 -0.68993215270944552 3.2274388780593877 0.09104286884439404 -0.057464474055074877 0.20465870174494658 1.8287461755724697 1.6322867069393396 0.34851067462193142 0.90125716346682927 0.81570013747367298 -0.31782966234065868 1.0274243536449614 -1.3853112715482714
leaf_weight=5732 227 28 752 26 29 50 457 21 650 449 26 27 31 24 69 20 180 37 25 29 31 44 77 32 519 33 108 27 21 20
leaf_count=5732 227 28 752 26 29 50 457 21 650 449 26 27 31 24 69 20 180 37 25 29 31 44 77 32 519 33 108 27 21 20
internal_value=-7.48358e-09 0.779578 -0.391402 1.09469 1.37755 0.400465 0.578483 -0.151623 1.46319 0.910731 1.10959 0.755625 0.584067 -0.683852 1.18109 1.65371 0.768066 0.0211569 2.48887 0.655852 0.952631 1.12468 1.3206 0.805765 0.223641 0.297837 0.919819 0.588994 -0.0379621 -0.0669428
internal_weight=9801 3276 6525 1789 705 1487 741 71 676 1084 475 609 434 55 175 114 379 64 45 670 213 182 153 76 746 61 315 135 793 772
internal_count=9801 3276 6525 1789 705 1487 741 71 676 1084 475 609 434 55 175 114 379 64 45 670 213 182 153 76 746 61 315 135 793 772
is_linear=0
shrinkage=0.05


Tree=63
num_leaves=31
num_cat=0
split_feature=4 6 4 6 0 4 2 5 8 0 5 1 8 4 1 3 5 0 4 5 4 2 8 1 0 6 1 5 1 5
split_gain=1.07959e+06 141283 41243.2 33760.9 19235.6 16897.5 15110.6 24084.7 12988.9 23676.1 19207.2 52069 18730.6 13073.9 11793.5 12354.5 17198.7 11591.7 48591.1 15144.1 11979.1 11532.1 10249.5 14510.2 11598.1 29900 29668.7 10088.4 11605.8 15291
threshold=261.50000000000006 540.50000000000011 64.500000000000014 783.50000000000011 20.350000000000005 403.50000000000006 38.500000000000007 32.500000000000007 2.5000000000000004 17.150000000000002 85.500000000000014 697.50000000000011 9.5000000000000018 544.50000000000011 809.50000000000011 93.500000000000014 45.500000000000007 17.250000000000004 570.50000000000011 82.500000000000014 614.50000000000011 55.500000000000007 4.5000000000000009 260.50000000000006 17.550000000000004 319.50000000000006 296.50000000000006 48.500000000000007 835.50000000000011 82.500000000000014
decision_type=2 2 2 2 2 2 2 2 2 2 2 2 2 2 2 2 2 2 2 2 2 2 2 2 2 2 2 2 2 2
left_child=2 5 -1 8 -5 -2 7 -7 17 21 12 -12 14 -14 15 -11 -17 19 -19 20 -3 -10 24 -24 25 -4 -26 -6 -29 -30
right_child=1 3 22 4 27 6 -8 -9 9 10 11 -13 13 -15 -16 16 -18 18 -20 -21 -22 -23 23 -25 26 -27 -28 28 29 -31
leaf_value=-0.427225478251477 0.21245913214547107 -0.28365522282464162 -0.26344263361632642 -0.098397266670413652 1.2748182728713 0.45276754617691045 0.62305939198396898 -1.5650175886494775 1.2396863272008689 0.96648748002296903 1.3089922811740484 -1.436343763960946 -0.56581983262529734 0.66481779709341016 2.0920209942040624 0.91071334804097814 2.8700471560160321 -2.0882112210988999 1.017713650359827 1.7919595965632684 0.88766519879472661 2.8064473559459051 -0.059372516106606425 0.61090556929770268 -0.28927183359902464 1.684339028029215 -2.4800119328498842 2.3192544168233873 1.8221914511100921 0.21909398351396836
leaf_weight=5464 746 35 319 23 515 50 670 21 23 608 39 31 26 127 27 24 21 20 34 27 58 24 538 95 68 21 20 55 51 21
leaf_count=5464 746 35 319 23 515 50 670 21 23 608 39 31 26 127 27 24 21 20 34 27 58 24 538 95 68 21 20 55 51 21
internal_value=-1.14986e-08 0.7406 -0.371832 1.03996 1.32235 0.380442 0.549558 -0.144042 0.872889 0.945631 0.888684 0.0932006 0.955531 0.45569 1.068 1.02565 1.82507 0.475733 -0.132629 0.749496 0.446846 2.03973 -0.0865638 0.0412221 -0.275556 -0.143138 -0.787167 1.37324 1.77238 1.35462
internal_weight=9801 3276 6525 1789 665 1487 741 71 1124 950 903 70 833 153 680 653 45 174 54 120 93 47 1061 633 428 340 88 642 127 72
internal_count=9801 3276 6525 1789 665 1487 741 71 1124 950 903 70 833 153 680 653 45 174 54 120 93 47 1061 633 428 340 88 642 127 72
is_linear=0
shrinkage=0.05


Tree=64
num_leaves=31
num_cat=0
split_feature=4 1 4 8 0 5 4 3 4 1 6 4 5 0 2 2 5 0 6 1 6 0 6 5 8 7 2 5 3 1
split_gain=974334 128671 37222 34017.5 61895.2 119239 27607.6 18131.5 23377.6 17171.8 14269.8 13711.6 12060.3 11230.3 13173.5 11037.7 20499 11872.4 10642.1 9913.06 10197 9907.18 9729.36 9515.49 22084.4 22656.5 10119.8 16753.7 9258.73 23120.9
threshold=261.50000000000006 621.50000000000011 64.500000000000014 4.5000000000000009 24.250000000000004 10.500000000000002 457.50000000000006 5.5000000000000009 670.50000000000011 809.50000000000011 792.50000000000011 535.50000000000011 66.500000000000014 20.350000000000005 58.500000000000007 71.500000000000014 74.500000000000014 26.050000000000004 688.50000000000011 281.50000000000006 451.50000000000006 18.950000000000003 443.50000000000006 36.500000000000007 9.5000000000000018 12.500000000000002 43.500000000000007 99.500000000000014 25.500000000000004 479.50000000000006
decision_type=2 2 2 2 2 2 2 2 2 2 2 2 2 2 2 2 2 2 2 2 2 2 2 2 2 2 2 2 2 2
left_child=2 6 -1 4 7 -6 15 12 18 11 -11 -5 -3 14 -10 17 21 28 -9 -8 -21 -17 -4 -22 26 -26 -25 -28 -2 -30
right_child=1 3 22 9 5 -7 19 8 13 10 -12 -13 -14 -15 -16 16 -18 -19 -20 20 23 -23 -24 24 25 -27 27 -29 29 -31
leaf_value=-0.40586417927915941 -0.081095405065459647 1.1203645798293027 -0.1037509117269208 2.2213414005611254 1.5373616576194764 -2.6306451288429469 1.6687395256498587 -0.63100957406891722 1.3514291865662451 2.6504643427289052 1.373955741930794 0.97431664503267346 2.2795077614924488 1.9307562113739551 -0.064164458960294726 -0.19349248026901822 1.5961504768757593 0.50096409849246937 0.59339963725634992 0.24859639356856222 0.53398210406686475 0.76444579850543626 0.98328429176693877 1.9429896692978219 1.4051070165634156 -0.66477396125212707 1.1495491542429199 -0.22691733789443971 0.12692439026403718 1.483607986652189
leaf_weight=5464 366 66 1040 23 32 37 23 36 42 23 455 530 34 32 27 53 42 233 35 154 389 55 21 32 20 39 191 25 246 36
leaf_count=5464 366 66 1040 23 32 37 23 36 42 23 455 530 34 32 27 53 42 233 35 154 389 55 21 32 20 39 191 25 246 36
internal_value=3.40157e-09 0.70357 -0.35324 1.07271 0.639805 -0.697656 0.437569 0.979087 0.667816 1.2159 1.43538 1.02618 1.51447 1.15655 0.797501 0.262371 0.658852 0.194866 -0.0274276 0.644475 0.616759 0.294346 -0.0822356 0.698221 0.906328 0.0368806 1.11317 0.990236 0.084803 0.300118
internal_weight=9801 3276 6525 1372 341 69 1904 272 172 1031 478 553 100 101 69 1031 150 881 71 873 850 108 1061 696 307 59 248 216 648 282
internal_count=9801 3276 6525 1372 341 69 1904 272 172 1031 478 553 100 101 69 1031 150 881 71 873 850 108 1061 696 307 59 248 216 648 282
is_linear=0
shrinkage=0.05


Tree=65
num_leaves=31
num_cat=0
split_feature=4 4 6 6 5 3 2 5 1 3 0 5 6 6 3 8 7 0 1 1 4 5 0 5 3 4 0 2 5 0
split_gain=879440 91431.5 72528.1 17815.8 15578.2 23850.1 11718.7 28679.2 11713.3 10852.3 20357.9 10324 10115.3 13058.2 10130.4 16119.6 13952.1 11839.1 10957.2 9766.04 9298.5 14082.7 11693.1 37613.4 35960.8 10820.5 10762.1 9246.64 14427.8 10460.9
threshold=372.50000000000006 162.50000000000003 739.50000000000011 553.50000000000011 93.500000000000014 14.500000000000002 38.500000000000007 36.500000000000007 605.50000000000011 98.500000000000014 19.950000000000003 9.5000000000000018 533.50000000000011 488.50000000000006 46.500000000000007 11.500000000000002 12.500000000000002 15.550000000000002 381.50000000000006 1.5000000000000002 931.50000000000011 36.500000000000007 29.450000000000003 10.500000000000002 1.5000000000000002 849.50000000000011 28.350000000000005 66.500000000000014 56.500000000000007 15.65
decision_type=2 2 2 2 2 2 2 2 2 2 2 2 2 2 2 2 2 2 2 2 2 2 2 2 2 2 2 2 2 2
left_child=1 19 3 6 -5 -6 7 -2 27 10 -4 -3 13 14 17 18 -17 -13 -16 -1 21 22 23 -12 -25 -23 -26 29 -29 -8
right_child=2 11 9 4 5 -7 8 -9 -10 -11 20 12 -14 -15 15 16 -18 -19 -20 -21 -22 25 -24 24 26 -27 -28 28 -30 -31
leaf_value=-0.40134657873120594 0.41340434903631346 -0.14341584856518441 -0.11432024421113912 0.8292074073081116 0.94235634717502093 -0.85356793796850572 -0.14412815473889085 -1.5756430208062133 1.2381259638889164 1.9360233745923858 1.2941620732226022 -0.40176025215460331 -0.77874245643615725 1.443911536037922 0.43106816930696373 0.36581508715947475 1.9955708174869935 0.20162097652358801 -0.68662721102054303 -0.24550936118799527 1.6506436424595969 1.1860240309572905 1.1178232028509851 -1.6341064621662273 1.2848697238243545 1.8855632273615273 -0.25788321942090991 0.43133677748361032 1.2949341455474497 0.44406846921626864
leaf_weight=4726 74 270 33 747 38 36 88 24 51 41 82 98 25 22 140 24 29 477 26 1277 84 278 222 29 26 69 20 133 76 536
leaf_count=4726 74 270 33 747 38 36 88 24 51 41 82 98 25 22 140 24 29 477 26 1277 84 278 222 29 26 69 20 133 76 536
internal_value=-6.81539e-09 -0.291082 0.770657 0.588763 0.760657 0.0686635 0.445052 -0.0737093 0.502562 1.14165 1.10301 0.125584 0.211946 0.242298 0.209004 0.498394 1.25757 0.0987838 0.256007 -0.368196 1.15261 1.09498 0.884269 0.55402 -0.255202 1.32513 0.614108 0.457527 0.745372 0.361118
internal_weight=9801 7114 2687 1803 821 74 982 98 884 884 843 1111 841 816 794 219 53 575 166 6003 810 726 379 157 75 347 46 833 209 624
internal_count=9801 7114 2687 1803 821 74 982 98 884 884 843 1111 841 816 794 219 53 575 166 6003 810 726 379 157 75 347 46 833 209 624
is_linear=0
shrinkage=0.05


Tree=66
num_leaves=31
num_cat=0
split_feature=4 1 1 8 0 5 4 3 4 1 0 3 1 2 1 1 5 6 0 3 4 1 5 0 3 0 2 3 6 2
split_gain=795074 105220 30578.1 28854.9 56140 105745 23002.7 16718.6 19885.3 14234.1 13264.9 21742.2 27255.5 22744.1 21554 14219.5 19373.5 13195 12689.7 17357.1 12317.8 11934.3 11030 9904.68 10243.3 17761.8 9733.14 23826.4 9518.89 20485.3
threshold=261.50000000000006 621.50000000000011 110.50000000000001 4.5000000000000009 24.250000000000004 10.500000000000002 436.50000000000006 5.5000000000000009 670.50000000000011 809.50000000000011 23.650000000000002 25.500000000000004 485.50000000000006 47.500000000000007 506.50000000000006 447.50000000000006 71.500000000000014 792.50000000000011 16.150000000000002 84.500000000000014 535.50000000000011 285.50000000000006 66.500000000000014 20.650000000000002 62.500000000000007 18.050000000000004 59.500000000000007 21.500000000000004 663.50000000000011 62.500000000000007
decision_type=2 2 2 2 2 2 2 2 2 2 2 2 2 2 2 2 2 2 2 2 2 2 2 2 2 2 2 2 2 2
left_child=2 6 -1 4 7 -6 10 22 26 20 11 14 13 -13 -2 16 -15 -11 -18 -20 -5 -8 -3 24 25 -10 27 -9 -23 -30
right_child=1 3 -4 9 5 -7 21 8 23 17 -12 12 -14 15 -16 -17 18 -19 19 -21 -22 28 -24 -25 -26 -27 -28 -29 29 -31
leaf_value=-0.3593547540143443 -0.10473490229735649 1.0309928851710124 -0.028089679467103071 2.061304125578507 1.4016584217548371 -2.5234278363150522 1.5456471705436707 -0.87549244978211149 1.1993527984619141 2.4695017328404862 0.47507293382833099 -1.1346130705542035 2.0352088223332947 0.11310007067059909 -1.7647622034663248 -0.76257659196853644 0.40249081702814221 1.2420092524084581 2.6850158765202479 0.84619503066395263 0.8793610098346506 0.49467779576222526 2.139521318148164 1.9574760976045029 1.4637603901326657 -0.77312699684074948 -0.92000357725403537 1.341191977483255 2.074280499178788 0.076120396282361905
leaf_weight=5732 284 66 793 23 32 37 30 22 25 23 322 27 23 127 21 24 42 455 21 33 530 898 34 23 32 21 22 27 29 23
leaf_count=5732 284 66 793 23 32 37 30 22 25 23 322 27 23 127 21 24 42 455 21 33 530 898 34 23 32 21 22 27 29 23
internal_value=-3.54057e-09 0.635561 -0.319095 0.969374 0.570666 -0.703098 0.395019 0.89379 0.594894 1.10125 0.216039 0.0774864 0.381992 0.243218 -0.219032 0.393831 0.518287 1.30107 1.05432 1.56129 0.92852 0.56377 1.40789 1.04565 0.776775 0.298873 -0.0463201 0.345946 0.532764 1.19048
internal_weight=9801 3276 6525 1372 341 69 1904 272 172 1031 924 602 297 274 305 247 223 478 96 54 553 980 100 101 78 46 71 49 950 52
internal_count=9801 3276 6525 1372 341 69 1904 272 172 1031 924 602 297 274 305 247 223 478 96 54 553 980 100 101 78 46 71 49 950 52
is_linear=0
shrinkage=0.05


Tree=67
num_leaves=31
num_cat=0
split_feature=4 1 8 0 5 4 6 6 3 4 8 5 2 2 5 0 8 2 6 7 5 1 5 5 6 0 0 6 7 5
split_gain=718301 103965 26041.5 50666.4 95435.1 23451.5 19264 16610.1 15088.5 17946.4 13644.8 13627.6 14108.3 13082.5 11563.4 10249.4 13802.8 16656.8 13212.8 11783.3 15965.5 10377.3 9954.6 9729.48 9694 9109.49 11307.7 9098.38 10188.9 8680.35
threshold=227.50000000000003 621.50000000000011 4.5000000000000009 24.250000000000004 10.500000000000002 457.50000000000006 67.500000000000014 566.50000000000011 5.5000000000000009 670.50000000000011 8.5000000000000018 52.500000000000007 61.500000000000007 53.500000000000007 62.500000000000007 15.850000000000003 10.500000000000002 67.500000000000014 319.50000000000006 13.500000000000002 67.500000000000014 281.50000000000006 66.500000000000014 66.500000000000014 688.50000000000011 20.350000000000005 18.950000000000003 331.50000000000006 12.500000000000002 41.500000000000007
decision_type=2 2 2 2 2 2 2 2 2 2 2 2 2 2 2 2 2 2 2 2 2 2 2 2 2 2 2 2 2 2
left_child=6 5 3 8 -5 7 -1 15 22 24 11 -4 13 -13 -14 16 17 19 -19 20 -2 -18 -3 -15 -10 26 -11 -8 -29 -7
right_child=1 2 10 4 -6 29 27 -9 9 25 -12 12 14 23 -16 -17 21 18 -20 -21 -22 -23 -24 -25 -26 -27 -28 28 -30 -31
leaf_value=-0.34871171330498651 -0.10991188533165877 0.9794432309540837 1.0600005240654833 1.3315755106508733 -2.3972564819696789 0.43327381823198263 -0.13229399150530269 -1.0615617656707765 -0.6200738128688601 1.0933623466640712 0.71141322614585478 1.9653165268175532 1.5875510004433719 1.4002207779884339 3.2487066066265111 0.31710866908426016 -0.064757370490294244 0.19034135035566382 1.6450437958593722 0.40077946448326113 -1.7213988239114937 -1.4774245473054739 2.0325452401357538 -0.15938510358333591 0.54852467149496087 1.690643489174545 -0.29771755912474224 -0.15858747243881227 1.4374177610874177 0.75901717227806742
leaf_weight=5489 51 66 681 32 37 546 846 25 36 48 235 33 22 20 20 917 26 37 27 50 22 26 34 20 35 32 21 20 20 327
leaf_count=5489 51 66 681 32 37 546 846 25 36 48 235 33 22 20 20 917 26 37 27 50 22 26 34 20 35 32 21 20 20 327
internal_value=1.36884e-09 0.583895 0.920905 0.542133 -0.667943 0.358783 -0.313792 0.213526 0.849101 0.565149 1.04618 1.14502 1.64846 1.22839 2.37858 0.241102 -0.050524 0.149848 0.804044 -0.190547 -0.595565 -0.771091 1.3375 0.620418 -0.0440041 0.993366 0.66999 -0.0974538 0.639415 0.555288
internal_weight=9801 3426 1372 341 69 2054 6375 1181 272 172 1031 796 115 73 42 1156 239 187 64 123 73 52 100 40 71 101 69 886 40 873
internal_count=9801 3426 1372 341 69 2054 6375 1181 272 172 1031 796 115 73 42 1156 239 187 64 123 73 52 100 40 71 101 69 886 40 873
is_linear=0
shrinkage=0.05


Tree=68
num_leaves=31
num_cat=0
split_feature=4 4 6 4 8 0 1 4 5 3 0 0 6 3 3 7 5 5 7 1 0 4 3 2 5 5 1 2 5 1
split_gain=648328 67776.7 54754.9 13280.7 10173.1 38609.3 23290.8 12424.1 12824.8 10151.9 17646.2 9403.88 17926.5 13236.4 13557.4 31293.2 14201.9 12830.7 9832.69 9859.43 9655.96 8661.05 8534.12 23234.7 23207.7 8291.56 8211.27 7947.2 8938.52 24551.1
threshold=372.50000000000006 175.50000000000003 739.50000000000011 521.50000000000011 4.5000000000000009 24.650000000000002 783.50000000000011 670.50000000000011 57.500000000000007 98.500000000000014 19.950000000000003 20.250000000000004 533.50000000000011 29.500000000000004 17.500000000000004 16.500000000000004 66.500000000000014 63.500000000000007 10.500000000000002 400.50000000000006 22.450000000000003 1.5000000000000002 4.5000000000000009 41.500000000000007 49.500000000000007 45.500000000000007 266.50000000000006 50.500000000000007 49.500000000000007 475.50000000000006
decision_type=2 2 2 2 2 2 2 2 2 2 2 2 2 2 2 2 2 2 2 2 2 2 2 2 2 2 2 2 2 2
left_child=1 21 3 27 5 7 -6 22 -9 10 -4 12 13 14 -3 16 -16 -13 -15 26 -19 -1 24 -24 -5 -11 -20 28 -2 -30
right_child=2 11 9 4 6 -7 -8 8 -10 25 -12 17 -14 18 15 -17 -18 20 19 -21 -22 -23 23 -25 -26 -27 -28 -29 29 -31
leaf_value=-0.34600778597803022 0.32462959304834027 -0.013365147744069258 -0.18669023297049783 0.240777273701899 0.71280172648876905 -1.4148516738070893 2.4528605157136916 0.76630153020314129 2.1437078779935841 1.0584412553480693 0.99284095896919622 0.1564332487019815 -1.4899471592903137 -0.17955059669434259 -0.77038592006201334 0.73699961020832971 -2.5921751236915593 1.4786522072904251 0.69039144745239855 1.3367218675284551 0.4239821537335714 -0.20229924820646872 -1.2880698478740196 0.39959678656318126 1.8815644007176162 2.4809518623352051 -0.042336817900339767 0.45301366726922637 -1.7445801954377782 0.23696692312757173
leaf_weight=4718 156 209 33 66 500 26 20 109 20 21 810 401 20 78 23 21 20 34 78 29 60 1348 23 180 32 20 75 595 22 54
leaf_count=4718 156 209 33 66 500 26 20 109 20 21 810 401 20 78 23 21 20 34 78 29 60 1348 23 180 32 20 75 595 22 54
internal_value=-4.02003e-09 -0.249925 0.661691 0.503648 0.628562 0.45618 0.779727 0.569312 0.979853 0.984035 0.946667 0.121374 -0.0203298 0.0348153 -0.208347 -0.845084 -1.61773 0.279682 0.290136 0.49143 0.805459 -0.314073 0.393366 0.208383 0.776544 1.75235 0.331211 0.356228 0.108007 -0.336639
internal_weight=9801 7114 2687 1803 976 456 520 430 129 884 843 1048 553 533 273 64 43 495 260 182 94 6066 301 203 98 41 153 827 232 76
internal_count=9801 7114 2687 1803 976 456 520 430 129 884 843 1048 553 533 273 64 43 495 260 182 94 6066 301 203 98 41 153 827 232 76
is_linear=0
shrinkage=0.05


Tree=69
num_leaves=31
num_cat=0
split_feature=4 1 8 0 5 4 6 6 0 3 1 2 1 0 3 2 4 5 8 5 2 3 4 1 5 1 4 1 5 5
split_gain=585942 84740.7 21960.5 44253 86617.2 19548.6 15751.7 13495.8 13370.5 13703.4 30331.1 22596.9 20000.9 16000.4 12616.8 26236.6 16481 15721.9 11947.9 12163.3 12524.8 13024.4 11007.5 25075.8 15812.7 18046 11411.8 10764.6 10331.7 10263.3
threshold=227.50000000000003 621.50000000000011 4.5000000000000009 24.250000000000004 10.500000000000002 436.50000000000006 67.500000000000014 801.50000000000011 23.650000000000002 25.500000000000004 485.50000000000006 47.500000000000007 506.50000000000006 19.550000000000004 47.500000000000007 55.500000000000007 573.50000000000011 89.500000000000014 8.5000000000000018 52.500000000000007 61.500000000000007 1.5000000000000002 292.50000000000006 246.50000000000003 76.500000000000014 358.50000000000006 372.50000000000006 281.50000000000006 45.500000000000007 62.500000000000007
decision_type=2 2 2 2 2 2 2 2 2 2 2 2 2 2 2 2 2 2 2 2 2 2 2 2 2 2 2 2 2 2
left_child=6 5 3 7 -5 8 -1 14 9 12 11 -11 -2 22 16 -16 -3 -18 19 -4 21 -21 23 -13 26 -26 28 -7 -24 -22
right_child=1 2 18 4 -6 27 -8 -9 -10 10 -12 13 -14 -15 15 -17 17 -19 -20 20 29 -23 24 -25 25 -27 -28 -29 -30 -31
leaf_value=-0.31498675192204911 -0.075761907026954789 -0.17640546424048287 0.9588308135368937 1.2577988043427468 -2.2945922039650584 1.4701164290308952 -0.087786021385248325 1.5513321886891904 0.42164002912352494 -1.1398301243782043 1.9861199110746384 0.41755089984314209 -1.6667429631664641 1.1707860424075016 0.94238390237092973 -1.4872716000676156 0.77891435688835076 2.0968035572341512 0.6334021377468364 1.7425630162923764 1.4574671305716038 0.40369083180147058 -0.16024047280802872 -1.3145981332740269 1.6286436620354654 0.074011981657573153 -0.71063688706606631 0.45771268894475697 1.2386030457236552 3.0224587237834935
leaf_weight=5489 333 35 681 32 37 27 886 46 367 31 24 48 21 43 25 20 118 28 235 39 22 34 33 37 40 35 40 953 22 20
leaf_count=5489 333 35 681 32 37 27 886 46 367 31 24 48 21 43 25 20 118 28 235 39 22 34 33 37 40 35 40 953 22 20
internal_value=-2.6805e-09 0.527362 0.831622 0.483793 -0.647107 0.324126 -0.28341 0.770675 0.17678 0.0496746 0.270114 0.144934 -0.170142 0.278584 0.61178 -0.137463 0.798056 1.03166 0.946666 1.03915 1.51477 1.11898 0.128135 -0.336443 0.360424 0.903149 -0.0680436 0.485605 0.399297 2.2027
internal_weight=9801 3426 1372 341 69 2054 6375 272 1074 707 353 329 354 298 226 45 181 146 1031 796 115 73 255 85 170 75 95 980 55 42
internal_count=9801 3426 1372 341 69 2054 6375 272 1074 707 353 329 354 298 226 45 181 146 1031 796 115 73 255 85 170 75 95 980 55 42
is_linear=0
shrinkage=0.05


Tree=70
num_leaves=31
num_cat=0
split_feature=6 4 4 5 5 2 8 3 4 4 6 3 4 4 8 8 5 0 0 0 2 2 5 5 0 2 0 0 2 2
split_gain=529981 63723.1 41524.1 15330.4 37518.2 33139 20557.7 18826.4 34589.9 48263.3 22864.8 19604 25581.6 15204.7 15132.1 15047.5 18153.2 22869.2 13769.9 13085.9 18858.3 18365.4 17291.1 14778.1 10517.3 10503.6 8719.39 12155 10176.2 16461.9
threshold=406.50000000000006 183.50000000000003 712.50000000000011 99.500000000000014 89.500000000000014 62.500000000000007 2.5000000000000004 45.500000000000007 502.50000000000006 384.50000000000006 468.50000000000006 20.500000000000004 428.50000000000006 535.50000000000011 1.5000000000000002 9.5000000000000018 34.500000000000007 16.850000000000005 16.550000000000004 19.950000000000003 62.500000000000007 56.500000000000007 49.500000000000007 48.500000000000007 14.65 62.500000000000007 29.450000000000003 28.550000000000004 35.500000000000007 48.500000000000007
decision_type=2 2 2 2 2 2 2 2 2 2 2 2 2 2 2 2 2 2 2 2 2 2 2 2 2 2 2 2 2 2
left_child=1 -1 3 4 6 -6 13 11 9 10 -9 12 -5 14 25 16 -8 -18 -17 -20 21 23 -22 -21 -16 -2 27 28 -4 -30
right_child=2 -3 26 7 5 -7 15 8 -10 -11 -12 -13 -14 -15 24 18 17 -19 19 20 22 -23 -24 -25 -26 -27 -28 -29 29 -31
leaf_value=-0.28351444139210374 -0.26210668668860482 0.1263436024665637 -0.15809765240798396 -0.95161733800131421 0.88125331742422919 3.4326163887977601 0.39162890048081622 0.30299792231424999 -2.2546814779440565 2.0596541708423977 -1.9031432772676151 1.4948654809418847 0.75088024144632781 0.40234125353569211 -0.15481863220532735 -0.89538897262967154 2.490861611139207 0.80499954786167249 1.130328231987854 0.38077323935867757 0.30087877780199057 1.2461339158170364 -1.7533505087807066 -0.88733673670462199 -1.5489927008267372 1.1074347609565371 1.0527008249463026 0.069681007074097454 1.619866600903598 0.74818386074081555
leaf_weight=6098 42 1123 24 36 35 20 316 23 21 21 24 34 57 172 24 23 21 478 48 128 20 51 21 28 31 21 434 59 66 302
leaf_count=6098 42 1123 24 36 35 20 316 23 21 21 24 34 57 172 24 23 21 478 48 128 20 51 21 28 31 21 434 59 66 302
internal_value=-4.00384e-09 -0.219774 0.615111 0.470168 0.527634 1.80902 0.478142 0.0766913 -0.480922 0.0668566 -0.823542 0.46746 0.0918489 0.102469 -0.334634 0.574213 0.688163 0.875948 0.283089 0.37466 0.228402 0.422446 -0.751287 0.153164 -0.940626 0.194407 0.892714 0.738757 0.83946 0.904518
internal_weight=9801 7221 2580 1695 1479 55 1424 216 89 68 47 127 93 290 118 1134 815 499 319 296 248 207 41 156 55 63 885 451 392 368
internal_count=9801 7221 2580 1695 1479 55 1424 216 89 68 47 127 93 290 118 1134 815 499 319 296 248 207 41 156 55 63 885 451 392 368
is_linear=0
shrinkage=0.05


Tree=71
num_leaves=31
num_cat=0
split_feature=6 4 4 5 5 2 8 3 4 4 6 3 4 1 4 8 5 0 8 0 4 3 1 0 6 7 4 2 0 2
split_gain=478308 57802.5 37475.5 13835.7 33860.2 29908 18553.3 16990.8 31217.4 43557.6 20635.5 17831.8 23137.8 18510.5 13722.2 13705.5 18632.8 19204.8 13656.7 13637 12495.7 10465.2 20836.4 19641.4 10163.6 9855.53 9719.43 15237.1 9491.86 9479.5
threshold=406.50000000000006 126.50000000000001 712.50000000000011 99.500000000000014 89.500000000000014 62.500000000000007 2.5000000000000004 45.500000000000007 502.50000000000006 384.50000000000006 468.50000000000006 6.5000000000000009 428.50000000000006 506.50000000000006 535.50000000000011 8.5000000000000018 44.500000000000007 16.850000000000005 1.5000000000000002 16.550000000000004 690.50000000000011 41.500000000000007 443.50000000000006 21.350000000000005 640.50000000000011 12.500000000000002 428.50000000000006 62.500000000000007 14.65 62.500000000000007
decision_type=2 2 2 2 2 2 2 2 2 2 2 2 2 2 2 2 2 2 2 2 2 2 2 2 2 2 2 2 2 2
left_child=1 -1 3 4 6 -6 14 11 9 10 -9 12 -5 -13 18 16 -8 -18 29 -17 26 22 -21 -23 -15 -25 27 -19 -20 -2
right_child=2 -3 -4 7 5 -7 15 8 -10 -11 -12 13 -14 24 -16 19 17 20 28 21 -22 23 -24 25 -26 -27 -28 -29 -30 -31
leaf_value=-0.2781612898752841 -0.24900136572264492 0.079670744784974629 0.84807811246416664 -1.3376235612630845 0.83719065666198744 3.2609855604171756 0.45296283659507647 0.28784801519435382 -2.1419474601745607 1.9566714593342374 -1.8079861173406244 2.2440706448895589 0.63142238919799398 -0.253902484724919 0.38222419998586871 -0.85061953077497687 2.4797482877969745 1.2959651564774308 -0.14707770471771558 -0.95229817572981124 -0.24056062853854634 1.8215807060985005 0.38946689834034948 1.0361769034016517 1.272257082462311 -0.14524084416831412 1.127024321725979 -0.45533238958429412 -1.4715430539461876 1.0520629972219468
leaf_weight=5821 42 1400 885 25 35 20 371 23 21 21 24 21 37 24 172 23 20 23 24 32 23 34 302 31 20 41 207 27 31 21
leaf_count=5821 42 1400 885 25 35 20 371 23 21 21 24 21 37 24 172 23 20 23 24 32 23 34 302 31 20 41 207 27 31 21
internal_value=-2.94696e-09 -0.208785 0.584356 0.44666 0.501252 1.71857 0.454235 0.0728567 -0.456876 0.0635138 -0.782365 0.444087 -0.162548 1.02272 0.0973453 0.545503 0.689894 0.982898 -0.317902 0.336245 0.87598 0.398286 0.260915 0.831135 0.439806 0.363425 0.975904 0.350264 -0.893595 0.184687
internal_weight=9801 7221 2580 1695 1479 55 1424 216 89 68 47 127 62 65 290 1134 671 300 118 463 280 440 334 106 44 72 257 50 55 63
internal_count=9801 7221 2580 1695 1479 55 1424 216 89 68 47 127 62 65 290 1134 671 300 118 463 280 440 334 106 44 72 257 50 55 63
is_linear=0
shrinkage=0.05


Tree=72
num_leaves=31
num_cat=0
split_feature=4 6 0 1 4 0 0 2 5 0 0 5 0 5 0 2 0 3 2 1 3 6 5 8 8 4 0 1 1 6
split_gain=432757 62818.1 19141.1 12409.6 11245.3 11188.9 15141.9 10376.9 26997.9 9810.34 37332.2 28043.7 17814 34364.9 23692.7 17898.8 14721.7 11905.5 19981.2 11119.5 10860.9 10776.7 15424.7 61331.8 18080.2 26807.8 14993.1 13482.6 15022.1 13165.7
threshold=227.50000000000003 540.50000000000011 29.250000000000004 1.5000000000000002 861.50000000000011 10.550000000000002 15.850000000000003 38.500000000000007 55.500000000000007 17.250000000000004 17.550000000000004 81.500000000000014 19.750000000000004 99.500000000000014 22.350000000000005 63.500000000000007 15.950000000000001 28.500000000000004 59.500000000000007 575.50000000000011 25.500000000000004 583.50000000000011 10.500000000000002 4.5000000000000009 9.5000000000000018 576.50000000000011 28.550000000000004 772.50000000000011 718.50000000000011 775.50000000000011
decision_type=2 2 2 2 2 2 2 2 2 2 2 2 2 2 2 2 2 2 2 2 2 2 2 2 2 2 2 2 2 2
left_child=3 5 9 -1 -4 -2 -7 8 -8 11 -11 16 13 15 17 20 19 18 -14 -3 -12 -16 -23 -24 26 -26 27 28 -25 -28
right_child=1 2 4 -5 -6 6 7 -9 -10 10 12 -13 14 -15 21 -17 -18 -19 -20 -21 -22 22 23 24 25 -27 29 -29 -30 -31
leaf_value=-0.28476976092417666 1.2789254565238952 0.67402482543672837 0.74937798079825413 -0.12546368835197694 1.2187503150934298 -0.09795370221138 0.22071838251780718 0.32967840512552021 -1.7936599756990159 -1.6742493271827699 0.17637455190875029 1.9799599597620412 1.8408185386977025 -1.6276501377423604 1.0221829987670246 -0.9266071516275407 1.0698909331811592 1.8450010254647997 0.37050233816399292 -0.5612049492566209 1.3971592854389123 0.75585458883941381 -1.7610632992453046 0.87820767389876497 -1.7986540871007102 0.34322660087297363 0.5178326495736838 1.2748870465862616 -0.35662080206369101 -0.92743071065499239
leaf_weight=4726 25 35 521 1649 169 315 80 1195 21 20 38 43 35 27 76 20 64 45 68 38 35 188 36 70 21 48 40 89 38 26
leaf_count=4726 25 35 521 1649 169 315 80 1195 21 20 38 43 35 27 76 20 64 45 68 38 35 188 36 70 21 48 40 89 38 26
internal_value=3.68835e-09 0.453214 0.657898 -0.243563 0.86434 0.229263 0.212974 0.288547 -0.198113 0.528403 0.462355 0.86598 0.509835 -0.0572991 0.597086 0.398609 0.516337 1.16654 0.870124 0.0310285 0.761682 0.463733 0.387398 0.199165 0.41172 -0.30865 0.600715 0.819228 0.443731 -0.0515135
internal_weight=9801 3426 1790 6375 690 1636 1611 1296 101 1100 920 180 900 120 780 93 137 148 103 73 73 632 556 368 332 69 263 197 108 66
internal_count=9801 3426 1790 6375 690 1636 1611 1296 101 1100 920 180 900 120 780 93 137 148 103 73 73 632 556 368 332 69 263 197 108 66
is_linear=0
shrinkage=0.05


Tree=73
num_leaves=31
num_cat=0
split_feature=6 4 0 5 5 3 6 2 1 3 6 4 8 0 0 5 8 4 3 5 1 8 2 2 1 4 4 1 5 5
split_gain=391942 56269.2 27332.3 15438.7 46945.8 40717.3 36640.9 20273.6 17405.7 19709.1 21722.3 16729.5 14965.7 12695.6 17513.4 17172.5 16927.1 22749.6 16001.4 19512 14871.9 12382.4 11300.4 20495.5 14290.1 13387.5 10927.6 9879.09 18082.5 23739.7
threshold=428.50000000000006 197.50000000000003 29.250000000000004 99.500000000000014 89.500000000000014 92.500000000000014 514.50000000000011 61.500000000000007 757.50000000000011 20.500000000000004 553.50000000000011 525.50000000000011 3.5000000000000004 15.950000000000001 23.450000000000003 78.500000000000014 2.5000000000000004 535.50000000000011 19.500000000000004 58.500000000000007 499.50000000000006 3.5000000000000004 66.500000000000014 58.500000000000007 535.50000000000011 614.50000000000011 861.50000000000011 528.50000000000011 45.500000000000007 10.500000000000002
decision_type=2 2 2 2 2 2 2 2 2 2 2 2 2 2 2 2 2 2 2 2 2 2 2 2 2 2 2 2 2 2
left_child=1 -1 3 4 13 8 -7 -6 9 11 -11 12 -5 22 16 27 17 20 -18 -20 -15 -21 23 24 -2 -26 -4 -16 29 -29
right_child=2 -3 26 5 7 6 -8 -9 -10 10 -12 -13 -14 14 15 -17 18 -19 19 21 -22 -23 -24 -25 25 -27 -28 28 -30 -31
leaf_value=-0.24166742243827521 0.84378869827534708 0.1331055716643301 0.70055991730769174 -1.9191606039092655 1.104047637864163 0.22933952393739121 -2.5103437203627368 2.9373911237716679 1.6692819464951754 1.7897838373338022 -0.26453774300488558 0.5593259949837962 -0.053075217387892983 0.1347707487642765 -0.035279919087973448 -1.099591602597918 0.54302737404148294 0.71190882281440759 0.83906219098027113 0.9416647918846297 -1.471686348617077 2.3911276110788671 0.7098720926614035 -1.5827162851458012 -1.3442503568918811 0.25911966582139334 1.1578127997514061 0.67054517150250947 0.95431286417003869 -0.14279684119815514
leaf_weight=6187 37 1195 576 21 38 23 26 25 24 31 22 31 22 34 129 21 237 92 162 23 25 41 42 23 23 30 169 183 133 176
leaf_count=6187 37 1195 576 21 38 23 26 25 24 31 22 31 22 34 129 21 237 92 162 23 25 41 42 23 23 30 169 183 133 176
internal_value=-2.48087e-09 -0.180999 0.55235 0.440228 0.496161 0.0280059 -1.22437 1.83156 0.434406 0.201044 0.937047 -0.326094 -0.964419 0.436536 0.489223 0.306633 0.68014 0.220435 0.830065 1.13107 -0.545931 1.87023 0.00960108 -0.250677 0.0897335 -0.436682 0.804286 0.354187 0.456303 0.271804
internal_weight=9801 7382 2419 1674 1474 200 49 63 151 127 53 74 43 1411 1256 642 614 151 463 226 59 64 155 113 90 53 745 621 492 359
internal_count=9801 7382 2419 1674 1474 200 49 63 151 127 53 74 43 1411 1256 642 614 151 463 226 59 64 155 113 90 53 745 621 492 359
is_linear=0
shrinkage=0.05


Tree=74
num_leaves=31
num_cat=0
split_feature=4 1 6 0 2 5 1 3 1 3 0 4 5 1 6 4 5 8 0 5 3 8 1 6 2 5 5 2 7 2
split_gain=354721 35835 30093.2 12291.4 14904.7 56733.7 25000.6 20397.2 16559.7 10116.2 18532.9 9895.58 11817 9189.84 17425.2 15802.1 8103.97 7070.96 14857.1 22813.3 14377.9 17631.8 9650.62 8393.8 11654.4 10906.9 24467.8 8379.66 8725.42 17647.9
threshold=369.50000000000006 152.50000000000003 739.50000000000011 10.65 39.500000000000007 80.500000000000014 813.50000000000011 39.500000000000007 674.50000000000011 98.500000000000014 19.950000000000003 682.50000000000011 52.500000000000007 485.50000000000006 485.50000000000006 303.50000000000006 45.500000000000007 4.5000000000000009 17.950000000000003 75.500000000000014 47.500000000000007 10.500000000000002 241.50000000000003 341.50000000000006 57.500000000000007 82.500000000000014 68.500000000000014 45.500000000000007 14.500000000000002 65.500000000000014
decision_type=2 2 2 2 2 2 2 2 2 2 2 2 2 2 2 2 2 2 2 2 2 2 2 2 2 2 2 2 2 2
left_child=1 -1 3 -2 5 7 11 8 -5 10 -4 -6 -13 14 17 -15 -11 18 23 -20 21 -19 -22 25 -25 26 -3 -23 29 -29
right_child=2 13 9 4 6 -7 -8 -9 -10 16 -12 12 -14 15 -16 -17 -18 20 19 -21 22 27 -24 24 -26 -27 -28 28 -30 -31
leaf_value=-0.23573335904501996 1.60339404463768 -0.052946286932061049 -0.45481311468517083 0.22687859633858776 0.34393826990745358 -2.500716691357749 2.1670597237348557 -0.99261251646896886 1.5777471707926858 0.80701518931559146 0.73678672128437483 0.57497041728092391 1.7514234547615051 1.7212173930623316 -1.3533836912025106 -0.19630540893191384 2.2133420066535474 0.21046522612272353 -0.048697396381846017 -1.7393739763647318 0.10817771993101913 -1.3436186925931413 1.029276119131181 -0.20598830119256051 1.0721286882956824 0.44637461778983267 -1.73710492682457 -1.3190346267662552 0.23696197892757176 0.48706393852120355
leaf_weight=5926 20 157 34 142 1393 21 20 29 27 21 810 146 25 22 22 21 20 444 53 32 47 22 72 31 42 71 25 38 47 21
leaf_count=5926 20 157 34 142 1393 21 20 29 27 21 810 146 25 22 22 21 20 444 53 32 47 22 72 31 42 71 25 38 47 21
internal_value=-5.97092e-09 -0.185861 0.48682 0.370686 0.357013 -0.0296113 0.410466 0.232476 0.442698 0.726043 0.688784 0.388003 0.746966 0.0673921 0.0399486 0.784753 1.49303 0.0677647 -0.0964593 -0.685187 0.165443 0.0614147 0.665481 0.0570435 0.529367 -0.0792395 -0.284287 -0.455604 -0.2713 -0.676186
internal_weight=9801 7093 2708 1823 1803 219 1584 198 169 885 844 1564 171 1167 1124 43 41 1102 411 85 691 572 119 326 73 253 182 128 106 59
internal_count=9801 7093 2708 1823 1803 219 1584 198 169 885 844 1564 171 1167 1124 43 41 1102 411 85 691 572 119 326 73 253 182 128 106 59
is_linear=0
shrinkage=0.05


Tree=75
num_leaves=31
num_cat=0
split_feature=6 4 0 5 5 3 6 2 1 2 3 8 0 0 5 1 3 5 4 4 1 0 2 5 4 0 3 3 2 4
split_gain=321460 47150.3 21934.4 13534.7 42178.9 36940.2 32678.5 18881.1 15060.5 15749.3 19829.7 21115.9 12207.9 18156 14966.2 11387.6 15582.5 15365.4 9577.72 9558.27 10844.9 8792.95 23191.6 53633.4 16969.6 18942.2 8773.69 8387.05 7772.04 7788.45
threshold=436.50000000000006 190.50000000000003 29.250000000000004 99.500000000000014 89.500000000000014 92.500000000000014 514.50000000000011 61.500000000000007 757.50000000000011 60.500000000000007 20.500000000000004 3.5000000000000004 15.950000000000001 23.450000000000003 78.500000000000014 809.50000000000011 58.500000000000007 61.500000000000007 861.50000000000011 460.50000000000006 575.50000000000011 24.550000000000004 58.500000000000007 10.500000000000002 786.50000000000011 28.550000000000004 50.500000000000007 32.500000000000007 66.500000000000014 871.50000000000011
decision_type=2 2 2 2 2 2 2 2 2 2 2 2 2 2 2 2 2 2 2 2 2 2 2 2 2 2 2 2 2 2
left_child=1 -1 3 4 12 8 -7 -6 9 10 11 -5 19 15 21 16 -14 -18 26 -2 -21 22 23 -15 -23 -26 27 -4 29 -17
right_child=2 -3 18 5 7 6 -8 -9 -10 -11 -12 -13 13 14 -16 28 17 -19 -20 20 -22 24 -24 -25 25 -27 -28 -29 -30 -31
leaf_value=-0.21962397083886046 -0.88001438577969882 0.11385822960540543 0.6383548000871696 -0.90529817859331774 1.0347219960109608 0.1976897698381673 -2.3896215017025288 2.8354228541255 1.5575657121837141 -0.70715749263763428 1.5871107594172162 1.0622510237693787 0.40984482105518816 0.3064618690034091 -1.0474018335342408 2.3091863518669493 0.74716155649650673 2.0302412029231589 1.0626459720483898 0.54426114191747688 -0.42333122926453753 0.25727038310112688 0.95859662074791763 -2.4192777303548958 1.3700011726664869 -0.26769039164418762 1.6627584648132325 -0.31742409169673924 0.40770302623510357 1.0537044815222423
leaf_weight=6142 27 1281 526 30 37 23 26 24 24 35 30 25 394 59 21 21 105 30 169 73 48 394 38 26 76 23 20 24 20 30
leaf_count=6142 27 1281 526 30 37 23 26 24 24 35 30 25 394 59 21 21 105 30 169 73 48 394 38 26 76 23 20 24 20 30
internal_value=-1.93148e-09 -0.162074 0.50592 0.403953 0.456446 0.0106654 -1.17517 1.74319 0.414179 0.185501 0.553067 -0.0109576 0.399773 0.45112 0.26521 0.648494 0.568692 1.03229 0.732069 -0.0293866 0.160423 0.309959 -0.0682382 -0.527294 0.404316 0.989527 0.634055 0.596648 1.24307 1.57067
internal_weight=9801 7423 2378 1639 1446 193 49 61 144 120 85 55 1385 1237 637 600 529 135 739 148 121 616 123 85 493 99 570 550 71 51
internal_count=9801 7423 2378 1639 1446 193 49 61 144 120 85 55 1385 1237 637 600 529 135 739 148 121 616 123 85 493 99 570 550 71 51
is_linear=0
shrinkage=0.05


Tree=76
num_leaves=31
num_cat=0
split_feature=1 1 4 8 0 5 1 3 5 6 1 5 6 5 6 4 0 0 3 2 5 3 5 0 3 3 2 5 3 5
split_gain=290468 28804.2 22677.5 16695.1 37441.1 72174 15750.6 12952.3 14554.9 23884.1 27619.2 10740.3 18964.3 17975 12320.5 9347.58 9312.47 10110.9 10468.5 10230.3 18262.8 21674.6 21401.5 18514.1 15671 16743.1 26325.4 42154 45029.5 24516.3
threshold=336.50000000000006 621.50000000000011 436.50000000000006 4.5000000000000009 24.150000000000002 10.500000000000002 37.500000000000007 5.5000000000000009 53.500000000000007 688.50000000000011 754.50000000000011 52.500000000000007 683.50000000000011 68.500000000000014 736.50000000000011 857.50000000000011 11.350000000000003 26.050000000000004 96.500000000000014 47.500000000000007 7.5000000000000009 33.500000000000007 42.500000000000007 17.750000000000004 25.500000000000004 91.500000000000014 57.500000000000007 66.500000000000014 99.500000000000014 41.500000000000007
decision_type=2 2 2 2 2 2 2 2 2 2 2 2 2 2 2 2 2 2 2 2 2 2 2 2 2 2 2 2 2 2
left_child=2 16 6 4 7 -6 -1 -3 -9 -10 -11 15 13 -13 -14 -5 -2 19 -19 20 -18 22 -22 -23 -21 29 -27 -28 -29 -26
right_child=1 3 -4 11 5 -7 -8 8 9 10 -12 12 14 -15 -16 -17 17 18 -20 24 21 23 -24 -25 25 26 27 28 -30 -31
leaf_value=-0.22787688647814905 1.2909052976153115 1.0096166612998565 0.86223016627706017 0.50095141387223596 0.94116425260024927 -2.2298299325139896 -0.048225727604176205 0.71833041401013087 -1.2087061569532929 1.8185785727067427 -0.63408216585715615 0.93724274777230754 -0.1810289638383048 3.0060002009073896 1.0153145493879434 0.85228501307948312 0.42828820700548137 0.39721298958667939 1.4705503036578498 0.054107369856507992 -0.8840173976495862 -0.31256253987550742 0.50802851841999941 -2.4144998767159205 0.12228335971925773 1.0407037855549293 0.73947582833650638 -3.1866939749036516 -0.14654458185722088 1.1204378036962401
leaf_weight=5222 22 98 52 589 34 38 1592 92 34 22 24 21 28 21 93 279 98 425 24 446 48 20 65 22 102 44 41 21 29 155
leaf_count=5222 22 98 52 589 34 38 1592 92 34 22 24 21 28 21 93 279 98 425 24 446 48 20 65 22 102 44 41 21 29 155
internal_value=-2.53857e-10 0.416325 -0.177966 0.583395 0.280671 -0.732416 -0.185904 0.550828 0.289425 -0.203816 0.538929 0.683813 1.05622 1.97162 0.738475 0.61388 0.26947 0.254878 0.454585 0.172688 -0.105964 -0.44375 -0.083283 -1.41358 0.256816 0.487449 0.036586 -0.448922 -1.42341 0.724283
internal_weight=9801 2935 6866 1373 342 72 6814 270 172 80 46 1031 163 42 121 868 1562 1540 449 1091 253 155 113 42 838 392 135 91 50 257
internal_count=9801 2935 6866 1373 342 72 6814 270 172 80 46 1031 163 42 121 868 1562 1540 449 1091 253 155 113 42 838 392 135 91 50 257
is_linear=0
shrinkage=0.05


Tree=77
num_leaves=31
num_cat=0
split_feature=6 4 0 5 5 3 4 1 1 0 0 4 0 0 5 8 4 3 5 8 1 0 1 3 4 5 3 7 1 5
split_gain=263413 38424.5 18717 11637.8 38250.8 32443.5 58095.3 37375.9 19559.4 16888.6 16683.1 13080.3 10471.9 16129 13649.6 9689.22 13339.3 12788.5 17569.9 12431.2 11468.9 8778.13 11100.8 8237.12 9011.81 8230.76 7974.45 7872.59 22414.9 10784.4
threshold=436.50000000000006 190.50000000000003 29.250000000000004 99.500000000000014 89.500000000000014 45.500000000000007 502.50000000000006 468.50000000000006 754.50000000000011 17.050000000000004 17.450000000000003 508.50000000000006 15.950000000000001 23.450000000000003 78.500000000000014 2.5000000000000004 535.50000000000011 18.500000000000004 58.500000000000007 3.5000000000000004 502.50000000000006 14.65 575.50000000000011 51.500000000000007 837.50000000000011 31.500000000000004 32.500000000000007 13.500000000000002 465.50000000000006 43.500000000000007
decision_type=2 2 2 2 2 2 2 2 2 2 2 2 2 2 2 2 2 2 2 2 2 2 2 2 2 2 2 2 2 2
left_child=1 -1 3 4 12 8 7 -7 10 -6 -5 -12 21 15 27 16 20 -17 -19 -20 -14 22 -2 24 26 -23 -4 29 -29 -15
right_child=2 -3 23 5 9 6 -8 -9 -10 -11 11 -13 13 14 -16 17 -18 18 19 -21 -22 25 -24 -25 -26 -27 -28 28 -30 -31
leaf_value=-0.19866543065755649 0.6694889077443188 0.10238161660835531 0.56720479930445744 1.2846091376410591 2.6030921761806196 -1.0803067803382873 -2.8375175197919211 1.587159475684166 1.9497126674652101 0.92076028193746307 -0.82162423367435877 0.55884868167340762 0.21220193455616632 0.22239665094077768 -1.0227307217461723 0.44100029662806994 0.61104069519374116 0.69851803885341246 0.78556033124526348 2.2318590798439124 -1.2616189631548795 0.13079216804193414 -0.42627060413360596 1.6677621880173683 0.91095994462946739 -1.1457413259361473 -0.3857639146887738 -1.5433798146247864 0.19856773624776311 0.79833851547113488
leaf_weight=6142 59 1281 482 27 26 29 24 24 20 35 37 32 33 229 21 228 90 164 24 39 22 23 38 20 214 28 23 20 241 126
leaf_count=6142 59 1281 482 27 26 29 24 24 20 35 37 32 33 229 21 228 90 164 24 39 22 23 38 20 214 28 23 20 241 126
internal_value=-5.04712e-09 -0.146713 0.45797 0.363778 0.412453 -0.00091051 -0.796591 0.127602 0.527257 1.63782 0.230912 -0.181405 0.358484 0.40604 0.230815 0.592069 0.236143 0.705497 0.971158 1.68089 -0.377326 -0.0389931 0.240222 0.666875 0.639034 -0.57005 0.523802 0.27355 0.0650852 0.426815
internal_weight=9801 7423 2378 1639 1446 193 77 53 116 61 96 69 1385 1237 637 600 145 455 227 63 55 148 97 739 719 51 505 616 261 355
internal_count=9801 7423 2378 1639 1446 193 77 53 116 61 96 69 1385 1237 637 600 145 455 227 63 55 148 97 739 719 51 505 616 261 355
is_linear=0
shrinkage=0.05


Tree=78
num_leaves=31
num_cat=0
split_feature=6 4 0 5 5 3 4 4 1 2 0 4 3 3 1 3 2 2 4 6 0 7 6 7 1 7 5 4 1 5
split_gain=237730 34728.1 16892.1 10503.1 34521.3 29280.2 52431 36444 17652.3 16274.2 15056.5 11805 9479.87 39357.2 9310.12 17494.2 14949.9 22197 11650.4 7703.41 7465.1 10831.5 19046 13464.8 12442.6 7101.4 6670.55 6665.21 6629.09 6623.42
threshold=436.50000000000006 197.50000000000003 29.250000000000004 99.500000000000014 89.500000000000014 45.500000000000007 502.50000000000006 355.50000000000006 754.50000000000011 61.500000000000007 17.450000000000003 508.50000000000006 99.500000000000014 97.500000000000014 786.50000000000011 1.0000000180025095e-35 48.500000000000007 58.500000000000007 810.50000000000011 920.50000000000011 25.250000000000004 11.500000000000002 413.50000000000006 14.500000000000002 462.50000000000006 12.500000000000002 37.500000000000007 906.50000000000011 202.50000000000003 43.500000000000007
decision_type=2 2 2 2 2 2 2 2 2 2 2 2 2 2 2 2 2 2 2 2 2 2 2 2 2 2 2 2 2 2
left_child=1 -1 3 4 12 8 7 -7 10 -6 -5 -12 13 14 -2 16 -16 -18 -17 -4 21 22 -3 24 -23 -26 -22 -20 -25 -14
right_child=2 20 19 5 9 6 -8 -9 -10 -11 11 -13 29 -15 15 18 17 -19 27 -21 26 23 -24 28 25 -27 -28 -29 -30 -31
leaf_value=-0.18771570380394778 0.27183099365825636 -0.084545059420818858 0.56820051895586532 1.2203786942693924 0.89818037700008702 -0.94091294482350352 -2.6956417063872022 1.7397141933441163 1.8522269964218141 2.5699576437473297 -0.78054302236115614 0.53090624064207081 0.49714053812864667 -1.7481407210878706 1.0056172840689359 1.9098501072875387 -1.3062199021207876 0.41440782167439194 0.43038489343598485 1.0324273402301165 0.10537852993828126 1.3644329890972231 -1.6315898656845094 0.72934543652967976 -0.43072700003782916 0.64743454882076812 0.56251349346906254 1.2892476606459633 -0.0099217841767750801 1.2957190313935281
leaf_weight=6187 1004 378 635 27 37 32 24 21 20 24 37 32 74 23 38 29 29 53 58 104 179 41 21 33 24 42 144 37 374 40
leaf_count=6187 1004 378 635 27 37 32 24 21 20 24 37 32 74 23 38 29 29 53 58 104 179 41 21 33 24 42 144 37 374 40
internal_value=-9.19316e-10 -0.139378 0.435071 0.345589 0.39183 -0.000864998 -0.756761 0.121222 0.500894 1.55593 0.219366 -0.172335 0.34056 0.301383 0.339155 0.616176 0.185806 -0.194107 1.03266 0.633531 0.102587 0.0294992 -0.165968 0.181234 0.680342 0.255376 0.309179 0.764889 0.0500188 0.777344
internal_weight=9801 7423 2378 1639 1446 193 77 53 116 61 96 69 1385 1271 1248 244 120 82 124 739 1236 913 399 514 107 66 323 95 407 114
internal_count=9801 7423 2378 1639 1446 193 77 53 116 61 96 69 1385 1271 1248 244 120 82 124 739 1236 913 399 514 107 66 323 95 407 114
is_linear=0
shrinkage=0.05


Tree=79
num_leaves=31
num_cat=0
split_feature=1 0 4 0 0 1 1 3 5 3 5 4 4 6 2 5 3 8 5 5 3 8 0 3 2 4 3 2 0 0
split_gain=214880 21595 18352.3 15129.4 15386 12358.5 10885.6 14043.4 45376.3 16464 22448.4 15089.8 15170.2 17432.8 26568.8 13022.2 14253.4 15237.8 14087.6 29118 9351.87 9070.68 37348 10324.2 10084.1 8997.14 8843.25 11735.2 23192.3 10553.3
threshold=336.50000000000006 29.250000000000004 436.50000000000006 10.65 11.950000000000001 1.5000000000000002 485.50000000000006 94.500000000000014 64.500000000000014 71.500000000000014 69.500000000000014 319.50000000000006 468.50000000000006 557.50000000000011 61.500000000000007 47.500000000000007 53.500000000000007 8.5000000000000018 10.500000000000002 13.500000000000002 54.500000000000007 3.5000000000000004 18.950000000000003 26.500000000000004 53.500000000000007 837.50000000000011 1.0000000180025095e-35 61.500000000000007 24.250000000000004 16.850000000000005
decision_type=2 2 2 2 2 2 2 2 2 2 2 2 2 2 2 2 2 2 2 2 2 2 2 2 2 2 2 2 2 2
left_child=2 3 5 -2 -5 -1 -6 9 -9 11 -11 -8 13 14 -13 18 17 21 -14 -20 25 22 -17 24 -23 -3 27 28 -21 -28
right_child=1 20 -4 4 6 -7 7 8 -10 10 -12 12 15 -15 -16 16 -18 -19 19 26 -22 23 -24 -25 -26 -27 29 -29 -30 -31
leaf_value=-0.20496715221725881 1.5782924733886665 0.44787368034430675 0.78268717023042544 -1.1199518120288849 0.11654466943545383 -0.058903775070680189 1.7254969048500062 0.57421567222901759 -1.5540037595308744 0.52877519156783825 2.5803784098476172 -0.48102871050249862 0.49976928638183343 -1.4606787458710049 1.6204450275216784 1.0077613630653783 -0.65818568170070657 0.1014534583267493 -1.6295351403454941 0.28469143619662834 1.6444999864697458 1.7267074555158617 -1.1331784069538118 2.212396067664737 0.67569628680074545 0.82702320729095113 -0.70343215465545661 0.42969808955581823 -1.499235781303474 0.47537756770134276
leaf_weight=4726 22 582 52 20 721 2088 20 70 39 40 20 53 344 23 21 110 20 78 24 38 20 33 25 21 74 214 21 49 35 198
leaf_count=4726 22 582 52 20 721 2088 20 70 39 40 20 53 344 23 21 110 20 78 24 38 20 33 25 21 74 214 21 49 35 198
internal_value=-4.4233e-09 0.35808 -0.153068 0.273917 0.260233 -0.160209 0.273523 0.35699 -0.187257 0.404563 1.21264 0.363716 0.340378 -0.258359 0.115335 0.394656 0.639106 0.715193 0.27019 0.0538194 0.576637 0.897215 0.611291 1.19877 0.99984 0.549806 0.172296 -0.168851 -0.570616 0.362341
internal_weight=9801 2935 6866 2119 2097 6814 2077 1356 109 1247 60 1187 1167 97 74 1070 361 341 709 365 816 263 135 128 107 796 341 122 73 219
internal_count=9801 2935 6866 2119 2097 6814 2077 1356 109 1247 60 1187 1167 97 74 1070 361 341 709 365 816 263 135 128 107 796 341 122 73 219
is_linear=0
shrinkage=0.05


Tree=80
num_leaves=31
num_cat=0
split_feature=6 4 0 8 0 5 4 3 8 2 5 5 3 4 1 1 1 0 0 0 5 1 3 5 2 2 1 4 7 1
split_gain=194432 28842.2 13766 9358.12 13899.8 20869.3 13825.7 12135.7 17256.7 14228.1 9302.12 30131.1 25095.4 46803.4 33819.2 15455.5 14759.1 14752.3 8962 13137.8 12318.7 8693.9 12255.9 13110.6 8010.03 13864 11277.5 13021.3 7933.35 19776.3
threshold=436.50000000000006 126.50000000000001 29.450000000000003 4.5000000000000009 21.750000000000004 12.500000000000002 555.50000000000011 47.500000000000007 10.500000000000002 48.500000000000007 99.500000000000014 89.500000000000014 45.500000000000007 502.50000000000006 468.50000000000006 754.50000000000011 654.50000000000011 17.050000000000004 15.950000000000001 23.450000000000003 78.500000000000014 809.50000000000011 58.500000000000007 61.500000000000007 66.500000000000014 58.500000000000007 535.50000000000011 614.50000000000011 13.500000000000002 465.50000000000006
decision_type=2 2 2 2 2 2 2 2 2 2 2 2 2 2 2 2 2 2 2 2 2 2 2 2 2 2 2 2 2 2
left_child=1 -1 10 4 6 -6 -3 8 -5 -10 11 18 15 14 -14 16 -12 -13 24 21 28 22 -20 -24 25 26 -2 -28 -21 -30
right_child=2 3 -4 7 5 -7 -8 -9 9 -11 12 17 13 -15 -16 -17 -18 -19 19 20 -22 -23 23 -25 -26 -27 27 -29 29 -31
leaf_value=-0.17773160848291708 0.68774900477276091 -0.064023684964220701 0.57896877933265134 0.22039967608023903 0.018569724834882295 -2.1297613197565077 1.0915612918359263 0.56028890653662844 -1.2796630149537869 -0.13222411983965229 0.58786189538591049 2.3482804692708532 -1.0303217900210413 -2.5427219629287721 1.5070551792780558 1.7179241621494292 -0.77609898618289408 0.77594686082431252 0.3135548466639706 0.3907610339588149 -0.96136173443360762 1.0436749888977535 0.60219771369582142 1.7874005134900413 0.56884035546528666 -1.3958545419302855 -1.3874326088211753 0.21406727582216264 -1.4767809653282167 0.15621660647319821
leaf_weight=5822 36 626 704 558 26 20 27 162 33 149 68 26 29 24 24 20 28 35 394 376 22 71 105 30 38 22 22 30 20 254
leaf_count=5822 36 626 704 558 26 20 27 162 33 149 68 26 29 24 24 20 28 35 394 376 22 71 105 30 38 22 22 30 20 254
internal_value=-2.58939e-09 -0.126048 0.393462 0.0618991 -0.0754207 -0.915487 -0.016243 0.168314 0.0825037 -0.340276 0.315447 0.357996 -0.0110519 -0.710849 0.118679 0.453468 0.19004 1.44612 0.311252 0.354099 0.202261 0.524157 0.45443 0.865576 -0.056996 -0.273194 0.00747119 -0.46349 0.241645 0.0370197
internal_weight=9801 7423 2378 1601 699 46 653 902 740 182 1674 1481 193 77 53 116 96 61 1420 1272 672 600 529 135 148 110 88 52 650 274
internal_count=9801 7423 2378 1601 699 46 653 902 740 182 1674 1481 193 77 53 116 96 61 1420 1272 672 600 529 135 148 110 88 52 650 274
is_linear=0
shrinkage=0.05


Tree=81
num_leaves=31
num_cat=0
split_feature=4 4 6 4 0 0 8 6 7 1 0 0 0 0 8 2 5 6 2 5 1 5 3 0 6 4 1 4 5 1
split_gain=176493 18523.1 15533.6 10992.5 14631.4 9937.58 35350.8 19736.5 10894 8902.08 8323.36 9453.19 8186.89 11563.4 10241.9 8140.49 9941.24 8966.25 12941.6 18130.3 8431.15 8133.77 8623.67 17807.9 12442.5 10686.1 8423.56 7671.54 10147.4 26177.4
threshold=372.50000000000006 60.500000000000007 783.50000000000011 660.50000000000011 20.450000000000003 19.650000000000002 11.500000000000002 533.50000000000011 12.500000000000002 451.50000000000006 10.850000000000003 11.850000000000003 17.950000000000003 16.750000000000004 3.5000000000000004 76.500000000000014 59.500000000000007 510.50000000000006 36.500000000000007 10.500000000000002 502.50000000000006 48.500000000000007 1.0000000180025095e-35 24.550000000000004 865.50000000000011 871.50000000000011 959.50000000000011 415.50000000000006 85.500000000000014 718.50000000000011
decision_type=2 2 2 2 2 2 2 2 2 2 2 2 2 2 2 2 2 2 2 2 2 2 2 2 2 2 2 2 2 2
left_child=1 -1 10 -4 -5 7 -7 8 -3 12 -2 -12 13 -10 -14 17 -17 18 19 -13 -20 22 23 24 -6 -24 -25 -19 -29 -30
right_child=2 5 3 4 21 6 -8 -9 9 -11 11 15 14 -15 -16 16 -18 27 20 -21 -22 -23 25 26 -26 -27 -28 28 29 -31
leaf_value=-0.17512019058112191 1.2913213087618352 -0.24026648194154446 1.709495666027069 -0.69209570909539864 0.1716602492900122 0.084517257035510024 2.0331831611692905 -1.6533413147926332 -0.01072718983300891 1.0311541295051574 -0.81536407887935636 0.13602030644642896 -1.3323268007233062 0.67005927957684164 -0.0059357858078857503 0.24517214694758876 1.7025022988969629 1.3154938125610354 0.084170494490368994 -1.8208264136314392 0.50940117063124979 0.95823678445378579 0.39423891236173347 0.35832494728923464 -1.5709117595106363 1.0421396196803785 1.4363128304481507 0.37496709872937511 0.33737372041838931 -1.3887625728050867
leaf_weight=5442 20 435 20 24 21 769 24 20 251 25 20 29 22 83 43 25 22 20 523 20 150 109 141 193 20 116 20 1082 82 30
leaf_count=5442 20 435 20 24 21 769 24 20 251 25 20 29 22 83 43 25 22 20 523 20 150 109 141 193 20 116 20 1082 82 30
internal_value=2.27422e-09 -0.130399 0.345241 0.55508 0.519228 0.0151568 0.143493 -0.100623 -0.0644716 0.115884 0.276366 0.266232 0.0585363 0.15845 -0.454868 0.277141 0.927327 0.261356 0.121827 -0.662693 0.178947 0.566118 0.482476 0.275865 -0.678375 0.686677 0.459544 0.344338 0.32807 -0.124984
internal_weight=9801 7114 2687 664 644 1672 793 879 859 424 2023 2003 399 334 65 1983 47 1936 722 49 673 620 511 254 41 257 213 1214 1194 112
internal_count=9801 7114 2687 664 644 1672 793 879 859 424 2023 2003 399 334 65 1983 47 1936 722 49 673 620 511 254 41 257 213 1214 1194 112
is_linear=0
shrinkage=0.05


Tree=82
num_leaves=31
num_cat=0
split_feature=1 1 4 8 0 5 3 5 0 0 6 5 4 5 0 0 3 2 0 4 5 3 3 2 8 4 6 0 5 1
split_gain=159315 16824.8 14892.8 12385.1 31957.8 63210.1 11793.7 13166.7 18550.8 28205.7 10125.2 13548.4 9322.24 7315.67 7095.03 7511.57 9378.24 8214.95 18901.3 10036.9 8929.91 27956.6 36528.8 33623.3 15176.4 11505.9 15142.6 26576.2 10642.5 10005.9
threshold=336.50000000000006 621.50000000000011 436.50000000000006 4.5000000000000009 24.150000000000002 10.500000000000002 5.5000000000000009 53.500000000000007 17.350000000000005 20.250000000000004 637.50000000000011 57.500000000000007 1.5000000000000002 66.500000000000014 11.350000000000003 26.050000000000004 96.500000000000014 39.500000000000007 18.250000000000004 218.50000000000003 74.500000000000014 92.500000000000014 34.500000000000007 63.500000000000007 3.5000000000000004 335.50000000000006 540.50000000000011 17.050000000000004 68.500000000000014 454.50000000000006
decision_type=2 2 2 2 2 2 2 2 2 2 2 2 2 2 2 2 2 2 2 2 2 2 2 2 2 2 2 2 2 2
left_child=2 14 12 4 6 -6 13 -8 -9 -10 11 -5 -1 -3 -2 17 -17 18 -16 -19 28 22 25 -23 29 -22 27 -27 -21 -24
right_child=1 3 -4 10 5 -7 7 8 9 -11 -12 -13 -14 -15 15 16 -18 19 -20 20 21 23 24 -25 -26 26 -28 -29 -30 -31
leaf_value=-0.17721305552202041 1.0876595963131297 0.5477857613470406 0.7111570053662245 0.62156642101705073 0.80551643143681917 -2.1620357776943009 0.58336997974825944 0.74389902885471082 -1.8108465371593352 0.56243529887426469 0.4835533906871608 2.2154051369428638 -0.05048971339917048 1.4553568727829878 -1.3672624547282854 0.3011833835273488 1.3170900456607342 1.1908521834922874 0.10191334970295429 0.18739989053751779 -1.096896980702877 0.013493254700222532 2.4305189585685731 -2.2390125119686126 0.12702791752486395 -1.2014612047445208 -1.2596356379985811 0.91196739860609477 1.1355597521028211 0.9767973151700251
leaf_weight=4718 22 64 52 40 34 38 92 28 31 21 971 20 2096 34 30 425 24 23 81 653 36 37 20 30 29 21 20 51 31 29
leaf_count=4718 22 64 52 40 34 38 92 28 31 21 971 20 2096 34 30 425 24 23 81 653 36 37 20 30 29 21 20 51 31 29
internal_value=-5.13458e-10 0.308326 -0.1318 0.436013 0.175277 -0.760692 0.424869 0.175431 -0.293699 -0.852406 0.522503 1.15285 -0.138233 0.862657 0.196089 0.183353 0.355486 0.112511 -0.295161 0.158687 0.13388 -0.10788 0.180679 -0.995091 1.03361 -0.339073 -0.0425333 0.295551 0.230372 1.57015
internal_weight=9801 2935 6866 1373 342 72 270 172 80 52 1031 60 6814 98 1562 1540 449 1091 111 980 957 273 206 67 78 128 92 72 684 49
internal_count=9801 2935 6866 1373 342 72 270 172 80 52 1031 60 6814 98 1562 1540 449 1091 111 980 957 273 206 67 78 128 92 72 684 49
is_linear=0
shrinkage=0.05


Tree=83
num_leaves=31
num_cat=0
split_feature=6 4 0 5 5 3 4 7 4 2 0 4 0 0 5 8 4 3 5 3 4 1 4 1 3 0 2 2 8 0
split_gain=143901 21777.8 11038.1 7526.33 27711.4 22368.8 41991.7 33106.4 14101.5 13894.9 11001.8 10398.4 7728.19 12286.6 10671.6 8237.9 11799.7 10707.1 15660 10397.9 12619.6 10334.9 8067.57 7972.14 7405.83 7272.71 18568.9 45921.3 13287.6 7282
threshold=436.50000000000006 197.50000000000003 29.450000000000003 99.500000000000014 89.500000000000014 45.500000000000007 502.50000000000006 13.500000000000002 646.50000000000011 61.500000000000007 17.450000000000003 472.50000000000006 15.950000000000001 23.450000000000003 78.500000000000014 2.5000000000000004 535.50000000000011 18.500000000000004 44.500000000000007 92.500000000000014 660.50000000000011 502.50000000000006 460.50000000000006 578.50000000000011 50.500000000000007 24.550000000000004 58.500000000000007 50.500000000000007 5.5000000000000009 23.950000000000003
decision_type=2 2 2 2 2 2 2 2 2 2 2 2 2 2 2 2 2 2 2 2 2 2 2 2 2 2 2 2 2 2
left_child=1 -1 3 4 12 8 7 -7 10 -6 -5 -12 22 15 25 16 21 -17 -19 20 -20 -14 -2 -24 -4 26 27 29 -27 -15
right_child=2 -3 24 5 9 6 -8 -9 -10 -11 11 -13 13 14 -16 17 -18 18 19 -21 -22 -23 23 -25 -26 28 -28 -29 -30 -31
leaf_value=-0.14671698490291921 -0.86136805922896775 0.083171847605517199 0.47687591833174126 1.0123465611957587 0.74266132027716258 -1.3272068313930347 -2.4208947360515598 1.194179913600286 1.5220501827157062 2.2874025017023087 -0.89118104616800942 0.36146724111325035 0.12077907951492253 -0.59408720731735232 -0.92800869806246333 0.32889516222282528 0.4907347659932243 0.4252972716111536 1.3715725660797151 2.2539985844067165 -0.019406457380814989 -1.2782826147296213 0.41234264125426612 -0.42372326578782959 1.4529893732070924 0.81133708126367399 0.7643138209455892 -2.3656843071579932 0.15550881735959002 0.57440553855150944
leaf_weight=6187 27 1236 684 26 37 23 24 30 23 24 30 37 33 20 22 228 90 121 63 21 22 22 75 46 20 94 38 25 433 40
leaf_count=6187 27 1236 684 26 37 23 24 30 23 24 30 37 33 20 22 228 90 121 63 21 22 22 75 46 20 94 38 25 433 40
internal_value=3.63579e-09 -0.108438 0.338494 0.268635 0.306907 -0.0250508 -0.685738 0.0999932 0.413509 1.35043 0.139353 -0.19942 0.26208 0.301868 0.155031 0.466325 0.138135 0.570912 0.813996 1.2577 1.01155 -0.438846 -0.0798818 0.0944994 0.504606 0.191688 -0.154502 -0.565266 0.272488 0.184908
internal_weight=9801 7423 2378 1674 1481 193 77 53 116 61 93 67 1420 1272 672 600 145 455 227 106 85 55 148 121 704 650 123 85 527 60
internal_count=9801 7423 2378 1674 1481 193 77 53 116 61 93 67 1420 1272 672 600 145 455 227 106 85 55 148 121 704 650 123 85 527 60
is_linear=0
shrinkage=0.05


Tree=84
num_leaves=31
num_cat=0
split_feature=1 0 4 0 0 3 5 1 2 3 1 5 1 4 6 1 4 4 7 7 4 6 2 5 5 5 3 8 3 2
split_gain=130311 14201.7 12509.8 11620.1 12635.3 9133.07 55936.1 46618.3 28605.6 20549.8 15411.9 13509 10520.4 16301.6 10335 9733.65 27311.7 9216.79 8809.04 9120.78 8504.14 17866.9 17655 12365.8 12886.3 23324.9 11545.8 12819.9 7943.07 7959.14
threshold=336.50000000000006 29.250000000000004 436.50000000000006 10.65 11.950000000000001 92.500000000000014 64.500000000000014 566.50000000000011 63.500000000000007 71.500000000000014 468.50000000000006 81.500000000000014 479.50000000000006 319.50000000000006 284.50000000000006 409.50000000000006 323.50000000000006 306.50000000000006 10.500000000000002 16.500000000000004 468.50000000000006 557.50000000000011 61.500000000000007 47.500000000000007 10.500000000000002 13.500000000000002 53.500000000000007 8.5000000000000018 54.500000000000007 27.500000000000004
decision_type=2 2 2 2 2 2 2 2 2 2 2 2 2 2 2 2 2 2 2 2 2 2 2 2 2 2 2 2 2 2
left_child=2 3 -1 -2 -5 9 -7 8 10 12 -8 -11 14 -14 -6 17 -17 -16 -18 -20 21 22 -15 24 -22 -26 27 -25 29 -3
right_child=1 28 -4 4 5 6 7 -9 -10 11 -12 -13 13 20 15 16 18 -19 19 -21 23 -23 -24 26 25 -27 -28 -29 -30 -31
leaf_value=-0.12509595302352949 1.3537348250096495 -0.44665699744224546 0.65337919346415085 -1.0521349620819092 0.71916496863170554 0.57735584004625795 -0.40728441238403318 -3.0091304085471418 -1.5012554449193618 0.53707042715528563 1.4548869824409485 1.8339666989541823 1.6734870700609115 -0.27745061176518598 0.93101704253090745 -1.8577360139538843 0.38321922899889094 0.05883977828030499 -0.49371017446140136 0.36401244292898882 0.40903692054401697 -1.3918310931195386 1.3271319933235646 0.7822525494784679 -1.4891591980457308 0.091996112185391207 -0.62017521291971212 0.056555596937107135 1.4402373778820039 0.45983182203686579
leaf_weight=6814 22 25 52 20 49 137 25 22 34 57 20 31 21 60 36 24 70 191 127 41 348 23 24 265 25 348 20 79 20 771
leaf_count=6814 22 25 52 20 49 137 25 22 34 57 20 31 21 60 36 24 70 191 127 41 348 23 24 265 25 348 20 79 20 771
internal_value=-6.56901e-10 0.278851 -0.1192 0.210599 0.198606 0.21065 -0.0807991 -0.973544 -0.406672 0.248369 0.420347 0.993932 0.210899 0.29252 0.0268719 -0.042499 -0.250141 0.197159 -0.0880308 -0.284385 0.268191 -0.157084 0.181002 0.310131 0.190195 -0.0139794 0.547696 0.615595 0.456089 0.431362
internal_weight=9801 2935 6866 2119 2097 2077 238 101 79 1839 45 88 1751 1213 538 489 262 227 238 168 1192 107 84 1085 721 373 364 344 816 796
internal_count=9801 2935 6866 2119 2097 2077 238 101 79 1839 45 88 1751 1213 538 489 262 227 238 168 1192 107 84 1085 721 373 364 344 816 796
is_linear=0
shrinkage=0.05


Tree=85
num_leaves=31
num_cat=0
split_feature=4 1 4 3 1 6 2 2 5 1 3 8 2 5 4 1 1 2 2 5 2 2 0 0 5 5 3 5 2 8
split_gain=118082 19663.7 12840.7 13203.6 46287.4 21755.4 18249.3 11218.8 12346.3 11385.6 9811.67 16434 17659.6 22436.2 12350.3 21019.2 13888.9 8909.29 9345.64 8323.87 8188.56 8526.62 7267.52 17161.2 11132.5 9906.54 6901.17 25038.7 42680.4 19842
threshold=214.50000000000003 621.50000000000011 478.50000000000006 47.500000000000007 798.50000000000011 796.50000000000011 59.500000000000007 61.500000000000007 65.500000000000014 959.50000000000011 47.500000000000007 10.500000000000002 45.500000000000007 36.500000000000007 346.50000000000006 362.50000000000006 273.50000000000006 33.500000000000007 35.500000000000007 34.500000000000007 36.500000000000007 73.500000000000014 16.250000000000004 14.15 68.500000000000014 58.500000000000007 91.500000000000014 64.500000000000014 63.500000000000007 4.5000000000000009
decision_type=2 2 2 2 2 2 2 2 2 2 2 2 2 2 2 2 2 2 2 2 2 2 2 2 2 2 2 2 2 2
left_child=-1 10 -3 7 5 6 -5 9 -9 17 11 19 13 -13 15 16 -14 -4 -19 -2 -12 26 23 25 -25 -21 -22 -28 29 -29
right_child=1 2 3 4 -6 -7 -8 8 -10 -11 20 12 14 -15 -16 -17 -18 18 -20 22 21 -23 -24 24 -26 -27 27 28 -30 -31
leaf_value=-0.12966328470613839 0.010355869803978448 1.5515044937963072 0.78257291585206989 0.43894212223448847 -2.2109145814722235 1.599010581970215 -1.1783275331442173 0.54944107338108805 1.5501165726605584 1.3854132694502672 1.1764314559789806 -0.21169966411590579 -0.99045660996978935 -2.4585051944851877 0.24716336642702422 -1.8515076224570688 0.66353917221228287 -0.72291740679740912 0.26022512751057336 -0.091867107694799263 0.39474658792883888 0.66986514764355021 0.33833873974047401 0.07173252114478279 -1.1815674805157894 1.3922287812051568 0.40378182904367227 -0.47478387979573988 -1.9296820230389899 1.3197869320710502
leaf_weight=6290 646 23 80 53 22 25 26 330 34 24 26 25 22 20 105 23 30 25 730 22 205 108 549 34 37 23 159 43 38 24
leaf_count=6290 646 23 80 53 22 25 26 330 34 24 26 25 22 20 105 23 30 25 730 22 205 108 549 34 37 23 159 43 38 24
internal_value=2.55407e-09 0.232293 0.380039 0.360066 -0.127281 0.313487 -0.0933238 0.410275 0.642911 0.311696 0.137526 0.0704297 -0.324351 -1.21028 -0.102869 -0.592914 -0.0362283 0.280835 0.227671 0.138184 0.308438 0.269326 0.262359 -0.0972319 -0.581396 0.666671 0.177091 0.00807793 -0.591131 0.168047
internal_weight=9801 3511 1372 1349 126 104 79 1223 364 859 2139 1536 225 45 180 75 52 835 755 1311 603 577 665 116 71 45 469 264 105 67
internal_count=9801 3511 1372 1349 126 104 79 1223 364 859 2139 1536 225 45 180 75 52 835 755 1311 603 577 665 116 71 45 469 264 105 67
is_linear=0
shrinkage=0.05


Tree=86
num_leaves=31
num_cat=0
split_feature=6 1 4 6 5 4 7 4 1 4 3 3 0 0 7 6 0 7 8 1 6 4 5 5 5 8 5 3 3 2
split_gain=107252 16717.2 8948.09 9514.04 7824.74 17953.7 16703.2 46454.3 25080 24299.6 45436.1 7639.64 14864.7 7195.87 9780.42 17803.4 12944.9 13047.6 10307.5 9668.37 9623.18 12048.6 7503.1 6162.75 6009.16 5963.99 8186.08 6378.79 10826.5 6447.16
threshold=436.50000000000006 152.50000000000003 879.50000000000011 906.50000000000011 99.500000000000014 310.50000000000006 13.500000000000002 362.50000000000006 702.50000000000011 521.50000000000011 19.500000000000004 1.0000000180025095e-35 24.450000000000003 25.050000000000004 11.500000000000002 409.50000000000006 21.950000000000003 15.500000000000002 10.500000000000002 376.50000000000006 305.50000000000006 436.50000000000006 79.500000000000014 37.500000000000007 46.500000000000007 9.5000000000000018 48.500000000000007 99.500000000000014 94.500000000000014 61.500000000000007
decision_type=2 2 2 2 2 2 2 2 2 2 2 2 2 2 2 2 2 2 2 2 2 2 2 2 2 2 2 2 2 2
left_child=1 -1 3 4 5 -2 7 -6 -8 -9 -11 12 -4 14 15 -3 17 19 -18 22 -21 -22 -16 -15 -5 26 -7 28 29 -28
right_child=2 13 11 24 6 25 8 9 -10 10 -12 -13 -14 23 16 -17 18 -19 -20 20 21 -23 -24 -25 -26 -27 27 -29 -30 -31
leaf_value=-0.13126695915556422 1.69157207662409 -0.10985706239200546 -0.73488106884890136 0.34962701472369107 -2.4861380618551507 0.2173226483264093 0.81563729705748633 1.0722066687310443 -1.1716449910402298 0.99892606556415553 -2.293901162255894 0.86114235991411958 0.5930721232046684 0.054525652510371614 0.57274682402610777 -1.4331155260403952 -0.091497020280524477 0.038453049003998409 -1.2349133378929562 1.0791399077006749 -0.59668883036922771 0.55423464171462145 1.9423365867137912 0.43317284480565132 1.283726614713669 0.046553760830730456 0.32543098330224829 1.1059786551528508 -0.69413689743904838 0.73614452747362003
leaf_weight=5930 22 434 27 33 23 1080 77 34 20 20 22 121 96 235 20 27 73 328 27 35 37 59 20 198 36 290 273 36 21 147
leaf_count=5930 22 434 27 33 23 1080 77 34 20 20 22 121 96 235 20 27 73 328 27 35 37 59 20 198 36 290 273 36 21 147
internal_value=5.72415e-10 -0.093617 0.292228 0.259432 0.240133 0.271652 -0.0604198 -0.517308 0.405888 0.0785227 -0.725888 0.579063 0.30157 0.0559238 -0.0142335 -0.187358 0.119006 0.223059 -0.400219 0.577157 0.369407 0.11065 1.25754 0.227671 0.836983 0.254739 0.293515 0.466026 0.413785 0.469181
internal_weight=9801 7423 2378 2134 2065 1869 196 99 97 76 42 244 123 1493 1060 461 599 499 100 171 131 96 40 433 69 1847 1557 477 441 420
internal_count=9801 7423 2378 2134 2065 1869 196 99 97 76 42 244 123 1493 1060 461 599 499 100 171 131 96 40 433 69 1847 1557 477 441 420
is_linear=0
shrinkage=0.05


Tree=87
num_leaves=31
num_cat=0
split_feature=1 8 0 0 5 0 5 5 4 0 0 1 1 0 5 3 4 5 3 0 1 3 2 5 0 2 6 6 4 6
split_gain=96918.6 12873 27738.4 27016.7 62752.1 71714.4 11280 12536.2 10485.7 10095 11424 9680.03 15769.4 11529.9 20824.2 26420.5 22762.9 20543.2 20903.8 9077.07 8444.96 10719.1 8217.36 7484.09 14202.4 15151.2 16344.7 7146.74 6892.64 6671.91
threshold=336.50000000000006 4.5000000000000009 16.650000000000002 23.750000000000004 10.500000000000002 24.950000000000003 63.500000000000007 61.500000000000007 436.50000000000006 10.65 11.950000000000001 468.50000000000006 345.50000000000006 17.250000000000004 70.500000000000014 48.500000000000007 468.50000000000006 89.500000000000014 24.500000000000004 15.050000000000002 842.50000000000011 70.500000000000014 39.500000000000007 62.500000000000007 17.650000000000002 65.500000000000014 409.50000000000006 454.50000000000006 1.5000000000000002 796.50000000000011
decision_type=2 2 2 2 2 2 2 2 2 2 2 2 2 2 2 2 2 2 2 2 2 2 2 2 2 2 2 2 2 2
left_child=8 3 19 9 -5 -6 7 20 28 -2 -11 12 -12 17 27 16 -16 -13 -19 -3 21 -4 -8 -14 25 26 -25 -15 -1 -29
right_child=1 2 6 4 5 -7 22 -9 -10 10 11 13 23 14 15 -17 -18 18 -20 -21 -22 -23 -24 24 -26 -27 -28 29 -30 -31
leaf_value=-0.14171524699043045 1.2460135134783659 -0.2068338680267334 0.21030045964560476 0.55715204575764277 -4.2117278015613557 -0.49556364175435663 1.4520647416854728 -0.91591001685176576 0.60452116001397371 -1.019687762260437 1.144241206586361 0.31031500986710037 0.041460904391826529 1.2982372838258744 -1.0625311091028411 -1.5772703041349141 0.67989082196903117 0.061536659412086019 2.0497431210982495 -1.6952011358170282 0.51470719989540459 0.83537964441188395 0.55568240515659217 0.2879361815411936 -1.5723288203279178 0.7982273675358067 -1.5807032024860384 0.19057977492439337 -0.032749665630177081 1.0097414156486249
leaf_weight=4718 22 20 1134 56 20 37 29 21 52 20 25 194 157 20 29 35 53 20 39 21 394 73 216 22 24 26 25 174 2096 29
leaf_count=4718 22 20 1134 56 20 37 29 21 52 20 25 194 157 20 29 35 53 20 39 21 394 73 216 22 24 26 25 174 2096 29
internal_value=-1.80657e-09 0.240484 0.317309 0.097756 -0.631592 -1.79948 0.34556 0.297795 -0.102799 0.187927 0.161831 0.18893 -0.0539411 0.303198 0.113013 -0.427211 0.0636684 0.558782 1.37577 -0.969168 0.313715 0.248106 0.661785 -0.171872 -0.517165 -0.170261 -0.706021 0.396449 -0.108197 0.307603
internal_weight=9801 2935 1908 1027 113 57 1867 1622 6866 914 892 872 279 593 340 117 82 253 59 41 1601 1207 245 254 97 73 47 223 6814 203
internal_count=9801 2935 1908 1027 113 57 1867 1622 6866 914 892 872 279 593 340 117 82 253 59 41 1601 1207 245 254 97 73 47 223 6814 203
is_linear=0
shrinkage=0.05


Tree=88
num_leaves=31
num_cat=0
split_feature=6 4 8 0 5 3 8 2 4 4 1 0 2 2 3 5 5 7 4 4 3 0 2 1 8 3 3 5 0 6
split_gain=87892.3 13678.3 8024.26 12507.5 14752.2 9992.89 13125.9 11482.9 9452.68 7854.69 6730.9 6358.92 6484.52 10491 6146.61 6128.43 27719.3 17232 30307.5 24062.4 48531.1 10752.1 8349.43 7787.94 8786.79 6155.96 11586.5 6443.59 6025.91 8241.44
threshold=436.50000000000006 126.50000000000001 4.5000000000000009 21.950000000000003 9.5000000000000018 47.500000000000007 10.500000000000002 48.500000000000007 555.50000000000011 939.50000000000011 948.50000000000011 29.250000000000004 26.500000000000004 30.500000000000004 51.500000000000007 97.500000000000014 89.500000000000014 13.500000000000002 362.50000000000006 521.50000000000011 16.500000000000004 16.850000000000005 60.500000000000007 654.50000000000011 2.5000000000000004 99.500000000000014 97.500000000000014 43.500000000000007 28.550000000000004 775.50000000000011
decision_type=2 2 2 2 2 2 2 2 2 2 2 2 2 2 2 2 2 2 2 2 2 2 2 2 2 2 2 2 2 2
left_child=1 -1 3 8 -5 6 -4 -8 -3 11 -11 12 -2 -14 -13 16 25 18 -17 -20 -21 -19 -18 24 -23 26 28 -27 -15 -30
right_child=9 2 5 4 -6 -7 7 -9 -10 10 -12 14 13 15 -16 17 22 21 19 20 -22 23 -24 -25 -26 27 -28 -29 29 -31
leaf_value=-0.12033972495192471 0.88858006145014912 -0.067040917863565128 0.18562076918135723 -0.062754541883865991 -1.9014244759082795 0.49891245078157498 -1.1472790669875614 -0.11646087017510361 0.88840576535849669 1.292632680430132 0.23520642342390838 0.34964024155133638 -0.70173226244973419 0.21938420748386336 1.2388502167165281 -1.8684080715837152 0.83745019435882573 1.4364683457783292 1.0032062130953585 1.0355194863818942 -2.2249434027671815 -0.19092554683270663 2.2343127813935282 -0.56353945493698121 1.1507041766093327 0.2793226312543895 -1.0007246233168103 1.0803280413150789 0.13697480555456967 -0.81879939279135527
leaf_weight=5822 33 628 558 24 20 162 33 149 27 34 27 687 33 1062 20 29 23 21 35 21 25 23 20 25 26 74 21 38 67 34
leaf_count=5822 33 628 558 24 20 162 33 149 27 34 27 687 33 1062 20 29 23 21 35 21 25 23 20 25 26 74 21 38 67 34
internal_value=-6.81927e-10 -0.0847474 0.0446833 -0.082474 -0.898514 0.143223 0.0653561 -0.303367 -0.0276561 0.264542 0.824592 0.249797 0.194907 0.180391 0.374795 0.199245 0.238222 -0.0553411 -0.481357 0.0152413 -0.736471 0.437941 1.48715 0.154575 0.52096 0.196783 0.163268 0.551092 0.184286 -0.184771
internal_weight=9801 7423 1601 699 44 902 740 182 655 2378 61 2317 1610 1577 707 1544 1339 205 110 81 46 95 43 74 49 1296 1184 112 1163 101
internal_count=9801 7423 1601 699 44 902 740 182 655 2378 61 2317 1610 1577 707 1544 1339 205 110 81 46 95 43 74 49 1296 1184 112 1163 101
is_linear=0
shrinkage=0.05


Tree=89
num_leaves=31
num_cat=0
split_feature=6 4 0 0 2 5 0 3 1 0 5 1 4 6 3 3 2 7 0 0 4 2 6 0 0 1 4 3 4 5
split_gain=79546.7 13397.8 8591.81 13174.3 7378.65 10059.2 8266.72 12939.3 6208.33 6008.53 16488.9 8282.03 12857.8 11186.1 9707.29 12521.6 14126.9 16782.8 14924 16678.9 11269.5 9880.89 8915.68 7838.15 18521.8 7890.96 25948.2 31277.7 7458.4 6430.12
threshold=234.50000000000003 712.50000000000011 10.250000000000002 11.850000000000003 75.500000000000014 68.500000000000014 26.650000000000002 86.500000000000014 392.50000000000006 25.650000000000002 56.500000000000007 485.50000000000006 300.50000000000006 570.50000000000011 47.500000000000007 10.500000000000002 46.500000000000007 12.500000000000002 21.950000000000003 17.550000000000004 472.50000000000006 63.500000000000007 362.50000000000006 19.850000000000005 20.950000000000003 384.50000000000006 457.50000000000006 92.500000000000014 372.50000000000006 44.500000000000007
decision_type=2 2 2 2 2 2 2 2 2 2 2 2 2 2 2 2 2 2 2 2 2 2 2 2 2 2 2 2 2 2
left_child=8 2 -2 -4 6 -6 9 -8 -1 11 -11 13 -13 14 15 -5 -17 18 19 21 22 -18 -19 25 -25 -16 27 -27 -14 -30
right_child=1 -3 3 4 5 -7 7 -9 -10 10 -12 12 28 -15 23 16 17 20 -20 -21 -22 -23 -24 24 -26 26 -28 -29 29 -31
leaf_value=-0.10756152258431884 1.0773767816523712 0.3611658508420591 -0.85069049070863167 0.09318817396582818 0.16640161596811737 1.0924013727522912 0.21646799689957075 1.2608077341510404 0.60174304939085443 0.079672969785737402 -1.276302868704642 1.4635076117515564 -0.70792038181553718 -1.133583095872944 0.35828512793825579 -1.6686696523334832 0.29373645555405392 -0.013126218638249807 0.39854232917229337 -2.0167701081434886 -0.88290981812910607 -1.2400803531209628 1.0041522778570653 1.9052203731103377 0.11434570128719013 0.17263281345367432 0.61663047732866338 -2.3304783749083682 0.045205589070770567 0.3652703199431161
leaf_weight=6357 24 894 34 299 78 47 686 31 31 81 31 20 23 22 129 20 21 56 21 30 22 21 35 22 42 26 46 24 307 321
leaf_count=6357 24 894 34 299 78 47 686 31 31 81 31 20 23 22 129 20 21 56 21 30 22 21 35 22 42 26 46 24 307 321
internal_value=1.78018e-09 0.194877 0.13586 0.126804 0.140308 0.514578 0.120281 0.261621 -0.104119 0.0576865 -0.295642 0.0839458 0.214781 -0.0210664 0.0090016 -0.119106 -0.399974 -0.276799 -0.774268 -1.11634 0.132622 -0.473172 0.378135 0.241724 0.729959 0.102848 -0.240396 -1.02886 0.176417 0.208806
internal_weight=9801 3413 2519 2495 2461 125 2336 717 6388 1619 112 1507 671 836 814 525 226 206 93 72 113 42 91 289 64 225 96 50 651 628
internal_count=9801 3413 2519 2495 2461 125 2336 717 6388 1619 112 1507 671 836 814 525 226 206 93 72 113 42 91 289 64 225 96 50 651 628
is_linear=0
shrinkage=0.05


Tree=90
num_leaves=31
num_cat=0
split_feature=1 8 0 5 0 0 5 5 6 4 0 0 1 1 0 5 3 4 5 3 2 1 3 7 5 0 2 6 4 4
split_gain=72241 10945.2 24669.5 56725.6 64351.4 23655 10800.3 10940.8 8707.25 8620.1 8455.48 9446.49 8693.22 12809.2 10133.7 18374.4 23026.2 20209.9 17431.1 18848.8 7268.66 6894.59 9207.27 6391.06 6259.91 12358.3 13612.7 14560.4 6570.67 7266.03
threshold=336.50000000000006 4.5000000000000009 23.750000000000004 10.500000000000002 24.950000000000003 16.650000000000002 63.500000000000007 61.500000000000007 413.50000000000006 436.50000000000006 10.65 11.950000000000001 345.50000000000006 468.50000000000006 17.250000000000004 70.500000000000014 48.500000000000007 468.50000000000006 89.500000000000014 24.500000000000004 39.500000000000007 842.50000000000011 70.500000000000014 13.500000000000002 62.500000000000007 17.650000000000002 65.500000000000014 409.50000000000006 387.50000000000006 551.50000000000011
decision_type=2 2 2 2 2 2 2 2 2 2 2 2 2 2 2 2 2 2 2 2 2 2 2 2 2 2 2 2 2 2
left_child=9 2 10 -4 -5 8 7 21 -3 -1 -2 -12 -13 24 18 23 17 -17 -15 -20 -8 22 -7 -16 28 26 27 -26 -14 -30
right_child=1 5 3 4 -6 6 20 -9 -10 -11 11 12 13 14 15 16 -18 -19 19 -21 -22 -23 -24 -25 25 -27 -28 -29 29 -31
leaf_value=-0.093646281113319699 1.1305408250201834 -0.16291123867034912 0.50929161805127354 -4.0163834500312801 -0.49615680333730339 0.17836527115787748 1.3572400715844386 -0.87603660162006103 -1.6206438813890731 0.55256630700941267 -0.93610336542129513 1.0818504616320135 0.64905584489598001 0.27380825144613219 0.61511281687865216 -1.0255829572677613 -1.4963259140082767 0.61622219299370395 0.007287152260541916 1.8952366365836217 0.51418816808749124 0.45429271147184569 0.7576888509502967 0.079718910645354885 0.2768326631323858 -1.4613559568921726 0.76452483168015117 -1.4868647994995117 -0.30557967739776504 0.73586793452501298
leaf_weight=6814 22 20 56 20 37 1134 29 21 21 52 20 25 34 194 113 29 35 53 20 39 216 394 73 110 22 24 26 25 103 20
leaf_count=6814 22 20 56 20 37 1134 29 21 21 52 20 25 34 194 113 29 35 53 20 39 216 394 73 110 22 24 26 25 103 20
internal_value=-1.97535e-09 0.207623 0.076015 -0.62093 -1.73132 0.278462 0.304551 0.257813 -0.909555 -0.0887522 0.16218 0.138297 0.162939 0.135816 0.263073 0.0847744 -0.42268 0.0355838 0.502683 1.25525 0.613978 0.272685 0.213403 0.351017 -0.161282 -0.477074 -0.153475 -0.661304 0.0338252 -0.136239
internal_weight=9801 2935 1027 113 57 1908 1867 1622 41 6866 914 892 872 847 593 340 117 82 253 59 245 1601 1207 223 254 97 73 47 157 123
internal_count=9801 2935 1027 113 57 1908 1867 1622 41 6866 914 892 872 847 593 340 117 82 253 59 245 1601 1207 223 254 97 73 47 157 123
is_linear=0
shrinkage=0.05


Tree=91
num_leaves=31
num_cat=0
split_feature=6 1 7 7 8 0 6 0 5 6 4 1 3 8 8 2 1 5 5 6 5 7 4 1 4 3 4 8 0 2
split_gain=65468.9 10880.6 8130.1 25699 10955.9 18022.1 13540.4 10336.1 11419.9 8224.41 6624.4 6282.55 6080.86 7835.2 7207.62 17750.3 6075.71 5966.06 5514.75 15479.9 9613.31 13636 36878.5 20773.8 19807.8 36465.3 13573.4 10255.5 16504.5 14643
threshold=436.50000000000006 37.500000000000007 12.500000000000002 13.500000000000002 4.5000000000000009 21.950000000000003 409.50000000000006 20.250000000000004 57.500000000000007 376.50000000000006 939.50000000000011 433.50000000000006 47.500000000000007 11.500000000000002 10.500000000000002 48.500000000000007 948.50000000000011 74.500000000000014 36.500000000000007 906.50000000000011 99.500000000000014 13.500000000000002 362.50000000000006 702.50000000000011 521.50000000000011 19.500000000000004 310.50000000000006 9.5000000000000018 26.450000000000003 51.500000000000007
decision_type=2 2 2 2 2 2 2 2 2 2 2 2 2 2 2 2 2 2 2 2 2 2 2 2 2 2 2 2 2 2
left_child=1 -1 4 -4 5 6 11 9 -9 -6 18 -3 14 -14 -5 -16 -12 -17 -2 20 26 22 -22 -23 -24 -26 -20 -28 29 -29
right_child=10 2 3 12 7 -7 -8 8 -10 -11 16 -13 13 -15 15 17 -18 -19 19 -21 21 23 24 -25 25 -27 27 28 -30 -31
leaf_value=-0.11244289578269984 0.13222034933058444 -0.18664694481286612 1.4667269866256154 0.061534262873194093 -0.10162547325795108 -1.6974837351413001 -1.4351656090645564 0.085073542142064751 0.78875200003385548 -1.020469240631376 1.1873165130396099 0.58955750146082475 0.14583294782615094 0.82948309137271004 -1.6431933110410517 -0.36155857951380316 0.18267315758599179 0.5030082460372679 1.5320376488295468 0.94215770872930682 -2.2469344553740132 0.71433159948459701 0.9353084492332796 -1.0943154695630075 0.85707930843345825 -2.092827237736095 0.33971147589834561 -1.6525439018011092 0.99362284219264996 -0.13405756842006336
leaf_weight=5222 1080 378 34 730 187 21 21 327 70 28 34 28 216 52 22 56 27 31 22 84 23 77 34 20 20 22 813 20 25 77
leaf_count=5222 1080 378 34 730 187 21 21 327 70 28 34 28 216 52 22 56 27 31 22 84 23 77 34 20 20 22 813 20 25 77
internal_value=-1.26065e-09 -0.0731423 0.0201006 0.112723 -0.0796 -0.267479 -0.197151 0.0579323 0.209148 -0.221289 0.228316 -0.133116 0.0711371 0.278481 0.00490552 -0.374351 0.742638 -0.0534945 0.214775 0.286852 0.239111 -0.0799102 -0.492723 0.341415 0.0381562 -0.68811 0.304449 0.275564 -0.151908 -0.447148
internal_weight=9801 7423 2201 1141 1060 448 427 612 397 215 2378 406 1107 268 839 109 61 87 2317 1237 1153 196 99 97 76 42 957 935 122 97
internal_count=9801 7423 2201 1141 1060 448 427 612 397 215 2378 406 1107 268 839 109 61 87 2317 1237 1153 196 99 97 76 42 957 935 122 97
is_linear=0
shrinkage=0.05


Tree=92
num_leaves=31
num_cat=0
split_feature=6 0 3 0 0 2 2 1 4 3 5 3 5 4 6 2 6 1 5 2 0 8 7 5 5 5 5 7 8 8
split_gain=59375.1 10773.3 8730.45 8355.16 11343.3 7248.82 5709.71 6705.87 11845.9 8374.3 26271.4 12716 14348.4 10619.1 11686.1 17469.8 9092.85 7887 6733.35 10104.2 10240.9 41453.9 12213.5 24607.1 10175.5 7578.03 15077.5 9213.99 16603.1 7358.89
threshold=234.50000000000003 29.250000000000004 55.500000000000007 10.250000000000002 11.850000000000003 27.500000000000004 76.500000000000014 485.50000000000006 300.50000000000006 93.500000000000014 64.500000000000014 71.500000000000014 66.500000000000014 468.50000000000006 557.50000000000011 61.500000000000007 940.50000000000011 925.50000000000011 47.500000000000007 33.500000000000007 18.850000000000005 3.5000000000000004 12.500000000000002 99.500000000000014 68.500000000000014 10.500000000000002 17.500000000000004 14.500000000000002 4.5000000000000009 6.5000000000000009
decision_type=2 2 2 2 2 2 2 2 2 2 2 2 2 2 2 2 2 2 2 2 2 2 2 2 2 2 2 2 2 2
left_child=-1 3 5 -2 -5 -3 7 -6 -9 11 -11 13 -13 14 15 -10 17 18 25 -20 -21 -22 29 24 -24 -15 -27 -28 -29 -23
right_child=1 2 -4 4 6 -7 -8 8 9 10 -12 12 -14 16 -16 -17 -18 -19 19 20 21 22 23 -25 -26 26 27 28 -30 -31
leaf_value=-0.089954422463218955 1.0273055272102356 -0.52264222201819599 1.3561985027790069 -0.79839425906538963 0.012412758440472359 0.32581702318992656 0.48376758723304825 1.3878642024425791 -0.50876456432872352 0.29138305499735806 -1.3628868440786999 0.33873339593410495 2.0090504610538482 0.29654010408659498 -1.2904904330770175 1.1627601298418913 -0.66257307529449472 1.1942343064716885 1.4320654283870351 0.70932964338322302 -2.0477803742885592 1.2321578787515561 -0.017253317213372182 -1.5899724929034711 1.1610824351509412 -0.99495178593977074 0.26533139195384048 -1.3280687895314447 0.094698568901845401 0.28718985789700557
leaf_weight=6388 25 26 20 34 1075 792 104 20 54 72 36 36 20 321 24 22 29 21 22 112 20 45 57 20 27 37 205 29 70 38
leaf_count=6388 25 26 20 34 1075 792 104 20 54 72 36 36 20 321 24 22 29 21 22 112 20 45 57 20 27 37 205 29 70 38
internal_value=3.69429e-10 0.168365 0.324084 0.117688 0.10877 0.298849 0.121029 0.105389 0.180145 0.161804 -0.26004 0.199488 0.935275 0.163751 -0.328643 -0.0249022 0.210513 0.235239 0.21516 0.395664 0.324188 0.115802 0.347201 -0.0137852 0.361497 0.122181 -0.0419512 0.0740389 -0.322072 0.799522
internal_weight=9801 3413 838 2575 2550 818 2516 2412 1337 1317 108 1209 56 1153 100 76 1053 1024 1003 341 319 207 187 104 84 662 341 304 99 83
internal_count=9801 3413 838 2575 2550 818 2516 2412 1337 1317 108 1209 56 1153 100 76 1053 1024 1003 341 319 207 187 104 84 662 341 304 99 83
is_linear=0
shrinkage=0.05


Tree=93
num_leaves=31
num_cat=0
split_feature=4 1 4 3 1 6 2 2 5 2 2 3 8 2 5 4 1 1 2 0 0 8 7 5 5 2 1 4 4 5
split_gain=53819.6 10179.2 13789.1 10282.7 38423 18012.4 16002.1 9127.92 10717.9 9715.35 7802.13 7358.4 11043.8 13857 19291.3 9814.84 19038.2 12589 7215.31 11832.5 14163.2 28425.4 11192.4 9158.52 6866.11 6851.97 7133.27 6861.44 9963.84 20147.3
threshold=214.50000000000003 621.50000000000011 478.50000000000006 47.500000000000007 798.50000000000011 796.50000000000011 59.500000000000007 61.500000000000007 65.500000000000014 33.500000000000007 35.500000000000007 47.500000000000007 10.500000000000002 45.500000000000007 36.500000000000007 346.50000000000006 362.50000000000006 273.50000000000006 49.500000000000007 30.250000000000004 22.450000000000003 4.5000000000000009 13.500000000000002 54.500000000000007 60.500000000000007 36.500000000000007 566.50000000000011 548.50000000000011 505.50000000000006 47.500000000000007
decision_type=2 2 2 2 2 2 2 2 2 2 2 2 2 2 2 2 2 2 2 2 2 2 2 2 2 2 2 2 2 2
left_child=-1 11 -3 7 5 6 -5 9 -9 -4 -11 12 -2 14 -14 16 17 -15 -12 20 -20 -22 24 -24 -23 -13 27 28 -27 -30
right_child=1 2 3 4 -6 -7 -8 8 -10 10 18 25 13 15 -16 -17 -18 -19 19 -21 21 22 23 -25 -26 26 -28 -29 29 -31
leaf_value=-0.087537681417208801 0.086077207831763911 1.4770834172549456 0.71197393057217084 0.34218859361168352 -2.0860382963310591 1.3836564900875092 -1.1722366352493947 0.40949016681710032 1.3418413255144568 -0.72612677830457695 0.39998773737154303 1.0306509024821795 -0.15191040039062501 -0.91242988055402585 -2.2353075096011161 0.21514205578182427 -1.731571167577868 0.66226391235987347 0.47021303121707869 0.3864326544730245 -2.1058118823170662 0.028127405606210232 -0.27645314357553924 -1.4291902530760994 1.0301117897033691 0.25913805944095186 -0.47074467084697774 0.63511721640528052 0.22975395046174529 -1.6827568816287177
leaf_weight=6290 1311 23 83 53 22 25 26 330 34 25 237 26 25 22 20 105 23 30 79 185 20 92 96 21 21 385 37 94 40 21
leaf_count=6290 1311 23 83 53 22 25 26 330 34 25 237 26 25 22 20 105 23 30 79 185 20 92 96 21 21 385 37 94 40 21
internal_value=-5.96375e-10 0.156825 0.263127 0.242429 -0.187648 0.213935 -0.15623 0.286738 0.496578 0.197818 0.142825 0.0886407 0.0305349 -0.293092 -1.07786 -0.0968987 -0.533756 -0.00395269 0.171751 0.066514 -0.113379 -0.297795 -0.140576 -0.483355 0.214337 0.236651 0.200873 0.246892 0.165068 -0.428651
internal_weight=9801 3511 1372 1349 126 104 79 1223 364 859 776 2139 1536 225 45 180 75 52 751 514 329 250 230 117 113 603 577 540 446 61
internal_count=9801 3511 1372 1349 126 104 79 1223 364 859 776 2139 1536 225 45 180 75 52 751 514 329 250 230 117 113 603 577 540 446 61
is_linear=0
shrinkage=0.05


Tree=94
num_leaves=31
num_cat=0
split_feature=1 8 0 5 0 0 5 5 5 0 5 3 0 5 3 8 2 7 4 4 0 6 2 6 4 7 0 2 3 3
split_gain=48960.2 9026.58 21237.5 41521.7 57511.8 19729.6 10322.3 9671.89 7930.58 7540 26190.4 30932.4 26754.9 23638.1 20932.9 14093.6 13685.4 11296.8 14424.4 12048.8 10805.6 8196.58 8855.55 8055.55 7126 6972.61 9384.98 6300.53 11538.8 21454.9
threshold=336.50000000000006 4.5000000000000009 24.250000000000004 10.500000000000002 26.050000000000004 16.650000000000002 63.500000000000007 61.500000000000007 49.500000000000007 16.850000000000005 81.500000000000014 20.500000000000004 15.250000000000002 70.500000000000014 93.500000000000014 2.5000000000000004 59.500000000000007 15.500000000000002 443.50000000000006 369.50000000000006 18.950000000000003 835.50000000000011 45.500000000000007 657.50000000000011 436.50000000000006 11.500000000000002 15.15 52.500000000000007 6.5000000000000009 1.0000000180025095e-35
decision_type=2 2 2 2 2 2 2 2 2 2 2 2 2 2 2 2 2 2 2 2 2 2 2 2 2 2 2 2 2 2
left_child=24 2 9 -4 -5 8 7 -7 -3 10 15 -12 -13 21 17 25 -17 18 19 -15 23 22 -11 -20 -1 26 -2 -8 29 -29
right_child=1 5 3 4 -6 6 27 -9 -10 13 11 12 -14 14 -16 16 -18 -19 20 -21 -22 -23 -24 -25 -26 -27 -28 28 -30 -31
leaf_value=-0.077514640146190306 -1.3054784429669382 -0.13715489625930785 0.51848256841301921 -3.3385683479309081 0.052945613861083984 0.22737345927343156 0.95852108950346304 -0.85268139597915471 -1.5283557806696211 0.75541481886591233 -0.43306268465060455 0.62645895770367455 2.6407807048410179 -0.30041248142719268 -1.5199934473110213 0.1107982731291226 1.7993243285587857 0.77837465286254881 1.0340421676635743 -2.0359789061546327 -0.71957470232790177 1.2208386062225327 0.068626639961810981 -0.22492733836794893 0.51003182129218028 0.037494943228227148 0.094023204497669058 0.55702969151384696 0.67275356511274975 -1.5068106484413146
leaf_weight=6814 25 20 40 25 25 1601 71 21 21 56 26 34 32 20 37 28 21 25 27 20 33 20 290 24 52 196 23 34 120 20
leaf_count=6814 25 20 40 25 25 1601 71 21 21 56 26 34 32 20 37 28 21 25 27 20 33 20 290 24 52 196 23 34 120 20
internal_value=9.88933e-10 0.170924 0.0514069 -0.682236 -1.64281 0.235256 0.259082 0.21339 -0.849721 0.121874 0.291708 1.02766 1.6031 0.00342106 -0.455555 0.0606237 0.834452 -0.191232 -0.386717 -1.1682 -0.0145843 0.236671 0.179783 0.441586 -0.0730648 -0.0947763 -0.634884 0.561585 0.399616 -0.207356
internal_weight=9801 2935 1027 90 50 1908 1867 1622 41 937 385 92 66 552 186 293 49 149 124 40 84 366 346 51 6866 244 48 245 174 54
internal_count=9801 2935 1027 90 50 1908 1867 1622 41 937 385 92 66 552 186 293 49 149 124 40 84 366 346 51 6866 244 48 245 174 54
is_linear=0
shrinkage=0.05


Tree=95
num_leaves=31
num_cat=0
split_feature=6 1 7 7 8 0 6 0 5 6 4 6 1 1 5 6 5 2 6 0 8 1 0 4 8 0 2 3 3 5
split_gain=44399.8 8263.98 6537.21 22752.3 8439.44 14668.8 12314.6 7784.54 9001.03 7855.56 5731.66 5680.51 5559.64 5225.42 5003.22 13524.8 7750.56 13304.8 23930.1 22279.4 29475.4 24995.4 19083.8 11542.4 8747.74 14843.7 12758.8 12936.5 6219.06 7482.02
threshold=436.50000000000006 1.5000000000000002 12.500000000000002 13.500000000000002 4.5000000000000009 21.950000000000003 409.50000000000006 20.250000000000004 57.500000000000007 376.50000000000006 939.50000000000011 152.50000000000003 948.50000000000011 433.50000000000006 36.500000000000007 906.50000000000011 99.500000000000014 57.500000000000007 683.50000000000011 16.950000000000003 2.5000000000000004 616.50000000000011 17.050000000000004 310.50000000000006 9.5000000000000018 26.450000000000003 58.500000000000007 76.500000000000014 1.0000000180025095e-35 10.500000000000002
decision_type=2 2 2 2 2 2 2 2 2 2 2 2 2 2 2 2 2 2 2 2 2 2 2 2 2 2 2 2 2 2
left_child=1 -1 4 -4 5 6 13 9 -9 -6 14 -10 -12 -3 28 16 23 19 22 -18 -21 -22 -19 -16 -25 26 -26 -28 29 -2
right_child=10 2 3 -5 7 -7 -8 8 11 -11 12 -13 -14 -15 15 -17 17 18 -20 20 21 -23 -24 24 25 -27 27 -29 -30 -31
leaf_value=-0.10008764335191192 0.13267827494818971 -0.15692224654367062 1.3621578159577707 0.052727765593259146 -0.084799658712683371 -1.4580006275487984 -1.3533534435998826 0.059454930986784685 0.096511630623811684 -0.96759129209177841 1.0918081739369561 0.9516181697066014 0.13077831091704192 0.54630491435527806 1.3901476465842941 0.85660776939420469 1.6590941491334334 -1.2299534442632094 -2.022335722332909 -1.5829669296741486 1.5921426613415992 -0.39971979065901708 0.56948338023773049 0.29073049598734318 -1.0471089461575385 0.92305441898107521 0.74092748665040542 -0.89012108445167548 0.20572942690875631 -0.26346371518672956
leaf_weight=4726 281 467 34 1366 252 23 21 395 31 28 34 52 27 28 22 84 23 23 21 24 28 36 41 813 46 25 31 20 592 207
leaf_count=4726 281 467 34 1366 252 23 21 395 31 28 34 52 27 28 22 84 23 23 21 24 28 36 41 813 46 25 31 20 592 207
internal_value=8.96669e-10 -0.060234 0.00960235 0.0845282 -0.0712737 -0.222524 -0.167455 0.0362779 0.158914 -0.173079 0.188022 0.632241 0.666434 -0.117144 0.175427 0.24408 0.199455 -0.0869955 -0.557755 0.273496 -0.0886491 0.47172 -0.0771892 0.258122 0.231486 -0.163314 -0.443306 0.101301 0.0967939 -0.0353574
internal_weight=9801 7423 2697 1400 1297 539 516 758 478 280 2378 83 61 495 2317 1237 1153 196 85 111 88 64 64 957 935 122 97 51 1080 488
internal_count=9801 7423 2697 1400 1297 539 516 758 478 280 2378 83 61 495 2317 1237 1153 196 85 111 88 64 64 957 935 122 97 51 1080 488
is_linear=0
shrinkage=0.05


Tree=96
num_leaves=31
num_cat=0
split_feature=4 1 8 1 8 3 2 5 6 2 5 0 6 0 5 5 2 2 1 2 5 1 2 6 0 1 4 6 0 7
split_gain=40352.3 10591.6 6803.68 19769.2 9415.48 14186.7 9263.15 11662 10088.6 25313.8 16795.1 12066.1 11169.7 8430.46 17488 7527.13 6948.41 10424.3 6096.08 10138.5 14078.4 9544.53 5862.13 6313.79 13276.5 10043.9 5457.33 5689.85 22382.4 12143
threshold=396.50000000000006 528.50000000000011 4.5000000000000009 862.50000000000011 6.5000000000000009 5.5000000000000009 74.500000000000014 60.500000000000007 688.50000000000011 53.500000000000007 93.500000000000014 20.050000000000004 830.50000000000011 23.750000000000004 10.500000000000002 58.500000000000007 69.500000000000014 66.500000000000014 345.50000000000006 60.500000000000007 67.500000000000014 524.50000000000011 31.500000000000004 940.50000000000011 29.950000000000003 925.50000000000011 1.5000000000000002 468.50000000000006 19.650000000000002 13.500000000000002
decision_type=2 2 2 2 2 2 2 2 2 2 2 2 2 2 2 2 2 2 2 2 2 2 2 2 2 2 2 2 2 2
left_child=1 26 3 6 5 22 8 -8 13 10 -10 -11 -13 16 -15 -7 17 18 -2 -20 21 -21 -4 25 -25 -24 -1 -28 29 -29
right_child=2 -3 4 -5 -6 15 7 -9 9 11 -12 12 -14 14 -16 -17 -18 -19 19 20 -22 -23 23 24 -26 -27 27 28 -30 -31
leaf_value=-0.095188517114222562 0.87377735875546936 1.0111975566200588 1.0230130367997019 -1.1217600767007647 0.14826979190916786 0.61947404071966661 0.16236915662884713 1.7014748072624208 0.58611584341348111 -0.92961941872324272 2.1520790411078412 -0.34101802740117604 1.1949229571223261 0.24937364963384778 -1.6223098536332448 1.4624856320294468 -0.51910587537963437 0.85751240301877274 0.090628098211446018 -0.78381570448478066 -1.5999878782270986 0.439777856101008 0.17628782096741014 -1.1093702683081994 0.60415165543556215 1.2039477550066435 0.008335807892094765 -1.8714604179064436 0.84004390964453879 -0.2032987889647484
leaf_weight=4718 20 23 22 34 1104 134 32 20 67 35 23 29 20 26 24 33 53 40 392 30 22 34 278 26 20 26 2450 24 22 20
leaf_count=4718 20 23 22 34 1104 134 32 20 67 35 23 29 20 26 24 33 53 40 392 30 22 34 278 26 20 26 2450 24 22 20
internal_value=6.25414e-10 -0.0600688 0.171352 0.0609339 0.231904 0.403206 0.107314 0.754333 0.0660319 0.403677 0.986306 -0.220568 0.285897 -0.0256222 -0.649034 0.786057 0.0271199 0.0809303 0.0185542 -0.0172292 -0.508858 -0.133782 0.231334 0.181572 -0.364361 0.26418 -0.0634748 -0.0040053 -0.462122 -1.11321
internal_weight=9801 7257 2544 901 1643 539 867 52 815 174 90 84 49 641 50 167 591 538 498 478 86 64 372 350 46 304 7234 2516 66 44
internal_count=9801 7257 2544 901 1643 539 867 52 815 174 90 84 49 641 50 167 591 538 498 478 86 64 372 350 46 304 7234 2516 66 44
is_linear=0
shrinkage=0.05


Tree=97
num_leaves=31
num_cat=0
split_feature=4 4 0 0 6 5 5 7 5 2 5 1 1 3 5 0 3 5 2 8 0 3 2 7 2 8 2 8 3 8
split_gain=36606.2 7973.55 6296.38 8457.78 12275.3 8305.25 12587.2 20242.6 7030.86 8143.04 9123.15 6876.51 10556.5 6886.79 6750.35 14334.7 16583.8 12221.3 23787.4 23386.8 21502.9 13697.9 11472.1 9265.08 12538.9 17087.2 9130.67 9356.65 8940.21 10622.2
threshold=214.50000000000003 712.50000000000011 9.9500000000000011 15.950000000000001 166.50000000000003 81.500000000000014 67.500000000000014 13.500000000000002 1.0000000180025095e-35 39.500000000000007 58.500000000000007 462.50000000000006 358.50000000000006 75.500000000000014 34.500000000000007 16.450000000000003 25.500000000000004 73.500000000000014 71.500000000000014 4.5000000000000009 22.650000000000002 94.500000000000014 57.500000000000007 15.500000000000002 58.500000000000007 2.5000000000000004 61.500000000000007 9.5000000000000018 47.500000000000007 10.500000000000002
decision_type=2 2 2 2 2 2 2 2 2 2 2 2 2 2 2 2 2 2 2 2 2 2 2 2 2 2 2 2 2 2
left_child=-1 2 -2 5 -5 6 8 -8 -4 -10 -11 12 13 -7 -6 16 -16 -17 19 20 21 23 28 24 -19 -26 -24 -28 29 -21
right_child=1 -3 3 4 14 11 7 -9 9 10 -12 -13 -14 -15 15 17 -18 18 -20 22 -22 -23 26 -25 25 -27 27 -29 -30 -31
leaf_value=-0.072194225312438645 0.96898859024047868 0.2580616416895542 0.30131591630822707 1.1781463894027251 2.8585586110203284e-05 -0.11053250341311745 -2.0518431863059168 0.095275369712284633 -1.075321611210152 -0.27737339863882349 0.76401634713013966 1.0051413799524307 -0.83464911735576131 1.141833320969627 -0.031414297347267466 0.25822698819211115 1.7072896929457784 0.078032603447253893 1.2746487579743069 0.86426460041719333 -2.1174665701389315 -1.2583485278818343 -0.82948727502542396 0.63092477486051368 -0.060701923320690791 -1.9678524006967959 1.034733540955044 -0.36144089358193532 1.301845123210261 -0.43832737310179354
leaf_weight=6290 20 896 74 27 889 23 23 21 27 170 24 25 23 21 24 788 32 65 30 34 20 36 34 29 24 23 21 28 31 29
leaf_count=6290 20 896 74 27 889 23 23 21 27 170 24 25 23 21 24 788 32 65 30 34 20 36 34 29 24 23 21 28 31 29
internal_value=3.81428e-10 0.129337 0.0852308 0.0784195 0.118704 -0.123845 -0.238186 -1.02708 -0.12052 -0.261768 -0.148542 0.297477 0.0334227 0.487188 0.105319 0.180321 0.962131 0.143592 -0.0800043 -0.188666 -0.563444 -0.387848 0.228459 -0.165592 -0.371833 -0.993988 -0.199922 0.23692 0.60671 0.264659
internal_weight=9801 3511 2615 2595 2164 431 339 44 295 221 194 92 67 44 2137 1248 56 1192 404 374 197 177 177 141 112 47 83 49 94 63
internal_count=9801 3511 2615 2595 2164 431 339 44 295 221 194 92 67 44 2137 1248 56 1192 404 374 197 177 177 141 112 47 83 49 94 63
is_linear=0
shrinkage=0.05


Tree=98
num_leaves=31
num_cat=0
split_feature=4 1 8 1 3 3 5 8 3 4 1 1 3 5 4 4 3 1 2 2 4 1 4 4 5 0 2 5 6 3
split_gain=33638.9 9265.43 5511.51 17994.1 8886.73 23346.5 18682.8 8238.65 12597 8152.61 31482.4 10871.5 9723.08 17989.1 8230.24 12638 12249.2 7122.14 6638.02 9510.51 14421 6090.46 6013.75 8549.01 8188.49 18193.3 9438.35 7854.19 8499.39 27677.5
threshold=396.50000000000006 528.50000000000011 4.5000000000000009 862.50000000000011 99.500000000000014 94.500000000000014 78.500000000000014 6.5000000000000009 5.5000000000000009 485.50000000000006 541.50000000000011 499.50000000000006 17.500000000000004 58.500000000000007 525.50000000000011 535.50000000000011 19.500000000000004 423.50000000000006 64.500000000000014 55.500000000000007 710.50000000000011 519.50000000000011 551.50000000000011 581.50000000000011 89.500000000000014 18.350000000000005 37.500000000000007 16.500000000000004 667.00000000000011 13.500000000000002
decision_type=2 2 2 2 2 2 2 2 2 2 2 2 2 2 2 2 2 2 2 2 2 2 2 2 2 2 2 2 2 2
left_child=1 -1 3 4 5 9 -6 8 -4 10 11 12 17 -14 16 -16 -11 -2 19 -10 -21 -17 -23 -24 26 -26 -25 -28 -29 -30
right_child=2 -3 7 -5 6 -7 -8 -9 18 14 -12 -13 13 -15 15 21 -18 -19 -20 20 -22 22 23 24 25 -27 27 28 29 -31
leaf_value=-0.058030514420546492 0.17409018725156786 0.94711324235667349 0.20923342781219012 -1.0712788460885778 0.14029355264724572 -1.1551441687804003 1.555765406691259 0.13271652194198921 0.37502573128694144 0.2812411174930346 -1.6985558139866797 1.1289983118122275 -0.38980143043924786 1.3388950042150638 -0.94948657200886655 -0.32695171523327926 1.712023267575673 -0.9154157263413073 0.34199166281543897 2.4766373866796494 0.84537377385866075 1.0211011895289024 -0.51592681794553197 0.97453708070697209 1.7761186265028439 -0.22975432410836222 0.39197693408097867 0.18330590506674538 -2.1437382073968183 0.13431613363325598
leaf_weight=7234 24 23 372 34 94 39 31 1104 39 52 29 22 34 27 26 51 21 40 66 20 42 24 37 33 26 20 106 71 20 40
leaf_count=7234 24 23 372 34 94 39 31 1104 39 52 29 22 34 27 26 51 21 40 66 20 42 24 37 33 26 20 106 71 20 40
internal_value=4.19582e-10 -0.0548449 0.15645 0.0570692 0.101318 0.0356153 0.491331 0.210949 0.371189 0.101674 -0.192964 0.104057 -0.0763324 0.375359 0.200074 0.120841 0.692836 -0.506851 0.731951 0.986777 1.37159 0.185861 0.255233 0.203163 0.28736 0.904 0.182303 0.0719922 -0.186927 -0.625035
internal_weight=9801 7257 2544 901 867 742 125 1643 539 703 176 147 125 61 527 454 73 64 167 101 62 428 377 353 316 46 270 237 131 60
internal_count=9801 7257 2544 901 867 742 125 1643 539 703 176 147 125 61 527 454 73 64 167 101 62 428 377 353 316 46 270 237 131 60
is_linear=0
shrinkage=0.05


Tree=99
num_leaves=31
num_cat=0
split_feature=1 0 0 0 2 5 6 4 5 4 1 6 0 3 0 4 3 2 0 2 3 5 2 6 0 2 5 5 5 6
split_gain=30383 6199.9 7777.56 6069.47 6046.72 25322 15941.6 6882.5 6383.52 5605.39 5517.24 20583.5 7424.75 5452.68 5491.15 5390.3 5659 9260.71 11465 11055.3 20207.9 41794.6 10841 12710.7 10815.6 19412.5 9120.31 7246.49 6964.42 12007
threshold=336.50000000000006 10.65 11.950000000000001 33.250000000000007 36.500000000000007 85.500000000000014 678.50000000000011 218.50000000000003 32.500000000000007 436.50000000000006 764.50000000000011 678.50000000000011 20.250000000000004 5.5000000000000009 21.950000000000003 810.50000000000011 27.500000000000004 71.500000000000014 16.450000000000003 57.500000000000007 94.500000000000014 67.500000000000014 56.500000000000007 674.50000000000011 18.950000000000003 47.500000000000007 99.500000000000014 41.500000000000007 41.500000000000007 433.50000000000006
decision_type=2 2 2 2 2 2 2 2 2 2 2 2 2 2 2 2 2 2 2 2 2 2 2 2 2 2 2 2 2 2
left_child=9 -2 -3 4 5 6 8 -6 -4 -1 15 -12 -13 -14 -15 16 -9 19 -19 22 28 -22 23 24 26 -26 -18 -25 -21 -30
right_child=1 2 3 -5 7 -7 -8 10 -10 -11 11 12 13 14 -16 -17 17 18 -20 20 21 -23 -24 27 25 -27 -28 -29 29 -31
leaf_value=-0.061504091439050057 0.97086070179939277 -0.85427685141563414 0.064546794361538359 0.50467198489355702 0.98435511042674395 -1.3054701340825936 0.90489602177701112 0.040957212196522055 -0.72813275182569359 0.459597221059868 1.6373945992726548 -0.74613644480705266 0.1331278317495386 -0.21764399360578796 0.56513005003655026 -0.63877510666847237 0.21910210389055707 0.060429049386032697 1.4047847967488425 -0.20711946843275386 0.3055912796746601 -1.9916011450398301 1.4608852028846742 0.43561102479696273 -1.4135561002625359 0.27537251202308616 1.3705184124764944 1.7815764158964158 1.2294141424052856 0.14444538984155539
leaf_weight=6814 22 20 81 107 24 38 47 1280 37 52 26 20 422 26 162 25 95 29 35 67 44 36 22 20 27 46 21 20 34 102
leaf_count=6814 22 20 81 107 24 38 47 1280 37 52 26 20 422 26 162 25 95 29 35 67 44 36 22 20 27 46 21 20 34 102
internal_value=2.55803e-10 0.134647 0.128332 0.135125 0.120932 -0.141825 0.126167 0.141582 -0.184005 -0.0575575 0.133678 0.258722 0.201825 0.232905 0.456874 0.0905731 0.100282 0.227265 0.795624 0.159148 -0.0551064 -0.728145 0.400717 0.298867 0.127496 -0.3493 0.427548 1.10859 0.210131 0.415688
internal_weight=9801 2935 2913 2893 2786 203 165 2583 118 6866 2559 656 630 610 188 1903 1878 598 64 534 283 80 251 229 189 73 116 40 203 136
internal_count=9801 2935 2913 2893 2786 203 165 2583 118 6866 2559 656 630 610 188 1903 1878 598 64 534 283 80 251 229 189 73 116 40 203 136
is_linear=0
shrinkage=0.05


Tree=100
num_leaves=31
num_cat=0
split_feature=1 0 8 0 1 1 3 8 5 7 0 2 0 1 3 5 1 2 6 0 0 0 2 6 0 4 2 2 1 0
split_gain=27754.8 8806.48 10413.3 14596.1 16320.2 14397.2 9295.75 11451.8 10780.9 9045.65 9225.75 9267.34 11741.2 11580.1 10354.9 14932 9184.03 7435.2 10701.1 9391.06 15087.9 8191.02 7420.8 7339.17 7027.89 6754.36 6172.08 8587.23 10777.4 7030.33
threshold=152.50000000000003 9.5500000000000025 4.5000000000000009 16.050000000000004 246.50000000000003 862.50000000000011 47.500000000000007 8.5000000000000018 48.500000000000007 11.500000000000002 23.350000000000005 63.500000000000007 14.850000000000003 222.50000000000003 24.500000000000004 67.500000000000014 367.50000000000006 62.500000000000007 492.50000000000006 21.650000000000002 24.150000000000002 19.950000000000003 67.500000000000014 533.50000000000011 14.050000000000002 570.50000000000011 28.500000000000004 34.500000000000007 835.50000000000011 17.150000000000002
decision_type=2 2 2 2 2 2 2 2 2 2 2 2 2 2 2 2 2 2 2 2 2 2 2 2 2 2 2 2 2 2
left_child=-1 -2 5 4 -4 9 7 8 -5 10 11 12 -3 -13 16 -16 -15 19 22 21 -21 -8 -19 -14 -6 -20 -11 -28 29 -29
right_child=1 2 3 6 24 -7 17 -9 -10 26 -12 13 23 14 15 -17 -18 18 25 20 -22 -23 -24 -25 -26 -27 27 28 -30 -31
leaf_value=-0.067923035926254913 1.1507074283063412 -0.54075097167024422 0.4016302957199514 0.15605232981760761 -0.32727399259096102 -1.026446775949615 0.75337544889063457 -0.012770326196078409 0.48871931655931783 0.8868552108605704 -0.97872120965929599 0.15332669873854943 0.18244284836575389 -0.96725851055979728 -0.41904065637361437 -2.3279993215203283 0.37493452693407359 -0.081191603342692056 -1.1439600232243539 -0.73406231021103663 0.72318835101830659 2.0092911100387574 0.94342608715212628 1.1402508914470673 -1.5119336759851825 0.11240968833798948 -0.85882034401098883 0.20528125213825496 1.2472206521034241 -0.071834315000337434
leaf_weight=5934 20 51 32 1051 21 34 37 724 317 24 34 56 120 25 21 20 26 30 20 23 78 20 43 24 31 23 24 483 20 435
leaf_count=5934 20 51 32 1051 21 34 37 724 317 24 34 56 120 25 21 20 26 30 20 23 78 20 43 24 31 23 24 483 20 435
internal_value=8.69456e-10 0.104229 0.098789 0.160907 -0.486792 -0.0101513 0.183902 0.148035 0.23314 0.0152001 -0.19311 -0.115236 0.111184 -0.413559 -0.75862 -1.35024 -0.283003 0.457751 0.153774 0.680924 0.391339 1.19405 0.52235 0.342078 -1.03351 -0.471948 0.094848 0.075089 0.0989844 0.0739683
internal_weight=9801 3867 3847 2450 84 1397 2366 2092 1368 1363 377 343 195 148 92 41 51 274 116 158 101 57 73 144 52 43 986 962 938 918
internal_count=9801 3867 3847 2450 84 1397 2366 2092 1368 1363 377 343 195 148 92 41 51 274 116 158 101 57 73 144 52 43 986 962 938 918
is_linear=0
shrinkage=0.05


Tree=101
num_leaves=31
num_cat=0
split_feature=1 4 4 8 0 5 2 2 0 4 5 6 0 8 1 7 4 3 2 2 0 0 8 2 5 4 0 0 3 6
split_gain=25606.4 10604.1 6296.08 5476.14 5044.03 4831.46 7425.19 7437.53 4314.65 4179.07 5702.45 10403.7 6016.71 13923.1 32499.4 15232.7 19233.4 19170.6 34796.5 10647.1 8259.42 9562.9 7742.87 10003.3 7718.17 10825.9 7480.86 7036.04 6619.58 5882.55
threshold=468.50000000000006 303.50000000000006 573.50000000000011 10.500000000000002 26.750000000000004 3.5000000000000004 49.500000000000007 60.500000000000007 17.050000000000004 939.50000000000011 36.500000000000007 906.50000000000011 16.850000000000005 4.5000000000000009 823.50000000000011 15.500000000000002 468.50000000000006 45.500000000000007 56.500000000000007 63.500000000000007 25.450000000000003 26.250000000000004 3.5000000000000004 42.500000000000007 71.500000000000014 551.50000000000011 23.950000000000003 21.950000000000003 88.500000000000014 914.50000000000011
decision_type=2 2 2 2 2 2 2 2 2 2 2 2 2 2 2 2 2 2 2 2 2 2 2 2 2 2 2 2 2 2
left_child=2 -2 4 9 -1 -5 -7 -8 -4 10 29 12 19 14 15 16 -14 22 -19 24 26 -22 23 -18 25 -12 27 -15 -23 -3
right_child=1 3 8 5 -6 6 7 -9 -10 -11 11 -13 13 20 -16 -17 17 18 -20 -21 21 28 -24 -25 -26 -27 -28 -29 -30 -31
leaf_value=-0.059519632855778298 1.0837896888951462 0.087618030374587028 1.0724531389418102 0.35286014324852399 0.085566357336512466 -1.2171096620105564 0.32278039058049524 -0.84412568645043806 0.070479601350697613 0.56304788872843881 0.67912852874508611 0.75785998043914637 -1.1616864495552504 0.91156239560965835 -1.9584801171784816 0.94197245546289388 -0.83981112062931063 0.74040011899037805 -1.8966140391497779 1.4743251650229745 -0.76033169436454784 0.20142917768456617 1.0331784224685501 0.41695886379794073 0.83945252393421377 -0.66192381285569246 1.3291163381189108 -0.21006135631490641 1.1112789778304952 -0.41964942321914145
leaf_weight=6901 30 906 21 28 656 21 36 22 22 61 27 84 39 29 23 37 20 22 29 23 25 416 34 76 38 34 32 27 21 61
leaf_count=6901 30 906 21 28 656 21 36 22 22 61 27 84 39 29 23 37 20 22 29 23 25 416 34 76 38 34 32 27 21 61
internal_value=-1.32187e-09 0.150178 -0.0434923 0.137277 -0.0469252 -0.211494 -0.411519 -0.119839 0.559816 0.155357 0.142941 0.224448 0.177382 0.129191 -0.157822 0.00332655 -0.154537 0.0624736 -0.759079 0.505244 0.275306 0.190743 0.384775 0.155132 0.280104 -0.0683433 0.719266 0.37078 0.245152 0.0556187
internal_weight=9801 2201 7600 2171 7557 107 79 58 43 2064 2003 1036 952 830 280 257 220 181 51 122 550 462 130 96 99 61 88 56 437 967
internal_count=9801 2201 7600 2171 7557 107 79 58 43 2064 2003 1036 952 830 280 257 220 181 51 122 550 462 130 96 99 61 88 56 437 967
is_linear=0
shrinkage=0.05


Tree=102
num_leaves=31
num_cat=0
split_feature=4 0 6 0 2 5 5 5 7 2 8 4 8 0 5 0 0 5 3 5 5 5 7 3 4 6 6 8 5 0
split_gain=23260.1 6012.57 10688.4 8327.09 7290.42 8820.21 10802.6 16807.4 7440.85 7260.36 6328.07 6203.01 6113.53 13467 29515.6 50848.1 9363.93 24623.8 17065.9 12465.1 21061.7 12564.2 16904.5 16797.8 14616.7 10106.1 9159.85 8228.16 12444.9 5870.41
threshold=214.50000000000003 15.950000000000001 166.50000000000003 10.250000000000002 76.500000000000014 3.5000000000000004 81.500000000000014 67.500000000000014 14.500000000000002 81.500000000000014 10.500000000000002 372.50000000000006 4.5000000000000009 24.250000000000004 10.500000000000002 26.050000000000004 16.450000000000003 46.500000000000007 28.500000000000004 77.500000000000014 83.500000000000014 94.500000000000014 13.500000000000002 65.500000000000014 428.50000000000006 612.50000000000011 835.50000000000011 6.5000000000000009 46.500000000000007 24.050000000000004
decision_type=2 2 2 2 2 2 2 2 2 2 2 2 2 2 2 2 2 2 2 2 2 2 2 2 2 2 2 2 2 2
left_child=-1 3 -3 -2 5 -5 7 10 11 -6 -7 -8 13 16 -15 -16 17 -4 -19 26 -21 -22 23 25 -24 -23 -18 28 -14 -30
right_child=1 2 12 4 9 6 8 -9 -10 -11 -12 -13 27 14 15 -17 19 18 -20 20 21 22 24 -25 -26 -27 -28 -29 29 -31
leaf_value=-0.057548118149740007 0.77046108927045553 1.1189453064291566 -0.29915423473206965 0.20875153568934424 0.83868994613488523 -0.21141964944859817 -0.018506925582885744 -1.6014958140350157 -0.54188824538141489 -0.33114801929110577 -1.0572097255633428 1.1068584029873214 0.18270722830780861 0.47366148676814107 -2.8534109497511828 0.16181916573951985 0.1041279690220952 0.34527380205690861 2.3423299056032429 -1.5858521571116788 0.76993425000797622 -1.1783569473028184 -0.50872204303741453 -2.1254670017957689 0.8429774446412921 0.37460604120384566 1.1246353655405668 0.10044429085145533 0.31112234525716126 0.90903396007587323
leaf_weight=6290 28 27 41 98 36 148 25 31 24 21 26 24 479 41 27 29 500 20 23 28 33 20 40 20 40 22 23 1464 67 106
leaf_count=6290 28 27 41 98 36 148 25 31 24 21 26 24 479 41 27 29 500 20 23 28 33 20 40 20 40 22 23 1464 67 106
internal_value=-9.81469e-10 0.103098 0.128536 -0.0652018 -0.11924 -0.199121 -0.342904 -0.528897 0.179406 0.407697 -0.337802 0.532692 0.11969 0.0110851 -0.545662 -1.29195 0.0777573 0.577545 1.41347 0.0199306 -0.312616 -0.108898 -0.313133 -0.932825 0.167128 -0.3649 0.149007 0.166243 0.313987 0.677473
internal_weight=9801 3511 3050 461 433 376 278 205 73 57 174 49 3023 907 97 56 810 84 43 726 203 175 142 62 80 42 523 2116 652 173
internal_count=9801 3511 3050 461 433 376 278 205 73 57 174 49 3023 907 97 56 810 84 43 726 203 175 142 62 80 42 523 2116 652 173
is_linear=0
shrinkage=0.05


Tree=103
num_leaves=31
num_cat=0
split_feature=1 4 1 3 4 6 6 5 6 0 0 1 6 0 2 5 0 5 3 1 5 8 0 3 3 1 2 3 2 4
split_gain=21307.3 9687.3 5441.39 4557.68 8242.15 17273.2 8226.08 7805.04 6174.51 5182.78 6126.52 4801.78 4998.73 6390.88 4666.96 7604.76 4399.89 4373.01 4265.53 7150.42 7426.2 4901.84 8125.66 6224.98 10547.9 3854.25 4441.89 12731.5 5878.36 9210.27
threshold=485.50000000000006 303.50000000000006 1.0000000180025095e-35 75.500000000000014 443.50000000000006 468.50000000000006 536.50000000000011 56.500000000000007 440.50000000000006 16.250000000000004 16.450000000000003 384.50000000000006 275.50000000000006 15.350000000000003 60.500000000000007 97.500000000000014 33.250000000000007 17.500000000000004 47.500000000000007 232.50000000000003 63.500000000000007 10.500000000000002 22.450000000000003 27.500000000000004 20.500000000000004 963.50000000000011 61.500000000000007 96.500000000000014 53.500000000000007 432.50000000000006
decision_type=2 2 2 2 2 2 2 2 2 2 2 2 2 2 2 2 2 2 2 2 2 2 2 2 2 2 2 2 2 2
left_child=2 -2 -1 6 5 8 9 -6 11 -4 -11 12 14 -14 15 -5 25 -18 21 -20 -21 -12 23 24 -23 26 28 -28 29 -3
right_child=1 16 3 4 7 -7 -8 -9 -10 10 18 -13 13 -15 -16 -17 17 -19 19 20 -22 22 -24 -25 -26 -27 27 -29 -30 -31
leaf_value=-0.072471118349778027 1.1849914837967266 1.187900217374166 -0.12008849886263391 0.0030295556141198545 0.2630491704130784 -0.97477244083818637 -0.95820381019426437 1.2009191990860049 0.93280216870100618 0.73619280888008021 0.040120488543888604 -0.6645043782144785 1.1537262160331012 0.20823006850800346 0.15559410119453318 -1.0302648747107015 0.16945031626658008 0.85166732828791558 -0.12638273672624067 0.28257657412220455 1.4967916548252107 -0.087205567430047426 -1.156893306544849 0.48029062117849081 -1.3282054495811462 0.80479168772697462 0.27103490284077392 -0.86047629519150814 -0.051474178863692183 0.12510017759444986
leaf_weight=4655 22 21 724 69 78 38 23 31 23 31 1369 20 24 70 232 24 55 41 44 34 20 119 21 35 20 20 567 26 649 696
leaf_count=4655 22 21 724 69 78 38 23 31 23 31 1369 20 24 70 232 24 55 41 44 34 20 119 21 35 20 20 567 26 649 696
internal_value=5.68666e-11 0.141305 -0.0384628 0.0134588 0.135822 0.0499381 -0.0170817 0.529783 0.134222 -0.00812607 0.0397539 0.0923826 0.128511 0.449633 0.0356324 -0.263627 0.13024 0.460814 0.0267638 0.346761 0.732286 0.00671278 -0.227826 -0.115698 -0.265767 0.114204 0.107153 0.221424 0.0575468 0.156228
internal_weight=9801 2097 7704 3049 609 500 2440 109 462 2417 1693 439 419 94 325 93 2075 96 1662 98 54 1564 195 174 139 1979 1959 593 1366 717
internal_count=9801 2097 7704 3049 609 500 2440 109 462 2417 1693 439 419 94 325 93 2075 96 1662 98 54 1564 195 174 139 1979 1959 593 1366 717
is_linear=0
shrinkage=0.05


Tree=104
num_leaves=31
num_cat=0
split_feature=4 1 2 5 2 5 6 1 5 0 3 1 8 0 2 5 2 0 5 4 6 3 5 2 8 4 5 6 0 7
split_gain=19303 6943.95 4620.5 12631.9 5874.18 8884.85 5016.93 4210.03 4873.33 15799.4 21588.1 28718.6 15374.1 25533.8 14304.3 6739.37 8171.92 5874.83 7646.64 4591.63 6932.93 4281.62 9906.8 7760.23 21522.6 7530.13 6520.66 3915.55 20080.1 10310.9
threshold=396.50000000000006 528.50000000000011 73.500000000000014 68.500000000000014 69.500000000000014 57.500000000000007 488.50000000000006 340.50000000000006 85.500000000000014 17.250000000000004 24.500000000000004 750.50000000000011 3.5000000000000004 25.450000000000003 46.500000000000007 68.500000000000014 63.500000000000007 16.250000000000004 5.5000000000000009 551.50000000000011 688.50000000000011 1.0000000180025095e-35 64.500000000000014 55.500000000000007 4.5000000000000009 927.50000000000011 60.500000000000007 468.50000000000006 19.650000000000002 13.500000000000002
decision_type=2 2 2 2 2 2 2 2 2 2 2 2 2 2 2 2 2 2 2 2 2 2 2 2 2 2 2 2 2 2
left_child=1 27 4 -4 7 6 -6 -2 15 14 12 -12 -11 -14 -10 17 19 18 -9 -17 -21 23 25 -19 -25 26 -23 -1 29 -29
right_child=2 -3 3 -5 5 -7 -8 8 9 10 11 -13 13 -15 -16 16 -18 21 -20 20 -22 22 -24 24 -26 -27 -28 28 -30 -31
leaf_value=-0.040773870404226337 0.60670430182733326 0.82585569257321567 0.11832224382635426 1.4525728330016137 -0.46139504509046675 -0.98544033348560345 0.34684161655022766 0.32492886105409036 1.6728049290180207 -0.73789656328804354 -0.27921018793776231 -2.5604198499159381 1.4057756200432778 -0.82243236899375916 -0.012373260715428521 1.0563169892715372 -0.41590725695714359 0.18675818117728404 -0.41087977589192715 -0.30192929831418125 0.87514331155809877 0.17975718126399443 -0.79414986943205201 -1.3390314051599215 0.0030977405252910796 0.84475706225881975 0.98298865098219645 -1.7430660476287205 0.80571757487275386 -0.20589184910058977
leaf_weight=7168 44 23 68 24 32 30 48 52 20 34 37 22 36 20 34 46 20 474 110 22 29 896 24 33 315 48 26 24 22 20
leaf_count=7168 44 23 68 24 32 30 48 52 20 34 37 22 36 20 34 46 20 474 110 22 29 896 24 33 315 48 26 24 22 20
internal_value=8.92472e-10 -0.0415458 0.118513 0.466388 0.105461 -0.251631 0.023547 0.122233 0.112957 -0.120955 -0.386505 -1.12983 0.100787 0.609987 0.611767 0.135622 0.504352 0.113812 -0.174694 0.694096 0.367386 0.139548 0.209365 0.055123 -0.124173 0.234194 0.202408 -0.0443037 -0.427661 -1.04435
internal_weight=9801 7257 2544 92 2452 110 80 2342 2298 203 149 59 90 56 54 2095 117 1978 162 97 51 1816 994 822 348 970 922 7234 66 44
internal_count=9801 7257 2544 92 2452 110 80 2342 2298 203 149 59 90 56 54 2095 117 1978 162 97 51 1816 994 822 348 970 922 7234 66 44
is_linear=0
shrinkage=0.05


Tree=105
num_leaves=31
num_cat=0
split_feature=6 1 7 7 4 3 7 4 7 5 2 1 1 8 4 0 7 8 0 0 5 6 6 5 1 4 0 0 3 4
split_gain=17712.5 4795.98 5426 16406.3 12861 7201.39 9597 16298.4 6750.96 7083.88 7942.47 9130.27 10362.7 6622.53 6610.34 6355.58 5599.38 5561.53 12327.8 6036.91 8056.83 6219.03 8780.65 4786.84 19141.7 16551.7 16400.6 17196.2 12829.4 33346.6
threshold=488.50000000000006 1.0000000180025095e-35 12.500000000000002 13.500000000000002 508.50000000000006 49.500000000000007 16.500000000000004 227.50000000000003 16.500000000000004 7.5000000000000009 45.500000000000007 419.50000000000006 472.50000000000006 1.5000000000000002 453.50000000000006 17.250000000000004 15.500000000000002 4.5000000000000009 21.950000000000003 20.250000000000004 57.500000000000007 376.50000000000006 419.50000000000006 99.500000000000014 485.50000000000006 375.50000000000006 16.950000000000003 26.250000000000004 1.5000000000000002 521.50000000000011
decision_type=2 2 2 2 2 2 2 2 2 2 2 2 2 2 2 2 2 2 2 2 2 2 2 2 2 2 2 2 2 2
left_child=1 -1 17 4 -4 8 7 -7 9 -5 -11 16 -13 -9 -15 -14 -12 18 -3 21 -21 -19 -23 25 -25 -2 -26 28 -28 -30
right_child=23 2 3 5 -6 6 -8 13 -10 10 11 12 15 14 -16 -17 -18 19 -20 20 -22 22 -24 24 26 -27 27 -29 29 -31
leaf_value=-0.066808867833219973 1.5153401219709355 -0.12668231649719228 1.8266275426615839 0.27553388342565421 0.28641720217737288 1.8913375234603884 0.046193704546629633 -0.27973926278852645 0.04609036504802462 -1.1604398654452686 0.8863138350844384 -1.3260832277997849 -0.79382059574127206 0.27314803841812857 1.2202470669039975 0.28996300908827011 -0.11917072561052111 -0.065197492951749647 -1.3069482201143452 0.031943290338952199 0.51349807048813911 -1.4425135731697083 0.0033881232852027532 -1.5798301386833193 1.2635716050863266 0.13593263241541251 0.47380567524168227 1.1614131331443787 0.44148051162560781 -1.7758359357332574
leaf_weight=4655 22 581 23 49 33 20 237 31 915 29 20 31 24 58 27 31 45 268 23 481 106 21 21 20 24 1890 27 20 30 39
leaf_count=4655 22 581 23 49 33 20 237 31 915 29 20 31 24 58 27 31 45 268 23 481 106 21 21 20 24 1890 27 20 30 39
internal_value=5.07068e-10 -0.0348023 0.0136656 0.0785566 0.919004 0.0475315 0.238316 0.573118 -0.0146737 -0.257465 -0.402559 -0.257005 -0.595017 0.345839 0.573991 -0.182961 0.190209 -0.054338 -0.171626 0.0246387 0.118902 -0.153853 -0.719563 0.12982 -0.132894 0.151804 0.0738111 -0.172346 -0.450213 -0.811785
internal_weight=9801 7729 3074 1573 56 1517 373 136 1144 229 180 151 86 116 85 55 65 1501 604 897 587 310 42 2072 160 1912 140 116 96 69
internal_count=9801 7729 3074 1573 56 1517 373 136 1144 229 180 151 86 116 85 55 65 1501 604 897 587 310 42 2072 160 1912 140 116 96 69
is_linear=0
shrinkage=0.05


Tree=106
num_leaves=31
num_cat=0
split_feature=4 0 0 6 2 5 5 5 6 2 8 8 1 0 5 6 6 5 5 1 2 0 5 5 0 2 1 0 0 8
split_gain=16054.1 4920.91 7085.4 9804.7 5891.58 7399.83 11288.1 16209.9 7714.79 6297.71 5598.99 4916.65 12220.3 8760.33 21506.7 15505.6 10139.8 24820.9 52704.2 24172.3 12492.8 17377.9 23176 12348 12332.3 10946.4 9205.09 8221.94 8146.33 7940.35
threshold=214.50000000000003 9.9500000000000011 15.950000000000001 166.50000000000003 76.500000000000014 3.5000000000000004 81.500000000000014 67.500000000000014 319.50000000000006 81.500000000000014 10.500000000000002 4.5000000000000009 862.50000000000011 16.450000000000003 46.500000000000007 428.50000000000006 592.50000000000011 77.500000000000014 84.500000000000014 551.50000000000011 46.500000000000007 17.250000000000004 99.500000000000014 75.500000000000014 23.150000000000002 54.500000000000007 605.50000000000011 17.050000000000004 20.350000000000005 3.5000000000000004
decision_type=2 2 2 2 2 2 2 2 2 2 2 2 2 2 2 2 2 2 2 2 2 2 2 2 2 2 2 2 2 2
left_child=-1 -2 4 -4 5 -3 7 10 -8 -6 -7 12 13 14 -5 -16 17 -15 -19 25 29 26 23 24 28 -20 -22 -27 -23 -18
right_child=1 2 3 11 9 6 8 -9 -10 -11 -12 -13 -14 16 15 -17 20 18 19 -21 21 22 -24 -25 -26 27 -28 -29 -30 -31
leaf_value=-0.047809920215235939 0.84875013757319684 0.19514807491290451 1.0567004199381229 -0.29543509928555028 0.76916041986809836 -0.19176482976667142 -0.51986786903192594 -1.5312997315078976 0.56723822837366777 -0.32036621740886145 -0.98615980480725962 0.14139491729288661 -0.92773291678989644 0.05920301726757643 0.33330655977839518 2.2327571146867493 0.34259120204992466 -3.1103172025084498 -0.79303961944580081 -1.715462352583806 1.650825219154358 -0.3280131560668611 -1.5837607242442946 1.167117234505713 -1.3077600833773613 -0.36888121783733374 0.26600526382525763 0.878030643860499 0.60281490117311476 1.308049761503935
leaf_weight=6290 21 99 27 41 36 151 24 32 51 21 26 2116 34 356 21 22 57 20 25 24 20 57 27 20 20 20 30 39 40 34
leaf_count=6290 21 99 27 41 36 151 24 32 51 21 26 2116 34 356 21 22 57 20 25 24 20 57 27 20 20 20 30 39 40 34
internal_value=-7.69498e-10 0.0856521 0.0810604 0.10812 -0.106509 -0.177092 -0.306852 -0.495685 0.219364 0.367756 -0.308456 0.0996473 0.00225166 0.038471 0.523896 1.30512 -0.0132092 -0.155499 -0.75264 -0.316033 0.212589 0.00391641 -0.244869 0.0189999 -0.177259 0.0838045 0.819933 0.455349 0.0558335 0.703312
internal_weight=9801 3511 3490 3050 440 383 284 209 75 57 177 3023 907 873 84 43 789 484 128 108 305 214 164 137 117 84 50 59 97 91
internal_count=9801 3511 3490 3050 440 383 284 209 75 57 177 3023 907 873 84 43 789 484 128 108 305 214 164 137 117 84 50 59 97 91
is_linear=0
shrinkage=0.05


Tree=107
num_leaves=31
num_cat=0
split_feature=1 4 4 4 3 0 5 3 4 5 5 5 2 1 2 3 7 3 0 0 5 1 0 5 6 5 6 5 4 0
split_gain=14727 8329.86 4319.41 5724.74 6336.78 35697.8 39721.8 7621.23 8070.28 22584 7697.63 5897 5185.33 7795.41 6426.6 7988.46 8423.73 5177.17 5098.46 11822 39506 9721.68 5790.6 12397.6 9790.61 5685.67 8035.56 4919.48 3984.84 3815.79
threshold=485.50000000000006 303.50000000000006 372.50000000000006 411.50000000000006 93.500000000000014 26.650000000000002 64.500000000000014 71.500000000000014 468.50000000000006 78.500000000000014 66.500000000000014 54.500000000000007 61.500000000000007 959.50000000000011 64.500000000000014 5.5000000000000009 12.500000000000002 55.500000000000007 23.450000000000003 24.550000000000004 10.500000000000002 809.50000000000011 25.250000000000004 82.500000000000014 683.50000000000011 91.500000000000014 718.50000000000011 31.500000000000004 1.0000000180025095e-35 25.250000000000004
decision_type=2 2 2 2 2 2 2 2 2 2 2 2 2 2 2 2 2 2 2 2 2 2 2 2 2 2 2 2 2 2
left_child=28 -2 -3 -4 7 6 -6 8 9 11 -9 -5 13 17 15 -14 -17 18 21 20 -20 25 24 -24 -21 26 -10 -18 -1 -30
right_child=1 2 3 4 5 -7 -8 10 12 -11 -12 -13 14 -15 -16 16 27 -19 19 22 -22 -23 23 -25 -26 -27 -28 -29 29 -31
leaf_value=-0.061111172634833504 1.0852805050936611 -0.54603547620773318 0.936482826868693 -0.39516195952892308 -0.01157758344733526 1.3512407246563169 -2.2477691609283972 0.27918092318070242 0.15033505538125494 -1.6619324569900831 1.4856805276870728 0.68534536981689076 0.19648502731372502 0.97026752829551699 0.1129109773366731 0.17505944271172796 0.65253755491355381 -0.71792908062537508 0.11467226701123374 0.035679666060758265 -2.2692115267117816 1.1309249571391515 0.068073336356886727 -1.1372155232862993 1.3256306857491533 0.69193966056025313 -0.89151373684406288 1.5275940837131607 -0.018448357718034537 0.11367304749887433
leaf_weight=4651 22 25 21 23 63 27 29 39 248 24 20 28 121 24 294 35 29 21 63 38 24 28 706 22 24 43 20 36 2340 713
leaf_count=4651 22 25 21 23 63 27 29 39 248 24 20 28 121 24 294 35 29 21 63 38 24 28 706 22 24 43 20 36 2340 713
internal_value=3.88283e-10 0.117477 0.107216 0.115182 0.106682 -0.247321 -0.716464 0.128737 0.110906 -0.397139 0.688164 0.198058 0.13236 0.0777615 0.266048 0.469768 0.800441 0.0604453 0.0738877 0.0102341 -0.542951 0.238561 0.0711544 0.0316498 0.535016 0.158219 0.0725851 1.13718 -0.0319767 0.0124074
internal_weight=9801 2097 2075 2050 2029 119 92 1910 1851 75 59 51 1776 1261 515 221 100 1237 1216 877 87 339 790 728 62 311 268 65 7704 3053
internal_count=9801 2097 2075 2050 2029 119 92 1910 1851 75 59 51 1776 1261 515 221 100 1237 1216 877 87 339 790 728 62 311 268 65 7704 3053
is_linear=0
shrinkage=0.05


Tree=108
num_leaves=31
num_cat=0
split_feature=4 1 1 6 4 6 0 6 0 7 6 5 1 1 4 5 1 5 5 6 6 5 8 1 2 6 3 1 4 1
split_gain=13366.3 5406.77 4103.18 4134.15 7595.13 6011.64 4038.28 4034.94 17836.4 9283.3 5901.79 14619.4 6594.34 5343.24 4001.56 3860.82 3125.67 4718.48 4319.53 10851.8 7544.48 5599.01 8525.25 19454.8 22180.5 6886.69 7138.72 6861.63 5734.62 6015.44
threshold=396.50000000000006 528.50000000000011 281.50000000000006 291.50000000000006 460.50000000000006 323.50000000000006 33.250000000000007 468.50000000000006 19.650000000000002 13.500000000000002 436.50000000000006 95.500000000000014 428.50000000000006 413.50000000000006 387.50000000000006 11.500000000000002 1.0000000180025095e-35 29.500000000000004 61.500000000000007 396.50000000000006 367.50000000000006 82.500000000000014 4.5000000000000009 166.50000000000003 63.500000000000007 136.50000000000003 1.5000000000000002 251.50000000000003 248.50000000000003 237.50000000000003
decision_type=2 2 2 2 2 2 2 2 2 2 2 2 2 2 2 2 2 2 2 2 2 2 2 2 2 2 2 2 2 2
left_child=1 7 -2 4 -4 -5 -7 10 9 -9 12 -12 13 14 16 -8 -1 -18 20 21 -19 22 23 -20 -25 -23 -27 -24 29 -28
right_child=2 -3 3 5 -6 6 15 8 -10 -11 11 -13 -14 -15 -16 -17 17 18 19 -21 -22 25 27 24 -26 26 28 -29 -30 -31
leaf_value=-0.0580264982842029 0.62131349142338788 0.73082321104796044 1.1899277508258821 -0.78246437385678291 0.041624881823857623 0.074455987705338386 0.1115242945436727 -1.6703636164466542 0.73626501885327433 -0.21179479062557222 -0.19803764855160433 1.4137320190978548 -0.73218459171407368 0.62081332341317208 -0.54876760518864587 0.72865830469638748 -0.072586508826013113 0.10748019996976939 0.10475115917245115 -0.9153481547720731 0.67742392448708422 -0.058865765890739156 -0.085961144980119197 -0.27239582211740559 -2.2970465615391733 -0.21505074826153844 0.04887719673884882 0.7476227564342095 0.98250558919376807 0.8099218862224371
leaf_weight=4655 37 23 24 20 36 2325 55 24 22 20 34 24 34 31 38 47 960 626 69 32 64 212 98 31 24 44 74 33 45 40
leaf_count=4655 37 23 24 20 36 2325 55 24 22 20 34 24 34 31 38 47 960 626 69 32 64 212 98 31 24 44 74 33 45 40
internal_value=-1.85702e-09 -0.0345717 0.0986191 0.0909048 0.500946 0.0808507 0.087965 -0.0370052 -0.426164 -1.00738 -0.033422 0.468902 -0.0375198 -0.0341819 -0.0370641 0.39589 -0.034289 0.0126914 0.0715037 -0.0158185 0.160345 0.0271441 -0.157248 -0.4544 -1.15588 0.140445 0.348593 0.124026 0.504569 0.31591
internal_weight=9801 7257 2544 2507 60 2447 2427 7234 66 44 7168 58 7110 7076 7045 102 7007 2352 1392 702 690 670 255 124 55 415 203 131 159 114
internal_count=9801 7257 2544 2507 60 2447 2427 7234 66 44 7168 58 7110 7076 7045 102 7007 2352 1392 702 690 670 255 124 55 415 203 131 159 114
is_linear=0
shrinkage=0.05


Tree=109
num_leaves=31
num_cat=0
split_feature=6 5 1 4 0 0 3 4 4 3 3 5 0 0 2 4 1 2 1 5 2 4 2 1 6 1 1 8 5 7
split_gain=12387.9 3603.87 16741.2 15711.9 13243.6 14548.9 10791.3 34091.6 6408 6576.23 4035.36 8860.3 8974.27 19794.7 28296.9 7329.16 6031.1 4710.8 4529.94 9512.42 5890.54 15791.3 5417.67 5717.38 6872.75 4339.24 4293.18 4102.1 3794.17 8062.52
threshold=488.50000000000006 99.500000000000014 485.50000000000006 415.50000000000006 16.950000000000003 26.250000000000004 24.500000000000004 472.50000000000006 457.50000000000006 24.500000000000004 1.0000000180025095e-35 65.500000000000014 24.750000000000004 23.850000000000005 46.500000000000007 871.50000000000011 889.50000000000011 56.500000000000007 578.50000000000011 61.500000000000007 41.500000000000007 646.50000000000011 45.500000000000007 764.50000000000011 744.50000000000011 543.50000000000011 940.50000000000011 4.5000000000000009 32.500000000000007 13.500000000000002
decision_type=2 2 2 2 2 2 2 2 2 2 2 2 2 2 2 2 2 2 2 2 2 2 2 2 2 2 2 2 2 2
left_child=-1 3 -3 -2 -4 6 7 -6 9 -5 11 12 13 28 -15 16 18 26 19 25 21 -20 -22 -24 -25 -12 27 -14 -10 -30
right_child=1 2 4 8 5 -7 -8 -9 10 -11 15 -13 17 14 -16 -17 -18 -19 20 -21 22 -23 23 24 -26 -27 -28 -29 29 -31
leaf_value=-0.029104994631185929 1.0840362472193581 -1.4725548756122588 1.1430613279342652 0.0095773264314189116 -1.693720157146454 1.0795336508750917 -1.1027050719942366 0.82425745965504071 0.2820707803207731 -1.1222722540299097 0.077718774359392687 0.78855818771832709 0.83814858615398402 0.057381895832393483 -2.3968668397516013 0.52926642252615208 -0.60142455189316368 -0.090085951497571343 -1.5344422614574433 1.062953184662681 0.90366280702027402 0.17926443610567511 -0.011275583062167853 1.1594606816768647 0.21797007631990439 0.5765421202311577 0.7171936009381269 0.096941530063548789 0.3033835481723835 -0.88611725196242341
leaf_weight=7729 42 20 24 33 20 20 35 41 63 21 167 37 20 23 24 135 27 216 20 38 22 41 365 22 163 59 37 280 29 28
leaf_count=7729 42 20 24 33 20 20 35 41 63 21 167 37 20 23 24 135 27 216 20 38 22 41 365 22 163 59 37 280 29 28
internal_value=-1.30703e-10 0.108568 -0.119384 0.127643 0.0739259 -0.147275 -0.40286 -0.00130897 0.106163 -0.430586 0.122123 0.0339671 -0.00481045 -0.326034 -1.19585 0.18514 0.134862 0.0921957 0.157024 0.331012 0.0844601 -0.382607 0.13427 0.103494 0.329931 0.207943 0.209029 0.146355 0.0146442 -0.280933
internal_weight=9801 2072 160 1912 140 116 96 61 1870 54 1816 757 720 167 47 1059 924 553 897 264 633 61 572 550 185 226 337 300 120 57
internal_count=9801 2072 160 1912 140 116 96 61 1870 54 1816 757 720 167 47 1059 924 553 897 264 633 61 572 550 185 226 337 300 120 57
is_linear=0
shrinkage=0.05


Tree=110
num_leaves=31
num_cat=0
split_feature=6 5 3 1 2 6 8 4 4 8 4 2 5 5 4 6 0 4 1 3 6 1 2 3 0 6 5 4 8 1
split_gain=11180.1 3295.95 8033.26 17077.6 18475.4 28762.1 17957.3 15165.8 7746.8 4541.06 7331.7 11999.1 5401.16 4885.64 7654.12 5729.02 5589.09 4895.22 4688.99 6614.34 17577.2 17412.5 14452.7 11263.9 10800.8 10519.8 13269.7 5936.04 4506.99 4074.42
threshold=488.50000000000006 94.500000000000014 1.5000000000000002 798.50000000000011 57.500000000000007 654.50000000000011 3.5000000000000004 525.50000000000011 415.50000000000006 8.5000000000000018 525.50000000000011 47.500000000000007 55.500000000000007 36.500000000000007 939.50000000000011 914.50000000000011 29.950000000000003 535.50000000000011 510.50000000000006 43.500000000000007 801.50000000000011 654.50000000000011 38.500000000000007 28.500000000000004 21.450000000000003 725.50000000000011 57.500000000000007 849.50000000000011 2.5000000000000004 566.50000000000011
decision_type=2 2 2 2 2 2 2 2 2 2 2 2 2 2 2 2 2 2 2 2 2 2 2 2 2 2 2 2 2 2
left_child=-1 8 7 4 5 -4 -6 -3 -2 13 11 -11 -13 14 15 17 -17 -10 28 22 21 -21 -20 24 25 26 -24 -26 -15 -12
right_child=1 2 3 -5 6 -7 -8 -9 9 10 29 12 -14 18 -16 16 -18 -19 19 20 -22 -23 23 -25 27 -27 -28 -29 -30 -31
leaf_value=-0.027649746391764565 0.82934339736637319 -0.47054582595825195 -0.25692226122587158 -1.5955224434534709 0.10513795316219331 2.0040849382227122 -1.6639217754969231 1.4532971461613975 -0.7044666109979153 -1.5229380345344543 0.48985829949378967 0.20586314728093702 -0.74340118040209235 0.1675210781881343 0.62590072087028581 -1.012985928297043 -0.045230580423329329 0.089382325552239669 1.1321761308776008 0.018610147304005092 1.0603111481666565 -1.7668588416142896 0.49190795898489248 1.0191732651308962 0.1504822134624586 -1.3013539181514222 -0.83997296635061502 0.67456524034633358 1.0912941086436472 -0.0064443982322261026
leaf_weight=7729 38 20 39 21 32 22 26 21 20 20 49 43 23 23 57 25 37 669 45 36 20 22 45 38 263 22 32 68 31 265
leaf_count=7729 38 20 39 21 32 22 26 21 20 20 49 43 23 23 57 25 37 669 45 36 20 22 45 38 263 22 32 68 31 265
internal_value=-1.50165e-09 0.103139 -0.100692 -0.280954 -0.0489719 0.558523 -0.687889 0.514837 0.122649 0.108157 -0.041024 -0.450057 -0.124941 0.149226 0.0673089 0.0249125 -0.435455 0.0663388 0.251844 0.211093 -0.217881 -0.658637 0.276317 0.194023 0.121103 -0.337102 -0.061601 0.258149 0.697835 0.0710041
internal_weight=9801 2072 181 140 119 61 58 41 1891 1853 400 86 66 1453 808 751 62 689 645 591 78 58 513 468 430 99 77 331 54 314
internal_count=9801 2072 181 140 119 61 58 41 1891 1853 400 86 66 1453 808 751 62 689 645 591 78 58 513 468 430 99 77 331 54 314
is_linear=0
shrinkage=0.05


Tree=111
num_leaves=31
num_cat=0
split_feature=1 0 8 0 5 1 6 0 1 3 8 5 5 2 6 0 0 0 2 8 8 2 0 5 5 5 2 6 0 0
split_gain=10405.5 6952.84 5940.03 10599.5 30370.8 37641.7 30272.3 9837.33 13600.5 8004.74 7438.58 8372.53 6297.83 6177.07 9387.35 8600.63 12026.7 7180.28 6398.21 5255.34 5190.44 9735.73 14557.6 19708.5 8894.7 24890.6 22159.2 31479.5 17785 15324.6
threshold=152.50000000000003 9.5500000000000025 4.5000000000000009 22.450000000000003 10.500000000000002 750.50000000000011 553.50000000000011 16.050000000000004 246.50000000000003 47.500000000000007 8.5000000000000018 49.500000000000007 39.500000000000007 62.500000000000007 492.50000000000006 21.650000000000002 24.150000000000002 19.950000000000003 67.500000000000014 9.5000000000000018 2.5000000000000004 65.500000000000014 17.150000000000002 78.500000000000014 83.500000000000014 74.500000000000014 64.500000000000014 319.50000000000006 16.450000000000003 16.550000000000004
decision_type=2 2 2 2 2 2 2 2 2 2 2 2 2 2 2 2 2 2 2 2 2 2 2 2 2 2 2 2 2 2
left_child=-1 -2 3 20 -5 6 -6 8 -4 10 11 -9 -10 15 18 17 -17 -11 -15 -16 24 -22 -23 -24 25 -3 29 -28 -29 -26
right_child=1 2 7 4 5 -7 -8 9 12 13 -12 -13 -14 14 19 16 -18 -19 -20 -21 21 22 23 -25 26 -27 27 28 -30 -31
leaf_value=-0.041589117335592472 0.9936633148510009 -0.068899219399390296 0.38519252352416516 0.23837838900931688 -1.6277232151964438 -2.5844848275184633 0.84076957790939899 0.095086874256480436 -0.22889977034181355 0.66078325566407803 -0.038105334390407607 0.39548558064962963 -1.3599377615377308 -0.11337239682674408 0.081544054512466713 -0.69958116567653161 0.60146558896089219 1.8366616123914719 0.83803374483141801 -1.0242738848382777 0.31205094591190574 0.6740430679586199 -0.14157780001376882 -1.8604553830055963 0.41024739064019305 -1.411431027339721 -0.3150138365622196 2.5702813892364507 0.73549350265945712 -0.67849537003530225
leaf_weight=5934 20 516 32 88 23 28 27 1072 20 37 724 296 32 30 21 23 78 20 43 22 320 36 81 21 58 37 36 25 28 73
leaf_count=5934 20 516 32 88 23 28 27 1072 20 37 724 296 32 30 21 23 78 20 43 22 320 36 81 21 58 37 36 25 28 73
internal_value=-7.40695e-10 0.0638195 0.0589853 -0.0232935 -0.398344 -1.1167 -0.294737 0.105901 -0.425831 0.124779 0.0914955 0.160085 -0.924923 0.378901 0.101833 0.582317 0.305188 1.07337 0.447045 -0.484223 0.027282 0.160665 -0.190375 -0.495464 -0.051747 -0.158725 0.217157 0.825959 1.60096 -0.196457
internal_weight=9801 3867 3847 1397 166 78 50 2450 84 2366 2092 1368 52 274 116 158 101 57 73 43 1231 458 138 102 773 553 220 89 53 131
internal_count=9801 3867 3847 1397 166 78 50 2450 84 2366 2092 1368 52 274 116 158 101 57 73 43 1231 458 138 102 773 553 220 89 53 131
is_linear=0
shrinkage=0.05


Tree=112
num_leaves=31
num_cat=0
split_feature=1 4 4 4 3 0 5 3 5 4 5 5 2 1 5 2 0 4 2 2 3 5 0 8 5 4 1 7 2 6
split_gain=9482.73 8184.78 4043.46 5014.58 5584.4 29792.2 33237.7 6661.65 6996.21 6704.63 19984.1 5491.38 4899.15 6358.21 6132.17 9070.17 5068.09 4911.78 4094.51 3950.34 8195.4 15146.9 7550.42 40554.1 7143.37 10444.2 7027.96 6228.24 5116.66 9115.4
threshold=485.50000000000006 303.50000000000006 372.50000000000006 411.50000000000006 93.500000000000014 26.650000000000002 64.500000000000014 71.500000000000014 66.500000000000014 468.50000000000006 78.500000000000014 61.500000000000007 61.500000000000007 959.50000000000011 58.500000000000007 67.500000000000014 21.250000000000004 478.50000000000006 64.500000000000014 55.500000000000007 33.500000000000007 57.500000000000007 24.250000000000004 5.5000000000000009 48.500000000000007 508.50000000000006 813.50000000000011 14.500000000000002 33.500000000000007 663.50000000000011
decision_type=2 2 2 2 2 2 2 2 2 2 2 2 2 2 2 2 2 2 2 2 2 2 2 2 2 2 2 2 2 2
left_child=-1 -2 -3 -4 7 6 -6 9 -9 10 11 -5 13 17 18 16 -16 -11 -14 20 24 -22 26 -24 -19 -26 -21 28 -27 -30
right_child=1 2 3 4 5 -7 -8 8 -10 12 -12 -13 14 -15 15 -17 -18 19 -20 22 21 -23 23 -25 25 27 -28 -29 29 -31
leaf_value=-0.025659170546580151 1.0536060588053344 -0.54794411647319796 0.86047688098180863 -0.24938260977466903 -0.03226556759031992 1.2118851864779439 -2.0778170750058931 0.23767222257760856 1.3878898143768312 0.8159314370155335 -1.5649503787358603 0.80482341121616108 0.33840685908063339 0.86041105985641486 0.5015014223754406 -0.1475661391797273 1.5326343806890341 0.056625506001169591 0.032787671882040834 0.044133339955074957 0.078823090924157041 -1.5474281702722823 -2.156179688692093 -0.057937286664055634 -0.60806101088722553 1.0015203649799029 0.96593857086621804 1.0810377733273941 -0.4591161004973181 0.65135427287646708
leaf_weight=7704 22 25 21 30 63 27 29 39 20 20 24 21 197 24 22 23 26 543 247 101 45 21 25 292 21 24 26 44 33 42
leaf_count=7704 22 25 21 30 63 27 29 39 20 20 24 21 197 24 22 23 26 543 247 101 45 21 25 292 21 24 26 44 33 42
internal_value=-4.17863e-10 0.0942672 0.0840959 0.0918037 0.083848 -0.248475 -0.677059 0.104553 0.627576 0.0878817 -0.375187 0.184702 0.107437 0.0543662 0.237383 0.668838 1.06003 0.0387275 0.168389 0.0259551 0.0942272 -0.43862 -0.0929061 -0.223414 0.14397 0.433164 0.232849 0.586071 0.366086 0.162747
internal_weight=9801 2097 2075 2050 2029 119 92 1910 59 1851 75 51 1776 1261 515 71 48 1237 444 1217 773 66 444 317 707 164 127 143 99 75
internal_count=9801 2097 2075 2050 2029 119 92 1910 59 1851 75 51 1776 1261 515 71 48 1237 444 1217 773 66 444 317 707 164 127 143 99 75
is_linear=0
shrinkage=0.05


Tree=113
num_leaves=31
num_cat=0
split_feature=4 0 0 0 5 0 5 2 8 1 4 3 0 4 6 3 0 3 8 3 1 0 6 2 2 8 5 8 1 0
split_gain=8856.2 4784.81 4328.04 3376.74 3607.11 3215.42 2924.91 8129.45 24500.6 18791.7 23827 23964.9 10946.7 7215.14 5650.92 5117.99 14057.9 14021.3 23507.2 7415.45 10019 11909.5 9872.6 10328.7 16652.9 29560.9 20012.9 25799 11338.7 8750.93
threshold=190.50000000000003 9.7500000000000018 11.850000000000003 33.250000000000007 8.5000000000000018 11.250000000000002 36.500000000000007 45.500000000000007 10.500000000000002 768.50000000000011 637.50000000000011 32.500000000000007 20.950000000000003 939.50000000000011 940.50000000000011 27.500000000000004 21.550000000000004 21.500000000000004 3.5000000000000004 43.500000000000007 336.50000000000006 28.050000000000004 362.50000000000006 71.500000000000014 63.500000000000007 2.5000000000000004 62.500000000000007 2.5000000000000004 468.50000000000006 21.650000000000002
decision_type=2 2 2 2 2 2 2 2 2 2 2 2 2 2 2 2 2 2 2 2 2 2 2 2 2 2 2 2 2 2
left_child=-1 -2 5 6 -5 -3 13 8 9 10 11 -8 -13 14 -4 16 17 -9 -19 20 -17 -22 -21 24 25 28 -26 -28 -24 -27
right_child=1 2 3 4 -6 -7 7 15 -10 -11 -12 12 -14 -15 -16 19 -18 18 -20 22 21 -23 23 -25 26 29 27 -29 -30 -31
leaf_value=-0.036604737152504584 0.83296159774065015 -0.034439303146468273 0.00071043178331929243 0.058120398085364816 0.63360165609222541 -0.83894355012022936 0.40064792353440737 -0.055621969972324214 -1.6269854588004258 -1.0610864726059577 1.4081528259989096 -0.252049842334929 -1.8664709440299445 0.6245073803093123 -0.788698514226986 -0.3338008386584429 0.20893769180330077 0.042492892124034745 -2.1327593736026595 0.53939049120992422 1.0042423982595661 -0.18305511253851434 -1.6853262747327489 0.57749418270832398 0.19330015065414566 0.94523580119013784 -0.17037831700366479 -2.4907541651725769 -0.14837114016215008 0.12158096870407463
leaf_weight=6152 20 27 1581 56 53 23 85 309 26 34 34 21 21 46 23 26 646 27 23 120 97 27 24 64 35 65 23 25 24 64
leaf_count=6152 20 27 1581 56 53 23 85 309 26 34 34 21 21 46 23 26 646 27 23 120 97 27 24 64 35 65 23 25 24 64
internal_value=6.81946e-10 0.0617134 0.057463 0.0639169 0.337942 -0.404511 0.0553092 0.0990179 -0.185227 0.00700714 0.232567 -0.0821564 -1.05926 0.00709725 -0.010609 0.138304 0.0695327 -0.181319 -0.958123 0.254659 0.558601 0.745718 0.151976 0.00848873 -0.131574 0.142445 -0.715928 -1.37891 -0.916849 0.536601
internal_weight=9801 3649 3629 3579 109 50 3470 1820 221 195 161 127 42 1650 1604 1599 1005 359 50 594 150 124 444 324 260 177 83 48 48 129
internal_count=9801 3649 3629 3579 109 50 3470 1820 221 195 161 127 42 1650 1604 1599 1005 359 50 594 150 124 444 324 260 177 83 48 48 129
is_linear=0
shrinkage=0.05


Tree=114
num_leaves=31
num_cat=0
split_feature=1 8 1 7 0 1 3 8 5 2 0 4 0 5 7 2 4 0 1 4 7 3 3 4 5 6 6 5 7 5
split_gain=8110.5 4738.98 8952.23 10636.8 7342.04 12152.1 6963.97 6432.85 6124.86 5970.68 5612.48 5973.13 5381.77 12688.4 21870.7 21383.5 10283.2 8403.59 20752.3 7989.04 17757.8 8872.43 10793 19669.7 6772.84 6644.15 6564.7 6800.65 10397 10669.1
threshold=49.500000000000007 4.5000000000000009 862.50000000000011 11.500000000000002 16.050000000000004 246.50000000000003 47.500000000000007 8.5000000000000018 48.500000000000007 63.500000000000007 23.350000000000005 475.50000000000006 17.150000000000002 84.500000000000014 14.500000000000002 64.500000000000014 400.50000000000006 17.550000000000004 559.50000000000011 252.50000000000003 17.500000000000004 98.500000000000014 45.500000000000007 629.50000000000011 99.500000000000014 479.50000000000006 830.50000000000011 46.500000000000007 14.500000000000002 97.500000000000014
decision_type=2 2 2 2 2 2 2 2 2 2 2 2 2 2 2 2 2 2 2 2 2 2 2 2 2 2 2 2 2 2
left_child=-1 2 3 10 5 -3 7 8 -6 -7 11 -2 13 -5 15 -15 24 18 25 20 -19 22 26 -24 -16 -14 27 -21 -29 -30
right_child=1 4 -4 12 6 9 -8 -9 -10 -11 -12 -13 17 14 16 -17 -18 19 -20 21 -22 -23 23 -25 -26 -27 -28 28 29 -31
leaf_value=-0.041769390542065771 -0.22247754315671045 0.086879121917097471 -0.81998040230999547 0.048195119442710987 0.084242610539594809 -0.35384597496853937 0.32925556654668164 -0.032551065520527896 0.32150176432025568 -1.4261842489242555 -0.80035809346607756 0.25583052000938317 -0.46728384921948118 0.63077486845163211 1.0544540354013443 2.6097624944789071 -0.89617202967405329 -1.5827485850323804 -1.9023638620972634 -0.14670416494146829 0.17749899726263005 0.68322022281220707 0.32632408837477367 -1.7198791028364846 0.067368435193049289 0.7092351610958576 1.0156742799282075 -0.14294731595686502 1.2447867290225141 -0.10898540270599454
leaf_weight=5317 400 92 34 439 1153 27 314 838 356 25 35 78 30 39 25 21 20 23 20 151 38 61 24 23 57 20 20 56 43 22
leaf_count=5317 400 92 34 439 1153 27 314 838 356 25 35 78 30 39 25 21 20 23 20 151 38 61 24 23 57 20 20 56 43 22
internal_value=-2.94917e-10 0.049529 -0.0169097 -0.000311285 0.0892974 -0.258441 0.108115 0.0785294 0.140216 -0.869393 -0.189179 -0.144427 0.0852798 0.187755 0.565945 1.32342 0.120372 -0.0307045 -0.541158 0.0468048 -0.486201 0.128088 0.0281971 -0.675009 0.368309 0.00332375 0.141384 0.0770984 0.356389 0.786587
internal_weight=9801 4484 1679 1645 2805 144 2661 2347 1509 52 513 478 1132 601 162 60 102 531 70 461 61 400 339 47 82 50 292 272 121 65
internal_count=9801 4484 1679 1645 2805 144 2661 2347 1509 52 513 478 1132 601 162 60 102 531 70 461 61 400 339 47 82 50 292 272 121 65
is_linear=0
shrinkage=0.05


Tree=115
num_leaves=31
num_cat=0
split_feature=4 6 5 6 0 0 0 6 1 6 7 6 4 1 6 6 0 6 0 6 1 1 4 0 0 4 5 1 2 5
split_gain=7351.9 4398.68 16164.7 11987.6 10610 9184.71 7523.94 4317.04 4146.73 3136.24 4530.37 4339.61 2721.29 4835.14 4625.28 5074.81 18575.9 4772.75 10959.6 6317.66 5214.61 12064.9 12945.7 4114 5853.66 4204.8 3349.61 3215.31 3202.17 5565.38
threshold=432.50000000000006 496.50000000000006 99.500000000000014 468.50000000000006 20.150000000000002 17.950000000000003 19.250000000000004 462.50000000000006 281.50000000000006 291.50000000000006 13.500000000000002 335.50000000000006 887.50000000000011 893.50000000000011 906.50000000000011 862.50000000000011 24.750000000000004 835.50000000000011 29.050000000000004 823.50000000000011 846.50000000000011 809.50000000000011 797.50000000000011 24.550000000000004 28.950000000000003 948.50000000000011 46.500000000000007 851.50000000000011 72.500000000000014 48.500000000000007
decision_type=2 2 2 2 2 2 2 2 2 2 2 2 2 2 2 2 2 2 2 2 2 2 2 2 2 2 2 2 2 2
left_child=1 3 6 7 -5 -4 -3 -1 -2 10 -10 -11 14 -14 15 17 -17 19 -19 20 21 28 -23 -15 -25 -26 -16 -20 -13 -30
right_child=8 2 5 4 -6 -7 -8 -9 9 11 -12 12 13 23 26 16 -18 18 27 -21 -22 22 -24 24 25 -27 -28 -29 29 -31
leaf_value=-0.025463051173858883 0.69296202087016023 0.41566167244544394 0.30947907489279047 -1.5595745260516802 -0.072830248003204673 -1.1555900031328201 1.7056027916073799 0.71014037966728216 0.95460863212744396 -0.63741492710330272 -0.027401757110720095 0.02326445513422478 0.68001063093543057 -0.37132548093795781 0.11357659209519624 -1.5906615132635291 0.0046166809362785839 1.079866185453203 -0.54649656443368821 -0.71892384997120606 -0.69605854244335841 1.7330762682313268 0.13622928840418658 0.94450370197494837 -0.072123345944943823 0.73275703191757202 0.77363436028764054 0.3284611284732819 0.037872924305954764 0.93188693562039626
leaf_weight=7283 27 26 23 24 24 20 20 20 24 22 23 1590 48 35 40 22 107 36 21 27 23 22 30 24 86 20 37 21 49 27
leaf_count=7283 27 26 23 24 24 20 20 20 24 22 23 1590 48 35 40 22 107 36 21 27 23 22 30 24 86 20 37 21 49 27
internal_value=-2.19197e-10 -0.0243947 0.325005 -0.028625 -0.816202 -0.371948 0.976506 -0.0234485 0.0768729 0.0697459 0.47405 0.061437 0.068225 0.238332 0.0505677 0.0357455 -0.267446 0.0569328 0.439698 0.0400461 0.0518164 0.0618287 0.811818 0.109844 0.239389 0.0797409 0.430747 -0.109018 0.0384197 0.355483
internal_weight=9801 7440 89 7351 48 43 46 7303 2361 2334 47 2287 2265 213 2052 1975 129 1846 78 1768 1741 1718 52 165 130 106 77 42 1666 76
internal_count=9801 7440 89 7351 48 43 46 7303 2361 2334 47 2287 2265 213 2052 1975 129 1846 78 1768 1741 1718 52 165 130 106 77 42 1666 76
is_linear=0
shrinkage=0.05


Tree=116
num_leaves=31
num_cat=0
split_feature=4 7 8 0 4 0 0 0 8 6 6 0 5 2 2 6 2 8 5 0 0 3 7 3 6 6 2 0 3 5
split_gain=6885.07 4305.97 6975.66 4886.38 4774.85 4972.96 7534.65 8537.96 5888.76 10823.8 9422.23 4442.51 11453 10405.7 18272.2 4644.77 4199.89 15943.2 10764.1 12404.6 14413.7 14772.8 17967.5 10107.7 9413.52 9693.33 7957.3 8951.25 6782.56 11367.7
threshold=12.500000000000002 11.500000000000002 4.5000000000000009 23.350000000000005 475.50000000000006 20.750000000000004 18.550000000000004 17.550000000000004 2.5000000000000004 341.50000000000006 403.50000000000006 20.350000000000005 60.500000000000007 66.500000000000014 62.500000000000007 244.50000000000003 61.500000000000007 11.500000000000002 94.500000000000014 17.350000000000005 26.350000000000005 14.500000000000002 14.500000000000002 15.500000000000002 475.50000000000006 367.50000000000006 60.500000000000007 29.250000000000004 99.500000000000014 46.500000000000007
decision_type=2 2 2 2 2 2 2 2 2 2 2 2 2 2 2 2 2 2 2 2 2 2 2 2 2 2 2 2 2 2
left_child=-1 2 3 4 5 6 7 8 10 -10 -2 13 -13 14 -4 -15 17 18 26 24 21 -21 -23 -19 25 -20 28 -28 -3 -30
right_child=1 16 11 -5 -6 -7 -8 -9 9 -11 -12 12 -14 15 -16 -17 -18 23 19 20 -22 22 -24 -25 -26 -27 27 -29 29 -31
leaf_value=-0.041300195227459535 -0.18465676710236212 0.044612402558002785 -0.15027338751990882 -0.71808357871062045 0.23786680186406162 -0.9560515731922351 0.67590166668479268 -1.0613198640169921 -0.077854635199636812 1.1579975919290024 -1.3104204738140108 0.036642601626451797 0.59776664885978859 0.039540164419120616 -1.7146146974836787 0.87493747767061003 0.1446958368395489 0.11009630567648195 0.36012847796082498 -0.29101370326429604 0.45309777390211825 -2.5819366856054828 -0.7135834963090959 1.1491737417578698 0.80973101034760475 -1.1303040191531182 -0.76447803882821919 0.19489210844039917 0.11330233222626625 1.4904181829907679
leaf_weight=4972 263 1403 84 37 78 20 26 27 91 22 20 724 104 99 24 20 1319 44 24 50 24 22 31 50 32 20 62 40 47 22
leaf_count=4972 263 1403 84 37 78 20 26 27 91 22 20 724 104 99 24 20 1319 44 24 50 24 22 31 50 32 20 62 40 47 22
internal_value=-6.48241e-10 0.0425232 -0.0233461 -0.161987 -0.124372 -0.184617 -0.150254 -0.201035 -0.142379 0.162754 -0.264216 0.0533995 0.107122 -0.142557 -0.497905 0.179943 0.0763664 0.0281961 -0.00537309 -0.348038 -0.650394 -0.907518 -1.48913 0.662797 0.157216 -0.317341 0.0388206 -0.388254 0.0684141 0.552383
internal_weight=9801 4829 1639 584 547 469 449 423 396 113 283 1055 828 227 108 119 3190 1871 1777 203 127 103 53 94 76 44 1574 102 1472 69
internal_count=9801 4829 1639 584 547 469 449 423 396 113 283 1055 828 227 108 119 3190 1871 1777 203 127 103 53 94 76 44 1574 102 1472 69
is_linear=0
shrinkage=0.05


Tree=117
num_leaves=31
num_cat=0
split_feature=4 7 8 0 4 4 3 3 0 5 2 2 6 2 8 5 0 0 3 7 3 6 6 2 0 1 3 5 5 5
split_gain=6226.81 3900 6427.2 4370.46 4378.14 4602.82 4117.9 4898.41 4042.52 10428.9 9527.01 16368.3 4167.56 4004.66 14399 9701.53 11195.2 13008.4 13332.5 16215.6 9122.16 8495.71 8748.23 7175.08 8078.51 6281.58 6424.19 10665.8 6161.84 12591.6
threshold=16.500000000000004 11.500000000000002 4.5000000000000009 23.350000000000005 475.50000000000006 428.50000000000006 75.500000000000014 92.500000000000014 20.350000000000005 60.500000000000007 66.500000000000014 62.500000000000007 244.50000000000003 61.500000000000007 11.500000000000002 94.500000000000014 17.350000000000005 26.350000000000005 14.500000000000002 14.500000000000002 15.500000000000002 475.50000000000006 367.50000000000006 60.500000000000007 29.250000000000004 959.50000000000011 99.500000000000014 46.500000000000007 88.500000000000014 97.500000000000014
decision_type=2 2 2 2 2 2 2 2 2 2 2 2 2 2 2 2 2 2 2 2 2 2 2 2 2 2 2 2 2 2
left_child=-1 2 3 4 5 6 -2 -8 10 -10 11 -4 -12 14 15 23 21 18 -18 -20 -16 22 -17 25 -25 26 -3 -28 -15 -30
right_child=1 13 8 -5 -6 -7 7 -9 9 -11 12 -13 -14 28 20 16 17 -19 19 -21 -22 -23 -24 24 -26 -27 27 -29 29 -31
leaf_value=-0.03880605632385109 -0.22334609070358558 0.028378376560231622 -0.14427676552611335 -0.68217941264848458 0.22597346435754728 -0.76753103105771936 0.84226970896124842 -0.030451728430826493 0.0355008916573957 0.57349856568916324 0.038500845837454827 -1.6288839433342219 0.83119059979915633 0.094390268572783195 0.10459150130098516 0.34212206179896992 -0.27646305173635483 0.43044290083150072 -2.4528398832814262 -0.67790432509876064 1.0917150418162345 0.76924445554614074 -1.0737888664007187 -0.72625412791967392 0.18514750644564629 0.88464043140411386 0.10763720847824787 1.4630221988473622 1.1900196020596194 0.19757110796775085
leaf_weight=5031 326 1378 82 37 78 31 20 82 718 103 97 24 20 1085 44 24 50 24 22 31 50 32 20 62 40 23 47 21 40 159
leaf_count=5031 326 1378 82 37 78 31 20 82 718 103 97 24 20 1085 44 24 50 24 22 31 50 32 20 62 40 23 47 21 40 159
internal_value=6.92283e-10 0.0409294 -0.0221732 -0.156569 -0.120354 -0.179207 -0.136595 0.14067 0.0517188 0.102996 -0.137065 -0.480414 0.174003 0.0733215 0.026596 -0.00535872 -0.330636 -0.617874 -0.862142 -1.41467 0.629657 0.149355 -0.301474 0.0366726 -0.368842 0.0648295 0.0517896 0.526212 0.141299 0.397058
internal_weight=9801 4770 1618 574 537 459 428 102 1044 821 223 106 117 3152 1868 1774 203 127 103 53 94 76 44 1571 102 1469 1446 68 1284 199
internal_count=9801 4770 1618 574 537 459 428 102 1044 821 223 106 117 3152 1868 1774 203 127 103 53 94 76 44 1571 102 1469 1446 68 1284 199
is_linear=0
shrinkage=0.05


Tree=118
num_leaves=31
num_cat=0
split_feature=1 4 4 4 3 0 5 3 0 4 5 5 2 2 3 7 1 4 5 6 0 2 3 5 0 8 1 5 2 6
split_gain=5832.68 7733.64 3610.54 4351.02 5485.59 25054.8 27333.5 6018.92 6618.08 6120.27 17120.5 4754.04 3775.86 5115.5 6882.17 7576.6 4747.82 4417.78 3979.93 3744.34 7162.51 4054.79 7637.58 11269.3 5935.69 37397 5659.32 5156.25 6463.91 13923
threshold=485.50000000000006 303.50000000000006 372.50000000000006 411.50000000000006 93.500000000000014 26.650000000000002 64.500000000000014 71.500000000000014 22.550000000000004 468.50000000000006 78.500000000000014 54.500000000000007 61.500000000000007 64.500000000000014 5.5000000000000009 12.500000000000002 959.50000000000011 478.50000000000006 31.500000000000004 940.50000000000011 30.450000000000003 55.500000000000007 33.500000000000007 57.500000000000007 24.250000000000004 5.5000000000000009 813.50000000000011 60.500000000000007 32.500000000000007 663.50000000000011
decision_type=2 2 2 2 2 2 2 2 2 2 2 2 2 2 2 2 2 2 2 2 2 2 2 2 2 2 2 2 2 2
left_child=-1 -2 -3 -4 7 6 -6 9 -9 10 11 -5 16 14 -14 -16 17 -11 -17 21 -21 22 27 -24 26 -26 -23 -19 -29 -30
right_child=1 2 3 4 5 -7 -8 8 -10 12 -12 -13 13 -15 15 18 -18 19 -20 20 -22 24 23 -25 25 -27 -28 28 29 -31
leaf_value=-0.020123802367047097 1.0064561045305296 -0.53320246601104737 0.78733906802676978 -0.38824958891972255 -0.073760677838609331 1.0737724441069145 -1.9287519898907892 0.97525677524114907 -0.13075728666569505 0.76425492763519287 -1.4750643740097682 0.58191099028502202 0.1294556437445081 0.064729353841267476 0.096931079200335918 0.57348033128113585 0.7372122784455617 0.093857947066410416 1.3605520024067825 -1.1365952479839325 0.14457929205770295 0.042110465511237039 0.02663204676725648 -1.4047909164708108 -2.1964252975854008 -0.054654639506114093 0.92708847522735605 1.2862575435638428 -0.36204975330974998 0.95759481951976433
leaf_weight=7704 22 25 21 23 63 27 29 38 21 20 24 28 121 294 35 29 24 587 36 20 24 101 44 20 22 277 22 20 41 39
leaf_count=7704 22 25 21 23 63 27 29 38 21 20 24 28 121 294 35 29 24 587 36 20 24 101 44 20 22 277 22 20 41 39
internal_value=-7.21733e-10 0.0739312 0.0640442 0.0713277 0.063917 -0.265453 -0.658486 0.084438 0.581591 0.0685914 -0.373837 0.144388 0.087275 0.201355 0.383111 0.690034 0.040684 0.0271701 1.0094 0.015057 -0.437773 0.0320429 0.101728 -0.420688 -0.0919706 -0.212243 0.200399 0.150396 0.482273 0.281277
internal_weight=9801 2097 2075 2050 2029 119 92 1910 59 1851 75 51 1776 515 221 100 1261 1237 65 1217 44 1173 751 64 422 299 123 687 100 80
internal_count=9801 2097 2075 2050 2029 119 92 1910 59 1851 75 51 1776 515 221 100 1261 1237 65 1217 44 1173 751 64 422 299 123 687 100 80
is_linear=0
shrinkage=0.05


Tree=119
num_leaves=31
num_cat=0
split_feature=4 7 8 0 0 0 4 0 8 6 6 1 0 5 2 2 8 5 0 3 4 3 2 3 1 5 0 6 5 6
split_gain=5325.32 3349.3 5131.12 4015.5 3691.93 8153.61 9116.21 7537.07 4467.61 7744.89 5962.73 4489.88 6197.83 5134.65 3219.95 3861.24 13300.3 8525.14 14555.1 20700.1 10930.3 8076.96 6035.24 5827.07 5718.67 9095.89 8905.95 6107.85 8560.74 11603.2
threshold=1.5000000000000002 11.500000000000002 4.5000000000000009 23.350000000000005 18.550000000000004 19.350000000000005 481.50000000000006 17.450000000000003 2.5000000000000004 419.50000000000006 341.50000000000006 367.50000000000006 14.350000000000003 68.500000000000014 26.500000000000004 61.500000000000007 11.500000000000002 85.500000000000014 17.950000000000003 33.500000000000007 335.50000000000006 15.500000000000002 51.500000000000007 3.5000000000000004 760.50000000000011 59.500000000000007 21.450000000000003 796.50000000000011 88.500000000000014 319.50000000000006
decision_type=2 2 2 2 2 2 2 2 2 2 2 2 2 2 2 2 2 2 2 2 2 2 2 2 2 2 2 2 2 2
left_child=-1 2 3 4 7 -6 -7 8 9 11 -10 12 -2 -14 -3 16 17 -16 -19 23 -21 22 -18 -20 27 26 -26 28 -17 -30
right_child=1 14 -4 -5 5 6 -8 -9 10 -11 -12 -13 13 -15 15 24 21 18 19 20 -22 -23 -24 -25 25 -27 -28 -29 29 -31
leaf_value=-0.038255057526746829 -0.062646269030930804 0.425333230612708 0.04328279205690666 -0.63907025442332843 1.0591011816547031 -0.68449265420091376 0.53815329213937124 -0.8602384780852923 -0.049756983602074562 -1.0284092628038848 0.70119915281023304 0.41215128179858712 -0.2802615594552007 -1.18136694586277 0.021195269023268615 0.029402956972627032 0.74254010558128369 0.073068063918115767 -0.50785021727404944 -0.82951905165206308 -2.4445647251605989 1.0141978147567488 -0.42276234829425818 0.5163603490307217 -0.74847237296402458 1.3462577003808249 0.36529223489601703 -0.76723348633164457 0.087853122193664882 0.84626568250539835
leaf_weight=4718 211 61 1155 37 21 31 30 35 108 26 35 34 43 25 1506 959 20 116 41 22 20 51 25 21 20 21 175 21 131 82
leaf_count=4718 211 61 1155 37 21 31 30 35 108 26 35 34 43 25 1506 959 20 116 41 22 20 51 25 21 20 21 175 21 131 82
internal_value=1.14144e-09 0.035508 -0.0195181 -0.133567 -0.102342 0.209347 -0.0831914 -0.151778 -0.100334 -0.199201 0.134043 -0.130322 -0.196429 -0.61155 0.0654448 0.0586503 0.0105833 -0.0212764 -0.312014 -0.741529 -1.59859 0.583394 0.0951499 -0.16094 0.120806 0.357538 0.25106 0.0779447 0.0930887 0.379824
internal_weight=9801 5083 1791 636 599 82 61 517 482 339 143 313 279 68 3292 3231 1822 1726 220 104 42 96 45 62 1409 216 195 1193 1172 213
internal_count=9801 5083 1791 636 599 82 61 517 482 339 143 313 279 68 3292 3231 1822 1726 220 104 42 96 45 62 1409 216 195 1193 1172 213
is_linear=0
shrinkage=0.05


Tree=120
num_leaves=31
num_cat=0
split_feature=4 4 0 5 6 4 5 3 0 2 0 0 0 1 6 0 0 3 1 2 2 5 0 4 4 4 6 7 7 1
split_gain=5007.63 3669.22 6369.93 4809.15 7792.52 5719.61 7193.17 5590.98 13310.3 31755.6 5528.22 9073.29 5249.97 3292.75 6238.61 8330.81 3248.36 4446.96 3984.55 14166 3882.83 3581.27 3201.27 3162.75 3091.4 4166.21 2615.02 14721.6 13165.7 8241.73
threshold=712.50000000000011 724.50000000000011 27.450000000000003 82.500000000000014 732.50000000000011 748.50000000000011 52.500000000000007 5.5000000000000009 24.550000000000004 58.500000000000007 28.550000000000004 29.450000000000003 29.050000000000004 798.50000000000011 772.50000000000011 27.850000000000005 26.650000000000002 86.500000000000014 697.50000000000011 57.500000000000007 25.500000000000004 50.500000000000007 23.150000000000002 667.50000000000011 823.00000000000011 755.50000000000011 616.50000000000011 12.500000000000002 13.500000000000002 621.50000000000011
decision_type=2 2 2 2 2 2 2 2 2 2 2 2 2 2 2 2 2 2 2 2 2 2 2 2 2 2 2 2 2 2
left_child=13 2 -2 4 24 12 7 8 9 -7 -10 -12 -6 14 16 -16 18 20 23 -20 -18 -22 -11 26 25 -3 29 -28 -29 -1
right_child=1 3 -4 -5 5 6 -8 -9 10 22 11 -13 -14 -15 15 -17 17 -19 19 -21 21 -23 -24 -25 -26 -27 27 28 -30 -31
leaf_value=-0.023548209051132848 1.0572102072062317 0.34249221600592139 -0.010001013864730967 -0.49594928657307347 -1.044622961963926 -2.0200432640258916 0.71606936901807794 0.28182140219235613 0.57023903682723409 -0.28002212941646576 -0.91456115722656262 0.080484037002018338 -0.080140165464822638 -0.56266238024389303 1.3012302625746957 -0.1246426883339882 -0.64031874626874929 0.63909735677368718 0.13726008013356478 -1.4423408678986811 0.017758433867995117 0.25002088064273587 0.59401415451006456 0.29597005816415334 0.001020311883517674 1.0953052456764614 0.38752412863874008 -1.7101802825927734 -0.28340598970163067 0.7683819460146355
leaf_weight=7412 27 40 29 34 21 27 44 186 49 20 25 274 43 27 21 20 20 33 40 22 854 206 22 78 21 34 56 22 61 33
leaf_count=7412 27 40 29 34 21 27 44 186 49 20 25 274 43 27 21 20 20 33 40 22 854 206 22 78 21 34 56 22 61 33
internal_value=4.76908e-10 0.112671 0.504547 0.0865464 0.111118 0.0542894 0.0988916 0.053857 -0.0478249 -0.682222 0.0779607 -0.00271372 -0.396611 -0.0113367 -0.00966003 0.605682 -0.012515 0.067344 -0.0240223 -0.423243 0.0498737 0.0628962 0.177806 -0.0207919 0.536437 0.688379 -0.0240497 -0.238924 -0.661587 -0.020038
internal_weight=9801 896 56 840 806 711 647 603 417 69 348 299 64 8905 8878 41 8837 1113 7724 62 1080 1060 42 7662 95 74 7584 139 83 7445
internal_count=9801 896 56 840 806 711 647 603 417 69 348 299 64 8905 8878 41 8837 1113 7724 62 1080 1060 42 7662 95 74 7584 139 83 7445
is_linear=0
shrinkage=0.05


Tree=121
num_leaves=31
num_cat=0
split_feature=0 6 6 6 6 4 5 0 3 2 5 4 5 0 0 6 4 8 0 5 4 2 2 1 4 1 5 6 2 6
split_gain=4540.08 5783.86 5105.02 10982 10061.2 13667.5 7365.89 7144.68 4706.67 5542.86 3471.8 2538 3712.09 3094.03 2719.46 3727.23 6637.41 3414.63 3149.96 2875.25 1927.14 2407 9634.61 5568.33 11277.1 5343.81 8285.04 5664.17 5519.78 4746.35
threshold=29.250000000000004 940.50000000000011 835.50000000000011 855.50000000000011 873.50000000000011 845.50000000000011 10.500000000000002 24.250000000000004 55.500000000000007 24.500000000000004 57.500000000000007 948.50000000000011 5.5000000000000009 32.95000000000001 31.650000000000002 855.50000000000011 837.50000000000011 6.5000000000000009 29.550000000000004 33.500000000000007 1.0000000180025095e-35 26.500000000000004 29.500000000000004 809.50000000000011 797.50000000000011 718.50000000000011 87.500000000000014 702.50000000000011 55.500000000000007 688.50000000000011
decision_type=2 2 2 2 2 2 2 2 2 2 2 2 2 2 2 2 2 2 2 2 2 2 2 2 2 2 2 2 2 2
left_child=1 2 20 -4 -5 -6 -7 -8 9 -2 11 12 -11 14 17 -16 -17 18 -14 -18 -1 -22 -23 25 -25 29 27 -27 -29 -24
right_child=8 -3 3 4 5 6 7 -9 -10 10 -12 -13 13 -15 15 16 19 -19 -20 -21 21 22 23 24 -26 26 -28 28 -30 -31
leaf_value=-0.035721745418680215 -0.71329876340570908 -0.70396244525909424 1.0694234101211324 -0.69262103388706853 1.4112774231217124 0.63894335845342054 0.2202343055357536 -1.084033055816378 0.86497908167541027 -0.1353776845383888 0.53150114760450695 0.64148854039609438 -0.10719306565821173 0.48555886180817409 0.15315600465687496 -1.1412054275348784 -0.44954097807407384 0.084639133392656982 0.61304592000586655 0.39828665100969379 0.33995598294518214 -0.93440056862654508 0.0096332486998454009 1.3333477016538382 -0.025313033429639684 0.50243559929151693 -1.0099694700911641 0.13159953747260369 -0.49490108722927934 0.34601195954062325
leaf_weight=4626 21 30 34 33 22 26 21 21 20 171 46 20 20 55 63 20 20 370 63 20 55 27 3616 24 42 31 30 59 87 108
leaf_count=4626 21 30 34 33 22 26 21 21 20 171 46 20 20 55 63 20 20 370 63 20 55 27 3616 24 42 31 30 59 87 108
internal_value=-2.59994e-10 -0.0108805 -0.00853425 0.274043 0.0541818 0.32801 -0.0224595 -0.431899 0.106435 0.0893699 0.108789 0.0851339 0.0712597 0.127258 0.0930454 -0.11545 -0.397487 0.149657 0.439494 -0.0256272 -0.0136307 0.0114228 0.00693238 0.0132911 0.468745 0.00564424 -0.241621 -0.111393 -0.241726 0.0193886
internal_weight=9801 8892 8862 157 123 90 68 42 909 889 868 822 802 631 576 123 60 453 83 40 8705 4079 4024 3997 66 3931 207 177 146 3724
internal_count=9801 8892 8862 157 123 90 68 42 909 889 868 822 802 631 576 123 60 453 83 40 8705 4079 4024 3997 66 3931 207 177 146 3724
is_linear=0
shrinkage=0.05


Tree=122
num_leaves=31
num_cat=0
split_feature=4 1 6 8 4 0 5 6 3 5 4 3 0 5 4 5 0 1 4 5 1 6 3 1 5 2 5 4 2 3
split_gain=4183.27 3385.54 5659.36 7768.1 3239.13 5879.03 4370.32 6906.11 4577.03 4365.96 3348.06 4414.59 7911.76 13192.9 4028.06 3057.21 2880.75 3659.9 4364.06 6656.45 3672.47 9486.48 8573.34 3113.53 2807.54 2518.8 1817.69 3183.62 5236.15 20247.4
threshold=712.50000000000011 798.50000000000011 772.50000000000011 5.5000000000000009 724.50000000000011 25.050000000000004 82.500000000000014 697.50000000000011 21.500000000000004 52.500000000000007 837.50000000000011 5.5000000000000009 24.550000000000004 10.500000000000002 948.50000000000011 36.500000000000007 32.250000000000007 757.50000000000011 679.50000000000011 52.500000000000007 693.50000000000011 688.50000000000011 4.5000000000000009 683.50000000000011 29.500000000000004 54.500000000000007 34.500000000000007 57.500000000000007 48.500000000000007 31.500000000000004
decision_type=2 2 2 2 2 2 2 2 2 2 2 2 2 2 2 2 2 2 2 2 2 2 2 2 2 2 2 2 2 2
left_child=1 2 16 -4 5 -2 7 8 -6 10 -9 12 13 -12 15 24 17 18 20 -20 23 -22 -23 26 -14 -11 -1 -28 29 -29
right_child=4 -3 3 -5 6 -7 -8 9 -10 25 11 -13 14 -15 -16 -17 -18 -19 19 -21 21 22 -24 -25 -26 -27 27 28 -30 -31
leaf_value=-0.037484267239531487 1.1585036182403565 -0.56940171519915272 1.2490645226978121 -0.12781099706888199 1.009187694571235 0.089324343949556351 -0.47684931351858029 -0.089418251307778043 0.16994708292186261 0.93216343891052977 0.1383525448186057 0.39394466857623045 0.067511070263995374 -1.5430315658450127 0.7739647253699925 0.42063502913459816 0.31523190898535802 -0.59511262989706459 0.11414577193861178 1.1302912247180938 -1.2098266503085262 -0.65750914192199705 0.62746644141497443 0.55581076368689541 -0.4932753360165017 0.19592365989318261 -0.028012069112215744 0.1765557666396832 0.095240606906470668 -0.74428979362482606
leaf_weight=4283 20 27 21 20 33 36 34 327 32 21 28 111 110 20 23 47 67 27 83 20 23 25 27 24 28 26 2477 170 1519 92
leaf_count=4283 20 27 21 20 33 36 34 327 32 21 28 111 110 20 23 47 67 27 83 20 23 25 27 24 28 26 2477 170 1519 92
internal_value=2.7922e-10 -0.0103617 -0.00866151 0.577418 0.102981 0.471174 0.0784345 0.101858 0.596023 0.0585106 0.0269263 0.13059 0.0164015 -0.562224 0.14993 0.0723479 -0.0113807 -0.0138759 -0.0120809 0.311456 -0.0159379 -0.364295 0.00968972 -0.0128875 -0.0462717 0.524882 -0.0144855 0.00864829 0.0596352 -0.146795
internal_weight=9801 8905 8878 41 896 56 840 806 65 741 694 367 256 48 208 185 8837 8770 8743 103 8640 75 52 8565 138 47 8541 4258 1781 262
internal_count=9801 8905 8878 41 896 56 840 806 65 741 694 367 256 48 208 185 8837 8770 8743 103 8640 75 52 8565 138 47 8541 4258 1781 262
is_linear=0
shrinkage=0.05


Tree=123
num_leaves=31
num_cat=0
split_feature=0 6 6 6 6 4 5 0 3 2 5 0 2 8 4 2 2 3 3 1 1 1 2 5 7 4 6 5 2 4
split_gain=3855.23 5243.69 4595.89 9701.01 8916.95 12275.4 6378.17 6627.72 4317.94 4977 3125.86 3356.36 2409.21 2315.87 2236.51 1997.73 2515.96 4127.11 2869.66 1979.65 7689.61 2615.57 6037.49 6980.13 6758.44 5300.57 4307.82 4152.46 3218.43 3521.22
threshold=29.250000000000004 940.50000000000011 835.50000000000011 855.50000000000011 873.50000000000011 845.50000000000011 10.500000000000002 24.250000000000004 55.500000000000007 24.500000000000004 15.500000000000002 33.250000000000007 46.500000000000007 6.5000000000000009 934.50000000000011 51.500000000000007 60.500000000000007 15.500000000000002 5.5000000000000009 846.50000000000011 809.50000000000011 718.50000000000011 51.500000000000007 53.500000000000007 12.500000000000002 667.50000000000011 725.50000000000011 43.500000000000007 42.500000000000007 748.50000000000011
decision_type=2 2 2 2 2 2 2 2 2 2 2 2 2 2 2 2 2 2 2 2 2 2 2 2 2 2 2 2 2 2
left_child=1 2 19 -4 -5 -6 -7 -8 9 -2 14 12 -12 -14 -11 -15 17 -17 -18 20 21 25 24 26 -23 -1 -24 28 -27 -30
right_child=8 -3 3 4 5 6 7 -9 -10 10 11 -13 13 15 -16 16 18 -19 -20 -21 -22 22 23 -25 -26 27 -28 -29 29 -31
leaf_value=-0.015821792319266791 -0.67885996805770066 -0.66995021343231209 1.0078767373281365 -0.64937235462959064 1.3380910686304561 0.59479157580779152 0.22642641088792256 -1.0297698808567863 0.82462420910596856 -0.086675417139381178 -0.25257667844232762 0.58071823219458263 0.45184005762139956 0.47792747931347956 0.36357904691849985 0.04715455156548063 0.10246691666359671 -0.65109221736590073 0.52973693100348962 -0.41809387209514776 0.68927965001800118 -0.49427000757144851 0.32674949701988337 -0.90263624080391824 0.55933452556530638 0.63214850707186598 -0.36465013833113119 0.74809909684317455 -0.11466004008265294 0.56539764301851392
leaf_weight=8243 21 30 34 33 22 26 21 21 20 250 38 45 60 36 31 179 152 24 53 30 39 23 33 43 45 27 71 35 92 24
leaf_count=8243 21 30 34 33 22 26 21 21 20 250 38 45 60 36 31 179 152 24 53 30 39 23 33 43 45 27 71 35 92 24
internal_value=-2.0939e-11 -0.0100263 -0.00779234 0.260324 0.0536836 0.311471 -0.0206711 -0.401672 0.0980794 0.0817342 0.100136 0.165785 0.131335 0.16028 -0.0370032 0.12088 0.0893762 -0.0353968 0.212932 -0.012628 -0.0112258 -0.0143893 -0.1866 -0.366808 0.202968 -0.00999249 -0.145264 0.259957 0.140481 0.0260415
internal_weight=9801 8892 8862 157 123 90 68 42 909 889 868 587 542 504 281 444 408 203 205 8705 8675 8636 215 147 68 8421 104 178 143 116
internal_count=9801 8892 8862 157 123 90 68 42 909 889 868 587 542 504 281 444 408 203 205 8705 8675 8636 215 147 68 8421 104 178 143 116
is_linear=0
shrinkage=0.05


Tree=124
num_leaves=31
num_cat=0
split_feature=0 3 5 6 4 5 8 6 6 6 6 1 6 4 1 1 1 4 7 4 1 0 5 5 6 6 6 6 4 6
split_gain=3556.52 10446.6 9391.37 3590.97 3547.27 3966.79 4295.83 4379.5 2710.02 5341.95 7219.37 10640.2 8410 3981.42 2209.4 10194.9 2739.99 10005 6749.54 6155.19 4153.43 2972.99 2757.44 2183.28 10598 4270.89 8423.05 5551.52 5000.38 5396
threshold=26.650000000000002 88.500000000000014 85.500000000000014 609.50000000000011 948.50000000000011 36.500000000000007 9.5000000000000018 925.50000000000011 936.50000000000011 899.50000000000011 862.50000000000011 878.50000000000011 835.50000000000011 875.50000000000011 809.50000000000011 846.50000000000011 744.50000000000011 771.50000000000011 13.500000000000002 679.50000000000011 697.50000000000011 24.550000000000004 45.500000000000007 82.500000000000014 643.50000000000011 578.50000000000011 553.50000000000011 546.50000000000011 532.50000000000011 629.50000000000011
decision_type=2 2 2 2 2 2 2 2 2 2 2 2 2 2 2 2 2 2 2 2 2 2 2 2 2 2 2 2 2 2
left_child=8 2 4 -3 5 -2 7 -7 9 10 12 -12 14 -14 16 -16 19 18 -18 20 23 22 -21 25 -25 26 27 -1 -27 -30
right_child=1 3 -4 -5 -6 6 -8 -9 -10 -11 11 -13 13 -15 15 -17 17 -19 -20 21 -22 -23 -24 24 -26 28 -28 -29 29 -31
leaf_value=-0.028100093299103075 -0.018003593213122945 0.29291928268969064 -0.95851973883362251 1.1768692435489763 0.68952333493666218 0.085711330696037022 0.8122526129950649 0.63161132916426055 -0.58108309337071018 0.57908369867425225 -1.5006729829311372 0.13028953924775125 1.210230394601822 0.21255526527762414 0.89967874332796782 -0.39467304605862191 -1.3994408254822097 0.19623730977376302 -0.17200660251435781 0.098628133339363905 -0.58046576290419605 0.86867551863193515 0.66517199443446273 0.018723253358129688 1.1001281582790872 -0.87018264593749217 0.50578622391095029 -0.84252727904490055 0.18069879298701008 -0.40804891220324646
leaf_weight=5793 917 20 23 27 22 634 23 39 21 38 20 20 20 20 32 29 24 51 21 105 33 20 27 1516 23 29 74 21 68 91
leaf_count=5793 917 20 23 27 22 634 23 39 21 38 20 20 20 20 32 29 24 51 21 105 33 20 27 1516 23 29 74 21 68 91
internal_value=-3.96843e-10 0.0656327 0.0447949 0.80072 0.0589088 0.0503077 0.14031 0.117346 -0.0138221 -0.0123469 -0.0151432 -0.685192 -0.0117917 0.711393 -0.0154272 0.284331 -0.017743 -0.283236 -0.826638 -0.0144754 -0.020737 0.300586 0.214512 -0.0183114 0.0348846 -0.0317855 -0.024295 -0.0310418 -0.266384 -0.156257
internal_weight=9801 1705 1658 47 1635 1613 696 673 8096 8075 8037 40 7997 40 7957 61 7896 96 45 7800 7648 152 132 7615 1539 6076 5888 5814 188 159
internal_count=9801 1705 1658 47 1635 1613 696 673 8096 8075 8037 40 7997 40 7957 61 7896 96 45 7800 7648 152 132 7615 1539 6076 5888 5814 188 159
is_linear=0
shrinkage=0.05


Tree=125
num_leaves=31
num_cat=0
split_feature=4 7 0 0 5 4 6 1 4 7 4 5 3 2 0 5 0 4 8 1 2 3 0 1 1 6 0 5 1 0
split_gain=3286.69 2545.65 5216.6 7212.22 14255.5 5068.53 9892.26 9368.07 5689.33 4408.77 15565.2 19687.6 34844.1 18664.4 24166.3 11162.5 9835.05 8898.47 4487.62 4375.69 4108.06 5346.72 6993.74 11947.7 9038.53 5265.8 12975.5 4179.51 3903.83 3558.8
threshold=1.0000000180025095e-35 12.500000000000002 18.450000000000003 17.250000000000004 77.500000000000014 481.50000000000006 413.50000000000006 462.50000000000006 544.50000000000011 14.500000000000002 502.50000000000006 70.500000000000014 11.500000000000002 64.500000000000014 19.650000000000002 99.500000000000014 16.550000000000004 403.50000000000006 7.5000000000000009 447.50000000000006 40.500000000000007 1.5000000000000002 21.050000000000004 893.50000000000011 736.50000000000011 862.50000000000011 25.750000000000004 48.500000000000007 896.50000000000011 18.950000000000003
decision_type=2 2 2 2 2 2 2 2 2 2 2 2 2 2 2 2 2 2 2 2 2 2 2 2 2 2 2 2 2 2
left_child=-1 2 3 5 -5 6 -2 -8 -7 10 13 18 -13 14 16 -14 -3 -18 20 -6 -12 25 24 -24 27 -22 -27 -23 -20 -4
right_child=1 9 29 4 19 8 7 -9 -10 -11 11 12 15 -15 -16 -17 17 -19 28 -21 21 22 23 -25 -26 26 -28 -29 -30 -31
leaf_value=-0.030468051334459779 -0.0378566726042441 0.63801362335681922 0.45465662253734013 -0.1085104823171934 -0.71254523701965811 0.84108916081022478 -1.3310299332936606 0.027361323616721413 0.0080162242447075101 0.019932368258044928 0.68800471854209899 0.65802065191730374 -0.87339487301726493 1.5595292297005654 1.5669194216728211 -2.3884925717115402 -1.4030475088141181 0.054175543785095218 -0.10154731912189163 -1.7584523475170137 0.33546699857711793 0.12472319449600462 1.4665522049530411 0.25144010901451114 -0.83200505021072579 -1.4157447935640812 0.078908828371819464 0.8687993633747102 0.49495750963687901 0.032864303173868847
leaf_weight=4651 609 20 52 94 20 32 30 22 57 2092 50 31 31 40 25 20 22 20 192 20 50 77 32 55 21 20 53 25 32 1306
leaf_count=4651 609 20 52 94 20 32 30 22 57 2092 50 31 31 40 25 20 22 20 192 20 50 77 32 55 21 20 53 25 32 1306
internal_value=4.52669e-10 0.0275159 -0.0125196 -0.10705 -0.444925 -0.0466825 -0.0943777 -0.756326 0.307548 0.0583823 0.156957 0.0632023 -0.663981 0.665598 0.254595 -1.46755 -0.274569 -0.709132 0.161438 -1.2355 0.265408 0.201955 0.355288 0.698378 0.112614 -0.0598323 -0.330585 0.307095 -0.0163323 0.0490154
internal_weight=9801 5150 2242 884 134 750 661 52 89 2908 816 689 82 127 87 51 62 42 607 40 383 333 210 87 123 123 73 102 224 1358
internal_count=9801 5150 2242 884 134 750 661 52 89 2908 816 689 82 127 87 51 62 42 607 40 383 333 210 87 123 123 73 102 224 1358
is_linear=0
shrinkage=0.05


Tree=126
num_leaves=31
num_cat=0
split_feature=0 6 1 3 2 5 2 2 5 1 4 2 8 0 8 1 1 5 0 0 8 2 2 0 0 2 1 8 5 5
split_gain=2991.02 4419.78 4483.9 3708.27 4239.74 3055.49 1978.74 4979.48 10156.7 3441.25 14639 4691.36 10754.9 3758.97 7200.28 3158.13 2972.86 1945.01 2304.97 2538.26 3183.27 3171.11 2273.32 2254.97 1992.39 2570.57 8005.61 2863.84 2455.79 2346.08
threshold=29.250000000000004 940.50000000000011 925.50000000000011 55.500000000000007 24.500000000000004 55.500000000000007 26.500000000000004 29.500000000000004 5.5000000000000009 813.50000000000011 753.50000000000011 55.500000000000007 4.5000000000000009 23.250000000000004 5.5000000000000009 654.50000000000011 862.50000000000011 5.5000000000000009 32.95000000000001 31.650000000000002 6.5000000000000009 45.500000000000007 51.500000000000007 29.650000000000002 30.650000000000002 60.500000000000007 798.50000000000011 8.5000000000000018 46.500000000000007 35.500000000000007
decision_type=2 2 2 2 2 2 2 2 2 2 2 2 2 2 2 2 2 2 2 2 2 2 2 2 2 2 2 2 2 2
left_child=1 2 6 4 -2 17 15 8 -8 -9 -11 16 -13 -14 -15 -1 -12 -6 19 20 23 -21 -23 -19 25 26 27 -22 29 -27
right_child=3 -3 -4 -5 5 -7 7 9 -10 10 11 12 13 14 -16 -17 -18 18 -20 21 24 22 -24 -25 -26 28 -28 -29 -30 -31
leaf_value=0.050339059483620434 -0.63076044874531889 -0.61469599405924491 0.70614937706427139 0.75969140470027929 -0.078789998534866568 0.43879976654104119 0.11108512898971296 -0.012314592061180244 -1.3136056906797671 1.4867834728956222 0.83760050956819532 -1.103106616113497 -0.35253501737117771 0.98249776363372809 -0.27337027504330591 0.74763499660925437 0.050615189845363298 -0.027495389998975123 0.41147364503038786 -0.65682099655918458 -0.18612871351567184 0.47113045871257786 -0.12717910295279769 0.56171866923330294 0.21918455142138613 0.01345902718603611 -1.0058903262019159 0.4211832059423129 -0.22503395469256626 0.53278515905311163
leaf_weight=62 21 30 22 20 186 58 29 8543 22 20 24 23 25 25 21 22 24 22 56 23 55 20 77 62 134 43 24 30 34 44
leaf_count=62 21 30 22 20 186 58 29 8543 22 20 24 23 25 25 21 22 24 22 56 23 55 20 77 62 134 43 24 30 34 44
internal_value=2.1169e-10 -0.00883135 -0.00678035 0.0863898 0.0712424 0.0882264 -0.00855461 -0.0108716 -0.503487 -0.00798551 0.220307 0.0419297 -0.163438 0.140962 0.409167 0.232964 0.444108 0.0631236 0.105425 0.0752509 0.129954 -0.128976 -0.00381631 0.407401 0.0659283 -0.0233601 -0.199477 0.0282167 0.13529 0.276107
internal_weight=9801 8892 8862 909 889 868 8840 8756 51 8705 162 142 94 71 46 84 48 810 624 568 448 120 97 84 364 230 109 85 121 87
internal_count=9801 8892 8862 909 889 868 8840 8756 51 8705 162 142 94 71 46 84 48 810 624 568 448 120 97 84 364 230 109 85 121 87
is_linear=0
shrinkage=0.05


Tree=127
num_leaves=31
num_cat=0
split_feature=4 5 4 2 6 0 0 3 0 8 2 3 6 6 2 6 1 3 0 2 0 4 6 5 0 0 1 3 6 6
split_gain=2826.59 2394.27 4730.93 5051.3 4529.87 4399.13 3797.99 9641.68 8396.68 8248.73 5230.94 40243.2 9733.23 4501.09 4111.22 4006.84 13449.9 4919.74 21412.4 24129 9991.48 7478.11 13884.6 11176.9 8215.88 7462.1 7392.04 6544.75 6476.52 11912.9
threshold=1.0000000180025095e-35 36.500000000000007 939.50000000000011 54.500000000000007 914.50000000000011 29.950000000000003 26.250000000000004 86.500000000000014 25.950000000000003 5.5000000000000009 35.500000000000007 7.5000000000000009 462.50000000000006 678.50000000000011 37.500000000000007 862.50000000000011 809.50000000000011 27.500000000000004 22.350000000000005 53.500000000000007 19.850000000000005 505.50000000000006 583.50000000000011 99.500000000000014 22.850000000000005 18.950000000000003 693.50000000000011 9.5000000000000018 272.50000000000006 488.50000000000006
decision_type=2 2 2 2 2 2 2 2 2 2 2 2 2 2 2 2 2 2 2 2 2 2 2 2 2 2 2 2 2 2
left_child=-1 2 4 -4 -2 -6 8 9 10 -8 11 12 -3 -9 -11 16 17 21 20 -20 25 22 27 24 26 -19 -23 -12 -29 -30
right_child=1 6 3 -5 5 -7 7 13 -10 14 15 -13 -14 -15 -16 -17 -18 18 19 -21 -22 23 -24 -25 -26 -27 -28 28 29 -31
leaf_value=-0.028255112312887916 -0.009721332728878717 -0.406098119020462 -0.039039529860019684 0.90248318098742397 -0.95511618235707285 -0.096541228407138108 -0.76620113757940445 0.34129094765299844 -0.82387637840262773 0.78386201374232778 0.040415203354542788 -2.1073231892012383 1.0380942356373584 1.3537599392559219 0.1179540225045695 -0.45827263460347534 1.0310942593642645 0.19156190873424755 -1.8936327521617597 -0.065378310392468664 0.71640346369267194 0.14685522271208015 -1.3177986062091331 1.0700966149568558 0.99247228980064406 -0.47497142606311371 -0.73782259009101181 -0.063089856048082482 -0.85822723434295201 0.47814362815448219
leaf_weight=4651 2335 20 28 29 25 37 26 21 29 24 467 23 28 23 677 38 35 628 26 59 87 83 23 34 20 45 33 145 81 21
leaf_count=4651 2335 20 28 29 25 37 26 21 29 24 467 23 28 23 677 38 35 628 26 59 87 83 23 34 20 45 33 145 81 21
internal_value=-7.47524e-11 0.0255174 -0.0102161 0.439981 -0.0209217 -0.442741 0.0580433 0.151816 0.0204857 0.108317 0.0334005 -0.387659 0.436347 0.870536 0.140753 0.0497814 0.060585 0.041197 0.128003 -0.624609 0.212177 -0.0396751 -0.108628 0.259256 0.0565462 0.146994 -0.10482 -0.0696772 -0.277828 -0.583092
internal_weight=9801 5150 2454 57 2397 62 2696 771 1925 727 1896 71 48 44 701 1825 1787 1752 845 85 760 907 737 170 136 673 116 714 247 102
internal_count=9801 5150 2454 57 2397 62 2696 771 1925 727 1896 71 48 44 701 1825 1787 1752 845 85 760 907 737 170 136 673 116 714 247 102
is_linear=0
shrinkage=0.05


Tree=128
num_leaves=31
num_cat=0
split_feature=4 1 6 6 0 6 0 6 1 1 4 5 6 0 4 1 4 0 1 0 0 1 8 4 5 6 1 7 0 0
split_gain=2670.52 4397.75 3572.17 3505.62 12431.3 3443.03 8252.03 5138.72 3698.14 8206.92 10283.4 2967.14 2847.79 3700.73 4711.08 2752.84 2014.85 1920.45 2085.97 2959.39 1867.2 2277.18 14995.3 4771.03 5764.85 4228.46 4045.02 9206.66 3016.78 3710.47
threshold=887.50000000000011 893.50000000000011 906.50000000000011 862.50000000000011 24.750000000000004 835.50000000000011 29.050000000000004 823.50000000000011 846.50000000000011 809.50000000000011 797.50000000000011 46.500000000000007 889.50000000000011 24.550000000000004 948.50000000000011 851.50000000000011 786.50000000000011 32.050000000000004 920.50000000000011 29.950000000000003 32.350000000000001 744.50000000000011 4.5000000000000009 679.50000000000011 43.500000000000007 757.50000000000011 693.50000000000011 14.500000000000002 29.750000000000004 28.550000000000004
decision_type=2 2 2 2 2 2 2 2 2 2 2 2 2 2 2 2 2 2 2 2 2 2 2 2 2 2 2 2 2 2
left_child=2 -2 3 5 -5 7 -7 8 9 16 -11 -4 -3 -14 17 -8 20 18 -15 -20 21 23 -23 26 -25 -24 -1 -28 29 -27
right_child=1 12 11 4 -6 6 15 -9 -10 10 -12 -13 13 14 -16 -17 -18 -19 19 -21 -22 22 25 24 -26 28 27 -29 -30 -31
leaf_value=-0.0089133781797459035 0.59607099979281586 0.50344676394015553 0.036764820776879786 -1.3191141517265983 -0.037831441027538798 0.88321979314916677 -0.55320045799016959 -0.69464157539661286 -0.63707536034609968 1.4448690376498483 0.031408689531587784 0.65799612825786746 -0.57901073717153995 0.47494710505008703 0.70409189263979599 0.25639034994833526 0.2522461118102074 -0.49077663276852529 -0.57427605986595154 0.23086182261258364 0.22527881550438267 -1.1336411533658119 0.37743260952559388 0.089744066475204345 0.73401583645078872 -0.01356332262357076 0.067813581519010596 -1.1349488811997268 0.11895405111404567 -0.80670492854611631
leaf_weight=8574 48 29 40 23 107 36 21 27 23 22 31 37 26 20 24 21 75 22 21 25 85 34 55 152 45 30 41 26 52 29
leaf_count=8574 48 29 40 23 107 36 21 27 23 22 31 37 26 20 24 21 75 22 21 25 85 34 55 152 45 30 41 26 52 29
internal_value=-3.28588e-11 0.174274 -0.00390871 -0.00665531 -0.26452 -0.00308111 0.327729 -0.00585535 -0.00385005 -0.00227571 0.618128 0.335279 0.0530388 -0.0416121 0.0831412 -0.148405 -0.00585055 -0.086209 0.0486468 -0.136701 -0.00797236 -0.010166 -0.177004 -0.00639056 0.236913 0.0189341 -0.0119375 -0.39893 -0.1587 -0.403413
internal_weight=9801 215 9586 9509 130 9379 78 9301 9274 9251 53 77 167 138 112 42 9198 88 66 46 9123 9038 200 8838 197 166 8641 67 111 59
internal_count=9801 215 9586 9509 130 9379 78 9301 9274 9251 53 77 167 138 112 42 9198 88 66 46 9123 9038 200 8838 197 166 8641 67 111 59
is_linear=0
shrinkage=0.05


Tree=129
num_leaves=31
num_cat=0
split_feature=1 5 4 2 6 3 6 1 3 1 6 2 4 4 1 1 4 0 0 6 2 3 3 4 3 3 3 3 8 6
split_gain=2467.14 2230.47 4010.47 4710.64 3984.67 4126.14 3714.88 5425.42 22469.1 4571.78 4694.71 3403.32 8242.22 3019.7 2932.41 2632.5 6033.89 5704.01 6105.53 5427.81 2808.55 16207 22575.1 18719.6 12196.5 15978.8 7110.17 6514.09 7446.52 6436.6
threshold=1.0000000180025095e-35 36.500000000000007 939.50000000000011 54.500000000000007 914.50000000000011 1.5000000000000002 880.50000000000011 823.50000000000011 17.500000000000004 809.50000000000011 809.50000000000011 55.500000000000007 801.50000000000011 887.50000000000011 899.50000000000011 718.50000000000011 670.50000000000011 27.250000000000004 24.750000000000004 725.50000000000011 48.500000000000007 31.500000000000004 74.500000000000014 379.50000000000006 16.500000000000004 7.5000000000000009 27.500000000000004 11.500000000000002 1.5000000000000002 311.50000000000006
decision_type=2 2 2 2 2 2 2 2 2 2 2 2 2 2 2 2 2 2 2 2 2 2 2 2 2 2 2 2 2 2
left_child=-1 2 4 -4 13 -6 7 9 11 10 15 -9 -13 -2 -8 16 20 18 19 -17 21 24 23 -23 25 -3 27 -22 -29 -24
right_child=1 6 3 -5 5 -7 14 8 -10 -11 -12 12 -14 -15 -16 17 -18 -19 -20 -21 26 22 29 -25 -26 -27 -28 28 -30 -31
leaf_value=-0.026375886627585977 -0.019909539967204834 0.20955875956515474 -0.058717427083424159 0.85050345484552714 -0.81105231887195262 0.0051583530505498257 0.65670751277790518 0.47951742370147254 -1.8175492838025094 0.79141748583032978 0.66193253936306129 -0.90795840891924784 0.4190070227384568 0.31586190177046736 0.14472470987588168 0.34276403647202713 0.57012082870517466 0.1077755933681738 -1.2111460942029955 -0.61096853630883352 0.059968608304245219 -0.38873670965433127 -0.74774024342652412 -2.5023086742921308 1.2282157930235069 -1.2333857948129827 0.1813085930634469 -0.93456942868069748 -0.12774565926619694 0.33405993584204807
leaf_weight=4655 2265 150 28 29 32 30 43 30 20 21 31 22 25 69 80 26 56 103 20 35 787 20 20 22 24 22 791 32 269 44
leaf_count=4655 2265 150 28 29 32 30 43 30 20 21 31 22 25 69 80 26 56 103 20 35 787 20 20 22 24 22 791 32 269 44
internal_value=3.08932e-11 0.0238593 -0.0106315 0.403869 -0.0204923 -0.416112 0.0552762 0.0424289 -0.324385 0.0568167 0.0505253 0.0634495 -0.202126 -0.00998313 0.323711 0.0426964 0.0576496 -0.139098 -0.453024 -0.20446 0.0444912 -0.097037 -0.59511 -1.49585 0.172329 0.0249961 0.0672382 -0.0156935 -0.213521 -0.00400262
internal_weight=9801 5146 2453 57 2396 62 2693 2570 97 2473 2452 77 47 2334 123 2421 2237 184 81 61 2181 302 106 42 196 172 1879 1088 301 64
internal_count=9801 5146 2453 57 2396 62 2693 2570 97 2473 2452 77 47 2334 123 2421 2237 184 81 61 2181 302 106 42 196 172 1879 1088 301 64
is_linear=0
shrinkage=0.05


Tree=130
num_leaves=31
num_cat=0
split_feature=0 3 5 5 5 4 0 6 6 6 4 6 4 8 2 2 0 1 8 1 5 4 1 4 3 2 1 1 5 3
split_gain=2269.41 8019.92 8052.72 3190.95 2919.11 2878.1 2262.84 2105.11 4457.67 6000.6 8996.94 5935.93 3499.85 1799 1607.83 2935.77 7495.6 5321.88 3989.45 2654.82 6781.98 4158.13 4330.81 3870.7 5065.62 3424.73 2554.8 2852.48 3768.48 2141.72
threshold=26.650000000000002 88.500000000000014 85.500000000000014 63.500000000000007 57.500000000000007 948.50000000000011 27.050000000000004 936.50000000000011 899.50000000000011 862.50000000000011 879.50000000000011 835.50000000000011 875.50000000000011 8.5000000000000018 25.500000000000004 29.500000000000004 22.550000000000004 809.50000000000011 4.5000000000000009 718.50000000000011 41.500000000000007 679.50000000000011 693.50000000000011 660.50000000000011 7.5000000000000009 56.500000000000007 693.50000000000011 496.50000000000006 23.500000000000004 2.5000000000000004
decision_type=2 2 2 2 2 2 2 2 2 2 2 2 2 2 2 2 2 2 2 2 2 2 2 2 2 2 2 2 2 2
left_child=7 2 4 -3 5 -2 -6 8 9 11 -11 14 -13 -8 29 16 -16 19 -19 21 25 22 -17 -22 -25 -21 27 -23 -29 -1
right_child=1 3 -4 -5 6 -7 13 -9 -10 10 -12 12 -14 -15 15 17 -18 18 -20 20 23 26 -24 24 -26 -27 -28 28 -30 -31
leaf_value=0.00071784296343403481 0.019712891060229745 0.23808848006384717 -0.89489049698104672 1.0667603445167726 0.67595212129609927 0.59581065503033726 0.29006759075240957 -0.51099935259137841 0.53052525206616052 -1.3730453492701056 0.12669975719414653 1.066026380956173 0.13063184313476087 -0.20979395558436714 0.077910489476088321 -0.013994755145715746 -1.1487921413034201 0.10891213169430985 0.94095003867149352 0.58268325718549585 -0.11281873668943132 0.67272883274338469 -0.73303095840272459 -1.4236865679423014 -0.33801197084513579 -0.17039651928676502 0.76758358898487966 0.28757157694472346 -0.44809341430664062 0.65469418636390142
leaf_weight=31 1489 21 23 26 28 22 72 21 38 20 20 20 20 24 33 7519 20 34 25 26 28 22 21 21 22 36 22 49 27 21
leaf_count=31 1489 21 23 26 28 22 72 21 38 20 20 20 20 24 33 7519 20 34 25 26 28 22 21 21 22 36 22 49 27 21
internal_value=-2.23478e-10 0.0524281 0.0341703 0.696503 0.0472396 0.0281008 0.280455 -0.0110412 -0.00974105 -0.0122955 -0.623173 -0.00923997 0.598329 0.165102 -0.0122942 -0.0141171 -0.384996 -0.0116138 0.461471 -0.0151954 -0.23667 -0.01135 -0.0159974 -0.570318 -0.868225 0.145411 0.280661 0.171352 0.0262169 0.264824
internal_weight=9801 1705 1658 47 1635 1511 124 8096 8075 8037 40 7997 40 96 7957 7905 53 7852 59 7793 133 7660 7540 71 43 62 120 98 76 52
internal_count=9801 1705 1658 47 1635 1511 124 8096 8075 8037 40 7997 40 96 7957 7905 53 7852 59 7793 133 7660 7540 71 43 62 120 98 76 52
is_linear=0
shrinkage=0.05


Tree=131
num_leaves=31
num_cat=0
split_feature=0 5 7 7 6 0 4 2 4 3 3 3 5 1 3 3 5 2 2 0 1 8 5 4 0 0 1 1 3 0
split_gain=2199.63 1976.3 1826.68 2883.39 7748.33 10738 19601.9 11660.1 10463.6 13296.9 7214.1 7786.1 5935.2 5756.11 5335.42 9251.62 19145.5 6572.49 5069.88 5513.47 9467.65 9269.14 6443.46 5376.32 7431.5 18171.5 5063.39 4881.74 4569.5 4965.05
threshold=33.650000000000013 8.5000000000000018 11.500000000000002 14.500000000000002 465.50000000000006 14.350000000000003 475.50000000000006 64.500000000000014 372.50000000000006 68.500000000000014 99.500000000000014 93.500000000000014 78.500000000000014 543.50000000000011 72.500000000000014 52.500000000000007 51.500000000000007 59.500000000000007 59.500000000000007 21.450000000000003 697.50000000000011 5.5000000000000009 50.500000000000007 481.50000000000006 23.450000000000003 24.550000000000004 896.50000000000011 805.50000000000011 15.500000000000002 25.250000000000004
decision_type=2 2 2 2 2 2 2 2 2 2 2 2 2 2 2 2 2 2 2 2 2 2 2 2 2 2 2 2 2 2
left_child=2 -2 -1 4 5 -4 7 -7 9 -6 11 14 -12 -8 15 18 -17 -16 23 20 22 26 -20 -10 27 -26 -21 -25 29 -27
right_child=1 -3 3 -5 8 6 13 -9 10 -11 12 -13 -14 -15 17 16 -18 -19 19 21 -22 -23 -24 24 25 28 -28 -29 -30 -31
leaf_value=-0.023759471319330969 0.039724954509768977 0.54316667128354312 -0.63455546186083844 -0.0025303598527139232 0.050736860765351194 0.7381329775684411 0.37882254852354524 2.2206426257178897 -0.68136872258679626 -1.6268096009890241 0.25200533632721223 -0.6855281288425128 1.2405758099122481 -0.52714575970614408 1.2697777812555433 0.24296867403273403 -1.8147225347161293 -0.01206520862877369 -0.19545929436411325 1.542752293603761 -0.78307774532586338 0.18280696363160107 0.91208911041418705 0.18892351765542814 -1.2537076446227731 0.85922127105295665 0.55528457085875904 1.0218754928186538 -0.40158037640831684 0.032589007857622525
leaf_weight=4872 44 35 21 3649 27 36 50 21 29 21 49 36 22 27 20 26 20 20 29 21 32 165 24 146 32 20 34 20 55 198
leaf_count=4872 44 35 21 3649 27 36 50 21 29 21 49 36 22 27 20 26 20 20 29 21 32 165 24 146 32 20 34 20 55 198
internal_value=-1.84073e-10 0.262769 -0.00213523 0.0195871 0.0867866 0.416702 0.581451 1.28432 0.0378986 -0.68319 0.0725802 0.0353765 0.558323 0.0611453 0.064504 0.0379775 -0.65168 0.628856 0.0773864 0.238046 -0.103961 0.370185 0.306072 -0.0206157 0.0200676 -0.126454 0.932318 0.289279 0.00567813 0.108427
internal_weight=9801 79 9722 4850 1201 155 134 57 1046 48 998 927 71 77 891 851 46 40 805 305 85 220 53 500 471 305 55 166 273 218
internal_count=9801 79 9722 4850 1201 155 134 57 1046 48 998 927 71 77 891 851 46 40 805 305 85 220 53 500 471 305 55 166 273 218
is_linear=0
shrinkage=0.05


Tree=132
num_leaves=31
num_cat=0
split_feature=4 7 0 8 5 5 0 6 5 4 1 6 8 0 1 8 5 2 8 3 3 1 4 5 5 0 7 4 4 7
split_gain=1989.57 2145.02 4470.02 5720.45 24992.1 12149.3 7272.49 8293.78 6503.87 5920.44 5789.32 4382.44 4100.27 10289.1 5655.89 4976.42 6251.75 21982.9 25732.4 10686.7 5302.78 4765.26 9045.7 4037.4 5310.14 10431.7 13981.8 9122.33 10916.8 9458.42
threshold=1.0000000180025095e-35 12.500000000000002 20.250000000000004 4.5000000000000009 62.500000000000007 69.500000000000014 24.050000000000004 423.50000000000006 81.500000000000014 767.50000000000011 575.50000000000011 902.50000000000011 11.500000000000002 16.750000000000004 246.50000000000003 9.5000000000000018 21.500000000000004 49.500000000000007 10.500000000000002 86.500000000000014 22.500000000000004 468.50000000000006 252.50000000000003 48.500000000000007 99.500000000000014 17.950000000000003 14.500000000000002 637.50000000000011 453.50000000000006 17.500000000000004
decision_type=2 2 2 2 2 2 2 2 2 2 2 2 2 2 2 2 2 2 2 2 2 2 2 2 2 2 2 2 2 2
left_child=-1 2 -2 4 9 11 7 -7 -8 10 -4 -5 15 14 -14 23 -17 18 -18 20 -19 22 -22 -3 -25 26 -26 28 29 -27
right_child=1 12 3 5 -6 6 8 -9 -10 -11 -12 -13 13 -15 -16 16 17 19 -20 -21 21 -23 -24 24 25 27 -28 -29 -30 -31
leaf_value=-0.0237052560753486 -0.092201901360716293 0.013117294136216246 0.066964673119432785 0.051299978619289158 -1.422769587180194 0.86188050309816999 0.58189743743701416 -0.51247455814610354 1.724570291042328 -0.47689520512586059 1.107907735124569 -0.55257079360946537 0.18070486538532762 0.64874829885459717 -0.6464468240737915 0.122646349298508 -0.26363713456051691 -0.11821620487194094 -2.3893085860957703 -1.0715906804516202 0.021661709249019626 -0.10406926015148993 1.4908901993862607 0.2327083667170472 1.0572488810565022 -1.2843242790699005 -0.063828154957653691 -1.4055537575483323 0.79586663573980332 0.042786588391353346
leaf_weight=4651 1026 1516 34 975 34 21 33 23 20 23 22 31 62 93 31 147 35 90 24 21 20 23 22 581 37 25 112 20 20 29
leaf_count=4651 1026 1516 34 975 34 21 33 23 20 23 22 31 62 93 31 147 35 90 24 21 20 23 22 581 37 25 112 20 20 29
internal_value=6.43768e-10 0.0214084 -0.015342 0.0495085 -0.28931 0.0842197 0.618625 0.143468 1.01309 0.198509 0.475907 0.0326916 0.0497421 0.276868 -0.0950124 0.0342221 -0.133103 -0.293082 -1.12832 -0.0130888 0.130321 0.47445 0.791258 0.0615375 0.150621 -0.0456444 0.21456 -0.458096 -0.202027 -0.571617
internal_weight=9801 5150 2242 1216 113 1103 97 44 53 79 56 1006 2908 186 93 2722 382 235 59 176 155 65 42 2340 824 243 149 94 74 54
internal_count=9801 5150 2242 1216 113 1103 97 44 53 79 56 1006 2908 186 93 2722 382 235 59 176 155 65 42 2340 824 243 149 94 74 54
is_linear=0
shrinkage=0.05


Tree=133
num_leaves=31
num_cat=0
split_feature=0 5 6 6 4 5 6 6 5 5 6 5 1 7 4 0 2 6 1 3 3 4 7 6 5 6 3 1 3 3
split_gain=1956.83 1744.71 1548.57 9903.73 4808.63 3379.8 3114.78 1789.63 2779.67 1283.16 2298.75 5102.67 3724.76 7431.84 2414.77 3785.71 3529.77 13834.9 18796.3 16419 31539.8 11507.3 7886.65 5970.93 5330.85 5003.76 14378.6 7202.52 5610.71 7330.72
threshold=33.650000000000013 8.5000000000000018 948.50000000000011 940.50000000000011 906.50000000000011 28.500000000000004 959.50000000000011 873.50000000000011 5.5000000000000009 34.500000000000007 906.50000000000011 48.500000000000007 873.50000000000011 12.500000000000002 57.500000000000007 9.7500000000000018 45.500000000000007 674.50000000000011 646.50000000000011 31.500000000000004 61.500000000000007 310.50000000000006 12.500000000000002 300.50000000000006 68.500000000000014 823.50000000000011 17.500000000000004 809.50000000000011 27.500000000000004 11.500000000000002
decision_type=2 2 2 2 2 2 2 2 2 2 2 2 2 2 2 2 2 2 2 2 2 2 2 2 2 2 2 2 2 2
left_child=2 -2 3 4 9 7 -4 -6 -9 -1 12 -12 14 -14 -11 -16 17 18 19 21 -21 23 -19 -17 -23 27 -27 28 29 -18
right_child=1 -3 6 -5 5 -7 -8 8 -10 10 11 -13 13 -15 15 16 25 22 -20 20 -22 24 -24 -25 -26 26 -28 -29 -30 -31
leaf_value=-0.022736784213163372 0.038273704466833314 0.51129970478692222 0.7229806526140734 -0.9597745827502675 0.53970135998725899 0.93504463255405423 -0.049867294565774503 0.42008811804381285 -0.35799936801195148 -0.019170354553466398 -0.056044642277993266 0.94700421520641864 0.31807596303522589 -0.93478312348497328 0.65235255572658324 0.083149225135835322 0.078833584058798437 -0.26159740328788755 -1.7797142767906189 -2.3983035814194453 -0.025098676199004768 0.21466606782703865 0.95962572518067479 -1.0504086074374972 1.0917574898153544 0.20470786376584635 -1.2054068495487344 0.86675015359089302 0.17909148894830107 -0.21325375796851956
leaf_weight=4740 44 35 22 27 25 20 32 22 24 2479 32 21 20 29 26 26 805 20 20 21 42 41 39 21 30 48 29 29 739 293
leaf_count=4740 44 35 22 27 25 20 32 22 24 2479 32 21 20 29 26 26 805 20 20 21 42 41 39 21 30 48 29 29 739 293
internal_value=-4.0857e-11 0.247842 -0.00201394 -0.00350531 -0.000827242 0.360916 0.264997 0.19919 0.0141294 -0.00427422 0.0139197 0.34139 0.0102712 -0.423412 0.0147848 0.0525484 0.0454695 -0.127546 -0.325152 -0.164426 -0.816167 0.183537 0.545652 -0.423334 0.585268 0.0686213 -0.326374 0.0849207 0.0725783 0.000890423
internal_weight=9801 79 9722 9668 9641 91 54 71 46 9550 4810 53 4757 49 4708 2229 2203 260 201 181 63 118 59 47 71 1943 77 1866 1837 1098
internal_count=9801 79 9722 9668 9641 91 54 71 46 9550 4810 53 4757 49 4708 2229 2203 260 201 181 63 118 59 47 71 1943 77 1866 1837 1098
is_linear=0
shrinkage=0.05


Tree=134
num_leaves=31
num_cat=0
split_feature=0 6 1 3 2 5 5 2 2 6 2 2 5 1 1 4 2 8 3 1 7 1 6 1 2 2 5 1 6 1
split_gain=1832.73 3854.12 3020.96 2556.23 3295.02 2293.59 2514.98 2036.12 2156.78 3836.4 1754.67 3725.82 8249.13 2679.73 1940.83 12142.4 4346.04 9011.4 3779.8 2397.09 2328.88 1686.55 2428.32 2078.29 4754.63 9594.58 5754.83 3938.18 3604.44 3393.61
threshold=29.250000000000004 940.50000000000011 925.50000000000011 55.500000000000007 24.500000000000004 15.500000000000002 20.500000000000004 31.500000000000004 46.500000000000007 754.50000000000011 26.500000000000004 29.500000000000004 5.5000000000000009 654.50000000000011 813.50000000000011 753.50000000000011 55.500000000000007 4.5000000000000009 3.5000000000000004 862.50000000000011 12.500000000000002 801.50000000000011 835.50000000000011 718.50000000000011 51.500000000000007 43.500000000000007 53.500000000000007 708.50000000000011 725.50000000000011 772.50000000000011
decision_type=2 2 2 2 2 2 2 2 2 2 2 2 2 2 2 2 2 2 2 2 2 2 2 2 2 2 2 2 2 2
left_child=1 2 10 4 -2 -6 -7 -8 9 -9 13 12 -12 -1 21 -16 19 -18 -19 -17 -20 22 23 27 25 -25 28 -13 -26 -30
right_child=3 -3 -4 -5 5 6 7 8 -10 -11 11 14 -14 -15 15 16 17 18 20 -21 -22 -23 -24 24 26 -27 -28 -29 29 -31
leaf_value=0.052754502452068752 -0.56382045603933795 -0.57268067995707195 0.58018517263910985 0.62663952350616459 -0.047451414708777256 0.55030382392984456 0.5963008600473404 0.15802928358316423 0.11474209877831693 -0.72429145696488295 0.11910992614154159 -0.0077541490492201342 -1.1648418762467123 0.69506897330284123 1.3187457820586861 0.74328269964704918 -1.0549514153081438 0.53591721653938296 -0.58719361481212429 0.036605209981401758 0.14894051199609584 -0.39680719503334594 0.47435583884899435 -0.55958788123997782 0.30957543723510977 0.81512697021166491 -0.81541967363584611 0.6207424691766501 -0.5925333550288564 0.19879622757434845
leaf_weight=62 21 30 22 20 281 33 20 28 484 22 29 8275 22 22 20 24 23 28 21 24 22 28 26 22 33 30 42 25 42 20
leaf_count=62 21 30 22 20 281 33 20 28 484 22 29 8275 22 22 20 24 23 28 21 24 22 28 26 22 33 30 42 25 42 20
internal_value=-1.51099e-10 -0.00691299 -0.00499773 0.0676241 0.0550479 0.0700205 0.126255 0.100996 0.0824449 -0.230192 -0.00645407 -0.00863594 -0.434752 0.22098 -0.00613946 0.165306 0.00285024 -0.194815 0.0838212 0.389944 -0.210567 -0.00939057 -0.00811662 -0.00959433 -0.173541 0.233517 -0.328045 -0.00586109 -0.112574 -0.337266
internal_weight=9801 8892 8862 909 889 868 587 554 534 50 8840 8756 51 84 8705 162 142 94 71 48 43 8543 8515 8489 189 52 137 8300 95 62
internal_count=9801 8892 8862 909 889 868 587 554 534 50 8840 8756 51 84 8705 162 142 94 71 48 43 8543 8515 8489 189 52 137 8300 95 62
is_linear=0
shrinkage=0.05


Tree=135
num_leaves=31
num_cat=0
split_feature=0 5 1 1 4 6 5 6 5 0 6 1 0 6 4 4 0 2 6 1 3 3 4 3 3 1 2 4 2 5
split_gain=1812.66 1818.86 1403.65 2327.77 6808.14 1387.81 1369.61 4361.2 8524.96 9985.13 3164.95 5512.91 4094.37 3468.55 3261.49 2487.38 3918.16 3647.79 13124.7 16695.9 14574.4 28340.5 10286.2 6597.23 7031.59 7992.91 24592.9 25496.9 9140.5 19048.8
threshold=33.250000000000007 8.5000000000000018 963.50000000000011 948.50000000000011 934.50000000000011 862.50000000000011 36.500000000000007 896.50000000000011 10.500000000000002 30.550000000000004 884.50000000000011 878.50000000000011 31.750000000000004 862.50000000000011 837.50000000000011 57.500000000000007 9.7500000000000018 45.500000000000007 674.50000000000011 646.50000000000011 31.500000000000004 62.500000000000007 310.50000000000006 27.500000000000004 91.500000000000014 376.50000000000006 63.500000000000007 525.50000000000011 58.500000000000007 86.500000000000014
decision_type=2 2 2 2 2 2 2 2 2 2 2 2 2 2 2 2 2 2 2 2 2 2 2 2 2 2 2 2 2 2
left_child=2 -2 3 4 6 -3 7 -1 -9 -10 11 13 14 15 -12 -8 -17 18 19 20 22 -22 -18 -19 -25 28 -27 -28 29 -26
right_child=1 5 -4 -5 -6 -7 10 8 9 -11 12 -13 -14 -15 -16 16 17 23 -20 -21 21 -23 -24 24 25 26 27 -29 -30 -31
leaf_value=-0.017066753911514496 0.000322676107420453 0.2152765546526228 0.41614173490554096 -0.45045677300157216 0.70445967614650729 0.73739291511476046 -0.018280640599796557 0.33776012053713206 -1.6219997268347512 -0.1140054109789755 0.84212376738295847 -0.71670328493301694 -0.2920577320185575 -0.58603789682189633 0.16375297843604475 0.67841361582279214 -0.40795676395297048 -0.0040530003098666568 0.55894189874331157 -1.6904581660032272 -2.2216091637414968 0.002931845478895234 0.56942246618555559 0.31324406829423018 0.58336047841155014 0.24260503171195447 -2.4621100333603945 -0.026390896524701803 0.42466375794028866 -1.4994826180594307
leaf_weight=4892 56 35 20 29 34 20 2391 24 21 23 34 26 22 24 37 25 45 1106 54 20 22 41 67 447 23 71 22 21 128 21
leaf_count=4892 56 35 20 29 34 20 2391 24 21 23 34 26 22 24 37 25 45 1106 54 20 22 41 67 447 23 71 22 21 128 21
internal_value=-8.76827e-12 0.200906 -0.0023014 -0.00316685 -0.00182141 0.405137 -0.004321 -0.0225944 -0.420263 -0.83373 0.0151833 0.00928652 0.303933 0.0134552 0.488607 0.0166496 0.0561756 0.0487254 -0.130876 -0.321903 -0.165497 -0.773892 0.176725 0.0730435 0.189372 -0.00423271 -0.328909 -1.27257 0.21096 -0.410724
internal_weight=9801 111 9690 9670 9641 55 9607 4960 68 44 4647 4554 93 4528 71 4504 2113 2088 249 195 175 63 112 1839 733 286 114 43 172 44
internal_count=9801 111 9690 9670 9641 55 9607 4960 68 44 4647 4554 93 4528 71 4504 2113 2088 249 195 175 63 112 1839 733 286 114 43 172 44
is_linear=0
shrinkage=0.05


Tree=136
num_leaves=31
num_cat=0
split_feature=0 6 7 2 7 6 4 3 0 4 2 3 3 5 1 3 3 5 2 2 4 0 0 5 0 0 5 0 2 3
split_gain=1659.65 1460.59 1393.91 2588.9 2373.1 7055.02 9358.9 12087.1 9260.06 17444.5 10397 6297.69 6686.14 5331.27 4945.77 4689.71 8295.26 16368.9 5634.64 5119.9 6254.25 6504.4 15387.1 5912.61 5422.4 5015.12 4904.79 4664.04 3932.31 3860.65
threshold=33.650000000000013 880.50000000000011 11.500000000000002 22.500000000000004 14.500000000000002 465.50000000000006 372.50000000000006 68.500000000000014 14.350000000000003 475.50000000000006 64.500000000000014 99.500000000000014 93.500000000000014 78.500000000000014 543.50000000000011 72.500000000000014 46.500000000000007 51.500000000000007 59.500000000000007 59.500000000000007 481.50000000000006 23.450000000000003 24.550000000000004 52.500000000000007 21.650000000000002 28.650000000000002 23.500000000000004 21.250000000000004 56.500000000000007 15.500000000000002
decision_type=2 2 2 2 2 2 2 2 2 2 2 2 2 2 2 2 2 2 2 2 2 2 2 2 2 2 2 2 2 2
left_child=2 -2 3 -1 5 8 7 -7 -4 10 -10 12 15 28 -11 16 19 -18 -17 20 -8 -22 -23 24 26 -26 -21 -25 -13 -24
right_child=1 -3 4 -5 -6 6 11 -9 9 14 -12 13 -14 -15 -16 18 17 -19 -20 23 21 22 29 27 25 -27 -28 -29 -30 -31
leaf_value=-0.57470637673423408 0.094682774094766706 0.57430507567795841 -0.58333957081749321 -0.018346411708594169 -0.0029443545939173512 0.049212833769895416 -0.74974540514605392 -1.5501961963517328 0.69319253212047949 0.34951553606987001 2.0931012585049582 0.68491465300321586 -0.63857015834914321 1.1646892590956255 -0.49026434951358377 1.1790025956928731 0.18827720727239339 -1.4502730978859795 -0.0078671182692050933 0.11282408742801003 0.27514091737016483 -1.1543111808598041 0.09659461852872249 0.25076574222608045 0.58111477022963187 0.046801505712491857 -0.95779638722538951 1.1048550534632899 -0.21110193768143654 -0.39054590559005736
leaf_weight=21 57 22 21 4851 3649 27 28 21 36 50 21 24 36 22 27 20 35 27 20 23 162 32 218 33 68 124 20 31 25 50
leaf_count=21 57 22 21 4851 3649 27 28 21 36 50 21 24 36 22 27 20 35 27 20 23 162 32 218 33 68 124 20 31 25 50
internal_value=-9.68257e-11 0.228248 -0.00185472 -0.0207445 0.0171208 0.0780846 0.031435 -0.650529 0.392894 0.545886 1.20895 0.0642349 0.0294745 0.518078 0.0550473 0.0564662 0.0315965 -0.525285 0.585568 0.0753566 -0.0241381 0.0198381 -0.118025 0.238408 0.122375 0.236037 -0.385139 0.664465 0.227763 0.00571019
internal_weight=9801 79 9722 4872 4850 1201 1046 48 155 134 57 998 927 71 77 891 851 62 40 789 490 462 300 299 235 192 43 64 49 268
internal_count=9801 79 9722 4872 4850 1201 1046 48 155 134 57 998 927 71 77 891 851 62 40 789 490 462 300 299 235 192 43 64 49 268
is_linear=0
shrinkage=0.05


end of trees

feature_importances:
nwp_radiation=838
temperature_2m=599
shortwave_radiation=583
radiation_yesterday=565
nwp_cloud=562
relative_humidity_2m=337
cloud_cover=321
month=210
hour=95

parameters:
[boosting: gbdt]
[objective: regression]
[metric: l1]
[tree_learner: serial]
[device_type: cpu]
[data_sample_strategy: bagging]
[data: ]
[valid: ]
[num_iterations: 1000]
[learning_rate: 0.05]
[num_leaves: 31]
[num_threads: 2]
[seed: 0]
[deterministic: 1]
[force_col_wise: 1]
[force_row_wise: 0]
[histogram_pool_size: -1]
[max_depth: -1]
[min_data_in_leaf: 20]
[min_sum_hessian_in_leaf: 0.001]
[bagging_fraction: 1]
[pos_bagging_fraction: 1]
[neg_bagging_fraction: 1]
[bagging_freq: 0]
[bagging_seed: 7719]
[bagging_by_query: 0]
[feature_fraction: 1]
[feature_fraction_bynode: 1]
[feature_fraction_seed: 2437]
[extra_trees: 0]
[extra_seed: 11797]
[early_stopping_round: 0]
[early_stopping_min_delta: 0]
[first_metric_only: 0]
[max_delta_step: 0]
[lambda_l1: 0]
[lambda_l2: 0]
[linear_lambda: 0]
[min_gain_to_split: 0]
[drop_rate: 0.1]
[max_drop: 50]
[skip_drop: 0.5]
[xgboost_dart_mode: 0]
[uniform_drop: 0]
[drop_seed: 21238]
[top_rate: 0.2]
[other_rate: 0.1]
[min_data_per_group: 100]
[max_cat_threshold: 32]
[cat_l2: 10]
[cat_smooth: 10]
[max_cat_to_onehot: 4]
[top_k: 20]
[monotone_constraints: ]
[monotone_constraints_method: basic]
[monotone_penalty: 0]
[feature_contri: ]
[forcedsplits_filename: ]
[refit_decay_rate: 0.9]
[cegb_tradeoff: 1]
[cegb_penalty_split: 0]
[cegb_penalty_feature_lazy: ]
[cegb_penalty_feature_coupled: ]
[path_smooth: 0]
[interaction_constraints: ]
[verbosity: -1]
[saved_feature_importance_type: 0]
[use_quantized_grad: 0]
[num_grad_quant_bins: 4]
[quant_train_renew_leaf: 0]
[stochastic_rounding: 1]
[linear_tree: 0]
[max_bin: 255]
[max_bin_by_feature: ]
[min_data_in_bin: 3]
[bin_construct_sample_cnt: 200000]
[data_random_seed: 38]
[is_enable_sparse: 1]
[enable_bundle: 1]
[use_missing: 1]
[zero_as_missing: 0]
[feature_pre_filter: 1]
[pre_partition: 0]
[two_round: 0]
[header: 0]
[label_column: ]
[weight_column: ]
[group_column: ]
[ignore_column: ]
[categorical_feature: ]
[forcedbins_filename: ]
[precise_float_parser: 0]
[parser_config_file: ]
[objective_seed: 8855]
[num_class: 1]
[is_unbalance: 0]
[scale_pos_weight: 1]
[sigmoid: 1]
[boost_from_average: 1]
[reg_sqrt: 0]
[alpha: 0.9]
[fair_c: 1]
[poisson_max_delta_step: 0.7]
[tweedie_variance_power: 1.5]
[lambdarank_truncation_level: 30]
[lambdarank_norm: 1]
[label_gain: ]
[lambdarank_position_bias_regularization: 0]
[eval_at: ]
[multi_error_top_k: 1]
[auc_mu_weights: ]
[num_machines: 1]
[local_listen_port: 12400]
[time_out: 120]
[machine_list_filename: ]
[machines: ]
[gpu_platform_id: -1]
[gpu_device_id: -1]
[gpu_device_id_list: ]
[gpu_use_dp: 0]
[num_gpu: 1]

end of parameters

pandas_categorical:[]
