tree
version=v4
num_class=1
num_tree_per_iteration=1
label_index=0
max_feature_idx=8
objective=regression
feature_names=temperature_2m shortwave_radiation relative_humidity_2m cloud_cover nwp_radiation nwp_cloud radiation_yesterday hour month
feature_infos=[1.3999999999999999:36.5] [0:983] [16:100] [0:100] [0:992] [0:100] [0:983] [0:23] [1:12]
tree_sizes=2677 2702 2696 2695 2690 2689 2688 2681 2677 2664 2674 2674 2671 2665 2675 2675 2654 2655 2669 2659 2671 2678 2660 2668 2662 2679 2648 2659 2656 2666 2655 2649 2665 2658 2665 2645 2656 2657 2658 2676 2662 2669 2661 2649 2660 2653 2666 2651 2664 2649 2664 2656 2668 2670 2651 2672 2649 2684 2667 2684 2654 2689 2689 2681 2686 2703 2703 2686 2674 2683 2690 2674 2693 2686 2679 2676 2668 2671 2700 2687 2696 2700 2662 2700 2698 2690 2672 2688 2703 2676 2681 2672 2699 2693 2691 2685 2698 2688 2681 2704 2678 2686 2732 2705 2690 2681 2694 2715 2697 2715 2709 2714 2710 2709 2664 2706 2680 2688 2696 2752 2709 2739 2724 2712 2712 2689 2751 2690 2740 2706 2710 2717 2734 2741 2754 2713 2711 2735 2696 2675 2747 2756 2738 2709 2712

Tree=0
num_leaves=31
num_cat=0
split_feature=4 4 4 4 4 4 4 6 6 1 1 1 6 1 4 4 4 6 6 4 4 4 6 1 1 5 4 8 1 0
split_gain=8.68004e+08 8.05535e+07 5.55804e+07 1.26885e+07 7.88758e+06 3.74113e+06 2.79649e+06 2.2017e+06 1.43844e+06 1.3832e+06 1.14447e+06 1.02958e+06 567054 500436 438873 379896 359883 346988 341224 325153 274820 268233 222256 199220 167127 162546 145902 142354 142092 125031
threshold=324.50000000000006 606.50000000000011 108.50000000000001 777.50000000000011 480.50000000000006 243.50000000000003 35.500000000000007 701.50000000000011 445.50000000000006 886.50000000000011 589.50000000000011 198.50000000000003 331.50000000000006 611.50000000000011 391.50000000000006 838.50000000000011 687.50000000000011 830.50000000000011 712.50000000000011 540.50000000000011 156.50000000000003 702.50000000000011 82.500000000000014 468.50000000000006 10.500000000000002 99.500000000000014 364.50000000000006 5.5000000000000009 373.50000000000006 29.550000000000004
decision_type=2 2 2 2 2 2 2 2 2 2 2 2 2 2 2 2 2 2 2 2 2 2 2 2 2 2 2 2 2 2
left_child=2 4 6 7 8 11 24 16 14 15 19 20 -7 26 28 29 -3 21 25 -6 -4 27 -8 -14 -1 -12 -10 -9 -2 -5
right_child=1 3 5 9 10 12 22 17 13 -11 18 -13 23 -15 -16 -17 -18 -19 -20 -21 -22 -23 -24 -25 -26 -27 -28 -29 -30 -31
leaf_value=213.16226440723125 230.52562346470981 244.73760341797853 219.84872186645583 252.63511482817043 238.36551052158606 226.7977311245414 216.10260602472081 246.87506722100179 233.15767170657151 258.70364130020528 243.17308138321221 224.45633964857254 229.55035461727621 241.9349696745719 234.08621336074467 256.12502806047195 247.74603787422959 253.92449331295231 247.70548285210126 240.79150638760217 222.26902129124468 250.8135420707909 218.14015057582657 233.97454816794891 214.29889285429445 239.27938652845847 236.33894512756052 249.66066406589158 232.57182915236086 254.8948610665077
leaf_weight=5949 186 349 245 187 320 324 422 87 41 350 198 401 142 39 297 229 139 58 39 243 225 273 196 31 342 31 298 97 156 91
leaf_count=5949 186 349 245 187 320 324 422 87 41 350 198 401 142 39 297 229 139 58 39 243 225 273 196 31 342 31 298 97 156 91
internal_value=224.369 244.473 215.363 251.818 237.079 224.57 213.539 248.001 234.126 256.286 240.693 222.595 228.032 236.571 232.68 254.617 245.595 250.281 243.382 239.413 221.007 249.819 216.749 230.343 213.224 242.646 235.954 248.344 231.459 253.375
internal_weight=11985 3708 8277 1860 1848 1368 6909 1003 1017 857 831 871 497 378 639 507 488 515 268 563 470 457 618 173 6291 229 339 184 342 278
internal_count=11985 3708 8277 1860 1848 1368 6909 1003 1017 857 831 871 497 378 639 507 488 515 268 563 470 457 618 173 6291 229 339 184 342 278
is_linear=0
shrinkage=1


Tree=1
num_leaves=31
num_cat=0
split_feature=4 4 4 4 4 4 4 6 1 1 6 6 6 4 6 4 4 4 1 6 4 6 4 1 6 5 1 8 1 1
split_gain=7.83373e+08 7.27028e+07 5.01613e+07 1.17663e+07 6.82941e+06 3.37637e+06 2.52383e+06 2.07516e+06 1.24833e+06 1.20542e+06 1.05527e+06 932690 511767 383622 366307 347690 342856 337941 320372 314291 243640 202810 187648 179796 151461 141420 136951 130854 129850 129110
threshold=324.50000000000006 600.50000000000011 108.50000000000001 777.50000000000011 470.50000000000006 243.50000000000003 35.500000000000007 701.50000000000011 886.50000000000011 570.50000000000011 445.50000000000006 189.50000000000003 331.50000000000006 530.50000000000011 712.50000000000011 391.50000000000006 838.50000000000011 687.50000000000011 611.50000000000011 830.50000000000011 702.50000000000011 75.500000000000014 156.50000000000003 468.50000000000006 10.500000000000002 99.500000000000014 643.50000000000011 5.5000000000000009 237.50000000000003 385.50000000000006
decision_type=2 2 2 2 2 2 2 2 2 2 2 2 2 2 2 2 2 2 2 2 2 2 2 2 2 2 2 2 2 2
left_child=2 4 6 7 10 11 24 17 16 13 15 22 -7 -6 25 29 -5 26 -12 20 27 -8 -4 -14 -1 -11 -3 -9 -13 -2
right_child=1 3 5 8 9 12 21 19 -10 14 18 28 23 -15 -16 -17 -18 -19 -20 -21 -22 -23 -24 -25 -26 -27 -28 -29 -30 -31
leaf_value=-10.645961124645089 6.0076172989797385 18.496372260334336 -4.2480760446444217 27.555719628093915 12.531825502866354 2.3074900443539206 -7.9780410612368513 21.376532142812557 32.618105019705638 17.295628599188795 10.817416187315374 -0.78967630830327828 4.9224822990281485 15.203469246120775 21.964152011871338 9.1358745767452092 30.168422429738612 22.208381813378644 16.239918206532796 28.077912962025607 25.122509931906677 -6.1288871356832839 -2.1254635032680298 9.1254661313949086 -9.5578971907937316 14.102931940555573 20.451656373754727 24.032759966169085 0.95038744102525452 8.0319778954110497
leaf_weight=5953 219 214 247 278 312 324 371 88 350 261 296 263 142 236 40 270 229 139 30 58 273 247 180 31 338 40 154 98 181 123
leaf_count=5953 219 214 247 278 312 324 371 88 350 261 296 263 142 236 40 270 229 139 30 58 273 247 180 31 338 40 154 98 181 123
internal_value=1.22941e-07 19.0986 -8.55596 25.9986 11.9947 0.19151 -10.288 22.3809 30.3213 15.1347 9.01859 -1.68487 3.4799 13.6824 17.4687 7.79459 28.7358 20.108 11.3164 24.6099 24.1717 -7.23898 -3.3533 5.67562 -10.5875 16.8713 19.3146 22.7761 -0.080326 6.73568
internal_weight=11985 3708 8277 1881 1827 1368 6909 1024 857 889 938 871 497 548 341 612 507 507 326 517 459 618 427 173 6291 301 368 186 444 342
internal_count=11985 3708 8277 1881 1827 1368 6909 1024 857 889 938 871 497 548 341 612 507 507 326 517 459 618 427 173 6291 301 368 186 444 342
is_linear=0
shrinkage=0.05


Tree=2
num_leaves=31
num_cat=0
split_feature=4 4 4 4 4 4 4 6 1 1 1 1 6 1 4 4 4 6 6 4 4 4 1 6 4 5 5 1 6 0
split_gain=7.06994e+08 6.56143e+07 4.52706e+07 1.06191e+07 6.16561e+06 3.04717e+06 2.27776e+06 1.87283e+06 1.18676e+06 1.12662e+06 870808 851115 469176 392423 382481 309428 304992 284277 275766 251456 222106 214323 187578 184094 137768 125777 124369 124345 115672 112841
threshold=324.50000000000006 600.50000000000011 108.50000000000001 777.50000000000011 480.50000000000006 243.50000000000003 35.500000000000007 701.50000000000011 445.50000000000006 886.50000000000011 589.50000000000011 198.50000000000003 310.50000000000006 611.50000000000011 384.50000000000006 838.50000000000011 687.50000000000011 834.50000000000011 712.50000000000011 540.50000000000011 152.50000000000003 702.50000000000011 468.50000000000006 82.500000000000014 12.500000000000002 93.500000000000014 67.500000000000014 646.50000000000011 355.50000000000006 29.550000000000004
decision_type=2 2 2 2 2 2 2 2 2 2 2 2 2 2 2 2 2 2 2 2 2 2 2 2 2 2 2 2 2 2
left_child=2 4 6 7 8 11 24 16 14 15 19 20 -7 -10 28 29 27 21 25 -6 -4 -9 -14 -8 -1 -12 -18 -3 -2 -5
right_child=1 3 5 9 10 12 23 17 13 -11 18 -13 22 -15 -16 -17 26 -19 -20 -21 -22 -23 -24 -25 -26 -27 -28 -29 -30 -31
leaf_value=-10.110942907489505 5.1806623297579151 17.620349384409135 -4.1785416768391928 25.475217115432823 12.630425172746182 1.9700039252112274 -7.4651505646547438 21.678491913188591 10.537665153271297 30.987199850899835 16.93948541919837 0.091494463320979463 4.4632630395107586 15.739838381511412 8.6800584986257157 28.659999638978054 21.711103186086447 26.885457501044641 21.008623303865136 14.779144774811179 -2.0027110779163788 23.867705651152907 8.6691926648539877 -5.6107671393575718 -9.0215461230668872 13.735588730992498 17.449779491424561 19.508386399712364 7.1270116767664069 27.62197731772622
leaf_weight=5986 136 226 225 187 320 283 422 187 313 350 178 401 183 41 353 229 119 52 38 237 245 278 31 196 305 37 20 142 174 91
leaf_count=5986 136 226 225 187 320 283 422 187 313 350 178 401 183 41 353 229 119 52 38 237 245 278 31 196 305 37 20 142 174 91
internal_value=1.93005e-07 18.1437 -8.12816 24.6987 11.3949 0.181935 -9.77358 21.2619 8.80271 28.8053 14.6496 -1.60063 3.3059 11.1402 7.55465 27.299 19.1026 23.3794 17.0821 13.5447 -3.04433 22.9873 5.07253 -6.87703 -10.0581 16.3881 21.098 18.3489 6.27313 26.1779
internal_weight=11985 3708 8277 1881 1827 1368 6909 1024 1017 857 810 871 497 354 663 507 507 517 253 557 470 465 214 618 6291 215 139 368 310 278
internal_count=11985 3708 8277 1881 1827 1368 6909 1024 1017 857 810 871 497 354 663 507 507 517 253 557 470 465 214 618 6291 215 139 368 310 278
is_linear=0
shrinkage=0.05


Tree=3
num_leaves=31
num_cat=0
split_feature=4 4 4 4 4 4 4 6 6 1 1 6 6 1 4 4 4 6 6 4 4 1 4 6 1 1 4 1 5 8
split_gain=6.38062e+08 5.92175e+07 4.08567e+07 9.32634e+06 5.81254e+06 2.75007e+06 2.05567e+06 1.61792e+06 1.08335e+06 1.01678e+06 851408 773065 423959 367552 333629 279259 264357 256201 249737 239637 197555 175196 172950 141780 137402 137198 126421 124777 121958 115902
threshold=324.50000000000006 606.50000000000011 108.50000000000001 777.50000000000011 480.50000000000006 243.50000000000003 35.500000000000007 701.50000000000011 445.50000000000006 886.50000000000011 589.50000000000011 181.50000000000003 305.50000000000006 611.50000000000011 403.50000000000006 838.50000000000011 687.50000000000011 830.50000000000011 712.50000000000011 548.50000000000011 702.50000000000011 471.50000000000006 68.500000000000014 237.50000000000003 373.50000000000006 150.50000000000003 364.50000000000006 12.500000000000002 99.500000000000014 5.5000000000000009
decision_type=2 2 2 2 2 2 2 2 2 2 2 2 2 2 2 2 2 2 2 2 2 2 2 2 2 2 2 2 2 2
left_child=2 4 6 7 8 11 27 16 14 15 19 25 -7 26 24 -5 -3 20 28 -6 29 -14 -8 -13 -2 -4 -10 -1 -12 -9
right_child=1 3 5 9 10 12 22 17 13 -11 18 23 21 -15 -16 -17 -18 -19 -20 -21 -22 -23 -24 -25 -26 -27 -28 -29 -30 -31
leaf_value=-9.6060026860316867 5.3346990209672516 17.464635358225649 -4.0853351190172393 24.869036637450293 12.12365459890577 1.8124151855351074 -7.3019651691949194 19.228208327293398 7.3523880644542423 29.437837718418667 16.145855782248756 -0.88671164834131933 4.2310257918906933 15.08109980852176 8.625801266607267 27.227000754577105 20.043064097534838 25.347240382227405 20.01770457732372 14.274316540330943 22.672998222937952 8.5245026058620876 -5.6231287873675884 0.85982440860623532 7.1698481995483938 -2.1975012688363189 10.313665236402679 -8.5787761160798404 12.773136648439593 21.741713392120047
leaf_weight=5980 205 349 203 278 361 272 335 87 41 350 198 292 198 39 231 229 139 58 39 202 273 27 283 193 203 183 298 311 31 97
leaf_count=5980 205 349 203 278 361 272 335 87 41 350 198 292 198 39 231 229 139 58 39 202 273 27 283 193 203 183 298 311 31 97
internal_value=-1.69948e-07 17.2365 -7.72175 23.5347 10.8974 0.172838 -9.2849 20.262 8.36257 27.365 13.9995 -1.5206 3.14061 10.4843 7.10744 25.9341 18.1991 22.2168 16.3192 12.8953 21.8195 4.74624 -6.53318 -0.191698 6.24778 -3.19033 9.95552 -9.55522 15.6893 20.5533
internal_weight=11985 3708 8277 1860 1848 1368 6909 1003 1017 857 831 871 497 378 639 507 488 515 268 563 457 225 618 485 408 386 339 6291 229 184
internal_count=11985 3708 8277 1860 1848 1368 6909 1003 1017 857 831 871 497 378 639 507 488 515 268 563 457 225 618 485 408 386 339 6291 229 184
is_linear=0
shrinkage=0.05


Tree=4
num_leaves=31
num_cat=0
split_feature=4 4 4 4 4 4 6 4 6 1 6 1 6 6 4 4 4 6 6 4 4 0 1 4 4 8 1 8 4 1
split_gain=5.75851e+08 5.34572e+07 3.68922e+07 8.64573e+06 5.0618e+06 2.8195e+06 1.52394e+06 1.48657e+06 1.18167e+06 917641 873196 558727 383593 382713 323238 255289 253681 240839 237532 197535 178013 165908 135121 129510 125386 107517 102097 100386 99890.4 92679
threshold=324.50000000000006 600.50000000000011 98.500000000000014 777.50000000000011 447.50000000000006 194.50000000000003 701.50000000000011 29.500000000000004 555.50000000000011 886.50000000000011 284.50000000000006 404.50000000000006 712.50000000000011 165.50000000000003 530.50000000000011 650.50000000000011 854.50000000000011 538.50000000000011 869.50000000000011 711.50000000000011 253.50000000000003 26.450000000000003 468.50000000000006 371.50000000000006 62.500000000000007 5.5000000000000009 471.50000000000006 5.5000000000000009 930.50000000000011 765.50000000000011
decision_type=2 2 2 2 2 2 2 2 2 2 2 2 2 2 2 2 2 2 2 2 2 2 2 2 2 2 2 2 2 2
left_child=2 4 7 6 11 13 15 -1 14 16 20 23 21 -4 26 -3 25 -13 19 27 -7 -10 -12 -2 -9 -5 -6 -8 -11 -21
right_child=1 3 5 9 8 10 18 24 12 28 22 17 -14 -15 -16 -17 -18 -19 -20 29 -22 -23 -24 -25 -26 -27 -28 -29 -30 -31
leaf_value=-9.0903191594309565 5.0107429185666534 15.976287721197702 -3.7956547058658838 23.109127945475059 9.5573530145259724 -0.15723072292324836 18.609840880348568 -7.1757234945669559 13.167774858823638 27.416726576022018 3.5371740606458788 8.1290840804576874 19.056846609982578 -1.2594682623364708 12.82100169704956 18.236654119508369 26.198243739993075 11.787892019748689 25.666022406684029 20.87279234721743 1.7734935967145498 15.294247367583125 6.7125822744871444 6.8063351573798592 -5.7456592297889824 24.939883239287184 11.124805208206176 20.766481375479486 29.265065530630263 22.71507852243823
leaf_weight=6234 190 223 324 202 193 313 105 333 205 246 283 333 44 275 206 284 172 52 27 145 193 166 38 213 284 133 225 111 104 129
leaf_count=6234 190 223 324 202 193 313 105 333 205 246 283 333 44 275 206 284 172 52 27 145 193 166 38 213 284 133 225 111 104 129
internal_value=-1.19699e-07 16.3747 -7.33567 22.2914 10.2831 -0.0189176 19.1903 -8.85861 12.5751 25.9968 1.87324 7.2611 14.6427 -2.6313 11.2 17.2424 24.6374 8.62326 21.1004 20.8488 0.579192 14.1192 3.91308 5.95978 -6.51748 23.836 10.4011 19.7181 27.9659 21.7401
internal_weight=11985 3708 8277 1881 1827 1426 1024 6851 1039 857 827 788 415 599 624 507 507 385 517 490 506 371 321 403 617 335 418 216 350 274
internal_count=11985 3708 8277 1881 1827 1426 1024 6851 1039 857 827 788 415 599 624 507 507 385 517 490 506 371 321 403 617 335 418 216 350 274
is_linear=0
shrinkage=0.05


Tree=5
num_leaves=31
num_cat=0
split_feature=4 4 4 4 4 4 6 4 6 1 6 6 6 6 4 4 6 4 4 1 4 0 4 4 0 1 5 6 0 1
split_gain=5.19739e+08 5.10541e+07 3.01524e+07 7.80661e+06 5.238e+06 2.18064e+06 1.4415e+06 1.3424e+06 1.06646e+06 768646 665851 663544 346668 346193 291722 238965 226962 218893 206299 201951 183532 149732 125955 123051 109457 107803 101196 99901.3 95818.3 94384.9
threshold=313.50000000000006 600.50000000000011 98.500000000000014 782.50000000000011 447.50000000000006 194.50000000000003 701.50000000000011 27.500000000000004 555.50000000000011 886.50000000000011 430.50000000000006 284.50000000000006 161.50000000000003 712.50000000000011 530.50000000000011 687.50000000000011 878.50000000000011 368.50000000000006 854.50000000000011 611.50000000000011 711.50000000000011 26.450000000000003 59.500000000000007 253.50000000000003 24.550000000000004 643.50000000000011 67.500000000000014 404.50000000000006 17.650000000000002 932.50000000000011
decision_type=2 2 2 2 2 2 2 2 2 2 2 2 2 2 2 2 2 2 2 2 2 2 2 2 2 2 2 2 2 2
left_child=2 4 7 6 10 12 15 -1 14 18 17 23 -4 21 28 25 20 -2 24 -12 -8 -10 -9 -7 -5 -3 -17 -13 -6 -11
right_child=1 3 5 9 8 11 16 22 13 29 19 27 -14 -15 -16 26 -18 -19 -20 -21 -22 -23 -24 -25 -26 -27 -28 -29 -30 -31
leaf_value=-8.6409282283684643 4.6380997104663049 14.993828370637983 -3.6767584866168459 21.788525720411734 8.8898543628005253 -0.14936918726268286 18.780008892599309 -6.9161522541676197 12.509385931782607 25.911165187043963 8.2757024911552559 2.9290052395745327 -1.2704795607934634 18.104004062305798 12.179951215947717 18.711560962580833 24.754536987304689 6.5851208240993246 24.888332161792491 13.074884494145714 20.692012461857733 14.52953492187592 -5.5156637840886269 1.5091847015865918 23.655735322964269 16.72860263601526 14.946850615455993 5.0639615913490204 10.459205594929783 27.595024610087819
leaf_weight=6208 261 214 306 155 154 313 219 333 205 212 253 190 293 44 206 119 25 323 172 24 294 166 310 174 159 154 21 77 264 137
leaf_count=6208 261 214 306 155 154 313 219 333 205 212 253 190 293 44 206 119 25 323 172 24 294 166 310 174 159 154 21 77 264 137
internal_value=-1.95779e-07 15.3374 -7.06861 21.1768 9.55649 -0.24764 18.2988 -8.41568 11.9463 24.782 6.67258 1.54149 -2.49973 13.9106 10.64 16.3887 20.1025 5.71496 23.4965 8.69152 19.8758 13.4133 -6.24096 0.443215 22.734 15.7198 18.1469 3.5447 9.88102 26.5722
internal_weight=11985 3781 8204 1881 1900 1353 1046 6851 1039 835 861 754 599 415 624 508 538 584 486 277 513 371 643 487 314 368 140 267 418 349
internal_count=11985 3781 8204 1881 1900 1353 1046 6851 1039 835 861 754 599 415 624 508 538 584 486 277 513 371 643 487 314 368 140 267 418 349
is_linear=0
shrinkage=0.05


Tree=6
num_leaves=31
num_cat=0
split_feature=4 4 4 4 4 4 4 6 1 6 1 1 6 6 4 1 5 6 4 4 4 4 6 4 0 6 4 6 1 0
split_gain=4.69076e+08 4.3581e+07 3.00469e+07 6.21551e+06 4.97252e+06 2.03945e+06 1.51417e+06 1.10004e+06 823768 743985 568401 518927 472267 367491 344368 212156 200355 230148 182940 179145 154686 154122 140498 126909 124879 124481 123419 112487 97787.8 93167
threshold=324.50000000000006 641.50000000000011 108.50000000000001 480.50000000000006 796.50000000000011 230.50000000000003 39.500000000000007 565.00000000000011 468.50000000000006 720.50000000000011 896.50000000000011 193.50000000000003 712.50000000000011 305.50000000000006 403.50000000000006 611.50000000000011 99.500000000000014 830.50000000000011 580.50000000000011 548.50000000000011 696.50000000000011 857.50000000000011 383.50000000000006 134.50000000000003 26.450000000000003 92.500000000000014 10.500000000000002 331.50000000000006 772.50000000000011 25.350000000000005
decision_type=2 2 2 2 2 2 2 2 2 2 2 2 2 2 2 2 2 2 2 2 2 2 2 2 2 2 2 2 2 2
left_child=2 3 6 8 9 11 26 19 14 20 21 23 18 -7 22 -10 17 -11 24 -5 -3 29 -2 -4 -9 -8 -1 -13 -14 -6
right_child=1 4 5 7 10 13 25 12 15 16 -12 27 28 -15 -16 -17 -18 -19 -20 -21 -22 -23 -24 -25 -26 -27 -28 -29 -30 -31
leaf_value=-8.2409539840365422 4.6125502467662729 15.836439824311629 -3.9055944902309472 10.245893204966679 21.063514880200369 1.3515970160527264 -5.9231702652652709 11.457128035120604 8.9914162108595956 19.378529791121789 25.502343704223634 -0.41465753998837951 16.355673874307563 3.9133040822854563 7.6255586866421998 12.919070606696899 16.006884771254331 22.411980843861897 14.579012419466387 12.179239045863326 17.853494159086249 23.789457743155523 6.3728126290181999 -2.0734788848161698 13.811113874488903 -4.1829522355158524 -7.2925718894371618 2.2621550419595509 19.878928449076994 22.920518016815187
leaf_weight=5960 235 230 138 316 143 340 452 119 213 376 300 307 54 238 309 41 36 75 228 193 162 193 219 300 107 133 364 45 31 128
leaf_count=5960 235 230 138 316 143 340 452 119 213 376 300 307 54 238 309 41 36 75 228 193 162 193 219 300 107 133 364 45 31 128
internal_value=-1.05827e-07 14.7788 -6.62073 9.94368 20.8558 0.149408 -7.96124 12.6459 7.15904 18.2914 23.8063 -1.50192 14.2201 2.40642 6.338 9.62541 19.5965 19.883 13.5797 10.979 16.67 22.7096 5.46166 -2.65072 12.5716 -5.52753 -8.18637 -0.0724514 17.6406 21.9406
internal_weight=11985 3708 8277 2065 1643 1368 6909 1048 1017 879 764 790 539 578 763 254 487 451 454 509 392 464 454 438 226 585 6324 352 85 271
internal_count=11985 3708 8277 2065 1643 1368 6909 1048 1017 879 764 790 539 578 763 254 487 451 454 509 392 464 454 438 226 585 6324 352 85 271
is_linear=0
shrinkage=0.05


Tree=7
num_leaves=31
num_cat=0
split_feature=4 4 4 4 4 4 6 6 1 4 1 6 4 6 1 4 6 0 4 4 6 8 8 1 5 5 4 4 1 3
split_gain=4.23385e+08 4.24179e+07 2.36547e+07 6.37819e+06 4.47414e+06 1.68364e+06 1.09983e+06 1.00068e+06 880977 829354 607829 507125 305168 285992 247481 226092 192931 178460 168807 162422 145231 133700 127857 118898 117399 93978.4 93248.9 91096.9 89089.5 84448.3
threshold=307.50000000000006 600.50000000000011 98.500000000000014 763.50000000000011 447.50000000000006 194.50000000000003 25.500000000000004 701.50000000000011 570.50000000000011 838.50000000000011 404.50000000000006 284.50000000000006 530.50000000000011 165.50000000000003 772.50000000000011 922.50000000000011 538.50000000000011 19.950000000000003 351.50000000000006 650.50000000000011 830.50000000000011 4.5000000000000009 5.5000000000000009 61.500000000000007 96.500000000000014 37.500000000000007 702.50000000000011 253.50000000000003 650.50000000000011 19.500000000000004
decision_type=2 2 2 2 2 2 2 2 2 2 2 2 2 2 2 2 2 2 2 2 2 2 2 2 2 2 2 2 2 2
left_child=2 4 6 7 10 13 -1 19 12 21 18 27 -6 -4 24 22 -12 -9 -2 -3 26 -5 -11 -8 28 -23 -19 -7 -10 -26
right_child=1 3 5 9 8 11 23 17 14 15 16 -13 -14 -15 -16 -17 -18 20 -20 -21 -22 25 -24 -25 29 -27 -28 -29 -30 -31
leaf_value=-7.8049960361743267 3.6359575657675109 13.684027256505907 -3.271759665821806 19.132241140454024 8.9654807877753946 -0.13609907712323219 -6.2624181477811334 15.721711962563653 12.421000227739107 21.879038287318032 6.9622401128298996 3.1552432053364239 11.187972852335138 -1.0793503696066962 17.704409297307333 24.981391174316407 10.176280097608213 17.063336516751185 5.5313323790674769 15.507426763463904 21.292965236463047 19.996903512942364 23.690791903720815 -4.9248203118642175 11.857938194274903 22.01544634183248 18.725161234537762 1.307237548593964 14.697730117473961 7.7162528516724711
leaf_weight=6175 197 223 324 151 447 313 382 77 227 215 345 247 236 275 24 150 54 144 291 270 38 111 178 294 32 120 204 168 53 20
leaf_count=6175 197 223 324 151 447 313 382 77 227 215 345 247 236 275 24 150 54 144 291 270 38 111 178 294 32 120 204 168 53 20
internal_value=-1.81472e-07 13.7737 -6.4119 19.1143 8.55792 -0.301816 -7.59539 16.2503 10.7846 22.0742 5.94971 1.31368 9.73343 -2.26523 12.8012 23.33 7.39722 17.9196 4.76619 14.6826 18.358 20.2892 22.6996 -5.68068 12.4468 21.0455 18.0375 0.368018 12.852 10.265
internal_weight=11985 3807 8178 1881 1926 1327 6851 956 1039 925 887 728 683 599 356 543 399 463 488 493 386 382 393 676 332 231 348 481 280 52
internal_count=11985 3807 8178 1881 1926 1327 6851 956 1039 925 887 728 683 599 356 543 399 463 488 493 386 382 393 676 332 231 348 481 280 52
is_linear=0
shrinkage=0.05


Tree=8
num_leaves=31
num_cat=0
split_feature=4 4 4 4 4 4 1 6 6 4 6 6 6 6 1 4 4 4 0 6 1 0 4 0 4 4 1 0 4 6
split_gain=3.82114e+08 3.75459e+07 2.21556e+07 5.76142e+06 3.86144e+06 1.61476e+06 995188 965631 802802 660624 511210 492529 264061 258993 222272 202476 166213 163243 160754 175058 153289 122507 110372 105276 96637.6 89072.2 86848.9 85614.3 82880.9 81368.9
threshold=313.50000000000006 600.50000000000011 98.500000000000014 771.50000000000011 447.50000000000006 194.50000000000003 25.500000000000004 701.50000000000011 551.50000000000011 877.50000000000011 430.50000000000006 291.50000000000006 712.50000000000011 161.50000000000003 878.50000000000011 530.50000000000011 664.50000000000011 368.50000000000006 19.950000000000003 830.50000000000011 611.50000000000011 26.450000000000003 59.500000000000007 29.850000000000005 262.50000000000006 930.50000000000011 858.50000000000011 17.450000000000003 702.50000000000011 626.50000000000011
decision_type=2 2 2 2 2 2 2 2 2 2 2 2 2 2 2 2 2 2 2 2 2 2 2 2 2 2 2 2 2 2
left_child=2 4 6 7 10 13 -1 16 15 14 17 24 21 -4 23 27 29 -2 -9 28 -12 -10 -8 26 -7 -11 -5 -6 -20 -3
right_child=1 3 5 9 8 11 22 18 12 25 20 -13 -14 -15 -16 -17 -18 -19 19 -21 -22 -23 -24 -25 -26 -27 -28 -29 -30 -31
leaf_value=-7.4156589197737732 3.948247390688608 12.420824042061307 -3.1693246171754952 19.242234926793117 7.4351994974150077 -0.016065381913157935 -5.9798590480640375 15.090700475181022 10.699068701855087 22.24262055613778 7.1240402949186183 3.1346193078504618 15.569266644391147 -1.0894695030747827 21.809495232322 10.390992435301193 15.066036079964547 5.6296537811173009 16.21016904513041 20.386858692575011 11.305222765604656 12.495708037416142 -4.700161122704869 20.737605225936228 1.5171340175386934 23.945355871168235 16.405410982767744 8.9605588848976527 17.74633383009169 14.103678607244561
leaf_weight=6171 261 151 306 268 139 359 372 82 218 220 253 251 44 293 132 198 212 323 144 47 24 168 308 115 144 118 30 272 225 137
leaf_count=6171 261 151 306 268 139 359 372 82 218 220 253 251 44 293 132 198 212 323 144 47 24 168 308 115 144 118 30 272 225 137
internal_value=1.04856e-07 13.1509 -6.06091 18.1586 8.19341 -0.213998 -7.21562 15.5557 10.2453 21.1004 5.71728 1.32558 11.8994 -2.15197 20.0234 9.07747 14.0035 4.8782 17.1141 17.5129 7.48631 11.481 -5.40023 19.4526 0.422862 22.8371 18.9566 8.44468 17.1469 13.2213
internal_weight=11985 3781 8204 1881 1900 1353 6851 998 1039 883 861 754 430 599 545 609 500 584 498 416 277 386 680 413 503 338 298 411 369 288
internal_count=11985 3781 8204 1881 1900 1353 6851 998 1039 883 861 754 430 599 545 609 500 584 498 416 277 386 680 413 503 338 298 411 369 288
is_linear=0
shrinkage=0.05


Tree=9
num_leaves=31
num_cat=0
split_feature=4 4 4 4 4 6 4 1 6 6 1 1 4 4 6 4 5 6 4 6 1 5 4 6 1 4 4 8 1 5
split_gain=3.44869e+08 3.20456e+07 2.21132e+07 4.6155e+06 3.69644e+06 1.41378e+06 1.34572e+06 761496 720865 542638 430955 345279 342932 286140 224558 170885 153754 166612 147028 135064 123115 117618 116130 111320 109930 108972 104279 92959.2 90754.1 75380.8
threshold=324.50000000000006 641.50000000000011 116.50000000000001 492.50000000000006 796.50000000000011 246.50000000000003 42.500000000000007 468.50000000000006 668.50000000000011 738.50000000000011 896.50000000000011 589.50000000000011 183.50000000000003 403.50000000000006 345.50000000000006 696.50000000000011 99.500000000000014 878.50000000000011 548.50000000000011 113.50000000000001 611.50000000000011 99.500000000000014 918.50000000000011 383.50000000000006 772.50000000000011 6.5000000000000009 271.50000000000006 5.5000000000000009 442.50000000000006 67.500000000000014
decision_type=2 2 2 2 2 2 2 2 2 2 2 2 2 2 2 2 2 2 2 2 2 2 2 2 2 2 2 2 2 2
left_child=2 3 6 7 9 12 25 13 11 15 22 18 -4 23 -7 -3 17 -11 -5 -8 -9 -13 27 -2 -10 -1 -16 -6 -28 -17
right_child=1 4 5 8 10 14 19 20 24 16 -12 21 -14 -15 26 29 -18 -19 -20 -21 -22 -23 -24 -25 -26 -27 28 -29 -30 -31
leaf_value=-7.0730266284181766 3.8992629304274602 13.566873884201051 -2.2338466934859755 8.956827524109805 18.718423017211585 1.4446963610148498 -4.8711946920584177 7.9470672791901649 13.521232938329016 16.963962997954308 21.903732478936515 12.13606419298384 -0.10646282106858998 6.59327783264765 2.0914213106624393 15.81200863159809 13.740732338849236 21.035921789098669 10.622887963032035 -2.7744897121853302 10.631346888635674 8.2513289474305651 22.654326036241322 5.4661169822901901 16.742025566101074 -6.2731691422805298 3.6377318095974625 20.230206185098023 6.73791126087308 12.658391160056706
leaf_weight=5891 235 242 364 291 276 356 524 263 109 361 300 270 395 328 76 194 34 27 243 90 51 21 27 219 35 459 90 161 32 21
leaf_count=5891 235 242 364 291 276 356 524 263 109 361 300 270 395 328 76 194 34 27 243 90 51 21 27 219 35 459 90 161 32 21
internal_value=-1.11309e-07 12.672 -5.6769 8.52585 17.883 0.275016 -6.79908 6.30317 11.0398 15.672 20.4269 10.4701 -1.12671 5.46803 2.19543 14.4782 16.9648 17.2473 9.71498 -4.56386 8.38305 11.8557 19.472 4.65508 14.3041 -7.01521 3.54524 19.2754 4.45089 15.504
internal_weight=11985 3708 8277 2065 1643 1313 6964 1096 969 879 764 825 759 782 554 457 422 388 534 614 314 291 464 454 144 6350 198 437 122 215
internal_count=11985 3708 8277 2065 1643 1313 6964 1096 969 879 764 825 759 782 554 457 422 388 534 614 314 291 464 454 144 6350 198 437 122 215
is_linear=0
shrinkage=0.05


Tree=10
num_leaves=31
num_cat=0
split_feature=4 4 4 4 4 1 6 6 4 6 1 4 6 6 1 6 6 0 4 0 4 1 8 4 4 5 6 4 1 4
split_gain=3.11296e+08 3.12144e+07 1.73808e+07 4.83459e+06 3.17833e+06 1.24792e+06 812067 797470 636169 635138 463824 392368 241343 178027 172935 153072 147567 139951 132967 127671 127098 107058 103611 100657 86596.3 78349.8 75987.6 75747.3 65706.3 64473.1
threshold=307.50000000000006 597.50000000000011 98.500000000000014 763.50000000000011 447.50000000000006 232.50000000000003 31.500000000000004 668.50000000000011 838.50000000000011 538.50000000000011 404.50000000000006 165.50000000000003 712.50000000000011 331.50000000000006 906.50000000000011 750.50000000000011 538.50000000000011 19.950000000000003 521.50000000000011 26.450000000000003 351.50000000000006 862.50000000000011 4.5000000000000009 641.50000000000011 267.50000000000006 37.500000000000007 64.500000000000014 271.50000000000006 129.50000000000003 814.50000000000011
decision_type=2 2 2 2 2 2 2 2 2 2 2 2 2 2 2 2 2 2 2 2 2 2 2 2 2 2 2 2 2 2
left_child=2 4 6 7 10 11 -1 23 22 18 20 28 19 -7 -10 -9 -12 -17 -6 -11 -2 -19 29 -3 -13 -24 -8 -15 -4 -5
right_child=1 3 5 8 9 13 26 15 14 12 16 24 -14 27 -16 17 -18 21 -20 -21 -22 -23 25 -25 -26 -27 -28 -29 -30 -31
leaf_value=-6.6826681832972303 3.0841236503898797 11.309798583984374 -3.45203298591986 15.65592060157886 7.4852330972860148 0.99024948682629754 -5.2685715888528266 14.292607439093215 19.246833649803612 9.4395398338960135 5.9827477883785107 -0.66039384135546597 14.07161621451378 1.8792013505610026 21.046023902410194 12.972200982230049 8.7936383220884533 16.040145517672812 9.1285314724009528 11.196210155806728 4.7287623468133591 19.858150177001956 17.077294798155091 12.896123568163979 2.267621954282125 18.920368711153667 -4.1450405576052489 4.0154954903315581 -2.1150286754765371 17.88734439281707
leaf_weight=6241 197 180 164 104 364 371 340 293 306 245 345 390 44 82 237 35 54 224 186 179 291 20 111 225 27 120 270 84 209 47
leaf_count=6241 197 180 164 104 364 371 340 293 306 245 345 390 44 82 237 35 54 224 186 179 291 20 111 225 27 120 270 84 209 47
internal_value=-6.41554e-08 11.8105 -5.49801 16.3416 7.28663 -0.26053 -6.51248 13.8887 18.9323 9.19302 5.0987 -1.52469 10.5469 1.59922 20.0321 15.0908 6.36317 15.929 8.04097 10.1812 4.06484 16.3531 17.369 12.1911 -0.47081 18.0347 -4.77127 2.96022 -2.70288 16.3505
internal_weight=11985 3807 8178 1902 1905 1327 6851 977 925 1018 887 790 468 537 543 572 399 279 550 424 488 244 382 405 417 231 610 166 373 151
internal_count=11985 3807 8178 1902 1905 1327 6851 977 925 1018 887 790 468 537 543 572 399 279 550 424 488 244 382 405 417 231 610 166 373 151
is_linear=0
shrinkage=0.05


Tree=11
num_leaves=31
num_cat=0
split_feature=4 4 4 4 4 4 6 4 6 4 6 6 6 6 1 6 1 4 4 5 0 1 5 1 4 4 0 0 0 1
split_gain=2.80945e+08 2.8171e+07 1.56861e+07 4.36426e+06 2.86845e+06 1.1378e+06 821388 739872 573212 436228 421938 350132 217812 197609 152292 144329 138879 138343 123130 116342 115524 113818 98527.6 92107.3 83675 79236.6 76423.1 75466.4 73455.6 71288.1
threshold=307.50000000000006 597.50000000000011 98.500000000000014 782.50000000000011 447.50000000000006 194.50000000000003 701.50000000000011 23.500000000000004 538.50000000000011 877.50000000000011 430.50000000000006 284.50000000000006 712.50000000000011 169.50000000000003 675.50000000000011 878.50000000000011 878.50000000000011 368.50000000000006 480.50000000000006 99.500000000000014 26.050000000000004 611.50000000000011 74.500000000000014 61.500000000000007 699.50000000000011 641.50000000000011 29.850000000000005 29.250000000000004 26.050000000000004 542.50000000000011
decision_type=2 2 2 2 2 2 2 2 2 2 2 2 2 2 2 2 2 2 2 2 2 2 2 2 2 2 2 2 2 2
left_child=2 4 7 6 10 13 14 -1 18 16 17 -7 20 -4 25 19 26 28 -6 24 -10 -12 -16 -9 -8 -3 -5 -11 -2 -20
right_child=1 3 5 9 8 11 15 23 12 27 21 -13 -14 -15 22 -17 -18 -19 29 -21 -22 -23 -24 -25 -26 -27 -28 -29 -30 -31
leaf_value=-6.3631175121292474 2.829485544548282 10.741355904807214 -2.6381352124423483 16.358548088927769 6.5707398548969254 0.29477630252572329 13.873566941068143 -5.1352196817812716 8.9389828680688321 19.012238372540942 6.1337602323176821 2.610734112313402 13.368035281246359 -0.79953073622831861 14.045423904501874 18.491114990234376 18.731353332519532 4.8109107798928452 7.797229312819181 11.938414852242722 10.601227250328677 9.6689637680053711 10.689112229700442 -3.9767283889620786 15.282065566556311 12.173977276844345 17.955418975536642 20.539584965492367 4.6779338492287534 9.4837736153602616
leaf_weight=6144 212 184 346 268 181 481 158 414 237 204 255 247 44 253 115 25 125 323 289 38 187 25 27 293 317 203 104 134 72 80
leaf_count=6144 212 184 346 268 181 481 158 414 237 204 255 247 44 253 115 25 125 323 289 38 187 25 27 293 317 203 104 134 72 80
internal_value=-2.37603e-09 11.22 -5.22311 15.5245 6.9223 -0.247504 13.4057 -6.18686 8.73337 18.2319 4.84376 1.08055 10.0196 -1.86156 12.0067 14.7814 17.2895 4.10311 7.63892 14.6006 9.6721 6.4494 13.4073 -4.65511 14.8136 11.4928 16.805 19.6178 3.29811 8.16288
internal_weight=11985 3807 8178 1902 1905 1327 1067 6851 1018 835 887 728 468 599 529 538 497 607 550 513 424 280 142 707 475 387 372 338 284 369
internal_count=11985 3807 8178 1902 1905 1327 1067 6851 1018 835 887 728 468 599 529 538 497 607 550 513 424 280 142 707 475 387 372 338 284 369
is_linear=0
shrinkage=0.05


Tree=12
num_leaves=31
num_cat=0
split_feature=4 4 4 4 4 6 4 1 1 6 1 4 6 4 6 1 4 5 6 4 6 5 4 1 4 6 8 6 0 1
split_gain=2.53554e+08 2.35507e+07 1.62708e+07 3.4219e+06 2.73462e+06 1.06282e+06 990252 574677 549976 403851 323837 250910 225693 224121 178180 176171 135657 128207 129218 107264 104006 96961.6 96531.5 87030 86271 77310.1 77176.8 73428.2 65472.6 64107.1
threshold=324.50000000000006 641.50000000000011 116.50000000000001 492.50000000000006 796.50000000000011 246.50000000000003 42.500000000000007 471.50000000000006 622.50000000000011 738.50000000000011 896.50000000000011 183.50000000000003 530.50000000000011 384.50000000000006 383.50000000000006 772.50000000000011 696.50000000000011 99.500000000000014 878.50000000000011 271.50000000000006 113.50000000000001 99.500000000000014 918.50000000000011 611.50000000000011 6.5000000000000009 450.50000000000006 5.5000000000000009 668.50000000000011 26.250000000000004 252.50000000000003
decision_type=2 2 2 2 2 2 2 2 2 2 2 2 2 2 2 2 2 2 2 2 2 2 2 2 2 2 2 2 2 2
left_child=2 3 6 7 9 11 24 13 12 16 22 -4 -5 28 -7 21 -3 18 -11 -16 -8 -10 26 -9 -1 -15 -6 -14 -2 -13
right_child=1 4 5 8 10 14 20 23 15 17 -12 29 27 25 19 -17 -18 -19 -20 -21 -22 -23 -24 -25 -26 -27 -28 -29 -30 -31
leaf_value=-6.0670856194147298 3.3019423088704452 11.589266376455953 -1.9245586089462368 7.732523119686455 16.006379334131875 1.4038639929031087 -4.1825213301272788 6.8741066763877869 11.37471775005424 14.554849160146844 18.801084908803304 -0.39274550545052062 9.3670405339468559 4.9950197647494008 1.8839893960116205 14.680587601017308 13.315189952628558 11.602354588228115 18.140865580240884 4.7698717689594714 -2.3426087925169203 8.3080016358693438 19.594513900191696 9.1404859337152224 -5.3553994081119054 6.425530508792761 17.383863783178864 12.273454831994099 4.9445432281494144 1.3045101302773205
leaf_weight=5891 251 242 364 302 276 423 524 250 183 361 300 328 394 332 57 37 215 34 27 74 90 30 27 51 459 132 161 23 80 67
leaf_count=5891 251 242 364 302 276 423 524 250 183 361 300 328 394 332 57 37 215 34 27 74 90 30 27 51 459 132 161 23 80 67
internal_value=8.13172e-08 10.8656 -4.86765 7.31122 15.3329 0.237803 -5.83024 5.39741 9.47587 13.4311 17.5209 -0.977546 8.77347 4.69292 1.90287 11.496 12.4012 14.5464 14.8044 3.51418 -3.91283 10.9428 16.6931 7.25811 -6.01564 5.40198 16.5139 9.52735 3.69895 -0.104857
internal_weight=11985 3708 8277 2065 1643 1313 6964 1096 969 879 764 759 719 795 554 250 457 422 388 131 614 213 464 301 6350 464 437 417 331 395
internal_count=11985 3708 8277 2065 1643 1313 6964 1096 969 879 764 759 719 795 554 250 457 422 388 131 614 213 464 301 6350 464 437 417 331 395
is_linear=0
shrinkage=0.05


Tree=13
num_leaves=31
num_cat=0
split_feature=4 4 4 4 4 6 1 6 1 4 6 4 1 4 6 4 0 2 7 3 1 4 8 8 1 1 1 6 5 5
split_gain=2.28897e+08 2.4818e+07 1.07948e+07 3.56173e+06 2.79052e+06 805663 651799 597692 495209 484193 358172 188796 180568 158224 156054 138836 124550 110239 90179.5 114872 88635.4 85056.9 80704.4 80589.8 77213.3 71848 71575.8 68859.4 65355.7 64704.5
threshold=293.50000000000006 597.50000000000011 91.500000000000014 763.50000000000011 423.50000000000006 206.50000000000003 542.50000000000011 668.50000000000011 20.500000000000004 838.50000000000011 383.50000000000006 134.50000000000003 772.50000000000011 521.50000000000011 284.50000000000006 922.50000000000011 26.750000000000004 48.500000000000007 14.500000000000002 12.500000000000002 232.50000000000003 351.50000000000006 5.5000000000000009 4.5000000000000009 468.50000000000006 604.50000000000011 675.50000000000011 783.50000000000011 37.500000000000007 99.500000000000014
decision_type=2 2 2 2 2 2 2 2 2 2 2 2 2 2 2 2 2 2 2 2 2 2 2 2 2 2 2 2 2 2
left_child=2 4 8 7 10 11 13 26 -1 23 21 -4 17 24 -7 22 -9 18 19 -8 -13 -2 -11 -5 -6 -19 -3 -18 -25 -16
right_child=1 3 5 9 6 14 12 16 -10 15 -12 20 -14 -15 29 -17 27 25 -20 -21 -22 -23 -24 28 -26 -27 -28 -29 -30 -31
leaf_value=-5.7475050331391815 2.2232633238735278 10.151779255681724 -2.9082258066667723 13.976326650025829 5.654818037205132 0.11945241915573385 8.0134461698077981 12.193977580574678 -4.3371183846075985 16.052061480145124 4.8950110005470817 -1.376004025181601 13.289536698659262 7.9294480581968534 2.4988181526772681 18.492055664062502 13.268870041888693 8.6669549709764038 8.9730700712937583 3.8332693170618128 1.2940952013520635 3.6540154851604623 17.491475128859616 14.587290037000503 6.8877645754710946 10.182616284195808 11.974052640795708 15.134611017741856 16.270605406264465 0.74921559492746992
leaf_weight=6107 242 341 247 151 282 408 42 279 693 215 422 362 24 181 128 150 230 174 65 27 34 182 178 111 231 142 64 63 120 90
leaf_count=6107 242 341 247 151 282 408 42 279 693 215 422 362 24 181 128 150 230 174 65 27 34 182 178 111 231 142 64 63 120 90
internal_value=7.53992e-08 9.91881 -4.81374 14.0148 6.05063 -0.580324 7.63459 11.9095 -5.60377 16.2385 3.86378 -1.8234 9.0638 6.65845 0.696509 17.1979 12.9501 8.83843 7.63666 6.37772 -1.14675 2.83741 16.704 14.8746 6.21 9.34804 10.4397 13.67 15.4617 1.77651
internal_weight=11985 3916 8069 1902 2014 1269 1168 977 6800 925 846 643 474 694 626 543 572 450 134 69 396 424 393 382 513 316 405 293 231 218
internal_count=11985 3916 8069 1902 2014 1269 1168 977 6800 925 846 643 474 694 626 543 572 450 134 69 396 424 393 382 513 316 405 293 231 218
is_linear=0
shrinkage=0.05


Tree=14
num_leaves=31
num_cat=0
split_feature=4 4 6 4 4 4 1 4 6 4 6 6 1 4 1 0 2 0 7 3 4 8 1 4 8 1 6 1 4 6
split_gain=2.0658e+08 2.23982e+07 9.74731e+06 3.21446e+06 2.51844e+06 636252 588249 547929 539417 436984 323250 227455 162963 145089 125661 112406 99490.3 83136.5 81387 103672 77197.6 72732.3 68427.6 67657 75653.7 64842.8 63592.3 63094.5 62036.8 59848.8
threshold=293.50000000000006 597.50000000000011 104.50000000000001 763.50000000000011 423.50000000000006 42.500000000000007 542.50000000000011 175.50000000000003 668.50000000000011 838.50000000000011 383.50000000000006 280.50000000000006 772.50000000000011 537.50000000000011 925.50000000000011 26.750000000000004 48.500000000000007 15.950000000000001 14.500000000000002 12.500000000000002 347.50000000000006 4.5000000000000009 6.5000000000000009 679.50000000000011 3.5000000000000004 604.50000000000011 150.50000000000003 772.50000000000011 129.50000000000003 445.50000000000006
decision_type=2 2 2 2 2 2 2 2 2 2 2 2 2 2 2 2 2 2 2 2 2 2 2 2 2 2 2 2 2 2
left_child=2 4 5 8 10 22 13 26 23 21 20 -9 16 17 -11 -10 18 -6 19 -8 -2 -5 -1 24 -3 -18 -4 -17 -7 -12
right_child=1 3 7 9 6 28 12 11 15 14 29 -13 -14 -15 -16 27 25 -19 -20 -21 -22 -23 -24 -25 -26 -27 -28 -29 -30 -31
leaf_value=-5.4765336345071383 2.0670309954080817 8.6589229262861096 -2.4454260530104679 13.27751040806044 4.7097078379595052 -3.7929861872404524 7.6127739088875916 -0.058664030925889676 11.584278725210485 15.859466157045341 4.1611962694408637 1.9251771756083835 12.625059525171917 7.7966396430686675 17.546932354221095 12.54073590251887 8.2336073395849638 6.2652072145975719 8.5244165625939008 3.6416058681629324 3.419753690722025 14.68865268013694 -4.8433329880755878 11.08515130595157 10.237091349522021 9.6734854637737016 -1.2263472357431118 14.194140716745885 -1.5878383636474611 5.3752262087429274
leaf_weight=5888 227 133 193 151 106 515 42 542 279 389 252 197 24 135 154 214 174 453 65 27 197 231 460 95 177 142 240 79 34 170
leaf_count=5888 227 133 193 151 106 515 42 542 279 389 252 197 24 135 154 214 174 453 65 27 197 231 460 95 177 142 240 79 34 170
internal_value=7.53714e-08 9.42287 -4.57305 13.314 5.74809 -5.28942 7.25286 -0.357361 11.314 15.4265 3.67059 0.470181 8.61061 6.32552 16.338 12.3026 8.39651 5.97025 7.25483 6.05884 2.69554 14.1308 -5.43065 9.91776 9.56001 8.88064 -1.76972 12.9865 -3.65642 4.65026
internal_weight=11985 3916 8069 1902 2014 6897 1168 1172 977 925 846 739 474 694 543 572 450 559 134 69 424 382 6348 405 310 316 433 293 549 422
internal_count=11985 3916 8069 1902 2014 6897 1168 1172 977 925 846 739 474 694 543 572 450 559 134 69 424 382 6348 405 310 316 433 293 549 422
is_linear=0
shrinkage=0.05


Tree=15
num_leaves=31
num_cat=0
split_feature=4 4 6 4 4 4 4 6 6 4 1 6 1 6 6 1 1 1 4 1 4 5 5 8 8 1 0 4 0 0
split_gain=1.86441e+08 1.87121e+07 1.04398e+07 2.90736e+06 1.91534e+06 664181 627790 555092 394426 308383 307704 167104 166565 132486 116435 108795 104127 98613.3 98582 96672.4 96037.4 91663.8 85207.1 76462.3 86846.2 67889.1 64044 61223.4 59033.7 58938
threshold=307.50000000000006 597.50000000000011 110.50000000000001 782.50000000000011 447.50000000000006 214.50000000000003 44.500000000000007 701.50000000000011 565.00000000000011 877.50000000000011 412.50000000000006 305.50000000000006 193.50000000000003 712.50000000000011 878.50000000000011 606.50000000000011 675.50000000000011 878.50000000000011 351.50000000000006 622.50000000000011 497.50000000000006 99.500000000000014 74.500000000000014 9.5000000000000018 4.5000000000000009 8.5000000000000018 28.650000000000002 129.50000000000003 29.250000000000004 24.650000000000002
decision_type=2 2 2 2 2 2 2 2 2 2 2 2 2 2 2 2 2 2 2 2 2 2 2 2 2 2 2 2 2 2
left_child=2 4 6 7 10 12 25 16 15 17 18 -7 -4 23 21 20 -3 29 -2 -12 -6 26 -18 24 -10 -1 -9 -8 -11 -5
right_child=1 3 5 9 8 11 27 14 13 28 19 -13 -14 -15 -16 -17 22 -19 -20 -21 -22 -23 -24 -25 -26 -27 -28 -29 -30 -31
leaf_value=-5.2011098230851669 2.3237823789148795 9.3439974236549954 -1.7735244578805756 13.057853331932655 5.5899841253938618 0.58200954099119917 -3.5398968255286123 11.534978678282791 7.1973647613914657 15.487766659026054 4.8752611961770569 2.3858063585350386 -0.16199838244747197 11.025615826520053 15.381909866333007 9.9353433881487163 11.520460800502612 15.280724102783203 3.7190591306394682 8.298722405867144 6.8232391768810805 9.5244838865179755 8.3992627461751308 6.0240530414076954 9.0545331608165398 -4.5653723007809806 12.698952232119185 -1.4844920802574892 16.838628825856681 14.318041442073673
leaf_weight=5920 205 387 406 195 283 396 510 254 98 204 329 190 265 44 25 21 115 125 331 22 357 38 27 39 176 452 221 39 134 177
leaf_count=5920 205 387 406 195 283 396 510 254 98 204 329 190 265 44 25 21 115 125 331 22 357 38 27 39 176 452 221 39 134 177
internal_value=2.33151e-08 9.14015 -4.2549 12.6483 5.63749 -0.0630084 -5.01623 10.919 7.1174 14.8581 3.93903 1.16686 -1.13708 8.4566 12.0499 6.39411 9.76892 14.0657 3.18542 5.08984 6.27791 11.8875 10.927 8.09546 8.39029 -5.15601 12.0765 -3.39388 16.0233 13.6575
internal_weight=11985 3807 8178 1902 1905 1257 6921 1067 1018 835 887 586 671 357 538 661 529 497 536 351 640 513 142 313 274 6372 475 549 338 372
internal_count=11985 3807 8178 1902 1905 1257 6921 1067 1018 835 887 586 671 357 538 661 529 497 536 351 640 513 142 313 274 6372 475 549 338 372
is_linear=0
shrinkage=0.05


Tree=16
num_leaves=31
num_cat=0
split_feature=4 4 4 4 4 6 6 6 6 6 1 1 6 4 8 5 5 6 1 6 5 1 4 4 5 5 4 4 1 8
split_gain=1.68306e+08 1.82315e+07 7.94888e+06 2.62888e+06 2.05776e+06 603445 550292 489366 362420 270224 229022 155837 151991 148853 117295 116886 114864 132493 113162 111895 101243 87641.8 69825.8 69337.6 65258.2 72978.6 65208.5 60673.8 59458.8 58411.3
threshold=293.50000000000006 597.50000000000011 91.500000000000014 796.50000000000011 423.50000000000006 210.50000000000003 720.50000000000011 530.50000000000011 22.500000000000004 383.50000000000006 906.50000000000011 679.50000000000011 712.50000000000011 156.50000000000003 2.5000000000000004 84.500000000000014 99.500000000000014 878.50000000000011 482.50000000000006 305.50000000000006 96.500000000000014 650.50000000000011 641.50000000000011 857.50000000000011 99.500000000000014 81.500000000000014 562.50000000000011 347.50000000000006 232.50000000000003 9.5000000000000018
decision_type=2 2 2 2 2 2 2 2 2 2 2 2 2 2 2 2 2 2 2 2 2 2 2 2 2 2 2 2 2 2
left_child=2 4 8 6 9 13 11 18 -1 27 23 22 14 -4 26 -13 17 -8 -6 -7 21 29 -3 -5 25 -21 -9 -2 -15 -16
right_child=1 3 5 10 7 19 16 12 -10 -11 -12 15 -14 28 20 -17 -18 -19 -20 24 -22 -23 -24 -25 -26 -27 -28 -29 -30 -31
leaf_value=-4.9252554332718868 1.8633051834442544 8.2192566432450942 -2.2247141068170055 13.147375059891425 5.056742807778563 0.20906371845014934 11.693883603442032 4.285448554761353 -3.6913880032726052 4.2077225277209171 15.511283966124527 11.106246318706887 10.466407207912869 -0.96977492904525997 8.09874402922458 7.6240959950855798 9.177519928970808 15.180229476402545 6.3939039912895179 1.3693035784694885 5.3569667720794678 10.549711824232533 9.5223557773578378 14.319485888939239 0.65803354101048583 4.1482614670481004 7.4715913038987383 3.0625494399651658 1.2493602023405188 6.4499940000363258
leaf_weight=6141 227 190 360 281 369 429 452 42 659 422 254 173 45 269 271 28 42 29 277 54 40 31 224 229 81 42 26 197 34 67
leaf_count=6141 227 190 360 281 369 429 452 42 659 422 254 173 45 269 271 28 42 29 277 54 40 31 224 229 81 42 26 197 34 67
internal_value=5.71408e-08 8.5053 -4.12774 12.0159 5.1899 -0.49498 10.4928 6.5501 -4.80568 3.312 14.2846 9.4789 7.68864 -1.53739 7.42658 10.6212 11.6851 11.9041 5.63011 0.645476 7.74628 8.00529 8.92432 13.6737 1.70322 2.5851 5.50368 2.4205 -0.720763 7.77192
internal_weight=11985 3916 8069 1902 2014 1269 1138 1168 6800 846 764 615 522 663 477 201 523 481 646 606 409 369 414 510 177 96 68 424 303 338
internal_count=11985 3916 8069 1902 2014 1269 1138 1168 6800 846 764 615 522 663 477 201 523 481 646 606 409 369 414 510 177 96 68 424 303 338
is_linear=0
shrinkage=0.05


Tree=17
num_leaves=31
num_cat=0
split_feature=4 4 4 4 4 4 6 6 4 4 6 1 6 6 8 1 6 0 5 6 1 1 6 4 5 4 5 1 4 2
split_gain=1.51916e+08 1.70713e+07 6.51326e+06 2.37894e+06 2.00999e+06 466868 441653 403546 329045 326773 277790 137865 137172 113721 105858 102129 92347.5 101649 91371.5 85960.3 81970.1 79096.7 68669.8 64302.1 63938.7 60051.6 58489.2 90070.3 56769.3 55461.6
threshold=283.50000000000006 597.50000000000011 91.500000000000014 763.50000000000011 423.50000000000006 175.50000000000003 530.50000000000011 668.50000000000011 21.500000000000004 877.50000000000011 383.50000000000006 252.50000000000003 712.50000000000011 878.50000000000011 2.5000000000000004 482.50000000000006 750.50000000000011 19.950000000000003 96.500000000000014 142.50000000000003 855.50000000000011 650.50000000000011 498.50000000000006 333.50000000000006 99.500000000000014 533.50000000000011 82.500000000000014 679.50000000000011 934.50000000000011 34.500000000000007
decision_type=2 2 2 2 2 2 2 2 2 2 2 2 2 2 2 2 2 2 2 2 2 2 2 2 2 2 2 2 2 2
left_child=2 4 8 7 10 19 15 26 -1 13 23 -7 14 29 25 -6 -9 -18 21 -4 -19 -16 -12 -2 -24 -8 27 -3 -11 -5
right_child=1 3 5 9 6 11 12 16 -10 28 22 -13 -14 -15 18 -17 17 20 -20 -21 -22 -23 24 -25 -26 -27 -28 -29 -30 -31
leaf_value=-4.6815216134287398 1.6329263100457503 8.3634964442834612 -2.3810359410061612 10.104403065890075 4.8039056355956449 -0.2890847562083127 3.3974977749365345 9.9296416920606596 -3.5236632467364988 14.056843155970178 3.67757417652756 1.1640139440998778 9.9430869123670789 13.69665453810441 7.3833248169464474 6.074208799305806 8.680752977643694 11.266452832459326 5.0891184520721442 -1.0925935694609177 14.402861852231235 10.022226241327102 6.5848108172416691 2.8090018611843304 3.8404391085229275 6.4342746874181236 6.3624807898203537 10.703899639210803 15.484968947391122 12.267039235590707
leaf_weight=6118 229 328 254 32 369 433 27 293 682 240 352 262 45 152 338 277 35 221 40 264 23 31 44 236 41 41 30 47 98 403
leaf_count=6118 229 328 254 32 369 433 27 293 682 240 352 262 45 152 338 277 35 221 40 264 23 31 44 236 41 41 30 47 98 403
internal_value=3.37142e-08 7.9955 -3.96332 11.4151 4.85341 -0.588153 6.2226 9.69452 -4.5654 13.2325 3.08044 0.258702 7.3042 12.5193 7.05525 5.3486 10.5496 11.2006 7.35897 -1.72438 11.5621 7.60502 3.98557 2.22982 5.26106 5.2285 8.48688 8.65683 14.4709 12.1079
internal_weight=11985 3972 8013 1902 2070 1213 1168 977 6800 925 902 695 522 587 477 646 572 279 409 518 244 369 437 465 85 68 405 375 338 435
internal_count=11985 3972 8013 1902 2070 1213 1168 977 6800 925 902 695 522 587 477 646 572 279 409 518 244 369 437 465 85 68 405 375 338 435
is_linear=0
shrinkage=0.05


Tree=18
num_leaves=31
num_cat=0
split_feature=4 4 6 4 4 4 4 1 1 6 1 6 8 4 1 5 4 2 5 0 7 3 8 6 0 4 4 5 0 5
split_gain=1.37104e+08 1.54069e+07 5.88314e+06 2.15529e+06 1.81401e+06 458601 421751 403875 317881 250706 190110 150678 129073 124764 122146 119343 107858 84131.4 69327.6 68595.7 67050.6 93524.2 62981.8 62202.7 59774.3 57962.6 55424.4 53227.7 46543.6 47982.1
threshold=283.50000000000006 597.50000000000011 104.50000000000001 796.50000000000011 423.50000000000006 702.50000000000011 47.500000000000007 542.50000000000011 232.50000000000003 383.50000000000006 906.50000000000011 668.50000000000011 4.5000000000000009 156.50000000000003 772.50000000000011 92.500000000000014 537.50000000000011 48.500000000000007 37.500000000000007 15.950000000000001 14.500000000000002 12.500000000000002 3.5000000000000004 488.50000000000006 15.850000000000003 838.50000000000011 5.5000000000000009 99.500000000000014 25.350000000000005 36.500000000000007
decision_type=2 2 2 2 2 2 2 2 2 2 2 2 2 2 2 2 2 2 2 2 2 2 2 2 2 2 2 2 2 2
left_child=2 4 6 5 9 11 26 16 13 24 25 22 15 -4 17 -7 19 20 -14 -6 21 -9 -3 -11 -2 28 -1 -25 29 -5
right_child=1 3 8 10 7 12 -8 14 -10 23 -12 -13 18 -15 -16 -17 -18 -19 -20 -21 -22 -23 -24 27 -26 -27 -28 -29 -30 -31
leaf_value=-4.4636998097156093 1.0621463898354424 7.13522726165343 -1.8323894896005328 11.794239255464994 3.6917449148196093 10.036910342496668 -2.9012357287909873 6.1916378441311073 0.75273699417137185 3.4655595810276218 14.016185300932158 9.4306347104481301 10.522735912229386 -0.49070887792037959 10.512017222245534 6.208365448661473 6.4114746210310187 7.2963269795609422 12.028362600008649 5.10468070428103 6.953621299450214 2.4198256068759498 8.4814715469439417 5.9476326390548993 2.4225986682642202 12.777172487389809 -3.9356638632646148 3.6048669760877439 12.46690165201823 9.5932508492469797
leaf_weight=5860 104 158 285 65 106 177 493 42 390 339 254 280 163 442 24 23 135 316 144 453 65 27 193 54 361 306 543 44 99 40
leaf_count=5860 104 158 285 65 106 177 493 42 390 339 254 280 163 442 24 23 135 316 144 453 65 27 193 54 361 306 543 44 99 40
internal_value=-4.11369e-08 7.59572 -3.76516 10.8444 4.61074 9.46528 -4.31042 5.91147 -0.398887 2.92642 12.8986 8.56556 10.585 -1.01668 7.03649 9.59663 5.14308 6.85113 11.229 4.83675 5.80126 4.71571 7.87547 3.7863 2.11833 12.3419 -4.41892 4.89578 11.6891 10.9558
internal_weight=11985 3972 8013 1902 2070 1138 6896 1168 1117 902 764 631 507 727 474 200 694 450 307 559 134 69 351 437 465 510 6403 98 204 105
internal_count=11985 3972 8013 1902 2070 1138 6896 1168 1117 902 764 631 507 727 474 200 694 450 307 559 134 69 351 437 465 510 6403 98 204 105
is_linear=0
shrinkage=0.05


Tree=19
num_leaves=31
num_cat=0
split_feature=4 4 4 4 4 6 6 1 4 1 6 6 4 8 1 6 6 6 0 4 6 1 1 3 4 5 5 6 3 5
split_gain=1.23739e+08 1.3397e+07 5.85158e+06 1.94713e+06 1.51007e+06 455453 329483 279896 269911 269395 268498 124164 112530 99494 103534 95127.1 89276.4 79992.5 87264.4 76657.3 76010.4 73198.7 60373.7 60117.8 58067.4 55334.1 65155.3 55108.9 52955.2 51576.5
threshold=293.50000000000006 597.50000000000011 91.500000000000014 763.50000000000011 447.50000000000006 210.50000000000003 668.50000000000011 404.50000000000006 877.50000000000011 589.50000000000011 46.500000000000007 482.50000000000006 129.50000000000003 4.5000000000000009 701.50000000000011 878.50000000000011 305.50000000000006 750.50000000000011 19.950000000000003 368.50000000000006 538.50000000000011 855.50000000000011 232.50000000000003 25.500000000000004 551.50000000000011 99.500000000000014 81.500000000000014 404.50000000000006 52.500000000000007 82.500000000000014
decision_type=2 2 2 2 2 2 2 2 2 2 2 2 2 2 2 2 2 2 2 2 2 2 2 2 2 2 2 2 2 2
left_child=2 4 10 6 7 12 29 19 15 11 -1 -6 -4 -11 -15 -5 -7 -8 -19 -2 -9 28 -14 -22 -13 26 -18 -28 -20 -3
right_child=1 3 5 8 9 16 17 20 -10 13 -12 24 22 14 -16 -17 25 18 21 -21 23 -23 -24 -25 -26 -27 27 -29 -30 -31
leaf_value=-4.2012547242721761 1.8957608191538498 7.813896040936311 -2.2399266386803771 10.921927761209423 4.5779044410651757 0.17857072924313708 8.9411559292073957 3.7788911864740005 13.071853674445633 5.8495103459225763 -2.8917270012039076 5.5031619237315272 -1.035290654700729 7.3811317331261108 10.809339035474338 12.374958746056809 1.1764728749239886 7.7892919731140147 10.48040774067243 3.0776724393878663 4.2987166881561283 13.143459983493972 1.129427432673318 7.5135174384483925 6.7655494305514559 0.55075803553616554 2.0753849952058361 5.7018154156208043 8.1881110195455875 5.6593933582305915
leaf_weight=6383 354 375 224 435 319 429 293 359 338 90 417 310 404 144 26 152 54 35 192 224 33 23 35 26 129 81 22 20 29 30
leaf_count=6383 354 375 224 435 319 429 293 359 338 90 417 310 404 144 26 152 54 35 192 224 33 23 35 26 129 81 22 20 29 30
internal_value=-4.85436e-08 7.29277 -3.53928 10.3021 4.45074 -0.422402 8.74552 3.0666 11.9463 5.80498 -4.12095 5.32861 -1.32801 7.19378 7.90545 11.2982 0.568387 9.51814 10.1241 2.3538 4.05223 10.459 -0.862705 5.71541 5.87411 1.5132 2.32525 3.80226 10.1796 7.6543
internal_weight=11985 3916 8069 1902 2014 1269 977 996 925 1018 6800 758 663 260 170 587 606 572 279 578 418 244 439 59 439 177 96 42 221 405
internal_count=11985 3916 8069 1902 2014 1269 977 996 925 1018 6800 758 663 260 170 587 606 572 279 578 418 244 439 59 439 177 96 42 221 405
is_linear=0
shrinkage=0.05


Tree=20
num_leaves=31
num_cat=0
split_feature=4 4 6 4 4 4 4 1 1 8 1 4 1 1 4 4 1 6 8 0 3 4 5 0 5 6 4 1 6 1
split_gain=1.11693e+08 1.04604e+07 7.1944e+06 1.53663e+06 1.22178e+06 531700 418119 275210 258651 223098 147522 136062 130419 127848 106924 104565 102538 100045 84025 84022.2 83304.9 74366.7 80302.3 74198.7 66984.4 65011.8 53285.8 52940.9 52641.4 48609
threshold=324.50000000000006 641.50000000000011 113.50000000000001 492.50000000000006 803.50000000000011 243.50000000000003 47.500000000000007 471.50000000000006 622.50000000000011 4.5000000000000009 793.50000000000011 922.50000000000011 468.50000000000006 193.50000000000003 384.50000000000006 679.50000000000011 772.50000000000011 530.50000000000011 5.5000000000000009 16.050000000000004 27.500000000000004 699.50000000000011 92.500000000000014 26.450000000000003 99.500000000000014 925.50000000000011 885.50000000000011 129.50000000000003 594.50000000000011 5.5000000000000009
decision_type=2 2 2 2 2 2 2 2 2 2 2 2 2 2 2 2 2 2 2 2 2 2 2 2 2 2 2 2 2 2
left_child=2 3 6 7 9 13 29 14 17 21 15 18 19 -4 -2 -11 24 -5 25 -7 23 -3 -23 -9 -10 26 -6 -8 -22 -1
right_child=1 4 5 8 11 12 27 20 16 10 -12 -13 -14 -15 -16 -17 -18 -19 -20 -21 28 22 -24 -25 -26 -27 -28 -29 -30 -31
leaf_value=-4.0305122107938693 2.3862135635762054 7.1838750832917668 -1.2510670840375135 5.1185809212804632 10.668838643418983 0.11638179551810027 -2.6769862453689277 3.7202225017231818 7.6156461064932772 8.0112786392667399 11.073833657745134 13.067500343322756 4.591113421320915 -0.017853951779474225 3.5625128261744976 9.7116195874462896 10.108259287395994 6.3135580282703003 12.064169711303713 1.6489607937967599 5.4631569939274947 8.9626256644123732 6.0070722896319175 5.719487862088787 5.0667012882232676 8.0822395324707035 12.258148708063015 -0.69293142739269475 8.359616125197638 -3.5360065983584357
leaf_weight=5860 331 151 412 302 235 122 509 151 183 134 133 150 31 429 464 278 37 417 250 335 62 198 26 67 30 20 68 36 21 543
leaf_count=5860 331 151 412 302 235 122 509 151 183 134 133 150 31 429 464 278 37 417 250 335 62 198 26 67 30 20 68 36 21 543
internal_value=-2.22325e-08 7.21159 -3.23071 4.84276 10.1888 0.139824 -3.87542 3.56028 6.29333 8.98012 9.62598 11.7269 1.45272 -0.621996 3.07276 9.1586 7.67868 5.81163 11.3759 1.23983 4.84793 8.04146 8.61957 4.33468 7.25664 10.8433 11.0255 -2.54593 6.196 -3.98858
internal_weight=11985 3708 8277 2065 1643 1329 6948 1096 969 920 545 723 488 841 795 412 250 719 573 457 301 375 224 218 213 323 303 545 83 6403
internal_count=11985 3708 8277 2065 1643 1329 6948 1096 969 920 545 723 488 841 795 412 250 719 573 457 301 375 224 218 213 323 303 545 83 6403
is_linear=0
shrinkage=0.05


Tree=21
num_leaves=31
num_cat=0
split_feature=4 4 4 4 1 4 6 4 4 4 1 0 1 6 4 0 6 0 5 8 6 1 5 0 1 5 2 1 0 3
split_gain=1.0083e+08 1.13371e+07 4.3397e+06 1.8314e+06 1.13309e+06 394379 337776 321643 227523 151442 127483 119507 97017.9 86112.5 79664.5 75035.7 73343.7 72285.5 68217.2 62634.3 62995.4 55487.5 52605.5 55640 50777.3 57117.4 48160.8 53543.9 55039.1 47362.5
threshold=283.50000000000006 580.50000000000011 79.500000000000014 763.50000000000011 468.50000000000006 175.50000000000003 668.50000000000011 384.50000000000006 838.50000000000011 18.500000000000004 597.50000000000011 19.550000000000004 252.50000000000003 478.50000000000006 930.50000000000011 26.250000000000004 142.50000000000003 26.750000000000004 96.500000000000014 5.5000000000000009 928.50000000000011 643.50000000000011 85.500000000000014 26.050000000000004 772.50000000000011 93.500000000000014 29.500000000000004 830.50000000000011 23.050000000000004 46.500000000000007
decision_type=2 2 2 2 2 2 2 2 2 2 2 2 2 2 2 2 2 2 2 2 2 2 2 2 2 2 2 2 2 2
left_child=2 4 9 6 7 16 21 15 26 -1 18 -12 -7 -9 19 -2 -4 29 22 20 -10 -3 23 -6 25 -13 -5 -28 -29 -8
right_child=1 3 5 8 10 12 17 13 14 -11 11 24 -14 -15 -16 -17 -18 -19 -20 -21 -22 -23 -24 -25 -26 -27 27 28 -30 -31
leaf_value=-3.8176650900969293 1.6414898008790002 6.4431569586632342 -2.0086121032929283 7.5210584027426579 4.6035361127205006 -0.23342515512952455 8.4705039144503456 3.3285243645703404 10.823233169233296 -3.0015373406227699 4.2845323918082503 7.292472869935243 0.98554712953685808 4.9109595949076263 12.590787761494266 3.0357068228527786 -0.90221410349953135 9.1277627603427796 3.4901130862906578 11.790976766745251 7.8883048248291026 7.5511379197064574 7.5711680984497072 5.7157778890205151 9.1675845540088172 4.988165870152022 9.5079575615269807 8.6416009216308591 11.236300008637565 7.1079371407628065
leaf_weight=6084 448 337 338 21 353 433 190 455 213 627 55 92 262 106 118 123 269 296 80 192 20 170 20 165 23 38 224 25 112 96
leaf_count=6084 448 337 338 21 353 433 190 455 213 627 55 92 262 106 118 123 269 296 80 192 20 170 20 165 23 38 224 25 112 96
internal_value=-7.56294e-08 6.51387 -3.22889 9.14774 3.80468 -0.587148 7.75814 2.77723 10.7837 -3.74142 5.21277 6.28347 0.226101 3.62752 11.4414 1.94182 -1.5183 8.58003 4.8524 11.1223 10.5713 6.81467 5.05497 4.95782 7.00204 6.61891 9.84877 9.98418 10.7628 8.01314
internal_weight=11985 3972 8013 2014 1958 1302 1089 1132 925 6711 826 208 695 561 543 571 607 582 618 425 233 507 538 518 153 130 382 361 137 286
internal_count=11985 3972 8013 2014 1958 1302 1089 1132 925 6711 826 208 695 561 543 571 607 582 618 425 233 507 538 518 153 130 382 361 137 286
is_linear=0
shrinkage=0.05


Tree=22
num_leaves=31
num_cat=0
split_feature=4 4 4 4 4 6 4 6 6 8 1 1 1 4 1 1 4 0 5 3 4 4 0 4 1 0 0 0 6 3
split_gain=9.10072e+07 8.53081e+06 5.86248e+06 1.26152e+06 995089 430670 369300 224268 210623 188201 125921 117875 111312 90860.8 86672.5 86300 81764.7 77148.4 66692.3 190493 63917.4 60418.9 56824.2 54102 52458 51719.5 47758.9 45060.3 42637.7 58404.4
threshold=324.50000000000006 641.50000000000011 125.50000000000001 492.50000000000006 803.50000000000011 46.500000000000007 243.50000000000003 445.50000000000006 626.50000000000011 4.5000000000000009 797.50000000000011 910.50000000000011 468.50000000000006 679.50000000000011 772.50000000000011 213.50000000000003 548.50000000000011 15.850000000000003 84.500000000000014 39.500000000000007 707.50000000000011 356.50000000000006 26.250000000000004 403.50000000000006 136.50000000000003 16.850000000000005 23.450000000000003 26.250000000000004 594.50000000000011 32.500000000000007
decision_type=2 2 2 2 2 2 2 2 2 2 2 2 2 2 2 2 2 2 2 2 2 2 2 2 2 2 2 2 2 2
left_child=2 3 5 7 9 -1 15 23 16 18 13 -6 17 26 25 -4 22 -8 20 -20 -3 -9 -5 27 -7 -10 -11 -2 -23 -30
right_child=1 4 6 8 11 24 12 21 14 10 -12 -13 -14 -15 -16 -17 -18 -19 19 -21 -22 28 -24 -25 -26 -27 -28 -29 29 -31
leaf_value=-3.6027139906968366 1.9500118972067053 6.7503241632082691 -0.90443108299400954 4.3063138043847866 10.150270939066734 -2.4017273844633849 0.014944155315761685 2.0533477795474671 4.1426441299915311 4.967074360847473 10.115832639913091 11.521036886132283 4.1894130783696326 8.7942113306787277 9.1870169823234153 0.1808384148222576 5.7386092965465441 1.4783580278804482 7.8613394859858934 1.7442876982688906 8.169066306366318 4.0390793168672499 5.8597564143019838 3.2060606640044274 -0.98524633146117668 6.8184796194176975 7.6143547422989561 3.1375525277688965 4.2165681491579328 7.460031613059666
leaf_weight=6386 299 146 452 250 493 560 122 34 20 20 122 230 31 288 37 308 399 344 35 20 174 350 77 246 74 186 115 109 35 23
leaf_count=6386 299 146 452 250 493 560 122 34 20 20 122 230 31 288 37 308 399 344 35 20 174 350 77 246 74 186 115 109 35 23
internal_value=-7.15967e-08 6.50962 -2.91623 4.3704 9.19828 -3.47932 0.228437 3.20838 5.68472 8.10745 8.70065 10.5863 1.28823 8.29249 6.95889 -0.464611 5.25824 1.09523 7.24533 5.63696 7.52177 4.0784 4.67211 2.62039 -2.2364 6.55869 7.22217 2.26727 4.24715 5.50277
internal_weight=11985 3708 8277 2065 1643 7020 1257 1096 969 920 545 723 497 423 243 760 726 466 375 55 320 442 327 654 634 206 135 408 408 58
internal_count=11985 3708 8277 2065 1643 7020 1257 1096 969 920 545 723 497 423 243 760 726 466 375 55 320 442 327 654 634 206 135 408 408 58
is_linear=0
shrinkage=0.05


Tree=23
num_leaves=31
num_cat=0
split_feature=4 4 4 4 4 4 6 1 4 6 1 0 6 4 1 6 0 1 0 6 6 2 2 0 1 2 6 2 0 0
split_gain=8.21543e+07 9.24535e+06 3.53674e+06 1.48992e+06 927699 321180 277581 201215 189836 167648 126464 97499.5 80900.4 78138.3 72287.1 66039.1 62999.2 61381.5 59893.7 59030.7 50781.1 50525.5 79156.6 46130.4 45579 42895.1 42854.4 41329.8 37775 37769.9
threshold=283.50000000000006 580.50000000000011 79.500000000000014 763.50000000000011 423.50000000000006 175.50000000000003 668.50000000000011 560.50000000000011 854.50000000000011 365.50000000000006 14.500000000000002 19.550000000000004 246.50000000000003 515.50000000000011 753.50000000000011 865.50000000000011 26.750000000000004 932.50000000000011 17.050000000000004 142.50000000000003 816.50000000000011 58.500000000000007 56.500000000000007 25.650000000000002 684.50000000000011 45.500000000000007 427.50000000000006 59.500000000000007 24.350000000000005 16.050000000000004
decision_type=2 2 2 2 2 2 2 2 2 2 2 2 2 2 2 2 2 2 2 2 2 2 2 2 2 2 2 2 2 2
left_child=2 4 10 6 9 19 24 13 20 29 -1 25 -7 18 -13 16 23 21 -6 -4 -5 22 -10 -8 -3 -9 -11 -26 -22 -2
right_child=1 3 5 8 7 12 15 11 17 26 -12 14 -14 -15 -16 -17 -18 -19 -20 -21 28 -23 -24 -25 27 -27 -28 -29 -30 -31
leaf_value=-3.4512559038912229 0.66013201344215755 5.9893376789512223 -1.8098891570359557 8.499917461104312 2.8073618036232251 -0.24556239581791819 7.3426975749277181 2.0336268635732786 9.9546339648110536 2.4367525740918041 -2.7406980502375209 5.7150833437713615 0.85122735370146607 4.7415894224673885 8.6110103100538264 10.502789306640626 8.1609352164614997 11.401839952546407 3.9957299606183945 -0.81730155744884159 8.5172312978714242 10.689022527576167 6.9978066832930956 5.3483888972889302 6.4375452339649204 4.6834426115666119 3.35977308681775 9.3349769783020022 9.963936765538822 1.7737378356697626
leaf_weight=6012 103 455 338 236 151 410 239 21 140 276 699 211 285 237 24 21 289 123 356 269 63 177 27 33 32 56 231 20 159 292
leaf_count=6012 103 455 338 236 151 410 239 21 140 276 699 211 285 237 24 21 289 123 356 269 63 177 27 33 32 56 231 20 159 292
internal_value=-5.37957e-08 5.87975 -2.91456 8.25825 3.43322 -0.529706 7.00489 4.43909 9.73384 2.25563 -3.37725 5.50489 0.2042 3.99213 6.01084 7.74995 7.6469 10.4432 3.6418 -1.37001 9.01055 10.1004 9.47658 7.10074 6.1496 3.96077 2.8573 7.55194 9.55339 1.48335
internal_weight=11985 3972 8013 2014 1958 1302 1089 1056 925 902 6711 312 695 744 235 582 561 467 507 607 458 344 167 272 507 77 507 52 222 395
internal_count=11985 3972 8013 2014 1958 1302 1089 1056 925 902 6711 312 695 744 235 582 561 467 507 607 458 344 167 272 507 77 507 52 222 395
is_linear=0
shrinkage=0.05


Tree=24
num_leaves=31
num_cat=0
split_feature=4 4 6 4 4 4 4 6 8 1 1 1 1 1 5 3 4 4 2 3 5 4 0 4 0 2 0 1 0 8
split_gain=7.41527e+07 6.96119e+06 4.77454e+06 1.02152e+06 813038 352998 281997 192673 182807 158835 129420 110494 94447.3 89785 88988.3 153506 88649.9 85788.1 73292.4 71813.2 82122.3 65720.4 63867.2 62814.5 59715.4 61340.1 97576.7 57347.5 51552.4 54727.7
threshold=324.50000000000006 641.50000000000011 113.50000000000001 480.50000000000006 814.50000000000011 243.50000000000003 52.500000000000007 565.00000000000011 4.5000000000000009 471.50000000000006 811.50000000000011 772.50000000000011 468.50000000000006 193.50000000000003 77.500000000000014 48.500000000000007 679.50000000000011 922.50000000000011 42.500000000000007 57.500000000000007 96.500000000000014 707.50000000000011 16.650000000000002 384.50000000000006 24.650000000000002 59.500000000000007 22.950000000000003 611.50000000000011 14.950000000000001 9.5000000000000018
decision_type=2 2 2 2 2 2 2 2 2 2 2 2 2 2 2 2 2 2 2 2 2 2 2 2 2 2 2 2 2 2
left_child=2 3 6 9 8 13 -1 -5 14 23 16 28 22 -4 21 18 -10 24 -16 20 27 -3 -7 -2 25 26 -6 -11 -9 -30
right_child=1 4 5 7 17 12 -8 11 10 19 -12 -13 -14 -15 15 -17 -18 -19 -20 -21 -22 -23 -24 -25 -26 -27 -28 -29 29 -31
leaf_value=-3.2437765332700148 1.9427725336612891 6.0718717683916514 -1.0344972431967125 4.3414296622594817 9.0401802250596344 0.11255448091242995 -1.9803598586517044 3.2902819355726245 6.5139240422072238 3.7906665064725611 9.530087096736116 8.3348103871216654 3.8539029859727432 -0.0010395977888169475 4.391664063930512 1.6961171607176464 8.0289903775780598 10.702935000101725 8.4525501365661633 6.0229863085065567 1.8966631092683035 7.5071088094559926 1.3948061073921645 2.8536593674500876 9.816462794395342 9.4643812906174443 5.812400592000861 6.6595386072993286 5.8416455212330645 4.3281313449144365
leaf_weight=6474 331 138 412 509 61 140 474 25 135 135 106 37 31 429 20 24 339 150 25 35 54 189 317 442 292 126 38 20 407 70
leaf_count=6474 331 138 412 509 61 140 474 25 135 135 106 37 31 429 20 24 339 150 25 35 54 189 317 442 292 126 38 20 407 70
internal_value=-4.90942e-08 5.87599 -2.63238 3.94357 8.30474 0.113411 -3.15758 5.03908 7.38526 2.81468 7.95068 5.69789 1.18316 -0.507323 6.55711 4.92542 7.59748 9.6502 6.64771 3.92687 3.57584 6.90141 1.00199 2.46362 9.34476 8.7326 7.80123 4.16084 5.50354 5.61954
internal_weight=11985 3708 8277 2065 1643 1329 6948 1048 976 1017 580 539 488 841 396 69 474 667 45 244 209 327 457 773 517 225 99 155 502 477
internal_count=11985 3708 8277 2065 1643 1329 6948 1048 976 1017 580 539 488 841 396 69 474 667 45 244 209 327 457 773 517 225 99 155 502 477
is_linear=0
shrinkage=0.05


Tree=25
num_leaves=31
num_cat=0
split_feature=4 4 4 4 1 6 6 4 4 0 4 6 1 6 6 0 6 5 1 5 6 4 1 5 4 2 0 1 3 0
split_gain=6.69393e+07 7.55752e+06 2.88277e+06 1.20764e+06 759167 281610 226099 211169 160117 95347.4 92952.7 66658.7 66572.8 63009.2 61854.1 59395.1 58058.9 62902.7 61453.4 55493.1 52711.6 52664.7 47898.9 55822.2 48356.2 42766.8 40507.2 41081.6 40448.1 40434.6
threshold=283.50000000000006 580.50000000000011 76.500000000000014 763.50000000000011 468.50000000000006 181.50000000000003 668.50000000000011 384.50000000000006 877.50000000000011 26.250000000000004 12.500000000000002 712.50000000000011 640.50000000000011 878.50000000000011 478.50000000000006 26.250000000000004 750.50000000000011 99.500000000000014 852.50000000000011 97.500000000000014 246.50000000000003 134.50000000000003 650.50000000000011 86.500000000000014 533.50000000000011 34.500000000000007 15.950000000000001 684.50000000000011 57.500000000000007 29.250000000000004
decision_type=2 2 2 2 2 2 2 2 2 2 2 2 2 2 2 2 2 2 2 2 2 2 2 2 2 2 2 2 2 2
left_child=2 4 10 6 7 21 26 15 13 11 -1 19 -11 25 -9 -2 -8 18 -18 22 -7 -4 23 24 -6 -5 -3 -28 -21 -10
right_child=1 3 5 8 9 20 16 14 29 12 -12 -13 -14 -15 -16 -17 17 -19 -20 28 -22 -23 -24 -25 -26 -27 27 -29 -30 -31
leaf_value=-3.1178700093079126 1.3103563167587189 4.554670672189622 -1.6922416381239893 6.2216008841991428 3.3309263764580423 -0.23216817682386523 6.5210564271898468 2.6900192501256757 9.2100585769204528 4.7924715983211454 -2.5069829160017933 5.9538879308748891 7.4691634985116808 9.1635317137366847 4.0311685578440724 2.550785528523166 7.5411120864851728 5.272295691285815 10.429691410064699 2.2934050188461939 0.62899959879415535 -0.76087107421246492 6.3492944626581105 6.4119653429303858 4.4806798826180856 8.1206694400635904 5.5888494235544535 7.2029036391865127 4.6035784880320234 10.328047982970281
leaf_weight=5986 448 84 350 32 242 381 302 455 204 218 695 37 26 152 106 123 232 28 20 90 333 268 21 21 147 403 379 44 24 134
leaf_count=5986 448 84 350 32 242 381 302 455 204 218 695 37 26 152 106 123 232 28 20 90 333 268 21 21 147 403 379 44 24 134
internal_value=-1.11297e-08 5.30743 -2.63086 7.45789 3.09547 -0.506905 6.32949 2.25446 8.78637 4.24803 -3.05432 3.9002 5.07769 8.28719 2.94343 1.57756 7.00192 7.52056 7.77036 3.76078 0.169469 -1.28835 4.02026 3.90096 3.76541 7.98097 5.55758 5.75674 2.77976 9.65329
internal_weight=11985 3972 8013 2014 1958 1332 1089 1132 925 826 6681 582 244 587 561 571 582 280 252 545 714 618 431 410 389 435 507 423 114 338
internal_count=11985 3972 8013 2014 1958 1332 1089 1132 925 826 6681 582 244 587 561 571 582 280 252 545 714 618 431 410 389 435 507 423 114 338
is_linear=0
shrinkage=0.05


Tree=26
num_leaves=31
num_cat=0
split_feature=4 4 4 6 4 4 1 4 8 6 5 3 0 0 1 1 5 1 2 6 8 2 0 3 4 5 5 5 8 0
split_gain=6.04274e+07 5.16676e+06 4.56376e+06 957836 421772 319137 289330 215632 138128 127679 94004.1 120920 77231.3 75887.7 67730.9 67242.2 74088.7 66335.7 65478.3 111811 60044.1 56835.9 56738.3 56456.8 55060.8 50964.8 45113.5 80035.1 68203.2 45899.2
threshold=347.50000000000006 679.50000000000011 125.50000000000001 538.50000000000011 817.50000000000011 262.50000000000006 49.500000000000007 480.50000000000006 4.5000000000000009 626.50000000000011 74.500000000000014 52.500000000000007 24.650000000000002 16.050000000000004 257.50000000000006 646.50000000000011 78.500000000000014 862.50000000000011 59.500000000000007 906.50000000000011 2.5000000000000004 51.500000000000007 15.850000000000003 27.500000000000004 407.50000000000006 58.500000000000007 99.500000000000014 69.500000000000014 4.5000000000000009 28.750000000000004
decision_type=2 2 2 2 2 2 2 2 2 2 2 2 2 2 2 2 2 2 2 2 2 2 2 2 2 2 2 2 2 2
left_child=2 3 6 7 8 14 -1 22 10 15 -3 -12 18 -7 -4 16 -5 -10 19 -6 -11 -18 -2 -15 -24 -25 27 29 -28 -22
right_child=1 4 5 9 12 13 -8 -9 17 20 11 -13 -14 23 -16 -17 21 -19 -20 -21 26 -23 24 25 -26 -27 28 -29 -30 -31
leaf_value=-2.9340434730313234 1.5048939123868943 6.5721230124554983 -0.50253165430172353 4.64488829368441 7.9066403962436489 0.19842447173003047 -1.7927779442973826 3.8855089940627416 7.3511220095511476 3.6227630066149161 6.1384565889835363 1.1824592399597169 9.2031618720340482 1.1880392017752626 0.60118564583104239 6.7163683400009617 0.91787142008543021 9.3938102982260965 8.7616720746277235 3.7933914184570314 5.1416263743970525 3.8979070305824282 2.2118352831310375 1.2782380716875197 3.1259129004780117 3.2350264143653038 3.5495227695779601 7.3713818432240004 6.6009858481089267 6.5061597293185205
leaf_weight=6412 125 246 691 406 95 122 608 420 411 33 32 20 377 258 174 33 24 44 157 20 169 48 331 56 328 82 47 89 30 97
leaf_count=6412 125 246 691 406 95 122 608 420 411 33 32 20 377 258 174 33 24 44 157 20 169 48 331 56 328 82 47 89 30 97
internal_value=-7.1612e-10 5.43779 -2.318 3.91492 7.80573 0.307254 -2.8352 2.9713 7.00061 5.07898 6.16383 4.2323 8.73987 1.28876 -0.280512 4.53345 4.38275 7.54866 8.09772 7.19129 5.67848 2.90456 2.48154 1.62467 2.66679 2.44097 5.83552 6.07348 4.7384 5.63922
internal_weight=11985 3582 8403 2180 1402 1383 7020 1204 753 976 298 52 649 518 865 511 478 455 272 115 465 72 784 396 659 138 432 355 77 266
internal_count=11985 3582 8403 2180 1402 1383 7020 1204 753 976 298 52 649 518 865 511 478 455 272 115 465 72 784 396 659 138 432 355 77 266
is_linear=0
shrinkage=0.05


Tree=27
num_leaves=31
num_cat=0
split_feature=4 4 6 6 4 4 4 4 4 8 6 5 3 6 5 4 0 1 1 8 0 5 0 0 0 2 1 1 2 2
split_gain=5.45358e+07 4.663e+06 4.12143e+06 866141 380649 299906 246561 162938 134201 124661 87476.9 84838.7 109130 72351.7 91034.7 70579.4 64920.6 59868 58575.9 52213.4 51955.8 51565.5 51529.3 78816.9 46325.6 44110.1 43922.8 43731.2 37317.2 36920.2
threshold=347.50000000000006 679.50000000000011 125.50000000000001 530.50000000000011 817.50000000000011 243.50000000000003 50.500000000000007 443.50000000000006 580.50000000000011 4.5000000000000009 360.50000000000006 74.500000000000014 52.500000000000007 712.50000000000011 96.500000000000014 922.50000000000011 15.450000000000001 862.50000000000011 213.50000000000003 2.5000000000000004 16.050000000000004 33.500000000000007 23.450000000000003 22.850000000000005 26.050000000000004 50.500000000000007 650.50000000000011 626.50000000000011 46.500000000000007 72.500000000000014
decision_type=2 2 2 2 2 2 2 2 2 2 2 2 2 2 2 2 2 2 2 2 2 2 2 2 2 2 2 2 2 2
left_child=2 3 6 7 9 18 -1 24 13 11 20 -3 -13 14 19 22 -10 -11 -4 -5 -7 -18 23 -6 29 -15 -21 28 -9 -2
right_child=1 4 5 8 15 10 -8 27 16 17 -12 12 -14 25 -16 -17 21 -19 -20 26 -22 -23 -24 -25 -26 -27 -28 -29 -30 -31
leaf_value=-2.7850975597301009 1.7403954188485404 6.2435168519737276 -0.73540641967052989 2.7773667792884673 7.7108574687184159 -0.1855806277307161 -1.695728668888322 2.5833613376857509 3.4391152597609023 6.9835659248260402 1.9991841869773688 5.8315337151288986 1.1233362770080566 4.2996389293670658 2.3415078685736996 9.2538966072400424 4.9189954511720133 8.9241197022524741 0.13874854188763444 4.355633194861559 1.0499857234466272 5.9463862422621734 8.3724996190996315 4.4304790110815144 2.9252708673477175 7.4229590874451858 6.4999551186194795 5.4573445836702987 3.5158128573676475 3.2281115788094539
leaf_weight=6438 370 246 459 49 143 118 565 144 42 411 189 32 20 20 71 150 221 44 329 293 305 273 335 21 153 26 26 24 421 47
leaf_count=6438 370 246 459 49 143 118 565 144 42 411 189 32 20 20 71 150 221 44 329 293 305 273 335 21 153 26 26 24 421 47
internal_value=1.03447e-08 5.1659 -2.2021 3.71918 7.41544 0.274493 -2.69721 2.78375 4.78103 6.65058 1.10489 5.85564 4.02069 4.17841 3.98072 8.30287 5.32631 7.17122 -0.370436 4.29698 0.705312 5.48676 8.01699 7.29081 2.18111 6.06499 4.53041 3.36696 3.27816 1.90808
internal_weight=11985 3582 8403 2180 1402 1400 7003 1159 1021 753 612 298 52 485 439 649 536 455 788 368 423 494 499 164 570 46 319 589 565 417
internal_count=11985 3582 8403 2180 1402 1400 7003 1159 1021 753 612 298 52 485 439 649 536 455 788 368 423 494 499 164 570 46 319 589 565 417
is_linear=0
shrinkage=0.05


Tree=28
num_leaves=31
num_cat=0
split_feature=4 4 4 4 1 6 4 4 5 0 1 6 4 6 1 1 3 1 1 6 2 5 6 1 3 1 5 4 0 2
split_gain=4.92322e+07 5.57695e+06 2.12867e+06 896218 571735 230388 215161 154738 98605.2 77712.5 76446.7 74464.2 72110.2 66785.5 61977.5 59703.6 56101 132092 50990.5 47890.3 43950 42589.2 38765.6 36942.4 36197.5 35392.3 52682 39925.7 34379.9 33334.9
threshold=283.50000000000006 580.50000000000011 76.500000000000014 714.50000000000011 468.50000000000006 804.50000000000011 175.50000000000003 356.50000000000006 74.500000000000014 26.250000000000004 925.50000000000011 738.50000000000011 10.500000000000002 427.50000000000006 821.50000000000011 336.50000000000006 46.500000000000007 688.50000000000011 640.50000000000011 712.50000000000011 30.500000000000004 97.500000000000014 147.50000000000003 738.50000000000011 57.500000000000007 650.50000000000011 86.500000000000014 533.50000000000011 25.250000000000004 61.500000000000007
decision_type=2 2 2 2 2 2 2 2 2 2 2 2 2 2 2 2 2 2 2 2 2 2 2 2 2 2 2 2 2 2
left_child=2 4 12 11 7 8 22 28 14 19 20 23 -1 -9 -5 -8 -13 -18 -11 21 -7 25 -4 -3 -23 26 27 -6 -2 -15
right_child=1 3 6 5 9 10 15 13 -10 18 -12 16 -14 29 -16 -17 17 -19 -20 -21 -22 24 -24 -25 -26 -27 -28 -29 -30 -31
leaf_value=-2.6772403938178249 0.87716978753671193 4.7812430106444301 -1.4114711501868442 6.3911177622241739 2.8178131500920975 5.5799968507554798 0.011333976554164252 1.9706698471065023 3.589127323545259 4.151116637038462 8.7782480604078152 6.6109136343987522 -2.1478228217024413 2.4633053409147867 8.2569826393127439 1.4713536134249048 7.3931004819415866 1.9083013669304227 6.4936986593099748 5.0784196621662865 7.6476524583548873 1.9000068763891858 -0.61432688415520775 6.6076043030311329 4.0854265093803406 5.4488577706473222 5.7836465154375354 3.8625449941069094 1.9612718306792278 3.5465767064759897
leaf_weight=5960 307 612 384 405 242 27 616 442 29 218 163 121 721 158 50 79 21 23 26 37 534 90 253 29 24 21 21 147 96 129
leaf_count=5960 307 612 384 405 242 27 616 442 29 218 163 121 721 158 50 79 21 23 26 37 534 90 253 29 24 21 21 147 96 129
internal_value=4.60013e-08 4.55165 -2.25623 6.39896 2.6515 7.26051 -0.431089 1.92166 6.41598 3.65172 7.82508 5.1077 -2.62011 2.35631 6.59616 0.177293 6.05495 4.52605 4.40074 3.3377 7.54814 3.21952 -1.09487 4.86387 2.3601 3.44684 3.3443 3.21261 1.13542 2.95021
internal_weight=11985 3972 8013 2014 1958 1208 1332 1132 484 826 724 806 6681 729 455 695 165 44 244 582 561 545 637 641 114 431 410 389 403 287
internal_count=11985 3972 8013 2014 1958 1208 1332 1132 484 826 724 806 6681 729 455 695 165 44 244 582 561 545 637 641 114 431 410 389 403 287
is_linear=0
shrinkage=0.05


Tree=29
num_leaves=31
num_cat=0
split_feature=4 4 4 4 1 4 4 4 1 0 1 6 5 6 6 1 5 4 2 5 1 3 4 6 8 6 2 0 6 0
split_gain=4.44321e+07 5.0332e+06 1.92166e+06 808836 517300 208826 182964 152885 74509.2 70257.9 75701.5 69608.4 82216.1 68678.8 59409.1 54356.2 49968.4 49319.5 44738.3 42338.5 38146.1 37064.9 50047.6 39461.7 36827.1 48254.4 36518.3 33279.1 31382.2 30636
threshold=283.50000000000006 580.50000000000011 79.500000000000014 714.50000000000011 478.50000000000006 838.50000000000011 175.50000000000003 403.50000000000006 14.500000000000002 19.550000000000004 622.50000000000011 804.50000000000011 74.500000000000014 626.50000000000011 345.50000000000006 349.50000000000006 85.500000000000014 934.50000000000011 39.500000000000007 93.500000000000014 765.50000000000011 25.500000000000004 428.50000000000006 535.50000000000011 5.5000000000000009 928.50000000000011 77.500000000000014 16.950000000000003 147.50000000000003 19.550000000000004
decision_type=2 2 2 2 2 2 2 2 2 2 2 2 2 2 2 2 2 2 2 2 2 2 2 2 2 2 2 2 2 2
left_child=2 4 8 13 7 11 28 14 -1 18 19 12 20 -3 -2 29 -12 24 -6 -11 -5 22 -20 -23 25 -7 27 -9 -4 -8
right_child=1 3 6 5 9 17 15 26 -10 10 16 -13 -14 -15 -16 -17 -18 -19 21 -21 -22 23 -24 -25 -26 -27 -28 -29 -30 -31
leaf_value=-2.5412773131689708 0.87590479665596632 4.2560705586675773 -1.3195538906973667 5.6750084479649869 0.89600270318984987 7.2189685635036902 -0.3289810758385458 1.8706516457132147 -1.9958707408236078 3.7509117611180778 6.2537767105102544 6.9797630399711865 3.2983466284615655 5.2095915270644051 1.7996187308534459 1.545053726893205 3.97033722076727 8.6404181655572394 0.93300853660612404 1.8769811724171495 6.6673877458011406 3.0725072050994298 3.0932034207390742 5.2176860160297824 7.9117237633254938 4.8145543471626624 4.5438681082292041 2.76622787505783 -0.58864223345755096 0.36848719636227856
leaf_weight=6012 307 302 358 225 25 225 309 158 699 348 50 242 28 504 402 65 46 98 33 33 170 53 143 36 197 23 22 302 249 321
leaf_count=6012 307 302 358 225 25 225 309 158 699 348 50 242 28 504 402 65 46 98 33 33 170 53 143 36 197 23 22 302 249 321
internal_value=-5.25613e-09 4.32407 -2.14342 6.07901 2.51893 6.89749 -0.385495 1.86673 -2.48447 3.53165 3.90478 6.30344 5.91652 4.85232 1.39965 0.168428 5.15963 7.625 2.91792 3.5886 6.10211 3.10867 2.68817 3.94022 7.40138 6.99598 2.55379 2.45862 -1.01972 0.0263956
internal_weight=11985 3972 8013 2014 1958 1208 1302 1191 6711 767 477 665 423 806 709 695 96 543 290 381 395 265 176 89 445 248 482 460 607 630
internal_count=11985 3972 8013 2014 1958 1208 1302 1191 6711 767 477 665 423 806 709 695 96 543 290 381 395 265 176 89 445 248 482 460 607 630
is_linear=0
shrinkage=0.05


Tree=30
num_leaves=31
num_cat=0
split_feature=4 4 4 4 4 4 6 1 8 6 0 0 4 1 0 8 1 4 4 1 0 0 2 6 0 1 2 6 4 3
split_gain=4.01049e+07 3.43885e+06 3.03961e+06 467476 443804 216157 194435 109698 101551 100849 71395.8 68547.8 65397.9 65274.6 63341.9 80373 49853.9 46506.2 44827.1 43142.1 42012.7 41552 49575.4 60417.2 40594.3 40480 38568.1 36289.6 35622.8 35012
threshold=347.50000000000006 641.50000000000011 125.50000000000001 497.50000000000006 803.50000000000011 243.50000000000003 46.500000000000007 772.50000000000011 4.5000000000000009 445.50000000000006 16.050000000000004 26.050000000000004 922.50000000000011 808.50000000000011 24.250000000000004 3.5000000000000004 424.50000000000006 679.50000000000011 717.50000000000011 213.50000000000003 23.450000000000003 29.850000000000005 60.500000000000007 910.50000000000011 19.550000000000004 708.50000000000011 66.500000000000014 804.50000000000011 558.50000000000011 55.500000000000007
decision_type=2 2 2 2 2 2 2 2 2 2 2 2 2 2 2 2 2 2 2 2 2 2 2 2 2 2 2 2 2 2
left_child=2 3 6 9 8 19 -1 11 14 -2 -7 25 21 17 18 -16 -12 20 -3 -4 -10 22 23 -6 -24 26 28 -20 -5 -11
right_child=1 4 5 7 12 10 -8 -9 13 29 16 -13 -14 -15 15 -17 -18 -19 27 -21 -22 -23 24 -25 -26 -27 -28 -29 -30 -31
leaf_value=-2.3934067168095399 1.8052237337635413 4.5098769259510449 -0.62283774637246303 2.6765695808886445 6.3181288476671496 0.018393877177284315 -1.4753564573001787 6.4741932240440638 2.6797959971427918 2.5617169029163032 1.046123492017166 4.357812676237617 7.9694100964864099 7.0266075441914229 5.4179465770721436 1.6151774204138556 2.5386034056773554 5.9030278982048152 5.3527686549269635 0.14449315726781239 5.1627198459791108 7.3759251969370681 5.1218922181562947 3.8895767430464425 7.4268642978010506 5.2010665003458669 4.1839895311391579 7.5692364172501998 3.5295149384342674 3.5937511809375309
leaf_weight=6386 558 181 452 229 175 156 634 37 20 334 402 273 150 93 24 33 65 317 115 308 115 201 22 30 145 30 106 22 263 109
leaf_count=6386 558 181 452 229 175 156 634 37 20 334 402 273 150 93 24 33 65 317 115 308 115 201 22 30 145 30 106 22 263 109
internal_value=3.34956e-08 4.43 -1.88841 3.00392 6.113 0.254086 -2.31049 3.80593 5.38452 2.25239 0.944495 3.69635 7.03999 5.82026 4.75123 3.21634 1.25386 5.57205 5.02635 -0.311867 4.79488 6.79668 6.4837 5.96273 7.12322 3.40881 3.3189 5.7087 3.13251 2.81565
internal_weight=11985 3582 8403 1939 1643 1383 7020 938 920 1001 623 901 723 545 375 57 467 452 318 760 135 573 372 205 167 628 598 137 492 443
internal_count=11985 3582 8403 1939 1643 1383 7020 938 920 1001 623 901 723 545 375 57 467 452 318 760 135 573 372 205 167 628 598 137 492 443
is_linear=0
shrinkage=0.05


Tree=31
num_leaves=31
num_cat=0
split_feature=4 4 4 4 1 4 6 4 0 6 6 5 1 0 3 1 2 2 6 4 1 3 3 4 8 6 1 5 2 2
split_gain=3.62024e+07 4.1065e+06 1.56896e+06 655110 426746 173226 159407 124778 60393 59454.3 56889.1 71732.5 54966.9 52187.1 48745.3 119340 47291 46145.1 62604 45096.9 42426 41537.2 53105.8 50389.7 41128.1 41017.7 37992 37225.1 35178.8 49062.4
threshold=283.50000000000006 580.50000000000011 76.500000000000014 714.50000000000011 478.50000000000006 838.50000000000011 181.50000000000003 403.50000000000006 26.250000000000004 738.50000000000011 804.50000000000011 74.500000000000014 4.5000000000000009 24.150000000000002 46.500000000000007 688.50000000000011 70.500000000000014 49.500000000000007 654.50000000000011 540.50000000000011 932.50000000000011 20.500000000000004 90.500000000000014 423.50000000000006 10.500000000000002 643.50000000000011 640.50000000000011 92.500000000000014 58.500000000000007 56.500000000000007
decision_type=2 2 2 2 2 2 2 2 2 2 2 2 2 2 2 2 2 2 2 2 2 2 2 2 2 2 2 2 2 2
left_child=2 4 12 9 7 10 -4 13 17 -3 11 -5 -1 16 -11 -16 -2 24 19 21 28 23 -23 -19 25 -6 -10 -20 29 -7
right_child=1 3 6 5 8 20 -8 -9 26 14 -12 -13 -14 -15 15 -17 -18 18 27 -21 -22 22 -24 -25 -26 -27 -28 -29 -30 -31
leaf_value=-2.3016572543226235 0.71186802694598317 4.166446174957823 -0.95576801067489459 5.5074240810659871 2.9273628379060672 6.5081376636729518 0.14104548189632532 2.3009488916975211 3.63991993386571 5.748968282809928 6.295276847851178 2.888514518737793 -1.8697450345097064 1.9020629317251914 6.5307409059433716 1.3173930893773618 1.8965149621168775 0.23544182135113356 6.4664079341021452 4.0050879749251003 7.6874014771829442 4.1047219222700093 1.1878501510620116 2.578337981321595 0.32751017287373546 0.84774457688989324 5.6688087573418251 3.4859261226654059 7.0900301737206011 4.3740077793598173
leaf_weight=5838 383 641 618 395 130 170 714 482 205 121 242 28 843 218 21 23 108 29 22 81 127 71 20 110 24 29 26 20 214 32
leaf_count=5838 383 641 618 395 130 170 714 482 205 121 242 28 843 218 21 23 108 29 22 81 127 71 20 110 24 29 26 20 214 32
internal_value=1.24897e-08 3.90313 -1.93476 5.48831 2.27261 6.22491 -0.367836 1.68025 3.19244 4.38432 5.68386 5.33407 -2.24716 1.25828 5.23073 3.80558 0.972442 2.90118 3.23521 2.99051 6.88751 2.63321 3.46365 2.08953 2.25684 2.54806 3.86828 5.04713 6.64331 6.17006
internal_weight=11985 3972 8013 2014 1958 1208 1332 1191 767 806 665 423 6681 709 165 44 491 536 353 311 543 230 91 139 183 159 231 42 416 202
internal_count=11985 3972 8013 2014 1958 1208 1332 1191 767 806 665 423 6681 709 165 44 491 536 353 311 543 230 91 139 183 159 231 42 416 202
is_linear=0
shrinkage=0.05


Tree=32
num_leaves=31
num_cat=0
split_feature=4 4 4 6 4 4 1 4 8 8 5 0 6 1 0 2 6 0 5 0 4 5 5 1 5 1 8 0 4 4
split_gain=3.26916e+07 2.69198e+06 2.63238e+06 507358 230019 183182 170430 89739.1 87190.5 85646.7 65780 102477 63827.9 60969.8 55890.5 54027.1 105439 52326.4 51612.6 47737.8 45608.3 43633.2 36858.8 40596.1 36492.9 35040.5 34288.6 31244.5 31107.2 30464.6
threshold=356.50000000000006 679.50000000000011 129.50000000000003 530.50000000000011 817.50000000000011 262.50000000000006 49.500000000000007 480.50000000000006 4.5000000000000009 2.5000000000000004 74.500000000000014 23.150000000000002 742.50000000000011 750.50000000000011 24.650000000000002 59.500000000000007 906.50000000000011 16.050000000000004 36.500000000000007 15.850000000000003 664.50000000000011 28.500000000000004 93.500000000000014 654.50000000000011 26.500000000000004 257.50000000000006 6.5000000000000009 22.550000000000004 915.50000000000011 562.50000000000011
decision_type=2 2 2 2 2 2 2 2 2 2 2 2 2 2 2 2 2 2 2 2 2 2 2 2 2 2 2 2 2 2
left_child=2 3 6 7 8 25 -1 19 10 29 -3 -12 13 22 15 16 -6 -7 -10 -2 -14 -19 -11 -24 -21 -4 -20 -17 -16 -5
right_child=1 4 5 9 14 17 -8 -9 18 12 11 -13 20 -15 28 27 -18 21 26 24 -22 -23 23 -25 -26 -27 -28 -29 -30 -31
leaf_value=-2.1589548984469284 0.93147988342127563 4.8253722823732268 -0.34975428189732716 1.7015428931053198 5.7581042590894205 0.080949289592232299 -1.2996001807438087 2.7927898640878119 5.0336902152408252 3.7960529272035779 4.7688643296559654 0.27610043178905141 5.5455050372005852 6.4773345589637756 6.5130380817488138 5.9500175591671116 1.7637783098220827 0.43564245818603431 6.9016443350735832 1.5878463203215418 3.0477960088978646 1.5404441773454893 3.5245648765563966 1.0721722514541061 2.3730495132242932 0.44893195437902667 5.6446776857376104 7.4114374489619825 7.4838185517514333 3.1747204800869557
leaf_weight=6412 118 246 666 56 95 127 634 390 220 663 30 22 89 20 255 99 20 124 85 262 23 320 45 27 340 173 150 58 122 94
leaf_count=6412 118 246 666 56 95 127 634 390 220 663 30 22 89 20 255 99 20 124 85 262 23 320 45 27 340 173 150 58 122 94
internal_value=4.49441e-08 4.04228 -1.68699 2.92111 5.74322 0.285086 -2.08163 2.18194 5.14865 3.72787 4.48383 2.86808 3.91872 3.75349 6.43307 5.8868 5.06344 0.975906 5.58407 1.85107 5.03258 1.2319 3.67937 2.60492 2.03132 -0.185067 6.09933 6.48991 6.82719 2.62473
internal_weight=11985 3529 8456 2127 1402 1410 7046 1110 753 1017 298 52 867 755 649 272 115 571 455 720 112 444 735 72 602 839 235 157 377 150
internal_count=11985 3529 8456 2127 1402 1410 7046 1110 753 1017 298 52 867 755 649 272 115 571 455 720 112 444 735 72 602 839 235 157 377 150
is_linear=0
shrinkage=0.05


Tree=33
num_leaves=31
num_cat=0
split_feature=4 4 6 6 4 4 1 1 8 4 5 6 1 0 8 1 2 0 4 6 1 2 4 5 6 0 1 1 3 3
split_gain=2.95042e+07 2.43092e+06 2.38326e+06 325671 325583 179381 132768 91912.2 80082.8 74352 60248.1 56624.3 54968.5 53770.8 69543.9 53470.1 51481.9 43083.4 41743.2 37564 35424 34720.6 34490.5 32934.8 31147.5 30779.4 29101.2 29027.6 28581.1 59391.9
threshold=356.50000000000006 641.50000000000011 125.50000000000001 530.50000000000011 803.50000000000011 243.50000000000003 37.500000000000007 772.50000000000011 4.5000000000000009 480.50000000000006 93.500000000000014 345.50000000000006 862.50000000000011 24.250000000000004 3.5000000000000004 906.50000000000011 50.500000000000007 15.850000000000003 515.50000000000011 726.50000000000011 213.50000000000003 38.500000000000007 717.50000000000011 26.500000000000004 804.50000000000011 25.250000000000004 129.50000000000003 542.50000000000011 96.500000000000014 4.5000000000000009
decision_type=2 2 2 2 2 2 2 2 2 2 2 2 2 2 2 2 2 2 2 2 2 2 2 2 2 2 2 2 2 2
left_child=2 3 6 9 8 20 -1 16 13 17 -9 -7 -10 22 -15 -6 18 -2 25 -18 -4 -11 -3 -19 -24 -5 -8 -23 29 -20
right_child=1 4 5 7 15 11 26 10 12 21 -12 -13 -14 14 -16 -17 19 23 28 -21 -22 27 24 -25 -26 -27 -28 -29 -30 -31
leaf_value=-2.0578332109313497 0.88490589890881621 3.8602664333680714 -0.55400288609386084 0.63044142272021331 5.7265657116801059 0.47291547446962334 -1.4277381170667136 7.6483198642730716 4.8776014267697052 1.1301526519230434 3.8565673134543683 1.417148336688526 6.9259596088954387 4.693557365735372 1.1562360286712647 6.6297712619561127 3.4502551504059848 1.5084540026411699 3.4847601260457726 5.4020828687227693 0.12579134300826711 2.5343199955777647 4.5820760503022573 2.2543970531742912 6.6355128114873709 2.9920840350064366 -0.22994456383315001 3.6446782789732284 4.7274722186001865 1.5135403312485796
leaf_weight=6298 118 181 459 37 472 403 650 20 510 35 22 262 35 24 33 251 475 262 112 26 329 261 115 340 22 22 55 76 22 58
leaf_count=6298 118 181 459 37 472 403 650 20 510 35 22 262 35 24 33 251 475 262 112 26 329 261 115 340 22 22 55 76 22 58
internal_value=3.32836e-08 3.84016 -1.60264 2.61533 5.24615 0.240176 -1.98499 3.38586 4.62219 2.05507 5.66216 0.844929 5.00915 4.05981 2.64563 6.04013 3.25872 1.75851 2.67424 3.55155 -0.27018 2.62905 4.3133 1.92975 4.91183 1.51105 -1.33429 2.78473 3.03168 2.81223
internal_weight=11985 3529 8456 1886 1643 1453 7003 794 920 1092 42 665 545 375 57 723 752 720 251 501 788 372 318 602 137 59 705 337 192 170
internal_count=11985 3529 8456 1886 1643 1453 7003 794 920 1092 42 665 545 375 57 723 752 720 251 501 788 372 318 602 137 59 705 337 192 170
is_linear=0
shrinkage=0.05


Tree=34
num_leaves=31
num_cat=0
split_feature=4 4 6 6 4 6 1 4 4 8 8 1 4 5 2 1 5 5 0 5 4 6 5 5 5 0 3 3 5 2
split_gain=2.66276e+07 2.20173e+06 2.15089e+06 411421 187504 163038 121510 80114.9 74002.9 73248.8 57893.4 74484.2 53386.6 51399.7 41658.3 44218.7 40001.4 41467.9 38934.6 37461.1 36012.1 33503.8 31336.5 43341.1 41158.9 62205.7 30503.6 39610.8 54585.3 30403.2
threshold=356.50000000000006 679.50000000000011 125.50000000000001 530.50000000000011 838.50000000000011 331.50000000000006 58.500000000000007 222.50000000000003 436.50000000000006 2.5000000000000004 4.5000000000000009 848.50000000000011 580.50000000000011 37.500000000000007 49.500000000000007 756.50000000000011 84.500000000000014 57.500000000000007 24.150000000000002 33.500000000000007 934.50000000000011 881.50000000000011 36.500000000000007 68.500000000000014 29.500000000000004 29.350000000000005 98.500000000000014 44.500000000000007 69.500000000000014 46.500000000000007
decision_type=2 2 2 2 2 2 2 2 2 2 2 2 2 2 2 2 2 2 2 2 2 2 2 2 2 2 2 2 2 2
left_child=2 3 6 8 10 7 -1 -4 18 -5 11 -3 14 -12 16 -16 17 -11 -2 -14 22 -15 24 -24 -6 -26 27 -21 -29 -10
right_child=1 4 5 9 20 -7 -8 -9 29 12 13 -13 19 21 15 -17 -18 -19 -20 26 -22 -23 23 -25 25 -27 -28 28 -30 -31
leaf_value=-1.9416074346842782 1.1715070076548635 4.4154962424933917 -0.45849092997230062 2.3405232245127361 5.6923080183894763 1.1527430851915255 -1.1092427855286193 0.40245638852939014 1.7329369718645826 2.2397942230349681 4.5493154234356359 1.4078354228626599 3.4015044107295505 5.2656202239599432 3.2888219686168614 5.7272784471511846 1.0382083113376912 4.5933277924855558 2.1206627747326188 4.4578995607793335 6.7813943091095714 6.6711304151786948 6.6955964545893485 4.330876705957496 2.2094944694767831 5.7480350565027312 6.1880541610717774 0.87223180770874031 4.4813910083337261 2.5272312177781098
leaf_weight=6533 313 320 607 150 249 359 470 487 162 61 252 22 202 212 264 20 39 27 165 192 98 53 123 23 23 27 20 20 22 470
leaf_count=6533 313 320 607 150 249 359 470 487 162 61 252 22 202 212 264 20 39 27 165 192 98 53 123 23 23 27 20 20 22 470
internal_value=-2.34084e-08 3.64815 -1.52251 2.6342 5.18644 0.228167 -1.88574 -0.0752356 1.96858 3.3607 4.72671 4.22202 3.5372 5.06056 3.12392 3.46054 2.37116 2.9619 1.49914 3.90969 5.91371 5.54672 5.72263 6.32307 5.42943 4.12031 4.31383 4.15364 2.76274 2.32363
internal_weight=11985 3529 8456 2127 1402 1453 7003 1094 1110 1017 859 342 867 517 411 284 127 88 478 456 543 265 445 146 299 50 254 234 42 632
internal_count=11985 3529 8456 2127 1402 1453 7003 1094 1110 1017 859 342 867 517 411 284 127 88 478 456 543 265 445 146 299 50 254 234 42 632
is_linear=0
shrinkage=0.05


Tree=35
num_leaves=31
num_cat=0
split_feature=4 4 1 4 1 6 6 4 4 4 0 1 6 4 6 5 6 0 2 1 3 6 6 2 2 5 5 6 0 0
split_gain=2.4036e+07 2.64791e+06 1.15388e+06 439977 259782 92293.2 83845.8 75599.5 73401.6 69465.8 53392.3 57136.1 52492.8 42298.3 40692 40536.1 45117 40364 37971 65360.1 62979.8 35132.3 33596 32278.4 31570 29970.7 55600.8 54881.8 32210 46628.6
threshold=293.50000000000006 580.50000000000011 100.50000000000001 763.50000000000011 468.50000000000006 738.50000000000011 280.50000000000006 16.500000000000004 885.50000000000011 403.50000000000006 19.550000000000004 622.50000000000011 650.50000000000011 183.50000000000003 708.50000000000011 99.500000000000014 855.50000000000011 26.050000000000004 48.500000000000007 756.50000000000011 95.500000000000014 917.50000000000011 688.50000000000011 77.500000000000014 39.500000000000007 99.500000000000014 81.500000000000014 404.50000000000006 19.650000000000002 16.350000000000005
decision_type=2 2 2 2 2 2 2 2 2 2 2 2 2 2 2 2 2 2 2 2 2 2 2 2 2 2 2 2 2 2
left_child=2 4 7 5 9 18 13 -1 21 17 24 -12 -13 -4 -14 16 -7 -2 20 -20 22 -5 -3 -11 -6 26 -8 -28 29 -27
right_child=1 3 6 8 10 15 25 -9 -10 23 11 12 14 -15 -16 -17 -18 -19 19 -21 -22 -23 -24 -25 -26 28 27 -29 -30 -31
leaf_value=-1.8706162521604857 0.81335550263021261 2.9587036969855025 -0.67419101660555991 4.8560392882805195 0.36401165815500114 4.5097181405645115 0.44310279990407242 -1.3573922344998295 5.9288221143790203 1.7546697408673477 2.6062675012153811 5.5039680985042025 1.355391328985041 -0.012880046604608886 4.044732708044541 2.8017794422805311 6.9681516861915584 1.7393100001735071 3.627888115420399 6.5446699357032774 0.61103878021240243 6.157746630384211 4.4958656571128151 3.7202203360470865 2.1832495920360091 0.95531277142722049 1.159288134246037 4.5639050459861759 1.440041815977672 -1.7069004736448592
leaf_weight=6055 489 185 470 572 26 279 87 814 296 413 413 35 22 498 39 32 20 155 484 20 25 57 44 22 288 29 29 20 29 38
leaf_count=6055 489 185 470 572 26 279 87 814 296 413 413 35 22 498 39 32 20 155 484 20 25 57 44 22 288 29 29 20 29 38
internal_value=1.21261e-09 3.21418 -1.55989 4.47768 1.87628 3.79658 -0.129361 -1.8098 5.27954 1.36594 2.54536 2.86167 3.96044 -0.333971 3.07481 4.49315 4.67416 1.03622 3.49241 3.74363 2.99391 4.974 3.25405 1.85408 2.03261 0.724355 1.20182 2.54893 0.0479486 -0.554599
internal_weight=11985 3916 8069 2014 1902 1089 1200 6869 925 1079 823 509 96 968 61 331 299 644 758 504 254 629 229 435 314 232 136 49 96 67
internal_count=11985 3916 8069 2014 1902 1089 1200 6869 925 1079 823 509 96 968 61 331 299 644 758 504 254 629 229 435 314 232 136 49 96 67
is_linear=0
shrinkage=0.05


Tree=36
num_leaves=31
num_cat=0
split_feature=4 4 4 6 4 4 4 8 8 4 5 3 0 2 0 6 0 1 6 5 3 8 0 5 0 5 0 1 5 0
split_gain=2.17044e+07 1.79442e+06 1.75448e+06 339419 154878 122241 115183 63574.6 63304.9 61611.2 55219.3 95115.5 45982.2 47720.9 102858 149296 44200.1 43692.9 48089.6 41168.6 39348.7 38297.9 37604.6 34028.6 32745.6 29122.4 28896.1 28426.8 26040.6 25762.1
threshold=356.50000000000006 679.50000000000011 129.50000000000003 530.50000000000011 817.50000000000011 262.50000000000006 59.500000000000007 4.5000000000000009 2.5000000000000004 480.50000000000006 74.500000000000014 52.500000000000007 24.650000000000002 59.500000000000007 22.950000000000003 865.50000000000011 16.050000000000004 811.50000000000011 742.50000000000011 31.500000000000004 48.500000000000007 6.5000000000000009 15.850000000000003 29.500000000000004 26.650000000000002 26.500000000000004 20.650000000000002 439.50000000000006 68.500000000000014 22.550000000000004
decision_type=2 2 2 2 2 2 2 2 2 2 2 2 2 2 2 2 2 2 2 2 2 2 2 2 2 2 2 2 2 2
left_child=2 3 6 9 7 -4 -1 10 -5 22 -3 -12 13 14 26 -16 -7 18 24 -9 -20 -21 27 -18 -10 -24 -6 28 -2 -15
right_child=1 4 5 8 12 16 -8 19 17 -11 11 -13 -14 29 15 -17 23 -19 20 21 -22 -23 25 -25 -26 -27 -28 -29 -30 -31
leaf_value=-1.7529271783531304 0.61795251155967146 3.9397574089649248 -0.148647601977135 2.0897756088574728 4.1617423322465683 -0.022786779313047571 -0.969195348226493 3.9784639052549999 2.7236617133261145 2.2798729983048562 3.8370249189436438 -0.55846437454223641 5.6059556014974179 4.8295623838299457 4.7383986473083501 -1.1108411121368409 0.3434620169409382 5.1452367558543175 4.850217782561459 5.7698915619640907 2.5585438499083888 4.5258915908099544 1.2633884779284692 1.3120788924607569 3.3955407993586499 1.9648299590246205 6.1793359048025955 -0.70794751598898864 2.5678648285243821 6.1565871205823175
leaf_weight=6541 67 246 839 150 36 127 505 180 435 390 32 20 377 99 24 20 127 28 67 94 26 181 262 317 311 340 35 28 23 58
leaf_count=6541 67 246 839 150 36 127 505 180 435 390 32 20 377 99 24 20 127 28 67 94 26 181 262 317 311 340 35 28 23 58
internal_value=1.58449e-08 3.29368 -1.37457 2.37831 4.68241 0.235418 -1.69676 4.19452 3.03818 1.77373 3.62683 2.14645 5.24847 4.75299 3.97917 2.07965 0.799746 3.20226 3.13742 4.56633 4.20953 4.95111 1.49957 1.03502 3.00376 1.65955 5.15633 0.6834 1.11626 5.3198
internal_weight=11985 3529 8456 2127 1402 1410 7046 753 1017 1110 298 52 649 272 115 44 571 867 839 455 93 275 720 444 746 602 71 118 90 157
internal_count=11985 3529 8456 2127 1402 1410 7046 753 1017 1110 298 52 649 272 115 44 571 867 839 455 93 275 720 444 746 602 71 118 90 157
is_linear=0
shrinkage=0.05


Tree=37
num_leaves=31
num_cat=0
split_feature=4 4 6 6 4 6 4 1 4 2 6 5 8 1 8 4 4 0 4 3 4 0 8 6 1 3 2 1 1 4
split_gain=1.95882e+07 1.62284e+06 1.58596e+06 224783 219558 122105 92049 76406.7 60901.2 60857.8 58817.4 50798.1 49183.7 49062 77140.2 45170.5 42535.4 42044.6 38600.7 34425.2 34348.8 33424.5 32513.6 53626.6 31097.2 28812.4 33094 34392.8 27330.8 25522.7
threshold=356.50000000000006 641.50000000000011 125.50000000000001 485.50000000000006 803.50000000000011 331.50000000000006 18.500000000000004 772.50000000000011 222.50000000000003 50.500000000000007 873.50000000000011 93.500000000000014 4.5000000000000009 779.50000000000011 3.5000000000000004 432.50000000000006 930.50000000000011 28.650000000000002 462.50000000000006 99.500000000000014 551.50000000000011 24.150000000000002 5.5000000000000009 928.50000000000011 594.50000000000011 4.5000000000000009 41.500000000000007 578.50000000000011 526.50000000000011 885.50000000000011
decision_type=2 2 2 2 2 2 2 2 2 2 2 2 2 2 2 2 2 2 2 2 2 2 2 2 2 2 2 2 2 2
left_child=2 3 6 15 10 8 -1 9 -4 17 12 -9 13 -3 -15 21 22 18 -5 25 -11 -2 23 29 -17 -20 27 -27 -28 -6
right_child=1 4 5 7 16 -7 -8 11 -10 20 -12 -13 -14 14 -16 24 -18 -19 19 -21 -22 -23 -24 -25 -26 26 28 -29 -30 -31
leaf_value=-1.6882049538444956 0.83240370368892025 3.4775513975081909 -0.39927751890566243 0.094549685344100007 4.3424768649420491 0.99758040127149872 -1.1513348757353195 6.5377967095375062 0.35136457857976094 2.4775509179494848 5.5708661015643628 3.0560902346264234 3.9930031584808603 4.0658511807737145 0.26961778062395753 1.79139214489956 5.7981606891599755 3.1878098068634668 2.2646900729471895 3.6992986373901369 3.2037641659281615 1.7575149942385524 5.1769849311221732 2.1064043977986215 3.7212405638261274 1.6260110230549523 0.61168934106826789 -1.0051226509941948 3.0142845992384286 5.3664399431972969
leaf_weight=6084 273 310 607 32 236 359 919 20 487 348 43 22 512 23 32 408 118 60 119 25 306 152 264 23 22 23 20 27 29 82
leaf_count=6084 273 310 607 32 236 359 919 20 487 348 43 22 512 23 32 408 118 60 119 25 306 152 264 23 22 23 20 27 29 82
internal_value=-1.62765e-08 3.129 -1.30585 2.12824 4.27777 0.197443 -1.61775 2.62533 -0.0651251 2.53663 3.76538 4.71405 3.67685 3.23338 1.85713 1.52882 4.92977 1.98861 1.72696 1.94193 2.81734 1.16327 4.7604 4.43789 1.89013 1.74039 1.11018 0.205199 2.03363 4.60652
internal_weight=11985 3529 8456 1886 1643 1453 7003 1031 1094 989 920 42 877 365 55 855 723 335 275 243 654 425 605 341 430 218 99 50 49 318
internal_count=11985 3529 8456 1886 1643 1453 7003 1031 1094 989 920 42 877 365 55 855 723 335 275 243 654 425 605 341 430 218 99 50 49 318
is_linear=0
shrinkage=0.05


Tree=38
num_leaves=31
num_cat=0
split_feature=4 4 4 4 4 6 4 6 8 1 4 6 4 5 6 5 0 5 2 2 6 2 0 5 3 3 6 3 5 0
split_gain=1.76784e+07 1.47063e+06 1.43543e+06 278308 126788 108429 86970.3 69578.5 52669.3 100846 52306.3 50075.4 44679 68701.6 43418.4 112860 46117.7 49863.1 40997 74872.6 53993.1 40468.2 39890.9 35363.1 49209.7 35437.9 28686.1 27179.5 26552.9 60309.1
threshold=356.50000000000006 679.50000000000011 125.50000000000001 521.50000000000011 838.50000000000011 345.50000000000006 55.500000000000007 439.50000000000006 4.5000000000000009 793.50000000000011 198.50000000000003 663.50000000000011 562.50000000000011 99.500000000000014 765.50000000000011 82.500000000000014 19.950000000000003 51.500000000000007 40.500000000000007 36.500000000000007 643.50000000000011 49.500000000000007 20.050000000000004 37.500000000000007 31.500000000000004 41.500000000000007 948.50000000000011 24.500000000000004 99.500000000000014 19.650000000000002
decision_type=2 2 2 2 2 2 2 2 2 2 2 2 2 2 2 2 2 2 2 2 2 2 2 2 2 2 2 2 2 2
left_child=2 3 6 7 14 10 -1 -2 12 22 -4 21 13 -5 15 -3 17 -16 19 -14 -20 -9 -10 24 -18 -25 -6 -22 -7 -30
right_child=1 4 5 8 26 28 -8 11 9 -11 -12 -13 18 -15 16 -17 23 -19 20 -21 27 -23 -24 25 -26 -27 -28 -29 29 -31
leaf_value=-1.5847092069982107 1.1784171615116454 3.6739539317309564 -0.45282363296660794 2.0871215139782948 4.694954091571816 1.3442139998847891 -0.90972018844294311 1.1764740754904286 1.1705862553914388 6.3966287352822047 0.244818195971332 3.9604568163553875 2.7133448283780708 -0.9625523665411907 4.4367570209503171 -0.17344979286193848 4.1428999270466589 0.9872441811995073 2.5227182255603782 -0.91536355018615723 3.121329911140835 2.1261585740289961 3.0490432066445958 4.4943646507868493 1.5461009456997825 6.1648383893464747 5.8220155477523807 5.0926126003265386 -0.66493331403063061 2.0209562944643427
leaf_weight=6505 523 406 438 115 479 213 515 155 30 22 695 30 44 22 20 20 139 22 201 21 34 406 488 193 21 38 64 36 57 33
leaf_count=6505 523 406 438 115 479 213 515 155 30 22 695 30 44 22 20 20 139 22 201 21 34 406 488 193 21 38 64 36 57 33
internal_value=4.36492e-09 2.97255 -1.24055 2.14387 4.22975 0.199805 -1.53519 1.59847 2.74364 3.08107 -0.0248792 1.9702 2.35842 1.59739 3.85171 3.49332 4.2043 2.62987 2.66872 1.54099 2.93921 1.86377 2.94025 4.37342 3.80207 4.76916 4.82779 4.13513 1.03996 0.319893
internal_weight=11985 3529 8456 2127 1402 1436 7020 1114 1013 540 1133 591 473 137 859 426 433 42 336 65 271 561 518 391 160 231 543 70 303 90
internal_count=11985 3529 8456 2127 1402 1436 7020 1114 1013 540 1133 591 473 137 859 426 433 42 336 65 271 561 518 391 160 231 543 70 303 90
is_linear=0
shrinkage=0.05


Tree=39
num_leaves=31
num_cat=0
split_feature=4 4 6 4 1 1 1 2 5 2 2 1 1 4 0 5 2 3 0 1 5 6 1 5 4 1 8 2 1 0
split_gain=1.59601e+07 1.83979e+06 701756 351355 167877 81281.4 61925.6 52388.9 106191 49071.1 42730.8 55561.1 42712.1 41262 39594.5 48346.5 37030 35793.5 33950.6 47193.4 30668.9 35699.7 30466.6 29873.5 28586.5 28527.8 28179.9 31204.4 39666.7 28178.9
threshold=283.50000000000006 562.50000000000011 88.500000000000014 714.50000000000011 468.50000000000006 906.50000000000011 232.50000000000003 35.500000000000007 67.500000000000014 72.500000000000014 41.500000000000007 821.50000000000011 3.5000000000000004 379.50000000000006 19.750000000000004 45.500000000000007 36.500000000000007 36.500000000000007 19.550000000000004 597.50000000000011 36.500000000000007 804.50000000000011 765.50000000000011 57.500000000000007 156.50000000000003 758.50000000000011 4.5000000000000009 40.500000000000007 360.50000000000006 16.050000000000004
decision_type=2 2 2 2 2 2 2 2 2 2 2 2 2 2 2 2 2 2 2 2 2 2 2 2 2 2 2 2 2 2
left_child=2 4 12 10 9 7 24 8 -5 13 16 20 -1 29 -9 22 -3 -17 -6 -20 -12 25 -16 -11 -4 -22 27 -8 -29 -2
right_child=1 3 6 5 18 -7 26 14 -10 23 11 -13 -14 -15 15 17 -18 -19 19 -21 21 -23 -24 -25 -26 -27 -28 28 -30 -31
leaf_value=-1.5353176893541995 -0.20184303881019675 2.7471543973265602 -0.74088752248182477 3.7202643437172052 1.6008560484727579 4.9331116281564427 -2.0237635302543642 3.3029683187093641 -0.43139625310897833 1.2508603720333089 2.5978808358403072 5.4518252020296849 -1.1804102212880914 1.2322453274779956 3.3366263297607577 4.4818054023796945 1.3389020681381227 6.0798374983729149 1.9867570328112611 3.1601299716254414 3.210337743232524 1.2518536158970424 4.1948176906619334 2.6349088871904787 -0.15421050375360731 4.581498004669367 0.68775439881920375 -0.4141196496054238 1.5163866801394357 0.77019529449654389
leaf_weight=5795 93 121 387 67 280 260 20 146 20 88 326 23 993 494 139 123 76 49 313 118 322 21 404 70 448 43 232 102 36 376
leaf_count=5795 93 121 387 67 280 260 20 146 20 88 326 23 993 494 139 123 76 49 313 118 322 21 404 70 448 43 232 102 36 376
internal_value=1.95133e-09 2.59156 -1.28462 3.58721 1.42853 4.14995 -0.183164 3.93516 2.76586 1.04734 2.85782 3.03309 -1.4834 0.913345 4.05332 4.20653 2.20387 4.93706 2.02952 2.30801 2.95496 3.25653 3.97513 1.86405 -0.426119 3.37187 0.337009 -0.17801 0.0894907 0.577446
internal_weight=11985 3972 8013 2140 1832 1208 1225 948 87 1121 932 735 6788 963 861 715 197 172 711 431 712 386 543 158 835 365 390 158 138 469
internal_count=11985 3972 8013 2140 1832 1208 1225 948 87 1121 932 735 6788 963 861 715 197 172 711 431 712 386 543 158 835 365 390 158 138 469
is_linear=0
shrinkage=0.05


Tree=40
num_leaves=31
num_cat=0
split_feature=4 4 4 6 4 4 6 8 4 5 2 1 0 3 3 3 1 8 0 5 1 0 5 0 2 3 0 2 2 1
split_gain=1.44077e+07 1.1993e+06 1.16827e+06 226817 104838 83272.1 78124.1 49334.7 43084 35888.3 119301 47019.5 35128 35086.3 34371.4 45647.2 65042.7 83062.4 50428.6 45594 39792 27733.1 26933.2 25541.7 28836.1 24451.7 28282.5 27459.4 22987.1 22827.4
threshold=356.50000000000006 679.50000000000011 129.50000000000003 530.50000000000011 838.50000000000011 262.50000000000006 37.500000000000007 2.5000000000000004 443.50000000000006 74.500000000000014 35.500000000000007 765.50000000000011 16.050000000000004 57.500000000000007 86.500000000000014 52.500000000000007 756.50000000000011 4.5000000000000009 22.750000000000004 93.500000000000014 684.50000000000011 29.850000000000005 28.500000000000004 26.050000000000004 72.500000000000014 27.500000000000004 21.350000000000005 60.500000000000007 46.500000000000007 622.50000000000011
decision_type=2 2 2 2 2 2 2 2 2 2 2 2 2 2 2 2 2 2 2 2 2 2 2 2 2 2 2 2 2 2
left_child=2 3 6 8 9 -4 -1 -5 23 11 -11 -3 -7 -12 15 16 19 -18 -17 29 -21 -6 -14 24 -2 26 27 -24 -10 -9
right_child=1 4 5 7 21 12 -8 14 28 10 13 -13 22 -15 -16 18 17 -19 -20 20 -22 -23 25 -25 -26 -27 -28 -29 -30 -31
leaf_value=-1.440084685675399 0.74277486415678817 3.1993313946382469 -0.12314815149027565 1.637358491063118 4.0930301733960999 -0.073662222395321039 -0.89864375938005103 2.3134648168279277 1.2019402405284101 -0.87615128517150875 4.3288585080040827 3.9803405983197062 0.2437738445256987 1.9282397560451341 3.4629750153928436 2.7042968392372133 1.8083419283231099 5.529058544635773 -0.22305397872001895 2.2169147690137225 -0.3083417078623405 4.8362163679248793 0.95237596631050114 1.6958587597756491 2.0898687495125663 1.6576714730739592 1.28566754088477 -0.85616683885455136 1.9173331854635316 2.9467749785901027
leaf_weight=6301 339 391 839 150 346 127 745 310 151 20 45 380 124 23 106 28 24 40 31 39 26 197 43 137 45 125 111 41 438 263
leaf_count=6301 339 391 839 150 346 127 745 310 151 20 45 380 124 23 106 28 24 40 31 39 26 197 43 137 45 125 111 41 438 263
internal_value=2.05442e-08 2.68352 -1.11993 1.93518 3.81884 0.193843 -1.38284 2.4746 1.44096 3.47508 2.51847 3.58426 0.659615 3.51688 2.61945 2.50195 2.61422 4.13379 1.1662 2.46178 1.20681 4.36266 0.869359 1.10975 0.900637 1.11177 0.761838 0.0696348 1.73393 2.60415
internal_weight=11985 3529 8456 2127 1402 1410 7046 1017 1110 859 88 771 571 68 867 761 702 64 59 638 65 543 444 521 384 320 195 84 589 573
internal_count=11985 3529 8456 2127 1402 1410 7046 1017 1110 859 88 771 571 68 867 761 702 64 59 638 65 543 444 521 384 320 195 84 589 573
is_linear=0
shrinkage=0.05


Tree=41
num_leaves=31
num_cat=0
split_feature=4 4 6 4 4 6 6 6 0 0 2 1 6 5 4 3 0 7 5 5 3 5 0 0 5 0 5 6 1 0
split_gain=1.30029e+07 1.08237e+06 1.05832e+06 208399 94891.5 84376.9 62692 57722.8 44556.9 43954.4 58540.2 66695 41631.5 90348.4 40812.9 33801.6 35676.1 39898.5 38701.3 33271.5 96648.1 56377.8 32635.1 31805.9 29557.8 50818.4 42221.8 36348.4 24402 23465.4
threshold=356.50000000000006 679.50000000000011 125.50000000000001 521.50000000000011 860.50000000000011 345.50000000000006 16.500000000000004 663.50000000000011 26.050000000000004 26.650000000000002 61.500000000000007 708.50000000000011 765.50000000000011 82.500000000000014 198.50000000000003 19.500000000000004 22.250000000000004 13.500000000000002 32.500000000000007 99.500000000000014 26.500000000000004 71.500000000000014 19.550000000000004 18.150000000000002 99.500000000000014 19.650000000000002 85.500000000000014 468.50000000000006 679.50000000000011 12.350000000000003
decision_type=2 2 2 2 2 2 2 2 2 2 2 2 2 2 2 2 2 2 2 2 2 2 2 2 2 2 2 2 2 2
left_child=2 3 6 7 12 14 -1 8 15 10 19 -12 13 -3 -4 -2 18 -18 -17 21 -21 29 -20 -14 26 27 -7 -26 -25 -5
right_child=1 4 5 9 -6 24 -8 -9 -10 -11 11 -13 23 -15 -16 16 17 -19 22 20 -22 -23 -24 28 25 -27 -28 -29 -30 -31
leaf_value=-1.3779948687762165 0.80478564574888134 3.1534635048932755 -0.39696436237527766 0.19943838878111408 4.2453194341637426 0.86801051989283862 -0.94110595571759503 3.5299608548482264 1.8564157418554481 2.8762134302113065 2.5028077790388172 5.1559916319670505 1.977863484841806 -0.20789390745617095 0.21217926408791984 0.8394479384989415 1.5059948936585457 -1.1499452554262601 1.7344358124222954 2.2723670132850344 -1.8919060111045838 3.4828187867999079 3.302953116893768 5.3677527080882683 0.32531879544258119 1.7316970457048979 2.6186949728186741 -2.1008692649694587 3.6651850647546027 1.8810119732825474
leaf_weight=6053 415 416 464 22 431 173 950 30 275 291 193 27 27 21 675 103 31 26 194 38 22 56 40 22 38 34 43 26 485 364
leaf_count=6053 415 416 464 22 431 173 950 30 275 291 193 27 27 21 675 103 31 26 194 38 22 56 40 22 38 34 43 26 485 364
internal_value=1.12423e-08 2.54934 -1.06394 1.83842 3.6279 0.164086 -1.31873 1.36647 1.3066 2.35743 2.14833 2.82843 3.35384 2.99193 -0.0359706 1.1197 1.45139 0.294513 1.64707 1.85028 0.745467 2.00026 2.00256 3.65001 0.889767 0.169563 1.21653 -0.66032 3.73906 1.78517
internal_weight=11985 3529 8456 2127 1402 1453 7003 1114 1084 1013 722 220 971 437 1139 809 394 57 337 502 60 442 234 534 314 98 216 64 507 386
internal_count=11985 3529 8456 2127 1402 1453 7003 1114 1084 1013 722 220 971 437 1139 809 394 57 337 502 60 442 234 534 314 98 216 64 507 386
is_linear=0
shrinkage=0.05


Tree=42
num_leaves=31
num_cat=0
split_feature=4 4 4 4 1 1 6 2 5 2 2 1 0 0 0 5 3 5 6 5 6 3 0 5 2 2 0 4 1 5
split_gain=1.17388e+07 1.36496e+06 522960 256554 129651 65132.3 64750.2 43266.4 86067.6 41298.8 35940.1 51775.7 34795.7 34170.6 32020.1 43827.5 31799.2 31345.3 57818.3 36475.5 31187.1 36683.4 31185.8 33314.9 29722.4 41513.2 105412 28661.5 28581 26022.6
threshold=283.50000000000006 562.50000000000011 68.500000000000014 714.50000000000011 468.50000000000006 906.50000000000011 206.50000000000003 35.500000000000007 67.500000000000014 72.500000000000014 61.500000000000007 775.50000000000011 26.650000000000002 23.850000000000005 19.750000000000004 45.500000000000007 36.500000000000007 96.500000000000014 654.50000000000011 84.500000000000014 551.50000000000011 51.500000000000007 18.350000000000005 65.500000000000014 59.500000000000007 56.500000000000007 24.650000000000002 885.50000000000011 232.50000000000003 57.500000000000007
decision_type=2 2 2 2 2 2 2 2 2 2 2 2 2 2 2 2 2 2 2 2 2 2 2 2 2 2 2 2 2 2
left_child=2 4 -1 10 9 7 28 8 -5 13 12 -12 -3 20 -9 24 -17 18 19 22 21 -2 23 -6 25 27 -27 -16 -4 -11
right_child=1 3 6 5 17 -7 -8 14 -10 29 11 -13 -14 -15 15 16 -18 -19 -20 -21 -22 -23 -24 -25 -26 26 -28 -29 -30 -31
leaf_value=-1.2865219710908051 0.3524568933393149 2.0043645332301905 -0.56744025149400634 3.1653524882757846 1.5125734482434663 4.2620864336049333 0.18471955317482738 2.8013617368389485 -0.57228422164916992 1.062745109115812 2.7420078226408378 5.2777044989845976 2.7615865491685412 1.21998280980316 3.1954693499177989 3.8803629784080074 5.3865951625668274 1.0724642888040525 3.7703799024606361 3.6027492344379426 -1.3761935472488405 1.1352664237575871 1.9338399868872429 -0.20466999191986887 3.8108029809706383 -0.77389974179475207 3.2912826428046595 4.9299912346733947 0.98074453300045394 2.3545092391967777
leaf_weight=6626 425 442 777 67 110 260 579 146 20 88 237 22 231 287 202 123 49 138 39 26 20 231 360 38 239 23 52 27 31 70
leaf_count=6626 425 442 777 67 110 260 579 146 20 88 237 22 231 287 202 123 49 138 39 26 20 231 360 38 239 23 52 27 31 70
internal_value=4.13822e-09 2.22257 -1.10171 3.08016 1.22079 3.56103 -0.21885 3.36876 2.30613 0.885807 2.45689 2.9574 2.26427 0.762878 3.47613 3.61392 4.30946 1.74895 1.91187 1.77614 0.568812 0.628111 1.68265 1.07166 3.3936 3.0656 2.04463 3.39998 -0.508042 1.63505
internal_weight=11985 3972 8013 2140 1832 1208 1387 948 87 1121 932 259 673 963 861 715 172 711 573 534 676 656 508 148 543 304 75 229 808 158
internal_count=11985 3972 8013 2140 1832 1208 1387 948 87 1121 932 259 673 963 861 715 172 711 573 534 676 656 508 148 543 304 75 229 808 158
is_linear=0
shrinkage=0.05


Tree=43
num_leaves=31
num_cat=0
split_feature=4 4 1 6 4 6 4 1 2 6 1 5 3 3 5 4 4 4 2 0 6 0 0 1 4 5 6 5 0 5
split_gain=1.06085e+07 884339 859963 128057 122735 65672.4 55666.7 48652.3 45794.6 41442.9 43478.1 38402.6 32616.3 49727 39428.5 31852.8 30691.7 30252.7 29462.4 33580.5 106178 33413.1 27806.1 32894 27313.9 25632.5 25548.6 25324.2 45702.6 38629.9
threshold=356.50000000000006 641.50000000000011 129.50000000000003 485.50000000000006 803.50000000000011 345.50000000000006 4.5000000000000009 772.50000000000011 50.500000000000007 873.50000000000011 858.50000000000011 93.500000000000014 98.500000000000014 31.500000000000004 43.500000000000007 230.50000000000003 930.50000000000011 432.50000000000006 59.500000000000007 24.650000000000002 896.50000000000011 19.750000000000004 15.65 355.50000000000006 156.50000000000003 71.500000000000014 726.50000000000011 99.500000000000014 19.650000000000002 85.500000000000014
decision_type=2 2 2 2 2 2 2 2 2 2 2 2 2 2 2 2 2 2 2 2 2 2 2 2 2 2 2 2 2 2
left_child=2 3 6 17 9 15 -1 8 12 10 -3 -9 13 -5 -15 -4 18 22 19 20 -6 -20 23 -2 -8 -16 -10 29 -29 -7
right_child=1 4 5 7 16 27 24 11 26 -11 -12 -13 -14 14 25 -17 -18 -19 21 -21 -22 -23 -24 -25 -26 -27 -28 28 -30 -31
leaf_value=-1.2524199603146555 0.80002185488119726 2.7523466316680669 -0.2519455155284212 1.5555564734493204 3.2080820463273838 0.76638903577538109 -0.92321712928011834 5.1915543428063398 2.0482566943878582 4.2831404198047727 0.59447722434997563 2.1643019546161999 2.7722276725267108 1.8227781760692598 -2.0614968234842475 0.28730208430931253 4.3758301912727999 1.4071856490332026 2.2363926153097835 3.5404372428184332 -0.73216870171683179 4.0581467322077618 0.96826547455143297 -1.6789469014043394 0.38996605435159148 0.35212437131188135 3.6477250465979942 -0.65317831374704838 1.615243660527117 2.4438905258511388
leaf_weight=5826 32 853 643 233 92 170 1158 20 628 43 24 22 38 20 22 477 118 430 28 215 21 249 370 23 41 22 26 64 34 43
leaf_count=5826 32 853 643 233 92 170 1158 20 628 43 24 22 38 20 22 477 118 430 28 215 21 249 370 23 41 22 26 64 34 43
internal_value=2.12857e-09 2.30268 -0.960994 1.56393 3.1507 0.156206 -1.18857 1.93912 1.86834 2.7676 2.69329 3.60585 1.39295 1.21648 -0.0179786 -0.0222838 3.63818 1.1115 3.49431 3.17366 2.47582 3.874 0.812337 -0.236638 -0.878313 -0.854686 2.11184 0.798998 0.133825 1.10504
internal_weight=11985 3529 8456 1886 1643 1431 7025 1031 989 920 877 42 335 297 64 1120 723 855 605 328 113 277 425 55 1199 44 654 311 98 213
internal_count=11985 3529 8456 1886 1643 1431 7025 1031 989 920 877 42 335 297 64 1120 723 855 605 328 113 277 425 55 1199 44 654 311 98 213
is_linear=0
shrinkage=0.05


Tree=44
num_leaves=31
num_cat=0
split_feature=4 4 1 4 6 6 6 4 2 1 2 5 4 5 6 1 0 1 0 2 0 2 5 2 0 1 5 1 1 3
split_gain=9.57414e+06 799601 776445 161663 72107.8 64015 50362.1 44784.5 35589.7 51258.4 50434.7 57056.8 35062.6 34890.2 33566.1 32699 27328.9 27067.7 26795.6 38233.3 167945 164777 34800.6 27925.2 25673.1 23949.7 22844 22310.4 27349.5 25535.7
threshold=356.50000000000006 683.50000000000011 119.50000000000001 554.50000000000011 804.50000000000011 331.50000000000006 439.50000000000006 3.5000000000000004 40.500000000000007 808.50000000000011 36.500000000000007 43.500000000000007 222.50000000000003 82.500000000000014 735.50000000000011 932.50000000000011 15.450000000000001 765.50000000000011 24.650000000000002 59.500000000000007 22.950000000000003 51.500000000000007 59.500000000000007 29.500000000000004 26.050000000000004 267.50000000000006 34.500000000000007 468.50000000000006 445.50000000000006 11.500000000000002
decision_type=2 2 2 2 2 2 2 2 2 2 2 2 2 2 2 2 2 2 2 2 2 2 2 2 2 2 2 2 2 2
left_child=2 3 7 6 13 12 -2 -1 10 16 -5 -12 -4 17 24 18 -10 -3 19 20 -6 -22 -21 -20 25 -8 -18 28 -7 -29
right_child=1 4 5 8 15 27 14 -9 9 -11 11 -13 -14 -15 -16 -17 26 -19 23 22 21 -23 -24 -25 -26 -27 -28 29 -30 -31
leaf_value=-1.1910401644166833 0.89135511286109159 2.5520930512637308 -0.30467772789343839 2.0854425759810322 3.8895043925082278 0.65142443262124328 2.7999014774958297 -0.85446774443977158 1.2590282091727625 4.8010414075851449 1.5380791000525158 -1.9096500158309937 0.25829645254489597 1.1279447048902511 3.2771269248082087 4.160278267755996 1.9706609364334011 3.2383286404710279 1.9829538602095385 3.8257374494705561 2.8049079461531208 -3.3870935576302665 1.5978006845783621 3.6811927694880384 1.890432970342429 1.1830297490734303 2.6146157209323007 0.45422884033572286 -1.2655434560775758 2.3879598034055607
leaf_weight=5785 566 365 630 106 59 267 24 1192 65 20 30 20 493 32 26 137 239 237 26 106 22 21 21 351 230 501 325 31 20 38
leaf_count=5785 566 365 630 106 59 267 24 1192 65 20 30 20 493 32 26 137 239 237 26 106 22 21 21 351 230 501 325 31 20 38
internal_value=1.32586e-08 2.18755 -0.912944 1.58551 3.12843 0.127678 1.25049 -1.13354 2.14609 2.30908 1.46799 0.158987 -0.0575306 2.73674 1.51076 3.46266 2.22985 2.82226 3.30495 2.87835 2.15745 -0.219093 3.45734 3.56407 1.44993 1.25694 2.34173 0.711919 0.517838 1.51918
internal_weight=11985 3529 8456 2152 1377 1479 1347 6977 805 649 156 50 1123 634 781 743 629 602 606 229 102 43 127 377 755 525 564 356 287 69
internal_count=11985 3529 8456 2152 1377 1479 1347 6977 805 649 156 50 1123 634 781 743 629 602 606 229 102 43 127 377 755 525 564 356 287 69
is_linear=0
shrinkage=0.05


Tree=45
num_leaves=31
num_cat=0
split_feature=4 4 4 4 1 4 1 6 1 5 1 2 0 0 0 5 4 3 1 2 0 0 0 5 3 5 2 2 0 0
split_gain=8.64066e+06 722142 703240 113881 90665.7 50691.2 49888.8 45687 38919.3 36719.3 49251.8 35373.2 28550.6 27926 27265.4 27211.7 26203.2 25111.1 24887.1 24417 32412.7 25308.4 83515.4 172060 23892.9 60696.4 36290.8 23650.6 23354.5 22762.8
threshold=356.50000000000006 624.50000000000011 129.50000000000003 803.50000000000011 526.50000000000011 262.50000000000006 64.500000000000014 873.50000000000011 858.50000000000011 96.500000000000014 650.50000000000011 74.500000000000014 16.050000000000004 26.750000000000004 15.950000000000001 68.500000000000014 934.50000000000011 94.500000000000014 488.50000000000006 59.500000000000007 19.750000000000004 24.650000000000002 22.950000000000003 8.5000000000000018 47.500000000000007 51.500000000000007 58.500000000000007 54.500000000000007 20.550000000000004 16.150000000000002
decision_type=2 2 2 2 2 2 2 2 2 2 2 2 2 2 2 2 2 2 2 2 2 2 2 2 2 2 2 2 2 2
left_child=2 4 6 7 11 -4 -1 8 13 10 29 14 -7 18 -2 -13 19 -15 -3 21 -21 22 28 -24 26 -26 27 -20 -5 -6
right_child=1 3 5 16 9 12 -8 -9 -10 -11 -12 15 -14 17 -16 -17 -18 -19 24 20 -22 -23 23 -25 25 -27 -28 -29 -30 -31
leaf_value=-1.106228987469946 0.4214567951324304 3.5100982924870081 -0.095322041022280479 2.4515036689268577 0.70460488249858222 -0.1456679396470642 -0.56489982243381687 4.0204213269551596 0.44348154067993167 0.99723142815132937 2.8867195643549382 1.5134959641911767 0.7044950347662241 2.6780304813119362 1.1167244667721339 3.5941545670682737 4.0448920318058565 4.4984014606475835 2.152032291874364 1.9480622367064158 3.6844758663788557 3.1905530822762538 3.4166274706522621 -2.8627301454544067 2.2108948438257285 -0.16596972104665397 2.9226861181262977 0.76042705774307251 4.2532213429042276 1.8489585031367726
leaf_weight=6591 171 35 839 37 48 127 455 45 25 120 115 55 444 359 804 22 98 20 201 30 258 221 24 20 98 37 156 36 35 459
leaf_count=6591 171 35 839 37 48 127 455 45 25 120 115 55 444 359 804 22 98 20 201 30 258 221 24 20 98 37 156 36 35 459
internal_value=1.03567e-08 2.07817 -0.867297 2.80548 1.37478 0.152001 -1.07127 2.46308 2.39061 1.79802 1.95252 1.07626 0.515404 2.44229 0.994785 2.10797 3.28473 2.77409 2.21892 3.16554 3.5036 2.87663 2.27856 0.562374 2.13333 1.55946 2.33047 1.94065 3.32734 1.74062
internal_weight=11985 3529 8456 1735 1794 1410 7046 1012 967 742 622 1052 571 942 975 77 723 379 563 625 288 337 116 44 528 135 393 237 72 507
internal_count=11985 3529 8456 1735 1794 1410 7046 1012 967 742 622 1052 571 942 975 77 723 379 563 625 288 337 116 44 528 135 393 237 72 507
is_linear=0
shrinkage=0.05


Tree=46
num_leaves=31
num_cat=0
split_feature=4 6 4 4 6 6 4 1 0 5 5 3 3 6 2 1 5 2 5 5 2 2 6 5 4 1 6 1 6 0
split_gain=7.80073e+06 753834 574496 121035 58705.6 54503.4 50347.4 46638.6 33869.2 32115.8 47261.3 35667.6 49637.9 44306.2 31037.1 53366.8 48443.6 28087.7 28060 44882.9 41008.2 41587.1 27548.3 27234.4 25833 24943.1 26740.7 23175.1 31072.4 23096.1
threshold=379.50000000000006 136.50000000000003 702.50000000000011 554.50000000000011 345.50000000000006 735.50000000000011 877.50000000000011 61.500000000000007 18.350000000000005 99.500000000000014 85.500000000000014 6.5000000000000009 92.500000000000014 453.50000000000006 40.500000000000007 808.50000000000011 88.500000000000014 36.500000000000007 74.500000000000014 46.500000000000007 36.500000000000007 58.500000000000007 435.50000000000006 34.500000000000007 230.50000000000003 570.50000000000011 439.50000000000006 615.50000000000011 650.50000000000011 29.450000000000003
decision_type=2 2 2 2 2 2 2 2 2 2 2 2 2 2 2 2 2 2 2 2 2 2 2 2 2 2 2 2 2 2
left_child=1 7 3 5 24 8 18 -1 25 10 -6 -11 -13 -14 16 23 17 -5 19 29 -20 -22 -12 -16 -3 26 -2 -10 -29 -4
right_child=2 4 6 14 9 -7 -8 -9 27 11 22 12 13 -15 15 -17 -18 -19 20 -21 21 -23 -24 -25 -26 -27 -28 28 -30 -31
leaf_value=-1.0523014421008485 0.55143836504184052 -0.20834278043853016 2.3633076005072389 2.135108042821706 0.68411722113378348 3.6092983577562414 3.4027007835250376 -0.55040705830651715 1.2836821028091923 -1.5608664572238924 0.9713357752019709 1.5891888373841843 0.85081606398929255 -2.3224455118179321 1.6778432104467857 4.5927891231718521 -0.77021481472512954 0.65769195958324111 -0.16159172296524049 3.4841480555507425 3.6960008859634401 1.1047502438227335 3.2848038934892223 2.3021042777102414 0.27198824193911836 -0.38748286014948136 1.3404481019323262 3.1219384515285493 0.7468355678376698 2.9682482488926443
leaf_weight=6562 222 619 422 107 256 23 338 498 631 28 22 48 22 22 305 21 23 46 20 177 32 30 31 409 511 39 208 40 21 252
leaf_count=6562 222 619 422 107 256 23 338 498 631 28 22 48 22 22 305 21 23 46 20 177 32 30 31 409 511 39 208 40 21 252
internal_value=2.81575e-08 -0.797163 2.04122 1.53243 0.197919 1.19907 2.87986 -1.0169 1.15132 0.695882 0.965477 0.00167463 0.477231 -0.735815 1.96569 2.10851 1.36929 1.69092 2.69045 2.77557 1.80711 2.44217 2.3245 2.03544 0.00886886 0.823285 0.933099 1.37365 2.30428 2.58949
internal_weight=11985 8619 3366 2095 1559 1184 1271 7060 1161 429 309 120 92 44 911 735 176 153 933 851 82 62 53 714 1130 469 430 692 61 674
internal_count=11985 8619 3366 2095 1559 1184 1271 7060 1161 429 309 120 92 44 911 735 176 153 933 851 82 62 53 714 1130 469 430 692 61 674
is_linear=0
shrinkage=0.05


Tree=47
num_leaves=31
num_cat=0
split_feature=4 4 4 4 1 1 2 5 1 2 0 2 1 0 1 0 3 5 1 5 6 5 0 5 5 1 4 0 4 8
split_gain=7.04027e+06 881582 264711 156967 91303.6 41829.4 35288.1 66266.4 31433.8 29890.6 35063.6 28289.1 40175 26447.7 26626.3 25504 32733.3 29014 26988.8 24560.2 44871.8 35646.6 28005.1 26751.1 22812.7 22743.7 22413.4 21623.7 21540.4 21179
threshold=267.50000000000006 562.50000000000011 68.500000000000014 714.50000000000011 471.50000000000006 925.50000000000011 35.500000000000007 68.500000000000014 178.50000000000003 72.500000000000014 15.65 61.500000000000007 783.50000000000011 26.650000000000002 779.50000000000011 18.150000000000002 39.500000000000007 41.500000000000007 765.50000000000011 96.500000000000014 654.50000000000011 84.500000000000014 18.350000000000005 65.500000000000014 57.500000000000007 468.50000000000006 675.50000000000011 17.250000000000004 484.50000000000006 3.5000000000000004
decision_type=2 2 2 2 2 2 2 2 2 2 2 2 2 2 2 2 2 2 2 2 2 2 2 2 2 2 2 2 2 2
left_child=2 4 -1 11 9 6 7 -5 -4 10 28 13 -13 14 26 27 18 -18 -17 20 21 22 23 -6 -11 29 -3 -8 -2 -10
right_child=1 3 8 5 19 -7 15 -9 25 24 -12 12 -14 -15 -16 16 17 -19 -20 -21 -22 -23 -24 -25 -26 -27 -28 -29 -30 -31
leaf_value=-0.99701164100929729 -0.27539936859666569 1.4081873719965943 -0.45729554512502202 2.4666300933908776 1.124748875422833 3.4986334913683508 2.5763179626104971 -0.60608956295510996 -0.45739364156431955 0.7627060362358683 0.69141443380025258 2.164295383103223 4.4971305060386655 2.1630739235258725 -0.11665292978286744 2.0631852264907482 2.9041647904628034 4.4126301603657856 2.8402770526872181 0.77321777556934501 3.1338557744026185 3.2378553996086121 1.5417516470251775 -0.42541132726167374 1.9239037479360901 1.4855535415502696 2.3100458442822269 0.98835515611701552 1.2749561002621286 0.17633954758505122
leaf_weight=6626 162 331 650 74 104 167 53 23 193 97 878 239 20 231 24 138 74 56 587 137 40 25 352 38 75 26 87 36 26 416
leaf_count=6626 162 331 650 74 104 167 53 23 193 97 878 239 20 231 24 138 74 56 587 137 40 25 352 38 75 26 87 36 26 416
internal_value=2.59457e-08 1.68869 -0.869642 2.38791 0.914999 2.76404 2.6462 1.73805 -0.21287 0.657408 0.55872 1.90039 2.34444 1.7295 1.50291 2.73952 2.82337 3.55397 2.69236 1.37318 1.52022 1.39586 1.30264 0.709917 1.26904 0.0373302 1.59589 1.934 -0.0609885 -0.0244987
internal_weight=11985 4074 7911 2140 1934 1208 1041 97 1285 1238 1066 932 259 673 442 944 855 130 725 696 559 519 494 142 172 635 418 89 188 609
internal_count=11985 4074 7911 2140 1934 1208 1041 97 1285 1238 1066 932 259 673 442 944 855 130 725 696 559 519 494 142 172 635 418 89 188 609
is_linear=0
shrinkage=0.05


Tree=48
num_leaves=31
num_cat=0
split_feature=4 6 4 4 6 6 4 6 2 5 5 3 3 6 0 2 1 5 6 5 1 5 3 2 0 5 0 4 4 5
split_gain=6.3665e+06 610987 465357 97420.8 47437.9 47357.1 42503.1 39826.7 29294.1 28628 41476.8 32480 44647.3 40433.7 27703.4 27000.4 47716.8 43034.7 26018.5 26389.7 32635.6 26776.5 26526.7 25317.1 24792.4 24195 23788.7 22511.1 20979.7 20877
threshold=379.50000000000006 136.50000000000003 702.50000000000011 554.50000000000011 345.50000000000006 735.50000000000011 885.50000000000011 3.5000000000000004 56.500000000000007 99.500000000000014 85.500000000000014 6.5000000000000009 92.500000000000014 453.50000000000006 23.950000000000003 40.500000000000007 808.50000000000011 88.500000000000014 917.50000000000011 74.500000000000014 834.50000000000011 37.500000000000007 83.500000000000014 37.500000000000007 18.850000000000005 34.500000000000007 20.650000000000002 763.50000000000011 198.50000000000003 35.500000000000007
decision_type=2 2 2 2 2 2 2 2 2 2 2 2 2 2 2 2 2 2 2 2 2 2 2 2 2 2 2 2 2 2
left_child=1 7 3 5 28 8 18 -1 14 10 -6 -11 -13 -14 -2 17 25 23 19 21 27 29 26 -5 -12 -17 -23 -21 -3 -4
right_child=2 4 6 15 9 -7 -8 -9 -10 11 24 12 13 -15 -16 16 -18 -19 -20 20 -22 22 -24 -25 -26 -27 -28 -29 -30 -31
leaf_value=-0.97336338888182494 0.51273361995985078 -0.27596275138108134 2.3127729799426517 1.8849590627797719 0.61427880974806615 3.3337224753006645 3.1236033506892826 -0.66331785721770842 1.280835711384122 -1.5231911923204151 3.2121929855396356 1.4762821825531622 0.78695899275216197 -2.2444556214592675 1.2528461859008384 1.5018987364529588 4.2571409537678679 -0.79795897110648784 3.4306976026104348 1.0856836182730538 0.034907803168663612 1.7508289533002035 4.1689988829872826 0.38288089504113071 1.0489825753065256 2.0902951815819097 2.9124212317996556 3.3499154754306959 0.17051068094688329 0.88679082261191489
leaf_weight=5799 353 417 520 116 256 23 296 1261 611 28 27 48 22 22 197 305 21 23 62 21 26 56 33 37 26 409 207 23 713 27
leaf_count=5799 353 417 520 116 256 23 296 1261 611 28 27 48 22 22 197 305 21 23 62 21 26 56 33 37 26 409 207 23 713 27
internal_value=1.42518e-08 -0.720162 1.84405 1.38613 0.175691 1.08705 2.59884 -0.917986 1.04255 0.623323 0.877858 -0.0321061 0.421702 -0.728748 0.777828 1.77484 1.90804 1.21857 2.43953 2.37222 1.43936 2.44968 2.83275 1.52171 2.151 1.83895 2.66509 2.26926 0.00575013 2.24239
internal_weight=11985 8619 3366 2095 1559 1184 1271 7060 1161 429 309 120 92 44 550 911 735 176 975 913 70 843 296 153 53 714 263 44 1130 547
internal_count=11985 8619 3366 2095 1559 1184 1271 7060 1161 429 309 120 92 44 550 911 735 176 975 913 70 843 296 153 53 714 263 44 1130 547
is_linear=0
shrinkage=0.05


Tree=49
num_leaves=31
num_cat=0
split_feature=4 4 4 6 6 4 0 4 0 5 2 0 2 0 2 0 3 3 4 0 2 5 6 7 5 0 1 4 1 3
split_gain=5.74577e+06 553366 420561 78754.8 46475.5 40930.7 35821.5 34460.3 31300.2 26718.6 26038.1 25198.6 33943 136246 123279 41416.1 23508 35923.4 68391 57609.6 28450.3 23256 23116.3 22184 21187.7 20111.3 19496.1 19228.7 19220.4 18798.1
threshold=379.50000000000006 129.50000000000003 683.50000000000011 555.50000000000011 804.50000000000011 243.50000000000003 16.050000000000004 3.5000000000000004 14.950000000000001 82.500000000000014 52.500000000000007 24.550000000000004 59.500000000000007 22.950000000000003 52.500000000000007 21.850000000000005 86.500000000000014 52.500000000000007 467.50000000000006 22.750000000000004 53.500000000000007 68.500000000000014 758.50000000000011 11.500000000000002 29.500000000000004 20.650000000000002 570.50000000000011 947.50000000000011 765.50000000000011 25.500000000000004
decision_type=2 2 2 2 2 2 2 2 2 2 2 2 2 2 2 2 2 2 2 2 2 2 2 2 2 2 2 2 2 2
left_child=1 7 3 10 9 -3 -7 -1 -5 28 -2 12 13 25 -15 -14 17 18 -10 -19 21 -18 -20 -22 -8 -6 -25 -13 -4 -26
right_child=2 5 4 8 11 6 24 -9 16 -11 -12 27 15 14 -16 -17 20 19 22 -21 23 -23 -24 26 29 -27 -28 -29 -30 -31
leaf_value=-0.92507500709494139 0.68818863535067631 -0.10891992721126693 1.9562715554482317 0.36751851724541706 2.0119291365146639 -0.19539469653750177 0.14701768771688245 -0.63661104937266444 -0.71622742829578268 0.70124666392803192 1.1912688903502509 2.8111585745530512 1.9400230131215519 1.8238191824692949 -3.3976449012756351 3.635934575647116 2.1606770515441895 2.0216470435813623 1.7201717768084341 -1.2153168201446534 3.1239565014839172 4.4112835794687273 2.8294987871512483 2.0688659007732686 0.49613607505066248 3.8607238970304794 0.046468462727286601 3.9965373116570548 2.5345396500096542 1.1513806288784489
leaf_weight=5785 409 734 365 46 24 193 196 1261 28 32 693 454 72 26 20 72 22 27 593 28 20 24 51 26 262 38 22 37 237 188
leaf_count=5785 409 734 365 46 24 193 196 1261 28 32 693 454 72 26 20 72 22 27 593 28 20 24 51 26 262 38 22 37 237 188
internal_value=2.40812e-08 -0.684154 1.75185 1.28682 2.42355 0.163766 0.402326 -0.87345 1.63751 2.10909 1.00455 2.69188 2.28543 1.61537 -0.446383 2.78798 1.70697 1.60229 1.70285 0.373738 2.37454 3.33491 1.80802 1.72488 0.580902 3.14506 1.14193 2.90048 2.18393 0.769883
internal_weight=11985 8619 3366 1989 1377 1573 839 7046 887 634 1102 743 252 108 46 144 841 727 672 55 114 46 644 68 646 62 48 491 602 450
internal_count=11985 8619 3366 1989 1377 1573 839 7046 887 634 1102 743 252 108 46 144 841 727 672 55 114 46 644 68 646 62 48 491 602 450
is_linear=0
shrinkage=0.05


Tree=50
num_leaves=31
num_cat=0
split_feature=4 6 4 6 1 6 2 1 0 2 5 1 1 6 0 6 5 8 3 4 2 1 3 4 2 4 0 3 0 4
split_gain=5.18556e+06 499943 379557 71076.2 42673.2 41944.2 32849.9 28312.3 28248.4 25642.6 62102.5 24096.8 23682.4 24338.8 22741.7 30817.7 28238.1 22249.8 26788.5 26704.4 25117.4 46126.4 35682.2 24647.8 37806.9 24036.4 25041.8 20500 25220.4 20366.3
threshold=379.50000000000006 125.50000000000001 683.50000000000011 555.50000000000011 349.50000000000006 804.50000000000011 33.500000000000007 2.5000000000000004 14.950000000000001 35.500000000000007 39.500000000000007 821.50000000000011 622.50000000000011 445.50000000000006 24.550000000000004 932.50000000000011 76.500000000000014 9.5000000000000018 86.500000000000014 575.50000000000011 59.500000000000007 756.50000000000011 52.500000000000007 533.50000000000011 53.500000000000007 506.50000000000006 22.650000000000002 32.500000000000007 22.250000000000004 230.50000000000003
decision_type=2 2 2 2 2 2 2 2 2 2 2 2 2 2 2 2 2 2 2 2 2 2 2 2 2 2 2 2 2 2
left_child=1 7 3 12 29 9 -6 -1 -5 10 -4 -11 13 -2 15 16 27 18 20 -19 22 -22 25 -20 -25 26 -10 -7 -29 -3
right_child=2 4 5 8 6 14 -8 -9 17 11 -12 -13 -14 -15 -16 -17 -18 19 23 -21 21 -23 -24 24 -26 -27 -28 28 -30 -31
leaf_value=-0.8797874915072863 0.65218611018174544 -0.18857463036816946 2.0821149852531762 0.34914258666660475 -1.3201271409080144 2.1973283805193442 0.713666044652288 -0.61798949970540507 1.5339553540403195 2.0153559380521378 -1.255241138935089 3.2090956594633022 2.1808360550748676 1.1318890394870091 2.7554602376919419 0.46691677172978718 1.0213824777042164 -0.042470448336950163 4.0568454945087433 1.5235855735378501 1.761091320391174 3.9869996391809908 -0.30871178150177003 3.425631968677044 1.2069005782405535 1.6472628134813623 -0.91060471549630173 2.603671497613826 4.6242788729460349 0.2197798687964678
leaf_weight=5746 491 663 46 46 21 124 364 1259 22 522 20 46 38 573 491 24 34 41 20 81 222 26 30 32 48 299 20 47 23 566
leaf_count=5746 491 663 46 46 21 124 364 1259 22 522 20 46 38 573 491 24 34 41 20 81 222 26 30 32 48 299 20 47 23 566
internal_value=-9.93207e-09 -0.649946 1.66426 1.22248 0.143384 2.30237 0.602732 -0.832735 1.55563 2.00364 1.07079 2.11203 0.954326 0.910522 2.55729 2.17116 2.35056 1.62163 1.72756 0.997288 1.60489 1.99445 1.34449 2.48688 2.09439 1.48993 0.369879 2.5835 3.26759 -0.000512265
internal_weight=11985 8619 3366 1989 1614 1377 385 7005 887 634 66 568 1102 1064 743 252 228 841 719 122 619 248 371 100 80 341 42 194 70 1229
internal_count=11985 8619 3366 1989 1614 1377 385 7005 887 634 66 568 1102 1064 743 252 228 841 719 122 619 248 371 100 80 341 42 194 70 1229
is_linear=0
shrinkage=0.05


Tree=51
num_leaves=31
num_cat=0
split_feature=4 4 4 4 1 6 4 1 0 2 6 2 0 2 5 7 1 6 6 8 5 5 2 6 5 4 5 6 0 1
split_gain=4.67997e+06 452734 343309 74014.8 42945.9 39173.4 34555.2 28134.6 26300.8 25242.4 26541 24543.8 26780.8 23422 40445.9 53612.8 38393.7 22051.6 21021.1 20984.5 20798.7 20454.9 19208.9 21677.4 22538.7 19079.7 18950.6 38839.4 63517 18856.5
threshold=379.50000000000006 156.50000000000003 702.50000000000011 554.50000000000011 75.500000000000014 735.50000000000011 885.50000000000011 349.50000000000006 17.950000000000003 35.500000000000007 542.50000000000011 41.500000000000007 14.65 40.500000000000007 64.500000000000014 13.500000000000002 808.50000000000011 920.50000000000011 442.50000000000006 3.5000000000000004 99.500000000000014 36.500000000000007 60.500000000000007 589.50000000000011 58.500000000000007 375.50000000000006 25.500000000000004 928.50000000000011 29.550000000000004 389.50000000000006
decision_type=2 2 2 2 2 2 2 2 2 2 2 2 2 2 2 2 2 2 2 2 2 2 2 2 2 2 2 2 2 2
left_child=1 4 3 5 -1 8 17 19 11 -9 25 12 -2 14 -5 -16 21 20 -13 -3 22 -15 23 -4 -25 -11 -8 -28 -29 -10
right_child=2 7 6 13 -6 -7 26 9 29 10 -12 18 -14 16 15 -17 -18 -19 -20 -21 -22 -23 -24 24 -26 -27 27 28 -30 -31
leaf_value=-0.81263237711712388 0.66295258998870854 -0.23716021559413766 0.56311180118856763 1.439426316354508 -0.34622962195745116 2.9703903146412065 3.0123968464619408 -0.9301001623846018 0.34653636003717964 0.66705039191721505 2.3263839421064958 0.32927561638406133 -1.7246465496394945 1.2966639398522906 -1.9709390572879624 1.5687031126022339 3.7577521224816643 3.0677152872085571 1.0780069740991745 0.23217777214504573 0.68626190423965461 1.8339345416534194 2.376758796698772 1.8664924851179547 3.0125259135631808 -0.92727382183074958 2.9875164110213519 -0.86479441211982211 2.8188906288146978 1.1550137199031185
leaf_weight=6670 24 368 29 133 533 23 185 26 81 304 23 186 23 326 23 20 21 54 189 675 28 388 325 492 47 20 64 22 25 658
leaf_count=6670 24 368 29 133 533 23 185 26 81 304 23 186 23 326 23 20 21 54 189 675 28 388 325 492 47 20 64 22 25 658
internal_value=-1.01962e-08 -0.617449 1.58104 1.18773 -0.77812 0.927044 2.22934 0.199864 0.886564 0.572552 0.685143 0.571641 -0.505447 1.52654 1.00844 -0.324594 1.6506 2.08569 0.706636 0.066582 2.02812 1.58863 2.07019 1.89478 1.96642 0.568635 2.7025 2.18602 1.09461 1.0664
internal_weight=11985 8619 3366 2095 7203 1184 1271 1416 1161 373 347 422 47 911 176 43 735 975 375 1043 921 714 893 568 539 324 296 111 47 739
internal_count=11985 8619 3366 2095 7203 1184 1271 1416 1161 373 347 422 47 911 176 43 735 975 375 1043 921 714 893 568 539 324 296 111 47 739
is_linear=0
shrinkage=0.05


Tree=52
num_leaves=31
num_cat=0
split_feature=4 4 4 4 1 8 0 5 2 1 1 2 0 5 6 5 4 3 4 4 0 5 4 0 0 3 0 0 5 0
split_gain=4.22676e+06 529905 161564 95048 60489.6 31089.3 36777.4 80998 28971 28052.3 25656.7 25143.8 27689.9 23426.9 34699.2 29032 22970.6 29194.5 51605.6 40646.7 21857.5 28417.2 44499.9 68902.7 27700.9 24156.1 21631.5 20743.6 22695 20193.7
threshold=267.50000000000006 562.50000000000011 68.500000000000014 742.50000000000011 474.50000000000006 4.5000000000000009 24.250000000000004 10.500000000000002 61.500000000000007 783.50000000000011 468.50000000000006 72.500000000000014 25.050000000000004 96.500000000000014 654.50000000000011 84.500000000000014 530.50000000000011 21.500000000000004 470.50000000000006 443.50000000000006 21.450000000000003 37.500000000000007 922.50000000000011 23.550000000000004 28.150000000000002 37.500000000000007 29.450000000000003 18.350000000000005 65.500000000000014 18.150000000000002
decision_type=2 2 2 2 2 2 2 2 2 2 2 2 2 2 2 2 2 2 2 2 2 2 2 2 2 2 2 2 2 2
left_child=2 4 -1 8 11 6 29 -8 26 -10 -4 12 -2 14 15 27 17 18 -15 -19 -7 22 23 -22 -23 -25 -3 28 -6 -5
right_child=1 3 10 5 13 20 7 -9 9 -11 -12 -13 -14 16 -16 -17 -18 19 -20 -21 21 24 -24 25 -26 -27 -28 -29 -30 -31
leaf_value=-0.77333592783031135 0.26705193261607874 1.219898815999918 -0.19283725768098398 1.3622968047857285 0.91206840211802198 1.0715632365595911 2.3103230498053811 -0.86379049774762751 1.7881508364433973 3.5351981925964355 1.3939633782093344 1.0655923244391763 0.84547913497407667 -1.1269744108120601 2.6548501454293731 2.8595027343086574 -0.86670368576049805 2.8694342836737636 1.9050270526305491 0.0013122341462544033 -0.18758193424769812 3.5024886910915378 3.0784607971156088 2.2733281254041486 2.4192335415217614 0.51658492655981159 1.8699905658991618 1.251139417695085 -0.53541193717234847 2.3608334792604864
leaf_weight=6626 809 609 1259 70 101 31 44 37 284 25 26 172 278 36 40 23 25 30 23 21 35 100 108 287 144 21 162 339 37 183
leaf_count=6626 809 609 1259 70 101 31 44 37 284 25 26 172 278 36 40 23 25 30 23 21 35 100 108 287 144 21 162 339 37 183
internal_value=-5.38763e-09 1.30846 -0.673829 1.85056 0.708617 2.18691 1.78769 0.860419 1.52044 1.9295 -0.160731 0.503868 0.414985 1.09051 1.23779 1.12443 0.501389 0.812319 0.0549923 1.68844 2.37058 2.42852 2.19335 1.91466 2.86319 2.15355 1.35649 1.04077 0.523976 2.08456
internal_weight=11985 4074 7911 2140 1934 1060 334 81 1080 309 1285 1259 1087 675 540 500 135 110 59 51 726 695 451 343 244 308 771 477 138 253
internal_count=11985 4074 7911 2140 1934 1060 334 81 1080 309 1285 1259 1087 675 540 500 135 110 59 51 726 695 451 343 244 308 771 477 138 253
is_linear=0
shrinkage=0.05


Tree=53
num_leaves=31
num_cat=0
split_feature=4 4 4 4 4 6 1 2 0 0 2 5 3 1 6 5 8 0 2 0 1 7 5 1 0 2 0 1 1 5
split_gain=3.82209e+06 369254 279322 62161.4 42812.3 33639.7 27920.1 25137.3 28208.9 23030.2 22621.3 56185.9 21727.9 34750.6 35669.9 24054.2 23575.2 33072.9 21401.2 24927.3 32082 22791.9 31570.8 21357 20099.2 18601.6 23935.4 18737.8 22121.1 20621.6
threshold=379.50000000000006 175.50000000000003 711.50000000000011 554.50000000000011 62.500000000000007 735.50000000000011 932.50000000000011 78.500000000000014 17.950000000000003 26.350000000000005 35.500000000000007 68.500000000000014 27.500000000000004 485.50000000000006 485.50000000000006 46.500000000000007 10.500000000000002 16.350000000000005 61.500000000000007 26.650000000000002 779.50000000000011 12.500000000000002 44.500000000000007 389.50000000000006 20.350000000000005 41.500000000000007 14.65 445.50000000000006 427.50000000000006 72.500000000000014
decision_type=2 2 2 2 2 2 2 2 2 2 2 2 2 2 2 2 2 2 2 2 2 2 2 2 2 2 2 2 2 2
left_child=1 4 3 5 -1 7 10 8 25 12 11 -4 -3 14 15 -14 -17 -18 19 20 -5 22 -20 24 -10 26 -2 28 29 -27
right_child=2 9 6 18 -6 -7 -8 -9 23 -11 -12 -13 13 -15 -16 16 17 -19 21 -21 -22 -23 -24 -25 -26 27 -28 -29 -30 -31
leaf_value=-0.7368816293246202 0.60600429276625323 -0.09034217202714806 1.8722293367752663 1.1181051004042724 -0.33836444651564773 2.7349878425183505 2.6994917146105699 2.4779764077880166 1.2773843933034827 0.64115677521412462 2.0173763292787052 -0.93988593946332522 -0.11448258489276036 2.3083847891200673 -1.7387922321047105 0.35781936343435361 -0.19703112413053928 2.060886477990584 1.4745192472919308 1.6545116281310506 -0.79847012084463376 1.3574571187331066 3.1314733279378792 1.0494443991766651 -0.40971296160828835 0.20700845657847822 -1.6511958365855008 0.93138920941828995 -0.98720268104225406 1.8041452522079151
leaf_weight=6567 24 580 78 431 751 23 138 22 27 258 990 23 158 22 21 184 23 55 58 236 23 148 57 656 51 128 23 174 32 24
leaf_count=6567 24 580 78 431 751 23 138 22 27 258 990 23 158 22 21 184 23 55 58 236 23 148 57 656 51 128 23 174 32 24
internal_value=6.2426e-09 -0.557995 1.4288 1.08339 -0.695984 0.841456 2.02941 0.803944 0.77161 0.218184 1.94466 1.23185 0.113556 0.368979 0.272229 0.37278 0.666625 1.39509 1.38397 1.23769 1.02101 1.76776 2.29579 0.956444 0.174282 0.436628 -0.498583 0.559407 0.207642 0.459188
internal_weight=11985 8619 3366 2137 7318 1184 1229 1161 1139 1301 1091 101 1043 463 441 420 262 78 953 690 454 263 115 734 78 405 47 358 184 152
internal_count=11985 8619 3366 2137 7318 1184 1229 1161 1139 1301 1091 101 1043 463 441 420 262 78 953 690 454 263 115 734 78 405 47 358 184 152
is_linear=0
shrinkage=0.05


Tree=54
num_leaves=31
num_cat=0
split_feature=4 6 6 1 2 0 2 5 5 6 6 1 1 3 0 3 5 6 4 0 3 4 8 0 5 3 0 1 6 1
split_gain=3.45057e+06 304438 275027 61446.8 60140.7 50493.7 32602.7 48642.8 65845 139672 30581.1 30527.3 27427.7 81874.8 38414 31098.6 47412.8 32262.3 43159.1 27050.7 27873.7 27046.5 25604.4 27252.4 24880.5 51903.9 24813.7 23688.6 23307.7 23152.9
threshold=368.50000000000006 136.50000000000003 626.50000000000011 646.50000000000011 35.500000000000007 29.450000000000003 59.500000000000007 10.500000000000002 37.500000000000007 865.50000000000011 816.50000000000011 468.50000000000006 765.50000000000011 19.500000000000004 22.150000000000002 68.500000000000014 77.500000000000014 660.50000000000011 584.50000000000011 19.650000000000002 93.500000000000014 497.50000000000006 4.5000000000000009 26.950000000000003 93.500000000000014 23.500000000000004 24.450000000000003 816.50000000000011 465.50000000000006 2.5000000000000004
decision_type=2 2 2 2 2 2 2 2 2 2 2 2 2 2 2 2 2 2 2 2 2 2 2 2 2 2 2 2 2 2
left_child=1 29 3 21 -5 6 7 27 9 26 12 19 15 14 -14 17 -17 18 -10 -3 -21 -2 -19 -24 -8 -26 -9 -4 -13 -1
right_child=2 11 5 4 -6 -7 24 8 10 -11 -12 28 13 -15 -16 16 -18 22 -20 20 -22 -23 23 -25 25 -27 -28 -29 -30 -31
leaf_value=-0.71965560838398601 0.59508346747472352 -0.161196669237756 1.5965615326311531 -0.42420345219698818 2.4581928463543168 2.1553888841365514 2.010845481260465 1.7862373791800605 -1.7609589087963107 -3.267006272315979 2.2225300555879417 2.5657160758972171 -0.19585654735565186 -2.4074259877204898 2.7440678243637087 1.0758806049823761 4.329065259297689 2.2452521168794788 1.3839779611676932 0.17529327958240173 1.2261834101591793 1.012172827469096 -0.71270133256912238 1.640091934427619 2.4594128045297805 -1.0996644711494445 0.15194172933697703 2.6416636225617967 0.56249756261987505 -0.4869382617085809
leaf_weight=5746 830 687 164 22 102 570 442 45 20 25 88 20 20 20 25 24 21 61 24 640 70 731 20 32 21 20 48 81 53 1313
leaf_count=5746 830 687 164 22 102 570 442 45 20 25 88 20 20 20 25 24 21 61 24 640 70 731 20 32 21 20 48 81 53 1313
internal_value=-2.89479e-09 -0.54005 1.33278 0.875502 1.9468 1.76785 1.58392 1.37026 1.07407 0.0508367 1.41419 0.114561 1.14776 0.254401 1.43743 1.43523 2.59403 1.10309 -0.0455388 0.0624756 0.278902 0.790402 1.55035 0.735171 1.90155 0.723278 0.94273 1.94209 1.11132 -0.676369
internal_weight=11985 8529 3456 1685 124 1771 1201 718 473 118 355 1470 267 65 45 202 45 157 44 1397 710 1561 113 52 483 41 93 245 73 7059
internal_count=11985 8529 3456 1685 124 1771 1201 718 473 118 355 1470 267 65 45 202 45 157 44 1397 710 1561 113 52 483 41 93 245 73 7059
is_linear=0
shrinkage=0.05


Tree=55
num_leaves=31
num_cat=0
split_feature=4 4 4 4 1 8 0 5 2 1 2 4 3 2 0 6 7 6 5 6 1 5 1 8 1 6 5 4 3 4
split_gain=3.12148e+06 385331 116545 73838.1 44449.9 26135.1 31201.2 67896.1 24819.7 24234.2 27209.8 22306.2 29206.5 21822.8 27757.8 46691.5 28503.3 21919.5 21240.8 22210.3 33794.9 20980.8 29485.5 23608.3 20879.3 20817.7 20375.3 20358.5 24379.4 44885
threshold=267.50000000000006 562.50000000000011 68.500000000000014 742.50000000000011 474.50000000000006 4.5000000000000009 24.250000000000004 10.500000000000002 41.500000000000007 745.50000000000011 33.500000000000007 664.50000000000011 4.5000000000000009 67.500000000000014 23.850000000000005 516.50000000000011 11.500000000000002 379.50000000000006 37.500000000000007 808.50000000000011 783.50000000000011 96.500000000000014 650.50000000000011 4.5000000000000009 468.50000000000006 218.50000000000003 84.500000000000014 530.50000000000011 21.500000000000004 470.50000000000006
decision_type=2 2 2 2 2 2 2 2 2 2 2 2 2 2 2 2 2 2 2 2 2 2 2 2 2 2 2 2 2 2
left_child=2 4 -1 8 13 6 -5 -8 9 10 -3 12 -12 14 15 16 -2 25 -10 20 -20 22 26 -24 -4 -15 -6 28 29 -23
right_child=1 3 24 5 21 -7 7 -9 18 -11 11 -13 -14 17 -16 -17 -18 -19 19 -21 -22 27 23 -25 -26 -27 -28 -29 -30 -31
leaf_value=-0.66357732579702955 -0.17431520097272957 1.7483984042436651 -0.17223838546921408 1.7905753515690213 0.89909658246766178 2.0515674768359538 1.990519863908941 -0.91556077019588378 1.1512644837086845 -0.47479135759415164 0.83727454529252165 1.5076111890767752 -1.2159800666159599 1.6763574482798576 0.71838568178616802 -1.7635592737505512 0.51871020294874481 1.1725966174241111 1.6329881513583198 0.56722964630570527 3.3490424817608253 -1.1188797778553432 1.2337931738545498 3.5293798594247727 1.2592254001360674 0.10088537707924844 2.4557159486142073 -0.90517905426025402 1.4761180897553763 1.7088077861329785
leaf_weight=6626 257 78 1259 253 473 726 44 37 402 31 43 38 29 25 291 31 351 174 385 43 31 36 24 21 26 130 22 25 51 23
leaf_count=6626 257 78 1259 253 473 726 44 37 402 31 43 38 29 25 291 31 351 174 385 43 31 36 24 21 26 130 22 25 51 23
internal_value=6.06267e-09 1.12444 -0.579064 1.58671 0.61293 1.88317 1.51713 0.663051 1.29575 0.82048 1.03406 0.527533 0.0102692 0.437414 0.3136 0.129261 0.22577 0.787404 1.41663 1.64904 1.76087 0.940299 1.07968 2.30507 -0.143275 0.354994 0.96828 0.382781 0.675499 -0.0165609
internal_weight=11985 4074 7911 2140 1934 1060 334 81 1080 219 188 110 72 1259 930 639 608 329 861 459 416 675 540 45 1285 155 495 135 110 59
internal_count=11985 4074 7911 2140 1934 1060 334 81 1080 219 188 110 72 1259 930 639 608 329 861 459 416 675 540 45 1285 155 495 135 110 59
is_linear=0
shrinkage=0.05


Tree=56
num_leaves=31
num_cat=0
split_feature=4 4 1 4 1 1 5 8 0 5 2 5 0 0 6 6 2 5 5 7 1 6 0 4 5 5 0 0 5 2
split_gain=2.81714e+06 347901 105698 69630.1 37929.5 25710 36927 25042.5 31873 71974.2 23430.6 29576.2 26692.8 21336.4 28229 37368.3 23025.3 34005.7 20708.8 20811.3 39612.1 20617.3 33882.3 21544.7 28164.4 35274 121795 23427.1 20084.6 38421.6
threshold=267.50000000000006 554.50000000000011 75.500000000000014 748.50000000000011 445.50000000000006 816.50000000000011 79.500000000000014 4.5000000000000009 24.250000000000004 10.500000000000002 76.500000000000014 60.500000000000007 15.65 29.550000000000004 808.50000000000011 783.50000000000011 40.500000000000007 58.500000000000007 37.500000000000007 15.500000000000002 643.50000000000011 720.50000000000011 21.450000000000003 955.50000000000011 37.500000000000007 29.500000000000004 29.250000000000004 28.150000000000002 96.500000000000014 59.500000000000007
decision_type=2 2 2 2 2 2 2 2 2 2 2 2 2 2 2 2 2 2 2 2 2 2 2 2 2 2 2 2 2 2
left_child=2 4 -1 5 10 13 -7 8 -5 -10 12 -12 -2 14 15 16 17 -3 -18 -20 -21 -9 -23 24 25 -24 -27 -26 -6 -30
right_child=1 3 -4 7 28 6 -8 21 9 -11 11 -13 -14 -15 -16 -17 18 -19 19 20 -22 22 23 -25 27 26 -28 -29 29 -31
leaf_value=-0.62871783868868103 -0.24103197803793674 0.91275447348865579 -0.12518447381512146 1.7155065874464779 0.95102657496537946 3.7041459846496583 1.0127953446828402 3.3492358281062202 1.9062819081683493 -1.1721530579468784 0.27528113366627116 2.2115724425566827 0.43282719808885883 1.6314301119432895 -0.78052039802074435 3.1080277608788531 0.92639186707073162 -0.85524313620158621 1.6436565221254285 1.9775508260497681 -0.7327367237636021 -0.015572780912572687 1.9213981598912679 3.2881991227467857 2.9855937149127327 -1.8787082988640358 2.0369854136118817 1.9501696953670586 0.79620743199463995 -0.97285366668587647
leaf_weight=6676 179 122 1235 241 657 25 26 26 43 34 41 38 821 215 20 23 362 35 282 26 28 22 301 30 90 29 63 139 114 42
leaf_count=6676 179 122 1235 241 657 25 26 26 43 34 41 38 821 215 20 23 362 35 282 26 28 22 301 30 90 29 63 139 114 42
internal_value=-2.22705e-10 1.06822 -0.55011 1.49847 0.572022 1.23433 2.33208 1.80049 1.43256 0.546973 0.377695 1.20666 0.312206 1.18402 1.07691 1.11922 1.06572 0.518615 1.18877 1.47146 0.572217 1.96764 1.91435 1.97947 1.91634 1.65951 0.802691 2.3571 0.829929 0.319922
internal_weight=11985 4074 7911 2182 1892 1164 51 1018 318 77 1079 79 1000 1113 898 878 855 157 698 336 54 700 674 652 622 393 92 229 813 156
internal_count=11985 4074 7911 2182 1892 1164 51 1018 318 77 1079 79 1000 1113 898 878 855 157 698 336 54 700 674 652 622 393 92 229 813 156
is_linear=0
shrinkage=0.05


Tree=57
num_leaves=31
num_cat=0
split_feature=4 4 6 1 2 6 0 4 1 4 3 2 8 5 0 1 5 3 1 6 5 6 0 2 1 3 4 3 6 4
split_gain=2.54552e+06 250149 188568 47578.4 50788.5 41258.6 28501.1 27310.3 20708 20654.3 20471.3 20258.3 22090.6 47960.1 19440.1 19375.7 46157.2 18347.9 27301.7 32225.4 20857.2 18340.4 19150 46234.9 18035.8 26681.4 24453.9 35564.3 18499 22514.7
threshold=379.50000000000006 175.50000000000003 626.50000000000011 646.50000000000011 35.500000000000007 834.50000000000011 19.750000000000004 16.500000000000004 753.50000000000011 885.50000000000011 91.500000000000014 52.500000000000007 10.500000000000002 36.500000000000007 26.350000000000005 594.50000000000011 78.500000000000014 27.500000000000004 485.50000000000006 485.50000000000006 29.500000000000004 825.50000000000011 18.150000000000002 40.500000000000007 768.50000000000011 96.500000000000014 661.50000000000011 43.500000000000007 643.50000000000011 533.50000000000011
decision_type=2 2 2 2 2 2 2 2 2 2 2 2 2 2 2 2 2 2 2 2 2 2 2 2 2 2 2 2 2 2
left_child=1 7 3 11 -5 9 -7 -1 -8 15 -10 12 -2 -14 17 16 -4 -3 19 20 -19 22 23 -17 25 28 -26 -28 -24 -30
right_child=2 14 5 4 -6 6 8 -9 10 -11 -12 -13 13 -15 -16 21 -18 18 -20 -21 -22 -23 24 -25 26 -27 27 -29 29 -31
leaf_value=-0.61306338557618201 0.56389215542909765 -0.10002120685683372 1.3880109533086999 -0.46609054912220355 2.1827263675484003 0.31577296000102473 3.2010711296399439 -0.35745769029826824 1.9104371984546835 2.7935193101565048 0.28195205211639401 0.83486794035568979 0.64482276863173438 -2.2479832108901898 0.57208485641451767 -1.3697114342992958 3.9405962363533358 -0.23180370209896464 2.0410891909490934 -1.6751500413531351 0.55212863660695044 0.06766415601596236 1.9662400076972941 1.1431353283584664 2.8919226304904839 2.9545867539587478 1.6897738812812442 -0.50767294883728031 -0.56582621335983274 1.108137681107823
leaf_weight=6055 483 580 77 22 102 29 30 1263 550 24 20 929 38 23 258 22 23 118 22 21 302 32 60 109 37 21 232 20 21 462
leaf_count=6055 483 580 77 22 102 29 30 1263 550 24 20 929 38 23 258 22 23 118 22 21 302 32 60 109 37 21 232 20 21 462
internal_value=1.26297e-08 -0.455374 1.16603 0.772158 1.71277 1.52161 1.84669 -0.568949 1.92069 1.34225 1.8533 0.692975 0.450661 -0.445907 0.183475 1.31104 1.97511 0.0873476 0.322064 0.236308 0.331881 1.24568 1.28399 0.721131 1.37043 1.20585 1.69161 1.51537 1.13822 1.03536
internal_weight=11985 8619 3366 1597 124 1769 629 7318 600 1140 570 1473 544 61 1301 1116 100 1043 463 441 420 1016 984 131 853 564 289 252 543 483
internal_count=11985 8619 3366 1597 124 1769 629 7318 600 1140 570 1473 544 61 1301 1116 100 1043 463 441 420 1016 984 131 853 564 289 252 543 483
is_linear=0
shrinkage=0.05


Tree=58
num_leaves=31
num_cat=0
split_feature=4 4 6 6 6 0 2 8 8 6 5 4 1 1 0 1 3 2 5 1 6 1 0 2 0 1 5 5 0 4
split_gain=2.29927e+06 284152 86267.6 48794.4 39101.9 24203.7 21003.3 19726.6 23209.5 47380 26449.6 19384.4 29225.1 27588.1 19244.5 18615.2 16118.8 15891.2 15636.5 14656.3 14484.6 17295.2 14461.2 19435.5 14422.4 13904.5 13144.5 37791.2 86282.1 15795.8
threshold=267.50000000000006 580.50000000000011 67.500000000000014 816.50000000000011 439.50000000000006 15.65 49.500000000000007 10.500000000000002 4.5000000000000009 631.50000000000011 68.500000000000014 877.50000000000011 848.50000000000011 821.50000000000011 29.550000000000004 468.50000000000006 46.500000000000007 74.500000000000014 27.500000000000004 756.50000000000011 291.50000000000006 412.50000000000006 19.750000000000004 58.500000000000007 25.050000000000004 474.50000000000006 38.500000000000007 29.500000000000004 29.250000000000004 885.50000000000011
decision_type=2 2 2 2 2 2 2 2 2 2 2 2 2 2 2 2 2 2 2 2 2 2 2 2 2 2 2 2 2 2
left_child=2 4 -1 11 5 16 7 8 9 25 -10 12 13 14 17 24 -2 -3 -7 -8 21 -20 23 -5 -4 -6 27 29 -29 -24
right_child=1 3 15 22 6 18 19 -9 10 -11 -12 -13 -14 -15 -16 -17 -18 -19 20 -21 -22 -23 26 -25 -26 -27 -28 28 -30 -31
leaf_value=-0.56976156904567976 -0.50839643312558047 1.036203298703674 -0.24211408031162499 1.9761770677566528 -0.19601615989860777 0.20684234081664021 0.88311056558583667 -0.72652537208614931 0.67048037422200046 -1.5159446980917093 2.4068111989004861 2.4641190687815353 -0.44922640941761155 2.5223935873080525 1.573679151121044 1.2018975200561377 0.40192804733291276 2.1690979063510896 0.8355173252282605 2.2240530814443313 0.51799959414204588 2.5264592432975768 1.4363262731139943 -0.15501938643662827 0.15971176383567268 0.9611571345521116 2.0555689467004306 -1.1157311916351318 1.91949668474129 2.1840098116377535
leaf_weight=6624 124 947 971 20 37 360 687 33 90 33 29 30 27 39 239 26 80 32 62 21 397 20 118 23 290 87 264 38 61 176
leaf_count=6624 124 947 971 20 37 360 687 33 90 33 29 30 27 39 239 26 80 32 62 21 397 20 118 23 290 87 264 38 61 176
internal_value=-1.63317e-09 0.965053 -0.496982 1.38737 0.552166 0.33706 0.772772 0.428826 0.566966 0.167783 1.09362 1.20774 1.17839 1.21335 1.17143 -0.122399 -0.151406 1.07323 0.455829 0.922884 0.642958 1.24794 1.72456 0.836235 -0.149704 0.615872 1.7827 1.5994 0.75446 1.88392
internal_weight=11985 4074 7911 2014 2060 1043 1017 309 276 157 119 1314 1284 1257 1218 1287 204 979 839 708 479 82 700 43 1261 124 657 393 99 294
internal_count=11985 4074 7911 2014 2060 1043 1017 309 276 157 119 1314 1284 1257 1218 1287 204 979 839 708 479 82 700 43 1261 124 657 393 99 294
is_linear=0
shrinkage=0.05


Tree=59
num_leaves=31
num_cat=0
split_feature=4 4 4 4 6 2 8 1 1 0 0 6 1 1 2 6 5 2 5 0 8 0 1 1 0 1 3 3 7 0
split_gain=2.07793e+06 204172 155878 33646.4 28549.7 25073.5 27168.5 47467.6 40520.1 23846.1 43288.8 27406.7 22521.6 19707.2 18484.6 37478.1 23488.4 18168.2 17958.3 17784.4 17739.2 46696 49736.6 44185.5 19650.1 22550.5 18849.5 17871.1 16308.5 16112.8
threshold=379.50000000000006 175.50000000000003 711.50000000000011 515.50000000000011 663.50000000000011 74.500000000000014 4.5000000000000009 808.50000000000011 787.50000000000011 23.750000000000004 24.850000000000005 697.50000000000011 2.5000000000000004 932.50000000000011 59.500000000000007 928.50000000000011 76.500000000000014 50.500000000000007 41.500000000000007 20.050000000000004 4.5000000000000009 22.150000000000002 305.50000000000006 468.50000000000006 16.050000000000004 246.50000000000003 25.500000000000004 50.500000000000007 11.500000000000002 21.550000000000004
decision_type=2 2 2 2 2 2 2 2 2 2 2 2 2 2 2 2 2 2 2 2 2 2 2 2 2 2 2 2 2 2
left_child=1 12 3 4 17 6 8 19 9 11 -11 -5 -1 14 15 -4 -16 -2 -19 -8 21 23 -23 -3 25 -22 -25 -26 -29 -21
right_child=2 20 13 5 -6 -7 7 -9 -10 10 -12 -13 -14 -15 16 -17 -18 18 -20 29 24 22 -24 26 27 -27 -28 28 -30 -31
leaf_value=-0.55991682931599285 0.17515726340415311 -0.052184186432699856 1.3274315151971896 0.71645796453655475 2.2654770647486049 2.4724117844193074 -0.010556048485967848 3.3342349321891867 -1.478494185493106 -1.8712187611538433 1.1066467450215267 1.8052125606630278 -0.34633874621694172 2.0651457293741946 1.7526687833541779 -0.77352083785967396 0.1464746929705143 0.35091173726661035 0.89939899851625926 2.3273562713905616 0.3232158351223916 0.077331192862419851 -3.3638947736649287 0.45855336202816527 0.29369659932156383 -1.6809812803268434 2.4471316511814414 0.29584925336142381 1.5191911447615851 1.0768116775740471
leaf_weight=5746 269 502 604 421 24 27 36 24 21 23 26 67 1572 138 441 22 24 258 354 27 32 21 21 22 541 25 26 48 63 560
leaf_count=5746 269 502 604 421 24 27 36 24 21 23 26 67 1572 138 441 22 24 258 354 27 32 21 21 22 541 25 26 48 63 560
internal_value=-6.69132e-09 -0.411429 1.05351 0.795473 0.56399 0.965515 0.93175 1.15223 0.676101 0.760359 -0.291127 0.865939 -0.514038 1.50218 1.43097 1.2536 1.66977 0.517639 0.668174 1.06818 0.165732 -0.0363187 -1.64328 0.0863948 0.33444 -0.555818 1.5357 0.412269 0.990178 1.13433
internal_weight=11985 8619 3366 2137 905 1232 1205 647 558 537 49 488 7318 1229 1091 626 465 881 612 623 1301 592 42 550 709 57 48 652 111 587
internal_count=11985 8619 3366 2137 905 1232 1205 647 558 537 49 488 7318 1229 1091 626 465 881 612 623 1301 592 42 550 709 57 48 652 111 587
is_linear=0
shrinkage=0.05


Tree=60
num_leaves=31
num_cat=0
split_feature=4 4 4 6 0 2 3 1 3 6 6 5 5 2 0 5 7 3 0 1 0 0 3 0 0 0 5 2 3 1
split_gain=1.87562e+06 232218 70800.8 44815 32697.7 29272.5 106811 24845.2 32434.5 27410.6 22673.1 24246.3 70871.5 120135 24567.2 20973 28913.6 45921.1 26439.8 24524.8 21801.1 19565.4 18717.5 19087.4 25119.2 21261.4 35512.7 16874.8 47492.3 16526.2
threshold=267.50000000000006 624.50000000000011 68.500000000000014 439.50000000000006 29.450000000000003 35.500000000000007 85.500000000000014 821.50000000000011 36.500000000000007 865.50000000000011 775.50000000000011 10.500000000000002 38.500000000000007 59.500000000000007 21.550000000000004 99.500000000000014 13.500000000000002 45.500000000000007 23.750000000000004 604.50000000000011 17.850000000000005 15.65 57.500000000000007 21.850000000000005 25.150000000000002 15.250000000000002 60.500000000000007 48.500000000000007 26.500000000000004 468.50000000000006
decision_type=2 2 2 2 2 2 2 2 2 2 2 2 2 2 2 2 2 2 2 2 2 2 2 2 2 2 2 2 2 2
left_child=2 3 -1 21 5 6 -3 9 10 -7 -9 -12 13 -13 -14 19 17 -17 20 22 -18 -2 27 25 -25 -24 -27 28 -5 -4
right_child=1 4 29 15 -6 7 -8 8 -10 -11 11 12 14 -15 -16 16 18 -19 -20 -21 -22 -23 23 24 -26 26 -28 -29 -30 -31
leaf_value=-0.51473957466750375 -0.12949628732054705 1.1604587353409288 -0.13497333230274694 0.46911349874876795 1.6336931335507829 1.025469906496346 -2.6409293081449428 2.7141626900640028 2.7387228043574208 2.6200912628855026 1.9073823191902854 -3.658640975952149 0.12810589018322172 1.1076862451357721 2.0401300868817738 0.49785161278464579 0.43007202595472338 -1.8396410998176127 -0.57560459614420934 1.2609750998732838 2.183946579211467 0.41220410094361437 0.48540151853894087 -0.63596351223607217 1.3461349256110915 0.98439428301624443 2.8447063895671265 0.73445926578715448 -1.9086671292781832 1.1385534814594744
leaf_weight=6626 207 94 1259 168 538 718 23 29 53 28 88 20 21 39 84 55 34 34 24 253 37 856 43 31 33 58 46 436 24 26
leaf_count=6626 207 94 1259 168 538 718 23 29 53 28 88 20 21 39 84 55 34 34 24 253 37 856 43 31 33 58 46 436 24 26
internal_value=8.39889e-09 0.871623 -0.448868 0.546505 1.30992 1.1644 0.413177 1.24579 1.60419 1.08532 1.39021 1.23785 0.878586 -0.508018 1.65773 0.746264 0.252435 -0.395123 0.859094 0.829474 1.34406 0.306718 0.699355 1.10678 0.386056 1.42057 1.80722 0.562464 0.171891 -0.109205
internal_weight=11985 4074 7911 2339 1735 1197 117 1080 334 746 281 252 164 59 105 1276 184 89 95 1092 71 1063 839 211 64 147 104 628 192 1285
internal_count=11985 4074 7911 2339 1735 1197 117 1080 334 746 281 252 164 59 105 1276 184 89 95 1092 71 1063 839 211 64 147 104 628 192 1285
is_linear=0
shrinkage=0.05


Tree=61
num_leaves=31
num_cat=0
split_feature=4 4 4 4 6 2 8 1 1 0 0 6 1 4 2 0 2 6 6 3 8 0 0 3 1 6 5 8 0 2
split_gain=1.69632e+06 166810 127668 28056.3 25187.6 22668.2 23352.8 58158.1 39567.6 19211.5 37266.2 27214.5 18635.1 17345.6 16657.3 20602.2 19609.9 55240.6 25574.3 21172.9 23219.6 16230.2 15554 15444 22435.1 30629.7 18214.2 18839.5 26242.4 15322
threshold=379.50000000000006 175.50000000000003 714.50000000000011 515.50000000000011 663.50000000000011 74.500000000000014 4.5000000000000009 800.50000000000011 808.50000000000011 23.750000000000004 24.850000000000005 697.50000000000011 1.5000000000000002 934.50000000000011 59.500000000000007 19.750000000000004 55.500000000000007 910.50000000000011 604.50000000000011 38.500000000000007 4.5000000000000009 26.350000000000005 20.050000000000004 27.500000000000004 485.50000000000006 485.50000000000006 45.500000000000007 10.500000000000002 16.350000000000005 50.500000000000007
decision_type=2 2 2 2 2 2 2 2 2 2 2 2 2 2 2 2 2 2 2 2 2 2 2 2 2 2 2 2 2 2
left_child=1 12 3 4 29 6 7 9 22 11 -11 -5 -1 14 16 -16 18 19 -4 20 -18 23 -8 -3 25 26 -25 -28 -29 -2
right_child=2 21 13 5 -6 -7 8 -9 -10 10 -12 -13 -14 -15 15 -17 17 -19 -20 -21 -22 -23 -24 24 -26 -27 27 28 -30 -31
leaf_value=-0.50719357514347874 0.15129419928312746 -0.10978520279991087 -0.13229773044586182 0.64623076664811041 2.1075099596753719 2.3077612576661291 -0.042023534576098129 -2.0400929021835328 2.9574912924032946 -1.6528247972329457 1.055029301290159 1.691441446175314 -0.31543353710906363 2.0010859122081679 0.73568922350372101 1.6712211835170168 -0.72264568465096612 -1.5434285238385201 1.4002433044567437 2.475303052230315 1.1046410682878578 0.50503073741917415 1.0282030696861895 -0.14207189692172156 1.8357626679268753 -1.663810504050482 0.27233789578356127 -0.22228122716364651 1.7890056729316712 0.60404930001419965
leaf_weight=5688 269 580 29 424 24 27 36 20 26 24 27 73 1630 98 69 400 21 24 444 22 101 258 596 153 22 21 189 23 55 612
leaf_count=5688 269 580 29 424 24 27 36 20 26 24 27 73 1630 98 69 400 21 24 444 22 101 258 596 153 22 21 189 23 55 612
internal_value=-5.19847e-09 -0.371735 0.951868 0.721478 0.509344 0.874696 0.843136 0.608263 1.04588 0.704918 -0.219255 0.799753 -0.464481 1.36344 1.30714 1.53358 1.14146 0.677426 1.30628 1.04757 0.790108 0.149952 0.967241 0.062118 0.277461 0.199723 0.292899 0.542152 1.19593 0.465807
internal_weight=11985 8619 3366 2158 905 1253 1226 568 658 548 51 497 7318 1208 1110 469 641 168 473 144 122 1301 632 1043 463 441 420 267 78 881
internal_count=11985 8619 3366 2158 905 1253 1226 568 658 548 51 497 7318 1208 1110 469 641 168 473 144 122 1301 632 1043 463 441 420 267 78 881
is_linear=0
shrinkage=0.05


Tree=62
num_leaves=31
num_cat=0
split_feature=4 4 1 4 3 0 5 1 6 0 1 2 1 3 5 5 3 0 6 5 8 6 5 0 5 5 3 4 6 4
split_gain=1.53167e+06 130246 126905 27769.1 23444.8 31759 31393.1 22246.9 22197.5 21396.5 20930.5 20542.4 23309.1 19510.2 39883.4 32686.3 19130.5 37380.2 27661.2 27405.8 20557 18219.8 19498.7 18068.7 17765.7 17653.8 17302.8 16810.5 23055.7 52597.5
threshold=356.50000000000006 679.50000000000011 129.50000000000003 497.50000000000006 19.500000000000004 26.450000000000003 32.500000000000007 468.50000000000006 465.50000000000006 25.050000000000004 932.50000000000011 36.500000000000007 565.00000000000011 40.500000000000007 99.500000000000014 43.500000000000007 86.500000000000014 22.750000000000004 708.50000000000011 51.500000000000007 3.5000000000000004 535.50000000000011 79.500000000000014 17.050000000000004 65.500000000000014 49.500000000000007 8.5000000000000018 934.50000000000011 928.50000000000011 885.50000000000011
decision_type=2 2 2 2 2 2 2 2 2 2 2 2 2 2 2 2 2 2 2 2 2 2 2 2 2 2 2 2 2 2
left_child=2 3 -1 4 5 21 -6 9 -9 -4 27 -8 -13 15 16 -5 17 20 -18 -19 -15 23 -23 24 -2 -7 -10 28 -3 -30
right_child=1 10 7 13 6 25 11 8 26 -11 -12 12 -14 14 -16 -17 18 19 -20 -21 -22 22 -24 -25 -26 -27 -28 -29 29 -31
leaf_value=-0.45257701030028885 -0.109051522934759 1.1939739340677173 -0.099360297570105449 0.64826878469747173 -0.003577595573194601 0.50678012488813662 -0.43525915327279469 2.2933766682942709 -0.73450388794853572 0.35051159255795472 1.8314512230938289 0.98401577196806622 2.7208767626966752 0.23001590265796104 -1.2179266432300211 1.2714949141649852 0.76269370686124871 0.34386311888694765 2.7551537334918978 -2.1868691890136058 1.8249765182214401 -1.9597019096215567 -0.017518578256879535 0.33886780741632777 -1.7273890181021259 1.7192435961020622 1.1641113886343581 2.2655127222197398 1.7866260099411013 -1.8395814535021782
leaf_weight=7025 74 1188 1002 493 108 143 23 21 21 359 139 241 21 58 32 367 135 20 20 23 31 24 28 226 22 38 28 35 20 20
leaf_count=7025 74 1188 1002 493 108 143 23 21 21 359 139 241 21 58 32 367 135 20 20 23 31 24 28 226 22 38 28 35 20 20
internal_value=-5.00949e-09 0.874964 -0.365155 0.62835 0.426876 0.217638 0.722364 0.0640154 0.933306 0.0193054 1.24911 0.997457 1.12323 0.79035 0.456387 0.914227 0.64307 0.200716 1.01979 -1.00978 0.785564 -0.0454856 -0.913911 0.094757 -0.479921 0.76133 0.350419 1.18502 1.15422 -0.0264777
internal_weight=11985 3529 8456 2127 948 555 393 1431 70 1361 1402 285 262 1179 319 860 287 132 155 43 89 374 52 322 96 181 49 1263 1228 40
internal_count=11985 3529 8456 2127 948 555 393 1431 70 1361 1402 285 262 1179 319 860 287 132 155 43 89 374 52 322 96 181 49 1263 1228 40
is_linear=0
shrinkage=0.05


Tree=63
num_leaves=31
num_cat=0
split_feature=4 4 6 4 0 2 3 6 0 1 3 6 6 5 5 2 0 0 3 1 1 2 4 5 0 0 3 1 3 5
split_gain=1.385e+06 172829 50045.5 34122.2 27931.6 25781.7 95707.8 23220 20656.2 19897.9 28458.2 24533.2 20740.4 20980.7 63610.9 104930 21390.4 17151.2 28300.8 58771.9 40890.7 27004.9 30265.1 19832.8 16230.8 37335.6 44378.3 22047.3 15234.7 15177.7
threshold=262.50000000000006 624.50000000000011 67.500000000000014 423.50000000000006 29.450000000000003 35.500000000000007 85.500000000000014 772.50000000000011 17.650000000000002 821.50000000000011 36.500000000000007 865.50000000000011 775.50000000000011 10.500000000000002 38.500000000000007 59.500000000000007 21.550000000000004 26.250000000000004 25.500000000000004 508.50000000000006 512.50000000000011 47.500000000000007 338.50000000000006 16.500000000000004 21.950000000000003 25.050000000000004 33.500000000000007 535.50000000000011 45.500000000000007 38.500000000000007
decision_type=2 2 2 2 2 2 2 2 2 2 2 2 2 2 2 2 2 2 2 2 2 2 2 2 2 2 2 2 2 2
left_child=2 3 -1 17 5 6 -3 8 -5 11 12 -7 -11 -14 15 -15 -16 18 20 21 -2 22 -20 -23 28 26 -26 -28 -10 -30
right_child=1 4 -4 7 -6 9 -8 -9 24 10 -12 -13 13 14 16 -17 -18 -19 19 -21 -22 23 -24 -25 25 -27 27 -29 29 -31
leaf_value=-0.44254482300349757 0.0083551229473669084 0.99226866028410332 -0.098879700512821009 0.3064268114946393 1.4236460097906178 0.86605607898475234 -2.6061254356218422 2.1436387840509417 0.80058256626736002 2.452856757723052 2.4497397235120246 2.3746589473315649 1.663680511713028 -3.5514815855026245 0.017522823242914109 0.9030083803412241 1.8016460124935425 0.64037256915717977 0.37404331160443172 3.0321396464393255 -1.8228604315808328 -0.31447767086449219 -2.045637959241867 0.69475730694057536 0.43601699764214791 0.84370999134448654 -2.4140102167924247 -0.19561617544719154 0.65479722724806877 2.0062049629905867
leaf_weight=6624 400 94 1261 401 538 718 23 25 221 29 53 28 88 20 21 39 84 222 28 21 33 61 24 241 134 415 24 21 31 63
leaf_count=6624 400 94 1261 401 538 718 23 25 221 29 53 28 88 20 21 39 84 222 28 21 33 61 24 241 134 415 24 21 31 63
internal_value=9.18918e-09 0.745391 -0.387585 0.467342 1.1244 0.989906 0.284892 0.634163 0.605357 1.06628 1.38703 0.922679 1.18659 1.04086 0.70667 -0.606988 1.44482 0.251123 0.144176 0.46215 -0.131206 0.309693 -0.742733 0.490905 0.737228 0.58337 -0.0202118 -1.37876 1.02736 1.56053
internal_weight=11985 4100 7885 2365 1735 1197 117 1335 1310 1080 334 746 281 252 164 59 105 1030 808 375 433 354 52 302 909 594 179 45 315 94
internal_count=11985 4100 7885 2365 1735 1197 117 1335 1310 1080 334 746 281 252 164 59 105 1030 808 375 433 354 52 302 909 594 179 45 315 94
is_linear=0
shrinkage=0.05


Tree=64
num_leaves=31
num_cat=0
split_feature=4 4 4 2 5 0 0 0 4 3 0 2 6 4 1 2 4 6 5 2 5 4 4 1 6 4 8 1 1 2
split_gain=1.25129e+06 134438 88681 22620.6 26787.2 26183.1 16880.8 16814.6 14806.7 15618.5 30811.8 34867.7 15056.5 14637.8 14428.3 15355.8 21190 22024.4 20099.2 18906.6 42905.2 15487.1 13758.8 13486 18693.9 13331.5 13781 30157.7 12755.2 12116.4
threshold=391.50000000000006 175.50000000000003 714.50000000000011 74.500000000000014 68.500000000000014 16.250000000000004 28.950000000000003 16.450000000000003 885.50000000000011 11.500000000000002 24.450000000000003 58.500000000000007 920.50000000000011 1.5000000000000002 355.50000000000006 35.500000000000007 274.50000000000006 542.50000000000011 61.500000000000007 57.500000000000007 99.500000000000014 351.50000000000006 436.50000000000006 821.50000000000011 800.50000000000011 551.50000000000011 2.5000000000000004 520.50000000000011 435.50000000000006 55.500000000000007
decision_type=2 2 2 2 2 2 2 2 2 2 2 2 2 2 2 2 2 2 2 2 2 2 2 2 2 2 2 2 2 2
left_child=1 13 3 5 -5 22 7 -7 12 10 11 -10 -4 -1 29 -16 -17 18 -18 28 21 -21 -2 24 25 26 27 -9 -20 -3
right_child=2 14 8 4 -6 6 -8 23 9 -11 -12 -13 -14 -15 15 16 17 -19 19 20 -22 -23 -24 -25 -26 -27 -28 -29 -30 -31
leaf_value=-0.43720272334528643 -0.76754548963573255 -0.22073138066176737 1.0223098077788533 0.87327449006529967 2.9545846451412547 1.9360954314470291 0.98711126794272885 0.41538405057841116 -1.2432616980179496 2.042702042097333 1.6261831977466743 1.248994715180662 1.8906603529768171 -0.26754504707375382 -0.72280596217204796 1.4770789414644243 0.60670722476711658 1.900663560699849 -0.30951512277126314 0.56573055248994097 -2.7101414476335051 -1.0284691645503043 0.28304138666115186 1.6395723392223491 -0.96745156884193428 0.74296971819991497 0.52198256873276216 -1.4093405260674414 1.0954854972021921 0.15564659221985208
leaf_weight=5680 36 317 859 52 22 23 343 84 23 87 150 36 53 1638 29 46 166 21 30 39 20 25 232 29 20 614 588 31 35 657
leaf_count=5680 36 317 859 52 22 23 343 84 23 87 150 36 53 1638 29 46 166 21 30 39 20 25 232 29 20 614 588 31 35 657
internal_value=1.09621e-08 -0.313736 0.831946 0.63359 1.49204 0.601827 0.672991 0.595422 1.1725 1.47977 1.24544 0.277437 1.07277 -0.399228 0.137982 0.386416 0.470624 0.332836 0.228314 -0.193252 -0.688703 -0.0570037 0.141918 0.572848 0.54971 0.57275 0.42408 -0.0764982 0.447024 0.0331499
internal_weight=11985 8703 3282 2074 74 2000 1732 1389 1208 296 209 59 912 7318 1385 411 382 336 315 149 84 64 268 1366 1337 1317 703 115 65 974
internal_count=11985 8703 3282 2074 74 2000 1732 1389 1208 296 209 59 912 7318 1385 411 382 336 315 149 84 64 268 1366 1337 1317 703 115 65 974
is_linear=0
shrinkage=0.05


Tree=65
num_leaves=31
num_cat=0
split_feature=4 4 4 4 0 2 8 6 0 1 6 4 1 3 5 5 0 0 3 1 0 3 1 1 2 4 5 6 6 5
split_gain=1.13006e+06 141057 41001.4 27870.5 23846.3 22992.8 43113.2 21087.9 17581.3 17425 22155.5 16912.3 15740.1 20307.3 101503 16768.2 15381.5 33000.2 40024.6 19756.4 14619.4 25432.5 51245.7 37502.5 24236.8 27358.1 17900.3 14236.9 14739.1 14094.8
threshold=262.50000000000006 624.50000000000011 68.500000000000014 423.50000000000006 29.450000000000003 29.500000000000004 3.5000000000000004 772.50000000000011 17.650000000000002 821.50000000000011 865.50000000000011 751.50000000000011 575.50000000000011 47.500000000000007 51.500000000000007 36.500000000000007 21.950000000000003 25.050000000000004 33.500000000000007 535.50000000000011 26.250000000000004 25.500000000000004 526.50000000000011 512.50000000000011 47.500000000000007 338.50000000000006 16.500000000000004 427.50000000000006 373.50000000000006 10.500000000000002
decision_type=2 2 2 2 2 2 2 2 2 2 2 2 2 2 2 2 2 2 2 2 2 2 2 2 2 2 2 2 2 2
left_child=2 3 -1 20 5 6 -3 8 -5 10 12 -11 15 -14 -15 -7 -10 18 -18 -20 21 23 24 -2 25 -23 -26 28 -4 -13
right_child=1 4 27 7 -6 9 -8 -9 16 11 -12 29 13 14 -16 -17 17 -19 19 -21 -22 22 -24 -25 26 -27 -28 -29 -30 -31
leaf_value=-0.39980049109038746 0.00055978637747466562 1.1969594222527964 -0.094201982629203332 0.26963872636930825 1.2922032308608959 0.80088905137881905 -1.7489157422729162 2.0113825459480288 0.94952325115423841 2.289115346179289 2.1884022338049753 1.5533199263434125 0.81066636211115795 0.9504765965855948 -2.1106867058857066 2.1363526833057405 0.38312093017817439 0.76206369213400837 -2.3203296388189001 -0.22035306862422399 0.58607177727662774 0.35517403254551549 2.8919249379634859 -1.7531464838620388 -0.30365368998685827 -1.9453680368761224 0.65475048965520477 0.92070399750681498 -1.4627663934230806 0.86429696028749348
leaf_weight=6626 400 27 1205 401 538 57 23 25 315 34 28 117 530 101 37 40 134 415 24 21 222 28 20 33 61 24 242 34 20 203
leaf_count=6626 400 27 1205 401 538 57 23 25 315 34 28 117 530 101 37 40 134 415 24 21 222 28 20 33 61 24 242 34 20 203
internal_value=4.42008e-09 0.673303 -0.350101 0.422109 1.01571 0.891436 -0.158143 0.572876 0.545423 0.93719 0.806981 1.22887 0.756419 0.669994 0.12973 1.3516 0.667084 0.517305 -0.0501515 -1.34034 0.226698 0.12796 0.42939 -0.133095 0.290656 -0.706615 0.461804 -0.0885344 -0.116546 1.11622
internal_weight=11985 4100 7885 2365 1735 1197 50 1335 1310 1147 793 354 765 668 138 97 909 594 179 45 1030 808 375 433 355 52 303 1259 1225 320
internal_count=11985 4100 7885 2365 1735 1197 50 1335 1310 1147 793 354 765 668 138 97 909 594 179 45 1030 808 375 433 355 52 303 1259 1225 320
is_linear=0
shrinkage=0.05


Tree=66
num_leaves=31
num_cat=0
split_feature=4 4 4 2 5 0 0 0 5 4 1 4 2 0 0 6 0 2 8 6 0 0 6 6 0 6 1 3 1 5
split_gain=1.02076e+06 110151 72263.8 20347.2 24111.6 22335.6 13906.3 15304.3 13369.6 17863.6 13709.1 13258.7 13309.9 17720.2 16828.7 33687.1 17521.6 47943.2 40546.5 32910.7 22199.9 14967.2 12627.9 20423.8 17027.3 15338.2 12163.6 12075.3 12526.2 10810
threshold=391.50000000000006 175.50000000000003 714.50000000000011 74.500000000000014 68.500000000000014 16.250000000000004 28.950000000000003 16.450000000000003 71.500000000000014 436.50000000000006 478.50000000000006 955.50000000000011 59.500000000000007 19.750000000000004 30.250000000000004 928.50000000000011 22.950000000000003 55.500000000000007 5.5000000000000009 701.50000000000011 20.550000000000004 28.150000000000002 570.50000000000011 430.50000000000006 23.650000000000002 415.50000000000006 1.5000000000000002 19.500000000000004 848.50000000000011 45.500000000000007
decision_type=2 2 2 2 2 2 2 2 2 2 2 2 2 2 2 2 2 2 2 2 2 2 2 2 2 2 2 2 2 2
left_child=1 26 3 5 -5 8 7 -7 9 -2 -10 12 14 29 15 16 20 19 -19 -18 -4 -21 23 24 25 -3 -1 28 -15 -14
right_child=2 22 11 4 -6 6 -8 -9 10 -11 -12 -13 13 27 -16 -17 17 18 -20 21 -22 -23 -24 -25 -26 -27 -28 -29 -30 -31
leaf_value=-0.39525895143024697 -1.2588534752527873 -0.015391506087956927 0.7986678189383104 0.79947508223927943 2.7741063659841365 1.8166021866642912 0.89306347239545336 0.51601749727487811 -0.18969866514205935 0.11604023090706617 1.4790345697372687 2.0630211666226388 0.88483850852187196 0.76265498402395426 1.2439242264882333 -0.93508462248177371 -0.89810213825919405 -2.4498023759751093 0.30094041751848688 1.3928928222950105 2.0195455314784216 0.32900738965633303 -0.98802956533432007 0.70047382257274682 0.34933392403799357 -1.3536870804699985 -0.24033295917777531 1.7814026424517999 1.4242900777495269 -0.49457381378859283
leaf_weight=5688 27 798 104 52 22 23 343 1366 20 189 32 32 49 112 223 29 22 21 37 143 58 43 25 148 392 22 1630 117 198 20
leaf_count=5688 27 798 104 52 22 23 343 1366 20 189 32 32 49 112 223 29 22 21 37 143 58 43 25 148 392 22 1630 117 198 20
internal_value=-7.73806e-10 -0.283366 0.751411 0.572355 1.38653 0.54223 0.607958 0.537553 0.117454 -0.0558215 0.837214 1.05883 1.03151 1.22846 0.887845 0.71409 0.825834 0.576172 -0.695018 0.930638 1.23577 1.14694 0.12552 0.145989 0.07828 -0.051297 -0.360751 1.3486 1.18525 0.485009
internal_weight=11985 8703 3282 2074 74 2000 1732 1389 268 216 52 1208 1176 496 680 457 428 266 58 208 162 186 1385 1360 1212 820 7318 427 310 69
internal_count=11985 8703 3282 2074 74 2000 1732 1389 268 216 52 1208 1176 496 680 457 428 266 58 208 162 186 1385 1360 1212 820 7318 427 310 69
is_linear=0
shrinkage=0.05


Tree=67
num_leaves=31
num_cat=0
split_feature=4 4 1 4 6 0 3 4 5 0 0 2 2 7 2 6 8 3 8 2 5 7 3 5 5 1 2 6 0 2
split_gain=922186 116993 33686.6 26263.5 23672.3 17601.1 21463.9 26557.5 20246.9 25817.9 42311.9 31441.1 47160.4 31330.3 26239.4 19036.3 23110.4 18126.3 29341.2 16070.6 63558.7 25376.4 58130.7 16942 16607.6 23282.6 14880.5 42012.3 14782.1 13389.7
threshold=262.50000000000006 554.50000000000011 150.50000000000003 803.50000000000011 906.50000000000011 26.250000000000004 27.500000000000004 497.50000000000006 49.500000000000007 22.350000000000005 19.450000000000003 66.500000000000014 63.500000000000007 12.500000000000002 47.500000000000007 535.50000000000011 4.5000000000000009 52.500000000000007 2.5000000000000004 40.500000000000007 88.500000000000014 12.500000000000002 67.500000000000014 38.500000000000007 36.500000000000007 488.50000000000006 33.500000000000007 445.50000000000006 15.050000000000002 27.500000000000004
decision_type=2 2 2 2 2 2 2 2 2 2 2 2 2 2 2 2 2 2 2 2 2 2 2 2 2 2 2 2 2 2
left_child=2 5 -1 4 19 6 7 15 -8 10 11 12 14 -11 -10 -2 -17 -16 -19 20 21 22 -3 -23 -21 -26 -4 -28 -13 -5
right_child=1 3 26 29 -6 -7 8 -9 9 13 -12 28 -14 -15 17 16 -18 18 -20 24 -22 23 -24 -25 25 -27 27 -29 -30 -31
leaf_value=-0.35004276441753879 0.021800697523579094 0.65260681731715087 -0.96447503849079741 2.3807655858993533 2.4448854446411135 0.60596133870046553 0.12637375808976314 0.63100675565370345 -0.99960641535845685 0.91136147578557347 1.9231065456341541 0.4578417170879453 -1.5910511603861144 -1.6177911195755006 1.8618205081332815 -0.26097252197722171 -2.2902788436412815 -0.53158227433051386 1.7111646492481232 0.59440275453820779 -1.6925858880534319 0.74284287560945272 -2.3467957878112791 1.996980779598921 2.3536888500739788 0.9024437814152666 -0.015294935161276167 2.2543047553371816 1.6389449105746505 1.068772046257388
leaf_weight=7124 601 84 38 20 20 428 270 171 22 24 72 43 33 25 33 47 20 35 25 559 33 87 20 39 29 588 702 21 69 703
leaf_count=7124 601 84 38 20 20 428 270 171 22 24 72 43 33 25 33 47 20 35 25 559 33 87 20 39 29 588 702 21 69 703
internal_value=-1.29835e-09 0.608232 -0.316265 0.858644 0.736532 0.323352 0.242173 0.0750096 0.457611 0.692346 0.850469 0.553431 0.0751202 -0.379023 0.553239 -0.067319 -0.866736 0.920579 0.402896 0.712788 0.359457 0.653881 0.0757986 1.13103 0.791807 0.970655 -6.13615e-05 0.050627 1.18549 1.10507
internal_weight=11985 4100 7885 2182 1459 1918 1490 839 651 381 332 260 148 49 115 668 67 93 60 1439 263 230 104 126 1176 617 761 723 112 723
internal_count=11985 4100 7885 2182 1459 1918 1490 839 651 381 332 260 148 49 115 668 67 93 60 1439 263 230 104 126 1176 617 761 723 112 723
is_linear=0
shrinkage=0.05


Tree=68
num_leaves=31
num_cat=0
split_feature=4 4 4 2 5 0 0 5 1 3 1 6 1 4 7 0 1 5 6 6 4 1 5 5 1 4 6 3 4 2
split_gain=835258 88669.6 59219.4 17748.2 21268.3 19543.2 12435.5 17395.9 31859.6 27067.3 61831 40928.2 40629.3 24887.5 15640.2 14629.9 21756 16920.9 13426.5 13919.5 15314.4 13394.1 11971.4 15574.1 12532.6 12238.9 11756.5 14701.1 11724.9 11803.3
threshold=391.50000000000006 175.50000000000003 714.50000000000011 74.500000000000014 49.500000000000007 16.250000000000004 16.450000000000003 85.500000000000014 808.50000000000011 19.500000000000004 717.50000000000011 631.50000000000011 526.50000000000011 474.50000000000006 14.500000000000002 28.950000000000003 765.50000000000011 49.500000000000007 305.50000000000006 738.50000000000011 675.50000000000011 693.50000000000011 71.500000000000014 4.5000000000000009 478.50000000000006 436.50000000000006 373.50000000000006 35.500000000000007 955.50000000000011 59.500000000000007
decision_type=2 2 2 2 2 2 2 2 2 2 2 2 2 2 2 2 2 2 2 2 2 2 2 2 2 2 2 2 2 2
left_child=1 -1 3 5 -5 22 -7 8 15 13 11 12 -11 -9 21 16 18 -17 -8 26 -21 -15 23 -2 -24 -25 27 -20 29 -4
right_child=2 -3 28 4 -6 6 7 9 -10 10 -12 -13 -14 14 -16 17 -18 -19 19 20 -22 -23 24 25 -26 -27 -28 -29 -30 -31
leaf_value=-0.32575878804719094 0.55454037171405035 0.11052663070173255 0.79702582415515177 0.43036464009736036 2.1256784584876653 1.7058448553085328 1.4390586352662036 -0.41955150991678236 2.5327131884438652 0.5593391966819764 -2.5234392872563118 1.7832074710300991 -2.3500310839712619 0.8105903974285833 0.25311769008636475 0.66633566164452107 -1.1090597266242619 1.5128480847392765 0.50109265844027207 2.2849975363774733 0.37330142140388489 2.3713910971369065 -0.20862504065036777 -1.4195890108528344 1.3868954103440048 -0.16456116293668749 0.48230256151299289 -1.310399964309874 1.9023314878344537 1.117786301969881
leaf_weight=7318 68 1385 680 37 37 23 38 40 21 30 27 28 20 27 35 253 21 77 24 22 20 28 20 23 32 125 977 21 32 496
leaf_count=7318 68 1385 680 37 37 23 38 40 21 30 27 28 20 27 35 253 21 77 24 22 20 28 20 23 32 125 977 21 32 496
internal_value=6.42644e-10 -0.256328 0.679715 0.517623 1.27802 0.489488 0.55097 0.535427 0.599123 0.135908 -0.461176 0.252684 -0.604409 0.618169 1.07938 0.571177 0.485171 0.863855 0.515551 0.482569 1.37467 1.60518 0.09215 -0.0718146 0.773234 -0.359599 0.445907 -0.344271 0.958008 0.932313
internal_weight=11985 8703 3282 2074 74 2000 1732 1709 1474 235 105 78 50 130 90 1453 1123 330 1102 1064 42 55 268 216 52 148 1022 45 1208 1176
internal_count=11985 8703 3282 2074 74 2000 1732 1709 1474 235 105 78 50 130 90 1453 1123 330 1102 1064 42 55 268 216 52 148 1022 45 1208 1176
is_linear=0
shrinkage=0.05


Tree=69
num_leaves=31
num_cat=0
split_feature=4 6 1 1 2 0 1 5 5 2 0 0 3 0 8 1 6 5 0 0 4 5 8 0 1 6 0 1 3 1
split_gain=753822 65309.4 62823.7 29166.9 40742.2 20056.2 19618.7 19619.5 34378.8 25909.5 35800.6 203772 54268 50102.9 31672.9 27076.6 30322.3 24248.1 22824.3 31009.3 21307.3 20179.3 18661 16859 16287.3 19720.4 16803.5 15280.7 16452.5 20734.4
threshold=356.50000000000006 626.50000000000011 129.50000000000003 646.50000000000011 35.500000000000007 29.550000000000004 585.50000000000011 10.500000000000002 13.500000000000002 59.500000000000007 22.650000000000002 23.450000000000003 98.500000000000014 20.150000000000002 3.5000000000000004 772.50000000000011 732.50000000000011 44.500000000000007 21.450000000000003 25.950000000000003 589.50000000000011 93.500000000000014 5.5000000000000009 18.450000000000003 468.50000000000006 465.50000000000006 25.050000000000004 445.50000000000006 47.500000000000007 360.50000000000006
decision_type=2 2 2 2 2 2 2 2 2 2 2 2 2 2 2 2 2 2 2 2 2 2 2 2 2 2 2 2 2 2
left_child=2 3 -1 -2 -5 6 -3 -8 -9 10 13 -12 15 14 20 16 17 -13 21 -20 -10 23 -18 -11 26 -26 27 28 -4 -30
right_child=1 5 24 4 -6 -7 7 8 9 18 11 12 -14 -15 -16 -17 22 -19 19 -21 -22 -23 -24 -25 25 -27 -28 -29 29 -31
leaf_value=-0.3176802836403092 0.34151702260968902 1.3718225297446436 -0.20295971637411464 -0.81455140980807228 1.5578683115103666 1.0783212403447358 0.98680846708759151 -1.5248706120252611 -0.60258170832758373 1.584802182807642 -4.4562318846583366 -0.38314563846588134 -1.8025393981933595 2.106090841293335 -1.1867200980229038 1.3369660879290381 -1.9763352990150453 1.5925463403143534 1.7785643521663363 0.60719995981296604 1.1426174221381751 -0.88536066412925729 0.055154771003155759 0.22448252163071564 2.0715268316723052 0.24018734073152348 0.30104942633861209 -1.3715234445488971 0.110797719778838 1.5640147327272982
leaf_weight=7025 1632 104 682 22 102 551 317 20 23 34 24 25 25 55 28 86 20 41 113 113 73 26 26 69 21 49 359 23 270 27
leaf_count=7025 1632 104 682 22 102 551 317 20 23 34 24 25 25 55 28 86 20 41 113 113 73 26 26 69 21 49 359 23 270 27
internal_value=3.47602e-09 0.613821 -0.25617 0.397687 1.13696 0.827884 0.714961 0.653858 0.522091 0.57451 0.311614 -0.0785866 0.39255 0.850048 0.292932 0.669708 0.157349 0.844178 0.889985 1.19288 0.724497 0.359327 -0.828102 0.67352 0.0457919 0.789589 0.00753634 -0.0976245 -0.0676964 0.242908
internal_weight=11985 3529 8456 1756 124 1773 1222 1118 801 781 426 247 223 179 124 198 112 66 355 226 96 129 46 103 1431 70 1361 1002 979 297
internal_count=11985 3529 8456 1756 124 1773 1222 1118 801 781 426 247 223 179 124 198 112 66 355 226 96 129 46 103 1431 70 1361 1002 979 297
is_linear=0
shrinkage=0.05


Tree=70
num_leaves=31
num_cat=0
split_feature=4 4 6 0 1 5 1 6 6 3 1 2 1 2 3 2 6 3 2 4 6 6 5 6 6 0 6 0 6 0
split_gain=681438 72555.8 48805.7 16883.2 16957.2 52822.1 16229.4 15200.2 14928.3 15153.6 19423 14496 13008.1 23504.4 15327.8 73964 33047.1 26245.6 38747.5 12280.2 17630.1 17406.8 11889.1 11271.4 16268.9 13886.6 14627.7 10976.1 51203.2 23074.7
threshold=391.50000000000006 175.50000000000003 765.50000000000011 17.950000000000003 761.50000000000011 74.500000000000014 816.50000000000011 305.50000000000006 365.50000000000006 83.500000000000014 389.50000000000006 74.500000000000014 688.50000000000011 65.500000000000014 31.500000000000004 44.500000000000007 917.50000000000011 83.500000000000014 59.500000000000007 562.50000000000011 626.50000000000011 565.00000000000011 60.500000000000007 570.50000000000011 430.50000000000006 23.650000000000002 415.50000000000006 24.550000000000004 928.50000000000011 24.150000000000002
decision_type=2 2 2 2 2 2 2 2 2 2 2 2 2 2 2 2 2 2 2 2 2 2 2 2 2 2 2 2 2 2
left_child=1 -1 3 11 7 6 -6 -5 -9 -10 -11 19 13 -4 27 -16 17 18 -17 20 21 -2 -13 24 25 26 -3 28 29 -14
right_child=2 23 12 4 5 -7 -8 8 9 10 -12 22 14 -15 15 16 -18 -19 -20 -21 -22 -23 -24 -25 -26 -27 -28 -29 -30 -31
leaf_value=-0.29433136646673758 0.025486153000738566 -0.022720779823536114 2.5361380008980632 1.5007966977663529 1.1463615956371778 -1.0102356910705568 2.4318126974879086 -0.71080549478530886 0.4625258233085095 -0.0023042102393351104 1.2947975578904154 0.26549055237661706 1.0902664012235144 0.48999043953418736 -2.0849158935546876 -1.4785211167165213 2.7024624506632491 1.6057913461247004 0.93441339062481399 0.47034332357559133 -1.3403778696602042 1.4484115585036901 1.8448012026456688 -0.95171831530332573 0.61454469477002682 0.30401631097751197 -1.3296505884690719 1.0681363031722182 -1.5800750545833422 -0.62310362837531352
leaf_weight=7318 328 798 32 39 73 24 37 25 1224 38 120 22 184 25 25 28 21 37 41 281 22 23 26 25 148 392 22 562 23 22
leaf_count=7318 328 798 32 39 73 24 37 25 1224 38 120 22 184 25 25 28 21 37 41 281 22 23 26 25 148 392 22 562 23 22
internal_value=5.43168e-09 -0.231525 0.613945 0.486307 0.57696 1.11504 1.57874 0.527096 0.500106 0.522011 0.982836 0.282275 0.905213 1.6387 0.860877 0.401023 0.890381 0.531383 -0.0447484 0.22072 0.0326665 0.118726 1.12095 0.100325 0.119664 0.0592334 -0.0577848 0.949244 0.657463 0.907285
internal_weight=11985 8703 3282 2282 1580 134 110 1446 1407 1382 158 702 1000 57 943 152 127 106 69 654 373 351 48 1385 1360 1212 820 791 229 206
internal_count=11985 8703 3282 2282 1580 134 110 1446 1407 1382 158 702 1000 57 943 152 127 106 69 654 373 351 48 1385 1360 1212 820 791 229 206
is_linear=0
shrinkage=0.05


Tree=71
num_leaves=31
num_cat=0
split_feature=4 4 8 0 5 0 6 4 1 0 5 1 4 4 5 0 3 5 0 1 0 3 0 4 0 0 0 0 2 2
split_gain=615916 77447.3 25505.1 26502.7 69140.6 128427 59370.9 24647.3 20305.1 33810.2 29556.6 22006.2 37690.2 19585.4 42374.1 16359.5 19896.9 24410 48080.4 30890.1 25490.6 25003.7 21612.8 35578 20021.7 15921.3 69334.6 15718.6 19298 34734
threshold=262.50000000000006 515.50000000000011 4.5000000000000009 23.750000000000004 10.500000000000002 25.850000000000005 787.50000000000011 62.500000000000007 465.50000000000006 20.150000000000002 36.500000000000007 772.50000000000011 675.50000000000011 562.50000000000011 99.500000000000014 15.850000000000003 27.500000000000004 49.500000000000007 22.350000000000005 505.50000000000006 25.150000000000002 92.500000000000014 19.650000000000002 368.50000000000006 26.450000000000003 23.250000000000004 22.950000000000003 19.750000000000004 70.500000000000014 67.500000000000014
decision_type=2 2 2 2 2 2 2 2 2 2 2 2 2 2 2 2 2 2 2 2 2 2 2 2 2 2 2 2 2 2
left_child=7 15 3 13 -5 6 -6 -1 -4 10 -10 -11 -13 14 -3 -2 24 -18 19 21 -20 -19 23 -23 -17 26 -14 28 29 -15
right_child=1 2 8 4 5 -7 -8 -9 9 11 -12 12 25 27 -16 16 17 18 20 -21 -22 22 -24 -25 -26 -27 -28 -29 -30 -31
leaf_value=-0.29806874477682394 -0.11722588907395091 0.41334352712073025 2.0123302081051997 0.94427731199698028 -4.3540725637365272 1.2820503868162634 -0.75981819391250616 -0.061141830790160459 0.55389108038865609 0.61979401791309363 -2.0027782791107893 2.5914822926123939 1.1640891890776786 0.54827133336538758 -2.0126193886711485 0.00067565034129726353 0.13488378430246026 1.5883139121663441 -1.5451467365026474 2.8322807105524199 0.44377447353029736 -1.530160584816566 1.5027707572166737 1.236866823832194 0.49778819973320987 1.0186919920936301 -2.196731755847023 1.0551566728826234 1.7205233564600348 -1.5867439985275269
leaf_weight=6567 280 126 34 77 27 32 20 1318 26 696 20 36 57 401 21 603 186 91 24 28 49 26 26 21 305 599 21 216 32 20
leaf_count=6567 280 126 34 77 27 32 20 1318 26 696 20 36 57 401 21 603 186 91 24 28 49 26 26 21 305 599 21 216 32 20
internal_value=-1.99704e-09 0.497074 0.674417 0.475193 -0.121932 -1.16115 -2.8246 -0.258466 0.804468 0.776243 -0.557704 0.819793 1.01502 0.589349 0.0667774 0.230788 0.302491 0.573952 0.882128 1.29741 -0.210117 1.03536 0.346056 -0.293829 0.167657 0.931194 0.259253 0.704174 0.536818 0.446845
internal_weight=11985 4100 2461 972 156 79 47 7885 1489 1455 46 1409 713 816 147 1639 1359 451 265 192 73 164 73 47 908 677 78 669 453 421
internal_count=11985 4100 2461 972 156 79 47 7885 1489 1455 46 1409 713 816 147 1639 1359 451 265 192 73 164 73 47 908 677 78 669 453 421
is_linear=0
shrinkage=0.05


Tree=72
num_leaves=31
num_cat=0
split_feature=4 4 6 1 2 0 1 5 5 6 0 8 0 8 5 6 6 6 6 0 0 6 0 7 0 2 5 6 1 0
split_gain=556069 59810 39972.3 21779.1 34405.7 15222.3 15749 16464.1 33227.6 76858.7 40204.4 51517.2 18388.5 31980.5 24650.3 19777.6 20350.9 17531.7 31770.8 22122.1 67024.3 16072.9 15619.1 13144.8 13357.3 12208.8 44620.1 12655.3 13789.3 14124.2
threshold=391.50000000000006 129.50000000000003 626.50000000000011 646.50000000000011 35.500000000000007 29.450000000000003 585.50000000000011 10.500000000000002 37.500000000000007 910.50000000000011 24.350000000000005 5.5000000000000009 20.150000000000002 3.5000000000000004 83.500000000000014 765.50000000000011 726.50000000000011 643.50000000000011 735.50000000000011 26.450000000000003 22.450000000000003 663.50000000000011 27.950000000000003 12.500000000000002 19.350000000000005 39.500000000000007 58.500000000000007 291.50000000000006 284.50000000000006 17.650000000000002
decision_type=2 2 2 2 2 2 2 2 2 2 2 2 2 2 2 2 2 2 2 2 2 2 2 2 2 2 2 2 2 2
left_child=1 -1 3 25 -5 6 23 -8 9 10 -9 -12 13 15 -15 16 21 -14 19 20 -19 -10 -20 -4 -25 26 -2 -27 -29 -30
right_child=2 -3 5 4 -6 -7 7 8 12 -11 11 -13 17 14 -16 -17 -18 18 22 -21 -22 -23 -24 24 -26 27 -28 28 29 -31
leaf_value=-0.2727104616184502 0.26946308722269946 0.061145227738893852 1.9447135238271009 -0.78800008730454885 1.3940558672541439 0.92877084511806052 0.86436237228413426 0.84370140119602821 -0.037734055930170519 -2.9567268644060412 -2.8079632663726808 0.069457794619458058 2.2757857757806779 -0.004301137604364535 -2.1454125121235847 2.103008060228257 -0.92107412815094003 1.0759416041550813 1.2224571237596897 0.77396309149265297 -2.4471112874922931 1.5439620041184956 0.18970830752090975 -9.7590088844299314e-05 1.4376773670741492 1.018158808691161 -1.9107323233304279 1.2377060342207553 0.053376172064812946 0.42588261170103475
leaf_weight=7046 145 1657 38 22 101 570 315 114 29 21 20 70 20 41 20 21 22 27 218 50 27 36 44 30 35 70 28 40 396 712
leaf_count=7046 145 1657 38 22 101 570 315 114 29 21 20 70 20 41 20 21 22 27 218 50 27 36 44 30 35 70 28 40 396 712
internal_value=3.91046e-09 -0.209146 0.554601 0.366037 1.00377 0.716075 0.614876 0.559275 0.436066 -0.0764734 0.220023 -0.569969 0.643853 0.208895 -0.706305 0.725814 0.393388 0.834288 0.755517 0.0161209 -0.685585 0.838282 1.04902 1.20597 0.774089 0.309645 -0.0834009 0.365472 0.325674 0.292749
internal_weight=11985 8703 3282 1514 123 1768 1198 1095 780 225 204 90 555 169 61 108 87 386 366 104 54 65 262 103 65 1391 173 1218 1148 1108
internal_count=11985 8703 3282 1514 123 1768 1198 1095 780 225 204 90 555 169 61 108 87 386 366 104 54 65 262 103 65 1391 173 1218 1148 1108
is_linear=0
shrinkage=0.05


Tree=73
num_leaves=31
num_cat=0
split_feature=6 4 4 1 1 5 5 2 3 4 1 7 3 4 8 0 4 0 3 6 5 0 0 2 3 2 8 5 2 5
split_gain=504472 70211.5 32245.8 22756.9 23646.3 18716.7 27265.6 51269.2 23272.2 28410 52844.2 30639.6 21227.2 33717.4 27976.1 17917.5 15792.5 13881.1 16449.3 13053.3 12298.9 11979.6 37502.9 36507.2 30559.7 69509.7 27521.5 26133.3 24945.1 21896
threshold=427.50000000000006 198.50000000000003 742.50000000000011 626.50000000000011 538.50000000000011 99.500000000000014 89.500000000000014 64.500000000000014 45.500000000000007 502.50000000000006 492.50000000000006 13.500000000000002 27.500000000000004 474.50000000000006 4.5000000000000009 15.950000000000001 521.50000000000011 16.250000000000004 75.500000000000014 173.50000000000003 34.500000000000007 21.750000000000004 26.050000000000004 59.500000000000007 1.0000000180025095e-35 43.500000000000007 3.5000000000000004 68.500000000000014 67.500000000000014 54.500000000000007
decision_type=2 2 2 2 2 2 2 2 2 2 2 2 2 2 2 2 2 2 2 2 2 2 2 2 2 2 2 2 2 2
left_child=1 -1 5 4 16 6 15 -8 12 10 11 -10 13 14 -7 -2 17 18 -3 -19 -17 26 23 24 -23 -26 29 -28 -25 -22
right_child=2 3 -4 -5 -6 8 7 -9 9 -11 -12 -13 -14 -15 -16 20 -18 19 -20 -21 21 22 -24 28 25 -27 27 -29 -30 -31
leaf_value=-0.25280362225643099 -0.030755069508416461 -0.37660515834338115 0.77639469328903776 1.4477197167929263 -1.2443616366945207 -1.5622114601888155 0.66523414984345441 3.5883956766128544 -2.3233949948440897 -1.7268354247598088 1.8747363921701909 0.31546001000837848 1.6411515498983449 0.82272789838723848 0.71177521887279704 0.34154720227019147 1.0851733000505539 1.0675546980485684 0.44594058323651553 0.15641491127787754 1.0734865526837039 0.52395154484387108 0.74805842944211809 1.3697654314663099 0.23171763304741153 -3.1166017574648706 0.85510274017558374 2.2616950231569786 -0.74538157343864442 -0.020214734094984393
leaf_weight=7461 173 253 1044 32 32 38 60 20 22 34 25 22 29 80 21 650 42 41 80 953 83 29 392 46 31 31 85 54 20 102
leaf_count=7461 173 253 1044 32 32 38 60 20 22 34 25 22 29 80 21 650 42 41 80 953 83 29 392 46 31 31 85 54 20 102
internal_value=3.66323e-10 -0.191236 0.550261 0.129318 0.0992041 0.434929 0.493988 1.39602 0.0478831 -0.54387 0.0390412 -1.00397 0.410684 0.153967 -0.752826 0.45144 0.13061 0.100397 -0.178997 0.193997 0.506213 0.628816 0.486528 -0.166466 -0.815789 -1.44244 0.869916 1.40155 0.728812 0.470473
internal_weight=11985 8894 3091 1433 1401 2047 1776 80 271 103 69 44 168 139 59 1696 1369 1327 333 994 1523 873 549 157 91 62 324 139 66 185
internal_count=11985 8894 3091 1433 1401 2047 1776 80 271 103 69 44 168 139 59 1696 1369 1327 333 994 1523 873 549 157 91 62 324 139 66 185
is_linear=0
shrinkage=0.05


Tree=74
num_leaves=31
num_cat=0
split_feature=6 4 4 1 1 5 5 0 1 3 4 4 7 3 4 8 0 8 3 0 1 1 6 4 6 0 2 0 0 1
split_gain=455286 63887.4 29101.9 19822.8 22105.2 16891.8 24650.3 38741.6 31576.9 21003.2 25640 47929.1 33705.1 19157.6 30429.9 25248.4 17029.2 20201.1 15451.8 15197.7 24177.7 15179.3 17280.1 14811.8 14752.7 13993.8 22580.2 11285.1 17075.7 14357.6
threshold=427.50000000000006 222.50000000000003 742.50000000000011 626.50000000000011 538.50000000000011 99.500000000000014 80.500000000000014 25.250000000000004 800.50000000000011 45.500000000000007 502.50000000000006 384.50000000000006 13.500000000000002 27.500000000000004 474.50000000000006 4.5000000000000009 18.850000000000005 3.5000000000000004 18.500000000000004 29.050000000000004 765.50000000000011 445.50000000000006 421.50000000000006 533.50000000000011 581.50000000000011 15.450000000000001 62.500000000000007 18.150000000000002 17.250000000000004 720.50000000000011
decision_type=2 2 2 2 2 2 2 2 2 2 2 2 2 2 2 2 2 2 2 2 2 2 2 2 2 2 2 2 2 2
left_child=1 -1 5 4 21 6 8 16 19 13 11 12 -11 14 15 -7 25 -18 -19 20 23 22 -3 24 -2 -8 -27 28 -4 -29
right_child=2 3 27 -5 -6 9 7 -9 -10 10 -12 -13 -14 -15 -16 -17 17 18 -20 -21 -22 -23 -24 -25 -26 26 -28 29 -30 -31
leaf_value=-0.23636845976977405 0.19737110102912639 0.13505866078159481 0.74124415851301617 1.3753337254747748 -1.1821435907855631 -1.4841008914144416 0.89301468431949615 -0.55059751849020688 2.0734910891391336 -2.0678471045425306 -1.6404936685281641 1.9632067425684498 0.62536311036064518 1.5590939889694084 0.78159150559455159 0.67618644351050972 -0.42805981948262173 2.4980600801110269 0.71548020222014008 0.66505163353971319 -1.2435573720932007 0.75594030449264926 -0.93638753895767235 0.46557287545195103 -0.7563334619336658 1.387153496431268 3.6277567007324913 1.5125668374555452 -0.83141981022698541 0.73200475319333802
leaf_weight=7624 410 1072 45 32 32 38 20 31 28 26 34 22 21 29 80 21 21 20 31 360 25 95 39 740 45 23 22 63 28 908
leaf_count=7624 410 1072 45 32 32 38 20 31 28 26 34 22 21 29 80 21 21 20 31 360 25 95 39 740 45 23 22 63 28 908
internal_value=4.59046e-09 -0.181674 0.522748 0.146662 0.114903 0.413183 0.469289 1.04559 0.409079 0.0454889 -0.516676 0.0370891 -0.864498 0.39015 0.146269 -0.715185 1.40677 0.877109 1.41453 0.379583 0.295346 0.149318 0.0974471 0.327541 0.103049 1.99347 2.48256 0.737575 0.138031 0.782649
internal_weight=11985 8894 3091 1270 1238 2047 1776 168 1608 271 103 69 47 168 139 59 137 72 51 1580 1220 1206 1111 1195 455 65 45 1044 73 971
internal_count=11985 8894 3091 1270 1238 2047 1776 168 1608 271 103 69 47 168 139 59 137 72 51 1580 1220 1206 1111 1195 455 65 45 1044 73 971
is_linear=0
shrinkage=0.05


Tree=75
num_leaves=31
num_cat=0
split_feature=6 4 4 5 5 0 1 4 2 7 3 3 4 3 0 6 0 5 6 1 1 4 0 2 5 8 7 2 2 1
split_gain=411006 42124.7 34042.1 19827.3 22973.6 31449.5 29429.9 19711.9 18076.1 55064.6 16572.8 26389.9 37286.8 18923.4 27785.4 23013.3 16300.4 16447.9 16124.6 31744.8 14429.4 23534.8 13869.7 11282.4 10452 14250.8 23489.6 18700.3 16748.8 13397.3
threshold=383.50000000000006 129.50000000000003 742.50000000000011 99.500000000000014 80.500000000000014 25.250000000000004 800.50000000000011 293.50000000000006 40.500000000000007 13.500000000000002 45.500000000000007 27.500000000000004 470.50000000000006 76.500000000000014 19.950000000000003 468.50000000000006 15.950000000000001 77.500000000000014 626.50000000000011 675.50000000000011 310.50000000000006 436.50000000000006 18.850000000000005 59.500000000000007 34.500000000000007 9.5000000000000018 14.500000000000002 56.500000000000007 62.500000000000007 783.50000000000011
decision_type=2 2 2 2 2 2 2 2 2 2 2 2 2 2 2 2 2 2 2 2 2 2 2 2 2 2 2 2 2 2
left_child=1 -1 3 4 6 7 16 -6 9 -5 11 12 23 -12 15 -15 20 24 22 -20 -2 -22 -9 -10 -18 29 27 -27 -29 -26
right_child=2 -3 -4 8 5 -7 -8 18 10 -11 13 -13 -14 14 -16 -17 17 -19 19 -21 21 -23 -24 -25 25 26 -28 28 -30 -31
leaf_value=-0.23674087492199924 1.0523203288670631 0.053047148588398499 0.70053301106672738 -2.6994106666549396 2.4485826757219105 -0.52306763222140651 1.9698165403945105 1.1205992974837622 -0.16018064672296697 0.52951793997518481 -1.328229870973155 1.9196602958220024 1.0139889439567924 0.63061704527248041 1.4109326358194707 -1.5303813163723266 0.27911380381529155 -0.65464372747653243 3.043687622184339 0.55629107356071472 -1.7834259515458886 -0.031487944747177553 -0.18618466906450892 -1.6027768308701724 0.6534091453065306 -0.47116909188883649 -1.2426692528384073 2.0313672366349595 0.22460887987038186 -0.62824304047085
leaf_weight=7037 24 1526 1048 23 27 31 28 45 33 31 32 27 64 22 27 28 774 37 23 29 22 149 37 23 702 35 28 23 29 21
leaf_count=7037 24 1526 1048 23 27 31 28 45 33 31 32 27 64 22 27 28 774 37 23 29 22 149 37 23 702 35 28 23 29 21
internal_value=-2.7698e-09 -0.185098 0.463178 0.358398 0.414398 0.935271 0.360975 1.21607 -0.0144528 -0.845766 0.160902 0.507322 0.189546 -0.306287 0.118417 -0.579542 0.336546 0.387666 0.967727 1.65649 -0.0957507 -0.256883 0.530953 -0.752676 0.41159 0.533949 0.0169517 0.422347 1.02375 0.616183
internal_weight=11985 8563 3422 2374 2064 192 1872 161 310 54 256 147 120 109 77 50 1844 1649 134 52 195 171 82 56 1612 838 115 87 52 723
internal_count=11985 8563 3422 2374 2064 192 1872 161 310 54 256 147 120 109 77 50 1844 1649 134 52 195 171 82 56 1612 838 115 87 52 723
is_linear=0
shrinkage=0.05


Tree=76
num_leaves=31
num_cat=0
split_feature=6 4 0 1 1 5 3 7 5 2 8 6 3 8 0 2 2 1 6 6 3 5 5 6 1 4 6 2 3 3
split_gain=372506 52279.8 23776.2 17554.5 19950.4 16941.8 35716.3 56627.4 35350.4 28958.5 19017.3 32240 35063.3 29059.1 29784.9 18364.5 108585 21249.8 43648.9 27173.7 26182.7 21651.5 32264.9 87392.9 20219.9 18781.6 25224 18530.7 16320.8 15087.7
threshold=427.50000000000006 222.50000000000003 29.450000000000003 626.50000000000011 538.50000000000011 99.500000000000014 92.500000000000014 13.500000000000002 89.500000000000014 64.500000000000014 3.5000000000000004 684.50000000000011 20.500000000000004 4.5000000000000009 24.250000000000004 29.500000000000004 27.500000000000004 793.50000000000011 735.50000000000011 855.50000000000011 32.500000000000007 10.500000000000002 38.500000000000007 896.50000000000011 878.50000000000011 833.50000000000011 893.50000000000011 56.500000000000007 60.500000000000007 32.500000000000007
decision_type=2 2 2 2 2 2 2 2 2 2 2 2 2 2 2 2 2 2 2 2 2 2 2 2 2 2 2 2 2 2
left_child=1 -1 5 4 -3 8 10 -8 15 -10 11 12 -7 -12 -15 16 -2 19 -19 -17 21 -20 23 -23 27 -22 -27 -24 29 -4
right_child=2 3 28 -5 -6 6 7 -9 9 -11 13 -13 -14 14 -16 17 -18 18 20 -21 25 22 24 -25 -26 26 -28 -29 -30 -31
leaf_value=-0.21380714563388398 0.74762782315413157 0.13549293261310966 0.73182131757169344 1.2889237429946663 -1.1294099785620346 -0.67021455310639888 -2.6911919346877511 0.28910861595256909 0.88958363799906504 2.9458432487819506 -0.99765023916375406 2.3158775764482993 1.4562969317866696 -0.39201682259639109 1.7223152160644533 0.31701539966590764 -3.4298360194478721 2.4937606594779278 0.92917311858446883 1.9794758288860324 2.6511302460794863 0.47876971993181439 -1.1695724183862859 -3.0051803906758625 1.311825363961133 -0.42876473117619751 1.9535451602935792 0.67233528329266445 2.0967209793272477 -0.39632603122342019
leaf_weight=7624 60 1206 674 32 32 42 28 37 67 23 51 27 36 36 31 1464 21 33 122 25 23 54 22 27 55 20 25 36 21 31
leaf_count=7624 60 1206 674 32 32 42 28 37 67 23 51 27 36 36 31 1464 21 33 122 25 23 54 22 27 55 20 25 36 21 31
internal_value=2.73687e-09 -0.164331 0.472843 0.132684 0.102798 0.39601 0.0366285 -0.994713 0.445843 1.41507 0.337244 0.826727 0.311252 -0.0983135 0.586256 0.401942 -0.335418 0.433278 0.748753 0.344928 0.598792 0.407268 0.0790596 -0.682547 0.62499 1.48881 0.894741 -0.0263194 0.72313 0.682215
internal_weight=11985 8894 3091 1270 1238 2365 288 65 2077 90 223 105 78 118 67 1987 81 1906 417 1489 384 316 194 81 113 68 45 58 726 705
internal_count=11985 8894 3091 1270 1238 2365 288 65 2077 90 223 105 78 118 67 1987 81 1906 417 1489 384 316 194 81 113 68 45 58 726 705
is_linear=0
shrinkage=0.05


Tree=77
num_leaves=31
num_cat=0
split_feature=6 4 4 5 3 4 4 5 2 2 0 1 1 0 4 3 7 0 3 4 3 0 3 6 4 5 6 8 0 6
split_gain=336187 47239.8 22101.5 16696.3 27967.4 36402.3 42358.7 23146 35628.4 18953.1 17798.2 16354.4 17451.5 15587.4 15322.1 44686.1 14590.7 18098.3 15228.9 13627.1 13491.5 12331.7 14714.3 12007.7 11659.3 10882.8 21174.1 18320 20050.6 15656.4
threshold=427.50000000000006 198.50000000000003 838.50000000000011 99.500000000000014 65.500000000000014 502.50000000000006 371.50000000000006 89.500000000000014 64.500000000000014 40.500000000000007 24.350000000000005 626.50000000000011 538.50000000000011 15.950000000000001 428.50000000000006 21.500000000000004 11.500000000000002 19.050000000000004 14.500000000000002 521.50000000000011 5.5000000000000009 16.250000000000004 75.500000000000014 173.50000000000003 565.50000000000011 44.500000000000007 906.50000000000011 2.5000000000000004 17.850000000000005 865.50000000000011
decision_type=2 2 2 2 2 2 2 2 2 2 2 2 2 2 2 2 2 2 2 2 2 2 2 2 2 2 2 2 2 2
left_child=1 -1 3 7 9 6 -6 13 20 10 -5 12 19 -2 15 -11 -16 24 -19 21 -9 22 -3 -23 -18 29 27 -27 -29 -15
right_child=2 11 -4 4 5 -7 -8 8 -10 14 -12 -13 -14 25 16 -17 17 18 -20 -21 -22 23 -24 -25 -26 26 -28 28 -30 -31
leaf_value=-0.20661509592291916 -0.037690391331105626 -0.37002846644271037 0.740450227324986 -1.5622816194187512 -0.96065089843775098 -2.0172931028134893 1.7962043336846614 1.4958932662010194 3.079296660423279 -1.3918647601686676 0.49861822366714481 1.2244775705039501 -1.072939467150718 0.37543980953606332 2.1675510817766188 1.5964807689189913 0.62162611825125558 0.83326666767780599 -0.95415599129416728 0.99498246425674075 0.10056203167612961 1.0062727433879202 0.40793157767737287 0.13238542035206419 2.308466578088701 -0.33886196922172201 2.0485310390591622 1.3932746515290377 0.51849823637769143 -0.80071871075136913
leaf_weight=7461 185 253 538 22 38 33 22 30 20 29 20 32 32 1163 20 22 21 26 22 42 41 41 80 953 20 55 24 73 638 29
leaf_count=7461 185 253 538 22 38 33 22 30 20 29 20 32 32 1163 20 22 21 26 22 42 41 41 80 953 20 55 24 73 638 29
internal_value=1.2881e-09 -0.156114 0.449201 0.387825 0.034067 -0.683429 0.050196 0.434042 1.21523 0.364399 -0.580901 0.106822 0.0812941 0.401237 0.612541 -0.102775 0.947229 0.673 0.0140313 0.108274 0.690139 0.0802094 -0.183131 0.168431 1.44448 0.442207 0.586124 0.540305 0.608314 0.346825
internal_weight=11985 8894 3091 2553 295 93 60 2258 91 202 42 1433 1401 2167 160 51 109 89 48 1369 71 1327 333 994 41 1982 790 766 711 1192
internal_count=11985 8894 3091 2553 295 93 60 2258 91 202 42 1433 1401 2167 160 51 109 89 48 1369 71 1327 333 994 41 1982 790 766 711 1192
is_linear=0
shrinkage=0.05


Tree=78
num_leaves=31
num_cat=0
split_feature=6 4 0 3 4 1 1 2 1 4 1 6 3 2 2 6 0 7 5 0 3 1 6 6 1 4 1 4 8 4
split_gain=303408 42962.4 20984 14975.1 14682.1 14265.6 16285.5 14193.9 83549.1 45671.7 18024.7 32601.8 17700.7 19183.7 43336.2 52545 21168.7 14777.8 32015.2 14275.3 13613.5 13186.4 15951.1 11947.2 10441.2 9239.29 9041.31 9162.49 23243.7 12717.2
threshold=427.50000000000006 222.50000000000003 29.450000000000003 60.500000000000007 222.50000000000003 626.50000000000011 538.50000000000011 35.500000000000007 848.50000000000011 474.50000000000006 821.50000000000011 738.50000000000011 36.500000000000007 48.500000000000007 59.500000000000007 896.50000000000011 21.450000000000003 11.500000000000002 67.500000000000014 26.450000000000003 32.500000000000007 445.50000000000006 421.50000000000006 865.50000000000011 848.50000000000011 1.5000000000000002 267.50000000000006 328.50000000000006 2.5000000000000004 356.50000000000006
decision_type=2 2 2 2 2 2 2 2 2 2 2 2 2 2 2 2 2 2 2 2 2 2 2 2 2 2 2 2 2 2
left_child=1 25 4 20 -2 6 21 8 9 -6 23 -12 13 -13 15 -15 -16 -11 -19 -18 24 22 -3 26 -4 -1 -9 28 -28 -29
right_child=2 5 3 -5 7 -7 -8 10 -10 17 11 12 -14 14 16 -17 19 18 -20 -21 -22 -23 -24 -25 -26 -27 27 29 -30 -31
leaf_value=-0.22536098737951737 1.7035370445251468 0.11132928632953859 0.50991147999339759 1.9776176906767349 -1.6471967322895162 1.1632536850869657 -1.0192924989387393 1.0966470995971134 -3.0434139024643674 -0.23537260611590588 2.4525206079483031 1.1930944588780403 1.4099832880609442 0.21983106518403078 -0.61843195328345668 -2.7536707267165186 1.3017710987197977 0.4622495312285092 2.4848308544158937 0.029142203330993655 -0.40181523599932273 0.68893790822280088 -0.91808957644762135 1.3071826418240866 0.9120215734939523 -0.099074061471684322 -0.34418851629547453 -0.72374095171689989 1.6906670450957286 0.28264597644470296
leaf_weight=5680 20 1072 406 21 26 32 32 35 21 38 25 60 53 39 26 24 83 90 25 30 31 95 39 30 268 1944 23 32 36 1649
leaf_count=5680 20 1072 406 21 26 32 32 35 21 38 25 60 53 39 26 24 83 90 25 30 31 95 39 30 268 1944 23 32 36 1649
internal_value=-1.62834e-09 -0.148308 0.426741 0.661873 0.35456 0.120941 0.0939994 0.343055 -0.0597987 0.290234 0.380617 0.714574 0.576642 0.408065 0.174888 -0.912932 0.667928 0.619471 0.901941 0.963905 0.62268 0.123539 0.0751931 0.317712 0.669801 -0.19316 0.300988 0.284983 0.897418 0.263488
internal_weight=11985 8894 3091 726 2365 1270 1238 2345 200 179 2145 340 315 262 202 63 139 153 115 113 705 1206 1111 1805 674 7624 1775 1740 59 1681
internal_count=11985 8894 3091 726 2365 1270 1238 2345 200 179 2145 340 315 262 202 63 139 153 115 113 705 1206 1111 1805 674 7624 1775 1740 59 1681
is_linear=0
shrinkage=0.05


Tree=79
num_leaves=31
num_cat=0
split_feature=4 6 4 1 6 3 6 4 6 6 0 3 1 6 1 5 5 3 5 0 4 5 3 2 5 4 8 5 6 4
split_gain=274282 37904.2 18948.7 16582 13877.6 14227.4 13508.8 37998.6 12809.7 17144.6 12295.5 16874.9 43203.7 25742.5 22101 12880.3 11637.2 11411 11179.5 10494.4 12630.9 11801.5 35855.8 19568.8 13603.8 11589.8 11728.5 10360 10324.8 12355.3
threshold=423.50000000000006 67.500000000000014 892.50000000000011 271.50000000000006 917.50000000000011 10.500000000000002 928.50000000000011 922.50000000000011 291.50000000000006 373.50000000000006 26.350000000000005 27.500000000000004 485.50000000000006 512.50000000000011 512.50000000000011 45.500000000000007 38.500000000000007 1.0000000180025095e-35 40.500000000000007 18.150000000000002 436.50000000000006 99.500000000000014 65.500000000000014 57.500000000000007 83.500000000000014 432.50000000000006 9.5000000000000018 99.500000000000014 453.50000000000006 526.50000000000011
decision_type=2 2 2 2 2 2 2 2 2 2 2 2 2 2 2 2 2 2 2 2 2 2 2 2 2 2 2 2 2 2
left_child=1 -1 3 -2 8 -6 -4 -8 18 16 11 14 13 15 -3 -13 -10 -9 -5 20 -11 24 23 -23 -22 -21 -27 -16 -28 -30
right_child=2 10 6 4 5 -7 7 17 9 19 -12 12 -14 -15 27 -17 -18 -19 -20 25 21 22 -24 -25 -26 26 28 -29 29 -31
leaf_value=-0.20096151862755771 1.501182054448873 -0.10456400712532604 1.1125178257880672 0.4837889275380543 0.52893416107969082 2.0052510375976564 -1.2819139835926203 0.31520899074470127 0.10932828296314588 -1.0144052762876858 0.27565103836461313 -0.15365481116839882 1.8213787043416823 -1.6544936884017218 -0.42956314682960511 0.27933592591395001 -1.1438118497841061 1.4878184886205765 1.8681630234718325 1.3920148632135885 0.22331881959799971 -0.62409715056419379 -2.1301689303701834 1.4403988285498186 1.3204194601376853 0.43192716636366496 1.1504039311408998 -1.9855463152346404 -0.61014601154760884 0.20365449009732634
leaf_weight=6626 32 1017 155 35 47 25 26 41 44 22 431 271 37 21 20 469 32 42 25 29 486 24 21 22 30 1687 20 23 66 159
leaf_count=6626 32 1017 155 35 47 25 26 41 44 22 431 271 37 21 20 469 32 42 25 29 486 24 21 22 30 1687 20 23 66 159
internal_value=6.04389e-09 -0.140365 0.407606 0.369504 0.356449 1.04154 0.812585 0.386075 0.338194 0.321788 0.0350458 -0.0207673 0.152901 0.0717789 -0.15151 0.120768 -0.41831 0.908578 1.06061 0.343708 0.161662 0.206042 -0.418255 0.36327 0.287104 0.399872 0.38498 -1.26183 0.0617123 -0.0350603
internal_weight=11985 8915 3070 2806 2774 72 264 109 2702 2642 2289 1858 798 761 1060 740 76 83 60 2566 605 583 67 46 516 1961 1932 43 245 225
internal_count=11985 8915 3070 2806 2774 72 264 109 2702 2642 2289 1858 798 761 1060 740 76 83 60 2566 605 583 67 46 516 1961 1932 43 245 225
is_linear=0
shrinkage=0.05


Tree=80
num_leaves=31
num_cat=0
split_feature=6 4 0 4 3 2 1 4 1 6 5 5 2 7 5 1 1 3 5 3 1 6 6 3 2 1 0 3 5 5
split_gain=248880 35429.2 18144 13538.9 13509.6 13050.6 75701.2 43054.4 14488.5 29689.6 15470.3 41938.4 74780.6 13301.9 28611.5 12820.4 15172.3 12341.9 12254.1 18989.5 11453.9 14725.5 10143.3 9552.62 14201.2 9229.55 8343.16 12044.4 11673 20676.9
threshold=427.50000000000006 222.50000000000003 29.450000000000003 238.50000000000003 60.500000000000007 35.500000000000007 848.50000000000011 474.50000000000006 821.50000000000011 738.50000000000011 44.500000000000007 29.500000000000004 60.500000000000007 11.500000000000002 67.500000000000014 626.50000000000011 538.50000000000011 32.500000000000007 76.500000000000014 4.5000000000000009 445.50000000000006 421.50000000000006 865.50000000000011 1.0000000180025095e-35 49.500000000000007 848.50000000000011 23.550000000000004 42.500000000000007 61.500000000000007 82.500000000000014
decision_type=2 2 2 2 2 2 2 2 2 2 2 2 2 2 2 2 2 2 2 2 2 2 2 2 2 2 2 2 2 2
left_child=1 -1 3 -2 17 6 7 -5 22 -10 11 23 -13 -9 -15 16 20 25 -12 -20 21 26 -7 24 -11 -4 27 28 -3 -30
right_child=2 15 4 5 -6 8 -8 13 9 10 18 12 -14 14 -16 -17 -18 -19 19 -21 -22 -23 -24 -25 -26 -27 -28 -29 29 -31
leaf_value=-0.17505168752266617 1.5832837700843811 0.0024674613436218352 0.46245242773309769 -1.6680571792125702 1.8548452558971587 0.27218166991249942 -2.9184817790985109 -0.24102217539360651 2.3019095335006714 1.0886627328582108 1.3781940342674792 -3.3647826191037895 0.41243268471015126 0.4223404134809971 2.334386381149292 1.0982941333204508 -0.98992512472905225 -0.40756149599629066 1.5354971630871297 -0.46717832653686919 0.64010615960547801 -0.88626386901507015 1.1993082704146703 1.0936075294812519 -0.43192051051951508 0.84051154106577397 0.32200892437189144 0.27422930362942594 -1.3284125453116848 0.0076644951283042113
leaf_weight=7624 21 364 406 25 21 1775 21 38 25 28 71 20 38 90 25 32 32 31 20 29 95 39 30 75 34 268 309 281 51 67
leaf_count=7624 21 364 406 25 21 1775 21 38 25 28 71 20 38 90 25 32 32 31 20 29 95 39 30 75 34 268 309 281 51 67
internal_value=-2.71452e-09 -0.134322 0.386496 0.319378 0.605138 0.308054 -0.0792869 0.255674 0.34399 0.6434 0.511772 0.236895 -0.890055 0.57001 0.838003 0.110185 0.0846446 0.567913 0.958446 0.35024 0.113157 0.0680986 0.287591 0.713999 0.254795 0.612779 0.102819 0.0140512 -0.137629 -0.569793
internal_weight=11985 8894 3091 2365 726 2344 199 178 2145 340 315 195 58 153 115 1270 1238 705 120 49 1206 1111 1805 137 62 674 1072 763 482 118
internal_count=11985 8894 3091 2365 726 2344 199 178 2145 340 315 195 58 153 115 1270 1238 705 120 49 1206 1111 1805 137 62 674 1072 763 482 118
is_linear=0
shrinkage=0.05


Tree=81
num_leaves=31
num_cat=0
split_feature=4 4 4 6 4 1 6 6 6 8 3 6 6 6 2 5 0 0 8 0 6 1 0 5 2 0 7 0 3 1
split_gain=224672 26917.7 17687 12089.3 33420.3 12071.2 16781.9 11606.4 17198.6 57606.6 16422 14613.8 13423.6 17165.8 11706.9 19566.2 13373.6 11569.8 12500.1 39214.2 12566.5 14982.6 11083.2 13335.2 35304.7 52146.9 31840.2 29209.5 24942.7 17005
threshold=391.50000000000006 62.500000000000007 892.50000000000011 928.50000000000011 922.50000000000011 594.50000000000011 535.50000000000011 878.50000000000011 862.50000000000011 5.5000000000000009 32.500000000000007 834.50000000000011 825.50000000000011 816.50000000000011 74.500000000000014 59.500000000000007 16.250000000000004 15.250000000000002 11.500000000000002 19.650000000000002 280.50000000000006 237.50000000000003 16.450000000000003 82.500000000000014 40.500000000000007 25.350000000000005 15.500000000000002 24.050000000000004 94.500000000000014 555.50000000000011
decision_type=2 2 2 2 2 2 2 2 2 2 2 2 2 2 2 2 2 2 2 2 2 2 2 2 2 2 2 2 2 2
left_child=1 -1 7 -4 -5 6 17 8 11 -10 -9 12 13 14 16 -16 -2 -3 -19 20 21 -20 -18 -24 25 -25 27 28 -26 -28
right_child=2 5 3 4 -6 -7 -8 10 9 -11 -12 -13 -14 -15 15 -17 22 18 19 -21 -22 -23 23 24 26 -27 29 -29 -30 -31
leaf_value=-0.18309143544562961 -0.058798440893315596 -0.20751963716000318 1.0287137239402342 -1.2227814873823755 0.83151329475713076 1.1605229268903317 -1.3343891734662263 0.47470191470125606 -2.0522552385926249 0.79395841851830484 1.6514752195941078 0.86352032783238786 -0.69936802141806664 1.3555008732958846 0.29282445894848358 1.8377452545799315 1.3750746406614782 0.043336096664578785 0.030905849900510575 2.3788414634764194 -0.43600064110755921 1.7114111923036122 0.34181896379739679 -2.6702615695340293 0.50379684833795069 0.5058913556238015 -0.018819123790377663 1.9277495369916 -1.3564106776600793 -2.0559827673435214
leaf_weight=6567 283 430 155 26 83 23 23 168 32 40 36 115 34 38 57 32 24 1529 36 24 50 21 1887 28 127 24 21 31 21 20
leaf_count=6567 283 430 155 26 83 23 23 168 32 40 36 115 34 38 57 32 24 1529 36 24 50 21 1887 28 127 24 21 31 21 20
internal_value=2.29583e-09 -0.132941 0.352525 0.744977 0.341498 0.021242 0.00884094 0.318196 0.291795 -0.471025 0.682368 0.311825 0.287674 0.300617 0.284928 0.848302 0.264595 0.0236229 0.0834972 0.552247 0.142544 0.650039 0.306519 0.294641 -0.032658 -1.20434 0.244286 0.532167 0.239848 -1.01256
internal_weight=11985 8703 3282 264 109 2136 2113 3018 2814 72 204 2742 2627 2593 2555 89 2466 2090 1660 131 107 57 2183 2159 272 52 220 179 148 41
internal_count=11985 8703 3282 264 109 2136 2113 3018 2814 72 204 2742 2627 2593 2555 89 2466 2090 1660 131 107 57 2183 2159 272 52 220 179 148 41
is_linear=0
shrinkage=0.05


Tree=82
num_leaves=31
num_cat=0
split_feature=6 4 5 3 2 4 7 5 2 0 2 0 2 2 3 1 4 4 6 8 1 5 6 1 5 2 5 4 3 7
split_gain=203982 28888.7 15699.2 22916.3 27399.5 64707.1 24659.9 17380.8 27807.1 16508.7 15828.7 15498.6 14404.7 91508.1 14975.2 30116.6 53612.8 28237.7 23355 15312 20001.9 41262.4 15193.4 16728.6 12718.5 12429 21644.5 12074 37885.7 12913.2
threshold=427.50000000000006 222.50000000000003 99.500000000000014 65.500000000000014 46.500000000000007 492.50000000000006 13.500000000000002 89.500000000000014 64.500000000000014 29.250000000000004 40.500000000000007 24.350000000000005 29.500000000000004 27.500000000000004 19.500000000000004 793.50000000000011 814.50000000000011 874.50000000000011 855.50000000000011 2.5000000000000004 738.50000000000011 41.500000000000007 932.50000000000011 906.50000000000011 57.500000000000007 66.500000000000014 51.500000000000007 428.50000000000006 21.500000000000004 11.500000000000002
decision_type=2 2 2 2 2 2 2 2 2 2 2 2 2 2 2 2 2 2 2 2 2 2 2 2 2 2 2 2 2 2
left_child=1 -1 7 10 -5 6 -6 9 -9 12 11 -4 13 -2 22 18 -17 -18 19 25 -21 -22 23 -14 -11 26 -16 28 -12 -29
right_child=2 -3 3 4 5 -7 -8 8 -10 24 27 -13 14 -15 15 16 17 -19 -20 20 21 -23 -24 -25 -26 -27 -28 29 -30 -31
leaf_value=-0.15838259963122892 0.63900153753110922 0.099184011306877692 -1.4815723765980113 0.5763565221140462 -1.4305896125733852 -3.5889909207820896 0.97001574298609849 0.56579392099044701 2.5662006378173832 0.51207715873254445 -1.305008442648526 0.44158584594726569 0.17689235797446026 -3.2043409154528661 0.032081485473656961 3.1349466800689698 -0.5582993777468801 1.3513518576719323 1.9241321926531585 0.53647604085555345 0.77323420643806462 -1.8363800359623774 -0.77857146996718196 1.0515838643086368 1.3884335536848416 0.62533642710783544 -1.5093223854899407 1.961176165044308 1.4465735587206754 0.56203756277707029
leaf_weight=7624 59 1270 22 31 20 20 23 71 23 701 29 20 950 21 79 28 32 49 23 481 33 28 39 58 44 39 32 20 22 94
leaf_count=7624 59 1270 22 31 20 20 23 71 23 701 29 20 950 21 79 28 32 49 23 481 33 28 39 58 44 39 32 20 22 94
internal_value=1.69141e-09 -0.121604 0.349901 0.00683507 -0.640577 -1.23938 -0.146545 0.386913 1.05526 0.363611 0.300829 -0.565783 0.287154 -0.369876 0.315247 0.474698 1.24889 0.596922 0.356675 0.304577 0.428308 -0.424622 0.189757 0.227222 0.563835 -0.142505 -0.412287 0.521421 -0.118052 0.8075
internal_weight=11985 8894 3091 301 94 63 43 2790 94 2696 207 42 1951 80 1871 824 109 81 715 692 542 61 1047 1008 745 150 111 165 51 114
internal_count=11985 8894 3091 301 94 63 43 2790 94 2696 207 42 1951 80 1871 824 109 81 715 692 542 61 1047 1008 745 150 111 165 51 114
is_linear=0
shrinkage=0.05


Tree=83
num_leaves=31
num_cat=0
split_feature=6 4 1 5 3 0 7 1 5 0 6 1 4 0 8 5 1 1 8 0 0 2 3 5 3 2 3 2 5 5
split_gain=184094 26072.1 15430.5 12484.6 20485.1 31725.3 31297 23726.9 17654.6 25301.6 20277.3 12910.1 16484.6 27898.2 12166.2 12512.9 11396.4 13926.9 11335.8 14771 19921.6 14195.3 14008 12887.9 21311.5 31355.6 22756.3 12848.1 18487.4 12443.5
threshold=427.50000000000006 222.50000000000003 925.50000000000011 99.500000000000014 45.500000000000007 19.950000000000003 13.500000000000002 717.50000000000011 89.500000000000014 18.850000000000005 712.50000000000011 485.50000000000006 474.50000000000006 17.750000000000004 2.5000000000000004 51.500000000000007 626.50000000000011 538.50000000000011 9.5000000000000018 16.750000000000004 22.450000000000003 63.500000000000007 17.500000000000004 37.500000000000007 60.500000000000007 31.500000000000004 47.500000000000007 56.500000000000007 48.500000000000007 35.500000000000007
decision_type=2 2 2 2 2 2 2 2 2 2 2 2 2 2 2 2 2 2 2 2 2 2 2 2 2 2 2 2 2 2
left_child=1 -1 3 8 11 6 -6 -7 14 -10 -11 -5 13 -13 15 -2 17 -3 23 -20 22 27 -21 29 26 -26 -25 28 -22 -16
right_child=2 16 -4 4 5 7 -8 -9 9 10 -12 12 -14 -15 18 -17 -18 -19 19 20 21 -23 -24 24 25 -27 -28 -29 -30 -31
leaf_value=-0.15046346747880296 0.23443983757343051 0.097461519130408319 0.79838919792146923 1.4366628131140835 -2.1681254964125785 1.5755313843488694 -0.0077800291776657111 -0.6477783968051275 2.0548283729288315 -0.44256761146314222 1.4675073868284623 0.79077561443502253 0.52193997052532659 -1.5533861911296845 0.31777600958952923 -0.47561859547436891 1.0258435403928161 -0.95937737203203144 -1.2105102141698203 -0.095251468147920529 0.071213686782256022 -1.2205408575478942 1.4215951614909703 0.48298632189414753 -0.65466407446757613 1.3383643796118045 -0.84066588282585153 0.81807979392734453 -1.5688352966308594 -0.4689040653548151
leaf_weight=7624 195 1206 168 23 38 24 30 24 36 33 24 22 108 30 975 91 32 32 21 23 122 24 45 722 23 139 34 44 20 53
leaf_count=7624 195 1206 168 23 38 24 30 24 36 33 24 22 108 30 975 91 32 32 21 23 122 24 45 722 23 139 34 44 20 53
internal_value=2.93069e-09 -0.115524 0.332406 0.305624 -0.000494511 -0.520311 -1.21503 0.463876 0.340506 1.01709 0.361674 0.329007 0.169781 -0.561625 0.315645 0.00851215 0.0942248 0.0701442 0.354772 0.0681411 0.16473 -0.0761243 0.908544 0.398812 0.534977 1.0554 0.423457 0.0715423 -0.159779 0.277218
internal_weight=11985 8894 3091 2923 299 116 68 48 2624 93 57 183 160 52 2531 286 1270 1238 2245 299 278 210 68 1946 918 162 756 186 142 1028
internal_count=11985 8894 3091 2923 299 116 68 48 2624 93 57 183 160 52 2531 286 1270 1238 2245 299 278 210 68 1946 918 162 756 186 142 1028
is_linear=0
shrinkage=0.05


Tree=84
num_leaves=31
num_cat=0
split_feature=4 4 1 1 6 6 8 0 5 1 0 1 1 5 5 5 0 6 4 0 3 3 1 3 1 8 5 3 2 3
split_gain=166231 24428.1 13919.1 14537.7 12055.1 15546.8 10878 34818.7 40853.8 26187.5 14106.1 23266.4 12648 10479.5 10165.6 9896.78 9583.69 21348.7 11813.9 15282.1 10531 11874.9 8826.16 76150.5 13989 12995.8 14157.6 12410.5 19162.5 8811.75
threshold=423.50000000000006 25.500000000000004 271.50000000000006 925.50000000000011 291.50000000000006 373.50000000000006 4.5000000000000009 22.450000000000003 75.500000000000014 594.50000000000011 16.050000000000004 246.50000000000003 478.50000000000006 38.500000000000007 40.500000000000007 29.500000000000004 29.450000000000003 928.50000000000011 892.50000000000011 24.250000000000004 51.500000000000007 32.500000000000007 858.50000000000011 31.500000000000004 821.50000000000011 4.5000000000000009 36.500000000000007 1.0000000180025095e-35 59.500000000000007 50.500000000000007
decision_type=2 2 2 2 2 2 2 2 2 2 2 2 2 2 2 2 2 2 2 2 2 2 2 2 2 2 2 2 2 2
left_child=1 -1 -2 4 14 13 7 9 -9 -3 11 -8 15 -6 -4 -12 17 18 22 -20 21 -18 24 25 -7 -24 -27 -26 -29 -17
right_child=2 6 3 -5 5 16 10 8 -10 -11 12 -13 -14 -15 -16 29 20 -19 19 -21 -22 -23 23 -25 27 26 -28 28 -30 -31
leaf_value=-0.16437756776678353 1.3546712180599572 -0.06693826796189016 0.43742871276206441 0.75846973714374366 0.056052990820672777 0.21679535854667609 -0.027778869867324831 0.075506058490524691 -2.4927968975156549 1.6746349724856291 -0.032800780903193376 -1.5535283468663694 1.170209186077118 -1.1275465314276516 1.7498739767074587 0.16208777238323913 0.46805810362500211 -1.315143821998076 1.2348795834463091 -0.13277102599541346 1.5593319370633081 -0.62485208878150356 -0.34406728371977807 -2.828425897251476 0.048251497088109746 0.037687621230170845 1.7686730732244476 2.1864387323116437 0.46984072488707468 0.58136914662825756
leaf_weight=6177 32 1144 36 168 45 1807 114 30 32 22 541 32 30 32 25 637 564 22 64 30 21 26 28 22 34 21 27 29 37 156
leaf_count=6177 32 1144 36 168 45 1807 114 30 32 22 541 32 30 32 25 637 564 22 64 30 21 26 28 22 34 21 27 29 37 156
internal_value=3.9707e-11 -0.109274 0.317321 0.306394 0.279931 0.26483 0.015042 -0.0954721 -1.25007 -0.0340784 0.104917 -0.36219 0.154915 -0.435833 0.975316 0.132083 0.284578 0.234315 0.250556 0.798395 0.459058 0.419896 0.224871 -0.237894 0.248653 0.511996 1.01137 0.824314 1.2241 0.244569
internal_weight=11985 8915 3070 3038 2870 2809 2738 1228 62 1166 1510 146 1364 77 61 1334 2732 2121 2099 94 611 590 2005 98 1907 76 48 100 66 793
internal_count=11985 8915 3070 3038 2870 2809 2738 1228 62 1166 1510 146 1364 77 61 1334 2732 2121 2099 94 611 590 2005 98 1907 76 48 100 66 793
is_linear=0
shrinkage=0.05


Tree=85
num_leaves=31
num_cat=0
split_feature=6 4 1 4 6 1 1 4 0 6 4 4 0 3 1 1 6 6 4 3 6 4 1 1 5 0 3 5 5 5
split_gain=150306 21964 12546.7 12429.5 10591 13385.1 13624.3 11381.1 9903.78 19153.2 10987.3 10367.5 13792.1 10272.5 9632.01 10644.9 10630 77903.9 30778.6 17539.4 15769.8 14821.2 13609.4 18736.1 10096.2 9355.24 12775.1 11538.1 11395.9 10588.4
threshold=427.50000000000006 222.50000000000003 925.50000000000011 238.50000000000003 424.50000000000006 626.50000000000011 538.50000000000011 521.50000000000011 29.450000000000003 928.50000000000011 278.50000000000006 892.50000000000011 24.250000000000004 60.500000000000007 345.50000000000006 389.50000000000006 862.50000000000011 873.50000000000011 829.50000000000011 3.5000000000000004 816.50000000000011 796.50000000000011 848.50000000000011 821.50000000000011 70.500000000000014 15.65 75.500000000000014 38.500000000000007 80.500000000000014 29.500000000000004
decision_type=2 2 2 2 2 2 2 2 2 2 2 2 2 2 2 2 2 2 2 2 2 2 2 2 2 2 2 2 2 2
left_child=1 -1 3 -2 5 6 7 25 9 10 -5 14 -13 -10 24 -16 20 -18 -19 -20 22 -22 23 -17 -12 26 27 -3 -29 -27
right_child=2 4 -4 8 -6 -7 -8 -9 13 -11 11 12 -14 -15 15 16 17 18 19 -21 21 -23 -24 -25 -26 29 -28 28 -30 -31
leaf_value=-0.13645469264191232 1.4882580098651705 -0.05171117316573285 0.72054624326881911 -0.83098308940728516 -0.89156131785776882 1.1353368269820368 -0.95154116576717751 0.96160234212875373 0.40616963512847981 -1.2493865685029464 0.36885404495988044 1.1731356068514287 -0.12613244899238149 1.5577285039424897 -0.66525141979966851 0.19678792756263638 -3.0735308790206908 1.5495865236310398 0.55042267644777898 -1.5435795933008194 1.6101327518883506 0.41786708788699417 -0.9801413295169672 1.4369511957610808 1.4934623989565621 -0.035921686508956906 0.47129123983058063 -1.3358665507286789 -0.10600587821775867 0.30827912080062791
leaf_weight=7624 21 104 168 24 27 31 31 38 611 22 64 64 30 20 35 1733 20 34 20 20 38 83 24 31 29 402 55 48 31 503
leaf_count=7624 21 104 168 24 27 31 31 38 611 22 64 64 30 20 35 1733 20 34 20 20 38 83 24 31 29 402 55 48 31 503
internal_value=2.80264e-09 -0.104386 0.300358 0.276207 0.0881304 0.109411 0.0831702 0.11033 0.267436 0.218748 0.233109 0.244587 0.758476 0.442669 0.221919 0.199211 0.214316 -0.304764 0.443551 -0.496578 0.239876 0.792298 0.202492 0.218582 0.719538 0.082029 -0.196911 -0.397736 -0.853263 0.155386
internal_weight=11985 8894 3091 2923 1270 1243 1212 1181 2902 2271 2249 2225 94 631 2131 2038 2003 94 74 40 1909 121 1788 1764 93 1143 238 183 79 905
internal_count=11985 8894 3091 2923 1270 1243 1212 1181 2902 2271 2249 2225 94 631 2131 2038 2003 94 74 40 1909 121 1788 1764 93 1143 238 183 79 905
is_linear=0
shrinkage=0.05


Tree=86
num_leaves=31
num_cat=0
split_feature=4 1 1 6 6 6 0 3 1 6 1 5 5 8 0 4 5 5 2 2 5 0 2 5 3 1 0 6 2 1
split_gain=136226 20532.3 12335.8 12293.6 10857.9 14376.6 9994.86 11455.4 37155.4 22425.1 21416 9756.5 9502.26 9358.86 10450 12229.6 9337.56 9244.65 15273.2 26348 9578.17 8958.31 17015.5 8295.96 32922.5 57555.7 26522 24343.9 33226.8 18293.3
threshold=423.50000000000006 16.500000000000004 271.50000000000006 948.50000000000011 291.50000000000006 373.50000000000006 26.350000000000005 27.500000000000004 485.50000000000006 512.50000000000011 512.50000000000011 45.500000000000007 38.500000000000007 9.5000000000000018 15.15 484.50000000000006 40.500000000000007 2.5000000000000004 56.500000000000007 62.500000000000007 57.500000000000007 25.050000000000004 40.500000000000007 85.500000000000014 24.500000000000004 808.50000000000011 25.850000000000005 600.50000000000011 53.500000000000007 708.50000000000011
decision_type=2 2 2 2 2 2 2 2 2 2 2 2 2 2 2 2 2 2 2 2 2 2 2 2 2 2 2 2 2 2
left_child=1 -1 -2 4 16 12 7 10 9 11 -3 -9 -6 14 15 -7 -4 -15 21 -20 -21 22 -19 -16 26 27 29 -26 -29 -25
right_child=2 6 3 -5 5 13 -8 8 -10 -11 -12 -13 -14 17 23 -17 -18 18 19 20 -22 -23 -24 24 25 -27 -28 28 -30 -31
leaf_value=-0.15115188216425049 1.2638281990308315 -0.087989769933449646 0.40631784736696219 0.9367484926313594 0.042076781590779627 -1.168363351148108 0.21418635413801659 -0.12940497667849746 1.6550051180897534 -1.5760968128840129 -1.22132872994556 0.20775643981844727 -1.084984458424151 0.40504747681746567 0.35451069613086972 0.084648985672360802 1.6641721461415291 -2.1937518565729262 1.2492614711821082 0.078845201339572679 -1.3159900714457036 -0.10319534901931299 -0.3999647819843048 0.22745706640183927 -1.3729897041320802 -3.0304698872566225 -1.0851227192651658 1.9825080747189732 -0.41363999522649331 1.4673592150969021
leaf_weight=6049 32 1361 36 69 45 23 501 351 37 21 43 552 32 96 2136 127 25 20 40 32 20 51 39 60 25 20 21 23 39 59
leaf_count=6049 32 1361 36 69 45 23 501 351 37 21 43 552 32 96 2136 127 25 20 40 32 20 51 39 60 25 20 21 23 39 59
internal_value=-3.3113e-11 -0.0989214 0.287259 0.276972 0.261639 0.24779 0.0113167 -0.031659 0.10135 0.0391368 -0.1227 0.0767003 -0.426312 0.266125 0.297307 -0.10748 0.921832 0.00107931 -0.190906 0.284497 -0.45763 -0.588515 -1.00803 0.322787 0.0484438 -0.611854 0.5531 -0.0558508 0.475254 0.842198
internal_weight=11985 8915 3070 3038 2969 2908 2866 2365 961 924 1404 903 77 2831 2533 150 61 298 202 92 52 110 59 2383 247 107 140 87 62 119
internal_count=11985 8915 3070 3038 2969 2908 2866 2365 961 924 1404 903 77 2831 2533 150 61 298 202 92 52 110 59 2383 247 107 140 87 62 119
is_linear=0
shrinkage=0.05


Tree=87
num_leaves=31
num_cat=0
split_feature=6 4 5 3 4 4 6 5 2 2 0 8 2 1 5 5 2 7 0 6 4 2 0 5 0 6 4 3 8 3
split_gain=123299 18230.1 11226.1 19387.3 23114 41383.2 16124.6 15118.5 25137.6 13946.9 14633.7 11774.4 11088.7 15906.7 16935.4 50987.9 17491.7 15646.8 14227.1 74910.1 12025.4 12469.8 17565.7 17202.3 39925.4 30841 77794.7 11800.4 11444.2 10780.7
threshold=427.50000000000006 222.50000000000003 99.500000000000014 65.500000000000014 502.50000000000006 384.50000000000006 485.50000000000006 89.500000000000014 64.500000000000014 40.500000000000007 24.350000000000005 2.5000000000000004 59.500000000000007 958.50000000000011 69.500000000000014 65.500000000000014 32.500000000000007 14.500000000000002 24.850000000000005 903.50000000000011 885.50000000000011 38.500000000000007 24.450000000000003 41.500000000000007 18.050000000000004 581.50000000000011 691.50000000000011 24.500000000000004 9.5000000000000018 5.5000000000000009
decision_type=2 2 2 2 2 2 2 2 2 2 2 2 2 2 2 2 2 2 2 2 2 2 2 2 2 2 2 2 2 2
left_child=1 -1 7 9 5 6 -5 11 29 10 -4 -2 13 14 15 18 -16 -14 19 20 21 28 23 -23 -25 -26 -27 -18 -13 -9
right_child=2 -3 3 4 -6 -7 -8 8 -10 -11 -12 12 17 -15 16 -17 27 -19 -20 -21 -22 22 -24 24 25 26 -28 -29 -30 -31
leaf_value=-0.12375991072518906 -0.021719687525182964 0.080846764643641753 -1.450992020151832 0.052032198309898386 -1.6550955029094923 1.83370719909668 -1.9557396447658542 1.181563345193863 2.3632559237272845 0.45941046811414488 0.41773173332214358 0.97790911599993713 0.58526534435562627 1.3680841751893362 -0.58920836221604123 -2.1349349054197471 0.48996229837727495 0.15772881923608861 0.32936146500903896 -2.9385159197307771 1.1586741860096272 0.24708270539914998 -1.4494677221233196 0.86695915434290383 0.36150908314046409 -4.3068141567707059 -0.19250287866150892 1.5079983951828697 -0.20520827558732804 -0.065736601701596883
leaf_weight=7624 286 1270 22 20 34 20 20 30 23 165 20 60 663 30 21 24 59 316 748 21 26 232 22 34 21 20 27 55 31 41
leaf_count=7624 286 1270 22 20 34 20 20 30 23 165 20 60 663 30 21 24 59 316 748 21 26 232 22 34 21 20 27 55 31 41
internal_value=1.29698e-10 -0.0945435 0.272038 -0.0180655 -0.613545 -0.0233334 -0.951854 0.303336 0.926666 0.252346 -0.561124 0.281603 0.317599 0.228889 0.204495 0.147728 0.736847 0.447266 0.191837 -0.0163985 0.113336 0.0525334 -0.080985 0.00915458 -0.532015 -1.2315 -1.94327 0.98112 0.574869 0.461292
internal_weight=11985 8894 3091 301 94 60 40 2790 94 207 42 2696 2410 1431 1401 1266 135 979 1242 494 473 447 356 334 102 68 47 114 91 71
internal_count=11985 8894 3091 301 94 60 40 2790 94 207 42 2696 2410 1431 1401 1266 135 979 1242 494 473 447 356 334 102 68 47 114 91 71
is_linear=0
shrinkage=0.05


Tree=88
num_leaves=31
num_cat=0
split_feature=4 6 1 6 6 6 2 0 8 8 0 1 6 6 8 6 5 5 3 1 1 2 5 6 4 3 5 5 8 0
split_gain=111513 17283 10993 10422.6 10064.9 12627.9 9010.22 8947.75 42335 8502.46 33540.7 37864.6 15581.2 9955.61 12239.1 25711.8 9681.8 8427.15 8293.21 45001.9 15204.8 10744.8 30287.7 19821.7 9902.08 8451 12424 26743.5 8249.23 9156.96
threshold=423.50000000000006 16.500000000000004 271.50000000000006 948.50000000000011 291.50000000000006 373.50000000000006 49.500000000000007 19.650000000000002 11.500000000000002 4.5000000000000009 22.450000000000003 319.50000000000006 389.50000000000006 485.50000000000006 10.500000000000002 345.50000000000006 31.500000000000004 40.500000000000007 27.500000000000004 485.50000000000006 435.50000000000006 55.500000000000007 99.500000000000014 417.50000000000006 411.50000000000006 17.500000000000004 97.500000000000014 68.500000000000014 9.5000000000000018 19.950000000000003
decision_type=2 2 2 2 2 2 2 2 2 2 2 2 2 2 2 2 2 2 2 2 2 2 2 2 2 2 2 2 2 2
left_child=1 -1 -2 4 17 6 -6 18 9 10 12 -12 -9 14 16 -16 -11 -4 24 20 21 22 -20 -23 25 -3 27 -27 29 -7
right_child=2 7 3 -5 5 28 -8 8 -10 13 11 -13 -14 -15 15 -17 -18 -19 19 -21 -22 23 -24 -25 -26 26 -28 -29 -30 -31
leaf_value=-0.137370571902035 1.1817878649570048 -0.075380815358496972 0.38195963092148305 0.85768618160399834 -1.2922749544892993 0.12358285593732582 -0.077825558504887996 -0.042453793097765334 2.1869456306099893 -0.022777889748508206 -0.14562906986291244 -2.6354560025896019 1.4428548069103906 1.1689427207816732 -0.01027884090292281 -2.0463459485769273 0.28271469873256283 1.5769212012290956 -0.016666804773862974 2.3326076564334688 -1.0322391387394496 0.035389469179927427 -2.1768555477261544 1.1191013937411103 -1.1612916324138642 -0.25748863778498077 0.38226118894914785 -2.0307632615665594 -0.008916351904205028 0.3312624659154198
leaf_weight=6053 32 644 36 69 21 757 56 76 24 478 37 26 23 22 69 20 567 25 86 21 35 510 20 46 25 73 30 30 298 1776
leaf_count=6053 32 644 36 69 21 757 56 76 24 478 37 26 23 22 69 20 567 25 86 21 35 510 20 46 25 73 30 30 298 1776
internal_value=2.12627e-09 -0.0895 0.2599 0.250189 0.236071 0.222738 -0.409039 0.0117441 0.105833 0.067937 -0.271302 -1.17318 0.302618 0.115477 0.0950399 -0.467822 0.142977 0.871698 -0.0713263 0.0521076 -0.0166019 0.0370949 -0.42425 0.125049 -0.181832 -0.150318 -0.513171 -0.773976 0.239921 0.269196
internal_weight=11985 8915 3070 3038 2969 2908 77 2862 1342 1318 162 63 99 1156 1134 89 1045 61 1520 718 697 662 106 556 802 777 133 103 2831 2533
internal_count=11985 8915 3070 3038 2969 2908 77 2862 1342 1318 162 63 99 1156 1134 89 1045 61 1520 718 697 662 106 556 802 777 133 103 2831 2533
is_linear=0
shrinkage=0.05


Tree=89
num_leaves=31
num_cat=0
split_feature=4 4 1 1 6 6 5 4 6 4 1 0 3 1 1 6 5 0 1 5 4 0 0 0 2 3 3 8 3 5
split_gain=100641 15681.9 9921.2 9711.77 9339.23 11074 8613.66 8498.78 14367.2 11876.3 9384.72 8204.37 8677.42 31479.4 19819 19016.2 7893.92 8714.55 7851.63 7793.99 7685.22 12109.8 20168.7 14589.8 11741.3 17523.3 10161 9148.67 11271.8 7605.5
threshold=423.50000000000006 2.5000000000000004 271.50000000000006 925.50000000000011 291.50000000000006 373.50000000000006 38.500000000000007 934.50000000000011 928.50000000000011 892.50000000000011 893.50000000000011 26.350000000000005 27.500000000000004 485.50000000000006 512.50000000000011 512.50000000000011 42.500000000000007 24.350000000000005 594.50000000000011 45.500000000000007 214.50000000000003 15.950000000000001 21.750000000000004 13.65 52.500000000000007 43.500000000000007 75.500000000000014 11.500000000000002 94.500000000000014 40.500000000000007
decision_type=2 2 2 2 2 2 2 2 2 2 2 2 2 2 2 2 2 2 2 2 2 2 2 2 2 2 2 2 2 2
left_child=1 -1 -2 4 29 6 -6 8 9 -7 -11 12 14 15 -3 19 17 -5 -16 -14 -21 23 24 -22 -23 -26 -25 28 -27 -4
right_child=2 11 3 16 5 7 -8 -9 -10 10 -12 -13 13 -15 18 -17 -18 -19 -20 20 21 22 -24 26 25 27 -28 -29 -30 -31
leaf_value=-0.13433308418651344 1.1226984558627009 -0.076852584346943087 0.36286165225836964 -0.55521855771541595 0.057363925841119559 0.20163491943364656 -1.0157056790776551 1.0708229315691982 -0.89662463726668529 1.2614961966872216 0.28742071086285165 0.1857706486243898 -0.11172124081282196 1.5105132418709832 -1.7953656834104788 -1.462863804612841 1.173818507525656 0.58532378641725746 -0.44078355312347411 0.014438691452401757 0.85663707432923497 1.8655037499343354 -0.51375662903442532 -1.1741993192703493 1.8401002526283265 0.73063111492565702 0.11660841544469198 1.1855495109558107 -0.50536157504106183 1.4980751161575319
leaf_weight=5741 32 1524 36 20 45 2575 32 29 29 48 51 520 411 37 23 21 45 103 20 349 27 24 33 31 25 35 30 25 39 25
leaf_count=5741 32 1524 36 20 45 2575 32 29 29 48 51 520 411 37 23 21 45 103 20 349 27 24 33 31 25 35 30 25 39 25
internal_value=2.3279e-09 -0.085025 0.246905 0.23768 0.216051 0.202759 -0.388587 0.219426 0.210292 0.222296 0.7597 0.00416146 -0.0314214 0.0771299 -0.106721 0.0266202 0.607177 0.39987 -1.16533 0.0570178 0.169237 0.370073 0.603991 -0.111054 0.853218 0.657292 -0.539376 0.358603 0.0792296 0.828113
internal_weight=11985 8915 3070 3038 2870 2809 77 2732 2703 2674 99 3174 2654 1087 1567 1050 168 123 43 1029 618 269 181 88 148 124 61 99 74 61
internal_count=11985 8915 3070 3038 2870 2809 77 2732 2703 2674 99 3174 2654 1087 1567 1050 168 123 43 1029 618 269 181 88 148 124 61 99 74 61
is_linear=0
shrinkage=0.05


Tree=90
num_leaves=31
num_cat=0
split_feature=4 1 0 8 1 6 2 5 1 1 0 0 1 3 2 0 7 4 3 5 4 0 6 0 0 5 5 4 3 3
split_gain=91257.2 11904.7 14163.7 13594.9 11205.6 10439.7 13948 75748.3 36062.2 13863.4 14161.4 11520.5 10999.4 15763.9 52846.5 47514.2 13114.4 14391.1 11927.9 10732.6 9628.71 9481.4 30660.7 32568.3 16514.8 24665.7 20634.8 15396.1 14712.2 31722.6
threshold=356.50000000000006 468.50000000000006 17.950000000000003 4.5000000000000009 445.50000000000006 600.50000000000011 39.500000000000007 58.500000000000007 565.00000000000011 640.50000000000011 21.750000000000004 18.950000000000003 594.50000000000011 94.500000000000014 44.500000000000007 19.250000000000004 12.500000000000002 554.50000000000011 87.500000000000014 30.500000000000004 1.5000000000000002 24.550000000000004 932.50000000000011 24.250000000000004 25.850000000000005 31.500000000000004 85.500000000000014 892.50000000000011 72.500000000000014 52.500000000000007
decision_type=2 2 2 2 2 2 2 2 2 2 2 2 2 2 2 2 2 2 2 2 2 2 2 2 2 2 2 2 2 2
left_child=1 4 -3 -4 20 6 7 -2 -9 -8 11 -11 16 18 -15 -16 -7 -18 21 -19 -1 22 23 27 25 -23 -26 28 29 -14
right_child=5 2 3 -5 -6 12 9 8 -10 10 -12 -13 13 14 15 -17 17 19 -20 -21 -22 24 -24 -25 26 -27 -28 -29 -30 -31
leaf_value=-0.12832300469541633 0.21751225706776262 1.6466348330179852 -0.59702827396063973 1.0974727630615235 -1.1733958641688029 1.2786534854921245 0.13551307120734532 -0.74112533359300525 -3.7077571368217472 1.1208764664828779 1.669995634307464 -0.36007103508916399 0.2217052986034288 -2.400031771262487 -1.1981724498669306 1.4203623336989706 -0.82288660321916862 -0.045650049993502244 1.3743773345947268 1.082564524884494 -0.013373931372369099 0.33868586356515318 -1.7143588499589399 -1.4779636693320104 0.33977141055751836 1.8624379186467692 -1.0154531848841699 1.0192748269585312 1.5071548397839072 -1.5420454029131818
leaf_weight=5680 162 21 29 20 24 59 1307 21 20 24 30 29 457 24 30 41 21 35 25 53 2682 67 22 28 893 44 29 61 20 27
leaf_count=5680 162 21 29 20 24 59 1307 21 20 24 30 29 457 24 30 41 21 35 25 53 2682 67 22 28 893 44 29 61 20 27
internal_value=3.39187e-09 -0.0891308 0.560214 0.0946048 -0.094551 0.21357 0.118765 -0.268383 -2.18826 0.175305 0.801914 0.310547 0.291579 0.254841 -0.371696 0.313939 0.678203 0.353189 0.290419 0.633843 -0.0914546 0.273975 0.118543 0.186543 0.366512 0.942696 0.297145 0.269032 0.178229 0.123314
internal_weight=11985 8456 70 49 8386 3529 1593 203 41 1390 83 53 1936 1768 95 71 168 109 1673 88 8362 1648 615 593 1033 111 922 565 504 484
internal_count=11985 8456 70 49 8386 3529 1593 203 41 1390 83 53 1936 1768 95 71 168 109 1673 88 8362 1648 615 593 1033 111 922 565 504 484
is_linear=0
shrinkage=0.05


Tree=91
num_leaves=31
num_cat=0
split_feature=4 1 0 8 1 6 2 6 0 5 7 5 2 0 5 5 3 2 4 1 1 3 5 6 0 3 2 3 2 5
split_gain=82359.6 10744 12782.8 12269.4 10113 9438.54 9454.42 8697.74 8537.01 11078.3 12179.8 10904.3 9323.26 25137.4 23133.6 21704 29307.3 15458.2 15378.1 14518.6 14346.6 12162.3 12800.9 11409.6 49855 12744 29983.5 19342.5 10807 14959
threshold=356.50000000000006 468.50000000000006 17.950000000000003 4.5000000000000009 445.50000000000006 948.50000000000011 78.500000000000014 1.5000000000000002 15.850000000000003 84.500000000000014 13.500000000000002 65.500000000000014 61.500000000000007 16.850000000000005 57.500000000000007 74.500000000000014 38.500000000000007 63.500000000000007 533.50000000000011 291.50000000000006 535.50000000000011 19.500000000000004 12.500000000000002 928.50000000000011 28.550000000000004 99.500000000000014 30.500000000000004 97.500000000000014 40.500000000000007 51.500000000000007
decision_type=2 2 2 2 2 2 2 2 2 2 2 2 2 2 2 2 2 2 2 2 2 2 2 2 2 2 2 2 2 2
left_child=1 4 -3 -4 7 6 8 -1 9 11 -11 -2 19 14 -14 21 17 -17 -19 -10 -18 -15 -23 25 -25 27 -27 -21 -28 -30
right_child=5 2 3 -5 -6 -7 -8 -9 12 10 -12 -13 13 15 -16 16 20 18 -20 23 -22 22 -24 24 -26 26 28 -29 29 -31
leaf_value=-0.12179768392690221 -0.065554063155724582 1.5643030717259361 -0.56717688461829885 1.042599145770073 -1.1147261212269466 0.78193410898464322 0.96543828203127946 -0.012406221326072789 -1.1013638016970262 1.3594545738055157 -0.2595283136126541 -0.9929866595848188 0.52215158087866642 0.2282526195939808 2.7486275015771393 1.3120243272433678 -0.56936168891412242 -1.0395237526723318 0.58975493530432377 0.16906380498851503 -2.3362004813551902 -0.056411995562640108 0.79027976351574003 -2.34587938785553 0.61850949987970505 2.3879919415428525 -0.69284151906058911 -1.090174766942378 0.1316569266338197 1.5039482059149907
leaf_weight=5693 221 21 29 20 24 69 39 2669 23 26 21 37 28 525 20 24 27 28 30 1874 20 55 237 23 37 21 21 31 63 29
leaf_count=5693 221 21 29 20 24 69 39 2669 23 26 21 37 28 525 20 24 27 28 30 1874 20 55 237 23 37 21 21 31 63 29
internal_value=-2.04035e-10 -0.0846743 0.532203 0.0898746 -0.0898235 0.202892 0.191345 -0.0868819 0.18252 -0.0699417 0.636079 -0.198558 0.207231 0.333598 1.44985 0.27696 -0.325754 0.244812 -0.196793 0.148037 -1.32121 0.372125 0.6308 0.161728 -0.51784 0.181725 0.653038 0.148572 0.330612 0.564227
internal_weight=11985 8456 70 49 8386 3529 3460 8362 3421 305 47 258 3116 994 48 946 129 82 58 2122 47 817 292 2099 60 2039 134 1905 113 92
internal_count=11985 8456 70 49 8386 3529 3460 8362 3421 305 47 258 3116 994 48 946 129 82 58 2122 47 817 292 2099 60 2039 134 1905 113 92
is_linear=0
shrinkage=0.05


Tree=92
num_leaves=31
num_cat=0
split_feature=4 4 1 5 0 8 0 6 1 1 6 2 6 5 0 8 0 6 6 8 1 7 6 6 6 6 1 2 2 2
split_gain=75114.6 11466.1 9005.14 8939.79 9653.21 32602.9 12226.4 24783.1 20780.6 27526.2 11589.9 10834.2 16221.7 17571.5 11104.1 9443.29 36720.6 20949.2 13677.8 9011.31 8594.05 8471.49 10848.9 36318.8 8410.52 9534.54 7749.45 7746.24 7724.04 12279.1
threshold=423.50000000000006 59.500000000000007 271.50000000000006 15.500000000000002 19.650000000000002 11.500000000000002 17.450000000000003 535.50000000000011 468.50000000000006 427.50000000000006 508.50000000000006 54.500000000000007 319.50000000000006 89.500000000000014 16.750000000000004 4.5000000000000009 22.450000000000003 383.50000000000006 284.50000000000006 9.5000000000000018 925.50000000000011 10.500000000000002 439.50000000000006 331.50000000000006 291.50000000000006 373.50000000000006 365.50000000000006 49.500000000000007 75.500000000000014 63.500000000000007
decision_type=2 2 2 2 2 2 2 2 2 2 2 2 2 2 2 2 2 2 2 2 2 2 2 2 2 2 2 2 2 2
left_child=1 -1 -2 -3 6 15 8 28 9 11 -10 -5 14 26 -13 16 18 -18 -6 -17 24 -21 23 -23 -4 27 -14 -26 29 -8
right_child=2 3 20 4 5 -7 7 -9 10 -11 -12 12 13 -15 -16 19 17 -19 -20 21 -22 22 -24 -25 25 -27 -28 -29 -30 -31
leaf_value=-0.10761637763562011 1.0476886867545545 -0.13184514697082886 0.76500483767938665 -0.40051973302339772 -0.30886817764619301 2.0269290144244834 0.031981384229660036 -2.0024038922786711 0.37476521361280574 -1.7195867332545196 2.0378228223323824 -0.103367486938391 -0.04260743813081222 1.6498938539448909 0.63955373036364715 0.32942859231723431 -0.21653474228722708 -2.3789804175496103 1.1594978618621827 0.51842587429441911 0.55210330950850184 -0.0073001412441954022 0.69495914071798337 -2.4036250423285228 -1.1960911658548175 0.18702324191772665 0.99169902922930542 -0.070042721860642948 0.49347266200426465 -0.73396032098266817
leaf_weight=6541 32 684 61 97 29 24 125 20 22 22 20 311 55 34 60 494 21 24 35 38 168 64 20 21 21 2732 27 56 37 90
leaf_count=6541 32 684 61 97 29 24 125 20 22 22 20 311 55 34 60 494 21 24 35 38 168 64 20 21 21 2732 27 56 37 90
internal_value=2.31254e-09 -0.0734551 0.213307 0.0206684 0.0823958 0.213016 -0.0269278 -0.308266 0.0911648 0.0166229 1.1667 0.082028 0.178141 0.694214 0.0167815 0.15466 -0.27539 -1.36984 0.494145 0.228248 0.204518 -0.121286 -0.352801 -0.599333 0.184172 0.171558 0.297957 -0.377147 -0.173811 -0.288645
internal_weight=11985 8915 3070 2374 1690 770 920 272 648 606 42 584 487 116 371 746 109 45 64 637 3038 143 105 85 2870 2809 82 77 252 215
internal_count=11985 8915 3070 2374 1690 770 920 272 648 606 42 584 487 116 371 746 109 45 64 637 3038 143 105 85 2870 2809 82 77 252 215
is_linear=0
shrinkage=0.05


Tree=93
num_leaves=31
num_cat=0
split_feature=4 4 5 3 1 6 1 6 2 2 2 0 1 5 7 7 8 1 2 1 5 3 1 0 4 2 5 3 5 6
split_gain=68260.1 13560.2 11586.4 13366.7 25108 21334.1 24825.3 22807.3 14584.2 16772.2 19548.7 12862.1 12090.9 10734.2 10726.6 14231.2 22689.9 11449.9 16624.5 9537.83 9039.22 34550.4 37464.9 28192.7 12877.7 10014.1 12175.2 29676.3 15575.7 13099.6
threshold=497.50000000000006 59.500000000000007 18.500000000000004 27.500000000000004 597.50000000000011 640.50000000000011 604.50000000000011 560.50000000000011 48.500000000000007 41.500000000000007 34.500000000000007 23.950000000000003 485.50000000000006 65.500000000000014 12.500000000000002 14.500000000000002 11.500000000000002 393.50000000000006 64.500000000000014 336.50000000000006 99.500000000000014 24.500000000000004 756.50000000000011 18.950000000000003 675.50000000000011 61.500000000000007 76.500000000000014 38.500000000000007 43.500000000000007 657.50000000000011
decision_type=2 2 2 2 2 2 2 2 2 2 2 2 2 2 2 2 2 2 2 2 2 2 2 2 2 2 2 2 2 2
left_child=1 -1 -3 5 8 6 7 11 9 10 -5 -4 14 -11 17 16 -16 19 -19 -10 25 24 23 -23 -22 -2 28 -28 -27 -30
right_child=20 2 3 4 -6 -7 -8 -9 12 13 -12 -13 -14 -15 15 -17 -18 18 -20 -21 21 22 -24 -25 -26 26 27 -29 29 -31
leaf_value=-0.10223555677141689 0.18262628199783648 -0.12603555124703428 -0.11875799570973969 -0.74237610928971198 1.9146555483341219 -1.6331084078550342 1.4846707497324263 -1.5158716790676117 0.036152659763302196 -0.043463694197790968 0.9813796960993818 0.23407298610374916 1.0258058581214686 -1.4733649819237846 2.2687399821281433 0.28506222170819767 0.17830889225006105 0.050925640874739858 -1.7486691164118904 0.99128624975681312 0.15398135373400432 -1.4018062603970369 -2.808830738067627 1.0761859144338153 1.5713869168846446 0.27959149344588868 1.0603407499336062 -1.4261346625430245 1.2139938231110574 0.47810363983309351
leaf_weight=6541 1677 854 701 29 22 20 28 25 203 21 38 409 52 35 25 290 27 33 21 30 59 24 20 22 22 455 21 28 100 153
leaf_count=6541 1677 854 701 29 22 20 28 25 203 21 38 409 52 35 25 290 27 33 21 30 59 24 20 22 22 455 21 28 100 153
internal_value=3.14111e-09 -0.0625132 0.028239 0.0938191 0.248165 -0.013949 0.0138955 -0.0223879 0.202565 -0.298512 0.235276 0.0112491 0.293067 -0.937152 0.232491 0.42164 1.18332 0.00709433 -0.648917 0.159131 0.22777 -0.152983 -1.00218 -0.21668 0.538956 0.250765 0.401716 -0.360502 0.454468 0.768969
internal_weight=11985 9404 2863 2009 826 1183 1163 1135 804 123 67 1110 681 56 629 342 52 287 54 233 2581 147 66 46 81 2434 757 49 708 253
internal_count=11985 9404 2863 2009 826 1183 1163 1135 804 123 67 1110 681 56 629 342 52 287 54 233 2581 147 66 46 81 2434 757 49 708 253
is_linear=0
shrinkage=0.05


Tree=94
num_leaves=31
num_cat=0
split_feature=4 1 0 2 1 1 1 1 8 0 5 0 6 1 0 5 5 4 6 3 8 4 4 2 5 3 3 4 6 5
split_gain=61774.2 13151.7 35122.1 27115.2 10182.6 10934.9 10346.8 10053.8 9709.2 23878.4 52670.4 104539 39707.2 18200.7 23912 24326.6 11514.3 15296.2 25383.4 43347.3 11343.9 14688.4 24167.9 33768.1 15517.7 16336.2 11330.7 11133.7 32487.7 9432.81
threshold=515.50000000000011 611.50000000000011 22.650000000000002 55.500000000000007 1.5000000000000002 585.50000000000011 565.00000000000011 547.50000000000011 4.5000000000000009 23.750000000000004 10.500000000000002 25.850000000000005 787.50000000000011 465.50000000000006 20.150000000000002 36.500000000000007 37.500000000000007 922.50000000000011 910.50000000000011 2.5000000000000004 6.5000000000000009 572.50000000000011 679.50000000000011 61.500000000000007 68.500000000000014 32.500000000000007 1.0000000180025095e-35 562.50000000000011 643.50000000000011 68.500000000000014
decision_type=2 2 2 2 2 2 2 2 2 2 2 2 2 2 2 2 2 2 2 2 2 2 2 2 2 2 2 2 2 2
left_child=1 4 3 -3 -1 6 7 -6 9 27 -11 12 -12 -10 15 -15 17 18 -16 -20 21 -18 23 -23 25 -24 -19 28 -2 -29
right_child=8 2 -4 -5 5 -7 -8 -9 13 10 11 -13 -14 14 16 -17 20 26 19 -21 -22 22 24 -25 -26 -27 -28 29 -30 -31
leaf_value=-0.10526976671014845 0.10971938840399578 2.4800392941192348 -0.72711138571462319 0.084486361912318647 0.0084785156172454568 -1.0210363707182786 0.93274613926808048 -0.84298004158905582 1.447109955812202 0.46419316870825633 -4.1250329132433299 0.83086664602160454 -1.1856459319591524 0.16347196583564466 0.19145643956665148 -2.1559922602772712 1.6987343574271483 0.1928392229126949 0.19308412481438031 -2.712819078422728 0.29104293198896602 -1.3823465622961522 0.83628174149990075 1.043569967838434 -0.042816217456545153 2.1666015676657362 1.210456539109602 0.20136003231333796 -2.0583406180143355 0.67046968963608822
leaf_weight=5688 127 27 31 21 3666 26 30 35 34 77 27 32 20 26 646 20 34 51 33 21 342 32 100 26 35 30 59 535 20 134
leaf_count=5688 127 27 31 21 3666 26 30 35 34 77 27 32 20 26 646 20 34 51 33 21 342 32 100 26 35 30 59 535 20 134
internal_value=3.2165e-09 -0.0577033 0.584745 1.43198 -0.0630769 0.00080207 0.00792289 0.000426354 0.22331 0.100391 -0.466399 -1.37343 -2.87423 0.30355 0.276828 -0.844991 0.313452 0.190537 0.104405 -0.936989 0.479664 0.730671 0.583073 -0.294867 0.891683 1.14328 0.738652 0.208748 -0.185255 0.295322
internal_weight=11985 9524 79 48 9445 3757 3731 3701 2461 972 156 79 47 1489 1455 46 1409 810 700 54 599 257 223 58 165 130 110 816 147 669
internal_count=11985 9524 79 48 9445 3757 3731 3701 2461 972 156 79 47 1489 1455 46 1409 810 700 54 599 257 223 58 165 130 110 816 147 669
is_linear=0
shrinkage=0.05


Tree=95
num_leaves=31
num_cat=0
split_feature=4 4 5 2 8 5 3 1 0 0 1 3 0 7 4 8 0 5 0 6 1 0 5 2 0 0 1 8 4 0
split_gain=55751.2 11925.7 9649.56 9385.6 11815 32396.9 10581 18188 14159 12698.6 10633.9 9523.48 19042 25825.6 14030.3 8762.55 21550.2 47535.1 94346.8 35835.8 16426.1 21580.5 21954.7 10707.1 30724.4 79582.8 102080 14874.8 15506.1 15602.4
threshold=515.50000000000011 59.500000000000007 18.500000000000004 48.500000000000007 10.500000000000002 95.500000000000014 27.500000000000004 478.50000000000006 21.350000000000005 22.550000000000004 450.50000000000006 17.500000000000004 17.650000000000002 11.500000000000002 283.50000000000006 4.5000000000000009 23.750000000000004 10.500000000000002 25.850000000000005 787.50000000000011 465.50000000000006 20.150000000000002 36.500000000000007 59.500000000000007 24.050000000000004 22.950000000000003 753.50000000000011 5.5000000000000009 572.50000000000011 22.950000000000003
decision_type=2 2 2 2 2 2 2 2 2 2 2 2 2 2 2 2 2 2 2 2 2 2 2 2 2 2 2 2 2 2
left_child=1 -1 -3 4 -4 -6 8 10 11 -9 -8 -5 14 -14 -13 16 -2 -18 19 -19 -17 22 -22 24 25 -23 -27 28 -25 -30
right_child=15 2 3 6 5 -7 7 9 -10 -11 -12 12 13 -15 -16 20 17 18 -20 -21 21 23 -24 27 -26 26 -28 -29 29 -31
leaf_value=-0.09260198020232388 0.1983102914136515 -0.11109884549982568 -0.036126336954484882 -0.029191228345889289 -2.2196907100470171 0.43413860020430195 0.24080162947665495 1.4053224783922946 0.23004118225552961 0.050049206256866458 -0.6555447727867536 -0.61856384748002391 -2.6676822417974471 -0.37730368413031101 0.77844287049956629 1.3747544518726713 0.44098351340402253 -3.9187812416641798 0.78932326976209888 -1.1263636782765389 0.15529836828892049 0.62383321304366279 -2.0481926251947882 2.0613389163532041 0.29177945527958765 0.17489525987988427 -4.7550863368170608 0.27872329752535169 0.13467508116271348 1.0714980683550239
leaf_weight=6541 816 879 322 415 23 23 606 56 474 25 35 41 20 32 32 34 77 27 32 20 26 53 20 22 726 21 21 386 80 100
leaf_count=6541 816 879 322 415 23 23 606 56 474 25 35 41 20 32 32 34 77 27 32 20 26 53 20 22 726 21 21 386 80 100
internal_value=1.24284e-10 -0.0548181 0.0280327 0.0861585 -0.143208 -0.892776 0.13478 0.281068 0.0306182 0.987028 0.191859 -0.144431 -0.527026 -1.25822 -0.00617734 0.212145 0.0953713 -0.443079 -1.30476 -2.73052 0.288373 0.262987 -0.802741 0.29778 0.181134 -0.66443 -2.2901 0.460647 0.808284 0.655132
internal_weight=11985 9524 2983 2104 368 46 1736 722 1014 81 641 540 125 52 73 2461 972 156 79 47 1489 1455 46 1409 821 95 42 588 202 180
internal_count=11985 9524 2983 2104 368 46 1736 722 1014 81 641 540 125 52 73 2461 972 156 79 47 1489 1455 46 1409 821 95 42 588 202 180
is_linear=0
shrinkage=0.05


Tree=96
num_leaves=31
num_cat=0
split_feature=4 1 0 2 1 1 1 1 8 0 5 0 6 1 0 5 5 4 6 3 1 4 0 3 3 3 3 4 6 8
split_gain=50315.5 11644.7 31740.9 24525.9 8887.6 10532.7 8256.9 9199.39 7908.2 19449.1 42900.4 85148 32341.8 14824.6 19476.4 19814.1 10126.6 13840.9 22156.5 38337.6 10631 20233.5 12897.6 17917.7 57647 14537.7 10215.1 10048.2 29320.1 9431.24
threshold=515.50000000000011 611.50000000000011 22.650000000000002 55.500000000000007 585.50000000000011 565.00000000000011 1.0000000180025095e-35 547.50000000000011 4.5000000000000009 23.750000000000004 10.500000000000002 25.850000000000005 787.50000000000011 465.50000000000006 20.150000000000002 36.500000000000007 37.500000000000007 922.50000000000011 910.50000000000011 2.5000000000000004 855.50000000000011 777.50000000000011 21.550000000000004 51.500000000000007 88.500000000000014 36.500000000000007 1.0000000180025095e-35 562.50000000000011 643.50000000000011 3.5000000000000004
decision_type=2 2 2 2 2 2 2 2 2 2 2 2 2 2 2 2 2 2 2 2 2 2 2 2 2 2 2 2 2 2
left_child=1 4 3 -3 5 6 -1 -8 9 27 -11 12 -12 -10 15 -15 17 18 -16 -20 22 -22 -18 25 -25 -24 -19 28 29 -2
right_child=8 2 -4 -5 -6 -7 7 -9 13 10 11 -13 -14 14 16 -17 20 26 19 -21 21 -23 23 24 -26 -27 -28 -29 -30 -31
leaf_value=-0.096151469155792091 -0.097464689914629143 2.354630024896728 -0.69466943279389415 0.076325779585611264 -0.98029361149439453 0.88078966508309053 0.0069374338696523907 -0.80744841388293676 1.3060167247758194 0.41893433389532109 -3.7228421599776662 0.74985713637433948 -1.0700454676151276 0.14753345537644166 0.16701806034087621 -1.9457829898595813 1.5121095878737314 0.17076543072859449 0.17550412588047259 -2.5573259157793866 2.0543638137670661 0.54197917919908023 0.27765764626070177 -2.664457821562177 0.61545179675559747 1.4293885374069215 1.1369859526723118 0.27064057771246658 -1.9653390801697972 1.0623634049048027
leaf_weight=5599 106 27 31 21 26 30 3755 35 34 77 27 32 20 26 646 20 21 51 33 21 26 148 316 21 37 30 59 669 20 21
leaf_count=5599 106 27 31 21 26 30 3755 35 34 77 27 32 20 26 646 20 21 51 33 21 26 148 316 21 37 30 59 669 20 21
internal_value=1.05028e-09 -0.0520772 0.552444 1.35787 -0.0571336 -0.0545853 -0.057574 -0.00058328 0.201537 0.0906027 -0.420925 -1.23952 -2.59399 0.273954 0.249837 -0.762604 0.282891 0.167621 0.0856878 -0.887263 0.438765 0.767968 0.303986 0.241187 -0.572102 0.377519 0.689011 0.188395 -0.185908 0.0943179
internal_weight=11985 9524 79 48 9445 9419 9389 3790 2461 972 156 79 47 1489 1455 46 1409 810 700 54 599 174 425 404 58 346 110 816 147 127
internal_count=11985 9524 79 48 9445 9419 9389 3790 2461 972 156 79 47 1489 1455 46 1409 810 700 54 599 174 425 404 58 346 110 816 147 127
is_linear=0
shrinkage=0.05


Tree=97
num_leaves=31
num_cat=0
split_feature=4 0 3 3 0 0 2 5 3 0 1 3 2 0 2 1 3 5 3 5 5 6 5 2 3 4 6 1 4 2
split_gain=45833.7 9784.42 11007 9709.54 9461.01 12947.1 9060.65 17288.2 10574.1 15661.6 8144.69 16501.8 122506 27618 31616 18801.1 14471.5 9515.1 25586.8 32916.5 24472.5 34388.1 10222.7 17596.2 14139.4 11046.1 35824.2 33069.2 17852.2 9960.92
threshold=262.50000000000006 29.450000000000003 60.500000000000007 32.500000000000007 10.350000000000003 11.850000000000003 72.500000000000014 58.500000000000007 33.500000000000007 16.350000000000005 526.50000000000011 94.500000000000014 39.500000000000007 18.850000000000005 57.500000000000007 697.50000000000011 87.500000000000014 44.500000000000007 52.500000000000007 72.500000000000014 10.500000000000002 910.50000000000011 54.500000000000007 67.500000000000014 27.500000000000004 506.50000000000006 640.50000000000011 594.50000000000011 533.50000000000011 57.500000000000007
decision_type=2 2 2 2 2 2 2 2 2 2 2 2 2 2 2 2 2 2 2 2 2 2 2 2 2 2 2 2 2 2
left_child=-1 4 3 -3 -2 -6 10 -8 -9 -10 -7 16 -13 14 -14 -15 17 20 22 -20 -12 29 -19 24 25 26 27 -24 -27 -22
right_child=1 2 -4 -5 5 6 7 8 9 -11 11 12 13 15 -16 -17 -18 18 19 -21 21 -23 23 -25 -26 28 -28 -29 -30 -31
leaf_value=-0.070507391172302647 1.0477441237523006 0.29792023737176831 1.3958912121301348 -0.60526402650340916 -0.79276019930839547 -0.015821544254719221 0.061712214174239256 -0.099981097579002379 0.57063905076925148 2.0315041593275964 0.32144799370485111 -3.9920607328414919 0.51096497559547427 0.0219235212462289 -2.0879458610984414 1.6384888070257935 1.1744579875791394 0.74459874675306215 -2.2732591594968521 0.27433539628982545 -0.37554204826102117 -1.8161620455403484 -0.64887945570051675 -0.95305133296383748 0.95594563715757774 1.6894318784276647 -2.1201907491683962 1.5686896562576296 0.2495894842598427 0.14198585810935554
leaf_weight=7885 26 742 22 31 41 1315 152 20 43 32 442 20 25 35 22 37 37 166 21 32 165 31 40 27 81 24 20 29 209 213
leaf_count=7885 26 742 22 31 41 1315 152 20 43 32 442 20 25 35 22 37 37 166 21 32 165 31 40 27 81 24 20 29 209 213
internal_value=1.32625e-09 0.135598 0.293086 0.261699 0.0977148 0.0901818 0.101362 0.392414 0.921537 1.19394 0.0773264 0.150411 -0.371298 0.237233 -0.705546 0.852658 0.197592 0.173496 0.317699 -0.735089 0.0635224 -0.215214 0.411319 0.282658 0.365447 0.216906 -0.256933 0.283142 0.397899 -0.0839192
internal_weight=11985 4100 795 773 3305 3279 3238 247 95 75 2991 1676 139 119 47 72 1537 1500 649 53 851 409 596 430 403 322 89 69 233 378
internal_count=11985 4100 795 773 3305 3279 3238 247 95 75 2991 1676 139 119 47 72 1537 1500 649 53 851 409 596 430 403 322 89 69 233 378
is_linear=0
shrinkage=0.05


Tree=98
num_leaves=31
num_cat=0
split_feature=6 0 8 2 0 5 5 7 5 5 5 2 0 3 7 5 3 8 1 8 0 2 5 6 3 5 0 0 2 1
split_gain=41508.6 11184 20422 12997.9 13739.9 26191.7 13394.5 13126.2 13397.1 22667.1 31761.7 41913 20884 18873.4 13377.4 12934.7 10840.4 9753.13 9220 8946.77 30501.8 59827.9 55802.8 44628 13915.1 26613.5 20725.1 14126.4 13664.1 22267.3
threshold=237.50000000000003 19.450000000000003 11.500000000000002 75.500000000000014 18.950000000000003 50.500000000000007 68.500000000000014 12.500000000000002 99.500000000000014 81.500000000000014 61.500000000000007 63.500000000000007 15.450000000000001 21.500000000000004 11.500000000000002 47.500000000000007 26.500000000000004 9.5000000000000018 462.50000000000006 4.5000000000000009 23.750000000000004 53.500000000000007 74.500000000000014 742.50000000000011 86.500000000000014 31.500000000000004 20.150000000000002 28.150000000000002 59.500000000000007 650.50000000000011
decision_type=2 2 2 2 2 2 2 2 2 2 2 2 2 2 2 2 2 2 2 2 2 2 2 2 2 2 2 2 2 2
left_child=-1 3 17 4 7 -6 -5 8 9 10 15 13 -10 -12 -14 -2 -7 19 -17 20 28 22 -22 -24 26 -26 -21 -27 29 -3
right_child=1 2 -4 6 5 16 -8 -9 12 -11 11 -13 14 -15 -16 18 -18 -19 -20 24 21 -23 23 -25 25 27 -28 -29 -30 -31
leaf_value=-0.069049272050791477 -0.13961049271158027 0.067483039887156343 1.634863982225458 0.037773681835072945 0.54694308350163123 -0.6255177468061448 1.147884466293819 0.14217410793544347 0.52676967626268212 1.037546199124034 -1.3300909912586212 -2.9226828261562017 -0.57380347059619041 0.84208677932620057 -2.0961253275473912 0.090544355688271697 -1.985900060777311 -0.066923032684667802 1.4230997080802918 -1.3739646429847927 0.43813556294825651 -2.9958400423328087 -2.8362840128356015 0.016502380199157275 -0.60044692548421719 1.6008182289078832 0.2449537043050084 0.13211864856156438 -0.071253676580623815 1.0239373920164232
leaf_weight=7729 237 128 24 61 31 32 49 739 22 41 20 23 31 20 27 27 27 376 25 20 119 21 29 26 26 64 1712 22 161 116
leaf_count=7729 237 128 24 61 31 32 49 739 22 41 20 23 31 20 27 27 27 376 25 20 119 21 29 26 26 64 1712 22 161 116
internal_value=1.15071e-09 0.125395 0.182506 0.0103642 -0.0337298 -0.629785 0.532278 0.0105317 -0.195142 -0.0750837 -0.20468 -1.22193 -0.784929 -0.244002 -1.28247 0.0170744 -1.24807 0.170146 0.731196 0.206618 0.0389084 -0.47486 -0.170604 -1.48769 0.261187 0.801316 0.226259 1.2251 0.286278 0.522191
internal_weight=11985 4256 2844 1412 1302 90 110 1212 473 393 352 63 80 40 58 289 59 2820 52 2444 600 195 174 55 1844 112 1732 86 405 244
internal_count=11985 4256 2844 1412 1302 90 110 1212 473 393 352 63 80 40 58 289 59 2820 52 2444 600 195 174 55 1844 112 1732 86 405 244
is_linear=0
shrinkage=0.05


Tree=99
num_leaves=31
num_cat=0
split_feature=6 4 1 1 4 0 5 4 4 4 3 3 5 3 3 4 5 5 1 6 6 2 7 5 1 3 5 6 2 5
split_gain=37794.3 11605 10164.3 9738.96 7999.92 7406.96 7286.42 6862.38 8011.91 15048.3 6728.76 17845.8 13375.4 10885.4 37340.8 14198.1 10560 8652.34 18397 15821.7 10122.9 8650.12 13714.9 14251.9 11290 9215.31 18033 33598.4 28434.1 17621.8
threshold=439.50000000000006 238.50000000000003 622.50000000000011 542.50000000000011 521.50000000000011 33.250000000000007 17.500000000000004 289.50000000000006 328.50000000000006 356.50000000000006 99.500000000000014 97.500000000000014 49.500000000000007 70.500000000000014 66.500000000000014 502.50000000000006 77.500000000000014 48.500000000000007 688.50000000000011 619.50000000000011 512.50000000000011 61.500000000000007 15.500000000000002 54.500000000000007 958.50000000000011 4.5000000000000009 30.500000000000004 910.50000000000011 41.500000000000007 52.500000000000007
decision_type=2 2 2 2 2 2 2 2 2 2 2 2 2 2 2 2 2 2 2 2 2 2 2 2 2 2 2 2 2 2
left_child=2 -2 3 4 -1 7 -7 -3 -9 -10 11 13 -13 14 21 -15 -17 -12 19 20 -19 24 -23 -24 25 29 -27 28 -28 -11
right_child=1 5 -4 -5 -6 6 -8 8 9 10 17 12 -14 15 -16 16 -18 18 -20 -21 -22 22 23 -25 -26 26 27 -29 -30 -31
leaf_value=-0.055299160363735125 1.3536669284105303 -0.62161199490229291 0.77556656220474762 -0.92557419836521149 0.57893663036823273 0.20228783435988845 1.070213722615015 0.92528113108128318 -0.96591126841883512 0.037336809981315944 0.078087529598497879 0.0044936767277809295 -1.5993118454630559 1.3719814298968567 -1.9405325689099051 0.4790012291481352 -0.67236264447371175 1.2396063009897869 -0.51243039543430013 1.7671097486484344 -0.23635228230403019 0.37555748829633911 0.03156250833223264 -1.4215026056021454 1.0602187273524968 0.25704823584721798 -1.2220819084267869 -2.203788172114979 -0.0096682584724829875 0.57135948760560451
leaf_weight=8854 20 30 37 32 50 57 42 32 31 774 102 26 26 38 22 117 24 21 24 41 26 589 108 20 28 223 57 22 319 193
leaf_count=8854 20 30 37 32 50 57 42 32 31 774 102 26 26 38 22 117 24 21 24 41 26 589 108 20 28 223 57 22 319 193
internal_value=7.47844e-10 0.153252 -0.0514426 -0.0548669 -0.0517376 0.145228 0.570499 0.130675 0.138557 0.129665 0.141794 0.119497 -0.797409 0.138313 0.109742 0.5142 0.283024 0.411237 0.714641 1.0493 0.423119 0.129076 0.273615 -0.195479 0.064946 0.0473971 -0.102906 -0.304588 -0.193465 0.14392
internal_weight=11985 3012 8973 8936 8904 2992 99 2893 2863 2831 2800 2586 52 2534 2355 179 141 214 112 88 47 2333 717 128 1616 1588 621 398 376 967
internal_count=11985 3012 8973 8936 8904 2992 99 2893 2863 2831 2800 2586 52 2534 2355 179 141 214 112 88 47 2333 717 128 1616 1588 621 398 376 967
is_linear=0
shrinkage=0.05


Tree=100
num_leaves=31
num_cat=0
split_feature=4 0 0 6 3 5 8 7 4 7 4 6 4 1 3 8 0 2 5 6 1 4 6 2 5 3 2 1 7 1
split_gain=34684.9 10389.6 15410.4 11883.4 9784.37 9479.63 11221.4 8955.07 11980.1 16057.2 12767 10687.6 7812.63 27373.9 7556.98 7389.08 21341.9 47834.9 49872.7 44810.5 13654.1 12261.4 13333.5 11724.1 14682.2 37361.1 21967.7 15641.3 10573.9 10399.3
threshold=214.50000000000003 15.850000000000003 10.250000000000002 173.50000000000003 75.500000000000014 2.5000000000000004 10.500000000000002 11.500000000000002 548.50000000000011 15.500000000000002 613.50000000000011 232.50000000000003 548.50000000000011 379.50000000000006 34.500000000000007 4.5000000000000009 23.750000000000004 53.500000000000007 74.500000000000014 742.50000000000011 468.50000000000006 403.50000000000006 492.50000000000006 38.500000000000007 99.500000000000014 12.500000000000002 50.500000000000007 640.50000000000011 13.500000000000002 186.50000000000003
decision_type=2 2 2 2 2 2 2 2 2 2 2 2 2 2 2 2 2 2 2 2 2 2 2 2 2 2 2 2 2 2
left_child=-1 2 -2 -3 5 -4 7 11 9 -9 -10 -7 13 -6 -11 16 20 18 -18 -20 29 22 -22 28 -25 26 -26 -27 -23 -5
right_child=1 3 4 15 12 6 -8 8 10 14 -12 -13 -14 -15 -16 -17 17 -19 19 -21 21 23 -24 24 25 27 -28 -29 -30 -31
leaf_value=-0.064807577109860029 1.0427398681640625 0.99710825067013509 0.13516241703992304 0.98094946770440972 0.37935531981933268 0.06958559045325155 -1.2880891418457032 1.0436488537369548 -1.600510167038959 0.12664708882570266 -0.11521059014858344 -1.2553488340642718 0.82819110208915347 -1.6862217988073827 -1.044656618152346 0.18327009590309917 0.39270190754141965 -2.5862038462058359 -2.9243140420088403 0.011228162967241728 -0.025633676279158819 0.29687599869317965 1.576776116735795 0.22481385974691573 -0.51748317142150235 -0.39255012387321114 1.7695249028149107 -2.2119795151330806 1.6761876182009776 -0.15944874351166971
leaf_weight=7583 28 40 92 21 81 23 35 37 23 40 39 45 36 20 21 2444 122 23 26 26 21 33 34 562 21 21 21 27 24 416
leaf_count=7583 28 40 92 21 81 23 35 37 23 40 39 45 36 20 21 2444 122 23 26 26 21 33 34 562 21 21 21 27 24 416
internal_value=6.14691e-10 0.111639 -0.098241 0.139753 -0.163175 -0.301691 -0.454506 -0.326544 -0.122262 0.221868 -0.666209 -0.807209 0.195753 -0.0296699 -0.276589 0.130827 0.039145 -0.443215 -0.159946 -1.45654 0.118266 0.245771 0.964947 0.189981 0.129864 -0.463046 0.626021 -1.41598 0.877639 -0.104647
internal_weight=11985 4402 520 3882 492 355 263 228 160 98 62 68 137 101 61 3842 1398 197 174 52 1201 764 55 709 652 90 42 48 57 437
internal_count=11985 4402 520 3882 492 355 263 228 160 98 62 68 137 101 61 3842 1398 197 174 52 1201 764 55 709 652 90 42 48 57 437
is_linear=0
shrinkage=0.05


Tree=101
num_leaves=31
num_cat=0
split_feature=6 0 0 0 8 2 0 5 7 5 5 3 3 5 5 3 4 5 5 8 5 2 5 6 1 8 0 1 1 0
split_gain=31430 9582.65 17185.3 8138.27 18630.8 11817.2 13067.9 23395.4 11800 16247.7 22695.2 18047.6 21580.6 11775.5 10325.2 9905.67 9673.35 9653.03 15801.9 8522.63 8518.93 10725.2 51779 58611.4 71605.1 16032 13679.7 12320.5 12198.8 12141
threshold=237.50000000000003 10.350000000000003 11.850000000000003 19.450000000000003 11.500000000000002 75.500000000000014 18.950000000000003 50.500000000000007 12.500000000000002 61.500000000000007 70.500000000000014 92.500000000000014 57.500000000000007 68.500000000000014 47.500000000000007 26.500000000000004 484.50000000000006 97.500000000000014 81.500000000000014 9.5000000000000018 37.500000000000007 35.500000000000007 68.500000000000014 606.50000000000011 742.50000000000011 3.5000000000000004 27.850000000000005 858.50000000000011 597.50000000000011 24.450000000000003
decision_type=2 2 2 2 2 2 2 2 2 2 2 2 2 2 2 2 2 2 2 2 2 2 2 2 2 2 2 2 2 2
left_child=-1 -2 -3 5 19 6 8 -8 9 14 -11 12 17 -7 -4 -9 -16 18 -12 20 -5 22 26 -24 -25 28 -22 29 -23 -27
right_child=1 2 3 4 -6 13 7 15 -10 10 11 -13 -14 -15 16 -17 -18 -19 -20 -21 21 25 23 24 -26 27 -28 -29 -30 -31
leaf_value=-0.06008452095711693 1.0851456718444825 -0.94138394960990324 -0.085563420182178648 0.09034983496797995 1.5482344835996629 0.030005539461904974 0.50051231730368828 -0.60086655616760254 0.1406835299616648 -2.0624144740064039 -0.76038407499973593 -1.4709033945511127 1.3352649195627733 1.087011744538132 0.086196821268934465 -1.9012791790344097 1.5290129067464955 -0.86095661605304152 1.0001857061386108 -0.072385510666533676 0.23472487815926152 0.28680160884503969 -3.3730665644071998 2.1262265282869341 -1.8210176653332182 -0.052432825489371428 1.7898988512846139 0.6537744028545216 1.6845725842021608 0.34151145962214724
leaf_weight=7729 25 39 220 1227 24 57 31 32 708 22 26 29 22 49 26 27 21 53 25 376 31 27 20 20 27 306 26 181 37 542
leaf_count=7729 25 39 220 1227 24 57 31 32 708 22 26 29 22 49 26 27 21 53 25 376 31 27 20 20 27 306 26 181 37 542
internal_value=2.135e-10 0.109115 0.103348 0.113067 0.16103 0.0118756 -0.0313732 -0.611627 0.0139591 -0.188115 -0.559602 -0.346299 -0.087462 0.518622 0.0581514 -1.19597 0.730859 -0.388423 0.10264 0.149224 0.183318 0.27705 -0.163633 -1.10603 -0.141339 0.327046 0.944102 0.279289 1.09489 0.199357
internal_weight=11985 4256 4231 4192 2844 1348 1242 90 1152 444 177 155 126 106 267 59 47 104 51 2820 2444 1217 124 67 47 1093 57 1029 64 848
internal_count=11985 4256 4231 4192 2844 1348 1242 90 1152 444 177 155 126 106 267 59 47 104 51 2820 2444 1217 124 67 47 1093 57 1029 64 848
is_linear=0
shrinkage=0.05


Tree=102
num_leaves=31
num_cat=0
split_feature=4 6 6 1 6 1 4 1 2 1 1 0 8 0 1 3 1 1 0 1 4 6 1 1 1 5 1 1 5 6
split_gain=28727.4 8955.96 15282.3 31269.2 10522.6 8886.31 8341.76 7836.37 8602 5967.42 6585.8 7405.07 11065.1 17815.3 10396.1 9180.46 8345.16 23577.4 21749.4 12162.1 6492.44 5953.47 5514.25 9377.79 8145.42 6969.36 26983 7910.95 7488.11 5364.64
threshold=515.50000000000011 663.50000000000011 640.50000000000011 622.50000000000011 581.50000000000011 565.00000000000011 467.50000000000006 345.50000000000006 70.500000000000014 1.0000000180025095e-35 547.50000000000011 17.050000000000004 11.500000000000002 19.650000000000002 516.50000000000011 15.500000000000002 427.50000000000006 468.50000000000006 15.250000000000002 505.50000000000006 480.50000000000006 948.50000000000011 401.50000000000006 379.50000000000006 365.50000000000006 89.500000000000014 319.50000000000006 246.50000000000003 68.500000000000014 928.50000000000011
decision_type=2 2 2 2 2 2 2 2 2 2 2 2 2 2 2 2 2 2 2 2 2 2 2 2 2 2 2 2 2 2
left_child=1 2 3 4 5 9 -6 8 -2 -1 11 16 14 15 -13 -14 22 18 -18 -19 -16 29 23 24 25 27 -27 -11 -29 -9
right_child=7 -3 -4 -5 6 -7 -8 21 -10 10 -12 12 13 -15 20 -17 17 19 -20 -21 -22 -23 -24 -25 -26 26 -28 28 -30 -31
leaf_value=-0.075356499363980478 0.16188726425170899 0.78292185898983124 -1.4228843939304352 1.7631923129161198 -1.516964910711561 0.80531192993324618 -0.24951396102414414 0.14157986408685724 1.5797202706336977 -0.0519213702654924 -0.69717204841700475 0.026045310501579828 -0.43167918114101189 1.7522214074929554 1.4080800517038865 0.58500446166144682 -0.20692084477497985 0.73901459464901376 -2.2152043046163663 -0.6809683522582054 0.20663162107053012 0.59815198494040445 0.52274757857833598 -0.96446282480444234 0.89302240213298278 0.026106204065680507 1.9346940279006959 -0.2575839664331443 -1.0667107890049616 -0.26302787113715625
leaf_weight=5599 23 33 20 24 21 31 34 2264 20 777 33 2130 34 24 22 64 26 38 28 25 23 69 42 28 23 250 20 139 36 85
leaf_count=5599 23 33 20 24 21 31 34 2264 20 777 33 2130 34 24 22 64 26 38 28 25 23 69 42 28 23 250 20 139 36 85
internal_value=1.50322e-09 -0.03935 -0.0422091 -0.0392935 -0.0438727 -0.0398345 -0.73345 0.152284 0.821344 -0.0426333 0.00606886 0.0122922 0.0679248 0.531283 0.0419342 0.232277 -0.0769452 -0.481601 -1.24825 0.175529 0.794006 0.140385 -0.0409417 -0.0595394 -0.0391877 -0.0567334 0.167483 -0.120324 -0.424033 0.126939
internal_weight=11985 9524 9491 9471 9447 9392 55 2461 43 9361 3762 3729 2297 122 2175 98 1432 117 54 63 45 2418 1315 1273 1245 1222 270 952 175 2349
internal_count=11985 9524 9491 9471 9447 9392 55 2461 43 9361 3762 3729 2297 122 2175 98 1432 117 54 63 45 2418 1315 1273 1245 1222 270 952 175 2349
is_linear=0
shrinkage=0.05


Tree=103
num_leaves=31
num_cat=0
split_feature=4 1 6 0 5 2 1 3 3 5 1 0 5 7 5 5 3 8 5 5 4 3 2 3 3 2 6 3 0 4
split_gain=25940.3 8343 11650.8 5963.58 6379.85 6335.05 9430.58 9998.79 20014.2 17855.6 37023 9780.96 13731.7 9072.31 17375.3 10692.6 8025.37 11165.7 8250.02 14719.8 15335.3 16077.5 41449.4 25162.5 20852.9 27490 22270.8 10602.2 8947.4 12268.6
threshold=391.50000000000006 594.50000000000011 535.50000000000011 33.250000000000007 35.500000000000007 61.500000000000007 958.50000000000011 99.500000000000014 97.500000000000014 48.500000000000007 679.50000000000011 22.550000000000004 16.500000000000004 15.500000000000002 65.500000000000014 18.500000000000004 86.500000000000014 4.5000000000000009 10.500000000000002 13.500000000000002 915.50000000000011 31.500000000000004 35.500000000000007 36.500000000000007 52.500000000000007 57.500000000000007 663.50000000000011 28.500000000000004 17.850000000000005 480.50000000000006
decision_type=2 2 2 2 2 2 2 2 2 2 2 2 2 2 2 2 2 2 2 2 2 2 2 2 2 2 2 2 2 2
left_child=1 2 -1 5 -5 6 7 8 16 11 -11 12 -9 -7 15 -15 18 -18 -2 -20 21 27 -23 -24 -25 26 -26 28 29 -21
right_child=3 -3 -4 4 -6 13 -8 9 -10 10 -12 -13 -14 14 -16 -17 17 -19 19 20 -22 22 23 24 25 -27 -28 -29 -30 -31
leaf_value=-0.044706552631184705 0.16400750332070349 0.90585412979125979 -1.1715386323306871 0.27676649903639772 1.2089952676867446 0.27996415500600752 0.97007064840623325 0.17591745592653751 -1.151037669087398 1.9063149119792291 -0.69759907245635988 0.79877707697451117 -1.4581108467280866 -0.48419323778112555 -1.3288261046409608 0.35830116747959478 -0.032381228147408903 1.1977827971322197 -1.0010876793088392 -0.79939893154161323 -1.161351607996842 -2.2115427180572791 -1.2862443679257445 0.70639171825676428 -0.67682520987000316 -1.765137379673811 1.314905363082886 1.2349449068307878 0.15717848571270038 0.037168570074977147
leaf_weight=8657 639 23 23 78 24 845 28 36 36 43 20 24 20 56 25 115 39 35 40 63 29 27 38 82 32 26 25 20 693 144
leaf_count=8657 639 23 23 78 24 845 28 36 36 43 20 24 20 56 25 115 39 35 40 63 29 27 38 82 32 26 25 20 693 144
internal_value=5.09669e-10 -0.0451724 -0.0476924 0.119785 0.496114 0.107714 0.0584819 0.0463907 0.0170578 0.450077 1.07968 -0.0457317 -0.407664 0.208875 -0.0976063 0.0823966 0.0388236 0.549453 0.0184864 -0.0577958 -0.0257927 0.0028431 -0.371062 -0.126269 0.140877 -0.417823 0.196741 0.0963193 0.0710165 -0.217439
internal_weight=11985 8703 8680 3282 102 3180 2139 2111 1968 143 63 80 56 1041 196 171 1932 74 1858 1219 1179 1150 230 203 165 83 57 920 900 207
internal_count=11985 8703 8680 3282 102 3180 2139 2111 1968 143 63 80 56 1041 196 171 1932 74 1858 1219 1179 1150 230 203 165 83 57 920 900 207
is_linear=0
shrinkage=0.05


Tree=104
num_leaves=31
num_cat=0
split_feature=4 0 0 2 1 2 2 5 1 0 6 6 5 5 8 3 7 6 8 0 5 2 6 4 1 0 4 5 3 4
split_gain=23834.2 8403.74 13943.9 7022.77 6947.91 11466.7 11664.9 9705.05 6803.99 7987.81 11120.9 10656 9064.01 8952.11 11444.4 12311 8885.06 17778.4 6809.25 19227.3 51573.8 52904.5 52187.5 12858 12736.9 18352.7 14953.2 9942.61 32818.9 25414.6
threshold=214.50000000000003 10.250000000000002 11.850000000000003 42.500000000000007 232.50000000000003 39.500000000000007 69.500000000000014 98.500000000000014 178.50000000000003 15.850000000000003 589.50000000000011 173.50000000000003 66.500000000000014 2.5000000000000004 10.500000000000002 99.500000000000014 11.500000000000002 349.50000000000006 4.5000000000000009 22.350000000000005 77.500000000000014 55.500000000000007 742.50000000000011 675.50000000000011 465.50000000000006 21.950000000000003 403.50000000000006 97.500000000000014 54.500000000000007 554.50000000000011
decision_type=2 2 2 2 2 2 2 2 2 2 2 2 2 2 2 2 2 2 2 2 2 2 2 2 2 2 2 2 2 2
left_child=4 -2 3 -3 -1 -6 7 -7 -4 10 13 -11 -12 -10 15 16 17 -15 19 24 21 23 -22 -21 -13 26 -26 -28 29 -29
right_child=1 2 8 -5 5 6 -8 -9 9 11 12 18 -14 14 -16 -17 -18 -19 -20 20 22 -23 -24 -25 25 -27 27 28 -30 -31
leaf_value=-0.05960894338683901 0.95600237846374514 -1.3910292653933816 0.61223745119004025 -0.1804008173197508 -0.71881699789138076 1.540542321680396 -0.29750836447433188 0.31847952082753184 0.21161308507011697 0.94447691440582282 0.063106298223137861 -0.12665886509363875 1.3458956974425487 -0.22038950079798025 -1.0435926984557333 0.85675384524899223 -0.096638197913056334 -1.9357803323994514 0.15334044707931749 -0.17849257509224117 -2.9027156002180918 -2.2945481764999305 -0.0607740330696106 0.66290739065834459 1.0269344742200814 1.6200183927445957 0.20592028693071682 -0.77692666947841649 -2.1476920348405839 0.97305829695292889
leaf_weight=7470 28 23 63 25 21 33 27 32 88 38 40 382 21 44 51 24 126 23 2431 80 35 22 30 105 49 23 548 41 20 42
leaf_count=7470 28 23 63 25 21 33 27 32 88 38 40 382 21 44 51 24 126 23 2431 80 35 22 30 105 49 23 548 41 20 42
internal_value=1.0909e-09 0.0925437 0.0870163 -0.760494 -0.0537225 0.33541 0.576049 0.938911 0.09642 0.0887971 -0.119059 0.111334 0.504722 -0.225943 -0.369618 -0.211218 -0.344023 -0.809255 0.10302 0.0141823 -0.362399 0.0234097 -1.59105 0.299059 0.106879 0.23027 0.184607 0.121206 -0.329509 0.108608
internal_weight=11985 4402 4374 48 7583 113 92 65 4326 4263 417 3846 61 356 268 217 193 67 3808 1377 272 207 65 185 1105 723 700 651 103 83
internal_count=11985 4402 4374 48 7583 113 92 65 4326 4263 417 3846 61 356 268 217 193 67 3808 1377 272 207 65 185 1105 723 700 651 103 83
is_linear=0
shrinkage=0.05


Tree=105
num_leaves=31
num_cat=0
split_feature=4 0 0 0 2 5 0 0 5 2 7 5 3 3 2 2 5 0 0 0 3 3 4 4 1 5 2 4 4 4
split_gain=21510.4 7584.37 12584.3 6446.86 6605.4 11492.6 7985.15 13422.6 19083.7 13424.5 10134.5 15172.6 23497.7 25075.7 17816.2 9110.51 10811.3 12904.8 32284.9 17832.5 16908.5 16712.1 15403.3 15622.3 15890 10656.7 9941.41 9704.04 8988 10108.9
threshold=214.50000000000003 10.250000000000002 11.850000000000003 33.250000000000007 72.500000000000014 98.500000000000014 19.450000000000003 18.950000000000003 50.500000000000007 63.500000000000007 12.500000000000002 61.500000000000007 92.500000000000014 57.500000000000007 54.500000000000007 70.500000000000014 48.500000000000007 14.950000000000001 16.550000000000004 17.050000000000004 40.500000000000007 15.500000000000002 616.50000000000011 537.50000000000011 555.50000000000011 69.500000000000014 57.500000000000007 459.50000000000006 432.50000000000006 317.50000000000006
decision_type=2 2 2 2 2 2 2 2 2 2 2 2 2 2 2 2 2 2 2 2 2 2 2 2 2 2 2 2 2 2
left_child=-1 -2 -3 4 6 -6 7 10 -9 -10 11 -4 13 14 -13 16 -12 20 21 27 -18 -19 23 24 25 -21 -27 -20 29 -16
right_child=1 2 3 -5 5 -7 -8 8 9 -11 15 12 -14 -15 28 -17 17 18 19 22 -22 -23 -24 -25 -26 26 -28 -29 -30 -31
leaf_value=-0.051036341433024546 0.9082022675446102 -0.72246894016861918 0.025392751132421718 0.47305326643917295 0.2023853462912697 1.2166363527697903 0.11369751334131389 0.3952029869474214 -0.56229292176225609 -2.1474127314307476 -0.027832391049601241 -1.6313883889106013 -1.9527411167438213 1.2323022799058396 0.073863617385979061 -0.74645392956404855 0.75683029194672902 0.31884393770070307 -1.2283718224082676 1.6080282487869262 -1.0690671594813466 2.0332193306901241 -0.52182854279395074 1.8136787886802967 -0.82213099867105477 -0.42445862345073532 0.96752058719766554 0.12692734622955323 0.56750150752067563 -1.3364602183302245
leaf_weight=7583 28 48 307 108 282 31 2637 29 34 22 367 31 26 22 27 29 21 21 28 25 32 44 31 26 20 23 29 25 25 24
leaf_count=7583 28 48 307 108 282 31 2637 29 34 22 367 31 26 22 27 29 21 21 28 25 32 44 31 26 20 23 29 25 25 24
internal_value=1.69667e-09 0.0879165 0.0826655 0.091599 0.0818321 0.302838 0.0641176 -0.0389914 -0.645884 -1.18502 0.00461463 -0.178206 -0.581464 -0.305082 -0.62118 0.121762 0.158147 0.36816 0.507238 0.201987 -0.345598 1.47934 0.474238 0.725279 0.433543 0.759692 0.351837 -0.58908 -0.209121 -0.589818
internal_weight=11985 4402 4374 4326 4218 313 3905 1268 85 56 1183 462 155 129 107 721 692 325 272 207 53 65 154 123 97 77 52 53 76 51
internal_count=11985 4402 4374 4326 4218 313 3905 1268 85 56 1183 462 155 129 107 721 692 325 272 207 53 65 154 123 97 77 52 53 76 51
is_linear=0
shrinkage=0.05


Tree=106
num_leaves=31
num_cat=0
split_feature=6 0 0 1 4 3 1 0 0 5 6 1 6 3 2 6 1 1 1 4 2 6 2 1 7 2 0 0 1 1
split_gain=19471.7 7542.95 12792.5 6677.28 6145.1 9694.55 12790.3 11177.3 23988.4 8422.53 14142.8 23837.1 11049.8 33525.2 10356.6 28371 53993.5 33507.2 8507.4 9467.3 8504.8 31063.7 12812.3 33072.6 7870.97 6759.87 9936.64 18421.7 29848.6 19622.4
threshold=237.50000000000003 10.350000000000003 11.850000000000003 397.50000000000006 892.50000000000011 19.500000000000004 852.50000000000011 24.450000000000003 23.150000000000002 37.500000000000007 906.50000000000011 893.50000000000011 865.50000000000011 10.500000000000002 35.500000000000007 619.50000000000011 585.50000000000011 742.50000000000011 825.50000000000011 871.50000000000011 38.500000000000007 538.50000000000011 40.500000000000007 594.50000000000011 11.500000000000002 72.500000000000014 15.250000000000002 16.450000000000003 468.50000000000006 397.50000000000006
decision_type=2 2 2 2 2 2 2 2 2 2 2 2 2 2 2 2 2 2 2 2 2 2 2 2 2 2 2 2 2 2
left_child=3 -2 -3 -1 9 7 -7 8 -6 12 14 -12 18 -14 15 16 24 -17 -4 -20 21 -16 23 -22 -11 26 -24 28 29 -28
right_child=1 2 4 -5 5 6 -8 -9 -10 10 11 -13 13 -15 20 17 -18 -19 19 -21 22 -23 25 -25 -26 -27 27 -29 -30 -31
leaf_value=-0.050335745679887682 0.95183130598068244 -0.82060395983549272 -0.0042673847116546319 0.66242216597311199 0.48993554641218751 -0.1610724621079862 1.3812264375570344 0.40383035416847896 -1.4863420392785756 0.47171667825717195 2.1882132140072907 0.27649054489438496 -0.055824682976190865 -2.3504204635322092 -0.6988175256685778 1.5218566995007652 -3.1937066388130191 -0.68203505978864787 0.823499846789572 -0.36171758745027627 0.73378970153629786 1.726730335119999 -0.35066876309337441 -2.0755388752980664 -0.72634674513648301 0.42790909708722646 0.76347496181805719 0.10046891064085424 2.0615481171756982 -1.1064277018606663
leaf_weight=7696 25 39 1564 33 34 20 41 140 28 26 22 63 78 20 22 35 20 34 63 23 20 33 108 22 29 190 47 1458 32 20
leaf_count=7696 25 39 1564 33 34 20 41 140 28 26 22 63 78 20 22 35 20 34 63 23 20 33 108 22 29 190 47 1458 32 20
internal_value=6.6529e-10 0.0858844 0.0807677 -0.0472925 0.0891536 0.323138 0.875555 0.156319 -0.402577 0.0734911 0.139029 0.771289 -0.00828143 -0.52411 0.113389 -0.295818 -0.968981 0.435881 0.0223556 0.506523 0.143576 0.756511 0.125805 -0.737763 -0.159989 0.145358 0.113115 0.145285 0.805296 0.205295
internal_weight=11985 4256 4231 7729 4192 263 61 202 62 3929 2181 85 1748 98 2096 144 75 69 1650 86 1952 55 1897 42 55 1855 1665 1557 99 67
internal_count=11985 4256 4231 7729 4192 263 61 202 62 3929 2181 85 1748 98 2096 144 75 69 1650 86 1952 55 1897 42 55 1855 1665 1557 99 67
is_linear=0
shrinkage=0.05


Tree=107
num_leaves=31
num_cat=0
split_feature=4 6 6 1 6 1 1 3 5 7 0 3 3 5 5 0 5 1 1 1 1 1 8 0 0 6 1 0 1 6
split_gain=17923.2 7343.61 14189.8 28307.3 9626.05 7438.74 6892.55 12332.6 31732.7 43406.4 32492.9 31378 35529.9 12905.2 12710.1 24940.9 9464.89 8918.98 12308.6 11525.3 16425.3 8579.43 8171.61 7577.71 7413.34 34986.7 12340.9 9563.54 8227.88 11899.4
threshold=515.50000000000011 663.50000000000011 640.50000000000011 622.50000000000011 581.50000000000011 565.00000000000011 498.50000000000006 44.500000000000007 50.500000000000007 11.500000000000002 26.350000000000005 94.500000000000014 75.500000000000014 46.500000000000007 37.500000000000007 25.750000000000004 56.500000000000007 663.50000000000011 684.50000000000011 631.50000000000011 611.50000000000011 675.50000000000011 4.5000000000000009 19.050000000000004 24.550000000000004 910.50000000000011 840.50000000000011 24.250000000000004 745.50000000000011 726.50000000000011
decision_type=2 2 2 2 2 2 2 2 2 2 2 2 2 2 2 2 2 2 2 2 2 2 2 2 2 2 2 2 2 2
left_child=1 2 3 4 5 -1 16 13 14 -10 11 12 -11 24 15 23 22 19 -19 20 -15 -16 -2 -9 25 27 -26 28 29 -8
right_child=6 -3 -4 -5 -6 -7 7 8 9 10 -12 -13 -14 17 21 -17 -18 18 -20 -21 -22 -23 -24 -25 26 -27 -28 -29 -30 -31
leaf_value=-0.033916470699966686 0.031817847425523009 0.71350297349872016 -1.3640789484977722 1.6841339811682703 -0.69476379043337977 0.74189604126637987 0.00070383802317736447 -0.10434753642430608 -2.6244025115966796 -1.0485130572319032 1.0332196410745382 -1.8993585303807869 1.5157301415096631 0.72757487775463803 0.19607029581069946 -1.5641934216022493 1.1283096127363075 -0.94891426765492981 0.29466897774300976 1.3108640527846864 -0.7974377394370411 1.4502217899759611 0.90436023065022075 0.64586925911717119 0.0053269501937152838 -1.6833590231835842 0.40227580292378101 -0.89371239785794865 0.35125226119413361 -1.2609652232751252
leaf_weight=9361 115 33 20 24 55 31 285 71 25 35 32 39 22 76 25 22 37 21 379 49 23 30 35 64 507 32 319 27 171 20
leaf_count=9361 115 33 20 24 55 31 285 71 25 35 32 39 22 76 25 22 37 21 379 49 23 30 35 64 507 32 319 27 171 20
internal_value=-6.9957e-10 -0.0310817 -0.0336706 -0.0308612 -0.0352181 -0.0313558 0.120285 0.0962898 -0.170002 -0.718784 -0.346593 -0.80653 -0.0588052 0.147205 0.226052 -0.00309107 0.412081 0.352079 0.229381 0.683696 0.373279 0.880153 0.235411 0.251311 0.064713 -0.0802847 0.158628 0.0217002 0.0736248 -0.0820286
internal_weight=11985 9524 9491 9471 9447 9392 2461 2274 365 153 128 96 57 1909 212 157 187 548 400 148 99 55 150 135 1361 535 826 503 476 305
internal_count=11985 9524 9491 9471 9447 9392 2461 2274 365 153 128 96 57 1909 212 157 187 548 400 148 99 55 150 135 1361 535 826 503 476 305
is_linear=0
shrinkage=0.05


Tree=108
num_leaves=31
num_cat=0
split_feature=6 0 0 1 0 2 1 6 5 4 5 5 8 2 2 2 0 0 2 4 3 1 4 1 6 0 7 0 3 2
split_gain=16303.4 6732.03 11337.8 5886.22 5666.89 6951.59 30334 22101.8 37579 24544.7 14601.1 7870.59 9475.25 19735.1 11012.5 24314.7 14800.7 21757.5 10185.4 9368.59 8515.88 9324.27 8127.17 7810.69 9078.74 8180.98 18550.3 21144.2 24160.5 20309.1
threshold=237.50000000000003 10.350000000000003 11.850000000000003 397.50000000000006 33.250000000000007 35.500000000000007 848.50000000000011 619.50000000000011 58.500000000000007 391.50000000000006 70.500000000000014 37.500000000000007 9.5000000000000018 46.500000000000007 62.500000000000007 65.500000000000014 21.750000000000004 16.250000000000004 37.500000000000007 955.50000000000011 22.500000000000004 468.50000000000006 860.50000000000011 262.50000000000006 319.50000000000006 16.450000000000003 11.500000000000002 14.950000000000001 20.500000000000004 64.500000000000014
decision_type=2 2 2 2 2 2 2 2 2 2 2 2 2 2 2 2 2 2 2 2 2 2 2 2 2 2 2 2 2 2
left_child=3 -2 -3 -1 5 6 7 8 -4 -10 -9 19 18 -14 20 -16 17 -17 -13 -7 21 -15 23 24 -20 26 -25 -28 -29 -30
right_child=1 2 4 -5 -6 11 -8 10 9 -11 -12 12 13 14 15 16 -18 -19 22 -21 -22 -23 -24 25 -26 -27 27 28 29 -31
leaf_value=-0.046131543143067402 0.89666328358650205 -0.77482376557130084 0.11936349793093969 0.6230752114996766 0.43744992037568614 -0.0015905338253619551 -1.5198633409208722 0.17197988365022909 -0.47893709248822669 -2.8432332632087527 1.3755266764097744 1.0988195334711384 -1.2399061893715579 -0.62317117449334436 -1.3734928665128914 -0.53505484874431908 -1.0068210923671723 1.3744402351549694 0.19444861585443671 1.0143456733745078 0.78102527299234947 0.49672234523587111 0.66416873599713044 -0.37411725363479209 1.1994142828803314 0.089803534069813298 0.020913304822122464 0.082983609006322678 1.0682135239243509 3.0416646881537006
leaf_weight=7696 25 39 111 33 109 1697 36 84 23 21 36 31 34 34 37 26 20 35 55 23 62 41 84 52 38 1359 61 29 32 22
leaf_count=7696 25 39 111 33 109 1697 36 84 23 21 36 31 34 34 37 26 20 35 55 23 62 41 84 52 38 1359 61 29 32 22
internal_value=-4.39866e-10 0.0785871 0.0737533 -0.0432743 0.081648 0.0721495 -0.155061 0.0236042 -0.370801 -1.60735 0.533044 0.0908829 0.157008 -0.108364 0.0425086 -0.31154 0.17355 0.560557 0.200509 0.0119947 0.347455 -0.0109627 0.18443 0.159978 0.60508 0.133357 0.435345 0.727651 1.24706 1.87221
internal_weight=11985 4256 4231 7729 4192 4083 311 275 155 44 120 3772 2052 289 255 118 81 61 1763 1720 137 75 1732 1648 93 1555 196 144 83 54
internal_count=11985 4256 4231 7729 4192 4083 311 275 155 44 120 3772 2052 289 255 118 81 61 1763 1720 137 75 1732 1648 93 1555 196 144 83 54
is_linear=0
shrinkage=0.05


Tree=109
num_leaves=31
num_cat=0
split_feature=4 1 2 6 6 1 6 2 1 1 6 7 0 3 6 6 8 4 1 1 1 3 6 8 2 2 6 6 3 6
split_gain=15025.8 6539.57 7704.3 6217.16 13139.5 25517.3 8698.88 13162 7913.11 8281.16 6445.99 8784.2 5881.21 5220.53 4512.97 5574.66 32928.6 12630.4 7226.66 4974.27 5362.4 91443.4 11544.8 8761.29 8662.99 16162.7 25115.8 13817.1 10785.2 8220.24
threshold=515.50000000000011 345.50000000000006 68.500000000000014 663.50000000000011 640.50000000000011 622.50000000000011 570.50000000000011 49.500000000000007 560.50000000000011 547.50000000000011 520.50000000000011 13.500000000000002 18.850000000000005 19.500000000000004 948.50000000000011 928.50000000000011 5.5000000000000009 892.50000000000011 893.50000000000011 920.50000000000011 858.50000000000011 31.500000000000004 881.50000000000011 4.5000000000000009 33.500000000000007 35.500000000000007 679.50000000000011 862.50000000000011 87.500000000000014 855.50000000000011
decision_type=2 2 2 2 2 2 2 2 2 2 2 2 2 2 2 2 2 2 2 2 2 2 2 2 2 2 2 2 2 2
left_child=3 2 -2 4 5 6 8 -8 9 10 -1 12 -12 -9 15 17 -17 19 -19 20 22 23 24 -22 28 26 -26 -27 -3 -25
right_child=1 14 -4 -5 -6 -7 7 13 -10 -11 11 -13 -14 -15 -16 16 -18 18 -20 -21 21 -23 -24 29 25 27 -28 -29 -30 -31
leaf_value=-0.032211778327397557 0.067449680309404028 0.26749976421395938 1.4063552263237182 0.65664356260588674 -1.3110636258125306 1.6001493101318678 -1.6340863874980383 -0.63330688465100071 0.79655561375206918 -0.97823937405710637 -0.70077718816697598 0.96966360478024738 0.47157648400120111 0.38932705518479149 0.49782221403674803 -1.5453242585514531 0.47400697859433988 1.0057258852723021 0.28792763581080361 0.78630127919216952 -0.59623876686753896 -2.9551236134309038 1.0626697770754496 1.1266404162560191 -2.1458070976393566 0.085080260260393448 0.32996787289157514 -1.0767104662381686 1.4957710075946082 0.18527099529764168
leaf_weight=9243 22 120 21 33 20 24 21 26 29 23 20 38 23 24 69 33 52 54 100 24 29 26 30 28 21 1630 20 26 21 135
leaf_count=9243 22 120 21 33 20 24 21 26 29 23 20 38 23 24 69 33 52 54 100 24 29 26 30 28 21 1630 20 26 21 135
internal_value=9.6729e-10 0.110135 0.721334 -0.0284588 -0.0308409 -0.0281374 -0.032274 -0.583633 -0.0280989 -0.0306574 -0.02832 0.415777 -0.0737043 -0.142443 0.0992655 0.0875582 -0.309969 0.102483 0.539623 0.070578 0.0623434 -0.172324 0.0897297 0.204513 0.0738493 0.0425597 -0.938112 0.0668396 0.450434 0.346979
internal_weight=11985 2461 43 9524 9491 9471 9447 71 9376 9347 9324 81 43 50 2418 2349 85 2264 154 2110 2086 218 1868 192 1838 1697 41 1656 141 163
internal_count=11985 2461 43 9524 9491 9471 9447 71 9376 9347 9324 81 43 50 2418 2349 85 2264 154 2110 2086 218 1868 192 1838 1697 41 1656 141 163
is_linear=0
shrinkage=0.05


Tree=110
num_leaves=31
num_cat=0
split_feature=1 0 6 1 4 1 0 6 6 1 0 5 2 4 3 4 7 6 6 5 0 5 2 2 1 1 5 7 0 5
split_gain=13752.3 6987.71 6612.15 10923.1 7407.16 11375.9 13765.9 9700.36 9055.7 7441.05 6426.98 12335.7 24667.1 32913.3 27870.3 27027.4 22619.7 15159.3 13561.9 12384.9 11081.2 17534.9 17685.3 13572.5 12541.9 9417.74 8984.13 5988.49 11242.6 16535.5
threshold=75.500000000000014 25.050000000000004 932.50000000000011 920.50000000000011 892.50000000000011 873.50000000000011 23.050000000000004 873.50000000000011 855.50000000000011 893.50000000000011 21.750000000000004 39.500000000000007 60.500000000000007 489.50000000000006 52.500000000000007 384.50000000000006 13.500000000000002 663.50000000000011 319.50000000000006 29.500000000000004 19.450000000000003 68.500000000000014 59.500000000000007 65.500000000000014 488.50000000000006 622.50000000000011 73.500000000000014 12.500000000000002 18.650000000000002 50.500000000000007
decision_type=2 2 2 2 2 2 2 2 2 2 2 2 2 2 2 2 2 2 2 2 2 2 2 2 2 2 2 2 2 2
left_child=-1 2 3 4 5 7 -7 8 10 -6 20 19 13 15 17 16 -13 -15 -18 -12 27 -22 24 -24 -23 26 -14 -2 -29 -30
right_child=1 -3 -4 -5 9 6 -8 -9 -10 -11 11 12 25 14 -16 -17 18 -19 -20 -21 21 22 23 -25 -26 -27 -28 28 29 -31
leaf_value=-0.04774635174413086 -0.10181664642839752 0.13773527145022721 -0.70923539284736892 1.0872318521762887 0.96131306188862509 -1.6379769929077317 0.13264033609912509 1.0396663720193116 -0.92018836404268556 -0.047368271423108649 -0.039727971981929511 0.25589944686208455 0.26222214562407997 -1.7740007421244746 -2.8343458579136778 0.9928516043084008 -0.56670205713737587 -0.041589212843350008 -2.3636511115800767 0.81968366944541549 0.068704403800945821 0.62056625575265467 -0.66977033792063601 0.71176214769482615 1.7951084505857491 0.99237466151515652 -0.96403212308883668 0.1294514765032567 0.31548981987962538 -0.85790192631826023
leaf_weight=6678 855 1874 31 24 41 23 21 23 26 33 331 35 59 23 26 35 21 28 21 48 391 51 32 40 41 30 20 1000 51 73
leaf_count=6678 855 1874 31 24 41 23 21 23 26 33 331 35 59 23 26 35 21 28 21 48 391 51 32 40 41 30 20 1000 51 73
internal_value=6.43423e-10 0.0600811 0.0176913 0.0243153 0.0167635 0.0056829 -0.79291 0.0164614 0.00919122 0.511496 0.0167166 -0.120139 -0.360835 -0.7063 -1.50207 -0.159207 -0.682869 -0.822873 -1.46518 0.0691157 0.0532798 0.25072 0.684672 0.0977477 1.144 0.238181 -0.048222 -0.00209127 0.0737675 -0.375297
internal_weight=11985 5307 3433 3402 3378 3304 44 3260 3237 74 3211 677 298 189 77 112 77 51 42 379 2534 555 164 72 92 109 79 1979 1124 124
internal_count=11985 5307 3433 3402 3378 3304 44 3260 3237 74 3211 677 298 189 77 112 77 51 42 379 2534 555 164 72 92 109 79 1979 1124 124
is_linear=0
shrinkage=0.05


Tree=111
num_leaves=31
num_cat=0
split_feature=4 1 2 6 6 1 6 1 2 1 6 7 5 0 6 6 8 4 1 6 3 1 5 3 2 2 5 3 8 6
split_gain=12672.5 6230.71 6661.08 5583.41 12035.1 23166 13889.1 9476.07 8743.03 7632.06 5759.78 7859 5341.62 5292.73 4191.58 4883.65 29040.9 10546.1 6019.15 4227.8 5566.6 85751.1 19114.9 16351.7 14561.2 12872.2 8740.7 9161.79 8749.17 9690.1
threshold=515.50000000000011 345.50000000000006 68.500000000000014 663.50000000000011 640.50000000000011 615.50000000000011 570.50000000000011 560.50000000000011 51.500000000000007 547.50000000000011 520.50000000000011 13.500000000000002 71.500000000000014 18.850000000000005 948.50000000000011 928.50000000000011 5.5000000000000009 892.50000000000011 893.50000000000011 917.50000000000011 31.500000000000004 858.50000000000011 98.500000000000014 87.500000000000014 30.500000000000004 39.500000000000007 48.500000000000007 4.5000000000000009 2.5000000000000004 604.50000000000011
decision_type=2 2 2 2 2 2 2 2 2 2 2 2 2 2 2 2 2 2 2 2 2 2 2 2 2 2 2 2 2 2
left_child=3 2 -2 4 5 6 7 9 -8 10 -1 13 -10 -12 15 17 -17 19 -19 20 26 22 24 -24 -22 -26 -3 28 -28 -30
right_child=1 14 -4 -5 -6 -7 8 -9 12 -11 11 -13 -14 -15 -16 16 -18 18 -20 -21 21 -23 23 -25 25 -27 27 -29 29 -31
leaf_value=-0.029573217045591623 0.089730411632494497 0.035083474325045917 1.3346908531018666 0.62311015201337416 -1.2536325192451478 1.276986354331979 -1.6313792133331297 0.92773566830616727 -0.92147860337387444 -0.9378252252288487 -0.66396082341670992 0.91780531712268543 0.18033972903239459 0.44819353741148249 0.47463680194771812 -1.4529631146427358 0.44341986844172843 0.91804995895535857 0.26295967020094396 0.68572029261677359 1.3737769143736882 -2.9407793693542481 -1.8629912407501885 0.022403088859889821 -0.78459463448096545 0.16389538544247412 1.4061341199874879 0.040049218416213991 -0.48580340018066076 0.55230812944292307
leaf_weight=9243 22 1126 21 33 20 34 20 26 22 23 20 38 22 23 69 33 52 54 100 27 23 25 23 23 39 432 25 175 26 166
leaf_count=9243 22 1126 21 33 20 34 20 26 22 23 20 38 22 23 69 33 52 54 100 27 23 25 23 23 39 432 25 175 26 166
internal_value=-6.66392e-10 0.101143 0.697734 -0.0261354 -0.0283928 -0.0258054 -0.0304992 -0.0254869 -0.764572 -0.0281384 -0.0258944 0.393899 -0.370569 -0.0690876 0.0905338 0.0792511 -0.292823 0.0932203 0.492667 0.0640664 0.0560085 -0.0779691 0.0545684 -0.920294 0.145345 0.085358 0.105875 0.30922 0.526293 0.411731
internal_weight=11985 2461 43 9524 9491 9471 9437 9373 64 9347 9324 81 44 43 2418 2349 85 2264 154 2110 2083 565 540 46 494 471 1518 392 217 192
internal_count=11985 2461 43 9524 9491 9471 9437 9373 64 9347 9324 81 44 43 2418 2349 85 2264 154 2110 2083 565 540 46 494 471 1518 392 217 192
is_linear=0
shrinkage=0.05


Tree=112
num_leaves=31
num_cat=0
split_feature=4 8 7 2 5 1 0 3 4 5 7 2 4 6 2 5 1 7 6 6 3 1 0 2 5 8 3 3 3 4
split_gain=11630.7 6625.75 9156.37 8279.84 13749.9 16403.7 7857.4 31115.1 14869.9 14360.8 16970.7 41039.8 18245.7 7217.45 7104.01 48216.2 37455.8 8922.85 16815.2 10029.6 8921.83 16195.1 44763.8 19969.1 12176.7 15682.9 10977.7 9428.4 8947.03 8255.5
threshold=62.500000000000007 2.5000000000000004 11.500000000000002 71.500000000000014 59.500000000000007 450.50000000000006 17.350000000000005 97.500000000000014 533.50000000000011 89.500000000000014 14.500000000000002 62.500000000000007 356.50000000000006 501.50000000000006 67.500000000000014 83.500000000000014 305.50000000000006 11.500000000000002 808.50000000000011 775.50000000000011 50.500000000000007 811.50000000000011 24.950000000000003 32.500000000000007 52.500000000000007 3.5000000000000004 44.500000000000007 66.500000000000014 96.500000000000014 664.50000000000011
decision_type=2 2 2 2 2 2 2 2 2 2 2 2 2 2 2 2 2 2 2 2 2 2 2 2 2 2 2 2 2 2
left_child=-1 2 -2 14 -5 -6 9 8 13 -4 11 -11 -12 -8 17 -16 -17 18 19 29 26 23 -23 -22 -25 -26 -19 -27 -29 -3
right_child=1 3 6 4 5 -7 7 -9 -10 10 12 -13 -14 -15 15 16 -18 20 -20 -21 21 22 -24 24 25 27 -28 28 -30 -31
leaf_value=-0.044739374698213333 -0.30945489907307538 -0.09129177967139919 -0.021285367268198113 0.10457605708518303 0.46006296117314333 1.9915633061528206 -0.03727458441843752 -1.5221807815526662 0.80306883566081533 0.14758348967880011 0.58483412198300633 2.9922151985622589 -1.1875536381267011 -1.1317963287234307 0.070332380426301883 -0.21925225399789358 -3.1714328904382207 0.09850926681794929 -1.3252254090309146 0.69296398280809335 1.5670243099331858 0.69074417315423497 -2.2801483619780769 0.070191801753731409 1.7130536869682116 1.4102914893627168 -0.79475136405655322 -0.46898573514772579 0.54252535685680925 0.39073254951865088
leaf_weight=6567 274 949 385 408 139 20 61 38 48 32 53 21 20 20 276 21 22 1990 25 48 36 32 21 196 29 20 35 32 69 98
leaf_count=6567 274 949 385 408 139 20 61 38 48 32 53 21 20 20 276 21 22 1990 25 48 36 32 21 196 29 20 35 32 69 98
internal_value=-2.83506e-10 0.0542273 -0.065532 0.0797559 0.258284 0.652705 0.0330446 -0.264702 0.105718 0.130351 0.593685 1.2747 0.0992484 -0.307527 0.053794 -0.172301 -1.72967 0.0739405 -0.0430469 -0.0137734 0.127203 0.332649 -0.486402 0.446287 0.329678 0.668741 0.0830702 0.418451 0.222047 -0.0461739
internal_weight=11985 5418 952 4466 567 159 678 167 129 511 126 53 73 81 3899 319 43 3580 1120 1095 2460 435 53 382 346 150 2025 121 101 1047
internal_count=11985 5418 952 4466 567 159 678 167 129 511 126 53 73 81 3899 319 43 3580 1120 1095 2460 435 53 382 346 150 2025 121 101 1047
is_linear=0
shrinkage=0.05


Tree=113
num_leaves=31
num_cat=0
split_feature=4 1 0 0 6 5 8 5 5 7 5 3 1 8 1 2 0 8 0 2 5 6 1 2 0 5 3 3 0 2
split_gain=10552.1 6344.22 7085.19 9879.49 9509.43 6730.39 12538.4 10238.2 15772.1 32411 12479.1 6267.84 5507.4 10878.1 9083.49 8399.06 8114.34 5392.08 16435.6 42194.7 37183.5 29237.7 10866.5 10520.6 25936.6 21215.6 32555.4 15592.4 12587.7 17357.6
threshold=214.50000000000003 181.50000000000003 15.850000000000003 10.250000000000002 173.50000000000003 2.5000000000000004 10.500000000000002 81.500000000000014 64.500000000000014 13.500000000000002 53.500000000000007 74.500000000000014 232.50000000000003 10.500000000000002 379.50000000000006 68.500000000000014 21.050000000000004 4.5000000000000009 23.750000000000004 53.500000000000007 74.500000000000014 742.50000000000011 468.50000000000006 59.500000000000007 17.250000000000004 76.500000000000014 19.500000000000004 97.500000000000014 19.050000000000004 40.500000000000007
decision_type=2 2 2 2 2 2 2 2 2 2 2 2 2 2 2 2 2 2 2 2 2 2 2 2 2 2 2 2 2 2
left_child=12 -2 3 -3 -4 -5 7 8 10 -10 -7 -9 -1 14 15 16 -14 18 22 20 -20 -22 -6 27 -25 -26 -27 28 29 -24
right_child=1 2 4 5 17 6 -8 11 9 -11 -12 -13 13 -15 -16 -17 -18 -19 19 -21 21 -23 23 24 25 26 -28 -29 -30 -31
leaf_value=-0.040986619925429957 0.53724457107592316 0.7866547586662429 0.87451814743312628 0.16062128778208387 -0.14511296926987552 -0.31262736154482673 -1.0041902887133451 0.0011442926465248576 -2.5389378200877797 0.17512284544381229 0.80509651968876528 0.94990318616231295 1.4428279763885907 1.231108991622925 -0.85813757351466602 -0.46702306500890045 0.097005922098954533 0.11382178649480992 0.30751843464152873 -2.4978041331876408 -2.4768111907518828 -0.10560165001795843 -1.2259671149345546 0.98188803059359397 -0.044535480722701748 -0.10260226896830969 -2.7069033123198012 1.1985365001691712 0.54235126738184403 0.13523705495773988
leaf_weight=7470 69 28 37 110 417 149 52 49 22 22 30 27 21 25 21 22 24 2431 121 22 26 26 26 48 179 28 21 45 181 236
leaf_count=7470 69 28 37 110 417 149 52 49 22 22 30 27 21 25 21 22 24 2431 121 22 26 26 26 48 179 28 21 45 181 236
internal_value=2.7509e-10 0.0615766 0.0540019 -0.12526 0.0768061 -0.180648 -0.287598 -0.162973 -0.333778 -1.18191 -0.125299 0.338203 -0.0357458 0.310707 0.0492288 0.333627 0.725056 0.0690532 -0.0100402 -0.435306 -0.173023 -1.29121 0.0601773 0.172227 -0.0744893 -0.296885 -1.21873 0.311763 0.221685 0.000155725
internal_weight=11985 4402 4333 489 3844 461 351 299 223 44 179 76 7583 113 88 67 45 3807 1376 195 173 52 1181 764 276 228 49 488 443 262
internal_count=11985 4402 4333 489 3844 461 351 299 223 44 179 76 7583 113 88 67 45 3807 1376 195 173 52 1181 764 276 228 49 488 443 262
is_linear=0
shrinkage=0.05


Tree=114
num_leaves=31
num_cat=0
split_feature=4 1 3 2 1 2 0 0 5 5 2 2 3 1 1 1 1 1 1 4 0 0 3 0 1 2 7 8 3 5
split_gain=9578.06 5907.8 7655.15 29057.3 75810.1 19655.7 21358.1 32101.2 27855.3 11556.3 10857.7 9646.9 12320.2 10182.5 8331.18 7843 10796.1 10480.3 14164.9 6835.48 9964.95 23057.8 11959.9 12417.9 12489.3 9410.89 9972.42 6769.64 6589.67 9337.44
threshold=515.50000000000011 471.50000000000006 44.500000000000007 39.500000000000007 720.50000000000011 57.500000000000007 19.750000000000004 17.250000000000004 55.500000000000007 46.500000000000007 60.500000000000007 48.500000000000007 88.500000000000014 816.50000000000011 735.50000000000011 663.50000000000011 684.50000000000011 631.50000000000011 615.50000000000011 569.50000000000011 26.050000000000004 26.950000000000003 28.500000000000004 25.050000000000004 735.50000000000011 54.500000000000007 13.500000000000002 6.5000000000000009 68.500000000000014 49.500000000000007
decision_type=2 2 2 2 2 2 2 2 2 2 2 2 2 2 2 2 2 2 2 2 2 2 2 2 2 2 2 2 2 2
left_child=-1 28 9 4 -4 11 7 -7 -9 -3 -8 12 -5 -13 -12 17 -17 18 -11 -18 22 -22 23 24 -21 26 -26 -23 -2 -30
right_child=1 2 3 5 -6 6 10 8 -10 15 14 13 -14 -15 -16 16 19 -19 -20 20 21 27 -24 -25 25 -27 -28 -29 29 -31
leaf_value=-0.022721441407134585 -0.091060376750386293 0.032290715791330901 0.18815448948970209 -1.0872500668466092 -3.482596357844093 0.30507940200698236 -0.82702963590621958 -0.64893214464187621 -3.1190832646120166 0.6147596453075056 0.02826543301343918 0.47785641283474184 0.49469359554350378 1.7032054466860638 1.1413259958398754 -0.91584711372852334 -0.56783734261989594 1.2116649005486042 -0.87110496968030926 1.0005784245000946 -1.5755223530530931 0.90501776576042181 1.396999983840129 1.5298137617111207 -1.3546278787695845 0.32735867927471801 0.15240624684485651 0.058491763566528354 0.28808714764891191 1.3341424431651832
leaf_weight=9524 46 1381 39 20 22 31 20 25 21 81 40 88 32 21 29 21 24 49 20 36 20 30 34 20 23 60 21 111 64 32
leaf_count=9524 46 1381 39 20 22 31 20 25 21 81 40 88 32 21 29 21 24 49 20 36 20 30 34 20 23 60 21 111 64 32
internal_value=8.51459e-11 0.0879313 0.0687614 -0.1339 -1.13572 0.052984 -0.328784 -0.938527 -1.77661 0.109483 0.198747 0.446608 -0.113746 0.713933 0.496073 0.303305 0.187681 0.611633 0.320529 0.248827 0.304038 0.0132464 0.545364 0.364392 0.197903 -0.0799461 -0.635362 0.238604 0.400995 0.636772
internal_weight=11985 2461 2319 388 61 327 166 77 46 1931 89 161 52 109 69 550 400 150 101 379 355 161 194 160 140 104 44 141 142 96
internal_count=11985 2461 2319 388 61 327 166 77 46 1931 89 161 52 109 69 550 400 150 101 379 355 161 194 160 140 104 44 141 142 96
is_linear=0
shrinkage=0.05


Tree=115
num_leaves=31
num_cat=0
split_feature=0 5 3 3 2 2 4 1 6 1 8 5 4 7 4 6 0 5 5 5 5 3 2 8 4 6 5 8 7 0
split_gain=9406.28 9989.51 8617.53 18459.5 10969.1 13969.4 8197.28 7282 9057.17 6725.22 6507.3 6500.49 4289.97 6584.99 9456.25 14276 14892.9 19277.7 11053.5 8225.15 19512.5 14358.6 7249.72 9058.55 11799 13958.8 13809.5 13587.2 13076 11721.7
threshold=26.650000000000002 48.500000000000007 96.500000000000014 56.500000000000007 27.500000000000004 37.500000000000007 871.50000000000011 932.50000000000011 920.50000000000011 886.50000000000011 5.5000000000000009 38.500000000000007 391.50000000000006 14.500000000000002 699.50000000000011 640.50000000000011 23.850000000000005 69.500000000000014 46.500000000000007 83.500000000000014 61.500000000000007 5.5000000000000009 60.500000000000007 4.5000000000000009 411.50000000000006 404.50000000000006 99.500000000000014 2.5000000000000004 12.500000000000002 16.850000000000005
decision_type=2 2 2 2 2 2 2 2 2 2 2 2 2 2 2 2 2 2 2 2 2 2 2 2 2 2 2 2 2 2
left_child=7 6 3 4 -3 -6 10 8 12 -8 -2 -9 -1 22 15 19 17 -17 -16 20 -15 -21 -14 24 -24 -26 27 28 -27 -29
right_child=1 2 -4 -5 5 -7 9 11 -10 -11 -12 -13 13 14 18 16 -18 -19 -20 21 -22 -23 23 -25 25 26 -28 29 -30 -31
leaf_value=-0.035626979494442872 -0.687115146570346 -0.77147733966509513 1.0293716647686102 -1.1567116905342449 1.5686292735238871 0.31577195709113215 1.180258876898072 0.040113509135941666 -1.0586361851011004 0.24414106724659601 0.014661482132932783 1.2299981176853181 0.020781262911924194 -0.10945821610241897 0.017759786603056781 -1.2927695414712352 -1.8960421134125103 0.4312153948799653 0.99826212956717153 0.44321917777969722 1.048475675357551 -1.1784397721290589 1.1565642136594523 0.49620529754638609 0.90487054075513562 -1.4905007640902814 -1.3293186446894771 1.313136406175115 -0.076194224879145622 0.050736602415729852
leaf_weight=8075 34 21 39 22 24 305 22 24 21 150 1161 22 890 323 118 31 22 34 38 21 41 39 23 223 35 26 23 22 44 112
leaf_count=8075 34 21 39 22 24 305 22 24 21 150 1161 22 890 323 118 31 22 34 38 21 41 39 23 223 35 26 23 22 44 112
internal_value=1.01238e-09 0.106131 0.322273 0.248142 0.336447 0.407166 0.0411462 -0.0184874 -0.021329 0.363877 -0.00530538 0.609189 -0.0191807 0.0451309 -0.0841333 -0.188154 -0.77158 -0.390993 0.2566 -0.0684412 0.0209684 -0.610859 0.106804 0.257513 0.0707475 -0.0245722 -0.167878 -0.0369317 -0.601508 0.257996
internal_weight=11985 1778 411 372 350 329 1367 10207 10161 172 1195 46 10140 2065 667 511 87 65 156 424 364 60 1398 508 285 262 227 204 70 134
internal_count=11985 1778 411 372 350 329 1367 10207 10161 172 1195 46 10140 2065 667 511 87 65 156 424 364 60 1398 508 285 262 227 204 70 134
is_linear=0
shrinkage=0.05


Tree=116
num_leaves=31
num_cat=0
split_feature=0 5 3 2 1 0 1 4 5 5 3 6 1 6 5 4 2 3 0 0 5 6 6 5 4 3 3 6 6 5
split_gain=8523.26 10147.8 12611.9 14148.9 8909.78 8822.37 6596.4 6079.43 5866.69 5788.32 12089.6 11386.4 13165.9 5428.31 5320.82 5098.6 7239.92 14100.4 15552.7 10555.2 8465.45 8335.93 8043.19 6687.92 6347.73 5698.24 4938.84 15664.2 4374.41 3729.23
threshold=26.250000000000004 36.500000000000007 86.500000000000014 24.500000000000004 585.50000000000011 33.650000000000013 932.50000000000011 892.50000000000011 38.500000000000007 70.500000000000014 50.500000000000007 684.50000000000011 508.50000000000006 910.50000000000011 22.500000000000004 763.50000000000011 52.500000000000007 1.0000000180025095e-35 23.050000000000004 21.850000000000005 29.500000000000004 825.50000000000011 873.50000000000011 8.5000000000000018 754.50000000000011 22.500000000000004 37.500000000000007 646.50000000000011 808.50000000000011 57.500000000000007
decision_type=2 2 2 2 2 2 2 2 2 2 2 2 2 2 2 2 2 2 2 2 2 2 2 2 2 2 2 2 2 2
left_child=6 7 3 -3 -4 9 13 26 -8 10 29 12 -11 15 -9 24 23 18 -18 21 -21 25 -23 -17 -1 -19 -2 -28 -25 -5
right_child=1 2 4 5 -6 -7 8 14 -10 11 -12 -13 -14 -15 -16 16 17 19 -20 20 -22 22 -24 28 -26 -27 27 -29 -30 -31
leaf_value=-0.024279667540615897 -0.023188519570622956 -1.112205707955928 0.30783765962114562 0.11798396346954786 1.4877332631498577 1.2395363351702691 0.038107832583288356 0.53681064521850541 1.1684982229362835 0.32072646938164934 -1.0806789726018906 -0.140812054757149 2.0577313083410265 -0.60269736185669898 -0.21841382123529912 0.15077298863937982 0.082945647734132683 -0.406838644189494 -1.8435671055316925 0.12706471346545875 1.1629813299367304 -1.3131684527772924 0.040265160515194853 0.42147009053400586 -0.87457248338244187 0.46171501746465426 0.31298049921945981 -1.5569030245145163 1.297641499289151 0.45018621098080819
leaf_weight=9533 922 21 32 576 32 20 24 86 22 24 20 31 20 40 32 76 22 28 20 41 38 23 21 28 22 58 24 21 29 99
leaf_count=9533 922 21 32 576 32 20 24 86 22 24 20 31 20 40 32 76 22 28 20 41 38 23 21 28 22 58 24 21 29 99
internal_value=2.09078e-11 0.0953604 0.222049 0.168724 0.897785 0.202774 -0.018644 -0.00680809 0.578729 0.175845 0.130811 0.593159 1.11027 -0.0213977 0.332004 -0.0190583 0.15958 0.00154219 -0.834441 0.169539 0.625354 -0.107456 -0.667212 0.457831 -0.0262374 0.17893 -0.0481523 -0.559632 0.867242 0.166707
internal_weight=11985 1960 875 811 64 790 10025 1085 46 770 695 75 44 9979 118 9939 384 251 42 209 79 130 44 133 9555 86 967 45 57 675
internal_count=11985 1960 875 811 64 790 10025 1085 46 770 695 75 44 9979 118 9939 384 251 42 209 79 130 44 133 9555 86 967 45 57 675
is_linear=0
shrinkage=0.05


Tree=117
num_leaves=31
num_cat=0
split_feature=4 0 6 1 4 6 6 0 5 1 1 5 6 2 1 0 8 3 3 5 6 4 6 6 2 5 2 1 4 1
split_gain=8015.9 5492.19 5851.92 8447.17 5639.38 10234.9 12184.3 6372.1 19991.2 7981.06 5848.88 5676.4 21386 21774.7 29195.6 18029.7 27139.9 17668.5 13142 13039.1 16976.8 20388 15518.6 11214 20489 9565 23540 11268.2 7333.24 12401.9
threshold=1.5000000000000002 25.050000000000004 932.50000000000011 920.50000000000011 892.50000000000011 862.50000000000011 878.50000000000011 24.750000000000004 58.500000000000007 865.50000000000011 893.50000000000011 80.500000000000014 660.50000000000011 62.500000000000007 797.50000000000011 22.050000000000004 4.5000000000000009 16.500000000000004 31.500000000000004 99.500000000000014 445.50000000000006 384.50000000000006 505.50000000000006 600.50000000000011 57.500000000000007 77.500000000000014 63.500000000000007 465.50000000000006 248.50000000000003 360.50000000000006
decision_type=2 2 2 2 2 2 2 2 2 2 2 2 2 2 2 2 2 2 2 2 2 2 2 2 2 2 2 2 2 2
left_child=-1 2 3 4 5 7 -7 9 -9 11 -6 25 15 14 17 19 -17 -14 -18 20 -13 -22 28 24 -24 -2 27 -27 -21 -30
right_child=1 -3 -4 -5 10 6 -8 8 -10 -11 -12 12 13 -15 -16 16 18 -19 -20 22 21 -23 23 -25 -26 26 -28 -29 29 -31
leaf_value=-0.043081974169744824 -0.0079041210879297382 0.10633558220321525 -0.67791023513963156 0.94694561342863981 0.83767466385190081 -1.5210657527049385 -0.082040231264545585 0.10817016561961044 -1.7536518040290545 1.0126041853427887 -0.05660515445651431 0.14579894522297707 0.93698933510868643 -0.30127276001554548 -0.3055691030892459 -2.1951898986981675 0.74448164162070807 2.7296186987842836 -0.99094639882445346 -0.089631249751683392 2.1160467024202698 0.37810410221417745 -0.25424363704828118 0.05782224392068798 -2.3540704698789692 1.0334357869057429 -1.5555489496711423 -0.58580406145616015 0.94989896317323064 -0.014746850557710934
leaf_weight=5680 2954 2038 31 24 41 24 38 46 21 20 33 221 27 33 22 22 24 28 20 272 27 45 26 29 21 21 34 22 54 87
leaf_count=5680 2954 2038 31 24 41 24 38 46 21 20 33 221 27 33 22 22 24 28 20 272 27 45 26 29 21 21 34 22 54 87
internal_value=-6.94442e-10 0.0388114 0.00656051 0.0115696 0.00623984 -0.00149697 -0.639082 0.00820133 -0.475386 0.0162832 0.438874 0.0112879 0.11738 0.773305 1.23384 0.0322958 -0.761296 1.8496 -0.0443493 0.0992742 0.363036 1.02983 -0.0587671 -0.715381 -1.19246 -0.0222445 -0.572392 0.204987 0.0620626 0.354692
internal_weight=11985 6305 4267 4236 4212 4138 62 4076 67 4009 74 3989 958 110 77 848 66 55 44 782 293 72 489 76 47 3031 77 43 413 141
internal_count=11985 6305 4267 4236 4212 4138 62 4076 67 4009 74 3989 958 110 77 848 66 55 44 782 293 72 489 76 47 3031 77 43 413 141
is_linear=0
shrinkage=0.05


Tree=118
num_leaves=31
num_cat=0
split_feature=4 5 0 2 1 6 1 7 0 8 3 0 4 0 6 0 2 4 5 3 4 3 0 1 3 6 6 6 6 4
split_gain=7234.35 4976.77 9615.36 11251.1 34402.5 29361.8 24928.9 10784.4 8124.16 14319.9 15053.5 12166.9 12221.9 11489.7 11249.8 20202.3 38700 53323.2 28782.3 15317.5 9717.82 9508.07 23138.6 17406.2 24217.6 14397.5 13863.3 11132.8 29503.3 16465.7
threshold=1.5000000000000002 37.500000000000007 33.650000000000013 35.500000000000007 834.50000000000011 619.50000000000011 585.50000000000011 12.500000000000002 24.450000000000003 6.5000000000000009 16.500000000000004 25.850000000000005 474.50000000000006 26.550000000000004 873.50000000000011 22.450000000000003 60.500000000000007 489.50000000000006 69.500000000000014 1.0000000180025095e-35 462.50000000000006 27.500000000000004 19.850000000000005 417.50000000000006 71.500000000000014 412.50000000000006 758.50000000000011 726.50000000000011 758.50000000000011 562.50000000000011
decision_type=2 2 2 2 2 2 2 2 2 2 2 2 2 2 2 2 2 2 2 2 2 2 2 2 2 2 2 2 2 2
left_child=-1 -2 3 4 5 6 -3 -7 14 10 11 12 -10 -13 15 21 17 19 -19 -17 -12 27 26 25 -25 -24 -23 29 -29 -5
right_child=1 2 -4 8 -6 7 -8 -9 9 -11 20 13 -14 -15 -16 16 -18 18 -20 -21 -22 22 23 24 -26 -27 -28 28 -30 -31
leaf_value=-0.040927874335238687 -0.0096957400042086868 -0.1715660078624307 1.172242722697556 -0.06609731526108234 -2.1629352482882416 0.056589660372423092 -2.1313605272769927 1.4760052733123303 -0.0078075985545697424 0.11082734517903642 0.3804366239092567 -1.1071339154243469 1.4845530375509579 0.24552623688766403 0.75576939869810034 0.68270459804270001 0.30247687895395114 -3.8911853605508804 -1.2087274992465975 -0.88358088679410318 1.6830678530582568 0.11463503055802156 0.60177149953449094 0.37405182875692849 2.103294162088778 -0.95394996091723439 -1.0377625862757365 -2.1607433058998802 0.036484633952379227 0.59981008203256703
leaf_weight=5680 3004 86 20 801 22 23 20 32 23 693 22 20 34 73 54 27 89 20 20 37 41 781 58 40 41 20 27 22 50 105
leaf_count=5680 3004 86 20 801 22 23 20 32 23 693 22 20 34 73 54 27 89 20 20 37 41 781 58 40 41 20 27 22 50 105
internal_value=-4.56492e-11 0.0368708 0.0792476 0.072585 -0.308376 -0.0549575 -0.541339 0.882431 0.0950885 0.221032 0.579584 0.307173 0.882372 -0.0453684 0.0430335 0.0250318 -0.462887 -1.11786 -2.54996 -0.222804 1.22818 0.0734474 0.184624 0.73598 1.24935 0.202869 0.0761267 -0.0364785 -0.634891 0.0110774
internal_weight=11985 6305 3301 3281 183 161 106 55 3098 906 213 150 57 93 2192 2138 193 104 40 64 63 1945 967 159 81 78 808 978 72 906
internal_count=11985 6305 3301 3281 183 161 106 55 3098 906 213 150 57 93 2192 2138 193 104 40 64 63 1945 967 159 81 78 808 978 72 906
is_linear=0
shrinkage=0.05


Tree=119
num_leaves=31
num_cat=0
split_feature=0 3 3 5 0 0 1 1 6 6 6 4 6 6 4 6 4 0 6 6 6 1 1 4 1 4 4 5 2 7
split_gain=6852.62 10489 7335.48 4704.66 6014.58 4208.91 4874.1 3874.43 12418.7 7952.24 5387.31 3893.83 11707.5 49960.5 16483.5 10687.7 9573.71 6061.57 5843.87 11227.4 9480.28 4832.8 14924.5 4763.37 3824.28 7590.16 3767.07 7430.77 17906.8 16774.7
threshold=29.450000000000003 51.500000000000007 32.500000000000007 7.5000000000000009 33.650000000000013 31.350000000000005 848.50000000000011 932.50000000000011 928.50000000000011 940.50000000000011 917.50000000000011 892.50000000000011 862.50000000000011 873.50000000000011 829.50000000000011 834.50000000000011 800.50000000000011 24.050000000000004 825.50000000000011 816.50000000000011 808.50000000000011 844.50000000000011 821.50000000000011 926.50000000000011 878.50000000000011 833.50000000000011 650.50000000000011 42.500000000000007 40.500000000000007 15.500000000000002
decision_type=2 2 2 2 2 2 2 2 2 2 2 2 2 2 2 2 2 2 2 2 2 2 2 2 2 2 2 2 2 2
left_child=7 2 3 -2 5 6 -5 8 10 -9 11 12 15 -14 -15 18 -17 -18 19 20 21 22 26 -13 -7 -26 -1 -28 -29 -30
right_child=1 -3 -4 4 -6 24 -8 9 -10 -11 -12 23 13 14 -16 16 17 -19 -20 -21 -22 -23 -24 -25 25 -27 27 28 29 -31
leaf_value=-0.020560930966684002 -0.074733861028037682 1.1050229479869207 -0.70696032135574916 0.14851074610322493 0.82752979450548692 0.13909033819009328 0.55178878123227226 1.0474773411567395 -1.0121035433584644 -0.12174483971162275 0.80992989152669903 0.57878342422388374 -2.7848616433143616 0.96055447212580969 -0.6223026818350742 1.5238501954078676 -0.23056892116864522 0.83551930598914625 -0.86748723149299622 0.95391211651265628 -0.91751712190693824 -0.66828673226492752 1.2904076471924784 -0.19502888441085817 -1.1423098063468933 0.0038494545106704421 -0.0085632279735377102 -0.79448078929313592 0.78464763841646556 -0.70349701697176159
leaf_weight=10016 208 27 27 268 36 131 104 26 31 33 20 59 20 29 38 20 30 24 20 30 29 28 22 30 20 52 421 28 136 22
leaf_count=10016 208 27 27 268 36 131 104 26 31 33 20 59 20 29 38 20 30 24 20 30 29 28 22 30 20 52 421 28 136 22
internal_value=2.91534e-10 0.134886 0.103925 0.130657 0.200577 0.161325 0.261255 -0.0105972 -0.0127542 0.393506 -0.00994352 -0.0114339 -0.0141202 -0.591824 0.0628146 -0.00947762 0.589357 0.243248 -0.0135991 -0.0120078 -0.0147155 -0.0122624 -0.0105368 0.317948 -0.021799 -0.314528 -0.0132311 0.107718 0.370912 0.577438
internal_weight=11985 873 846 819 611 575 372 11112 11053 59 11022 11002 10913 87 67 10826 74 54 10752 10732 10702 10673 10645 89 203 72 10623 607 186 158
internal_count=11985 873 846 819 611 575 372 11112 11053 59 11022 11002 10913 87 67 10826 74 54 10752 10732 10702 10673 10645 89 203 72 10623 607 186 158
is_linear=0
shrinkage=0.05


Tree=120
num_leaves=31
num_cat=0
split_feature=1 0 3 3 4 4 3 1 4 5 6 4 6 6 1 1 0 2 4 8 4 1 5 6 1 4 5 5 8 8
split_gain=6203.36 4420.89 5281.02 14177.2 11829.1 12837.9 11514.9 22267.9 12258.4 11475.3 42841.8 12983.3 10069.6 9297.12 8886.34 6475.94 8489.92 12648.9 10885.9 6079.66 6749.21 6281.54 19807.9 5645.32 5622.6 5548.33 8138.39 5418.81 4877.21 14185.6
threshold=1.0000000180025095e-35 25.050000000000004 74.500000000000014 66.500000000000014 480.50000000000006 283.50000000000006 92.500000000000014 397.50000000000006 584.50000000000011 99.500000000000014 468.50000000000006 214.50000000000003 932.50000000000011 161.50000000000003 920.50000000000011 693.50000000000011 22.150000000000002 43.500000000000007 428.50000000000006 3.5000000000000004 509.50000000000006 324.50000000000006 67.500000000000014 213.50000000000003 720.50000000000011 320.50000000000006 79.500000000000014 47.500000000000007 3.5000000000000004 4.5000000000000009
decision_type=2 2 2 2 2 2 2 2 2 2 2 2 2 2 2 2 2 2 2 2 2 2 2 2 2 2 2 2 2 2
left_child=-1 2 3 12 5 13 7 -4 -9 15 11 23 14 -5 -2 16 19 -18 -19 21 25 -8 27 -11 -10 26 -21 -23 -3 -30
right_child=1 28 6 4 -6 -7 9 8 24 10 -12 -13 -14 -15 -16 -17 17 18 -20 20 -22 22 -24 -25 -26 -27 -28 -29 29 -31
leaf_value=-0.038417034668328617 -0.0051610853808517149 0.60905131292839854 0.0085749872221990864 -0.072007291987538344 -1.4428392068545026 0.54740780016471602 0.18000345121483718 1.7202621891691878 0.17400748133659363 0.034080253281247093 -1.828894454240799 0.86428885863799809 -0.95075846872891168 -1.5965663222223521 1.0267270330162277 0.792791148929885 0.42591622614860536 -0.20593826671441398 -1.8358723058551552 0.17304057464934886 0.86967025461296243 -0.20009390381093209 -1.6440853522582488 -0.88312388074398052 1.2196093012392522 -0.30784012286401374 1.2596837836362067 0.69288802613382761 -0.67449939483155807 0.10610241204750182
leaf_weight=5599 3222 45 135 20 30 29 175 37 36 51 38 38 28 20 21 33 25 21 20 96 48 65 22 25 20 41 21 23 60 1941
leaf_count=5599 3222 45 135 20 30 29 175 37 36 51 38 38 28 20 21 33 25 21 20 96 48 65 22 25 20 41 21 23 60 1941
internal_value=-2.61063e-10 0.0336826 0.00511863 -0.0244721 -0.613958 -0.253575 0.107923 0.418701 1.01404 0.0124284 -0.374967 0.109675 -0.00663069 -0.834287 0.00152089 0.112232 0.0719116 -0.460519 -1.00103 0.143481 0.350427 -0.00610159 -0.302178 -0.267632 0.547437 0.192682 0.368079 0.0332991 0.0942728 0.0826961
internal_weight=11985 6386 4340 3370 99 69 970 228 93 742 152 114 3271 40 3243 590 557 66 41 491 206 285 110 76 56 158 117 88 2046 2001
internal_count=11985 6386 4340 3370 99 69 970 228 93 742 152 114 3271 40 3243 590 557 66 41 491 206 285 110 76 56 158 117 88 2046 2001
is_linear=0
shrinkage=0.05


Tree=121
num_leaves=31
num_cat=0
split_feature=0 3 2 5 5 8 4 1 6 6 6 4 6 6 4 6 4 0 6 6 6 0 2 1 1 6 4 4 6 1
split_gain=5762.18 9717.7 6832.28 8206.62 4934.4 4709.47 4501.92 3433.08 10870.2 6581.44 4799.35 3376.09 10516.3 44859.6 15050.9 9490.31 8609.03 5476.11 5279.87 10037 8775.34 4656.49 4833.69 4372.55 13275.7 3365.55 16793.6 5862.87 4600.48 16517.4
threshold=29.450000000000003 51.500000000000007 24.500000000000004 59.500000000000007 7.5000000000000009 6.5000000000000009 915.50000000000011 932.50000000000011 928.50000000000011 940.50000000000011 917.50000000000011 892.50000000000011 862.50000000000011 873.50000000000011 829.50000000000011 834.50000000000011 800.50000000000011 24.050000000000004 825.50000000000011 816.50000000000011 808.50000000000011 24.250000000000004 60.500000000000007 844.50000000000011 821.50000000000011 783.50000000000011 728.50000000000011 808.50000000000011 726.50000000000011 717.50000000000011
decision_type=2 2 2 2 2 2 2 2 2 2 2 2 2 2 2 2 2 2 2 2 2 2 2 2 2 2 2 2 2 2
left_child=7 2 -2 4 6 -6 -4 8 10 -9 11 12 15 -14 -15 18 -17 -18 19 20 23 22 -13 24 25 28 -27 -28 -1 -30
right_child=1 -3 3 -5 5 -7 -8 9 -10 -11 -12 21 13 14 -16 16 17 -19 -20 -21 -22 -23 -24 -25 -26 26 27 -29 29 -31
leaf_value=-0.0095056691006096209 -0.77571262703700505 1.0574767238563962 -0.2366381137127597 0.83474799565186641 0.48932270851400167 0.095879573970577878 0.37917813341029816 0.96561523836392638 -0.94672070760880755 -0.098069433009985718 0.76472274303436283 1.0753114342689514 -2.6386236298084262 0.91760846510015692 -0.59490075472154114 1.4418292713165284 -0.2228954248627027 0.79040168200929961 -0.82414830088615421 0.90228335698445639 -0.8821453320569006 -0.23763611848865238 0.1703020398815473 -0.63520205851112099 1.2174267151139 1.3514398868267354 -0.75667210221290593 0.31571962394966535 0.41798158281523251 -0.50165117891159594
leaf_weight=10310 22 27 169 38 90 491 36 26 31 33 20 25 20 29 38 20 30 24 20 30 29 28 36 28 22 26 25 26 69 167
leaf_count=10310 22 27 169 38 90 491 36 26 31 33 20 25 20 29 38 20 30 24 20 30 29 28 36 28 22 26 25 26 69 167
internal_value=4.68408e-10 0.12369 0.093888 0.117105 0.0824103 0.156826 -0.128495 -0.00971752 -0.011748 0.370673 -0.00911835 -0.0105251 -0.0130264 -0.560552 0.0597674 -0.00862634 0.555667 0.227459 -0.0125101 -0.0109975 -0.0135576 0.296178 0.541208 -0.0111975 -0.0095562 -0.0120973 0.317264 -0.209963 -0.014502 -0.232775
internal_weight=11985 873 846 824 786 581 205 11112 11053 59 11022 11002 10913 87 67 10826 74 54 10752 10732 10702 89 61 10673 10645 10623 77 51 10546 236
internal_count=11985 873 846 824 786 581 205 11112 11053 59 11022 11002 10913 87 67 10826 74 54 10752 10732 10702 89 61 10673 10645 10623 77 51 10546 236
is_linear=0
shrinkage=0.05


Tree=122
num_leaves=31
num_cat=0
split_feature=4 5 4 0 2 1 3 3 4 2 4 2 6 2 4 4 6 1 6 4 6 0 2 0 7 4 5 4 5 0
split_gain=5442.54 4207.93 7912.15 7607.05 9922.98 31080.9 34082.1 31126 15166.7 12771.3 15020.3 7543.56 17517.3 8375.49 6196.04 5378.49 5491.12 5112.31 5003.7 15598.9 8505.76 5898.74 7076.9 9721.96 8100.21 6859.71 5475.82 10722.3 10202.5 10064.3
threshold=1.0000000180025095e-35 37.500000000000007 955.50000000000011 33.650000000000013 35.500000000000007 745.50000000000011 21.500000000000004 82.500000000000014 403.50000000000006 32.500000000000007 462.50000000000006 38.500000000000007 538.50000000000011 39.500000000000007 850.50000000000011 833.50000000000011 906.50000000000011 906.50000000000011 808.50000000000011 714.50000000000011 825.50000000000011 15.250000000000002 66.500000000000014 14.750000000000002 12.500000000000002 395.50000000000006 97.500000000000014 654.50000000000011 88.500000000000014 18.850000000000005
decision_type=2 2 2 2 2 2 2 2 2 2 2 2 2 2 2 2 2 2 2 2 2 2 2 2 2 2 2 2 2 2
left_child=-1 2 -2 4 5 7 -7 9 -9 10 -3 12 -6 -13 15 16 18 -16 21 -20 -21 22 23 -15 -25 -24 28 -28 -23 -30
right_child=1 3 -4 -5 11 6 -8 8 -10 -11 -12 13 -14 14 17 -17 -18 -19 19 20 -22 26 25 24 -26 -27 27 -29 29 -31
leaf_value=-0.036020340182282791 -0.019006409812041276 -0.80809547979798591 0.79702042420705166 1.0424596136808395 -0.22796088669981276 -0.12938956022262574 -2.9812721943855287 0.19364458592165085 2.0521673689717832 -1.386283753009943 0.64653449025537291 -0.78758901006409099 1.3128654409677556 -0.12428858381518651 0.85621623351522114 -0.55710994899272925 0.74838362932205205 0.1325954346371313 -1.2787044106051326 0.97528219968080521 -0.16241482975690261 0.12991994823644701 -0.0077324803198488175 -1.7151489374041557 -0.3091481764401709 0.74435637137469124 -0.089088954817358873 0.87143183754336462 1.0769646652877845 0.060659327180612656
leaf_weight=5593 3018 36 30 20 35 22 20 21 23 26 35 28 39 147 46 34 30 52 28 20 92 1641 280 20 21 34 463 31 58 42
leaf_count=5593 3018 36 30 20 35 22 20 21 23 26 35 28 39 147 46 34 30 52 28 20 92 1641 280 20 21 34 463 31 58 42
internal_value=1.21498e-09 0.0315178 -0.0109746 0.070249 0.0643993 -0.293507 -1.48743 0.0621296 1.16515 -0.438207 -0.0910244 0.0852515 0.584096 0.0732155 0.0811466 0.0681141 0.0754266 0.472254 0.0684094 -0.223145 0.0407454 0.0833226 -0.0715587 -0.314178 -0.995002 0.0737039 0.11811 -0.0288134 0.159799 0.650116
internal_weight=11985 6392 3048 3344 3324 183 42 141 44 97 71 3141 74 3067 3039 2941 2907 98 2877 140 112 2737 502 188 41 314 2235 494 1741 100
internal_count=11985 6392 3048 3344 3324 183 42 141 44 97 71 3141 74 3067 3039 2941 2907 98 2877 140 112 2737 502 188 41 314 2235 494 1741 100
is_linear=0
shrinkage=0.05


Tree=123
num_leaves=31
num_cat=0
split_feature=0 5 2 2 7 1 6 4 2 3 5 1 5 1 2 8 4 2 2 5 2 0 3 6 5 4 2 3 0 3
split_gain=4983.77 7877.59 18182.7 10417.4 10966.4 4297.81 5279.59 4732.92 4249.11 19507.6 8034.75 5290.06 6180.3 6061.05 4604.15 8285.86 3647.67 5906.46 12603.8 30434.5 7799.18 6499.99 8107.23 8486.79 5823.71 5560.33 4606.13 3573.71 3563.26 3476.26
threshold=26.250000000000004 69.500000000000014 23.500000000000004 37.500000000000007 13.500000000000002 932.50000000000011 910.50000000000011 943.50000000000011 46.500000000000007 78.500000000000014 54.500000000000007 855.50000000000011 49.500000000000007 878.50000000000011 34.500000000000007 5.5000000000000009 763.50000000000011 52.500000000000007 57.500000000000007 10.500000000000002 59.500000000000007 22.850000000000005 91.500000000000014 862.50000000000011 8.5000000000000018 754.50000000000011 64.500000000000014 9.5000000000000018 22.150000000000002 5.5000000000000009
decision_type=2 2 2 2 2 2 2 2 2 2 2 2 2 2 2 2 2 2 2 2 2 2 2 2 2 2 2 2 2 2
left_child=5 8 -3 -4 -5 6 16 -7 9 10 14 12 -10 -13 -2 -16 25 24 19 -19 -20 22 23 -22 -18 -1 -23 -8 -26 -6
right_child=1 2 3 4 29 7 27 -9 11 -11 -12 13 -14 -15 15 -17 17 18 20 -21 21 26 -24 -25 28 -27 -28 -29 -30 -31
leaf_value=-0.01841215053611657 0.15968284514215259 -0.75745958341658115 1.6580413525303204 1.0962240114405348 -0.539226539787792 0.93276252961158768 -0.11715420871973037 -0.085439312458038333 -0.011997778551453876 -1.5102333213972008 0.85553289413452149 0.77097360618688449 0.27091892234180587 0.16418588869488998 -1.0678057986795904 -0.10258873968955073 0.11978056884468778 0.64946274544511529 0.9712206719013361 -1.9325145673751831 -0.074682132005691529 1.0358388492216668 0.64076839288075771 -1.1145138504413459 0.32479593207438789 -0.81422244279899381 0.034225101362575186 -1.0623674258589746 1.1254934443217335 0.37054295170874824
leaf_weight=9533 135 25 24 37 21 25 20 21 954 23 25 54 242 173 25 201 76 21 26 25 80 24 27 26 24 22 22 20 33 21
leaf_count=9533 135 25 24 37 21 25 20 21 954 23 25 54 242 173 25 201 76 21 26 25 80 24 27 26 24 22 22 20 33 21
internal_value=6.04304e-10 0.0729196 0.452144 0.745737 0.468581 -0.0142566 -0.0164793 0.467931 0.0464235 -0.0956121 -0.0113212 0.0872475 0.0452479 0.308532 -0.0713526 -0.209361 -0.0141721 0.136925 -0.00581876 -0.753786 0.162018 0.0444799 -0.132716 -0.329735 0.406314 -0.0202445 0.556806 -0.589761 0.788358 -0.0843418
internal_weight=11985 1960 128 103 79 10025 9979 46 1832 409 386 1423 1196 227 361 226 9939 384 251 46 205 179 133 106 133 9555 46 40 57 42
internal_count=11985 1960 128 103 79 10025 9979 46 1832 409 386 1423 1196 227 361 226 9939 384 251 46 205 179 133 106 133 9555 46 40 57 42
is_linear=0
shrinkage=0.05


Tree=124
num_leaves=31
num_cat=0
split_feature=4 6 6 8 4 1 5 6 6 1 4 8 1 6 1 0 3 3 0 8 1 2 0 7 8 0 0 3 0 7
split_gain=4680.44 3894.59 4042.83 22638.3 7329.49 4799.56 4511.4 10206 9600.62 5895.68 10508.5 5671.42 5315.86 11245.9 6670.33 4860.7 10165.8 15957.5 9157.53 19948.3 18739.5 28357.2 62155.3 18927.1 15880.8 29830.1 8462.75 8096.84 21613.5 13729.2
threshold=1.0000000180025095e-35 948.50000000000011 928.50000000000011 5.5000000000000009 892.50000000000011 893.50000000000011 37.500000000000007 900.50000000000011 906.50000000000011 886.50000000000011 829.50000000000011 5.5000000000000009 855.50000000000011 865.50000000000011 844.50000000000011 26.450000000000003 94.500000000000014 57.500000000000007 22.350000000000005 10.500000000000002 465.50000000000006 59.500000000000007 23.450000000000003 12.500000000000002 4.5000000000000009 25.550000000000004 22.150000000000002 27.500000000000004 19.850000000000005 9.5000000000000018
decision_type=2 2 2 2 2 2 2 2 2 2 2 2 2 2 2 2 2 2 2 2 2 2 2 2 2 2 2 2 2 2
left_child=-1 2 4 -4 6 -6 7 -2 9 12 -11 -10 14 -14 15 18 17 -17 26 20 -20 22 -22 -23 -24 -26 27 -8 -29 -30
right_child=1 -3 3 -5 5 -7 8 -9 11 10 -12 -13 13 -15 -16 16 -18 -19 19 -21 21 23 24 -25 25 -27 -28 28 29 -31
leaf_value=-0.03340337493264741 -0.01672947937744201 0.40283885922120971 -1.3416527444666082 0.33268451501543705 0.74451304327357903 0.16300596381723881 -0.044111359432595781 -1.0978849853981625 1.2858706982135775 -1.3628406134992839 0.25799719572067259 0.18513340001756495 1.1500699638868823 -0.18751253130535284 -0.76422248888015754 0.17663801840648896 0.94089632644885934 -1.2268647409620739 0.1849485821033828 -1.364108452042847 -3.2310988426208498 1.2530220651626589 -1.1087338427857807 -0.55451069899967742 1.4957467511296274 -1.1188391464948655 0.85153970626621123 0.061405603130978925 -0.14768772331230781 1.0043976580379186
leaf_weight=5593 2797 69 33 52 55 100 1000 22 25 20 20 22 33 30 25 569 41 21 250 33 24 30 36 28 24 20 34 837 34 108
leaf_count=5593 2797 69 33 52 55 100 1000 22 25 20 20 22 33 30 25 569 41 21 250 33 24 30 36 28 24 20 34 837 34 108
internal_value=-8.24086e-11 0.029228 0.0251509 -0.317352 0.0298179 0.369347 0.0211664 -0.025167 0.061183 0.050818 -0.552422 0.770632 0.0584131 0.513126 0.0492137 0.055797 0.179587 0.126683 0.0240184 -0.181244 -0.0865003 -0.505403 -0.99942 0.38042 -0.329916 0.307299 0.0693945 0.0559569 0.158172 0.728546
internal_weight=11985 6392 6323 85 6238 155 6083 2819 3264 3217 40 47 3177 63 3114 3089 631 590 2458 445 412 162 104 58 80 44 2013 1979 979 142
internal_count=11985 6392 6323 85 6238 155 6083 2819 3264 3217 40 47 3177 63 3114 3089 631 590 2458 445 412 162 104 58 80 44 2013 1979 979 142
is_linear=0
shrinkage=0.05


Tree=125
num_leaves=31
num_cat=0
split_feature=4 0 8 0 6 7 8 2 5 2 2 1 6 4 5 5 0 2 3 5 6 4 5 2 0 1 4 2 6 4
split_gain=4232.93 3783.28 5894.16 15474 20042.3 7702.22 7532.62 30467.2 16103 9853.77 11370.1 9071.57 8069.61 5881.99 5042.84 5360.38 15202.4 13236.8 9111.99 6187.28 5543.19 4933.64 4808.12 7058.67 25138.4 36106 24284.8 14922.8 9315.99 6827.64
threshold=16.500000000000004 15.250000000000002 11.500000000000002 19.650000000000002 478.50000000000006 11.500000000000002 10.500000000000002 48.500000000000007 36.500000000000007 65.500000000000014 62.500000000000007 315.50000000000006 498.50000000000006 178.50000000000003 86.500000000000014 64.500000000000014 14.15 66.500000000000014 16.500000000000004 57.500000000000007 275.50000000000006 432.50000000000006 37.500000000000007 35.500000000000007 28.550000000000004 750.50000000000011 253.50000000000003 23.500000000000004 560.50000000000011 955.50000000000011
decision_type=2 2 2 2 2 2 2 2 2 2 2 2 2 2 2 2 2 2 2 2 2 2 2 2 2 2 2 2 2 2
left_child=-1 14 6 4 5 -4 22 8 -8 10 12 -11 -9 -7 15 19 18 -18 -17 -2 -20 -16 29 24 25 26 -24 -26 -28 -3
right_child=1 2 3 -5 -6 13 7 9 -10 11 -12 -13 -14 -15 21 16 17 -19 20 -21 -22 -23 23 -25 27 -27 28 -29 -30 -31
leaf_value=-0.029406387616997903 -0.11119512054284263 -0.012272504138665048 -0.21087937907474799 1.5071070541938147 -1.2563657137480648 0.043879464581550565 -0.42392907621605058 -0.22604089348527948 -2.3389605734659278 0.14710825231952326 -1.1225464034825563 1.403543950021267 0.73980531437056407 0.86593784995596212 0.068810574281705575 -0.81094978933688255 -2.0362714017318058 -0.32076338743386063 -0.050886341556906703 0.52021613731270744 0.99456368968600328 0.85668437895567529 -1.3811233134141991 0.12337333539862456 -0.28902259754097981 -2.3125936776399612 -0.36969483351955812 1.3919004402333692 0.89516679257959941 0.74713560461997996
leaf_weight=6055 509 2208 41 24 22 32 21 95 23 51 28 20 28 68 146 24 22 23 32 42 21 23 28 2229 23 25 24 31 37 30
leaf_count=6055 509 2208 41 24 22 32 21 95 23 51 28 20 28 68 146 24 22 23 32 42 21 23 28 2229 23 25 24 31 37 30
internal_value=3.62582e-10 0.0300263 0.0462727 0.321777 0.14725 0.366254 0.0357607 -0.222992 -1.42497 0.0152377 -0.213183 0.501034 -0.00617346 0.602879 -0.0681473 -0.129465 -0.429351 -1.15946 -0.0026665 -0.0630658 0.363349 0.176036 0.0506104 0.0998176 -0.212717 -0.633665 -0.162056 0.675952 0.397516 -0.00209277
internal_weight=11985 5930 5088 187 163 141 4901 266 44 222 151 71 123 100 842 673 122 45 77 551 53 169 4635 2397 168 114 89 54 61 2238
internal_count=11985 5930 5088 187 163 141 4901 266 44 222 151 71 123 100 842 673 122 45 77 551 53 169 4635 2397 168 114 89 54 61 2238
is_linear=0
shrinkage=0.05


Tree=126
num_leaves=31
num_cat=0
split_feature=0 3 3 3 5 6 6 6 1 6 6 6 4 1 1 6 4 1 2 6 6 2 4 3 8 4 2 7 5 5
split_gain=3895.36 8052.83 6020.26 3994.14 3265.75 2794.01 12904.8 5322.86 4915.37 4703.21 27601.5 10260.4 9128.05 7119.82 13606.3 5169.95 12549.7 4493.93 13944.4 13968.8 6366.29 24301.2 3376.21 5593.55 9509.52 16946.8 8364.03 7904.78 11881.2 7849.29
threshold=29.450000000000003 51.500000000000007 32.500000000000007 18.500000000000004 57.500000000000007 948.50000000000011 928.50000000000011 917.50000000000011 920.50000000000011 862.50000000000011 873.50000000000011 896.50000000000011 871.50000000000011 886.50000000000011 865.50000000000011 834.50000000000011 847.50000000000011 821.50000000000011 43.500000000000007 793.50000000000011 808.50000000000011 53.500000000000007 650.50000000000011 28.500000000000004 3.5000000000000004 683.50000000000011 66.500000000000014 11.500000000000002 21.500000000000004 17.500000000000004
decision_type=2 2 2 2 2 2 2 2 2 2 2 2 2 2 2 2 2 2 2 2 2 2 2 2 2 2 2 2 2 2
left_child=5 2 3 4 -2 6 7 8 9 13 -11 -12 -13 14 15 17 -17 20 -19 -20 22 -22 -1 27 26 -26 -25 28 -24 -29
right_child=1 -3 -4 -5 -6 -7 -8 -9 -10 10 11 12 -14 -15 -16 16 -18 18 19 -21 21 -23 23 24 25 -27 -28 29 -30 -31
leaf_value=-0.016397361968729571 0.053355625101802764 0.95174031588766317 -0.6600331571367053 0.68566645511559088 0.49662012180567472 0.45140009646614393 -0.94157882795946035 0.73757976889610299 0.67881585749296047 -1.7666292318930994 0.53597196820709436 -1.2863973775133493 0.052635669197354996 -0.92559183864366446 1.1610654413700103 1.15110970903188 -0.1927941778772756 1.4288010472601111 0.80351268677484422 -0.99934784115546127 0.60321185640666797 -1.6279516969735806 -0.23485057893253508 0.17538181624000837 1.6933776027389937 0.27509025868247539 -0.94759247034788141 0.13949967031752258 0.90076662905368154 -0.38408853463588222
leaf_weight=10016 747 27 27 28 44 33 37 24 26 26 54 20 35 21 25 32 38 22 21 22 23 26 42 97 28 85 20 133 51 155
leaf_count=10016 747 27 27 28 44 33 37 24 26 26 54 20 35 21 25 32 38 22 21 22 23 26 42 97 28 85 20 133 51 155
internal_value=-1.79197e-10 0.101698 0.0745694 0.0987871 0.0780126 -0.0079898 -0.00935815 -0.00623442 -0.00785464 -0.00947886 -0.302782 0.0463925 -0.434285 -0.00583182 -0.00404934 -0.00674362 0.421562 -0.00953492 0.40495 -0.118881 -0.0120585 -0.580671 -0.00943666 0.104669 0.29938 0.626524 -0.0165796 -0.0128737 0.387907 -0.142293
internal_weight=11985 873 846 819 791 11112 11079 11042 11018 10992 135 109 55 10857 10836 10811 70 10741 65 43 10676 49 10627 611 230 113 117 381 93 288
internal_count=11985 873 846 819 791 11112 11079 11042 11018 10992 135 109 55 10857 10836 10811 70 10741 65 43 10676 49 10627 611 230 113 117 381 93 288
is_linear=0
shrinkage=0.05


Tree=127
num_leaves=31
num_cat=0
split_feature=0 5 4 3 5 6 7 4 6 2 7 6 6 1 5 7 4 2 0 4 6 6 6 8 1 4 5 5 4 0
split_gain=3726.33 4441.69 3595.34 10893.6 10111 5122.67 19058 6054.82 4357.72 2385.53 2364.57 8755.48 8495.14 4932.79 16044.6 6508.45 18086.9 20922 29118.5 18495.9 21692.6 16583.4 10936.3 10412.8 13822.7 25481.6 9273.62 13245 6914.9 5542.79
threshold=33.250000000000007 17.500000000000004 918.50000000000011 6.5000000000000009 10.500000000000002 928.50000000000011 13.500000000000002 892.50000000000011 900.50000000000011 55.500000000000007 12.500000000000002 903.50000000000011 910.50000000000011 886.50000000000011 50.500000000000007 14.500000000000002 502.50000000000006 64.500000000000014 19.650000000000002 533.50000000000011 501.50000000000006 530.50000000000011 858.50000000000011 7.5000000000000009 816.50000000000011 800.50000000000011 78.500000000000014 61.500000000000007 696.50000000000011 16.150000000000002
decision_type=2 2 2 2 2 2 2 2 2 2 2 2 2 2 2 2 2 2 2 2 2 2 2 2 2 2 2 2 2 2
left_child=2 -2 5 4 9 7 -7 10 -5 -4 11 -1 13 15 -15 16 17 18 21 20 -18 -12 23 24 26 -26 27 28 29 -21
right_child=1 -3 3 8 -6 6 -8 -9 -10 -11 12 -13 -14 14 -16 -17 19 -19 -20 22 -22 -23 -24 -25 25 -27 -28 -29 -30 -31
leaf_value=-0.023175940752881249 0.01227702879243427 0.6507089739044507 0.019205288245127752 0.1655779820274223 -0.72308220563408654 -1.3685312482303589 0.49571898229993305 0.46005327131865281 1.0342452761672793 0.71048646053920195 0.28294962585354461 -1.0004738105541986 0.81839829656210827 0.17771112720171611 -1.588582309484482 -0.0029935037656106437 0.11994307350653868 1.6434681421518329 1.5525187061230343 0.020512209821026774 -1.9646365225315094 -1.4098521086832752 -0.76230300590395927 -0.13073375858838046 2.5108043892681602 0.13691609754012182 0.93887532604368118 -1.0706019136038694 -0.076168427493546034 0.84542253294161385
leaf_weight=6385 63 48 26 22 39 29 26 70 42 24 39 23 33 36 20 4442 26 40 30 32 24 23 32 158 20 26 38 22 91 56
leaf_count=6385 63 48 26 22 39 29 26 70 42 24 39 23 33 36 20 4442 26 40 30 32 24 23 32 158 20 26 38 22 91 56
internal_value=-9.9315e-10 0.288356 -0.0026956 0.238116 -0.119654 -0.00583903 -0.487249 -0.0035694 0.735641 0.35102 -0.00636809 -0.0266837 0.0187249 0.0136058 -0.453108 0.0187315 0.165615 0.688809 0.273739 0.0340691 -0.880655 -0.345025 0.130356 0.194837 0.375329 1.16904 0.222564 0.0871417 0.229434 0.545455
internal_weight=11985 111 11874 153 89 11721 55 11666 64 50 11596 6408 5188 5155 56 5099 657 132 92 525 50 62 475 443 285 46 239 201 179 88
internal_count=11985 111 11874 153 89 11721 55 11666 64 50 11596 6408 5188 5155 56 5099 657 132 92 525 50 62 475 443 285 46 239 201 179 88
is_linear=0
shrinkage=0.05


Tree=128
num_leaves=31
num_cat=0
split_feature=6 3 0 6 2 4 3 4 4 5 2 5 2 1 1 0 2 6 6 3 1 0 4 2 4 5 2 1 6 2
split_gain=3511.34 3449.39 3186.23 3914.73 25038.9 5924.33 4926.12 3483.14 5556.37 3244.42 2918.89 2277.69 2761.31 2225.58 3937.85 12882.6 12756.7 11214.5 8394.27 41796.2 7962.68 7485.88 6276.1 3143.19 2162.88 3099.8 4325.95 23418.5 16517.2 9661.24
threshold=948.50000000000011 3.5000000000000004 33.250000000000007 928.50000000000011 58.500000000000007 892.50000000000011 2.5000000000000004 926.50000000000011 938.50000000000011 17.500000000000004 53.500000000000007 36.500000000000007 56.500000000000007 920.50000000000011 873.50000000000011 23.050000000000004 47.500000000000007 881.50000000000011 862.50000000000011 23.500000000000004 855.50000000000011 28.650000000000002 850.50000000000011 58.500000000000007 1.0000000180025095e-35 18.500000000000004 34.500000000000007 745.50000000000011 600.50000000000011 31.500000000000004
decision_type=2 2 2 2 2 2 2 2 2 2 2 2 2 2 2 2 2 2 2 2 2 2 2 2 2 2 2 2 2 2
left_child=2 10 3 5 -5 13 -6 11 -9 -4 -2 12 -7 14 17 -16 -17 18 20 -20 24 -18 -22 -23 -1 -26 27 28 29 -27
right_child=1 -3 9 4 6 7 -8 8 -10 -11 -12 -13 -14 -15 15 16 21 -19 19 -21 22 23 -24 -25 25 26 -28 -29 -30 -31
leaf_value=-0.02864344846307379 0.49131878225699721 0.83973448773225157 0.01841628127477386 -1.3737730582847316 -0.10581258627630415 0.73443698535362889 0.96480845819142746 -0.46774940100209472 0.56073736349741621 0.58745120763778691 -0.31426336575638164 0.97979669749736797 0.096380669337052569 0.48530699451980386 -1.3830693097277122 -1.1998755210638048 0.89272983902030534 0.82155342078426996 0.40062141062484846 -2.4501754927635195 1.164872401723495 0.30545108726731057 0.0027084482567650931 -0.40821084929630164 -0.038407153365905188 -0.023352113670923495 0.051971734093674817 -1.8127483662962913 0.81180938906139799 -1.0570157197304071
leaf_weight=5593 23 24 55 34 21 30 22 29 24 46 22 20 39 23 22 20 27 41 36 20 26 27 21 36 1835 77 3695 20 45 32
leaf_count=5593 23 24 55 34 21 30 22 29 24 46 22 20 39 23 22 20 27 41 36 20 26 27 21 36 1835 77 3695 20 45 32
internal_value=2.06381e-10 0.355655 -0.00205943 -0.00444992 -0.3598 -0.00211887 0.441947 0.318879 -0.00201955 0.277581 0.0974786 0.509976 0.373796 -0.00604968 -0.0070262 -0.278559 -0.0576565 -0.0038934 -0.00686212 -0.61752 -0.00384758 0.19617 0.645608 -0.102356 -0.00654957 0.0151144 0.0404987 -0.203139 0.00590134 -0.326813
internal_weight=11985 69 11916 11815 77 11738 43 142 53 101 45 89 69 11596 11573 132 110 11441 11400 56 11344 90 47 63 11297 5704 3869 174 154 109
internal_count=11985 69 11916 11815 77 11738 43 142 53 101 45 89 69 11596 11573 132 110 11441 11400 56 11344 90 47 63 11297 5704 3869 174 154 109
is_linear=0
shrinkage=0.05


Tree=129
num_leaves=31
num_cat=0
split_feature=0 5 2 2 7 5 5 2 3 3 4 1 6 5 2 1 6 3 2 3 3 5 4 2 2 5 2 0 3 6
split_gain=3313.29 6875.46 16147.2 8522.97 9755.65 4361.22 3991.16 9981.44 5214.61 4609.52 5450.91 3478.01 5181.77 4821.34 3435.09 3358.35 3260.19 5520.11 3347.66 3191.69 3139.44 2869 2813.67 4875.27 11538.7 27283.2 6627.74 5525.6 6964.08 6868.33
threshold=26.250000000000004 69.500000000000014 23.500000000000004 37.500000000000007 13.500000000000002 65.500000000000014 36.500000000000007 32.500000000000007 44.500000000000007 1.0000000180025095e-35 857.50000000000011 932.50000000000011 910.50000000000011 43.500000000000007 46.500000000000007 886.50000000000011 858.50000000000011 5.5000000000000009 51.500000000000007 9.5000000000000018 5.5000000000000009 49.500000000000007 763.50000000000011 52.500000000000007 57.500000000000007 10.500000000000002 59.500000000000007 22.850000000000005 91.500000000000014 862.50000000000011
decision_type=2 2 2 2 2 2 2 2 2 2 2 2 2 2 2 2 2 2 2 2 2 2 2 2 2 2 2 2 2 2
left_child=11 5 -3 -4 -5 6 8 -8 9 -2 -11 12 22 -13 -9 -12 18 -18 -16 -14 -6 -20 -1 -24 25 -25 -26 28 29 -28
right_child=1 2 3 4 20 -7 7 14 -10 10 15 13 19 -15 16 -17 17 -19 21 -21 -22 -23 23 24 26 -27 27 -29 -30 -31
leaf_value=-0.016671261305016505 -0.068819051448293977 -0.72614999532699587 1.5156029375890891 1.0317019044950202 -0.51407408728486015 -0.58452533206769397 0.99886077726259836 -0.331939253888347 -0.60792924128472814 0.038181044509013495 0.9358485410953391 -0.047009062021970749 -0.13493712216615678 0.9806596093234563 0.55032375259058819 0.27685768218903711 0.18154270902427067 1.0683925058530723 -0.05211405583225142 -1.0282025633752345 0.35049848897116531 0.18960359627153817 0.36611169580006064 0.6046298180307661 0.8982288609330471 -1.8400230598449707 -0.072612023726105687 0.51628472047007612 0.59742304130836776 -1.0080539487875426
leaf_weight=9555 707 25 24 37 21 28 32 44 36 255 29 25 20 21 35 58 74 23 306 20 21 205 133 21 26 25 80 46 27 26
leaf_count=9555 707 25 24 37 21 28 32 44 36 255 29 25 20 21 35 58 74 23 306 20 21 205 133 21 26 25 80 46 27 26
internal_value=4.28042e-10 0.0594558 0.413739 0.690411 0.43972 0.0347024 0.0443135 0.135673 -0.0162277 0.0040786 0.154776 -0.0116243 -0.0136238 0.422144 0.0954658 0.496521 0.124713 0.391827 0.0772585 -0.58157 -0.0817878 0.0448568 -0.0113381 0.121366 -0.0083197 -0.723986 0.152269 0.0439171 -0.119458 -0.30206
internal_weight=11985 1960 128 103 79 1832 1804 719 1085 1049 342 10025 9979 46 687 87 643 97 546 40 42 511 9939 384 251 46 205 179 133 106
internal_count=11985 1960 128 103 79 1832 1804 719 1085 1049 342 10025 9979 46 687 87 643 97 546 40 42 511 9939 384 251 46 205 179 133 106
is_linear=0
shrinkage=0.05


Tree=130
num_leaves=31
num_cat=0
split_feature=0 5 2 2 7 5 5 2 3 3 4 4 1 6 4 2 8 4 2 3 3 6 1 4 0 5 4 1 3 5
split_gain=2990.24 6205.1 14572.9 7691.98 8804.48 3936 3602.02 9008.25 4706.19 4368.23 5655.06 3182.66 3138.9 4676.55 4374.76 3100.17 3013.88 3491.51 3296.47 2880.5 2833.34 2755.6 3130.41 2876.47 2656.26 6975.87 2854.21 6369.23 21253.8 47854
threshold=26.250000000000004 69.500000000000014 23.500000000000004 37.500000000000007 13.500000000000002 65.500000000000014 36.500000000000007 32.500000000000007 44.500000000000007 22.500000000000004 817.50000000000011 951.50000000000011 932.50000000000011 910.50000000000011 943.50000000000011 46.500000000000007 6.5000000000000009 632.50000000000011 54.500000000000007 9.5000000000000018 5.5000000000000009 439.50000000000006 397.50000000000006 847.50000000000011 26.150000000000002 52.500000000000007 562.50000000000011 565.00000000000011 94.500000000000014 64.500000000000014
decision_type=2 2 2 2 2 2 2 2 2 2 2 2 2 2 2 2 2 2 2 2 2 2 2 2 2 2 2 2 2 2
left_child=12 5 -3 -4 -5 6 8 -8 9 11 -11 -2 13 24 -14 -9 17 -17 -18 -15 -6 22 -20 -23 26 -26 -1 -28 -29 -30
right_child=1 2 3 4 20 -7 7 15 -10 10 -12 -13 14 19 -16 16 18 -19 21 -21 -22 23 -24 -25 25 -27 27 28 29 -31
leaf_value=-0.018450821908332821 -0.033829260212738535 -0.6898425365686417 1.4398227798442047 0.98011679039462596 -0.48837040974980311 -0.55529904610344338 0.94891774670686579 -0.31534230488945142 -0.5775328051298857 0.044327991679310799 1.0821880806060065 0.57433230876922614 0.84793404847383502 -0.12819029152393344 -0.13098372412579401 0.055224746684817708 0.37341361702760545 0.75267247165504259 0.10194825669364815 -0.97679238542914393 0.33297355941363743 -0.10807231140339918 0.71218762099742894 0.4990405756802786 0.10792376399040222 -1.097607497870922 0.32063362688785146 0.084224405636540753 0.0039202652465213433 -2.7552719761024824
leaf_weight=8786 971 25 24 37 21 28 32 44 36 35 21 22 25 20 21 34 82 38 169 20 21 275 24 21 30 20 202 824 55 22
leaf_count=8786 971 25 24 37 21 28 32 44 36 35 21 22 25 20 21 34 82 38 169 20 21 275 24 21 30 20 202 824 55 22
internal_value=2.66858e-10 0.0564831 0.393052 0.655891 0.417734 0.0329673 0.0420978 0.128889 -0.0154163 0.00387467 0.433526 -0.0203554 -0.0110431 -0.0129426 0.401037 0.0906925 0.118477 0.423322 0.0800379 -0.552491 -0.0776984 0.030842 0.177833 -0.0650001 -0.0107712 -0.374289 -0.0089332 0.0668799 0.0099895 -0.78442
internal_weight=11985 1960 128 103 79 1832 1804 719 1085 1049 56 993 10025 9979 46 687 643 72 571 40 42 489 193 296 9939 50 9889 1103 901 77
internal_count=11985 1960 128 103 79 1832 1804 719 1085 1049 56 993 10025 9979 46 687 643 72 571 40 42 489 193 296 9939 50 9889 1103 901 77
is_linear=0
shrinkage=0.05


Tree=131
num_leaves=31
num_cat=0
split_feature=0 5 4 3 0 6 4 4 6 7 6 6 2 1 1 5 1 6 1 7 2 2 0 5 1 0 6 5 3 4
split_gain=2852.36 3550.4 2888.12 9723.12 9609.46 5211.11 17743.4 4537.73 3739.26 2029.3 7944.12 7185.52 4430.66 49510.3 10670 29228.8 9952.78 10801.8 20961.6 11719.2 13072.8 18622.3 35575.3 9630.12 8163.78 12144.3 7764.6 7643.69 7389.91 7358.34
threshold=33.250000000000007 10.500000000000002 918.50000000000011 6.5000000000000009 24.350000000000005 928.50000000000011 885.50000000000011 892.50000000000011 900.50000000000011 12.500000000000002 903.50000000000011 910.50000000000011 40.500000000000007 758.50000000000011 482.50000000000006 58.500000000000007 516.50000000000011 650.50000000000011 631.50000000000011 10.500000000000002 53.500000000000007 58.500000000000007 27.050000000000004 51.500000000000007 570.50000000000011 19.150000000000002 393.50000000000006 46.500000000000007 20.500000000000004 754.50000000000011
decision_type=2 2 2 2 2 2 2 2 2 2 2 2 2 2 2 2 2 2 2 2 2 2 2 2 2 2 2 2 2 2
left_child=2 -2 5 4 -4 7 -7 9 -5 10 12 -11 13 14 26 -16 -14 18 24 -19 23 22 -22 -21 28 -26 -1 -20 -18 -23
right_child=1 -3 3 8 -6 6 -8 -9 -10 11 -12 -13 16 -15 15 -17 17 19 27 20 21 29 -24 -25 25 -27 -28 -29 -30 -31
leaf_value=-0.0055685757673425793 -0.022952788427733541 0.54281220645816242 -0.89138065086943774 0.15544716085899959 0.22746571602879981 0.18814908542803355 -1.6787519037723542 0.39847258678504405 0.96011525903429318 0.013228624421586808 -0.95170279093410659 0.75339258252219721 -0.031161707249968536 -2.2864101688449199 0.012199193222469158 -1.7300239833918487 0.10722903928253801 -1.1796475154906512 0.62366826857129742 0.25456565210112819 -2.0320614666678014 0.45900232731410773 0.12933200749945134 1.4415161278247834 -1.1526418044542275 0.11320797364744875 0.67911457273554299 1.5595312950015068 1.079202984589519 -0.16836020038730798
leaf_weight=348 57 54 28 22 61 35 20 70 42 5155 23 33 5193 26 89 33 48 20 48 54 32 101 47 25 24 90 47 40 33 87
leaf_count=348 57 54 28 22 61 35 20 70 42 5155 23 33 5193 26 89 33 48 20 48 54 32 101 47 25 24 90 47 40 33 87
internal_value=4.74363e-10 0.252284 -0.00235839 0.213473 -0.124531 -0.00517575 -0.490724 -0.00288661 0.683511 -0.00530944 -0.0241298 0.0179367 -0.0207885 -0.157406 -0.0503376 -0.459058 -0.00809027 0.176517 0.408492 -0.00285237 0.0651705 -0.102005 -0.746169 0.630183 0.119415 -0.153287 0.0759001 1.04906 0.503218 0.16868
internal_weight=11985 111 11874 153 89 11721 55 11666 64 11596 6408 5188 6385 543 517 122 5842 649 283 366 346 267 79 79 195 114 395 88 81 188
internal_count=11985 111 11874 153 89 11721 55 11666 64 11596 6408 5188 6385 543 517 122 5842 649 283 366 346 267 79 79 195 114 395 88 81 188
is_linear=0
shrinkage=0.05


Tree=132
num_leaves=31
num_cat=0
split_feature=0 3 3 3 5 6 0 0 6 1 6 6 4 4 1 1 4 1 6 4 6 2 4 5 6 5 3 4 3 5
split_gain=2628.06 7164.15 4978.92 3039.24 2728.58 2401.51 24979.1 15538 4319.96 3605.59 3923.28 23168.4 10466.5 12795.8 5900.71 11075.7 12463.6 4995.99 2995.02 10487.5 4081.32 34721.1 3517.21 6351.94 5513.84 10877.4 26192.3 16255.7 14930.7 26264.7
threshold=29.450000000000003 51.500000000000007 32.500000000000007 18.500000000000004 57.500000000000007 928.50000000000011 24.050000000000004 26.450000000000003 917.50000000000011 920.50000000000011 862.50000000000011 873.50000000000011 817.50000000000011 871.50000000000011 886.50000000000011 852.50000000000011 850.50000000000011 893.50000000000011 830.50000000000011 847.50000000000011 808.50000000000011 53.500000000000007 650.50000000000011 96.500000000000014 640.50000000000011 71.500000000000014 40.500000000000007 589.50000000000011 9.5000000000000018 58.500000000000007
decision_type=2 2 2 2 2 2 2 2 2 2 2 2 2 2 2 2 2 2 2 2 2 2 2 2 2 2 2 2 2 2
left_child=5 2 3 4 -2 8 -7 -8 9 10 14 -12 -13 -14 15 18 -17 -15 20 -20 22 -22 24 -24 -1 28 27 -27 -26 -30
right_child=1 -3 -4 -5 -6 6 7 -9 -10 -11 11 12 13 17 -16 16 -18 -19 19 -21 21 -23 23 -25 25 26 -28 -29 29 -31
leaf_value=-0.0075187424394739079 0.039308601483288741 0.88530059357484192 -0.61011090631838205 0.59190923933471951 0.44448079832575538 -1.6936430470509962 1.3189016541296787 -0.48656743764877319 0.66537611583868672 0.58193851302449529 -1.6165975955816414 1.0474333866011529 -1.0774728119373322 0.72139872003484662 -0.84155279043174935 1.6230295099995353 0.12021170959279344 -0.19570320691123155 0.96917867429794813 -0.42301566566651067 0.6207536570313904 -1.7268574897732056 0.068869610003816584 0.74388942525193502 0.080063857073369243 -1.1035138047018715 1.074032851627895 0.49981727504730228 -0.40273957753723322 -2.5519418500718616
leaf_weight=9800 747 27 27 28 44 22 22 26 24 26 26 21 28 27 21 22 37 33 31 24 36 28 600 37 46 43 42 25 44 21
leaf_count=9800 747 27 27 28 44 22 22 26 24 26 26 21 28 27 21 22 37 33 31 24 36 28 600 37 46 43 42 25 44 21
internal_value=1.73245e-10 0.0835329 0.0579446 0.0799684 0.0618466 -0.00656266 -0.298501 0.340939 -0.00471194 -0.00617156 -0.00756265 -0.275445 0.0444626 -0.194883 -0.00423169 -0.00260898 0.680584 0.216993 -0.0063492 0.361676 -0.00823704 -0.406326 -0.00584656 0.108078 -0.0130883 -0.260066 0.0923065 -0.514054 -0.609265 -1.0971
internal_weight=11985 873 846 819 791 11112 70 48 11042 11018 10992 135 109 88 10857 10836 59 60 10777 55 10722 64 10658 637 10021 221 110 68 111 65
internal_count=11985 873 846 819 791 11112 70 48 11042 11018 10992 135 109 88 10857 10836 59 60 10777 55 10722 64 10658 637 10021 221 110 68 111 65
is_linear=0
shrinkage=0.05


Tree=133
num_leaves=31
num_cat=0
split_feature=6 0 1 6 8 4 1 0 0 1 4 5 6 6 8 0 3 3 1 1 1 6 6 1 1 1 4 0 2 1
split_gain=2566.83 3173.98 3295.92 2584.2 17765.7 5131.09 3894.21 3030.93 2496.21 2232.01 3842.85 1914.18 8324.14 7999.89 5429.43 4372.44 11230.1 14813.9 9596.71 5225.23 9509.54 7805.83 5810.22 7797.91 5447.32 8661.35 5710.09 12092.5 12644.6 8329.86
threshold=948.50000000000011 29.050000000000004 953.50000000000011 928.50000000000011 5.5000000000000009 892.50000000000011 893.50000000000011 31.950000000000003 21.550000000000004 925.50000000000011 926.50000000000011 37.500000000000007 900.50000000000011 906.50000000000011 5.5000000000000009 26.450000000000003 86.500000000000014 54.500000000000007 585.50000000000011 886.50000000000011 862.50000000000011 862.50000000000011 830.50000000000011 825.50000000000011 808.50000000000011 783.50000000000011 667.50000000000011 17.150000000000002 64.500000000000014 717.50000000000011
decision_type=2 2 2 2 2 2 2 2 2 2 2 2 2 2 2 2 2 2 2 2 2 2 2 2 2 2 2 2 2 2
left_child=3 -2 -3 5 -5 11 8 -6 -7 10 -8 12 -1 15 -15 19 17 -17 -18 20 21 22 23 24 25 26 29 -28 -29 -13
right_child=1 2 -4 4 7 6 9 -9 -10 -11 -12 13 -14 14 -16 16 18 -19 -20 -21 -22 -23 -24 -25 -26 -27 27 28 -30 -31
leaf_value=-0.019740706684797851 0.72703325262776131 0.47511332375662668 -0.4107443900335403 -1.1838626662890117 0.66669898325646371 0.1783327777683735 0.19880643502809109 -0.097326174855232248 0.87856659735952103 0.39556530727407874 -0.63645402164686304 -0.0021951761537340017 -0.99411999799988493 1.1709310536384583 0.093933435664935561 0.1121672028448833 0.20506231337785721 -1.2690498536825181 1.5675990469753742 -0.74118988886475567 1.0864212939143181 -0.99184680700302119 0.70358830084060808 -0.90528777266542115 0.74962328523397448 -0.88235788685934891 1.317035525560379 0.46786829190438289 -0.75057248703895085 -0.63861859601277571
leaf_weight=5963 27 21 21 33 27 20 40 25 35 39 21 4566 22 25 22 661 28 20 24 24 20 20 29 24 24 28 25 68 31 52
leaf_count=5963 27 21 21 33 27 20 40 25 35 39 21 4566 22 25 22 661 28 20 24 24 20 20 29 24 24 28 25 68 31 52
internal_value=3.42711e-10 0.304082 0.0321845 -0.0017608 -0.276468 0.00021284 0.286002 0.299379 0.623936 0.100138 -0.0887422 -0.00358103 -0.0233224 0.0171802 0.666805 0.0117705 0.125683 0.0716028 0.833925 -0.00523175 -0.00161747 -0.00608856 -0.00202106 -0.00626819 -0.00176746 -0.00554805 -0.000370763 0.334461 0.0863363 -0.00936149
internal_weight=11985 69 42 11916 85 11831 155 52 55 100 61 11676 5985 5691 47 5644 733 681 52 4911 4887 4867 4847 4818 4794 4770 4742 124 99 4618
internal_count=11985 69 42 11916 85 11831 155 52 55 100 61 11676 5985 5691 47 5644 733 681 52 4911 4887 4867 4847 4818 4794 4770 4742 124 99 4618
is_linear=0
shrinkage=0.05


Tree=134
num_leaves=31
num_cat=0
split_feature=0 5 4 3 5 6 7 4 6 2 0 8 1 6 6 4 5 5 1 1 0 6 6 1 6 1 6 3 1 4
split_gain=2401.94 3164.48 2564.5 8615.91 8823.01 4516.92 16838.2 3611.28 3381.91 2024.62 1800.64 4068.44 5607.96 2556.36 17001.9 13251.1 8805 19812.4 6618.62 14732 3889.56 3254.16 9095.04 6507.4 4829.8 3171.63 7511.77 6117.53 3074.09 2969.87
threshold=33.250000000000007 17.500000000000004 918.50000000000011 6.5000000000000009 10.500000000000002 928.50000000000011 13.500000000000002 892.50000000000011 917.50000000000011 55.500000000000007 31.350000000000005 6.5000000000000009 594.50000000000011 873.50000000000011 862.50000000000011 825.50000000000011 28.500000000000004 38.500000000000007 886.50000000000011 865.50000000000011 25.050000000000004 834.50000000000011 825.50000000000011 779.50000000000011 816.50000000000011 821.50000000000011 808.50000000000011 1.0000000180025095e-35 855.50000000000011 667.50000000000011
decision_type=2 2 2 2 2 2 2 2 2 2 2 2 2 2 2 2 2 2 2 2 2 2 2 2 2 2 2 2 2 2
left_child=2 -2 5 4 9 7 -7 10 -5 -4 13 12 -12 14 18 20 -17 -18 19 21 -15 22 24 -23 25 26 29 -27 -25 -1
right_child=1 -3 3 8 -6 6 -8 -9 -10 -11 11 -13 -14 15 -16 16 17 -19 -20 -21 -22 23 -24 28 -26 27 -28 -29 -30 -31
leaf_value=-0.009734882090368914 -0.0015195000739324661 0.53736001513898379 0.017026582818764908 0.231553344641413 -0.68064599786049285 -1.2852406986828511 0.46707982885149812 0.35536291631204742 0.96422740903993454 0.65387244286636514 0.12319716561585665 -0.023322867333983921 -0.94409741642884915 1.4656761400960387 -1.0468237216656024 0.59087885607566148 -1.6642058675939386 0.26146262875374626 -0.90980926834046838 1.3236493728345349 0.47957751393318182 1.0957656922936441 -0.920800538195504 -0.19528715915796235 0.65384763830474446 -0.24739767199470883 -0.83841760302031487 0.88153311982750893 0.53736098598350179 0.10353021423634733
leaf_weight=10356 63 48 26 28 39 29 26 70 36 24 20 157 32 20 39 28 22 34 20 21 20 20 27 41 28 21 27 28 22 613
leaf_count=10356 63 48 26 28 39 29 26 70 36 24 20 157 32 20 39 28 22 34 20 21 20 20 27 41 28 21 27 28 22 613
internal_value=-3.26964e-10 0.231509 -0.00216419 0.201216 -0.116961 -0.00481901 -0.456871 -0.00268779 0.643683 0.322713 -0.00484919 -0.150282 -0.5336 -0.00217988 -0.00466565 0.223604 -0.133074 -0.49505 -0.00104446 0.000577751 0.972627 -0.00190678 -0.0042391 0.310006 -0.00200419 -0.00366683 -0.00545541 0.397706 0.0605582 -0.00340509
internal_weight=11985 111 11874 153 89 11721 55 11666 64 50 11596 209 52 11387 11263 124 84 56 11224 11204 40 11183 11100 83 11073 11045 10996 49 63 10969
internal_count=11985 111 11874 153 89 11721 55 11666 64 50 11596 209 52 11387 11263 124 84 56 11224 11204 40 11183 11100 83 11073 11045 10996 49 63 10969
is_linear=0
shrinkage=0.05


Tree=135
num_leaves=31
num_cat=0
split_feature=6 3 0 4 6 2 6 4 4 0 8 0 6 7 4 5 0 6 6 1 0 4 4 0 0 8 1 4 3 2
split_gain=2306.33 10436.5 10485.9 4118.97 7120.78 36772.3 3038.34 3517.47 6847.5 1645.95 8320.24 12366 13804.8 8154.46 3941.88 3590.2 12010.6 8695.93 13006.9 20497 14173.7 11748.4 10449 8729.27 13618.2 9625.7 11827.4 6210.04 17145.2 23784.8
threshold=944.50000000000011 3.5000000000000004 29.950000000000003 938.50000000000011 928.50000000000011 58.500000000000007 920.50000000000011 926.50000000000011 892.50000000000011 16.250000000000004 11.500000000000002 19.650000000000002 478.50000000000006 11.500000000000002 178.50000000000003 91.500000000000014 16.450000000000003 858.50000000000011 758.50000000000011 717.50000000000011 22.950000000000003 624.50000000000011 683.50000000000011 24.250000000000004 23.450000000000003 4.5000000000000009 412.50000000000006 175.50000000000003 93.500000000000014 58.500000000000007
decision_type=2 2 2 2 2 2 2 2 2 2 2 2 2 2 2 2 2 2 2 2 2 2 2 2 2 2 2 2 2 2
left_child=3 2 -2 4 6 -6 7 8 9 -1 15 12 13 -12 -15 -11 -17 18 19 21 -21 23 -20 24 27 -25 -27 -18 -29 -30
right_child=1 -3 -4 -5 5 -7 -8 -9 -10 10 11 -13 -14 14 -16 16 17 -19 22 20 -22 -23 -24 25 -26 26 -28 28 29 -31
leaf_value=-0.027738642222482582 -0.89464962803400483 0.95703252761652979 0.49980082676546389 0.53214164047191548 -2.0501730521519979 0.52202930179509255 0.5289919498342055 -0.57205802665816419 0.43133400626234963 0.014675134744644625 -0.24630327291595633 1.4030577709277472 -1.04260857000947 0.17590882288401619 0.84394167240649942 1.0503266188231382 -0.0098652429287803597 -1.1636054229736328 -0.080146542617252903 -0.28810629532450721 -2.1041450782255695 1.0203618651174982 1.4624750176201697 -0.41306355628029756 -1.4581180978389015 0.1579330017933479 1.6078279061750935 -0.10930053943670111 -2.3091322959711156 -0.10548434329032899
leaf_weight=4509 26 33 28 36 24 33 27 27 91 6216 39 24 20 34 63 22 290 20 21 21 22 23 23 30 21 39 22 152 24 25
leaf_count=4509 26 33 28 36 24 33 27 27 91 6216 39 24 20 34 63 22 290 20 21 21 22 23 23 30 21 39 22 152 24 25
internal_value=-4.71006e-10 0.256501 -0.171601 -0.00187558 -0.00349627 -0.561003 -0.000804365 -0.00201887 -0.000709109 -0.00408097 0.0108362 0.34647 0.183918 0.36429 0.609786 0.00216967 -0.100789 -0.135338 -0.106495 -0.161263 -1.21724 -0.0887274 0.726224 -0.131031 -0.211233 0.320216 0.680846 -0.157904 -0.371492 -1.18482
internal_weight=11985 87 54 11898 11862 57 11805 11778 11751 11660 7151 180 156 136 97 6971 755 733 713 669 43 626 44 603 512 91 61 491 201 49
internal_count=11985 87 54 11898 11862 57 11805 11778 11751 11660 7151 180 156 136 97 6971 755 733 713 669 43 626 44 603 512 91 61 491 201 49
is_linear=0
shrinkage=0.05


Tree=136
num_leaves=31
num_cat=0
split_feature=0 3 3 5 8 2 3 0 2 1 6 5 1 8 5 1 1 0 4 2 3 8 7 3 6 6 2 0 6 6
split_gain=2179.96 6107.79 4395.51 2937.88 3285.78 2589.35 2696.1 2348.23 2080.92 34037.7 8614.29 10767.4 8536.81 3989.12 2926.08 10476.6 10001.6 39649.1 11852.2 14007.9 9886.8 8169.12 6856.39 8867.41 6234.1 14282.6 14717.4 21508.8 12605.6 13589.5
threshold=29.450000000000003 51.500000000000007 32.500000000000007 7.5000000000000009 6.5000000000000009 48.500000000000007 1.0000000180025095e-35 32.750000000000007 35.500000000000007 848.50000000000011 619.50000000000011 70.500000000000014 585.50000000000011 4.5000000000000009 44.500000000000007 821.50000000000011 783.50000000000011 23.250000000000004 667.50000000000011 67.500000000000014 28.500000000000004 3.5000000000000004 13.500000000000002 30.500000000000004 742.50000000000011 684.50000000000011 54.500000000000007 19.750000000000004 663.50000000000011 640.50000000000011
decision_type=2 2 2 2 2 2 2 2 2 2 2 2 2 2 2 2 2 2 2 2 2 2 2 2 2 2 2 2 2 2
left_child=8 2 3 -2 5 7 -7 -5 9 10 12 13 -1 -12 -10 16 18 -18 24 21 -17 -20 -23 -24 25 28 -27 -28 29 -16
right_child=1 -3 -4 4 -6 6 -8 -9 14 -11 11 -13 -14 -15 15 20 17 -19 19 -21 -22 22 23 -25 -26 26 27 -29 -30 -31
leaf_value=-0.0589270143350967 -0.089160271821758508 0.81637959539959282 -0.57524394105981902 -0.087834056810690814 0.072567292905202321 0.33365693968885091 1.0440212650732561 0.57854141116142277 -0.023958314013998581 -2.0756431715829033 0.35943344011902811 1.2949748753309249 -0.9500410815765119 -0.41946251527965073 0.018625385100046129 0.17760055067611266 -1.7836724488064648 0.97371029203588311 1.6161488679322329 -0.45010235828738065 1.1127308293086726 0.98146641254425049 -0.68096315562725074 0.79011473471210125 0.63879799300279372 0.44181681394577033 -0.03943532860797385 -2.1201718034567656 1.2094040656631644 -0.8854171452068148
leaf_weight=367 208 27 27 39 496 34 22 20 6056 21 48 25 29 25 4046 91 32 22 22 31 41 42 20 21 39 20 23 27 22 42
leaf_count=367 208 27 27 39 496 34 22 20 6056 21 48 25 29 25 4046 91 32 22 22 31 41 42 20 21 39 20 23 27 22 42
internal_value=2.87742e-10 0.0760788 0.0524522 0.0731455 0.128398 0.369201 0.612729 0.138056 -0.00597703 -0.104127 -0.0203174 0.399394 -0.124185 0.0926882 -0.00120709 0.0291346 0.0159937 -0.660294 0.0243794 0.4838 0.468058 0.759524 0.532467 0.0725158 0.00956992 0.00369913 -0.704504 -1.16303 0.015761 0.00933728
internal_weight=11985 873 846 819 611 115 56 59 11112 515 494 98 396 73 10597 4541 4409 54 4355 136 132 105 83 41 4219 4180 70 50 4110 4088
internal_count=11985 873 846 819 611 115 56 59 11112 515 494 98 396 73 10597 4541 4409 54 4355 136 132 105 83 41 4219 4180 70 50 4110 4088
is_linear=0
shrinkage=0.05


Tree=137
num_leaves=31
num_cat=0
split_feature=0 5 4 3 5 4 6 0 0 6 1 0 8 1 2 6 1 6 3 6 2 1 4 8 1 1 5 6 6 2
split_gain=2066.96 2754.03 2175.29 7420.51 6580.54 4439.16 19895.5 3128.92 3065.14 2876.49 10877.1 1900.29 4220.27 6040.7 2108.65 3168.95 1926.71 8760.48 28893.8 5933.17 8733.25 5196.79 6297.29 4951.48 2672.78 3225.69 13499.4 3834.23 3067 12213.7
threshold=33.250000000000007 10.500000000000002 918.50000000000011 19.500000000000004 22.500000000000004 903.50000000000011 917.50000000000011 23.950000000000003 26.750000000000004 920.50000000000011 917.50000000000011 31.350000000000005 6.5000000000000009 594.50000000000011 24.500000000000004 643.50000000000011 878.50000000000011 862.50000000000011 31.500000000000004 840.50000000000011 61.500000000000007 855.50000000000011 850.50000000000011 5.5000000000000009 844.50000000000011 821.50000000000011 58.500000000000007 834.50000000000011 808.50000000000011 53.500000000000007
decision_type=2 2 2 2 2 2 2 2 2 2 2 2 2 2 2 2 2 2 2 2 2 2 2 2 2 2 2 2 2 2
left_child=2 -2 5 4 7 9 -7 -4 -9 11 -11 14 13 -13 15 -1 17 21 -19 -18 23 24 -23 -21 25 27 -27 28 -16 -30
right_child=1 -3 3 -5 -6 6 -8 8 -10 10 -12 12 -14 -15 16 -17 19 18 -20 20 -22 22 -24 -25 -26 26 -28 -29 29 -31
leaf_value=0.069260699723695571 -0.027650395088028492 0.47063856064169496 0.7673721404302688 0.7910618212662246 -0.56401729986474325 0.3233056361636808 -1.6994178652763368 -0.44528143614530563 0.32299332812025744 1.2289916591210801 -0.1614317631110167 0.11855976917780936 -0.02624920122340442 -1.0032596961657207 -0.0041063597216845675 0.80077108204364777 -0.54179859313936463 0.25124825087248109 -1.6142824840545655 1.3161839466828567 -0.16309004041709399 1.0687769322395324 -0.042635740339756013 0.26974248468875883 -0.47501345038414 -0.14903559234331956 1.3917693206242152 0.54200806547887626 0.49697390794754032 -0.93362746786426853
leaf_weight=57 57 54 21 38 37 31 20 20 37 22 39 20 155 30 10896 20 21 51 35 26 38 25 26 20 30 44 21 32 25 37
leaf_count=57 57 54 21 38 37 31 20 20 37 22 39 20 155 30 10896 20 21 51 35 26 38 25 26 20 30 44 21 32 25 37
internal_value=1.30399e-10 0.21476 -0.00200761 0.185305 -0.0148583 -0.0044527 -0.469919 0.24564 0.0534232 -0.00241852 0.340032 -0.00421795 -0.155099 -0.554532 -0.00150569 0.259263 -0.00327838 -0.00527309 -0.507979 0.209909 0.397836 -0.00139084 0.502174 0.861209 -0.00370765 -0.00242867 0.348763 -0.00450578 -0.00610173 -0.356772
internal_weight=11985 111 11874 153 115 11721 51 78 57 11670 61 11609 205 50 11404 77 11327 11222 86 105 84 11136 51 46 11085 11055 65 10990 10958 62
internal_count=11985 111 11874 153 115 11721 51 78 57 11670 61 11609 205 50 11404 77 11327 11222 86 105 84 11136 51 46 11085 11055 65 10990 10958 62
is_linear=0
shrinkage=0.05


Tree=138
num_leaves=31
num_cat=0
split_feature=6 0 1 6 8 4 1 6 0 1 0 7 6 6 6 1 3 8 4 1 4 6 1 6 4 4 1 8 7 4
split_gain=2030.6 2829.87 2676.29 2251.84 16292.1 3614.39 3153.83 2379.18 2281.6 1975.66 3079.04 1626.64 7587.13 5673.06 4183.67 4264.25 47855.3 14078.2 14261 9658.33 8308.32 4210.8 14536.5 18205.5 9394.55 8457.31 6997.5 16697 8369.66 5632.32
threshold=948.50000000000011 29.050000000000004 953.50000000000011 928.50000000000011 5.5000000000000009 892.50000000000011 893.50000000000011 862.50000000000011 31.950000000000003 925.50000000000011 24.250000000000004 12.500000000000002 903.50000000000011 910.50000000000011 873.50000000000011 758.50000000000011 48.500000000000007 4.5000000000000009 808.50000000000011 753.50000000000011 691.50000000000011 600.50000000000011 594.50000000000011 643.50000000000011 537.50000000000011 616.50000000000011 679.50000000000011 5.5000000000000009 11.500000000000002 628.50000000000011
decision_type=2 2 2 2 2 2 2 2 2 2 2 2 2 2 2 2 2 2 2 2 2 2 2 2 2 2 2 2 2 2
left_child=3 -2 -3 5 -5 11 7 -7 -6 10 -8 12 14 -13 15 19 17 18 -17 21 -19 29 25 24 -24 -23 27 -25 -28 -1
right_child=1 2 -4 4 8 6 9 -9 -10 -11 -12 13 -14 -15 -16 16 -18 20 -20 -21 -22 22 23 26 -26 -27 28 -29 -30 -31
leaf_value=-0.029611189897659863 0.66982633791587975 0.41285258403846198 -0.38540248984382269 -1.126948817029144 0.61214473247528078 0.2093665650597325 0.30732352040134947 0.86718145619545661 -0.05074269402027131 0.35081685486321268 -0.41100267750876296 0.013598348014567514 -0.92622007909028425 0.66156915106317582 0.52869297425661776 -1.7644097632169726 -2.5056879321734113 1.1878152914345266 0.026879282057285309 1.085169387459755 0.093139063406449105 1.5941210558017096 1.4316475945136822 -1.383212012993662 0.29323517961830303 0.36822107556988215 0.34435763665607999 -0.015186468760172525 -0.54194048365881275 0.5977485325601366
leaf_weight=5755 27 21 21 33 27 27 26 28 25 39 35 5196 23 34 35 20 21 20 25 20 130 24 24 38 74 34 70 54 43 36
leaf_count=5755 27 21 21 33 27 27 26 28 25 39 35 5196 23 34 35 20 21 20 25 20 130 24 24 38 74 34 70 54 43 36
internal_value=1.85824e-10 0.27046 0.013725 -0.00156611 -0.258 0.000276241 0.240136 0.544254 0.293449 0.0728718 -0.104831 -0.00290793 -0.0197182 0.0178108 -0.0164721 -0.0194591 -0.23783 0.00640088 -0.769249 -0.0118168 0.239096 -0.0153831 0.150296 0.0114799 0.57203 0.87549 -0.25649 -0.58024 0.00709375 -0.0257112
internal_weight=11985 69 42 11916 85 11831 155 55 52 100 61 11676 6446 5230 6423 6388 216 195 45 6172 150 6152 361 303 98 58 205 92 113 5791
internal_count=11985 69 42 11916 85 11831 155 55 52 100 61 11676 6446 5230 6423 6388 216 195 45 6172 150 6152 361 303 98 58 205 92 113 5791
is_linear=0
shrinkage=0.05


Tree=139
num_leaves=31
num_cat=0
split_feature=4 8 7 0 3 5 4 5 7 2 4 6 6 5 3 2 3 6 6 1 1 0 6 1 6 5 6 5 5 5
split_gain=1887.24 2354.02 6437.73 6655.9 25567.3 19536.6 10256.9 9414.19 16003 31765.1 16287.3 6768.26 6273.99 6148.36 5351.99 4866.43 5935.54 5900.46 4724.26 5619.44 7766.53 4581.27 8860.85 6411.35 14187 13321.8 5102.16 4456.2 4321.8 4299.06
threshold=1.0000000180025095e-35 2.5000000000000004 11.500000000000002 17.350000000000005 93.500000000000014 77.500000000000014 533.50000000000011 84.500000000000014 14.500000000000002 64.500000000000014 347.50000000000006 643.50000000000011 498.50000000000006 99.500000000000014 15.500000000000002 71.500000000000014 91.500000000000014 92.500000000000014 415.50000000000006 365.50000000000006 331.50000000000006 13.950000000000001 92.500000000000014 264.50000000000006 271.50000000000006 85.500000000000014 565.00000000000011 39.500000000000007 40.500000000000007 41.500000000000007
decision_type=2 2 2 2 2 2 2 2 2 2 2 2 2 2 2 2 2 2 2 2 2 2 2 2 2 2 2 2 2 2
left_child=-1 2 18 7 6 -6 12 11 9 -9 13 -4 14 -10 -5 -3 21 -18 19 20 -2 22 -17 -23 -25 26 -26 -8 -19 -28
right_child=1 15 3 4 5 -7 27 8 10 -11 -12 -13 -14 -15 -16 16 17 28 -20 -21 -22 23 -24 24 25 -27 29 -29 -30 -31
leaf_value=-0.021210970891476073 -0.16357535787895594 0.0095338017037363415 0.033707045238447662 0.53336424207580946 -0.15313865631818771 -2.2898694981699403 0.2633652116243656 0.24348038966591293 1.073105748416856 2.7167215514183045 -1.10464513561 -0.90733876824378967 -0.95004140599207454 0.12841702715234191 -0.4532512678040399 0.02553028893464851 0.048782908186620594 0.24571437791921202 -0.79108454844716825 0.43535312712192537 -1.161427622749692 0.047113233553537186 -1.1824543319642544 1.4919512909650803 0.22945900472501912 1.4138445699214937 0.075686966478824613 1.2426410956042153 1.0724229884702108 -0.96102167010307316
leaf_weight=5593 273 4262 428 28 20 23 26 37 24 20 23 20 22 61 27 63 49 25 33 35 21 607 20 25 96 20 20 21 43 20
leaf_count=5593 273 4262 428 28 20 23 26 37 24 20 23 20 22 61 27 63 49 25 33 35 21 607 20 25 96 20 20 21 43 20
internal_value=2.13468e-10 0.0185596 -0.0464988 0.0343755 -0.245457 -1.29604 0.118859 0.11061 0.433481 1.11128 0.0757513 -0.00830393 -0.236422 0.395153 0.0490257 0.0327113 0.132694 0.467072 -0.220758 -0.163552 -0.234851 0.0877774 -0.26555 0.124993 0.386172 0.208963 0.0317748 0.700914 0.768486 -0.442667
internal_weight=11985 6392 1142 780 167 43 124 613 165 57 108 448 77 85 55 5250 988 117 362 329 294 871 83 788 181 156 136 47 68 40
internal_count=11985 6392 1142 780 167 43 124 613 165 57 108 448 77 85 55 5250 988 117 362 329 294 871 83 788 181 156 136 47 68 40
is_linear=0
shrinkage=0.05


Tree=140
num_leaves=31
num_cat=0
split_feature=6 3 0 6 1 6 6 7 6 6 4 6 2 1 1 3 0 6 1 5 6 0 6 0 6 5 3 6 7 6
split_gain=1859.59 8786.79 9491.26 3583.59 3974.11 2927.21 3118.3 1489.05 12581.1 5646.76 3654.89 11561.2 24847.9 14954.1 10593.8 17171.1 8439.43 5036.94 3571.36 17982.1 5245.45 7506.07 3095.94 13261.9 16215.5 7534.22 6843.07 4262.32 2818.28 10428.8
threshold=944.50000000000011 3.5000000000000004 29.950000000000003 936.50000000000011 944.50000000000011 928.50000000000011 920.50000000000011 11.500000000000002 808.50000000000011 787.50000000000011 664.50000000000011 643.50000000000011 41.500000000000007 626.50000000000011 646.50000000000011 9.5000000000000018 25.950000000000003 735.50000000000011 585.50000000000011 58.500000000000007 512.50000000000011 19.350000000000005 412.50000000000006 22.450000000000003 435.50000000000006 67.500000000000014 21.500000000000004 471.50000000000006 14.500000000000002 465.50000000000006
decision_type=2 2 2 2 2 2 2 2 2 2 2 2 2 2 2 2 2 2 2 2 2 2 2 2 2 2 2 2 2 2
left_child=3 2 -2 4 5 6 7 8 9 10 11 13 -13 18 -14 -16 -15 -12 20 -20 22 -22 -1 24 -24 -26 27 -25 29 -9
right_child=1 -3 -4 -5 -6 -7 -8 28 -10 -11 17 12 14 16 15 -17 -18 -19 19 -21 21 -23 23 26 25 -27 -28 -29 -30 -31
leaf_value=-0.016545396957510214 -0.85039309652952044 0.87310736043886716 0.47627745728407594 -0.52200274214600073 0.5843641901838369 -0.5122957643653665 0.54651187222737529 0.45533592170732889 -1.1384594322443009 0.63778252619685549 0.60172727661473413 -2.1360839974880217 0.76951762004332114 1.4703163201992329 0.15169713365681031 -1.6946394813060761 0.1700890539214015 -0.036521548248719476 0.087510508992548641 -1.651124637424946 0.96753855715505788 0.064623735272666308 -1.5472059239943823 0.13855475151360455 0.20298017526781839 -0.90284593800703683 0.73115009498946815 -0.53563569332872119 -0.002294859430612996 0.027547711292553484
leaf_weight=5227 26 33 28 33 29 28 26 163 25 33 56 20 22 26 34 20 24 69 58 20 32 82 33 71 43 24 34 35 4500 1131
leaf_count=5227 26 33 28 33 29 28 26 163 25 33 56 20 22 26 34 20 24 69 58 20 32 82 33 71 43 24 34 35 4500 1131
internal_value=-2.45286e-10 0.230323 -0.16249 -0.00168416 -0.000237 -0.00166936 -0.000458527 -0.00166556 -0.0191505 -0.0144577 -0.0180874 -0.0238475 -0.567994 -0.0146974 -0.155338 -0.532131 0.846207 0.249414 -0.0223039 -0.358293 -0.0176082 0.318074 -0.0246079 -0.200203 -0.63998 -0.193137 0.113923 -0.0840553 0.0164048 0.0814345
internal_weight=11985 87 54 11898 11865 11836 11808 11782 5988 5963 5930 5805 96 5709 76 54 50 125 5659 78 5581 114 5467 240 100 67 140 106 5794 1294
internal_count=11985 87 54 11898 11865 11836 11808 11782 5988 5963 5930 5805 96 5709 76 54 50 125 5659 78 5581 114 5467 240 100 67 140 106 5794 1294
is_linear=0
shrinkage=0.05


Tree=141
num_leaves=31
num_cat=0
split_feature=0 5 0 4 6 0 5 3 4 3 5 8 2 3 0 5 6 0 0 6 1 6 2 6 6 2 1 1 6 4
split_gain=1815.77 2515.06 1794.26 3820.65 8703.53 2663.04 5976.9 6876.06 2952.14 4153.8 2326.66 2090.13 2322.71 3101.55 2748.8 2022.09 2019.26 21179.9 15148.9 2926.79 2629.72 4207.24 8596.22 5772.07 12728.9 7028.76 4441.93 8218.73 2687.06 9557.24
threshold=33.250000000000007 17.500000000000004 31.950000000000003 829.50000000000011 825.50000000000011 29.450000000000003 7.5000000000000009 36.500000000000007 745.50000000000011 14.500000000000002 1.5000000000000002 6.5000000000000009 60.500000000000007 1.0000000180025095e-35 30.650000000000002 53.500000000000007 928.50000000000011 24.050000000000004 26.450000000000003 917.50000000000011 920.50000000000011 896.50000000000011 56.500000000000007 878.50000000000011 862.50000000000011 60.500000000000007 886.50000000000011 865.50000000000011 834.50000000000011 847.50000000000011
decision_type=2 2 2 2 2 2 2 2 2 2 2 2 2 2 2 2 2 2 2 2 2 2 2 2 2 2 2 2 2 2
left_child=2 -2 5 4 -4 16 10 8 9 15 -7 -10 14 -14 -13 -8 19 -18 -19 20 21 23 -23 24 26 -26 27 28 -1 -30
right_child=1 -3 3 -5 -6 6 7 -9 11 -11 -12 12 13 -15 -16 -17 17 18 -20 -21 -22 22 -24 -25 25 -27 -28 -29 29 -31
leaf_value=-0.0055479662726300076 -0.0064579726211608408 0.47395515452759968 -0.081196404337173414 0.16109808143228294 -1.2176002015238225 -0.089036578260321214 0.015498203490401659 0.81410622963538537 0.57303447018067044 -0.62430717647075662 -0.59678371115432438 -0.44740647268295286 -0.071423400594637948 0.60185470277070996 0.21478616265313968 0.39894544235089935 -1.5578005021268673 1.2813200284134258 -0.50139985336707193 0.54782000333070757 0.49732102797581601 0.3845813746750355 -0.91485829268183039 0.5956002694368363 -1.5592253217101097 -0.23363531291484835 -0.72933282781214948 0.90408392751216893 0.94189884774386889 -0.23088631057425549
leaf_weight=10741 63 48 63 51 23 91 213 39 45 23 30 25 26 50 42 41 22 22 26 24 26 20 35 40 20 20 21 25 32 38
leaf_count=10741 63 48 63 51 23 91 213 39 45 23 30 25 26 50 42 41 22 22 26 24 26 20 35 40 20 20 21 25 32 38
internal_value=3.69719e-10 0.201288 -0.00188167 -0.181782 -0.385118 0.000218215 0.100642 0.176403 0.122918 0.0191293 -0.214924 0.275841 0.182319 0.371523 -0.0323006 0.0773932 -0.00543017 -0.273128 0.31568 -0.00373312 -0.00493454 -0.00612256 -0.442335 -0.00392893 -0.00612964 -0.89643 -0.00284955 -0.00144163 -0.00353562 0.305244
internal_weight=11985 111 11874 137 86 11737 625 504 465 277 121 188 143 76 67 254 11112 70 48 11042 11018 10992 55 10937 10897 40 10857 10836 10811 70
internal_count=11985 111 11874 137 86 11737 625 504 465 277 121 188 143 76 67 254 11112 70 48 11042 11018 10992 55 10937 10897 40 10857 10836 10811 70
is_linear=0
shrinkage=0.05


Tree=142
num_leaves=31
num_cat=0
split_feature=6 3 2 6 1 6 6 4 4 3 4 6 1 8 5 5 8 2 6 1 4 3 0 0 0 0 4 1 6 0
split_gain=1700.59 8318.4 4271.63 3310.19 3390.54 2539.29 2712.33 1468.96 4633.96 1366.88 1746.05 1253.07 14582.7 7182.71 22720.2 21913.9 23498.1 6955.07 6459.99 10184.8 8058.11 6910.04 7123.54 11553.1 7614.81 33283.3 5191.01 10396.8 5075.69 4908.1
threshold=944.50000000000011 10.500000000000002 50.500000000000007 936.50000000000011 944.50000000000011 928.50000000000011 920.50000000000011 892.50000000000011 926.50000000000011 24.500000000000004 910.50000000000011 693.50000000000011 787.50000000000011 3.5000000000000004 92.500000000000014 99.500000000000014 4.5000000000000009 38.500000000000007 708.50000000000011 650.50000000000011 613.50000000000011 97.500000000000014 20.350000000000005 19.550000000000004 22.850000000000005 23.250000000000004 748.50000000000011 720.50000000000011 834.50000000000011 24.250000000000004
decision_type=2 2 2 2 2 2 2 2 2 2 2 2 2 2 2 2 2 2 2 2 2 2 2 2 2 2 2 2 2 2
left_child=3 2 -2 4 5 6 7 11 9 10 -9 12 -1 14 17 18 -17 -13 -15 -20 -21 22 23 -22 28 -26 27 -19 -24 -27
right_child=1 -3 -4 -5 -6 -7 -8 8 -10 -11 -12 13 -14 15 -16 16 -18 26 19 20 21 -23 24 -25 25 29 -28 -29 -30 -31
leaf_value=-0.0013606821643346214 0.41668133316216649 1.0606359535997565 -0.40584522403384515 -0.50168688658512006 0.53975580375770049 -0.47713313241090094 0.50970902488781855 -0.0036421471275389196 -0.29018058196494451 0.72352135805856621 0.51470835733255649 0.52165701185784685 1.0513558971441606 -0.67948061714046881 1.4938836226860683 -1.8740135648846625 0.032974902391433712 0.045084734757741295 0.6941396178677679 0.80922707777756919 0.032119732178174536 -0.98032162586847937 0.15720499813556674 -1.5663175736367703 -2.0848971223831181 0.47922615345488206 0.078176378275988237 -1.4984820914268493 1.0185015726547977 -0.053299068853327441
leaf_weight=10525 27 22 38 33 29 28 26 32 38 21 33 41 33 38 30 35 30 24 48 26 26 21 50 20 20 47 53 20 26 545
leaf_count=10525 27 22 38 33 29 28 26 32 38 21 33 41 33 38 30 35 30 24 48 26 26 21 50 20 20 47 53 20 26 545
internal_value=-1.85767e-10 0.220256 -0.0641803 -0.00161055 -0.000219688 -0.00154271 -0.000414955 -0.00154067 0.169644 0.372823 0.25952 -0.00336148 0.00192968 -0.054147 0.246787 -0.108393 -0.993865 -0.0243212 -0.0420077 -0.012787 -0.0562344 -0.0860384 -0.0604527 -0.662853 -0.0201759 -0.0787946 -0.255095 -0.656537 0.451859 -0.0110209
internal_weight=11985 87 65 11898 11865 11836 11808 11782 124 86 65 11658 10558 1100 168 932 65 138 867 829 781 755 734 46 688 612 97 44 76 592
internal_count=11985 87 65 11898 11865 11836 11808 11782 124 86 65 11658 10558 1100 168 932 65 138 867 829 781 755 734 46 688 612 97 44 76 592
is_linear=0
shrinkage=0.05


Tree=143
num_leaves=31
num_cat=0
split_feature=0 5 2 7 6 8 8 7 4 5 5 4 1 5 5 1 0 5 1 4 6 3 3 5 5 2 6 6 1 1
split_gain=1688.77 4823.85 11394 6879.01 14001.1 6277.06 3556.57 32321.6 13261.1 7801.4 3996.85 2653.21 5620.66 2359.24 2620.63 2300.52 2150.79 5930.93 2197.71 5463.74 4378.31 2848.23 2045.89 1998.89 2048.87 1837.73 1787.45 9296.49 5653.63 9220.7
threshold=26.250000000000004 69.500000000000014 23.500000000000004 13.500000000000002 679.50000000000011 6.5000000000000009 5.5000000000000009 13.500000000000002 808.50000000000011 11.500000000000002 57.500000000000007 860.50000000000011 886.50000000000011 36.500000000000007 22.500000000000004 640.50000000000011 26.150000000000002 52.500000000000007 932.50000000000011 943.50000000000011 910.50000000000011 9.5000000000000018 1.0000000180025095e-35 64.500000000000014 61.500000000000007 46.500000000000007 873.50000000000011 862.50000000000011 886.50000000000011 865.50000000000011
decision_type=2 2 2 2 2 2 2 2 2 2 2 2 2 2 2 2 2 2 2 2 2 2 2 2 2 2 2 2 2 2
left_child=16 6 -3 5 -5 -4 7 8 -2 -9 11 -8 -13 14 25 23 18 -18 20 -20 26 -22 -16 24 -12 -14 27 28 29 -1
right_child=1 2 3 4 -6 -7 10 9 -10 -11 15 12 13 -15 22 -17 17 -19 19 -21 21 -23 -24 -25 -26 -27 -28 -29 -30 -31
leaf_value=-0.0062008317972235896 -2.250718855857849 -0.61832627147436148 1.6305955377492038 0.91813058515389767 -0.68401353454589842 0.48304812272007647 -0.0047322675788260922 -0.16701466847549787 -0.45173347258851648 1.0725975423554581 0.27690991298295559 0.75594080885251369 -0.14208380699609266 0.43335503269644349 -0.61523607549843973 0.70771363357702899 0.093125165021047007 -1.0044719462096692 0.85458781824757668 -0.26438823297619818 -0.10832741975784302 -0.9521618659794332 0.051975712217390536 0.60148154310882096 -0.3586852478129523 0.34915772068831658 0.2323299800212949 -1.0346421686085789 -0.84546320680063225 1.0426401945806685
leaf_weight=9748 20 25 22 30 25 26 1440 22 21 30 32 36 33 34 27 30 32 20 24 20 20 20 20 21 21 45 78 22 20 21
leaf_count=9748 20 25 22 30 25 26 1440 22 21 30 32 36 33 34 27 30 32 20 24 20 20 20 20 21 21 45 78 22 20 21
internal_value=1.98669e-11 0.0424473 0.339201 0.571611 0.189883 1.00901 0.0217134 -0.27954 -1.32929 0.548146 0.0378241 0.0187064 0.191792 0.06406 -0.0363882 0.338377 -0.00829893 -0.329028 -0.00662663 0.345962 -0.00818911 -0.530245 -0.331316 0.188646 0.0250703 0.141325 -0.00607745 -0.00797285 -0.00566549 -0.00394618
internal_weight=11985 1960 128 103 55 48 1832 93 41 52 1739 1635 195 159 125 104 10025 52 9973 44 9929 40 47 74 53 78 9889 9811 9789 9769
internal_count=11985 1960 128 103 55 48 1832 93 41 52 1739 1635 195 159 125 104 10025 52 9973 44 9929 40 47 74 53 78 9889 9811 9789 9769
is_linear=0
shrinkage=0.05


Tree=144
num_leaves=31
num_cat=0
split_feature=0 3 2 5 5 8 0 3 2 1 6 5 1 8 2 6 4 3 6 6 2 1 4 2 2 5 8 0 2 0
split_gain=1567.41 5176.05 3745.98 4474.33 2962.98 4075.16 2752.75 2247.77 1949.82 30428.6 7265.32 9128.46 8045.04 3224.48 2592.02 10047.7 3890.29 5095.26 7238.38 3005.73 21283.8 19339 21565.7 11818 15247.4 25760.3 39890.6 39362.4 61453 86367.5
threshold=29.450000000000003 51.500000000000007 24.500000000000004 59.500000000000007 7.5000000000000009 6.5000000000000009 31.350000000000005 1.0000000180025095e-35 35.500000000000007 848.50000000000011 619.50000000000011 70.500000000000014 585.50000000000011 4.5000000000000009 38.500000000000007 693.50000000000011 562.50000000000011 19.500000000000004 225.50000000000003 693.50000000000011 40.500000000000007 738.50000000000011 811.50000000000011 49.500000000000007 59.500000000000007 10.500000000000002 3.5000000000000004 26.450000000000003 52.500000000000007 22.850000000000005
decision_type=2 2 2 2 2 2 2 2 2 2 2 2 2 2 2 2 2 2 2 2 2 2 2 2 2 2 2 2 2 2
left_child=8 2 -2 4 -4 6 7 -6 9 10 12 13 -1 -12 15 16 17 -10 -19 21 -21 -16 -23 -22 25 -25 -27 28 -28 -30
right_child=1 -3 3 -5 5 -7 -8 -9 14 -11 11 -13 -14 -15 19 -17 -18 18 -20 20 23 22 -24 24 -26 26 27 -29 29 -31
leaf_value=-0.052872742329818027 -0.60114091075956821 0.74600978140477781 -0.12909683094700661 0.58984723930296146 0.34033714291639627 0.03530518051327914 -0.044586224436759948 0.94470665717124946 -0.10787405141384195 -1.9641402573812579 0.32203747762832791 1.1892233561575414 -0.91793977022171025 -0.37824039435386658 -0.0019164316237607324 0.88643589094281205 -0.55703144993346476 0.024501367112000783 1.2525063806772234 -1.6684335651851836 0.35662150514692492 1.7852661548182369 -0.11481914222240448 0.39787859949283305 0.047650550491435656 0.82329546995460989 0.4579555088823492 -0.13613756026251841 -0.78942101020365962 -4.4924709131640777
leaf_weight=367 22 27 205 38 40 491 25 25 95 21 48 25 29 25 9542 40 26 30 20 21 142 32 28 64 381 32 22 59 32 31
leaf_count=367 22 27 205 38 40 491 25 25 95 21 48 25 29 25 9542 40 26 30 20 21 142 32 28 64 381 32 22 59 32 31
internal_value=-2.18349e-10 0.0645107 0.0427607 0.0599523 0.034334 0.0919989 0.401294 0.572787 -0.0050682 -0.100076 -0.0208344 0.364616 -0.116224 0.0822163 -0.000450951 0.173041 0.00616559 0.107153 0.515703 -0.00397559 -0.098109 0.00371037 0.89856 -0.0548891 -0.148987 -0.461148 -0.773521 -1.12837 -1.81709 -2.61156
internal_weight=11985 873 846 824 786 581 90 65 11112 515 494 98 396 73 10597 211 171 145 50 10386 784 9602 60 763 621 240 176 144 85 63
internal_count=11985 873 846 824 786 581 90 65 11112 515 494 98 396 73 10597 211 171 145 50 10386 784 9602 60 763 621 240 176 144 85 63
is_linear=0
shrinkage=0.05


end of trees

feature_importances:
nwp_radiation=866
radiation_yesterday=715
shortwave_radiation=688
temperature_2m=572
nwp_cloud=529
relative_humidity_2m=372
cloud_cover=339
month=185
hour=84

parameters:
[boosting: gbdt]
[objective: regression]
[metric: l1]
[tree_learner: serial]
[device_type: cpu]
[data_sample_strategy: bagging]
[data: ]
[valid: ]
[num_iterations: 1000]
[learning_rate: 0.05]
[num_leaves: 31]
[num_threads: 2]
[seed: 0]
[deterministic: 1]
[force_col_wise: 1]
[force_row_wise: 0]
[histogram_pool_size: -1]
[max_depth: -1]
[min_data_in_leaf: 20]
[min_sum_hessian_in_leaf: 0.001]
[bagging_fraction: 1]
[pos_bagging_fraction: 1]
[neg_bagging_fraction: 1]
[bagging_freq: 0]
[bagging_seed: 7719]
[bagging_by_query: 0]
[feature_fraction: 1]
[feature_fraction_bynode: 1]
[feature_fraction_seed: 2437]
[extra_trees: 0]
[extra_seed: 11797]
[early_stopping_round: 0]
[early_stopping_min_delta: 0]
[first_metric_only: 0]
[max_delta_step: 0]
[lambda_l1: 0]
[lambda_l2: 0]
[linear_lambda: 0]
[min_gain_to_split: 0]
[drop_rate: 0.1]
[max_drop: 50]
[skip_drop: 0.5]
[xgboost_dart_mode: 0]
[uniform_drop: 0]
[drop_seed: 21238]
[top_rate: 0.2]
[other_rate: 0.1]
[min_data_per_group: 100]
[max_cat_threshold: 32]
[cat_l2: 10]
[cat_smooth: 10]
[max_cat_to_onehot: 4]
[top_k: 20]
[monotone_constraints: ]
[monotone_constraints_method: basic]
[monotone_penalty: 0]
[feature_contri: ]
[forcedsplits_filename: ]
[refit_decay_rate: 0.9]
[cegb_tradeoff: 1]
[cegb_penalty_split: 0]
[cegb_penalty_feature_lazy: ]
[cegb_penalty_feature_coupled: ]
[path_smooth: 0]
[interaction_constraints: ]
[verbosity: -1]
[saved_feature_importance_type: 0]
[use_quantized_grad: 0]
[num_grad_quant_bins: 4]
[quant_train_renew_leaf: 0]
[stochastic_rounding: 1]
[linear_tree: 0]
[max_bin: 255]
[max_bin_by_feature: ]
[min_data_in_bin: 3]
[bin_construct_sample_cnt: 200000]
[data_random_seed: 38]
[is_enable_sparse: 1]
[enable_bundle: 1]
[use_missing: 1]
[zero_as_missing: 0]
[feature_pre_filter: 1]
[pre_partition: 0]
[two_round: 0]
[header: 0]
[label_column: ]
[weight_column: ]
[group_column: ]
[ignore_column: ]
[categorical_feature: ]
[forcedbins_filename: ]
[precise_float_parser: 0]
[parser_config_file: ]
[objective_seed: 8855]
[num_class: 1]
[is_unbalance: 0]
[scale_pos_weight: 1]
[sigmoid: 1]
[boost_from_average: 1]
[reg_sqrt: 0]
[alpha: 0.9]
[fair_c: 1]
[poisson_max_delta_step: 0.7]
[tweedie_variance_power: 1.5]
[lambdarank_truncation_level: 30]
[lambdarank_norm: 1]
[label_gain: ]
[lambdarank_position_bias_regularization: 0]
[eval_at: ]
[multi_error_top_k: 1]
[auc_mu_weights: ]
[num_machines: 1]
[local_listen_port: 12400]
[time_out: 120]
[machine_list_filename: ]
[machines: ]
[gpu_platform_id: -1]
[gpu_device_id: -1]
[gpu_device_id_list: ]
[gpu_use_dp: 0]
[num_gpu: 1]

end of parameters

pandas_categorical:[]
