origin,fold,truth,forward_probability
2024-07-01 00:00:00,1,0,
2024-07-01 01:00:00,1,0,
2024-07-01 02:00:00,1,0,
2024-07-01 03:00:00,1,0,
2024-07-01 04:00:00,1,0,
2024-07-01 05:00:00,1,0,
2024-07-01 06:00:00,1,0,
2024-07-01 07:00:00,1,0,
2024-07-01 08:00:00,1,0,
2024-07-01 09:00:00,1,0,
2024-07-01 10:00:00,1,1,
2024-07-01 11:00:00,1,1,
2024-07-01 12:00:00,1,1,
2024-07-01 13:00:00,1,1,
2024-07-01 14:00:00,1,1,
2024-07-01 15:00:00,1,1,
2024-07-01 16:00:00,1,1,
2024-07-01 17:00:00,1,1,
2024-07-01 18:00:00,1,0,
2024-07-01 19:00:00,1,0,
2024-07-01 20:00:00,1,0,
2024-07-01 21:00:00,1,0,
2024-07-01 22:00:00,1,0,
2024-07-01 23:00:00,1,0,
2024-07-02 00:00:00,1,0,
2024-07-02 01:00:00,1,0,
2024-07-02 02:00:00,1,0,
2024-07-02 03:00:00,1,0,
2024-07-02 04:00:00,1,0,
2024-07-02 05:00:00,1,0,
2024-07-02 06:00:00,1,0,
2024-07-02 07:00:00,1,0,
2024-07-02 08:00:00,1,0,
2024-07-02 09:00:00,1,0,
2024-07-02 10:00:00,1,1,
2024-07-02 11:00:00,1,1,
2024-07-02 12:00:00,1,1,
2024-07-02 13:00:00,1,1,
2024-07-02 14:00:00,1,1,
2024-07-02 15:00:00,1,1,
2024-07-02 16:00:00,1,1,
2024-07-02 17:00:00,1,1,
2024-07-02 18:00:00,1,0,
2024-07-02 19:00:00,1,0,
2024-07-02 20:00:00,1,0,
2024-07-02 21:00:00,1,0,
2024-07-02 22:00:00,1,0,
2024-07-02 23:00:00,1,0,
2024-07-03 00:00:00,1,0,
2024-07-03 01:00:00,1,0,
2024-07-03 02:00:00,1,0,
2024-07-03 03:00:00,1,0,
2024-07-03 04:00:00,1,0,
2024-07-03 05:00:00,1,0,
2024-07-03 06:00:00,1,0,
2024-07-03 07:00:00,1,0,
2024-07-03 08:00:00,1,0,
2024-07-03 09:00:00,1,0,
2024-07-03 10:00:00,1,1,
2024-07-03 11:00:00,1,1,
2024-07-03 12:00:00,1,1,
2024-07-03 13:00:00,1,1,
2024-07-03 14:00:00,1,1,
2024-07-03 15:00:00,1,1,
2024-07-03 16:00:00,1,1,
2024-07-03 17:00:00,1,1,
2024-07-03 18:00:00,1,0,
2024-07-03 19:00:00,1,0,
2024-07-03 20:00:00,1,0,
2024-07-03 21:00:00,1,0,
2024-07-03 22:00:00,1,0,
2024-07-03 23:00:00,1,0,
2024-07-04 00:00:00,1,0,
2024-07-04 01:00:00,1,0,
2024-07-04 02:00:00,1,0,
2024-07-04 03:00:00,1,0,
2024-07-04 04:00:00,1,0,
2024-07-04 05:00:00,1,0,
2024-07-04 06:00:00,1,0,
2024-07-04 07:00:00,1,0,
2024-07-04 08:00:00,1,0,
2024-07-04 09:00:00,1,0,
2024-07-04 10:00:00,1,0,
2024-07-04 11:00:00,1,1,
2024-07-04 12:00:00,1,1,
2024-07-04 13:00:00,1,1,
2024-07-04 14:00:00,1,1,
2024-07-04 15:00:00,1,1,
2024-07-04 16:00:00,1,1,
2024-07-04 17:00:00,1,1,
2024-07-04 18:00:00,1,0,
2024-07-04 19:00:00,1,0,
2024-07-04 20:00:00,1,0,
2024-07-04 21:00:00,1,0,
2024-07-04 22:00:00,1,0,
2024-07-04 23:00:00,1,0,
2024-07-05 00:00:00,1,0,
2024-07-05 01:00:00,1,0,
2024-07-05 02:00:00,1,0,
2024-07-05 03:00:00,1,0,
2024-07-05 04:00:00,1,0,
2024-07-05 05:00:00,1,0,
2024-07-05 06:00:00,1,0,
2024-07-05 07:00:00,1,0,
2024-07-05 08:00:00,1,0,
2024-07-05 09:00:00,1,0,
2024-07-05 10:00:00,1,1,
2024-07-05 11:00:00,1,1,
2024-07-05 12:00:00,1,1,
2024-07-05 13:00:00,1,1,
2024-07-05 14:00:00,1,1,
2024-07-05 15:00:00,1,1,
2024-07-05 16:00:00,1,1,
2024-07-05 17:00:00,1,1,
2024-07-05 18:00:00,1,0,
2024-07-05 19:00:00,1,0,
2024-07-05 20:00:00,1,0,
2024-07-05 21:00:00,1,0,
2024-07-05 22:00:00,1,0,
2024-07-05 23:00:00,1,0,
2024-07-06 00:00:00,1,0,
2024-07-06 01:00:00,1,0,
2024-07-06 02:00:00,1,0,
2024-07-06 03:00:00,1,0,
2024-07-06 04:00:00,1,0,
2024-07-06 05:00:00,1,0,
2024-07-06 06:00:00,1,0,
2024-07-06 07:00:00,1,0,
2024-07-06 08:00:00,1,0,
2024-07-06 09:00:00,1,0,
2024-07-06 10:00:00,1,1,
2024-07-06 11:00:00,1,1,
2024-07-06 12:00:00,1,1,
2024-07-06 13:00:00,1,1,
2024-07-06 14:00:00,1,1,
2024-07-06 15:00:00,1,1,
2024-07-06 16:00:00,1,1,
2024-07-06 17:00:00,1,1,
2024-07-06 18:00:00,1,0,
2024-07-06 19:00:00,1,0,
2024-07-06 20:00:00,1,0,
2024-07-06 21:00:00,1,0,
2024-07-06 22:00:00,1,0,
2024-07-06 23:00:00,1,0,
2024-07-07 00:00:00,1,0,
2024-07-07 01:00:00,1,0,
2024-07-07 02:00:00,1,0,
2024-07-07 03:00:00,1,0,
2024-07-07 04:00:00,1,0,
2024-07-07 05:00:00,1,0,
2024-07-07 06:00:00,1,0,
2024-07-07 07:00:00,1,0,
2024-07-07 08:00:00,1,0,
2024-07-07 09:00:00,1,0,
2024-07-07 10:00:00,1,1,
2024-07-07 11:00:00,1,1,
2024-07-07 12:00:00,1,1,
2024-07-07 13:00:00,1,1,
2024-07-07 14:00:00,1,1,
2024-07-07 15:00:00,1,1,
2024-07-07 16:00:00,1,1,
2024-07-07 17:00:00,1,0,
2024-07-07 18:00:00,1,0,
2024-07-07 19:00:00,1,0,
2024-07-07 20:00:00,1,0,
2024-07-07 21:00:00,1,0,
2024-07-07 22:00:00,1,0,
2024-07-07 23:00:00,1,0,
2024-07-08 00:00:00,1,0,
2024-07-08 01:00:00,1,0,
2024-07-08 02:00:00,1,0,
2024-07-08 03:00:00,1,0,
2024-07-08 04:00:00,1,0,
2024-07-08 05:00:00,1,0,
2024-07-08 06:00:00,1,0,
2024-07-08 07:00:00,1,0,
2024-07-08 08:00:00,1,0,
2024-07-08 09:00:00,1,0,
2024-07-08 10:00:00,1,1,
2024-07-08 11:00:00,1,1,
2024-07-08 12:00:00,1,1,
2024-07-08 13:00:00,1,1,
2024-07-08 14:00:00,1,1,
2024-07-08 15:00:00,1,1,
2024-07-08 16:00:00,1,1,
2024-07-08 17:00:00,1,0,
2024-07-08 18:00:00,1,0,
2024-07-08 19:00:00,1,0,
2024-07-08 20:00:00,1,0,
2024-07-08 21:00:00,1,0,
2024-07-08 22:00:00,1,0,
2024-07-08 23:00:00,1,0,
2024-07-09 00:00:00,1,0,
2024-07-09 01:00:00,1,0,
2024-07-09 02:00:00,1,0,
2024-07-09 03:00:00,1,0,
2024-07-09 04:00:00,1,0,
2024-07-09 05:00:00,1,0,
2024-07-09 06:00:00,1,0,
2024-07-09 07:00:00,1,0,
2024-07-09 08:00:00,1,0,
2024-07-09 09:00:00,1,0,
2024-07-09 10:00:00,1,1,
2024-07-09 11:00:00,1,1,
2024-07-09 12:00:00,1,1,
2024-07-09 13:00:00,1,1,
2024-07-09 14:00:00,1,1,
2024-07-09 15:00:00,1,1,
2024-07-09 16:00:00,1,1,
2024-07-09 17:00:00,1,0,
2024-07-09 18:00:00,1,0,
2024-07-09 19:00:00,1,0,
2024-07-09 20:00:00,1,0,
2024-07-09 21:00:00,1,0,
2024-07-09 22:00:00,1,0,
2024-07-09 23:00:00,1,0,
2024-07-10 00:00:00,1,0,
2024-07-10 01:00:00,1,0,
2024-07-10 02:00:00,1,0,
2024-07-10 03:00:00,1,0,
2024-07-10 04:00:00,1,0,
2024-07-10 05:00:00,1,0,
2024-07-10 06:00:00,1,0,
2024-07-10 07:00:00,1,0,
2024-07-10 08:00:00,1,0,
2024-07-10 09:00:00,1,0,
2024-07-10 10:00:00,1,1,
2024-07-10 11:00:00,1,1,
2024-07-10 12:00:00,1,1,
2024-07-10 13:00:00,1,1,
2024-07-10 14:00:00,1,1,
2024-07-10 15:00:00,1,1,
2024-07-10 16:00:00,1,1,
2024-07-10 17:00:00,1,0,
2024-07-10 18:00:00,1,0,
2024-07-10 19:00:00,1,0,
2024-07-10 20:00:00,1,0,
2024-07-10 21:00:00,1,0,
2024-07-10 22:00:00,1,0,
2024-07-10 23:00:00,1,0,
2024-07-11 00:00:00,1,0,
2024-07-11 01:00:00,1,0,
2024-07-11 02:00:00,1,0,
2024-07-11 03:00:00,1,0,
2024-07-11 04:00:00,1,0,
2024-07-11 05:00:00,1,0,
2024-07-11 06:00:00,1,0,
2024-07-11 07:00:00,1,0,
2024-07-11 08:00:00,1,0,
2024-07-11 09:00:00,1,0,
2024-07-11 10:00:00,1,1,
2024-07-11 11:00:00,1,1,
2024-07-11 12:00:00,1,1,
2024-07-11 13:00:00,1,1,
2024-07-11 14:00:00,1,1,
2024-07-11 15:00:00,1,1,
2024-07-11 16:00:00,1,1,
2024-07-11 17:00:00,1,1,
2024-07-11 18:00:00,1,0,
2024-07-11 19:00:00,1,0,
2024-07-11 20:00:00,1,0,
2024-07-11 21:00:00,1,0,
2024-07-11 22:00:00,1,0,
2024-07-11 23:00:00,1,0,
2024-07-12 00:00:00,1,0,
2024-07-12 01:00:00,1,0,
2024-07-12 02:00:00,1,0,
2024-07-12 03:00:00,1,0,
2024-07-12 04:00:00,1,0,
2024-07-12 05:00:00,1,0,
2024-07-12 06:00:00,1,0,
2024-07-12 07:00:00,1,0,
2024-07-12 08:00:00,1,0,
2024-07-12 09:00:00,1,0,
2024-07-12 10:00:00,1,1,
2024-07-12 11:00:00,1,1,
2024-07-12 12:00:00,1,1,
2024-07-12 13:00:00,1,1,
2024-07-12 14:00:00,1,1,
2024-07-12 15:00:00,1,1,
2024-07-12 16:00:00,1,1,
2024-07-12 17:00:00,1,0,
2024-07-12 18:00:00,1,0,
2024-07-12 19:00:00,1,0,
2024-07-12 20:00:00,1,0,
2024-07-12 21:00:00,1,0,
2024-07-12 22:00:00,1,0,
2024-07-12 23:00:00,1,0,
2024-07-13 00:00:00,1,0,
2024-07-13 01:00:00,1,0,
2024-07-13 02:00:00,1,0,
2024-07-13 03:00:00,1,0,
2024-07-13 04:00:00,1,0,
2024-07-13 05:00:00,1,0,
2024-07-13 06:00:00,1,0,
2024-07-13 07:00:00,1,0,
2024-07-13 08:00:00,1,0,
2024-07-13 09:00:00,1,0,
2024-07-13 10:00:00,1,1,
2024-07-13 11:00:00,1,1,
2024-07-13 12:00:00,1,1,
2024-07-13 13:00:00,1,1,
2024-07-13 14:00:00,1,1,
2024-07-13 15:00:00,1,1,
2024-07-13 16:00:00,1,1,
2024-07-13 17:00:00,1,0,
2024-07-13 18:00:00,1,0,
2024-07-13 19:00:00,1,0,
2024-07-13 20:00:00,1,0,
2024-07-13 21:00:00,1,0,
2024-07-13 22:00:00,1,0,
2024-07-13 23:00:00,1,0,
2024-07-14 00:00:00,1,0,
2024-07-14 01:00:00,1,0,
2024-07-14 02:00:00,1,0,
2024-07-14 03:00:00,1,0,
2024-07-14 04:00:00,1,0,
2024-07-14 05:00:00,1,0,
2024-07-14 06:00:00,1,0,
2024-07-14 07:00:00,1,0,
2024-07-14 08:00:00,1,0,
2024-07-14 09:00:00,1,0,
2024-07-14 10:00:00,1,1,
2024-07-14 11:00:00,1,1,
2024-07-14 12:00:00,1,1,
2024-07-14 13:00:00,1,1,
2024-07-14 14:00:00,1,1,
2024-07-14 15:00:00,1,1,
2024-07-14 16:00:00,1,1,
2024-07-14 17:00:00,1,0,
2024-07-14 18:00:00,1,0,
2024-07-14 19:00:00,1,0,
2024-07-14 20:00:00,1,0,
2024-07-14 21:00:00,1,0,
2024-07-14 22:00:00,1,0,
2024-07-14 23:00:00,1,0,
2024-07-15 00:00:00,1,0,
2024-07-15 01:00:00,1,0,
2024-07-15 02:00:00,1,0,
2024-07-15 03:00:00,1,0,
2024-07-15 04:00:00,1,0,
2024-07-15 05:00:00,1,0,
2024-07-15 06:00:00,1,0,
2024-07-15 07:00:00,1,0,
2024-07-15 08:00:00,1,0,
2024-07-15 09:00:00,1,0,
2024-07-15 10:00:00,1,1,
2024-07-15 11:00:00,1,1,
2024-07-15 12:00:00,1,1,
2024-07-15 13:00:00,1,1,
2024-07-15 14:00:00,1,1,
2024-07-15 15:00:00,1,1,
2024-07-15 16:00:00,1,1,
2024-07-15 17:00:00,1,1,
2024-07-15 18:00:00,1,0,
2024-07-15 19:00:00,1,0,
2024-07-15 20:00:00,1,0,
2024-07-15 21:00:00,1,0,
2024-07-15 22:00:00,1,0,
2024-07-15 23:00:00,1,0,
2024-07-16 00:00:00,1,0,
2024-07-16 01:00:00,1,0,
2024-07-16 02:00:00,1,0,
2024-07-16 03:00:00,1,0,
2024-07-16 04:00:00,1,0,
2024-07-16 05:00:00,1,0,
2024-07-16 06:00:00,1,0,
2024-07-16 07:00:00,1,0,
2024-07-16 08:00:00,1,0,
2024-07-16 09:00:00,1,0,
2024-07-16 10:00:00,1,0,
2024-07-16 11:00:00,1,1,
2024-07-16 12:00:00,1,1,
2024-07-16 13:00:00,1,1,
2024-07-16 14:00:00,1,1,
2024-07-16 15:00:00,1,1,
2024-07-16 16:00:00,1,1,
2024-07-16 17:00:00,1,0,
2024-07-16 18:00:00,1,0,
2024-07-16 19:00:00,1,0,
2024-07-16 20:00:00,1,0,
2024-07-16 21:00:00,1,0,
2024-07-16 22:00:00,1,0,
2024-07-16 23:00:00,1,0,
2024-07-17 00:00:00,1,0,
2024-07-17 01:00:00,1,0,
2024-07-17 02:00:00,1,0,
2024-07-17 03:00:00,1,0,
2024-07-17 04:00:00,1,0,
2024-07-17 05:00:00,1,0,
2024-07-17 06:00:00,1,0,
2024-07-17 07:00:00,1,0,
2024-07-17 08:00:00,1,0,
2024-07-17 09:00:00,1,0,
2024-07-17 10:00:00,1,1,
2024-07-17 11:00:00,1,1,
2024-07-17 12:00:00,1,1,
2024-07-17 13:00:00,1,1,
2024-07-17 14:00:00,1,1,
2024-07-17 15:00:00,1,1,
2024-07-17 16:00:00,1,1,
2024-07-17 17:00:00,1,1,
2024-07-17 18:00:00,1,0,
2024-07-17 19:00:00,1,0,
2024-07-17 20:00:00,1,0,
2024-07-17 21:00:00,1,0,
2024-07-17 22:00:00,1,0,
2024-07-17 23:00:00,1,0,
2024-07-18 00:00:00,1,0,
2024-07-18 01:00:00,1,0,
2024-07-18 02:00:00,1,0,
2024-07-18 03:00:00,1,0,
2024-07-18 04:00:00,1,0,
2024-07-18 05:00:00,1,0,
2024-07-18 06:00:00,1,0,
2024-07-18 07:00:00,1,0,
2024-07-18 08:00:00,1,0,
2024-07-18 09:00:00,1,0,
2024-07-18 10:00:00,1,1,
2024-07-18 11:00:00,1,1,
2024-07-18 12:00:00,1,1,
2024-07-18 13:00:00,1,1,
2024-07-18 14:00:00,1,1,
2024-07-18 15:00:00,1,1,
2024-07-18 16:00:00,1,1,
2024-07-18 17:00:00,1,0,
2024-07-18 18:00:00,1,0,
2024-07-18 19:00:00,1,0,
2024-07-18 20:00:00,1,0,
2024-07-18 21:00:00,1,0,
2024-07-18 22:00:00,1,0,
2024-07-18 23:00:00,1,0,
2024-07-19 00:00:00,1,0,
2024-07-19 01:00:00,1,0,
2024-07-19 02:00:00,1,0,
2024-07-19 03:00:00,1,0,
2024-07-19 04:00:00,1,0,
2024-07-19 05:00:00,1,0,
2024-07-19 06:00:00,1,0,
2024-07-19 07:00:00,1,0,
2024-07-19 08:00:00,1,0,
2024-07-19 09:00:00,1,0,
2024-07-19 10:00:00,1,1,
2024-07-19 11:00:00,1,1,
2024-07-19 12:00:00,1,1,
2024-07-19 13:00:00,1,1,
2024-07-19 14:00:00,1,1,
2024-07-19 15:00:00,1,1,
2024-07-19 16:00:00,1,1,
2024-07-19 17:00:00,1,0,
2024-07-19 18:00:00,1,0,
2024-07-19 19:00:00,1,0,
2024-07-19 20:00:00,1,0,
2024-07-19 21:00:00,1,0,
2024-07-19 22:00:00,1,0,
2024-07-19 23:00:00,1,0,
2024-07-20 00:00:00,1,0,
2024-07-20 01:00:00,1,0,
2024-07-20 02:00:00,1,0,
2024-07-20 03:00:00,1,0,
2024-07-20 04:00:00,1,0,
2024-07-20 05:00:00,1,0,
2024-07-20 06:00:00,1,0,
2024-07-20 07:00:00,1,0,
2024-07-20 08:00:00,1,0,
2024-07-20 09:00:00,1,0,
2024-07-20 10:00:00,1,1,
2024-07-20 11:00:00,1,1,
2024-07-20 12:00:00,1,1,
2024-07-20 13:00:00,1,1,
2024-07-20 14:00:00,1,1,
2024-07-20 15:00:00,1,1,
2024-07-20 16:00:00,1,1,
2024-07-20 17:00:00,1,1,
2024-07-20 18:00:00,1,0,
2024-07-20 19:00:00,1,0,
2024-07-20 20:00:00,1,0,
2024-07-20 21:00:00,1,0,
2024-07-20 22:00:00,1,0,
2024-07-20 23:00:00,1,0,
2024-07-21 00:00:00,1,0,
2024-07-21 01:00:00,1,0,
2024-07-21 02:00:00,1,0,
2024-07-21 03:00:00,1,0,
2024-07-21 04:00:00,1,0,
2024-07-21 05:00:00,1,0,
2024-07-21 06:00:00,1,0,
2024-07-21 07:00:00,1,0,
2024-07-21 08:00:00,1,0,
2024-07-21 09:00:00,1,0,
2024-07-21 10:00:00,1,1,
2024-07-21 11:00:00,1,1,
2024-07-21 12:00:00,1,1,
2024-07-21 13:00:00,1,1,
2024-07-21 14:00:00,1,1,
2024-07-21 15:00:00,1,1,
2024-07-21 16:00:00,1,1,
2024-07-21 17:00:00,1,1,
2024-07-21 18:00:00,1,0,
2024-07-21 19:00:00,1,0,
2024-07-21 20:00:00,1,0,
2024-07-21 21:00:00,1,0,
2024-07-21 22:00:00,1,0,
2024-07-21 23:00:00,1,0,
2024-07-22 00:00:00,1,0,
2024-07-22 01:00:00,1,0,
2024-07-22 02:00:00,1,0,
2024-07-22 03:00:00,1,0,
2024-07-22 04:00:00,1,0,
2024-07-22 05:00:00,1,0,
2024-07-22 06:00:00,1,0,
2024-07-22 07:00:00,1,0,
2024-07-22 08:00:00,1,0,
2024-07-22 09:00:00,1,0,
2024-07-22 10:00:00,1,1,
2024-07-22 11:00:00,1,1,
2024-07-22 12:00:00,1,1,
2024-07-22 13:00:00,1,1,
2024-07-22 14:00:00,1,1,
2024-07-22 15:00:00,1,1,
2024-07-22 16:00:00,1,1,
2024-07-22 17:00:00,1,0,
2024-07-22 18:00:00,1,0,
2024-07-22 19:00:00,1,0,
2024-07-22 20:00:00,1,0,
2024-07-22 21:00:00,1,0,
2024-07-22 22:00:00,1,0,
2024-07-22 23:00:00,1,0,
2024-07-23 00:00:00,1,0,
2024-07-23 01:00:00,1,0,
2024-07-23 02:00:00,1,0,
2024-07-23 03:00:00,1,0,
2024-07-23 04:00:00,1,0,
2024-07-23 05:00:00,1,0,
2024-07-23 06:00:00,1,0,
2024-07-23 07:00:00,1,0,
2024-07-23 08:00:00,1,0,
2024-07-23 09:00:00,1,0,
2024-07-23 10:00:00,1,1,
2024-07-23 11:00:00,1,1,
2024-07-23 12:00:00,1,1,
2024-07-23 13:00:00,1,1,
2024-07-23 14:00:00,1,1,
2024-07-23 15:00:00,1,1,
2024-07-23 16:00:00,1,1,
2024-07-23 17:00:00,1,0,
2024-07-23 18:00:00,1,0,
2024-07-23 19:00:00,1,0,
2024-07-23 20:00:00,1,0,
2024-07-23 21:00:00,1,0,
2024-07-23 22:00:00,1,0,
2024-07-23 23:00:00,1,0,
2024-07-24 00:00:00,1,0,
2024-07-24 01:00:00,1,0,
2024-07-24 02:00:00,1,0,
2024-07-24 03:00:00,1,0,
2024-07-24 04:00:00,1,0,
2024-07-24 05:00:00,1,0,
2024-07-24 06:00:00,1,0,
2024-07-24 07:00:00,1,0,
2024-07-24 08:00:00,1,0,
2024-07-24 09:00:00,1,0,
2024-07-24 10:00:00,1,1,
2024-07-24 11:00:00,1,1,
2024-07-24 12:00:00,1,1,
2024-07-24 13:00:00,1,1,
2024-07-24 14:00:00,1,1,
2024-07-24 15:00:00,1,1,
2024-07-24 16:00:00,1,1,
2024-07-24 17:00:00,1,0,
2024-07-24 18:00:00,1,0,
2024-07-24 19:00:00,1,0,
2024-07-24 20:00:00,1,0,
2024-07-24 21:00:00,1,0,
2024-07-24 22:00:00,1,0,
2024-07-24 23:00:00,1,0,
2024-07-25 00:00:00,1,0,
2024-07-25 01:00:00,1,0,
2024-07-25 02:00:00,1,0,
2024-07-25 03:00:00,1,0,
2024-07-25 04:00:00,1,0,
2024-07-25 05:00:00,1,0,
2024-07-25 06:00:00,1,0,
2024-07-25 07:00:00,1,0,
2024-07-25 08:00:00,1,0,
2024-07-25 09:00:00,1,0,
2024-07-25 10:00:00,1,1,
2024-07-25 11:00:00,1,1,
2024-07-25 12:00:00,1,1,
2024-07-25 13:00:00,1,1,
2024-07-25 14:00:00,1,1,
2024-07-25 15:00:00,1,1,
2024-07-25 16:00:00,1,1,
2024-07-25 17:00:00,1,0,
2024-07-25 18:00:00,1,0,
2024-07-25 19:00:00,1,0,
2024-07-25 20:00:00,1,0,
2024-07-25 21:00:00,1,0,
2024-07-25 22:00:00,1,0,
2024-07-25 23:00:00,1,0,
2024-07-26 00:00:00,1,0,
2024-07-26 01:00:00,1,0,
2024-07-26 02:00:00,1,0,
2024-07-26 03:00:00,1,0,
2024-07-26 04:00:00,1,0,
2024-07-26 05:00:00,1,0,
2024-07-26 06:00:00,1,0,
2024-07-26 07:00:00,1,0,
2024-07-26 08:00:00,1,0,
2024-07-26 09:00:00,1,0,
2024-07-26 10:00:00,1,1,
2024-07-26 11:00:00,1,1,
2024-07-26 12:00:00,1,1,
2024-07-26 13:00:00,1,1,
2024-07-26 14:00:00,1,1,
2024-07-26 15:00:00,1,1,
2024-07-26 16:00:00,1,1,
2024-07-26 17:00:00,1,0,
2024-07-26 18:00:00,1,0,
2024-07-26 19:00:00,1,0,
2024-07-26 20:00:00,1,0,
2024-07-26 21:00:00,1,0,
2024-07-26 22:00:00,1,0,
2024-07-26 23:00:00,1,0,
2024-07-27 00:00:00,1,0,
2024-07-27 01:00:00,1,0,
2024-07-27 02:00:00,1,0,
2024-07-27 03:00:00,1,0,
2024-07-27 04:00:00,1,0,
2024-07-27 05:00:00,1,0,
2024-07-27 06:00:00,1,0,
2024-07-27 07:00:00,1,0,
2024-07-27 08:00:00,1,0,
2024-07-27 09:00:00,1,0,
2024-07-27 10:00:00,1,1,
2024-07-27 11:00:00,1,1,
2024-07-27 12:00:00,1,1,
2024-07-27 13:00:00,1,1,
2024-07-27 14:00:00,1,1,
2024-07-27 15:00:00,1,1,
2024-07-27 16:00:00,1,1,
2024-07-27 17:00:00,1,0,
2024-07-27 18:00:00,1,0,
2024-07-27 19:00:00,1,0,
2024-07-27 20:00:00,1,0,
2024-07-27 21:00:00,1,0,
2024-07-27 22:00:00,1,0,
2024-07-27 23:00:00,1,0,
2024-07-28 00:00:00,1,0,
2024-07-28 01:00:00,1,0,
2024-07-28 02:00:00,1,0,
2024-07-28 03:00:00,1,0,
2024-07-28 04:00:00,1,0,
2024-07-28 05:00:00,1,0,
2024-07-28 06:00:00,1,0,
2024-07-28 07:00:00,1,0,
2024-07-28 08:00:00,1,0,
2024-07-28 09:00:00,1,0,
2024-07-28 10:00:00,1,1,
2024-07-28 11:00:00,1,1,
2024-07-28 12:00:00,1,1,
2024-07-28 13:00:00,1,1,
2024-07-28 14:00:00,1,1,
2024-07-28 15:00:00,1,1,
2024-07-28 16:00:00,1,1,
2024-07-28 17:00:00,1,0,
2024-07-28 18:00:00,1,0,
2024-07-28 19:00:00,1,0,
2024-07-28 20:00:00,1,0,
2024-07-28 21:00:00,1,0,
2024-07-28 22:00:00,1,0,
2024-07-28 23:00:00,1,0,
2024-07-29 00:00:00,1,0,
2024-07-29 01:00:00,1,0,
2024-07-29 02:00:00,1,0,
2024-07-29 03:00:00,1,0,
2024-07-29 04:00:00,1,0,
2024-07-29 05:00:00,1,0,
2024-07-29 06:00:00,1,0,
2024-07-29 07:00:00,1,0,
2024-07-29 08:00:00,1,0,
2024-07-29 09:00:00,1,0,
2024-07-29 10:00:00,1,1,
2024-07-29 11:00:00,1,1,
2024-07-29 12:00:00,1,1,
2024-07-29 13:00:00,1,1,
2024-07-29 14:00:00,1,1,
2024-07-29 15:00:00,1,1,
2024-07-29 16:00:00,1,1,
2024-07-29 17:00:00,1,0,
2024-07-29 18:00:00,1,0,
2024-07-29 19:00:00,1,0,
2024-07-29 20:00:00,1,0,
2024-07-29 21:00:00,1,0,
2024-07-29 22:00:00,1,0,
2024-07-29 23:00:00,1,0,
2024-07-30 00:00:00,1,0,
2024-07-30 01:00:00,1,0,
2024-07-30 02:00:00,1,0,
2024-07-30 03:00:00,1,0,
2024-07-30 04:00:00,1,0,
2024-07-30 05:00:00,1,0,
2024-07-30 06:00:00,1,0,
2024-07-30 07:00:00,1,0,
2024-07-30 08:00:00,1,0,
2024-07-30 09:00:00,1,0,
2024-07-30 10:00:00,1,0,
2024-07-30 11:00:00,1,1,
2024-07-30 12:00:00,1,1,
2024-07-30 13:00:00,1,1,
2024-07-30 14:00:00,1,1,
2024-07-30 15:00:00,1,1,
2024-07-30 16:00:00,1,1,
2024-07-30 17:00:00,1,0,
2024-07-30 18:00:00,1,0,
2024-07-30 19:00:00,1,0,
2024-07-30 20:00:00,1,0,
2024-07-30 21:00:00,1,0,
2024-07-30 22:00:00,1,0,
2024-07-30 23:00:00,1,0,
2024-07-31 00:00:00,1,0,
2024-07-31 01:00:00,1,0,
2024-07-31 02:00:00,1,0,
2024-07-31 03:00:00,1,0,
2024-07-31 04:00:00,1,0,
2024-07-31 05:00:00,1,0,
2024-07-31 06:00:00,1,0,
2024-07-31 07:00:00,1,0,
2024-07-31 08:00:00,1,0,
2024-07-31 09:00:00,1,0,
2024-07-31 10:00:00,1,1,
2024-07-31 11:00:00,1,1,
2024-07-31 12:00:00,1,1,
2024-07-31 13:00:00,1,1,
2024-07-31 14:00:00,1,1,
2024-07-31 15:00:00,1,1,
2024-07-31 16:00:00,1,1,
2024-07-31 17:00:00,1,0,
2024-07-31 18:00:00,1,0,
2024-07-31 19:00:00,1,0,
2024-07-31 20:00:00,1,0,
2024-07-31 21:00:00,1,0,
2024-07-31 22:00:00,1,0,
2024-07-31 23:00:00,1,0,
2024-08-01 00:00:00,1,0,
2024-08-01 01:00:00,1,0,
2024-08-01 02:00:00,1,0,
2024-08-01 03:00:00,1,0,
2024-08-01 04:00:00,1,0,
2024-08-01 05:00:00,1,0,
2024-08-01 06:00:00,1,0,
2024-08-01 07:00:00,1,0,
2024-08-01 08:00:00,1,0,
2024-08-01 09:00:00,1,0,
2024-08-01 10:00:00,1,1,
2024-08-01 11:00:00,1,1,
2024-08-01 12:00:00,1,1,
2024-08-01 13:00:00,1,1,
2024-08-01 14:00:00,1,1,
2024-08-01 15:00:00,1,1,
2024-08-01 16:00:00,1,1,
2024-08-01 17:00:00,1,0,
2024-08-01 18:00:00,1,0,
2024-08-01 19:00:00,1,0,
2024-08-01 20:00:00,1,0,
2024-08-01 21:00:00,1,0,
2024-08-01 22:00:00,1,0,
2024-08-01 23:00:00,1,0,
2024-08-02 00:00:00,1,0,
2024-08-02 01:00:00,1,0,
2024-08-02 02:00:00,1,0,
2024-08-02 03:00:00,1,0,
2024-08-02 04:00:00,1,0,
2024-08-02 05:00:00,1,0,
2024-08-02 06:00:00,1,0,
2024-08-02 07:00:00,1,0,
2024-08-02 08:00:00,1,0,
2024-08-02 09:00:00,1,0,
2024-08-02 10:00:00,1,0,
2024-08-02 11:00:00,1,1,
2024-08-02 12:00:00,1,1,
2024-08-02 13:00:00,1,1,
2024-08-02 14:00:00,1,1,
2024-08-02 15:00:00,1,1,
2024-08-02 16:00:00,1,1,
2024-08-02 17:00:00,1,0,
2024-08-02 18:00:00,1,0,
2024-08-02 19:00:00,1,0,
2024-08-02 20:00:00,1,0,
2024-08-02 21:00:00,1,0,
2024-08-02 22:00:00,1,0,
2024-08-02 23:00:00,1,0,
2024-08-03 00:00:00,1,0,
2024-08-03 01:00:00,1,0,
2024-08-03 02:00:00,1,0,
2024-08-03 03:00:00,1,0,
2024-08-03 04:00:00,1,0,
2024-08-03 05:00:00,1,0,
2024-08-03 06:00:00,1,0,
2024-08-03 07:00:00,1,0,
2024-08-03 08:00:00,1,0,
2024-08-03 09:00:00,1,0,
2024-08-03 10:00:00,1,0,
2024-08-03 11:00:00,1,1,
2024-08-03 12:00:00,1,1,
2024-08-03 13:00:00,1,1,
2024-08-03 14:00:00,1,1,
2024-08-03 15:00:00,1,1,
2024-08-03 16:00:00,1,1,
2024-08-03 17:00:00,1,0,
2024-08-03 18:00:00,1,0,
2024-08-03 19:00:00,1,0,
2024-08-03 20:00:00,1,0,
2024-08-03 21:00:00,1,0,
2024-08-03 22:00:00,1,0,
2024-08-03 23:00:00,1,0,
2024-08-04 00:00:00,1,0,
2024-08-04 01:00:00,1,0,
2024-08-04 02:00:00,1,0,
2024-08-04 03:00:00,1,0,
2024-08-04 04:00:00,1,0,
2024-08-04 05:00:00,1,0,
2024-08-04 06:00:00,1,0,
2024-08-04 07:00:00,1,0,
2024-08-04 08:00:00,1,0,
2024-08-04 09:00:00,1,0,
2024-08-04 10:00:00,1,1,
2024-08-04 11:00:00,1,1,
2024-08-04 12:00:00,1,1,
2024-08-04 13:00:00,1,1,
2024-08-04 14:00:00,1,1,
2024-08-04 15:00:00,1,1,
2024-08-04 16:00:00,1,1,
2024-08-04 17:00:00,1,0,
2024-08-04 18:00:00,1,0,
2024-08-04 19:00:00,1,0,
2024-08-04 20:00:00,1,0,
2024-08-04 21:00:00,1,0,
2024-08-04 22:00:00,1,0,
2024-08-04 23:00:00,1,0,
2024-08-05 00:00:00,1,0,
2024-08-05 01:00:00,1,0,
2024-08-05 02:00:00,1,0,
2024-08-05 03:00:00,1,0,
2024-08-05 04:00:00,1,0,
2024-08-05 05:00:00,1,0,
2024-08-05 06:00:00,1,0,
2024-08-05 07:00:00,1,0,
2024-08-05 08:00:00,1,0,
2024-08-05 09:00:00,1,0,
2024-08-05 10:00:00,1,0,
2024-08-05 11:00:00,1,1,
2024-08-05 12:00:00,1,1,
2024-08-05 13:00:00,1,1,
2024-08-05 14:00:00,1,1,
2024-08-05 15:00:00,1,1,
2024-08-05 16:00:00,1,1,
2024-08-05 17:00:00,1,0,
2024-08-05 18:00:00,1,0,
2024-08-05 19:00:00,1,0,
2024-08-05 20:00:00,1,0,
2024-08-05 21:00:00,1,0,
2024-08-05 22:00:00,1,0,
2024-08-05 23:00:00,1,0,
2024-08-06 00:00:00,1,0,
2024-08-06 01:00:00,1,0,
2024-08-06 02:00:00,1,0,
2024-08-06 03:00:00,1,0,
2024-08-06 04:00:00,1,0,
2024-08-06 05:00:00,1,0,
2024-08-06 06:00:00,1,0,
2024-08-06 07:00:00,1,0,
2024-08-06 08:00:00,1,0,
2024-08-06 09:00:00,1,0,
2024-08-06 10:00:00,1,0,
2024-08-06 11:00:00,1,1,
2024-08-06 12:00:00,1,1,
2024-08-06 13:00:00,1,1,
2024-08-06 14:00:00,1,1,
2024-08-06 15:00:00,1,1,
2024-08-06 16:00:00,1,1,
2024-08-06 17:00:00,1,0,
2024-08-06 18:00:00,1,0,
2024-08-06 19:00:00,1,0,
2024-08-06 20:00:00,1,0,
2024-08-06 21:00:00,1,0,
2024-08-06 22:00:00,1,0,
2024-08-06 23:00:00,1,0,
2024-08-07 00:00:00,1,0,
2024-08-07 01:00:00,1,0,
2024-08-07 02:00:00,1,0,
2024-08-07 03:00:00,1,0,
2024-08-07 04:00:00,1,0,
2024-08-07 05:00:00,1,0,
2024-08-07 06:00:00,1,0,
2024-08-07 07:00:00,1,0,
2024-08-07 08:00:00,1,0,
2024-08-07 09:00:00,1,0,
2024-08-07 10:00:00,1,0,
2024-08-07 11:00:00,1,1,
2024-08-07 12:00:00,1,1,
2024-08-07 13:00:00,1,1,
2024-08-07 14:00:00,1,1,
2024-08-07 15:00:00,1,1,
2024-08-07 16:00:00,1,1,
2024-08-07 17:00:00,1,0,
2024-08-07 18:00:00,1,0,
2024-08-07 19:00:00,1,0,
2024-08-07 20:00:00,1,0,
2024-08-07 21:00:00,1,0,
2024-08-07 22:00:00,1,0,
2024-08-07 23:00:00,1,0,
2024-08-08 00:00:00,1,0,
2024-08-08 01:00:00,1,0,
2024-08-08 02:00:00,1,0,
2024-08-08 03:00:00,1,0,
2024-08-08 04:00:00,1,0,
2024-08-08 05:00:00,1,0,
2024-08-08 06:00:00,1,0,
2024-08-08 07:00:00,1,0,
2024-08-08 08:00:00,1,0,
2024-08-08 09:00:00,1,0,
2024-08-08 10:00:00,1,0,
2024-08-08 11:00:00,1,1,
2024-08-08 12:00:00,1,1,
2024-08-08 13:00:00,1,1,
2024-08-08 14:00:00,1,1,
2024-08-08 15:00:00,1,1,
2024-08-08 16:00:00,1,1,
2024-08-08 17:00:00,1,0,
2024-08-08 18:00:00,1,0,
2024-08-08 19:00:00,1,0,
2024-08-08 20:00:00,1,0,
2024-08-08 21:00:00,1,0,
2024-08-08 22:00:00,1,0,
2024-08-08 23:00:00,1,0,
2024-08-09 00:00:00,1,0,
2024-08-09 01:00:00,1,0,
2024-08-09 02:00:00,1,0,
2024-08-09 03:00:00,1,0,
2024-08-09 04:00:00,1,0,
2024-08-09 05:00:00,1,0,
2024-08-09 06:00:00,1,0,
2024-08-09 07:00:00,1,0,
2024-08-09 08:00:00,1,0,
2024-08-09 09:00:00,1,0,
2024-08-09 10:00:00,1,0,
2024-08-09 11:00:00,1,1,
2024-08-09 12:00:00,1,1,
2024-08-09 13:00:00,1,1,
2024-08-09 14:00:00,1,1,
2024-08-09 15:00:00,1,1,
2024-08-09 16:00:00,1,1,
2024-08-09 17:00:00,1,0,
2024-08-09 18:00:00,1,0,
2024-08-09 19:00:00,1,0,
2024-08-09 20:00:00,1,0,
2024-08-09 21:00:00,1,0,
2024-08-09 22:00:00,1,0,
2024-08-09 23:00:00,1,0,
2024-08-10 00:00:00,1,0,
2024-08-10 01:00:00,1,0,
2024-08-10 02:00:00,1,0,
2024-08-10 03:00:00,1,0,
2024-08-10 04:00:00,1,0,
2024-08-10 05:00:00,1,0,
2024-08-10 06:00:00,1,0,
2024-08-10 07:00:00,1,0,
2024-08-10 08:00:00,1,0,
2024-08-10 09:00:00,1,0,
2024-08-10 10:00:00,1,0,
2024-08-10 11:00:00,1,1,
2024-08-10 12:00:00,1,1,
2024-08-10 13:00:00,1,1,
2024-08-10 14:00:00,1,1,
2024-08-10 15:00:00,1,1,
2024-08-10 16:00:00,1,1,
2024-08-10 17:00:00,1,0,
2024-08-10 18:00:00,1,0,
2024-08-10 19:00:00,1,0,
2024-08-10 20:00:00,1,0,
2024-08-10 21:00:00,1,0,
2024-08-10 22:00:00,1,0,
2024-08-10 23:00:00,1,0,
2024-08-11 00:00:00,1,0,
2024-08-11 01:00:00,1,0,
2024-08-11 02:00:00,1,0,
2024-08-11 03:00:00,1,0,
2024-08-11 04:00:00,1,0,
2024-08-11 05:00:00,1,0,
2024-08-11 06:00:00,1,0,
2024-08-11 07:00:00,1,0,
2024-08-11 08:00:00,1,0,
2024-08-11 09:00:00,1,0,
2024-08-11 10:00:00,1,0,
2024-08-11 11:00:00,1,1,
2024-08-11 12:00:00,1,1,
2024-08-11 13:00:00,1,1,
2024-08-11 14:00:00,1,1,
2024-08-11 15:00:00,1,1,
2024-08-11 16:00:00,1,1,
2024-08-11 17:00:00,1,0,
2024-08-11 18:00:00,1,0,
2024-08-11 19:00:00,1,0,
2024-08-11 20:00:00,1,0,
2024-08-11 21:00:00,1,0,
2024-08-11 22:00:00,1,0,
2024-08-11 23:00:00,1,0,
2024-08-12 00:00:00,1,0,
2024-08-12 01:00:00,1,0,
2024-08-12 02:00:00,1,0,
2024-08-12 03:00:00,1,0,
2024-08-12 04:00:00,1,0,
2024-08-12 05:00:00,1,0,
2024-08-12 06:00:00,1,0,
2024-08-12 07:00:00,1,0,
2024-08-12 08:00:00,1,0,
2024-08-12 09:00:00,1,0,
2024-08-12 10:00:00,1,0,
2024-08-12 11:00:00,1,1,
2024-08-12 12:00:00,1,1,
2024-08-12 13:00:00,1,1,
2024-08-12 14:00:00,1,1,
2024-08-12 15:00:00,1,1,
2024-08-12 16:00:00,1,1,
2024-08-12 17:00:00,1,0,
2024-08-12 18:00:00,1,0,
2024-08-12 19:00:00,1,0,
2024-08-12 20:00:00,1,0,
2024-08-12 21:00:00,1,0,
2024-08-12 22:00:00,1,0,
2024-08-12 23:00:00,1,0,
2024-08-13 00:00:00,1,0,
2024-08-13 01:00:00,1,0,
2024-08-13 02:00:00,1,0,
2024-08-13 03:00:00,1,0,
2024-08-13 04:00:00,1,0,
2024-08-13 05:00:00,1,0,
2024-08-13 06:00:00,1,0,
2024-08-13 07:00:00,1,0,
2024-08-13 08:00:00,1,0,
2024-08-13 09:00:00,1,0,
2024-08-13 10:00:00,1,0,
2024-08-13 11:00:00,1,1,
2024-08-13 12:00:00,1,1,
2024-08-13 13:00:00,1,1,
2024-08-13 14:00:00,1,1,
2024-08-13 15:00:00,1,1,
2024-08-13 16:00:00,1,1,
2024-08-13 17:00:00,1,0,
2024-08-13 18:00:00,1,0,
2024-08-13 19:00:00,1,0,
2024-08-13 20:00:00,1,0,
2024-08-13 21:00:00,1,0,
2024-08-13 22:00:00,1,0,
2024-08-13 23:00:00,1,0,
2024-08-14 00:00:00,1,0,
2024-08-14 01:00:00,1,0,
2024-08-14 02:00:00,1,0,
2024-08-14 03:00:00,1,0,
2024-08-14 04:00:00,1,0,
2024-08-14 05:00:00,1,0,
2024-08-14 06:00:00,1,0,
2024-08-14 07:00:00,1,0,
2024-08-14 08:00:00,1,0,
2024-08-14 09:00:00,1,0,
2024-08-14 10:00:00,1,0,
2024-08-14 11:00:00,1,1,
2024-08-14 12:00:00,1,1,
2024-08-14 13:00:00,1,1,
2024-08-14 14:00:00,1,1,
2024-08-14 15:00:00,1,1,
2024-08-14 16:00:00,1,1,
2024-08-14 17:00:00,1,0,
2024-08-14 18:00:00,1,0,
2024-08-14 19:00:00,1,0,
2024-08-14 20:00:00,1,0,
2024-08-14 21:00:00,1,0,
2024-08-14 22:00:00,1,0,
2024-08-14 23:00:00,1,0,
2024-08-15 00:00:00,1,0,
2024-08-15 01:00:00,1,0,
2024-08-15 02:00:00,1,0,
2024-08-15 03:00:00,1,0,
2024-08-15 04:00:00,1,0,
2024-08-15 05:00:00,1,0,
2024-08-15 06:00:00,1,0,
2024-08-15 07:00:00,1,0,
2024-08-15 08:00:00,1,0,
2024-08-15 09:00:00,1,0,
2024-08-15 10:00:00,1,0,
2024-08-15 11:00:00,1,1,
2024-08-15 12:00:00,1,1,
2024-08-15 13:00:00,1,1,
2024-08-15 14:00:00,1,1,
2024-08-15 15:00:00,1,1,
2024-08-15 16:00:00,1,1,
2024-08-15 17:00:00,1,0,
2024-08-15 18:00:00,1,0,
2024-08-15 19:00:00,1,0,
2024-08-15 20:00:00,1,0,
2024-08-15 21:00:00,1,0,
2024-08-15 22:00:00,1,0,
2024-08-15 23:00:00,1,0,
2024-08-16 00:00:00,1,0,
2024-08-16 01:00:00,1,0,
2024-08-16 02:00:00,1,0,
2024-08-16 03:00:00,1,0,
2024-08-16 04:00:00,1,0,
2024-08-16 05:00:00,1,0,
2024-08-16 06:00:00,1,0,
2024-08-16 07:00:00,1,0,
2024-08-16 08:00:00,1,0,
2024-08-16 09:00:00,1,0,
2024-08-16 10:00:00,1,0,
2024-08-16 11:00:00,1,1,
2024-08-16 12:00:00,1,1,
2024-08-16 13:00:00,1,1,
2024-08-16 14:00:00,1,1,
2024-08-16 15:00:00,1,1,
2024-08-16 16:00:00,1,1,
2024-08-16 17:00:00,1,0,
2024-08-16 18:00:00,1,0,
2024-08-16 19:00:00,1,0,
2024-08-16 20:00:00,1,0,
2024-08-16 21:00:00,1,0,
2024-08-16 22:00:00,1,0,
2024-08-16 23:00:00,1,0,
2024-08-17 00:00:00,1,0,
2024-08-17 01:00:00,1,0,
2024-08-17 02:00:00,1,0,
2024-08-17 03:00:00,1,0,
2024-08-17 04:00:00,1,0,
2024-08-17 05:00:00,1,0,
2024-08-17 06:00:00,1,0,
2024-08-17 07:00:00,1,0,
2024-08-17 08:00:00,1,0,
2024-08-17 09:00:00,1,0,
2024-08-17 10:00:00,1,0,
2024-08-17 11:00:00,1,1,
2024-08-17 12:00:00,1,1,
2024-08-17 13:00:00,1,1,
2024-08-17 14:00:00,1,1,
2024-08-17 15:00:00,1,1,
2024-08-17 16:00:00,1,1,
2024-08-17 17:00:00,1,0,
2024-08-17 18:00:00,1,0,
2024-08-17 19:00:00,1,0,
2024-08-17 20:00:00,1,0,
2024-08-17 21:00:00,1,0,
2024-08-17 22:00:00,1,0,
2024-08-17 23:00:00,1,0,
2024-08-18 00:00:00,1,0,
2024-08-18 01:00:00,1,0,
2024-08-18 02:00:00,1,0,
2024-08-18 03:00:00,1,0,
2024-08-18 04:00:00,1,0,
2024-08-18 05:00:00,1,0,
2024-08-18 06:00:00,1,0,
2024-08-18 07:00:00,1,0,
2024-08-18 08:00:00,1,0,
2024-08-18 09:00:00,1,0,
2024-08-18 10:00:00,1,0,
2024-08-18 11:00:00,1,1,
2024-08-18 12:00:00,1,1,
2024-08-18 13:00:00,1,1,
2024-08-18 14:00:00,1,1,
2024-08-18 15:00:00,1,1,
2024-08-18 16:00:00,1,1,
2024-08-18 17:00:00,1,0,
2024-08-18 18:00:00,1,0,
2024-08-18 19:00:00,1,0,
2024-08-18 20:00:00,1,0,
2024-08-18 21:00:00,1,0,
2024-08-18 22:00:00,1,0,
2024-08-18 23:00:00,1,0,
2024-08-19 00:00:00,1,0,
2024-08-19 01:00:00,1,0,
2024-08-19 02:00:00,1,0,
2024-08-19 03:00:00,1,0,
2024-08-19 04:00:00,1,0,
2024-08-19 05:00:00,1,0,
2024-08-19 06:00:00,1,0,
2024-08-19 07:00:00,1,0,
2024-08-19 08:00:00,1,0,
2024-08-19 09:00:00,1,0,
2024-08-19 10:00:00,1,0,
2024-08-19 11:00:00,1,1,
2024-08-19 12:00:00,1,1,
2024-08-19 13:00:00,1,1,
2024-08-19 14:00:00,1,1,
2024-08-19 15:00:00,1,1,
2024-08-19 16:00:00,1,1,
2024-08-19 17:00:00,1,0,
2024-08-19 18:00:00,1,0,
2024-08-19 19:00:00,1,0,
2024-08-19 20:00:00,1,0,
2024-08-19 21:00:00,1,0,
2024-08-19 22:00:00,1,0,
2024-08-19 23:00:00,1,0,
2024-08-20 00:00:00,1,0,
2024-08-20 01:00:00,1,0,
2024-08-20 02:00:00,1,0,
2024-08-20 03:00:00,1,0,
2024-08-20 04:00:00,1,0,
2024-08-20 05:00:00,1,0,
2024-08-20 06:00:00,1,0,
2024-08-20 07:00:00,1,0,
2024-08-20 08:00:00,1,0,
2024-08-20 09:00:00,1,0,
2024-08-20 10:00:00,1,0,
2024-08-20 11:00:00,1,1,
2024-08-20 12:00:00,1,1,
2024-08-20 13:00:00,1,1,
2024-08-20 14:00:00,1,1,
2024-08-20 15:00:00,1,1,
2024-08-20 16:00:00,1,1,
2024-08-20 17:00:00,1,0,
2024-08-20 18:00:00,1,0,
2024-08-20 19:00:00,1,0,
2024-08-20 20:00:00,1,0,
2024-08-20 21:00:00,1,0,
2024-08-20 22:00:00,1,0,
2024-08-20 23:00:00,1,0,
2024-08-21 00:00:00,1,0,
2024-08-21 01:00:00,1,0,
2024-08-21 02:00:00,1,0,
2024-08-21 03:00:00,1,0,
2024-08-21 04:00:00,1,0,
2024-08-21 05:00:00,1,0,
2024-08-21 06:00:00,1,0,
2024-08-21 07:00:00,1,0,
2024-08-21 08:00:00,1,0,
2024-08-21 09:00:00,1,0,
2024-08-21 10:00:00,1,0,
2024-08-21 11:00:00,1,1,
2024-08-21 12:00:00,1,1,
2024-08-21 13:00:00,1,1,
2024-08-21 14:00:00,1,1,
2024-08-21 15:00:00,1,1,
2024-08-21 16:00:00,1,1,
2024-08-21 17:00:00,1,0,
2024-08-21 18:00:00,1,0,
2024-08-21 19:00:00,1,0,
2024-08-21 20:00:00,1,0,
2024-08-21 21:00:00,1,0,
2024-08-21 22:00:00,1,0,
2024-08-21 23:00:00,1,0,
2024-08-22 00:00:00,1,0,
2024-08-22 01:00:00,1,0,
2024-08-22 02:00:00,1,0,
2024-08-22 03:00:00,1,0,
2024-08-22 04:00:00,1,0,
2024-08-22 05:00:00,1,0,
2024-08-22 06:00:00,1,0,
2024-08-22 07:00:00,1,0,
2024-08-22 08:00:00,1,0,
2024-08-22 09:00:00,1,0,
2024-08-22 10:00:00,1,0,
2024-08-22 11:00:00,1,1,
2024-08-22 12:00:00,1,1,
2024-08-22 13:00:00,1,1,
2024-08-22 14:00:00,1,1,
2024-08-22 15:00:00,1,1,
2024-08-22 16:00:00,1,1,
2024-08-22 17:00:00,1,0,
2024-08-22 18:00:00,1,0,
2024-08-22 19:00:00,1,0,
2024-08-22 20:00:00,1,0,
2024-08-22 21:00:00,1,0,
2024-08-22 22:00:00,1,0,
2024-08-22 23:00:00,1,0,
2024-08-23 00:00:00,1,0,
2024-08-23 01:00:00,1,0,
2024-08-23 02:00:00,1,0,
2024-08-23 03:00:00,1,0,
2024-08-23 04:00:00,1,0,
2024-08-23 05:00:00,1,0,
2024-08-23 06:00:00,1,0,
2024-08-23 07:00:00,1,0,
2024-08-23 08:00:00,1,0,
2024-08-23 09:00:00,1,0,
2024-08-23 10:00:00,1,0,
2024-08-23 11:00:00,1,1,
2024-08-23 12:00:00,1,1,
2024-08-23 13:00:00,1,1,
2024-08-23 14:00:00,1,1,
2024-08-23 15:00:00,1,1,
2024-08-23 16:00:00,1,1,
2024-08-23 17:00:00,1,0,
2024-08-23 18:00:00,1,0,
2024-08-23 19:00:00,1,0,
2024-08-23 20:00:00,1,0,
2024-08-23 21:00:00,1,0,
2024-08-23 22:00:00,1,0,
2024-08-23 23:00:00,1,0,
2024-08-24 00:00:00,1,0,
2024-08-24 01:00:00,1,0,
2024-08-24 02:00:00,1,0,
2024-08-24 03:00:00,1,0,
2024-08-24 04:00:00,1,0,
2024-08-24 05:00:00,1,0,
2024-08-24 06:00:00,1,0,
2024-08-24 07:00:00,1,0,
2024-08-24 08:00:00,1,0,
2024-08-24 09:00:00,1,0,
2024-08-24 10:00:00,1,0,
2024-08-24 11:00:00,1,1,
2024-08-24 12:00:00,1,1,
2024-08-24 13:00:00,1,1,
2024-08-24 14:00:00,1,1,
2024-08-24 15:00:00,1,1,
2024-08-24 16:00:00,1,1,
2024-08-24 17:00:00,1,0,
2024-08-24 18:00:00,1,0,
2024-08-24 19:00:00,1,0,
2024-08-24 20:00:00,1,0,
2024-08-24 21:00:00,1,0,
2024-08-24 22:00:00,1,0,
2024-08-24 23:00:00,1,0,
2024-08-25 00:00:00,1,0,
2024-08-25 01:00:00,1,0,
2024-08-25 02:00:00,1,0,
2024-08-25 03:00:00,1,0,
2024-08-25 04:00:00,1,0,
2024-08-25 05:00:00,1,0,
2024-08-25 06:00:00,1,0,
2024-08-25 07:00:00,1,0,
2024-08-25 08:00:00,1,0,
2024-08-25 09:00:00,1,0,
2024-08-25 10:00:00,1,0,
2024-08-25 11:00:00,1,1,
2024-08-25 12:00:00,1,1,
2024-08-25 13:00:00,1,1,
2024-08-25 14:00:00,1,1,
2024-08-25 15:00:00,1,1,
2024-08-25 16:00:00,1,1,
2024-08-25 17:00:00,1,0,
2024-08-25 18:00:00,1,0,
2024-08-25 19:00:00,1,0,
2024-08-25 20:00:00,1,0,
2024-08-25 21:00:00,1,0,
2024-08-25 22:00:00,1,0,
2024-08-25 23:00:00,1,0,
2024-08-26 00:00:00,1,0,
2024-08-26 01:00:00,1,0,
2024-08-26 02:00:00,1,0,
2024-08-26 03:00:00,1,0,
2024-08-26 04:00:00,1,0,
2024-08-26 05:00:00,1,0,
2024-08-26 06:00:00,1,0,
2024-08-26 07:00:00,1,0,
2024-08-26 08:00:00,1,0,
2024-08-26 09:00:00,1,0,
2024-08-26 10:00:00,1,0,
2024-08-26 11:00:00,1,1,
2024-08-26 12:00:00,1,1,
2024-08-26 13:00:00,1,1,
2024-08-26 14:00:00,1,1,
2024-08-26 15:00:00,1,1,
2024-08-26 16:00:00,1,1,
2024-08-26 17:00:00,1,0,
2024-08-26 18:00:00,1,0,
2024-08-26 19:00:00,1,0,
2024-08-26 20:00:00,1,0,
2024-08-26 21:00:00,1,0,
2024-08-26 22:00:00,1,0,
2024-08-26 23:00:00,1,0,
2024-08-27 00:00:00,1,0,
2024-08-27 01:00:00,1,0,
2024-08-27 02:00:00,1,0,
2024-08-27 03:00:00,1,0,
2024-08-27 04:00:00,1,0,
2024-08-27 05:00:00,1,0,
2024-08-27 06:00:00,1,0,
2024-08-27 07:00:00,1,0,
2024-08-27 08:00:00,1,0,
2024-08-27 09:00:00,1,0,
2024-08-27 10:00:00,1,0,
2024-08-27 11:00:00,1,1,
2024-08-27 12:00:00,1,1,
2024-08-27 13:00:00,1,1,
2024-08-27 14:00:00,1,1,
2024-08-27 15:00:00,1,1,
2024-08-27 16:00:00,1,1,
2024-08-27 17:00:00,1,0,
2024-08-27 18:00:00,1,0,
2024-08-27 19:00:00,1,0,
2024-08-27 20:00:00,1,0,
2024-08-27 21:00:00,1,0,
2024-08-27 22:00:00,1,0,
2024-08-27 23:00:00,1,0,
2024-08-28 00:00:00,1,0,
2024-08-28 01:00:00,1,0,
2024-08-28 02:00:00,1,0,
2024-08-28 03:00:00,1,0,
2024-08-28 04:00:00,1,0,
2024-08-28 05:00:00,1,0,
2024-08-28 06:00:00,1,0,
2024-08-28 07:00:00,1,0,
2024-08-28 08:00:00,1,0,
2024-08-28 09:00:00,1,0,
2024-08-28 10:00:00,1,0,
2024-08-28 11:00:00,1,1,
2024-08-28 12:00:00,1,1,
2024-08-28 13:00:00,1,1,
2024-08-28 14:00:00,1,1,
2024-08-28 15:00:00,1,1,
2024-08-28 16:00:00,1,1,
2024-08-28 17:00:00,1,0,
2024-08-28 18:00:00,1,0,
2024-08-28 19:00:00,1,0,
2024-08-28 20:00:00,1,0,
2024-08-28 21:00:00,1,0,
2024-08-28 22:00:00,1,0,
2024-08-28 23:00:00,1,0,
2024-08-29 00:00:00,1,0,
2024-08-29 01:00:00,1,0,
2024-08-29 02:00:00,1,0,
2024-08-29 03:00:00,1,0,
2024-08-29 04:00:00,1,0,
2024-08-29 05:00:00,1,0,
2024-08-29 06:00:00,1,0,
2024-08-29 07:00:00,1,0,
2024-08-29 08:00:00,1,0,
2024-08-29 09:00:00,1,0,
2024-08-29 10:00:00,1,0,
2024-08-29 11:00:00,1,1,
2024-08-29 12:00:00,1,1,
2024-08-29 13:00:00,1,1,
2024-08-29 14:00:00,1,1,
2024-08-29 15:00:00,1,1,
2024-08-29 16:00:00,1,1,
2024-08-29 17:00:00,1,0,
2024-08-29 18:00:00,1,0,
2024-08-29 19:00:00,1,0,
2024-08-29 20:00:00,1,0,
2024-08-29 21:00:00,1,0,
2024-08-29 22:00:00,1,0,
2024-08-29 23:00:00,1,0,
2024-08-30 00:00:00,1,0,
2024-08-30 01:00:00,1,0,
2024-08-30 02:00:00,1,0,
2024-08-30 03:00:00,1,0,
2024-08-30 04:00:00,1,0,
2024-08-30 05:00:00,1,0,
2024-08-30 06:00:00,1,0,
2024-08-30 07:00:00,1,0,
2024-08-30 08:00:00,1,0,
2024-08-30 09:00:00,1,0,
2024-08-30 10:00:00,1,0,
2024-08-30 11:00:00,1,1,
2024-08-30 12:00:00,1,1,
2024-08-30 13:00:00,1,1,
2024-08-30 14:00:00,1,1,
2024-08-30 15:00:00,1,1,
2024-08-30 16:00:00,1,1,
2024-08-30 17:00:00,1,0,
2024-08-30 18:00:00,1,0,
2024-08-30 19:00:00,1,0,
2024-08-30 20:00:00,1,0,
2024-08-30 21:00:00,1,0,
2024-08-30 22:00:00,1,0,
2024-08-30 23:00:00,1,0,
2024-08-31 00:00:00,1,0,
2024-08-31 01:00:00,1,0,
2024-08-31 02:00:00,1,0,
2024-08-31 03:00:00,1,0,
2024-08-31 04:00:00,1,0,
2024-08-31 05:00:00,1,0,
2024-08-31 06:00:00,1,0,
2024-08-31 07:00:00,1,0,
2024-08-31 08:00:00,1,0,
2024-08-31 09:00:00,1,0,
2024-08-31 10:00:00,1,0,
2024-08-31 11:00:00,1,1,
2024-08-31 12:00:00,1,1,
2024-08-31 13:00:00,1,1,
2024-08-31 14:00:00,1,1,
2024-08-31 15:00:00,1,1,
2024-08-31 16:00:00,1,1,
2024-08-31 17:00:00,1,0,
2024-08-31 18:00:00,1,0,
2024-08-31 19:00:00,1,0,
2024-08-31 20:00:00,1,0,
2024-08-31 21:00:00,1,0,
2024-08-31 22:00:00,1,0,
2024-08-31 23:00:00,1,0,
2024-09-01 00:00:00,1,0,
2024-09-01 01:00:00,1,0,
2024-09-01 02:00:00,1,0,
2024-09-01 03:00:00,1,0,
2024-09-01 04:00:00,1,0,
2024-09-01 05:00:00,1,0,
2024-09-01 06:00:00,1,0,
2024-09-01 07:00:00,1,0,
2024-09-01 08:00:00,1,0,
2024-09-01 09:00:00,1,0,
2024-09-01 10:00:00,1,0,
2024-09-01 11:00:00,1,1,
2024-09-01 12:00:00,1,1,
2024-09-01 13:00:00,1,1,
2024-09-01 14:00:00,1,1,
2024-09-01 15:00:00,1,1,
2024-09-01 16:00:00,1,1,
2024-09-01 17:00:00,1,0,
2024-09-01 18:00:00,1,0,
2024-09-01 19:00:00,1,0,
2024-09-01 20:00:00,1,0,
2024-09-01 21:00:00,1,0,
2024-09-01 22:00:00,1,0,
2024-09-01 23:00:00,1,0,
2024-09-02 00:00:00,1,0,
2024-09-02 01:00:00,1,0,
2024-09-02 02:00:00,1,0,
2024-09-02 03:00:00,1,0,
2024-09-02 04:00:00,1,0,
2024-09-02 05:00:00,1,0,
2024-09-02 06:00:00,1,0,
2024-09-02 07:00:00,1,0,
2024-09-02 08:00:00,1,0,
2024-09-02 09:00:00,1,0,
2024-09-02 10:00:00,1,0,
2024-09-02 11:00:00,1,1,
2024-09-02 12:00:00,1,1,
2024-09-02 13:00:00,1,1,
2024-09-02 14:00:00,1,1,
2024-09-02 15:00:00,1,1,
2024-09-02 16:00:00,1,1,
2024-09-02 17:00:00,1,0,
2024-09-02 18:00:00,1,0,
2024-09-02 19:00:00,1,0,
2024-09-02 20:00:00,1,0,
2024-09-02 21:00:00,1,0,
2024-09-02 22:00:00,1,0,
2024-09-02 23:00:00,1,0,
2024-09-03 00:00:00,1,0,
2024-09-03 01:00:00,1,0,
2024-09-03 02:00:00,1,0,
2024-09-03 03:00:00,1,0,
2024-09-03 04:00:00,1,0,
2024-09-03 05:00:00,1,0,
2024-09-03 06:00:00,1,0,
2024-09-03 07:00:00,1,0,
2024-09-03 08:00:00,1,0,
2024-09-03 09:00:00,1,0,
2024-09-03 10:00:00,1,0,
2024-09-03 11:00:00,1,1,
2024-09-03 12:00:00,1,1,
2024-09-03 13:00:00,1,1,
2024-09-03 14:00:00,1,1,
2024-09-03 15:00:00,1,1,
2024-09-03 16:00:00,1,0,
2024-09-03 17:00:00,1,0,
2024-09-03 18:00:00,1,0,
2024-09-03 19:00:00,1,0,
2024-09-03 20:00:00,1,0,
2024-09-03 21:00:00,1,0,
2024-09-03 22:00:00,1,0,
2024-09-03 23:00:00,1,0,
2024-09-04 00:00:00,1,0,
2024-09-04 01:00:00,1,0,
2024-09-04 02:00:00,1,0,
2024-09-04 03:00:00,1,0,
2024-09-04 04:00:00,1,0,
2024-09-04 05:00:00,1,0,
2024-09-04 06:00:00,1,0,
2024-09-04 07:00:00,1,0,
2024-09-04 08:00:00,1,0,
2024-09-04 09:00:00,1,0,
2024-09-04 10:00:00,1,0,
2024-09-04 11:00:00,1,1,
2024-09-04 12:00:00,1,1,
2024-09-04 13:00:00,1,1,
2024-09-04 14:00:00,1,1,
2024-09-04 15:00:00,1,1,
2024-09-04 16:00:00,1,1,
2024-09-04 17:00:00,1,0,
2024-09-04 18:00:00,1,0,
2024-09-04 19:00:00,1,0,
2024-09-04 20:00:00,1,0,
2024-09-04 21:00:00,1,0,
2024-09-04 22:00:00,1,0,
2024-09-04 23:00:00,1,0,
2024-09-05 00:00:00,1,0,
2024-09-05 01:00:00,1,0,
2024-09-05 02:00:00,1,0,
2024-09-05 03:00:00,1,0,
2024-09-05 04:00:00,1,0,
2024-09-05 05:00:00,1,0,
2024-09-05 06:00:00,1,0,
2024-09-05 07:00:00,1,0,
2024-09-05 08:00:00,1,0,
2024-09-05 09:00:00,1,0,
2024-09-05 10:00:00,1,0,
2024-09-05 11:00:00,1,1,
2024-09-05 12:00:00,1,1,
2024-09-05 13:00:00,1,1,
2024-09-05 14:00:00,1,1,
2024-09-05 15:00:00,1,1,
2024-09-05 16:00:00,1,1,
2024-09-05 17:00:00,1,0,
2024-09-05 18:00:00,1,0,
2024-09-05 19:00:00,1,0,
2024-09-05 20:00:00,1,0,
2024-09-05 21:00:00,1,0,
2024-09-05 22:00:00,1,0,
2024-09-05 23:00:00,1,0,
2024-09-06 00:00:00,1,0,
2024-09-06 01:00:00,1,0,
2024-09-06 02:00:00,1,0,
2024-09-06 03:00:00,1,0,
2024-09-06 04:00:00,1,0,
2024-09-06 05:00:00,1,0,
2024-09-06 06:00:00,1,0,
2024-09-06 07:00:00,1,0,
2024-09-06 08:00:00,1,0,
2024-09-06 09:00:00,1,0,
2024-09-06 10:00:00,1,0,
2024-09-06 11:00:00,1,1,
2024-09-06 12:00:00,1,1,
2024-09-06 13:00:00,1,1,
2024-09-06 14:00:00,1,1,
2024-09-06 15:00:00,1,1,
2024-09-06 16:00:00,1,0,
2024-09-06 17:00:00,1,0,
2024-09-06 18:00:00,1,0,
2024-09-06 19:00:00,1,0,
2024-09-06 20:00:00,1,0,
2024-09-06 21:00:00,1,0,
2024-09-06 22:00:00,1,0,
2024-09-06 23:00:00,1,0,
2024-09-07 00:00:00,1,0,
2024-09-07 01:00:00,1,0,
2024-09-07 02:00:00,1,0,
2024-09-07 03:00:00,1,0,
2024-09-07 04:00:00,1,0,
2024-09-07 05:00:00,1,0,
2024-09-07 06:00:00,1,0,
2024-09-07 07:00:00,1,0,
2024-09-07 08:00:00,1,0,
2024-09-07 09:00:00,1,0,
2024-09-07 10:00:00,1,0,
2024-09-07 11:00:00,1,1,
2024-09-07 12:00:00,1,1,
2024-09-07 13:00:00,1,1,
2024-09-07 14:00:00,1,1,
2024-09-07 15:00:00,1,1,
2024-09-07 16:00:00,1,1,
2024-09-07 17:00:00,1,0,
2024-09-07 18:00:00,1,0,
2024-09-07 19:00:00,1,0,
2024-09-07 20:00:00,1,0,
2024-09-07 21:00:00,1,0,
2024-09-07 22:00:00,1,0,
2024-09-07 23:00:00,1,0,
2024-09-08 00:00:00,1,0,
2024-09-08 01:00:00,1,0,
2024-09-08 02:00:00,1,0,
2024-09-08 03:00:00,1,0,
2024-09-08 04:00:00,1,0,
2024-09-08 05:00:00,1,0,
2024-09-08 06:00:00,1,0,
2024-09-08 07:00:00,1,0,
2024-09-08 08:00:00,1,0,
2024-09-08 09:00:00,1,0,
2024-09-08 10:00:00,1,0,
2024-09-08 11:00:00,1,1,
2024-09-08 12:00:00,1,1,
2024-09-08 13:00:00,1,1,
2024-09-08 14:00:00,1,1,
2024-09-08 15:00:00,1,1,
2024-09-08 16:00:00,1,1,
2024-09-08 17:00:00,1,0,
2024-09-08 18:00:00,1,0,
2024-09-08 19:00:00,1,0,
2024-09-08 20:00:00,1,0,
2024-09-08 21:00:00,1,0,
2024-09-08 22:00:00,1,0,
2024-09-08 23:00:00,1,0,
2024-09-09 00:00:00,1,0,
2024-09-09 01:00:00,1,0,
2024-09-09 02:00:00,1,0,
2024-09-09 03:00:00,1,0,
2024-09-09 04:00:00,1,0,
2024-09-09 05:00:00,1,0,
2024-09-09 06:00:00,1,0,
2024-09-09 07:00:00,1,0,
2024-09-09 08:00:00,1,0,
2024-09-09 09:00:00,1,0,
2024-09-09 10:00:00,1,0,
2024-09-09 11:00:00,1,1,
2024-09-09 12:00:00,1,1,
2024-09-09 13:00:00,1,1,
2024-09-09 14:00:00,1,1,
2024-09-09 15:00:00,1,1,
2024-09-09 16:00:00,1,1,
2024-09-09 17:00:00,1,0,
2024-09-09 18:00:00,1,0,
2024-09-09 19:00:00,1,0,
2024-09-09 20:00:00,1,0,
2024-09-09 21:00:00,1,0,
2024-09-09 22:00:00,1,0,
2024-09-09 23:00:00,1,0,
2024-09-10 00:00:00,1,0,
2024-09-10 01:00:00,1,0,
2024-09-10 02:00:00,1,0,
2024-09-10 03:00:00,1,0,
2024-09-10 04:00:00,1,0,
2024-09-10 05:00:00,1,0,
2024-09-10 06:00:00,1,0,
2024-09-10 07:00:00,1,0,
2024-09-10 08:00:00,1,0,
2024-09-10 09:00:00,1,0,
2024-09-10 10:00:00,1,0,
2024-09-10 11:00:00,1,1,
2024-09-10 12:00:00,1,1,
2024-09-10 13:00:00,1,1,
2024-09-10 14:00:00,1,1,
2024-09-10 15:00:00,1,1,
2024-09-10 16:00:00,1,1,
2024-09-10 17:00:00,1,0,
2024-09-10 18:00:00,1,0,
2024-09-10 19:00:00,1,0,
2024-09-10 20:00:00,1,0,
2024-09-10 21:00:00,1,0,
2024-09-10 22:00:00,1,0,
2024-09-10 23:00:00,1,0,
2024-09-11 00:00:00,1,0,
2024-09-11 01:00:00,1,0,
2024-09-11 02:00:00,1,0,
2024-09-11 03:00:00,1,0,
2024-09-11 04:00:00,1,0,
2024-09-11 05:00:00,1,0,
2024-09-11 06:00:00,1,0,
2024-09-11 07:00:00,1,0,
2024-09-11 08:00:00,1,0,
2024-09-11 09:00:00,1,0,
2024-09-11 10:00:00,1,0,
2024-09-11 11:00:00,1,1,
2024-09-11 12:00:00,1,1,
2024-09-11 13:00:00,1,1,
2024-09-11 14:00:00,1,1,
2024-09-11 15:00:00,1,1,
2024-09-11 16:00:00,1,1,
2024-09-11 17:00:00,1,0,
2024-09-11 18:00:00,1,0,
2024-09-11 19:00:00,1,0,
2024-09-11 20:00:00,1,0,
2024-09-11 21:00:00,1,0,
2024-09-11 22:00:00,1,0,
2024-09-11 23:00:00,1,0,
2024-09-12 00:00:00,1,0,
2024-09-12 01:00:00,1,0,
2024-09-12 02:00:00,1,0,
2024-09-12 03:00:00,1,0,
2024-09-12 04:00:00,1,0,
2024-09-12 05:00:00,1,0,
2024-09-12 06:00:00,1,0,
2024-09-12 07:00:00,1,0,
2024-09-12 08:00:00,1,0,
2024-09-12 09:00:00,1,0,
2024-09-12 10:00:00,1,0,
2024-09-12 11:00:00,1,1,
2024-09-12 12:00:00,1,1,
2024-09-12 13:00:00,1,1,
2024-09-12 14:00:00,1,1,
2024-09-12 15:00:00,1,1,
2024-09-12 16:00:00,1,1,
2024-09-12 17:00:00,1,0,
2024-09-12 18:00:00,1,0,
2024-09-12 19:00:00,1,0,
2024-09-12 20:00:00,1,0,
2024-09-12 21:00:00,1,0,
2024-09-12 22:00:00,1,0,
2024-09-12 23:00:00,1,0,
2024-09-13 00:00:00,1,0,
2024-09-13 01:00:00,1,0,
2024-09-13 02:00:00,1,0,
2024-09-13 03:00:00,1,0,
2024-09-13 04:00:00,1,0,
2024-09-13 05:00:00,1,0,
2024-09-13 06:00:00,1,0,
2024-09-13 07:00:00,1,0,
2024-09-13 08:00:00,1,0,
2024-09-13 09:00:00,1,0,
2024-09-13 10:00:00,1,0,
2024-09-13 11:00:00,1,1,
2024-09-13 12:00:00,1,1,
2024-09-13 13:00:00,1,1,
2024-09-13 14:00:00,1,1,
2024-09-13 15:00:00,1,1,
2024-09-13 16:00:00,1,1,
2024-09-13 17:00:00,1,0,
2024-09-13 18:00:00,1,0,
2024-09-13 19:00:00,1,0,
2024-09-13 20:00:00,1,0,
2024-09-13 21:00:00,1,0,
2024-09-13 22:00:00,1,0,
2024-09-13 23:00:00,1,0,
2024-09-14 00:00:00,1,0,
2024-09-14 01:00:00,1,0,
2024-09-14 02:00:00,1,0,
2024-09-14 03:00:00,1,0,
2024-09-14 04:00:00,1,0,
2024-09-14 05:00:00,1,0,
2024-09-14 06:00:00,1,0,
2024-09-14 07:00:00,1,0,
2024-09-14 08:00:00,1,0,
2024-09-14 09:00:00,1,0,
2024-09-14 10:00:00,1,0,
2024-09-14 11:00:00,1,1,
2024-09-14 12:00:00,1,1,
2024-09-14 13:00:00,1,1,
2024-09-14 14:00:00,1,1,
2024-09-14 15:00:00,1,1,
2024-09-14 16:00:00,1,0,
2024-09-14 17:00:00,1,0,
2024-09-14 18:00:00,1,0,
2024-09-14 19:00:00,1,0,
2024-09-14 20:00:00,1,0,
2024-09-14 21:00:00,1,0,
2024-09-14 22:00:00,1,0,
2024-09-14 23:00:00,1,0,
2024-09-15 00:00:00,1,0,
2024-09-15 01:00:00,1,0,
2024-09-15 02:00:00,1,0,
2024-09-15 03:00:00,1,0,
2024-09-15 04:00:00,1,0,
2024-09-15 05:00:00,1,0,
2024-09-15 06:00:00,1,0,
2024-09-15 07:00:00,1,0,
2024-09-15 08:00:00,1,0,
2024-09-15 09:00:00,1,0,
2024-09-15 10:00:00,1,0,
2024-09-15 11:00:00,1,0,
2024-09-15 12:00:00,1,1,
2024-09-15 13:00:00,1,1,
2024-09-15 14:00:00,1,1,
2024-09-15 15:00:00,1,1,
2024-09-15 16:00:00,1,0,
2024-09-15 17:00:00,1,0,
2024-09-15 18:00:00,1,0,
2024-09-15 19:00:00,1,0,
2024-09-15 20:00:00,1,0,
2024-09-15 21:00:00,1,0,
2024-09-15 22:00:00,1,0,
2024-09-15 23:00:00,1,0,
2024-09-16 00:00:00,1,0,
2024-09-16 01:00:00,1,0,
2024-09-16 02:00:00,1,0,
2024-09-16 03:00:00,1,0,
2024-09-16 04:00:00,1,0,
2024-09-16 05:00:00,1,0,
2024-09-16 06:00:00,1,0,
2024-09-16 07:00:00,1,0,
2024-09-16 08:00:00,1,0,
2024-09-16 09:00:00,1,0,
2024-09-16 10:00:00,1,0,
2024-09-16 11:00:00,1,1,
2024-09-16 12:00:00,1,1,
2024-09-16 13:00:00,1,1,
2024-09-16 14:00:00,1,1,
2024-09-16 15:00:00,1,1,
2024-09-16 16:00:00,1,0,
2024-09-16 17:00:00,1,0,
2024-09-16 18:00:00,1,0,
2024-09-16 19:00:00,1,0,
2024-09-16 20:00:00,1,0,
2024-09-16 21:00:00,1,0,
2024-09-16 22:00:00,1,0,
2024-09-16 23:00:00,1,0,
2024-09-17 00:00:00,1,0,
2024-09-17 01:00:00,1,0,
2024-09-17 02:00:00,1,0,
2024-09-17 03:00:00,1,0,
2024-09-17 04:00:00,1,0,
2024-09-17 05:00:00,1,0,
2024-09-17 06:00:00,1,0,
2024-09-17 07:00:00,1,0,
2024-09-17 08:00:00,1,0,
2024-09-17 09:00:00,1,0,
2024-09-17 10:00:00,1,0,
2024-09-17 11:00:00,1,1,
2024-09-17 12:00:00,1,1,
2024-09-17 13:00:00,1,1,
2024-09-17 14:00:00,1,1,
2024-09-17 15:00:00,1,0,
2024-09-17 16:00:00,1,0,
2024-09-17 17:00:00,1,0,
2024-09-17 18:00:00,1,0,
2024-09-17 19:00:00,1,0,
2024-09-17 20:00:00,1,0,
2024-09-17 21:00:00,1,0,
2024-09-17 22:00:00,1,0,
2024-09-17 23:00:00,1,0,
2024-09-18 00:00:00,1,0,
2024-09-18 01:00:00,1,0,
2024-09-18 02:00:00,1,0,
2024-09-18 03:00:00,1,0,
2024-09-18 04:00:00,1,0,
2024-09-18 05:00:00,1,0,
2024-09-18 06:00:00,1,0,
2024-09-18 07:00:00,1,0,
2024-09-18 08:00:00,1,0,
2024-09-18 09:00:00,1,0,
2024-09-18 10:00:00,1,0,
2024-09-18 11:00:00,1,0,
2024-09-18 12:00:00,1,1,
2024-09-18 13:00:00,1,1,
2024-09-18 14:00:00,1,1,
2024-09-18 15:00:00,1,1,
2024-09-18 16:00:00,1,0,
2024-09-18 17:00:00,1,0,
2024-09-18 18:00:00,1,0,
2024-09-18 19:00:00,1,0,
2024-09-18 20:00:00,1,0,
2024-09-18 21:00:00,1,0,
2024-09-18 22:00:00,1,0,
2024-09-18 23:00:00,1,0,
2024-09-19 00:00:00,1,0,
2024-09-19 01:00:00,1,0,
2024-09-19 02:00:00,1,0,
2024-09-19 03:00:00,1,0,
2024-09-19 04:00:00,1,0,
2024-09-19 05:00:00,1,0,
2024-09-19 06:00:00,1,0,
2024-09-19 07:00:00,1,0,
2024-09-19 08:00:00,1,0,
2024-09-19 09:00:00,1,0,
2024-09-19 10:00:00,1,0,
2024-09-19 11:00:00,1,1,
2024-09-19 12:00:00,1,1,
2024-09-19 13:00:00,1,1,
2024-09-19 14:00:00,1,1,
2024-09-19 15:00:00,1,0,
2024-09-19 16:00:00,1,0,
2024-09-19 17:00:00,1,0,
2024-09-19 18:00:00,1,0,
2024-09-19 19:00:00,1,0,
2024-09-19 20:00:00,1,0,
2024-09-19 21:00:00,1,0,
2024-09-19 22:00:00,1,0,
2024-09-19 23:00:00,1,0,
2024-09-20 00:00:00,1,0,
2024-09-20 01:00:00,1,0,
2024-09-20 02:00:00,1,0,
2024-09-20 03:00:00,1,0,
2024-09-20 04:00:00,1,0,
2024-09-20 05:00:00,1,0,
2024-09-20 06:00:00,1,0,
2024-09-20 07:00:00,1,0,
2024-09-20 08:00:00,1,0,
2024-09-20 09:00:00,1,0,
2024-09-20 10:00:00,1,0,
2024-09-20 11:00:00,1,1,
2024-09-20 12:00:00,1,1,
2024-09-20 13:00:00,1,1,
2024-09-20 14:00:00,1,1,
2024-09-20 15:00:00,1,1,
2024-09-20 16:00:00,1,0,
2024-09-20 17:00:00,1,0,
2024-09-20 18:00:00,1,0,
2024-09-20 19:00:00,1,0,
2024-09-20 20:00:00,1,0,
2024-09-20 21:00:00,1,0,
2024-09-20 22:00:00,1,0,
2024-09-20 23:00:00,1,0,
2024-09-21 00:00:00,1,0,
2024-09-21 01:00:00,1,0,
2024-09-21 02:00:00,1,0,
2024-09-21 03:00:00,1,0,
2024-09-21 04:00:00,1,0,
2024-09-21 05:00:00,1,0,
2024-09-21 06:00:00,1,0,
2024-09-21 07:00:00,1,0,
2024-09-21 08:00:00,1,0,
2024-09-21 09:00:00,1,0,
2024-09-21 10:00:00,1,0,
2024-09-21 11:00:00,1,1,
2024-09-21 12:00:00,1,1,
2024-09-21 13:00:00,1,1,
2024-09-21 14:00:00,1,1,
2024-09-21 15:00:00,1,1,
2024-09-21 16:00:00,1,0,
2024-09-21 17:00:00,1,0,
2024-09-21 18:00:00,1,0,
2024-09-21 19:00:00,1,0,
2024-09-21 20:00:00,1,0,
2024-09-21 21:00:00,1,0,
2024-09-21 22:00:00,1,0,
2024-09-21 23:00:00,1,0,
2024-09-22 00:00:00,1,0,
2024-09-22 01:00:00,1,0,
2024-09-22 02:00:00,1,0,
2024-09-22 03:00:00,1,0,
2024-09-22 04:00:00,1,0,
2024-09-22 05:00:00,1,0,
2024-09-22 06:00:00,1,0,
2024-09-22 07:00:00,1,0,
2024-09-22 08:00:00,1,0,
2024-09-22 09:00:00,1,0,
2024-09-22 10:00:00,1,0,
2024-09-22 11:00:00,1,0,
2024-09-22 12:00:00,1,1,
2024-09-22 13:00:00,1,1,
2024-09-22 14:00:00,1,1,
2024-09-22 15:00:00,1,0,
2024-09-22 16:00:00,1,0,
2024-09-22 17:00:00,1,0,
2024-09-22 18:00:00,1,0,
2024-09-22 19:00:00,1,0,
2024-09-22 20:00:00,1,0,
2024-09-22 21:00:00,1,0,
2024-09-22 22:00:00,1,0,
2024-09-22 23:00:00,1,0,
2024-09-23 00:00:00,1,0,
2024-09-23 01:00:00,1,0,
2024-09-23 02:00:00,1,0,
2024-09-23 03:00:00,1,0,
2024-09-23 04:00:00,1,0,
2024-09-23 05:00:00,1,0,
2024-09-23 06:00:00,1,0,
2024-09-23 07:00:00,1,0,
2024-09-23 08:00:00,1,0,
2024-09-23 09:00:00,1,0,
2024-09-23 10:00:00,1,0,
2024-09-23 11:00:00,1,1,
2024-09-23 12:00:00,1,1,
2024-09-23 13:00:00,1,1,
2024-09-23 14:00:00,1,1,
2024-09-23 15:00:00,1,1,
2024-09-23 16:00:00,1,0,
2024-09-23 17:00:00,1,0,
2024-09-23 18:00:00,1,0,
2024-09-23 19:00:00,1,0,
2024-09-23 20:00:00,1,0,
2024-09-23 21:00:00,1,0,
2024-09-23 22:00:00,1,0,
2024-09-23 23:00:00,1,0,
2024-09-24 00:00:00,1,0,
2024-09-24 01:00:00,1,0,
2024-09-24 02:00:00,1,0,
2024-09-24 03:00:00,1,0,
2024-09-24 04:00:00,1,0,
2024-09-24 05:00:00,1,0,
2024-09-24 06:00:00,1,0,
2024-09-24 07:00:00,1,0,
2024-09-24 08:00:00,1,0,
2024-09-24 09:00:00,1,0,
2024-09-24 10:00:00,1,0,
2024-09-24 11:00:00,1,1,
2024-09-24 12:00:00,1,1,
2024-09-24 13:00:00,1,1,
2024-09-24 14:00:00,1,1,
2024-09-24 15:00:00,1,1,
2024-09-24 16:00:00,1,0,
2024-09-24 17:00:00,1,0,
2024-09-24 18:00:00,1,0,
2024-09-24 19:00:00,1,0,
2024-09-24 20:00:00,1,0,
2024-09-24 21:00:00,1,0,
2024-09-24 22:00:00,1,0,
2024-09-24 23:00:00,1,0,
2024-09-25 00:00:00,1,0,
2024-09-25 01:00:00,1,0,
2024-09-25 02:00:00,1,0,
2024-09-25 03:00:00,1,0,
2024-09-25 04:00:00,1,0,
2024-09-25 05:00:00,1,0,
2024-09-25 06:00:00,1,0,
2024-09-25 07:00:00,1,0,
2024-09-25 08:00:00,1,0,
2024-09-25 09:00:00,1,0,
2024-09-25 10:00:00,1,0,
2024-09-25 11:00:00,1,1,
2024-09-25 12:00:00,1,1,
2024-09-25 13:00:00,1,1,
2024-09-25 14:00:00,1,1,
2024-09-25 15:00:00,1,1,
2024-09-25 16:00:00,1,0,
2024-09-25 17:00:00,1,0,
2024-09-25 18:00:00,1,0,
2024-09-25 19:00:00,1,0,
2024-09-25 20:00:00,1,0,
2024-09-25 21:00:00,1,0,
2024-09-25 22:00:00,1,0,
2024-09-25 23:00:00,1,0,
2024-09-26 00:00:00,1,0,
2024-09-26 01:00:00,1,0,
2024-09-26 02:00:00,1,0,
2024-09-26 03:00:00,1,0,
2024-09-26 04:00:00,1,0,
2024-09-26 05:00:00,1,0,
2024-09-26 06:00:00,1,0,
2024-09-26 07:00:00,1,0,
2024-09-26 08:00:00,1,0,
2024-09-26 09:00:00,1,0,
2024-09-26 10:00:00,1,0,
2024-09-26 11:00:00,1,1,
2024-09-26 12:00:00,1,1,
2024-09-26 13:00:00,1,1,
2024-09-26 14:00:00,1,1,
2024-09-26 15:00:00,1,1,
2024-09-26 16:00:00,1,0,
2024-09-26 17:00:00,1,0,
2024-09-26 18:00:00,1,0,
2024-09-26 19:00:00,1,0,
2024-09-26 20:00:00,1,0,
2024-09-26 21:00:00,1,0,
2024-09-26 22:00:00,1,0,
2024-09-26 23:00:00,1,0,
2024-09-27 00:00:00,1,0,
2024-09-27 01:00:00,1,0,
2024-09-27 02:00:00,1,0,
2024-09-27 03:00:00,1,0,
2024-09-27 04:00:00,1,0,
2024-09-27 05:00:00,1,0,
2024-09-27 06:00:00,1,0,
2024-09-27 07:00:00,1,0,
2024-09-27 08:00:00,1,0,
2024-09-27 09:00:00,1,0,
2024-09-27 10:00:00,1,0,
2024-09-27 11:00:00,1,1,
2024-09-27 12:00:00,1,1,
2024-09-27 13:00:00,1,1,
2024-09-27 14:00:00,1,1,
2024-09-27 15:00:00,1,1,
2024-09-27 16:00:00,1,0,
2024-09-27 17:00:00,1,0,
2024-09-27 18:00:00,1,0,
2024-09-27 19:00:00,1,0,
2024-09-27 20:00:00,1,0,
2024-09-27 21:00:00,1,0,
2024-09-27 22:00:00,1,0,
2024-09-27 23:00:00,1,0,
2024-09-28 00:00:00,1,0,
2024-09-28 01:00:00,1,0,
2024-09-28 02:00:00,1,0,
2024-09-28 03:00:00,1,0,
2024-09-28 04:00:00,1,0,
2024-09-28 05:00:00,1,0,
2024-09-28 06:00:00,1,0,
2024-09-28 07:00:00,1,0,
2024-09-28 08:00:00,1,0,
2024-09-28 09:00:00,1,0,
2024-09-28 10:00:00,1,0,
2024-09-28 11:00:00,1,1,
2024-09-28 12:00:00,1,1,
2024-09-28 13:00:00,1,1,
2024-09-28 14:00:00,1,1,
2024-09-28 15:00:00,1,1,
2024-09-28 16:00:00,1,0,
2024-09-28 17:00:00,1,0,
2024-09-28 18:00:00,1,0,
2024-09-28 19:00:00,1,0,
2024-09-28 20:00:00,1,0,
2024-09-28 21:00:00,1,0,
2024-09-28 22:00:00,1,0,
2024-09-28 23:00:00,1,0,
2024-09-29 00:00:00,1,0,
2024-09-29 01:00:00,1,0,
2024-09-29 02:00:00,1,0,
2024-09-29 03:00:00,1,0,
2024-09-29 04:00:00,1,0,
2024-09-29 05:00:00,1,0,
2024-09-29 06:00:00,1,0,
2024-09-29 07:00:00,1,0,
2024-09-29 08:00:00,1,0,
2024-09-29 09:00:00,1,0,
2024-09-29 10:00:00,1,0,
2024-09-29 11:00:00,1,1,
2024-09-29 12:00:00,1,1,
2024-09-29 13:00:00,1,1,
2024-09-29 14:00:00,1,1,
2024-09-29 15:00:00,1,1,
2024-09-29 16:00:00,1,0,
2024-09-29 17:00:00,1,0,
2024-09-29 18:00:00,1,0,
2024-09-29 19:00:00,1,0,
2024-09-29 20:00:00,1,0,
2024-09-29 21:00:00,1,0,
2024-09-29 22:00:00,1,0,
2024-09-29 23:00:00,1,0,
2024-09-30 00:00:00,1,0,
2024-09-30 01:00:00,1,0,
2024-09-30 02:00:00,1,0,
2024-09-30 03:00:00,1,0,
2024-09-30 04:00:00,1,0,
2024-09-30 05:00:00,1,0,
2024-09-30 06:00:00,1,0,
2024-09-30 07:00:00,1,0,
2024-09-30 08:00:00,1,0,
2024-09-30 09:00:00,1,0,
2024-09-30 10:00:00,1,0,
2024-09-30 11:00:00,1,1,
2024-09-30 12:00:00,1,1,
2024-09-30 13:00:00,1,1,
2024-09-30 14:00:00,1,1,
2024-09-30 15:00:00,1,1,
2024-09-30 16:00:00,1,0,
2024-09-30 17:00:00,1,0,
2024-09-30 18:00:00,1,0,
2024-09-30 19:00:00,1,0,
2024-09-30 20:00:00,1,0,
2024-09-30 21:00:00,1,0,
2024-09-30 22:00:00,1,0,
2024-09-30 23:00:00,1,0,
2024-10-01 00:00:00,2,0,
2024-10-01 01:00:00,2,0,
2024-10-01 02:00:00,2,0,
2024-10-01 03:00:00,2,0,
2024-10-01 04:00:00,2,0,
2024-10-01 05:00:00,2,0,
2024-10-01 06:00:00,2,0,
2024-10-01 07:00:00,2,0,
2024-10-01 08:00:00,2,0,
2024-10-01 09:00:00,2,0,
2024-10-01 10:00:00,2,0,
2024-10-01 11:00:00,2,1,
2024-10-01 12:00:00,2,1,
2024-10-01 13:00:00,2,1,
2024-10-01 14:00:00,2,1,
2024-10-01 15:00:00,2,1,
2024-10-01 16:00:00,2,0,
2024-10-01 17:00:00,2,0,
2024-10-01 18:00:00,2,0,
2024-10-01 19:00:00,2,0,
2024-10-01 20:00:00,2,0,
2024-10-01 21:00:00,2,0,
2024-10-01 22:00:00,2,0,
2024-10-01 23:00:00,2,0,
2024-10-02 00:00:00,2,0,
2024-10-02 01:00:00,2,0,
2024-10-02 02:00:00,2,0,
2024-10-02 03:00:00,2,0,
2024-10-02 04:00:00,2,0,
2024-10-02 05:00:00,2,0,
2024-10-02 06:00:00,2,0,
2024-10-02 07:00:00,2,0,
2024-10-02 08:00:00,2,0,
2024-10-02 09:00:00,2,0,
2024-10-02 10:00:00,2,0,
2024-10-02 11:00:00,2,1,
2024-10-02 12:00:00,2,1,
2024-10-02 13:00:00,2,1,
2024-10-02 14:00:00,2,1,
2024-10-02 15:00:00,2,0,
2024-10-02 16:00:00,2,0,
2024-10-02 17:00:00,2,0,
2024-10-02 18:00:00,2,0,
2024-10-02 19:00:00,2,0,
2024-10-02 20:00:00,2,0,
2024-10-02 21:00:00,2,0,
2024-10-02 22:00:00,2,0,
2024-10-02 23:00:00,2,0,
2024-10-03 00:00:00,2,0,
2024-10-03 01:00:00,2,0,
2024-10-03 02:00:00,2,0,
2024-10-03 03:00:00,2,0,
2024-10-03 04:00:00,2,0,
2024-10-03 05:00:00,2,0,
2024-10-03 06:00:00,2,0,
2024-10-03 07:00:00,2,0,
2024-10-03 08:00:00,2,0,
2024-10-03 09:00:00,2,0,
2024-10-03 10:00:00,2,0,
2024-10-03 11:00:00,2,1,
2024-10-03 12:00:00,2,1,
2024-10-03 13:00:00,2,1,
2024-10-03 14:00:00,2,1,
2024-10-03 15:00:00,2,0,
2024-10-03 16:00:00,2,0,
2024-10-03 17:00:00,2,0,
2024-10-03 18:00:00,2,0,
2024-10-03 19:00:00,2,0,
2024-10-03 20:00:00,2,0,
2024-10-03 21:00:00,2,0,
2024-10-03 22:00:00,2,0,
2024-10-03 23:00:00,2,0,
2024-10-04 00:00:00,2,0,
2024-10-04 01:00:00,2,0,
2024-10-04 02:00:00,2,0,
2024-10-04 03:00:00,2,0,
2024-10-04 04:00:00,2,0,
2024-10-04 05:00:00,2,0,
2024-10-04 06:00:00,2,0,
2024-10-04 07:00:00,2,0,
2024-10-04 08:00:00,2,0,
2024-10-04 09:00:00,2,0,
2024-10-04 10:00:00,2,0,
2024-10-04 11:00:00,2,1,
2024-10-04 12:00:00,2,1,
2024-10-04 13:00:00,2,1,
2024-10-04 14:00:00,2,1,
2024-10-04 15:00:00,2,1,
2024-10-04 16:00:00,2,0,
2024-10-04 17:00:00,2,0,
2024-10-04 18:00:00,2,0,
2024-10-04 19:00:00,2,0,
2024-10-04 20:00:00,2,0,
2024-10-04 21:00:00,2,0,
2024-10-04 22:00:00,2,0,
2024-10-04 23:00:00,2,0,
2024-10-05 00:00:00,2,0,
2024-10-05 01:00:00,2,0,
2024-10-05 02:00:00,2,0,
2024-10-05 03:00:00,2,0,
2024-10-05 04:00:00,2,0,
2024-10-05 05:00:00,2,0,
2024-10-05 06:00:00,2,0,
2024-10-05 07:00:00,2,0,
2024-10-05 08:00:00,2,0,
2024-10-05 09:00:00,2,0,
2024-10-05 10:00:00,2,0,
2024-10-05 11:00:00,2,1,
2024-10-05 12:00:00,2,1,
2024-10-05 13:00:00,2,1,
2024-10-05 14:00:00,2,1,
2024-10-05 15:00:00,2,1,
2024-10-05 16:00:00,2,0,
2024-10-05 17:00:00,2,0,
2024-10-05 18:00:00,2,0,
2024-10-05 19:00:00,2,0,
2024-10-05 20:00:00,2,0,
2024-10-05 21:00:00,2,0,
2024-10-05 22:00:00,2,0,
2024-10-05 23:00:00,2,0,
2024-10-06 00:00:00,2,0,
2024-10-06 01:00:00,2,0,
2024-10-06 02:00:00,2,0,
2024-10-06 03:00:00,2,0,
2024-10-06 04:00:00,2,0,
2024-10-06 05:00:00,2,0,
2024-10-06 06:00:00,2,0,
2024-10-06 07:00:00,2,0,
2024-10-06 08:00:00,2,0,
2024-10-06 09:00:00,2,0,
2024-10-06 10:00:00,2,0,
2024-10-06 11:00:00,2,1,
2024-10-06 12:00:00,2,1,
2024-10-06 13:00:00,2,1,
2024-10-06 14:00:00,2,1,
2024-10-06 15:00:00,2,1,
2024-10-06 16:00:00,2,0,
2024-10-06 17:00:00,2,0,
2024-10-06 18:00:00,2,0,
2024-10-06 19:00:00,2,0,
2024-10-06 20:00:00,2,0,
2024-10-06 21:00:00,2,0,
2024-10-06 22:00:00,2,0,
2024-10-06 23:00:00,2,0,
2024-10-07 00:00:00,2,0,
2024-10-07 01:00:00,2,0,
2024-10-07 02:00:00,2,0,
2024-10-07 03:00:00,2,0,
2024-10-07 04:00:00,2,0,
2024-10-07 05:00:00,2,0,
2024-10-07 06:00:00,2,0,
2024-10-07 07:00:00,2,0,
2024-10-07 08:00:00,2,0,
2024-10-07 09:00:00,2,0,
2024-10-07 10:00:00,2,0,
2024-10-07 11:00:00,2,1,
2024-10-07 12:00:00,2,1,
2024-10-07 13:00:00,2,1,
2024-10-07 14:00:00,2,1,
2024-10-07 15:00:00,2,1,
2024-10-07 16:00:00,2,0,
2024-10-07 17:00:00,2,0,
2024-10-07 18:00:00,2,0,
2024-10-07 19:00:00,2,0,
2024-10-07 20:00:00,2,0,
2024-10-07 21:00:00,2,0,
2024-10-07 22:00:00,2,0,
2024-10-07 23:00:00,2,0,
2024-10-08 00:00:00,2,0,
2024-10-08 01:00:00,2,0,
2024-10-08 02:00:00,2,0,
2024-10-08 03:00:00,2,0,
2024-10-08 04:00:00,2,0,
2024-10-08 05:00:00,2,0,
2024-10-08 06:00:00,2,0,
2024-10-08 07:00:00,2,0,
2024-10-08 08:00:00,2,0,
2024-10-08 09:00:00,2,0,
2024-10-08 10:00:00,2,0,
2024-10-08 11:00:00,2,0,
2024-10-08 12:00:00,2,1,
2024-10-08 13:00:00,2,1,
2024-10-08 14:00:00,2,1,
2024-10-08 15:00:00,2,1,
2024-10-08 16:00:00,2,0,
2024-10-08 17:00:00,2,0,
2024-10-08 18:00:00,2,0,
2024-10-08 19:00:00,2,0,
2024-10-08 20:00:00,2,0,
2024-10-08 21:00:00,2,0,
2024-10-08 22:00:00,2,0,
2024-10-08 23:00:00,2,0,
2024-10-09 00:00:00,2,0,
2024-10-09 01:00:00,2,0,
2024-10-09 02:00:00,2,0,
2024-10-09 03:00:00,2,0,
2024-10-09 04:00:00,2,0,
2024-10-09 05:00:00,2,0,
2024-10-09 06:00:00,2,0,
2024-10-09 07:00:00,2,0,
2024-10-09 08:00:00,2,0,
2024-10-09 09:00:00,2,0,
2024-10-09 10:00:00,2,0,
2024-10-09 11:00:00,2,0,
2024-10-09 12:00:00,2,1,
2024-10-09 13:00:00,2,1,
2024-10-09 14:00:00,2,1,
2024-10-09 15:00:00,2,1,
2024-10-09 16:00:00,2,0,
2024-10-09 17:00:00,2,0,
2024-10-09 18:00:00,2,0,
2024-10-09 19:00:00,2,0,
2024-10-09 20:00:00,2,0,
2024-10-09 21:00:00,2,0,
2024-10-09 22:00:00,2,0,
2024-10-09 23:00:00,2,0,
2024-10-10 00:00:00,2,0,
2024-10-10 01:00:00,2,0,
2024-10-10 02:00:00,2,0,
2024-10-10 03:00:00,2,0,
2024-10-10 04:00:00,2,0,
2024-10-10 05:00:00,2,0,
2024-10-10 06:00:00,2,0,
2024-10-10 07:00:00,2,0,
2024-10-10 08:00:00,2,0,
2024-10-10 09:00:00,2,0,
2024-10-10 10:00:00,2,0,
2024-10-10 11:00:00,2,0,
2024-10-10 12:00:00,2,1,
2024-10-10 13:00:00,2,1,
2024-10-10 14:00:00,2,1,
2024-10-10 15:00:00,2,0,
2024-10-10 16:00:00,2,0,
2024-10-10 17:00:00,2,0,
2024-10-10 18:00:00,2,0,
2024-10-10 19:00:00,2,0,
2024-10-10 20:00:00,2,0,
2024-10-10 21:00:00,2,0,
2024-10-10 22:00:00,2,0,
2024-10-10 23:00:00,2,0,
2024-10-11 00:00:00,2,0,
2024-10-11 01:00:00,2,0,
2024-10-11 02:00:00,2,0,
2024-10-11 03:00:00,2,0,
2024-10-11 04:00:00,2,0,
2024-10-11 05:00:00,2,0,
2024-10-11 06:00:00,2,0,
2024-10-11 07:00:00,2,0,
2024-10-11 08:00:00,2,0,
2024-10-11 09:00:00,2,0,
2024-10-11 10:00:00,2,0,
2024-10-11 11:00:00,2,0,
2024-10-11 12:00:00,2,1,
2024-10-11 13:00:00,2,1,
2024-10-11 14:00:00,2,1,
2024-10-11 15:00:00,2,0,
2024-10-11 16:00:00,2,0,
2024-10-11 17:00:00,2,0,
2024-10-11 18:00:00,2,0,
2024-10-11 19:00:00,2,0,
2024-10-11 20:00:00,2,0,
2024-10-11 21:00:00,2,0,
2024-10-11 22:00:00,2,0,
2024-10-11 23:00:00,2,0,
2024-10-12 00:00:00,2,0,
2024-10-12 01:00:00,2,0,
2024-10-12 02:00:00,2,0,
2024-10-12 03:00:00,2,0,
2024-10-12 04:00:00,2,0,
2024-10-12 05:00:00,2,0,
2024-10-12 06:00:00,2,0,
2024-10-12 07:00:00,2,0,
2024-10-12 08:00:00,2,0,
2024-10-12 09:00:00,2,0,
2024-10-12 10:00:00,2,0,
2024-10-12 11:00:00,2,0,
2024-10-12 12:00:00,2,1,
2024-10-12 13:00:00,2,1,
2024-10-12 14:00:00,2,1,
2024-10-12 15:00:00,2,0,
2024-10-12 16:00:00,2,0,
2024-10-12 17:00:00,2,0,
2024-10-12 18:00:00,2,0,
2024-10-12 19:00:00,2,0,
2024-10-12 20:00:00,2,0,
2024-10-12 21:00:00,2,0,
2024-10-12 22:00:00,2,0,
2024-10-12 23:00:00,2,0,
2024-10-13 00:00:00,2,0,
2024-10-13 01:00:00,2,0,
2024-10-13 02:00:00,2,0,
2024-10-13 03:00:00,2,0,
2024-10-13 04:00:00,2,0,
2024-10-13 05:00:00,2,0,
2024-10-13 06:00:00,2,0,
2024-10-13 07:00:00,2,0,
2024-10-13 08:00:00,2,0,
2024-10-13 09:00:00,2,0,
2024-10-13 10:00:00,2,0,
2024-10-13 11:00:00,2,0,
2024-10-13 12:00:00,2,0,
2024-10-13 13:00:00,2,1,
2024-10-13 14:00:00,2,1,
2024-10-13 15:00:00,2,0,
2024-10-13 16:00:00,2,0,
2024-10-13 17:00:00,2,0,
2024-10-13 18:00:00,2,0,
2024-10-13 19:00:00,2,0,
2024-10-13 20:00:00,2,0,
2024-10-13 21:00:00,2,0,
2024-10-13 22:00:00,2,0,
2024-10-13 23:00:00,2,0,
2024-10-14 00:00:00,2,0,
2024-10-14 01:00:00,2,0,
2024-10-14 02:00:00,2,0,
2024-10-14 03:00:00,2,0,
2024-10-14 04:00:00,2,0,
2024-10-14 05:00:00,2,0,
2024-10-14 06:00:00,2,0,
2024-10-14 07:00:00,2,0,
2024-10-14 08:00:00,2,0,
2024-10-14 09:00:00,2,0,
2024-10-14 10:00:00,2,0,
2024-10-14 11:00:00,2,0,
2024-10-14 12:00:00,2,0,
2024-10-14 13:00:00,2,0,
2024-10-14 14:00:00,2,0,
2024-10-14 15:00:00,2,0,
2024-10-14 16:00:00,2,0,
2024-10-14 17:00:00,2,0,
2024-10-14 18:00:00,2,0,
2024-10-14 19:00:00,2,0,
2024-10-14 20:00:00,2,0,
2024-10-14 21:00:00,2,0,
2024-10-14 22:00:00,2,0,
2024-10-14 23:00:00,2,0,
2024-10-15 00:00:00,2,0,
2024-10-15 01:00:00,2,0,
2024-10-15 02:00:00,2,0,
2024-10-15 03:00:00,2,0,
2024-10-15 04:00:00,2,0,
2024-10-15 05:00:00,2,0,
2024-10-15 06:00:00,2,0,
2024-10-15 07:00:00,2,0,
2024-10-15 08:00:00,2,0,
2024-10-15 09:00:00,2,0,
2024-10-15 10:00:00,2,0,
2024-10-15 11:00:00,2,0,
2024-10-15 12:00:00,2,0,
2024-10-15 13:00:00,2,0,
2024-10-15 14:00:00,2,0,
2024-10-15 15:00:00,2,0,
2024-10-15 16:00:00,2,0,
2024-10-15 17:00:00,2,0,
2024-10-15 18:00:00,2,0,
2024-10-15 19:00:00,2,0,
2024-10-15 20:00:00,2,0,
2024-10-15 21:00:00,2,0,
2024-10-15 22:00:00,2,0,
2024-10-15 23:00:00,2,0,
2024-10-16 00:00:00,2,0,
2024-10-16 01:00:00,2,0,
2024-10-16 02:00:00,2,0,
2024-10-16 03:00:00,2,0,
2024-10-16 04:00:00,2,0,
2024-10-16 05:00:00,2,0,
2024-10-16 06:00:00,2,0,
2024-10-16 07:00:00,2,0,
2024-10-16 08:00:00,2,0,
2024-10-16 09:00:00,2,0,
2024-10-16 10:00:00,2,0,
2024-10-16 11:00:00,2,0,
2024-10-16 12:00:00,2,1,
2024-10-16 13:00:00,2,1,
2024-10-16 14:00:00,2,1,
2024-10-16 15:00:00,2,0,
2024-10-16 16:00:00,2,0,
2024-10-16 17:00:00,2,0,
2024-10-16 18:00:00,2,0,
2024-10-16 19:00:00,2,0,
2024-10-16 20:00:00,2,0,
2024-10-16 21:00:00,2,0,
2024-10-16 22:00:00,2,0,
2024-10-16 23:00:00,2,0,
2024-10-17 00:00:00,2,0,
2024-10-17 01:00:00,2,0,
2024-10-17 02:00:00,2,0,
2024-10-17 03:00:00,2,0,
2024-10-17 04:00:00,2,0,
2024-10-17 05:00:00,2,0,
2024-10-17 06:00:00,2,0,
2024-10-17 07:00:00,2,0,
2024-10-17 08:00:00,2,0,
2024-10-17 09:00:00,2,0,
2024-10-17 10:00:00,2,0,
2024-10-17 11:00:00,2,0,
2024-10-17 12:00:00,2,1,
2024-10-17 13:00:00,2,1,
2024-10-17 14:00:00,2,1,
2024-10-17 15:00:00,2,0,
2024-10-17 16:00:00,2,0,
2024-10-17 17:00:00,2,0,
2024-10-17 18:00:00,2,0,
2024-10-17 19:00:00,2,0,
2024-10-17 20:00:00,2,0,
2024-10-17 21:00:00,2,0,
2024-10-17 22:00:00,2,0,
2024-10-17 23:00:00,2,0,
2024-10-18 00:00:00,2,0,
2024-10-18 01:00:00,2,0,
2024-10-18 02:00:00,2,0,
2024-10-18 03:00:00,2,0,
2024-10-18 04:00:00,2,0,
2024-10-18 05:00:00,2,0,
2024-10-18 06:00:00,2,0,
2024-10-18 07:00:00,2,0,
2024-10-18 08:00:00,2,0,
2024-10-18 09:00:00,2,0,
2024-10-18 10:00:00,2,0,
2024-10-18 11:00:00,2,0,
2024-10-18 12:00:00,2,0,
2024-10-18 13:00:00,2,1,
2024-10-18 14:00:00,2,1,
2024-10-18 15:00:00,2,0,
2024-10-18 16:00:00,2,0,
2024-10-18 17:00:00,2,0,
2024-10-18 18:00:00,2,0,
2024-10-18 19:00:00,2,0,
2024-10-18 20:00:00,2,0,
2024-10-18 21:00:00,2,0,
2024-10-18 22:00:00,2,0,
2024-10-18 23:00:00,2,0,
2024-10-19 00:00:00,2,0,
2024-10-19 01:00:00,2,0,
2024-10-19 02:00:00,2,0,
2024-10-19 03:00:00,2,0,
2024-10-19 04:00:00,2,0,
2024-10-19 05:00:00,2,0,
2024-10-19 06:00:00,2,0,
2024-10-19 07:00:00,2,0,
2024-10-19 08:00:00,2,0,
2024-10-19 09:00:00,2,0,
2024-10-19 10:00:00,2,0,
2024-10-19 11:00:00,2,0,
2024-10-19 12:00:00,2,1,
2024-10-19 13:00:00,2,1,
2024-10-19 14:00:00,2,1,
2024-10-19 15:00:00,2,0,
2024-10-19 16:00:00,2,0,
2024-10-19 17:00:00,2,0,
2024-10-19 18:00:00,2,0,
2024-10-19 19:00:00,2,0,
2024-10-19 20:00:00,2,0,
2024-10-19 21:00:00,2,0,
2024-10-19 22:00:00,2,0,
2024-10-19 23:00:00,2,0,
2024-10-20 00:00:00,2,0,
2024-10-20 01:00:00,2,0,
2024-10-20 02:00:00,2,0,
2024-10-20 03:00:00,2,0,
2024-10-20 04:00:00,2,0,
2024-10-20 05:00:00,2,0,
2024-10-20 06:00:00,2,0,
2024-10-20 07:00:00,2,0,
2024-10-20 08:00:00,2,0,
2024-10-20 09:00:00,2,0,
2024-10-20 10:00:00,2,0,
2024-10-20 11:00:00,2,0,
2024-10-20 12:00:00,2,1,
2024-10-20 13:00:00,2,1,
2024-10-20 14:00:00,2,1,
2024-10-20 15:00:00,2,0,
2024-10-20 16:00:00,2,0,
2024-10-20 17:00:00,2,0,
2024-10-20 18:00:00,2,0,
2024-10-20 19:00:00,2,0,
2024-10-20 20:00:00,2,0,
2024-10-20 21:00:00,2,0,
2024-10-20 22:00:00,2,0,
2024-10-20 23:00:00,2,0,
2024-10-21 00:00:00,2,0,
2024-10-21 01:00:00,2,0,
2024-10-21 02:00:00,2,0,
2024-10-21 03:00:00,2,0,
2024-10-21 04:00:00,2,0,
2024-10-21 05:00:00,2,0,
2024-10-21 06:00:00,2,0,
2024-10-21 07:00:00,2,0,
2024-10-21 08:00:00,2,0,
2024-10-21 09:00:00,2,0,
2024-10-21 10:00:00,2,0,
2024-10-21 11:00:00,2,0,
2024-10-21 12:00:00,2,1,
2024-10-21 13:00:00,2,1,
2024-10-21 14:00:00,2,1,
2024-10-21 15:00:00,2,0,
2024-10-21 16:00:00,2,0,
2024-10-21 17:00:00,2,0,
2024-10-21 18:00:00,2,0,
2024-10-21 19:00:00,2,0,
2024-10-21 20:00:00,2,0,
2024-10-21 21:00:00,2,0,
2024-10-21 22:00:00,2,0,
2024-10-21 23:00:00,2,0,
2024-10-22 00:00:00,2,0,
2024-10-22 01:00:00,2,0,
2024-10-22 02:00:00,2,0,
2024-10-22 03:00:00,2,0,
2024-10-22 04:00:00,2,0,
2024-10-22 05:00:00,2,0,
2024-10-22 06:00:00,2,0,
2024-10-22 07:00:00,2,0,
2024-10-22 08:00:00,2,0,
2024-10-22 09:00:00,2,0,
2024-10-22 10:00:00,2,0,
2024-10-22 11:00:00,2,0,
2024-10-22 12:00:00,2,1,
2024-10-22 13:00:00,2,1,
2024-10-22 14:00:00,2,1,
2024-10-22 15:00:00,2,0,
2024-10-22 16:00:00,2,0,
2024-10-22 17:00:00,2,0,
2024-10-22 18:00:00,2,0,
2024-10-22 19:00:00,2,0,
2024-10-22 20:00:00,2,0,
2024-10-22 21:00:00,2,0,
2024-10-22 22:00:00,2,0,
2024-10-22 23:00:00,2,0,
2024-10-23 00:00:00,2,0,
2024-10-23 01:00:00,2,0,
2024-10-23 02:00:00,2,0,
2024-10-23 03:00:00,2,0,
2024-10-23 04:00:00,2,0,
2024-10-23 05:00:00,2,0,
2024-10-23 06:00:00,2,0,
2024-10-23 07:00:00,2,0,
2024-10-23 08:00:00,2,0,
2024-10-23 09:00:00,2,0,
2024-10-23 10:00:00,2,0,
2024-10-23 11:00:00,2,0,
2024-10-23 12:00:00,2,1,
2024-10-23 13:00:00,2,1,
2024-10-23 14:00:00,2,1,
2024-10-23 15:00:00,2,0,
2024-10-23 16:00:00,2,0,
2024-10-23 17:00:00,2,0,
2024-10-23 18:00:00,2,0,
2024-10-23 19:00:00,2,0,
2024-10-23 20:00:00,2,0,
2024-10-23 21:00:00,2,0,
2024-10-23 22:00:00,2,0,
2024-10-23 23:00:00,2,0,
2024-10-24 00:00:00,2,0,
2024-10-24 01:00:00,2,0,
2024-10-24 02:00:00,2,0,
2024-10-24 03:00:00,2,0,
2024-10-24 04:00:00,2,0,
2024-10-24 05:00:00,2,0,
2024-10-24 06:00:00,2,0,
2024-10-24 07:00:00,2,0,
2024-10-24 08:00:00,2,0,
2024-10-24 09:00:00,2,0,
2024-10-24 10:00:00,2,0,
2024-10-24 11:00:00,2,0,
2024-10-24 12:00:00,2,1,
2024-10-24 13:00:00,2,1,
2024-10-24 14:00:00,2,1,
2024-10-24 15:00:00,2,0,
2024-10-24 16:00:00,2,0,
2024-10-24 17:00:00,2,0,
2024-10-24 18:00:00,2,0,
2024-10-24 19:00:00,2,0,
2024-10-24 20:00:00,2,0,
2024-10-24 21:00:00,2,0,
2024-10-24 22:00:00,2,0,
2024-10-24 23:00:00,2,0,
2024-10-25 00:00:00,2,0,
2024-10-25 01:00:00,2,0,
2024-10-25 02:00:00,2,0,
2024-10-25 03:00:00,2,0,
2024-10-25 04:00:00,2,0,
2024-10-25 05:00:00,2,0,
2024-10-25 06:00:00,2,0,
2024-10-25 07:00:00,2,0,
2024-10-25 08:00:00,2,0,
2024-10-25 09:00:00,2,0,
2024-10-25 10:00:00,2,0,
2024-10-25 11:00:00,2,0,
2024-10-25 12:00:00,2,1,
2024-10-25 13:00:00,2,1,
2024-10-25 14:00:00,2,1,
2024-10-25 15:00:00,2,0,
2024-10-25 16:00:00,2,0,
2024-10-25 17:00:00,2,0,
2024-10-25 18:00:00,2,0,
2024-10-25 19:00:00,2,0,
2024-10-25 20:00:00,2,0,
2024-10-25 21:00:00,2,0,
2024-10-25 22:00:00,2,0,
2024-10-25 23:00:00,2,0,
2024-10-26 00:00:00,2,0,
2024-10-26 01:00:00,2,0,
2024-10-26 02:00:00,2,0,
2024-10-26 03:00:00,2,0,
2024-10-26 04:00:00,2,0,
2024-10-26 05:00:00,2,0,
2024-10-26 06:00:00,2,0,
2024-10-26 07:00:00,2,0,
2024-10-26 08:00:00,2,0,
2024-10-26 09:00:00,2,0,
2024-10-26 10:00:00,2,0,
2024-10-26 11:00:00,2,0,
2024-10-26 12:00:00,2,1,
2024-10-26 13:00:00,2,1,
2024-10-26 14:00:00,2,1,
2024-10-26 15:00:00,2,0,
2024-10-26 16:00:00,2,0,
2024-10-26 17:00:00,2,0,
2024-10-26 18:00:00,2,0,
2024-10-26 19:00:00,2,0,
2024-10-26 20:00:00,2,0,
2024-10-26 21:00:00,2,0,
2024-10-26 22:00:00,2,0,
2024-10-26 23:00:00,2,0,
2024-10-27 00:00:00,2,0,
2024-10-27 01:00:00,2,0,
2024-10-27 02:00:00,2,0,
2024-10-27 03:00:00,2,0,
2024-10-27 04:00:00,2,0,
2024-10-27 05:00:00,2,0,
2024-10-27 06:00:00,2,0,
2024-10-27 07:00:00,2,0,
2024-10-27 08:00:00,2,0,
2024-10-27 09:00:00,2,0,
2024-10-27 10:00:00,2,0,
2024-10-27 11:00:00,2,0,
2024-10-27 12:00:00,2,1,
2024-10-27 13:00:00,2,1,
2024-10-27 14:00:00,2,1,
2024-10-27 15:00:00,2,0,
2024-10-27 16:00:00,2,0,
2024-10-27 17:00:00,2,0,
2024-10-27 18:00:00,2,0,
2024-10-27 19:00:00,2,0,
2024-10-27 20:00:00,2,0,
2024-10-27 21:00:00,2,0,
2024-10-27 22:00:00,2,0,
2024-10-27 23:00:00,2,0,
2024-10-28 00:00:00,2,0,
2024-10-28 01:00:00,2,0,
2024-10-28 02:00:00,2,0,
2024-10-28 03:00:00,2,0,
2024-10-28 04:00:00,2,0,
2024-10-28 05:00:00,2,0,
2024-10-28 06:00:00,2,0,
2024-10-28 07:00:00,2,0,
2024-10-28 08:00:00,2,0,
2024-10-28 09:00:00,2,0,
2024-10-28 10:00:00,2,0,
2024-10-28 11:00:00,2,0,
2024-10-28 12:00:00,2,1,
2024-10-28 13:00:00,2,1,
2024-10-28 14:00:00,2,1,
2024-10-28 15:00:00,2,0,
2024-10-28 16:00:00,2,0,
2024-10-28 17:00:00,2,0,
2024-10-28 18:00:00,2,0,
2024-10-28 19:00:00,2,0,
2024-10-28 20:00:00,2,0,
2024-10-28 21:00:00,2,0,
2024-10-28 22:00:00,2,0,
2024-10-28 23:00:00,2,0,
2024-10-29 00:00:00,2,0,
2024-10-29 01:00:00,2,0,
2024-10-29 02:00:00,2,0,
2024-10-29 03:00:00,2,0,
2024-10-29 04:00:00,2,0,
2024-10-29 05:00:00,2,0,
2024-10-29 06:00:00,2,0,
2024-10-29 07:00:00,2,0,
2024-10-29 08:00:00,2,0,
2024-10-29 09:00:00,2,0,
2024-10-29 10:00:00,2,0,
2024-10-29 11:00:00,2,0,
2024-10-29 12:00:00,2,1,
2024-10-29 13:00:00,2,1,
2024-10-29 14:00:00,2,1,
2024-10-29 15:00:00,2,0,
2024-10-29 16:00:00,2,0,
2024-10-29 17:00:00,2,0,
2024-10-29 18:00:00,2,0,
2024-10-29 19:00:00,2,0,
2024-10-29 20:00:00,2,0,
2024-10-29 21:00:00,2,0,
2024-10-29 22:00:00,2,0,
2024-10-29 23:00:00,2,0,
2024-10-30 00:00:00,2,0,
2024-10-30 01:00:00,2,0,
2024-10-30 02:00:00,2,0,
2024-10-30 03:00:00,2,0,
2024-10-30 04:00:00,2,0,
2024-10-30 05:00:00,2,0,
2024-10-30 06:00:00,2,0,
2024-10-30 07:00:00,2,0,
2024-10-30 08:00:00,2,0,
2024-10-30 09:00:00,2,0,
2024-10-30 10:00:00,2,0,
2024-10-30 11:00:00,2,0,
2024-10-30 12:00:00,2,0,
2024-10-30 13:00:00,2,1,
2024-10-30 14:00:00,2,0,
2024-10-30 15:00:00,2,0,
2024-10-30 16:00:00,2,0,
2024-10-30 17:00:00,2,0,
2024-10-30 18:00:00,2,0,
2024-10-30 19:00:00,2,0,
2024-10-30 20:00:00,2,0,
2024-10-30 21:00:00,2,0,
2024-10-30 22:00:00,2,0,
2024-10-30 23:00:00,2,0,
2024-10-31 00:00:00,2,0,
2024-10-31 01:00:00,2,0,
2024-10-31 02:00:00,2,0,
2024-10-31 03:00:00,2,0,
2024-10-31 04:00:00,2,0,
2024-10-31 05:00:00,2,0,
2024-10-31 06:00:00,2,0,
2024-10-31 07:00:00,2,0,
2024-10-31 08:00:00,2,0,
2024-10-31 09:00:00,2,0,
2024-10-31 10:00:00,2,0,
2024-10-31 11:00:00,2,0,
2024-10-31 12:00:00,2,0,
2024-10-31 13:00:00,2,0,
2024-10-31 14:00:00,2,0,
2024-10-31 15:00:00,2,0,
2024-10-31 16:00:00,2,0,
2024-10-31 17:00:00,2,0,
2024-10-31 18:00:00,2,0,
2024-10-31 19:00:00,2,0,
2024-10-31 20:00:00,2,0,
2024-10-31 21:00:00,2,0,
2024-10-31 22:00:00,2,0,
2024-10-31 23:00:00,2,0,
2024-11-01 00:00:00,2,0,
2024-11-01 01:00:00,2,0,
2024-11-01 02:00:00,2,0,
2024-11-01 03:00:00,2,0,
2024-11-01 04:00:00,2,0,
2024-11-01 05:00:00,2,0,
2024-11-01 06:00:00,2,0,
2024-11-01 07:00:00,2,0,
2024-11-01 08:00:00,2,0,
2024-11-01 09:00:00,2,0,
2024-11-01 10:00:00,2,0,
2024-11-01 11:00:00,2,0,
2024-11-01 12:00:00,2,0,
2024-11-01 13:00:00,2,0,
2024-11-01 14:00:00,2,0,
2024-11-01 15:00:00,2,0,
2024-11-01 16:00:00,2,0,
2024-11-01 17:00:00,2,0,
2024-11-01 18:00:00,2,0,
2024-11-01 19:00:00,2,0,
2024-11-01 20:00:00,2,0,
2024-11-01 21:00:00,2,0,
2024-11-01 22:00:00,2,0,
2024-11-01 23:00:00,2,0,
2024-11-02 00:00:00,2,0,
2024-11-02 01:00:00,2,0,
2024-11-02 02:00:00,2,0,
2024-11-02 03:00:00,2,0,
2024-11-02 04:00:00,2,0,
2024-11-02 05:00:00,2,0,
2024-11-02 06:00:00,2,0,
2024-11-02 07:00:00,2,0,
2024-11-02 08:00:00,2,0,
2024-11-02 09:00:00,2,0,
2024-11-02 10:00:00,2,0,
2024-11-02 11:00:00,2,0,
2024-11-02 12:00:00,2,0,
2024-11-02 13:00:00,2,0,
2024-11-02 14:00:00,2,0,
2024-11-02 15:00:00,2,0,
2024-11-02 16:00:00,2,0,
2024-11-02 17:00:00,2,0,
2024-11-02 18:00:00,2,0,
2024-11-02 19:00:00,2,0,
2024-11-02 20:00:00,2,0,
2024-11-02 21:00:00,2,0,
2024-11-02 22:00:00,2,0,
2024-11-02 23:00:00,2,0,
2024-11-03 00:00:00,2,0,
2024-11-03 01:00:00,2,0,
2024-11-03 02:00:00,2,0,
2024-11-03 03:00:00,2,0,
2024-11-03 04:00:00,2,0,
2024-11-03 05:00:00,2,0,
2024-11-03 06:00:00,2,0,
2024-11-03 07:00:00,2,0,
2024-11-03 08:00:00,2,0,
2024-11-03 09:00:00,2,0,
2024-11-03 10:00:00,2,0,
2024-11-03 11:00:00,2,0,
2024-11-03 12:00:00,2,0,
2024-11-03 13:00:00,2,0,
2024-11-03 14:00:00,2,0,
2024-11-03 15:00:00,2,0,
2024-11-03 16:00:00,2,0,
2024-11-03 17:00:00,2,0,
2024-11-03 18:00:00,2,0,
2024-11-03 19:00:00,2,0,
2024-11-03 20:00:00,2,0,
2024-11-03 21:00:00,2,0,
2024-11-03 22:00:00,2,0,
2024-11-03 23:00:00,2,0,
2024-11-04 00:00:00,2,0,
2024-11-04 01:00:00,2,0,
2024-11-04 02:00:00,2,0,
2024-11-04 03:00:00,2,0,
2024-11-04 04:00:00,2,0,
2024-11-04 05:00:00,2,0,
2024-11-04 06:00:00,2,0,
2024-11-04 07:00:00,2,0,
2024-11-04 08:00:00,2,0,
2024-11-04 09:00:00,2,0,
2024-11-04 10:00:00,2,0,
2024-11-04 11:00:00,2,0,
2024-11-04 12:00:00,2,0,
2024-11-04 13:00:00,2,0,
2024-11-04 14:00:00,2,0,
2024-11-04 15:00:00,2,0,
2024-11-04 16:00:00,2,0,
2024-11-04 17:00:00,2,0,
2024-11-04 18:00:00,2,0,
2024-11-04 19:00:00,2,0,
2024-11-04 20:00:00,2,0,
2024-11-04 21:00:00,2,0,
2024-11-04 22:00:00,2,0,
2024-11-04 23:00:00,2,0,
2024-11-05 00:00:00,2,0,
2024-11-05 01:00:00,2,0,
2024-11-05 02:00:00,2,0,
2024-11-05 03:00:00,2,0,
2024-11-05 04:00:00,2,0,
2024-11-05 05:00:00,2,0,
2024-11-05 06:00:00,2,0,
2024-11-05 07:00:00,2,0,
2024-11-05 08:00:00,2,0,
2024-11-05 09:00:00,2,0,
2024-11-05 10:00:00,2,0,
2024-11-05 11:00:00,2,0,
2024-11-05 12:00:00,2,0,
2024-11-05 13:00:00,2,0,
2024-11-05 14:00:00,2,0,
2024-11-05 15:00:00,2,0,
2024-11-05 16:00:00,2,0,
2024-11-05 17:00:00,2,0,
2024-11-05 18:00:00,2,0,
2024-11-05 19:00:00,2,0,
2024-11-05 20:00:00,2,0,
2024-11-05 21:00:00,2,0,
2024-11-05 22:00:00,2,0,
2024-11-05 23:00:00,2,0,
2024-11-06 00:00:00,2,0,
2024-11-06 01:00:00,2,0,
2024-11-06 02:00:00,2,0,
2024-11-06 03:00:00,2,0,
2024-11-06 04:00:00,2,0,
2024-11-06 05:00:00,2,0,
2024-11-06 06:00:00,2,0,
2024-11-06 07:00:00,2,0,
2024-11-06 08:00:00,2,0,
2024-11-06 09:00:00,2,0,
2024-11-06 10:00:00,2,0,
2024-11-06 11:00:00,2,0,
2024-11-06 12:00:00,2,0,
2024-11-06 13:00:00,2,1,
2024-11-06 14:00:00,2,0,
2024-11-06 15:00:00,2,0,
2024-11-06 16:00:00,2,0,
2024-11-06 17:00:00,2,0,
2024-11-06 18:00:00,2,0,
2024-11-06 19:00:00,2,0,
2024-11-06 20:00:00,2,0,
2024-11-06 21:00:00,2,0,
2024-11-06 22:00:00,2,0,
2024-11-06 23:00:00,2,0,
2024-11-07 00:00:00,2,0,
2024-11-07 01:00:00,2,0,
2024-11-07 02:00:00,2,0,
2024-11-07 03:00:00,2,0,
2024-11-07 04:00:00,2,0,
2024-11-07 05:00:00,2,0,
2024-11-07 06:00:00,2,0,
2024-11-07 07:00:00,2,0,
2024-11-07 08:00:00,2,0,
2024-11-07 09:00:00,2,0,
2024-11-07 10:00:00,2,0,
2024-11-07 11:00:00,2,0,
2024-11-07 12:00:00,2,0,
2024-11-07 13:00:00,2,1,
2024-11-07 14:00:00,2,0,
2024-11-07 15:00:00,2,0,
2024-11-07 16:00:00,2,0,
2024-11-07 17:00:00,2,0,
2024-11-07 18:00:00,2,0,
2024-11-07 19:00:00,2,0,
2024-11-07 20:00:00,2,0,
2024-11-07 21:00:00,2,0,
2024-11-07 22:00:00,2,0,
2024-11-07 23:00:00,2,0,
2024-11-08 00:00:00,2,0,
2024-11-08 01:00:00,2,0,
2024-11-08 02:00:00,2,0,
2024-11-08 03:00:00,2,0,
2024-11-08 04:00:00,2,0,
2024-11-08 05:00:00,2,0,
2024-11-08 06:00:00,2,0,
2024-11-08 07:00:00,2,0,
2024-11-08 08:00:00,2,0,
2024-11-08 09:00:00,2,0,
2024-11-08 10:00:00,2,0,
2024-11-08 11:00:00,2,0,
2024-11-08 12:00:00,2,0,
2024-11-08 13:00:00,2,0,
2024-11-08 14:00:00,2,0,
2024-11-08 15:00:00,2,0,
2024-11-08 16:00:00,2,0,
2024-11-08 17:00:00,2,0,
2024-11-08 18:00:00,2,0,
2024-11-08 19:00:00,2,0,
2024-11-08 20:00:00,2,0,
2024-11-08 21:00:00,2,0,
2024-11-08 22:00:00,2,0,
2024-11-08 23:00:00,2,0,
2024-11-09 00:00:00,2,0,
2024-11-09 01:00:00,2,0,
2024-11-09 02:00:00,2,0,
2024-11-09 03:00:00,2,0,
2024-11-09 04:00:00,2,0,
2024-11-09 05:00:00,2,0,
2024-11-09 06:00:00,2,0,
2024-11-09 07:00:00,2,0,
2024-11-09 08:00:00,2,0,
2024-11-09 09:00:00,2,0,
2024-11-09 10:00:00,2,0,
2024-11-09 11:00:00,2,0,
2024-11-09 12:00:00,2,0,
2024-11-09 13:00:00,2,0,
2024-11-09 14:00:00,2,0,
2024-11-09 15:00:00,2,0,
2024-11-09 16:00:00,2,0,
2024-11-09 17:00:00,2,0,
2024-11-09 18:00:00,2,0,
2024-11-09 19:00:00,2,0,
2024-11-09 20:00:00,2,0,
2024-11-09 21:00:00,2,0,
2024-11-09 22:00:00,2,0,
2024-11-09 23:00:00,2,0,
2024-11-10 00:00:00,2,0,
2024-11-10 01:00:00,2,0,
2024-11-10 02:00:00,2,0,
2024-11-10 03:00:00,2,0,
2024-11-10 04:00:00,2,0,
2024-11-10 05:00:00,2,0,
2024-11-10 06:00:00,2,0,
2024-11-10 07:00:00,2,0,
2024-11-10 08:00:00,2,0,
2024-11-10 09:00:00,2,0,
2024-11-10 10:00:00,2,0,
2024-11-10 11:00:00,2,0,
2024-11-10 12:00:00,2,0,
2024-11-10 13:00:00,2,0,
2024-11-10 14:00:00,2,0,
2024-11-10 15:00:00,2,0,
2024-11-10 16:00:00,2,0,
2024-11-10 17:00:00,2,0,
2024-11-10 18:00:00,2,0,
2024-11-10 19:00:00,2,0,
2024-11-10 20:00:00,2,0,
2024-11-10 21:00:00,2,0,
2024-11-10 22:00:00,2,0,
2024-11-10 23:00:00,2,0,
2024-11-11 00:00:00,2,0,
2024-11-11 01:00:00,2,0,
2024-11-11 02:00:00,2,0,
2024-11-11 03:00:00,2,0,
2024-11-11 04:00:00,2,0,
2024-11-11 05:00:00,2,0,
2024-11-11 06:00:00,2,0,
2024-11-11 07:00:00,2,0,
2024-11-11 08:00:00,2,0,
2024-11-11 09:00:00,2,0,
2024-11-11 10:00:00,2,0,
2024-11-11 11:00:00,2,0,
2024-11-11 12:00:00,2,0,
2024-11-11 13:00:00,2,0,
2024-11-11 14:00:00,2,0,
2024-11-11 15:00:00,2,0,
2024-11-11 16:00:00,2,0,
2024-11-11 17:00:00,2,0,
2024-11-11 18:00:00,2,0,
2024-11-11 19:00:00,2,0,
2024-11-11 20:00:00,2,0,
2024-11-11 21:00:00,2,0,
2024-11-11 22:00:00,2,0,
2024-11-11 23:00:00,2,0,
2024-11-12 00:00:00,2,0,
2024-11-12 01:00:00,2,0,
2024-11-12 02:00:00,2,0,
2024-11-12 03:00:00,2,0,
2024-11-12 04:00:00,2,0,
2024-11-12 05:00:00,2,0,
2024-11-12 06:00:00,2,0,
2024-11-12 07:00:00,2,0,
2024-11-12 08:00:00,2,0,
2024-11-12 09:00:00,2,0,
2024-11-12 10:00:00,2,0,
2024-11-12 11:00:00,2,0,
2024-11-12 12:00:00,2,0,
2024-11-12 13:00:00,2,0,
2024-11-12 14:00:00,2,0,
2024-11-12 15:00:00,2,0,
2024-11-12 16:00:00,2,0,
2024-11-12 17:00:00,2,0,
2024-11-12 18:00:00,2,0,
2024-11-12 19:00:00,2,0,
2024-11-12 20:00:00,2,0,
2024-11-12 21:00:00,2,0,
2024-11-12 22:00:00,2,0,
2024-11-12 23:00:00,2,0,
2024-11-13 00:00:00,2,0,
2024-11-13 01:00:00,2,0,
2024-11-13 02:00:00,2,0,
2024-11-13 03:00:00,2,0,
2024-11-13 04:00:00,2,0,
2024-11-13 05:00:00,2,0,
2024-11-13 06:00:00,2,0,
2024-11-13 07:00:00,2,0,
2024-11-13 08:00:00,2,0,
2024-11-13 09:00:00,2,0,
2024-11-13 10:00:00,2,0,
2024-11-13 11:00:00,2,0,
2024-11-13 12:00:00,2,0,
2024-11-13 13:00:00,2,0,
2024-11-13 14:00:00,2,0,
2024-11-13 15:00:00,2,0,
2024-11-13 16:00:00,2,0,
2024-11-13 17:00:00,2,0,
2024-11-13 18:00:00,2,0,
2024-11-13 19:00:00,2,0,
2024-11-13 20:00:00,2,0,
2024-11-13 21:00:00,2,0,
2024-11-13 22:00:00,2,0,
2024-11-13 23:00:00,2,0,
2024-11-14 00:00:00,2,0,
2024-11-14 01:00:00,2,0,
2024-11-14 02:00:00,2,0,
2024-11-14 03:00:00,2,0,
2024-11-14 04:00:00,2,0,
2024-11-14 05:00:00,2,0,
2024-11-14 06:00:00,2,0,
2024-11-14 07:00:00,2,0,
2024-11-14 08:00:00,2,0,
2024-11-14 09:00:00,2,0,
2024-11-14 10:00:00,2,0,
2024-11-14 11:00:00,2,0,
2024-11-14 12:00:00,2,0,
2024-11-14 13:00:00,2,0,
2024-11-14 14:00:00,2,0,
2024-11-14 15:00:00,2,0,
2024-11-14 16:00:00,2,0,
2024-11-14 17:00:00,2,0,
2024-11-14 18:00:00,2,0,
2024-11-14 19:00:00,2,0,
2024-11-14 20:00:00,2,0,
2024-11-14 21:00:00,2,0,
2024-11-14 22:00:00,2,0,
2024-11-14 23:00:00,2,0,
2024-11-15 00:00:00,2,0,
2024-11-15 01:00:00,2,0,
2024-11-15 02:00:00,2,0,
2024-11-15 03:00:00,2,0,
2024-11-15 04:00:00,2,0,
2024-11-15 05:00:00,2,0,
2024-11-15 06:00:00,2,0,
2024-11-15 07:00:00,2,0,
2024-11-15 08:00:00,2,0,
2024-11-15 09:00:00,2,0,
2024-11-15 10:00:00,2,0,
2024-11-15 11:00:00,2,0,
2024-11-15 12:00:00,2,0,
2024-11-15 13:00:00,2,0,
2024-11-15 14:00:00,2,0,
2024-11-15 15:00:00,2,0,
2024-11-15 16:00:00,2,0,
2024-11-15 17:00:00,2,0,
2024-11-15 18:00:00,2,0,
2024-11-15 19:00:00,2,0,
2024-11-15 20:00:00,2,0,
2024-11-15 21:00:00,2,0,
2024-11-15 22:00:00,2,0,
2024-11-15 23:00:00,2,0,
2024-11-16 00:00:00,2,0,
2024-11-16 01:00:00,2,0,
2024-11-16 02:00:00,2,0,
2024-11-16 03:00:00,2,0,
2024-11-16 04:00:00,2,0,
2024-11-16 05:00:00,2,0,
2024-11-16 06:00:00,2,0,
2024-11-16 07:00:00,2,0,
2024-11-16 08:00:00,2,0,
2024-11-16 09:00:00,2,0,
2024-11-16 10:00:00,2,0,
2024-11-16 11:00:00,2,0,
2024-11-16 12:00:00,2,0,
2024-11-16 13:00:00,2,0,
2024-11-16 14:00:00,2,0,
2024-11-16 15:00:00,2,0,
2024-11-16 16:00:00,2,0,
2024-11-16 17:00:00,2,0,
2024-11-16 18:00:00,2,0,
2024-11-16 19:00:00,2,0,
2024-11-16 20:00:00,2,0,
2024-11-16 21:00:00,2,0,
2024-11-16 22:00:00,2,0,
2024-11-16 23:00:00,2,0,
2024-11-17 00:00:00,2,0,
2024-11-17 01:00:00,2,0,
2024-11-17 02:00:00,2,0,
2024-11-17 03:00:00,2,0,
2024-11-17 04:00:00,2,0,
2024-11-17 05:00:00,2,0,
2024-11-17 06:00:00,2,0,
2024-11-17 07:00:00,2,0,
2024-11-17 08:00:00,2,0,
2024-11-17 09:00:00,2,0,
2024-11-17 10:00:00,2,0,
2024-11-17 11:00:00,2,0,
2024-11-17 12:00:00,2,0,
2024-11-17 13:00:00,2,0,
2024-11-17 14:00:00,2,0,
2024-11-17 15:00:00,2,0,
2024-11-17 16:00:00,2,0,
2024-11-17 17:00:00,2,0,
2024-11-17 18:00:00,2,0,
2024-11-17 19:00:00,2,0,
2024-11-17 20:00:00,2,0,
2024-11-17 21:00:00,2,0,
2024-11-17 22:00:00,2,0,
2024-11-17 23:00:00,2,0,
2024-11-18 00:00:00,2,0,
2024-11-18 01:00:00,2,0,
2024-11-18 02:00:00,2,0,
2024-11-18 03:00:00,2,0,
2024-11-18 04:00:00,2,0,
2024-11-18 05:00:00,2,0,
2024-11-18 06:00:00,2,0,
2024-11-18 07:00:00,2,0,
2024-11-18 08:00:00,2,0,
2024-11-18 09:00:00,2,0,
2024-11-18 10:00:00,2,0,
2024-11-18 11:00:00,2,0,
2024-11-18 12:00:00,2,0,
2024-11-18 13:00:00,2,0,
2024-11-18 14:00:00,2,0,
2024-11-18 15:00:00,2,0,
2024-11-18 16:00:00,2,0,
2024-11-18 17:00:00,2,0,
2024-11-18 18:00:00,2,0,
2024-11-18 19:00:00,2,0,
2024-11-18 20:00:00,2,0,
2024-11-18 21:00:00,2,0,
2024-11-18 22:00:00,2,0,
2024-11-18 23:00:00,2,0,
2024-11-19 00:00:00,2,0,
2024-11-19 01:00:00,2,0,
2024-11-19 02:00:00,2,0,
2024-11-19 03:00:00,2,0,
2024-11-19 04:00:00,2,0,
2024-11-19 05:00:00,2,0,
2024-11-19 06:00:00,2,0,
2024-11-19 07:00:00,2,0,
2024-11-19 08:00:00,2,0,
2024-11-19 09:00:00,2,0,
2024-11-19 10:00:00,2,0,
2024-11-19 11:00:00,2,0,
2024-11-19 12:00:00,2,0,
2024-11-19 13:00:00,2,0,
2024-11-19 14:00:00,2,0,
2024-11-19 15:00:00,2,0,
2024-11-19 16:00:00,2,0,
2024-11-19 17:00:00,2,0,
2024-11-19 18:00:00,2,0,
2024-11-19 19:00:00,2,0,
2024-11-19 20:00:00,2,0,
2024-11-19 21:00:00,2,0,
2024-11-19 22:00:00,2,0,
2024-11-19 23:00:00,2,0,
2024-11-20 00:00:00,2,0,
2024-11-20 01:00:00,2,0,
2024-11-20 02:00:00,2,0,
2024-11-20 03:00:00,2,0,
2024-11-20 04:00:00,2,0,
2024-11-20 05:00:00,2,0,
2024-11-20 06:00:00,2,0,
2024-11-20 07:00:00,2,0,
2024-11-20 08:00:00,2,0,
2024-11-20 09:00:00,2,0,
2024-11-20 10:00:00,2,0,
2024-11-20 11:00:00,2,0,
2024-11-20 12:00:00,2,0,
2024-11-20 13:00:00,2,0,
2024-11-20 14:00:00,2,0,
2024-11-20 15:00:00,2,0,
2024-11-20 16:00:00,2,0,
2024-11-20 17:00:00,2,0,
2024-11-20 18:00:00,2,0,
2024-11-20 19:00:00,2,0,
2024-11-20 20:00:00,2,0,
2024-11-20 21:00:00,2,0,
2024-11-20 22:00:00,2,0,
2024-11-20 23:00:00,2,0,
2024-11-21 00:00:00,2,0,
2024-11-21 01:00:00,2,0,
2024-11-21 02:00:00,2,0,
2024-11-21 03:00:00,2,0,
2024-11-21 04:00:00,2,0,
2024-11-21 05:00:00,2,0,
2024-11-21 06:00:00,2,0,
2024-11-21 07:00:00,2,0,
2024-11-21 08:00:00,2,0,
2024-11-21 09:00:00,2,0,
2024-11-21 10:00:00,2,0,
2024-11-21 11:00:00,2,0,
2024-11-21 12:00:00,2,0,
2024-11-21 13:00:00,2,0,
2024-11-21 14:00:00,2,0,
2024-11-21 15:00:00,2,0,
2024-11-21 16:00:00,2,0,
2024-11-21 17:00:00,2,0,
2024-11-21 18:00:00,2,0,
2024-11-21 19:00:00,2,0,
2024-11-21 20:00:00,2,0,
2024-11-21 21:00:00,2,0,
2024-11-21 22:00:00,2,0,
2024-11-21 23:00:00,2,0,
2024-11-22 00:00:00,2,0,
2024-11-22 01:00:00,2,0,
2024-11-22 02:00:00,2,0,
2024-11-22 03:00:00,2,0,
2024-11-22 04:00:00,2,0,
2024-11-22 05:00:00,2,0,
2024-11-22 06:00:00,2,0,
2024-11-22 07:00:00,2,0,
2024-11-22 08:00:00,2,0,
2024-11-22 09:00:00,2,0,
2024-11-22 10:00:00,2,0,
2024-11-22 11:00:00,2,0,
2024-11-22 12:00:00,2,0,
2024-11-22 13:00:00,2,0,
2024-11-22 14:00:00,2,0,
2024-11-22 15:00:00,2,0,
2024-11-22 16:00:00,2,0,
2024-11-22 17:00:00,2,0,
2024-11-22 18:00:00,2,0,
2024-11-22 19:00:00,2,0,
2024-11-22 20:00:00,2,0,
2024-11-22 21:00:00,2,0,
2024-11-22 22:00:00,2,0,
2024-11-22 23:00:00,2,0,
2024-11-23 00:00:00,2,0,
2024-11-23 01:00:00,2,0,
2024-11-23 02:00:00,2,0,
2024-11-23 03:00:00,2,0,
2024-11-23 04:00:00,2,0,
2024-11-23 05:00:00,2,0,
2024-11-23 06:00:00,2,0,
2024-11-23 07:00:00,2,0,
2024-11-23 08:00:00,2,0,
2024-11-23 09:00:00,2,0,
2024-11-23 10:00:00,2,0,
2024-11-23 11:00:00,2,0,
2024-11-23 12:00:00,2,0,
2024-11-23 13:00:00,2,0,
2024-11-23 14:00:00,2,0,
2024-11-23 15:00:00,2,0,
2024-11-23 16:00:00,2,0,
2024-11-23 17:00:00,2,0,
2024-11-23 18:00:00,2,0,
2024-11-23 19:00:00,2,0,
2024-11-23 20:00:00,2,0,
2024-11-23 21:00:00,2,0,
2024-11-23 22:00:00,2,0,
2024-11-23 23:00:00,2,0,
2024-11-24 00:00:00,2,0,
2024-11-24 01:00:00,2,0,
2024-11-24 02:00:00,2,0,
2024-11-24 03:00:00,2,0,
2024-11-24 04:00:00,2,0,
2024-11-24 05:00:00,2,0,
2024-11-24 06:00:00,2,0,
2024-11-24 07:00:00,2,0,
2024-11-24 08:00:00,2,0,
2024-11-24 09:00:00,2,0,
2024-11-24 10:00:00,2,0,
2024-11-24 11:00:00,2,0,
2024-11-24 12:00:00,2,0,
2024-11-24 13:00:00,2,0,
2024-11-24 14:00:00,2,0,
2024-11-24 15:00:00,2,0,
2024-11-24 16:00:00,2,0,
2024-11-24 17:00:00,2,0,
2024-11-24 18:00:00,2,0,
2024-11-24 19:00:00,2,0,
2024-11-24 20:00:00,2,0,
2024-11-24 21:00:00,2,0,
2024-11-24 22:00:00,2,0,
2024-11-24 23:00:00,2,0,
2024-11-25 00:00:00,2,0,
2024-11-25 01:00:00,2,0,
2024-11-25 02:00:00,2,0,
2024-11-25 03:00:00,2,0,
2024-11-25 04:00:00,2,0,
2024-11-25 05:00:00,2,0,
2024-11-25 06:00:00,2,0,
2024-11-25 07:00:00,2,0,
2024-11-25 08:00:00,2,0,
2024-11-25 09:00:00,2,0,
2024-11-25 10:00:00,2,0,
2024-11-25 11:00:00,2,0,
2024-11-25 12:00:00,2,0,
2024-11-25 13:00:00,2,0,
2024-11-25 14:00:00,2,0,
2024-11-25 15:00:00,2,0,
2024-11-25 16:00:00,2,0,
2024-11-25 17:00:00,2,0,
2024-11-25 18:00:00,2,0,
2024-11-25 19:00:00,2,0,
2024-11-25 20:00:00,2,0,
2024-11-25 21:00:00,2,0,
2024-11-25 22:00:00,2,0,
2024-11-25 23:00:00,2,0,
2024-11-26 00:00:00,2,0,
2024-11-26 01:00:00,2,0,
2024-11-26 02:00:00,2,0,
2024-11-26 03:00:00,2,0,
2024-11-26 04:00:00,2,0,
2024-11-26 05:00:00,2,0,
2024-11-26 06:00:00,2,0,
2024-11-26 07:00:00,2,0,
2024-11-26 08:00:00,2,0,
2024-11-26 09:00:00,2,0,
2024-11-26 10:00:00,2,0,
2024-11-26 11:00:00,2,0,
2024-11-26 12:00:00,2,0,
2024-11-26 13:00:00,2,0,
2024-11-26 14:00:00,2,0,
2024-11-26 15:00:00,2,0,
2024-11-26 16:00:00,2,0,
2024-11-26 17:00:00,2,0,
2024-11-26 18:00:00,2,0,
2024-11-26 19:00:00,2,0,
2024-11-26 20:00:00,2,0,
2024-11-26 21:00:00,2,0,
2024-11-26 22:00:00,2,0,
2024-11-26 23:00:00,2,0,
2024-11-27 00:00:00,2,0,
2024-11-27 01:00:00,2,0,
2024-11-27 02:00:00,2,0,
2024-11-27 03:00:00,2,0,
2024-11-27 04:00:00,2,0,
2024-11-27 05:00:00,2,0,
2024-11-27 06:00:00,2,0,
2024-11-27 07:00:00,2,0,
2024-11-27 08:00:00,2,0,
2024-11-27 09:00:00,2,0,
2024-11-27 10:00:00,2,0,
2024-11-27 11:00:00,2,0,
2024-11-27 12:00:00,2,0,
2024-11-27 13:00:00,2,0,
2024-11-27 14:00:00,2,0,
2024-11-27 15:00:00,2,0,
2024-11-27 16:00:00,2,0,
2024-11-27 17:00:00,2,0,
2024-11-27 18:00:00,2,0,
2024-11-27 19:00:00,2,0,
2024-11-27 20:00:00,2,0,
2024-11-27 21:00:00,2,0,
2024-11-27 22:00:00,2,0,
2024-11-27 23:00:00,2,0,
2024-11-28 00:00:00,2,0,
2024-11-28 01:00:00,2,0,
2024-11-28 02:00:00,2,0,
2024-11-28 03:00:00,2,0,
2024-11-28 04:00:00,2,0,
2024-11-28 05:00:00,2,0,
2024-11-28 06:00:00,2,0,
2024-11-28 07:00:00,2,0,
2024-11-28 08:00:00,2,0,
2024-11-28 09:00:00,2,0,
2024-11-28 10:00:00,2,0,
2024-11-28 11:00:00,2,0,
2024-11-28 12:00:00,2,0,
2024-11-28 13:00:00,2,0,
2024-11-28 14:00:00,2,0,
2024-11-28 15:00:00,2,0,
2024-11-28 16:00:00,2,0,
2024-11-28 17:00:00,2,0,
2024-11-28 18:00:00,2,0,
2024-11-28 19:00:00,2,0,
2024-11-28 20:00:00,2,0,
2024-11-28 21:00:00,2,0,
2024-11-28 22:00:00,2,0,
2024-11-28 23:00:00,2,0,
2024-11-29 00:00:00,2,0,
2024-11-29 01:00:00,2,0,
2024-11-29 02:00:00,2,0,
2024-11-29 03:00:00,2,0,
2024-11-29 04:00:00,2,0,
2024-11-29 05:00:00,2,0,
2024-11-29 06:00:00,2,0,
2024-11-29 07:00:00,2,0,
2024-11-29 08:00:00,2,0,
2024-11-29 09:00:00,2,0,
2024-11-29 10:00:00,2,0,
2024-11-29 11:00:00,2,0,
2024-11-29 12:00:00,2,0,
2024-11-29 13:00:00,2,0,
2024-11-29 14:00:00,2,0,
2024-11-29 15:00:00,2,0,
2024-11-29 16:00:00,2,0,
2024-11-29 17:00:00,2,0,
2024-11-29 18:00:00,2,0,
2024-11-29 19:00:00,2,0,
2024-11-29 20:00:00,2,0,
2024-11-29 21:00:00,2,0,
2024-11-29 22:00:00,2,0,
2024-11-29 23:00:00,2,0,
2024-11-30 00:00:00,2,0,
2024-11-30 01:00:00,2,0,
2024-11-30 02:00:00,2,0,
2024-11-30 03:00:00,2,0,
2024-11-30 04:00:00,2,0,
2024-11-30 05:00:00,2,0,
2024-11-30 06:00:00,2,0,
2024-11-30 07:00:00,2,0,
2024-11-30 08:00:00,2,0,
2024-11-30 09:00:00,2,0,
2024-11-30 10:00:00,2,0,
2024-11-30 11:00:00,2,0,
2024-11-30 12:00:00,2,0,
2024-11-30 13:00:00,2,0,
2024-11-30 14:00:00,2,0,
2024-11-30 15:00:00,2,0,
2024-11-30 16:00:00,2,0,
2024-11-30 17:00:00,2,0,
2024-11-30 18:00:00,2,0,
2024-11-30 19:00:00,2,0,
2024-11-30 20:00:00,2,0,
2024-11-30 21:00:00,2,0,
2024-11-30 22:00:00,2,0,
2024-11-30 23:00:00,2,0,
2024-12-01 00:00:00,2,0,
2024-12-01 01:00:00,2,0,
2024-12-01 02:00:00,2,0,
2024-12-01 03:00:00,2,0,
2024-12-01 04:00:00,2,0,
2024-12-01 05:00:00,2,0,
2024-12-01 06:00:00,2,0,
2024-12-01 07:00:00,2,0,
2024-12-01 08:00:00,2,0,
2024-12-01 09:00:00,2,0,
2024-12-01 10:00:00,2,0,
2024-12-01 11:00:00,2,0,
2024-12-01 12:00:00,2,0,
2024-12-01 13:00:00,2,0,
2024-12-01 14:00:00,2,0,
2024-12-01 15:00:00,2,0,
2024-12-01 16:00:00,2,0,
2024-12-01 17:00:00,2,0,
2024-12-01 18:00:00,2,0,
2024-12-01 19:00:00,2,0,
2024-12-01 20:00:00,2,0,
2024-12-01 21:00:00,2,0,
2024-12-01 22:00:00,2,0,
2024-12-01 23:00:00,2,0,
2024-12-02 00:00:00,2,0,
2024-12-02 01:00:00,2,0,
2024-12-02 02:00:00,2,0,
2024-12-02 03:00:00,2,0,
2024-12-02 04:00:00,2,0,
2024-12-02 05:00:00,2,0,
2024-12-02 06:00:00,2,0,
2024-12-02 07:00:00,2,0,
2024-12-02 08:00:00,2,0,
2024-12-02 09:00:00,2,0,
2024-12-02 10:00:00,2,0,
2024-12-02 11:00:00,2,0,
2024-12-02 12:00:00,2,0,
2024-12-02 13:00:00,2,0,
2024-12-02 14:00:00,2,0,
2024-12-02 15:00:00,2,0,
2024-12-02 16:00:00,2,0,
2024-12-02 17:00:00,2,0,
2024-12-02 18:00:00,2,0,
2024-12-02 19:00:00,2,0,
2024-12-02 20:00:00,2,0,
2024-12-02 21:00:00,2,0,
2024-12-02 22:00:00,2,0,
2024-12-02 23:00:00,2,0,
2024-12-03 00:00:00,2,0,
2024-12-03 01:00:00,2,0,
2024-12-03 02:00:00,2,0,
2024-12-03 03:00:00,2,0,
2024-12-03 04:00:00,2,0,
2024-12-03 05:00:00,2,0,
2024-12-03 06:00:00,2,0,
2024-12-03 07:00:00,2,0,
2024-12-03 08:00:00,2,0,
2024-12-03 09:00:00,2,0,
2024-12-03 10:00:00,2,0,
2024-12-03 11:00:00,2,0,
2024-12-03 12:00:00,2,0,
2024-12-03 13:00:00,2,0,
2024-12-03 14:00:00,2,0,
2024-12-03 15:00:00,2,0,
2024-12-03 16:00:00,2,0,
2024-12-03 17:00:00,2,0,
2024-12-03 18:00:00,2,0,
2024-12-03 19:00:00,2,0,
2024-12-03 20:00:00,2,0,
2024-12-03 21:00:00,2,0,
2024-12-03 22:00:00,2,0,
2024-12-03 23:00:00,2,0,
2024-12-04 00:00:00,2,0,
2024-12-04 01:00:00,2,0,
2024-12-04 02:00:00,2,0,
2024-12-04 03:00:00,2,0,
2024-12-04 04:00:00,2,0,
2024-12-04 05:00:00,2,0,
2024-12-04 06:00:00,2,0,
2024-12-04 07:00:00,2,0,
2024-12-04 08:00:00,2,0,
2024-12-04 09:00:00,2,0,
2024-12-04 10:00:00,2,0,
2024-12-04 11:00:00,2,0,
2024-12-04 12:00:00,2,0,
2024-12-04 13:00:00,2,0,
2024-12-04 14:00:00,2,0,
2024-12-04 15:00:00,2,0,
2024-12-04 16:00:00,2,0,
2024-12-04 17:00:00,2,0,
2024-12-04 18:00:00,2,0,
2024-12-04 19:00:00,2,0,
2024-12-04 20:00:00,2,0,
2024-12-04 21:00:00,2,0,
2024-12-04 22:00:00,2,0,
2024-12-04 23:00:00,2,0,
2024-12-05 00:00:00,2,0,
2024-12-05 01:00:00,2,0,
2024-12-05 02:00:00,2,0,
2024-12-05 03:00:00,2,0,
2024-12-05 04:00:00,2,0,
2024-12-05 05:00:00,2,0,
2024-12-05 06:00:00,2,0,
2024-12-05 07:00:00,2,0,
2024-12-05 08:00:00,2,0,
2024-12-05 09:00:00,2,0,
2024-12-05 10:00:00,2,0,
2024-12-05 11:00:00,2,0,
2024-12-05 12:00:00,2,0,
2024-12-05 13:00:00,2,0,
2024-12-05 14:00:00,2,0,
2024-12-05 15:00:00,2,0,
2024-12-05 16:00:00,2,0,
2024-12-05 17:00:00,2,0,
2024-12-05 18:00:00,2,0,
2024-12-05 19:00:00,2,0,
2024-12-05 20:00:00,2,0,
2024-12-05 21:00:00,2,0,
2024-12-05 22:00:00,2,0,
2024-12-05 23:00:00,2,0,
2024-12-06 00:00:00,2,0,
2024-12-06 01:00:00,2,0,
2024-12-06 02:00:00,2,0,
2024-12-06 03:00:00,2,0,
2024-12-06 04:00:00,2,0,
2024-12-06 05:00:00,2,0,
2024-12-06 06:00:00,2,0,
2024-12-06 07:00:00,2,0,
2024-12-06 08:00:00,2,0,
2024-12-06 09:00:00,2,0,
2024-12-06 10:00:00,2,0,
2024-12-06 11:00:00,2,0,
2024-12-06 12:00:00,2,0,
2024-12-06 13:00:00,2,0,
2024-12-06 14:00:00,2,0,
2024-12-06 15:00:00,2,0,
2024-12-06 16:00:00,2,0,
2024-12-06 17:00:00,2,0,
2024-12-06 18:00:00,2,0,
2024-12-06 19:00:00,2,0,
2024-12-06 20:00:00,2,0,
2024-12-06 21:00:00,2,0,
2024-12-06 22:00:00,2,0,
2024-12-06 23:00:00,2,0,
2024-12-07 00:00:00,2,0,
2024-12-07 01:00:00,2,0,
2024-12-07 02:00:00,2,0,
2024-12-07 03:00:00,2,0,
2024-12-07 04:00:00,2,0,
2024-12-07 05:00:00,2,0,
2024-12-07 06:00:00,2,0,
2024-12-07 07:00:00,2,0,
2024-12-07 08:00:00,2,0,
2024-12-07 09:00:00,2,0,
2024-12-07 10:00:00,2,0,
2024-12-07 11:00:00,2,0,
2024-12-07 12:00:00,2,0,
2024-12-07 13:00:00,2,0,
2024-12-07 14:00:00,2,0,
2024-12-07 15:00:00,2,0,
2024-12-07 16:00:00,2,0,
2024-12-07 17:00:00,2,0,
2024-12-07 18:00:00,2,0,
2024-12-07 19:00:00,2,0,
2024-12-07 20:00:00,2,0,
2024-12-07 21:00:00,2,0,
2024-12-07 22:00:00,2,0,
2024-12-07 23:00:00,2,0,
2024-12-08 00:00:00,2,0,
2024-12-08 01:00:00,2,0,
2024-12-08 02:00:00,2,0,
2024-12-08 03:00:00,2,0,
2024-12-08 04:00:00,2,0,
2024-12-08 05:00:00,2,0,
2024-12-08 06:00:00,2,0,
2024-12-08 07:00:00,2,0,
2024-12-08 08:00:00,2,0,
2024-12-08 09:00:00,2,0,
2024-12-08 10:00:00,2,0,
2024-12-08 11:00:00,2,0,
2024-12-08 12:00:00,2,0,
2024-12-08 13:00:00,2,0,
2024-12-08 14:00:00,2,0,
2024-12-08 15:00:00,2,0,
2024-12-08 16:00:00,2,0,
2024-12-08 17:00:00,2,0,
2024-12-08 18:00:00,2,0,
2024-12-08 19:00:00,2,0,
2024-12-08 20:00:00,2,0,
2024-12-08 21:00:00,2,0,
2024-12-08 22:00:00,2,0,
2024-12-08 23:00:00,2,0,
2024-12-09 00:00:00,2,0,
2024-12-09 01:00:00,2,0,
2024-12-09 02:00:00,2,0,
2024-12-09 03:00:00,2,0,
2024-12-09 04:00:00,2,0,
2024-12-09 05:00:00,2,0,
2024-12-09 06:00:00,2,0,
2024-12-09 07:00:00,2,0,
2024-12-09 08:00:00,2,0,
2024-12-09 09:00:00,2,0,
2024-12-09 10:00:00,2,0,
2024-12-09 11:00:00,2,0,
2024-12-09 12:00:00,2,0,
2024-12-09 13:00:00,2,0,
2024-12-09 14:00:00,2,0,
2024-12-09 15:00:00,2,0,
2024-12-09 16:00:00,2,0,
2024-12-09 17:00:00,2,0,
2024-12-09 18:00:00,2,0,
2024-12-09 19:00:00,2,0,
2024-12-09 20:00:00,2,0,
2024-12-09 21:00:00,2,0,
2024-12-09 22:00:00,2,0,
2024-12-09 23:00:00,2,0,
2024-12-10 00:00:00,2,0,
2024-12-10 01:00:00,2,0,
2024-12-10 02:00:00,2,0,
2024-12-10 03:00:00,2,0,
2024-12-10 04:00:00,2,0,
2024-12-10 05:00:00,2,0,
2024-12-10 06:00:00,2,0,
2024-12-10 07:00:00,2,0,
2024-12-10 08:00:00,2,0,
2024-12-10 09:00:00,2,0,
2024-12-10 10:00:00,2,0,
2024-12-10 11:00:00,2,0,
2024-12-10 12:00:00,2,0,
2024-12-10 13:00:00,2,0,
2024-12-10 14:00:00,2,0,
2024-12-10 15:00:00,2,0,
2024-12-10 16:00:00,2,0,
2024-12-10 17:00:00,2,0,
2024-12-10 18:00:00,2,0,
2024-12-10 19:00:00,2,0,
2024-12-10 20:00:00,2,0,
2024-12-10 21:00:00,2,0,
2024-12-10 22:00:00,2,0,
2024-12-10 23:00:00,2,0,
2024-12-11 00:00:00,2,0,
2024-12-11 01:00:00,2,0,
2024-12-11 02:00:00,2,0,
2024-12-11 03:00:00,2,0,
2024-12-11 04:00:00,2,0,
2024-12-11 05:00:00,2,0,
2024-12-11 06:00:00,2,0,
2024-12-11 07:00:00,2,0,
2024-12-11 08:00:00,2,0,
2024-12-11 09:00:00,2,0,
2024-12-11 10:00:00,2,0,
2024-12-11 11:00:00,2,0,
2024-12-11 12:00:00,2,0,
2024-12-11 13:00:00,2,0,
2024-12-11 14:00:00,2,0,
2024-12-11 15:00:00,2,0,
2024-12-11 16:00:00,2,0,
2024-12-11 17:00:00,2,0,
2024-12-11 18:00:00,2,0,
2024-12-11 19:00:00,2,0,
2024-12-11 20:00:00,2,0,
2024-12-11 21:00:00,2,0,
2024-12-11 22:00:00,2,0,
2024-12-11 23:00:00,2,0,
2024-12-12 00:00:00,2,0,
2024-12-12 01:00:00,2,0,
2024-12-12 02:00:00,2,0,
2024-12-12 03:00:00,2,0,
2024-12-12 04:00:00,2,0,
2024-12-12 05:00:00,2,0,
2024-12-12 06:00:00,2,0,
2024-12-12 07:00:00,2,0,
2024-12-12 08:00:00,2,0,
2024-12-12 09:00:00,2,0,
2024-12-12 10:00:00,2,0,
2024-12-12 11:00:00,2,0,
2024-12-12 12:00:00,2,0,
2024-12-12 13:00:00,2,0,
2024-12-12 14:00:00,2,0,
2024-12-12 15:00:00,2,0,
2024-12-12 16:00:00,2,0,
2024-12-12 17:00:00,2,0,
2024-12-12 18:00:00,2,0,
2024-12-12 19:00:00,2,0,
2024-12-12 20:00:00,2,0,
2024-12-12 21:00:00,2,0,
2024-12-12 22:00:00,2,0,
2024-12-12 23:00:00,2,0,
2024-12-13 00:00:00,2,0,
2024-12-13 01:00:00,2,0,
2024-12-13 02:00:00,2,0,
2024-12-13 03:00:00,2,0,
2024-12-13 04:00:00,2,0,
2024-12-13 05:00:00,2,0,
2024-12-13 06:00:00,2,0,
2024-12-13 07:00:00,2,0,
2024-12-13 08:00:00,2,0,
2024-12-13 09:00:00,2,0,
2024-12-13 10:00:00,2,0,
2024-12-13 11:00:00,2,0,
2024-12-13 12:00:00,2,0,
2024-12-13 13:00:00,2,0,
2024-12-13 14:00:00,2,0,
2024-12-13 15:00:00,2,0,
2024-12-13 16:00:00,2,0,
2024-12-13 17:00:00,2,0,
2024-12-13 18:00:00,2,0,
2024-12-13 19:00:00,2,0,
2024-12-13 20:00:00,2,0,
2024-12-13 21:00:00,2,0,
2024-12-13 22:00:00,2,0,
2024-12-13 23:00:00,2,0,
2024-12-14 00:00:00,2,0,
2024-12-14 01:00:00,2,0,
2024-12-14 02:00:00,2,0,
2024-12-14 03:00:00,2,0,
2024-12-14 04:00:00,2,0,
2024-12-14 05:00:00,2,0,
2024-12-14 06:00:00,2,0,
2024-12-14 07:00:00,2,0,
2024-12-14 08:00:00,2,0,
2024-12-14 09:00:00,2,0,
2024-12-14 10:00:00,2,0,
2024-12-14 11:00:00,2,0,
2024-12-14 12:00:00,2,0,
2024-12-14 13:00:00,2,0,
2024-12-14 14:00:00,2,0,
2024-12-14 15:00:00,2,0,
2024-12-14 16:00:00,2,0,
2024-12-14 17:00:00,2,0,
2024-12-14 18:00:00,2,0,
2024-12-14 19:00:00,2,0,
2024-12-14 20:00:00,2,0,
2024-12-14 21:00:00,2,0,
2024-12-14 22:00:00,2,0,
2024-12-14 23:00:00,2,0,
2024-12-15 00:00:00,2,0,
2024-12-15 01:00:00,2,0,
2024-12-15 02:00:00,2,0,
2024-12-15 03:00:00,2,0,
2024-12-15 04:00:00,2,0,
2024-12-15 05:00:00,2,0,
2024-12-15 06:00:00,2,0,
2024-12-15 07:00:00,2,0,
2024-12-15 08:00:00,2,0,
2024-12-15 09:00:00,2,0,
2024-12-15 10:00:00,2,0,
2024-12-15 11:00:00,2,0,
2024-12-15 12:00:00,2,0,
2024-12-15 13:00:00,2,0,
2024-12-15 14:00:00,2,0,
2024-12-15 15:00:00,2,0,
2024-12-15 16:00:00,2,0,
2024-12-15 17:00:00,2,0,
2024-12-15 18:00:00,2,0,
2024-12-15 19:00:00,2,0,
2024-12-15 20:00:00,2,0,
2024-12-15 21:00:00,2,0,
2024-12-15 22:00:00,2,0,
2024-12-15 23:00:00,2,0,
2024-12-16 00:00:00,2,0,
2024-12-16 01:00:00,2,0,
2024-12-16 02:00:00,2,0,
2024-12-16 03:00:00,2,0,
2024-12-16 04:00:00,2,0,
2024-12-16 05:00:00,2,0,
2024-12-16 06:00:00,2,0,
2024-12-16 07:00:00,2,0,
2024-12-16 08:00:00,2,0,
2024-12-16 09:00:00,2,0,
2024-12-16 10:00:00,2,0,
2024-12-16 11:00:00,2,0,
2024-12-16 12:00:00,2,0,
2024-12-16 13:00:00,2,0,
2024-12-16 14:00:00,2,0,
2024-12-16 15:00:00,2,0,
2024-12-16 16:00:00,2,0,
2024-12-16 17:00:00,2,0,
2024-12-16 18:00:00,2,0,
2024-12-16 19:00:00,2,0,
2024-12-16 20:00:00,2,0,
2024-12-16 21:00:00,2,0,
2024-12-16 22:00:00,2,0,
2024-12-16 23:00:00,2,0,
2024-12-17 00:00:00,2,0,
2024-12-17 01:00:00,2,0,
2024-12-17 02:00:00,2,0,
2024-12-17 03:00:00,2,0,
2024-12-17 04:00:00,2,0,
2024-12-17 05:00:00,2,0,
2024-12-17 06:00:00,2,0,
2024-12-17 07:00:00,2,0,
2024-12-17 08:00:00,2,0,
2024-12-17 09:00:00,2,0,
2024-12-17 10:00:00,2,0,
2024-12-17 11:00:00,2,0,
2024-12-17 12:00:00,2,0,
2024-12-17 13:00:00,2,0,
2024-12-17 14:00:00,2,0,
2024-12-17 15:00:00,2,0,
2024-12-17 16:00:00,2,0,
2024-12-17 17:00:00,2,0,
2024-12-17 18:00:00,2,0,
2024-12-17 19:00:00,2,0,
2024-12-17 20:00:00,2,0,
2024-12-17 21:00:00,2,0,
2024-12-17 22:00:00,2,0,
2024-12-17 23:00:00,2,0,
2024-12-18 00:00:00,2,0,
2024-12-18 01:00:00,2,0,
2024-12-18 02:00:00,2,0,
2024-12-18 03:00:00,2,0,
2024-12-18 04:00:00,2,0,
2024-12-18 05:00:00,2,0,
2024-12-18 06:00:00,2,0,
2024-12-18 07:00:00,2,0,
2024-12-18 08:00:00,2,0,
2024-12-18 09:00:00,2,0,
2024-12-18 10:00:00,2,0,
2024-12-18 11:00:00,2,0,
2024-12-18 12:00:00,2,0,
2024-12-18 13:00:00,2,0,
2024-12-18 14:00:00,2,0,
2024-12-18 15:00:00,2,0,
2024-12-18 16:00:00,2,0,
2024-12-18 17:00:00,2,0,
2024-12-18 18:00:00,2,0,
2024-12-18 19:00:00,2,0,
2024-12-18 20:00:00,2,0,
2024-12-18 21:00:00,2,0,
2024-12-18 22:00:00,2,0,
2024-12-18 23:00:00,2,0,
2024-12-19 00:00:00,2,0,
2024-12-19 01:00:00,2,0,
2024-12-19 02:00:00,2,0,
2024-12-19 03:00:00,2,0,
2024-12-19 04:00:00,2,0,
2024-12-19 05:00:00,2,0,
2024-12-19 06:00:00,2,0,
2024-12-19 07:00:00,2,0,
2024-12-19 08:00:00,2,0,
2024-12-19 09:00:00,2,0,
2024-12-19 10:00:00,2,0,
2024-12-19 11:00:00,2,0,
2024-12-19 12:00:00,2,0,
2024-12-19 13:00:00,2,0,
2024-12-19 14:00:00,2,0,
2024-12-19 15:00:00,2,0,
2024-12-19 16:00:00,2,0,
2024-12-19 17:00:00,2,0,
2024-12-19 18:00:00,2,0,
2024-12-19 19:00:00,2,0,
2024-12-19 20:00:00,2,0,
2024-12-19 21:00:00,2,0,
2024-12-19 22:00:00,2,0,
2024-12-19 23:00:00,2,0,
2024-12-20 00:00:00,2,0,
2024-12-20 01:00:00,2,0,
2024-12-20 02:00:00,2,0,
2024-12-20 03:00:00,2,0,
2024-12-20 04:00:00,2,0,
2024-12-20 05:00:00,2,0,
2024-12-20 06:00:00,2,0,
2024-12-20 07:00:00,2,0,
2024-12-20 08:00:00,2,0,
2024-12-20 09:00:00,2,0,
2024-12-20 10:00:00,2,0,
2024-12-20 11:00:00,2,0,
2024-12-20 12:00:00,2,0,
2024-12-20 13:00:00,2,0,
2024-12-20 14:00:00,2,0,
2024-12-20 15:00:00,2,0,
2024-12-20 16:00:00,2,0,
2024-12-20 17:00:00,2,0,
2024-12-20 18:00:00,2,0,
2024-12-20 19:00:00,2,0,
2024-12-20 20:00:00,2,0,
2024-12-20 21:00:00,2,0,
2024-12-20 22:00:00,2,0,
2024-12-20 23:00:00,2,0,
2024-12-21 00:00:00,2,0,
2024-12-21 01:00:00,2,0,
2024-12-21 02:00:00,2,0,
2024-12-21 03:00:00,2,0,
2024-12-21 04:00:00,2,0,
2024-12-21 05:00:00,2,0,
2024-12-21 06:00:00,2,0,
2024-12-21 07:00:00,2,0,
2024-12-21 08:00:00,2,0,
2024-12-21 09:00:00,2,0,
2024-12-21 10:00:00,2,0,
2024-12-21 11:00:00,2,0,
2024-12-21 12:00:00,2,0,
2024-12-21 13:00:00,2,0,
2024-12-21 14:00:00,2,0,
2024-12-21 15:00:00,2,0,
2024-12-21 16:00:00,2,0,
2024-12-21 17:00:00,2,0,
2024-12-21 18:00:00,2,0,
2024-12-21 19:00:00,2,0,
2024-12-21 20:00:00,2,0,
2024-12-21 21:00:00,2,0,
2024-12-21 22:00:00,2,0,
2024-12-21 23:00:00,2,0,
2024-12-22 00:00:00,2,0,
2024-12-22 01:00:00,2,0,
2024-12-22 02:00:00,2,0,
2024-12-22 03:00:00,2,0,
2024-12-22 04:00:00,2,0,
2024-12-22 05:00:00,2,0,
2024-12-22 06:00:00,2,0,
2024-12-22 07:00:00,2,0,
2024-12-22 08:00:00,2,0,
2024-12-22 09:00:00,2,0,
2024-12-22 10:00:00,2,0,
2024-12-22 11:00:00,2,0,
2024-12-22 12:00:00,2,0,
2024-12-22 13:00:00,2,0,
2024-12-22 14:00:00,2,0,
2024-12-22 15:00:00,2,0,
2024-12-22 16:00:00,2,0,
2024-12-22 17:00:00,2,0,
2024-12-22 18:00:00,2,0,
2024-12-22 19:00:00,2,0,
2024-12-22 20:00:00,2,0,
2024-12-22 21:00:00,2,0,
2024-12-22 22:00:00,2,0,
2024-12-22 23:00:00,2,0,
2024-12-23 00:00:00,2,0,
2024-12-23 01:00:00,2,0,
2024-12-23 02:00:00,2,0,
2024-12-23 03:00:00,2,0,
2024-12-23 04:00:00,2,0,
2024-12-23 05:00:00,2,0,
2024-12-23 06:00:00,2,0,
2024-12-23 07:00:00,2,0,
2024-12-23 08:00:00,2,0,
2024-12-23 09:00:00,2,0,
2024-12-23 10:00:00,2,0,
2024-12-23 11:00:00,2,0,
2024-12-23 12:00:00,2,0,
2024-12-23 13:00:00,2,0,
2024-12-23 14:00:00,2,0,
2024-12-23 15:00:00,2,0,
2024-12-23 16:00:00,2,0,
2024-12-23 17:00:00,2,0,
2024-12-23 18:00:00,2,0,
2024-12-23 19:00:00,2,0,
2024-12-23 20:00:00,2,0,
2024-12-23 21:00:00,2,0,
2024-12-23 22:00:00,2,0,
2024-12-23 23:00:00,2,0,
2024-12-24 00:00:00,2,0,
2024-12-24 01:00:00,2,0,
2024-12-24 02:00:00,2,0,
2024-12-24 03:00:00,2,0,
2024-12-24 04:00:00,2,0,
2024-12-24 05:00:00,2,0,
2024-12-24 06:00:00,2,0,
2024-12-24 07:00:00,2,0,
2024-12-24 08:00:00,2,0,
2024-12-24 09:00:00,2,0,
2024-12-24 10:00:00,2,0,
2024-12-24 11:00:00,2,0,
2024-12-24 12:00:00,2,0,
2024-12-24 13:00:00,2,0,
2024-12-24 14:00:00,2,0,
2024-12-24 15:00:00,2,0,
2024-12-24 16:00:00,2,0,
2024-12-24 17:00:00,2,0,
2024-12-24 18:00:00,2,0,
2024-12-24 19:00:00,2,0,
2024-12-24 20:00:00,2,0,
2024-12-24 21:00:00,2,0,
2024-12-24 22:00:00,2,0,
2024-12-24 23:00:00,2,0,
2024-12-25 00:00:00,2,0,
2024-12-25 01:00:00,2,0,
2024-12-25 02:00:00,2,0,
2024-12-25 03:00:00,2,0,
2024-12-25 04:00:00,2,0,
2024-12-25 05:00:00,2,0,
2024-12-25 06:00:00,2,0,
2024-12-25 07:00:00,2,0,
2024-12-25 08:00:00,2,0,
2024-12-25 09:00:00,2,0,
2024-12-25 10:00:00,2,0,
2024-12-25 11:00:00,2,0,
2024-12-25 12:00:00,2,0,
2024-12-25 13:00:00,2,0,
2024-12-25 14:00:00,2,0,
2024-12-25 15:00:00,2,0,
2024-12-25 16:00:00,2,0,
2024-12-25 17:00:00,2,0,
2024-12-25 18:00:00,2,0,
2024-12-25 19:00:00,2,0,
2024-12-25 20:00:00,2,0,
2024-12-25 21:00:00,2,0,
2024-12-25 22:00:00,2,0,
2024-12-25 23:00:00,2,0,
2024-12-26 00:00:00,2,0,
2024-12-26 01:00:00,2,0,
2024-12-26 02:00:00,2,0,
2024-12-26 03:00:00,2,0,
2024-12-26 04:00:00,2,0,
2024-12-26 05:00:00,2,0,
2024-12-26 06:00:00,2,0,
2024-12-26 07:00:00,2,0,
2024-12-26 08:00:00,2,0,
2024-12-26 09:00:00,2,0,
2024-12-26 10:00:00,2,0,
2024-12-26 11:00:00,2,0,
2024-12-26 12:00:00,2,0,
2024-12-26 13:00:00,2,0,
2024-12-26 14:00:00,2,0,
2024-12-26 15:00:00,2,0,
2024-12-26 16:00:00,2,0,
2024-12-26 17:00:00,2,0,
2024-12-26 18:00:00,2,0,
2024-12-26 19:00:00,2,0,
2024-12-26 20:00:00,2,0,
2024-12-26 21:00:00,2,0,
2024-12-26 22:00:00,2,0,
2024-12-26 23:00:00,2,0,
2024-12-27 00:00:00,2,0,
2024-12-27 01:00:00,2,0,
2024-12-27 02:00:00,2,0,
2024-12-27 03:00:00,2,0,
2024-12-27 04:00:00,2,0,
2024-12-27 05:00:00,2,0,
2024-12-27 06:00:00,2,0,
2024-12-27 07:00:00,2,0,
2024-12-27 08:00:00,2,0,
2024-12-27 09:00:00,2,0,
2024-12-27 10:00:00,2,0,
2024-12-27 11:00:00,2,0,
2024-12-27 12:00:00,2,0,
2024-12-27 13:00:00,2,0,
2024-12-27 14:00:00,2,0,
2024-12-27 15:00:00,2,0,
2024-12-27 16:00:00,2,0,
2024-12-27 17:00:00,2,0,
2024-12-27 18:00:00,2,0,
2024-12-27 19:00:00,2,0,
2024-12-27 20:00:00,2,0,
2024-12-27 21:00:00,2,0,
2024-12-27 22:00:00,2,0,
2024-12-27 23:00:00,2,0,
2024-12-28 00:00:00,2,0,
2024-12-28 01:00:00,2,0,
2024-12-28 02:00:00,2,0,
2024-12-28 03:00:00,2,0,
2024-12-28 04:00:00,2,0,
2024-12-28 05:00:00,2,0,
2024-12-28 06:00:00,2,0,
2024-12-28 07:00:00,2,0,
2024-12-28 08:00:00,2,0,
2024-12-28 09:00:00,2,0,
2024-12-28 10:00:00,2,0,
2024-12-28 11:00:00,2,0,
2024-12-28 12:00:00,2,0,
2024-12-28 13:00:00,2,0,
2024-12-28 14:00:00,2,0,
2024-12-28 15:00:00,2,0,
2024-12-28 16:00:00,2,0,
2024-12-28 17:00:00,2,0,
2024-12-28 18:00:00,2,0,
2024-12-28 19:00:00,2,0,
2024-12-28 20:00:00,2,0,
2024-12-28 21:00:00,2,0,
2024-12-28 22:00:00,2,0,
2024-12-28 23:00:00,2,0,
2024-12-29 00:00:00,2,0,
2024-12-29 01:00:00,2,0,
2024-12-29 02:00:00,2,0,
2024-12-29 03:00:00,2,0,
2024-12-29 04:00:00,2,0,
2024-12-29 05:00:00,2,0,
2024-12-29 06:00:00,2,0,
2024-12-29 07:00:00,2,0,
2024-12-29 08:00:00,2,0,
2024-12-29 09:00:00,2,0,
2024-12-29 10:00:00,2,0,
2024-12-29 11:00:00,2,0,
2024-12-29 12:00:00,2,0,
2024-12-29 13:00:00,2,0,
2024-12-29 14:00:00,2,0,
2024-12-29 15:00:00,2,0,
2024-12-29 16:00:00,2,0,
2024-12-29 17:00:00,2,0,
2024-12-29 18:00:00,2,0,
2024-12-29 19:00:00,2,0,
2024-12-29 20:00:00,2,0,
2024-12-29 21:00:00,2,0,
2024-12-29 22:00:00,2,0,
2024-12-29 23:00:00,2,0,
2024-12-30 00:00:00,2,0,
2024-12-30 01:00:00,2,0,
2024-12-30 02:00:00,2,0,
2024-12-30 03:00:00,2,0,
2024-12-30 04:00:00,2,0,
2024-12-30 05:00:00,2,0,
2024-12-30 06:00:00,2,0,
2024-12-30 07:00:00,2,0,
2024-12-30 08:00:00,2,0,
2024-12-30 09:00:00,2,0,
2024-12-30 10:00:00,2,0,
2024-12-30 11:00:00,2,0,
2024-12-30 12:00:00,2,0,
2024-12-30 13:00:00,2,0,
2024-12-30 14:00:00,2,0,
2024-12-30 15:00:00,2,0,
2024-12-30 16:00:00,2,0,
2024-12-30 17:00:00,2,0,
2024-12-30 18:00:00,2,0,
2024-12-30 19:00:00,2,0,
2024-12-30 20:00:00,2,0,
2024-12-30 21:00:00,2,0,
2024-12-30 22:00:00,2,0,
2024-12-30 23:00:00,2,0,
2024-12-31 00:00:00,2,0,
2024-12-31 01:00:00,2,0,
2024-12-31 02:00:00,2,0,
2024-12-31 03:00:00,2,0,
2024-12-31 04:00:00,2,0,
2024-12-31 05:00:00,2,0,
2024-12-31 06:00:00,2,0,
2024-12-31 07:00:00,2,0,
2024-12-31 08:00:00,2,0,
2024-12-31 09:00:00,2,0,
2024-12-31 10:00:00,2,0,
2024-12-31 11:00:00,2,0,
2024-12-31 12:00:00,2,0,
2024-12-31 13:00:00,2,0,
2024-12-31 14:00:00,2,0,
2024-12-31 15:00:00,2,0,
2024-12-31 16:00:00,2,0,
2024-12-31 17:00:00,2,0,
2024-12-31 18:00:00,2,0,
2024-12-31 19:00:00,2,0,
2024-12-31 20:00:00,2,0,
2024-12-31 21:00:00,2,0,
2024-12-31 22:00:00,2,0,
2024-12-31 23:00:00,2,0,
2025-01-01 00:00:00,3,0,1.4122333826384987e-14
2025-01-01 01:00:00,3,0,1.4972948039927792e-14
2025-01-01 02:00:00,3,0,1.6642360017269393e-14
2025-01-01 03:00:00,3,0,1.925310290676147e-14
2025-01-01 04:00:00,3,0,2.295366038873738e-14
2025-01-01 05:00:00,3,0,2.871056537650316e-14
2025-01-01 06:00:00,3,0,3.6087327748758924e-14
2025-01-01 07:00:00,3,0,4.111289362660031e-14
2025-01-01 08:00:00,3,0,4.8659338034423527e-14
2025-01-01 09:00:00,3,0,7.926050655351173e-13
2025-01-01 10:00:00,3,0,7.006091778973464e-10
2025-01-01 11:00:00,3,0,1.2970599991701116e-06
2025-01-01 12:00:00,3,0,0.00022780874898572636
2025-01-01 13:00:00,3,0,0.005447973273772825
2025-01-01 14:00:00,3,0,0.002541004129033205
2025-01-01 15:00:00,3,0,5.339863454846055e-05
2025-01-01 16:00:00,3,0,3.786336952011289e-07
2025-01-01 17:00:00,3,0,1.3882120654217543e-10
2025-01-01 18:00:00,3,0,1.0072054752336392e-13
2025-01-01 19:00:00,3,0,2.197200292785345e-14
2025-01-01 20:00:00,3,0,1.845382408907378e-14
2025-01-01 21:00:00,3,0,1.7211555819591614e-14
2025-01-01 22:00:00,3,0,1.577561316778072e-14
2025-01-01 23:00:00,3,0,1.8270053543149143e-14
2025-01-02 00:00:00,3,0,1.7512027423669538e-14
2025-01-02 01:00:00,3,0,2.11754845452462e-14
2025-01-02 02:00:00,3,0,2.2843601179153775e-14
2025-01-02 03:00:00,3,0,2.5802945351265298e-14
2025-01-02 04:00:00,3,0,3.4461228581489453e-14
2025-01-02 05:00:00,3,0,4.2338427127274066e-14
2025-01-02 06:00:00,3,0,4.7789525815291666e-14
2025-01-02 07:00:00,3,0,5.2842050194002564e-14
2025-01-02 08:00:00,3,0,5.0135180073168356e-14
2025-01-02 09:00:00,3,0,9.431166633437915e-13
2025-01-02 10:00:00,3,0,6.173699709722286e-10
2025-01-02 11:00:00,3,0,1.5810571134228096e-06
2025-01-02 12:00:00,3,0,0.0002793717624606111
2025-01-02 13:00:00,3,0,0.004575988320808793
2025-01-02 14:00:00,3,0,0.0007215770831559598
2025-01-02 15:00:00,3,0,2.0431668068878564e-06
2025-01-02 16:00:00,3,0,6.036885471213097e-09
2025-01-02 17:00:00,3,0,5.2502175338740046e-11
2025-01-02 18:00:00,3,0,1.206288865513746e-13
2025-01-02 19:00:00,3,0,3.8979857640866386e-14
2025-01-02 20:00:00,3,0,2.656982494937158e-14
2025-01-02 21:00:00,3,0,1.9984722782959474e-14
2025-01-02 22:00:00,3,0,1.7991977000807596e-14
2025-01-02 23:00:00,3,0,2.1213768186723138e-14
2025-01-03 00:00:00,3,0,2.5670488146425427e-14
2025-01-03 01:00:00,3,0,2.721666899403684e-14
2025-01-03 02:00:00,3,0,2.4836960171557635e-14
2025-01-03 03:00:00,3,0,2.504337749058828e-14
2025-01-03 04:00:00,3,0,2.932636866870684e-14
2025-01-03 05:00:00,3,0,4.3884017460549543e-14
2025-01-03 06:00:00,3,0,5.4179317345624814e-14
2025-01-03 07:00:00,3,0,7.428658979377e-14
2025-01-03 08:00:00,3,0,7.70907889095647e-14
2025-01-03 09:00:00,3,0,6.04051648943195e-13
2025-01-03 10:00:00,3,0,1.479570120547658e-10
2025-01-03 11:00:00,3,0,1.2878047233917466e-07
2025-01-03 12:00:00,3,0,2.202500996902789e-07
2025-01-03 13:00:00,3,0,3.475515926329122e-07
2025-01-03 14:00:00,3,0,1.6239875219410304e-08
2025-01-03 15:00:00,3,0,5.4164596804423364e-09
2025-01-03 16:00:00,3,0,8.069346484819402e-10
2025-01-03 17:00:00,3,0,1.9423842932080246e-11
2025-01-03 18:00:00,3,0,1.598639394970942e-13
2025-01-03 19:00:00,3,0,3.555631801965862e-14
2025-01-03 20:00:00,3,0,3.065563224862672e-14
2025-01-03 21:00:00,3,0,2.4276337672976082e-14
2025-01-03 22:00:00,3,0,1.690388221074984e-14
2025-01-03 23:00:00,3,0,1.8440921857444655e-14
2025-01-04 00:00:00,3,0,2.4472138107800628e-14
2025-01-04 01:00:00,3,0,2.7054511393620644e-14
2025-01-04 02:00:00,3,0,3.02511972032328e-14
2025-01-04 03:00:00,3,0,3.478829222972707e-14
2025-01-04 04:00:00,3,0,4.1723391768666615e-14
2025-01-04 05:00:00,3,0,5.0651582224709884e-14
2025-01-04 06:00:00,3,0,6.179162444189303e-14
2025-01-04 07:00:00,3,0,7.473184400549083e-14
2025-01-04 08:00:00,3,0,8.844918804367949e-14
2025-01-04 09:00:00,3,0,4.4009927902292803e-13
2025-01-04 10:00:00,3,0,1.3538984782127801e-11
2025-01-04 11:00:00,3,0,3.3417453634455534e-10
2025-01-04 12:00:00,3,0,1.431777680489654e-07
2025-01-04 13:00:00,3,0,1.6541055846706378e-06
2025-01-04 14:00:00,3,0,9.517002937360239e-07
2025-01-04 15:00:00,3,0,3.833162379509427e-08
2025-01-04 16:00:00,3,0,9.0476026723277e-10
2025-01-04 17:00:00,3,0,3.798791279183871e-11
2025-01-04 18:00:00,3,0,1.1165179649673267e-13
2025-01-04 19:00:00,3,0,3.555631801965862e-14
2025-01-04 20:00:00,3,0,2.697873273128891e-14
2025-01-04 21:00:00,3,0,1.8776088993327676e-14
2025-01-04 22:00:00,3,0,1.7520862682459817e-14
2025-01-04 23:00:00,3,0,1.4607770762599834e-14
2025-01-05 00:00:00,3,0,1.4122333826384987e-14
2025-01-05 01:00:00,3,0,1.4972948039927792e-14
2025-01-05 02:00:00,3,0,1.6642360017269393e-14
2025-01-05 03:00:00,3,0,2.1697328430778367e-14
2025-01-05 04:00:00,3,0,2.5106206687495956e-14
2025-01-05 05:00:00,3,0,3.140298219324685e-14
2025-01-05 06:00:00,3,0,4.528717521728576e-14
2025-01-05 07:00:00,3,0,5.4771081750247954e-14
2025-01-05 08:00:00,3,0,5.997922851958857e-14
2025-01-05 09:00:00,3,0,7.213518904659328e-13
2025-01-05 10:00:00,3,0,4.2228726003036584e-10
2025-01-05 11:00:00,3,0,1.3102878868925403e-06
2025-01-05 12:00:00,3,0,0.0003437884126471574
2025-01-05 13:00:00,3,0,0.0004584927678250167
2025-01-05 14:00:00,3,0,0.0016584706025005638
2025-01-05 15:00:00,3,0,2.3032929468896544e-06
2025-01-05 16:00:00,3,0,2.654715321603117e-08
2025-01-05 17:00:00,3,0,4.368684062708128e-11
2025-01-05 18:00:00,3,0,1.0136066772258206e-13
2025-01-05 19:00:00,3,0,3.052117473897611e-14
2025-01-05 20:00:00,3,0,2.6729067829485876e-14
2025-01-05 21:00:00,3,0,2.238749012723613e-14
2025-01-05 22:00:00,3,0,1.974477759547798e-14
2025-01-05 23:00:00,3,0,1.916464503388261e-14
2025-01-06 00:00:00,3,0,1.9500754117956297e-14
2025-01-06 01:00:00,3,0,2.042968627723257e-14
2025-01-06 02:00:00,3,0,1.864340211861401e-14
2025-01-06 03:00:00,3,0,1.9718861574105344e-14
2025-01-06 04:00:00,3,0,2.3649846944354028e-14
2025-01-06 05:00:00,3,0,2.8369468000513146e-14
2025-01-06 06:00:00,3,0,3.399397561376531e-14
2025-01-06 07:00:00,3,0,4.111289362660031e-14
2025-01-06 08:00:00,3,0,4.8659338034423527e-14
2025-01-06 09:00:00,3,0,6.660377100476931e-13
2025-01-06 10:00:00,3,0,2.060337574871708e-10
2025-01-06 11:00:00,3,0,3.766333034089435e-07
2025-01-06 12:00:00,3,0,0.00014131366019383253
2025-01-06 13:00:00,3,0,0.000615288989164586
2025-01-06 14:00:00,3,0,0.000322609987217384
2025-01-06 15:00:00,3,0,6.479451594333754e-05
2025-01-06 16:00:00,3,0,4.875740860419618e-08
2025-01-06 17:00:00,3,0,1.8569826406308267e-11
2025-01-06 18:00:00,3,0,1.5424985796605064e-13
2025-01-06 19:00:00,3,0,3.563797137084622e-14
2025-01-06 20:00:00,3,0,2.871608647290451e-14
2025-01-06 21:00:00,3,0,1.8938346089660164e-14
2025-01-06 22:00:00,3,0,2.2713735554957994e-14
2025-01-06 23:00:00,3,0,2.2385865924432094e-14
2025-01-07 00:00:00,3,0,2.5365508567225134e-14
2025-01-07 01:00:00,3,0,2.721666899403684e-14
2025-01-07 02:00:00,3,0,3.02511972032328e-14
2025-01-07 03:00:00,3,0,3.499680407118949e-14
2025-01-07 04:00:00,3,0,4.1723391768666615e-14
2025-01-07 05:00:00,3,0,3.4143242647466635e-14
2025-01-07 06:00:00,3,0,3.6303625666249856e-14
2025-01-07 07:00:00,3,0,7.16702241617839e-14
2025-01-07 08:00:00,3,0,8.844918804367949e-14
2025-01-07 09:00:00,3,0,9.481329971854e-13
2025-01-07 10:00:00,3,0,8.268026451045334e-10
2025-01-07 11:00:00,3,0,2.5625327822594203e-07
2025-01-07 12:00:00,3,0,0.0001617589028238824
2025-01-07 13:00:00,3,0,0.00014097274035463505
2025-01-07 14:00:00,3,0,0.0007426266122424688
2025-01-07 15:00:00,3,0,2.1378013860152647e-05
2025-01-07 16:00:00,3,0,1.8779683074882738e-07
2025-01-07 17:00:00,3,0,1.0685747386559736e-10
2025-01-07 18:00:00,3,0,2.2345434417338564e-13
2025-01-07 19:00:00,3,0,3.9674003097367835e-14
2025-01-07 20:00:00,3,0,3.3521069849523636e-14
2025-01-07 21:00:00,3,0,2.592545504416978e-14
2025-01-07 22:00:00,3,0,1.8160362531536683e-14
2025-01-07 23:00:00,3,0,1.9811651676912517e-14
2025-01-08 00:00:00,3,0,2.4181395589011097e-14
2025-01-08 01:00:00,3,0,2.6258100865242376e-14
2025-01-08 02:00:00,3,0,3.02511972032328e-14
2025-01-08 03:00:00,3,0,3.499680407118949e-14
2025-01-08 04:00:00,3,0,4.1723391768666615e-14
2025-01-08 05:00:00,3,0,5.0651582224709884e-14
2025-01-08 06:00:00,3,0,6.179162444189303e-14
2025-01-08 07:00:00,3,0,7.473184400549083e-14
2025-01-08 08:00:00,3,0,8.844918804367949e-14
2025-01-08 09:00:00,3,0,8.282476954606142e-13
2025-01-08 10:00:00,3,0,6.911179989380077e-10
2025-01-08 11:00:00,3,0,8.672167360737819e-07
2025-01-08 12:00:00,3,0,0.00014215138137113698
2025-01-08 13:00:00,3,0,0.0001597316846568458
2025-01-08 14:00:00,3,0,0.00018073871325230827
2025-01-08 15:00:00,3,0,9.51740403082094e-06
2025-01-08 16:00:00,3,0,1.369007261853539e-07
2025-01-08 17:00:00,3,0,1.63183256425109e-10
2025-01-08 18:00:00,3,0,2.1756196521841807e-13
2025-01-08 19:00:00,3,0,3.9674003097367835e-14
2025-01-08 20:00:00,3,0,3.3521069849523636e-14
2025-01-08 21:00:00,3,0,2.9275566310488173e-14
2025-01-08 22:00:00,3,0,2.6673272614127507e-14
2025-01-08 23:00:00,3,0,2.5514439785768582e-14
2025-01-09 00:00:00,3,0,2.5670488146425427e-14
2025-01-09 01:00:00,3,0,2.6415484991159376e-14
2025-01-09 02:00:00,3,0,3.02511972032328e-14
2025-01-09 03:00:00,3,0,1.925310290676147e-14
2025-01-09 04:00:00,3,0,2.295366038873738e-14
2025-01-09 05:00:00,3,0,2.7865405166109235e-14
2025-01-09 06:00:00,3,0,3.399397561376531e-14
2025-01-09 07:00:00,3,0,4.111289362660031e-14
2025-01-09 08:00:00,3,0,4.8659338034423527e-14
2025-01-09 09:00:00,3,0,9.574139106450348e-13
2025-01-09 10:00:00,3,0,8.029376112281239e-10
2025-01-09 11:00:00,3,0,2.769555282090955e-06
2025-01-09 12:00:00,3,0,0.0007505045308555935
2025-01-09 13:00:00,3,0,0.0005702467999762364
2025-01-09 14:00:00,3,0,0.001337071785156624
2025-01-09 15:00:00,3,0,0.00010223229177069707
2025-01-09 16:00:00,3,0,2.8403427197381682e-08
2025-01-09 17:00:00,3,0,4.682117238948402e-11
2025-01-09 18:00:00,3,0,1.3508364419652625e-13
2025-01-09 19:00:00,3,0,3.563797137084622e-14
2025-01-09 20:00:00,3,0,2.9235505825691444e-14
2025-01-09 21:00:00,3,0,2.5839748722201554e-14
2025-01-09 22:00:00,3,0,2.0766426342312608e-14
2025-01-09 23:00:00,3,0,1.9864219218301e-14
2025-01-10 00:00:00,3,0,1.4122333826384987e-14
2025-01-10 01:00:00,3,0,1.4972948039927792e-14
2025-01-10 02:00:00,3,0,1.886755914341514e-14
2025-01-10 03:00:00,3,0,1.925310290676147e-14
2025-01-10 04:00:00,3,0,2.295366038873738e-14
2025-01-10 05:00:00,3,0,2.8369468000513146e-14
2025-01-10 06:00:00,3,0,3.399397561376531e-14
2025-01-10 07:00:00,3,0,4.111289362660031e-14
2025-01-10 08:00:00,3,0,4.8659338034423527e-14
2025-01-10 09:00:00,3,0,9.051902183240417e-13
2025-01-10 10:00:00,3,0,1.2327941934203092e-09
2025-01-10 11:00:00,3,0,1.6678656383083175e-06
2025-01-10 12:00:00,3,0,0.00047460450149629593
2025-01-10 13:00:00,3,0,0.013619723623513094
2025-01-10 14:00:00,3,0,0.005364105980888807
2025-01-10 15:00:00,3,0,0.00012887716618127648
2025-01-10 16:00:00,3,0,5.940845715555083e-07
2025-01-10 17:00:00,3,0,2.462352499143074e-10
2025-01-10 18:00:00,3,0,2.2504237075086968e-13
2025-01-10 19:00:00,3,0,2.191466835482386e-14
2025-01-10 20:00:00,3,0,1.851598203610391e-14
2025-01-10 21:00:00,3,0,1.6805043844494717e-14
2025-01-10 22:00:00,3,0,1.6747016488298383e-14
2025-01-10 23:00:00,3,0,1.7898162115793694e-14
2025-01-11 00:00:00,3,0,2.5670488146425427e-14
2025-01-11 01:00:00,3,0,2.594614012235335e-14
2025-01-11 02:00:00,3,0,2.815783425507214e-14
2025-01-11 03:00:00,3,0,3.2575048249279844e-14
2025-01-11 04:00:00,3,0,4.122769482703332e-14
2025-01-11 05:00:00,3,0,2.8369468000513146e-14
2025-01-11 06:00:00,3,0,4.0912454118345165e-14
2025-01-11 07:00:00,3,0,5.2842050194002564e-14
2025-01-11 08:00:00,3,0,7.393252763241508e-14
2025-01-11 09:00:00,3,0,7.197712975198305e-13
2025-01-11 10:00:00,3,0,5.931001183675614e-10
2025-01-11 11:00:00,3,0,7.058618742723802e-07
2025-01-11 12:00:00,3,0,6.086528486076195e-07
2025-01-11 13:00:00,3,0,0.00019829217620692433
2025-01-11 14:00:00,3,0,3.6190674508296335e-05
2025-01-11 15:00:00,3,0,3.3438490796121333e-06
2025-01-11 16:00:00,3,0,5.323950958366321e-09
2025-01-11 17:00:00,3,0,3.815299398291215e-11
2025-01-11 18:00:00,3,0,1.6372391055808557e-13
2025-01-11 19:00:00,3,0,2.909646882032204e-14
2025-01-11 20:00:00,3,0,2.4373017453461003e-14
2025-01-11 21:00:00,3,0,2.4340925470452376e-14
2025-01-11 22:00:00,3,0,2.0519724523844195e-14
2025-01-11 23:00:00,3,0,1.7898162115793694e-14
2025-01-12 00:00:00,3,0,1.7722581481375964e-14
2025-01-12 01:00:00,3,0,1.9129942102470426e-14
2025-01-12 02:00:00,3,0,2.298051969518921e-14
2025-01-12 03:00:00,3,0,2.549639210730399e-14
2025-01-12 04:00:00,3,0,3.021584003172434e-14
2025-01-12 05:00:00,3,0,4.4147046678283005e-14
2025-01-12 06:00:00,3,0,4.0426391563948234e-14
2025-01-12 07:00:00,3,0,4.7170383269327434e-14
2025-01-12 08:00:00,3,0,4.924438857258156e-14
2025-01-12 09:00:00,3,0,9.73026389498857e-13
2025-01-12 10:00:00,3,0,6.904547672583311e-10
2025-01-12 11:00:00,3,0,2.3994930484763788e-06
2025-01-12 12:00:00,3,0,0.0005555998007065674
2025-01-12 13:00:00,3,0,0.007619287846098348
2025-01-12 14:00:00,3,0,0.0010553142616883996
2025-01-12 15:00:00,3,0,9.424255782813035e-05
2025-01-12 16:00:00,3,0,8.468623033015057e-07
2025-01-12 17:00:00,3,0,2.932928976032081e-10
2025-01-12 18:00:00,3,0,3.645928398310598e-13
2025-01-12 19:00:00,3,0,3.728329767531991e-14
2025-01-12 20:00:00,3,0,3.3521069849523636e-14
2025-01-12 21:00:00,3,0,1.71665318963267e-14
2025-01-12 22:00:00,3,0,2.2250972989199697e-14
2025-01-12 23:00:00,3,0,1.6461928279479342e-14
2025-01-13 00:00:00,3,0,2.0092213720101945e-14
2025-01-13 01:00:00,3,0,2.3863760822559276e-14
2025-01-13 02:00:00,3,0,1.6943406964603136e-14
2025-01-13 03:00:00,3,0,1.9718861574105344e-14
2025-01-13 04:00:00,3,0,2.4660124804543544e-14
2025-01-13 05:00:00,3,0,2.8539507103756184e-14
2025-01-13 06:00:00,3,0,3.399397561376531e-14
2025-01-13 07:00:00,3,0,4.111289362660031e-14
2025-01-13 08:00:00,3,0,4.924438857258156e-14
2025-01-13 09:00:00,3,0,1.0750005011347469e-12
2025-01-13 10:00:00,3,0,1.3752845839529166e-09
2025-01-13 11:00:00,3,0,3.1299593727445e-06
2025-01-13 12:00:00,3,0,0.000109578793235246
2025-01-13 13:00:00,3,0,0.009112432866878904
2025-01-13 14:00:00,3,0,0.00974221665128756
2025-01-13 15:00:00,3,0,0.0002406764642181482
2025-01-13 16:00:00,3,0,1.9690745541048188e-06
2025-01-13 17:00:00,3,0,2.764602697140481e-10
2025-01-13 18:00:00,3,0,2.5848574761048565e-13
2025-01-13 19:00:00,3,0,2.191466835482386e-14
2025-01-13 20:00:00,3,0,1.851598203610391e-14
2025-01-13 21:00:00,3,0,1.6170899745595978e-14
2025-01-13 22:00:00,3,0,1.47334747603321e-14
2025-01-13 23:00:00,3,0,1.4093372044963473e-14
2025-01-14 00:00:00,3,0,1.4122333826384987e-14
2025-01-14 01:00:00,3,0,1.4972948039927792e-14
2025-01-14 02:00:00,3,0,1.6642360017269393e-14
2025-01-14 03:00:00,3,0,1.925310290676147e-14
2025-01-14 04:00:00,3,0,2.295366038873738e-14
2025-01-14 05:00:00,3,0,2.7865405166109235e-14
2025-01-14 06:00:00,3,0,3.399397561376531e-14
2025-01-14 07:00:00,3,0,4.111289362660031e-14
2025-01-14 08:00:00,3,0,5.4185261568815756e-14
2025-01-14 09:00:00,3,0,9.640848828355458e-13
2025-01-14 10:00:00,3,0,9.167985533681578e-10
2025-01-14 11:00:00,3,0,4.074131755928519e-06
2025-01-14 12:00:00,3,0,0.00034534256227028605
2025-01-14 13:00:00,3,0,0.004044375287337535
2025-01-14 14:00:00,3,0,0.007855023233604316
2025-01-14 15:00:00,3,0,0.000402539277346382
2025-01-14 16:00:00,3,0,4.858418887806535e-07
2025-01-14 17:00:00,3,0,4.0192080897279883e-10
2025-01-14 18:00:00,3,0,2.8095563074457795e-13
2025-01-14 19:00:00,3,0,3.0158588072123586e-14
2025-01-14 20:00:00,3,0,2.871608647290451e-14
2025-01-14 21:00:00,3,0,1.8271379123865654e-14
2025-01-14 22:00:00,3,0,1.767231839442541e-14
2025-01-14 23:00:00,3,0,1.99832728998955e-14
2025-01-15 00:00:00,3,0,1.9735219426200465e-14
2025-01-15 01:00:00,3,0,2.1948508637926082e-14
2025-01-15 02:00:00,3,0,2.5743648684895894e-14
2025-01-15 03:00:00,3,0,3.499680407118949e-14
2025-01-15 04:00:00,3,0,3.188542143109096e-14
2025-01-15 05:00:00,3,0,5.0651582224709884e-14
2025-01-15 06:00:00,3,0,6.179162444189303e-14
2025-01-15 07:00:00,3,0,7.473184400549083e-14
2025-01-15 08:00:00,3,0,8.844918804367949e-14
2025-01-15 09:00:00,3,0,9.113246730412834e-13
2025-01-15 10:00:00,3,0,7.228828239590116e-10
2025-01-15 11:00:00,3,0,9.50948685290215e-07
2025-01-15 12:00:00,3,0,0.0002733304476590049
2025-01-15 13:00:00,3,0,0.014533362584232806
2025-01-15 14:00:00,3,0,0.004514982817556984
2025-01-15 15:00:00,3,0,0.0002487119451001406
2025-01-15 16:00:00,3,0,4.3064588010384443e-07
2025-01-15 17:00:00,3,0,5.542529819968973e-10
2025-01-15 18:00:00,3,0,3.7181156933132193e-13
2025-01-15 19:00:00,3,0,3.7607056195707685e-14
2025-01-15 20:00:00,3,0,3.3410708843187053e-14
2025-01-15 21:00:00,3,0,1.9230230376966764e-14
2025-01-15 22:00:00,3,0,1.837867466422042e-14
2025-01-15 23:00:00,3,0,2.5514439785768582e-14
2025-01-16 00:00:00,3,0,2.5670488146425427e-14
2025-01-16 01:00:00,3,0,2.7054511393620644e-14
2025-01-16 02:00:00,3,0,1.6642360017269393e-14
2025-01-16 03:00:00,3,0,2.8222691638885226e-14
2025-01-16 04:00:00,3,0,2.525668666374715e-14
2025-01-16 05:00:00,3,0,3.06612450964077e-14
2025-01-16 06:00:00,3,0,3.8770200093380997e-14
2025-01-16 07:00:00,3,0,4.135931345949486e-14
2025-01-16 08:00:00,3,0,5.322250905865943e-14
2025-01-16 09:00:00,3,0,1.1244113750587703e-12
2025-01-16 10:00:00,3,0,2.2653127478129936e-09
2025-01-16 11:00:00,3,0,7.694915029878995e-06
2025-01-16 12:00:00,3,0,0.0008812052974971369
2025-01-16 13:00:00,3,0,0.03579053848243562
2025-01-16 14:00:00,3,0,0.030171608105646164
2025-01-16 15:00:00,3,0,0.0004931783793320988
2025-01-16 16:00:00,3,0,1.455983359379929e-06
2025-01-16 17:00:00,3,0,6.84749369153471e-10
2025-01-16 18:00:00,3,0,4.22843506779719e-13
2025-01-16 19:00:00,3,0,2.7173718443896053e-14
2025-01-16 20:00:00,3,0,2.3020026244503062e-14
2025-01-16 21:00:00,3,0,2.010449868740402e-14
2025-01-16 22:00:00,3,0,1.7991977000807596e-14
2025-01-16 23:00:00,3,0,1.7210307128601075e-14
2025-01-17 00:00:00,3,0,1.8701845746708338e-14
2025-01-17 01:00:00,3,0,2.0675320505598685e-14
2025-01-17 02:00:00,3,0,1.714712427279702e-14
2025-01-17 03:00:00,3,0,1.925310290676147e-14
2025-01-17 04:00:00,3,0,2.295366038873738e-14
2025-01-17 05:00:00,3,0,2.803242304976724e-14
2025-01-17 06:00:00,3,0,3.399397561376531e-14
2025-01-17 07:00:00,3,0,4.111289362660031e-14
2025-01-17 08:00:00,3,0,4.8659338034423527e-14
2025-01-17 09:00:00,3,0,1.1230896318477798e-12
2025-01-17 10:00:00,3,0,1.8917469228713918e-09
2025-01-17 11:00:00,3,0,6.94733635935917e-06
2025-01-17 12:00:00,3,0,0.0015073556653042784
2025-01-17 13:00:00,3,0,0.04702742358686832
2025-01-17 14:00:00,3,0,0.017824408625126464
2025-01-17 15:00:00,3,0,0.0005011072870428758
2025-01-17 16:00:00,3,0,1.791751763101012e-06
2025-01-17 17:00:00,3,0,1.187764850269854e-09
2025-01-17 18:00:00,3,0,5.943246651825969e-13
2025-01-17 19:00:00,3,0,2.3185994459107728e-14
2025-01-17 20:00:00,3,0,1.9127450911469398e-14
2025-01-17 21:00:00,3,0,1.710901510483701e-14
2025-01-17 22:00:00,3,0,1.53112500370654e-14
2025-01-17 23:00:00,3,0,1.4214931864312118e-14
2025-01-18 00:00:00,3,0,1.4122333826384987e-14
2025-01-18 01:00:00,3,0,1.5335163956970273e-14
2025-01-18 02:00:00,3,0,1.745730200074668e-14
2025-01-18 03:00:00,3,0,1.960137609943177e-14
2025-01-18 04:00:00,3,0,2.295366038873738e-14
2025-01-18 05:00:00,3,0,2.7865405166109235e-14
2025-01-18 06:00:00,3,0,3.399397561376531e-14
2025-01-18 07:00:00,3,0,4.111289362660031e-14
2025-01-18 08:00:00,3,0,4.8659338034423527e-14
2025-01-18 09:00:00,3,0,1.2548587587721503e-12
2025-01-18 10:00:00,3,0,2.1142940422616433e-09
2025-01-18 11:00:00,3,0,1.7443773650967036e-06
2025-01-18 12:00:00,3,0,0.000724355203774786
2025-01-18 13:00:00,3,0,0.010282295569708068
2025-01-18 14:00:00,3,0,0.0224635385999146
2025-01-18 15:00:00,3,0,0.00045769738159946385
2025-01-18 16:00:00,3,0,1.6791964265362035e-06
2025-01-18 17:00:00,3,0,1.3701318541212488e-09
2025-01-18 18:00:00,3,0,7.162609860722692e-13
2025-01-18 19:00:00,3,0,2.3324956779823724e-14
2025-01-18 20:00:00,3,0,1.9127450911469398e-14
2025-01-18 21:00:00,3,0,1.6116614213893887e-14
2025-01-18 22:00:00,3,0,1.4684014648417064e-14
2025-01-18 23:00:00,3,0,1.4733824823088905e-14
2025-01-19 00:00:00,3,0,1.5446696777347447e-14
2025-01-19 01:00:00,3,0,1.9592721342947122e-14
2025-01-19 02:00:00,3,0,1.7561936461188316e-14
2025-01-19 03:00:00,3,0,2.0933150877739557e-14
2025-01-19 04:00:00,3,0,2.681199574413053e-14
2025-01-19 05:00:00,3,0,3.581516669289056e-14
2025-01-19 06:00:00,3,0,3.740471785289663e-14
2025-01-19 07:00:00,3,0,4.5781816707663935e-14
2025-01-19 08:00:00,3,0,5.322250905865943e-14
2025-01-19 09:00:00,3,0,1.1624921272410048e-12
2025-01-19 10:00:00,3,0,1.3980444607254112e-09
2025-01-19 11:00:00,3,0,6.477142689582211e-06
2025-01-19 12:00:00,3,0,0.0014539923231548413
2025-01-19 13:00:00,3,0,0.018822669523556313
2025-01-19 14:00:00,3,0,0.021898201719887628
2025-01-19 15:00:00,3,0,9.485566126586247e-05
2025-01-19 16:00:00,3,0,1.2674652468767927e-07
2025-01-19 17:00:00,3,0,7.109974018493904e-10
2025-01-19 18:00:00,3,0,9.316101386016767e-13
2025-01-19 19:00:00,3,0,2.944628598091012e-14
2025-01-19 20:00:00,3,0,2.4583976598146936e-14
2025-01-19 21:00:00,3,0,1.951271262795558e-14
2025-01-19 22:00:00,3,0,2.0035078403989237e-14
2025-01-19 23:00:00,3,0,1.882415195060081e-14
2025-01-20 00:00:00,3,0,1.8043168768774234e-14
2025-01-20 01:00:00,3,0,1.5335163956970273e-14
2025-01-20 02:00:00,3,0,2.6053174792846543e-14
2025-01-20 03:00:00,3,0,2.1697328430778367e-14
2025-01-20 04:00:00,3,0,2.4807931083728978e-14
2025-01-20 05:00:00,3,0,5.0651582224709884e-14
2025-01-20 06:00:00,3,0,6.179162444189303e-14
2025-01-20 07:00:00,3,0,7.473184400549083e-14
2025-01-20 08:00:00,3,0,7.572105573150594e-14
2025-01-20 09:00:00,3,0,1.1460616558562404e-12
2025-01-20 10:00:00,3,0,2.3523780455043874e-09
2025-01-20 11:00:00,3,0,5.163886522765861e-06
2025-01-20 12:00:00,3,0,0.00012031461910821703
2025-01-20 13:00:00,3,0,0.0008427150448437207
2025-01-20 14:00:00,3,0,0.00483389751859228
2025-01-20 15:00:00,3,0,0.00029537285830377193
2025-01-20 16:00:00,3,0,3.561167556009587e-07
2025-01-20 17:00:00,3,0,7.632591897619436e-10
2025-01-20 18:00:00,3,0,6.176551656509229e-13
2025-01-20 19:00:00,3,0,3.750672878288486e-14
2025-01-20 20:00:00,3,0,3.3043430143703186e-14
2025-01-20 21:00:00,3,0,2.7094928831855018e-14
2025-01-20 22:00:00,3,0,2.0035078403989237e-14
2025-01-20 23:00:00,3,0,1.9395055182647908e-14
2025-01-21 00:00:00,3,0,2.1329494083116984e-14
2025-01-21 01:00:00,3,0,2.358024616197757e-14
2025-01-21 02:00:00,3,0,2.9185753320175374e-14
2025-01-21 03:00:00,3,0,3.499680407118949e-14
2025-01-21 04:00:00,3,0,4.1723391768666615e-14
2025-01-21 05:00:00,3,0,5.0651582224709884e-14
2025-01-21 06:00:00,3,0,6.179162444189303e-14
2025-01-21 07:00:00,3,0,7.473184400549083e-14
2025-01-21 08:00:00,3,0,8.844918804367949e-14
2025-01-21 09:00:00,3,0,3.1317419936167225e-13
2025-01-21 10:00:00,3,0,5.526101734973975e-12
2025-01-21 11:00:00,3,0,4.731144638122674e-11
2025-01-21 12:00:00,3,0,1.1930064661579774e-09
2025-01-21 13:00:00,3,0,6.247965297607398e-09
2025-01-21 14:00:00,3,0,1.2898091501998258e-08
2025-01-21 15:00:00,3,0,1.106279938790958e-08
2025-01-21 16:00:00,3,0,8.467191136352157e-11
2025-01-21 17:00:00,3,0,1.989976452920532e-12
2025-01-21 18:00:00,3,0,1.6935175923682473e-13
2025-01-21 19:00:00,3,0,3.957883577047791e-14
2025-01-21 20:00:00,3,0,3.3521069849523636e-14
2025-01-21 21:00:00,3,0,2.546489406466538e-14
2025-01-21 22:00:00,3,0,2.403922771713334e-14
2025-01-21 23:00:00,3,0,2.2326335366541356e-14
2025-01-22 00:00:00,3,0,2.03337903819426e-14
2025-01-22 01:00:00,3,0,1.9710154943294696e-14
2025-01-22 02:00:00,3,0,2.2843601179153775e-14
2025-01-22 03:00:00,3,0,3.277029449049615e-14
2025-01-22 04:00:00,3,0,3.7692930574874134e-14
2025-01-22 05:00:00,3,0,4.15861667189509e-14
2025-01-22 06:00:00,3,0,4.4217494074806925e-14
2025-01-22 07:00:00,3,0,5.09809589198562e-14
2025-01-22 08:00:00,3,0,6.92289129605267e-14
2025-01-22 09:00:00,3,0,7.616719122526583e-13
2025-01-22 10:00:00,3,0,4.856263650438283e-10
2025-01-22 11:00:00,3,0,6.75770019107979e-07
2025-01-22 12:00:00,3,0,5.868587787824892e-05
2025-01-22 13:00:00,3,0,0.00017375761238813166
2025-01-22 14:00:00,3,0,0.00018447141456233104
2025-01-22 15:00:00,3,0,3.6207303930338044e-05
2025-01-22 16:00:00,3,0,6.8931181394516e-07
2025-01-22 17:00:00,3,0,1.8039021880664435e-10
2025-01-22 18:00:00,3,0,4.204957223691202e-13
2025-01-22 19:00:00,3,0,3.289909017696273e-14
2025-01-22 20:00:00,3,0,2.681801984034168e-14
2025-01-22 21:00:00,3,0,2.14136929656939e-14
2025-01-22 22:00:00,3,0,1.7209607753084386e-14
2025-01-22 23:00:00,3,0,1.514094469172291e-14
2025-01-23 00:00:00,3,0,1.6694530747336417e-14
2025-01-23 01:00:00,3,0,1.8902667823178954e-14
2025-01-23 02:00:00,3,0,1.9208858158570974e-14
2025-01-23 03:00:00,3,0,2.0195887575200754e-14
2025-01-23 04:00:00,3,0,2.436714889995539e-14
2025-01-23 05:00:00,3,0,3.373760206456218e-14
2025-01-23 06:00:00,3,0,4.2915852462902636e-14
2025-01-23 07:00:00,3,0,5.379792050838406e-14
2025-01-23 08:00:00,3,0,6.291628741066361e-14
2025-01-23 09:00:00,3,0,9.53068460378621e-13
2025-01-23 10:00:00,3,0,5.423523318610725e-10
2025-01-23 11:00:00,3,0,7.514922856210962e-06
2025-01-23 12:00:00,3,0,0.0006388763197384567
2025-01-23 13:00:00,3,0,0.008903230472951282
2025-01-23 14:00:00,3,0,0.0033482799748852875
2025-01-23 15:00:00,3,0,0.000324931309865617
2025-01-23 16:00:00,3,0,4.7446430208745426e-07
2025-01-23 17:00:00,3,0,2.623514094839367e-10
2025-01-23 18:00:00,3,0,6.344452485328312e-13
2025-01-23 19:00:00,3,0,2.3464751953605943e-14
2025-01-23 20:00:00,3,0,1.9707552664517044e-14
2025-01-23 21:00:00,3,0,1.6506473159612197e-14
2025-01-23 22:00:00,3,0,1.4684014648417064e-14
2025-01-23 23:00:00,3,0,1.4046060750788599e-14
2025-01-24 00:00:00,3,0,1.4206979367834476e-14
2025-01-24 01:00:00,3,0,1.5335163956970273e-14
2025-01-24 02:00:00,3,0,1.6842457718504774e-14
2025-01-24 03:00:00,3,0,2.4894168415771563e-14
2025-01-24 04:00:00,3,0,2.7297003246811645e-14
2025-01-24 05:00:00,3,0,3.8248553789823e-14
2025-01-24 06:00:00,3,0,5.820721858478142e-14
2025-01-24 07:00:00,3,0,6.914600664346511e-14
2025-01-24 08:00:00,3,0,8.739836283161887e-14
2025-01-24 09:00:00,3,0,1.1653189013603012e-12
2025-01-24 10:00:00,3,0,5.100368835785256e-10
2025-01-24 11:00:00,3,0,3.2157036249559658e-09
2025-01-24 12:00:00,3,0,2.7479326883008272e-08
2025-01-24 13:00:00,3,0,7.133530453592633e-06
2025-01-24 14:00:00,3,0,0.00029671602537559397
2025-01-24 15:00:00,3,0,2.4940906546674496e-08
2025-01-24 16:00:00,3,0,1.096286768800676e-09
2025-01-24 17:00:00,3,0,4.019042672843112e-11
2025-01-24 18:00:00,3,0,4.188330607562715e-13
2025-01-24 19:00:00,3,0,3.9674003097367835e-14
2025-01-24 20:00:00,3,0,3.3521069849523636e-14
2025-01-24 21:00:00,3,0,2.917918272328161e-14
2025-01-24 22:00:00,3,0,2.6673272614127507e-14
2025-01-24 23:00:00,3,0,2.5514439785768582e-14
2025-01-25 00:00:00,3,0,2.5670488146425427e-14
2025-01-25 01:00:00,3,0,2.721666899403684e-14
2025-01-25 02:00:00,3,0,3.02511972032328e-14
2025-01-25 03:00:00,3,0,3.499680407118949e-14
2025-01-25 04:00:00,3,0,4.1723391768666615e-14
2025-01-25 05:00:00,3,0,5.0651582224709884e-14
2025-01-25 06:00:00,3,0,6.179162444189303e-14
2025-01-25 07:00:00,3,0,7.473184400549083e-14
2025-01-25 08:00:00,3,0,8.844918804367949e-14
2025-01-25 09:00:00,3,0,8.280506088384316e-13
2025-01-25 10:00:00,3,0,4.25934012341737e-10
2025-01-25 11:00:00,3,0,5.379643292486239e-07
2025-01-25 12:00:00,3,0,0.00021345630326039517
2025-01-25 13:00:00,3,0,0.001194197036998427
2025-01-25 14:00:00,3,0,0.00027934388622250184
2025-01-25 15:00:00,3,0,5.64082880840008e-06
2025-01-25 16:00:00,3,0,1.7696302928105503e-08
2025-01-25 17:00:00,3,0,7.222720411655825e-11
2025-01-25 18:00:00,3,0,4.009241944468865e-13
2025-01-25 19:00:00,3,0,2.7137560268013576e-14
2025-01-25 20:00:00,3,0,1.851598203610391e-14
2025-01-25 21:00:00,3,0,1.6170899745595978e-14
2025-01-25 22:00:00,3,0,1.805218086147231e-14
2025-01-25 23:00:00,3,0,1.737137707103875e-14
2025-01-26 00:00:00,3,0,1.793566711410475e-14
2025-01-26 01:00:00,3,0,1.6573987946117235e-14
2025-01-26 02:00:00,3,0,1.6642360017269393e-14
2025-01-26 03:00:00,3,0,2.4745848332386538e-14
2025-01-26 04:00:00,3,0,2.932636866870684e-14
2025-01-26 05:00:00,3,0,3.6029833348847776e-14
2025-01-26 06:00:00,3,0,4.018553010324063e-14
2025-01-26 07:00:00,3,0,4.111289362660031e-14
2025-01-26 08:00:00,3,0,4.8659338034423527e-14
2025-01-26 09:00:00,3,0,1.506742980445777e-12
2025-01-26 10:00:00,3,0,6.032110663773923e-09
2025-01-26 11:00:00,3,0,2.670747864103276e-05
2025-01-26 12:00:00,3,0,0.008234370989875155
2025-01-26 13:00:00,3,0,0.09695607359762694
2025-01-26 14:00:00,3,0,0.04077937057967311
2025-01-26 15:00:00,3,0,0.0009613053218915783
2025-01-26 16:00:00,3,0,1.3207829815322424e-06
2025-01-26 17:00:00,3,0,3.888781402811177e-09
2025-01-26 18:00:00,3,0,1.2121364931481432e-12
2025-01-26 19:00:00,3,0,2.230716226082619e-14
2025-01-26 20:00:00,3,0,1.8787618646136316e-14
2025-01-26 21:00:00,3,0,1.631037890257191e-14
2025-01-26 22:00:00,3,0,1.4860555669324623e-14
2025-01-26 23:00:00,3,0,1.5363187879477825e-14
2025-01-27 00:00:00,3,0,1.659506431201852e-14
2025-01-27 01:00:00,3,0,1.8020253254869665e-14
2025-01-27 02:00:00,3,0,1.6943406964603136e-14
2025-01-27 03:00:00,3,0,1.9837051225704447e-14
2025-01-27 04:00:00,3,0,2.3508940559684144e-14
2025-01-27 05:00:00,3,0,5.0651582224709884e-14
2025-01-27 06:00:00,3,0,6.069372365087248e-14
2025-01-27 07:00:00,3,0,5.4771081750247954e-14
2025-01-27 08:00:00,3,0,7.572105573150594e-14
2025-01-27 09:00:00,3,0,2.1989522593021813e-12
2025-01-27 10:00:00,3,0,4.105581106477919e-09
2025-01-27 11:00:00,3,0,4.755868454146376e-06
2025-01-27 12:00:00,3,0,0.0006085035384160303
2025-01-27 13:00:00,3,0,0.018673584489303265
2025-01-27 14:00:00,3,0,0.02103655617521364
2025-01-27 15:00:00,3,0,0.00044832855700249996
2025-01-27 16:00:00,3,0,1.2638386925782508e-06
2025-01-27 17:00:00,3,0,7.306681991213033e-10
2025-01-27 18:00:00,3,0,1.122451666190278e-12
2025-01-27 19:00:00,3,0,3.991028984276984e-14
2025-01-27 20:00:00,3,0,3.3410708843187053e-14
2025-01-27 21:00:00,3,0,2.917918272328161e-14
2025-01-27 22:00:00,3,0,2.6609290564021223e-14
2025-01-27 23:00:00,3,0,2.5514439785768582e-14
2025-01-28 00:00:00,3,0,2.5670488146425427e-14
2025-01-28 01:00:00,3,0,2.721666899403684e-14
2025-01-28 02:00:00,3,0,3.02511972032328e-14
2025-01-28 03:00:00,3,0,2.401739850533804e-14
2025-01-28 04:00:00,3,0,2.7297003246811645e-14
2025-01-28 05:00:00,3,0,2.92299164813856e-14
2025-01-28 06:00:00,3,0,3.785444962471e-14
2025-01-28 07:00:00,3,0,4.312610707972743e-14
2025-01-28 08:00:00,3,0,5.043567710964488e-14
2025-01-28 09:00:00,3,0,2.1498426192271137e-12
2025-01-28 10:00:00,3,0,9.898779679160224e-09
2025-01-28 11:00:00,3,0,2.6158108290636206e-05
2025-01-28 12:00:00,3,0,0.011812181067953962
2025-01-28 13:00:00,3,1,0.16029478219531412
2025-01-28 14:00:00,3,1,0.14473695392734018
2025-01-28 15:00:00,3,0,0.008656001878408533
2025-01-28 16:00:00,3,0,1.593042982730924e-05
2025-01-28 17:00:00,3,0,5.687207064296811e-09
2025-01-28 18:00:00,3,0,1.5781197145660778e-12
2025-01-28 19:00:00,3,0,2.2382299392485473e-14
2025-01-28 20:00:00,3,0,1.851598203610391e-14
2025-01-28 21:00:00,3,0,1.6170899745595978e-14
2025-01-28 22:00:00,3,0,1.4821768353092835e-14
2025-01-28 23:00:00,3,0,1.4093372044963473e-14
2025-01-29 00:00:00,3,0,1.4122333826384987e-14
2025-01-29 01:00:00,3,0,1.4972948039927792e-14
2025-01-29 02:00:00,3,0,1.6642360017269393e-14
2025-01-29 03:00:00,3,0,1.925310290676147e-14
2025-01-29 04:00:00,3,0,2.295366038873738e-14
2025-01-29 05:00:00,3,0,2.7865405166109235e-14
2025-01-29 06:00:00,3,0,3.399397561376531e-14
2025-01-29 07:00:00,3,0,4.111289362660031e-14
2025-01-29 08:00:00,3,0,4.8659338034423527e-14
2025-01-29 09:00:00,3,0,2.137714095221288e-12
2025-01-29 10:00:00,3,0,6.1599243351845675e-09
2025-01-29 11:00:00,3,0,2.296808308786685e-05
2025-01-29 12:00:00,3,0,0.014323373041206292
2025-01-29 13:00:00,3,1,0.17435919307720105
2025-01-29 14:00:00,3,1,0.15100286779000535
2025-01-29 15:00:00,3,0,0.008071902374977718
2025-01-29 16:00:00,3,0,1.9752145398733797e-05
2025-01-29 17:00:00,3,0,1.07494546116264e-08
2025-01-29 18:00:00,3,0,1.7895271136138941e-12
2025-01-29 19:00:00,3,0,3.550531710707986e-14
2025-01-29 20:00:00,3,0,2.429192289415493e-14
2025-01-29 21:00:00,3,0,2.1728503063229408e-14
2025-01-29 22:00:00,3,0,1.558820141037035e-14
2025-01-29 23:00:00,3,0,1.413024403662048e-14
2025-01-30 00:00:00,3,0,1.6397905781108873e-14
2025-01-30 01:00:00,3,0,2.721666899403684e-14
2025-01-30 02:00:00,3,0,2.971370019390946e-14
2025-01-30 03:00:00,3,0,3.29667109861481e-14
2025-01-30 04:00:00,3,0,3.9775659888682835e-14
2025-01-30 05:00:00,3,0,3.140298219324685e-14
2025-01-30 06:00:00,3,0,3.565859036096542e-14
2025-01-30 07:00:00,3,0,4.7453110096302017e-14
2025-01-30 08:00:00,3,0,5.2276862535795326e-14
2025-01-30 09:00:00,3,0,1.659347635538151e-12
2025-01-30 10:00:00,3,0,7.888185266545883e-10
2025-01-30 11:00:00,3,0,7.943121561542777e-07
2025-01-30 12:00:00,3,0,0.0017899165935991513
2025-01-30 13:00:00,3,0,0.0721180572787309
2025-01-30 14:00:00,3,0,0.053300065381067435
2025-01-30 15:00:00,3,0,0.019134928578175166
2025-01-30 16:00:00,3,0,2.440801102308251e-05
2025-01-30 17:00:00,3,0,1.1861407013029164e-08
2025-01-30 18:00:00,3,0,2.0793470246685755e-12
2025-01-30 19:00:00,3,0,2.38624072510746e-14
2025-01-30 20:00:00,3,0,1.9242088865546602e-14
2025-01-30 21:00:00,3,0,1.6805043844494717e-14
2025-01-30 22:00:00,3,0,1.549533210029092e-14
2025-01-30 23:00:00,3,0,1.4961092118733436e-14
2025-01-31 00:00:00,3,0,1.5263181487092012e-14
2025-01-31 01:00:00,3,0,1.6279504759427115e-14
2025-01-31 02:00:00,3,0,1.7667198072968196e-14
2025-01-31 03:00:00,3,0,1.9955949274879852e-14
2025-01-31 04:00:00,3,0,2.3229641359823088e-14
2025-01-31 05:00:00,3,0,2.888264892738726e-14
2025-01-31 06:00:00,3,0,3.502501590945059e-14
2025-01-31 07:00:00,3,0,4.111289362660031e-14
2025-01-31 08:00:00,3,0,4.9169310724785386e-14
2025-01-31 09:00:00,3,0,2.7614036748127935e-12
2025-01-31 10:00:00,3,0,8.049915771952036e-09
2025-01-31 11:00:00,3,0,2.505854042533316e-05
2025-01-31 12:00:00,3,0,0.026644061127534403
2025-01-31 13:00:00,3,1,0.234222123653762
2025-01-31 14:00:00,3,1,0.2207969708382839
2025-01-31 15:00:00,3,0,0.02489365293121683
2025-01-31 16:00:00,3,0,3.660375976170816e-05
2025-01-31 17:00:00,3,0,1.249793170997916e-08
2025-01-31 18:00:00,3,0,2.1583139628535335e-12
2025-01-31 19:00:00,3,0,2.6622451055375017e-14
2025-01-31 20:00:00,3,0,2.3020026244503062e-14
2025-01-31 21:00:00,3,0,1.7839835660088252e-14
2025-01-31 22:00:00,3,0,1.820828855210466e-14
2025-01-31 23:00:00,3,0,1.860052404078194e-14
2025-02-01 00:00:00,3,0,2.051884919002177e-14
2025-02-01 01:00:00,3,0,2.0863487595824113e-14
2025-02-01 02:00:00,3,0,2.389301115689165e-14
2025-02-01 03:00:00,3,0,2.4091583416641248e-14
2025-02-01 04:00:00,3,0,2.8043709414680532e-14
2025-02-01 05:00:00,3,0,3.3640180366807795e-14
2025-02-01 06:00:00,3,0,3.959344151247755e-14
2025-02-01 07:00:00,3,0,4.7884983142552964e-14
2025-02-01 08:00:00,3,0,5.921196299836864e-14
2025-02-01 09:00:00,3,0,3.2666607175285547e-12
2025-02-01 10:00:00,3,0,1.0652630861731431e-08
2025-02-01 11:00:00,3,0,4.469056302922465e-05
2025-02-01 12:00:00,3,0,0.01660140135535335
2025-02-01 13:00:00,3,1,0.36783305139980504
2025-02-01 14:00:00,3,1,0.2510107090289286
2025-02-01 15:00:00,3,0,0.0007748958505867599
2025-02-01 16:00:00,3,0,3.808890320339203e-06
2025-02-01 17:00:00,3,0,2.766658910690314e-09
2025-02-01 18:00:00,3,0,2.5392496826207786e-12
2025-02-01 19:00:00,3,0,4.915879366018466e-14
2025-02-01 20:00:00,3,0,3.8914099412881804e-14
2025-02-01 21:00:00,3,0,3.3985559019708327e-14
2025-02-01 22:00:00,3,0,3.0964595904381823e-14
2025-02-01 23:00:00,3,0,2.961932452467642e-14
2025-02-02 00:00:00,3,0,2.989891451856772e-14
2025-02-02 01:00:00,3,0,3.169978128546702e-14
2025-02-02 02:00:00,3,0,3.523415503844787e-14
2025-02-02 03:00:00,3,0,4.076145523135525e-14
2025-02-02 04:00:00,3,0,4.859604214771358e-14
2025-02-02 05:00:00,3,0,5.89948784194694e-14
2025-02-02 06:00:00,3,0,7.196990125833856e-14
2025-02-02 07:00:00,3,0,8.704162550357373e-14
2025-02-02 08:00:00,3,0,1.0339860985070182e-13
2025-02-02 09:00:00,3,0,1.0759094450317169e-12
2025-02-02 10:00:00,3,0,4.6113581959619055e-10
2025-02-02 11:00:00,3,0,1.9185240154076047e-09
2025-02-02 12:00:00,3,0,9.782602914975237e-08
2025-02-02 13:00:00,3,0,7.774908254177187e-07
2025-02-02 14:00:00,3,0,7.045862738583336e-06
2025-02-02 15:00:00,3,0,0.005735821801516526
2025-02-02 16:00:00,3,0,4.6599587124667256e-05
2025-02-02 17:00:00,3,0,2.2894213265258457e-08
2025-02-02 18:00:00,3,0,5.073065907230894e-12
2025-02-02 19:00:00,3,0,2.966430445892683e-14
2025-02-02 20:00:00,3,0,2.289372307384962e-14
2025-02-02 21:00:00,3,0,2.011401163935174e-14
2025-02-02 22:00:00,3,0,1.8108397529329832e-14
2025-02-02 23:00:00,3,0,1.7740632738128215e-14
2025-02-03 00:00:00,3,0,1.7777322969508724e-14
2025-02-03 01:00:00,3,0,1.953614482120134e-14
2025-02-03 02:00:00,3,0,2.0700662698797662e-14
2025-02-03 03:00:00,3,0,2.780686201869412e-14
2025-02-03 04:00:00,3,0,2.994908099161531e-14
2025-02-03 05:00:00,3,0,3.507722685245032e-14
2025-02-03 06:00:00,3,0,4.408981033086557e-14
2025-02-03 07:00:00,3,0,5.144493908859184e-14
2025-02-03 08:00:00,3,0,6.137309087003022e-14
2025-02-03 09:00:00,3,0,2.858114840544247e-12
2025-02-03 10:00:00,3,0,1.7927348707060545e-08
2025-02-03 11:00:00,3,0,0.00020432154512819365
2025-02-03 12:00:00,3,0,0.047043955490062524
2025-02-03 13:00:00,3,1,0.18310967984328191
2025-02-03 14:00:00,3,1,0.1495263950958563
2025-02-03 15:00:00,3,0,0.02841815862018946
2025-02-03 16:00:00,3,0,0.00011356660228042555
2025-02-03 17:00:00,3,0,3.187678714117796e-08
2025-02-03 18:00:00,3,0,5.1935422028512865e-12
2025-02-03 19:00:00,3,0,4.09909907829179e-14
2025-02-03 20:00:00,3,0,2.8462845027532203e-14
2025-02-03 21:00:00,3,0,2.245684300986108e-14
2025-02-03 22:00:00,3,0,2.108119869078507e-14
2025-02-03 23:00:00,3,0,2.0286174402406293e-14
2025-02-04 00:00:00,3,0,1.909895832273735e-14
2025-02-04 01:00:00,3,0,1.9189030644378502e-14
2025-02-04 02:00:00,3,0,2.3750655993709565e-14
2025-02-04 03:00:00,3,0,3.771473716100868e-14
2025-02-04 04:00:00,3,0,4.632748111947958e-14
2025-02-04 05:00:00,3,0,5.590579421589659e-14
2025-02-04 06:00:00,3,0,6.579937352772735e-14
2025-02-04 07:00:00,3,0,7.189159906303895e-14
2025-02-04 08:00:00,3,0,8.480660751683874e-14
2025-02-04 09:00:00,3,0,1.979515803975982e-12
2025-02-04 10:00:00,3,0,2.2066649974746323e-09
2025-02-04 11:00:00,3,0,1.938240883163295e-06
2025-02-04 12:00:00,3,0,0.0013161958698359544
2025-02-04 13:00:00,3,0,0.026604733970214893
2025-02-04 14:00:00,3,0,0.09443974854909995
2025-02-04 15:00:00,3,0,0.009917890011249405
2025-02-04 16:00:00,3,0,1.233289783417528e-05
2025-02-04 17:00:00,3,0,2.6931293580583646e-09
2025-02-04 18:00:00,3,0,2.5298776562083096e-12
2025-02-04 19:00:00,3,0,3.553735844968266e-14
2025-02-04 20:00:00,3,0,2.4367175406501598e-14
2025-02-04 21:00:00,3,0,2.1926444962057164e-14
2025-02-04 22:00:00,3,0,1.757542476144388e-14
2025-02-04 23:00:00,3,0,1.6414823265034468e-14
2025-02-05 00:00:00,3,0,1.644855561254917e-14
2025-02-05 01:00:00,3,0,2.024932380856304e-14
2025-02-05 02:00:00,3,0,2.1584956845184897e-14
2025-02-05 03:00:00,3,0,2.3805362097795724e-14
2025-02-05 04:00:00,3,0,2.705601301201005e-14
2025-02-05 05:00:00,3,0,3.324051644168218e-14
2025-02-05 06:00:00,3,0,4.909680241862999e-14
2025-02-05 07:00:00,3,0,5.494025860096786e-14
2025-02-05 08:00:00,3,0,6.065539543166121e-14
2025-02-05 09:00:00,3,0,7.701125495777379e-12
2025-02-05 10:00:00,3,0,4.556233745123134e-08
2025-02-05 11:00:00,3,0,0.00029733282712627706
2025-02-05 12:00:00,3,0,0.14703999767933013
2025-02-05 13:00:00,3,1,0.880650079231652
2025-02-05 14:00:00,3,1,0.8372831779494747
2025-02-05 15:00:00,3,0,0.11845378669922778
2025-02-05 16:00:00,3,0,0.00035017965719868284
2025-02-05 17:00:00,3,0,8.348483942250645e-08
2025-02-05 18:00:00,3,0,6.0152556639642e-12
2025-02-05 19:00:00,3,0,3.026013832824838e-14
2025-02-05 20:00:00,3,0,2.1565922742372782e-14
2025-02-05 21:00:00,3,0,1.883455999839368e-14
2025-02-05 22:00:00,3,0,1.7786705150578747e-14
2025-02-05 23:00:00,3,0,1.6359718884773813e-14
2025-02-06 00:00:00,3,0,1.8872052147864182e-14
2025-02-06 01:00:00,3,0,2.3653080797654003e-14
2025-02-06 02:00:00,3,0,2.0454727391177596e-14
2025-02-06 03:00:00,3,0,2.2424461690908958e-14
2025-02-06 04:00:00,3,0,2.6734572632061845e-14
2025-02-06 05:00:00,3,0,3.2455376864454727e-14
2025-02-06 06:00:00,3,0,4.006948917773795e-14
2025-02-06 07:00:00,3,0,5.797599196930264e-14
2025-02-06 08:00:00,3,0,7.706022900688875e-14
2025-02-06 09:00:00,3,0,3.7701557353763125e-12
2025-02-06 10:00:00,3,0,1.0001125233208716e-08
2025-02-06 11:00:00,3,0,3.065318740565121e-05
2025-02-06 12:00:00,3,0,0.009400902398253959
2025-02-06 13:00:00,3,1,0.4289906097336037
2025-02-06 14:00:00,3,1,0.7875732689361442
2025-02-06 15:00:00,3,0,0.03712533784916696
2025-02-06 16:00:00,3,0,0.0001285752464435133
2025-02-06 17:00:00,3,0,1.7637713787292435e-08
2025-02-06 18:00:00,3,0,5.978291935366065e-12
2025-02-06 19:00:00,3,0,3.1389431435866616e-14
2025-02-06 20:00:00,3,0,2.149352617810401e-14
2025-02-06 21:00:00,3,0,1.877133258866552e-14
2025-02-06 22:00:00,3,0,1.716036328985767e-14
2025-02-06 23:00:00,3,0,1.6414823265034468e-14
2025-02-07 00:00:00,3,0,1.644855561254917e-14
2025-02-07 01:00:00,3,0,1.7439282454747397e-14
2025-02-07 02:00:00,3,0,1.9383678904168242e-14
2025-02-07 03:00:00,3,0,2.2424461690908958e-14
2025-02-07 04:00:00,3,0,2.705601301201005e-14
2025-02-07 05:00:00,3,0,3.2455376864454727e-14
2025-02-07 06:00:00,3,0,3.959344151247755e-14
2025-02-07 07:00:00,3,0,4.7884983142552964e-14
2025-02-07 08:00:00,3,0,5.997168654808642e-14
2025-02-07 09:00:00,3,0,7.79425422581145e-12
2025-02-07 10:00:00,3,0,4.014483546982647e-08
2025-02-07 11:00:00,3,0,9.541765737955323e-05
2025-02-07 12:00:00,3,0,0.06367059399138512
2025-02-07 13:00:00,3,1,0.6023958537442328
2025-02-07 14:00:00,3,0,0.4652690350573849
2025-02-07 15:00:00,3,0,0.09573986330742587
2025-02-07 16:00:00,3,0,4.768871685418335e-05
2025-02-07 17:00:00,3,0,1.8151115326691183e-08
2025-02-07 18:00:00,3,0,8.76813854672865e-12
2025-02-07 19:00:00,3,0,4.214279580731351e-14
2025-02-07 20:00:00,3,0,2.4158500105454333e-14
2025-02-07 21:00:00,3,0,2.702697384237988e-14
2025-02-07 22:00:00,3,0,2.7420828919081997e-14
2025-02-07 23:00:00,3,0,2.4856171287040428e-14
2025-02-08 00:00:00,3,0,2.1015227976363698e-14
2025-02-08 01:00:00,3,0,2.6182277196411395e-14
2025-02-08 02:00:00,3,0,2.0091292029415866e-14
2025-02-08 03:00:00,3,0,2.8309865854506578e-14
2025-02-08 04:00:00,3,0,3.895611758797686e-14
2025-02-08 05:00:00,3,0,3.882799389174491e-14
2025-02-08 06:00:00,3,0,5.3381046038185e-14
2025-02-08 07:00:00,3,0,5.364257204166298e-14
2025-02-08 08:00:00,3,0,7.142437921777891e-14
2025-02-08 09:00:00,3,0,9.010349495799696e-12
2025-02-08 10:00:00,3,0,3.33954351329591e-08
2025-02-08 11:00:00,3,0,8.785087420849187e-05
2025-02-08 12:00:00,3,0,0.02837815554818984
2025-02-08 13:00:00,3,0,0.21854621935585702
2025-02-08 14:00:00,3,0,0.1430131347401098
2025-02-08 15:00:00,3,0,0.0035381066806748017
2025-02-08 16:00:00,3,0,3.018291838446204e-06
2025-02-08 17:00:00,3,0,7.165110966596783e-09
2025-02-08 18:00:00,3,0,8.524911336757208e-12
2025-02-08 19:00:00,3,0,3.5099591279850736e-14
2025-02-08 20:00:00,3,0,2.221990691015423e-14
2025-02-08 21:00:00,3,0,1.96389988653307e-14
2025-02-08 22:00:00,3,0,1.8216916090158998e-14
2025-02-08 23:00:00,3,0,1.7529899622766006e-14
2025-02-09 00:00:00,3,0,1.7049020256043778e-14
2025-02-09 01:00:00,3,0,1.7968217438492023e-14
2025-02-09 02:00:00,3,0,1.9499859559313283e-14
2025-02-09 03:00:00,3,0,2.5882645457495265e-14
2025-02-09 04:00:00,3,0,2.941695192059597e-14
2025-02-09 05:00:00,3,0,3.2455376864454727e-14
2025-02-09 06:00:00,3,0,3.959344151247755e-14
2025-02-09 07:00:00,3,0,4.7884983142552964e-14
2025-02-09 08:00:00,3,0,6.041268544956255e-14
2025-02-09 09:00:00,3,0,9.934691877800856e-12
2025-02-09 10:00:00,3,0,7.016285686617228e-08
2025-02-09 11:00:00,3,0,0.0006176590246208838
2025-02-09 12:00:00,3,0,0.07133829940195162
2025-02-09 13:00:00,3,1,0.48524281547674636
2025-02-09 14:00:00,3,0,0.33045489183349286
2025-02-09 15:00:00,3,0,0.01025411019407214
2025-02-09 16:00:00,3,0,4.949732488497941e-05
2025-02-09 17:00:00,3,0,9.216918225605994e-09
2025-02-09 18:00:00,3,0,5.594951554090719e-12
2025-02-09 19:00:00,3,0,3.372423768997122e-14
2025-02-09 20:00:00,3,0,2.2621778681741115e-14
2025-02-09 21:00:00,3,0,2.2131767814263826e-14
2025-02-09 22:00:00,3,0,1.815587996645791e-14
2025-02-09 23:00:00,3,0,1.7529899622766006e-14
2025-02-10 00:00:00,3,0,1.9560988023567042e-14
2025-02-10 01:00:00,3,0,2.2414560434270237e-14
2025-02-10 02:00:00,3,0,2.3189666514545213e-14
2025-02-10 03:00:00,3,0,2.6193842778822347e-14
2025-02-10 04:00:00,3,0,3.1603922574679906e-14
2025-02-10 05:00:00,3,0,3.5287470491778894e-14
2025-02-10 06:00:00,3,0,3.959344151247755e-14
2025-02-10 07:00:00,3,0,4.9633053915983093e-14
2025-02-10 08:00:00,3,0,7.27298820583451e-14
2025-02-10 09:00:00,3,0,8.687663555405641e-12
2025-02-10 10:00:00,3,0,5.228412455641396e-08
2025-02-10 11:00:00,3,0,0.00010131963612458408
2025-02-10 12:00:00,3,0,0.004800119684466841
2025-02-10 13:00:00,3,0,0.18339648528883773
2025-02-10 14:00:00,3,0,0.05135194655734199
2025-02-10 15:00:00,3,0,0.031209549876198214
2025-02-10 16:00:00,3,0,5.773917484100759e-05
2025-02-10 17:00:00,3,0,1.949509332511155e-08
2025-02-10 18:00:00,3,0,7.002332996788114e-12
2025-02-10 19:00:00,3,0,3.562702344074805e-14
2025-02-10 20:00:00,3,0,2.16951612846107e-14
2025-02-10 21:00:00,3,0,1.957315990725703e-14
2025-02-10 22:00:00,3,0,1.899497490012883e-14
2025-02-10 23:00:00,3,0,2.0112252079687022e-14
2025-02-11 00:00:00,3,0,1.674609679361177e-14
2025-02-11 01:00:00,3,0,1.953614482120134e-14
2025-02-11 02:00:00,3,0,2.6133647807471438e-14
2025-02-11 03:00:00,3,0,3.059682809687346e-14
2025-02-11 04:00:00,3,0,3.122845051692516e-14
2025-02-11 05:00:00,3,0,3.424870425384503e-14
2025-02-11 06:00:00,3,0,3.959344151247755e-14
2025-02-11 07:00:00,3,0,5.0229811826734395e-14
2025-02-11 08:00:00,3,0,6.786143736192978e-14
2025-02-11 09:00:00,3,0,1.1884970919935208e-11
2025-02-11 10:00:00,3,0,3.965693722590316e-08
2025-02-11 11:00:00,3,0,0.00030881435883803543
2025-02-11 12:00:00,3,0,0.008690665744566463
2025-02-11 13:00:00,3,0,0.2098981817252893
2025-02-11 14:00:00,3,1,0.5507411948943025
2025-02-11 15:00:00,3,0,0.029824068140155348
2025-02-11 16:00:00,3,0,7.384443314163198e-05
2025-02-11 17:00:00,3,0,1.8762085723012974e-08
2025-02-11 18:00:00,3,0,1.043498694366041e-11
2025-02-11 19:00:00,3,0,3.905229998351543e-14
2025-02-11 20:00:00,3,0,2.2953768121803992e-14
2025-02-11 21:00:00,3,0,2.0778401968197453e-14
2025-02-11 22:00:00,3,0,2.028532369553471e-14
2025-02-11 23:00:00,3,0,1.872072430038475e-14
2025-02-12 00:00:00,3,0,2.051884919002177e-14
2025-02-12 01:00:00,3,0,2.2820021858464962e-14
2025-02-12 02:00:00,3,0,2.7250029061354422e-14
2025-02-12 03:00:00,3,0,3.2675666018707606e-14
2025-02-12 04:00:00,3,0,2.8550997629960305e-14
2025-02-12 05:00:00,3,0,4.000565039058629e-14
2025-02-12 06:00:00,3,0,5.370099793852884e-14
2025-02-12 07:00:00,3,0,5.332296824428646e-14
2025-02-12 08:00:00,3,0,8.059098884666986e-14
2025-02-12 09:00:00,3,0,1.3481578931186688e-11
2025-02-12 10:00:00,3,0,1.756364552697897e-08
2025-02-12 11:00:00,3,0,0.0002866955309555159
2025-02-12 12:00:00,3,0,0.20757973922449374
2025-02-12 13:00:00,3,1,0.8796346998857604
2025-02-12 14:00:00,3,1,0.915260238986877
2025-02-12 15:00:00,3,1,0.19924702846991874
2025-02-12 16:00:00,3,0,0.0014417598828507607
2025-02-12 17:00:00,3,0,2.677129377671921e-07
2025-02-12 18:00:00,3,0,2.2648299336246212e-11
2025-02-12 19:00:00,3,0,3.7563721312137195e-14
2025-02-12 20:00:00,3,0,2.1882303160896426e-14
2025-02-12 21:00:00,3,0,1.9110870270213977e-14
2025-02-12 22:00:00,3,0,1.9740083350227282e-14
2025-02-12 23:00:00,3,0,1.9404018301466853e-14
2025-02-13 00:00:00,3,0,1.8647841743688258e-14
2025-02-13 01:00:00,3,0,1.9771035645920092e-14
2025-02-13 02:00:00,3,0,2.3468485080972124e-14
2025-02-13 03:00:00,3,0,2.5271298478344912e-14
2025-02-13 04:00:00,3,0,2.787662428657567e-14
2025-02-13 05:00:00,3,0,3.324051644168218e-14
2025-02-13 06:00:00,3,0,4.12848003387261e-14
2025-02-13 07:00:00,3,0,4.993054134080648e-14
2025-02-13 08:00:00,3,0,7.178031967871475e-14
2025-02-13 09:00:00,3,0,1.3891100239874288e-11
2025-02-13 10:00:00,3,0,3.4009120264973746e-08
2025-02-13 11:00:00,3,0,0.00022737951510425788
2025-02-13 12:00:00,3,0,0.08924448096823842
2025-02-13 13:00:00,3,1,0.5653050965003908
2025-02-13 14:00:00,3,1,0.580727750114789
2025-02-13 15:00:00,3,0,0.12226550056574124
2025-02-13 16:00:00,3,0,0.00025116470086763146
2025-02-13 17:00:00,3,0,3.159076303175238e-08
2025-02-13 18:00:00,3,0,1.7649664178160886e-11
2025-02-13 19:00:00,3,0,4.003154958857929e-14
2025-02-13 20:00:00,3,0,2.2953768121803992e-14
2025-02-13 21:00:00,3,0,1.877133258866552e-14
2025-02-13 22:00:00,3,0,1.7412112449145703e-14
2025-02-13 23:00:00,3,0,1.6457768787550205e-14
2025-02-14 00:00:00,3,0,1.7461459175236575e-14
2025-02-14 01:00:00,3,0,3.151091318893046e-14
2025-02-14 02:00:00,3,0,3.523415503844787e-14
2025-02-14 03:00:00,3,0,2.2424461690908958e-14
2025-02-14 04:00:00,3,0,2.6734572632061845e-14
2025-02-14 05:00:00,3,0,5.794666963279469e-14
2025-02-14 06:00:00,3,0,7.196990125833856e-14
2025-02-14 07:00:00,3,0,8.704162550357373e-14
2025-02-14 08:00:00,3,0,1.1916390173399006e-13
2025-02-14 09:00:00,3,0,2.1117366182145677e-11
2025-02-14 10:00:00,3,0,1.229231224433143e-07
2025-02-14 11:00:00,3,0,0.0001045380636823539
2025-02-14 12:00:00,3,0,0.07554356014300716
2025-02-14 13:00:00,3,1,0.23515823294885882
2025-02-14 14:00:00,3,1,0.2542458349953492
2025-02-14 15:00:00,3,0,0.0021028917400380985
2025-02-14 16:00:00,3,0,0.00013292217314774332
2025-02-14 17:00:00,3,0,5.4136829227992224e-08
2025-02-14 18:00:00,3,0,1.3905860128444563e-11
2025-02-14 19:00:00,3,0,6.976145701136374e-14
2025-02-14 20:00:00,3,0,3.8914099412881804e-14
2025-02-14 21:00:00,3,0,3.409781884969069e-14
2025-02-14 22:00:00,3,0,3.0964595904381823e-14
2025-02-14 23:00:00,3,0,2.961932452467642e-14
2025-02-15 00:00:00,3,0,2.989891451856772e-14
2025-02-15 01:00:00,3,0,3.169978128546702e-14
2025-02-15 02:00:00,3,0,3.523415503844787e-14
2025-02-15 03:00:00,3,0,4.076145523135525e-14
2025-02-15 04:00:00,3,0,4.859604214771358e-14
2025-02-15 05:00:00,3,0,5.89948784194694e-14
2025-02-15 06:00:00,3,0,6.619375760529997e-14
2025-02-15 07:00:00,3,0,8.704162550357373e-14
2025-02-15 08:00:00,3,0,9.339690228470617e-14
2025-02-15 09:00:00,3,0,2.31096116355823e-11
2025-02-15 10:00:00,3,0,7.302427900496364e-08
2025-02-15 11:00:00,3,0,0.0004155621044922397
2025-02-15 12:00:00,3,1,0.2158516186739036
2025-02-15 13:00:00,3,1,0.9206638073039002
2025-02-15 14:00:00,3,1,0.9226094666889919
2025-02-15 15:00:00,3,0,0.22908421297204132
2025-02-15 16:00:00,3,0,0.0003831553216190857
2025-02-15 17:00:00,3,0,4.108270640089977e-07
2025-02-15 18:00:00,3,0,3.364932585593897e-11
2025-02-15 19:00:00,3,0,4.868829730316508e-14
2025-02-15 20:00:00,3,0,2.3030918752041008e-14
2025-02-15 21:00:00,3,0,1.883455999839368e-14
2025-02-15 22:00:00,3,0,1.716036328985767e-14
2025-02-15 23:00:00,3,0,1.6912600923820708e-14
2025-02-16 00:00:00,3,0,1.7461459175236575e-14
2025-02-16 01:00:00,3,0,2.17547373216254e-14
2025-02-16 02:00:00,3,0,2.461768830462841e-14
2025-02-16 03:00:00,3,0,2.4971061492908145e-14
2025-02-16 04:00:00,3,0,4.859604214771358e-14
2025-02-16 05:00:00,3,0,5.89948784194694e-14
2025-02-16 06:00:00,3,0,7.196990125833856e-14
2025-02-16 07:00:00,3,0,8.704162550357373e-14
2025-02-16 08:00:00,3,0,1.449696545055822e-13
2025-02-16 09:00:00,3,0,4.0377787469060336e-11
2025-02-16 10:00:00,3,0,5.6578378043066795e-08
2025-02-16 11:00:00,3,0,0.00013228577576463406
2025-02-16 12:00:00,3,0,0.00021767578418358508
2025-02-16 13:00:00,3,0,0.029992433210375397
2025-02-16 14:00:00,3,0,0.009940305538797581
2025-02-16 15:00:00,3,0,0.00014318221055482732
2025-02-16 16:00:00,3,0,5.170187924556342e-06
2025-02-16 17:00:00,3,0,2.3813897353840194e-09
2025-02-16 18:00:00,3,0,2.686802071635949e-12
2025-02-16 19:00:00,3,0,5.08257254506761e-14
2025-02-16 20:00:00,3,0,2.3791658079314287e-14
2025-02-16 21:00:00,3,0,1.877133258866552e-14
2025-02-16 22:00:00,3,0,1.7102756139974454e-14
2025-02-16 23:00:00,3,0,1.6359718884773813e-14
2025-02-17 00:00:00,3,0,1.6846468477760216e-14
2025-02-17 01:00:00,3,0,1.7439282454747397e-14
2025-02-17 02:00:00,3,0,1.9383678904168242e-14
2025-02-17 03:00:00,3,0,2.2424461690908958e-14
2025-02-17 04:00:00,3,0,2.6734572632061845e-14
2025-02-17 05:00:00,3,0,5.89948784194694e-14
2025-02-17 06:00:00,3,0,5.306300041933429e-14
2025-02-17 07:00:00,3,0,8.704162550357373e-14
2025-02-17 08:00:00,3,0,9.814893098580139e-14
2025-02-17 09:00:00,3,0,2.1582583064910026e-11
2025-02-17 10:00:00,3,0,7.404640471411403e-08
2025-02-17 11:00:00,3,0,0.0002178174606944027
2025-02-17 12:00:00,3,0,0.0009794368019381402
2025-02-17 13:00:00,3,0,0.02624374410188783
2025-02-17 14:00:00,3,0,0.003585849122107368
2025-02-17 15:00:00,3,0,4.993630660076438e-05
2025-02-17 16:00:00,3,0,1.1528401015536524e-06
2025-02-17 17:00:00,3,0,2.771242354099496e-09
2025-02-17 18:00:00,3,0,8.580009283438828e-12
2025-02-17 19:00:00,3,0,5.982608504329811e-14
2025-02-17 20:00:00,3,0,3.364663730561079e-14
2025-02-17 21:00:00,3,0,3.193740400626017e-14
2025-02-17 22:00:00,3,0,2.292065270576838e-14
2025-02-17 23:00:00,3,0,2.369590354995024e-14
2025-02-18 00:00:00,3,0,2.989891451856772e-14
2025-02-18 01:00:00,3,0,3.169978128546702e-14
2025-02-18 02:00:00,3,0,3.221326259691191e-14
2025-02-18 03:00:00,3,0,4.0277186627145595e-14
2025-02-18 04:00:00,3,0,4.8306505702745835e-14
2025-02-18 05:00:00,3,0,5.89948784194694e-14
2025-02-18 06:00:00,3,0,7.196990125833856e-14
2025-02-18 07:00:00,3,0,8.704162550357373e-14
2025-02-18 08:00:00,3,0,1.262290253028612e-13
2025-02-18 09:00:00,3,0,5.527241131256202e-12
2025-02-18 10:00:00,3,0,7.355352174790782e-10
2025-02-18 11:00:00,3,0,8.837885349133883e-08
2025-02-18 12:00:00,3,0,4.762298644466663e-06
2025-02-18 13:00:00,3,1,3.126966684090274e-05
2025-02-18 14:00:00,3,1,0.00261632562113961
2025-02-18 15:00:00,3,0,0.022613742394206278
2025-02-18 16:00:00,3,0,0.0006331518725433877
2025-02-18 17:00:00,3,0,3.154541792538375e-08
2025-02-18 18:00:00,3,0,3.105617273910398e-11
2025-02-18 19:00:00,3,0,6.406288306100587e-14
2025-02-18 20:00:00,3,0,2.5493150478957812e-14
2025-02-18 21:00:00,3,0,2.42068721026407e-14
2025-02-18 22:00:00,3,0,2.272395206511955e-14
2025-02-18 23:00:00,3,0,2.307501425687264e-14
2025-02-19 00:00:00,3,0,1.909895832273735e-14
2025-02-19 01:00:00,3,0,1.9419747977550665e-14
2025-02-19 02:00:00,3,0,2.2777637320624776e-14
2025-02-19 03:00:00,3,0,2.4971061492908145e-14
2025-02-19 04:00:00,3,0,2.721817961273062e-14
2025-02-19 05:00:00,3,0,3.549897427598892e-14
2025-02-19 06:00:00,3,0,4.006948917773795e-14
2025-02-19 07:00:00,3,0,5.396409145984344e-14
2025-02-19 08:00:00,3,0,8.40393217449676e-14
2025-02-19 09:00:00,3,0,4.690347463359765e-11
2025-02-19 10:00:00,3,0,6.736908634554821e-08
2025-02-19 11:00:00,3,0,0.0029793998692365996
2025-02-19 12:00:00,3,1,0.32131111244120913
2025-02-19 13:00:00,3,1,0.9431364509708936
2025-02-19 14:00:00,3,1,0.9628674168948081
2025-02-19 15:00:00,3,1,0.5694747422839672
2025-02-19 16:00:00,3,0,0.0036224877726301285
2025-02-19 17:00:00,3,0,6.451588375171164e-07
2025-02-19 18:00:00,3,0,5.3100419727273466e-11
2025-02-19 19:00:00,3,0,5.5001291447546995e-14
2025-02-19 20:00:00,3,0,2.1565922742372782e-14
2025-02-19 21:00:00,3,0,1.9110870270213977e-14
2025-02-19 22:00:00,3,0,1.8818630823438423e-14
2025-02-19 23:00:00,3,0,1.987334754903894e-14
2025-02-20 00:00:00,3,0,1.9678231422774074e-14
2025-02-20 01:00:00,3,0,1.9304044629230608e-14
2025-02-20 02:00:00,3,0,2.1584956845184897e-14
2025-02-20 03:00:00,3,0,2.452738084179541e-14
2025-02-20 04:00:00,3,0,2.6734572632061845e-14
2025-02-20 05:00:00,3,0,3.813810613442298e-14
2025-02-20 06:00:00,3,0,3.959344151247755e-14
2025-02-20 07:00:00,3,0,4.7884983142552964e-14
2025-02-20 08:00:00,3,0,8.407233236406716e-14
2025-02-20 09:00:00,3,0,5.954848824869337e-11
2025-02-20 10:00:00,3,0,2.0353741018312102e-07
2025-02-20 11:00:00,3,0,0.0018638440934461405
2025-02-20 12:00:00,3,1,0.4690564981749799
2025-02-20 13:00:00,3,1,0.8607444968671326
2025-02-20 14:00:00,3,1,0.9560805554225712
2025-02-20 15:00:00,3,1,0.7961013171032824
2025-02-20 16:00:00,3,0,0.00298401695491054
2025-02-20 17:00:00,3,0,6.682559208274531e-07
2025-02-20 18:00:00,3,0,6.95793126085297e-11
2025-02-20 19:00:00,3,0,7.613417356541487e-14
2025-02-20 20:00:00,3,0,3.304884656865745e-14
2025-02-20 21:00:00,3,0,2.3556440261610358e-14
2025-02-20 22:00:00,3,0,1.7833309340258202e-14
2025-02-20 23:00:00,3,0,1.6414823265034468e-14
2025-02-21 00:00:00,3,0,1.6947441763290878e-14
2025-02-21 01:00:00,3,0,2.0128677826515477e-14
2025-02-21 02:00:00,3,0,2.33286592548591e-14
2025-02-21 03:00:00,3,0,2.32430804627917e-14
2025-02-21 04:00:00,3,0,2.7381318197253005e-14
2025-02-21 05:00:00,3,0,3.2455376864454727e-14
2025-02-21 06:00:00,3,0,4.5156402630433696e-14
2025-02-21 07:00:00,3,0,5.728720515957522e-14
2025-02-21 08:00:00,3,0,1.0863993931991379e-13
2025-02-21 09:00:00,3,0,7.051918582363306e-11
2025-02-21 10:00:00,3,0,1.1952793640522595e-07
2025-02-21 11:00:00,3,0,0.00017995657958854659
2025-02-21 12:00:00,3,1,0.03941415987573507
2025-02-21 13:00:00,3,1,0.9232585811809646
2025-02-21 14:00:00,3,1,0.8360317762416779
2025-02-21 15:00:00,3,0,0.3423628534725228
2025-02-21 16:00:00,3,0,0.00022568207691320825
2025-02-21 17:00:00,3,0,5.645593793595402e-07
2025-02-21 18:00:00,3,0,1.3400677766137911e-10
2025-02-21 19:00:00,3,0,6.014771067595274e-14
2025-02-21 20:00:00,3,0,2.4956614428124525e-14
2025-02-21 21:00:00,3,0,1.8883836192686184e-14
2025-02-21 22:00:00,3,0,2.4332020866867187e-14
2025-02-21 23:00:00,3,0,1.6359718884773813e-14
2025-02-22 00:00:00,3,0,1.664632312648939e-14
2025-02-22 01:00:00,3,0,1.7439282454747397e-14
2025-02-22 02:00:00,3,0,2.02117139308633e-14
2025-02-22 03:00:00,3,0,2.366352914991863e-14
2025-02-22 04:00:00,3,0,3.217561219111691e-14
2025-02-22 05:00:00,3,0,3.2455376864454727e-14
2025-02-22 06:00:00,3,0,4.103882445688486e-14
2025-02-22 07:00:00,3,0,6.494690238569788e-14
2025-02-22 08:00:00,3,0,1.4653438270148118e-13
2025-02-22 09:00:00,3,0,5.911372220484171e-11
2025-02-22 10:00:00,3,0,3.3071772658344923e-08
2025-02-22 11:00:00,3,0,0.00022468457328073265
2025-02-22 12:00:00,3,0,0.17965449297026076
2025-02-22 13:00:00,3,0,0.34070827117481667
2025-02-22 14:00:00,3,0,0.4335157166478062
2025-02-22 15:00:00,3,0,0.0013011051002720902
2025-02-22 16:00:00,3,0,4.6953044153751635e-05
2025-02-22 17:00:00,3,0,9.008299383846325e-09
2025-02-22 18:00:00,3,0,3.282337419360442e-11
2025-02-22 19:00:00,3,0,8.343206487455594e-14
2025-02-22 20:00:00,3,0,2.8462845027532203e-14
2025-02-22 21:00:00,3,0,2.1926444962057164e-14
2025-02-22 22:00:00,3,0,2.0217593575462777e-14
2025-02-22 23:00:00,3,0,2.1523252829710503e-14
2025-02-23 00:00:00,3,0,1.7566118552684845e-14
2025-02-23 01:00:00,3,0,2.3094396040448874e-14
2025-02-23 02:00:00,3,0,2.2914160466702953e-14
2025-02-23 03:00:00,3,0,2.366352914991863e-14
2025-02-23 04:00:00,3,0,2.821179600694213e-14
2025-02-23 05:00:00,3,0,4.072932052593304e-14
2025-02-23 06:00:00,3,0,4.3048410895813435e-14
2025-02-23 07:00:00,3,0,4.7884983142552964e-14
2025-02-23 08:00:00,3,0,1.4196279346617951e-13
2025-02-23 09:00:00,3,0,7.843920966867607e-11
2025-02-23 10:00:00,3,0,2.2436471183807554e-07
2025-02-23 11:00:00,3,0,0.008384635440088148
2025-02-23 12:00:00,3,1,0.7469642451152286
2025-02-23 13:00:00,3,1,0.9564693733611582
2025-02-23 14:00:00,3,1,0.9764743059142726
2025-02-23 15:00:00,3,1,0.10459119636245003
2025-02-23 16:00:00,3,0,0.00038662193457905404
2025-02-23 17:00:00,3,0,4.772600595947623e-07
2025-02-23 18:00:00,3,0,1.6185958115761353e-10
2025-02-23 19:00:00,3,0,6.650401688225726e-14
2025-02-23 20:00:00,3,0,2.149352617810401e-14
2025-02-23 21:00:00,3,0,2.109878279464322e-14
2025-02-23 22:00:00,3,0,2.0164483586127695e-14
2025-02-23 23:00:00,3,0,1.8658145504967065e-14
2025-02-24 00:00:00,3,0,2.1015227976363698e-14
2025-02-24 01:00:00,3,0,2.17547373216254e-14
2025-02-24 02:00:00,3,0,2.461768830462841e-14
2025-02-24 03:00:00,3,0,2.3382393352212998e-14
2025-02-24 04:00:00,3,0,2.705601301201005e-14
2025-02-24 05:00:00,3,0,3.324051644168218e-14
2025-02-24 06:00:00,3,0,4.079431410555231e-14
2025-02-24 07:00:00,3,0,4.817199309255346e-14
2025-02-24 08:00:00,3,0,1.1428364344054337e-13
2025-02-24 09:00:00,3,0,1.0946894379291452e-10
2025-02-24 10:00:00,3,0,4.919131697247362e-07
2025-02-24 11:00:00,3,0,0.0001897764533490623
2025-02-24 12:00:00,3,1,0.00153244907977495
2025-02-24 13:00:00,3,1,0.00698144651744652
2025-02-24 14:00:00,3,1,0.002985158221709087
2025-02-24 15:00:00,3,0,0.11854941479939822
2025-02-24 16:00:00,3,0,0.0001938409621167332
2025-02-24 17:00:00,3,0,4.781579347259823e-07
2025-02-24 18:00:00,3,0,1.4905636730807156e-10
2025-02-24 19:00:00,3,0,8.777973843768902e-14
2025-02-24 20:00:00,3,0,3.6392020677762146e-14
2025-02-24 21:00:00,3,0,1.9110870270213977e-14
2025-02-24 22:00:00,3,0,2.172055415814309e-14
2025-02-24 23:00:00,3,0,1.716077101472765e-14
2025-02-25 00:00:00,3,0,2.4401471637860757e-14
2025-02-25 01:00:00,3,0,2.5717075915423918e-14
2025-02-25 02:00:00,3,0,2.824480813928503e-14
2025-02-25 03:00:00,3,0,3.5526982331768374e-14
2025-02-25 04:00:00,3,0,3.4567672382434264e-14
2025-02-25 05:00:00,3,0,3.657566131459535e-14
2025-02-25 06:00:00,3,0,5.838700897077821e-14
2025-02-25 07:00:00,3,0,6.731782901936241e-14
2025-02-25 08:00:00,3,0,1.4385687529846661e-13
2025-02-25 09:00:00,3,0,8.405981921225596e-11
2025-02-25 10:00:00,3,0,9.537025757716546e-07
2025-02-25 11:00:00,3,0,0.005595049067425401
2025-02-25 12:00:00,3,0,0.7138702600110823
2025-02-25 13:00:00,3,0,0.9640348292217569
2025-02-25 14:00:00,3,0,0.9616873940529133
2025-02-25 15:00:00,3,0,0.14862600344573793
2025-02-25 16:00:00,3,0,0.00010742031932272798
2025-02-25 17:00:00,3,0,5.1150626441058777e-08
2025-02-25 18:00:00,3,0,7.364795196712055e-11
2025-02-25 19:00:00,3,0,7.157289311029851e-14
2025-02-25 20:00:00,3,0,2.3091338623384514e-14
2025-02-25 21:00:00,3,0,2.1795814508773123e-14
2025-02-25 22:00:00,3,0,1.7102756139974454e-14
2025-02-25 23:00:00,3,0,1.6414823265034468e-14
2025-02-26 00:00:00,3,0,1.644855561254917e-14
2025-02-26 01:00:00,3,0,1.7439282454747397e-14
2025-02-26 02:00:00,3,0,1.9383678904168242e-14
2025-02-26 03:00:00,3,0,2.2558867995481227e-14
2025-02-26 04:00:00,3,0,2.6734572632061845e-14
2025-02-26 05:00:00,3,0,3.2455376864454727e-14
2025-02-26 06:00:00,3,0,3.959344151247755e-14
2025-02-26 07:00:00,3,0,4.7884983142552964e-14
2025-02-26 08:00:00,3,0,1.2113314357726077e-13
2025-02-26 09:00:00,3,0,1.3494589724982828e-10
2025-02-26 10:00:00,3,0,2.2716571780802336e-06
2025-02-26 11:00:00,3,0,0.01361109831790052
2025-02-26 12:00:00,3,1,0.8707490570278108
2025-02-26 13:00:00,3,1,0.9806456322837487
2025-02-26 14:00:00,3,1,0.9597954220207681
2025-02-26 15:00:00,3,0,0.274963539321753
2025-02-26 16:00:00,3,0,0.0005045742941789765
2025-02-26 17:00:00,3,0,4.2885948408448505e-07
2025-02-26 18:00:00,3,0,9.30034227017841e-11
2025-02-26 19:00:00,3,0,1.245300014841622e-13
2025-02-26 20:00:00,3,0,3.723039406859598e-14
2025-02-26 21:00:00,3,0,2.3982531434103423e-14
2025-02-26 22:00:00,3,0,2.4042960356603242e-14
2025-02-26 23:00:00,3,0,2.1794233231781523e-14
2025-02-27 00:00:00,3,0,2.1015227976363698e-14
2025-02-27 01:00:00,3,0,2.4516551066002457e-14
2025-02-27 02:00:00,3,0,3.399321192111566e-14
2025-02-27 03:00:00,3,0,3.2675666018707606e-14
2025-02-27 04:00:00,3,0,4.03782346303726e-14
2025-02-27 05:00:00,3,0,4.9312385736819076e-14
2025-02-27 06:00:00,3,0,5.402286754611396e-14
2025-02-27 07:00:00,3,0,6.417529730958967e-14
2025-02-27 08:00:00,3,0,1.645633871491838e-13
2025-02-27 09:00:00,3,0,3.471873161218608e-11
2025-02-27 10:00:00,3,0,3.1666825245688896e-08
2025-02-27 11:00:00,3,0,0.00010575373747930476
2025-02-27 12:00:00,3,0,0.0006951306280976021
2025-02-27 13:00:00,3,0,0.0017031688526805552
2025-02-27 14:00:00,3,1,0.0002589150265831683
2025-02-27 15:00:00,3,0,0.00015474343227084387
2025-02-27 16:00:00,3,0,5.867774841658549e-06
2025-02-27 17:00:00,3,0,1.2333056349827607e-08
2025-02-27 18:00:00,3,0,2.4945931409184308e-11
2025-02-27 19:00:00,3,0,1.0570256117590039e-13
2025-02-27 20:00:00,3,0,3.8914099412881804e-14
2025-02-27 21:00:00,3,0,3.3985559019708327e-14
2025-02-27 22:00:00,3,0,3.0964595904381823e-14
2025-02-27 23:00:00,3,0,2.961932452467642e-14
2025-02-28 00:00:00,3,0,2.954369889834244e-14
2025-02-28 01:00:00,3,0,3.169978128546702e-14
2025-02-28 02:00:00,3,0,3.279597468572608e-14
2025-02-28 03:00:00,3,0,2.2830102220896622e-14
2025-02-28 04:00:00,3,0,2.754543459139146e-14
2025-02-28 05:00:00,3,0,3.2455376864454727e-14
2025-02-28 06:00:00,3,0,3.959344151247755e-14
2025-02-28 07:00:00,3,0,4.7884983142552964e-14
2025-02-28 08:00:00,3,0,1.3909069710605606e-13
2025-02-28 09:00:00,3,0,1.4285302406184624e-10
2025-02-28 10:00:00,3,0,2.6588458296471573e-06
2025-02-28 11:00:00,3,0,0.014540409201433275
2025-02-28 12:00:00,3,1,0.9210485533245357
2025-02-28 13:00:00,3,1,0.9820651148098454
2025-02-28 14:00:00,3,1,0.9754922295442577
2025-02-28 15:00:00,3,0,0.021370128087918865
2025-02-28 16:00:00,3,0,0.006166093629077427
2025-02-28 17:00:00,3,0,3.708719937709571e-07
2025-02-28 18:00:00,3,0,2.0756040521464448e-10
2025-02-28 19:00:00,3,0,8.272520386037911e-14
2025-02-28 20:00:00,3,0,2.1565922742372782e-14
2025-02-28 21:00:00,3,0,1.883455999839368e-14
2025-02-28 22:00:00,3,0,1.716036328985767e-14
2025-02-28 23:00:00,3,0,1.6414823265034468e-14
2025-03-01 00:00:00,3,0,2.5538557072977944e-14
2025-03-01 01:00:00,3,0,2.7731815771615084e-14
2025-03-01 02:00:00,3,0,3.233315721547711e-14
2025-03-01 03:00:00,3,0,3.502562482536923e-14
2025-03-01 04:00:00,3,0,4.175775203811476e-14
2025-03-01 05:00:00,3,0,5.1610296142567175e-14
2025-03-01 06:00:00,3,0,6.25860684741697e-14
2025-03-01 07:00:00,3,0,7.259167561077143e-14
2025-03-01 08:00:00,3,0,2.1839222225867946e-13
2025-03-01 09:00:00,3,0,4.4502744706398557e-10
2025-03-01 10:00:00,3,0,3.046823820975998e-06
2025-03-01 11:00:00,3,0,0.014759717984548353
2025-03-01 12:00:00,3,1,0.9454389174361759
2025-03-01 13:00:00,3,1,0.9867377097416495
2025-03-01 14:00:00,3,1,0.9870581295903036
2025-03-01 15:00:00,3,1,0.6902134143145328
2025-03-01 16:00:00,3,0,0.011493880721788379
2025-03-01 17:00:00,3,0,3.6369633423173878e-06
2025-03-01 18:00:00,3,0,3.884839661490391e-10
2025-03-01 19:00:00,3,0,2.0228105868910597e-13
2025-03-01 20:00:00,3,0,5.899218284896811e-14
2025-03-01 21:00:00,3,0,5.1520717224959245e-14
2025-03-01 22:00:00,3,0,4.6941060720809685e-14
2025-03-01 23:00:00,3,0,4.490168434025818e-14
2025-03-02 00:00:00,3,0,4.5325531333795894e-14
2025-03-02 01:00:00,3,0,4.805557168427062e-14
2025-03-02 02:00:00,3,0,5.341353771299019e-14
2025-03-02 03:00:00,3,0,6.179269869989933e-14
2025-03-02 04:00:00,3,0,7.366961197526954e-14
2025-03-02 05:00:00,3,0,8.943382237754876e-14
2025-03-02 06:00:00,3,0,1.0910342623138202e-13
2025-03-02 07:00:00,3,0,1.3195154364739905e-13
2025-03-02 08:00:00,3,0,3.0508873916904625e-13
2025-03-02 09:00:00,3,0,1.1858016064003967e-10
2025-03-02 10:00:00,3,0,1.2203754024770366e-07
2025-03-02 11:00:00,3,0,0.000571876352041011
2025-03-02 12:00:00,3,1,0.32479021012110315
2025-03-02 13:00:00,3,1,0.9193784601551549
2025-03-02 14:00:00,3,1,0.8714245958683287
2025-03-02 15:00:00,3,1,0.5598149261182399
2025-03-02 16:00:00,3,0,0.010875439903022454
2025-03-02 17:00:00,3,0,8.70473853886075e-06
2025-03-02 18:00:00,3,0,4.0842286648597307e-10
2025-03-02 19:00:00,3,0,1.4896342413323115e-13
2025-03-02 20:00:00,3,0,3.2693056679185046e-14
2025-03-02 21:00:00,3,0,2.8723529172161873e-14
2025-03-02 22:00:00,3,0,2.6014408767607313e-14
2025-03-02 23:00:00,3,0,2.4884200587817458e-14
2025-03-03 00:00:00,3,0,2.4935337446758966e-14
2025-03-03 01:00:00,3,0,2.6437238811820274e-14
2025-03-03 02:00:00,3,0,2.938486428962198e-14
2025-03-03 03:00:00,3,0,3.3994566604871286e-14
2025-03-03 04:00:00,3,0,4.0528518477740753e-14
2025-03-03 05:00:00,3,0,5.2230827221542067e-14
2025-03-03 06:00:00,3,0,6.147405216604919e-14
2025-03-03 07:00:00,3,0,7.47933875710433e-14
2025-03-03 08:00:00,3,0,2.4830781305148655e-13
2025-03-03 09:00:00,3,0,7.237530196061469e-10
2025-03-03 10:00:00,3,0,1.1331618536654386e-05
2025-03-03 11:00:00,3,0,0.04180697162068975
2025-03-03 12:00:00,3,1,0.9671548799043452
2025-03-03 13:00:00,3,1,0.9921896648691018
2025-03-03 14:00:00,3,0,0.9909906122229007
2025-03-03 15:00:00,3,0,0.9283290358245222
2025-03-03 16:00:00,3,0,0.002844409162533527
2025-03-03 17:00:00,3,0,3.762272178560638e-07
2025-03-03 18:00:00,3,0,1.6959945269978152e-10
2025-03-03 19:00:00,3,0,2.3116082601515677e-13
2025-03-03 20:00:00,3,0,5.899218284896811e-14
2025-03-03 21:00:00,3,0,2.845657232460042e-14
2025-03-03 22:00:00,3,0,2.5927078684922844e-14
2025-03-03 23:00:00,3,0,2.4800664601499867e-14
2025-03-04 00:00:00,3,0,2.4935337446758966e-14
2025-03-04 01:00:00,3,0,2.6437238811820274e-14
2025-03-04 02:00:00,3,0,4.256286315984775e-14
2025-03-04 03:00:00,3,0,3.696097170462979e-14
2025-03-04 04:00:00,3,0,6.498117724214877e-14
2025-03-04 05:00:00,3,0,7.74845572517066e-14
2025-03-04 06:00:00,3,0,6.074370646890458e-14
2025-03-04 07:00:00,3,0,1.0083865187681165e-13
2025-03-04 08:00:00,3,0,2.913721911383714e-13
2025-03-04 09:00:00,3,0,4.2662298464448897e-10
2025-03-04 10:00:00,3,0,6.662083543734388e-06
2025-03-04 11:00:00,3,0,0.023680988657024386
2025-03-04 12:00:00,3,1,0.8186614315853032
2025-03-04 13:00:00,3,1,0.9425345572735498
2025-03-04 14:00:00,3,1,0.08426601789351547
2025-03-04 15:00:00,3,0,0.6036567866828516
2025-03-04 16:00:00,3,0,0.00011229476714445028
2025-03-04 17:00:00,3,0,1.853511608239193e-07
2025-03-04 18:00:00,3,0,1.5834630870424006e-10
2025-03-04 19:00:00,3,0,2.436240395764907e-13
2025-03-04 20:00:00,3,0,5.899218284896811e-14
2025-03-04 21:00:00,3,0,5.1520717224959245e-14
2025-03-04 22:00:00,3,0,4.6941060720809685e-14
2025-03-04 23:00:00,3,0,4.490168434025818e-14
2025-03-05 00:00:00,3,0,4.5325531333795894e-14
2025-03-05 01:00:00,3,0,4.264206396802603e-14
2025-03-05 02:00:00,3,0,4.739644982022795e-14
2025-03-05 03:00:00,3,0,6.179269869989933e-14
2025-03-05 04:00:00,3,0,6.012415420868848e-14
2025-03-05 05:00:00,3,0,5.816234148012299e-14
2025-03-05 06:00:00,3,0,6.296119284938402e-14
2025-03-05 07:00:00,3,0,7.259167561077143e-14
2025-03-05 08:00:00,3,0,3.2401484142394754e-13
2025-03-05 09:00:00,3,0,9.35767888980721e-10
2025-03-05 10:00:00,3,0,1.2706981836151483e-05
2025-03-05 11:00:00,3,0,0.03580521668961518
2025-03-05 12:00:00,3,1,0.9805456711607066
2025-03-05 13:00:00,3,1,0.9991883194805198
2025-03-05 14:00:00,3,1,0.10505212493927596
2025-03-05 15:00:00,3,1,0.8000485708981926
2025-03-05 16:00:00,3,0,0.003415747890442416
2025-03-05 17:00:00,3,0,5.100085611118872e-06
2025-03-05 18:00:00,3,0,4.58367912589826e-10
2025-03-05 19:00:00,3,0,1.5708479355023544e-13
2025-03-05 20:00:00,3,0,3.2693056679185046e-14
2025-03-05 21:00:00,3,0,2.855242249130158e-14
2025-03-05 22:00:00,3,0,2.6014408767607313e-14
2025-03-05 23:00:00,3,0,2.4884200587817458e-14
2025-03-06 00:00:00,3,0,2.4935337446758966e-14
2025-03-06 01:00:00,3,0,2.6437238811820274e-14
2025-03-06 02:00:00,3,0,2.938486428962198e-14
2025-03-06 03:00:00,3,0,3.3994566604871286e-14
2025-03-06 04:00:00,3,0,4.0528518477740753e-14
2025-03-06 05:00:00,3,0,4.92010236728308e-14
2025-03-06 06:00:00,3,0,6.002203768207487e-14
2025-03-06 07:00:00,3,0,7.259167561077143e-14
2025-03-06 08:00:00,3,0,4.0187017036750976e-13
2025-03-06 09:00:00,3,0,3.332621072061032e-10
2025-03-06 10:00:00,3,0,7.715847060792981e-07
2025-03-06 11:00:00,3,0,0.0003772993826240344
2025-03-06 12:00:00,3,0,0.23724833667147768
2025-03-06 13:00:00,3,1,0.9267014593314988
2025-03-06 14:00:00,3,1,0.370030242057743
2025-03-06 15:00:00,3,1,0.00148062864687601
2025-03-06 16:00:00,3,0,7.518137400267316e-05
2025-03-06 17:00:00,3,0,3.2383304790206614e-06
2025-03-06 18:00:00,3,0,4.963594127146247e-10
2025-03-06 19:00:00,3,0,2.843762981925498e-13
2025-03-06 20:00:00,3,0,5.899218284896811e-14
2025-03-06 21:00:00,3,0,5.139709943250812e-14
2025-03-06 22:00:00,3,0,4.627211025757668e-14
2025-03-06 23:00:00,3,0,4.3735967311873753e-14
2025-03-07 00:00:00,3,0,3.5688791517030494e-14
2025-03-07 01:00:00,3,0,4.608682738487346e-14
2025-03-07 02:00:00,3,0,3.7768114495631605e-14
2025-03-07 03:00:00,3,0,3.4198321064437593e-14
2025-03-07 04:00:00,3,0,4.077143572023537e-14
2025-03-07 05:00:00,3,0,4.92010236728308e-14
2025-03-07 06:00:00,3,0,6.25860684741697e-14
2025-03-07 07:00:00,3,0,1.265457428162442e-13
2025-03-07 08:00:00,3,0,7.075563423271395e-13
2025-03-07 09:00:00,3,0,1.314530549236258e-09
2025-03-07 10:00:00,3,0,1.5074794659603201e-05
2025-03-07 11:00:00,3,0,0.1546926842454892
2025-03-07 12:00:00,3,1,0.9849548044558926
2025-03-07 13:00:00,3,1,0.9994566591792106
2025-03-07 14:00:00,3,1,0.9949691406561446
2025-03-07 15:00:00,3,1,0.9653715501225305
2025-03-07 16:00:00,3,0,0.0022203179395701403
2025-03-07 17:00:00,3,0,5.422481981277568e-06
2025-03-07 18:00:00,3,0,6.433485198957993e-10
2025-03-07 19:00:00,3,0,2.084588406122457e-13
2025-03-07 20:00:00,3,0,3.554538803539179e-14
2025-03-07 21:00:00,3,0,3.049201884040338e-14
2025-03-07 22:00:00,3,0,2.811556752053124e-14
2025-03-07 23:00:00,3,0,3.048935141993006e-14
2025-03-08 00:00:00,3,0,2.7111223759004714e-14
2025-03-08 01:00:00,3,0,2.84026860006563e-14
2025-03-08 02:00:00,3,0,3.138135784835992e-14
2025-03-08 03:00:00,3,0,5.450500143582652e-14
2025-03-08 04:00:00,3,0,6.121175194523343e-14
2025-03-08 05:00:00,3,0,8.943382237754876e-14
2025-03-08 06:00:00,3,0,8.488613784817937e-14
2025-03-08 07:00:00,3,0,1.3116537302182543e-13
2025-03-08 08:00:00,3,0,6.438733392795809e-13
2025-03-08 09:00:00,3,0,4.0928785308863407e-10
2025-03-08 10:00:00,3,0,2.481413637934387e-07
2025-03-08 11:00:00,3,0,0.00023635961023528914
2025-03-08 12:00:00,3,1,0.04615784389366508
2025-03-08 13:00:00,3,0,0.016924412551706444
2025-03-08 14:00:00,3,1,0.007778388168084346
2025-03-08 15:00:00,3,0,0.1078969831112862
2025-03-08 16:00:00,3,0,0.0002628360173963403
2025-03-08 17:00:00,3,0,2.0823177141167938e-08
2025-03-08 18:00:00,3,0,1.7869661859937521e-10
2025-03-08 19:00:00,3,0,2.59893749357384e-13
2025-03-08 20:00:00,3,0,4.0403544944308385e-14
2025-03-08 21:00:00,3,0,4.8415798008548806e-14
2025-03-08 22:00:00,3,0,3.3723983129176254e-14
2025-03-08 23:00:00,3,0,2.7782453624445575e-14
2025-03-09 00:00:00,3,0,2.678912744488456e-14
2025-03-09 01:00:00,3,0,2.7566588913703232e-14
2025-03-09 02:00:00,3,0,3.027610983001049e-14
2025-03-09 03:00:00,3,0,3.523555917576753e-14
2025-03-09 04:00:00,3,0,4.0528518477740753e-14
2025-03-09 05:00:00,3,0,4.9495921622408723e-14
2025-03-09 06:00:00,3,0,6.002203768207487e-14
2025-03-09 07:00:00,3,0,7.259167561077143e-14
2025-03-09 08:00:00,3,0,6.431230362863143e-13
2025-03-09 09:00:00,3,0,1.2090497205062075e-09
2025-03-09 10:00:00,3,0,2.0864537118947696e-05
2025-03-09 11:00:00,3,0,0.10110536526368849
2025-03-09 12:00:00,3,1,0.9531372941221282
2025-03-09 13:00:00,3,1,0.9855176992820383
2025-03-09 14:00:00,3,1,0.9878579976686397
2025-03-09 15:00:00,3,1,0.9585150023986815
2025-03-09 16:00:00,3,0,0.05466813289827945
2025-03-09 17:00:00,3,0,1.0153343499266995e-05
2025-03-09 18:00:00,3,0,6.044301681416691e-10
2025-03-09 19:00:00,3,0,2.713870799323336e-13
2025-03-09 20:00:00,3,0,3.277859036901251e-14
2025-03-09 21:00:00,3,0,2.967210973919596e-14
2025-03-09 22:00:00,3,0,2.7451589893364285e-14
2025-03-09 23:00:00,3,0,2.601502686183138e-14
2025-03-10 00:00:00,3,0,2.5845617283060356e-14
2025-03-10 01:00:00,3,0,2.6437238811820274e-14
2025-03-10 02:00:00,3,0,2.938486428962198e-14
2025-03-10 03:00:00,3,0,3.3994566604871286e-14
2025-03-10 04:00:00,3,0,4.0528518477740753e-14
2025-03-10 05:00:00,3,0,4.92010236728308e-14
2025-03-10 06:00:00,3,0,6.002203768207487e-14
2025-03-10 07:00:00,3,0,7.259167561077143e-14
2025-03-10 08:00:00,3,0,5.645325345725714e-13
2025-03-10 09:00:00,3,0,1.2778379160579315e-09
2025-03-10 10:00:00,3,0,9.65302147860976e-06
2025-03-10 11:00:00,3,0,0.05200371507091504
2025-03-10 12:00:00,3,1,0.9877160862946683
2025-03-10 13:00:00,3,1,0.9989577672349794
2025-03-10 14:00:00,3,1,0.999043656014248
2025-03-10 15:00:00,3,1,0.9681108380526993
2025-03-10 16:00:00,3,0,0.03767822701805117
2025-03-10 17:00:00,3,0,1.771618641763469e-05
2025-03-10 18:00:00,3,0,9.611177350116064e-10
2025-03-10 19:00:00,3,0,2.613120090064877e-13
2025-03-10 20:00:00,3,0,3.258330644928336e-14
2025-03-10 21:00:00,3,0,2.845657232460042e-14
2025-03-10 22:00:00,3,0,2.671340112099356e-14
2025-03-10 23:00:00,3,0,2.494930424317673e-14
2025-03-11 00:00:00,3,0,2.5084793277881098e-14
2025-03-11 01:00:00,3,0,2.6437238811820274e-14
2025-03-11 02:00:00,3,0,2.938486428962198e-14
2025-03-11 03:00:00,3,0,3.3994566604871286e-14
2025-03-11 04:00:00,3,0,4.0528518477740753e-14
2025-03-11 05:00:00,3,0,4.92010236728308e-14
2025-03-11 06:00:00,3,0,6.038179393348202e-14
2025-03-11 07:00:00,3,0,7.259167561077143e-14
2025-03-11 08:00:00,3,0,7.39292242881457e-13
2025-03-11 09:00:00,3,0,2.136674747172099e-09
2025-03-11 10:00:00,3,0,7.50935294965739e-05
2025-03-11 11:00:00,3,0,0.28344589943961446
2025-03-11 12:00:00,3,1,0.990632658391529
2025-03-11 13:00:00,3,1,0.9983176564502423
2025-03-11 14:00:00,3,1,0.9945743287494929
2025-03-11 15:00:00,3,1,0.9817245488385473
2025-03-11 16:00:00,3,0,0.19624219780755678
2025-03-11 17:00:00,3,0,3.4873604030559385e-05
2025-03-11 18:00:00,3,0,9.800635153462475e-10
2025-03-11 19:00:00,3,0,3.380869632565766e-13
2025-03-11 20:00:00,3,0,3.258330644928336e-14
2025-03-11 21:00:00,3,0,2.845657232460042e-14
2025-03-11 22:00:00,3,0,2.5927078684922844e-14
2025-03-11 23:00:00,3,0,2.4800664601499867e-14
2025-03-12 00:00:00,3,0,2.4935337446758966e-14
2025-03-12 01:00:00,3,0,2.6437238811820274e-14
2025-03-12 02:00:00,3,0,2.938486428962198e-14
2025-03-12 03:00:00,3,0,3.3994566604871286e-14
2025-03-12 04:00:00,3,0,4.0528518477740753e-14
2025-03-12 05:00:00,3,0,4.92010236728308e-14
2025-03-12 06:00:00,3,0,6.110778821253981e-14
2025-03-12 07:00:00,3,0,7.302677095424215e-14
2025-03-12 08:00:00,3,0,8.303140143344154e-13
2025-03-12 09:00:00,3,0,3.859559667229332e-09
2025-03-12 10:00:00,3,0,7.96216692551467e-05
2025-03-12 11:00:00,3,0,0.37495957471052405
2025-03-12 12:00:00,3,1,0.9958251574257515
2025-03-12 13:00:00,3,1,0.9997174434276723
2025-03-12 14:00:00,3,1,0.9995995225866402
2025-03-12 15:00:00,3,1,0.9945669610749548
2025-03-12 16:00:00,3,0,0.1876276935241339
2025-03-12 17:00:00,3,0,4.59719622073044e-05
2025-03-12 18:00:00,3,0,2.2494772668938363e-09
2025-03-12 19:00:00,3,0,4.1989269959144804e-13
2025-03-12 20:00:00,3,0,5.780504210055155e-14
2025-03-12 21:00:00,3,0,5.1520717224959245e-14
2025-03-12 22:00:00,3,0,4.6941060720809685e-14
2025-03-12 23:00:00,3,0,4.490168434025818e-14
2025-03-13 00:00:00,3,0,4.5325531333795894e-14
2025-03-13 01:00:00,3,0,4.805557168427062e-14
2025-03-13 02:00:00,3,0,5.341353771299019e-14
2025-03-13 03:00:00,3,0,4.165325174231614e-14
2025-03-13 04:00:00,3,0,4.3541566219857773e-14
2025-03-13 05:00:00,3,0,4.92010236728308e-14
2025-03-13 06:00:00,3,0,6.002203768207487e-14
2025-03-13 07:00:00,3,0,7.259167561077143e-14
2025-03-13 08:00:00,3,0,8.399790995338693e-13
2025-03-13 09:00:00,3,0,5.079809304233263e-09
2025-03-13 10:00:00,3,0,9.692751432533399e-05
2025-03-13 11:00:00,3,1,0.3775657718749767
2025-03-13 12:00:00,3,1,0.9941709496340638
2025-03-13 13:00:00,3,1,0.9997866236178378
2025-03-13 14:00:00,3,1,0.9997570785153448
2025-03-13 15:00:00,3,1,0.9918577184825434
2025-03-13 16:00:00,3,1,0.25883896542907525
2025-03-13 17:00:00,3,0,4.3816279567186447e-05
2025-03-13 18:00:00,3,0,1.9081774532969615e-09
2025-03-13 19:00:00,3,0,3.5715732266385195e-13
2025-03-13 20:00:00,3,0,3.2564883190010105e-14
2025-03-13 21:00:00,3,0,2.7991121576044376e-14
2025-03-13 22:00:00,3,0,2.587020004641134e-14
2025-03-13 23:00:00,3,0,2.4395011813392414e-14
2025-03-14 00:00:00,3,0,2.4935337446758966e-14
2025-03-14 01:00:00,3,0,2.6437238811820274e-14
2025-03-14 02:00:00,3,0,2.938486428962198e-14
2025-03-14 03:00:00,3,0,3.3994566604871286e-14
2025-03-14 04:00:00,3,0,4.0528518477740753e-14
2025-03-14 05:00:00,3,0,4.92010236728308e-14
2025-03-14 06:00:00,3,0,6.002203768207487e-14
2025-03-14 07:00:00,3,0,7.259167561077143e-14
2025-03-14 08:00:00,3,0,9.332734667099354e-13
2025-03-14 09:00:00,3,0,5.911690760468492e-09
2025-03-14 10:00:00,3,0,0.00015309558875224163
2025-03-14 11:00:00,3,1,0.3968767280233366
2025-03-14 12:00:00,3,1,0.9958015820204354
2025-03-14 13:00:00,3,1,0.9999581000324472
2025-03-14 14:00:00,3,1,0.9999526758741677
2025-03-14 15:00:00,3,1,0.9924305278919958
2025-03-14 16:00:00,3,1,0.3052414081487154
2025-03-14 17:00:00,3,0,4.589850625622542e-05
2025-03-14 18:00:00,3,0,2.571256791223599e-09
2025-03-14 19:00:00,3,0,3.7297591858814847e-13
2025-03-14 20:00:00,3,0,3.258330644928336e-14
2025-03-14 21:00:00,3,0,2.845657232460042e-14
2025-03-14 22:00:00,3,0,2.5927078684922844e-14
2025-03-14 23:00:00,3,0,2.4800664601499867e-14
2025-03-15 00:00:00,3,0,2.4935337446758966e-14
2025-03-15 01:00:00,3,0,2.6437238811820274e-14
2025-03-15 02:00:00,3,0,2.938486428962198e-14
2025-03-15 03:00:00,3,0,3.3994566604871286e-14
2025-03-15 04:00:00,3,0,4.0528518477740753e-14
2025-03-15 05:00:00,3,0,4.92010236728308e-14
2025-03-15 06:00:00,3,0,6.002203768207487e-14
2025-03-15 07:00:00,3,0,7.259167561077143e-14
2025-03-15 08:00:00,3,0,1.5323203792901546e-12
2025-03-15 09:00:00,3,0,1.2141371774765307e-08
2025-03-15 10:00:00,3,0,0.00023506682356993507
2025-03-15 11:00:00,3,1,0.7207224741110043
2025-03-15 12:00:00,3,1,0.9980428925138176
2025-03-15 13:00:00,3,1,0.9999746535821514
2025-03-15 14:00:00,3,1,0.999784740538246
2025-03-15 15:00:00,3,1,0.9939029576960824
2025-03-15 16:00:00,3,1,0.09095368417614037
2025-03-15 17:00:00,3,0,3.130713715048988e-05
2025-03-15 18:00:00,3,0,3.136441665246027e-09
2025-03-15 19:00:00,3,0,5.5087273871089e-13
2025-03-15 20:00:00,3,0,3.563870807598751e-14
2025-03-15 21:00:00,3,0,5.0591093136997965e-14
2025-03-15 22:00:00,3,0,4.691503154829516e-14
2025-03-15 23:00:00,3,0,4.4355890052946414e-14
2025-03-16 00:00:00,3,0,4.1687805346170196e-14
2025-03-16 01:00:00,3,0,2.891646781451575e-14
2025-03-16 02:00:00,3,0,3.1008529982495516e-14
2025-03-16 03:00:00,3,0,4.779035664440788e-14
2025-03-16 04:00:00,3,0,7.366961197526954e-14
2025-03-16 05:00:00,3,0,8.943382237754876e-14
2025-03-16 06:00:00,3,0,1.0910342623138202e-13
2025-03-16 07:00:00,3,0,1.3195154364739905e-13
2025-03-16 08:00:00,3,0,1.6946970508014552e-12
2025-03-16 09:00:00,3,0,2.5202906567552263e-09
2025-03-16 10:00:00,3,0,1.2029199502691544e-05
2025-03-16 11:00:00,3,1,0.002154063932336871
2025-03-16 12:00:00,3,1,0.5994719037627899
2025-03-16 13:00:00,3,1,0.9846486461397866
2025-03-16 14:00:00,3,1,0.8976069247909882
2025-03-16 15:00:00,3,0,0.3459867798114881
2025-03-16 16:00:00,3,0,3.0263915705601164e-05
2025-03-16 17:00:00,3,0,3.5023579232480567e-09
2025-03-16 18:00:00,3,0,3.2076536129748736e-10
2025-03-16 19:00:00,3,0,3.961862553661877e-13
2025-03-16 20:00:00,3,0,5.899218284896811e-14
2025-03-16 21:00:00,3,0,5.1520717224959245e-14
2025-03-16 22:00:00,3,0,4.709611468042395e-14
2025-03-16 23:00:00,3,0,4.505000190793556e-14
2025-03-17 00:00:00,3,0,4.5325531333795894e-14
2025-03-17 01:00:00,3,0,4.805557168427062e-14
2025-03-17 02:00:00,3,0,5.341353771299019e-14
2025-03-17 03:00:00,3,0,6.179269869989933e-14
2025-03-17 04:00:00,3,0,7.366961197526954e-14
2025-03-17 05:00:00,3,0,8.943382237754876e-14
2025-03-17 06:00:00,3,0,1.0277455943840035e-13
2025-03-17 07:00:00,3,0,1.0389709713278454e-13
2025-03-17 08:00:00,3,0,1.3586835887816793e-12
2025-03-17 09:00:00,3,0,3.135694466302147e-09
2025-03-17 10:00:00,3,0,3.709287209917543e-05
2025-03-17 11:00:00,3,0,0.030922517615966733
2025-03-17 12:00:00,3,1,0.9829626331860083
2025-03-17 13:00:00,3,1,0.9658347415496302
2025-03-17 14:00:00,3,1,0.9932663635083019
2025-03-17 15:00:00,3,1,0.995194147410121
2025-03-17 16:00:00,3,1,0.011302363247347905
2025-03-17 17:00:00,3,0,4.664567429863849e-05
2025-03-17 18:00:00,3,0,2.4697448899657806e-09
2025-03-17 19:00:00,3,0,5.642387437690404e-13
2025-03-17 20:00:00,3,0,3.9581326422798176e-14
2025-03-17 21:00:00,3,0,3.691654050141279e-14
2025-03-17 22:00:00,3,0,3.4955022261454445e-14
2025-03-17 23:00:00,3,0,3.4772396437912873e-14
2025-03-18 00:00:00,3,0,3.422669040390332e-14
2025-03-18 01:00:00,3,0,3.585710291151511e-14
2025-03-18 02:00:00,3,0,3.045757684113279e-14
2025-03-18 03:00:00,3,0,4.3692925415878045e-14
2025-03-18 04:00:00,3,0,5.431618750043796e-14
2025-03-18 05:00:00,3,0,6.399798592097799e-14
2025-03-18 06:00:00,3,0,7.996206646409216e-14
2025-03-18 07:00:00,3,0,9.787023885120862e-14
2025-03-18 08:00:00,3,0,2.0612822713032906e-12
2025-03-18 09:00:00,3,0,6.795777072850101e-09
2025-03-18 10:00:00,3,0,1.457220625716179e-05
2025-03-18 11:00:00,3,0,0.002553871931229812
2025-03-18 12:00:00,3,1,0.016887404083030962
2025-03-18 13:00:00,3,0,0.04171826268973408
2025-03-18 14:00:00,3,0,0.00011887654492709144
2025-03-18 15:00:00,3,0,0.0006247808115632107
2025-03-18 16:00:00,3,0,0.00012593796918262425
2025-03-18 17:00:00,3,0,1.0295181107737017e-07
2025-03-18 18:00:00,3,0,8.288121537970208e-10
2025-03-18 19:00:00,3,0,5.024248982804447e-13
2025-03-18 20:00:00,3,0,4.238190080502237e-14
2025-03-18 21:00:00,3,0,4.0485048487788564e-14
2025-03-18 22:00:00,3,0,3.332334761169129e-14
2025-03-18 23:00:00,3,0,3.0753010546523544e-14
2025-03-19 00:00:00,3,0,2.912677761099069e-14
2025-03-19 01:00:00,3,0,2.8233462080996888e-14
2025-03-19 02:00:00,3,0,2.956098941021414e-14
2025-03-19 03:00:00,3,0,3.3994566604871286e-14
2025-03-19 04:00:00,3,0,6.121175194523343e-14
2025-03-19 05:00:00,3,0,5.06932950850369e-14
2025-03-19 06:00:00,3,0,6.25860684741697e-14
2025-03-19 07:00:00,3,0,8.378638599653851e-14
2025-03-19 08:00:00,3,0,2.252452767298385e-12
2025-03-19 09:00:00,3,0,2.794359473682515e-08
2025-03-19 10:00:00,3,0,0.0009665093970803073
2025-03-19 11:00:00,3,1,0.7478379985018049
2025-03-19 12:00:00,3,1,0.9994091042265166
2025-03-19 13:00:00,3,1,0.99995230680144
2025-03-19 14:00:00,3,1,0.9999553522819346
2025-03-19 15:00:00,3,1,0.9967930654410934
2025-03-19 16:00:00,3,0,0.6585299835799581
2025-03-19 17:00:00,3,0,0.0002931911500718964
2025-03-19 18:00:00,3,0,7.234799025391052e-09
2025-03-19 19:00:00,3,0,7.483309631783339e-13
2025-03-19 20:00:00,3,0,3.728567105145673e-14
2025-03-19 21:00:00,3,0,3.057201234284139e-14
2025-03-19 22:00:00,3,0,2.6643624979592166e-14
2025-03-19 23:00:00,3,0,3.363678167626304e-14
2025-03-20 00:00:00,3,0,2.965365766143778e-14
2025-03-20 01:00:00,3,0,2.891646781451575e-14
2025-03-20 02:00:00,3,0,3.045757684113279e-14
2025-03-20 03:00:00,3,0,3.440329677445476e-14
2025-03-20 04:00:00,3,0,4.1261646877500295e-14
2025-03-20 05:00:00,3,0,4.92010236728308e-14
2025-03-20 06:00:00,3,0,6.002203768207487e-14
2025-03-20 07:00:00,3,0,7.434776668120643e-14
2025-03-20 08:00:00,3,0,2.159964139957482e-12
2025-03-20 09:00:00,3,0,5.080208738330892e-09
2025-03-20 10:00:00,3,0,4.544869860772558e-05
2025-03-20 11:00:00,3,0,0.03588004200300715
2025-03-20 12:00:00,3,0,0.3579665633516063
2025-03-20 13:00:00,3,1,0.7830574098376575
2025-03-20 14:00:00,3,1,0.04083496742292724
2025-03-20 15:00:00,3,1,0.558659474976877
2025-03-20 16:00:00,3,0,0.22081954733667783
2025-03-20 17:00:00,3,0,7.898913175001292e-05
2025-03-20 18:00:00,3,0,2.8060799237971994e-09
2025-03-20 19:00:00,3,0,6.458738845722007e-13
2025-03-20 20:00:00,3,0,3.2693056679185046e-14
2025-03-20 21:00:00,3,0,2.8723529172161873e-14
2025-03-20 22:00:00,3,0,2.6643624979592166e-14
2025-03-20 23:00:00,3,0,3.4772396437912873e-14
2025-03-21 00:00:00,3,0,3.2628919627844885e-14
2025-03-21 01:00:00,3,0,2.857292420382451e-14
2025-03-21 02:00:00,3,0,2.938486428962198e-14
2025-03-21 03:00:00,3,0,3.3994566604871286e-14
2025-03-21 04:00:00,3,0,4.0528518477740753e-14
2025-03-21 05:00:00,3,0,4.92010236728308e-14
2025-03-21 06:00:00,3,0,6.002203768207487e-14
2025-03-21 07:00:00,3,0,7.259167561077143e-14
2025-03-21 08:00:00,3,0,2.296471202475027e-12
2025-03-21 09:00:00,3,0,5.43744395203125e-09
2025-03-21 10:00:00,3,0,0.00026345295024228976
2025-03-21 11:00:00,3,1,0.03414993273188827
2025-03-21 12:00:00,3,1,0.9938886722607865
2025-03-21 13:00:00,3,1,0.9999776271600789
2025-03-21 14:00:00,3,1,0.9992608294247718
2025-03-21 15:00:00,3,1,0.9981053529035195
2025-03-21 16:00:00,3,1,0.15002689017104046
2025-03-21 17:00:00,3,0,4.43152025353017e-05
2025-03-21 18:00:00,3,0,3.732312580406972e-09
2025-03-21 19:00:00,3,0,7.564988954307233e-13
2025-03-21 20:00:00,3,0,3.408940283614088e-14
2025-03-21 21:00:00,3,0,2.845657232460042e-14
2025-03-21 22:00:00,3,0,2.5927078684922844e-14
2025-03-21 23:00:00,3,0,2.494930424317673e-14
2025-03-22 00:00:00,3,0,2.4935337446758966e-14
2025-03-22 01:00:00,3,0,2.6595696643306668e-14
2025-03-22 02:00:00,3,0,2.938486428962198e-14
2025-03-22 03:00:00,3,0,3.3994566604871286e-14
2025-03-22 04:00:00,3,0,4.0528518477740753e-14
2025-03-22 05:00:00,3,0,4.92010236728308e-14
2025-03-22 06:00:00,3,0,6.002203768207487e-14
2025-03-22 07:00:00,3,0,7.259167561077143e-14
2025-03-22 08:00:00,3,0,2.663732463223806e-12
2025-03-22 09:00:00,3,0,1.341140065959702e-08
2025-03-22 10:00:00,3,0,0.0004255748182150304
2025-03-22 11:00:00,3,1,0.6189543077331296
2025-03-22 12:00:00,3,1,0.9903716027615354
2025-03-22 13:00:00,3,1,0.9995975930031131
2025-03-22 14:00:00,3,1,0.9999346209664508
2025-03-22 15:00:00,3,1,0.9886279832847908
2025-03-22 16:00:00,3,0,0.11880240137000629
2025-03-22 17:00:00,3,0,4.6795451827995084e-05
2025-03-22 18:00:00,3,0,3.668373285935112e-09
2025-03-22 19:00:00,3,0,8.151704244466157e-13
2025-03-22 20:00:00,3,0,3.3975119476817135e-14
2025-03-22 21:00:00,3,0,2.845657232460042e-14
2025-03-22 22:00:00,3,0,2.5927078684922844e-14
2025-03-22 23:00:00,3,0,2.4800664601499867e-14
2025-03-23 00:00:00,3,0,2.4935337446758966e-14
2025-03-23 01:00:00,3,0,2.6437238811820274e-14
2025-03-23 02:00:00,3,0,2.938486428962198e-14
2025-03-23 03:00:00,3,0,3.3994566604871286e-14
2025-03-23 04:00:00,3,0,4.0528518477740753e-14
2025-03-23 05:00:00,3,0,4.9495921622408723e-14
2025-03-23 06:00:00,3,0,6.002203768207487e-14
2025-03-23 07:00:00,3,0,7.546052493970424e-14
2025-03-23 08:00:00,3,0,3.3719746176275553e-12
2025-03-23 09:00:00,3,0,1.752367736082019e-08
2025-03-23 10:00:00,3,0,0.0008962101910813407
2025-03-23 11:00:00,3,1,0.8015993004322772
2025-03-23 12:00:00,3,1,0.9920916949045111
2025-03-23 13:00:00,3,1,0.9999412861646845
2025-03-23 14:00:00,3,1,0.9999254640853225
2025-03-23 15:00:00,3,1,0.9935291779752551
2025-03-23 16:00:00,3,1,0.3235365319494401
2025-03-23 17:00:00,3,0,0.0001358198662784816
2025-03-23 18:00:00,3,0,2.54439850731065e-09
2025-03-23 19:00:00,3,0,8.089021287371014e-13
2025-03-23 20:00:00,3,0,3.258330644928336e-14
2025-03-23 21:00:00,3,0,3.836529873570118e-14
2025-03-23 22:00:00,3,0,2.671340112099356e-14
2025-03-23 23:00:00,3,0,2.6804016610542873e-14
2025-03-24 00:00:00,3,0,4.5325531333795894e-14
2025-03-24 01:00:00,3,0,2.8233462080996888e-14
2025-03-24 02:00:00,3,0,3.009572400391813e-14
2025-03-24 03:00:00,3,0,3.3994566604871286e-14
2025-03-24 04:00:00,3,0,5.431618750043796e-14
2025-03-24 05:00:00,3,0,4.92010236728308e-14
2025-03-24 06:00:00,3,0,6.002203768207487e-14
2025-03-24 07:00:00,3,0,8.003161752717879e-14
2025-03-24 08:00:00,3,0,3.9611867691577576e-12
2025-03-24 09:00:00,3,0,1.542244418458806e-08
2025-03-24 10:00:00,3,0,0.0004206705640869828
2025-03-24 11:00:00,3,0,0.7601057075818417
2025-03-24 12:00:00,3,1,0.9955686721667079
2025-03-24 13:00:00,3,1,0.9999056328233816
2025-03-24 14:00:00,3,1,0.9998574920623686
2025-03-24 15:00:00,3,1,0.9902643283816841
2025-03-24 16:00:00,3,0,0.29253853098463367
2025-03-24 17:00:00,3,0,4.7616639094175286e-05
2025-03-24 18:00:00,3,0,3.696583358164472e-09
2025-03-24 19:00:00,3,0,8.598301217832241e-13
2025-03-24 20:00:00,3,0,3.6939641127025097e-14
2025-03-24 21:00:00,3,0,2.845657232460042e-14
2025-03-24 22:00:00,3,0,2.5927078684922844e-14
2025-03-24 23:00:00,3,0,3.6257552830925626e-14
2025-03-25 00:00:00,3,0,4.295220018009411e-14
2025-03-25 01:00:00,3,0,3.459421963768714e-14
2025-03-25 02:00:00,3,0,3.156944942438058e-14
2025-03-25 03:00:00,3,0,3.4198321064437593e-14
2025-03-25 04:00:00,3,0,6.231902345269611e-14
2025-03-25 05:00:00,3,0,6.211406094296187e-14
2025-03-25 06:00:00,3,0,8.488613784817937e-14
2025-03-25 07:00:00,3,0,8.753524190626674e-14
2025-03-25 08:00:00,3,0,4.93993666069608e-12
2025-03-25 09:00:00,3,0,2.6702557440064952e-08
2025-03-25 10:00:00,3,0,0.001848589567466222
2025-03-25 11:00:00,3,1,0.7511638331154868
2025-03-25 12:00:00,3,1,0.9942114383773619
2025-03-25 13:00:00,3,1,0.9999800176073609
2025-03-25 14:00:00,3,1,0.9999112206831138
2025-03-25 15:00:00,3,1,0.9887025428957313
2025-03-25 16:00:00,3,1,0.011581875846076105
2025-03-25 17:00:00,3,0,5.9253444462531565e-06
2025-03-25 18:00:00,3,0,2.9319289180359113e-09
2025-03-25 19:00:00,3,0,9.470384596644565e-13
2025-03-25 20:00:00,3,0,4.541210342299028e-14
2025-03-25 21:00:00,3,0,4.28639259834063e-14
2025-03-25 22:00:00,3,0,4.709611468042395e-14
2025-03-25 23:00:00,3,0,3.848990760853286e-14
2025-03-26 00:00:00,3,0,4.5325531333795894e-14
2025-03-26 01:00:00,3,0,4.805557168427062e-14
2025-03-26 02:00:00,3,0,5.341353771299019e-14
2025-03-26 03:00:00,3,0,6.179269869989933e-14
2025-03-26 04:00:00,3,0,7.366961197526954e-14
2025-03-26 05:00:00,3,0,8.943382237754876e-14
2025-03-26 06:00:00,3,0,1.0910342623138202e-13
2025-03-26 07:00:00,3,0,1.3108058578378796e-13
2025-03-26 08:00:00,3,0,4.946696495098686e-12
2025-03-26 09:00:00,3,0,1.1682848405346563e-09
2025-03-26 10:00:00,3,0,2.3062381893140353e-06
2025-03-26 11:00:00,3,0,0.003332184660658308
2025-03-26 12:00:00,3,1,0.9188330191976899
2025-03-26 13:00:00,3,1,0.9974674661818589
2025-03-26 14:00:00,3,1,0.9969769931486703
2025-03-26 15:00:00,3,1,0.0018537179875081722
2025-03-26 16:00:00,3,1,0.011433577602995576
2025-03-26 17:00:00,3,0,2.7443708510572993e-05
2025-03-26 18:00:00,3,0,1.330570404074719e-08
2025-03-26 19:00:00,3,0,9.387250001942997e-13
2025-03-26 20:00:00,3,0,5.904506973091173e-14
2025-03-26 21:00:00,3,0,5.1690898534994177e-14
2025-03-26 22:00:00,3,0,4.321294820582356e-14
2025-03-26 23:00:00,3,0,4.505000190793556e-14
2025-03-27 00:00:00,3,0,4.5325531333795894e-14
2025-03-27 01:00:00,3,0,4.805557168427062e-14
2025-03-27 02:00:00,3,0,5.215191223578774e-14
2025-03-27 03:00:00,3,0,6.179269869989933e-14
2025-03-27 04:00:00,3,0,7.366961197526954e-14
2025-03-27 05:00:00,3,0,8.943382237754876e-14
2025-03-27 06:00:00,3,0,1.0910342623138202e-13
2025-03-27 07:00:00,3,0,1.3483863405723557e-13
2025-03-27 08:00:00,3,0,3.858875340663143e-12
2025-03-27 09:00:00,3,0,1.3437027628749313e-09
2025-03-27 10:00:00,3,0,2.4154492618270834e-05
2025-03-27 11:00:00,3,0,0.13580870574900855
2025-03-27 12:00:00,3,0,0.9928270189270751
2025-03-27 13:00:00,3,1,0.999986507626883
2025-03-27 14:00:00,3,1,0.9998609952402294
2025-03-27 15:00:00,3,1,0.95778790796084
2025-03-27 16:00:00,3,0,0.03349645639358985
2025-03-27 17:00:00,3,0,1.3122365823926226e-05
2025-03-27 18:00:00,3,0,3.2015510559727683e-09
2025-03-27 19:00:00,3,0,1.155325056258996e-12
2025-03-27 20:00:00,3,0,4.706961503138518e-14
2025-03-27 21:00:00,3,0,5.040384369232483e-14
2025-03-27 22:00:00,3,0,4.18890990605101e-14
2025-03-27 23:00:00,3,0,3.538294469061301e-14
2025-03-28 00:00:00,3,0,2.947698042106724e-14
2025-03-28 01:00:00,3,0,3.0332447495971205e-14
2025-03-28 02:00:00,3,0,3.6220827521276477e-14
2025-03-28 03:00:00,3,0,4.291659856237036e-14
2025-03-28 04:00:00,3,0,5.303324147384681e-14
2025-03-28 05:00:00,3,0,6.673186189171095e-14
2025-03-28 06:00:00,3,0,9.974915860985444e-14
2025-03-28 07:00:00,3,0,1.0154176144060258e-13
2025-03-28 08:00:00,3,0,5.1548037630772e-12
2025-03-28 09:00:00,3,0,2.384430808603883e-08
2025-03-28 10:00:00,3,0,9.610510774010085e-05
2025-03-28 11:00:00,3,1,0.37193535945010214
2025-03-28 12:00:00,3,1,0.9938732097868421
2025-03-28 13:00:00,3,1,0.6243080606031097
2025-03-28 14:00:00,3,1,0.9865357560687535
2025-03-28 15:00:00,3,1,0.9582280935345628
2025-03-28 16:00:00,3,1,0.03352411741402715
2025-03-28 17:00:00,3,0,1.5859929355280814e-05
2025-03-28 18:00:00,3,0,5.521024251767732e-09
2025-03-28 19:00:00,3,0,1.5126196242105315e-12
2025-03-28 20:00:00,3,0,5.91870436253665e-14
2025-03-28 21:00:00,3,0,5.1690898534994177e-14
2025-03-28 22:00:00,3,0,4.3849327957139564e-14
2025-03-28 23:00:00,3,0,2.664432721056366e-14
2025-03-29 00:00:00,3,0,2.647085781289768e-14
2025-03-29 01:00:00,3,0,2.789803295570262e-14
2025-03-29 02:00:00,3,0,3.985499810981708e-14
2025-03-29 03:00:00,3,0,3.7855107730819864e-14
2025-03-29 04:00:00,3,0,4.45948957509382e-14
2025-03-29 05:00:00,3,0,5.921445159757051e-14
2025-03-29 06:00:00,3,0,6.525962993461105e-14
2025-03-29 07:00:00,3,0,1.1164865725884791e-13
2025-03-29 08:00:00,3,0,5.612579455030583e-12
2025-03-29 09:00:00,3,0,4.987108179252829e-09
2025-03-29 10:00:00,3,0,0.0002701698427912137
2025-03-29 11:00:00,3,0,0.31110064326654
2025-03-29 12:00:00,3,1,0.9974111907778397
2025-03-29 13:00:00,3,1,0.9998827342677196
2025-03-29 14:00:00,3,1,0.9995500678665276
2025-03-29 15:00:00,3,1,0.8779416417163683
2025-03-29 16:00:00,3,0,0.13234948543708022
2025-03-29 17:00:00,3,0,6.809929007195602e-05
2025-03-29 18:00:00,3,0,6.733526191217242e-09
2025-03-29 19:00:00,3,0,1.5303055450775522e-12
2025-03-29 20:00:00,3,0,4.17680197962837e-14
2025-03-29 21:00:00,3,0,2.941827147370703e-14
2025-03-29 22:00:00,3,0,2.5927078684922844e-14
2025-03-29 23:00:00,3,0,2.4800664601499867e-14
2025-03-30 00:00:00,3,0,2.4935337446758966e-14
2025-03-30 01:00:00,3,0,2.6437238811820274e-14
2025-03-30 02:00:00,3,0,3.6876033245937356e-14
2025-03-30 03:00:00,3,0,3.9708794139892136e-14
2025-03-30 04:00:00,3,0,4.936337604748472e-14
2025-03-30 05:00:00,3,0,7.935901376399187e-14
2025-03-30 06:00:00,3,0,1.0910342623138202e-13
2025-03-30 07:00:00,3,0,1.424329236034867e-13
2025-03-30 08:00:00,3,0,1.1834321980846744e-11
2025-03-30 09:00:00,3,0,4.1561949279011044e-08
2025-03-30 10:00:00,3,0,0.0014712501784241478
2025-03-30 11:00:00,3,0,0.00781280759718527
2025-03-30 12:00:00,3,1,0.9490237893152329
2025-03-30 13:00:00,3,1,0.775379132131289
2025-03-30 14:00:00,3,1,0.9935193532140082
2025-03-30 15:00:00,3,1,0.7558256748027825
2025-03-30 16:00:00,3,1,0.1080405248846508
2025-03-30 17:00:00,3,0,0.0002045020263467585
2025-03-30 18:00:00,3,0,1.018576783395801e-08
2025-03-30 19:00:00,3,0,1.1993177033283495e-12
2025-03-30 20:00:00,3,0,3.438359103051039e-14
2025-03-30 21:00:00,3,0,2.862712318610534e-14
2025-03-30 22:00:00,3,0,3.101752808339214e-14
2025-03-30 23:00:00,3,0,4.3216384725529775e-14
2025-03-31 00:00:00,3,0,4.5325531333795894e-14
2025-03-31 01:00:00,3,0,4.0168484980147914e-14
2025-03-31 02:00:00,3,0,4.4116646668588676e-14
2025-03-31 03:00:00,3,0,6.179269869989933e-14
2025-03-31 04:00:00,3,0,7.366961197526954e-14
2025-03-31 05:00:00,3,0,8.943382237754876e-14
2025-03-31 06:00:00,3,0,1.0910342623138202e-13
2025-03-31 07:00:00,3,0,1.402758494729065e-13
2025-03-31 08:00:00,3,0,8.01437566018852e-13
2025-03-31 09:00:00,3,0,4.770626950948656e-11
2025-03-31 10:00:00,3,0,1.0316994824873227e-10
2025-03-31 11:00:00,3,0,1.4813369723909898e-08
2025-03-31 12:00:00,3,0,3.3115458777056144e-08
2025-03-31 13:00:00,3,0,4.5001619509111106e-07
2025-03-31 14:00:00,3,0,1.346392680970076e-05
2025-03-31 15:00:00,3,0,9.574038843450068e-08
2025-03-31 16:00:00,3,0,4.8431637797461e-07
2025-03-31 17:00:00,3,0,2.1501945024077723e-07
2025-03-31 18:00:00,3,0,1.4879279638261614e-09
2025-03-31 19:00:00,3,0,1.0929314380443819e-12
2025-03-31 20:00:00,3,0,4.87066267122113e-14
2025-03-31 21:00:00,3,0,4.373095976791446e-14
2025-03-31 22:00:00,3,0,3.9975872870389284e-14
2025-03-31 23:00:00,3,0,3.580805228370233e-14
2025-04-01 00:00:00,4,0,4.200954202008154e-10
2025-04-01 01:00:00,4,0,8.890514262902507e-10
2025-04-01 02:00:00,4,0,4.13955330519058e-11
2025-04-01 03:00:00,4,0,3.71087566775692e-11
2025-04-01 04:00:00,4,0,1.5314040540816048e-10
2025-04-01 05:00:00,4,0,5.857335888892949e-10
2025-04-01 06:00:00,4,0,8.373291716074853e-09
2025-04-01 07:00:00,4,0,1.8491268061488924e-09
2025-04-01 08:00:00,4,0,5.147718884586488e-07
2025-04-01 09:00:00,4,0,0.0001388952039670125
2025-04-01 10:00:00,4,0,0.0009965519739893306
2025-04-01 11:00:00,4,0,0.02379909638256025
2025-04-01 12:00:00,4,1,0.2822481047290305
2025-04-01 13:00:00,4,1,0.9629372930683362
2025-04-01 14:00:00,4,1,0.982432631034236
2025-04-01 15:00:00,4,1,0.9756002273782358
2025-04-01 16:00:00,4,0,0.4377785080300183
2025-04-01 17:00:00,4,0,0.0020004345894866393
2025-04-01 18:00:00,4,0,1.8878222590520628e-06
2025-04-01 19:00:00,4,0,6.560940647568946e-10
2025-04-01 20:00:00,4,0,2.3515838547601075e-09
2025-04-01 21:00:00,4,0,8.557881927114812e-09
2025-04-01 22:00:00,4,0,1.788121181706308e-08
2025-04-01 23:00:00,4,0,1.8647517416553804e-08
2025-04-02 00:00:00,4,0,9.88595248546166e-09
2025-04-02 01:00:00,4,0,1.525758806770737e-08
2025-04-02 02:00:00,4,0,1.2141053194418418e-08
2025-04-02 03:00:00,4,0,2.251297615382428e-09
2025-04-02 04:00:00,4,0,1.0199759744888036e-09
2025-04-02 05:00:00,4,0,2.0762451857708505e-09
2025-04-02 06:00:00,4,0,6.133327833536826e-09
2025-04-02 07:00:00,4,0,7.033251289255525e-08
2025-04-02 08:00:00,4,0,7.347906333790323e-07
2025-04-02 09:00:00,4,0,1.1449494561105192e-05
2025-04-02 10:00:00,4,0,0.0014076123198492514
2025-04-02 11:00:00,4,1,0.21509110466214218
2025-04-02 12:00:00,4,1,0.9168074800172902
2025-04-02 13:00:00,4,1,0.9986498618354293
2025-04-02 14:00:00,4,1,0.9999762209610652
2025-04-02 15:00:00,4,1,0.9918253712476328
2025-04-02 16:00:00,4,1,0.20846963318021142
2025-04-02 17:00:00,4,0,0.002869938438803537
2025-04-02 18:00:00,4,0,5.0936551934953165e-06
2025-04-02 19:00:00,4,0,1.362371878276747e-10
2025-04-02 20:00:00,4,0,1.8114141843413087e-11
2025-04-02 21:00:00,4,0,1.5661907616682146e-11
2025-04-02 22:00:00,4,0,1.3515050958628473e-10
2025-04-02 23:00:00,4,0,1.0285058711938068e-10
2025-04-03 00:00:00,4,0,2.1172738223122668e-11
2025-04-03 01:00:00,4,0,6.138381139681212e-11
2025-04-03 02:00:00,4,0,1.3843519399177613e-11
2025-04-03 03:00:00,4,0,7.025980509477548e-11
2025-04-03 04:00:00,4,0,2.556615356291006e-12
2025-04-03 05:00:00,4,0,7.385666909199789e-14
2025-04-03 06:00:00,4,0,1.4458732561458298e-12
2025-04-03 07:00:00,4,0,1.9943228603336513e-09
2025-04-03 08:00:00,4,0,5.905958153840844e-10
2025-04-03 09:00:00,4,0,1.0130164665751444e-05
2025-04-03 10:00:00,4,0,0.03631941017485973
2025-04-03 11:00:00,4,1,0.6410260108551014
2025-04-03 12:00:00,4,1,0.9969475679005367
2025-04-03 13:00:00,4,1,0.9998323422031687
2025-04-03 14:00:00,4,1,0.9992504588480303
2025-04-03 15:00:00,4,1,0.9928722942684555
2025-04-03 16:00:00,4,0,0.572986426204274
2025-04-03 17:00:00,4,0,0.0028072713005225
2025-04-03 18:00:00,4,0,2.594813566604298e-06
2025-04-03 19:00:00,4,0,2.2773075101388325e-09
2025-04-03 20:00:00,4,0,9.078708802942763e-13
2025-04-03 21:00:00,4,0,9.179643870574654e-13
2025-04-03 22:00:00,4,0,1.9180694195333574e-12
2025-04-03 23:00:00,4,0,8.264148658339042e-12
2025-04-04 00:00:00,4,0,1.1272199578738387e-11
2025-04-04 01:00:00,4,0,1.349784071647582e-10
2025-04-04 02:00:00,4,0,5.521358119256257e-09
2025-04-04 03:00:00,4,0,2.635572702629421e-09
2025-04-04 04:00:00,4,0,1.1940761709592414e-09
2025-04-04 05:00:00,4,0,3.899841855934855e-09
2025-04-04 06:00:00,4,0,6.133327833536826e-09
2025-04-04 07:00:00,4,0,7.767447240707847e-09
2025-04-04 08:00:00,4,0,4.3215997380556316e-08
2025-04-04 09:00:00,4,0,3.917662737199049e-06
2025-04-04 10:00:00,4,0,0.012528611225584026
2025-04-04 11:00:00,4,1,0.540939641747941
2025-04-04 12:00:00,4,1,0.9782841325900151
2025-04-04 13:00:00,4,1,0.9994587603094491
2025-04-04 14:00:00,4,1,0.9984911004582381
2025-04-04 15:00:00,4,1,0.9937842430407994
2025-04-04 16:00:00,4,1,0.4387583194622456
2025-04-04 17:00:00,4,0,0.005842648650437338
2025-04-04 18:00:00,4,0,0.000247237480514679
2025-04-04 19:00:00,4,0,3.947001313246221e-06
2025-04-04 20:00:00,4,0,1.433770512163994e-07
2025-04-04 21:00:00,4,0,3.209304100742441e-07
2025-04-04 22:00:00,4,0,3.698422690567838e-09
2025-04-04 23:00:00,4,0,9.339838086305863e-10
2025-04-05 00:00:00,4,0,3.085265560609484e-10
2025-04-05 01:00:00,4,0,4.76212746434653e-10
2025-04-05 02:00:00,4,0,1.0739737799768053e-10
2025-04-05 03:00:00,4,0,3.9771312765421577e-10
2025-04-05 04:00:00,4,0,3.0738634326963517e-09
2025-04-05 05:00:00,4,0,8.065403535870774e-10
2025-04-05 06:00:00,4,0,8.93659597409653e-08
2025-04-05 07:00:00,4,0,2.019209944987449e-07
2025-04-05 08:00:00,4,0,4.558378385247755e-06
2025-04-05 09:00:00,4,0,0.0032475195519746872
2025-04-05 10:00:00,4,0,0.04522611992870151
2025-04-05 11:00:00,4,1,0.848167691001956
2025-04-05 12:00:00,4,1,0.9989409713061944
2025-04-05 13:00:00,4,1,0.9998957085396053
2025-04-05 14:00:00,4,1,0.9990802985067831
2025-04-05 15:00:00,4,1,0.9270834674950875
2025-04-05 16:00:00,4,0,0.6626314959185803
2025-04-05 17:00:00,4,0,0.01760277520845615
2025-04-05 18:00:00,4,0,3.0351247286603837e-05
2025-04-05 19:00:00,4,0,5.030057507550175e-06
2025-04-05 20:00:00,4,0,5.068960614543127e-07
2025-04-05 21:00:00,4,0,2.5128049598145244e-11
2025-04-05 22:00:00,4,0,7.451253985489409e-13
2025-04-05 23:00:00,4,0,3.324402439407935e-14
2025-04-06 00:00:00,4,0,2.8252453388595362e-14
2025-04-06 01:00:00,4,0,2.7179305962559257e-14
2025-04-06 02:00:00,4,0,4.7553396822702196e-14
2025-04-06 03:00:00,4,0,8.515255763680541e-13
2025-04-06 04:00:00,4,0,2.7190793479059866e-11
2025-04-06 05:00:00,4,0,1.0396303192935884e-10
2025-04-06 06:00:00,4,0,1.7997888155448574e-11
2025-04-06 07:00:00,4,0,2.0100945033810742e-12
2025-04-06 08:00:00,4,0,2.128117569532765e-10
2025-04-06 09:00:00,4,0,9.784978803521151e-06
2025-04-06 10:00:00,4,0,0.036127239398182895
2025-04-06 11:00:00,4,1,0.9607574302493277
2025-04-06 12:00:00,4,1,0.9961287204188227
2025-04-06 13:00:00,4,1,0.9990128537556515
2025-04-06 14:00:00,4,1,0.9999229942781284
2025-04-06 15:00:00,4,1,0.7959780245582757
2025-04-06 16:00:00,4,0,0.03631775511673843
2025-04-06 17:00:00,4,0,0.0010176677516165855
2025-04-06 18:00:00,4,0,8.040682049068363e-05
2025-04-06 19:00:00,4,0,2.9229125277522973e-08
2025-04-06 20:00:00,4,0,2.3021395887198953e-07
2025-04-06 21:00:00,4,0,4.398336517361579e-07
2025-04-06 22:00:00,4,0,3.0496702844768876e-07
2025-04-06 23:00:00,4,0,1.9824543912806102e-07
2025-04-07 00:00:00,4,0,1.9741923689467756e-07
2025-04-07 01:00:00,4,0,1.3032958736509097e-08
2025-04-07 02:00:00,4,0,2.7646885650024e-10
2025-04-07 03:00:00,4,0,2.544877131263234e-07
2025-04-07 04:00:00,4,0,9.593091751426259e-11
2025-04-07 05:00:00,4,0,5.160869537511885e-07
2025-04-07 06:00:00,4,0,8.116558738519761e-07
2025-04-07 07:00:00,4,0,1.465366632266707e-06
2025-04-07 08:00:00,4,0,9.741798425447534e-06
2025-04-07 09:00:00,4,0,0.00043594321095137946
2025-04-07 10:00:00,4,0,0.015645345545773442
2025-04-07 11:00:00,4,1,0.15810976646752542
2025-04-07 12:00:00,4,1,0.9785036568883688
2025-04-07 13:00:00,4,1,0.9616851222808452
2025-04-07 14:00:00,4,1,0.9537294367812439
2025-04-07 15:00:00,4,1,0.9991087482191418
2025-04-07 16:00:00,4,1,0.831298023276873
2025-04-07 17:00:00,4,0,0.12645076970653052
2025-04-07 18:00:00,4,0,0.0004983530572940985
2025-04-07 19:00:00,4,0,5.670530957027024e-06
2025-04-07 20:00:00,4,0,6.964611095109623e-07
2025-04-07 21:00:00,4,0,4.398336517361579e-07
2025-04-07 22:00:00,4,0,3.0496702844768876e-07
2025-04-07 23:00:00,4,0,2.3208229335580527e-07
2025-04-08 00:00:00,4,0,1.9741923689467756e-07
2025-04-08 01:00:00,4,0,1.8992042244578681e-07
2025-04-08 02:00:00,4,0,1.1825089161404061e-11
2025-04-08 03:00:00,4,0,3.74057685436656e-11
2025-04-08 04:00:00,4,0,2.7190793479059866e-11
2025-04-08 05:00:00,4,0,1.4248302136117119e-10
2025-04-08 06:00:00,4,0,1.9141246223641582e-10
2025-04-08 07:00:00,4,0,6.726678886452625e-09
2025-04-08 08:00:00,4,0,4.277840546803253e-06
2025-04-08 09:00:00,4,0,6.070102333864447e-05
2025-04-08 10:00:00,4,0,0.014242871988574385
2025-04-08 11:00:00,4,1,0.9797053080575612
2025-04-08 12:00:00,4,1,0.9999297127294327
2025-04-08 13:00:00,4,1,0.9999782294968578
2025-04-08 14:00:00,4,1,0.9999974283929867
2025-04-08 15:00:00,4,1,0.9999561028649596
2025-04-08 16:00:00,4,1,0.966554946006576
2025-04-08 17:00:00,4,0,0.004835293916269418
2025-04-08 18:00:00,4,0,1.962399252094315e-06
2025-04-08 19:00:00,4,0,2.968404621616055e-09
2025-04-08 20:00:00,4,0,4.3808642997523685e-12
2025-04-08 21:00:00,4,0,3.127284806557138e-10
2025-04-08 22:00:00,4,0,1.488281608535848e-11
2025-04-08 23:00:00,4,0,3.7574080636069465e-12
2025-04-09 00:00:00,4,0,1.1272199578738387e-11
2025-04-09 01:00:00,4,0,6.758722199158982e-12
2025-04-09 02:00:00,4,0,1.5238145465984232e-12
2025-04-09 03:00:00,4,0,1.1985731741810396e-09
2025-04-09 04:00:00,4,0,2.2428508281214903e-09
2025-04-09 05:00:00,4,0,8.065403535870774e-10
2025-04-09 06:00:00,4,0,1.738439029916991e-09
2025-04-09 07:00:00,4,0,8.314871992481288e-10
2025-04-09 08:00:00,4,0,5.680608949718873e-08
2025-04-09 09:00:00,4,0,7.870618290055812e-05
2025-04-09 10:00:00,4,0,0.009537071904666551
2025-04-09 11:00:00,4,0,0.3658302932217705
2025-04-09 12:00:00,4,0,0.9919075980173435
2025-04-09 13:00:00,4,1,0.9995488852463954
2025-04-09 14:00:00,4,1,0.9996898070020497
2025-04-09 15:00:00,4,1,0.9980249441450036
2025-04-09 16:00:00,4,1,0.8053884802112385
2025-04-09 17:00:00,4,0,0.0058299296916030485
2025-04-09 18:00:00,4,0,1.0981633471359647e-06
2025-04-09 19:00:00,4,0,1.4001234965085337e-09
2025-04-09 20:00:00,4,0,2.012486570750262e-10
2025-04-09 21:00:00,4,0,1.9491861294429092e-10
2025-04-09 22:00:00,4,0,2.168362112056013e-10
2025-04-09 23:00:00,4,0,1.0285058711938068e-10
2025-04-10 00:00:00,4,0,7.469882060001523e-11
2025-04-10 01:00:00,4,0,9.848727462231812e-11
2025-04-10 02:00:00,4,0,3.2365946047566196e-10
2025-04-10 03:00:00,4,0,4.65598975405305e-10
2025-04-10 04:00:00,4,0,6.357167777170656e-10
2025-04-10 05:00:00,4,0,2.28606926383462e-10
2025-04-10 06:00:00,4,0,3.595328424257154e-10
2025-04-10 07:00:00,4,0,1.946543586470586e-09
2025-04-10 08:00:00,4,0,5.551522498903739e-07
2025-04-10 09:00:00,4,0,0.0018513620950178812
2025-04-10 10:00:00,4,0,0.009581780607930301
2025-04-10 11:00:00,4,1,0.806069890264155
2025-04-10 12:00:00,4,1,0.9347397221752473
2025-04-10 13:00:00,4,1,0.9862061530716187
2025-04-10 14:00:00,4,1,0.9827478291033508
2025-04-10 15:00:00,4,1,0.950494154436193
2025-04-10 16:00:00,4,1,0.3538343038851257
2025-04-10 17:00:00,4,0,0.0030745702775224594
2025-04-10 18:00:00,4,0,1.1404457205400432e-06
2025-04-10 19:00:00,4,0,4.883054481135035e-09
2025-04-10 20:00:00,4,0,1.2529257765985919e-10
2025-04-10 21:00:00,4,0,1.3374930569730839e-11
2025-04-10 22:00:00,4,0,1.488281608535848e-11
2025-04-10 23:00:00,4,0,2.647494219387524e-10
2025-04-11 00:00:00,4,0,3.280378028102672e-09
2025-04-11 01:00:00,4,0,8.636889871144593e-08
2025-04-11 02:00:00,4,0,2.071024416791811e-07
2025-04-11 03:00:00,4,0,2.1173934630221657e-10
2025-04-11 04:00:00,4,0,1.2365492922974508e-11
2025-04-11 05:00:00,4,0,3.5712626739752e-13
2025-04-11 06:00:00,4,0,1.591934945923144e-13
2025-04-11 07:00:00,4,0,4.381444846707526e-12
2025-04-11 08:00:00,4,0,3.5100893928598663e-10
2025-04-11 09:00:00,4,0,7.381506900768921e-06
2025-04-11 10:00:00,4,0,0.09951841857732013
2025-04-11 11:00:00,4,1,0.9954943683609931
2025-04-11 12:00:00,4,1,0.999993374946032
2025-04-11 13:00:00,4,1,0.9999992926983998
2025-04-11 14:00:00,4,1,0.999998908974479
2025-04-11 15:00:00,4,1,0.9999630720567636
2025-04-11 16:00:00,4,1,0.9809754072926248
2025-04-11 17:00:00,4,0,0.0025040570533621217
2025-04-11 18:00:00,4,0,3.367701012870486e-05
2025-04-11 19:00:00,4,0,5.733035426773258e-06
2025-04-11 20:00:00,4,0,7.096640862063646e-07
2025-04-11 21:00:00,4,0,4.398336517361579e-07
2025-04-11 22:00:00,4,0,3.0496702844768876e-07
2025-04-11 23:00:00,4,0,2.3208229335580527e-07
2025-04-12 00:00:00,4,0,1.9741923689467756e-07
2025-04-12 01:00:00,4,0,1.5801793732896345e-10
2025-04-12 02:00:00,4,0,1.9477907931620868e-08
2025-04-12 03:00:00,4,0,2.544877131263234e-07
2025-04-12 04:00:00,4,0,3.474708976773887e-07
2025-04-12 05:00:00,4,0,5.160869537511885e-07
2025-04-12 06:00:00,4,0,8.116558738519761e-07
2025-04-12 07:00:00,4,0,1.6368896125607224e-06
2025-04-12 08:00:00,4,0,1.1143741619579824e-05
2025-04-12 09:00:00,4,0,0.0006823087304219916
2025-04-12 10:00:00,4,0,0.03643665289350717
2025-04-12 11:00:00,4,0,0.41178348493556277
2025-04-12 12:00:00,4,0,0.9605203214463137
2025-04-12 13:00:00,4,1,0.9845693883378697
2025-04-12 14:00:00,4,0,0.9741707971843852
2025-04-12 15:00:00,4,0,0.6773934356179223
2025-04-12 16:00:00,4,0,0.088484215007343
2025-04-12 17:00:00,4,0,0.02328468505729007
2025-04-12 18:00:00,4,0,2.6666968008295193e-05
2025-04-12 19:00:00,4,0,1.4238694427299225e-10
2025-04-12 20:00:00,4,0,1.722341748631651e-13
2025-04-12 21:00:00,4,0,1.2580681014674467e-12
2025-04-12 22:00:00,4,0,1.5411246852242097e-13
2025-04-12 23:00:00,4,0,3.324402439407935e-14
2025-04-13 00:00:00,4,0,2.8252453388595362e-14
2025-04-13 01:00:00,4,0,2.7179305962559257e-14
2025-04-13 02:00:00,4,0,2.963820663527754e-14
2025-04-13 03:00:00,4,0,3.641946335363606e-14
2025-04-13 04:00:00,4,0,4.972619167201201e-14
2025-04-13 05:00:00,4,0,8.646352257663599e-14
2025-04-13 06:00:00,4,0,1.3598221424858508e-13
2025-04-13 07:00:00,4,0,4.718577085838706e-13
2025-04-13 08:00:00,4,0,7.383316814545656e-10
2025-04-13 09:00:00,4,0,9.088756083428828e-06
2025-04-13 10:00:00,4,0,0.2019176423701747
2025-04-13 11:00:00,4,1,0.9931717267909268
2025-04-13 12:00:00,4,1,0.9999826341371699
2025-04-13 13:00:00,4,1,0.9999984925447503
2025-04-13 14:00:00,4,1,0.9999980532589301
2025-04-13 15:00:00,4,1,0.9999171219644126
2025-04-13 16:00:00,4,1,0.9581155219303397
2025-04-13 17:00:00,4,0,0.034805137331110875
2025-04-13 18:00:00,4,0,0.0007541107011594078
2025-04-13 19:00:00,4,0,1.307743767152064e-07
2025-04-13 20:00:00,4,0,1.5083557591109398e-07
2025-04-13 21:00:00,4,0,1.291545773585231e-09
2025-04-13 22:00:00,4,0,2.0396760517654648e-11
2025-04-13 23:00:00,4,0,1.8171397358807413e-11
2025-04-14 00:00:00,4,0,2.8252453388595362e-14
2025-04-14 01:00:00,4,0,2.7179305962559257e-14
2025-04-14 02:00:00,4,0,2.963820663527754e-14
2025-04-14 03:00:00,4,0,3.641946335363606e-14
2025-04-14 04:00:00,4,0,4.972619167201201e-14
2025-04-14 05:00:00,4,0,7.385666909199789e-14
2025-04-14 06:00:00,4,0,1.1615526525944287e-13
2025-04-14 07:00:00,4,0,4.477425487148027e-13
2025-04-14 08:00:00,4,0,7.090204864763631e-10
2025-04-14 09:00:00,4,0,2.9743369196067466e-05
2025-04-14 10:00:00,4,0,0.23921878636876198
2025-04-14 11:00:00,4,1,0.9993080557153475
2025-04-14 12:00:00,4,1,0.9999977468934415
2025-04-14 13:00:00,4,1,0.9999997569027788
2025-04-14 14:00:00,4,1,0.9999994468614972
2025-04-14 15:00:00,4,1,0.9999942420280347
2025-04-14 16:00:00,4,1,0.9888557855738681
2025-04-14 17:00:00,4,0,0.006328795097711542
2025-04-14 18:00:00,4,0,2.931151784476104e-07
2025-04-14 19:00:00,4,0,1.9976532441455843e-11
2025-04-14 20:00:00,4,0,1.0425010162025384e-12
2025-04-14 21:00:00,4,0,6.30028403887981e-14
2025-04-14 22:00:00,4,0,4.3684211860538336e-14
2025-04-14 23:00:00,4,0,3.324402439407935e-14
2025-04-15 00:00:00,4,0,2.8252453388595362e-14
2025-04-15 01:00:00,4,0,2.7179305962559257e-14
2025-04-15 02:00:00,4,0,2.963820663527754e-14
2025-04-15 03:00:00,4,0,3.641946335363606e-14
2025-04-15 04:00:00,4,0,4.972619167201201e-14
2025-04-15 05:00:00,4,0,7.385666909199789e-14
2025-04-15 06:00:00,4,0,1.1615526525944287e-13
2025-04-15 07:00:00,4,0,4.654092341173033e-13
2025-04-15 08:00:00,4,0,8.279033225339178e-10
2025-04-15 09:00:00,4,0,2.2257103322240568e-05
2025-04-15 10:00:00,4,0,0.17988672777722953
2025-04-15 11:00:00,4,1,0.9985087042654517
2025-04-15 12:00:00,4,1,0.9999944660094208
2025-04-15 13:00:00,4,1,0.9999993753001902
2025-04-15 14:00:00,4,1,0.9999982710167761
2025-04-15 15:00:00,4,1,0.9999359110974386
2025-04-15 16:00:00,4,1,0.9783587960474827
2025-04-15 17:00:00,4,0,0.005576012636736932
2025-04-15 18:00:00,4,0,3.813708715663767e-07
2025-04-15 19:00:00,4,0,1.0444963887593538e-10
2025-04-15 20:00:00,4,0,3.115974910745151e-09
2025-04-15 21:00:00,4,0,1.4727984210635998e-12
2025-04-15 22:00:00,4,0,1.1244999975759701e-13
2025-04-15 23:00:00,4,0,3.324402439407935e-14
2025-04-16 00:00:00,4,0,2.8252453388595362e-14
2025-04-16 01:00:00,4,0,2.7179305962559257e-14
2025-04-16 02:00:00,4,0,2.963820663527754e-14
2025-04-16 03:00:00,4,0,3.641946335363606e-14
2025-04-16 04:00:00,4,0,4.972619167201201e-14
2025-04-16 05:00:00,4,0,7.385666909199789e-14
2025-04-16 06:00:00,4,0,1.1615526525944287e-13
2025-04-16 07:00:00,4,0,5.04077914827316e-13
2025-04-16 08:00:00,4,0,8.311539693251465e-10
2025-04-16 09:00:00,4,0,2.578971838071609e-05
2025-04-16 10:00:00,4,0,0.2707006982381493
2025-04-16 11:00:00,4,1,0.9991868503382249
2025-04-16 12:00:00,4,1,0.9999955668899889
2025-04-16 13:00:00,4,1,0.9999995084981885
2025-04-16 14:00:00,4,1,0.99999903566989
2025-04-16 15:00:00,4,1,0.9999819309110077
2025-04-16 16:00:00,4,1,0.98703837295523
2025-04-16 17:00:00,4,0,0.008875287486877652
2025-04-16 18:00:00,4,0,4.288683693659228e-07
2025-04-16 19:00:00,4,0,2.2161985605720384e-11
2025-04-16 20:00:00,4,0,1.173813027232699e-13
2025-04-16 21:00:00,4,0,6.30028403887981e-14
2025-04-16 22:00:00,4,0,4.3684211860538336e-14
2025-04-16 23:00:00,4,0,3.324402439407935e-14
2025-04-17 00:00:00,4,0,2.8252453388595362e-14
2025-04-17 01:00:00,4,0,2.7179305962559257e-14
2025-04-17 02:00:00,4,0,2.963820663527754e-14
2025-04-17 03:00:00,4,0,3.641946335363606e-14
2025-04-17 04:00:00,4,0,4.972619167201201e-14
2025-04-17 05:00:00,4,0,7.385666909199789e-14
2025-04-17 06:00:00,4,0,1.1615526525944287e-13
2025-04-17 07:00:00,4,0,5.362796400618799e-13
2025-04-17 08:00:00,4,0,1.0368718720115688e-09
2025-04-17 09:00:00,4,0,5.7877046917276327e-05
2025-04-17 10:00:00,4,0,0.5590183138606394
2025-04-17 11:00:00,4,1,0.9989677408659157
2025-04-17 12:00:00,4,1,0.9999972591815885
2025-04-17 13:00:00,4,1,0.9999995351461874
2025-04-17 14:00:00,4,1,0.9999990145571495
2025-04-17 15:00:00,4,1,0.9999854452658888
2025-04-17 16:00:00,4,1,0.9882831667959896
2025-04-17 17:00:00,4,0,0.1429045413718226
2025-04-17 18:00:00,4,0,3.291746085204557e-07
2025-04-17 19:00:00,4,0,8.007582700952658e-10
2025-04-17 20:00:00,4,0,4.930227984940336e-13
2025-04-17 21:00:00,4,0,3.6610484452946403e-10
2025-04-17 22:00:00,4,0,8.955177080120101e-10
2025-04-17 23:00:00,4,0,3.324402439407935e-14
2025-04-18 00:00:00,4,0,2.8252453388595362e-14
2025-04-18 01:00:00,4,0,2.7179305962559257e-14
2025-04-18 02:00:00,4,0,2.963820663527754e-14
2025-04-18 03:00:00,4,0,2.82549955182585e-13
2025-04-18 04:00:00,4,0,1.801884529895595e-10
2025-04-18 05:00:00,4,0,2.7475874303156987e-07
2025-04-18 06:00:00,4,0,7.697636410719455e-13
2025-04-18 07:00:00,4,0,8.720471279962414e-07
2025-04-18 08:00:00,4,0,1.1671984197078684e-09
2025-04-18 09:00:00,4,0,3.357008147009627e-05
2025-04-18 10:00:00,4,0,0.4142506260126799
2025-04-18 11:00:00,4,1,0.9990724132536699
2025-04-18 12:00:00,4,1,0.9999933934707376
2025-04-18 13:00:00,4,1,0.9999992725798366
2025-04-18 14:00:00,4,1,0.9999994057901644
2025-04-18 15:00:00,4,1,0.9999856644983407
2025-04-18 16:00:00,4,1,0.9861022153799044
2025-04-18 17:00:00,4,0,0.005587715984458771
2025-04-18 18:00:00,4,0,1.8299366055750038e-05
2025-04-18 19:00:00,4,0,1.0299805773928625e-05
2025-04-18 20:00:00,4,0,2.677684553113313e-12
2025-04-18 21:00:00,4,0,4.398336517361579e-07
2025-04-18 22:00:00,4,0,1.9690846292322806e-09
2025-04-18 23:00:00,4,0,2.3208229335580527e-07
2025-04-19 00:00:00,4,0,1.4404684806072315e-07
2025-04-19 01:00:00,4,0,1.8992042244578681e-07
2025-04-19 02:00:00,4,0,2.071024416791811e-07
2025-04-19 03:00:00,4,0,5.6430797748529865e-12
2025-04-19 04:00:00,4,0,3.474708976773887e-07
2025-04-19 05:00:00,4,0,1.7268470462197664e-12
2025-04-19 06:00:00,4,0,6.991370250550427e-12
2025-04-19 07:00:00,4,0,2.950014765013995e-11
2025-04-19 08:00:00,4,0,8.989950380590656e-09
2025-04-19 09:00:00,4,0,0.00014290369503721102
2025-04-19 10:00:00,4,0,0.27365245475251265
2025-04-19 11:00:00,4,1,0.991942113902203
2025-04-19 12:00:00,4,1,0.995437954457231
2025-04-19 13:00:00,4,1,0.9999852969279484
2025-04-19 14:00:00,4,1,0.9999908495613503
2025-04-19 15:00:00,4,1,0.9999561357769228
2025-04-19 16:00:00,4,1,0.9932857948277407
2025-04-19 17:00:00,4,0,0.011296508373814866
2025-04-19 18:00:00,4,0,7.0222724677397e-07
2025-04-19 19:00:00,4,0,1.3159594198085788e-09
2025-04-19 20:00:00,4,0,1.5308067645457286e-08
2025-04-19 21:00:00,4,0,1.2580681014674467e-12
2025-04-19 22:00:00,4,0,1.804167835122163e-13
2025-04-19 23:00:00,4,0,1.607330488150398e-13
2025-04-20 00:00:00,4,0,4.819854259366585e-13
2025-04-20 01:00:00,4,0,1.1936454540743218e-12
2025-04-20 02:00:00,4,0,1.3016340691644168e-12
2025-04-20 03:00:00,4,0,2.0616209900616393e-13
2025-04-20 04:00:00,4,0,3.295366273117952e-13
2025-04-20 05:00:00,4,0,2.6057657963291363e-13
2025-04-20 06:00:00,4,0,6.575279010558178e-13
2025-04-20 07:00:00,4,0,2.4104897894338385e-10
2025-04-20 08:00:00,4,0,3.161665749516254e-07
2025-04-20 09:00:00,4,0,6.458751713146028e-05
2025-04-20 10:00:00,4,0,0.4349489747037459
2025-04-20 11:00:00,4,1,0.9972456808992489
2025-04-20 12:00:00,4,1,0.9999751201470347
2025-04-20 13:00:00,4,1,0.9998835556141971
2025-04-20 14:00:00,4,1,0.9999369385485143
2025-04-20 15:00:00,4,1,0.9993722774797446
2025-04-20 16:00:00,4,1,0.9128830741295567
2025-04-20 17:00:00,4,0,0.014303578095396103
2025-04-20 18:00:00,4,0,6.887986469521404e-06
2025-04-20 19:00:00,4,0,1.8520732090216534e-07
2025-04-20 20:00:00,4,0,1.4809081639927411e-08
2025-04-20 21:00:00,4,0,3.8920291807496365e-09
2025-04-20 22:00:00,4,0,9.861468816759172e-11
2025-04-20 23:00:00,4,0,5.475888691151846e-11
2025-04-21 00:00:00,4,0,1.0598635222855066e-12
2025-04-21 01:00:00,4,0,3.7249871429499684e-14
2025-04-21 02:00:00,4,0,2.963820663527754e-14
2025-04-21 03:00:00,4,0,3.641946335363606e-14
2025-04-21 04:00:00,4,0,4.972619167201201e-14
2025-04-21 05:00:00,4,0,7.385666909199789e-14
2025-04-21 06:00:00,4,0,1.1615526525944287e-13
2025-04-21 07:00:00,4,0,7.163075324565328e-13
2025-04-21 08:00:00,4,0,1.3800889376417542e-09
2025-04-21 09:00:00,4,0,4.735319858248277e-05
2025-04-21 10:00:00,4,0,0.5858193305791664
2025-04-21 11:00:00,4,1,0.9976859550396885
2025-04-21 12:00:00,4,1,0.999963384318732
2025-04-21 13:00:00,4,1,0.9999891064769435
2025-04-21 14:00:00,4,1,0.9998758749110801
2025-04-21 15:00:00,4,1,0.9999157546788926
2025-04-21 16:00:00,4,1,0.9847289815144492
2025-04-21 17:00:00,4,0,0.006678028899288177
2025-04-21 18:00:00,4,0,5.457744400093598e-07
2025-04-21 19:00:00,4,0,2.2685777650516263e-09
2025-04-21 20:00:00,4,0,7.680896318457646e-11
2025-04-21 21:00:00,4,0,4.031557917827868e-11
2025-04-21 22:00:00,4,0,1.3164325675092101e-13
2025-04-21 23:00:00,4,0,5.6194359696278856e-08
2025-04-22 00:00:00,4,0,1.9741923689467756e-07
2025-04-22 01:00:00,4,0,1.1837039594404863e-07
2025-04-22 02:00:00,4,0,9.75400407932128e-10
2025-04-22 03:00:00,4,0,2.9019220814446626e-10
2025-04-22 04:00:00,4,0,3.474708976773887e-07
2025-04-22 05:00:00,4,0,2.0762451857708505e-09
2025-04-22 06:00:00,4,0,1.8483780427843205e-08
2025-04-22 07:00:00,4,0,5.72293377078625e-07
2025-04-22 08:00:00,4,0,1.6059380498609084e-06
2025-04-22 09:00:00,4,0,4.8777009450607523e-05
2025-04-22 10:00:00,4,0,0.33673012279329323
2025-04-22 11:00:00,4,1,0.9929212984126704
2025-04-22 12:00:00,4,1,0.9989503359154808
2025-04-22 13:00:00,4,1,0.9990098894471088
2025-04-22 14:00:00,4,1,0.9810220152161024
2025-04-22 15:00:00,4,1,0.9594890309786775
2025-04-22 16:00:00,4,0,0.08817804422734858
2025-04-22 17:00:00,4,0,0.020185041990163854
2025-04-22 18:00:00,4,0,0.00018571409689416724
2025-04-22 19:00:00,4,0,4.47601062407795e-10
2025-04-22 20:00:00,4,0,4.076853270956101e-11
2025-04-22 21:00:00,4,0,1.2501891337822283e-12
2025-04-22 22:00:00,4,0,6.364879824019475e-13
2025-04-22 23:00:00,4,0,5.670462135174708e-13
2025-04-23 00:00:00,4,0,5.604295941718761e-13
2025-04-23 01:00:00,4,0,3.3602816098524013e-13
2025-04-23 02:00:00,4,0,4.566746705182222e-12
2025-04-23 03:00:00,4,0,5.776647230320426e-09
2025-04-23 04:00:00,4,0,4.619058055158562e-10
2025-04-23 05:00:00,4,0,1.4592869863793344e-07
2025-04-23 06:00:00,4,0,8.116558738519761e-07
2025-04-23 07:00:00,4,0,2.1895754362528847e-06
2025-04-23 08:00:00,4,0,1.6315363136615557e-05
2025-04-23 09:00:00,4,0,0.0002014341293520382
2025-04-23 10:00:00,4,0,0.0012198130603996188
2025-04-23 11:00:00,4,0,0.01434576059069856
2025-04-23 12:00:00,4,0,0.10629062698442755
2025-04-23 13:00:00,4,0,0.23101421405918113
2025-04-23 14:00:00,4,0,0.8125778557841089
2025-04-23 15:00:00,4,0,0.9836542062725537
2025-04-23 16:00:00,4,0,0.5366935075618232
2025-04-23 17:00:00,4,0,0.011367044021108379
2025-04-23 18:00:00,4,0,6.761900818844704e-06
2025-04-23 19:00:00,4,0,7.353664361094819e-09
2025-04-23 20:00:00,4,0,5.201539269621601e-09
2025-04-23 21:00:00,4,0,1.9491861294429092e-10
2025-04-23 22:00:00,4,0,1.6820013548787834e-09
2025-04-23 23:00:00,4,0,2.8145283849013127e-09
2025-04-24 00:00:00,4,0,1.3547551932947106e-08
2025-04-24 01:00:00,4,0,1.0111142746224152e-07
2025-04-24 02:00:00,4,0,7.117029299901268e-10
2025-04-24 03:00:00,4,0,2.8019913589274853e-08
2025-04-24 04:00:00,4,0,9.263587182556232e-09
2025-04-24 05:00:00,4,0,3.025479048042949e-08
2025-04-24 06:00:00,4,0,3.265335588174054e-09
2025-04-24 07:00:00,4,0,7.427451034905074e-08
2025-04-24 08:00:00,4,0,2.9841799006164105e-06
2025-04-24 09:00:00,4,0,0.0002577160288204506
2025-04-24 10:00:00,4,0,0.02372550068054088
2025-04-24 11:00:00,4,1,0.7693950136751283
2025-04-24 12:00:00,4,1,0.9991169013629764
2025-04-24 13:00:00,4,1,0.9999600222709718
2025-04-24 14:00:00,4,1,0.9999081204589494
2025-04-24 15:00:00,4,1,0.9908234501705855
2025-04-24 16:00:00,4,1,0.20414735855375873
2025-04-24 17:00:00,4,0,0.004700039133791316
2025-04-24 18:00:00,4,0,4.102925475909947e-06
2025-04-24 19:00:00,4,0,8.080160330250318e-09
2025-04-24 20:00:00,4,0,4.578348854525329e-10
2025-04-24 21:00:00,4,0,2.0721630484737043e-09
2025-04-24 22:00:00,4,0,5.068653766664249e-09
2025-04-24 23:00:00,4,0,3.4130330118157153e-11
2025-04-25 00:00:00,4,0,4.082826035798972e-08
2025-04-25 01:00:00,4,0,2.1656614588480238e-10
2025-04-25 02:00:00,4,0,2.071024416791811e-07
2025-04-25 03:00:00,4,0,1.1573175759113838e-07
2025-04-25 04:00:00,4,0,2.9680799290343146e-07
2025-04-25 05:00:00,4,0,1.7124699820273907e-07
2025-04-25 06:00:00,4,0,1.5788785054229436e-08
2025-04-25 07:00:00,4,0,4.383924565787212e-08
2025-04-25 08:00:00,4,0,5.293952804359024e-07
2025-04-25 09:00:00,4,0,8.456672042007465e-05
2025-04-25 10:00:00,4,0,0.100516223758064
2025-04-25 11:00:00,4,1,0.8335351474695666
2025-04-25 12:00:00,4,1,0.9997945298117707
2025-04-25 13:00:00,4,1,0.9999961906322455
2025-04-25 14:00:00,4,1,0.9999940230296284
2025-04-25 15:00:00,4,1,0.9998411421347657
2025-04-25 16:00:00,4,1,0.9120771282069129
2025-04-25 17:00:00,4,0,0.02472396369617741
2025-04-25 18:00:00,4,0,6.201699344607047e-06
2025-04-25 19:00:00,4,0,1.2756729815830639e-09
2025-04-25 20:00:00,4,0,5.7955133637231446e-12
2025-04-25 21:00:00,4,0,1.5661907616682146e-11
2025-04-25 22:00:00,4,0,9.27376126258557e-12
2025-04-25 23:00:00,4,0,3.7574080636069465e-12
2025-04-26 00:00:00,4,0,1.4525676259843445e-12
2025-04-26 01:00:00,4,0,3.5973094832064833e-12
2025-04-26 02:00:00,4,0,1.8972767855336614e-11
2025-04-26 03:00:00,4,0,4.65598975405305e-10
2025-04-26 04:00:00,4,0,7.442275845577399e-10
2025-04-26 05:00:00,4,0,5.884938412050939e-10
2025-04-26 06:00:00,4,0,1.0549789866056486e-12
2025-04-26 07:00:00,4,0,6.776316855485334e-09
2025-04-26 08:00:00,4,0,1.7425371551721116e-06
2025-04-26 09:00:00,4,0,0.00011771629569456297
2025-04-26 10:00:00,4,0,0.38780748218699473
2025-04-26 11:00:00,4,1,0.9922127245363326
2025-04-26 12:00:00,4,1,0.9998698942003467
2025-04-26 13:00:00,4,1,0.9999890083664205
2025-04-26 14:00:00,4,1,0.9999835520552531
2025-04-26 15:00:00,4,1,0.9996550778516373
2025-04-26 16:00:00,4,0,0.9676297719763851
2025-04-26 17:00:00,4,0,0.09409893408868403
2025-04-26 18:00:00,4,0,0.0007247562659037187
2025-04-26 19:00:00,4,0,1.1724052978626485e-05
2025-04-26 20:00:00,4,0,1.6852699393234162e-13
2025-04-26 21:00:00,4,0,6.30028403887981e-14
2025-04-26 22:00:00,4,0,4.3684211860538336e-14
2025-04-26 23:00:00,4,0,3.324402439407935e-14
2025-04-27 00:00:00,4,0,3.872064495476225e-14
2025-04-27 01:00:00,4,0,3.0728021274790878e-12
2025-04-27 02:00:00,4,0,2.071024416791811e-07
2025-04-27 03:00:00,4,0,7.94272682013869e-09
2025-04-27 04:00:00,4,0,3.474708976773887e-07
2025-04-27 05:00:00,4,0,5.160869537511885e-07
2025-04-27 06:00:00,4,0,8.116558738519761e-07
2025-04-27 07:00:00,4,0,3.0053644435624027e-06
2025-04-27 08:00:00,4,0,6.240598740981257e-05
2025-04-27 09:00:00,4,0,0.007806925683352466
2025-04-27 10:00:00,4,0,0.5254100500401897
2025-04-27 11:00:00,4,1,0.9983994131678752
2025-04-27 12:00:00,4,1,0.9999975600816435
2025-04-27 13:00:00,4,1,0.9999981123855155
2025-04-27 14:00:00,4,1,0.9999840446295971
2025-04-27 15:00:00,4,1,0.9998781410064779
2025-04-27 16:00:00,4,1,0.9400778067336576
2025-04-27 17:00:00,4,0,0.013498855926827731
2025-04-27 18:00:00,4,0,4.440342286981866e-06
2025-04-27 19:00:00,4,0,2.4097113038217936e-09
2025-04-27 20:00:00,4,0,1.1998392401116032e-09
2025-04-27 21:00:00,4,0,4.398336517361579e-07
2025-04-27 22:00:00,4,0,3.967096191024718e-13
2025-04-27 23:00:00,4,0,2.4903730454810397e-11
2025-04-28 00:00:00,4,0,1.922942431118938e-10
2025-04-28 01:00:00,4,0,8.944774038312669e-10
2025-04-28 02:00:00,4,0,1.8972767855336614e-11
2025-04-28 03:00:00,4,0,3.0043004225266026e-12
2025-04-28 04:00:00,4,0,3.50390085190637e-12
2025-04-28 05:00:00,4,0,8.880488310969152e-11
2025-04-28 06:00:00,4,0,4.2090167867076837e-10
2025-04-28 07:00:00,4,0,9.438617344991281e-10
2025-04-28 08:00:00,4,0,8.448077818409082e-07
2025-04-28 09:00:00,4,0,0.0013492502158220876
2025-04-28 10:00:00,4,0,0.273483406776239
2025-04-28 11:00:00,4,1,0.9969659587772232
2025-04-28 12:00:00,4,1,0.9999940487367681
2025-04-28 13:00:00,4,1,0.9999977854372288
2025-04-28 14:00:00,4,1,0.9995896670378639
2025-04-28 15:00:00,4,1,0.9998129177323832
2025-04-28 16:00:00,4,0,0.7616539665248113
2025-04-28 17:00:00,4,0,0.023507323542688488
2025-04-28 18:00:00,4,0,0.0007840137686056383
2025-04-28 19:00:00,4,0,2.5642406801682107e-07
2025-04-28 20:00:00,4,0,8.190497855412679e-07
2025-04-28 21:00:00,4,0,4.398336517361579e-07
2025-04-28 22:00:00,4,0,1.3869438310784548e-07
2025-04-28 23:00:00,4,0,2.3208229335580527e-07
2025-04-29 00:00:00,4,0,1.7464475068441132e-09
2025-04-29 01:00:00,4,0,1.6222912042243945e-07
2025-04-29 02:00:00,4,0,2.071024416791811e-07
2025-04-29 03:00:00,4,0,2.544877131263234e-07
2025-04-29 04:00:00,4,0,3.474708976773887e-07
2025-04-29 05:00:00,4,0,5.160869537511885e-07
2025-04-29 06:00:00,4,0,8.116558738519761e-07
2025-04-29 07:00:00,4,0,2.308513415021381e-07
2025-04-29 08:00:00,4,0,4.2984634036574646e-07
2025-04-29 09:00:00,4,0,4.206077503738266e-05
2025-04-29 10:00:00,4,0,0.21816107966240864
2025-04-29 11:00:00,4,1,0.9894760355344696
2025-04-29 12:00:00,4,1,0.9999593486158466
2025-04-29 13:00:00,4,1,0.9975871828978479
2025-04-29 14:00:00,4,1,0.997629652662816
2025-04-29 15:00:00,4,1,0.999810486583361
2025-04-29 16:00:00,4,1,0.7448187105721031
2025-04-29 17:00:00,4,0,0.016925082774828078
2025-04-29 18:00:00,4,0,6.699785651075423e-07
2025-04-29 19:00:00,4,0,7.991264335608976e-09
2025-04-29 20:00:00,4,0,4.3664260431619737e-08
2025-04-29 21:00:00,4,0,1.0746449244472056e-12
2025-04-29 22:00:00,4,0,3.27246732946969e-11
2025-04-29 23:00:00,4,0,8.481485360046668e-09
2025-04-30 00:00:00,4,0,2.1736490181659243e-08
2025-04-30 01:00:00,4,0,1.7398713385169185e-11
2025-04-30 02:00:00,4,0,4.171969655314163e-11
2025-04-30 03:00:00,4,0,2.251297615382428e-09
2025-04-30 04:00:00,4,0,3.0738634326963517e-09
2025-04-30 05:00:00,4,0,3.6678845162399936e-10
2025-04-30 06:00:00,4,0,8.40582524913694e-09
2025-04-30 07:00:00,4,0,1.1576097748966985e-08
2025-04-30 08:00:00,4,0,7.115240078342142e-07
2025-04-30 09:00:00,4,0,0.00034390032802296953
2025-04-30 10:00:00,4,0,0.13066874454411545
2025-04-30 11:00:00,4,1,0.7490287418446165
2025-04-30 12:00:00,4,1,0.995154233409657
2025-04-30 13:00:00,4,1,0.9988651217265963
2025-04-30 14:00:00,4,1,0.9984695830073279
2025-04-30 15:00:00,4,1,0.9957120325780006
2025-04-30 16:00:00,4,1,0.8769677056941652
2025-04-30 17:00:00,4,0,0.030463969085462915
2025-04-30 18:00:00,4,0,2.541746152290099e-05
2025-04-30 19:00:00,4,0,1.3103995701721543e-07
2025-04-30 20:00:00,4,0,1.9768349554487313e-08
2025-04-30 21:00:00,4,0,1.2148962445242496e-10
2025-04-30 22:00:00,4,0,4.644210436250893e-13
2025-04-30 23:00:00,4,0,2.2028427727361306e-13
2025-05-01 00:00:00,4,0,1.1059066655646476e-12
2025-05-01 01:00:00,4,0,6.810156302867147e-10
2025-05-01 02:00:00,4,0,9.243662254985809e-09
2025-05-01 03:00:00,4,0,9.70249884156366e-09
2025-05-01 04:00:00,4,0,1.4586329034279143e-09
2025-05-01 05:00:00,4,0,6.140642400642057e-10
2025-05-01 06:00:00,4,0,5.466709226287148e-09
2025-05-01 07:00:00,4,0,6.869304235599785e-08
2025-05-01 08:00:00,4,0,1.9415377669783877e-05
2025-05-01 09:00:00,4,0,0.00023501731534545343
2025-05-01 10:00:00,4,0,0.08460442351981806
2025-05-01 11:00:00,4,0,0.9842570228152145
2025-05-01 12:00:00,4,0,0.999941800657425
2025-05-01 13:00:00,4,1,0.9997430830889776
2025-05-01 14:00:00,4,1,0.9998314534391198
2025-05-01 15:00:00,4,1,0.9915564024559599
2025-05-01 16:00:00,4,0,0.8139381509937335
2025-05-01 17:00:00,4,0,0.036053050736836414
2025-05-01 18:00:00,4,0,0.0005095334426846998
2025-05-01 19:00:00,4,0,1.5271015312239042e-05
2025-05-01 20:00:00,4,0,1.4261142211677068e-06
2025-05-01 21:00:00,4,0,7.36353709864608e-07
2025-05-01 22:00:00,4,0,4.361261899945496e-07
2025-05-01 23:00:00,4,0,3.885438982831907e-07
2025-05-02 00:00:00,4,0,3.3051225314317994e-07
2025-05-02 01:00:00,4,0,3.179580067533363e-07
2025-05-02 02:00:00,4,0,3.467235273557056e-07
2025-05-02 03:00:00,4,0,1.329743197295426e-08
2025-05-02 04:00:00,4,0,7.765647049208572e-10
2025-05-02 05:00:00,4,0,1.9676133945238208e-08
2025-05-02 06:00:00,4,0,4.9649537798933605e-08
2025-05-02 07:00:00,4,0,7.378446316706137e-09
2025-05-02 08:00:00,4,0,2.6192825154744933e-06
2025-05-02 09:00:00,4,0,0.0028789491449536663
2025-05-02 10:00:00,4,0,0.6395705913303299
2025-05-02 11:00:00,4,1,0.6081801942535412
2025-05-02 12:00:00,4,1,0.9939352553249754
2025-05-02 13:00:00,4,1,0.9913614662856353
2025-05-02 14:00:00,4,0,0.9805583490862086
2025-05-02 15:00:00,4,1,0.9408852226916146
2025-05-02 16:00:00,4,0,0.4806551010747664
2025-05-02 17:00:00,4,0,0.013274021984114445
2025-05-02 18:00:00,4,0,6.843905730419798e-05
2025-05-02 19:00:00,4,0,2.6379840424945578e-08
2025-05-02 20:00:00,4,0,8.544730511401682e-11
2025-05-02 21:00:00,4,0,2.7151463106477295e-13
2025-05-02 22:00:00,4,0,8.561735707688842e-14
2025-05-02 23:00:00,4,0,5.054287853986988e-13
2025-05-03 00:00:00,4,0,3.3328896130742945e-12
2025-05-03 01:00:00,4,0,1.7069873174348344e-12
2025-05-03 02:00:00,4,0,9.00069262611023e-12
2025-05-03 03:00:00,4,0,4.260542465344941e-07
2025-05-03 04:00:00,4,0,2.6454666766772693e-07
2025-05-03 05:00:00,4,0,8.640142062150764e-07
2025-05-03 06:00:00,4,0,1.3588447852243629e-06
2025-05-03 07:00:00,4,0,5.4266025812596e-06
2025-05-03 08:00:00,4,0,4.792797179214256e-06
2025-05-03 09:00:00,4,0,0.00036852667360608285
2025-05-03 10:00:00,4,1,0.7691202632144468
2025-05-03 11:00:00,4,1,0.9984585933568734
2025-05-03 12:00:00,4,1,0.9993261483672582
2025-05-03 13:00:00,4,1,0.9978428675751673
2025-05-03 14:00:00,4,1,0.9894434492041131
2025-05-03 15:00:00,4,1,0.9603321844828492
2025-05-03 16:00:00,4,0,0.6089673747427328
2025-05-03 17:00:00,4,0,0.11177122595511675
2025-05-03 18:00:00,4,0,0.00021886661913550048
2025-05-03 19:00:00,4,0,1.5737216153145258e-06
2025-05-03 20:00:00,4,0,2.1985081362479265e-10
2025-05-03 21:00:00,4,0,6.989211638950798e-13
2025-05-03 22:00:00,4,0,4.139552621944989e-13
2025-05-03 23:00:00,4,0,5.054287853986988e-13
2025-05-04 00:00:00,4,0,5.687238622769934e-11
2025-05-04 01:00:00,4,0,7.050487777975952e-12
2025-05-04 02:00:00,4,0,1.4445028349786515e-11
2025-05-04 03:00:00,4,0,9.447444375818882e-12
2025-05-04 04:00:00,4,0,1.2899295777078595e-11
2025-05-04 05:00:00,4,0,7.442370255996238e-12
2025-05-04 06:00:00,4,0,1.4573300346599244e-10
2025-05-04 07:00:00,4,0,5.131795474150287e-10
2025-05-04 08:00:00,4,0,1.2778381941292872e-06
2025-05-04 09:00:00,4,0,0.002077532838109176
2025-05-04 10:00:00,4,1,0.5953245794184573
2025-05-04 11:00:00,4,1,0.9982228630300984
2025-05-04 12:00:00,4,1,0.9999984866451407
2025-05-04 13:00:00,4,1,0.9999978598639901
2025-05-04 14:00:00,4,1,0.9999931189785491
2025-05-04 15:00:00,4,1,0.999968453146466
2025-05-04 16:00:00,4,1,0.990809301962348
2025-05-04 17:00:00,4,0,0.06123118205643882
2025-05-04 18:00:00,4,0,3.0652230830112576e-05
2025-05-04 19:00:00,4,0,2.8848332016474087e-08
2025-05-04 20:00:00,4,0,2.238751880438847e-11
2025-05-04 21:00:00,4,0,9.578698630733787e-13
2025-05-04 22:00:00,4,0,8.789974110237194e-11
2025-05-04 23:00:00,4,0,2.7626066416426655e-10
2025-05-05 00:00:00,4,0,2.059961105671653e-07
2025-05-05 01:00:00,4,0,3.179580067533363e-07
2025-05-05 02:00:00,4,0,2.032612125932734e-08
2025-05-05 03:00:00,4,0,8.287842906392816e-09
2025-05-05 04:00:00,4,0,2.7397716277934523e-09
2025-05-05 05:00:00,4,0,1.5807614794515214e-09
2025-05-05 06:00:00,4,0,1.0916528092099252e-07
2025-05-05 07:00:00,4,0,1.3846655550698087e-07
2025-05-05 08:00:00,4,0,5.514317875670439e-06
2025-05-05 09:00:00,4,0,0.002146205263904302
2025-05-05 10:00:00,4,0,0.7320337551702366
2025-05-05 11:00:00,4,1,0.9978632384271969
2025-05-05 12:00:00,4,1,0.999964500435162
2025-05-05 13:00:00,4,1,0.9999938576104208
2025-05-05 14:00:00,4,1,0.9999683606788141
2025-05-05 15:00:00,4,1,0.9999705395535845
2025-05-05 16:00:00,4,1,0.9913648927067454
2025-05-05 17:00:00,4,0,0.04160223018753943
2025-05-05 18:00:00,4,0,3.325413464923371e-06
2025-05-05 19:00:00,4,0,2.4913874306862573e-10
2025-05-05 20:00:00,4,0,3.2713205388962156e-13
2025-05-05 21:00:00,4,0,3.178574510088051e-13
2025-05-05 22:00:00,4,0,8.561735707688842e-14
2025-05-05 23:00:00,4,0,5.5655968695002304e-14
2025-05-06 00:00:00,4,0,4.729925723531604e-14
2025-05-06 01:00:00,4,0,4.5502631807522636e-14
2025-05-06 02:00:00,4,0,4.9619236260781896e-14
2025-05-06 03:00:00,4,0,6.097217618032258e-14
2025-05-06 04:00:00,4,0,8.324982962989424e-14
2025-05-06 05:00:00,4,0,1.3147282265299257e-12
2025-05-06 06:00:00,4,0,1.1008099333411415e-12
2025-05-06 07:00:00,4,0,4.915002480995293e-12
2025-05-06 08:00:00,4,0,2.2832797917097344e-08
2025-05-06 09:00:00,4,0,0.0005947854181448894
2025-05-06 10:00:00,4,1,0.8925765786822004
2025-05-06 11:00:00,4,1,0.9999455728681993
2025-05-06 12:00:00,4,1,0.9999996636921243
2025-05-06 13:00:00,4,1,0.9999999613481271
2025-05-06 14:00:00,4,1,0.9999998788407114
2025-05-06 15:00:00,4,1,0.9999978736075436
2025-05-06 16:00:00,4,1,0.9988222987708636
2025-05-06 17:00:00,4,0,0.08233993020699376
2025-05-06 18:00:00,4,0,0.00023109607488628502
2025-05-06 19:00:00,4,0,3.575598389569601e-10
2025-05-06 20:00:00,4,0,7.184686133707824e-11
2025-05-06 21:00:00,4,0,1.4455615937960174e-13
2025-05-06 22:00:00,4,0,7.31345609350761e-14
2025-05-06 23:00:00,4,0,8.929542798448004e-14
2025-05-07 00:00:00,4,0,6.482473294768558e-14
2025-05-07 01:00:00,4,0,1.3246612724868846e-11
2025-05-07 02:00:00,4,0,3.467235273557056e-07
2025-05-07 03:00:00,4,0,6.893311880049705e-12
2025-05-07 04:00:00,4,0,5.817233390320848e-07
2025-05-07 05:00:00,4,0,8.640142062150764e-07
2025-05-07 06:00:00,4,0,1.3588447852243629e-06
2025-05-07 07:00:00,4,0,6.4253319356404455e-06
2025-05-07 08:00:00,4,0,0.00024642198847111706
2025-05-07 09:00:00,4,0,0.011124603177181294
2025-05-07 10:00:00,4,0,0.8359546841203205
2025-05-07 11:00:00,4,1,0.9857228007207652
2025-05-07 12:00:00,4,1,0.9975479928736077
2025-05-07 13:00:00,4,1,0.9984181693578393
2025-05-07 14:00:00,4,1,0.9894884877663805
2025-05-07 15:00:00,4,1,0.9973437810317488
2025-05-07 16:00:00,4,1,0.8073955107156788
2025-05-07 17:00:00,4,0,0.040052233506622986
2025-05-07 18:00:00,4,0,3.4972603158768075e-06
2025-05-07 19:00:00,4,0,2.424401607065956e-10
2025-05-07 20:00:00,4,0,3.3648129564662547e-13
2025-05-07 21:00:00,4,0,1.0547712487539856e-13
2025-05-07 22:00:00,4,0,7.31345609350761e-14
2025-05-07 23:00:00,4,0,5.5655968695002304e-14
2025-05-08 00:00:00,4,0,7.588989362307836e-14
2025-05-08 01:00:00,4,0,6.236241598181223e-14
2025-05-08 02:00:00,4,0,2.884815887331882e-10
2025-05-08 03:00:00,4,0,2.349117802859883e-09
2025-05-08 04:00:00,4,0,5.817233390320848e-07
2025-05-08 05:00:00,4,0,8.640142062150764e-07
2025-05-08 06:00:00,4,0,1.7515119569328042e-07
2025-05-08 07:00:00,4,0,1.5990691487521773e-11
2025-05-08 08:00:00,4,0,7.748986041884216e-08
2025-05-08 09:00:00,4,0,0.0007019967665760521
2025-05-08 10:00:00,4,0,0.8934473954288364
2025-05-08 11:00:00,4,1,0.9996112561838776
2025-05-08 12:00:00,4,1,0.9999940678368953
2025-05-08 13:00:00,4,1,0.9999960054363295
2025-05-08 14:00:00,4,1,0.9999999434840049
2025-05-08 15:00:00,4,1,0.9999970871413799
2025-05-08 16:00:00,4,1,0.9989775083248682
2025-05-08 17:00:00,4,0,0.14467427278611783
2025-05-08 18:00:00,4,0,3.925741669312656e-06
2025-05-08 19:00:00,4,0,2.457666766118349e-10
2025-05-08 20:00:00,4,0,3.487608004193083e-13
2025-05-08 21:00:00,4,0,1.0518473903667718e-13
2025-05-08 22:00:00,4,0,7.351051200428398e-14
2025-05-08 23:00:00,4,0,5.5919297088923806e-14
2025-05-09 00:00:00,4,0,4.728000232338036e-14
2025-05-09 01:00:00,4,0,4.5144430401618346e-14
2025-05-09 02:00:00,4,0,4.9619236260781896e-14
2025-05-09 03:00:00,4,0,6.04921969272275e-14
2025-05-09 04:00:00,4,0,8.324982962989424e-14
2025-05-09 05:00:00,4,0,3.69856674154334e-13
2025-05-09 06:00:00,4,0,2.258775099604821e-13
2025-05-09 07:00:00,4,0,1.1293708258237712e-09
2025-05-09 08:00:00,4,0,2.5970626526101633e-06
2025-05-09 09:00:00,4,0,0.025130038207371887
2025-05-09 10:00:00,4,0,0.14473672357036513
2025-05-09 11:00:00,4,1,0.9783488256825771
2025-05-09 12:00:00,4,1,0.999978057026629
2025-05-09 13:00:00,4,1,0.9999987067301482
2025-05-09 14:00:00,4,1,0.9999981152747072
2025-05-09 15:00:00,4,1,0.9745574611719844
2025-05-09 16:00:00,4,1,0.7808072997739416
2025-05-09 17:00:00,4,0,0.21462241153855
2025-05-09 18:00:00,4,0,0.0030090604647130177
2025-05-09 19:00:00,4,0,1.3473056070554798e-08
2025-05-09 20:00:00,4,0,4.9222492094729875e-09
2025-05-09 21:00:00,4,0,1.452883743071739e-13
2025-05-09 22:00:00,4,0,5.112713243069871e-07
2025-05-09 23:00:00,4,0,1.1162810662585104e-12
2025-05-10 00:00:00,4,0,4.7542400915991415e-14
2025-05-10 01:00:00,4,0,4.573653986495904e-14
2025-05-10 02:00:00,4,0,6.800431820040628e-14
2025-05-10 03:00:00,4,0,4.260542465344941e-07
2025-05-10 04:00:00,4,0,5.817233390320848e-07
2025-05-10 05:00:00,4,0,1.3037874860945012e-07
2025-05-10 06:00:00,4,0,1.3588447852243629e-06
2025-05-10 07:00:00,4,0,6.837694167314776e-06
2025-05-10 08:00:00,4,0,3.3378610482289123e-06
2025-05-10 09:00:00,4,0,0.002964388945943193
2025-05-10 10:00:00,4,0,0.3116757649987342
2025-05-10 11:00:00,4,0,0.9946015622142099
2025-05-10 12:00:00,4,0,0.9999569906017468
2025-05-10 13:00:00,4,0,0.9999881097563614
2025-05-10 14:00:00,4,1,0.9990678635637177
2025-05-10 15:00:00,4,1,0.9784690923688099
2025-05-10 16:00:00,4,1,0.6317140401444303
2025-05-10 17:00:00,4,0,0.009552589154167648
2025-05-10 18:00:00,4,0,0.0006589168463732559
2025-05-10 19:00:00,4,0,5.311537702139254e-07
2025-05-10 20:00:00,4,0,1.7800223026379457e-09
2025-05-10 21:00:00,4,0,1.4360564136144941e-08
2025-05-10 22:00:00,4,0,9.32813718520521e-10
2025-05-10 23:00:00,4,0,6.909929465540093e-13
2025-05-11 00:00:00,4,0,3.660369530423239e-13
2025-05-11 01:00:00,4,0,4.5717921114923593e-14
2025-05-11 02:00:00,4,0,4.9854002703600745e-14
2025-05-11 03:00:00,4,0,2.1607650300930238e-13
2025-05-11 04:00:00,4,0,8.301905853816669e-14
2025-05-11 05:00:00,4,0,1.3536418116931383e-09
2025-05-11 06:00:00,4,0,1.3608735255311589e-06
2025-05-11 07:00:00,4,0,6.446416044106114e-06
2025-05-11 08:00:00,4,0,0.0001811294793978618
2025-05-11 09:00:00,4,0,0.035107032229129684
2025-05-11 10:00:00,4,1,0.24906984024893727
2025-05-11 11:00:00,4,1,0.9955957038469946
2025-05-11 12:00:00,4,1,0.9999837528484503
2025-05-11 13:00:00,4,1,0.9999531537675194
2025-05-11 14:00:00,4,1,0.9999237174653551
2025-05-11 15:00:00,4,1,0.9420283991679308
2025-05-11 16:00:00,4,1,0.687377578404582
2025-05-11 17:00:00,4,0,0.017978973176498398
2025-05-11 18:00:00,4,0,2.543099091630802e-05
2025-05-11 19:00:00,4,0,1.2559584469598765e-09
2025-05-11 20:00:00,4,0,4.249817725348262e-08
2025-05-11 21:00:00,4,0,1.2720909764887228e-10
2025-05-11 22:00:00,4,0,2.2699339179296944e-10
2025-05-11 23:00:00,4,0,5.944043440536359e-13
2025-05-12 00:00:00,4,0,2.690156225347122e-13
2025-05-12 01:00:00,4,0,1.068568085462487e-12
2025-05-12 02:00:00,4,0,2.188384030024253e-12
2025-05-12 03:00:00,4,0,6.262341340951106e-11
2025-05-12 04:00:00,4,0,1.140958291765464e-13
2025-05-12 05:00:00,4,0,3.183076801524074e-13
2025-05-12 06:00:00,4,0,5.686069032775949e-11
2025-05-12 07:00:00,4,0,3.0654207056211794e-08
2025-05-12 08:00:00,4,0,3.4953093958730935e-05
2025-05-12 09:00:00,4,0,0.0014577246465438472
2025-05-12 10:00:00,4,1,0.8055758290565367
2025-05-12 11:00:00,4,1,0.9972893354053614
2025-05-12 12:00:00,4,1,0.9999743396412696
2025-05-12 13:00:00,4,1,0.9999898670108718
2025-05-12 14:00:00,4,1,0.9999717636173482
2025-05-12 15:00:00,4,1,0.9997443093602753
2025-05-12 16:00:00,4,1,0.9727607063648833
2025-05-12 17:00:00,4,0,0.1158574335308595
2025-05-12 18:00:00,4,0,0.00012397379889857662
2025-05-12 19:00:00,4,0,1.213446167399218e-07
2025-05-12 20:00:00,4,0,3.0428077124553096e-09
2025-05-12 21:00:00,4,0,2.0407203978859617e-10
2025-05-12 22:00:00,4,0,2.262641983652954e-10
2025-05-12 23:00:00,4,0,1.7218881170119544e-10
2025-05-13 00:00:00,4,0,5.165242372157554e-10
2025-05-13 01:00:00,4,0,2.6454803630390865e-10
2025-05-13 02:00:00,4,0,1.0177821215912237e-09
2025-05-13 03:00:00,4,0,4.858295210413535e-10
2025-05-13 04:00:00,4,0,2.5768136997049905e-10
2025-05-13 05:00:00,4,0,2.0376011633001437e-10
2025-05-13 06:00:00,4,0,1.3522274197746668e-09
2025-05-13 07:00:00,4,0,1.657591875701449e-09
2025-05-13 08:00:00,4,0,2.146337654371191e-06
2025-05-13 09:00:00,4,0,0.002218858553231864
2025-05-13 10:00:00,4,1,0.8290788706162406
2025-05-13 11:00:00,4,1,0.999433220203939
2025-05-13 12:00:00,4,1,0.9999772483629246
2025-05-13 13:00:00,4,1,0.999991337534475
2025-05-13 14:00:00,4,1,0.9999826026423991
2025-05-13 15:00:00,4,1,0.9994472322453014
2025-05-13 16:00:00,4,0,0.9712343929006071
2025-05-13 17:00:00,4,0,0.13349242941100833
2025-05-13 18:00:00,4,0,0.00023528454368252263
2025-05-13 19:00:00,4,0,1.3505527256948305e-08
2025-05-13 20:00:00,4,0,1.0161425271800393e-11
2025-05-13 21:00:00,4,0,3.7211018340190953e-13
2025-05-13 22:00:00,4,0,4.846102177139493e-13
2025-05-13 23:00:00,4,0,3.1502316851649537e-13
2025-05-14 00:00:00,4,0,2.4318372938469862e-12
2025-05-14 01:00:00,4,0,2.575797999177968e-13
2025-05-14 02:00:00,4,0,9.909939939900788e-13
2025-05-14 03:00:00,4,0,3.4514928735358514e-13
2025-05-14 04:00:00,4,0,1.2899295777078595e-11
2025-05-14 05:00:00,4,0,2.792565440594081e-10
2025-05-14 06:00:00,4,0,2.419572174049436e-10
2025-05-14 07:00:00,4,0,1.1231745475328128e-08
2025-05-14 08:00:00,4,0,3.247367124910117e-06
2025-05-14 09:00:00,4,0,0.003832462141573883
2025-05-14 10:00:00,4,1,0.6270603867564293
2025-05-14 11:00:00,4,1,0.9991149401292415
2025-05-14 12:00:00,4,1,0.999954330565178
2025-05-14 13:00:00,4,1,0.9999704287422639
2025-05-14 14:00:00,4,1,0.9999845530108116
2025-05-14 15:00:00,4,1,0.9983586703443066
2025-05-14 16:00:00,4,1,0.943733226493876
2025-05-14 17:00:00,4,0,0.030268290539406592
2025-05-14 18:00:00,4,0,2.869165950672511e-05
2025-05-14 19:00:00,4,0,1.0431808104356368e-07
2025-05-14 20:00:00,4,0,1.827644988197386e-07
2025-05-14 21:00:00,4,0,9.578698630733787e-13
2025-05-14 22:00:00,4,0,4.846102177139493e-13
2025-05-14 23:00:00,4,0,6.457729759942119e-09
2025-05-15 00:00:00,4,0,3.3051225314317994e-07
2025-05-15 01:00:00,4,0,2.1819317916224283e-08
2025-05-15 02:00:00,4,0,6.343494228672921e-10
2025-05-15 03:00:00,4,0,4.260542465344941e-07
2025-05-15 04:00:00,4,0,4.2445418924253144e-07
2025-05-15 05:00:00,4,0,2.38540029981973e-10
2025-05-15 06:00:00,4,0,3.2099588887611385e-13
2025-05-15 07:00:00,4,0,4.3485820016513e-11
2025-05-15 08:00:00,4,0,0.000631727936319551
2025-05-15 09:00:00,4,0,0.018008996431603953
2025-05-15 10:00:00,4,0,0.4126519317503301
2025-05-15 11:00:00,4,1,0.8960420956728057
2025-05-15 12:00:00,4,1,0.9999397895235874
2025-05-15 13:00:00,4,1,0.9999943663796772
2025-05-15 14:00:00,4,1,0.9993253439998263
2025-05-15 15:00:00,4,1,0.9746068355344861
2025-05-15 16:00:00,4,0,0.9178207826336661
2025-05-15 17:00:00,4,0,0.029882459390664952
2025-05-15 18:00:00,4,0,3.999765823890534e-06
2025-05-15 19:00:00,4,0,4.885077209759534e-10
2025-05-15 20:00:00,4,0,2.1978308858904737e-09
2025-05-15 21:00:00,4,0,1.3477018781775475e-09
2025-05-15 22:00:00,4,0,2.2039247985697514e-13
2025-05-15 23:00:00,4,0,3.042191013173434e-11
2025-05-16 00:00:00,4,0,2.4115810988159866e-07
2025-05-16 01:00:00,4,0,3.179580067533363e-07
2025-05-16 02:00:00,4,0,3.467235273557056e-07
2025-05-16 03:00:00,4,0,1.8375287807367087e-13
2025-05-16 04:00:00,4,0,1.0009917154390146e-10
2025-05-16 05:00:00,4,0,2.1664592436415968e-09
2025-05-16 06:00:00,4,0,3.8794040101371054e-10
2025-05-16 07:00:00,4,0,5.452929634289675e-09
2025-05-16 08:00:00,4,0,4.139955646660901e-07
2025-05-16 09:00:00,4,0,0.0014354379599084619
2025-05-16 10:00:00,4,1,0.8891036696993181
2025-05-16 11:00:00,4,1,0.9999683548693663
2025-05-16 12:00:00,4,1,0.999999179744421
2025-05-16 13:00:00,4,1,0.9999996921613172
2025-05-16 14:00:00,4,1,0.9999974242205123
2025-05-16 15:00:00,4,1,0.9992218204113414
2025-05-16 16:00:00,4,1,0.9688418668528195
2025-05-16 17:00:00,4,0,0.05332477419622821
2025-05-16 18:00:00,4,0,1.6480769061440844e-05
2025-05-16 19:00:00,4,0,5.1851537973081985e-05
2025-05-16 20:00:00,4,0,1.7793485903945794e-06
2025-05-16 21:00:00,4,0,7.36353709864608e-07
2025-05-16 22:00:00,4,0,5.105648972407078e-07
2025-05-16 23:00:00,4,0,3.891239906101181e-07
2025-05-17 00:00:00,4,0,3.310057048071847e-07
2025-05-17 01:00:00,4,0,3.179580067533363e-07
2025-05-17 02:00:00,4,0,3.467613967082146e-07
2025-05-17 03:00:00,4,0,4.247348230344445e-07
2025-05-17 04:00:00,4,0,5.799218329300398e-07
2025-05-17 05:00:00,4,0,4.5841269600963074e-07
2025-05-17 06:00:00,4,0,7.321171865743863e-12
2025-05-17 07:00:00,4,0,4.5589769225352177e-07
2025-05-17 08:00:00,4,0,5.363301028453196e-05
2025-05-17 09:00:00,4,0,0.018969515125806996
2025-05-17 10:00:00,4,0,0.4142934724875758
2025-05-17 11:00:00,4,1,0.9847651468772122
2025-05-17 12:00:00,4,1,0.9999927805828117
2025-05-17 13:00:00,4,1,0.9999954939458475
2025-05-17 14:00:00,4,1,0.9999971233448937
2025-05-17 15:00:00,4,1,0.9995184351342488
2025-05-17 16:00:00,4,1,0.9760582557193422
2025-05-17 17:00:00,4,0,0.037057788869074626
2025-05-17 18:00:00,4,0,2.4192033933104737e-05
2025-05-17 19:00:00,4,0,1.604419377871888e-08
2025-05-17 20:00:00,4,0,1.0549601178629531e-11
2025-05-17 21:00:00,4,0,7.021983811455473e-13
2025-05-17 22:00:00,4,0,1.7171465706936612e-12
2025-05-17 23:00:00,4,0,5.395137507492432e-12
2025-05-18 00:00:00,4,0,2.086064739525154e-12
2025-05-18 01:00:00,4,0,5.144376534720031e-12
2025-05-18 02:00:00,4,0,1.1206385638864943e-10
2025-05-18 03:00:00,4,0,4.260542465344941e-07
2025-05-18 04:00:00,4,0,1.067364691904976e-09
2025-05-18 05:00:00,4,0,3.5996161709794894e-11
2025-05-18 06:00:00,4,0,3.8769474246878413e-10
2025-05-18 07:00:00,4,0,6.62146139888347e-10
2025-05-18 08:00:00,4,0,1.6140300724309644e-06
2025-05-18 09:00:00,4,0,0.021161303335941888
2025-05-18 10:00:00,4,1,0.8416844898351263
2025-05-18 11:00:00,4,1,0.9998912066733651
2025-05-18 12:00:00,4,1,0.9999978635682893
2025-05-18 13:00:00,4,1,0.9999876873598024
2025-05-18 14:00:00,4,1,0.9999897682099769
2025-05-18 15:00:00,4,1,0.9999992942819249
2025-05-18 16:00:00,4,1,0.9991542815763275
2025-05-18 17:00:00,4,0,0.2034772027756069
2025-05-18 18:00:00,4,0,1.2833848730184388e-05
2025-05-18 19:00:00,4,0,5.528149846005749e-10
2025-05-18 20:00:00,4,0,4.968006687036725e-13
2025-05-18 21:00:00,4,0,1.2348023353715515e-13
2025-05-18 22:00:00,4,0,2.815947116878148e-09
2025-05-18 23:00:00,4,0,5.5655968695002304e-14
2025-05-19 00:00:00,4,0,8.88438053230382e-14
2025-05-19 01:00:00,4,0,3.097038696657629e-10
2025-05-19 02:00:00,4,0,2.399286733992489e-13
2025-05-19 03:00:00,4,0,1.3407497806046585e-13
2025-05-19 04:00:00,4,0,1.8306250129821495e-13
2025-05-19 05:00:00,4,0,4.3624808437094234e-13
2025-05-19 06:00:00,4,0,8.486460119849053e-13
2025-05-19 07:00:00,4,0,4.773958929298987e-11
2025-05-19 08:00:00,4,0,0.0011350690757270273
2025-05-19 09:00:00,4,0,0.0007608661746732038
2025-05-19 10:00:00,4,1,0.8697944798843924
2025-05-19 11:00:00,4,1,0.9999802624825298
2025-05-19 12:00:00,4,1,0.9999999161051362
2025-05-19 13:00:00,4,1,0.999999975725356
2025-05-19 14:00:00,4,1,0.9999999055379389
2025-05-19 15:00:00,4,1,0.9999937597040165
2025-05-19 16:00:00,4,1,0.9987965979094208
2025-05-19 17:00:00,4,0,0.29558677730216787
2025-05-19 18:00:00,4,0,8.4897927121799e-05
2025-05-19 19:00:00,4,0,2.998719861921714e-08
2025-05-19 20:00:00,4,0,5.932802339904729e-11
2025-05-19 21:00:00,4,0,5.099761587373331e-13
2025-05-19 22:00:00,4,0,3.020473916207401e-13
2025-05-19 23:00:00,4,0,1.6772038831850278e-13
2025-05-20 00:00:00,4,0,3.669577138531021e-13
2025-05-20 01:00:00,4,0,1.0005816986496299e-13
2025-05-20 02:00:00,4,0,4.9619236260781896e-14
2025-05-20 03:00:00,4,0,6.097217618032258e-14
2025-05-20 04:00:00,4,0,8.324982962989424e-14
2025-05-20 05:00:00,4,0,1.2364822062979065e-13
2025-05-20 06:00:00,4,0,2.0588363583352488e-13
2025-05-20 07:00:00,4,0,1.3782660945205107e-11
2025-05-20 08:00:00,4,0,8.745642206641679e-08
2025-05-20 09:00:00,4,0,0.004831576349475082
2025-05-20 10:00:00,4,1,0.9631326968625253
2025-05-20 11:00:00,4,1,0.9999924811922106
2025-05-20 12:00:00,4,1,0.9999999006490984
2025-05-20 13:00:00,4,1,0.9999999393487006
2025-05-20 14:00:00,4,1,0.999999938792159
2025-05-20 15:00:00,4,1,0.9999982629388653
2025-05-20 16:00:00,4,1,0.9993938013466576
2025-05-20 17:00:00,4,0,0.25122889575047386
2025-05-20 18:00:00,4,0,1.7607248387674445e-05
2025-05-20 19:00:00,4,0,7.220233755921584e-10
2025-05-20 20:00:00,4,0,5.503753372426691e-13
2025-05-20 21:00:00,4,0,1.0547712487539856e-13
2025-05-20 22:00:00,4,0,7.31345609350761e-14
2025-05-20 23:00:00,4,0,3.885438982831907e-07
2025-05-21 00:00:00,4,0,3.3051225314317994e-07
2025-05-21 01:00:00,4,0,3.625673742481366e-10
2025-05-21 02:00:00,4,0,2.399286733992489e-13
2025-05-21 03:00:00,4,0,4.260542465344941e-07
2025-05-21 04:00:00,4,0,5.817233390320848e-07
2025-05-21 05:00:00,4,0,8.640142062150764e-07
2025-05-21 06:00:00,4,0,1.4161339703266221e-06
2025-05-21 07:00:00,4,0,2.7024282283306425e-07
2025-05-21 08:00:00,4,0,1.599700084905099e-07
2025-05-21 09:00:00,4,0,0.03905689121162235
2025-05-21 10:00:00,4,1,0.9479082566066556
2025-05-21 11:00:00,4,1,0.9999835185706509
2025-05-21 12:00:00,4,1,0.9999999485203346
2025-05-21 13:00:00,4,1,0.9999999637190391
2025-05-21 14:00:00,4,1,0.999999966430386
2025-05-21 15:00:00,4,1,0.8837828045693776
2025-05-21 16:00:00,4,0,0.6297535989948586
2025-05-21 17:00:00,4,0,0.018250473223726228
2025-05-21 18:00:00,4,0,0.0007105844084159989
2025-05-21 19:00:00,4,0,2.0699144247393245e-09
2025-05-21 20:00:00,4,0,7.473340034967028e-13
2025-05-21 21:00:00,4,0,2.247830372381689e-11
2025-05-21 22:00:00,4,0,1.4149721133969612e-10
2025-05-21 23:00:00,4,0,1.790780045462857e-12
2025-05-22 00:00:00,4,0,4.7542400915991415e-14
2025-05-22 01:00:00,4,0,4.573653986495904e-14
2025-05-22 02:00:00,4,0,6.118379095143609e-08
2025-05-22 03:00:00,4,0,4.2582869399524436e-07
2025-05-22 04:00:00,4,0,5.814153755346842e-07
2025-05-22 05:00:00,4,0,3.9353970445547667e-07
2025-05-22 06:00:00,4,0,8.391414066884596e-08
2025-05-22 07:00:00,4,0,1.4408252267145512e-11
2025-05-22 08:00:00,4,0,1.186815519658882e-07
2025-05-22 09:00:00,4,0,0.0022199462387682365
2025-05-22 10:00:00,4,1,0.9454720938024186
2025-05-22 11:00:00,4,1,0.9999814108830011
2025-05-22 12:00:00,4,1,0.9999998983007491
2025-05-22 13:00:00,4,1,0.9999999806020298
2025-05-22 14:00:00,4,1,0.9999999683913604
2025-05-22 15:00:00,4,1,0.9999985597716242
2025-05-22 16:00:00,4,1,0.9994911902508421
2025-05-22 17:00:00,4,0,0.2560818626962038
2025-05-22 18:00:00,4,0,1.82045254880317e-05
2025-05-22 19:00:00,4,0,1.083160424500175e-09
2025-05-22 20:00:00,4,0,6.349083753725631e-13
2025-05-22 21:00:00,4,0,1.0601933415876435e-13
2025-05-22 22:00:00,4,0,7.351051200428398e-14
2025-05-22 23:00:00,4,0,5.594207037758795e-14
2025-05-23 00:00:00,4,0,4.7542400915991415e-14
2025-05-23 01:00:00,4,0,4.573653986495904e-14
2025-05-23 02:00:00,4,0,5.838533940783266e-14
2025-05-23 03:00:00,4,0,3.467806661496083e-13
2025-05-23 04:00:00,4,0,3.2074245820325724e-09
2025-05-23 05:00:00,4,0,5.107127975814119e-13
2025-05-23 06:00:00,4,0,3.421991512356106e-07
2025-05-23 07:00:00,4,0,9.87288278041022e-06
2025-05-23 08:00:00,4,0,3.547694484685008e-05
2025-05-23 09:00:00,4,0,0.017316080228700098
2025-05-23 10:00:00,4,1,0.9465792891586241
2025-05-23 11:00:00,4,1,0.9958875665860945
2025-05-23 12:00:00,4,1,0.999998648892218
2025-05-23 13:00:00,4,1,0.9999999831259342
2025-05-23 14:00:00,4,1,0.9999999478802175
2025-05-23 15:00:00,4,1,0.9999990507426744
2025-05-23 16:00:00,4,1,0.9973449925944111
2025-05-23 17:00:00,4,0,0.13297326817092484
2025-05-23 18:00:00,4,0,2.045461335472449e-05
2025-05-23 19:00:00,4,0,1.1422302943798932e-09
2025-05-23 20:00:00,4,0,6.314727519026834e-13
2025-05-23 21:00:00,4,0,1.0601933415876435e-13
2025-05-23 22:00:00,4,0,7.351051200428398e-14
2025-05-23 23:00:00,4,0,5.594207037758795e-14
2025-05-24 00:00:00,4,0,4.7542400915991415e-14
2025-05-24 01:00:00,4,0,4.573653986495904e-14
2025-05-24 02:00:00,4,0,4.9619236260781896e-14
2025-05-24 03:00:00,4,0,6.097217618032258e-14
2025-05-24 04:00:00,4,0,8.324982962989424e-14
2025-05-24 05:00:00,4,0,1.2364822062979065e-13
2025-05-24 06:00:00,4,0,2.0549804258411234e-13
2025-05-24 07:00:00,4,0,1.784458246282263e-11
2025-05-24 08:00:00,4,0,1.2066607556179967e-07
2025-05-24 09:00:00,4,0,0.0017369809625696492
2025-05-24 10:00:00,4,1,0.9615854980869377
2025-05-24 11:00:00,4,1,0.9999849826055945
2025-05-24 12:00:00,4,1,0.9999999187553962
2025-05-24 13:00:00,4,1,0.9999999812788783
2025-05-24 14:00:00,4,1,0.9999999718106386
2025-05-24 15:00:00,4,1,0.9999991716675756
2025-05-24 16:00:00,4,1,0.9994612572704433
2025-05-24 17:00:00,4,0,0.24937297598369884
2025-05-24 18:00:00,4,0,0.0070979796282679255
2025-05-24 19:00:00,4,0,3.56680459912495e-05
2025-05-24 20:00:00,4,0,1.9735553396133416e-06
2025-05-24 21:00:00,4,0,7.338207017679906e-07
2025-05-24 22:00:00,4,0,5.12192287465507e-07
2025-05-24 23:00:00,4,0,3.889952387517868e-07
2025-05-25 00:00:00,4,0,4.0291262705735996e-09
2025-05-25 01:00:00,4,0,1.1412693379568343e-11
2025-05-25 02:00:00,4,0,3.4779069884123544e-07
2025-05-25 03:00:00,4,0,4.2736558790921276e-07
2025-05-25 04:00:00,4,0,5.902032857461198e-07
2025-05-25 05:00:00,4,0,8.766091836533644e-07
2025-05-25 06:00:00,4,0,1.4446398696460509e-06
2025-05-25 07:00:00,4,0,1.7688331103506627e-06
2025-05-25 08:00:00,4,0,0.000445635723533603
2025-05-25 09:00:00,4,0,0.0023164498111459906
2025-05-25 10:00:00,4,0,0.9609625473237139
2025-05-25 11:00:00,4,1,0.999982027113359
2025-05-25 12:00:00,4,1,0.9999985318760924
2025-05-25 13:00:00,4,1,0.9999994681993386
2025-05-25 14:00:00,4,1,0.9997467066494702
2025-05-25 15:00:00,4,1,0.9999989464684998
2025-05-25 16:00:00,4,0,0.9739010313327666
2025-05-25 17:00:00,4,0,0.11482449384903864
2025-05-25 18:00:00,4,0,0.000611910397982861
2025-05-25 19:00:00,4,0,5.061001033952059e-05
2025-05-25 20:00:00,4,0,6.20669175266352e-10
2025-05-25 21:00:00,4,0,1.6595349241144587e-11
2025-05-25 22:00:00,4,0,1.1429067559180707e-11
2025-05-25 23:00:00,4,0,5.6301042067483055e-14
2025-05-26 00:00:00,4,0,2.6572667332898207e-11
2025-05-26 01:00:00,4,0,5.121308010851144e-10
2025-05-26 02:00:00,4,0,1.5400686353518358e-10
2025-05-26 03:00:00,4,0,2.440364096813801e-11
2025-05-26 04:00:00,4,0,7.593266053688808e-13
2025-05-26 05:00:00,4,0,2.987791608344842e-12
2025-05-26 06:00:00,4,0,6.496685649256945e-11
2025-05-26 07:00:00,4,0,3.086906099131275e-08
2025-05-26 08:00:00,4,0,4.768477706579125e-06
2025-05-26 09:00:00,4,0,0.0058204352094733906
2025-05-26 10:00:00,4,0,0.6245228849682168
2025-05-26 11:00:00,4,1,0.9928080637958018
2025-05-26 12:00:00,4,1,0.9979225659745383
2025-05-26 13:00:00,4,1,0.9986245294189504
2025-05-26 14:00:00,4,1,0.9964004168002405
2025-05-26 15:00:00,4,1,0.9998497414470815
2025-05-26 16:00:00,4,1,0.9806290607192049
2025-05-26 17:00:00,4,0,0.040074444425351866
2025-05-26 18:00:00,4,0,5.587554409135459e-05
2025-05-26 19:00:00,4,0,7.004386755824986e-08
2025-05-26 20:00:00,4,0,1.9313629142358705e-11
2025-05-26 21:00:00,4,0,7.021983811455473e-13
2025-05-26 22:00:00,4,0,9.14356976794796e-13
2025-05-26 23:00:00,4,0,4.3374669912966176e-13
2025-05-27 00:00:00,4,0,6.92371478969889e-13
2025-05-27 01:00:00,4,0,9.662857602249458e-12
2025-05-27 02:00:00,4,0,4.642243335981111e-10
2025-05-27 03:00:00,4,0,1.4681298907653814e-09
2025-05-27 04:00:00,4,0,2.346615660057077e-09
2025-05-27 05:00:00,4,0,2.9772866862374736e-09
2025-05-27 06:00:00,4,0,1.2021901180105418e-09
2025-05-27 07:00:00,4,0,7.33995743467359e-08
2025-05-27 08:00:00,4,0,8.406114989771754e-06
2025-05-27 09:00:00,4,0,0.005006402051156399
2025-05-27 10:00:00,4,1,0.5937706553054595
2025-05-27 11:00:00,4,1,0.9982964583897033
2025-05-27 12:00:00,4,1,0.9999726327064905
2025-05-27 13:00:00,4,1,0.9999915821915565
2025-05-27 14:00:00,4,1,0.9999953242124661
2025-05-27 15:00:00,4,1,0.9999639750709384
2025-05-27 16:00:00,4,1,0.9698404301960256
2025-05-27 17:00:00,4,0,0.14022060781003867
2025-05-27 18:00:00,4,0,3.0089780754659254e-05
2025-05-27 19:00:00,4,0,8.529830861615468e-08
2025-05-27 20:00:00,4,0,5.758594889529502e-12
2025-05-27 21:00:00,4,0,1.5437405202507358e-12
2025-05-27 22:00:00,4,0,2.2039247985697514e-13
2025-05-27 23:00:00,4,0,1.9634733827809596e-13
2025-05-28 00:00:00,4,0,2.287106553110915e-13
2025-05-28 01:00:00,4,0,3.0154699797976837e-13
2025-05-28 02:00:00,4,0,1.2338896146986774e-11
2025-05-28 03:00:00,4,0,1.775006791400699e-11
2025-05-28 04:00:00,4,0,1.371875380379134e-10
2025-05-28 05:00:00,4,0,2.0376011633001437e-10
2025-05-28 06:00:00,4,0,1.2352339942090511e-09
2025-05-28 07:00:00,4,0,1.888066515702173e-08
2025-05-28 08:00:00,4,0,5.338437065391295e-06
2025-05-28 09:00:00,4,0,0.005191139307556297
2025-05-28 10:00:00,4,1,0.758028985332106
2025-05-28 11:00:00,4,1,0.9987166406348466
2025-05-28 12:00:00,4,1,0.9999851377119311
2025-05-28 13:00:00,4,1,0.999993360622351
2025-05-28 14:00:00,4,1,0.9999875486602792
2025-05-28 15:00:00,4,1,0.9996423733294593
2025-05-28 16:00:00,4,0,0.9477200863274337
2025-05-28 17:00:00,4,0,0.08649706254922297
2025-05-28 18:00:00,4,0,0.00014945921677689177
2025-05-28 19:00:00,4,0,1.428534286503104e-07
2025-05-28 20:00:00,4,0,5.209441892463583e-10
2025-05-28 21:00:00,4,0,6.773779582184918e-11
2025-05-28 22:00:00,4,0,4.262852693664014e-10
2025-05-28 23:00:00,4,0,7.111272105529717e-10
2025-05-29 00:00:00,4,0,6.046900111979142e-10
2025-05-29 01:00:00,4,0,1.279161671749558e-09
2025-05-29 02:00:00,4,0,7.426268352419451e-10
2025-05-29 03:00:00,4,0,6.262341340951106e-11
2025-05-29 04:00:00,4,0,5.817233390320848e-07
2025-05-29 05:00:00,4,0,6.304276496650595e-07
2025-05-29 06:00:00,4,0,4.5586733008399874e-08
2025-05-29 07:00:00,4,0,1.3139937600736468e-06
2025-05-29 08:00:00,4,0,0.00015709610691726304
2025-05-29 09:00:00,4,0,0.0016876089294132824
2025-05-29 10:00:00,4,1,0.39636914121162015
2025-05-29 11:00:00,4,1,0.9645562590424851
2025-05-29 12:00:00,4,1,0.9960886532454183
2025-05-29 13:00:00,4,1,0.9999196556741897
2025-05-29 14:00:00,4,1,0.9999589221123553
2025-05-29 15:00:00,4,1,0.9997077972478108
2025-05-29 16:00:00,4,1,0.9844450104681264
2025-05-29 17:00:00,4,0,0.161816135015638
2025-05-29 18:00:00,4,0,0.0001043237341371678
2025-05-29 19:00:00,4,0,5.116294109045819e-07
2025-05-29 20:00:00,4,0,1.0984604858009707e-09
2025-05-29 21:00:00,4,0,6.289957462391014e-07
2025-05-29 22:00:00,4,0,1.0023074917122626e-13
2025-05-29 23:00:00,4,0,3.885438982831907e-07
2025-05-30 00:00:00,4,0,3.3051225314317994e-07
2025-05-30 01:00:00,4,0,3.625673742481366e-10
2025-05-30 02:00:00,4,0,3.467235273557056e-07
2025-05-30 03:00:00,4,0,4.260542465344941e-07
2025-05-30 04:00:00,4,0,5.817233390320848e-07
2025-05-30 05:00:00,4,0,8.640142062150764e-07
2025-05-30 06:00:00,4,0,1.4023010933128331e-06
2025-05-30 07:00:00,4,0,4.418438550644126e-06
2025-05-30 08:00:00,4,0,3.0636176573492016e-05
2025-05-30 09:00:00,4,0,0.011455982171362454
2025-05-30 10:00:00,4,0,0.6795535161316432
2025-05-30 11:00:00,4,0,0.9979418014612322
2025-05-30 12:00:00,4,0,0.9999880061039365
2025-05-30 13:00:00,4,0,0.9999981587618032
2025-05-30 14:00:00,4,0,0.9999987682293756
2025-05-30 15:00:00,4,1,0.9999903665939319
2025-05-30 16:00:00,4,0,0.9963887079447197
2025-05-30 17:00:00,4,0,0.17184274641806416
2025-05-30 18:00:00,4,0,3.249734353293727e-05
2025-05-30 19:00:00,4,0,2.6821579669497835e-09
2025-05-30 20:00:00,4,0,6.900100196035498e-11
2025-05-30 21:00:00,4,0,2.3192847815355084e-13
2025-05-30 22:00:00,4,0,2.5800963872232856e-13
2025-05-30 23:00:00,4,0,2.690935798583571e-13
2025-05-31 00:00:00,4,0,3.1345327642398584e-13
2025-05-31 01:00:00,4,0,4.1327717934263063e-13
2025-05-31 02:00:00,4,0,3.288278313170811e-13
2025-05-31 03:00:00,4,0,8.885179940654035e-13
2025-05-31 04:00:00,4,0,5.51698554787027e-13
2025-05-31 05:00:00,4,0,6.999437761034308e-13
2025-05-31 06:00:00,4,0,1.7279126315176181e-12
2025-05-31 07:00:00,4,0,1.1556469331511352e-10
2025-05-31 08:00:00,4,0,1.971932766083941e-05
2025-05-31 09:00:00,4,0,0.0025695494337677114
2025-05-31 10:00:00,4,1,0.573139023667986
2025-05-31 11:00:00,4,1,0.9974686023965071
2025-05-31 12:00:00,4,1,0.9998953329782233
2025-05-31 13:00:00,4,1,0.9999721645127169
2025-05-31 14:00:00,4,1,0.9999883948969591
2025-05-31 15:00:00,4,1,0.999831884450445
2025-05-31 16:00:00,4,1,0.9872316031944912
2025-05-31 17:00:00,4,0,0.13133845122731289
2025-05-31 18:00:00,4,0,0.0001336320085956024
2025-05-31 19:00:00,4,0,1.9914951064111794e-07
2025-05-31 20:00:00,4,0,1.2986303622184672e-09
2025-05-31 21:00:00,4,0,7.901491876450354e-11
2025-05-31 22:00:00,4,0,8.789974110237194e-11
2025-05-31 23:00:00,4,0,1.2564026598205859e-10
2025-06-01 00:00:00,4,0,9.840436227665702e-11
2025-06-01 01:00:00,4,0,4.577385006469224e-10
2025-06-01 02:00:00,4,0,1.2849420420366987e-09
2025-06-01 03:00:00,4,0,1.7385048452399955e-10
2025-06-01 04:00:00,4,0,5.219609475736621e-10
2025-06-01 05:00:00,4,0,3.748550994272444e-09
2025-06-01 06:00:00,4,0,5.195774191636138e-10
2025-06-01 07:00:00,4,0,3.656950474194864e-07
2025-06-01 08:00:00,4,0,9.003901575991758e-06
2025-06-01 09:00:00,4,0,0.002428907798688924
2025-06-01 10:00:00,4,1,0.656948959915289
2025-06-01 11:00:00,4,1,0.9990237118262509
2025-06-01 12:00:00,4,1,0.9999938806058412
2025-06-01 13:00:00,4,1,0.9999924287307325
2025-06-01 14:00:00,4,1,0.9999941881867114
2025-06-01 15:00:00,4,1,0.9981366318084213
2025-06-01 16:00:00,4,1,0.9396912669911296
2025-06-01 17:00:00,4,0,0.1057705744813349
2025-06-01 18:00:00,4,0,0.00015969393453775784
2025-06-01 19:00:00,4,0,2.703398723886807e-07
2025-06-01 20:00:00,4,0,1.1380894256175101e-09
2025-06-01 21:00:00,4,0,1.0329898919557014e-12
2025-06-01 22:00:00,4,0,9.81609527936401e-13
2025-06-01 23:00:00,4,0,4.655972169964347e-13
2025-06-02 00:00:00,4,0,8.701969841631712e-13
2025-06-02 01:00:00,4,0,7.150831780321152e-13
2025-06-02 02:00:00,4,0,1.8879098436363857e-13
2025-06-02 03:00:00,4,0,4.3574830094745453e-13
2025-06-02 04:00:00,4,0,3.7081537829118024e-13
2025-06-02 05:00:00,4,0,1.8275101601279083e-13
2025-06-02 06:00:00,4,0,2.728573277287605e-13
2025-06-02 07:00:00,4,0,2.7459536981104457e-11
2025-06-02 08:00:00,4,0,2.2473913353568872e-07
2025-06-02 09:00:00,4,0,0.009575407339491852
2025-06-02 10:00:00,4,1,0.9495804063713088
2025-06-02 11:00:00,4,1,0.9999568068224443
2025-06-02 12:00:00,4,1,0.999999293765364
2025-06-02 13:00:00,4,1,0.999999919177314
2025-06-02 14:00:00,4,1,0.9999998639315691
2025-06-02 15:00:00,4,1,0.999992744729593
2025-06-02 16:00:00,4,1,0.9990894588176018
2025-06-02 17:00:00,4,0,0.39071443287894564
2025-06-02 18:00:00,4,0,5.637806341036112e-05
2025-06-02 19:00:00,4,0,3.2129293122193765e-09
2025-06-02 20:00:00,4,0,1.278784930709984e-12
2025-06-02 21:00:00,4,0,1.3322190152722848e-13
2025-06-02 22:00:00,4,0,9.237192696178965e-14
2025-06-02 23:00:00,4,0,7.026522923568745e-14
2025-06-03 00:00:00,4,0,5.971494576853306e-14
2025-06-03 01:00:00,4,0,5.744672008682099e-14
2025-06-03 02:00:00,4,0,6.264390131218138e-14
2025-06-03 03:00:00,4,0,2.31986584786957e-13
2025-06-03 04:00:00,4,0,1.051022648591807e-13
2025-06-03 05:00:00,4,0,1.5610492047579989e-13
2025-06-03 06:00:00,4,0,7.471725104068211e-13
2025-06-03 07:00:00,4,0,3.7001153368659085e-11
2025-06-03 08:00:00,4,0,2.0013596099061885e-07
2025-06-03 09:00:00,4,0,0.008002992028648787
2025-06-03 10:00:00,4,1,0.9777359673256766
2025-06-03 11:00:00,4,1,0.9999943993971332
2025-06-03 12:00:00,4,1,0.9999999322795522
2025-06-03 13:00:00,4,1,0.9999999904301918
2025-06-03 14:00:00,4,1,0.9999999787775748
2025-06-03 15:00:00,4,1,0.9999995685666917
2025-06-03 16:00:00,4,1,0.9998081989988101
2025-06-03 17:00:00,4,1,0.6811534690366164
2025-06-03 18:00:00,4,0,8.186521420608998e-05
2025-06-03 19:00:00,4,0,4.9633043302513265e-09
2025-06-03 20:00:00,4,0,1.42609844979754e-12
2025-06-03 21:00:00,4,0,1.3322190152722848e-13
2025-06-03 22:00:00,4,0,9.237192696178965e-14
2025-06-03 23:00:00,4,0,7.029575360199814e-14
2025-06-04 00:00:00,4,0,5.974088691892364e-14
2025-06-04 01:00:00,4,0,5.747167588282882e-14
2025-06-04 02:00:00,4,0,6.267111484882747e-14
2025-06-04 03:00:00,4,0,7.701034002008868e-14
2025-06-04 04:00:00,4,0,1.0514792300429014e-13
2025-06-04 05:00:00,4,0,1.5617273500977718e-13
2025-06-04 06:00:00,4,0,3.435262206174255e-13
2025-06-04 07:00:00,4,0,8.633813761631949e-08
2025-06-04 08:00:00,4,0,0.00029516457900254594
2025-06-04 09:00:00,4,0,0.011690972441100312
2025-06-04 10:00:00,4,1,0.9840488446699388
2025-06-04 11:00:00,4,1,0.9999946214879466
2025-06-04 12:00:00,4,1,0.9999999549771104
2025-06-04 13:00:00,4,1,0.9999999908880443
2025-06-04 14:00:00,4,1,0.999999985527722
2025-06-04 15:00:00,4,1,0.9999996422462442
2025-06-04 16:00:00,4,1,0.999772822910688
2025-06-04 17:00:00,4,1,0.6324864492863081
2025-06-04 18:00:00,4,0,0.00011311828466669909
2025-06-04 19:00:00,4,0,5.545784026204758e-09
2025-06-04 20:00:00,4,0,1.4412932936836132e-12
2025-06-04 21:00:00,4,0,1.3322190152722848e-13
2025-06-04 22:00:00,4,0,9.237192696178965e-14
2025-06-04 23:00:00,4,0,7.029575360199814e-14
2025-06-05 00:00:00,4,0,5.974088691892364e-14
2025-06-05 01:00:00,4,0,5.747167588282882e-14
2025-06-05 02:00:00,4,0,6.267111484882747e-14
2025-06-05 03:00:00,4,0,7.701034002008868e-14
2025-06-05 04:00:00,4,0,1.0514792300429014e-13
2025-06-05 05:00:00,4,0,1.5617273500977718e-13
2025-06-05 06:00:00,4,0,2.936824769954434e-13
2025-06-05 07:00:00,4,0,3.6420858840558036e-11
2025-06-05 08:00:00,4,0,3.876456319740468e-07
2025-06-05 09:00:00,4,0,0.01651424988397807
2025-06-05 10:00:00,4,1,0.9812363456412306
2025-06-05 11:00:00,4,1,0.9999937120746888
2025-06-05 12:00:00,4,1,0.9999999004199492
2025-06-05 13:00:00,4,1,0.9999999672762618
2025-06-05 14:00:00,4,1,0.9999999563188825
2025-06-05 15:00:00,4,1,0.9999993090500461
2025-06-05 16:00:00,4,1,0.99978265619479
2025-06-05 17:00:00,4,1,0.591452647581958
2025-06-05 18:00:00,4,0,0.00011088776989623105
2025-06-05 19:00:00,4,0,6.163385730528044e-09
2025-06-05 20:00:00,4,0,1.4564526656000718e-12
2025-06-05 21:00:00,4,0,1.3322190152722848e-13
2025-06-05 22:00:00,4,0,2.7835849103660866e-13
2025-06-05 23:00:00,4,0,2.479883863170748e-13
2025-06-06 00:00:00,4,0,2.4674487291125097e-13
2025-06-06 01:00:00,4,0,2.37372461191455e-13
2025-06-06 02:00:00,4,0,3.547542050741695e-13
2025-06-06 03:00:00,4,0,2.71696273704076e-13
2025-06-06 04:00:00,4,0,2.3121172253024757e-13
2025-06-06 05:00:00,4,0,3.4341113016939944e-13
2025-06-06 06:00:00,4,0,2.938100574730737e-13
2025-06-06 07:00:00,4,0,2.960648167669469e-11
2025-06-06 08:00:00,4,0,4.0504835868504347e-07
2025-06-06 09:00:00,4,0,0.008465749345919857
2025-06-06 10:00:00,4,1,0.9759724784202359
2025-06-06 11:00:00,4,1,0.9999928612317333
2025-06-06 12:00:00,4,1,0.9999998926166387
2025-06-06 13:00:00,4,1,0.9999999326614256
2025-06-06 14:00:00,4,1,0.9999998797205492
2025-06-06 15:00:00,4,1,0.9999996061190884
2025-06-06 16:00:00,4,1,0.9997510268923532
2025-06-06 17:00:00,4,0,0.5377536041002082
2025-06-06 18:00:00,4,0,9.325526468079456e-05
2025-06-06 19:00:00,4,0,5.472464416200932e-09
2025-06-06 20:00:00,4,0,1.4521252362161354e-12
2025-06-06 21:00:00,4,0,4.699783797592761e-13
2025-06-06 22:00:00,4,0,6.120591301399216e-13
2025-06-06 23:00:00,4,0,4.657817501195171e-13
2025-06-07 00:00:00,4,0,6.351833686333004e-13
2025-06-07 01:00:00,4,0,8.374617378501938e-13
2025-06-07 02:00:00,4,0,9.132265580928643e-13
2025-06-07 03:00:00,4,0,1.1221738742598552e-12
2025-06-07 04:00:00,4,0,1.5316408273333422e-12
2025-06-07 05:00:00,4,0,3.0977326658310655e-12
2025-06-07 06:00:00,4,0,4.101736136753089e-12
2025-06-07 07:00:00,4,0,1.971000362203226e-10
2025-06-07 08:00:00,4,0,3.563969349722049e-07
2025-06-07 09:00:00,4,0,0.004366259673147263
2025-06-07 10:00:00,4,1,0.9607629865042489
2025-06-07 11:00:00,4,1,0.9998756518209546
2025-06-07 12:00:00,4,1,0.9999990036553404
2025-06-07 13:00:00,4,1,0.9999998390805026
2025-06-07 14:00:00,4,1,0.9999998185993686
2025-06-07 15:00:00,4,1,0.9999950406138172
2025-06-07 16:00:00,4,1,0.9990949295822956
2025-06-07 17:00:00,4,0,0.5023277727376512
2025-06-07 18:00:00,4,0,0.0001744178151350056
2025-06-07 19:00:00,4,0,4.2354551976304773e-07
2025-06-07 20:00:00,4,0,2.5033111041362126e-10
2025-06-07 21:00:00,4,0,3.6456001914321915e-12
2025-06-07 22:00:00,4,0,6.120591301399216e-13
2025-06-07 23:00:00,4,0,1.0241684087001443e-12
2025-06-08 00:00:00,4,0,8.705280681536583e-13
2025-06-08 01:00:00,4,0,8.374617378501938e-13
2025-06-08 02:00:00,4,0,5.691844706849405e-13
2025-06-08 03:00:00,4,0,2.3208221032502836e-13
2025-06-08 04:00:00,4,0,2.7067720253177207e-13
2025-06-08 05:00:00,4,0,1.8282982610733656e-13
2025-06-08 06:00:00,4,0,2.980863024504776e-13
2025-06-08 07:00:00,4,0,2.933481064077622e-11
2025-06-08 08:00:00,4,0,4.583617020251809e-06
2025-06-08 09:00:00,4,0,0.0015151346505028797
2025-06-08 10:00:00,4,1,0.9428396700439663
2025-06-08 11:00:00,4,1,0.9994232037197551
2025-06-08 12:00:00,4,1,0.9999926076701007
2025-06-08 13:00:00,4,1,0.9999999436096735
2025-06-08 14:00:00,4,1,0.999999962899204
2025-06-08 15:00:00,4,1,0.999997918253325
2025-06-08 16:00:00,4,1,0.9993037239120041
2025-06-08 17:00:00,4,1,0.5065351756767034
2025-06-08 18:00:00,4,0,0.00015823662850673404
2025-06-08 19:00:00,4,0,5.836912947201041e-09
2025-06-08 20:00:00,4,0,1.6180224635646271e-12
2025-06-08 21:00:00,4,0,3.42927502711261e-13
2025-06-08 22:00:00,4,0,6.120591301399216e-13
2025-06-08 23:00:00,4,0,7.473014289109453e-13
2025-06-09 00:00:00,4,0,5.425718878819886e-13
2025-06-09 01:00:00,4,0,7.153575149676851e-13
2025-06-09 02:00:00,4,0,9.132265580928643e-13
2025-06-09 03:00:00,4,0,1.8004689824697813e-12
2025-06-09 04:00:00,4,0,1.3087900387257526e-12
2025-06-09 05:00:00,4,0,1.6604762504902086e-12
2025-06-09 06:00:00,4,0,2.60526934736871e-12
2025-06-09 07:00:00,4,0,2.6736075350833792e-11
2025-06-09 08:00:00,4,0,2.2946440763741282e-07
2025-06-09 09:00:00,4,0,0.005524973113480513
2025-06-09 10:00:00,4,1,0.9699455989764166
2025-06-09 11:00:00,4,1,0.9999357142838804
2025-06-09 12:00:00,4,1,0.9999993642987086
2025-06-09 13:00:00,4,1,0.9999998641122441
2025-06-09 14:00:00,4,1,0.9999999447777607
2025-06-09 15:00:00,4,1,0.9999979892664358
2025-06-09 16:00:00,4,1,0.9993605139702607
2025-06-09 17:00:00,4,1,0.4541776958310958
2025-06-09 18:00:00,4,0,0.000201559403232084
2025-06-09 19:00:00,4,0,6.283094650493395e-09
2025-06-09 20:00:00,4,0,2.0452003188723797e-12
2025-06-09 21:00:00,4,0,3.42927502711261e-13
2025-06-09 22:00:00,4,0,7.165246937278336e-13
2025-06-09 23:00:00,4,0,7.473014289109453e-13
2025-06-10 00:00:00,4,0,6.351833686333004e-13
2025-06-10 01:00:00,4,0,6.110564233470361e-13
2025-06-10 02:00:00,4,0,6.66338447564494e-13
2025-06-10 03:00:00,4,0,6.994145505043058e-13
2025-06-10 04:00:00,4,0,1.3087900387257526e-12
2025-06-10 05:00:00,4,0,1.2115713862726682e-12
2025-06-10 06:00:00,4,0,1.904131682913395e-12
2025-06-10 07:00:00,4,0,2.592123275540846e-11
2025-06-10 08:00:00,4,0,2.7008401680654763e-07
2025-06-10 09:00:00,4,0,0.006021968663202007
2025-06-10 10:00:00,4,1,0.97298278636513
2025-06-10 11:00:00,4,1,0.9998453670628134
2025-06-10 12:00:00,4,1,0.9999964100007337
2025-06-10 13:00:00,4,1,0.9999990143148819
2025-06-10 14:00:00,4,1,0.9999991642169341
2025-06-10 15:00:00,4,1,0.9999963331730644
2025-06-10 16:00:00,4,1,0.9994915515926118
2025-06-10 17:00:00,4,0,0.595069726140658
2025-06-10 18:00:00,4,0,0.0006740215174790598
2025-06-10 19:00:00,4,0,4.943249474446775e-07
2025-06-10 20:00:00,4,0,7.516120536250931e-10
2025-06-10 21:00:00,4,0,7.540345122178753e-13
2025-06-10 22:00:00,4,0,1.1100510436786238e-10
2025-06-10 23:00:00,4,0,4.781182633884552e-10
2025-06-11 00:00:00,4,0,4.4764595869654203e-11
2025-06-11 01:00:00,4,0,6.110564233470361e-13
2025-06-11 02:00:00,4,0,6.66338447564494e-13
2025-06-11 03:00:00,4,0,6.755426219421063e-11
2025-06-11 04:00:00,4,0,3.709670527429752e-13
2025-06-11 05:00:00,4,0,9.996028971577822e-11
2025-06-11 06:00:00,4,0,4.185064292522494e-09
2025-06-11 07:00:00,4,0,8.642663150875433e-08
2025-06-11 08:00:00,4,0,3.6643237599546926e-06
2025-06-11 09:00:00,4,0,0.014198522859410994
2025-06-11 10:00:00,4,1,0.9106828717149341
2025-06-11 11:00:00,4,1,0.9992766230312714
2025-06-11 12:00:00,4,1,0.9999790681609457
2025-06-11 13:00:00,4,1,0.9999980378664076
2025-06-11 14:00:00,4,1,0.9999982892914601
2025-06-11 15:00:00,4,1,0.9999923114777189
2025-06-11 16:00:00,4,1,0.9987994476676099
2025-06-11 17:00:00,4,0,0.5437325478991896
2025-06-11 18:00:00,4,0,0.00011935548697506575
2025-06-11 19:00:00,4,0,6.8677657715145166e-09
2025-06-11 20:00:00,4,0,2.1719361470398327e-12
2025-06-11 21:00:00,4,0,2.5022272764124275e-13
2025-06-11 22:00:00,4,0,2.0310887968622516e-13
2025-06-11 23:00:00,4,0,3.9787320005676904e-13
2025-06-12 00:00:00,4,0,8.705280681536583e-13
2025-06-12 01:00:00,4,0,5.219627175238893e-13
2025-06-12 02:00:00,4,0,4.153071252833864e-13
2025-06-12 03:00:00,4,0,8.187974721555905e-13
2025-06-12 04:00:00,4,0,1.1179648542759537e-12
2025-06-12 05:00:00,4,0,7.2936695337105e-11
2025-06-12 06:00:00,4,0,6.356700093107913e-07
2025-06-12 07:00:00,4,0,4.759043064965374e-06
2025-06-12 08:00:00,4,0,1.015768183386615e-06
2025-06-12 09:00:00,4,0,0.01133003661925886
2025-06-12 10:00:00,4,1,0.9724808090950859
2025-06-12 11:00:00,4,1,0.999969252717042
2025-06-12 12:00:00,4,1,0.9999997626435954
2025-06-12 13:00:00,4,1,0.9999999699046662
2025-06-12 14:00:00,4,1,0.9999999706918412
2025-06-12 15:00:00,4,1,0.999999417108808
2025-06-12 16:00:00,4,1,0.9995956979977658
2025-06-12 17:00:00,4,1,0.5981553639096937
2025-06-12 18:00:00,4,0,0.00018997690720280174
2025-06-12 19:00:00,4,0,1.893812443669173e-08
2025-06-12 20:00:00,4,0,1.26494310254946e-11
2025-06-12 21:00:00,4,0,1.4162579141998257e-12
2025-06-12 22:00:00,4,0,7.165246937278336e-13
2025-06-12 23:00:00,4,0,3.9787320005676904e-13
2025-06-13 00:00:00,4,0,4.634634155381529e-13
2025-06-13 01:00:00,4,0,5.219627175238893e-13
2025-06-13 02:00:00,4,0,1.7153227735996598e-12
2025-06-13 03:00:00,4,0,3.959084715171113e-12
2025-06-13 04:00:00,4,0,6.328317824475347e-12
2025-06-13 05:00:00,4,0,3.883141658153807e-11
2025-06-13 06:00:00,4,0,7.805440297642257e-12
2025-06-13 07:00:00,4,0,4.458263322944495e-09
2025-06-13 08:00:00,4,0,7.678067012289432e-06
2025-06-13 09:00:00,4,0,0.009129319845073255
2025-06-13 10:00:00,4,1,0.9490444559053554
2025-06-13 11:00:00,4,1,0.9999079726319116
2025-06-13 12:00:00,4,1,0.9999989286497026
2025-06-13 13:00:00,4,1,0.9999997210693786
2025-06-13 14:00:00,4,1,0.9999996415085439
2025-06-13 15:00:00,4,1,0.9999897119093585
2025-06-13 16:00:00,4,1,0.9991887433411429
2025-06-13 17:00:00,4,1,0.5658041641189753
2025-06-13 18:00:00,4,0,0.0006264630172416935
2025-06-13 19:00:00,4,0,1.4695056525779581e-07
2025-06-13 20:00:00,4,0,1.5549851083163564e-11
2025-06-13 21:00:00,4,0,2.6600725126397267e-12
2025-06-13 22:00:00,4,0,1.3458054661541405e-12
2025-06-13 23:00:00,4,0,1.0241684087001443e-12
2025-06-14 00:00:00,4,0,1.635121763738608e-12
2025-06-14 01:00:00,4,0,1.2203266245193695e-11
2025-06-14 02:00:00,4,0,8.820501347809162e-11
2025-06-14 03:00:00,4,0,6.352143274878063e-12
2025-06-14 04:00:00,4,0,3.809524936934073e-10
2025-06-14 05:00:00,4,0,3.526575632087066e-10
2025-06-14 06:00:00,4,0,9.925426896412966e-11
2025-06-14 07:00:00,4,0,2.423293147828107e-09
2025-06-14 08:00:00,4,0,5.090536695453312e-07
2025-06-14 09:00:00,4,0,0.005755921250338819
2025-06-14 10:00:00,4,1,0.9405001121143376
2025-06-14 11:00:00,4,1,0.9999460159771869
2025-06-14 12:00:00,4,1,0.9999988206142157
2025-06-14 13:00:00,4,1,0.9999989342798818
2025-06-14 14:00:00,4,1,0.9999992882296896
2025-06-14 15:00:00,4,1,0.9999930380405417
2025-06-14 16:00:00,4,1,0.9993746085983618
2025-06-14 17:00:00,4,1,0.611638591933934
2025-06-14 18:00:00,4,0,0.0006723510085032252
2025-06-14 19:00:00,4,0,3.6418253039156183e-07
2025-06-14 20:00:00,4,0,4.16287427227198e-09
2025-06-14 21:00:00,4,0,1.0333960254948137e-12
2025-06-14 22:00:00,4,0,2.5277458942919885e-12
2025-06-14 23:00:00,4,0,5.452808550901168e-13
2025-06-15 00:00:00,4,0,1.8003812318326506e-13
2025-06-15 01:00:00,4,0,5.747167588282882e-14
2025-06-15 02:00:00,4,0,6.267111484882747e-14
2025-06-15 03:00:00,4,0,7.701034002008868e-14
2025-06-15 04:00:00,4,0,1.0514792300429014e-13
2025-06-15 05:00:00,4,0,1.5617273500977718e-13
2025-06-15 06:00:00,4,0,2.9779570168332294e-13
2025-06-15 07:00:00,4,0,2.1787037382778804e-10
2025-06-15 08:00:00,4,0,9.862515433863708e-07
2025-06-15 09:00:00,4,0,0.006669530597667973
2025-06-15 10:00:00,4,1,0.9636662306387981
2025-06-15 11:00:00,4,1,0.9999001229614122
2025-06-15 12:00:00,4,1,0.9999990137742142
2025-06-15 13:00:00,4,1,0.9999998555573946
2025-06-15 14:00:00,4,1,0.9999997224915884
2025-06-15 15:00:00,4,1,0.9999899816937208
2025-06-15 16:00:00,4,1,0.9991594901646562
2025-06-15 17:00:00,4,0,0.5654120025844263
2025-06-15 18:00:00,4,0,0.00016587612849276907
2025-06-15 19:00:00,4,0,3.938385307943492e-08
2025-06-15 20:00:00,4,0,2.345933541813107e-11
2025-06-15 21:00:00,4,0,2.5022272764124275e-13
2025-06-15 22:00:00,4,0,9.237192696178965e-14
2025-06-15 23:00:00,4,0,7.029575360199814e-14
2025-06-16 00:00:00,4,0,5.974088691892364e-14
2025-06-16 01:00:00,4,0,5.747167588282882e-14
2025-06-16 02:00:00,4,0,6.267111484882747e-14
2025-06-16 03:00:00,4,0,7.701034002008868e-14
2025-06-16 04:00:00,4,0,1.0514792300429014e-13
2025-06-16 05:00:00,4,0,1.5617273500977718e-13
2025-06-16 06:00:00,4,0,2.980863024504776e-13
2025-06-16 07:00:00,4,0,4.384175655480857e-11
2025-06-16 08:00:00,4,0,2.8198231158865656e-07
2025-06-16 09:00:00,4,0,0.009488388480179966
2025-06-16 10:00:00,4,1,0.9859010027647177
2025-06-16 11:00:00,4,1,0.9999948903107786
2025-06-16 12:00:00,4,1,0.9999999350761264
2025-06-16 13:00:00,4,1,0.9999999875420539
2025-06-16 14:00:00,4,1,0.9999999799830359
2025-06-16 15:00:00,4,1,0.9999997390397589
2025-06-16 16:00:00,4,1,0.9997078848156806
2025-06-16 17:00:00,4,1,0.7328171413813915
2025-06-16 18:00:00,4,0,0.00014060124273686237
2025-06-16 19:00:00,4,0,8.823575755451507e-09
2025-06-16 20:00:00,4,0,2.500641726350253e-12
2025-06-16 21:00:00,4,0,1.3322190152722848e-13
2025-06-16 22:00:00,4,0,9.237192696178965e-14
2025-06-16 23:00:00,4,0,7.029575360199814e-14
2025-06-17 00:00:00,4,0,5.974088691892364e-14
2025-06-17 01:00:00,4,0,5.747167588282882e-14
2025-06-17 02:00:00,4,0,6.267111484882747e-14
2025-06-17 03:00:00,4,0,7.701034002008868e-14
2025-06-17 04:00:00,4,0,1.0514792300429014e-13
2025-06-17 05:00:00,4,0,1.5617273500977718e-13
2025-06-17 06:00:00,4,0,2.980863024504776e-13
2025-06-17 07:00:00,4,0,4.07495795541279e-11
2025-06-17 08:00:00,4,0,4.1031596464402695e-07
2025-06-17 09:00:00,4,0,0.014605911900107436
2025-06-17 10:00:00,4,1,0.9895652064376969
2025-06-17 11:00:00,4,1,0.9999953459967638
2025-06-17 12:00:00,4,1,0.9999999689944977
2025-06-17 13:00:00,4,1,0.9999999887398078
2025-06-17 14:00:00,4,1,0.999999983533566
2025-06-17 15:00:00,4,1,0.999999707641793
2025-06-17 16:00:00,4,1,0.9997423027761551
2025-06-17 17:00:00,4,1,0.7293647632619953
2025-06-17 18:00:00,4,0,0.0001609905558795147
2025-06-17 19:00:00,4,0,9.715885893047763e-09
2025-06-17 20:00:00,4,0,2.5771633715370962e-12
2025-06-17 21:00:00,4,0,1.3477904779457971e-13
2025-06-17 22:00:00,4,0,9.237192696178965e-14
2025-06-17 23:00:00,4,0,7.029575360199814e-14
2025-06-18 00:00:00,4,0,5.974088691892364e-14
2025-06-18 01:00:00,4,0,5.747167588282882e-14
2025-06-18 02:00:00,4,0,6.267111484882747e-14
2025-06-18 03:00:00,4,0,7.701034002008868e-14
2025-06-18 04:00:00,4,0,1.0514792300429014e-13
2025-06-18 05:00:00,4,0,1.5494332714868913e-13
2025-06-18 06:00:00,4,0,2.983967345888517e-13
2025-06-18 07:00:00,4,0,4.0263190086344594e-11
2025-06-18 08:00:00,4,0,3.9409040148055904e-07
2025-06-18 09:00:00,4,0,0.014471133508983294
2025-06-18 10:00:00,4,1,0.9816600850739978
2025-06-18 11:00:00,4,1,0.9999949584811034
2025-06-18 12:00:00,4,1,0.9999999283047227
2025-06-18 13:00:00,4,1,0.9999999804013519
2025-06-18 14:00:00,4,1,0.9999999743446686
2025-06-18 15:00:00,4,1,0.9999993796096228
2025-06-18 16:00:00,4,1,0.9998130589821493
2025-06-18 17:00:00,4,1,0.6556830837951113
2025-06-18 18:00:00,4,0,0.00015159004496347362
2025-06-18 19:00:00,4,0,1.008656446877484e-08
2025-06-18 20:00:00,4,0,2.592778052064321e-12
2025-06-18 21:00:00,4,0,1.3322190152722848e-13
2025-06-18 22:00:00,4,0,9.237192696178965e-14
2025-06-18 23:00:00,4,0,7.029575360199814e-14
2025-06-19 00:00:00,4,0,5.974088691892364e-14
2025-06-19 01:00:00,4,0,5.747167588282882e-14
2025-06-19 02:00:00,4,0,6.267111484882747e-14
2025-06-19 03:00:00,4,0,7.701034002008868e-14
2025-06-19 04:00:00,4,0,1.0514792300429014e-13
2025-06-19 05:00:00,4,0,1.5617273500977718e-13
2025-06-19 06:00:00,4,0,2.980863024504776e-13
2025-06-19 07:00:00,4,0,4.042088708151392e-11
2025-06-19 08:00:00,4,0,4.986507508501998e-07
2025-06-19 09:00:00,4,0,0.010090213921464494
2025-06-19 10:00:00,4,1,0.9772348238026499
2025-06-19 11:00:00,4,1,0.9999925941155877
2025-06-19 12:00:00,4,1,0.9999999220947277
2025-06-19 13:00:00,4,1,0.9999999716110691
2025-06-19 14:00:00,4,1,0.9999999559358509
2025-06-19 15:00:00,4,1,0.9999995330946152
2025-06-19 16:00:00,4,1,0.9996722028412833
2025-06-19 17:00:00,4,1,0.6363950399413949
2025-06-19 18:00:00,4,0,0.0009060129809117634
2025-06-19 19:00:00,4,0,4.832469754508708e-07
2025-06-19 20:00:00,4,0,2.8634962175175713e-11
2025-06-19 21:00:00,4,0,2.6600725126397267e-12
2025-06-19 22:00:00,4,0,7.165246937278336e-13
2025-06-19 23:00:00,4,0,2.903147650346997e-13
2025-06-20 00:00:00,4,0,2.8886170306497974e-13
2025-06-20 01:00:00,4,0,2.0276290400510545e-13
2025-06-20 02:00:00,4,0,6.267111484882747e-14
2025-06-20 03:00:00,4,0,7.701034002008868e-14
2025-06-20 04:00:00,4,0,1.0514792300429014e-13
2025-06-20 05:00:00,4,0,1.5617273500977718e-13
2025-06-20 06:00:00,4,0,1.043804595712943e-12
2025-06-20 07:00:00,4,0,4.999233111075811e-11
2025-06-20 08:00:00,4,0,3.0208219750115974e-07
2025-06-20 09:00:00,4,0,0.021987667066758847
2025-06-20 10:00:00,4,1,0.971027595042118
2025-06-20 11:00:00,4,1,0.9999576129799135
2025-06-20 12:00:00,4,1,0.9999987061977139
2025-06-20 13:00:00,4,1,0.9999999339603144
2025-06-20 14:00:00,4,1,0.9999995525201983
2025-06-20 15:00:00,4,1,0.9999986352699755
2025-06-20 16:00:00,4,1,0.9996262585147382
2025-06-20 17:00:00,4,1,0.6553945859138128
2025-06-20 18:00:00,4,0,0.0010892733099648892
2025-06-20 19:00:00,4,0,1.0650641311029274e-06
2025-06-20 20:00:00,4,0,1.5965822607790168e-09
2025-06-20 21:00:00,4,0,8.827322742552782e-13
2025-06-20 22:00:00,4,0,6.120591301399216e-13
2025-06-20 23:00:00,4,0,6.383487778375034e-13
2025-06-21 00:00:00,4,0,2.8886170306497974e-13
2025-06-21 01:00:00,4,0,4.4585911885617924e-13
2025-06-21 02:00:00,4,0,6.66338447564494e-13
2025-06-21 03:00:00,4,0,1.7389897703021462e-10
2025-06-21 04:00:00,4,0,1.1480367872695983e-09
2025-06-21 05:00:00,4,0,1.0627673072048554e-09
2025-06-21 06:00:00,4,0,3.2804442724073095e-10
2025-06-21 07:00:00,4,0,1.0156665217925848e-08
2025-06-21 08:00:00,4,0,1.0993315331539942e-05
2025-06-21 09:00:00,4,0,0.005184176110685445
2025-06-21 10:00:00,4,1,0.9692936777733209
2025-06-21 11:00:00,4,1,0.9999457273086892
2025-06-21 12:00:00,4,1,0.9999981749129966
2025-06-21 13:00:00,4,1,0.9999992080629428
2025-06-21 14:00:00,4,1,0.9999987867713489
2025-06-21 15:00:00,4,1,0.9999896754001569
2025-06-21 16:00:00,4,1,0.9994895754064369
2025-06-21 17:00:00,4,1,0.6163864331170742
2025-06-21 18:00:00,4,0,0.00036016332706560327
2025-06-21 19:00:00,4,0,4.978098819424763e-08
2025-06-21 20:00:00,4,0,2.559165336793158e-12
2025-06-21 21:00:00,4,0,3.42927502711261e-13
2025-06-21 22:00:00,4,0,1.0813786351037954e-13
2025-06-21 23:00:00,4,0,7.029575360199814e-14
2025-06-22 00:00:00,4,0,5.974088691892364e-14
2025-06-22 01:00:00,4,0,5.747167588282882e-14
2025-06-22 02:00:00,4,0,6.267111484882747e-14
2025-06-22 03:00:00,4,0,7.701034002008868e-14
2025-06-22 04:00:00,4,0,1.0514792300429014e-13
2025-06-22 05:00:00,4,0,1.5617273500977718e-13
2025-06-22 06:00:00,4,0,2.841563760676772e-13
2025-06-22 07:00:00,4,0,2.933481064077622e-11
2025-06-22 08:00:00,4,0,2.6658265473319213e-07
2025-06-22 09:00:00,4,0,0.009262804441457025
2025-06-22 10:00:00,4,1,0.9501399593152636
2025-06-22 11:00:00,4,1,0.9999342992881416
2025-06-22 12:00:00,4,1,0.9999990874368346
2025-06-22 13:00:00,4,1,0.9999997284882167
2025-06-22 14:00:00,4,1,0.9999998503897352
2025-06-22 15:00:00,4,1,0.9999979310731072
2025-06-22 16:00:00,4,1,0.999558598834046
2025-06-22 17:00:00,4,0,0.6033932383852081
2025-06-22 18:00:00,4,0,0.0001831296640537993
2025-06-22 19:00:00,4,0,1.0946779064925743e-08
2025-06-22 20:00:00,4,0,9.496602399099512e-11
2025-06-22 21:00:00,4,0,1.3322190152722848e-13
2025-06-22 22:00:00,4,0,9.237192696178965e-14
2025-06-22 23:00:00,4,0,7.029575360199814e-14
2025-06-23 00:00:00,4,0,5.974088691892364e-14
2025-06-23 01:00:00,4,0,5.747167588282882e-14
2025-06-23 02:00:00,4,0,6.267111484882747e-14
2025-06-23 03:00:00,4,0,7.701034002008868e-14
2025-06-23 04:00:00,4,0,1.0514792300429014e-13
2025-06-23 05:00:00,4,0,1.5617273500977718e-13
2025-06-23 06:00:00,4,0,2.841563760676772e-13
2025-06-23 07:00:00,4,0,3.658789086534412e-11
2025-06-23 08:00:00,4,0,2.7181100506091076e-07
2025-06-23 09:00:00,4,0,0.012702388736925729
2025-06-23 10:00:00,4,1,0.9821683860413218
2025-06-23 11:00:00,4,1,0.9999939248423604
2025-06-23 12:00:00,4,1,0.9999999325861594
2025-06-23 13:00:00,4,1,0.9999999877412903
2025-06-23 14:00:00,4,1,0.9999999802473891
2025-06-23 15:00:00,4,1,0.9999987849612795
2025-06-23 16:00:00,4,1,0.9997720221719226
2025-06-23 17:00:00,4,1,0.7915352629644868
2025-06-23 18:00:00,4,0,0.0002713549273527377
2025-06-23 19:00:00,4,0,2.2513856528353685e-08
2025-06-23 20:00:00,4,0,2.855255133945455e-12
2025-06-23 21:00:00,4,0,1.3488873267900782e-13
2025-06-23 22:00:00,4,0,9.345160379891391e-14
2025-06-23 23:00:00,4,0,7.029575360199814e-14
2025-06-24 00:00:00,4,0,5.974088691892364e-14
2025-06-24 01:00:00,4,0,5.747167588282882e-14
2025-06-24 02:00:00,4,0,6.267111484882747e-14
2025-06-24 03:00:00,4,0,7.701034002008868e-14
2025-06-24 04:00:00,4,0,1.0514792300429014e-13
2025-06-24 05:00:00,4,0,1.5494332714868913e-13
2025-06-24 06:00:00,4,0,2.830700488261671e-13
2025-06-24 07:00:00,4,0,3.0017706311932986e-11
2025-06-24 08:00:00,4,0,3.0783889108975525e-07
2025-06-24 09:00:00,4,0,0.008735104196532457
2025-06-24 10:00:00,4,1,0.9787142830650283
2025-06-24 11:00:00,4,1,0.9999840511259198
2025-06-24 12:00:00,4,1,0.9999999416548019
2025-06-24 13:00:00,4,1,0.999999984357695
2025-06-24 14:00:00,4,1,0.9999999797891181
2025-06-24 15:00:00,4,1,0.9999994955160807
2025-06-24 16:00:00,4,1,0.9997818663179688
2025-06-24 17:00:00,4,1,0.5706644373272303
2025-06-24 18:00:00,4,0,0.0004957093090280678
2025-06-24 19:00:00,4,0,2.996742312318658e-07
2025-06-24 20:00:00,4,0,5.4439631265767245e-12
2025-06-24 21:00:00,4,0,1.5596006576655967e-13
2025-06-24 22:00:00,4,0,2.0310887968622516e-13
2025-06-24 23:00:00,4,0,3.398653624423723e-13
2025-06-25 00:00:00,4,0,2.4674487291125097e-13
2025-06-25 01:00:00,4,0,1.7319951537016605e-13
2025-06-25 02:00:00,4,0,6.267111484882747e-14
2025-06-25 03:00:00,4,0,7.701034002008868e-14
2025-06-25 04:00:00,4,0,6.967912049714743e-13
2025-06-25 05:00:00,4,0,7.496211914453338e-13
2025-06-25 06:00:00,4,0,1.5979705441179825e-12
2025-06-25 07:00:00,4,0,1.4466040069694272e-10
2025-06-25 08:00:00,4,0,2.433781942533874e-07
2025-06-25 09:00:00,4,0,0.01037746642659726
2025-06-25 10:00:00,4,1,0.9718469120957257
2025-06-25 11:00:00,4,1,0.999986377872236
2025-06-25 12:00:00,4,1,0.9999997918995462
2025-06-25 13:00:00,4,1,0.9999999661699988
2025-06-25 14:00:00,4,1,0.9999999453456204
2025-06-25 15:00:00,4,1,0.9999989154149728
2025-06-25 16:00:00,4,1,0.9997307936951648
2025-06-25 17:00:00,4,1,0.6259617472618484
2025-06-25 18:00:00,4,0,0.000316003020643387
2025-06-25 19:00:00,4,0,1.244918682248327e-08
2025-06-25 20:00:00,4,0,6.375639338186376e-12
2025-06-25 21:00:00,4,0,4.699783797592761e-13
2025-06-25 22:00:00,4,0,6.120591301399216e-13
2025-06-25 23:00:00,4,0,5.452808550901168e-13
2025-06-26 00:00:00,4,0,4.634634155381529e-13
2025-06-26 01:00:00,4,0,1.2637553646235626e-13
2025-06-26 02:00:00,4,0,6.267111484882747e-14
2025-06-26 03:00:00,4,0,2.3208221032502836e-13
2025-06-26 04:00:00,4,0,5.084157547573711e-13
2025-06-26 05:00:00,4,0,1.034920948525842e-12
2025-06-26 06:00:00,4,0,2.730721075588064e-13
2025-06-26 07:00:00,4,0,2.728862137473766e-11
2025-06-26 08:00:00,4,0,2.3762113952177556e-07
2025-06-26 09:00:00,4,0,0.004370353184151006
2025-06-26 10:00:00,4,1,0.9746593929481224
2025-06-26 11:00:00,4,1,0.9999855195973343
2025-06-26 12:00:00,4,1,0.9999999080041857
2025-06-26 13:00:00,4,1,0.9999999790435448
2025-06-26 14:00:00,4,1,0.9999999759231665
2025-06-26 15:00:00,4,1,0.9999993267553683
2025-06-26 16:00:00,4,1,0.9996395191144287
2025-06-26 17:00:00,4,0,0.6505101161664124
2025-06-26 18:00:00,4,0,0.00020100968412374635
2025-06-26 19:00:00,4,0,9.955802479367913e-09
2025-06-26 20:00:00,4,0,3.893861033700172e-12
2025-06-26 21:00:00,4,0,1.3322190152722848e-13
2025-06-26 22:00:00,4,0,3.2586840505257063e-13
2025-06-26 23:00:00,4,0,4.657817501195171e-13
2025-06-27 00:00:00,4,0,3.3816744604704295e-13
2025-06-27 01:00:00,4,0,5.747167588282882e-14
2025-06-27 02:00:00,4,0,6.267111484882747e-14
2025-06-27 03:00:00,4,0,7.701034002008868e-14
2025-06-27 04:00:00,4,0,1.0510511865352425e-13
2025-06-27 05:00:00,4,0,1.561091591222235e-13
2025-06-27 06:00:00,4,0,2.8445230134411723e-13
2025-06-27 07:00:00,4,0,2.8593129086017628e-11
2025-06-27 08:00:00,4,0,1.8195843270813336e-07
2025-06-27 09:00:00,4,0,0.004476533007787488
2025-06-27 10:00:00,4,1,0.9704806837515637
2025-06-27 11:00:00,4,1,0.9999832454487021
2025-06-27 12:00:00,4,1,0.9999998817211129
2025-06-27 13:00:00,4,1,0.9999999878915499
2025-06-27 14:00:00,4,1,0.9999999849084795
2025-06-27 15:00:00,4,1,0.9999995794745201
2025-06-27 16:00:00,4,1,0.999738286367796
2025-06-27 17:00:00,4,1,0.7797824782610958
2025-06-27 18:00:00,4,0,0.0001727212175555702
2025-06-27 19:00:00,4,0,1.1024512694079155e-08
2025-06-27 20:00:00,4,0,2.9232891000205657e-12
2025-06-27 21:00:00,4,0,1.3322190152722848e-13
2025-06-27 22:00:00,4,0,9.237192696178965e-14
2025-06-27 23:00:00,4,0,3.9787320005676904e-13
2025-06-28 00:00:00,4,0,3.3816744604704295e-13
2025-06-28 01:00:00,4,0,5.747167588282882e-14
2025-06-28 02:00:00,4,0,6.66338447564494e-13
2025-06-28 03:00:00,4,0,6.994145505043058e-13
2025-06-28 04:00:00,4,0,5.949742971513879e-13
2025-06-28 05:00:00,4,0,1.6598743303886846e-12
2025-06-28 06:00:00,4,0,1.8603748458299576e-12
2025-06-28 07:00:00,4,0,1.7062067058251177e-10
2025-06-28 08:00:00,4,0,8.7645499591595e-07
2025-06-28 09:00:00,4,0,0.011945075795976342
2025-06-28 10:00:00,4,1,0.9317532985437321
2025-06-28 11:00:00,4,1,0.9998668394873745
2025-06-28 12:00:00,4,1,0.9999992763782013
2025-06-28 13:00:00,4,1,0.9999999146129137
2025-06-28 14:00:00,4,1,0.9999998348958228
2025-06-28 15:00:00,4,1,0.9999984070130364
2025-06-28 16:00:00,4,1,0.9993218959131283
2025-06-28 17:00:00,4,1,0.619298599574065
2025-06-28 18:00:00,4,0,0.0009378893385748652
2025-06-28 19:00:00,4,0,3.6846039897684966e-07
2025-06-28 20:00:00,4,0,1.9296192254418228e-09
2025-06-28 21:00:00,4,0,3.1965034375461504e-09
2025-06-28 22:00:00,4,0,1.4685187834789475e-08
2025-06-28 23:00:00,4,0,4.0841216554220435e-10
2025-06-29 00:00:00,4,0,7.636027509237549e-10
2025-06-29 01:00:00,4,0,1.5192965784619498e-10
2025-06-29 02:00:00,4,0,5.497574641859757e-11
2025-06-29 03:00:00,4,0,7.908488130465347e-11
2025-06-29 04:00:00,4,0,2.877922745762912e-12
2025-06-29 05:00:00,4,0,5.321874858290965e-11
2025-06-29 06:00:00,4,0,2.5291760794843915e-09
2025-06-29 07:00:00,4,0,4.5015085702597075e-08
2025-06-29 08:00:00,4,0,8.277664556365458e-08
2025-06-29 09:00:00,4,0,0.008825072459446692
2025-06-29 10:00:00,4,1,0.9354999077407672
2025-06-29 11:00:00,4,1,0.999958224902108
2025-06-29 12:00:00,4,1,0.9999997927425658
2025-06-29 13:00:00,4,1,0.9999999746604551
2025-06-29 14:00:00,4,1,0.9999999735504261
2025-06-29 15:00:00,4,1,0.9999991663647139
2025-06-29 16:00:00,4,1,0.9995702414265568
2025-06-29 17:00:00,4,0,0.6679891567328367
2025-06-29 18:00:00,4,0,0.0010589055875074968
2025-06-29 19:00:00,4,0,2.4835100124295854e-07
2025-06-29 20:00:00,4,0,4.710415272739314e-10
2025-06-29 21:00:00,4,0,1.3322190152722848e-13
2025-06-29 22:00:00,4,0,9.237192696178965e-14
2025-06-29 23:00:00,4,0,7.029575360199814e-14
2025-06-30 00:00:00,4,0,2.8886170306497974e-13
2025-06-30 01:00:00,4,0,2.778895163716413e-13
2025-06-30 02:00:00,4,0,4.153071252833864e-13
2025-06-30 03:00:00,4,0,2.3208221032502836e-13
2025-06-30 04:00:00,4,0,3.709670527429752e-13
2025-06-30 05:00:00,4,0,5.509851033673335e-13
2025-06-30 06:00:00,4,0,3.6757304777003745e-13
2025-06-30 07:00:00,4,0,2.6800346217473344e-11
2025-06-30 08:00:00,4,0,1.8195843270813336e-07
2025-06-30 09:00:00,4,0,0.0031455628626484962
2025-06-30 10:00:00,4,1,0.9747166218656004
2025-06-30 11:00:00,4,1,0.9999848008017597
2025-06-30 12:00:00,4,1,0.9999998930105022
2025-06-30 13:00:00,4,1,0.9999999785292892
2025-06-30 14:00:00,4,1,0.9999998915139721
2025-06-30 15:00:00,4,1,0.9999921812593154
2025-06-30 16:00:00,4,1,0.9992901835297014
2025-06-30 17:00:00,4,1,0.6719420109711526
2025-06-30 18:00:00,4,0,0.0009611313967212519
2025-06-30 19:00:00,4,0,3.043391500588114e-08
2025-06-30 20:00:00,4,0,1.6895720699034952e-10
2025-06-30 21:00:00,4,0,7.540345122178753e-13
2025-06-30 22:00:00,4,0,7.165246937278336e-13
2025-06-30 23:00:00,4,0,6.383487778375034e-13
2025-07-01 00:00:00,5,0,2.3515498389679764e-11
2025-07-01 01:00:00,5,0,2.2201357957807055e-11
2025-07-01 02:00:00,5,0,1.5707191178672706e-11
2025-07-01 03:00:00,5,0,2.2242750439232947e-11
2025-07-01 04:00:00,5,0,2.6659085446300188e-11
2025-07-01 05:00:00,5,0,4.652162139636734e-11
2025-07-01 06:00:00,5,0,9.184283081753986e-11
2025-07-01 07:00:00,5,0,3.4671721847527907e-09
2025-07-01 08:00:00,5,0,2.3934363868039883e-06
2025-07-01 09:00:00,5,0,0.019240140603928126
2025-07-01 10:00:00,5,1,0.7978447606579323
2025-07-01 11:00:00,5,1,0.9972162818452653
2025-07-01 12:00:00,5,1,0.9998884112630666
2025-07-01 13:00:00,5,1,0.9999839114320092
2025-07-01 14:00:00,5,1,0.9999901206812307
2025-07-01 15:00:00,5,1,0.9998530230199656
2025-07-01 16:00:00,5,1,0.9924755824142439
2025-07-01 17:00:00,5,0,0.47644602630249333
2025-07-01 18:00:00,5,0,0.0020455261836784533
2025-07-01 19:00:00,5,0,7.151931739774275e-06
2025-07-01 20:00:00,5,0,8.466183579850325e-09
2025-07-01 21:00:00,5,0,7.687984296613526e-11
2025-07-01 22:00:00,5,0,4.459557238356773e-11
2025-07-01 23:00:00,5,0,1.863267458355598e-11
2025-07-02 00:00:00,5,0,1.773343700144767e-11
2025-07-02 01:00:00,5,0,4.083305857893842e-12
2025-07-02 02:00:00,5,0,4.411363131675842e-12
2025-07-02 03:00:00,5,0,5.424780034772137e-12
2025-07-02 04:00:00,5,0,7.487201583349457e-12
2025-07-02 05:00:00,5,0,1.3065592894604763e-11
2025-07-02 06:00:00,5,0,7.978159747545302e-11
2025-07-02 07:00:00,5,0,8.625543852013119e-10
2025-07-02 08:00:00,5,0,1.4887355570587707e-06
2025-07-02 09:00:00,5,0,0.006245364814026301
2025-07-02 10:00:00,5,1,0.9044138391219513
2025-07-02 11:00:00,5,1,0.9998523593627399
2025-07-02 12:00:00,5,1,0.9999750924028331
2025-07-02 13:00:00,5,1,0.9999951727473513
2025-07-02 14:00:00,5,1,0.9999987897964058
2025-07-02 15:00:00,5,1,0.9999955383670474
2025-07-02 16:00:00,5,1,0.9993869877887446
2025-07-02 17:00:00,5,1,0.7162931367049068
2025-07-02 18:00:00,5,0,0.000674018188445623
2025-07-02 19:00:00,5,0,1.9708750750111378e-07
2025-07-02 20:00:00,5,0,1.5589860556148835e-10
2025-07-02 21:00:00,5,0,1.0668868761166202e-11
2025-07-02 22:00:00,5,0,7.12625720443583e-12
2025-07-02 23:00:00,5,0,5.24559563299349e-12
2025-07-03 00:00:00,5,0,4.325004466324098e-12
2025-07-03 01:00:00,5,0,4.083305857893842e-12
2025-07-03 02:00:00,5,0,4.411363131675842e-12
2025-07-03 03:00:00,5,0,5.436877350945362e-12
2025-07-03 04:00:00,5,0,7.487201583349457e-12
2025-07-03 05:00:00,5,0,1.1346149102843498e-11
2025-07-03 06:00:00,5,0,1.94914376357687e-11
2025-07-03 07:00:00,5,0,9.085721827462342e-10
2025-07-03 08:00:00,5,0,2.160733683500491e-06
2025-07-03 09:00:00,5,0,0.008079332602558715
2025-07-03 10:00:00,5,1,0.9523660469460551
2025-07-03 11:00:00,5,1,0.9999247376698149
2025-07-03 12:00:00,5,1,0.9999982556108578
2025-07-03 13:00:00,5,1,0.9999998185195612
2025-07-03 14:00:00,5,1,0.9999997905103194
2025-07-03 15:00:00,5,1,0.9999964573703414
2025-07-03 16:00:00,5,1,0.9996967275056156
2025-07-03 17:00:00,5,1,0.7500884234318563
2025-07-03 18:00:00,5,0,0.0008886185535403271
2025-07-03 19:00:00,5,0,2.1816198284128557e-07
2025-07-03 20:00:00,5,0,1.5894977786653696e-10
2025-07-03 21:00:00,5,0,1.0668868761166202e-11
2025-07-03 22:00:00,5,0,7.110400936036009e-12
2025-07-03 23:00:00,5,0,5.233923927933215e-12
2025-07-04 00:00:00,5,0,4.325004466324098e-12
2025-07-04 01:00:00,5,0,4.083305857893842e-12
2025-07-04 02:00:00,5,0,4.411363131675842e-12
2025-07-04 03:00:00,5,0,5.424780034772137e-12
2025-07-04 04:00:00,5,0,7.487201583349457e-12
2025-07-04 05:00:00,5,0,1.1346149102843498e-11
2025-07-04 06:00:00,5,0,1.9266252859182327e-11
2025-07-04 07:00:00,5,0,8.745011792917271e-10
2025-07-04 08:00:00,5,0,2.2594111907723734e-06
2025-07-04 09:00:00,5,0,0.010203363738924411
2025-07-04 10:00:00,5,1,0.9501100010495535
2025-07-04 11:00:00,5,1,0.9999293681509148
2025-07-04 12:00:00,5,1,0.999998902105487
2025-07-04 13:00:00,5,1,0.999999878053683
2025-07-04 14:00:00,5,1,0.9999997988541736
2025-07-04 15:00:00,5,1,0.9999978860427265
2025-07-04 16:00:00,5,1,0.9995571831604394
2025-07-04 17:00:00,5,1,0.7232792341061146
2025-07-04 18:00:00,5,0,0.0007923334187273259
2025-07-04 19:00:00,5,0,1.9690524145931047e-07
2025-07-04 20:00:00,5,0,1.5706862854389552e-10
2025-07-04 21:00:00,5,0,3.3078636468997453e-11
2025-07-04 22:00:00,5,0,1.4467179755508632e-11
2025-07-04 23:00:00,5,0,1.2221798491494525e-11
2025-07-05 00:00:00,5,0,4.334649271485675e-12
2025-07-05 01:00:00,5,0,4.09241167263257e-12
2025-07-05 02:00:00,5,0,4.411363131675842e-12
2025-07-05 03:00:00,5,0,5.424780034772137e-12
2025-07-05 04:00:00,5,0,7.487201583349457e-12
2025-07-05 05:00:00,5,0,1.1346149102843498e-11
2025-07-05 06:00:00,5,0,1.9398016493394935e-11
2025-07-05 07:00:00,5,0,8.641515750205475e-10
2025-07-05 08:00:00,5,0,2.0663047690502674e-06
2025-07-05 09:00:00,5,0,0.009610288572994613
2025-07-05 10:00:00,5,1,0.9511611846077727
2025-07-05 11:00:00,5,1,0.9999314892126037
2025-07-05 12:00:00,5,1,0.9999987293157772
2025-07-05 13:00:00,5,1,0.999999878813354
2025-07-05 14:00:00,5,1,0.9999998323873714
2025-07-05 15:00:00,5,1,0.9999977094800458
2025-07-05 16:00:00,5,1,0.9995052769352566
2025-07-05 17:00:00,5,1,0.7266314579465307
2025-07-05 18:00:00,5,0,0.0007714388373042288
2025-07-05 19:00:00,5,0,2.2265817117599687e-07
2025-07-05 20:00:00,5,0,2.909749843865487e-10
2025-07-05 21:00:00,5,0,1.0668868761166202e-11
2025-07-05 22:00:00,5,0,7.12625720443583e-12
2025-07-05 23:00:00,5,0,5.233923927933215e-12
2025-07-06 00:00:00,5,0,5.7351902823656856e-12
2025-07-06 01:00:00,5,0,4.083305857893842e-12
2025-07-06 02:00:00,5,0,4.411363131675842e-12
2025-07-06 03:00:00,5,0,5.424780034772137e-12
2025-07-06 04:00:00,5,0,7.471605156069855e-12
2025-07-06 05:00:00,5,0,1.132251418565643e-11
2025-07-06 06:00:00,5,0,1.9359217300908004e-11
2025-07-06 07:00:00,5,0,8.181408854160711e-10
2025-07-06 08:00:00,5,0,1.3638030343017178e-06
2025-07-06 09:00:00,5,0,0.005706841092330209
2025-07-06 10:00:00,5,1,0.9124653714340485
2025-07-06 11:00:00,5,1,0.9998649245413527
2025-07-06 12:00:00,5,1,0.9999985325795712
2025-07-06 13:00:00,5,1,0.9999998296427471
2025-07-06 14:00:00,5,1,0.9999997755799674
2025-07-06 15:00:00,5,1,0.9999949482669294
2025-07-06 16:00:00,5,1,0.999121795900082
2025-07-06 17:00:00,5,1,0.6459289096183278
2025-07-06 18:00:00,5,0,0.000815713958202105
2025-07-06 19:00:00,5,0,2.017646753884869e-07
2025-07-06 20:00:00,5,0,5.258154016263024e-10
2025-07-06 21:00:00,5,0,2.163018919373702e-11
2025-07-06 22:00:00,5,0,7.12625720443583e-12
2025-07-06 23:00:00,5,0,5.24559563299349e-12
2025-07-07 00:00:00,5,0,4.334649271485675e-12
2025-07-07 01:00:00,5,0,4.09241167263257e-12
2025-07-07 02:00:00,5,0,4.411363131675842e-12
2025-07-07 03:00:00,5,0,5.424780034772137e-12
2025-07-07 04:00:00,5,0,7.487201583349457e-12
2025-07-07 05:00:00,5,0,1.1346149102843498e-11
2025-07-07 06:00:00,5,0,4.489116912391128e-11
2025-07-07 07:00:00,5,0,2.7875755406767917e-09
2025-07-07 08:00:00,5,0,2.587325257293818e-06
2025-07-07 09:00:00,5,0,0.007103122156018151
2025-07-07 10:00:00,5,1,0.9380478687055832
2025-07-07 11:00:00,5,1,0.999921833185932
2025-07-07 12:00:00,5,1,0.9999991282875627
2025-07-07 13:00:00,5,1,0.9999997921756364
2025-07-07 14:00:00,5,1,0.9999995448734411
2025-07-07 15:00:00,5,1,0.9999702789948696
2025-07-07 16:00:00,5,1,0.9977919623143459
2025-07-07 17:00:00,5,1,0.5915460837702315
2025-07-07 18:00:00,5,0,0.0021042600518130466
2025-07-07 19:00:00,5,0,2.58086752463684e-06
2025-07-07 20:00:00,5,0,3.723682619107482e-08
2025-07-07 21:00:00,5,0,6.676496447312506e-11
2025-07-07 22:00:00,5,0,4.459557238356773e-11
2025-07-07 23:00:00,5,0,3.7799749680103413e-11
2025-07-08 00:00:00,5,0,4.770752322611888e-11
2025-07-08 01:00:00,5,0,3.396778077733729e-11
2025-07-08 02:00:00,5,0,2.761983451740792e-11
2025-07-08 03:00:00,5,0,4.503930364156995e-11
2025-07-08 04:00:00,5,0,4.0708692475324245e-11
2025-07-08 05:00:00,5,0,1.5836920342675175e-09
2025-07-08 06:00:00,5,0,3.170807681186591e-07
2025-07-08 07:00:00,5,0,1.1664209368853808e-06
2025-07-08 08:00:00,5,0,5.181992742916745e-05
2025-07-08 09:00:00,5,0,0.011368481091457978
2025-07-08 10:00:00,5,1,0.8289663087450967
2025-07-08 11:00:00,5,1,0.997995173672552
2025-07-08 12:00:00,5,1,0.9999603440624412
2025-07-08 13:00:00,5,1,0.9999938865843094
2025-07-08 14:00:00,5,1,0.9999952146286424
2025-07-08 15:00:00,5,1,0.9999383393862081
2025-07-08 16:00:00,5,1,0.9963955780307242
2025-07-08 17:00:00,5,1,0.5222437580583896
2025-07-08 18:00:00,5,0,0.0024373332248260634
2025-07-08 19:00:00,5,0,1.796141786250449e-06
2025-07-08 20:00:00,5,0,5.030719133266071e-10
2025-07-08 21:00:00,5,0,5.786483164549538e-11
2025-07-08 22:00:00,5,0,6.795880321165035e-11
2025-07-08 23:00:00,5,0,3.2761449401140697e-11
2025-07-09 00:00:00,5,0,2.707913723747237e-11
2025-07-09 01:00:00,5,0,3.9039305365172395e-11
2025-07-09 02:00:00,5,0,3.666704486102807e-11
2025-07-09 03:00:00,5,0,7.193552279918958e-12
2025-07-09 04:00:00,5,0,1.1433032366183944e-11
2025-07-09 05:00:00,5,0,1.1346149102843498e-11
2025-07-09 06:00:00,5,0,1.8787406267350473e-11
2025-07-09 07:00:00,5,0,6.25779934079996e-10
2025-07-09 08:00:00,5,0,8.321157206779092e-07
2025-07-09 09:00:00,5,0,0.004100679934475046
2025-07-09 10:00:00,5,1,0.8667931670167881
2025-07-09 11:00:00,5,1,0.9991954268999615
2025-07-09 12:00:00,5,1,0.999992604785402
2025-07-09 13:00:00,5,1,0.9999997279277603
2025-07-09 14:00:00,5,1,0.9999994431023164
2025-07-09 15:00:00,5,1,0.9999898366399256
2025-07-09 16:00:00,5,1,0.9990655700986429
2025-07-09 17:00:00,5,1,0.6928312215842234
2025-07-09 18:00:00,5,0,0.0006895504260295222
2025-07-09 19:00:00,5,0,1.5519742202018268e-07
2025-07-09 20:00:00,5,0,2.0958588979616493e-10
2025-07-09 21:00:00,5,0,4.37277394102987e-11
2025-07-09 22:00:00,5,0,1.0857004581772217e-11
2025-07-09 23:00:00,5,0,2.4706950956730792e-11
2025-07-10 00:00:00,5,0,2.042083762364316e-11
2025-07-10 01:00:00,5,0,1.2625744504327827e-11
2025-07-10 02:00:00,5,0,2.082858663205341e-11
2025-07-10 03:00:00,5,0,1.6773636140582262e-11
2025-07-10 04:00:00,5,0,2.6659085446300188e-11
2025-07-10 05:00:00,5,0,4.652162139636734e-11
2025-07-10 06:00:00,5,0,1.1716470846433622e-10
2025-07-10 07:00:00,5,0,2.8022802642630125e-09
2025-07-10 08:00:00,5,0,1.5256983546673517e-06
2025-07-10 09:00:00,5,0,0.007842902781203625
2025-07-10 10:00:00,5,1,0.8456840761934129
2025-07-10 11:00:00,5,1,0.9976009899458959
2025-07-10 12:00:00,5,1,0.9999488521767483
2025-07-10 13:00:00,5,1,0.9999860736040146
2025-07-10 14:00:00,5,1,0.9999738722521185
2025-07-10 15:00:00,5,1,0.9999191372787191
2025-07-10 16:00:00,5,1,0.98678880162284
2025-07-10 17:00:00,5,1,0.43024765360458095
2025-07-10 18:00:00,5,0,0.0018702913763457125
2025-07-10 19:00:00,5,0,4.824010542057178e-06
2025-07-10 20:00:00,5,0,1.1303018276969913e-08
2025-07-10 21:00:00,5,0,1.3516615160208915e-10
2025-07-10 22:00:00,5,0,3.363287644003481e-11
2025-07-10 23:00:00,5,0,3.282653615179483e-11
2025-07-11 00:00:00,5,0,2.707913723747237e-11
2025-07-11 01:00:00,5,0,1.45391036367984e-11
2025-07-11 02:00:00,5,0,1.1845059824817321e-11
2025-07-11 03:00:00,5,0,2.2242750439232947e-11
2025-07-11 04:00:00,5,0,6.216258417327795e-11
2025-07-11 05:00:00,5,0,9.420154389815045e-11
2025-07-11 06:00:00,5,0,7.695758141814049e-11
2025-07-11 07:00:00,5,0,1.756651058560184e-08
2025-07-11 08:00:00,5,0,8.930510870638962e-06
2025-07-11 09:00:00,5,0,0.009858542495365698
2025-07-11 10:00:00,5,1,0.7768451854045676
2025-07-11 11:00:00,5,1,0.9981080538953859
2025-07-11 12:00:00,5,1,0.9999815856181996
2025-07-11 13:00:00,5,1,0.9999969462221375
2025-07-11 14:00:00,5,1,0.9999873084374742
2025-07-11 15:00:00,5,1,0.9999400118468269
2025-07-11 16:00:00,5,1,0.99648391138527
2025-07-11 17:00:00,5,1,0.46195600762864014
2025-07-11 18:00:00,5,0,0.0016221315732768745
2025-07-11 19:00:00,5,0,7.195009861978581e-07
2025-07-11 20:00:00,5,0,4.5528226487042574e-10
2025-07-11 21:00:00,5,0,5.025076953752947e-11
2025-07-11 22:00:00,5,0,2.914834224313467e-11
2025-07-11 23:00:00,5,0,2.145592172638684e-11
2025-07-12 00:00:00,5,0,3.118282510428433e-11
2025-07-12 01:00:00,5,0,2.944020368201233e-11
2025-07-12 02:00:00,5,0,3.180546195444182e-11
2025-07-12 03:00:00,5,0,3.911209072025074e-11
2025-07-12 04:00:00,5,0,4.687786123122453e-11
2025-07-12 05:00:00,5,0,1.2491635172619027e-10
2025-07-12 06:00:00,5,0,2.747647288968725e-10
2025-07-12 07:00:00,5,0,1.5636744676253057e-08
2025-07-12 08:00:00,5,0,6.903480497463802e-06
2025-07-12 09:00:00,5,0,0.009601632728417617
2025-07-12 10:00:00,5,1,0.8147107581446643
2025-07-12 11:00:00,5,1,0.9977223947000267
2025-07-12 12:00:00,5,1,0.9999398227594327
2025-07-12 13:00:00,5,1,0.9999891172184016
2025-07-12 14:00:00,5,1,0.9999842958519033
2025-07-12 15:00:00,5,1,0.9999452167912747
2025-07-12 16:00:00,5,1,0.9913435113212946
2025-07-12 17:00:00,5,1,0.5056534414315379
2025-07-12 18:00:00,5,0,0.002085581319851038
2025-07-12 19:00:00,5,0,2.1208281092317528e-06
2025-07-12 20:00:00,5,0,2.1781351984166385e-08
2025-07-12 21:00:00,5,0,8.835489699291919e-11
2025-07-12 22:00:00,5,0,5.1250932078250225e-11
2025-07-12 23:00:00,5,0,4.3441724911356697e-11
2025-07-13 00:00:00,5,0,3.590840332011062e-11
2025-07-13 01:00:00,5,0,2.5565846363761177e-11
2025-07-13 02:00:00,5,0,3.180546195444182e-11
2025-07-13 03:00:00,5,0,3.396490435735816e-11
2025-07-13 04:00:00,5,0,5.943184735796331e-10
2025-07-13 05:00:00,5,0,1.316424032413088e-08
2025-07-13 06:00:00,5,0,3.829938136473491e-08
2025-07-13 07:00:00,5,0,1.0738336402247737e-07
2025-07-13 08:00:00,5,0,1.098632773163538e-05
2025-07-13 09:00:00,5,0,0.012908744372743584
2025-07-13 10:00:00,5,1,0.709030162195477
2025-07-13 11:00:00,5,1,0.9941963847932878
2025-07-13 12:00:00,5,1,0.999900569848664
2025-07-13 13:00:00,5,1,0.9999848532161516
2025-07-13 14:00:00,5,1,0.9999878788065955
2025-07-13 15:00:00,5,1,0.9996406174730937
2025-07-13 16:00:00,5,1,0.9808508998343481
2025-07-13 17:00:00,5,1,0.44463405893788593
2025-07-13 18:00:00,5,0,0.0024430909213081727
2025-07-13 19:00:00,5,0,1.2655214480316057e-05
2025-07-13 20:00:00,5,0,9.781988963639504e-08
2025-07-13 21:00:00,5,0,1.4848075403064344e-09
2025-07-13 22:00:00,5,0,9.011346226607702e-11
2025-07-13 23:00:00,5,0,2.719210083853264e-10
2025-07-14 00:00:00,5,0,3.783873382264444e-09
2025-07-14 01:00:00,5,0,6.003991252841811e-08
2025-07-14 02:00:00,5,0,1.1932023283990855e-08
2025-07-14 03:00:00,5,0,9.185105833090984e-08
2025-07-14 04:00:00,5,0,1.6811397203338638e-07
2025-07-14 05:00:00,5,0,2.933633845397445e-07
2025-07-14 06:00:00,5,0,3.1751130332732683e-07
2025-07-14 07:00:00,5,0,1.7988341143439478e-06
2025-07-14 08:00:00,5,0,0.00015182699101922028
2025-07-14 09:00:00,5,0,0.006027894215479124
2025-07-14 10:00:00,5,0,0.3833954123441126
2025-07-14 11:00:00,5,1,0.98369177403616
2025-07-14 12:00:00,5,1,0.9997741991313395
2025-07-14 13:00:00,5,1,0.9998115898363913
2025-07-14 14:00:00,5,1,0.9999217122526655
2025-07-14 15:00:00,5,1,0.999319312824435
2025-07-14 16:00:00,5,1,0.9799104550976672
2025-07-14 17:00:00,5,0,0.312333358983652
2025-07-14 18:00:00,5,0,0.0024230586913286554
2025-07-14 19:00:00,5,0,5.492043302412026e-06
2025-07-14 20:00:00,5,0,6.096468243918647e-08
2025-07-14 21:00:00,5,0,8.905107741159182e-08
2025-07-14 22:00:00,5,0,9.067095343369465e-08
2025-07-14 23:00:00,5,0,3.796125223839552e-08
2025-07-15 00:00:00,5,0,2.1508423002521353e-09
2025-07-15 01:00:00,5,0,4.113730656179219e-09
2025-07-15 02:00:00,5,0,5.636044894503566e-08
2025-07-15 03:00:00,5,0,1.16457304963726e-06
2025-07-15 04:00:00,5,0,1.8508575848206727e-06
2025-07-15 05:00:00,5,0,1.595237625992449e-06
2025-07-15 06:00:00,5,0,2.6215882331494043e-06
2025-07-15 07:00:00,5,0,6.975696099646184e-06
2025-07-15 08:00:00,5,0,0.0004010605782023247
2025-07-15 09:00:00,5,0,0.008503476493246894
2025-07-15 10:00:00,5,0,0.1893277182617302
2025-07-15 11:00:00,5,1,0.9044147377781192
2025-07-15 12:00:00,5,1,0.9803148006163972
2025-07-15 13:00:00,5,1,0.9874416286068823
2025-07-15 14:00:00,5,1,0.986901967730341
2025-07-15 15:00:00,5,1,0.9978032526443551
2025-07-15 16:00:00,5,0,0.8979793497406087
2025-07-15 17:00:00,5,0,0.16045600373797017
2025-07-15 18:00:00,5,0,0.0034924974688976683
2025-07-15 19:00:00,5,0,2.8145690947145973e-05
2025-07-15 20:00:00,5,0,2.2399107710611793e-07
2025-07-15 21:00:00,5,0,3.9946804167554245e-09
2025-07-15 22:00:00,5,0,1.517694168517512e-09
2025-07-15 23:00:00,5,0,1.7046448562872e-09
2025-07-16 00:00:00,5,0,8.012342340578994e-10
2025-07-16 01:00:00,5,0,1.9432530375341553e-08
2025-07-16 02:00:00,5,0,4.6774790613641033e-07
2025-07-16 03:00:00,5,0,1.6158414951221185e-07
2025-07-16 04:00:00,5,0,2.0265637940164697e-08
2025-07-16 05:00:00,5,0,3.53397656851421e-08
2025-07-16 06:00:00,5,0,1.5355371881228242e-07
2025-07-16 07:00:00,5,0,5.261542853263533e-06
2025-07-16 08:00:00,5,0,8.850192974751426e-05
2025-07-16 09:00:00,5,0,0.0016401858651724649
2025-07-16 10:00:00,5,0,0.07512935920032845
2025-07-16 11:00:00,5,1,0.8871816341298161
2025-07-16 12:00:00,5,1,0.9985177512102099
2025-07-16 13:00:00,5,1,0.9999457183720669
2025-07-16 14:00:00,5,1,0.9999436485957052
2025-07-16 15:00:00,5,1,0.9997240308673093
2025-07-16 16:00:00,5,1,0.9950709100546856
2025-07-16 17:00:00,5,1,0.24482690477314537
2025-07-16 18:00:00,5,0,0.0011815372174386943
2025-07-16 19:00:00,5,0,9.411062049977532e-07
2025-07-16 20:00:00,5,0,8.025834330393817e-10
2025-07-16 21:00:00,5,0,6.676496447312506e-11
2025-07-16 22:00:00,5,0,6.809000067231846e-11
2025-07-16 23:00:00,5,0,5.0120645373374576e-11
2025-07-17 00:00:00,5,0,2.716438074213386e-11
2025-07-17 01:00:00,5,0,5.192351807517819e-11
2025-07-17 02:00:00,5,0,1.438794138723314e-09
2025-07-17 03:00:00,5,0,4.536434585372783e-08
2025-07-17 04:00:00,5,0,3.5608725064456984e-08
2025-07-17 05:00:00,5,0,8.620344319572012e-09
2025-07-17 06:00:00,5,0,2.0349161927848763e-07
2025-07-17 07:00:00,5,0,2.523931287851518e-06
2025-07-17 08:00:00,5,0,3.3490303993306527e-05
2025-07-17 09:00:00,5,0,0.002369189672864122
2025-07-17 10:00:00,5,0,0.3428371367900119
2025-07-17 11:00:00,5,1,0.9899433671759712
2025-07-17 12:00:00,5,1,0.9994819553710739
2025-07-17 13:00:00,5,1,0.9999530405255478
2025-07-17 14:00:00,5,1,0.9999578846124896
2025-07-17 15:00:00,5,1,0.999723689467485
2025-07-17 16:00:00,5,1,0.9887965027714954
2025-07-17 17:00:00,5,0,0.3184516420934325
2025-07-17 18:00:00,5,0,0.001468617114591744
2025-07-17 19:00:00,5,0,4.525380825179654e-06
2025-07-17 20:00:00,5,0,4.100105182384976e-08
2025-07-17 21:00:00,5,0,3.988920009874881e-09
2025-07-17 22:00:00,5,0,4.450715059923595e-11
2025-07-17 23:00:00,5,0,1.96124461692103e-09
2025-07-18 00:00:00,5,0,2.1526075075595413e-09
2025-07-18 01:00:00,5,0,1.3309857972393563e-09
2025-07-18 02:00:00,5,0,5.352023861916152e-10
2025-07-18 03:00:00,5,0,5.2269148417901006e-08
2025-07-18 04:00:00,5,0,1.460591063703979e-07
2025-07-18 05:00:00,5,0,8.627136959173332e-09
2025-07-18 06:00:00,5,0,3.253470125343478e-08
2025-07-18 07:00:00,5,0,8.015521512423834e-08
2025-07-18 08:00:00,5,0,3.06602615982398e-05
2025-07-18 09:00:00,5,0,0.004011651859811687
2025-07-18 10:00:00,5,1,0.6995053059772853
2025-07-18 11:00:00,5,1,0.9962996343642363
2025-07-18 12:00:00,5,1,0.9999114883310499
2025-07-18 13:00:00,5,1,0.9999687809896805
2025-07-18 14:00:00,5,1,0.9999609358665384
2025-07-18 15:00:00,5,1,0.9998920704404676
2025-07-18 16:00:00,5,1,0.9904729079117829
2025-07-18 17:00:00,5,0,0.2040601162531299
2025-07-18 18:00:00,5,0,0.0008499761003003342
2025-07-18 19:00:00,5,0,2.0723995361680287e-06
2025-07-18 20:00:00,5,0,4.4322666642754156e-08
2025-07-18 21:00:00,5,0,1.4871461772662577e-09
2025-07-18 22:00:00,5,0,2.1047196761386906e-10
2025-07-18 23:00:00,5,0,6.65309538217771e-11
2025-07-19 00:00:00,5,0,2.7132935011549366e-11
2025-07-19 01:00:00,5,0,2.1247201364297021e-10
2025-07-19 02:00:00,5,0,3.505018674380089e-10
2025-07-19 03:00:00,5,0,1.1580488011740443e-09
2025-07-19 04:00:00,5,0,1.7599126303942022e-08
2025-07-19 05:00:00,5,0,4.072185712026803e-08
2025-07-19 06:00:00,5,0,2.036097928016379e-07
2025-07-19 07:00:00,5,0,5.207066812029682e-07
2025-07-19 08:00:00,5,0,3.888522778602869e-05
2025-07-19 09:00:00,5,0,0.0040411734626611675
2025-07-19 10:00:00,5,1,0.5680186425566938
2025-07-19 11:00:00,5,1,0.9933324020861003
2025-07-19 12:00:00,5,1,0.9999071967968957
2025-07-19 13:00:00,5,1,0.999976675395705
2025-07-19 14:00:00,5,1,0.9999603604194518
2025-07-19 15:00:00,5,1,0.999693410583353
2025-07-19 16:00:00,5,1,0.9777889401071673
2025-07-19 17:00:00,5,0,0.1513886722578529
2025-07-19 18:00:00,5,0,0.0015832371175450027
2025-07-19 19:00:00,5,0,3.047079745321625e-07
2025-07-19 20:00:00,5,0,6.739305828027423e-10
2025-07-19 21:00:00,5,0,1.0219448430659852e-10
2025-07-19 22:00:00,5,0,1.1971230687315928e-10
2025-07-19 23:00:00,5,0,3.7799749680103413e-11
2025-07-20 00:00:00,5,0,1.3417168041710824e-11
2025-07-20 01:00:00,5,0,1.0964185156852428e-11
2025-07-20 02:00:00,5,0,2.4013098645661018e-11
2025-07-20 03:00:00,5,0,3.396490435735816e-11
2025-07-20 04:00:00,5,0,4.075631609365186e-11
2025-07-20 05:00:00,5,0,7.112131596248537e-11
2025-07-20 06:00:00,5,0,1.1489854435485558e-10
2025-07-20 07:00:00,5,0,1.6923627373857976e-08
2025-07-20 08:00:00,5,0,1.1425650040680939e-05
2025-07-20 09:00:00,5,0,0.005344778512370257
2025-07-20 10:00:00,5,1,0.7042684697956925
2025-07-20 11:00:00,5,1,0.9980928585190246
2025-07-20 12:00:00,5,1,0.9999711209660945
2025-07-20 13:00:00,5,1,0.9999933359116778
2025-07-20 14:00:00,5,1,0.9999953975191501
2025-07-20 15:00:00,5,1,0.9999778770121919
2025-07-20 16:00:00,5,1,0.9977855207819363
2025-07-20 17:00:00,5,0,0.38316095227212377
2025-07-20 18:00:00,5,0,0.0002684704620483976
2025-07-20 19:00:00,5,0,1.0653603436818485e-07
2025-07-20 20:00:00,5,0,9.293982922016815e-11
2025-07-20 21:00:00,5,0,3.306745462286103e-11
2025-07-20 22:00:00,5,0,9.475974182135607e-12
2025-07-20 23:00:00,5,0,1.0619746152977437e-11
2025-07-21 00:00:00,5,0,6.618682298040132e-12
2025-07-21 01:00:00,5,0,1.6776623345072023e-11
2025-07-21 02:00:00,5,0,1.5739572331859505e-11
2025-07-21 03:00:00,5,0,1.4596784744600517e-11
2025-07-21 04:00:00,5,0,3.542294726025221e-11
2025-07-21 05:00:00,5,0,3.5082745369513804e-11
2025-07-21 06:00:00,5,0,1.835127586184292e-11
2025-07-21 07:00:00,5,0,8.672670969178316e-10
2025-07-21 08:00:00,5,0,5.5392282141852236e-06
2025-07-21 09:00:00,5,0,0.005291817338847385
2025-07-21 10:00:00,5,1,0.715985072401349
2025-07-21 11:00:00,5,1,0.998281978650911
2025-07-21 12:00:00,5,1,0.9999496297291932
2025-07-21 13:00:00,5,1,0.9999956848812831
2025-07-21 14:00:00,5,1,0.999996622070803
2025-07-21 15:00:00,5,1,0.9999824722356697
2025-07-21 16:00:00,5,1,0.9979521699652095
2025-07-21 17:00:00,5,0,0.5107363200385451
2025-07-21 18:00:00,5,0,0.0004206629954676444
2025-07-21 19:00:00,5,0,1.5058550832029798e-07
2025-07-21 20:00:00,5,0,2.035948448085436e-10
2025-07-21 21:00:00,5,0,1.0703639332275069e-11
2025-07-21 22:00:00,5,0,7.149482162809083e-12
2025-07-21 23:00:00,5,0,5.262691387009158e-12
2025-07-22 00:00:00,5,0,4.348776189165636e-12
2025-07-22 01:00:00,5,0,4.105749121452736e-12
2025-07-22 02:00:00,5,0,4.435609511659051e-12
2025-07-22 03:00:00,5,0,5.4526200870230644e-12
2025-07-22 04:00:00,5,0,7.487201583349457e-12
2025-07-22 05:00:00,5,0,1.1346149102843498e-11
2025-07-22 06:00:00,5,0,1.835127586184292e-11
2025-07-22 07:00:00,5,0,3.1642359532328784e-10
2025-07-22 08:00:00,5,0,3.674797799050614e-07
2025-07-22 09:00:00,5,0,0.001736071180223134
2025-07-22 10:00:00,5,1,0.8058528583769714
2025-07-22 11:00:00,5,1,0.9996340887137035
2025-07-22 12:00:00,5,1,0.9999964982785688
2025-07-22 13:00:00,5,1,0.9999940389261012
2025-07-22 14:00:00,5,1,0.9999979126084926
2025-07-22 15:00:00,5,1,0.9999895293211205
2025-07-22 16:00:00,5,1,0.9987724742355385
2025-07-22 17:00:00,5,1,0.4378606907240241
2025-07-22 18:00:00,5,0,0.00039422575326865275
2025-07-22 19:00:00,5,0,1.6910755180433674e-07
2025-07-22 20:00:00,5,0,1.764479572868563e-10
2025-07-22 21:00:00,5,0,1.0703639332275069e-11
2025-07-22 22:00:00,5,0,7.149482162809083e-12
2025-07-22 23:00:00,5,0,5.262691387009158e-12
2025-07-23 00:00:00,5,0,4.348776189165636e-12
2025-07-23 01:00:00,5,0,4.105749121452736e-12
2025-07-23 02:00:00,5,0,4.435609511659051e-12
2025-07-23 03:00:00,5,0,5.454596505128842e-12
2025-07-23 04:00:00,5,0,7.528353837013791e-12
2025-07-23 05:00:00,5,0,1.140851146891497e-11
2025-07-23 06:00:00,5,0,1.845214083133992e-11
2025-07-23 07:00:00,5,0,3.1198049533313104e-10
2025-07-23 08:00:00,5,0,3.442021235575584e-07
2025-07-23 09:00:00,5,0,0.0013256913538552523
2025-07-23 10:00:00,5,1,0.7740687328490701
2025-07-23 11:00:00,5,1,0.9995131179104406
2025-07-23 12:00:00,5,1,0.999992634729668
2025-07-23 13:00:00,5,1,0.9999989257564053
2025-07-23 14:00:00,5,1,0.9999989069692389
2025-07-23 15:00:00,5,1,0.9999821812664977
2025-07-23 16:00:00,5,1,0.997170772832628
2025-07-23 17:00:00,5,0,0.49486910688521624
2025-07-23 18:00:00,5,0,0.0004415538454406192
2025-07-23 19:00:00,5,0,2.0685897020600406e-07
2025-07-23 20:00:00,5,0,2.4435942514795226e-10
2025-07-23 21:00:00,5,0,2.166663910994736e-11
2025-07-23 22:00:00,5,0,7.149482162809083e-12
2025-07-23 23:00:00,5,0,5.262691387009158e-12
2025-07-24 00:00:00,5,0,4.348776189165636e-12
2025-07-24 01:00:00,5,0,4.098540007861473e-12
2025-07-24 02:00:00,5,0,4.4212005175637086e-12
2025-07-24 03:00:00,5,0,5.436877350945362e-12
2025-07-24 04:00:00,5,0,9.950203821349528e-12
2025-07-24 05:00:00,5,0,1.1371451133924027e-11
2025-07-24 06:00:00,5,0,1.8392199398807904e-11
2025-07-24 07:00:00,5,0,3.098357135951906e-10
2025-07-24 08:00:00,5,0,3.925021138187756e-07
2025-07-24 09:00:00,5,0,0.002001946967554341
2025-07-24 10:00:00,5,1,0.8358313918473576
2025-07-24 11:00:00,5,1,0.9998260629296873
2025-07-24 12:00:00,5,1,0.9999975851460394
2025-07-24 13:00:00,5,1,0.9999995528273845
2025-07-24 14:00:00,5,1,0.9999994757263297
2025-07-24 15:00:00,5,1,0.9999870683624051
2025-07-24 16:00:00,5,1,0.9988135558452513
2025-07-24 17:00:00,5,1,0.4757794386004243
2025-07-24 18:00:00,5,0,0.0003687389638695297
2025-07-24 19:00:00,5,0,1.0310236182752465e-07
2025-07-24 20:00:00,5,0,9.183989879470926e-11
2025-07-24 21:00:00,5,0,1.0703639332275069e-11
2025-07-24 22:00:00,5,0,7.149482162809083e-12
2025-07-24 23:00:00,5,0,5.262691387009158e-12
2025-07-25 00:00:00,5,0,4.347200453913694e-12
2025-07-25 01:00:00,5,0,4.105749121452736e-12
2025-07-25 02:00:00,5,0,4.434002313227275e-12
2025-07-25 03:00:00,5,0,5.4526200870230644e-12
2025-07-25 04:00:00,5,0,7.528353837013791e-12
2025-07-25 05:00:00,5,0,1.140851146891497e-11
2025-07-25 06:00:00,5,0,1.8419741487074552e-11
2025-07-25 07:00:00,5,0,2.748411939319399e-10
2025-07-25 08:00:00,5,0,3.5249624019197227e-07
2025-07-25 09:00:00,5,0,0.0013686379454403701
2025-07-25 10:00:00,5,1,0.8124482122482459
2025-07-25 11:00:00,5,1,0.9996264849451849
2025-07-25 12:00:00,5,1,0.9999972029426398
2025-07-25 13:00:00,5,1,0.9999996189474842
2025-07-25 14:00:00,5,1,0.9999994828207431
2025-07-25 15:00:00,5,1,0.9999928707000864
2025-07-25 16:00:00,5,1,0.9989870646911656
2025-07-25 17:00:00,5,0,0.5355176740519113
2025-07-25 18:00:00,5,0,0.0002930655888704533
2025-07-25 19:00:00,5,0,1.02650322812129e-07
2025-07-25 20:00:00,5,0,1.3389493074753956e-09
2025-07-25 21:00:00,5,0,5.050142687516124e-11
2025-07-25 22:00:00,5,0,2.20948328008202e-11
2025-07-25 23:00:00,5,0,2.4830192423577314e-11
2025-07-26 00:00:00,5,0,1.5477939106221342e-11
2025-07-26 01:00:00,5,0,4.105749121452736e-12
2025-07-26 02:00:00,5,0,6.77228664130153e-12
2025-07-26 03:00:00,5,0,5.454596505128842e-12
2025-07-26 04:00:00,5,0,7.515135114592957e-12
2025-07-26 05:00:00,5,0,1.1371451133924027e-11
2025-07-26 06:00:00,5,0,2.1132306418138164e-11
2025-07-26 07:00:00,5,0,7.495324849123191e-08
2025-07-26 08:00:00,5,0,1.434041060354386e-05
2025-07-26 09:00:00,5,0,0.0023143299698875222
2025-07-26 10:00:00,5,1,0.6729051394883927
2025-07-26 11:00:00,5,1,0.9976254310294773
2025-07-26 12:00:00,5,1,0.9998364279719745
2025-07-26 13:00:00,5,1,0.9990186937110465
2025-07-26 14:00:00,5,1,0.9985437456334493
2025-07-26 15:00:00,5,1,0.9743377696627568
2025-07-26 16:00:00,5,1,0.6065256951822459
2025-07-26 17:00:00,5,0,0.09366616990244256
2025-07-26 18:00:00,5,0,0.000788165946654691
2025-07-26 19:00:00,5,0,2.690967525006066e-06
2025-07-26 20:00:00,5,0,1.0424877700936375e-07
2025-07-26 21:00:00,5,0,2.2823834515802636e-09
2025-07-26 22:00:00,5,0,2.3272364232536782e-09
2025-07-26 23:00:00,5,0,3.620498731615993e-10
2025-07-27 00:00:00,5,0,7.304332939245666e-11
2025-07-27 01:00:00,5,0,2.5691010453995548e-11
2025-07-27 02:00:00,5,0,2.7755054428010544e-11
2025-07-27 03:00:00,5,0,9.161701404931378e-11
2025-07-27 04:00:00,5,0,6.860867134892118e-10
2025-07-27 05:00:00,5,0,8.204178195380002e-08
2025-07-27 06:00:00,5,0,6.610236078472154e-08
2025-07-27 07:00:00,5,0,2.13908159935951e-07
2025-07-27 08:00:00,5,0,4.7832624337796474e-05
2025-07-27 09:00:00,5,0,0.0050039745632572226
2025-07-27 10:00:00,5,1,0.5403986936857248
2025-07-27 11:00:00,5,1,0.9953652201211253
2025-07-27 12:00:00,5,1,0.9998269128440568
2025-07-27 13:00:00,5,1,0.9999766060682
2025-07-27 14:00:00,5,1,0.9999703975927202
2025-07-27 15:00:00,5,1,0.9996622162692391
2025-07-27 16:00:00,5,1,0.9692458189746402
2025-07-27 17:00:00,5,0,0.2468108146768188
2025-07-27 18:00:00,5,0,0.0008345553032441197
2025-07-27 19:00:00,5,0,1.2968023326802829e-06
2025-07-27 20:00:00,5,0,4.799793921883011e-10
2025-07-27 21:00:00,5,0,3.637741885443108e-10
2025-07-27 22:00:00,5,0,2.5441501336055616e-11
2025-07-27 23:00:00,5,0,1.8671086765791803e-11
2025-07-28 00:00:00,5,0,2.3562656422654227e-11
2025-07-28 01:00:00,5,0,2.6144969635362016e-11
2025-07-28 02:00:00,5,0,2.45335249550152e-11
2025-07-28 03:00:00,5,0,2.276098751105584e-11
2025-07-28 04:00:00,5,0,3.0699116874441546e-11
2025-07-28 05:00:00,5,0,2.5294288626631977e-10
2025-07-28 06:00:00,5,0,1.679034777798425e-09
2025-07-28 07:00:00,5,0,4.445872105128104e-07
2025-07-28 08:00:00,5,0,2.939665514543222e-05
2025-07-28 09:00:00,5,0,0.00405214724269834
2025-07-28 10:00:00,5,1,0.4336076815985763
2025-07-28 11:00:00,5,1,0.991090727699251
2025-07-28 12:00:00,5,1,0.9997973950268795
2025-07-28 13:00:00,5,1,0.9999578252370943
2025-07-28 14:00:00,5,1,0.9999771943195509
2025-07-28 15:00:00,5,1,0.9995955638041301
2025-07-28 16:00:00,5,1,0.9751756276986024
2025-07-28 17:00:00,5,0,0.2507086749705619
2025-07-28 18:00:00,5,0,0.0006882626687061726
2025-07-28 19:00:00,5,0,7.757547498731399e-07
2025-07-28 20:00:00,5,0,6.953201460058889e-10
2025-07-28 21:00:00,5,0,1.0222655646641049e-10
2025-07-28 22:00:00,5,0,2.4298250266622236e-10
2025-07-28 23:00:00,5,0,3.1442450301001427e-10
2025-07-29 00:00:00,5,0,8.408365064525958e-11
2025-07-29 01:00:00,5,0,1.1565618957830423e-09
2025-07-29 02:00:00,5,0,6.172732222820548e-10
2025-07-29 03:00:00,5,0,1.0056177298741218e-09
2025-07-29 04:00:00,5,0,7.5528941346125e-09
2025-07-29 05:00:00,5,0,5.121835758106488e-10
2025-07-29 06:00:00,5,0,2.326578469159755e-10
2025-07-29 07:00:00,5,0,2.747707669209396e-09
2025-07-29 08:00:00,5,0,2.207496875689255e-06
2025-07-29 09:00:00,5,0,0.004846733705506984
2025-07-29 10:00:00,5,1,0.45132617974352285
2025-07-29 11:00:00,5,1,0.9834203879857838
2025-07-29 12:00:00,5,1,0.9997687265145139
2025-07-29 13:00:00,5,1,0.9999609541496413
2025-07-29 14:00:00,5,1,0.9999705483338486
2025-07-29 15:00:00,5,1,0.9998024638640192
2025-07-29 16:00:00,5,1,0.9913222534026207
2025-07-29 17:00:00,5,0,0.40847925497316634
2025-07-29 18:00:00,5,0,0.0015054764211336117
2025-07-29 19:00:00,5,0,5.44750202352776e-07
2025-07-29 20:00:00,5,0,3.634972762227272e-10
2025-07-29 21:00:00,5,0,2.3827354761100374e-10
2025-07-29 22:00:00,5,0,1.0420676076516776e-10
2025-07-29 23:00:00,5,0,8.81195185850429e-11
2025-07-30 00:00:00,5,0,1.4749152360637504e-10
2025-07-30 01:00:00,5,0,7.569421694321294e-10
2025-07-30 02:00:00,5,0,1.0374363189302939e-08
2025-07-30 03:00:00,5,0,3.579186719996515e-09
2025-07-30 04:00:00,5,0,6.84384027960847e-10
2025-07-30 05:00:00,5,0,4.899970886940824e-09
2025-07-30 06:00:00,5,0,2.8230067326455346e-08
2025-07-30 07:00:00,5,0,2.6571628715260956e-07
2025-07-30 08:00:00,5,0,2.4310228174449623e-05
2025-07-30 09:00:00,5,0,0.0023726428395115105
2025-07-30 10:00:00,5,0,0.3955821473663127
2025-07-30 11:00:00,5,1,0.980155369226184
2025-07-30 12:00:00,5,1,0.9992013835128127
2025-07-30 13:00:00,5,1,0.999960750909395
2025-07-30 14:00:00,5,1,0.9999692431490058
2025-07-30 15:00:00,5,1,0.9997796606003686
2025-07-30 16:00:00,5,1,0.9905423537968708
2025-07-30 17:00:00,5,0,0.34322227188604953
2025-07-30 18:00:00,5,0,0.0004635936936990667
2025-07-30 19:00:00,5,0,3.9209903450705167e-07
2025-07-30 20:00:00,5,0,1.4955499078053366e-10
2025-07-30 21:00:00,5,0,2.7364484774035773e-10
2025-07-30 22:00:00,5,0,5.1351792499271034e-11
2025-07-30 23:00:00,5,0,4.788930118591e-10
2025-07-31 00:00:00,5,0,6.962493859837151e-10
2025-07-31 01:00:00,5,0,3.10233034416272e-09
2025-07-31 02:00:00,5,0,3.669678956229906e-11
2025-07-31 03:00:00,5,0,5.990547852497164e-11
2025-07-31 04:00:00,5,0,1.4537010183722541e-10
2025-07-31 05:00:00,5,0,3.873247193457959e-10
2025-07-31 06:00:00,5,0,2.6871149937992107e-10
2025-07-31 07:00:00,5,0,1.291468663747299e-08
2025-07-31 08:00:00,5,0,6.9167367879199616e-06
2025-07-31 09:00:00,5,0,0.0038989079047188585
2025-07-31 10:00:00,5,0,0.2463748508599138
2025-07-31 11:00:00,5,1,0.8572265329062847
2025-07-31 12:00:00,5,1,0.9877320969688463
2025-07-31 13:00:00,5,1,0.9998551677873041
2025-07-31 14:00:00,5,1,0.9998278319782479
2025-07-31 15:00:00,5,1,0.9893191046104283
2025-07-31 16:00:00,5,1,0.9795553118619051
2025-07-31 17:00:00,5,0,0.2575854107644077
2025-07-31 18:00:00,5,0,0.001261701145573587
2025-07-31 19:00:00,5,0,2.935743243189988e-05
2025-07-31 20:00:00,5,0,1.4815420582595927e-08
2025-07-31 21:00:00,5,0,5.296664784326964e-09
2025-07-31 22:00:00,5,0,9.508261222214234e-09
2025-07-31 23:00:00,5,0,4.584344185028477e-09
2025-08-01 00:00:00,5,0,7.856568665427262e-09
2025-08-01 01:00:00,5,0,1.3026646380241556e-08
2025-08-01 02:00:00,5,0,1.8661275816806867e-08
2025-08-01 03:00:00,5,0,3.046174873394274e-08
2025-08-01 04:00:00,5,0,6.419328404856423e-08
2025-08-01 05:00:00,5,0,1.483912195655344e-07
2025-08-01 06:00:00,5,0,4.859542301045072e-07
2025-08-01 07:00:00,5,0,2.8897567857884694e-07
2025-08-01 08:00:00,5,0,3.2123164199380333e-05
2025-08-01 09:00:00,5,0,0.0011822485236764406
2025-08-01 10:00:00,5,0,0.3106848103973512
2025-08-01 11:00:00,5,1,0.9786058356199757
2025-08-01 12:00:00,5,1,0.9997120128091305
2025-08-01 13:00:00,5,1,0.9999771483521679
2025-08-01 14:00:00,5,1,0.9999414951214397
2025-08-01 15:00:00,5,1,0.9998572656323378
2025-08-01 16:00:00,5,1,0.9950297431753894
2025-08-01 17:00:00,5,0,0.3934886256726091
2025-08-01 18:00:00,5,0,0.0007113130051883668
2025-08-01 19:00:00,5,0,1.0728514145957274e-05
2025-08-01 20:00:00,5,0,5.175039000497118e-08
2025-08-01 21:00:00,5,0,3.0987843489680803e-09
2025-08-01 22:00:00,5,0,8.564190062876866e-09
2025-08-01 23:00:00,5,0,8.253712522886197e-09
2025-08-02 00:00:00,5,0,9.470577370502461e-10
2025-08-02 01:00:00,5,0,3.042097071765795e-08
2025-08-02 02:00:00,5,0,9.233884279277994e-09
2025-08-02 03:00:00,5,0,8.181794570113962e-08
2025-08-02 04:00:00,5,0,6.416669862639812e-08
2025-08-02 05:00:00,5,0,7.333314434583002e-08
2025-08-02 06:00:00,5,0,5.0874840323674377e-08
2025-08-02 07:00:00,5,0,8.508060811725816e-08
2025-08-02 08:00:00,5,0,2.509070206157595e-05
2025-08-02 09:00:00,5,0,0.0014646056368559988
2025-08-02 10:00:00,5,0,0.22907963708711326
2025-08-02 11:00:00,5,1,0.9544172413921962
2025-08-02 12:00:00,5,1,0.9997652569735683
2025-08-02 13:00:00,5,1,0.9999760144418796
2025-08-02 14:00:00,5,1,0.99999229717139
2025-08-02 15:00:00,5,1,0.9995955302259237
2025-08-02 16:00:00,5,1,0.9862817799246822
2025-08-02 17:00:00,5,0,0.18076390560064173
2025-08-02 18:00:00,5,0,0.0008572325787355994
2025-08-02 19:00:00,5,0,1.590766830156552e-06
2025-08-02 20:00:00,5,0,1.3258076173746986e-08
2025-08-02 21:00:00,5,0,1.7629756769268504e-09
2025-08-02 22:00:00,5,0,1.7931622290152014e-09
2025-08-02 23:00:00,5,0,1.6154531238412242e-10
2025-08-03 00:00:00,5,0,2.0051282661174424e-10
2025-08-03 01:00:00,5,0,1.720343143900527e-11
2025-08-03 02:00:00,5,0,4.524253165854876e-12
2025-08-03 03:00:00,5,0,4.1902491197981186e-12
2025-08-03 04:00:00,5,0,6.659749167715812e-12
2025-08-03 05:00:00,5,0,2.04357231568037e-11
2025-08-03 06:00:00,5,0,7.36854552629135e-10
2025-08-03 07:00:00,5,0,6.4180475972775785e-09
2025-08-03 08:00:00,5,0,1.2276315779377857e-06
2025-08-03 09:00:00,5,0,0.0032310623483649955
2025-08-03 10:00:00,5,0,0.47258251063277956
2025-08-03 11:00:00,5,1,0.9904048025227709
2025-08-03 12:00:00,5,1,0.9997124747167317
2025-08-03 13:00:00,5,1,0.999992741223087
2025-08-03 14:00:00,5,1,0.9999944953233902
2025-08-03 15:00:00,5,1,0.9997030651161452
2025-08-03 16:00:00,5,1,0.9731397070385533
2025-08-03 17:00:00,5,0,0.2388183414149166
2025-08-03 18:00:00,5,0,0.0011210719821183987
2025-08-03 19:00:00,5,0,1.8479687775456242e-06
2025-08-03 20:00:00,5,0,1.1158864378483116e-08
2025-08-03 21:00:00,5,0,2.805991513613396e-10
2025-08-03 22:00:00,5,0,2.1556572163894506e-10
2025-08-03 23:00:00,5,0,3.2124201767936394e-10
2025-08-04 00:00:00,5,0,1.0896075947520055e-09
2025-08-04 01:00:00,5,0,3.177558567677776e-09
2025-08-04 02:00:00,5,0,4.3509566831158926e-08
2025-08-04 03:00:00,5,0,7.4226572879049176e-09
2025-08-04 04:00:00,5,0,1.127686423229155e-07
2025-08-04 05:00:00,5,0,7.329564592142888e-08
2025-08-04 06:00:00,5,0,7.763092496268717e-08
2025-08-04 07:00:00,5,0,1.9391824273300187e-06
2025-08-04 08:00:00,5,0,8.015601813031018e-06
2025-08-04 09:00:00,5,0,0.0031568926032257702
2025-08-04 10:00:00,5,0,0.3023453540133558
2025-08-04 11:00:00,5,1,0.9725050595818172
2025-08-04 12:00:00,5,1,0.9979127886479287
2025-08-04 13:00:00,5,1,0.9996183514061764
2025-08-04 14:00:00,5,1,0.9997624680888934
2025-08-04 15:00:00,5,1,0.9976793566493737
2025-08-04 16:00:00,5,1,0.9207978374741712
2025-08-04 17:00:00,5,0,0.07597769488550377
2025-08-04 18:00:00,5,0,0.00046103985582529984
2025-08-04 19:00:00,5,0,2.5487531780847926e-07
2025-08-04 20:00:00,5,0,3.9789238950923794e-10
2025-08-04 21:00:00,5,0,1.0469488768508671e-10
2025-08-04 22:00:00,5,0,9.269186753558337e-11
2025-08-04 23:00:00,5,0,1.5886243161254386e-10
2025-08-05 00:00:00,5,0,9.893552177905695e-11
2025-08-05 01:00:00,5,0,2.5077559389604435e-10
2025-08-05 02:00:00,5,0,1.8526703327475327e-11
2025-08-05 03:00:00,5,0,1.125134114408302e-11
2025-08-05 04:00:00,5,0,2.059220993487051e-11
2025-08-05 05:00:00,5,0,4.1380257487068046e-11
2025-08-05 06:00:00,5,0,6.692848062210678e-11
2025-08-05 07:00:00,5,0,3.7367334150436324e-10
2025-08-05 08:00:00,5,0,3.0892044789010163e-07
2025-08-05 09:00:00,5,0,0.0016083451767376835
2025-08-05 10:00:00,5,0,0.3580430015999151
2025-08-05 11:00:00,5,1,0.9840124019744356
2025-08-05 12:00:00,5,1,0.9997372718428709
2025-08-05 13:00:00,5,1,0.999964916439273
2025-08-05 14:00:00,5,1,0.9999717454224247
2025-08-05 15:00:00,5,1,0.9993896359854569
2025-08-05 16:00:00,5,1,0.9450725985317097
2025-08-05 17:00:00,5,0,0.1018247527544327
2025-08-05 18:00:00,5,0,0.00016510695787423884
2025-08-05 19:00:00,5,0,7.433061246564928e-08
2025-08-05 20:00:00,5,0,1.7841928691061073e-10
2025-08-05 21:00:00,5,0,5.172081890849455e-11
2025-08-05 22:00:00,5,0,3.4546854649912834e-11
2025-08-05 23:00:00,5,0,2.919756502780716e-11
2025-08-06 00:00:00,5,0,2.4133872225884366e-11
2025-08-06 01:00:00,5,0,1.2385759643736429e-10
2025-08-06 02:00:00,5,0,6.608774381540171e-11
2025-08-06 03:00:00,5,0,7.057611132525388e-11
2025-08-06 04:00:00,5,0,5.529265021182362e-11
2025-08-06 05:00:00,5,0,8.379080576305393e-11
2025-08-06 06:00:00,5,0,2.0694553033613168e-10
2025-08-06 07:00:00,5,0,5.398197895142823e-09
2025-08-06 08:00:00,5,0,3.6588424027715855e-06
2025-08-06 09:00:00,5,0,0.0018072416837577616
2025-08-06 10:00:00,5,0,0.3810923456906606
2025-08-06 11:00:00,5,1,0.9797546732206134
2025-08-06 12:00:00,5,1,0.9995247960649788
2025-08-06 13:00:00,5,1,0.9999529165503341
2025-08-06 14:00:00,5,1,0.9999373487303296
2025-08-06 15:00:00,5,1,0.9992967246926261
2025-08-06 16:00:00,5,1,0.9542114391639329
2025-08-06 17:00:00,5,0,0.10072985552574777
2025-08-06 18:00:00,5,0,6.628391744216036e-05
2025-08-06 19:00:00,5,0,2.3107365671448377e-07
2025-08-06 20:00:00,5,0,1.9775803118720057e-10
2025-08-06 21:00:00,5,0,3.9041903883381456e-11
2025-08-06 22:00:00,5,0,2.6044987214846103e-11
2025-08-06 23:00:00,5,0,1.9122956553786374e-11
2025-08-07 00:00:00,5,0,2.095822435591557e-11
2025-08-07 01:00:00,5,0,1.4939886255968256e-11
2025-08-07 02:00:00,5,0,1.856385681969359e-11
2025-08-07 03:00:00,5,0,4.627263724141094e-11
2025-08-07 04:00:00,5,0,4.177918606705026e-11
2025-08-07 05:00:00,5,0,4.780261508101283e-11
2025-08-07 06:00:00,5,0,5.063677789643158e-11
2025-08-07 07:00:00,5,0,6.207282512943871e-10
2025-08-07 08:00:00,5,0,8.606074376178749e-07
2025-08-07 09:00:00,5,0,0.0004040735605133562
2025-08-07 10:00:00,5,1,0.45410969935581846
2025-08-07 11:00:00,5,1,0.9976988300135269
2025-08-07 12:00:00,5,1,0.9999490443997577
2025-08-07 13:00:00,5,1,0.9999933808015311
2025-08-07 14:00:00,5,1,0.9999940123719263
2025-08-07 15:00:00,5,1,0.9999782345718915
2025-08-07 16:00:00,5,1,0.9967118904363238
2025-08-07 17:00:00,5,0,0.2369571055696364
2025-08-07 18:00:00,5,0,8.87190853122849e-05
2025-08-07 19:00:00,5,0,2.1970798182749738e-08
2025-08-07 20:00:00,5,0,3.2817100093719404e-11
2025-08-07 21:00:00,5,0,1.2582521448961022e-11
2025-08-07 22:00:00,5,0,5.504516825926578e-12
2025-08-07 23:00:00,5,0,4.0518421655948654e-12
2025-08-08 00:00:00,5,0,3.3407522594405396e-12
2025-08-08 01:00:00,5,0,3.1540576147286385e-12
2025-08-08 02:00:00,5,0,3.407458064866355e-12
2025-08-08 03:00:00,5,0,4.1902491197981186e-12
2025-08-08 04:00:00,5,0,5.7833201794906825e-12
2025-08-08 05:00:00,5,0,8.764077250433482e-12
2025-08-08 06:00:00,5,0,1.4145501896030123e-11
2025-08-08 07:00:00,5,0,1.0826905453567069e-10
2025-08-08 08:00:00,5,0,9.367365498683722e-08
2025-08-08 09:00:00,5,0,0.001159413012319356
2025-08-08 10:00:00,5,0,0.4607935830839674
2025-08-08 11:00:00,5,1,0.9985691642881733
2025-08-08 12:00:00,5,1,0.9999883236463852
2025-08-08 13:00:00,5,1,0.9999984541914043
2025-08-08 14:00:00,5,1,0.9999983078011383
2025-08-08 15:00:00,5,1,0.9999491325046301
2025-08-08 16:00:00,5,1,0.9949762056710935
2025-08-08 17:00:00,5,0,0.18809966794031144
2025-08-08 18:00:00,5,0,5.5605677059538954e-05
2025-08-08 19:00:00,5,0,3.136988077147591e-08
2025-08-08 20:00:00,5,0,6.13093288589137e-11
2025-08-08 21:00:00,5,0,2.9420992975115226e-11
2025-08-08 22:00:00,5,0,2.2628327887256796e-11
2025-08-08 23:00:00,5,0,1.9148949873352662e-11
2025-08-09 00:00:00,5,0,2.4133872225884366e-11
2025-08-09 01:00:00,5,0,2.2785174582138705e-11
2025-08-09 02:00:00,5,0,2.834560833403333e-11
2025-08-09 03:00:00,5,0,3.478959538126918e-11
2025-08-09 04:00:00,5,0,3.6281685210203686e-11
2025-08-09 05:00:00,5,0,3.126988726300047e-11
2025-08-09 06:00:00,5,0,6.706395174178789e-11
2025-08-09 07:00:00,5,0,8.442565136568338e-10
2025-08-09 08:00:00,5,0,2.107628163095018e-07
2025-08-09 09:00:00,5,0,0.0010507064219998814
2025-08-09 10:00:00,5,0,0.3518348636906188
2025-08-09 11:00:00,5,1,0.9942982601533626
2025-08-09 12:00:00,5,1,0.9998674145188281
2025-08-09 13:00:00,5,1,0.9999951348294953
2025-08-09 14:00:00,5,1,0.999995976019522
2025-08-09 15:00:00,5,1,0.9997519321211059
2025-08-09 16:00:00,5,1,0.9743200500401299
2025-08-09 17:00:00,5,0,0.14888992163349554
2025-08-09 18:00:00,5,0,5.5121139209596375e-05
2025-08-09 19:00:00,5,0,4.3625444458656513e-08
2025-08-09 20:00:00,5,0,1.5751239372243348e-10
2025-08-09 21:00:00,5,0,8.267785053636727e-12
2025-08-09 22:00:00,5,0,8.431179725950395e-12
2025-08-09 23:00:00,5,0,4.6807735401075395e-12
2025-08-10 00:00:00,5,0,4.4539580064643836e-12
2025-08-10 01:00:00,5,0,3.1658248906520133e-12
2025-08-10 02:00:00,5,0,3.4201707366512206e-12
2025-08-10 03:00:00,5,0,4.1995934191285826e-12
2025-08-10 04:00:00,5,0,5.796217043933814e-12
2025-08-10 05:00:00,5,0,8.783621234297365e-12
2025-08-10 06:00:00,5,0,1.420664005696793e-11
2025-08-10 07:00:00,5,0,9.72895591658292e-11
2025-08-10 08:00:00,5,0,8.540056448356712e-08
2025-08-10 09:00:00,5,0,0.0004380877630197999
2025-08-10 10:00:00,5,0,0.4953725849793761
2025-08-10 11:00:00,5,1,0.9985479732437388
2025-08-10 12:00:00,5,1,0.9999885209136635
2025-08-10 13:00:00,5,1,0.9999980913739965
2025-08-10 14:00:00,5,1,0.9999979130770834
2025-08-10 15:00:00,5,1,0.9999752636019601
2025-08-10 16:00:00,5,1,0.996749927205851
2025-08-10 17:00:00,5,0,0.20251548994873544
2025-08-10 18:00:00,5,0,6.877031626590625e-05
2025-08-10 19:00:00,5,0,1.397852194975987e-08
2025-08-10 20:00:00,5,0,3.0432205992993786e-11
2025-08-10 21:00:00,5,0,8.267785053636727e-12
2025-08-10 22:00:00,5,0,5.522456421773279e-12
2025-08-10 23:00:00,5,0,4.065047395623981e-12
2025-08-11 00:00:00,5,0,3.35321606271569e-12
2025-08-11 01:00:00,5,0,3.161091196173315e-12
2025-08-11 02:00:00,5,0,3.4150567319631877e-12
2025-08-11 03:00:00,5,0,4.1995934191285826e-12
2025-08-11 04:00:00,5,0,5.796217043933814e-12
2025-08-11 05:00:00,5,0,8.783621234297365e-12
2025-08-11 06:00:00,5,0,1.420664005696793e-11
2025-08-11 07:00:00,5,0,9.732482383550215e-11
2025-08-11 08:00:00,5,0,8.444736361112924e-08
2025-08-11 09:00:00,5,0,0.0005076488929613956
2025-08-11 10:00:00,5,0,0.4951268971074062
2025-08-11 11:00:00,5,1,0.9990164862284178
2025-08-11 12:00:00,5,1,0.9999863492888417
2025-08-11 13:00:00,5,1,0.9999982899525125
2025-08-11 14:00:00,5,1,0.9999979116627942
2025-08-11 15:00:00,5,1,0.999966245952106
2025-08-11 16:00:00,5,1,0.9964083233188525
2025-08-11 17:00:00,5,0,0.143465630221485
2025-08-11 18:00:00,5,0,4.884056965278524e-05
2025-08-11 19:00:00,5,0,2.256858392260005e-08
2025-08-11 20:00:00,5,0,1.1468969848194057e-09
2025-08-11 21:00:00,5,0,5.283310836623209e-11
2025-08-11 22:00:00,5,0,1.0676395294906745e-10
2025-08-11 23:00:00,5,0,1.828813730178546e-10
2025-08-12 00:00:00,5,0,2.7819107044568652e-11
2025-08-12 01:00:00,5,0,9.802469970243209e-12
2025-08-12 02:00:00,5,0,3.4261866348234366e-12
2025-08-12 03:00:00,5,0,4.2132801805723774e-12
2025-08-12 04:00:00,5,0,5.815107310690427e-12
2025-08-12 05:00:00,5,0,8.812247655107139e-12
2025-08-12 06:00:00,5,0,1.4252940466071816e-11
2025-08-12 07:00:00,5,0,8.500116030561151e-11
2025-08-12 08:00:00,5,0,7.922567180373922e-08
2025-08-12 09:00:00,5,0,0.00036554514286842553
2025-08-12 10:00:00,5,0,0.45258053652431773
2025-08-12 11:00:00,5,1,0.9988570233932784
2025-08-12 12:00:00,5,1,0.9999794363335908
2025-08-12 13:00:00,5,1,0.9999982826137799
2025-08-12 14:00:00,5,1,0.9999976782795474
2025-08-12 15:00:00,5,1,0.9999595413779492
2025-08-12 16:00:00,5,1,0.9948560057457493
2025-08-12 17:00:00,5,0,0.126763903881296
2025-08-12 18:00:00,5,0,3.131643578386069e-05
2025-08-12 19:00:00,5,0,8.655609503466788e-09
2025-08-12 20:00:00,5,0,2.7422761821701858e-11
2025-08-12 21:00:00,5,0,8.18770845741967e-12
2025-08-12 22:00:00,5,0,1.482164521661864e-11
2025-08-12 23:00:00,5,0,4.065047395623981e-12
2025-08-13 00:00:00,5,0,3.3591141911823668e-12
2025-08-13 01:00:00,5,0,3.171393408027226e-12
2025-08-13 02:00:00,5,0,3.4261866348234366e-12
2025-08-13 03:00:00,5,0,6.4328343168967895e-12
2025-08-13 04:00:00,5,0,5.815107310690427e-12
2025-08-13 05:00:00,5,0,6.985019516395747e-10
2025-08-13 06:00:00,5,0,6.156235501955351e-09
2025-08-13 07:00:00,5,0,4.369138558060828e-08
2025-08-13 08:00:00,5,0,2.2849282705264862e-06
2025-08-13 09:00:00,5,0,0.0013928731554156732
2025-08-13 10:00:00,5,0,0.25672123476650777
2025-08-13 11:00:00,5,1,0.9791449876408868
2025-08-13 12:00:00,5,1,0.9996561296411764
2025-08-13 13:00:00,5,1,0.9999672870537181
2025-08-13 14:00:00,5,1,0.9999879523262681
2025-08-13 15:00:00,5,1,0.9999614228615252
2025-08-13 16:00:00,5,1,0.9965914037799445
2025-08-13 17:00:00,5,0,0.12655003174593135
2025-08-13 18:00:00,5,0,4.883388286177323e-05
2025-08-13 19:00:00,5,0,8.52403912648298e-09
2025-08-13 20:00:00,5,0,2.610038149641942e-11
2025-08-13 21:00:00,5,0,8.18770845741967e-12
2025-08-13 22:00:00,5,0,5.468969362041445e-12
2025-08-13 23:00:00,5,0,4.019501452897267e-12
2025-08-14 00:00:00,5,0,3.316488996638215e-12
2025-08-14 01:00:00,5,0,3.131150280434816e-12
2025-08-14 02:00:00,5,0,3.382710330196083e-12
2025-08-14 03:00:00,5,0,4.159816119172741e-12
2025-08-14 04:00:00,5,0,7.402170667079969e-12
2025-08-14 05:00:00,5,0,1.121729275463366e-11
2025-08-14 06:00:00,5,0,1.4866806445190393e-11
2025-08-14 07:00:00,5,0,8.56091393079484e-11
2025-08-14 08:00:00,5,0,5.561582523289673e-08
2025-08-14 09:00:00,5,0,0.00036966385859635043
2025-08-14 10:00:00,5,0,0.46152083715154835
2025-08-14 11:00:00,5,1,0.9984298289060675
2025-08-14 12:00:00,5,1,0.9999770242965449
2025-08-14 13:00:00,5,1,0.9999951186622651
2025-08-14 14:00:00,5,1,0.9999897682292942
2025-08-14 15:00:00,5,1,0.9998673313323856
2025-08-14 16:00:00,5,1,0.9870343967821485
2025-08-14 17:00:00,5,0,0.1455058599137811
2025-08-14 18:00:00,5,0,0.00034368885263209647
2025-08-14 19:00:00,5,0,2.0079595931263243e-06
2025-08-14 20:00:00,5,0,6.57613957242994e-08
2025-08-14 21:00:00,5,0,7.456815193309016e-09
2025-08-14 22:00:00,5,0,1.2214923270065046e-09
2025-08-14 23:00:00,5,0,1.344117803179867e-09
2025-08-15 00:00:00,5,0,6.9117550028518646e-09
2025-08-15 01:00:00,5,0,7.792578880967649e-10
2025-08-15 02:00:00,5,0,7.049764093415078e-09
2025-08-15 03:00:00,5,0,2.414072137210051e-09
2025-08-15 04:00:00,5,0,3.836449316889404e-09
2025-08-15 05:00:00,5,0,2.087516493840291e-08
2025-08-15 06:00:00,5,0,6.90483741042625e-08
2025-08-15 07:00:00,5,0,4.8976508043235306e-08
2025-08-15 08:00:00,5,0,5.465294350733754e-06
2025-08-15 09:00:00,5,0,0.001337037810724926
2025-08-15 10:00:00,5,0,0.19920608603932097
2025-08-15 11:00:00,5,1,0.9816950612603697
2025-08-15 12:00:00,5,1,0.999148756244922
2025-08-15 13:00:00,5,1,0.9999836803688955
2025-08-15 14:00:00,5,1,0.9999556009082335
2025-08-15 15:00:00,5,1,0.9303300230579863
2025-08-15 16:00:00,5,1,0.6919514561909688
2025-08-15 17:00:00,5,0,0.0336718588335849
2025-08-15 18:00:00,5,0,0.0002444437661642924
2025-08-15 19:00:00,5,0,7.292641304221249e-07
2025-08-15 20:00:00,5,0,1.5560246725785878e-09
2025-08-15 21:00:00,5,0,2.69125652338339e-09
2025-08-15 22:00:00,5,0,2.2833407611760054e-08
2025-08-15 23:00:00,5,0,3.0780543321341704e-09
2025-08-16 00:00:00,5,0,3.2221645540597376e-08
2025-08-16 01:00:00,5,0,1.7303295738857904e-08
2025-08-16 02:00:00,5,0,3.286502480981e-08
2025-08-16 03:00:00,5,0,1.3678427652195277e-09
2025-08-16 04:00:00,5,0,3.824023380238258e-09
2025-08-16 05:00:00,5,0,1.8737432644595712e-09
2025-08-16 06:00:00,5,0,5.328248304730793e-09
2025-08-16 07:00:00,5,0,1.9245829916270735e-08
2025-08-16 08:00:00,5,0,2.5060943148848398e-06
2025-08-16 09:00:00,5,0,0.0006751107819009857
2025-08-16 10:00:00,5,0,0.10620368426900373
2025-08-16 11:00:00,5,1,0.9450322207387376
2025-08-16 12:00:00,5,1,0.9985692140175253
2025-08-16 13:00:00,5,1,0.9997153719406828
2025-08-16 14:00:00,5,1,0.9999356749561673
2025-08-16 15:00:00,5,1,0.9993860673797234
2025-08-16 16:00:00,5,1,0.968179739098061
2025-08-16 17:00:00,5,0,0.08930096301320056
2025-08-16 18:00:00,5,0,0.00025941754969537387
2025-08-16 19:00:00,5,0,4.6570363844260453e-07
2025-08-16 20:00:00,5,0,5.612124859468145e-09
2025-08-16 21:00:00,5,0,2.029937090193181e-09
2025-08-16 22:00:00,5,0,1.0207999059845274e-09
2025-08-16 23:00:00,5,0,3.219301465825496e-10
2025-08-17 00:00:00,5,0,7.13614184188731e-10
2025-08-17 01:00:00,5,0,2.8904860692255204e-10
2025-08-17 02:00:00,5,0,9.659679237889833e-10
2025-08-17 03:00:00,5,0,8.95867396865182e-10
2025-08-17 04:00:00,5,0,2.1738907730123694e-09
2025-08-17 05:00:00,5,0,3.2915535849931208e-09
2025-08-17 06:00:00,5,0,1.646583034814162e-08
2025-08-17 07:00:00,5,0,6.236991457474449e-08
2025-08-17 08:00:00,5,0,4.380030127236811e-06
2025-08-17 09:00:00,5,0,0.000769352113612498
2025-08-17 10:00:00,5,0,0.16971666864551235
2025-08-17 11:00:00,5,1,0.9843570444127989
2025-08-17 12:00:00,5,1,0.9991411926280169
2025-08-17 13:00:00,5,1,0.9998431818966119
2025-08-17 14:00:00,5,1,0.9998391611655096
2025-08-17 15:00:00,5,1,0.9990029112557245
2025-08-17 16:00:00,5,1,0.9419211611381303
2025-08-17 17:00:00,5,0,0.07184833782577409
2025-08-17 18:00:00,5,0,0.00012322762951710235
2025-08-17 19:00:00,5,0,1.613950895696547e-07
2025-08-17 20:00:00,5,0,1.5662378639727253e-09
2025-08-17 21:00:00,5,0,4.4898797597896724e-11
2025-08-17 22:00:00,5,0,1.4776319089022138e-11
2025-08-17 23:00:00,5,0,1.379416383563139e-10
2025-08-18 00:00:00,5,0,2.6587514464938264e-10
2025-08-18 01:00:00,5,0,1.6439920790575024e-10
2025-08-18 02:00:00,5,0,2.0451652654395452e-10
2025-08-18 03:00:00,5,0,5.863331807461476e-10
2025-08-18 04:00:00,5,0,1.8851188922467487e-09
2025-08-18 05:00:00,5,0,6.663837591343124e-09
2025-08-18 06:00:00,5,0,1.6456963065234866e-08
2025-08-18 07:00:00,5,0,7.993677120251441e-08
2025-08-18 08:00:00,5,0,5.109953645199581e-06
2025-08-18 09:00:00,5,0,0.0007024015407144981
2025-08-18 10:00:00,5,0,0.1729089469537015
2025-08-18 11:00:00,5,1,0.9733842772075656
2025-08-18 12:00:00,5,1,0.9992567646686488
2025-08-18 13:00:00,5,1,0.999810302686408
2025-08-18 14:00:00,5,1,0.9997668950945697
2025-08-18 15:00:00,5,1,0.9976795638432668
2025-08-18 16:00:00,5,1,0.9134411159227005
2025-08-18 17:00:00,5,0,0.06869876842476333
2025-08-18 18:00:00,5,0,0.00027642895942376114
2025-08-18 19:00:00,5,0,7.116264025234702e-07
2025-08-18 20:00:00,5,0,6.027447923425806e-09
2025-08-18 21:00:00,5,0,4.7135675618170645e-09
2025-08-18 22:00:00,5,0,6.373508019869597e-09
2025-08-18 23:00:00,5,0,9.48585038739418e-09
2025-08-19 00:00:00,5,0,8.205051443844244e-10
2025-08-19 01:00:00,5,0,3.9987206303608035e-11
2025-08-19 02:00:00,5,0,8.368884174367446e-10
2025-08-19 03:00:00,5,0,1.809609460728773e-09
2025-08-19 04:00:00,5,0,4.393932339164454e-09
2025-08-19 05:00:00,5,0,5.78240382793444e-09
2025-08-19 06:00:00,5,0,3.331927549554684e-08
2025-08-19 07:00:00,5,0,1.1790441887906199e-07
2025-08-19 08:00:00,5,0,3.245641938800392e-06
2025-08-19 09:00:00,5,0,0.0006041700439718268
2025-08-19 10:00:00,5,0,0.22623563107268746
2025-08-19 11:00:00,5,1,0.9864566306976222
2025-08-19 12:00:00,5,1,0.9995232861746237
2025-08-19 13:00:00,5,1,0.9999592361348387
2025-08-19 14:00:00,5,1,0.9999613624756853
2025-08-19 15:00:00,5,1,0.9994663276913915
2025-08-19 16:00:00,5,1,0.9640764920359259
2025-08-19 17:00:00,5,0,0.10023283640009924
2025-08-19 18:00:00,5,0,0.00011477692925665037
2025-08-19 19:00:00,5,0,2.6603057339364927e-08
2025-08-19 20:00:00,5,0,1.2815169361636022e-10
2025-08-19 21:00:00,5,0,3.893956578740657e-11
2025-08-19 22:00:00,5,0,1.4776319089022138e-11
2025-08-19 23:00:00,5,0,6.186487156447724e-12
2025-08-20 00:00:00,5,0,1.0329739174075427e-11
2025-08-20 01:00:00,5,0,7.363590149695136e-12
2025-08-20 02:00:00,5,0,1.6107569497393986e-11
2025-08-20 03:00:00,5,0,1.2972140166332535e-11
2025-08-20 04:00:00,5,0,9.722768580720161e-11
2025-08-20 05:00:00,5,0,2.2498875682519799e-10
2025-08-20 06:00:00,5,0,5.316085937224142e-09
2025-08-20 07:00:00,5,0,1.4343428706080013e-07
2025-08-20 08:00:00,5,0,4.3641535461481405e-06
2025-08-20 09:00:00,5,0,0.0006425188271944539
2025-08-20 10:00:00,5,0,0.1951454732718788
2025-08-20 11:00:00,5,1,0.9902725959821079
2025-08-20 12:00:00,5,1,0.9997556031875195
2025-08-20 13:00:00,5,1,0.9998858155458452
2025-08-20 14:00:00,5,1,0.9998386758145402
2025-08-20 15:00:00,5,1,0.9994535877561141
2025-08-20 16:00:00,5,1,0.9682117102226021
2025-08-20 17:00:00,5,0,0.06817545029797706
2025-08-20 18:00:00,5,0,5.047542940177833e-05
2025-08-20 19:00:00,5,0,8.7299333839534e-08
2025-08-20 20:00:00,5,0,5.563183278152772e-10
2025-08-20 21:00:00,5,0,1.9211411540248577e-11
2025-08-20 22:00:00,5,0,1.9592686598665144e-11
2025-08-20 23:00:00,5,0,2.1976009830258782e-11
2025-08-21 00:00:00,5,0,2.4086470715729294e-11
2025-08-21 01:00:00,5,0,1.7148938767115695e-11
2025-08-21 02:00:00,5,0,3.407458064866355e-12
2025-08-21 03:00:00,5,0,4.1902491197981186e-12
2025-08-21 04:00:00,5,0,5.7833201794906825e-12
2025-08-21 05:00:00,5,0,8.764077250433482e-12
2025-08-21 06:00:00,5,0,1.4175029592829548e-11
2025-08-21 07:00:00,5,0,5.869121541586742e-11
2025-08-21 08:00:00,5,0,3.6275420911439354e-08
2025-08-21 09:00:00,5,0,0.00018716992867509293
2025-08-21 10:00:00,5,0,0.24180877124070715
2025-08-21 11:00:00,5,1,0.995844537691631
2025-08-21 12:00:00,5,1,0.9998374472398944
2025-08-21 13:00:00,5,1,0.9999940650495536
2025-08-21 14:00:00,5,1,0.9999935424235274
2025-08-21 15:00:00,5,1,0.9998820339929637
2025-08-21 16:00:00,5,1,0.98582762096341
2025-08-21 17:00:00,5,0,0.047971598079937776
2025-08-21 18:00:00,5,0,1.5401170397044348e-05
2025-08-21 19:00:00,5,0,8.183977322463613e-09
2025-08-21 20:00:00,5,0,2.8976552570112204e-11
2025-08-21 21:00:00,5,0,8.267785053636727e-12
2025-08-21 22:00:00,5,0,5.5204554153102e-12
2025-08-21 23:00:00,5,0,4.057909748495032e-12
2025-08-22 00:00:00,5,0,3.3482021718941144e-12
2025-08-22 01:00:00,5,0,3.161091196173315e-12
2025-08-22 02:00:00,5,0,3.4150567319631877e-12
2025-08-22 03:00:00,5,0,4.1995934191285826e-12
2025-08-22 04:00:00,5,0,5.796217043933814e-12
2025-08-22 05:00:00,5,0,8.783621234297365e-12
2025-08-22 06:00:00,5,0,1.4175029592829548e-11
2025-08-22 07:00:00,5,0,5.843903237725728e-11
2025-08-22 08:00:00,5,0,4.504494776561508e-08
2025-08-22 09:00:00,5,0,0.00015885077096564737
2025-08-22 10:00:00,5,0,0.35564573106716824
2025-08-22 11:00:00,5,1,0.9979575855637516
2025-08-22 12:00:00,5,1,0.9999809916025812
2025-08-22 13:00:00,5,1,0.999996856326602
2025-08-22 14:00:00,5,1,0.9999867841731441
2025-08-22 15:00:00,5,1,0.9998985173796091
2025-08-22 16:00:00,5,1,0.976249139013731
2025-08-22 17:00:00,5,0,0.041488323138544926
2025-08-22 18:00:00,5,0,3.1227125824822605e-05
2025-08-22 19:00:00,5,0,3.88284407801337e-08
2025-08-22 20:00:00,5,0,7.309984725454008e-11
2025-08-22 21:00:00,5,0,8.267785053636727e-12
2025-08-22 22:00:00,5,0,5.522456421773279e-12
2025-08-22 23:00:00,5,0,4.065047395623981e-12
2025-08-23 00:00:00,5,0,3.3591141911823668e-12
2025-08-23 01:00:00,5,0,3.171393408027226e-12
2025-08-23 02:00:00,5,0,3.4201707366512206e-12
2025-08-23 03:00:00,5,0,1.7216009197290176e-11
2025-08-23 04:00:00,5,0,3.9931935224414516e-10
2025-08-23 05:00:00,5,0,1.622145156039494e-09
2025-08-23 06:00:00,5,0,1.978745207891291e-09
2025-08-23 07:00:00,5,0,8.59243567451874e-08
2025-08-23 08:00:00,5,0,5.878541285498293e-06
2025-08-23 09:00:00,5,0,0.000591980161927573
2025-08-23 10:00:00,5,0,0.23900081520433883
2025-08-23 11:00:00,5,1,0.9422527384408043
2025-08-23 12:00:00,5,1,0.9988354498549434
2025-08-23 13:00:00,5,1,0.9998906785596878
2025-08-23 14:00:00,5,1,0.9999538844349949
2025-08-23 15:00:00,5,1,0.999515472546849
2025-08-23 16:00:00,5,1,0.9699008412591972
2025-08-23 17:00:00,5,0,0.05107920776823117
2025-08-23 18:00:00,5,0,0.00010108108458972329
2025-08-23 19:00:00,5,0,2.611534076431217e-07
2025-08-23 20:00:00,5,0,2.7288882478186304e-09
2025-08-23 21:00:00,5,0,1.7629756769268504e-09
2025-08-23 22:00:00,5,0,8.85533291941251e-10
2025-08-23 23:00:00,5,0,4.916252455943098e-10
2025-08-24 00:00:00,5,0,3.689791365619315e-11
2025-08-24 01:00:00,5,0,2.8877380246854776e-10
2025-08-24 02:00:00,5,0,1.2797503389274426e-09
2025-08-24 03:00:00,5,0,8.547385959850879e-09
2025-08-24 04:00:00,5,0,1.801326438713971e-08
2025-08-24 05:00:00,5,0,3.619671752753724e-08
2025-08-24 06:00:00,5,0,2.8914616527999226e-08
2025-08-24 07:00:00,5,0,3.173190179089898e-08
2025-08-24 08:00:00,5,0,9.623760690982173e-07
2025-08-24 09:00:00,5,0,0.00043085957929655855
2025-08-24 10:00:00,5,0,0.1977934717262273
2025-08-24 11:00:00,5,1,0.9879628504122788
2025-08-24 12:00:00,5,1,0.9995169123592658
2025-08-24 13:00:00,5,1,0.9999081388614699
2025-08-24 14:00:00,5,1,0.9998961108211782
2025-08-24 15:00:00,5,1,0.9980614196449953
2025-08-24 16:00:00,5,1,0.8794468599014428
2025-08-24 17:00:00,5,0,0.0387499810390634
2025-08-24 18:00:00,5,0,0.0001450128813527131
2025-08-24 19:00:00,5,0,7.669489105803217e-07
2025-08-24 20:00:00,5,0,6.858272042726785e-09
2025-08-24 21:00:00,5,0,1.4760945452931262e-08
2025-08-24 22:00:00,5,0,5.030815461374129e-10
2025-08-24 23:00:00,5,0,7.837791237626249e-11
2025-08-25 00:00:00,5,0,1.3118896218376233e-10
2025-08-25 01:00:00,5,0,9.752471889556445e-12
2025-08-25 02:00:00,5,0,7.945373790387285e-12
2025-08-25 03:00:00,5,0,1.893449662928548e-10
2025-08-25 04:00:00,5,0,4.5906791522749164e-10
2025-08-25 05:00:00,5,0,8.010996395045694e-10
2025-08-25 06:00:00,5,0,3.4814568003444698e-09
2025-08-25 07:00:00,5,0,1.4030939979091032e-08
2025-08-25 08:00:00,5,0,2.134267924513736e-06
2025-08-25 09:00:00,5,0,0.0006558864013119441
2025-08-25 10:00:00,5,0,0.2150194751806422
2025-08-25 11:00:00,5,1,0.9397571756837274
2025-08-25 12:00:00,5,1,0.9979516417877531
2025-08-25 13:00:00,5,1,0.9998822541863865
2025-08-25 14:00:00,5,1,0.9998063751970949
2025-08-25 15:00:00,5,1,0.998311895072232
2025-08-25 16:00:00,5,1,0.9354850469274055
2025-08-25 17:00:00,5,0,0.02969713275198434
2025-08-25 18:00:00,5,0,2.688209646375687e-05
2025-08-25 19:00:00,5,0,4.347931557036373e-08
2025-08-25 20:00:00,5,0,8.972444482193679e-11
2025-08-25 21:00:00,5,0,5.170412086863127e-11
2025-08-25 22:00:00,5,0,9.246907437757056e-11
2025-08-25 23:00:00,5,0,3.871456332154383e-11
2025-08-26 00:00:00,5,0,3.2001626856904244e-11
2025-08-26 01:00:00,5,0,1.4922266390235787e-11
2025-08-26 02:00:00,5,0,4.983975258767649e-11
2025-08-26 03:00:00,5,0,3.0211253297781916e-11
2025-08-26 04:00:00,5,0,3.144451235272887e-11
2025-08-26 05:00:00,5,0,8.379080576305393e-11
2025-08-26 06:00:00,5,0,6.1216569262538656e-09
2025-08-26 07:00:00,5,0,5.165568166303628e-09
2025-08-26 08:00:00,5,0,6.453110362245628e-07
2025-08-26 09:00:00,5,0,0.000517593204433877
2025-08-26 10:00:00,5,0,0.2354389075225022
2025-08-26 11:00:00,5,1,0.9849960290202687
2025-08-26 12:00:00,5,1,0.9996031284480806
2025-08-26 13:00:00,5,1,0.9998575831429044
2025-08-26 14:00:00,5,1,0.9997131155151231
2025-08-26 15:00:00,5,1,0.9976390344043572
2025-08-26 16:00:00,5,1,0.9045992158020351
2025-08-26 17:00:00,5,0,0.0447681263774722
2025-08-26 18:00:00,5,0,7.070887329689682e-05
2025-08-26 19:00:00,5,0,7.357742614050058e-08
2025-08-26 20:00:00,5,0,2.3125725390188965e-10
2025-08-26 21:00:00,5,0,1.0440604857034833e-10
2025-08-26 22:00:00,5,0,8.030316175871121e-11
2025-08-26 23:00:00,5,0,2.3175343169647916e-09
2025-08-27 00:00:00,5,0,3.0586687083416756e-10
2025-08-27 01:00:00,5,0,2.0809988742893164e-09
2025-08-27 02:00:00,5,0,2.5908885313420077e-09
2025-08-27 03:00:00,5,0,2.178199432971259e-10
2025-08-27 04:00:00,5,0,1.119619836924707e-10
2025-08-27 05:00:00,5,0,1.622145156039494e-09
2025-08-27 06:00:00,5,0,9.352467207249687e-09
2025-08-27 07:00:00,5,0,1.3322103669617463e-07
2025-08-27 08:00:00,5,0,3.388770940864085e-06
2025-08-27 09:00:00,5,0,0.000569155579531827
2025-08-27 10:00:00,5,0,0.13436106052969496
2025-08-27 11:00:00,5,1,0.9458186272931357
2025-08-27 12:00:00,5,1,0.9983534973774564
2025-08-27 13:00:00,5,1,0.999764076730323
2025-08-27 14:00:00,5,1,0.9996336092634444
2025-08-27 15:00:00,5,1,0.9973982354667589
2025-08-27 16:00:00,5,1,0.9193075323445481
2025-08-27 17:00:00,5,0,0.026110854852364234
2025-08-27 18:00:00,5,0,4.794882950315441e-05
2025-08-27 19:00:00,5,0,5.310002876623931e-08
2025-08-27 20:00:00,5,0,8.029221516563342e-10
2025-08-27 21:00:00,5,0,7.874045658632075e-11
2025-08-27 22:00:00,5,0,9.246907437757056e-11
2025-08-27 23:00:00,5,0,4.2526570163274353e-10
2025-08-28 00:00:00,5,0,8.576278783666495e-11
2025-08-28 01:00:00,5,0,3.472485394182582e-11
2025-08-28 02:00:00,5,0,1.7712844780500868e-10
2025-08-28 03:00:00,5,0,7.4226572879049176e-09
2025-08-28 04:00:00,5,0,1.0244642342310097e-08
2025-08-28 05:00:00,5,0,2.729740603261305e-08
2025-08-28 06:00:00,5,0,3.3295944694059854e-08
2025-08-28 07:00:00,5,0,8.752165911362723e-08
2025-08-28 08:00:00,5,0,3.413840943895376e-06
2025-08-28 09:00:00,5,0,0.0006259838494128911
2025-08-28 10:00:00,5,0,0.09545616237599626
2025-08-28 11:00:00,5,1,0.920226386992189
2025-08-28 12:00:00,5,1,0.9970303780637358
2025-08-28 13:00:00,5,1,0.9995864988291814
2025-08-28 14:00:00,5,1,0.9997953268648874
2025-08-28 15:00:00,5,1,0.9974708729982149
2025-08-28 16:00:00,5,1,0.9223383479271305
2025-08-28 17:00:00,5,0,0.04310416522623068
2025-08-28 18:00:00,5,0,4.9174682314884254e-05
2025-08-28 19:00:00,5,0,1.2214892592949402e-06
2025-08-28 20:00:00,5,0,6.318011407461081e-09
2025-08-28 21:00:00,5,0,4.91921736701048e-10
2025-08-28 22:00:00,5,0,2.1519055349368017e-10
2025-08-28 23:00:00,5,0,7.477359570311794e-10
2025-08-29 00:00:00,5,0,1.088016037463641e-09
2025-08-29 01:00:00,5,0,9.752471889556445e-12
2025-08-29 02:00:00,5,0,1.3971301856229366e-11
2025-08-29 03:00:00,5,0,5.597725491028935e-09
2025-08-29 04:00:00,5,0,5.826411810462829e-09
2025-08-29 05:00:00,5,0,1.5524790886671073e-08
2025-08-29 06:00:00,5,0,1.6444543299911e-08
2025-08-29 07:00:00,5,0,7.479729676339569e-08
2025-08-29 08:00:00,5,0,2.0969699158714917e-06
2025-08-29 09:00:00,5,0,0.00046285995739115597
2025-08-29 10:00:00,5,0,0.10695674967211628
2025-08-29 11:00:00,5,1,0.9418180359359314
2025-08-29 12:00:00,5,1,0.9989320517842647
2025-08-29 13:00:00,5,1,0.9996543964641623
2025-08-29 14:00:00,5,1,0.9997438320687163
2025-08-29 15:00:00,5,1,0.9956568462025748
2025-08-29 16:00:00,5,1,0.7864454421331492
2025-08-29 17:00:00,5,0,0.018063041886920973
2025-08-29 18:00:00,5,0,7.406264715497234e-06
2025-08-29 19:00:00,5,0,2.0006784328492482e-06
2025-08-29 20:00:00,5,0,2.702313279463008e-09
2025-08-29 21:00:00,5,0,1.384373859457216e-10
2025-08-29 22:00:00,5,0,3.6253504380398793e-09
2025-08-29 23:00:00,5,0,9.48585038739418e-09
2025-08-30 00:00:00,5,0,8.205051443844244e-10
2025-08-30 01:00:00,5,0,1.4892122981091728e-11
2025-08-30 02:00:00,5,0,1.3971301856229366e-11
2025-08-30 03:00:00,5,0,1.9784580003169368e-11
2025-08-30 04:00:00,5,0,2.730638620834828e-11
2025-08-30 05:00:00,5,0,7.276386026358093e-11
2025-08-30 06:00:00,5,0,4.1904361611098494e-10
2025-08-30 07:00:00,5,0,3.132874091207938e-09
2025-08-30 08:00:00,5,0,1.9285291133128153e-07
2025-08-30 09:00:00,5,0,0.00017423654775200053
2025-08-30 10:00:00,5,0,0.13154461560871836
2025-08-30 11:00:00,5,1,0.9644430831063968
2025-08-30 12:00:00,5,1,0.9979114600940928
2025-08-30 13:00:00,5,1,0.9995300536815133
2025-08-30 14:00:00,5,1,0.9998909187637778
2025-08-30 15:00:00,5,1,0.9986762772155275
2025-08-30 16:00:00,5,1,0.8856559715452716
2025-08-30 17:00:00,5,0,0.01902410919648458
2025-08-30 18:00:00,5,0,3.77553207394182e-06
2025-08-30 19:00:00,5,0,1.877606285029957e-09
2025-08-30 20:00:00,5,0,3.958542367957739e-11
2025-08-30 21:00:00,5,0,1.2582521448961022e-11
2025-08-30 22:00:00,5,0,1.1120176632767309e-11
2025-08-30 23:00:00,5,0,1.2498587434171302e-11
2025-08-31 00:00:00,5,0,1.577361594936951e-11
2025-08-31 01:00:00,5,0,1.2932306184984716e-11
2025-08-31 02:00:00,5,0,1.85483770436894e-11
2025-08-31 03:00:00,5,0,3.32933403509506e-10
2025-08-31 04:00:00,5,0,1.2345877541993185e-09
2025-08-31 05:00:00,5,0,1.870901507711824e-09
2025-08-31 06:00:00,5,0,5.321240996885755e-09
2025-08-31 07:00:00,5,0,1.0615226800244015e-07
2025-08-31 08:00:00,5,0,5.409758824442428e-06
2025-08-31 09:00:00,5,0,0.00025092008810483925
2025-08-31 10:00:00,5,0,0.07280372374440225
2025-08-31 11:00:00,5,1,0.9056788646935423
2025-08-31 12:00:00,5,1,0.998977823230198
2025-08-31 13:00:00,5,1,0.9998035974043178
2025-08-31 14:00:00,5,1,0.9998802683735694
2025-08-31 15:00:00,5,1,0.9982355667248566
2025-08-31 16:00:00,5,1,0.917796625206346
2025-08-31 17:00:00,5,0,0.01602275073538878
2025-08-31 18:00:00,5,0,1.2220205771642403e-05
2025-08-31 19:00:00,5,0,1.0081655745756708e-08
2025-08-31 20:00:00,5,0,7.765201242840845e-11
2025-08-31 21:00:00,5,0,2.933262103820899e-11
2025-08-31 22:00:00,5,0,3.437854575289946e-11
2025-08-31 23:00:00,5,0,3.863996716427172e-11
2025-09-01 00:00:00,5,0,5.3152490348063735e-11
2025-09-01 01:00:00,5,0,1.4093642411144728e-11
2025-09-01 02:00:00,5,0,1.7533345117172252e-11
2025-09-01 03:00:00,5,0,1.6259711437898125e-11
2025-09-01 04:00:00,5,0,3.276289753105675e-10
2025-09-01 05:00:00,5,0,5.717312086778816e-10
2025-09-01 06:00:00,5,0,3.2951250990243616e-09
2025-09-01 07:00:00,5,0,1.8866513661213076e-08
2025-09-01 08:00:00,5,0,3.0534110933402952e-06
2025-09-01 09:00:00,5,0,0.00027760428569165754
2025-09-01 10:00:00,5,0,0.027677938215825464
2025-09-01 11:00:00,5,0,0.5607744042413917
2025-09-01 12:00:00,5,1,0.9567691550764672
2025-09-01 13:00:00,5,1,0.9948712416263261
2025-09-01 14:00:00,5,1,0.9979881601614573
2025-09-01 15:00:00,5,1,0.9725811582154623
2025-09-01 16:00:00,5,1,0.7969372466392646
2025-09-01 17:00:00,5,0,0.01640818763325656
2025-09-01 18:00:00,5,0,4.364608898711851e-05
2025-09-01 19:00:00,5,0,7.851257576079842e-08
2025-09-01 20:00:00,5,0,5.0324058511272705e-09
2025-09-01 21:00:00,5,0,7.841053470114867e-09
2025-09-01 22:00:00,5,0,1.2784193906198068e-09
2025-09-01 23:00:00,5,0,1.0820405938912367e-09
2025-09-02 00:00:00,5,0,3.484589367318782e-11
2025-09-02 01:00:00,5,0,7.337162196267316e-10
2025-09-02 02:00:00,5,0,2.0347851172704635e-08
2025-09-02 03:00:00,5,0,1.6377563441697075e-08
2025-09-02 04:00:00,5,0,2.6029185937541217e-08
2025-09-02 05:00:00,5,0,3.5837123777270538e-09
2025-09-02 06:00:00,5,0,3.150922989562956e-08
2025-09-02 07:00:00,5,0,1.4053908241714108e-08
2025-09-02 08:00:00,5,0,3.3049919910713776e-07
2025-09-02 09:00:00,5,0,0.00022148882274003072
2025-09-02 10:00:00,5,0,0.08771307233768781
2025-09-02 11:00:00,5,1,0.9370965281888716
2025-09-02 12:00:00,5,1,0.9988882615030519
2025-09-02 13:00:00,5,1,0.9996676418579672
2025-09-02 14:00:00,5,1,0.9980192552794742
2025-09-02 15:00:00,5,1,0.9953133989500291
2025-09-02 16:00:00,5,1,0.7729516684004981
2025-09-02 17:00:00,5,0,0.016346448715150296
2025-09-02 18:00:00,5,0,3.084365017181524e-05
2025-09-02 19:00:00,5,0,1.2237040607761844e-07
2025-09-02 20:00:00,5,0,9.85612119167333e-09
2025-09-02 21:00:00,5,0,3.215265470163458e-08
2025-09-02 22:00:00,5,0,1.4067041154227121e-08
2025-09-02 23:00:00,5,0,6.149066584275083e-10
2025-09-03 00:00:00,5,0,2.892611655165869e-10
2025-09-03 01:00:00,5,0,8.441883696834013e-10
2025-09-03 02:00:00,5,0,1.6044691708677492e-09
2025-09-03 03:00:00,5,0,2.272032851932035e-09
2025-09-03 04:00:00,5,0,8.425961110142657e-09
2025-09-03 05:00:00,5,0,4.542583466692979e-08
2025-09-03 06:00:00,5,0,5.295965811547028e-07
2025-09-03 07:00:00,5,0,2.4690735581191826e-07
2025-09-03 08:00:00,5,0,7.6011975150526335e-06
2025-09-03 09:00:00,5,0,0.0004801608758091038
2025-09-03 10:00:00,5,0,0.04657182848338391
2025-09-03 11:00:00,5,1,0.7775919021859884
2025-09-03 12:00:00,5,1,0.9834605449716239
2025-09-03 13:00:00,5,1,0.9951199898093968
2025-09-03 14:00:00,5,1,0.9989476346065095
2025-09-03 15:00:00,5,1,0.9929756813689458
2025-09-03 16:00:00,5,1,0.656084309203935
2025-09-03 17:00:00,5,0,0.008202848005202807
2025-09-03 18:00:00,5,0,2.774273350344416e-05
2025-09-03 19:00:00,5,0,3.3983891124817517e-07
2025-09-03 20:00:00,5,0,1.4898666497877356e-08
2025-09-03 21:00:00,5,0,4.45418067385832e-09
2025-09-03 22:00:00,5,0,8.353642389350814e-10
2025-09-03 23:00:00,5,0,4.210652334716486e-11
2025-09-04 00:00:00,5,0,9.775882881481874e-12
2025-09-04 01:00:00,5,0,1.8688933532587857e-11
2025-09-04 02:00:00,5,0,7.919965098283487e-10
2025-09-04 03:00:00,5,0,9.31437390660327e-09
2025-09-04 04:00:00,5,0,2.260407194076689e-08
2025-09-04 05:00:00,5,0,2.583258261215618e-08
2025-09-04 06:00:00,5,0,5.5408233519475414e-08
2025-09-04 07:00:00,5,0,9.617105970345115e-08
2025-09-04 08:00:00,5,0,3.3702332795027586e-06
2025-09-04 09:00:00,5,0,0.0005262059600138119
2025-09-04 10:00:00,5,0,0.02554537288867221
2025-09-04 11:00:00,5,1,0.8276906778050453
2025-09-04 12:00:00,5,1,0.9935527837009298
2025-09-04 13:00:00,5,1,0.9996365185443021
2025-09-04 14:00:00,5,1,0.9995250135861213
2025-09-04 15:00:00,5,1,0.992484870245887
2025-09-04 16:00:00,5,1,0.6678449133958603
2025-09-04 17:00:00,5,0,0.006484141452705884
2025-09-04 18:00:00,5,0,7.428382104342534e-06
2025-09-04 19:00:00,5,0,2.1198893668251953e-09
2025-09-04 20:00:00,5,0,9.262294583577314e-11
2025-09-04 21:00:00,5,0,7.437054615045616e-11
2025-09-04 22:00:00,5,0,2.453489513043903e-11
2025-09-04 23:00:00,5,0,8.525292119857485e-11
2025-09-05 00:00:00,5,0,1.719010511668836e-11
2025-09-05 01:00:00,5,0,1.223890637715039e-11
2025-09-05 02:00:00,5,0,1.3222193546874351e-11
2025-09-05 03:00:00,5,0,1.6278555639789566e-11
2025-09-05 04:00:00,5,0,2.2441414479812768e-11
2025-09-05 05:00:00,5,0,3.9161545512693985e-11
2025-09-05 06:00:00,5,0,7.293873648768262e-11
2025-09-05 07:00:00,5,0,1.9352126024118866e-09
2025-09-05 08:00:00,5,0,3.330348668830834e-07
2025-09-05 09:00:00,5,0,0.0004629565238235132
2025-09-05 10:00:00,5,0,0.06709082128993307
2025-09-05 11:00:00,5,1,0.9469253652655834
2025-09-05 12:00:00,5,1,0.9995760238119649
2025-09-05 13:00:00,5,1,0.9998834026164828
2025-09-05 14:00:00,5,1,0.9996686580896524
2025-09-05 15:00:00,5,1,0.9949380603249838
2025-09-05 16:00:00,5,1,0.7139537544377915
2025-09-05 17:00:00,5,0,0.009606129061433875
2025-09-05 18:00:00,5,0,2.3972829332586163e-05
2025-09-05 19:00:00,5,0,2.5210480826826427e-08
2025-09-05 20:00:00,5,0,6.583531260786719e-10
2025-09-05 21:00:00,5,0,1.5057776815185825e-10
2025-09-05 22:00:00,5,0,3.1094228946839716e-10
2025-09-05 23:00:00,5,0,5.339995118719506e-10
2025-09-06 00:00:00,5,0,1.5730594202213186e-09
2025-09-06 01:00:00,5,0,1.4851505463131187e-09
2025-09-06 02:00:00,5,0,3.2486349188688857e-09
2025-09-06 03:00:00,5,0,3.4692558190070074e-09
2025-09-06 04:00:00,5,0,1.116393125914581e-08
2025-09-06 05:00:00,5,0,2.2435562636627418e-08
2025-09-06 06:00:00,5,0,7.347180019381906e-08
2025-09-06 07:00:00,5,0,2.7697895318121036e-07
2025-09-06 08:00:00,5,0,3.129578655889023e-07
2025-09-06 09:00:00,5,0,0.00022113017828418054
2025-09-06 10:00:00,5,0,0.06656379516625265
2025-09-06 11:00:00,5,1,0.9113234562685806
2025-09-06 12:00:00,5,1,0.9975472485338256
2025-09-06 13:00:00,5,1,0.999507811568963
2025-09-06 14:00:00,5,1,0.9984814020020458
2025-09-06 15:00:00,5,1,0.9560311143344836
2025-09-06 16:00:00,5,1,0.2999427147046716
2025-09-06 17:00:00,5,0,0.002911603440874953
2025-09-06 18:00:00,5,0,0.00012084509907134565
2025-09-06 19:00:00,5,0,5.542857886684862e-08
2025-09-06 20:00:00,5,0,1.0930018243177347e-08
2025-09-06 21:00:00,5,0,7.831209079273651e-09
2025-09-06 22:00:00,5,0,1.2194483886777164e-08
2025-09-06 23:00:00,5,0,7.448613336676171e-08
2025-09-07 00:00:00,5,0,4.223402489888948e-09
2025-09-07 01:00:00,5,0,5.533292125299603e-10
2025-09-07 02:00:00,5,0,2.4499267273688317e-09
2025-09-07 03:00:00,5,0,7.024345359333503e-09
2025-09-07 04:00:00,5,0,2.999408131464661e-08
2025-09-07 05:00:00,5,0,5.2339910217821e-08
2025-09-07 06:00:00,5,0,1.792209535755309e-08
2025-09-07 07:00:00,5,0,5.9403978618451895e-08
2025-09-07 08:00:00,5,0,2.6460943812875704e-06
2025-09-07 09:00:00,5,0,0.0002679979740854569
2025-09-07 10:00:00,5,0,0.024302472601986133
2025-09-07 11:00:00,5,1,0.8454038658293103
2025-09-07 12:00:00,5,1,0.9923610689181881
2025-09-07 13:00:00,5,1,0.9993848500623878
2025-09-07 14:00:00,5,1,0.9995110507483482
2025-09-07 15:00:00,5,1,0.9925258762781172
2025-09-07 16:00:00,5,1,0.6831242338960335
2025-09-07 17:00:00,5,0,0.00807172147072944
2025-09-07 18:00:00,5,0,7.5778077221093515e-06
2025-09-07 19:00:00,5,0,3.889701710435854e-08
2025-09-07 20:00:00,5,0,9.029718862414216e-11
2025-09-07 21:00:00,5,0,2.0021785408675336e-10
2025-09-07 22:00:00,5,0,2.0418475657208506e-10
2025-09-07 23:00:00,5,0,9.388888962201973e-10
2025-09-08 00:00:00,5,0,1.1863076067327788e-09
2025-09-08 01:00:00,5,0,8.448904089634092e-10
2025-09-08 02:00:00,5,0,4.5041753594975194e-10
2025-09-08 03:00:00,5,0,6.717567872601128e-08
2025-09-08 04:00:00,5,0,2.997329516535223e-08
2025-09-08 05:00:00,5,0,4.544907475511238e-08
2025-09-08 06:00:00,5,0,1.292467041064115e-07
2025-09-08 07:00:00,5,0,1.1581884701999813e-07
2025-09-08 08:00:00,5,0,1.4147124594501554e-06
2025-09-08 09:00:00,5,0,0.00031070807193315136
2025-09-08 10:00:00,5,0,0.03268026988490546
2025-09-08 11:00:00,5,1,0.7520451827225033
2025-09-08 12:00:00,5,1,0.9947866165693614
2025-09-08 13:00:00,5,1,0.9995335516776322
2025-09-08 14:00:00,5,1,0.9998321318117691
2025-09-08 15:00:00,5,1,0.9961732831288131
2025-09-08 16:00:00,5,1,0.6473705350388176
2025-09-08 17:00:00,5,0,0.0038959419762375816
2025-09-08 18:00:00,5,0,1.786764822661012e-06
2025-09-08 19:00:00,5,0,7.977404540560059e-10
2025-09-08 20:00:00,5,0,8.19793403875985e-12
2025-09-08 21:00:00,5,0,1.3710328736312813e-11
2025-09-08 22:00:00,5,0,9.138614697940358e-12
2025-09-08 23:00:00,5,0,3.3224143815898013e-12
2025-09-09 00:00:00,5,0,2.0731635955785052e-12
2025-09-09 01:00:00,5,0,1.957306893001147e-12
2025-09-09 02:00:00,5,0,2.111811969586416e-12
2025-09-09 03:00:00,5,0,2.5969558768695553e-12
2025-09-09 04:00:00,5,0,3.5889428268211697e-12
2025-09-09 05:00:00,5,0,5.438704966263073e-12
2025-09-09 06:00:00,5,0,8.785140299202994e-12
2025-09-09 07:00:00,5,0,2.1593032681484214e-11
2025-09-09 08:00:00,5,0,4.93644002000541e-09
2025-09-09 09:00:00,5,0,1.7424324300844962e-05
2025-09-09 10:00:00,5,0,0.05807355638975796
2025-09-09 11:00:00,5,1,0.9837165844308771
2025-09-09 12:00:00,5,1,0.999845487421697
2025-09-09 13:00:00,5,1,0.9999266968128718
2025-09-09 14:00:00,5,1,0.9990155280037463
2025-09-09 15:00:00,5,1,0.9463986346949559
2025-09-09 16:00:00,5,0,0.391017185988051
2025-09-09 17:00:00,5,0,0.0019845646362456554
2025-09-09 18:00:00,5,0,4.474175960998532e-06
2025-09-09 19:00:00,5,0,7.933495136561222e-09
2025-09-09 20:00:00,5,0,3.861257489349187e-11
2025-09-09 21:00:00,5,0,3.189841535700628e-11
2025-09-09 22:00:00,5,0,1.39539222245035e-11
2025-09-09 23:00:00,5,0,1.0271399331272533e-11
2025-09-10 00:00:00,5,0,4.827839368533115e-12
2025-09-10 01:00:00,5,0,2.9849444718221738e-12
2025-09-10 02:00:00,5,0,2.111811969586416e-12
2025-09-10 03:00:00,5,0,2.5969558768695553e-12
2025-09-10 04:00:00,5,0,3.5842802894447763e-12
2025-09-10 05:00:00,5,0,5.431639329832528e-12
2025-09-10 06:00:00,5,0,8.785140299202994e-12
2025-09-10 07:00:00,5,0,2.0774928367946342e-11
2025-09-10 08:00:00,5,0,4.961011066607991e-09
2025-09-10 09:00:00,5,0,2.412975868833422e-05
2025-09-10 10:00:00,5,0,0.07705638917098208
2025-09-10 11:00:00,5,1,0.9860121328277497
2025-09-10 12:00:00,5,1,0.999742122660046
2025-09-10 13:00:00,5,1,0.9999673680773171
2025-09-10 14:00:00,5,1,0.9999184592845766
2025-09-10 15:00:00,5,1,0.9956440962588559
2025-09-10 16:00:00,5,1,0.5986190351101514
2025-09-10 17:00:00,5,0,0.0028789113142220677
2025-09-10 18:00:00,5,0,2.9120638040222355e-06
2025-09-10 19:00:00,5,0,7.016299968934534e-09
2025-09-10 20:00:00,5,0,1.585789696260535e-10
2025-09-10 21:00:00,5,0,3.189841535700628e-11
2025-09-10 22:00:00,5,0,2.1306505622879852e-11
2025-09-10 23:00:00,5,0,8.919851763893566e-12
2025-09-11 00:00:00,5,0,2.0704702668691316e-12
2025-09-11 01:00:00,5,0,1.954764078310006e-12
2025-09-11 02:00:00,5,0,2.111811969586416e-12
2025-09-11 03:00:00,5,0,2.5969558768695553e-12
2025-09-11 04:00:00,5,0,3.5842802894447763e-12
2025-09-11 05:00:00,5,0,5.431639329832528e-12
2025-09-11 06:00:00,5,0,8.785140299202994e-12
2025-09-11 07:00:00,5,0,2.050498215635599e-11
2025-09-11 08:00:00,5,0,5.056390113303536e-09
2025-09-11 09:00:00,5,0,2.1202040958168346e-05
2025-09-11 10:00:00,5,0,0.054035176614084315
2025-09-11 11:00:00,5,1,0.9786286758210473
2025-09-11 12:00:00,5,1,0.9997569508577662
2025-09-11 13:00:00,5,1,0.9999557140346265
2025-09-11 14:00:00,5,1,0.9999249968751858
2025-09-11 15:00:00,5,1,0.9959328998528351
2025-09-11 16:00:00,5,1,0.656997588995996
2025-09-11 17:00:00,5,0,0.0009351776925278951
2025-09-11 18:00:00,5,0,2.167980835401329e-07
2025-09-11 19:00:00,5,0,1.2413742596323068e-10
2025-09-11 20:00:00,5,0,8.19793403875985e-12
2025-09-11 21:00:00,5,0,5.8811827681784606e-12
2025-09-11 22:00:00,5,0,1.39539222245035e-11
2025-09-11 23:00:00,5,0,1.805999068805213e-11
2025-09-12 00:00:00,5,0,1.2963350428854532e-11
2025-09-12 01:00:00,5,0,1.223890637715039e-11
2025-09-12 02:00:00,5,0,1.3222193546874351e-11
2025-09-12 03:00:00,5,0,1.622952977920061e-11
2025-09-12 04:00:00,5,0,1.2737682327123067e-11
2025-09-12 05:00:00,5,0,2.222836927720276e-11
2025-09-12 06:00:00,5,0,4.146426369004659e-11
2025-09-12 07:00:00,5,0,7.009460839969675e-11
2025-09-12 08:00:00,5,0,6.276007530764031e-09
2025-09-12 09:00:00,5,0,1.8583477689015962e-05
2025-09-12 10:00:00,5,0,0.06805517440278393
2025-09-12 11:00:00,5,1,0.9503049780477735
2025-09-12 12:00:00,5,1,0.9949133876990859
2025-09-12 13:00:00,5,1,0.9984954397104877
2025-09-12 14:00:00,5,1,0.9988596597222794
2025-09-12 15:00:00,5,1,0.9887830547677161
2025-09-12 16:00:00,5,0,0.44639581166226455
2025-09-12 17:00:00,5,0,0.002497144352503942
2025-09-12 18:00:00,5,0,1.8288367607117738e-06
2025-09-12 19:00:00,5,0,1.3523577939575335e-08
2025-09-12 20:00:00,5,0,6.499564304159309e-10
2025-09-12 21:00:00,5,0,3.6803991817437157e-11
2025-09-12 22:00:00,5,0,1.8502919186901426e-11
2025-09-12 23:00:00,5,0,1.3619888996473136e-11
2025-09-13 00:00:00,5,0,1.4927871801986448e-11
2025-09-13 01:00:00,5,0,7.662859726277007e-11
2025-09-13 02:00:00,5,0,1.1482140968240598e-11
2025-09-13 03:00:00,5,0,1.4119918769232418e-11
2025-09-13 04:00:00,5,0,1.6923452070047732e-11
2025-09-13 05:00:00,5,0,2.953238705483443e-11
2025-09-13 06:00:00,5,0,4.776572005034541e-11
2025-09-13 07:00:00,5,0,7.820388185830461e-11
2025-09-13 08:00:00,5,0,6.5399745421002815e-09
2025-09-13 09:00:00,5,0,3.669875241171554e-05
2025-09-13 10:00:00,5,0,0.01781432800890307
2025-09-13 11:00:00,5,1,0.9018718944214162
2025-09-13 12:00:00,5,1,0.9969491887182292
2025-09-13 13:00:00,5,1,0.9997711628357585
2025-09-13 14:00:00,5,1,0.9998496613057205
2025-09-13 15:00:00,5,1,0.9954389794888615
2025-09-13 16:00:00,5,0,0.4718184343233816
2025-09-13 17:00:00,5,0,0.0020379441331695907
2025-09-13 18:00:00,5,0,5.1995418767871e-06
2025-09-13 19:00:00,5,0,3.253787301180163e-08
2025-09-13 20:00:00,5,0,3.069503180309429e-09
2025-09-13 21:00:00,5,0,7.119280381957342e-10
2025-09-13 22:00:00,5,0,1.4687545411922407e-09
2025-09-13 23:00:00,5,0,6.76965048772781e-09
2025-09-14 00:00:00,5,0,5.600286997927334e-09
2025-09-14 01:00:00,5,0,1.1200119763744437e-09
2025-09-14 02:00:00,5,0,5.421380211365664e-11
2025-09-14 03:00:00,5,0,1.7901261603674183e-10
2025-09-14 04:00:00,5,0,7.990536644034343e-11
2025-09-14 05:00:00,5,0,6.88624334028579e-11
2025-09-14 06:00:00,5,0,3.4438579324156257e-10
2025-09-14 07:00:00,5,0,2.996472106001216e-09
2025-09-14 08:00:00,5,0,3.563143427577171e-07
2025-09-14 09:00:00,5,0,0.00014532015566876957
2025-09-14 10:00:00,5,0,0.055453243024310823
2025-09-14 11:00:00,5,1,0.8947366747376675
2025-09-14 12:00:00,5,1,0.9963675758652218
2025-09-14 13:00:00,5,1,0.9994544104766628
2025-09-14 14:00:00,5,1,0.9991668784385976
2025-09-14 15:00:00,5,1,0.9820906524040063
2025-09-14 16:00:00,5,0,0.43066105609219685
2025-09-14 17:00:00,5,0,0.002124288740259456
2025-09-14 18:00:00,5,0,1.0630388466704996e-05
2025-09-14 19:00:00,5,0,1.0508234469772035e-07
2025-09-14 20:00:00,5,0,2.933734660577787e-08
2025-09-14 21:00:00,5,0,4.042636517473176e-10
2025-09-14 22:00:00,5,0,7.254500983617917e-10
2025-09-14 23:00:00,5,0,9.817055495501944e-11
2025-09-15 00:00:00,5,0,5.08517655264107e-10
2025-09-15 01:00:00,5,0,2.369386777009553e-10
2025-09-15 02:00:00,5,0,3.083097959167712e-11
2025-09-15 03:00:00,5,0,6.9731502045579644e-12
2025-09-15 04:00:00,5,0,6.025799489280396e-11
2025-09-15 05:00:00,5,0,1.0515363064812626e-10
2025-09-15 06:00:00,5,0,4.147970827425428e-11
2025-09-15 07:00:00,5,0,3.625285877028879e-10
2025-09-15 08:00:00,5,0,2.812136061223989e-08
2025-09-15 09:00:00,5,0,0.00012583592445837363
2025-09-15 10:00:00,5,0,0.02467693081394068
2025-09-15 11:00:00,5,1,0.9357057950803209
2025-09-15 12:00:00,5,1,0.9990611423009168
2025-09-15 13:00:00,5,1,0.9997772848143124
2025-09-15 14:00:00,5,1,0.9987849151383162
2025-09-15 15:00:00,5,1,0.9806676065861242
2025-09-15 16:00:00,5,0,0.37979993423671715
2025-09-15 17:00:00,5,0,0.001596269877497224
2025-09-15 18:00:00,5,0,1.4290629872175508e-06
2025-09-15 19:00:00,5,0,1.487121938371225e-10
2025-09-15 20:00:00,5,0,9.439919372770522e-12
2025-09-15 21:00:00,5,0,5.096046800489033e-12
2025-09-15 22:00:00,5,0,3.403897923859202e-12
2025-09-15 23:00:00,5,0,2.50558905920762e-12
2025-09-16 00:00:00,5,0,2.0704702668691316e-12
2025-09-16 01:00:00,5,0,1.954764078310006e-12
2025-09-16 02:00:00,5,0,2.111811969586416e-12
2025-09-16 03:00:00,5,0,2.5969558768695553e-12
2025-09-16 04:00:00,5,0,3.5842802894447763e-12
2025-09-16 05:00:00,5,0,5.431639329832528e-12
2025-09-16 06:00:00,5,0,8.785140299202994e-12
2025-09-16 07:00:00,5,0,1.917566458994743e-11
2025-09-16 08:00:00,5,0,2.5973756995192503e-09
2025-09-16 09:00:00,5,0,8.625465330078092e-06
2025-09-16 10:00:00,5,0,0.02550579739733605
2025-09-16 11:00:00,5,1,0.9347224029854334
2025-09-16 12:00:00,5,1,0.9976869263926696
2025-09-16 13:00:00,5,1,0.9982209735608871
2025-09-16 14:00:00,5,1,0.9939670873088534
2025-09-16 15:00:00,5,1,0.9540670389855473
2025-09-16 16:00:00,5,0,0.18367433393995677
2025-09-16 17:00:00,5,0,0.0013199226684068284
2025-09-16 18:00:00,5,0,3.178004232832185e-06
2025-09-16 19:00:00,5,0,4.1197428140797076e-10
2025-09-16 20:00:00,5,0,5.907429322313308e-11
2025-09-16 21:00:00,5,0,3.673170483524351e-11
2025-09-16 22:00:00,5,0,1.8502919186901426e-11
2025-09-16 23:00:00,5,0,1.805999068805213e-11
2025-09-17 00:00:00,5,0,1.9795166909416515e-11
2025-09-17 01:00:00,5,0,1.4093642411144728e-11
2025-09-17 02:00:00,5,0,1.3222193546874351e-11
2025-09-17 03:00:00,5,0,6.9731502045579644e-12
2025-09-17 04:00:00,5,0,2.05391905374304e-09
2025-09-17 05:00:00,5,0,4.752606518742759e-09
2025-09-17 06:00:00,5,0,9.24718777317425e-10
2025-09-17 07:00:00,5,0,3.400520890052497e-08
2025-09-17 08:00:00,5,0,1.859161658770071e-07
2025-09-17 09:00:00,5,0,0.00014953426122427943
2025-09-17 10:00:00,5,0,0.025816647804410623
2025-09-17 11:00:00,5,1,0.7556909692646132
2025-09-17 12:00:00,5,1,0.9868756804633049
2025-09-17 13:00:00,5,1,0.9970091814889596
2025-09-17 14:00:00,5,1,0.995652440648991
2025-09-17 15:00:00,5,1,0.9672491343419812
2025-09-17 16:00:00,5,1,0.2093924693676921
2025-09-17 17:00:00,5,0,0.0009445024448012892
2025-09-17 18:00:00,5,0,4.301529615056305e-06
2025-09-17 19:00:00,5,0,2.4146540615757923e-08
2025-09-17 20:00:00,5,0,1.668753896437109e-08
2025-09-17 21:00:00,5,0,1.0396536595505615e-08
2025-09-17 22:00:00,5,0,5.720263938478195e-11
2025-09-17 23:00:00,5,0,2.0796464020475773e-11
2025-09-18 00:00:00,5,0,1.1257361837665083e-11
2025-09-18 01:00:00,5,0,2.2509973578464157e-12
2025-09-18 02:00:00,5,0,2.111811969586416e-12
2025-09-18 03:00:00,5,0,2.5969558768695553e-12
2025-09-18 04:00:00,5,0,3.5842802894447763e-12
2025-09-18 05:00:00,5,0,5.431639329832528e-12
2025-09-18 06:00:00,5,0,8.785140299202994e-12
2025-09-18 07:00:00,5,0,1.77922927697949e-11
2025-09-18 08:00:00,5,0,1.1272796928015422e-08
2025-09-18 09:00:00,5,0,9.941445013834092e-06
2025-09-18 10:00:00,5,0,0.02694483290343054
2025-09-18 11:00:00,5,1,0.947880304519405
2025-09-18 12:00:00,5,1,0.9984630603940653
2025-09-18 13:00:00,5,1,0.9992326120723822
2025-09-18 14:00:00,5,1,0.9995740869323492
2025-09-18 15:00:00,5,1,0.9866217739640923
2025-09-18 16:00:00,5,1,0.354736750978444
2025-09-18 17:00:00,5,0,0.0030674447083539444
2025-09-18 18:00:00,5,0,4.086662605361068e-06
2025-09-18 19:00:00,5,0,5.6994407800399935e-11
2025-09-18 20:00:00,5,0,8.190333623250607e-12
2025-09-18 21:00:00,5,0,1.5057776815185825e-10
2025-09-18 22:00:00,5,0,3.403897923859202e-12
2025-09-18 23:00:00,5,0,2.50558905920762e-12
2025-09-19 00:00:00,5,0,2.0704702668691316e-12
2025-09-19 01:00:00,5,0,1.954764078310006e-12
2025-09-19 02:00:00,5,0,2.111811969586416e-12
2025-09-19 03:00:00,5,0,2.5969558768695553e-12
2025-09-19 04:00:00,5,0,3.5842802894447763e-12
2025-09-19 05:00:00,5,0,5.431639329832528e-12
2025-09-19 06:00:00,5,0,8.785140299202994e-12
2025-09-19 07:00:00,5,0,1.768120442212245e-11
2025-09-19 08:00:00,5,0,2.5002837150621648e-09
2025-09-19 09:00:00,5,0,1.0672891947246494e-05
2025-09-19 10:00:00,5,0,0.029920743715972923
2025-09-19 11:00:00,5,1,0.9629861924339326
2025-09-19 12:00:00,5,1,0.9996976317387689
2025-09-19 13:00:00,5,1,0.9996609556946947
2025-09-19 14:00:00,5,1,0.9953932008060847
2025-09-19 15:00:00,5,1,0.9476795166689238
2025-09-19 16:00:00,5,0,0.294765215706224
2025-09-19 17:00:00,5,0,0.0008536426910584006
2025-09-19 18:00:00,5,0,1.246556623049688e-07
2025-09-19 19:00:00,5,0,5.156609299530151e-11
2025-09-19 20:00:00,5,0,8.19793403875985e-12
2025-09-19 21:00:00,5,0,5.0854313358921726e-12
2025-09-19 22:00:00,5,0,3.396807337897815e-12
2025-09-19 23:00:00,5,0,2.500369720964922e-12
2025-09-20 00:00:00,5,0,2.0696210319883777e-12
2025-09-20 01:00:00,5,0,1.9506921516419556e-12
2025-09-20 02:00:00,5,0,2.111811969586416e-12
2025-09-20 03:00:00,5,0,2.5969558768695553e-12
2025-09-20 04:00:00,5,0,3.5842802894447763e-12
2025-09-20 05:00:00,5,0,5.431639329832528e-12
2025-09-20 06:00:00,5,0,8.785140299202994e-12
2025-09-20 07:00:00,5,0,1.7561102464651007e-11
2025-09-20 08:00:00,5,0,2.3285754117362573e-09
2025-09-20 09:00:00,5,0,8.508598758140088e-06
2025-09-20 10:00:00,5,0,0.028061276143206967
2025-09-20 11:00:00,5,1,0.9612770602337235
2025-09-20 12:00:00,5,1,0.9996001347866542
2025-09-20 13:00:00,5,1,0.9986566100833923
2025-09-20 14:00:00,5,1,0.9951487648982118
2025-09-20 15:00:00,5,1,0.9463736559882078
2025-09-20 16:00:00,5,0,0.21577685894822243
2025-09-20 17:00:00,5,0,0.0006484845634126984
2025-09-20 18:00:00,5,0,1.9001236546194838e-06
2025-09-20 19:00:00,5,0,9.98159391959136e-10
2025-09-20 20:00:00,5,0,8.19793403875985e-12
2025-09-20 21:00:00,5,0,5.096046800489033e-12
2025-09-20 22:00:00,5,0,3.403897923859202e-12
2025-09-20 23:00:00,5,0,2.50558905920762e-12
2025-09-21 00:00:00,5,0,2.0704702668691316e-12
2025-09-21 01:00:00,5,0,1.954764078310006e-12
2025-09-21 02:00:00,5,0,2.111811969586416e-12
2025-09-21 03:00:00,5,0,2.5969558768695553e-12
2025-09-21 04:00:00,5,0,3.5842802894447763e-12
2025-09-21 05:00:00,5,0,5.431639329832528e-12
2025-09-21 06:00:00,5,0,8.785140299202994e-12
2025-09-21 07:00:00,5,0,1.754603681339402e-11
2025-09-21 08:00:00,5,0,2.837881999216723e-09
2025-09-21 09:00:00,5,0,1.1097188758920738e-05
2025-09-21 10:00:00,5,0,0.036101078238209454
2025-09-21 11:00:00,5,1,0.9791133750533676
2025-09-21 12:00:00,5,1,0.9997067083142063
2025-09-21 13:00:00,5,1,0.9999220794066533
2025-09-21 14:00:00,5,1,0.9998434939170355
2025-09-21 15:00:00,5,1,0.9966199566764284
2025-09-21 16:00:00,5,0,0.31172660042648376
2025-09-21 17:00:00,5,0,0.0002729143382444799
2025-09-21 18:00:00,5,0,6.38587807910332e-08
2025-09-21 19:00:00,5,0,4.543245080109758e-11
2025-09-21 20:00:00,5,0,8.179442214830696e-12
2025-09-21 21:00:00,5,0,5.105316155771023e-12
2025-09-21 22:00:00,5,0,3.402501763337704e-12
2025-09-21 23:00:00,5,0,2.492719492727513e-12
2025-09-22 00:00:00,5,0,2.0598356200396315e-12
2025-09-22 01:00:00,5,0,1.9539623020828808e-12
2025-09-22 02:00:00,5,0,2.110945777777307e-12
2025-09-22 03:00:00,5,0,2.591546214390024e-12
2025-09-22 04:00:00,5,0,3.565870194102636e-12
2025-09-22 05:00:00,5,0,5.420324799714181e-12
2025-09-22 06:00:00,5,0,8.766840163926528e-12
2025-09-22 07:00:00,5,0,1.708305215333381e-11
2025-09-22 08:00:00,5,0,1.9956730515965323e-09
2025-09-22 09:00:00,5,0,8.556532469744924e-06
2025-09-22 10:00:00,5,0,0.028135399672423563
2025-09-22 11:00:00,5,1,0.9578193493727836
2025-09-22 12:00:00,5,1,0.9991550404393231
2025-09-22 13:00:00,5,1,0.9998752511868713
2025-09-22 14:00:00,5,1,0.9996088271699465
2025-09-22 15:00:00,5,1,0.9950763736670186
2025-09-22 16:00:00,5,0,0.4049856224474117
2025-09-22 17:00:00,5,0,0.019389946498940533
2025-09-22 18:00:00,5,0,0.0005797093287699063
2025-09-22 19:00:00,5,0,2.8068162519932695e-05
2025-09-22 20:00:00,5,0,1.0945911356683148e-05
2025-09-22 21:00:00,5,0,1.3654782557349089e-11
2025-09-22 22:00:00,5,0,3.396807337897815e-12
2025-09-22 23:00:00,5,0,2.50558905920762e-12
2025-09-23 00:00:00,5,0,2.0704702668691316e-12
2025-09-23 01:00:00,5,0,1.954764078310006e-12
2025-09-23 02:00:00,5,0,2.107412899861183e-12
2025-09-23 03:00:00,5,0,2.591546214390024e-12
2025-09-23 04:00:00,5,0,3.565870194102636e-12
2025-09-23 05:00:00,5,0,5.403740563594679e-12
2025-09-23 06:00:00,5,0,8.740016799520825e-12
2025-09-23 07:00:00,5,0,1.6611447310165032e-11
2025-09-23 08:00:00,5,0,1.9915228104216562e-09
2025-09-23 09:00:00,5,0,7.618017604600371e-06
2025-09-23 10:00:00,5,0,0.02220587427750429
2025-09-23 11:00:00,5,1,0.947919650741393
2025-09-23 12:00:00,5,1,0.9992057636128461
2025-09-23 13:00:00,5,1,0.9998019890048235
2025-09-23 14:00:00,5,1,0.9972288131542273
2025-09-23 15:00:00,5,1,0.9571416885122347
2025-09-23 16:00:00,5,0,0.1909599838922151
2025-09-23 17:00:00,5,0,0.0006380585188761294
2025-09-23 18:00:00,5,0,3.541511060520645e-06
2025-09-23 19:00:00,5,0,1.4954179343997104e-08
2025-09-23 20:00:00,5,0,1.3951319851090281e-07
2025-09-23 21:00:00,5,0,4.662775452021652e-10
2025-09-23 22:00:00,5,0,7.585077491263015e-11
2025-09-23 23:00:00,5,0,6.726880040382519e-12
2025-09-24 00:00:00,5,0,7.372159430300925e-12
2025-09-24 01:00:00,5,0,6.032461654859539e-12
2025-09-24 02:00:00,5,0,1.1460627159563176e-11
2025-09-24 03:00:00,5,0,2.1521988522970416e-11
2025-09-24 04:00:00,5,0,4.3285727871961e-10
2025-09-24 05:00:00,5,0,1.605180461095552e-10
2025-09-24 06:00:00,5,0,3.9593625966055534e-10
2025-09-24 07:00:00,5,0,3.3465570346687657e-09
2025-09-24 08:00:00,5,0,4.13747006959473e-08
2025-09-24 09:00:00,5,0,1.1492863021577399e-05
2025-09-24 10:00:00,5,0,0.024028041406226164
2025-09-24 11:00:00,5,1,0.8658553214920746
2025-09-24 12:00:00,5,1,0.9973678495085728
2025-09-24 13:00:00,5,1,0.9994414930086978
2025-09-24 14:00:00,5,1,0.9980979961539144
2025-09-24 15:00:00,5,1,0.9215080292675623
2025-09-24 16:00:00,5,0,0.10066678879758527
2025-09-24 17:00:00,5,0,0.0005816423169459109
2025-09-24 18:00:00,5,0,1.056442949987174e-07
2025-09-24 19:00:00,5,0,1.4961601260328993e-10
2025-09-24 20:00:00,5,0,5.120032499479813e-11
2025-09-24 21:00:00,5,0,2.4056096364142374e-11
2025-09-24 22:00:00,5,0,1.8502919186901426e-11
2025-09-24 23:00:00,5,0,5.073056848415612e-12
2025-09-25 00:00:00,5,0,2.38423815535389e-12
2025-09-25 01:00:00,5,0,1.954764078310006e-12
2025-09-25 02:00:00,5,0,2.111811969586416e-12
2025-09-25 03:00:00,5,0,6.0554773576364325e-12
2025-09-25 04:00:00,5,0,8.357680748234396e-12
2025-09-25 05:00:00,5,0,1.6794845354372517e-11
2025-09-25 06:00:00,5,0,2.3589196651143583e-11
2025-09-25 07:00:00,5,0,1.326370497329551e-10
2025-09-25 08:00:00,5,0,3.7902023482398245e-09
2025-09-25 09:00:00,5,0,5.396208627155368e-06
2025-09-25 10:00:00,5,0,0.013427848325707354
2025-09-25 11:00:00,5,1,0.851229984856511
2025-09-25 12:00:00,5,1,0.994047661110919
2025-09-25 13:00:00,5,1,0.9939102069025395
2025-09-25 14:00:00,5,1,0.9840287180300025
2025-09-25 15:00:00,5,1,0.7930266187002035
2025-09-25 16:00:00,5,0,0.11832193848378712
2025-09-25 17:00:00,5,0,0.00023978695696343848
2025-09-25 18:00:00,5,0,1.0950451794563619e-07
2025-09-25 19:00:00,5,0,3.4775176581427997e-10
2025-09-25 20:00:00,5,0,1.3746006871105626e-10
2025-09-25 21:00:00,5,0,2.4056096364142374e-11
2025-09-25 22:00:00,5,0,2.1306505622879852e-11
2025-09-25 23:00:00,5,0,1.1827735147965301e-11
2025-09-26 00:00:00,5,0,9.775882881481874e-12
2025-09-26 01:00:00,5,0,6.044208461969089e-12
2025-09-26 02:00:00,5,0,8.658877652824708e-12
2025-09-26 03:00:00,5,0,6.9731502045579644e-12
2025-09-26 04:00:00,5,0,1.9488104123627167e-11
2025-09-26 05:00:00,5,0,1.934000779814368e-11
2025-09-26 06:00:00,5,0,2.7164004047576234e-11
2025-09-26 07:00:00,5,0,2.422220778075957e-11
2025-09-26 08:00:00,5,0,3.825923883328549e-09
2025-09-26 09:00:00,5,0,5.869915312377494e-05
2025-09-26 10:00:00,5,0,0.017288695508864232
2025-09-26 11:00:00,5,1,0.7509048595990295
2025-09-26 12:00:00,5,1,0.9850286023393278
2025-09-26 13:00:00,5,1,0.9940343800138367
2025-09-26 14:00:00,5,1,0.9927693185936743
2025-09-26 15:00:00,5,1,0.8968427703095023
2025-09-26 16:00:00,5,0,0.0770226938177744
2025-09-26 17:00:00,5,0,0.00043263219451123266
2025-09-26 18:00:00,5,0,1.4347879230980595e-06
2025-09-26 19:00:00,5,0,3.898264746997505e-09
2025-09-26 20:00:00,5,0,6.488858495547962e-10
2025-09-26 21:00:00,5,0,3.677387421518729e-11
2025-09-26 22:00:00,5,0,2.825245442476211e-11
2025-09-26 23:00:00,5,0,1.56835923323927e-11
2025-09-27 00:00:00,5,0,2.6249463967053468e-11
2025-09-27 01:00:00,5,0,4.800996477133525e-10
2025-09-27 02:00:00,5,0,1.9303478965465395e-10
2025-09-27 03:00:00,5,0,1.1216672959774125e-09
2025-09-27 04:00:00,5,0,2.7235146000943197e-09
2025-09-27 05:00:00,5,0,1.7692037469939518e-09
2025-09-27 06:00:00,5,0,2.861512367532588e-09
2025-09-27 07:00:00,5,0,1.5305994184164447e-08
2025-09-27 08:00:00,5,0,3.7368318387642584e-07
2025-09-27 09:00:00,5,0,0.00013189976556623534
2025-09-27 10:00:00,5,0,0.017073991170564108
2025-09-27 11:00:00,5,1,0.6069322109884944
2025-09-27 12:00:00,5,1,0.9815233129670418
2025-09-27 13:00:00,5,1,0.9958796490410845
2025-09-27 14:00:00,5,1,0.9915009815785804
2025-09-27 15:00:00,5,1,0.9149859108831225
2025-09-27 16:00:00,5,0,0.08708291697131938
2025-09-27 17:00:00,5,0,0.0003552998400921559
2025-09-27 18:00:00,5,0,3.161696293630353e-07
2025-09-27 19:00:00,5,0,1.9179020046378276e-09
2025-09-27 20:00:00,5,0,9.002448086964212e-11
2025-09-27 21:00:00,5,0,3.673170483524351e-11
2025-09-27 22:00:00,5,0,1.8502919186901426e-11
2025-09-27 23:00:00,5,0,1.3619888996473136e-11
2025-09-28 00:00:00,5,0,3.022741961044663e-11
2025-09-28 01:00:00,5,0,5.0182115854541835e-11
2025-09-28 02:00:00,5,0,3.39436178308341e-10
2025-09-28 03:00:00,5,0,2.7335407096154667e-10
2025-09-28 04:00:00,5,0,1.1674784972075461e-09
2025-09-28 05:00:00,5,0,1.210890599943032e-10
2025-09-28 06:00:00,5,0,6.333993307800929e-11
2025-09-28 07:00:00,5,0,1.7094598561622057e-10
2025-09-28 08:00:00,5,0,4.810075124341812e-09
2025-09-28 09:00:00,5,0,4.815931132319857e-06
2025-09-28 10:00:00,5,0,0.007521961153512476
2025-09-28 11:00:00,5,1,0.6464175697009759
2025-09-28 12:00:00,5,1,0.9707741266144042
2025-09-28 13:00:00,5,1,0.9910820097616808
2025-09-28 14:00:00,5,1,0.985152180177563
2025-09-28 15:00:00,5,1,0.8202719625044632
2025-09-28 16:00:00,5,0,0.0329062535769633
2025-09-28 17:00:00,5,0,0.00021384417443022215
2025-09-28 18:00:00,5,0,3.206812121389873e-07
2025-09-28 19:00:00,5,0,2.4130156703858454e-09
2025-09-28 20:00:00,5,0,4.064227833108386e-09
2025-09-28 21:00:00,5,0,1.250641279654164e-09
2025-09-28 22:00:00,5,0,1.6914973257919104e-09
2025-09-28 23:00:00,5,0,8.161542583261169e-10
2025-09-29 00:00:00,5,0,3.6680554675303693e-09
2025-09-29 01:00:00,5,0,1.290909258118879e-09
2025-09-29 02:00:00,5,0,2.821472095124763e-09
2025-09-29 03:00:00,5,0,8.51018905645099e-07
2025-09-29 04:00:00,5,0,1.4150735955239765e-07
2025-09-29 05:00:00,5,0,3.274367969882825e-07
2025-09-29 06:00:00,5,0,3.0119829108134573e-07
2025-09-29 07:00:00,5,0,8.906780142458826e-09
2025-09-29 08:00:00,5,0,2.3677412776612818e-07
2025-09-29 09:00:00,5,0,0.00031703772285562306
2025-09-29 10:00:00,5,0,0.014974275759879552
2025-09-29 11:00:00,5,0,0.16085147171051584
2025-09-29 12:00:00,5,1,0.9591065024200952
2025-09-29 13:00:00,5,1,0.9159967426183102
2025-09-29 14:00:00,5,1,0.8939900332507607
2025-09-29 15:00:00,5,1,0.6336202845339955
2025-09-29 16:00:00,5,0,0.06010902087347296
2025-09-29 17:00:00,5,0,0.00030973810998295676
2025-09-29 18:00:00,5,0,1.5492334969625999e-06
2025-09-29 19:00:00,5,0,4.069262517745542e-08
2025-09-29 20:00:00,5,0,8.232593736319326e-09
2025-09-29 21:00:00,5,0,4.659612061387858e-10
2025-09-29 22:00:00,5,0,8.743547903869809e-11
2025-09-29 23:00:00,5,0,4.6341810068833416e-10
2025-09-30 00:00:00,5,0,3.330934044856779e-10
2025-09-30 01:00:00,5,0,2.0595089326880926e-10
2025-09-30 02:00:00,5,0,3.086469249070141e-11
2025-09-30 03:00:00,5,0,3.628153930553693e-10
2025-09-30 04:00:00,5,0,1.5479145363292595e-09
2025-09-30 05:00:00,5,0,6.583737926746495e-10
2025-09-30 06:00:00,5,0,1.0648546017895971e-09
2025-09-30 07:00:00,5,0,6.666872191096001e-09
2025-09-30 08:00:00,5,0,1.2212964199611243e-07
2025-09-30 09:00:00,5,0,5.085261564080747e-06
2025-09-30 10:00:00,5,0,0.016762664186789494
2025-09-30 11:00:00,5,1,0.5252395753850769
2025-09-30 12:00:00,5,1,0.9245250675025264
2025-09-30 13:00:00,5,1,0.9795615334397938
2025-09-30 14:00:00,5,1,0.992354811006173
2025-09-30 15:00:00,5,1,0.7072156304834891
2025-09-30 16:00:00,5,0,0.04282467202226903
2025-09-30 17:00:00,5,0,0.00021566638777044582
2025-09-30 18:00:00,5,0,6.035253230873837e-07
2025-09-30 19:00:00,5,0,5.044014689128085e-09
2025-09-30 20:00:00,5,0,1.5142221139093719e-09
2025-09-30 21:00:00,5,0,6.800855880510087e-09
2025-09-30 22:00:00,5,0,3.944949474436011e-09
2025-09-30 23:00:00,5,0,4.6341810068833416e-10
2025-10-01 00:00:00,6,0,8.035822023345427e-12
2025-10-01 01:00:00,6,0,2.174221624139902e-13
2025-10-01 02:00:00,6,0,3.261904409737433e-13
2025-10-01 03:00:00,6,0,1.1046180111841062e-12
2025-10-01 04:00:00,6,0,7.895628582195105e-13
2025-10-01 05:00:00,6,0,5.291801249974922e-13
2025-10-01 06:00:00,6,0,4.5179335233803257e-13
2025-10-01 07:00:00,6,0,3.558597545965355e-13
2025-10-01 08:00:00,6,0,3.6834722465165285e-11
2025-10-01 09:00:00,6,0,1.0446875030473758e-06
2025-10-01 10:00:00,6,0,0.0070910615927424455
2025-10-01 11:00:00,6,1,0.4368591233346501
2025-10-01 12:00:00,6,1,0.9912988627008448
2025-10-01 13:00:00,6,1,0.9988680837634836
2025-10-01 14:00:00,6,1,0.9951462999218142
2025-10-01 15:00:00,6,1,0.6114043833143252
2025-10-01 16:00:00,6,0,0.029369920761891183
2025-10-01 17:00:00,6,0,8.01954079654879e-06
2025-10-01 18:00:00,6,0,1.1937255829073448e-08
2025-10-01 19:00:00,6,0,5.104212988967526e-10
2025-10-01 20:00:00,6,0,7.243973642546421e-11
2025-10-01 21:00:00,6,0,7.543186044930804e-10
2025-10-01 22:00:00,6,0,4.830521307371168e-10
2025-10-01 23:00:00,6,0,7.946357785540646e-10
2025-10-02 00:00:00,6,0,6.729521580391475e-09
2025-10-02 01:00:00,6,0,5.603860353997605e-11
2025-10-02 02:00:00,6,0,1.3943774812316074e-10
2025-10-02 03:00:00,6,0,3.9903951207395463e-10
2025-10-02 04:00:00,6,0,2.7026471315550354e-11
2025-10-02 05:00:00,6,0,1.7030384401465516e-09
2025-10-02 06:00:00,6,0,1.2952030989004626e-08
2025-10-02 07:00:00,6,0,6.987599763120751e-09
2025-10-02 08:00:00,6,0,7.877776556594134e-08
2025-10-02 09:00:00,6,0,1.3349099634880913e-05
2025-10-02 10:00:00,6,0,0.0025215739497629116
2025-10-02 11:00:00,6,1,0.0490218748234515
2025-10-02 12:00:00,6,1,0.6889598476120821
2025-10-02 13:00:00,6,1,0.8235759652594671
2025-10-02 14:00:00,6,1,0.6620514444263323
2025-10-02 15:00:00,6,1,0.15401381009827247
2025-10-02 16:00:00,6,0,0.005099162677118827
2025-10-02 17:00:00,6,0,5.657625368328311e-05
2025-10-02 18:00:00,6,0,2.4674270651140154e-08
2025-10-02 19:00:00,6,0,2.139490626541029e-10
2025-10-02 20:00:00,6,0,1.0803146144598634e-12
2025-10-02 21:00:00,6,0,6.783691098375527e-12
2025-10-02 22:00:00,6,0,6.081586710482358e-12
2025-10-02 23:00:00,6,0,5.438765890492639e-14
2025-10-03 00:00:00,6,0,6.110877985532861e-14
2025-10-03 01:00:00,6,0,3.601635621547325e-13
2025-10-03 02:00:00,6,0,1.1887192766341656e-13
2025-10-03 03:00:00,6,0,5.346090999422123e-14
2025-10-03 04:00:00,6,0,7.489834478573162e-14
2025-10-03 05:00:00,6,0,1.377466224051895e-13
2025-10-03 06:00:00,6,0,1.942817963253177e-13
2025-10-03 07:00:00,6,0,4.025697279172092e-13
2025-10-03 08:00:00,6,0,5.63250232414371e-11
2025-10-03 09:00:00,6,0,1.3796158420829726e-06
2025-10-03 10:00:00,6,0,0.0032880672083452135
2025-10-03 11:00:00,6,0,0.3159771892288495
2025-10-03 12:00:00,6,1,0.945831931750805
2025-10-03 13:00:00,6,1,0.9900587454771029
2025-10-03 14:00:00,6,1,0.9841363252519295
2025-10-03 15:00:00,6,1,0.7112095679274799
2025-10-03 16:00:00,6,0,0.013848089337236694
2025-10-03 17:00:00,6,0,3.83548837755697e-05
2025-10-03 18:00:00,6,0,4.848769468039175e-09
2025-10-03 19:00:00,6,0,1.950542092281457e-12
2025-10-03 20:00:00,6,0,1.0803146144598634e-12
2025-10-03 21:00:00,6,0,6.437014182689943e-13
2025-10-03 22:00:00,6,0,4.877300084441642e-13
2025-10-03 23:00:00,6,0,2.0890411385753839e-13
2025-10-04 00:00:00,6,0,2.347611229781833e-13
2025-10-04 01:00:00,6,0,4.261525522099252e-13
2025-10-04 02:00:00,6,0,2.756804119855472e-13
2025-10-04 03:00:00,6,0,4.763054123995232e-13
2025-10-04 04:00:00,6,0,1.831105277089198e-12
2025-10-04 05:00:00,6,0,5.291801249974922e-13
2025-10-04 06:00:00,6,0,7.484034807180227e-13
2025-10-04 07:00:00,6,0,2.2031091200499398e-12
2025-10-04 08:00:00,6,0,1.0699705711331917e-10
2025-10-04 09:00:00,6,0,4.103651416603088e-07
2025-10-04 10:00:00,6,0,0.0024448750696247816
2025-10-04 11:00:00,6,1,0.4650402470437238
2025-10-04 12:00:00,6,1,0.996445294882622
2025-10-04 13:00:00,6,1,0.9989958679330172
2025-10-04 14:00:00,6,1,0.997063431314829
2025-10-04 15:00:00,6,1,0.8265487301797686
2025-10-04 16:00:00,6,0,0.010611392485447067
2025-10-04 17:00:00,6,0,1.3531854357938403e-05
2025-10-04 18:00:00,6,0,6.5626595431043375e-09
2025-10-04 19:00:00,6,0,6.124895546930445e-11
2025-10-04 20:00:00,6,0,1.1998949485866452e-10
2025-10-04 21:00:00,6,0,1.0008946061521033e-10
2025-10-04 22:00:00,6,0,8.973015968221058e-11
2025-10-04 23:00:00,6,0,7.53232231599022e-11
2025-10-05 00:00:00,6,0,8.035822023345427e-12
2025-10-05 01:00:00,6,0,5.603860353997605e-11
2025-10-05 02:00:00,6,0,2.3096826132567378e-10
2025-10-05 03:00:00,6,0,3.7810573128232095e-11
2025-10-05 04:00:00,6,0,1.9304539777353214e-11
2025-10-05 05:00:00,6,0,4.9704729054978924e-11
2025-10-05 06:00:00,6,0,2.0356701840537188e-09
2025-10-05 07:00:00,6,0,2.151125805466535e-09
2025-10-05 08:00:00,6,0,3.369136975011403e-08
2025-10-05 09:00:00,6,0,6.321292245086485e-06
2025-10-05 10:00:00,6,0,0.0014499046990593483
2025-10-05 11:00:00,6,0,0.1027637942686744
2025-10-05 12:00:00,6,1,0.671160622268778
2025-10-05 13:00:00,6,1,0.9438102428889776
2025-10-05 14:00:00,6,1,0.8862497355850572
2025-10-05 15:00:00,6,0,0.5797476343019421
2025-10-05 16:00:00,6,0,0.011434739492754725
2025-10-05 17:00:00,6,0,1.0678011047348576e-05
2025-10-05 18:00:00,6,0,1.0749971684754436e-08
2025-10-05 19:00:00,6,0,4.394070506796285e-11
2025-10-05 20:00:00,6,0,4.149510601567469e-12
2025-10-05 21:00:00,6,0,1.329503170440313e-11
2025-10-05 22:00:00,6,0,3.270436442390488e-11
2025-10-05 23:00:00,6,0,2.0691193161470746e-10
2025-10-06 00:00:00,6,0,1.1874316908751086e-10
2025-10-06 01:00:00,6,0,3.5701582924746407e-10
2025-10-06 02:00:00,6,0,1.4695445905489004e-09
2025-10-06 03:00:00,6,0,7.820691597760121e-10
2025-10-06 04:00:00,6,0,1.9127375276249205e-08
2025-10-06 05:00:00,6,0,6.894223355423201e-08
2025-10-06 06:00:00,6,0,2.5384413233328897e-08
2025-10-06 07:00:00,6,0,2.0345227596870572e-07
2025-10-06 08:00:00,6,0,1.6023457013985476e-06
2025-10-06 09:00:00,6,0,2.3492477356339016e-06
2025-10-06 10:00:00,6,0,0.004921328188365267
2025-10-06 11:00:00,6,0,0.12937984833838853
2025-10-06 12:00:00,6,0,0.9623482902555913
2025-10-06 13:00:00,6,0,0.9863584640241564
2025-10-06 14:00:00,6,0,0.9679771089466007
2025-10-06 15:00:00,6,0,0.3663677418502929
2025-10-06 16:00:00,6,0,0.0031565564958857626
2025-10-06 17:00:00,6,0,3.3486694957592534e-06
2025-10-06 18:00:00,6,0,4.020454310555625e-08
2025-10-06 19:00:00,6,0,2.2852911311562644e-10
2025-10-06 20:00:00,6,0,1.6626750773140975e-07
2025-10-06 21:00:00,6,0,3.611226451613535e-08
2025-10-06 22:00:00,6,0,1.651955213835976e-08
2025-10-06 23:00:00,6,0,7.45519989297915e-08
2025-10-07 00:00:00,6,0,1.644648543486498e-07
2025-10-07 01:00:00,6,0,1.0880181285412325e-07
2025-10-07 02:00:00,6,0,2.2850837233169482e-07
2025-10-07 03:00:00,6,0,1.2160867447077868e-07
2025-10-07 04:00:00,6,0,1.0285573012276814e-07
2025-10-07 05:00:00,6,0,1.794844598089228e-08
2025-10-07 06:00:00,6,0,5.8864531114551615e-08
2025-10-07 07:00:00,6,0,3.9890206736810325e-07
2025-10-07 08:00:00,6,0,1.214124542254126e-07
2025-10-07 09:00:00,6,0,6.412572803572788e-05
2025-10-07 10:00:00,6,0,0.0005445653566222463
2025-10-07 11:00:00,6,0,0.04076190314035283
2025-10-07 12:00:00,6,0,0.05061067164272392
2025-10-07 13:00:00,6,1,0.12186222367425169
2025-10-07 14:00:00,6,0,0.21401590391229824
2025-10-07 15:00:00,6,0,0.005070145115828435
2025-10-07 16:00:00,6,0,0.0016514721275766274
2025-10-07 17:00:00,6,0,5.031926501823642e-05
2025-10-07 18:00:00,6,0,2.126882755586233e-06
2025-10-07 19:00:00,6,0,5.232771899388439e-07
2025-10-07 20:00:00,6,0,1.967230260884717e-07
2025-10-07 21:00:00,6,0,8.37324531277246e-08
2025-10-07 22:00:00,6,0,1.7404747072619023e-07
2025-10-07 23:00:00,6,0,1.4608893354777107e-07
2025-10-08 00:00:00,6,0,5.994172829325236e-08
2025-10-08 01:00:00,6,0,7.771163395712699e-08
2025-10-08 02:00:00,6,0,1.5487637352717198e-08
2025-10-08 03:00:00,6,0,4.432213772091225e-08
2025-10-08 04:00:00,6,0,3.168307445923767e-08
2025-10-08 05:00:00,6,0,1.1419767825494844e-07
2025-10-08 06:00:00,6,0,1.6150929961308318e-07
2025-10-08 07:00:00,6,0,9.120368324564544e-07
2025-10-08 08:00:00,6,0,4.5400287247341185e-06
2025-10-08 09:00:00,6,0,5.6956210665460914e-05
2025-10-08 10:00:00,6,0,0.00045921783216413745
2025-10-08 11:00:00,6,0,0.015268231389582087
2025-10-08 12:00:00,6,1,0.023654752749343737
2025-10-08 13:00:00,6,1,0.7519087014736324
2025-10-08 14:00:00,6,1,0.5702051219188023
2025-10-08 15:00:00,6,1,0.10215180632176678
2025-10-08 16:00:00,6,0,0.002328318138977919
2025-10-08 17:00:00,6,0,1.3063761462565685e-05
2025-10-08 18:00:00,6,0,4.7882103565744484e-08
2025-10-08 19:00:00,6,0,3.920293661126611e-10
2025-10-08 20:00:00,6,0,1.1998949485866452e-10
2025-10-08 21:00:00,6,0,2.472470355952736e-12
2025-10-08 22:00:00,6,0,4.877300084441642e-13
2025-10-08 23:00:00,6,0,7.146927704440791e-12
2025-10-09 00:00:00,6,0,6.790982215814466e-12
2025-10-09 01:00:00,6,0,7.442313185957548e-12
2025-10-09 02:00:00,6,0,9.960146598876945e-11
2025-10-09 03:00:00,6,0,5.586380724091666e-10
2025-10-09 04:00:00,6,0,2.037548169602979e-10
2025-10-09 05:00:00,6,0,1.363915270808615e-10
2025-10-09 06:00:00,6,0,3.586497821096385e-11
2025-10-09 07:00:00,6,0,3.9700772017299256e-10
2025-10-09 08:00:00,6,0,2.379612309887131e-08
2025-10-09 09:00:00,6,0,1.8610062606565468e-06
2025-10-09 10:00:00,6,0,0.001492647693992648
2025-10-09 11:00:00,6,0,0.03516960221254343
2025-10-09 12:00:00,6,1,0.837160200837214
2025-10-09 13:00:00,6,1,0.9856059948976896
2025-10-09 14:00:00,6,1,0.8285071373615386
2025-10-09 15:00:00,6,1,0.2115743508051744
2025-10-09 16:00:00,6,0,0.0012867053374016671
2025-10-09 17:00:00,6,0,3.2545985264940925e-07
2025-10-09 18:00:00,6,0,8.130577246767115e-11
2025-10-09 19:00:00,6,0,4.128666662272276e-13
2025-10-09 20:00:00,6,0,2.0090556523030695e-13
2025-10-09 21:00:00,6,0,1.1970882884102764e-13
2025-10-09 22:00:00,6,0,7.6659390978272e-14
2025-10-09 23:00:00,6,0,3.427117563582145e-10
2025-10-10 00:00:00,6,0,6.110877985532861e-14
2025-10-10 01:00:00,6,0,1.55300612760628e-13
2025-10-10 02:00:00,6,0,1.004356079738905e-13
2025-10-10 03:00:00,6,0,1.7357756517767758e-13
2025-10-10 04:00:00,6,0,1.240703999906e-13
2025-10-10 05:00:00,6,0,2.699866197839622e-13
2025-10-10 06:00:00,6,0,2.7273688388111595e-13
2025-10-10 07:00:00,6,0,3.3886537728826214e-13
2025-10-10 08:00:00,6,0,1.4343353212010528e-11
2025-10-10 09:00:00,6,0,8.715506269696705e-08
2025-10-10 10:00:00,6,0,0.00045510995352780894
2025-10-10 11:00:00,6,0,0.38757535472650806
2025-10-10 12:00:00,6,1,0.9440373804041805
2025-10-10 13:00:00,6,1,0.9845429593534936
2025-10-10 14:00:00,6,1,0.9582222505989201
2025-10-10 15:00:00,6,1,0.5729429533559325
2025-10-10 16:00:00,6,0,0.004263501512700619
2025-10-10 17:00:00,6,0,6.696868239619563e-06
2025-10-10 18:00:00,6,0,6.784914717932345e-09
2025-10-10 19:00:00,6,0,1.0078794278644213e-10
2025-10-10 20:00:00,6,0,6.122395863920218e-11
2025-10-10 21:00:00,6,0,4.3162945732028375e-11
2025-10-10 22:00:00,6,0,1.1309896202620977e-12
2025-10-10 23:00:00,6,0,6.781687775726823e-13
2025-10-11 00:00:00,6,0,3.2866754419910424e-13
2025-10-11 01:00:00,6,0,1.458705865985301e-11
2025-10-11 02:00:00,6,0,5.075269810033467e-11
2025-10-11 03:00:00,6,0,3.9903951207395463e-10
2025-10-11 04:00:00,6,0,6.614683803316961e-10
2025-10-11 05:00:00,6,0,3.949217240476478e-09
2025-10-11 06:00:00,6,0,1.0386713596015923e-09
2025-10-11 07:00:00,6,0,1.90412091212671e-08
2025-10-11 08:00:00,6,0,3.547889410109672e-08
2025-10-11 09:00:00,6,0,2.52786406907786e-06
2025-10-11 10:00:00,6,0,0.0010824927503888845
2025-10-11 11:00:00,6,0,0.03150274509177464
2025-10-11 12:00:00,6,1,0.8033183591751755
2025-10-11 13:00:00,6,1,0.9452751324159264
2025-10-11 14:00:00,6,1,0.9670763386756299
2025-10-11 15:00:00,6,0,0.378834347329231
2025-10-11 16:00:00,6,0,0.001651512620959517
2025-10-11 17:00:00,6,0,4.66728225402401e-07
2025-10-11 18:00:00,6,0,2.4127613456951574e-10
2025-10-11 19:00:00,6,0,5.643395562766457e-13
2025-10-11 20:00:00,6,0,2.0090556523030695e-13
2025-10-11 21:00:00,6,0,1.1970882884102764e-13
2025-10-11 22:00:00,6,0,7.6659390978272e-14
2025-10-11 23:00:00,6,0,5.438765890492639e-14
2025-10-12 00:00:00,6,0,4.364886657007958e-14
2025-10-12 01:00:00,6,0,4.042505350201548e-14
2025-10-12 02:00:00,6,0,4.331989356963442e-14
2025-10-12 03:00:00,6,0,5.346090999422123e-14
2025-10-12 04:00:00,6,0,7.489834478573162e-14
2025-10-12 05:00:00,6,0,1.164167947439514e-13
2025-10-12 06:00:00,6,0,2.7273688388111595e-13
2025-10-12 07:00:00,6,0,5.613363422568229e-13
2025-10-12 08:00:00,6,0,1.2605116016097947e-11
2025-10-12 09:00:00,6,0,4.251705725866214e-07
2025-10-12 10:00:00,6,0,0.0007330060406370726
2025-10-12 11:00:00,6,0,0.3377412304699552
2025-10-12 12:00:00,6,1,0.9860231169116531
2025-10-12 13:00:00,6,1,0.9844810990445085
2025-10-12 14:00:00,6,1,0.9516938501123205
2025-10-12 15:00:00,6,1,0.07180717134323819
2025-10-12 16:00:00,6,0,0.000742077786566086
2025-10-12 17:00:00,6,0,5.398390924054721e-07
2025-10-12 18:00:00,6,0,7.672915963258104e-11
2025-10-12 19:00:00,6,0,6.303532230232944e-13
2025-10-12 20:00:00,6,0,3.93745207529346e-13
2025-10-12 21:00:00,6,0,2.3461160770273526e-13
2025-10-12 22:00:00,6,0,7.6659390978272e-14
2025-10-12 23:00:00,6,0,5.438765890492639e-14
2025-10-13 00:00:00,6,0,4.364886657007958e-14
2025-10-13 01:00:00,6,0,4.042505350201548e-14
2025-10-13 02:00:00,6,0,4.331989356963442e-14
2025-10-13 03:00:00,6,0,5.346090999422123e-14
2025-10-13 04:00:00,6,0,7.489834478573162e-14
2025-10-13 05:00:00,6,0,1.164167947439514e-13
2025-10-13 06:00:00,6,0,1.94810891028268e-13
2025-10-13 07:00:00,6,0,2.1564814481400454e-12
2025-10-13 08:00:00,6,0,2.1352843435646193e-10
2025-10-13 09:00:00,6,0,4.83917068635838e-07
2025-10-13 10:00:00,6,0,0.0009766425770024215
2025-10-13 11:00:00,6,0,0.14076535414313174
2025-10-13 12:00:00,6,1,0.8944854434751838
2025-10-13 13:00:00,6,0,0.992309730888518
2025-10-13 14:00:00,6,1,0.9781263000711089
2025-10-13 15:00:00,6,0,0.49151074334311406
2025-10-13 16:00:00,6,0,0.0009314022903254745
2025-10-13 17:00:00,6,0,2.982049391442402e-07
2025-10-13 18:00:00,6,0,4.518346120220313e-11
2025-10-13 19:00:00,6,0,3.7339059955264845e-13
2025-10-13 20:00:00,6,0,2.0090556523030695e-13
2025-10-13 21:00:00,6,0,1.1970882884102764e-13
2025-10-13 22:00:00,6,0,7.6659390978272e-14
2025-10-13 23:00:00,6,0,5.438765890492639e-14
2025-10-14 00:00:00,6,0,4.364886657007958e-14
2025-10-14 01:00:00,6,0,4.042505350201548e-14
2025-10-14 02:00:00,6,0,5.125694308363134e-14
2025-10-14 03:00:00,6,0,5.346090999422123e-14
2025-10-14 04:00:00,6,0,7.489834478573162e-14
2025-10-14 05:00:00,6,0,1.164167947439514e-13
2025-10-14 06:00:00,6,0,1.94810891028268e-13
2025-10-14 07:00:00,6,0,3.3886537728826214e-13
2025-10-14 08:00:00,6,0,1.1242698201917442e-11
2025-10-14 09:00:00,6,0,8.010990300429876e-08
2025-10-14 10:00:00,6,0,0.00018480651973399898
2025-10-14 11:00:00,6,0,0.2007003233674517
2025-10-14 12:00:00,6,1,0.9616546291409009
2025-10-14 13:00:00,6,1,0.9963271839000551
2025-10-14 14:00:00,6,1,0.9534063044541184
2025-10-14 15:00:00,6,0,0.23059041298936278
2025-10-14 16:00:00,6,0,0.0010046328365729128
2025-10-14 17:00:00,6,0,4.275333582946679e-06
2025-10-14 18:00:00,6,0,9.005205683308486e-09
2025-10-14 19:00:00,6,0,2.948836539835991e-10
2025-10-14 20:00:00,6,0,7.243973642546421e-11
2025-10-14 21:00:00,6,0,6.437014182689943e-13
2025-10-14 22:00:00,6,0,4.122148648024207e-13
2025-10-14 23:00:00,6,0,5.731680358403838e-13
2025-10-15 00:00:00,6,0,1.984087666935155e-13
2025-10-15 01:00:00,6,0,5.042320124460816e-13
2025-10-15 02:00:00,6,0,1.2531232731037612e-12
2025-10-15 03:00:00,6,0,5.346090999422123e-14
2025-10-15 04:00:00,6,0,2.877363870254332e-13
2025-10-15 05:00:00,6,0,4.71468513530461e-12
2025-10-15 06:00:00,6,0,5.0211184313347776e-11
2025-10-15 07:00:00,6,0,1.033425984626354e-10
2025-10-15 08:00:00,6,0,1.2786259698762186e-09
2025-10-15 09:00:00,6,0,4.503644145946479e-07
2025-10-15 10:00:00,6,0,0.00010275891890751079
2025-10-15 11:00:00,6,0,0.10777508597054584
2025-10-15 12:00:00,6,1,0.9485789889551167
2025-10-15 13:00:00,6,1,0.9837544827537669
2025-10-15 14:00:00,6,1,0.9418991675482696
2025-10-15 15:00:00,6,0,0.21993419357961183
2025-10-15 16:00:00,6,0,0.0051877220431126685
2025-10-15 17:00:00,6,0,1.7591541173525723e-06
2025-10-15 18:00:00,6,0,2.819008536183638e-09
2025-10-15 19:00:00,6,0,2.9391728871184505e-10
2025-10-15 20:00:00,6,0,1.6797866833895618e-10
2025-10-15 21:00:00,6,0,1.961598708476425e-10
2025-10-15 22:00:00,6,0,1.256172696717848e-10
2025-10-15 23:00:00,6,0,1.2492290284164164e-10
2025-10-16 00:00:00,6,0,1.003578434960019e-10
2025-10-16 01:00:00,6,0,7.442313185957548e-12
2025-10-16 02:00:00,6,0,3.859548925377472e-13
2025-10-16 03:00:00,6,0,2.875342305974461e-13
2025-10-16 04:00:00,6,0,1.240703999906e-13
2025-10-16 05:00:00,6,0,1.4520964008937472e-12
2025-10-16 06:00:00,6,0,9.841476334419842e-11
2025-10-16 07:00:00,6,0,2.396647218946726e-10
2025-10-16 08:00:00,6,0,1.1065537692392053e-09
2025-10-16 09:00:00,6,0,1.3246981906645935e-06
2025-10-16 10:00:00,6,0,0.00012200962137486988
2025-10-16 11:00:00,6,0,0.159473745285716
2025-10-16 12:00:00,6,1,0.8276036809262344
2025-10-16 13:00:00,6,1,0.9456928060632215
2025-10-16 14:00:00,6,1,0.8828854523252525
2025-10-16 15:00:00,6,0,0.16950510725344703
2025-10-16 16:00:00,6,0,0.0011214130011591593
2025-10-16 17:00:00,6,0,9.79079162726652e-06
2025-10-16 18:00:00,6,0,4.417189149715234e-05
2025-10-16 19:00:00,6,0,7.790915903210997e-11
2025-10-16 20:00:00,6,0,6.8732851814511325e-12
2025-10-16 21:00:00,6,0,9.49680937082963e-12
2025-10-16 22:00:00,6,0,6.827962605414355e-13
2025-10-16 23:00:00,6,0,1.261187063065543e-13
2025-10-17 00:00:00,6,0,4.364886657007958e-14
2025-10-17 01:00:00,6,0,7.923405568153387e-14
2025-10-17 02:00:00,6,0,1.4065158356612784e-13
2025-10-17 03:00:00,6,0,5.635738549205325e-13
2025-10-17 04:00:00,6,0,2.4318090217974516e-13
2025-10-17 05:00:00,6,0,1.6298449056057412e-13
2025-10-17 06:00:00,6,0,1.94810891028268e-13
2025-10-17 07:00:00,6,0,2.1564814481400454e-12
2025-10-17 08:00:00,6,0,6.069672675424253e-11
2025-10-17 09:00:00,6,0,6.145304371748716e-08
2025-10-17 10:00:00,6,0,0.0004221812011824652
2025-10-17 11:00:00,6,0,0.08240427729333946
2025-10-17 12:00:00,6,1,0.7801048722858266
2025-10-17 13:00:00,6,1,0.9632891991929222
2025-10-17 14:00:00,6,1,0.8746146822813375
2025-10-17 15:00:00,6,0,0.17034809694438943
2025-10-17 16:00:00,6,0,0.0006618631916174259
2025-10-17 17:00:00,6,0,1.1968085836782627e-06
2025-10-17 18:00:00,6,0,1.1712420008872854e-10
2025-10-17 19:00:00,6,0,2.275012815020935e-12
2025-10-17 20:00:00,6,0,2.5051249552353115e-12
2025-10-17 21:00:00,6,0,3.648006653021061e-11
2025-10-17 22:00:00,6,0,3.869556284009093e-11
2025-10-17 23:00:00,6,0,8.912188224483562e-11
2025-10-18 00:00:00,6,0,2.327222435185453e-10
2025-10-18 01:00:00,6,0,4.998067325141291e-10
2025-10-18 02:00:00,6,0,7.902343698974088e-09
2025-10-18 03:00:00,6,0,1.0948630263963127e-09
2025-10-18 04:00:00,6,0,5.590514444459344e-10
2025-10-18 05:00:00,6,0,2.2622295584057898e-10
2025-10-18 06:00:00,6,0,3.1953238457070687e-10
2025-10-18 07:00:00,6,0,1.5269851264257988e-09
2025-10-18 08:00:00,6,0,2.2148384406148206e-08
2025-10-18 09:00:00,6,0,1.1062590755037946e-05
2025-10-18 10:00:00,6,0,0.0002206963218960402
2025-10-18 11:00:00,6,0,0.06833047489053062
2025-10-18 12:00:00,6,0,0.24816538939541527
2025-10-18 13:00:00,6,1,0.5583426032796766
2025-10-18 14:00:00,6,1,0.4820243359364244
2025-10-18 15:00:00,6,0,0.05639172856429399
2025-10-18 16:00:00,6,0,0.001085416366758476
2025-10-18 17:00:00,6,0,3.830998538370176e-06
2025-10-18 18:00:00,6,0,5.9588967199772216e-09
2025-10-18 19:00:00,6,0,1.2727249475393922e-10
2025-10-18 20:00:00,6,0,7.243973642546421e-11
2025-10-18 21:00:00,6,0,1.8612342431948235e-11
2025-10-18 22:00:00,6,0,2.0833147534508556e-10
2025-10-18 23:00:00,6,0,1.4780526007734207e-10
2025-10-19 00:00:00,6,0,1.6623530525454698e-10
2025-10-19 01:00:00,6,0,4.002740270763062e-11
2025-10-19 02:00:00,6,0,1.563163864722363e-11
2025-10-19 03:00:00,6,0,3.554356564963186e-09
2025-10-19 04:00:00,6,0,2.4108222974337793e-10
2025-10-19 05:00:00,6,0,4.9704729054978924e-11
2025-10-19 06:00:00,6,0,5.299670846391688e-10
2025-10-19 07:00:00,6,0,1.0907373307621849e-09
2025-10-19 08:00:00,6,0,1.5846862881723405e-08
2025-10-19 09:00:00,6,0,3.6039057071886922e-06
2025-10-19 10:00:00,6,0,0.000416662645384349
2025-10-19 11:00:00,6,0,0.022875936318721958
2025-10-19 12:00:00,6,1,0.5142466197747914
2025-10-19 13:00:00,6,1,0.8177082891127846
2025-10-19 14:00:00,6,1,0.7153225426900002
2025-10-19 15:00:00,6,0,0.040679094137338896
2025-10-19 16:00:00,6,0,0.0026858855854602604
2025-10-19 17:00:00,6,0,1.6748746094283847e-06
2025-10-19 18:00:00,6,0,1.0043458536016417e-09
2025-10-19 19:00:00,6,0,2.0892468041733994e-10
2025-10-19 20:00:00,6,0,2.231285599536872e-11
2025-10-19 21:00:00,6,0,5.733373506996558e-12
2025-10-19 22:00:00,6,0,5.139975806788705e-12
2025-10-19 23:00:00,6,0,5.10514089060633e-12
2025-10-20 00:00:00,6,0,1.3311443405056045e-11
2025-10-20 01:00:00,6,0,1.7259677487557208e-11
2025-10-20 02:00:00,6,0,1.178482249645113e-10
2025-10-20 03:00:00,6,0,1.7024688068632427e-07
2025-10-20 04:00:00,6,0,8.693030100046446e-08
2025-10-20 05:00:00,6,0,1.4393523989566894e-09
2025-10-20 06:00:00,6,0,5.299670846391688e-10
2025-10-20 07:00:00,6,0,9.715502484681645e-09
2025-10-20 08:00:00,6,0,1.3153033519253245e-07
2025-10-20 09:00:00,6,0,0.0001433052102236363
2025-10-20 10:00:00,6,0,0.0009738277230958379
2025-10-20 11:00:00,6,0,0.002099597429149524
2025-10-20 12:00:00,6,0,0.07161983632749064
2025-10-20 13:00:00,6,0,0.6708571965489266
2025-10-20 14:00:00,6,0,0.3522770584859357
2025-10-20 15:00:00,6,0,0.06392613510783525
2025-10-20 16:00:00,6,0,0.0029411100616794556
2025-10-20 17:00:00,6,0,0.00036802199735633777
2025-10-20 18:00:00,6,0,7.629285903971705e-09
2025-10-20 19:00:00,6,0,7.614774018271068e-11
2025-10-20 20:00:00,6,0,1.987511217797179e-10
2025-10-20 21:00:00,6,0,7.149529126774945e-11
2025-10-20 22:00:00,6,0,1.4103549945206318e-11
2025-10-20 23:00:00,6,0,5.438765890492639e-14
2025-10-21 00:00:00,6,0,8.555280512064351e-14
2025-10-21 01:00:00,6,0,4.042505350201548e-14
2025-10-21 02:00:00,6,0,7.1760150883318e-14
2025-10-21 03:00:00,6,0,5.346090999422123e-14
2025-10-21 04:00:00,6,0,7.489834478573162e-14
2025-10-21 05:00:00,6,0,1.164167947439514e-13
2025-10-21 06:00:00,6,0,2.3043465753562777e-13
2025-10-21 07:00:00,6,0,3.3886537728826214e-13
2025-10-21 08:00:00,6,0,5.47084124884165e-12
2025-10-21 09:00:00,6,0,1.250134226268346e-08
2025-10-21 10:00:00,6,0,0.00015996529767965315
2025-10-21 11:00:00,6,0,0.08156898718164758
2025-10-21 12:00:00,6,1,0.2713543686415175
2025-10-21 13:00:00,6,1,0.49474504803764346
2025-10-21 14:00:00,6,1,0.5846041406111019
2025-10-21 15:00:00,6,0,0.00847793281135543
2025-10-21 16:00:00,6,0,0.00012631550423638748
2025-10-21 17:00:00,6,0,6.703089703234343e-05
2025-10-21 18:00:00,6,0,3.6409376174014894e-05
2025-10-21 19:00:00,6,0,3.4981504891719845e-13
2025-10-21 20:00:00,6,0,2.0090556523030695e-13
2025-10-21 21:00:00,6,0,1.1970882884102764e-13
2025-10-21 22:00:00,6,0,7.6659390978272e-14
2025-10-21 23:00:00,6,0,5.438765890492639e-14
2025-10-22 00:00:00,6,0,4.364886657007958e-14
2025-10-22 01:00:00,6,0,4.042505350201548e-14
2025-10-22 02:00:00,6,0,4.331989356963442e-14
2025-10-22 03:00:00,6,0,5.346090999422123e-14
2025-10-22 04:00:00,6,0,7.489834478573162e-14
2025-10-22 05:00:00,6,0,1.9284642846014993e-13
2025-10-22 06:00:00,6,0,7.484034807180227e-13
2025-10-22 07:00:00,6,0,9.298633329252158e-13
2025-10-22 08:00:00,6,0,1.9000828893918467e-11
2025-10-22 09:00:00,6,0,9.394613621180077e-06
2025-10-22 10:00:00,6,0,0.008508426775196445
2025-10-22 11:00:00,6,0,0.1416387891301207
2025-10-22 12:00:00,6,1,0.39925844270919436
2025-10-22 13:00:00,6,1,0.8466595599416429
2025-10-22 14:00:00,6,0,0.6363672820109245
2025-10-22 15:00:00,6,0,0.13939343943550186
2025-10-22 16:00:00,6,0,0.01160872703091472
2025-10-22 17:00:00,6,0,0.0005363349211121373
2025-10-22 18:00:00,6,0,3.005387632091814e-05
2025-10-22 19:00:00,6,0,7.0722814882335336e-06
2025-10-22 20:00:00,6,0,4.06176061270191e-06
2025-10-22 21:00:00,6,0,2.4201888265471287e-06
2025-10-22 22:00:00,6,0,1.5498469475212348e-06
2025-10-22 23:00:00,6,0,1.0995728509677989e-06
2025-10-23 00:00:00,6,0,8.84394312715365e-07
2025-10-23 01:00:00,6,0,8.190748707364172e-07
2025-10-23 02:00:00,6,0,8.777288109939096e-07
2025-10-23 03:00:00,6,0,1.0832014452392151e-06
2025-10-23 04:00:00,6,0,3.365769753573942e-10
2025-10-23 05:00:00,6,0,2.9946981370005584e-11
2025-10-23 06:00:00,6,0,1.627329704917647e-10
2025-10-23 07:00:00,6,0,2.021806296093934e-10
2025-10-23 08:00:00,6,0,3.891683113780263e-10
2025-10-23 09:00:00,6,0,1.2567739428083262e-08
2025-10-23 10:00:00,6,0,8.033870913658846e-05
2025-10-23 11:00:00,6,0,0.07514500856339525
2025-10-23 12:00:00,6,1,0.6337091449414975
2025-10-23 13:00:00,6,1,0.8717701845556594
2025-10-23 14:00:00,6,1,0.46388426307565567
2025-10-23 15:00:00,6,0,0.06767612526676396
2025-10-23 16:00:00,6,0,0.0008823898917437088
2025-10-23 17:00:00,6,0,2.30459139224182e-06
2025-10-23 18:00:00,6,0,6.15826914619239e-10
2025-10-23 19:00:00,6,0,7.223234271596362e-12
2025-10-23 20:00:00,6,0,1.7889591849236715e-12
2025-10-23 21:00:00,6,0,9.494563177195077e-12
2025-10-23 22:00:00,6,0,4.343104435615409e-12
2025-10-23 23:00:00,6,0,1.1836488751946928e-11
2025-10-24 00:00:00,6,0,2.6085289263900273e-11
2025-10-24 01:00:00,6,0,1.4583947293530882e-11
2025-10-24 02:00:00,6,0,9.436472235215413e-12
2025-10-24 03:00:00,6,0,4.4657937981075745e-11
2025-10-24 04:00:00,6,0,5.287611677856956e-11
2025-10-24 05:00:00,6,0,4.961100348278933e-11
2025-10-24 06:00:00,6,0,8.7785106769975e-10
2025-10-24 07:00:00,6,0,1.2905578952422896e-09
2025-10-24 08:00:00,6,0,9.010845497254803e-09
2025-10-24 09:00:00,6,0,8.912487186660533e-06
2025-10-24 10:00:00,6,0,0.00044191774013065506
2025-10-24 11:00:00,6,0,0.029694032838202433
2025-10-24 12:00:00,6,1,0.4358806465946874
2025-10-24 13:00:00,6,1,0.7443480209560313
2025-10-24 14:00:00,6,1,0.20794970713878547
2025-10-24 15:00:00,6,0,0.03550205230132985
2025-10-24 16:00:00,6,0,0.0007337326290024113
2025-10-24 17:00:00,6,0,9.453209419866892e-06
2025-10-24 18:00:00,6,0,8.527798439986447e-08
2025-10-24 19:00:00,6,0,1.658979387174575e-08
2025-10-24 20:00:00,6,0,4.861868220443993e-09
2025-10-24 21:00:00,6,0,2.896925981742444e-09
2025-10-24 22:00:00,6,0,5.71533675456912e-10
2025-10-24 23:00:00,6,0,2.8965510037406596e-10
2025-10-25 00:00:00,6,0,3.4336413630242823e-09
2025-10-25 01:00:00,6,0,1.3011985865272307e-10
2025-10-25 02:00:00,6,0,8.871781230770816e-10
2025-10-25 03:00:00,6,0,1.0388608541317903e-10
2025-10-25 04:00:00,6,0,6.614683803316961e-10
2025-10-25 05:00:00,6,0,1.7030384401465516e-09
2025-10-25 06:00:00,6,0,1.1536735188593503e-07
2025-10-25 07:00:00,6,0,1.3601283572388385e-08
2025-10-25 08:00:00,6,0,6.3462971229708765e-09
2025-10-25 09:00:00,6,0,1.1443358588186076e-06
2025-10-25 10:00:00,6,0,0.00012538670978545657
2025-10-25 11:00:00,6,0,0.051112326643608305
2025-10-25 12:00:00,6,0,0.6785317464648921
2025-10-25 13:00:00,6,1,0.6379794717903018
2025-10-25 14:00:00,6,1,0.6975877037746784
2025-10-25 15:00:00,6,0,0.07166044506943793
2025-10-25 16:00:00,6,0,0.00047722008865034253
2025-10-25 17:00:00,6,0,1.2719362947126234e-06
2025-10-25 18:00:00,6,0,5.648949636605754e-09
2025-10-25 19:00:00,6,0,2.9248301811535e-10
2025-10-25 20:00:00,6,0,4.614595829734231e-10
2025-10-25 21:00:00,6,0,1.657886184060664e-10
2025-10-25 22:00:00,6,0,1.1309896202620977e-12
2025-10-25 23:00:00,6,0,1.9610346142288698e-11
2025-10-26 00:00:00,6,0,1.493979734662002e-12
2025-10-26 01:00:00,6,0,5.042320124460816e-13
2025-10-26 02:00:00,6,0,6.393409364715326e-13
2025-10-26 03:00:00,6,0,7.029600567200276e-12
2025-10-26 04:00:00,6,0,2.166599481990817e-12
2025-10-26 05:00:00,6,0,2.4054227339608153e-12
2025-10-26 06:00:00,6,0,2.1649217993428776e-11
2025-10-26 07:00:00,6,0,3.18266448711614e-11
2025-10-26 08:00:00,6,0,8.046489793148787e-11
2025-10-26 09:00:00,6,0,1.534411279718493e-07
2025-10-26 10:00:00,6,0,2.646990038116549e-05
2025-10-26 11:00:00,6,0,0.018179300610139188
2025-10-26 12:00:00,6,1,0.28755893943861116
2025-10-26 13:00:00,6,1,0.8207858498340962
2025-10-26 14:00:00,6,1,0.6277681137744483
2025-10-26 15:00:00,6,0,0.05335098545735456
2025-10-26 16:00:00,6,0,0.00014913557333099897
2025-10-26 17:00:00,6,0,6.992505981561386e-08
2025-10-26 18:00:00,6,0,2.4421416145473516e-11
2025-10-26 19:00:00,6,0,3.4981504891719845e-13
2025-10-26 20:00:00,6,0,2.0090556523030695e-13
2025-10-26 21:00:00,6,0,2.3461160770273526e-13
2025-10-26 22:00:00,6,0,7.6659390978272e-14
2025-10-26 23:00:00,6,0,5.438765890492639e-14
2025-10-27 00:00:00,6,0,4.364886657007958e-14
2025-10-27 01:00:00,6,0,4.042505350201548e-14
2025-10-27 02:00:00,6,0,4.331989356963442e-14
2025-10-27 03:00:00,6,0,5.346090999422123e-14
2025-10-27 04:00:00,6,0,7.489834478573162e-14
2025-10-27 05:00:00,6,0,1.9284642846014993e-13
2025-10-27 06:00:00,6,0,2.0536561171335153e-12
2025-10-27 07:00:00,6,0,1.623788925935548e-11
2025-10-27 08:00:00,6,0,6.122322157613028e-11
2025-10-27 09:00:00,6,0,8.562388152249708e-08
2025-10-27 10:00:00,6,0,6.482349945909348e-05
2025-10-27 11:00:00,6,0,0.013551134954079848
2025-10-27 12:00:00,6,1,0.48634729436663887
2025-10-27 13:00:00,6,1,0.8281898463253398
2025-10-27 14:00:00,6,1,0.6347174373549301
2025-10-27 15:00:00,6,0,0.0341854500491127
2025-10-27 16:00:00,6,0,0.0004901359193947051
2025-10-27 17:00:00,6,0,4.408017856706773e-06
2025-10-27 18:00:00,6,0,2.8688013722891364e-05
2025-10-27 19:00:00,6,0,7.0722814882335336e-06
2025-10-27 20:00:00,6,0,4.06176061270191e-06
2025-10-27 21:00:00,6,0,2.4201888265471287e-06
2025-10-27 22:00:00,6,0,1.5498469475212348e-06
2025-10-27 23:00:00,6,0,1.0995728509677989e-06
2025-10-28 00:00:00,6,0,8.84394312715365e-07
2025-10-28 01:00:00,6,0,1.0997304948793378e-10
2025-10-28 02:00:00,6,0,8.777288109939096e-07
2025-10-28 03:00:00,6,0,8.76875618481349e-11
2025-10-28 04:00:00,6,0,2.037548169602979e-10
2025-10-28 05:00:00,6,0,1.1527163283940035e-10
2025-10-28 06:00:00,6,0,9.251736320494246e-09
2025-10-28 07:00:00,6,0,1.90412091212671e-08
2025-10-28 08:00:00,6,0,1.3842340602193041e-08
2025-10-28 09:00:00,6,0,1.9866138396133354e-06
2025-10-28 10:00:00,6,0,0.00010296629196560908
2025-10-28 11:00:00,6,0,0.014118953790065846
2025-10-28 12:00:00,6,1,0.46310182593446936
2025-10-28 13:00:00,6,1,0.7776751109901496
2025-10-28 14:00:00,6,1,0.5972732804468837
2025-10-28 15:00:00,6,0,0.0658021470551455
2025-10-28 16:00:00,6,0,0.0004858109472574596
2025-10-28 17:00:00,6,0,1.319486631792729e-06
2025-10-28 18:00:00,6,0,2.8566383898945934e-09
2025-10-28 19:00:00,6,0,2.6333490562223346e-12
2025-10-28 20:00:00,6,0,1.7889591849236715e-12
2025-10-28 21:00:00,6,0,1.3291955767023424e-11
2025-10-28 22:00:00,6,0,2.3356138406059687e-11
2025-10-28 23:00:00,6,0,6.040370259028345e-12
2025-10-29 00:00:00,6,0,2.347611229781833e-13
2025-10-29 01:00:00,6,0,4.783171184792564e-14
2025-10-29 02:00:00,6,0,5.125694308363134e-14
2025-10-29 03:00:00,6,0,5.346090999422123e-14
2025-10-29 04:00:00,6,0,7.489834478573162e-14
2025-10-29 05:00:00,6,0,1.164167947439514e-13
2025-10-29 06:00:00,6,0,1.94810891028268e-13
2025-10-29 07:00:00,6,0,3.3886537728826214e-13
2025-10-29 08:00:00,6,0,3.3195025368046513e-12
2025-10-29 09:00:00,6,0,6.4822048367205125e-09
2025-10-29 10:00:00,6,0,1.932160145829084e-05
2025-10-29 11:00:00,6,0,0.020371191375472948
2025-10-29 12:00:00,6,1,0.6820517412831424
2025-10-29 13:00:00,6,1,0.9092513196707358
2025-10-29 14:00:00,6,1,0.6936610029949917
2025-10-29 15:00:00,6,0,0.027110145073266197
2025-10-29 16:00:00,6,0,0.0005535614804200341
2025-10-29 17:00:00,6,0,5.132311040617648e-07
2025-10-29 18:00:00,6,0,4.922935957423758e-11
2025-10-29 19:00:00,6,0,3.4981504891719845e-13
2025-10-29 20:00:00,6,0,3.327817125832831e-13
2025-10-29 21:00:00,6,0,1.329503170440313e-11
2025-10-29 22:00:00,6,0,4.877300084441642e-13
2025-10-29 23:00:00,6,0,5.438765890492639e-14
2025-10-30 00:00:00,6,0,4.364886657007958e-14
2025-10-30 01:00:00,6,0,4.042505350201548e-14
2025-10-30 02:00:00,6,0,4.331989356963442e-14
2025-10-30 03:00:00,6,0,5.346090999422123e-14
2025-10-30 04:00:00,6,0,7.489834478573162e-14
2025-10-30 05:00:00,6,0,1.164167947439514e-13
2025-10-30 06:00:00,6,0,1.94810891028268e-13
2025-10-30 07:00:00,6,0,3.3886537728826214e-13
2025-10-30 08:00:00,6,0,3.03358806469713e-12
2025-10-30 09:00:00,6,0,5.4332952802978585e-09
2025-10-30 10:00:00,6,0,2.8319113221380365e-05
2025-10-30 11:00:00,6,0,0.026603458221365298
2025-10-30 12:00:00,6,1,0.6527162119112682
2025-10-30 13:00:00,6,1,0.9000330945612227
2025-10-30 14:00:00,6,1,0.7142854818301639
2025-10-30 15:00:00,6,0,0.03827694887048488
2025-10-30 16:00:00,6,0,8.487077593849715e-05
2025-10-30 17:00:00,6,0,1.641259543443853e-08
2025-10-30 18:00:00,6,0,5.410613952768032e-12
2025-10-30 19:00:00,6,0,3.4981504891719845e-13
2025-10-30 20:00:00,6,0,2.964047927179353e-12
2025-10-30 21:00:00,6,0,1.1970882884102764e-13
2025-10-30 22:00:00,6,0,5.770790465088153e-13
2025-10-30 23:00:00,6,0,1.0995728509677989e-06
2025-10-31 00:00:00,6,0,8.84394312715365e-07
2025-10-31 01:00:00,6,0,4.179213099945668e-07
2025-10-31 02:00:00,6,0,2.329917741477847e-13
2025-10-31 03:00:00,6,0,3.554356564963186e-09
2025-10-31 04:00:00,6,0,1.5175566612582232e-06
2025-10-31 05:00:00,6,0,2.358782884088351e-06
2025-10-31 06:00:00,6,0,3.1953238457070687e-10
2025-10-31 07:00:00,6,0,5.802841621775934e-06
2025-10-31 08:00:00,6,0,2.0722001082451277e-05
2025-10-31 09:00:00,6,0,1.8475533953362263e-08
2025-10-31 10:00:00,6,0,0.00014080974042207382
2025-10-31 11:00:00,6,0,0.027844284779265052
2025-10-31 12:00:00,6,1,0.5074196028313744
2025-10-31 13:00:00,6,1,0.2234887323584049
2025-10-31 14:00:00,6,1,0.409561810729907
2025-10-31 15:00:00,6,0,0.16173786718243485
2025-10-31 16:00:00,6,0,0.0014659304983273922
2025-10-31 17:00:00,6,0,2.5982816925203713e-07
2025-10-31 18:00:00,6,0,2.0142136574295232e-10
2025-10-31 19:00:00,6,0,9.506661121976524e-10
2025-10-31 20:00:00,6,0,4.06176061270191e-06
2025-10-31 21:00:00,6,0,2.4201888265471287e-06
2025-10-31 22:00:00,6,0,1.5498469475212348e-06
2025-10-31 23:00:00,6,0,1.3291105488245288e-12
2025-11-01 00:00:00,6,0,1.9281095327464925e-07
2025-11-01 01:00:00,6,0,4.899515034559496e-07
2025-11-01 02:00:00,6,0,5.250369362717038e-07
2025-11-01 03:00:00,6,0,1.1539389233810905e-11
2025-11-01 04:00:00,6,0,6.272377833964452e-14
2025-11-01 05:00:00,6,0,5.24359132809347e-13
2025-11-01 06:00:00,6,0,1.6865552566853623e-06
2025-11-01 07:00:00,6,0,4.107032301831876e-06
2025-11-01 08:00:00,6,0,1.1199146844842607e-05
2025-11-01 09:00:00,6,0,4.6259380587122085e-05
2025-11-01 10:00:00,6,0,0.0005634023852174341
2025-11-01 11:00:00,6,0,0.03206664487491018
2025-11-01 12:00:00,6,0,0.3312953485285824
2025-11-01 13:00:00,6,0,0.09783504989916403
2025-11-01 14:00:00,6,0,0.10853575401903537
2025-11-01 15:00:00,6,0,0.02139569249015016
2025-11-01 16:00:00,6,0,0.000148343595550855
2025-11-01 17:00:00,6,0,7.833656706897187e-05
2025-11-01 18:00:00,6,0,1.2961356211021134e-05
2025-11-01 19:00:00,6,0,9.309605582567894e-07
2025-11-01 20:00:00,6,0,2.4295430616904034e-06
2025-11-01 21:00:00,6,0,1.4476355584119627e-06
2025-11-01 22:00:00,6,0,9.270826052307101e-07
2025-11-01 23:00:00,6,0,2.6924348002636488e-08
2025-11-02 00:00:00,6,0,1.114532844106586e-11
2025-11-02 01:00:00,6,0,2.9892507604134765e-10
2025-11-02 02:00:00,6,0,9.952137959689117e-14
2025-11-02 03:00:00,6,0,6.479164226233031e-07
2025-11-02 04:00:00,6,0,5.480279916324702e-07
2025-11-02 05:00:00,6,0,1.4109055689639112e-06
2025-11-02 06:00:00,6,0,2.3609953401425425e-06
2025-11-02 07:00:00,6,0,4.106845236953564e-06
2025-11-02 08:00:00,6,0,1.0534087416434613e-05
2025-11-02 09:00:00,6,0,3.5857341552927636e-05
2025-11-02 10:00:00,6,0,0.0012525799755853779
2025-11-02 11:00:00,6,0,0.011360752487460199
2025-11-02 12:00:00,6,0,0.25240977837755696
2025-11-02 13:00:00,6,0,0.16943755780335082
2025-11-02 14:00:00,6,0,0.0017450562697467096
2025-11-02 15:00:00,6,0,0.003040727305669611
2025-11-02 16:00:00,6,0,0.0016790837770054854
2025-11-02 17:00:00,6,0,0.00013244004060974368
2025-11-02 18:00:00,6,0,1.0965321917721264e-05
2025-11-02 19:00:00,6,0,4.230484633933517e-06
2025-11-02 20:00:00,6,0,2.429653726425343e-06
2025-11-02 21:00:00,6,0,1.4477014977094373e-06
2025-11-02 22:00:00,6,0,9.27040378841077e-07
2025-11-02 23:00:00,6,0,6.654158022841474e-10
2025-11-03 00:00:00,6,0,2.0559040212365606e-09
2025-11-03 01:00:00,6,0,2.9822363177622206e-10
2025-11-03 02:00:00,6,0,1.164471634687235e-10
2025-11-03 03:00:00,6,0,3.4333328143650034e-13
2025-11-03 04:00:00,6,0,1.6403878849087123e-11
2025-11-03 05:00:00,6,0,2.966988336300119e-11
2025-11-03 06:00:00,6,0,1.292025418865976e-11
2025-11-03 07:00:00,6,0,2.0208940672797119e-13
2025-11-03 08:00:00,6,0,1.1020000491849118e-12
2025-11-03 09:00:00,6,0,1.4264440088541302e-09
2025-11-03 10:00:00,6,0,7.1456663080082325e-06
2025-11-03 11:00:00,6,0,0.0038580970551959793
2025-11-03 12:00:00,6,0,0.22204217589198255
2025-11-03 13:00:00,6,1,0.1557223678489816
2025-11-03 14:00:00,6,0,0.021898696658882024
2025-11-03 15:00:00,6,0,0.007896657940823079
2025-11-03 16:00:00,6,0,1.4234731911228098e-05
2025-11-03 17:00:00,6,0,4.6384451797490275e-09
2025-11-03 18:00:00,6,0,5.217008816766533e-12
2025-11-03 19:00:00,6,0,3.651775755849715e-12
2025-11-03 20:00:00,6,0,1.2014050147800433e-13
2025-11-03 21:00:00,6,0,1.9456551349564083e-10
2025-11-03 22:00:00,6,0,6.024407898235525e-12
2025-11-03 23:00:00,6,0,7.950427007307119e-13
2025-11-04 00:00:00,6,0,2.9015583021412166e-12
2025-11-04 01:00:00,6,0,6.578329421403091e-11
2025-11-04 02:00:00,6,0,6.335163457231463e-13
2025-11-04 03:00:00,6,0,4.20494188761096e-12
2025-11-04 04:00:00,6,0,2.018873833244682e-10
2025-11-04 05:00:00,6,0,1.3532125672623543e-10
2025-11-04 06:00:00,6,0,1.217690073772573e-09
2025-11-04 07:00:00,6,0,2.374806899144806e-10
2025-11-04 08:00:00,6,0,2.9425082143574195e-12
2025-11-04 09:00:00,6,0,1.529667768913816e-07
2025-11-04 10:00:00,6,0,8.042586934568774e-05
2025-11-04 11:00:00,6,0,0.0049790711270372295
2025-11-04 12:00:00,6,0,0.011106739950505103
2025-11-04 13:00:00,6,0,0.08853544985755753
2025-11-04 14:00:00,6,0,0.032287466765746675
2025-11-04 15:00:00,6,0,0.006495123654371887
2025-11-04 16:00:00,6,0,5.5471770674807904e-05
2025-11-04 17:00:00,6,0,3.2222344102072576e-07
2025-11-04 18:00:00,6,0,1.8715298948987445e-09
2025-11-04 19:00:00,6,0,5.063829266713569e-09
2025-11-04 20:00:00,6,0,2.429653726425343e-06
2025-11-04 21:00:00,6,0,1.4477014977094373e-06
2025-11-04 22:00:00,6,0,9.270826052307101e-07
2025-11-04 23:00:00,6,0,6.577389338390135e-07
2025-11-05 00:00:00,6,0,5.290240856080139e-07
2025-11-05 01:00:00,6,0,4.899515034559496e-07
2025-11-05 02:00:00,6,0,5.250369362717038e-07
2025-11-05 03:00:00,6,0,6.47945935015179e-07
2025-11-05 04:00:00,6,0,9.07767290892882e-07
2025-11-05 05:00:00,6,0,4.629878917939873e-09
2025-11-05 06:00:00,6,0,1.3652567629993223e-10
2025-11-05 07:00:00,6,0,8.135968293573089e-09
2025-11-05 08:00:00,6,0,6.938858397772502e-10
2025-11-05 09:00:00,6,0,2.5768156797884363e-08
2025-11-05 10:00:00,6,0,5.065830713900096e-05
2025-11-05 11:00:00,6,0,0.005144648281548982
2025-11-05 12:00:00,6,0,0.06287068681817022
2025-11-05 13:00:00,6,1,0.08655845547727632
2025-11-05 14:00:00,6,0,0.034051717248904184
2025-11-05 15:00:00,6,0,0.00969309120260421
2025-11-05 16:00:00,6,0,0.00025545011204615784
2025-11-05 17:00:00,6,0,5.785956294159889e-06
2025-11-05 18:00:00,6,0,5.4915078527063245e-08
2025-11-05 19:00:00,6,0,1.9378995115748077e-08
2025-11-05 20:00:00,6,0,1.321321195008401e-08
2025-11-05 21:00:00,6,0,3.395454404142379e-09
2025-11-05 22:00:00,6,0,1.3127748743312124e-09
2025-11-05 23:00:00,6,0,4.016803061243296e-10
2025-11-06 00:00:00,6,0,5.0736833052560915e-11
2025-11-06 01:00:00,6,0,3.3520975921816716e-11
2025-11-06 02:00:00,6,0,1.934177312015109e-10
2025-11-06 03:00:00,6,0,2.816941483843224e-10
2025-11-06 04:00:00,6,0,1.4377577240833945e-10
2025-11-06 05:00:00,6,0,1.596456999490984e-10
2025-11-06 06:00:00,6,0,4.965979886999227e-11
2025-11-06 07:00:00,6,0,1.4310139942212228e-10
2025-11-06 08:00:00,6,0,1.6829922727318333e-10
2025-11-06 09:00:00,6,0,1.5534127671585664e-09
2025-11-06 10:00:00,6,0,0.005413477228115203
2025-11-06 11:00:00,6,0,0.024947820697389936
2025-11-06 12:00:00,6,0,0.02932952892913418
2025-11-06 13:00:00,6,0,0.27731945018922205
2025-11-06 14:00:00,6,0,0.19486728773096915
2025-11-06 15:00:00,6,0,0.03341549071257055
2025-11-06 16:00:00,6,0,4.23738191667014e-05
2025-11-06 17:00:00,6,0,2.074790450833483e-07
2025-11-06 18:00:00,6,0,6.184269566198096e-12
2025-11-06 19:00:00,6,0,3.466053993114426e-13
2025-11-06 20:00:00,6,0,1.6824143880074176e-13
2025-11-06 21:00:00,6,0,2.324589814606681e-13
2025-11-06 22:00:00,6,0,1.3259015630443763e-12
2025-11-06 23:00:00,6,0,1.3169155927692044e-12
2025-11-07 00:00:00,6,0,1.9660120237069855e-13
2025-11-07 01:00:00,6,0,1.3005682887486756e-13
2025-11-07 02:00:00,6,0,1.3937020478111392e-13
2025-11-07 03:00:00,6,0,3.7838247833342424e-14
2025-11-07 04:00:00,6,0,6.272377833964452e-14
2025-11-07 05:00:00,6,0,9.749349267225226e-14
2025-11-07 06:00:00,6,0,2.7025216776178516e-13
2025-11-07 07:00:00,6,0,9.213919946184412e-13
2025-11-07 08:00:00,6,0,5.775873024619085e-12
2025-11-07 09:00:00,6,0,1.6519570949874837e-09
2025-11-07 10:00:00,6,0,3.213209314636136e-06
2025-11-07 11:00:00,6,0,0.0014464862700866513
2025-11-07 12:00:00,6,0,0.1689210425311807
2025-11-07 13:00:00,6,0,0.4826831899070467
2025-11-07 14:00:00,6,0,0.1589368148955235
2025-11-07 15:00:00,6,0,0.07470159362372462
2025-11-07 16:00:00,6,0,1.6606141607961797e-05
2025-11-07 17:00:00,6,0,1.736245328592432e-08
2025-11-07 18:00:00,6,0,1.4375235035684037e-11
2025-11-07 19:00:00,6,0,2.2052073747968187e-12
2025-11-07 20:00:00,6,0,4.616022788816327e-13
2025-11-07 21:00:00,6,0,8.472495759302938e-14
2025-11-07 22:00:00,6,0,8.987068006564409e-14
2025-11-07 23:00:00,6,0,3.8493335361448766e-14
2025-11-08 00:00:00,6,0,5.117567782328283e-14
2025-11-08 01:00:00,6,0,5.607981300809932e-14
2025-11-08 02:00:00,6,0,5.250369362717038e-07
2025-11-08 03:00:00,6,0,2.97649373598765e-09
2025-11-08 04:00:00,6,0,2.540207931502556e-12
2025-11-08 05:00:00,6,0,6.96377912171837e-14
2025-11-08 06:00:00,6,0,1.1653129761988513e-13
2025-11-08 07:00:00,6,0,2.0270130651024774e-13
2025-11-08 08:00:00,6,0,9.143251040950095e-13
2025-11-08 09:00:00,6,0,7.250094083282186e-10
2025-11-08 10:00:00,6,0,2.6073408716239945e-06
2025-11-08 11:00:00,6,0,0.002074406183153759
2025-11-08 12:00:00,6,0,0.10036355749236288
2025-11-08 13:00:00,6,1,0.38232728879671124
2025-11-08 14:00:00,6,0,0.21406280363371036
2025-11-08 15:00:00,6,0,0.0025781664945997793
2025-11-08 16:00:00,6,0,7.1204354918029895e-06
2025-11-08 17:00:00,6,0,5.223522460131775e-09
2025-11-08 18:00:00,6,0,1.6131278708805947e-11
2025-11-08 19:00:00,6,0,8.468155957469167e-12
2025-11-08 20:00:00,6,0,2.3552913147115263e-13
2025-11-08 21:00:00,6,0,1.403391511531073e-13
2025-11-08 22:00:00,6,0,4.58558464482947e-14
2025-11-08 23:00:00,6,0,2.5803494283462013e-12
2025-11-09 00:00:00,6,0,8.47733929967229e-14
2025-11-09 01:00:00,6,0,3.4997621155893024e-07
2025-11-09 02:00:00,6,0,1.5489189652452822e-11
2025-11-09 03:00:00,6,0,5.2973864813802345e-14
2025-11-09 04:00:00,6,0,6.612210970197128e-13
2025-11-09 05:00:00,6,0,9.072886562798576e-09
2025-11-09 06:00:00,6,0,2.3609953401425425e-06
2025-11-09 07:00:00,6,0,4.107032301831876e-06
2025-11-09 08:00:00,6,0,7.075398593173414e-06
2025-11-09 09:00:00,6,0,0.00014158493790106247
2025-11-09 10:00:00,6,0,0.0031094696888571854
2025-11-09 11:00:00,6,0,0.006530306934706805
2025-11-09 12:00:00,6,0,0.14404986511144446
2025-11-09 13:00:00,6,0,0.19064540402301033
2025-11-09 14:00:00,6,0,0.13295060276871576
2025-11-09 15:00:00,6,0,0.00870103088781153
2025-11-09 16:00:00,6,0,1.4082146424768659e-05
2025-11-09 17:00:00,6,0,0.00015172652119195838
2025-11-09 18:00:00,6,0,1.0925750161479655e-05
2025-11-09 19:00:00,6,0,4.230484633933517e-06
2025-11-09 20:00:00,6,0,2.429653726425343e-06
2025-11-09 21:00:00,6,0,1.4476355584119627e-06
2025-11-09 22:00:00,6,0,9.27040378841077e-07
2025-11-09 23:00:00,6,0,3.356125049543115e-07
2025-11-10 00:00:00,6,0,4.471138941703349e-07
2025-11-10 01:00:00,6,0,4.140910202372952e-07
2025-11-10 02:00:00,6,0,3.169698853032902e-07
2025-11-10 03:00:00,6,0,6.148039027264098e-08
2025-11-10 04:00:00,6,0,1.9973722111839106e-07
2025-11-10 05:00:00,6,0,1.8742627839672644e-07
2025-11-10 06:00:00,6,0,3.13637527717335e-07
2025-11-10 07:00:00,6,0,1.2004006923432994e-07
2025-11-10 08:00:00,6,0,5.542250015850105e-09
2025-11-10 09:00:00,6,0,0.00010978388191057907
2025-11-10 10:00:00,6,0,0.0023125927903618728
2025-11-10 11:00:00,6,0,0.033500947097628776
2025-11-10 12:00:00,6,0,0.019672441195637002
2025-11-10 13:00:00,6,0,0.08246516599929458
2025-11-10 14:00:00,6,0,0.10096845052388549
2025-11-10 15:00:00,6,0,0.002819020120191359
2025-11-10 16:00:00,6,0,0.006585258875213623
2025-11-10 17:00:00,6,0,0.00020476617904519856
2025-11-10 18:00:00,6,0,1.1053781733195467e-05
2025-11-10 19:00:00,6,0,4.2302919461391465e-06
2025-11-10 20:00:00,6,0,2.4295430616904034e-06
2025-11-10 21:00:00,6,0,1.4476355584119627e-06
2025-11-10 22:00:00,6,0,2.174388218094909e-09
2025-11-10 23:00:00,6,0,4.55314768379913e-14
2025-11-11 00:00:00,6,0,1.1865018489253848e-13
2025-11-11 01:00:00,6,0,6.633560994098367e-14
2025-11-11 02:00:00,6,0,8.411044797015628e-14
2025-11-11 03:00:00,6,0,4.20494188761096e-12
2025-11-11 04:00:00,6,0,2.388315988033208e-10
2025-11-11 05:00:00,6,0,7.276778762282417e-10
2025-11-11 06:00:00,6,0,2.3865252018904714e-09
2025-11-11 07:00:00,6,0,7.246934118664209e-08
2025-11-11 08:00:00,6,0,3.355149850031526e-07
2025-11-11 09:00:00,6,0,3.1476218193712307e-07
2025-11-11 10:00:00,6,0,0.00012471816684914773
2025-11-11 11:00:00,6,0,0.0020997426765650726
2025-11-11 12:00:00,6,0,0.16059531810138797
2025-11-11 13:00:00,6,0,0.11070162851818681
2025-11-11 14:00:00,6,0,0.09028228328878711
2025-11-11 15:00:00,6,0,0.019008423292251282
2025-11-11 16:00:00,6,0,0.002945148929760993
2025-11-11 17:00:00,6,0,0.0001441033819594484
2025-11-11 18:00:00,6,0,1.0195984924154319e-07
2025-11-11 19:00:00,6,0,1.1857898272533203e-11
2025-11-11 20:00:00,6,0,1.498109923337374e-12
2025-11-11 21:00:00,6,0,3.849400946201362e-13
2025-11-11 22:00:00,6,0,1.258142070792267e-13
2025-11-11 23:00:00,6,0,7.544124675201543e-14
2025-11-12 00:00:00,6,0,5.117567782328283e-14
2025-11-12 01:00:00,6,0,9.289717751731328e-14
2025-11-12 02:00:00,6,0,3.82438725860264e-13
2025-11-12 03:00:00,6,0,5.245263913999348e-11
2025-11-12 04:00:00,6,0,1.2960089024105194e-12
2025-11-12 05:00:00,6,0,1.4109698352254618e-06
2025-11-12 06:00:00,6,0,2.3611028825629714e-06
2025-11-12 07:00:00,6,0,4.107032301831876e-06
2025-11-12 08:00:00,6,0,8.838508523998104e-06
2025-11-12 09:00:00,6,0,5.693809159362327e-05
2025-11-12 10:00:00,6,0,0.0007489404159196443
2025-11-12 11:00:00,6,0,0.008564731901667118
2025-11-12 12:00:00,6,0,0.0627104068277535
2025-11-12 13:00:00,6,0,0.13583225703260252
2025-11-12 14:00:00,6,0,0.06766982797041679
2025-11-12 15:00:00,6,0,0.01825031349680398
2025-11-12 16:00:00,6,0,0.0010439391945426812
2025-11-12 17:00:00,6,0,8.401848966527817e-05
2025-11-12 18:00:00,6,0,1.0442039015818838e-05
2025-11-12 19:00:00,6,0,4.230484633933517e-06
2025-11-12 20:00:00,6,0,2.429653726425343e-06
2025-11-12 21:00:00,6,0,1.4477014977094373e-06
2025-11-12 22:00:00,6,0,9.270826052307101e-07
2025-11-12 23:00:00,6,0,6.577389338390135e-07
2025-11-13 00:00:00,6,0,5.290240856080139e-07
2025-11-13 01:00:00,6,0,4.140910202372952e-07
2025-11-13 02:00:00,6,0,5.250369362717038e-07
2025-11-13 03:00:00,6,0,3.9117125771464184e-07
2025-11-13 04:00:00,6,0,9.07767290892882e-07
2025-11-13 05:00:00,6,0,6.961664842368402e-14
2025-11-13 06:00:00,6,0,1.1649591744600593e-13
2025-11-13 07:00:00,6,0,2.0270130651024774e-13
2025-11-13 08:00:00,6,0,7.08305665048339e-13
2025-11-13 09:00:00,6,0,3.4974854777814155e-10
2025-11-13 10:00:00,6,0,1.9036472386420973e-06
2025-11-13 11:00:00,6,0,0.0006828809520938737
2025-11-13 12:00:00,6,0,0.06558283569827142
2025-11-13 13:00:00,6,0,0.3505460779253509
2025-11-13 14:00:00,6,0,0.06775259024562773
2025-11-13 15:00:00,6,0,0.0016279336191373213
2025-11-13 16:00:00,6,0,2.8923517057008592e-05
2025-11-13 17:00:00,6,0,2.225002342598945e-08
2025-11-13 18:00:00,6,0,3.376091913057022e-12
2025-11-13 19:00:00,6,0,2.092511427986444e-13
2025-11-13 20:00:00,6,0,1.2017698852343447e-13
2025-11-13 21:00:00,6,0,1.1133465916142782e-11
2025-11-13 22:00:00,6,0,4.30429552384236e-12
2025-11-13 23:00:00,6,0,4.505658225610655e-11
2025-11-14 00:00:00,6,0,2.7524333479941005e-13
2025-11-14 01:00:00,6,0,2.4181317153666198e-14
2025-11-14 02:00:00,6,0,2.5912942463221948e-14
2025-11-14 03:00:00,6,0,3.197906020902162e-14
2025-11-14 04:00:00,6,0,4.48024299945118e-14
2025-11-14 05:00:00,6,0,6.96377912171837e-14
2025-11-14 06:00:00,6,0,1.1653129761988513e-13
2025-11-14 07:00:00,6,0,2.0270130651024774e-13
2025-11-14 08:00:00,6,0,6.842156291675447e-13
2025-11-14 09:00:00,6,0,8.770848022535178e-10
2025-11-14 10:00:00,6,0,6.175296977711933e-06
2025-11-14 11:00:00,6,0,0.00263644865823846
2025-11-14 12:00:00,6,0,0.04136458280333147
2025-11-14 13:00:00,6,0,0.3033581479777809
2025-11-14 14:00:00,6,0,0.053184126322698866
2025-11-14 15:00:00,6,0,0.0020212745899115805
2025-11-14 16:00:00,6,0,4.875332867781914e-06
2025-11-14 17:00:00,6,0,1.4653796598782743e-09
2025-11-14 18:00:00,6,0,1.1020754554371075e-12
2025-11-14 19:00:00,6,0,2.092511427986444e-13
2025-11-14 20:00:00,6,0,1.6824143880074176e-13
2025-11-14 21:00:00,6,0,2.4497847581553457e-12
2025-11-14 22:00:00,6,0,4.58558464482947e-14
2025-11-14 23:00:00,6,0,3.2533419631958665e-14
2025-11-15 00:00:00,6,0,2.610972638234184e-14
2025-11-15 01:00:00,6,0,2.4181317153666198e-14
2025-11-15 02:00:00,6,0,2.5912942463221948e-14
2025-11-15 03:00:00,6,0,3.197906020902162e-14
2025-11-15 04:00:00,6,0,4.48024299945118e-14
2025-11-15 05:00:00,6,0,6.96377912171837e-14
2025-11-15 06:00:00,6,0,1.1653129761988513e-13
2025-11-15 07:00:00,6,0,2.0270130651024774e-13
2025-11-15 08:00:00,6,0,6.878491252757338e-13
2025-11-15 09:00:00,6,0,3.4079421514761367e-10
2025-11-15 10:00:00,6,0,1.4210086916203512e-06
2025-11-15 11:00:00,6,0,0.0007649031193423414
2025-11-15 12:00:00,6,0,0.05430161133713863
2025-11-15 13:00:00,6,0,0.18331666610702033
2025-11-15 14:00:00,6,0,0.06384095469909026
2025-11-15 15:00:00,6,0,0.005055877249551574
2025-11-15 16:00:00,6,0,9.956461629865247e-06
2025-11-15 17:00:00,6,0,4.316456118963649e-08
2025-11-15 18:00:00,6,0,9.344204310677953e-10
2025-11-15 19:00:00,6,0,6.72829749291254e-10
2025-11-15 20:00:00,6,0,1.1767510118619447e-07
2025-11-15 21:00:00,6,0,5.926127594706166e-08
2025-11-15 22:00:00,6,0,1.041111147460702e-07
2025-11-15 23:00:00,6,0,2.397545159430204e-07
2025-11-16 00:00:00,6,0,3.778860684482009e-07
2025-11-16 01:00:00,6,0,1.3587741792238062e-09
2025-11-16 02:00:00,6,0,5.957925666123866e-11
2025-11-16 03:00:00,6,0,6.481635542320956e-07
2025-11-16 04:00:00,6,0,2.1277058463806834e-09
2025-11-16 05:00:00,6,0,6.204319542610417e-13
2025-11-16 06:00:00,6,0,6.267520886806505e-13
2025-11-16 07:00:00,6,0,2.0270130651024774e-13
2025-11-16 08:00:00,6,0,1.0727530590024663e-12
2025-11-16 09:00:00,6,0,1.3980503855351666e-08
2025-11-16 10:00:00,6,0,1.0601011628697007e-05
2025-11-16 11:00:00,6,0,0.0034869157210378095
2025-11-16 12:00:00,6,0,0.02090030649096535
2025-11-16 13:00:00,6,0,0.03578640211845258
2025-11-16 14:00:00,6,0,0.03166904718552657
2025-11-16 15:00:00,6,0,0.0032997016438620647
2025-11-16 16:00:00,6,0,0.00025132523190522386
2025-11-16 17:00:00,6,0,7.83592141295231e-07
2025-11-16 18:00:00,6,0,3.698301449319328e-07
2025-11-16 19:00:00,6,0,2.7224334392059764e-08
2025-11-16 20:00:00,6,0,1.7555818581332598e-09
2025-11-16 21:00:00,6,0,3.849400946201362e-13
2025-11-16 22:00:00,6,0,2.917486310553116e-13
2025-11-16 23:00:00,6,0,2.069303924105249e-13
2025-11-17 00:00:00,6,0,2.610972638234184e-14
2025-11-17 01:00:00,6,0,2.4181317153666198e-14
2025-11-17 02:00:00,6,0,2.5912942463221948e-14
2025-11-17 03:00:00,6,0,3.197906020902162e-14
2025-11-17 04:00:00,6,0,4.48024299945118e-14
2025-11-17 05:00:00,6,0,6.96377912171837e-14
2025-11-17 06:00:00,6,0,1.1653129761988513e-13
2025-11-17 07:00:00,6,0,3.9729932839666815e-13
2025-11-17 08:00:00,6,0,6.795407396151273e-13
2025-11-17 09:00:00,6,0,3.358336207946962e-10
2025-11-17 10:00:00,6,0,6.945585846843118e-07
2025-11-17 11:00:00,6,0,0.0005162531241967451
2025-11-17 12:00:00,6,0,0.04942280176519574
2025-11-17 13:00:00,6,0,0.18552619187727434
2025-11-17 14:00:00,6,0,0.05797106130418999
2025-11-17 15:00:00,6,0,0.0014892473579634095
2025-11-17 16:00:00,6,0,2.462866012239859e-06
2025-11-17 17:00:00,6,0,0.00020375270302044757
2025-11-17 18:00:00,6,0,9.403946254496472e-13
2025-11-17 19:00:00,6,0,6.792953431937528e-13
2025-11-17 20:00:00,6,0,1.2017698852343447e-13
2025-11-17 21:00:00,6,0,7.160700866245241e-14
2025-11-17 22:00:00,6,0,4.58558464482947e-14
2025-11-17 23:00:00,6,0,3.2533419631958665e-14
2025-11-18 00:00:00,6,0,2.610972638234184e-14
2025-11-18 01:00:00,6,0,2.4181317153666198e-14
2025-11-18 02:00:00,6,0,2.5912942463221948e-14
2025-11-18 03:00:00,6,0,3.197906020902162e-14
2025-11-18 04:00:00,6,0,4.48024299945118e-14
2025-11-18 05:00:00,6,0,6.96377912171837e-14
2025-11-18 06:00:00,6,0,1.1653129761988513e-13
2025-11-18 07:00:00,6,0,2.0270130651024774e-13
2025-11-18 08:00:00,6,0,5.76012125490878e-13
2025-11-18 09:00:00,6,0,2.7883129550085935e-10
2025-11-18 10:00:00,6,0,5.160850203909593e-07
2025-11-18 11:00:00,6,0,0.00046727531467279733
2025-11-18 12:00:00,6,0,0.04865545727353403
2025-11-18 13:00:00,6,0,0.13921320885474137
2025-11-18 14:00:00,6,0,0.04454168724075652
2025-11-18 15:00:00,6,0,0.0006308021585942578
2025-11-18 16:00:00,6,0,1.7113721017976092e-06
2025-11-18 17:00:00,6,0,5.8190685817674e-10
2025-11-18 18:00:00,6,0,9.41022462032045e-13
2025-11-18 19:00:00,6,0,2.092511427986444e-13
2025-11-18 20:00:00,6,0,1.2017698852343447e-13
2025-11-18 21:00:00,6,0,8.928797177155859e-13
2025-11-18 22:00:00,6,0,5.367447317032405e-11
2025-11-18 23:00:00,6,0,3.2533419631958665e-14
2025-11-19 00:00:00,6,0,6.055206025005004e-14
2025-11-19 01:00:00,6,0,4.7395950377923976e-14
2025-11-19 02:00:00,6,0,2.5912942463221948e-14
2025-11-19 03:00:00,6,0,3.7838247833342424e-14
2025-11-19 04:00:00,6,0,6.272377833964452e-14
2025-11-19 05:00:00,6,0,1.3649170870153857e-13
2025-11-19 06:00:00,6,0,3.370924281183379e-12
2025-11-19 07:00:00,6,0,1.1492757571002467e-11
2025-11-19 08:00:00,6,0,1.2715058966739802e-12
2025-11-19 09:00:00,6,0,5.391430990786441e-10
2025-11-19 10:00:00,6,0,9.274398312370062e-07
2025-11-19 11:00:00,6,0,0.0007880053200518049
2025-11-19 12:00:00,6,0,0.030292949373094395
2025-11-19 13:00:00,6,0,0.14826684963649125
2025-11-19 14:00:00,6,0,0.10797848868886935
2025-11-19 15:00:00,6,0,0.0008604807863970855
2025-11-19 16:00:00,6,0,2.5296819748316675e-06
2025-11-19 17:00:00,6,0,8.074769382429873e-10
2025-11-19 18:00:00,6,0,9.465385688724172e-13
2025-11-19 19:00:00,6,0,2.092511427986444e-13
2025-11-19 20:00:00,6,0,1.2017698852343447e-13
2025-11-19 21:00:00,6,0,7.160700866245241e-14
2025-11-19 22:00:00,6,0,4.58558464482947e-14
2025-11-19 23:00:00,6,0,3.2523542130660846e-14
2025-11-20 00:00:00,6,0,2.6101799184428376e-14
2025-11-20 01:00:00,6,0,2.417397544184286e-14
2025-11-20 02:00:00,6,0,2.5905075011054198e-14
2025-11-20 03:00:00,6,0,3.196935101729547e-14
2025-11-20 04:00:00,6,0,4.4788827487753594e-14
2025-11-20 05:00:00,6,0,1.2157453575727934e-12
2025-11-20 06:00:00,6,0,1.1649591744600593e-13
2025-11-20 07:00:00,6,0,2.0270130651024774e-13
2025-11-20 08:00:00,6,0,1.0067733440378842e-12
2025-11-20 09:00:00,6,0,4.558094595838181e-10
2025-11-20 10:00:00,6,0,2.388960417232166e-06
2025-11-20 11:00:00,6,0,0.0005693542014226891
2025-11-20 12:00:00,6,0,0.02063989491238933
2025-11-20 13:00:00,6,0,0.1223601667734596
2025-11-20 14:00:00,6,0,0.05783773165601402
2025-11-20 15:00:00,6,0,0.005601792594956526
2025-11-20 16:00:00,6,0,0.00037290058944395644
2025-11-20 17:00:00,6,0,4.086118048839205e-08
2025-11-20 18:00:00,6,0,2.195255004216443e-11
2025-11-20 19:00:00,6,0,5.063829266713569e-09
2025-11-20 20:00:00,6,0,2.429653726425343e-06
2025-11-20 21:00:00,6,0,4.017962331983683e-09
2025-11-20 22:00:00,6,0,2.442167961217184e-10
2025-11-20 23:00:00,6,0,1.542880260379952e-09
2025-11-21 00:00:00,6,0,5.939235628502771e-08
2025-11-21 01:00:00,6,0,4.899515034559496e-07
2025-11-21 02:00:00,6,0,5.250369362717038e-07
2025-11-21 03:00:00,6,0,6.47945935015179e-07
2025-11-21 04:00:00,6,0,9.07767290892882e-07
2025-11-21 05:00:00,6,0,2.362328963831028e-09
2025-11-21 06:00:00,6,0,2.6788020294305213e-10
2025-11-21 07:00:00,6,0,4.107032301831876e-06
2025-11-21 08:00:00,6,0,8.256314444502185e-06
2025-11-21 09:00:00,6,0,6.562073304035893e-05
2025-11-21 10:00:00,6,0,0.0009986946165293907
2025-11-21 11:00:00,6,0,0.01847741891673584
2025-11-21 12:00:00,6,0,0.07397820710862216
2025-11-21 13:00:00,6,0,0.17199676921137577
2025-11-21 14:00:00,6,0,0.1427933460365543
2025-11-21 15:00:00,6,0,0.03866343057556978
2025-11-21 16:00:00,6,0,0.0027326567251578825
2025-11-21 17:00:00,6,0,0.00010769895171302088
2025-11-21 18:00:00,6,0,9.603779438192021e-06
2025-11-21 19:00:00,6,0,4.2302919461391465e-06
2025-11-21 20:00:00,6,0,2.4304697488283955e-06
2025-11-21 21:00:00,6,0,1.444952279169767e-06
2025-11-21 22:00:00,6,0,9.253220530626356e-07
2025-11-21 23:00:00,6,0,6.580256654580689e-07
2025-11-22 00:00:00,6,0,5.291776598552935e-07
2025-11-22 01:00:00,6,0,4.901160586658813e-07
2025-11-22 02:00:00,6,0,5.252132752759283e-07
2025-11-22 03:00:00,6,0,6.481635542320956e-07
2025-11-22 04:00:00,6,0,9.080721736693097e-07
2025-11-22 05:00:00,6,0,1.4114437233998805e-06
2025-11-22 06:00:00,6,0,3.137905034777751e-07
2025-11-22 07:00:00,6,0,3.511953396104376e-09
2025-11-22 08:00:00,6,0,5.3344276749886614e-11
2025-11-22 09:00:00,6,0,1.475019000152737e-10
2025-11-22 10:00:00,6,0,7.377739362162494e-07
2025-11-22 11:00:00,6,0,0.00038817329006677026
2025-11-22 12:00:00,6,0,0.05673238088824955
2025-11-22 13:00:00,6,0,0.18094253223280146
2025-11-22 14:00:00,6,0,0.08589962806646038
2025-11-22 15:00:00,6,0,0.003541272330113915
2025-11-22 16:00:00,6,0,0.0034725184749794507
2025-11-22 17:00:00,6,0,0.00010491287042063302
2025-11-22 18:00:00,6,0,9.588271693746147e-06
2025-11-22 19:00:00,6,0,4.232521625500993e-06
2025-11-22 20:00:00,6,0,2.4426285420098325e-06
2025-11-22 21:00:00,6,0,1.4519735798924144e-06
2025-11-22 22:00:00,6,0,9.29776022038056e-07
2025-11-22 23:00:00,6,0,6.628835257719849e-07
2025-11-23 00:00:00,6,0,5.291776598552935e-07
2025-11-23 01:00:00,6,0,7.704198096539446e-08
2025-11-23 02:00:00,6,0,5.25189353061028e-07
2025-11-23 03:00:00,6,0,3.913041214054008e-07
2025-11-23 04:00:00,6,0,9.103135225664545e-07
2025-11-23 05:00:00,6,0,6.106146858444454e-07
2025-11-23 06:00:00,6,0,2.3618958815649612e-06
2025-11-23 07:00:00,6,0,4.1084116855310594e-06
2025-11-23 08:00:00,6,0,7.866628648251257e-06
2025-11-23 09:00:00,6,0,3.94970073710657e-05
2025-11-23 10:00:00,6,0,0.0002906208200408797
2025-11-23 11:00:00,6,0,0.013379297485406966
2025-11-23 12:00:00,6,0,0.01769317384423446
2025-11-23 13:00:00,6,0,0.014041338070582507
2025-11-23 14:00:00,6,0,0.01688718276053742
2025-11-23 15:00:00,6,0,0.007870325611983626
2025-11-23 16:00:00,6,0,0.00039682512228958494
2025-11-23 17:00:00,6,0,5.106003313524791e-05
2025-11-23 18:00:00,6,0,1.2479654317251638e-07
2025-11-23 19:00:00,6,0,1.4635017424456105e-07
2025-11-23 20:00:00,6,0,8.411198252362237e-08
2025-11-23 21:00:00,6,0,6.619525631349558e-09
2025-11-23 22:00:00,6,0,1.2428846668120807e-07
2025-11-23 23:00:00,6,0,6.772985262973926e-10
2025-11-24 00:00:00,6,0,9.916068485171479e-11
2025-11-24 01:00:00,6,0,3.0186437142533426e-10
2025-11-24 02:00:00,6,0,1.1642683323727335e-10
2025-11-24 03:00:00,6,0,5.569970288643954e-13
2025-11-24 04:00:00,6,0,6.956347292252681e-12
2025-11-24 05:00:00,6,0,3.5114165182501656e-11
2025-11-24 06:00:00,6,0,1.5291388000289703e-11
2025-11-24 07:00:00,6,0,4.646958409067519e-10
2025-11-24 08:00:00,6,0,1.4058041160437827e-09
2025-11-24 09:00:00,6,0,2.3977991110204014e-08
2025-11-24 10:00:00,6,0,1.4890869353742873e-05
2025-11-24 11:00:00,6,0,0.005495568604768126
2025-11-24 12:00:00,6,0,0.0186305847358526
2025-11-24 13:00:00,6,0,0.029556191052583655
2025-11-24 14:00:00,6,0,0.015503405628290267
2025-11-24 15:00:00,6,0,0.00018194765045811273
2025-11-24 16:00:00,6,0,3.9751690866490165e-06
2025-11-24 17:00:00,6,0,1.9455228595632764e-09
2025-11-24 18:00:00,6,0,6.341880595902362e-12
2025-11-24 19:00:00,6,0,2.0918761186774487e-13
2025-11-24 20:00:00,6,0,1.2017698852343447e-13
2025-11-24 21:00:00,6,0,3.850470636150181e-13
2025-11-24 22:00:00,6,0,2.083997387087761e-13
2025-11-24 23:00:00,6,0,7.544124675201543e-14
2025-11-25 00:00:00,6,0,5.117567782328283e-14
2025-11-25 01:00:00,6,0,2.4181317153666198e-14
2025-11-25 02:00:00,6,0,2.5912942463221948e-14
2025-11-25 03:00:00,6,0,8.699641599360614e-11
2025-11-25 04:00:00,6,0,1.3663241640494965e-11
2025-11-25 05:00:00,6,0,8.158620676733128e-11
2025-11-25 06:00:00,6,0,2.6792974585461853e-10
2025-11-25 07:00:00,6,0,9.134066242323674e-10
2025-11-25 08:00:00,6,0,1.8604921231864552e-09
2025-11-25 09:00:00,6,0,2.4611841219243473e-09
2025-11-25 10:00:00,6,0,1.9174066423375827e-06
2025-11-25 11:00:00,6,0,0.0009513810989281331
2025-11-25 12:00:00,6,0,0.006913356323031092
2025-11-25 13:00:00,6,0,0.017039087806542882
2025-11-25 14:00:00,6,0,0.014375056551361062
2025-11-25 15:00:00,6,0,0.0008670204404365499
2025-11-25 16:00:00,6,0,2.586909814503895e-05
2025-11-25 17:00:00,6,0,9.684547507256183e-08
2025-11-25 18:00:00,6,0,5.891534437189591e-09
2025-11-25 19:00:00,6,0,7.544886879384893e-11
2025-11-25 20:00:00,6,0,7.177489648296329e-11
2025-11-25 21:00:00,6,0,1.1861046730259617e-13
2025-11-25 22:00:00,6,0,4.58558464482947e-14
2025-11-25 23:00:00,6,0,3.2533419631958665e-14
2025-11-26 00:00:00,6,0,2.610972638234184e-14
2025-11-26 01:00:00,6,0,2.4181317153666198e-14
2025-11-26 02:00:00,6,0,3.066069898883166e-14
2025-11-26 03:00:00,6,0,8.242385617737164e-12
2025-11-26 04:00:00,6,0,3.1686807348087736e-11
2025-11-26 05:00:00,6,0,5.478062058730277e-09
2025-11-26 06:00:00,6,0,7.747600649276259e-09
2025-11-26 07:00:00,6,0,5.224488532442969e-11
2025-11-26 08:00:00,6,0,2.8017420852380713e-11
2025-11-26 09:00:00,6,0,1.740532295449237e-10
2025-11-26 10:00:00,6,0,4.139102653275825e-07
2025-11-26 11:00:00,6,0,0.00023476246285069867
2025-11-26 12:00:00,6,0,0.0338279125444244
2025-11-26 13:00:00,6,0,0.03471487115966656
2025-11-26 14:00:00,6,0,0.02083949020454351
2025-11-26 15:00:00,6,0,0.0036850173138259163
2025-11-26 16:00:00,6,0,1.5647350055990686e-05
2025-11-26 17:00:00,6,0,5.76957239693514e-07
2025-11-26 18:00:00,6,0,3.557051318387541e-09
2025-11-26 19:00:00,6,0,1.1857898272533203e-11
2025-11-26 20:00:00,6,0,4.616022788816327e-13
2025-11-26 21:00:00,6,0,7.160700866245241e-14
2025-11-26 22:00:00,6,0,4.58558464482947e-14
2025-11-26 23:00:00,6,0,3.2533419631958665e-14
2025-11-27 00:00:00,6,0,2.610972638234184e-14
2025-11-27 01:00:00,6,0,2.4181317153666198e-14
2025-11-27 02:00:00,6,0,2.5912942463221948e-14
2025-11-27 03:00:00,6,0,3.197906020902162e-14
2025-11-27 04:00:00,6,0,4.48024299945118e-14
2025-11-27 05:00:00,6,0,1.4388673602052392e-12
2025-11-27 06:00:00,6,0,4.67730061658703e-09
2025-11-27 07:00:00,6,0,3.293593794478965e-07
2025-11-27 08:00:00,6,0,2.665364769081791e-12
2025-11-27 09:00:00,6,0,1.4002149606331843e-08
2025-11-27 10:00:00,6,0,8.606349040822875e-07
2025-11-27 11:00:00,6,0,0.004789556146134245
2025-11-27 12:00:00,6,0,0.03633721349261195
2025-11-27 13:00:00,6,0,0.03035323176704176
2025-11-27 14:00:00,6,0,0.01116665853098027
2025-11-27 15:00:00,6,0,0.0023115495970569477
2025-11-27 16:00:00,6,0,0.00011951162657868332
2025-11-27 17:00:00,6,0,4.531823174974939e-05
2025-11-27 18:00:00,6,0,9.033742149238734e-06
2025-11-27 19:00:00,6,0,4.230484633933517e-06
2025-11-27 20:00:00,6,0,1.7355975914750987e-06
2025-11-27 21:00:00,6,0,5.008678771839975e-08
2025-11-27 22:00:00,6,0,3.207468278558661e-08
2025-11-27 23:00:00,6,0,6.654158022841474e-10
2025-11-28 00:00:00,6,0,7.102937369100355e-11
2025-11-28 01:00:00,6,0,4.899515034559496e-07
2025-11-28 02:00:00,6,0,5.250369362717038e-07
2025-11-28 03:00:00,6,0,1.029154566051098e-10
2025-11-28 04:00:00,6,0,5.539276810585226e-10
2025-11-28 05:00:00,6,0,6.481630393908944e-09
2025-11-28 06:00:00,6,0,1.7966099349986862e-08
2025-11-28 07:00:00,6,0,3.938185318546626e-10
2025-11-28 08:00:00,6,0,1.7401413233275993e-10
2025-11-28 09:00:00,6,0,2.2759771824779188e-08
2025-11-28 10:00:00,6,0,9.775724064691622e-06
2025-11-28 11:00:00,6,0,0.0003999773798539446
2025-11-28 12:00:00,6,0,0.013853831456723087
2025-11-28 13:00:00,6,0,0.008670412264981211
2025-11-28 14:00:00,6,0,0.019892562975606116
2025-11-28 15:00:00,6,0,0.0014714185549702897
2025-11-28 16:00:00,6,0,3.9158271415246574e-05
2025-11-28 17:00:00,6,0,1.3115274169510456e-06
2025-11-28 18:00:00,6,0,2.4274151678924884e-07
2025-11-28 19:00:00,6,0,2.0487600899876603e-07
2025-11-28 20:00:00,6,0,8.405174791907396e-08
2025-11-28 21:00:00,6,0,5.008192100449813e-08
2025-11-28 22:00:00,6,0,2.7106361632079835e-08
2025-11-28 23:00:00,6,0,6.577389338390135e-07
2025-11-29 00:00:00,6,0,1.377263683645997e-07
2025-11-29 01:00:00,6,0,4.6489072176728134e-08
2025-11-29 02:00:00,6,0,3.5585496630181895e-08
2025-11-29 03:00:00,6,0,1.8938057458708594e-08
2025-11-29 04:00:00,6,0,2.51749665188348e-09
2025-11-29 05:00:00,6,0,2.5128242449112193e-11
2025-11-29 06:00:00,6,0,2.6788020294305213e-10
2025-11-29 07:00:00,6,0,4.106845236953564e-06
2025-11-29 08:00:00,6,0,7.5156704161598115e-06
2025-11-29 09:00:00,6,0,3.386847943611603e-06
2025-11-29 10:00:00,6,0,3.695500067394708e-05
2025-11-29 11:00:00,6,0,0.00037750387360864404
2025-11-29 12:00:00,6,0,0.0022008975553136113
2025-11-29 13:00:00,6,0,0.0030470334635418405
2025-11-29 14:00:00,6,0,0.007062577373800941
2025-11-29 15:00:00,6,0,0.0007717987883523582
2025-11-29 16:00:00,6,0,4.860130597203238e-05
2025-11-29 17:00:00,6,0,5.669786299865992e-07
2025-11-29 18:00:00,6,0,3.022796348106058e-08
2025-11-29 19:00:00,6,0,7.960732084320102e-10
2025-11-29 20:00:00,6,0,9.439897723725528e-09
2025-11-29 21:00:00,6,0,7.472353556030756e-10
2025-11-29 22:00:00,6,0,8.902020583271949e-11
2025-11-29 23:00:00,6,0,3.3949360337306164e-10
2025-11-30 00:00:00,6,0,3.8195406296294844e-10
2025-11-30 01:00:00,6,0,1.9019764797054204e-09
2025-11-30 02:00:00,6,0,7.829056078455164e-09
2025-11-30 03:00:00,6,0,1.0293395886663305e-10
2025-11-30 04:00:00,6,0,1.2845163677812778e-09
2025-11-30 05:00:00,6,0,1.9965631904759253e-09
2025-11-30 06:00:00,6,0,1.518435970370008e-08
2025-11-30 07:00:00,6,0,6.524534429310825e-10
2025-11-30 08:00:00,6,0,5.534703905066913e-10
2025-11-30 09:00:00,6,0,1.6589573733434455e-08
2025-11-30 10:00:00,6,0,3.528264720934995e-06
2025-11-30 11:00:00,6,0,0.00014638992797842614
2025-11-30 12:00:00,6,0,0.008182306720077335
2025-11-30 13:00:00,6,0,0.01948729431959887
2025-11-30 14:00:00,6,0,0.010409163461861557
2025-11-30 15:00:00,6,0,0.0005916539317707694
2025-11-30 16:00:00,6,0,7.948699899396193e-06
2025-11-30 17:00:00,6,0,3.2046736518262056e-08
2025-11-30 18:00:00,6,0,4.046155749849487e-10
2025-11-30 19:00:00,6,0,4.0622038931862765e-10
2025-11-30 20:00:00,6,0,1.6643698785114558e-10
2025-11-30 21:00:00,6,0,1.1133465916142782e-11
2025-11-30 22:00:00,6,0,3.6378622736200056e-12
2025-11-30 23:00:00,6,0,1.1730448285985421e-11
2025-12-01 00:00:00,6,0,1.8020657873334398e-12
2025-12-01 01:00:00,6,0,3.103094964917611e-13
2025-12-01 02:00:00,6,0,1.6965652264098721e-13
2025-12-01 03:00:00,6,0,2.477335624598982e-13
2025-12-01 04:00:00,6,0,1.4965599456038272e-13
2025-12-01 05:00:00,6,0,1.9659488511851192e-13
2025-12-01 06:00:00,6,0,2.6115564789222623e-11
2025-12-01 07:00:00,6,0,1.8579799365679315e-12
2025-12-01 08:00:00,6,0,1.7370130555615e-06
2025-12-01 09:00:00,6,0,1.281514677941703e-08
2025-12-01 10:00:00,6,0,5.790487004099951e-05
2025-12-01 11:00:00,6,0,0.0005366183889452733
2025-12-01 12:00:00,6,0,0.009160494587167188
2025-12-01 13:00:00,6,0,0.017389079688953455
2025-12-01 14:00:00,6,0,0.006373753564535261
2025-12-01 15:00:00,6,0,0.00019130417870772613
2025-12-01 16:00:00,6,0,6.237648621361072e-07
2025-12-01 17:00:00,6,0,2.997697146766621e-10
2025-12-01 18:00:00,6,0,5.66825109846926e-13
2025-12-01 19:00:00,6,0,1.8194005756559236e-13
2025-12-01 20:00:00,6,0,8.831327244506633e-14
2025-12-01 21:00:00,6,0,1.2086537248820092e-10
2025-12-01 22:00:00,6,0,2.1233814200018641e-10
2025-12-01 23:00:00,6,0,4.6411783267211126e-11
2025-12-02 00:00:00,6,0,3.5323548098697966e-12
2025-12-02 01:00:00,6,0,1.0075168353539457e-12
2025-12-02 02:00:00,6,0,2.116169118526385e-12
2025-12-02 03:00:00,6,0,1.769514828858139e-13
2025-12-02 04:00:00,6,0,8.956573524299598e-11
2025-12-02 05:00:00,6,0,1.1867964873034635e-13
2025-12-02 06:00:00,6,0,4.565750416600703e-10
2025-12-02 07:00:00,6,0,9.479375717353331e-13
2025-12-02 08:00:00,6,0,5.953513686217696e-12
2025-12-02 09:00:00,6,0,2.9454974270492915e-05
2025-12-02 10:00:00,6,0,0.00042474721301265114
2025-12-02 11:00:00,6,0,0.0025263802718341268
2025-12-02 12:00:00,6,0,0.010195994274098397
2025-12-02 13:00:00,6,0,0.005271764864331234
2025-12-02 14:00:00,6,0,0.006807247451468762
2025-12-02 15:00:00,6,0,0.0011025288160003569
2025-12-02 16:00:00,6,0,0.00014071458935365765
2025-12-02 17:00:00,6,0,3.0028496932844122e-05
2025-12-02 18:00:00,6,0,6.1195419476870465e-06
2025-12-02 19:00:00,6,0,3.108817800371011e-06
2025-12-02 20:00:00,6,0,1.7854567030796224e-06
2025-12-02 21:00:00,6,0,1.063858459361336e-06
2025-12-02 22:00:00,6,0,6.812761729667911e-07
2025-12-02 23:00:00,6,0,2.0845834869505347e-07
2025-12-03 00:00:00,6,0,3.8875874099948737e-07
2025-12-03 01:00:00,6,0,3.600458520564054e-07
2025-12-03 02:00:00,6,0,1.663826737811207e-07
2025-12-03 03:00:00,6,0,4.761496890736164e-07
2025-12-03 04:00:00,6,0,1.467789197993096e-07
2025-12-03 05:00:00,6,0,1.5462870673951928e-08
2025-12-03 06:00:00,6,0,1.7350813598912235e-06
2025-12-03 07:00:00,6,0,1.0999936953800446e-06
2025-12-03 08:00:00,6,0,1.7376882577180365e-09
2025-12-03 09:00:00,6,0,2.144387866839807e-06
2025-12-03 10:00:00,6,0,0.00024437776651135606
2025-12-03 11:00:00,6,0,0.0019160340828345158
2025-12-03 12:00:00,6,0,0.00930485108252131
2025-12-03 13:00:00,6,0,0.017614847637620775
2025-12-03 14:00:00,6,0,0.0026900575256300816
2025-12-03 15:00:00,6,0,0.0003345991071401362
2025-12-03 16:00:00,6,0,1.817946715726842e-05
2025-12-03 17:00:00,6,0,5.842376382887618e-07
2025-12-03 18:00:00,6,0,1.8746195113038136e-09
