origin,fold,truth,forward_probability
2024-09-15 00:00:00,1,0,
2024-09-15 01:00:00,1,0,
2024-09-15 02:00:00,1,0,
2024-09-15 03:00:00,1,0,
2024-09-15 04:00:00,1,0,
2024-09-15 05:00:00,1,0,
2024-09-15 06:00:00,1,0,
2024-09-15 07:00:00,1,0,
2024-09-15 08:00:00,1,0,
2024-09-15 09:00:00,1,0,
2024-09-15 10:00:00,1,0,
2024-09-15 11:00:00,1,0,
2024-09-15 12:00:00,1,1,
2024-09-15 13:00:00,1,1,
2024-09-15 14:00:00,1,1,
2024-09-15 15:00:00,1,1,
2024-09-15 16:00:00,1,0,
2024-09-15 17:00:00,1,0,
2024-09-15 18:00:00,1,0,
2024-09-15 19:00:00,1,0,
2024-09-15 20:00:00,1,0,
2024-09-15 21:00:00,1,0,
2024-09-15 22:00:00,1,0,
2024-09-15 23:00:00,1,0,
2024-09-16 00:00:00,1,0,
2024-09-16 01:00:00,1,0,
2024-09-16 02:00:00,1,0,
2024-09-16 03:00:00,1,0,
2024-09-16 04:00:00,1,0,
2024-09-16 05:00:00,1,0,
2024-09-16 06:00:00,1,0,
2024-09-16 07:00:00,1,0,
2024-09-16 08:00:00,1,0,
2024-09-16 09:00:00,1,0,
2024-09-16 10:00:00,1,0,
2024-09-16 11:00:00,1,1,
2024-09-16 12:00:00,1,1,
2024-09-16 13:00:00,1,1,
2024-09-16 14:00:00,1,1,
2024-09-16 15:00:00,1,1,
2024-09-16 16:00:00,1,0,
2024-09-16 17:00:00,1,0,
2024-09-16 18:00:00,1,0,
2024-09-16 19:00:00,1,0,
2024-09-16 20:00:00,1,0,
2024-09-16 21:00:00,1,0,
2024-09-16 22:00:00,1,0,
2024-09-16 23:00:00,1,0,
2024-09-17 00:00:00,1,0,
2024-09-17 01:00:00,1,0,
2024-09-17 02:00:00,1,0,
2024-09-17 03:00:00,1,0,
2024-09-17 04:00:00,1,0,
2024-09-17 05:00:00,1,0,
2024-09-17 06:00:00,1,0,
2024-09-17 07:00:00,1,0,
2024-09-17 08:00:00,1,0,
2024-09-17 09:00:00,1,0,
2024-09-17 10:00:00,1,0,
2024-09-17 11:00:00,1,1,
2024-09-17 12:00:00,1,1,
2024-09-17 13:00:00,1,1,
2024-09-17 14:00:00,1,1,
2024-09-17 15:00:00,1,0,
2024-09-17 16:00:00,1,0,
2024-09-17 17:00:00,1,0,
2024-09-17 18:00:00,1,0,
2024-09-17 19:00:00,1,0,
2024-09-17 20:00:00,1,0,
2024-09-17 21:00:00,1,0,
2024-09-17 22:00:00,1,0,
2024-09-17 23:00:00,1,0,
2024-09-18 00:00:00,1,0,
2024-09-18 01:00:00,1,0,
2024-09-18 02:00:00,1,0,
2024-09-18 03:00:00,1,0,
2024-09-18 04:00:00,1,0,
2024-09-18 05:00:00,1,0,
2024-09-18 06:00:00,1,0,
2024-09-18 07:00:00,1,0,
2024-09-18 08:00:00,1,0,
2024-09-18 09:00:00,1,0,
2024-09-18 10:00:00,1,0,
2024-09-18 11:00:00,1,0,
2024-09-18 12:00:00,1,1,
2024-09-18 13:00:00,1,1,
2024-09-18 14:00:00,1,1,
2024-09-18 15:00:00,1,1,
2024-09-18 16:00:00,1,0,
2024-09-18 17:00:00,1,0,
2024-09-18 18:00:00,1,0,
2024-09-18 19:00:00,1,0,
2024-09-18 20:00:00,1,0,
2024-09-18 21:00:00,1,0,
2024-09-18 22:00:00,1,0,
2024-09-18 23:00:00,1,0,
2024-09-19 00:00:00,1,0,
2024-09-19 01:00:00,1,0,
2024-09-19 02:00:00,1,0,
2024-09-19 03:00:00,1,0,
2024-09-19 04:00:00,1,0,
2024-09-19 05:00:00,1,0,
2024-09-19 06:00:00,1,0,
2024-09-19 07:00:00,1,0,
2024-09-19 08:00:00,1,0,
2024-09-19 09:00:00,1,0,
2024-09-19 10:00:00,1,0,
2024-09-19 11:00:00,1,1,
2024-09-19 12:00:00,1,1,
2024-09-19 13:00:00,1,1,
2024-09-19 14:00:00,1,1,
2024-09-19 15:00:00,1,0,
2024-09-19 16:00:00,1,0,
2024-09-19 17:00:00,1,0,
2024-09-19 18:00:00,1,0,
2024-09-19 19:00:00,1,0,
2024-09-19 20:00:00,1,0,
2024-09-19 21:00:00,1,0,
2024-09-19 22:00:00,1,0,
2024-09-19 23:00:00,1,0,
2024-09-20 00:00:00,1,0,
2024-09-20 01:00:00,1,0,
2024-09-20 02:00:00,1,0,
2024-09-20 03:00:00,1,0,
2024-09-20 04:00:00,1,0,
2024-09-20 05:00:00,1,0,
2024-09-20 06:00:00,1,0,
2024-09-20 07:00:00,1,0,
2024-09-20 08:00:00,1,0,
2024-09-20 09:00:00,1,0,
2024-09-20 10:00:00,1,0,
2024-09-20 11:00:00,1,1,
2024-09-20 12:00:00,1,1,
2024-09-20 13:00:00,1,1,
2024-09-20 14:00:00,1,1,
2024-09-20 15:00:00,1,1,
2024-09-20 16:00:00,1,0,
2024-09-20 17:00:00,1,0,
2024-09-20 18:00:00,1,0,
2024-09-20 19:00:00,1,0,
2024-09-20 20:00:00,1,0,
2024-09-20 21:00:00,1,0,
2024-09-20 22:00:00,1,0,
2024-09-20 23:00:00,1,0,
2024-09-21 00:00:00,1,0,
2024-09-21 01:00:00,1,0,
2024-09-21 02:00:00,1,0,
2024-09-21 03:00:00,1,0,
2024-09-21 04:00:00,1,0,
2024-09-21 05:00:00,1,0,
2024-09-21 06:00:00,1,0,
2024-09-21 07:00:00,1,0,
2024-09-21 08:00:00,1,0,
2024-09-21 09:00:00,1,0,
2024-09-21 10:00:00,1,0,
2024-09-21 11:00:00,1,1,
2024-09-21 12:00:00,1,1,
2024-09-21 13:00:00,1,1,
2024-09-21 14:00:00,1,1,
2024-09-21 15:00:00,1,1,
2024-09-21 16:00:00,1,0,
2024-09-21 17:00:00,1,0,
2024-09-21 18:00:00,1,0,
2024-09-21 19:00:00,1,0,
2024-09-21 20:00:00,1,0,
2024-09-21 21:00:00,1,0,
2024-09-21 22:00:00,1,0,
2024-09-21 23:00:00,1,0,
2024-09-22 00:00:00,1,0,
2024-09-22 01:00:00,1,0,
2024-09-22 02:00:00,1,0,
2024-09-22 03:00:00,1,0,
2024-09-22 04:00:00,1,0,
2024-09-22 05:00:00,1,0,
2024-09-22 06:00:00,1,0,
2024-09-22 07:00:00,1,0,
2024-09-22 08:00:00,1,0,
2024-09-22 09:00:00,1,0,
2024-09-22 10:00:00,1,0,
2024-09-22 11:00:00,1,0,
2024-09-22 12:00:00,1,1,
2024-09-22 13:00:00,1,1,
2024-09-22 14:00:00,1,1,
2024-09-22 15:00:00,1,0,
2024-09-22 16:00:00,1,0,
2024-09-22 17:00:00,1,0,
2024-09-22 18:00:00,1,0,
2024-09-22 19:00:00,1,0,
2024-09-22 20:00:00,1,0,
2024-09-22 21:00:00,1,0,
2024-09-22 22:00:00,1,0,
2024-09-22 23:00:00,1,0,
2024-09-23 00:00:00,1,0,
2024-09-23 01:00:00,1,0,
2024-09-23 02:00:00,1,0,
2024-09-23 03:00:00,1,0,
2024-09-23 04:00:00,1,0,
2024-09-23 05:00:00,1,0,
2024-09-23 06:00:00,1,0,
2024-09-23 07:00:00,1,0,
2024-09-23 08:00:00,1,0,
2024-09-23 09:00:00,1,0,
2024-09-23 10:00:00,1,0,
2024-09-23 11:00:00,1,1,
2024-09-23 12:00:00,1,1,
2024-09-23 13:00:00,1,1,
2024-09-23 14:00:00,1,1,
2024-09-23 15:00:00,1,1,
2024-09-23 16:00:00,1,0,
2024-09-23 17:00:00,1,0,
2024-09-23 18:00:00,1,0,
2024-09-23 19:00:00,1,0,
2024-09-23 20:00:00,1,0,
2024-09-23 21:00:00,1,0,
2024-09-23 22:00:00,1,0,
2024-09-23 23:00:00,1,0,
2024-09-24 00:00:00,1,0,
2024-09-24 01:00:00,1,0,
2024-09-24 02:00:00,1,0,
2024-09-24 03:00:00,1,0,
2024-09-24 04:00:00,1,0,
2024-09-24 05:00:00,1,0,
2024-09-24 06:00:00,1,0,
2024-09-24 07:00:00,1,0,
2024-09-24 08:00:00,1,0,
2024-09-24 09:00:00,1,0,
2024-09-24 10:00:00,1,0,
2024-09-24 11:00:00,1,1,
2024-09-24 12:00:00,1,1,
2024-09-24 13:00:00,1,1,
2024-09-24 14:00:00,1,1,
2024-09-24 15:00:00,1,1,
2024-09-24 16:00:00,1,0,
2024-09-24 17:00:00,1,0,
2024-09-24 18:00:00,1,0,
2024-09-24 19:00:00,1,0,
2024-09-24 20:00:00,1,0,
2024-09-24 21:00:00,1,0,
2024-09-24 22:00:00,1,0,
2024-09-24 23:00:00,1,0,
2024-09-25 00:00:00,1,0,
2024-09-25 01:00:00,1,0,
2024-09-25 02:00:00,1,0,
2024-09-25 03:00:00,1,0,
2024-09-25 04:00:00,1,0,
2024-09-25 05:00:00,1,0,
2024-09-25 06:00:00,1,0,
2024-09-25 07:00:00,1,0,
2024-09-25 08:00:00,1,0,
2024-09-25 09:00:00,1,0,
2024-09-25 10:00:00,1,0,
2024-09-25 11:00:00,1,1,
2024-09-25 12:00:00,1,1,
2024-09-25 13:00:00,1,1,
2024-09-25 14:00:00,1,1,
2024-09-25 15:00:00,1,1,
2024-09-25 16:00:00,1,0,
2024-09-25 17:00:00,1,0,
2024-09-25 18:00:00,1,0,
2024-09-25 19:00:00,1,0,
2024-09-25 20:00:00,1,0,
2024-09-25 21:00:00,1,0,
2024-09-25 22:00:00,1,0,
2024-09-25 23:00:00,1,0,
2024-09-26 00:00:00,1,0,
2024-09-26 01:00:00,1,0,
2024-09-26 02:00:00,1,0,
2024-09-26 03:00:00,1,0,
2024-09-26 04:00:00,1,0,
2024-09-26 05:00:00,1,0,
2024-09-26 06:00:00,1,0,
2024-09-26 07:00:00,1,0,
2024-09-26 08:00:00,1,0,
2024-09-26 09:00:00,1,0,
2024-09-26 10:00:00,1,0,
2024-09-26 11:00:00,1,1,
2024-09-26 12:00:00,1,1,
2024-09-26 13:00:00,1,1,
2024-09-26 14:00:00,1,1,
2024-09-26 15:00:00,1,1,
2024-09-26 16:00:00,1,0,
2024-09-26 17:00:00,1,0,
2024-09-26 18:00:00,1,0,
2024-09-26 19:00:00,1,0,
2024-09-26 20:00:00,1,0,
2024-09-26 21:00:00,1,0,
2024-09-26 22:00:00,1,0,
2024-09-26 23:00:00,1,0,
2024-09-27 00:00:00,1,0,
2024-09-27 01:00:00,1,0,
2024-09-27 02:00:00,1,0,
2024-09-27 03:00:00,1,0,
2024-09-27 04:00:00,1,0,
2024-09-27 05:00:00,1,0,
2024-09-27 06:00:00,1,0,
2024-09-27 07:00:00,1,0,
2024-09-27 08:00:00,1,0,
2024-09-27 09:00:00,1,0,
2024-09-27 10:00:00,1,0,
2024-09-27 11:00:00,1,1,
2024-09-27 12:00:00,1,1,
2024-09-27 13:00:00,1,1,
2024-09-27 14:00:00,1,1,
2024-09-27 15:00:00,1,1,
2024-09-27 16:00:00,1,0,
2024-09-27 17:00:00,1,0,
2024-09-27 18:00:00,1,0,
2024-09-27 19:00:00,1,0,
2024-09-27 20:00:00,1,0,
2024-09-27 21:00:00,1,0,
2024-09-27 22:00:00,1,0,
2024-09-27 23:00:00,1,0,
2024-09-28 00:00:00,1,0,
2024-09-28 01:00:00,1,0,
2024-09-28 02:00:00,1,0,
2024-09-28 03:00:00,1,0,
2024-09-28 04:00:00,1,0,
2024-09-28 05:00:00,1,0,
2024-09-28 06:00:00,1,0,
2024-09-28 07:00:00,1,0,
2024-09-28 08:00:00,1,0,
2024-09-28 09:00:00,1,0,
2024-09-28 10:00:00,1,0,
2024-09-28 11:00:00,1,1,
2024-09-28 12:00:00,1,1,
2024-09-28 13:00:00,1,1,
2024-09-28 14:00:00,1,1,
2024-09-28 15:00:00,1,1,
2024-09-28 16:00:00,1,0,
2024-09-28 17:00:00,1,0,
2024-09-28 18:00:00,1,0,
2024-09-28 19:00:00,1,0,
2024-09-28 20:00:00,1,0,
2024-09-28 21:00:00,1,0,
2024-09-28 22:00:00,1,0,
2024-09-28 23:00:00,1,0,
2024-09-29 00:00:00,1,0,
2024-09-29 01:00:00,1,0,
2024-09-29 02:00:00,1,0,
2024-09-29 03:00:00,1,0,
2024-09-29 04:00:00,1,0,
2024-09-29 05:00:00,1,0,
2024-09-29 06:00:00,1,0,
2024-09-29 07:00:00,1,0,
2024-09-29 08:00:00,1,0,
2024-09-29 09:00:00,1,0,
2024-09-29 10:00:00,1,0,
2024-09-29 11:00:00,1,1,
2024-09-29 12:00:00,1,1,
2024-09-29 13:00:00,1,1,
2024-09-29 14:00:00,1,1,
2024-09-29 15:00:00,1,1,
2024-09-29 16:00:00,1,0,
2024-09-29 17:00:00,1,0,
2024-09-29 18:00:00,1,0,
2024-09-29 19:00:00,1,0,
2024-09-29 20:00:00,1,0,
2024-09-29 21:00:00,1,0,
2024-09-29 22:00:00,1,0,
2024-09-29 23:00:00,1,0,
2024-09-30 00:00:00,1,0,
2024-09-30 01:00:00,1,0,
2024-09-30 02:00:00,1,0,
2024-09-30 03:00:00,1,0,
2024-09-30 04:00:00,1,0,
2024-09-30 05:00:00,1,0,
2024-09-30 06:00:00,1,0,
2024-09-30 07:00:00,1,0,
2024-09-30 08:00:00,1,0,
2024-09-30 09:00:00,1,0,
2024-09-30 10:00:00,1,0,
2024-09-30 11:00:00,1,1,
2024-09-30 12:00:00,1,1,
2024-09-30 13:00:00,1,1,
2024-09-30 14:00:00,1,1,
2024-09-30 15:00:00,1,1,
2024-09-30 16:00:00,1,0,
2024-09-30 17:00:00,1,0,
2024-09-30 18:00:00,1,0,
2024-09-30 19:00:00,1,0,
2024-09-30 20:00:00,1,0,
2024-09-30 21:00:00,1,0,
2024-09-30 22:00:00,1,0,
2024-09-30 23:00:00,1,0,
2024-10-01 00:00:00,2,0,
2024-10-01 01:00:00,2,0,
2024-10-01 02:00:00,2,0,
2024-10-01 03:00:00,2,0,
2024-10-01 04:00:00,2,0,
2024-10-01 05:00:00,2,0,
2024-10-01 06:00:00,2,0,
2024-10-01 07:00:00,2,0,
2024-10-01 08:00:00,2,0,
2024-10-01 09:00:00,2,0,
2024-10-01 10:00:00,2,0,
2024-10-01 11:00:00,2,1,
2024-10-01 12:00:00,2,1,
2024-10-01 13:00:00,2,1,
2024-10-01 14:00:00,2,1,
2024-10-01 15:00:00,2,1,
2024-10-01 16:00:00,2,0,
2024-10-01 17:00:00,2,0,
2024-10-01 18:00:00,2,0,
2024-10-01 19:00:00,2,0,
2024-10-01 20:00:00,2,0,
2024-10-01 21:00:00,2,0,
2024-10-01 22:00:00,2,0,
2024-10-01 23:00:00,2,0,
2024-10-02 00:00:00,2,0,
2024-10-02 01:00:00,2,0,
2024-10-02 02:00:00,2,0,
2024-10-02 03:00:00,2,0,
2024-10-02 04:00:00,2,0,
2024-10-02 05:00:00,2,0,
2024-10-02 06:00:00,2,0,
2024-10-02 07:00:00,2,0,
2024-10-02 08:00:00,2,0,
2024-10-02 09:00:00,2,0,
2024-10-02 10:00:00,2,0,
2024-10-02 11:00:00,2,1,
2024-10-02 12:00:00,2,1,
2024-10-02 13:00:00,2,1,
2024-10-02 14:00:00,2,1,
2024-10-02 15:00:00,2,0,
2024-10-02 16:00:00,2,0,
2024-10-02 17:00:00,2,0,
2024-10-02 18:00:00,2,0,
2024-10-02 19:00:00,2,0,
2024-10-02 20:00:00,2,0,
2024-10-02 21:00:00,2,0,
2024-10-02 22:00:00,2,0,
2024-10-02 23:00:00,2,0,
2024-10-03 00:00:00,2,0,
2024-10-03 01:00:00,2,0,
2024-10-03 02:00:00,2,0,
2024-10-03 03:00:00,2,0,
2024-10-03 04:00:00,2,0,
2024-10-03 05:00:00,2,0,
2024-10-03 06:00:00,2,0,
2024-10-03 07:00:00,2,0,
2024-10-03 08:00:00,2,0,
2024-10-03 09:00:00,2,0,
2024-10-03 10:00:00,2,0,
2024-10-03 11:00:00,2,1,
2024-10-03 12:00:00,2,1,
2024-10-03 13:00:00,2,1,
2024-10-03 14:00:00,2,1,
2024-10-03 15:00:00,2,0,
2024-10-03 16:00:00,2,0,
2024-10-03 17:00:00,2,0,
2024-10-03 18:00:00,2,0,
2024-10-03 19:00:00,2,0,
2024-10-03 20:00:00,2,0,
2024-10-03 21:00:00,2,0,
2024-10-03 22:00:00,2,0,
2024-10-03 23:00:00,2,0,
2024-10-04 00:00:00,2,0,
2024-10-04 01:00:00,2,0,
2024-10-04 02:00:00,2,0,
2024-10-04 03:00:00,2,0,
2024-10-04 04:00:00,2,0,
2024-10-04 05:00:00,2,0,
2024-10-04 06:00:00,2,0,
2024-10-04 07:00:00,2,0,
2024-10-04 08:00:00,2,0,
2024-10-04 09:00:00,2,0,
2024-10-04 10:00:00,2,0,
2024-10-04 11:00:00,2,1,
2024-10-04 12:00:00,2,1,
2024-10-04 13:00:00,2,1,
2024-10-04 14:00:00,2,1,
2024-10-04 15:00:00,2,1,
2024-10-04 16:00:00,2,0,
2024-10-04 17:00:00,2,0,
2024-10-04 18:00:00,2,0,
2024-10-04 19:00:00,2,0,
2024-10-04 20:00:00,2,0,
2024-10-04 21:00:00,2,0,
2024-10-04 22:00:00,2,0,
2024-10-04 23:00:00,2,0,
2024-10-05 00:00:00,2,0,
2024-10-05 01:00:00,2,0,
2024-10-05 02:00:00,2,0,
2024-10-05 03:00:00,2,0,
2024-10-05 04:00:00,2,0,
2024-10-05 05:00:00,2,0,
2024-10-05 06:00:00,2,0,
2024-10-05 07:00:00,2,0,
2024-10-05 08:00:00,2,0,
2024-10-05 09:00:00,2,0,
2024-10-05 10:00:00,2,0,
2024-10-05 11:00:00,2,1,
2024-10-05 12:00:00,2,1,
2024-10-05 13:00:00,2,1,
2024-10-05 14:00:00,2,1,
2024-10-05 15:00:00,2,1,
2024-10-05 16:00:00,2,0,
2024-10-05 17:00:00,2,0,
2024-10-05 18:00:00,2,0,
2024-10-05 19:00:00,2,0,
2024-10-05 20:00:00,2,0,
2024-10-05 21:00:00,2,0,
2024-10-05 22:00:00,2,0,
2024-10-05 23:00:00,2,0,
2024-10-06 00:00:00,2,0,
2024-10-06 01:00:00,2,0,
2024-10-06 02:00:00,2,0,
2024-10-06 03:00:00,2,0,
2024-10-06 04:00:00,2,0,
2024-10-06 05:00:00,2,0,
2024-10-06 06:00:00,2,0,
2024-10-06 07:00:00,2,0,
2024-10-06 08:00:00,2,0,
2024-10-06 09:00:00,2,0,
2024-10-06 10:00:00,2,0,
2024-10-06 11:00:00,2,1,
2024-10-06 12:00:00,2,1,
2024-10-06 13:00:00,2,1,
2024-10-06 14:00:00,2,1,
2024-10-06 15:00:00,2,1,
2024-10-06 16:00:00,2,0,
2024-10-06 17:00:00,2,0,
2024-10-06 18:00:00,2,0,
2024-10-06 19:00:00,2,0,
2024-10-06 20:00:00,2,0,
2024-10-06 21:00:00,2,0,
2024-10-06 22:00:00,2,0,
2024-10-06 23:00:00,2,0,
2024-10-07 00:00:00,2,0,
2024-10-07 01:00:00,2,0,
2024-10-07 02:00:00,2,0,
2024-10-07 03:00:00,2,0,
2024-10-07 04:00:00,2,0,
2024-10-07 05:00:00,2,0,
2024-10-07 06:00:00,2,0,
2024-10-07 07:00:00,2,0,
2024-10-07 08:00:00,2,0,
2024-10-07 09:00:00,2,0,
2024-10-07 10:00:00,2,0,
2024-10-07 11:00:00,2,1,
2024-10-07 12:00:00,2,1,
2024-10-07 13:00:00,2,1,
2024-10-07 14:00:00,2,1,
2024-10-07 15:00:00,2,1,
2024-10-07 16:00:00,2,0,
2024-10-07 17:00:00,2,0,
2024-10-07 18:00:00,2,0,
2024-10-07 19:00:00,2,0,
2024-10-07 20:00:00,2,0,
2024-10-07 21:00:00,2,0,
2024-10-07 22:00:00,2,0,
2024-10-07 23:00:00,2,0,
2024-10-08 00:00:00,2,0,
2024-10-08 01:00:00,2,0,
2024-10-08 02:00:00,2,0,
2024-10-08 03:00:00,2,0,
2024-10-08 04:00:00,2,0,
2024-10-08 05:00:00,2,0,
2024-10-08 06:00:00,2,0,
2024-10-08 07:00:00,2,0,
2024-10-08 08:00:00,2,0,
2024-10-08 09:00:00,2,0,
2024-10-08 10:00:00,2,0,
2024-10-08 11:00:00,2,0,
2024-10-08 12:00:00,2,1,
2024-10-08 13:00:00,2,1,
2024-10-08 14:00:00,2,1,
2024-10-08 15:00:00,2,1,
2024-10-08 16:00:00,2,0,
2024-10-08 17:00:00,2,0,
2024-10-08 18:00:00,2,0,
2024-10-08 19:00:00,2,0,
2024-10-08 20:00:00,2,0,
2024-10-08 21:00:00,2,0,
2024-10-08 22:00:00,2,0,
2024-10-08 23:00:00,2,0,
2024-10-09 00:00:00,2,0,
2024-10-09 01:00:00,2,0,
2024-10-09 02:00:00,2,0,
2024-10-09 03:00:00,2,0,
2024-10-09 04:00:00,2,0,
2024-10-09 05:00:00,2,0,
2024-10-09 06:00:00,2,0,
2024-10-09 07:00:00,2,0,
2024-10-09 08:00:00,2,0,
2024-10-09 09:00:00,2,0,
2024-10-09 10:00:00,2,0,
2024-10-09 11:00:00,2,0,
2024-10-09 12:00:00,2,1,
2024-10-09 13:00:00,2,1,
2024-10-09 14:00:00,2,1,
2024-10-09 15:00:00,2,1,
2024-10-09 16:00:00,2,0,
2024-10-09 17:00:00,2,0,
2024-10-09 18:00:00,2,0,
2024-10-09 19:00:00,2,0,
2024-10-09 20:00:00,2,0,
2024-10-09 21:00:00,2,0,
2024-10-09 22:00:00,2,0,
2024-10-09 23:00:00,2,0,
2024-10-10 00:00:00,2,0,
2024-10-10 01:00:00,2,0,
2024-10-10 02:00:00,2,0,
2024-10-10 03:00:00,2,0,
2024-10-10 04:00:00,2,0,
2024-10-10 05:00:00,2,0,
2024-10-10 06:00:00,2,0,
2024-10-10 07:00:00,2,0,
2024-10-10 08:00:00,2,0,
2024-10-10 09:00:00,2,0,
2024-10-10 10:00:00,2,0,
2024-10-10 11:00:00,2,0,
2024-10-10 12:00:00,2,1,
2024-10-10 13:00:00,2,1,
2024-10-10 14:00:00,2,1,
2024-10-10 15:00:00,2,0,
2024-10-10 16:00:00,2,0,
2024-10-10 17:00:00,2,0,
2024-10-10 18:00:00,2,0,
2024-10-10 19:00:00,2,0,
2024-10-10 20:00:00,2,0,
2024-10-10 21:00:00,2,0,
2024-10-10 22:00:00,2,0,
2024-10-10 23:00:00,2,0,
2024-10-11 00:00:00,2,0,
2024-10-11 01:00:00,2,0,
2024-10-11 02:00:00,2,0,
2024-10-11 03:00:00,2,0,
2024-10-11 04:00:00,2,0,
2024-10-11 05:00:00,2,0,
2024-10-11 06:00:00,2,0,
2024-10-11 07:00:00,2,0,
2024-10-11 08:00:00,2,0,
2024-10-11 09:00:00,2,0,
2024-10-11 10:00:00,2,0,
2024-10-11 11:00:00,2,0,
2024-10-11 12:00:00,2,1,
2024-10-11 13:00:00,2,1,
2024-10-11 14:00:00,2,1,
2024-10-11 15:00:00,2,0,
2024-10-11 16:00:00,2,0,
2024-10-11 17:00:00,2,0,
2024-10-11 18:00:00,2,0,
2024-10-11 19:00:00,2,0,
2024-10-11 20:00:00,2,0,
2024-10-11 21:00:00,2,0,
2024-10-11 22:00:00,2,0,
2024-10-11 23:00:00,2,0,
2024-10-12 00:00:00,2,0,
2024-10-12 01:00:00,2,0,
2024-10-12 02:00:00,2,0,
2024-10-12 03:00:00,2,0,
2024-10-12 04:00:00,2,0,
2024-10-12 05:00:00,2,0,
2024-10-12 06:00:00,2,0,
2024-10-12 07:00:00,2,0,
2024-10-12 08:00:00,2,0,
2024-10-12 09:00:00,2,0,
2024-10-12 10:00:00,2,0,
2024-10-12 11:00:00,2,0,
2024-10-12 12:00:00,2,1,
2024-10-12 13:00:00,2,1,
2024-10-12 14:00:00,2,1,
2024-10-12 15:00:00,2,0,
2024-10-12 16:00:00,2,0,
2024-10-12 17:00:00,2,0,
2024-10-12 18:00:00,2,0,
2024-10-12 19:00:00,2,0,
2024-10-12 20:00:00,2,0,
2024-10-12 21:00:00,2,0,
2024-10-12 22:00:00,2,0,
2024-10-12 23:00:00,2,0,
2024-10-13 00:00:00,2,0,
2024-10-13 01:00:00,2,0,
2024-10-13 02:00:00,2,0,
2024-10-13 03:00:00,2,0,
2024-10-13 04:00:00,2,0,
2024-10-13 05:00:00,2,0,
2024-10-13 06:00:00,2,0,
2024-10-13 07:00:00,2,0,
2024-10-13 08:00:00,2,0,
2024-10-13 09:00:00,2,0,
2024-10-13 10:00:00,2,0,
2024-10-13 11:00:00,2,0,
2024-10-13 12:00:00,2,0,
2024-10-13 13:00:00,2,1,
2024-10-13 14:00:00,2,1,
2024-10-13 15:00:00,2,0,
2024-10-13 16:00:00,2,0,
2024-10-13 17:00:00,2,0,
2024-10-13 18:00:00,2,0,
2024-10-13 19:00:00,2,0,
2024-10-13 20:00:00,2,0,
2024-10-13 21:00:00,2,0,
2024-10-13 22:00:00,2,0,
2024-10-13 23:00:00,2,0,
2024-10-14 00:00:00,2,0,
2024-10-14 01:00:00,2,0,
2024-10-14 02:00:00,2,0,
2024-10-14 03:00:00,2,0,
2024-10-14 04:00:00,2,0,
2024-10-14 05:00:00,2,0,
2024-10-14 06:00:00,2,0,
2024-10-14 07:00:00,2,0,
2024-10-14 08:00:00,2,0,
2024-10-14 09:00:00,2,0,
2024-10-14 10:00:00,2,0,
2024-10-14 11:00:00,2,0,
2024-10-14 12:00:00,2,0,
2024-10-14 13:00:00,2,0,
2024-10-14 14:00:00,2,0,
2024-10-14 15:00:00,2,0,
2024-10-14 16:00:00,2,0,
2024-10-14 17:00:00,2,0,
2024-10-14 18:00:00,2,0,
2024-10-14 19:00:00,2,0,
2024-10-14 20:00:00,2,0,
2024-10-14 21:00:00,2,0,
2024-10-14 22:00:00,2,0,
2024-10-14 23:00:00,2,0,
2024-10-15 00:00:00,2,0,
2024-10-15 01:00:00,2,0,
2024-10-15 02:00:00,2,0,
2024-10-15 03:00:00,2,0,
2024-10-15 04:00:00,2,0,
2024-10-15 05:00:00,2,0,
2024-10-15 06:00:00,2,0,
2024-10-15 07:00:00,2,0,
2024-10-15 08:00:00,2,0,
2024-10-15 09:00:00,2,0,
2024-10-15 10:00:00,2,0,
2024-10-15 11:00:00,2,0,
2024-10-15 12:00:00,2,0,
2024-10-15 13:00:00,2,0,
2024-10-15 14:00:00,2,0,
2024-10-15 15:00:00,2,0,
2024-10-15 16:00:00,2,0,
2024-10-15 17:00:00,2,0,
2024-10-15 18:00:00,2,0,
2024-10-15 19:00:00,2,0,
2024-10-15 20:00:00,2,0,
2024-10-15 21:00:00,2,0,
2024-10-15 22:00:00,2,0,
2024-10-15 23:00:00,2,0,
2024-10-16 00:00:00,2,0,
2024-10-16 01:00:00,2,0,
2024-10-16 02:00:00,2,0,
2024-10-16 03:00:00,2,0,
2024-10-16 04:00:00,2,0,
2024-10-16 05:00:00,2,0,
2024-10-16 06:00:00,2,0,
2024-10-16 07:00:00,2,0,
2024-10-16 08:00:00,2,0,
2024-10-16 09:00:00,2,0,
2024-10-16 10:00:00,2,0,
2024-10-16 11:00:00,2,0,
2024-10-16 12:00:00,2,1,
2024-10-16 13:00:00,2,1,
2024-10-16 14:00:00,2,1,
2024-10-16 15:00:00,2,0,
2024-10-16 16:00:00,2,0,
2024-10-16 17:00:00,2,0,
2024-10-16 18:00:00,2,0,
2024-10-16 19:00:00,2,0,
2024-10-16 20:00:00,2,0,
2024-10-16 21:00:00,2,0,
2024-10-16 22:00:00,2,0,
2024-10-16 23:00:00,2,0,
2024-10-17 00:00:00,2,0,
2024-10-17 01:00:00,2,0,
2024-10-17 02:00:00,2,0,
2024-10-17 03:00:00,2,0,
2024-10-17 04:00:00,2,0,
2024-10-17 05:00:00,2,0,
2024-10-17 06:00:00,2,0,
2024-10-17 07:00:00,2,0,
2024-10-17 08:00:00,2,0,
2024-10-17 09:00:00,2,0,
2024-10-17 10:00:00,2,0,
2024-10-17 11:00:00,2,0,
2024-10-17 12:00:00,2,1,
2024-10-17 13:00:00,2,1,
2024-10-17 14:00:00,2,1,
2024-10-17 15:00:00,2,0,
2024-10-17 16:00:00,2,0,
2024-10-17 17:00:00,2,0,
2024-10-17 18:00:00,2,0,
2024-10-17 19:00:00,2,0,
2024-10-17 20:00:00,2,0,
2024-10-17 21:00:00,2,0,
2024-10-17 22:00:00,2,0,
2024-10-17 23:00:00,2,0,
2024-10-18 00:00:00,2,0,
2024-10-18 01:00:00,2,0,
2024-10-18 02:00:00,2,0,
2024-10-18 03:00:00,2,0,
2024-10-18 04:00:00,2,0,
2024-10-18 05:00:00,2,0,
2024-10-18 06:00:00,2,0,
2024-10-18 07:00:00,2,0,
2024-10-18 08:00:00,2,0,
2024-10-18 09:00:00,2,0,
2024-10-18 10:00:00,2,0,
2024-10-18 11:00:00,2,0,
2024-10-18 12:00:00,2,0,
2024-10-18 13:00:00,2,1,
2024-10-18 14:00:00,2,1,
2024-10-18 15:00:00,2,0,
2024-10-18 16:00:00,2,0,
2024-10-18 17:00:00,2,0,
2024-10-18 18:00:00,2,0,
2024-10-18 19:00:00,2,0,
2024-10-18 20:00:00,2,0,
2024-10-18 21:00:00,2,0,
2024-10-18 22:00:00,2,0,
2024-10-18 23:00:00,2,0,
2024-10-19 00:00:00,2,0,
2024-10-19 01:00:00,2,0,
2024-10-19 02:00:00,2,0,
2024-10-19 03:00:00,2,0,
2024-10-19 04:00:00,2,0,
2024-10-19 05:00:00,2,0,
2024-10-19 06:00:00,2,0,
2024-10-19 07:00:00,2,0,
2024-10-19 08:00:00,2,0,
2024-10-19 09:00:00,2,0,
2024-10-19 10:00:00,2,0,
2024-10-19 11:00:00,2,0,
2024-10-19 12:00:00,2,1,
2024-10-19 13:00:00,2,1,
2024-10-19 14:00:00,2,1,
2024-10-19 15:00:00,2,0,
2024-10-19 16:00:00,2,0,
2024-10-19 17:00:00,2,0,
2024-10-19 18:00:00,2,0,
2024-10-19 19:00:00,2,0,
2024-10-19 20:00:00,2,0,
2024-10-19 21:00:00,2,0,
2024-10-19 22:00:00,2,0,
2024-10-19 23:00:00,2,0,
2024-10-20 00:00:00,2,0,
2024-10-20 01:00:00,2,0,
2024-10-20 02:00:00,2,0,
2024-10-20 03:00:00,2,0,
2024-10-20 04:00:00,2,0,
2024-10-20 05:00:00,2,0,
2024-10-20 06:00:00,2,0,
2024-10-20 07:00:00,2,0,
2024-10-20 08:00:00,2,0,
2024-10-20 09:00:00,2,0,
2024-10-20 10:00:00,2,0,
2024-10-20 11:00:00,2,0,
2024-10-20 12:00:00,2,1,
2024-10-20 13:00:00,2,1,
2024-10-20 14:00:00,2,1,
2024-10-20 15:00:00,2,0,
2024-10-20 16:00:00,2,0,
2024-10-20 17:00:00,2,0,
2024-10-20 18:00:00,2,0,
2024-10-20 19:00:00,2,0,
2024-10-20 20:00:00,2,0,
2024-10-20 21:00:00,2,0,
2024-10-20 22:00:00,2,0,
2024-10-20 23:00:00,2,0,
2024-10-21 00:00:00,2,0,
2024-10-21 01:00:00,2,0,
2024-10-21 02:00:00,2,0,
2024-10-21 03:00:00,2,0,
2024-10-21 04:00:00,2,0,
2024-10-21 05:00:00,2,0,
2024-10-21 06:00:00,2,0,
2024-10-21 07:00:00,2,0,
2024-10-21 08:00:00,2,0,
2024-10-21 09:00:00,2,0,
2024-10-21 10:00:00,2,0,
2024-10-21 11:00:00,2,0,
2024-10-21 12:00:00,2,1,
2024-10-21 13:00:00,2,1,
2024-10-21 14:00:00,2,1,
2024-10-21 15:00:00,2,0,
2024-10-21 16:00:00,2,0,
2024-10-21 17:00:00,2,0,
2024-10-21 18:00:00,2,0,
2024-10-21 19:00:00,2,0,
2024-10-21 20:00:00,2,0,
2024-10-21 21:00:00,2,0,
2024-10-21 22:00:00,2,0,
2024-10-21 23:00:00,2,0,
2024-10-22 00:00:00,2,0,
2024-10-22 01:00:00,2,0,
2024-10-22 02:00:00,2,0,
2024-10-22 03:00:00,2,0,
2024-10-22 04:00:00,2,0,
2024-10-22 05:00:00,2,0,
2024-10-22 06:00:00,2,0,
2024-10-22 07:00:00,2,0,
2024-10-22 08:00:00,2,0,
2024-10-22 09:00:00,2,0,
2024-10-22 10:00:00,2,0,
2024-10-22 11:00:00,2,0,
2024-10-22 12:00:00,2,1,
2024-10-22 13:00:00,2,1,
2024-10-22 14:00:00,2,1,
2024-10-22 15:00:00,2,0,
2024-10-22 16:00:00,2,0,
2024-10-22 17:00:00,2,0,
2024-10-22 18:00:00,2,0,
2024-10-22 19:00:00,2,0,
2024-10-22 20:00:00,2,0,
2024-10-22 21:00:00,2,0,
2024-10-22 22:00:00,2,0,
2024-10-22 23:00:00,2,0,
2024-10-23 00:00:00,2,0,
2024-10-23 01:00:00,2,0,
2024-10-23 02:00:00,2,0,
2024-10-23 03:00:00,2,0,
2024-10-23 04:00:00,2,0,
2024-10-23 05:00:00,2,0,
2024-10-23 06:00:00,2,0,
2024-10-23 07:00:00,2,0,
2024-10-23 08:00:00,2,0,
2024-10-23 09:00:00,2,0,
2024-10-23 10:00:00,2,0,
2024-10-23 11:00:00,2,0,
2024-10-23 12:00:00,2,1,
2024-10-23 13:00:00,2,1,
2024-10-23 14:00:00,2,1,
2024-10-23 15:00:00,2,0,
2024-10-23 16:00:00,2,0,
2024-10-23 17:00:00,2,0,
2024-10-23 18:00:00,2,0,
2024-10-23 19:00:00,2,0,
2024-10-23 20:00:00,2,0,
2024-10-23 21:00:00,2,0,
2024-10-23 22:00:00,2,0,
2024-10-23 23:00:00,2,0,
2024-10-24 00:00:00,2,0,
2024-10-24 01:00:00,2,0,
2024-10-24 02:00:00,2,0,
2024-10-24 03:00:00,2,0,
2024-10-24 04:00:00,2,0,
2024-10-24 05:00:00,2,0,
2024-10-24 06:00:00,2,0,
2024-10-24 07:00:00,2,0,
2024-10-24 08:00:00,2,0,
2024-10-24 09:00:00,2,0,
2024-10-24 10:00:00,2,0,
2024-10-24 11:00:00,2,0,
2024-10-24 12:00:00,2,1,
2024-10-24 13:00:00,2,1,
2024-10-24 14:00:00,2,1,
2024-10-24 15:00:00,2,0,
2024-10-24 16:00:00,2,0,
2024-10-24 17:00:00,2,0,
2024-10-24 18:00:00,2,0,
2024-10-24 19:00:00,2,0,
2024-10-24 20:00:00,2,0,
2024-10-24 21:00:00,2,0,
2024-10-24 22:00:00,2,0,
2024-10-24 23:00:00,2,0,
2024-10-25 00:00:00,2,0,
2024-10-25 01:00:00,2,0,
2024-10-25 02:00:00,2,0,
2024-10-25 03:00:00,2,0,
2024-10-25 04:00:00,2,0,
2024-10-25 05:00:00,2,0,
2024-10-25 06:00:00,2,0,
2024-10-25 07:00:00,2,0,
2024-10-25 08:00:00,2,0,
2024-10-25 09:00:00,2,0,
2024-10-25 10:00:00,2,0,
2024-10-25 11:00:00,2,0,
2024-10-25 12:00:00,2,1,
2024-10-25 13:00:00,2,1,
2024-10-25 14:00:00,2,1,
2024-10-25 15:00:00,2,0,
2024-10-25 16:00:00,2,0,
2024-10-25 17:00:00,2,0,
2024-10-25 18:00:00,2,0,
2024-10-25 19:00:00,2,0,
2024-10-25 20:00:00,2,0,
2024-10-25 21:00:00,2,0,
2024-10-25 22:00:00,2,0,
2024-10-25 23:00:00,2,0,
2024-10-26 00:00:00,2,0,
2024-10-26 01:00:00,2,0,
2024-10-26 02:00:00,2,0,
2024-10-26 03:00:00,2,0,
2024-10-26 04:00:00,2,0,
2024-10-26 05:00:00,2,0,
2024-10-26 06:00:00,2,0,
2024-10-26 07:00:00,2,0,
2024-10-26 08:00:00,2,0,
2024-10-26 09:00:00,2,0,
2024-10-26 10:00:00,2,0,
2024-10-26 11:00:00,2,0,
2024-10-26 12:00:00,2,1,
2024-10-26 13:00:00,2,1,
2024-10-26 14:00:00,2,1,
2024-10-26 15:00:00,2,0,
2024-10-26 16:00:00,2,0,
2024-10-26 17:00:00,2,0,
2024-10-26 18:00:00,2,0,
2024-10-26 19:00:00,2,0,
2024-10-26 20:00:00,2,0,
2024-10-26 21:00:00,2,0,
2024-10-26 22:00:00,2,0,
2024-10-26 23:00:00,2,0,
2024-10-27 00:00:00,2,0,
2024-10-27 01:00:00,2,0,
2024-10-27 02:00:00,2,0,
2024-10-27 03:00:00,2,0,
2024-10-27 04:00:00,2,0,
2024-10-27 05:00:00,2,0,
2024-10-27 06:00:00,2,0,
2024-10-27 07:00:00,2,0,
2024-10-27 08:00:00,2,0,
2024-10-27 09:00:00,2,0,
2024-10-27 10:00:00,2,0,
2024-10-27 11:00:00,2,0,
2024-10-27 12:00:00,2,1,
2024-10-27 13:00:00,2,1,
2024-10-27 14:00:00,2,1,
2024-10-27 15:00:00,2,0,
2024-10-27 16:00:00,2,0,
2024-10-27 17:00:00,2,0,
2024-10-27 18:00:00,2,0,
2024-10-27 19:00:00,2,0,
2024-10-27 20:00:00,2,0,
2024-10-27 21:00:00,2,0,
2024-10-27 22:00:00,2,0,
2024-10-27 23:00:00,2,0,
2024-10-28 00:00:00,2,0,
2024-10-28 01:00:00,2,0,
2024-10-28 02:00:00,2,0,
2024-10-28 03:00:00,2,0,
2024-10-28 04:00:00,2,0,
2024-10-28 05:00:00,2,0,
2024-10-28 06:00:00,2,0,
2024-10-28 07:00:00,2,0,
2024-10-28 08:00:00,2,0,
2024-10-28 09:00:00,2,0,
2024-10-28 10:00:00,2,0,
2024-10-28 11:00:00,2,0,
2024-10-28 12:00:00,2,1,
2024-10-28 13:00:00,2,1,
2024-10-28 14:00:00,2,1,
2024-10-28 15:00:00,2,0,
2024-10-28 16:00:00,2,0,
2024-10-28 17:00:00,2,0,
2024-10-28 18:00:00,2,0,
2024-10-28 19:00:00,2,0,
2024-10-28 20:00:00,2,0,
2024-10-28 21:00:00,2,0,
2024-10-28 22:00:00,2,0,
2024-10-28 23:00:00,2,0,
2024-10-29 00:00:00,2,0,
2024-10-29 01:00:00,2,0,
2024-10-29 02:00:00,2,0,
2024-10-29 03:00:00,2,0,
2024-10-29 04:00:00,2,0,
2024-10-29 05:00:00,2,0,
2024-10-29 06:00:00,2,0,
2024-10-29 07:00:00,2,0,
2024-10-29 08:00:00,2,0,
2024-10-29 09:00:00,2,0,
2024-10-29 10:00:00,2,0,
2024-10-29 11:00:00,2,0,
2024-10-29 12:00:00,2,1,
2024-10-29 13:00:00,2,1,
2024-10-29 14:00:00,2,1,
2024-10-29 15:00:00,2,0,
2024-10-29 16:00:00,2,0,
2024-10-29 17:00:00,2,0,
2024-10-29 18:00:00,2,0,
2024-10-29 19:00:00,2,0,
2024-10-29 20:00:00,2,0,
2024-10-29 21:00:00,2,0,
2024-10-29 22:00:00,2,0,
2024-10-29 23:00:00,2,0,
2024-10-30 00:00:00,2,0,
2024-10-30 01:00:00,2,0,
2024-10-30 02:00:00,2,0,
2024-10-30 03:00:00,2,0,
2024-10-30 04:00:00,2,0,
2024-10-30 05:00:00,2,0,
2024-10-30 06:00:00,2,0,
2024-10-30 07:00:00,2,0,
2024-10-30 08:00:00,2,0,
2024-10-30 09:00:00,2,0,
2024-10-30 10:00:00,2,0,
2024-10-30 11:00:00,2,0,
2024-10-30 12:00:00,2,0,
2024-10-30 13:00:00,2,1,
2024-10-30 14:00:00,2,0,
2024-10-30 15:00:00,2,0,
2024-10-30 16:00:00,2,0,
2024-10-30 17:00:00,2,0,
2024-10-30 18:00:00,2,0,
2024-10-30 19:00:00,2,0,
2024-10-30 20:00:00,2,0,
2024-10-30 21:00:00,2,0,
2024-10-30 22:00:00,2,0,
2024-10-30 23:00:00,2,0,
2024-10-31 00:00:00,2,0,
2024-10-31 01:00:00,2,0,
2024-10-31 02:00:00,2,0,
2024-10-31 03:00:00,2,0,
2024-10-31 04:00:00,2,0,
2024-10-31 05:00:00,2,0,
2024-10-31 06:00:00,2,0,
2024-10-31 07:00:00,2,0,
2024-10-31 08:00:00,2,0,
2024-10-31 09:00:00,2,0,
2024-10-31 10:00:00,2,0,
2024-10-31 11:00:00,2,0,
2024-10-31 12:00:00,2,0,
2024-10-31 13:00:00,2,0,
2024-10-31 14:00:00,2,0,
2024-10-31 15:00:00,2,0,
2024-10-31 16:00:00,2,0,
2024-10-31 17:00:00,2,0,
2024-10-31 18:00:00,2,0,
2024-10-31 19:00:00,2,0,
2024-10-31 20:00:00,2,0,
2024-10-31 21:00:00,2,0,
2024-10-31 22:00:00,2,0,
2024-10-31 23:00:00,2,0,
2024-11-01 00:00:00,2,0,
2024-11-01 01:00:00,2,0,
2024-11-01 02:00:00,2,0,
2024-11-01 03:00:00,2,0,
2024-11-01 04:00:00,2,0,
2024-11-01 05:00:00,2,0,
2024-11-01 06:00:00,2,0,
2024-11-01 07:00:00,2,0,
2024-11-01 08:00:00,2,0,
2024-11-01 09:00:00,2,0,
2024-11-01 10:00:00,2,0,
2024-11-01 11:00:00,2,0,
2024-11-01 12:00:00,2,0,
2024-11-01 13:00:00,2,0,
2024-11-01 14:00:00,2,0,
2024-11-01 15:00:00,2,0,
2024-11-01 16:00:00,2,0,
2024-11-01 17:00:00,2,0,
2024-11-01 18:00:00,2,0,
2024-11-01 19:00:00,2,0,
2024-11-01 20:00:00,2,0,
2024-11-01 21:00:00,2,0,
2024-11-01 22:00:00,2,0,
2024-11-01 23:00:00,2,0,
2024-11-02 00:00:00,2,0,
2024-11-02 01:00:00,2,0,
2024-11-02 02:00:00,2,0,
2024-11-02 03:00:00,2,0,
2024-11-02 04:00:00,2,0,
2024-11-02 05:00:00,2,0,
2024-11-02 06:00:00,2,0,
2024-11-02 07:00:00,2,0,
2024-11-02 08:00:00,2,0,
2024-11-02 09:00:00,2,0,
2024-11-02 10:00:00,2,0,
2024-11-02 11:00:00,2,0,
2024-11-02 12:00:00,2,0,
2024-11-02 13:00:00,2,0,
2024-11-02 14:00:00,2,0,
2024-11-02 15:00:00,2,0,
2024-11-02 16:00:00,2,0,
2024-11-02 17:00:00,2,0,
2024-11-02 18:00:00,2,0,
2024-11-02 19:00:00,2,0,
2024-11-02 20:00:00,2,0,
2024-11-02 21:00:00,2,0,
2024-11-02 22:00:00,2,0,
2024-11-02 23:00:00,2,0,
2024-11-03 00:00:00,2,0,
2024-11-03 01:00:00,2,0,
2024-11-03 02:00:00,2,0,
2024-11-03 03:00:00,2,0,
2024-11-03 04:00:00,2,0,
2024-11-03 05:00:00,2,0,
2024-11-03 06:00:00,2,0,
2024-11-03 07:00:00,2,0,
2024-11-03 08:00:00,2,0,
2024-11-03 09:00:00,2,0,
2024-11-03 10:00:00,2,0,
2024-11-03 11:00:00,2,0,
2024-11-03 12:00:00,2,0,
2024-11-03 13:00:00,2,0,
2024-11-03 14:00:00,2,0,
2024-11-03 15:00:00,2,0,
2024-11-03 16:00:00,2,0,
2024-11-03 17:00:00,2,0,
2024-11-03 18:00:00,2,0,
2024-11-03 19:00:00,2,0,
2024-11-03 20:00:00,2,0,
2024-11-03 21:00:00,2,0,
2024-11-03 22:00:00,2,0,
2024-11-03 23:00:00,2,0,
2024-11-04 00:00:00,2,0,
2024-11-04 01:00:00,2,0,
2024-11-04 02:00:00,2,0,
2024-11-04 03:00:00,2,0,
2024-11-04 04:00:00,2,0,
2024-11-04 05:00:00,2,0,
2024-11-04 06:00:00,2,0,
2024-11-04 07:00:00,2,0,
2024-11-04 08:00:00,2,0,
2024-11-04 09:00:00,2,0,
2024-11-04 10:00:00,2,0,
2024-11-04 11:00:00,2,0,
2024-11-04 12:00:00,2,0,
2024-11-04 13:00:00,2,0,
2024-11-04 14:00:00,2,0,
2024-11-04 15:00:00,2,0,
2024-11-04 16:00:00,2,0,
2024-11-04 17:00:00,2,0,
2024-11-04 18:00:00,2,0,
2024-11-04 19:00:00,2,0,
2024-11-04 20:00:00,2,0,
2024-11-04 21:00:00,2,0,
2024-11-04 22:00:00,2,0,
2024-11-04 23:00:00,2,0,
2024-11-05 00:00:00,2,0,
2024-11-05 01:00:00,2,0,
2024-11-05 02:00:00,2,0,
2024-11-05 03:00:00,2,0,
2024-11-05 04:00:00,2,0,
2024-11-05 05:00:00,2,0,
2024-11-05 06:00:00,2,0,
2024-11-05 07:00:00,2,0,
2024-11-05 08:00:00,2,0,
2024-11-05 09:00:00,2,0,
2024-11-05 10:00:00,2,0,
2024-11-05 11:00:00,2,0,
2024-11-05 12:00:00,2,0,
2024-11-05 13:00:00,2,0,
2024-11-05 14:00:00,2,0,
2024-11-05 15:00:00,2,0,
2024-11-05 16:00:00,2,0,
2024-11-05 17:00:00,2,0,
2024-11-05 18:00:00,2,0,
2024-11-05 19:00:00,2,0,
2024-11-05 20:00:00,2,0,
2024-11-05 21:00:00,2,0,
2024-11-05 22:00:00,2,0,
2024-11-05 23:00:00,2,0,
2024-11-06 00:00:00,2,0,
2024-11-06 01:00:00,2,0,
2024-11-06 02:00:00,2,0,
2024-11-06 03:00:00,2,0,
2024-11-06 04:00:00,2,0,
2024-11-06 05:00:00,2,0,
2024-11-06 06:00:00,2,0,
2024-11-06 07:00:00,2,0,
2024-11-06 08:00:00,2,0,
2024-11-06 09:00:00,2,0,
2024-11-06 10:00:00,2,0,
2024-11-06 11:00:00,2,0,
2024-11-06 12:00:00,2,0,
2024-11-06 13:00:00,2,1,
2024-11-06 14:00:00,2,0,
2024-11-06 15:00:00,2,0,
2024-11-06 16:00:00,2,0,
2024-11-06 17:00:00,2,0,
2024-11-06 18:00:00,2,0,
2024-11-06 19:00:00,2,0,
2024-11-06 20:00:00,2,0,
2024-11-06 21:00:00,2,0,
2024-11-06 22:00:00,2,0,
2024-11-06 23:00:00,2,0,
2024-11-07 00:00:00,2,0,
2024-11-07 01:00:00,2,0,
2024-11-07 02:00:00,2,0,
2024-11-07 03:00:00,2,0,
2024-11-07 04:00:00,2,0,
2024-11-07 05:00:00,2,0,
2024-11-07 06:00:00,2,0,
2024-11-07 07:00:00,2,0,
2024-11-07 08:00:00,2,0,
2024-11-07 09:00:00,2,0,
2024-11-07 10:00:00,2,0,
2024-11-07 11:00:00,2,0,
2024-11-07 12:00:00,2,0,
2024-11-07 13:00:00,2,1,
2024-11-07 14:00:00,2,0,
2024-11-07 15:00:00,2,0,
2024-11-07 16:00:00,2,0,
2024-11-07 17:00:00,2,0,
2024-11-07 18:00:00,2,0,
2024-11-07 19:00:00,2,0,
2024-11-07 20:00:00,2,0,
2024-11-07 21:00:00,2,0,
2024-11-07 22:00:00,2,0,
2024-11-07 23:00:00,2,0,
2024-11-08 00:00:00,2,0,
2024-11-08 01:00:00,2,0,
2024-11-08 02:00:00,2,0,
2024-11-08 03:00:00,2,0,
2024-11-08 04:00:00,2,0,
2024-11-08 05:00:00,2,0,
2024-11-08 06:00:00,2,0,
2024-11-08 07:00:00,2,0,
2024-11-08 08:00:00,2,0,
2024-11-08 09:00:00,2,0,
2024-11-08 10:00:00,2,0,
2024-11-08 11:00:00,2,0,
2024-11-08 12:00:00,2,0,
2024-11-08 13:00:00,2,0,
2024-11-08 14:00:00,2,0,
2024-11-08 15:00:00,2,0,
2024-11-08 16:00:00,2,0,
2024-11-08 17:00:00,2,0,
2024-11-08 18:00:00,2,0,
2024-11-08 19:00:00,2,0,
2024-11-08 20:00:00,2,0,
2024-11-08 21:00:00,2,0,
2024-11-08 22:00:00,2,0,
2024-11-08 23:00:00,2,0,
2024-11-09 00:00:00,2,0,
2024-11-09 01:00:00,2,0,
2024-11-09 02:00:00,2,0,
2024-11-09 03:00:00,2,0,
2024-11-09 04:00:00,2,0,
2024-11-09 05:00:00,2,0,
2024-11-09 06:00:00,2,0,
2024-11-09 07:00:00,2,0,
2024-11-09 08:00:00,2,0,
2024-11-09 09:00:00,2,0,
2024-11-09 10:00:00,2,0,
2024-11-09 11:00:00,2,0,
2024-11-09 12:00:00,2,0,
2024-11-09 13:00:00,2,0,
2024-11-09 14:00:00,2,0,
2024-11-09 15:00:00,2,0,
2024-11-09 16:00:00,2,0,
2024-11-09 17:00:00,2,0,
2024-11-09 18:00:00,2,0,
2024-11-09 19:00:00,2,0,
2024-11-09 20:00:00,2,0,
2024-11-09 21:00:00,2,0,
2024-11-09 22:00:00,2,0,
2024-11-09 23:00:00,2,0,
2024-11-10 00:00:00,2,0,
2024-11-10 01:00:00,2,0,
2024-11-10 02:00:00,2,0,
2024-11-10 03:00:00,2,0,
2024-11-10 04:00:00,2,0,
2024-11-10 05:00:00,2,0,
2024-11-10 06:00:00,2,0,
2024-11-10 07:00:00,2,0,
2024-11-10 08:00:00,2,0,
2024-11-10 09:00:00,2,0,
2024-11-10 10:00:00,2,0,
2024-11-10 11:00:00,2,0,
2024-11-10 12:00:00,2,0,
2024-11-10 13:00:00,2,0,
2024-11-10 14:00:00,2,0,
2024-11-10 15:00:00,2,0,
2024-11-10 16:00:00,2,0,
2024-11-10 17:00:00,2,0,
2024-11-10 18:00:00,2,0,
2024-11-10 19:00:00,2,0,
2024-11-10 20:00:00,2,0,
2024-11-10 21:00:00,2,0,
2024-11-10 22:00:00,2,0,
2024-11-10 23:00:00,2,0,
2024-11-11 00:00:00,2,0,
2024-11-11 01:00:00,2,0,
2024-11-11 02:00:00,2,0,
2024-11-11 03:00:00,2,0,
2024-11-11 04:00:00,2,0,
2024-11-11 05:00:00,2,0,
2024-11-11 06:00:00,2,0,
2024-11-11 07:00:00,2,0,
2024-11-11 08:00:00,2,0,
2024-11-11 09:00:00,2,0,
2024-11-11 10:00:00,2,0,
2024-11-11 11:00:00,2,0,
2024-11-11 12:00:00,2,0,
2024-11-11 13:00:00,2,0,
2024-11-11 14:00:00,2,0,
2024-11-11 15:00:00,2,0,
2024-11-11 16:00:00,2,0,
2024-11-11 17:00:00,2,0,
2024-11-11 18:00:00,2,0,
2024-11-11 19:00:00,2,0,
2024-11-11 20:00:00,2,0,
2024-11-11 21:00:00,2,0,
2024-11-11 22:00:00,2,0,
2024-11-11 23:00:00,2,0,
2024-11-12 00:00:00,2,0,
2024-11-12 01:00:00,2,0,
2024-11-12 02:00:00,2,0,
2024-11-12 03:00:00,2,0,
2024-11-12 04:00:00,2,0,
2024-11-12 05:00:00,2,0,
2024-11-12 06:00:00,2,0,
2024-11-12 07:00:00,2,0,
2024-11-12 08:00:00,2,0,
2024-11-12 09:00:00,2,0,
2024-11-12 10:00:00,2,0,
2024-11-12 11:00:00,2,0,
2024-11-12 12:00:00,2,0,
2024-11-12 13:00:00,2,0,
2024-11-12 14:00:00,2,0,
2024-11-12 15:00:00,2,0,
2024-11-12 16:00:00,2,0,
2024-11-12 17:00:00,2,0,
2024-11-12 18:00:00,2,0,
2024-11-12 19:00:00,2,0,
2024-11-12 20:00:00,2,0,
2024-11-12 21:00:00,2,0,
2024-11-12 22:00:00,2,0,
2024-11-12 23:00:00,2,0,
2024-11-13 00:00:00,2,0,
2024-11-13 01:00:00,2,0,
2024-11-13 02:00:00,2,0,
2024-11-13 03:00:00,2,0,
2024-11-13 04:00:00,2,0,
2024-11-13 05:00:00,2,0,
2024-11-13 06:00:00,2,0,
2024-11-13 07:00:00,2,0,
2024-11-13 08:00:00,2,0,
2024-11-13 09:00:00,2,0,
2024-11-13 10:00:00,2,0,
2024-11-13 11:00:00,2,0,
2024-11-13 12:00:00,2,0,
2024-11-13 13:00:00,2,0,
2024-11-13 14:00:00,2,0,
2024-11-13 15:00:00,2,0,
2024-11-13 16:00:00,2,0,
2024-11-13 17:00:00,2,0,
2024-11-13 18:00:00,2,0,
2024-11-13 19:00:00,2,0,
2024-11-13 20:00:00,2,0,
2024-11-13 21:00:00,2,0,
2024-11-13 22:00:00,2,0,
2024-11-13 23:00:00,2,0,
2024-11-14 00:00:00,2,0,
2024-11-14 01:00:00,2,0,
2024-11-14 02:00:00,2,0,
2024-11-14 03:00:00,2,0,
2024-11-14 04:00:00,2,0,
2024-11-14 05:00:00,2,0,
2024-11-14 06:00:00,2,0,
2024-11-14 07:00:00,2,0,
2024-11-14 08:00:00,2,0,
2024-11-14 09:00:00,2,0,
2024-11-14 10:00:00,2,0,
2024-11-14 11:00:00,2,0,
2024-11-14 12:00:00,2,0,
2024-11-14 13:00:00,2,0,
2024-11-14 14:00:00,2,0,
2024-11-14 15:00:00,2,0,
2024-11-14 16:00:00,2,0,
2024-11-14 17:00:00,2,0,
2024-11-14 18:00:00,2,0,
2024-11-14 19:00:00,2,0,
2024-11-14 20:00:00,2,0,
2024-11-14 21:00:00,2,0,
2024-11-14 22:00:00,2,0,
2024-11-14 23:00:00,2,0,
2024-11-15 00:00:00,2,0,
2024-11-15 01:00:00,2,0,
2024-11-15 02:00:00,2,0,
2024-11-15 03:00:00,2,0,
2024-11-15 04:00:00,2,0,
2024-11-15 05:00:00,2,0,
2024-11-15 06:00:00,2,0,
2024-11-15 07:00:00,2,0,
2024-11-15 08:00:00,2,0,
2024-11-15 09:00:00,2,0,
2024-11-15 10:00:00,2,0,
2024-11-15 11:00:00,2,0,
2024-11-15 12:00:00,2,0,
2024-11-15 13:00:00,2,0,
2024-11-15 14:00:00,2,0,
2024-11-15 15:00:00,2,0,
2024-11-15 16:00:00,2,0,
2024-11-15 17:00:00,2,0,
2024-11-15 18:00:00,2,0,
2024-11-15 19:00:00,2,0,
2024-11-15 20:00:00,2,0,
2024-11-15 21:00:00,2,0,
2024-11-15 22:00:00,2,0,
2024-11-15 23:00:00,2,0,
2024-11-16 00:00:00,2,0,
2024-11-16 01:00:00,2,0,
2024-11-16 02:00:00,2,0,
2024-11-16 03:00:00,2,0,
2024-11-16 04:00:00,2,0,
2024-11-16 05:00:00,2,0,
2024-11-16 06:00:00,2,0,
2024-11-16 07:00:00,2,0,
2024-11-16 08:00:00,2,0,
2024-11-16 09:00:00,2,0,
2024-11-16 10:00:00,2,0,
2024-11-16 11:00:00,2,0,
2024-11-16 12:00:00,2,0,
2024-11-16 13:00:00,2,0,
2024-11-16 14:00:00,2,0,
2024-11-16 15:00:00,2,0,
2024-11-16 16:00:00,2,0,
2024-11-16 17:00:00,2,0,
2024-11-16 18:00:00,2,0,
2024-11-16 19:00:00,2,0,
2024-11-16 20:00:00,2,0,
2024-11-16 21:00:00,2,0,
2024-11-16 22:00:00,2,0,
2024-11-16 23:00:00,2,0,
2024-11-17 00:00:00,2,0,
2024-11-17 01:00:00,2,0,
2024-11-17 02:00:00,2,0,
2024-11-17 03:00:00,2,0,
2024-11-17 04:00:00,2,0,
2024-11-17 05:00:00,2,0,
2024-11-17 06:00:00,2,0,
2024-11-17 07:00:00,2,0,
2024-11-17 08:00:00,2,0,
2024-11-17 09:00:00,2,0,
2024-11-17 10:00:00,2,0,
2024-11-17 11:00:00,2,0,
2024-11-17 12:00:00,2,0,
2024-11-17 13:00:00,2,0,
2024-11-17 14:00:00,2,0,
2024-11-17 15:00:00,2,0,
2024-11-17 16:00:00,2,0,
2024-11-17 17:00:00,2,0,
2024-11-17 18:00:00,2,0,
2024-11-17 19:00:00,2,0,
2024-11-17 20:00:00,2,0,
2024-11-17 21:00:00,2,0,
2024-11-17 22:00:00,2,0,
2024-11-17 23:00:00,2,0,
2024-11-18 00:00:00,2,0,
2024-11-18 01:00:00,2,0,
2024-11-18 02:00:00,2,0,
2024-11-18 03:00:00,2,0,
2024-11-18 04:00:00,2,0,
2024-11-18 05:00:00,2,0,
2024-11-18 06:00:00,2,0,
2024-11-18 07:00:00,2,0,
2024-11-18 08:00:00,2,0,
2024-11-18 09:00:00,2,0,
2024-11-18 10:00:00,2,0,
2024-11-18 11:00:00,2,0,
2024-11-18 12:00:00,2,0,
2024-11-18 13:00:00,2,0,
2024-11-18 14:00:00,2,0,
2024-11-18 15:00:00,2,0,
2024-11-18 16:00:00,2,0,
2024-11-18 17:00:00,2,0,
2024-11-18 18:00:00,2,0,
2024-11-18 19:00:00,2,0,
2024-11-18 20:00:00,2,0,
2024-11-18 21:00:00,2,0,
2024-11-18 22:00:00,2,0,
2024-11-18 23:00:00,2,0,
2024-11-19 00:00:00,2,0,
2024-11-19 01:00:00,2,0,
2024-11-19 02:00:00,2,0,
2024-11-19 03:00:00,2,0,
2024-11-19 04:00:00,2,0,
2024-11-19 05:00:00,2,0,
2024-11-19 06:00:00,2,0,
2024-11-19 07:00:00,2,0,
2024-11-19 08:00:00,2,0,
2024-11-19 09:00:00,2,0,
2024-11-19 10:00:00,2,0,
2024-11-19 11:00:00,2,0,
2024-11-19 12:00:00,2,0,
2024-11-19 13:00:00,2,0,
2024-11-19 14:00:00,2,0,
2024-11-19 15:00:00,2,0,
2024-11-19 16:00:00,2,0,
2024-11-19 17:00:00,2,0,
2024-11-19 18:00:00,2,0,
2024-11-19 19:00:00,2,0,
2024-11-19 20:00:00,2,0,
2024-11-19 21:00:00,2,0,
2024-11-19 22:00:00,2,0,
2024-11-19 23:00:00,2,0,
2024-11-20 00:00:00,2,0,
2024-11-20 01:00:00,2,0,
2024-11-20 02:00:00,2,0,
2024-11-20 03:00:00,2,0,
2024-11-20 04:00:00,2,0,
2024-11-20 05:00:00,2,0,
2024-11-20 06:00:00,2,0,
2024-11-20 07:00:00,2,0,
2024-11-20 08:00:00,2,0,
2024-11-20 09:00:00,2,0,
2024-11-20 10:00:00,2,0,
2024-11-20 11:00:00,2,0,
2024-11-20 12:00:00,2,0,
2024-11-20 13:00:00,2,0,
2024-11-20 14:00:00,2,0,
2024-11-20 15:00:00,2,0,
2024-11-20 16:00:00,2,0,
2024-11-20 17:00:00,2,0,
2024-11-20 18:00:00,2,0,
2024-11-20 19:00:00,2,0,
2024-11-20 20:00:00,2,0,
2024-11-20 21:00:00,2,0,
2024-11-20 22:00:00,2,0,
2024-11-20 23:00:00,2,0,
2024-11-21 00:00:00,2,0,
2024-11-21 01:00:00,2,0,
2024-11-21 02:00:00,2,0,
2024-11-21 03:00:00,2,0,
2024-11-21 04:00:00,2,0,
2024-11-21 05:00:00,2,0,
2024-11-21 06:00:00,2,0,
2024-11-21 07:00:00,2,0,
2024-11-21 08:00:00,2,0,
2024-11-21 09:00:00,2,0,
2024-11-21 10:00:00,2,0,
2024-11-21 11:00:00,2,0,
2024-11-21 12:00:00,2,0,
2024-11-21 13:00:00,2,0,
2024-11-21 14:00:00,2,0,
2024-11-21 15:00:00,2,0,
2024-11-21 16:00:00,2,0,
2024-11-21 17:00:00,2,0,
2024-11-21 18:00:00,2,0,
2024-11-21 19:00:00,2,0,
2024-11-21 20:00:00,2,0,
2024-11-21 21:00:00,2,0,
2024-11-21 22:00:00,2,0,
2024-11-21 23:00:00,2,0,
2024-11-22 00:00:00,2,0,
2024-11-22 01:00:00,2,0,
2024-11-22 02:00:00,2,0,
2024-11-22 03:00:00,2,0,
2024-11-22 04:00:00,2,0,
2024-11-22 05:00:00,2,0,
2024-11-22 06:00:00,2,0,
2024-11-22 07:00:00,2,0,
2024-11-22 08:00:00,2,0,
2024-11-22 09:00:00,2,0,
2024-11-22 10:00:00,2,0,
2024-11-22 11:00:00,2,0,
2024-11-22 12:00:00,2,0,
2024-11-22 13:00:00,2,0,
2024-11-22 14:00:00,2,0,
2024-11-22 15:00:00,2,0,
2024-11-22 16:00:00,2,0,
2024-11-22 17:00:00,2,0,
2024-11-22 18:00:00,2,0,
2024-11-22 19:00:00,2,0,
2024-11-22 20:00:00,2,0,
2024-11-22 21:00:00,2,0,
2024-11-22 22:00:00,2,0,
2024-11-22 23:00:00,2,0,
2024-11-23 00:00:00,2,0,
2024-11-23 01:00:00,2,0,
2024-11-23 02:00:00,2,0,
2024-11-23 03:00:00,2,0,
2024-11-23 04:00:00,2,0,
2024-11-23 05:00:00,2,0,
2024-11-23 06:00:00,2,0,
2024-11-23 07:00:00,2,0,
2024-11-23 08:00:00,2,0,
2024-11-23 09:00:00,2,0,
2024-11-23 10:00:00,2,0,
2024-11-23 11:00:00,2,0,
2024-11-23 12:00:00,2,0,
2024-11-23 13:00:00,2,0,
2024-11-23 14:00:00,2,0,
2024-11-23 15:00:00,2,0,
2024-11-23 16:00:00,2,0,
2024-11-23 17:00:00,2,0,
2024-11-23 18:00:00,2,0,
2024-11-23 19:00:00,2,0,
2024-11-23 20:00:00,2,0,
2024-11-23 21:00:00,2,0,
2024-11-23 22:00:00,2,0,
2024-11-23 23:00:00,2,0,
2024-11-24 00:00:00,2,0,
2024-11-24 01:00:00,2,0,
2024-11-24 02:00:00,2,0,
2024-11-24 03:00:00,2,0,
2024-11-24 04:00:00,2,0,
2024-11-24 05:00:00,2,0,
2024-11-24 06:00:00,2,0,
2024-11-24 07:00:00,2,0,
2024-11-24 08:00:00,2,0,
2024-11-24 09:00:00,2,0,
2024-11-24 10:00:00,2,0,
2024-11-24 11:00:00,2,0,
2024-11-24 12:00:00,2,0,
2024-11-24 13:00:00,2,0,
2024-11-24 14:00:00,2,0,
2024-11-24 15:00:00,2,0,
2024-11-24 16:00:00,2,0,
2024-11-24 17:00:00,2,0,
2024-11-24 18:00:00,2,0,
2024-11-24 19:00:00,2,0,
2024-11-24 20:00:00,2,0,
2024-11-24 21:00:00,2,0,
2024-11-24 22:00:00,2,0,
2024-11-24 23:00:00,2,0,
2024-11-25 00:00:00,2,0,
2024-11-25 01:00:00,2,0,
2024-11-25 02:00:00,2,0,
2024-11-25 03:00:00,2,0,
2024-11-25 04:00:00,2,0,
2024-11-25 05:00:00,2,0,
2024-11-25 06:00:00,2,0,
2024-11-25 07:00:00,2,0,
2024-11-25 08:00:00,2,0,
2024-11-25 09:00:00,2,0,
2024-11-25 10:00:00,2,0,
2024-11-25 11:00:00,2,0,
2024-11-25 12:00:00,2,0,
2024-11-25 13:00:00,2,0,
2024-11-25 14:00:00,2,0,
2024-11-25 15:00:00,2,0,
2024-11-25 16:00:00,2,0,
2024-11-25 17:00:00,2,0,
2024-11-25 18:00:00,2,0,
2024-11-25 19:00:00,2,0,
2024-11-25 20:00:00,2,0,
2024-11-25 21:00:00,2,0,
2024-11-25 22:00:00,2,0,
2024-11-25 23:00:00,2,0,
2024-11-26 00:00:00,2,0,
2024-11-26 01:00:00,2,0,
2024-11-26 02:00:00,2,0,
2024-11-26 03:00:00,2,0,
2024-11-26 04:00:00,2,0,
2024-11-26 05:00:00,2,0,
2024-11-26 06:00:00,2,0,
2024-11-26 07:00:00,2,0,
2024-11-26 08:00:00,2,0,
2024-11-26 09:00:00,2,0,
2024-11-26 10:00:00,2,0,
2024-11-26 11:00:00,2,0,
2024-11-26 12:00:00,2,0,
2024-11-26 13:00:00,2,0,
2024-11-26 14:00:00,2,0,
2024-11-26 15:00:00,2,0,
2024-11-26 16:00:00,2,0,
2024-11-26 17:00:00,2,0,
2024-11-26 18:00:00,2,0,
2024-11-26 19:00:00,2,0,
2024-11-26 20:00:00,2,0,
2024-11-26 21:00:00,2,0,
2024-11-26 22:00:00,2,0,
2024-11-26 23:00:00,2,0,
2024-11-27 00:00:00,2,0,
2024-11-27 01:00:00,2,0,
2024-11-27 02:00:00,2,0,
2024-11-27 03:00:00,2,0,
2024-11-27 04:00:00,2,0,
2024-11-27 05:00:00,2,0,
2024-11-27 06:00:00,2,0,
2024-11-27 07:00:00,2,0,
2024-11-27 08:00:00,2,0,
2024-11-27 09:00:00,2,0,
2024-11-27 10:00:00,2,0,
2024-11-27 11:00:00,2,0,
2024-11-27 12:00:00,2,0,
2024-11-27 13:00:00,2,0,
2024-11-27 14:00:00,2,0,
2024-11-27 15:00:00,2,0,
2024-11-27 16:00:00,2,0,
2024-11-27 17:00:00,2,0,
2024-11-27 18:00:00,2,0,
2024-11-27 19:00:00,2,0,
2024-11-27 20:00:00,2,0,
2024-11-27 21:00:00,2,0,
2024-11-27 22:00:00,2,0,
2024-11-27 23:00:00,2,0,
2024-11-28 00:00:00,2,0,
2024-11-28 01:00:00,2,0,
2024-11-28 02:00:00,2,0,
2024-11-28 03:00:00,2,0,
2024-11-28 04:00:00,2,0,
2024-11-28 05:00:00,2,0,
2024-11-28 06:00:00,2,0,
2024-11-28 07:00:00,2,0,
2024-11-28 08:00:00,2,0,
2024-11-28 09:00:00,2,0,
2024-11-28 10:00:00,2,0,
2024-11-28 11:00:00,2,0,
2024-11-28 12:00:00,2,0,
2024-11-28 13:00:00,2,0,
2024-11-28 14:00:00,2,0,
2024-11-28 15:00:00,2,0,
2024-11-28 16:00:00,2,0,
2024-11-28 17:00:00,2,0,
2024-11-28 18:00:00,2,0,
2024-11-28 19:00:00,2,0,
2024-11-28 20:00:00,2,0,
2024-11-28 21:00:00,2,0,
2024-11-28 22:00:00,2,0,
2024-11-28 23:00:00,2,0,
2024-11-29 00:00:00,2,0,
2024-11-29 01:00:00,2,0,
2024-11-29 02:00:00,2,0,
2024-11-29 03:00:00,2,0,
2024-11-29 04:00:00,2,0,
2024-11-29 05:00:00,2,0,
2024-11-29 06:00:00,2,0,
2024-11-29 07:00:00,2,0,
2024-11-29 08:00:00,2,0,
2024-11-29 09:00:00,2,0,
2024-11-29 10:00:00,2,0,
2024-11-29 11:00:00,2,0,
2024-11-29 12:00:00,2,0,
2024-11-29 13:00:00,2,0,
2024-11-29 14:00:00,2,0,
2024-11-29 15:00:00,2,0,
2024-11-29 16:00:00,2,0,
2024-11-29 17:00:00,2,0,
2024-11-29 18:00:00,2,0,
2024-11-29 19:00:00,2,0,
2024-11-29 20:00:00,2,0,
2024-11-29 21:00:00,2,0,
2024-11-29 22:00:00,2,0,
2024-11-29 23:00:00,2,0,
2024-11-30 00:00:00,2,0,
2024-11-30 01:00:00,2,0,
2024-11-30 02:00:00,2,0,
2024-11-30 03:00:00,2,0,
2024-11-30 04:00:00,2,0,
2024-11-30 05:00:00,2,0,
2024-11-30 06:00:00,2,0,
2024-11-30 07:00:00,2,0,
2024-11-30 08:00:00,2,0,
2024-11-30 09:00:00,2,0,
2024-11-30 10:00:00,2,0,
2024-11-30 11:00:00,2,0,
2024-11-30 12:00:00,2,0,
2024-11-30 13:00:00,2,0,
2024-11-30 14:00:00,2,0,
2024-11-30 15:00:00,2,0,
2024-11-30 16:00:00,2,0,
2024-11-30 17:00:00,2,0,
2024-11-30 18:00:00,2,0,
2024-11-30 19:00:00,2,0,
2024-11-30 20:00:00,2,0,
2024-11-30 21:00:00,2,0,
2024-11-30 22:00:00,2,0,
2024-11-30 23:00:00,2,0,
2024-12-01 00:00:00,2,0,
2024-12-01 01:00:00,2,0,
2024-12-01 02:00:00,2,0,
2024-12-01 03:00:00,2,0,
2024-12-01 04:00:00,2,0,
2024-12-01 05:00:00,2,0,
2024-12-01 06:00:00,2,0,
2024-12-01 07:00:00,2,0,
2024-12-01 08:00:00,2,0,
2024-12-01 09:00:00,2,0,
2024-12-01 10:00:00,2,0,
2024-12-01 11:00:00,2,0,
2024-12-01 12:00:00,2,0,
2024-12-01 13:00:00,2,0,
2024-12-01 14:00:00,2,0,
2024-12-01 15:00:00,2,0,
2024-12-01 16:00:00,2,0,
2024-12-01 17:00:00,2,0,
2024-12-01 18:00:00,2,0,
2024-12-01 19:00:00,2,0,
2024-12-01 20:00:00,2,0,
2024-12-01 21:00:00,2,0,
2024-12-01 22:00:00,2,0,
2024-12-01 23:00:00,2,0,
2024-12-02 00:00:00,2,0,
2024-12-02 01:00:00,2,0,
2024-12-02 02:00:00,2,0,
2024-12-02 03:00:00,2,0,
2024-12-02 04:00:00,2,0,
2024-12-02 05:00:00,2,0,
2024-12-02 06:00:00,2,0,
2024-12-02 07:00:00,2,0,
2024-12-02 08:00:00,2,0,
2024-12-02 09:00:00,2,0,
2024-12-02 10:00:00,2,0,
2024-12-02 11:00:00,2,0,
2024-12-02 12:00:00,2,0,
2024-12-02 13:00:00,2,0,
2024-12-02 14:00:00,2,0,
2024-12-02 15:00:00,2,0,
2024-12-02 16:00:00,2,0,
2024-12-02 17:00:00,2,0,
2024-12-02 18:00:00,2,0,
2024-12-02 19:00:00,2,0,
2024-12-02 20:00:00,2,0,
2024-12-02 21:00:00,2,0,
2024-12-02 22:00:00,2,0,
2024-12-02 23:00:00,2,0,
2024-12-03 00:00:00,2,0,
2024-12-03 01:00:00,2,0,
2024-12-03 02:00:00,2,0,
2024-12-03 03:00:00,2,0,
2024-12-03 04:00:00,2,0,
2024-12-03 05:00:00,2,0,
2024-12-03 06:00:00,2,0,
2024-12-03 07:00:00,2,0,
2024-12-03 08:00:00,2,0,
2024-12-03 09:00:00,2,0,
2024-12-03 10:00:00,2,0,
2024-12-03 11:00:00,2,0,
2024-12-03 12:00:00,2,0,
2024-12-03 13:00:00,2,0,
2024-12-03 14:00:00,2,0,
2024-12-03 15:00:00,2,0,
2024-12-03 16:00:00,2,0,
2024-12-03 17:00:00,2,0,
2024-12-03 18:00:00,2,0,
2024-12-03 19:00:00,2,0,
2024-12-03 20:00:00,2,0,
2024-12-03 21:00:00,2,0,
2024-12-03 22:00:00,2,0,
2024-12-03 23:00:00,2,0,
2024-12-04 00:00:00,2,0,
2024-12-04 01:00:00,2,0,
2024-12-04 02:00:00,2,0,
2024-12-04 03:00:00,2,0,
2024-12-04 04:00:00,2,0,
2024-12-04 05:00:00,2,0,
2024-12-04 06:00:00,2,0,
2024-12-04 07:00:00,2,0,
2024-12-04 08:00:00,2,0,
2024-12-04 09:00:00,2,0,
2024-12-04 10:00:00,2,0,
2024-12-04 11:00:00,2,0,
2024-12-04 12:00:00,2,0,
2024-12-04 13:00:00,2,0,
2024-12-04 14:00:00,2,0,
2024-12-04 15:00:00,2,0,
2024-12-04 16:00:00,2,0,
2024-12-04 17:00:00,2,0,
2024-12-04 18:00:00,2,0,
2024-12-04 19:00:00,2,0,
2024-12-04 20:00:00,2,0,
2024-12-04 21:00:00,2,0,
2024-12-04 22:00:00,2,0,
2024-12-04 23:00:00,2,0,
2024-12-05 00:00:00,2,0,
2024-12-05 01:00:00,2,0,
2024-12-05 02:00:00,2,0,
2024-12-05 03:00:00,2,0,
2024-12-05 04:00:00,2,0,
2024-12-05 05:00:00,2,0,
2024-12-05 06:00:00,2,0,
2024-12-05 07:00:00,2,0,
2024-12-05 08:00:00,2,0,
2024-12-05 09:00:00,2,0,
2024-12-05 10:00:00,2,0,
2024-12-05 11:00:00,2,0,
2024-12-05 12:00:00,2,0,
2024-12-05 13:00:00,2,0,
2024-12-05 14:00:00,2,0,
2024-12-05 15:00:00,2,0,
2024-12-05 16:00:00,2,0,
2024-12-05 17:00:00,2,0,
2024-12-05 18:00:00,2,0,
2024-12-05 19:00:00,2,0,
2024-12-05 20:00:00,2,0,
2024-12-05 21:00:00,2,0,
2024-12-05 22:00:00,2,0,
2024-12-05 23:00:00,2,0,
2024-12-06 00:00:00,2,0,
2024-12-06 01:00:00,2,0,
2024-12-06 02:00:00,2,0,
2024-12-06 03:00:00,2,0,
2024-12-06 04:00:00,2,0,
2024-12-06 05:00:00,2,0,
2024-12-06 06:00:00,2,0,
2024-12-06 07:00:00,2,0,
2024-12-06 08:00:00,2,0,
2024-12-06 09:00:00,2,0,
2024-12-06 10:00:00,2,0,
2024-12-06 11:00:00,2,0,
2024-12-06 12:00:00,2,0,
2024-12-06 13:00:00,2,0,
2024-12-06 14:00:00,2,0,
2024-12-06 15:00:00,2,0,
2024-12-06 16:00:00,2,0,
2024-12-06 17:00:00,2,0,
2024-12-06 18:00:00,2,0,
2024-12-06 19:00:00,2,0,
2024-12-06 20:00:00,2,0,
2024-12-06 21:00:00,2,0,
2024-12-06 22:00:00,2,0,
2024-12-06 23:00:00,2,0,
2024-12-07 00:00:00,2,0,
2024-12-07 01:00:00,2,0,
2024-12-07 02:00:00,2,0,
2024-12-07 03:00:00,2,0,
2024-12-07 04:00:00,2,0,
2024-12-07 05:00:00,2,0,
2024-12-07 06:00:00,2,0,
2024-12-07 07:00:00,2,0,
2024-12-07 08:00:00,2,0,
2024-12-07 09:00:00,2,0,
2024-12-07 10:00:00,2,0,
2024-12-07 11:00:00,2,0,
2024-12-07 12:00:00,2,0,
2024-12-07 13:00:00,2,0,
2024-12-07 14:00:00,2,0,
2024-12-07 15:00:00,2,0,
2024-12-07 16:00:00,2,0,
2024-12-07 17:00:00,2,0,
2024-12-07 18:00:00,2,0,
2024-12-07 19:00:00,2,0,
2024-12-07 20:00:00,2,0,
2024-12-07 21:00:00,2,0,
2024-12-07 22:00:00,2,0,
2024-12-07 23:00:00,2,0,
2024-12-08 00:00:00,2,0,
2024-12-08 01:00:00,2,0,
2024-12-08 02:00:00,2,0,
2024-12-08 03:00:00,2,0,
2024-12-08 04:00:00,2,0,
2024-12-08 05:00:00,2,0,
2024-12-08 06:00:00,2,0,
2024-12-08 07:00:00,2,0,
2024-12-08 08:00:00,2,0,
2024-12-08 09:00:00,2,0,
2024-12-08 10:00:00,2,0,
2024-12-08 11:00:00,2,0,
2024-12-08 12:00:00,2,0,
2024-12-08 13:00:00,2,0,
2024-12-08 14:00:00,2,0,
2024-12-08 15:00:00,2,0,
2024-12-08 16:00:00,2,0,
2024-12-08 17:00:00,2,0,
2024-12-08 18:00:00,2,0,
2024-12-08 19:00:00,2,0,
2024-12-08 20:00:00,2,0,
2024-12-08 21:00:00,2,0,
2024-12-08 22:00:00,2,0,
2024-12-08 23:00:00,2,0,
2024-12-09 00:00:00,2,0,
2024-12-09 01:00:00,2,0,
2024-12-09 02:00:00,2,0,
2024-12-09 03:00:00,2,0,
2024-12-09 04:00:00,2,0,
2024-12-09 05:00:00,2,0,
2024-12-09 06:00:00,2,0,
2024-12-09 07:00:00,2,0,
2024-12-09 08:00:00,2,0,
2024-12-09 09:00:00,2,0,
2024-12-09 10:00:00,2,0,
2024-12-09 11:00:00,2,0,
2024-12-09 12:00:00,2,0,
2024-12-09 13:00:00,2,0,
2024-12-09 14:00:00,2,0,
2024-12-09 15:00:00,2,0,
2024-12-09 16:00:00,2,0,
2024-12-09 17:00:00,2,0,
2024-12-09 18:00:00,2,0,
2024-12-09 19:00:00,2,0,
2024-12-09 20:00:00,2,0,
2024-12-09 21:00:00,2,0,
2024-12-09 22:00:00,2,0,
2024-12-09 23:00:00,2,0,
2024-12-10 00:00:00,2,0,
2024-12-10 01:00:00,2,0,
2024-12-10 02:00:00,2,0,
2024-12-10 03:00:00,2,0,
2024-12-10 04:00:00,2,0,
2024-12-10 05:00:00,2,0,
2024-12-10 06:00:00,2,0,
2024-12-10 07:00:00,2,0,
2024-12-10 08:00:00,2,0,
2024-12-10 09:00:00,2,0,
2024-12-10 10:00:00,2,0,
2024-12-10 11:00:00,2,0,
2024-12-10 12:00:00,2,0,
2024-12-10 13:00:00,2,0,
2024-12-10 14:00:00,2,0,
2024-12-10 15:00:00,2,0,
2024-12-10 16:00:00,2,0,
2024-12-10 17:00:00,2,0,
2024-12-10 18:00:00,2,0,
2024-12-10 19:00:00,2,0,
2024-12-10 20:00:00,2,0,
2024-12-10 21:00:00,2,0,
2024-12-10 22:00:00,2,0,
2024-12-10 23:00:00,2,0,
2024-12-11 00:00:00,2,0,
2024-12-11 01:00:00,2,0,
2024-12-11 02:00:00,2,0,
2024-12-11 03:00:00,2,0,
2024-12-11 04:00:00,2,0,
2024-12-11 05:00:00,2,0,
2024-12-11 06:00:00,2,0,
2024-12-11 07:00:00,2,0,
2024-12-11 08:00:00,2,0,
2024-12-11 09:00:00,2,0,
2024-12-11 10:00:00,2,0,
2024-12-11 11:00:00,2,0,
2024-12-11 12:00:00,2,0,
2024-12-11 13:00:00,2,0,
2024-12-11 14:00:00,2,0,
2024-12-11 15:00:00,2,0,
2024-12-11 16:00:00,2,0,
2024-12-11 17:00:00,2,0,
2024-12-11 18:00:00,2,0,
2024-12-11 19:00:00,2,0,
2024-12-11 20:00:00,2,0,
2024-12-11 21:00:00,2,0,
2024-12-11 22:00:00,2,0,
2024-12-11 23:00:00,2,0,
2024-12-12 00:00:00,2,0,
2024-12-12 01:00:00,2,0,
2024-12-12 02:00:00,2,0,
2024-12-12 03:00:00,2,0,
2024-12-12 04:00:00,2,0,
2024-12-12 05:00:00,2,0,
2024-12-12 06:00:00,2,0,
2024-12-12 07:00:00,2,0,
2024-12-12 08:00:00,2,0,
2024-12-12 09:00:00,2,0,
2024-12-12 10:00:00,2,0,
2024-12-12 11:00:00,2,0,
2024-12-12 12:00:00,2,0,
2024-12-12 13:00:00,2,0,
2024-12-12 14:00:00,2,0,
2024-12-12 15:00:00,2,0,
2024-12-12 16:00:00,2,0,
2024-12-12 17:00:00,2,0,
2024-12-12 18:00:00,2,0,
2024-12-12 19:00:00,2,0,
2024-12-12 20:00:00,2,0,
2024-12-12 21:00:00,2,0,
2024-12-12 22:00:00,2,0,
2024-12-12 23:00:00,2,0,
2024-12-13 00:00:00,2,0,
2024-12-13 01:00:00,2,0,
2024-12-13 02:00:00,2,0,
2024-12-13 03:00:00,2,0,
2024-12-13 04:00:00,2,0,
2024-12-13 05:00:00,2,0,
2024-12-13 06:00:00,2,0,
2024-12-13 07:00:00,2,0,
2024-12-13 08:00:00,2,0,
2024-12-13 09:00:00,2,0,
2024-12-13 10:00:00,2,0,
2024-12-13 11:00:00,2,0,
2024-12-13 12:00:00,2,0,
2024-12-13 13:00:00,2,0,
2024-12-13 14:00:00,2,0,
2024-12-13 15:00:00,2,0,
2024-12-13 16:00:00,2,0,
2024-12-13 17:00:00,2,0,
2024-12-13 18:00:00,2,0,
2024-12-13 19:00:00,2,0,
2024-12-13 20:00:00,2,0,
2024-12-13 21:00:00,2,0,
2024-12-13 22:00:00,2,0,
2024-12-13 23:00:00,2,0,
2024-12-14 00:00:00,2,0,
2024-12-14 01:00:00,2,0,
2024-12-14 02:00:00,2,0,
2024-12-14 03:00:00,2,0,
2024-12-14 04:00:00,2,0,
2024-12-14 05:00:00,2,0,
2024-12-14 06:00:00,2,0,
2024-12-14 07:00:00,2,0,
2024-12-14 08:00:00,2,0,
2024-12-14 09:00:00,2,0,
2024-12-14 10:00:00,2,0,
2024-12-14 11:00:00,2,0,
2024-12-14 12:00:00,2,0,
2024-12-14 13:00:00,2,0,
2024-12-14 14:00:00,2,0,
2024-12-14 15:00:00,2,0,
2024-12-14 16:00:00,2,0,
2024-12-14 17:00:00,2,0,
2024-12-14 18:00:00,2,0,
2024-12-14 19:00:00,2,0,
2024-12-14 20:00:00,2,0,
2024-12-14 21:00:00,2,0,
2024-12-14 22:00:00,2,0,
2024-12-14 23:00:00,2,0,
2024-12-15 00:00:00,2,0,
2024-12-15 01:00:00,2,0,
2024-12-15 02:00:00,2,0,
2024-12-15 03:00:00,2,0,
2024-12-15 04:00:00,2,0,
2024-12-15 05:00:00,2,0,
2024-12-15 06:00:00,2,0,
2024-12-15 07:00:00,2,0,
2024-12-15 08:00:00,2,0,
2024-12-15 09:00:00,2,0,
2024-12-15 10:00:00,2,0,
2024-12-15 11:00:00,2,0,
2024-12-15 12:00:00,2,0,
2024-12-15 13:00:00,2,0,
2024-12-15 14:00:00,2,0,
2024-12-15 15:00:00,2,0,
2024-12-15 16:00:00,2,0,
2024-12-15 17:00:00,2,0,
2024-12-15 18:00:00,2,0,
2024-12-15 19:00:00,2,0,
2024-12-15 20:00:00,2,0,
2024-12-15 21:00:00,2,0,
2024-12-15 22:00:00,2,0,
2024-12-15 23:00:00,2,0,
2024-12-16 00:00:00,2,0,
2024-12-16 01:00:00,2,0,
2024-12-16 02:00:00,2,0,
2024-12-16 03:00:00,2,0,
2024-12-16 04:00:00,2,0,
2024-12-16 05:00:00,2,0,
2024-12-16 06:00:00,2,0,
2024-12-16 07:00:00,2,0,
2024-12-16 08:00:00,2,0,
2024-12-16 09:00:00,2,0,
2024-12-16 10:00:00,2,0,
2024-12-16 11:00:00,2,0,
2024-12-16 12:00:00,2,0,
2024-12-16 13:00:00,2,0,
2024-12-16 14:00:00,2,0,
2024-12-16 15:00:00,2,0,
2024-12-16 16:00:00,2,0,
2024-12-16 17:00:00,2,0,
2024-12-16 18:00:00,2,0,
2024-12-16 19:00:00,2,0,
2024-12-16 20:00:00,2,0,
2024-12-16 21:00:00,2,0,
2024-12-16 22:00:00,2,0,
2024-12-16 23:00:00,2,0,
2024-12-17 00:00:00,2,0,
2024-12-17 01:00:00,2,0,
2024-12-17 02:00:00,2,0,
2024-12-17 03:00:00,2,0,
2024-12-17 04:00:00,2,0,
2024-12-17 05:00:00,2,0,
2024-12-17 06:00:00,2,0,
2024-12-17 07:00:00,2,0,
2024-12-17 08:00:00,2,0,
2024-12-17 09:00:00,2,0,
2024-12-17 10:00:00,2,0,
2024-12-17 11:00:00,2,0,
2024-12-17 12:00:00,2,0,
2024-12-17 13:00:00,2,0,
2024-12-17 14:00:00,2,0,
2024-12-17 15:00:00,2,0,
2024-12-17 16:00:00,2,0,
2024-12-17 17:00:00,2,0,
2024-12-17 18:00:00,2,0,
2024-12-17 19:00:00,2,0,
2024-12-17 20:00:00,2,0,
2024-12-17 21:00:00,2,0,
2024-12-17 22:00:00,2,0,
2024-12-17 23:00:00,2,0,
2024-12-18 00:00:00,2,0,
2024-12-18 01:00:00,2,0,
2024-12-18 02:00:00,2,0,
2024-12-18 03:00:00,2,0,
2024-12-18 04:00:00,2,0,
2024-12-18 05:00:00,2,0,
2024-12-18 06:00:00,2,0,
2024-12-18 07:00:00,2,0,
2024-12-18 08:00:00,2,0,
2024-12-18 09:00:00,2,0,
2024-12-18 10:00:00,2,0,
2024-12-18 11:00:00,2,0,
2024-12-18 12:00:00,2,0,
2024-12-18 13:00:00,2,0,
2024-12-18 14:00:00,2,0,
2024-12-18 15:00:00,2,0,
2024-12-18 16:00:00,2,0,
2024-12-18 17:00:00,2,0,
2024-12-18 18:00:00,2,0,
2024-12-18 19:00:00,2,0,
2024-12-18 20:00:00,2,0,
2024-12-18 21:00:00,2,0,
2024-12-18 22:00:00,2,0,
2024-12-18 23:00:00,2,0,
2024-12-19 00:00:00,2,0,
2024-12-19 01:00:00,2,0,
2024-12-19 02:00:00,2,0,
2024-12-19 03:00:00,2,0,
2024-12-19 04:00:00,2,0,
2024-12-19 05:00:00,2,0,
2024-12-19 06:00:00,2,0,
2024-12-19 07:00:00,2,0,
2024-12-19 08:00:00,2,0,
2024-12-19 09:00:00,2,0,
2024-12-19 10:00:00,2,0,
2024-12-19 11:00:00,2,0,
2024-12-19 12:00:00,2,0,
2024-12-19 13:00:00,2,0,
2024-12-19 14:00:00,2,0,
2024-12-19 15:00:00,2,0,
2024-12-19 16:00:00,2,0,
2024-12-19 17:00:00,2,0,
2024-12-19 18:00:00,2,0,
2024-12-19 19:00:00,2,0,
2024-12-19 20:00:00,2,0,
2024-12-19 21:00:00,2,0,
2024-12-19 22:00:00,2,0,
2024-12-19 23:00:00,2,0,
2024-12-20 00:00:00,2,0,
2024-12-20 01:00:00,2,0,
2024-12-20 02:00:00,2,0,
2024-12-20 03:00:00,2,0,
2024-12-20 04:00:00,2,0,
2024-12-20 05:00:00,2,0,
2024-12-20 06:00:00,2,0,
2024-12-20 07:00:00,2,0,
2024-12-20 08:00:00,2,0,
2024-12-20 09:00:00,2,0,
2024-12-20 10:00:00,2,0,
2024-12-20 11:00:00,2,0,
2024-12-20 12:00:00,2,0,
2024-12-20 13:00:00,2,0,
2024-12-20 14:00:00,2,0,
2024-12-20 15:00:00,2,0,
2024-12-20 16:00:00,2,0,
2024-12-20 17:00:00,2,0,
2024-12-20 18:00:00,2,0,
2024-12-20 19:00:00,2,0,
2024-12-20 20:00:00,2,0,
2024-12-20 21:00:00,2,0,
2024-12-20 22:00:00,2,0,
2024-12-20 23:00:00,2,0,
2024-12-21 00:00:00,2,0,
2024-12-21 01:00:00,2,0,
2024-12-21 02:00:00,2,0,
2024-12-21 03:00:00,2,0,
2024-12-21 04:00:00,2,0,
2024-12-21 05:00:00,2,0,
2024-12-21 06:00:00,2,0,
2024-12-21 07:00:00,2,0,
2024-12-21 08:00:00,2,0,
2024-12-21 09:00:00,2,0,
2024-12-21 10:00:00,2,0,
2024-12-21 11:00:00,2,0,
2024-12-21 12:00:00,2,0,
2024-12-21 13:00:00,2,0,
2024-12-21 14:00:00,2,0,
2024-12-21 15:00:00,2,0,
2024-12-21 16:00:00,2,0,
2024-12-21 17:00:00,2,0,
2024-12-21 18:00:00,2,0,
2024-12-21 19:00:00,2,0,
2024-12-21 20:00:00,2,0,
2024-12-21 21:00:00,2,0,
2024-12-21 22:00:00,2,0,
2024-12-21 23:00:00,2,0,
2024-12-22 00:00:00,2,0,
2024-12-22 01:00:00,2,0,
2024-12-22 02:00:00,2,0,
2024-12-22 03:00:00,2,0,
2024-12-22 04:00:00,2,0,
2024-12-22 05:00:00,2,0,
2024-12-22 06:00:00,2,0,
2024-12-22 07:00:00,2,0,
2024-12-22 08:00:00,2,0,
2024-12-22 09:00:00,2,0,
2024-12-22 10:00:00,2,0,
2024-12-22 11:00:00,2,0,
2024-12-22 12:00:00,2,0,
2024-12-22 13:00:00,2,0,
2024-12-22 14:00:00,2,0,
2024-12-22 15:00:00,2,0,
2024-12-22 16:00:00,2,0,
2024-12-22 17:00:00,2,0,
2024-12-22 18:00:00,2,0,
2024-12-22 19:00:00,2,0,
2024-12-22 20:00:00,2,0,
2024-12-22 21:00:00,2,0,
2024-12-22 22:00:00,2,0,
2024-12-22 23:00:00,2,0,
2024-12-23 00:00:00,2,0,
2024-12-23 01:00:00,2,0,
2024-12-23 02:00:00,2,0,
2024-12-23 03:00:00,2,0,
2024-12-23 04:00:00,2,0,
2024-12-23 05:00:00,2,0,
2024-12-23 06:00:00,2,0,
2024-12-23 07:00:00,2,0,
2024-12-23 08:00:00,2,0,
2024-12-23 09:00:00,2,0,
2024-12-23 10:00:00,2,0,
2024-12-23 11:00:00,2,0,
2024-12-23 12:00:00,2,0,
2024-12-23 13:00:00,2,0,
2024-12-23 14:00:00,2,0,
2024-12-23 15:00:00,2,0,
2024-12-23 16:00:00,2,0,
2024-12-23 17:00:00,2,0,
2024-12-23 18:00:00,2,0,
2024-12-23 19:00:00,2,0,
2024-12-23 20:00:00,2,0,
2024-12-23 21:00:00,2,0,
2024-12-23 22:00:00,2,0,
2024-12-23 23:00:00,2,0,
2024-12-24 00:00:00,2,0,
2024-12-24 01:00:00,2,0,
2024-12-24 02:00:00,2,0,
2024-12-24 03:00:00,2,0,
2024-12-24 04:00:00,2,0,
2024-12-24 05:00:00,2,0,
2024-12-24 06:00:00,2,0,
2024-12-24 07:00:00,2,0,
2024-12-24 08:00:00,2,0,
2024-12-24 09:00:00,2,0,
2024-12-24 10:00:00,2,0,
2024-12-24 11:00:00,2,0,
2024-12-24 12:00:00,2,0,
2024-12-24 13:00:00,2,0,
2024-12-24 14:00:00,2,0,
2024-12-24 15:00:00,2,0,
2024-12-24 16:00:00,2,0,
2024-12-24 17:00:00,2,0,
2024-12-24 18:00:00,2,0,
2024-12-24 19:00:00,2,0,
2024-12-24 20:00:00,2,0,
2024-12-24 21:00:00,2,0,
2024-12-24 22:00:00,2,0,
2024-12-24 23:00:00,2,0,
2024-12-25 00:00:00,2,0,
2024-12-25 01:00:00,2,0,
2024-12-25 02:00:00,2,0,
2024-12-25 03:00:00,2,0,
2024-12-25 04:00:00,2,0,
2024-12-25 05:00:00,2,0,
2024-12-25 06:00:00,2,0,
2024-12-25 07:00:00,2,0,
2024-12-25 08:00:00,2,0,
2024-12-25 09:00:00,2,0,
2024-12-25 10:00:00,2,0,
2024-12-25 11:00:00,2,0,
2024-12-25 12:00:00,2,0,
2024-12-25 13:00:00,2,0,
2024-12-25 14:00:00,2,0,
2024-12-25 15:00:00,2,0,
2024-12-25 16:00:00,2,0,
2024-12-25 17:00:00,2,0,
2024-12-25 18:00:00,2,0,
2024-12-25 19:00:00,2,0,
2024-12-25 20:00:00,2,0,
2024-12-25 21:00:00,2,0,
2024-12-25 22:00:00,2,0,
2024-12-25 23:00:00,2,0,
2024-12-26 00:00:00,2,0,
2024-12-26 01:00:00,2,0,
2024-12-26 02:00:00,2,0,
2024-12-26 03:00:00,2,0,
2024-12-26 04:00:00,2,0,
2024-12-26 05:00:00,2,0,
2024-12-26 06:00:00,2,0,
2024-12-26 07:00:00,2,0,
2024-12-26 08:00:00,2,0,
2024-12-26 09:00:00,2,0,
2024-12-26 10:00:00,2,0,
2024-12-26 11:00:00,2,0,
2024-12-26 12:00:00,2,0,
2024-12-26 13:00:00,2,0,
2024-12-26 14:00:00,2,0,
2024-12-26 15:00:00,2,0,
2024-12-26 16:00:00,2,0,
2024-12-26 17:00:00,2,0,
2024-12-26 18:00:00,2,0,
2024-12-26 19:00:00,2,0,
2024-12-26 20:00:00,2,0,
2024-12-26 21:00:00,2,0,
2024-12-26 22:00:00,2,0,
2024-12-26 23:00:00,2,0,
2024-12-27 00:00:00,2,0,
2024-12-27 01:00:00,2,0,
2024-12-27 02:00:00,2,0,
2024-12-27 03:00:00,2,0,
2024-12-27 04:00:00,2,0,
2024-12-27 05:00:00,2,0,
2024-12-27 06:00:00,2,0,
2024-12-27 07:00:00,2,0,
2024-12-27 08:00:00,2,0,
2024-12-27 09:00:00,2,0,
2024-12-27 10:00:00,2,0,
2024-12-27 11:00:00,2,0,
2024-12-27 12:00:00,2,0,
2024-12-27 13:00:00,2,0,
2024-12-27 14:00:00,2,0,
2024-12-27 15:00:00,2,0,
2024-12-27 16:00:00,2,0,
2024-12-27 17:00:00,2,0,
2024-12-27 18:00:00,2,0,
2024-12-27 19:00:00,2,0,
2024-12-27 20:00:00,2,0,
2024-12-27 21:00:00,2,0,
2024-12-27 22:00:00,2,0,
2024-12-27 23:00:00,2,0,
2024-12-28 00:00:00,2,0,
2024-12-28 01:00:00,2,0,
2024-12-28 02:00:00,2,0,
2024-12-28 03:00:00,2,0,
2024-12-28 04:00:00,2,0,
2024-12-28 05:00:00,2,0,
2024-12-28 06:00:00,2,0,
2024-12-28 07:00:00,2,0,
2024-12-28 08:00:00,2,0,
2024-12-28 09:00:00,2,0,
2024-12-28 10:00:00,2,0,
2024-12-28 11:00:00,2,0,
2024-12-28 12:00:00,2,0,
2024-12-28 13:00:00,2,0,
2024-12-28 14:00:00,2,0,
2024-12-28 15:00:00,2,0,
2024-12-28 16:00:00,2,0,
2024-12-28 17:00:00,2,0,
2024-12-28 18:00:00,2,0,
2024-12-28 19:00:00,2,0,
2024-12-28 20:00:00,2,0,
2024-12-28 21:00:00,2,0,
2024-12-28 22:00:00,2,0,
2024-12-28 23:00:00,2,0,
2024-12-29 00:00:00,2,0,
2024-12-29 01:00:00,2,0,
2024-12-29 02:00:00,2,0,
2024-12-29 03:00:00,2,0,
2024-12-29 04:00:00,2,0,
2024-12-29 05:00:00,2,0,
2024-12-29 06:00:00,2,0,
2024-12-29 07:00:00,2,0,
2024-12-29 08:00:00,2,0,
2024-12-29 09:00:00,2,0,
2024-12-29 10:00:00,2,0,
2024-12-29 11:00:00,2,0,
2024-12-29 12:00:00,2,0,
2024-12-29 13:00:00,2,0,
2024-12-29 14:00:00,2,0,
2024-12-29 15:00:00,2,0,
2024-12-29 16:00:00,2,0,
2024-12-29 17:00:00,2,0,
2024-12-29 18:00:00,2,0,
2024-12-29 19:00:00,2,0,
2024-12-29 20:00:00,2,0,
2024-12-29 21:00:00,2,0,
2024-12-29 22:00:00,2,0,
2024-12-29 23:00:00,2,0,
2024-12-30 00:00:00,2,0,
2024-12-30 01:00:00,2,0,
2024-12-30 02:00:00,2,0,
2024-12-30 03:00:00,2,0,
2024-12-30 04:00:00,2,0,
2024-12-30 05:00:00,2,0,
2024-12-30 06:00:00,2,0,
2024-12-30 07:00:00,2,0,
2024-12-30 08:00:00,2,0,
2024-12-30 09:00:00,2,0,
2024-12-30 10:00:00,2,0,
2024-12-30 11:00:00,2,0,
2024-12-30 12:00:00,2,0,
2024-12-30 13:00:00,2,0,
2024-12-30 14:00:00,2,0,
2024-12-30 15:00:00,2,0,
2024-12-30 16:00:00,2,0,
2024-12-30 17:00:00,2,0,
2024-12-30 18:00:00,2,0,
2024-12-30 19:00:00,2,0,
2024-12-30 20:00:00,2,0,
2024-12-30 21:00:00,2,0,
2024-12-30 22:00:00,2,0,
2024-12-30 23:00:00,2,0,
2024-12-31 00:00:00,2,0,
2024-12-31 01:00:00,2,0,
2024-12-31 02:00:00,2,0,
2024-12-31 03:00:00,2,0,
2024-12-31 04:00:00,2,0,
2024-12-31 05:00:00,2,0,
2024-12-31 06:00:00,2,0,
2024-12-31 07:00:00,2,0,
2024-12-31 08:00:00,2,0,
2024-12-31 09:00:00,2,0,
2024-12-31 10:00:00,2,0,
2024-12-31 11:00:00,2,0,
2024-12-31 12:00:00,2,0,
2024-12-31 13:00:00,2,0,
2024-12-31 14:00:00,2,0,
2024-12-31 15:00:00,2,0,
2024-12-31 16:00:00,2,0,
2024-12-31 17:00:00,2,0,
2024-12-31 18:00:00,2,0,
2024-12-31 19:00:00,2,0,
2024-12-31 20:00:00,2,0,
2024-12-31 21:00:00,2,0,
2024-12-31 22:00:00,2,0,
2024-12-31 23:00:00,2,0,
2025-01-01 00:00:00,3,0,0.002748766622336645
2025-01-01 01:00:00,3,0,0.002748766622336645
2025-01-01 02:00:00,3,0,0.002748766622336645
2025-01-01 03:00:00,3,0,0.002748766622336645
2025-01-01 04:00:00,3,0,0.002748766622336645
2025-01-01 05:00:00,3,0,0.002748766622336645
2025-01-01 06:00:00,3,0,0.002748766622336645
2025-01-01 07:00:00,3,0,0.002748766622336645
2025-01-01 08:00:00,3,0,0.002748766622336645
2025-01-01 09:00:00,3,0,0.002748766622336645
2025-01-01 10:00:00,3,0,0.004342810069832978
2025-01-01 11:00:00,3,0,0.0037614713657478874
2025-01-01 12:00:00,3,0,0.004342810069832978
2025-01-01 13:00:00,3,0,0.0043948605639221976
2025-01-01 14:00:00,3,0,0.004342810069832978
2025-01-01 15:00:00,3,0,0.006373260447612675
2025-01-01 16:00:00,3,0,0.002748766622336645
2025-01-01 17:00:00,3,0,0.0037694842362681696
2025-01-01 18:00:00,3,0,0.0037694842362681696
2025-01-01 19:00:00,3,0,0.002748766622336645
2025-01-01 20:00:00,3,0,0.002748766622336645
2025-01-01 21:00:00,3,0,0.002748766622336645
2025-01-01 22:00:00,3,0,0.002748766622336645
2025-01-01 23:00:00,3,0,0.0025050469768106627
2025-01-02 00:00:00,3,0,0.0025050469768106627
2025-01-02 01:00:00,3,0,0.0025050469768106627
2025-01-02 02:00:00,3,0,0.0025050469768106627
2025-01-02 03:00:00,3,0,0.0025050469768106627
2025-01-02 04:00:00,3,0,0.0025050469768106627
2025-01-02 05:00:00,3,0,0.0025050469768106627
2025-01-02 06:00:00,3,0,0.0025050469768106627
2025-01-02 07:00:00,3,0,0.0025050469768106627
2025-01-02 08:00:00,3,0,0.002748766622336645
2025-01-02 09:00:00,3,0,0.002748766622336645
2025-01-02 10:00:00,3,0,0.004342810069832978
2025-01-02 11:00:00,3,0,0.0028866134139203265
2025-01-02 12:00:00,3,0,0.0035117919943320423
2025-01-02 13:00:00,3,0,0.0040534956345953
2025-01-02 14:00:00,3,0,0.004342810069832978
2025-01-02 15:00:00,3,0,0.006184601883353396
2025-01-02 16:00:00,3,0,0.006184601883353396
2025-01-02 17:00:00,3,0,0.006184601883353396
2025-01-02 18:00:00,3,0,0.005533369857253615
2025-01-02 19:00:00,3,0,0.0025050469768106627
2025-01-02 20:00:00,3,0,0.0025050469768106627
2025-01-02 21:00:00,3,0,0.0025050469768106627
2025-01-02 22:00:00,3,0,0.0025050469768106627
2025-01-02 23:00:00,3,0,0.0025050469768106627
2025-01-03 00:00:00,3,0,0.0025050469768106627
2025-01-03 01:00:00,3,0,0.0025050469768106627
2025-01-03 02:00:00,3,0,0.0025050469768106627
2025-01-03 03:00:00,3,0,0.0025050469768106627
2025-01-03 04:00:00,3,0,0.0025050469768106627
2025-01-03 05:00:00,3,0,0.0025050469768106627
2025-01-03 06:00:00,3,0,0.0025050469768106627
2025-01-03 07:00:00,3,0,0.0025050469768106627
2025-01-03 08:00:00,3,0,0.0025050469768106627
2025-01-03 09:00:00,3,0,0.0025050469768106627
2025-01-03 10:00:00,3,0,0.0025050469768106627
2025-01-03 11:00:00,3,0,0.0025050469768106627
2025-01-03 12:00:00,3,0,0.0025050469768106627
2025-01-03 13:00:00,3,0,0.006184601883353396
2025-01-03 14:00:00,3,0,0.006184601883353396
2025-01-03 15:00:00,3,0,0.006184601883353396
2025-01-03 16:00:00,3,0,0.0025050469768106627
2025-01-03 17:00:00,3,0,0.0025050469768106627
2025-01-03 18:00:00,3,0,0.0025050469768106627
2025-01-03 19:00:00,3,0,0.0025050469768106627
2025-01-03 20:00:00,3,0,0.0025050469768106627
2025-01-03 21:00:00,3,0,0.0025050469768106627
2025-01-03 22:00:00,3,0,0.002748766622336645
2025-01-03 23:00:00,3,0,0.0025050469768106627
2025-01-04 00:00:00,3,0,0.0025050469768106627
2025-01-04 01:00:00,3,0,0.0025050469768106627
2025-01-04 02:00:00,3,0,0.0025050469768106627
2025-01-04 03:00:00,3,0,0.0025050469768106627
2025-01-04 04:00:00,3,0,0.0025050469768106627
2025-01-04 05:00:00,3,0,0.0025050469768106627
2025-01-04 06:00:00,3,0,0.0025050469768106627
2025-01-04 07:00:00,3,0,0.0025050469768106627
2025-01-04 08:00:00,3,0,0.0025050469768106627
2025-01-04 09:00:00,3,0,0.0025050469768106627
2025-01-04 10:00:00,3,0,0.006184601883353396
2025-01-04 11:00:00,3,0,0.006184601883353396
2025-01-04 12:00:00,3,0,0.006272106152958549
2025-01-04 13:00:00,3,0,0.006272106152958549
2025-01-04 14:00:00,3,0,0.006272106152958549
2025-01-04 15:00:00,3,0,0.006272106152958549
2025-01-04 16:00:00,3,0,0.006272106152958549
2025-01-04 17:00:00,3,0,0.002691085428635102
2025-01-04 18:00:00,3,0,0.0038229491018419767
2025-01-04 19:00:00,3,0,0.0025050469768106627
2025-01-04 20:00:00,3,0,0.0025050469768106627
2025-01-04 21:00:00,3,0,0.002748766622336645
2025-01-04 22:00:00,3,0,0.0025050469768106627
2025-01-04 23:00:00,3,0,0.002748766622336645
2025-01-05 00:00:00,3,0,0.002748766622336645
2025-01-05 01:00:00,3,0,0.002748766622336645
2025-01-05 02:00:00,3,0,0.002748766622336645
2025-01-05 03:00:00,3,0,0.002748766622336645
2025-01-05 04:00:00,3,0,0.002748766622336645
2025-01-05 05:00:00,3,0,0.002748766622336645
2025-01-05 06:00:00,3,0,0.0025050469768106627
2025-01-05 07:00:00,3,0,0.0025050469768106627
2025-01-05 08:00:00,3,0,0.0025050469768106627
2025-01-05 09:00:00,3,0,0.002748766622336645
2025-01-05 10:00:00,3,0,0.006463416636502265
2025-01-05 11:00:00,3,0,0.0037625563360615534
2025-01-05 12:00:00,3,0,0.0033441906716457216
2025-01-05 13:00:00,3,0,0.007223312448326399
2025-01-05 14:00:00,3,0,0.0033441906716457216
2025-01-05 15:00:00,3,0,0.006272106152958549
2025-01-05 16:00:00,3,0,0.007223312448326399
2025-01-05 17:00:00,3,0,0.007223312448326399
2025-01-05 18:00:00,3,0,0.0056117120486662685
2025-01-05 19:00:00,3,0,0.0025050469768106627
2025-01-05 20:00:00,3,0,0.0025050469768106627
2025-01-05 21:00:00,3,0,0.0025050469768106627
2025-01-05 22:00:00,3,0,0.0025050469768106627
2025-01-05 23:00:00,3,0,0.0025050469768106627
2025-01-06 00:00:00,3,0,0.0025050469768106627
2025-01-06 01:00:00,3,0,0.0025050469768106627
2025-01-06 02:00:00,3,0,0.002748766622336645
2025-01-06 03:00:00,3,0,0.002748766622336645
2025-01-06 04:00:00,3,0,0.002748766622336645
2025-01-06 05:00:00,3,0,0.002748766622336645
2025-01-06 06:00:00,3,0,0.002748766622336645
2025-01-06 07:00:00,3,0,0.002748766622336645
2025-01-06 08:00:00,3,0,0.002748766622336645
2025-01-06 09:00:00,3,0,0.003310968787067603
2025-01-06 10:00:00,3,0,0.007223312448326399
2025-01-06 11:00:00,3,0,0.0056117120486662685
2025-01-06 12:00:00,3,0,0.004404370809969934
2025-01-06 13:00:00,3,0,0.007223312448326399
2025-01-06 14:00:00,3,0,0.006272106152958549
2025-01-06 15:00:00,3,0,0.0025050469768106627
2025-01-06 16:00:00,3,0,0.004404370809969934
2025-01-06 17:00:00,3,0,0.006272106152958549
2025-01-06 18:00:00,3,0,0.0038229491018419767
2025-01-06 19:00:00,3,0,0.0025050469768106627
2025-01-06 20:00:00,3,0,0.0025050469768106627
2025-01-06 21:00:00,3,0,0.002748766622336645
2025-01-06 22:00:00,3,0,0.0025050469768106627
2025-01-06 23:00:00,3,0,0.0025050469768106627
2025-01-07 00:00:00,3,0,0.0025050469768106627
2025-01-07 01:00:00,3,0,0.0025050469768106627
2025-01-07 02:00:00,3,0,0.0025050469768106627
2025-01-07 03:00:00,3,0,0.0025050469768106627
2025-01-07 04:00:00,3,0,0.0025050469768106627
2025-01-07 05:00:00,3,0,0.0025050469768106627
2025-01-07 06:00:00,3,0,0.002748766622336645
2025-01-07 07:00:00,3,0,0.0025050469768106627
2025-01-07 08:00:00,3,0,0.0025050469768106627
2025-01-07 09:00:00,3,0,0.002691085428635102
2025-01-07 10:00:00,3,0,0.0038229491018419767
2025-01-07 11:00:00,3,0,0.006272106152958549
2025-01-07 12:00:00,3,0,0.002691085428635102
2025-01-07 13:00:00,3,0,0.006272106152958549
2025-01-07 14:00:00,3,0,0.0025050469768106627
2025-01-07 15:00:00,3,0,0.0025050469768106627
2025-01-07 16:00:00,3,0,0.0025050469768106627
2025-01-07 17:00:00,3,0,0.0025050469768106627
2025-01-07 18:00:00,3,0,0.002691085428635102
2025-01-07 19:00:00,3,0,0.0025050469768106627
2025-01-07 20:00:00,3,0,0.0025050469768106627
2025-01-07 21:00:00,3,0,0.0025050469768106627
2025-01-07 22:00:00,3,0,0.0025050469768106627
2025-01-07 23:00:00,3,0,0.0025050469768106627
2025-01-08 00:00:00,3,0,0.0025050469768106627
2025-01-08 01:00:00,3,0,0.0025050469768106627
2025-01-08 02:00:00,3,0,0.0025050469768106627
2025-01-08 03:00:00,3,0,0.0025050469768106627
2025-01-08 04:00:00,3,0,0.0025050469768106627
2025-01-08 05:00:00,3,0,0.0025050469768106627
2025-01-08 06:00:00,3,0,0.0025050469768106627
2025-01-08 07:00:00,3,0,0.0025050469768106627
2025-01-08 08:00:00,3,0,0.0025050469768106627
2025-01-08 09:00:00,3,0,0.0025050469768106627
2025-01-08 10:00:00,3,0,0.0025050469768106627
2025-01-08 11:00:00,3,0,0.0025050469768106627
2025-01-08 12:00:00,3,0,0.0025050469768106627
2025-01-08 13:00:00,3,0,0.007223312448326399
2025-01-08 14:00:00,3,0,0.006272106152958549
2025-01-08 15:00:00,3,0,0.007000621113926225
2025-01-08 16:00:00,3,0,0.0025050469768106627
2025-01-08 17:00:00,3,0,0.0025050469768106627
2025-01-08 18:00:00,3,0,0.0038229491018419767
2025-01-08 19:00:00,3,0,0.0025050469768106627
2025-01-08 20:00:00,3,0,0.0025050469768106627
2025-01-08 21:00:00,3,0,0.0025050469768106627
2025-01-08 22:00:00,3,0,0.0025050469768106627
2025-01-08 23:00:00,3,0,0.0025050469768106627
2025-01-09 00:00:00,3,0,0.0025050469768106627
2025-01-09 01:00:00,3,0,0.0025050469768106627
2025-01-09 02:00:00,3,0,0.0025050469768106627
2025-01-09 03:00:00,3,0,0.002748766622336645
2025-01-09 04:00:00,3,0,0.002748766622336645
2025-01-09 05:00:00,3,0,0.002748766622336645
2025-01-09 06:00:00,3,0,0.002748766622336645
2025-01-09 07:00:00,3,0,0.002748766622336645
2025-01-09 08:00:00,3,0,0.002748766622336645
2025-01-09 09:00:00,3,0,0.002748766622336645
2025-01-09 10:00:00,3,0,0.0031673383334266977
2025-01-09 11:00:00,3,0,0.0031673383334266977
2025-01-09 12:00:00,3,0,0.0030478390470714267
2025-01-09 13:00:00,3,0,0.0025050469768106627
2025-01-09 14:00:00,3,0,0.0025050469768106627
2025-01-09 15:00:00,3,0,0.0028866134139203265
2025-01-09 16:00:00,3,0,0.007223312448326399
2025-01-09 17:00:00,3,0,0.006272106152958549
2025-01-09 18:00:00,3,0,0.005920522051503602
2025-01-09 19:00:00,3,0,0.0025050469768106627
2025-01-09 20:00:00,3,0,0.0025050469768106627
2025-01-09 21:00:00,3,0,0.0025050469768106627
2025-01-09 22:00:00,3,0,0.0025050469768106627
2025-01-09 23:00:00,3,0,0.0025050469768106627
2025-01-10 00:00:00,3,0,0.002748766622336645
2025-01-10 01:00:00,3,0,0.002748766622336645
2025-01-10 02:00:00,3,0,0.002748766622336645
2025-01-10 03:00:00,3,0,0.002748766622336645
2025-01-10 04:00:00,3,0,0.002748766622336645
2025-01-10 05:00:00,3,0,0.002748766622336645
2025-01-10 06:00:00,3,0,0.002748766622336645
2025-01-10 07:00:00,3,0,0.002748766622336645
2025-01-10 08:00:00,3,0,0.002748766622336645
2025-01-10 09:00:00,3,0,0.002748766622336645
2025-01-10 10:00:00,3,0,0.0031673383334266977
2025-01-10 11:00:00,3,0,0.004404370809969934
2025-01-10 12:00:00,3,0,0.0038530809713925324
2025-01-10 13:00:00,3,0,0.0040592011646614886
2025-01-10 14:00:00,3,0,0.0045355423093535975
2025-01-10 15:00:00,3,0,0.0031673383334266977
2025-01-10 16:00:00,3,0,0.002748766622336645
2025-01-10 17:00:00,3,0,0.004404370809969934
2025-01-10 18:00:00,3,0,0.0038229491018419767
2025-01-10 19:00:00,3,0,0.002748766622336645
2025-01-10 20:00:00,3,0,0.002748766622336645
2025-01-10 21:00:00,3,0,0.002748766622336645
2025-01-10 22:00:00,3,0,0.002748766622336645
2025-01-10 23:00:00,3,0,0.0025050469768106627
2025-01-11 00:00:00,3,0,0.0025050469768106627
2025-01-11 01:00:00,3,0,0.0025050469768106627
2025-01-11 02:00:00,3,0,0.0025050469768106627
2025-01-11 03:00:00,3,0,0.0025050469768106627
2025-01-11 04:00:00,3,0,0.0025050469768106627
2025-01-11 05:00:00,3,0,0.002748766622336645
2025-01-11 06:00:00,3,0,0.0025050469768106627
2025-01-11 07:00:00,3,0,0.0025050469768106627
2025-01-11 08:00:00,3,0,0.0025050469768106627
2025-01-11 09:00:00,3,0,0.0025050469768106627
2025-01-11 10:00:00,3,0,0.0025050469768106627
2025-01-11 11:00:00,3,0,0.0025050469768106627
2025-01-11 12:00:00,3,0,0.0025050469768106627
2025-01-11 13:00:00,3,0,0.0025050469768106627
2025-01-11 14:00:00,3,0,0.0025050469768106627
2025-01-11 15:00:00,3,0,0.0025050469768106627
2025-01-11 16:00:00,3,0,0.0025050469768106627
2025-01-11 17:00:00,3,0,0.0025050469768106627
2025-01-11 18:00:00,3,0,0.0025050469768106627
2025-01-11 19:00:00,3,0,0.0025050469768106627
2025-01-11 20:00:00,3,0,0.0025050469768106627
2025-01-11 21:00:00,3,0,0.0025050469768106627
2025-01-11 22:00:00,3,0,0.0025050469768106627
2025-01-11 23:00:00,3,0,0.0025050469768106627
2025-01-12 00:00:00,3,0,0.0025050469768106627
2025-01-12 01:00:00,3,0,0.0025050469768106627
2025-01-12 02:00:00,3,0,0.0025050469768106627
2025-01-12 03:00:00,3,0,0.0025050469768106627
2025-01-12 04:00:00,3,0,0.0025050469768106627
2025-01-12 05:00:00,3,0,0.0025050469768106627
2025-01-12 06:00:00,3,0,0.0025050469768106627
2025-01-12 07:00:00,3,0,0.002748766622336645
2025-01-12 08:00:00,3,0,0.002748766622336645
2025-01-12 09:00:00,3,0,0.002748766622336645
2025-01-12 10:00:00,3,0,0.0031673383334266977
2025-01-12 11:00:00,3,0,0.0031673383334266977
2025-01-12 12:00:00,3,0,0.0033441906716457216
2025-01-12 13:00:00,3,0,0.0035881889211580938
2025-01-12 14:00:00,3,0,0.0028866134139203265
2025-01-12 15:00:00,3,0,0.0025050469768106627
2025-01-12 16:00:00,3,0,0.0025050469768106627
2025-01-12 17:00:00,3,0,0.004404370809969934
2025-01-12 18:00:00,3,0,0.0038229491018419767
2025-01-12 19:00:00,3,0,0.0025050469768106627
2025-01-12 20:00:00,3,0,0.0025050469768106627
2025-01-12 21:00:00,3,0,0.002748766622336645
2025-01-12 22:00:00,3,0,0.0025050469768106627
2025-01-12 23:00:00,3,0,0.002748766622336645
2025-01-13 00:00:00,3,0,0.0025050469768106627
2025-01-13 01:00:00,3,0,0.0025050469768106627
2025-01-13 02:00:00,3,0,0.002748766622336645
2025-01-13 03:00:00,3,0,0.002748766622336645
2025-01-13 04:00:00,3,0,0.002748766622336645
2025-01-13 05:00:00,3,0,0.002748766622336645
2025-01-13 06:00:00,3,0,0.002748766622336645
2025-01-13 07:00:00,3,0,0.002748766622336645
2025-01-13 08:00:00,3,0,0.002748766622336645
2025-01-13 09:00:00,3,0,0.002748766622336645
2025-01-13 10:00:00,3,0,0.004404370809969934
2025-01-13 11:00:00,3,0,0.0028866134139203265
2025-01-13 12:00:00,3,0,0.007223312448326399
2025-01-13 13:00:00,3,0,0.003709942925493416
2025-01-13 14:00:00,3,0,0.004676385121034957
2025-01-13 15:00:00,3,0,0.003274165128909787
2025-01-13 16:00:00,3,0,0.002748766622336645
2025-01-13 17:00:00,3,0,0.007223312448326399
2025-01-13 18:00:00,3,0,0.0038229491018419767
2025-01-13 19:00:00,3,0,0.002748766622336645
2025-01-13 20:00:00,3,0,0.002748766622336645
2025-01-13 21:00:00,3,0,0.002748766622336645
2025-01-13 22:00:00,3,0,0.002748766622336645
2025-01-13 23:00:00,3,0,0.002748766622336645
2025-01-14 00:00:00,3,0,0.002748766622336645
2025-01-14 01:00:00,3,0,0.002748766622336645
2025-01-14 02:00:00,3,0,0.002748766622336645
2025-01-14 03:00:00,3,0,0.002748766622336645
2025-01-14 04:00:00,3,0,0.002748766622336645
2025-01-14 05:00:00,3,0,0.002748766622336645
2025-01-14 06:00:00,3,0,0.002748766622336645
2025-01-14 07:00:00,3,0,0.002748766622336645
2025-01-14 08:00:00,3,0,0.002748766622336645
2025-01-14 09:00:00,3,0,0.002748766622336645
2025-01-14 10:00:00,3,0,0.006463416636502265
2025-01-14 11:00:00,3,0,0.0025050469768106627
2025-01-14 12:00:00,3,0,0.006463416636502265
2025-01-14 13:00:00,3,0,0.007223312448326399
2025-01-14 14:00:00,3,0,0.005183968977955908
2025-01-14 15:00:00,3,0,0.0035117919943320423
2025-01-14 16:00:00,3,0,0.0038229491018419767
2025-01-14 17:00:00,3,0,0.0038229491018419767
2025-01-14 18:00:00,3,0,0.0056117120486662685
2025-01-14 19:00:00,3,0,0.0025050469768106627
2025-01-14 20:00:00,3,0,0.0025050469768106627
2025-01-14 21:00:00,3,0,0.002748766622336645
2025-01-14 22:00:00,3,0,0.0025050469768106627
2025-01-14 23:00:00,3,0,0.0025050469768106627
2025-01-15 00:00:00,3,0,0.0025050469768106627
2025-01-15 01:00:00,3,0,0.0025050469768106627
2025-01-15 02:00:00,3,0,0.0025050469768106627
2025-01-15 03:00:00,3,0,0.0025050469768106627
2025-01-15 04:00:00,3,0,0.0025050469768106627
2025-01-15 05:00:00,3,0,0.0025050469768106627
2025-01-15 06:00:00,3,0,0.0025050469768106627
2025-01-15 07:00:00,3,0,0.0025050469768106627
2025-01-15 08:00:00,3,0,0.0025050469768106627
2025-01-15 09:00:00,3,0,0.0031511252925987394
2025-01-15 10:00:00,3,0,0.0038229491018419767
2025-01-15 11:00:00,3,0,0.0056117120486662685
2025-01-15 12:00:00,3,0,0.0038229491018419767
2025-01-15 13:00:00,3,0,0.0036997227747629247
2025-01-15 14:00:00,3,0,0.0033322040021764774
2025-01-15 15:00:00,3,0,0.0025050469768106627
2025-01-15 16:00:00,3,0,0.004404370809969934
2025-01-15 17:00:00,3,0,0.0038229491018419767
2025-01-15 18:00:00,3,0,0.0038229491018419767
2025-01-15 19:00:00,3,0,0.0025050469768106627
2025-01-15 20:00:00,3,0,0.0025050469768106627
2025-01-15 21:00:00,3,0,0.0025050469768106627
2025-01-15 22:00:00,3,0,0.0025050469768106627
2025-01-15 23:00:00,3,0,0.0025050469768106627
2025-01-16 00:00:00,3,0,0.0025050469768106627
2025-01-16 01:00:00,3,0,0.0025050469768106627
2025-01-16 02:00:00,3,0,0.002748766622336645
2025-01-16 03:00:00,3,0,0.0025050469768106627
2025-01-16 04:00:00,3,0,0.002748766622336645
2025-01-16 05:00:00,3,0,0.002748766622336645
2025-01-16 06:00:00,3,0,0.002748766622336645
2025-01-16 07:00:00,3,0,0.002748766622336645
2025-01-16 08:00:00,3,0,0.002748766622336645
2025-01-16 09:00:00,3,0,0.002748766622336645
2025-01-16 10:00:00,3,0,0.0031673383334266977
2025-01-16 11:00:00,3,0,0.0033441906716457216
2025-01-16 12:00:00,3,0,0.0038530809713925324
2025-01-16 13:00:00,3,0,0.025582913609772738
2025-01-16 14:00:00,3,0,0.025582913609772738
2025-01-16 15:00:00,3,0,0.0033441906716457216
2025-01-16 16:00:00,3,0,0.0025050469768106627
2025-01-16 17:00:00,3,0,0.0038229491018419767
2025-01-16 18:00:00,3,0,0.0038229491018419767
2025-01-16 19:00:00,3,0,0.0025050469768106627
2025-01-16 20:00:00,3,0,0.0025050469768106627
2025-01-16 21:00:00,3,0,0.0025050469768106627
2025-01-16 22:00:00,3,0,0.0025050469768106627
2025-01-16 23:00:00,3,0,0.0025050469768106627
2025-01-17 00:00:00,3,0,0.0025050469768106627
2025-01-17 01:00:00,3,0,0.0025050469768106627
2025-01-17 02:00:00,3,0,0.002748766622336645
2025-01-17 03:00:00,3,0,0.002748766622336645
2025-01-17 04:00:00,3,0,0.002748766622336645
2025-01-17 05:00:00,3,0,0.002748766622336645
2025-01-17 06:00:00,3,0,0.002748766622336645
2025-01-17 07:00:00,3,0,0.002748766622336645
2025-01-17 08:00:00,3,0,0.002748766622336645
2025-01-17 09:00:00,3,0,0.002748766622336645
2025-01-17 10:00:00,3,0,0.004404370809969934
2025-01-17 11:00:00,3,0,0.0031673383334266977
2025-01-17 12:00:00,3,0,0.0038148230151526766
2025-01-17 13:00:00,3,0,0.08731401786146561
2025-01-17 14:00:00,3,0,0.005344839358763282
2025-01-17 15:00:00,3,0,0.004404370809969934
2025-01-17 16:00:00,3,0,0.0038148230151526766
2025-01-17 17:00:00,3,0,0.004404370809969934
2025-01-17 18:00:00,3,0,0.0038229491018419767
2025-01-17 19:00:00,3,0,0.002748766622336645
2025-01-17 20:00:00,3,0,0.002748766622336645
2025-01-17 21:00:00,3,0,0.002748766622336645
2025-01-17 22:00:00,3,0,0.002748766622336645
2025-01-17 23:00:00,3,0,0.002748766622336645
2025-01-18 00:00:00,3,0,0.002748766622336645
2025-01-18 01:00:00,3,0,0.002748766622336645
2025-01-18 02:00:00,3,0,0.002748766622336645
2025-01-18 03:00:00,3,0,0.002748766622336645
2025-01-18 04:00:00,3,0,0.002748766622336645
2025-01-18 05:00:00,3,0,0.002748766622336645
2025-01-18 06:00:00,3,0,0.002748766622336645
2025-01-18 07:00:00,3,0,0.002748766622336645
2025-01-18 08:00:00,3,0,0.002748766622336645
2025-01-18 09:00:00,3,0,0.002748766622336645
2025-01-18 10:00:00,3,0,0.0031673383334266977
2025-01-18 11:00:00,3,0,0.007000621113926225
2025-01-18 12:00:00,3,0,0.006463416636502265
2025-01-18 13:00:00,3,0,0.006808222108220137
2025-01-18 14:00:00,3,0,0.024175891863565325
2025-01-18 15:00:00,3,0,0.0025050469768106627
2025-01-18 16:00:00,3,0,0.0031673383334266977
2025-01-18 17:00:00,3,0,0.0031673383334266977
2025-01-18 18:00:00,3,0,0.0038229491018419767
2025-01-18 19:00:00,3,0,0.002748766622336645
2025-01-18 20:00:00,3,0,0.002748766622336645
2025-01-18 21:00:00,3,0,0.002748766622336645
2025-01-18 22:00:00,3,0,0.002748766622336645
2025-01-18 23:00:00,3,0,0.002748766622336645
2025-01-19 00:00:00,3,0,0.002748766622336645
2025-01-19 01:00:00,3,0,0.0025050469768106627
2025-01-19 02:00:00,3,0,0.002748766622336645
2025-01-19 03:00:00,3,0,0.002748766622336645
2025-01-19 04:00:00,3,0,0.002748766622336645
2025-01-19 05:00:00,3,0,0.0025050469768106627
2025-01-19 06:00:00,3,0,0.002748766622336645
2025-01-19 07:00:00,3,0,0.002748766622336645
2025-01-19 08:00:00,3,0,0.002748766622336645
2025-01-19 09:00:00,3,0,0.002748766622336645
2025-01-19 10:00:00,3,0,0.0038229491018419767
2025-01-19 11:00:00,3,0,0.002748766622336645
2025-01-19 12:00:00,3,0,0.003833730852471295
2025-01-19 13:00:00,3,0,0.005344839358763282
2025-01-19 14:00:00,3,0,0.022967292491633942
2025-01-19 15:00:00,3,0,0.006272106152958549
2025-01-19 16:00:00,3,0,0.006184601883353396
2025-01-19 17:00:00,3,0,0.005533369857253615
2025-01-19 18:00:00,3,0,0.0037694842362681696
2025-01-19 19:00:00,3,0,0.0025050469768106627
2025-01-19 20:00:00,3,0,0.0025050469768106627
2025-01-19 21:00:00,3,0,0.0025050469768106627
2025-01-19 22:00:00,3,0,0.0025050469768106627
2025-01-19 23:00:00,3,0,0.0025050469768106627
2025-01-20 00:00:00,3,0,0.0025050469768106627
2025-01-20 01:00:00,3,0,0.002748766622336645
2025-01-20 02:00:00,3,0,0.0025050469768106627
2025-01-20 03:00:00,3,0,0.002748766622336645
2025-01-20 04:00:00,3,0,0.002748766622336645
2025-01-20 05:00:00,3,0,0.0025050469768106627
2025-01-20 06:00:00,3,0,0.0025050469768106627
2025-01-20 07:00:00,3,0,0.0025050469768106627
2025-01-20 08:00:00,3,0,0.0025050469768106627
2025-01-20 09:00:00,3,0,0.002748766622336645
2025-01-20 10:00:00,3,0,0.003274165128909787
2025-01-20 11:00:00,3,0,0.0028866134139203265
2025-01-20 12:00:00,3,0,0.0071226326968894735
2025-01-20 13:00:00,3,0,0.0037694842362681696
2025-01-20 14:00:00,3,0,0.0036312860636221384
2025-01-20 15:00:00,3,0,0.0025050469768106627
2025-01-20 16:00:00,3,0,0.006373260447612675
2025-01-20 17:00:00,3,0,0.006184601883353396
2025-01-20 18:00:00,3,0,0.00599374017461368
2025-01-20 19:00:00,3,0,0.0025050469768106627
2025-01-20 20:00:00,3,0,0.0025050469768106627
2025-01-20 21:00:00,3,0,0.0025050469768106627
2025-01-20 22:00:00,3,0,0.0025050469768106627
2025-01-20 23:00:00,3,0,0.0025050469768106627
2025-01-21 00:00:00,3,0,0.0025050469768106627
2025-01-21 01:00:00,3,0,0.0025050469768106627
2025-01-21 02:00:00,3,0,0.0025050469768106627
2025-01-21 03:00:00,3,0,0.0025050469768106627
2025-01-21 04:00:00,3,0,0.0025050469768106627
2025-01-21 05:00:00,3,0,0.0025050469768106627
2025-01-21 06:00:00,3,0,0.0025050469768106627
2025-01-21 07:00:00,3,0,0.0025050469768106627
2025-01-21 08:00:00,3,0,0.0025050469768106627
2025-01-21 09:00:00,3,0,0.0025050469768106627
2025-01-21 10:00:00,3,0,0.0025050469768106627
2025-01-21 11:00:00,3,0,0.0025050469768106627
2025-01-21 12:00:00,3,0,0.0025050469768106627
2025-01-21 13:00:00,3,0,0.0025050469768106627
2025-01-21 14:00:00,3,0,0.0025050469768106627
2025-01-21 15:00:00,3,0,0.0025050469768106627
2025-01-21 16:00:00,3,0,0.0025050469768106627
2025-01-21 17:00:00,3,0,0.0025050469768106627
2025-01-21 18:00:00,3,0,0.0025050469768106627
2025-01-21 19:00:00,3,0,0.0025050469768106627
2025-01-21 20:00:00,3,0,0.0025050469768106627
2025-01-21 21:00:00,3,0,0.0025050469768106627
2025-01-21 22:00:00,3,0,0.0025050469768106627
2025-01-21 23:00:00,3,0,0.0025050469768106627
2025-01-22 00:00:00,3,0,0.0025050469768106627
2025-01-22 01:00:00,3,0,0.0025050469768106627
2025-01-22 02:00:00,3,0,0.0025050469768106627
2025-01-22 03:00:00,3,0,0.0025050469768106627
2025-01-22 04:00:00,3,0,0.0025050469768106627
2025-01-22 05:00:00,3,0,0.0025050469768106627
2025-01-22 06:00:00,3,0,0.0025050469768106627
2025-01-22 07:00:00,3,0,0.0025050469768106627
2025-01-22 08:00:00,3,0,0.0025050469768106627
2025-01-22 09:00:00,3,0,0.0037694842362681696
2025-01-22 10:00:00,3,0,0.002691085428635102
2025-01-22 11:00:00,3,0,0.0025050469768106627
2025-01-22 12:00:00,3,0,0.0025050469768106627
2025-01-22 13:00:00,3,0,0.0058378940343410245
2025-01-22 14:00:00,3,0,0.006184601883353396
2025-01-22 15:00:00,3,0,0.0037694842362681696
2025-01-22 16:00:00,3,0,0.0025050469768106627
2025-01-22 17:00:00,3,0,0.006184601883353396
2025-01-22 18:00:00,3,0,0.006184601883353396
2025-01-22 19:00:00,3,0,0.0025050469768106627
2025-01-22 20:00:00,3,0,0.0025050469768106627
2025-01-22 21:00:00,3,0,0.0025050469768106627
2025-01-22 22:00:00,3,0,0.002748766622336645
2025-01-22 23:00:00,3,0,0.002748766622336645
2025-01-23 00:00:00,3,0,0.002748766622336645
2025-01-23 01:00:00,3,0,0.0025050469768106627
2025-01-23 02:00:00,3,0,0.002748766622336645
2025-01-23 03:00:00,3,0,0.002748766622336645
2025-01-23 04:00:00,3,0,0.002748766622336645
2025-01-23 05:00:00,3,0,0.0025050469768106627
2025-01-23 06:00:00,3,0,0.0025050469768106627
2025-01-23 07:00:00,3,0,0.0025050469768106627
2025-01-23 08:00:00,3,0,0.0025050469768106627
2025-01-23 09:00:00,3,0,0.003100900979010206
2025-01-23 10:00:00,3,0,0.004342810069832978
2025-01-23 11:00:00,3,0,0.0031673383334266977
2025-01-23 12:00:00,3,0,0.0031673383334266977
2025-01-23 13:00:00,3,0,0.002949450211028125
2025-01-23 14:00:00,3,0,0.0028866134139203265
2025-01-23 15:00:00,3,0,0.0025050469768106627
2025-01-23 16:00:00,3,0,0.0028866134139203265
2025-01-23 17:00:00,3,0,0.0069030236897420095
2025-01-23 18:00:00,3,0,0.0037694842362681696
2025-01-23 19:00:00,3,0,0.002748766622336645
2025-01-23 20:00:00,3,0,0.002748766622336645
2025-01-23 21:00:00,3,0,0.002748766622336645
2025-01-23 22:00:00,3,0,0.002748766622336645
2025-01-23 23:00:00,3,0,0.002748766622336645
2025-01-24 00:00:00,3,0,0.002748766622336645
2025-01-24 01:00:00,3,0,0.002748766622336645
2025-01-24 02:00:00,3,0,0.002748766622336645
2025-01-24 03:00:00,3,0,0.0025050469768106627
2025-01-24 04:00:00,3,0,0.0025050469768106627
2025-01-24 05:00:00,3,0,0.0025050469768106627
2025-01-24 06:00:00,3,0,0.0025050469768106627
2025-01-24 07:00:00,3,0,0.0025050469768106627
2025-01-24 08:00:00,3,0,0.0025050469768106627
2025-01-24 09:00:00,3,0,0.0025050469768106627
2025-01-24 10:00:00,3,0,0.0025050469768106627
2025-01-24 11:00:00,3,0,0.006184601883353396
2025-01-24 12:00:00,3,0,0.006184601883353396
2025-01-24 13:00:00,3,0,0.0025050469768106627
2025-01-24 14:00:00,3,0,0.0025050469768106627
2025-01-24 15:00:00,3,0,0.0025050469768106627
2025-01-24 16:00:00,3,0,0.0025050469768106627
2025-01-24 17:00:00,3,0,0.0025050469768106627
2025-01-24 18:00:00,3,0,0.0025050469768106627
2025-01-24 19:00:00,3,0,0.0025050469768106627
2025-01-24 20:00:00,3,0,0.0025050469768106627
2025-01-24 21:00:00,3,0,0.0025050469768106627
2025-01-24 22:00:00,3,0,0.0025050469768106627
2025-01-24 23:00:00,3,0,0.0025050469768106627
2025-01-25 00:00:00,3,0,0.0025050469768106627
2025-01-25 01:00:00,3,0,0.0025050469768106627
2025-01-25 02:00:00,3,0,0.0025050469768106627
2025-01-25 03:00:00,3,0,0.0025050469768106627
2025-01-25 04:00:00,3,0,0.0025050469768106627
2025-01-25 05:00:00,3,0,0.0025050469768106627
2025-01-25 06:00:00,3,0,0.0025050469768106627
2025-01-25 07:00:00,3,0,0.0025050469768106627
2025-01-25 08:00:00,3,0,0.0025050469768106627
2025-01-25 09:00:00,3,0,0.0025050469768106627
2025-01-25 10:00:00,3,0,0.0025050469768106627
2025-01-25 11:00:00,3,0,0.0025050469768106627
2025-01-25 12:00:00,3,0,0.0025050469768106627
2025-01-25 13:00:00,3,0,0.0025050469768106627
2025-01-25 14:00:00,3,0,0.0025050469768106627
2025-01-25 15:00:00,3,0,0.0025050469768106627
2025-01-25 16:00:00,3,0,0.002691085428635102
2025-01-25 17:00:00,3,0,0.005533369857253615
2025-01-25 18:00:00,3,0,0.005533369857253615
2025-01-25 19:00:00,3,0,0.0025050469768106627
2025-01-25 20:00:00,3,0,0.002748766622336645
2025-01-25 21:00:00,3,0,0.002748766622336645
2025-01-25 22:00:00,3,0,0.0025050469768106627
2025-01-25 23:00:00,3,0,0.0025050469768106627
2025-01-26 00:00:00,3,0,0.0025050469768106627
2025-01-26 01:00:00,3,0,0.002748766622336645
2025-01-26 02:00:00,3,0,0.002748766622336645
2025-01-26 03:00:00,3,0,0.0025050469768106627
2025-01-26 04:00:00,3,0,0.0025050469768106627
2025-01-26 05:00:00,3,0,0.0025050469768106627
2025-01-26 06:00:00,3,0,0.002748766622336645
2025-01-26 07:00:00,3,0,0.002748766622336645
2025-01-26 08:00:00,3,0,0.002748766622336645
2025-01-26 09:00:00,3,0,0.003264640624642403
2025-01-26 10:00:00,3,0,0.0031673383334266977
2025-01-26 11:00:00,3,0,0.0038530809713925324
2025-01-26 12:00:00,3,0,0.0045355423093535975
2025-01-26 13:00:00,3,0,0.09460957034848537
2025-01-26 14:00:00,3,0,0.06375113527221064
2025-01-26 15:00:00,3,0,0.005533369857253615
2025-01-26 16:00:00,3,0,0.006184601883353396
2025-01-26 17:00:00,3,0,0.004342810069832978
2025-01-26 18:00:00,3,0,0.005533369857253615
2025-01-26 19:00:00,3,0,0.002748766622336645
2025-01-26 20:00:00,3,0,0.002748766622336645
2025-01-26 21:00:00,3,0,0.002748766622336645
2025-01-26 22:00:00,3,0,0.002748766622336645
2025-01-26 23:00:00,3,0,0.002748766622336645
2025-01-27 00:00:00,3,0,0.002748766622336645
2025-01-27 01:00:00,3,0,0.0025050469768106627
2025-01-27 02:00:00,3,0,0.002748766622336645
2025-01-27 03:00:00,3,0,0.002748766622336645
2025-01-27 04:00:00,3,0,0.002748766622336645
2025-01-27 05:00:00,3,0,0.0025050469768106627
2025-01-27 06:00:00,3,0,0.0025050469768106627
2025-01-27 07:00:00,3,0,0.0025050469768106627
2025-01-27 08:00:00,3,0,0.0025050469768106627
2025-01-27 09:00:00,3,0,0.002691085428635102
2025-01-27 10:00:00,3,0,0.004342810069832978
2025-01-27 11:00:00,3,0,0.0071226326968894735
2025-01-27 12:00:00,3,0,0.0071226326968894735
2025-01-27 13:00:00,3,0,0.008638497466166779
2025-01-27 14:00:00,3,0,0.007730882869178833
2025-01-27 15:00:00,3,0,0.004342810069832978
2025-01-27 16:00:00,3,0,0.0036307435818629147
2025-01-27 17:00:00,3,0,0.005533369857253615
2025-01-27 18:00:00,3,0,0.005533369857253615
2025-01-27 19:00:00,3,0,0.0025050469768106627
2025-01-27 20:00:00,3,0,0.0025050469768106627
2025-01-27 21:00:00,3,0,0.0025050469768106627
2025-01-27 22:00:00,3,0,0.0025050469768106627
2025-01-27 23:00:00,3,0,0.0025050469768106627
2025-01-28 00:00:00,3,0,0.0025050469768106627
2025-01-28 01:00:00,3,0,0.0025050469768106627
2025-01-28 02:00:00,3,0,0.0025050469768106627
2025-01-28 03:00:00,3,0,0.0025050469768106627
2025-01-28 04:00:00,3,0,0.0025050469768106627
2025-01-28 05:00:00,3,0,0.002748766622336645
2025-01-28 06:00:00,3,0,0.002748766622336645
2025-01-28 07:00:00,3,0,0.002748766622336645
2025-01-28 08:00:00,3,0,0.002748766622336645
2025-01-28 09:00:00,3,0,0.0028415162310162926
2025-01-28 10:00:00,3,0,0.0031673383334266977
2025-01-28 11:00:00,3,0,0.003274165128909787
2025-01-28 12:00:00,3,0,0.004676385121034957
2025-01-28 13:00:00,3,1,0.2407465635402395
2025-01-28 14:00:00,3,1,0.2407465635402395
2025-01-28 15:00:00,3,0,0.0045355423093535975
2025-01-28 16:00:00,3,0,0.0031673383334266977
2025-01-28 17:00:00,3,0,0.004342810069832978
2025-01-28 18:00:00,3,0,0.00599374017461368
2025-01-28 19:00:00,3,0,0.002748766622336645
2025-01-28 20:00:00,3,0,0.002748766622336645
2025-01-28 21:00:00,3,0,0.002748766622336645
2025-01-28 22:00:00,3,0,0.002748766622336645
2025-01-28 23:00:00,3,0,0.002748766622336645
2025-01-29 00:00:00,3,0,0.002748766622336645
2025-01-29 01:00:00,3,0,0.002748766622336645
2025-01-29 02:00:00,3,0,0.002748766622336645
2025-01-29 03:00:00,3,0,0.002748766622336645
2025-01-29 04:00:00,3,0,0.002748766622336645
2025-01-29 05:00:00,3,0,0.002748766622336645
2025-01-29 06:00:00,3,0,0.002748766622336645
2025-01-29 07:00:00,3,0,0.002748766622336645
2025-01-29 08:00:00,3,0,0.002748766622336645
2025-01-29 09:00:00,3,0,0.0028415162310162926
2025-01-29 10:00:00,3,0,0.004342810069832978
2025-01-29 11:00:00,3,0,0.0037625563360615534
2025-01-29 12:00:00,3,0,0.004676385121034957
2025-01-29 13:00:00,3,1,0.2407465635402395
2025-01-29 14:00:00,3,1,0.2407465635402395
2025-01-29 15:00:00,3,0,0.004512780405635905
2025-01-29 16:00:00,3,0,0.0031673383334266977
2025-01-29 17:00:00,3,0,0.004342810069832978
2025-01-29 18:00:00,3,0,0.006184601883353396
2025-01-29 19:00:00,3,0,0.0025050469768106627
2025-01-29 20:00:00,3,0,0.0025050469768106627
2025-01-29 21:00:00,3,0,0.0025050469768106627
2025-01-29 22:00:00,3,0,0.002748766622336645
2025-01-29 23:00:00,3,0,0.002748766622336645
2025-01-30 00:00:00,3,0,0.002748766622336645
2025-01-30 01:00:00,3,0,0.0025050469768106627
2025-01-30 02:00:00,3,0,0.0025050469768106627
2025-01-30 03:00:00,3,0,0.0025050469768106627
2025-01-30 04:00:00,3,0,0.0025050469768106627
2025-01-30 05:00:00,3,0,0.002748766622336645
2025-01-30 06:00:00,3,0,0.002748766622336645
2025-01-30 07:00:00,3,0,0.002748766622336645
2025-01-30 08:00:00,3,0,0.002748766622336645
2025-01-30 09:00:00,3,0,0.003264640624642403
2025-01-30 10:00:00,3,0,0.00599374017461368
2025-01-30 11:00:00,3,0,0.006184601883353396
2025-01-30 12:00:00,3,0,0.0025050469768106627
2025-01-30 13:00:00,3,0,0.05955988252873733
2025-01-30 14:00:00,3,0,0.05955988252873733
2025-01-30 15:00:00,3,0,0.0222682416019521
2025-01-30 16:00:00,3,0,0.0031673383334266977
2025-01-30 17:00:00,3,0,0.002748766622336645
2025-01-30 18:00:00,3,0,0.0037694842362681696
2025-01-30 19:00:00,3,0,0.002748766622336645
2025-01-30 20:00:00,3,0,0.002748766622336645
2025-01-30 21:00:00,3,0,0.002748766622336645
2025-01-30 22:00:00,3,0,0.002748766622336645
2025-01-30 23:00:00,3,0,0.002748766622336645
2025-01-31 00:00:00,3,0,0.002748766622336645
2025-01-31 01:00:00,3,0,0.002748766622336645
2025-01-31 02:00:00,3,0,0.002748766622336645
2025-01-31 03:00:00,3,0,0.002748766622336645
2025-01-31 04:00:00,3,0,0.002748766622336645
2025-01-31 05:00:00,3,0,0.002748766622336645
2025-01-31 06:00:00,3,0,0.002748766622336645
2025-01-31 07:00:00,3,0,0.002748766622336645
2025-01-31 08:00:00,3,0,0.002748766622336645
2025-01-31 09:00:00,3,0,0.002748766622336645
2025-01-31 10:00:00,3,0,0.0037625563360615534
2025-01-31 11:00:00,3,0,0.003274165128909787
2025-01-31 12:00:00,3,0,0.0222682416019521
2025-01-31 13:00:00,3,1,0.3432627137716918
2025-01-31 14:00:00,3,1,0.32259379471871247
2025-01-31 15:00:00,3,0,0.025582913609772738
2025-01-31 16:00:00,3,0,0.0028866134139203265
2025-01-31 17:00:00,3,0,0.0025050469768106627
2025-01-31 18:00:00,3,0,0.00599374017461368
2025-01-31 19:00:00,3,0,0.002748766622336645
2025-01-31 20:00:00,3,0,0.0025050469768106627
2025-01-31 21:00:00,3,0,0.002748766622336645
2025-01-31 22:00:00,3,0,0.0025050469768106627
2025-01-31 23:00:00,3,0,0.0025050469768106627
2025-02-01 00:00:00,3,0,0.0025050469768106627
2025-02-01 01:00:00,3,0,0.0025050469768106627
2025-02-01 02:00:00,3,0,0.0025050469768106627
2025-02-01 03:00:00,3,0,0.002748766622336645
2025-02-01 04:00:00,3,0,0.002748766622336645
2025-02-01 05:00:00,3,0,0.002748766622336645
2025-02-01 06:00:00,3,0,0.002748766622336645
2025-02-01 07:00:00,3,0,0.002748766622336645
2025-02-01 08:00:00,3,0,0.002748766622336645
2025-02-01 09:00:00,3,0,0.003264640624642403
2025-02-01 10:00:00,3,0,0.004342810069832978
2025-02-01 11:00:00,3,0,0.0037614713657478874
2025-02-01 12:00:00,3,0,0.005270203092236574
2025-02-01 13:00:00,3,1,0.32259379471871247
2025-02-01 14:00:00,3,1,0.47634159794874087
2025-02-01 15:00:00,3,0,0.0071226326968894735
2025-02-01 16:00:00,3,0,0.0071226326968894735
2025-02-01 17:00:00,3,0,0.006184601883353396
2025-02-01 18:00:00,3,0,0.006184601883353396
2025-02-01 19:00:00,3,0,0.0025050469768106627
2025-02-01 20:00:00,3,0,0.0025050469768106627
2025-02-01 21:00:00,3,0,0.0025050469768106627
2025-02-01 22:00:00,3,0,0.0025050469768106627
2025-02-01 23:00:00,3,0,0.0025050469768106627
2025-02-02 00:00:00,3,0,0.0025050469768106627
2025-02-02 01:00:00,3,0,0.0025050469768106627
2025-02-02 02:00:00,3,0,0.0025050469768106627
2025-02-02 03:00:00,3,0,0.0025050469768106627
2025-02-02 04:00:00,3,0,0.0025050469768106627
2025-02-02 05:00:00,3,0,0.0025050469768106627
2025-02-02 06:00:00,3,0,0.0025050469768106627
2025-02-02 07:00:00,3,0,0.0025050469768106627
2025-02-02 08:00:00,3,0,0.0025050469768106627
2025-02-02 09:00:00,3,0,0.005533369857253615
2025-02-02 10:00:00,3,0,0.006184601883353396
2025-02-02 11:00:00,3,0,0.006184601883353396
2025-02-02 12:00:00,3,0,0.006184601883353396
2025-02-02 13:00:00,3,0,0.006184601883353396
2025-02-02 14:00:00,3,0,0.006184601883353396
2025-02-02 15:00:00,3,0,0.002949450211028125
2025-02-02 16:00:00,3,0,0.0031673383334266977
2025-02-02 17:00:00,3,0,0.0031673383334266977
2025-02-02 18:00:00,3,0,0.0037694842362681696
2025-02-02 19:00:00,3,0,0.002748766622336645
2025-02-02 20:00:00,3,0,0.002748766622336645
2025-02-02 21:00:00,3,0,0.002748766622336645
2025-02-02 22:00:00,3,0,0.002748766622336645
2025-02-02 23:00:00,3,0,0.002748766622336645
2025-02-03 00:00:00,3,0,0.002748766622336645
2025-02-03 01:00:00,3,0,0.002748766622336645
2025-02-03 02:00:00,3,0,0.002748766622336645
2025-02-03 03:00:00,3,0,0.0025050469768106627
2025-02-03 04:00:00,3,0,0.002748766622336645
2025-02-03 05:00:00,3,0,0.002748766622336645
2025-02-03 06:00:00,3,0,0.002748766622336645
2025-02-03 07:00:00,3,0,0.002748766622336645
2025-02-03 08:00:00,3,0,0.002748766622336645
2025-02-03 09:00:00,3,0,0.0031673383334266977
2025-02-03 10:00:00,3,0,0.0031673383334266977
2025-02-03 11:00:00,3,0,0.0033441906716457216
2025-02-03 12:00:00,3,0,0.0222682416019521
2025-02-03 13:00:00,3,1,0.1323990836701527
2025-02-03 14:00:00,3,1,0.1323990836701527
2025-02-03 15:00:00,3,0,0.025582913609772738
2025-02-03 16:00:00,3,0,0.0038530809713925324
2025-02-03 17:00:00,3,0,0.0031673383334266977
2025-02-03 18:00:00,3,0,0.002748766622336645
2025-02-03 19:00:00,3,0,0.0025050469768106627
2025-02-03 20:00:00,3,0,0.0025050469768106627
2025-02-03 21:00:00,3,0,0.0025050469768106627
2025-02-03 22:00:00,3,0,0.0025050469768106627
2025-02-03 23:00:00,3,0,0.0025050469768106627
2025-02-04 00:00:00,3,0,0.002748766622336645
2025-02-04 01:00:00,3,0,0.002748766622336645
2025-02-04 02:00:00,3,0,0.0025050469768106627
2025-02-04 03:00:00,3,0,0.0025050469768106627
2025-02-04 04:00:00,3,0,0.0025050469768106627
2025-02-04 05:00:00,3,0,0.0025050469768106627
2025-02-04 06:00:00,3,0,0.0025050469768106627
2025-02-04 07:00:00,3,0,0.0025050469768106627
2025-02-04 08:00:00,3,0,0.0025050469768106627
2025-02-04 09:00:00,3,0,0.0037694842362681696
2025-02-04 10:00:00,3,0,0.0037694842362681696
2025-02-04 11:00:00,3,0,0.005533369857253615
2025-02-04 12:00:00,3,0,0.0025050469768106627
2025-02-04 13:00:00,3,0,0.01708971705505305
2025-02-04 14:00:00,3,0,0.09014801196293186
2025-02-04 15:00:00,3,0,0.0035041347775359396
2025-02-04 16:00:00,3,0,0.0028866134139203265
2025-02-04 17:00:00,3,0,0.0037694842362681696
2025-02-04 18:00:00,3,0,0.005533369857253615
2025-02-04 19:00:00,3,0,0.0025050469768106627
2025-02-04 20:00:00,3,0,0.002748766622336645
2025-02-04 21:00:00,3,0,0.002748766622336645
2025-02-04 22:00:00,3,0,0.002748766622336645
2025-02-04 23:00:00,3,0,0.002748766622336645
2025-02-05 00:00:00,3,0,0.002748766622336645
2025-02-05 01:00:00,3,0,0.002748766622336645
2025-02-05 02:00:00,3,0,0.002748766622336645
2025-02-05 03:00:00,3,0,0.002748766622336645
2025-02-05 04:00:00,3,0,0.002748766622336645
2025-02-05 05:00:00,3,0,0.002748766622336645
2025-02-05 06:00:00,3,0,0.0025050469768106627
2025-02-05 07:00:00,3,0,0.002748766622336645
2025-02-05 08:00:00,3,0,0.002748766622336645
2025-02-05 09:00:00,3,0,0.002748766622336645
2025-02-05 10:00:00,3,0,0.0031673383334266977
2025-02-05 11:00:00,3,0,0.0038530809713925324
2025-02-05 12:00:00,3,0,0.1323990836701527
2025-02-05 13:00:00,3,1,0.8610254144384416
2025-02-05 14:00:00,3,1,0.8123570461199122
2025-02-05 15:00:00,3,0,0.1323990836701527
2025-02-05 16:00:00,3,0,0.0038530809713925324
2025-02-05 17:00:00,3,0,0.0031673383334266977
2025-02-05 18:00:00,3,0,0.004342810069832978
2025-02-05 19:00:00,3,0,0.002748766622336645
2025-02-05 20:00:00,3,0,0.002748766622336645
2025-02-05 21:00:00,3,0,0.002748766622336645
2025-02-05 22:00:00,3,0,0.002748766622336645
2025-02-05 23:00:00,3,0,0.002748766622336645
2025-02-06 00:00:00,3,0,0.002748766622336645
2025-02-06 01:00:00,3,0,0.0025050469768106627
2025-02-06 02:00:00,3,0,0.002748766622336645
2025-02-06 03:00:00,3,0,0.002748766622336645
2025-02-06 04:00:00,3,0,0.002748766622336645
2025-02-06 05:00:00,3,0,0.002748766622336645
2025-02-06 06:00:00,3,0,0.002748766622336645
2025-02-06 07:00:00,3,0,0.0025050469768106627
2025-02-06 08:00:00,3,0,0.0025050469768106627
2025-02-06 09:00:00,3,0,0.0028866134139203265
2025-02-06 10:00:00,3,0,0.0031673383334266977
2025-02-06 11:00:00,3,0,0.0031673383334266977
2025-02-06 12:00:00,3,0,0.0036312860636221384
2025-02-06 13:00:00,3,1,0.30448630595131226
2025-02-06 14:00:00,3,1,0.7389521979103504
2025-02-06 15:00:00,3,0,0.025582913609772738
2025-02-06 16:00:00,3,0,0.0028866134139203265
2025-02-06 17:00:00,3,0,0.0071226326968894735
2025-02-06 18:00:00,3,0,0.006373260447612675
2025-02-06 19:00:00,3,0,0.002748766622336645
2025-02-06 20:00:00,3,0,0.002748766622336645
2025-02-06 21:00:00,3,0,0.002748766622336645
2025-02-06 22:00:00,3,0,0.002748766622336645
2025-02-06 23:00:00,3,0,0.002748766622336645
2025-02-07 00:00:00,3,0,0.002748766622336645
2025-02-07 01:00:00,3,0,0.002748766622336645
2025-02-07 02:00:00,3,0,0.002748766622336645
2025-02-07 03:00:00,3,0,0.002748766622336645
2025-02-07 04:00:00,3,0,0.002748766622336645
2025-02-07 05:00:00,3,0,0.002748766622336645
2025-02-07 06:00:00,3,0,0.002748766622336645
2025-02-07 07:00:00,3,0,0.002748766622336645
2025-02-07 08:00:00,3,0,0.002748766622336645
2025-02-07 09:00:00,3,0,0.002748766622336645
2025-02-07 10:00:00,3,0,0.0031673383334266977
2025-02-07 11:00:00,3,0,0.003274165128909787
2025-02-07 12:00:00,3,0,0.026080951177173132
2025-02-07 13:00:00,3,1,0.6639076682800374
2025-02-07 14:00:00,3,0,0.6781128765603787
2025-02-07 15:00:00,3,0,0.07418465640525723
2025-02-07 16:00:00,3,0,0.006373260447612675
2025-02-07 17:00:00,3,0,0.0069030236897420095
2025-02-07 18:00:00,3,0,0.0031511252925987394
2025-02-07 19:00:00,3,0,0.0025050469768106627
2025-02-07 20:00:00,3,0,0.002748766622336645
2025-02-07 21:00:00,3,0,0.0025050469768106627
2025-02-07 22:00:00,3,0,0.0025050469768106627
2025-02-07 23:00:00,3,0,0.0025050469768106627
2025-02-08 00:00:00,3,0,0.0025050469768106627
2025-02-08 01:00:00,3,0,0.0025050469768106627
2025-02-08 02:00:00,3,0,0.002748766622336645
2025-02-08 03:00:00,3,0,0.0025050469768106627
2025-02-08 04:00:00,3,0,0.0025050469768106627
2025-02-08 05:00:00,3,0,0.0025050469768106627
2025-02-08 06:00:00,3,0,0.0025050469768106627
2025-02-08 07:00:00,3,0,0.002748766622336645
2025-02-08 08:00:00,3,0,0.002748766622336645
2025-02-08 09:00:00,3,0,0.0025050469768106627
2025-02-08 10:00:00,3,0,0.0031673383334266977
2025-02-08 11:00:00,3,0,0.0031673383334266977
2025-02-08 12:00:00,3,0,0.004676385121034957
2025-02-08 13:00:00,3,0,0.10250739460692637
2025-02-08 14:00:00,3,0,0.09014801196293186
2025-02-08 15:00:00,3,0,0.0028866134139203265
2025-02-08 16:00:00,3,0,0.004342810069832978
2025-02-08 17:00:00,3,0,0.0028866134139203265
2025-02-08 18:00:00,3,0,0.0025050469768106627
2025-02-08 19:00:00,3,0,0.002748766622336645
2025-02-08 20:00:00,3,0,0.002748766622336645
2025-02-08 21:00:00,3,0,0.002748766622336645
2025-02-08 22:00:00,3,0,0.002748766622336645
2025-02-08 23:00:00,3,0,0.002748766622336645
2025-02-09 00:00:00,3,0,0.002748766622336645
2025-02-09 01:00:00,3,0,0.002748766622336645
2025-02-09 02:00:00,3,0,0.002748766622336645
2025-02-09 03:00:00,3,0,0.002748766622336645
2025-02-09 04:00:00,3,0,0.002748766622336645
2025-02-09 05:00:00,3,0,0.002748766622336645
2025-02-09 06:00:00,3,0,0.002748766622336645
2025-02-09 07:00:00,3,0,0.002748766622336645
2025-02-09 08:00:00,3,0,0.002748766622336645
2025-02-09 09:00:00,3,0,0.002748766622336645
2025-02-09 10:00:00,3,0,0.0031673383334266977
2025-02-09 11:00:00,3,0,0.0033441906716457216
2025-02-09 12:00:00,3,0,0.07418465640525723
2025-02-09 13:00:00,3,1,0.6048504953672088
2025-02-09 14:00:00,3,0,0.43800599154519104
2025-02-09 15:00:00,3,0,0.0030411903598617394
2025-02-09 16:00:00,3,0,0.0025050469768106627
2025-02-09 17:00:00,3,0,0.0037694842362681696
2025-02-09 18:00:00,3,0,0.0025050469768106627
2025-02-09 19:00:00,3,0,0.002748766622336645
2025-02-09 20:00:00,3,0,0.002748766622336645
2025-02-09 21:00:00,3,0,0.002748766622336645
2025-02-09 22:00:00,3,0,0.002748766622336645
2025-02-09 23:00:00,3,0,0.002748766622336645
2025-02-10 00:00:00,3,0,0.0025050469768106627
2025-02-10 01:00:00,3,0,0.0025050469768106627
2025-02-10 02:00:00,3,0,0.0025050469768106627
2025-02-10 03:00:00,3,0,0.002748766622336645
2025-02-10 04:00:00,3,0,0.002748766622336645
2025-02-10 05:00:00,3,0,0.002748766622336645
2025-02-10 06:00:00,3,0,0.002748766622336645
2025-02-10 07:00:00,3,0,0.002748766622336645
2025-02-10 08:00:00,3,0,0.002748766622336645
2025-02-10 09:00:00,3,0,0.0025050469768106627
2025-02-10 10:00:00,3,0,0.0028866134139203265
2025-02-10 11:00:00,3,0,0.0031673383334266977
2025-02-10 12:00:00,3,0,0.0028866134139203265
2025-02-10 13:00:00,3,0,0.10250739460692637
2025-02-10 14:00:00,3,0,0.01927140118134832
2025-02-10 15:00:00,3,0,0.01927140118134832
2025-02-10 16:00:00,3,0,0.0028866134139203265
2025-02-10 17:00:00,3,0,0.0031673383334266977
2025-02-10 18:00:00,3,0,0.002748766622336645
2025-02-10 19:00:00,3,0,0.002748766622336645
2025-02-10 20:00:00,3,0,0.002748766622336645
2025-02-10 21:00:00,3,0,0.002748766622336645
2025-02-10 22:00:00,3,0,0.002748766622336645
2025-02-10 23:00:00,3,0,0.0025050469768106627
2025-02-11 00:00:00,3,0,0.002748766622336645
2025-02-11 01:00:00,3,0,0.002748766622336645
2025-02-11 02:00:00,3,0,0.0025050469768106627
2025-02-11 03:00:00,3,0,0.0025050469768106627
2025-02-11 04:00:00,3,0,0.002748766622336645
2025-02-11 05:00:00,3,0,0.002748766622336645
2025-02-11 06:00:00,3,0,0.002748766622336645
2025-02-11 07:00:00,3,0,0.002748766622336645
2025-02-11 08:00:00,3,0,0.002748766622336645
2025-02-11 09:00:00,3,0,0.002748766622336645
2025-02-11 10:00:00,3,0,0.0031673383334266977
2025-02-11 11:00:00,3,0,0.0030478390470714267
2025-02-11 12:00:00,3,0,0.007365253742916759
2025-02-11 13:00:00,3,0,0.3338944411488325
2025-02-11 14:00:00,3,1,0.6980864028239042
2025-02-11 15:00:00,3,0,0.02292272491361256
2025-02-11 16:00:00,3,0,0.0031673383334266977
2025-02-11 17:00:00,3,0,0.0043956315735767144
2025-02-11 18:00:00,3,0,0.0031673383334266977
2025-02-11 19:00:00,3,0,0.002748766622336645
2025-02-11 20:00:00,3,0,0.002748766622336645
2025-02-11 21:00:00,3,0,0.002748766622336645
2025-02-11 22:00:00,3,0,0.002748766622336645
2025-02-11 23:00:00,3,0,0.002748766622336645
2025-02-12 00:00:00,3,0,0.0025050469768106627
2025-02-12 01:00:00,3,0,0.0025050469768106627
2025-02-12 02:00:00,3,0,0.0025050469768106627
2025-02-12 03:00:00,3,0,0.0025050469768106627
2025-02-12 04:00:00,3,0,0.002748766622336645
2025-02-12 05:00:00,3,0,0.0025050469768106627
2025-02-12 06:00:00,3,0,0.0025050469768106627
2025-02-12 07:00:00,3,0,0.002748766622336645
2025-02-12 08:00:00,3,0,0.0025050469768106627
2025-02-12 09:00:00,3,0,0.0038153591123386205
2025-02-12 10:00:00,3,0,0.00720902031557914
2025-02-12 11:00:00,3,0,0.0043956315735767144
2025-02-12 12:00:00,3,0,0.15411628113847273
2025-02-12 13:00:00,3,1,0.8378932423059126
2025-02-12 14:00:00,3,1,0.8809093274033455
2025-02-12 15:00:00,3,1,0.45482091242376127
2025-02-12 16:00:00,3,0,0.0038530809713925324
2025-02-12 17:00:00,3,0,0.003274165128909787
2025-02-12 18:00:00,3,0,0.0028415162310162926
2025-02-12 19:00:00,3,0,0.002748766622336645
2025-02-12 20:00:00,3,0,0.002748766622336645
2025-02-12 21:00:00,3,0,0.002748766622336645
2025-02-12 22:00:00,3,0,0.002748766622336645
2025-02-12 23:00:00,3,0,0.002748766622336645
2025-02-13 00:00:00,3,0,0.002748766622336645
2025-02-13 01:00:00,3,0,0.002748766622336645
2025-02-13 02:00:00,3,0,0.0025050469768106627
2025-02-13 03:00:00,3,0,0.002748766622336645
2025-02-13 04:00:00,3,0,0.002748766622336645
2025-02-13 05:00:00,3,0,0.002748766622336645
2025-02-13 06:00:00,3,0,0.002748766622336645
2025-02-13 07:00:00,3,0,0.002748766622336645
2025-02-13 08:00:00,3,0,0.002748766622336645
2025-02-13 09:00:00,3,0,0.003304391899024577
2025-02-13 10:00:00,3,0,0.0064506182734101756
2025-02-13 11:00:00,3,0,0.0043956315735767144
2025-02-13 12:00:00,3,0,0.10316493726767953
2025-02-13 13:00:00,3,1,0.7505717704431907
2025-02-13 14:00:00,3,1,0.7505717704431907
2025-02-13 15:00:00,3,0,0.2429730730531827
2025-02-13 16:00:00,3,0,0.006805276974326687
2025-02-13 17:00:00,3,0,0.00720902031557914
2025-02-13 18:00:00,3,0,0.0038153591123386205
2025-02-13 19:00:00,3,0,0.002748766622336645
2025-02-13 20:00:00,3,0,0.002748766622336645
2025-02-13 21:00:00,3,0,0.002748766622336645
2025-02-13 22:00:00,3,0,0.002748766622336645
2025-02-13 23:00:00,3,0,0.002748766622336645
2025-02-14 00:00:00,3,0,0.002748766622336645
2025-02-14 01:00:00,3,0,0.0025050469768106627
2025-02-14 02:00:00,3,0,0.0025050469768106627
2025-02-14 03:00:00,3,0,0.002748766622336645
2025-02-14 04:00:00,3,0,0.002748766622336645
2025-02-14 05:00:00,3,0,0.0025050469768106627
2025-02-14 06:00:00,3,0,0.0025050469768106627
2025-02-14 07:00:00,3,0,0.0025050469768106627
2025-02-14 08:00:00,3,0,0.0025050469768106627
2025-02-14 09:00:00,3,0,0.0025050469768106627
2025-02-14 10:00:00,3,0,0.0025050469768106627
2025-02-14 11:00:00,3,0,0.0064506182734101756
2025-02-14 12:00:00,3,0,0.07029745204819605
2025-02-14 13:00:00,3,1,0.3338944411488325
2025-02-14 14:00:00,3,1,0.5450783846002171
2025-02-14 15:00:00,3,0,0.00720902031557914
2025-02-14 16:00:00,3,0,0.003304391899024577
2025-02-14 17:00:00,3,0,0.0043956315735767144
2025-02-14 18:00:00,3,0,0.0025050469768106627
2025-02-14 19:00:00,3,0,0.0025050469768106627
2025-02-14 20:00:00,3,0,0.0025050469768106627
2025-02-14 21:00:00,3,0,0.0025050469768106627
2025-02-14 22:00:00,3,0,0.0025050469768106627
2025-02-14 23:00:00,3,0,0.0025050469768106627
2025-02-15 00:00:00,3,0,0.0025050469768106627
2025-02-15 01:00:00,3,0,0.0025050469768106627
2025-02-15 02:00:00,3,0,0.0025050469768106627
2025-02-15 03:00:00,3,0,0.0025050469768106627
2025-02-15 04:00:00,3,0,0.0025050469768106627
2025-02-15 05:00:00,3,0,0.0025050469768106627
2025-02-15 06:00:00,3,0,0.0025050469768106627
2025-02-15 07:00:00,3,0,0.0025050469768106627
2025-02-15 08:00:00,3,0,0.0025050469768106627
2025-02-15 09:00:00,3,0,0.002748766622336645
2025-02-15 10:00:00,3,0,0.0043956315735767144
2025-02-15 11:00:00,3,0,0.003807249097323445
2025-02-15 12:00:00,3,1,0.15411628113847273
2025-02-15 13:00:00,3,1,0.8633768309526468
2025-02-15 14:00:00,3,1,0.8633768309526468
2025-02-15 15:00:00,3,0,0.3432627137716918
2025-02-15 16:00:00,3,0,0.0043956315735767144
2025-02-15 17:00:00,3,0,0.0031673383334266977
2025-02-15 18:00:00,3,0,0.002748766622336645
2025-02-15 19:00:00,3,0,0.002748766622336645
2025-02-15 20:00:00,3,0,0.002748766622336645
2025-02-15 21:00:00,3,0,0.002748766622336645
2025-02-15 22:00:00,3,0,0.002748766622336645
2025-02-15 23:00:00,3,0,0.002748766622336645
2025-02-16 00:00:00,3,0,0.002748766622336645
2025-02-16 01:00:00,3,0,0.0025050469768106627
2025-02-16 02:00:00,3,0,0.0025050469768106627
2025-02-16 03:00:00,3,0,0.002748766622336645
2025-02-16 04:00:00,3,0,0.0025050469768106627
2025-02-16 05:00:00,3,0,0.0025050469768106627
2025-02-16 06:00:00,3,0,0.0025050469768106627
2025-02-16 07:00:00,3,0,0.0025050469768106627
2025-02-16 08:00:00,3,0,0.0025050469768106627
2025-02-16 09:00:00,3,0,0.0025050469768106627
2025-02-16 10:00:00,3,0,0.0028866134139203265
2025-02-16 11:00:00,3,0,0.0025050469768106627
2025-02-16 12:00:00,3,0,0.006348244025131215
2025-02-16 13:00:00,3,0,0.01676041987515546
2025-02-16 14:00:00,3,0,0.0030411903598617394
2025-02-16 15:00:00,3,0,0.0025050469768106627
2025-02-16 16:00:00,3,0,0.0028866134139203265
2025-02-16 17:00:00,3,0,0.006348244025131215
2025-02-16 18:00:00,3,0,0.006348244025131215
2025-02-16 19:00:00,3,0,0.0025050469768106627
2025-02-16 20:00:00,3,0,0.002748766622336645
2025-02-16 21:00:00,3,0,0.002748766622336645
2025-02-16 22:00:00,3,0,0.002748766622336645
2025-02-16 23:00:00,3,0,0.002748766622336645
2025-02-17 00:00:00,3,0,0.002748766622336645
2025-02-17 01:00:00,3,0,0.002748766622336645
2025-02-17 02:00:00,3,0,0.002748766622336645
2025-02-17 03:00:00,3,0,0.002748766622336645
2025-02-17 04:00:00,3,0,0.002748766622336645
2025-02-17 05:00:00,3,0,0.0025050469768106627
2025-02-17 06:00:00,3,0,0.0025050469768106627
2025-02-17 07:00:00,3,0,0.0025050469768106627
2025-02-17 08:00:00,3,0,0.0025050469768106627
2025-02-17 09:00:00,3,0,0.0025050469768106627
2025-02-17 10:00:00,3,0,0.0025050469768106627
2025-02-17 11:00:00,3,0,0.0025050469768106627
2025-02-17 12:00:00,3,0,0.0025050469768106627
2025-02-17 13:00:00,3,0,0.01676041987515546
2025-02-17 14:00:00,3,0,0.002949450211028125
2025-02-17 15:00:00,3,0,0.0062596842215386014
2025-02-17 16:00:00,3,0,0.0062596842215386014
2025-02-17 17:00:00,3,0,0.0062596842215386014
2025-02-17 18:00:00,3,0,0.0038153591123386205
2025-02-17 19:00:00,3,0,0.0025050469768106627
2025-02-17 20:00:00,3,0,0.0025050469768106627
2025-02-17 21:00:00,3,0,0.0025050469768106627
2025-02-17 22:00:00,3,0,0.0025050469768106627
2025-02-17 23:00:00,3,0,0.0025050469768106627
2025-02-18 00:00:00,3,0,0.0025050469768106627
2025-02-18 01:00:00,3,0,0.0025050469768106627
2025-02-18 02:00:00,3,0,0.0025050469768106627
2025-02-18 03:00:00,3,0,0.0025050469768106627
2025-02-18 04:00:00,3,0,0.0025050469768106627
2025-02-18 05:00:00,3,0,0.0025050469768106627
2025-02-18 06:00:00,3,0,0.0025050469768106627
2025-02-18 07:00:00,3,0,0.0025050469768106627
2025-02-18 08:00:00,3,0,0.0025050469768106627
2025-02-18 09:00:00,3,0,0.0038153591123386205
2025-02-18 10:00:00,3,0,0.0062596842215386014
2025-02-18 11:00:00,3,0,0.0062596842215386014
2025-02-18 12:00:00,3,0,0.007310912180801822
2025-02-18 13:00:00,3,1,0.006348244025131215
2025-02-18 14:00:00,3,1,0.0025050469768106627
2025-02-18 15:00:00,3,0,0.0035041347775359396
2025-02-18 16:00:00,3,0,0.0025050469768106627
2025-02-18 17:00:00,3,0,0.007310912180801822
2025-02-18 18:00:00,3,0,0.0025050469768106627
2025-02-18 19:00:00,3,0,0.0025050469768106627
2025-02-18 20:00:00,3,0,0.002748766622336645
2025-02-18 21:00:00,3,0,0.0025050469768106627
2025-02-18 22:00:00,3,0,0.0025050469768106627
2025-02-18 23:00:00,3,0,0.0025050469768106627
2025-02-19 00:00:00,3,0,0.002748766622336645
2025-02-19 01:00:00,3,0,0.002748766622336645
2025-02-19 02:00:00,3,0,0.002748766622336645
2025-02-19 03:00:00,3,0,0.002748766622336645
2025-02-19 04:00:00,3,0,0.002748766622336645
2025-02-19 05:00:00,3,0,0.002748766622336645
2025-02-19 06:00:00,3,0,0.002748766622336645
2025-02-19 07:00:00,3,0,0.002748766622336645
2025-02-19 08:00:00,3,0,0.002748766622336645
2025-02-19 09:00:00,3,0,0.002748766622336645
2025-02-19 10:00:00,3,0,0.007310912180801822
2025-02-19 11:00:00,3,0,0.0038530809713925324
2025-02-19 12:00:00,3,1,0.3944471636099201
2025-02-19 13:00:00,3,1,0.8809093274033455
2025-02-19 14:00:00,3,1,0.8809093274033455
2025-02-19 15:00:00,3,1,0.6980864028239042
2025-02-19 16:00:00,3,0,0.0039511976958211585
2025-02-19 17:00:00,3,0,0.0044579377231540665
2025-02-19 18:00:00,3,0,0.0044579377231540665
2025-02-19 19:00:00,3,0,0.002748766622336645
2025-02-19 20:00:00,3,0,0.002748766622336645
2025-02-19 21:00:00,3,0,0.002748766622336645
2025-02-19 22:00:00,3,0,0.002748766622336645
2025-02-19 23:00:00,3,0,0.0025050469768106627
2025-02-20 00:00:00,3,0,0.0025050469768106627
2025-02-20 01:00:00,3,0,0.002748766622336645
2025-02-20 02:00:00,3,0,0.002748766622336645
2025-02-20 03:00:00,3,0,0.002748766622336645
2025-02-20 04:00:00,3,0,0.002748766622336645
2025-02-20 05:00:00,3,0,0.002748766622336645
2025-02-20 06:00:00,3,0,0.002748766622336645
2025-02-20 07:00:00,3,0,0.002748766622336645
2025-02-20 08:00:00,3,0,0.002748766622336645
2025-02-20 09:00:00,3,0,0.0031673383334266977
2025-02-20 10:00:00,3,0,0.0044579377231540665
2025-02-20 11:00:00,3,0,0.0031673383334266977
2025-02-20 12:00:00,3,1,0.6428298939825349
2025-02-20 13:00:00,3,1,0.8153553314694147
2025-02-20 14:00:00,3,1,0.8610254144384416
2025-02-20 15:00:00,3,1,0.7949644364199842
2025-02-20 16:00:00,3,0,0.0031673383334266977
2025-02-20 17:00:00,3,0,0.0044579377231540665
2025-02-20 18:00:00,3,0,0.0044579377231540665
2025-02-20 19:00:00,3,0,0.0025050469768106627
2025-02-20 20:00:00,3,0,0.0025050469768106627
2025-02-20 21:00:00,3,0,0.0025050469768106627
2025-02-20 22:00:00,3,0,0.002748766622336645
2025-02-20 23:00:00,3,0,0.002748766622336645
2025-02-21 00:00:00,3,0,0.002748766622336645
2025-02-21 01:00:00,3,0,0.002748766622336645
2025-02-21 02:00:00,3,0,0.0025050469768106627
2025-02-21 03:00:00,3,0,0.002748766622336645
2025-02-21 04:00:00,3,0,0.002748766622336645
2025-02-21 05:00:00,3,0,0.002748766622336645
2025-02-21 06:00:00,3,0,0.002748766622336645
2025-02-21 07:00:00,3,0,0.0025050469768106627
2025-02-21 08:00:00,3,0,0.002748766622336645
2025-02-21 09:00:00,3,0,0.0028866134139203265
2025-02-21 10:00:00,3,0,0.007310912180801822
2025-02-21 11:00:00,3,0,0.007310912180801822
2025-02-21 12:00:00,3,1,0.06351529501298277
2025-02-21 13:00:00,3,1,0.8651699012007718
2025-02-21 14:00:00,3,1,0.8651699012007718
2025-02-21 15:00:00,3,0,0.7052223952429181
2025-02-21 16:00:00,3,0,0.007310912180801822
2025-02-21 17:00:00,3,0,0.0044579377231540665
2025-02-21 18:00:00,3,0,0.002748766622336645
2025-02-21 19:00:00,3,0,0.002748766622336645
2025-02-21 20:00:00,3,0,0.002748766622336645
2025-02-21 21:00:00,3,0,0.002748766622336645
2025-02-21 22:00:00,3,0,0.0025050469768106627
2025-02-21 23:00:00,3,0,0.002748766622336645
2025-02-22 00:00:00,3,0,0.002748766622336645
2025-02-22 01:00:00,3,0,0.002748766622336645
2025-02-22 02:00:00,3,0,0.002748766622336645
2025-02-22 03:00:00,3,0,0.002748766622336645
2025-02-22 04:00:00,3,0,0.0025050469768106627
2025-02-22 05:00:00,3,0,0.002748766622336645
2025-02-22 06:00:00,3,0,0.002748766622336645
2025-02-22 07:00:00,3,0,0.0025050469768106627
2025-02-22 08:00:00,3,0,0.0025050469768106627
2025-02-22 09:00:00,3,0,0.002691085428635102
2025-02-22 10:00:00,3,0,0.00690150202442026
2025-02-22 11:00:00,3,0,0.0025050469768106627
2025-02-22 12:00:00,3,0,0.22132828045334818
2025-02-22 13:00:00,3,0,0.7258449472755812
2025-02-22 14:00:00,3,0,0.7258449472755812
2025-02-22 15:00:00,3,0,0.006677572436904406
2025-02-22 16:00:00,3,0,0.006348244025131215
2025-02-22 17:00:00,3,0,0.006348244025131215
2025-02-22 18:00:00,3,0,0.006348244025131215
2025-02-22 19:00:00,3,0,0.002691085428635102
2025-02-22 20:00:00,3,0,0.0025050469768106627
2025-02-22 21:00:00,3,0,0.002748766622336645
2025-02-22 22:00:00,3,0,0.002748766622336645
2025-02-22 23:00:00,3,0,0.0025050469768106627
2025-02-23 00:00:00,3,0,0.002748766622336645
2025-02-23 01:00:00,3,0,0.0025050469768106627
2025-02-23 02:00:00,3,0,0.002748766622336645
2025-02-23 03:00:00,3,0,0.002748766622336645
2025-02-23 04:00:00,3,0,0.002748766622336645
2025-02-23 05:00:00,3,0,0.0025050469768106627
2025-02-23 06:00:00,3,0,0.002748766622336645
2025-02-23 07:00:00,3,0,0.002748766622336645
2025-02-23 08:00:00,3,0,0.0025050469768106627
2025-02-23 09:00:00,3,0,0.0044579377231540665
2025-02-23 10:00:00,3,0,0.007310912180801822
2025-02-23 11:00:00,3,0,0.0045355423093535975
2025-02-23 12:00:00,3,1,0.6980864028239042
2025-02-23 13:00:00,3,1,0.8809093274033455
2025-02-23 14:00:00,3,1,0.8651699012007718
2025-02-23 15:00:00,3,1,0.2194344323797901
2025-02-23 16:00:00,3,0,0.007310912180801822
2025-02-23 17:00:00,3,0,0.007310912180801822
2025-02-23 18:00:00,3,0,0.0031673383334266977
2025-02-23 19:00:00,3,0,0.002748766622336645
2025-02-23 20:00:00,3,0,0.002748766622336645
2025-02-23 21:00:00,3,0,0.002748766622336645
2025-02-23 22:00:00,3,0,0.002748766622336645
2025-02-23 23:00:00,3,0,0.002748766622336645
2025-02-24 00:00:00,3,0,0.0025050469768106627
2025-02-24 01:00:00,3,0,0.0025050469768106627
2025-02-24 02:00:00,3,0,0.0025050469768106627
2025-02-24 03:00:00,3,0,0.002748766622336645
2025-02-24 04:00:00,3,0,0.002748766622336645
2025-02-24 05:00:00,3,0,0.002748766622336645
2025-02-24 06:00:00,3,0,0.002748766622336645
2025-02-24 07:00:00,3,0,0.002748766622336645
2025-02-24 08:00:00,3,0,0.002748766622336645
2025-02-24 09:00:00,3,0,0.0044579377231540665
2025-02-24 10:00:00,3,0,0.007310912180801822
2025-02-24 11:00:00,3,0,0.007310912180801822
2025-02-24 12:00:00,3,1,0.007310912180801822
2025-02-24 13:00:00,3,1,0.007310912180801822
2025-02-24 14:00:00,3,1,0.00690150202442026
2025-02-24 15:00:00,3,0,0.05657891719607183
2025-02-24 16:00:00,3,0,0.0028866134139203265
2025-02-24 17:00:00,3,0,0.0031673383334266977
2025-02-24 18:00:00,3,0,0.002748766622336645
2025-02-24 19:00:00,3,0,0.0025050469768106627
2025-02-24 20:00:00,3,0,0.0025050469768106627
2025-02-24 21:00:00,3,0,0.002748766622336645
2025-02-24 22:00:00,3,0,0.0025050469768106627
2025-02-24 23:00:00,3,0,0.002748766622336645
2025-02-25 00:00:00,3,0,0.0025050469768106627
2025-02-25 01:00:00,3,0,0.0025050469768106627
2025-02-25 02:00:00,3,0,0.0025050469768106627
2025-02-25 03:00:00,3,0,0.0025050469768106627
2025-02-25 04:00:00,3,0,0.0025050469768106627
2025-02-25 05:00:00,3,0,0.002748766622336645
2025-02-25 06:00:00,3,0,0.0025050469768106627
2025-02-25 07:00:00,3,0,0.0025050469768106627
2025-02-25 08:00:00,3,0,0.0025050469768106627
2025-02-25 09:00:00,3,0,0.0031673383334266977
2025-02-25 10:00:00,3,0,0.0031673383334266977
2025-02-25 11:00:00,3,0,0.0038530809713925324
2025-02-25 12:00:00,3,0,0.6382729803084765
2025-02-25 13:00:00,3,0,0.8431260487751108
2025-02-25 14:00:00,3,0,0.8431260487751108
2025-02-25 15:00:00,3,0,0.5101586895547928
2025-02-25 16:00:00,3,0,0.006272106152958549
2025-02-25 17:00:00,3,0,0.006272106152958549
2025-02-25 18:00:00,3,0,0.0025050469768106627
2025-02-25 19:00:00,3,0,0.002748766622336645
2025-02-25 20:00:00,3,0,0.002748766622336645
2025-02-25 21:00:00,3,0,0.002748766622336645
2025-02-25 22:00:00,3,0,0.002748766622336645
2025-02-25 23:00:00,3,0,0.002748766622336645
2025-02-26 00:00:00,3,0,0.002748766622336645
2025-02-26 01:00:00,3,0,0.002748766622336645
2025-02-26 02:00:00,3,0,0.002748766622336645
2025-02-26 03:00:00,3,0,0.002748766622336645
2025-02-26 04:00:00,3,0,0.002748766622336645
2025-02-26 05:00:00,3,0,0.002748766622336645
2025-02-26 06:00:00,3,0,0.002748766622336645
2025-02-26 07:00:00,3,0,0.002748766622336645
2025-02-26 08:00:00,3,0,0.002748766622336645
2025-02-26 09:00:00,3,0,0.0031673383334266977
2025-02-26 10:00:00,3,0,0.0031673383334266977
2025-02-26 11:00:00,3,0,0.004676385121034957
2025-02-26 12:00:00,3,1,0.8123570461199122
2025-02-26 13:00:00,3,1,0.8610254144384416
2025-02-26 14:00:00,3,1,0.8610254144384416
2025-02-26 15:00:00,3,0,0.24679425378427333
2025-02-26 16:00:00,3,0,0.0038148230151526766
2025-02-26 17:00:00,3,0,0.003100900979010206
2025-02-26 18:00:00,3,0,0.0038229491018419767
2025-02-26 19:00:00,3,0,0.0025050469768106627
2025-02-26 20:00:00,3,0,0.0025050469768106627
2025-02-26 21:00:00,3,0,0.0025050469768106627
2025-02-26 22:00:00,3,0,0.0025050469768106627
2025-02-26 23:00:00,3,0,0.0025050469768106627
2025-02-27 00:00:00,3,0,0.0025050469768106627
2025-02-27 01:00:00,3,0,0.0025050469768106627
2025-02-27 02:00:00,3,0,0.0025050469768106627
2025-02-27 03:00:00,3,0,0.0025050469768106627
2025-02-27 04:00:00,3,0,0.0025050469768106627
2025-02-27 05:00:00,3,0,0.0025050469768106627
2025-02-27 06:00:00,3,0,0.0025050469768106627
2025-02-27 07:00:00,3,0,0.0025050469768106627
2025-02-27 08:00:00,3,0,0.0025050469768106627
2025-02-27 09:00:00,3,0,0.002691085428635102
2025-02-27 10:00:00,3,0,0.004404370809969934
2025-02-27 11:00:00,3,0,0.0025050469768106627
2025-02-27 12:00:00,3,0,0.0038229491018419767
2025-02-27 13:00:00,3,0,0.0038229491018419767
2025-02-27 14:00:00,3,1,0.006272106152958549
2025-02-27 15:00:00,3,0,0.0025050469768106627
2025-02-27 16:00:00,3,0,0.0025050469768106627
2025-02-27 17:00:00,3,0,0.0025050469768106627
2025-02-27 18:00:00,3,0,0.0025050469768106627
2025-02-27 19:00:00,3,0,0.0025050469768106627
2025-02-27 20:00:00,3,0,0.0025050469768106627
2025-02-27 21:00:00,3,0,0.0025050469768106627
2025-02-27 22:00:00,3,0,0.0025050469768106627
2025-02-27 23:00:00,3,0,0.0025050469768106627
2025-02-28 00:00:00,3,0,0.0025050469768106627
2025-02-28 01:00:00,3,0,0.0025050469768106627
2025-02-28 02:00:00,3,0,0.0025050469768106627
2025-02-28 03:00:00,3,0,0.002748766622336645
2025-02-28 04:00:00,3,0,0.002748766622336645
2025-02-28 05:00:00,3,0,0.002748766622336645
2025-02-28 06:00:00,3,0,0.002748766622336645
2025-02-28 07:00:00,3,0,0.002748766622336645
2025-02-28 08:00:00,3,0,0.0028415162310162926
2025-02-28 09:00:00,3,0,0.004404370809969934
2025-02-28 10:00:00,3,0,0.0031673383334266977
2025-02-28 11:00:00,3,0,0.004676385121034957
2025-02-28 12:00:00,3,1,0.8431260487751108
2025-02-28 13:00:00,3,1,0.8610254144384416
2025-02-28 14:00:00,3,1,0.8610254144384416
2025-02-28 15:00:00,3,0,0.0035041347775359396
2025-02-28 16:00:00,3,0,0.002949450211028125
2025-02-28 17:00:00,3,0,0.0031673383334266977
2025-02-28 18:00:00,3,0,0.002748766622336645
2025-02-28 19:00:00,3,0,0.002748766622336645
2025-02-28 20:00:00,3,0,0.002748766622336645
2025-02-28 21:00:00,3,0,0.002748766622336645
2025-02-28 22:00:00,3,0,0.002748766622336645
2025-02-28 23:00:00,3,0,0.002748766622336645
2025-03-01 00:00:00,3,0,0.002748766622336645
2025-03-01 01:00:00,3,0,0.002748766622336645
2025-03-01 02:00:00,3,0,0.002748766622336645
2025-03-01 03:00:00,3,0,0.002748766622336645
2025-03-01 04:00:00,3,0,0.002748766622336645
2025-03-01 05:00:00,3,0,0.002748766622336645
2025-03-01 06:00:00,3,0,0.002748766622336645
2025-03-01 07:00:00,3,0,0.002748766622336645
2025-03-01 08:00:00,3,0,0.002748766622336645
2025-03-01 09:00:00,3,0,0.002748766622336645
2025-03-01 10:00:00,3,0,0.0031673383334266977
2025-03-01 11:00:00,3,0,0.0037287949371205414
2025-03-01 12:00:00,3,1,0.8610254144384416
2025-03-01 13:00:00,3,1,0.8610254144384416
2025-03-01 14:00:00,3,1,0.8610254144384416
2025-03-01 15:00:00,3,1,0.591750497640072
2025-03-01 16:00:00,3,0,0.0033984771131399367
2025-03-01 17:00:00,3,0,0.0028866134139203265
2025-03-01 18:00:00,3,0,0.0025050469768106627
2025-03-01 19:00:00,3,0,0.002691085428635102
2025-03-01 20:00:00,3,0,0.0025050469768106627
2025-03-01 21:00:00,3,0,0.0025050469768106627
2025-03-01 22:00:00,3,0,0.0025050469768106627
2025-03-01 23:00:00,3,0,0.0025050469768106627
2025-03-02 00:00:00,3,0,0.0025050469768106627
2025-03-02 01:00:00,3,0,0.0025050469768106627
2025-03-02 02:00:00,3,0,0.0025050469768106627
2025-03-02 03:00:00,3,0,0.0025050469768106627
2025-03-02 04:00:00,3,0,0.0025050469768106627
2025-03-02 05:00:00,3,0,0.0025050469768106627
2025-03-02 06:00:00,3,0,0.0025050469768106627
2025-03-02 07:00:00,3,0,0.0025050469768106627
2025-03-02 08:00:00,3,0,0.0025050469768106627
2025-03-02 09:00:00,3,0,0.0025050469768106627
2025-03-02 10:00:00,3,0,0.0025050469768106627
2025-03-02 11:00:00,3,0,0.0025050469768106627
2025-03-02 12:00:00,3,1,0.3903292972187035
2025-03-02 13:00:00,3,1,0.8431260487751108
2025-03-02 14:00:00,3,1,0.7704259050023515
2025-03-02 15:00:00,3,1,0.591750497640072
2025-03-02 16:00:00,3,0,0.0033984771131399367
2025-03-02 17:00:00,3,0,0.0025050469768106627
2025-03-02 18:00:00,3,0,0.0025050469768106627
2025-03-02 19:00:00,3,0,0.002748766622336645
2025-03-02 20:00:00,3,0,0.002748766622336645
2025-03-02 21:00:00,3,0,0.002748766622336645
2025-03-02 22:00:00,3,0,0.002748766622336645
2025-03-02 23:00:00,3,0,0.002748766622336645
2025-03-03 00:00:00,3,0,0.002748766622336645
2025-03-03 01:00:00,3,0,0.002748766622336645
2025-03-03 02:00:00,3,0,0.002748766622336645
2025-03-03 03:00:00,3,0,0.002748766622336645
2025-03-03 04:00:00,3,0,0.002748766622336645
2025-03-03 05:00:00,3,0,0.002748766622336645
2025-03-03 06:00:00,3,0,0.002748766622336645
2025-03-03 07:00:00,3,0,0.002748766622336645
2025-03-03 08:00:00,3,0,0.0038229491018419767
2025-03-03 09:00:00,3,0,0.002748766622336645
2025-03-03 10:00:00,3,0,0.0031673383334266977
2025-03-03 11:00:00,3,0,0.004262483523553936
2025-03-03 12:00:00,3,1,0.8610254144384416
2025-03-03 13:00:00,3,1,0.8610254144384416
2025-03-03 14:00:00,3,0,0.8610254144384416
2025-03-03 15:00:00,3,0,0.8431260487751108
2025-03-03 16:00:00,3,0,0.0028866134139203265
2025-03-03 17:00:00,3,0,0.0025050469768106627
2025-03-03 18:00:00,3,0,0.0025050469768106627
2025-03-03 19:00:00,3,0,0.0025050469768106627
2025-03-03 20:00:00,3,0,0.0025050469768106627
2025-03-03 21:00:00,3,0,0.002748766622336645
2025-03-03 22:00:00,3,0,0.002748766622336645
2025-03-03 23:00:00,3,0,0.002748766622336645
2025-03-04 00:00:00,3,0,0.002748766622336645
2025-03-04 01:00:00,3,0,0.002748766622336645
2025-03-04 02:00:00,3,0,0.0025050469768106627
2025-03-04 03:00:00,3,0,0.002748766622336645
2025-03-04 04:00:00,3,0,0.0025050469768106627
2025-03-04 05:00:00,3,0,0.0025050469768106627
2025-03-04 06:00:00,3,0,0.002748766622336645
2025-03-04 07:00:00,3,0,0.0025050469768106627
2025-03-04 08:00:00,3,0,0.0037694842362681696
2025-03-04 09:00:00,3,0,0.006723694753531662
2025-03-04 10:00:00,3,0,0.004342810069832978
2025-03-04 11:00:00,3,0,0.003962710406998684
2025-03-04 12:00:00,3,1,0.7482915879956371
2025-03-04 13:00:00,3,1,0.8809093274033455
2025-03-04 14:00:00,3,1,0.1919475756134858
2025-03-04 15:00:00,3,0,0.7205844074000939
2025-03-04 16:00:00,3,0,0.0071226326968894735
2025-03-04 17:00:00,3,0,0.006184601883353396
2025-03-04 18:00:00,3,0,0.006184601883353396
2025-03-04 19:00:00,3,0,0.002691085428635102
2025-03-04 20:00:00,3,0,0.0025050469768106627
2025-03-04 21:00:00,3,0,0.0025050469768106627
2025-03-04 22:00:00,3,0,0.0025050469768106627
2025-03-04 23:00:00,3,0,0.0025050469768106627
2025-03-05 00:00:00,3,0,0.0025050469768106627
2025-03-05 01:00:00,3,0,0.0025050469768106627
2025-03-05 02:00:00,3,0,0.0025050469768106627
2025-03-05 03:00:00,3,0,0.0025050469768106627
2025-03-05 04:00:00,3,0,0.0025050469768106627
2025-03-05 05:00:00,3,0,0.002748766622336645
2025-03-05 06:00:00,3,0,0.002748766622336645
2025-03-05 07:00:00,3,0,0.002748766622336645
2025-03-05 08:00:00,3,0,0.0037694842362681696
2025-03-05 09:00:00,3,0,0.003274165128909787
2025-03-05 10:00:00,3,0,0.0031673383334266977
2025-03-05 11:00:00,3,0,0.005270203092236574
2025-03-05 12:00:00,3,1,0.8633768309526468
2025-03-05 13:00:00,3,1,0.8610254144384416
2025-03-05 14:00:00,3,1,0.2149662703508787
2025-03-05 15:00:00,3,1,0.7482915879956371
2025-03-05 16:00:00,3,0,0.0071226326968894735
2025-03-05 17:00:00,3,0,0.0038148230151526766
2025-03-05 18:00:00,3,0,0.0038148230151526766
2025-03-05 19:00:00,3,0,0.003265582757325485
2025-03-05 20:00:00,3,0,0.002748766622336645
2025-03-05 21:00:00,3,0,0.002748766622336645
2025-03-05 22:00:00,3,0,0.002748766622336645
2025-03-05 23:00:00,3,0,0.002748766622336645
2025-03-06 00:00:00,3,0,0.002748766622336645
2025-03-06 01:00:00,3,0,0.002748766622336645
2025-03-06 02:00:00,3,0,0.002748766622336645
2025-03-06 03:00:00,3,0,0.002748766622336645
2025-03-06 04:00:00,3,0,0.002748766622336645
2025-03-06 05:00:00,3,0,0.002748766622336645
2025-03-06 06:00:00,3,0,0.002748766622336645
2025-03-06 07:00:00,3,0,0.002748766622336645
2025-03-06 08:00:00,3,0,0.0028415162310162926
2025-03-06 09:00:00,3,0,0.0056117120486662685
2025-03-06 10:00:00,3,0,0.0031511252925987394
2025-03-06 11:00:00,3,0,0.006463416636502265
2025-03-06 12:00:00,3,0,0.09178458074704865
2025-03-06 13:00:00,3,1,0.8431260487751108
2025-03-06 14:00:00,3,1,0.5455730280724247
2025-03-06 15:00:00,3,1,0.006272106152958549
2025-03-06 16:00:00,3,0,0.007223312448326399
2025-03-06 17:00:00,3,0,0.007223312448326399
2025-03-06 18:00:00,3,0,0.007000621113926225
2025-03-06 19:00:00,3,0,0.0038229491018419767
2025-03-06 20:00:00,3,0,0.0025050469768106627
2025-03-06 21:00:00,3,0,0.0025050469768106627
2025-03-06 22:00:00,3,0,0.0025050469768106627
2025-03-06 23:00:00,3,0,0.0025050469768106627
2025-03-07 00:00:00,3,0,0.0025050469768106627
2025-03-07 01:00:00,3,0,0.0025050469768106627
2025-03-07 02:00:00,3,0,0.0025050469768106627
2025-03-07 03:00:00,3,0,0.002748766622336645
2025-03-07 04:00:00,3,0,0.002748766622336645
2025-03-07 05:00:00,3,0,0.002748766622336645
2025-03-07 06:00:00,3,0,0.002748766622336645
2025-03-07 07:00:00,3,0,0.0025050469768106627
2025-03-07 08:00:00,3,0,0.0038229491018419767
2025-03-07 09:00:00,3,0,0.004404370809969934
2025-03-07 10:00:00,3,0,0.004404370809969934
2025-03-07 11:00:00,3,0,0.08731401786146561
2025-03-07 12:00:00,3,1,0.8809093274033455
2025-03-07 13:00:00,3,1,0.8809093274033455
2025-03-07 14:00:00,3,1,0.8809093274033455
2025-03-07 15:00:00,3,1,0.8809093274033455
2025-03-07 16:00:00,3,0,0.007223312448326399
2025-03-07 17:00:00,3,0,0.0056117120486662685
2025-03-07 18:00:00,3,0,0.0038229491018419767
2025-03-07 19:00:00,3,0,0.003310968787067603
2025-03-07 20:00:00,3,0,0.002748766622336645
2025-03-07 21:00:00,3,0,0.002748766622336645
2025-03-07 22:00:00,3,0,0.002748766622336645
2025-03-07 23:00:00,3,0,0.0025050469768106627
2025-03-08 00:00:00,3,0,0.002748766622336645
2025-03-08 01:00:00,3,0,0.002748766622336645
2025-03-08 02:00:00,3,0,0.002748766622336645
2025-03-08 03:00:00,3,0,0.0025050469768106627
2025-03-08 04:00:00,3,0,0.0025050469768106627
2025-03-08 05:00:00,3,0,0.0025050469768106627
2025-03-08 06:00:00,3,0,0.0025050469768106627
2025-03-08 07:00:00,3,0,0.0025050469768106627
2025-03-08 08:00:00,3,0,0.0038229491018419767
2025-03-08 09:00:00,3,0,0.006272106152958549
2025-03-08 10:00:00,3,0,0.007223312448326399
2025-03-08 11:00:00,3,0,0.007223312448326399
2025-03-08 12:00:00,3,1,0.008760415194645358
2025-03-08 13:00:00,3,0,0.008497620188204704
2025-03-08 14:00:00,3,1,0.007379853311430502
2025-03-08 15:00:00,3,0,0.09014801196293186
2025-03-08 16:00:00,3,0,0.0025050469768106627
2025-03-08 17:00:00,3,0,0.0025050469768106627
2025-03-08 18:00:00,3,0,0.0025050469768106627
2025-03-08 19:00:00,3,0,0.0025050469768106627
2025-03-08 20:00:00,3,0,0.0025050469768106627
2025-03-08 21:00:00,3,0,0.0025050469768106627
2025-03-08 22:00:00,3,0,0.0025050469768106627
2025-03-08 23:00:00,3,0,0.002748766622336645
2025-03-09 00:00:00,3,0,0.002748766622336645
2025-03-09 01:00:00,3,0,0.002748766622336645
2025-03-09 02:00:00,3,0,0.002748766622336645
2025-03-09 03:00:00,3,0,0.002748766622336645
2025-03-09 04:00:00,3,0,0.002748766622336645
2025-03-09 05:00:00,3,0,0.002748766622336645
2025-03-09 06:00:00,3,0,0.002748766622336645
2025-03-09 07:00:00,3,0,0.002748766622336645
2025-03-09 08:00:00,3,0,0.002748766622336645
2025-03-09 09:00:00,3,0,0.0038148230151526766
2025-03-09 10:00:00,3,0,0.0025050469768106627
2025-03-09 11:00:00,3,0,0.07029745204819605
2025-03-09 12:00:00,3,1,0.8809093274033455
2025-03-09 13:00:00,3,1,0.8809093274033455
2025-03-09 14:00:00,3,1,0.8809093274033455
2025-03-09 15:00:00,3,1,0.8610254144384416
2025-03-09 16:00:00,3,0,0.02111181912297083
2025-03-09 17:00:00,3,0,0.0031673383334266977
2025-03-09 18:00:00,3,0,0.0031673383334266977
2025-03-09 19:00:00,3,0,0.002748766622336645
2025-03-09 20:00:00,3,0,0.002748766622336645
2025-03-09 21:00:00,3,0,0.002748766622336645
2025-03-09 22:00:00,3,0,0.002748766622336645
2025-03-09 23:00:00,3,0,0.002748766622336645
2025-03-10 00:00:00,3,0,0.002748766622336645
2025-03-10 01:00:00,3,0,0.002748766622336645
2025-03-10 02:00:00,3,0,0.002748766622336645
2025-03-10 03:00:00,3,0,0.002748766622336645
2025-03-10 04:00:00,3,0,0.002748766622336645
2025-03-10 05:00:00,3,0,0.002748766622336645
2025-03-10 06:00:00,3,0,0.002748766622336645
2025-03-10 07:00:00,3,0,0.002748766622336645
2025-03-10 08:00:00,3,0,0.0038229491018419767
2025-03-10 09:00:00,3,0,0.007000621113926225
2025-03-10 10:00:00,3,0,0.0071226326968894735
2025-03-10 11:00:00,3,0,0.07076654577422233
2025-03-10 12:00:00,3,1,0.8809093274033455
2025-03-10 13:00:00,3,1,0.8809093274033455
2025-03-10 14:00:00,3,1,0.8809093274033455
2025-03-10 15:00:00,3,1,0.8651699012007718
2025-03-10 16:00:00,3,0,0.04485673257769425
2025-03-10 17:00:00,3,0,0.0031673383334266977
2025-03-10 18:00:00,3,0,0.003274165128909787
2025-03-10 19:00:00,3,0,0.002748766622336645
2025-03-10 20:00:00,3,0,0.002748766622336645
2025-03-10 21:00:00,3,0,0.002748766622336645
2025-03-10 22:00:00,3,0,0.002748766622336645
2025-03-10 23:00:00,3,0,0.002748766622336645
2025-03-11 00:00:00,3,0,0.002748766622336645
2025-03-11 01:00:00,3,0,0.002748766622336645
2025-03-11 02:00:00,3,0,0.002748766622336645
2025-03-11 03:00:00,3,0,0.002748766622336645
2025-03-11 04:00:00,3,0,0.002748766622336645
2025-03-11 05:00:00,3,0,0.002748766622336645
2025-03-11 06:00:00,3,0,0.002748766622336645
2025-03-11 07:00:00,3,0,0.002748766622336645
2025-03-11 08:00:00,3,0,0.0038229491018419767
2025-03-11 09:00:00,3,0,0.004404370809969934
2025-03-11 10:00:00,3,0,0.0031673383334266977
2025-03-11 11:00:00,3,0,0.15411628113847273
2025-03-11 12:00:00,3,1,0.8809093274033455
2025-03-11 13:00:00,3,1,0.8809093274033455
2025-03-11 14:00:00,3,1,0.8809093274033455
2025-03-11 15:00:00,3,1,0.8809093274033455
2025-03-11 16:00:00,3,0,0.32138004054498087
2025-03-11 17:00:00,3,0,0.0031673383334266977
2025-03-11 18:00:00,3,0,0.004404370809969934
2025-03-11 19:00:00,3,0,0.002748766622336645
2025-03-11 20:00:00,3,0,0.002748766622336645
2025-03-11 21:00:00,3,0,0.002748766622336645
2025-03-11 22:00:00,3,0,0.002748766622336645
2025-03-11 23:00:00,3,0,0.002748766622336645
2025-03-12 00:00:00,3,0,0.002748766622336645
2025-03-12 01:00:00,3,0,0.002748766622336645
2025-03-12 02:00:00,3,0,0.002748766622336645
2025-03-12 03:00:00,3,0,0.002748766622336645
2025-03-12 04:00:00,3,0,0.002748766622336645
2025-03-12 05:00:00,3,0,0.002748766622336645
2025-03-12 06:00:00,3,0,0.002748766622336645
2025-03-12 07:00:00,3,0,0.002748766622336645
2025-03-12 08:00:00,3,0,0.0038229491018419767
2025-03-12 09:00:00,3,0,0.0037625563360615534
2025-03-12 10:00:00,3,0,0.0031673383334266977
2025-03-12 11:00:00,3,0,0.3432627137716918
2025-03-12 12:00:00,3,1,0.8809093274033455
2025-03-12 13:00:00,3,1,0.8809093274033455
2025-03-12 14:00:00,3,1,0.8809093274033455
2025-03-12 15:00:00,3,1,0.8431260487751108
2025-03-12 16:00:00,3,0,0.1346891410902007
2025-03-12 17:00:00,3,0,0.0031673383334266977
2025-03-12 18:00:00,3,0,0.002748766622336645
2025-03-12 19:00:00,3,0,0.0025050469768106627
2025-03-12 20:00:00,3,0,0.0025050469768106627
2025-03-12 21:00:00,3,0,0.0025050469768106627
2025-03-12 22:00:00,3,0,0.0025050469768106627
2025-03-12 23:00:00,3,0,0.0025050469768106627
2025-03-13 00:00:00,3,0,0.0025050469768106627
2025-03-13 01:00:00,3,0,0.0025050469768106627
2025-03-13 02:00:00,3,0,0.0025050469768106627
2025-03-13 03:00:00,3,0,0.0025050469768106627
2025-03-13 04:00:00,3,0,0.002748766622336645
2025-03-13 05:00:00,3,0,0.002748766622336645
2025-03-13 06:00:00,3,0,0.002748766622336645
2025-03-13 07:00:00,3,0,0.002748766622336645
2025-03-13 08:00:00,3,0,0.0038229491018419767
2025-03-13 09:00:00,3,0,0.003274165128909787
2025-03-13 10:00:00,3,0,0.0031673383334266977
2025-03-13 11:00:00,3,1,0.3432627137716918
2025-03-13 12:00:00,3,1,0.8809093274033455
2025-03-13 13:00:00,3,1,0.8809093274033455
2025-03-13 14:00:00,3,1,0.8809093274033455
2025-03-13 15:00:00,3,1,0.8809093274033455
2025-03-13 16:00:00,3,1,0.31196534860420283
2025-03-13 17:00:00,3,0,0.002748766622336645
2025-03-13 18:00:00,3,0,0.002748766622336645
2025-03-13 19:00:00,3,0,0.002748766622336645
2025-03-13 20:00:00,3,0,0.002748766622336645
2025-03-13 21:00:00,3,0,0.002748766622336645
2025-03-13 22:00:00,3,0,0.002748766622336645
2025-03-13 23:00:00,3,0,0.002748766622336645
2025-03-14 00:00:00,3,0,0.002748766622336645
2025-03-14 01:00:00,3,0,0.002748766622336645
2025-03-14 02:00:00,3,0,0.002748766622336645
2025-03-14 03:00:00,3,0,0.002748766622336645
2025-03-14 04:00:00,3,0,0.002748766622336645
2025-03-14 05:00:00,3,0,0.002748766622336645
2025-03-14 06:00:00,3,0,0.002748766622336645
2025-03-14 07:00:00,3,0,0.002748766622336645
2025-03-14 08:00:00,3,0,0.0038229491018419767
2025-03-14 09:00:00,3,0,0.004404370809969934
2025-03-14 10:00:00,3,0,0.0031673383334266977
2025-03-14 11:00:00,3,1,0.3944471636099201
2025-03-14 12:00:00,3,1,0.8809093274033455
2025-03-14 13:00:00,3,1,0.8431260487751108
2025-03-14 14:00:00,3,1,0.8431260487751108
2025-03-14 15:00:00,3,1,0.8809093274033455
2025-03-14 16:00:00,3,1,0.31196534860420283
2025-03-14 17:00:00,3,0,0.003274165128909787
2025-03-14 18:00:00,3,0,0.002748766622336645
2025-03-14 19:00:00,3,0,0.0028415162310162926
2025-03-14 20:00:00,3,0,0.002748766622336645
2025-03-14 21:00:00,3,0,0.002748766622336645
2025-03-14 22:00:00,3,0,0.002748766622336645
2025-03-14 23:00:00,3,0,0.002748766622336645
2025-03-15 00:00:00,3,0,0.002748766622336645
2025-03-15 01:00:00,3,0,0.002748766622336645
2025-03-15 02:00:00,3,0,0.002748766622336645
2025-03-15 03:00:00,3,0,0.002748766622336645
2025-03-15 04:00:00,3,0,0.002748766622336645
2025-03-15 05:00:00,3,0,0.002748766622336645
2025-03-15 06:00:00,3,0,0.002748766622336645
2025-03-15 07:00:00,3,0,0.002748766622336645
2025-03-15 08:00:00,3,0,0.003310968787067603
2025-03-15 09:00:00,3,0,0.0031673383334266977
2025-03-15 10:00:00,3,0,0.0031673383334266977
2025-03-15 11:00:00,3,1,0.6314862330578443
2025-03-15 12:00:00,3,1,0.8809093274033455
2025-03-15 13:00:00,3,1,0.8431260487751108
2025-03-15 14:00:00,3,1,0.8809093274033455
2025-03-15 15:00:00,3,1,0.8809093274033455
2025-03-15 16:00:00,3,1,0.21511417819645692
2025-03-15 17:00:00,3,0,0.007223312448326399
2025-03-15 18:00:00,3,0,0.004404370809969934
2025-03-15 19:00:00,3,0,0.0038229491018419767
2025-03-15 20:00:00,3,0,0.002748766622336645
2025-03-15 21:00:00,3,0,0.0025050469768106627
2025-03-15 22:00:00,3,0,0.0025050469768106627
2025-03-15 23:00:00,3,0,0.0025050469768106627
2025-03-16 00:00:00,3,0,0.0025050469768106627
2025-03-16 01:00:00,3,0,0.002748766622336645
2025-03-16 02:00:00,3,0,0.002748766622336645
2025-03-16 03:00:00,3,0,0.0025050469768106627
2025-03-16 04:00:00,3,0,0.0025050469768106627
2025-03-16 05:00:00,3,0,0.0025050469768106627
2025-03-16 06:00:00,3,0,0.0025050469768106627
2025-03-16 07:00:00,3,0,0.0025050469768106627
2025-03-16 08:00:00,3,0,0.0038229491018419767
2025-03-16 09:00:00,3,0,0.006272106152958549
2025-03-16 10:00:00,3,0,0.006272106152958549
2025-03-16 11:00:00,3,1,0.006272106152958549
2025-03-16 12:00:00,3,1,0.7234220159381912
2025-03-16 13:00:00,3,1,0.8809093274033455
2025-03-16 14:00:00,3,1,0.8672218435204052
2025-03-16 15:00:00,3,0,0.5511714897097055
2025-03-16 16:00:00,3,0,0.0025050469768106627
2025-03-16 17:00:00,3,0,0.0038229491018419767
2025-03-16 18:00:00,3,0,0.0025050469768106627
2025-03-16 19:00:00,3,0,0.0025050469768106627
2025-03-16 20:00:00,3,0,0.0025050469768106627
2025-03-16 21:00:00,3,0,0.0025050469768106627
2025-03-16 22:00:00,3,0,0.0025050469768106627
2025-03-16 23:00:00,3,0,0.0025050469768106627
2025-03-17 00:00:00,3,0,0.0025050469768106627
2025-03-17 01:00:00,3,0,0.0025050469768106627
2025-03-17 02:00:00,3,0,0.0025050469768106627
2025-03-17 03:00:00,3,0,0.0025050469768106627
2025-03-17 04:00:00,3,0,0.0025050469768106627
2025-03-17 05:00:00,3,0,0.0025050469768106627
2025-03-17 06:00:00,3,0,0.0025050469768106627
2025-03-17 07:00:00,3,0,0.0025050469768106627
2025-03-17 08:00:00,3,0,0.0038229491018419767
2025-03-17 09:00:00,3,0,0.0038229491018419767
2025-03-17 10:00:00,3,0,0.0038229491018419767
2025-03-17 11:00:00,3,0,0.008760415194645358
2025-03-17 12:00:00,3,1,0.8809093274033455
2025-03-17 13:00:00,3,1,0.8809093274033455
2025-03-17 14:00:00,3,1,0.8809093274033455
2025-03-17 15:00:00,3,1,0.8651699012007718
2025-03-17 16:00:00,3,1,0.008276441385560121
2025-03-17 17:00:00,3,0,0.0038229491018419767
2025-03-17 18:00:00,3,0,0.004404370809969934
2025-03-17 19:00:00,3,0,0.003310968787067603
2025-03-17 20:00:00,3,0,0.0025050469768106627
2025-03-17 21:00:00,3,0,0.0025050469768106627
2025-03-17 22:00:00,3,0,0.0025050469768106627
2025-03-17 23:00:00,3,0,0.0025050469768106627
2025-03-18 00:00:00,3,0,0.0025050469768106627
2025-03-18 01:00:00,3,0,0.0025050469768106627
2025-03-18 02:00:00,3,0,0.002748766622336645
2025-03-18 03:00:00,3,0,0.0025050469768106627
2025-03-18 04:00:00,3,0,0.0025050469768106627
2025-03-18 05:00:00,3,0,0.0025050469768106627
2025-03-18 06:00:00,3,0,0.0025050469768106627
2025-03-18 07:00:00,3,0,0.0025050469768106627
2025-03-18 08:00:00,3,0,0.0038229491018419767
2025-03-18 09:00:00,3,0,0.002691085428635102
2025-03-18 10:00:00,3,0,0.0056117120486662685
2025-03-18 11:00:00,3,0,0.006272106152958549
2025-03-18 12:00:00,3,1,0.007608345831943773
2025-03-18 13:00:00,3,0,0.12244888895034431
2025-03-18 14:00:00,3,0,0.006272106152958549
2025-03-18 15:00:00,3,0,0.0031511252925987394
2025-03-18 16:00:00,3,0,0.0025050469768106627
2025-03-18 17:00:00,3,0,0.0038229491018419767
2025-03-18 18:00:00,3,0,0.0025050469768106627
2025-03-18 19:00:00,3,0,0.0025050469768106627
2025-03-18 20:00:00,3,0,0.0025050469768106627
2025-03-18 21:00:00,3,0,0.0025050469768106627
2025-03-18 22:00:00,3,0,0.0025050469768106627
2025-03-18 23:00:00,3,0,0.0025050469768106627
2025-03-19 00:00:00,3,0,0.002748766622336645
2025-03-19 01:00:00,3,0,0.002748766622336645
2025-03-19 02:00:00,3,0,0.002748766622336645
2025-03-19 03:00:00,3,0,0.002748766622336645
2025-03-19 04:00:00,3,0,0.0025050469768106627
2025-03-19 05:00:00,3,0,0.002748766622336645
2025-03-19 06:00:00,3,0,0.002748766622336645
2025-03-19 07:00:00,3,0,0.002748766622336645
2025-03-19 08:00:00,3,0,0.0038229491018419767
2025-03-19 09:00:00,3,0,0.0031673383334266977
2025-03-19 10:00:00,3,0,0.0038530809713925324
2025-03-19 11:00:00,3,1,0.6594772203057006
2025-03-19 12:00:00,3,1,0.8610254144384416
2025-03-19 13:00:00,3,1,0.8610254144384416
2025-03-19 14:00:00,3,1,0.8610254144384416
2025-03-19 15:00:00,3,1,0.8610254144384416
2025-03-19 16:00:00,3,0,0.6594772203057006
2025-03-19 17:00:00,3,0,0.0038530809713925324
2025-03-19 18:00:00,3,0,0.0031673383334266977
2025-03-19 19:00:00,3,0,0.002748766622336645
2025-03-19 20:00:00,3,0,0.002748766622336645
2025-03-19 21:00:00,3,0,0.002748766622336645
2025-03-19 22:00:00,3,0,0.002748766622336645
2025-03-19 23:00:00,3,0,0.0025050469768106627
2025-03-20 00:00:00,3,0,0.0025050469768106627
2025-03-20 01:00:00,3,0,0.002748766622336645
2025-03-20 02:00:00,3,0,0.002748766622336645
2025-03-20 03:00:00,3,0,0.002748766622336645
2025-03-20 04:00:00,3,0,0.002748766622336645
2025-03-20 05:00:00,3,0,0.002748766622336645
2025-03-20 06:00:00,3,0,0.002748766622336645
2025-03-20 07:00:00,3,0,0.002748766622336645
2025-03-20 08:00:00,3,0,0.002748766622336645
2025-03-20 09:00:00,3,0,0.0028866134139203265
2025-03-20 10:00:00,3,0,0.006463416636502265
2025-03-20 11:00:00,3,0,0.008760415194645358
2025-03-20 12:00:00,3,0,0.3343382868200328
2025-03-20 13:00:00,3,1,0.6337743207688034
2025-03-20 14:00:00,3,1,0.007840092460523402
2025-03-20 15:00:00,3,1,0.4246363429325882
2025-03-20 16:00:00,3,0,0.11139397208137308
2025-03-20 17:00:00,3,0,0.0031673383334266977
2025-03-20 18:00:00,3,0,0.004404370809969934
2025-03-20 19:00:00,3,0,0.0028415162310162926
2025-03-20 20:00:00,3,0,0.002748766622336645
2025-03-20 21:00:00,3,0,0.002748766622336645
2025-03-20 22:00:00,3,0,0.002748766622336645
2025-03-20 23:00:00,3,0,0.0025050469768106627
2025-03-21 00:00:00,3,0,0.0025050469768106627
2025-03-21 01:00:00,3,0,0.002748766622336645
2025-03-21 02:00:00,3,0,0.002748766622336645
2025-03-21 03:00:00,3,0,0.002748766622336645
2025-03-21 04:00:00,3,0,0.002748766622336645
2025-03-21 05:00:00,3,0,0.002748766622336645
2025-03-21 06:00:00,3,0,0.002748766622336645
2025-03-21 07:00:00,3,0,0.002748766622336645
2025-03-21 08:00:00,3,0,0.006463416636502265
2025-03-21 09:00:00,3,0,0.007223312448326399
2025-03-21 10:00:00,3,0,0.006463416636502265
2025-03-21 11:00:00,3,1,0.007608345831943773
2025-03-21 12:00:00,3,1,0.8651699012007718
2025-03-21 13:00:00,3,1,0.8431260487751108
2025-03-21 14:00:00,3,1,0.8431260487751108
2025-03-21 15:00:00,3,1,0.8610254144384416
2025-03-21 16:00:00,3,1,0.11139397208137308
2025-03-21 17:00:00,3,0,0.0031673383334266977
2025-03-21 18:00:00,3,0,0.0031673383334266977
2025-03-21 19:00:00,3,0,0.002748766622336645
2025-03-21 20:00:00,3,0,0.002748766622336645
2025-03-21 21:00:00,3,0,0.002748766622336645
2025-03-21 22:00:00,3,0,0.002748766622336645
2025-03-21 23:00:00,3,0,0.002748766622336645
2025-03-22 00:00:00,3,0,0.002748766622336645
2025-03-22 01:00:00,3,0,0.002748766622336645
2025-03-22 02:00:00,3,0,0.002748766622336645
2025-03-22 03:00:00,3,0,0.002748766622336645
2025-03-22 04:00:00,3,0,0.002748766622336645
2025-03-22 05:00:00,3,0,0.002748766622336645
2025-03-22 06:00:00,3,0,0.002748766622336645
2025-03-22 07:00:00,3,0,0.002748766622336645
2025-03-22 08:00:00,3,0,0.004404370809969934
2025-03-22 09:00:00,3,0,0.004404370809969934
2025-03-22 10:00:00,3,0,0.0031673383334266977
2025-03-22 11:00:00,3,1,0.7509450692415688
2025-03-22 12:00:00,3,1,0.8809093274033455
2025-03-22 13:00:00,3,1,0.8809093274033455
2025-03-22 14:00:00,3,1,0.8610254144384416
2025-03-22 15:00:00,3,1,0.8809093274033455
2025-03-22 16:00:00,3,0,0.19892469435394672
2025-03-22 17:00:00,3,0,0.004404370809969934
2025-03-22 18:00:00,3,0,0.004404370809969934
2025-03-22 19:00:00,3,0,0.002748766622336645
2025-03-22 20:00:00,3,0,0.002748766622336645
2025-03-22 21:00:00,3,0,0.002748766622336645
2025-03-22 22:00:00,3,0,0.002748766622336645
2025-03-22 23:00:00,3,0,0.002748766622336645
2025-03-23 00:00:00,3,0,0.002748766622336645
2025-03-23 01:00:00,3,0,0.002748766622336645
2025-03-23 02:00:00,3,0,0.002748766622336645
2025-03-23 03:00:00,3,0,0.002748766622336645
2025-03-23 04:00:00,3,0,0.002748766622336645
2025-03-23 05:00:00,3,0,0.002748766622336645
2025-03-23 06:00:00,3,0,0.002748766622336645
2025-03-23 07:00:00,3,0,0.002748766622336645
2025-03-23 08:00:00,3,0,0.0056117120486662685
2025-03-23 09:00:00,3,0,0.006463416636502265
2025-03-23 10:00:00,3,0,0.002748766622336645
2025-03-23 11:00:00,3,1,0.6463317812539793
2025-03-23 12:00:00,3,1,0.8809093274033455
2025-03-23 13:00:00,3,1,0.8809093274033455
2025-03-23 14:00:00,3,1,0.8809093274033455
2025-03-23 15:00:00,3,1,0.8809093274033455
2025-03-23 16:00:00,3,1,0.32764586493998393
2025-03-23 17:00:00,3,0,0.002748766622336645
2025-03-23 18:00:00,3,0,0.006463416636502265
2025-03-23 19:00:00,3,0,0.002748766622336645
2025-03-23 20:00:00,3,0,0.002748766622336645
2025-03-23 21:00:00,3,0,0.0025050469768106627
2025-03-23 22:00:00,3,0,0.002748766622336645
2025-03-23 23:00:00,3,0,0.002748766622336645
2025-03-24 00:00:00,3,0,0.0025050469768106627
2025-03-24 01:00:00,3,0,0.002748766622336645
2025-03-24 02:00:00,3,0,0.002748766622336645
2025-03-24 03:00:00,3,0,0.002748766622336645
2025-03-24 04:00:00,3,0,0.0025050469768106627
2025-03-24 05:00:00,3,0,0.002748766622336645
2025-03-24 06:00:00,3,0,0.002748766622336645
2025-03-24 07:00:00,3,0,0.002748766622336645
2025-03-24 08:00:00,3,0,0.0038229491018419767
2025-03-24 09:00:00,3,0,0.006463416636502265
2025-03-24 10:00:00,3,0,0.004404370809969934
2025-03-24 11:00:00,3,0,0.667309851416519
2025-03-24 12:00:00,3,1,0.8809093274033455
2025-03-24 13:00:00,3,1,0.8610254144384416
2025-03-24 14:00:00,3,1,0.8610254144384416
2025-03-24 15:00:00,3,1,0.8610254144384416
2025-03-24 16:00:00,3,0,0.2645029289778373
2025-03-24 17:00:00,3,0,0.0031673383334266977
2025-03-24 18:00:00,3,0,0.0031673383334266977
2025-03-24 19:00:00,3,0,0.002748766622336645
2025-03-24 20:00:00,3,0,0.002748766622336645
2025-03-24 21:00:00,3,0,0.002748766622336645
2025-03-24 22:00:00,3,0,0.002748766622336645
2025-03-24 23:00:00,3,0,0.0025050469768106627
2025-03-25 00:00:00,3,0,0.0025050469768106627
2025-03-25 01:00:00,3,0,0.0025050469768106627
2025-03-25 02:00:00,3,0,0.002748766622336645
2025-03-25 03:00:00,3,0,0.002748766622336645
2025-03-25 04:00:00,3,0,0.0025050469768106627
2025-03-25 05:00:00,3,0,0.0025050469768106627
2025-03-25 06:00:00,3,0,0.0025050469768106627
2025-03-25 07:00:00,3,0,0.0025050469768106627
2025-03-25 08:00:00,3,0,0.0056117120486662685
2025-03-25 09:00:00,3,0,0.006463416636502265
2025-03-25 10:00:00,3,0,0.0025050469768106627
2025-03-25 11:00:00,3,1,0.7509450692415688
2025-03-25 12:00:00,3,1,0.8809093274033455
2025-03-25 13:00:00,3,1,0.8431260487751108
2025-03-25 14:00:00,3,1,0.8610254144384416
2025-03-25 15:00:00,3,1,0.8651699012007718
2025-03-25 16:00:00,3,1,0.007491831245280965
2025-03-25 17:00:00,3,0,0.006184601883353396
2025-03-25 18:00:00,3,0,0.0037694842362681696
2025-03-25 19:00:00,3,0,0.002691085428635102
2025-03-25 20:00:00,3,0,0.0025050469768106627
2025-03-25 21:00:00,3,0,0.0025050469768106627
2025-03-25 22:00:00,3,0,0.0025050469768106627
2025-03-25 23:00:00,3,0,0.0025050469768106627
2025-03-26 00:00:00,3,0,0.0025050469768106627
2025-03-26 01:00:00,3,0,0.0025050469768106627
2025-03-26 02:00:00,3,0,0.0025050469768106627
2025-03-26 03:00:00,3,0,0.0025050469768106627
2025-03-26 04:00:00,3,0,0.0025050469768106627
2025-03-26 05:00:00,3,0,0.0025050469768106627
2025-03-26 06:00:00,3,0,0.0025050469768106627
2025-03-26 07:00:00,3,0,0.0025050469768106627
2025-03-26 08:00:00,3,0,0.0025050469768106627
2025-03-26 09:00:00,3,0,0.0025050469768106627
2025-03-26 10:00:00,3,0,0.0025050469768106627
2025-03-26 11:00:00,3,0,0.0025050469768106627
2025-03-26 12:00:00,3,1,0.8431260487751108
2025-03-26 13:00:00,3,1,0.8431260487751108
2025-03-26 14:00:00,3,1,0.8651699012007718
2025-03-26 15:00:00,3,1,0.006184601883353396
2025-03-26 16:00:00,3,1,0.004575007954068081
2025-03-26 17:00:00,3,0,0.0031673383334266977
2025-03-26 18:00:00,3,0,0.002748766622336645
2025-03-26 19:00:00,3,0,0.002691085428635102
2025-03-26 20:00:00,3,0,0.0025050469768106627
2025-03-26 21:00:00,3,0,0.0025050469768106627
2025-03-26 22:00:00,3,0,0.0025050469768106627
2025-03-26 23:00:00,3,0,0.0025050469768106627
2025-03-27 00:00:00,3,0,0.0025050469768106627
2025-03-27 01:00:00,3,0,0.0025050469768106627
2025-03-27 02:00:00,3,0,0.0025050469768106627
2025-03-27 03:00:00,3,0,0.0025050469768106627
2025-03-27 04:00:00,3,0,0.0025050469768106627
2025-03-27 05:00:00,3,0,0.0025050469768106627
2025-03-27 06:00:00,3,0,0.0025050469768106627
2025-03-27 07:00:00,3,0,0.0025050469768106627
2025-03-27 08:00:00,3,0,0.0025050469768106627
2025-03-27 09:00:00,3,0,0.0025050469768106627
2025-03-27 10:00:00,3,0,0.0025050469768106627
2025-03-27 11:00:00,3,0,0.04945203628407874
2025-03-27 12:00:00,3,0,0.8610254144384416
2025-03-27 13:00:00,3,1,0.8431260487751108
2025-03-27 14:00:00,3,1,0.8809093274033455
2025-03-27 15:00:00,3,1,0.8809093274033455
2025-03-27 16:00:00,3,0,0.007730882869178833
2025-03-27 17:00:00,3,0,0.0025050469768106627
2025-03-27 18:00:00,3,0,0.0028866134139203265
2025-03-27 19:00:00,3,0,0.0025050469768106627
2025-03-27 20:00:00,3,0,0.0025050469768106627
2025-03-27 21:00:00,3,0,0.0025050469768106627
2025-03-27 22:00:00,3,0,0.0025050469768106627
2025-03-27 23:00:00,3,0,0.0025050469768106627
2025-03-28 00:00:00,3,0,0.002748766622336645
2025-03-28 01:00:00,3,0,0.002748766622336645
2025-03-28 02:00:00,3,0,0.0025050469768106627
2025-03-28 03:00:00,3,0,0.0025050469768106627
2025-03-28 04:00:00,3,0,0.0025050469768106627
2025-03-28 05:00:00,3,0,0.0025050469768106627
2025-03-28 06:00:00,3,0,0.0025050469768106627
2025-03-28 07:00:00,3,0,0.0025050469768106627
2025-03-28 08:00:00,3,0,0.005533369857253615
2025-03-28 09:00:00,3,0,0.0025050469768106627
2025-03-28 10:00:00,3,0,0.0028866134139203265
2025-03-28 11:00:00,3,1,0.2616914391110363
2025-03-28 12:00:00,3,1,0.8809093274033455
2025-03-28 13:00:00,3,1,0.5420657830326934
2025-03-28 14:00:00,3,1,0.8809093274033455
2025-03-28 15:00:00,3,1,0.8809093274033455
2025-03-28 16:00:00,3,1,0.008638497466166779
2025-03-28 17:00:00,3,0,0.006184601883353396
2025-03-28 18:00:00,3,0,0.005533369857253615
2025-03-28 19:00:00,3,0,0.0037694842362681696
2025-03-28 20:00:00,3,0,0.0025050469768106627
2025-03-28 21:00:00,3,0,0.0025050469768106627
2025-03-28 22:00:00,3,0,0.0025050469768106627
2025-03-28 23:00:00,3,0,0.002748766622336645
2025-03-29 00:00:00,3,0,0.002748766622336645
2025-03-29 01:00:00,3,0,0.002748766622336645
2025-03-29 02:00:00,3,0,0.0025050469768106627
2025-03-29 03:00:00,3,0,0.002748766622336645
2025-03-29 04:00:00,3,0,0.002748766622336645
2025-03-29 05:00:00,3,0,0.0025050469768106627
2025-03-29 06:00:00,3,0,0.002748766622336645
2025-03-29 07:00:00,3,0,0.0025050469768106627
2025-03-29 08:00:00,3,0,0.0037694842362681696
2025-03-29 09:00:00,3,0,0.0037694842362681696
2025-03-29 10:00:00,3,0,0.0025050469768106627
2025-03-29 11:00:00,3,0,0.2616914391110363
2025-03-29 12:00:00,3,1,0.8610254144384416
2025-03-29 13:00:00,3,1,0.8610254144384416
2025-03-29 14:00:00,3,1,0.8809093274033455
2025-03-29 15:00:00,3,1,0.8522291155820357
2025-03-29 16:00:00,3,0,0.21572590111794887
2025-03-29 17:00:00,3,0,0.003264640624642403
2025-03-29 18:00:00,3,0,0.0037694842362681696
2025-03-29 19:00:00,3,0,0.003264640624642403
2025-03-29 20:00:00,3,0,0.0025050469768106627
2025-03-29 21:00:00,3,0,0.002748766622336645
2025-03-29 22:00:00,3,0,0.002748766622336645
2025-03-29 23:00:00,3,0,0.002748766622336645
2025-03-30 00:00:00,3,0,0.002748766622336645
2025-03-30 01:00:00,3,0,0.002748766622336645
2025-03-30 02:00:00,3,0,0.0025050469768106627
2025-03-30 03:00:00,3,0,0.002748766622336645
2025-03-30 04:00:00,3,0,0.0025050469768106627
2025-03-30 05:00:00,3,0,0.0025050469768106627
2025-03-30 06:00:00,3,0,0.0025050469768106627
2025-03-30 07:00:00,3,0,0.0025050469768106627
2025-03-30 08:00:00,3,0,0.0037694842362681696
2025-03-30 09:00:00,3,0,0.004342810069832978
2025-03-30 10:00:00,3,0,0.0025050469768106627
2025-03-30 11:00:00,3,0,0.0071226326968894735
2025-03-30 12:00:00,3,1,0.8651699012007718
2025-03-30 13:00:00,3,1,0.7482915879956371
2025-03-30 14:00:00,3,1,0.8809093274033455
2025-03-30 15:00:00,3,1,0.7850680731270169
2025-03-30 16:00:00,3,1,0.30049853511992847
2025-03-30 17:00:00,3,0,0.0031511252925987394
2025-03-30 18:00:00,3,0,0.0037694842362681696
2025-03-30 19:00:00,3,0,0.0037694842362681696
2025-03-30 20:00:00,3,0,0.002748766622336645
2025-03-30 21:00:00,3,0,0.002748766622336645
2025-03-30 22:00:00,3,0,0.0025050469768106627
2025-03-30 23:00:00,3,0,0.0025050469768106627
2025-03-31 00:00:00,3,0,0.0025050469768106627
2025-03-31 01:00:00,3,0,0.0025050469768106627
2025-03-31 02:00:00,3,0,0.0025050469768106627
2025-03-31 03:00:00,3,0,0.0025050469768106627
2025-03-31 04:00:00,3,0,0.0025050469768106627
2025-03-31 05:00:00,3,0,0.0025050469768106627
2025-03-31 06:00:00,3,0,0.0025050469768106627
2025-03-31 07:00:00,3,0,0.0025050469768106627
2025-03-31 08:00:00,3,0,0.0025050469768106627
2025-03-31 09:00:00,3,0,0.0025050469768106627
2025-03-31 10:00:00,3,0,0.006184601883353396
2025-03-31 11:00:00,3,0,0.0037694842362681696
2025-03-31 12:00:00,3,0,0.006184601883353396
2025-03-31 13:00:00,3,0,0.006184601883353396
2025-03-31 14:00:00,3,0,0.0025050469768106627
2025-03-31 15:00:00,3,0,0.0025050469768106627
2025-03-31 16:00:00,3,0,0.0025050469768106627
2025-03-31 17:00:00,3,0,0.0025050469768106627
2025-03-31 18:00:00,3,0,0.0025050469768106627
2025-03-31 19:00:00,3,0,0.0025050469768106627
2025-03-31 20:00:00,3,0,0.0025050469768106627
2025-03-31 21:00:00,3,0,0.0025050469768106627
2025-03-31 22:00:00,3,0,0.0025050469768106627
2025-03-31 23:00:00,3,0,0.0025050469768106627
2025-04-01 00:00:00,4,0,0.0027599392498002476
2025-04-01 01:00:00,4,0,0.0027599392498002476
2025-04-01 02:00:00,4,0,0.0027599392498002476
2025-04-01 03:00:00,4,0,0.0027599392498002476
2025-04-01 04:00:00,4,0,0.0027599392498002476
2025-04-01 05:00:00,4,0,0.0027599392498002476
2025-04-01 06:00:00,4,0,0.0027599392498002476
2025-04-01 07:00:00,4,0,0.0027599392498002476
2025-04-01 08:00:00,4,0,0.005479363615014559
2025-04-01 09:00:00,4,0,0.04719654543176278
2025-04-01 10:00:00,4,0,0.043920262284349414
2025-04-01 11:00:00,4,0,0.06161570029116337
2025-04-01 12:00:00,4,1,0.4568037421078455
2025-04-01 13:00:00,4,1,0.9370033141173825
2025-04-01 14:00:00,4,1,0.9370033141173825
2025-04-01 15:00:00,4,1,0.9188599074069618
2025-04-01 16:00:00,4,0,0.7415323717260541
2025-04-01 17:00:00,4,0,0.004012751081626169
2025-04-01 18:00:00,4,0,0.005999782509098349
2025-04-01 19:00:00,4,0,0.0027915269799162847
2025-04-01 20:00:00,4,0,0.0027915269799162847
2025-04-01 21:00:00,4,0,0.0027915269799162847
2025-04-01 22:00:00,4,0,0.0027915269799162847
2025-04-01 23:00:00,4,0,0.0027915269799162847
2025-04-02 00:00:00,4,0,0.0027915269799162847
2025-04-02 01:00:00,4,0,0.0027915269799162847
2025-04-02 02:00:00,4,0,0.0027915269799162847
2025-04-02 03:00:00,4,0,0.0027915269799162847
2025-04-02 04:00:00,4,0,0.0027915269799162847
2025-04-02 05:00:00,4,0,0.0027915269799162847
2025-04-02 06:00:00,4,0,0.0027915269799162847
2025-04-02 07:00:00,4,0,0.0027915269799162847
2025-04-02 08:00:00,4,0,0.005002108669994973
2025-04-02 09:00:00,4,0,0.013798041393561429
2025-04-02 10:00:00,4,0,0.010009262650850642
2025-04-02 11:00:00,4,1,0.3699916467992079
2025-04-02 12:00:00,4,1,0.8981135871395624
2025-04-02 13:00:00,4,1,0.9151651088013908
2025-04-02 14:00:00,4,1,0.9143637889017983
2025-04-02 15:00:00,4,1,0.9035032918390392
2025-04-02 16:00:00,4,1,0.4105845485404175
2025-04-02 17:00:00,4,0,0.008722707407890499
2025-04-02 18:00:00,4,0,0.006140056600203846
2025-04-02 19:00:00,4,0,0.0027599392498002476
2025-04-02 20:00:00,4,0,0.0027599392498002476
2025-04-02 21:00:00,4,0,0.0027599392498002476
2025-04-02 22:00:00,4,0,0.0027599392498002476
2025-04-02 23:00:00,4,0,0.0027599392498002476
2025-04-03 00:00:00,4,0,0.0027599392498002476
2025-04-03 01:00:00,4,0,0.0027599392498002476
2025-04-03 02:00:00,4,0,0.0027599392498002476
2025-04-03 03:00:00,4,0,0.0027599392498002476
2025-04-03 04:00:00,4,0,0.0027599392498002476
2025-04-03 05:00:00,4,0,0.0027599392498002476
2025-04-03 06:00:00,4,0,0.0027599392498002476
2025-04-03 07:00:00,4,0,0.0027599392498002476
2025-04-03 08:00:00,4,0,0.0027599392498002476
2025-04-03 09:00:00,4,0,0.0029886602439436034
2025-04-03 10:00:00,4,0,0.02051558277707664
2025-04-03 11:00:00,4,1,0.5609547123565816
2025-04-03 12:00:00,4,1,0.9431311897471889
2025-04-03 13:00:00,4,1,0.9173553846049007
2025-04-03 14:00:00,4,1,0.9288120735928571
2025-04-03 15:00:00,4,1,0.905963716019544
2025-04-03 16:00:00,4,0,0.2704302519560252
2025-04-03 17:00:00,4,0,0.0037154544676863276
2025-04-03 18:00:00,4,0,0.003311899468971537
2025-04-03 19:00:00,4,0,0.0027599392498002476
2025-04-03 20:00:00,4,0,0.0027599392498002476
2025-04-03 21:00:00,4,0,0.0027599392498002476
2025-04-03 22:00:00,4,0,0.0027599392498002476
2025-04-03 23:00:00,4,0,0.0027599392498002476
2025-04-04 00:00:00,4,0,0.0027599392498002476
2025-04-04 01:00:00,4,0,0.0027599392498002476
2025-04-04 02:00:00,4,0,0.0027599392498002476
2025-04-04 03:00:00,4,0,0.0027599392498002476
2025-04-04 04:00:00,4,0,0.0027599392498002476
2025-04-04 05:00:00,4,0,0.0027599392498002476
2025-04-04 06:00:00,4,0,0.0027599392498002476
2025-04-04 07:00:00,4,0,0.0027599392498002476
2025-04-04 08:00:00,4,0,0.0027599392498002476
2025-04-04 09:00:00,4,0,0.006783066803722316
2025-04-04 10:00:00,4,0,0.0037963646069732685
2025-04-04 11:00:00,4,1,0.5520449384487992
2025-04-04 12:00:00,4,1,0.9425774526859625
2025-04-04 13:00:00,4,1,0.9425774526859625
2025-04-04 14:00:00,4,1,0.9425774526859625
2025-04-04 15:00:00,4,1,0.9188599074069618
2025-04-04 16:00:00,4,1,0.5440892198138144
2025-04-04 17:00:00,4,0,0.004012751081626169
2025-04-04 18:00:00,4,0,0.0028139721764252
2025-04-04 19:00:00,4,0,0.0028139721764252
2025-04-04 20:00:00,4,0,0.0028139721764252
2025-04-04 21:00:00,4,0,0.0028139721764252
2025-04-04 22:00:00,4,0,0.0027599392498002476
2025-04-04 23:00:00,4,0,0.0027599392498002476
2025-04-05 00:00:00,4,0,0.0027599392498002476
2025-04-05 01:00:00,4,0,0.0027599392498002476
2025-04-05 02:00:00,4,0,0.0027599392498002476
2025-04-05 03:00:00,4,0,0.0027599392498002476
2025-04-05 04:00:00,4,0,0.0027599392498002476
2025-04-05 05:00:00,4,0,0.0027599392498002476
2025-04-05 06:00:00,4,0,0.0027599392498002476
2025-04-05 07:00:00,4,0,0.0027599392498002476
2025-04-05 08:00:00,4,0,0.0027599392498002476
2025-04-05 09:00:00,4,0,0.0032909988839005177
2025-04-05 10:00:00,4,0,0.02084331849532055
2025-04-05 11:00:00,4,1,0.20409434667814763
2025-04-05 12:00:00,4,1,0.9151651088013908
2025-04-05 13:00:00,4,1,0.9151651088013908
2025-04-05 14:00:00,4,1,0.9425774526859625
2025-04-05 15:00:00,4,1,0.9345912206158077
2025-04-05 16:00:00,4,0,0.5466093908259759
2025-04-05 17:00:00,4,0,0.007784686359254172
2025-04-05 18:00:00,4,0,0.005354511530367611
2025-04-05 19:00:00,4,0,0.003047157291395589
2025-04-05 20:00:00,4,0,0.0028139721764252
2025-04-05 21:00:00,4,0,0.0027599392498002476
2025-04-05 22:00:00,4,0,0.0027599392498002476
2025-04-05 23:00:00,4,0,0.0027599392498002476
2025-04-06 00:00:00,4,0,0.0027599392498002476
2025-04-06 01:00:00,4,0,0.0027599392498002476
2025-04-06 02:00:00,4,0,0.0027599392498002476
2025-04-06 03:00:00,4,0,0.0027599392498002476
2025-04-06 04:00:00,4,0,0.0027599392498002476
2025-04-06 05:00:00,4,0,0.0027599392498002476
2025-04-06 06:00:00,4,0,0.0027599392498002476
2025-04-06 07:00:00,4,0,0.0027599392498002476
2025-04-06 08:00:00,4,0,0.0027599392498002476
2025-04-06 09:00:00,4,0,0.003566232012200098
2025-04-06 10:00:00,4,0,0.09869820536951794
2025-04-06 11:00:00,4,1,0.9401166105613475
2025-04-06 12:00:00,4,1,0.9459315058530533
2025-04-06 13:00:00,4,1,0.9384887568945591
2025-04-06 14:00:00,4,1,0.9454034572930818
2025-04-06 15:00:00,4,1,0.7690456221116462
2025-04-06 16:00:00,4,0,0.07216421757723288
2025-04-06 17:00:00,4,0,0.008392701089404798
2025-04-06 18:00:00,4,0,0.0033767018502019385
2025-04-06 19:00:00,4,0,0.0027599392498002476
2025-04-06 20:00:00,4,0,0.0028139721764252
2025-04-06 21:00:00,4,0,0.0028139721764252
2025-04-06 22:00:00,4,0,0.0028139721764252
2025-04-06 23:00:00,4,0,0.0028139721764252
2025-04-07 00:00:00,4,0,0.0028139721764252
2025-04-07 01:00:00,4,0,0.0027599392498002476
2025-04-07 02:00:00,4,0,0.0027599392498002476
2025-04-07 03:00:00,4,0,0.0028139721764252
2025-04-07 04:00:00,4,0,0.0027599392498002476
2025-04-07 05:00:00,4,0,0.0028139721764252
2025-04-07 06:00:00,4,0,0.0028139721764252
2025-04-07 07:00:00,4,0,0.0028139721764252
2025-04-07 08:00:00,4,0,0.005952062826266684
2025-04-07 09:00:00,4,0,0.008202013539990961
2025-04-07 10:00:00,4,0,0.013428386902988825
2025-04-07 11:00:00,4,1,0.3407023950692955
2025-04-07 12:00:00,4,1,0.9371632393466585
2025-04-07 13:00:00,4,1,0.9392865854639676
2025-04-07 14:00:00,4,1,0.932546122610652
2025-04-07 15:00:00,4,1,0.9227574987969773
2025-04-07 16:00:00,4,1,0.8140698775276737
2025-04-07 17:00:00,4,0,0.01782306375191774
2025-04-07 18:00:00,4,0,0.003047157291395589
2025-04-07 19:00:00,4,0,0.003047157291395589
2025-04-07 20:00:00,4,0,0.0028139721764252
2025-04-07 21:00:00,4,0,0.0028139721764252
2025-04-07 22:00:00,4,0,0.0028139721764252
2025-04-07 23:00:00,4,0,0.0028139721764252
2025-04-08 00:00:00,4,0,0.0028139721764252
2025-04-08 01:00:00,4,0,0.0028139721764252
2025-04-08 02:00:00,4,0,0.0027599392498002476
2025-04-08 03:00:00,4,0,0.0027599392498002476
2025-04-08 04:00:00,4,0,0.0027599392498002476
2025-04-08 05:00:00,4,0,0.0027599392498002476
2025-04-08 06:00:00,4,0,0.0027599392498002476
2025-04-08 07:00:00,4,0,0.0027599392498002476
2025-04-08 08:00:00,4,0,0.0027599392498002476
2025-04-08 09:00:00,4,0,0.005693447903656487
2025-04-08 10:00:00,4,0,0.0056798262781752795
2025-04-08 11:00:00,4,1,0.9118010586759284
2025-04-08 12:00:00,4,1,0.9275521606308477
2025-04-08 13:00:00,4,1,0.9329806428556391
2025-04-08 14:00:00,4,1,0.9329806428556391
2025-04-08 15:00:00,4,1,0.9126432568005498
2025-04-08 16:00:00,4,1,0.9038496721456806
2025-04-08 17:00:00,4,0,0.029115779155845144
2025-04-08 18:00:00,4,0,0.0029886602439436034
2025-04-08 19:00:00,4,0,0.0027599392498002476
2025-04-08 20:00:00,4,0,0.0027599392498002476
2025-04-08 21:00:00,4,0,0.0027599392498002476
2025-04-08 22:00:00,4,0,0.0027599392498002476
2025-04-08 23:00:00,4,0,0.0027599392498002476
2025-04-09 00:00:00,4,0,0.0027599392498002476
2025-04-09 01:00:00,4,0,0.0027599392498002476
2025-04-09 02:00:00,4,0,0.0027599392498002476
2025-04-09 03:00:00,4,0,0.0027599392498002476
2025-04-09 04:00:00,4,0,0.0027599392498002476
2025-04-09 05:00:00,4,0,0.0027599392498002476
2025-04-09 06:00:00,4,0,0.0027599392498002476
2025-04-09 07:00:00,4,0,0.0027599392498002476
2025-04-09 08:00:00,4,0,0.0029886602439436034
2025-04-09 09:00:00,4,0,0.014511788220181749
2025-04-09 10:00:00,4,0,0.0034570983687600937
2025-04-09 11:00:00,4,0,0.23411357969333896
2025-04-09 12:00:00,4,0,0.9058010120181096
2025-04-09 13:00:00,4,1,0.9288120735928571
2025-04-09 14:00:00,4,1,0.9288120735928571
2025-04-09 15:00:00,4,1,0.9108400644986221
2025-04-09 16:00:00,4,1,0.6024445051855238
2025-04-09 17:00:00,4,0,0.0037971905836950487
2025-04-09 18:00:00,4,0,0.0029886602439436034
2025-04-09 19:00:00,4,0,0.0029886602439436034
2025-04-09 20:00:00,4,0,0.0027599392498002476
2025-04-09 21:00:00,4,0,0.0027599392498002476
2025-04-09 22:00:00,4,0,0.0027599392498002476
2025-04-09 23:00:00,4,0,0.0027599392498002476
2025-04-10 00:00:00,4,0,0.0027599392498002476
2025-04-10 01:00:00,4,0,0.0027599392498002476
2025-04-10 02:00:00,4,0,0.0027599392498002476
2025-04-10 03:00:00,4,0,0.0027599392498002476
2025-04-10 04:00:00,4,0,0.0027599392498002476
2025-04-10 05:00:00,4,0,0.0027599392498002476
2025-04-10 06:00:00,4,0,0.0027599392498002476
2025-04-10 07:00:00,4,0,0.0027599392498002476
2025-04-10 08:00:00,4,0,0.0029886602439436034
2025-04-10 09:00:00,4,0,0.0033767018502019385
2025-04-10 10:00:00,4,0,0.008782407777504199
2025-04-10 11:00:00,4,1,0.8437800762404878
2025-04-10 12:00:00,4,1,0.9387087032682466
2025-04-10 13:00:00,4,1,0.9441409395350524
2025-04-10 14:00:00,4,1,0.9098713711748447
2025-04-10 15:00:00,4,1,0.9051458996550418
2025-04-10 16:00:00,4,1,0.07526591376113947
2025-04-10 17:00:00,4,0,0.004438371667394484
2025-04-10 18:00:00,4,0,0.0029127772504231888
2025-04-10 19:00:00,4,0,0.0029886602439436034
2025-04-10 20:00:00,4,0,0.0027599392498002476
2025-04-10 21:00:00,4,0,0.0027599392498002476
2025-04-10 22:00:00,4,0,0.0027599392498002476
2025-04-10 23:00:00,4,0,0.0027599392498002476
2025-04-11 00:00:00,4,0,0.0027599392498002476
2025-04-11 01:00:00,4,0,0.0028139721764252
2025-04-11 02:00:00,4,0,0.0028139721764252
2025-04-11 03:00:00,4,0,0.0027599392498002476
2025-04-11 04:00:00,4,0,0.0027599392498002476
2025-04-11 05:00:00,4,0,0.0027599392498002476
2025-04-11 06:00:00,4,0,0.0027599392498002476
2025-04-11 07:00:00,4,0,0.0027599392498002476
2025-04-11 08:00:00,4,0,0.0027599392498002476
2025-04-11 09:00:00,4,0,0.003595576123272592
2025-04-11 10:00:00,4,0,0.04394333841262005
2025-04-11 11:00:00,4,1,0.9327908870963176
2025-04-11 12:00:00,4,1,0.9301647053182448
2025-04-11 13:00:00,4,1,0.9301647053182448
2025-04-11 14:00:00,4,1,0.9301647053182448
2025-04-11 15:00:00,4,1,0.9203854298601958
2025-04-11 16:00:00,4,1,0.9196290888369908
2025-04-11 17:00:00,4,0,0.005641042939731934
2025-04-11 18:00:00,4,0,0.003595576123272592
2025-04-11 19:00:00,4,0,0.0028139721764252
2025-04-11 20:00:00,4,0,0.0028139721764252
2025-04-11 21:00:00,4,0,0.0028139721764252
2025-04-11 22:00:00,4,0,0.0028139721764252
2025-04-11 23:00:00,4,0,0.0028139721764252
2025-04-12 00:00:00,4,0,0.0028139721764252
2025-04-12 01:00:00,4,0,0.0027599392498002476
2025-04-12 02:00:00,4,0,0.0027599392498002476
2025-04-12 03:00:00,4,0,0.0028139721764252
2025-04-12 04:00:00,4,0,0.0028139721764252
2025-04-12 05:00:00,4,0,0.0028139721764252
2025-04-12 06:00:00,4,0,0.0028139721764252
2025-04-12 07:00:00,4,0,0.003047157291395589
2025-04-12 08:00:00,4,0,0.005459061835942876
2025-04-12 09:00:00,4,0,0.003451011576138833
2025-04-12 10:00:00,4,0,0.003685541122499482
2025-04-12 11:00:00,4,0,0.45768903069636907
2025-04-12 12:00:00,4,0,0.9175419758596474
2025-04-12 13:00:00,4,1,0.9214560786135891
2025-04-12 14:00:00,4,0,0.896084481514718
2025-04-12 15:00:00,4,0,0.619218856130356
2025-04-12 16:00:00,4,0,0.019187125562340958
2025-04-12 17:00:00,4,0,0.006095596615372121
2025-04-12 18:00:00,4,0,0.0032278359038338924
2025-04-12 19:00:00,4,0,0.0029886602439436034
2025-04-12 20:00:00,4,0,0.0027599392498002476
2025-04-12 21:00:00,4,0,0.0027599392498002476
2025-04-12 22:00:00,4,0,0.0027599392498002476
2025-04-12 23:00:00,4,0,0.0027599392498002476
2025-04-13 00:00:00,4,0,0.0027599392498002476
2025-04-13 01:00:00,4,0,0.0027599392498002476
2025-04-13 02:00:00,4,0,0.0027599392498002476
2025-04-13 03:00:00,4,0,0.0027599392498002476
2025-04-13 04:00:00,4,0,0.0027599392498002476
2025-04-13 05:00:00,4,0,0.0027599392498002476
2025-04-13 06:00:00,4,0,0.0027599392498002476
2025-04-13 07:00:00,4,0,0.0027599392498002476
2025-04-13 08:00:00,4,0,0.0029886602439436034
2025-04-13 09:00:00,4,0,0.0035589434062468736
2025-04-13 10:00:00,4,0,0.043355167761565186
2025-04-13 11:00:00,4,1,0.9290516210049335
2025-04-13 12:00:00,4,1,0.9293969834620532
2025-04-13 13:00:00,4,1,0.9334385575360002
2025-04-13 14:00:00,4,1,0.9177554720652114
2025-04-13 15:00:00,4,1,0.9131283554288167
2025-04-13 16:00:00,4,1,0.9087031599207396
2025-04-13 17:00:00,4,0,0.03374398537701844
2025-04-13 18:00:00,4,0,0.006154831662299815
2025-04-13 19:00:00,4,0,0.0027599392498002476
2025-04-13 20:00:00,4,0,0.0028139721764252
2025-04-13 21:00:00,4,0,0.0027599392498002476
2025-04-13 22:00:00,4,0,0.0027599392498002476
2025-04-13 23:00:00,4,0,0.0027599392498002476
2025-04-14 00:00:00,4,0,0.0027599392498002476
2025-04-14 01:00:00,4,0,0.0027599392498002476
2025-04-14 02:00:00,4,0,0.0027599392498002476
2025-04-14 03:00:00,4,0,0.0027599392498002476
2025-04-14 04:00:00,4,0,0.0027599392498002476
2025-04-14 05:00:00,4,0,0.0027599392498002476
2025-04-14 06:00:00,4,0,0.0027599392498002476
2025-04-14 07:00:00,4,0,0.0027599392498002476
2025-04-14 08:00:00,4,0,0.002968623354804049
2025-04-14 09:00:00,4,0,0.0029555343762358286
2025-04-14 10:00:00,4,0,0.09428508538687247
2025-04-14 11:00:00,4,1,0.9152848368075289
2025-04-14 12:00:00,4,1,0.9177554720652114
2025-04-14 13:00:00,4,1,0.9177554720652114
2025-04-14 14:00:00,4,1,0.9177554720652114
2025-04-14 15:00:00,4,1,0.8879575956671412
2025-04-14 16:00:00,4,1,0.9062182167862639
2025-04-14 17:00:00,4,0,0.06345205524993586
2025-04-14 18:00:00,4,0,0.0027599392498002476
2025-04-14 19:00:00,4,0,0.0027599392498002476
2025-04-14 20:00:00,4,0,0.0027599392498002476
2025-04-14 21:00:00,4,0,0.0027599392498002476
2025-04-14 22:00:00,4,0,0.0027599392498002476
2025-04-14 23:00:00,4,0,0.0027599392498002476
2025-04-15 00:00:00,4,0,0.0027599392498002476
2025-04-15 01:00:00,4,0,0.0027599392498002476
2025-04-15 02:00:00,4,0,0.0027599392498002476
2025-04-15 03:00:00,4,0,0.0027599392498002476
2025-04-15 04:00:00,4,0,0.0027599392498002476
2025-04-15 05:00:00,4,0,0.0027599392498002476
2025-04-15 06:00:00,4,0,0.0027599392498002476
2025-04-15 07:00:00,4,0,0.0027599392498002476
2025-04-15 08:00:00,4,0,0.002968623354804049
2025-04-15 09:00:00,4,0,0.0029555343762358286
2025-04-15 10:00:00,4,0,0.09222310760292171
2025-04-15 11:00:00,4,1,0.9152848368075289
2025-04-15 12:00:00,4,1,0.9217015946850419
2025-04-15 13:00:00,4,1,0.9217015946850419
2025-04-15 14:00:00,4,1,0.9177554720652114
2025-04-15 15:00:00,4,1,0.903376283786331
2025-04-15 16:00:00,4,1,0.8964256120735821
2025-04-15 17:00:00,4,0,0.03979943094401072
2025-04-15 18:00:00,4,0,0.0032897026360187535
2025-04-15 19:00:00,4,0,0.0027599392498002476
2025-04-15 20:00:00,4,0,0.0027599392498002476
2025-04-15 21:00:00,4,0,0.0027599392498002476
2025-04-15 22:00:00,4,0,0.0027599392498002476
2025-04-15 23:00:00,4,0,0.0027599392498002476
2025-04-16 00:00:00,4,0,0.0027599392498002476
2025-04-16 01:00:00,4,0,0.0027599392498002476
2025-04-16 02:00:00,4,0,0.0027599392498002476
2025-04-16 03:00:00,4,0,0.0027599392498002476
2025-04-16 04:00:00,4,0,0.0027599392498002476
2025-04-16 05:00:00,4,0,0.0027599392498002476
2025-04-16 06:00:00,4,0,0.0027599392498002476
2025-04-16 07:00:00,4,0,0.0027599392498002476
2025-04-16 08:00:00,4,0,0.002968623354804049
2025-04-16 09:00:00,4,0,0.0029555343762358286
2025-04-16 10:00:00,4,0,0.0729040100298282
2025-04-16 11:00:00,4,1,0.9170349195244362
2025-04-16 12:00:00,4,1,0.9194590065687983
2025-04-16 13:00:00,4,1,0.9334665656312668
2025-04-16 14:00:00,4,1,0.934500235156611
2025-04-16 15:00:00,4,1,0.9132539671154969
2025-04-16 16:00:00,4,1,0.9205988401268779
2025-04-16 17:00:00,4,0,0.03463831344895928
2025-04-16 18:00:00,4,0,0.003311899468971537
2025-04-16 19:00:00,4,0,0.0027599392498002476
2025-04-16 20:00:00,4,0,0.0027599392498002476
2025-04-16 21:00:00,4,0,0.0027599392498002476
2025-04-16 22:00:00,4,0,0.0027599392498002476
2025-04-16 23:00:00,4,0,0.0027599392498002476
2025-04-17 00:00:00,4,0,0.0027599392498002476
2025-04-17 01:00:00,4,0,0.0027599392498002476
2025-04-17 02:00:00,4,0,0.0027599392498002476
2025-04-17 03:00:00,4,0,0.0027599392498002476
2025-04-17 04:00:00,4,0,0.0027599392498002476
2025-04-17 05:00:00,4,0,0.0027599392498002476
2025-04-17 06:00:00,4,0,0.0027599392498002476
2025-04-17 07:00:00,4,0,0.0027599392498002476
2025-04-17 08:00:00,4,0,0.0027599392498002476
2025-04-17 09:00:00,4,0,0.0029886602439436034
2025-04-17 10:00:00,4,0,0.11910583137707097
2025-04-17 11:00:00,4,1,0.9360658606295721
2025-04-17 12:00:00,4,1,0.9373708687666326
2025-04-17 13:00:00,4,1,0.9347873511298451
2025-04-17 14:00:00,4,1,0.9300683924832093
2025-04-17 15:00:00,4,1,0.9114274536229571
2025-04-17 16:00:00,4,1,0.9016141058133541
2025-04-17 17:00:00,4,0,0.03792354005208437
2025-04-17 18:00:00,4,0,0.0027599392498002476
2025-04-17 19:00:00,4,0,0.002928492352366325
2025-04-17 20:00:00,4,0,0.0027599392498002476
2025-04-17 21:00:00,4,0,0.0027599392498002476
2025-04-17 22:00:00,4,0,0.0027599392498002476
2025-04-17 23:00:00,4,0,0.0027599392498002476
2025-04-18 00:00:00,4,0,0.0027599392498002476
2025-04-18 01:00:00,4,0,0.0027599392498002476
2025-04-18 02:00:00,4,0,0.0027599392498002476
2025-04-18 03:00:00,4,0,0.0027599392498002476
2025-04-18 04:00:00,4,0,0.0027599392498002476
2025-04-18 05:00:00,4,0,0.0028139721764252
2025-04-18 06:00:00,4,0,0.0027599392498002476
2025-04-18 07:00:00,4,0,0.0028139721764252
2025-04-18 08:00:00,4,0,0.002928492352366325
2025-04-18 09:00:00,4,0,0.002928492352366325
2025-04-18 10:00:00,4,0,0.07700134721133632
2025-04-18 11:00:00,4,1,0.9314326321482086
2025-04-18 12:00:00,4,1,0.9334665656312668
2025-04-18 13:00:00,4,1,0.9435479692546573
2025-04-18 14:00:00,4,1,0.9300683924832093
2025-04-18 15:00:00,4,1,0.9189504163866986
2025-04-18 16:00:00,4,1,0.9023124723059993
2025-04-18 17:00:00,4,0,0.03995159320939317
2025-04-18 18:00:00,4,0,0.002968623354804049
2025-04-18 19:00:00,4,0,0.0028139721764252
2025-04-18 20:00:00,4,0,0.0027599392498002476
2025-04-18 21:00:00,4,0,0.0028139721764252
2025-04-18 22:00:00,4,0,0.0027599392498002476
2025-04-18 23:00:00,4,0,0.0028139721764252
2025-04-19 00:00:00,4,0,0.0028139721764252
2025-04-19 01:00:00,4,0,0.0028139721764252
2025-04-19 02:00:00,4,0,0.0028139721764252
2025-04-19 03:00:00,4,0,0.0027599392498002476
2025-04-19 04:00:00,4,0,0.0028139721764252
2025-04-19 05:00:00,4,0,0.0027599392498002476
2025-04-19 06:00:00,4,0,0.0027599392498002476
2025-04-19 07:00:00,4,0,0.0027599392498002476
2025-04-19 08:00:00,4,0,0.0027599392498002476
2025-04-19 09:00:00,4,0,0.0032897026360187535
2025-04-19 10:00:00,4,0,0.03978354187432732
2025-04-19 11:00:00,4,1,0.9175568742914424
2025-04-19 12:00:00,4,1,0.9304060722553489
2025-04-19 13:00:00,4,1,0.9300390610963856
2025-04-19 14:00:00,4,1,0.9300390610963856
2025-04-19 15:00:00,4,1,0.9201080324861916
2025-04-19 16:00:00,4,1,0.9124033891153474
2025-04-19 17:00:00,4,0,0.09581840509272053
2025-04-19 18:00:00,4,0,0.003311899468971537
2025-04-19 19:00:00,4,0,0.0029886602439436034
2025-04-19 20:00:00,4,0,0.0027599392498002476
2025-04-19 21:00:00,4,0,0.0027599392498002476
2025-04-19 22:00:00,4,0,0.0027599392498002476
2025-04-19 23:00:00,4,0,0.0027599392498002476
2025-04-20 00:00:00,4,0,0.0027599392498002476
2025-04-20 01:00:00,4,0,0.0027599392498002476
2025-04-20 02:00:00,4,0,0.0027599392498002476
2025-04-20 03:00:00,4,0,0.0027599392498002476
2025-04-20 04:00:00,4,0,0.0027599392498002476
2025-04-20 05:00:00,4,0,0.0027599392498002476
2025-04-20 06:00:00,4,0,0.0027599392498002476
2025-04-20 07:00:00,4,0,0.0027599392498002476
2025-04-20 08:00:00,4,0,0.0029886602439436034
2025-04-20 09:00:00,4,0,0.0035589434062468736
2025-04-20 10:00:00,4,0,0.11787925414318862
2025-04-20 11:00:00,4,1,0.9307733462012608
2025-04-20 12:00:00,4,1,0.9334665656312668
2025-04-20 13:00:00,4,1,0.9357993852243711
2025-04-20 14:00:00,4,1,0.9411146110591835
2025-04-20 15:00:00,4,1,0.9367681423939991
2025-04-20 16:00:00,4,1,0.8966687532990898
2025-04-20 17:00:00,4,0,0.027292450886073537
2025-04-20 18:00:00,4,0,0.0029886602439436034
2025-04-20 19:00:00,4,0,0.0027599392498002476
2025-04-20 20:00:00,4,0,0.0027599392498002476
2025-04-20 21:00:00,4,0,0.0027599392498002476
2025-04-20 22:00:00,4,0,0.0027599392498002476
2025-04-20 23:00:00,4,0,0.0027599392498002476
2025-04-21 00:00:00,4,0,0.0027599392498002476
2025-04-21 01:00:00,4,0,0.0027599392498002476
2025-04-21 02:00:00,4,0,0.0027599392498002476
2025-04-21 03:00:00,4,0,0.0027599392498002476
2025-04-21 04:00:00,4,0,0.0027599392498002476
2025-04-21 05:00:00,4,0,0.0027599392498002476
2025-04-21 06:00:00,4,0,0.0027599392498002476
2025-04-21 07:00:00,4,0,0.0027599392498002476
2025-04-21 08:00:00,4,0,0.0029886602439436034
2025-04-21 09:00:00,4,0,0.003311899468971537
2025-04-21 10:00:00,4,0,0.12241556630799173
2025-04-21 11:00:00,4,1,0.9308454814487485
2025-04-21 12:00:00,4,1,0.9274405887371963
2025-04-21 13:00:00,4,1,0.9444343364889711
2025-04-21 14:00:00,4,1,0.9415612694025218
2025-04-21 15:00:00,4,1,0.9248928129469189
2025-04-21 16:00:00,4,1,0.928523154277808
2025-04-21 17:00:00,4,0,0.08462824519493055
2025-04-21 18:00:00,4,0,0.003311899468971537
2025-04-21 19:00:00,4,0,0.0027599392498002476
2025-04-21 20:00:00,4,0,0.0027599392498002476
2025-04-21 21:00:00,4,0,0.0027599392498002476
2025-04-21 22:00:00,4,0,0.0027599392498002476
2025-04-21 23:00:00,4,0,0.0028139721764252
2025-04-22 00:00:00,4,0,0.002351892037655768
2025-04-22 01:00:00,4,0,0.002351892037655768
2025-04-22 02:00:00,4,0,0.0023067112905256646
2025-04-22 03:00:00,4,0,0.0023067112905256646
2025-04-22 04:00:00,4,0,0.002351892037655768
2025-04-22 05:00:00,4,0,0.0023067112905256646
2025-04-22 06:00:00,4,0,0.0023067112905256646
2025-04-22 07:00:00,4,0,0.002351892037655768
2025-04-22 08:00:00,4,0,0.004477124476943317
2025-04-22 09:00:00,4,0,0.002497966573534261
2025-04-22 10:00:00,4,0,0.20414908574291146
2025-04-22 11:00:00,4,1,0.9280437474429777
2025-04-22 12:00:00,4,1,0.944283822419993
2025-04-22 13:00:00,4,1,0.9446804844455119
2025-04-22 14:00:00,4,1,0.9441409395350524
2025-04-22 15:00:00,4,1,0.8960315890026126
2025-04-22 16:00:00,4,0,0.06923522450124896
2025-04-22 17:00:00,4,0,0.0029420924210981007
2025-04-22 18:00:00,4,0,0.0024821897270811476
2025-04-22 19:00:00,4,0,0.002497966573534261
2025-04-22 20:00:00,4,0,0.0023067112905256646
2025-04-22 21:00:00,4,0,0.0023067112905256646
2025-04-22 22:00:00,4,0,0.0023067112905256646
2025-04-22 23:00:00,4,0,0.0023067112905256646
2025-04-23 00:00:00,4,0,0.0023067112905256646
2025-04-23 01:00:00,4,0,0.0023067112905256646
2025-04-23 02:00:00,4,0,0.0023067112905256646
2025-04-23 03:00:00,4,0,0.0023067112905256646
2025-04-23 04:00:00,4,0,0.0023067112905256646
2025-04-23 05:00:00,4,0,0.002351892037655768
2025-04-23 06:00:00,4,0,0.002351892037655768
2025-04-23 07:00:00,4,0,0.002351892037655768
2025-04-23 08:00:00,4,0,0.004977251343378887
2025-04-23 09:00:00,4,0,0.004977251343378887
2025-04-23 10:00:00,4,0,0.02374077769964682
2025-04-23 11:00:00,4,0,0.034006600108117596
2025-04-23 12:00:00,4,0,0.023220722329654993
2025-04-23 13:00:00,4,0,0.5030241747209689
2025-04-23 14:00:00,4,0,0.8163905829889772
2025-04-23 15:00:00,4,0,0.8589997633650208
2025-04-23 16:00:00,4,0,0.3914506607402442
2025-04-23 17:00:00,4,0,0.011641559496749774
2025-04-23 18:00:00,4,0,0.0024181812980725715
2025-04-23 19:00:00,4,0,0.0023067112905256646
2025-04-23 20:00:00,4,0,0.0023067112905256646
2025-04-23 21:00:00,4,0,0.0023067112905256646
2025-04-23 22:00:00,4,0,0.0023067112905256646
2025-04-23 23:00:00,4,0,0.0023067112905256646
2025-04-24 00:00:00,4,0,0.0023067112905256646
2025-04-24 01:00:00,4,0,0.002351892037655768
2025-04-24 02:00:00,4,0,0.0023067112905256646
2025-04-24 03:00:00,4,0,0.0023067112905256646
2025-04-24 04:00:00,4,0,0.0023067112905256646
2025-04-24 05:00:00,4,0,0.0023067112905256646
2025-04-24 06:00:00,4,0,0.0023067112905256646
2025-04-24 07:00:00,4,0,0.0023067112905256646
2025-04-24 08:00:00,4,0,0.00254230699834162
2025-04-24 09:00:00,4,0,0.006844760465745265
2025-04-24 10:00:00,4,0,0.050758133099874043
2025-04-24 11:00:00,4,1,0.6472811200563111
2025-04-24 12:00:00,4,1,0.8745483974109808
2025-04-24 13:00:00,4,1,0.901455714981367
2025-04-24 14:00:00,4,1,0.906055216507512
2025-04-24 15:00:00,4,1,0.9037815242924847
2025-04-24 16:00:00,4,1,0.45689252722598267
2025-04-24 17:00:00,4,0,0.02234193420054103
2025-04-24 18:00:00,4,0,0.004849215333523217
2025-04-24 19:00:00,4,0,0.0024812112572538377
2025-04-24 20:00:00,4,0,0.0023067112905256646
2025-04-24 21:00:00,4,0,0.0023067112905256646
2025-04-24 22:00:00,4,0,0.0023067112905256646
2025-04-24 23:00:00,4,0,0.0023067112905256646
2025-04-25 00:00:00,4,0,0.002351892037655768
2025-04-25 01:00:00,4,0,0.0023067112905256646
2025-04-25 02:00:00,4,0,0.002351892037655768
2025-04-25 03:00:00,4,0,0.002351892037655768
2025-04-25 04:00:00,4,0,0.002351892037655768
2025-04-25 05:00:00,4,0,0.002351892037655768
2025-04-25 06:00:00,4,0,0.0023067112905256646
2025-04-25 07:00:00,4,0,0.0023067112905256646
2025-04-25 08:00:00,4,0,0.004556435683194086
2025-04-25 09:00:00,4,0,0.01024817695373481
2025-04-25 10:00:00,4,0,0.06102917036831255
2025-04-25 11:00:00,4,1,0.7839464539781132
2025-04-25 12:00:00,4,1,0.906055216507512
2025-04-25 13:00:00,4,1,0.9105079802382751
2025-04-25 14:00:00,4,1,0.9105079802382751
2025-04-25 15:00:00,4,1,0.8777335697998213
2025-04-25 16:00:00,4,1,0.8142635416186809
2025-04-25 17:00:00,4,0,0.023221290735936824
2025-04-25 18:00:00,4,0,0.0024812112572538377
2025-04-25 19:00:00,4,0,0.0024812112572538377
2025-04-25 20:00:00,4,0,0.0023067112905256646
2025-04-25 21:00:00,4,0,0.0023067112905256646
2025-04-25 22:00:00,4,0,0.0023067112905256646
2025-04-25 23:00:00,4,0,0.0023067112905256646
2025-04-26 00:00:00,4,0,0.0023067112905256646
2025-04-26 01:00:00,4,0,0.0023067112905256646
2025-04-26 02:00:00,4,0,0.0023067112905256646
2025-04-26 03:00:00,4,0,0.0023067112905256646
2025-04-26 04:00:00,4,0,0.0023067112905256646
2025-04-26 05:00:00,4,0,0.0023067112905256646
2025-04-26 06:00:00,4,0,0.0023067112905256646
2025-04-26 07:00:00,4,0,0.0024812112572538377
2025-04-26 08:00:00,4,0,0.0023067112905256646
2025-04-26 09:00:00,4,0,0.0024702660063307055
2025-04-26 10:00:00,4,0,0.0754595522884879
2025-04-26 11:00:00,4,1,0.908439066258346
2025-04-26 12:00:00,4,1,0.9153263877767774
2025-04-26 13:00:00,4,1,0.9135888283266351
2025-04-26 14:00:00,4,1,0.8963423466445835
2025-04-26 15:00:00,4,1,0.876351086600202
2025-04-26 16:00:00,4,0,0.854541925765393
2025-04-26 17:00:00,4,0,0.012156802428509533
2025-04-26 18:00:00,4,0,0.002465539973728237
2025-04-26 19:00:00,4,0,0.002529801207667575
2025-04-26 20:00:00,4,0,0.0023067112905256646
2025-04-26 21:00:00,4,0,0.0023067112905256646
2025-04-26 22:00:00,4,0,0.0023067112905256646
2025-04-26 23:00:00,4,0,0.0023067112905256646
2025-04-27 00:00:00,4,0,0.0023067112905256646
2025-04-27 01:00:00,4,0,0.0023067112905256646
2025-04-27 02:00:00,4,0,0.002351892037655768
2025-04-27 03:00:00,4,0,0.0023067112905256646
2025-04-27 04:00:00,4,0,0.002351892037655768
2025-04-27 05:00:00,4,0,0.002351892037655768
2025-04-27 06:00:00,4,0,0.002351892037655768
2025-04-27 07:00:00,4,0,0.002529801207667575
2025-04-27 08:00:00,4,0,0.002529801207667575
2025-04-27 09:00:00,4,0,0.002351892037655768
2025-04-27 10:00:00,4,0,0.06367594263658023
2025-04-27 11:00:00,4,1,0.9150151029846105
2025-04-27 12:00:00,4,1,0.9292928502759845
2025-04-27 13:00:00,4,1,0.9287144930991089
2025-04-27 14:00:00,4,1,0.9197306691424617
2025-04-27 15:00:00,4,1,0.9067190015429115
2025-04-27 16:00:00,4,1,0.868632156939465
2025-04-27 17:00:00,4,0,0.023947367233181114
2025-04-27 18:00:00,4,0,0.002497966573534261
2025-04-27 19:00:00,4,0,0.0023067112905256646
2025-04-27 20:00:00,4,0,0.0023067112905256646
2025-04-27 21:00:00,4,0,0.002351892037655768
2025-04-27 22:00:00,4,0,0.0023067112905256646
2025-04-27 23:00:00,4,0,0.0023067112905256646
2025-04-28 00:00:00,4,0,0.0023067112905256646
2025-04-28 01:00:00,4,0,0.0023067112905256646
2025-04-28 02:00:00,4,0,0.0023067112905256646
2025-04-28 03:00:00,4,0,0.0023067112905256646
2025-04-28 04:00:00,4,0,0.0023067112905256646
2025-04-28 05:00:00,4,0,0.0023067112905256646
2025-04-28 06:00:00,4,0,0.0023067112905256646
2025-04-28 07:00:00,4,0,0.0023067112905256646
2025-04-28 08:00:00,4,0,0.002497966573534261
2025-04-28 09:00:00,4,0,0.002434512019531942
2025-04-28 10:00:00,4,0,0.21255396446975222
2025-04-28 11:00:00,4,1,0.9286114182278777
2025-04-28 12:00:00,4,1,0.9341580411777589
2025-04-28 13:00:00,4,1,0.9347213423407845
2025-04-28 14:00:00,4,1,0.9474087647731889
2025-04-28 15:00:00,4,1,0.8992515659405307
2025-04-28 16:00:00,4,0,0.7932380701524568
2025-04-28 17:00:00,4,0,0.027290685520594056
2025-04-28 18:00:00,4,0,0.004977251343378887
2025-04-28 19:00:00,4,0,0.0023067112905256646
2025-04-28 20:00:00,4,0,0.002351892037655768
2025-04-28 21:00:00,4,0,0.002351892037655768
2025-04-28 22:00:00,4,0,0.002351892037655768
2025-04-28 23:00:00,4,0,0.002351892037655768
2025-04-29 00:00:00,4,0,0.0023067112905256646
2025-04-29 01:00:00,4,0,0.002351892037655768
2025-04-29 02:00:00,4,0,0.002351892037655768
2025-04-29 03:00:00,4,0,0.002351892037655768
2025-04-29 04:00:00,4,0,0.002351892037655768
2025-04-29 05:00:00,4,0,0.002351892037655768
2025-04-29 06:00:00,4,0,0.002351892037655768
2025-04-29 07:00:00,4,0,0.0023067112905256646
2025-04-29 08:00:00,4,0,0.0027573940811796436
2025-04-29 09:00:00,4,0,0.004512513998264833
2025-04-29 10:00:00,4,0,0.021588891712498084
2025-04-29 11:00:00,4,1,0.9141261738203008
2025-04-29 12:00:00,4,1,0.9166275223386502
2025-04-29 13:00:00,4,1,0.9056664545088284
2025-04-29 14:00:00,4,1,0.9069824744981234
2025-04-29 15:00:00,4,1,0.9046572163033143
2025-04-29 16:00:00,4,1,0.6592260280668362
2025-04-29 17:00:00,4,0,0.007261392414899145
2025-04-29 18:00:00,4,0,0.0024812112572538377
2025-04-29 19:00:00,4,0,0.0024812112572538377
2025-04-29 20:00:00,4,0,0.0023067112905256646
2025-04-29 21:00:00,4,0,0.0023067112905256646
2025-04-29 22:00:00,4,0,0.0023067112905256646
2025-04-29 23:00:00,4,0,0.0023067112905256646
2025-04-30 00:00:00,4,0,0.0023067112905256646
2025-04-30 01:00:00,4,0,0.0023067112905256646
2025-04-30 02:00:00,4,0,0.0023067112905256646
2025-04-30 03:00:00,4,0,0.0023067112905256646
2025-04-30 04:00:00,4,0,0.0023067112905256646
2025-04-30 05:00:00,4,0,0.0023067112905256646
2025-04-30 06:00:00,4,0,0.0023067112905256646
2025-04-30 07:00:00,4,0,0.0024812112572538377
2025-04-30 08:00:00,4,0,0.0024812112572538377
2025-04-30 09:00:00,4,0,0.002810269451286398
2025-04-30 10:00:00,4,0,0.03626148185258614
2025-04-30 11:00:00,4,1,0.8400979282423497
2025-04-30 12:00:00,4,1,0.9307228138369613
2025-04-30 13:00:00,4,1,0.9288120735928571
2025-04-30 14:00:00,4,1,0.9288120735928571
2025-04-30 15:00:00,4,1,0.8873469258373352
2025-04-30 16:00:00,4,1,0.6957409956519576
2025-04-30 17:00:00,4,0,0.014372052624032128
2025-04-30 18:00:00,4,0,0.002497966573534261
2025-04-30 19:00:00,4,0,0.002497966573534261
2025-04-30 20:00:00,4,0,0.0023067112905256646
2025-04-30 21:00:00,4,0,0.0023067112905256646
2025-04-30 22:00:00,4,0,0.0023067112905256646
2025-04-30 23:00:00,4,0,0.0023067112905256646
2025-05-01 00:00:00,4,0,0.0023067112905256646
2025-05-01 01:00:00,4,0,0.0023067112905256646
2025-05-01 02:00:00,4,0,0.0023067112905256646
2025-05-01 03:00:00,4,0,0.0023067112905256646
2025-05-01 04:00:00,4,0,0.0023067112905256646
2025-05-01 05:00:00,4,0,0.0023067112905256646
2025-05-01 06:00:00,4,0,0.0023067112905256646
2025-05-01 07:00:00,4,0,0.0023067112905256646
2025-05-01 08:00:00,4,0,0.0026095923972664263
2025-05-01 09:00:00,4,0,0.010316839182149776
2025-05-01 10:00:00,4,0,0.035986834385910924
2025-05-01 11:00:00,4,0,0.9012938703296959
2025-05-01 12:00:00,4,0,0.9143637889017983
2025-05-01 13:00:00,4,1,0.9143637889017983
2025-05-01 14:00:00,4,1,0.9143637889017983
2025-05-01 15:00:00,4,1,0.8892709344206983
2025-05-01 16:00:00,4,0,0.6957409956519576
2025-05-01 17:00:00,4,0,0.0028574888895758796
2025-05-01 18:00:00,4,0,0.0028113773200404463
2025-05-01 19:00:00,4,0,0.0024821897270811476
2025-05-01 20:00:00,4,0,0.002351892037655768
2025-05-01 21:00:00,4,0,0.002351892037655768
2025-05-01 22:00:00,4,0,0.002351892037655768
2025-05-01 23:00:00,4,0,0.002351892037655768
2025-05-02 00:00:00,4,0,0.002351892037655768
2025-05-02 01:00:00,4,0,0.002351892037655768
2025-05-02 02:00:00,4,0,0.002351892037655768
2025-05-02 03:00:00,4,0,0.0023067112905256646
2025-05-02 04:00:00,4,0,0.0023067112905256646
2025-05-02 05:00:00,4,0,0.0023067112905256646
2025-05-02 06:00:00,4,0,0.0023067112905256646
2025-05-02 07:00:00,4,0,0.0023067112905256646
2025-05-02 08:00:00,4,0,0.002497966573534261
2025-05-02 09:00:00,4,0,0.002434512019531942
2025-05-02 10:00:00,4,0,0.050171163229636564
2025-05-02 11:00:00,4,1,0.5460378918244467
2025-05-02 12:00:00,4,1,0.9074427177580826
2025-05-02 13:00:00,4,1,0.9041297996795735
2025-05-02 14:00:00,4,0,0.9143637889017983
2025-05-02 15:00:00,4,1,0.8895154233136906
2025-05-02 16:00:00,4,0,0.04889441542037044
2025-05-02 17:00:00,4,0,0.002954388326243671
2025-05-02 18:00:00,4,0,0.002434512019531942
2025-05-02 19:00:00,4,0,0.002434512019531942
2025-05-02 20:00:00,4,0,0.0023067112905256646
2025-05-02 21:00:00,4,0,0.0023067112905256646
2025-05-02 22:00:00,4,0,0.0023067112905256646
2025-05-02 23:00:00,4,0,0.0023067112905256646
2025-05-03 00:00:00,4,0,0.0023067112905256646
2025-05-03 01:00:00,4,0,0.0023067112905256646
2025-05-03 02:00:00,4,0,0.0023067112905256646
2025-05-03 03:00:00,4,0,0.002351892037655768
2025-05-03 04:00:00,4,0,0.002351892037655768
2025-05-03 05:00:00,4,0,0.002351892037655768
2025-05-03 06:00:00,4,0,0.002351892037655768
2025-05-03 07:00:00,4,0,0.002351892037655768
2025-05-03 08:00:00,4,0,0.002497966573534261
2025-05-03 09:00:00,4,0,0.0030864212387779126
2025-05-03 10:00:00,4,1,0.3384744561110584
2025-05-03 11:00:00,4,1,0.9245301377833391
2025-05-03 12:00:00,4,1,0.9151651088013908
2025-05-03 13:00:00,4,1,0.9294886228958401
2025-05-03 14:00:00,4,1,0.9190932667156708
2025-05-03 15:00:00,4,1,0.88832583895609
2025-05-03 16:00:00,4,0,0.041648257286209085
2025-05-03 17:00:00,4,0,0.0161146829032918
2025-05-03 18:00:00,4,0,0.002434512019531942
2025-05-03 19:00:00,4,0,0.002497966573534261
2025-05-03 20:00:00,4,0,0.0023067112905256646
2025-05-03 21:00:00,4,0,0.0023067112905256646
2025-05-03 22:00:00,4,0,0.0023067112905256646
2025-05-03 23:00:00,4,0,0.0023067112905256646
2025-05-04 00:00:00,4,0,0.0023067112905256646
2025-05-04 01:00:00,4,0,0.0023067112905256646
2025-05-04 02:00:00,4,0,0.0023067112905256646
2025-05-04 03:00:00,4,0,0.0023067112905256646
2025-05-04 04:00:00,4,0,0.0023067112905256646
2025-05-04 05:00:00,4,0,0.0023067112905256646
2025-05-04 06:00:00,4,0,0.0023067112905256646
2025-05-04 07:00:00,4,0,0.002497966573534261
2025-05-04 08:00:00,4,0,0.002497966573534261
2025-05-04 09:00:00,4,0,0.002497966573534261
2025-05-04 10:00:00,4,1,0.37048436662611894
2025-05-04 11:00:00,4,1,0.9413741492735214
2025-05-04 12:00:00,4,1,0.9275521606308477
2025-05-04 13:00:00,4,1,0.9294886228958401
2025-05-04 14:00:00,4,1,0.9288120735928571
2025-05-04 15:00:00,4,1,0.9088352874951956
2025-05-04 16:00:00,4,1,0.9088352874951956
2025-05-04 17:00:00,4,0,0.04381258195954113
2025-05-04 18:00:00,4,0,0.002497966573534261
2025-05-04 19:00:00,4,0,0.002497966573534261
2025-05-04 20:00:00,4,0,0.0023067112905256646
2025-05-04 21:00:00,4,0,0.0023067112905256646
2025-05-04 22:00:00,4,0,0.0023067112905256646
2025-05-04 23:00:00,4,0,0.0023067112905256646
2025-05-05 00:00:00,4,0,0.002351892037655768
2025-05-05 01:00:00,4,0,0.002351892037655768
2025-05-05 02:00:00,4,0,0.0023067112905256646
2025-05-05 03:00:00,4,0,0.0023067112905256646
2025-05-05 04:00:00,4,0,0.0023067112905256646
2025-05-05 05:00:00,4,0,0.0023067112905256646
2025-05-05 06:00:00,4,0,0.0023067112905256646
2025-05-05 07:00:00,4,0,0.0023067112905256646
2025-05-05 08:00:00,4,0,0.002497966573534261
2025-05-05 09:00:00,4,0,0.002559473828098354
2025-05-05 10:00:00,4,0,0.5215090890041358
2025-05-05 11:00:00,4,1,0.9196583014644527
2025-05-05 12:00:00,4,1,0.9257706566378794
2025-05-05 13:00:00,4,1,0.932266848917481
2025-05-05 14:00:00,4,1,0.932266848917481
2025-05-05 15:00:00,4,1,0.9064737392818301
2025-05-05 16:00:00,4,1,0.9087455741933371
2025-05-05 17:00:00,4,0,0.07289382615004533
2025-05-05 18:00:00,4,0,0.002497966573534261
2025-05-05 19:00:00,4,0,0.002497966573534261
2025-05-05 20:00:00,4,0,0.0023067112905256646
2025-05-05 21:00:00,4,0,0.0023067112905256646
2025-05-05 22:00:00,4,0,0.0023067112905256646
2025-05-05 23:00:00,4,0,0.0023067112905256646
2025-05-06 00:00:00,4,0,0.0023067112905256646
2025-05-06 01:00:00,4,0,0.0023067112905256646
2025-05-06 02:00:00,4,0,0.0023067112905256646
2025-05-06 03:00:00,4,0,0.0023067112905256646
2025-05-06 04:00:00,4,0,0.0023067112905256646
2025-05-06 05:00:00,4,0,0.0023067112905256646
2025-05-06 06:00:00,4,0,0.0023067112905256646
2025-05-06 07:00:00,4,0,0.0023067112905256646
2025-05-06 08:00:00,4,0,0.002497966573534261
2025-05-06 09:00:00,4,0,0.0030864212387779126
2025-05-06 10:00:00,4,1,0.7047820498301381
2025-05-06 11:00:00,4,1,0.933658333345672
2025-05-06 12:00:00,4,1,0.9356308078198341
2025-05-06 13:00:00,4,1,0.9356308078198341
2025-05-06 14:00:00,4,1,0.9352529194961413
2025-05-06 15:00:00,4,1,0.9093882143798007
2025-05-06 16:00:00,4,1,0.9103844099198442
2025-05-06 17:00:00,4,0,0.02822251118252108
2025-05-06 18:00:00,4,0,0.002497966573534261
2025-05-06 19:00:00,4,0,0.0023067112905256646
2025-05-06 20:00:00,4,0,0.0023067112905256646
2025-05-06 21:00:00,4,0,0.0023067112905256646
2025-05-06 22:00:00,4,0,0.0023067112905256646
2025-05-06 23:00:00,4,0,0.0023067112905256646
2025-05-07 00:00:00,4,0,0.0023067112905256646
2025-05-07 01:00:00,4,0,0.0023067112905256646
2025-05-07 02:00:00,4,0,0.002351892037655768
2025-05-07 03:00:00,4,0,0.0023067112905256646
2025-05-07 04:00:00,4,0,0.002351892037655768
2025-05-07 05:00:00,4,0,0.002351892037655768
2025-05-07 06:00:00,4,0,0.002351892037655768
2025-05-07 07:00:00,4,0,0.0025468838081755167
2025-05-07 08:00:00,4,0,0.0025468838081755167
2025-05-07 09:00:00,4,0,0.002497966573534261
2025-05-07 10:00:00,4,0,0.6916955440017294
2025-05-07 11:00:00,4,1,0.9196583014644527
2025-05-07 12:00:00,4,1,0.9201539542621149
2025-05-07 13:00:00,4,1,0.9041297996795735
2025-05-07 14:00:00,4,1,0.9041297996795735
2025-05-07 15:00:00,4,1,0.8853897396362247
2025-05-07 16:00:00,4,1,0.8853897396362247
2025-05-07 17:00:00,4,0,0.014637353521607692
2025-05-07 18:00:00,4,0,0.0024869475949420967
2025-05-07 19:00:00,4,0,0.002497966573534261
2025-05-07 20:00:00,4,0,0.0023067112905256646
2025-05-07 21:00:00,4,0,0.0023067112905256646
2025-05-07 22:00:00,4,0,0.0023067112905256646
2025-05-07 23:00:00,4,0,0.0023067112905256646
2025-05-08 00:00:00,4,0,0.0023067112905256646
2025-05-08 01:00:00,4,0,0.0023067112905256646
2025-05-08 02:00:00,4,0,0.0023067112905256646
2025-05-08 03:00:00,4,0,0.0023067112905256646
2025-05-08 04:00:00,4,0,0.002351892037655768
2025-05-08 05:00:00,4,0,0.002351892037655768
2025-05-08 06:00:00,4,0,0.0023067112905256646
2025-05-08 07:00:00,4,0,0.0023067112905256646
2025-05-08 08:00:00,4,0,0.0023067112905256646
2025-05-08 09:00:00,4,0,0.0030864212387779126
2025-05-08 10:00:00,4,0,0.6569626485750231
2025-05-08 11:00:00,4,1,0.9266470330304895
2025-05-08 12:00:00,4,1,0.9454034572930818
2025-05-08 13:00:00,4,1,0.9288498840570883
2025-05-08 14:00:00,4,1,0.9349840229054248
2025-05-08 15:00:00,4,1,0.9131689103095614
2025-05-08 16:00:00,4,1,0.9123175783694875
2025-05-08 17:00:00,4,0,0.03904840122981067
2025-05-08 18:00:00,4,0,0.002497966573534261
2025-05-08 19:00:00,4,0,0.002497966573534261
2025-05-08 20:00:00,4,0,0.0023067112905256646
2025-05-08 21:00:00,4,0,0.0023067112905256646
2025-05-08 22:00:00,4,0,0.0023067112905256646
2025-05-08 23:00:00,4,0,0.0023067112905256646
2025-05-09 00:00:00,4,0,0.0023067112905256646
2025-05-09 01:00:00,4,0,0.0023067112905256646
2025-05-09 02:00:00,4,0,0.0023067112905256646
2025-05-09 03:00:00,4,0,0.0023067112905256646
2025-05-09 04:00:00,4,0,0.0023067112905256646
2025-05-09 05:00:00,4,0,0.0023067112905256646
2025-05-09 06:00:00,4,0,0.0023067112905256646
2025-05-09 07:00:00,4,0,0.0023067112905256646
2025-05-09 08:00:00,4,0,0.0023067112905256646
2025-05-09 09:00:00,4,0,0.0025468838081755167
2025-05-09 10:00:00,4,0,0.03714480179447515
2025-05-09 11:00:00,4,1,0.9131274545027213
2025-05-09 12:00:00,4,1,0.9175436130678294
2025-05-09 13:00:00,4,1,0.9252348012607753
2025-05-09 14:00:00,4,1,0.9143637889017983
2025-05-09 15:00:00,4,1,0.9225457680872824
2025-05-09 16:00:00,4,1,0.7883974683608492
2025-05-09 17:00:00,4,0,0.02792521518838863
2025-05-09 18:00:00,4,0,0.0024821897270811476
2025-05-09 19:00:00,4,0,0.0023067112905256646
2025-05-09 20:00:00,4,0,0.0023067112905256646
2025-05-09 21:00:00,4,0,0.0023067112905256646
2025-05-09 22:00:00,4,0,0.002351892037655768
2025-05-09 23:00:00,4,0,0.0023067112905256646
2025-05-10 00:00:00,4,0,0.0023067112905256646
2025-05-10 01:00:00,4,0,0.0023067112905256646
2025-05-10 02:00:00,4,0,0.0023067112905256646
2025-05-10 03:00:00,4,0,0.002351892037655768
2025-05-10 04:00:00,4,0,0.002351892037655768
2025-05-10 05:00:00,4,0,0.002351892037655768
2025-05-10 06:00:00,4,0,0.002351892037655768
2025-05-10 07:00:00,4,0,0.0025468838081755167
2025-05-10 08:00:00,4,0,0.008929074486563784
2025-05-10 09:00:00,4,0,0.017057175382640503
2025-05-10 10:00:00,4,0,0.3342732154080498
2025-05-10 11:00:00,4,0,0.9177489123635805
2025-05-10 12:00:00,4,0,0.9220122567221759
2025-05-10 13:00:00,4,0,0.9143637889017983
2025-05-10 14:00:00,4,1,0.9173553846049007
2025-05-10 15:00:00,4,1,0.9225457680872824
2025-05-10 16:00:00,4,1,0.6998388515796772
2025-05-10 17:00:00,4,0,0.017456767868265242
2025-05-10 18:00:00,4,0,0.0026095923972664263
2025-05-10 19:00:00,4,0,0.002497966573534261
2025-05-10 20:00:00,4,0,0.0023067112905256646
2025-05-10 21:00:00,4,0,0.0023067112905256646
2025-05-10 22:00:00,4,0,0.0023067112905256646
2025-05-10 23:00:00,4,0,0.0023067112905256646
2025-05-11 00:00:00,4,0,0.0023067112905256646
2025-05-11 01:00:00,4,0,0.0023067112905256646
2025-05-11 02:00:00,4,0,0.0023067112905256646
2025-05-11 03:00:00,4,0,0.0023067112905256646
2025-05-11 04:00:00,4,0,0.0023067112905256646
2025-05-11 05:00:00,4,0,0.0023067112905256646
2025-05-11 06:00:00,4,0,0.002351892037655768
2025-05-11 07:00:00,4,0,0.002351892037655768
2025-05-11 08:00:00,4,0,0.0025468838081755167
2025-05-11 09:00:00,4,0,0.0032383109870412815
2025-05-11 10:00:00,4,1,0.437130826254951
2025-05-11 11:00:00,4,1,0.9235207338006185
2025-05-11 12:00:00,4,1,0.9272340360736668
2025-05-11 13:00:00,4,1,0.9307228138369613
2025-05-11 14:00:00,4,1,0.9184428637089436
2025-05-11 15:00:00,4,1,0.8243253482370791
2025-05-11 16:00:00,4,1,0.7944685796097536
2025-05-11 17:00:00,4,0,0.0744650369538428
2025-05-11 18:00:00,4,0,0.002497966573534261
2025-05-11 19:00:00,4,0,0.0023067112905256646
2025-05-11 20:00:00,4,0,0.0023067112905256646
2025-05-11 21:00:00,4,0,0.0023067112905256646
2025-05-11 22:00:00,4,0,0.0023067112905256646
2025-05-11 23:00:00,4,0,0.0023067112905256646
2025-05-12 00:00:00,4,0,0.0023067112905256646
2025-05-12 01:00:00,4,0,0.0023067112905256646
2025-05-12 02:00:00,4,0,0.0023067112905256646
2025-05-12 03:00:00,4,0,0.0023067112905256646
2025-05-12 04:00:00,4,0,0.0023067112905256646
2025-05-12 05:00:00,4,0,0.0023067112905256646
2025-05-12 06:00:00,4,0,0.0023067112905256646
2025-05-12 07:00:00,4,0,0.002497966573534261
2025-05-12 08:00:00,4,0,0.002497966573534261
2025-05-12 09:00:00,4,0,0.002497966573534261
2025-05-12 10:00:00,4,1,0.6246965547907911
2025-05-12 11:00:00,4,1,0.9286114182278777
2025-05-12 12:00:00,4,1,0.922277638975179
2025-05-12 13:00:00,4,1,0.9307228138369613
2025-05-12 14:00:00,4,1,0.9441409395350524
2025-05-12 15:00:00,4,1,0.9067190015429115
2025-05-12 16:00:00,4,1,0.9067190015429115
2025-05-12 17:00:00,4,0,0.016681440871596107
2025-05-12 18:00:00,4,0,0.002497966573534261
2025-05-12 19:00:00,4,0,0.002497966573534261
2025-05-12 20:00:00,4,0,0.0023067112905256646
2025-05-12 21:00:00,4,0,0.0023067112905256646
2025-05-12 22:00:00,4,0,0.0023067112905256646
2025-05-12 23:00:00,4,0,0.0023067112905256646
2025-05-13 00:00:00,4,0,0.0023067112905256646
2025-05-13 01:00:00,4,0,0.0023067112905256646
2025-05-13 02:00:00,4,0,0.0023067112905256646
2025-05-13 03:00:00,4,0,0.0023067112905256646
2025-05-13 04:00:00,4,0,0.0023067112905256646
2025-05-13 05:00:00,4,0,0.0023067112905256646
2025-05-13 06:00:00,4,0,0.0023067112905256646
2025-05-13 07:00:00,4,0,0.0023067112905256646
2025-05-13 08:00:00,4,0,0.002497966573534261
2025-05-13 09:00:00,4,0,0.002885606492540793
2025-05-13 10:00:00,4,1,0.6052324554860683
2025-05-13 11:00:00,4,1,0.9038667738066235
2025-05-13 12:00:00,4,1,0.9066364384527049
2025-05-13 13:00:00,4,1,0.9307228138369613
2025-05-13 14:00:00,4,1,0.9184008517664102
2025-05-13 15:00:00,4,1,0.9067190015429115
2025-05-13 16:00:00,4,0,0.8921197197416469
2025-05-13 17:00:00,4,0,0.015592893869550841
2025-05-13 18:00:00,4,0,0.002497966573534261
2025-05-13 19:00:00,4,0,0.002497966573534261
2025-05-13 20:00:00,4,0,0.0023067112905256646
2025-05-13 21:00:00,4,0,0.0023067112905256646
2025-05-13 22:00:00,4,0,0.0023067112905256646
2025-05-13 23:00:00,4,0,0.0023067112905256646
2025-05-14 00:00:00,4,0,0.0023067112905256646
2025-05-14 01:00:00,4,0,0.0023067112905256646
2025-05-14 02:00:00,4,0,0.0023067112905256646
2025-05-14 03:00:00,4,0,0.0023067112905256646
2025-05-14 04:00:00,4,0,0.0023067112905256646
2025-05-14 05:00:00,4,0,0.0023067112905256646
2025-05-14 06:00:00,4,0,0.0023067112905256646
2025-05-14 07:00:00,4,0,0.0023067112905256646
2025-05-14 08:00:00,4,0,0.002497966573534261
2025-05-14 09:00:00,4,0,0.002885606492540793
2025-05-14 10:00:00,4,1,0.4127080844189851
2025-05-14 11:00:00,4,1,0.9038667738066235
2025-05-14 12:00:00,4,1,0.8932011135982525
2025-05-14 13:00:00,4,1,0.9048716123978113
2025-05-14 14:00:00,4,1,0.8960409723245302
2025-05-14 15:00:00,4,1,0.9052609530648895
2025-05-14 16:00:00,4,1,0.908331152488952
2025-05-14 17:00:00,4,0,0.07357790121461172
2025-05-14 18:00:00,4,0,0.0024812112572538377
2025-05-14 19:00:00,4,0,0.0024181812980725715
2025-05-14 20:00:00,4,0,0.0023067112905256646
2025-05-14 21:00:00,4,0,0.0023067112905256646
2025-05-14 22:00:00,4,0,0.0023067112905256646
2025-05-14 23:00:00,4,0,0.0023067112905256646
2025-05-15 00:00:00,4,0,0.0022763957719425234
2025-05-15 01:00:00,4,0,0.0022763957719425234
2025-05-15 02:00:00,4,0,0.0022763957719425234
2025-05-15 03:00:00,4,0,0.0022763957719425234
2025-05-15 04:00:00,4,0,0.0022763957719425234
2025-05-15 05:00:00,4,0,0.0022763957719425234
2025-05-15 06:00:00,4,0,0.0022763957719425234
2025-05-15 07:00:00,4,0,0.0022763957719425234
2025-05-15 08:00:00,4,0,0.0024486080341880436
2025-05-15 09:00:00,4,0,0.0027689684573197807
2025-05-15 10:00:00,4,0,0.3237704774695306
2025-05-15 11:00:00,4,1,0.9132417764115234
2025-05-15 12:00:00,4,1,0.9256363889451629
2025-05-15 13:00:00,4,1,0.9093748649821697
2025-05-15 14:00:00,4,1,0.9196090702066302
2025-05-15 15:00:00,4,1,0.908331152488952
2025-05-15 16:00:00,4,0,0.8201501306834265
2025-05-15 17:00:00,4,0,0.041436464736116556
2025-05-15 18:00:00,4,0,0.0024486080341880436
2025-05-15 19:00:00,4,0,0.0024486080341880436
2025-05-15 20:00:00,4,0,0.0022763957719425234
2025-05-15 21:00:00,4,0,0.0022763957719425234
2025-05-15 22:00:00,4,0,0.0022763957719425234
2025-05-15 23:00:00,4,0,0.0022763957719425234
2025-05-16 00:00:00,4,0,0.0022763957719425234
2025-05-16 01:00:00,4,0,0.0022763957719425234
2025-05-16 02:00:00,4,0,0.0022763957719425234
2025-05-16 03:00:00,4,0,0.0022763957719425234
2025-05-16 04:00:00,4,0,0.0022763957719425234
2025-05-16 05:00:00,4,0,0.0022763957719425234
2025-05-16 06:00:00,4,0,0.0022763957719425234
2025-05-16 07:00:00,4,0,0.0022763957719425234
2025-05-16 08:00:00,4,0,0.0024486080341880436
2025-05-16 09:00:00,4,0,0.0027689684573197807
2025-05-16 10:00:00,4,1,0.7316515660603196
2025-05-16 11:00:00,4,1,0.9103230217370518
2025-05-16 12:00:00,4,1,0.9110035060781574
2025-05-16 13:00:00,4,1,0.9093748649821697
2025-05-16 14:00:00,4,1,0.9049208368463773
2025-05-16 15:00:00,4,1,0.9052609530648895
2025-05-16 16:00:00,4,1,0.8818942606946967
2025-05-16 17:00:00,4,0,0.1885334873106972
2025-05-16 18:00:00,4,0,0.0024486080341880436
2025-05-16 19:00:00,4,0,0.0023864043100168624
2025-05-16 20:00:00,4,0,0.0022763957719425234
2025-05-16 21:00:00,4,0,0.0022763957719425234
2025-05-16 22:00:00,4,0,0.0022763957719425234
2025-05-16 23:00:00,4,0,0.0022763957719425234
2025-05-17 00:00:00,4,0,0.0022763957719425234
2025-05-17 01:00:00,4,0,0.0022763957719425234
2025-05-17 02:00:00,4,0,0.0022763957719425234
2025-05-17 03:00:00,4,0,0.0022763957719425234
2025-05-17 04:00:00,4,0,0.0022763957719425234
2025-05-17 05:00:00,4,0,0.0022763957719425234
2025-05-17 06:00:00,4,0,0.0022763957719425234
2025-05-17 07:00:00,4,0,0.0024486080341880436
2025-05-17 08:00:00,4,0,0.0024486080341880436
2025-05-17 09:00:00,4,0,0.0024486080341880436
2025-05-17 10:00:00,4,0,0.2513272158589002
2025-05-17 11:00:00,4,1,0.8979962229375871
2025-05-17 12:00:00,4,1,0.9093748649821697
2025-05-17 13:00:00,4,1,0.9093748649821697
2025-05-17 14:00:00,4,1,0.9082053845302909
2025-05-17 15:00:00,4,1,0.9008065533227027
2025-05-17 16:00:00,4,1,0.9037815242924847
2025-05-17 17:00:00,4,0,0.2856795325095262
2025-05-17 18:00:00,4,0,0.0040807196184804335
2025-05-17 19:00:00,4,0,0.0024486080341880436
2025-05-17 20:00:00,4,0,0.0022763957719425234
2025-05-17 21:00:00,4,0,0.0022763957719425234
2025-05-17 22:00:00,4,0,0.0022763957719425234
2025-05-17 23:00:00,4,0,0.0022763957719425234
2025-05-18 00:00:00,4,0,0.0022763957719425234
2025-05-18 01:00:00,4,0,0.0022763957719425234
2025-05-18 02:00:00,4,0,0.0022763957719425234
2025-05-18 03:00:00,4,0,0.0022763957719425234
2025-05-18 04:00:00,4,0,0.0022763957719425234
2025-05-18 05:00:00,4,0,0.0022763957719425234
2025-05-18 06:00:00,4,0,0.0022763957719425234
2025-05-18 07:00:00,4,0,0.0022763957719425234
2025-05-18 08:00:00,4,0,0.0022763957719425234
2025-05-18 09:00:00,4,0,0.0026267026919973313
2025-05-18 10:00:00,4,1,0.5764439060668565
2025-05-18 11:00:00,4,1,0.9059579607663053
2025-05-18 12:00:00,4,1,0.9193839572786237
2025-05-18 13:00:00,4,1,0.9101747799144053
2025-05-18 14:00:00,4,1,0.9093748649821697
2025-05-18 15:00:00,4,1,0.8877990318954215
2025-05-18 16:00:00,4,1,0.8947086344407382
2025-05-18 17:00:00,4,0,0.0572101925904602
2025-05-18 18:00:00,4,0,0.0024486080341880436
2025-05-18 19:00:00,4,0,0.0024486080341880436
2025-05-18 20:00:00,4,0,0.0022763957719425234
2025-05-18 21:00:00,4,0,0.0022763957719425234
2025-05-18 22:00:00,4,0,0.0022763957719425234
2025-05-18 23:00:00,4,0,0.0022763957719425234
2025-05-19 00:00:00,4,0,0.0022763957719425234
2025-05-19 01:00:00,4,0,0.0022763957719425234
2025-05-19 02:00:00,4,0,0.0022763957719425234
2025-05-19 03:00:00,4,0,0.0022763957719425234
2025-05-19 04:00:00,4,0,0.0022763957719425234
2025-05-19 05:00:00,4,0,0.0022763957719425234
2025-05-19 06:00:00,4,0,0.0022763957719425234
2025-05-19 07:00:00,4,0,0.0024486080341880436
2025-05-19 08:00:00,4,0,0.0024486080341880436
2025-05-19 09:00:00,4,0,0.004007971242930017
2025-05-19 10:00:00,4,1,0.7415741727892181
2025-05-19 11:00:00,4,1,0.9050664646884203
2025-05-19 12:00:00,4,1,0.91724931656773
2025-05-19 13:00:00,4,1,0.9206978647336305
2025-05-19 14:00:00,4,1,0.9206978647336305
2025-05-19 15:00:00,4,1,0.8888594202712574
2025-05-19 16:00:00,4,1,0.8903815309531783
2025-05-19 17:00:00,4,0,0.12250622531761055
2025-05-19 18:00:00,4,0,0.0024486080341880436
2025-05-19 19:00:00,4,0,0.0024486080341880436
2025-05-19 20:00:00,4,0,0.0022763957719425234
2025-05-19 21:00:00,4,0,0.0022763957719425234
2025-05-19 22:00:00,4,0,0.0022763957719425234
2025-05-19 23:00:00,4,0,0.0022763957719425234
2025-05-20 00:00:00,4,0,0.0022763957719425234
2025-05-20 01:00:00,4,0,0.0022763957719425234
2025-05-20 02:00:00,4,0,0.0022763957719425234
2025-05-20 03:00:00,4,0,0.0022763957719425234
2025-05-20 04:00:00,4,0,0.0022763957719425234
2025-05-20 05:00:00,4,0,0.0022763957719425234
2025-05-20 06:00:00,4,0,0.0022763957719425234
2025-05-20 07:00:00,4,0,0.0022763957719425234
2025-05-20 08:00:00,4,0,0.0024486080341880436
2025-05-20 09:00:00,4,0,0.011723643025279154
2025-05-20 10:00:00,4,1,0.8165492731062927
2025-05-20 11:00:00,4,1,0.9073337903607508
2025-05-20 12:00:00,4,1,0.9137705921723515
2025-05-20 13:00:00,4,1,0.9325742804684644
2025-05-20 14:00:00,4,1,0.9184290724730884
2025-05-20 15:00:00,4,1,0.8947086344407382
2025-05-20 16:00:00,4,1,0.8888594202712574
2025-05-20 17:00:00,4,0,0.08630908553425999
2025-05-20 18:00:00,4,0,0.0024486080341880436
2025-05-20 19:00:00,4,0,0.0024486080341880436
2025-05-20 20:00:00,4,0,0.0022763957719425234
2025-05-20 21:00:00,4,0,0.0022763957719425234
2025-05-20 22:00:00,4,0,0.0022763957719425234
2025-05-20 23:00:00,4,0,0.0022763957719425234
2025-05-21 00:00:00,4,0,0.0022763957719425234
2025-05-21 01:00:00,4,0,0.0022763957719425234
2025-05-21 02:00:00,4,0,0.0022763957719425234
2025-05-21 03:00:00,4,0,0.0022763957719425234
2025-05-21 04:00:00,4,0,0.0022763957719425234
2025-05-21 05:00:00,4,0,0.0022763957719425234
2025-05-21 06:00:00,4,0,0.0022763957719425234
2025-05-21 07:00:00,4,0,0.0024486080341880436
2025-05-21 08:00:00,4,0,0.0024378062528546875
2025-05-21 09:00:00,4,0,0.0031792081270616344
2025-05-21 10:00:00,4,1,0.7411716277962259
2025-05-21 11:00:00,4,1,0.9003725781191222
2025-05-21 12:00:00,4,1,0.9032321352182162
2025-05-21 13:00:00,4,1,0.917039387396511
2025-05-21 14:00:00,4,1,0.9173658156429837
2025-05-21 15:00:00,4,1,0.9037815242924847
2025-05-21 16:00:00,4,0,0.908331152488952
2025-05-21 17:00:00,4,0,0.1762077455830273
2025-05-21 18:00:00,4,0,0.0024486080341880436
2025-05-21 19:00:00,4,0,0.0024486080341880436
2025-05-21 20:00:00,4,0,0.0022763957719425234
2025-05-21 21:00:00,4,0,0.0022763957719425234
2025-05-21 22:00:00,4,0,0.0022763957719425234
2025-05-21 23:00:00,4,0,0.0022763957719425234
2025-05-22 00:00:00,4,0,0.0022763957719425234
2025-05-22 01:00:00,4,0,0.0022763957719425234
2025-05-22 02:00:00,4,0,0.0022763957719425234
2025-05-22 03:00:00,4,0,0.0022763957719425234
2025-05-22 04:00:00,4,0,0.0022763957719425234
2025-05-22 05:00:00,4,0,0.0022763957719425234
2025-05-22 06:00:00,4,0,0.0022763957719425234
2025-05-22 07:00:00,4,0,0.0022763957719425234
2025-05-22 08:00:00,4,0,0.0024486080341880436
2025-05-22 09:00:00,4,0,0.00348426020995319
2025-05-22 10:00:00,4,1,0.7451787080877265
2025-05-22 11:00:00,4,1,0.911191834234988
2025-05-22 12:00:00,4,1,0.9137705921723515
2025-05-22 13:00:00,4,1,0.9184290724730884
2025-05-22 14:00:00,4,1,0.91724931656773
2025-05-22 15:00:00,4,1,0.8947086344407382
2025-05-22 16:00:00,4,1,0.8888594202712574
2025-05-22 17:00:00,4,0,0.1414954860095662
2025-05-22 18:00:00,4,0,0.0024486080341880436
2025-05-22 19:00:00,4,0,0.0024486080341880436
2025-05-22 20:00:00,4,0,0.0022763957719425234
2025-05-22 21:00:00,4,0,0.0022763957719425234
2025-05-22 22:00:00,4,0,0.0022763957719425234
2025-05-22 23:00:00,4,0,0.0022763957719425234
2025-05-23 00:00:00,4,0,0.0022763957719425234
2025-05-23 01:00:00,4,0,0.0022763957719425234
2025-05-23 02:00:00,4,0,0.0022763957719425234
2025-05-23 03:00:00,4,0,0.0022763957719425234
2025-05-23 04:00:00,4,0,0.0022763957719425234
2025-05-23 05:00:00,4,0,0.0022763957719425234
2025-05-23 06:00:00,4,0,0.0022763957719425234
2025-05-23 07:00:00,4,0,0.0040807196184804335
2025-05-23 08:00:00,4,0,0.0040807196184804335
2025-05-23 09:00:00,4,0,0.009796195465593049
2025-05-23 10:00:00,4,1,0.8685769419828681
2025-05-23 11:00:00,4,1,0.9243749524343915
2025-05-23 12:00:00,4,1,0.9056799252089809
2025-05-23 13:00:00,4,1,0.9184290724730884
2025-05-23 14:00:00,4,1,0.9132762656455414
2025-05-23 15:00:00,4,1,0.8888594202712574
2025-05-23 16:00:00,4,1,0.921574545700046
2025-05-23 17:00:00,4,0,0.16225323437289624
2025-05-23 18:00:00,4,0,0.0024486080341880436
2025-05-23 19:00:00,4,0,0.0024486080341880436
2025-05-23 20:00:00,4,0,0.0022763957719425234
2025-05-23 21:00:00,4,0,0.0022763957719425234
2025-05-23 22:00:00,4,0,0.0022763957719425234
2025-05-23 23:00:00,4,0,0.0022763957719425234
2025-05-24 00:00:00,4,0,0.0022763957719425234
2025-05-24 01:00:00,4,0,0.0022763957719425234
2025-05-24 02:00:00,4,0,0.0022763957719425234
2025-05-24 03:00:00,4,0,0.0022763957719425234
2025-05-24 04:00:00,4,0,0.0022763957719425234
2025-05-24 05:00:00,4,0,0.0022763957719425234
2025-05-24 06:00:00,4,0,0.0022763957719425234
2025-05-24 07:00:00,4,0,0.0022763957719425234
2025-05-24 08:00:00,4,0,0.0024486080341880436
2025-05-24 09:00:00,4,0,0.002969273822100027
2025-05-24 10:00:00,4,1,0.7725600888721323
2025-05-24 11:00:00,4,1,0.9106841694615292
2025-05-24 12:00:00,4,1,0.9129245968818747
2025-05-24 13:00:00,4,1,0.9184290724730884
2025-05-24 14:00:00,4,1,0.9129245968818747
2025-05-24 15:00:00,4,1,0.8853932007789289
2025-05-24 16:00:00,4,1,0.8888594202712574
2025-05-24 17:00:00,4,0,0.08630908553425999
2025-05-24 18:00:00,4,0,0.0023864043100168624
2025-05-24 19:00:00,4,0,0.0024486080341880436
2025-05-24 20:00:00,4,0,0.0022763957719425234
2025-05-24 21:00:00,4,0,0.0022763957719425234
2025-05-24 22:00:00,4,0,0.0022763957719425234
2025-05-24 23:00:00,4,0,0.0022763957719425234
2025-05-25 00:00:00,4,0,0.0022763957719425234
2025-05-25 01:00:00,4,0,0.0022763957719425234
2025-05-25 02:00:00,4,0,0.0022763957719425234
2025-05-25 03:00:00,4,0,0.0022763957719425234
2025-05-25 04:00:00,4,0,0.0022763957719425234
2025-05-25 05:00:00,4,0,0.0022763957719425234
2025-05-25 06:00:00,4,0,0.0022763957719425234
2025-05-25 07:00:00,4,0,0.0022763957719425234
2025-05-25 08:00:00,4,0,0.0023864043100168624
2025-05-25 09:00:00,4,0,0.0034473415347795705
2025-05-25 10:00:00,4,0,0.751496477001532
2025-05-25 11:00:00,4,1,0.9003725781191222
2025-05-25 12:00:00,4,1,0.9032321352182162
2025-05-25 13:00:00,4,1,0.8861599158337076
2025-05-25 14:00:00,4,1,0.8730234707268737
2025-05-25 15:00:00,4,1,0.8756906383275358
2025-05-25 16:00:00,4,0,0.8596019684439266
2025-05-25 17:00:00,4,0,0.011489975360475914
2025-05-25 18:00:00,4,0,0.002702923277532711
2025-05-25 19:00:00,4,0,0.0023864043100168624
2025-05-25 20:00:00,4,0,0.0022763957719425234
2025-05-25 21:00:00,4,0,0.0022763957719425234
2025-05-25 22:00:00,4,0,0.0022763957719425234
2025-05-25 23:00:00,4,0,0.0022763957719425234
2025-05-26 00:00:00,4,0,0.0022763957719425234
2025-05-26 01:00:00,4,0,0.0022763957719425234
2025-05-26 02:00:00,4,0,0.0022763957719425234
2025-05-26 03:00:00,4,0,0.0022763957719425234
2025-05-26 04:00:00,4,0,0.0022763957719425234
2025-05-26 05:00:00,4,0,0.0022763957719425234
2025-05-26 06:00:00,4,0,0.0022763957719425234
2025-05-26 07:00:00,4,0,0.0022763957719425234
2025-05-26 08:00:00,4,0,0.0024486080341880436
2025-05-26 09:00:00,4,0,0.0027689684573197807
2025-05-26 10:00:00,4,0,0.5073897225835582
2025-05-26 11:00:00,4,1,0.8979962229375871
2025-05-26 12:00:00,4,1,0.9222542248691337
2025-05-26 13:00:00,4,1,0.9222542248691337
2025-05-26 14:00:00,4,1,0.9183334862075869
2025-05-26 15:00:00,4,1,0.8777335697998213
2025-05-26 16:00:00,4,1,0.8777335697998213
2025-05-26 17:00:00,4,0,0.1762077455830273
2025-05-26 18:00:00,4,0,0.0024486080341880436
2025-05-26 19:00:00,4,0,0.0024486080341880436
2025-05-26 20:00:00,4,0,0.0022763957719425234
2025-05-26 21:00:00,4,0,0.0022763957719425234
2025-05-26 22:00:00,4,0,0.0022763957719425234
2025-05-26 23:00:00,4,0,0.0022763957719425234
2025-05-27 00:00:00,4,0,0.0022763957719425234
2025-05-27 01:00:00,4,0,0.0022763957719425234
2025-05-27 02:00:00,4,0,0.0022763957719425234
2025-05-27 03:00:00,4,0,0.0022763957719425234
2025-05-27 04:00:00,4,0,0.0022763957719425234
2025-05-27 05:00:00,4,0,0.0022763957719425234
2025-05-27 06:00:00,4,0,0.0022763957719425234
2025-05-27 07:00:00,4,0,0.0022763957719425234
2025-05-27 08:00:00,4,0,0.0024486080341880436
2025-05-27 09:00:00,4,0,0.002508902993758631
2025-05-27 10:00:00,4,1,0.11059284234268202
2025-05-27 11:00:00,4,1,0.8694003017119885
2025-05-27 12:00:00,4,1,0.8772653889284695
2025-05-27 13:00:00,4,1,0.9048716123978113
2025-05-27 14:00:00,4,1,0.9093748649821697
2025-05-27 15:00:00,4,1,0.8833558976980125
2025-05-27 16:00:00,4,1,0.908331152488952
2025-05-27 17:00:00,4,0,0.21982674354485243
2025-05-27 18:00:00,4,0,0.004785645713631689
2025-05-27 19:00:00,4,0,0.0022763957719425234
2025-05-27 20:00:00,4,0,0.0022763957719425234
2025-05-27 21:00:00,4,0,0.0022763957719425234
2025-05-27 22:00:00,4,0,0.0022763957719425234
2025-05-27 23:00:00,4,0,0.0022763957719425234
2025-05-28 00:00:00,4,0,0.0022763957719425234
2025-05-28 01:00:00,4,0,0.0022763957719425234
2025-05-28 02:00:00,4,0,0.0022763957719425234
2025-05-28 03:00:00,4,0,0.0022763957719425234
2025-05-28 04:00:00,4,0,0.0022763957719425234
2025-05-28 05:00:00,4,0,0.0022763957719425234
2025-05-28 06:00:00,4,0,0.0022763957719425234
2025-05-28 07:00:00,4,0,0.0022763957719425234
2025-05-28 08:00:00,4,0,0.0024486080341880436
2025-05-28 09:00:00,4,0,0.002837129592954827
2025-05-28 10:00:00,4,1,0.6208213041600628
2025-05-28 11:00:00,4,1,0.9243749524343915
2025-05-28 12:00:00,4,1,0.9093748649821697
2025-05-28 13:00:00,4,1,0.9048716123978113
2025-05-28 14:00:00,4,1,0.8910323051428723
2025-05-28 15:00:00,4,1,0.8777335697998213
2025-05-28 16:00:00,4,0,0.8815791503092166
2025-05-28 17:00:00,4,0,0.045699165788921484
2025-05-28 18:00:00,4,0,0.0024486080341880436
2025-05-28 19:00:00,4,0,0.0024486080341880436
2025-05-28 20:00:00,4,0,0.0022763957719425234
2025-05-28 21:00:00,4,0,0.0022763957719425234
2025-05-28 22:00:00,4,0,0.0022763957719425234
2025-05-28 23:00:00,4,0,0.0022763957719425234
2025-05-29 00:00:00,4,0,0.0022763957719425234
2025-05-29 01:00:00,4,0,0.0022763957719425234
2025-05-29 02:00:00,4,0,0.0022763957719425234
2025-05-29 03:00:00,4,0,0.0022763957719425234
2025-05-29 04:00:00,4,0,0.0022763957719425234
2025-05-29 05:00:00,4,0,0.0022763957719425234
2025-05-29 06:00:00,4,0,0.0022763957719425234
2025-05-29 07:00:00,4,0,0.0022763957719425234
2025-05-29 08:00:00,4,0,0.0022763957719425234
2025-05-29 09:00:00,4,0,0.007646738828893379
2025-05-29 10:00:00,4,1,0.46138363751601624
2025-05-29 11:00:00,4,1,0.8929940867336565
2025-05-29 12:00:00,4,1,0.9222542248691337
2025-05-29 13:00:00,4,1,0.8960409723245302
2025-05-29 14:00:00,4,1,0.8960409723245302
2025-05-29 15:00:00,4,1,0.8777335697998213
2025-05-29 16:00:00,4,1,0.8833558976980125
2025-05-29 17:00:00,4,0,0.07749507231347333
2025-05-29 18:00:00,4,0,0.0024486080341880436
2025-05-29 19:00:00,4,0,0.0024486080341880436
2025-05-29 20:00:00,4,0,0.0022763957719425234
2025-05-29 21:00:00,4,0,0.0022763957719425234
2025-05-29 22:00:00,4,0,0.0022763957719425234
2025-05-29 23:00:00,4,0,0.0022763957719425234
2025-05-30 00:00:00,4,0,0.0022763957719425234
2025-05-30 01:00:00,4,0,0.0022763957719425234
2025-05-30 02:00:00,4,0,0.0022763957719425234
2025-05-30 03:00:00,4,0,0.0022763957719425234
2025-05-30 04:00:00,4,0,0.0022763957719425234
2025-05-30 05:00:00,4,0,0.0022763957719425234
2025-05-30 06:00:00,4,0,0.0022763957719425234
2025-05-30 07:00:00,4,0,0.0024486080341880436
2025-05-30 08:00:00,4,0,0.002508902993758631
2025-05-30 09:00:00,4,0,0.002974998411999758
2025-05-30 10:00:00,4,0,0.690168047043977
2025-05-30 11:00:00,4,0,0.8694003017119885
2025-05-30 12:00:00,4,0,0.8730234707268737
2025-05-30 13:00:00,4,0,0.8906191931419125
2025-05-30 14:00:00,4,0,0.8983589441929528
2025-05-30 15:00:00,4,1,0.8821410151824973
2025-05-30 16:00:00,4,0,0.8965140098714028
2025-05-30 17:00:00,4,0,0.040431673530593605
2025-05-30 18:00:00,4,0,0.00276112400954297
2025-05-30 19:00:00,4,0,0.0024486080341880436
2025-05-30 20:00:00,4,0,0.0022763957719425234
2025-05-30 21:00:00,4,0,0.0022763957719425234
2025-05-30 22:00:00,4,0,0.0022763957719425234
2025-05-30 23:00:00,4,0,0.0022763957719425234
2025-05-31 00:00:00,4,0,0.0022763957719425234
2025-05-31 01:00:00,4,0,0.0022763957719425234
2025-05-31 02:00:00,4,0,0.0022763957719425234
2025-05-31 03:00:00,4,0,0.0022763957719425234
2025-05-31 04:00:00,4,0,0.0022763957719425234
2025-05-31 05:00:00,4,0,0.0022763957719425234
2025-05-31 06:00:00,4,0,0.0022763957719425234
2025-05-31 07:00:00,4,0,0.0022763957719425234
2025-05-31 08:00:00,4,0,0.0024486080341880436
2025-05-31 09:00:00,4,0,0.004496686844634362
2025-05-31 10:00:00,4,1,0.696774387889116
2025-05-31 11:00:00,4,1,0.9171890929288491
2025-05-31 12:00:00,4,1,0.926601742493077
2025-05-31 13:00:00,4,1,0.9319433663638459
2025-05-31 14:00:00,4,1,0.926601742493077
2025-05-31 15:00:00,4,1,0.9052609530648895
2025-05-31 16:00:00,4,1,0.8833558976980125
2025-05-31 17:00:00,4,0,0.07749507231347333
2025-05-31 18:00:00,4,0,0.0024486080341880436
2025-05-31 19:00:00,4,0,0.0024486080341880436
2025-05-31 20:00:00,4,0,0.0022763957719425234
2025-05-31 21:00:00,4,0,0.0022763957719425234
2025-05-31 22:00:00,4,0,0.0022763957719425234
2025-05-31 23:00:00,4,0,0.0022763957719425234
2025-06-01 00:00:00,4,0,0.0022763957719425234
2025-06-01 01:00:00,4,0,0.0022763957719425234
2025-06-01 02:00:00,4,0,0.0022763957719425234
2025-06-01 03:00:00,4,0,0.0022763957719425234
2025-06-01 04:00:00,4,0,0.0022763957719425234
2025-06-01 05:00:00,4,0,0.0022763957719425234
2025-06-01 06:00:00,4,0,0.0022763957719425234
2025-06-01 07:00:00,4,0,0.0040807196184804335
2025-06-01 08:00:00,4,0,0.004785645713631689
2025-06-01 09:00:00,4,0,0.006458154479781255
2025-06-01 10:00:00,4,1,0.5833741863503475
2025-06-01 11:00:00,4,1,0.9102936041933235
2025-06-01 12:00:00,4,1,0.8900182689493935
2025-06-01 13:00:00,4,1,0.9048716123978113
2025-06-01 14:00:00,4,1,0.8960409723245302
2025-06-01 15:00:00,4,1,0.9037815242924847
2025-06-01 16:00:00,4,1,0.9037815242924847
2025-06-01 17:00:00,4,0,0.07302802510753738
2025-06-01 18:00:00,4,0,0.002508902993758631
2025-06-01 19:00:00,4,0,0.0024486080341880436
2025-06-01 20:00:00,4,0,0.0022763957719425234
2025-06-01 21:00:00,4,0,0.0022763957719425234
2025-06-01 22:00:00,4,0,0.0022763957719425234
2025-06-01 23:00:00,4,0,0.0022763957719425234
2025-06-02 00:00:00,4,0,0.0022763957719425234
2025-06-02 01:00:00,4,0,0.0022763957719425234
2025-06-02 02:00:00,4,0,0.0022763957719425234
2025-06-02 03:00:00,4,0,0.0022763957719425234
2025-06-02 04:00:00,4,0,0.0022763957719425234
2025-06-02 05:00:00,4,0,0.0022763957719425234
2025-06-02 06:00:00,4,0,0.0022763957719425234
2025-06-02 07:00:00,4,0,0.0022763957719425234
2025-06-02 08:00:00,4,0,0.0024486080341880436
2025-06-02 09:00:00,4,0,0.011958785923182039
2025-06-02 10:00:00,4,1,0.7422240979358515
2025-06-02 11:00:00,4,1,0.9124382237982493
2025-06-02 12:00:00,4,1,0.9206978647336305
2025-06-02 13:00:00,4,1,0.9167057271307483
2025-06-02 14:00:00,4,1,0.9143333489026332
2025-06-02 15:00:00,4,1,0.8947086344407382
2025-06-02 16:00:00,4,1,0.8888594202712574
2025-06-02 17:00:00,4,0,0.1414954860095662
2025-06-02 18:00:00,4,0,0.0024486080341880436
2025-06-02 19:00:00,4,0,0.0024486080341880436
2025-06-02 20:00:00,4,0,0.0022763957719425234
2025-06-02 21:00:00,4,0,0.0022763957719425234
2025-06-02 22:00:00,4,0,0.0022763957719425234
2025-06-02 23:00:00,4,0,0.0022763957719425234
2025-06-03 00:00:00,4,0,0.0022763957719425234
2025-06-03 01:00:00,4,0,0.0022763957719425234
2025-06-03 02:00:00,4,0,0.0022763957719425234
2025-06-03 03:00:00,4,0,0.0022763957719425234
2025-06-03 04:00:00,4,0,0.0022763957719425234
2025-06-03 05:00:00,4,0,0.0022763957719425234
2025-06-03 06:00:00,4,0,0.0022763957719425234
2025-06-03 07:00:00,4,0,0.0024486080341880436
2025-06-03 08:00:00,4,0,0.0024486080341880436
2025-06-03 09:00:00,4,0,0.013438813318897222
2025-06-03 10:00:00,4,1,0.8811745963899758
2025-06-03 11:00:00,4,1,0.911191834234988
2025-06-03 12:00:00,4,1,0.9137705921723515
2025-06-03 13:00:00,4,1,0.9184290724730884
2025-06-03 14:00:00,4,1,0.9184290724730884
2025-06-03 15:00:00,4,1,0.8903815309531783
2025-06-03 16:00:00,4,1,0.8888594202712574
2025-06-03 17:00:00,4,1,0.5612514163898327
2025-06-03 18:00:00,4,0,0.0024486080341880436
2025-06-03 19:00:00,4,0,0.0024486080341880436
2025-06-03 20:00:00,4,0,0.0022763957719425234
2025-06-03 21:00:00,4,0,0.0022763957719425234
2025-06-03 22:00:00,4,0,0.0022763957719425234
2025-06-03 23:00:00,4,0,0.0022763957719425234
2025-06-04 00:00:00,4,0,0.0022763957719425234
2025-06-04 01:00:00,4,0,0.0022763957719425234
2025-06-04 02:00:00,4,0,0.0022763957719425234
2025-06-04 03:00:00,4,0,0.0022763957719425234
2025-06-04 04:00:00,4,0,0.0022763957719425234
2025-06-04 05:00:00,4,0,0.0022763957719425234
2025-06-04 06:00:00,4,0,0.0022763957719425234
2025-06-04 07:00:00,4,0,0.0024486080341880436
2025-06-04 08:00:00,4,0,0.0024486080341880436
2025-06-04 09:00:00,4,0,0.015581658708105168
2025-06-04 10:00:00,4,1,0.911191834234988
2025-06-04 11:00:00,4,1,0.9096909755919038
2025-06-04 12:00:00,4,1,0.9137705921723515
2025-06-04 13:00:00,4,1,0.9184290724730884
2025-06-04 14:00:00,4,1,0.914984166597435
2025-06-04 15:00:00,4,1,0.8888594202712574
2025-06-04 16:00:00,4,1,0.8888594202712574
2025-06-04 17:00:00,4,1,0.4414118509891464
2025-06-04 18:00:00,4,0,0.0029237356011022337
2025-06-04 19:00:00,4,0,0.0024486080341880436
2025-06-04 20:00:00,4,0,0.0022763957719425234
2025-06-04 21:00:00,4,0,0.0022763957719425234
2025-06-04 22:00:00,4,0,0.0022763957719425234
2025-06-04 23:00:00,4,0,0.0022763957719425234
2025-06-05 00:00:00,4,0,0.0022763957719425234
2025-06-05 01:00:00,4,0,0.0022763957719425234
2025-06-05 02:00:00,4,0,0.0022763957719425234
2025-06-05 03:00:00,4,0,0.0022763957719425234
2025-06-05 04:00:00,4,0,0.0022763957719425234
2025-06-05 05:00:00,4,0,0.0022763957719425234
2025-06-05 06:00:00,4,0,0.0022763957719425234
2025-06-05 07:00:00,4,0,0.0022763957719425234
2025-06-05 08:00:00,4,0,0.0024486080341880436
2025-06-05 09:00:00,4,0,0.015286375445042919
2025-06-05 10:00:00,4,1,0.8746788418577288
2025-06-05 11:00:00,4,1,0.9073337903607508
2025-06-05 12:00:00,4,1,0.9137705921723515
2025-06-05 13:00:00,4,1,0.9184290724730884
2025-06-05 14:00:00,4,1,0.9137705921723515
2025-06-05 15:00:00,4,1,0.8888594202712574
2025-06-05 16:00:00,4,1,0.8888594202712574
2025-06-05 17:00:00,4,1,0.4414118509891464
2025-06-05 18:00:00,4,0,0.0028927389161298297
2025-06-05 19:00:00,4,0,0.0024486080341880436
2025-06-05 20:00:00,4,0,0.0022763957719425234
2025-06-05 21:00:00,4,0,0.0022763957719425234
2025-06-05 22:00:00,4,0,0.0022763957719425234
2025-06-05 23:00:00,4,0,0.0022763957719425234
2025-06-06 00:00:00,4,0,0.0022763957719425234
2025-06-06 01:00:00,4,0,0.0022763957719425234
2025-06-06 02:00:00,4,0,0.0022763957719425234
2025-06-06 03:00:00,4,0,0.0022763957719425234
2025-06-06 04:00:00,4,0,0.0022763957719425234
2025-06-06 05:00:00,4,0,0.0022763957719425234
2025-06-06 06:00:00,4,0,0.0022763957719425234
2025-06-06 07:00:00,4,0,0.0024486080341880436
2025-06-06 08:00:00,4,0,0.0024486080341880436
2025-06-06 09:00:00,4,0,0.013438813318897222
2025-06-06 10:00:00,4,1,0.8746788418577288
2025-06-06 11:00:00,4,1,0.9096909755919038
2025-06-06 12:00:00,4,1,0.9126523882119449
2025-06-06 13:00:00,4,1,0.9184290724730884
2025-06-06 14:00:00,4,1,0.9137705921723515
2025-06-06 15:00:00,4,1,0.8877990318954215
2025-06-06 16:00:00,4,1,0.8888594202712574
2025-06-06 17:00:00,4,0,0.29293620443343266
2025-06-06 18:00:00,4,0,0.002905550607042644
2025-06-06 19:00:00,4,0,0.0024486080341880436
2025-06-06 20:00:00,4,0,0.0022763957719425234
2025-06-06 21:00:00,4,0,0.0022763957719425234
2025-06-06 22:00:00,4,0,0.0022763957719425234
2025-06-06 23:00:00,4,0,0.0022763957719425234
2025-06-07 00:00:00,4,0,0.0022763957719425234
2025-06-07 01:00:00,4,0,0.0022763957719425234
2025-06-07 02:00:00,4,0,0.0022763957719425234
2025-06-07 03:00:00,4,0,0.0022763957719425234
2025-06-07 04:00:00,4,0,0.0022763957719425234
2025-06-07 05:00:00,4,0,0.0022763957719425234
2025-06-07 06:00:00,4,0,0.0022763957719425234
2025-06-07 07:00:00,4,0,0.0022763957719425234
2025-06-07 08:00:00,4,0,0.0024486080341880436
2025-06-07 09:00:00,4,0,0.01215211624823624
2025-06-07 10:00:00,4,1,0.8873542652369816
2025-06-07 11:00:00,4,1,0.9066780749426437
2025-06-07 12:00:00,4,1,0.9064811572323943
2025-06-07 13:00:00,4,1,0.9001196411068212
2025-06-07 14:00:00,4,1,0.9032321352182162
2025-06-07 15:00:00,4,1,0.8756906383275358
2025-06-07 16:00:00,4,1,0.8853932007789289
2025-06-07 17:00:00,4,0,0.1936148195623901
2025-06-07 18:00:00,4,0,0.0028927389161298297
2025-06-07 19:00:00,4,0,0.0024486080341880436
2025-06-07 20:00:00,4,0,0.0022763957719425234
2025-06-07 21:00:00,4,0,0.0022763957719425234
2025-06-07 22:00:00,4,0,0.0022763957719425234
2025-06-07 23:00:00,4,0,0.0022763957719425234
2025-06-08 00:00:00,4,0,0.0022763957719425234
2025-06-08 01:00:00,4,0,0.0022763957719425234
2025-06-08 02:00:00,4,0,0.0022763957719425234
2025-06-08 03:00:00,4,0,0.0022763957719425234
2025-06-08 04:00:00,4,0,0.0022763957719425234
2025-06-08 05:00:00,4,0,0.0022763957719425234
2025-06-08 06:00:00,4,0,0.0022763957719425234
2025-06-08 07:00:00,4,0,0.0022763957719425234
2025-06-08 08:00:00,4,0,0.0024486080341880436
2025-06-08 09:00:00,4,0,0.00348426020995319
2025-06-08 10:00:00,4,1,0.8335039400591523
2025-06-08 11:00:00,4,1,0.8968084366798293
2025-06-08 12:00:00,4,1,0.9093748649821697
2025-06-08 13:00:00,4,1,0.9137705921723515
2025-06-08 14:00:00,4,1,0.914984166597435
2025-06-08 15:00:00,4,1,0.8888594202712574
2025-06-08 16:00:00,4,1,0.8888594202712574
2025-06-08 17:00:00,4,1,0.25516044842821556
2025-06-08 18:00:00,4,0,0.0028927389161298297
2025-06-08 19:00:00,4,0,0.0024486080341880436
2025-06-08 20:00:00,4,0,0.0022763957719425234
2025-06-08 21:00:00,4,0,0.0022763957719425234
2025-06-08 22:00:00,4,0,0.0022763957719425234
2025-06-08 23:00:00,4,0,0.0022763957719425234
2025-06-09 00:00:00,4,0,0.0022763957719425234
2025-06-09 01:00:00,4,0,0.0022763957719425234
2025-06-09 02:00:00,4,0,0.0022763957719425234
2025-06-09 03:00:00,4,0,0.0022763957719425234
2025-06-09 04:00:00,4,0,0.0022763957719425234
2025-06-09 05:00:00,4,0,0.0022763957719425234
2025-06-09 06:00:00,4,0,0.0022763957719425234
2025-06-09 07:00:00,4,0,0.0025734595472497418
2025-06-09 08:00:00,4,0,0.0024486080341880436
2025-06-09 09:00:00,4,0,0.011537049750478381
2025-06-09 10:00:00,4,1,0.8746788418577288
2025-06-09 11:00:00,4,1,0.9079814160157315
2025-06-09 12:00:00,4,1,0.9137705921723515
2025-06-09 13:00:00,4,1,0.914984166597435
2025-06-09 14:00:00,4,1,0.9137705921723515
2025-06-09 15:00:00,4,1,0.8888594202712574
2025-06-09 16:00:00,4,1,0.8888594202712574
2025-06-09 17:00:00,4,1,0.25516044842821556
2025-06-09 18:00:00,4,0,0.0028927389161298297
2025-06-09 19:00:00,4,0,0.0024486080341880436
2025-06-09 20:00:00,4,0,0.0022763957719425234
2025-06-09 21:00:00,4,0,0.0022763957719425234
2025-06-09 22:00:00,4,0,0.0022763957719425234
2025-06-09 23:00:00,4,0,0.0022763957719425234
2025-06-10 00:00:00,4,0,0.0022763957719425234
2025-06-10 01:00:00,4,0,0.0022763957719425234
2025-06-10 02:00:00,4,0,0.0022763957719425234
2025-06-10 03:00:00,4,0,0.0022763957719425234
2025-06-10 04:00:00,4,0,0.0022763957719425234
2025-06-10 05:00:00,4,0,0.0022763957719425234
2025-06-10 06:00:00,4,0,0.0022763957719425234
2025-06-10 07:00:00,4,0,0.0022763957719425234
2025-06-10 08:00:00,4,0,0.0024378062528546875
2025-06-10 09:00:00,4,0,0.013438813318897222
2025-06-10 10:00:00,4,1,0.8543079398294434
2025-06-10 11:00:00,4,1,0.9033041355726691
2025-06-10 12:00:00,4,1,0.9093748649821697
2025-06-10 13:00:00,4,1,0.9048716123978113
2025-06-10 14:00:00,4,1,0.9002205436776664
2025-06-10 15:00:00,4,1,0.869630660142396
2025-06-10 16:00:00,4,1,0.869630660142396
2025-06-10 17:00:00,4,0,0.17462405716855553
2025-06-10 18:00:00,4,0,0.0026267026919973313
2025-06-10 19:00:00,4,0,0.0024486080341880436
2025-06-10 20:00:00,4,0,0.0022763957719425234
2025-06-10 21:00:00,4,0,0.0022763957719425234
2025-06-10 22:00:00,4,0,0.0022763957719425234
2025-06-10 23:00:00,4,0,0.0022763957719425234
2025-06-11 00:00:00,4,0,0.0022763957719425234
2025-06-11 01:00:00,4,0,0.0022763957719425234
2025-06-11 02:00:00,4,0,0.0022763957719425234
2025-06-11 03:00:00,4,0,0.0022763957719425234
2025-06-11 04:00:00,4,0,0.0022763957719425234
2025-06-11 05:00:00,4,0,0.0022763957719425234
2025-06-11 06:00:00,4,0,0.0022763957719425234
2025-06-11 07:00:00,4,0,0.00438883085615569
2025-06-11 08:00:00,4,0,0.0024486080341880436
2025-06-11 09:00:00,4,0,0.011232584968092924
2025-06-11 10:00:00,4,1,0.8569098960900029
2025-06-11 11:00:00,4,1,0.8966965861452256
2025-06-11 12:00:00,4,1,0.9009164813639559
2025-06-11 13:00:00,4,1,0.926601742493077
2025-06-11 14:00:00,4,1,0.9093748649821697
2025-06-11 15:00:00,4,1,0.8833558976980125
2025-06-11 16:00:00,4,1,0.8833558976980125
2025-06-11 17:00:00,4,0,0.24493356252760212
2025-06-11 18:00:00,4,0,0.0024486080341880436
2025-06-11 19:00:00,4,0,0.0024486080341880436
2025-06-11 20:00:00,4,0,0.0022763957719425234
2025-06-11 21:00:00,4,0,0.0022763957719425234
2025-06-11 22:00:00,4,0,0.0022763957719425234
2025-06-11 23:00:00,4,0,0.0022763957719425234
2025-06-12 00:00:00,4,0,0.0022763957719425234
2025-06-12 01:00:00,4,0,0.0022763957719425234
2025-06-12 02:00:00,4,0,0.0022763957719425234
2025-06-12 03:00:00,4,0,0.0022763957719425234
2025-06-12 04:00:00,4,0,0.0022763957719425234
2025-06-12 05:00:00,4,0,0.0022763957719425234
2025-06-12 06:00:00,4,0,0.0022763957719425234
2025-06-12 07:00:00,4,0,0.0024486080341880436
2025-06-12 08:00:00,4,0,0.0024486080341880436
2025-06-12 09:00:00,4,0,0.013438813318897222
2025-06-12 10:00:00,4,1,0.8746788418577288
2025-06-12 11:00:00,4,1,0.9100434815995814
2025-06-12 12:00:00,4,1,0.9126523882119449
2025-06-12 13:00:00,4,1,0.9126523882119449
2025-06-12 14:00:00,4,1,0.9126523882119449
2025-06-12 15:00:00,4,1,0.8862387540075444
2025-06-12 16:00:00,4,1,0.8874579603738345
2025-06-12 17:00:00,4,1,0.4161394905298053
2025-06-12 18:00:00,4,0,0.002882892653501217
2025-06-12 19:00:00,4,0,0.0024486080341880436
2025-06-12 20:00:00,4,0,0.0022763957719425234
2025-06-12 21:00:00,4,0,0.0022763957719425234
2025-06-12 22:00:00,4,0,0.0022763957719425234
2025-06-12 23:00:00,4,0,0.0022763957719425234
2025-06-13 00:00:00,4,0,0.0022763957719425234
2025-06-13 01:00:00,4,0,0.0022763957719425234
2025-06-13 02:00:00,4,0,0.0022763957719425234
2025-06-13 03:00:00,4,0,0.0022763957719425234
2025-06-13 04:00:00,4,0,0.0022763957719425234
2025-06-13 05:00:00,4,0,0.0022763957719425234
2025-06-13 06:00:00,4,0,0.0022763957719425234
2025-06-13 07:00:00,4,0,0.0022763957719425234
2025-06-13 08:00:00,4,0,0.0024486080341880436
2025-06-13 09:00:00,4,0,0.011331186097548504
2025-06-13 10:00:00,4,1,0.8082375542635755
2025-06-13 11:00:00,4,1,0.9066780749426437
2025-06-13 12:00:00,4,1,0.9082053845302909
2025-06-13 13:00:00,4,1,0.9082053845302909
2025-06-13 14:00:00,4,1,0.9082053845302909
2025-06-13 15:00:00,4,1,0.8818942606946967
2025-06-13 16:00:00,4,1,0.8806228886011038
2025-06-13 17:00:00,4,1,0.4280096041274659
2025-06-13 18:00:00,4,0,0.0027689684573197807
2025-06-13 19:00:00,4,0,0.0024486080341880436
2025-06-13 20:00:00,4,0,0.0022763957719425234
2025-06-13 21:00:00,4,0,0.0022763957719425234
2025-06-13 22:00:00,4,0,0.0022763957719425234
2025-06-13 23:00:00,4,0,0.0022763957719425234
2025-06-14 00:00:00,4,0,0.0022763957719425234
2025-06-14 01:00:00,4,0,0.0022763957719425234
2025-06-14 02:00:00,4,0,0.0022763957719425234
2025-06-14 03:00:00,4,0,0.0022763957719425234
2025-06-14 04:00:00,4,0,0.0022763957719425234
2025-06-14 05:00:00,4,0,0.0022763957719425234
2025-06-14 06:00:00,4,0,0.0022763957719425234
2025-06-14 07:00:00,4,0,0.0024486080341880436
2025-06-14 08:00:00,4,0,0.0024486080341880436
2025-06-14 09:00:00,4,0,0.015271323029697373
2025-06-14 10:00:00,4,1,0.8227617722271802
2025-06-14 11:00:00,4,1,0.9044323936522162
2025-06-14 12:00:00,4,1,0.9308975070936872
2025-06-14 13:00:00,4,1,0.9401565017372417
2025-06-14 14:00:00,4,1,0.9446706230066676
2025-06-14 15:00:00,4,1,0.9075687984132097
2025-06-14 16:00:00,4,1,0.9065445166580429
2025-06-14 17:00:00,4,1,0.5992946063476815
2025-06-14 18:00:00,4,0,0.0028748562825622066
2025-06-14 19:00:00,4,0,0.002465143728978801
2025-06-14 20:00:00,4,0,0.0022763957719425234
2025-06-14 21:00:00,4,0,0.0022763957719425234
2025-06-14 22:00:00,4,0,0.0022763957719425234
2025-06-14 23:00:00,4,0,0.0022763957719425234
2025-06-15 00:00:00,4,0,0.0022763957719425234
2025-06-15 01:00:00,4,0,0.0022763957719425234
2025-06-15 02:00:00,4,0,0.0022763957719425234
2025-06-15 03:00:00,4,0,0.0022763957719425234
2025-06-15 04:00:00,4,0,0.0022763957719425234
2025-06-15 05:00:00,4,0,0.0022763957719425234
2025-06-15 06:00:00,4,0,0.0022763957719425234
2025-06-15 07:00:00,4,0,0.002465143728978801
2025-06-15 08:00:00,4,0,0.002465143728978801
2025-06-15 09:00:00,4,0,0.012806793411923137
2025-06-15 10:00:00,4,1,0.876248331295239
2025-06-15 11:00:00,4,1,0.9238817256352914
2025-06-15 12:00:00,4,1,0.9276298027242691
2025-06-15 13:00:00,4,1,0.9276298027242691
2025-06-15 14:00:00,4,1,0.9276298027242691
2025-06-15 15:00:00,4,1,0.9087455741933371
2025-06-15 16:00:00,4,1,0.9131689103095614
2025-06-15 17:00:00,4,0,0.34136461994401235
2025-06-15 18:00:00,4,0,0.002465143728978801
2025-06-15 19:00:00,4,0,0.002465143728978801
2025-06-15 20:00:00,4,0,0.0022763957719425234
2025-06-15 21:00:00,4,0,0.0022763957719425234
2025-06-15 22:00:00,4,0,0.0022763957719425234
2025-06-15 23:00:00,4,0,0.0022763957719425234
2025-06-16 00:00:00,4,0,0.0022763957719425234
2025-06-16 01:00:00,4,0,0.0022763957719425234
2025-06-16 02:00:00,4,0,0.0022763957719425234
2025-06-16 03:00:00,4,0,0.0022763957719425234
2025-06-16 04:00:00,4,0,0.0022763957719425234
2025-06-16 05:00:00,4,0,0.0022763957719425234
2025-06-16 06:00:00,4,0,0.0022763957719425234
2025-06-16 07:00:00,4,0,0.002465143728978801
2025-06-16 08:00:00,4,0,0.002465143728978801
2025-06-16 09:00:00,4,0,0.014678075175221197
2025-06-16 10:00:00,4,1,0.9276298027242691
2025-06-16 11:00:00,4,1,0.9260814848977774
2025-06-16 12:00:00,4,1,0.9276298027242691
2025-06-16 13:00:00,4,1,0.9235169890723018
2025-06-16 14:00:00,4,1,0.9186343160832658
2025-06-16 15:00:00,4,1,0.9025647602231031
2025-06-16 16:00:00,4,1,0.9131689103095614
2025-06-16 17:00:00,4,1,0.5144864953932858
2025-06-16 18:00:00,4,0,0.0030785224954687843
2025-06-16 19:00:00,4,0,0.002465143728978801
2025-06-16 20:00:00,4,0,0.0022763957719425234
2025-06-16 21:00:00,4,0,0.0022763957719425234
2025-06-16 22:00:00,4,0,0.0022763957719425234
2025-06-16 23:00:00,4,0,0.0022763957719425234
2025-06-17 00:00:00,4,0,0.0022763957719425234
2025-06-17 01:00:00,4,0,0.0022763957719425234
2025-06-17 02:00:00,4,0,0.0022763957719425234
2025-06-17 03:00:00,4,0,0.0022763957719425234
2025-06-17 04:00:00,4,0,0.0022763957719425234
2025-06-17 05:00:00,4,0,0.0022763957719425234
2025-06-17 06:00:00,4,0,0.0022763957719425234
2025-06-17 07:00:00,4,0,0.002465143728978801
2025-06-17 08:00:00,4,0,0.002465143728978801
2025-06-17 09:00:00,4,0,0.016961681271513405
2025-06-17 10:00:00,4,1,0.9260814848977774
2025-06-17 11:00:00,4,1,0.9260814848977774
2025-06-17 12:00:00,4,1,0.9258470654958209
2025-06-17 13:00:00,4,1,0.9276298027242691
2025-06-17 14:00:00,4,1,0.9276298027242691
2025-06-17 15:00:00,4,1,0.9131689103095614
2025-06-17 16:00:00,4,1,0.9131689103095614
2025-06-17 17:00:00,4,1,0.6271607077847702
2025-06-17 18:00:00,4,0,0.0030785224954687843
2025-06-17 19:00:00,4,0,0.002465143728978801
2025-06-17 20:00:00,4,0,0.0022763957719425234
2025-06-17 21:00:00,4,0,0.0022763957719425234
2025-06-17 22:00:00,4,0,0.0022763957719425234
2025-06-17 23:00:00,4,0,0.0022763957719425234
2025-06-18 00:00:00,4,0,0.0022763957719425234
2025-06-18 01:00:00,4,0,0.0022763957719425234
2025-06-18 02:00:00,4,0,0.0022763957719425234
2025-06-18 03:00:00,4,0,0.0022763957719425234
2025-06-18 04:00:00,4,0,0.0022763957719425234
2025-06-18 05:00:00,4,0,0.0022763957719425234
2025-06-18 06:00:00,4,0,0.0022763957719425234
2025-06-18 07:00:00,4,0,0.002465143728978801
2025-06-18 08:00:00,4,0,0.002465143728978801
2025-06-18 09:00:00,4,0,0.016961681271513405
2025-06-18 10:00:00,4,1,0.9276298027242691
2025-06-18 11:00:00,4,1,0.9260814848977774
2025-06-18 12:00:00,4,1,0.9266769005415176
2025-06-18 13:00:00,4,1,0.9266769005415176
2025-06-18 14:00:00,4,1,0.9276298027242691
2025-06-18 15:00:00,4,1,0.9110641021964618
2025-06-18 16:00:00,4,1,0.9120436549104237
2025-06-18 17:00:00,4,1,0.6022668707225189
2025-06-18 18:00:00,4,0,0.0030785224954687843
2025-06-18 19:00:00,4,0,0.002465143728978801
2025-06-18 20:00:00,4,0,0.0022763957719425234
2025-06-18 21:00:00,4,0,0.0022763957719425234
2025-06-18 22:00:00,4,0,0.0022763957719425234
2025-06-18 23:00:00,4,0,0.0022763957719425234
2025-06-19 00:00:00,4,0,0.0022763957719425234
2025-06-19 01:00:00,4,0,0.0022763957719425234
2025-06-19 02:00:00,4,0,0.0022763957719425234
2025-06-19 03:00:00,4,0,0.0022763957719425234
2025-06-19 04:00:00,4,0,0.0022763957719425234
2025-06-19 05:00:00,4,0,0.0022763957719425234
2025-06-19 06:00:00,4,0,0.0022763957719425234
2025-06-19 07:00:00,4,0,0.002465143728978801
2025-06-19 08:00:00,4,0,0.002465143728978801
2025-06-19 09:00:00,4,0,0.014914702972209698
2025-06-19 10:00:00,4,1,0.8971120634660107
2025-06-19 11:00:00,4,1,0.9244266371772039
2025-06-19 12:00:00,4,1,0.9258470654958209
2025-06-19 13:00:00,4,1,0.9266769005415176
2025-06-19 14:00:00,4,1,0.9276298027242691
2025-06-19 15:00:00,4,1,0.9120436549104237
2025-06-19 16:00:00,4,1,0.9120436549104237
2025-06-19 17:00:00,4,1,0.5891316757824693
2025-06-19 18:00:00,4,0,0.002915585708999016
2025-06-19 19:00:00,4,0,0.002465143728978801
2025-06-19 20:00:00,4,0,0.0022763957719425234
2025-06-19 21:00:00,4,0,0.0022763957719425234
2025-06-19 22:00:00,4,0,0.0022763957719425234
2025-06-19 23:00:00,4,0,0.0022763957719425234
2025-06-20 00:00:00,4,0,0.0022763957719425234
2025-06-20 01:00:00,4,0,0.0022763957719425234
2025-06-20 02:00:00,4,0,0.0022763957719425234
2025-06-20 03:00:00,4,0,0.0022763957719425234
2025-06-20 04:00:00,4,0,0.0022763957719425234
2025-06-20 05:00:00,4,0,0.0022763957719425234
2025-06-20 06:00:00,4,0,0.0022763957719425234
2025-06-20 07:00:00,4,0,0.002465143728978801
2025-06-20 08:00:00,4,0,0.002465143728978801
2025-06-20 09:00:00,4,0,0.013558077616126138
2025-06-20 10:00:00,4,1,0.8971120634660107
2025-06-20 11:00:00,4,1,0.9220144218772398
2025-06-20 12:00:00,4,1,0.9228835750203573
2025-06-20 13:00:00,4,1,0.9266769005415176
2025-06-20 14:00:00,4,1,0.9228835750203573
2025-06-20 15:00:00,4,1,0.9120436549104237
2025-06-20 16:00:00,4,1,0.9120436549104237
2025-06-20 17:00:00,4,1,0.5891316757824693
2025-06-20 18:00:00,4,0,0.002915585708999016
2025-06-20 19:00:00,4,0,0.002465143728978801
2025-06-20 20:00:00,4,0,0.0022763957719425234
2025-06-20 21:00:00,4,0,0.0022763957719425234
2025-06-20 22:00:00,4,0,0.0022763957719425234
2025-06-20 23:00:00,4,0,0.0022763957719425234
2025-06-21 00:00:00,4,0,0.0022763957719425234
2025-06-21 01:00:00,4,0,0.0022763957719425234
2025-06-21 02:00:00,4,0,0.0022763957719425234
2025-06-21 03:00:00,4,0,0.0022763957719425234
2025-06-21 04:00:00,4,0,0.0022763957719425234
2025-06-21 05:00:00,4,0,0.0022763957719425234
2025-06-21 06:00:00,4,0,0.0022763957719425234
2025-06-21 07:00:00,4,0,0.002465143728978801
2025-06-21 08:00:00,4,0,0.002465143728978801
2025-06-21 09:00:00,4,0,0.014914702972209698
2025-06-21 10:00:00,4,1,0.8971120634660107
2025-06-21 11:00:00,4,1,0.9276298027242691
2025-06-21 12:00:00,4,1,0.9238817256352914
2025-06-21 13:00:00,4,1,0.9238817256352914
2025-06-21 14:00:00,4,1,0.9238817256352914
2025-06-21 15:00:00,4,1,0.9087455741933371
2025-06-21 16:00:00,4,1,0.8932737460234231
2025-06-21 17:00:00,4,1,0.4959591787607435
2025-06-21 18:00:00,4,0,0.0030785224954687843
2025-06-21 19:00:00,4,0,0.002465143728978801
2025-06-21 20:00:00,4,0,0.0022763957719425234
2025-06-21 21:00:00,4,0,0.0022763957719425234
2025-06-21 22:00:00,4,0,0.0022763957719425234
2025-06-21 23:00:00,4,0,0.0022763957719425234
2025-06-22 00:00:00,4,0,0.0022763957719425234
2025-06-22 01:00:00,4,0,0.0022763957719425234
2025-06-22 02:00:00,4,0,0.0022763957719425234
2025-06-22 03:00:00,4,0,0.0022763957719425234
2025-06-22 04:00:00,4,0,0.0022763957719425234
2025-06-22 05:00:00,4,0,0.0022763957719425234
2025-06-22 06:00:00,4,0,0.0022763957719425234
2025-06-22 07:00:00,4,0,0.002465143728978801
2025-06-22 08:00:00,4,0,0.002465143728978801
2025-06-22 09:00:00,4,0,0.015495883256542038
2025-06-22 10:00:00,4,1,0.8475747152623945
2025-06-22 11:00:00,4,1,0.9266769005415176
2025-06-22 12:00:00,4,1,0.9244266371772039
2025-06-22 13:00:00,4,1,0.9214895357691985
2025-06-22 14:00:00,4,1,0.9186343160832658
2025-06-22 15:00:00,4,1,0.9025647602231031
2025-06-22 16:00:00,4,1,0.9025647602231031
2025-06-22 17:00:00,4,0,0.3985370515599462
2025-06-22 18:00:00,4,0,0.003045889813064581
2025-06-22 19:00:00,4,0,0.002465143728978801
2025-06-22 20:00:00,4,0,0.0022763957719425234
2025-06-22 21:00:00,4,0,0.0022763957719425234
2025-06-22 22:00:00,4,0,0.0022763957719425234
2025-06-22 23:00:00,4,0,0.0022763957719425234
2025-06-23 00:00:00,4,0,0.0022763957719425234
2025-06-23 01:00:00,4,0,0.0022763957719425234
2025-06-23 02:00:00,4,0,0.0022763957719425234
2025-06-23 03:00:00,4,0,0.0022763957719425234
2025-06-23 04:00:00,4,0,0.0022763957719425234
2025-06-23 05:00:00,4,0,0.0022763957719425234
2025-06-23 06:00:00,4,0,0.0022763957719425234
2025-06-23 07:00:00,4,0,0.002465143728978801
2025-06-23 08:00:00,4,0,0.002465143728978801
2025-06-23 09:00:00,4,0,0.016961681271513405
2025-06-23 10:00:00,4,1,0.9276298027242691
2025-06-23 11:00:00,4,1,0.9260814848977774
2025-06-23 12:00:00,4,1,0.9276298027242691
2025-06-23 13:00:00,4,1,0.9276298027242691
2025-06-23 14:00:00,4,1,0.9269089036899687
2025-06-23 15:00:00,4,1,0.9103844099198442
2025-06-23 16:00:00,4,1,0.9131689103095614
2025-06-23 17:00:00,4,1,0.5670222221385174
2025-06-23 18:00:00,4,0,0.0030785224954687843
2025-06-23 19:00:00,4,0,0.002465143728978801
2025-06-23 20:00:00,4,0,0.0022763957719425234
2025-06-23 21:00:00,4,0,0.0022763957719425234
2025-06-23 22:00:00,4,0,0.0022763957719425234
2025-06-23 23:00:00,4,0,0.0022763957719425234
2025-06-24 00:00:00,4,0,0.0022763957719425234
2025-06-24 01:00:00,4,0,0.0022763957719425234
2025-06-24 02:00:00,4,0,0.0022763957719425234
2025-06-24 03:00:00,4,0,0.0022763957719425234
2025-06-24 04:00:00,4,0,0.0022763957719425234
2025-06-24 05:00:00,4,0,0.0022763957719425234
2025-06-24 06:00:00,4,0,0.0022763957719425234
2025-06-24 07:00:00,4,0,0.002465143728978801
2025-06-24 08:00:00,4,0,0.002465143728978801
2025-06-24 09:00:00,4,0,0.014914702972209698
2025-06-24 10:00:00,4,1,0.8971120634660107
2025-06-24 11:00:00,4,1,0.9266769005415176
2025-06-24 12:00:00,4,1,0.9258470654958209
2025-06-24 13:00:00,4,1,0.9266769005415176
2025-06-24 14:00:00,4,1,0.9266769005415176
2025-06-24 15:00:00,4,1,0.9131689103095614
2025-06-24 16:00:00,4,1,0.9131689103095614
2025-06-24 17:00:00,4,1,0.6081120477416444
2025-06-24 18:00:00,4,0,0.0030785224954687843
2025-06-24 19:00:00,4,0,0.002465143728978801
2025-06-24 20:00:00,4,0,0.0022763957719425234
2025-06-24 21:00:00,4,0,0.0022763957719425234
2025-06-24 22:00:00,4,0,0.0022763957719425234
2025-06-24 23:00:00,4,0,0.0022763957719425234
2025-06-25 00:00:00,4,0,0.0022763957719425234
2025-06-25 01:00:00,4,0,0.0022763957719425234
2025-06-25 02:00:00,4,0,0.0022763957719425234
2025-06-25 03:00:00,4,0,0.0022763957719425234
2025-06-25 04:00:00,4,0,0.0022763957719425234
2025-06-25 05:00:00,4,0,0.0022763957719425234
2025-06-25 06:00:00,4,0,0.0022763957719425234
2025-06-25 07:00:00,4,0,0.002465143728978801
2025-06-25 08:00:00,4,0,0.002465143728978801
2025-06-25 09:00:00,4,0,0.014914702972209698
2025-06-25 10:00:00,4,1,0.8971120634660107
2025-06-25 11:00:00,4,1,0.9258470654958209
2025-06-25 12:00:00,4,1,0.9266769005415176
2025-06-25 13:00:00,4,1,0.9266769005415176
2025-06-25 14:00:00,4,1,0.9276298027242691
2025-06-25 15:00:00,4,1,0.9154613092231741
2025-06-25 16:00:00,4,1,0.9154613092231741
2025-06-25 17:00:00,4,1,0.6025879906376358
2025-06-25 18:00:00,4,0,0.0031696495101440547
2025-06-25 19:00:00,4,0,0.002465143728978801
2025-06-25 20:00:00,4,0,0.0022763957719425234
2025-06-25 21:00:00,4,0,0.0022763957719425234
2025-06-25 22:00:00,4,0,0.0022763957719425234
2025-06-25 23:00:00,4,0,0.0022763957719425234
2025-06-26 00:00:00,4,0,0.0022763957719425234
2025-06-26 01:00:00,4,0,0.0022763957719425234
2025-06-26 02:00:00,4,0,0.0022763957719425234
2025-06-26 03:00:00,4,0,0.0022763957719425234
2025-06-26 04:00:00,4,0,0.0022763957719425234
2025-06-26 05:00:00,4,0,0.0022763957719425234
2025-06-26 06:00:00,4,0,0.0022763957719425234
2025-06-26 07:00:00,4,0,0.002465143728978801
2025-06-26 08:00:00,4,0,0.002465143728978801
2025-06-26 09:00:00,4,0,0.013182078226159842
2025-06-26 10:00:00,4,1,0.8981097254313504
2025-06-26 11:00:00,4,1,0.9278312052821602
2025-06-26 12:00:00,4,1,0.9283551792216671
2025-06-26 13:00:00,4,1,0.929569869791363
2025-06-26 14:00:00,4,1,0.923580647885109
2025-06-26 15:00:00,4,1,0.9051080240945585
2025-06-26 16:00:00,4,1,0.9085971755167092
2025-06-26 17:00:00,4,0,0.40264611724815996
2025-06-26 18:00:00,4,0,0.0031360539098493154
2025-06-26 19:00:00,4,0,0.002465143728978801
2025-06-26 20:00:00,4,0,0.0022763957719425234
2025-06-26 21:00:00,4,0,0.0022763957719425234
2025-06-26 22:00:00,4,0,0.0022763957719425234
2025-06-26 23:00:00,4,0,0.0022763957719425234
2025-06-27 00:00:00,4,0,0.0022763957719425234
2025-06-27 01:00:00,4,0,0.0022763957719425234
2025-06-27 02:00:00,4,0,0.0022763957719425234
2025-06-27 03:00:00,4,0,0.0022763957719425234
2025-06-27 04:00:00,4,0,0.0022763957719425234
2025-06-27 05:00:00,4,0,0.0022763957719425234
2025-06-27 06:00:00,4,0,0.0022763957719425234
2025-06-27 07:00:00,4,0,0.002465143728978801
2025-06-27 08:00:00,4,0,0.002465143728978801
2025-06-27 09:00:00,4,0,0.013394916657332315
2025-06-27 10:00:00,4,1,0.8892769346573521
2025-06-27 11:00:00,4,1,0.929569869791363
2025-06-27 12:00:00,4,1,0.929569869791363
2025-06-27 13:00:00,4,1,0.929569869791363
2025-06-27 14:00:00,4,1,0.929569869791363
2025-06-27 15:00:00,4,1,0.9136768800720879
2025-06-27 16:00:00,4,1,0.9154613092231741
2025-06-27 17:00:00,4,1,0.5670222221385174
2025-06-27 18:00:00,4,0,0.0030785224954687843
2025-06-27 19:00:00,4,0,0.002465143728978801
2025-06-27 20:00:00,4,0,0.0022763957719425234
2025-06-27 21:00:00,4,0,0.0022763957719425234
2025-06-27 22:00:00,4,0,0.0022763957719425234
2025-06-27 23:00:00,4,0,0.0022763957719425234
2025-06-28 00:00:00,4,0,0.0022763957719425234
2025-06-28 01:00:00,4,0,0.0022763957719425234
2025-06-28 02:00:00,4,0,0.0022763957719425234
2025-06-28 03:00:00,4,0,0.0022763957719425234
2025-06-28 04:00:00,4,0,0.0022763957719425234
2025-06-28 05:00:00,4,0,0.0022763957719425234
2025-06-28 06:00:00,4,0,0.0022763957719425234
2025-06-28 07:00:00,4,0,0.0022763957719425234
2025-06-28 08:00:00,4,0,0.002465143728978801
2025-06-28 09:00:00,4,0,0.011827868336182766
2025-06-28 10:00:00,4,1,0.8403939240375122
2025-06-28 11:00:00,4,1,0.9276298027242691
2025-06-28 12:00:00,4,1,0.9266769005415176
2025-06-28 13:00:00,4,1,0.9276298027242691
2025-06-28 14:00:00,4,1,0.9276298027242691
2025-06-28 15:00:00,4,1,0.9131689103095614
2025-06-28 16:00:00,4,1,0.9131689103095614
2025-06-28 17:00:00,4,1,0.4959591787607435
2025-06-28 18:00:00,4,0,0.002915585708999016
2025-06-28 19:00:00,4,0,0.002465143728978801
2025-06-28 20:00:00,4,0,0.0022763957719425234
2025-06-28 21:00:00,4,0,0.0022763957719425234
2025-06-28 22:00:00,4,0,0.0022763957719425234
2025-06-28 23:00:00,4,0,0.0022763957719425234
2025-06-29 00:00:00,4,0,0.0022763957719425234
2025-06-29 01:00:00,4,0,0.0022763957719425234
2025-06-29 02:00:00,4,0,0.0022763957719425234
2025-06-29 03:00:00,4,0,0.0022763957719425234
2025-06-29 04:00:00,4,0,0.0022763957719425234
2025-06-29 05:00:00,4,0,0.0022763957719425234
2025-06-29 06:00:00,4,0,0.0022763957719425234
2025-06-29 07:00:00,4,0,0.002465143728978801
2025-06-29 08:00:00,4,0,0.002465143728978801
2025-06-29 09:00:00,4,0,0.012331383849547775
2025-06-29 10:00:00,4,1,0.8368402278833245
2025-06-29 11:00:00,4,1,0.9258470654958209
2025-06-29 12:00:00,4,1,0.9258470654958209
2025-06-29 13:00:00,4,1,0.9276298027242691
2025-06-29 14:00:00,4,1,0.9252710850198483
2025-06-29 15:00:00,4,1,0.9025647602231031
2025-06-29 16:00:00,4,1,0.9059261330760875
2025-06-29 17:00:00,4,0,0.517520835419019
2025-06-29 18:00:00,4,0,0.0027658078449546417
2025-06-29 19:00:00,4,0,0.002465143728978801
2025-06-29 20:00:00,4,0,0.0022763957719425234
2025-06-29 21:00:00,4,0,0.0022763957719425234
2025-06-29 22:00:00,4,0,0.0022763957719425234
2025-06-29 23:00:00,4,0,0.0022763957719425234
2025-06-30 00:00:00,4,0,0.0022763957719425234
2025-06-30 01:00:00,4,0,0.0022763957719425234
2025-06-30 02:00:00,4,0,0.0022763957719425234
2025-06-30 03:00:00,4,0,0.0022763957719425234
2025-06-30 04:00:00,4,0,0.0022763957719425234
2025-06-30 05:00:00,4,0,0.0022763957719425234
2025-06-30 06:00:00,4,0,0.0022763957719425234
2025-06-30 07:00:00,4,0,0.002465143728978801
2025-06-30 08:00:00,4,0,0.0022763957719425234
2025-06-30 09:00:00,4,0,0.016350338194927004
2025-06-30 10:00:00,4,1,0.895400571643102
2025-06-30 11:00:00,4,1,0.9258470654958209
2025-06-30 12:00:00,4,1,0.9258470654958209
2025-06-30 13:00:00,4,1,0.9266769005415176
2025-06-30 14:00:00,4,1,0.9266769005415176
2025-06-30 15:00:00,4,1,0.9075687984132097
2025-06-30 16:00:00,4,1,0.9075687984132097
2025-06-30 17:00:00,4,1,0.578921138089857
2025-06-30 18:00:00,4,0,0.0028748562825622066
2025-06-30 19:00:00,4,0,0.002465143728978801
2025-06-30 20:00:00,4,0,0.0022763957719425234
2025-06-30 21:00:00,4,0,0.0022763957719425234
2025-06-30 22:00:00,4,0,0.0022763957719425234
2025-06-30 23:00:00,4,0,0.0022763957719425234
2025-07-01 00:00:00,5,0,0.0027489317187187642
2025-07-01 01:00:00,5,0,0.0027489317187187642
2025-07-01 02:00:00,5,0,0.0027489317187187642
2025-07-01 03:00:00,5,0,0.0027489317187187642
2025-07-01 04:00:00,5,0,0.0027489317187187642
2025-07-01 05:00:00,5,0,0.0027489317187187642
2025-07-01 06:00:00,5,0,0.0027489317187187642
2025-07-01 07:00:00,5,0,0.0027489317187187642
2025-07-01 08:00:00,5,0,0.0028404980077890323
2025-07-01 09:00:00,5,0,0.0027489317187187642
2025-07-01 10:00:00,5,1,0.8218909061616885
2025-07-01 11:00:00,5,1,0.9671300763265069
2025-07-01 12:00:00,5,1,0.9646779835316237
2025-07-01 13:00:00,5,1,0.9685460671953884
2025-07-01 14:00:00,5,1,0.9706182929156668
2025-07-01 15:00:00,5,1,0.9671300763265069
2025-07-01 16:00:00,5,1,0.9671300763265069
2025-07-01 17:00:00,5,0,0.6729124350429512
2025-07-01 18:00:00,5,0,0.0028404980077890323
2025-07-01 19:00:00,5,0,0.0027489317187187642
2025-07-01 20:00:00,5,0,0.0027489317187187642
2025-07-01 21:00:00,5,0,0.0027489317187187642
2025-07-01 22:00:00,5,0,0.0027489317187187642
2025-07-01 23:00:00,5,0,0.0027489317187187642
2025-07-02 00:00:00,5,0,0.0027489317187187642
2025-07-02 01:00:00,5,0,0.0027489317187187642
2025-07-02 02:00:00,5,0,0.0027489317187187642
2025-07-02 03:00:00,5,0,0.0027489317187187642
2025-07-02 04:00:00,5,0,0.0027489317187187642
2025-07-02 05:00:00,5,0,0.0027489317187187642
2025-07-02 06:00:00,5,0,0.0027489317187187642
2025-07-02 07:00:00,5,0,0.0027489317187187642
2025-07-02 08:00:00,5,0,0.0027489317187187642
2025-07-02 09:00:00,5,0,0.011584208605262098
2025-07-02 10:00:00,5,1,0.8348621163935532
2025-07-02 11:00:00,5,1,0.9651530508832332
2025-07-02 12:00:00,5,1,0.9706182929156668
2025-07-02 13:00:00,5,1,0.9706182929156668
2025-07-02 14:00:00,5,1,0.9703949763385551
2025-07-02 15:00:00,5,1,0.9703949763385551
2025-07-02 16:00:00,5,1,0.9703949763385551
2025-07-02 17:00:00,5,1,0.6057158245746561
2025-07-02 18:00:00,5,0,0.0028404980077890323
2025-07-02 19:00:00,5,0,0.0027489317187187642
2025-07-02 20:00:00,5,0,0.0027489317187187642
2025-07-02 21:00:00,5,0,0.0027489317187187642
2025-07-02 22:00:00,5,0,0.0027489317187187642
2025-07-02 23:00:00,5,0,0.0027489317187187642
2025-07-03 00:00:00,5,0,0.0027489317187187642
2025-07-03 01:00:00,5,0,0.0027489317187187642
2025-07-03 02:00:00,5,0,0.0027489317187187642
2025-07-03 03:00:00,5,0,0.0027489317187187642
2025-07-03 04:00:00,5,0,0.0027489317187187642
2025-07-03 05:00:00,5,0,0.0027489317187187642
2025-07-03 06:00:00,5,0,0.0027489317187187642
2025-07-03 07:00:00,5,0,0.0027489317187187642
2025-07-03 08:00:00,5,0,0.0027489317187187642
2025-07-03 09:00:00,5,0,0.012166349028834799
2025-07-03 10:00:00,5,1,0.9469441160464751
2025-07-03 11:00:00,5,1,0.9651530508832332
2025-07-03 12:00:00,5,1,0.9706182929156668
2025-07-03 13:00:00,5,1,0.9706182929156668
2025-07-03 14:00:00,5,1,0.9706182929156668
2025-07-03 15:00:00,5,1,0.9706182929156668
2025-07-03 16:00:00,5,1,0.9651530508832332
2025-07-03 17:00:00,5,1,0.8411364214019902
2025-07-03 18:00:00,5,0,0.0028404980077890323
2025-07-03 19:00:00,5,0,0.0027489317187187642
2025-07-03 20:00:00,5,0,0.0027489317187187642
2025-07-03 21:00:00,5,0,0.0027489317187187642
2025-07-03 22:00:00,5,0,0.0027489317187187642
2025-07-03 23:00:00,5,0,0.0027489317187187642
2025-07-04 00:00:00,5,0,0.0027489317187187642
2025-07-04 01:00:00,5,0,0.0027489317187187642
2025-07-04 02:00:00,5,0,0.0027489317187187642
2025-07-04 03:00:00,5,0,0.0027489317187187642
2025-07-04 04:00:00,5,0,0.0027489317187187642
2025-07-04 05:00:00,5,0,0.0027489317187187642
2025-07-04 06:00:00,5,0,0.0027489317187187642
2025-07-04 07:00:00,5,0,0.0027489317187187642
2025-07-04 08:00:00,5,0,0.0027489317187187642
2025-07-04 09:00:00,5,0,0.011584208605262098
2025-07-04 10:00:00,5,1,0.9303966639373916
2025-07-04 11:00:00,5,1,0.9706182929156668
2025-07-04 12:00:00,5,1,0.9706182929156668
2025-07-04 13:00:00,5,1,0.9706182929156668
2025-07-04 14:00:00,5,1,0.9702992507741793
2025-07-04 15:00:00,5,1,0.964459195251518
2025-07-04 16:00:00,5,1,0.9706182929156668
2025-07-04 17:00:00,5,1,0.840703361332945
2025-07-04 18:00:00,5,0,0.0028404980077890323
2025-07-04 19:00:00,5,0,0.002796629009546738
2025-07-04 20:00:00,5,0,0.0027489317187187642
2025-07-04 21:00:00,5,0,0.0027489317187187642
2025-07-04 22:00:00,5,0,0.0027489317187187642
2025-07-04 23:00:00,5,0,0.0027489317187187642
2025-07-05 00:00:00,5,0,0.0027489317187187642
2025-07-05 01:00:00,5,0,0.0027489317187187642
2025-07-05 02:00:00,5,0,0.0027489317187187642
2025-07-05 03:00:00,5,0,0.0027489317187187642
2025-07-05 04:00:00,5,0,0.0027489317187187642
2025-07-05 05:00:00,5,0,0.0027489317187187642
2025-07-05 06:00:00,5,0,0.0027489317187187642
2025-07-05 07:00:00,5,0,0.0027489317187187642
2025-07-05 08:00:00,5,0,0.0027489317187187642
2025-07-05 09:00:00,5,0,0.011584208605262098
2025-07-05 10:00:00,5,1,0.9469441160464751
2025-07-05 11:00:00,5,1,0.9648896981506502
2025-07-05 12:00:00,5,1,0.9706182929156668
2025-07-05 13:00:00,5,1,0.9706182929156668
2025-07-05 14:00:00,5,1,0.9706182929156668
2025-07-05 15:00:00,5,1,0.9706182929156668
2025-07-05 16:00:00,5,1,0.9706182929156668
2025-07-05 17:00:00,5,1,0.8411364214019902
2025-07-05 18:00:00,5,0,0.0028404980077890323
2025-07-05 19:00:00,5,0,0.0028404980077890323
2025-07-05 20:00:00,5,0,0.0027489317187187642
2025-07-05 21:00:00,5,0,0.0027489317187187642
2025-07-05 22:00:00,5,0,0.0027489317187187642
2025-07-05 23:00:00,5,0,0.0027489317187187642
2025-07-06 00:00:00,5,0,0.0027489317187187642
2025-07-06 01:00:00,5,0,0.0027489317187187642
2025-07-06 02:00:00,5,0,0.0027489317187187642
2025-07-06 03:00:00,5,0,0.0027489317187187642
2025-07-06 04:00:00,5,0,0.0027489317187187642
2025-07-06 05:00:00,5,0,0.0027489317187187642
2025-07-06 06:00:00,5,0,0.0027489317187187642
2025-07-06 07:00:00,5,0,0.0027489317187187642
2025-07-06 08:00:00,5,0,0.0027489317187187642
2025-07-06 09:00:00,5,0,0.011777705417151913
2025-07-06 10:00:00,5,1,0.8600134911127525
2025-07-06 11:00:00,5,1,0.9706182929156668
2025-07-06 12:00:00,5,1,0.9706182929156668
2025-07-06 13:00:00,5,1,0.9706182929156668
2025-07-06 14:00:00,5,1,0.9706182929156668
2025-07-06 15:00:00,5,1,0.9706182929156668
2025-07-06 16:00:00,5,1,0.9706182929156668
2025-07-06 17:00:00,5,1,0.785167854666856
2025-07-06 18:00:00,5,0,0.0028404980077890323
2025-07-06 19:00:00,5,0,0.0027489317187187642
2025-07-06 20:00:00,5,0,0.0027489317187187642
2025-07-06 21:00:00,5,0,0.0027489317187187642
2025-07-06 22:00:00,5,0,0.0027489317187187642
2025-07-06 23:00:00,5,0,0.0027489317187187642
2025-07-07 00:00:00,5,0,0.0027489317187187642
2025-07-07 01:00:00,5,0,0.0027489317187187642
2025-07-07 02:00:00,5,0,0.0027489317187187642
2025-07-07 03:00:00,5,0,0.0027489317187187642
2025-07-07 04:00:00,5,0,0.0027489317187187642
2025-07-07 05:00:00,5,0,0.0027489317187187642
2025-07-07 06:00:00,5,0,0.0027489317187187642
2025-07-07 07:00:00,5,0,0.0027489317187187642
2025-07-07 08:00:00,5,0,0.0028404980077890323
2025-07-07 09:00:00,5,0,0.011777705417151913
2025-07-07 10:00:00,5,1,0.9582190349249483
2025-07-07 11:00:00,5,1,0.9706182929156668
2025-07-07 12:00:00,5,1,0.9706182929156668
2025-07-07 13:00:00,5,1,0.9706182929156668
2025-07-07 14:00:00,5,1,0.9706182929156668
2025-07-07 15:00:00,5,1,0.9706182929156668
2025-07-07 16:00:00,5,1,0.9706182929156668
2025-07-07 17:00:00,5,1,0.7735326666658289
2025-07-07 18:00:00,5,0,0.0028404980077890323
2025-07-07 19:00:00,5,0,0.0028404980077890323
2025-07-07 20:00:00,5,0,0.0027489317187187642
2025-07-07 21:00:00,5,0,0.0027489317187187642
2025-07-07 22:00:00,5,0,0.0027489317187187642
2025-07-07 23:00:00,5,0,0.0027489317187187642
2025-07-08 00:00:00,5,0,0.0027489317187187642
2025-07-08 01:00:00,5,0,0.0027489317187187642
2025-07-08 02:00:00,5,0,0.0027489317187187642
2025-07-08 03:00:00,5,0,0.0027489317187187642
2025-07-08 04:00:00,5,0,0.0027489317187187642
2025-07-08 05:00:00,5,0,0.0027489317187187642
2025-07-08 06:00:00,5,0,0.0027489317187187642
2025-07-08 07:00:00,5,0,0.0027489317187187642
2025-07-08 08:00:00,5,0,0.0028404980077890323
2025-07-08 09:00:00,5,0,0.0027489317187187642
2025-07-08 10:00:00,5,1,0.6794288155413943
2025-07-08 11:00:00,5,1,0.9706182929156668
2025-07-08 12:00:00,5,1,0.9662801719811023
2025-07-08 13:00:00,5,1,0.9706182929156668
2025-07-08 14:00:00,5,1,0.9698557707630675
2025-07-08 15:00:00,5,1,0.9537023471822951
2025-07-08 16:00:00,5,1,0.9584528758446232
2025-07-08 17:00:00,5,1,0.703007794952528
2025-07-08 18:00:00,5,0,0.0027489317187187642
2025-07-08 19:00:00,5,0,0.0027489317187187642
2025-07-08 20:00:00,5,0,0.0027489317187187642
2025-07-08 21:00:00,5,0,0.0027489317187187642
2025-07-08 22:00:00,5,0,0.0027489317187187642
2025-07-08 23:00:00,5,0,0.0027489317187187642
2025-07-09 00:00:00,5,0,0.0027489317187187642
2025-07-09 01:00:00,5,0,0.0027489317187187642
2025-07-09 02:00:00,5,0,0.0027489317187187642
2025-07-09 03:00:00,5,0,0.0027489317187187642
2025-07-09 04:00:00,5,0,0.0027489317187187642
2025-07-09 05:00:00,5,0,0.0027489317187187642
2025-07-09 06:00:00,5,0,0.0027489317187187642
2025-07-09 07:00:00,5,0,0.0027489317187187642
2025-07-09 08:00:00,5,0,0.0028404980077890323
2025-07-09 09:00:00,5,0,0.0028404980077890323
2025-07-09 10:00:00,5,1,0.8348621163935532
2025-07-09 11:00:00,5,1,0.9706182929156668
2025-07-09 12:00:00,5,1,0.9706182929156668
2025-07-09 13:00:00,5,1,0.9706182929156668
2025-07-09 14:00:00,5,1,0.9706182929156668
2025-07-09 15:00:00,5,1,0.9706182929156668
2025-07-09 16:00:00,5,1,0.9706182929156668
2025-07-09 17:00:00,5,1,0.7669632412514146
2025-07-09 18:00:00,5,0,0.002796629009546738
2025-07-09 19:00:00,5,0,0.0027489317187187642
2025-07-09 20:00:00,5,0,0.0027489317187187642
2025-07-09 21:00:00,5,0,0.0027489317187187642
2025-07-09 22:00:00,5,0,0.0027489317187187642
2025-07-09 23:00:00,5,0,0.0027489317187187642
2025-07-10 00:00:00,5,0,0.0027489317187187642
2025-07-10 01:00:00,5,0,0.0027489317187187642
2025-07-10 02:00:00,5,0,0.0027489317187187642
2025-07-10 03:00:00,5,0,0.0027489317187187642
2025-07-10 04:00:00,5,0,0.0027489317187187642
2025-07-10 05:00:00,5,0,0.0027489317187187642
2025-07-10 06:00:00,5,0,0.0027489317187187642
2025-07-10 07:00:00,5,0,0.0027489317187187642
2025-07-10 08:00:00,5,0,0.0028404980077890323
2025-07-10 09:00:00,5,0,0.0028404980077890323
2025-07-10 10:00:00,5,1,0.6954919869606446
2025-07-10 11:00:00,5,1,0.9685460671953884
2025-07-10 12:00:00,5,1,0.9671300763265069
2025-07-10 13:00:00,5,1,0.9706182929156668
2025-07-10 14:00:00,5,1,0.9685460671953884
2025-07-10 15:00:00,5,1,0.9671300763265069
2025-07-10 16:00:00,5,1,0.959949927487525
2025-07-10 17:00:00,5,1,0.6786979279613502
2025-07-10 18:00:00,5,0,0.0028404980077890323
2025-07-10 19:00:00,5,0,0.0028404980077890323
2025-07-10 20:00:00,5,0,0.0027489317187187642
2025-07-10 21:00:00,5,0,0.0027489317187187642
2025-07-10 22:00:00,5,0,0.0027489317187187642
2025-07-10 23:00:00,5,0,0.0027489317187187642
2025-07-11 00:00:00,5,0,0.0027489317187187642
2025-07-11 01:00:00,5,0,0.0027489317187187642
2025-07-11 02:00:00,5,0,0.0027489317187187642
2025-07-11 03:00:00,5,0,0.0027489317187187642
2025-07-11 04:00:00,5,0,0.0027489317187187642
2025-07-11 05:00:00,5,0,0.0027489317187187642
2025-07-11 06:00:00,5,0,0.0027489317187187642
2025-07-11 07:00:00,5,0,0.0027489317187187642
2025-07-11 08:00:00,5,0,0.0028404980077890323
2025-07-11 09:00:00,5,0,0.0028404980077890323
2025-07-11 10:00:00,5,1,0.8182743773053635
2025-07-11 11:00:00,5,1,0.9706182929156668
2025-07-11 12:00:00,5,1,0.9706182929156668
2025-07-11 13:00:00,5,1,0.9706182929156668
2025-07-11 14:00:00,5,1,0.9706182929156668
2025-07-11 15:00:00,5,1,0.9671300763265069
2025-07-11 16:00:00,5,1,0.9685460671953884
2025-07-11 17:00:00,5,1,0.7526246740624818
2025-07-11 18:00:00,5,0,0.0028404980077890323
2025-07-11 19:00:00,5,0,0.0028404980077890323
2025-07-11 20:00:00,5,0,0.0027489317187187642
2025-07-11 21:00:00,5,0,0.0027489317187187642
2025-07-11 22:00:00,5,0,0.0027489317187187642
2025-07-11 23:00:00,5,0,0.0027489317187187642
2025-07-12 00:00:00,5,0,0.0027489317187187642
2025-07-12 01:00:00,5,0,0.0027489317187187642
2025-07-12 02:00:00,5,0,0.0027489317187187642
2025-07-12 03:00:00,5,0,0.0027489317187187642
2025-07-12 04:00:00,5,0,0.0027489317187187642
2025-07-12 05:00:00,5,0,0.0027489317187187642
2025-07-12 06:00:00,5,0,0.0027489317187187642
2025-07-12 07:00:00,5,0,0.0027489317187187642
2025-07-12 08:00:00,5,0,0.0028404980077890323
2025-07-12 09:00:00,5,0,0.0028404980077890323
2025-07-12 10:00:00,5,1,0.6986644765427614
2025-07-12 11:00:00,5,1,0.9706182929156668
2025-07-12 12:00:00,5,1,0.9685460671953884
2025-07-12 13:00:00,5,1,0.9706182929156668
2025-07-12 14:00:00,5,1,0.9685460671953884
2025-07-12 15:00:00,5,1,0.9646779835316237
2025-07-12 16:00:00,5,1,0.9656285418073048
2025-07-12 17:00:00,5,1,0.7526246740624818
2025-07-12 18:00:00,5,0,0.0028404980077890323
2025-07-12 19:00:00,5,0,0.0028404980077890323
2025-07-12 20:00:00,5,0,0.0027489317187187642
2025-07-12 21:00:00,5,0,0.0027489317187187642
2025-07-12 22:00:00,5,0,0.0027489317187187642
2025-07-12 23:00:00,5,0,0.0027489317187187642
2025-07-13 00:00:00,5,0,0.0027489317187187642
2025-07-13 01:00:00,5,0,0.0027489317187187642
2025-07-13 02:00:00,5,0,0.0027489317187187642
2025-07-13 03:00:00,5,0,0.0027489317187187642
2025-07-13 04:00:00,5,0,0.0027489317187187642
2025-07-13 05:00:00,5,0,0.0027489317187187642
2025-07-13 06:00:00,5,0,0.0027489317187187642
2025-07-13 07:00:00,5,0,0.0027489317187187642
2025-07-13 08:00:00,5,0,0.0028404980077890323
2025-07-13 09:00:00,5,0,0.0028404980077890323
2025-07-13 10:00:00,5,1,0.5723655117656986
2025-07-13 11:00:00,5,1,0.959949927487525
2025-07-13 12:00:00,5,1,0.9553833275931072
2025-07-13 13:00:00,5,1,0.9671300763265069
2025-07-13 14:00:00,5,1,0.9685460671953884
2025-07-13 15:00:00,5,1,0.9646779835316237
2025-07-13 16:00:00,5,1,0.9630687121294413
2025-07-13 17:00:00,5,1,0.54378773706225
2025-07-13 18:00:00,5,0,0.0028404980077890323
2025-07-13 19:00:00,5,0,0.0028404980077890323
2025-07-13 20:00:00,5,0,0.0027489317187187642
2025-07-13 21:00:00,5,0,0.0027489317187187642
2025-07-13 22:00:00,5,0,0.0027489317187187642
2025-07-13 23:00:00,5,0,0.0027489317187187642
2025-07-14 00:00:00,5,0,0.0027489317187187642
2025-07-14 01:00:00,5,0,0.0027489317187187642
2025-07-14 02:00:00,5,0,0.0027489317187187642
2025-07-14 03:00:00,5,0,0.0027489317187187642
2025-07-14 04:00:00,5,0,0.0027489317187187642
2025-07-14 05:00:00,5,0,0.0027489317187187642
2025-07-14 06:00:00,5,0,0.0027489317187187642
2025-07-14 07:00:00,5,0,0.0027489317187187642
2025-07-14 08:00:00,5,0,0.0028404980077890323
2025-07-14 09:00:00,5,0,0.0028404980077890323
2025-07-14 10:00:00,5,0,0.40783998389989823
2025-07-14 11:00:00,5,1,0.959949927487525
2025-07-14 12:00:00,5,1,0.9440110674902586
2025-07-14 13:00:00,5,1,0.959949927487525
2025-07-14 14:00:00,5,1,0.959949927487525
2025-07-14 15:00:00,5,1,0.9589222543830818
2025-07-14 16:00:00,5,1,0.9593830273480194
2025-07-14 17:00:00,5,0,0.4035043172521502
2025-07-14 18:00:00,5,0,0.0028404980077890323
2025-07-14 19:00:00,5,0,0.0028404980077890323
2025-07-14 20:00:00,5,0,0.0027489317187187642
2025-07-14 21:00:00,5,0,0.0027489317187187642
2025-07-14 22:00:00,5,0,0.0027489317187187642
2025-07-14 23:00:00,5,0,0.0027489317187187642
2025-07-15 00:00:00,5,0,0.0027489317187187642
2025-07-15 01:00:00,5,0,0.0027489317187187642
2025-07-15 02:00:00,5,0,0.0027489317187187642
2025-07-15 03:00:00,5,0,0.0027489317187187642
2025-07-15 04:00:00,5,0,0.0027489317187187642
2025-07-15 05:00:00,5,0,0.0027489317187187642
2025-07-15 06:00:00,5,0,0.0027489317187187642
2025-07-15 07:00:00,5,0,0.0027489317187187642
2025-07-15 08:00:00,5,0,0.0028404980077890323
2025-07-15 09:00:00,5,0,0.002796629009546738
2025-07-15 10:00:00,5,0,0.11392608727052493
2025-07-15 11:00:00,5,1,0.9429443840334736
2025-07-15 12:00:00,5,1,0.9589222543830818
2025-07-15 13:00:00,5,1,0.9593830273480194
2025-07-15 14:00:00,5,1,0.9572441535072512
2025-07-15 15:00:00,5,1,0.9163024460163597
2025-07-15 16:00:00,5,0,0.9468220759091623
2025-07-15 17:00:00,5,0,0.04860706208174476
2025-07-15 18:00:00,5,0,0.0028404980077890323
2025-07-15 19:00:00,5,0,0.0028404980077890323
2025-07-15 20:00:00,5,0,0.0027489317187187642
2025-07-15 21:00:00,5,0,0.0027489317187187642
2025-07-15 22:00:00,5,0,0.0027489317187187642
2025-07-15 23:00:00,5,0,0.0027489317187187642
2025-07-16 00:00:00,5,0,0.0027489317187187642
2025-07-16 01:00:00,5,0,0.0027489317187187642
2025-07-16 02:00:00,5,0,0.0027489317187187642
2025-07-16 03:00:00,5,0,0.0027489317187187642
2025-07-16 04:00:00,5,0,0.0027489317187187642
2025-07-16 05:00:00,5,0,0.0027489317187187642
2025-07-16 06:00:00,5,0,0.0027489317187187642
2025-07-16 07:00:00,5,0,0.0027489317187187642
2025-07-16 08:00:00,5,0,0.00876115331627456
2025-07-16 09:00:00,5,0,0.042651004910552306
2025-07-16 10:00:00,5,0,0.3440885383132012
2025-07-16 11:00:00,5,1,0.9429443840334736
2025-07-16 12:00:00,5,1,0.9593830273480194
2025-07-16 13:00:00,5,1,0.9646779835316237
2025-07-16 14:00:00,5,1,0.9671300763265069
2025-07-16 15:00:00,5,1,0.9706182929156668
2025-07-16 16:00:00,5,1,0.9692710410508456
2025-07-16 17:00:00,5,1,0.37959695026019097
2025-07-16 18:00:00,5,0,0.0028404980077890323
2025-07-16 19:00:00,5,0,0.0027489317187187642
2025-07-16 20:00:00,5,0,0.0027489317187187642
2025-07-16 21:00:00,5,0,0.0027489317187187642
2025-07-16 22:00:00,5,0,0.0027489317187187642
2025-07-16 23:00:00,5,0,0.0027489317187187642
2025-07-17 00:00:00,5,0,0.0027489317187187642
2025-07-17 01:00:00,5,0,0.0027489317187187642
2025-07-17 02:00:00,5,0,0.0027489317187187642
2025-07-17 03:00:00,5,0,0.0027489317187187642
2025-07-17 04:00:00,5,0,0.0027489317187187642
2025-07-17 05:00:00,5,0,0.0027489317187187642
2025-07-17 06:00:00,5,0,0.0027489317187187642
2025-07-17 07:00:00,5,0,0.0027489317187187642
2025-07-17 08:00:00,5,0,0.004662770079997985
2025-07-17 09:00:00,5,0,0.006541840034799602
2025-07-17 10:00:00,5,0,0.29487147534266195
2025-07-17 11:00:00,5,1,0.963809203643856
2025-07-17 12:00:00,5,1,0.9656285418073048
2025-07-17 13:00:00,5,1,0.9671300763265069
2025-07-17 14:00:00,5,1,0.9685460671953884
2025-07-17 15:00:00,5,1,0.9671300763265069
2025-07-17 16:00:00,5,1,0.9692710410508456
2025-07-17 17:00:00,5,0,0.10533702549668965
2025-07-17 18:00:00,5,0,0.0028404980077890323
2025-07-17 19:00:00,5,0,0.0028404980077890323
2025-07-17 20:00:00,5,0,0.0027489317187187642
2025-07-17 21:00:00,5,0,0.0027489317187187642
2025-07-17 22:00:00,5,0,0.0027489317187187642
2025-07-17 23:00:00,5,0,0.0027489317187187642
2025-07-18 00:00:00,5,0,0.0027489317187187642
2025-07-18 01:00:00,5,0,0.0027489317187187642
2025-07-18 02:00:00,5,0,0.0027489317187187642
2025-07-18 03:00:00,5,0,0.0027489317187187642
2025-07-18 04:00:00,5,0,0.0027489317187187642
2025-07-18 05:00:00,5,0,0.0027489317187187642
2025-07-18 06:00:00,5,0,0.0027489317187187642
2025-07-18 07:00:00,5,0,0.0027489317187187642
2025-07-18 08:00:00,5,0,0.0028404980077890323
2025-07-18 09:00:00,5,0,0.0028404980077890323
2025-07-18 10:00:00,5,1,0.5095106928765047
2025-07-18 11:00:00,5,1,0.9694317752560146
2025-07-18 12:00:00,5,1,0.9662801719811023
2025-07-18 13:00:00,5,1,0.9634788840106168
2025-07-18 14:00:00,5,1,0.9644910561791606
2025-07-18 15:00:00,5,1,0.921424883923773
2025-07-18 16:00:00,5,1,0.9617580763754104
2025-07-18 17:00:00,5,0,0.09275229851689816
2025-07-18 18:00:00,5,0,0.0028404980077890323
2025-07-18 19:00:00,5,0,0.0027489317187187642
2025-07-18 20:00:00,5,0,0.0027489317187187642
2025-07-18 21:00:00,5,0,0.0027489317187187642
2025-07-18 22:00:00,5,0,0.0027489317187187642
2025-07-18 23:00:00,5,0,0.0027489317187187642
2025-07-19 00:00:00,5,0,0.0027489317187187642
2025-07-19 01:00:00,5,0,0.0027489317187187642
2025-07-19 02:00:00,5,0,0.0027489317187187642
2025-07-19 03:00:00,5,0,0.0027489317187187642
2025-07-19 04:00:00,5,0,0.0027489317187187642
2025-07-19 05:00:00,5,0,0.0027489317187187642
2025-07-19 06:00:00,5,0,0.0027489317187187642
2025-07-19 07:00:00,5,0,0.0027489317187187642
2025-07-19 08:00:00,5,0,0.0028404980077890323
2025-07-19 09:00:00,5,0,0.0028404980077890323
2025-07-19 10:00:00,5,1,0.6584959613193837
2025-07-19 11:00:00,5,1,0.9507281359037937
2025-07-19 12:00:00,5,1,0.9537023471822951
2025-07-19 13:00:00,5,1,0.9706182929156668
2025-07-19 14:00:00,5,1,0.9685460671953884
2025-07-19 15:00:00,5,1,0.9646779835316237
2025-07-19 16:00:00,5,1,0.9636680068916363
2025-07-19 17:00:00,5,0,0.28467132115779165
2025-07-19 18:00:00,5,0,0.0028404980077890323
2025-07-19 19:00:00,5,0,0.0028404980077890323
2025-07-19 20:00:00,5,0,0.0027489317187187642
2025-07-19 21:00:00,5,0,0.0027489317187187642
2025-07-19 22:00:00,5,0,0.0027489317187187642
2025-07-19 23:00:00,5,0,0.0027489317187187642
2025-07-20 00:00:00,5,0,0.0027489317187187642
2025-07-20 01:00:00,5,0,0.0027489317187187642
2025-07-20 02:00:00,5,0,0.0027489317187187642
2025-07-20 03:00:00,5,0,0.0027489317187187642
2025-07-20 04:00:00,5,0,0.0027489317187187642
2025-07-20 05:00:00,5,0,0.0027489317187187642
2025-07-20 06:00:00,5,0,0.0027489317187187642
2025-07-20 07:00:00,5,0,0.0027489317187187642
2025-07-20 08:00:00,5,0,0.002796629009546738
2025-07-20 09:00:00,5,0,0.0028404980077890323
2025-07-20 10:00:00,5,1,0.7459218373139664
2025-07-20 11:00:00,5,1,0.964459195251518
2025-07-20 12:00:00,5,1,0.964459195251518
2025-07-20 13:00:00,5,1,0.9706182929156668
2025-07-20 14:00:00,5,1,0.9706182929156668
2025-07-20 15:00:00,5,1,0.9706182929156668
2025-07-20 16:00:00,5,1,0.9673244330039693
2025-07-20 17:00:00,5,0,0.4589795200793347
2025-07-20 18:00:00,5,0,0.0028404980077890323
2025-07-20 19:00:00,5,0,0.0027489317187187642
2025-07-20 20:00:00,5,0,0.0027489317187187642
2025-07-20 21:00:00,5,0,0.0027489317187187642
2025-07-20 22:00:00,5,0,0.0027489317187187642
2025-07-20 23:00:00,5,0,0.0027489317187187642
2025-07-21 00:00:00,5,0,0.0027489317187187642
2025-07-21 01:00:00,5,0,0.0027489317187187642
2025-07-21 02:00:00,5,0,0.0027489317187187642
2025-07-21 03:00:00,5,0,0.0027489317187187642
2025-07-21 04:00:00,5,0,0.0027489317187187642
2025-07-21 05:00:00,5,0,0.0027489317187187642
2025-07-21 06:00:00,5,0,0.0027489317187187642
2025-07-21 07:00:00,5,0,0.0027489317187187642
2025-07-21 08:00:00,5,0,0.0027489317187187642
2025-07-21 09:00:00,5,0,0.0027489317187187642
2025-07-21 10:00:00,5,1,0.7233478637542818
2025-07-21 11:00:00,5,1,0.9706182929156668
2025-07-21 12:00:00,5,1,0.9706182929156668
2025-07-21 13:00:00,5,1,0.9706182929156668
2025-07-21 14:00:00,5,1,0.9706182929156668
2025-07-21 15:00:00,5,1,0.9703949763385551
2025-07-21 16:00:00,5,1,0.9703949763385551
2025-07-21 17:00:00,5,0,0.4972420329530444
2025-07-21 18:00:00,5,0,0.0027489317187187642
2025-07-21 19:00:00,5,0,0.0027489317187187642
2025-07-21 20:00:00,5,0,0.0027489317187187642
2025-07-21 21:00:00,5,0,0.0027489317187187642
2025-07-21 22:00:00,5,0,0.0027489317187187642
2025-07-21 23:00:00,5,0,0.0027489317187187642
2025-07-22 00:00:00,5,0,0.0027489317187187642
2025-07-22 01:00:00,5,0,0.0027489317187187642
2025-07-22 02:00:00,5,0,0.0027489317187187642
2025-07-22 03:00:00,5,0,0.0027489317187187642
2025-07-22 04:00:00,5,0,0.0027489317187187642
2025-07-22 05:00:00,5,0,0.0027489317187187642
2025-07-22 06:00:00,5,0,0.0027489317187187642
2025-07-22 07:00:00,5,0,0.0027489317187187642
2025-07-22 08:00:00,5,0,0.0027489317187187642
2025-07-22 09:00:00,5,0,0.0027489317187187642
2025-07-22 10:00:00,5,1,0.6185222543436486
2025-07-22 11:00:00,5,1,0.9706182929156668
2025-07-22 12:00:00,5,1,0.9706182929156668
2025-07-22 13:00:00,5,1,0.9706182929156668
2025-07-22 14:00:00,5,1,0.9706182929156668
2025-07-22 15:00:00,5,1,0.9706182929156668
2025-07-22 16:00:00,5,1,0.9706182929156668
2025-07-22 17:00:00,5,1,0.5628987554401597
2025-07-22 18:00:00,5,0,0.0027489317187187642
2025-07-22 19:00:00,5,0,0.0027489317187187642
2025-07-22 20:00:00,5,0,0.0027489317187187642
2025-07-22 21:00:00,5,0,0.0027489317187187642
2025-07-22 22:00:00,5,0,0.0027489317187187642
2025-07-22 23:00:00,5,0,0.0027489317187187642
2025-07-23 00:00:00,5,0,0.0027489317187187642
2025-07-23 01:00:00,5,0,0.0027489317187187642
2025-07-23 02:00:00,5,0,0.0027489317187187642
2025-07-23 03:00:00,5,0,0.0027489317187187642
2025-07-23 04:00:00,5,0,0.0027489317187187642
2025-07-23 05:00:00,5,0,0.0027489317187187642
2025-07-23 06:00:00,5,0,0.0027489317187187642
2025-07-23 07:00:00,5,0,0.0027489317187187642
2025-07-23 08:00:00,5,0,0.0027489317187187642
2025-07-23 09:00:00,5,0,0.0028404980077890323
2025-07-23 10:00:00,5,1,0.785167854666856
2025-07-23 11:00:00,5,1,0.9706182929156668
2025-07-23 12:00:00,5,1,0.9706182929156668
2025-07-23 13:00:00,5,1,0.9706182929156668
2025-07-23 14:00:00,5,1,0.9706182929156668
2025-07-23 15:00:00,5,1,0.9694746050076221
2025-07-23 16:00:00,5,1,0.9703949763385551
2025-07-23 17:00:00,5,0,0.3830521666272256
2025-07-23 18:00:00,5,0,0.0028404980077890323
2025-07-23 19:00:00,5,0,0.0027489317187187642
2025-07-23 20:00:00,5,0,0.0027489317187187642
2025-07-23 21:00:00,5,0,0.0027489317187187642
2025-07-23 22:00:00,5,0,0.0027489317187187642
2025-07-23 23:00:00,5,0,0.0027489317187187642
2025-07-24 00:00:00,5,0,0.0027489317187187642
2025-07-24 01:00:00,5,0,0.0027489317187187642
2025-07-24 02:00:00,5,0,0.0027489317187187642
2025-07-24 03:00:00,5,0,0.0027489317187187642
2025-07-24 04:00:00,5,0,0.0027489317187187642
2025-07-24 05:00:00,5,0,0.0027489317187187642
2025-07-24 06:00:00,5,0,0.0027489317187187642
2025-07-24 07:00:00,5,0,0.0027489317187187642
2025-07-24 08:00:00,5,0,0.0027489317187187642
2025-07-24 09:00:00,5,0,0.0027489317187187642
2025-07-24 10:00:00,5,1,0.7095766338892241
2025-07-24 11:00:00,5,1,0.9628287329222951
2025-07-24 12:00:00,5,1,0.964459195251518
2025-07-24 13:00:00,5,1,0.9706182929156668
2025-07-24 14:00:00,5,1,0.9706182929156668
2025-07-24 15:00:00,5,1,0.9706182929156668
2025-07-24 16:00:00,5,1,0.9706182929156668
2025-07-24 17:00:00,5,1,0.585637246531518
2025-07-24 18:00:00,5,0,0.0028404980077890323
2025-07-24 19:00:00,5,0,0.0027489317187187642
2025-07-24 20:00:00,5,0,0.0027489317187187642
2025-07-24 21:00:00,5,0,0.0027489317187187642
2025-07-24 22:00:00,5,0,0.0027489317187187642
2025-07-24 23:00:00,5,0,0.0027489317187187642
2025-07-25 00:00:00,5,0,0.0027489317187187642
2025-07-25 01:00:00,5,0,0.0027489317187187642
2025-07-25 02:00:00,5,0,0.0027489317187187642
2025-07-25 03:00:00,5,0,0.0027489317187187642
2025-07-25 04:00:00,5,0,0.0027489317187187642
2025-07-25 05:00:00,5,0,0.0027489317187187642
2025-07-25 06:00:00,5,0,0.0027489317187187642
2025-07-25 07:00:00,5,0,0.0027489317187187642
2025-07-25 08:00:00,5,0,0.0027489317187187642
2025-07-25 09:00:00,5,0,0.0028404980077890323
2025-07-25 10:00:00,5,1,0.7095766338892241
2025-07-25 11:00:00,5,1,0.9706182929156668
2025-07-25 12:00:00,5,1,0.9641907933206715
2025-07-25 13:00:00,5,1,0.9706182929156668
2025-07-25 14:00:00,5,1,0.964459195251518
2025-07-25 15:00:00,5,1,0.9635192465702543
2025-07-25 16:00:00,5,1,0.9628287329222951
2025-07-25 17:00:00,5,0,0.5226729754178389
2025-07-25 18:00:00,5,0,0.0027489317187187642
2025-07-25 19:00:00,5,0,0.0027489317187187642
2025-07-25 20:00:00,5,0,0.0027489317187187642
2025-07-25 21:00:00,5,0,0.0027489317187187642
2025-07-25 22:00:00,5,0,0.0027489317187187642
2025-07-25 23:00:00,5,0,0.0027489317187187642
2025-07-26 00:00:00,5,0,0.0027489317187187642
2025-07-26 01:00:00,5,0,0.0027489317187187642
2025-07-26 02:00:00,5,0,0.0027489317187187642
2025-07-26 03:00:00,5,0,0.0027489317187187642
2025-07-26 04:00:00,5,0,0.0027489317187187642
2025-07-26 05:00:00,5,0,0.0027489317187187642
2025-07-26 06:00:00,5,0,0.0027489317187187642
2025-07-26 07:00:00,5,0,0.0027489317187187642
2025-07-26 08:00:00,5,0,0.0027489317187187642
2025-07-26 09:00:00,5,0,0.0028404980077890323
2025-07-26 10:00:00,5,1,0.6113347149902368
2025-07-26 11:00:00,5,1,0.9514651907273651
2025-07-26 12:00:00,5,1,0.9548544625387904
2025-07-26 13:00:00,5,1,0.959949927487525
2025-07-26 14:00:00,5,1,0.959949927487525
2025-07-26 15:00:00,5,1,0.959949927487525
2025-07-26 16:00:00,5,1,0.9429443840334736
2025-07-26 17:00:00,5,0,0.28467132115779165
2025-07-26 18:00:00,5,0,0.0028404980077890323
2025-07-26 19:00:00,5,0,0.0027489317187187642
2025-07-26 20:00:00,5,0,0.0027489317187187642
2025-07-26 21:00:00,5,0,0.0027489317187187642
2025-07-26 22:00:00,5,0,0.0027489317187187642
2025-07-26 23:00:00,5,0,0.0027489317187187642
2025-07-27 00:00:00,5,0,0.0027489317187187642
2025-07-27 01:00:00,5,0,0.0027489317187187642
2025-07-27 02:00:00,5,0,0.0027489317187187642
2025-07-27 03:00:00,5,0,0.0027489317187187642
2025-07-27 04:00:00,5,0,0.0027489317187187642
2025-07-27 05:00:00,5,0,0.0027489317187187642
2025-07-27 06:00:00,5,0,0.0027489317187187642
2025-07-27 07:00:00,5,0,0.0027489317187187642
2025-07-27 08:00:00,5,0,0.0027489317187187642
2025-07-27 09:00:00,5,0,0.0028404980077890323
2025-07-27 10:00:00,5,1,0.42489957480201346
2025-07-27 11:00:00,5,1,0.963767051759715
2025-07-27 12:00:00,5,1,0.9706182929156668
2025-07-27 13:00:00,5,1,0.9671300763265069
2025-07-27 14:00:00,5,1,0.9671300763265069
2025-07-27 15:00:00,5,1,0.9662801719811023
2025-07-27 16:00:00,5,1,0.9589222543830818
2025-07-27 17:00:00,5,0,0.06719736320409185
2025-07-27 18:00:00,5,0,0.0028404980077890323
2025-07-27 19:00:00,5,0,0.0027489317187187642
2025-07-27 20:00:00,5,0,0.0027489317187187642
2025-07-27 21:00:00,5,0,0.0027489317187187642
2025-07-27 22:00:00,5,0,0.0027489317187187642
2025-07-27 23:00:00,5,0,0.0027489317187187642
2025-07-28 00:00:00,5,0,0.0027489317187187642
2025-07-28 01:00:00,5,0,0.0027489317187187642
2025-07-28 02:00:00,5,0,0.0027489317187187642
2025-07-28 03:00:00,5,0,0.0027489317187187642
2025-07-28 04:00:00,5,0,0.0027489317187187642
2025-07-28 05:00:00,5,0,0.0027489317187187642
2025-07-28 06:00:00,5,0,0.0027489317187187642
2025-07-28 07:00:00,5,0,0.0027489317187187642
2025-07-28 08:00:00,5,0,0.0027489317187187642
2025-07-28 09:00:00,5,0,0.0028404980077890323
2025-07-28 10:00:00,5,1,0.398412548847222
2025-07-28 11:00:00,5,1,0.9589222543830818
2025-07-28 12:00:00,5,1,0.9475849640432407
2025-07-28 13:00:00,5,1,0.963767051759715
2025-07-28 14:00:00,5,1,0.9671300763265069
2025-07-28 15:00:00,5,1,0.9646779835316237
2025-07-28 16:00:00,5,1,0.9536434038418612
2025-07-28 17:00:00,5,0,0.13412338435696178
2025-07-28 18:00:00,5,0,0.0027489317187187642
2025-07-28 19:00:00,5,0,0.0027489317187187642
2025-07-28 20:00:00,5,0,0.0027489317187187642
2025-07-28 21:00:00,5,0,0.0027489317187187642
2025-07-28 22:00:00,5,0,0.0027489317187187642
2025-07-28 23:00:00,5,0,0.0027489317187187642
2025-07-29 00:00:00,5,0,0.0027489317187187642
2025-07-29 01:00:00,5,0,0.0027489317187187642
2025-07-29 02:00:00,5,0,0.0027489317187187642
2025-07-29 03:00:00,5,0,0.0027489317187187642
2025-07-29 04:00:00,5,0,0.0027489317187187642
2025-07-29 05:00:00,5,0,0.0027489317187187642
2025-07-29 06:00:00,5,0,0.0027489317187187642
2025-07-29 07:00:00,5,0,0.0027489317187187642
2025-07-29 08:00:00,5,0,0.0027489317187187642
2025-07-29 09:00:00,5,0,0.0028404980077890323
2025-07-29 10:00:00,5,1,0.2962089873447774
2025-07-29 11:00:00,5,1,0.959949927487525
2025-07-29 12:00:00,5,1,0.963767051759715
2025-07-29 13:00:00,5,1,0.963767051759715
2025-07-29 14:00:00,5,1,0.9655065091651059
2025-07-29 15:00:00,5,1,0.9703949763385551
2025-07-29 16:00:00,5,1,0.9677315539655894
2025-07-29 17:00:00,5,0,0.2512699226856326
2025-07-29 18:00:00,5,0,0.0027489317187187642
2025-07-29 19:00:00,5,0,0.0027489317187187642
2025-07-29 20:00:00,5,0,0.0027489317187187642
2025-07-29 21:00:00,5,0,0.0027489317187187642
2025-07-29 22:00:00,5,0,0.0027489317187187642
2025-07-29 23:00:00,5,0,0.0027489317187187642
2025-07-30 00:00:00,5,0,0.0027489317187187642
2025-07-30 01:00:00,5,0,0.0027489317187187642
2025-07-30 02:00:00,5,0,0.0027489317187187642
2025-07-30 03:00:00,5,0,0.0027489317187187642
2025-07-30 04:00:00,5,0,0.0027489317187187642
2025-07-30 05:00:00,5,0,0.0027489317187187642
2025-07-30 06:00:00,5,0,0.0027489317187187642
2025-07-30 07:00:00,5,0,0.0027489317187187642
2025-07-30 08:00:00,5,0,0.0027489317187187642
2025-07-30 09:00:00,5,0,0.0028404980077890323
2025-07-30 10:00:00,5,0,0.18865649725170996
2025-07-30 11:00:00,5,1,0.958341439020631
2025-07-30 12:00:00,5,1,0.9192263374693651
2025-07-30 13:00:00,5,1,0.9662801719811023
2025-07-30 14:00:00,5,1,0.9671300763265069
2025-07-30 15:00:00,5,1,0.9706182929156668
2025-07-30 16:00:00,5,1,0.9668811520874346
2025-07-30 17:00:00,5,0,0.06719736320409185
2025-07-30 18:00:00,5,0,0.0028404980077890323
2025-07-30 19:00:00,5,0,0.0028404980077890323
2025-07-30 20:00:00,5,0,0.0027489317187187642
2025-07-30 21:00:00,5,0,0.0027489317187187642
2025-07-30 22:00:00,5,0,0.0027489317187187642
2025-07-30 23:00:00,5,0,0.0027489317187187642
2025-07-31 00:00:00,5,0,0.0027489317187187642
2025-07-31 01:00:00,5,0,0.0027489317187187642
2025-07-31 02:00:00,5,0,0.0027489317187187642
2025-07-31 03:00:00,5,0,0.0027489317187187642
2025-07-31 04:00:00,5,0,0.0027489317187187642
2025-07-31 05:00:00,5,0,0.0027489317187187642
2025-07-31 06:00:00,5,0,0.0027489317187187642
2025-07-31 07:00:00,5,0,0.0027489317187187642
2025-07-31 08:00:00,5,0,0.0027489317187187642
2025-07-31 09:00:00,5,0,0.0027489317187187642
2025-07-31 10:00:00,5,0,0.057969024415995773
2025-07-31 11:00:00,5,1,0.80189869659282
2025-07-31 12:00:00,5,1,0.9593830273480194
2025-07-31 13:00:00,5,1,0.9644910561791606
2025-07-31 14:00:00,5,1,0.9618498586699665
2025-07-31 15:00:00,5,1,0.9561502225169906
2025-07-31 16:00:00,5,1,0.938774787463754
2025-07-31 17:00:00,5,0,0.06615432360869394
2025-07-31 18:00:00,5,0,0.0028404980077890323
2025-07-31 19:00:00,5,0,0.0027489317187187642
2025-07-31 20:00:00,5,0,0.0027489317187187642
2025-07-31 21:00:00,5,0,0.0027489317187187642
2025-07-31 22:00:00,5,0,0.0027489317187187642
2025-07-31 23:00:00,5,0,0.0027489317187187642
2025-08-01 00:00:00,5,0,0.0027489317187187642
2025-08-01 01:00:00,5,0,0.0027489317187187642
2025-08-01 02:00:00,5,0,0.0027489317187187642
2025-08-01 03:00:00,5,0,0.0027489317187187642
2025-08-01 04:00:00,5,0,0.0027489317187187642
2025-08-01 05:00:00,5,0,0.0027489317187187642
2025-08-01 06:00:00,5,0,0.0027489317187187642
2025-08-01 07:00:00,5,0,0.0027489317187187642
2025-08-01 08:00:00,5,0,0.0027489317187187642
2025-08-01 09:00:00,5,0,0.0027489317187187642
2025-08-01 10:00:00,5,0,0.060514154353975544
2025-08-01 11:00:00,5,1,0.8406273352875705
2025-08-01 12:00:00,5,1,0.8555650264064895
2025-08-01 13:00:00,5,1,0.8743032461227188
2025-08-01 14:00:00,5,1,0.9702046932146936
2025-08-01 15:00:00,5,1,0.9602970630954373
2025-08-01 16:00:00,5,1,0.9648896981506502
2025-08-01 17:00:00,5,0,0.2467027719238839
2025-08-01 18:00:00,5,0,0.0028404980077890323
2025-08-01 19:00:00,5,0,0.002796629009546738
2025-08-01 20:00:00,5,0,0.0027489317187187642
2025-08-01 21:00:00,5,0,0.0027489317187187642
2025-08-01 22:00:00,5,0,0.0027489317187187642
2025-08-01 23:00:00,5,0,0.0027489317187187642
2025-08-02 00:00:00,5,0,0.0027489317187187642
2025-08-02 01:00:00,5,0,0.0027489317187187642
2025-08-02 02:00:00,5,0,0.0027489317187187642
2025-08-02 03:00:00,5,0,0.0027489317187187642
2025-08-02 04:00:00,5,0,0.0027489317187187642
2025-08-02 05:00:00,5,0,0.0027489317187187642
2025-08-02 06:00:00,5,0,0.0027489317187187642
2025-08-02 07:00:00,5,0,0.0027489317187187642
2025-08-02 08:00:00,5,0,0.0027489317187187642
2025-08-02 09:00:00,5,0,0.0028404980077890323
2025-08-02 10:00:00,5,0,0.0968866850791428
2025-08-02 11:00:00,5,1,0.9523592536095892
2025-08-02 12:00:00,5,1,0.9706182929156668
2025-08-02 13:00:00,5,1,0.9706182929156668
2025-08-02 14:00:00,5,1,0.9706182929156668
2025-08-02 15:00:00,5,1,0.9706182929156668
2025-08-02 16:00:00,5,1,0.9706182929156668
2025-08-02 17:00:00,5,0,0.10533702549668965
2025-08-02 18:00:00,5,0,0.0028404980077890323
2025-08-02 19:00:00,5,0,0.0028404980077890323
2025-08-02 20:00:00,5,0,0.0027489317187187642
2025-08-02 21:00:00,5,0,0.0027489317187187642
2025-08-02 22:00:00,5,0,0.0027489317187187642
2025-08-02 23:00:00,5,0,0.0027489317187187642
2025-08-03 00:00:00,5,0,0.0027489317187187642
2025-08-03 01:00:00,5,0,0.0027489317187187642
2025-08-03 02:00:00,5,0,0.0027489317187187642
2025-08-03 03:00:00,5,0,0.0027489317187187642
2025-08-03 04:00:00,5,0,0.0027489317187187642
2025-08-03 05:00:00,5,0,0.0027489317187187642
2025-08-03 06:00:00,5,0,0.0027489317187187642
2025-08-03 07:00:00,5,0,0.0027489317187187642
2025-08-03 08:00:00,5,0,0.0027489317187187642
2025-08-03 09:00:00,5,0,0.0028404980077890323
2025-08-03 10:00:00,5,0,0.1585425897298331
2025-08-03 11:00:00,5,1,0.9660503407014801
2025-08-03 12:00:00,5,1,0.9692710410508456
2025-08-03 13:00:00,5,1,0.9706182929156668
2025-08-03 14:00:00,5,1,0.9703949763385551
2025-08-03 15:00:00,5,1,0.9706182929156668
2025-08-03 16:00:00,5,1,0.9566534962995464
2025-08-03 17:00:00,5,0,0.1419491432568233
2025-08-03 18:00:00,5,0,0.0027489317187187642
2025-08-03 19:00:00,5,0,0.0027489317187187642
2025-08-03 20:00:00,5,0,0.0027489317187187642
2025-08-03 21:00:00,5,0,0.0027489317187187642
2025-08-03 22:00:00,5,0,0.0027489317187187642
2025-08-03 23:00:00,5,0,0.0027489317187187642
2025-08-04 00:00:00,5,0,0.0027489317187187642
2025-08-04 01:00:00,5,0,0.0027489317187187642
2025-08-04 02:00:00,5,0,0.0027489317187187642
2025-08-04 03:00:00,5,0,0.0027489317187187642
2025-08-04 04:00:00,5,0,0.0027489317187187642
2025-08-04 05:00:00,5,0,0.0027489317187187642
2025-08-04 06:00:00,5,0,0.0027489317187187642
2025-08-04 07:00:00,5,0,0.0027489317187187642
2025-08-04 08:00:00,5,0,0.0027489317187187642
2025-08-04 09:00:00,5,0,0.0027489317187187642
2025-08-04 10:00:00,5,0,0.09177701972258352
2025-08-04 11:00:00,5,1,0.9361069682980953
2025-08-04 12:00:00,5,1,0.9638904695271087
2025-08-04 13:00:00,5,1,0.9661826039085197
2025-08-04 14:00:00,5,1,0.959949927487525
2025-08-04 15:00:00,5,1,0.963809203643856
2025-08-04 16:00:00,5,1,0.9566534962995464
2025-08-04 17:00:00,5,0,0.056063531625154796
2025-08-04 18:00:00,5,0,0.0028404980077890323
2025-08-04 19:00:00,5,0,0.0028404980077890323
2025-08-04 20:00:00,5,0,0.0027489317187187642
2025-08-04 21:00:00,5,0,0.0027489317187187642
2025-08-04 22:00:00,5,0,0.0027489317187187642
2025-08-04 23:00:00,5,0,0.0027489317187187642
2025-08-05 00:00:00,5,0,0.0027489317187187642
2025-08-05 01:00:00,5,0,0.0027489317187187642
2025-08-05 02:00:00,5,0,0.0027489317187187642
2025-08-05 03:00:00,5,0,0.0027489317187187642
2025-08-05 04:00:00,5,0,0.0027489317187187642
2025-08-05 05:00:00,5,0,0.0027489317187187642
2025-08-05 06:00:00,5,0,0.0027489317187187642
2025-08-05 07:00:00,5,0,0.0027489317187187642
2025-08-05 08:00:00,5,0,0.0027489317187187642
2025-08-05 09:00:00,5,0,0.0027489317187187642
2025-08-05 10:00:00,5,0,0.13412338435696178
2025-08-05 11:00:00,5,1,0.9566534962995464
2025-08-05 12:00:00,5,1,0.9706182929156668
2025-08-05 13:00:00,5,1,0.9685460671953884
2025-08-05 14:00:00,5,1,0.9671300763265069
2025-08-05 15:00:00,5,1,0.9692710410508456
2025-08-05 16:00:00,5,1,0.9566534962995464
2025-08-05 17:00:00,5,0,0.06802778252288255
2025-08-05 18:00:00,5,0,0.0028404980077890323
2025-08-05 19:00:00,5,0,0.0028404980077890323
2025-08-05 20:00:00,5,0,0.0027489317187187642
2025-08-05 21:00:00,5,0,0.0027489317187187642
2025-08-05 22:00:00,5,0,0.0027489317187187642
2025-08-05 23:00:00,5,0,0.0027489317187187642
2025-08-06 00:00:00,5,0,0.0027489317187187642
2025-08-06 01:00:00,5,0,0.0027489317187187642
2025-08-06 02:00:00,5,0,0.0027489317187187642
2025-08-06 03:00:00,5,0,0.0027489317187187642
2025-08-06 04:00:00,5,0,0.0027489317187187642
2025-08-06 05:00:00,5,0,0.0027489317187187642
2025-08-06 06:00:00,5,0,0.0027489317187187642
2025-08-06 07:00:00,5,0,0.0027489317187187642
2025-08-06 08:00:00,5,0,0.002796629009546738
2025-08-06 09:00:00,5,0,0.0028404980077890323
2025-08-06 10:00:00,5,0,0.06719736320409185
2025-08-06 11:00:00,5,1,0.9620410223635424
2025-08-06 12:00:00,5,1,0.9671300763265069
2025-08-06 13:00:00,5,1,0.9671300763265069
2025-08-06 14:00:00,5,1,0.9663752350250442
2025-08-06 15:00:00,5,1,0.9706182929156668
2025-08-06 16:00:00,5,1,0.9566534962995464
2025-08-06 17:00:00,5,0,0.09840033226285957
2025-08-06 18:00:00,5,0,0.0028404980077890323
2025-08-06 19:00:00,5,0,0.0028404980077890323
2025-08-06 20:00:00,5,0,0.0027489317187187642
2025-08-06 21:00:00,5,0,0.0027489317187187642
2025-08-06 22:00:00,5,0,0.0027489317187187642
2025-08-06 23:00:00,5,0,0.0027489317187187642
2025-08-07 00:00:00,5,0,0.0027489317187187642
2025-08-07 01:00:00,5,0,0.0027489317187187642
2025-08-07 02:00:00,5,0,0.0027489317187187642
2025-08-07 03:00:00,5,0,0.0027489317187187642
2025-08-07 04:00:00,5,0,0.0027489317187187642
2025-08-07 05:00:00,5,0,0.0027489317187187642
2025-08-07 06:00:00,5,0,0.0027489317187187642
2025-08-07 07:00:00,5,0,0.0027489317187187642
2025-08-07 08:00:00,5,0,0.0028404980077890323
2025-08-07 09:00:00,5,0,0.0028404980077890323
2025-08-07 10:00:00,5,1,0.27930881790994194
2025-08-07 11:00:00,5,1,0.9706182929156668
2025-08-07 12:00:00,5,1,0.9706182929156668
2025-08-07 13:00:00,5,1,0.9706182929156668
2025-08-07 14:00:00,5,1,0.9706182929156668
2025-08-07 15:00:00,5,1,0.9706182929156668
2025-08-07 16:00:00,5,1,0.9641907933206715
2025-08-07 17:00:00,5,0,0.06630941382007433
2025-08-07 18:00:00,5,0,0.0027489317187187642
2025-08-07 19:00:00,5,0,0.0027489317187187642
2025-08-07 20:00:00,5,0,0.0027489317187187642
2025-08-07 21:00:00,5,0,0.0027489317187187642
2025-08-07 22:00:00,5,0,0.0027489317187187642
2025-08-07 23:00:00,5,0,0.0027489317187187642
2025-08-08 00:00:00,5,0,0.0027489317187187642
2025-08-08 01:00:00,5,0,0.0027489317187187642
2025-08-08 02:00:00,5,0,0.0027489317187187642
2025-08-08 03:00:00,5,0,0.0027489317187187642
2025-08-08 04:00:00,5,0,0.0027489317187187642
2025-08-08 05:00:00,5,0,0.0027489317187187642
2025-08-08 06:00:00,5,0,0.0027489317187187642
2025-08-08 07:00:00,5,0,0.0027489317187187642
2025-08-08 08:00:00,5,0,0.0027489317187187642
2025-08-08 09:00:00,5,0,0.0027489317187187642
2025-08-08 10:00:00,5,0,0.2574446955959385
2025-08-08 11:00:00,5,1,0.9702992507741793
2025-08-08 12:00:00,5,1,0.9635192465702543
2025-08-08 13:00:00,5,1,0.9706182929156668
2025-08-08 14:00:00,5,1,0.9628287329222951
2025-08-08 15:00:00,5,1,0.9641907933206715
2025-08-08 16:00:00,5,1,0.9602506257454418
2025-08-08 17:00:00,5,0,0.06630941382007433
2025-08-08 18:00:00,5,0,0.0027489317187187642
2025-08-08 19:00:00,5,0,0.0027489317187187642
2025-08-08 20:00:00,5,0,0.0027489317187187642
2025-08-08 21:00:00,5,0,0.0027489317187187642
2025-08-08 22:00:00,5,0,0.0027489317187187642
2025-08-08 23:00:00,5,0,0.0027489317187187642
2025-08-09 00:00:00,5,0,0.0027489317187187642
2025-08-09 01:00:00,5,0,0.0027489317187187642
2025-08-09 02:00:00,5,0,0.0027489317187187642
2025-08-09 03:00:00,5,0,0.0027489317187187642
2025-08-09 04:00:00,5,0,0.0027489317187187642
2025-08-09 05:00:00,5,0,0.0027489317187187642
2025-08-09 06:00:00,5,0,0.0027489317187187642
2025-08-09 07:00:00,5,0,0.0027489317187187642
2025-08-09 08:00:00,5,0,0.0027489317187187642
2025-08-09 09:00:00,5,0,0.0028404980077890323
2025-08-09 10:00:00,5,0,0.15224333686747726
2025-08-09 11:00:00,5,1,0.9602696970300089
2025-08-09 12:00:00,5,1,0.9706182929156668
2025-08-09 13:00:00,5,1,0.9706182929156668
2025-08-09 14:00:00,5,1,0.9706182929156668
2025-08-09 15:00:00,5,1,0.9706182929156668
2025-08-09 16:00:00,5,1,0.9636933868782422
2025-08-09 17:00:00,5,0,0.06112430961931192
2025-08-09 18:00:00,5,0,0.0028404980077890323
2025-08-09 19:00:00,5,0,0.0027489317187187642
2025-08-09 20:00:00,5,0,0.0027489317187187642
2025-08-09 21:00:00,5,0,0.0027489317187187642
2025-08-09 22:00:00,5,0,0.0027489317187187642
2025-08-09 23:00:00,5,0,0.0027489317187187642
2025-08-10 00:00:00,5,0,0.0027489317187187642
2025-08-10 01:00:00,5,0,0.0027489317187187642
2025-08-10 02:00:00,5,0,0.0027489317187187642
2025-08-10 03:00:00,5,0,0.0027489317187187642
2025-08-10 04:00:00,5,0,0.0027489317187187642
2025-08-10 05:00:00,5,0,0.0027489317187187642
2025-08-10 06:00:00,5,0,0.0027489317187187642
2025-08-10 07:00:00,5,0,0.0027489317187187642
2025-08-10 08:00:00,5,0,0.0027489317187187642
2025-08-10 09:00:00,5,0,0.0027489317187187642
2025-08-10 10:00:00,5,0,0.2574446955959385
2025-08-10 11:00:00,5,1,0.9706182929156668
2025-08-10 12:00:00,5,1,0.9703949763385551
2025-08-10 13:00:00,5,1,0.9706182929156668
2025-08-10 14:00:00,5,1,0.9706182929156668
2025-08-10 15:00:00,5,1,0.9703949763385551
2025-08-10 16:00:00,5,1,0.9628287329222951
2025-08-10 17:00:00,5,0,0.06630941382007433
2025-08-10 18:00:00,5,0,0.0027489317187187642
2025-08-10 19:00:00,5,0,0.0027489317187187642
2025-08-10 20:00:00,5,0,0.0027489317187187642
2025-08-10 21:00:00,5,0,0.0027489317187187642
2025-08-10 22:00:00,5,0,0.0027489317187187642
2025-08-10 23:00:00,5,0,0.0027489317187187642
2025-08-11 00:00:00,5,0,0.0027489317187187642
2025-08-11 01:00:00,5,0,0.0027489317187187642
2025-08-11 02:00:00,5,0,0.0027489317187187642
2025-08-11 03:00:00,5,0,0.0027489317187187642
2025-08-11 04:00:00,5,0,0.0027489317187187642
2025-08-11 05:00:00,5,0,0.0027489317187187642
2025-08-11 06:00:00,5,0,0.0027489317187187642
2025-08-11 07:00:00,5,0,0.0027489317187187642
2025-08-11 08:00:00,5,0,0.0027489317187187642
2025-08-11 09:00:00,5,0,0.0027489317187187642
2025-08-11 10:00:00,5,0,0.42709460242061925
2025-08-11 11:00:00,5,1,0.9648896981506502
2025-08-11 12:00:00,5,1,0.9706182929156668
2025-08-11 13:00:00,5,1,0.9706182929156668
2025-08-11 14:00:00,5,1,0.9706182929156668
2025-08-11 15:00:00,5,1,0.9651530508832332
2025-08-11 16:00:00,5,1,0.9602506257454418
2025-08-11 17:00:00,5,0,0.05926557401182188
2025-08-11 18:00:00,5,0,0.0027489317187187642
2025-08-11 19:00:00,5,0,0.0027489317187187642
2025-08-11 20:00:00,5,0,0.0027489317187187642
2025-08-11 21:00:00,5,0,0.0027489317187187642
2025-08-11 22:00:00,5,0,0.0027489317187187642
2025-08-11 23:00:00,5,0,0.0027489317187187642
2025-08-12 00:00:00,5,0,0.0027489317187187642
2025-08-12 01:00:00,5,0,0.0027489317187187642
2025-08-12 02:00:00,5,0,0.0027489317187187642
2025-08-12 03:00:00,5,0,0.0027489317187187642
2025-08-12 04:00:00,5,0,0.0027489317187187642
2025-08-12 05:00:00,5,0,0.0027489317187187642
2025-08-12 06:00:00,5,0,0.0027489317187187642
2025-08-12 07:00:00,5,0,0.0027489317187187642
2025-08-12 08:00:00,5,0,0.0027489317187187642
2025-08-12 09:00:00,5,0,0.0027489317187187642
2025-08-12 10:00:00,5,0,0.2574446955959385
2025-08-12 11:00:00,5,1,0.9628287329222951
2025-08-12 12:00:00,5,1,0.9706182929156668
2025-08-12 13:00:00,5,1,0.9706182929156668
2025-08-12 14:00:00,5,1,0.9706182929156668
2025-08-12 15:00:00,5,1,0.9703949763385551
2025-08-12 16:00:00,5,1,0.9550672654608673
2025-08-12 17:00:00,5,0,0.03250471780642501
2025-08-12 18:00:00,5,0,0.0028404980077890323
2025-08-12 19:00:00,5,0,0.0027489317187187642
2025-08-12 20:00:00,5,0,0.0027489317187187642
2025-08-12 21:00:00,5,0,0.0027489317187187642
2025-08-12 22:00:00,5,0,0.0027489317187187642
2025-08-12 23:00:00,5,0,0.0027489317187187642
2025-08-13 00:00:00,5,0,0.0027489317187187642
2025-08-13 01:00:00,5,0,0.0027489317187187642
2025-08-13 02:00:00,5,0,0.0027489317187187642
2025-08-13 03:00:00,5,0,0.0027489317187187642
2025-08-13 04:00:00,5,0,0.0027489317187187642
2025-08-13 05:00:00,5,0,0.0027489317187187642
2025-08-13 06:00:00,5,0,0.0027489317187187642
2025-08-13 07:00:00,5,0,0.0027489317187187642
2025-08-13 08:00:00,5,0,0.0027489317187187642
2025-08-13 09:00:00,5,0,0.0028404980077890323
2025-08-13 10:00:00,5,0,0.13248410806924532
2025-08-13 11:00:00,5,1,0.9646779835316237
2025-08-13 12:00:00,5,1,0.9646779835316237
2025-08-13 13:00:00,5,1,0.9671300763265069
2025-08-13 14:00:00,5,1,0.9706182929156668
2025-08-13 15:00:00,5,1,0.9703949763385551
2025-08-13 16:00:00,5,1,0.9602506257454418
2025-08-13 17:00:00,5,0,0.05455683464057462
2025-08-13 18:00:00,5,0,0.0027489317187187642
2025-08-13 19:00:00,5,0,0.0027489317187187642
2025-08-13 20:00:00,5,0,0.0027489317187187642
2025-08-13 21:00:00,5,0,0.0027489317187187642
2025-08-13 22:00:00,5,0,0.0027489317187187642
2025-08-13 23:00:00,5,0,0.0027489317187187642
2025-08-14 00:00:00,5,0,0.0027489317187187642
2025-08-14 01:00:00,5,0,0.0027489317187187642
2025-08-14 02:00:00,5,0,0.0027489317187187642
2025-08-14 03:00:00,5,0,0.0027489317187187642
2025-08-14 04:00:00,5,0,0.0027489317187187642
2025-08-14 05:00:00,5,0,0.0027489317187187642
2025-08-14 06:00:00,5,0,0.0027489317187187642
2025-08-14 07:00:00,5,0,0.0027489317187187642
2025-08-14 08:00:00,5,0,0.0027489317187187642
2025-08-14 09:00:00,5,0,0.0027489317187187642
2025-08-14 10:00:00,5,0,0.2319501297886812
2025-08-14 11:00:00,5,1,0.9706182929156668
2025-08-14 12:00:00,5,1,0.9706182929156668
2025-08-14 13:00:00,5,1,0.9706182929156668
2025-08-14 14:00:00,5,1,0.9706182929156668
2025-08-14 15:00:00,5,1,0.9706182929156668
2025-08-14 16:00:00,5,1,0.9662665646831242
2025-08-14 17:00:00,5,0,0.05669251869672202
2025-08-14 18:00:00,5,0,0.0027489317187187642
2025-08-14 19:00:00,5,0,0.0027489317187187642
2025-08-14 20:00:00,5,0,0.0027489317187187642
2025-08-14 21:00:00,5,0,0.0027489317187187642
2025-08-14 22:00:00,5,0,0.0027489317187187642
2025-08-14 23:00:00,5,0,0.0027489317187187642
2025-08-15 00:00:00,5,0,0.0027489317187187642
2025-08-15 01:00:00,5,0,0.0027489317187187642
2025-08-15 02:00:00,5,0,0.0027489317187187642
2025-08-15 03:00:00,5,0,0.0027489317187187642
2025-08-15 04:00:00,5,0,0.0027489317187187642
2025-08-15 05:00:00,5,0,0.0027489317187187642
2025-08-15 06:00:00,5,0,0.0027489317187187642
2025-08-15 07:00:00,5,0,0.0027489317187187642
2025-08-15 08:00:00,5,0,0.0027489317187187642
2025-08-15 09:00:00,5,0,0.0027489317187187642
2025-08-15 10:00:00,5,0,0.029570327209036084
2025-08-15 11:00:00,5,1,0.9345826960031689
2025-08-15 12:00:00,5,1,0.9618498586699665
2025-08-15 13:00:00,5,1,0.9699783302925029
2025-08-15 14:00:00,5,1,0.9694317752560146
2025-08-15 15:00:00,5,1,0.9593830273480194
2025-08-15 16:00:00,5,1,0.9202494229348064
2025-08-15 17:00:00,5,0,0.026523808225968008
2025-08-15 18:00:00,5,0,0.0028404980077890323
2025-08-15 19:00:00,5,0,0.0027489317187187642
2025-08-15 20:00:00,5,0,0.0027489317187187642
2025-08-15 21:00:00,5,0,0.0027489317187187642
2025-08-15 22:00:00,5,0,0.0027489317187187642
2025-08-15 23:00:00,5,0,0.0027489317187187642
2025-08-16 00:00:00,5,0,0.0027489317187187642
2025-08-16 01:00:00,5,0,0.0027489317187187642
2025-08-16 02:00:00,5,0,0.0027489317187187642
2025-08-16 03:00:00,5,0,0.0027489317187187642
2025-08-16 04:00:00,5,0,0.0027489317187187642
2025-08-16 05:00:00,5,0,0.0027489317187187642
2025-08-16 06:00:00,5,0,0.0027489317187187642
2025-08-16 07:00:00,5,0,0.0027489317187187642
2025-08-16 08:00:00,5,0,0.0027489317187187642
2025-08-16 09:00:00,5,0,0.0028404980077890323
2025-08-16 10:00:00,5,0,0.042502919680811865
2025-08-16 11:00:00,5,1,0.9262221656955067
2025-08-16 12:00:00,5,1,0.9655065091651059
2025-08-16 13:00:00,5,1,0.9671300763265069
2025-08-16 14:00:00,5,1,0.9698557707630675
2025-08-16 15:00:00,5,1,0.9677315539655894
2025-08-16 16:00:00,5,1,0.9368057213309058
2025-08-16 17:00:00,5,0,0.042502919680811865
2025-08-16 18:00:00,5,0,0.0027489317187187642
2025-08-16 19:00:00,5,0,0.0027489317187187642
2025-08-16 20:00:00,5,0,0.0027489317187187642
2025-08-16 21:00:00,5,0,0.0027489317187187642
2025-08-16 22:00:00,5,0,0.0027489317187187642
2025-08-16 23:00:00,5,0,0.0027489317187187642
2025-08-17 00:00:00,5,0,0.0027489317187187642
2025-08-17 01:00:00,5,0,0.0027489317187187642
2025-08-17 02:00:00,5,0,0.0027489317187187642
2025-08-17 03:00:00,5,0,0.0027489317187187642
2025-08-17 04:00:00,5,0,0.0027489317187187642
2025-08-17 05:00:00,5,0,0.0027489317187187642
2025-08-17 06:00:00,5,0,0.0027489317187187642
2025-08-17 07:00:00,5,0,0.0027489317187187642
2025-08-17 08:00:00,5,0,0.0027489317187187642
2025-08-17 09:00:00,5,0,0.0027489317187187642
2025-08-17 10:00:00,5,0,0.04312345290903978
2025-08-17 11:00:00,5,1,0.9530679485869581
2025-08-17 12:00:00,5,1,0.9623824279712185
2025-08-17 13:00:00,5,1,0.9425657146713822
2025-08-17 14:00:00,5,1,0.9492375152612563
2025-08-17 15:00:00,5,1,0.9662801719811023
2025-08-17 16:00:00,5,1,0.9419091517209263
2025-08-17 17:00:00,5,0,0.02866891337175696
2025-08-17 18:00:00,5,0,0.0027489317187187642
2025-08-17 19:00:00,5,0,0.0027489317187187642
2025-08-17 20:00:00,5,0,0.0027489317187187642
2025-08-17 21:00:00,5,0,0.0027489317187187642
2025-08-17 22:00:00,5,0,0.0027489317187187642
2025-08-17 23:00:00,5,0,0.0027489317187187642
2025-08-18 00:00:00,5,0,0.0027489317187187642
2025-08-18 01:00:00,5,0,0.0027489317187187642
2025-08-18 02:00:00,5,0,0.0027489317187187642
2025-08-18 03:00:00,5,0,0.0027489317187187642
2025-08-18 04:00:00,5,0,0.0027489317187187642
2025-08-18 05:00:00,5,0,0.0027489317187187642
2025-08-18 06:00:00,5,0,0.0027489317187187642
2025-08-18 07:00:00,5,0,0.0027489317187187642
2025-08-18 08:00:00,5,0,0.0028404980077890323
2025-08-18 09:00:00,5,0,0.0028404980077890323
2025-08-18 10:00:00,5,0,0.02866891337175696
2025-08-18 11:00:00,5,1,0.9419091517209263
2025-08-18 12:00:00,5,1,0.9660167376831801
2025-08-18 13:00:00,5,1,0.9688390852422969
2025-08-18 14:00:00,5,1,0.9688390852422969
2025-08-18 15:00:00,5,1,0.9646779835316237
2025-08-18 16:00:00,5,1,0.9480409642801487
2025-08-18 17:00:00,5,0,0.06503619149846163
2025-08-18 18:00:00,5,0,0.0028404980077890323
2025-08-18 19:00:00,5,0,0.0027489317187187642
2025-08-18 20:00:00,5,0,0.0027489317187187642
2025-08-18 21:00:00,5,0,0.0027489317187187642
2025-08-18 22:00:00,5,0,0.0027489317187187642
2025-08-18 23:00:00,5,0,0.0027489317187187642
2025-08-19 00:00:00,5,0,0.0027489317187187642
2025-08-19 01:00:00,5,0,0.0027489317187187642
2025-08-19 02:00:00,5,0,0.0027489317187187642
2025-08-19 03:00:00,5,0,0.0027489317187187642
2025-08-19 04:00:00,5,0,0.0027489317187187642
2025-08-19 05:00:00,5,0,0.0027489317187187642
2025-08-19 06:00:00,5,0,0.0027489317187187642
2025-08-19 07:00:00,5,0,0.0027489317187187642
2025-08-19 08:00:00,5,0,0.0028404980077890323
2025-08-19 09:00:00,5,0,0.0028404980077890323
2025-08-19 10:00:00,5,0,0.09275229851689816
2025-08-19 11:00:00,5,1,0.9675340682503372
2025-08-19 12:00:00,5,1,0.9671300763265069
2025-08-19 13:00:00,5,1,0.9706182929156668
2025-08-19 14:00:00,5,1,0.9698557707630675
2025-08-19 15:00:00,5,1,0.9698557707630675
2025-08-19 16:00:00,5,1,0.936774710293612
2025-08-19 17:00:00,5,0,0.04587942503618711
2025-08-19 18:00:00,5,0,0.0027489317187187642
2025-08-19 19:00:00,5,0,0.0027489317187187642
2025-08-19 20:00:00,5,0,0.0027489317187187642
2025-08-19 21:00:00,5,0,0.0027489317187187642
2025-08-19 22:00:00,5,0,0.0027489317187187642
2025-08-19 23:00:00,5,0,0.0027489317187187642
2025-08-20 00:00:00,5,0,0.0027489317187187642
2025-08-20 01:00:00,5,0,0.0027489317187187642
2025-08-20 02:00:00,5,0,0.0027489317187187642
2025-08-20 03:00:00,5,0,0.0027489317187187642
2025-08-20 04:00:00,5,0,0.0027489317187187642
2025-08-20 05:00:00,5,0,0.0027489317187187642
2025-08-20 06:00:00,5,0,0.0027489317187187642
2025-08-20 07:00:00,5,0,0.0027489317187187642
2025-08-20 08:00:00,5,0,0.0028404980077890323
2025-08-20 09:00:00,5,0,0.0028404980077890323
2025-08-20 10:00:00,5,0,0.06345083633798618
2025-08-20 11:00:00,5,1,0.9675340682503372
2025-08-20 12:00:00,5,1,0.9703949763385551
2025-08-20 13:00:00,5,1,0.9475849640432407
2025-08-20 14:00:00,5,1,0.9475849640432407
2025-08-20 15:00:00,5,1,0.9641907933206715
2025-08-20 16:00:00,5,1,0.9364938634047651
2025-08-20 17:00:00,5,0,0.027767927895186638
2025-08-20 18:00:00,5,0,0.0027489317187187642
2025-08-20 19:00:00,5,0,0.0027489317187187642
2025-08-20 20:00:00,5,0,0.0027489317187187642
2025-08-20 21:00:00,5,0,0.0027489317187187642
2025-08-20 22:00:00,5,0,0.0027489317187187642
2025-08-20 23:00:00,5,0,0.0027489317187187642
2025-08-21 00:00:00,5,0,0.0027489317187187642
2025-08-21 01:00:00,5,0,0.0027489317187187642
2025-08-21 02:00:00,5,0,0.0027489317187187642
2025-08-21 03:00:00,5,0,0.0027489317187187642
2025-08-21 04:00:00,5,0,0.0027489317187187642
2025-08-21 05:00:00,5,0,0.0027489317187187642
2025-08-21 06:00:00,5,0,0.0027489317187187642
2025-08-21 07:00:00,5,0,0.0027489317187187642
2025-08-21 08:00:00,5,0,0.0027489317187187642
2025-08-21 09:00:00,5,0,0.0027489317187187642
2025-08-21 10:00:00,5,0,0.06112430961931192
2025-08-21 11:00:00,5,1,0.9616831459942807
2025-08-21 12:00:00,5,1,0.9706182929156668
2025-08-21 13:00:00,5,1,0.9706182929156668
2025-08-21 14:00:00,5,1,0.9706182929156668
2025-08-21 15:00:00,5,1,0.9706182929156668
2025-08-21 16:00:00,5,1,0.9460956755121441
2025-08-21 17:00:00,5,0,0.03386974175849959
2025-08-21 18:00:00,5,0,0.0028404980077890323
2025-08-21 19:00:00,5,0,0.0027489317187187642
2025-08-21 20:00:00,5,0,0.0027489317187187642
2025-08-21 21:00:00,5,0,0.0027489317187187642
2025-08-21 22:00:00,5,0,0.0027489317187187642
2025-08-21 23:00:00,5,0,0.0027489317187187642
2025-08-22 00:00:00,5,0,0.0027489317187187642
2025-08-22 01:00:00,5,0,0.0027489317187187642
2025-08-22 02:00:00,5,0,0.0027489317187187642
2025-08-22 03:00:00,5,0,0.0027489317187187642
2025-08-22 04:00:00,5,0,0.0027489317187187642
2025-08-22 05:00:00,5,0,0.0027489317187187642
2025-08-22 06:00:00,5,0,0.0027489317187187642
2025-08-22 07:00:00,5,0,0.0027489317187187642
2025-08-22 08:00:00,5,0,0.0027489317187187642
2025-08-22 09:00:00,5,0,0.0027489317187187642
2025-08-22 10:00:00,5,0,0.06527919245966006
2025-08-22 11:00:00,5,1,0.9641907933206715
2025-08-22 12:00:00,5,1,0.9641907933206715
2025-08-22 13:00:00,5,1,0.9703949763385551
2025-08-22 14:00:00,5,1,0.9706182929156668
2025-08-22 15:00:00,5,1,0.9703949763385551
2025-08-22 16:00:00,5,1,0.9582190349249483
2025-08-22 17:00:00,5,0,0.03386974175849959
2025-08-22 18:00:00,5,0,0.002796629009546738
2025-08-22 19:00:00,5,0,0.0027489317187187642
2025-08-22 20:00:00,5,0,0.0027489317187187642
2025-08-22 21:00:00,5,0,0.0027489317187187642
2025-08-22 22:00:00,5,0,0.0027489317187187642
2025-08-22 23:00:00,5,0,0.0027489317187187642
2025-08-23 00:00:00,5,0,0.0027489317187187642
2025-08-23 01:00:00,5,0,0.0027489317187187642
2025-08-23 02:00:00,5,0,0.0027489317187187642
2025-08-23 03:00:00,5,0,0.0027489317187187642
2025-08-23 04:00:00,5,0,0.0027489317187187642
2025-08-23 05:00:00,5,0,0.0027489317187187642
2025-08-23 06:00:00,5,0,0.0027489317187187642
2025-08-23 07:00:00,5,0,0.0027489317187187642
2025-08-23 08:00:00,5,0,0.0027489317187187642
2025-08-23 09:00:00,5,0,0.0028404980077890323
2025-08-23 10:00:00,5,0,0.06615432360869394
2025-08-23 11:00:00,5,1,0.9249143105331398
2025-08-23 12:00:00,5,1,0.9618498586699665
2025-08-23 13:00:00,5,1,0.9618498586699665
2025-08-23 14:00:00,5,1,0.9683790112567939
2025-08-23 15:00:00,5,1,0.9699783302925029
2025-08-23 16:00:00,5,1,0.945525298397192
2025-08-23 17:00:00,5,0,0.02273167590842147
2025-08-23 18:00:00,5,0,0.0027489317187187642
2025-08-23 19:00:00,5,0,0.0027489317187187642
2025-08-23 20:00:00,5,0,0.0027489317187187642
2025-08-23 21:00:00,5,0,0.0027489317187187642
2025-08-23 22:00:00,5,0,0.0027489317187187642
2025-08-23 23:00:00,5,0,0.0027489317187187642
2025-08-24 00:00:00,5,0,0.0027489317187187642
2025-08-24 01:00:00,5,0,0.0027489317187187642
2025-08-24 02:00:00,5,0,0.0027489317187187642
2025-08-24 03:00:00,5,0,0.0027489317187187642
2025-08-24 04:00:00,5,0,0.0027489317187187642
2025-08-24 05:00:00,5,0,0.0027489317187187642
2025-08-24 06:00:00,5,0,0.0027489317187187642
2025-08-24 07:00:00,5,0,0.0027489317187187642
2025-08-24 08:00:00,5,0,0.0027489317187187642
2025-08-24 09:00:00,5,0,0.0028404980077890323
2025-08-24 10:00:00,5,0,0.03624660050661023
2025-08-24 11:00:00,5,1,0.9627344785534888
2025-08-24 12:00:00,5,1,0.9706182929156668
2025-08-24 13:00:00,5,1,0.9706182929156668
2025-08-24 14:00:00,5,1,0.9655065091651059
2025-08-24 15:00:00,5,1,0.9706182929156668
2025-08-24 16:00:00,5,1,0.9437272642769932
2025-08-24 17:00:00,5,0,0.03386974175849959
2025-08-24 18:00:00,5,0,0.0028404980077890323
2025-08-24 19:00:00,5,0,0.0027489317187187642
2025-08-24 20:00:00,5,0,0.0027489317187187642
2025-08-24 21:00:00,5,0,0.0027489317187187642
2025-08-24 22:00:00,5,0,0.0027489317187187642
2025-08-24 23:00:00,5,0,0.0027489317187187642
2025-08-25 00:00:00,5,0,0.0027489317187187642
2025-08-25 01:00:00,5,0,0.0027489317187187642
2025-08-25 02:00:00,5,0,0.0027489317187187642
2025-08-25 03:00:00,5,0,0.0027489317187187642
2025-08-25 04:00:00,5,0,0.0027489317187187642
2025-08-25 05:00:00,5,0,0.0027489317187187642
2025-08-25 06:00:00,5,0,0.0027489317187187642
2025-08-25 07:00:00,5,0,0.0027489317187187642
2025-08-25 08:00:00,5,0,0.0027489317187187642
2025-08-25 09:00:00,5,0,0.0027489317187187642
2025-08-25 10:00:00,5,0,0.035031208807416066
2025-08-25 11:00:00,5,1,0.9454766788101922
2025-08-25 12:00:00,5,1,0.9671070167440043
2025-08-25 13:00:00,5,1,0.92084871398163
2025-08-25 14:00:00,5,1,0.933619034650991
2025-08-25 15:00:00,5,1,0.9699783302925029
2025-08-25 16:00:00,5,1,0.9460956755121441
2025-08-25 17:00:00,5,0,0.02273167590842147
2025-08-25 18:00:00,5,0,0.0027489317187187642
2025-08-25 19:00:00,5,0,0.0027489317187187642
2025-08-25 20:00:00,5,0,0.0027489317187187642
2025-08-25 21:00:00,5,0,0.0027489317187187642
2025-08-25 22:00:00,5,0,0.0027489317187187642
2025-08-25 23:00:00,5,0,0.0027489317187187642
2025-08-26 00:00:00,5,0,0.0027489317187187642
2025-08-26 01:00:00,5,0,0.0027489317187187642
2025-08-26 02:00:00,5,0,0.0027489317187187642
2025-08-26 03:00:00,5,0,0.0027489317187187642
2025-08-26 04:00:00,5,0,0.0027489317187187642
2025-08-26 05:00:00,5,0,0.0027489317187187642
2025-08-26 06:00:00,5,0,0.0027489317187187642
2025-08-26 07:00:00,5,0,0.0027489317187187642
2025-08-26 08:00:00,5,0,0.0027489317187187642
2025-08-26 09:00:00,5,0,0.0028404980077890323
2025-08-26 10:00:00,5,0,0.033937259820581114
2025-08-26 11:00:00,5,1,0.9651758129257975
2025-08-26 12:00:00,5,1,0.9628265386324836
2025-08-26 13:00:00,5,1,0.9706182929156668
2025-08-26 14:00:00,5,1,0.9706182929156668
2025-08-26 15:00:00,5,1,0.9692710410508456
2025-08-26 16:00:00,5,1,0.9566534962995464
2025-08-26 17:00:00,5,0,0.03281082962422562
2025-08-26 18:00:00,5,0,0.0027489317187187642
2025-08-26 19:00:00,5,0,0.0027489317187187642
2025-08-26 20:00:00,5,0,0.0027489317187187642
2025-08-26 21:00:00,5,0,0.0027489317187187642
2025-08-26 22:00:00,5,0,0.0027489317187187642
2025-08-26 23:00:00,5,0,0.0027489317187187642
2025-08-27 00:00:00,5,0,0.0027489317187187642
2025-08-27 01:00:00,5,0,0.0027489317187187642
2025-08-27 02:00:00,5,0,0.0027489317187187642
2025-08-27 03:00:00,5,0,0.0027489317187187642
2025-08-27 04:00:00,5,0,0.0027489317187187642
2025-08-27 05:00:00,5,0,0.0027489317187187642
2025-08-27 06:00:00,5,0,0.0027489317187187642
2025-08-27 07:00:00,5,0,0.0027489317187187642
2025-08-27 08:00:00,5,0,0.0027489317187187642
2025-08-27 09:00:00,5,0,0.0028404980077890323
2025-08-27 10:00:00,5,0,0.06503619149846163
2025-08-27 11:00:00,5,1,0.9480409642801487
2025-08-27 12:00:00,5,1,0.9671300763265069
2025-08-27 13:00:00,5,1,0.9706182929156668
2025-08-27 14:00:00,5,1,0.9685460671953884
2025-08-27 15:00:00,5,1,0.9706182929156668
2025-08-27 16:00:00,5,1,0.9566534962995464
2025-08-27 17:00:00,5,0,0.033362686920310164
2025-08-27 18:00:00,5,0,0.0027489317187187642
2025-08-27 19:00:00,5,0,0.0027489317187187642
2025-08-27 20:00:00,5,0,0.0027489317187187642
2025-08-27 21:00:00,5,0,0.0027489317187187642
2025-08-27 22:00:00,5,0,0.0027489317187187642
2025-08-27 23:00:00,5,0,0.0027489317187187642
2025-08-28 00:00:00,5,0,0.0027489317187187642
2025-08-28 01:00:00,5,0,0.0027489317187187642
2025-08-28 02:00:00,5,0,0.0027489317187187642
2025-08-28 03:00:00,5,0,0.0027489317187187642
2025-08-28 04:00:00,5,0,0.0027489317187187642
2025-08-28 05:00:00,5,0,0.0027489317187187642
2025-08-28 06:00:00,5,0,0.0027489317187187642
2025-08-28 07:00:00,5,0,0.0027489317187187642
2025-08-28 08:00:00,5,0,0.0027489317187187642
2025-08-28 09:00:00,5,0,0.0028404980077890323
2025-08-28 10:00:00,5,0,0.04587942503618711
2025-08-28 11:00:00,5,1,0.9429443840334736
2025-08-28 12:00:00,5,1,0.959949927487525
2025-08-28 13:00:00,5,1,0.9646779835316237
2025-08-28 14:00:00,5,1,0.9706182929156668
2025-08-28 15:00:00,5,1,0.9692710410508456
2025-08-28 16:00:00,5,1,0.9278670951947766
2025-08-28 17:00:00,5,0,0.022013052882632025
2025-08-28 18:00:00,5,0,0.0027489317187187642
2025-08-28 19:00:00,5,0,0.0027489317187187642
2025-08-28 20:00:00,5,0,0.0027489317187187642
2025-08-28 21:00:00,5,0,0.0027489317187187642
2025-08-28 22:00:00,5,0,0.0027489317187187642
2025-08-28 23:00:00,5,0,0.0027489317187187642
2025-08-29 00:00:00,5,0,0.0027489317187187642
2025-08-29 01:00:00,5,0,0.0027489317187187642
2025-08-29 02:00:00,5,0,0.0027489317187187642
2025-08-29 03:00:00,5,0,0.0027489317187187642
2025-08-29 04:00:00,5,0,0.0027489317187187642
2025-08-29 05:00:00,5,0,0.0027489317187187642
2025-08-29 06:00:00,5,0,0.0027489317187187642
2025-08-29 07:00:00,5,0,0.0027489317187187642
2025-08-29 08:00:00,5,0,0.0027489317187187642
2025-08-29 09:00:00,5,0,0.0028404980077890323
2025-08-29 10:00:00,5,0,0.02866891337175696
2025-08-29 11:00:00,5,1,0.931504463238819
2025-08-29 12:00:00,5,1,0.9662801719811023
2025-08-29 13:00:00,5,1,0.9692710410508456
2025-08-29 14:00:00,5,1,0.9706182929156668
2025-08-29 15:00:00,5,1,0.9671300763265069
2025-08-29 16:00:00,5,1,0.8372231007664385
2025-08-29 17:00:00,5,0,0.022257573052278733
2025-08-29 18:00:00,5,0,0.0028404980077890323
2025-08-29 19:00:00,5,0,0.0027489317187187642
2025-08-29 20:00:00,5,0,0.0027489317187187642
2025-08-29 21:00:00,5,0,0.0027489317187187642
2025-08-29 22:00:00,5,0,0.0027489317187187642
2025-08-29 23:00:00,5,0,0.0027489317187187642
2025-08-30 00:00:00,5,0,0.0027489317187187642
2025-08-30 01:00:00,5,0,0.0027489317187187642
2025-08-30 02:00:00,5,0,0.0027489317187187642
2025-08-30 03:00:00,5,0,0.0027489317187187642
2025-08-30 04:00:00,5,0,0.0027489317187187642
2025-08-30 05:00:00,5,0,0.0027489317187187642
2025-08-30 06:00:00,5,0,0.0027489317187187642
2025-08-30 07:00:00,5,0,0.0027489317187187642
2025-08-30 08:00:00,5,0,0.0027489317187187642
2025-08-30 09:00:00,5,0,0.0028404980077890323
2025-08-30 10:00:00,5,0,0.02866891337175696
2025-08-30 11:00:00,5,1,0.938816452741389
2025-08-30 12:00:00,5,1,0.9706182929156668
2025-08-30 13:00:00,5,1,0.9692710410508456
2025-08-30 14:00:00,5,1,0.9706182929156668
2025-08-30 15:00:00,5,1,0.9706182929156668
2025-08-30 16:00:00,5,1,0.9278670951947766
2025-08-30 17:00:00,5,0,0.04073034289984618
2025-08-30 18:00:00,5,0,0.0028404980077890323
2025-08-30 19:00:00,5,0,0.0027489317187187642
2025-08-30 20:00:00,5,0,0.0027489317187187642
2025-08-30 21:00:00,5,0,0.0027489317187187642
2025-08-30 22:00:00,5,0,0.0027489317187187642
2025-08-30 23:00:00,5,0,0.0027489317187187642
2025-08-31 00:00:00,5,0,0.0027489317187187642
2025-08-31 01:00:00,5,0,0.0027489317187187642
2025-08-31 02:00:00,5,0,0.0027489317187187642
2025-08-31 03:00:00,5,0,0.0027489317187187642
2025-08-31 04:00:00,5,0,0.0027489317187187642
2025-08-31 05:00:00,5,0,0.0027489317187187642
2025-08-31 06:00:00,5,0,0.0027489317187187642
2025-08-31 07:00:00,5,0,0.0027489317187187642
2025-08-31 08:00:00,5,0,0.0028404980077890323
2025-08-31 09:00:00,5,0,0.0028404980077890323
2025-08-31 10:00:00,5,0,0.05294075047814435
2025-08-31 11:00:00,5,1,0.9515900582785003
2025-08-31 12:00:00,5,1,0.9706182929156668
2025-08-31 13:00:00,5,1,0.9706182929156668
2025-08-31 14:00:00,5,1,0.9706182929156668
2025-08-31 15:00:00,5,1,0.9706182929156668
2025-08-31 16:00:00,5,1,0.9585302720381498
2025-08-31 17:00:00,5,0,0.015881067194978036
2025-08-31 18:00:00,5,0,0.0028404980077890323
2025-08-31 19:00:00,5,0,0.0027489317187187642
2025-08-31 20:00:00,5,0,0.0027489317187187642
2025-08-31 21:00:00,5,0,0.0027489317187187642
2025-08-31 22:00:00,5,0,0.0027489317187187642
2025-08-31 23:00:00,5,0,0.0027489317187187642
2025-09-01 00:00:00,5,0,0.0027489317187187642
2025-09-01 01:00:00,5,0,0.0027489317187187642
2025-09-01 02:00:00,5,0,0.0027489317187187642
2025-09-01 03:00:00,5,0,0.0027489317187187642
2025-09-01 04:00:00,5,0,0.0027489317187187642
2025-09-01 05:00:00,5,0,0.0027489317187187642
2025-09-01 06:00:00,5,0,0.0027489317187187642
2025-09-01 07:00:00,5,0,0.0027489317187187642
2025-09-01 08:00:00,5,0,0.0027489317187187642
2025-09-01 09:00:00,5,0,0.0028404980077890323
2025-09-01 10:00:00,5,0,0.01718601498918539
2025-09-01 11:00:00,5,0,0.9295844354597892
2025-09-01 12:00:00,5,1,0.9567602100128846
2025-09-01 13:00:00,5,1,0.9578395944971214
2025-09-01 14:00:00,5,1,0.9589222543830818
2025-09-01 15:00:00,5,1,0.9630687121294413
2025-09-01 16:00:00,5,1,0.929773662388108
2025-09-01 17:00:00,5,0,0.021202947544510742
2025-09-01 18:00:00,5,0,0.0027489317187187642
2025-09-01 19:00:00,5,0,0.0027489317187187642
2025-09-01 20:00:00,5,0,0.0027489317187187642
2025-09-01 21:00:00,5,0,0.0027489317187187642
2025-09-01 22:00:00,5,0,0.0027489317187187642
2025-09-01 23:00:00,5,0,0.0027489317187187642
2025-09-02 00:00:00,5,0,0.0027489317187187642
2025-09-02 01:00:00,5,0,0.0027489317187187642
2025-09-02 02:00:00,5,0,0.0027489317187187642
2025-09-02 03:00:00,5,0,0.0027489317187187642
2025-09-02 04:00:00,5,0,0.0027489317187187642
2025-09-02 05:00:00,5,0,0.0027489317187187642
2025-09-02 06:00:00,5,0,0.0027489317187187642
2025-09-02 07:00:00,5,0,0.0027489317187187642
2025-09-02 08:00:00,5,0,0.0027489317187187642
2025-09-02 09:00:00,5,0,0.0028404980077890323
2025-09-02 10:00:00,5,0,0.04587942503618711
2025-09-02 11:00:00,5,1,0.9585302720381498
2025-09-02 12:00:00,5,1,0.9645522167158029
2025-09-02 13:00:00,5,1,0.9655065091651059
2025-09-02 14:00:00,5,1,0.9643166243982494
2025-09-02 15:00:00,5,1,0.9706182929156668
2025-09-02 16:00:00,5,1,0.8577585611796734
2025-09-02 17:00:00,5,0,0.011777705417151913
2025-09-02 18:00:00,5,0,0.0028404980077890323
2025-09-02 19:00:00,5,0,0.0027489317187187642
2025-09-02 20:00:00,5,0,0.0027489317187187642
2025-09-02 21:00:00,5,0,0.0027489317187187642
2025-09-02 22:00:00,5,0,0.0027489317187187642
2025-09-02 23:00:00,5,0,0.0027489317187187642
2025-09-03 00:00:00,5,0,0.0027489317187187642
2025-09-03 01:00:00,5,0,0.0027489317187187642
2025-09-03 02:00:00,5,0,0.0027489317187187642
2025-09-03 03:00:00,5,0,0.0027489317187187642
2025-09-03 04:00:00,5,0,0.0027489317187187642
2025-09-03 05:00:00,5,0,0.0027489317187187642
2025-09-03 06:00:00,5,0,0.0027489317187187642
2025-09-03 07:00:00,5,0,0.0027489317187187642
2025-09-03 08:00:00,5,0,0.0027489317187187642
2025-09-03 09:00:00,5,0,0.0028404980077890323
2025-09-03 10:00:00,5,0,0.03386974175849959
2025-09-03 11:00:00,5,1,0.8397217120742807
2025-09-03 12:00:00,5,1,0.963809203643856
2025-09-03 13:00:00,5,1,0.9593830273480194
2025-09-03 14:00:00,5,1,0.9685460671953884
2025-09-03 15:00:00,5,1,0.9698557707630675
2025-09-03 16:00:00,5,1,0.8319485486883885
2025-09-03 17:00:00,5,0,0.015881067194978036
2025-09-03 18:00:00,5,0,0.0028404980077890323
2025-09-03 19:00:00,5,0,0.0027489317187187642
2025-09-03 20:00:00,5,0,0.0027489317187187642
2025-09-03 21:00:00,5,0,0.0027489317187187642
2025-09-03 22:00:00,5,0,0.0027489317187187642
2025-09-03 23:00:00,5,0,0.0027489317187187642
2025-09-04 00:00:00,5,0,0.0027489317187187642
2025-09-04 01:00:00,5,0,0.0027489317187187642
2025-09-04 02:00:00,5,0,0.0027489317187187642
2025-09-04 03:00:00,5,0,0.0027489317187187642
2025-09-04 04:00:00,5,0,0.0027489317187187642
2025-09-04 05:00:00,5,0,0.0027489317187187642
2025-09-04 06:00:00,5,0,0.0027489317187187642
2025-09-04 07:00:00,5,0,0.0027489317187187642
2025-09-04 08:00:00,5,0,0.0027489317187187642
2025-09-04 09:00:00,5,0,0.0028404980077890323
2025-09-04 10:00:00,5,0,0.018311067331139127
2025-09-04 11:00:00,5,1,0.9343068567121885
2025-09-04 12:00:00,5,1,0.9671300763265069
2025-09-04 13:00:00,5,1,0.9706182929156668
2025-09-04 14:00:00,5,1,0.9706182929156668
2025-09-04 15:00:00,5,1,0.9685460671953884
2025-09-04 16:00:00,5,1,0.871530146481835
2025-09-04 17:00:00,5,0,0.0028404980077890323
2025-09-04 18:00:00,5,0,0.0028404980077890323
2025-09-04 19:00:00,5,0,0.0027489317187187642
2025-09-04 20:00:00,5,0,0.0027489317187187642
2025-09-04 21:00:00,5,0,0.0027489317187187642
2025-09-04 22:00:00,5,0,0.0027489317187187642
2025-09-04 23:00:00,5,0,0.0027489317187187642
2025-09-05 00:00:00,5,0,0.0027489317187187642
2025-09-05 01:00:00,5,0,0.0027489317187187642
2025-09-05 02:00:00,5,0,0.0027489317187187642
2025-09-05 03:00:00,5,0,0.0027489317187187642
2025-09-05 04:00:00,5,0,0.0027489317187187642
2025-09-05 05:00:00,5,0,0.0027489317187187642
2025-09-05 06:00:00,5,0,0.0027489317187187642
2025-09-05 07:00:00,5,0,0.0027489317187187642
2025-09-05 08:00:00,5,0,0.0027489317187187642
2025-09-05 09:00:00,5,0,0.0028404980077890323
2025-09-05 10:00:00,5,0,0.03386974175849959
2025-09-05 11:00:00,5,1,0.9566534962995464
2025-09-05 12:00:00,5,1,0.9648896981506502
2025-09-05 13:00:00,5,1,0.9706182929156668
2025-09-05 14:00:00,5,1,0.9628265386324836
2025-09-05 15:00:00,5,1,0.9706182929156668
2025-09-05 16:00:00,5,1,0.8348621163935532
2025-09-05 17:00:00,5,0,0.011584208605262098
2025-09-05 18:00:00,5,0,0.0027489317187187642
2025-09-05 19:00:00,5,0,0.0027489317187187642
2025-09-05 20:00:00,5,0,0.0027489317187187642
2025-09-05 21:00:00,5,0,0.0027489317187187642
2025-09-05 22:00:00,5,0,0.0027489317187187642
2025-09-05 23:00:00,5,0,0.0027489317187187642
2025-09-06 00:00:00,5,0,0.0027489317187187642
2025-09-06 01:00:00,5,0,0.0027489317187187642
2025-09-06 02:00:00,5,0,0.0027489317187187642
2025-09-06 03:00:00,5,0,0.0027489317187187642
2025-09-06 04:00:00,5,0,0.0027489317187187642
2025-09-06 05:00:00,5,0,0.0027489317187187642
2025-09-06 06:00:00,5,0,0.0027489317187187642
2025-09-06 07:00:00,5,0,0.0027489317187187642
2025-09-06 08:00:00,5,0,0.0027489317187187642
2025-09-06 09:00:00,5,0,0.0028404980077890323
2025-09-06 10:00:00,5,0,0.03386974175849959
2025-09-06 11:00:00,5,1,0.9566534962995464
2025-09-06 12:00:00,5,1,0.9694317752560146
2025-09-06 13:00:00,5,1,0.9683790112567939
2025-09-06 14:00:00,5,1,0.9352143933063063
2025-09-06 15:00:00,5,1,0.9591692646285314
2025-09-06 16:00:00,5,1,0.40783998389989823
2025-09-06 17:00:00,5,0,0.0028404980077890323
2025-09-06 18:00:00,5,0,0.0028404980077890323
2025-09-06 19:00:00,5,0,0.0027489317187187642
2025-09-06 20:00:00,5,0,0.0027489317187187642
2025-09-06 21:00:00,5,0,0.0027489317187187642
2025-09-06 22:00:00,5,0,0.0027489317187187642
2025-09-06 23:00:00,5,0,0.0027489317187187642
2025-09-07 00:00:00,5,0,0.0027489317187187642
2025-09-07 01:00:00,5,0,0.0027489317187187642
2025-09-07 02:00:00,5,0,0.0027489317187187642
2025-09-07 03:00:00,5,0,0.0027489317187187642
2025-09-07 04:00:00,5,0,0.0027489317187187642
2025-09-07 05:00:00,5,0,0.0027489317187187642
2025-09-07 06:00:00,5,0,0.0027489317187187642
2025-09-07 07:00:00,5,0,0.0027489317187187642
2025-09-07 08:00:00,5,0,0.0027489317187187642
2025-09-07 09:00:00,5,0,0.0028404980077890323
2025-09-07 10:00:00,5,0,0.015881067194978036
2025-09-07 11:00:00,5,1,0.9397311165392104
2025-09-07 12:00:00,5,1,0.9663324993582846
2025-09-07 13:00:00,5,1,0.9112483150122851
2025-09-07 14:00:00,5,1,0.8240409256837619
2025-09-07 15:00:00,5,1,0.8282235008505139
2025-09-07 16:00:00,5,1,0.5605352122398327
2025-09-07 17:00:00,5,0,0.0027489317187187642
2025-09-07 18:00:00,5,0,0.0027489317187187642
2025-09-07 19:00:00,5,0,0.0027489317187187642
2025-09-07 20:00:00,5,0,0.0027489317187187642
2025-09-07 21:00:00,5,0,0.0027489317187187642
2025-09-07 22:00:00,5,0,0.0027489317187187642
2025-09-07 23:00:00,5,0,0.0027489317187187642
2025-09-08 00:00:00,5,0,0.0027489317187187642
2025-09-08 01:00:00,5,0,0.0027489317187187642
2025-09-08 02:00:00,5,0,0.0027489317187187642
2025-09-08 03:00:00,5,0,0.0027489317187187642
2025-09-08 04:00:00,5,0,0.0027489317187187642
2025-09-08 05:00:00,5,0,0.0027489317187187642
2025-09-08 06:00:00,5,0,0.0027489317187187642
2025-09-08 07:00:00,5,0,0.0027489317187187642
2025-09-08 08:00:00,5,0,0.0029656187984496638
2025-09-08 09:00:00,5,0,0.0028404980077890323
2025-09-08 10:00:00,5,0,0.018591338447152432
2025-09-08 11:00:00,5,1,0.9008461948474573
2025-09-08 12:00:00,5,1,0.9685460671953884
2025-09-08 13:00:00,5,1,0.9706182929156668
2025-09-08 14:00:00,5,1,0.9703949763385551
2025-09-08 15:00:00,5,1,0.9703949763385551
2025-09-08 16:00:00,5,1,0.7022347235854742
2025-09-08 17:00:00,5,0,0.0027489317187187642
2025-09-08 18:00:00,5,0,0.002796629009546738
2025-09-08 19:00:00,5,0,0.0027489317187187642
2025-09-08 20:00:00,5,0,0.0027489317187187642
2025-09-08 21:00:00,5,0,0.0027489317187187642
2025-09-08 22:00:00,5,0,0.0027489317187187642
2025-09-08 23:00:00,5,0,0.0027489317187187642
2025-09-09 00:00:00,5,0,0.0027489317187187642
2025-09-09 01:00:00,5,0,0.0027489317187187642
2025-09-09 02:00:00,5,0,0.0027489317187187642
2025-09-09 03:00:00,5,0,0.0027489317187187642
2025-09-09 04:00:00,5,0,0.0027489317187187642
2025-09-09 05:00:00,5,0,0.0027489317187187642
2025-09-09 06:00:00,5,0,0.0027489317187187642
2025-09-09 07:00:00,5,0,0.0027489317187187642
2025-09-09 08:00:00,5,0,0.0027489317187187642
2025-09-09 09:00:00,5,0,0.0027489317187187642
2025-09-09 10:00:00,5,0,0.028224030366321692
2025-09-09 11:00:00,5,1,0.9416805509779697
2025-09-09 12:00:00,5,1,0.9610233239388222
2025-09-09 13:00:00,5,1,0.9699783302925029
2025-09-09 14:00:00,5,1,0.9677315539655894
2025-09-09 15:00:00,5,1,0.9551657901011829
2025-09-09 16:00:00,5,0,0.36605265363019635
2025-09-09 17:00:00,5,0,0.0028404980077890323
2025-09-09 18:00:00,5,0,0.0027489317187187642
2025-09-09 19:00:00,5,0,0.0027489317187187642
2025-09-09 20:00:00,5,0,0.0027489317187187642
2025-09-09 21:00:00,5,0,0.0027489317187187642
2025-09-09 22:00:00,5,0,0.0027489317187187642
2025-09-09 23:00:00,5,0,0.0027489317187187642
2025-09-10 00:00:00,5,0,0.0027489317187187642
2025-09-10 01:00:00,5,0,0.0027489317187187642
2025-09-10 02:00:00,5,0,0.0027489317187187642
2025-09-10 03:00:00,5,0,0.0027489317187187642
2025-09-10 04:00:00,5,0,0.0027489317187187642
2025-09-10 05:00:00,5,0,0.0027489317187187642
2025-09-10 06:00:00,5,0,0.0027489317187187642
2025-09-10 07:00:00,5,0,0.0027489317187187642
2025-09-10 08:00:00,5,0,0.0027489317187187642
2025-09-10 09:00:00,5,0,0.0027489317187187642
2025-09-10 10:00:00,5,0,0.028224030366321692
2025-09-10 11:00:00,5,1,0.9414784684085334
2025-09-10 12:00:00,5,1,0.9651530508832332
2025-09-10 13:00:00,5,1,0.9651530508832332
2025-09-10 14:00:00,5,1,0.9706182929156668
2025-09-10 15:00:00,5,1,0.9706182929156668
2025-09-10 16:00:00,5,1,0.7928618024563326
2025-09-10 17:00:00,5,0,0.0028404980077890323
2025-09-10 18:00:00,5,0,0.0027489317187187642
2025-09-10 19:00:00,5,0,0.0027489317187187642
2025-09-10 20:00:00,5,0,0.0027489317187187642
2025-09-10 21:00:00,5,0,0.0027489317187187642
2025-09-10 22:00:00,5,0,0.0027489317187187642
2025-09-10 23:00:00,5,0,0.0027489317187187642
2025-09-11 00:00:00,5,0,0.0027489317187187642
2025-09-11 01:00:00,5,0,0.0027489317187187642
2025-09-11 02:00:00,5,0,0.0027489317187187642
2025-09-11 03:00:00,5,0,0.0027489317187187642
2025-09-11 04:00:00,5,0,0.0027489317187187642
2025-09-11 05:00:00,5,0,0.0027489317187187642
2025-09-11 06:00:00,5,0,0.0027489317187187642
2025-09-11 07:00:00,5,0,0.0027489317187187642
2025-09-11 08:00:00,5,0,0.0027489317187187642
2025-09-11 09:00:00,5,0,0.0027489317187187642
2025-09-11 10:00:00,5,0,0.028224030366321692
2025-09-11 11:00:00,5,1,0.9547494013546223
2025-09-11 12:00:00,5,1,0.9648896981506502
2025-09-11 13:00:00,5,1,0.9706182929156668
2025-09-11 14:00:00,5,1,0.9700735840723443
2025-09-11 15:00:00,5,1,0.9675340682503372
2025-09-11 16:00:00,5,1,0.8285667739339337
2025-09-11 17:00:00,5,0,0.0028404980077890323
2025-09-11 18:00:00,5,0,0.0027489317187187642
2025-09-11 19:00:00,5,0,0.0027489317187187642
2025-09-11 20:00:00,5,0,0.0027489317187187642
2025-09-11 21:00:00,5,0,0.0027489317187187642
2025-09-11 22:00:00,5,0,0.0027489317187187642
2025-09-11 23:00:00,5,0,0.0027489317187187642
2025-09-12 00:00:00,5,0,0.0027489317187187642
2025-09-12 01:00:00,5,0,0.0027489317187187642
2025-09-12 02:00:00,5,0,0.0027489317187187642
2025-09-12 03:00:00,5,0,0.0027489317187187642
2025-09-12 04:00:00,5,0,0.0027489317187187642
2025-09-12 05:00:00,5,0,0.0027489317187187642
2025-09-12 06:00:00,5,0,0.0027489317187187642
2025-09-12 07:00:00,5,0,0.0027489317187187642
2025-09-12 08:00:00,5,0,0.0027489317187187642
2025-09-12 09:00:00,5,0,0.0027489317187187642
2025-09-12 10:00:00,5,0,0.028224030366321692
2025-09-12 11:00:00,5,1,0.9542004654822227
2025-09-12 12:00:00,5,1,0.9646779835316237
2025-09-12 13:00:00,5,1,0.9646779835316237
2025-09-12 14:00:00,5,1,0.9671300763265069
2025-09-12 15:00:00,5,1,0.9559028790504919
2025-09-12 16:00:00,5,0,0.6669833644308344
2025-09-12 17:00:00,5,0,0.0027489317187187642
2025-09-12 18:00:00,5,0,0.0027489317187187642
2025-09-12 19:00:00,5,0,0.0027489317187187642
2025-09-12 20:00:00,5,0,0.0027489317187187642
2025-09-12 21:00:00,5,0,0.0027489317187187642
2025-09-12 22:00:00,5,0,0.0027489317187187642
2025-09-12 23:00:00,5,0,0.0027489317187187642
2025-09-13 00:00:00,5,0,0.0027489317187187642
2025-09-13 01:00:00,5,0,0.0027489317187187642
2025-09-13 02:00:00,5,0,0.0027489317187187642
2025-09-13 03:00:00,5,0,0.0027489317187187642
2025-09-13 04:00:00,5,0,0.0027489317187187642
2025-09-13 05:00:00,5,0,0.0027489317187187642
2025-09-13 06:00:00,5,0,0.0027489317187187642
2025-09-13 07:00:00,5,0,0.0027489317187187642
2025-09-13 08:00:00,5,0,0.0027489317187187642
2025-09-13 09:00:00,5,0,0.0027489317187187642
2025-09-13 10:00:00,5,0,0.03386974175849959
2025-09-13 11:00:00,5,1,0.9536754499599694
2025-09-13 12:00:00,5,1,0.9685460671953884
2025-09-13 13:00:00,5,1,0.9706182929156668
2025-09-13 14:00:00,5,1,0.9628287329222951
2025-09-13 15:00:00,5,1,0.9602296374974992
2025-09-13 16:00:00,5,0,0.718521875304683
2025-09-13 17:00:00,5,0,0.0028404980077890323
2025-09-13 18:00:00,5,0,0.0027489317187187642
2025-09-13 19:00:00,5,0,0.0027489317187187642
2025-09-13 20:00:00,5,0,0.0027489317187187642
2025-09-13 21:00:00,5,0,0.0027489317187187642
2025-09-13 22:00:00,5,0,0.0027489317187187642
2025-09-13 23:00:00,5,0,0.0027489317187187642
2025-09-14 00:00:00,5,0,0.0027489317187187642
2025-09-14 01:00:00,5,0,0.0027489317187187642
2025-09-14 02:00:00,5,0,0.0027489317187187642
2025-09-14 03:00:00,5,0,0.0027489317187187642
2025-09-14 04:00:00,5,0,0.0027489317187187642
2025-09-14 05:00:00,5,0,0.0027489317187187642
2025-09-14 06:00:00,5,0,0.0027489317187187642
2025-09-14 07:00:00,5,0,0.0027489317187187642
2025-09-14 08:00:00,5,0,0.0027489317187187642
2025-09-14 09:00:00,5,0,0.0027489317187187642
2025-09-14 10:00:00,5,0,0.02273167590842147
2025-09-14 11:00:00,5,1,0.9585302720381498
2025-09-14 12:00:00,5,1,0.9706182929156668
2025-09-14 13:00:00,5,1,0.9706182929156668
2025-09-14 14:00:00,5,1,0.9706182929156668
2025-09-14 15:00:00,5,1,0.9671300763265069
2025-09-14 16:00:00,5,0,0.6793749942001857
2025-09-14 17:00:00,5,0,0.0028404980077890323
2025-09-14 18:00:00,5,0,0.0027489317187187642
2025-09-14 19:00:00,5,0,0.0027489317187187642
2025-09-14 20:00:00,5,0,0.0027489317187187642
2025-09-14 21:00:00,5,0,0.0027489317187187642
2025-09-14 22:00:00,5,0,0.0027489317187187642
2025-09-14 23:00:00,5,0,0.0027489317187187642
2025-09-15 00:00:00,5,0,0.0027489317187187642
2025-09-15 01:00:00,5,0,0.0027489317187187642
2025-09-15 02:00:00,5,0,0.0027489317187187642
2025-09-15 03:00:00,5,0,0.0027489317187187642
2025-09-15 04:00:00,5,0,0.0027489317187187642
2025-09-15 05:00:00,5,0,0.0027489317187187642
2025-09-15 06:00:00,5,0,0.0027489317187187642
2025-09-15 07:00:00,5,0,0.0027489317187187642
2025-09-15 08:00:00,5,0,0.0027489317187187642
2025-09-15 09:00:00,5,0,0.0028404980077890323
2025-09-15 10:00:00,5,0,0.03386974175849959
2025-09-15 11:00:00,5,1,0.9550852731653812
2025-09-15 12:00:00,5,1,0.9706182929156668
2025-09-15 13:00:00,5,1,0.9635532168303174
2025-09-15 14:00:00,5,1,0.963542834310705
2025-09-15 15:00:00,5,1,0.9547659624048114
2025-09-15 16:00:00,5,0,0.25478636184634224
2025-09-15 17:00:00,5,0,0.0027489317187187642
2025-09-15 18:00:00,5,0,0.0027489317187187642
2025-09-15 19:00:00,5,0,0.0027489317187187642
2025-09-15 20:00:00,5,0,0.0027489317187187642
2025-09-15 21:00:00,5,0,0.0027489317187187642
2025-09-15 22:00:00,5,0,0.0027489317187187642
2025-09-15 23:00:00,5,0,0.0027489317187187642
2025-09-16 00:00:00,5,0,0.0027489317187187642
2025-09-16 01:00:00,5,0,0.0027489317187187642
2025-09-16 02:00:00,5,0,0.0027489317187187642
2025-09-16 03:00:00,5,0,0.0027489317187187642
2025-09-16 04:00:00,5,0,0.0027489317187187642
2025-09-16 05:00:00,5,0,0.0027489317187187642
2025-09-16 06:00:00,5,0,0.0027489317187187642
2025-09-16 07:00:00,5,0,0.0027489317187187642
2025-09-16 08:00:00,5,0,0.0027489317187187642
2025-09-16 09:00:00,5,0,0.0027489317187187642
2025-09-16 10:00:00,5,0,0.021655083633648913
2025-09-16 11:00:00,5,1,0.945525298397192
2025-09-16 12:00:00,5,1,0.9700735840723443
2025-09-16 13:00:00,5,1,0.9529322092337316
2025-09-16 14:00:00,5,1,0.9662801719811023
2025-09-16 15:00:00,5,1,0.9518655845970958
2025-09-16 16:00:00,5,0,0.059626301214028905
2025-09-16 17:00:00,5,0,0.0028404980077890323
2025-09-16 18:00:00,5,0,0.0027489317187187642
2025-09-16 19:00:00,5,0,0.0027489317187187642
2025-09-16 20:00:00,5,0,0.0027489317187187642
2025-09-16 21:00:00,5,0,0.0027489317187187642
2025-09-16 22:00:00,5,0,0.0027489317187187642
2025-09-16 23:00:00,5,0,0.0027489317187187642
2025-09-17 00:00:00,5,0,0.0027489317187187642
2025-09-17 01:00:00,5,0,0.0027489317187187642
2025-09-17 02:00:00,5,0,0.0027489317187187642
2025-09-17 03:00:00,5,0,0.0027489317187187642
2025-09-17 04:00:00,5,0,0.0027489317187187642
2025-09-17 05:00:00,5,0,0.0027489317187187642
2025-09-17 06:00:00,5,0,0.0027489317187187642
2025-09-17 07:00:00,5,0,0.0027489317187187642
2025-09-17 08:00:00,5,0,0.0027489317187187642
2025-09-17 09:00:00,5,0,0.0028404980077890323
2025-09-17 10:00:00,5,0,0.015881067194978036
2025-09-17 11:00:00,5,1,0.9160109508306168
2025-09-17 12:00:00,5,1,0.9671300763265069
2025-09-17 13:00:00,5,1,0.9685460671953884
2025-09-17 14:00:00,5,1,0.9706182929156668
2025-09-17 15:00:00,5,1,0.9585302720381498
2025-09-17 16:00:00,5,1,0.1382328494359087
2025-09-17 17:00:00,5,0,0.0028404980077890323
2025-09-17 18:00:00,5,0,0.0028404980077890323
2025-09-17 19:00:00,5,0,0.0027489317187187642
2025-09-17 20:00:00,5,0,0.0027489317187187642
2025-09-17 21:00:00,5,0,0.0027489317187187642
2025-09-17 22:00:00,5,0,0.0027489317187187642
2025-09-17 23:00:00,5,0,0.0027489317187187642
2025-09-18 00:00:00,5,0,0.0028883005401774647
2025-09-18 01:00:00,5,0,0.0028883005401774647
2025-09-18 02:00:00,5,0,0.0028883005401774647
2025-09-18 03:00:00,5,0,0.0028883005401774647
2025-09-18 04:00:00,5,0,0.0028883005401774647
2025-09-18 05:00:00,5,0,0.0028883005401774647
2025-09-18 06:00:00,5,0,0.0028883005401774647
2025-09-18 07:00:00,5,0,0.0028883005401774647
2025-09-18 08:00:00,5,0,0.0028883005401774647
2025-09-18 09:00:00,5,0,0.0028883005401774647
2025-09-18 10:00:00,5,0,0.03442170732080796
2025-09-18 11:00:00,5,1,0.957165422431458
2025-09-18 12:00:00,5,1,0.9706182929156668
2025-09-18 13:00:00,5,1,0.9706182929156668
2025-09-18 14:00:00,5,1,0.9706182929156668
2025-09-18 15:00:00,5,1,0.9585302720381498
2025-09-18 16:00:00,5,1,0.38491287532584467
2025-09-18 17:00:00,5,0,0.0028883005401774647
2025-09-18 18:00:00,5,0,0.0028883005401774647
2025-09-18 19:00:00,5,0,0.0028883005401774647
2025-09-18 20:00:00,5,0,0.0028883005401774647
2025-09-18 21:00:00,5,0,0.0028883005401774647
2025-09-18 22:00:00,5,0,0.0028883005401774647
2025-09-18 23:00:00,5,0,0.0028883005401774647
2025-09-19 00:00:00,5,0,0.0028883005401774647
2025-09-19 01:00:00,5,0,0.0028883005401774647
2025-09-19 02:00:00,5,0,0.0028883005401774647
2025-09-19 03:00:00,5,0,0.0028883005401774647
2025-09-19 04:00:00,5,0,0.0028883005401774647
2025-09-19 05:00:00,5,0,0.0028883005401774647
2025-09-19 06:00:00,5,0,0.0028883005401774647
2025-09-19 07:00:00,5,0,0.0028883005401774647
2025-09-19 08:00:00,5,0,0.0028883005401774647
2025-09-19 09:00:00,5,0,0.0028883005401774647
2025-09-19 10:00:00,5,0,0.03386974175849959
2025-09-19 11:00:00,5,1,0.9585302720381498
2025-09-19 12:00:00,5,1,0.9652554545249509
2025-09-19 13:00:00,5,1,0.9706182929156668
2025-09-19 14:00:00,5,1,0.9685460671953884
2025-09-19 15:00:00,5,1,0.9556444650004172
2025-09-19 16:00:00,5,0,0.40745453024953326
2025-09-19 17:00:00,5,0,0.0028883005401774647
2025-09-19 18:00:00,5,0,0.0028883005401774647
2025-09-19 19:00:00,5,0,0.0028883005401774647
2025-09-19 20:00:00,5,0,0.0028883005401774647
2025-09-19 21:00:00,5,0,0.0028883005401774647
2025-09-19 22:00:00,5,0,0.0028883005401774647
2025-09-19 23:00:00,5,0,0.0028883005401774647
2025-09-20 00:00:00,5,0,0.0028883005401774647
2025-09-20 01:00:00,5,0,0.0028883005401774647
2025-09-20 02:00:00,5,0,0.0028883005401774647
2025-09-20 03:00:00,5,0,0.0028883005401774647
2025-09-20 04:00:00,5,0,0.0028883005401774647
2025-09-20 05:00:00,5,0,0.0028883005401774647
2025-09-20 06:00:00,5,0,0.0028883005401774647
2025-09-20 07:00:00,5,0,0.0028883005401774647
2025-09-20 08:00:00,5,0,0.0028883005401774647
2025-09-20 09:00:00,5,0,0.002796629009546738
2025-09-20 10:00:00,5,0,0.03386974175849959
2025-09-20 11:00:00,5,1,0.9585302720381498
2025-09-20 12:00:00,5,1,0.9665316839404092
2025-09-20 13:00:00,5,1,0.9666578990792077
2025-09-20 14:00:00,5,1,0.9685460671953884
2025-09-20 15:00:00,5,1,0.9585302720381498
2025-09-20 16:00:00,5,0,0.2062132335479308
2025-09-20 17:00:00,5,0,0.0028404980077890323
2025-09-20 18:00:00,5,0,0.0028883005401774647
2025-09-20 19:00:00,5,0,0.0028883005401774647
2025-09-20 20:00:00,5,0,0.0028883005401774647
2025-09-20 21:00:00,5,0,0.0028883005401774647
2025-09-20 22:00:00,5,0,0.0028883005401774647
2025-09-20 23:00:00,5,0,0.0028883005401774647
2025-09-21 00:00:00,5,0,0.0028883005401774647
2025-09-21 01:00:00,5,0,0.0028883005401774647
2025-09-21 02:00:00,5,0,0.0028883005401774647
2025-09-21 03:00:00,5,0,0.0028883005401774647
2025-09-21 04:00:00,5,0,0.0028883005401774647
2025-09-21 05:00:00,5,0,0.0028883005401774647
2025-09-21 06:00:00,5,0,0.0028883005401774647
2025-09-21 07:00:00,5,0,0.0028883005401774647
2025-09-21 08:00:00,5,0,0.0028883005401774647
2025-09-21 09:00:00,5,0,0.0028883005401774647
2025-09-21 10:00:00,5,0,0.02273167590842147
2025-09-21 11:00:00,5,1,0.9443453409794988
2025-09-21 12:00:00,5,1,0.9665316839404092
2025-09-21 13:00:00,5,1,0.9706182929156668
2025-09-21 14:00:00,5,1,0.9703949763385551
2025-09-21 15:00:00,5,1,0.9645635630410221
2025-09-21 16:00:00,5,0,0.25388940744563204
2025-09-21 17:00:00,5,0,0.0028883005401774647
2025-09-21 18:00:00,5,0,0.0028883005401774647
2025-09-21 19:00:00,5,0,0.0028883005401774647
2025-09-21 20:00:00,5,0,0.0028883005401774647
2025-09-21 21:00:00,5,0,0.0028883005401774647
2025-09-21 22:00:00,5,0,0.0028883005401774647
2025-09-21 23:00:00,5,0,0.0028883005401774647
2025-09-22 00:00:00,5,0,0.0028883005401774647
2025-09-22 01:00:00,5,0,0.0028883005401774647
2025-09-22 02:00:00,5,0,0.0028883005401774647
2025-09-22 03:00:00,5,0,0.0028883005401774647
2025-09-22 04:00:00,5,0,0.0028883005401774647
2025-09-22 05:00:00,5,0,0.0028883005401774647
2025-09-22 06:00:00,5,0,0.0028883005401774647
2025-09-22 07:00:00,5,0,0.0028883005401774647
2025-09-22 08:00:00,5,0,0.0028883005401774647
2025-09-22 09:00:00,5,0,0.0028883005401774647
2025-09-22 10:00:00,5,0,0.022731131999978425
2025-09-22 11:00:00,5,1,0.9394116892562581
2025-09-22 12:00:00,5,1,0.962839162698578
2025-09-22 13:00:00,5,1,0.9574981901926417
2025-09-22 14:00:00,5,1,0.961860219479391
2025-09-22 15:00:00,5,1,0.9611034409189702
2025-09-22 16:00:00,5,0,0.20954116251674137
2025-09-22 17:00:00,5,0,0.0028883005401774647
2025-09-22 18:00:00,5,0,0.0028883005401774647
2025-09-22 19:00:00,5,0,0.0028883005401774647
2025-09-22 20:00:00,5,0,0.0028883005401774647
2025-09-22 21:00:00,5,0,0.0028883005401774647
2025-09-22 22:00:00,5,0,0.0028883005401774647
2025-09-22 23:00:00,5,0,0.0028883005401774647
2025-09-23 00:00:00,5,0,0.0028883005401774647
2025-09-23 01:00:00,5,0,0.0028883005401774647
2025-09-23 02:00:00,5,0,0.0028883005401774647
2025-09-23 03:00:00,5,0,0.0028883005401774647
2025-09-23 04:00:00,5,0,0.0028883005401774647
2025-09-23 05:00:00,5,0,0.0028883005401774647
2025-09-23 06:00:00,5,0,0.0028883005401774647
2025-09-23 07:00:00,5,0,0.0028883005401774647
2025-09-23 08:00:00,5,0,0.0028883005401774647
2025-09-23 09:00:00,5,0,0.0028883005401774647
2025-09-23 10:00:00,5,0,0.02258198097189576
2025-09-23 11:00:00,5,1,0.9414945247783895
2025-09-23 12:00:00,5,1,0.962839162698578
2025-09-23 13:00:00,5,1,0.9621010432055407
2025-09-23 14:00:00,5,1,0.9645614673921126
2025-09-23 15:00:00,5,1,0.9371325448708605
2025-09-23 16:00:00,5,0,0.06719582850586198
2025-09-23 17:00:00,5,0,0.0028404980077890323
2025-09-23 18:00:00,5,0,0.0028883005401774647
2025-09-23 19:00:00,5,0,0.0028883005401774647
2025-09-23 20:00:00,5,0,0.0028883005401774647
2025-09-23 21:00:00,5,0,0.0028883005401774647
2025-09-23 22:00:00,5,0,0.0028883005401774647
2025-09-23 23:00:00,5,0,0.0028883005401774647
2025-09-24 00:00:00,5,0,0.0028883005401774647
2025-09-24 01:00:00,5,0,0.0028883005401774647
2025-09-24 02:00:00,5,0,0.0028883005401774647
2025-09-24 03:00:00,5,0,0.0028883005401774647
2025-09-24 04:00:00,5,0,0.0028883005401774647
2025-09-24 05:00:00,5,0,0.0028883005401774647
2025-09-24 06:00:00,5,0,0.0028883005401774647
2025-09-24 07:00:00,5,0,0.0028883005401774647
2025-09-24 08:00:00,5,0,0.0028883005401774647
2025-09-24 09:00:00,5,0,0.0028883005401774647
2025-09-24 10:00:00,5,0,0.02225704022949678
2025-09-24 11:00:00,5,1,0.8995275587646646
2025-09-24 12:00:00,5,1,0.9645635630410221
2025-09-24 13:00:00,5,1,0.9645635630410221
2025-09-24 14:00:00,5,1,0.9703949763385551
2025-09-24 15:00:00,5,1,0.9296818160930054
2025-09-24 16:00:00,5,0,0.04587942503618711
2025-09-24 17:00:00,5,0,0.0028883005401774647
2025-09-24 18:00:00,5,0,0.0028883005401774647
2025-09-24 19:00:00,5,0,0.0028883005401774647
2025-09-24 20:00:00,5,0,0.0028883005401774647
2025-09-24 21:00:00,5,0,0.0028883005401774647
2025-09-24 22:00:00,5,0,0.0028883005401774647
2025-09-24 23:00:00,5,0,0.0028883005401774647
2025-09-25 00:00:00,5,0,0.0028883005401774647
2025-09-25 01:00:00,5,0,0.0028883005401774647
2025-09-25 02:00:00,5,0,0.0028883005401774647
2025-09-25 03:00:00,5,0,0.0028883005401774647
2025-09-25 04:00:00,5,0,0.0028883005401774647
2025-09-25 05:00:00,5,0,0.0028883005401774647
2025-09-25 06:00:00,5,0,0.0028883005401774647
2025-09-25 07:00:00,5,0,0.0028883005401774647
2025-09-25 08:00:00,5,0,0.0028883005401774647
2025-09-25 09:00:00,5,0,0.0028404980077890323
2025-09-25 10:00:00,5,0,0.015881067194978036
2025-09-25 11:00:00,5,1,0.8609501279963535
2025-09-25 12:00:00,5,1,0.9645614673921126
2025-09-25 13:00:00,5,1,0.9666578990792077
2025-09-25 14:00:00,5,1,0.9662801719811023
2025-09-25 15:00:00,5,1,0.9311774008774207
2025-09-25 16:00:00,5,0,0.035031208807416066
2025-09-25 17:00:00,5,0,0.0028404980077890323
2025-09-25 18:00:00,5,0,0.0028883005401774647
2025-09-25 19:00:00,5,0,0.0028883005401774647
2025-09-25 20:00:00,5,0,0.0028883005401774647
2025-09-25 21:00:00,5,0,0.0028883005401774647
2025-09-25 22:00:00,5,0,0.0028883005401774647
2025-09-25 23:00:00,5,0,0.0028883005401774647
2025-09-26 00:00:00,5,0,0.0028883005401774647
2025-09-26 01:00:00,5,0,0.0028883005401774647
2025-09-26 02:00:00,5,0,0.0028883005401774647
2025-09-26 03:00:00,5,0,0.0028883005401774647
2025-09-26 04:00:00,5,0,0.0028883005401774647
2025-09-26 05:00:00,5,0,0.0028883005401774647
2025-09-26 06:00:00,5,0,0.0028883005401774647
2025-09-26 07:00:00,5,0,0.0028883005401774647
2025-09-26 08:00:00,5,0,0.0028883005401774647
2025-09-26 09:00:00,5,0,0.0028404980077890323
2025-09-26 10:00:00,5,0,0.015881067194978036
2025-09-26 11:00:00,5,1,0.8437544165497427
2025-09-26 12:00:00,5,1,0.9646779835316237
2025-09-26 13:00:00,5,1,0.9646779835316237
2025-09-26 14:00:00,5,1,0.9671300763265069
2025-09-26 15:00:00,5,1,0.9585302720381498
2025-09-26 16:00:00,5,0,0.0918529769629191
2025-09-26 17:00:00,5,0,0.0028404980077890323
2025-09-26 18:00:00,5,0,0.0028883005401774647
2025-09-26 19:00:00,5,0,0.0028883005401774647
2025-09-26 20:00:00,5,0,0.0028883005401774647
2025-09-26 21:00:00,5,0,0.0028883005401774647
2025-09-26 22:00:00,5,0,0.0028883005401774647
2025-09-26 23:00:00,5,0,0.0028883005401774647
2025-09-27 00:00:00,5,0,0.0028883005401774647
2025-09-27 01:00:00,5,0,0.0028883005401774647
2025-09-27 02:00:00,5,0,0.0028883005401774647
2025-09-27 03:00:00,5,0,0.0028883005401774647
2025-09-27 04:00:00,5,0,0.0028883005401774647
2025-09-27 05:00:00,5,0,0.0028883005401774647
2025-09-27 06:00:00,5,0,0.0028883005401774647
2025-09-27 07:00:00,5,0,0.0028883005401774647
2025-09-27 08:00:00,5,0,0.0028883005401774647
2025-09-27 09:00:00,5,0,0.0028883005401774647
2025-09-27 10:00:00,5,0,0.011966544479366126
2025-09-27 11:00:00,5,1,0.6562672610553698
2025-09-27 12:00:00,5,1,0.9558435831934458
2025-09-27 13:00:00,5,1,0.9571400116669277
2025-09-27 14:00:00,5,1,0.9569448195203574
2025-09-27 15:00:00,5,1,0.9520946210368506
2025-09-27 16:00:00,5,0,0.06606133829415838
2025-09-27 17:00:00,5,0,0.0028883005401774647
2025-09-27 18:00:00,5,0,0.0028883005401774647
2025-09-27 19:00:00,5,0,0.0028883005401774647
2025-09-27 20:00:00,5,0,0.0028883005401774647
2025-09-27 21:00:00,5,0,0.0028883005401774647
2025-09-27 22:00:00,5,0,0.0028883005401774647
2025-09-27 23:00:00,5,0,0.0028883005401774647
2025-09-28 00:00:00,5,0,0.0028883005401774647
2025-09-28 01:00:00,5,0,0.0028883005401774647
2025-09-28 02:00:00,5,0,0.0028883005401774647
2025-09-28 03:00:00,5,0,0.0028883005401774647
2025-09-28 04:00:00,5,0,0.0028883005401774647
2025-09-28 05:00:00,5,0,0.0028883005401774647
2025-09-28 06:00:00,5,0,0.0028883005401774647
2025-09-28 07:00:00,5,0,0.0028883005401774647
2025-09-28 08:00:00,5,0,0.0028883005401774647
2025-09-28 09:00:00,5,0,0.0028883005401774647
2025-09-28 10:00:00,5,0,0.016144775303032134
2025-09-28 11:00:00,5,1,0.7891744547279499
2025-09-28 12:00:00,5,1,0.8597477718721716
2025-09-28 13:00:00,5,1,0.9671300763265069
2025-09-28 14:00:00,5,1,0.9675340682503372
2025-09-28 15:00:00,5,1,0.952626764718633
2025-09-28 16:00:00,5,0,0.05294075047814435
2025-09-28 17:00:00,5,0,0.002796629009546738
2025-09-28 18:00:00,5,0,0.0028883005401774647
2025-09-28 19:00:00,5,0,0.0028883005401774647
2025-09-28 20:00:00,5,0,0.0028883005401774647
2025-09-28 21:00:00,5,0,0.0028883005401774647
2025-09-28 22:00:00,5,0,0.0028883005401774647
2025-09-28 23:00:00,5,0,0.0028883005401774647
2025-09-29 00:00:00,5,0,0.0028883005401774647
2025-09-29 01:00:00,5,0,0.0028883005401774647
2025-09-29 02:00:00,5,0,0.0028883005401774647
2025-09-29 03:00:00,5,0,0.0028883005401774647
2025-09-29 04:00:00,5,0,0.0028883005401774647
2025-09-29 05:00:00,5,0,0.0028883005401774647
2025-09-29 06:00:00,5,0,0.0028883005401774647
2025-09-29 07:00:00,5,0,0.0028883005401774647
2025-09-29 08:00:00,5,0,0.0028883005401774647
2025-09-29 09:00:00,5,0,0.0028404980077890323
2025-09-29 10:00:00,5,0,0.0028404980077890323
2025-09-29 11:00:00,5,0,0.09891507722647505
2025-09-29 12:00:00,5,1,0.9419091517209263
2025-09-29 13:00:00,5,1,0.9493517439163931
2025-09-29 14:00:00,5,1,0.9325661964282397
2025-09-29 15:00:00,5,1,0.6066753834455663
2025-09-29 16:00:00,5,0,0.029138678781308592
2025-09-29 17:00:00,5,0,0.0028404980077890323
2025-09-29 18:00:00,5,0,0.0028883005401774647
2025-09-29 19:00:00,5,0,0.0028883005401774647
2025-09-29 20:00:00,5,0,0.0028883005401774647
2025-09-29 21:00:00,5,0,0.0028883005401774647
2025-09-29 22:00:00,5,0,0.0028883005401774647
2025-09-29 23:00:00,5,0,0.0028883005401774647
2025-09-30 00:00:00,5,0,0.0028883005401774647
2025-09-30 01:00:00,5,0,0.0028883005401774647
2025-09-30 02:00:00,5,0,0.0028883005401774647
2025-09-30 03:00:00,5,0,0.0028883005401774647
2025-09-30 04:00:00,5,0,0.0028883005401774647
2025-09-30 05:00:00,5,0,0.0028883005401774647
2025-09-30 06:00:00,5,0,0.0028883005401774647
2025-09-30 07:00:00,5,0,0.0028883005401774647
2025-09-30 08:00:00,5,0,0.0028883005401774647
2025-09-30 09:00:00,5,0,0.0028404980077890323
2025-09-30 10:00:00,5,0,0.011966544479366126
2025-09-30 11:00:00,5,1,0.2515319363009395
2025-09-30 12:00:00,5,1,0.8695325691154823
2025-09-30 13:00:00,5,1,0.8973153986683589
2025-09-30 14:00:00,5,1,0.8267223961773926
2025-09-30 15:00:00,5,1,0.5900943930765785
2025-09-30 16:00:00,5,0,0.02236228784904387
2025-09-30 17:00:00,5,0,0.0028404980077890323
2025-09-30 18:00:00,5,0,0.0028883005401774647
2025-09-30 19:00:00,5,0,0.0028883005401774647
2025-09-30 20:00:00,5,0,0.0028883005401774647
2025-09-30 21:00:00,5,0,0.0028883005401774647
2025-09-30 22:00:00,5,0,0.0028883005401774647
2025-09-30 23:00:00,5,0,0.0028883005401774647
2025-10-01 00:00:00,6,0,0.002980527245191606
2025-10-01 01:00:00,6,0,0.002980527245191606
2025-10-01 02:00:00,6,0,0.002980527245191606
2025-10-01 03:00:00,6,0,0.002980527245191606
2025-10-01 04:00:00,6,0,0.002980527245191606
2025-10-01 05:00:00,6,0,0.002980527245191606
2025-10-01 06:00:00,6,0,0.002980527245191606
2025-10-01 07:00:00,6,0,0.002980527245191606
2025-10-01 08:00:00,6,0,0.0031871185221449944
2025-10-01 09:00:00,6,0,0.0031871185221449944
2025-10-01 10:00:00,6,0,0.0031871185221449944
2025-10-01 11:00:00,6,1,0.808045212032879
2025-10-01 12:00:00,6,1,0.969376814040259
2025-10-01 13:00:00,6,1,0.9792484930175587
2025-10-01 14:00:00,6,1,0.9762950349863246
2025-10-01 15:00:00,6,1,0.8718115758083789
2025-10-01 16:00:00,6,0,0.05093656305768536
2025-10-01 17:00:00,6,0,0.0031871185221449944
2025-10-01 18:00:00,6,0,0.002980527245191606
2025-10-01 19:00:00,6,0,0.002980527245191606
2025-10-01 20:00:00,6,0,0.002980527245191606
2025-10-01 21:00:00,6,0,0.002980527245191606
2025-10-01 22:00:00,6,0,0.002980527245191606
2025-10-01 23:00:00,6,0,0.002980527245191606
2025-10-02 00:00:00,6,0,0.002980527245191606
2025-10-02 01:00:00,6,0,0.002980527245191606
2025-10-02 02:00:00,6,0,0.002980527245191606
2025-10-02 03:00:00,6,0,0.002980527245191606
2025-10-02 04:00:00,6,0,0.002980527245191606
2025-10-02 05:00:00,6,0,0.002980527245191606
2025-10-02 06:00:00,6,0,0.002980527245191606
2025-10-02 07:00:00,6,0,0.002980527245191606
2025-10-02 08:00:00,6,0,0.002980527245191606
2025-10-02 09:00:00,6,0,0.002980527245191606
2025-10-02 10:00:00,6,0,0.0031871185221449944
2025-10-02 11:00:00,6,1,0.15030537487537252
2025-10-02 12:00:00,6,1,0.8975473612834152
2025-10-02 13:00:00,6,1,0.8582680193586255
2025-10-02 14:00:00,6,1,0.8994762096328074
2025-10-02 15:00:00,6,1,0.6923159323374977
2025-10-02 16:00:00,6,0,0.008582856605055224
2025-10-02 17:00:00,6,0,0.0036429831809125265
2025-10-02 18:00:00,6,0,0.002980527245191606
2025-10-02 19:00:00,6,0,0.002980527245191606
2025-10-02 20:00:00,6,0,0.002980527245191606
2025-10-02 21:00:00,6,0,0.002980527245191606
2025-10-02 22:00:00,6,0,0.002980527245191606
2025-10-02 23:00:00,6,0,0.002980527245191606
2025-10-03 00:00:00,6,0,0.002980527245191606
2025-10-03 01:00:00,6,0,0.002980527245191606
2025-10-03 02:00:00,6,0,0.002980527245191606
2025-10-03 03:00:00,6,0,0.002980527245191606
2025-10-03 04:00:00,6,0,0.002980527245191606
2025-10-03 05:00:00,6,0,0.002980527245191606
2025-10-03 06:00:00,6,0,0.002980527245191606
2025-10-03 07:00:00,6,0,0.002980527245191606
2025-10-03 08:00:00,6,0,0.003062929319127964
2025-10-03 09:00:00,6,0,0.002980527245191606
2025-10-03 10:00:00,6,0,0.002980527245191606
2025-10-03 11:00:00,6,0,0.5631358676305951
2025-10-03 12:00:00,6,1,0.9584483106447043
2025-10-03 13:00:00,6,1,0.9792484930175587
2025-10-03 14:00:00,6,1,0.9685436786193007
2025-10-03 15:00:00,6,1,0.9134181910989986
2025-10-03 16:00:00,6,0,0.04161929446875482
2025-10-03 17:00:00,6,0,0.002980527245191606
2025-10-03 18:00:00,6,0,0.0031871185221449944
2025-10-03 19:00:00,6,0,0.002980527245191606
2025-10-03 20:00:00,6,0,0.002980527245191606
2025-10-03 21:00:00,6,0,0.002980527245191606
2025-10-03 22:00:00,6,0,0.002980527245191606
2025-10-03 23:00:00,6,0,0.002980527245191606
2025-10-04 00:00:00,6,0,0.002980527245191606
2025-10-04 01:00:00,6,0,0.002980527245191606
2025-10-04 02:00:00,6,0,0.002980527245191606
2025-10-04 03:00:00,6,0,0.002980527245191606
2025-10-04 04:00:00,6,0,0.002980527245191606
2025-10-04 05:00:00,6,0,0.002980527245191606
2025-10-04 06:00:00,6,0,0.002980527245191606
2025-10-04 07:00:00,6,0,0.002980527245191606
2025-10-04 08:00:00,6,0,0.003062929319127964
2025-10-04 09:00:00,6,0,0.002980527245191606
2025-10-04 10:00:00,6,0,0.002980527245191606
2025-10-04 11:00:00,6,1,0.7133930756695924
2025-10-04 12:00:00,6,1,0.9756991655066674
2025-10-04 13:00:00,6,1,0.9792484930175587
2025-10-04 14:00:00,6,1,0.9762950349863246
2025-10-04 15:00:00,6,1,0.8943037429623173
2025-10-04 16:00:00,6,0,0.016868367603857747
2025-10-04 17:00:00,6,0,0.003062929319127964
2025-10-04 18:00:00,6,0,0.003062929319127964
2025-10-04 19:00:00,6,0,0.002980527245191606
2025-10-04 20:00:00,6,0,0.002980527245191606
2025-10-04 21:00:00,6,0,0.002980527245191606
2025-10-04 22:00:00,6,0,0.002980527245191606
2025-10-04 23:00:00,6,0,0.002980527245191606
2025-10-05 00:00:00,6,0,0.002980527245191606
2025-10-05 01:00:00,6,0,0.002980527245191606
2025-10-05 02:00:00,6,0,0.002980527245191606
2025-10-05 03:00:00,6,0,0.002980527245191606
2025-10-05 04:00:00,6,0,0.002980527245191606
2025-10-05 05:00:00,6,0,0.002980527245191606
2025-10-05 06:00:00,6,0,0.002980527245191606
2025-10-05 07:00:00,6,0,0.002980527245191606
2025-10-05 08:00:00,6,0,0.002980527245191606
2025-10-05 09:00:00,6,0,0.002980527245191606
2025-10-05 10:00:00,6,0,0.002980527245191606
2025-10-05 11:00:00,6,0,0.1682522512718521
2025-10-05 12:00:00,6,1,0.9011090575713449
2025-10-05 13:00:00,6,1,0.9267392774302436
2025-10-05 14:00:00,6,1,0.9385172889200051
2025-10-05 15:00:00,6,0,0.7732488227964082
2025-10-05 16:00:00,6,0,0.01203309978807054
2025-10-05 17:00:00,6,0,0.002980527245191606
2025-10-05 18:00:00,6,0,0.002980527245191606
2025-10-05 19:00:00,6,0,0.002980527245191606
2025-10-05 20:00:00,6,0,0.002980527245191606
2025-10-05 21:00:00,6,0,0.002980527245191606
2025-10-05 22:00:00,6,0,0.002980527245191606
2025-10-05 23:00:00,6,0,0.002980527245191606
2025-10-06 00:00:00,6,0,0.002980527245191606
2025-10-06 01:00:00,6,0,0.002980527245191606
2025-10-06 02:00:00,6,0,0.002980527245191606
2025-10-06 03:00:00,6,0,0.002980527245191606
2025-10-06 04:00:00,6,0,0.002980527245191606
2025-10-06 05:00:00,6,0,0.002980527245191606
2025-10-06 06:00:00,6,0,0.002980527245191606
2025-10-06 07:00:00,6,0,0.002980527245191606
2025-10-06 08:00:00,6,0,0.003062929319127964
2025-10-06 09:00:00,6,0,0.002980527245191606
2025-10-06 10:00:00,6,0,0.0034069434295858373
2025-10-06 11:00:00,6,0,0.03487284830711175
2025-10-06 12:00:00,6,0,0.6283017444584889
2025-10-06 13:00:00,6,0,0.6732127048607874
2025-10-06 14:00:00,6,0,0.8102016291652946
2025-10-06 15:00:00,6,0,0.2122633694879065
2025-10-06 16:00:00,6,0,0.0034069434295858373
2025-10-06 17:00:00,6,0,0.002980527245191606
2025-10-06 18:00:00,6,0,0.002980527245191606
2025-10-06 19:00:00,6,0,0.002980527245191606
2025-10-06 20:00:00,6,0,0.002980527245191606
2025-10-06 21:00:00,6,0,0.002980527245191606
2025-10-06 22:00:00,6,0,0.002980527245191606
2025-10-06 23:00:00,6,0,0.002980527245191606
2025-10-07 00:00:00,6,0,0.002980527245191606
2025-10-07 01:00:00,6,0,0.002980527245191606
2025-10-07 02:00:00,6,0,0.002980527245191606
2025-10-07 03:00:00,6,0,0.002980527245191606
2025-10-07 04:00:00,6,0,0.002980527245191606
2025-10-07 05:00:00,6,0,0.002980527245191606
2025-10-07 06:00:00,6,0,0.002980527245191606
2025-10-07 07:00:00,6,0,0.002980527245191606
2025-10-07 08:00:00,6,0,0.003062929319127964
2025-10-07 09:00:00,6,0,0.002980527245191606
2025-10-07 10:00:00,6,0,0.011835891265096288
2025-10-07 11:00:00,6,0,0.058242484815654784
2025-10-07 12:00:00,6,0,0.09689617687039308
2025-10-07 13:00:00,6,1,0.28552541656272
2025-10-07 14:00:00,6,0,0.23565763439636384
2025-10-07 15:00:00,6,0,0.025694613034600636
2025-10-07 16:00:00,6,0,0.01464786223415049
2025-10-07 17:00:00,6,0,0.002980527245191606
2025-10-07 18:00:00,6,0,0.002980527245191606
2025-10-07 19:00:00,6,0,0.002980527245191606
2025-10-07 20:00:00,6,0,0.002980527245191606
2025-10-07 21:00:00,6,0,0.002980527245191606
2025-10-07 22:00:00,6,0,0.002980527245191606
2025-10-07 23:00:00,6,0,0.002980527245191606
2025-10-08 00:00:00,6,0,0.002980527245191606
2025-10-08 01:00:00,6,0,0.002980527245191606
2025-10-08 02:00:00,6,0,0.002980527245191606
2025-10-08 03:00:00,6,0,0.002980527245191606
2025-10-08 04:00:00,6,0,0.002980527245191606
2025-10-08 05:00:00,6,0,0.002980527245191606
2025-10-08 06:00:00,6,0,0.002980527245191606
2025-10-08 07:00:00,6,0,0.002980527245191606
2025-10-08 08:00:00,6,0,0.002980527245191606
2025-10-08 09:00:00,6,0,0.002980527245191606
2025-10-08 10:00:00,6,0,0.02480728857870775
2025-10-08 11:00:00,6,0,0.05195594671102878
2025-10-08 12:00:00,6,1,0.21252857611335493
2025-10-08 13:00:00,6,1,0.8992706954574647
2025-10-08 14:00:00,6,1,0.7161360733606663
2025-10-08 15:00:00,6,1,0.2590355400187004
2025-10-08 16:00:00,6,0,0.0031871185221449944
2025-10-08 17:00:00,6,0,0.0031871185221449944
2025-10-08 18:00:00,6,0,0.0031871185221449944
2025-10-08 19:00:00,6,0,0.002980527245191606
2025-10-08 20:00:00,6,0,0.002980527245191606
2025-10-08 21:00:00,6,0,0.002980527245191606
2025-10-08 22:00:00,6,0,0.002980527245191606
2025-10-08 23:00:00,6,0,0.002980527245191606
2025-10-09 00:00:00,6,0,0.002980527245191606
2025-10-09 01:00:00,6,0,0.002980527245191606
2025-10-09 02:00:00,6,0,0.002980527245191606
2025-10-09 03:00:00,6,0,0.002980527245191606
2025-10-09 04:00:00,6,0,0.002980527245191606
2025-10-09 05:00:00,6,0,0.002980527245191606
2025-10-09 06:00:00,6,0,0.002980527245191606
2025-10-09 07:00:00,6,0,0.002980527245191606
2025-10-09 08:00:00,6,0,0.002980527245191606
2025-10-09 09:00:00,6,0,0.0034069434295858373
2025-10-09 10:00:00,6,0,0.003502047181839406
2025-10-09 11:00:00,6,0,0.09519344981210211
2025-10-09 12:00:00,6,1,0.8184489760322142
2025-10-09 13:00:00,6,1,0.9326112723036327
2025-10-09 14:00:00,6,1,0.8032863260683293
2025-10-09 15:00:00,6,1,0.05787345825695243
2025-10-09 16:00:00,6,0,0.002980527245191606
2025-10-09 17:00:00,6,0,0.002980527245191606
2025-10-09 18:00:00,6,0,0.002980527245191606
2025-10-09 19:00:00,6,0,0.002980527245191606
2025-10-09 20:00:00,6,0,0.002980527245191606
2025-10-09 21:00:00,6,0,0.002980527245191606
2025-10-09 22:00:00,6,0,0.002980527245191606
2025-10-09 23:00:00,6,0,0.002980527245191606
2025-10-10 00:00:00,6,0,0.002980527245191606
2025-10-10 01:00:00,6,0,0.002980527245191606
2025-10-10 02:00:00,6,0,0.002980527245191606
2025-10-10 03:00:00,6,0,0.002980527245191606
2025-10-10 04:00:00,6,0,0.002980527245191606
2025-10-10 05:00:00,6,0,0.002980527245191606
2025-10-10 06:00:00,6,0,0.002980527245191606
2025-10-10 07:00:00,6,0,0.002980527245191606
2025-10-10 08:00:00,6,0,0.002980527245191606
2025-10-10 09:00:00,6,0,0.002980527245191606
2025-10-10 10:00:00,6,0,0.002980527245191606
2025-10-10 11:00:00,6,0,0.2900295564695826
2025-10-10 12:00:00,6,1,0.954018183395037
2025-10-10 13:00:00,6,1,0.948472931608801
2025-10-10 14:00:00,6,1,0.9385172889200051
2025-10-10 15:00:00,6,1,0.6433547656211901
2025-10-10 16:00:00,6,0,0.002980527245191606
2025-10-10 17:00:00,6,0,0.002980527245191606
2025-10-10 18:00:00,6,0,0.0031871185221449944
2025-10-10 19:00:00,6,0,0.002980527245191606
2025-10-10 20:00:00,6,0,0.002980527245191606
2025-10-10 21:00:00,6,0,0.002980527245191606
2025-10-10 22:00:00,6,0,0.002980527245191606
2025-10-10 23:00:00,6,0,0.002980527245191606
2025-10-11 00:00:00,6,0,0.002980527245191606
2025-10-11 01:00:00,6,0,0.002980527245191606
2025-10-11 02:00:00,6,0,0.002980527245191606
2025-10-11 03:00:00,6,0,0.002980527245191606
2025-10-11 04:00:00,6,0,0.002980527245191606
2025-10-11 05:00:00,6,0,0.002980527245191606
2025-10-11 06:00:00,6,0,0.002980527245191606
2025-10-11 07:00:00,6,0,0.002980527245191606
2025-10-11 08:00:00,6,0,0.002980527245191606
2025-10-11 09:00:00,6,0,0.002980527245191606
2025-10-11 10:00:00,6,0,0.002980527245191606
2025-10-11 11:00:00,6,0,0.05195594671102878
2025-10-11 12:00:00,6,1,0.9385172889200051
2025-10-11 13:00:00,6,1,0.948472931608801
2025-10-11 14:00:00,6,1,0.8910737731657501
2025-10-11 15:00:00,6,0,0.2038724553992627
2025-10-11 16:00:00,6,0,0.01203309978807054
2025-10-11 17:00:00,6,0,0.002980527245191606
2025-10-11 18:00:00,6,0,0.0031871185221449944
2025-10-11 19:00:00,6,0,0.002980527245191606
2025-10-11 20:00:00,6,0,0.002980527245191606
2025-10-11 21:00:00,6,0,0.002980527245191606
2025-10-11 22:00:00,6,0,0.002980527245191606
2025-10-11 23:00:00,6,0,0.002980527245191606
2025-10-12 00:00:00,6,0,0.002980527245191606
2025-10-12 01:00:00,6,0,0.002980527245191606
2025-10-12 02:00:00,6,0,0.002980527245191606
2025-10-12 03:00:00,6,0,0.002980527245191606
2025-10-12 04:00:00,6,0,0.002980527245191606
2025-10-12 05:00:00,6,0,0.002980527245191606
2025-10-12 06:00:00,6,0,0.002980527245191606
2025-10-12 07:00:00,6,0,0.002980527245191606
2025-10-12 08:00:00,6,0,0.002980527245191606
2025-10-12 09:00:00,6,0,0.002980527245191606
2025-10-12 10:00:00,6,0,0.002980527245191606
2025-10-12 11:00:00,6,0,0.19960535885608094
2025-10-12 12:00:00,6,1,0.8513634210890446
2025-10-12 13:00:00,6,1,0.9494564681014618
2025-10-12 14:00:00,6,1,0.9385172889200051
2025-10-12 15:00:00,6,1,0.13742132148619862
2025-10-12 16:00:00,6,0,0.002980527245191606
2025-10-12 17:00:00,6,0,0.002980527245191606
2025-10-12 18:00:00,6,0,0.0031871185221449944
2025-10-12 19:00:00,6,0,0.002980527245191606
2025-10-12 20:00:00,6,0,0.002980527245191606
2025-10-12 21:00:00,6,0,0.002980527245191606
2025-10-12 22:00:00,6,0,0.002980527245191606
2025-10-12 23:00:00,6,0,0.002980527245191606
2025-10-13 00:00:00,6,0,0.002980527245191606
2025-10-13 01:00:00,6,0,0.002980527245191606
2025-10-13 02:00:00,6,0,0.002980527245191606
2025-10-13 03:00:00,6,0,0.002980527245191606
2025-10-13 04:00:00,6,0,0.002980527245191606
2025-10-13 05:00:00,6,0,0.002980527245191606
2025-10-13 06:00:00,6,0,0.002980527245191606
2025-10-13 07:00:00,6,0,0.002980527245191606
2025-10-13 08:00:00,6,0,0.002980527245191606
2025-10-13 09:00:00,6,0,0.002980527245191606
2025-10-13 10:00:00,6,0,0.002980527245191606
2025-10-13 11:00:00,6,0,0.0325257541811481
2025-10-13 12:00:00,6,1,0.9081596547630238
2025-10-13 13:00:00,6,0,0.9542812251131982
2025-10-13 14:00:00,6,1,0.9385172889200051
2025-10-13 15:00:00,6,0,0.4728080602014192
2025-10-13 16:00:00,6,0,0.002980527245191606
2025-10-13 17:00:00,6,0,0.002980527245191606
2025-10-13 18:00:00,6,0,0.003062929319127964
2025-10-13 19:00:00,6,0,0.002980527245191606
2025-10-13 20:00:00,6,0,0.002980527245191606
2025-10-13 21:00:00,6,0,0.002980527245191606
2025-10-13 22:00:00,6,0,0.002980527245191606
2025-10-13 23:00:00,6,0,0.002980527245191606
2025-10-14 00:00:00,6,0,0.002980527245191606
2025-10-14 01:00:00,6,0,0.002980527245191606
2025-10-14 02:00:00,6,0,0.002980527245191606
2025-10-14 03:00:00,6,0,0.002980527245191606
2025-10-14 04:00:00,6,0,0.002980527245191606
2025-10-14 05:00:00,6,0,0.002980527245191606
2025-10-14 06:00:00,6,0,0.002980527245191606
2025-10-14 07:00:00,6,0,0.002980527245191606
2025-10-14 08:00:00,6,0,0.002980527245191606
2025-10-14 09:00:00,6,0,0.002980527245191606
2025-10-14 10:00:00,6,0,0.002980527245191606
2025-10-14 11:00:00,6,0,0.06467973902026636
2025-10-14 12:00:00,6,1,0.948472931608801
2025-10-14 13:00:00,6,1,0.9650176537153279
2025-10-14 14:00:00,6,1,0.9385172889200051
2025-10-14 15:00:00,6,0,0.06933369057998816
2025-10-14 16:00:00,6,0,0.002980527245191606
2025-10-14 17:00:00,6,0,0.002980527245191606
2025-10-14 18:00:00,6,0,0.0031871185221449944
2025-10-14 19:00:00,6,0,0.002980527245191606
2025-10-14 20:00:00,6,0,0.002980527245191606
2025-10-14 21:00:00,6,0,0.002980527245191606
2025-10-14 22:00:00,6,0,0.002980527245191606
2025-10-14 23:00:00,6,0,0.002980527245191606
2025-10-15 00:00:00,6,0,0.002980527245191606
2025-10-15 01:00:00,6,0,0.002980527245191606
2025-10-15 02:00:00,6,0,0.002980527245191606
2025-10-15 03:00:00,6,0,0.002980527245191606
2025-10-15 04:00:00,6,0,0.002980527245191606
2025-10-15 05:00:00,6,0,0.002980527245191606
2025-10-15 06:00:00,6,0,0.002980527245191606
2025-10-15 07:00:00,6,0,0.002980527245191606
2025-10-15 08:00:00,6,0,0.002980527245191606
2025-10-15 09:00:00,6,0,0.002980527245191606
2025-10-15 10:00:00,6,0,0.003062929319127964
2025-10-15 11:00:00,6,0,0.11009419971701771
2025-10-15 12:00:00,6,1,0.954018183395037
2025-10-15 13:00:00,6,1,0.954018183395037
2025-10-15 14:00:00,6,1,0.9360010251115218
2025-10-15 15:00:00,6,0,0.04336539961913912
2025-10-15 16:00:00,6,0,0.002980527245191606
2025-10-15 17:00:00,6,0,0.003062929319127964
2025-10-15 18:00:00,6,0,0.003062929319127964
2025-10-15 19:00:00,6,0,0.002980527245191606
2025-10-15 20:00:00,6,0,0.002980527245191606
2025-10-15 21:00:00,6,0,0.002980527245191606
2025-10-15 22:00:00,6,0,0.002980527245191606
2025-10-15 23:00:00,6,0,0.002980527245191606
2025-10-16 00:00:00,6,0,0.002980527245191606
2025-10-16 01:00:00,6,0,0.002980527245191606
2025-10-16 02:00:00,6,0,0.002980527245191606
2025-10-16 03:00:00,6,0,0.002980527245191606
2025-10-16 04:00:00,6,0,0.002980527245191606
2025-10-16 05:00:00,6,0,0.002980527245191606
2025-10-16 06:00:00,6,0,0.002980527245191606
2025-10-16 07:00:00,6,0,0.002980527245191606
2025-10-16 08:00:00,6,0,0.002980527245191606
2025-10-16 09:00:00,6,0,0.002980527245191606
2025-10-16 10:00:00,6,0,0.002980527245191606
2025-10-16 11:00:00,6,0,0.06933369057998816
2025-10-16 12:00:00,6,1,0.8943037429623173
2025-10-16 13:00:00,6,1,0.9385172889200051
2025-10-16 14:00:00,6,1,0.7883946271142127
2025-10-16 15:00:00,6,0,0.0325257541811481
2025-10-16 16:00:00,6,0,0.002980527245191606
2025-10-16 17:00:00,6,0,0.002980527245191606
2025-10-16 18:00:00,6,0,0.0031871185221449944
2025-10-16 19:00:00,6,0,0.002980527245191606
2025-10-16 20:00:00,6,0,0.002980527245191606
2025-10-16 21:00:00,6,0,0.002980527245191606
2025-10-16 22:00:00,6,0,0.002980527245191606
2025-10-16 23:00:00,6,0,0.002980527245191606
2025-10-17 00:00:00,6,0,0.002980527245191606
2025-10-17 01:00:00,6,0,0.002980527245191606
2025-10-17 02:00:00,6,0,0.002980527245191606
2025-10-17 03:00:00,6,0,0.002980527245191606
2025-10-17 04:00:00,6,0,0.002980527245191606
2025-10-17 05:00:00,6,0,0.002980527245191606
2025-10-17 06:00:00,6,0,0.002980527245191606
2025-10-17 07:00:00,6,0,0.002980527245191606
2025-10-17 08:00:00,6,0,0.002980527245191606
2025-10-17 09:00:00,6,0,0.002980527245191606
2025-10-17 10:00:00,6,0,0.002980527245191606
2025-10-17 11:00:00,6,0,0.06590814885073541
2025-10-17 12:00:00,6,1,0.9134181910989986
2025-10-17 13:00:00,6,1,0.954018183395037
2025-10-17 14:00:00,6,1,0.9201680225280847
2025-10-17 15:00:00,6,0,0.11009419971701771
2025-10-17 16:00:00,6,0,0.002980527245191606
2025-10-17 17:00:00,6,0,0.0031871185221449944
2025-10-17 18:00:00,6,0,0.0031871185221449944
2025-10-17 19:00:00,6,0,0.002980527245191606
2025-10-17 20:00:00,6,0,0.002980527245191606
2025-10-17 21:00:00,6,0,0.002980527245191606
2025-10-17 22:00:00,6,0,0.002980527245191606
2025-10-17 23:00:00,6,0,0.002980527245191606
2025-10-18 00:00:00,6,0,0.002980527245191606
2025-10-18 01:00:00,6,0,0.002980527245191606
2025-10-18 02:00:00,6,0,0.002980527245191606
2025-10-18 03:00:00,6,0,0.002980527245191606
2025-10-18 04:00:00,6,0,0.002980527245191606
2025-10-18 05:00:00,6,0,0.002980527245191606
2025-10-18 06:00:00,6,0,0.002980527245191606
2025-10-18 07:00:00,6,0,0.002980527245191606
2025-10-18 08:00:00,6,0,0.002980527245191606
2025-10-18 09:00:00,6,0,0.002980527245191606
2025-10-18 10:00:00,6,0,0.002980527245191606
2025-10-18 11:00:00,6,0,0.01801840294079041
2025-10-18 12:00:00,6,0,0.18458878592799843
2025-10-18 13:00:00,6,1,0.6873406150633823
2025-10-18 14:00:00,6,1,0.5573345235302096
2025-10-18 15:00:00,6,0,0.01801840294079041
2025-10-18 16:00:00,6,0,0.002980527245191606
2025-10-18 17:00:00,6,0,0.002980527245191606
2025-10-18 18:00:00,6,0,0.003062929319127964
2025-10-18 19:00:00,6,0,0.002980527245191606
2025-10-18 20:00:00,6,0,0.002980527245191606
2025-10-18 21:00:00,6,0,0.002980527245191606
2025-10-18 22:00:00,6,0,0.002980527245191606
2025-10-18 23:00:00,6,0,0.002980527245191606
2025-10-19 00:00:00,6,0,0.002980527245191606
2025-10-19 01:00:00,6,0,0.002980527245191606
2025-10-19 02:00:00,6,0,0.002980527245191606
2025-10-19 03:00:00,6,0,0.002980527245191606
2025-10-19 04:00:00,6,0,0.002980527245191606
2025-10-19 05:00:00,6,0,0.002980527245191606
2025-10-19 06:00:00,6,0,0.002980527245191606
2025-10-19 07:00:00,6,0,0.002980527245191606
2025-10-19 08:00:00,6,0,0.002980527245191606
2025-10-19 09:00:00,6,0,0.002980527245191606
2025-10-19 10:00:00,6,0,0.003062929319127964
2025-10-19 11:00:00,6,0,0.039760299283672695
2025-10-19 12:00:00,6,1,0.6870128587322065
2025-10-19 13:00:00,6,1,0.9385172889200051
2025-10-19 14:00:00,6,1,0.7883946271142127
2025-10-19 15:00:00,6,0,0.019191616854234716
2025-10-19 16:00:00,6,0,0.002980527245191606
2025-10-19 17:00:00,6,0,0.003062929319127964
2025-10-19 18:00:00,6,0,0.0031871185221449944
2025-10-19 19:00:00,6,0,0.002980527245191606
2025-10-19 20:00:00,6,0,0.002980527245191606
2025-10-19 21:00:00,6,0,0.002980527245191606
2025-10-19 22:00:00,6,0,0.002980527245191606
2025-10-19 23:00:00,6,0,0.002980527245191606
2025-10-20 00:00:00,6,0,0.002980527245191606
2025-10-20 01:00:00,6,0,0.002980527245191606
2025-10-20 02:00:00,6,0,0.002980527245191606
2025-10-20 03:00:00,6,0,0.002980527245191606
2025-10-20 04:00:00,6,0,0.002980527245191606
2025-10-20 05:00:00,6,0,0.002980527245191606
2025-10-20 06:00:00,6,0,0.002980527245191606
2025-10-20 07:00:00,6,0,0.002980527245191606
2025-10-20 08:00:00,6,0,0.002980527245191606
2025-10-20 09:00:00,6,0,0.008582856605055224
2025-10-20 10:00:00,6,0,0.04143965298872472
2025-10-20 11:00:00,6,0,0.041735444320804026
2025-10-20 12:00:00,6,0,0.3822534742398048
2025-10-20 13:00:00,6,0,0.8493067942663366
2025-10-20 14:00:00,6,0,0.5763408319849539
2025-10-20 15:00:00,6,0,0.008582856605055224
2025-10-20 16:00:00,6,0,0.002980527245191606
2025-10-20 17:00:00,6,0,0.002980527245191606
2025-10-20 18:00:00,6,0,0.003062929319127964
2025-10-20 19:00:00,6,0,0.002980527245191606
2025-10-20 20:00:00,6,0,0.002980527245191606
2025-10-20 21:00:00,6,0,0.002980527245191606
2025-10-20 22:00:00,6,0,0.002980527245191606
2025-10-20 23:00:00,6,0,0.002980527245191606
2025-10-21 00:00:00,6,0,0.002980527245191606
2025-10-21 01:00:00,6,0,0.002980527245191606
2025-10-21 02:00:00,6,0,0.002980527245191606
2025-10-21 03:00:00,6,0,0.002980527245191606
2025-10-21 04:00:00,6,0,0.002980527245191606
2025-10-21 05:00:00,6,0,0.002980527245191606
2025-10-21 06:00:00,6,0,0.002980527245191606
2025-10-21 07:00:00,6,0,0.002980527245191606
2025-10-21 08:00:00,6,0,0.002980527245191606
2025-10-21 09:00:00,6,0,0.002980527245191606
2025-10-21 10:00:00,6,0,0.002980527245191606
2025-10-21 11:00:00,6,0,0.030011547212501766
2025-10-21 12:00:00,6,1,0.534246862931953
2025-10-21 13:00:00,6,1,0.7822623638144098
2025-10-21 14:00:00,6,1,0.41867956476851026
2025-10-21 15:00:00,6,0,0.012283993120081316
2025-10-21 16:00:00,6,0,0.002980527245191606
2025-10-21 17:00:00,6,0,0.002980527245191606
2025-10-21 18:00:00,6,0,0.002980527245191606
2025-10-21 19:00:00,6,0,0.002980527245191606
2025-10-21 20:00:00,6,0,0.002980527245191606
2025-10-21 21:00:00,6,0,0.002980527245191606
2025-10-21 22:00:00,6,0,0.002980527245191606
2025-10-21 23:00:00,6,0,0.002980527245191606
2025-10-22 00:00:00,6,0,0.002980527245191606
2025-10-22 01:00:00,6,0,0.002980527245191606
2025-10-22 02:00:00,6,0,0.002980527245191606
2025-10-22 03:00:00,6,0,0.002980527245191606
2025-10-22 04:00:00,6,0,0.002980527245191606
2025-10-22 05:00:00,6,0,0.002980527245191606
2025-10-22 06:00:00,6,0,0.002980527245191606
2025-10-22 07:00:00,6,0,0.002980527245191606
2025-10-22 08:00:00,6,0,0.002980527245191606
2025-10-22 09:00:00,6,0,0.002980527245191606
2025-10-22 10:00:00,6,0,0.002980527245191606
2025-10-22 11:00:00,6,0,0.05093656305768536
2025-10-22 12:00:00,6,1,0.22943483550052718
2025-10-22 13:00:00,6,1,0.6740303098574641
2025-10-22 14:00:00,6,0,0.25267467482383466
2025-10-22 15:00:00,6,0,0.01801840294079041
2025-10-22 16:00:00,6,0,0.002980527245191606
2025-10-22 17:00:00,6,0,0.002980527245191606
2025-10-22 18:00:00,6,0,0.0031871185221449944
2025-10-22 19:00:00,6,0,0.002980527245191606
2025-10-22 20:00:00,6,0,0.002980527245191606
2025-10-22 21:00:00,6,0,0.002980527245191606
2025-10-22 22:00:00,6,0,0.002980527245191606
2025-10-22 23:00:00,6,0,0.002980527245191606
2025-10-23 00:00:00,6,0,0.002980527245191606
2025-10-23 01:00:00,6,0,0.002980527245191606
2025-10-23 02:00:00,6,0,0.002980527245191606
2025-10-23 03:00:00,6,0,0.002980527245191606
2025-10-23 04:00:00,6,0,0.002980527245191606
2025-10-23 05:00:00,6,0,0.002980527245191606
2025-10-23 06:00:00,6,0,0.002980527245191606
2025-10-23 07:00:00,6,0,0.002980527245191606
2025-10-23 08:00:00,6,0,0.002980527245191606
2025-10-23 09:00:00,6,0,0.002980527245191606
2025-10-23 10:00:00,6,0,0.002980527245191606
2025-10-23 11:00:00,6,0,0.03197016590311552
2025-10-23 12:00:00,6,1,0.8075984897966028
2025-10-23 13:00:00,6,1,0.9321443308765598
2025-10-23 14:00:00,6,1,0.8052686427890386
2025-10-23 15:00:00,6,0,0.030011547212501766
2025-10-23 16:00:00,6,0,0.002980527245191606
2025-10-23 17:00:00,6,0,0.0031871185221449944
2025-10-23 18:00:00,6,0,0.0031871185221449944
2025-10-23 19:00:00,6,0,0.002980527245191606
2025-10-23 20:00:00,6,0,0.002980527245191606
2025-10-23 21:00:00,6,0,0.002980527245191606
2025-10-23 22:00:00,6,0,0.002980527245191606
2025-10-23 23:00:00,6,0,0.002980527245191606
2025-10-24 00:00:00,6,0,0.002980527245191606
2025-10-24 01:00:00,6,0,0.002980527245191606
2025-10-24 02:00:00,6,0,0.002980527245191606
2025-10-24 03:00:00,6,0,0.002980527245191606
2025-10-24 04:00:00,6,0,0.002980527245191606
2025-10-24 05:00:00,6,0,0.002980527245191606
2025-10-24 06:00:00,6,0,0.002980527245191606
2025-10-24 07:00:00,6,0,0.002980527245191606
2025-10-24 08:00:00,6,0,0.002980527245191606
2025-10-24 09:00:00,6,0,0.002980527245191606
2025-10-24 10:00:00,6,0,0.002980527245191606
2025-10-24 11:00:00,6,0,0.027639416849059743
2025-10-24 12:00:00,6,1,0.6799326044733562
2025-10-24 13:00:00,6,1,0.8102006686826696
2025-10-24 14:00:00,6,1,0.14804579489320077
2025-10-24 15:00:00,6,0,0.01801840294079041
2025-10-24 16:00:00,6,0,0.002980527245191606
2025-10-24 17:00:00,6,0,0.002980527245191606
2025-10-24 18:00:00,6,0,0.002980527245191606
2025-10-24 19:00:00,6,0,0.002980527245191606
2025-10-24 20:00:00,6,0,0.002980527245191606
2025-10-24 21:00:00,6,0,0.002980527245191606
2025-10-24 22:00:00,6,0,0.002980527245191606
2025-10-24 23:00:00,6,0,0.002980527245191606
2025-10-25 00:00:00,6,0,0.002980527245191606
2025-10-25 01:00:00,6,0,0.002980527245191606
2025-10-25 02:00:00,6,0,0.002980527245191606
2025-10-25 03:00:00,6,0,0.002980527245191606
2025-10-25 04:00:00,6,0,0.002980527245191606
2025-10-25 05:00:00,6,0,0.002980527245191606
2025-10-25 06:00:00,6,0,0.002980527245191606
2025-10-25 07:00:00,6,0,0.002980527245191606
2025-10-25 08:00:00,6,0,0.002980527245191606
2025-10-25 09:00:00,6,0,0.002980527245191606
2025-10-25 10:00:00,6,0,0.0034069434295858373
2025-10-25 11:00:00,6,0,0.019098335939273074
2025-10-25 12:00:00,6,0,0.6835019519473773
2025-10-25 13:00:00,6,1,0.9119998190034129
2025-10-25 14:00:00,6,1,0.8838232921974166
2025-10-25 15:00:00,6,0,0.030011547212501766
2025-10-25 16:00:00,6,0,0.002980527245191606
2025-10-25 17:00:00,6,0,0.003062929319127964
2025-10-25 18:00:00,6,0,0.0031871185221449944
2025-10-25 19:00:00,6,0,0.002980527245191606
2025-10-25 20:00:00,6,0,0.002980527245191606
2025-10-25 21:00:00,6,0,0.002980527245191606
2025-10-25 22:00:00,6,0,0.002980527245191606
2025-10-25 23:00:00,6,0,0.002980527245191606
2025-10-26 00:00:00,6,0,0.002980527245191606
2025-10-26 01:00:00,6,0,0.002980527245191606
2025-10-26 02:00:00,6,0,0.002980527245191606
2025-10-26 03:00:00,6,0,0.002980527245191606
2025-10-26 04:00:00,6,0,0.002980527245191606
2025-10-26 05:00:00,6,0,0.002980527245191606
2025-10-26 06:00:00,6,0,0.002980527245191606
2025-10-26 07:00:00,6,0,0.002980527245191606
2025-10-26 08:00:00,6,0,0.002980527245191606
2025-10-26 09:00:00,6,0,0.002980527245191606
2025-10-26 10:00:00,6,0,0.002980527245191606
2025-10-26 11:00:00,6,0,0.016868367603857747
2025-10-26 12:00:00,6,1,0.22943483550052718
2025-10-26 13:00:00,6,1,0.8260206761618404
2025-10-26 14:00:00,6,1,0.6392594970786963
2025-10-26 15:00:00,6,0,0.019098335939273074
2025-10-26 16:00:00,6,0,0.002980527245191606
2025-10-26 17:00:00,6,0,0.002980527245191606
2025-10-26 18:00:00,6,0,0.003062929319127964
2025-10-26 19:00:00,6,0,0.002980527245191606
2025-10-26 20:00:00,6,0,0.002980527245191606
2025-10-26 21:00:00,6,0,0.002980527245191606
2025-10-26 22:00:00,6,0,0.002980527245191606
2025-10-26 23:00:00,6,0,0.002980527245191606
2025-10-27 00:00:00,6,0,0.002980527245191606
2025-10-27 01:00:00,6,0,0.002980527245191606
2025-10-27 02:00:00,6,0,0.002980527245191606
2025-10-27 03:00:00,6,0,0.002980527245191606
2025-10-27 04:00:00,6,0,0.002980527245191606
2025-10-27 05:00:00,6,0,0.002980527245191606
2025-10-27 06:00:00,6,0,0.002980527245191606
2025-10-27 07:00:00,6,0,0.002980527245191606
2025-10-27 08:00:00,6,0,0.002980527245191606
2025-10-27 09:00:00,6,0,0.002980527245191606
2025-10-27 10:00:00,6,0,0.002980527245191606
2025-10-27 11:00:00,6,0,0.027639416849059743
2025-10-27 12:00:00,6,1,0.3969111699297603
2025-10-27 13:00:00,6,1,0.8696389237518289
2025-10-27 14:00:00,6,1,0.6190572764188712
2025-10-27 15:00:00,6,0,0.039760299283672695
2025-10-27 16:00:00,6,0,0.002980527245191606
2025-10-27 17:00:00,6,0,0.002980527245191606
2025-10-27 18:00:00,6,0,0.003062929319127964
2025-10-27 19:00:00,6,0,0.002980527245191606
2025-10-27 20:00:00,6,0,0.002980527245191606
2025-10-27 21:00:00,6,0,0.002980527245191606
2025-10-27 22:00:00,6,0,0.002980527245191606
2025-10-27 23:00:00,6,0,0.002980527245191606
2025-10-28 00:00:00,6,0,0.002980527245191606
2025-10-28 01:00:00,6,0,0.002980527245191606
2025-10-28 02:00:00,6,0,0.002980527245191606
2025-10-28 03:00:00,6,0,0.002980527245191606
2025-10-28 04:00:00,6,0,0.002980527245191606
2025-10-28 05:00:00,6,0,0.002980527245191606
2025-10-28 06:00:00,6,0,0.002980527245191606
2025-10-28 07:00:00,6,0,0.002980527245191606
2025-10-28 08:00:00,6,0,0.002980527245191606
2025-10-28 09:00:00,6,0,0.002980527245191606
2025-10-28 10:00:00,6,0,0.0031871185221449944
2025-10-28 11:00:00,6,0,0.01424329772284157
2025-10-28 12:00:00,6,1,0.37181254024061217
2025-10-28 13:00:00,6,1,0.8838232921974166
2025-10-28 14:00:00,6,1,0.712804367376375
2025-10-28 15:00:00,6,0,0.024451980430381926
2025-10-28 16:00:00,6,0,0.002980527245191606
2025-10-28 17:00:00,6,0,0.002980527245191606
2025-10-28 18:00:00,6,0,0.003062929319127964
2025-10-28 19:00:00,6,0,0.002980527245191606
2025-10-28 20:00:00,6,0,0.002980527245191606
2025-10-28 21:00:00,6,0,0.002980527245191606
2025-10-28 22:00:00,6,0,0.002980527245191606
2025-10-28 23:00:00,6,0,0.002980527245191606
2025-10-29 00:00:00,6,0,0.002980527245191606
2025-10-29 01:00:00,6,0,0.002980527245191606
2025-10-29 02:00:00,6,0,0.002980527245191606
2025-10-29 03:00:00,6,0,0.002980527245191606
2025-10-29 04:00:00,6,0,0.002980527245191606
2025-10-29 05:00:00,6,0,0.002980527245191606
2025-10-29 06:00:00,6,0,0.002980527245191606
2025-10-29 07:00:00,6,0,0.002980527245191606
2025-10-29 08:00:00,6,0,0.002980527245191606
2025-10-29 09:00:00,6,0,0.002980527245191606
2025-10-29 10:00:00,6,0,0.002980527245191606
2025-10-29 11:00:00,6,0,0.027639416849059743
2025-10-29 12:00:00,6,1,0.7971835827570993
2025-10-29 13:00:00,6,1,0.8903288632152423
2025-10-29 14:00:00,6,1,0.7738160545930286
2025-10-29 15:00:00,6,0,0.019098335939273074
2025-10-29 16:00:00,6,0,0.002980527245191606
2025-10-29 17:00:00,6,0,0.002980527245191606
2025-10-29 18:00:00,6,0,0.002980527245191606
2025-10-29 19:00:00,6,0,0.002980527245191606
2025-10-29 20:00:00,6,0,0.002980527245191606
2025-10-29 21:00:00,6,0,0.002980527245191606
2025-10-29 22:00:00,6,0,0.002980527245191606
2025-10-29 23:00:00,6,0,0.002980527245191606
2025-10-30 00:00:00,6,0,0.002980527245191606
2025-10-30 01:00:00,6,0,0.002980527245191606
2025-10-30 02:00:00,6,0,0.002980527245191606
2025-10-30 03:00:00,6,0,0.002980527245191606
2025-10-30 04:00:00,6,0,0.002980527245191606
2025-10-30 05:00:00,6,0,0.002980527245191606
2025-10-30 06:00:00,6,0,0.002980527245191606
2025-10-30 07:00:00,6,0,0.002980527245191606
2025-10-30 08:00:00,6,0,0.002980527245191606
2025-10-30 09:00:00,6,0,0.002980527245191606
2025-10-30 10:00:00,6,0,0.002980527245191606
2025-10-30 11:00:00,6,0,0.030011547212501766
2025-10-30 12:00:00,6,1,0.8039098255069134
2025-10-30 13:00:00,6,1,0.9170756203624579
2025-10-30 14:00:00,6,1,0.8692360609364954
2025-10-30 15:00:00,6,0,0.030011547212501766
2025-10-30 16:00:00,6,0,0.002980527245191606
2025-10-30 17:00:00,6,0,0.002980527245191606
2025-10-30 18:00:00,6,0,0.003062929319127964
2025-10-30 19:00:00,6,0,0.002980527245191606
2025-10-30 20:00:00,6,0,0.002980527245191606
2025-10-30 21:00:00,6,0,0.002980527245191606
2025-10-30 22:00:00,6,0,0.002980527245191606
2025-10-30 23:00:00,6,0,0.002980527245191606
2025-10-31 00:00:00,6,0,0.002980527245191606
2025-10-31 01:00:00,6,0,0.002980527245191606
2025-10-31 02:00:00,6,0,0.002980527245191606
2025-10-31 03:00:00,6,0,0.002980527245191606
2025-10-31 04:00:00,6,0,0.002980527245191606
2025-10-31 05:00:00,6,0,0.002980527245191606
2025-10-31 06:00:00,6,0,0.002980527245191606
2025-10-31 07:00:00,6,0,0.002980527245191606
2025-10-31 08:00:00,6,0,0.002980527245191606
2025-10-31 09:00:00,6,0,0.002980527245191606
2025-10-31 10:00:00,6,0,0.002980527245191606
2025-10-31 11:00:00,6,0,0.027639416849059743
2025-10-31 12:00:00,6,1,0.3637070309979499
2025-10-31 13:00:00,6,1,0.534246862931953
2025-10-31 14:00:00,6,1,0.6097853142362931
2025-10-31 15:00:00,6,0,0.0458518183042744
2025-10-31 16:00:00,6,0,0.0031871185221449944
2025-10-31 17:00:00,6,0,0.002980527245191606
2025-10-31 18:00:00,6,0,0.003062929319127964
2025-10-31 19:00:00,6,0,0.002980527245191606
2025-10-31 20:00:00,6,0,0.002980527245191606
2025-10-31 21:00:00,6,0,0.002980527245191606
2025-10-31 22:00:00,6,0,0.002980527245191606
2025-10-31 23:00:00,6,0,0.002980527245191606
2025-11-01 00:00:00,6,0,0.002980527245191606
2025-11-01 01:00:00,6,0,0.002980527245191606
2025-11-01 02:00:00,6,0,0.002980527245191606
2025-11-01 03:00:00,6,0,0.002980527245191606
2025-11-01 04:00:00,6,0,0.002980527245191606
2025-11-01 05:00:00,6,0,0.002980527245191606
2025-11-01 06:00:00,6,0,0.002980527245191606
2025-11-01 07:00:00,6,0,0.002980527245191606
2025-11-01 08:00:00,6,0,0.002980527245191606
2025-11-01 09:00:00,6,0,0.002980527245191606
2025-11-01 10:00:00,6,0,0.002980527245191606
2025-11-01 11:00:00,6,0,0.016868367603857747
2025-11-01 12:00:00,6,0,0.261633635307723
2025-11-01 13:00:00,6,0,0.38858022824033583
2025-11-01 14:00:00,6,0,0.11142502724627804
2025-11-01 15:00:00,6,0,0.002980527245191606
2025-11-01 16:00:00,6,0,0.002980527245191606
2025-11-01 17:00:00,6,0,0.002980527245191606
2025-11-01 18:00:00,6,0,0.002980527245191606
2025-11-01 19:00:00,6,0,0.002980527245191606
2025-11-01 20:00:00,6,0,0.002980527245191606
2025-11-01 21:00:00,6,0,0.002980527245191606
2025-11-01 22:00:00,6,0,0.002980527245191606
2025-11-01 23:00:00,6,0,0.002980527245191606
2025-11-02 00:00:00,6,0,0.002980527245191606
2025-11-02 01:00:00,6,0,0.002980527245191606
2025-11-02 02:00:00,6,0,0.002980527245191606
2025-11-02 03:00:00,6,0,0.002980527245191606
2025-11-02 04:00:00,6,0,0.002980527245191606
2025-11-02 05:00:00,6,0,0.002980527245191606
2025-11-02 06:00:00,6,0,0.002980527245191606
2025-11-02 07:00:00,6,0,0.002980527245191606
2025-11-02 08:00:00,6,0,0.002980527245191606
2025-11-02 09:00:00,6,0,0.002980527245191606
2025-11-02 10:00:00,6,0,0.0034069434295858373
2025-11-02 11:00:00,6,0,0.0034069434295858373
2025-11-02 12:00:00,6,0,0.03172712798270492
2025-11-02 13:00:00,6,0,0.030104969831914765
2025-11-02 14:00:00,6,0,0.02392601155431042
2025-11-02 15:00:00,6,0,0.008582856605055224
2025-11-02 16:00:00,6,0,0.002980527245191606
2025-11-02 17:00:00,6,0,0.002980527245191606
2025-11-02 18:00:00,6,0,0.002980527245191606
2025-11-02 19:00:00,6,0,0.002980527245191606
2025-11-02 20:00:00,6,0,0.002980527245191606
2025-11-02 21:00:00,6,0,0.002980527245191606
2025-11-02 22:00:00,6,0,0.002980527245191606
2025-11-02 23:00:00,6,0,0.002980527245191606
2025-11-03 00:00:00,6,0,0.002980527245191606
2025-11-03 01:00:00,6,0,0.002980527245191606
2025-11-03 02:00:00,6,0,0.002980527245191606
2025-11-03 03:00:00,6,0,0.002980527245191606
2025-11-03 04:00:00,6,0,0.002980527245191606
2025-11-03 05:00:00,6,0,0.002980527245191606
2025-11-03 06:00:00,6,0,0.002980527245191606
2025-11-03 07:00:00,6,0,0.002980527245191606
2025-11-03 08:00:00,6,0,0.002980527245191606
2025-11-03 09:00:00,6,0,0.002980527245191606
2025-11-03 10:00:00,6,0,0.002980527245191606
2025-11-03 11:00:00,6,0,0.01424329772284157
2025-11-03 12:00:00,6,0,0.3431972905576624
2025-11-03 13:00:00,6,1,0.3336688909879222
2025-11-03 14:00:00,6,0,0.327792594798523
2025-11-03 15:00:00,6,0,0.013499616746140416
2025-11-03 16:00:00,6,0,0.002980527245191606
2025-11-03 17:00:00,6,0,0.002980527245191606
2025-11-03 18:00:00,6,0,0.002980527245191606
2025-11-03 19:00:00,6,0,0.002980527245191606
2025-11-03 20:00:00,6,0,0.002980527245191606
2025-11-03 21:00:00,6,0,0.002980527245191606
2025-11-03 22:00:00,6,0,0.002980527245191606
2025-11-03 23:00:00,6,0,0.002980527245191606
2025-11-04 00:00:00,6,0,0.002980527245191606
2025-11-04 01:00:00,6,0,0.002980527245191606
2025-11-04 02:00:00,6,0,0.002980527245191606
2025-11-04 03:00:00,6,0,0.002980527245191606
2025-11-04 04:00:00,6,0,0.002980527245191606
2025-11-04 05:00:00,6,0,0.002980527245191606
2025-11-04 06:00:00,6,0,0.002980527245191606
2025-11-04 07:00:00,6,0,0.002980527245191606
2025-11-04 08:00:00,6,0,0.002980527245191606
2025-11-04 09:00:00,6,0,0.0031871185221449944
2025-11-04 10:00:00,6,0,0.0031871185221449944
2025-11-04 11:00:00,6,0,0.0031871185221449944
2025-11-04 12:00:00,6,0,0.21128922017637847
2025-11-04 13:00:00,6,0,0.25756389173771715
2025-11-04 14:00:00,6,0,0.1885528166526358
2025-11-04 15:00:00,6,0,0.025442876082208896
2025-11-04 16:00:00,6,0,0.02276441275906402
2025-11-04 17:00:00,6,0,0.008582856605055224
2025-11-04 18:00:00,6,0,0.0031871185221449944
2025-11-04 19:00:00,6,0,0.002980527245191606
2025-11-04 20:00:00,6,0,0.002980527245191606
2025-11-04 21:00:00,6,0,0.002980527245191606
2025-11-04 22:00:00,6,0,0.002980527245191606
2025-11-04 23:00:00,6,0,0.002980527245191606
2025-11-05 00:00:00,6,0,0.002980527245191606
2025-11-05 01:00:00,6,0,0.002980527245191606
2025-11-05 02:00:00,6,0,0.002980527245191606
2025-11-05 03:00:00,6,0,0.002980527245191606
2025-11-05 04:00:00,6,0,0.002980527245191606
2025-11-05 05:00:00,6,0,0.002980527245191606
2025-11-05 06:00:00,6,0,0.002980527245191606
2025-11-05 07:00:00,6,0,0.002980527245191606
2025-11-05 08:00:00,6,0,0.002980527245191606
2025-11-05 09:00:00,6,0,0.002980527245191606
2025-11-05 10:00:00,6,0,0.002980527245191606
2025-11-05 11:00:00,6,0,0.01203309978807054
2025-11-05 12:00:00,6,0,0.06590814885073541
2025-11-05 13:00:00,6,1,0.2100590774681484
2025-11-05 14:00:00,6,0,0.06861461140464645
2025-11-05 15:00:00,6,0,0.003062929319127964
2025-11-05 16:00:00,6,0,0.002980527245191606
2025-11-05 17:00:00,6,0,0.0031871185221449944
2025-11-05 18:00:00,6,0,0.0031871185221449944
2025-11-05 19:00:00,6,0,0.002980527245191606
2025-11-05 20:00:00,6,0,0.002980527245191606
2025-11-05 21:00:00,6,0,0.002980527245191606
2025-11-05 22:00:00,6,0,0.002980527245191606
2025-11-05 23:00:00,6,0,0.002980527245191606
2025-11-06 00:00:00,6,0,0.002980527245191606
2025-11-06 01:00:00,6,0,0.002980527245191606
2025-11-06 02:00:00,6,0,0.002980527245191606
2025-11-06 03:00:00,6,0,0.002980527245191606
2025-11-06 04:00:00,6,0,0.002980527245191606
2025-11-06 05:00:00,6,0,0.002980527245191606
2025-11-06 06:00:00,6,0,0.002980527245191606
2025-11-06 07:00:00,6,0,0.002980527245191606
2025-11-06 08:00:00,6,0,0.002980527245191606
2025-11-06 09:00:00,6,0,0.002980527245191606
2025-11-06 10:00:00,6,0,0.002980527245191606
2025-11-06 11:00:00,6,0,0.002980527245191606
2025-11-06 12:00:00,6,0,0.020551900261196385
2025-11-06 13:00:00,6,0,0.04971774020836531
2025-11-06 14:00:00,6,0,0.020295850748956318
2025-11-06 15:00:00,6,0,0.0034069434295858373
2025-11-06 16:00:00,6,0,0.002980527245191606
2025-11-06 17:00:00,6,0,0.002980527245191606
2025-11-06 18:00:00,6,0,0.003062929319127964
2025-11-06 19:00:00,6,0,0.002980527245191606
2025-11-06 20:00:00,6,0,0.002980527245191606
2025-11-06 21:00:00,6,0,0.002980527245191606
2025-11-06 22:00:00,6,0,0.002980527245191606
2025-11-06 23:00:00,6,0,0.002980527245191606
2025-11-07 00:00:00,6,0,0.002980527245191606
2025-11-07 01:00:00,6,0,0.002980527245191606
2025-11-07 02:00:00,6,0,0.002980527245191606
2025-11-07 03:00:00,6,0,0.002980527245191606
2025-11-07 04:00:00,6,0,0.002980527245191606
2025-11-07 05:00:00,6,0,0.002980527245191606
2025-11-07 06:00:00,6,0,0.002980527245191606
2025-11-07 07:00:00,6,0,0.002980527245191606
2025-11-07 08:00:00,6,0,0.002980527245191606
2025-11-07 09:00:00,6,0,0.002980527245191606
2025-11-07 10:00:00,6,0,0.002980527245191606
2025-11-07 11:00:00,6,0,0.0034092807339462447
2025-11-07 12:00:00,6,0,0.050124215363100307
2025-11-07 13:00:00,6,0,0.5163129325780809
2025-11-07 14:00:00,6,0,0.03197016590311552
2025-11-07 15:00:00,6,0,0.002980527245191606
2025-11-07 16:00:00,6,0,0.002980527245191606
2025-11-07 17:00:00,6,0,0.002980527245191606
2025-11-07 18:00:00,6,0,0.002980527245191606
2025-11-07 19:00:00,6,0,0.002980527245191606
2025-11-07 20:00:00,6,0,0.002980527245191606
2025-11-07 21:00:00,6,0,0.002980527245191606
2025-11-07 22:00:00,6,0,0.002980527245191606
2025-11-07 23:00:00,6,0,0.002980527245191606
2025-11-08 00:00:00,6,0,0.002980527245191606
2025-11-08 01:00:00,6,0,0.002980527245191606
2025-11-08 02:00:00,6,0,0.002980527245191606
2025-11-08 03:00:00,6,0,0.002980527245191606
2025-11-08 04:00:00,6,0,0.002980527245191606
2025-11-08 05:00:00,6,0,0.002980527245191606
2025-11-08 06:00:00,6,0,0.002980527245191606
2025-11-08 07:00:00,6,0,0.002980527245191606
2025-11-08 08:00:00,6,0,0.002980527245191606
2025-11-08 09:00:00,6,0,0.002980527245191606
2025-11-08 10:00:00,6,0,0.002980527245191606
2025-11-08 11:00:00,6,0,0.01424329772284157
2025-11-08 12:00:00,6,0,0.16797883572187544
2025-11-08 13:00:00,6,1,0.6448325099260467
2025-11-08 14:00:00,6,0,0.10232907914809006
2025-11-08 15:00:00,6,0,0.02447975931019172
2025-11-08 16:00:00,6,0,0.002980527245191606
2025-11-08 17:00:00,6,0,0.002980527245191606
2025-11-08 18:00:00,6,0,0.002980527245191606
2025-11-08 19:00:00,6,0,0.002980527245191606
2025-11-08 20:00:00,6,0,0.002980527245191606
2025-11-08 21:00:00,6,0,0.002980527245191606
2025-11-08 22:00:00,6,0,0.002980527245191606
2025-11-08 23:00:00,6,0,0.002980527245191606
2025-11-09 00:00:00,6,0,0.002980527245191606
2025-11-09 01:00:00,6,0,0.002980527245191606
2025-11-09 02:00:00,6,0,0.002980527245191606
2025-11-09 03:00:00,6,0,0.002980527245191606
2025-11-09 04:00:00,6,0,0.002980527245191606
2025-11-09 05:00:00,6,0,0.002980527245191606
2025-11-09 06:00:00,6,0,0.002980527245191606
2025-11-09 07:00:00,6,0,0.002980527245191606
2025-11-09 08:00:00,6,0,0.002980527245191606
2025-11-09 09:00:00,6,0,0.002980527245191606
2025-11-09 10:00:00,6,0,0.002980527245191606
2025-11-09 11:00:00,6,0,0.002980527245191606
2025-11-09 12:00:00,6,0,0.0458518183042744
2025-11-09 13:00:00,6,0,0.062379089583327295
2025-11-09 14:00:00,6,0,0.030011547212501766
2025-11-09 15:00:00,6,0,0.003344177661899438
2025-11-09 16:00:00,6,0,0.002980527245191606
2025-11-09 17:00:00,6,0,0.002980527245191606
2025-11-09 18:00:00,6,0,0.002980527245191606
2025-11-09 19:00:00,6,0,0.002980527245191606
2025-11-09 20:00:00,6,0,0.002980527245191606
2025-11-09 21:00:00,6,0,0.002980527245191606
2025-11-09 22:00:00,6,0,0.002980527245191606
2025-11-09 23:00:00,6,0,0.002980527245191606
2025-11-10 00:00:00,6,0,0.002980527245191606
2025-11-10 01:00:00,6,0,0.002980527245191606
2025-11-10 02:00:00,6,0,0.002980527245191606
2025-11-10 03:00:00,6,0,0.002980527245191606
2025-11-10 04:00:00,6,0,0.002980527245191606
2025-11-10 05:00:00,6,0,0.002980527245191606
2025-11-10 06:00:00,6,0,0.002980527245191606
2025-11-10 07:00:00,6,0,0.002980527245191606
2025-11-10 08:00:00,6,0,0.002980527245191606
2025-11-10 09:00:00,6,0,0.003062929319127964
2025-11-10 10:00:00,6,0,0.002980527245191606
2025-11-10 11:00:00,6,0,0.0031871185221449944
2025-11-10 12:00:00,6,0,0.060480963097648076
2025-11-10 13:00:00,6,0,0.14804579489320077
2025-11-10 14:00:00,6,0,0.06819368513940437
2025-11-10 15:00:00,6,0,0.01203309978807054
2025-11-10 16:00:00,6,0,0.002980527245191606
2025-11-10 17:00:00,6,0,0.003062929319127964
2025-11-10 18:00:00,6,0,0.0031871185221449944
2025-11-10 19:00:00,6,0,0.002980527245191606
2025-11-10 20:00:00,6,0,0.002980527245191606
2025-11-10 21:00:00,6,0,0.002980527245191606
2025-11-10 22:00:00,6,0,0.002980527245191606
2025-11-10 23:00:00,6,0,0.002980527245191606
2025-11-11 00:00:00,6,0,0.002980527245191606
2025-11-11 01:00:00,6,0,0.002980527245191606
2025-11-11 02:00:00,6,0,0.002980527245191606
2025-11-11 03:00:00,6,0,0.002980527245191606
2025-11-11 04:00:00,6,0,0.002980527245191606
2025-11-11 05:00:00,6,0,0.002980527245191606
2025-11-11 06:00:00,6,0,0.002980527245191606
2025-11-11 07:00:00,6,0,0.002980527245191606
2025-11-11 08:00:00,6,0,0.002980527245191606
2025-11-11 09:00:00,6,0,0.002980527245191606
2025-11-11 10:00:00,6,0,0.002980527245191606
2025-11-11 11:00:00,6,0,0.0034069434295858373
2025-11-11 12:00:00,6,0,0.020295850748956318
2025-11-11 13:00:00,6,0,0.02097664161438314
2025-11-11 14:00:00,6,0,0.014539596077735147
2025-11-11 15:00:00,6,0,0.002980527245191606
2025-11-11 16:00:00,6,0,0.002980527245191606
2025-11-11 17:00:00,6,0,0.0031871185221449944
2025-11-11 18:00:00,6,0,0.002980527245191606
2025-11-11 19:00:00,6,0,0.002980527245191606
2025-11-11 20:00:00,6,0,0.002980527245191606
2025-11-11 21:00:00,6,0,0.002980527245191606
2025-11-11 22:00:00,6,0,0.002980527245191606
2025-11-11 23:00:00,6,0,0.002980527245191606
2025-11-12 00:00:00,6,0,0.002980527245191606
2025-11-12 01:00:00,6,0,0.002980527245191606
2025-11-12 02:00:00,6,0,0.002980527245191606
2025-11-12 03:00:00,6,0,0.002980527245191606
2025-11-12 04:00:00,6,0,0.002980527245191606
2025-11-12 05:00:00,6,0,0.002980527245191606
2025-11-12 06:00:00,6,0,0.002980527245191606
2025-11-12 07:00:00,6,0,0.002980527245191606
2025-11-12 08:00:00,6,0,0.002980527245191606
2025-11-12 09:00:00,6,0,0.0031871185221449944
2025-11-12 10:00:00,6,0,0.002980527245191606
2025-11-12 11:00:00,6,0,0.003574796549647547
2025-11-12 12:00:00,6,0,0.004004660067387149
2025-11-12 13:00:00,6,0,0.005526973431405114
2025-11-12 14:00:00,6,0,0.01402271132966179
2025-11-12 15:00:00,6,0,0.0034069434295858373
2025-11-12 16:00:00,6,0,0.0034069434295858373
2025-11-12 17:00:00,6,0,0.002980527245191606
2025-11-12 18:00:00,6,0,0.002980527245191606
2025-11-12 19:00:00,6,0,0.002980527245191606
2025-11-12 20:00:00,6,0,0.002980527245191606
2025-11-12 21:00:00,6,0,0.002980527245191606
2025-11-12 22:00:00,6,0,0.002980527245191606
2025-11-12 23:00:00,6,0,0.002980527245191606
2025-11-13 00:00:00,6,0,0.002980527245191606
2025-11-13 01:00:00,6,0,0.002980527245191606
2025-11-13 02:00:00,6,0,0.002980527245191606
2025-11-13 03:00:00,6,0,0.002980527245191606
2025-11-13 04:00:00,6,0,0.002980527245191606
2025-11-13 05:00:00,6,0,0.002980527245191606
2025-11-13 06:00:00,6,0,0.002980527245191606
2025-11-13 07:00:00,6,0,0.002980527245191606
2025-11-13 08:00:00,6,0,0.002980527245191606
2025-11-13 09:00:00,6,0,0.002980527245191606
2025-11-13 10:00:00,6,0,0.002980527245191606
2025-11-13 11:00:00,6,0,0.002980527245191606
2025-11-13 12:00:00,6,0,0.03197016590311552
2025-11-13 13:00:00,6,0,0.265994421128544
2025-11-13 14:00:00,6,0,0.02631994127236821
2025-11-13 15:00:00,6,0,0.002980527245191606
2025-11-13 16:00:00,6,0,0.002980527245191606
2025-11-13 17:00:00,6,0,0.002980527245191606
2025-11-13 18:00:00,6,0,0.002980527245191606
2025-11-13 19:00:00,6,0,0.002980527245191606
2025-11-13 20:00:00,6,0,0.002980527245191606
2025-11-13 21:00:00,6,0,0.002980527245191606
2025-11-13 22:00:00,6,0,0.002980527245191606
2025-11-13 23:00:00,6,0,0.002980527245191606
2025-11-14 00:00:00,6,0,0.002980527245191606
2025-11-14 01:00:00,6,0,0.002980527245191606
2025-11-14 02:00:00,6,0,0.002980527245191606
2025-11-14 03:00:00,6,0,0.002980527245191606
2025-11-14 04:00:00,6,0,0.002980527245191606
2025-11-14 05:00:00,6,0,0.002980527245191606
2025-11-14 06:00:00,6,0,0.002980527245191606
2025-11-14 07:00:00,6,0,0.002980527245191606
2025-11-14 08:00:00,6,0,0.002980527245191606
2025-11-14 09:00:00,6,0,0.002980527245191606
2025-11-14 10:00:00,6,0,0.002980527245191606
2025-11-14 11:00:00,6,0,0.003371665582632062
2025-11-14 12:00:00,6,0,0.06947138441698056
2025-11-14 13:00:00,6,0,0.3265107962524084
2025-11-14 14:00:00,6,0,0.0754376102280223
2025-11-14 15:00:00,6,0,0.01507332869845206
2025-11-14 16:00:00,6,0,0.002980527245191606
2025-11-14 17:00:00,6,0,0.002980527245191606
2025-11-14 18:00:00,6,0,0.002980527245191606
2025-11-14 19:00:00,6,0,0.002980527245191606
2025-11-14 20:00:00,6,0,0.002980527245191606
2025-11-14 21:00:00,6,0,0.002980527245191606
2025-11-14 22:00:00,6,0,0.002980527245191606
2025-11-14 23:00:00,6,0,0.002980527245191606
2025-11-15 00:00:00,6,0,0.002980527245191606
2025-11-15 01:00:00,6,0,0.002980527245191606
2025-11-15 02:00:00,6,0,0.002980527245191606
2025-11-15 03:00:00,6,0,0.002980527245191606
2025-11-15 04:00:00,6,0,0.002980527245191606
2025-11-15 05:00:00,6,0,0.002980527245191606
2025-11-15 06:00:00,6,0,0.002980527245191606
2025-11-15 07:00:00,6,0,0.002980527245191606
2025-11-15 08:00:00,6,0,0.002980527245191606
2025-11-15 09:00:00,6,0,0.002980527245191606
2025-11-15 10:00:00,6,0,0.002980527245191606
2025-11-15 11:00:00,6,0,0.002980527245191606
2025-11-15 12:00:00,6,0,0.06256306571098982
2025-11-15 13:00:00,6,0,0.16797883572187544
2025-11-15 14:00:00,6,0,0.06936628011445665
2025-11-15 15:00:00,6,0,0.01203309978807054
2025-11-15 16:00:00,6,0,0.002980527245191606
2025-11-15 17:00:00,6,0,0.002980527245191606
2025-11-15 18:00:00,6,0,0.0031871185221449944
2025-11-15 19:00:00,6,0,0.002980527245191606
2025-11-15 20:00:00,6,0,0.002980527245191606
2025-11-15 21:00:00,6,0,0.002980527245191606
2025-11-15 22:00:00,6,0,0.002980527245191606
2025-11-15 23:00:00,6,0,0.002980527245191606
2025-11-16 00:00:00,6,0,0.002980527245191606
2025-11-16 01:00:00,6,0,0.002980527245191606
2025-11-16 02:00:00,6,0,0.002980527245191606
2025-11-16 03:00:00,6,0,0.002980527245191606
2025-11-16 04:00:00,6,0,0.002980527245191606
2025-11-16 05:00:00,6,0,0.002980527245191606
2025-11-16 06:00:00,6,0,0.002980527245191606
2025-11-16 07:00:00,6,0,0.002980527245191606
2025-11-16 08:00:00,6,0,0.002980527245191606
2025-11-16 09:00:00,6,0,0.002980527245191606
2025-11-16 10:00:00,6,0,0.002980527245191606
2025-11-16 11:00:00,6,0,0.002980527245191606
2025-11-16 12:00:00,6,0,0.03274521711479503
2025-11-16 13:00:00,6,0,0.1885528166526358
2025-11-16 14:00:00,6,0,0.05985362186210334
2025-11-16 15:00:00,6,0,0.0031871185221449944
2025-11-16 16:00:00,6,0,0.002980527245191606
2025-11-16 17:00:00,6,0,0.003062929319127964
2025-11-16 18:00:00,6,0,0.002980527245191606
2025-11-16 19:00:00,6,0,0.002980527245191606
2025-11-16 20:00:00,6,0,0.002980527245191606
2025-11-16 21:00:00,6,0,0.002980527245191606
2025-11-16 22:00:00,6,0,0.002980527245191606
2025-11-16 23:00:00,6,0,0.002980527245191606
2025-11-17 00:00:00,6,0,0.002980527245191606
2025-11-17 01:00:00,6,0,0.002980527245191606
2025-11-17 02:00:00,6,0,0.002980527245191606
2025-11-17 03:00:00,6,0,0.002980527245191606
2025-11-17 04:00:00,6,0,0.002980527245191606
2025-11-17 05:00:00,6,0,0.002980527245191606
2025-11-17 06:00:00,6,0,0.002980527245191606
2025-11-17 07:00:00,6,0,0.002980527245191606
2025-11-17 08:00:00,6,0,0.002980527245191606
2025-11-17 09:00:00,6,0,0.002980527245191606
2025-11-17 10:00:00,6,0,0.002980527245191606
2025-11-17 11:00:00,6,0,0.002980527245191606
2025-11-17 12:00:00,6,0,0.03394393168536227
2025-11-17 13:00:00,6,0,0.11142502724627804
2025-11-17 14:00:00,6,0,0.03394393168536227
2025-11-17 15:00:00,6,0,0.01203309978807054
2025-11-17 16:00:00,6,0,0.002980527245191606
2025-11-17 17:00:00,6,0,0.002980527245191606
2025-11-17 18:00:00,6,0,0.002980527245191606
2025-11-17 19:00:00,6,0,0.002980527245191606
2025-11-17 20:00:00,6,0,0.002980527245191606
2025-11-17 21:00:00,6,0,0.002980527245191606
2025-11-17 22:00:00,6,0,0.002980527245191606
2025-11-17 23:00:00,6,0,0.002980527245191606
2025-11-18 00:00:00,6,0,0.002980527245191606
2025-11-18 01:00:00,6,0,0.002980527245191606
2025-11-18 02:00:00,6,0,0.002980527245191606
2025-11-18 03:00:00,6,0,0.002980527245191606
2025-11-18 04:00:00,6,0,0.002980527245191606
2025-11-18 05:00:00,6,0,0.002980527245191606
2025-11-18 06:00:00,6,0,0.002980527245191606
2025-11-18 07:00:00,6,0,0.002980527245191606
2025-11-18 08:00:00,6,0,0.002980527245191606
2025-11-18 09:00:00,6,0,0.002980527245191606
2025-11-18 10:00:00,6,0,0.002980527245191606
2025-11-18 11:00:00,6,0,0.002980527245191606
2025-11-18 12:00:00,6,0,0.03394393168536227
2025-11-18 13:00:00,6,0,0.12327262628915382
2025-11-18 14:00:00,6,0,0.061742435600890114
2025-11-18 15:00:00,6,0,0.003371665582632062
2025-11-18 16:00:00,6,0,0.002980527245191606
2025-11-18 17:00:00,6,0,0.0031871185221449944
2025-11-18 18:00:00,6,0,0.002980527245191606
2025-11-18 19:00:00,6,0,0.002980527245191606
2025-11-18 20:00:00,6,0,0.002980527245191606
2025-11-18 21:00:00,6,0,0.002980527245191606
2025-11-18 22:00:00,6,0,0.002980527245191606
2025-11-18 23:00:00,6,0,0.002980527245191606
2025-11-19 00:00:00,6,0,0.002980527245191606
2025-11-19 01:00:00,6,0,0.002980527245191606
2025-11-19 02:00:00,6,0,0.002980527245191606
2025-11-19 03:00:00,6,0,0.002980527245191606
2025-11-19 04:00:00,6,0,0.002980527245191606
2025-11-19 05:00:00,6,0,0.002980527245191606
2025-11-19 06:00:00,6,0,0.002980527245191606
2025-11-19 07:00:00,6,0,0.002980527245191606
2025-11-19 08:00:00,6,0,0.002980527245191606
2025-11-19 09:00:00,6,0,0.002980527245191606
2025-11-19 10:00:00,6,0,0.002980527245191606
2025-11-19 11:00:00,6,0,0.002980527245191606
2025-11-19 12:00:00,6,0,0.04702613458933648
2025-11-19 13:00:00,6,0,0.10836203196501273
2025-11-19 14:00:00,6,0,0.03394393168536227
2025-11-19 15:00:00,6,0,0.002980527245191606
2025-11-19 16:00:00,6,0,0.002980527245191606
2025-11-19 17:00:00,6,0,0.002980527245191606
2025-11-19 18:00:00,6,0,0.002980527245191606
2025-11-19 19:00:00,6,0,0.002980527245191606
2025-11-19 20:00:00,6,0,0.002980527245191606
2025-11-19 21:00:00,6,0,0.002980527245191606
2025-11-19 22:00:00,6,0,0.002980527245191606
2025-11-19 23:00:00,6,0,0.002980527245191606
2025-11-20 00:00:00,6,0,0.002980527245191606
2025-11-20 01:00:00,6,0,0.002980527245191606
2025-11-20 02:00:00,6,0,0.002980527245191606
2025-11-20 03:00:00,6,0,0.002980527245191606
2025-11-20 04:00:00,6,0,0.002980527245191606
2025-11-20 05:00:00,6,0,0.002980527245191606
2025-11-20 06:00:00,6,0,0.002980527245191606
2025-11-20 07:00:00,6,0,0.002980527245191606
2025-11-20 08:00:00,6,0,0.002980527245191606
2025-11-20 09:00:00,6,0,0.002980527245191606
2025-11-20 10:00:00,6,0,0.002980527245191606
2025-11-20 11:00:00,6,0,0.002980527245191606
2025-11-20 12:00:00,6,0,0.0458518183042744
2025-11-20 13:00:00,6,0,0.1346423822071661
2025-11-20 14:00:00,6,0,0.030011547212501766
2025-11-20 15:00:00,6,0,0.002980527245191606
2025-11-20 16:00:00,6,0,0.002980527245191606
2025-11-20 17:00:00,6,0,0.002980527245191606
2025-11-20 18:00:00,6,0,0.002980527245191606
2025-11-20 19:00:00,6,0,0.002980527245191606
2025-11-20 20:00:00,6,0,0.002980527245191606
2025-11-20 21:00:00,6,0,0.002980527245191606
2025-11-20 22:00:00,6,0,0.002980527245191606
2025-11-20 23:00:00,6,0,0.002980527245191606
2025-11-21 00:00:00,6,0,0.002980527245191606
2025-11-21 01:00:00,6,0,0.002980527245191606
2025-11-21 02:00:00,6,0,0.002980527245191606
2025-11-21 03:00:00,6,0,0.002980527245191606
2025-11-21 04:00:00,6,0,0.002980527245191606
2025-11-21 05:00:00,6,0,0.002980527245191606
2025-11-21 06:00:00,6,0,0.002980527245191606
2025-11-21 07:00:00,6,0,0.002980527245191606
2025-11-21 08:00:00,6,0,0.002980527245191606
2025-11-21 09:00:00,6,0,0.003062929319127964
2025-11-21 10:00:00,6,0,0.002980527245191606
2025-11-21 11:00:00,6,0,0.002980527245191606
2025-11-21 12:00:00,6,0,0.0031871185221449944
2025-11-21 13:00:00,6,0,0.027639416849059743
2025-11-21 14:00:00,6,0,0.01801840294079041
2025-11-21 15:00:00,6,0,0.002980527245191606
2025-11-21 16:00:00,6,0,0.002980527245191606
2025-11-21 17:00:00,6,0,0.002980527245191606
2025-11-21 18:00:00,6,0,0.002980527245191606
2025-11-21 19:00:00,6,0,0.002980527245191606
2025-11-21 20:00:00,6,0,0.002980527245191606
2025-11-21 21:00:00,6,0,0.002980527245191606
2025-11-21 22:00:00,6,0,0.002980527245191606
2025-11-21 23:00:00,6,0,0.002980527245191606
2025-11-22 00:00:00,6,0,0.002980527245191606
2025-11-22 01:00:00,6,0,0.002980527245191606
2025-11-22 02:00:00,6,0,0.002980527245191606
2025-11-22 03:00:00,6,0,0.002980527245191606
2025-11-22 04:00:00,6,0,0.002980527245191606
2025-11-22 05:00:00,6,0,0.002980527245191606
2025-11-22 06:00:00,6,0,0.002980527245191606
2025-11-22 07:00:00,6,0,0.002980527245191606
2025-11-22 08:00:00,6,0,0.002980527245191606
2025-11-22 09:00:00,6,0,0.002980527245191606
2025-11-22 10:00:00,6,0,0.002980527245191606
2025-11-22 11:00:00,6,0,0.002980527245191606
2025-11-22 12:00:00,6,0,0.03197016590311552
2025-11-22 13:00:00,6,0,0.06361102499909305
2025-11-22 14:00:00,6,0,0.03197016590311552
2025-11-22 15:00:00,6,0,0.002980527245191606
2025-11-22 16:00:00,6,0,0.002980527245191606
2025-11-22 17:00:00,6,0,0.0031871185221449944
2025-11-22 18:00:00,6,0,0.002980527245191606
2025-11-22 19:00:00,6,0,0.002980527245191606
2025-11-22 20:00:00,6,0,0.002980527245191606
2025-11-22 21:00:00,6,0,0.002980527245191606
2025-11-22 22:00:00,6,0,0.002980527245191606
2025-11-22 23:00:00,6,0,0.002980527245191606
2025-11-23 00:00:00,6,0,0.002980527245191606
2025-11-23 01:00:00,6,0,0.002980527245191606
2025-11-23 02:00:00,6,0,0.002980527245191606
2025-11-23 03:00:00,6,0,0.002980527245191606
2025-11-23 04:00:00,6,0,0.002980527245191606
2025-11-23 05:00:00,6,0,0.002980527245191606
2025-11-23 06:00:00,6,0,0.002980527245191606
2025-11-23 07:00:00,6,0,0.002980527245191606
2025-11-23 08:00:00,6,0,0.002980527245191606
2025-11-23 09:00:00,6,0,0.002980527245191606
2025-11-23 10:00:00,6,0,0.002980527245191606
2025-11-23 11:00:00,6,0,0.002980527245191606
2025-11-23 12:00:00,6,0,0.002980527245191606
2025-11-23 13:00:00,6,0,0.012283993120081316
2025-11-23 14:00:00,6,0,0.011205361517893251
2025-11-23 15:00:00,6,0,0.002980527245191606
2025-11-23 16:00:00,6,0,0.002980527245191606
2025-11-23 17:00:00,6,0,0.002980527245191606
2025-11-23 18:00:00,6,0,0.002980527245191606
2025-11-23 19:00:00,6,0,0.002980527245191606
2025-11-23 20:00:00,6,0,0.002980527245191606
2025-11-23 21:00:00,6,0,0.002980527245191606
2025-11-23 22:00:00,6,0,0.002980527245191606
2025-11-23 23:00:00,6,0,0.002980527245191606
2025-11-24 00:00:00,6,0,0.002980527245191606
2025-11-24 01:00:00,6,0,0.002980527245191606
2025-11-24 02:00:00,6,0,0.002980527245191606
2025-11-24 03:00:00,6,0,0.002980527245191606
2025-11-24 04:00:00,6,0,0.002980527245191606
2025-11-24 05:00:00,6,0,0.002980527245191606
2025-11-24 06:00:00,6,0,0.002980527245191606
2025-11-24 07:00:00,6,0,0.002980527245191606
2025-11-24 08:00:00,6,0,0.002980527245191606
2025-11-24 09:00:00,6,0,0.002980527245191606
2025-11-24 10:00:00,6,0,0.002980527245191606
2025-11-24 11:00:00,6,0,0.0034069434295858373
2025-11-24 12:00:00,6,0,0.004601278067730592
2025-11-24 13:00:00,6,0,0.015809905957193563
2025-11-24 14:00:00,6,0,0.003062929319127964
2025-11-24 15:00:00,6,0,0.002980527245191606
2025-11-24 16:00:00,6,0,0.002980527245191606
2025-11-24 17:00:00,6,0,0.002980527245191606
2025-11-24 18:00:00,6,0,0.002980527245191606
2025-11-24 19:00:00,6,0,0.002980527245191606
2025-11-24 20:00:00,6,0,0.002980527245191606
2025-11-24 21:00:00,6,0,0.002980527245191606
2025-11-24 22:00:00,6,0,0.002980527245191606
2025-11-24 23:00:00,6,0,0.002980527245191606
2025-11-25 00:00:00,6,0,0.002980527245191606
2025-11-25 01:00:00,6,0,0.002980527245191606
2025-11-25 02:00:00,6,0,0.002980527245191606
2025-11-25 03:00:00,6,0,0.002980527245191606
2025-11-25 04:00:00,6,0,0.002980527245191606
2025-11-25 05:00:00,6,0,0.002980527245191606
2025-11-25 06:00:00,6,0,0.002980527245191606
2025-11-25 07:00:00,6,0,0.002980527245191606
2025-11-25 08:00:00,6,0,0.002980527245191606
2025-11-25 09:00:00,6,0,0.002980527245191606
2025-11-25 10:00:00,6,0,0.002980527245191606
2025-11-25 11:00:00,6,0,0.0031871185221449944
2025-11-25 12:00:00,6,0,0.008582856605055224
2025-11-25 13:00:00,6,0,0.05868887704632711
2025-11-25 14:00:00,6,0,0.018802325072851882
2025-11-25 15:00:00,6,0,0.003062929319127964
2025-11-25 16:00:00,6,0,0.002980527245191606
2025-11-25 17:00:00,6,0,0.002980527245191606
2025-11-25 18:00:00,6,0,0.002980527245191606
2025-11-25 19:00:00,6,0,0.002980527245191606
2025-11-25 20:00:00,6,0,0.002980527245191606
2025-11-25 21:00:00,6,0,0.002980527245191606
2025-11-25 22:00:00,6,0,0.002980527245191606
2025-11-25 23:00:00,6,0,0.002980527245191606
2025-11-26 00:00:00,6,0,0.002980527245191606
2025-11-26 01:00:00,6,0,0.002980527245191606
2025-11-26 02:00:00,6,0,0.002980527245191606
2025-11-26 03:00:00,6,0,0.002980527245191606
2025-11-26 04:00:00,6,0,0.002980527245191606
2025-11-26 05:00:00,6,0,0.002980527245191606
2025-11-26 06:00:00,6,0,0.002980527245191606
2025-11-26 07:00:00,6,0,0.002980527245191606
2025-11-26 08:00:00,6,0,0.002980527245191606
2025-11-26 09:00:00,6,0,0.002980527245191606
2025-11-26 10:00:00,6,0,0.002980527245191606
2025-11-26 11:00:00,6,0,0.002980527245191606
2025-11-26 12:00:00,6,0,0.01801840294079041
2025-11-26 13:00:00,6,0,0.01801840294079041
2025-11-26 14:00:00,6,0,0.01203309978807054
2025-11-26 15:00:00,6,0,0.002980527245191606
2025-11-26 16:00:00,6,0,0.002980527245191606
2025-11-26 17:00:00,6,0,0.002980527245191606
2025-11-26 18:00:00,6,0,0.002980527245191606
2025-11-26 19:00:00,6,0,0.002980527245191606
2025-11-26 20:00:00,6,0,0.002980527245191606
2025-11-26 21:00:00,6,0,0.002980527245191606
2025-11-26 22:00:00,6,0,0.002980527245191606
2025-11-26 23:00:00,6,0,0.002980527245191606
2025-11-27 00:00:00,6,0,0.002980527245191606
2025-11-27 01:00:00,6,0,0.002980527245191606
2025-11-27 02:00:00,6,0,0.002980527245191606
2025-11-27 03:00:00,6,0,0.002980527245191606
2025-11-27 04:00:00,6,0,0.002980527245191606
2025-11-27 05:00:00,6,0,0.002980527245191606
2025-11-27 06:00:00,6,0,0.002980527245191606
2025-11-27 07:00:00,6,0,0.002980527245191606
2025-11-27 08:00:00,6,0,0.002980527245191606
2025-11-27 09:00:00,6,0,0.002980527245191606
2025-11-27 10:00:00,6,0,0.002980527245191606
2025-11-27 11:00:00,6,0,0.002980527245191606
2025-11-27 12:00:00,6,0,0.0031871185221449944
2025-11-27 13:00:00,6,0,0.02276441275906402
2025-11-27 14:00:00,6,0,0.02276441275906402
2025-11-27 15:00:00,6,0,0.004601278067730592
2025-11-27 16:00:00,6,0,0.002980527245191606
2025-11-27 17:00:00,6,0,0.0031871185221449944
2025-11-27 18:00:00,6,0,0.002980527245191606
2025-11-27 19:00:00,6,0,0.002980527245191606
2025-11-27 20:00:00,6,0,0.002980527245191606
2025-11-27 21:00:00,6,0,0.002980527245191606
2025-11-27 22:00:00,6,0,0.002980527245191606
2025-11-27 23:00:00,6,0,0.002980527245191606
2025-11-28 00:00:00,6,0,0.002980527245191606
2025-11-28 01:00:00,6,0,0.002980527245191606
2025-11-28 02:00:00,6,0,0.002980527245191606
2025-11-28 03:00:00,6,0,0.002980527245191606
2025-11-28 04:00:00,6,0,0.002980527245191606
2025-11-28 05:00:00,6,0,0.002980527245191606
2025-11-28 06:00:00,6,0,0.002980527245191606
2025-11-28 07:00:00,6,0,0.002980527245191606
2025-11-28 08:00:00,6,0,0.002980527245191606
2025-11-28 09:00:00,6,0,0.002980527245191606
2025-11-28 10:00:00,6,0,0.002980527245191606
2025-11-28 11:00:00,6,0,0.002980527245191606
2025-11-28 12:00:00,6,0,0.002980527245191606
2025-11-28 13:00:00,6,0,0.0031871185221449944
2025-11-28 14:00:00,6,0,0.002980527245191606
2025-11-28 15:00:00,6,0,0.002980527245191606
2025-11-28 16:00:00,6,0,0.002980527245191606
2025-11-28 17:00:00,6,0,0.0031871185221449944
2025-11-28 18:00:00,6,0,0.002980527245191606
2025-11-28 19:00:00,6,0,0.002980527245191606
2025-11-28 20:00:00,6,0,0.002980527245191606
2025-11-28 21:00:00,6,0,0.002980527245191606
2025-11-28 22:00:00,6,0,0.002980527245191606
2025-11-28 23:00:00,6,0,0.002980527245191606
2025-11-29 00:00:00,6,0,0.002980527245191606
2025-11-29 01:00:00,6,0,0.002980527245191606
2025-11-29 02:00:00,6,0,0.002980527245191606
2025-11-29 03:00:00,6,0,0.002980527245191606
2025-11-29 04:00:00,6,0,0.002980527245191606
2025-11-29 05:00:00,6,0,0.002980527245191606
2025-11-29 06:00:00,6,0,0.002980527245191606
2025-11-29 07:00:00,6,0,0.002980527245191606
2025-11-29 08:00:00,6,0,0.002980527245191606
2025-11-29 09:00:00,6,0,0.002980527245191606
2025-11-29 10:00:00,6,0,0.002980527245191606
2025-11-29 11:00:00,6,0,0.005407392733616507
2025-11-29 12:00:00,6,0,0.0031274376416709497
2025-11-29 13:00:00,6,0,0.022528626852141416
2025-11-29 14:00:00,6,0,0.002980527245191606
2025-11-29 15:00:00,6,0,0.002980527245191606
2025-11-29 16:00:00,6,0,0.003062929319127964
2025-11-29 17:00:00,6,0,0.002980527245191606
2025-11-29 18:00:00,6,0,0.002980527245191606
2025-11-29 19:00:00,6,0,0.002980527245191606
2025-11-29 20:00:00,6,0,0.002980527245191606
2025-11-29 21:00:00,6,0,0.002980527245191606
2025-11-29 22:00:00,6,0,0.002980527245191606
2025-11-29 23:00:00,6,0,0.002980527245191606
2025-11-30 00:00:00,6,0,0.002980527245191606
2025-11-30 01:00:00,6,0,0.002980527245191606
2025-11-30 02:00:00,6,0,0.002980527245191606
2025-11-30 03:00:00,6,0,0.002980527245191606
2025-11-30 04:00:00,6,0,0.002980527245191606
2025-11-30 05:00:00,6,0,0.002980527245191606
2025-11-30 06:00:00,6,0,0.002980527245191606
2025-11-30 07:00:00,6,0,0.002980527245191606
2025-11-30 08:00:00,6,0,0.002980527245191606
2025-11-30 09:00:00,6,0,0.002980527245191606
2025-11-30 10:00:00,6,0,0.002980527245191606
2025-11-30 11:00:00,6,0,0.002980527245191606
2025-11-30 12:00:00,6,0,0.01203309978807054
2025-11-30 13:00:00,6,0,0.015809905957193563
2025-11-30 14:00:00,6,0,0.0165684206452567
2025-11-30 15:00:00,6,0,0.0031871185221449944
2025-11-30 16:00:00,6,0,0.0031871185221449944
2025-11-30 17:00:00,6,0,0.003062929319127964
2025-11-30 18:00:00,6,0,0.002980527245191606
2025-11-30 19:00:00,6,0,0.002980527245191606
2025-11-30 20:00:00,6,0,0.002980527245191606
2025-11-30 21:00:00,6,0,0.002980527245191606
2025-11-30 22:00:00,6,0,0.002980527245191606
2025-11-30 23:00:00,6,0,0.002980527245191606
2025-12-01 00:00:00,6,0,0.002980527245191606
2025-12-01 01:00:00,6,0,0.002980527245191606
2025-12-01 02:00:00,6,0,0.002980527245191606
2025-12-01 03:00:00,6,0,0.002980527245191606
2025-12-01 04:00:00,6,0,0.002980527245191606
2025-12-01 05:00:00,6,0,0.002980527245191606
2025-12-01 06:00:00,6,0,0.002980527245191606
2025-12-01 07:00:00,6,0,0.002980527245191606
2025-12-01 08:00:00,6,0,0.002980527245191606
2025-12-01 09:00:00,6,0,0.002980527245191606
2025-12-01 10:00:00,6,0,0.002980527245191606
2025-12-01 11:00:00,6,0,0.002980527245191606
2025-12-01 12:00:00,6,0,0.01424329772284157
2025-12-01 13:00:00,6,0,0.05093656305768536
2025-12-01 14:00:00,6,0,0.05093656305768536
2025-12-01 15:00:00,6,0,0.002980527245191606
2025-12-01 16:00:00,6,0,0.002980527245191606
2025-12-01 17:00:00,6,0,0.003062929319127964
2025-12-01 18:00:00,6,0,0.002980527245191606
2025-12-01 19:00:00,6,0,0.002980527245191606
2025-12-01 20:00:00,6,0,0.002980527245191606
2025-12-01 21:00:00,6,0,0.002980527245191606
2025-12-01 22:00:00,6,0,0.002980527245191606
2025-12-01 23:00:00,6,0,0.002980527245191606
2025-12-02 00:00:00,6,0,0.002980527245191606
2025-12-02 01:00:00,6,0,0.002980527245191606
2025-12-02 02:00:00,6,0,0.002980527245191606
2025-12-02 03:00:00,6,0,0.002980527245191606
2025-12-02 04:00:00,6,0,0.002980527245191606
2025-12-02 05:00:00,6,0,0.002980527245191606
2025-12-02 06:00:00,6,0,0.002980527245191606
2025-12-02 07:00:00,6,0,0.002980527245191606
2025-12-02 08:00:00,6,0,0.002980527245191606
2025-12-02 09:00:00,6,0,0.002980527245191606
2025-12-02 10:00:00,6,0,0.002980527245191606
2025-12-02 11:00:00,6,0,0.002980527245191606
2025-12-02 12:00:00,6,0,0.002980527245191606
2025-12-02 13:00:00,6,0,0.002980527245191606
2025-12-02 14:00:00,6,0,0.002980527245191606
2025-12-02 15:00:00,6,0,0.002980527245191606
2025-12-02 16:00:00,6,0,0.002980527245191606
2025-12-02 17:00:00,6,0,0.002980527245191606
2025-12-02 18:00:00,6,0,0.002980527245191606
2025-12-02 19:00:00,6,0,0.002980527245191606
2025-12-02 20:00:00,6,0,0.002980527245191606
2025-12-02 21:00:00,6,0,0.002980527245191606
2025-12-02 22:00:00,6,0,0.002980527245191606
2025-12-02 23:00:00,6,0,0.002980527245191606
2025-12-03 00:00:00,6,0,0.002980527245191606
2025-12-03 01:00:00,6,0,0.002980527245191606
2025-12-03 02:00:00,6,0,0.002980527245191606
2025-12-03 03:00:00,6,0,0.002980527245191606
2025-12-03 04:00:00,6,0,0.002980527245191606
2025-12-03 05:00:00,6,0,0.002980527245191606
2025-12-03 06:00:00,6,0,0.002980527245191606
2025-12-03 07:00:00,6,0,0.002980527245191606
2025-12-03 08:00:00,6,0,0.002980527245191606
2025-12-03 09:00:00,6,0,0.002980527245191606
2025-12-03 10:00:00,6,0,0.002980527245191606
2025-12-03 11:00:00,6,0,0.002980527245191606
2025-12-03 12:00:00,6,0,0.002980527245191606
2025-12-03 13:00:00,6,0,0.002980527245191606
2025-12-03 14:00:00,6,0,0.002980527245191606
2025-12-03 15:00:00,6,0,0.002980527245191606
2025-12-03 16:00:00,6,0,0.002980527245191606
2025-12-03 17:00:00,6,0,0.002980527245191606
2025-12-03 18:00:00,6,0,0.002980527245191606
