tree
version=v4
num_class=1
num_tree_per_iteration=1
label_index=0
max_feature_idx=14
objective=binary sigmoid:1
feature_names=v2_margin day1_minus_v2 day1_cloud v2_solar_ratio target_hour_sin target_hour_cos target_season_sin target_season_cos ecmwf_minus_v2 gfs_minus_v2 forecast_disagreement past_v2_bias past_v2_mae past_ecmwf_bias past_ecmwf_mae
feature_infos=[-6:3.758532621789608] [-2.3377538110635148:1.5348695586576695] [0:1] [0:1.0714081310946868] [-1:1] [-1:1] [-0.99999942202469239:0.99998555065071859] [-0.99997919295908244:1] [-4.7653418399051262:2.3900335800961896] [-5.5768309152608468:3.9660876808156758] [0:5.4199999999999999] [-0.13105780916100815:0.10015305162903422] [0.045620427075546199:0.27540272951249539] [-0.07244444444444445:0.1450595238095238] [0.044523809523809528:0.30386904761904765]
tree_sizes=560 576 681 678 680 681 677 681 676 783 681 678 679 681 782 575 785 783 680 782 786 889 787 891 788 787 788 789 787 793 788 887 893 889 890 888 889 890 885 888 787 889 789 783 780 888 786 786 681 784 787 782 888 788 789 785 785 886 785 779 787 891 784 781 788 884 784 784 790 782 779 889 785 779 787 788 785 891 892 785 887 784 788 890 782 783 889 787 787 894 786 889 888 893 893 679 678 893 681 680 682 896 680 679 680 893 682 682 892 682 681 893 685 683 891 678 784 683 681 681 889 681 683 788 783 789 894 787 900 785 899 783 901 898 901 788 892 897 787 796 900 685 898 687 797 784 884 902 896 797

Tree=0
num_leaves=4
num_cat=0
split_feature=0 0 9
split_gain=7671.99 75.4295 25.9244
threshold=1.0000000180025095e-35 -0.35528030068657468 1.2114741189984639
decision_type=2 2 2
left_child=1 2 -1
right_child=-2 -3 -4
leaf_value=-1.6653636703423225 -1.4673690625698468 -1.6158855078112078 -1.627099047878976
leaf_weight=1004.201670050621 206.2921450138092 24.108510971069336 14.656878829002379
leaf_count=7331 1506 176 107
internal_value=-1.63011 -1.66353 -1.66479
internal_weight=1249.26 1042.97 1018.86
internal_count=9120 7614 7438
is_linear=0
shrinkage=1


Tree=1
num_leaves=4
num_cat=0
split_feature=0 0 9
split_gain=6680.09 51.5944 25.565
threshold=-0.039999152243334481 -0.35528030068657468 1.2114741189984639
decision_type=2 2 2
left_child=1 2 -1
right_child=-2 -3 -4
leaf_value=-0.035040913687824693 0.1416550600641629 0.0090784444902527548 0.0029500961019565536
leaf_weight=980.5104832649231 232.32414275407791 21.297025322914124 14.686527147889135
leaf_count=7331 1528 154 107
internal_value=-1.98563e-05 -0.0334648 -0.0344565
internal_weight=1248.82 1016.49 995.197
internal_count=9120 7592 7438
is_linear=0
shrinkage=0.03


Tree=2
num_leaves=5
num_cat=0
split_feature=0 0 9 0
split_gain=5913.2 50.6862 25.2186 9.44581
threshold=-0.039999152243334481 -0.35528030068657468 1.2114741189984639 0.21276369247119364
decision_type=2 2 2 2
left_child=1 2 -1 -2
right_child=3 -3 -4 -5
leaf_value=-0.034832320084621893 0.053996390526155742 0.0088559400277597785 0.0028939809739156582 0.13070800304335276
leaf_weight=957.20305804908276 21.244041591882706 21.426414132118225 14.715634956955908 231.82211315631866
leaf_count=7331 130 154 107 1398
internal_value=-3.57674e-05 -0.0332289 -0.0342375 0.126566
internal_weight=1246.41 993.345 971.919 253.066
internal_count=9120 7592 7438 1528
is_linear=0
shrinkage=0.03


Tree=3
num_leaves=5
num_cat=0
split_feature=0 9 0 0
split_gain=5314.83 46.9728 38.8896 8.06954
threshold=-0.12040844598438638 1.2970465919485459 0.13642533258286335 -0.35528030068657468
decision_type=2 2 2 2
left_child=1 3 -2 -1
right_child=2 -3 -4 -5
leaf_value=-0.034634494439860095 0.042809678861774045 0.014068914626253081 0.11753597711179074 -0.0063809946609853568
leaf_weight=936.7668294608593 21.919713646173477 13.383507683873175 255.51987934112549 14.275306552648543
leaf_count=7349 138 97 1434 102
internal_value=-3.36293e-05 -0.0334728 0.113327 -0.0342812
internal_weight=1241.87 964.426 277.44 951.042
internal_count=9120 7548 1572 7451
is_linear=0
shrinkage=0.03


Tree=4
num_leaves=5
num_cat=0
split_feature=0 9 0 0
split_gain=4824.29 46.1436 26.2109 8.01548
threshold=-0.12040844598438638 1.2970465919485459 0.13642533258286335 -0.35528030068657468
decision_type=2 2 2 2
left_child=1 3 -2 -1
right_child=2 -3 -4 -5
leaf_value=-0.034440209214762055 0.041191209331150919 0.013751947970044257 0.10758215583247117 -0.0062842930530995038
leaf_weight=914.18755672872066 22.481705158948898 13.509773612022398 271.44965314865112 14.214918673038481
leaf_count=7349 138 97 1434 102
internal_value=-3.30379e-05 -0.0332574 0.104027 -0.0340807
internal_weight=1235.84 941.912 293.931 928.402
internal_count=9120 7548 1572 7451
is_linear=0
shrinkage=0.03


Tree=5
num_leaves=5
num_cat=0
split_feature=0 9 0 8
split_gain=4413.94 43.3403 31.3208 4.71102
threshold=-0.16827533197495367 1.2970465919485459 0.13642533258286335 0.49429873469870167
decision_type=2 2 2 2
left_child=1 3 -2 -1
right_child=2 -3 -4 -5
leaf_value=-0.034395587936151287 0.039064988079560513 0.012764742246104861 0.099394304213635015 -0.0089344994302263687
leaf_weight=888.45777407288551 26.083744078874588 13.348528981208799 285.58941587805748 14.932786628603933
leaf_count=7309 160 95 1434 122
internal_value=-3.08395e-05 -0.0332647 0.0957168 -0.0340771
internal_weight=1228.41 916.739 311.673 903.391
internal_count=9120 7526 1594 7431
is_linear=0
shrinkage=0.03


Tree=6
num_leaves=5
num_cat=0
split_feature=0 9 0 8
split_gain=4064.31 42.6155 24.3568 4.70387
threshold=-0.16827533197495367 1.2970465919485459 0.21276369247119364 0.49429873469870167
decision_type=2 2 2 2
left_child=1 3 -2 -1
right_child=2 -3 -4 -5
leaf_value=-0.034216307146398096 0.042273464942647491 0.012484502314676358 0.093178176054986295 -0.0088080750688212511
leaf_weight=866.70076461136341 33.925703018903732 13.461457118391989 290.83591890335083 14.837685972452162
leaf_count=7309 196 95 1398 122
internal_value=-2.85391e-05 -0.0330645 0.0892821 -0.0338922
internal_weight=1219.76 895 324.762 881.538
internal_count=9120 7526 1594 7431
is_linear=0
shrinkage=0.03


Tree=7
num_leaves=5
num_cat=0
split_feature=0 9 0 8
split_gain=3762.23 41.9112 19.6928 4.69928
threshold=-0.16827533197495367 1.2970465919485459 0.13642533258286335 0.49429873469870167
decision_type=2 2 2 2
left_child=1 3 -2 -1
right_child=2 -3 -4 -5
leaf_value=-0.034043106309241879 0.036026789679546097 0.012211071380460589 0.086750721172603296 -0.0086833867622927424
leaf_weight=845.35044440627098 27.318233668804169 13.572224214673041 308.98367348313332 14.744244016706942
leaf_count=7309 160 95 1434 122
internal_value=-2.40071e-05 -0.0328696 0.0837897 -0.0337132
internal_weight=1209.97 873.667 336.302 860.095
internal_count=9120 7526 1594 7431
is_linear=0
shrinkage=0.03


Tree=8
num_leaves=5
num_cat=0
split_feature=0 9 0 8
split_gain=3497.41 41.2265 16.37 4.69703
threshold=-0.16827533197495367 1.2970465919485459 0.21276369247119364 0.49429873469870167
decision_type=2 2 2 2
left_child=1 3 -2 -1
right_child=2 -3 -4 -5
leaf_value=-0.033875678429764668 0.038759916591140732 0.011944257460248854 0.08227841343281915 -0.00856040774353292
leaf_weight=824.40858280658722 35.510773152112961 13.680858492851256 310.93375378847122 14.652432076632975
leaf_count=7309 196 95 1398 122
internal_value=-2.02017e-05 -0.0326799 0.0790303 -0.0335396
internal_weight=1199.19 852.742 346.445 839.061
internal_count=9120 7526 1594 7431
is_linear=0
shrinkage=0.03


Tree=9
num_leaves=6
num_cat=0
split_feature=0 9 0 8 8
split_gain=3263.62 40.5606 13.7808 4.6969 0.572188
threshold=-0.16827533197495367 1.2970465919485459 0.13642533258286335 0.49429873469870167 -0.51068825108087468
decision_type=2 2 2 2 2
left_child=1 3 -2 -1 -4
right_child=2 -3 4 -5 -6
leaf_value=-0.033713729610836095 0.033340946871004341 0.011683878946329279 0.035049062286699711 -0.0084391211151533512 0.079382017108112601
leaf_weight=803.87596498429775 28.448093742132187 13.787387028336523 23.000495746731758 14.562221273779867 303.82422287762165
leaf_count=7309 160 95 101 122 1333
internal_value=-1.47113e-05 -0.032495 0.074877 -0.0333713 0.0773953
internal_weight=1187.5 832.226 355.273 818.438 326.825
internal_count=9120 7526 1594 7431 1434
is_linear=0
shrinkage=0.03


Tree=10
num_leaves=5
num_cat=0
split_feature=0 9 0 8
split_gain=3057.28 39.9127 12.4233 4.69868
threshold=-0.16827533197495367 1.2970465919485459 0.21276369247119364 0.49429873469870167
decision_type=2 2 2 2
left_child=1 3 -2 -1
right_child=2 -3 -4 -5
leaf_value=-0.033556981150052692 0.035723407206857322 0.011429758835798155 0.074101761618015557 -0.0083195016976838256
leaf_weight=783.75277573615313 36.916398078203201 13.891838401556013 325.88572031259537 14.473584488034247
leaf_count=7309 196 95 1398 122
internal_value=-6.24379e-07 -0.0323147 0.0712596 -0.033208
internal_weight=1174.92 812.118 362.802 798.226
internal_count=9120 7526 1594 7431
is_linear=0
shrinkage=0.03


Tree=11
num_leaves=5
num_cat=0
split_feature=0 9 0 8
split_gain=2869.8 39.282 10.9463 4.70219
threshold=-0.16827533197495367 1.2970465919485459 0.21276369247119364 0.49429873469870167
decision_type=2 2 2 2
left_child=1 3 -2 -1
right_child=2 -3 -4 -5
leaf_value=-0.033405171593771224 0.034412845134680889 0.011181723176150899 0.070681557674315165 -0.0082015278898521331
leaf_weight=764.03842829167843 37.543682128190994 13.994243577122687 331.79434823989868 14.386494010686873
leaf_count=7309 196 95 1398 122
internal_value=5.1839e-06 -0.0321386 0.0679992 -0.0330493
internal_weight=1161.76 792.419 369.338 778.425
internal_count=9120 7526 1594 7431
is_linear=0
shrinkage=0.03


Tree=12
num_leaves=5
num_cat=0
split_feature=0 8 8 0
split_gain=2700.35 38.6763 11.3281 1.72411
threshold=-0.16827533197495367 0.49429873469870167 -0.51068825108087468 0.13642533258286335
decision_type=2 2 2 2
left_child=1 -1 -2 -4
right_child=2 -3 3 -5
leaf_value=-0.033125204931241485 0.027929843688887401 0.0046828314811591535 0.032096847207195377 0.06899692614425823
leaf_weight=750.36412741243839 27.01202167570591 22.763002477586269 27.042708545923233 320.79753997921944
leaf_count=7347 117 179 144 1333
internal_value=1.11519e-05 -0.0319664 0.0650814 0.0671053
internal_weight=1147.98 773.127 374.852 347.84
internal_count=9120 7526 1594 1477
is_linear=0
shrinkage=0.03


Tree=13
num_leaves=5
num_cat=0
split_feature=0 9 0 8
split_gain=2547.67 38.7369 9.89843 4.56276
threshold=-0.16827533197495367 1.2970465919485459 0.21276369247119364 0.49429873469870167
decision_type=2 2 2 2
left_child=1 3 -2 -1
right_child=2 -3 -4 -5
leaf_value=-0.033115952195297657 0.031837853325823139 0.011163335084160503 0.064964407073954705 -0.0081516153139413201
leaf_weight=725.90522140264511 38.759213969111443 14.001209646463392 340.61007402837276 14.349746860563753
leaf_count=7309 196 95 1398 122
internal_value=2.51882e-05 -0.0317966 0.0624845 -0.0327471
internal_weight=1133.63 754.256 379.369 740.255
internal_count=9120 7526 1594 7431
is_linear=0
shrinkage=0.03


Tree=14
num_leaves=6
num_cat=0
split_feature=0 9 8 8 0
split_gain=2406.79 38.1383 10.8874 4.57315 1.55059
threshold=-0.16827533197495367 1.2970465919485459 -0.51068825108087468 0.49429873469870167 0.13642533258286335
decision_type=2 2 2 2 2
left_child=1 3 -2 -1 -4
right_child=2 -3 4 -5 -6
leaf_value=-0.032977498215696309 0.025624281694668429 0.010921665247214409 0.029995880689166809 -0.0080359555864689802 0.06375093996252966
leaf_weight=707.40574702620506 27.526666402816772 14.10143122076988 27.881145969033241 14.264816731214522 327.6793809980154
leaf_count=7309 117 95 144 122 1333
internal_value=3.12175e-05 -0.0316317 0.0601018 -0.0326011 0.061997
internal_weight=1118.86 735.772 383.087 721.671 355.561
internal_count=9120 7526 1594 7431 1477
is_linear=0
shrinkage=0.03


Tree=15
num_leaves=4
num_cat=0
split_feature=0 8 0
split_gain=2278.71 37.6369 9.58141
threshold=-0.16827533197495367 0.49429873469870167 0.21276369247119364
decision_type=2 2 2
left_child=1 -1 -2
right_child=2 -3 -4
leaf_value=-0.032702286681864368 0.029541997064372747 0.0046201309842677238 0.060309628767114848
leaf_weight=694.89955803751945 39.841129720211029 22.788121163845062 346.11764678359032
leaf_count=7347 196 179 1398
internal_value=4.43476e-05 -0.03147 0.0579599
internal_weight=1103.65 717.688 385.959
internal_count=9120 7526 1594
is_linear=0
shrinkage=0.03


Tree=16
num_leaves=6
num_cat=0
split_feature=0 9 8 8 0
split_gain=2159.43 37.6296 10.7621 4.44994 1.79299
threshold=-0.16827533197495367 1.2970465919485459 -0.51068825108087468 0.49429873469870167 0.13642533258286335
decision_type=2 2 2 2 2
left_child=1 3 -2 -1 -4
right_child=2 -3 4 -5 -6
leaf_value=-0.032712994057758654 0.023572254994432291 0.010902140009698616 0.028096862791216915 -0.0079874750897037175 0.059447302225280323
leaf_weight=671.67982339859009 27.917232483625412 14.107769891619681 28.644676864147186 14.22931172698736 331.59237919747829
leaf_count=7309 117 95 144 122 1333
internal_value=5.08495e-05 -0.0313098 0.0559741 -0.0323222 0.0577807
internal_weight=1088.17 700.017 388.154 685.909 360.237
internal_count=9120 7526 1594 7431 1477
is_linear=0
shrinkage=0.03


Tree=17
num_leaves=6
num_cat=0
split_feature=0 9 0 8 8
split_gain=2050.22 37.0592 10.0013 15.1078 4.46573
threshold=-0.16827533197495367 1.2970465919485459 0.49320639349421019 -0.090634811457371983 0.49429873469870167
decision_type=2 2 2 2 2
left_child=1 4 3 -2 -1
right_child=2 -3 -4 -5 -6
leaf_value=-0.032585979271696409 0.008460614308147733 0.010666703899149798 0.057490990334981548 0.042020932053946795 -0.0078740770282022358
leaf_weight=654.36940942704678 23.307038828730583 14.205801531672476 321.8849481344223 44.441988199949265 14.146482326090334
leaf_count=7309 106 95 1290 198 122
internal_value=6.35951e-05 -0.031154 0.0541743 0.0330487 -0.0321868
internal_weight=1072.36 682.722 389.634 67.749 668.516
internal_count=9120 7526 1594 304 7431
is_linear=0
shrinkage=0.03


Tree=18
num_leaves=5
num_cat=0
split_feature=0 8 8 0
split_gain=1948.68 36.6609 10.4182 2.8476
threshold=-0.16827533197495367 0.49429873469870167 -0.51068825108087468 0.21276369247119364
decision_type=2 2 2 2
left_child=1 -1 -2 -4
right_child=2 -3 3 -5
leaf_value=-0.032312829681235861 0.021865525153956889 0.0045538699777806788 0.028732091069953225 0.05620686009279683
leaf_weight=643.00136559456587 28.163911312818527 22.813956722617149 37.161437898874283 325.23539569973946
leaf_count=7347 117 179 176 1301
internal_value=7.61066e-05 -0.0310009 0.0525065 0.0542367
internal_weight=1056.38 665.815 390.561 362.397
internal_count=9120 7526 1594 1477
is_linear=0
shrinkage=0.03


Tree=19
num_leaves=6
num_cat=0
split_feature=0 9 0 8 8
split_gain=1854.35 36.5809 10.2407 14.3025 4.35592
threshold=-0.16827533197495367 1.2970465919485459 0.49320639349421019 -0.090634811457371983 0.49429873469870167
decision_type=2 2 2 2 2
left_child=1 4 3 -2 -1
right_child=2 -3 -4 -5 -6
leaf_value=-0.032342631860549635 0.0075043954208744799 0.010646450672054619 0.054194043526910651 0.039493606903554926 -0.0078269252857001426
leaf_weight=620.98755999654531 23.522749617695808 14.21135802567005 322.21464498341084 45.132259637117386 14.112132929265497
leaf_count=7309 106 95 1290 198 122
internal_value=8.97346e-05 -0.0308485 0.0509717 0.0308809 -0.0319277
internal_weight=1040.18 649.311 390.87 68.655 635.1
internal_count=9120 7526 1594 304 7431
is_linear=0
shrinkage=0.03


Tree=20
num_leaves=6
num_cat=0
split_feature=0 9 8 8 0
split_gain=1766.11 36.0354 10.2689 4.37586 3.81669
threshold=-0.16827533197495367 1.2970465919485459 -0.51068825108087468 0.49429873469870167 0.21276369247119364
decision_type=2 2 2 2 2
left_child=1 3 -2 -1 -4
right_child=2 -3 4 -5 -6
leaf_value=-0.032225396645378802 0.020312992323307917 0.010417108173366763 0.026881086832458188 -0.0077157439917559705 0.053170573598276982
leaf_weight=604.82973703742027 28.327813029289246 14.307199537754057 37.937577158212662 14.031345658004282 324.45855458080769
leaf_count=7309 117 95 176 122 1301
internal_value=0.000101731 -0.0307001 0.0495366 -0.0318012 0.0512142
internal_weight=1023.89 633.168 390.724 618.861 362.396
internal_count=9120 7526 1594 7431 1477
is_linear=0
shrinkage=0.03


Tree=21
num_leaves=7
num_cat=0
split_feature=0 8 0 8 9 10
split_gain=1683.79 35.7373 10.6595 13.5943 0.430314 0.130305
threshold=-0.16827533197495367 0.49429873469870167 0.49320639349421019 -0.090634811457371983 1.0966269780974747 1.1150000000000004
decision_type=2 2 2 2 2 2
left_child=1 4 3 -2 -1 -4
right_child=2 -3 5 -5 -6 -7
leaf_value=-0.032156695624380498 0.0066250322138769807 0.0044844706499271242 0.052945028858009252 0.037231563309681727 -0.008015559532595317 0.025302160881069728
leaf_weight=586.10888220369816 23.704268857836723 22.840290732681751 292.7874656021595 45.662174552679062 8.4510858505964261 27.900975227355957
leaf_count=7274 106 179 1178 198 73 112
internal_value=0.000114239 -0.0305539 0.0482078 0.0289251 -0.0319518 0.0513779
internal_weight=1007.46 617.4 390.055 69.3664 594.56 320.688
internal_count=9120 7526 1594 304 7347 1290
is_linear=0
shrinkage=0.03


Tree=22
num_leaves=6
num_cat=0
split_feature=0 8 0 8 9
split_gain=1607.34 35.3202 10.7549 1.8193 0.456816
threshold=-0.16827533197495367 0.49429873469870167 0.21276369247119364 -0.45599251522844603 1.0966269780974747
decision_type=2 2 2 2 2
left_child=1 4 -2 -4 -1
right_child=2 -3 3 -5 -6
leaf_value=-0.032046273961094877 0.023144736798608536 0.0043813452498236002 0.023007310382497068 0.050619001080627869 -0.0079262379581958708
leaf_weight=570.75096780061722 42.811597645282745 22.910849161446095 26.703005030751228 319.47959071397781 8.4033478796482068
leaf_count=7274 196 179 107 1291 73
internal_value=0.000131956 -0.0304095 0.0469798 0.0491949 -0.0318368
internal_weight=991.059 602.065 388.994 346.183 579.154
internal_count=9120 7526 1594 1398 7347
is_linear=0
shrinkage=0.03


Tree=23
num_leaves=7
num_cat=0
split_feature=0 0 8 9 8 0
split_gain=1536.37 25.8396 30.3348 22.3949 4.94437 0.218013
threshold=-0.35528030068657468 0.058201897996896727 -0.025354085082762618 1.2970465919485459 -0.45599251522844603 -0.59206692565574526
decision_type=2 2 2 2 2 2
left_child=3 2 -2 5 -3 -1
right_child=1 4 -4 -5 -6 -7
leaf_value=-0.031923927571695473 -0.012075710073411088 0.021427798067007588 0.034097359629377308 0.0044630224164913341 0.049023002484391072 -0.0078312052462578656
leaf_weight=557.2269362360239 16.217813685536385 28.568559497594833 18.348198339343071 13.439950749278067 332.85865141451359 7.933586858212947
leaf_count=7247 108 115 104 89 1355 102
internal_value=0.000142657 0.0450362 0.0145851 -0.0308256 0.0474774 -0.0317278
internal_weight=974.594 395.993 34.566 578.6 361.427 565.161
internal_count=9120 1682 212 7438 1470 7349
is_linear=0
shrinkage=0.03


Tree=24
num_leaves=6
num_cat=0
split_feature=0 0 8 8 9
split_gain=1468.38 32.1669 22.4354 5.82189 4.77653
threshold=-0.35528030068657468 1.0000000180025095e-35 0.79745647978066236 -0.45599251522844603 1.2970465919485459
decision_type=2 2 2 2 2
left_child=2 -2 4 -3 -1
right_child=1 3 -4 -5 -6
leaf_value=-0.031813208088036032 0.0083194203217024712 0.02060469090960388 0.0088634424097166018 0.047788180757799587 -0.0037924419182110668
leaf_weight=546.7849940508604 26.472834780812263 29.237805098295212 8.7119831293821317 338.47417619824409 8.4544010609388334
leaf_count=7316 176 118 65 1388 57
internal_value=0.000152469 0.0439523 -0.0306947 0.0462295 -0.0314612
internal_weight=958.136 394.185 563.951 367.712 555.239
internal_count=9120 1682 7438 1506 7373
is_linear=0
shrinkage=0.03


Tree=25
num_leaves=6
num_cat=0
split_feature=0 0 8 8 9
split_gain=1403.67 30.8909 22.1631 5.53861 4.76593
threshold=-0.35528030068657468 1.0000000180025095e-35 0.79745647978066236 -0.45599251522844603 1.2970465919485459
decision_type=2 2 2 2 2
left_child=2 -2 4 -3 -1
right_child=1 3 -4 -5 -6
leaf_value=-0.031708514610492664 0.0081116443895768962 0.020141225901229447 0.0087152781559396361 0.04669424033793064 -0.0037445226243314009
leaf_weight=532.3831355497241 26.590725108981133 29.243280977010727 8.7635084688663465 336.27882960438728 8.4339947551488859
leaf_count=7316 176 118 65 1388 57
internal_value=0.00016054 0.0429144 -0.0305651 0.0451628 -0.0313483
internal_weight=941.693 392.113 549.581 365.522 540.817
internal_count=9120 1682 7438 1506 7373
is_linear=0
shrinkage=0.03


Tree=26
num_leaves=6
num_cat=0
split_feature=0 0 8 8 9
split_gain=1342.59 29.7253 21.8956 5.30472 4.75585
threshold=-0.35528030068657468 1.0000000180025095e-35 0.79745647978066236 -0.45599251522844603 1.2970465919485459
decision_type=2 2 2 2 2
left_child=2 -2 4 -3 -1
right_child=1 3 -4 -5 -6
leaf_value=-0.031606080904077814 0.0079095830099293468 0.019691208711565805 0.0085696192412174129 0.045666049822601619 -0.0036972255995603139
leaf_weight=518.32993325591087 26.705617591738701 29.242780417203903 8.8142858073115331 333.79715275764465 8.4138599634170514
leaf_count=7316 176 118 65 1388 57
internal_value=0.000168538 0.041934 -0.0304372 0.0441577 -0.0312375
internal_weight=925.304 389.746 535.558 363.04 526.744
internal_count=9120 1682 7438 1506 7373
is_linear=0
shrinkage=0.03


Tree=27
num_leaves=6
num_cat=0
split_feature=0 0 9 9 8
split_gain=1284.85 28.6563 21.6755 5.6183 0.740106
threshold=-0.35528030068657468 1.0000000180025095e-35 1.2970465919485459 0.071846952082179616 0.53397280264895264
decision_type=2 2 2 2 2
left_child=2 -2 4 -3 -1
right_child=1 3 -4 -5 -6
leaf_value=-0.031590487684552207 0.0077130503316226572 0.017192836078429381 0.0043272050578224298 0.044528017327763063 -0.0087688010404001707
leaf_weight=497.8544692248106 26.817591972649097 24.165267199277878 13.497442543506621 336.12971691787243 10.526045374572275
leaf_count=7251 176 100 89 1406 98
internal_value=0.000176458 0.0410056 -0.0303109 0.0432084 -0.0312962
internal_weight=908.991 387.113 521.878 360.295 508.381
internal_count=9120 1682 7438 1506 7349
is_linear=0
shrinkage=0.03


Tree=28
num_leaves=6
num_cat=0
split_feature=0 0 8 8 9
split_gain=1230.1 27.6522 21.5412 5.84783 4.6606
threshold=-0.35528030068657468 1.0000000180025095e-35 0.79745647978066236 -0.45599251522844603 1.2970465919485459
decision_type=2 2 2 2 2
left_child=2 -2 4 -3 -1
right_child=1 3 -4 -5 -6
leaf_value=-0.031408997969909924 0.0075218685648853921 0.018408812179412263 0.0084484572177331747 0.04381700733395142 -0.0037051827570445065
leaf_weight=491.32746890187263 26.926723837852478 29.204806238412857 8.8533333241939527 328.19187900424004 8.4172463864088041
leaf_count=7316 176 118 65 1388 57
internal_value=0.000180389 0.0401144 -0.0301874 0.0422983 -0.0310242
internal_weight=892.921 384.323 508.598 357.397 499.745
internal_count=9120 1682 7438 1506 7373
is_linear=0
shrinkage=0.03


Tree=29
num_leaves=6
num_cat=0
split_feature=0 0 9 9 0
split_gain=1178.29 26.7424 21.2963 5.71692 0.966815
threshold=-0.35528030068657468 1.0000000180025095e-35 1.2970465919485459 0.071846952082179616 -0.59206692565574526
decision_type=2 2 2 2 2
left_child=2 -2 4 -3 -1
right_child=1 3 -4 -5 -6
leaf_value=-0.031321723295517925 0.0073358660815625674 0.016143826240290749 0.0042293084145792253 0.042752732738870571 -0.0061677769578178214
leaf_weight=475.12221522629261 27.033088088035583 23.961182162165642 13.540033370256422 330.24783161282539 6.9210746586322776
leaf_count=7247 176 100 89 1406 102
internal_value=0.000188072 0.0392761 -0.0300636 0.0414454 -0.0310933
internal_weight=876.825 381.242 495.583 354.209 482.043
internal_count=9120 1682 7438 1506 7349
is_linear=0
shrinkage=0.03


Tree=30
num_leaves=6
num_cat=0
split_feature=0 0 8 8 9
split_gain=1129.01 25.8805 21.3476 6.36138 4.8927
threshold=-0.35528030068657468 1.0000000180025095e-35 0.79745647978066236 -0.45599251522844603 1.4527866253136905
decision_type=2 2 2 2 2
left_child=2 -2 4 -3 -1
right_child=1 3 -4 -5 -6
leaf_value=-0.031176708888204618 0.0071548801583341598 0.017211109318094421 0.0084849507658466983 0.042160045020807287 -0.0019739896922654657
leaf_weight=467.49006274342537 27.136757284402847 29.122455939650536 8.8315138444304448 321.79128901660442 6.6344523876905432
leaf_count=7328 176 118 65 1388 45
internal_value=0.000192611 0.0384676 -0.029941 0.0406238 -0.0308173
internal_weight=861.007 378.051 482.956 350.914 474.125
internal_count=9120 1682 7438 1506 7373
is_linear=0
shrinkage=0.03


Tree=31
num_leaves=7
num_cat=0
split_feature=0 0 8 8 10 9
split_gain=1083.34 32.5675 30.213 14.9322 3.24834 0.315059
threshold=-0.53559743381964198 0.49320639349421019 -0.039533266470926802 0.79745647978066236 1.1150000000000004 1.2970465919485459
decision_type=2 2 2 2 2 2
left_child=3 2 -2 5 -3 -1
right_child=1 4 -4 -5 -6 -7
leaf_value=-0.031244390344577343 -0.0019072619644447837 0.043579451058288358 0.03193256710777552 0.0045406309600887016 0.018786621529987186 -0.0073570422918079643
leaf_weight=448.14414494112134 39.395433589816093 268.72915300726891 45.957470327615738 8.4411977753043157 26.870799496769905 7.6501296311616889
leaf_count=7236 233 1178 247 62 112 52
internal_value=0.000200709 0.0371712 0.0177515 -0.0302815 0.0420142 -0.03101
internal_weight=845.188 380.953 85.3529 464.235 295.6 455.794
internal_count=9120 1770 480 7350 1290 7288
is_linear=0
shrinkage=0.03


Tree=32
num_leaves=7
num_cat=0
split_feature=0 0 8 8 8 9
split_gain=1039.61 32.5512 35.9138 14.7899 6.37414 0.345489
threshold=-0.53559743381964198 1.0000000180025095e-35 0.032165758518958691 0.79745647978066236 -0.45599251522844603 1.2970465919485459
decision_type=2 2 2 2 2 2
left_child=3 2 -2 5 -3 -1
right_child=1 4 -4 -5 -6 -7
leaf_value=-0.031155871951076646 -0.016577411709880835 0.016347810024894282 0.033059117156906785 0.0044720747588791595 0.040702011436595131 -0.007276454077095768
leaf_weight=436.1444259993732 20.338882945477962 29.008456200361252 13.518903680145739 8.4663913771510106 314.64946463704109 7.6141101866960517
leaf_count=7236 172 118 92 62 1388 52
internal_value=0.000215018 0.0364531 0.00626055 -0.0301706 0.0391666 -0.0309155
internal_weight=829.741 377.516 33.8578 452.225 343.658 443.759
internal_count=9120 1770 264 7350 1506 7288
is_linear=0
shrinkage=0.03


Tree=33
num_leaves=7
num_cat=0
split_feature=0 0 8 8 10 9
split_gain=997.859 32.4967 27.7913 14.6499 3.44803 1.99067
threshold=-0.53559743381964198 0.49320639349421019 -0.039533266470926802 0.79745647978066236 1.1150000000000004 1.4527866253136905
decision_type=2 2 2 2 2 2
left_child=3 2 -2 5 -3 -1
right_child=1 4 -4 -5 -6 -7
leaf_value=-0.031088542496238544 -0.0022119445752568838 0.042250963739416982 0.030187319077207272 0.0044045507043387246 0.017911225332457675 -0.0042795805317077905
leaf_weight=426.04353224486113 39.148319236934185 261.78131301701069 46.197680667042732 8.4912307187914831 26.613604962825775 5.9837865531444541
leaf_count=7247 233 1178 247 62 112 41
internal_value=0.0002228 0.0357704 0.0166524 -0.0300607 0.0406804 -0.0308224
internal_weight=814.259 373.741 85.346 440.519 288.395 432.027
internal_count=9120 1770 480 7350 1290 7288
is_linear=0
shrinkage=0.03


Tree=34
num_leaves=7
num_cat=0
split_feature=0 0 8 8 10 9
split_gain=958.153 32.1395 26.3271 14.5115 3.41447 1.99583
threshold=-0.53559743381964198 0.49320639349421019 -0.039533266470926802 0.79745647978066236 1.1150000000000004 1.4527866253136905
decision_type=2 2 2 2 2 2
left_child=3 2 -2 5 -3 -1
right_child=1 4 -4 -5 -6 -7
leaf_value=-0.031002706625062791 -0.0021599119886607822 0.04161058488852247 0.029358365722836663 0.0043380405361009861 0.017566729870071237 -0.0042359527324687578
leaf_weight=414.60680355131626 39.129848800599575 258.04616737365723 46.356911659240723 8.5157196894288045 26.518994763493538 5.9672992080450049
leaf_count=7247 233 1178 247 62 112 41
internal_value=0.000237576 0.0351097 0.0162162 -0.0299512 0.0400423 -0.0307301
internal_weight=799.142 370.052 85.4868 429.09 284.565 420.574
internal_count=9120 1770 480 7350 1290 7288
is_linear=0
shrinkage=0.03


Tree=35
num_leaves=7
num_cat=0
split_feature=0 0 8 8 10 9
split_gain=920.288 31.811 24.9494 14.3752 3.39562 2.001
threshold=-0.53559743381964198 0.49320639349421019 -0.039533266470926802 0.79745647978066236 1.1150000000000004 1.4527866253136905
decision_type=2 2 2 2 2 2
left_child=3 2 -2 5 -3 -1
right_child=1 4 -4 -5 -6 -7
leaf_value=-0.030918247473555687 -0.0021090915705703449 0.041002065593565888 0.028559759151048393 0.0042725302172251494 0.017230159994691848 -0.0041928074692910893
leaf_weight=403.46276060864329 39.111773043870926 254.22582405805588 46.500957496464252 8.5398631170392019 26.422703847289085 5.9509937912225714
leaf_count=7247 233 1178 247 62 112 41
internal_value=0.000252117 0.0344746 0.0157936 -0.0298425 0.0394338 -0.030639
internal_weight=784.215 366.261 85.6127 417.954 280.649 409.414
internal_count=9120 1770 480 7350 1290 7288
is_linear=0
shrinkage=0.03


Tree=36
num_leaves=7
num_cat=0
split_feature=0 0 8 8 10 9
split_gain=884.154 31.5069 23.6522 14.2408 3.38931 2.00616
threshold=-0.53559743381964198 0.49320639349421019 -0.039533266470926802 0.79745647978066236 1.1150000000000004 1.4527866253136905
decision_type=2 2 2 2 2 2
left_child=3 2 -2 5 -3 -1
right_child=1 4 -4 -5 -6 -7
leaf_value=-0.030835080015362115 -0.0020594552158084665 0.040422954171133424 0.027789720056678121 0.0042080044444919775 0.016901227225441896 -0.0041501389157933373
leaf_weight=392.60534718260169 39.094086475670338 250.33407701551914 46.630858160555363 8.5636650994420034 26.324942395091057 5.934867411851882
leaf_count=7247 233 1178 247 62 112 41
internal_value=0.000266423 0.0338631 0.0153842 -0.0297345 0.0388525 -0.030549
internal_weight=769.488 362.384 85.7249 407.104 276.659 398.54
internal_count=9120 1770 480 7350 1290 7288
is_linear=0
shrinkage=0.03


Tree=37
num_leaves=7
num_cat=0
split_feature=0 0 8 8 9 9
split_gain=849.646 31.3799 31.2931 14.1082 7.11836 2.01128
threshold=-0.53559743381964198 1.0000000180025095e-35 0.032165758518958691 0.79745647978066236 0.071846952082179616 1.4527866253136905
decision_type=2 2 2 2 2 2
left_child=3 2 -2 5 -3 -1
right_child=1 4 -4 -5 -6 -7
leaf_value=-0.030753115615133837 -0.016593851448063968 0.01211978857039445 0.029112214823181135 0.0041444496184338793 0.037486842462271977 -0.0041079420057472983
leaf_weight=382.02855637669563 20.329697445034981 22.764071583747864 14.552750706672667 8.5871293395757657 300.78741826117039 5.9189186841249457
leaf_count=7247 172 100 92 62 1406 41
internal_value=0.000280496 0.0332733 0.00471228 -0.0296271 0.036119 -0.03046
internal_weight=754.969 358.434 34.8824 396.535 323.551 387.947
internal_count=9120 1770 264 7350 1506 7288
is_linear=0
shrinkage=0.03


Tree=38
num_leaves=7
num_cat=0
split_feature=0 0 8 8 10 9
split_gain=816.354 31.4851 21.8863 13.9774 3.87217 2.01636
threshold=-0.53559743381964198 0.49320639349421019 -0.039533266470926802 0.79745647978066236 1.1150000000000004 1.4527866253136905
decision_type=2 2 2 2 2 2
left_child=3 2 -2 5 -3 -1
right_child=1 4 -4 -5 -6 -7
leaf_value=-0.030672266768743007 -0.0023273714357547734 0.039391118644125436 0.026352301342022738 0.004081852056678938 0.01599766254644765 -0.0040662102043158219
leaf_weight=371.72637623548508 38.856814596801996 242.71493163704872 46.707774691283703 8.610260181128977 26.044964522123337 5.9031453281640998
leaf_count=7247 233 1178 247 62 112 41
internal_value=0.000286341 0.0326962 0.0144475 -0.0295203 0.0377793 -0.030372
internal_weight=740.564 354.324 85.5646 386.24 268.76 377.63
internal_count=9120 1770 480 7350 1290 7288
is_linear=0
shrinkage=0.03


Tree=39
num_leaves=7
num_cat=0
split_feature=0 0 8 8 8 9
split_gain=784.832 31.2572 32.9056 13.8482 4.74612 2.02137
threshold=-0.53559743381964198 0.21276369247119364 0.10029427611038101 0.79745647978066236 -0.45599251522844603 1.4527866253136905
decision_type=2 2 2 2 2 2
left_child=3 2 -2 5 -3 -1
right_child=1 4 -4 -5 -6 -7
leaf_value=-0.030592454410291861 -0.0051850468078614639 0.014543442593143852 0.035187571699444364 0.0040201963587445958 0.037759363399750938 -0.00402493785129275
leaf_weight=361.69286997243762 42.458545126020908 25.635020449757576 19.224836610257626 8.6330619901418668 262.94549740850925 5.8875457346439353
leaf_count=7247 272 107 100 62 1291 41
internal_value=0.000299833 0.0321455 0.0105513 -0.0294139 0.0362532 -0.0302848
internal_weight=726.477 350.264 61.6834 376.213 288.581 367.58
internal_count=9120 1770 372 7350 1398 7288
is_linear=0
shrinkage=0.03


Tree=40
num_leaves=6
num_cat=0
split_feature=0 0 8 8 8
split_gain=755.147 37.9416 40.0684 5.42166 4.73323
threshold=-0.83434519510988803 0.21276369247119364 0.10029427611038101 0.79745647978066236 -0.45599251522844603
decision_type=2 2 2 2 2
left_child=3 2 -2 -1 -3
right_child=1 4 -4 -5 -6
leaf_value=-0.030490782226318531 -0.0071010719810376101 0.014258686884418703 0.034925504117340071 -0.0019629723725889691 0.037262571472473464
leaf_weight=350.97687534615397 46.683210015296936 25.563357710838318 23.015272751450539 7.5468484163284293 258.6559229195118
leaf_count=7163 357 107 147 55 1291
internal_value=0.000314973 0.0309643 0.00941754 -0.0299598 0.0357485
internal_weight=712.441 353.918 69.6985 358.524 284.219
internal_count=9120 1902 504 7218 1398
is_linear=0
shrinkage=0.03


Tree=41
num_leaves=7
num_cat=0
split_feature=0 0 8 9 10 8
split_gain=726.719 32.876 20.6579 10.9936 4.39114 4.03786
threshold=-0.6461347585136229 0.49320639349421019 -0.039533266470926802 1.7947747475593783 1.1150000000000004 0.79745647978066236
decision_type=2 2 2 2 2 2
left_child=3 2 -2 5 -3 -1
right_child=1 4 -4 -5 -6 -7
leaf_value=-0.030479092852531163 -0.0030540721770629395 0.037998634540297456 0.024368692392108732 0.0055750739622743278 0.014802195412144496 -0.0018460797789395871
leaf_weight=343.55909811705351 39.379645891487598 230.91114342212677 48.456778138875961 5.0245867371559134 25.559534177184105 5.8387143388390532
leaf_count=7228 251 1178 273 33 112 45
internal_value=0.000328366 0.0309177 0.0130187 -0.0294209 0.0363292 -0.0300653
internal_weight=698.73 344.307 87.8364 354.422 256.471 349.398
internal_count=9120 1814 524 7306 1290 7273
is_linear=0
shrinkage=0.03


Tree=42
num_leaves=6
num_cat=0
split_feature=0 0 8 9 0
split_gain=699.52 36.9994 42.3949 9.13134 5.64343
threshold=-0.83434519510988803 1.0000000180025095e-35 0.12782560574564431 0.035539398661912795 -1.0771845793705375
decision_type=2 2 2 2 2
left_child=4 2 -2 -3 -1
right_child=1 3 -4 -5 -6
leaf_value=-0.030326472970412251 -0.017235611550749323 0.0088562803265916038 0.032948120866797603 0.035062958296818984 -0.0013574545874216295
leaf_weight=332.76034638658166 28.185835368931293 20.844466596841812 15.211445391178129 281.19877454638481 7.1385428160428992
leaf_count=7086 290 95 106 1411 132
internal_value=0.00034227 0.0299796 0.00323075 0.0335962 -0.0297743
internal_weight=685.339 345.441 43.3973 302.043 339.899
internal_count=9120 1902 396 1506 7218
is_linear=0
shrinkage=0.03


Tree=43
num_leaves=6
num_cat=0
split_feature=0 0 8 0 10
split_gain=672.945 36.7788 23.7056 5.6153 5.09997
threshold=-0.83434519510988803 0.49320639349421019 0.10029427611038101 -1.0771845793705375 1.2650000000000003
decision_type=2 2 2 2 2
left_child=3 2 -2 -1 -3
right_child=1 4 -4 -5 -6
leaf_value=-0.030242297275941497 0.00031049232581340988 0.037021823544263859 0.030024906557607506 -0.001341141127255903 0.012691360815631842
leaf_weight=323.83849849924445 63.599965792149305 226.37077565491199 29.179484374821186 7.1303671598434439 21.997005924582481
leaf_count=7086 437 1193 175 132 97
internal_value=0.00034768 0.0294924 0.0116678 -0.0296772 0.0354416
internal_weight=672.116 341.147 92.7795 330.969 248.368
internal_count=9120 1902 612 7218 1290
is_linear=0
shrinkage=0.03


Tree=44
num_leaves=6
num_cat=0
split_feature=0 0 8 8 10
split_gain=647.68 36.3181 22.5555 5.7627 5.06871
threshold=-0.83434519510988803 0.49320639349421019 0.10029427611038101 0.79745647978066236 1.2650000000000003
decision_type=2 2 2 2 2
left_child=3 2 -2 -1 -3
right_child=1 4 -4 -5 -6
leaf_value=-0.030174062972591269 0.00030242790618106294 0.036603625148059711 0.029257721056534354 -0.001296514747536329 0.012460917150934727
leaf_weight=314.99691423028708 63.603590611368418 222.2647949308157 29.306527517735958 7.2778364121913901 21.917827770113945
leaf_count=7163 437 1193 175 55 97
internal_value=0.00036282 0.0290174 0.0113913 -0.0295806 0.0350121
internal_weight=659.367 337.093 92.9101 322.275 244.183
internal_count=9120 1902 612 7218 1290
is_linear=0
shrinkage=0.03


Tree=45
num_leaves=7
num_cat=0
split_feature=0 0 8 8 10 9
split_gain=623.709 24.361 20.8818 14.3036 4.41206 1.5238
threshold=-0.35528030068657468 0.56866582402552701 0.53397280264895264 -0.045876867236910639 1.2650000000000003 1.2970465919485459
decision_type=2 2 2 2 2 2
left_child=2 3 5 -2 -3 -1
right_child=1 4 -4 -5 -6 -7
leaf_value=-0.030135884587550007 -0.00049190086084665186 0.036498205814716432 0.0032051097991690532 0.023208212989759353 0.012606864040740977 -0.0035985799423103159
leaf_weight=307.78330747783184 37.633655861020088 211.89164192974567 16.232166722416878 47.035315543413162 21.3576989620924 4.8819091543555251
leaf_count=7251 199 1159 149 229 95 38
internal_value=0.000377683 0.0298679 -0.0281683 0.0137348 0.0349188 -0.0298459
internal_weight=646.816 317.918 328.897 84.669 233.249 312.665
internal_count=9120 1682 7438 428 1254 7289
is_linear=0
shrinkage=0.03


Tree=46
num_leaves=6
num_cat=0
split_feature=0 0 8 8 0
split_gain=601.542 34.9461 33.1509 6.1182 5.8659
threshold=-0.83434519510988803 0.21276369247119364 0.10029427611038101 -0.45599251522844603 -1.0771845793705375
decision_type=2 2 2 2 2
left_child=4 2 -2 -3 -1
right_child=1 3 -4 -5 -6
leaf_value=-0.030010873319437685 -0.0072378164362747917 0.011813104232001942 0.030682273826646886 0.034817208183846753 -0.00074857055552471938
leaf_weight=298.92579150572419 46.086261454969645 24.744454711675644 23.923929873853922 233.83964957296848 6.8200263008475295
leaf_count=7086 357 107 147 1291 132
internal_value=0.000390249 0.0281611 0.0079355 0.0331377 -0.0294025
internal_weight=634.34 328.594 70.0102 258.584 305.746
internal_count=9120 1902 504 1398 7218
is_linear=0
shrinkage=0.03


Tree=47
num_leaves=6
num_cat=0
split_feature=0 0 8 8 10
split_gain=579.256 34.7298 19.8745 5.86686 4.61228
threshold=-0.83434519510988803 0.56866582402552701 -0.045876867236910639 0.79745647978066236 1.2650000000000003
decision_type=2 2 2 2 2
left_child=3 2 -2 -1 -3
right_child=1 4 -4 -5 -6
leaf_value=-0.029946867445958172 -0.0037893588543032692 0.035771369372846404 0.021684553816316753 -0.0010047264751174778 0.012012169207727508
leaf_weight=290.55975585430861 42.749106213450432 204.13340526819229 56.338398758322001 7.1607991158962241 21.117869004607201
leaf_count=7163 299 1159 349 55 95
internal_value=0.000402188 0.0277332 0.0113545 -0.029306 0.0341492
internal_weight=622.059 324.339 99.0875 297.721 225.251
internal_count=9120 1902 648 7218 1254
is_linear=0
shrinkage=0.03


Tree=48
num_leaves=5
num_cat=0
split_feature=0 0 8 9
split_gain=557.777 39.9928 43.4298 9.61328
threshold=-1.0771845793705375 1.0000000180025095e-35 0.12782560574564431 0.035539398661912795
decision_type=2 2 2 2
left_child=-1 2 -2 -3
right_child=1 3 -4 -5
leaf_value=-0.02985204858159091 -0.01781392914302404 0.0067836320045246944 0.030154242593662513 0.032640598799338887
leaf_weight=283.21417016908526 32.143818881362677 19.920842230319977 18.491699449717999 256.45479589700699
leaf_count=7086 391 95 137 1411
internal_value=0.000412062 0.0267309 0.00178771 0.0310788
internal_weight=610.225 327.011 50.6355 276.376
internal_count=9120 2034 528 1506
is_linear=0
shrinkage=0.03


Tree=49
num_leaves=6
num_cat=0
split_feature=0 0 8 10 0
split_gain=537.108 39.2184 23.515 5.60944 0.0219315
threshold=-1.0771845793705375 0.49320639349421019 0.10029427611038101 1.1150000000000004 -1.3645062706886262
decision_type=2 2 2 2 2
left_child=4 2 -2 -3 -1
right_child=1 3 -4 -5 -6
leaf_value=-0.030133113470405117 -0.0015544385374268537 0.034968868193829238 0.02686904338632044 0.012023878604920608 -0.0075705226002411325
leaf_weight=267.66596467420459 66.669484097510576 199.6213870793581 32.100844845175743 24.381754294037819 7.9491786621510974
leaf_count=6910 535 1178 209 112 176
internal_value=0.000415576 0.0263112 0.0093043 0.033092 -0.0297702
internal_weight=598.389 322.773 98.7703 224.003 275.615
internal_count=9120 2034 744 1290 7086
is_linear=0
shrinkage=0.03


Tree=50
num_leaves=6
num_cat=0
split_feature=0 0 8 10 0
split_gain=517.528 38.7878 21.222 5.75948 0.0456399
threshold=-1.0771845793705375 0.56866582402552701 0.10029427611038101 1.3550000000000002 -1.3645062706886262
decision_type=2 2 2 2 2
left_child=4 2 -2 -3 -1
right_child=1 3 -4 -5 -6
leaf_value=-0.030061464608137588 -0.0001868416119541428 0.034726997399332486 0.026397932638850395 0.0098407079003496496 -0.0074920504403446679
leaf_weight=260.38850964233279 72.164407003670931 194.77823151648045 33.071711987257004 18.831596955657005 7.8969977125525466
leaf_count=6910 566 1168 214 86 176
internal_value=0.000425951 0.0258988 0.00973351 0.0330712 -0.0296902
internal_weight=587.131 318.846 105.236 213.61 268.286
internal_count=9120 2034 780 1254 7086
is_linear=0
shrinkage=0.03


Tree=51
num_leaves=6
num_cat=0
split_feature=0 0 8 8 0
split_gain=498.65 38.5782 32.8459 8.0285 0.0689433
threshold=-1.0771845793705375 0.21276369247119364 0.10029427611038101 -0.5457758700132086 -1.3645062706886262
decision_type=2 2 2 2 2
left_child=4 2 -2 -3 -1
right_child=1 3 -4 -5 -6
leaf_value=-0.029990212313052912 -0.0084247395801603248 0.0082139024456221454 0.027640585858735162 0.03302451131028631 -0.007414471574973395
leaf_weight=253.30761235579848 49.791260808706284 20.67125041782856 27.326693017035723 217.2398127168417 7.8456467725336543
leaf_count=6910 455 91 181 1307 176
internal_value=0.000435791 0.0254882 0.00606082 0.0312871 -0.0296104
internal_weight=576.182 315.029 77.118 237.911 261.153
internal_count=9120 2034 636 1398 7086
is_linear=0
shrinkage=0.03


Tree=52
num_leaves=7
num_cat=0
split_feature=0 0 8 8 10 9
split_gain=480.735 27.7566 14.5277 14.0086 5.89083 4.95596
threshold=-0.53559743381964198 0.56866582402552701 -0.045876867236910639 0.79745647978066236 1.3550000000000002 1.5828233260525588
decision_type=2 2 2 2 2 2
left_child=3 2 -2 5 -3 -1
right_child=1 4 -4 -5 -6 -7
leaf_value=-0.029687948421536207 -0.0026568564665142543 0.034105177551532931 0.020140406278022466 0.0052900032689812502 0.0093374997852761158 0.0016095902594858746
leaf_weight=257.5836622081697 39.572882004082203 187.30108182132244 50.342669568955898 8.0918866470456106 18.626200556755066 3.6142722442746154
leaf_count=7259 243 1168 273 62 86 29
internal_value=0.00044079 0.0264185 0.0108453 -0.0280225 0.0324011 -0.0292115
internal_weight=565.133 295.843 89.9156 269.29 205.927 261.198
internal_count=9120 1770 516 7350 1254 7288
is_linear=0
shrinkage=0.03


Tree=53
num_leaves=6
num_cat=0
split_feature=0 0 8 10 0
split_gain=464.055 37.0521 18.9061 5.84884 0.191918
threshold=-1.0771845793705375 0.56866582402552701 0.10029427611038101 1.3550000000000002 -1.3645062706886262
decision_type=2 2 2 2 2
left_child=4 2 -2 -3 -1
right_child=1 3 -4 -5 -6
leaf_value=-0.029856857954720321 -0.00033394004211584718 0.033792879894470197 0.024762172915543734 0.0091746772606353388 -0.0071031763695034679
leaf_weight=239.93321042507887 71.450898442417383 183.51088799536228 33.189316157251596 18.566438481211662 7.6306381784379473
leaf_count=6910 566 1168 214 86 176
internal_value=0.000454004 0.0247654 0.00909159 0.0320703 -0.0294585
internal_weight=554.281 306.718 104.64 202.077 247.564
internal_count=9120 2034 780 1254 7086
is_linear=0
shrinkage=0.03


Tree=54
num_leaves=6
num_cat=0
split_feature=0 0 8 9 0
split_gain=447.253 37.0145 36.7884 11.374 0.212943
threshold=-1.0771845793705375 1.0000000180025095e-35 0.1590285706183916 -0.082151493887147473 -1.3645062706886262
decision_type=2 2 2 2 2
left_child=4 2 -2 -3 -1
right_child=1 3 -4 -5 -6
leaf_value=-0.029786324075431404 -0.016038661080408311 0.0029529262129516969 0.028506293609726011 0.03057166848248425 -0.0070300411896347375
leaf_weight=233.40851944684982 34.330273605883121 16.592575430870056 16.766060221940279 235.32157918810844 7.5834691561758509
leaf_count=6910 411 81 117 1425 176
internal_value=0.000463105 0.0243775 0.000851163 0.0289347 -0.0293789
internal_weight=544.002 303.01 51.0963 251.914 240.992
internal_count=9120 2034 528 1506 7086
is_linear=0
shrinkage=0.03


Tree=55
num_leaves=6
num_cat=0
split_feature=0 0 8 10 0
split_gain=430.989 36.491 17.9877 6.80006 0.233553
threshold=-1.0771845793705375 0.56866582402552701 -0.057342181754108511 1.4550000000000003 -1.3645062706886262
decision_type=2 2 2 2 2
left_child=4 2 -2 -3 -1
right_child=1 3 -4 -5 -6
leaf_value=-0.029715963704620478 -0.0060479679786909412 0.033188854836489097 0.017624930135654464 0.0074237397108652273 -0.0069577354814455619
leaf_weight=227.06183617189527 41.208050511777401 178.084925994277 62.946855582296848 16.751126140356064 7.5370342992246142
leaf_count=6910 342 1175 438 79 176
internal_value=0.000460561 0.0240036 0.0085496 0.0314443 -0.0292991
internal_weight=533.59 298.991 104.155 194.836 234.599
internal_count=9120 2034 780 1254 7086
is_linear=0
shrinkage=0.03


Tree=56
num_leaves=6
num_cat=0
split_feature=0 0 8 10 0
split_gain=415.293 36.1069 17.0663 8.7156 0.253743
threshold=-1.0771845793705375 0.56866582402552701 0.10029427611038101 1.5850000000000002 -1.3645062706886262
decision_type=2 2 2 2 2
left_child=4 2 -2 -3 -1
right_child=1 3 -4 -5 -6
leaf_value=-0.029645727374492257 -0.00066557255271380801 0.032890562488727758 0.023139813722574329 0.004633449232973875 -0.0068862510756888574
leaf_weight=220.88870093040168 70.794150210916996 176.97773171961308 33.384922415018082 14.15047727525234 7.4913186840713015
leaf_count=6910 566 1187 214 67 176
internal_value=0.000461945 0.0236216 0.00832153 0.0311329 -0.0292194
internal_weight=523.687 295.307 104.179 191.128 228.38
internal_count=9120 2034 780 1254 7086
is_linear=0
shrinkage=0.03


Tree=57
num_leaves=7
num_cat=0
split_feature=0 8 0 0 2 10
split_gain=400.818 36.5012 23.7285 15.9833 12.8481 7.14199
threshold=-0.16827533197495367 0.41123805295526472 -1.3645062706886262 0.61873701196218811 0.45500000000000007 1.5550000000000004
decision_type=2 2 2 2 2 2
left_child=1 -1 -3 4 -2 -5
right_child=3 2 -4 5 -6 -7
leaf_value=-0.02906113892322271 0.019813844233673251 -0.015820577401781059 0.030690172522951854 0.032818543972722505 -0.0042009683966803676 0.0056678885251501476
leaf_weight=234.0095872618258 52.116057813167572 10.942143347114326 9.6917769089341146 168.06560190021992 25.14858067035675 14.078996255993841
leaf_count=7282 256 176 68 1151 120 67
internal_value=0.000468009 -0.0257636 0.00891258 0.0262182 0.0124117 0.0311241
internal_weight=514.053 254.644 20.6339 259.409 77.2646 182.145
internal_count=9120 7526 244 1594 376 1218
is_linear=0
shrinkage=0.03


Tree=58
num_leaves=6
num_cat=0
split_feature=0 0 8 10 0
split_gain=386.999 34.5164 16.3899 8.4741 0.329622
threshold=-1.0771845793705375 0.56866582402552701 -0.057342181754108511 1.5850000000000002 -1.3645062706886262
decision_type=2 2 2 2 2
left_child=4 2 -2 -3 -1
right_child=1 3 -4 -5 -6
leaf_value=-0.029510305468737848 -0.0059223979624761294 0.032321750871340732 0.016718842116011663 0.0044654731077466278 -0.006660105303577574
leaf_weight=209.26331587508321 40.853632252663374 169.79346337914467 62.80052637308836 14.096662819385527 7.3332293145358554
leaf_count=6910 342 1187 438 67 176
internal_value=0.00048399 0.0229707 0.00805923 0.0305268 -0.0290647
internal_weight=504.141 287.544 103.654 183.89 216.597
internal_count=9120 2034 780 1254 7086
is_linear=0
shrinkage=0.03


Tree=59
num_leaves=6
num_cat=0
split_feature=0 0 8 8 0
split_gain=372.952 34.2456 26.4787 10.3712 0.348036
threshold=-1.0771845793705375 0.21276369247119364 0.10029427611038101 -0.59690672013942891 -1.3645062706886262
decision_type=2 2 2 2 2
left_child=4 2 -2 -3 -1
right_child=1 3 -4 -5 -6
leaf_value=-0.02944008402781154 -0.0084659919966440927 0.0035261422739385562 0.023767409802302599 0.030625703541672124 -0.006592023424129281
leaf_weight=203.57927390560508 48.727440301328897 16.553082838654518 28.154712066054344 190.56518909335136 7.290620654821395
leaf_count=6910 455 76 181 1322 176
internal_value=0.000483215 0.0226045 0.00471504 0.028722 -0.0289844
internal_weight=494.87 284 76.8822 207.118 210.87
internal_count=9120 2034 636 1398 7086
is_linear=0
shrinkage=0.03


Tree=60
num_leaves=6
num_cat=0
split_feature=0 0 8 10 0
split_gain=359.605 33.8865 15.983 7.11566 0.366017
threshold=-1.0771845793705375 0.61873701196218811 -0.090634811457371983 1.5550000000000004 -1.3645062706886262
decision_type=2 2 2 2 2
left_child=4 2 -2 -3 -1
right_child=1 3 -4 -5 -6
leaf_value=-0.029369783896695076 -0.0071650278314018432 0.032035042814735952 0.015440648142081828 0.0051827568110947931 -0.0065247116662452524
leaf_weight=198.05196487344801 35.352262195199728 158.01074633002281 73.005667585879564 13.90233865380287 7.2486592121422282
leaf_count=6910 297 1151 519 67 176
internal_value=0.000483964 0.0222648 0.0080832 0.0302678 -0.0289037
internal_weight=485.572 280.271 108.358 171.913 205.301
internal_count=9120 2034 816 1218 7086
is_linear=0
shrinkage=0.03


Tree=61
num_leaves=7
num_cat=0
split_feature=0 8 0 2 0 10
split_gain=346.698 35.8137 20.4578 14.6681 11.8283 5.69229
threshold=-0.12040844598438638 0.41123805295526472 -1.3645062706886262 0.50500000000000012 0.70600567700036854 1.2350000000000001
decision_type=2 2 2 2 2 2
left_child=1 5 -3 -2 -5 -1
right_child=3 2 -4 4 -6 -7
leaf_value=-0.02917188449451532 0.029220257441153964 -0.014900573651919742 0.028464331758615114 -0.0072444105332979429 0.018255929341044072 -0.0013124534706423889
leaf_weight=208.39130912721157 188.17670790851116 10.036896951496603 10.535228639841078 19.757431611418724 32.059190690517426 7.8026554342359296
leaf_count=7162 1261 176 70 98 213 140
internal_value=0.000482247 -0.0247534 0.00935363 0.0253728 0.00893376 -0.0282689
internal_weight=476.759 236.766 20.5721 239.993 51.8166 216.194
internal_count=9120 7548 246 1572 311 7302
is_linear=0
shrinkage=0.03


Tree=62
num_leaves=6
num_cat=0
split_feature=0 0 8 10 0
split_gain=334.967 33.0231 15.0376 7.47049 0.41936
threshold=-1.0771845793705375 0.61873701196218811 -0.090634811457371983 1.5850000000000002 -1.3645062706886262
decision_type=2 2 2 2 2
left_child=4 2 -2 -3 -1
right_child=1 3 -4 -5 -6
leaf_value=-0.029234963719395806 -0.0071441552466480806 0.0315605958721994 0.014834988434839621 0.00449383871282072 -0.0063407811152015681
leaf_weight=187.67059298604727 35.054435413330793 152.01347805559635 72.484721940010786 13.583155512809752 7.1187181249260894
leaf_count=6910 297 1152 519 66 176
internal_value=0.000488709 0.0216186 0.0076722 0.0297228 -0.0287488
internal_weight=467.925 273.136 107.539 165.597 194.789
internal_count=9120 2034 816 1218 7086
is_linear=0
shrinkage=0.03


Tree=63
num_leaves=6
num_cat=0
split_feature=0 0 8 10 0
split_gain=322.853 32.6695 14.8552 7.37082 0.435768
threshold=-1.0771845793705375 0.61873701196218811 0.45799308040572145 1.5850000000000002 -1.3645062706886262
decision_type=2 2 2 2 2
left_child=4 2 -2 -3 -1
right_child=1 3 -4 -5 -6
leaf_value=-0.029164095358449101 0.001910942472314081 0.031307986422413843 0.028797645291965736 0.0044208199393640886 -0.0062763423675805275
leaf_weight=182.58394494093955 93.948620032519102 148.77258317172527 13.557020880281923 13.558825358748434 7.079317905008792
leaf_count=6910 746 1152 70 66 176
internal_value=0.000486248 0.0212696 0.0074637 0.0294491 -0.0286669
internal_weight=459.5 269.837 107.506 162.331 189.663
internal_count=9120 2034 816 1218 7086
is_linear=0
shrinkage=0.03


Tree=64
num_leaves=6
num_cat=0
split_feature=0 0 8 10 0
split_gain=311.465 32.1442 14.7261 9.65136 0.451732
threshold=-1.0771845793705375 0.49320639349421019 0.10029427611038101 1.6050000000000002 -1.3645062706886262
decision_type=2 2 2 2 2
left_child=4 2 -2 -3 -1
right_child=1 3 -4 -5 -6
leaf_value=-0.029092970946266925 -0.0024809422783075388 0.030527125889744582 0.019908330214258304 0.0024894686134262355 -0.0062126291813098585
leaf_weight=177.63853394053876 64.037161525338888 155.93212272971869 32.885740902274847 13.837010338902472 7.0405044816434375
leaf_count=6910 535 1223 209 67 176
internal_value=0.000498612 0.0209434 0.00626715 0.0285075 -0.0285846
internal_weight=451.371 266.692 96.9229 169.769 184.679
internal_count=9120 2034 744 1290 7086
is_linear=0
shrinkage=0.03


Tree=65
num_leaves=7
num_cat=0
split_feature=0 8 0 0 2 10
split_gain=300.414 35.5769 18.0572 14.8353 11.9386 7.16389
threshold=-0.16827533197495367 0.41123805295526472 -1.3645062706886262 0.61873701196218811 0.45500000000000007 1.5850000000000002
decision_type=2 2 2 2 2 2
left_child=1 -1 -3 4 -2 -5
right_child=3 2 -4 5 -6 -7
leaf_value=-0.028493075512435156 0.017972356133774198 -0.014006922409036511 0.027418179044814417 0.030820880171647635 -0.0051387222469953591 0.0042951295092703325
leaf_weight=192.58194787241518 50.417082771658897 9.2062729354947823 10.381353437900541 142.51644922792912 24.657938465476036 13.516553461551664
leaf_count=7282 256 176 68 1152 120 66
internal_value=0.000500915 -0.0246766 0.0097946 0.02368 0.0106699 0.0289201
internal_weight=443.278 212.17 19.5876 231.108 75.075 156.033
internal_count=9120 7526 244 1594 376 1218
is_linear=0
shrinkage=0.03


Tree=66
num_leaves=6
num_cat=0
split_feature=0 0 8 10 0
split_gain=290.558 30.7863 13.7499 8.52989 0.518473
threshold=-1.0771845793705375 0.61873701196218811 0.45799308040572145 1.6450000000000002 -1.3645062706886262
decision_type=2 2 2 2 2
left_child=4 2 -2 -3 -1
right_child=1 3 -4 -5 -6
leaf_value=-0.028954978457622408 0.0016829188442659682 0.030654129115903109 0.027482510723034304 0.0026003951119227364 -0.0060026927512980338
leaf_weight=168.35252455435693 93.056291121989489 140.42170478403568 13.721463099122046 12.518969029188154 6.8993944749236098
leaf_count=6910 746 1157 70 61 176
internal_value=0.000515383 0.020373 0.00706779 0.0286583 -0.0284242
internal_weight=434.97 259.718 106.778 152.941 175.252
internal_count=9120 2034 816 1218 7086
is_linear=0
shrinkage=0.03


Tree=67
num_leaves=6
num_cat=0
split_feature=0 0 8 10 1
split_gain=280.338 30.271 13.4248 8.40396 0.561348
threshold=-1.0771845793705375 0.61873701196218811 -0.090634811457371983 1.6450000000000002 0.37668517412257024
decision_type=2 2 2 2 2
left_child=4 2 -2 -3 -1
right_child=1 3 -4 -5 -6
leaf_value=-0.02861234389484205 -0.0070804828783249127 0.030417888730969782 0.013716812866427966 0.0025585353054154137 -0.0026488723090174965
leaf_weight=167.75312509015203 34.735252816230059 137.3904934078455 72.094845999032259 12.505883902311323 2.9138566870242348
leaf_count=7009 297 1157 519 61 77
internal_value=0.000526029 0.0200588 0.00692743 0.028399 -0.0283402
internal_weight=427.393 256.726 106.83 149.896 170.667
internal_count=9120 2034 816 1218 7086
is_linear=0
shrinkage=0.03


Tree=68
num_leaves=6
num_cat=0
split_feature=0 0 8 9 0
split_gain=270.206 29.9931 28.0491 12.8742 0.638663
threshold=-1.0771845793705375 1.0000000180025095e-35 0.1590285706183916 -0.17540631879640156 -1.3645062706886262
decision_type=2 2 2 2 2
left_child=4 2 -2 -3 -1
right_child=1 3 -4 -5 -6
leaf_value=-0.028811910208020333 -0.015860525205539353 -0.0022871528431192456 0.022624953011366546 0.026616930067042126 -0.0056970891271418593
leaf_weight=159.46527655050159 33.053621176630259 13.281274408102034 18.220737051218748 189.1423776447773 6.7152036279439917
leaf_count=6910 411 69 117 1437 176
internal_value=0.000523647 0.0197307 -0.00072396 0.0247021 -0.0282542
internal_weight=419.878 253.698 51.2744 202.424 166.18
internal_count=9120 2034 528 1506 7086
is_linear=0
shrinkage=0.03


Tree=69
num_leaves=6
num_cat=0
split_feature=0 0 8 10 0
split_gain=260.505 29.8112 13.0305 8.41602 0.65073
threshold=-1.0771845793705375 0.61873701196218811 0.45799308040572145 1.6450000000000002 -1.3645062706886262
decision_type=2 2 2 2 2
left_child=4 2 -2 -3 -1
right_child=1 3 -4 -5 -6
leaf_value=-0.028738837081366667 0.0012247854981557182 0.029991614763234593 0.026268016658649397 0.0022588450917328182 -0.005639909565163745
leaf_weight=155.164994020015 92.302004881203175 131.90628199279308 13.807109236717222 12.415825217962263 6.6816787272691718
leaf_count=6910 746 1157 70 61 176
internal_value=0.000512845 0.0194189 0.00646516 0.0279068 -0.0281689
internal_weight=412.278 250.431 106.109 144.322 161.847
internal_count=9120 2034 816 1218 7086
is_linear=0
shrinkage=0.03


Tree=70
num_leaves=6
num_cat=0
split_feature=0 0 8 10 1
split_gain=251.381 29.2779 12.5718 8.2917 1.20198
threshold=-1.0771845793705375 0.61873701196218811 0.45799308040572145 1.6450000000000002 0.40312961864757119
decision_type=2 2 2 2 2
left_child=4 2 -2 -3 -1
right_child=1 3 -4 -5 -6
leaf_value=-0.028386655363701916 0.0011915355689494818 0.029765131783197084 0.025774815744792474 0.0022224701133281384 -0.001040524619127275
leaf_weight=155.39101929776371 92.310298018157482 129.04212342947721 13.84000940620899 12.404306620359419 2.2427677642554036
leaf_count=7026 746 1157 70 61 60
internal_value=0.000522942 0.0191182 0.00633987 0.027656 -0.0280829
internal_weight=405.231 247.597 106.15 141.446 157.634
internal_count=9120 2034 816 1218 7086
is_linear=0
shrinkage=0.03


Tree=71
num_leaves=7
num_cat=0
split_feature=0 8 2 0 0 10
split_gain=242.677 33.5095 15.8126 14.1907 11.171 6.37721
threshold=-0.12040844598438638 0.41123805295526472 0.50500000000000012 -1.3645062706886262 1.1393671261422147 1.2350000000000001
decision_type=2 2 2 2 2 2
left_child=1 5 -2 -3 -4 -1
right_child=2 3 4 -5 -6 -7
leaf_value=-0.028557260943912512 0.02669877983233641 -0.012691541325134939 -0.0065619712393296054 0.024475440183349004 0.018434071980547889 0.00029971226413135285
leaf_weight=163.95785696990788 161.33005321770906 8.0689525585621613 26.577649503946304 11.322358522564171 20.096708178520203 6.9617075100541106
leaf_count=7162 1261 176 152 70 159 140
internal_value=0.000536257 -0.0233144 0.0224265 0.00995366 0.00555425 -0.0274303
internal_weight=398.315 190.311 208.004 19.3913 46.6744 170.92
internal_count=9120 7548 1572 246 311 7302
is_linear=0
shrinkage=0.03


Tree=72
num_leaves=6
num_cat=0
split_feature=0 0 8 10 1
split_gain=234.566 28.3478 12.2427 8.31204 1.19464
threshold=-1.0771845793705375 0.61873701196218811 -0.030681807032347019 1.6450000000000002 0.40312961864757119
decision_type=2 2 2 2 2
left_child=4 2 -2 -3 -1
right_child=1 3 -4 -5 -6
leaf_value=-0.028230740026486241 -0.0048441173829898883 0.029363382941296236 0.014263329127758781 0.0019248724129711124 -0.001007545796100793
leaf_weight=147.42685303092003 47.096082374453545 123.97908591479063 58.310774680227041 12.3097937554121 2.2262670919299117
leaf_count=7026 401 1157 415 61 60
internal_value=0.000543633 0.0185731 0.00604608 0.0271861 -0.0279142
internal_weight=391.349 241.696 105.407 136.289 149.653
internal_count=9120 2034 816 1218 7086
is_linear=0
shrinkage=0.03


Tree=73
num_leaves=6
num_cat=0
split_feature=0 0 8 10 1
split_gain=226.15 27.9357 11.8419 8.1882 1.18733
threshold=-1.0771845793705375 0.61873701196218811 0.45799308040572145 1.6450000000000002 0.40312961864757119
decision_type=2 2 2 2 2
left_child=4 2 -2 -3 -1
right_child=1 3 -4 -5 -6
leaf_value=-0.028147239942004226 0.00087356731221863908 0.029144726352195702 0.024674548437383266 0.001893865871838136 -0.0010022014377101011
leaf_weight=143.51702098548412 91.42633905261755 121.27789663523436 13.953648582100866 12.299865886569021 2.224349156022071
leaf_count=7026 746 1157 70 61 60
internal_value=0.000543725 0.0182679 0.00589052 0.0269421 -0.0278239
internal_weight=384.699 238.958 105.38 133.578 145.741
internal_count=9120 2034 816 1218 7086
is_linear=0
shrinkage=0.03


Tree=74
num_leaves=6
num_cat=0
split_feature=0 0 8 8 1
split_gain=218.213 27.5227 19.6393 12.9739 1.37756
threshold=-1.0771845793705375 0.21276369247119364 0.10029427611038101 -0.64554037529233199 0.43518956191772196
decision_type=2 2 2 2 2
left_child=4 2 -2 -3 -1
right_child=1 3 -4 -5 -6
leaf_value=-0.028066642336042405 -0.0088548808327643842 -0.002221875232615167 0.018808214596657217 0.027119349391914103 -0.00050530133292917662
leaf_weight=139.91503870673478 47.207267172634602 13.26072698831558 28.966007638722658 146.89876268804073 2.0244604535400859
leaf_count=7034 455 67 181 1331 52
internal_value=0.000556155 0.0179823 0.00262631 0.0247022 -0.0277327
internal_weight=378.272 236.333 76.1733 160.159 141.939
internal_count=9120 2034 636 1398 7086
is_linear=0
shrinkage=0.03


Tree=75
num_leaves=6
num_cat=0
split_feature=0 0 8 13 1
split_gain=210.562 21.258 14.0572 11.3156 1.31633
threshold=-0.53559743381964198 1.1393671261422147 0.53397280264895264 0.031770833333333338 0.37668517412257024
decision_type=2 2 2 2 2
left_child=2 3 4 -2 -1
right_child=1 -3 -4 -5 -6
leaf_value=-0.028243212588250716 0.013720725344861457 0.028501387997502393 0.0035203463581702076 -0.0067957638827759164 -0.00078331937130223135
leaf_weight=139.68567460775375 88.428682815283537 104.40904554724693 11.703876212239264 25.271904848515987 2.173250099644064
leaf_count=7135 595 1002 144 173 71
internal_value=0.000552556 0.0191646 -0.0254381 0.00897986 -0.0279018
internal_weight=371.672 218.11 153.563 113.701 141.859
internal_count=9120 1770 7350 768 7206
is_linear=0
shrinkage=0.03


Tree=76
num_leaves=6
num_cat=0
split_feature=0 0 8 1 9
split_gain=203.311 26.7807 12.6992 1.35687 0.172914
threshold=-1.0771845793705375 1.1393671261422147 -0.090634811457371983 0.43518956191772196 0.20881748351038484
decision_type=2 2 2 2 2
left_child=3 2 -2 -1 -3
right_child=1 4 -4 -5 -6
leaf_value=-0.027903725353859474 -0.0047463068307369077 0.0084167280667236076 0.013799563717130835 -0.00050846613993146676 0.029451453682815897
leaf_weight=132.76479574292898 45.29707058146596 10.310154661536215 83.243006765842438 2.0251789130270472 91.914608746767044
leaf_count=7034 387 79 645 52 923
internal_value=0.000551052 0.0174308 0.00739321 -0.0275557 0.028269
internal_weight=365.555 230.765 128.54 134.79 102.225
internal_count=9120 2034 1032 7086 1002
is_linear=0
shrinkage=0.03


Tree=77
num_leaves=7
num_cat=0
split_feature=0 8 2 0 0 0
split_gain=196.291 33.8011 13.1678 10.4315 7.88424 6.86986
threshold=-0.039999152243334481 0.41123805295526472 0.51500000000000012 -1.1330029975024736 1.1393671261422147 -0.16827533197495367
decision_type=2 2 2 2 2 2
left_child=1 5 -2 -3 -4 -1
right_child=2 3 4 -5 -6 -7
leaf_value=-0.027595493466372571 0.02578870232180315 -0.0095439561818932428 -0.0064572406391385367 0.022440112675429367 0.015941673274066162 -0.0019994887539906015
leaf_weight=145.07139340974391 144.04616913944483 8.1735099237412232 21.404425993561745 12.386367890983818 16.962312586605549 11.786498397588728
leaf_count=7282 1251 188 130 65 147 57
internal_value=0.000556366 -0.0213103 0.0218264 0.0107627 0.0046941 -0.0259073
internal_weight=359.831 177.418 182.413 20.5599 38.3667 156.858
internal_count=9120 7592 1528 253 277 7339
is_linear=0
shrinkage=0.03


Tree=78
num_leaves=7
num_cat=0
split_feature=0 0 8 1 9 8
split_gain=189.581 26.1485 12.023 1.36553 0.45388 0.0511171
threshold=-1.0771845793705375 1.1393671261422147 -0.090634811457371983 0.43518956191772196 0.20075347327256696 0.79745647978066236
decision_type=2 2 2 2 2 2
left_child=3 2 -2 5 -3 -1
right_child=1 4 -4 -5 -6 -7
leaf_value=-0.028057938006202279 -0.0048006215977979714 0.0077931497733406104 0.013297759572207973 -0.0004418941527101726 0.029089597853792889 -0.0035987547453222861
leaf_weight=122.7661050427705 44.911476941779256 9.9203819558024389 82.385179080069065 2.0005711037665597 88.404381945729256 3.2595508843660346
leaf_count=6991 387 77 645 52 925 43
internal_value=0.000562438 0.0169029 0.0070279 -0.0273728 0.0278587 -0.0277364
internal_weight=353.648 225.621 127.297 128.026 98.3248 126.026
internal_count=9120 2034 1032 7086 1002 7034
is_linear=0
shrinkage=0.03


Tree=79
num_leaves=6
num_cat=0
split_feature=0 0 8 8 0
split_gain=182.85 25.8892 11.0315 9.61144 1.40355
threshold=-1.0771845793705375 0.61873701196218811 0.45799308040572145 -0.64554037529233199 -1.3645062706886262
decision_type=2 2 2 2 2
left_child=4 2 -2 -3 -1
right_child=1 3 -4 -5 -6
leaf_value=-0.028008104141667368 5.083247986025335e-05 -0.0010078705316663176 0.022938996261182638 0.02801198699234057 -0.0037385411238744686
leaf_weight=119.16153321415186 89.641138512641191 10.494829431176184 14.048339046537874 109.29401411861181 5.5840848498046389
leaf_count=6910 746 57 70 1161 176
internal_value=0.000563571 0.0166085 0.00489676 0.0255878 -0.0272798
internal_weight=348.224 223.478 103.689 119.789 124.746
internal_count=9120 2034 816 1218 7086
is_linear=0
shrinkage=0.03


Tree=80
num_leaves=7
num_cat=0
split_feature=0 8 2 0 0 0
split_gain=176.64 32.375 13.133 9.09053 7.40501 6.62706
threshold=-0.039999152243334481 0.41123805295526472 0.51500000000000012 -1.0771845793705375 1.1393671261422147 -0.16827533197495367
decision_type=2 2 2 2 2 2
left_child=1 5 -2 -3 -4 -1
right_child=2 3 4 -5 -6 -7
leaf_value=-0.027347401699940106 0.025096125780545528 -0.008315426014470155 -0.006681411648582449 0.021692232889876407 0.015159475287250592 -0.0020545673122429266
leaf_weight=135.30394348874688 137.83964990079403 8.4841175470501202 21.230552859604359 11.876320555806158 16.18861935287714 11.779591932892798
leaf_count=7282 1251 197 130 56 147 57
internal_value=0.000569754 -0.0208381 0.0210438 0.0105678 0.00397184 -0.0255815
internal_weight=342.703 167.444 175.259 20.3604 37.4192 147.084
internal_count=9120 7592 1528 253 277 7339
is_linear=0
shrinkage=0.03


Tree=81
num_leaves=6
num_cat=0
split_feature=0 0 8 0 9
split_gain=170.681 25.2175 11.3175 1.48582 0.962652
threshold=-1.0771845793705375 1.1393671261422147 -0.090634811457371983 -1.3645062706886262 0.19187109851163389
decision_type=2 2 2 2 2
left_child=3 2 -2 -1 -3
right_child=1 4 -4 -5 -6
leaf_value=-0.027853282359129813 -0.0049842470347172324 0.0067157037925760776 0.012635137402302 -0.0034948187598916858 0.028582368958103298
leaf_weight=113.09996636211872 44.378659784793854 9.2719741463661176 81.295180443674326 5.4548162911087266 83.429994434118271
leaf_count=6910 387 74 645 176 928
internal_value=0.000575377 0.0161242 0.0065045 -0.0270916 0.0272621
internal_weight=336.931 218.376 125.674 118.555 92.702
internal_count=9120 2034 1032 7086 1002
is_linear=0
shrinkage=0.03


Tree=82
num_leaves=6
num_cat=0
split_feature=0 0 13 0 9
split_gain=164.627 24.9081 11.0406 1.48313 1.09137
threshold=-1.0771845793705375 1.1393671261422147 0.031130952380952381 -1.3645062706886262 0.18248200998943201
decision_type=2 2 2 2 2
left_child=3 2 -2 -1 -3
right_child=1 4 -4 -5 -6
leaf_value=-0.027770939357475717 0.010953225397702267 0.0063921319752364009 -0.0081139582254908665 -0.0034616540664825579 0.028395576353841205
leaf_weight=110.10713229235262 96.951598484069109 9.0584054887294752 28.591343387961388 5.4379263594746581 81.755247384309769
leaf_count=6910 798 72 234 176 930
internal_value=0.000575238 0.0158405 0.00633258 -0.0269937 0.0270526
internal_weight=331.902 216.357 125.543 115.545 90.8137
internal_count=9120 2034 1032 7086 1002
is_linear=0
shrinkage=0.03


Tree=83
num_leaves=7
num_cat=0
split_feature=0 8 2 0 0 0
split_gain=158.83 31.4925 12.9164 8.12778 6.85748 6.29093
threshold=-0.039999152243334481 0.41123805295526472 0.51500000000000012 -1.0771845793705375 1.1393671261422147 -0.16827533197495367
decision_type=2 2 2 2 2 2
left_child=1 5 -2 -3 -4 -1
right_child=2 3 4 -5 -6 -7
leaf_value=-0.027101440105581104 0.024376654421985319 -0.0077474552850930701 -0.0067421966882291063 0.02094246588408448 0.014399984281451663 -0.0022122241292561839
leaf_weight=126.47781765181571 132.03812698274851 8.0835071392357367 21.166663125157356 11.98109347373247 15.466843724250792 11.799221396446226
leaf_count=7282 1251 197 130 56 147 57
internal_value=0.000570517 -0.0203558 0.0202551 0.0106516 0.00335789 -0.0252701
internal_weight=327.013 158.342 168.672 20.0646 36.6335 138.277
internal_count=9120 7592 1528 253 277 7339
is_linear=0
shrinkage=0.03


Tree=84
num_leaves=6
num_cat=0
split_feature=0 0 8 0 9
split_gain=153.537 24.2839 10.9671 1.55967 1.40221
threshold=-1.0771845793705375 1.1393671261422147 -0.030681807032347019 -1.3645062706886262 0.1730966050351164
decision_type=2 2 2 2 2
left_child=3 2 -2 -1 -3
right_child=1 4 -4 -5 -6
leaf_value=-0.027611028964582306 -0.0033937377987006347 0.0057116445150658364 0.013457517815503391 -0.0032264432590868595 0.028065073522939247
leaf_weight=104.54388534743339 57.463210614398122 8.6730906367301923 66.909206841140985 5.3150437027215949 78.726896703243256
leaf_count=6910 503 70 529 176 932
internal_value=0.00057518 0.0153438 0.00599866 -0.0267989 0.026661
internal_weight=321.631 211.772 124.372 109.859 87.4
internal_count=9120 2034 1032 7086 1002
is_linear=0
shrinkage=0.03


Tree=85
num_leaves=6
num_cat=0
split_feature=0 0 13 9 0
split_gain=148.132 23.9387 10.4935 1.79227 1.555
threshold=-1.0771845793705375 1.1393671261422147 0.031130952380952381 0.16132942629730149 -1.3645062706886262
decision_type=2 2 2 2 2
left_child=4 2 -2 -3 -1
right_child=1 3 -4 -5 -6
leaf_value=-0.027525872775188021 0.010393173737162484 0.0049199478773495784 -0.00822461290806294 0.027904675616421872 -0.0031960757698838681
leaf_weight=101.79378701560199 95.886294491589069 8.1731004193425161 28.36986150406301 77.452648520469666 5.2998239416629067
leaf_count=6910 798 65 234 937 176
internal_value=0.000576633 0.0150748 0.00584642 0.0264547 -0.0266976
internal_weight=316.976 209.882 124.256 85.6257 107.094
internal_count=9120 2034 1032 1002 7086
is_linear=0
shrinkage=0.03


Tree=86
num_leaves=7
num_cat=0
split_feature=0 8 2 13 0 0
split_gain=142.892 30.562 12.6945 7.08886 5.9667 5.59299
threshold=-0.039999152243334481 0.41123805295526472 0.51500000000000012 0.026889880952380957 -0.16827533197495367 -1.0173520118223995
decision_type=2 2 2 2 2 2
left_child=1 4 -2 -4 -1 -3
right_child=2 5 3 -5 -6 -7
leaf_value=-0.026848774733720146 0.023681862366233795 -0.00514241129728122 0.011214927437507814 -0.010620872336182639 -0.0023600079877131746 0.019266392207093395
leaf_weight=118.33831968251616 126.60366868972778 8.3496643649414199 23.016969747841358 12.876086249947546 11.814978957176207 11.437546588480471
leaf_count=7282 1251 201 178 99 57 52
internal_value=0.000570036 -0.0198733 0.0194922 0.00277425 -0.0249527 0.010698
internal_weight=312.437 149.941 162.497 35.8931 130.153 19.7872
internal_count=9120 7592 1528 277 7339 253
is_linear=0
shrinkage=0.03


Tree=87
num_leaves=6
num_cat=0
split_feature=0 0 8 10 0
split_gain=138.157 23.4504 10.5608 1.62871 1.62295
threshold=-1.0771845793705375 1.1393671261422147 -0.030681807032347019 1.5850000000000002 -1.3645062706886262
decision_type=2 2 2 2 2
left_child=4 2 -2 -3 -1
right_child=1 3 -4 -5 -6
leaf_value=-0.027361102621927862 -0.0037094196548533155 0.027590850720400701 0.01286865163978458 0.0052129075956803932 -0.0029749317074684047
leaf_weight=96.699643242172897 56.918180560693145 73.994431465864182 66.093601826578379 8.5464363992214185 5.1854078508913508
leaf_count=6910 503 953 529 49 176
internal_value=0.000568797 0.0145911 0.00549571 0.0260875 -0.0264968
internal_weight=307.438 205.553 123.012 82.5409 101.885
internal_count=9120 2034 1032 1002 7086
is_linear=0
shrinkage=0.03


Tree=88
num_leaves=6
num_cat=0
split_feature=0 0 8 8 0
split_gain=133.315 23.1027 10.0379 1.69937 1.61639
threshold=-1.0771845793705375 1.1393671261422147 -0.030681807032347019 -0.5457758700132086 -1.3645062706886262
decision_type=2 2 2 2 2
left_child=4 2 -2 -3 -1
right_child=1 3 -4 -5 -6
leaf_value=-0.027272929240627141 -0.0036142775172171172 0.0052047885631839848 0.01255344474078344 0.027465665733537311 -0.0029471571803131578
leaf_weight=94.172426823526621 56.927105309441686 8.7636543214321119 65.973502662032843 72.088209196925163 5.1716973930597296
leaf_count=6910 503 55 529 947 176
internal_value=0.000569484 0.0143348 0.00535615 0.0258912 -0.0263919
internal_weight=303.097 203.752 122.901 80.8519 99.3441
internal_count=9120 2034 1032 1002 7086
is_linear=0
shrinkage=0.03


Tree=89
num_leaves=7
num_cat=0
split_feature=0 8 2 13 0 0
split_gain=128.794 29.4611 12.4813 6.85075 5.86059 5.67469
threshold=-0.039999152243334481 0.41123805295526472 0.51500000000000012 0.026889880952380957 0.13642533258286335 -0.16827533197495367
decision_type=2 2 2 2 2 2
left_child=1 5 4 -4 -2 -1
right_child=2 -3 3 -5 -6 -7
leaf_value=-0.026591374534606808 0.0038976217954862016 0.010633588959754537 0.010692688704857319 -0.010851242875149311 0.025520696698603563 -0.0024652443527402785
leaf_weight=110.83332816325128 16.957743436098099 19.543943718075752 22.483339600265026 12.727154806256292 104.53332384675741 11.797799825668333
leaf_count=7282 74 253 178 99 1177 57
internal_value=0.000569984 -0.0194033 0.0187686 0.00222772 0.0230285 -0.0246312
internal_weight=298.877 142.175 156.702 35.2105 121.491 122.631
internal_count=9120 7592 1528 277 1251 7339
is_linear=0
shrinkage=0.03


Tree=90
num_leaves=6
num_cat=0
split_feature=0 0 13 9 0
split_gain=124.725 22.3251 9.80397 2.16607 1.65701
threshold=-1.0771845793705375 1.1393671261422147 0.031130952380952381 0.16132942629730149 -1.3645062706886262
decision_type=2 2 2 2 2
left_child=4 2 -2 -3 -1
right_child=1 3 -4 -5 -6
leaf_value=-0.027107269717781265 0.0095917118521735081 0.0039263049527213587 -0.0084734302294556269 0.027109221986504794 -0.002777271621138049
leaf_weight=89.578301003202796 93.716797549277544 7.7139799222350112 27.946348110213876 70.12172070145607 5.0809043645858756
leaf_count=6910 798 65 234 937 176
internal_value=0.000571066 0.0139136 0.0051137 0.0255202 -0.0261915
internal_weight=294.158 199.499 121.663 77.8357 94.6592
internal_count=9120 2034 1032 1002 7086
is_linear=0
shrinkage=0.03


Tree=91
num_leaves=7
num_cat=0
split_feature=0 0 8 10 1 8
split_gain=120.292 22.0006 9.73103 2.19994 2.01481 0.516294
threshold=-1.0771845793705375 1.1393671261422147 -0.090634811457371983 1.6050000000000002 0.46717229980522795 0.79745647978066236
decision_type=2 2 2 2 2 2
left_child=4 2 -2 -3 5 -1
right_child=1 3 -4 -5 -6 -7
leaf_value=-0.027029407167365203 -0.0056529693137010945 0.026983371793344601 0.01079850390121803 0.0040106509793191979 0.001479753330212366 -0.0023016219215033404
leaf_weight=88.273293925449252 43.19744236022234 68.273443751037121 78.360630678012967 8.0017820894718152 1.3082827068865288 2.740548998117446
leaf_count=7008 387 955 645 47 35 43
internal_value=0.000562575 0.0136538 0.00496693 0.0253176 -0.0260829 -0.0265864
internal_weight=290.155 197.833 121.558 76.2752 92.3221 91.0138
internal_count=9120 2034 1032 1002 7086 7051
is_linear=0
shrinkage=0.03


Tree=92
num_leaves=7
num_cat=0
split_feature=0 0 8 8 1 8
split_gain=116.049 21.712 10.5082 9.91246 2.00056 0.513029
threshold=-1.0771845793705375 0.61873701196218811 -0.64554037529233199 0.45799308040572145 0.46717229980522795 0.79745647978066236
decision_type=2 2 2 2 2 2
left_child=4 3 -3 -2 5 -1
right_child=1 2 -4 -5 -6 -7
leaf_value=-0.026938081211338647 -0.0015468608487384707 -0.0036902693969242694 0.025906886557717005 0.0200443316815614 0.0014744063554118746 -0.0022877380863739172
leaf_weight=85.983883586712182 85.933793563395739 9.5590444356203061 86.488520592451096 14.192771315574644 1.3098781518638123 2.7352341450750819
leaf_count=7008 746 57 1161 70 35 43
internal_value=0.000560391 0.0134065 0.022891 0.00305586 -0.0259733 -0.0264868
internal_weight=286.203 196.174 96.0476 100.127 90.029 88.7191
internal_count=9120 2034 1218 816 7086 7051
is_linear=0
shrinkage=0.03


Tree=93
num_leaves=7
num_cat=0
split_feature=0 8 2 13 0 0
split_gain=112.137 27.9436 12.4805 6.52212 5.66878 5.35674
threshold=-0.039999152243334481 0.41123805295526472 0.51500000000000012 0.026889880952380957 0.13642533258286335 -0.16827533197495367
decision_type=2 2 2 2 2 2
left_child=1 5 4 -4 -2 -1
right_child=2 -3 3 -5 -6 -7
leaf_value=-0.026234324822857247 0.0036202356411042355 0.010440951149092071 0.0098954829316922743 -0.011251815642675099 0.024823734013599715 -0.0025531072635434533
leaf_weight=101.69374468736351 16.899214386940002 19.369333981536329 21.723097503185272 12.490234449505804 98.190405257046223 11.80012972652912
leaf_count=7282 74 253 178 99 1177 57
internal_value=0.000563742 -0.0187538 0.0178523 0.00137649 0.0222486 -0.0241783
internal_weight=282.166 132.863 149.303 34.2133 115.09 113.494
internal_count=9120 7592 1528 277 1251 7339
is_linear=0
shrinkage=0.03


Tree=94
num_leaves=7
num_cat=0
split_feature=0 0 8 8 1 8
split_gain=108.644 20.9141 9.34655 3.65002 1.97438 0.473715
threshold=-1.0771845793705375 1.1393671261422147 -0.030681807032347019 -0.59690672013942891 0.46717229980522795 0.79745647978066236
decision_type=2 2 2 2 2 2
left_child=4 2 -2 -3 5 -1
right_child=1 3 -4 -5 -6 -7
leaf_value=-0.026761123436921982 -0.0040664093720953623 0.0015671198429648633 0.011647957273169965 0.026712754376019544 0.0014688033381590213 -0.002336990979553403
leaf_weight=81.764048137702048 55.643322864547372 6.9718892499804488 64.350304085761309 65.069248601794243 1.3102299971505988 2.7540988065302363
leaf_count=7008 503 45 529 957 35 43
internal_value=0.000563105 0.0130225 0.00460866 0.0247669 -0.0257638 -0.0262967
internal_weight=277.863 192.035 119.994 72.0411 85.8284 84.5181
internal_count=9120 2034 1032 1002 7086 7051
is_linear=0
shrinkage=0.03


Tree=95
num_leaves=5
num_cat=0
split_feature=0 0 8 8
split_gain=104.983 21.8333 10.3916 3.59972
threshold=-1.3645062706886262 1.1393671261422147 0.10029427611038101 -0.59690672013942891
decision_type=2 2 2 2
left_child=-1 2 -2 -3
right_child=1 3 -4 -5
leaf_value=-0.026668952741130635 -0.0022598114909633108 0.0015483929421224809 0.014632327219623412 0.026537325994663744
leaf_weight=79.005035987123847 82.521345518529415 6.9655641168355933 42.089926179498434 63.622433453798294
leaf_count=6910 858 45 350 957
internal_value=0.000561064 0.0123447 0.00410899 0.0245696
internal_weight=274.204 195.199 124.611 70.588
internal_count=9120 2210 1208 1002
is_linear=0
shrinkage=0.03


Tree=96
num_leaves=5
num_cat=0
split_feature=0 0 8 8
split_gain=101.408 21.3965 9.89908 3.54985
threshold=-1.3645062706886262 1.1393671261422147 0.10029427611038101 -0.59690672013942891
decision_type=2 2 2 2
left_child=-1 2 -2 -3
right_child=1 3 -4 -5
leaf_value=-0.02657192411212226 -0.0021991359816272917 0.0015298929142665066 0.014293689029472837 0.026362416448146929
leaf_weight=76.981822404079139 82.529989488422871 6.9593151435255995 42.032283255830407 62.210943773388863
leaf_count=6910 858 45 350 957
internal_value=0.000564894 0.012123 0.00401485 0.0243728
internal_weight=270.714 193.733 124.562 69.1703
internal_count=9120 2210 1208 1002
is_linear=0
shrinkage=0.03


Tree=97
num_leaves=7
num_cat=0
split_feature=0 8 2 1 13 8
split_gain=98.4706 26.8547 13.7277 7.85312 5.89531 4.30336
threshold=1.0000000180025095e-35 0.41123805295526472 0.51500000000000012 0.2937291707345327 0.028318452380952385 -0.56283560763560037
decision_type=2 2 2 2 2 2
left_child=1 3 5 -1 -4 -2
right_child=2 -3 4 -5 -6 -7
leaf_value=-0.024988311671767953 0.0016538896760441523 0.010676970574563901 0.0086042690121948123 0.0034942150102998133 -0.011855192612903426 0.024245479837806772
leaf_weight=102.91368042957038 9.822770066559313 19.663539557717741 20.971609607338905 6.969478376209735 11.461166158318518 95.515624146908522
leaf_count=7199 58 255 179 160 94 1175
internal_value=0.000568348 -0.0175247 0.0176159 -0.023041 0.000284257 0.0224649
internal_weight=267.318 129.547 137.771 109.883 32.4328 105.338
internal_count=9120 7614 1506 7359 273 1233
is_linear=0
shrinkage=0.03


Tree=98
num_leaves=5
num_cat=0
split_feature=0 0 8 10
split_gain=95.3418 20.5653 9.56746 3.50672
threshold=-1.3645062706886262 1.1393671261422147 -0.090634811457371983 1.7850000000000004
decision_type=2 2 2 2
left_child=-1 2 -2 -3
right_child=1 3 -4 -5
leaf_value=-0.026394953378172572 -0.0064624587613001279 0.026048681468211123 0.0096580819777180114 0.0013587552081046827
leaf_weight=73.413007598370314 44.016520921140909 59.910633359104395 79.36012620665133 6.8206494450569144
leaf_count=6910 474 960 734 42
internal_value=0.000571146 0.0117832 0.00385351 0.0240311
internal_weight=263.521 190.108 123.377 66.7313
internal_count=9120 2210 1208 1002
is_linear=0
shrinkage=0.03


Tree=99
num_leaves=5
num_cat=0
split_feature=0 0 8 8
split_gain=92.0537 20.2058 9.97406 9.74041
threshold=-1.3645062706886262 0.61873701196218811 -0.64554037529233199 0.1590285706183916
decision_type=2 2 2 2
left_child=-1 3 -3 -2
right_child=1 2 -4 -5
leaf_value=-0.026294507019202197 -0.0037592977143628115 -0.0040547266018430509 0.024763493390534748 0.014487364969934519
leaf_weight=71.549034921452403 74.53448330052197 9.4177990332245809 76.238888282328844 28.504181852564216
leaf_count=6910 782 57 1161 210
internal_value=0.000564617 0.0115598 0.0215023 0.00212347
internal_weight=260.244 188.695 85.6567 103.039
internal_count=9120 2210 1218 992
is_linear=0
shrinkage=0.03


Tree=100
num_leaves=5
num_cat=0
split_feature=0 0 8 10
split_gain=88.9194 19.8431 8.94643 3.50278
threshold=-1.3645062706886262 1.1393671261422147 -0.090634811457371983 1.7850000000000004
decision_type=2 2 2 2
left_child=-1 2 -2 -3
right_child=1 3 -4 -5
leaf_value=-0.026192875767120059 -0.0063461182335328254 0.025729669989535287 0.0092590853557643869 0.0011881456308458285
leaf_weight=69.738037645816803 43.858540680259466 57.425849582999945 79.103851845487952 6.7562429904937735
leaf_count=6910 474 960 734 42
internal_value=0.000559844 0.011352 0.00363432 0.0236547
internal_weight=256.883 187.144 122.962 64.1821
internal_count=9120 2210 1208 1002
is_linear=0
shrinkage=0.03


Tree=101
num_leaves=7
num_cat=0
split_feature=0 8 2 1 13 8
split_gain=86.0946 25.3018 13.5751 7.52915 5.68498 4.11961
threshold=1.0000000180025095e-35 0.41123805295526472 0.51500000000000012 0.2937291707345327 0.028318452380952385 -0.56283560763560037
decision_type=2 2 2 2 2 2
left_child=1 3 5 -1 -4 -2
right_child=2 -3 4 -5 -6 -7
leaf_value=-0.024557695182152294 0.0014767219815504397 0.010460652988700869 0.007997783491708552 0.0034345688334071543 -0.012239377052694679 0.023580924970058027
leaf_weight=95.772953663952649 9.7127251103520376 19.461109888739884 20.343269269913439 6.9356984570622435 11.246947579085825 90.304654471576214
leaf_count=7199 58 255 179 160 94 1175
internal_value=0.000552836 -0.0168812 0.0167859 -0.0225304 -0.000417658 0.0217637
internal_weight=253.777 122.17 131.608 102.709 31.5902 100.017
internal_count=9120 7614 1506 7359 273 1233
is_linear=0
shrinkage=0.03


Tree=102
num_leaves=5
num_cat=0
split_feature=0 0 8 8
split_gain=83.5941 19.0922 8.62135 4.03005
threshold=-1.3645062706886262 1.1393671261422147 0.10029427611038101 -0.64554037529233199
decision_type=2 2 2 2
left_child=-1 2 -2 -3
right_child=1 3 -4 -5
leaf_value=-0.026007815530605879 -0.002390521349894213 0.00018360363645114906 0.013111291764879808 0.025524139418930478
leaf_weight=66.554178231395781 80.427635917440057 6.3395154625177375 41.356525100767612 55.629470951855183
leaf_count=6910 858 41 350 961
internal_value=0.000554383 0.0110208 0.00346917 0.0233175
internal_weight=250.307 183.753 121.784 61.969
internal_count=9120 2210 1208 1002
is_linear=0
shrinkage=0.03


Tree=103
num_leaves=5
num_cat=0
split_feature=0 0 8 10
split_gain=80.775 18.6756 8.26292 4.02973
threshold=-1.3645062706886262 1.1393671261422147 -0.030681807032347019 1.8150000000000002
decision_type=2 2 2 2
left_child=-1 2 -2 -3
right_child=1 3 -4 -5
leaf_value=-0.02590270611113183 -0.0046318124420859832 0.025360915664586502 0.0099891180694390621 8.9620633866805641e-05
leaf_weight=64.885331642813981 56.28828657977283 54.449899140745401 65.454832905903459 6.30558007210493
leaf_count=6910 601 962 607 40
internal_value=0.000555316 0.0108191 0.00339063 0.0231215
internal_weight=247.384 182.499 121.743 60.7555
internal_count=9120 2210 1208 1002
is_linear=0
shrinkage=0.03


Tree=104
num_leaves=5
num_cat=0
split_feature=0 0 8 10
split_gain=78.0239 18.2863 7.95365 4.26417
threshold=-1.3645062706886262 1.1393671261422147 0.10029427611038101 1.8550000000000002
decision_type=2 2 2 2
left_child=-1 2 -2 -3
right_child=1 3 -4 -5
leaf_value=-0.025796400956077058 -0.0023206166442330829 0.025223199516835191 0.012575694510491725 -0.00042044726669478427
leaf_weight=63.263873351737857 80.411915596574545 53.502401847392321 41.267211088910699 6.069261521100997
leaf_count=6910 858 964 350 38
internal_value=0.000549841 0.0106137 0.0033028 0.0229257
internal_weight=244.515 181.251 121.679 59.5717
internal_count=9120 2210 1208 1002
is_linear=0
shrinkage=0.03


Tree=105
num_leaves=7
num_cat=0
split_feature=0 8 2 13 0 10
split_gain=75.7491 23.3255 12.1672 5.84924 5.36035 5.35183
threshold=-0.039999152243334481 0.41123805295526472 0.51500000000000012 0.026889880952380957 0.13642533258286335 1.2350000000000001
decision_type=2 2 2 2 2 2
left_child=1 5 4 -4 -2 -1
right_child=2 -3 3 -5 -6 -7
leaf_value=-0.02451308460254541 0.0026493082148754321 0.009645755301501361 0.00806900844590361 -0.012371236315998312 0.023026328619645077 0.0019287781355784906
leaf_weight=85.899091010913253 16.499498829245567 18.836792898364365 19.848621364682916 11.832604009658096 82.908052116632462 5.9173041488975278
leaf_count=7193 74 253 178 99 1177 146
internal_value=0.000549611 -0.016924 0.0154533 -0.000701695 0.0201955 -0.0227869
internal_weight=241.742 110.653 131.089 31.6812 99.4076 91.8164
internal_count=9120 7592 1528 277 1251 7339
is_linear=0
shrinkage=0.03


Tree=106
num_leaves=5
num_cat=0
split_feature=0 0 8 10
split_gain=73.3983 17.4412 7.74913 4.24458
threshold=-1.3645062706886262 1.1393671261422147 -0.090634811457371983 1.8550000000000002
decision_type=2 2 2 2
left_child=-1 2 -2 -3
right_child=1 3 -4 -5
leaf_value=-0.02560203335671132 -0.0061490470566875084 0.024921282976062459 0.0084784265974043177 -0.00056097052060254755
leaf_weight=60.402336398139596 43.048752997070551 51.463030904531479 77.572711173444986 6.0256082341074935
leaf_count=6910 474 964 734 38
internal_value=0.000549607 0.0103079 0.00318692 0.022563
internal_weight=238.512 178.11 120.621 57.4886
internal_count=9120 2210 1208 1002
is_linear=0
shrinkage=0.03


Tree=107
num_leaves=5
num_cat=0
split_feature=0 0 8 8
split_gain=70.8929 17.0767 7.44353 4.18767
threshold=-1.3645062706886262 1.1393671261422147 0.10029427611038101 -0.64554037529233199
decision_type=2 2 2 2
left_child=-1 2 -2 -3
right_child=1 3 -4 -5
leaf_value=-0.025492232161622597 -0.0023647605907852367 -0.00051489375825075677 0.012090550173054182 0.024764524310015482
leaf_weight=58.908301135525107 79.572642421349883 6.0914392769336692 40.975070523098111 50.290856033563614
leaf_count=6910 858 41 350 961
internal_value=0.000539629 0.0101069 0.00309847 0.0223672
internal_weight=235.838 176.93 120.548 56.3823
internal_count=9120 2210 1208 1002
is_linear=0
shrinkage=0.03


Tree=108
num_leaves=7
num_cat=0
split_feature=0 0 9 13 10 8
split_gain=68.5966 12.7352 10.7534 9.85291 3.24262 2.35366
threshold=-0.53559743381964198 1.3185178531294721 1.2970465919485459 0.031770833333333338 1.7850000000000004 0.79745647978066236
decision_type=2 2 2 2 2 2
left_child=2 3 5 -2 -3 -1
right_child=1 4 -4 -5 -6 -7
leaf_value=-0.025420825467170005 0.0097946630564922713 0.025065822784808418 0.0060526505129088583 -0.0092857831348327115 0.00039494866839993826 0.0013421072804020416
leaf_weight=66.982652151957154 81.053201619535685 45.262797921895981 7.8876088429242364 24.420438028872013 5.6045129597187033 2.0628404356539241
leaf_count=7236 648 895 82 192 35 32
internal_value=0.000538815 0.0118046 -0.0210795 0.00495537 0.0228591 -0.0245526
internal_weight=233.274 156.341 76.9331 105.474 50.8673 69.0455
internal_count=9120 1770 7350 840 930 7268
is_linear=0
shrinkage=0.03


Tree=109
num_leaves=5
num_cat=0
split_feature=0 0 8 3
split_gain=66.4272 16.348 14.8094 9.62862
threshold=-1.3645062706886262 0.49320639349421019 -0.93542728512818163 0.82345837629517116
decision_type=2 2 2 2
left_child=-1 3 -3 -2
right_child=1 2 -4 -5
leaf_value=-0.025279329119910651 0.016857691717678674 -0.011722648198888658 0.022591133128798447 -0.0040321638781485496
leaf_weight=56.130759745836258 15.748021511361001 6.7927357777953139 74.764956936240196 77.069048097357154
leaf_count=6910 116 37 1253 804
internal_value=0.000537682 0.00976846 0.018765 0.000807021
internal_weight=230.506 174.375 81.5577 92.8171
internal_count=9120 2210 1290 920
is_linear=0
shrinkage=0.03


Tree=110
num_leaves=5
num_cat=0
split_feature=0 0 8 10
split_gain=64.1859 16.0197 8.52973 3.21182
threshold=-1.3645062706886262 1.3185178531294721 -0.090634811457371983 1.7850000000000004
decision_type=2 2 2 2
left_child=-1 2 -2 -3
right_child=1 3 -4 -5
leaf_value=-0.025165964804338876 -0.006446330045749047 0.024765615081968617 0.0086973567018668943 0.00028917812469698051
leaf_weight=54.757916323840618 44.528800014406443 43.423934884369373 79.513666871935129 5.5657625645399085
leaf_count=6910 495 895 785 35
internal_value=0.00052527 0.00958629 0.00318572 0.0225052
internal_weight=227.79 173.032 124.042 48.9897
internal_count=9120 2210 1280 930
is_linear=0
shrinkage=0.03


Tree=111
num_leaves=7
num_cat=0
split_feature=0 8 2 0 0 1
split_gain=62.1754 21.9863 13.3557 7.85336 5.15407 4.78247
threshold=1.0000000180025095e-35 0.18800941754450065 0.50500000000000012 -1.3645062706886262 1.1393671261422147 0.2937291707345327
decision_type=2 2 2 2 2 2
left_child=1 5 -2 -3 -4 -1
right_child=2 3 4 -5 -6 -7
leaf_value=-0.024321614389463526 0.020313744862119506 -0.011458664094745614 -0.0096147100976403613 0.014356407408274515 0.0097873956652678867 0.0025255445954054283
leaf_weight=74.714262408204377 87.849877748638391 7.4908854146488038 19.404871366918091 20.038393389433622 11.41480467841029 4.5119976727291933
leaf_count=6770 1218 598 129 141 159 105
internal_value=0.000516757 -0.0153562 0.0148798 0.00615043 -0.00179139 -0.022681
internal_weight=225.425 106.756 118.67 27.5293 30.8197 79.2263
internal_count=9120 7614 1506 739 288 6875
is_linear=0
shrinkage=0.03


Tree=112
num_leaves=5
num_cat=0
split_feature=0 0 8 10
split_gain=60.2216 15.3881 7.99826 3.84137
threshold=-1.3645062706886262 1.3185178531294721 -0.090634811457371983 1.8550000000000002
decision_type=2 2 2 2
left_child=-1 2 -2 -3
right_child=1 3 -4 -5
leaf_value=-0.024949841512653049 -0.0063316236141223586 0.024589844273632689 0.0083800471794650364 -0.00095799813431261642
leaf_weight=52.268316852860153 44.144769107922912 42.218271799385548 78.914646001532674 5.0803774148225775
leaf_count=6910 495 898 785 32
internal_value=0.000508507 0.00926976 0.00302335 0.0221575
internal_weight=222.626 170.358 123.059 47.2986
internal_count=9120 2210 1280 930
is_linear=0
shrinkage=0.03


Tree=113
num_leaves=5
num_cat=0
split_feature=0 0 8 10
split_gain=58.191 15.0676 7.59868 3.78346
threshold=-1.3645062706886262 1.3185178531294721 -0.090634811457371983 1.8550000000000002
decision_type=2 2 2 2
left_child=-1 2 -2 -3
right_child=1 3 -4 -5
leaf_value=-0.024833087844261682 -0.0061759712817794962 0.024426621603843329 0.0081652249364602501 -0.00094813930663049093
leaf_weight=51.004769441206008 44.15154967457056 41.306011624634266 78.825584910809994 5.0831443294882765
leaf_count=6910 495 898 785 32
internal_value=0.000498488 0.00908629 0.00293917 0.0219711
internal_weight=220.371 169.366 122.977 46.3892
internal_count=9120 2210 1280 930
is_linear=0
shrinkage=0.03


Tree=114
num_leaves=7
num_cat=0
split_feature=0 8 2 10 0 13
split_gain=56.4277 20.6081 11.565 5.22854 5.18996 5.18988
threshold=-0.039999152243334481 0.41123805295526472 0.50500000000000012 1.2350000000000001 0.13642533258286335 0.028318452380952385
decision_type=2 2 2 2 2 2
left_child=1 3 4 -1 -2 -4
right_child=2 -3 5 -5 -6 -7
leaf_value=-0.023621849331784846 0.0019825358053246547 0.0093386999892874269 0.006695047939960474 0.0024030771644394005 0.021870352923369914 -0.0127420470709768
leaf_weight=73.964258831460029 16.256423652172089 18.359500715509057 20.116054892539982 5.671464893501251 72.670250292867422 11.139340728521345
leaf_count=7193 74 253 193 146 1162 99
internal_value=0.000488486 -0.0155645 0.013768 -0.0217071 0.0188026 -0.00164173
internal_weight=218.177 97.9952 120.182 79.6357 88.9267 31.2554
internal_count=9120 7592 1528 7339 1236 292
is_linear=0
shrinkage=0.03


Tree=115
num_leaves=5
num_cat=0
split_feature=0 0 8 10
split_gain=54.7722 14.4152 7.37275 3.75874
threshold=-1.3645062706886262 1.3185178531294721 -0.030681807032347019 1.8550000000000002
decision_type=2 2 2 2
left_child=-1 2 -2 -3
right_child=1 3 -4 -5
leaf_value=-0.024620034258754309 -0.00471684271736673 0.024145115804297224 0.0090630418768019826 -0.0010576692901931501
leaf_weight=48.782963148783892 56.388942123390734 39.763474989682436 65.530542425811291 5.0499044433236113
leaf_count=6910 628 898 652 32
internal_value=0.00048679 0.00881 0.00281528 0.0216302
internal_weight=215.516 166.733 121.919 44.8134
internal_count=9120 2210 1280 930
is_linear=0
shrinkage=0.03


Tree=116
num_leaves=6
num_cat=0
split_feature=0 8 0 9 8
split_gain=52.9863 11.7113 13.8783 9.81682 2.24851
threshold=-0.53559743381964198 -0.93542728512818163 0.40497283290049674 1.2970465919485459 0.79745647978066236
decision_type=2 2 2 2 2
left_child=3 -2 -3 4 -1
right_child=1 2 -4 -5 -6
leaf_value=-0.024675094936002721 -0.013715394036438303 0.0021567344698617133 0.021004554794226599 0.0058904058271824333 0.0014286706860614433
leaf_weight=57.020598304457963 8.5396445468068105 65.776713244616985 72.374046064913273 7.7293423656374207 1.9991137944161881
leaf_count=7236 53 430 1287 82 32
internal_value=0.000479853 0.0104626 0.012782 -0.0199633 -0.023712
internal_weight=213.439 146.69 138.151 66.7491 59.0197
internal_count=9120 1770 1717 7350 7268
is_linear=0
shrinkage=0.03


Tree=117
num_leaves=5
num_cat=0
split_feature=0 0 13 10
split_gain=51.3021 13.847 7.22357 3.69498
threshold=-1.3645062706886262 1.3185178531294721 0.031130952380952381 1.8550000000000002
decision_type=2 2 2 2
left_child=-1 2 -2 -3
right_child=1 3 -4 -5
leaf_value=-0.024389408566704261 0.0067392846998958391 0.023849766141583309 -0.0084208335872362622 -0.0011134411815178606
leaf_weight=46.553921259008348 91.311556594446301 38.214665934443474 29.793956717476249 5.0268731266260138
leaf_count=6910 962 898 318 32
internal_value=0.000459615 0.00849367 0.00265183 0.0212837
internal_weight=210.901 164.347 121.106 43.2415
internal_count=9120 2210 1280 930
is_linear=0
shrinkage=0.03


Tree=118
num_leaves=5
num_cat=0
split_feature=0 0 8 10
split_gain=49.5742 13.5576 7.18822 3.63761
threshold=-1.3645062706886262 1.3185178531294721 0.10029427611038101 1.8550000000000002
decision_type=2 2 2 2
left_child=-1 2 -2 -3
right_child=1 3 -4 -5
leaf_value=-0.024267198651151931 -0.0027892193612774853 0.023686679311939317 0.011332885743917854 -0.0011020288088953861
leaf_weight=45.451757255010307 79.327456022612751 37.404572065919638 41.698777744546533 5.0300695151090613
leaf_count=6910 894 898 386 32
internal_value=0.000444821 0.00831909 0.00257004 0.0210985
internal_weight=208.913 163.461 121.026 42.4346
internal_count=9120 2210 1280 930
is_linear=0
shrinkage=0.03


Tree=119
num_leaves=5
num_cat=0
split_feature=0 0 13 10
split_gain=47.9594 13.2349 6.89545 3.5808
threshold=-1.3645062706886262 1.3185178531294721 0.031130952380952381 1.8550000000000002
decision_type=2 2 2 2
left_child=-1 2 -2 -3
right_child=1 3 -4 -5
leaf_value=-0.0241439277211935 0.0065148278003217481 0.023523647892974828 -0.0082960652142537537 -0.0010907314235231327
leaf_weight=44.380576404742897 91.197013825178146 36.615157496184111 29.785941692069173 5.0332334488630286
leaf_count=6910 962 898 318 32
internal_value=0.000444284 0.00816408 0.00251341 0.0209137
internal_weight=207.012 162.631 120.983 41.6484
internal_count=9120 2210 1280 930
is_linear=0
shrinkage=0.03


Tree=120
num_leaves=7
num_cat=0
split_feature=0 8 8 2 0 1
split_gain=46.3857 19.8793 13.897 8.88606 5.98326 4.51572
threshold=1.0000000180025095e-35 0.18800941754450065 -1.0575940123864827 0.46500000000000002 -1.3645062706886262 0.2937291707345327
decision_type=2 2 2 2 2 2
left_child=1 5 -2 -4 -3 -1
right_child=2 4 3 -5 -6 -7
leaf_value=-0.023444608025096896 -0.014982698315155685 -0.010039041688250682 0.021573523667280541 0.0021516456539418314 0.013172477457259107 0.002658746073708286
leaf_weight=65.011328514665365 6.6322686448693267 6.3211926375515786 70.555407162755728 32.035666551440954 20.171550048515201 4.4010529746301463
leaf_count=6770 33 598 1119 354 141 105
internal_value=0.0004294 -0.0140384 0.013245 0.0162385 0.00640086 -0.0216632
internal_weight=205.128 95.9051 109.223 102.591 26.4927 69.4124
internal_count=9120 7614 1506 1473 739 6875
is_linear=0
shrinkage=0.03


Tree=121
num_leaves=5
num_cat=0
split_feature=0 0 8 10
split_gain=44.9986 12.7997 6.80205 3.48392
threshold=-1.3645062706886262 1.3185178531294721 -0.030681807032347019 1.8550000000000002
decision_type=2 2 2 2
left_child=-1 2 -2 -3
right_child=1 3 -4 -5
leaf_value=-0.023909952657260633 -0.004907804651476581 0.023247535174797829 0.0083998918691368836 -0.0010743112350165009
leaf_weight=42.44207142200321 55.534114485606551 35.299283359199762 64.452038524672389 5.0318716391921035
leaf_count=6910 628 898 652 32
internal_value=0.00040807 0.00787183 0.00233687 0.0206025
internal_weight=202.759 160.317 119.986 40.3312
internal_count=9120 2210 1280 930
is_linear=0
shrinkage=0.03


Tree=122
num_leaves=5
num_cat=0
split_feature=0 0 13 10
split_gain=43.5238 12.5036 6.54155 3.42861
threshold=-1.3645062706886262 1.3185178531294721 0.031130952380952381 1.8550000000000002
decision_type=2 2 2 2
left_child=-1 2 -2 -3
right_child=1 3 -4 -5
leaf_value=-0.023783700154952587 0.0062044318675026234 0.023084568266467782 -0.0082548230281002874 -0.0010633020922579573
leaf_weight=41.455368127673864 90.337017638608813 34.563767988234758 29.592462464235723 5.0349448919296256
leaf_count=6910 962 898 318 32
internal_value=0.00040124 0.00771821 0.00227589 0.0204188
internal_weight=200.984 159.528 119.929 39.5987
internal_count=9120 2210 1280 930
is_linear=0
shrinkage=0.03


Tree=123
num_leaves=6
num_cat=0
split_feature=0 8 0 8 10
split_gain=42.0933 10.6205 12.6727 9.3386 2.44566
threshold=-0.53559743381964198 -0.93542728512818163 0.56866582402552701 0.53397280264895264 2.4550000000000005
decision_type=2 2 2 2 2
left_child=3 -2 -3 4 -1
right_child=1 2 -4 -5 -6
leaf_value=-0.024336327646266351 -0.013533813462311391 0.0026209817624873134 0.021020999995913014 0.0044834856651097526 0.00329127801114028
leaf_weight=49.100574206095189 8.4952575191855413 73.393941316753626 57.916846614331007 9.6287839319556934 0.70303954835981031
leaf_count=7190 53 498 1219 144 16
internal_value=0.000386563 0.00931833 0.0116499 -0.0189401 -0.0234612
internal_weight=199.238 139.806 131.311 59.4324 49.8036
internal_count=9120 1770 1717 7350 7206
is_linear=0
shrinkage=0.03


Tree=124
num_leaves=6
num_cat=0
split_feature=0 0 8 10 8
split_gain=40.7828 11.9734 6.58562 3.3654 0.00900189
threshold=-1.3645062706886262 1.3185178531294721 0.10029427611038101 1.8550000000000002 0.79745647978066236
decision_type=2 2 2 2 2
left_child=4 2 -2 -3 -1
right_child=1 3 -4 -5 -6
leaf_value=-0.02390738011859567 -0.003009202142204276 0.022783266990492056 0.01057104455910508 -0.0011170425024201697 -0.001644332440160004
leaf_weight=38.053144840523601 78.053709515370429 33.231753975152969 41.182359067723155 5.0117682591080657 1.5617397390305985
leaf_count=6870 894 898 386 32 40
internal_value=0.000369084 0.00742939 0.00213624 0.0200688 -0.023538
internal_weight=197.094 157.48 119.236 38.2435 39.6149
internal_count=9120 2210 1280 930 6910
is_linear=0
shrinkage=0.03


Tree=125
num_leaves=6
num_cat=0
split_feature=0 0 1 10 8
split_gain=39.4976 11.6762 6.42091 3.31102 0.00639451
threshold=-1.3645062706886262 1.3185178531294721 0.31356427673039439 1.8550000000000002 0.79745647978066236
decision_type=2 2 2 2 2
left_child=4 2 -2 -3 -1
right_child=1 3 -4 -5 -6
leaf_value=-0.023785585682148568 -0.0012914999869197423 0.022620429329897811 0.014876436484873825 -0.0011056168028731549 -0.0016380057457376751
leaf_weight=37.165200211107731 101.37554911244661 32.549180533736944 17.823665274307132 5.0149479731917372 1.559398790821432
leaf_count=6870 1114 898 166 32 40
internal_value=0.000365808 0.0072915 0.00209038 0.0198864 -0.0234129
internal_weight=195.488 156.763 119.199 37.5641 38.7246
internal_count=9120 2210 1280 930 6910
is_linear=0
shrinkage=0.03


Tree=126
num_leaves=7
num_cat=0
split_feature=0 8 2 0 0 1
split_gain=38.4303 18.3816 12.5727 5.9497 5.01431 4.23068
threshold=1.0000000180025095e-35 0.18800941754450065 0.46500000000000002 1.4020679699192866 -1.3645062706886262 0.2937291707345327
decision_type=2 2 2 2 2 2
left_child=1 5 -2 -4 -3 -1
right_child=2 4 3 -5 -6 -7
leaf_value=-0.022830846171968032 0.018896406217130658 -0.0092293121776070471 -0.0090863878034379651 0.011645474220626131 0.012383531474411453 0.0025751055601543993
leaf_weight=59.58432232029736 69.084564305841923 5.7143481881357756 25.521400544792414 9.3988654352724534 20.273038351908326 4.3659475380554786
leaf_count=6770 1134 598 194 178 141 105
internal_value=0.000371385 -0.0132265 0.0122588 -0.00215609 0.00638709 -0.0209827
internal_weight=193.942 89.9377 104.005 34.9203 25.9874 63.9503
internal_count=9120 7614 1506 372 739 6875
is_linear=0
shrinkage=0.03


Tree=127
num_leaves=6
num_cat=0
split_feature=0 0 8 10 8
split_gain=37.238 11.0808 6.24428 3.46497 0.012273
threshold=-1.3645062706886262 1.3185178531294721 -0.090634811457371983 2.0000000000000004 0.79745647978066236
decision_type=2 2 2 2 2
left_child=4 2 -2 -3 -1
right_child=1 3 -4 -5 -6
leaf_value=-0.023553633666549025 -0.006284839905399001 0.022086113797648212 0.0068850983089589202 -0.002383833725534446 -0.0015963676409702621
leaf_weight=35.555942146573216 42.616710453294218 32.507720068097115 75.836098900064826 3.8582400605082503 1.5440069455653418
leaf_count=6870 495 905 785 25 40
internal_value=0.000369755 0.00707503 0.00202644 0.0195358 -0.0231728
internal_weight=191.919 154.819 118.453 36.366 37.0999
internal_count=9120 2210 1280 930 6910
is_linear=0
shrinkage=0.03


Tree=128
num_leaves=7
num_cat=0
split_feature=0 0 8 6 11 8
split_gain=36.0404 10.8778 11.5481 7.96781 0.0280847 0.097919
threshold=-1.3645062706886262 0.61873701196218811 -0.93542728512818163 -0.46801505794253101 0.076212582792752989 0.042080105109618328
decision_type=2 2 2 2 2 2
left_child=4 3 -3 -2 -1 -6
right_child=1 2 -4 -5 5 -7
leaf_value=-0.023456399363242238 -0.010147079885360793 -0.0110170174846287 0.020648231251681609 0.0062222080523924896 -0.0029934702715749871 0.0013607570802971088
leaf_weight=34.661691521294415 31.488201981410384 5.9374430999159804 51.240237917751074 65.454072091728449 1.1024704817682494 0.51536602806299914
leaf_count=6604 411 34 1184 581 229 77
internal_value=0.000353782 0.00693046 0.0162095 0.00045358 -0.0230454 -0.00162905
internal_weight=190.399 154.12 57.1777 96.9423 36.2795 1.61784
internal_count=9120 2210 1218 992 6910 306
is_linear=0
shrinkage=0.03


Tree=129
num_leaves=6
num_cat=0
split_feature=0 8 0 9 8
split_gain=34.8798 9.82803 11.285 8.67176 2.0707
threshold=-0.53559743381964198 -0.93542728512818163 0.40497283290049674 1.2970465919485459 0.95951343867160011
decision_type=2 2 2 2 2
left_child=3 -2 -3 4 -1
right_child=1 2 -4 -5 -6
leaf_value=-0.023174497646889117 -0.013377228614709077 0.0014860726020674228 0.019039852836863033 0.0059495574918257757 0.0026951581672476311
leaf_weight=45.870169896166772 8.4647876136004907 64.583509594202042 61.476546812802553 7.4266803860664359 0.87429730035364528
leaf_count=7248 53 430 1287 82 20
internal_value=0.000316854 0.0084742 0.0108168 -0.0181043 -0.0223009
internal_weight=188.696 134.525 126.06 54.1711 46.7445
internal_count=9120 1770 1717 7350 7268
is_linear=0
shrinkage=0.03


Tree=130
num_leaves=7
num_cat=0
split_feature=0 0 13 10 11 8
split_gain=33.7862 10.4241 6.27883 3.49608 0.0494761 0.0998676
threshold=-1.3645062706886262 1.3185178531294721 0.031130952380952381 2.0350000000000006 0.076212582792752989 0.04458249016461549
decision_type=2 2 2 2 2 2
left_child=4 2 -2 -3 -1 -6
right_child=1 3 -4 -5 5 -7
leaf_value=-0.023215974524103445 0.005724681464935895 0.021666228202275956 -0.0085300926275371208 -0.0026956775947846001 -0.0029470604306698115 0.0014148339631238618
leaf_weight=33.159576597157866 88.336399860680103 30.888749619945884 29.065049570985138 3.7365513369441024 1.0836759489029635 0.49739201227203
leaf_count=6604 962 906 318 24 231 75
internal_value=0.000298769 0.00665687 0.00180309 0.0190223 -0.0227937 -0.00153804
internal_weight=186.767 152.027 117.401 34.6253 34.7406 1.58107
internal_count=9120 2210 1280 930 6910 306
is_linear=0
shrinkage=0.03


Tree=131
num_leaves=6
num_cat=0
split_feature=0 0 1 10 8
split_gain=32.6962 10.1748 6.09118 3.43831 0.0537528
threshold=-1.3645062706886262 1.3185178531294721 0.31356427673039439 2.0350000000000006 0.79745647978066236
decision_type=2 2 2 2 2
left_child=4 2 -2 -3 -1
right_child=1 3 -4 -5 -6
leaf_value=-0.023067389295049 -0.0015608525138254259 0.021495600393184565 0.014244454079651119 -0.0026725317650619458 -0.001427687187154348
leaf_weight=32.506078980863094 99.727714438922703 30.288401789963245 17.607754804193974 3.7423638775944701 1.4817032050341357
leaf_count=6870 1114 906 166 24 40
internal_value=0.00027841 0.0065149 0.00174334 0.0188345 -0.022663
internal_weight=185.354 151.366 117.335 34.0308 33.9878
internal_count=9120 2210 1280 930 6910
is_linear=0
shrinkage=0.03


Tree=132
num_leaves=7
num_cat=0
split_feature=0 0 13 10 11 8
split_gain=31.7063 9.88367 5.9951 3.38118 0.0703357 0.0991592
threshold=-1.3645062706886262 1.3185178531294721 0.031130952380952381 2.0350000000000006 0.076212582792752989 0.04458249016461549
decision_type=2 2 2 2 2 2
left_child=4 2 -2 -3 -1 -6
right_child=1 3 -4 -5 5 -7
leaf_value=-0.022966577230715497 0.0055576015308433334 0.021325212138139336 -0.0083723027674711594 -0.0026495702372705534 -0.0028788919725606316 0.0014415283855140984
leaf_weight=31.707707989029586 88.266388717107475 29.703266158699989 29.055561745539308 3.748127043247222 1.0561039354652155 0.48862477671354998
leaf_count=6604 962 906 318 24 231 75
internal_value=0.000282444 0.00640277 0.00172115 0.0186474 -0.0225327 -0.00144739
internal_weight=184.026 150.773 117.322 33.4514 33.2524 1.54473
internal_count=9120 2210 1280 930 6910 306
is_linear=0
shrinkage=0.03


Tree=133
num_leaves=7
num_cat=0
split_feature=0 8 2 0 0 8
split_gain=30.7458 17.2209 12.2302 4.86341 4.72889 4.06419
threshold=1.0000000180025095e-35 0.14711155579952287 0.46500000000000002 0.96509497103540032 -1.3645062706886262 -0.56283560763560037
decision_type=2 2 2 2 2 2
left_child=1 -1 5 -4 -3 -2
right_child=2 4 3 -5 -6 -7
leaf_value=-0.021096431051687046 -0.0014887647923718854 -0.0096332788146586256 -0.010408939916525941 0.0079615595100975892 0.010645336672030164 0.020240006731113033
leaf_weight=54.487634080462158 7.2697844803333274 6.0486243027262416 20.544297881424427 13.223938550800083 23.574595531448722 57.536037899553776
leaf_count=6633 51 812 139 233 169 1083
internal_value=0.000262279 -0.0123009 0.0111277 -0.00303953 0.00511851 0.0179293
internal_weight=182.685 84.1109 98.5741 33.7682 29.6232 64.8058
internal_count=9120 7614 1506 372 981 1134
is_linear=0
shrinkage=0.03


Tree=134
num_leaves=7
num_cat=0
split_feature=0 0 8 10 11 8
split_gain=29.8762 9.45869 6.0944 2.19255 0.0868383 0.0980358
threshold=-1.3645062706886262 1.4020679699192866 -0.030681807032347019 1.8550000000000002 0.076212582792752989 0.04458249016461549
decision_type=2 2 2 2 2 2
left_child=4 2 -2 -3 -1 -6
right_child=1 3 -4 -5 5 -7
leaf_value=-0.02273067656144255 -0.0051452859696768279 0.021037472824557934 0.0075255094318551468 -0.00034495410675044596 -0.0028173146603220054 0.0014589349398368989
leaf_weight=30.421384711284194 54.659752891398966 26.56825811043382 63.196709714829922 4.5318065732717505 1.0313090211711813 0.48294788459315885
leaf_count=6604 646 865 670 29 231 75
internal_value=0.000250667 0.00618056 0.00170621 0.0185959 -0.0222863 -0.00137089
internal_weight=180.892 148.957 117.856 31.1001 31.9356 1.51426
internal_count=9120 2210 1316 894 6910 306
is_linear=0
shrinkage=0.03


Tree=135
num_leaves=6
num_cat=0
split_feature=0 0 1 10 8
split_gain=28.9511 9.23161 5.93069 2.15552 0.10465
threshold=-1.3645062706886262 1.4020679699192866 0.31356427673039439 1.8550000000000002 0.79745647978066236
decision_type=2 2 2 2 2
left_child=4 2 -2 -3 -1
right_child=1 3 -4 -5 -6
leaf_value=-0.022584448429523084 -0.0015895050649181502 0.020875503488554392 0.013973525579675914 -0.00034170580505803297 -0.0012312883201010367
leaf_weight=29.848718722350899 100.09141518454999 26.056511154398326 17.718066027387977 4.532690778374671 1.4099060893058766
leaf_count=6870 1146 865 170 29 40
internal_value=0.000242806 0.00606104 0.00166129 0.0184219 -0.0221532
internal_weight=179.657 148.399 117.809 30.5892 31.2586
internal_count=9120 2210 1316 894 6910
is_linear=0
shrinkage=0.03


Tree=136
num_leaves=7
num_cat=0
split_feature=0 8 8 7 10 6
split_gain=28.1856 15.9079 11.0848 8.99375 4.91535 1.30985
threshold=-0.039999152243334481 0.41123805295526472 -1.0575940123864827 0.45847758937963173 1.2350000000000001 0.79383249484937124
decision_type=2 2 2 2 2 2
left_child=1 4 -2 -4 -1 -3
right_child=2 5 3 -5 -6 -7
leaf_value=-0.021565799319997404 -0.014397233453813949 -0.0006400946906194373 0.016439358046748183 -0.0071287927241476638 0.0033941112133204243 0.013174912127577947
leaf_weight=54.560688808560371 6.6685252860188475 7.7104772049933699 83.246563056483865 11.435242172330616 5.1792465588077894 9.6837415848858637
leaf_count=7193 33 158 1415 80 146 95
internal_value=0.00025115 -0.0125414 0.0102391 0.0131838 -0.0192255 0.00905283
internal_weight=178.484 77.1342 101.35 94.6818 59.7399 17.3942
internal_count=9120 7592 1528 1495 7339 253
is_linear=0
shrinkage=0.03


Tree=137
num_leaves=7
num_cat=0
split_feature=0 0 8 10 11 8
split_gain=27.3374 8.82918 5.8334 2.12062 0.125017 0.101345
threshold=-1.3645062706886262 1.4020679699192866 -0.090634811457371983 2.0350000000000006 0.076212582792752989 0.047797063897154442
decision_type=2 2 2 2 2 2
left_child=4 2 -2 -3 -1 -6
right_child=1 3 -4 -5 5 -7
leaf_value=-0.022370276126911382 -0.0064162101608251825 0.020293831243398879 0.00634968887648332 -0.0011819223634278941 -0.0027435716953015466 0.0015563541065320098
leaf_weight=28.586205254308883 42.418383254669607 26.224366147071127 74.546379326842725 3.4761313423514357 1.0018356842920173 0.45085064973682154
leaf_count=6604 512 872 804 22 235 71
internal_value=0.000228255 0.0058706 0.0015793 0.0181157 -0.0219063 -0.00121536
internal_weight=176.704 146.665 116.965 29.7005 30.0389 1.45269
internal_count=9120 2210 1316 894 6910 306
is_linear=0
shrinkage=0.03


Tree=138
num_leaves=6
num_cat=0
split_feature=0 8 0 9 8
split_gain=26.4983 8.80755 9.7966 7.89254 2.00689
threshold=-0.53559743381964198 -0.93542728512818163 0.56866582402552701 1.2970465919485459 0.95951343867160011
decision_type=2 2 2 2 2
left_child=3 -2 -3 4 -1
right_child=1 2 -4 -5 -6
leaf_value=-0.022279834766144365 -0.01316716986204847 0.0019804309357204452 0.018900830200235603 0.0058916822649574896 0.0028076183213687207
leaf_weight=39.620902013033628 8.4106789827346784 71.502141714096069 47.89348790794611 7.2842422509565941 0.83226119726896186
leaf_count=7248 53 498 1219 82 20
internal_value=0.000215197 0.00735255 0.00970392 -0.0168573 -0.0213095
internal_weight=175.544 127.806 119.396 47.7374 40.4532
internal_count=9120 1770 1717 7350 7268
is_linear=0
shrinkage=0.03


Tree=139
num_leaves=6
num_cat=0
split_feature=0 8 0 11 8
split_gain=25.7083 8.48965 12.7395 0.141739 0.100239
threshold=-1.3645062706886262 -1.0575940123864827 0.40497283290049674 0.076212582792752989 0.047797063897154442
decision_type=2 2 2 2 2
left_child=3 -2 -3 -1 -5
right_child=1 2 -4 4 -6
leaf_value=-0.022118801172803054 -0.014822942644028145 -0.00021040513403276608 0.017486335101528663 -0.0026820386319572689 0.001577182871030505
leaf_weight=27.401480898726735 7.5111267715692511 81.524168053641915 56.108071800321341 0.97728423587977775 0.44401230616495013
leaf_count=6604 59 855 1296 235 71
internal_value=0.000200684 0.0056539 0.00769975 -0.0216431 -0.00113554
internal_weight=173.966 145.143 137.632 28.8228 1.4213
internal_count=9120 2210 2151 6910 306
is_linear=0
shrinkage=0.03


Tree=140
num_leaves=7
num_cat=0
split_feature=0 0 1 10 11 8
split_gain=24.8663 8.32585 5.84823 2.52713 0.137988 0.0998592
threshold=-1.3645062706886262 1.4020679699192866 0.31356427673039439 2.1350000000000002 0.076212582792752989 0.047797063897154442
decision_type=2 2 2 2 2 2
left_child=4 2 -2 -3 -1 -6
right_child=1 3 -4 -5 5 -7
leaf_value=-0.021985984658023528 -0.0018554888542109339 0.020035195301976401 0.013663031689085234 -0.0022380503727031657 -0.0026755174394731858 0.0015750672755269297
leaf_weight=26.809378753183413 98.455981294624507 25.280055625364188 17.487343728542328 3.1187717318534842 0.9746884093619872 0.44469204125925899
leaf_count=6604 1146 874 170 20 235 71
internal_value=0.000162138 0.00551893 0.00138413 0.0176433 -0.0215074 -0.0011307
internal_weight=172.571 144.342 115.943 28.3988 28.2288 1.41938
internal_count=9120 2210 1316 894 6910 306
is_linear=0
shrinkage=0.03


Tree=141
num_leaves=5
num_cat=0
split_feature=0 8 0 8
split_gain=24.1393 8.19189 12.1517 0.145597
threshold=-1.3645062706886262 -1.0575940123864827 0.40497283290049674 0.79745647978066236
decision_type=2 2 2 2
left_child=3 -2 -3 -1
right_child=1 2 -4 -5
leaf_value=-0.021836456743064794 -0.01464928706841866 -0.00022183347492952038 0.017153343542979902 -0.0010307831123258853
leaf_weight=26.313906807219613 7.5207582209259263 81.517259154468775 54.841223822906613 1.3369336593896139
leaf_count=6870 59 855 1296 40
internal_value=0.000168692 0.00542812 0.00746074 -0.0213714
internal_weight=171.53 143.879 136.358 27.6508
internal_count=9120 2210 2151 6910
is_linear=0
shrinkage=0.03


Tree=142
num_leaves=7
num_cat=0
split_feature=0 0 1 10 11 8
split_gain=23.3537 7.97925 5.66465 2.4593 0.153833 0.10003
threshold=-1.3645062706886262 1.4020679699192866 0.31356427673039439 2.1350000000000002 0.076212582792752989 0.051477460308190649
decision_type=2 2 2 2 2 2
left_child=4 2 -2 -3 -1 -6
right_child=1 3 -4 -5 5 -7
leaf_value=-0.021726354106850643 -0.0019092850962373004 0.019737366791132235 0.013383292503858156 -0.0022285107267459203 -0.0026270338254909252 0.0016096894794525591
leaf_weight=25.697334831580523 98.135114111937582 24.453249067068104 17.405786110088229 3.1150963380932799 0.95544348843395599 0.4333795728161931
leaf_count=6604 1146 874 170 20 236 70
internal_value=0.000130688 0.00529758 0.00127703 0.0173228 -0.0212359 -0.00105242
internal_weight=170.195 143.109 115.541 27.5683 27.0862 1.38882
internal_count=9120 2210 1316 894 6910 306
is_linear=0
shrinkage=0.03


Tree=143
num_leaves=5
num_cat=0
split_feature=0 8 0 8
split_gain=22.6765 7.90565 11.586 0.160634
threshold=-1.3645062706886262 -1.0575940123864827 0.40497283290049674 0.79745647978066236
decision_type=2 2 2 2
left_child=3 -2 -3 -1
right_child=1 2 -4 -5
leaf_value=-0.021576631366081317 -0.014476885570020817 -0.00023062004847322187 0.016823922563457328 -0.00095824544413251357
leaf_weight=25.227707102894787 7.5299893822520962 81.509233457967639 53.628991417586803 1.3107659704983223
leaf_count=6870 59 855 1296 40
internal_value=0.000137673 0.00521134 0.00723025 -0.0210992
internal_weight=169.207 142.668 135.138 26.5385
internal_count=9120 2210 2151 6910
is_linear=0
shrinkage=0.03


Tree=144
num_leaves=6
num_cat=0
split_feature=0 8 0 11 9
split_gain=21.9427 7.66352 11.2764 0.168744 0.100962
threshold=-1.3645062706886262 -1.0575940123864827 0.56866582402552701 0.076212582792752989 0.090905545932461265
decision_type=2 2 2 2 2
left_child=3 -2 -3 -1 -5
right_child=1 2 -4 4 -6
leaf_value=-0.021465402631389047 -0.014276481620470498 0.00043239793980594075 0.017730296843851839 -0.0025876617800204942 0.0016522649056378883
leaf_weight=24.643987178802494 7.5467380704358211 89.096096307970583 45.2852344494313 0.93976602517068275 0.41957316687330604
leaf_count=6604 59 923 1228 235 71
internal_value=0.000100192 0.00508508 0.00708591 -0.0209631 -0.000976511
internal_weight=167.931 141.928 134.381 26.0033 1.35934
internal_count=9120 2210 2151 6910 306
is_linear=0
shrinkage=0.03


Tree=145
num_leaves=6
num_cat=0
split_feature=0 0 8 10 8
split_gain=21.2394 7.525 5.63579 2.36672 0.17471
threshold=-1.3645062706886262 1.4020679699192866 0.45799308040572145 2.1350000000000002 0.79745647978066236
decision_type=2 2 2 2 2
left_child=4 2 -2 -3 -1
right_child=1 3 -4 -5 -6
leaf_value=-0.021315577941864703 -0.0020965107507996549 0.019307273096051302 0.01312839812350605 -0.0022260742604569535 -0.00088796503543443111
leaf_weight=24.198646384757016 97.283770621754229 23.301161097362641 17.564654303714633 3.1031756028532973 1.2854831889271725
leaf_count=6870 1193 874 123 20 40
internal_value=6.65346e-05 0.00496351 0.001097 0.0168602 -0.0208258
internal_weight=166.737 141.253 114.848 26.4043 25.4841
internal_count=9120 2210 1316 894 6910
is_linear=0
shrinkage=0.03


Tree=146
num_leaves=7
num_cat=0
split_feature=0 8 7 6 5 0
split_gain=20.6384 8.10242 8.27446 7.392 4.30458 0.561304
threshold=-0.53559743381964198 -1.0575940123864827 0.33222858587828863 0.73865729060996177 -0.5 -0.59206692565574526
decision_type=2 2 2 2 2 2
left_child=3 -2 -3 5 -5 -1
right_child=1 2 -4 4 -6 -7
leaf_value=-0.022936227050513503 -0.013817748191532331 0.012554674448923287 -0.0052484869309361677 0.011081570876997716 -0.010489377943024389 0.00015949250506363261
leaf_weight=28.442848394392058 7.2657077908515921 91.003043478354812 24.453597566112876 8.5070252139121276 5.3103235221933565 0.83000452630222099
leaf_count=5724 42 1499 229 233 1375 18
internal_value=7.47524e-05 0.00639423 0.00866619 -0.0157377 0.00186801 -0.0224075
internal_weight=165.813 122.722 115.457 43.0902 13.8173 29.2729
internal_count=9120 1770 1728 7350 1608 5742
is_linear=0
shrinkage=0.03


Tree=147
num_leaves=7
num_cat=0
split_feature=0 0 1 10 11 9
split_gain=19.9841 7.29021 5.54497 2.30179 0.201335 0.0990131
threshold=-1.3645062706886262 1.4020679699192866 0.31356427673039439 2.1350000000000002 0.076212582792752989 0.090905545932461265
decision_type=2 2 2 2 2 2
left_child=4 2 -2 -3 -1 -6
right_child=1 3 -4 -5 5 -7
leaf_value=-0.021085660092474773 -0.0021766728626784354 0.01904734663467484 0.012992404529830285 -0.0022006900216169412 -0.0024810519375825292 0.0016940298962487216
leaf_weight=23.213404423091564 97.178024171851575 22.647110585123304 17.249895121902227 3.1035928875207892 0.89775296533480176 0.40601784992031753
leaf_count=6604 1146 874 170 20 235 71
internal_value=2.29983e-05 0.0047527 0.000970443 0.0165872 -0.0205618 -0.000832447
internal_weight=164.696 140.179 114.428 25.7507 24.5172 1.30377
internal_count=9120 2210 1316 894 6910 306
is_linear=0
shrinkage=0.03


Tree=148
num_leaves=7
num_cat=0
split_feature=0 8 2 13 8 6
split_gain=19.4942 15.0264 11.9773 4.28466 3.98135 3.36549
threshold=1.0000000180025095e-35 0.14711155579952287 0.46500000000000002 0.031770833333333338 -0.77854962183148724 0.73865729060996177
decision_type=2 2 2 2 2 2
left_child=1 -1 4 -4 -2 -3
right_child=2 5 3 -5 -6 -7
leaf_value=-0.019660346062146439 -0.0035871559028606134 -0.003769307374462955 0.0029340117173719095 -0.015378667481776333 0.018410134511972955 0.012717140013448194
leaf_weight=46.273968116147444 5.0714900866150847 14.226604940602558 22.064567435532812 9.3844362217932922 52.798469036817551 14.002873878926037
leaf_count=6633 33 685 264 108 1101 296
internal_value=3.22179e-05 -0.0105609 0.00904193 -0.00492241 0.0162379 0.00559595
internal_weight=163.822 74.5034 89.319 31.449 57.87 28.2295
internal_count=9120 7614 1506 372 1134 981
is_linear=0
shrinkage=0.03


Tree=149
num_leaves=6
num_cat=0
split_feature=0 8 0 11 9
split_gain=18.973 7.01775 10.3323 0.210087 0.0974492
threshold=-1.3645062706886262 -1.0575940123864827 0.56866582402552701 0.076212582792752989 0.090905545932461265
decision_type=2 2 2 2 2
left_child=3 -2 -3 -1 -5
right_child=1 2 -4 4 -6
leaf_value=-0.020852670032414609 -0.013842888136008615 0.00026824232008507181 0.017060022396360817 -0.0024333209984757167 0.0017012498919884277
leaf_weight=22.390404715668414 7.5529770627617827 88.242897276766598 42.974534425884485 0.87903909152373561 0.40359899285249412
leaf_count=6604 59 923 1228 235 71
internal_value=1.69114e-05 0.00461863 0.00658629 -0.0203189 -0.000777573
internal_weight=162.443 138.77 131.217 23.673 1.28264
internal_count=9120 2210 2151 6910 306
is_linear=0
shrinkage=0.03


end of trees

feature_importances:
v2_margin=344
ecmwf_minus_v2=207
forecast_disagreement=67
gfs_minus_v2=61
day1_minus_v2=22
day1_cloud=19
past_ecmwf_bias=18
past_v2_bias=11
target_season_sin=4
target_season_cos=2
v2_solar_ratio=1
target_hour_cos=1

parameters:
[boosting: gbdt]
[objective: binary]
[metric: binary_logloss]
[tree_learner: serial]
[device_type: cpu]
[data_sample_strategy: bagging]
[data: ]
[valid: ]
[num_iterations: 150]
[learning_rate: 0.03]
[num_leaves: 7]
[num_threads: 2]
[seed: 0]
[deterministic: 1]
[force_col_wise: 1]
[force_row_wise: 0]
[histogram_pool_size: -1]
[max_depth: 3]
[min_data_in_leaf: 100]
[min_sum_hessian_in_leaf: 0.001]
[bagging_fraction: 1]
[pos_bagging_fraction: 1]
[neg_bagging_fraction: 1]
[bagging_freq: 0]
[bagging_seed: 7719]
[bagging_by_query: 0]
[feature_fraction: 1]
[feature_fraction_bynode: 1]
[feature_fraction_seed: 2437]
[extra_trees: 0]
[extra_seed: 11797]
[early_stopping_round: 0]
[early_stopping_min_delta: 0]
[first_metric_only: 0]
[max_delta_step: 0]
[lambda_l1: 0]
[lambda_l2: 10]
[linear_lambda: 0]
[min_gain_to_split: 0]
[drop_rate: 0.1]
[max_drop: 50]
[skip_drop: 0.5]
[xgboost_dart_mode: 0]
[uniform_drop: 0]
[drop_seed: 21238]
[top_rate: 0.2]
[other_rate: 0.1]
[min_data_per_group: 100]
[max_cat_threshold: 32]
[cat_l2: 10]
[cat_smooth: 10]
[max_cat_to_onehot: 4]
[top_k: 20]
[monotone_constraints: ]
[monotone_constraints_method: basic]
[monotone_penalty: 0]
[feature_contri: ]
[forcedsplits_filename: ]
[refit_decay_rate: 0.9]
[cegb_tradeoff: 1]
[cegb_penalty_split: 0]
[cegb_penalty_feature_lazy: ]
[cegb_penalty_feature_coupled: ]
[path_smooth: 0]
[interaction_constraints: ]
[verbosity: -1]
[saved_feature_importance_type: 0]
[use_quantized_grad: 0]
[num_grad_quant_bins: 4]
[quant_train_renew_leaf: 0]
[stochastic_rounding: 1]
[linear_tree: 0]
[max_bin: 255]
[max_bin_by_feature: ]
[min_data_in_bin: 3]
[bin_construct_sample_cnt: 200000]
[data_random_seed: 38]
[is_enable_sparse: 1]
[enable_bundle: 1]
[use_missing: 1]
[zero_as_missing: 0]
[feature_pre_filter: 1]
[pre_partition: 0]
[two_round: 0]
[header: 0]
[label_column: ]
[weight_column: ]
[group_column: ]
[ignore_column: ]
[categorical_feature: ]
[forcedbins_filename: ]
[precise_float_parser: 0]
[parser_config_file: ]
[objective_seed: 8855]
[num_class: 1]
[is_unbalance: 0]
[scale_pos_weight: 1]
[sigmoid: 1]
[boost_from_average: 1]
[reg_sqrt: 0]
[alpha: 0.9]
[fair_c: 1]
[poisson_max_delta_step: 0.7]
[tweedie_variance_power: 1.5]
[lambdarank_truncation_level: 30]
[lambdarank_norm: 1]
[label_gain: ]
[lambdarank_position_bias_regularization: 0]
[eval_at: ]
[multi_error_top_k: 1]
[auc_mu_weights: ]
[num_machines: 1]
[local_listen_port: 12400]
[time_out: 120]
[machine_list_filename: ]
[machines: ]
[gpu_platform_id: -1]
[gpu_device_id: -1]
[gpu_device_id_list: ]
[gpu_use_dp: 0]
[num_gpu: 1]

end of parameters

pandas_categorical:[]
