feature_time,target_time,target_epoch_utc,actual
2024-09-15 00:00:00,2024-09-16 00:00:00,1726434000,0.0
2024-09-15 01:00:00,2024-09-16 01:00:00,1726437600,0.0
2024-09-15 02:00:00,2024-09-16 02:00:00,1726441200,0.0
2024-09-15 03:00:00,2024-09-16 03:00:00,1726444800,0.0
2024-09-15 04:00:00,2024-09-16 04:00:00,1726448400,0.0
2024-09-15 05:00:00,2024-09-16 05:00:00,1726452000,0.0
2024-09-15 06:00:00,2024-09-16 06:00:00,1726455600,0.0
2024-09-15 07:00:00,2024-09-16 07:00:00,1726459200,6.0
2024-09-15 08:00:00,2024-09-16 08:00:00,1726462800,112.0
2024-09-15 09:00:00,2024-09-16 09:00:00,1726466400,302.0
2024-09-15 10:00:00,2024-09-16 10:00:00,1726470000,467.0
2024-09-15 11:00:00,2024-09-16 11:00:00,1726473600,593.0
2024-09-15 12:00:00,2024-09-16 12:00:00,1726477200,682.0
2024-09-15 13:00:00,2024-09-16 13:00:00,1726480800,732.0
2024-09-15 14:00:00,2024-09-16 14:00:00,1726484400,699.0
2024-09-15 15:00:00,2024-09-16 15:00:00,1726488000,701.0
2024-09-15 16:00:00,2024-09-16 16:00:00,1726491600,545.0
2024-09-15 17:00:00,2024-09-16 17:00:00,1726495200,344.0
2024-09-15 18:00:00,2024-09-16 18:00:00,1726498800,194.0
2024-09-15 19:00:00,2024-09-16 19:00:00,1726502400,41.0
2024-09-15 20:00:00,2024-09-16 20:00:00,1726506000,0.0
2024-09-15 21:00:00,2024-09-16 21:00:00,1726509600,0.0
2024-09-15 22:00:00,2024-09-16 22:00:00,1726513200,0.0
2024-09-15 23:00:00,2024-09-16 23:00:00,1726516800,0.0
2024-09-16 00:00:00,2024-09-17 00:00:00,1726520400,0.0
2024-09-16 01:00:00,2024-09-17 01:00:00,1726524000,0.0
2024-09-16 02:00:00,2024-09-17 02:00:00,1726527600,0.0
2024-09-16 03:00:00,2024-09-17 03:00:00,1726531200,0.0
2024-09-16 04:00:00,2024-09-17 04:00:00,1726534800,0.0
2024-09-16 05:00:00,2024-09-17 05:00:00,1726538400,0.0
2024-09-16 06:00:00,2024-09-17 06:00:00,1726542000,0.0
2024-09-16 07:00:00,2024-09-17 07:00:00,1726545600,5.0
2024-09-16 08:00:00,2024-09-17 08:00:00,1726549200,107.0
2024-09-16 09:00:00,2024-09-17 09:00:00,1726552800,277.0
2024-09-16 10:00:00,2024-09-17 10:00:00,1726556400,479.0
2024-09-16 11:00:00,2024-09-17 11:00:00,1726560000,624.0
2024-09-16 12:00:00,2024-09-17 12:00:00,1726563600,730.0
2024-09-16 13:00:00,2024-09-17 13:00:00,1726567200,818.0
2024-09-16 14:00:00,2024-09-17 14:00:00,1726570800,811.0
2024-09-16 15:00:00,2024-09-17 15:00:00,1726574400,732.0
2024-09-16 16:00:00,2024-09-17 16:00:00,1726578000,597.0
2024-09-16 17:00:00,2024-09-17 17:00:00,1726581600,416.0
2024-09-16 18:00:00,2024-09-17 18:00:00,1726585200,213.0
2024-09-16 19:00:00,2024-09-17 19:00:00,1726588800,41.0
2024-09-16 20:00:00,2024-09-17 20:00:00,1726592400,0.0
2024-09-16 21:00:00,2024-09-17 21:00:00,1726596000,0.0
2024-09-16 22:00:00,2024-09-17 22:00:00,1726599600,0.0
2024-09-16 23:00:00,2024-09-17 23:00:00,1726603200,0.0
2024-09-17 00:00:00,2024-09-18 00:00:00,1726606800,0.0
2024-09-17 01:00:00,2024-09-18 01:00:00,1726610400,0.0
2024-09-17 02:00:00,2024-09-18 02:00:00,1726614000,0.0
2024-09-17 03:00:00,2024-09-18 03:00:00,1726617600,0.0
2024-09-17 04:00:00,2024-09-18 04:00:00,1726621200,0.0
2024-09-17 05:00:00,2024-09-18 05:00:00,1726624800,0.0
2024-09-17 06:00:00,2024-09-18 06:00:00,1726628400,0.0
2024-09-17 07:00:00,2024-09-18 07:00:00,1726632000,5.0
2024-09-17 08:00:00,2024-09-18 08:00:00,1726635600,115.0
2024-09-17 09:00:00,2024-09-18 09:00:00,1726639200,293.0
2024-09-17 10:00:00,2024-09-18 10:00:00,1726642800,483.0
2024-09-17 11:00:00,2024-09-18 11:00:00,1726646400,613.0
2024-09-17 12:00:00,2024-09-18 12:00:00,1726650000,709.0
2024-09-17 13:00:00,2024-09-18 13:00:00,1726653600,784.0
2024-09-17 14:00:00,2024-09-18 14:00:00,1726657200,606.0
2024-09-17 15:00:00,2024-09-18 15:00:00,1726660800,473.0
2024-09-17 16:00:00,2024-09-18 16:00:00,1726664400,538.0
2024-09-17 17:00:00,2024-09-18 17:00:00,1726668000,345.0
2024-09-17 18:00:00,2024-09-18 18:00:00,1726671600,181.0
2024-09-17 19:00:00,2024-09-18 19:00:00,1726675200,28.0
2024-09-17 20:00:00,2024-09-18 20:00:00,1726678800,0.0
2024-09-17 21:00:00,2024-09-18 21:00:00,1726682400,0.0
2024-09-17 22:00:00,2024-09-18 22:00:00,1726686000,0.0
2024-09-17 23:00:00,2024-09-18 23:00:00,1726689600,0.0
2024-09-18 00:00:00,2024-09-19 00:00:00,1726693200,0.0
2024-09-18 01:00:00,2024-09-19 01:00:00,1726696800,0.0
2024-09-18 02:00:00,2024-09-19 02:00:00,1726700400,0.0
2024-09-18 03:00:00,2024-09-19 03:00:00,1726704000,0.0
2024-09-18 04:00:00,2024-09-19 04:00:00,1726707600,0.0
2024-09-18 05:00:00,2024-09-19 05:00:00,1726711200,0.0
2024-09-18 06:00:00,2024-09-19 06:00:00,1726714800,0.0
2024-09-18 07:00:00,2024-09-19 07:00:00,1726718400,5.0
2024-09-18 08:00:00,2024-09-19 08:00:00,1726722000,100.0
2024-09-18 09:00:00,2024-09-19 09:00:00,1726725600,285.0
2024-09-18 10:00:00,2024-09-19 10:00:00,1726729200,465.0
2024-09-18 11:00:00,2024-09-19 11:00:00,1726732800,592.0
2024-09-18 12:00:00,2024-09-19 12:00:00,1726736400,718.0
2024-09-18 13:00:00,2024-09-19 13:00:00,1726740000,782.0
2024-09-18 14:00:00,2024-09-19 14:00:00,1726743600,794.0
2024-09-18 15:00:00,2024-09-19 15:00:00,1726747200,718.0
2024-09-18 16:00:00,2024-09-19 16:00:00,1726750800,583.0
2024-09-18 17:00:00,2024-09-19 17:00:00,1726754400,403.0
2024-09-18 18:00:00,2024-09-19 18:00:00,1726758000,201.0
2024-09-18 19:00:00,2024-09-19 19:00:00,1726761600,35.0
2024-09-18 20:00:00,2024-09-19 20:00:00,1726765200,0.0
2024-09-18 21:00:00,2024-09-19 21:00:00,1726768800,0.0
2024-09-18 22:00:00,2024-09-19 22:00:00,1726772400,0.0
2024-09-18 23:00:00,2024-09-19 23:00:00,1726776000,0.0
2024-09-19 00:00:00,2024-09-20 00:00:00,1726779600,0.0
2024-09-19 01:00:00,2024-09-20 01:00:00,1726783200,0.0
2024-09-19 02:00:00,2024-09-20 02:00:00,1726786800,0.0
2024-09-19 03:00:00,2024-09-20 03:00:00,1726790400,0.0
2024-09-19 04:00:00,2024-09-20 04:00:00,1726794000,0.0
2024-09-19 05:00:00,2024-09-20 05:00:00,1726797600,0.0
2024-09-19 06:00:00,2024-09-20 06:00:00,1726801200,0.0
2024-09-19 07:00:00,2024-09-20 07:00:00,1726804800,4.0
2024-09-19 08:00:00,2024-09-20 08:00:00,1726808400,110.0
2024-09-19 09:00:00,2024-09-20 09:00:00,1726812000,299.0
2024-09-19 10:00:00,2024-09-20 10:00:00,1726815600,492.0
2024-09-19 11:00:00,2024-09-20 11:00:00,1726819200,635.0
2024-09-19 12:00:00,2024-09-20 12:00:00,1726822800,739.0
2024-09-19 13:00:00,2024-09-20 13:00:00,1726826400,792.0
2024-09-19 14:00:00,2024-09-20 14:00:00,1726830000,708.0
2024-09-19 15:00:00,2024-09-20 15:00:00,1726833600,584.0
2024-09-19 16:00:00,2024-09-20 16:00:00,1726837200,560.0
2024-09-19 17:00:00,2024-09-20 17:00:00,1726840800,293.0
2024-09-19 18:00:00,2024-09-20 18:00:00,1726844400,174.0
2024-09-19 19:00:00,2024-09-20 19:00:00,1726848000,30.0
2024-09-19 20:00:00,2024-09-20 20:00:00,1726851600,0.0
2024-09-19 21:00:00,2024-09-20 21:00:00,1726855200,0.0
2024-09-19 22:00:00,2024-09-20 22:00:00,1726858800,0.0
2024-09-19 23:00:00,2024-09-20 23:00:00,1726862400,0.0
2024-09-20 00:00:00,2024-09-21 00:00:00,1726866000,0.0
2024-09-20 01:00:00,2024-09-21 01:00:00,1726869600,0.0
2024-09-20 02:00:00,2024-09-21 02:00:00,1726873200,0.0
2024-09-20 03:00:00,2024-09-21 03:00:00,1726876800,0.0
2024-09-20 04:00:00,2024-09-21 04:00:00,1726880400,0.0
2024-09-20 05:00:00,2024-09-21 05:00:00,1726884000,0.0
2024-09-20 06:00:00,2024-09-21 06:00:00,1726887600,0.0
2024-09-20 07:00:00,2024-09-21 07:00:00,1726891200,4.0
2024-09-20 08:00:00,2024-09-21 08:00:00,1726894800,108.0
2024-09-20 09:00:00,2024-09-21 09:00:00,1726898400,297.0
2024-09-20 10:00:00,2024-09-21 10:00:00,1726902000,484.0
2024-09-20 11:00:00,2024-09-21 11:00:00,1726905600,645.0
2024-09-20 12:00:00,2024-09-21 12:00:00,1726909200,728.0
2024-09-20 13:00:00,2024-09-21 13:00:00,1726912800,783.0
2024-09-20 14:00:00,2024-09-21 14:00:00,1726916400,773.0
2024-09-20 15:00:00,2024-09-21 15:00:00,1726920000,698.0
2024-09-20 16:00:00,2024-09-21 16:00:00,1726923600,560.0
2024-09-20 17:00:00,2024-09-21 17:00:00,1726927200,382.0
2024-09-20 18:00:00,2024-09-21 18:00:00,1726930800,181.0
2024-09-20 19:00:00,2024-09-21 19:00:00,1726934400,28.0
2024-09-20 20:00:00,2024-09-21 20:00:00,1726938000,0.0
2024-09-20 21:00:00,2024-09-21 21:00:00,1726941600,0.0
2024-09-20 22:00:00,2024-09-21 22:00:00,1726945200,0.0
2024-09-20 23:00:00,2024-09-21 23:00:00,1726948800,0.0
2024-09-21 00:00:00,2024-09-22 00:00:00,1726952400,0.0
2024-09-21 01:00:00,2024-09-22 01:00:00,1726956000,0.0
2024-09-21 02:00:00,2024-09-22 02:00:00,1726959600,0.0
2024-09-21 03:00:00,2024-09-22 03:00:00,1726963200,0.0
2024-09-21 04:00:00,2024-09-22 04:00:00,1726966800,0.0
2024-09-21 05:00:00,2024-09-22 05:00:00,1726970400,0.0
2024-09-21 06:00:00,2024-09-22 06:00:00,1726974000,0.0
2024-09-21 07:00:00,2024-09-22 07:00:00,1726977600,3.0
2024-09-21 08:00:00,2024-09-22 08:00:00,1726981200,98.0
2024-09-21 09:00:00,2024-09-22 09:00:00,1726984800,267.0
2024-09-21 10:00:00,2024-09-22 10:00:00,1726988400,479.0
2024-09-21 11:00:00,2024-09-22 11:00:00,1726992000,631.0
2024-09-21 12:00:00,2024-09-22 12:00:00,1726995600,640.0
2024-09-21 13:00:00,2024-09-22 13:00:00,1726999200,771.0
2024-09-21 14:00:00,2024-09-22 14:00:00,1727002800,753.0
2024-09-21 15:00:00,2024-09-22 15:00:00,1727006400,642.0
2024-09-21 16:00:00,2024-09-22 16:00:00,1727010000,531.0
2024-09-21 17:00:00,2024-09-22 17:00:00,1727013600,316.0
2024-09-21 18:00:00,2024-09-22 18:00:00,1727017200,160.0
2024-09-21 19:00:00,2024-09-22 19:00:00,1727020800,26.0
2024-09-21 20:00:00,2024-09-22 20:00:00,1727024400,0.0
2024-09-21 21:00:00,2024-09-22 21:00:00,1727028000,0.0
2024-09-21 22:00:00,2024-09-22 22:00:00,1727031600,0.0
2024-09-21 23:00:00,2024-09-22 23:00:00,1727035200,0.0
2024-09-22 00:00:00,2024-09-23 00:00:00,1727038800,0.0
2024-09-22 01:00:00,2024-09-23 01:00:00,1727042400,0.0
2024-09-22 02:00:00,2024-09-23 02:00:00,1727046000,0.0
2024-09-22 03:00:00,2024-09-23 03:00:00,1727049600,0.0
2024-09-22 04:00:00,2024-09-23 04:00:00,1727053200,0.0
2024-09-22 05:00:00,2024-09-23 05:00:00,1727056800,0.0
2024-09-22 06:00:00,2024-09-23 06:00:00,1727060400,0.0
2024-09-22 07:00:00,2024-09-23 07:00:00,1727064000,3.0
2024-09-22 08:00:00,2024-09-23 08:00:00,1727067600,99.0
2024-09-22 09:00:00,2024-09-23 09:00:00,1727071200,267.0
2024-09-22 10:00:00,2024-09-23 10:00:00,1727074800,460.0
2024-09-22 11:00:00,2024-09-23 11:00:00,1727078400,587.0
2024-09-22 12:00:00,2024-09-23 12:00:00,1727082000,694.0
2024-09-22 13:00:00,2024-09-23 13:00:00,1727085600,736.0
2024-09-22 14:00:00,2024-09-23 14:00:00,1727089200,715.0
2024-09-22 15:00:00,2024-09-23 15:00:00,1727092800,599.0
2024-09-22 16:00:00,2024-09-23 16:00:00,1727096400,488.0
2024-09-22 17:00:00,2024-09-23 17:00:00,1727100000,272.0
2024-09-22 18:00:00,2024-09-23 18:00:00,1727103600,151.0
2024-09-22 19:00:00,2024-09-23 19:00:00,1727107200,25.0
2024-09-22 20:00:00,2024-09-23 20:00:00,1727110800,0.0
2024-09-22 21:00:00,2024-09-23 21:00:00,1727114400,0.0
2024-09-22 22:00:00,2024-09-23 22:00:00,1727118000,0.0
2024-09-22 23:00:00,2024-09-23 23:00:00,1727121600,0.0
2024-09-23 00:00:00,2024-09-24 00:00:00,1727125200,0.0
2024-09-23 01:00:00,2024-09-24 01:00:00,1727128800,0.0
2024-09-23 02:00:00,2024-09-24 02:00:00,1727132400,0.0
2024-09-23 03:00:00,2024-09-24 03:00:00,1727136000,0.0
2024-09-23 04:00:00,2024-09-24 04:00:00,1727139600,0.0
2024-09-23 05:00:00,2024-09-24 05:00:00,1727143200,0.0
2024-09-23 06:00:00,2024-09-24 06:00:00,1727146800,0.0
2024-09-23 07:00:00,2024-09-24 07:00:00,1727150400,3.0
2024-09-23 08:00:00,2024-09-24 08:00:00,1727154000,106.0
2024-09-23 09:00:00,2024-09-24 09:00:00,1727157600,292.0
2024-09-23 10:00:00,2024-09-24 10:00:00,1727161200,494.0
2024-09-23 11:00:00,2024-09-24 11:00:00,1727164800,651.0
2024-09-23 12:00:00,2024-09-24 12:00:00,1727168400,756.0
2024-09-23 13:00:00,2024-09-24 13:00:00,1727172000,785.0
2024-09-23 14:00:00,2024-09-24 14:00:00,1727175600,741.0
2024-09-23 15:00:00,2024-09-24 15:00:00,1727179200,652.0
2024-09-23 16:00:00,2024-09-24 16:00:00,1727182800,525.0
2024-09-23 17:00:00,2024-09-24 17:00:00,1727186400,355.0
2024-09-23 18:00:00,2024-09-24 18:00:00,1727190000,171.0
2024-09-23 19:00:00,2024-09-24 19:00:00,1727193600,24.0
2024-09-23 20:00:00,2024-09-24 20:00:00,1727197200,0.0
2024-09-23 21:00:00,2024-09-24 21:00:00,1727200800,0.0
2024-09-23 22:00:00,2024-09-24 22:00:00,1727204400,0.0
2024-09-23 23:00:00,2024-09-24 23:00:00,1727208000,0.0
2024-09-24 00:00:00,2024-09-25 00:00:00,1727211600,0.0
2024-09-24 01:00:00,2024-09-25 01:00:00,1727215200,0.0
2024-09-24 02:00:00,2024-09-25 02:00:00,1727218800,0.0
2024-09-24 03:00:00,2024-09-25 03:00:00,1727222400,0.0
2024-09-24 04:00:00,2024-09-25 04:00:00,1727226000,0.0
2024-09-24 05:00:00,2024-09-25 05:00:00,1727229600,0.0
2024-09-24 06:00:00,2024-09-25 06:00:00,1727233200,0.0
2024-09-24 07:00:00,2024-09-25 07:00:00,1727236800,3.0
2024-09-24 08:00:00,2024-09-25 08:00:00,1727240400,103.0
2024-09-24 09:00:00,2024-09-25 09:00:00,1727244000,300.0
2024-09-24 10:00:00,2024-09-25 10:00:00,1727247600,494.0
2024-09-24 11:00:00,2024-09-25 11:00:00,1727251200,652.0
2024-09-24 12:00:00,2024-09-25 12:00:00,1727254800,758.0
2024-09-24 13:00:00,2024-09-25 13:00:00,1727258400,802.0
2024-09-24 14:00:00,2024-09-25 14:00:00,1727262000,783.0
2024-09-24 15:00:00,2024-09-25 15:00:00,1727265600,696.0
2024-09-24 16:00:00,2024-09-25 16:00:00,1727269200,557.0
2024-09-24 17:00:00,2024-09-25 17:00:00,1727272800,373.0
2024-09-24 18:00:00,2024-09-25 18:00:00,1727276400,173.0
2024-09-24 19:00:00,2024-09-25 19:00:00,1727280000,22.0
2024-09-24 20:00:00,2024-09-25 20:00:00,1727283600,0.0
2024-09-24 21:00:00,2024-09-25 21:00:00,1727287200,0.0
2024-09-24 22:00:00,2024-09-25 22:00:00,1727290800,0.0
2024-09-24 23:00:00,2024-09-25 23:00:00,1727294400,0.0
2024-09-25 00:00:00,2024-09-26 00:00:00,1727298000,0.0
2024-09-25 01:00:00,2024-09-26 01:00:00,1727301600,0.0
2024-09-25 02:00:00,2024-09-26 02:00:00,1727305200,0.0
2024-09-25 03:00:00,2024-09-26 03:00:00,1727308800,0.0
2024-09-25 04:00:00,2024-09-26 04:00:00,1727312400,0.0
2024-09-25 05:00:00,2024-09-26 05:00:00,1727316000,0.0
2024-09-25 06:00:00,2024-09-26 06:00:00,1727319600,0.0
2024-09-25 07:00:00,2024-09-26 07:00:00,1727323200,3.0
2024-09-25 08:00:00,2024-09-26 08:00:00,1727326800,102.0
2024-09-25 09:00:00,2024-09-26 09:00:00,1727330400,296.0
2024-09-25 10:00:00,2024-09-26 10:00:00,1727334000,491.0
2024-09-25 11:00:00,2024-09-26 11:00:00,1727337600,650.0
2024-09-25 12:00:00,2024-09-26 12:00:00,1727341200,757.0
2024-09-25 13:00:00,2024-09-26 13:00:00,1727344800,801.0
2024-09-25 14:00:00,2024-09-26 14:00:00,1727348400,779.0
2024-09-25 15:00:00,2024-09-26 15:00:00,1727352000,693.0
2024-09-25 16:00:00,2024-09-26 16:00:00,1727355600,553.0
2024-09-25 17:00:00,2024-09-26 17:00:00,1727359200,370.0
2024-09-25 18:00:00,2024-09-26 18:00:00,1727362800,171.0
2024-09-25 19:00:00,2024-09-26 19:00:00,1727366400,21.0
2024-09-25 20:00:00,2024-09-26 20:00:00,1727370000,0.0
2024-09-25 21:00:00,2024-09-26 21:00:00,1727373600,0.0
2024-09-25 22:00:00,2024-09-26 22:00:00,1727377200,0.0
2024-09-25 23:00:00,2024-09-26 23:00:00,1727380800,0.0
2024-09-26 00:00:00,2024-09-27 00:00:00,1727384400,0.0
2024-09-26 01:00:00,2024-09-27 01:00:00,1727388000,0.0
2024-09-26 02:00:00,2024-09-27 02:00:00,1727391600,0.0
2024-09-26 03:00:00,2024-09-27 03:00:00,1727395200,0.0
2024-09-26 04:00:00,2024-09-27 04:00:00,1727398800,0.0
2024-09-26 05:00:00,2024-09-27 05:00:00,1727402400,0.0
2024-09-26 06:00:00,2024-09-27 06:00:00,1727406000,0.0
2024-09-26 07:00:00,2024-09-27 07:00:00,1727409600,2.0
2024-09-26 08:00:00,2024-09-27 08:00:00,1727413200,102.0
2024-09-26 09:00:00,2024-09-27 09:00:00,1727416800,298.0
2024-09-26 10:00:00,2024-09-27 10:00:00,1727420400,492.0
2024-09-26 11:00:00,2024-09-27 11:00:00,1727424000,650.0
2024-09-26 12:00:00,2024-09-27 12:00:00,1727427600,755.0
2024-09-26 13:00:00,2024-09-27 13:00:00,1727431200,799.0
2024-09-26 14:00:00,2024-09-27 14:00:00,1727434800,777.0
2024-09-26 15:00:00,2024-09-27 15:00:00,1727438400,692.0
2024-09-26 16:00:00,2024-09-27 16:00:00,1727442000,551.0
2024-09-26 17:00:00,2024-09-27 17:00:00,1727445600,367.0
2024-09-26 18:00:00,2024-09-27 18:00:00,1727449200,167.0
2024-09-26 19:00:00,2024-09-27 19:00:00,1727452800,19.0
2024-09-26 20:00:00,2024-09-27 20:00:00,1727456400,0.0
2024-09-26 21:00:00,2024-09-27 21:00:00,1727460000,0.0
2024-09-26 22:00:00,2024-09-27 22:00:00,1727463600,0.0
2024-09-26 23:00:00,2024-09-27 23:00:00,1727467200,0.0
2024-09-27 00:00:00,2024-09-28 00:00:00,1727470800,0.0
2024-09-27 01:00:00,2024-09-28 01:00:00,1727474400,0.0
2024-09-27 02:00:00,2024-09-28 02:00:00,1727478000,0.0
2024-09-27 03:00:00,2024-09-28 03:00:00,1727481600,0.0
2024-09-27 04:00:00,2024-09-28 04:00:00,1727485200,0.0
2024-09-27 05:00:00,2024-09-28 05:00:00,1727488800,0.0
2024-09-27 06:00:00,2024-09-28 06:00:00,1727492400,0.0
2024-09-27 07:00:00,2024-09-28 07:00:00,1727496000,2.0
2024-09-27 08:00:00,2024-09-28 08:00:00,1727499600,100.0
2024-09-27 09:00:00,2024-09-28 09:00:00,1727503200,295.0
2024-09-27 10:00:00,2024-09-28 10:00:00,1727506800,489.0
2024-09-27 11:00:00,2024-09-28 11:00:00,1727510400,649.0
2024-09-27 12:00:00,2024-09-28 12:00:00,1727514000,754.0
2024-09-27 13:00:00,2024-09-28 13:00:00,1727517600,797.0
2024-09-27 14:00:00,2024-09-28 14:00:00,1727521200,773.0
2024-09-27 15:00:00,2024-09-28 15:00:00,1727524800,686.0
2024-09-27 16:00:00,2024-09-28 16:00:00,1727528400,547.0
2024-09-27 17:00:00,2024-09-28 17:00:00,1727532000,361.0
2024-09-27 18:00:00,2024-09-28 18:00:00,1727535600,161.0
2024-09-27 19:00:00,2024-09-28 19:00:00,1727539200,17.0
2024-09-27 20:00:00,2024-09-28 20:00:00,1727542800,0.0
2024-09-27 21:00:00,2024-09-28 21:00:00,1727546400,0.0
2024-09-27 22:00:00,2024-09-28 22:00:00,1727550000,0.0
2024-09-27 23:00:00,2024-09-28 23:00:00,1727553600,0.0
2024-09-28 00:00:00,2024-09-29 00:00:00,1727557200,0.0
2024-09-28 01:00:00,2024-09-29 01:00:00,1727560800,0.0
2024-09-28 02:00:00,2024-09-29 02:00:00,1727564400,0.0
2024-09-28 03:00:00,2024-09-29 03:00:00,1727568000,0.0
2024-09-28 04:00:00,2024-09-29 04:00:00,1727571600,0.0
2024-09-28 05:00:00,2024-09-29 05:00:00,1727575200,0.0
2024-09-28 06:00:00,2024-09-29 06:00:00,1727578800,0.0
2024-09-28 07:00:00,2024-09-29 07:00:00,1727582400,2.0
2024-09-28 08:00:00,2024-09-29 08:00:00,1727586000,97.0
2024-09-28 09:00:00,2024-09-29 09:00:00,1727589600,291.0
2024-09-28 10:00:00,2024-09-29 10:00:00,1727593200,484.0
2024-09-28 11:00:00,2024-09-29 11:00:00,1727596800,640.0
2024-09-28 12:00:00,2024-09-29 12:00:00,1727600400,748.0
2024-09-28 13:00:00,2024-09-29 13:00:00,1727604000,795.0
2024-09-28 14:00:00,2024-09-29 14:00:00,1727607600,772.0
2024-09-28 15:00:00,2024-09-29 15:00:00,1727611200,685.0
2024-09-28 16:00:00,2024-09-29 16:00:00,1727614800,545.0
2024-09-28 17:00:00,2024-09-29 17:00:00,1727618400,359.0
2024-09-28 18:00:00,2024-09-29 18:00:00,1727622000,159.0
2024-09-28 19:00:00,2024-09-29 19:00:00,1727625600,16.0
2024-09-28 20:00:00,2024-09-29 20:00:00,1727629200,0.0
2024-09-28 21:00:00,2024-09-29 21:00:00,1727632800,0.0
2024-09-28 22:00:00,2024-09-29 22:00:00,1727636400,0.0
2024-09-28 23:00:00,2024-09-29 23:00:00,1727640000,0.0
2024-09-29 00:00:00,2024-09-30 00:00:00,1727643600,0.0
2024-09-29 01:00:00,2024-09-30 01:00:00,1727647200,0.0
2024-09-29 02:00:00,2024-09-30 02:00:00,1727650800,0.0
2024-09-29 03:00:00,2024-09-30 03:00:00,1727654400,0.0
2024-09-29 04:00:00,2024-09-30 04:00:00,1727658000,0.0
2024-09-29 05:00:00,2024-09-30 05:00:00,1727661600,0.0
2024-09-29 06:00:00,2024-09-30 06:00:00,1727665200,0.0
2024-09-29 07:00:00,2024-09-30 07:00:00,1727668800,2.0
2024-09-29 08:00:00,2024-09-30 08:00:00,1727672400,90.0
2024-09-29 09:00:00,2024-09-30 09:00:00,1727676000,264.0
2024-09-29 10:00:00,2024-09-30 10:00:00,1727679600,465.0
2024-09-29 11:00:00,2024-09-30 11:00:00,1727683200,627.0
2024-09-29 12:00:00,2024-09-30 12:00:00,1727686800,730.0
2024-09-29 13:00:00,2024-09-30 13:00:00,1727690400,760.0
2024-09-29 14:00:00,2024-09-30 14:00:00,1727694000,732.0
2024-09-29 15:00:00,2024-09-30 15:00:00,1727697600,612.0
2024-09-29 16:00:00,2024-09-30 16:00:00,1727701200,519.0
2024-09-29 17:00:00,2024-09-30 17:00:00,1727704800,340.0
2024-09-29 18:00:00,2024-09-30 18:00:00,1727708400,145.0
2024-09-29 19:00:00,2024-09-30 19:00:00,1727712000,13.0
2024-09-29 20:00:00,2024-09-30 20:00:00,1727715600,0.0
2024-09-29 21:00:00,2024-09-30 21:00:00,1727719200,0.0
2024-09-29 22:00:00,2024-09-30 22:00:00,1727722800,0.0
2024-09-29 23:00:00,2024-09-30 23:00:00,1727726400,0.0
2024-09-30 00:00:00,2024-10-01 00:00:00,1727730000,0.0
2024-09-30 01:00:00,2024-10-01 01:00:00,1727733600,0.0
2024-09-30 02:00:00,2024-10-01 02:00:00,1727737200,0.0
2024-09-30 03:00:00,2024-10-01 03:00:00,1727740800,0.0
2024-09-30 04:00:00,2024-10-01 04:00:00,1727744400,0.0
2024-09-30 05:00:00,2024-10-01 05:00:00,1727748000,0.0
2024-09-30 06:00:00,2024-10-01 06:00:00,1727751600,0.0
2024-09-30 07:00:00,2024-10-01 07:00:00,1727755200,1.0
2024-09-30 08:00:00,2024-10-01 08:00:00,1727758800,78.0
2024-09-30 09:00:00,2024-10-01 09:00:00,1727762400,237.0
2024-09-30 10:00:00,2024-10-01 10:00:00,1727766000,424.0
2024-09-30 11:00:00,2024-10-01 11:00:00,1727769600,605.0
2024-09-30 12:00:00,2024-10-01 12:00:00,1727773200,717.0
2024-09-30 13:00:00,2024-10-01 13:00:00,1727776800,771.0
2024-09-30 14:00:00,2024-10-01 14:00:00,1727780400,751.0
2024-09-30 15:00:00,2024-10-01 15:00:00,1727784000,669.0
2024-09-30 16:00:00,2024-10-01 16:00:00,1727787600,529.0
2024-09-30 17:00:00,2024-10-01 17:00:00,1727791200,332.0
2024-09-30 18:00:00,2024-10-01 18:00:00,1727794800,143.0
2024-09-30 19:00:00,2024-10-01 19:00:00,1727798400,12.0
2024-09-30 20:00:00,2024-10-01 20:00:00,1727802000,0.0
2024-09-30 21:00:00,2024-10-01 21:00:00,1727805600,0.0
2024-09-30 22:00:00,2024-10-01 22:00:00,1727809200,0.0
2024-09-30 23:00:00,2024-10-01 23:00:00,1727812800,0.0
2024-10-01 00:00:00,2024-10-02 00:00:00,1727816400,0.0
2024-10-01 01:00:00,2024-10-02 01:00:00,1727820000,0.0
2024-10-01 02:00:00,2024-10-02 02:00:00,1727823600,0.0
2024-10-01 03:00:00,2024-10-02 03:00:00,1727827200,0.0
2024-10-01 04:00:00,2024-10-02 04:00:00,1727830800,0.0
2024-10-01 05:00:00,2024-10-02 05:00:00,1727834400,0.0
2024-10-01 06:00:00,2024-10-02 06:00:00,1727838000,0.0
2024-10-01 07:00:00,2024-10-02 07:00:00,1727841600,1.0
2024-10-01 08:00:00,2024-10-02 08:00:00,1727845200,90.0
2024-10-01 09:00:00,2024-10-02 09:00:00,1727848800,280.0
2024-10-01 10:00:00,2024-10-02 10:00:00,1727852400,471.0
2024-10-01 11:00:00,2024-10-02 11:00:00,1727856000,629.0
2024-10-01 12:00:00,2024-10-02 12:00:00,1727859600,734.0
2024-10-01 13:00:00,2024-10-02 13:00:00,1727863200,775.0
2024-10-01 14:00:00,2024-10-02 14:00:00,1727866800,743.0
2024-10-01 15:00:00,2024-10-02 15:00:00,1727870400,659.0
2024-10-01 16:00:00,2024-10-02 16:00:00,1727874000,524.0
2024-10-01 17:00:00,2024-10-02 17:00:00,1727877600,340.0
2024-10-01 18:00:00,2024-10-02 18:00:00,1727881200,143.0
2024-10-01 19:00:00,2024-10-02 19:00:00,1727884800,11.0
2024-10-01 20:00:00,2024-10-02 20:00:00,1727888400,0.0
2024-10-01 21:00:00,2024-10-02 21:00:00,1727892000,0.0
2024-10-01 22:00:00,2024-10-02 22:00:00,1727895600,0.0
2024-10-01 23:00:00,2024-10-02 23:00:00,1727899200,0.0
2024-10-02 00:00:00,2024-10-03 00:00:00,1727902800,0.0
2024-10-02 01:00:00,2024-10-03 01:00:00,1727906400,0.0
2024-10-02 02:00:00,2024-10-03 02:00:00,1727910000,0.0
2024-10-02 03:00:00,2024-10-03 03:00:00,1727913600,0.0
2024-10-02 04:00:00,2024-10-03 04:00:00,1727917200,0.0
2024-10-02 05:00:00,2024-10-03 05:00:00,1727920800,0.0
2024-10-02 06:00:00,2024-10-03 06:00:00,1727924400,0.0
2024-10-02 07:00:00,2024-10-03 07:00:00,1727928000,1.0
2024-10-02 08:00:00,2024-10-03 08:00:00,1727931600,86.0
2024-10-02 09:00:00,2024-10-03 09:00:00,1727935200,273.0
2024-10-02 10:00:00,2024-10-03 10:00:00,1727938800,463.0
2024-10-02 11:00:00,2024-10-03 11:00:00,1727942400,611.0
2024-10-02 12:00:00,2024-10-03 12:00:00,1727946000,682.0
2024-10-02 13:00:00,2024-10-03 13:00:00,1727949600,727.0
2024-10-02 14:00:00,2024-10-03 14:00:00,1727953200,712.0
2024-10-02 15:00:00,2024-10-03 15:00:00,1727956800,589.0
2024-10-02 16:00:00,2024-10-03 16:00:00,1727960400,488.0
2024-10-02 17:00:00,2024-10-03 17:00:00,1727964000,316.0
2024-10-02 18:00:00,2024-10-03 18:00:00,1727967600,126.0
2024-10-02 19:00:00,2024-10-03 19:00:00,1727971200,10.0
2024-10-02 20:00:00,2024-10-03 20:00:00,1727974800,0.0
2024-10-02 21:00:00,2024-10-03 21:00:00,1727978400,0.0
2024-10-02 22:00:00,2024-10-03 22:00:00,1727982000,0.0
2024-10-02 23:00:00,2024-10-03 23:00:00,1727985600,0.0
2024-10-03 00:00:00,2024-10-04 00:00:00,1727989200,0.0
2024-10-03 01:00:00,2024-10-04 01:00:00,1727992800,0.0
2024-10-03 02:00:00,2024-10-04 02:00:00,1727996400,0.0
2024-10-03 03:00:00,2024-10-04 03:00:00,1728000000,0.0
2024-10-03 04:00:00,2024-10-04 04:00:00,1728003600,0.0
2024-10-03 05:00:00,2024-10-04 05:00:00,1728007200,0.0
2024-10-03 06:00:00,2024-10-04 06:00:00,1728010800,0.0
2024-10-03 07:00:00,2024-10-04 07:00:00,1728014400,1.0
2024-10-03 08:00:00,2024-10-04 08:00:00,1728018000,83.0
2024-10-03 09:00:00,2024-10-04 09:00:00,1728021600,269.0
2024-10-03 10:00:00,2024-10-04 10:00:00,1728025200,458.0
2024-10-03 11:00:00,2024-10-04 11:00:00,1728028800,613.0
2024-10-03 12:00:00,2024-10-04 12:00:00,1728032400,709.0
2024-10-03 13:00:00,2024-10-04 13:00:00,1728036000,685.0
2024-10-03 14:00:00,2024-10-04 14:00:00,1728039600,719.0
2024-10-03 15:00:00,2024-10-04 15:00:00,1728043200,540.0
2024-10-03 16:00:00,2024-10-04 16:00:00,1728046800,506.0
2024-10-03 17:00:00,2024-10-04 17:00:00,1728050400,323.0
2024-10-03 18:00:00,2024-10-04 18:00:00,1728054000,132.0
2024-10-03 19:00:00,2024-10-04 19:00:00,1728057600,9.0
2024-10-03 20:00:00,2024-10-04 20:00:00,1728061200,0.0
2024-10-03 21:00:00,2024-10-04 21:00:00,1728064800,0.0
2024-10-03 22:00:00,2024-10-04 22:00:00,1728068400,0.0
2024-10-03 23:00:00,2024-10-04 23:00:00,1728072000,0.0
2024-10-04 00:00:00,2024-10-05 00:00:00,1728075600,0.0
2024-10-04 01:00:00,2024-10-05 01:00:00,1728079200,0.0
2024-10-04 02:00:00,2024-10-05 02:00:00,1728082800,0.0
2024-10-04 03:00:00,2024-10-05 03:00:00,1728086400,0.0
2024-10-04 04:00:00,2024-10-05 04:00:00,1728090000,0.0
2024-10-04 05:00:00,2024-10-05 05:00:00,1728093600,0.0
2024-10-04 06:00:00,2024-10-05 06:00:00,1728097200,0.0
2024-10-04 07:00:00,2024-10-05 07:00:00,1728100800,1.0
2024-10-04 08:00:00,2024-10-05 08:00:00,1728104400,81.0
2024-10-04 09:00:00,2024-10-05 09:00:00,1728108000,267.0
2024-10-04 10:00:00,2024-10-05 10:00:00,1728111600,456.0
2024-10-04 11:00:00,2024-10-05 11:00:00,1728115200,613.0
2024-10-04 12:00:00,2024-10-05 12:00:00,1728118800,717.0
2024-10-04 13:00:00,2024-10-05 13:00:00,1728122400,757.0
2024-10-04 14:00:00,2024-10-05 14:00:00,1728126000,718.0
2024-10-04 15:00:00,2024-10-05 15:00:00,1728129600,623.0
2024-10-04 16:00:00,2024-10-05 16:00:00,1728133200,501.0
2024-10-04 17:00:00,2024-10-05 17:00:00,1728136800,320.0
2024-10-04 18:00:00,2024-10-05 18:00:00,1728140400,128.0
2024-10-04 19:00:00,2024-10-05 19:00:00,1728144000,8.0
2024-10-04 20:00:00,2024-10-05 20:00:00,1728147600,0.0
2024-10-04 21:00:00,2024-10-05 21:00:00,1728151200,0.0
2024-10-04 22:00:00,2024-10-05 22:00:00,1728154800,0.0
2024-10-04 23:00:00,2024-10-05 23:00:00,1728158400,0.0
2024-10-05 00:00:00,2024-10-06 00:00:00,1728162000,0.0
2024-10-05 01:00:00,2024-10-06 01:00:00,1728165600,0.0
2024-10-05 02:00:00,2024-10-06 02:00:00,1728169200,0.0
2024-10-05 03:00:00,2024-10-06 03:00:00,1728172800,0.0
2024-10-05 04:00:00,2024-10-06 04:00:00,1728176400,0.0
2024-10-05 05:00:00,2024-10-06 05:00:00,1728180000,0.0
2024-10-05 06:00:00,2024-10-06 06:00:00,1728183600,0.0
2024-10-05 07:00:00,2024-10-06 07:00:00,1728187200,1.0
2024-10-05 08:00:00,2024-10-06 08:00:00,1728190800,81.0
2024-10-05 09:00:00,2024-10-06 09:00:00,1728194400,267.0
2024-10-05 10:00:00,2024-10-06 10:00:00,1728198000,456.0
2024-10-05 11:00:00,2024-10-06 11:00:00,1728201600,610.0
2024-10-05 12:00:00,2024-10-06 12:00:00,1728205200,718.0
2024-10-05 13:00:00,2024-10-06 13:00:00,1728208800,762.0
2024-10-05 14:00:00,2024-10-06 14:00:00,1728212400,737.0
2024-10-05 15:00:00,2024-10-06 15:00:00,1728216000,641.0
2024-10-05 16:00:00,2024-10-06 16:00:00,1728219600,497.0
2024-10-05 17:00:00,2024-10-06 17:00:00,1728223200,317.0
2024-10-05 18:00:00,2024-10-06 18:00:00,1728226800,125.0
2024-10-05 19:00:00,2024-10-06 19:00:00,1728230400,7.0
2024-10-05 20:00:00,2024-10-06 20:00:00,1728234000,0.0
2024-10-05 21:00:00,2024-10-06 21:00:00,1728237600,0.0
2024-10-05 22:00:00,2024-10-06 22:00:00,1728241200,0.0
2024-10-05 23:00:00,2024-10-06 23:00:00,1728244800,0.0
2024-10-06 00:00:00,2024-10-07 00:00:00,1728248400,0.0
2024-10-06 01:00:00,2024-10-07 01:00:00,1728252000,0.0
2024-10-06 02:00:00,2024-10-07 02:00:00,1728255600,0.0
2024-10-06 03:00:00,2024-10-07 03:00:00,1728259200,0.0
2024-10-06 04:00:00,2024-10-07 04:00:00,1728262800,0.0
2024-10-06 05:00:00,2024-10-07 05:00:00,1728266400,0.0
2024-10-06 06:00:00,2024-10-07 06:00:00,1728270000,0.0
2024-10-06 07:00:00,2024-10-07 07:00:00,1728273600,0.0
2024-10-06 08:00:00,2024-10-07 08:00:00,1728277200,78.0
2024-10-06 09:00:00,2024-10-07 09:00:00,1728280800,261.0
2024-10-06 10:00:00,2024-10-07 10:00:00,1728284400,448.0
2024-10-06 11:00:00,2024-10-07 11:00:00,1728288000,601.0
2024-10-06 12:00:00,2024-10-07 12:00:00,1728291600,702.0
2024-10-06 13:00:00,2024-10-07 13:00:00,1728295200,743.0
2024-10-06 14:00:00,2024-10-07 14:00:00,1728298800,719.0
2024-10-06 15:00:00,2024-10-07 15:00:00,1728302400,631.0
2024-10-06 16:00:00,2024-10-07 16:00:00,1728306000,489.0
2024-10-06 17:00:00,2024-10-07 17:00:00,1728309600,308.0
2024-10-06 18:00:00,2024-10-07 18:00:00,1728313200,119.0
2024-10-06 19:00:00,2024-10-07 19:00:00,1728316800,6.0
2024-10-06 20:00:00,2024-10-07 20:00:00,1728320400,0.0
2024-10-06 21:00:00,2024-10-07 21:00:00,1728324000,0.0
2024-10-06 22:00:00,2024-10-07 22:00:00,1728327600,0.0
2024-10-06 23:00:00,2024-10-07 23:00:00,1728331200,0.0
2024-10-07 00:00:00,2024-10-08 00:00:00,1728334800,0.0
2024-10-07 01:00:00,2024-10-08 01:00:00,1728338400,0.0
2024-10-07 02:00:00,2024-10-08 02:00:00,1728342000,0.0
2024-10-07 03:00:00,2024-10-08 03:00:00,1728345600,0.0
2024-10-07 04:00:00,2024-10-08 04:00:00,1728349200,0.0
2024-10-07 05:00:00,2024-10-08 05:00:00,1728352800,0.0
2024-10-07 06:00:00,2024-10-08 06:00:00,1728356400,0.0
2024-10-07 07:00:00,2024-10-08 07:00:00,1728360000,0.0
2024-10-07 08:00:00,2024-10-08 08:00:00,1728363600,76.0
2024-10-07 09:00:00,2024-10-08 09:00:00,1728367200,260.0
2024-10-07 10:00:00,2024-10-08 10:00:00,1728370800,450.0
2024-10-07 11:00:00,2024-10-08 11:00:00,1728374400,606.0
2024-10-07 12:00:00,2024-10-08 12:00:00,1728378000,710.0
2024-10-07 13:00:00,2024-10-08 13:00:00,1728381600,750.0
2024-10-07 14:00:00,2024-10-08 14:00:00,1728385200,725.0
2024-10-07 15:00:00,2024-10-08 15:00:00,1728388800,636.0
2024-10-07 16:00:00,2024-10-08 16:00:00,1728392400,491.0
2024-10-07 17:00:00,2024-10-08 17:00:00,1728396000,308.0
2024-10-07 18:00:00,2024-10-08 18:00:00,1728399600,117.0
2024-10-07 19:00:00,2024-10-08 19:00:00,1728403200,5.0
2024-10-07 20:00:00,2024-10-08 20:00:00,1728406800,0.0
2024-10-07 21:00:00,2024-10-08 21:00:00,1728410400,0.0
2024-10-07 22:00:00,2024-10-08 22:00:00,1728414000,0.0
2024-10-07 23:00:00,2024-10-08 23:00:00,1728417600,0.0
2024-10-08 00:00:00,2024-10-09 00:00:00,1728421200,0.0
2024-10-08 01:00:00,2024-10-09 01:00:00,1728424800,0.0
2024-10-08 02:00:00,2024-10-09 02:00:00,1728428400,0.0
2024-10-08 03:00:00,2024-10-09 03:00:00,1728432000,0.0
2024-10-08 04:00:00,2024-10-09 04:00:00,1728435600,0.0
2024-10-08 05:00:00,2024-10-09 05:00:00,1728439200,0.0
2024-10-08 06:00:00,2024-10-09 06:00:00,1728442800,0.0
2024-10-08 07:00:00,2024-10-09 07:00:00,1728446400,0.0
2024-10-08 08:00:00,2024-10-09 08:00:00,1728450000,68.0
2024-10-08 09:00:00,2024-10-09 09:00:00,1728453600,255.0
2024-10-08 10:00:00,2024-10-09 10:00:00,1728457200,444.0
2024-10-08 11:00:00,2024-10-09 11:00:00,1728460800,598.0
2024-10-08 12:00:00,2024-10-09 12:00:00,1728464400,694.0
2024-10-08 13:00:00,2024-10-09 13:00:00,1728468000,735.0
2024-10-08 14:00:00,2024-10-09 14:00:00,1728471600,708.0
2024-10-08 15:00:00,2024-10-09 15:00:00,1728475200,626.0
2024-10-08 16:00:00,2024-10-09 16:00:00,1728478800,484.0
2024-10-08 17:00:00,2024-10-09 17:00:00,1728482400,300.0
2024-10-08 18:00:00,2024-10-09 18:00:00,1728486000,112.0
2024-10-08 19:00:00,2024-10-09 19:00:00,1728489600,4.0
2024-10-08 20:00:00,2024-10-09 20:00:00,1728493200,0.0
2024-10-08 21:00:00,2024-10-09 21:00:00,1728496800,0.0
2024-10-08 22:00:00,2024-10-09 22:00:00,1728500400,0.0
2024-10-08 23:00:00,2024-10-09 23:00:00,1728504000,0.0
2024-10-09 00:00:00,2024-10-10 00:00:00,1728507600,0.0
2024-10-09 01:00:00,2024-10-10 01:00:00,1728511200,0.0
2024-10-09 02:00:00,2024-10-10 02:00:00,1728514800,0.0
2024-10-09 03:00:00,2024-10-10 03:00:00,1728518400,0.0
2024-10-09 04:00:00,2024-10-10 04:00:00,1728522000,0.0
2024-10-09 05:00:00,2024-10-10 05:00:00,1728525600,0.0
2024-10-09 06:00:00,2024-10-10 06:00:00,1728529200,0.0
2024-10-09 07:00:00,2024-10-10 07:00:00,1728532800,0.0
2024-10-09 08:00:00,2024-10-10 08:00:00,1728536400,65.0
2024-10-09 09:00:00,2024-10-10 09:00:00,1728540000,247.0
2024-10-09 10:00:00,2024-10-10 10:00:00,1728543600,435.0
2024-10-09 11:00:00,2024-10-10 11:00:00,1728547200,587.0
2024-10-09 12:00:00,2024-10-10 12:00:00,1728550800,689.0
2024-10-09 13:00:00,2024-10-10 13:00:00,1728554400,735.0
2024-10-09 14:00:00,2024-10-10 14:00:00,1728558000,710.0
2024-10-09 15:00:00,2024-10-10 15:00:00,1728561600,621.0
2024-10-09 16:00:00,2024-10-10 16:00:00,1728565200,476.0
2024-10-09 17:00:00,2024-10-10 17:00:00,1728568800,293.0
2024-10-09 18:00:00,2024-10-10 18:00:00,1728572400,106.0
2024-10-09 19:00:00,2024-10-10 19:00:00,1728576000,4.0
2024-10-09 20:00:00,2024-10-10 20:00:00,1728579600,0.0
2024-10-09 21:00:00,2024-10-10 21:00:00,1728583200,0.0
2024-10-09 22:00:00,2024-10-10 22:00:00,1728586800,0.0
2024-10-09 23:00:00,2024-10-10 23:00:00,1728590400,0.0
2024-10-10 00:00:00,2024-10-11 00:00:00,1728594000,0.0
2024-10-10 01:00:00,2024-10-11 01:00:00,1728597600,0.0
2024-10-10 02:00:00,2024-10-11 02:00:00,1728601200,0.0
2024-10-10 03:00:00,2024-10-11 03:00:00,1728604800,0.0
2024-10-10 04:00:00,2024-10-11 04:00:00,1728608400,0.0
2024-10-10 05:00:00,2024-10-11 05:00:00,1728612000,0.0
2024-10-10 06:00:00,2024-10-11 06:00:00,1728615600,0.0
2024-10-10 07:00:00,2024-10-11 07:00:00,1728619200,0.0
2024-10-10 08:00:00,2024-10-11 08:00:00,1728622800,64.0
2024-10-10 09:00:00,2024-10-11 09:00:00,1728626400,228.0
2024-10-10 10:00:00,2024-10-11 10:00:00,1728630000,369.0
2024-10-10 11:00:00,2024-10-11 11:00:00,1728633600,454.0
2024-10-10 12:00:00,2024-10-11 12:00:00,1728637200,609.0
2024-10-10 13:00:00,2024-10-11 13:00:00,1728640800,661.0
2024-10-10 14:00:00,2024-10-11 14:00:00,1728644400,626.0
2024-10-10 15:00:00,2024-10-11 15:00:00,1728648000,530.0
2024-10-10 16:00:00,2024-10-11 16:00:00,1728651600,462.0
2024-10-10 17:00:00,2024-10-11 17:00:00,1728655200,282.0
2024-10-10 18:00:00,2024-10-11 18:00:00,1728658800,100.0
2024-10-10 19:00:00,2024-10-11 19:00:00,1728662400,3.0
2024-10-10 20:00:00,2024-10-11 20:00:00,1728666000,0.0
2024-10-10 21:00:00,2024-10-11 21:00:00,1728669600,0.0
2024-10-10 22:00:00,2024-10-11 22:00:00,1728673200,0.0
2024-10-10 23:00:00,2024-10-11 23:00:00,1728676800,0.0
2024-10-11 00:00:00,2024-10-12 00:00:00,1728680400,0.0
2024-10-11 01:00:00,2024-10-12 01:00:00,1728684000,0.0
2024-10-11 02:00:00,2024-10-12 02:00:00,1728687600,0.0
2024-10-11 03:00:00,2024-10-12 03:00:00,1728691200,0.0
2024-10-11 04:00:00,2024-10-12 04:00:00,1728694800,0.0
2024-10-11 05:00:00,2024-10-12 05:00:00,1728698400,0.0
2024-10-11 06:00:00,2024-10-12 06:00:00,1728702000,0.0
2024-10-11 07:00:00,2024-10-12 07:00:00,1728705600,0.0
2024-10-11 08:00:00,2024-10-12 08:00:00,1728709200,64.0
2024-10-11 09:00:00,2024-10-12 09:00:00,1728712800,239.0
2024-10-11 10:00:00,2024-10-12 10:00:00,1728716400,417.0
2024-10-11 11:00:00,2024-10-12 11:00:00,1728720000,561.0
2024-10-11 12:00:00,2024-10-12 12:00:00,1728723600,647.0
2024-10-11 13:00:00,2024-10-12 13:00:00,1728727200,677.0
2024-10-11 14:00:00,2024-10-12 14:00:00,1728730800,669.0
2024-10-11 15:00:00,2024-10-12 15:00:00,1728734400,592.0
2024-10-11 16:00:00,2024-10-12 16:00:00,1728738000,455.0
2024-10-11 17:00:00,2024-10-12 17:00:00,1728741600,278.0
2024-10-11 18:00:00,2024-10-12 18:00:00,1728745200,97.0
2024-10-11 19:00:00,2024-10-12 19:00:00,1728748800,3.0
2024-10-11 20:00:00,2024-10-12 20:00:00,1728752400,0.0
2024-10-11 21:00:00,2024-10-12 21:00:00,1728756000,0.0
2024-10-11 22:00:00,2024-10-12 22:00:00,1728759600,0.0
2024-10-11 23:00:00,2024-10-12 23:00:00,1728763200,0.0
2024-10-12 00:00:00,2024-10-13 00:00:00,1728766800,0.0
2024-10-12 01:00:00,2024-10-13 01:00:00,1728770400,0.0
2024-10-12 02:00:00,2024-10-13 02:00:00,1728774000,0.0
2024-10-12 03:00:00,2024-10-13 03:00:00,1728777600,0.0
2024-10-12 04:00:00,2024-10-13 04:00:00,1728781200,0.0
2024-10-12 05:00:00,2024-10-13 05:00:00,1728784800,0.0
2024-10-12 06:00:00,2024-10-13 06:00:00,1728788400,0.0
2024-10-12 07:00:00,2024-10-13 07:00:00,1728792000,0.0
2024-10-12 08:00:00,2024-10-13 08:00:00,1728795600,61.0
2024-10-12 09:00:00,2024-10-13 09:00:00,1728799200,219.0
2024-10-12 10:00:00,2024-10-13 10:00:00,1728802800,414.0
2024-10-12 11:00:00,2024-10-13 11:00:00,1728806400,559.0
2024-10-12 12:00:00,2024-10-13 12:00:00,1728810000,659.0
2024-10-12 13:00:00,2024-10-13 13:00:00,1728813600,701.0
2024-10-12 14:00:00,2024-10-13 14:00:00,1728817200,677.0
2024-10-12 15:00:00,2024-10-13 15:00:00,1728820800,584.0
2024-10-12 16:00:00,2024-10-13 16:00:00,1728824400,423.0
2024-10-12 17:00:00,2024-10-13 17:00:00,1728828000,270.0
2024-10-12 18:00:00,2024-10-13 18:00:00,1728831600,94.0
2024-10-12 19:00:00,2024-10-13 19:00:00,1728835200,2.0
2024-10-12 20:00:00,2024-10-13 20:00:00,1728838800,0.0
2024-10-12 21:00:00,2024-10-13 21:00:00,1728842400,0.0
2024-10-12 22:00:00,2024-10-13 22:00:00,1728846000,0.0
2024-10-12 23:00:00,2024-10-13 23:00:00,1728849600,0.0
2024-10-13 00:00:00,2024-10-14 00:00:00,1728853200,0.0
2024-10-13 01:00:00,2024-10-14 01:00:00,1728856800,0.0
2024-10-13 02:00:00,2024-10-14 02:00:00,1728860400,0.0
2024-10-13 03:00:00,2024-10-14 03:00:00,1728864000,0.0
2024-10-13 04:00:00,2024-10-14 04:00:00,1728867600,0.0
2024-10-13 05:00:00,2024-10-14 05:00:00,1728871200,0.0
2024-10-13 06:00:00,2024-10-14 06:00:00,1728874800,0.0
2024-10-13 07:00:00,2024-10-14 07:00:00,1728878400,0.0
2024-10-13 08:00:00,2024-10-14 08:00:00,1728882000,60.0
2024-10-13 09:00:00,2024-10-14 09:00:00,1728885600,231.0
2024-10-13 10:00:00,2024-10-14 10:00:00,1728889200,405.0
2024-10-13 11:00:00,2024-10-14 11:00:00,1728892800,532.0
2024-10-13 12:00:00,2024-10-14 12:00:00,1728896400,586.0
2024-10-13 13:00:00,2024-10-14 13:00:00,1728900000,623.0
2024-10-13 14:00:00,2024-10-14 14:00:00,1728903600,617.0
2024-10-13 15:00:00,2024-10-14 15:00:00,1728907200,508.0
2024-10-13 16:00:00,2024-10-14 16:00:00,1728910800,438.0
2024-10-13 17:00:00,2024-10-14 17:00:00,1728914400,255.0
2024-10-13 18:00:00,2024-10-14 18:00:00,1728918000,87.0
2024-10-13 19:00:00,2024-10-14 19:00:00,1728921600,2.0
2024-10-13 20:00:00,2024-10-14 20:00:00,1728925200,0.0
2024-10-13 21:00:00,2024-10-14 21:00:00,1728928800,0.0
2024-10-13 22:00:00,2024-10-14 22:00:00,1728932400,0.0
2024-10-13 23:00:00,2024-10-14 23:00:00,1728936000,0.0
2024-10-14 00:00:00,2024-10-15 00:00:00,1728939600,0.0
2024-10-14 01:00:00,2024-10-15 01:00:00,1728943200,0.0
2024-10-14 02:00:00,2024-10-15 02:00:00,1728946800,0.0
2024-10-14 03:00:00,2024-10-15 03:00:00,1728950400,0.0
2024-10-14 04:00:00,2024-10-15 04:00:00,1728954000,0.0
2024-10-14 05:00:00,2024-10-15 05:00:00,1728957600,0.0
2024-10-14 06:00:00,2024-10-15 06:00:00,1728961200,0.0
2024-10-14 07:00:00,2024-10-15 07:00:00,1728964800,0.0
2024-10-14 08:00:00,2024-10-15 08:00:00,1728968400,57.0
2024-10-14 09:00:00,2024-10-15 09:00:00,1728972000,226.0
2024-10-14 10:00:00,2024-10-15 10:00:00,1728975600,396.0
2024-10-14 11:00:00,2024-10-15 11:00:00,1728979200,496.0
2024-10-14 12:00:00,2024-10-15 12:00:00,1728982800,509.0
2024-10-14 13:00:00,2024-10-15 13:00:00,1728986400,554.0
2024-10-14 14:00:00,2024-10-15 14:00:00,1728990000,587.0
2024-10-14 15:00:00,2024-10-15 15:00:00,1728993600,389.0
2024-10-14 16:00:00,2024-10-15 16:00:00,1728997200,216.0
2024-10-14 17:00:00,2024-10-15 17:00:00,1729000800,159.0
2024-10-14 18:00:00,2024-10-15 18:00:00,1729004400,66.0
2024-10-14 19:00:00,2024-10-15 19:00:00,1729008000,1.0
2024-10-14 20:00:00,2024-10-15 20:00:00,1729011600,0.0
2024-10-14 21:00:00,2024-10-15 21:00:00,1729015200,0.0
2024-10-14 22:00:00,2024-10-15 22:00:00,1729018800,0.0
2024-10-14 23:00:00,2024-10-15 23:00:00,1729022400,0.0
2024-10-15 00:00:00,2024-10-16 00:00:00,1729026000,0.0
2024-10-15 01:00:00,2024-10-16 01:00:00,1729029600,0.0
2024-10-15 02:00:00,2024-10-16 02:00:00,1729033200,0.0
2024-10-15 03:00:00,2024-10-16 03:00:00,1729036800,0.0
2024-10-15 04:00:00,2024-10-16 04:00:00,1729040400,0.0
2024-10-15 05:00:00,2024-10-16 05:00:00,1729044000,0.0
2024-10-15 06:00:00,2024-10-16 06:00:00,1729047600,0.0
2024-10-15 07:00:00,2024-10-16 07:00:00,1729051200,0.0
2024-10-15 08:00:00,2024-10-16 08:00:00,1729054800,37.0
2024-10-15 09:00:00,2024-10-16 09:00:00,1729058400,202.0
2024-10-15 10:00:00,2024-10-16 10:00:00,1729062000,383.0
2024-10-15 11:00:00,2024-10-16 11:00:00,1729065600,515.0
2024-10-15 12:00:00,2024-10-16 12:00:00,1729069200,547.0
2024-10-15 13:00:00,2024-10-16 13:00:00,1729072800,420.0
2024-10-15 14:00:00,2024-10-16 14:00:00,1729076400,413.0
2024-10-15 15:00:00,2024-10-16 15:00:00,1729080000,265.0
2024-10-15 16:00:00,2024-10-16 16:00:00,1729083600,319.0
2024-10-15 17:00:00,2024-10-16 17:00:00,1729087200,219.0
2024-10-15 18:00:00,2024-10-16 18:00:00,1729090800,81.0
2024-10-15 19:00:00,2024-10-16 19:00:00,1729094400,1.0
2024-10-15 20:00:00,2024-10-16 20:00:00,1729098000,0.0
2024-10-15 21:00:00,2024-10-16 21:00:00,1729101600,0.0
2024-10-15 22:00:00,2024-10-16 22:00:00,1729105200,0.0
2024-10-15 23:00:00,2024-10-16 23:00:00,1729108800,0.0
2024-10-16 00:00:00,2024-10-17 00:00:00,1729112400,0.0
2024-10-16 01:00:00,2024-10-17 01:00:00,1729116000,0.0
2024-10-16 02:00:00,2024-10-17 02:00:00,1729119600,0.0
2024-10-16 03:00:00,2024-10-17 03:00:00,1729123200,0.0
2024-10-16 04:00:00,2024-10-17 04:00:00,1729126800,0.0
2024-10-16 05:00:00,2024-10-17 05:00:00,1729130400,0.0
2024-10-16 06:00:00,2024-10-17 06:00:00,1729134000,0.0
2024-10-16 07:00:00,2024-10-17 07:00:00,1729137600,0.0
2024-10-16 08:00:00,2024-10-17 08:00:00,1729141200,48.0
2024-10-16 09:00:00,2024-10-17 09:00:00,1729144800,210.0
2024-10-16 10:00:00,2024-10-17 10:00:00,1729148400,393.0
2024-10-16 11:00:00,2024-10-17 11:00:00,1729152000,546.0
2024-10-16 12:00:00,2024-10-17 12:00:00,1729155600,647.0
2024-10-16 13:00:00,2024-10-17 13:00:00,1729159200,678.0
2024-10-16 14:00:00,2024-10-17 14:00:00,1729162800,642.0
2024-10-16 15:00:00,2024-10-17 15:00:00,1729166400,571.0
2024-10-16 16:00:00,2024-10-17 16:00:00,1729170000,431.0
2024-10-16 17:00:00,2024-10-17 17:00:00,1729173600,262.0
2024-10-16 18:00:00,2024-10-17 18:00:00,1729177200,83.0
2024-10-16 19:00:00,2024-10-17 19:00:00,1729180800,1.0
2024-10-16 20:00:00,2024-10-17 20:00:00,1729184400,0.0
2024-10-16 21:00:00,2024-10-17 21:00:00,1729188000,0.0
2024-10-16 22:00:00,2024-10-17 22:00:00,1729191600,0.0
2024-10-16 23:00:00,2024-10-17 23:00:00,1729195200,0.0
2024-10-17 00:00:00,2024-10-18 00:00:00,1729198800,0.0
2024-10-17 01:00:00,2024-10-18 01:00:00,1729202400,0.0
2024-10-17 02:00:00,2024-10-18 02:00:00,1729206000,0.0
2024-10-17 03:00:00,2024-10-18 03:00:00,1729209600,0.0
2024-10-17 04:00:00,2024-10-18 04:00:00,1729213200,0.0
2024-10-17 05:00:00,2024-10-18 05:00:00,1729216800,0.0
2024-10-17 06:00:00,2024-10-18 06:00:00,1729220400,0.0
2024-10-17 07:00:00,2024-10-18 07:00:00,1729224000,0.0
2024-10-17 08:00:00,2024-10-18 08:00:00,1729227600,55.0
2024-10-17 09:00:00,2024-10-18 09:00:00,1729231200,223.0
2024-10-17 10:00:00,2024-10-18 10:00:00,1729234800,388.0
2024-10-17 11:00:00,2024-10-18 11:00:00,1729238400,527.0
2024-10-17 12:00:00,2024-10-18 12:00:00,1729242000,652.0
2024-10-17 13:00:00,2024-10-18 13:00:00,1729245600,664.0
2024-10-17 14:00:00,2024-10-18 14:00:00,1729249200,632.0
2024-10-17 15:00:00,2024-10-18 15:00:00,1729252800,566.0
2024-10-17 16:00:00,2024-10-18 16:00:00,1729256400,308.0
2024-10-17 17:00:00,2024-10-18 17:00:00,1729260000,234.0
2024-10-17 18:00:00,2024-10-18 18:00:00,1729263600,68.0
2024-10-17 19:00:00,2024-10-18 19:00:00,1729267200,1.0
2024-10-17 20:00:00,2024-10-18 20:00:00,1729270800,0.0
2024-10-17 21:00:00,2024-10-18 21:00:00,1729274400,0.0
2024-10-17 22:00:00,2024-10-18 22:00:00,1729278000,0.0
2024-10-17 23:00:00,2024-10-18 23:00:00,1729281600,0.0
2024-10-18 00:00:00,2024-10-19 00:00:00,1729285200,0.0
2024-10-18 01:00:00,2024-10-19 01:00:00,1729288800,0.0
2024-10-18 02:00:00,2024-10-19 02:00:00,1729292400,0.0
2024-10-18 03:00:00,2024-10-19 03:00:00,1729296000,0.0
2024-10-18 04:00:00,2024-10-19 04:00:00,1729299600,0.0
2024-10-18 05:00:00,2024-10-19 05:00:00,1729303200,0.0
2024-10-18 06:00:00,2024-10-19 06:00:00,1729306800,0.0
2024-10-18 07:00:00,2024-10-19 07:00:00,1729310400,0.0
2024-10-18 08:00:00,2024-10-19 08:00:00,1729314000,48.0
2024-10-18 09:00:00,2024-10-19 09:00:00,1729317600,212.0
2024-10-18 10:00:00,2024-10-19 10:00:00,1729321200,385.0
2024-10-18 11:00:00,2024-10-19 11:00:00,1729324800,484.0
2024-10-18 12:00:00,2024-10-19 12:00:00,1729328400,577.0
2024-10-18 13:00:00,2024-10-19 13:00:00,1729332000,644.0
2024-10-18 14:00:00,2024-10-19 14:00:00,1729335600,645.0
2024-10-18 15:00:00,2024-10-19 15:00:00,1729339200,576.0
2024-10-18 16:00:00,2024-10-19 16:00:00,1729342800,442.0
2024-10-18 17:00:00,2024-10-19 17:00:00,1729346400,261.0
2024-10-18 18:00:00,2024-10-19 18:00:00,1729350000,77.0
2024-10-18 19:00:00,2024-10-19 19:00:00,1729353600,0.0
2024-10-18 20:00:00,2024-10-19 20:00:00,1729357200,0.0
2024-10-18 21:00:00,2024-10-19 21:00:00,1729360800,0.0
2024-10-18 22:00:00,2024-10-19 22:00:00,1729364400,0.0
2024-10-18 23:00:00,2024-10-19 23:00:00,1729368000,0.0
2024-10-19 00:00:00,2024-10-20 00:00:00,1729371600,0.0
2024-10-19 01:00:00,2024-10-20 01:00:00,1729375200,0.0
2024-10-19 02:00:00,2024-10-20 02:00:00,1729378800,0.0
2024-10-19 03:00:00,2024-10-20 03:00:00,1729382400,0.0
2024-10-19 04:00:00,2024-10-20 04:00:00,1729386000,0.0
2024-10-19 05:00:00,2024-10-20 05:00:00,1729389600,0.0
2024-10-19 06:00:00,2024-10-20 06:00:00,1729393200,0.0
2024-10-19 07:00:00,2024-10-20 07:00:00,1729396800,0.0
2024-10-19 08:00:00,2024-10-20 08:00:00,1729400400,49.0
2024-10-19 09:00:00,2024-10-20 09:00:00,1729404000,215.0
2024-10-19 10:00:00,2024-10-20 10:00:00,1729407600,399.0
2024-10-19 11:00:00,2024-10-20 11:00:00,1729411200,550.0
2024-10-19 12:00:00,2024-10-20 12:00:00,1729414800,650.0
2024-10-19 13:00:00,2024-10-20 13:00:00,1729418400,692.0
2024-10-19 14:00:00,2024-10-20 14:00:00,1729422000,666.0
2024-10-19 15:00:00,2024-10-20 15:00:00,1729425600,564.0
2024-10-19 16:00:00,2024-10-20 16:00:00,1729429200,413.0
2024-10-19 17:00:00,2024-10-20 17:00:00,1729432800,232.0
2024-10-19 18:00:00,2024-10-20 18:00:00,1729436400,70.0
2024-10-19 19:00:00,2024-10-20 19:00:00,1729440000,0.0
2024-10-19 20:00:00,2024-10-20 20:00:00,1729443600,0.0
2024-10-19 21:00:00,2024-10-20 21:00:00,1729447200,0.0
2024-10-19 22:00:00,2024-10-20 22:00:00,1729450800,0.0
2024-10-19 23:00:00,2024-10-20 23:00:00,1729454400,0.0
2024-10-20 00:00:00,2024-10-21 00:00:00,1729458000,0.0
2024-10-20 01:00:00,2024-10-21 01:00:00,1729461600,0.0
2024-10-20 02:00:00,2024-10-21 02:00:00,1729465200,0.0
2024-10-20 03:00:00,2024-10-21 03:00:00,1729468800,0.0
2024-10-20 04:00:00,2024-10-21 04:00:00,1729472400,0.0
2024-10-20 05:00:00,2024-10-21 05:00:00,1729476000,0.0
2024-10-20 06:00:00,2024-10-21 06:00:00,1729479600,0.0
2024-10-20 07:00:00,2024-10-21 07:00:00,1729483200,0.0
2024-10-20 08:00:00,2024-10-21 08:00:00,1729486800,50.0
2024-10-20 09:00:00,2024-10-21 09:00:00,1729490400,220.0
2024-10-20 10:00:00,2024-10-21 10:00:00,1729494000,408.0
2024-10-20 11:00:00,2024-10-21 11:00:00,1729497600,564.0
2024-10-20 12:00:00,2024-10-21 12:00:00,1729501200,666.0
2024-10-20 13:00:00,2024-10-21 13:00:00,1729504800,698.0
2024-10-20 14:00:00,2024-10-21 14:00:00,1729508400,666.0
2024-10-20 15:00:00,2024-10-21 15:00:00,1729512000,571.0
2024-10-20 16:00:00,2024-10-21 16:00:00,1729515600,437.0
2024-10-20 17:00:00,2024-10-21 17:00:00,1729519200,254.0
2024-10-20 18:00:00,2024-10-21 18:00:00,1729522800,73.0
2024-10-20 19:00:00,2024-10-21 19:00:00,1729526400,0.0
2024-10-20 20:00:00,2024-10-21 20:00:00,1729530000,0.0
2024-10-20 21:00:00,2024-10-21 21:00:00,1729533600,0.0
2024-10-20 22:00:00,2024-10-21 22:00:00,1729537200,0.0
2024-10-20 23:00:00,2024-10-21 23:00:00,1729540800,0.0
2024-10-21 00:00:00,2024-10-22 00:00:00,1729544400,0.0
2024-10-21 01:00:00,2024-10-22 01:00:00,1729548000,0.0
2024-10-21 02:00:00,2024-10-22 02:00:00,1729551600,0.0
2024-10-21 03:00:00,2024-10-22 03:00:00,1729555200,0.0
2024-10-21 04:00:00,2024-10-22 04:00:00,1729558800,0.0
2024-10-21 05:00:00,2024-10-22 05:00:00,1729562400,0.0
2024-10-21 06:00:00,2024-10-22 06:00:00,1729566000,0.0
2024-10-21 07:00:00,2024-10-22 07:00:00,1729569600,0.0
2024-10-21 08:00:00,2024-10-22 08:00:00,1729573200,49.0
2024-10-21 09:00:00,2024-10-22 09:00:00,1729576800,223.0
2024-10-21 10:00:00,2024-10-22 10:00:00,1729580400,409.0
2024-10-21 11:00:00,2024-10-22 11:00:00,1729584000,563.0
2024-10-21 12:00:00,2024-10-22 12:00:00,1729587600,660.0
2024-10-21 13:00:00,2024-10-22 13:00:00,1729591200,696.0
2024-10-21 14:00:00,2024-10-22 14:00:00,1729594800,668.0
2024-10-21 15:00:00,2024-10-22 15:00:00,1729598400,578.0
2024-10-21 16:00:00,2024-10-22 16:00:00,1729602000,434.0
2024-10-21 17:00:00,2024-10-22 17:00:00,1729605600,250.0
2024-10-21 18:00:00,2024-10-22 18:00:00,1729609200,69.0
2024-10-21 19:00:00,2024-10-22 19:00:00,1729612800,0.0
2024-10-21 20:00:00,2024-10-22 20:00:00,1729616400,0.0
2024-10-21 21:00:00,2024-10-22 21:00:00,1729620000,0.0
2024-10-21 22:00:00,2024-10-22 22:00:00,1729623600,0.0
2024-10-21 23:00:00,2024-10-22 23:00:00,1729627200,0.0
2024-10-22 00:00:00,2024-10-23 00:00:00,1729630800,0.0
2024-10-22 01:00:00,2024-10-23 01:00:00,1729634400,0.0
2024-10-22 02:00:00,2024-10-23 02:00:00,1729638000,0.0
2024-10-22 03:00:00,2024-10-23 03:00:00,1729641600,0.0
2024-10-22 04:00:00,2024-10-23 04:00:00,1729645200,0.0
2024-10-22 05:00:00,2024-10-23 05:00:00,1729648800,0.0
2024-10-22 06:00:00,2024-10-23 06:00:00,1729652400,0.0
2024-10-22 07:00:00,2024-10-23 07:00:00,1729656000,0.0
2024-10-22 08:00:00,2024-10-23 08:00:00,1729659600,46.0
2024-10-22 09:00:00,2024-10-23 09:00:00,1729663200,214.0
2024-10-22 10:00:00,2024-10-23 10:00:00,1729666800,399.0
2024-10-22 11:00:00,2024-10-23 11:00:00,1729670400,551.0
2024-10-22 12:00:00,2024-10-23 12:00:00,1729674000,649.0
2024-10-22 13:00:00,2024-10-23 13:00:00,1729677600,663.0
2024-10-22 14:00:00,2024-10-23 14:00:00,1729681200,638.0
2024-10-22 15:00:00,2024-10-23 15:00:00,1729684800,520.0
2024-10-22 16:00:00,2024-10-23 16:00:00,1729688400,417.0
2024-10-22 17:00:00,2024-10-23 17:00:00,1729692000,235.0
2024-10-22 18:00:00,2024-10-23 18:00:00,1729695600,65.0
2024-10-22 19:00:00,2024-10-23 19:00:00,1729699200,0.0
2024-10-22 20:00:00,2024-10-23 20:00:00,1729702800,0.0
2024-10-22 21:00:00,2024-10-23 21:00:00,1729706400,0.0
2024-10-22 22:00:00,2024-10-23 22:00:00,1729710000,0.0
2024-10-22 23:00:00,2024-10-23 23:00:00,1729713600,0.0
2024-10-23 00:00:00,2024-10-24 00:00:00,1729717200,0.0
2024-10-23 01:00:00,2024-10-24 01:00:00,1729720800,0.0
2024-10-23 02:00:00,2024-10-24 02:00:00,1729724400,0.0
2024-10-23 03:00:00,2024-10-24 03:00:00,1729728000,0.0
2024-10-23 04:00:00,2024-10-24 04:00:00,1729731600,0.0
2024-10-23 05:00:00,2024-10-24 05:00:00,1729735200,0.0
2024-10-23 06:00:00,2024-10-24 06:00:00,1729738800,0.0
2024-10-23 07:00:00,2024-10-24 07:00:00,1729742400,0.0
2024-10-23 08:00:00,2024-10-24 08:00:00,1729746000,45.0
2024-10-23 09:00:00,2024-10-24 09:00:00,1729749600,213.0
2024-10-23 10:00:00,2024-10-24 10:00:00,1729753200,397.0
2024-10-23 11:00:00,2024-10-24 11:00:00,1729756800,549.0
2024-10-23 12:00:00,2024-10-24 12:00:00,1729760400,647.0
2024-10-23 13:00:00,2024-10-24 13:00:00,1729764000,680.0
2024-10-23 14:00:00,2024-10-24 14:00:00,1729767600,648.0
2024-10-23 15:00:00,2024-10-24 15:00:00,1729771200,558.0
2024-10-23 16:00:00,2024-10-24 16:00:00,1729774800,416.0
2024-10-23 17:00:00,2024-10-24 17:00:00,1729778400,237.0
2024-10-23 18:00:00,2024-10-24 18:00:00,1729782000,63.0
2024-10-23 19:00:00,2024-10-24 19:00:00,1729785600,0.0
2024-10-23 20:00:00,2024-10-24 20:00:00,1729789200,0.0
2024-10-23 21:00:00,2024-10-24 21:00:00,1729792800,0.0
2024-10-23 22:00:00,2024-10-24 22:00:00,1729796400,0.0
2024-10-23 23:00:00,2024-10-24 23:00:00,1729800000,0.0
2024-10-24 00:00:00,2024-10-25 00:00:00,1729803600,0.0
2024-10-24 01:00:00,2024-10-25 01:00:00,1729807200,0.0
2024-10-24 02:00:00,2024-10-25 02:00:00,1729810800,0.0
2024-10-24 03:00:00,2024-10-25 03:00:00,1729814400,0.0
2024-10-24 04:00:00,2024-10-25 04:00:00,1729818000,0.0
2024-10-24 05:00:00,2024-10-25 05:00:00,1729821600,0.0
2024-10-24 06:00:00,2024-10-25 06:00:00,1729825200,0.0
2024-10-24 07:00:00,2024-10-25 07:00:00,1729828800,0.0
2024-10-24 08:00:00,2024-10-25 08:00:00,1729832400,42.0
2024-10-24 09:00:00,2024-10-25 09:00:00,1729836000,206.0
2024-10-24 10:00:00,2024-10-25 10:00:00,1729839600,389.0
2024-10-24 11:00:00,2024-10-25 11:00:00,1729843200,541.0
2024-10-24 12:00:00,2024-10-25 12:00:00,1729846800,642.0
2024-10-24 13:00:00,2024-10-25 13:00:00,1729850400,677.0
2024-10-24 14:00:00,2024-10-25 14:00:00,1729854000,643.0
2024-10-24 15:00:00,2024-10-25 15:00:00,1729857600,538.0
2024-10-24 16:00:00,2024-10-25 16:00:00,1729861200,409.0
2024-10-24 17:00:00,2024-10-25 17:00:00,1729864800,230.0
2024-10-24 18:00:00,2024-10-25 18:00:00,1729868400,59.0
2024-10-24 19:00:00,2024-10-25 19:00:00,1729872000,0.0
2024-10-24 20:00:00,2024-10-25 20:00:00,1729875600,0.0
2024-10-24 21:00:00,2024-10-25 21:00:00,1729879200,0.0
2024-10-24 22:00:00,2024-10-25 22:00:00,1729882800,0.0
2024-10-24 23:00:00,2024-10-25 23:00:00,1729886400,0.0
2024-10-25 00:00:00,2024-10-26 00:00:00,1729890000,0.0
2024-10-25 01:00:00,2024-10-26 01:00:00,1729893600,0.0
2024-10-25 02:00:00,2024-10-26 02:00:00,1729897200,0.0
2024-10-25 03:00:00,2024-10-26 03:00:00,1729900800,0.0
2024-10-25 04:00:00,2024-10-26 04:00:00,1729904400,0.0
2024-10-25 05:00:00,2024-10-26 05:00:00,1729908000,0.0
2024-10-25 06:00:00,2024-10-26 06:00:00,1729911600,0.0
2024-10-25 07:00:00,2024-10-26 07:00:00,1729915200,0.0
2024-10-25 08:00:00,2024-10-26 08:00:00,1729918800,42.0
2024-10-25 09:00:00,2024-10-26 09:00:00,1729922400,208.0
2024-10-25 10:00:00,2024-10-26 10:00:00,1729926000,391.0
2024-10-25 11:00:00,2024-10-26 11:00:00,1729929600,541.0
2024-10-25 12:00:00,2024-10-26 12:00:00,1729933200,640.0
2024-10-25 13:00:00,2024-10-26 13:00:00,1729936800,675.0
2024-10-25 14:00:00,2024-10-26 14:00:00,1729940400,645.0
2024-10-25 15:00:00,2024-10-26 15:00:00,1729944000,552.0
2024-10-25 16:00:00,2024-10-26 16:00:00,1729947600,414.0
2024-10-25 17:00:00,2024-10-26 17:00:00,1729951200,232.0
2024-10-25 18:00:00,2024-10-26 18:00:00,1729954800,58.0
2024-10-25 19:00:00,2024-10-26 19:00:00,1729958400,0.0
2024-10-25 20:00:00,2024-10-26 20:00:00,1729962000,0.0
2024-10-25 21:00:00,2024-10-26 21:00:00,1729965600,0.0
2024-10-25 22:00:00,2024-10-26 22:00:00,1729969200,0.0
2024-10-25 23:00:00,2024-10-26 23:00:00,1729972800,0.0
2024-10-26 00:00:00,2024-10-27 00:00:00,1729976400,0.0
2024-10-26 01:00:00,2024-10-27 01:00:00,1729980000,0.0
2024-10-26 02:00:00,2024-10-27 02:00:00,1729983600,0.0
2024-10-26 03:00:00,2024-10-27 03:00:00,1729987200,0.0
2024-10-26 04:00:00,2024-10-27 04:00:00,1729990800,0.0
2024-10-26 05:00:00,2024-10-27 05:00:00,1729994400,0.0
2024-10-26 06:00:00,2024-10-27 06:00:00,1729998000,0.0
2024-10-26 07:00:00,2024-10-27 07:00:00,1730001600,0.0
2024-10-26 08:00:00,2024-10-27 08:00:00,1730005200,41.0
2024-10-26 09:00:00,2024-10-27 09:00:00,1730008800,209.0
2024-10-26 10:00:00,2024-10-27 10:00:00,1730012400,395.0
2024-10-26 11:00:00,2024-10-27 11:00:00,1730016000,547.0
2024-10-26 12:00:00,2024-10-27 12:00:00,1730019600,644.0
2024-10-26 13:00:00,2024-10-27 13:00:00,1730023200,679.0
2024-10-26 14:00:00,2024-10-27 14:00:00,1730026800,650.0
2024-10-26 15:00:00,2024-10-27 15:00:00,1730030400,557.0
2024-10-26 16:00:00,2024-10-27 16:00:00,1730034000,409.0
2024-10-26 17:00:00,2024-10-27 17:00:00,1730037600,227.0
2024-10-26 18:00:00,2024-10-27 18:00:00,1730041200,55.0
2024-10-26 19:00:00,2024-10-27 19:00:00,1730044800,0.0
2024-10-26 20:00:00,2024-10-27 20:00:00,1730048400,0.0
2024-10-26 21:00:00,2024-10-27 21:00:00,1730052000,0.0
2024-10-26 22:00:00,2024-10-27 22:00:00,1730055600,0.0
2024-10-26 23:00:00,2024-10-27 23:00:00,1730059200,0.0
2024-10-27 00:00:00,2024-10-28 00:00:00,1730062800,0.0
2024-10-27 01:00:00,2024-10-28 01:00:00,1730066400,0.0
2024-10-27 02:00:00,2024-10-28 02:00:00,1730070000,0.0
2024-10-27 03:00:00,2024-10-28 03:00:00,1730073600,0.0
2024-10-27 04:00:00,2024-10-28 04:00:00,1730077200,0.0
2024-10-27 05:00:00,2024-10-28 05:00:00,1730080800,0.0
2024-10-27 06:00:00,2024-10-28 06:00:00,1730084400,0.0
2024-10-27 07:00:00,2024-10-28 07:00:00,1730088000,0.0
2024-10-27 08:00:00,2024-10-28 08:00:00,1730091600,39.0
2024-10-27 09:00:00,2024-10-28 09:00:00,1730095200,204.0
2024-10-27 10:00:00,2024-10-28 10:00:00,1730098800,388.0
2024-10-27 11:00:00,2024-10-28 11:00:00,1730102400,539.0
2024-10-27 12:00:00,2024-10-28 12:00:00,1730106000,636.0
2024-10-27 13:00:00,2024-10-28 13:00:00,1730109600,668.0
2024-10-27 14:00:00,2024-10-28 14:00:00,1730113200,636.0
2024-10-27 15:00:00,2024-10-28 15:00:00,1730116800,543.0
2024-10-27 16:00:00,2024-10-28 16:00:00,1730120400,404.0
2024-10-27 17:00:00,2024-10-28 17:00:00,1730124000,225.0
2024-10-27 18:00:00,2024-10-28 18:00:00,1730127600,53.0
2024-10-27 19:00:00,2024-10-28 19:00:00,1730131200,0.0
2024-10-27 20:00:00,2024-10-28 20:00:00,1730134800,0.0
2024-10-27 21:00:00,2024-10-28 21:00:00,1730138400,0.0
2024-10-27 22:00:00,2024-10-28 22:00:00,1730142000,0.0
2024-10-27 23:00:00,2024-10-28 23:00:00,1730145600,0.0
2024-10-28 00:00:00,2024-10-29 00:00:00,1730149200,0.0
2024-10-28 01:00:00,2024-10-29 01:00:00,1730152800,0.0
2024-10-28 02:00:00,2024-10-29 02:00:00,1730156400,0.0
2024-10-28 03:00:00,2024-10-29 03:00:00,1730160000,0.0
2024-10-28 04:00:00,2024-10-29 04:00:00,1730163600,0.0
2024-10-28 05:00:00,2024-10-29 05:00:00,1730167200,0.0
2024-10-28 06:00:00,2024-10-29 06:00:00,1730170800,0.0
2024-10-28 07:00:00,2024-10-29 07:00:00,1730174400,0.0
2024-10-28 08:00:00,2024-10-29 08:00:00,1730178000,36.0
2024-10-28 09:00:00,2024-10-29 09:00:00,1730181600,198.0
2024-10-28 10:00:00,2024-10-29 10:00:00,1730185200,379.0
2024-10-28 11:00:00,2024-10-29 11:00:00,1730188800,528.0
2024-10-28 12:00:00,2024-10-29 12:00:00,1730192400,624.0
2024-10-28 13:00:00,2024-10-29 13:00:00,1730196000,658.0
2024-10-28 14:00:00,2024-10-29 14:00:00,1730199600,621.0
2024-10-28 15:00:00,2024-10-29 15:00:00,1730203200,520.0
2024-10-28 16:00:00,2024-10-29 16:00:00,1730206800,385.0
2024-10-28 17:00:00,2024-10-29 17:00:00,1730210400,214.0
2024-10-28 18:00:00,2024-10-29 18:00:00,1730214000,50.0
2024-10-28 19:00:00,2024-10-29 19:00:00,1730217600,0.0
2024-10-28 20:00:00,2024-10-29 20:00:00,1730221200,0.0
2024-10-28 21:00:00,2024-10-29 21:00:00,1730224800,0.0
2024-10-28 22:00:00,2024-10-29 22:00:00,1730228400,0.0
2024-10-28 23:00:00,2024-10-29 23:00:00,1730232000,0.0
2024-10-29 00:00:00,2024-10-30 00:00:00,1730235600,0.0
2024-10-29 01:00:00,2024-10-30 01:00:00,1730239200,0.0
2024-10-29 02:00:00,2024-10-30 02:00:00,1730242800,0.0
2024-10-29 03:00:00,2024-10-30 03:00:00,1730246400,0.0
2024-10-29 04:00:00,2024-10-30 04:00:00,1730250000,0.0
2024-10-29 05:00:00,2024-10-30 05:00:00,1730253600,0.0
2024-10-29 06:00:00,2024-10-30 06:00:00,1730257200,0.0
2024-10-29 07:00:00,2024-10-30 07:00:00,1730260800,0.0
2024-10-29 08:00:00,2024-10-30 08:00:00,1730264400,35.0
2024-10-29 09:00:00,2024-10-30 09:00:00,1730268000,194.0
2024-10-29 10:00:00,2024-10-30 10:00:00,1730271600,375.0
2024-10-29 11:00:00,2024-10-30 11:00:00,1730275200,525.0
2024-10-29 12:00:00,2024-10-30 12:00:00,1730278800,622.0
2024-10-29 13:00:00,2024-10-30 13:00:00,1730282400,655.0
2024-10-29 14:00:00,2024-10-30 14:00:00,1730286000,616.0
2024-10-29 15:00:00,2024-10-30 15:00:00,1730289600,510.0
2024-10-29 16:00:00,2024-10-30 16:00:00,1730293200,393.0
2024-10-29 17:00:00,2024-10-30 17:00:00,1730296800,215.0
2024-10-29 18:00:00,2024-10-30 18:00:00,1730300400,48.0
2024-10-29 19:00:00,2024-10-30 19:00:00,1730304000,0.0
2024-10-29 20:00:00,2024-10-30 20:00:00,1730307600,0.0
2024-10-29 21:00:00,2024-10-30 21:00:00,1730311200,0.0
2024-10-29 22:00:00,2024-10-30 22:00:00,1730314800,0.0
2024-10-29 23:00:00,2024-10-30 23:00:00,1730318400,0.0
2024-10-30 00:00:00,2024-10-31 00:00:00,1730322000,0.0
2024-10-30 01:00:00,2024-10-31 01:00:00,1730325600,0.0
2024-10-30 02:00:00,2024-10-31 02:00:00,1730329200,0.0
2024-10-30 03:00:00,2024-10-31 03:00:00,1730332800,0.0
2024-10-30 04:00:00,2024-10-31 04:00:00,1730336400,0.0
2024-10-30 05:00:00,2024-10-31 05:00:00,1730340000,0.0
2024-10-30 06:00:00,2024-10-31 06:00:00,1730343600,0.0
2024-10-30 07:00:00,2024-10-31 07:00:00,1730347200,0.0
2024-10-30 08:00:00,2024-10-31 08:00:00,1730350800,33.0
2024-10-30 09:00:00,2024-10-31 09:00:00,1730354400,188.0
2024-10-30 10:00:00,2024-10-31 10:00:00,1730358000,361.0
2024-10-30 11:00:00,2024-10-31 11:00:00,1730361600,491.0
2024-10-30 12:00:00,2024-10-31 12:00:00,1730365200,597.0
2024-10-30 13:00:00,2024-10-31 13:00:00,1730368800,604.0
2024-10-30 14:00:00,2024-10-31 14:00:00,1730372400,524.0
2024-10-30 15:00:00,2024-10-31 15:00:00,1730376000,426.0
2024-10-30 16:00:00,2024-10-31 16:00:00,1730379600,346.0
2024-10-30 17:00:00,2024-10-31 17:00:00,1730383200,180.0
2024-10-30 18:00:00,2024-10-31 18:00:00,1730386800,37.0
2024-10-30 19:00:00,2024-10-31 19:00:00,1730390400,0.0
2024-10-30 20:00:00,2024-10-31 20:00:00,1730394000,0.0
2024-10-30 21:00:00,2024-10-31 21:00:00,1730397600,0.0
2024-10-30 22:00:00,2024-10-31 22:00:00,1730401200,0.0
2024-10-30 23:00:00,2024-10-31 23:00:00,1730404800,0.0
2024-10-31 00:00:00,2024-11-01 00:00:00,1730408400,0.0
2024-10-31 01:00:00,2024-11-01 01:00:00,1730412000,0.0
2024-10-31 02:00:00,2024-11-01 02:00:00,1730415600,0.0
2024-10-31 03:00:00,2024-11-01 03:00:00,1730419200,0.0
2024-10-31 04:00:00,2024-11-01 04:00:00,1730422800,0.0
2024-10-31 05:00:00,2024-11-01 05:00:00,1730426400,0.0
2024-10-31 06:00:00,2024-11-01 06:00:00,1730430000,0.0
2024-10-31 07:00:00,2024-11-01 07:00:00,1730433600,0.0
2024-10-31 08:00:00,2024-11-01 08:00:00,1730437200,23.0
2024-10-31 09:00:00,2024-11-01 09:00:00,1730440800,150.0
2024-10-31 10:00:00,2024-11-01 10:00:00,1730444400,354.0
2024-10-31 11:00:00,2024-11-01 11:00:00,1730448000,501.0
2024-10-31 12:00:00,2024-11-01 12:00:00,1730451600,571.0
2024-10-31 13:00:00,2024-11-01 13:00:00,1730455200,569.0
2024-10-31 14:00:00,2024-11-01 14:00:00,1730458800,382.0
2024-10-31 15:00:00,2024-11-01 15:00:00,1730462400,233.0
2024-10-31 16:00:00,2024-11-01 16:00:00,1730466000,324.0
2024-10-31 17:00:00,2024-11-01 17:00:00,1730469600,189.0
2024-10-31 18:00:00,2024-11-01 18:00:00,1730473200,39.0
2024-10-31 19:00:00,2024-11-01 19:00:00,1730476800,0.0
2024-10-31 20:00:00,2024-11-01 20:00:00,1730480400,0.0
2024-10-31 21:00:00,2024-11-01 21:00:00,1730484000,0.0
2024-10-31 22:00:00,2024-11-01 22:00:00,1730487600,0.0
2024-10-31 23:00:00,2024-11-01 23:00:00,1730491200,0.0
2024-11-01 00:00:00,2024-11-02 00:00:00,1730494800,0.0
2024-11-01 01:00:00,2024-11-02 01:00:00,1730498400,0.0
2024-11-01 02:00:00,2024-11-02 02:00:00,1730502000,0.0
2024-11-01 03:00:00,2024-11-02 03:00:00,1730505600,0.0
2024-11-01 04:00:00,2024-11-02 04:00:00,1730509200,0.0
2024-11-01 05:00:00,2024-11-02 05:00:00,1730512800,0.0
2024-11-01 06:00:00,2024-11-02 06:00:00,1730516400,0.0
2024-11-01 07:00:00,2024-11-02 07:00:00,1730520000,0.0
2024-11-01 08:00:00,2024-11-02 08:00:00,1730523600,29.0
2024-11-01 09:00:00,2024-11-02 09:00:00,1730527200,178.0
2024-11-01 10:00:00,2024-11-02 10:00:00,1730530800,334.0
2024-11-01 11:00:00,2024-11-02 11:00:00,1730534400,435.0
2024-11-01 12:00:00,2024-11-02 12:00:00,1730538000,558.0
2024-11-01 13:00:00,2024-11-02 13:00:00,1730541600,584.0
2024-11-01 14:00:00,2024-11-02 14:00:00,1730545200,415.0
2024-11-01 15:00:00,2024-11-02 15:00:00,1730548800,149.0
2024-11-01 16:00:00,2024-11-02 16:00:00,1730552400,291.0
2024-11-01 17:00:00,2024-11-02 17:00:00,1730556000,94.0
2024-11-01 18:00:00,2024-11-02 18:00:00,1730559600,38.0
2024-11-01 19:00:00,2024-11-02 19:00:00,1730563200,0.0
2024-11-01 20:00:00,2024-11-02 20:00:00,1730566800,0.0
2024-11-01 21:00:00,2024-11-02 21:00:00,1730570400,0.0
2024-11-01 22:00:00,2024-11-02 22:00:00,1730574000,0.0
2024-11-01 23:00:00,2024-11-02 23:00:00,1730577600,0.0
2024-11-02 00:00:00,2024-11-03 00:00:00,1730581200,0.0
2024-11-02 01:00:00,2024-11-03 01:00:00,1730584800,0.0
2024-11-02 02:00:00,2024-11-03 02:00:00,1730588400,0.0
2024-11-02 03:00:00,2024-11-03 03:00:00,1730592000,0.0
2024-11-02 04:00:00,2024-11-03 04:00:00,1730595600,0.0
2024-11-02 05:00:00,2024-11-03 05:00:00,1730599200,0.0
2024-11-02 06:00:00,2024-11-03 06:00:00,1730602800,0.0
2024-11-02 07:00:00,2024-11-03 07:00:00,1730606400,0.0
2024-11-02 08:00:00,2024-11-03 08:00:00,1730610000,21.0
2024-11-02 09:00:00,2024-11-03 09:00:00,1730613600,103.0
2024-11-02 10:00:00,2024-11-03 10:00:00,1730617200,320.0
2024-11-02 11:00:00,2024-11-03 11:00:00,1730620800,488.0
2024-11-02 12:00:00,2024-11-03 12:00:00,1730624400,563.0
2024-11-02 13:00:00,2024-11-03 13:00:00,1730628000,549.0
2024-11-02 14:00:00,2024-11-03 14:00:00,1730631600,454.0
2024-11-02 15:00:00,2024-11-03 15:00:00,1730635200,340.0
2024-11-02 16:00:00,2024-11-03 16:00:00,1730638800,336.0
2024-11-02 17:00:00,2024-11-03 17:00:00,1730642400,181.0
2024-11-02 18:00:00,2024-11-03 18:00:00,1730646000,37.0
2024-11-02 19:00:00,2024-11-03 19:00:00,1730649600,0.0
2024-11-02 20:00:00,2024-11-03 20:00:00,1730653200,0.0
2024-11-02 21:00:00,2024-11-03 21:00:00,1730656800,0.0
2024-11-02 22:00:00,2024-11-03 22:00:00,1730660400,0.0
2024-11-02 23:00:00,2024-11-03 23:00:00,1730664000,0.0
2024-11-03 00:00:00,2024-11-04 00:00:00,1730667600,0.0
2024-11-03 01:00:00,2024-11-04 01:00:00,1730671200,0.0
2024-11-03 02:00:00,2024-11-04 02:00:00,1730674800,0.0
2024-11-03 03:00:00,2024-11-04 03:00:00,1730678400,0.0
2024-11-03 04:00:00,2024-11-04 04:00:00,1730682000,0.0
2024-11-03 05:00:00,2024-11-04 05:00:00,1730685600,0.0
2024-11-03 06:00:00,2024-11-04 06:00:00,1730689200,0.0
2024-11-03 07:00:00,2024-11-04 07:00:00,1730692800,0.0
2024-11-03 08:00:00,2024-11-04 08:00:00,1730696400,26.0
2024-11-03 09:00:00,2024-11-04 09:00:00,1730700000,169.0
2024-11-03 10:00:00,2024-11-04 10:00:00,1730703600,345.0
2024-11-03 11:00:00,2024-11-04 11:00:00,1730707200,477.0
2024-11-03 12:00:00,2024-11-04 12:00:00,1730710800,573.0
2024-11-03 13:00:00,2024-11-04 13:00:00,1730714400,591.0
2024-11-03 14:00:00,2024-11-04 14:00:00,1730718000,570.0
2024-11-03 15:00:00,2024-11-04 15:00:00,1730721600,469.0
2024-11-03 16:00:00,2024-11-04 16:00:00,1730725200,339.0
2024-11-03 17:00:00,2024-11-04 17:00:00,1730728800,169.0
2024-11-03 18:00:00,2024-11-04 18:00:00,1730732400,28.0
2024-11-03 19:00:00,2024-11-04 19:00:00,1730736000,0.0
2024-11-03 20:00:00,2024-11-04 20:00:00,1730739600,0.0
2024-11-03 21:00:00,2024-11-04 21:00:00,1730743200,0.0
2024-11-03 22:00:00,2024-11-04 22:00:00,1730746800,0.0
2024-11-03 23:00:00,2024-11-04 23:00:00,1730750400,0.0
2024-11-04 00:00:00,2024-11-05 00:00:00,1730754000,0.0
2024-11-04 01:00:00,2024-11-05 01:00:00,1730757600,0.0
2024-11-04 02:00:00,2024-11-05 02:00:00,1730761200,0.0
2024-11-04 03:00:00,2024-11-05 03:00:00,1730764800,0.0
2024-11-04 04:00:00,2024-11-05 04:00:00,1730768400,0.0
2024-11-04 05:00:00,2024-11-05 05:00:00,1730772000,0.0
2024-11-04 06:00:00,2024-11-05 06:00:00,1730775600,0.0
2024-11-04 07:00:00,2024-11-05 07:00:00,1730779200,0.0
2024-11-04 08:00:00,2024-11-05 08:00:00,1730782800,24.0
2024-11-04 09:00:00,2024-11-05 09:00:00,1730786400,165.0
2024-11-04 10:00:00,2024-11-05 10:00:00,1730790000,331.0
2024-11-04 11:00:00,2024-11-05 11:00:00,1730793600,473.0
2024-11-04 12:00:00,2024-11-05 12:00:00,1730797200,555.0
2024-11-04 13:00:00,2024-11-05 13:00:00,1730800800,569.0
2024-11-04 14:00:00,2024-11-05 14:00:00,1730804400,537.0
2024-11-04 15:00:00,2024-11-05 15:00:00,1730808000,442.0
2024-11-04 16:00:00,2024-11-05 16:00:00,1730811600,318.0
2024-11-04 17:00:00,2024-11-05 17:00:00,1730815200,160.0
2024-11-04 18:00:00,2024-11-05 18:00:00,1730818800,31.0
2024-11-04 19:00:00,2024-11-05 19:00:00,1730822400,0.0
2024-11-04 20:00:00,2024-11-05 20:00:00,1730826000,0.0
2024-11-04 21:00:00,2024-11-05 21:00:00,1730829600,0.0
2024-11-04 22:00:00,2024-11-05 22:00:00,1730833200,0.0
2024-11-04 23:00:00,2024-11-05 23:00:00,1730836800,0.0
2024-11-05 00:00:00,2024-11-06 00:00:00,1730840400,0.0
2024-11-05 01:00:00,2024-11-06 01:00:00,1730844000,0.0
2024-11-05 02:00:00,2024-11-06 02:00:00,1730847600,0.0
2024-11-05 03:00:00,2024-11-06 03:00:00,1730851200,0.0
2024-11-05 04:00:00,2024-11-06 04:00:00,1730854800,0.0
2024-11-05 05:00:00,2024-11-06 05:00:00,1730858400,0.0
2024-11-05 06:00:00,2024-11-06 06:00:00,1730862000,0.0
2024-11-05 07:00:00,2024-11-06 07:00:00,1730865600,0.0
2024-11-05 08:00:00,2024-11-06 08:00:00,1730869200,23.0
2024-11-05 09:00:00,2024-11-06 09:00:00,1730872800,166.0
2024-11-05 10:00:00,2024-11-06 10:00:00,1730876400,340.0
2024-11-05 11:00:00,2024-11-06 11:00:00,1730880000,486.0
2024-11-05 12:00:00,2024-11-06 12:00:00,1730883600,578.0
2024-11-05 13:00:00,2024-11-06 13:00:00,1730887200,596.0
2024-11-05 14:00:00,2024-11-06 14:00:00,1730890800,570.0
2024-11-05 15:00:00,2024-11-06 15:00:00,1730894400,487.0
2024-11-05 16:00:00,2024-11-06 16:00:00,1730898000,351.0
2024-11-05 17:00:00,2024-11-06 17:00:00,1730901600,188.0
2024-11-05 18:00:00,2024-11-06 18:00:00,1730905200,35.0
2024-11-05 19:00:00,2024-11-06 19:00:00,1730908800,0.0
2024-11-05 20:00:00,2024-11-06 20:00:00,1730912400,0.0
2024-11-05 21:00:00,2024-11-06 21:00:00,1730916000,0.0
2024-11-05 22:00:00,2024-11-06 22:00:00,1730919600,0.0
2024-11-05 23:00:00,2024-11-06 23:00:00,1730923200,0.0
2024-11-06 00:00:00,2024-11-07 00:00:00,1730926800,0.0
2024-11-06 01:00:00,2024-11-07 01:00:00,1730930400,0.0
2024-11-06 02:00:00,2024-11-07 02:00:00,1730934000,0.0
2024-11-06 03:00:00,2024-11-07 03:00:00,1730937600,0.0
2024-11-06 04:00:00,2024-11-07 04:00:00,1730941200,0.0
2024-11-06 05:00:00,2024-11-07 05:00:00,1730944800,0.0
2024-11-06 06:00:00,2024-11-07 06:00:00,1730948400,0.0
2024-11-06 07:00:00,2024-11-07 07:00:00,1730952000,0.0
2024-11-06 08:00:00,2024-11-07 08:00:00,1730955600,23.0
2024-11-06 09:00:00,2024-11-07 09:00:00,1730959200,169.0
2024-11-06 10:00:00,2024-11-07 10:00:00,1730962800,345.0
2024-11-06 11:00:00,2024-11-07 11:00:00,1730966400,493.0
2024-11-06 12:00:00,2024-11-07 12:00:00,1730970000,590.0
2024-11-06 13:00:00,2024-11-07 13:00:00,1730973600,626.0
2024-11-06 14:00:00,2024-11-07 14:00:00,1730977200,597.0
2024-11-06 15:00:00,2024-11-07 15:00:00,1730980800,506.0
2024-11-06 16:00:00,2024-11-07 16:00:00,1730984400,365.0
2024-11-06 17:00:00,2024-11-07 17:00:00,1730988000,190.0
2024-11-06 18:00:00,2024-11-07 18:00:00,1730991600,34.0
2024-11-06 19:00:00,2024-11-07 19:00:00,1730995200,0.0
2024-11-06 20:00:00,2024-11-07 20:00:00,1730998800,0.0
2024-11-06 21:00:00,2024-11-07 21:00:00,1731002400,0.0
2024-11-06 22:00:00,2024-11-07 22:00:00,1731006000,0.0
2024-11-06 23:00:00,2024-11-07 23:00:00,1731009600,0.0
2024-11-07 00:00:00,2024-11-08 00:00:00,1731013200,0.0
2024-11-07 01:00:00,2024-11-08 01:00:00,1731016800,0.0
2024-11-07 02:00:00,2024-11-08 02:00:00,1731020400,0.0
2024-11-07 03:00:00,2024-11-08 03:00:00,1731024000,0.0
2024-11-07 04:00:00,2024-11-08 04:00:00,1731027600,0.0
2024-11-07 05:00:00,2024-11-08 05:00:00,1731031200,0.0
2024-11-07 06:00:00,2024-11-08 06:00:00,1731034800,0.0
2024-11-07 07:00:00,2024-11-08 07:00:00,1731038400,0.0
2024-11-07 08:00:00,2024-11-08 08:00:00,1731042000,22.0
2024-11-07 09:00:00,2024-11-08 09:00:00,1731045600,165.0
2024-11-07 10:00:00,2024-11-08 10:00:00,1731049200,340.0
2024-11-07 11:00:00,2024-11-08 11:00:00,1731052800,485.0
2024-11-07 12:00:00,2024-11-08 12:00:00,1731056400,581.0
2024-11-07 13:00:00,2024-11-08 13:00:00,1731060000,618.0
2024-11-07 14:00:00,2024-11-08 14:00:00,1731063600,585.0
2024-11-07 15:00:00,2024-11-08 15:00:00,1731067200,487.0
2024-11-07 16:00:00,2024-11-08 16:00:00,1731070800,347.0
2024-11-07 17:00:00,2024-11-08 17:00:00,1731074400,183.0
2024-11-07 18:00:00,2024-11-08 18:00:00,1731078000,32.0
2024-11-07 19:00:00,2024-11-08 19:00:00,1731081600,0.0
2024-11-07 20:00:00,2024-11-08 20:00:00,1731085200,0.0
2024-11-07 21:00:00,2024-11-08 21:00:00,1731088800,0.0
2024-11-07 22:00:00,2024-11-08 22:00:00,1731092400,0.0
2024-11-07 23:00:00,2024-11-08 23:00:00,1731096000,0.0
2024-11-08 00:00:00,2024-11-09 00:00:00,1731099600,0.0
2024-11-08 01:00:00,2024-11-09 01:00:00,1731103200,0.0
2024-11-08 02:00:00,2024-11-09 02:00:00,1731106800,0.0
2024-11-08 03:00:00,2024-11-09 03:00:00,1731110400,0.0
2024-11-08 04:00:00,2024-11-09 04:00:00,1731114000,0.0
2024-11-08 05:00:00,2024-11-09 05:00:00,1731117600,0.0
2024-11-08 06:00:00,2024-11-09 06:00:00,1731121200,0.0
2024-11-08 07:00:00,2024-11-09 07:00:00,1731124800,0.0
2024-11-08 08:00:00,2024-11-09 08:00:00,1731128400,19.0
2024-11-08 09:00:00,2024-11-09 09:00:00,1731132000,155.0
2024-11-08 10:00:00,2024-11-09 10:00:00,1731135600,305.0
2024-11-08 11:00:00,2024-11-09 11:00:00,1731139200,435.0
2024-11-08 12:00:00,2024-11-09 12:00:00,1731142800,446.0
2024-11-08 13:00:00,2024-11-09 13:00:00,1731146400,290.0
2024-11-08 14:00:00,2024-11-09 14:00:00,1731150000,462.0
2024-11-08 15:00:00,2024-11-09 15:00:00,1731153600,434.0
2024-11-08 16:00:00,2024-11-09 16:00:00,1731157200,106.0
2024-11-08 17:00:00,2024-11-09 17:00:00,1731160800,62.0
2024-11-08 18:00:00,2024-11-09 18:00:00,1731164400,11.0
2024-11-08 19:00:00,2024-11-09 19:00:00,1731168000,0.0
2024-11-08 20:00:00,2024-11-09 20:00:00,1731171600,0.0
2024-11-08 21:00:00,2024-11-09 21:00:00,1731175200,0.0
2024-11-08 22:00:00,2024-11-09 22:00:00,1731178800,0.0
2024-11-08 23:00:00,2024-11-09 23:00:00,1731182400,0.0
2024-11-09 00:00:00,2024-11-10 00:00:00,1731186000,0.0
2024-11-09 01:00:00,2024-11-10 01:00:00,1731189600,0.0
2024-11-09 02:00:00,2024-11-10 02:00:00,1731193200,0.0
2024-11-09 03:00:00,2024-11-10 03:00:00,1731196800,0.0
2024-11-09 04:00:00,2024-11-10 04:00:00,1731200400,0.0
2024-11-09 05:00:00,2024-11-10 05:00:00,1731204000,0.0
2024-11-09 06:00:00,2024-11-10 06:00:00,1731207600,0.0
2024-11-09 07:00:00,2024-11-10 07:00:00,1731211200,0.0
2024-11-09 08:00:00,2024-11-10 08:00:00,1731214800,15.0
2024-11-09 09:00:00,2024-11-10 09:00:00,1731218400,122.0
2024-11-09 10:00:00,2024-11-10 10:00:00,1731222000,263.0
2024-11-09 11:00:00,2024-11-10 11:00:00,1731225600,356.0
2024-11-09 12:00:00,2024-11-10 12:00:00,1731229200,489.0
2024-11-09 13:00:00,2024-11-10 13:00:00,1731232800,418.0
2024-11-09 14:00:00,2024-11-10 14:00:00,1731236400,253.0
2024-11-09 15:00:00,2024-11-10 15:00:00,1731240000,322.0
2024-11-09 16:00:00,2024-11-10 16:00:00,1731243600,313.0
2024-11-09 17:00:00,2024-11-10 17:00:00,1731247200,119.0
2024-11-09 18:00:00,2024-11-10 18:00:00,1731250800,24.0
2024-11-09 19:00:00,2024-11-10 19:00:00,1731254400,0.0
2024-11-09 20:00:00,2024-11-10 20:00:00,1731258000,0.0
2024-11-09 21:00:00,2024-11-10 21:00:00,1731261600,0.0
2024-11-09 22:00:00,2024-11-10 22:00:00,1731265200,0.0
2024-11-09 23:00:00,2024-11-10 23:00:00,1731268800,0.0
2024-11-10 00:00:00,2024-11-11 00:00:00,1731272400,0.0
2024-11-10 01:00:00,2024-11-11 01:00:00,1731276000,0.0
2024-11-10 02:00:00,2024-11-11 02:00:00,1731279600,0.0
2024-11-10 03:00:00,2024-11-11 03:00:00,1731283200,0.0
2024-11-10 04:00:00,2024-11-11 04:00:00,1731286800,0.0
2024-11-10 05:00:00,2024-11-11 05:00:00,1731290400,0.0
2024-11-10 06:00:00,2024-11-11 06:00:00,1731294000,0.0
2024-11-10 07:00:00,2024-11-11 07:00:00,1731297600,0.0
2024-11-10 08:00:00,2024-11-11 08:00:00,1731301200,17.0
2024-11-10 09:00:00,2024-11-11 09:00:00,1731304800,147.0
2024-11-10 10:00:00,2024-11-11 10:00:00,1731308400,315.0
2024-11-10 11:00:00,2024-11-11 11:00:00,1731312000,460.0
2024-11-10 12:00:00,2024-11-11 12:00:00,1731315600,557.0
2024-11-10 13:00:00,2024-11-11 13:00:00,1731319200,593.0
2024-11-10 14:00:00,2024-11-11 14:00:00,1731322800,564.0
2024-11-10 15:00:00,2024-11-11 15:00:00,1731326400,474.0
2024-11-10 16:00:00,2024-11-11 16:00:00,1731330000,320.0
2024-11-10 17:00:00,2024-11-11 17:00:00,1731333600,169.0
2024-11-10 18:00:00,2024-11-11 18:00:00,1731337200,27.0
2024-11-10 19:00:00,2024-11-11 19:00:00,1731340800,0.0
2024-11-10 20:00:00,2024-11-11 20:00:00,1731344400,0.0
2024-11-10 21:00:00,2024-11-11 21:00:00,1731348000,0.0
2024-11-10 22:00:00,2024-11-11 22:00:00,1731351600,0.0
2024-11-10 23:00:00,2024-11-11 23:00:00,1731355200,0.0
2024-11-11 00:00:00,2024-11-12 00:00:00,1731358800,0.0
2024-11-11 01:00:00,2024-11-12 01:00:00,1731362400,0.0
2024-11-11 02:00:00,2024-11-12 02:00:00,1731366000,0.0
2024-11-11 03:00:00,2024-11-12 03:00:00,1731369600,0.0
2024-11-11 04:00:00,2024-11-12 04:00:00,1731373200,0.0
2024-11-11 05:00:00,2024-11-12 05:00:00,1731376800,0.0
2024-11-11 06:00:00,2024-11-12 06:00:00,1731380400,0.0
2024-11-11 07:00:00,2024-11-12 07:00:00,1731384000,0.0
2024-11-11 08:00:00,2024-11-12 08:00:00,1731387600,14.0
2024-11-11 09:00:00,2024-11-12 09:00:00,1731391200,128.0
2024-11-11 10:00:00,2024-11-12 10:00:00,1731394800,290.0
2024-11-11 11:00:00,2024-11-12 11:00:00,1731398400,448.0
2024-11-11 12:00:00,2024-11-12 12:00:00,1731402000,534.0
2024-11-11 13:00:00,2024-11-12 13:00:00,1731405600,563.0
2024-11-11 14:00:00,2024-11-12 14:00:00,1731409200,512.0
2024-11-11 15:00:00,2024-11-12 15:00:00,1731412800,440.0
2024-11-11 16:00:00,2024-11-12 16:00:00,1731416400,320.0
2024-11-11 17:00:00,2024-11-12 17:00:00,1731420000,161.0
2024-11-11 18:00:00,2024-11-12 18:00:00,1731423600,26.0
2024-11-11 19:00:00,2024-11-12 19:00:00,1731427200,0.0
2024-11-11 20:00:00,2024-11-12 20:00:00,1731430800,0.0
2024-11-11 21:00:00,2024-11-12 21:00:00,1731434400,0.0
2024-11-11 22:00:00,2024-11-12 22:00:00,1731438000,0.0
2024-11-11 23:00:00,2024-11-12 23:00:00,1731441600,0.0
2024-11-12 00:00:00,2024-11-13 00:00:00,1731445200,0.0
2024-11-12 01:00:00,2024-11-13 01:00:00,1731448800,0.0
2024-11-12 02:00:00,2024-11-13 02:00:00,1731452400,0.0
2024-11-12 03:00:00,2024-11-13 03:00:00,1731456000,0.0
2024-11-12 04:00:00,2024-11-13 04:00:00,1731459600,0.0
2024-11-12 05:00:00,2024-11-13 05:00:00,1731463200,0.0
2024-11-12 06:00:00,2024-11-13 06:00:00,1731466800,0.0
2024-11-12 07:00:00,2024-11-13 07:00:00,1731470400,0.0
2024-11-12 08:00:00,2024-11-13 08:00:00,1731474000,16.0
2024-11-12 09:00:00,2024-11-13 09:00:00,1731477600,147.0
2024-11-12 10:00:00,2024-11-13 10:00:00,1731481200,317.0
2024-11-12 11:00:00,2024-11-13 11:00:00,1731484800,461.0
2024-11-12 12:00:00,2024-11-13 12:00:00,1731488400,557.0
2024-11-12 13:00:00,2024-11-13 13:00:00,1731492000,595.0
2024-11-12 14:00:00,2024-11-13 14:00:00,1731495600,568.0
2024-11-12 15:00:00,2024-11-13 15:00:00,1731499200,481.0
2024-11-12 16:00:00,2024-11-13 16:00:00,1731502800,335.0
2024-11-12 17:00:00,2024-11-13 17:00:00,1731506400,167.0
2024-11-12 18:00:00,2024-11-13 18:00:00,1731510000,25.0
2024-11-12 19:00:00,2024-11-13 19:00:00,1731513600,0.0
2024-11-12 20:00:00,2024-11-13 20:00:00,1731517200,0.0
2024-11-12 21:00:00,2024-11-13 21:00:00,1731520800,0.0
2024-11-12 22:00:00,2024-11-13 22:00:00,1731524400,0.0
2024-11-12 23:00:00,2024-11-13 23:00:00,1731528000,0.0
2024-11-13 00:00:00,2024-11-14 00:00:00,1731531600,0.0
2024-11-13 01:00:00,2024-11-14 01:00:00,1731535200,0.0
2024-11-13 02:00:00,2024-11-14 02:00:00,1731538800,0.0
2024-11-13 03:00:00,2024-11-14 03:00:00,1731542400,0.0
2024-11-13 04:00:00,2024-11-14 04:00:00,1731546000,0.0
2024-11-13 05:00:00,2024-11-14 05:00:00,1731549600,0.0
2024-11-13 06:00:00,2024-11-14 06:00:00,1731553200,0.0
2024-11-13 07:00:00,2024-11-14 07:00:00,1731556800,0.0
2024-11-13 08:00:00,2024-11-14 08:00:00,1731560400,14.0
2024-11-13 09:00:00,2024-11-14 09:00:00,1731564000,142.0
2024-11-13 10:00:00,2024-11-14 10:00:00,1731567600,267.0
2024-11-13 11:00:00,2024-11-14 11:00:00,1731571200,392.0
2024-11-13 12:00:00,2024-11-14 12:00:00,1731574800,487.0
2024-11-13 13:00:00,2024-11-14 13:00:00,1731578400,532.0
2024-11-13 14:00:00,2024-11-14 14:00:00,1731582000,530.0
2024-11-13 15:00:00,2024-11-14 15:00:00,1731585600,472.0
2024-11-13 16:00:00,2024-11-14 16:00:00,1731589200,316.0
2024-11-13 17:00:00,2024-11-14 17:00:00,1731592800,159.0
2024-11-13 18:00:00,2024-11-14 18:00:00,1731596400,24.0
2024-11-13 19:00:00,2024-11-14 19:00:00,1731600000,0.0
2024-11-13 20:00:00,2024-11-14 20:00:00,1731603600,0.0
2024-11-13 21:00:00,2024-11-14 21:00:00,1731607200,0.0
2024-11-13 22:00:00,2024-11-14 22:00:00,1731610800,0.0
2024-11-13 23:00:00,2024-11-14 23:00:00,1731614400,0.0
2024-11-14 00:00:00,2024-11-15 00:00:00,1731618000,0.0
2024-11-14 01:00:00,2024-11-15 01:00:00,1731621600,0.0
2024-11-14 02:00:00,2024-11-15 02:00:00,1731625200,0.0
2024-11-14 03:00:00,2024-11-15 03:00:00,1731628800,0.0
2024-11-14 04:00:00,2024-11-15 04:00:00,1731632400,0.0
2024-11-14 05:00:00,2024-11-15 05:00:00,1731636000,0.0
2024-11-14 06:00:00,2024-11-15 06:00:00,1731639600,0.0
2024-11-14 07:00:00,2024-11-15 07:00:00,1731643200,0.0
2024-11-14 08:00:00,2024-11-15 08:00:00,1731646800,13.0
2024-11-14 09:00:00,2024-11-15 09:00:00,1731650400,129.0
2024-11-14 10:00:00,2024-11-15 10:00:00,1731654000,289.0
2024-11-14 11:00:00,2024-11-15 11:00:00,1731657600,426.0
2024-11-14 12:00:00,2024-11-15 12:00:00,1731661200,504.0
2024-11-14 13:00:00,2024-11-15 13:00:00,1731664800,464.0
2024-11-14 14:00:00,2024-11-15 14:00:00,1731668400,487.0
2024-11-14 15:00:00,2024-11-15 15:00:00,1731672000,408.0
2024-11-14 16:00:00,2024-11-15 16:00:00,1731675600,318.0
2024-11-14 17:00:00,2024-11-15 17:00:00,1731679200,149.0
2024-11-14 18:00:00,2024-11-15 18:00:00,1731682800,20.0
2024-11-14 19:00:00,2024-11-15 19:00:00,1731686400,0.0
2024-11-14 20:00:00,2024-11-15 20:00:00,1731690000,0.0
2024-11-14 21:00:00,2024-11-15 21:00:00,1731693600,0.0
2024-11-14 22:00:00,2024-11-15 22:00:00,1731697200,0.0
2024-11-14 23:00:00,2024-11-15 23:00:00,1731700800,0.0
2024-11-15 00:00:00,2024-11-16 00:00:00,1731704400,0.0
2024-11-15 01:00:00,2024-11-16 01:00:00,1731708000,0.0
2024-11-15 02:00:00,2024-11-16 02:00:00,1731711600,0.0
2024-11-15 03:00:00,2024-11-16 03:00:00,1731715200,0.0
2024-11-15 04:00:00,2024-11-16 04:00:00,1731718800,0.0
2024-11-15 05:00:00,2024-11-16 05:00:00,1731722400,0.0
2024-11-15 06:00:00,2024-11-16 06:00:00,1731726000,0.0
2024-11-15 07:00:00,2024-11-16 07:00:00,1731729600,0.0
2024-11-15 08:00:00,2024-11-16 08:00:00,1731733200,11.0
2024-11-15 09:00:00,2024-11-16 09:00:00,1731736800,99.0
2024-11-15 10:00:00,2024-11-16 10:00:00,1731740400,284.0
2024-11-15 11:00:00,2024-11-16 11:00:00,1731744000,404.0
2024-11-15 12:00:00,2024-11-16 12:00:00,1731747600,437.0
2024-11-15 13:00:00,2024-11-16 13:00:00,1731751200,538.0
2024-11-15 14:00:00,2024-11-16 14:00:00,1731754800,510.0
2024-11-15 15:00:00,2024-11-16 15:00:00,1731758400,443.0
2024-11-15 16:00:00,2024-11-16 16:00:00,1731762000,321.0
2024-11-15 17:00:00,2024-11-16 17:00:00,1731765600,148.0
2024-11-15 18:00:00,2024-11-16 18:00:00,1731769200,19.0
2024-11-15 19:00:00,2024-11-16 19:00:00,1731772800,0.0
2024-11-15 20:00:00,2024-11-16 20:00:00,1731776400,0.0
2024-11-15 21:00:00,2024-11-16 21:00:00,1731780000,0.0
2024-11-15 22:00:00,2024-11-16 22:00:00,1731783600,0.0
2024-11-15 23:00:00,2024-11-16 23:00:00,1731787200,0.0
2024-11-16 00:00:00,2024-11-17 00:00:00,1731790800,0.0
2024-11-16 01:00:00,2024-11-17 01:00:00,1731794400,0.0
2024-11-16 02:00:00,2024-11-17 02:00:00,1731798000,0.0
2024-11-16 03:00:00,2024-11-17 03:00:00,1731801600,0.0
2024-11-16 04:00:00,2024-11-17 04:00:00,1731805200,0.0
2024-11-16 05:00:00,2024-11-17 05:00:00,1731808800,0.0
2024-11-16 06:00:00,2024-11-17 06:00:00,1731812400,0.0
2024-11-16 07:00:00,2024-11-17 07:00:00,1731816000,0.0
2024-11-16 08:00:00,2024-11-17 08:00:00,1731819600,6.0
2024-11-16 09:00:00,2024-11-17 09:00:00,1731823200,99.0
2024-11-16 10:00:00,2024-11-17 10:00:00,1731826800,275.0
2024-11-16 11:00:00,2024-11-17 11:00:00,1731830400,300.0
2024-11-16 12:00:00,2024-11-17 12:00:00,1731834000,392.0
2024-11-16 13:00:00,2024-11-17 13:00:00,1731837600,476.0
2024-11-16 14:00:00,2024-11-17 14:00:00,1731841200,452.0
2024-11-16 15:00:00,2024-11-17 15:00:00,1731844800,294.0
2024-11-16 16:00:00,2024-11-17 16:00:00,1731848400,303.0
2024-11-16 17:00:00,2024-11-17 17:00:00,1731852000,159.0
2024-11-16 18:00:00,2024-11-17 18:00:00,1731855600,16.0
2024-11-16 19:00:00,2024-11-17 19:00:00,1731859200,0.0
2024-11-16 20:00:00,2024-11-17 20:00:00,1731862800,0.0
2024-11-16 21:00:00,2024-11-17 21:00:00,1731866400,0.0
2024-11-16 22:00:00,2024-11-17 22:00:00,1731870000,0.0
2024-11-16 23:00:00,2024-11-17 23:00:00,1731873600,0.0
2024-11-17 00:00:00,2024-11-18 00:00:00,1731877200,0.0
2024-11-17 01:00:00,2024-11-18 01:00:00,1731880800,0.0
2024-11-17 02:00:00,2024-11-18 02:00:00,1731884400,0.0
2024-11-17 03:00:00,2024-11-18 03:00:00,1731888000,0.0
2024-11-17 04:00:00,2024-11-18 04:00:00,1731891600,0.0
2024-11-17 05:00:00,2024-11-18 05:00:00,1731895200,0.0
2024-11-17 06:00:00,2024-11-18 06:00:00,1731898800,0.0
2024-11-17 07:00:00,2024-11-18 07:00:00,1731902400,0.0
2024-11-17 08:00:00,2024-11-18 08:00:00,1731906000,6.0
2024-11-17 09:00:00,2024-11-18 09:00:00,1731909600,81.0
2024-11-17 10:00:00,2024-11-18 10:00:00,1731913200,258.0
2024-11-17 11:00:00,2024-11-18 11:00:00,1731916800,255.0
2024-11-17 12:00:00,2024-11-18 12:00:00,1731920400,475.0
2024-11-17 13:00:00,2024-11-18 13:00:00,1731924000,434.0
2024-11-17 14:00:00,2024-11-18 14:00:00,1731927600,483.0
2024-11-17 15:00:00,2024-11-18 15:00:00,1731931200,364.0
2024-11-17 16:00:00,2024-11-18 16:00:00,1731934800,208.0
2024-11-17 17:00:00,2024-11-18 17:00:00,1731938400,136.0
2024-11-17 18:00:00,2024-11-18 18:00:00,1731942000,16.0
2024-11-17 19:00:00,2024-11-18 19:00:00,1731945600,0.0
2024-11-17 20:00:00,2024-11-18 20:00:00,1731949200,0.0
2024-11-17 21:00:00,2024-11-18 21:00:00,1731952800,0.0
2024-11-17 22:00:00,2024-11-18 22:00:00,1731956400,0.0
2024-11-17 23:00:00,2024-11-18 23:00:00,1731960000,0.0
2024-11-18 00:00:00,2024-11-19 00:00:00,1731963600,0.0
2024-11-18 01:00:00,2024-11-19 01:00:00,1731967200,0.0
2024-11-18 02:00:00,2024-11-19 02:00:00,1731970800,0.0
2024-11-18 03:00:00,2024-11-19 03:00:00,1731974400,0.0
2024-11-18 04:00:00,2024-11-19 04:00:00,1731978000,0.0
2024-11-18 05:00:00,2024-11-19 05:00:00,1731981600,0.0
2024-11-18 06:00:00,2024-11-19 06:00:00,1731985200,0.0
2024-11-18 07:00:00,2024-11-19 07:00:00,1731988800,0.0
2024-11-18 08:00:00,2024-11-19 08:00:00,1731992400,9.0
2024-11-18 09:00:00,2024-11-19 09:00:00,1731996000,114.0
2024-11-18 10:00:00,2024-11-19 10:00:00,1731999600,263.0
2024-11-18 11:00:00,2024-11-19 11:00:00,1732003200,399.0
2024-11-18 12:00:00,2024-11-19 12:00:00,1732006800,467.0
2024-11-18 13:00:00,2024-11-19 13:00:00,1732010400,522.0
2024-11-18 14:00:00,2024-11-19 14:00:00,1732014000,513.0
2024-11-18 15:00:00,2024-11-19 15:00:00,1732017600,436.0
2024-11-18 16:00:00,2024-11-19 16:00:00,1732021200,264.0
2024-11-18 17:00:00,2024-11-19 17:00:00,1732024800,149.0
2024-11-18 18:00:00,2024-11-19 18:00:00,1732028400,20.0
2024-11-18 19:00:00,2024-11-19 19:00:00,1732032000,0.0
2024-11-18 20:00:00,2024-11-19 20:00:00,1732035600,0.0
2024-11-18 21:00:00,2024-11-19 21:00:00,1732039200,0.0
2024-11-18 22:00:00,2024-11-19 22:00:00,1732042800,0.0
2024-11-18 23:00:00,2024-11-19 23:00:00,1732046400,0.0
2024-11-19 00:00:00,2024-11-20 00:00:00,1732050000,0.0
2024-11-19 01:00:00,2024-11-20 01:00:00,1732053600,0.0
2024-11-19 02:00:00,2024-11-20 02:00:00,1732057200,0.0
2024-11-19 03:00:00,2024-11-20 03:00:00,1732060800,0.0
2024-11-19 04:00:00,2024-11-20 04:00:00,1732064400,0.0
2024-11-19 05:00:00,2024-11-20 05:00:00,1732068000,0.0
2024-11-19 06:00:00,2024-11-20 06:00:00,1732071600,0.0
2024-11-19 07:00:00,2024-11-20 07:00:00,1732075200,0.0
2024-11-19 08:00:00,2024-11-20 08:00:00,1732078800,8.0
2024-11-19 09:00:00,2024-11-20 09:00:00,1732082400,108.0
2024-11-19 10:00:00,2024-11-20 10:00:00,1732086000,245.0
2024-11-19 11:00:00,2024-11-20 11:00:00,1732089600,417.0
2024-11-19 12:00:00,2024-11-20 12:00:00,1732093200,479.0
2024-11-19 13:00:00,2024-11-20 13:00:00,1732096800,501.0
2024-11-19 14:00:00,2024-11-20 14:00:00,1732100400,440.0
2024-11-19 15:00:00,2024-11-20 15:00:00,1732104000,385.0
2024-11-19 16:00:00,2024-11-20 16:00:00,1732107600,285.0
2024-11-19 17:00:00,2024-11-20 17:00:00,1732111200,137.0
2024-11-19 18:00:00,2024-11-20 18:00:00,1732114800,15.0
2024-11-19 19:00:00,2024-11-20 19:00:00,1732118400,0.0
2024-11-19 20:00:00,2024-11-20 20:00:00,1732122000,0.0
2024-11-19 21:00:00,2024-11-20 21:00:00,1732125600,0.0
2024-11-19 22:00:00,2024-11-20 22:00:00,1732129200,0.0
2024-11-19 23:00:00,2024-11-20 23:00:00,1732132800,0.0
2024-11-20 00:00:00,2024-11-21 00:00:00,1732136400,0.0
2024-11-20 01:00:00,2024-11-21 01:00:00,1732140000,0.0
2024-11-20 02:00:00,2024-11-21 02:00:00,1732143600,0.0
2024-11-20 03:00:00,2024-11-21 03:00:00,1732147200,0.0
2024-11-20 04:00:00,2024-11-21 04:00:00,1732150800,0.0
2024-11-20 05:00:00,2024-11-21 05:00:00,1732154400,0.0
2024-11-20 06:00:00,2024-11-21 06:00:00,1732158000,0.0
2024-11-20 07:00:00,2024-11-21 07:00:00,1732161600,0.0
2024-11-20 08:00:00,2024-11-21 08:00:00,1732165200,7.0
2024-11-20 09:00:00,2024-11-21 09:00:00,1732168800,93.0
2024-11-20 10:00:00,2024-11-21 10:00:00,1732172400,242.0
2024-11-20 11:00:00,2024-11-21 11:00:00,1732176000,366.0
2024-11-20 12:00:00,2024-11-21 12:00:00,1732179600,467.0
2024-11-20 13:00:00,2024-11-21 13:00:00,1732183200,490.0
2024-11-20 14:00:00,2024-11-21 14:00:00,1732186800,509.0
2024-11-20 15:00:00,2024-11-21 15:00:00,1732190400,338.0
2024-11-20 16:00:00,2024-11-21 16:00:00,1732194000,266.0
2024-11-20 17:00:00,2024-11-21 17:00:00,1732197600,134.0
2024-11-20 18:00:00,2024-11-21 18:00:00,1732201200,18.0
2024-11-20 19:00:00,2024-11-21 19:00:00,1732204800,0.0
2024-11-20 20:00:00,2024-11-21 20:00:00,1732208400,0.0
2024-11-20 21:00:00,2024-11-21 21:00:00,1732212000,0.0
2024-11-20 22:00:00,2024-11-21 22:00:00,1732215600,0.0
2024-11-20 23:00:00,2024-11-21 23:00:00,1732219200,0.0
2024-11-21 00:00:00,2024-11-22 00:00:00,1732222800,0.0
2024-11-21 01:00:00,2024-11-22 01:00:00,1732226400,0.0
2024-11-21 02:00:00,2024-11-22 02:00:00,1732230000,0.0
2024-11-21 03:00:00,2024-11-22 03:00:00,1732233600,0.0
2024-11-21 04:00:00,2024-11-22 04:00:00,1732237200,0.0
2024-11-21 05:00:00,2024-11-22 05:00:00,1732240800,0.0
2024-11-21 06:00:00,2024-11-22 06:00:00,1732244400,0.0
2024-11-21 07:00:00,2024-11-22 07:00:00,1732248000,0.0
2024-11-21 08:00:00,2024-11-22 08:00:00,1732251600,6.0
2024-11-21 09:00:00,2024-11-22 09:00:00,1732255200,79.0
2024-11-21 10:00:00,2024-11-22 10:00:00,1732258800,62.0
2024-11-21 11:00:00,2024-11-22 11:00:00,1732262400,50.0
2024-11-21 12:00:00,2024-11-22 12:00:00,1732266000,319.0
2024-11-21 13:00:00,2024-11-22 13:00:00,1732269600,513.0
2024-11-21 14:00:00,2024-11-22 14:00:00,1732273200,468.0
2024-11-21 15:00:00,2024-11-22 15:00:00,1732276800,419.0
2024-11-21 16:00:00,2024-11-22 16:00:00,1732280400,222.0
2024-11-21 17:00:00,2024-11-22 17:00:00,1732284000,81.0
2024-11-21 18:00:00,2024-11-22 18:00:00,1732287600,16.0
2024-11-21 19:00:00,2024-11-22 19:00:00,1732291200,0.0
2024-11-21 20:00:00,2024-11-22 20:00:00,1732294800,0.0
2024-11-21 21:00:00,2024-11-22 21:00:00,1732298400,0.0
2024-11-21 22:00:00,2024-11-22 22:00:00,1732302000,0.0
2024-11-21 23:00:00,2024-11-22 23:00:00,1732305600,0.0
2024-11-22 00:00:00,2024-11-23 00:00:00,1732309200,0.0
2024-11-22 01:00:00,2024-11-23 01:00:00,1732312800,0.0
2024-11-22 02:00:00,2024-11-23 02:00:00,1732316400,0.0
2024-11-22 03:00:00,2024-11-23 03:00:00,1732320000,0.0
2024-11-22 04:00:00,2024-11-23 04:00:00,1732323600,0.0
2024-11-22 05:00:00,2024-11-23 05:00:00,1732327200,0.0
2024-11-22 06:00:00,2024-11-23 06:00:00,1732330800,0.0
2024-11-22 07:00:00,2024-11-23 07:00:00,1732334400,0.0
2024-11-22 08:00:00,2024-11-23 08:00:00,1732338000,7.0
2024-11-22 09:00:00,2024-11-23 09:00:00,1732341600,113.0
2024-11-22 10:00:00,2024-11-23 10:00:00,1732345200,276.0
2024-11-22 11:00:00,2024-11-23 11:00:00,1732348800,416.0
2024-11-22 12:00:00,2024-11-23 12:00:00,1732352400,508.0
2024-11-22 13:00:00,2024-11-23 13:00:00,1732356000,548.0
2024-11-22 14:00:00,2024-11-23 14:00:00,1732359600,527.0
2024-11-22 15:00:00,2024-11-23 15:00:00,1732363200,445.0
2024-11-22 16:00:00,2024-11-23 16:00:00,1732366800,305.0
2024-11-22 17:00:00,2024-11-23 17:00:00,1732370400,148.0
2024-11-22 18:00:00,2024-11-23 18:00:00,1732374000,18.0
2024-11-22 19:00:00,2024-11-23 19:00:00,1732377600,0.0
2024-11-22 20:00:00,2024-11-23 20:00:00,1732381200,0.0
2024-11-22 21:00:00,2024-11-23 21:00:00,1732384800,0.0
2024-11-22 22:00:00,2024-11-23 22:00:00,1732388400,0.0
2024-11-22 23:00:00,2024-11-23 23:00:00,1732392000,0.0
2024-11-23 00:00:00,2024-11-24 00:00:00,1732395600,0.0
2024-11-23 01:00:00,2024-11-24 01:00:00,1732399200,0.0
2024-11-23 02:00:00,2024-11-24 02:00:00,1732402800,0.0
2024-11-23 03:00:00,2024-11-24 03:00:00,1732406400,0.0
2024-11-23 04:00:00,2024-11-24 04:00:00,1732410000,0.0
2024-11-23 05:00:00,2024-11-24 05:00:00,1732413600,0.0
2024-11-23 06:00:00,2024-11-24 06:00:00,1732417200,0.0
2024-11-23 07:00:00,2024-11-24 07:00:00,1732420800,0.0
2024-11-23 08:00:00,2024-11-24 08:00:00,1732424400,3.0
2024-11-23 09:00:00,2024-11-24 09:00:00,1732428000,55.0
2024-11-23 10:00:00,2024-11-24 10:00:00,1732431600,259.0
2024-11-23 11:00:00,2024-11-24 11:00:00,1732435200,429.0
2024-11-23 12:00:00,2024-11-24 12:00:00,1732438800,541.0
2024-11-23 13:00:00,2024-11-24 13:00:00,1732442400,579.0
2024-11-23 14:00:00,2024-11-24 14:00:00,1732446000,508.0
2024-11-23 15:00:00,2024-11-24 15:00:00,1732449600,426.0
2024-11-23 16:00:00,2024-11-24 16:00:00,1732453200,293.0
2024-11-23 17:00:00,2024-11-24 17:00:00,1732456800,147.0
2024-11-23 18:00:00,2024-11-24 18:00:00,1732460400,19.0
2024-11-23 19:00:00,2024-11-24 19:00:00,1732464000,0.0
2024-11-23 20:00:00,2024-11-24 20:00:00,1732467600,0.0
2024-11-23 21:00:00,2024-11-24 21:00:00,1732471200,0.0
2024-11-23 22:00:00,2024-11-24 22:00:00,1732474800,0.0
2024-11-23 23:00:00,2024-11-24 23:00:00,1732478400,0.0
2024-11-24 00:00:00,2024-11-25 00:00:00,1732482000,0.0
2024-11-24 01:00:00,2024-11-25 01:00:00,1732485600,0.0
2024-11-24 02:00:00,2024-11-25 02:00:00,1732489200,0.0
2024-11-24 03:00:00,2024-11-25 03:00:00,1732492800,0.0
2024-11-24 04:00:00,2024-11-25 04:00:00,1732496400,0.0
2024-11-24 05:00:00,2024-11-25 05:00:00,1732500000,0.0
2024-11-24 06:00:00,2024-11-25 06:00:00,1732503600,0.0
2024-11-24 07:00:00,2024-11-25 07:00:00,1732507200,0.0
2024-11-24 08:00:00,2024-11-25 08:00:00,1732510800,6.0
2024-11-24 09:00:00,2024-11-25 09:00:00,1732514400,89.0
2024-11-24 10:00:00,2024-11-25 10:00:00,1732518000,237.0
2024-11-24 11:00:00,2024-11-25 11:00:00,1732521600,302.0
2024-11-24 12:00:00,2024-11-25 12:00:00,1732525200,279.0
2024-11-24 13:00:00,2024-11-25 13:00:00,1732528800,373.0
2024-11-24 14:00:00,2024-11-25 14:00:00,1732532400,439.0
2024-11-24 15:00:00,2024-11-25 15:00:00,1732536000,403.0
2024-11-24 16:00:00,2024-11-25 16:00:00,1732539600,148.0
2024-11-24 17:00:00,2024-11-25 17:00:00,1732543200,119.0
2024-11-24 18:00:00,2024-11-25 18:00:00,1732546800,12.0
2024-11-24 19:00:00,2024-11-25 19:00:00,1732550400,0.0
2024-11-24 20:00:00,2024-11-25 20:00:00,1732554000,0.0
2024-11-24 21:00:00,2024-11-25 21:00:00,1732557600,0.0
2024-11-24 22:00:00,2024-11-25 22:00:00,1732561200,0.0
2024-11-24 23:00:00,2024-11-25 23:00:00,1732564800,0.0
2024-11-25 00:00:00,2024-11-26 00:00:00,1732568400,0.0
2024-11-25 01:00:00,2024-11-26 01:00:00,1732572000,0.0
2024-11-25 02:00:00,2024-11-26 02:00:00,1732575600,0.0
2024-11-25 03:00:00,2024-11-26 03:00:00,1732579200,0.0
2024-11-25 04:00:00,2024-11-26 04:00:00,1732582800,0.0
2024-11-25 05:00:00,2024-11-26 05:00:00,1732586400,0.0
2024-11-25 06:00:00,2024-11-26 06:00:00,1732590000,0.0
2024-11-25 07:00:00,2024-11-26 07:00:00,1732593600,0.0
2024-11-25 08:00:00,2024-11-26 08:00:00,1732597200,5.0
2024-11-25 09:00:00,2024-11-26 09:00:00,1732600800,111.0
2024-11-25 10:00:00,2024-11-26 10:00:00,1732604400,281.0
2024-11-25 11:00:00,2024-11-26 11:00:00,1732608000,426.0
2024-11-25 12:00:00,2024-11-26 12:00:00,1732611600,540.0
2024-11-25 13:00:00,2024-11-26 13:00:00,1732615200,570.0
2024-11-25 14:00:00,2024-11-26 14:00:00,1732618800,546.0
2024-11-25 15:00:00,2024-11-26 15:00:00,1732622400,459.0
2024-11-25 16:00:00,2024-11-26 16:00:00,1732626000,319.0
2024-11-25 17:00:00,2024-11-26 17:00:00,1732629600,152.0
2024-11-25 18:00:00,2024-11-26 18:00:00,1732633200,18.0
2024-11-25 19:00:00,2024-11-26 19:00:00,1732636800,0.0
2024-11-25 20:00:00,2024-11-26 20:00:00,1732640400,0.0
2024-11-25 21:00:00,2024-11-26 21:00:00,1732644000,0.0
2024-11-25 22:00:00,2024-11-26 22:00:00,1732647600,0.0
2024-11-25 23:00:00,2024-11-26 23:00:00,1732651200,0.0
2024-11-26 00:00:00,2024-11-27 00:00:00,1732654800,0.0
2024-11-26 01:00:00,2024-11-27 01:00:00,1732658400,0.0
2024-11-26 02:00:00,2024-11-27 02:00:00,1732662000,0.0
2024-11-26 03:00:00,2024-11-27 03:00:00,1732665600,0.0
2024-11-26 04:00:00,2024-11-27 04:00:00,1732669200,0.0
2024-11-26 05:00:00,2024-11-27 05:00:00,1732672800,0.0
2024-11-26 06:00:00,2024-11-27 06:00:00,1732676400,0.0
2024-11-26 07:00:00,2024-11-27 07:00:00,1732680000,0.0
2024-11-26 08:00:00,2024-11-27 08:00:00,1732683600,4.0
2024-11-26 09:00:00,2024-11-27 09:00:00,1732687200,98.0
2024-11-26 10:00:00,2024-11-27 10:00:00,1732690800,240.0
2024-11-26 11:00:00,2024-11-27 11:00:00,1732694400,406.0
2024-11-26 12:00:00,2024-11-27 12:00:00,1732698000,425.0
2024-11-26 13:00:00,2024-11-27 13:00:00,1732701600,441.0
2024-11-26 14:00:00,2024-11-27 14:00:00,1732705200,385.0
2024-11-26 15:00:00,2024-11-27 15:00:00,1732708800,307.0
2024-11-26 16:00:00,2024-11-27 16:00:00,1732712400,238.0
2024-11-26 17:00:00,2024-11-27 17:00:00,1732716000,129.0
2024-11-26 18:00:00,2024-11-27 18:00:00,1732719600,16.0
2024-11-26 19:00:00,2024-11-27 19:00:00,1732723200,0.0
2024-11-26 20:00:00,2024-11-27 20:00:00,1732726800,0.0
2024-11-26 21:00:00,2024-11-27 21:00:00,1732730400,0.0
2024-11-26 22:00:00,2024-11-27 22:00:00,1732734000,0.0
2024-11-26 23:00:00,2024-11-27 23:00:00,1732737600,0.0
2024-11-27 00:00:00,2024-11-28 00:00:00,1732741200,0.0
2024-11-27 01:00:00,2024-11-28 01:00:00,1732744800,0.0
2024-11-27 02:00:00,2024-11-28 02:00:00,1732748400,0.0
2024-11-27 03:00:00,2024-11-28 03:00:00,1732752000,0.0
2024-11-27 04:00:00,2024-11-28 04:00:00,1732755600,0.0
2024-11-27 05:00:00,2024-11-28 05:00:00,1732759200,0.0
2024-11-27 06:00:00,2024-11-28 06:00:00,1732762800,0.0
2024-11-27 07:00:00,2024-11-28 07:00:00,1732766400,0.0
2024-11-27 08:00:00,2024-11-28 08:00:00,1732770000,4.0
2024-11-27 09:00:00,2024-11-28 09:00:00,1732773600,87.0
2024-11-27 10:00:00,2024-11-28 10:00:00,1732777200,238.0
2024-11-27 11:00:00,2024-11-28 11:00:00,1732780800,402.0
2024-11-27 12:00:00,2024-11-28 12:00:00,1732784400,497.0
2024-11-27 13:00:00,2024-11-28 13:00:00,1732788000,535.0
2024-11-27 14:00:00,2024-11-28 14:00:00,1732791600,512.0
2024-11-27 15:00:00,2024-11-28 15:00:00,1732795200,430.0
2024-11-27 16:00:00,2024-11-28 16:00:00,1732798800,312.0
2024-11-27 17:00:00,2024-11-28 17:00:00,1732802400,147.0
2024-11-27 18:00:00,2024-11-28 18:00:00,1732806000,17.0
2024-11-27 19:00:00,2024-11-28 19:00:00,1732809600,0.0
2024-11-27 20:00:00,2024-11-28 20:00:00,1732813200,0.0
2024-11-27 21:00:00,2024-11-28 21:00:00,1732816800,0.0
2024-11-27 22:00:00,2024-11-28 22:00:00,1732820400,0.0
2024-11-27 23:00:00,2024-11-28 23:00:00,1732824000,0.0
2024-11-28 00:00:00,2024-11-29 00:00:00,1732827600,0.0
2024-11-28 01:00:00,2024-11-29 01:00:00,1732831200,0.0
2024-11-28 02:00:00,2024-11-29 02:00:00,1732834800,0.0
2024-11-28 03:00:00,2024-11-29 03:00:00,1732838400,0.0
2024-11-28 04:00:00,2024-11-29 04:00:00,1732842000,0.0
2024-11-28 05:00:00,2024-11-29 05:00:00,1732845600,0.0
2024-11-28 06:00:00,2024-11-29 06:00:00,1732849200,0.0
2024-11-28 07:00:00,2024-11-29 07:00:00,1732852800,0.0
2024-11-28 08:00:00,2024-11-29 08:00:00,1732856400,3.0
2024-11-28 09:00:00,2024-11-29 09:00:00,1732860000,89.0
2024-11-28 10:00:00,2024-11-29 10:00:00,1732863600,244.0
2024-11-28 11:00:00,2024-11-29 11:00:00,1732867200,404.0
2024-11-28 12:00:00,2024-11-29 12:00:00,1732870800,497.0
2024-11-28 13:00:00,2024-11-29 13:00:00,1732874400,501.0
2024-11-28 14:00:00,2024-11-29 14:00:00,1732878000,477.0
2024-11-28 15:00:00,2024-11-29 15:00:00,1732881600,408.0
2024-11-28 16:00:00,2024-11-29 16:00:00,1732885200,296.0
2024-11-28 17:00:00,2024-11-29 17:00:00,1732888800,147.0
2024-11-28 18:00:00,2024-11-29 18:00:00,1732892400,16.0
2024-11-28 19:00:00,2024-11-29 19:00:00,1732896000,0.0
2024-11-28 20:00:00,2024-11-29 20:00:00,1732899600,0.0
2024-11-28 21:00:00,2024-11-29 21:00:00,1732903200,0.0
2024-11-28 22:00:00,2024-11-29 22:00:00,1732906800,0.0
2024-11-28 23:00:00,2024-11-29 23:00:00,1732910400,0.0
2024-11-29 00:00:00,2024-11-30 00:00:00,1732914000,0.0
2024-11-29 01:00:00,2024-11-30 01:00:00,1732917600,0.0
2024-11-29 02:00:00,2024-11-30 02:00:00,1732921200,0.0
2024-11-29 03:00:00,2024-11-30 03:00:00,1732924800,0.0
2024-11-29 04:00:00,2024-11-30 04:00:00,1732928400,0.0
2024-11-29 05:00:00,2024-11-30 05:00:00,1732932000,0.0
2024-11-29 06:00:00,2024-11-30 06:00:00,1732935600,0.0
2024-11-29 07:00:00,2024-11-30 07:00:00,1732939200,0.0
2024-11-29 08:00:00,2024-11-30 08:00:00,1732942800,3.0
2024-11-29 09:00:00,2024-11-30 09:00:00,1732946400,95.0
2024-11-29 10:00:00,2024-11-30 10:00:00,1732950000,258.0
2024-11-29 11:00:00,2024-11-30 11:00:00,1732953600,397.0
2024-11-29 12:00:00,2024-11-30 12:00:00,1732957200,491.0
2024-11-29 13:00:00,2024-11-30 13:00:00,1732960800,538.0
2024-11-29 14:00:00,2024-11-30 14:00:00,1732964400,470.0
2024-11-29 15:00:00,2024-11-30 15:00:00,1732968000,371.0
2024-11-29 16:00:00,2024-11-30 16:00:00,1732971600,292.0
2024-11-29 17:00:00,2024-11-30 17:00:00,1732975200,134.0
2024-11-29 18:00:00,2024-11-30 18:00:00,1732978800,16.0
2024-11-29 19:00:00,2024-11-30 19:00:00,1732982400,0.0
2024-11-29 20:00:00,2024-11-30 20:00:00,1732986000,0.0
2024-11-29 21:00:00,2024-11-30 21:00:00,1732989600,0.0
2024-11-29 22:00:00,2024-11-30 22:00:00,1732993200,0.0
2024-11-29 23:00:00,2024-11-30 23:00:00,1732996800,0.0
2024-11-30 00:00:00,2024-12-01 00:00:00,1733000400,0.0
2024-11-30 01:00:00,2024-12-01 01:00:00,1733004000,0.0
2024-11-30 02:00:00,2024-12-01 02:00:00,1733007600,0.0
2024-11-30 03:00:00,2024-12-01 03:00:00,1733011200,0.0
2024-11-30 04:00:00,2024-12-01 04:00:00,1733014800,0.0
2024-11-30 05:00:00,2024-12-01 05:00:00,1733018400,0.0
2024-11-30 06:00:00,2024-12-01 06:00:00,1733022000,0.0
2024-11-30 07:00:00,2024-12-01 07:00:00,1733025600,0.0
2024-11-30 08:00:00,2024-12-01 08:00:00,1733029200,3.0
2024-11-30 09:00:00,2024-12-01 09:00:00,1733032800,77.0
2024-11-30 10:00:00,2024-12-01 10:00:00,1733036400,229.0
2024-11-30 11:00:00,2024-12-01 11:00:00,1733040000,396.0
2024-11-30 12:00:00,2024-12-01 12:00:00,1733043600,496.0
2024-11-30 13:00:00,2024-12-01 13:00:00,1733047200,536.0
2024-11-30 14:00:00,2024-12-01 14:00:00,1733050800,492.0
2024-11-30 15:00:00,2024-12-01 15:00:00,1733054400,409.0
2024-11-30 16:00:00,2024-12-01 16:00:00,1733058000,301.0
2024-11-30 17:00:00,2024-12-01 17:00:00,1733061600,143.0
2024-11-30 18:00:00,2024-12-01 18:00:00,1733065200,16.0
2024-11-30 19:00:00,2024-12-01 19:00:00,1733068800,0.0
2024-11-30 20:00:00,2024-12-01 20:00:00,1733072400,0.0
2024-11-30 21:00:00,2024-12-01 21:00:00,1733076000,0.0
2024-11-30 22:00:00,2024-12-01 22:00:00,1733079600,0.0
2024-11-30 23:00:00,2024-12-01 23:00:00,1733083200,0.0
2024-12-01 00:00:00,2024-12-02 00:00:00,1733086800,0.0
2024-12-01 01:00:00,2024-12-02 01:00:00,1733090400,0.0
2024-12-01 02:00:00,2024-12-02 02:00:00,1733094000,0.0
2024-12-01 03:00:00,2024-12-02 03:00:00,1733097600,0.0
2024-12-01 04:00:00,2024-12-02 04:00:00,1733101200,0.0
2024-12-01 05:00:00,2024-12-02 05:00:00,1733104800,0.0
2024-12-01 06:00:00,2024-12-02 06:00:00,1733108400,0.0
2024-12-01 07:00:00,2024-12-02 07:00:00,1733112000,0.0
2024-12-01 08:00:00,2024-12-02 08:00:00,1733115600,3.0
2024-12-01 09:00:00,2024-12-02 09:00:00,1733119200,90.0
2024-12-01 10:00:00,2024-12-02 10:00:00,1733122800,252.0
2024-12-01 11:00:00,2024-12-02 11:00:00,1733126400,398.0
2024-12-01 12:00:00,2024-12-02 12:00:00,1733130000,493.0
2024-12-01 13:00:00,2024-12-02 13:00:00,1733133600,527.0
2024-12-01 14:00:00,2024-12-02 14:00:00,1733137200,503.0
2024-12-01 15:00:00,2024-12-02 15:00:00,1733140800,404.0
2024-12-01 16:00:00,2024-12-02 16:00:00,1733144400,275.0
2024-12-01 17:00:00,2024-12-02 17:00:00,1733148000,135.0
2024-12-01 18:00:00,2024-12-02 18:00:00,1733151600,15.0
2024-12-01 19:00:00,2024-12-02 19:00:00,1733155200,0.0
2024-12-01 20:00:00,2024-12-02 20:00:00,1733158800,0.0
2024-12-01 21:00:00,2024-12-02 21:00:00,1733162400,0.0
2024-12-01 22:00:00,2024-12-02 22:00:00,1733166000,0.0
2024-12-01 23:00:00,2024-12-02 23:00:00,1733169600,0.0
2024-12-02 00:00:00,2024-12-03 00:00:00,1733173200,0.0
2024-12-02 01:00:00,2024-12-03 01:00:00,1733176800,0.0
2024-12-02 02:00:00,2024-12-03 02:00:00,1733180400,0.0
2024-12-02 03:00:00,2024-12-03 03:00:00,1733184000,0.0
2024-12-02 04:00:00,2024-12-03 04:00:00,1733187600,0.0
2024-12-02 05:00:00,2024-12-03 05:00:00,1733191200,0.0
2024-12-02 06:00:00,2024-12-03 06:00:00,1733194800,0.0
2024-12-02 07:00:00,2024-12-03 07:00:00,1733198400,0.0
2024-12-02 08:00:00,2024-12-03 08:00:00,1733202000,2.0
2024-12-02 09:00:00,2024-12-03 09:00:00,1733205600,67.0
2024-12-02 10:00:00,2024-12-03 10:00:00,1733209200,169.0
2024-12-02 11:00:00,2024-12-03 11:00:00,1733212800,244.0
2024-12-02 12:00:00,2024-12-03 12:00:00,1733216400,283.0
2024-12-02 13:00:00,2024-12-03 13:00:00,1733220000,244.0
2024-12-02 14:00:00,2024-12-03 14:00:00,1733223600,338.0
2024-12-02 15:00:00,2024-12-03 15:00:00,1733227200,264.0
2024-12-02 16:00:00,2024-12-03 16:00:00,1733230800,213.0
2024-12-02 17:00:00,2024-12-03 17:00:00,1733234400,83.0
2024-12-02 18:00:00,2024-12-03 18:00:00,1733238000,6.0
2024-12-02 19:00:00,2024-12-03 19:00:00,1733241600,0.0
2024-12-02 20:00:00,2024-12-03 20:00:00,1733245200,0.0
2024-12-02 21:00:00,2024-12-03 21:00:00,1733248800,0.0
2024-12-02 22:00:00,2024-12-03 22:00:00,1733252400,0.0
2024-12-02 23:00:00,2024-12-03 23:00:00,1733256000,0.0
2024-12-03 00:00:00,2024-12-04 00:00:00,1733259600,0.0
2024-12-03 01:00:00,2024-12-04 01:00:00,1733263200,0.0
2024-12-03 02:00:00,2024-12-04 02:00:00,1733266800,0.0
2024-12-03 03:00:00,2024-12-04 03:00:00,1733270400,0.0
2024-12-03 04:00:00,2024-12-04 04:00:00,1733274000,0.0
2024-12-03 05:00:00,2024-12-04 05:00:00,1733277600,0.0
2024-12-03 06:00:00,2024-12-04 06:00:00,1733281200,0.0
2024-12-03 07:00:00,2024-12-04 07:00:00,1733284800,0.0
2024-12-03 08:00:00,2024-12-04 08:00:00,1733288400,2.0
2024-12-03 09:00:00,2024-12-04 09:00:00,1733292000,84.0
2024-12-03 10:00:00,2024-12-04 10:00:00,1733295600,241.0
2024-12-03 11:00:00,2024-12-04 11:00:00,1733299200,388.0
2024-12-03 12:00:00,2024-12-04 12:00:00,1733302800,481.0
2024-12-03 13:00:00,2024-12-04 13:00:00,1733306400,501.0
2024-12-03 14:00:00,2024-12-04 14:00:00,1733310000,440.0
2024-12-03 15:00:00,2024-12-04 15:00:00,1733313600,391.0
2024-12-03 16:00:00,2024-12-04 16:00:00,1733317200,224.0
2024-12-03 17:00:00,2024-12-04 17:00:00,1733320800,110.0
2024-12-03 18:00:00,2024-12-04 18:00:00,1733324400,14.0
2024-12-03 19:00:00,2024-12-04 19:00:00,1733328000,0.0
2024-12-03 20:00:00,2024-12-04 20:00:00,1733331600,0.0
2024-12-03 21:00:00,2024-12-04 21:00:00,1733335200,0.0
2024-12-03 22:00:00,2024-12-04 22:00:00,1733338800,0.0
2024-12-03 23:00:00,2024-12-04 23:00:00,1733342400,0.0
2024-12-04 00:00:00,2024-12-05 00:00:00,1733346000,0.0
2024-12-04 01:00:00,2024-12-05 01:00:00,1733349600,0.0
2024-12-04 02:00:00,2024-12-05 02:00:00,1733353200,0.0
2024-12-04 03:00:00,2024-12-05 03:00:00,1733356800,0.0
2024-12-04 04:00:00,2024-12-05 04:00:00,1733360400,0.0
2024-12-04 05:00:00,2024-12-05 05:00:00,1733364000,0.0
2024-12-04 06:00:00,2024-12-05 06:00:00,1733367600,0.0
2024-12-04 07:00:00,2024-12-05 07:00:00,1733371200,0.0
2024-12-04 08:00:00,2024-12-05 08:00:00,1733374800,2.0
2024-12-04 09:00:00,2024-12-05 09:00:00,1733378400,81.0
2024-12-04 10:00:00,2024-12-05 10:00:00,1733382000,234.0
2024-12-04 11:00:00,2024-12-05 11:00:00,1733385600,369.0
2024-12-04 12:00:00,2024-12-05 12:00:00,1733389200,472.0
2024-12-04 13:00:00,2024-12-05 13:00:00,1733392800,508.0
2024-12-04 14:00:00,2024-12-05 14:00:00,1733396400,490.0
2024-12-04 15:00:00,2024-12-05 15:00:00,1733400000,407.0
2024-12-04 16:00:00,2024-12-05 16:00:00,1733403600,269.0
2024-12-04 17:00:00,2024-12-05 17:00:00,1733407200,130.0
2024-12-04 18:00:00,2024-12-05 18:00:00,1733410800,15.0
2024-12-04 19:00:00,2024-12-05 19:00:00,1733414400,0.0
2024-12-04 20:00:00,2024-12-05 20:00:00,1733418000,0.0
2024-12-04 21:00:00,2024-12-05 21:00:00,1733421600,0.0
2024-12-04 22:00:00,2024-12-05 22:00:00,1733425200,0.0
2024-12-04 23:00:00,2024-12-05 23:00:00,1733428800,0.0
2024-12-05 00:00:00,2024-12-06 00:00:00,1733432400,0.0
2024-12-05 01:00:00,2024-12-06 01:00:00,1733436000,0.0
2024-12-05 02:00:00,2024-12-06 02:00:00,1733439600,0.0
2024-12-05 03:00:00,2024-12-06 03:00:00,1733443200,0.0
2024-12-05 04:00:00,2024-12-06 04:00:00,1733446800,0.0
2024-12-05 05:00:00,2024-12-06 05:00:00,1733450400,0.0
2024-12-05 06:00:00,2024-12-06 06:00:00,1733454000,0.0
2024-12-05 07:00:00,2024-12-06 07:00:00,1733457600,0.0
2024-12-05 08:00:00,2024-12-06 08:00:00,1733461200,1.0
2024-12-05 09:00:00,2024-12-06 09:00:00,1733464800,80.0
2024-12-05 10:00:00,2024-12-06 10:00:00,1733468400,231.0
2024-12-05 11:00:00,2024-12-06 11:00:00,1733472000,292.0
2024-12-05 12:00:00,2024-12-06 12:00:00,1733475600,448.0
2024-12-05 13:00:00,2024-12-06 13:00:00,1733479200,464.0
2024-12-05 14:00:00,2024-12-06 14:00:00,1733482800,483.0
2024-12-05 15:00:00,2024-12-06 15:00:00,1733486400,413.0
2024-12-05 16:00:00,2024-12-06 16:00:00,1733490000,288.0
2024-12-05 17:00:00,2024-12-06 17:00:00,1733493600,143.0
2024-12-05 18:00:00,2024-12-06 18:00:00,1733497200,16.0
2024-12-05 19:00:00,2024-12-06 19:00:00,1733500800,0.0
2024-12-05 20:00:00,2024-12-06 20:00:00,1733504400,0.0
2024-12-05 21:00:00,2024-12-06 21:00:00,1733508000,0.0
2024-12-05 22:00:00,2024-12-06 22:00:00,1733511600,0.0
2024-12-05 23:00:00,2024-12-06 23:00:00,1733515200,0.0
2024-12-06 00:00:00,2024-12-07 00:00:00,1733518800,0.0
2024-12-06 01:00:00,2024-12-07 01:00:00,1733522400,0.0
2024-12-06 02:00:00,2024-12-07 02:00:00,1733526000,0.0
2024-12-06 03:00:00,2024-12-07 03:00:00,1733529600,0.0
2024-12-06 04:00:00,2024-12-07 04:00:00,1733533200,0.0
2024-12-06 05:00:00,2024-12-07 05:00:00,1733536800,0.0
2024-12-06 06:00:00,2024-12-07 06:00:00,1733540400,0.0
2024-12-06 07:00:00,2024-12-07 07:00:00,1733544000,0.0
2024-12-06 08:00:00,2024-12-07 08:00:00,1733547600,1.0
2024-12-06 09:00:00,2024-12-07 09:00:00,1733551200,51.0
2024-12-06 10:00:00,2024-12-07 10:00:00,1733554800,148.0
2024-12-06 11:00:00,2024-12-07 11:00:00,1733558400,256.0
2024-12-06 12:00:00,2024-12-07 12:00:00,1733562000,318.0
2024-12-06 13:00:00,2024-12-07 13:00:00,1733565600,434.0
2024-12-06 14:00:00,2024-12-07 14:00:00,1733569200,423.0
2024-12-06 15:00:00,2024-12-07 15:00:00,1733572800,323.0
2024-12-06 16:00:00,2024-12-07 16:00:00,1733576400,240.0
2024-12-06 17:00:00,2024-12-07 17:00:00,1733580000,115.0
2024-12-06 18:00:00,2024-12-07 18:00:00,1733583600,10.0
2024-12-06 19:00:00,2024-12-07 19:00:00,1733587200,0.0
2024-12-06 20:00:00,2024-12-07 20:00:00,1733590800,0.0
2024-12-06 21:00:00,2024-12-07 21:00:00,1733594400,0.0
2024-12-06 22:00:00,2024-12-07 22:00:00,1733598000,0.0
2024-12-06 23:00:00,2024-12-07 23:00:00,1733601600,0.0
2024-12-07 00:00:00,2024-12-08 00:00:00,1733605200,0.0
2024-12-07 01:00:00,2024-12-08 01:00:00,1733608800,0.0
2024-12-07 02:00:00,2024-12-08 02:00:00,1733612400,0.0
2024-12-07 03:00:00,2024-12-08 03:00:00,1733616000,0.0
2024-12-07 04:00:00,2024-12-08 04:00:00,1733619600,0.0
2024-12-07 05:00:00,2024-12-08 05:00:00,1733623200,0.0
2024-12-07 06:00:00,2024-12-08 06:00:00,1733626800,0.0
2024-12-07 07:00:00,2024-12-08 07:00:00,1733630400,0.0
2024-12-07 08:00:00,2024-12-08 08:00:00,1733634000,1.0
2024-12-07 09:00:00,2024-12-08 09:00:00,1733637600,75.0
2024-12-07 10:00:00,2024-12-08 10:00:00,1733641200,164.0
2024-12-07 11:00:00,2024-12-08 11:00:00,1733644800,351.0
2024-12-07 12:00:00,2024-12-08 12:00:00,1733648400,408.0
2024-12-07 13:00:00,2024-12-08 13:00:00,1733652000,466.0
2024-12-07 14:00:00,2024-12-08 14:00:00,1733655600,474.0
2024-12-07 15:00:00,2024-12-08 15:00:00,1733659200,413.0
2024-12-07 16:00:00,2024-12-08 16:00:00,1733662800,273.0
2024-12-07 17:00:00,2024-12-08 17:00:00,1733666400,129.0
2024-12-07 18:00:00,2024-12-08 18:00:00,1733670000,15.0
2024-12-07 19:00:00,2024-12-08 19:00:00,1733673600,0.0
2024-12-07 20:00:00,2024-12-08 20:00:00,1733677200,0.0
2024-12-07 21:00:00,2024-12-08 21:00:00,1733680800,0.0
2024-12-07 22:00:00,2024-12-08 22:00:00,1733684400,0.0
2024-12-07 23:00:00,2024-12-08 23:00:00,1733688000,0.0
2024-12-08 00:00:00,2024-12-09 00:00:00,1733691600,0.0
2024-12-08 01:00:00,2024-12-09 01:00:00,1733695200,0.0
2024-12-08 02:00:00,2024-12-09 02:00:00,1733698800,0.0
2024-12-08 03:00:00,2024-12-09 03:00:00,1733702400,0.0
2024-12-08 04:00:00,2024-12-09 04:00:00,1733706000,0.0
2024-12-08 05:00:00,2024-12-09 05:00:00,1733709600,0.0
2024-12-08 06:00:00,2024-12-09 06:00:00,1733713200,0.0
2024-12-08 07:00:00,2024-12-09 07:00:00,1733716800,0.0
2024-12-08 08:00:00,2024-12-09 08:00:00,1733720400,1.0
2024-12-08 09:00:00,2024-12-09 09:00:00,1733724000,75.0
2024-12-08 10:00:00,2024-12-09 10:00:00,1733727600,221.0
2024-12-08 11:00:00,2024-12-09 11:00:00,1733731200,365.0
2024-12-08 12:00:00,2024-12-09 12:00:00,1733734800,428.0
2024-12-08 13:00:00,2024-12-09 13:00:00,1733738400,480.0
2024-12-08 14:00:00,2024-12-09 14:00:00,1733742000,441.0
2024-12-08 15:00:00,2024-12-09 15:00:00,1733745600,334.0
2024-12-08 16:00:00,2024-12-09 16:00:00,1733749200,212.0
2024-12-08 17:00:00,2024-12-09 17:00:00,1733752800,97.0
2024-12-08 18:00:00,2024-12-09 18:00:00,1733756400,13.0
2024-12-08 19:00:00,2024-12-09 19:00:00,1733760000,0.0
2024-12-08 20:00:00,2024-12-09 20:00:00,1733763600,0.0
2024-12-08 21:00:00,2024-12-09 21:00:00,1733767200,0.0
2024-12-08 22:00:00,2024-12-09 22:00:00,1733770800,0.0
2024-12-08 23:00:00,2024-12-09 23:00:00,1733774400,0.0
2024-12-09 00:00:00,2024-12-10 00:00:00,1733778000,0.0
2024-12-09 01:00:00,2024-12-10 01:00:00,1733781600,0.0
2024-12-09 02:00:00,2024-12-10 02:00:00,1733785200,0.0
2024-12-09 03:00:00,2024-12-10 03:00:00,1733788800,0.0
2024-12-09 04:00:00,2024-12-10 04:00:00,1733792400,0.0
2024-12-09 05:00:00,2024-12-10 05:00:00,1733796000,0.0
2024-12-09 06:00:00,2024-12-10 06:00:00,1733799600,0.0
2024-12-09 07:00:00,2024-12-10 07:00:00,1733803200,0.0
2024-12-09 08:00:00,2024-12-10 08:00:00,1733806800,1.0
2024-12-09 09:00:00,2024-12-10 09:00:00,1733810400,69.0
2024-12-09 10:00:00,2024-12-10 10:00:00,1733814000,221.0
2024-12-09 11:00:00,2024-12-10 11:00:00,1733817600,353.0
2024-12-09 12:00:00,2024-12-10 12:00:00,1733821200,452.0
2024-12-09 13:00:00,2024-12-10 13:00:00,1733824800,471.0
2024-12-09 14:00:00,2024-12-10 14:00:00,1733828400,443.0
2024-12-09 15:00:00,2024-12-10 15:00:00,1733832000,376.0
2024-12-09 16:00:00,2024-12-10 16:00:00,1733835600,217.0
2024-12-09 17:00:00,2024-12-10 17:00:00,1733839200,106.0
2024-12-09 18:00:00,2024-12-10 18:00:00,1733842800,16.0
2024-12-09 19:00:00,2024-12-10 19:00:00,1733846400,0.0
2024-12-09 20:00:00,2024-12-10 20:00:00,1733850000,0.0
2024-12-09 21:00:00,2024-12-10 21:00:00,1733853600,0.0
2024-12-09 22:00:00,2024-12-10 22:00:00,1733857200,0.0
2024-12-09 23:00:00,2024-12-10 23:00:00,1733860800,0.0
2024-12-10 00:00:00,2024-12-11 00:00:00,1733864400,0.0
2024-12-10 01:00:00,2024-12-11 01:00:00,1733868000,0.0
2024-12-10 02:00:00,2024-12-11 02:00:00,1733871600,0.0
2024-12-10 03:00:00,2024-12-11 03:00:00,1733875200,0.0
2024-12-10 04:00:00,2024-12-11 04:00:00,1733878800,0.0
2024-12-10 05:00:00,2024-12-11 05:00:00,1733882400,0.0
2024-12-10 06:00:00,2024-12-11 06:00:00,1733886000,0.0
2024-12-10 07:00:00,2024-12-11 07:00:00,1733889600,0.0
2024-12-10 08:00:00,2024-12-11 08:00:00,1733893200,1.0
2024-12-10 09:00:00,2024-12-11 09:00:00,1733896800,53.0
2024-12-10 10:00:00,2024-12-11 10:00:00,1733900400,148.0
2024-12-10 11:00:00,2024-12-11 11:00:00,1733904000,241.0
2024-12-10 12:00:00,2024-12-11 12:00:00,1733907600,305.0
2024-12-10 13:00:00,2024-12-11 13:00:00,1733911200,419.0
2024-12-10 14:00:00,2024-12-11 14:00:00,1733914800,471.0
2024-12-10 15:00:00,2024-12-11 15:00:00,1733918400,394.0
2024-12-10 16:00:00,2024-12-11 16:00:00,1733922000,250.0
2024-12-10 17:00:00,2024-12-11 17:00:00,1733925600,111.0
2024-12-10 18:00:00,2024-12-11 18:00:00,1733929200,14.0
2024-12-10 19:00:00,2024-12-11 19:00:00,1733932800,0.0
2024-12-10 20:00:00,2024-12-11 20:00:00,1733936400,0.0
2024-12-10 21:00:00,2024-12-11 21:00:00,1733940000,0.0
2024-12-10 22:00:00,2024-12-11 22:00:00,1733943600,0.0
2024-12-10 23:00:00,2024-12-11 23:00:00,1733947200,0.0
2024-12-11 00:00:00,2024-12-12 00:00:00,1733950800,0.0
2024-12-11 01:00:00,2024-12-12 01:00:00,1733954400,0.0
2024-12-11 02:00:00,2024-12-12 02:00:00,1733958000,0.0
2024-12-11 03:00:00,2024-12-12 03:00:00,1733961600,0.0
2024-12-11 04:00:00,2024-12-12 04:00:00,1733965200,0.0
2024-12-11 05:00:00,2024-12-12 05:00:00,1733968800,0.0
2024-12-11 06:00:00,2024-12-12 06:00:00,1733972400,0.0
2024-12-11 07:00:00,2024-12-12 07:00:00,1733976000,0.0
2024-12-11 08:00:00,2024-12-12 08:00:00,1733979600,0.0
2024-12-11 09:00:00,2024-12-12 09:00:00,1733983200,55.0
2024-12-11 10:00:00,2024-12-12 10:00:00,1733986800,194.0
2024-12-11 11:00:00,2024-12-12 11:00:00,1733990400,265.0
2024-12-11 12:00:00,2024-12-12 12:00:00,1733994000,441.0
2024-12-11 13:00:00,2024-12-12 13:00:00,1733997600,415.0
2024-12-11 14:00:00,2024-12-12 14:00:00,1734001200,401.0
2024-12-11 15:00:00,2024-12-12 15:00:00,1734004800,356.0
2024-12-11 16:00:00,2024-12-12 16:00:00,1734008400,297.0
2024-12-11 17:00:00,2024-12-12 17:00:00,1734012000,144.0
2024-12-11 18:00:00,2024-12-12 18:00:00,1734015600,17.0
2024-12-11 19:00:00,2024-12-12 19:00:00,1734019200,0.0
2024-12-11 20:00:00,2024-12-12 20:00:00,1734022800,0.0
2024-12-11 21:00:00,2024-12-12 21:00:00,1734026400,0.0
2024-12-11 22:00:00,2024-12-12 22:00:00,1734030000,0.0
2024-12-11 23:00:00,2024-12-12 23:00:00,1734033600,0.0
2024-12-12 00:00:00,2024-12-13 00:00:00,1734037200,0.0
2024-12-12 01:00:00,2024-12-13 01:00:00,1734040800,0.0
2024-12-12 02:00:00,2024-12-13 02:00:00,1734044400,0.0
2024-12-12 03:00:00,2024-12-13 03:00:00,1734048000,0.0
2024-12-12 04:00:00,2024-12-13 04:00:00,1734051600,0.0
2024-12-12 05:00:00,2024-12-13 05:00:00,1734055200,0.0
2024-12-12 06:00:00,2024-12-13 06:00:00,1734058800,0.0
2024-12-12 07:00:00,2024-12-13 07:00:00,1734062400,0.0
2024-12-12 08:00:00,2024-12-13 08:00:00,1734066000,0.0
2024-12-12 09:00:00,2024-12-13 09:00:00,1734069600,73.0
2024-12-12 10:00:00,2024-12-13 10:00:00,1734073200,233.0
2024-12-12 11:00:00,2024-12-13 11:00:00,1734076800,381.0
2024-12-12 12:00:00,2024-12-13 12:00:00,1734080400,482.0
2024-12-12 13:00:00,2024-12-13 13:00:00,1734084000,528.0
2024-12-12 14:00:00,2024-12-13 14:00:00,1734087600,512.0
2024-12-12 15:00:00,2024-12-13 15:00:00,1734091200,423.0
2024-12-12 16:00:00,2024-12-13 16:00:00,1734094800,301.0
2024-12-12 17:00:00,2024-12-13 17:00:00,1734098400,146.0
2024-12-12 18:00:00,2024-12-13 18:00:00,1734102000,17.0
2024-12-12 19:00:00,2024-12-13 19:00:00,1734105600,0.0
2024-12-12 20:00:00,2024-12-13 20:00:00,1734109200,0.0
2024-12-12 21:00:00,2024-12-13 21:00:00,1734112800,0.0
2024-12-12 22:00:00,2024-12-13 22:00:00,1734116400,0.0
2024-12-12 23:00:00,2024-12-13 23:00:00,1734120000,0.0
2024-12-13 00:00:00,2024-12-14 00:00:00,1734123600,0.0
2024-12-13 01:00:00,2024-12-14 01:00:00,1734127200,0.0
2024-12-13 02:00:00,2024-12-14 02:00:00,1734130800,0.0
2024-12-13 03:00:00,2024-12-14 03:00:00,1734134400,0.0
2024-12-13 04:00:00,2024-12-14 04:00:00,1734138000,0.0
2024-12-13 05:00:00,2024-12-14 05:00:00,1734141600,0.0
2024-12-13 06:00:00,2024-12-14 06:00:00,1734145200,0.0
2024-12-13 07:00:00,2024-12-14 07:00:00,1734148800,0.0
2024-12-13 08:00:00,2024-12-14 08:00:00,1734152400,0.0
2024-12-13 09:00:00,2024-12-14 09:00:00,1734156000,71.0
2024-12-13 10:00:00,2024-12-14 10:00:00,1734159600,218.0
2024-12-13 11:00:00,2024-12-14 11:00:00,1734163200,382.0
2024-12-13 12:00:00,2024-12-14 12:00:00,1734166800,488.0
2024-12-13 13:00:00,2024-12-14 13:00:00,1734170400,534.0
2024-12-13 14:00:00,2024-12-14 14:00:00,1734174000,518.0
2024-12-13 15:00:00,2024-12-14 15:00:00,1734177600,440.0
2024-12-13 16:00:00,2024-12-14 16:00:00,1734181200,309.0
2024-12-13 17:00:00,2024-12-14 17:00:00,1734184800,149.0
2024-12-13 18:00:00,2024-12-14 18:00:00,1734188400,18.0
2024-12-13 19:00:00,2024-12-14 19:00:00,1734192000,0.0
2024-12-13 20:00:00,2024-12-14 20:00:00,1734195600,0.0
2024-12-13 21:00:00,2024-12-14 21:00:00,1734199200,0.0
2024-12-13 22:00:00,2024-12-14 22:00:00,1734202800,0.0
2024-12-13 23:00:00,2024-12-14 23:00:00,1734206400,0.0
2024-12-14 00:00:00,2024-12-15 00:00:00,1734210000,0.0
2024-12-14 01:00:00,2024-12-15 01:00:00,1734213600,0.0
2024-12-14 02:00:00,2024-12-15 02:00:00,1734217200,0.0
2024-12-14 03:00:00,2024-12-15 03:00:00,1734220800,0.0
2024-12-14 04:00:00,2024-12-15 04:00:00,1734224400,0.0
2024-12-14 05:00:00,2024-12-15 05:00:00,1734228000,0.0
2024-12-14 06:00:00,2024-12-15 06:00:00,1734231600,0.0
2024-12-14 07:00:00,2024-12-15 07:00:00,1734235200,0.0
2024-12-14 08:00:00,2024-12-15 08:00:00,1734238800,0.0
2024-12-14 09:00:00,2024-12-15 09:00:00,1734242400,55.0
2024-12-14 10:00:00,2024-12-15 10:00:00,1734246000,177.0
2024-12-14 11:00:00,2024-12-15 11:00:00,1734249600,311.0
2024-12-14 12:00:00,2024-12-15 12:00:00,1734253200,400.0
2024-12-14 13:00:00,2024-12-15 13:00:00,1734256800,465.0
2024-12-14 14:00:00,2024-12-15 14:00:00,1734260400,451.0
2024-12-14 15:00:00,2024-12-15 15:00:00,1734264000,305.0
2024-12-14 16:00:00,2024-12-15 16:00:00,1734267600,208.0
2024-12-14 17:00:00,2024-12-15 17:00:00,1734271200,99.0
2024-12-14 18:00:00,2024-12-15 18:00:00,1734274800,13.0
2024-12-14 19:00:00,2024-12-15 19:00:00,1734278400,0.0
2024-12-14 20:00:00,2024-12-15 20:00:00,1734282000,0.0
2024-12-14 21:00:00,2024-12-15 21:00:00,1734285600,0.0
2024-12-14 22:00:00,2024-12-15 22:00:00,1734289200,0.0
2024-12-14 23:00:00,2024-12-15 23:00:00,1734292800,0.0
2024-12-15 00:00:00,2024-12-16 00:00:00,1734296400,0.0
2024-12-15 01:00:00,2024-12-16 01:00:00,1734300000,0.0
2024-12-15 02:00:00,2024-12-16 02:00:00,1734303600,0.0
2024-12-15 03:00:00,2024-12-16 03:00:00,1734307200,0.0
2024-12-15 04:00:00,2024-12-16 04:00:00,1734310800,0.0
2024-12-15 05:00:00,2024-12-16 05:00:00,1734314400,0.0
2024-12-15 06:00:00,2024-12-16 06:00:00,1734318000,0.0
2024-12-15 07:00:00,2024-12-16 07:00:00,1734321600,0.0
2024-12-15 08:00:00,2024-12-16 08:00:00,1734325200,0.0
2024-12-15 09:00:00,2024-12-16 09:00:00,1734328800,52.0
2024-12-15 10:00:00,2024-12-16 10:00:00,1734332400,182.0
2024-12-15 11:00:00,2024-12-16 11:00:00,1734336000,264.0
2024-12-15 12:00:00,2024-12-16 12:00:00,1734339600,230.0
2024-12-15 13:00:00,2024-12-16 13:00:00,1734343200,223.0
2024-12-15 14:00:00,2024-12-16 14:00:00,1734346800,178.0
2024-12-15 15:00:00,2024-12-16 15:00:00,1734350400,246.0
2024-12-15 16:00:00,2024-12-16 16:00:00,1734354000,160.0
2024-12-15 17:00:00,2024-12-16 17:00:00,1734357600,49.0
2024-12-15 18:00:00,2024-12-16 18:00:00,1734361200,9.0
2024-12-15 19:00:00,2024-12-16 19:00:00,1734364800,0.0
2024-12-15 20:00:00,2024-12-16 20:00:00,1734368400,0.0
2024-12-15 21:00:00,2024-12-16 21:00:00,1734372000,0.0
2024-12-15 22:00:00,2024-12-16 22:00:00,1734375600,0.0
2024-12-15 23:00:00,2024-12-16 23:00:00,1734379200,0.0
2024-12-16 00:00:00,2024-12-17 00:00:00,1734382800,0.0
2024-12-16 01:00:00,2024-12-17 01:00:00,1734386400,0.0
2024-12-16 02:00:00,2024-12-17 02:00:00,1734390000,0.0
2024-12-16 03:00:00,2024-12-17 03:00:00,1734393600,0.0
2024-12-16 04:00:00,2024-12-17 04:00:00,1734397200,0.0
2024-12-16 05:00:00,2024-12-17 05:00:00,1734400800,0.0
2024-12-16 06:00:00,2024-12-17 06:00:00,1734404400,0.0
2024-12-16 07:00:00,2024-12-17 07:00:00,1734408000,0.0
2024-12-16 08:00:00,2024-12-17 08:00:00,1734411600,0.0
2024-12-16 09:00:00,2024-12-17 09:00:00,1734415200,58.0
2024-12-16 10:00:00,2024-12-17 10:00:00,1734418800,188.0
2024-12-16 11:00:00,2024-12-17 11:00:00,1734422400,352.0
2024-12-16 12:00:00,2024-12-17 12:00:00,1734426000,464.0
2024-12-16 13:00:00,2024-12-17 13:00:00,1734429600,515.0
2024-12-16 14:00:00,2024-12-17 14:00:00,1734433200,484.0
2024-12-16 15:00:00,2024-12-17 15:00:00,1734436800,391.0
2024-12-16 16:00:00,2024-12-17 16:00:00,1734440400,279.0
2024-12-16 17:00:00,2024-12-17 17:00:00,1734444000,139.0
2024-12-16 18:00:00,2024-12-17 18:00:00,1734447600,18.0
2024-12-16 19:00:00,2024-12-17 19:00:00,1734451200,0.0
2024-12-16 20:00:00,2024-12-17 20:00:00,1734454800,0.0
2024-12-16 21:00:00,2024-12-17 21:00:00,1734458400,0.0
2024-12-16 22:00:00,2024-12-17 22:00:00,1734462000,0.0
2024-12-16 23:00:00,2024-12-17 23:00:00,1734465600,0.0
2024-12-17 00:00:00,2024-12-18 00:00:00,1734469200,0.0
2024-12-17 01:00:00,2024-12-18 01:00:00,1734472800,0.0
2024-12-17 02:00:00,2024-12-18 02:00:00,1734476400,0.0
2024-12-17 03:00:00,2024-12-18 03:00:00,1734480000,0.0
2024-12-17 04:00:00,2024-12-18 04:00:00,1734483600,0.0
2024-12-17 05:00:00,2024-12-18 05:00:00,1734487200,0.0
2024-12-17 06:00:00,2024-12-18 06:00:00,1734490800,0.0
2024-12-17 07:00:00,2024-12-18 07:00:00,1734494400,0.0
2024-12-17 08:00:00,2024-12-18 08:00:00,1734498000,0.0
2024-12-17 09:00:00,2024-12-18 09:00:00,1734501600,57.0
2024-12-17 10:00:00,2024-12-18 10:00:00,1734505200,195.0
2024-12-17 11:00:00,2024-12-18 11:00:00,1734508800,360.0
2024-12-17 12:00:00,2024-12-18 12:00:00,1734512400,470.0
2024-12-17 13:00:00,2024-12-18 13:00:00,1734516000,517.0
2024-12-17 14:00:00,2024-12-18 14:00:00,1734519600,493.0
2024-12-17 15:00:00,2024-12-18 15:00:00,1734523200,401.0
2024-12-17 16:00:00,2024-12-18 16:00:00,1734526800,302.0
2024-12-17 17:00:00,2024-12-18 17:00:00,1734530400,146.0
2024-12-17 18:00:00,2024-12-18 18:00:00,1734534000,19.0
2024-12-17 19:00:00,2024-12-18 19:00:00,1734537600,0.0
2024-12-17 20:00:00,2024-12-18 20:00:00,1734541200,0.0
2024-12-17 21:00:00,2024-12-18 21:00:00,1734544800,0.0
2024-12-17 22:00:00,2024-12-18 22:00:00,1734548400,0.0
2024-12-17 23:00:00,2024-12-18 23:00:00,1734552000,0.0
2024-12-18 00:00:00,2024-12-19 00:00:00,1734555600,0.0
2024-12-18 01:00:00,2024-12-19 01:00:00,1734559200,0.0
2024-12-18 02:00:00,2024-12-19 02:00:00,1734562800,0.0
2024-12-18 03:00:00,2024-12-19 03:00:00,1734566400,0.0
2024-12-18 04:00:00,2024-12-19 04:00:00,1734570000,0.0
2024-12-18 05:00:00,2024-12-19 05:00:00,1734573600,0.0
2024-12-18 06:00:00,2024-12-19 06:00:00,1734577200,0.0
2024-12-18 07:00:00,2024-12-19 07:00:00,1734580800,0.0
2024-12-18 08:00:00,2024-12-19 08:00:00,1734584400,0.0
2024-12-18 09:00:00,2024-12-19 09:00:00,1734588000,55.0
2024-12-18 10:00:00,2024-12-19 10:00:00,1734591600,209.0
2024-12-18 11:00:00,2024-12-19 11:00:00,1734595200,357.0
2024-12-18 12:00:00,2024-12-19 12:00:00,1734598800,447.0
2024-12-18 13:00:00,2024-12-19 13:00:00,1734602400,499.0
2024-12-18 14:00:00,2024-12-19 14:00:00,1734606000,465.0
2024-12-18 15:00:00,2024-12-19 15:00:00,1734609600,383.0
2024-12-18 16:00:00,2024-12-19 16:00:00,1734613200,284.0
2024-12-18 17:00:00,2024-12-19 17:00:00,1734616800,125.0
2024-12-18 18:00:00,2024-12-19 18:00:00,1734620400,18.0
2024-12-18 19:00:00,2024-12-19 19:00:00,1734624000,0.0
2024-12-18 20:00:00,2024-12-19 20:00:00,1734627600,0.0
2024-12-18 21:00:00,2024-12-19 21:00:00,1734631200,0.0
2024-12-18 22:00:00,2024-12-19 22:00:00,1734634800,0.0
2024-12-18 23:00:00,2024-12-19 23:00:00,1734638400,0.0
2024-12-19 00:00:00,2024-12-20 00:00:00,1734642000,0.0
2024-12-19 01:00:00,2024-12-20 01:00:00,1734645600,0.0
2024-12-19 02:00:00,2024-12-20 02:00:00,1734649200,0.0
2024-12-19 03:00:00,2024-12-20 03:00:00,1734652800,0.0
2024-12-19 04:00:00,2024-12-20 04:00:00,1734656400,0.0
2024-12-19 05:00:00,2024-12-20 05:00:00,1734660000,0.0
2024-12-19 06:00:00,2024-12-20 06:00:00,1734663600,0.0
2024-12-19 07:00:00,2024-12-20 07:00:00,1734667200,0.0
2024-12-19 08:00:00,2024-12-20 08:00:00,1734670800,0.0
2024-12-19 09:00:00,2024-12-20 09:00:00,1734674400,63.0
2024-12-19 10:00:00,2024-12-20 10:00:00,1734678000,212.0
2024-12-19 11:00:00,2024-12-20 11:00:00,1734681600,360.0
2024-12-19 12:00:00,2024-12-20 12:00:00,1734685200,470.0
2024-12-19 13:00:00,2024-12-20 13:00:00,1734688800,519.0
2024-12-19 14:00:00,2024-12-20 14:00:00,1734692400,507.0
2024-12-19 15:00:00,2024-12-20 15:00:00,1734696000,436.0
2024-12-19 16:00:00,2024-12-20 16:00:00,1734699600,311.0
2024-12-19 17:00:00,2024-12-20 17:00:00,1734703200,153.0
2024-12-19 18:00:00,2024-12-20 18:00:00,1734706800,20.0
2024-12-19 19:00:00,2024-12-20 19:00:00,1734710400,0.0
2024-12-19 20:00:00,2024-12-20 20:00:00,1734714000,0.0
2024-12-19 21:00:00,2024-12-20 21:00:00,1734717600,0.0
2024-12-19 22:00:00,2024-12-20 22:00:00,1734721200,0.0
2024-12-19 23:00:00,2024-12-20 23:00:00,1734724800,0.0
2024-12-20 00:00:00,2024-12-21 00:00:00,1734728400,0.0
2024-12-20 01:00:00,2024-12-21 01:00:00,1734732000,0.0
2024-12-20 02:00:00,2024-12-21 02:00:00,1734735600,0.0
2024-12-20 03:00:00,2024-12-21 03:00:00,1734739200,0.0
2024-12-20 04:00:00,2024-12-21 04:00:00,1734742800,0.0
2024-12-20 05:00:00,2024-12-21 05:00:00,1734746400,0.0
2024-12-20 06:00:00,2024-12-21 06:00:00,1734750000,0.0
2024-12-20 07:00:00,2024-12-21 07:00:00,1734753600,0.0
2024-12-20 08:00:00,2024-12-21 08:00:00,1734757200,0.0
2024-12-20 09:00:00,2024-12-21 09:00:00,1734760800,44.0
2024-12-20 10:00:00,2024-12-21 10:00:00,1734764400,157.0
2024-12-20 11:00:00,2024-12-21 11:00:00,1734768000,302.0
2024-12-20 12:00:00,2024-12-21 12:00:00,1734771600,424.0
2024-12-20 13:00:00,2024-12-21 13:00:00,1734775200,419.0
2024-12-20 14:00:00,2024-12-21 14:00:00,1734778800,328.0
2024-12-20 15:00:00,2024-12-21 15:00:00,1734782400,145.0
2024-12-20 16:00:00,2024-12-21 16:00:00,1734786000,184.0
2024-12-20 17:00:00,2024-12-21 17:00:00,1734789600,98.0
2024-12-20 18:00:00,2024-12-21 18:00:00,1734793200,13.0
2024-12-20 19:00:00,2024-12-21 19:00:00,1734796800,0.0
2024-12-20 20:00:00,2024-12-21 20:00:00,1734800400,0.0
2024-12-20 21:00:00,2024-12-21 21:00:00,1734804000,0.0
2024-12-20 22:00:00,2024-12-21 22:00:00,1734807600,0.0
2024-12-20 23:00:00,2024-12-21 23:00:00,1734811200,0.0
2024-12-21 00:00:00,2024-12-22 00:00:00,1734814800,0.0
2024-12-21 01:00:00,2024-12-22 01:00:00,1734818400,0.0
2024-12-21 02:00:00,2024-12-22 02:00:00,1734822000,0.0
2024-12-21 03:00:00,2024-12-22 03:00:00,1734825600,0.0
2024-12-21 04:00:00,2024-12-22 04:00:00,1734829200,0.0
2024-12-21 05:00:00,2024-12-22 05:00:00,1734832800,0.0
2024-12-21 06:00:00,2024-12-22 06:00:00,1734836400,0.0
2024-12-21 07:00:00,2024-12-22 07:00:00,1734840000,0.0
2024-12-21 08:00:00,2024-12-22 08:00:00,1734843600,0.0
2024-12-21 09:00:00,2024-12-22 09:00:00,1734847200,52.0
2024-12-21 10:00:00,2024-12-22 10:00:00,1734850800,187.0
2024-12-21 11:00:00,2024-12-22 11:00:00,1734854400,324.0
2024-12-21 12:00:00,2024-12-22 12:00:00,1734858000,448.0
2024-12-21 13:00:00,2024-12-22 13:00:00,1734861600,496.0
2024-12-21 14:00:00,2024-12-22 14:00:00,1734865200,463.0
2024-12-21 15:00:00,2024-12-22 15:00:00,1734868800,401.0
2024-12-21 16:00:00,2024-12-22 16:00:00,1734872400,277.0
2024-12-21 17:00:00,2024-12-22 17:00:00,1734876000,119.0
2024-12-21 18:00:00,2024-12-22 18:00:00,1734879600,14.0
2024-12-21 19:00:00,2024-12-22 19:00:00,1734883200,0.0
2024-12-21 20:00:00,2024-12-22 20:00:00,1734886800,0.0
2024-12-21 21:00:00,2024-12-22 21:00:00,1734890400,0.0
2024-12-21 22:00:00,2024-12-22 22:00:00,1734894000,0.0
2024-12-21 23:00:00,2024-12-22 23:00:00,1734897600,0.0
2024-12-22 00:00:00,2024-12-23 00:00:00,1734901200,0.0
2024-12-22 01:00:00,2024-12-23 01:00:00,1734904800,0.0
2024-12-22 02:00:00,2024-12-23 02:00:00,1734908400,0.0
2024-12-22 03:00:00,2024-12-23 03:00:00,1734912000,0.0
2024-12-22 04:00:00,2024-12-23 04:00:00,1734915600,0.0
2024-12-22 05:00:00,2024-12-23 05:00:00,1734919200,0.0
2024-12-22 06:00:00,2024-12-23 06:00:00,1734922800,0.0
2024-12-22 07:00:00,2024-12-23 07:00:00,1734926400,0.0
2024-12-22 08:00:00,2024-12-23 08:00:00,1734930000,0.0
2024-12-22 09:00:00,2024-12-23 09:00:00,1734933600,27.0
2024-12-22 10:00:00,2024-12-23 10:00:00,1734937200,113.0
2024-12-22 11:00:00,2024-12-23 11:00:00,1734940800,139.0
2024-12-22 12:00:00,2024-12-23 12:00:00,1734944400,193.0
2024-12-22 13:00:00,2024-12-23 13:00:00,1734948000,361.0
2024-12-22 14:00:00,2024-12-23 14:00:00,1734951600,148.0
2024-12-22 15:00:00,2024-12-23 15:00:00,1734955200,345.0
2024-12-22 16:00:00,2024-12-23 16:00:00,1734958800,241.0
2024-12-22 17:00:00,2024-12-23 17:00:00,1734962400,62.0
2024-12-22 18:00:00,2024-12-23 18:00:00,1734966000,8.0
2024-12-22 19:00:00,2024-12-23 19:00:00,1734969600,0.0
2024-12-22 20:00:00,2024-12-23 20:00:00,1734973200,0.0
2024-12-22 21:00:00,2024-12-23 21:00:00,1734976800,0.0
2024-12-22 22:00:00,2024-12-23 22:00:00,1734980400,0.0
2024-12-22 23:00:00,2024-12-23 23:00:00,1734984000,0.0
2024-12-23 00:00:00,2024-12-24 00:00:00,1734987600,0.0
2024-12-23 01:00:00,2024-12-24 01:00:00,1734991200,0.0
2024-12-23 02:00:00,2024-12-24 02:00:00,1734994800,0.0
2024-12-23 03:00:00,2024-12-24 03:00:00,1734998400,0.0
2024-12-23 04:00:00,2024-12-24 04:00:00,1735002000,0.0
2024-12-23 05:00:00,2024-12-24 05:00:00,1735005600,0.0
2024-12-23 06:00:00,2024-12-24 06:00:00,1735009200,0.0
2024-12-23 07:00:00,2024-12-24 07:00:00,1735012800,0.0
2024-12-23 08:00:00,2024-12-24 08:00:00,1735016400,0.0
2024-12-23 09:00:00,2024-12-24 09:00:00,1735020000,55.0
2024-12-23 10:00:00,2024-12-24 10:00:00,1735023600,196.0
2024-12-23 11:00:00,2024-12-24 11:00:00,1735027200,321.0
2024-12-23 12:00:00,2024-12-24 12:00:00,1735030800,321.0
2024-12-23 13:00:00,2024-12-24 13:00:00,1735034400,325.0
2024-12-23 14:00:00,2024-12-24 14:00:00,1735038000,279.0
2024-12-23 15:00:00,2024-12-24 15:00:00,1735041600,242.0
2024-12-23 16:00:00,2024-12-24 16:00:00,1735045200,235.0
2024-12-23 17:00:00,2024-12-24 17:00:00,1735048800,127.0
2024-12-23 18:00:00,2024-12-24 18:00:00,1735052400,19.0
2024-12-23 19:00:00,2024-12-24 19:00:00,1735056000,0.0
2024-12-23 20:00:00,2024-12-24 20:00:00,1735059600,0.0
2024-12-23 21:00:00,2024-12-24 21:00:00,1735063200,0.0
2024-12-23 22:00:00,2024-12-24 22:00:00,1735066800,0.0
2024-12-23 23:00:00,2024-12-24 23:00:00,1735070400,0.0
2024-12-24 00:00:00,2024-12-25 00:00:00,1735074000,0.0
2024-12-24 01:00:00,2024-12-25 01:00:00,1735077600,0.0
2024-12-24 02:00:00,2024-12-25 02:00:00,1735081200,0.0
2024-12-24 03:00:00,2024-12-25 03:00:00,1735084800,0.0
2024-12-24 04:00:00,2024-12-25 04:00:00,1735088400,0.0
2024-12-24 05:00:00,2024-12-25 05:00:00,1735092000,0.0
2024-12-24 06:00:00,2024-12-25 06:00:00,1735095600,0.0
2024-12-24 07:00:00,2024-12-25 07:00:00,1735099200,0.0
2024-12-24 08:00:00,2024-12-25 08:00:00,1735102800,0.0
2024-12-24 09:00:00,2024-12-25 09:00:00,1735106400,48.0
2024-12-24 10:00:00,2024-12-25 10:00:00,1735110000,170.0
2024-12-24 11:00:00,2024-12-25 11:00:00,1735113600,301.0
2024-12-24 12:00:00,2024-12-25 12:00:00,1735117200,410.0
2024-12-24 13:00:00,2024-12-25 13:00:00,1735120800,465.0
2024-12-24 14:00:00,2024-12-25 14:00:00,1735124400,416.0
2024-12-24 15:00:00,2024-12-25 15:00:00,1735128000,246.0
2024-12-24 16:00:00,2024-12-25 16:00:00,1735131600,180.0
2024-12-24 17:00:00,2024-12-25 17:00:00,1735135200,33.0
2024-12-24 18:00:00,2024-12-25 18:00:00,1735138800,11.0
2024-12-24 19:00:00,2024-12-25 19:00:00,1735142400,0.0
2024-12-24 20:00:00,2024-12-25 20:00:00,1735146000,0.0
2024-12-24 21:00:00,2024-12-25 21:00:00,1735149600,0.0
2024-12-24 22:00:00,2024-12-25 22:00:00,1735153200,0.0
2024-12-24 23:00:00,2024-12-25 23:00:00,1735156800,0.0
2024-12-25 00:00:00,2024-12-26 00:00:00,1735160400,0.0
2024-12-25 01:00:00,2024-12-26 01:00:00,1735164000,0.0
2024-12-25 02:00:00,2024-12-26 02:00:00,1735167600,0.0
2024-12-25 03:00:00,2024-12-26 03:00:00,1735171200,0.0
2024-12-25 04:00:00,2024-12-26 04:00:00,1735174800,0.0
2024-12-25 05:00:00,2024-12-26 05:00:00,1735178400,0.0
2024-12-25 06:00:00,2024-12-26 06:00:00,1735182000,0.0
2024-12-25 07:00:00,2024-12-26 07:00:00,1735185600,0.0
2024-12-25 08:00:00,2024-12-26 08:00:00,1735189200,0.0
2024-12-25 09:00:00,2024-12-26 09:00:00,1735192800,43.0
2024-12-25 10:00:00,2024-12-26 10:00:00,1735196400,136.0
2024-12-25 11:00:00,2024-12-26 11:00:00,1735200000,228.0
2024-12-25 12:00:00,2024-12-26 12:00:00,1735203600,319.0
2024-12-25 13:00:00,2024-12-26 13:00:00,1735207200,436.0
2024-12-25 14:00:00,2024-12-26 14:00:00,1735210800,408.0
2024-12-25 15:00:00,2024-12-26 15:00:00,1735214400,266.0
2024-12-25 16:00:00,2024-12-26 16:00:00,1735218000,200.0
2024-12-25 17:00:00,2024-12-26 17:00:00,1735221600,90.0
2024-12-25 18:00:00,2024-12-26 18:00:00,1735225200,12.0
2024-12-25 19:00:00,2024-12-26 19:00:00,1735228800,0.0
2024-12-25 20:00:00,2024-12-26 20:00:00,1735232400,0.0
2024-12-25 21:00:00,2024-12-26 21:00:00,1735236000,0.0
2024-12-25 22:00:00,2024-12-26 22:00:00,1735239600,0.0
2024-12-25 23:00:00,2024-12-26 23:00:00,1735243200,0.0
2024-12-26 00:00:00,2024-12-27 00:00:00,1735246800,0.0
2024-12-26 01:00:00,2024-12-27 01:00:00,1735250400,0.0
2024-12-26 02:00:00,2024-12-27 02:00:00,1735254000,0.0
2024-12-26 03:00:00,2024-12-27 03:00:00,1735257600,0.0
2024-12-26 04:00:00,2024-12-27 04:00:00,1735261200,0.0
2024-12-26 05:00:00,2024-12-27 05:00:00,1735264800,0.0
2024-12-26 06:00:00,2024-12-27 06:00:00,1735268400,0.0
2024-12-26 07:00:00,2024-12-27 07:00:00,1735272000,0.0
2024-12-26 08:00:00,2024-12-27 08:00:00,1735275600,0.0
2024-12-26 09:00:00,2024-12-27 09:00:00,1735279200,37.0
2024-12-26 10:00:00,2024-12-27 10:00:00,1735282800,195.0
2024-12-26 11:00:00,2024-12-27 11:00:00,1735286400,340.0
2024-12-26 12:00:00,2024-12-27 12:00:00,1735290000,400.0
2024-12-26 13:00:00,2024-12-27 13:00:00,1735293600,476.0
2024-12-26 14:00:00,2024-12-27 14:00:00,1735297200,436.0
2024-12-26 15:00:00,2024-12-27 15:00:00,1735300800,408.0
2024-12-26 16:00:00,2024-12-27 16:00:00,1735304400,278.0
2024-12-26 17:00:00,2024-12-27 17:00:00,1735308000,142.0
2024-12-26 18:00:00,2024-12-27 18:00:00,1735311600,22.0
2024-12-26 19:00:00,2024-12-27 19:00:00,1735315200,0.0
2024-12-26 20:00:00,2024-12-27 20:00:00,1735318800,0.0
2024-12-26 21:00:00,2024-12-27 21:00:00,1735322400,0.0
2024-12-26 22:00:00,2024-12-27 22:00:00,1735326000,0.0
2024-12-26 23:00:00,2024-12-27 23:00:00,1735329600,0.0
2024-12-27 00:00:00,2024-12-28 00:00:00,1735333200,0.0
2024-12-27 01:00:00,2024-12-28 01:00:00,1735336800,0.0
2024-12-27 02:00:00,2024-12-28 02:00:00,1735340400,0.0
2024-12-27 03:00:00,2024-12-28 03:00:00,1735344000,0.0
2024-12-27 04:00:00,2024-12-28 04:00:00,1735347600,0.0
2024-12-27 05:00:00,2024-12-28 05:00:00,1735351200,0.0
2024-12-27 06:00:00,2024-12-28 06:00:00,1735354800,0.0
2024-12-27 07:00:00,2024-12-28 07:00:00,1735358400,0.0
2024-12-27 08:00:00,2024-12-28 08:00:00,1735362000,0.0
2024-12-27 09:00:00,2024-12-28 09:00:00,1735365600,46.0
2024-12-27 10:00:00,2024-12-28 10:00:00,1735369200,159.0
2024-12-27 11:00:00,2024-12-28 11:00:00,1735372800,214.0
2024-12-27 12:00:00,2024-12-28 12:00:00,1735376400,205.0
2024-12-27 13:00:00,2024-12-28 13:00:00,1735380000,314.0
2024-12-27 14:00:00,2024-12-28 14:00:00,1735383600,379.0
2024-12-27 15:00:00,2024-12-28 15:00:00,1735387200,351.0
2024-12-27 16:00:00,2024-12-28 16:00:00,1735390800,247.0
2024-12-27 17:00:00,2024-12-28 17:00:00,1735394400,140.0
2024-12-27 18:00:00,2024-12-28 18:00:00,1735398000,23.0
2024-12-27 19:00:00,2024-12-28 19:00:00,1735401600,0.0
2024-12-27 20:00:00,2024-12-28 20:00:00,1735405200,0.0
2024-12-27 21:00:00,2024-12-28 21:00:00,1735408800,0.0
2024-12-27 22:00:00,2024-12-28 22:00:00,1735412400,0.0
2024-12-27 23:00:00,2024-12-28 23:00:00,1735416000,0.0
2024-12-28 00:00:00,2024-12-29 00:00:00,1735419600,0.0
2024-12-28 01:00:00,2024-12-29 01:00:00,1735423200,0.0
2024-12-28 02:00:00,2024-12-29 02:00:00,1735426800,0.0
2024-12-28 03:00:00,2024-12-29 03:00:00,1735430400,0.0
2024-12-28 04:00:00,2024-12-29 04:00:00,1735434000,0.0
2024-12-28 05:00:00,2024-12-29 05:00:00,1735437600,0.0
2024-12-28 06:00:00,2024-12-29 06:00:00,1735441200,0.0
2024-12-28 07:00:00,2024-12-29 07:00:00,1735444800,0.0
2024-12-28 08:00:00,2024-12-29 08:00:00,1735448400,0.0
2024-12-28 09:00:00,2024-12-29 09:00:00,1735452000,17.0
2024-12-28 10:00:00,2024-12-29 10:00:00,1735455600,107.0
2024-12-28 11:00:00,2024-12-29 11:00:00,1735459200,229.0
2024-12-28 12:00:00,2024-12-29 12:00:00,1735462800,335.0
2024-12-28 13:00:00,2024-12-29 13:00:00,1735466400,441.0
2024-12-28 14:00:00,2024-12-29 14:00:00,1735470000,331.0
2024-12-28 15:00:00,2024-12-29 15:00:00,1735473600,365.0
2024-12-28 16:00:00,2024-12-29 16:00:00,1735477200,67.0
2024-12-28 17:00:00,2024-12-29 17:00:00,1735480800,54.0
2024-12-28 18:00:00,2024-12-29 18:00:00,1735484400,16.0
2024-12-28 19:00:00,2024-12-29 19:00:00,1735488000,0.0
2024-12-28 20:00:00,2024-12-29 20:00:00,1735491600,0.0
2024-12-28 21:00:00,2024-12-29 21:00:00,1735495200,0.0
2024-12-28 22:00:00,2024-12-29 22:00:00,1735498800,0.0
2024-12-28 23:00:00,2024-12-29 23:00:00,1735502400,0.0
2024-12-29 00:00:00,2024-12-30 00:00:00,1735506000,0.0
2024-12-29 01:00:00,2024-12-30 01:00:00,1735509600,0.0
2024-12-29 02:00:00,2024-12-30 02:00:00,1735513200,0.0
2024-12-29 03:00:00,2024-12-30 03:00:00,1735516800,0.0
2024-12-29 04:00:00,2024-12-30 04:00:00,1735520400,0.0
2024-12-29 05:00:00,2024-12-30 05:00:00,1735524000,0.0
2024-12-29 06:00:00,2024-12-30 06:00:00,1735527600,0.0
2024-12-29 07:00:00,2024-12-30 07:00:00,1735531200,0.0
2024-12-29 08:00:00,2024-12-30 08:00:00,1735534800,0.0
2024-12-29 09:00:00,2024-12-30 09:00:00,1735538400,44.0
2024-12-29 10:00:00,2024-12-30 10:00:00,1735542000,169.0
2024-12-29 11:00:00,2024-12-30 11:00:00,1735545600,284.0
2024-12-29 12:00:00,2024-12-30 12:00:00,1735549200,329.0
2024-12-29 13:00:00,2024-12-30 13:00:00,1735552800,371.0
2024-12-29 14:00:00,2024-12-30 14:00:00,1735556400,375.0
2024-12-29 15:00:00,2024-12-30 15:00:00,1735560000,275.0
2024-12-29 16:00:00,2024-12-30 16:00:00,1735563600,273.0
2024-12-29 17:00:00,2024-12-30 17:00:00,1735567200,157.0
2024-12-29 18:00:00,2024-12-30 18:00:00,1735570800,24.0
2024-12-29 19:00:00,2024-12-30 19:00:00,1735574400,0.0
2024-12-29 20:00:00,2024-12-30 20:00:00,1735578000,0.0
2024-12-29 21:00:00,2024-12-30 21:00:00,1735581600,0.0
2024-12-29 22:00:00,2024-12-30 22:00:00,1735585200,0.0
2024-12-29 23:00:00,2024-12-30 23:00:00,1735588800,0.0
2024-12-30 00:00:00,2024-12-31 00:00:00,1735592400,0.0
2024-12-30 01:00:00,2024-12-31 01:00:00,1735596000,0.0
2024-12-30 02:00:00,2024-12-31 02:00:00,1735599600,0.0
2024-12-30 03:00:00,2024-12-31 03:00:00,1735603200,0.0
2024-12-30 04:00:00,2024-12-31 04:00:00,1735606800,0.0
2024-12-30 05:00:00,2024-12-31 05:00:00,1735610400,0.0
2024-12-30 06:00:00,2024-12-31 06:00:00,1735614000,0.0
2024-12-30 07:00:00,2024-12-31 07:00:00,1735617600,0.0
2024-12-30 08:00:00,2024-12-31 08:00:00,1735621200,0.0
2024-12-30 09:00:00,2024-12-31 09:00:00,1735624800,34.0
2024-12-30 10:00:00,2024-12-31 10:00:00,1735628400,152.0
2024-12-30 11:00:00,2024-12-31 11:00:00,1735632000,253.0
2024-12-30 12:00:00,2024-12-31 12:00:00,1735635600,338.0
2024-12-30 13:00:00,2024-12-31 13:00:00,1735639200,488.0
2024-12-30 14:00:00,2024-12-31 14:00:00,1735642800,476.0
2024-12-30 15:00:00,2024-12-31 15:00:00,1735646400,340.0
2024-12-30 16:00:00,2024-12-31 16:00:00,1735650000,238.0
2024-12-30 17:00:00,2024-12-31 17:00:00,1735653600,151.0
2024-12-30 18:00:00,2024-12-31 18:00:00,1735657200,28.0
2024-12-30 19:00:00,2024-12-31 19:00:00,1735660800,0.0
2024-12-30 20:00:00,2024-12-31 20:00:00,1735664400,0.0
2024-12-30 21:00:00,2024-12-31 21:00:00,1735668000,0.0
2024-12-30 22:00:00,2024-12-31 22:00:00,1735671600,0.0
2024-12-30 23:00:00,2024-12-31 23:00:00,1735675200,0.0
2024-12-31 00:00:00,2025-01-01 00:00:00,1735678800,0.0
2024-12-31 01:00:00,2025-01-01 01:00:00,1735682400,0.0
2024-12-31 02:00:00,2025-01-01 02:00:00,1735686000,0.0
2024-12-31 03:00:00,2025-01-01 03:00:00,1735689600,0.0
2024-12-31 04:00:00,2025-01-01 04:00:00,1735693200,0.0
2024-12-31 05:00:00,2025-01-01 05:00:00,1735696800,0.0
2024-12-31 06:00:00,2025-01-01 06:00:00,1735700400,0.0
2024-12-31 07:00:00,2025-01-01 07:00:00,1735704000,0.0
2024-12-31 08:00:00,2025-01-01 08:00:00,1735707600,0.0
2024-12-31 09:00:00,2025-01-01 09:00:00,1735711200,47.0
2024-12-31 10:00:00,2025-01-01 10:00:00,1735714800,191.0
2024-12-31 11:00:00,2025-01-01 11:00:00,1735718400,347.0
2024-12-31 12:00:00,2025-01-01 12:00:00,1735722000,469.0
2024-12-31 13:00:00,2025-01-01 13:00:00,1735725600,524.0
2024-12-31 14:00:00,2025-01-01 14:00:00,1735729200,515.0
2024-12-31 15:00:00,2025-01-01 15:00:00,1735732800,441.0
2024-12-31 16:00:00,2025-01-01 16:00:00,1735736400,314.0
2024-12-31 17:00:00,2025-01-01 17:00:00,1735740000,166.0
2024-12-31 18:00:00,2025-01-01 18:00:00,1735743600,30.0
2024-12-31 19:00:00,2025-01-01 19:00:00,1735747200,0.0
2024-12-31 20:00:00,2025-01-01 20:00:00,1735750800,0.0
2024-12-31 21:00:00,2025-01-01 21:00:00,1735754400,0.0
2024-12-31 22:00:00,2025-01-01 22:00:00,1735758000,0.0
2024-12-31 23:00:00,2025-01-01 23:00:00,1735761600,0.0
2025-01-01 00:00:00,2025-01-02 00:00:00,1735765200,0.0
2025-01-01 01:00:00,2025-01-02 01:00:00,1735768800,0.0
2025-01-01 02:00:00,2025-01-02 02:00:00,1735772400,0.0
2025-01-01 03:00:00,2025-01-02 03:00:00,1735776000,0.0
2025-01-01 04:00:00,2025-01-02 04:00:00,1735779600,0.0
2025-01-01 05:00:00,2025-01-02 05:00:00,1735783200,0.0
2025-01-01 06:00:00,2025-01-02 06:00:00,1735786800,0.0
2025-01-01 07:00:00,2025-01-02 07:00:00,1735790400,0.0
2025-01-01 08:00:00,2025-01-02 08:00:00,1735794000,0.0
2025-01-01 09:00:00,2025-01-02 09:00:00,1735797600,48.0
2025-01-01 10:00:00,2025-01-02 10:00:00,1735801200,189.0
2025-01-01 11:00:00,2025-01-02 11:00:00,1735804800,357.0
2025-01-01 12:00:00,2025-01-02 12:00:00,1735808400,470.0
2025-01-01 13:00:00,2025-01-02 13:00:00,1735812000,512.0
2025-01-01 14:00:00,2025-01-02 14:00:00,1735815600,464.0
2025-01-01 15:00:00,2025-01-02 15:00:00,1735819200,415.0
2025-01-01 16:00:00,2025-01-02 16:00:00,1735822800,317.0
2025-01-01 17:00:00,2025-01-02 17:00:00,1735826400,170.0
2025-01-01 18:00:00,2025-01-02 18:00:00,1735830000,31.0
2025-01-01 19:00:00,2025-01-02 19:00:00,1735833600,0.0
2025-01-01 20:00:00,2025-01-02 20:00:00,1735837200,0.0
2025-01-01 21:00:00,2025-01-02 21:00:00,1735840800,0.0
2025-01-01 22:00:00,2025-01-02 22:00:00,1735844400,0.0
2025-01-01 23:00:00,2025-01-02 23:00:00,1735848000,0.0
2025-01-02 00:00:00,2025-01-03 00:00:00,1735851600,0.0
2025-01-02 01:00:00,2025-01-03 01:00:00,1735855200,0.0
2025-01-02 02:00:00,2025-01-03 02:00:00,1735858800,0.0
2025-01-02 03:00:00,2025-01-03 03:00:00,1735862400,0.0
2025-01-02 04:00:00,2025-01-03 04:00:00,1735866000,0.0
2025-01-02 05:00:00,2025-01-03 05:00:00,1735869600,0.0
2025-01-02 06:00:00,2025-01-03 06:00:00,1735873200,0.0
2025-01-02 07:00:00,2025-01-03 07:00:00,1735876800,0.0
2025-01-02 08:00:00,2025-01-03 08:00:00,1735880400,0.0
2025-01-02 09:00:00,2025-01-03 09:00:00,1735884000,47.0
2025-01-02 10:00:00,2025-01-03 10:00:00,1735887600,175.0
2025-01-02 11:00:00,2025-01-03 11:00:00,1735891200,347.0
2025-01-02 12:00:00,2025-01-03 12:00:00,1735894800,462.0
2025-01-02 13:00:00,2025-01-03 13:00:00,1735898400,487.0
2025-01-02 14:00:00,2025-01-03 14:00:00,1735902000,470.0
2025-01-02 15:00:00,2025-01-03 15:00:00,1735905600,397.0
2025-01-02 16:00:00,2025-01-03 16:00:00,1735909200,291.0
2025-01-02 17:00:00,2025-01-03 17:00:00,1735912800,158.0
2025-01-02 18:00:00,2025-01-03 18:00:00,1735916400,28.0
2025-01-02 19:00:00,2025-01-03 19:00:00,1735920000,0.0
2025-01-02 20:00:00,2025-01-03 20:00:00,1735923600,0.0
2025-01-02 21:00:00,2025-01-03 21:00:00,1735927200,0.0
2025-01-02 22:00:00,2025-01-03 22:00:00,1735930800,0.0
2025-01-02 23:00:00,2025-01-03 23:00:00,1735934400,0.0
2025-01-03 00:00:00,2025-01-04 00:00:00,1735938000,0.0
2025-01-03 01:00:00,2025-01-04 01:00:00,1735941600,0.0
2025-01-03 02:00:00,2025-01-04 02:00:00,1735945200,0.0
2025-01-03 03:00:00,2025-01-04 03:00:00,1735948800,0.0
2025-01-03 04:00:00,2025-01-04 04:00:00,1735952400,0.0
2025-01-03 05:00:00,2025-01-04 05:00:00,1735956000,0.0
2025-01-03 06:00:00,2025-01-04 06:00:00,1735959600,0.0
2025-01-03 07:00:00,2025-01-04 07:00:00,1735963200,0.0
2025-01-03 08:00:00,2025-01-04 08:00:00,1735966800,0.0
2025-01-03 09:00:00,2025-01-04 09:00:00,1735970400,45.0
2025-01-03 10:00:00,2025-01-04 10:00:00,1735974000,110.0
2025-01-03 11:00:00,2025-01-04 11:00:00,1735977600,133.0
2025-01-03 12:00:00,2025-01-04 12:00:00,1735981200,172.0
2025-01-03 13:00:00,2025-01-04 13:00:00,1735984800,383.0
2025-01-03 14:00:00,2025-01-04 14:00:00,1735988400,464.0
2025-01-03 15:00:00,2025-01-04 15:00:00,1735992000,273.0
2025-01-03 16:00:00,2025-01-04 16:00:00,1735995600,187.0
2025-01-03 17:00:00,2025-01-04 17:00:00,1735999200,101.0
2025-01-03 18:00:00,2025-01-04 18:00:00,1736002800,20.0
2025-01-03 19:00:00,2025-01-04 19:00:00,1736006400,0.0
2025-01-03 20:00:00,2025-01-04 20:00:00,1736010000,0.0
2025-01-03 21:00:00,2025-01-04 21:00:00,1736013600,0.0
2025-01-03 22:00:00,2025-01-04 22:00:00,1736017200,0.0
2025-01-03 23:00:00,2025-01-04 23:00:00,1736020800,0.0
2025-01-04 00:00:00,2025-01-05 00:00:00,1736024400,0.0
2025-01-04 01:00:00,2025-01-05 01:00:00,1736028000,0.0
2025-01-04 02:00:00,2025-01-05 02:00:00,1736031600,0.0
2025-01-04 03:00:00,2025-01-05 03:00:00,1736035200,0.0
2025-01-04 04:00:00,2025-01-05 04:00:00,1736038800,0.0
2025-01-04 05:00:00,2025-01-05 05:00:00,1736042400,0.0
2025-01-04 06:00:00,2025-01-05 06:00:00,1736046000,0.0
2025-01-04 07:00:00,2025-01-05 07:00:00,1736049600,0.0
2025-01-04 08:00:00,2025-01-05 08:00:00,1736053200,0.0
2025-01-04 09:00:00,2025-01-05 09:00:00,1736056800,40.0
2025-01-04 10:00:00,2025-01-05 10:00:00,1736060400,100.0
2025-01-04 11:00:00,2025-01-05 11:00:00,1736064000,162.0
2025-01-04 12:00:00,2025-01-05 12:00:00,1736067600,230.0
2025-01-04 13:00:00,2025-01-05 13:00:00,1736071200,338.0
2025-01-04 14:00:00,2025-01-05 14:00:00,1736074800,203.0
2025-01-04 15:00:00,2025-01-05 15:00:00,1736078400,162.0
2025-01-04 16:00:00,2025-01-05 16:00:00,1736082000,267.0
2025-01-04 17:00:00,2025-01-05 17:00:00,1736085600,134.0
2025-01-04 18:00:00,2025-01-05 18:00:00,1736089200,29.0
2025-01-04 19:00:00,2025-01-05 19:00:00,1736092800,0.0
2025-01-04 20:00:00,2025-01-05 20:00:00,1736096400,0.0
2025-01-04 21:00:00,2025-01-05 21:00:00,1736100000,0.0
2025-01-04 22:00:00,2025-01-05 22:00:00,1736103600,0.0
2025-01-04 23:00:00,2025-01-05 23:00:00,1736107200,0.0
2025-01-05 00:00:00,2025-01-06 00:00:00,1736110800,0.0
2025-01-05 01:00:00,2025-01-06 01:00:00,1736114400,0.0
2025-01-05 02:00:00,2025-01-06 02:00:00,1736118000,0.0
2025-01-05 03:00:00,2025-01-06 03:00:00,1736121600,0.0
2025-01-05 04:00:00,2025-01-06 04:00:00,1736125200,0.0
2025-01-05 05:00:00,2025-01-06 05:00:00,1736128800,0.0
2025-01-05 06:00:00,2025-01-06 06:00:00,1736132400,0.0
2025-01-05 07:00:00,2025-01-06 07:00:00,1736136000,0.0
2025-01-05 08:00:00,2025-01-06 08:00:00,1736139600,0.0
2025-01-05 09:00:00,2025-01-06 09:00:00,1736143200,47.0
2025-01-05 10:00:00,2025-01-06 10:00:00,1736146800,192.0
2025-01-05 11:00:00,2025-01-06 11:00:00,1736150400,345.0
2025-01-05 12:00:00,2025-01-06 12:00:00,1736154000,453.0
2025-01-05 13:00:00,2025-01-06 13:00:00,1736157600,476.0
2025-01-05 14:00:00,2025-01-06 14:00:00,1736161200,479.0
2025-01-05 15:00:00,2025-01-06 15:00:00,1736164800,422.0
2025-01-05 16:00:00,2025-01-06 16:00:00,1736168400,269.0
2025-01-05 17:00:00,2025-01-06 17:00:00,1736172000,164.0
2025-01-05 18:00:00,2025-01-06 18:00:00,1736175600,34.0
2025-01-05 19:00:00,2025-01-06 19:00:00,1736179200,0.0
2025-01-05 20:00:00,2025-01-06 20:00:00,1736182800,0.0
2025-01-05 21:00:00,2025-01-06 21:00:00,1736186400,0.0
2025-01-05 22:00:00,2025-01-06 22:00:00,1736190000,0.0
2025-01-05 23:00:00,2025-01-06 23:00:00,1736193600,0.0
2025-01-06 00:00:00,2025-01-07 00:00:00,1736197200,0.0
2025-01-06 01:00:00,2025-01-07 01:00:00,1736200800,0.0
2025-01-06 02:00:00,2025-01-07 02:00:00,1736204400,0.0
2025-01-06 03:00:00,2025-01-07 03:00:00,1736208000,0.0
2025-01-06 04:00:00,2025-01-07 04:00:00,1736211600,0.0
2025-01-06 05:00:00,2025-01-07 05:00:00,1736215200,0.0
2025-01-06 06:00:00,2025-01-07 06:00:00,1736218800,0.0
2025-01-06 07:00:00,2025-01-07 07:00:00,1736222400,0.0
2025-01-06 08:00:00,2025-01-07 08:00:00,1736226000,0.0
2025-01-06 09:00:00,2025-01-07 09:00:00,1736229600,49.0
2025-01-06 10:00:00,2025-01-07 10:00:00,1736233200,199.0
2025-01-06 11:00:00,2025-01-07 11:00:00,1736236800,352.0
2025-01-06 12:00:00,2025-01-07 12:00:00,1736240400,466.0
2025-01-06 13:00:00,2025-01-07 13:00:00,1736244000,520.0
2025-01-06 14:00:00,2025-01-07 14:00:00,1736247600,504.0
2025-01-06 15:00:00,2025-01-07 15:00:00,1736251200,437.0
2025-01-06 16:00:00,2025-01-07 16:00:00,1736254800,308.0
2025-01-06 17:00:00,2025-01-07 17:00:00,1736258400,167.0
2025-01-06 18:00:00,2025-01-07 18:00:00,1736262000,32.0
2025-01-06 19:00:00,2025-01-07 19:00:00,1736265600,0.0
2025-01-06 20:00:00,2025-01-07 20:00:00,1736269200,0.0
2025-01-06 21:00:00,2025-01-07 21:00:00,1736272800,0.0
2025-01-06 22:00:00,2025-01-07 22:00:00,1736276400,0.0
2025-01-06 23:00:00,2025-01-07 23:00:00,1736280000,0.0
2025-01-07 00:00:00,2025-01-08 00:00:00,1736283600,0.0
2025-01-07 01:00:00,2025-01-08 01:00:00,1736287200,0.0
2025-01-07 02:00:00,2025-01-08 02:00:00,1736290800,0.0
2025-01-07 03:00:00,2025-01-08 03:00:00,1736294400,0.0
2025-01-07 04:00:00,2025-01-08 04:00:00,1736298000,0.0
2025-01-07 05:00:00,2025-01-08 05:00:00,1736301600,0.0
2025-01-07 06:00:00,2025-01-08 06:00:00,1736305200,0.0
2025-01-07 07:00:00,2025-01-08 07:00:00,1736308800,0.0
2025-01-07 08:00:00,2025-01-08 08:00:00,1736312400,0.0
2025-01-07 09:00:00,2025-01-08 09:00:00,1736316000,49.0
2025-01-07 10:00:00,2025-01-08 10:00:00,1736319600,196.0
2025-01-07 11:00:00,2025-01-08 11:00:00,1736323200,287.0
2025-01-07 12:00:00,2025-01-08 12:00:00,1736326800,435.0
2025-01-07 13:00:00,2025-01-08 13:00:00,1736330400,517.0
2025-01-07 14:00:00,2025-01-08 14:00:00,1736334000,500.0
2025-01-07 15:00:00,2025-01-08 15:00:00,1736337600,393.0
2025-01-07 16:00:00,2025-01-08 16:00:00,1736341200,265.0
2025-01-07 17:00:00,2025-01-08 17:00:00,1736344800,77.0
2025-01-07 18:00:00,2025-01-08 18:00:00,1736348400,17.0
2025-01-07 19:00:00,2025-01-08 19:00:00,1736352000,0.0
2025-01-07 20:00:00,2025-01-08 20:00:00,1736355600,0.0
2025-01-07 21:00:00,2025-01-08 21:00:00,1736359200,0.0
2025-01-07 22:00:00,2025-01-08 22:00:00,1736362800,0.0
2025-01-07 23:00:00,2025-01-08 23:00:00,1736366400,0.0
2025-01-08 00:00:00,2025-01-09 00:00:00,1736370000,0.0
2025-01-08 01:00:00,2025-01-09 01:00:00,1736373600,0.0
2025-01-08 02:00:00,2025-01-09 02:00:00,1736377200,0.0
2025-01-08 03:00:00,2025-01-09 03:00:00,1736380800,0.0
2025-01-08 04:00:00,2025-01-09 04:00:00,1736384400,0.0
2025-01-08 05:00:00,2025-01-09 05:00:00,1736388000,0.0
2025-01-08 06:00:00,2025-01-09 06:00:00,1736391600,0.0
2025-01-08 07:00:00,2025-01-09 07:00:00,1736395200,0.0
2025-01-08 08:00:00,2025-01-09 08:00:00,1736398800,0.0
2025-01-08 09:00:00,2025-01-09 09:00:00,1736402400,44.0
2025-01-08 10:00:00,2025-01-09 10:00:00,1736406000,177.0
2025-01-08 11:00:00,2025-01-09 11:00:00,1736409600,318.0
2025-01-08 12:00:00,2025-01-09 12:00:00,1736413200,440.0
2025-01-08 13:00:00,2025-01-09 13:00:00,1736416800,494.0
2025-01-08 14:00:00,2025-01-09 14:00:00,1736420400,501.0
2025-01-08 15:00:00,2025-01-09 15:00:00,1736424000,445.0
2025-01-08 16:00:00,2025-01-09 16:00:00,1736427600,336.0
2025-01-08 17:00:00,2025-01-09 17:00:00,1736431200,188.0
2025-01-08 18:00:00,2025-01-09 18:00:00,1736434800,41.0
2025-01-08 19:00:00,2025-01-09 19:00:00,1736438400,0.0
2025-01-08 20:00:00,2025-01-09 20:00:00,1736442000,0.0
2025-01-08 21:00:00,2025-01-09 21:00:00,1736445600,0.0
2025-01-08 22:00:00,2025-01-09 22:00:00,1736449200,0.0
2025-01-08 23:00:00,2025-01-09 23:00:00,1736452800,0.0
2025-01-09 00:00:00,2025-01-10 00:00:00,1736456400,0.0
2025-01-09 01:00:00,2025-01-10 01:00:00,1736460000,0.0
2025-01-09 02:00:00,2025-01-10 02:00:00,1736463600,0.0
2025-01-09 03:00:00,2025-01-10 03:00:00,1736467200,0.0
2025-01-09 04:00:00,2025-01-10 04:00:00,1736470800,0.0
2025-01-09 05:00:00,2025-01-10 05:00:00,1736474400,0.0
2025-01-09 06:00:00,2025-01-10 06:00:00,1736478000,0.0
2025-01-09 07:00:00,2025-01-10 07:00:00,1736481600,0.0
2025-01-09 08:00:00,2025-01-10 08:00:00,1736485200,0.0
2025-01-09 09:00:00,2025-01-10 09:00:00,1736488800,54.0
2025-01-09 10:00:00,2025-01-10 10:00:00,1736492400,206.0
2025-01-09 11:00:00,2025-01-10 11:00:00,1736496000,348.0
2025-01-09 12:00:00,2025-01-10 12:00:00,1736499600,430.0
2025-01-09 13:00:00,2025-01-10 13:00:00,1736503200,492.0
2025-01-09 14:00:00,2025-01-10 14:00:00,1736506800,501.0
2025-01-09 15:00:00,2025-01-10 15:00:00,1736510400,445.0
2025-01-09 16:00:00,2025-01-10 16:00:00,1736514000,280.0
2025-01-09 17:00:00,2025-01-10 17:00:00,1736517600,178.0
2025-01-09 18:00:00,2025-01-10 18:00:00,1736521200,41.0
2025-01-09 19:00:00,2025-01-10 19:00:00,1736524800,0.0
2025-01-09 20:00:00,2025-01-10 20:00:00,1736528400,0.0
2025-01-09 21:00:00,2025-01-10 21:00:00,1736532000,0.0
2025-01-09 22:00:00,2025-01-10 22:00:00,1736535600,0.0
2025-01-09 23:00:00,2025-01-10 23:00:00,1736539200,0.0
2025-01-10 00:00:00,2025-01-11 00:00:00,1736542800,0.0
2025-01-10 01:00:00,2025-01-11 01:00:00,1736546400,0.0
2025-01-10 02:00:00,2025-01-11 02:00:00,1736550000,0.0
2025-01-10 03:00:00,2025-01-11 03:00:00,1736553600,0.0
2025-01-10 04:00:00,2025-01-11 04:00:00,1736557200,0.0
2025-01-10 05:00:00,2025-01-11 05:00:00,1736560800,0.0
2025-01-10 06:00:00,2025-01-11 06:00:00,1736564400,0.0
2025-01-10 07:00:00,2025-01-11 07:00:00,1736568000,0.0
2025-01-10 08:00:00,2025-01-11 08:00:00,1736571600,0.0
2025-01-10 09:00:00,2025-01-11 09:00:00,1736575200,51.0
2025-01-10 10:00:00,2025-01-11 10:00:00,1736578800,202.0
2025-01-10 11:00:00,2025-01-11 11:00:00,1736582400,361.0
2025-01-10 12:00:00,2025-01-11 12:00:00,1736586000,474.0
2025-01-10 13:00:00,2025-01-11 13:00:00,1736589600,533.0
2025-01-10 14:00:00,2025-01-11 14:00:00,1736593200,515.0
2025-01-10 15:00:00,2025-01-11 15:00:00,1736596800,426.0
2025-01-10 16:00:00,2025-01-11 16:00:00,1736600400,317.0
2025-01-10 17:00:00,2025-01-11 17:00:00,1736604000,181.0
2025-01-10 18:00:00,2025-01-11 18:00:00,1736607600,43.0
2025-01-10 19:00:00,2025-01-11 19:00:00,1736611200,0.0
2025-01-10 20:00:00,2025-01-11 20:00:00,1736614800,0.0
2025-01-10 21:00:00,2025-01-11 21:00:00,1736618400,0.0
2025-01-10 22:00:00,2025-01-11 22:00:00,1736622000,0.0
2025-01-10 23:00:00,2025-01-11 23:00:00,1736625600,0.0
2025-01-11 00:00:00,2025-01-12 00:00:00,1736629200,0.0
2025-01-11 01:00:00,2025-01-12 01:00:00,1736632800,0.0
2025-01-11 02:00:00,2025-01-12 02:00:00,1736636400,0.0
2025-01-11 03:00:00,2025-01-12 03:00:00,1736640000,0.0
2025-01-11 04:00:00,2025-01-12 04:00:00,1736643600,0.0
2025-01-11 05:00:00,2025-01-12 05:00:00,1736647200,0.0
2025-01-11 06:00:00,2025-01-12 06:00:00,1736650800,0.0
2025-01-11 07:00:00,2025-01-12 07:00:00,1736654400,0.0
2025-01-11 08:00:00,2025-01-12 08:00:00,1736658000,0.0
2025-01-11 09:00:00,2025-01-12 09:00:00,1736661600,49.0
2025-01-11 10:00:00,2025-01-12 10:00:00,1736665200,189.0
2025-01-11 11:00:00,2025-01-12 11:00:00,1736668800,297.0
2025-01-11 12:00:00,2025-01-12 12:00:00,1736672400,428.0
2025-01-11 13:00:00,2025-01-12 13:00:00,1736676000,428.0
2025-01-11 14:00:00,2025-01-12 14:00:00,1736679600,408.0
2025-01-11 15:00:00,2025-01-12 15:00:00,1736683200,303.0
2025-01-11 16:00:00,2025-01-12 16:00:00,1736686800,112.0
2025-01-11 17:00:00,2025-01-12 17:00:00,1736690400,119.0
2025-01-11 18:00:00,2025-01-12 18:00:00,1736694000,33.0
2025-01-11 19:00:00,2025-01-12 19:00:00,1736697600,0.0
2025-01-11 20:00:00,2025-01-12 20:00:00,1736701200,0.0
2025-01-11 21:00:00,2025-01-12 21:00:00,1736704800,0.0
2025-01-11 22:00:00,2025-01-12 22:00:00,1736708400,0.0
2025-01-11 23:00:00,2025-01-12 23:00:00,1736712000,0.0
2025-01-12 00:00:00,2025-01-13 00:00:00,1736715600,0.0
2025-01-12 01:00:00,2025-01-13 01:00:00,1736719200,0.0
2025-01-12 02:00:00,2025-01-13 02:00:00,1736722800,0.0
2025-01-12 03:00:00,2025-01-13 03:00:00,1736726400,0.0
2025-01-12 04:00:00,2025-01-13 04:00:00,1736730000,0.0
2025-01-12 05:00:00,2025-01-13 05:00:00,1736733600,0.0
2025-01-12 06:00:00,2025-01-13 06:00:00,1736737200,0.0
2025-01-12 07:00:00,2025-01-13 07:00:00,1736740800,0.0
2025-01-12 08:00:00,2025-01-13 08:00:00,1736744400,0.0
2025-01-12 09:00:00,2025-01-13 09:00:00,1736748000,46.0
2025-01-12 10:00:00,2025-01-13 10:00:00,1736751600,126.0
2025-01-12 11:00:00,2025-01-13 11:00:00,1736755200,271.0
2025-01-12 12:00:00,2025-01-13 12:00:00,1736758800,428.0
2025-01-12 13:00:00,2025-01-13 13:00:00,1736762400,496.0
2025-01-12 14:00:00,2025-01-13 14:00:00,1736766000,498.0
2025-01-12 15:00:00,2025-01-13 15:00:00,1736769600,434.0
2025-01-12 16:00:00,2025-01-13 16:00:00,1736773200,317.0
2025-01-12 17:00:00,2025-01-13 17:00:00,1736776800,179.0
2025-01-12 18:00:00,2025-01-13 18:00:00,1736780400,45.0
2025-01-12 19:00:00,2025-01-13 19:00:00,1736784000,0.0
2025-01-12 20:00:00,2025-01-13 20:00:00,1736787600,0.0
2025-01-12 21:00:00,2025-01-13 21:00:00,1736791200,0.0
2025-01-12 22:00:00,2025-01-13 22:00:00,1736794800,0.0
2025-01-12 23:00:00,2025-01-13 23:00:00,1736798400,0.0
2025-01-13 00:00:00,2025-01-14 00:00:00,1736802000,0.0
2025-01-13 01:00:00,2025-01-14 01:00:00,1736805600,0.0
2025-01-13 02:00:00,2025-01-14 02:00:00,1736809200,0.0
2025-01-13 03:00:00,2025-01-14 03:00:00,1736812800,0.0
2025-01-13 04:00:00,2025-01-14 04:00:00,1736816400,0.0
2025-01-13 05:00:00,2025-01-14 05:00:00,1736820000,0.0
2025-01-13 06:00:00,2025-01-14 06:00:00,1736823600,0.0
2025-01-13 07:00:00,2025-01-14 07:00:00,1736827200,0.0
2025-01-13 08:00:00,2025-01-14 08:00:00,1736830800,0.0
2025-01-13 09:00:00,2025-01-14 09:00:00,1736834400,54.0
2025-01-13 10:00:00,2025-01-14 10:00:00,1736838000,211.0
2025-01-13 11:00:00,2025-01-14 11:00:00,1736841600,367.0
2025-01-13 12:00:00,2025-01-14 12:00:00,1736845200,484.0
2025-01-13 13:00:00,2025-01-14 13:00:00,1736848800,546.0
2025-01-13 14:00:00,2025-01-14 14:00:00,1736852400,545.0
2025-01-13 15:00:00,2025-01-14 15:00:00,1736856000,481.0
2025-01-13 16:00:00,2025-01-14 16:00:00,1736859600,365.0
2025-01-13 17:00:00,2025-01-14 17:00:00,1736863200,207.0
2025-01-13 18:00:00,2025-01-14 18:00:00,1736866800,51.0
2025-01-13 19:00:00,2025-01-14 19:00:00,1736870400,0.0
2025-01-13 20:00:00,2025-01-14 20:00:00,1736874000,0.0
2025-01-13 21:00:00,2025-01-14 21:00:00,1736877600,0.0
2025-01-13 22:00:00,2025-01-14 22:00:00,1736881200,0.0
2025-01-13 23:00:00,2025-01-14 23:00:00,1736884800,0.0
2025-01-14 00:00:00,2025-01-15 00:00:00,1736888400,0.0
2025-01-14 01:00:00,2025-01-15 01:00:00,1736892000,0.0
2025-01-14 02:00:00,2025-01-15 02:00:00,1736895600,0.0
2025-01-14 03:00:00,2025-01-15 03:00:00,1736899200,0.0
2025-01-14 04:00:00,2025-01-15 04:00:00,1736902800,0.0
2025-01-14 05:00:00,2025-01-15 05:00:00,1736906400,0.0
2025-01-14 06:00:00,2025-01-15 06:00:00,1736910000,0.0
2025-01-14 07:00:00,2025-01-15 07:00:00,1736913600,0.0
2025-01-14 08:00:00,2025-01-15 08:00:00,1736917200,0.0
2025-01-14 09:00:00,2025-01-15 09:00:00,1736920800,55.0
2025-01-14 10:00:00,2025-01-15 10:00:00,1736924400,213.0
2025-01-14 11:00:00,2025-01-15 11:00:00,1736928000,371.0
2025-01-14 12:00:00,2025-01-15 12:00:00,1736931600,488.0
2025-01-14 13:00:00,2025-01-15 13:00:00,1736935200,547.0
2025-01-14 14:00:00,2025-01-15 14:00:00,1736938800,543.0
2025-01-14 15:00:00,2025-01-15 15:00:00,1736942400,479.0
2025-01-14 16:00:00,2025-01-15 16:00:00,1736946000,362.0
2025-01-14 17:00:00,2025-01-15 17:00:00,1736949600,209.0
2025-01-14 18:00:00,2025-01-15 18:00:00,1736953200,52.0
2025-01-14 19:00:00,2025-01-15 19:00:00,1736956800,0.0
2025-01-14 20:00:00,2025-01-15 20:00:00,1736960400,0.0
2025-01-14 21:00:00,2025-01-15 21:00:00,1736964000,0.0
2025-01-14 22:00:00,2025-01-15 22:00:00,1736967600,0.0
2025-01-14 23:00:00,2025-01-15 23:00:00,1736971200,0.0
2025-01-15 00:00:00,2025-01-16 00:00:00,1736974800,0.0
2025-01-15 01:00:00,2025-01-16 01:00:00,1736978400,0.0
2025-01-15 02:00:00,2025-01-16 02:00:00,1736982000,0.0
2025-01-15 03:00:00,2025-01-16 03:00:00,1736985600,0.0
2025-01-15 04:00:00,2025-01-16 04:00:00,1736989200,0.0
2025-01-15 05:00:00,2025-01-16 05:00:00,1736992800,0.0
2025-01-15 06:00:00,2025-01-16 06:00:00,1736996400,0.0
2025-01-15 07:00:00,2025-01-16 07:00:00,1737000000,0.0
2025-01-15 08:00:00,2025-01-16 08:00:00,1737003600,0.0
2025-01-15 09:00:00,2025-01-16 09:00:00,1737007200,50.0
2025-01-15 10:00:00,2025-01-16 10:00:00,1737010800,206.0
2025-01-15 11:00:00,2025-01-16 11:00:00,1737014400,346.0
2025-01-15 12:00:00,2025-01-16 12:00:00,1737018000,474.0
2025-01-15 13:00:00,2025-01-16 13:00:00,1737021600,536.0
2025-01-15 14:00:00,2025-01-16 14:00:00,1737025200,512.0
2025-01-15 15:00:00,2025-01-16 15:00:00,1737028800,481.0
2025-01-15 16:00:00,2025-01-16 16:00:00,1737032400,357.0
2025-01-15 17:00:00,2025-01-16 17:00:00,1737036000,203.0
2025-01-15 18:00:00,2025-01-16 18:00:00,1737039600,55.0
2025-01-15 19:00:00,2025-01-16 19:00:00,1737043200,0.0
2025-01-15 20:00:00,2025-01-16 20:00:00,1737046800,0.0
2025-01-15 21:00:00,2025-01-16 21:00:00,1737050400,0.0
2025-01-15 22:00:00,2025-01-16 22:00:00,1737054000,0.0
2025-01-15 23:00:00,2025-01-16 23:00:00,1737057600,0.0
2025-01-16 00:00:00,2025-01-17 00:00:00,1737061200,0.0
2025-01-16 01:00:00,2025-01-17 01:00:00,1737064800,0.0
2025-01-16 02:00:00,2025-01-17 02:00:00,1737068400,0.0
2025-01-16 03:00:00,2025-01-17 03:00:00,1737072000,0.0
2025-01-16 04:00:00,2025-01-17 04:00:00,1737075600,0.0
2025-01-16 05:00:00,2025-01-17 05:00:00,1737079200,0.0
2025-01-16 06:00:00,2025-01-17 06:00:00,1737082800,0.0
2025-01-16 07:00:00,2025-01-17 07:00:00,1737086400,0.0
2025-01-16 08:00:00,2025-01-17 08:00:00,1737090000,0.0
2025-01-16 09:00:00,2025-01-17 09:00:00,1737093600,55.0
2025-01-16 10:00:00,2025-01-17 10:00:00,1737097200,215.0
2025-01-16 11:00:00,2025-01-17 11:00:00,1737100800,373.0
2025-01-16 12:00:00,2025-01-17 12:00:00,1737104400,493.0
2025-01-16 13:00:00,2025-01-17 13:00:00,1737108000,554.0
2025-01-16 14:00:00,2025-01-17 14:00:00,1737111600,541.0
2025-01-16 15:00:00,2025-01-17 15:00:00,1737115200,474.0
2025-01-16 16:00:00,2025-01-17 16:00:00,1737118800,369.0
2025-01-16 17:00:00,2025-01-17 17:00:00,1737122400,219.0
2025-01-16 18:00:00,2025-01-17 18:00:00,1737126000,58.0
2025-01-16 19:00:00,2025-01-17 19:00:00,1737129600,0.0
2025-01-16 20:00:00,2025-01-17 20:00:00,1737133200,0.0
2025-01-16 21:00:00,2025-01-17 21:00:00,1737136800,0.0
2025-01-16 22:00:00,2025-01-17 22:00:00,1737140400,0.0
2025-01-16 23:00:00,2025-01-17 23:00:00,1737144000,0.0
2025-01-17 00:00:00,2025-01-18 00:00:00,1737147600,0.0
2025-01-17 01:00:00,2025-01-18 01:00:00,1737151200,0.0
2025-01-17 02:00:00,2025-01-18 02:00:00,1737154800,0.0
2025-01-17 03:00:00,2025-01-18 03:00:00,1737158400,0.0
2025-01-17 04:00:00,2025-01-18 04:00:00,1737162000,0.0
2025-01-17 05:00:00,2025-01-18 05:00:00,1737165600,0.0
2025-01-17 06:00:00,2025-01-18 06:00:00,1737169200,0.0
2025-01-17 07:00:00,2025-01-18 07:00:00,1737172800,0.0
2025-01-17 08:00:00,2025-01-18 08:00:00,1737176400,0.0
2025-01-17 09:00:00,2025-01-18 09:00:00,1737180000,59.0
2025-01-17 10:00:00,2025-01-18 10:00:00,1737183600,224.0
2025-01-17 11:00:00,2025-01-18 11:00:00,1737187200,386.0
2025-01-17 12:00:00,2025-01-18 12:00:00,1737190800,506.0
2025-01-17 13:00:00,2025-01-18 13:00:00,1737194400,568.0
2025-01-17 14:00:00,2025-01-18 14:00:00,1737198000,568.0
2025-01-17 15:00:00,2025-01-18 15:00:00,1737201600,506.0
2025-01-17 16:00:00,2025-01-18 16:00:00,1737205200,386.0
2025-01-17 17:00:00,2025-01-18 17:00:00,1737208800,226.0
2025-01-17 18:00:00,2025-01-18 18:00:00,1737212400,62.0
2025-01-17 19:00:00,2025-01-18 19:00:00,1737216000,0.0
2025-01-17 20:00:00,2025-01-18 20:00:00,1737219600,0.0
2025-01-17 21:00:00,2025-01-18 21:00:00,1737223200,0.0
2025-01-17 22:00:00,2025-01-18 22:00:00,1737226800,0.0
2025-01-17 23:00:00,2025-01-18 23:00:00,1737230400,0.0
2025-01-18 00:00:00,2025-01-19 00:00:00,1737234000,0.0
2025-01-18 01:00:00,2025-01-19 01:00:00,1737237600,0.0
2025-01-18 02:00:00,2025-01-19 02:00:00,1737241200,0.0
2025-01-18 03:00:00,2025-01-19 03:00:00,1737244800,0.0
2025-01-18 04:00:00,2025-01-19 04:00:00,1737248400,0.0
2025-01-18 05:00:00,2025-01-19 05:00:00,1737252000,0.0
2025-01-18 06:00:00,2025-01-19 06:00:00,1737255600,0.0
2025-01-18 07:00:00,2025-01-19 07:00:00,1737259200,0.0
2025-01-18 08:00:00,2025-01-19 08:00:00,1737262800,0.0
2025-01-18 09:00:00,2025-01-19 09:00:00,1737266400,59.0
2025-01-18 10:00:00,2025-01-19 10:00:00,1737270000,222.0
2025-01-18 11:00:00,2025-01-19 11:00:00,1737273600,383.0
2025-01-18 12:00:00,2025-01-19 12:00:00,1737277200,502.0
2025-01-18 13:00:00,2025-01-19 13:00:00,1737280800,563.0
2025-01-18 14:00:00,2025-01-19 14:00:00,1737284400,557.0
2025-01-18 15:00:00,2025-01-19 15:00:00,1737288000,495.0
2025-01-18 16:00:00,2025-01-19 16:00:00,1737291600,382.0
2025-01-18 17:00:00,2025-01-19 17:00:00,1737295200,224.0
2025-01-18 18:00:00,2025-01-19 18:00:00,1737298800,63.0
2025-01-18 19:00:00,2025-01-19 19:00:00,1737302400,0.0
2025-01-18 20:00:00,2025-01-19 20:00:00,1737306000,0.0
2025-01-18 21:00:00,2025-01-19 21:00:00,1737309600,0.0
2025-01-18 22:00:00,2025-01-19 22:00:00,1737313200,0.0
2025-01-18 23:00:00,2025-01-19 23:00:00,1737316800,0.0
2025-01-19 00:00:00,2025-01-20 00:00:00,1737320400,0.0
2025-01-19 01:00:00,2025-01-20 01:00:00,1737324000,0.0
2025-01-19 02:00:00,2025-01-20 02:00:00,1737327600,0.0
2025-01-19 03:00:00,2025-01-20 03:00:00,1737331200,0.0
2025-01-19 04:00:00,2025-01-20 04:00:00,1737334800,0.0
2025-01-19 05:00:00,2025-01-20 05:00:00,1737338400,0.0
2025-01-19 06:00:00,2025-01-20 06:00:00,1737342000,0.0
2025-01-19 07:00:00,2025-01-20 07:00:00,1737345600,0.0
2025-01-19 08:00:00,2025-01-20 08:00:00,1737349200,0.0
2025-01-19 09:00:00,2025-01-20 09:00:00,1737352800,59.0
2025-01-19 10:00:00,2025-01-20 10:00:00,1737356400,218.0
2025-01-19 11:00:00,2025-01-20 11:00:00,1737360000,375.0
2025-01-19 12:00:00,2025-01-20 12:00:00,1737363600,496.0
2025-01-19 13:00:00,2025-01-20 13:00:00,1737367200,563.0
2025-01-19 14:00:00,2025-01-20 14:00:00,1737370800,566.0
2025-01-19 15:00:00,2025-01-20 15:00:00,1737374400,504.0
2025-01-19 16:00:00,2025-01-20 16:00:00,1737378000,386.0
2025-01-19 17:00:00,2025-01-20 17:00:00,1737381600,227.0
2025-01-19 18:00:00,2025-01-20 18:00:00,1737385200,65.0
2025-01-19 19:00:00,2025-01-20 19:00:00,1737388800,0.0
2025-01-19 20:00:00,2025-01-20 20:00:00,1737392400,0.0
2025-01-19 21:00:00,2025-01-20 21:00:00,1737396000,0.0
2025-01-19 22:00:00,2025-01-20 22:00:00,1737399600,0.0
2025-01-19 23:00:00,2025-01-20 23:00:00,1737403200,0.0
2025-01-20 00:00:00,2025-01-21 00:00:00,1737406800,0.0
2025-01-20 01:00:00,2025-01-21 01:00:00,1737410400,0.0
2025-01-20 02:00:00,2025-01-21 02:00:00,1737414000,0.0
2025-01-20 03:00:00,2025-01-21 03:00:00,1737417600,0.0
2025-01-20 04:00:00,2025-01-21 04:00:00,1737421200,0.0
2025-01-20 05:00:00,2025-01-21 05:00:00,1737424800,0.0
2025-01-20 06:00:00,2025-01-21 06:00:00,1737428400,0.0
2025-01-20 07:00:00,2025-01-21 07:00:00,1737432000,0.0
2025-01-20 08:00:00,2025-01-21 08:00:00,1737435600,0.0
2025-01-20 09:00:00,2025-01-21 09:00:00,1737439200,55.0
2025-01-20 10:00:00,2025-01-21 10:00:00,1737442800,220.0
2025-01-20 11:00:00,2025-01-21 11:00:00,1737446400,381.0
2025-01-20 12:00:00,2025-01-21 12:00:00,1737450000,483.0
2025-01-20 13:00:00,2025-01-21 13:00:00,1737453600,487.0
2025-01-20 14:00:00,2025-01-21 14:00:00,1737457200,564.0
2025-01-20 15:00:00,2025-01-21 15:00:00,1737460800,514.0
2025-01-20 16:00:00,2025-01-21 16:00:00,1737464400,389.0
2025-01-20 17:00:00,2025-01-21 17:00:00,1737468000,230.0
2025-01-20 18:00:00,2025-01-21 18:00:00,1737471600,64.0
2025-01-20 19:00:00,2025-01-21 19:00:00,1737475200,0.0
2025-01-20 20:00:00,2025-01-21 20:00:00,1737478800,0.0
2025-01-20 21:00:00,2025-01-21 21:00:00,1737482400,0.0
2025-01-20 22:00:00,2025-01-21 22:00:00,1737486000,0.0
2025-01-20 23:00:00,2025-01-21 23:00:00,1737489600,0.0
2025-01-21 00:00:00,2025-01-22 00:00:00,1737493200,0.0
2025-01-21 01:00:00,2025-01-22 01:00:00,1737496800,0.0
2025-01-21 02:00:00,2025-01-22 02:00:00,1737500400,0.0
2025-01-21 03:00:00,2025-01-22 03:00:00,1737504000,0.0
2025-01-21 04:00:00,2025-01-22 04:00:00,1737507600,0.0
2025-01-21 05:00:00,2025-01-22 05:00:00,1737511200,0.0
2025-01-21 06:00:00,2025-01-22 06:00:00,1737514800,0.0
2025-01-21 07:00:00,2025-01-22 07:00:00,1737518400,0.0
2025-01-21 08:00:00,2025-01-22 08:00:00,1737522000,0.0
2025-01-21 09:00:00,2025-01-22 09:00:00,1737525600,15.0
2025-01-21 10:00:00,2025-01-22 10:00:00,1737529200,35.0
2025-01-21 11:00:00,2025-01-22 11:00:00,1737532800,99.0
2025-01-21 12:00:00,2025-01-22 12:00:00,1737536400,95.0
2025-01-21 13:00:00,2025-01-22 13:00:00,1737540000,145.0
2025-01-21 14:00:00,2025-01-22 14:00:00,1737543600,205.0
2025-01-21 15:00:00,2025-01-22 15:00:00,1737547200,184.0
2025-01-21 16:00:00,2025-01-22 16:00:00,1737550800,120.0
2025-01-21 17:00:00,2025-01-22 17:00:00,1737554400,62.0
2025-01-21 18:00:00,2025-01-22 18:00:00,1737558000,41.0
2025-01-21 19:00:00,2025-01-22 19:00:00,1737561600,0.0
2025-01-21 20:00:00,2025-01-22 20:00:00,1737565200,0.0
2025-01-21 21:00:00,2025-01-22 21:00:00,1737568800,0.0
2025-01-21 22:00:00,2025-01-22 22:00:00,1737572400,0.0
2025-01-21 23:00:00,2025-01-22 23:00:00,1737576000,0.0
2025-01-22 00:00:00,2025-01-23 00:00:00,1737579600,0.0
2025-01-22 01:00:00,2025-01-23 01:00:00,1737583200,0.0
2025-01-22 02:00:00,2025-01-23 02:00:00,1737586800,0.0
2025-01-22 03:00:00,2025-01-23 03:00:00,1737590400,0.0
2025-01-22 04:00:00,2025-01-23 04:00:00,1737594000,0.0
2025-01-22 05:00:00,2025-01-23 05:00:00,1737597600,0.0
2025-01-22 06:00:00,2025-01-23 06:00:00,1737601200,0.0
2025-01-22 07:00:00,2025-01-23 07:00:00,1737604800,0.0
2025-01-22 08:00:00,2025-01-23 08:00:00,1737608400,0.0
2025-01-22 09:00:00,2025-01-23 09:00:00,1737612000,55.0
2025-01-22 10:00:00,2025-01-23 10:00:00,1737615600,172.0
2025-01-22 11:00:00,2025-01-23 11:00:00,1737619200,341.0
2025-01-22 12:00:00,2025-01-23 12:00:00,1737622800,453.0
2025-01-22 13:00:00,2025-01-23 13:00:00,1737626400,534.0
2025-01-22 14:00:00,2025-01-23 14:00:00,1737630000,499.0
2025-01-22 15:00:00,2025-01-23 15:00:00,1737633600,465.0
2025-01-22 16:00:00,2025-01-23 16:00:00,1737637200,358.0
2025-01-22 17:00:00,2025-01-23 17:00:00,1737640800,225.0
2025-01-22 18:00:00,2025-01-23 18:00:00,1737644400,67.0
2025-01-22 19:00:00,2025-01-23 19:00:00,1737648000,0.0
2025-01-22 20:00:00,2025-01-23 20:00:00,1737651600,0.0
2025-01-22 21:00:00,2025-01-23 21:00:00,1737655200,0.0
2025-01-22 22:00:00,2025-01-23 22:00:00,1737658800,0.0
2025-01-22 23:00:00,2025-01-23 23:00:00,1737662400,0.0
2025-01-23 00:00:00,2025-01-24 00:00:00,1737666000,0.0
2025-01-23 01:00:00,2025-01-24 01:00:00,1737669600,0.0
2025-01-23 02:00:00,2025-01-24 02:00:00,1737673200,0.0
2025-01-23 03:00:00,2025-01-24 03:00:00,1737676800,0.0
2025-01-23 04:00:00,2025-01-24 04:00:00,1737680400,0.0
2025-01-23 05:00:00,2025-01-24 05:00:00,1737684000,0.0
2025-01-23 06:00:00,2025-01-24 06:00:00,1737687600,0.0
2025-01-23 07:00:00,2025-01-24 07:00:00,1737691200,0.0
2025-01-23 08:00:00,2025-01-24 08:00:00,1737694800,0.0
2025-01-23 09:00:00,2025-01-24 09:00:00,1737698400,54.0
2025-01-23 10:00:00,2025-01-24 10:00:00,1737702000,212.0
2025-01-23 11:00:00,2025-01-24 11:00:00,1737705600,368.0
2025-01-23 12:00:00,2025-01-24 12:00:00,1737709200,491.0
2025-01-23 13:00:00,2025-01-24 13:00:00,1737712800,531.0
2025-01-23 14:00:00,2025-01-24 14:00:00,1737716400,485.0
2025-01-23 15:00:00,2025-01-24 15:00:00,1737720000,364.0
2025-01-23 16:00:00,2025-01-24 16:00:00,1737723600,259.0
2025-01-23 17:00:00,2025-01-24 17:00:00,1737727200,139.0
2025-01-23 18:00:00,2025-01-24 18:00:00,1737730800,55.0
2025-01-23 19:00:00,2025-01-24 19:00:00,1737734400,0.0
2025-01-23 20:00:00,2025-01-24 20:00:00,1737738000,0.0
2025-01-23 21:00:00,2025-01-24 21:00:00,1737741600,0.0
2025-01-23 22:00:00,2025-01-24 22:00:00,1737745200,0.0
2025-01-23 23:00:00,2025-01-24 23:00:00,1737748800,0.0
2025-01-24 00:00:00,2025-01-25 00:00:00,1737752400,0.0
2025-01-24 01:00:00,2025-01-25 01:00:00,1737756000,0.0
2025-01-24 02:00:00,2025-01-25 02:00:00,1737759600,0.0
2025-01-24 03:00:00,2025-01-25 03:00:00,1737763200,0.0
2025-01-24 04:00:00,2025-01-25 04:00:00,1737766800,0.0
2025-01-24 05:00:00,2025-01-25 05:00:00,1737770400,0.0
2025-01-24 06:00:00,2025-01-25 06:00:00,1737774000,0.0
2025-01-24 07:00:00,2025-01-25 07:00:00,1737777600,0.0
2025-01-24 08:00:00,2025-01-25 08:00:00,1737781200,0.0
2025-01-24 09:00:00,2025-01-25 09:00:00,1737784800,51.0
2025-01-24 10:00:00,2025-01-25 10:00:00,1737788400,205.0
2025-01-24 11:00:00,2025-01-25 11:00:00,1737792000,374.0
2025-01-24 12:00:00,2025-01-25 12:00:00,1737795600,492.0
2025-01-24 13:00:00,2025-01-25 13:00:00,1737799200,542.0
2025-01-24 14:00:00,2025-01-25 14:00:00,1737802800,521.0
2025-01-24 15:00:00,2025-01-25 15:00:00,1737806400,485.0
2025-01-24 16:00:00,2025-01-25 16:00:00,1737810000,348.0
2025-01-24 17:00:00,2025-01-25 17:00:00,1737813600,213.0
2025-01-24 18:00:00,2025-01-25 18:00:00,1737817200,57.0
2025-01-24 19:00:00,2025-01-25 19:00:00,1737820800,1.0
2025-01-24 20:00:00,2025-01-25 20:00:00,1737824400,0.0
2025-01-24 21:00:00,2025-01-25 21:00:00,1737828000,0.0
2025-01-24 22:00:00,2025-01-25 22:00:00,1737831600,0.0
2025-01-24 23:00:00,2025-01-25 23:00:00,1737835200,0.0
2025-01-25 00:00:00,2025-01-26 00:00:00,1737838800,0.0
2025-01-25 01:00:00,2025-01-26 01:00:00,1737842400,0.0
2025-01-25 02:00:00,2025-01-26 02:00:00,1737846000,0.0
2025-01-25 03:00:00,2025-01-26 03:00:00,1737849600,0.0
2025-01-25 04:00:00,2025-01-26 04:00:00,1737853200,0.0
2025-01-25 05:00:00,2025-01-26 05:00:00,1737856800,0.0
2025-01-25 06:00:00,2025-01-26 06:00:00,1737860400,0.0
2025-01-25 07:00:00,2025-01-26 07:00:00,1737864000,0.0
2025-01-25 08:00:00,2025-01-26 08:00:00,1737867600,0.0
2025-01-25 09:00:00,2025-01-26 09:00:00,1737871200,48.0
2025-01-25 10:00:00,2025-01-26 10:00:00,1737874800,197.0
2025-01-25 11:00:00,2025-01-26 11:00:00,1737878400,291.0
2025-01-25 12:00:00,2025-01-26 12:00:00,1737882000,396.0
2025-01-25 13:00:00,2025-01-26 13:00:00,1737885600,348.0
2025-01-25 14:00:00,2025-01-26 14:00:00,1737889200,279.0
2025-01-25 15:00:00,2025-01-26 15:00:00,1737892800,488.0
2025-01-25 16:00:00,2025-01-26 16:00:00,1737896400,260.0
2025-01-25 17:00:00,2025-01-26 17:00:00,1737900000,192.0
2025-01-25 18:00:00,2025-01-26 18:00:00,1737903600,74.0
2025-01-25 19:00:00,2025-01-26 19:00:00,1737907200,1.0
2025-01-25 20:00:00,2025-01-26 20:00:00,1737910800,0.0
2025-01-25 21:00:00,2025-01-26 21:00:00,1737914400,0.0
2025-01-25 22:00:00,2025-01-26 22:00:00,1737918000,0.0
2025-01-25 23:00:00,2025-01-26 23:00:00,1737921600,0.0
2025-01-26 00:00:00,2025-01-27 00:00:00,1737925200,0.0
2025-01-26 01:00:00,2025-01-27 01:00:00,1737928800,0.0
2025-01-26 02:00:00,2025-01-27 02:00:00,1737932400,0.0
2025-01-26 03:00:00,2025-01-27 03:00:00,1737936000,0.0
2025-01-26 04:00:00,2025-01-27 04:00:00,1737939600,0.0
2025-01-26 05:00:00,2025-01-27 05:00:00,1737943200,0.0
2025-01-26 06:00:00,2025-01-27 06:00:00,1737946800,0.0
2025-01-26 07:00:00,2025-01-27 07:00:00,1737950400,0.0
2025-01-26 08:00:00,2025-01-27 08:00:00,1737954000,0.0
2025-01-26 09:00:00,2025-01-27 09:00:00,1737957600,66.0
2025-01-26 10:00:00,2025-01-27 10:00:00,1737961200,231.0
2025-01-26 11:00:00,2025-01-27 11:00:00,1737964800,402.0
2025-01-26 12:00:00,2025-01-27 12:00:00,1737968400,528.0
2025-01-26 13:00:00,2025-01-27 13:00:00,1737972000,595.0
2025-01-26 14:00:00,2025-01-27 14:00:00,1737975600,594.0
2025-01-26 15:00:00,2025-01-27 15:00:00,1737979200,529.0
2025-01-26 16:00:00,2025-01-27 16:00:00,1737982800,413.0
2025-01-26 17:00:00,2025-01-27 17:00:00,1737986400,249.0
2025-01-26 18:00:00,2025-01-27 18:00:00,1737990000,81.0
2025-01-26 19:00:00,2025-01-27 19:00:00,1737993600,1.0
2025-01-26 20:00:00,2025-01-27 20:00:00,1737997200,0.0
2025-01-26 21:00:00,2025-01-27 21:00:00,1738000800,0.0
2025-01-26 22:00:00,2025-01-27 22:00:00,1738004400,0.0
2025-01-26 23:00:00,2025-01-27 23:00:00,1738008000,0.0
2025-01-27 00:00:00,2025-01-28 00:00:00,1738011600,0.0
2025-01-27 01:00:00,2025-01-28 01:00:00,1738015200,0.0
2025-01-27 02:00:00,2025-01-28 02:00:00,1738018800,0.0
2025-01-27 03:00:00,2025-01-28 03:00:00,1738022400,0.0
2025-01-27 04:00:00,2025-01-28 04:00:00,1738026000,0.0
2025-01-27 05:00:00,2025-01-28 05:00:00,1738029600,0.0
2025-01-27 06:00:00,2025-01-28 06:00:00,1738033200,0.0
2025-01-27 07:00:00,2025-01-28 07:00:00,1738036800,0.0
2025-01-27 08:00:00,2025-01-28 08:00:00,1738040400,0.0
2025-01-27 09:00:00,2025-01-28 09:00:00,1738044000,66.0
2025-01-27 10:00:00,2025-01-28 10:00:00,1738047600,236.0
2025-01-27 11:00:00,2025-01-28 11:00:00,1738051200,392.0
2025-01-27 12:00:00,2025-01-28 12:00:00,1738054800,497.0
2025-01-27 13:00:00,2025-01-28 13:00:00,1738058400,557.0
2025-01-27 14:00:00,2025-01-28 14:00:00,1738062000,540.0
2025-01-27 15:00:00,2025-01-28 15:00:00,1738065600,490.0
2025-01-27 16:00:00,2025-01-28 16:00:00,1738069200,382.0
2025-01-27 17:00:00,2025-01-28 17:00:00,1738072800,241.0
2025-01-27 18:00:00,2025-01-28 18:00:00,1738076400,78.0
2025-01-27 19:00:00,2025-01-28 19:00:00,1738080000,1.0
2025-01-27 20:00:00,2025-01-28 20:00:00,1738083600,0.0
2025-01-27 21:00:00,2025-01-28 21:00:00,1738087200,0.0
2025-01-27 22:00:00,2025-01-28 22:00:00,1738090800,0.0
2025-01-27 23:00:00,2025-01-28 23:00:00,1738094400,0.0
2025-01-28 00:00:00,2025-01-29 00:00:00,1738098000,0.0
2025-01-28 01:00:00,2025-01-29 01:00:00,1738101600,0.0
2025-01-28 02:00:00,2025-01-29 02:00:00,1738105200,0.0
2025-01-28 03:00:00,2025-01-29 03:00:00,1738108800,0.0
2025-01-28 04:00:00,2025-01-29 04:00:00,1738112400,0.0
2025-01-28 05:00:00,2025-01-29 05:00:00,1738116000,0.0
2025-01-28 06:00:00,2025-01-29 06:00:00,1738119600,0.0
2025-01-28 07:00:00,2025-01-29 07:00:00,1738123200,0.0
2025-01-28 08:00:00,2025-01-29 08:00:00,1738126800,0.0
2025-01-28 09:00:00,2025-01-29 09:00:00,1738130400,72.0
2025-01-28 10:00:00,2025-01-29 10:00:00,1738134000,244.0
2025-01-28 11:00:00,2025-01-29 11:00:00,1738137600,412.0
2025-01-28 12:00:00,2025-01-29 12:00:00,1738141200,538.0
2025-01-28 13:00:00,2025-01-29 13:00:00,1738144800,605.0
2025-01-28 14:00:00,2025-01-29 14:00:00,1738148400,610.0
2025-01-28 15:00:00,2025-01-29 15:00:00,1738152000,549.0
2025-01-28 16:00:00,2025-01-29 16:00:00,1738155600,425.0
2025-01-28 17:00:00,2025-01-29 17:00:00,1738159200,260.0
2025-01-28 18:00:00,2025-01-29 18:00:00,1738162800,88.0
2025-01-28 19:00:00,2025-01-29 19:00:00,1738166400,2.0
2025-01-28 20:00:00,2025-01-29 20:00:00,1738170000,0.0
2025-01-28 21:00:00,2025-01-29 21:00:00,1738173600,0.0
2025-01-28 22:00:00,2025-01-29 22:00:00,1738177200,0.0
2025-01-28 23:00:00,2025-01-29 23:00:00,1738180800,0.0
2025-01-29 00:00:00,2025-01-30 00:00:00,1738184400,0.0
2025-01-29 01:00:00,2025-01-30 01:00:00,1738188000,0.0
2025-01-29 02:00:00,2025-01-30 02:00:00,1738191600,0.0
2025-01-29 03:00:00,2025-01-30 03:00:00,1738195200,0.0
2025-01-29 04:00:00,2025-01-30 04:00:00,1738198800,0.0
2025-01-29 05:00:00,2025-01-30 05:00:00,1738202400,0.0
2025-01-29 06:00:00,2025-01-30 06:00:00,1738206000,0.0
2025-01-29 07:00:00,2025-01-30 07:00:00,1738209600,0.0
2025-01-29 08:00:00,2025-01-30 08:00:00,1738213200,0.0
2025-01-29 09:00:00,2025-01-30 09:00:00,1738216800,74.0
2025-01-29 10:00:00,2025-01-30 10:00:00,1738220400,245.0
2025-01-29 11:00:00,2025-01-30 11:00:00,1738224000,413.0
2025-01-29 12:00:00,2025-01-30 12:00:00,1738227600,540.0
2025-01-29 13:00:00,2025-01-30 13:00:00,1738231200,608.0
2025-01-29 14:00:00,2025-01-30 14:00:00,1738234800,613.0
2025-01-29 15:00:00,2025-01-30 15:00:00,1738238400,551.0
2025-01-29 16:00:00,2025-01-30 16:00:00,1738242000,428.0
2025-01-29 17:00:00,2025-01-30 17:00:00,1738245600,265.0
2025-01-29 18:00:00,2025-01-30 18:00:00,1738249200,91.0
2025-01-29 19:00:00,2025-01-30 19:00:00,1738252800,2.0
2025-01-29 20:00:00,2025-01-30 20:00:00,1738256400,0.0
2025-01-29 21:00:00,2025-01-30 21:00:00,1738260000,0.0
2025-01-29 22:00:00,2025-01-30 22:00:00,1738263600,0.0
2025-01-29 23:00:00,2025-01-30 23:00:00,1738267200,0.0
2025-01-30 00:00:00,2025-01-31 00:00:00,1738270800,0.0
2025-01-30 01:00:00,2025-01-31 01:00:00,1738274400,0.0
2025-01-30 02:00:00,2025-01-31 02:00:00,1738278000,0.0
2025-01-30 03:00:00,2025-01-31 03:00:00,1738281600,0.0
2025-01-30 04:00:00,2025-01-31 04:00:00,1738285200,0.0
2025-01-30 05:00:00,2025-01-31 05:00:00,1738288800,0.0
2025-01-30 06:00:00,2025-01-31 06:00:00,1738292400,0.0
2025-01-30 07:00:00,2025-01-31 07:00:00,1738296000,0.0
2025-01-30 08:00:00,2025-01-31 08:00:00,1738299600,0.0
2025-01-30 09:00:00,2025-01-31 09:00:00,1738303200,66.0
2025-01-30 10:00:00,2025-01-31 10:00:00,1738306800,221.0
2025-01-30 11:00:00,2025-01-31 11:00:00,1738310400,381.0
2025-01-30 12:00:00,2025-01-31 12:00:00,1738314000,497.0
2025-01-30 13:00:00,2025-01-31 13:00:00,1738317600,584.0
2025-01-30 14:00:00,2025-01-31 14:00:00,1738321200,585.0
2025-01-30 15:00:00,2025-01-31 15:00:00,1738324800,535.0
2025-01-30 16:00:00,2025-01-31 16:00:00,1738328400,378.0
2025-01-30 17:00:00,2025-01-31 17:00:00,1738332000,245.0
2025-01-30 18:00:00,2025-01-31 18:00:00,1738335600,91.0
2025-01-30 19:00:00,2025-01-31 19:00:00,1738339200,2.0
2025-01-30 20:00:00,2025-01-31 20:00:00,1738342800,0.0
2025-01-30 21:00:00,2025-01-31 21:00:00,1738346400,0.0
2025-01-30 22:00:00,2025-01-31 22:00:00,1738350000,0.0
2025-01-30 23:00:00,2025-01-31 23:00:00,1738353600,0.0
2025-01-31 00:00:00,2025-02-01 00:00:00,1738357200,0.0
2025-01-31 01:00:00,2025-02-01 01:00:00,1738360800,0.0
2025-01-31 02:00:00,2025-02-01 02:00:00,1738364400,0.0
2025-01-31 03:00:00,2025-02-01 03:00:00,1738368000,0.0
2025-01-31 04:00:00,2025-02-01 04:00:00,1738371600,0.0
2025-01-31 05:00:00,2025-02-01 05:00:00,1738375200,0.0
2025-01-31 06:00:00,2025-02-01 06:00:00,1738378800,0.0
2025-01-31 07:00:00,2025-02-01 07:00:00,1738382400,0.0
2025-01-31 08:00:00,2025-02-01 08:00:00,1738386000,1.0
2025-01-31 09:00:00,2025-02-01 09:00:00,1738389600,77.0
2025-01-31 10:00:00,2025-02-01 10:00:00,1738393200,249.0
2025-01-31 11:00:00,2025-02-01 11:00:00,1738396800,416.0
2025-01-31 12:00:00,2025-02-01 12:00:00,1738400400,542.0
2025-01-31 13:00:00,2025-02-01 13:00:00,1738404000,610.0
2025-01-31 14:00:00,2025-02-01 14:00:00,1738407600,613.0
2025-01-31 15:00:00,2025-02-01 15:00:00,1738411200,551.0
2025-01-31 16:00:00,2025-02-01 16:00:00,1738414800,421.0
2025-01-31 17:00:00,2025-02-01 17:00:00,1738418400,268.0
2025-01-31 18:00:00,2025-02-01 18:00:00,1738422000,96.0
2025-01-31 19:00:00,2025-02-01 19:00:00,1738425600,3.0
2025-01-31 20:00:00,2025-02-01 20:00:00,1738429200,0.0
2025-01-31 21:00:00,2025-02-01 21:00:00,1738432800,0.0
2025-01-31 22:00:00,2025-02-01 22:00:00,1738436400,0.0
2025-01-31 23:00:00,2025-02-01 23:00:00,1738440000,0.0
2025-02-01 00:00:00,2025-02-02 00:00:00,1738443600,0.0
2025-02-01 01:00:00,2025-02-02 01:00:00,1738447200,0.0
2025-02-01 02:00:00,2025-02-02 02:00:00,1738450800,0.0
2025-02-01 03:00:00,2025-02-02 03:00:00,1738454400,0.0
2025-02-01 04:00:00,2025-02-02 04:00:00,1738458000,0.0
2025-02-01 05:00:00,2025-02-02 05:00:00,1738461600,0.0
2025-02-01 06:00:00,2025-02-02 06:00:00,1738465200,0.0
2025-02-01 07:00:00,2025-02-02 07:00:00,1738468800,0.0
2025-02-01 08:00:00,2025-02-02 08:00:00,1738472400,1.0
2025-02-01 09:00:00,2025-02-02 09:00:00,1738476000,81.0
2025-02-01 10:00:00,2025-02-02 10:00:00,1738479600,258.0
2025-02-01 11:00:00,2025-02-02 11:00:00,1738483200,427.0
2025-02-01 12:00:00,2025-02-02 12:00:00,1738486800,554.0
2025-02-01 13:00:00,2025-02-02 13:00:00,1738490400,622.0
2025-02-01 14:00:00,2025-02-02 14:00:00,1738494000,625.0
2025-02-01 15:00:00,2025-02-02 15:00:00,1738497600,562.0
2025-02-01 16:00:00,2025-02-02 16:00:00,1738501200,439.0
2025-02-01 17:00:00,2025-02-02 17:00:00,1738504800,274.0
2025-02-01 18:00:00,2025-02-02 18:00:00,1738508400,100.0
2025-02-01 19:00:00,2025-02-02 19:00:00,1738512000,3.0
2025-02-01 20:00:00,2025-02-02 20:00:00,1738515600,0.0
2025-02-01 21:00:00,2025-02-02 21:00:00,1738519200,0.0
2025-02-01 22:00:00,2025-02-02 22:00:00,1738522800,0.0
2025-02-01 23:00:00,2025-02-02 23:00:00,1738526400,0.0
2025-02-02 00:00:00,2025-02-03 00:00:00,1738530000,0.0
2025-02-02 01:00:00,2025-02-03 01:00:00,1738533600,0.0
2025-02-02 02:00:00,2025-02-03 02:00:00,1738537200,0.0
2025-02-02 03:00:00,2025-02-03 03:00:00,1738540800,0.0
2025-02-02 04:00:00,2025-02-03 04:00:00,1738544400,0.0
2025-02-02 05:00:00,2025-02-03 05:00:00,1738548000,0.0
2025-02-02 06:00:00,2025-02-03 06:00:00,1738551600,0.0
2025-02-02 07:00:00,2025-02-03 07:00:00,1738555200,0.0
2025-02-02 08:00:00,2025-02-03 08:00:00,1738558800,1.0
2025-02-02 09:00:00,2025-02-03 09:00:00,1738562400,42.0
2025-02-02 10:00:00,2025-02-03 10:00:00,1738566000,163.0
2025-02-02 11:00:00,2025-02-03 11:00:00,1738569600,207.0
2025-02-02 12:00:00,2025-02-03 12:00:00,1738573200,212.0
2025-02-02 13:00:00,2025-02-03 13:00:00,1738576800,385.0
2025-02-02 14:00:00,2025-02-03 14:00:00,1738580400,438.0
2025-02-02 15:00:00,2025-02-03 15:00:00,1738584000,308.0
2025-02-02 16:00:00,2025-02-03 16:00:00,1738587600,436.0
2025-02-02 17:00:00,2025-02-03 17:00:00,1738591200,275.0
2025-02-02 18:00:00,2025-02-03 18:00:00,1738594800,104.0
2025-02-02 19:00:00,2025-02-03 19:00:00,1738598400,4.0
2025-02-02 20:00:00,2025-02-03 20:00:00,1738602000,0.0
2025-02-02 21:00:00,2025-02-03 21:00:00,1738605600,0.0
2025-02-02 22:00:00,2025-02-03 22:00:00,1738609200,0.0
2025-02-02 23:00:00,2025-02-03 23:00:00,1738612800,0.0
2025-02-03 00:00:00,2025-02-04 00:00:00,1738616400,0.0
2025-02-03 01:00:00,2025-02-04 01:00:00,1738620000,0.0
2025-02-03 02:00:00,2025-02-04 02:00:00,1738623600,0.0
2025-02-03 03:00:00,2025-02-04 03:00:00,1738627200,0.0
2025-02-03 04:00:00,2025-02-04 04:00:00,1738630800,0.0
2025-02-03 05:00:00,2025-02-04 05:00:00,1738634400,0.0
2025-02-03 06:00:00,2025-02-04 06:00:00,1738638000,0.0
2025-02-03 07:00:00,2025-02-04 07:00:00,1738641600,0.0
2025-02-03 08:00:00,2025-02-04 08:00:00,1738645200,1.0
2025-02-03 09:00:00,2025-02-04 09:00:00,1738648800,82.0
2025-02-03 10:00:00,2025-02-04 10:00:00,1738652400,256.0
2025-02-03 11:00:00,2025-02-04 11:00:00,1738656000,423.0
2025-02-03 12:00:00,2025-02-04 12:00:00,1738659600,547.0
2025-02-03 13:00:00,2025-02-04 13:00:00,1738663200,619.0
2025-02-03 14:00:00,2025-02-04 14:00:00,1738666800,624.0
2025-02-03 15:00:00,2025-02-04 15:00:00,1738670400,564.0
2025-02-03 16:00:00,2025-02-04 16:00:00,1738674000,426.0
2025-02-03 17:00:00,2025-02-04 17:00:00,1738677600,263.0
2025-02-03 18:00:00,2025-02-04 18:00:00,1738681200,99.0
2025-02-03 19:00:00,2025-02-04 19:00:00,1738684800,4.0
2025-02-03 20:00:00,2025-02-04 20:00:00,1738688400,0.0
2025-02-03 21:00:00,2025-02-04 21:00:00,1738692000,0.0
2025-02-03 22:00:00,2025-02-04 22:00:00,1738695600,0.0
2025-02-03 23:00:00,2025-02-04 23:00:00,1738699200,0.0
2025-02-04 00:00:00,2025-02-05 00:00:00,1738702800,0.0
2025-02-04 01:00:00,2025-02-05 01:00:00,1738706400,0.0
2025-02-04 02:00:00,2025-02-05 02:00:00,1738710000,0.0
2025-02-04 03:00:00,2025-02-05 03:00:00,1738713600,0.0
2025-02-04 04:00:00,2025-02-05 04:00:00,1738717200,0.0
2025-02-04 05:00:00,2025-02-05 05:00:00,1738720800,0.0
2025-02-04 06:00:00,2025-02-05 06:00:00,1738724400,0.0
2025-02-04 07:00:00,2025-02-05 07:00:00,1738728000,0.0
2025-02-04 08:00:00,2025-02-05 08:00:00,1738731600,1.0
2025-02-04 09:00:00,2025-02-05 09:00:00,1738735200,70.0
2025-02-04 10:00:00,2025-02-05 10:00:00,1738738800,230.0
2025-02-04 11:00:00,2025-02-05 11:00:00,1738742400,359.0
2025-02-04 12:00:00,2025-02-05 12:00:00,1738746000,429.0
2025-02-04 13:00:00,2025-02-05 13:00:00,1738749600,539.0
2025-02-04 14:00:00,2025-02-05 14:00:00,1738753200,581.0
2025-02-04 15:00:00,2025-02-05 15:00:00,1738756800,508.0
2025-02-04 16:00:00,2025-02-05 16:00:00,1738760400,356.0
2025-02-04 17:00:00,2025-02-05 17:00:00,1738764000,188.0
2025-02-04 18:00:00,2025-02-05 18:00:00,1738767600,64.0
2025-02-04 19:00:00,2025-02-05 19:00:00,1738771200,3.0
2025-02-04 20:00:00,2025-02-05 20:00:00,1738774800,0.0
2025-02-04 21:00:00,2025-02-05 21:00:00,1738778400,0.0
2025-02-04 22:00:00,2025-02-05 22:00:00,1738782000,0.0
2025-02-04 23:00:00,2025-02-05 23:00:00,1738785600,0.0
2025-02-05 00:00:00,2025-02-06 00:00:00,1738789200,0.0
2025-02-05 01:00:00,2025-02-06 01:00:00,1738792800,0.0
2025-02-05 02:00:00,2025-02-06 02:00:00,1738796400,0.0
2025-02-05 03:00:00,2025-02-06 03:00:00,1738800000,0.0
2025-02-05 04:00:00,2025-02-06 04:00:00,1738803600,0.0
2025-02-05 05:00:00,2025-02-06 05:00:00,1738807200,0.0
2025-02-05 06:00:00,2025-02-06 06:00:00,1738810800,0.0
2025-02-05 07:00:00,2025-02-06 07:00:00,1738814400,0.0
2025-02-05 08:00:00,2025-02-06 08:00:00,1738818000,1.0
2025-02-05 09:00:00,2025-02-06 09:00:00,1738821600,78.0
2025-02-05 10:00:00,2025-02-06 10:00:00,1738825200,214.0
2025-02-05 11:00:00,2025-02-06 11:00:00,1738828800,333.0
2025-02-05 12:00:00,2025-02-06 12:00:00,1738832400,536.0
2025-02-05 13:00:00,2025-02-06 13:00:00,1738836000,634.0
2025-02-05 14:00:00,2025-02-06 14:00:00,1738839600,633.0
2025-02-05 15:00:00,2025-02-06 15:00:00,1738843200,581.0
2025-02-05 16:00:00,2025-02-06 16:00:00,1738846800,449.0
2025-02-05 17:00:00,2025-02-06 17:00:00,1738850400,294.0
2025-02-05 18:00:00,2025-02-06 18:00:00,1738854000,112.0
2025-02-05 19:00:00,2025-02-06 19:00:00,1738857600,5.0
2025-02-05 20:00:00,2025-02-06 20:00:00,1738861200,0.0
2025-02-05 21:00:00,2025-02-06 21:00:00,1738864800,0.0
2025-02-05 22:00:00,2025-02-06 22:00:00,1738868400,0.0
2025-02-05 23:00:00,2025-02-06 23:00:00,1738872000,0.0
2025-02-06 00:00:00,2025-02-07 00:00:00,1738875600,0.0
2025-02-06 01:00:00,2025-02-07 01:00:00,1738879200,0.0
2025-02-06 02:00:00,2025-02-07 02:00:00,1738882800,0.0
2025-02-06 03:00:00,2025-02-07 03:00:00,1738886400,0.0
2025-02-06 04:00:00,2025-02-07 04:00:00,1738890000,0.0
2025-02-06 05:00:00,2025-02-07 05:00:00,1738893600,0.0
2025-02-06 06:00:00,2025-02-07 06:00:00,1738897200,0.0
2025-02-06 07:00:00,2025-02-07 07:00:00,1738900800,0.0
2025-02-06 08:00:00,2025-02-07 08:00:00,1738904400,1.0
2025-02-06 09:00:00,2025-02-07 09:00:00,1738908000,88.0
2025-02-06 10:00:00,2025-02-07 10:00:00,1738911600,260.0
2025-02-06 11:00:00,2025-02-07 11:00:00,1738915200,427.0
2025-02-06 12:00:00,2025-02-07 12:00:00,1738918800,550.0
2025-02-06 13:00:00,2025-02-07 13:00:00,1738922400,625.0
2025-02-06 14:00:00,2025-02-07 14:00:00,1738926000,641.0
2025-02-06 15:00:00,2025-02-07 15:00:00,1738929600,589.0
2025-02-06 16:00:00,2025-02-07 16:00:00,1738933200,416.0
2025-02-06 17:00:00,2025-02-07 17:00:00,1738936800,266.0
2025-02-06 18:00:00,2025-02-07 18:00:00,1738940400,116.0
2025-02-06 19:00:00,2025-02-07 19:00:00,1738944000,6.0
2025-02-06 20:00:00,2025-02-07 20:00:00,1738947600,0.0
2025-02-06 21:00:00,2025-02-07 21:00:00,1738951200,0.0
2025-02-06 22:00:00,2025-02-07 22:00:00,1738954800,0.0
2025-02-06 23:00:00,2025-02-07 23:00:00,1738958400,0.0
2025-02-07 00:00:00,2025-02-08 00:00:00,1738962000,0.0
2025-02-07 01:00:00,2025-02-08 01:00:00,1738965600,0.0
2025-02-07 02:00:00,2025-02-08 02:00:00,1738969200,0.0
2025-02-07 03:00:00,2025-02-08 03:00:00,1738972800,0.0
2025-02-07 04:00:00,2025-02-08 04:00:00,1738976400,0.0
2025-02-07 05:00:00,2025-02-08 05:00:00,1738980000,0.0
2025-02-07 06:00:00,2025-02-08 06:00:00,1738983600,0.0
2025-02-07 07:00:00,2025-02-08 07:00:00,1738987200,0.0
2025-02-07 08:00:00,2025-02-08 08:00:00,1738990800,2.0
2025-02-07 09:00:00,2025-02-08 09:00:00,1738994400,93.0
2025-02-07 10:00:00,2025-02-08 10:00:00,1738998000,273.0
2025-02-07 11:00:00,2025-02-08 11:00:00,1739001600,445.0
2025-02-07 12:00:00,2025-02-08 12:00:00,1739005200,576.0
2025-02-07 13:00:00,2025-02-08 13:00:00,1739008800,646.0
2025-02-07 14:00:00,2025-02-08 14:00:00,1739012400,581.0
2025-02-07 15:00:00,2025-02-08 15:00:00,1739016000,474.0
2025-02-07 16:00:00,2025-02-08 16:00:00,1739019600,390.0
2025-02-07 17:00:00,2025-02-08 17:00:00,1739023200,263.0
2025-02-07 18:00:00,2025-02-08 18:00:00,1739026800,95.0
2025-02-07 19:00:00,2025-02-08 19:00:00,1739030400,4.0
2025-02-07 20:00:00,2025-02-08 20:00:00,1739034000,0.0
2025-02-07 21:00:00,2025-02-08 21:00:00,1739037600,0.0
2025-02-07 22:00:00,2025-02-08 22:00:00,1739041200,0.0
2025-02-07 23:00:00,2025-02-08 23:00:00,1739044800,0.0
2025-02-08 00:00:00,2025-02-09 00:00:00,1739048400,0.0
2025-02-08 01:00:00,2025-02-09 01:00:00,1739052000,0.0
2025-02-08 02:00:00,2025-02-09 02:00:00,1739055600,0.0
2025-02-08 03:00:00,2025-02-09 03:00:00,1739059200,0.0
2025-02-08 04:00:00,2025-02-09 04:00:00,1739062800,0.0
2025-02-08 05:00:00,2025-02-09 05:00:00,1739066400,0.0
2025-02-08 06:00:00,2025-02-09 06:00:00,1739070000,0.0
2025-02-08 07:00:00,2025-02-09 07:00:00,1739073600,0.0
2025-02-08 08:00:00,2025-02-09 08:00:00,1739077200,1.0
2025-02-08 09:00:00,2025-02-09 09:00:00,1739080800,64.0
2025-02-08 10:00:00,2025-02-09 10:00:00,1739084400,166.0
2025-02-08 11:00:00,2025-02-09 11:00:00,1739088000,251.0
2025-02-08 12:00:00,2025-02-09 12:00:00,1739091600,481.0
2025-02-08 13:00:00,2025-02-09 13:00:00,1739095200,529.0
2025-02-08 14:00:00,2025-02-09 14:00:00,1739098800,545.0
2025-02-08 15:00:00,2025-02-09 15:00:00,1739102400,444.0
2025-02-08 16:00:00,2025-02-09 16:00:00,1739106000,323.0
2025-02-08 17:00:00,2025-02-09 17:00:00,1739109600,231.0
2025-02-08 18:00:00,2025-02-09 18:00:00,1739113200,91.0
2025-02-08 19:00:00,2025-02-09 19:00:00,1739116800,5.0
2025-02-08 20:00:00,2025-02-09 20:00:00,1739120400,0.0
2025-02-08 21:00:00,2025-02-09 21:00:00,1739124000,0.0
2025-02-08 22:00:00,2025-02-09 22:00:00,1739127600,0.0
2025-02-08 23:00:00,2025-02-09 23:00:00,1739131200,0.0
2025-02-09 00:00:00,2025-02-10 00:00:00,1739134800,0.0
2025-02-09 01:00:00,2025-02-10 01:00:00,1739138400,0.0
2025-02-09 02:00:00,2025-02-10 02:00:00,1739142000,0.0
2025-02-09 03:00:00,2025-02-10 03:00:00,1739145600,0.0
2025-02-09 04:00:00,2025-02-10 04:00:00,1739149200,0.0
2025-02-09 05:00:00,2025-02-10 05:00:00,1739152800,0.0
2025-02-09 06:00:00,2025-02-10 06:00:00,1739156400,0.0
2025-02-09 07:00:00,2025-02-10 07:00:00,1739160000,0.0
2025-02-09 08:00:00,2025-02-10 08:00:00,1739163600,2.0
2025-02-09 09:00:00,2025-02-10 09:00:00,1739167200,88.0
2025-02-09 10:00:00,2025-02-10 10:00:00,1739170800,249.0
2025-02-09 11:00:00,2025-02-10 11:00:00,1739174400,445.0
2025-02-09 12:00:00,2025-02-10 12:00:00,1739178000,554.0
2025-02-09 13:00:00,2025-02-10 13:00:00,1739181600,625.0
2025-02-09 14:00:00,2025-02-10 14:00:00,1739185200,584.0
2025-02-09 15:00:00,2025-02-10 15:00:00,1739188800,536.0
2025-02-09 16:00:00,2025-02-10 16:00:00,1739192400,401.0
2025-02-09 17:00:00,2025-02-10 17:00:00,1739196000,198.0
2025-02-09 18:00:00,2025-02-10 18:00:00,1739199600,106.0
2025-02-09 19:00:00,2025-02-10 19:00:00,1739203200,6.0
2025-02-09 20:00:00,2025-02-10 20:00:00,1739206800,0.0
2025-02-09 21:00:00,2025-02-10 21:00:00,1739210400,0.0
2025-02-09 22:00:00,2025-02-10 22:00:00,1739214000,0.0
2025-02-09 23:00:00,2025-02-10 23:00:00,1739217600,0.0
2025-02-10 00:00:00,2025-02-11 00:00:00,1739221200,0.0
2025-02-10 01:00:00,2025-02-11 01:00:00,1739224800,0.0
2025-02-10 02:00:00,2025-02-11 02:00:00,1739228400,0.0
2025-02-10 03:00:00,2025-02-11 03:00:00,1739232000,0.0
2025-02-10 04:00:00,2025-02-11 04:00:00,1739235600,0.0
2025-02-10 05:00:00,2025-02-11 05:00:00,1739239200,0.0
2025-02-10 06:00:00,2025-02-11 06:00:00,1739242800,0.0
2025-02-10 07:00:00,2025-02-11 07:00:00,1739246400,0.0
2025-02-10 08:00:00,2025-02-11 08:00:00,1739250000,3.0
2025-02-10 09:00:00,2025-02-11 09:00:00,1739253600,99.0
2025-02-10 10:00:00,2025-02-11 10:00:00,1739257200,278.0
2025-02-10 11:00:00,2025-02-11 11:00:00,1739260800,451.0
2025-02-10 12:00:00,2025-02-11 12:00:00,1739264400,576.0
2025-02-10 13:00:00,2025-02-11 13:00:00,1739268000,572.0
2025-02-10 14:00:00,2025-02-11 14:00:00,1739271600,514.0
2025-02-10 15:00:00,2025-02-11 15:00:00,1739275200,456.0
2025-02-10 16:00:00,2025-02-11 16:00:00,1739278800,409.0
2025-02-10 17:00:00,2025-02-11 17:00:00,1739282400,263.0
2025-02-10 18:00:00,2025-02-11 18:00:00,1739286000,116.0
2025-02-10 19:00:00,2025-02-11 19:00:00,1739289600,8.0
2025-02-10 20:00:00,2025-02-11 20:00:00,1739293200,0.0
2025-02-10 21:00:00,2025-02-11 21:00:00,1739296800,0.0
2025-02-10 22:00:00,2025-02-11 22:00:00,1739300400,0.0
2025-02-10 23:00:00,2025-02-11 23:00:00,1739304000,0.0
2025-02-11 00:00:00,2025-02-12 00:00:00,1739307600,0.0
2025-02-11 01:00:00,2025-02-12 01:00:00,1739311200,0.0
2025-02-11 02:00:00,2025-02-12 02:00:00,1739314800,0.0
2025-02-11 03:00:00,2025-02-12 03:00:00,1739318400,0.0
2025-02-11 04:00:00,2025-02-12 04:00:00,1739322000,0.0
2025-02-11 05:00:00,2025-02-12 05:00:00,1739325600,0.0
2025-02-11 06:00:00,2025-02-12 06:00:00,1739329200,0.0
2025-02-11 07:00:00,2025-02-12 07:00:00,1739332800,0.0
2025-02-11 08:00:00,2025-02-12 08:00:00,1739336400,3.0
2025-02-11 09:00:00,2025-02-12 09:00:00,1739340000,84.0
2025-02-11 10:00:00,2025-02-12 10:00:00,1739343600,189.0
2025-02-11 11:00:00,2025-02-12 11:00:00,1739347200,405.0
2025-02-11 12:00:00,2025-02-12 12:00:00,1739350800,551.0
2025-02-11 13:00:00,2025-02-12 13:00:00,1739354400,595.0
2025-02-11 14:00:00,2025-02-12 14:00:00,1739358000,621.0
2025-02-11 15:00:00,2025-02-12 15:00:00,1739361600,581.0
2025-02-11 16:00:00,2025-02-12 16:00:00,1739365200,411.0
2025-02-11 17:00:00,2025-02-12 17:00:00,1739368800,246.0
2025-02-11 18:00:00,2025-02-12 18:00:00,1739372400,124.0
2025-02-11 19:00:00,2025-02-12 19:00:00,1739376000,8.0
2025-02-11 20:00:00,2025-02-12 20:00:00,1739379600,0.0
2025-02-11 21:00:00,2025-02-12 21:00:00,1739383200,0.0
2025-02-11 22:00:00,2025-02-12 22:00:00,1739386800,0.0
2025-02-11 23:00:00,2025-02-12 23:00:00,1739390400,0.0
2025-02-12 00:00:00,2025-02-13 00:00:00,1739394000,0.0
2025-02-12 01:00:00,2025-02-13 01:00:00,1739397600,0.0
2025-02-12 02:00:00,2025-02-13 02:00:00,1739401200,0.0
2025-02-12 03:00:00,2025-02-13 03:00:00,1739404800,0.0
2025-02-12 04:00:00,2025-02-13 04:00:00,1739408400,0.0
2025-02-12 05:00:00,2025-02-13 05:00:00,1739412000,0.0
2025-02-12 06:00:00,2025-02-13 06:00:00,1739415600,0.0
2025-02-12 07:00:00,2025-02-13 07:00:00,1739419200,0.0
2025-02-12 08:00:00,2025-02-13 08:00:00,1739422800,4.0
2025-02-12 09:00:00,2025-02-13 09:00:00,1739426400,102.0
2025-02-12 10:00:00,2025-02-13 10:00:00,1739430000,271.0
2025-02-12 11:00:00,2025-02-13 11:00:00,1739433600,452.0
2025-02-12 12:00:00,2025-02-13 12:00:00,1739437200,599.0
2025-02-12 13:00:00,2025-02-13 13:00:00,1739440800,677.0
2025-02-12 14:00:00,2025-02-13 14:00:00,1739444400,684.0
2025-02-12 15:00:00,2025-02-13 15:00:00,1739448000,621.0
2025-02-12 16:00:00,2025-02-13 16:00:00,1739451600,498.0
2025-02-12 17:00:00,2025-02-13 17:00:00,1739455200,327.0
2025-02-12 18:00:00,2025-02-13 18:00:00,1739458800,136.0
2025-02-12 19:00:00,2025-02-13 19:00:00,1739462400,10.0
2025-02-12 20:00:00,2025-02-13 20:00:00,1739466000,0.0
2025-02-12 21:00:00,2025-02-13 21:00:00,1739469600,0.0
2025-02-12 22:00:00,2025-02-13 22:00:00,1739473200,0.0
2025-02-12 23:00:00,2025-02-13 23:00:00,1739476800,0.0
2025-02-13 00:00:00,2025-02-14 00:00:00,1739480400,0.0
2025-02-13 01:00:00,2025-02-14 01:00:00,1739484000,0.0
2025-02-13 02:00:00,2025-02-14 02:00:00,1739487600,0.0
2025-02-13 03:00:00,2025-02-14 03:00:00,1739491200,0.0
2025-02-13 04:00:00,2025-02-14 04:00:00,1739494800,0.0
2025-02-13 05:00:00,2025-02-14 05:00:00,1739498400,0.0
2025-02-13 06:00:00,2025-02-14 06:00:00,1739502000,0.0
2025-02-13 07:00:00,2025-02-14 07:00:00,1739505600,0.0
2025-02-13 08:00:00,2025-02-14 08:00:00,1739509200,5.0
2025-02-13 09:00:00,2025-02-14 09:00:00,1739512800,111.0
2025-02-13 10:00:00,2025-02-14 10:00:00,1739516400,297.0
2025-02-13 11:00:00,2025-02-14 11:00:00,1739520000,460.0
2025-02-13 12:00:00,2025-02-14 12:00:00,1739523600,567.0
2025-02-13 13:00:00,2025-02-14 13:00:00,1739527200,632.0
2025-02-13 14:00:00,2025-02-14 14:00:00,1739530800,661.0
2025-02-13 15:00:00,2025-02-14 15:00:00,1739534400,576.0
2025-02-13 16:00:00,2025-02-14 16:00:00,1739538000,456.0
2025-02-13 17:00:00,2025-02-14 17:00:00,1739541600,312.0
2025-02-13 18:00:00,2025-02-14 18:00:00,1739545200,134.0
2025-02-13 19:00:00,2025-02-14 19:00:00,1739548800,11.0
2025-02-13 20:00:00,2025-02-14 20:00:00,1739552400,0.0
2025-02-13 21:00:00,2025-02-14 21:00:00,1739556000,0.0
2025-02-13 22:00:00,2025-02-14 22:00:00,1739559600,0.0
2025-02-13 23:00:00,2025-02-14 23:00:00,1739563200,0.0
2025-02-14 00:00:00,2025-02-15 00:00:00,1739566800,0.0
2025-02-14 01:00:00,2025-02-15 01:00:00,1739570400,0.0
2025-02-14 02:00:00,2025-02-15 02:00:00,1739574000,0.0
2025-02-14 03:00:00,2025-02-15 03:00:00,1739577600,0.0
2025-02-14 04:00:00,2025-02-15 04:00:00,1739581200,0.0
2025-02-14 05:00:00,2025-02-15 05:00:00,1739584800,0.0
2025-02-14 06:00:00,2025-02-15 06:00:00,1739588400,0.0
2025-02-14 07:00:00,2025-02-15 07:00:00,1739592000,0.0
2025-02-14 08:00:00,2025-02-15 08:00:00,1739595600,5.0
2025-02-14 09:00:00,2025-02-15 09:00:00,1739599200,107.0
2025-02-14 10:00:00,2025-02-15 10:00:00,1739602800,284.0
2025-02-14 11:00:00,2025-02-15 11:00:00,1739606400,460.0
2025-02-14 12:00:00,2025-02-15 12:00:00,1739610000,591.0
2025-02-14 13:00:00,2025-02-15 13:00:00,1739613600,660.0
2025-02-14 14:00:00,2025-02-15 14:00:00,1739617200,658.0
2025-02-14 15:00:00,2025-02-15 15:00:00,1739620800,542.0
2025-02-14 16:00:00,2025-02-15 16:00:00,1739624400,353.0
2025-02-14 17:00:00,2025-02-15 17:00:00,1739628000,196.0
2025-02-14 18:00:00,2025-02-15 18:00:00,1739631600,85.0
2025-02-14 19:00:00,2025-02-15 19:00:00,1739635200,9.0
2025-02-14 20:00:00,2025-02-15 20:00:00,1739638800,0.0
2025-02-14 21:00:00,2025-02-15 21:00:00,1739642400,0.0
2025-02-14 22:00:00,2025-02-15 22:00:00,1739646000,0.0
2025-02-14 23:00:00,2025-02-15 23:00:00,1739649600,0.0
2025-02-15 00:00:00,2025-02-16 00:00:00,1739653200,0.0
2025-02-15 01:00:00,2025-02-16 01:00:00,1739656800,0.0
2025-02-15 02:00:00,2025-02-16 02:00:00,1739660400,0.0
2025-02-15 03:00:00,2025-02-16 03:00:00,1739664000,0.0
2025-02-15 04:00:00,2025-02-16 04:00:00,1739667600,0.0
2025-02-15 05:00:00,2025-02-16 05:00:00,1739671200,0.0
2025-02-15 06:00:00,2025-02-16 06:00:00,1739674800,0.0
2025-02-15 07:00:00,2025-02-16 07:00:00,1739678400,0.0
2025-02-15 08:00:00,2025-02-16 08:00:00,1739682000,6.0
2025-02-15 09:00:00,2025-02-16 09:00:00,1739685600,112.0
2025-02-15 10:00:00,2025-02-16 10:00:00,1739689200,280.0
2025-02-15 11:00:00,2025-02-16 11:00:00,1739692800,473.0
2025-02-15 12:00:00,2025-02-16 12:00:00,1739696400,602.0
2025-02-15 13:00:00,2025-02-16 13:00:00,1739700000,663.0
2025-02-15 14:00:00,2025-02-16 14:00:00,1739703600,657.0
2025-02-15 15:00:00,2025-02-16 15:00:00,1739707200,597.0
2025-02-15 16:00:00,2025-02-16 16:00:00,1739710800,460.0
2025-02-15 17:00:00,2025-02-16 17:00:00,1739714400,308.0
2025-02-15 18:00:00,2025-02-16 18:00:00,1739718000,134.0
2025-02-15 19:00:00,2025-02-16 19:00:00,1739721600,12.0
2025-02-15 20:00:00,2025-02-16 20:00:00,1739725200,0.0
2025-02-15 21:00:00,2025-02-16 21:00:00,1739728800,0.0
2025-02-15 22:00:00,2025-02-16 22:00:00,1739732400,0.0
2025-02-15 23:00:00,2025-02-16 23:00:00,1739736000,0.0
2025-02-16 00:00:00,2025-02-17 00:00:00,1739739600,0.0
2025-02-16 01:00:00,2025-02-17 01:00:00,1739743200,0.0
2025-02-16 02:00:00,2025-02-17 02:00:00,1739746800,0.0
2025-02-16 03:00:00,2025-02-17 03:00:00,1739750400,0.0
2025-02-16 04:00:00,2025-02-17 04:00:00,1739754000,0.0
2025-02-16 05:00:00,2025-02-17 05:00:00,1739757600,0.0
2025-02-16 06:00:00,2025-02-17 06:00:00,1739761200,0.0
2025-02-16 07:00:00,2025-02-17 07:00:00,1739764800,0.0
2025-02-16 08:00:00,2025-02-17 08:00:00,1739768400,5.0
2025-02-16 09:00:00,2025-02-17 09:00:00,1739772000,105.0
2025-02-16 10:00:00,2025-02-17 10:00:00,1739775600,261.0
2025-02-16 11:00:00,2025-02-17 11:00:00,1739779200,395.0
2025-02-16 12:00:00,2025-02-17 12:00:00,1739782800,326.0
2025-02-16 13:00:00,2025-02-17 13:00:00,1739786400,433.0
2025-02-16 14:00:00,2025-02-17 14:00:00,1739790000,464.0
2025-02-16 15:00:00,2025-02-17 15:00:00,1739793600,343.0
2025-02-16 16:00:00,2025-02-17 16:00:00,1739797200,429.0
2025-02-16 17:00:00,2025-02-17 17:00:00,1739800800,284.0
2025-02-16 18:00:00,2025-02-17 18:00:00,1739804400,124.0
2025-02-16 19:00:00,2025-02-17 19:00:00,1739808000,12.0
2025-02-16 20:00:00,2025-02-17 20:00:00,1739811600,0.0
2025-02-16 21:00:00,2025-02-17 21:00:00,1739815200,0.0
2025-02-16 22:00:00,2025-02-17 22:00:00,1739818800,0.0
2025-02-16 23:00:00,2025-02-17 23:00:00,1739822400,0.0
2025-02-17 00:00:00,2025-02-18 00:00:00,1739826000,0.0
2025-02-17 01:00:00,2025-02-18 01:00:00,1739829600,0.0
2025-02-17 02:00:00,2025-02-18 02:00:00,1739833200,0.0
2025-02-17 03:00:00,2025-02-18 03:00:00,1739836800,0.0
2025-02-17 04:00:00,2025-02-18 04:00:00,1739840400,0.0
2025-02-17 05:00:00,2025-02-18 05:00:00,1739844000,0.0
2025-02-17 06:00:00,2025-02-18 06:00:00,1739847600,0.0
2025-02-17 07:00:00,2025-02-18 07:00:00,1739851200,0.0
2025-02-17 08:00:00,2025-02-18 08:00:00,1739854800,6.0
2025-02-17 09:00:00,2025-02-18 09:00:00,1739858400,66.0
2025-02-17 10:00:00,2025-02-18 10:00:00,1739862000,90.0
2025-02-17 11:00:00,2025-02-18 11:00:00,1739865600,174.0
2025-02-17 12:00:00,2025-02-18 12:00:00,1739869200,339.0
2025-02-17 13:00:00,2025-02-18 13:00:00,1739872800,338.0
2025-02-17 14:00:00,2025-02-18 14:00:00,1739876400,513.0
2025-02-17 15:00:00,2025-02-18 15:00:00,1739880000,431.0
2025-02-17 16:00:00,2025-02-18 16:00:00,1739883600,282.0
2025-02-17 17:00:00,2025-02-18 17:00:00,1739887200,263.0
2025-02-17 18:00:00,2025-02-18 18:00:00,1739890800,130.0
2025-02-17 19:00:00,2025-02-18 19:00:00,1739894400,12.0
2025-02-17 20:00:00,2025-02-18 20:00:00,1739898000,0.0
2025-02-17 21:00:00,2025-02-18 21:00:00,1739901600,0.0
2025-02-17 22:00:00,2025-02-18 22:00:00,1739905200,0.0
2025-02-17 23:00:00,2025-02-18 23:00:00,1739908800,0.0
2025-02-18 00:00:00,2025-02-19 00:00:00,1739912400,0.0
2025-02-18 01:00:00,2025-02-19 01:00:00,1739916000,0.0
2025-02-18 02:00:00,2025-02-19 02:00:00,1739919600,0.0
2025-02-18 03:00:00,2025-02-19 03:00:00,1739923200,0.0
2025-02-18 04:00:00,2025-02-19 04:00:00,1739926800,0.0
2025-02-18 05:00:00,2025-02-19 05:00:00,1739930400,0.0
2025-02-18 06:00:00,2025-02-19 06:00:00,1739934000,0.0
2025-02-18 07:00:00,2025-02-19 07:00:00,1739937600,0.0
2025-02-18 08:00:00,2025-02-19 08:00:00,1739941200,6.0
2025-02-18 09:00:00,2025-02-19 09:00:00,1739944800,97.0
2025-02-18 10:00:00,2025-02-19 10:00:00,1739948400,223.0
2025-02-18 11:00:00,2025-02-19 11:00:00,1739952000,365.0
2025-02-18 12:00:00,2025-02-19 12:00:00,1739955600,564.0
2025-02-18 13:00:00,2025-02-19 13:00:00,1739959200,633.0
2025-02-18 14:00:00,2025-02-19 14:00:00,1739962800,663.0
2025-02-18 15:00:00,2025-02-19 15:00:00,1739966400,578.0
2025-02-18 16:00:00,2025-02-19 16:00:00,1739970000,475.0
2025-02-18 17:00:00,2025-02-19 17:00:00,1739973600,298.0
2025-02-18 18:00:00,2025-02-19 18:00:00,1739977200,139.0
2025-02-18 19:00:00,2025-02-19 19:00:00,1739980800,14.0
2025-02-18 20:00:00,2025-02-19 20:00:00,1739984400,0.0
2025-02-18 21:00:00,2025-02-19 21:00:00,1739988000,0.0
2025-02-18 22:00:00,2025-02-19 22:00:00,1739991600,0.0
2025-02-18 23:00:00,2025-02-19 23:00:00,1739995200,0.0
2025-02-19 00:00:00,2025-02-20 00:00:00,1739998800,0.0
2025-02-19 01:00:00,2025-02-20 01:00:00,1740002400,0.0
2025-02-19 02:00:00,2025-02-20 02:00:00,1740006000,0.0
2025-02-19 03:00:00,2025-02-20 03:00:00,1740009600,0.0
2025-02-19 04:00:00,2025-02-20 04:00:00,1740013200,0.0
2025-02-19 05:00:00,2025-02-20 05:00:00,1740016800,0.0
2025-02-19 06:00:00,2025-02-20 06:00:00,1740020400,0.0
2025-02-19 07:00:00,2025-02-20 07:00:00,1740024000,0.0
2025-02-19 08:00:00,2025-02-20 08:00:00,1740027600,7.0
2025-02-19 09:00:00,2025-02-20 09:00:00,1740031200,116.0
2025-02-19 10:00:00,2025-02-20 10:00:00,1740034800,273.0
2025-02-19 11:00:00,2025-02-20 11:00:00,1740038400,460.0
2025-02-19 12:00:00,2025-02-20 12:00:00,1740042000,603.0
2025-02-19 13:00:00,2025-02-20 13:00:00,1740045600,710.0
2025-02-19 14:00:00,2025-02-20 14:00:00,1740049200,718.0
2025-02-19 15:00:00,2025-02-20 15:00:00,1740052800,655.0
2025-02-19 16:00:00,2025-02-20 16:00:00,1740056400,528.0
2025-02-19 17:00:00,2025-02-20 17:00:00,1740060000,353.0
2025-02-19 18:00:00,2025-02-20 18:00:00,1740063600,160.0
2025-02-19 19:00:00,2025-02-20 19:00:00,1740067200,17.0
2025-02-19 20:00:00,2025-02-20 20:00:00,1740070800,0.0
2025-02-19 21:00:00,2025-02-20 21:00:00,1740074400,0.0
2025-02-19 22:00:00,2025-02-20 22:00:00,1740078000,0.0
2025-02-19 23:00:00,2025-02-20 23:00:00,1740081600,0.0
2025-02-20 00:00:00,2025-02-21 00:00:00,1740085200,0.0
2025-02-20 01:00:00,2025-02-21 01:00:00,1740088800,0.0
2025-02-20 02:00:00,2025-02-21 02:00:00,1740092400,0.0
2025-02-20 03:00:00,2025-02-21 03:00:00,1740096000,0.0
2025-02-20 04:00:00,2025-02-21 04:00:00,1740099600,0.0
2025-02-20 05:00:00,2025-02-21 05:00:00,1740103200,0.0
2025-02-20 06:00:00,2025-02-21 06:00:00,1740106800,0.0
2025-02-20 07:00:00,2025-02-21 07:00:00,1740110400,0.0
2025-02-20 08:00:00,2025-02-21 08:00:00,1740114000,9.0
2025-02-20 09:00:00,2025-02-21 09:00:00,1740117600,122.0
2025-02-20 10:00:00,2025-02-21 10:00:00,1740121200,306.0
2025-02-20 11:00:00,2025-02-21 11:00:00,1740124800,478.0
2025-02-20 12:00:00,2025-02-21 12:00:00,1740128400,632.0
2025-02-20 13:00:00,2025-02-21 13:00:00,1740132000,651.0
2025-02-20 14:00:00,2025-02-21 14:00:00,1740135600,688.0
2025-02-20 15:00:00,2025-02-21 15:00:00,1740139200,645.0
2025-02-20 16:00:00,2025-02-21 16:00:00,1740142800,533.0
2025-02-20 17:00:00,2025-02-21 17:00:00,1740146400,361.0
2025-02-20 18:00:00,2025-02-21 18:00:00,1740150000,166.0
2025-02-20 19:00:00,2025-02-21 19:00:00,1740153600,18.0
2025-02-20 20:00:00,2025-02-21 20:00:00,1740157200,0.0
2025-02-20 21:00:00,2025-02-21 21:00:00,1740160800,0.0
2025-02-20 22:00:00,2025-02-21 22:00:00,1740164400,0.0
2025-02-20 23:00:00,2025-02-21 23:00:00,1740168000,0.0
2025-02-21 00:00:00,2025-02-22 00:00:00,1740171600,0.0
2025-02-21 01:00:00,2025-02-22 01:00:00,1740175200,0.0
2025-02-21 02:00:00,2025-02-22 02:00:00,1740178800,0.0
2025-02-21 03:00:00,2025-02-22 03:00:00,1740182400,0.0
2025-02-21 04:00:00,2025-02-22 04:00:00,1740186000,0.0
2025-02-21 05:00:00,2025-02-22 05:00:00,1740189600,0.0
2025-02-21 06:00:00,2025-02-22 06:00:00,1740193200,0.0
2025-02-21 07:00:00,2025-02-22 07:00:00,1740196800,0.0
2025-02-21 08:00:00,2025-02-22 08:00:00,1740200400,9.0
2025-02-21 09:00:00,2025-02-22 09:00:00,1740204000,122.0
2025-02-21 10:00:00,2025-02-22 10:00:00,1740207600,293.0
2025-02-21 11:00:00,2025-02-22 11:00:00,1740211200,497.0
2025-02-21 12:00:00,2025-02-22 12:00:00,1740214800,634.0
2025-02-21 13:00:00,2025-02-22 13:00:00,1740218400,697.0
2025-02-21 14:00:00,2025-02-22 14:00:00,1740222000,704.0
2025-02-21 15:00:00,2025-02-22 15:00:00,1740225600,569.0
2025-02-21 16:00:00,2025-02-22 16:00:00,1740229200,510.0
2025-02-21 17:00:00,2025-02-22 17:00:00,1740232800,348.0
2025-02-21 18:00:00,2025-02-22 18:00:00,1740236400,154.0
2025-02-21 19:00:00,2025-02-22 19:00:00,1740240000,19.0
2025-02-21 20:00:00,2025-02-22 20:00:00,1740243600,0.0
2025-02-21 21:00:00,2025-02-22 21:00:00,1740247200,0.0
2025-02-21 22:00:00,2025-02-22 22:00:00,1740250800,0.0
2025-02-21 23:00:00,2025-02-22 23:00:00,1740254400,0.0
2025-02-22 00:00:00,2025-02-23 00:00:00,1740258000,0.0
2025-02-22 01:00:00,2025-02-23 01:00:00,1740261600,0.0
2025-02-22 02:00:00,2025-02-23 02:00:00,1740265200,0.0
2025-02-22 03:00:00,2025-02-23 03:00:00,1740268800,0.0
2025-02-22 04:00:00,2025-02-23 04:00:00,1740272400,0.0
2025-02-22 05:00:00,2025-02-23 05:00:00,1740276000,0.0
2025-02-22 06:00:00,2025-02-23 06:00:00,1740279600,0.0
2025-02-22 07:00:00,2025-02-23 07:00:00,1740283200,0.0
2025-02-22 08:00:00,2025-02-23 08:00:00,1740286800,11.0
2025-02-22 09:00:00,2025-02-23 09:00:00,1740290400,118.0
2025-02-22 10:00:00,2025-02-23 10:00:00,1740294000,305.0
2025-02-22 11:00:00,2025-02-23 11:00:00,1740297600,445.0
2025-02-22 12:00:00,2025-02-23 12:00:00,1740301200,497.0
2025-02-22 13:00:00,2025-02-23 13:00:00,1740304800,341.0
2025-02-22 14:00:00,2025-02-23 14:00:00,1740308400,465.0
2025-02-22 15:00:00,2025-02-23 15:00:00,1740312000,552.0
2025-02-22 16:00:00,2025-02-23 16:00:00,1740315600,497.0
2025-02-22 17:00:00,2025-02-23 17:00:00,1740319200,344.0
2025-02-22 18:00:00,2025-02-23 18:00:00,1740322800,163.0
2025-02-22 19:00:00,2025-02-23 19:00:00,1740326400,19.0
2025-02-22 20:00:00,2025-02-23 20:00:00,1740330000,0.0
2025-02-22 21:00:00,2025-02-23 21:00:00,1740333600,0.0
2025-02-22 22:00:00,2025-02-23 22:00:00,1740337200,0.0
2025-02-22 23:00:00,2025-02-23 23:00:00,1740340800,0.0
2025-02-23 00:00:00,2025-02-24 00:00:00,1740344400,0.0
2025-02-23 01:00:00,2025-02-24 01:00:00,1740348000,0.0
2025-02-23 02:00:00,2025-02-24 02:00:00,1740351600,0.0
2025-02-23 03:00:00,2025-02-24 03:00:00,1740355200,0.0
2025-02-23 04:00:00,2025-02-24 04:00:00,1740358800,0.0
2025-02-23 05:00:00,2025-02-24 05:00:00,1740362400,0.0
2025-02-23 06:00:00,2025-02-24 06:00:00,1740366000,0.0
2025-02-23 07:00:00,2025-02-24 07:00:00,1740369600,0.0
2025-02-23 08:00:00,2025-02-24 08:00:00,1740373200,13.0
2025-02-23 09:00:00,2025-02-24 09:00:00,1740376800,138.0
2025-02-23 10:00:00,2025-02-24 10:00:00,1740380400,327.0
2025-02-23 11:00:00,2025-02-24 11:00:00,1740384000,520.0
2025-02-23 12:00:00,2025-02-24 12:00:00,1740387600,657.0
2025-02-23 13:00:00,2025-02-24 13:00:00,1740391200,738.0
2025-02-23 14:00:00,2025-02-24 14:00:00,1740394800,744.0
2025-02-23 15:00:00,2025-02-24 15:00:00,1740398400,664.0
2025-02-23 16:00:00,2025-02-24 16:00:00,1740402000,537.0
2025-02-23 17:00:00,2025-02-24 17:00:00,1740405600,362.0
2025-02-23 18:00:00,2025-02-24 18:00:00,1740409200,174.0
2025-02-23 19:00:00,2025-02-24 19:00:00,1740412800,22.0
2025-02-23 20:00:00,2025-02-24 20:00:00,1740416400,0.0
2025-02-23 21:00:00,2025-02-24 21:00:00,1740420000,0.0
2025-02-23 22:00:00,2025-02-24 22:00:00,1740423600,0.0
2025-02-23 23:00:00,2025-02-24 23:00:00,1740427200,0.0
2025-02-24 00:00:00,2025-02-25 00:00:00,1740430800,0.0
2025-02-24 01:00:00,2025-02-25 01:00:00,1740434400,0.0
2025-02-24 02:00:00,2025-02-25 02:00:00,1740438000,0.0
2025-02-24 03:00:00,2025-02-25 03:00:00,1740441600,0.0
2025-02-24 04:00:00,2025-02-25 04:00:00,1740445200,0.0
2025-02-24 05:00:00,2025-02-25 05:00:00,1740448800,0.0
2025-02-24 06:00:00,2025-02-25 06:00:00,1740452400,0.0
2025-02-24 07:00:00,2025-02-25 07:00:00,1740456000,0.0
2025-02-24 08:00:00,2025-02-25 08:00:00,1740459600,14.0
2025-02-24 09:00:00,2025-02-25 09:00:00,1740463200,148.0
2025-02-24 10:00:00,2025-02-25 10:00:00,1740466800,342.0
2025-02-24 11:00:00,2025-02-25 11:00:00,1740470400,514.0
2025-02-24 12:00:00,2025-02-25 12:00:00,1740474000,634.0
2025-02-24 13:00:00,2025-02-25 13:00:00,1740477600,657.0
2025-02-24 14:00:00,2025-02-25 14:00:00,1740481200,601.0
2025-02-24 15:00:00,2025-02-25 15:00:00,1740484800,579.0
2025-02-24 16:00:00,2025-02-25 16:00:00,1740488400,468.0
2025-02-24 17:00:00,2025-02-25 17:00:00,1740492000,340.0
2025-02-24 18:00:00,2025-02-25 18:00:00,1740495600,163.0
2025-02-24 19:00:00,2025-02-25 19:00:00,1740499200,22.0
2025-02-24 20:00:00,2025-02-25 20:00:00,1740502800,0.0
2025-02-24 21:00:00,2025-02-25 21:00:00,1740506400,0.0
2025-02-24 22:00:00,2025-02-25 22:00:00,1740510000,0.0
2025-02-24 23:00:00,2025-02-25 23:00:00,1740513600,0.0
2025-02-25 00:00:00,2025-02-26 00:00:00,1740517200,0.0
2025-02-25 01:00:00,2025-02-26 01:00:00,1740520800,0.0
2025-02-25 02:00:00,2025-02-26 02:00:00,1740524400,0.0
2025-02-25 03:00:00,2025-02-26 03:00:00,1740528000,0.0
2025-02-25 04:00:00,2025-02-26 04:00:00,1740531600,0.0
2025-02-25 05:00:00,2025-02-26 05:00:00,1740535200,0.0
2025-02-25 06:00:00,2025-02-26 06:00:00,1740538800,0.0
2025-02-25 07:00:00,2025-02-26 07:00:00,1740542400,0.0
2025-02-25 08:00:00,2025-02-26 08:00:00,1740546000,13.0
2025-02-25 09:00:00,2025-02-26 09:00:00,1740549600,121.0
2025-02-25 10:00:00,2025-02-26 10:00:00,1740553200,291.0
2025-02-25 11:00:00,2025-02-26 11:00:00,1740556800,430.0
2025-02-25 12:00:00,2025-02-26 12:00:00,1740560400,543.0
2025-02-25 13:00:00,2025-02-26 13:00:00,1740564000,541.0
2025-02-25 14:00:00,2025-02-26 14:00:00,1740567600,579.0
2025-02-25 15:00:00,2025-02-26 15:00:00,1740571200,455.0
2025-02-25 16:00:00,2025-02-26 16:00:00,1740574800,375.0
2025-02-25 17:00:00,2025-02-26 17:00:00,1740578400,308.0
2025-02-25 18:00:00,2025-02-26 18:00:00,1740582000,155.0
2025-02-25 19:00:00,2025-02-26 19:00:00,1740585600,21.0
2025-02-25 20:00:00,2025-02-26 20:00:00,1740589200,0.0
2025-02-25 21:00:00,2025-02-26 21:00:00,1740592800,0.0
2025-02-25 22:00:00,2025-02-26 22:00:00,1740596400,0.0
2025-02-25 23:00:00,2025-02-26 23:00:00,1740600000,0.0
2025-02-26 00:00:00,2025-02-27 00:00:00,1740603600,0.0
2025-02-26 01:00:00,2025-02-27 01:00:00,1740607200,0.0
2025-02-26 02:00:00,2025-02-27 02:00:00,1740610800,0.0
2025-02-26 03:00:00,2025-02-27 03:00:00,1740614400,0.0
2025-02-26 04:00:00,2025-02-27 04:00:00,1740618000,0.0
2025-02-26 05:00:00,2025-02-27 05:00:00,1740621600,0.0
2025-02-26 06:00:00,2025-02-27 06:00:00,1740625200,0.0
2025-02-26 07:00:00,2025-02-27 07:00:00,1740628800,0.0
2025-02-26 08:00:00,2025-02-27 08:00:00,1740632400,15.0
2025-02-26 09:00:00,2025-02-27 09:00:00,1740636000,137.0
2025-02-26 10:00:00,2025-02-27 10:00:00,1740639600,322.0
2025-02-26 11:00:00,2025-02-27 11:00:00,1740643200,521.0
2025-02-26 12:00:00,2025-02-27 12:00:00,1740646800,638.0
2025-02-26 13:00:00,2025-02-27 13:00:00,1740650400,680.0
2025-02-26 14:00:00,2025-02-27 14:00:00,1740654000,654.0
2025-02-26 15:00:00,2025-02-27 15:00:00,1740657600,547.0
2025-02-26 16:00:00,2025-02-27 16:00:00,1740661200,483.0
2025-02-26 17:00:00,2025-02-27 17:00:00,1740664800,344.0
2025-02-26 18:00:00,2025-02-27 18:00:00,1740668400,168.0
2025-02-26 19:00:00,2025-02-27 19:00:00,1740672000,23.0
2025-02-26 20:00:00,2025-02-27 20:00:00,1740675600,0.0
2025-02-26 21:00:00,2025-02-27 21:00:00,1740679200,0.0
2025-02-26 22:00:00,2025-02-27 22:00:00,1740682800,0.0
2025-02-26 23:00:00,2025-02-27 23:00:00,1740686400,0.0
2025-02-27 00:00:00,2025-02-28 00:00:00,1740690000,0.0
2025-02-27 01:00:00,2025-02-28 01:00:00,1740693600,0.0
2025-02-27 02:00:00,2025-02-28 02:00:00,1740697200,0.0
2025-02-27 03:00:00,2025-02-28 03:00:00,1740700800,0.0
2025-02-27 04:00:00,2025-02-28 04:00:00,1740704400,0.0
2025-02-27 05:00:00,2025-02-28 05:00:00,1740708000,0.0
2025-02-27 06:00:00,2025-02-28 06:00:00,1740711600,0.0
2025-02-27 07:00:00,2025-02-28 07:00:00,1740715200,0.0
2025-02-27 08:00:00,2025-02-28 08:00:00,1740718800,16.0
2025-02-27 09:00:00,2025-02-28 09:00:00,1740722400,146.0
2025-02-27 10:00:00,2025-02-28 10:00:00,1740726000,316.0
2025-02-27 11:00:00,2025-02-28 11:00:00,1740729600,296.0
2025-02-27 12:00:00,2025-02-28 12:00:00,1740733200,493.0
2025-02-27 13:00:00,2025-02-28 13:00:00,1740736800,587.0
2025-02-27 14:00:00,2025-02-28 14:00:00,1740740400,651.0
2025-02-27 15:00:00,2025-02-28 15:00:00,1740744000,521.0
2025-02-27 16:00:00,2025-02-28 16:00:00,1740747600,441.0
2025-02-27 17:00:00,2025-02-28 17:00:00,1740751200,337.0
2025-02-27 18:00:00,2025-02-28 18:00:00,1740754800,156.0
2025-02-27 19:00:00,2025-02-28 19:00:00,1740758400,21.0
2025-02-27 20:00:00,2025-02-28 20:00:00,1740762000,0.0
2025-02-27 21:00:00,2025-02-28 21:00:00,1740765600,0.0
2025-02-27 22:00:00,2025-02-28 22:00:00,1740769200,0.0
2025-02-27 23:00:00,2025-02-28 23:00:00,1740772800,0.0
2025-02-28 00:00:00,2025-03-01 00:00:00,1740776400,0.0
2025-02-28 01:00:00,2025-03-01 01:00:00,1740780000,0.0
2025-02-28 02:00:00,2025-03-01 02:00:00,1740783600,0.0
2025-02-28 03:00:00,2025-03-01 03:00:00,1740787200,0.0
2025-02-28 04:00:00,2025-03-01 04:00:00,1740790800,0.0
2025-02-28 05:00:00,2025-03-01 05:00:00,1740794400,0.0
2025-02-28 06:00:00,2025-03-01 06:00:00,1740798000,0.0
2025-02-28 07:00:00,2025-03-01 07:00:00,1740801600,0.0
2025-02-28 08:00:00,2025-03-01 08:00:00,1740805200,19.0
2025-02-28 09:00:00,2025-03-01 09:00:00,1740808800,161.0
2025-02-28 10:00:00,2025-03-01 10:00:00,1740812400,355.0
2025-02-28 11:00:00,2025-03-01 11:00:00,1740816000,528.0
2025-02-28 12:00:00,2025-03-01 12:00:00,1740819600,655.0
2025-02-28 13:00:00,2025-03-01 13:00:00,1740823200,681.0
2025-02-28 14:00:00,2025-03-01 14:00:00,1740826800,654.0
2025-02-28 15:00:00,2025-03-01 15:00:00,1740830400,578.0
2025-02-28 16:00:00,2025-03-01 16:00:00,1740834000,453.0
2025-02-28 17:00:00,2025-03-01 17:00:00,1740837600,321.0
2025-02-28 18:00:00,2025-03-01 18:00:00,1740841200,163.0
2025-02-28 19:00:00,2025-03-01 19:00:00,1740844800,25.0
2025-02-28 20:00:00,2025-03-01 20:00:00,1740848400,0.0
2025-02-28 21:00:00,2025-03-01 21:00:00,1740852000,0.0
2025-02-28 22:00:00,2025-03-01 22:00:00,1740855600,0.0
2025-02-28 23:00:00,2025-03-01 23:00:00,1740859200,0.0
2025-03-01 00:00:00,2025-03-02 00:00:00,1740862800,0.0
2025-03-01 01:00:00,2025-03-02 01:00:00,1740866400,0.0
2025-03-01 02:00:00,2025-03-02 02:00:00,1740870000,0.0
2025-03-01 03:00:00,2025-03-02 03:00:00,1740873600,0.0
2025-03-01 04:00:00,2025-03-02 04:00:00,1740877200,0.0
2025-03-01 05:00:00,2025-03-02 05:00:00,1740880800,0.0
2025-03-01 06:00:00,2025-03-02 06:00:00,1740884400,0.0
2025-03-01 07:00:00,2025-03-02 07:00:00,1740888000,0.0
2025-03-01 08:00:00,2025-03-02 08:00:00,1740891600,20.0
2025-03-01 09:00:00,2025-03-02 09:00:00,1740895200,165.0
2025-03-01 10:00:00,2025-03-02 10:00:00,1740898800,360.0
2025-03-01 11:00:00,2025-03-02 11:00:00,1740902400,535.0
2025-03-01 12:00:00,2025-03-02 12:00:00,1740906000,663.0
2025-03-01 13:00:00,2025-03-02 13:00:00,1740909600,723.0
2025-03-01 14:00:00,2025-03-02 14:00:00,1740913200,664.0
2025-03-01 15:00:00,2025-03-02 15:00:00,1740916800,613.0
2025-03-01 16:00:00,2025-03-02 16:00:00,1740920400,452.0
2025-03-01 17:00:00,2025-03-02 17:00:00,1740924000,337.0
2025-03-01 18:00:00,2025-03-02 18:00:00,1740927600,168.0
2025-03-01 19:00:00,2025-03-02 19:00:00,1740931200,26.0
2025-03-01 20:00:00,2025-03-02 20:00:00,1740934800,0.0
2025-03-01 21:00:00,2025-03-02 21:00:00,1740938400,0.0
2025-03-01 22:00:00,2025-03-02 22:00:00,1740942000,0.0
2025-03-01 23:00:00,2025-03-02 23:00:00,1740945600,0.0
2025-03-02 00:00:00,2025-03-03 00:00:00,1740949200,0.0
2025-03-02 01:00:00,2025-03-03 01:00:00,1740952800,0.0
2025-03-02 02:00:00,2025-03-03 02:00:00,1740956400,0.0
2025-03-02 03:00:00,2025-03-03 03:00:00,1740960000,0.0
2025-03-02 04:00:00,2025-03-03 04:00:00,1740963600,0.0
2025-03-02 05:00:00,2025-03-03 05:00:00,1740967200,0.0
2025-03-02 06:00:00,2025-03-03 06:00:00,1740970800,0.0
2025-03-02 07:00:00,2025-03-03 07:00:00,1740974400,0.0
2025-03-02 08:00:00,2025-03-03 08:00:00,1740978000,14.0
2025-03-02 09:00:00,2025-03-03 09:00:00,1740981600,99.0
2025-03-02 10:00:00,2025-03-03 10:00:00,1740985200,212.0
2025-03-02 11:00:00,2025-03-03 11:00:00,1740988800,445.0
2025-03-02 12:00:00,2025-03-03 12:00:00,1740992400,628.0
2025-03-02 13:00:00,2025-03-03 13:00:00,1740996000,656.0
2025-03-02 14:00:00,2025-03-03 14:00:00,1740999600,677.0
2025-03-02 15:00:00,2025-03-03 15:00:00,1741003200,642.0
2025-03-02 16:00:00,2025-03-03 16:00:00,1741006800,520.0
2025-03-02 17:00:00,2025-03-03 17:00:00,1741010400,360.0
2025-03-02 18:00:00,2025-03-03 18:00:00,1741014000,176.0
2025-03-02 19:00:00,2025-03-03 19:00:00,1741017600,28.0
2025-03-02 20:00:00,2025-03-03 20:00:00,1741021200,0.0
2025-03-02 21:00:00,2025-03-03 21:00:00,1741024800,0.0
2025-03-02 22:00:00,2025-03-03 22:00:00,1741028400,0.0
2025-03-02 23:00:00,2025-03-03 23:00:00,1741032000,0.0
2025-03-03 00:00:00,2025-03-04 00:00:00,1741035600,0.0
2025-03-03 01:00:00,2025-03-04 01:00:00,1741039200,0.0
2025-03-03 02:00:00,2025-03-04 02:00:00,1741042800,0.0
2025-03-03 03:00:00,2025-03-04 03:00:00,1741046400,0.0
2025-03-03 04:00:00,2025-03-04 04:00:00,1741050000,0.0
2025-03-03 05:00:00,2025-03-04 05:00:00,1741053600,0.0
2025-03-03 06:00:00,2025-03-04 06:00:00,1741057200,0.0
2025-03-03 07:00:00,2025-03-04 07:00:00,1741060800,0.0
2025-03-03 08:00:00,2025-03-04 08:00:00,1741064400,23.0
2025-03-03 09:00:00,2025-03-04 09:00:00,1741068000,169.0
2025-03-03 10:00:00,2025-03-04 10:00:00,1741071600,360.0
2025-03-03 11:00:00,2025-03-04 11:00:00,1741075200,539.0
2025-03-03 12:00:00,2025-03-04 12:00:00,1741078800,672.0
2025-03-03 13:00:00,2025-03-04 13:00:00,1741082400,670.0
2025-03-03 14:00:00,2025-03-04 14:00:00,1741086000,594.0
2025-03-03 15:00:00,2025-03-04 15:00:00,1741089600,520.0
2025-03-03 16:00:00,2025-03-04 16:00:00,1741093200,424.0
2025-03-03 17:00:00,2025-03-04 17:00:00,1741096800,284.0
2025-03-03 18:00:00,2025-03-04 18:00:00,1741100400,171.0
2025-03-03 19:00:00,2025-03-04 19:00:00,1741104000,29.0
2025-03-03 20:00:00,2025-03-04 20:00:00,1741107600,0.0
2025-03-03 21:00:00,2025-03-04 21:00:00,1741111200,0.0
2025-03-03 22:00:00,2025-03-04 22:00:00,1741114800,0.0
2025-03-03 23:00:00,2025-03-04 23:00:00,1741118400,0.0
2025-03-04 00:00:00,2025-03-05 00:00:00,1741122000,0.0
2025-03-04 01:00:00,2025-03-05 01:00:00,1741125600,0.0
2025-03-04 02:00:00,2025-03-05 02:00:00,1741129200,0.0
2025-03-04 03:00:00,2025-03-05 03:00:00,1741132800,0.0
2025-03-04 04:00:00,2025-03-05 04:00:00,1741136400,0.0
2025-03-04 05:00:00,2025-03-05 05:00:00,1741140000,0.0
2025-03-04 06:00:00,2025-03-05 06:00:00,1741143600,0.0
2025-03-04 07:00:00,2025-03-05 07:00:00,1741147200,0.0
2025-03-04 08:00:00,2025-03-05 08:00:00,1741150800,26.0
2025-03-04 09:00:00,2025-03-05 09:00:00,1741154400,181.0
2025-03-04 10:00:00,2025-03-05 10:00:00,1741158000,373.0
2025-03-04 11:00:00,2025-03-05 11:00:00,1741161600,533.0
2025-03-04 12:00:00,2025-03-05 12:00:00,1741165200,678.0
2025-03-04 13:00:00,2025-03-05 13:00:00,1741168800,700.0
2025-03-04 14:00:00,2025-03-05 14:00:00,1741172400,694.0
2025-03-04 15:00:00,2025-03-05 15:00:00,1741176000,416.0
2025-03-04 16:00:00,2025-03-05 16:00:00,1741179600,424.0
2025-03-04 17:00:00,2025-03-05 17:00:00,1741183200,275.0
2025-03-04 18:00:00,2025-03-05 18:00:00,1741186800,125.0
2025-03-04 19:00:00,2025-03-05 19:00:00,1741190400,20.0
2025-03-04 20:00:00,2025-03-05 20:00:00,1741194000,0.0
2025-03-04 21:00:00,2025-03-05 21:00:00,1741197600,0.0
2025-03-04 22:00:00,2025-03-05 22:00:00,1741201200,0.0
2025-03-04 23:00:00,2025-03-05 23:00:00,1741204800,0.0
2025-03-05 00:00:00,2025-03-06 00:00:00,1741208400,0.0
2025-03-05 01:00:00,2025-03-06 01:00:00,1741212000,0.0
2025-03-05 02:00:00,2025-03-06 02:00:00,1741215600,0.0
2025-03-05 03:00:00,2025-03-06 03:00:00,1741219200,0.0
2025-03-05 04:00:00,2025-03-06 04:00:00,1741222800,0.0
2025-03-05 05:00:00,2025-03-06 05:00:00,1741226400,0.0
2025-03-05 06:00:00,2025-03-06 06:00:00,1741230000,0.0
2025-03-05 07:00:00,2025-03-06 07:00:00,1741233600,0.0
2025-03-05 08:00:00,2025-03-06 08:00:00,1741237200,27.0
2025-03-05 09:00:00,2025-03-06 09:00:00,1741240800,183.0
2025-03-05 10:00:00,2025-03-06 10:00:00,1741244400,385.0
2025-03-05 11:00:00,2025-03-06 11:00:00,1741248000,562.0
2025-03-05 12:00:00,2025-03-06 12:00:00,1741251600,690.0
2025-03-05 13:00:00,2025-03-06 13:00:00,1741255200,755.0
2025-03-05 14:00:00,2025-03-06 14:00:00,1741258800,714.0
2025-03-05 15:00:00,2025-03-06 15:00:00,1741262400,651.0
2025-03-05 16:00:00,2025-03-06 16:00:00,1741266000,473.0
2025-03-05 17:00:00,2025-03-06 17:00:00,1741269600,338.0
2025-03-05 18:00:00,2025-03-06 18:00:00,1741273200,189.0
2025-03-05 19:00:00,2025-03-06 19:00:00,1741276800,32.0
2025-03-05 20:00:00,2025-03-06 20:00:00,1741280400,0.0
2025-03-05 21:00:00,2025-03-06 21:00:00,1741284000,0.0
2025-03-05 22:00:00,2025-03-06 22:00:00,1741287600,0.0
2025-03-05 23:00:00,2025-03-06 23:00:00,1741291200,0.0
2025-03-06 00:00:00,2025-03-07 00:00:00,1741294800,0.0
2025-03-06 01:00:00,2025-03-07 01:00:00,1741298400,0.0
2025-03-06 02:00:00,2025-03-07 02:00:00,1741302000,0.0
2025-03-06 03:00:00,2025-03-07 03:00:00,1741305600,0.0
2025-03-06 04:00:00,2025-03-07 04:00:00,1741309200,0.0
2025-03-06 05:00:00,2025-03-07 05:00:00,1741312800,0.0
2025-03-06 06:00:00,2025-03-07 06:00:00,1741316400,0.0
2025-03-06 07:00:00,2025-03-07 07:00:00,1741320000,0.0
2025-03-06 08:00:00,2025-03-07 08:00:00,1741323600,30.0
2025-03-06 09:00:00,2025-03-07 09:00:00,1741327200,187.0
2025-03-06 10:00:00,2025-03-07 10:00:00,1741330800,314.0
2025-03-06 11:00:00,2025-03-07 11:00:00,1741334400,414.0
2025-03-06 12:00:00,2025-03-07 12:00:00,1741338000,457.0
2025-03-06 13:00:00,2025-03-07 13:00:00,1741341600,635.0
2025-03-06 14:00:00,2025-03-07 14:00:00,1741345200,700.0
2025-03-06 15:00:00,2025-03-07 15:00:00,1741348800,662.0
2025-03-06 16:00:00,2025-03-07 16:00:00,1741352400,580.0
2025-03-06 17:00:00,2025-03-07 17:00:00,1741356000,402.0
2025-03-06 18:00:00,2025-03-07 18:00:00,1741359600,201.0
2025-03-06 19:00:00,2025-03-07 19:00:00,1741363200,35.0
2025-03-06 20:00:00,2025-03-07 20:00:00,1741366800,0.0
2025-03-06 21:00:00,2025-03-07 21:00:00,1741370400,0.0
2025-03-06 22:00:00,2025-03-07 22:00:00,1741374000,0.0
2025-03-06 23:00:00,2025-03-07 23:00:00,1741377600,0.0
2025-03-07 00:00:00,2025-03-08 00:00:00,1741381200,0.0
2025-03-07 01:00:00,2025-03-08 01:00:00,1741384800,0.0
2025-03-07 02:00:00,2025-03-08 02:00:00,1741388400,0.0
2025-03-07 03:00:00,2025-03-08 03:00:00,1741392000,0.0
2025-03-07 04:00:00,2025-03-08 04:00:00,1741395600,0.0
2025-03-07 05:00:00,2025-03-08 05:00:00,1741399200,0.0
2025-03-07 06:00:00,2025-03-08 06:00:00,1741402800,0.0
2025-03-07 07:00:00,2025-03-08 07:00:00,1741406400,0.0
2025-03-07 08:00:00,2025-03-08 08:00:00,1741410000,33.0
2025-03-07 09:00:00,2025-03-08 09:00:00,1741413600,199.0
2025-03-07 10:00:00,2025-03-08 10:00:00,1741417200,404.0
2025-03-07 11:00:00,2025-03-08 11:00:00,1741420800,584.0
2025-03-07 12:00:00,2025-03-08 12:00:00,1741424400,714.0
2025-03-07 13:00:00,2025-03-08 13:00:00,1741428000,780.0
2025-03-07 14:00:00,2025-03-08 14:00:00,1741431600,755.0
2025-03-07 15:00:00,2025-03-08 15:00:00,1741435200,709.0
2025-03-07 16:00:00,2025-03-08 16:00:00,1741438800,582.0
2025-03-07 17:00:00,2025-03-08 17:00:00,1741442400,407.0
2025-03-07 18:00:00,2025-03-08 18:00:00,1741446000,206.0
2025-03-07 19:00:00,2025-03-08 19:00:00,1741449600,37.0
2025-03-07 20:00:00,2025-03-08 20:00:00,1741453200,0.0
2025-03-07 21:00:00,2025-03-08 21:00:00,1741456800,0.0
2025-03-07 22:00:00,2025-03-08 22:00:00,1741460400,0.0
2025-03-07 23:00:00,2025-03-08 23:00:00,1741464000,0.0
2025-03-08 00:00:00,2025-03-09 00:00:00,1741467600,0.0
2025-03-08 01:00:00,2025-03-09 01:00:00,1741471200,0.0
2025-03-08 02:00:00,2025-03-09 02:00:00,1741474800,0.0
2025-03-08 03:00:00,2025-03-09 03:00:00,1741478400,0.0
2025-03-08 04:00:00,2025-03-09 04:00:00,1741482000,0.0
2025-03-08 05:00:00,2025-03-09 05:00:00,1741485600,0.0
2025-03-08 06:00:00,2025-03-09 06:00:00,1741489200,0.0
2025-03-08 07:00:00,2025-03-09 07:00:00,1741492800,0.0
2025-03-08 08:00:00,2025-03-09 08:00:00,1741496400,29.0
2025-03-08 09:00:00,2025-03-09 09:00:00,1741500000,138.0
2025-03-08 10:00:00,2025-03-09 10:00:00,1741503600,293.0
2025-03-08 11:00:00,2025-03-09 11:00:00,1741507200,454.0
2025-03-08 12:00:00,2025-03-09 12:00:00,1741510800,607.0
2025-03-08 13:00:00,2025-03-09 13:00:00,1741514400,594.0
2025-03-08 14:00:00,2025-03-09 14:00:00,1741518000,623.0
2025-03-08 15:00:00,2025-03-09 15:00:00,1741521600,578.0
2025-03-08 16:00:00,2025-03-09 16:00:00,1741525200,470.0
2025-03-08 17:00:00,2025-03-09 17:00:00,1741528800,316.0
2025-03-08 18:00:00,2025-03-09 18:00:00,1741532400,173.0
2025-03-08 19:00:00,2025-03-09 19:00:00,1741536000,34.0
2025-03-08 20:00:00,2025-03-09 20:00:00,1741539600,0.0
2025-03-08 21:00:00,2025-03-09 21:00:00,1741543200,0.0
2025-03-08 22:00:00,2025-03-09 22:00:00,1741546800,0.0
2025-03-08 23:00:00,2025-03-09 23:00:00,1741550400,0.0
2025-03-09 00:00:00,2025-03-10 00:00:00,1741554000,0.0
2025-03-09 01:00:00,2025-03-10 01:00:00,1741557600,0.0
2025-03-09 02:00:00,2025-03-10 02:00:00,1741561200,0.0
2025-03-09 03:00:00,2025-03-10 03:00:00,1741564800,0.0
2025-03-09 04:00:00,2025-03-10 04:00:00,1741568400,0.0
2025-03-09 05:00:00,2025-03-10 05:00:00,1741572000,0.0
2025-03-09 06:00:00,2025-03-10 06:00:00,1741575600,0.0
2025-03-09 07:00:00,2025-03-10 07:00:00,1741579200,0.0
2025-03-09 08:00:00,2025-03-10 08:00:00,1741582800,35.0
2025-03-09 09:00:00,2025-03-10 09:00:00,1741586400,192.0
2025-03-09 10:00:00,2025-03-10 10:00:00,1741590000,384.0
2025-03-09 11:00:00,2025-03-10 11:00:00,1741593600,559.0
2025-03-09 12:00:00,2025-03-10 12:00:00,1741597200,676.0
2025-03-09 13:00:00,2025-03-10 13:00:00,1741600800,731.0
2025-03-09 14:00:00,2025-03-10 14:00:00,1741604400,760.0
2025-03-09 15:00:00,2025-03-10 15:00:00,1741608000,687.0
2025-03-09 16:00:00,2025-03-10 16:00:00,1741611600,554.0
2025-03-09 17:00:00,2025-03-10 17:00:00,1741615200,389.0
2025-03-09 18:00:00,2025-03-10 18:00:00,1741618800,199.0
2025-03-09 19:00:00,2025-03-10 19:00:00,1741622400,38.0
2025-03-09 20:00:00,2025-03-10 20:00:00,1741626000,0.0
2025-03-09 21:00:00,2025-03-10 21:00:00,1741629600,0.0
2025-03-09 22:00:00,2025-03-10 22:00:00,1741633200,0.0
2025-03-09 23:00:00,2025-03-10 23:00:00,1741636800,0.0
2025-03-10 00:00:00,2025-03-11 00:00:00,1741640400,0.0
2025-03-10 01:00:00,2025-03-11 01:00:00,1741644000,0.0
2025-03-10 02:00:00,2025-03-11 02:00:00,1741647600,0.0
2025-03-10 03:00:00,2025-03-11 03:00:00,1741651200,0.0
2025-03-10 04:00:00,2025-03-11 04:00:00,1741654800,0.0
2025-03-10 05:00:00,2025-03-11 05:00:00,1741658400,0.0
2025-03-10 06:00:00,2025-03-11 06:00:00,1741662000,0.0
2025-03-10 07:00:00,2025-03-11 07:00:00,1741665600,0.0
2025-03-10 08:00:00,2025-03-11 08:00:00,1741669200,39.0
2025-03-10 09:00:00,2025-03-11 09:00:00,1741672800,207.0
2025-03-10 10:00:00,2025-03-11 10:00:00,1741676400,406.0
2025-03-10 11:00:00,2025-03-11 11:00:00,1741680000,581.0
2025-03-10 12:00:00,2025-03-11 12:00:00,1741683600,709.0
2025-03-10 13:00:00,2025-03-11 13:00:00,1741687200,773.0
2025-03-10 14:00:00,2025-03-11 14:00:00,1741690800,768.0
2025-03-10 15:00:00,2025-03-11 15:00:00,1741694400,681.0
2025-03-10 16:00:00,2025-03-11 16:00:00,1741698000,538.0
2025-03-10 17:00:00,2025-03-11 17:00:00,1741701600,381.0
2025-03-10 18:00:00,2025-03-11 18:00:00,1741705200,203.0
2025-03-10 19:00:00,2025-03-11 19:00:00,1741708800,40.0
2025-03-10 20:00:00,2025-03-11 20:00:00,1741712400,0.0
2025-03-10 21:00:00,2025-03-11 21:00:00,1741716000,0.0
2025-03-10 22:00:00,2025-03-11 22:00:00,1741719600,0.0
2025-03-10 23:00:00,2025-03-11 23:00:00,1741723200,0.0
2025-03-11 00:00:00,2025-03-12 00:00:00,1741726800,0.0
2025-03-11 01:00:00,2025-03-12 01:00:00,1741730400,0.0
2025-03-11 02:00:00,2025-03-12 02:00:00,1741734000,0.0
2025-03-11 03:00:00,2025-03-12 03:00:00,1741737600,0.0
2025-03-11 04:00:00,2025-03-12 04:00:00,1741741200,0.0
2025-03-11 05:00:00,2025-03-12 05:00:00,1741744800,0.0
2025-03-11 06:00:00,2025-03-12 06:00:00,1741748400,0.0
2025-03-11 07:00:00,2025-03-12 07:00:00,1741752000,0.0
2025-03-11 08:00:00,2025-03-12 08:00:00,1741755600,43.0
2025-03-11 09:00:00,2025-03-12 09:00:00,1741759200,216.0
2025-03-11 10:00:00,2025-03-12 10:00:00,1741762800,420.0
2025-03-11 11:00:00,2025-03-12 11:00:00,1741766400,599.0
2025-03-11 12:00:00,2025-03-12 12:00:00,1741770000,728.0
2025-03-11 13:00:00,2025-03-12 13:00:00,1741773600,795.0
2025-03-11 14:00:00,2025-03-12 14:00:00,1741777200,794.0
2025-03-11 15:00:00,2025-03-12 15:00:00,1741780800,724.0
2025-03-11 16:00:00,2025-03-12 16:00:00,1741784400,591.0
2025-03-11 17:00:00,2025-03-12 17:00:00,1741788000,416.0
2025-03-11 18:00:00,2025-03-12 18:00:00,1741791600,215.0
2025-03-11 19:00:00,2025-03-12 19:00:00,1741795200,43.0
2025-03-11 20:00:00,2025-03-12 20:00:00,1741798800,0.0
2025-03-11 21:00:00,2025-03-12 21:00:00,1741802400,0.0
2025-03-11 22:00:00,2025-03-12 22:00:00,1741806000,0.0
2025-03-11 23:00:00,2025-03-12 23:00:00,1741809600,0.0
2025-03-12 00:00:00,2025-03-13 00:00:00,1741813200,0.0
2025-03-12 01:00:00,2025-03-13 01:00:00,1741816800,0.0
2025-03-12 02:00:00,2025-03-13 02:00:00,1741820400,0.0
2025-03-12 03:00:00,2025-03-13 03:00:00,1741824000,0.0
2025-03-12 04:00:00,2025-03-13 04:00:00,1741827600,0.0
2025-03-12 05:00:00,2025-03-13 05:00:00,1741831200,0.0
2025-03-12 06:00:00,2025-03-13 06:00:00,1741834800,0.0
2025-03-12 07:00:00,2025-03-13 07:00:00,1741838400,0.0
2025-03-12 08:00:00,2025-03-13 08:00:00,1741842000,45.0
2025-03-12 09:00:00,2025-03-13 09:00:00,1741845600,220.0
2025-03-12 10:00:00,2025-03-13 10:00:00,1741849200,423.0
2025-03-12 11:00:00,2025-03-13 11:00:00,1741852800,600.0
2025-03-12 12:00:00,2025-03-13 12:00:00,1741856400,728.0
2025-03-12 13:00:00,2025-03-13 13:00:00,1741860000,795.0
2025-03-12 14:00:00,2025-03-13 14:00:00,1741863600,795.0
2025-03-12 15:00:00,2025-03-13 15:00:00,1741867200,727.0
2025-03-12 16:00:00,2025-03-13 16:00:00,1741870800,599.0
2025-03-12 17:00:00,2025-03-13 17:00:00,1741874400,421.0
2025-03-12 18:00:00,2025-03-13 18:00:00,1741878000,215.0
2025-03-12 19:00:00,2025-03-13 19:00:00,1741881600,42.0
2025-03-12 20:00:00,2025-03-13 20:00:00,1741885200,0.0
2025-03-12 21:00:00,2025-03-13 21:00:00,1741888800,0.0
2025-03-12 22:00:00,2025-03-13 22:00:00,1741892400,0.0
2025-03-12 23:00:00,2025-03-13 23:00:00,1741896000,0.0
2025-03-13 00:00:00,2025-03-14 00:00:00,1741899600,0.0
2025-03-13 01:00:00,2025-03-14 01:00:00,1741903200,0.0
2025-03-13 02:00:00,2025-03-14 02:00:00,1741906800,0.0
2025-03-13 03:00:00,2025-03-14 03:00:00,1741910400,0.0
2025-03-13 04:00:00,2025-03-14 04:00:00,1741914000,0.0
2025-03-13 05:00:00,2025-03-14 05:00:00,1741917600,0.0
2025-03-13 06:00:00,2025-03-14 06:00:00,1741921200,0.0
2025-03-13 07:00:00,2025-03-14 07:00:00,1741924800,0.0
2025-03-13 08:00:00,2025-03-14 08:00:00,1741928400,48.0
2025-03-13 09:00:00,2025-03-14 09:00:00,1741932000,225.0
2025-03-13 10:00:00,2025-03-14 10:00:00,1741935600,428.0
2025-03-13 11:00:00,2025-03-14 11:00:00,1741939200,605.0
2025-03-13 12:00:00,2025-03-14 12:00:00,1741942800,735.0
2025-03-13 13:00:00,2025-03-14 13:00:00,1741946400,802.0
2025-03-13 14:00:00,2025-03-14 14:00:00,1741950000,801.0
2025-03-13 15:00:00,2025-03-14 15:00:00,1741953600,731.0
2025-03-13 16:00:00,2025-03-14 16:00:00,1741957200,602.0
2025-03-13 17:00:00,2025-03-14 17:00:00,1741960800,425.0
2025-03-13 18:00:00,2025-03-14 18:00:00,1741964400,222.0
2025-03-13 19:00:00,2025-03-14 19:00:00,1741968000,46.0
2025-03-13 20:00:00,2025-03-14 20:00:00,1741971600,0.0
2025-03-13 21:00:00,2025-03-14 21:00:00,1741975200,0.0
2025-03-13 22:00:00,2025-03-14 22:00:00,1741978800,0.0
2025-03-13 23:00:00,2025-03-14 23:00:00,1741982400,0.0
2025-03-14 00:00:00,2025-03-15 00:00:00,1741986000,0.0
2025-03-14 01:00:00,2025-03-15 01:00:00,1741989600,0.0
2025-03-14 02:00:00,2025-03-15 02:00:00,1741993200,0.0
2025-03-14 03:00:00,2025-03-15 03:00:00,1741996800,0.0
2025-03-14 04:00:00,2025-03-15 04:00:00,1742000400,0.0
2025-03-14 05:00:00,2025-03-15 05:00:00,1742004000,0.0
2025-03-14 06:00:00,2025-03-15 06:00:00,1742007600,0.0
2025-03-14 07:00:00,2025-03-15 07:00:00,1742011200,0.0
2025-03-14 08:00:00,2025-03-15 08:00:00,1742014800,52.0
2025-03-14 09:00:00,2025-03-15 09:00:00,1742018400,232.0
2025-03-14 10:00:00,2025-03-15 10:00:00,1742022000,437.0
2025-03-14 11:00:00,2025-03-15 11:00:00,1742025600,615.0
2025-03-14 12:00:00,2025-03-15 12:00:00,1742029200,744.0
2025-03-14 13:00:00,2025-03-15 13:00:00,1742032800,811.0
2025-03-14 14:00:00,2025-03-15 14:00:00,1742036400,809.0
2025-03-14 15:00:00,2025-03-15 15:00:00,1742040000,739.0
2025-03-14 16:00:00,2025-03-15 16:00:00,1742043600,608.0
2025-03-14 17:00:00,2025-03-15 17:00:00,1742047200,430.0
2025-03-14 18:00:00,2025-03-15 18:00:00,1742050800,226.0
2025-03-14 19:00:00,2025-03-15 19:00:00,1742054400,48.0
2025-03-14 20:00:00,2025-03-15 20:00:00,1742058000,0.0
2025-03-14 21:00:00,2025-03-15 21:00:00,1742061600,0.0
2025-03-14 22:00:00,2025-03-15 22:00:00,1742065200,0.0
2025-03-14 23:00:00,2025-03-15 23:00:00,1742068800,0.0
2025-03-15 00:00:00,2025-03-16 00:00:00,1742072400,0.0
2025-03-15 01:00:00,2025-03-16 01:00:00,1742076000,0.0
2025-03-15 02:00:00,2025-03-16 02:00:00,1742079600,0.0
2025-03-15 03:00:00,2025-03-16 03:00:00,1742083200,0.0
2025-03-15 04:00:00,2025-03-16 04:00:00,1742086800,0.0
2025-03-15 05:00:00,2025-03-16 05:00:00,1742090400,0.0
2025-03-15 06:00:00,2025-03-16 06:00:00,1742094000,0.0
2025-03-15 07:00:00,2025-03-16 07:00:00,1742097600,0.0
2025-03-15 08:00:00,2025-03-16 08:00:00,1742101200,56.0
2025-03-15 09:00:00,2025-03-16 09:00:00,1742104800,241.0
2025-03-15 10:00:00,2025-03-16 10:00:00,1742108400,449.0
2025-03-15 11:00:00,2025-03-16 11:00:00,1742112000,629.0
2025-03-15 12:00:00,2025-03-16 12:00:00,1742115600,758.0
2025-03-15 13:00:00,2025-03-16 13:00:00,1742119200,825.0
2025-03-15 14:00:00,2025-03-16 14:00:00,1742122800,823.0
2025-03-15 15:00:00,2025-03-16 15:00:00,1742126400,753.0
2025-03-15 16:00:00,2025-03-16 16:00:00,1742130000,622.0
2025-03-15 17:00:00,2025-03-16 17:00:00,1742133600,441.0
2025-03-15 18:00:00,2025-03-16 18:00:00,1742137200,233.0
2025-03-15 19:00:00,2025-03-16 19:00:00,1742140800,51.0
2025-03-15 20:00:00,2025-03-16 20:00:00,1742144400,0.0
2025-03-15 21:00:00,2025-03-16 21:00:00,1742148000,0.0
2025-03-15 22:00:00,2025-03-16 22:00:00,1742151600,0.0
2025-03-15 23:00:00,2025-03-16 23:00:00,1742155200,0.0
2025-03-16 00:00:00,2025-03-17 00:00:00,1742158800,0.0
2025-03-16 01:00:00,2025-03-17 01:00:00,1742162400,0.0
2025-03-16 02:00:00,2025-03-17 02:00:00,1742166000,0.0
2025-03-16 03:00:00,2025-03-17 03:00:00,1742169600,0.0
2025-03-16 04:00:00,2025-03-17 04:00:00,1742173200,0.0
2025-03-16 05:00:00,2025-03-17 05:00:00,1742176800,0.0
2025-03-16 06:00:00,2025-03-17 06:00:00,1742180400,0.0
2025-03-16 07:00:00,2025-03-17 07:00:00,1742184000,0.0
2025-03-16 08:00:00,2025-03-17 08:00:00,1742187600,51.0
2025-03-16 09:00:00,2025-03-17 09:00:00,1742191200,212.0
2025-03-16 10:00:00,2025-03-17 10:00:00,1742194800,424.0
2025-03-16 11:00:00,2025-03-17 11:00:00,1742198400,605.0
2025-03-16 12:00:00,2025-03-17 12:00:00,1742202000,736.0
2025-03-16 13:00:00,2025-03-17 13:00:00,1742205600,803.0
2025-03-16 14:00:00,2025-03-17 14:00:00,1742209200,797.0
2025-03-16 15:00:00,2025-03-17 15:00:00,1742212800,513.0
2025-03-16 16:00:00,2025-03-17 16:00:00,1742216400,330.0
2025-03-16 17:00:00,2025-03-17 17:00:00,1742220000,268.0
2025-03-16 18:00:00,2025-03-17 18:00:00,1742223600,163.0
2025-03-16 19:00:00,2025-03-17 19:00:00,1742227200,46.0
2025-03-16 20:00:00,2025-03-17 20:00:00,1742230800,0.0
2025-03-16 21:00:00,2025-03-17 21:00:00,1742234400,0.0
2025-03-16 22:00:00,2025-03-17 22:00:00,1742238000,0.0
2025-03-16 23:00:00,2025-03-17 23:00:00,1742241600,0.0
2025-03-17 00:00:00,2025-03-18 00:00:00,1742245200,0.0
2025-03-17 01:00:00,2025-03-18 01:00:00,1742248800,0.0
2025-03-17 02:00:00,2025-03-18 02:00:00,1742252400,0.0
2025-03-17 03:00:00,2025-03-18 03:00:00,1742256000,0.0
2025-03-17 04:00:00,2025-03-18 04:00:00,1742259600,0.0
2025-03-17 05:00:00,2025-03-18 05:00:00,1742263200,0.0
2025-03-17 06:00:00,2025-03-18 06:00:00,1742266800,0.0
2025-03-17 07:00:00,2025-03-18 07:00:00,1742270400,0.0
2025-03-17 08:00:00,2025-03-18 08:00:00,1742274000,58.0
2025-03-17 09:00:00,2025-03-18 09:00:00,1742277600,215.0
2025-03-17 10:00:00,2025-03-18 10:00:00,1742281200,417.0
2025-03-17 11:00:00,2025-03-18 11:00:00,1742284800,589.0
2025-03-17 12:00:00,2025-03-18 12:00:00,1742288400,740.0
2025-03-17 13:00:00,2025-03-18 13:00:00,1742292000,817.0
2025-03-17 14:00:00,2025-03-18 14:00:00,1742295600,821.0
2025-03-17 15:00:00,2025-03-18 15:00:00,1742299200,755.0
2025-03-17 16:00:00,2025-03-18 16:00:00,1742302800,620.0
2025-03-17 17:00:00,2025-03-18 17:00:00,1742306400,437.0
2025-03-17 18:00:00,2025-03-18 18:00:00,1742310000,231.0
2025-03-17 19:00:00,2025-03-18 19:00:00,1742313600,53.0
2025-03-17 20:00:00,2025-03-18 20:00:00,1742317200,0.0
2025-03-17 21:00:00,2025-03-18 21:00:00,1742320800,0.0
2025-03-17 22:00:00,2025-03-18 22:00:00,1742324400,0.0
2025-03-17 23:00:00,2025-03-18 23:00:00,1742328000,0.0
2025-03-18 00:00:00,2025-03-19 00:00:00,1742331600,0.0
2025-03-18 01:00:00,2025-03-19 01:00:00,1742335200,0.0
2025-03-18 02:00:00,2025-03-19 02:00:00,1742338800,0.0
2025-03-18 03:00:00,2025-03-19 03:00:00,1742342400,0.0
2025-03-18 04:00:00,2025-03-19 04:00:00,1742346000,0.0
2025-03-18 05:00:00,2025-03-19 05:00:00,1742349600,0.0
2025-03-18 06:00:00,2025-03-19 06:00:00,1742353200,0.0
2025-03-18 07:00:00,2025-03-19 07:00:00,1742356800,0.0
2025-03-18 08:00:00,2025-03-19 08:00:00,1742360400,61.0
2025-03-18 09:00:00,2025-03-19 09:00:00,1742364000,235.0
2025-03-18 10:00:00,2025-03-19 10:00:00,1742367600,368.0
2025-03-18 11:00:00,2025-03-19 11:00:00,1742371200,588.0
2025-03-18 12:00:00,2025-03-19 12:00:00,1742374800,617.0
2025-03-18 13:00:00,2025-03-19 13:00:00,1742378400,556.0
2025-03-18 14:00:00,2025-03-19 14:00:00,1742382000,387.0
2025-03-18 15:00:00,2025-03-19 15:00:00,1742385600,550.0
2025-03-18 16:00:00,2025-03-19 16:00:00,1742389200,354.0
2025-03-18 17:00:00,2025-03-19 17:00:00,1742392800,313.0
2025-03-18 18:00:00,2025-03-19 18:00:00,1742396400,133.0
2025-03-18 19:00:00,2025-03-19 19:00:00,1742400000,41.0
2025-03-18 20:00:00,2025-03-19 20:00:00,1742403600,0.0
2025-03-18 21:00:00,2025-03-19 21:00:00,1742407200,0.0
2025-03-18 22:00:00,2025-03-19 22:00:00,1742410800,0.0
2025-03-18 23:00:00,2025-03-19 23:00:00,1742414400,0.0
2025-03-19 00:00:00,2025-03-20 00:00:00,1742418000,0.0
2025-03-19 01:00:00,2025-03-20 01:00:00,1742421600,0.0
2025-03-19 02:00:00,2025-03-20 02:00:00,1742425200,0.0
2025-03-19 03:00:00,2025-03-20 03:00:00,1742428800,0.0
2025-03-19 04:00:00,2025-03-20 04:00:00,1742432400,0.0
2025-03-19 05:00:00,2025-03-20 05:00:00,1742436000,0.0
2025-03-19 06:00:00,2025-03-20 06:00:00,1742439600,0.0
2025-03-19 07:00:00,2025-03-20 07:00:00,1742443200,0.0
2025-03-19 08:00:00,2025-03-20 08:00:00,1742446800,49.0
2025-03-19 09:00:00,2025-03-20 09:00:00,1742450400,247.0
2025-03-19 10:00:00,2025-03-20 10:00:00,1742454000,468.0
2025-03-19 11:00:00,2025-03-20 11:00:00,1742457600,618.0
2025-03-19 12:00:00,2025-03-20 12:00:00,1742461200,749.0
2025-03-19 13:00:00,2025-03-20 13:00:00,1742464800,835.0
2025-03-19 14:00:00,2025-03-20 14:00:00,1742468400,818.0
2025-03-19 15:00:00,2025-03-20 15:00:00,1742472000,735.0
2025-03-19 16:00:00,2025-03-20 16:00:00,1742475600,578.0
2025-03-19 17:00:00,2025-03-20 17:00:00,1742479200,392.0
2025-03-19 18:00:00,2025-03-20 18:00:00,1742482800,202.0
2025-03-19 19:00:00,2025-03-20 19:00:00,1742486400,55.0
2025-03-19 20:00:00,2025-03-20 20:00:00,1742490000,0.0
2025-03-19 21:00:00,2025-03-20 21:00:00,1742493600,0.0
2025-03-19 22:00:00,2025-03-20 22:00:00,1742497200,0.0
2025-03-19 23:00:00,2025-03-20 23:00:00,1742500800,0.0
2025-03-20 00:00:00,2025-03-21 00:00:00,1742504400,0.0
2025-03-20 01:00:00,2025-03-21 01:00:00,1742508000,0.0
2025-03-20 02:00:00,2025-03-21 02:00:00,1742511600,0.0
2025-03-20 03:00:00,2025-03-21 03:00:00,1742515200,0.0
2025-03-20 04:00:00,2025-03-21 04:00:00,1742518800,0.0
2025-03-20 05:00:00,2025-03-21 05:00:00,1742522400,0.0
2025-03-20 06:00:00,2025-03-21 06:00:00,1742526000,0.0
2025-03-20 07:00:00,2025-03-21 07:00:00,1742529600,0.0
2025-03-20 08:00:00,2025-03-21 08:00:00,1742533200,33.0
2025-03-20 09:00:00,2025-03-21 09:00:00,1742536800,130.0
2025-03-20 10:00:00,2025-03-21 10:00:00,1742540400,285.0
2025-03-20 11:00:00,2025-03-21 11:00:00,1742544000,465.0
2025-03-20 12:00:00,2025-03-21 12:00:00,1742547600,494.0
2025-03-20 13:00:00,2025-03-21 13:00:00,1742551200,601.0
2025-03-20 14:00:00,2025-03-21 14:00:00,1742554800,660.0
2025-03-20 15:00:00,2025-03-21 15:00:00,1742558400,708.0
2025-03-20 16:00:00,2025-03-21 16:00:00,1742562000,587.0
2025-03-20 17:00:00,2025-03-21 17:00:00,1742565600,418.0
2025-03-20 18:00:00,2025-03-21 18:00:00,1742569200,223.0
2025-03-20 19:00:00,2025-03-21 19:00:00,1742572800,56.0
2025-03-20 20:00:00,2025-03-21 20:00:00,1742576400,0.0
2025-03-20 21:00:00,2025-03-21 21:00:00,1742580000,0.0
2025-03-20 22:00:00,2025-03-21 22:00:00,1742583600,0.0
2025-03-20 23:00:00,2025-03-21 23:00:00,1742587200,0.0
2025-03-21 00:00:00,2025-03-22 00:00:00,1742590800,0.0
2025-03-21 01:00:00,2025-03-22 01:00:00,1742594400,0.0
2025-03-21 02:00:00,2025-03-22 02:00:00,1742598000,0.0
2025-03-21 03:00:00,2025-03-22 03:00:00,1742601600,0.0
2025-03-21 04:00:00,2025-03-22 04:00:00,1742605200,0.0
2025-03-21 05:00:00,2025-03-22 05:00:00,1742608800,0.0
2025-03-21 06:00:00,2025-03-22 06:00:00,1742612400,0.0
2025-03-21 07:00:00,2025-03-22 07:00:00,1742616000,0.0
2025-03-21 08:00:00,2025-03-22 08:00:00,1742619600,71.0
2025-03-21 09:00:00,2025-03-22 09:00:00,1742623200,252.0
2025-03-21 10:00:00,2025-03-22 10:00:00,1742626800,451.0
2025-03-21 11:00:00,2025-03-22 11:00:00,1742630400,642.0
2025-03-21 12:00:00,2025-03-22 12:00:00,1742634000,725.0
2025-03-21 13:00:00,2025-03-22 13:00:00,1742637600,777.0
2025-03-21 14:00:00,2025-03-22 14:00:00,1742641200,793.0
2025-03-21 15:00:00,2025-03-22 15:00:00,1742644800,759.0
2025-03-21 16:00:00,2025-03-22 16:00:00,1742648400,623.0
2025-03-21 17:00:00,2025-03-22 17:00:00,1742652000,443.0
2025-03-21 18:00:00,2025-03-22 18:00:00,1742655600,242.0
2025-03-21 19:00:00,2025-03-22 19:00:00,1742659200,59.0
2025-03-21 20:00:00,2025-03-22 20:00:00,1742662800,0.0
2025-03-21 21:00:00,2025-03-22 21:00:00,1742666400,0.0
2025-03-21 22:00:00,2025-03-22 22:00:00,1742670000,0.0
2025-03-21 23:00:00,2025-03-22 23:00:00,1742673600,0.0
2025-03-22 00:00:00,2025-03-23 00:00:00,1742677200,0.0
2025-03-22 01:00:00,2025-03-23 01:00:00,1742680800,0.0
2025-03-22 02:00:00,2025-03-23 02:00:00,1742684400,0.0
2025-03-22 03:00:00,2025-03-23 03:00:00,1742688000,0.0
2025-03-22 04:00:00,2025-03-23 04:00:00,1742691600,0.0
2025-03-22 05:00:00,2025-03-23 05:00:00,1742695200,0.0
2025-03-22 06:00:00,2025-03-23 06:00:00,1742698800,0.0
2025-03-22 07:00:00,2025-03-23 07:00:00,1742702400,0.0
2025-03-22 08:00:00,2025-03-23 08:00:00,1742706000,67.0
2025-03-22 09:00:00,2025-03-23 09:00:00,1742709600,251.0
2025-03-22 10:00:00,2025-03-23 10:00:00,1742713200,466.0
2025-03-22 11:00:00,2025-03-23 11:00:00,1742716800,647.0
2025-03-22 12:00:00,2025-03-23 12:00:00,1742720400,772.0
2025-03-22 13:00:00,2025-03-23 13:00:00,1742724000,821.0
2025-03-22 14:00:00,2025-03-23 14:00:00,1742727600,817.0
2025-03-22 15:00:00,2025-03-23 15:00:00,1742731200,735.0
2025-03-22 16:00:00,2025-03-23 16:00:00,1742734800,593.0
2025-03-22 17:00:00,2025-03-23 17:00:00,1742738400,422.0
2025-03-22 18:00:00,2025-03-23 18:00:00,1742742000,241.0
2025-03-22 19:00:00,2025-03-23 19:00:00,1742745600,61.0
2025-03-22 20:00:00,2025-03-23 20:00:00,1742749200,0.0
2025-03-22 21:00:00,2025-03-23 21:00:00,1742752800,0.0
2025-03-22 22:00:00,2025-03-23 22:00:00,1742756400,0.0
2025-03-22 23:00:00,2025-03-23 23:00:00,1742760000,0.0
2025-03-23 00:00:00,2025-03-24 00:00:00,1742763600,0.0
2025-03-23 01:00:00,2025-03-24 01:00:00,1742767200,0.0
2025-03-23 02:00:00,2025-03-24 02:00:00,1742770800,0.0
2025-03-23 03:00:00,2025-03-24 03:00:00,1742774400,0.0
2025-03-23 04:00:00,2025-03-24 04:00:00,1742778000,0.0
2025-03-23 05:00:00,2025-03-24 05:00:00,1742781600,0.0
2025-03-23 06:00:00,2025-03-24 06:00:00,1742785200,0.0
2025-03-23 07:00:00,2025-03-24 07:00:00,1742788800,1.0
2025-03-23 08:00:00,2025-03-24 08:00:00,1742792400,77.0
2025-03-23 09:00:00,2025-03-24 09:00:00,1742796000,258.0
2025-03-23 10:00:00,2025-03-24 10:00:00,1742799600,457.0
2025-03-23 11:00:00,2025-03-24 11:00:00,1742803200,640.0
2025-03-23 12:00:00,2025-03-24 12:00:00,1742806800,768.0
2025-03-23 13:00:00,2025-03-24 13:00:00,1742810400,830.0
2025-03-23 14:00:00,2025-03-24 14:00:00,1742814000,824.0
2025-03-23 15:00:00,2025-03-24 15:00:00,1742817600,752.0
2025-03-23 16:00:00,2025-03-24 16:00:00,1742821200,622.0
2025-03-23 17:00:00,2025-03-24 17:00:00,1742824800,443.0
2025-03-23 18:00:00,2025-03-24 18:00:00,1742828400,241.0
2025-03-23 19:00:00,2025-03-24 19:00:00,1742832000,61.0
2025-03-23 20:00:00,2025-03-24 20:00:00,1742835600,0.0
2025-03-23 21:00:00,2025-03-24 21:00:00,1742839200,0.0
2025-03-23 22:00:00,2025-03-24 22:00:00,1742842800,0.0
2025-03-23 23:00:00,2025-03-24 23:00:00,1742846400,0.0
2025-03-24 00:00:00,2025-03-25 00:00:00,1742850000,0.0
2025-03-24 01:00:00,2025-03-25 01:00:00,1742853600,0.0
2025-03-24 02:00:00,2025-03-25 02:00:00,1742857200,0.0
2025-03-24 03:00:00,2025-03-25 03:00:00,1742860800,0.0
2025-03-24 04:00:00,2025-03-25 04:00:00,1742864400,0.0
2025-03-24 05:00:00,2025-03-25 05:00:00,1742868000,0.0
2025-03-24 06:00:00,2025-03-25 06:00:00,1742871600,0.0
2025-03-24 07:00:00,2025-03-25 07:00:00,1742875200,1.0
2025-03-24 08:00:00,2025-03-25 08:00:00,1742878800,76.0
2025-03-24 09:00:00,2025-03-25 09:00:00,1742882400,260.0
2025-03-24 10:00:00,2025-03-25 10:00:00,1742886000,392.0
2025-03-24 11:00:00,2025-03-25 11:00:00,1742889600,476.0
2025-03-24 12:00:00,2025-03-25 12:00:00,1742893200,756.0
2025-03-24 13:00:00,2025-03-25 13:00:00,1742896800,814.0
2025-03-24 14:00:00,2025-03-25 14:00:00,1742900400,810.0
2025-03-24 15:00:00,2025-03-25 15:00:00,1742904000,745.0
2025-03-24 16:00:00,2025-03-25 16:00:00,1742907600,576.0
2025-03-24 17:00:00,2025-03-25 17:00:00,1742911200,404.0
2025-03-24 18:00:00,2025-03-25 18:00:00,1742914800,212.0
2025-03-24 19:00:00,2025-03-25 19:00:00,1742918400,52.0
2025-03-24 20:00:00,2025-03-25 20:00:00,1742922000,0.0
2025-03-24 21:00:00,2025-03-25 21:00:00,1742925600,0.0
2025-03-24 22:00:00,2025-03-25 22:00:00,1742929200,0.0
2025-03-24 23:00:00,2025-03-25 23:00:00,1742932800,0.0
2025-03-25 00:00:00,2025-03-26 00:00:00,1742936400,0.0
2025-03-25 01:00:00,2025-03-26 01:00:00,1742940000,0.0
2025-03-25 02:00:00,2025-03-26 02:00:00,1742943600,0.0
2025-03-25 03:00:00,2025-03-26 03:00:00,1742947200,0.0
2025-03-25 04:00:00,2025-03-26 04:00:00,1742950800,0.0
2025-03-25 05:00:00,2025-03-26 05:00:00,1742954400,0.0
2025-03-25 06:00:00,2025-03-26 06:00:00,1742958000,0.0
2025-03-25 07:00:00,2025-03-26 07:00:00,1742961600,1.0
2025-03-25 08:00:00,2025-03-26 08:00:00,1742965200,69.0
2025-03-25 09:00:00,2025-03-26 09:00:00,1742968800,258.0
2025-03-25 10:00:00,2025-03-26 10:00:00,1742972400,469.0
2025-03-25 11:00:00,2025-03-26 11:00:00,1742976000,646.0
2025-03-25 12:00:00,2025-03-26 12:00:00,1742979600,774.0
2025-03-25 13:00:00,2025-03-26 13:00:00,1742983200,837.0
2025-03-25 14:00:00,2025-03-26 14:00:00,1742986800,833.0
2025-03-25 15:00:00,2025-03-26 15:00:00,1742990400,758.0
2025-03-25 16:00:00,2025-03-26 16:00:00,1742994000,617.0
2025-03-25 17:00:00,2025-03-26 17:00:00,1742997600,405.0
2025-03-25 18:00:00,2025-03-26 18:00:00,1743001200,193.0
2025-03-25 19:00:00,2025-03-26 19:00:00,1743004800,50.0
2025-03-25 20:00:00,2025-03-26 20:00:00,1743008400,0.0
2025-03-25 21:00:00,2025-03-26 21:00:00,1743012000,0.0
2025-03-25 22:00:00,2025-03-26 22:00:00,1743015600,0.0
2025-03-25 23:00:00,2025-03-26 23:00:00,1743019200,0.0
2025-03-26 00:00:00,2025-03-27 00:00:00,1743022800,0.0
2025-03-26 01:00:00,2025-03-27 01:00:00,1743026400,0.0
2025-03-26 02:00:00,2025-03-27 02:00:00,1743030000,0.0
2025-03-26 03:00:00,2025-03-27 03:00:00,1743033600,0.0
2025-03-26 04:00:00,2025-03-27 04:00:00,1743037200,0.0
2025-03-26 05:00:00,2025-03-27 05:00:00,1743040800,0.0
2025-03-26 06:00:00,2025-03-27 06:00:00,1743044400,0.0
2025-03-26 07:00:00,2025-03-27 07:00:00,1743048000,2.0
2025-03-26 08:00:00,2025-03-27 08:00:00,1743051600,87.0
2025-03-26 09:00:00,2025-03-27 09:00:00,1743055200,276.0
2025-03-26 10:00:00,2025-03-27 10:00:00,1743058800,467.0
2025-03-26 11:00:00,2025-03-27 11:00:00,1743062400,596.0
2025-03-26 12:00:00,2025-03-27 12:00:00,1743066000,724.0
2025-03-26 13:00:00,2025-03-27 13:00:00,1743069600,621.0
2025-03-26 14:00:00,2025-03-27 14:00:00,1743073200,821.0
2025-03-26 15:00:00,2025-03-27 15:00:00,1743076800,765.0
2025-03-26 16:00:00,2025-03-27 16:00:00,1743080400,637.0
2025-03-26 17:00:00,2025-03-27 17:00:00,1743084000,457.0
2025-03-26 18:00:00,2025-03-27 18:00:00,1743087600,253.0
2025-03-26 19:00:00,2025-03-27 19:00:00,1743091200,68.0
2025-03-26 20:00:00,2025-03-27 20:00:00,1743094800,0.0
2025-03-26 21:00:00,2025-03-27 21:00:00,1743098400,0.0
2025-03-26 22:00:00,2025-03-27 22:00:00,1743102000,0.0
2025-03-26 23:00:00,2025-03-27 23:00:00,1743105600,0.0
2025-03-27 00:00:00,2025-03-28 00:00:00,1743109200,0.0
2025-03-27 01:00:00,2025-03-28 01:00:00,1743112800,0.0
2025-03-27 02:00:00,2025-03-28 02:00:00,1743116400,0.0
2025-03-27 03:00:00,2025-03-28 03:00:00,1743120000,0.0
2025-03-27 04:00:00,2025-03-28 04:00:00,1743123600,0.0
2025-03-27 05:00:00,2025-03-28 05:00:00,1743127200,0.0
2025-03-27 06:00:00,2025-03-28 06:00:00,1743130800,0.0
2025-03-27 07:00:00,2025-03-28 07:00:00,1743134400,1.0
2025-03-27 08:00:00,2025-03-28 08:00:00,1743138000,56.0
2025-03-27 09:00:00,2025-03-28 09:00:00,1743141600,171.0
2025-03-27 10:00:00,2025-03-28 10:00:00,1743145200,309.0
2025-03-27 11:00:00,2025-03-28 11:00:00,1743148800,363.0
2025-03-27 12:00:00,2025-03-28 12:00:00,1743152400,549.0
2025-03-27 13:00:00,2025-03-28 13:00:00,1743156000,840.0
2025-03-27 14:00:00,2025-03-28 14:00:00,1743159600,843.0
2025-03-27 15:00:00,2025-03-28 15:00:00,1743163200,769.0
2025-03-27 16:00:00,2025-03-28 16:00:00,1743166800,600.0
2025-03-27 17:00:00,2025-03-28 17:00:00,1743170400,436.0
2025-03-27 18:00:00,2025-03-28 18:00:00,1743174000,256.0
2025-03-27 19:00:00,2025-03-28 19:00:00,1743177600,65.0
2025-03-27 20:00:00,2025-03-28 20:00:00,1743181200,0.0
2025-03-27 21:00:00,2025-03-28 21:00:00,1743184800,0.0
2025-03-27 22:00:00,2025-03-28 22:00:00,1743188400,0.0
2025-03-27 23:00:00,2025-03-28 23:00:00,1743192000,0.0
2025-03-28 00:00:00,2025-03-29 00:00:00,1743195600,0.0
2025-03-28 01:00:00,2025-03-29 01:00:00,1743199200,0.0
2025-03-28 02:00:00,2025-03-29 02:00:00,1743202800,0.0
2025-03-28 03:00:00,2025-03-29 03:00:00,1743206400,0.0
2025-03-28 04:00:00,2025-03-29 04:00:00,1743210000,0.0
2025-03-28 05:00:00,2025-03-29 05:00:00,1743213600,0.0
2025-03-28 06:00:00,2025-03-29 06:00:00,1743217200,0.0
2025-03-28 07:00:00,2025-03-29 07:00:00,1743220800,2.0
2025-03-28 08:00:00,2025-03-29 08:00:00,1743224400,95.0
2025-03-28 09:00:00,2025-03-29 09:00:00,1743228000,289.0
2025-03-28 10:00:00,2025-03-29 10:00:00,1743231600,476.0
2025-03-28 11:00:00,2025-03-29 11:00:00,1743235200,621.0
2025-03-28 12:00:00,2025-03-29 12:00:00,1743238800,742.0
2025-03-28 13:00:00,2025-03-29 13:00:00,1743242400,833.0
2025-03-28 14:00:00,2025-03-29 14:00:00,1743246000,842.0
2025-03-28 15:00:00,2025-03-29 15:00:00,1743249600,776.0
2025-03-28 16:00:00,2025-03-29 16:00:00,1743253200,644.0
2025-03-28 17:00:00,2025-03-29 17:00:00,1743256800,453.0
2025-03-28 18:00:00,2025-03-29 18:00:00,1743260400,253.0
2025-03-28 19:00:00,2025-03-29 19:00:00,1743264000,67.0
2025-03-28 20:00:00,2025-03-29 20:00:00,1743267600,0.0
2025-03-28 21:00:00,2025-03-29 21:00:00,1743271200,0.0
2025-03-28 22:00:00,2025-03-29 22:00:00,1743274800,0.0
2025-03-28 23:00:00,2025-03-29 23:00:00,1743278400,0.0
2025-03-29 00:00:00,2025-03-30 00:00:00,1743282000,0.0
2025-03-29 01:00:00,2025-03-30 01:00:00,1743285600,0.0
2025-03-29 02:00:00,2025-03-30 02:00:00,1743289200,0.0
2025-03-29 03:00:00,2025-03-30 03:00:00,1743292800,0.0
2025-03-29 04:00:00,2025-03-30 04:00:00,1743296400,0.0
2025-03-29 05:00:00,2025-03-30 05:00:00,1743300000,0.0
2025-03-29 06:00:00,2025-03-30 06:00:00,1743303600,0.0
2025-03-29 07:00:00,2025-03-30 07:00:00,1743307200,3.0
2025-03-29 08:00:00,2025-03-30 08:00:00,1743310800,98.0
2025-03-29 09:00:00,2025-03-30 09:00:00,1743314400,214.0
2025-03-29 10:00:00,2025-03-30 10:00:00,1743318000,441.0
2025-03-29 11:00:00,2025-03-30 11:00:00,1743321600,456.0
2025-03-29 12:00:00,2025-03-30 12:00:00,1743325200,688.0
2025-03-29 13:00:00,2025-03-30 13:00:00,1743328800,830.0
2025-03-29 14:00:00,2025-03-30 14:00:00,1743332400,841.0
2025-03-29 15:00:00,2025-03-30 15:00:00,1743336000,758.0
2025-03-29 16:00:00,2025-03-30 16:00:00,1743339600,467.0
2025-03-29 17:00:00,2025-03-30 17:00:00,1743343200,460.0
2025-03-29 18:00:00,2025-03-30 18:00:00,1743346800,258.0
2025-03-29 19:00:00,2025-03-30 19:00:00,1743350400,72.0
2025-03-29 20:00:00,2025-03-30 20:00:00,1743354000,0.0
2025-03-29 21:00:00,2025-03-30 21:00:00,1743357600,0.0
2025-03-29 22:00:00,2025-03-30 22:00:00,1743361200,0.0
2025-03-29 23:00:00,2025-03-30 23:00:00,1743364800,0.0
2025-03-30 00:00:00,2025-03-31 00:00:00,1743368400,0.0
2025-03-30 01:00:00,2025-03-31 01:00:00,1743372000,0.0
2025-03-30 02:00:00,2025-03-31 02:00:00,1743375600,0.0
2025-03-30 03:00:00,2025-03-31 03:00:00,1743379200,0.0
2025-03-30 04:00:00,2025-03-31 04:00:00,1743382800,0.0
2025-03-30 05:00:00,2025-03-31 05:00:00,1743386400,0.0
2025-03-30 06:00:00,2025-03-31 06:00:00,1743390000,0.0
2025-03-30 07:00:00,2025-03-31 07:00:00,1743393600,4.0
2025-03-30 08:00:00,2025-03-31 08:00:00,1743397200,77.0
2025-03-30 09:00:00,2025-03-31 09:00:00,1743400800,230.0
2025-03-30 10:00:00,2025-03-31 10:00:00,1743404400,395.0
2025-03-30 11:00:00,2025-03-31 11:00:00,1743408000,553.0
2025-03-30 12:00:00,2025-03-31 12:00:00,1743411600,676.0
2025-03-30 13:00:00,2025-03-31 13:00:00,1743415200,786.0
2025-03-30 14:00:00,2025-03-31 14:00:00,1743418800,829.0
2025-03-30 15:00:00,2025-03-31 15:00:00,1743422400,766.0
2025-03-30 16:00:00,2025-03-31 16:00:00,1743426000,645.0
2025-03-30 17:00:00,2025-03-31 17:00:00,1743429600,468.0
2025-03-30 18:00:00,2025-03-31 18:00:00,1743433200,263.0
2025-03-30 19:00:00,2025-03-31 19:00:00,1743436800,75.0
2025-03-30 20:00:00,2025-03-31 20:00:00,1743440400,0.0
2025-03-30 21:00:00,2025-03-31 21:00:00,1743444000,0.0
2025-03-30 22:00:00,2025-03-31 22:00:00,1743447600,0.0
2025-03-30 23:00:00,2025-03-31 23:00:00,1743451200,0.0
2025-03-31 00:00:00,2025-04-01 00:00:00,1743454800,0.0
2025-03-31 01:00:00,2025-04-01 01:00:00,1743458400,0.0
2025-03-31 02:00:00,2025-04-01 02:00:00,1743462000,0.0
2025-03-31 03:00:00,2025-04-01 03:00:00,1743465600,0.0
2025-03-31 04:00:00,2025-04-01 04:00:00,1743469200,0.0
2025-03-31 05:00:00,2025-04-01 05:00:00,1743472800,0.0
2025-03-31 06:00:00,2025-04-01 06:00:00,1743476400,0.0
2025-03-31 07:00:00,2025-04-01 07:00:00,1743480000,3.0
2025-03-31 08:00:00,2025-04-01 08:00:00,1743483600,26.0
2025-03-31 09:00:00,2025-04-01 09:00:00,1743487200,113.0
2025-03-31 10:00:00,2025-04-01 10:00:00,1743490800,136.0
2025-03-31 11:00:00,2025-04-01 11:00:00,1743494400,188.0
2025-03-31 12:00:00,2025-04-01 12:00:00,1743498000,397.0
2025-03-31 13:00:00,2025-04-01 13:00:00,1743501600,382.0
2025-03-31 14:00:00,2025-04-01 14:00:00,1743505200,426.0
2025-03-31 15:00:00,2025-04-01 15:00:00,1743508800,293.0
2025-03-31 16:00:00,2025-04-01 16:00:00,1743512400,151.0
2025-03-31 17:00:00,2025-04-01 17:00:00,1743516000,136.0
2025-03-31 18:00:00,2025-04-01 18:00:00,1743519600,72.0
2025-03-31 19:00:00,2025-04-01 19:00:00,1743523200,48.0
2025-03-31 20:00:00,2025-04-01 20:00:00,1743526800,1.0
2025-03-31 21:00:00,2025-04-01 21:00:00,1743530400,0.0
2025-03-31 22:00:00,2025-04-01 22:00:00,1743534000,0.0
2025-03-31 23:00:00,2025-04-01 23:00:00,1743537600,0.0
2025-04-01 00:00:00,2025-04-02 00:00:00,1743541200,0.0
2025-04-01 01:00:00,2025-04-02 01:00:00,1743544800,0.0
2025-04-01 02:00:00,2025-04-02 02:00:00,1743548400,0.0
2025-04-01 03:00:00,2025-04-02 03:00:00,1743552000,0.0
2025-04-01 04:00:00,2025-04-02 04:00:00,1743555600,0.0
2025-04-01 05:00:00,2025-04-02 05:00:00,1743559200,0.0
2025-04-01 06:00:00,2025-04-02 06:00:00,1743562800,0.0
2025-04-01 07:00:00,2025-04-02 07:00:00,1743566400,4.0
2025-04-01 08:00:00,2025-04-02 08:00:00,1743570000,95.0
2025-04-01 09:00:00,2025-04-02 09:00:00,1743573600,273.0
2025-04-01 10:00:00,2025-04-02 10:00:00,1743577200,469.0
2025-04-01 11:00:00,2025-04-02 11:00:00,1743580800,326.0
2025-04-01 12:00:00,2025-04-02 12:00:00,1743584400,647.0
2025-04-01 13:00:00,2025-04-02 13:00:00,1743588000,734.0
2025-04-01 14:00:00,2025-04-02 14:00:00,1743591600,811.0
2025-04-01 15:00:00,2025-04-02 15:00:00,1743595200,727.0
2025-04-01 16:00:00,2025-04-02 16:00:00,1743598800,564.0
2025-04-01 17:00:00,2025-04-02 17:00:00,1743602400,437.0
2025-04-01 18:00:00,2025-04-02 18:00:00,1743606000,239.0
2025-04-01 19:00:00,2025-04-02 19:00:00,1743609600,72.0
2025-04-01 20:00:00,2025-04-02 20:00:00,1743613200,1.0
2025-04-01 21:00:00,2025-04-02 21:00:00,1743616800,0.0
2025-04-01 22:00:00,2025-04-02 22:00:00,1743620400,0.0
2025-04-01 23:00:00,2025-04-02 23:00:00,1743624000,0.0
2025-04-02 00:00:00,2025-04-03 00:00:00,1743627600,0.0
2025-04-02 01:00:00,2025-04-03 01:00:00,1743631200,0.0
2025-04-02 02:00:00,2025-04-03 02:00:00,1743634800,0.0
2025-04-02 03:00:00,2025-04-03 03:00:00,1743638400,0.0
2025-04-02 04:00:00,2025-04-03 04:00:00,1743642000,0.0
2025-04-02 05:00:00,2025-04-03 05:00:00,1743645600,0.0
2025-04-02 06:00:00,2025-04-03 06:00:00,1743649200,0.0
2025-04-02 07:00:00,2025-04-03 07:00:00,1743652800,4.0
2025-04-02 08:00:00,2025-04-03 08:00:00,1743656400,93.0
2025-04-02 09:00:00,2025-04-03 09:00:00,1743660000,268.0
2025-04-02 10:00:00,2025-04-03 10:00:00,1743663600,462.0
2025-04-02 11:00:00,2025-04-03 11:00:00,1743667200,628.0
2025-04-02 12:00:00,2025-04-03 12:00:00,1743670800,756.0
2025-04-02 13:00:00,2025-04-03 13:00:00,1743674400,770.0
2025-04-02 14:00:00,2025-04-03 14:00:00,1743678000,746.0
2025-04-02 15:00:00,2025-04-03 15:00:00,1743681600,712.0
2025-04-02 16:00:00,2025-04-03 16:00:00,1743685200,617.0
2025-04-02 17:00:00,2025-04-03 17:00:00,1743688800,458.0
2025-04-02 18:00:00,2025-04-03 18:00:00,1743692400,259.0
2025-04-02 19:00:00,2025-04-03 19:00:00,1743696000,77.0
2025-04-02 20:00:00,2025-04-03 20:00:00,1743699600,1.0
2025-04-02 21:00:00,2025-04-03 21:00:00,1743703200,0.0
2025-04-02 22:00:00,2025-04-03 22:00:00,1743706800,0.0
2025-04-02 23:00:00,2025-04-03 23:00:00,1743710400,0.0
2025-04-03 00:00:00,2025-04-04 00:00:00,1743714000,0.0
2025-04-03 01:00:00,2025-04-04 01:00:00,1743717600,0.0
2025-04-03 02:00:00,2025-04-04 02:00:00,1743721200,0.0
2025-04-03 03:00:00,2025-04-04 03:00:00,1743724800,0.0
2025-04-03 04:00:00,2025-04-04 04:00:00,1743728400,0.0
2025-04-03 05:00:00,2025-04-04 05:00:00,1743732000,0.0
2025-04-03 06:00:00,2025-04-04 06:00:00,1743735600,0.0
2025-04-03 07:00:00,2025-04-04 07:00:00,1743739200,6.0
2025-04-03 08:00:00,2025-04-04 08:00:00,1743742800,104.0
2025-04-03 09:00:00,2025-04-04 09:00:00,1743746400,284.0
2025-04-03 10:00:00,2025-04-04 10:00:00,1743750000,425.0
2025-04-03 11:00:00,2025-04-04 11:00:00,1743753600,636.0
2025-04-03 12:00:00,2025-04-04 12:00:00,1743757200,760.0
2025-04-03 13:00:00,2025-04-04 13:00:00,1743760800,820.0
2025-04-03 14:00:00,2025-04-04 14:00:00,1743764400,835.0
2025-04-03 15:00:00,2025-04-04 15:00:00,1743768000,755.0
2025-04-03 16:00:00,2025-04-04 16:00:00,1743771600,574.0
2025-04-03 17:00:00,2025-04-04 17:00:00,1743775200,449.0
2025-04-03 18:00:00,2025-04-04 18:00:00,1743778800,263.0
2025-04-03 19:00:00,2025-04-04 19:00:00,1743782400,80.0
2025-04-03 20:00:00,2025-04-04 20:00:00,1743786000,1.0
2025-04-03 21:00:00,2025-04-04 21:00:00,1743789600,0.0
2025-04-03 22:00:00,2025-04-04 22:00:00,1743793200,0.0
2025-04-03 23:00:00,2025-04-04 23:00:00,1743796800,0.0
2025-04-04 00:00:00,2025-04-05 00:00:00,1743800400,0.0
2025-04-04 01:00:00,2025-04-05 01:00:00,1743804000,0.0
2025-04-04 02:00:00,2025-04-05 02:00:00,1743807600,0.0
2025-04-04 03:00:00,2025-04-05 03:00:00,1743811200,0.0
2025-04-04 04:00:00,2025-04-05 04:00:00,1743814800,0.0
2025-04-04 05:00:00,2025-04-05 05:00:00,1743818400,0.0
2025-04-04 06:00:00,2025-04-05 06:00:00,1743822000,0.0
2025-04-04 07:00:00,2025-04-05 07:00:00,1743825600,7.0
2025-04-04 08:00:00,2025-04-05 08:00:00,1743829200,108.0
2025-04-04 09:00:00,2025-04-05 09:00:00,1743832800,276.0
2025-04-04 10:00:00,2025-04-05 10:00:00,1743836400,445.0
2025-04-04 11:00:00,2025-04-05 11:00:00,1743840000,637.0
2025-04-04 12:00:00,2025-04-05 12:00:00,1743843600,784.0
2025-04-04 13:00:00,2025-04-05 13:00:00,1743847200,824.0
2025-04-04 14:00:00,2025-04-05 14:00:00,1743850800,781.0
2025-04-04 15:00:00,2025-04-05 15:00:00,1743854400,710.0
2025-04-04 16:00:00,2025-04-05 16:00:00,1743858000,604.0
2025-04-04 17:00:00,2025-04-05 17:00:00,1743861600,441.0
2025-04-04 18:00:00,2025-04-05 18:00:00,1743865200,237.0
2025-04-04 19:00:00,2025-04-05 19:00:00,1743868800,63.0
2025-04-04 20:00:00,2025-04-05 20:00:00,1743872400,1.0
2025-04-04 21:00:00,2025-04-05 21:00:00,1743876000,0.0
2025-04-04 22:00:00,2025-04-05 22:00:00,1743879600,0.0
2025-04-04 23:00:00,2025-04-05 23:00:00,1743883200,0.0
2025-04-05 00:00:00,2025-04-06 00:00:00,1743886800,0.0
2025-04-05 01:00:00,2025-04-06 01:00:00,1743890400,0.0
2025-04-05 02:00:00,2025-04-06 02:00:00,1743894000,0.0
2025-04-05 03:00:00,2025-04-06 03:00:00,1743897600,0.0
2025-04-05 04:00:00,2025-04-06 04:00:00,1743901200,0.0
2025-04-05 05:00:00,2025-04-06 05:00:00,1743904800,0.0
2025-04-05 06:00:00,2025-04-06 06:00:00,1743908400,0.0
2025-04-05 07:00:00,2025-04-06 07:00:00,1743912000,7.0
2025-04-05 08:00:00,2025-04-06 08:00:00,1743915600,111.0
2025-04-05 09:00:00,2025-04-06 09:00:00,1743919200,284.0
2025-04-05 10:00:00,2025-04-06 10:00:00,1743922800,452.0
2025-04-05 11:00:00,2025-04-06 11:00:00,1743926400,636.0
2025-04-05 12:00:00,2025-04-06 12:00:00,1743930000,732.0
2025-04-05 13:00:00,2025-04-06 13:00:00,1743933600,831.0
2025-04-05 14:00:00,2025-04-06 14:00:00,1743937200,716.0
2025-04-05 15:00:00,2025-04-06 15:00:00,1743940800,735.0
2025-04-05 16:00:00,2025-04-06 16:00:00,1743944400,600.0
2025-04-05 17:00:00,2025-04-06 17:00:00,1743948000,470.0
2025-04-05 18:00:00,2025-04-06 18:00:00,1743951600,271.0
2025-04-05 19:00:00,2025-04-06 19:00:00,1743955200,84.0
2025-04-05 20:00:00,2025-04-06 20:00:00,1743958800,1.0
2025-04-05 21:00:00,2025-04-06 21:00:00,1743962400,0.0
2025-04-05 22:00:00,2025-04-06 22:00:00,1743966000,0.0
2025-04-05 23:00:00,2025-04-06 23:00:00,1743969600,0.0
2025-04-06 00:00:00,2025-04-07 00:00:00,1743973200,0.0
2025-04-06 01:00:00,2025-04-07 01:00:00,1743976800,0.0
2025-04-06 02:00:00,2025-04-07 02:00:00,1743980400,0.0
2025-04-06 03:00:00,2025-04-07 03:00:00,1743984000,0.0
2025-04-06 04:00:00,2025-04-07 04:00:00,1743987600,0.0
2025-04-06 05:00:00,2025-04-07 05:00:00,1743991200,0.0
2025-04-06 06:00:00,2025-04-07 06:00:00,1743994800,0.0
2025-04-06 07:00:00,2025-04-07 07:00:00,1743998400,9.0
2025-04-06 08:00:00,2025-04-07 08:00:00,1744002000,129.0
2025-04-06 09:00:00,2025-04-07 09:00:00,1744005600,330.0
2025-04-06 10:00:00,2025-04-07 10:00:00,1744009200,532.0
2025-04-06 11:00:00,2025-04-07 11:00:00,1744012800,702.0
2025-04-06 12:00:00,2025-04-07 12:00:00,1744016400,823.0
2025-04-06 13:00:00,2025-04-07 13:00:00,1744020000,883.0
2025-04-06 14:00:00,2025-04-07 14:00:00,1744023600,839.0
2025-04-06 15:00:00,2025-04-07 15:00:00,1744027200,630.0
2025-04-06 16:00:00,2025-04-07 16:00:00,1744030800,499.0
2025-04-06 17:00:00,2025-04-07 17:00:00,1744034400,415.0
2025-04-06 18:00:00,2025-04-07 18:00:00,1744038000,266.0
2025-04-06 19:00:00,2025-04-07 19:00:00,1744041600,77.0
2025-04-06 20:00:00,2025-04-07 20:00:00,1744045200,2.0
2025-04-06 21:00:00,2025-04-07 21:00:00,1744048800,0.0
2025-04-06 22:00:00,2025-04-07 22:00:00,1744052400,0.0
2025-04-06 23:00:00,2025-04-07 23:00:00,1744056000,0.0
2025-04-07 00:00:00,2025-04-08 00:00:00,1744059600,0.0
2025-04-07 01:00:00,2025-04-08 01:00:00,1744063200,0.0
2025-04-07 02:00:00,2025-04-08 02:00:00,1744066800,0.0
2025-04-07 03:00:00,2025-04-08 03:00:00,1744070400,0.0
2025-04-07 04:00:00,2025-04-08 04:00:00,1744074000,0.0
2025-04-07 05:00:00,2025-04-08 05:00:00,1744077600,0.0
2025-04-07 06:00:00,2025-04-08 06:00:00,1744081200,0.0
2025-04-07 07:00:00,2025-04-08 07:00:00,1744084800,8.0
2025-04-07 08:00:00,2025-04-08 08:00:00,1744088400,104.0
2025-04-07 09:00:00,2025-04-08 09:00:00,1744092000,250.0
2025-04-07 10:00:00,2025-04-08 10:00:00,1744095600,493.0
2025-04-07 11:00:00,2025-04-08 11:00:00,1744099200,685.0
2025-04-07 12:00:00,2025-04-08 12:00:00,1744102800,811.0
2025-04-07 13:00:00,2025-04-08 13:00:00,1744106400,869.0
2025-04-07 14:00:00,2025-04-08 14:00:00,1744110000,861.0
2025-04-07 15:00:00,2025-04-08 15:00:00,1744113600,789.0
2025-04-07 16:00:00,2025-04-08 16:00:00,1744117200,658.0
2025-04-07 17:00:00,2025-04-08 17:00:00,1744120800,465.0
2025-04-07 18:00:00,2025-04-08 18:00:00,1744124400,233.0
2025-04-07 19:00:00,2025-04-08 19:00:00,1744128000,63.0
2025-04-07 20:00:00,2025-04-08 20:00:00,1744131600,1.0
2025-04-07 21:00:00,2025-04-08 21:00:00,1744135200,0.0
2025-04-07 22:00:00,2025-04-08 22:00:00,1744138800,0.0
2025-04-07 23:00:00,2025-04-08 23:00:00,1744142400,0.0
2025-04-08 00:00:00,2025-04-09 00:00:00,1744146000,0.0
2025-04-08 01:00:00,2025-04-09 01:00:00,1744149600,0.0
2025-04-08 02:00:00,2025-04-09 02:00:00,1744153200,0.0
2025-04-08 03:00:00,2025-04-09 03:00:00,1744156800,0.0
2025-04-08 04:00:00,2025-04-09 04:00:00,1744160400,0.0
2025-04-08 05:00:00,2025-04-09 05:00:00,1744164000,0.0
2025-04-08 06:00:00,2025-04-09 06:00:00,1744167600,0.0
2025-04-08 07:00:00,2025-04-09 07:00:00,1744171200,11.0
2025-04-08 08:00:00,2025-04-09 08:00:00,1744174800,119.0
2025-04-08 09:00:00,2025-04-09 09:00:00,1744178400,313.0
2025-04-08 10:00:00,2025-04-09 10:00:00,1744182000,522.0
2025-04-08 11:00:00,2025-04-09 11:00:00,1744185600,694.0
2025-04-08 12:00:00,2025-04-09 12:00:00,1744189200,817.0
2025-04-08 13:00:00,2025-04-09 13:00:00,1744192800,878.0
2025-04-08 14:00:00,2025-04-09 14:00:00,1744196400,875.0
2025-04-08 15:00:00,2025-04-09 15:00:00,1744200000,806.0
2025-04-08 16:00:00,2025-04-09 16:00:00,1744203600,673.0
2025-04-08 17:00:00,2025-04-09 17:00:00,1744207200,494.0
2025-04-08 18:00:00,2025-04-09 18:00:00,1744210800,285.0
2025-04-08 19:00:00,2025-04-09 19:00:00,1744214400,92.0
2025-04-08 20:00:00,2025-04-09 20:00:00,1744218000,2.0
2025-04-08 21:00:00,2025-04-09 21:00:00,1744221600,0.0
2025-04-08 22:00:00,2025-04-09 22:00:00,1744225200,0.0
2025-04-08 23:00:00,2025-04-09 23:00:00,1744228800,0.0
2025-04-09 00:00:00,2025-04-10 00:00:00,1744232400,0.0
2025-04-09 01:00:00,2025-04-10 01:00:00,1744236000,0.0
2025-04-09 02:00:00,2025-04-10 02:00:00,1744239600,0.0
2025-04-09 03:00:00,2025-04-10 03:00:00,1744243200,0.0
2025-04-09 04:00:00,2025-04-10 04:00:00,1744246800,0.0
2025-04-09 05:00:00,2025-04-10 05:00:00,1744250400,0.0
2025-04-09 06:00:00,2025-04-10 06:00:00,1744254000,0.0
2025-04-09 07:00:00,2025-04-10 07:00:00,1744257600,11.0
2025-04-09 08:00:00,2025-04-10 08:00:00,1744261200,123.0
2025-04-09 09:00:00,2025-04-10 09:00:00,1744264800,273.0
2025-04-09 10:00:00,2025-04-10 10:00:00,1744268400,458.0
2025-04-09 11:00:00,2025-04-10 11:00:00,1744272000,579.0
2025-04-09 12:00:00,2025-04-10 12:00:00,1744275600,534.0
2025-04-09 13:00:00,2025-04-10 13:00:00,1744279200,635.0
2025-04-09 14:00:00,2025-04-10 14:00:00,1744282800,728.0
2025-04-09 15:00:00,2025-04-10 15:00:00,1744286400,734.0
2025-04-09 16:00:00,2025-04-10 16:00:00,1744290000,656.0
2025-04-09 17:00:00,2025-04-10 17:00:00,1744293600,492.0
2025-04-09 18:00:00,2025-04-10 18:00:00,1744297200,280.0
2025-04-09 19:00:00,2025-04-10 19:00:00,1744300800,87.0
2025-04-09 20:00:00,2025-04-10 20:00:00,1744304400,2.0
2025-04-09 21:00:00,2025-04-10 21:00:00,1744308000,0.0
2025-04-09 22:00:00,2025-04-10 22:00:00,1744311600,0.0
2025-04-09 23:00:00,2025-04-10 23:00:00,1744315200,0.0
2025-04-10 00:00:00,2025-04-11 00:00:00,1744318800,0.0
2025-04-10 01:00:00,2025-04-11 01:00:00,1744322400,0.0
2025-04-10 02:00:00,2025-04-11 02:00:00,1744326000,0.0
2025-04-10 03:00:00,2025-04-11 03:00:00,1744329600,0.0
2025-04-10 04:00:00,2025-04-11 04:00:00,1744333200,0.0
2025-04-10 05:00:00,2025-04-11 05:00:00,1744336800,0.0
2025-04-10 06:00:00,2025-04-11 06:00:00,1744340400,0.0
2025-04-10 07:00:00,2025-04-11 07:00:00,1744344000,12.0
2025-04-10 08:00:00,2025-04-11 08:00:00,1744347600,128.0
2025-04-10 09:00:00,2025-04-11 09:00:00,1744351200,336.0
2025-04-10 10:00:00,2025-04-11 10:00:00,1744354800,506.0
2025-04-10 11:00:00,2025-04-11 11:00:00,1744358400,659.0
2025-04-10 12:00:00,2025-04-11 12:00:00,1744362000,758.0
2025-04-10 13:00:00,2025-04-11 13:00:00,1744365600,778.0
2025-04-10 14:00:00,2025-04-11 14:00:00,1744369200,787.0
2025-04-10 15:00:00,2025-04-11 15:00:00,1744372800,711.0
2025-04-10 16:00:00,2025-04-11 16:00:00,1744376400,622.0
2025-04-10 17:00:00,2025-04-11 17:00:00,1744380000,445.0
2025-04-10 18:00:00,2025-04-11 18:00:00,1744383600,245.0
2025-04-10 19:00:00,2025-04-11 19:00:00,1744387200,81.0
2025-04-10 20:00:00,2025-04-11 20:00:00,1744390800,2.0
2025-04-10 21:00:00,2025-04-11 21:00:00,1744394400,0.0
2025-04-10 22:00:00,2025-04-11 22:00:00,1744398000,0.0
2025-04-10 23:00:00,2025-04-11 23:00:00,1744401600,0.0
2025-04-11 00:00:00,2025-04-12 00:00:00,1744405200,0.0
2025-04-11 01:00:00,2025-04-12 01:00:00,1744408800,0.0
2025-04-11 02:00:00,2025-04-12 02:00:00,1744412400,0.0
2025-04-11 03:00:00,2025-04-12 03:00:00,1744416000,0.0
2025-04-11 04:00:00,2025-04-12 04:00:00,1744419600,0.0
2025-04-11 05:00:00,2025-04-12 05:00:00,1744423200,0.0
2025-04-11 06:00:00,2025-04-12 06:00:00,1744426800,0.0
2025-04-11 07:00:00,2025-04-12 07:00:00,1744430400,15.0
2025-04-11 08:00:00,2025-04-12 08:00:00,1744434000,148.0
2025-04-11 09:00:00,2025-04-12 09:00:00,1744437600,339.0
2025-04-11 10:00:00,2025-04-12 10:00:00,1744441200,506.0
2025-04-11 11:00:00,2025-04-12 11:00:00,1744444800,679.0
2025-04-11 12:00:00,2025-04-12 12:00:00,1744448400,811.0
2025-04-11 13:00:00,2025-04-12 13:00:00,1744452000,896.0
2025-04-11 14:00:00,2025-04-12 14:00:00,1744455600,897.0
2025-04-11 15:00:00,2025-04-12 15:00:00,1744459200,821.0
2025-04-11 16:00:00,2025-04-12 16:00:00,1744462800,680.0
2025-04-11 17:00:00,2025-04-12 17:00:00,1744466400,499.0
2025-04-11 18:00:00,2025-04-12 18:00:00,1744470000,291.0
2025-04-11 19:00:00,2025-04-12 19:00:00,1744473600,92.0
2025-04-11 20:00:00,2025-04-12 20:00:00,1744477200,3.0
2025-04-11 21:00:00,2025-04-12 21:00:00,1744480800,0.0
2025-04-11 22:00:00,2025-04-12 22:00:00,1744484400,0.0
2025-04-11 23:00:00,2025-04-12 23:00:00,1744488000,0.0
2025-04-12 00:00:00,2025-04-13 00:00:00,1744491600,0.0
2025-04-12 01:00:00,2025-04-13 01:00:00,1744495200,0.0
2025-04-12 02:00:00,2025-04-13 02:00:00,1744498800,0.0
2025-04-12 03:00:00,2025-04-13 03:00:00,1744502400,0.0
2025-04-12 04:00:00,2025-04-13 04:00:00,1744506000,0.0
2025-04-12 05:00:00,2025-04-13 05:00:00,1744509600,0.0
2025-04-12 06:00:00,2025-04-13 06:00:00,1744513200,0.0
2025-04-12 07:00:00,2025-04-13 07:00:00,1744516800,13.0
2025-04-12 08:00:00,2025-04-13 08:00:00,1744520400,136.0
2025-04-12 09:00:00,2025-04-13 09:00:00,1744524000,267.0
2025-04-12 10:00:00,2025-04-13 10:00:00,1744527600,332.0
2025-04-12 11:00:00,2025-04-13 11:00:00,1744531200,271.0
2025-04-12 12:00:00,2025-04-13 12:00:00,1744534800,442.0
2025-04-12 13:00:00,2025-04-13 13:00:00,1744538400,655.0
2025-04-12 14:00:00,2025-04-13 14:00:00,1744542000,536.0
2025-04-12 15:00:00,2025-04-13 15:00:00,1744545600,467.0
2025-04-12 16:00:00,2025-04-13 16:00:00,1744549200,594.0
2025-04-12 17:00:00,2025-04-13 17:00:00,1744552800,392.0
2025-04-12 18:00:00,2025-04-13 18:00:00,1744556400,154.0
2025-04-12 19:00:00,2025-04-13 19:00:00,1744560000,84.0
2025-04-12 20:00:00,2025-04-13 20:00:00,1744563600,3.0
2025-04-12 21:00:00,2025-04-13 21:00:00,1744567200,0.0
2025-04-12 22:00:00,2025-04-13 22:00:00,1744570800,0.0
2025-04-12 23:00:00,2025-04-13 23:00:00,1744574400,0.0
2025-04-13 00:00:00,2025-04-14 00:00:00,1744578000,0.0
2025-04-13 01:00:00,2025-04-14 01:00:00,1744581600,0.0
2025-04-13 02:00:00,2025-04-14 02:00:00,1744585200,0.0
2025-04-13 03:00:00,2025-04-14 03:00:00,1744588800,0.0
2025-04-13 04:00:00,2025-04-14 04:00:00,1744592400,0.0
2025-04-13 05:00:00,2025-04-14 05:00:00,1744596000,0.0
2025-04-13 06:00:00,2025-04-14 06:00:00,1744599600,0.0
2025-04-13 07:00:00,2025-04-14 07:00:00,1744603200,16.0
2025-04-13 08:00:00,2025-04-14 08:00:00,1744606800,144.0
2025-04-13 09:00:00,2025-04-14 09:00:00,1744610400,344.0
2025-04-13 10:00:00,2025-04-14 10:00:00,1744614000,555.0
2025-04-13 11:00:00,2025-04-14 11:00:00,1744617600,733.0
2025-04-13 12:00:00,2025-04-14 12:00:00,1744621200,853.0
2025-04-13 13:00:00,2025-04-14 13:00:00,1744624800,911.0
2025-04-13 14:00:00,2025-04-14 14:00:00,1744628400,901.0
2025-04-13 15:00:00,2025-04-14 15:00:00,1744632000,823.0
2025-04-13 16:00:00,2025-04-14 16:00:00,1744635600,684.0
2025-04-13 17:00:00,2025-04-14 17:00:00,1744639200,502.0
2025-04-13 18:00:00,2025-04-14 18:00:00,1744642800,297.0
2025-04-13 19:00:00,2025-04-14 19:00:00,1744646400,102.0
2025-04-13 20:00:00,2025-04-14 20:00:00,1744650000,4.0
2025-04-13 21:00:00,2025-04-14 21:00:00,1744653600,0.0
2025-04-13 22:00:00,2025-04-14 22:00:00,1744657200,0.0
2025-04-13 23:00:00,2025-04-14 23:00:00,1744660800,0.0
2025-04-14 00:00:00,2025-04-15 00:00:00,1744664400,0.0
2025-04-14 01:00:00,2025-04-15 01:00:00,1744668000,0.0
2025-04-14 02:00:00,2025-04-15 02:00:00,1744671600,0.0
2025-04-14 03:00:00,2025-04-15 03:00:00,1744675200,0.0
2025-04-14 04:00:00,2025-04-15 04:00:00,1744678800,0.0
2025-04-14 05:00:00,2025-04-15 05:00:00,1744682400,0.0
2025-04-14 06:00:00,2025-04-15 06:00:00,1744686000,0.0
2025-04-14 07:00:00,2025-04-15 07:00:00,1744689600,19.0
2025-04-14 08:00:00,2025-04-15 08:00:00,1744693200,162.0
2025-04-14 09:00:00,2025-04-15 09:00:00,1744696800,372.0
2025-04-14 10:00:00,2025-04-15 10:00:00,1744700400,579.0
2025-04-14 11:00:00,2025-04-15 11:00:00,1744704000,751.0
2025-04-14 12:00:00,2025-04-15 12:00:00,1744707600,868.0
2025-04-14 13:00:00,2025-04-15 13:00:00,1744711200,920.0
2025-04-14 14:00:00,2025-04-15 14:00:00,1744714800,906.0
2025-04-14 15:00:00,2025-04-15 15:00:00,1744718400,826.0
2025-04-14 16:00:00,2025-04-15 16:00:00,1744722000,698.0
2025-04-14 17:00:00,2025-04-15 17:00:00,1744725600,514.0
2025-04-14 18:00:00,2025-04-15 18:00:00,1744729200,303.0
2025-04-14 19:00:00,2025-04-15 19:00:00,1744732800,103.0
2025-04-14 20:00:00,2025-04-15 20:00:00,1744736400,4.0
2025-04-14 21:00:00,2025-04-15 21:00:00,1744740000,0.0
2025-04-14 22:00:00,2025-04-15 22:00:00,1744743600,0.0
2025-04-14 23:00:00,2025-04-15 23:00:00,1744747200,0.0
2025-04-15 00:00:00,2025-04-16 00:00:00,1744750800,0.0
2025-04-15 01:00:00,2025-04-16 01:00:00,1744754400,0.0
2025-04-15 02:00:00,2025-04-16 02:00:00,1744758000,0.0
2025-04-15 03:00:00,2025-04-16 03:00:00,1744761600,0.0
2025-04-15 04:00:00,2025-04-16 04:00:00,1744765200,0.0
2025-04-15 05:00:00,2025-04-16 05:00:00,1744768800,0.0
2025-04-15 06:00:00,2025-04-16 06:00:00,1744772400,0.0
2025-04-15 07:00:00,2025-04-16 07:00:00,1744776000,20.0
2025-04-15 08:00:00,2025-04-16 08:00:00,1744779600,162.0
2025-04-15 09:00:00,2025-04-16 09:00:00,1744783200,368.0
2025-04-15 10:00:00,2025-04-16 10:00:00,1744786800,570.0
2025-04-15 11:00:00,2025-04-16 11:00:00,1744790400,739.0
2025-04-15 12:00:00,2025-04-16 12:00:00,1744794000,857.0
2025-04-15 13:00:00,2025-04-16 13:00:00,1744797600,913.0
2025-04-15 14:00:00,2025-04-16 14:00:00,1744801200,901.0
2025-04-15 15:00:00,2025-04-16 15:00:00,1744804800,824.0
2025-04-15 16:00:00,2025-04-16 16:00:00,1744808400,684.0
2025-04-15 17:00:00,2025-04-16 17:00:00,1744812000,503.0
2025-04-15 18:00:00,2025-04-16 18:00:00,1744815600,297.0
2025-04-15 19:00:00,2025-04-16 19:00:00,1744819200,103.0
2025-04-15 20:00:00,2025-04-16 20:00:00,1744822800,4.0
2025-04-15 21:00:00,2025-04-16 21:00:00,1744826400,0.0
2025-04-15 22:00:00,2025-04-16 22:00:00,1744830000,0.0
2025-04-15 23:00:00,2025-04-16 23:00:00,1744833600,0.0
2025-04-16 00:00:00,2025-04-17 00:00:00,1744837200,0.0
2025-04-16 01:00:00,2025-04-17 01:00:00,1744840800,0.0
2025-04-16 02:00:00,2025-04-17 02:00:00,1744844400,0.0
2025-04-16 03:00:00,2025-04-17 03:00:00,1744848000,0.0
2025-04-16 04:00:00,2025-04-17 04:00:00,1744851600,0.0
2025-04-16 05:00:00,2025-04-17 05:00:00,1744855200,0.0
2025-04-16 06:00:00,2025-04-17 06:00:00,1744858800,0.0
2025-04-16 07:00:00,2025-04-17 07:00:00,1744862400,22.0
2025-04-16 08:00:00,2025-04-17 08:00:00,1744866000,166.0
2025-04-16 09:00:00,2025-04-17 09:00:00,1744869600,371.0
2025-04-16 10:00:00,2025-04-17 10:00:00,1744873200,572.0
2025-04-16 11:00:00,2025-04-17 11:00:00,1744876800,739.0
2025-04-16 12:00:00,2025-04-17 12:00:00,1744880400,854.0
2025-04-16 13:00:00,2025-04-17 13:00:00,1744884000,908.0
2025-04-16 14:00:00,2025-04-17 14:00:00,1744887600,894.0
2025-04-16 15:00:00,2025-04-17 15:00:00,1744891200,816.0
2025-04-16 16:00:00,2025-04-17 16:00:00,1744894800,683.0
2025-04-16 17:00:00,2025-04-17 17:00:00,1744898400,501.0
2025-04-16 18:00:00,2025-04-17 18:00:00,1744902000,296.0
2025-04-16 19:00:00,2025-04-17 19:00:00,1744905600,105.0
2025-04-16 20:00:00,2025-04-17 20:00:00,1744909200,5.0
2025-04-16 21:00:00,2025-04-17 21:00:00,1744912800,0.0
2025-04-16 22:00:00,2025-04-17 22:00:00,1744916400,0.0
2025-04-16 23:00:00,2025-04-17 23:00:00,1744920000,0.0
2025-04-17 00:00:00,2025-04-18 00:00:00,1744923600,0.0
2025-04-17 01:00:00,2025-04-18 01:00:00,1744927200,0.0
2025-04-17 02:00:00,2025-04-18 02:00:00,1744930800,0.0
2025-04-17 03:00:00,2025-04-18 03:00:00,1744934400,0.0
2025-04-17 04:00:00,2025-04-18 04:00:00,1744938000,0.0
2025-04-17 05:00:00,2025-04-18 05:00:00,1744941600,0.0
2025-04-17 06:00:00,2025-04-18 06:00:00,1744945200,0.0
2025-04-17 07:00:00,2025-04-18 07:00:00,1744948800,24.0
2025-04-17 08:00:00,2025-04-18 08:00:00,1744952400,171.0
2025-04-17 09:00:00,2025-04-18 09:00:00,1744956000,377.0
2025-04-17 10:00:00,2025-04-18 10:00:00,1744959600,578.0
2025-04-17 11:00:00,2025-04-18 11:00:00,1744963200,745.0
2025-04-17 12:00:00,2025-04-18 12:00:00,1744966800,860.0
2025-04-17 13:00:00,2025-04-18 13:00:00,1744970400,914.0
2025-04-17 14:00:00,2025-04-18 14:00:00,1744974000,901.0
2025-04-17 15:00:00,2025-04-18 15:00:00,1744977600,823.0
2025-04-17 16:00:00,2025-04-18 16:00:00,1744981200,691.0
2025-04-17 17:00:00,2025-04-18 17:00:00,1744984800,510.0
2025-04-17 18:00:00,2025-04-18 18:00:00,1744988400,303.0
2025-04-17 19:00:00,2025-04-18 19:00:00,1744992000,108.0
2025-04-17 20:00:00,2025-04-18 20:00:00,1744995600,5.0
2025-04-17 21:00:00,2025-04-18 21:00:00,1744999200,0.0
2025-04-17 22:00:00,2025-04-18 22:00:00,1745002800,0.0
2025-04-17 23:00:00,2025-04-18 23:00:00,1745006400,0.0
2025-04-18 00:00:00,2025-04-19 00:00:00,1745010000,0.0
2025-04-18 01:00:00,2025-04-19 01:00:00,1745013600,0.0
2025-04-18 02:00:00,2025-04-19 02:00:00,1745017200,0.0
2025-04-18 03:00:00,2025-04-19 03:00:00,1745020800,0.0
2025-04-18 04:00:00,2025-04-19 04:00:00,1745024400,0.0
2025-04-18 05:00:00,2025-04-19 05:00:00,1745028000,0.0
2025-04-18 06:00:00,2025-04-19 06:00:00,1745031600,0.0
2025-04-18 07:00:00,2025-04-19 07:00:00,1745035200,25.0
2025-04-18 08:00:00,2025-04-19 08:00:00,1745038800,173.0
2025-04-18 09:00:00,2025-04-19 09:00:00,1745042400,379.0
2025-04-18 10:00:00,2025-04-19 10:00:00,1745046000,581.0
2025-04-18 11:00:00,2025-04-19 11:00:00,1745049600,748.0
2025-04-18 12:00:00,2025-04-19 12:00:00,1745053200,865.0
2025-04-18 13:00:00,2025-04-19 13:00:00,1745056800,921.0
2025-04-18 14:00:00,2025-04-19 14:00:00,1745060400,913.0
2025-04-18 15:00:00,2025-04-19 15:00:00,1745064000,836.0
2025-04-18 16:00:00,2025-04-19 16:00:00,1745067600,700.0
2025-04-18 17:00:00,2025-04-19 17:00:00,1745071200,516.0
2025-04-18 18:00:00,2025-04-19 18:00:00,1745074800,308.0
2025-04-18 19:00:00,2025-04-19 19:00:00,1745078400,111.0
2025-04-18 20:00:00,2025-04-19 20:00:00,1745082000,6.0
2025-04-18 21:00:00,2025-04-19 21:00:00,1745085600,0.0
2025-04-18 22:00:00,2025-04-19 22:00:00,1745089200,0.0
2025-04-18 23:00:00,2025-04-19 23:00:00,1745092800,0.0
2025-04-19 00:00:00,2025-04-20 00:00:00,1745096400,0.0
2025-04-19 01:00:00,2025-04-20 01:00:00,1745100000,0.0
2025-04-19 02:00:00,2025-04-20 02:00:00,1745103600,0.0
2025-04-19 03:00:00,2025-04-20 03:00:00,1745107200,0.0
2025-04-19 04:00:00,2025-04-20 04:00:00,1745110800,0.0
2025-04-19 05:00:00,2025-04-20 05:00:00,1745114400,0.0
2025-04-19 06:00:00,2025-04-20 06:00:00,1745118000,0.0
2025-04-19 07:00:00,2025-04-20 07:00:00,1745121600,26.0
2025-04-19 08:00:00,2025-04-20 08:00:00,1745125200,171.0
2025-04-19 09:00:00,2025-04-20 09:00:00,1745128800,360.0
2025-04-19 10:00:00,2025-04-20 10:00:00,1745132400,538.0
2025-04-19 11:00:00,2025-04-20 11:00:00,1745136000,714.0
2025-04-19 12:00:00,2025-04-20 12:00:00,1745139600,854.0
2025-04-19 13:00:00,2025-04-20 13:00:00,1745143200,907.0
2025-04-19 14:00:00,2025-04-20 14:00:00,1745146800,907.0
2025-04-19 15:00:00,2025-04-20 15:00:00,1745150400,831.0
2025-04-19 16:00:00,2025-04-20 16:00:00,1745154000,696.0
2025-04-19 17:00:00,2025-04-20 17:00:00,1745157600,516.0
2025-04-19 18:00:00,2025-04-20 18:00:00,1745161200,309.0
2025-04-19 19:00:00,2025-04-20 19:00:00,1745164800,112.0
2025-04-19 20:00:00,2025-04-20 20:00:00,1745168400,6.0
2025-04-19 21:00:00,2025-04-20 21:00:00,1745172000,0.0
2025-04-19 22:00:00,2025-04-20 22:00:00,1745175600,0.0
2025-04-19 23:00:00,2025-04-20 23:00:00,1745179200,0.0
2025-04-20 00:00:00,2025-04-21 00:00:00,1745182800,0.0
2025-04-20 01:00:00,2025-04-21 01:00:00,1745186400,0.0
2025-04-20 02:00:00,2025-04-21 02:00:00,1745190000,0.0
2025-04-20 03:00:00,2025-04-21 03:00:00,1745193600,0.0
2025-04-20 04:00:00,2025-04-21 04:00:00,1745197200,0.0
2025-04-20 05:00:00,2025-04-21 05:00:00,1745200800,0.0
2025-04-20 06:00:00,2025-04-21 06:00:00,1745204400,0.0
2025-04-20 07:00:00,2025-04-21 07:00:00,1745208000,28.0
2025-04-20 08:00:00,2025-04-21 08:00:00,1745211600,176.0
2025-04-20 09:00:00,2025-04-21 09:00:00,1745215200,385.0
2025-04-20 10:00:00,2025-04-21 10:00:00,1745218800,584.0
2025-04-20 11:00:00,2025-04-21 11:00:00,1745222400,748.0
2025-04-20 12:00:00,2025-04-21 12:00:00,1745226000,857.0
2025-04-20 13:00:00,2025-04-21 13:00:00,1745229600,910.0
2025-04-20 14:00:00,2025-04-21 14:00:00,1745233200,900.0
2025-04-20 15:00:00,2025-04-21 15:00:00,1745236800,796.0
2025-04-20 16:00:00,2025-04-21 16:00:00,1745240400,659.0
2025-04-20 17:00:00,2025-04-21 17:00:00,1745244000,476.0
2025-04-20 18:00:00,2025-04-21 18:00:00,1745247600,224.0
2025-04-20 19:00:00,2025-04-21 19:00:00,1745251200,91.0
2025-04-20 20:00:00,2025-04-21 20:00:00,1745254800,6.0
2025-04-20 21:00:00,2025-04-21 21:00:00,1745258400,0.0
2025-04-20 22:00:00,2025-04-21 22:00:00,1745262000,0.0
2025-04-20 23:00:00,2025-04-21 23:00:00,1745265600,0.0
2025-04-21 00:00:00,2025-04-22 00:00:00,1745269200,0.0
2025-04-21 01:00:00,2025-04-22 01:00:00,1745272800,0.0
2025-04-21 02:00:00,2025-04-22 02:00:00,1745276400,0.0
2025-04-21 03:00:00,2025-04-22 03:00:00,1745280000,0.0
2025-04-21 04:00:00,2025-04-22 04:00:00,1745283600,0.0
2025-04-21 05:00:00,2025-04-22 05:00:00,1745287200,0.0
2025-04-21 06:00:00,2025-04-22 06:00:00,1745290800,0.0
2025-04-21 07:00:00,2025-04-22 07:00:00,1745294400,29.0
2025-04-21 08:00:00,2025-04-22 08:00:00,1745298000,181.0
2025-04-21 09:00:00,2025-04-22 09:00:00,1745301600,385.0
2025-04-21 10:00:00,2025-04-22 10:00:00,1745305200,584.0
2025-04-21 11:00:00,2025-04-22 11:00:00,1745308800,749.0
2025-04-21 12:00:00,2025-04-22 12:00:00,1745312400,863.0
2025-04-21 13:00:00,2025-04-22 13:00:00,1745316000,917.0
2025-04-21 14:00:00,2025-04-22 14:00:00,1745319600,903.0
2025-04-21 15:00:00,2025-04-22 15:00:00,1745323200,827.0
2025-04-21 16:00:00,2025-04-22 16:00:00,1745326800,694.0
2025-04-21 17:00:00,2025-04-22 17:00:00,1745330400,513.0
2025-04-21 18:00:00,2025-04-22 18:00:00,1745334000,309.0
2025-04-21 19:00:00,2025-04-22 19:00:00,1745337600,114.0
2025-04-21 20:00:00,2025-04-22 20:00:00,1745341200,6.0
2025-04-21 21:00:00,2025-04-22 21:00:00,1745344800,0.0
2025-04-21 22:00:00,2025-04-22 22:00:00,1745348400,0.0
2025-04-21 23:00:00,2025-04-22 23:00:00,1745352000,0.0
2025-04-22 00:00:00,2025-04-23 00:00:00,1745355600,0.0
2025-04-22 01:00:00,2025-04-23 01:00:00,1745359200,0.0
2025-04-22 02:00:00,2025-04-23 02:00:00,1745362800,0.0
2025-04-22 03:00:00,2025-04-23 03:00:00,1745366400,0.0
2025-04-22 04:00:00,2025-04-23 04:00:00,1745370000,0.0
2025-04-22 05:00:00,2025-04-23 05:00:00,1745373600,0.0
2025-04-22 06:00:00,2025-04-23 06:00:00,1745377200,0.0
2025-04-22 07:00:00,2025-04-23 07:00:00,1745380800,31.0
2025-04-22 08:00:00,2025-04-23 08:00:00,1745384400,185.0
2025-04-22 09:00:00,2025-04-23 09:00:00,1745388000,392.0
2025-04-22 10:00:00,2025-04-23 10:00:00,1745391600,594.0
2025-04-22 11:00:00,2025-04-23 11:00:00,1745395200,759.0
2025-04-22 12:00:00,2025-04-23 12:00:00,1745398800,847.0
2025-04-22 13:00:00,2025-04-23 13:00:00,1745402400,775.0
2025-04-22 14:00:00,2025-04-23 14:00:00,1745406000,757.0
2025-04-22 15:00:00,2025-04-23 15:00:00,1745409600,690.0
2025-04-22 16:00:00,2025-04-23 16:00:00,1745413200,275.0
2025-04-22 17:00:00,2025-04-23 17:00:00,1745416800,187.0
2025-04-22 18:00:00,2025-04-23 18:00:00,1745420400,129.0
2025-04-22 19:00:00,2025-04-23 19:00:00,1745424000,53.0
2025-04-22 20:00:00,2025-04-23 20:00:00,1745427600,7.0
2025-04-22 21:00:00,2025-04-23 21:00:00,1745431200,0.0
2025-04-22 22:00:00,2025-04-23 22:00:00,1745434800,0.0
2025-04-22 23:00:00,2025-04-23 23:00:00,1745438400,0.0
2025-04-23 00:00:00,2025-04-24 00:00:00,1745442000,0.0
2025-04-23 01:00:00,2025-04-24 01:00:00,1745445600,0.0
2025-04-23 02:00:00,2025-04-24 02:00:00,1745449200,0.0
2025-04-23 03:00:00,2025-04-24 03:00:00,1745452800,0.0
2025-04-23 04:00:00,2025-04-24 04:00:00,1745456400,0.0
2025-04-23 05:00:00,2025-04-24 05:00:00,1745460000,0.0
2025-04-23 06:00:00,2025-04-24 06:00:00,1745463600,0.0
2025-04-23 07:00:00,2025-04-24 07:00:00,1745467200,23.0
2025-04-23 08:00:00,2025-04-24 08:00:00,1745470800,89.0
2025-04-23 09:00:00,2025-04-24 09:00:00,1745474400,173.0
2025-04-23 10:00:00,2025-04-24 10:00:00,1745478000,157.0
2025-04-23 11:00:00,2025-04-24 11:00:00,1745481600,303.0
2025-04-23 12:00:00,2025-04-24 12:00:00,1745485200,498.0
2025-04-23 13:00:00,2025-04-24 13:00:00,1745488800,561.0
2025-04-23 14:00:00,2025-04-24 14:00:00,1745492400,494.0
2025-04-23 15:00:00,2025-04-24 15:00:00,1745496000,440.0
2025-04-23 16:00:00,2025-04-24 16:00:00,1745499600,292.0
2025-04-23 17:00:00,2025-04-24 17:00:00,1745503200,368.0
2025-04-23 18:00:00,2025-04-24 18:00:00,1745506800,267.0
2025-04-23 19:00:00,2025-04-24 19:00:00,1745510400,111.0
2025-04-23 20:00:00,2025-04-24 20:00:00,1745514000,7.0
2025-04-23 21:00:00,2025-04-24 21:00:00,1745517600,0.0
2025-04-23 22:00:00,2025-04-24 22:00:00,1745521200,0.0
2025-04-23 23:00:00,2025-04-24 23:00:00,1745524800,0.0
2025-04-24 00:00:00,2025-04-25 00:00:00,1745528400,0.0
2025-04-24 01:00:00,2025-04-25 01:00:00,1745532000,0.0
2025-04-24 02:00:00,2025-04-25 02:00:00,1745535600,0.0
2025-04-24 03:00:00,2025-04-25 03:00:00,1745539200,0.0
2025-04-24 04:00:00,2025-04-25 04:00:00,1745542800,0.0
2025-04-24 05:00:00,2025-04-25 05:00:00,1745546400,0.0
2025-04-24 06:00:00,2025-04-25 06:00:00,1745550000,0.0
2025-04-24 07:00:00,2025-04-25 07:00:00,1745553600,30.0
2025-04-24 08:00:00,2025-04-25 08:00:00,1745557200,175.0
2025-04-24 09:00:00,2025-04-25 09:00:00,1745560800,348.0
2025-04-24 10:00:00,2025-04-25 10:00:00,1745564400,505.0
2025-04-24 11:00:00,2025-04-25 11:00:00,1745568000,651.0
2025-04-24 12:00:00,2025-04-25 12:00:00,1745571600,805.0
2025-04-24 13:00:00,2025-04-25 13:00:00,1745575200,883.0
2025-04-24 14:00:00,2025-04-25 14:00:00,1745578800,869.0
2025-04-24 15:00:00,2025-04-25 15:00:00,1745582400,792.0
2025-04-24 16:00:00,2025-04-25 16:00:00,1745586000,663.0
2025-04-24 17:00:00,2025-04-25 17:00:00,1745589600,498.0
2025-04-24 18:00:00,2025-04-25 18:00:00,1745593200,308.0
2025-04-24 19:00:00,2025-04-25 19:00:00,1745596800,119.0
2025-04-24 20:00:00,2025-04-25 20:00:00,1745600400,8.0
2025-04-24 21:00:00,2025-04-25 21:00:00,1745604000,0.0
2025-04-24 22:00:00,2025-04-25 22:00:00,1745607600,0.0
2025-04-24 23:00:00,2025-04-25 23:00:00,1745611200,0.0
2025-04-25 00:00:00,2025-04-26 00:00:00,1745614800,0.0
2025-04-25 01:00:00,2025-04-26 01:00:00,1745618400,0.0
2025-04-25 02:00:00,2025-04-26 02:00:00,1745622000,0.0
2025-04-25 03:00:00,2025-04-26 03:00:00,1745625600,0.0
2025-04-25 04:00:00,2025-04-26 04:00:00,1745629200,0.0
2025-04-25 05:00:00,2025-04-26 05:00:00,1745632800,0.0
2025-04-25 06:00:00,2025-04-26 06:00:00,1745636400,0.0
2025-04-25 07:00:00,2025-04-26 07:00:00,1745640000,35.0
2025-04-25 08:00:00,2025-04-26 08:00:00,1745643600,191.0
2025-04-25 09:00:00,2025-04-26 09:00:00,1745647200,380.0
2025-04-25 10:00:00,2025-04-26 10:00:00,1745650800,552.0
2025-04-25 11:00:00,2025-04-26 11:00:00,1745654400,727.0
2025-04-25 12:00:00,2025-04-26 12:00:00,1745658000,853.0
2025-04-25 13:00:00,2025-04-26 13:00:00,1745661600,891.0
2025-04-25 14:00:00,2025-04-26 14:00:00,1745665200,892.0
2025-04-25 15:00:00,2025-04-26 15:00:00,1745668800,820.0
2025-04-25 16:00:00,2025-04-26 16:00:00,1745672400,673.0
2025-04-25 17:00:00,2025-04-26 17:00:00,1745676000,503.0
2025-04-25 18:00:00,2025-04-26 18:00:00,1745679600,310.0
2025-04-25 19:00:00,2025-04-26 19:00:00,1745683200,121.0
2025-04-25 20:00:00,2025-04-26 20:00:00,1745686800,9.0
2025-04-25 21:00:00,2025-04-26 21:00:00,1745690400,0.0
2025-04-25 22:00:00,2025-04-26 22:00:00,1745694000,0.0
2025-04-25 23:00:00,2025-04-26 23:00:00,1745697600,0.0
2025-04-26 00:00:00,2025-04-27 00:00:00,1745701200,0.0
2025-04-26 01:00:00,2025-04-27 01:00:00,1745704800,0.0
2025-04-26 02:00:00,2025-04-27 02:00:00,1745708400,0.0
2025-04-26 03:00:00,2025-04-27 03:00:00,1745712000,0.0
2025-04-26 04:00:00,2025-04-27 04:00:00,1745715600,0.0
2025-04-26 05:00:00,2025-04-27 05:00:00,1745719200,0.0
2025-04-26 06:00:00,2025-04-27 06:00:00,1745722800,0.0
2025-04-26 07:00:00,2025-04-27 07:00:00,1745726400,37.0
2025-04-26 08:00:00,2025-04-27 08:00:00,1745730000,196.0
2025-04-26 09:00:00,2025-04-27 09:00:00,1745733600,404.0
2025-04-26 10:00:00,2025-04-27 10:00:00,1745737200,591.0
2025-04-26 11:00:00,2025-04-27 11:00:00,1745740800,742.0
2025-04-26 12:00:00,2025-04-27 12:00:00,1745744400,834.0
2025-04-26 13:00:00,2025-04-27 13:00:00,1745748000,897.0
2025-04-26 14:00:00,2025-04-27 14:00:00,1745751600,806.0
2025-04-26 15:00:00,2025-04-27 15:00:00,1745755200,700.0
2025-04-26 16:00:00,2025-04-27 16:00:00,1745758800,467.0
2025-04-26 17:00:00,2025-04-27 17:00:00,1745762400,424.0
2025-04-26 18:00:00,2025-04-27 18:00:00,1745766000,271.0
2025-04-26 19:00:00,2025-04-27 19:00:00,1745769600,111.0
2025-04-26 20:00:00,2025-04-27 20:00:00,1745773200,9.0
2025-04-26 21:00:00,2025-04-27 21:00:00,1745776800,0.0
2025-04-26 22:00:00,2025-04-27 22:00:00,1745780400,0.0
2025-04-26 23:00:00,2025-04-27 23:00:00,1745784000,0.0
2025-04-27 00:00:00,2025-04-28 00:00:00,1745787600,0.0
2025-04-27 01:00:00,2025-04-28 01:00:00,1745791200,0.0
2025-04-27 02:00:00,2025-04-28 02:00:00,1745794800,0.0
2025-04-27 03:00:00,2025-04-28 03:00:00,1745798400,0.0
2025-04-27 04:00:00,2025-04-28 04:00:00,1745802000,0.0
2025-04-27 05:00:00,2025-04-28 05:00:00,1745805600,0.0
2025-04-27 06:00:00,2025-04-28 06:00:00,1745809200,0.0
2025-04-27 07:00:00,2025-04-28 07:00:00,1745812800,38.0
2025-04-27 08:00:00,2025-04-28 08:00:00,1745816400,186.0
2025-04-27 09:00:00,2025-04-28 09:00:00,1745820000,382.0
2025-04-27 10:00:00,2025-04-28 10:00:00,1745823600,577.0
2025-04-27 11:00:00,2025-04-28 11:00:00,1745827200,742.0
2025-04-27 12:00:00,2025-04-28 12:00:00,1745830800,843.0
2025-04-27 13:00:00,2025-04-28 13:00:00,1745834400,904.0
2025-04-27 14:00:00,2025-04-28 14:00:00,1745838000,884.0
2025-04-27 15:00:00,2025-04-28 15:00:00,1745841600,791.0
2025-04-27 16:00:00,2025-04-28 16:00:00,1745845200,682.0
2025-04-27 17:00:00,2025-04-28 17:00:00,1745848800,501.0
2025-04-27 18:00:00,2025-04-28 18:00:00,1745852400,300.0
2025-04-27 19:00:00,2025-04-28 19:00:00,1745856000,120.0
2025-04-27 20:00:00,2025-04-28 20:00:00,1745859600,10.0
2025-04-27 21:00:00,2025-04-28 21:00:00,1745863200,0.0
2025-04-27 22:00:00,2025-04-28 22:00:00,1745866800,0.0
2025-04-27 23:00:00,2025-04-28 23:00:00,1745870400,0.0
2025-04-28 00:00:00,2025-04-29 00:00:00,1745874000,0.0
2025-04-28 01:00:00,2025-04-29 01:00:00,1745877600,0.0
2025-04-28 02:00:00,2025-04-29 02:00:00,1745881200,0.0
2025-04-28 03:00:00,2025-04-29 03:00:00,1745884800,0.0
2025-04-28 04:00:00,2025-04-29 04:00:00,1745888400,0.0
2025-04-28 05:00:00,2025-04-29 05:00:00,1745892000,0.0
2025-04-28 06:00:00,2025-04-29 06:00:00,1745895600,0.0
2025-04-28 07:00:00,2025-04-29 07:00:00,1745899200,39.0
2025-04-28 08:00:00,2025-04-29 08:00:00,1745902800,195.0
2025-04-28 09:00:00,2025-04-29 09:00:00,1745906400,400.0
2025-04-28 10:00:00,2025-04-29 10:00:00,1745910000,576.0
2025-04-28 11:00:00,2025-04-29 11:00:00,1745913600,722.0
2025-04-28 12:00:00,2025-04-29 12:00:00,1745917200,802.0
2025-04-28 13:00:00,2025-04-29 13:00:00,1745920800,819.0
2025-04-28 14:00:00,2025-04-29 14:00:00,1745924400,887.0
2025-04-28 15:00:00,2025-04-29 15:00:00,1745928000,795.0
2025-04-28 16:00:00,2025-04-29 16:00:00,1745931600,581.0
2025-04-28 17:00:00,2025-04-29 17:00:00,1745935200,390.0
2025-04-28 18:00:00,2025-04-29 18:00:00,1745938800,289.0
2025-04-28 19:00:00,2025-04-29 19:00:00,1745942400,81.0
2025-04-28 20:00:00,2025-04-29 20:00:00,1745946000,9.0
2025-04-28 21:00:00,2025-04-29 21:00:00,1745949600,0.0
2025-04-28 22:00:00,2025-04-29 22:00:00,1745953200,0.0
2025-04-28 23:00:00,2025-04-29 23:00:00,1745956800,0.0
2025-04-29 00:00:00,2025-04-30 00:00:00,1745960400,0.0
2025-04-29 01:00:00,2025-04-30 01:00:00,1745964000,0.0
2025-04-29 02:00:00,2025-04-30 02:00:00,1745967600,0.0
2025-04-29 03:00:00,2025-04-30 03:00:00,1745971200,0.0
2025-04-29 04:00:00,2025-04-30 04:00:00,1745974800,0.0
2025-04-29 05:00:00,2025-04-30 05:00:00,1745978400,0.0
2025-04-29 06:00:00,2025-04-30 06:00:00,1745982000,0.0
2025-04-29 07:00:00,2025-04-30 07:00:00,1745985600,42.0
2025-04-29 08:00:00,2025-04-30 08:00:00,1745989200,182.0
2025-04-29 09:00:00,2025-04-30 09:00:00,1745992800,186.0
2025-04-29 10:00:00,2025-04-30 10:00:00,1745996400,588.0
2025-04-29 11:00:00,2025-04-30 11:00:00,1746000000,719.0
2025-04-29 12:00:00,2025-04-30 12:00:00,1746003600,755.0
2025-04-29 13:00:00,2025-04-30 13:00:00,1746007200,878.0
2025-04-29 14:00:00,2025-04-30 14:00:00,1746010800,871.0
2025-04-29 15:00:00,2025-04-30 15:00:00,1746014400,831.0
2025-04-29 16:00:00,2025-04-30 16:00:00,1746018000,704.0
2025-04-29 17:00:00,2025-04-30 17:00:00,1746021600,515.0
2025-04-29 18:00:00,2025-04-30 18:00:00,1746025200,315.0
2025-04-29 19:00:00,2025-04-30 19:00:00,1746028800,123.0
2025-04-29 20:00:00,2025-04-30 20:00:00,1746032400,11.0
2025-04-29 21:00:00,2025-04-30 21:00:00,1746036000,0.0
2025-04-29 22:00:00,2025-04-30 22:00:00,1746039600,0.0
2025-04-29 23:00:00,2025-04-30 23:00:00,1746043200,0.0
2025-04-30 00:00:00,2025-05-01 00:00:00,1746046800,0.0
2025-04-30 01:00:00,2025-05-01 01:00:00,1746050400,0.0
2025-04-30 02:00:00,2025-05-01 02:00:00,1746054000,0.0
2025-04-30 03:00:00,2025-05-01 03:00:00,1746057600,0.0
2025-04-30 04:00:00,2025-05-01 04:00:00,1746061200,0.0
2025-04-30 05:00:00,2025-05-01 05:00:00,1746064800,0.0
2025-04-30 06:00:00,2025-05-01 06:00:00,1746068400,0.0
2025-04-30 07:00:00,2025-05-01 07:00:00,1746072000,42.0
2025-04-30 08:00:00,2025-05-01 08:00:00,1746075600,190.0
2025-04-30 09:00:00,2025-05-01 09:00:00,1746079200,369.0
2025-04-30 10:00:00,2025-05-01 10:00:00,1746082800,528.0
2025-04-30 11:00:00,2025-05-01 11:00:00,1746086400,669.0
2025-04-30 12:00:00,2025-05-01 12:00:00,1746090000,741.0
2025-04-30 13:00:00,2025-05-01 13:00:00,1746093600,846.0
2025-04-30 14:00:00,2025-05-01 14:00:00,1746097200,829.0
2025-04-30 15:00:00,2025-05-01 15:00:00,1746100800,754.0
2025-04-30 16:00:00,2025-05-01 16:00:00,1746104400,687.0
2025-04-30 17:00:00,2025-05-01 17:00:00,1746108000,470.0
2025-04-30 18:00:00,2025-05-01 18:00:00,1746111600,314.0
2025-04-30 19:00:00,2025-05-01 19:00:00,1746115200,128.0
2025-04-30 20:00:00,2025-05-01 20:00:00,1746118800,11.0
2025-04-30 21:00:00,2025-05-01 21:00:00,1746122400,0.0
2025-04-30 22:00:00,2025-05-01 22:00:00,1746126000,0.0
2025-04-30 23:00:00,2025-05-01 23:00:00,1746129600,0.0
2025-05-01 00:00:00,2025-05-02 00:00:00,1746133200,0.0
2025-05-01 01:00:00,2025-05-02 01:00:00,1746136800,0.0
2025-05-01 02:00:00,2025-05-02 02:00:00,1746140400,0.0
2025-05-01 03:00:00,2025-05-02 03:00:00,1746144000,0.0
2025-05-01 04:00:00,2025-05-02 04:00:00,1746147600,0.0
2025-05-01 05:00:00,2025-05-02 05:00:00,1746151200,0.0
2025-05-01 06:00:00,2025-05-02 06:00:00,1746154800,0.0
2025-05-01 07:00:00,2025-05-02 07:00:00,1746158400,40.0
2025-05-01 08:00:00,2025-05-02 08:00:00,1746162000,192.0
2025-05-01 09:00:00,2025-05-02 09:00:00,1746165600,312.0
2025-05-01 10:00:00,2025-05-02 10:00:00,1746169200,489.0
2025-05-01 11:00:00,2025-05-02 11:00:00,1746172800,479.0
2025-05-01 12:00:00,2025-05-02 12:00:00,1746176400,504.0
2025-05-01 13:00:00,2025-05-02 13:00:00,1746180000,676.0
2025-05-01 14:00:00,2025-05-02 14:00:00,1746183600,774.0
2025-05-01 15:00:00,2025-05-02 15:00:00,1746187200,707.0
2025-05-01 16:00:00,2025-05-02 16:00:00,1746190800,377.0
2025-05-01 17:00:00,2025-05-02 17:00:00,1746194400,347.0
2025-05-01 18:00:00,2025-05-02 18:00:00,1746198000,183.0
2025-05-01 19:00:00,2025-05-02 19:00:00,1746201600,85.0
2025-05-01 20:00:00,2025-05-02 20:00:00,1746205200,10.0
2025-05-01 21:00:00,2025-05-02 21:00:00,1746208800,0.0
2025-05-01 22:00:00,2025-05-02 22:00:00,1746212400,0.0
2025-05-01 23:00:00,2025-05-02 23:00:00,1746216000,0.0
2025-05-02 00:00:00,2025-05-03 00:00:00,1746219600,0.0
2025-05-02 01:00:00,2025-05-03 01:00:00,1746223200,0.0
2025-05-02 02:00:00,2025-05-03 02:00:00,1746226800,0.0
2025-05-02 03:00:00,2025-05-03 03:00:00,1746230400,0.0
2025-05-02 04:00:00,2025-05-03 04:00:00,1746234000,0.0
2025-05-02 05:00:00,2025-05-03 05:00:00,1746237600,0.0
2025-05-02 06:00:00,2025-05-03 06:00:00,1746241200,0.0
2025-05-02 07:00:00,2025-05-03 07:00:00,1746244800,35.0
2025-05-02 08:00:00,2025-05-03 08:00:00,1746248400,158.0
2025-05-02 09:00:00,2025-05-03 09:00:00,1746252000,383.0
2025-05-02 10:00:00,2025-05-03 10:00:00,1746255600,535.0
2025-05-02 11:00:00,2025-05-03 11:00:00,1746259200,652.0
2025-05-02 12:00:00,2025-05-03 12:00:00,1746262800,742.0
2025-05-02 13:00:00,2025-05-03 13:00:00,1746266400,709.0
2025-05-02 14:00:00,2025-05-03 14:00:00,1746270000,551.0
2025-05-02 15:00:00,2025-05-03 15:00:00,1746273600,703.0
2025-05-02 16:00:00,2025-05-03 16:00:00,1746277200,540.0
2025-05-02 17:00:00,2025-05-03 17:00:00,1746280800,500.0
2025-05-02 18:00:00,2025-05-03 18:00:00,1746284400,303.0
2025-05-02 19:00:00,2025-05-03 19:00:00,1746288000,128.0
2025-05-02 20:00:00,2025-05-03 20:00:00,1746291600,13.0
2025-05-02 21:00:00,2025-05-03 21:00:00,1746295200,0.0
2025-05-02 22:00:00,2025-05-03 22:00:00,1746298800,0.0
2025-05-02 23:00:00,2025-05-03 23:00:00,1746302400,0.0
2025-05-03 00:00:00,2025-05-04 00:00:00,1746306000,0.0
2025-05-03 01:00:00,2025-05-04 01:00:00,1746309600,0.0
2025-05-03 02:00:00,2025-05-04 02:00:00,1746313200,0.0
2025-05-03 03:00:00,2025-05-04 03:00:00,1746316800,0.0
2025-05-03 04:00:00,2025-05-04 04:00:00,1746320400,0.0
2025-05-03 05:00:00,2025-05-04 05:00:00,1746324000,0.0
2025-05-03 06:00:00,2025-05-04 06:00:00,1746327600,0.0
2025-05-03 07:00:00,2025-05-04 07:00:00,1746331200,50.0
2025-05-03 08:00:00,2025-05-04 08:00:00,1746334800,215.0
2025-05-03 09:00:00,2025-05-04 09:00:00,1746338400,417.0
2025-05-03 10:00:00,2025-05-04 10:00:00,1746342000,607.0
2025-05-03 11:00:00,2025-05-04 11:00:00,1746345600,742.0
2025-05-03 12:00:00,2025-05-04 12:00:00,1746349200,822.0
2025-05-03 13:00:00,2025-05-04 13:00:00,1746352800,755.0
2025-05-03 14:00:00,2025-05-04 14:00:00,1746356400,766.0
2025-05-03 15:00:00,2025-05-04 15:00:00,1746360000,658.0
2025-05-03 16:00:00,2025-05-04 16:00:00,1746363600,428.0
2025-05-03 17:00:00,2025-05-04 17:00:00,1746367200,428.0
2025-05-03 18:00:00,2025-05-04 18:00:00,1746370800,298.0
2025-05-03 19:00:00,2025-05-04 19:00:00,1746374400,131.0
2025-05-03 20:00:00,2025-05-04 20:00:00,1746378000,13.0
2025-05-03 21:00:00,2025-05-04 21:00:00,1746381600,0.0
2025-05-03 22:00:00,2025-05-04 22:00:00,1746385200,0.0
2025-05-03 23:00:00,2025-05-04 23:00:00,1746388800,0.0
2025-05-04 00:00:00,2025-05-05 00:00:00,1746392400,0.0
2025-05-04 01:00:00,2025-05-05 01:00:00,1746396000,0.0
2025-05-04 02:00:00,2025-05-05 02:00:00,1746399600,0.0
2025-05-04 03:00:00,2025-05-05 03:00:00,1746403200,0.0
2025-05-04 04:00:00,2025-05-05 04:00:00,1746406800,0.0
2025-05-04 05:00:00,2025-05-05 05:00:00,1746410400,0.0
2025-05-04 06:00:00,2025-05-05 06:00:00,1746414000,0.0
2025-05-04 07:00:00,2025-05-05 07:00:00,1746417600,51.0
2025-05-04 08:00:00,2025-05-05 08:00:00,1746421200,214.0
2025-05-04 09:00:00,2025-05-05 09:00:00,1746424800,417.0
2025-05-04 10:00:00,2025-05-05 10:00:00,1746428400,611.0
2025-05-04 11:00:00,2025-05-05 11:00:00,1746432000,777.0
2025-05-04 12:00:00,2025-05-05 12:00:00,1746435600,889.0
2025-05-04 13:00:00,2025-05-05 13:00:00,1746439200,940.0
2025-05-04 14:00:00,2025-05-05 14:00:00,1746442800,932.0
2025-05-04 15:00:00,2025-05-05 15:00:00,1746446400,853.0
2025-05-04 16:00:00,2025-05-05 16:00:00,1746450000,718.0
2025-05-04 17:00:00,2025-05-05 17:00:00,1746453600,542.0
2025-05-04 18:00:00,2025-05-05 18:00:00,1746457200,339.0
2025-05-04 19:00:00,2025-05-05 19:00:00,1746460800,142.0
2025-05-04 20:00:00,2025-05-05 20:00:00,1746464400,15.0
2025-05-04 21:00:00,2025-05-05 21:00:00,1746468000,0.0
2025-05-04 22:00:00,2025-05-05 22:00:00,1746471600,0.0
2025-05-04 23:00:00,2025-05-05 23:00:00,1746475200,0.0
2025-05-05 00:00:00,2025-05-06 00:00:00,1746478800,0.0
2025-05-05 01:00:00,2025-05-06 01:00:00,1746482400,0.0
2025-05-05 02:00:00,2025-05-06 02:00:00,1746486000,0.0
2025-05-05 03:00:00,2025-05-06 03:00:00,1746489600,0.0
2025-05-05 04:00:00,2025-05-06 04:00:00,1746493200,0.0
2025-05-05 05:00:00,2025-05-06 05:00:00,1746496800,0.0
2025-05-05 06:00:00,2025-05-06 06:00:00,1746500400,0.0
2025-05-05 07:00:00,2025-05-06 07:00:00,1746504000,53.0
2025-05-05 08:00:00,2025-05-06 08:00:00,1746507600,219.0
2025-05-05 09:00:00,2025-05-06 09:00:00,1746511200,412.0
2025-05-05 10:00:00,2025-05-06 10:00:00,1746514800,597.0
2025-05-05 11:00:00,2025-05-06 11:00:00,1746518400,761.0
2025-05-05 12:00:00,2025-05-06 12:00:00,1746522000,870.0
2025-05-05 13:00:00,2025-05-06 13:00:00,1746525600,912.0
2025-05-05 14:00:00,2025-05-06 14:00:00,1746529200,912.0
2025-05-05 15:00:00,2025-05-06 15:00:00,1746532800,846.0
2025-05-05 16:00:00,2025-05-06 16:00:00,1746536400,714.0
2025-05-05 17:00:00,2025-05-06 17:00:00,1746540000,539.0
2025-05-05 18:00:00,2025-05-06 18:00:00,1746543600,338.0
2025-05-05 19:00:00,2025-05-06 19:00:00,1746547200,143.0
2025-05-05 20:00:00,2025-05-06 20:00:00,1746550800,15.0
2025-05-05 21:00:00,2025-05-06 21:00:00,1746554400,0.0
2025-05-05 22:00:00,2025-05-06 22:00:00,1746558000,0.0
2025-05-05 23:00:00,2025-05-06 23:00:00,1746561600,0.0
2025-05-06 00:00:00,2025-05-07 00:00:00,1746565200,0.0
2025-05-06 01:00:00,2025-05-07 01:00:00,1746568800,0.0
2025-05-06 02:00:00,2025-05-07 02:00:00,1746572400,0.0
2025-05-06 03:00:00,2025-05-07 03:00:00,1746576000,0.0
2025-05-06 04:00:00,2025-05-07 04:00:00,1746579600,0.0
2025-05-06 05:00:00,2025-05-07 05:00:00,1746583200,0.0
2025-05-06 06:00:00,2025-05-07 06:00:00,1746586800,0.0
2025-05-06 07:00:00,2025-05-07 07:00:00,1746590400,58.0
2025-05-06 08:00:00,2025-05-07 08:00:00,1746594000,228.0
2025-05-06 09:00:00,2025-05-07 09:00:00,1746597600,431.0
2025-05-06 10:00:00,2025-05-07 10:00:00,1746601200,622.0
2025-05-06 11:00:00,2025-05-07 11:00:00,1746604800,779.0
2025-05-06 12:00:00,2025-05-07 12:00:00,1746608400,886.0
2025-05-06 13:00:00,2025-05-07 13:00:00,1746612000,935.0
2025-05-06 14:00:00,2025-05-07 14:00:00,1746615600,921.0
2025-05-06 15:00:00,2025-05-07 15:00:00,1746619200,846.0
2025-05-06 16:00:00,2025-05-07 16:00:00,1746622800,717.0
2025-05-06 17:00:00,2025-05-07 17:00:00,1746626400,543.0
2025-05-06 18:00:00,2025-05-07 18:00:00,1746630000,309.0
2025-05-06 19:00:00,2025-05-07 19:00:00,1746633600,139.0
2025-05-06 20:00:00,2025-05-07 20:00:00,1746637200,16.0
2025-05-06 21:00:00,2025-05-07 21:00:00,1746640800,0.0
2025-05-06 22:00:00,2025-05-07 22:00:00,1746644400,0.0
2025-05-06 23:00:00,2025-05-07 23:00:00,1746648000,0.0
2025-05-07 00:00:00,2025-05-08 00:00:00,1746651600,0.0
2025-05-07 01:00:00,2025-05-08 01:00:00,1746655200,0.0
2025-05-07 02:00:00,2025-05-08 02:00:00,1746658800,0.0
2025-05-07 03:00:00,2025-05-08 03:00:00,1746662400,0.0
2025-05-07 04:00:00,2025-05-08 04:00:00,1746666000,0.0
2025-05-07 05:00:00,2025-05-08 05:00:00,1746669600,0.0
2025-05-07 06:00:00,2025-05-08 06:00:00,1746673200,0.0
2025-05-07 07:00:00,2025-05-08 07:00:00,1746676800,58.0
2025-05-07 08:00:00,2025-05-08 08:00:00,1746680400,213.0
2025-05-07 09:00:00,2025-05-08 09:00:00,1746684000,380.0
2025-05-07 10:00:00,2025-05-08 10:00:00,1746687600,507.0
2025-05-07 11:00:00,2025-05-08 11:00:00,1746691200,751.0
2025-05-07 12:00:00,2025-05-08 12:00:00,1746694800,848.0
2025-05-07 13:00:00,2025-05-08 13:00:00,1746698400,938.0
2025-05-07 14:00:00,2025-05-08 14:00:00,1746702000,920.0
2025-05-07 15:00:00,2025-05-08 15:00:00,1746705600,708.0
2025-05-07 16:00:00,2025-05-08 16:00:00,1746709200,718.0
2025-05-07 17:00:00,2025-05-08 17:00:00,1746712800,543.0
2025-05-07 18:00:00,2025-05-08 18:00:00,1746716400,344.0
2025-05-07 19:00:00,2025-05-08 19:00:00,1746720000,148.0
2025-05-07 20:00:00,2025-05-08 20:00:00,1746723600,17.0
2025-05-07 21:00:00,2025-05-08 21:00:00,1746727200,0.0
2025-05-07 22:00:00,2025-05-08 22:00:00,1746730800,0.0
2025-05-07 23:00:00,2025-05-08 23:00:00,1746734400,0.0
2025-05-08 00:00:00,2025-05-09 00:00:00,1746738000,0.0
2025-05-08 01:00:00,2025-05-09 01:00:00,1746741600,0.0
2025-05-08 02:00:00,2025-05-09 02:00:00,1746745200,0.0
2025-05-08 03:00:00,2025-05-09 03:00:00,1746748800,0.0
2025-05-08 04:00:00,2025-05-09 04:00:00,1746752400,0.0
2025-05-08 05:00:00,2025-05-09 05:00:00,1746756000,0.0
2025-05-08 06:00:00,2025-05-09 06:00:00,1746759600,0.0
2025-05-08 07:00:00,2025-05-09 07:00:00,1746763200,57.0
2025-05-08 08:00:00,2025-05-09 08:00:00,1746766800,163.0
2025-05-08 09:00:00,2025-05-09 09:00:00,1746770400,226.0
2025-05-08 10:00:00,2025-05-09 10:00:00,1746774000,414.0
2025-05-08 11:00:00,2025-05-09 11:00:00,1746777600,774.0
2025-05-08 12:00:00,2025-05-09 12:00:00,1746781200,872.0
2025-05-08 13:00:00,2025-05-09 13:00:00,1746784800,932.0
2025-05-08 14:00:00,2025-05-09 14:00:00,1746788400,925.0
2025-05-08 15:00:00,2025-05-09 15:00:00,1746792000,850.0
2025-05-08 16:00:00,2025-05-09 16:00:00,1746795600,717.0
2025-05-08 17:00:00,2025-05-09 17:00:00,1746799200,548.0
2025-05-08 18:00:00,2025-05-09 18:00:00,1746802800,347.0
2025-05-08 19:00:00,2025-05-09 19:00:00,1746806400,150.0
2025-05-08 20:00:00,2025-05-09 20:00:00,1746810000,18.0
2025-05-08 21:00:00,2025-05-09 21:00:00,1746813600,0.0
2025-05-08 22:00:00,2025-05-09 22:00:00,1746817200,0.0
2025-05-08 23:00:00,2025-05-09 23:00:00,1746820800,0.0
2025-05-09 00:00:00,2025-05-10 00:00:00,1746824400,0.0
2025-05-09 01:00:00,2025-05-10 01:00:00,1746828000,0.0
2025-05-09 02:00:00,2025-05-10 02:00:00,1746831600,0.0
2025-05-09 03:00:00,2025-05-10 03:00:00,1746835200,0.0
2025-05-09 04:00:00,2025-05-10 04:00:00,1746838800,0.0
2025-05-09 05:00:00,2025-05-10 05:00:00,1746842400,0.0
2025-05-09 06:00:00,2025-05-10 06:00:00,1746846000,0.0
2025-05-09 07:00:00,2025-05-10 07:00:00,1746849600,54.0
2025-05-09 08:00:00,2025-05-10 08:00:00,1746853200,185.0
2025-05-09 09:00:00,2025-05-10 09:00:00,1746856800,378.0
2025-05-09 10:00:00,2025-05-10 10:00:00,1746860400,586.0
2025-05-09 11:00:00,2025-05-10 11:00:00,1746864000,767.0
2025-05-09 12:00:00,2025-05-10 12:00:00,1746867600,859.0
2025-05-09 13:00:00,2025-05-10 13:00:00,1746871200,852.0
2025-05-09 14:00:00,2025-05-10 14:00:00,1746874800,801.0
2025-05-09 15:00:00,2025-05-10 15:00:00,1746878400,673.0
2025-05-09 16:00:00,2025-05-10 16:00:00,1746882000,641.0
2025-05-09 17:00:00,2025-05-10 17:00:00,1746885600,512.0
2025-05-09 18:00:00,2025-05-10 18:00:00,1746889200,344.0
2025-05-09 19:00:00,2025-05-10 19:00:00,1746892800,151.0
2025-05-09 20:00:00,2025-05-10 20:00:00,1746896400,18.0
2025-05-09 21:00:00,2025-05-10 21:00:00,1746900000,0.0
2025-05-09 22:00:00,2025-05-10 22:00:00,1746903600,0.0
2025-05-09 23:00:00,2025-05-10 23:00:00,1746907200,0.0
2025-05-10 00:00:00,2025-05-11 00:00:00,1746910800,0.0
2025-05-10 01:00:00,2025-05-11 01:00:00,1746914400,0.0
2025-05-10 02:00:00,2025-05-11 02:00:00,1746918000,0.0
2025-05-10 03:00:00,2025-05-11 03:00:00,1746921600,0.0
2025-05-10 04:00:00,2025-05-11 04:00:00,1746925200,0.0
2025-05-10 05:00:00,2025-05-11 05:00:00,1746928800,0.0
2025-05-10 06:00:00,2025-05-11 06:00:00,1746932400,0.0
2025-05-10 07:00:00,2025-05-11 07:00:00,1746936000,63.0
2025-05-10 08:00:00,2025-05-11 08:00:00,1746939600,236.0
2025-05-10 09:00:00,2025-05-11 09:00:00,1746943200,317.0
2025-05-10 10:00:00,2025-05-11 10:00:00,1746946800,266.0
2025-05-10 11:00:00,2025-05-11 11:00:00,1746950400,340.0
2025-05-10 12:00:00,2025-05-11 12:00:00,1746954000,397.0
2025-05-10 13:00:00,2025-05-11 13:00:00,1746957600,430.0
2025-05-10 14:00:00,2025-05-11 14:00:00,1746961200,867.0
2025-05-10 15:00:00,2025-05-11 15:00:00,1746964800,744.0
2025-05-10 16:00:00,2025-05-11 16:00:00,1746968400,682.0
2025-05-10 17:00:00,2025-05-11 17:00:00,1746972000,511.0
2025-05-10 18:00:00,2025-05-11 18:00:00,1746975600,264.0
2025-05-10 19:00:00,2025-05-11 19:00:00,1746979200,118.0
2025-05-10 20:00:00,2025-05-11 20:00:00,1746982800,15.0
2025-05-10 21:00:00,2025-05-11 21:00:00,1746986400,0.0
2025-05-10 22:00:00,2025-05-11 22:00:00,1746990000,0.0
2025-05-10 23:00:00,2025-05-11 23:00:00,1746993600,0.0
2025-05-11 00:00:00,2025-05-12 00:00:00,1746997200,0.0
2025-05-11 01:00:00,2025-05-12 01:00:00,1747000800,0.0
2025-05-11 02:00:00,2025-05-12 02:00:00,1747004400,0.0
2025-05-11 03:00:00,2025-05-12 03:00:00,1747008000,0.0
2025-05-11 04:00:00,2025-05-12 04:00:00,1747011600,0.0
2025-05-11 05:00:00,2025-05-12 05:00:00,1747015200,0.0
2025-05-11 06:00:00,2025-05-12 06:00:00,1747018800,0.0
2025-05-11 07:00:00,2025-05-12 07:00:00,1747022400,66.0
2025-05-11 08:00:00,2025-05-12 08:00:00,1747026000,240.0
2025-05-11 09:00:00,2025-05-12 09:00:00,1747029600,448.0
2025-05-11 10:00:00,2025-05-12 10:00:00,1747033200,647.0
2025-05-11 11:00:00,2025-05-12 11:00:00,1747036800,810.0
2025-05-11 12:00:00,2025-05-12 12:00:00,1747040400,913.0
2025-05-11 13:00:00,2025-05-12 13:00:00,1747044000,892.0
2025-05-11 14:00:00,2025-05-12 14:00:00,1747047600,736.0
2025-05-11 15:00:00,2025-05-12 15:00:00,1747051200,802.0
2025-05-11 16:00:00,2025-05-12 16:00:00,1747054800,731.0
2025-05-11 17:00:00,2025-05-12 17:00:00,1747058400,552.0
2025-05-11 18:00:00,2025-05-12 18:00:00,1747062000,326.0
2025-05-11 19:00:00,2025-05-12 19:00:00,1747065600,82.0
2025-05-11 20:00:00,2025-05-12 20:00:00,1747069200,20.0
2025-05-11 21:00:00,2025-05-12 21:00:00,1747072800,0.0
2025-05-11 22:00:00,2025-05-12 22:00:00,1747076400,0.0
2025-05-11 23:00:00,2025-05-12 23:00:00,1747080000,0.0
2025-05-12 00:00:00,2025-05-13 00:00:00,1747083600,0.0
2025-05-12 01:00:00,2025-05-13 01:00:00,1747087200,0.0
2025-05-12 02:00:00,2025-05-13 02:00:00,1747090800,0.0
2025-05-12 03:00:00,2025-05-13 03:00:00,1747094400,0.0
2025-05-12 04:00:00,2025-05-13 04:00:00,1747098000,0.0
2025-05-12 05:00:00,2025-05-13 05:00:00,1747101600,0.0
2025-05-12 06:00:00,2025-05-13 06:00:00,1747105200,0.0
2025-05-12 07:00:00,2025-05-13 07:00:00,1747108800,65.0
2025-05-12 08:00:00,2025-05-13 08:00:00,1747112400,224.0
2025-05-12 09:00:00,2025-05-13 09:00:00,1747116000,385.0
2025-05-12 10:00:00,2025-05-13 10:00:00,1747119600,620.0
2025-05-12 11:00:00,2025-05-13 11:00:00,1747123200,783.0
2025-05-12 12:00:00,2025-05-13 12:00:00,1747126800,892.0
2025-05-12 13:00:00,2025-05-13 13:00:00,1747130400,941.0
2025-05-12 14:00:00,2025-05-13 14:00:00,1747134000,926.0
2025-05-12 15:00:00,2025-05-13 15:00:00,1747137600,849.0
2025-05-12 16:00:00,2025-05-13 16:00:00,1747141200,723.0
2025-05-12 17:00:00,2025-05-13 17:00:00,1747144800,549.0
2025-05-12 18:00:00,2025-05-13 18:00:00,1747148400,350.0
2025-05-12 19:00:00,2025-05-13 19:00:00,1747152000,155.0
2025-05-12 20:00:00,2025-05-13 20:00:00,1747155600,21.0
2025-05-12 21:00:00,2025-05-13 21:00:00,1747159200,0.0
2025-05-12 22:00:00,2025-05-13 22:00:00,1747162800,0.0
2025-05-12 23:00:00,2025-05-13 23:00:00,1747166400,0.0
2025-05-13 00:00:00,2025-05-14 00:00:00,1747170000,0.0
2025-05-13 01:00:00,2025-05-14 01:00:00,1747173600,0.0
2025-05-13 02:00:00,2025-05-14 02:00:00,1747177200,0.0
2025-05-13 03:00:00,2025-05-14 03:00:00,1747180800,0.0
2025-05-13 04:00:00,2025-05-14 04:00:00,1747184400,0.0
2025-05-13 05:00:00,2025-05-14 05:00:00,1747188000,0.0
2025-05-13 06:00:00,2025-05-14 06:00:00,1747191600,1.0
2025-05-13 07:00:00,2025-05-14 07:00:00,1747195200,67.0
2025-05-13 08:00:00,2025-05-14 08:00:00,1747198800,236.0
2025-05-13 09:00:00,2025-05-14 09:00:00,1747202400,435.0
2025-05-13 10:00:00,2025-05-14 10:00:00,1747206000,624.0
2025-05-13 11:00:00,2025-05-14 11:00:00,1747209600,778.0
2025-05-13 12:00:00,2025-05-14 12:00:00,1747213200,883.0
2025-05-13 13:00:00,2025-05-14 13:00:00,1747216800,905.0
2025-05-13 14:00:00,2025-05-14 14:00:00,1747220400,889.0
2025-05-13 15:00:00,2025-05-14 15:00:00,1747224000,799.0
2025-05-13 16:00:00,2025-05-14 16:00:00,1747227600,522.0
2025-05-13 17:00:00,2025-05-14 17:00:00,1747231200,342.0
2025-05-13 18:00:00,2025-05-14 18:00:00,1747234800,136.0
2025-05-13 19:00:00,2025-05-14 19:00:00,1747238400,152.0
2025-05-13 20:00:00,2025-05-14 20:00:00,1747242000,21.0
2025-05-13 21:00:00,2025-05-14 21:00:00,1747245600,0.0
2025-05-13 22:00:00,2025-05-14 22:00:00,1747249200,0.0
2025-05-13 23:00:00,2025-05-14 23:00:00,1747252800,0.0
2025-05-14 00:00:00,2025-05-15 00:00:00,1747256400,0.0
2025-05-14 01:00:00,2025-05-15 01:00:00,1747260000,0.0
2025-05-14 02:00:00,2025-05-15 02:00:00,1747263600,0.0
2025-05-14 03:00:00,2025-05-15 03:00:00,1747267200,0.0
2025-05-14 04:00:00,2025-05-15 04:00:00,1747270800,0.0
2025-05-14 05:00:00,2025-05-15 05:00:00,1747274400,0.0
2025-05-14 06:00:00,2025-05-15 06:00:00,1747278000,1.0
2025-05-14 07:00:00,2025-05-15 07:00:00,1747281600,70.0
2025-05-14 08:00:00,2025-05-15 08:00:00,1747285200,216.0
2025-05-14 09:00:00,2025-05-15 09:00:00,1747288800,394.0
2025-05-14 10:00:00,2025-05-15 10:00:00,1747292400,619.0
2025-05-14 11:00:00,2025-05-15 11:00:00,1747296000,783.0
2025-05-14 12:00:00,2025-05-15 12:00:00,1747299600,825.0
2025-05-14 13:00:00,2025-05-15 13:00:00,1747303200,894.0
2025-05-14 14:00:00,2025-05-15 14:00:00,1747306800,900.0
2025-05-14 15:00:00,2025-05-15 15:00:00,1747310400,847.0
2025-05-14 16:00:00,2025-05-15 16:00:00,1747314000,718.0
2025-05-14 17:00:00,2025-05-15 17:00:00,1747317600,560.0
2025-05-14 18:00:00,2025-05-15 18:00:00,1747321200,349.0
2025-05-14 19:00:00,2025-05-15 19:00:00,1747324800,155.0
2025-05-14 20:00:00,2025-05-15 20:00:00,1747328400,21.0
2025-05-14 21:00:00,2025-05-15 21:00:00,1747332000,0.0
2025-05-14 22:00:00,2025-05-15 22:00:00,1747335600,0.0
2025-05-14 23:00:00,2025-05-15 23:00:00,1747339200,0.0
2025-05-15 00:00:00,2025-05-16 00:00:00,1747342800,0.0
2025-05-15 01:00:00,2025-05-16 01:00:00,1747346400,0.0
2025-05-15 02:00:00,2025-05-16 02:00:00,1747350000,0.0
2025-05-15 03:00:00,2025-05-16 03:00:00,1747353600,0.0
2025-05-15 04:00:00,2025-05-16 04:00:00,1747357200,0.0
2025-05-15 05:00:00,2025-05-16 05:00:00,1747360800,0.0
2025-05-15 06:00:00,2025-05-16 06:00:00,1747364400,1.0
2025-05-15 07:00:00,2025-05-16 07:00:00,1747368000,73.0
2025-05-15 08:00:00,2025-05-16 08:00:00,1747371600,236.0
2025-05-15 09:00:00,2025-05-16 09:00:00,1747375200,352.0
2025-05-15 10:00:00,2025-05-16 10:00:00,1747378800,563.0
2025-05-15 11:00:00,2025-05-16 11:00:00,1747382400,770.0
2025-05-15 12:00:00,2025-05-16 12:00:00,1747386000,911.0
2025-05-15 13:00:00,2025-05-16 13:00:00,1747389600,954.0
2025-05-15 14:00:00,2025-05-16 14:00:00,1747393200,856.0
2025-05-15 15:00:00,2025-05-16 15:00:00,1747396800,719.0
2025-05-15 16:00:00,2025-05-16 16:00:00,1747400400,417.0
2025-05-15 17:00:00,2025-05-16 17:00:00,1747404000,374.0
2025-05-15 18:00:00,2025-05-16 18:00:00,1747407600,246.0
2025-05-15 19:00:00,2025-05-16 19:00:00,1747411200,162.0
2025-05-15 20:00:00,2025-05-16 20:00:00,1747414800,23.0
2025-05-15 21:00:00,2025-05-16 21:00:00,1747418400,0.0
2025-05-15 22:00:00,2025-05-16 22:00:00,1747422000,0.0
2025-05-15 23:00:00,2025-05-16 23:00:00,1747425600,0.0
2025-05-16 00:00:00,2025-05-17 00:00:00,1747429200,0.0
2025-05-16 01:00:00,2025-05-17 01:00:00,1747432800,0.0
2025-05-16 02:00:00,2025-05-17 02:00:00,1747436400,0.0
2025-05-16 03:00:00,2025-05-17 03:00:00,1747440000,0.0
2025-05-16 04:00:00,2025-05-17 04:00:00,1747443600,0.0
2025-05-16 05:00:00,2025-05-17 05:00:00,1747447200,0.0
2025-05-16 06:00:00,2025-05-17 06:00:00,1747450800,1.0
2025-05-16 07:00:00,2025-05-17 07:00:00,1747454400,73.0
2025-05-16 08:00:00,2025-05-17 08:00:00,1747458000,249.0
2025-05-16 09:00:00,2025-05-17 09:00:00,1747461600,449.0
2025-05-16 10:00:00,2025-05-17 10:00:00,1747465200,640.0
2025-05-16 11:00:00,2025-05-17 11:00:00,1747468800,780.0
2025-05-16 12:00:00,2025-05-17 12:00:00,1747472400,902.0
2025-05-16 13:00:00,2025-05-17 13:00:00,1747476000,948.0
2025-05-16 14:00:00,2025-05-17 14:00:00,1747479600,932.0
2025-05-16 15:00:00,2025-05-17 15:00:00,1747483200,858.0
2025-05-16 16:00:00,2025-05-17 16:00:00,1747486800,718.0
2025-05-16 17:00:00,2025-05-17 17:00:00,1747490400,529.0
2025-05-16 18:00:00,2025-05-17 18:00:00,1747494000,341.0
2025-05-16 19:00:00,2025-05-17 19:00:00,1747497600,148.0
2025-05-16 20:00:00,2025-05-17 20:00:00,1747501200,16.0
2025-05-16 21:00:00,2025-05-17 21:00:00,1747504800,0.0
2025-05-16 22:00:00,2025-05-17 22:00:00,1747508400,0.0
2025-05-16 23:00:00,2025-05-17 23:00:00,1747512000,0.0
2025-05-17 00:00:00,2025-05-18 00:00:00,1747515600,0.0
2025-05-17 01:00:00,2025-05-18 01:00:00,1747519200,0.0
2025-05-17 02:00:00,2025-05-18 02:00:00,1747522800,0.0
2025-05-17 03:00:00,2025-05-18 03:00:00,1747526400,0.0
2025-05-17 04:00:00,2025-05-18 04:00:00,1747530000,0.0
2025-05-17 05:00:00,2025-05-18 05:00:00,1747533600,0.0
2025-05-17 06:00:00,2025-05-18 06:00:00,1747537200,1.0
2025-05-17 07:00:00,2025-05-18 07:00:00,1747540800,55.0
2025-05-17 08:00:00,2025-05-18 08:00:00,1747544400,200.0
2025-05-17 09:00:00,2025-05-18 09:00:00,1747548000,414.0
2025-05-17 10:00:00,2025-05-18 10:00:00,1747551600,452.0
2025-05-17 11:00:00,2025-05-18 11:00:00,1747555200,707.0
2025-05-17 12:00:00,2025-05-18 12:00:00,1747558800,893.0
2025-05-17 13:00:00,2025-05-18 13:00:00,1747562400,952.0
2025-05-17 14:00:00,2025-05-18 14:00:00,1747566000,943.0
2025-05-17 15:00:00,2025-05-18 15:00:00,1747569600,874.0
2025-05-17 16:00:00,2025-05-18 16:00:00,1747573200,750.0
2025-05-17 17:00:00,2025-05-18 17:00:00,1747576800,575.0
2025-05-17 18:00:00,2025-05-18 18:00:00,1747580400,374.0
2025-05-17 19:00:00,2025-05-18 19:00:00,1747584000,173.0
2025-05-17 20:00:00,2025-05-18 20:00:00,1747587600,27.0
2025-05-17 21:00:00,2025-05-18 21:00:00,1747591200,0.0
2025-05-17 22:00:00,2025-05-18 22:00:00,1747594800,0.0
2025-05-17 23:00:00,2025-05-18 23:00:00,1747598400,0.0
2025-05-18 00:00:00,2025-05-19 00:00:00,1747602000,0.0
2025-05-18 01:00:00,2025-05-19 01:00:00,1747605600,0.0
2025-05-18 02:00:00,2025-05-19 02:00:00,1747609200,0.0
2025-05-18 03:00:00,2025-05-19 03:00:00,1747612800,0.0
2025-05-18 04:00:00,2025-05-19 04:00:00,1747616400,0.0
2025-05-18 05:00:00,2025-05-19 05:00:00,1747620000,0.0
2025-05-18 06:00:00,2025-05-19 06:00:00,1747623600,1.0
2025-05-18 07:00:00,2025-05-19 07:00:00,1747627200,70.0
2025-05-18 08:00:00,2025-05-19 08:00:00,1747630800,218.0
2025-05-18 09:00:00,2025-05-19 09:00:00,1747634400,430.0
2025-05-18 10:00:00,2025-05-19 10:00:00,1747638000,643.0
2025-05-18 11:00:00,2025-05-19 11:00:00,1747641600,809.0
2025-05-18 12:00:00,2025-05-19 12:00:00,1747645200,921.0
2025-05-18 13:00:00,2025-05-19 13:00:00,1747648800,964.0
2025-05-18 14:00:00,2025-05-19 14:00:00,1747652400,950.0
2025-05-18 15:00:00,2025-05-19 15:00:00,1747656000,878.0
2025-05-18 16:00:00,2025-05-19 16:00:00,1747659600,748.0
2025-05-18 17:00:00,2025-05-19 17:00:00,1747663200,574.0
2025-05-18 18:00:00,2025-05-19 18:00:00,1747666800,373.0
2025-05-18 19:00:00,2025-05-19 19:00:00,1747670400,173.0
2025-05-18 20:00:00,2025-05-19 20:00:00,1747674000,27.0
2025-05-18 21:00:00,2025-05-19 21:00:00,1747677600,0.0
2025-05-18 22:00:00,2025-05-19 22:00:00,1747681200,0.0
2025-05-18 23:00:00,2025-05-19 23:00:00,1747684800,0.0
2025-05-19 00:00:00,2025-05-20 00:00:00,1747688400,0.0
2025-05-19 01:00:00,2025-05-20 01:00:00,1747692000,0.0
2025-05-19 02:00:00,2025-05-20 02:00:00,1747695600,0.0
2025-05-19 03:00:00,2025-05-20 03:00:00,1747699200,0.0
2025-05-19 04:00:00,2025-05-20 04:00:00,1747702800,0.0
2025-05-19 05:00:00,2025-05-20 05:00:00,1747706400,0.0
2025-05-19 06:00:00,2025-05-20 06:00:00,1747710000,1.0
2025-05-19 07:00:00,2025-05-20 07:00:00,1747713600,82.0
2025-05-19 08:00:00,2025-05-20 08:00:00,1747717200,267.0
2025-05-19 09:00:00,2025-05-20 09:00:00,1747720800,475.0
2025-05-19 10:00:00,2025-05-20 10:00:00,1747724400,666.0
2025-05-19 11:00:00,2025-05-20 11:00:00,1747728000,815.0
2025-05-19 12:00:00,2025-05-20 12:00:00,1747731600,874.0
2025-05-19 13:00:00,2025-05-20 13:00:00,1747735200,971.0
2025-05-19 14:00:00,2025-05-20 14:00:00,1747738800,946.0
2025-05-19 15:00:00,2025-05-20 15:00:00,1747742400,738.0
2025-05-19 16:00:00,2025-05-20 16:00:00,1747746000,756.0
2025-05-19 17:00:00,2025-05-20 17:00:00,1747749600,582.0
2025-05-19 18:00:00,2025-05-20 18:00:00,1747753200,380.0
2025-05-19 19:00:00,2025-05-20 19:00:00,1747756800,177.0
2025-05-19 20:00:00,2025-05-20 20:00:00,1747760400,28.0
2025-05-19 21:00:00,2025-05-20 21:00:00,1747764000,0.0
2025-05-19 22:00:00,2025-05-20 22:00:00,1747767600,0.0
2025-05-19 23:00:00,2025-05-20 23:00:00,1747771200,0.0
2025-05-20 00:00:00,2025-05-21 00:00:00,1747774800,0.0
2025-05-20 01:00:00,2025-05-21 01:00:00,1747778400,0.0
2025-05-20 02:00:00,2025-05-21 02:00:00,1747782000,0.0
2025-05-20 03:00:00,2025-05-21 03:00:00,1747785600,0.0
2025-05-20 04:00:00,2025-05-21 04:00:00,1747789200,0.0
2025-05-20 05:00:00,2025-05-21 05:00:00,1747792800,0.0
2025-05-20 06:00:00,2025-05-21 06:00:00,1747796400,2.0
2025-05-20 07:00:00,2025-05-21 07:00:00,1747800000,83.0
2025-05-20 08:00:00,2025-05-21 08:00:00,1747803600,266.0
2025-05-20 09:00:00,2025-05-21 09:00:00,1747807200,471.0
2025-05-20 10:00:00,2025-05-21 10:00:00,1747810800,661.0
2025-05-20 11:00:00,2025-05-21 11:00:00,1747814400,816.0
2025-05-20 12:00:00,2025-05-21 12:00:00,1747818000,920.0
2025-05-20 13:00:00,2025-05-21 13:00:00,1747821600,966.0
2025-05-20 14:00:00,2025-05-21 14:00:00,1747825200,949.0
2025-05-20 15:00:00,2025-05-21 15:00:00,1747828800,872.0
2025-05-20 16:00:00,2025-05-21 16:00:00,1747832400,740.0
2025-05-20 17:00:00,2025-05-21 17:00:00,1747836000,569.0
2025-05-20 18:00:00,2025-05-21 18:00:00,1747839600,371.0
2025-05-20 19:00:00,2025-05-21 19:00:00,1747843200,174.0
2025-05-20 20:00:00,2025-05-21 20:00:00,1747846800,29.0
2025-05-20 21:00:00,2025-05-21 21:00:00,1747850400,0.0
2025-05-20 22:00:00,2025-05-21 22:00:00,1747854000,0.0
2025-05-20 23:00:00,2025-05-21 23:00:00,1747857600,0.0
2025-05-21 00:00:00,2025-05-22 00:00:00,1747861200,0.0
2025-05-21 01:00:00,2025-05-22 01:00:00,1747864800,0.0
2025-05-21 02:00:00,2025-05-22 02:00:00,1747868400,0.0
2025-05-21 03:00:00,2025-05-22 03:00:00,1747872000,0.0
2025-05-21 04:00:00,2025-05-22 04:00:00,1747875600,0.0
2025-05-21 05:00:00,2025-05-22 05:00:00,1747879200,0.0
2025-05-21 06:00:00,2025-05-22 06:00:00,1747882800,2.0
2025-05-21 07:00:00,2025-05-22 07:00:00,1747886400,70.0
2025-05-21 08:00:00,2025-05-22 08:00:00,1747890000,193.0
2025-05-21 09:00:00,2025-05-22 09:00:00,1747893600,445.0
2025-05-21 10:00:00,2025-05-22 10:00:00,1747897200,613.0
2025-05-21 11:00:00,2025-05-22 11:00:00,1747900800,798.0
2025-05-21 12:00:00,2025-05-22 12:00:00,1747904400,911.0
2025-05-21 13:00:00,2025-05-22 13:00:00,1747908000,973.0
2025-05-21 14:00:00,2025-05-22 14:00:00,1747911600,931.0
2025-05-21 15:00:00,2025-05-22 15:00:00,1747915200,838.0
2025-05-21 16:00:00,2025-05-22 16:00:00,1747918800,499.0
2025-05-21 17:00:00,2025-05-22 17:00:00,1747922400,384.0
2025-05-21 18:00:00,2025-05-22 18:00:00,1747926000,280.0
2025-05-21 19:00:00,2025-05-22 19:00:00,1747929600,174.0
2025-05-21 20:00:00,2025-05-22 20:00:00,1747933200,30.0
2025-05-21 21:00:00,2025-05-22 21:00:00,1747936800,0.0
2025-05-21 22:00:00,2025-05-22 22:00:00,1747940400,0.0
2025-05-21 23:00:00,2025-05-22 23:00:00,1747944000,0.0
2025-05-22 00:00:00,2025-05-23 00:00:00,1747947600,0.0
2025-05-22 01:00:00,2025-05-23 01:00:00,1747951200,0.0
2025-05-22 02:00:00,2025-05-23 02:00:00,1747954800,0.0
2025-05-22 03:00:00,2025-05-23 03:00:00,1747958400,0.0
2025-05-22 04:00:00,2025-05-23 04:00:00,1747962000,0.0
2025-05-22 05:00:00,2025-05-23 05:00:00,1747965600,0.0
2025-05-22 06:00:00,2025-05-23 06:00:00,1747969200,2.0
2025-05-22 07:00:00,2025-05-23 07:00:00,1747972800,84.0
2025-05-22 08:00:00,2025-05-23 08:00:00,1747976400,266.0
2025-05-22 09:00:00,2025-05-23 09:00:00,1747980000,469.0
2025-05-22 10:00:00,2025-05-23 10:00:00,1747983600,657.0
2025-05-22 11:00:00,2025-05-23 11:00:00,1747987200,810.0
2025-05-22 12:00:00,2025-05-23 12:00:00,1747990800,912.0
2025-05-22 13:00:00,2025-05-23 13:00:00,1747994400,963.0
2025-05-22 14:00:00,2025-05-23 14:00:00,1747998000,961.0
2025-05-22 15:00:00,2025-05-23 15:00:00,1748001600,881.0
2025-05-22 16:00:00,2025-05-23 16:00:00,1748005200,753.0
2025-05-22 17:00:00,2025-05-23 17:00:00,1748008800,582.0
2025-05-22 18:00:00,2025-05-23 18:00:00,1748012400,384.0
2025-05-22 19:00:00,2025-05-23 19:00:00,1748016000,183.0
2025-05-22 20:00:00,2025-05-23 20:00:00,1748019600,31.0
2025-05-22 21:00:00,2025-05-23 21:00:00,1748023200,0.0
2025-05-22 22:00:00,2025-05-23 22:00:00,1748026800,0.0
2025-05-22 23:00:00,2025-05-23 23:00:00,1748030400,0.0
2025-05-23 00:00:00,2025-05-24 00:00:00,1748034000,0.0
2025-05-23 01:00:00,2025-05-24 01:00:00,1748037600,0.0
2025-05-23 02:00:00,2025-05-24 02:00:00,1748041200,0.0
2025-05-23 03:00:00,2025-05-24 03:00:00,1748044800,0.0
2025-05-23 04:00:00,2025-05-24 04:00:00,1748048400,0.0
2025-05-23 05:00:00,2025-05-24 05:00:00,1748052000,0.0
2025-05-23 06:00:00,2025-05-24 06:00:00,1748055600,2.0
2025-05-23 07:00:00,2025-05-24 07:00:00,1748059200,88.0
2025-05-23 08:00:00,2025-05-24 08:00:00,1748062800,271.0
2025-05-23 09:00:00,2025-05-24 09:00:00,1748066400,468.0
2025-05-23 10:00:00,2025-05-24 10:00:00,1748070000,662.0
2025-05-23 11:00:00,2025-05-24 11:00:00,1748073600,816.0
2025-05-23 12:00:00,2025-05-24 12:00:00,1748077200,916.0
2025-05-23 13:00:00,2025-05-24 13:00:00,1748080800,960.0
2025-05-23 14:00:00,2025-05-24 14:00:00,1748084400,941.0
2025-05-23 15:00:00,2025-05-24 15:00:00,1748088000,873.0
2025-05-23 16:00:00,2025-05-24 16:00:00,1748091600,747.0
2025-05-23 17:00:00,2025-05-24 17:00:00,1748095200,575.0
2025-05-23 18:00:00,2025-05-24 18:00:00,1748098800,379.0
2025-05-23 19:00:00,2025-05-24 19:00:00,1748102400,181.0
2025-05-23 20:00:00,2025-05-24 20:00:00,1748106000,31.0
2025-05-23 21:00:00,2025-05-24 21:00:00,1748109600,0.0
2025-05-23 22:00:00,2025-05-24 22:00:00,1748113200,0.0
2025-05-23 23:00:00,2025-05-24 23:00:00,1748116800,0.0
2025-05-24 00:00:00,2025-05-25 00:00:00,1748120400,0.0
2025-05-24 01:00:00,2025-05-25 01:00:00,1748124000,0.0
2025-05-24 02:00:00,2025-05-25 02:00:00,1748127600,0.0
2025-05-24 03:00:00,2025-05-25 03:00:00,1748131200,0.0
2025-05-24 04:00:00,2025-05-25 04:00:00,1748134800,0.0
2025-05-24 05:00:00,2025-05-25 05:00:00,1748138400,0.0
2025-05-24 06:00:00,2025-05-25 06:00:00,1748142000,2.0
2025-05-24 07:00:00,2025-05-25 07:00:00,1748145600,86.0
2025-05-24 08:00:00,2025-05-25 08:00:00,1748149200,266.0
2025-05-24 09:00:00,2025-05-25 09:00:00,1748152800,467.0
2025-05-24 10:00:00,2025-05-25 10:00:00,1748156400,656.0
2025-05-24 11:00:00,2025-05-25 11:00:00,1748160000,809.0
2025-05-24 12:00:00,2025-05-25 12:00:00,1748163600,909.0
2025-05-24 13:00:00,2025-05-25 13:00:00,1748167200,946.0
2025-05-24 14:00:00,2025-05-25 14:00:00,1748170800,947.0
2025-05-24 15:00:00,2025-05-25 15:00:00,1748174400,873.0
2025-05-24 16:00:00,2025-05-25 16:00:00,1748178000,743.0
2025-05-24 17:00:00,2025-05-25 17:00:00,1748181600,549.0
2025-05-24 18:00:00,2025-05-25 18:00:00,1748185200,364.0
2025-05-24 19:00:00,2025-05-25 19:00:00,1748188800,177.0
2025-05-24 20:00:00,2025-05-25 20:00:00,1748192400,28.0
2025-05-24 21:00:00,2025-05-25 21:00:00,1748196000,0.0
2025-05-24 22:00:00,2025-05-25 22:00:00,1748199600,0.0
2025-05-24 23:00:00,2025-05-25 23:00:00,1748203200,0.0
2025-05-25 00:00:00,2025-05-26 00:00:00,1748206800,0.0
2025-05-25 01:00:00,2025-05-26 01:00:00,1748210400,0.0
2025-05-25 02:00:00,2025-05-26 02:00:00,1748214000,0.0
2025-05-25 03:00:00,2025-05-26 03:00:00,1748217600,0.0
2025-05-25 04:00:00,2025-05-26 04:00:00,1748221200,0.0
2025-05-25 05:00:00,2025-05-26 05:00:00,1748224800,0.0
2025-05-25 06:00:00,2025-05-26 06:00:00,1748228400,2.0
2025-05-25 07:00:00,2025-05-26 07:00:00,1748232000,77.0
2025-05-25 08:00:00,2025-05-26 08:00:00,1748235600,230.0
2025-05-25 09:00:00,2025-05-26 09:00:00,1748239200,364.0
2025-05-25 10:00:00,2025-05-26 10:00:00,1748242800,443.0
2025-05-25 11:00:00,2025-05-26 11:00:00,1748246400,782.0
2025-05-25 12:00:00,2025-05-26 12:00:00,1748250000,887.0
2025-05-25 13:00:00,2025-05-26 13:00:00,1748253600,915.0
2025-05-25 14:00:00,2025-05-26 14:00:00,1748257200,863.0
2025-05-25 15:00:00,2025-05-26 15:00:00,1748260800,602.0
2025-05-25 16:00:00,2025-05-26 16:00:00,1748264400,576.0
2025-05-25 17:00:00,2025-05-26 17:00:00,1748268000,462.0
2025-05-25 18:00:00,2025-05-26 18:00:00,1748271600,311.0
2025-05-25 19:00:00,2025-05-26 19:00:00,1748275200,170.0
2025-05-25 20:00:00,2025-05-26 20:00:00,1748278800,33.0
2025-05-25 21:00:00,2025-05-26 21:00:00,1748282400,0.0
2025-05-25 22:00:00,2025-05-26 22:00:00,1748286000,0.0
2025-05-25 23:00:00,2025-05-26 23:00:00,1748289600,0.0
2025-05-26 00:00:00,2025-05-27 00:00:00,1748293200,0.0
2025-05-26 01:00:00,2025-05-27 01:00:00,1748296800,0.0
2025-05-26 02:00:00,2025-05-27 02:00:00,1748300400,0.0
2025-05-26 03:00:00,2025-05-27 03:00:00,1748304000,0.0
2025-05-26 04:00:00,2025-05-27 04:00:00,1748307600,0.0
2025-05-26 05:00:00,2025-05-27 05:00:00,1748311200,0.0
2025-05-26 06:00:00,2025-05-27 06:00:00,1748314800,2.0
2025-05-26 07:00:00,2025-05-27 07:00:00,1748318400,69.0
2025-05-26 08:00:00,2025-05-27 08:00:00,1748322000,217.0
2025-05-26 09:00:00,2025-05-27 09:00:00,1748325600,410.0
2025-05-26 10:00:00,2025-05-27 10:00:00,1748329200,581.0
2025-05-26 11:00:00,2025-05-27 11:00:00,1748332800,766.0
2025-05-26 12:00:00,2025-05-27 12:00:00,1748336400,874.0
2025-05-26 13:00:00,2025-05-27 13:00:00,1748340000,922.0
2025-05-26 14:00:00,2025-05-27 14:00:00,1748343600,888.0
2025-05-26 15:00:00,2025-05-27 15:00:00,1748347200,845.0
2025-05-26 16:00:00,2025-05-27 16:00:00,1748350800,693.0
2025-05-26 17:00:00,2025-05-27 17:00:00,1748354400,567.0
2025-05-26 18:00:00,2025-05-27 18:00:00,1748358000,379.0
2025-05-26 19:00:00,2025-05-27 19:00:00,1748361600,186.0
2025-05-26 20:00:00,2025-05-27 20:00:00,1748365200,35.0
2025-05-26 21:00:00,2025-05-27 21:00:00,1748368800,0.0
2025-05-26 22:00:00,2025-05-27 22:00:00,1748372400,0.0
2025-05-26 23:00:00,2025-05-27 23:00:00,1748376000,0.0
2025-05-27 00:00:00,2025-05-28 00:00:00,1748379600,0.0
2025-05-27 01:00:00,2025-05-28 01:00:00,1748383200,0.0
2025-05-27 02:00:00,2025-05-28 02:00:00,1748386800,0.0
2025-05-27 03:00:00,2025-05-28 03:00:00,1748390400,0.0
2025-05-27 04:00:00,2025-05-28 04:00:00,1748394000,0.0
2025-05-27 05:00:00,2025-05-28 05:00:00,1748397600,0.0
2025-05-27 06:00:00,2025-05-28 06:00:00,1748401200,3.0
2025-05-27 07:00:00,2025-05-28 07:00:00,1748404800,82.0
2025-05-27 08:00:00,2025-05-28 08:00:00,1748408400,241.0
2025-05-27 09:00:00,2025-05-28 09:00:00,1748412000,386.0
2025-05-27 10:00:00,2025-05-28 10:00:00,1748415600,605.0
2025-05-27 11:00:00,2025-05-28 11:00:00,1748419200,749.0
2025-05-27 12:00:00,2025-05-28 12:00:00,1748422800,884.0
2025-05-27 13:00:00,2025-05-28 13:00:00,1748426400,958.0
2025-05-27 14:00:00,2025-05-28 14:00:00,1748430000,947.0
2025-05-27 15:00:00,2025-05-28 15:00:00,1748433600,836.0
2025-05-27 16:00:00,2025-05-28 16:00:00,1748437200,736.0
2025-05-27 17:00:00,2025-05-28 17:00:00,1748440800,554.0
2025-05-27 18:00:00,2025-05-28 18:00:00,1748444400,371.0
2025-05-27 19:00:00,2025-05-28 19:00:00,1748448000,180.0
2025-05-27 20:00:00,2025-05-28 20:00:00,1748451600,33.0
2025-05-27 21:00:00,2025-05-28 21:00:00,1748455200,0.0
2025-05-27 22:00:00,2025-05-28 22:00:00,1748458800,0.0
2025-05-27 23:00:00,2025-05-28 23:00:00,1748462400,0.0
2025-05-28 00:00:00,2025-05-29 00:00:00,1748466000,0.0
2025-05-28 01:00:00,2025-05-29 01:00:00,1748469600,0.0
2025-05-28 02:00:00,2025-05-29 02:00:00,1748473200,0.0
2025-05-28 03:00:00,2025-05-29 03:00:00,1748476800,0.0
2025-05-28 04:00:00,2025-05-29 04:00:00,1748480400,0.0
2025-05-28 05:00:00,2025-05-29 05:00:00,1748484000,0.0
2025-05-28 06:00:00,2025-05-29 06:00:00,1748487600,3.0
2025-05-28 07:00:00,2025-05-29 07:00:00,1748491200,88.0
2025-05-28 08:00:00,2025-05-29 08:00:00,1748494800,268.0
2025-05-28 09:00:00,2025-05-29 09:00:00,1748498400,459.0
2025-05-28 10:00:00,2025-05-29 10:00:00,1748502000,652.0
2025-05-28 11:00:00,2025-05-29 11:00:00,1748505600,809.0
2025-05-28 12:00:00,2025-05-29 12:00:00,1748509200,911.0
2025-05-28 13:00:00,2025-05-29 13:00:00,1748512800,940.0
2025-05-28 14:00:00,2025-05-29 14:00:00,1748516400,933.0
2025-05-28 15:00:00,2025-05-29 15:00:00,1748520000,858.0
2025-05-28 16:00:00,2025-05-29 16:00:00,1748523600,581.0
2025-05-28 17:00:00,2025-05-29 17:00:00,1748527200,493.0
2025-05-28 18:00:00,2025-05-29 18:00:00,1748530800,271.0
2025-05-28 19:00:00,2025-05-29 19:00:00,1748534400,184.0
2025-05-28 20:00:00,2025-05-29 20:00:00,1748538000,36.0
2025-05-28 21:00:00,2025-05-29 21:00:00,1748541600,0.0
2025-05-28 22:00:00,2025-05-29 22:00:00,1748545200,0.0
2025-05-28 23:00:00,2025-05-29 23:00:00,1748548800,0.0
2025-05-29 00:00:00,2025-05-30 00:00:00,1748552400,0.0
2025-05-29 01:00:00,2025-05-30 01:00:00,1748556000,0.0
2025-05-29 02:00:00,2025-05-30 02:00:00,1748559600,0.0
2025-05-29 03:00:00,2025-05-30 03:00:00,1748563200,0.0
2025-05-29 04:00:00,2025-05-30 04:00:00,1748566800,0.0
2025-05-29 05:00:00,2025-05-30 05:00:00,1748570400,0.0
2025-05-29 06:00:00,2025-05-30 06:00:00,1748574000,3.0
2025-05-29 07:00:00,2025-05-30 07:00:00,1748577600,87.0
2025-05-29 08:00:00,2025-05-30 08:00:00,1748581200,255.0
2025-05-29 09:00:00,2025-05-30 09:00:00,1748584800,454.0
2025-05-29 10:00:00,2025-05-30 10:00:00,1748588400,648.0
2025-05-29 11:00:00,2025-05-30 11:00:00,1748592000,792.0
2025-05-29 12:00:00,2025-05-30 12:00:00,1748595600,878.0
2025-05-29 13:00:00,2025-05-30 13:00:00,1748599200,883.0
2025-05-29 14:00:00,2025-05-30 14:00:00,1748602800,930.0
2025-05-29 15:00:00,2025-05-30 15:00:00,1748606400,862.0
2025-05-29 16:00:00,2025-05-30 16:00:00,1748610000,640.0
2025-05-29 17:00:00,2025-05-30 17:00:00,1748613600,557.0
2025-05-29 18:00:00,2025-05-30 18:00:00,1748617200,355.0
2025-05-29 19:00:00,2025-05-30 19:00:00,1748620800,180.0
2025-05-29 20:00:00,2025-05-30 20:00:00,1748624400,35.0
2025-05-29 21:00:00,2025-05-30 21:00:00,1748628000,0.0
2025-05-29 22:00:00,2025-05-30 22:00:00,1748631600,0.0
2025-05-29 23:00:00,2025-05-30 23:00:00,1748635200,0.0
2025-05-30 00:00:00,2025-05-31 00:00:00,1748638800,0.0
2025-05-30 01:00:00,2025-05-31 01:00:00,1748642400,0.0
2025-05-30 02:00:00,2025-05-31 02:00:00,1748646000,0.0
2025-05-30 03:00:00,2025-05-31 03:00:00,1748649600,0.0
2025-05-30 04:00:00,2025-05-31 04:00:00,1748653200,0.0
2025-05-30 05:00:00,2025-05-31 05:00:00,1748656800,0.0
2025-05-30 06:00:00,2025-05-31 06:00:00,1748660400,3.0
2025-05-30 07:00:00,2025-05-31 07:00:00,1748664000,51.0
2025-05-30 08:00:00,2025-05-31 08:00:00,1748667600,174.0
2025-05-30 09:00:00,2025-05-31 09:00:00,1748671200,215.0
2025-05-30 10:00:00,2025-05-31 10:00:00,1748674800,137.0
2025-05-30 11:00:00,2025-05-31 11:00:00,1748678400,163.0
2025-05-30 12:00:00,2025-05-31 12:00:00,1748682000,189.0
2025-05-30 13:00:00,2025-05-31 13:00:00,1748685600,272.0
2025-05-30 14:00:00,2025-05-31 14:00:00,1748689200,463.0
2025-05-30 15:00:00,2025-05-31 15:00:00,1748692800,677.0
2025-05-30 16:00:00,2025-05-31 16:00:00,1748696400,517.0
2025-05-30 17:00:00,2025-05-31 17:00:00,1748700000,490.0
2025-05-30 18:00:00,2025-05-31 18:00:00,1748703600,280.0
2025-05-30 19:00:00,2025-05-31 19:00:00,1748707200,182.0
2025-05-30 20:00:00,2025-05-31 20:00:00,1748710800,37.0
2025-05-30 21:00:00,2025-05-31 21:00:00,1748714400,0.0
2025-05-30 22:00:00,2025-05-31 22:00:00,1748718000,0.0
2025-05-30 23:00:00,2025-05-31 23:00:00,1748721600,0.0
2025-05-31 00:00:00,2025-06-01 00:00:00,1748725200,0.0
2025-05-31 01:00:00,2025-06-01 01:00:00,1748728800,0.0
2025-05-31 02:00:00,2025-06-01 02:00:00,1748732400,0.0
2025-05-31 03:00:00,2025-06-01 03:00:00,1748736000,0.0
2025-05-31 04:00:00,2025-06-01 04:00:00,1748739600,0.0
2025-05-31 05:00:00,2025-06-01 05:00:00,1748743200,0.0
2025-05-31 06:00:00,2025-06-01 06:00:00,1748746800,3.0
2025-05-31 07:00:00,2025-06-01 07:00:00,1748750400,84.0
2025-05-31 08:00:00,2025-06-01 08:00:00,1748754000,255.0
2025-05-31 09:00:00,2025-06-01 09:00:00,1748757600,452.0
2025-05-31 10:00:00,2025-06-01 10:00:00,1748761200,619.0
2025-05-31 11:00:00,2025-06-01 11:00:00,1748764800,773.0
2025-05-31 12:00:00,2025-06-01 12:00:00,1748768400,885.0
2025-05-31 13:00:00,2025-06-01 13:00:00,1748772000,918.0
2025-05-31 14:00:00,2025-06-01 14:00:00,1748775600,911.0
2025-05-31 15:00:00,2025-06-01 15:00:00,1748779200,843.0
2025-05-31 16:00:00,2025-06-01 16:00:00,1748782800,741.0
2025-05-31 17:00:00,2025-06-01 17:00:00,1748786400,578.0
2025-05-31 18:00:00,2025-06-01 18:00:00,1748790000,385.0
2025-05-31 19:00:00,2025-06-01 19:00:00,1748793600,191.0
2025-05-31 20:00:00,2025-06-01 20:00:00,1748797200,38.0
2025-05-31 21:00:00,2025-06-01 21:00:00,1748800800,0.0
2025-05-31 22:00:00,2025-06-01 22:00:00,1748804400,0.0
2025-05-31 23:00:00,2025-06-01 23:00:00,1748808000,0.0
2025-06-01 00:00:00,2025-06-02 00:00:00,1748811600,0.0
2025-06-01 01:00:00,2025-06-02 01:00:00,1748815200,0.0
2025-06-01 02:00:00,2025-06-02 02:00:00,1748818800,0.0
2025-06-01 03:00:00,2025-06-02 03:00:00,1748822400,0.0
2025-06-01 04:00:00,2025-06-02 04:00:00,1748826000,0.0
2025-06-01 05:00:00,2025-06-02 05:00:00,1748829600,0.0
2025-06-01 06:00:00,2025-06-02 06:00:00,1748833200,3.0
2025-06-01 07:00:00,2025-06-02 07:00:00,1748836800,75.0
2025-06-01 08:00:00,2025-06-02 08:00:00,1748840400,243.0
2025-06-01 09:00:00,2025-06-02 09:00:00,1748844000,408.0
2025-06-01 10:00:00,2025-06-02 10:00:00,1748847600,613.0
2025-06-01 11:00:00,2025-06-02 11:00:00,1748851200,752.0
2025-06-01 12:00:00,2025-06-02 12:00:00,1748854800,841.0
2025-06-01 13:00:00,2025-06-02 13:00:00,1748858400,879.0
2025-06-01 14:00:00,2025-06-02 14:00:00,1748862000,906.0
2025-06-01 15:00:00,2025-06-02 15:00:00,1748865600,829.0
2025-06-01 16:00:00,2025-06-02 16:00:00,1748869200,736.0
2025-06-01 17:00:00,2025-06-02 17:00:00,1748872800,577.0
2025-06-01 18:00:00,2025-06-02 18:00:00,1748876400,383.0
2025-06-01 19:00:00,2025-06-02 19:00:00,1748880000,183.0
2025-06-01 20:00:00,2025-06-02 20:00:00,1748883600,38.0
2025-06-01 21:00:00,2025-06-02 21:00:00,1748887200,0.0
2025-06-01 22:00:00,2025-06-02 22:00:00,1748890800,0.0
2025-06-01 23:00:00,2025-06-02 23:00:00,1748894400,0.0
2025-06-02 00:00:00,2025-06-03 00:00:00,1748898000,0.0
2025-06-02 01:00:00,2025-06-03 01:00:00,1748901600,0.0
2025-06-02 02:00:00,2025-06-03 02:00:00,1748905200,0.0
2025-06-02 03:00:00,2025-06-03 03:00:00,1748908800,0.0
2025-06-02 04:00:00,2025-06-03 04:00:00,1748912400,0.0
2025-06-02 05:00:00,2025-06-03 05:00:00,1748916000,0.0
2025-06-02 06:00:00,2025-06-03 06:00:00,1748919600,3.0
2025-06-02 07:00:00,2025-06-03 07:00:00,1748923200,92.0
2025-06-02 08:00:00,2025-06-03 08:00:00,1748926800,270.0
2025-06-02 09:00:00,2025-06-03 09:00:00,1748930400,469.0
2025-06-02 10:00:00,2025-06-03 10:00:00,1748934000,655.0
2025-06-02 11:00:00,2025-06-03 11:00:00,1748937600,807.0
2025-06-02 12:00:00,2025-06-03 12:00:00,1748941200,889.0
2025-06-02 13:00:00,2025-06-03 13:00:00,1748944800,930.0
2025-06-02 14:00:00,2025-06-03 14:00:00,1748948400,914.0
2025-06-02 15:00:00,2025-06-03 15:00:00,1748952000,858.0
2025-06-02 16:00:00,2025-06-03 16:00:00,1748955600,718.0
2025-06-02 17:00:00,2025-06-03 17:00:00,1748959200,580.0
2025-06-02 18:00:00,2025-06-03 18:00:00,1748962800,399.0
2025-06-02 19:00:00,2025-06-03 19:00:00,1748966400,200.0
2025-06-02 20:00:00,2025-06-03 20:00:00,1748970000,42.0
2025-06-02 21:00:00,2025-06-03 21:00:00,1748973600,0.0
2025-06-02 22:00:00,2025-06-03 22:00:00,1748977200,0.0
2025-06-02 23:00:00,2025-06-03 23:00:00,1748980800,0.0
2025-06-03 00:00:00,2025-06-04 00:00:00,1748984400,0.0
2025-06-03 01:00:00,2025-06-04 01:00:00,1748988000,0.0
2025-06-03 02:00:00,2025-06-04 02:00:00,1748991600,0.0
2025-06-03 03:00:00,2025-06-04 03:00:00,1748995200,0.0
2025-06-03 04:00:00,2025-06-04 04:00:00,1748998800,0.0
2025-06-03 05:00:00,2025-06-04 05:00:00,1749002400,0.0
2025-06-03 06:00:00,2025-06-04 06:00:00,1749006000,4.0
2025-06-03 07:00:00,2025-06-04 07:00:00,1749009600,96.0
2025-06-03 08:00:00,2025-06-04 08:00:00,1749013200,281.0
2025-06-03 09:00:00,2025-06-04 09:00:00,1749016800,485.0
2025-06-03 10:00:00,2025-06-04 10:00:00,1749020400,673.0
2025-06-03 11:00:00,2025-06-04 11:00:00,1749024000,826.0
2025-06-03 12:00:00,2025-06-04 12:00:00,1749027600,932.0
2025-06-03 13:00:00,2025-06-04 13:00:00,1749031200,982.0
2025-06-03 14:00:00,2025-06-04 14:00:00,1749034800,972.0
2025-06-03 15:00:00,2025-06-04 15:00:00,1749038400,902.0
2025-06-03 16:00:00,2025-06-04 16:00:00,1749042000,779.0
2025-06-03 17:00:00,2025-06-04 17:00:00,1749045600,608.0
2025-06-03 18:00:00,2025-06-04 18:00:00,1749049200,410.0
2025-06-03 19:00:00,2025-06-04 19:00:00,1749052800,208.0
2025-06-03 20:00:00,2025-06-04 20:00:00,1749056400,44.0
2025-06-03 21:00:00,2025-06-04 21:00:00,1749060000,0.0
2025-06-03 22:00:00,2025-06-04 22:00:00,1749063600,0.0
2025-06-03 23:00:00,2025-06-04 23:00:00,1749067200,0.0
2025-06-04 00:00:00,2025-06-05 00:00:00,1749070800,0.0
2025-06-04 01:00:00,2025-06-05 01:00:00,1749074400,0.0
2025-06-04 02:00:00,2025-06-05 02:00:00,1749078000,0.0
2025-06-04 03:00:00,2025-06-05 03:00:00,1749081600,0.0
2025-06-04 04:00:00,2025-06-05 04:00:00,1749085200,0.0
2025-06-04 05:00:00,2025-06-05 05:00:00,1749088800,0.0
2025-06-04 06:00:00,2025-06-05 06:00:00,1749092400,4.0
2025-06-04 07:00:00,2025-06-05 07:00:00,1749096000,98.0
2025-06-04 08:00:00,2025-06-05 08:00:00,1749099600,285.0
2025-06-04 09:00:00,2025-06-05 09:00:00,1749103200,491.0
2025-06-04 10:00:00,2025-06-05 10:00:00,1749106800,681.0
2025-06-04 11:00:00,2025-06-05 11:00:00,1749110400,836.0
2025-06-04 12:00:00,2025-06-05 12:00:00,1749114000,942.0
2025-06-04 13:00:00,2025-06-05 13:00:00,1749117600,988.0
2025-06-04 14:00:00,2025-06-05 14:00:00,1749121200,974.0
2025-06-04 15:00:00,2025-06-05 15:00:00,1749124800,901.0
2025-06-04 16:00:00,2025-06-05 16:00:00,1749128400,776.0
2025-06-04 17:00:00,2025-06-05 17:00:00,1749132000,607.0
2025-06-04 18:00:00,2025-06-05 18:00:00,1749135600,411.0
2025-06-04 19:00:00,2025-06-05 19:00:00,1749139200,209.0
2025-06-04 20:00:00,2025-06-05 20:00:00,1749142800,46.0
2025-06-04 21:00:00,2025-06-05 21:00:00,1749146400,0.0
2025-06-04 22:00:00,2025-06-05 22:00:00,1749150000,0.0
2025-06-04 23:00:00,2025-06-05 23:00:00,1749153600,0.0
2025-06-05 00:00:00,2025-06-06 00:00:00,1749157200,0.0
2025-06-05 01:00:00,2025-06-06 01:00:00,1749160800,0.0
2025-06-05 02:00:00,2025-06-06 02:00:00,1749164400,0.0
2025-06-05 03:00:00,2025-06-06 03:00:00,1749168000,0.0
2025-06-05 04:00:00,2025-06-06 04:00:00,1749171600,0.0
2025-06-05 05:00:00,2025-06-06 05:00:00,1749175200,0.0
2025-06-05 06:00:00,2025-06-06 06:00:00,1749178800,4.0
2025-06-05 07:00:00,2025-06-06 07:00:00,1749182400,100.0
2025-06-05 08:00:00,2025-06-06 08:00:00,1749186000,288.0
2025-06-05 09:00:00,2025-06-06 09:00:00,1749189600,494.0
2025-06-05 10:00:00,2025-06-06 10:00:00,1749193200,683.0
2025-06-05 11:00:00,2025-06-06 11:00:00,1749196800,836.0
2025-06-05 12:00:00,2025-06-06 12:00:00,1749200400,941.0
2025-06-05 13:00:00,2025-06-06 13:00:00,1749204000,990.0
2025-06-05 14:00:00,2025-06-06 14:00:00,1749207600,976.0
2025-06-05 15:00:00,2025-06-06 15:00:00,1749211200,902.0
2025-06-05 16:00:00,2025-06-06 16:00:00,1749214800,774.0
2025-06-05 17:00:00,2025-06-06 17:00:00,1749218400,605.0
2025-06-05 18:00:00,2025-06-06 18:00:00,1749222000,409.0
2025-06-05 19:00:00,2025-06-06 19:00:00,1749225600,208.0
2025-06-05 20:00:00,2025-06-06 20:00:00,1749229200,46.0
2025-06-05 21:00:00,2025-06-06 21:00:00,1749232800,0.0
2025-06-05 22:00:00,2025-06-06 22:00:00,1749236400,0.0
2025-06-05 23:00:00,2025-06-06 23:00:00,1749240000,0.0
2025-06-06 00:00:00,2025-06-07 00:00:00,1749243600,0.0
2025-06-06 01:00:00,2025-06-07 01:00:00,1749247200,0.0
2025-06-06 02:00:00,2025-06-07 02:00:00,1749250800,0.0
2025-06-06 03:00:00,2025-06-07 03:00:00,1749254400,0.0
2025-06-06 04:00:00,2025-06-07 04:00:00,1749258000,0.0
2025-06-06 05:00:00,2025-06-07 05:00:00,1749261600,0.0
2025-06-06 06:00:00,2025-06-07 06:00:00,1749265200,4.0
2025-06-06 07:00:00,2025-06-07 07:00:00,1749268800,98.0
2025-06-06 08:00:00,2025-06-07 08:00:00,1749272400,283.0
2025-06-06 09:00:00,2025-06-07 09:00:00,1749276000,486.0
2025-06-06 10:00:00,2025-06-07 10:00:00,1749279600,674.0
2025-06-06 11:00:00,2025-06-07 11:00:00,1749283200,827.0
2025-06-06 12:00:00,2025-06-07 12:00:00,1749286800,932.0
2025-06-06 13:00:00,2025-06-07 13:00:00,1749290400,978.0
2025-06-06 14:00:00,2025-06-07 14:00:00,1749294000,963.0
2025-06-06 15:00:00,2025-06-07 15:00:00,1749297600,889.0
2025-06-06 16:00:00,2025-06-07 16:00:00,1749301200,765.0
2025-06-06 17:00:00,2025-06-07 17:00:00,1749304800,599.0
2025-06-06 18:00:00,2025-06-07 18:00:00,1749308400,405.0
2025-06-06 19:00:00,2025-06-07 19:00:00,1749312000,206.0
2025-06-06 20:00:00,2025-06-07 20:00:00,1749315600,46.0
2025-06-06 21:00:00,2025-06-07 21:00:00,1749319200,0.0
2025-06-06 22:00:00,2025-06-07 22:00:00,1749322800,0.0
2025-06-06 23:00:00,2025-06-07 23:00:00,1749326400,0.0
2025-06-07 00:00:00,2025-06-08 00:00:00,1749330000,0.0
2025-06-07 01:00:00,2025-06-08 01:00:00,1749333600,0.0
2025-06-07 02:00:00,2025-06-08 02:00:00,1749337200,0.0
2025-06-07 03:00:00,2025-06-08 03:00:00,1749340800,0.0
2025-06-07 04:00:00,2025-06-08 04:00:00,1749344400,0.0
2025-06-07 05:00:00,2025-06-08 05:00:00,1749348000,0.0
2025-06-07 06:00:00,2025-06-08 06:00:00,1749351600,4.0
2025-06-07 07:00:00,2025-06-08 07:00:00,1749355200,90.0
2025-06-07 08:00:00,2025-06-08 08:00:00,1749358800,269.0
2025-06-07 09:00:00,2025-06-08 09:00:00,1749362400,476.0
2025-06-07 10:00:00,2025-06-08 10:00:00,1749366000,668.0
2025-06-07 11:00:00,2025-06-08 11:00:00,1749369600,820.0
2025-06-07 12:00:00,2025-06-08 12:00:00,1749373200,919.0
2025-06-07 13:00:00,2025-06-08 13:00:00,1749376800,959.0
2025-06-07 14:00:00,2025-06-08 14:00:00,1749380400,951.0
2025-06-07 15:00:00,2025-06-08 15:00:00,1749384000,883.0
2025-06-07 16:00:00,2025-06-08 16:00:00,1749387600,748.0
2025-06-07 17:00:00,2025-06-08 17:00:00,1749391200,592.0
2025-06-07 18:00:00,2025-06-08 18:00:00,1749394800,402.0
2025-06-07 19:00:00,2025-06-08 19:00:00,1749398400,205.0
2025-06-07 20:00:00,2025-06-08 20:00:00,1749402000,47.0
2025-06-07 21:00:00,2025-06-08 21:00:00,1749405600,0.0
2025-06-07 22:00:00,2025-06-08 22:00:00,1749409200,0.0
2025-06-07 23:00:00,2025-06-08 23:00:00,1749412800,0.0
2025-06-08 00:00:00,2025-06-09 00:00:00,1749416400,0.0
2025-06-08 01:00:00,2025-06-09 01:00:00,1749420000,0.0
2025-06-08 02:00:00,2025-06-09 02:00:00,1749423600,0.0
2025-06-08 03:00:00,2025-06-09 03:00:00,1749427200,0.0
2025-06-08 04:00:00,2025-06-09 04:00:00,1749430800,0.0
2025-06-08 05:00:00,2025-06-09 05:00:00,1749434400,0.0
2025-06-08 06:00:00,2025-06-09 06:00:00,1749438000,4.0
2025-06-08 07:00:00,2025-06-09 07:00:00,1749441600,97.0
2025-06-08 08:00:00,2025-06-09 08:00:00,1749445200,280.0
2025-06-08 09:00:00,2025-06-09 09:00:00,1749448800,481.0
2025-06-08 10:00:00,2025-06-09 10:00:00,1749452400,668.0
2025-06-08 11:00:00,2025-06-09 11:00:00,1749456000,821.0
2025-06-08 12:00:00,2025-06-09 12:00:00,1749459600,927.0
2025-06-08 13:00:00,2025-06-09 13:00:00,1749463200,976.0
2025-06-08 14:00:00,2025-06-09 14:00:00,1749466800,946.0
2025-06-08 15:00:00,2025-06-09 15:00:00,1749470400,873.0
2025-06-08 16:00:00,2025-06-09 16:00:00,1749474000,768.0
2025-06-08 17:00:00,2025-06-09 17:00:00,1749477600,603.0
2025-06-08 18:00:00,2025-06-09 18:00:00,1749481200,408.0
2025-06-08 19:00:00,2025-06-09 19:00:00,1749484800,211.0
2025-06-08 20:00:00,2025-06-09 20:00:00,1749488400,48.0
2025-06-08 21:00:00,2025-06-09 21:00:00,1749492000,0.0
2025-06-08 22:00:00,2025-06-09 22:00:00,1749495600,0.0
2025-06-08 23:00:00,2025-06-09 23:00:00,1749499200,0.0
2025-06-09 00:00:00,2025-06-10 00:00:00,1749502800,0.0
2025-06-09 01:00:00,2025-06-10 01:00:00,1749506400,0.0
2025-06-09 02:00:00,2025-06-10 02:00:00,1749510000,0.0
2025-06-09 03:00:00,2025-06-10 03:00:00,1749513600,0.0
2025-06-09 04:00:00,2025-06-10 04:00:00,1749517200,0.0
2025-06-09 05:00:00,2025-06-10 05:00:00,1749520800,0.0
2025-06-09 06:00:00,2025-06-10 06:00:00,1749524400,4.0
2025-06-09 07:00:00,2025-06-10 07:00:00,1749528000,100.0
2025-06-09 08:00:00,2025-06-10 08:00:00,1749531600,287.0
2025-06-09 09:00:00,2025-06-10 09:00:00,1749535200,491.0
2025-06-09 10:00:00,2025-06-10 10:00:00,1749538800,680.0
2025-06-09 11:00:00,2025-06-10 11:00:00,1749542400,833.0
2025-06-09 12:00:00,2025-06-10 12:00:00,1749546000,940.0
2025-06-09 13:00:00,2025-06-10 13:00:00,1749549600,989.0
2025-06-09 14:00:00,2025-06-10 14:00:00,1749553200,977.0
2025-06-09 15:00:00,2025-06-10 15:00:00,1749556800,906.0
2025-06-09 16:00:00,2025-06-10 16:00:00,1749560400,782.0
2025-06-09 17:00:00,2025-06-10 17:00:00,1749564000,614.0
2025-06-09 18:00:00,2025-06-10 18:00:00,1749567600,417.0
2025-06-09 19:00:00,2025-06-10 19:00:00,1749571200,215.0
2025-06-09 20:00:00,2025-06-10 20:00:00,1749574800,50.0
2025-06-09 21:00:00,2025-06-10 21:00:00,1749578400,0.0
2025-06-09 22:00:00,2025-06-10 22:00:00,1749582000,0.0
2025-06-09 23:00:00,2025-06-10 23:00:00,1749585600,0.0
2025-06-10 00:00:00,2025-06-11 00:00:00,1749589200,0.0
2025-06-10 01:00:00,2025-06-11 01:00:00,1749592800,0.0
2025-06-10 02:00:00,2025-06-11 02:00:00,1749596400,0.0
2025-06-10 03:00:00,2025-06-11 03:00:00,1749600000,0.0
2025-06-10 04:00:00,2025-06-11 04:00:00,1749603600,0.0
2025-06-10 05:00:00,2025-06-11 05:00:00,1749607200,0.0
2025-06-10 06:00:00,2025-06-11 06:00:00,1749610800,4.0
2025-06-10 07:00:00,2025-06-11 07:00:00,1749614400,99.0
2025-06-10 08:00:00,2025-06-11 08:00:00,1749618000,284.0
2025-06-10 09:00:00,2025-06-11 09:00:00,1749621600,486.0
2025-06-10 10:00:00,2025-06-11 10:00:00,1749625200,674.0
2025-06-10 11:00:00,2025-06-11 11:00:00,1749628800,826.0
2025-06-10 12:00:00,2025-06-11 12:00:00,1749632400,927.0
2025-06-10 13:00:00,2025-06-11 13:00:00,1749636000,966.0
2025-06-10 14:00:00,2025-06-11 14:00:00,1749639600,952.0
2025-06-10 15:00:00,2025-06-11 15:00:00,1749643200,883.0
2025-06-10 16:00:00,2025-06-11 16:00:00,1749646800,754.0
2025-06-10 17:00:00,2025-06-11 17:00:00,1749650400,596.0
2025-06-10 18:00:00,2025-06-11 18:00:00,1749654000,410.0
2025-06-10 19:00:00,2025-06-11 19:00:00,1749657600,212.0
2025-06-10 20:00:00,2025-06-11 20:00:00,1749661200,50.0
2025-06-10 21:00:00,2025-06-11 21:00:00,1749664800,0.0
2025-06-10 22:00:00,2025-06-11 22:00:00,1749668400,0.0
2025-06-10 23:00:00,2025-06-11 23:00:00,1749672000,0.0
2025-06-11 00:00:00,2025-06-12 00:00:00,1749675600,0.0
2025-06-11 01:00:00,2025-06-12 01:00:00,1749679200,0.0
2025-06-11 02:00:00,2025-06-12 02:00:00,1749682800,0.0
2025-06-11 03:00:00,2025-06-12 03:00:00,1749686400,0.0
2025-06-11 04:00:00,2025-06-12 04:00:00,1749690000,0.0
2025-06-11 05:00:00,2025-06-12 05:00:00,1749693600,0.0
2025-06-11 06:00:00,2025-06-12 06:00:00,1749697200,4.0
2025-06-11 07:00:00,2025-06-12 07:00:00,1749700800,98.0
2025-06-11 08:00:00,2025-06-12 08:00:00,1749704400,281.0
2025-06-11 09:00:00,2025-06-12 09:00:00,1749708000,481.0
2025-06-11 10:00:00,2025-06-12 10:00:00,1749711600,666.0
2025-06-11 11:00:00,2025-06-12 11:00:00,1749715200,817.0
2025-06-11 12:00:00,2025-06-12 12:00:00,1749718800,919.0
2025-06-11 13:00:00,2025-06-12 13:00:00,1749722400,961.0
2025-06-11 14:00:00,2025-06-12 14:00:00,1749726000,929.0
2025-06-11 15:00:00,2025-06-12 15:00:00,1749729600,875.0
2025-06-11 16:00:00,2025-06-12 16:00:00,1749733200,750.0
2025-06-11 17:00:00,2025-06-12 17:00:00,1749736800,593.0
2025-06-11 18:00:00,2025-06-12 18:00:00,1749740400,406.0
2025-06-11 19:00:00,2025-06-12 19:00:00,1749744000,210.0
2025-06-11 20:00:00,2025-06-12 20:00:00,1749747600,50.0
2025-06-11 21:00:00,2025-06-12 21:00:00,1749751200,0.0
2025-06-11 22:00:00,2025-06-12 22:00:00,1749754800,0.0
2025-06-11 23:00:00,2025-06-12 23:00:00,1749758400,0.0
2025-06-12 00:00:00,2025-06-13 00:00:00,1749762000,0.0
2025-06-12 01:00:00,2025-06-13 01:00:00,1749765600,0.0
2025-06-12 02:00:00,2025-06-13 02:00:00,1749769200,0.0
2025-06-12 03:00:00,2025-06-13 03:00:00,1749772800,0.0
2025-06-12 04:00:00,2025-06-13 04:00:00,1749776400,0.0
2025-06-12 05:00:00,2025-06-13 05:00:00,1749780000,0.0
2025-06-12 06:00:00,2025-06-13 06:00:00,1749783600,4.0
2025-06-12 07:00:00,2025-06-13 07:00:00,1749787200,96.0
2025-06-12 08:00:00,2025-06-13 08:00:00,1749790800,279.0
2025-06-12 09:00:00,2025-06-13 09:00:00,1749794400,479.0
2025-06-12 10:00:00,2025-06-13 10:00:00,1749798000,666.0
2025-06-12 11:00:00,2025-06-13 11:00:00,1749801600,817.0
2025-06-12 12:00:00,2025-06-13 12:00:00,1749805200,923.0
2025-06-12 13:00:00,2025-06-13 13:00:00,1749808800,974.0
2025-06-12 14:00:00,2025-06-13 14:00:00,1749812400,965.0
2025-06-12 15:00:00,2025-06-13 15:00:00,1749816000,898.0
2025-06-12 16:00:00,2025-06-13 16:00:00,1749819600,777.0
2025-06-12 17:00:00,2025-06-13 17:00:00,1749823200,612.0
2025-06-12 18:00:00,2025-06-13 18:00:00,1749826800,419.0
2025-06-12 19:00:00,2025-06-13 19:00:00,1749830400,219.0
2025-06-12 20:00:00,2025-06-13 20:00:00,1749834000,53.0
2025-06-12 21:00:00,2025-06-13 21:00:00,1749837600,0.0
2025-06-12 22:00:00,2025-06-13 22:00:00,1749841200,0.0
2025-06-12 23:00:00,2025-06-13 23:00:00,1749844800,0.0
2025-06-13 00:00:00,2025-06-14 00:00:00,1749848400,0.0
2025-06-13 01:00:00,2025-06-14 01:00:00,1749852000,0.0
2025-06-13 02:00:00,2025-06-14 02:00:00,1749855600,0.0
2025-06-13 03:00:00,2025-06-14 03:00:00,1749859200,0.0
2025-06-13 04:00:00,2025-06-14 04:00:00,1749862800,0.0
2025-06-13 05:00:00,2025-06-14 05:00:00,1749866400,0.0
2025-06-13 06:00:00,2025-06-14 06:00:00,1749870000,4.0
2025-06-13 07:00:00,2025-06-14 07:00:00,1749873600,83.0
2025-06-13 08:00:00,2025-06-14 08:00:00,1749877200,259.0
2025-06-13 09:00:00,2025-06-14 09:00:00,1749880800,468.0
2025-06-13 10:00:00,2025-06-14 10:00:00,1749884400,664.0
2025-06-13 11:00:00,2025-06-14 11:00:00,1749888000,822.0
2025-06-13 12:00:00,2025-06-14 12:00:00,1749891600,934.0
2025-06-13 13:00:00,2025-06-14 13:00:00,1749895200,988.0
2025-06-13 14:00:00,2025-06-14 14:00:00,1749898800,979.0
2025-06-13 15:00:00,2025-06-14 15:00:00,1749902400,908.0
2025-06-13 16:00:00,2025-06-14 16:00:00,1749906000,780.0
2025-06-13 17:00:00,2025-06-14 17:00:00,1749909600,607.0
2025-06-13 18:00:00,2025-06-14 18:00:00,1749913200,397.0
2025-06-13 19:00:00,2025-06-14 19:00:00,1749916800,200.0
2025-06-13 20:00:00,2025-06-14 20:00:00,1749920400,50.0
2025-06-13 21:00:00,2025-06-14 21:00:00,1749924000,0.0
2025-06-13 22:00:00,2025-06-14 22:00:00,1749927600,0.0
2025-06-13 23:00:00,2025-06-14 23:00:00,1749931200,0.0
2025-06-14 00:00:00,2025-06-15 00:00:00,1749934800,0.0
2025-06-14 01:00:00,2025-06-15 01:00:00,1749938400,0.0
2025-06-14 02:00:00,2025-06-15 02:00:00,1749942000,0.0
2025-06-14 03:00:00,2025-06-15 03:00:00,1749945600,0.0
2025-06-14 04:00:00,2025-06-15 04:00:00,1749949200,0.0
2025-06-14 05:00:00,2025-06-15 05:00:00,1749952800,0.0
2025-06-14 06:00:00,2025-06-15 06:00:00,1749956400,4.0
2025-06-14 07:00:00,2025-06-15 07:00:00,1749960000,89.0
2025-06-14 08:00:00,2025-06-15 08:00:00,1749963600,261.0
2025-06-14 09:00:00,2025-06-15 09:00:00,1749967200,477.0
2025-06-14 10:00:00,2025-06-15 10:00:00,1749970800,668.0
2025-06-14 11:00:00,2025-06-15 11:00:00,1749974400,822.0
2025-06-14 12:00:00,2025-06-15 12:00:00,1749978000,927.0
2025-06-14 13:00:00,2025-06-15 13:00:00,1749981600,977.0
2025-06-14 14:00:00,2025-06-15 14:00:00,1749985200,962.0
2025-06-14 15:00:00,2025-06-15 15:00:00,1749988800,898.0
2025-06-14 16:00:00,2025-06-15 16:00:00,1749992400,750.0
2025-06-14 17:00:00,2025-06-15 17:00:00,1749996000,602.0
2025-06-14 18:00:00,2025-06-15 18:00:00,1749999600,415.0
2025-06-14 19:00:00,2025-06-15 19:00:00,1750003200,217.0
2025-06-14 20:00:00,2025-06-15 20:00:00,1750006800,53.0
2025-06-14 21:00:00,2025-06-15 21:00:00,1750010400,0.0
2025-06-14 22:00:00,2025-06-15 22:00:00,1750014000,0.0
2025-06-14 23:00:00,2025-06-15 23:00:00,1750017600,0.0
2025-06-15 00:00:00,2025-06-16 00:00:00,1750021200,0.0
2025-06-15 01:00:00,2025-06-16 01:00:00,1750024800,0.0
2025-06-15 02:00:00,2025-06-16 02:00:00,1750028400,0.0
2025-06-15 03:00:00,2025-06-16 03:00:00,1750032000,0.0
2025-06-15 04:00:00,2025-06-16 04:00:00,1750035600,0.0
2025-06-15 05:00:00,2025-06-16 05:00:00,1750039200,0.0
2025-06-15 06:00:00,2025-06-16 06:00:00,1750042800,4.0
2025-06-15 07:00:00,2025-06-16 07:00:00,1750046400,96.0
2025-06-15 08:00:00,2025-06-16 08:00:00,1750050000,274.0
2025-06-15 09:00:00,2025-06-16 09:00:00,1750053600,469.0
2025-06-15 10:00:00,2025-06-16 10:00:00,1750057200,647.0
2025-06-15 11:00:00,2025-06-16 11:00:00,1750060800,794.0
2025-06-15 12:00:00,2025-06-16 12:00:00,1750064400,901.0
2025-06-15 13:00:00,2025-06-16 13:00:00,1750068000,945.0
2025-06-15 14:00:00,2025-06-16 14:00:00,1750071600,922.0
2025-06-15 15:00:00,2025-06-16 15:00:00,1750075200,855.0
2025-06-15 16:00:00,2025-06-16 16:00:00,1750078800,728.0
2025-06-15 17:00:00,2025-06-16 17:00:00,1750082400,575.0
2025-06-15 18:00:00,2025-06-16 18:00:00,1750086000,387.0
2025-06-15 19:00:00,2025-06-16 19:00:00,1750089600,206.0
2025-06-15 20:00:00,2025-06-16 20:00:00,1750093200,52.0
2025-06-15 21:00:00,2025-06-16 21:00:00,1750096800,0.0
2025-06-15 22:00:00,2025-06-16 22:00:00,1750100400,0.0
2025-06-15 23:00:00,2025-06-16 23:00:00,1750104000,0.0
2025-06-16 00:00:00,2025-06-17 00:00:00,1750107600,0.0
2025-06-16 01:00:00,2025-06-17 01:00:00,1750111200,0.0
2025-06-16 02:00:00,2025-06-17 02:00:00,1750114800,0.0
2025-06-16 03:00:00,2025-06-17 03:00:00,1750118400,0.0
2025-06-16 04:00:00,2025-06-17 04:00:00,1750122000,0.0
2025-06-16 05:00:00,2025-06-17 05:00:00,1750125600,0.0
2025-06-16 06:00:00,2025-06-17 06:00:00,1750129200,4.0
2025-06-16 07:00:00,2025-06-17 07:00:00,1750132800,98.0
2025-06-16 08:00:00,2025-06-17 08:00:00,1750136400,284.0
2025-06-16 09:00:00,2025-06-17 09:00:00,1750140000,488.0
2025-06-16 10:00:00,2025-06-17 10:00:00,1750143600,677.0
2025-06-16 11:00:00,2025-06-17 11:00:00,1750147200,828.0
2025-06-16 12:00:00,2025-06-17 12:00:00,1750150800,934.0
2025-06-16 13:00:00,2025-06-17 13:00:00,1750154400,981.0
2025-06-16 14:00:00,2025-06-17 14:00:00,1750158000,963.0
2025-06-16 15:00:00,2025-06-17 15:00:00,1750161600,906.0
2025-06-16 16:00:00,2025-06-17 16:00:00,1750165200,780.0
2025-06-16 17:00:00,2025-06-17 17:00:00,1750168800,616.0
2025-06-16 18:00:00,2025-06-17 18:00:00,1750172400,426.0
2025-06-16 19:00:00,2025-06-17 19:00:00,1750176000,225.0
2025-06-16 20:00:00,2025-06-17 20:00:00,1750179600,56.0
2025-06-16 21:00:00,2025-06-17 21:00:00,1750183200,0.0
2025-06-16 22:00:00,2025-06-17 22:00:00,1750186800,0.0
2025-06-16 23:00:00,2025-06-17 23:00:00,1750190400,0.0
2025-06-17 00:00:00,2025-06-18 00:00:00,1750194000,0.0
2025-06-17 01:00:00,2025-06-18 01:00:00,1750197600,0.0
2025-06-17 02:00:00,2025-06-18 02:00:00,1750201200,0.0
2025-06-17 03:00:00,2025-06-18 03:00:00,1750204800,0.0
2025-06-17 04:00:00,2025-06-18 04:00:00,1750208400,0.0
2025-06-17 05:00:00,2025-06-18 05:00:00,1750212000,0.0
2025-06-17 06:00:00,2025-06-18 06:00:00,1750215600,4.0
2025-06-17 07:00:00,2025-06-18 07:00:00,1750219200,99.0
2025-06-17 08:00:00,2025-06-18 08:00:00,1750222800,285.0
2025-06-17 09:00:00,2025-06-18 09:00:00,1750226400,488.0
2025-06-17 10:00:00,2025-06-18 10:00:00,1750230000,676.0
2025-06-17 11:00:00,2025-06-18 11:00:00,1750233600,830.0
2025-06-17 12:00:00,2025-06-18 12:00:00,1750237200,937.0
2025-06-17 13:00:00,2025-06-18 13:00:00,1750240800,987.0
2025-06-17 14:00:00,2025-06-18 14:00:00,1750244400,975.0
2025-06-17 15:00:00,2025-06-18 15:00:00,1750248000,896.0
2025-06-17 16:00:00,2025-06-18 16:00:00,1750251600,778.0
2025-06-17 17:00:00,2025-06-18 17:00:00,1750255200,616.0
2025-06-17 18:00:00,2025-06-18 18:00:00,1750258800,425.0
2025-06-17 19:00:00,2025-06-18 19:00:00,1750262400,225.0
2025-06-17 20:00:00,2025-06-18 20:00:00,1750266000,56.0
2025-06-17 21:00:00,2025-06-18 21:00:00,1750269600,0.0
2025-06-17 22:00:00,2025-06-18 22:00:00,1750273200,0.0
2025-06-17 23:00:00,2025-06-18 23:00:00,1750276800,0.0
2025-06-18 00:00:00,2025-06-19 00:00:00,1750280400,0.0
2025-06-18 01:00:00,2025-06-19 01:00:00,1750284000,0.0
2025-06-18 02:00:00,2025-06-19 02:00:00,1750287600,0.0
2025-06-18 03:00:00,2025-06-19 03:00:00,1750291200,0.0
2025-06-18 04:00:00,2025-06-19 04:00:00,1750294800,0.0
2025-06-18 05:00:00,2025-06-19 05:00:00,1750298400,0.0
2025-06-18 06:00:00,2025-06-19 06:00:00,1750302000,4.0
2025-06-18 07:00:00,2025-06-19 07:00:00,1750305600,98.0
2025-06-18 08:00:00,2025-06-19 08:00:00,1750309200,284.0
2025-06-18 09:00:00,2025-06-19 09:00:00,1750312800,486.0
2025-06-18 10:00:00,2025-06-19 10:00:00,1750316400,674.0
2025-06-18 11:00:00,2025-06-19 11:00:00,1750320000,827.0
2025-06-18 12:00:00,2025-06-19 12:00:00,1750323600,932.0
2025-06-18 13:00:00,2025-06-19 13:00:00,1750327200,982.0
2025-06-18 14:00:00,2025-06-19 14:00:00,1750330800,971.0
2025-06-18 15:00:00,2025-06-19 15:00:00,1750334400,902.0
2025-06-18 16:00:00,2025-06-19 16:00:00,1750338000,778.0
2025-06-18 17:00:00,2025-06-19 17:00:00,1750341600,616.0
2025-06-18 18:00:00,2025-06-19 18:00:00,1750345200,424.0
2025-06-18 19:00:00,2025-06-19 19:00:00,1750348800,225.0
2025-06-18 20:00:00,2025-06-19 20:00:00,1750352400,57.0
2025-06-18 21:00:00,2025-06-19 21:00:00,1750356000,0.0
2025-06-18 22:00:00,2025-06-19 22:00:00,1750359600,0.0
2025-06-18 23:00:00,2025-06-19 23:00:00,1750363200,0.0
2025-06-19 00:00:00,2025-06-20 00:00:00,1750366800,0.0
2025-06-19 01:00:00,2025-06-20 01:00:00,1750370400,0.0
2025-06-19 02:00:00,2025-06-20 02:00:00,1750374000,0.0
2025-06-19 03:00:00,2025-06-20 03:00:00,1750377600,0.0
2025-06-19 04:00:00,2025-06-20 04:00:00,1750381200,0.0
2025-06-19 05:00:00,2025-06-20 05:00:00,1750384800,0.0
2025-06-19 06:00:00,2025-06-20 06:00:00,1750388400,4.0
2025-06-19 07:00:00,2025-06-20 07:00:00,1750392000,98.0
2025-06-19 08:00:00,2025-06-20 08:00:00,1750395600,283.0
2025-06-19 09:00:00,2025-06-20 09:00:00,1750399200,485.0
2025-06-19 10:00:00,2025-06-20 10:00:00,1750402800,673.0
2025-06-19 11:00:00,2025-06-20 11:00:00,1750406400,830.0
2025-06-19 12:00:00,2025-06-20 12:00:00,1750410000,938.0
2025-06-19 13:00:00,2025-06-20 13:00:00,1750413600,988.0
2025-06-19 14:00:00,2025-06-20 14:00:00,1750417200,978.0
2025-06-19 15:00:00,2025-06-20 15:00:00,1750420800,909.0
2025-06-19 16:00:00,2025-06-20 16:00:00,1750424400,787.0
2025-06-19 17:00:00,2025-06-20 17:00:00,1750428000,622.0
2025-06-19 18:00:00,2025-06-20 18:00:00,1750431600,428.0
2025-06-19 19:00:00,2025-06-20 19:00:00,1750435200,226.0
2025-06-19 20:00:00,2025-06-20 20:00:00,1750438800,57.0
2025-06-19 21:00:00,2025-06-20 21:00:00,1750442400,0.0
2025-06-19 22:00:00,2025-06-20 22:00:00,1750446000,0.0
2025-06-19 23:00:00,2025-06-20 23:00:00,1750449600,0.0
2025-06-20 00:00:00,2025-06-21 00:00:00,1750453200,0.0
2025-06-20 01:00:00,2025-06-21 01:00:00,1750456800,0.0
2025-06-20 02:00:00,2025-06-21 02:00:00,1750460400,0.0
2025-06-20 03:00:00,2025-06-21 03:00:00,1750464000,0.0
2025-06-20 04:00:00,2025-06-21 04:00:00,1750467600,0.0
2025-06-20 05:00:00,2025-06-21 05:00:00,1750471200,0.0
2025-06-20 06:00:00,2025-06-21 06:00:00,1750474800,4.0
2025-06-20 07:00:00,2025-06-21 07:00:00,1750478400,97.0
2025-06-20 08:00:00,2025-06-21 08:00:00,1750482000,280.0
2025-06-20 09:00:00,2025-06-21 09:00:00,1750485600,480.0
2025-06-20 10:00:00,2025-06-21 10:00:00,1750489200,666.0
2025-06-20 11:00:00,2025-06-21 11:00:00,1750492800,816.0
2025-06-20 12:00:00,2025-06-21 12:00:00,1750496400,926.0
2025-06-20 13:00:00,2025-06-21 13:00:00,1750500000,978.0
2025-06-20 14:00:00,2025-06-21 14:00:00,1750503600,971.0
2025-06-20 15:00:00,2025-06-21 15:00:00,1750507200,902.0
2025-06-20 16:00:00,2025-06-21 16:00:00,1750510800,776.0
2025-06-20 17:00:00,2025-06-21 17:00:00,1750514400,615.0
2025-06-20 18:00:00,2025-06-21 18:00:00,1750518000,424.0
2025-06-20 19:00:00,2025-06-21 19:00:00,1750521600,224.0
2025-06-20 20:00:00,2025-06-21 20:00:00,1750525200,57.0
2025-06-20 21:00:00,2025-06-21 21:00:00,1750528800,0.0
2025-06-20 22:00:00,2025-06-21 22:00:00,1750532400,0.0
2025-06-20 23:00:00,2025-06-21 23:00:00,1750536000,0.0
2025-06-21 00:00:00,2025-06-22 00:00:00,1750539600,0.0
2025-06-21 01:00:00,2025-06-22 01:00:00,1750543200,0.0
2025-06-21 02:00:00,2025-06-22 02:00:00,1750546800,0.0
2025-06-21 03:00:00,2025-06-22 03:00:00,1750550400,0.0
2025-06-21 04:00:00,2025-06-22 04:00:00,1750554000,0.0
2025-06-21 05:00:00,2025-06-22 05:00:00,1750557600,0.0
2025-06-21 06:00:00,2025-06-22 06:00:00,1750561200,3.0
2025-06-21 07:00:00,2025-06-22 07:00:00,1750564800,94.0
2025-06-21 08:00:00,2025-06-22 08:00:00,1750568400,278.0
2025-06-21 09:00:00,2025-06-22 09:00:00,1750572000,482.0
2025-06-21 10:00:00,2025-06-22 10:00:00,1750575600,670.0
2025-06-21 11:00:00,2025-06-22 11:00:00,1750579200,823.0
2025-06-21 12:00:00,2025-06-22 12:00:00,1750582800,929.0
2025-06-21 13:00:00,2025-06-22 13:00:00,1750586400,976.0
2025-06-21 14:00:00,2025-06-22 14:00:00,1750590000,961.0
2025-06-21 15:00:00,2025-06-22 15:00:00,1750593600,890.0
2025-06-21 16:00:00,2025-06-22 16:00:00,1750597200,773.0
2025-06-21 17:00:00,2025-06-22 17:00:00,1750600800,608.0
2025-06-21 18:00:00,2025-06-22 18:00:00,1750604400,422.0
2025-06-21 19:00:00,2025-06-22 19:00:00,1750608000,224.0
2025-06-21 20:00:00,2025-06-22 20:00:00,1750611600,57.0
2025-06-21 21:00:00,2025-06-22 21:00:00,1750615200,0.0
2025-06-21 22:00:00,2025-06-22 22:00:00,1750618800,0.0
2025-06-21 23:00:00,2025-06-22 23:00:00,1750622400,0.0
2025-06-22 00:00:00,2025-06-23 00:00:00,1750626000,0.0
2025-06-22 01:00:00,2025-06-23 01:00:00,1750629600,0.0
2025-06-22 02:00:00,2025-06-23 02:00:00,1750633200,0.0
2025-06-22 03:00:00,2025-06-23 03:00:00,1750636800,0.0
2025-06-22 04:00:00,2025-06-23 04:00:00,1750640400,0.0
2025-06-22 05:00:00,2025-06-23 05:00:00,1750644000,0.0
2025-06-22 06:00:00,2025-06-23 06:00:00,1750647600,3.0
2025-06-22 07:00:00,2025-06-23 07:00:00,1750651200,93.0
2025-06-22 08:00:00,2025-06-23 08:00:00,1750654800,273.0
2025-06-22 09:00:00,2025-06-23 09:00:00,1750658400,472.0
2025-06-22 10:00:00,2025-06-23 10:00:00,1750662000,657.0
2025-06-22 11:00:00,2025-06-23 11:00:00,1750665600,811.0
2025-06-22 12:00:00,2025-06-23 12:00:00,1750669200,908.0
2025-06-22 13:00:00,2025-06-23 13:00:00,1750672800,920.0
2025-06-22 14:00:00,2025-06-23 14:00:00,1750676400,917.0
2025-06-22 15:00:00,2025-06-23 15:00:00,1750680000,869.0
2025-06-22 16:00:00,2025-06-23 16:00:00,1750683600,758.0
2025-06-22 17:00:00,2025-06-23 17:00:00,1750687200,596.0
2025-06-22 18:00:00,2025-06-23 18:00:00,1750690800,411.0
2025-06-22 19:00:00,2025-06-23 19:00:00,1750694400,221.0
2025-06-22 20:00:00,2025-06-23 20:00:00,1750698000,57.0
2025-06-22 21:00:00,2025-06-23 21:00:00,1750701600,0.0
2025-06-22 22:00:00,2025-06-23 22:00:00,1750705200,0.0
2025-06-22 23:00:00,2025-06-23 23:00:00,1750708800,0.0
2025-06-23 00:00:00,2025-06-24 00:00:00,1750712400,0.0
2025-06-23 01:00:00,2025-06-24 01:00:00,1750716000,0.0
2025-06-23 02:00:00,2025-06-24 02:00:00,1750719600,0.0
2025-06-23 03:00:00,2025-06-24 03:00:00,1750723200,0.0
2025-06-23 04:00:00,2025-06-24 04:00:00,1750726800,0.0
2025-06-23 05:00:00,2025-06-24 05:00:00,1750730400,0.0
2025-06-23 06:00:00,2025-06-24 06:00:00,1750734000,3.0
2025-06-23 07:00:00,2025-06-24 07:00:00,1750737600,96.0
2025-06-23 08:00:00,2025-06-24 08:00:00,1750741200,282.0
2025-06-23 09:00:00,2025-06-24 09:00:00,1750744800,487.0
2025-06-23 10:00:00,2025-06-24 10:00:00,1750748400,676.0
2025-06-23 11:00:00,2025-06-24 11:00:00,1750752000,829.0
2025-06-23 12:00:00,2025-06-24 12:00:00,1750755600,935.0
2025-06-23 13:00:00,2025-06-24 13:00:00,1750759200,984.0
2025-06-23 14:00:00,2025-06-24 14:00:00,1750762800,973.0
2025-06-23 15:00:00,2025-06-24 15:00:00,1750766400,889.0
2025-06-23 16:00:00,2025-06-24 16:00:00,1750770000,782.0
2025-06-23 17:00:00,2025-06-24 17:00:00,1750773600,620.0
2025-06-23 18:00:00,2025-06-24 18:00:00,1750777200,429.0
2025-06-23 19:00:00,2025-06-24 19:00:00,1750780800,229.0
2025-06-23 20:00:00,2025-06-24 20:00:00,1750784400,60.0
2025-06-23 21:00:00,2025-06-24 21:00:00,1750788000,0.0
2025-06-23 22:00:00,2025-06-24 22:00:00,1750791600,0.0
2025-06-23 23:00:00,2025-06-24 23:00:00,1750795200,0.0
2025-06-24 00:00:00,2025-06-25 00:00:00,1750798800,0.0
2025-06-24 01:00:00,2025-06-25 01:00:00,1750802400,0.0
2025-06-24 02:00:00,2025-06-25 02:00:00,1750806000,0.0
2025-06-24 03:00:00,2025-06-25 03:00:00,1750809600,0.0
2025-06-24 04:00:00,2025-06-25 04:00:00,1750813200,0.0
2025-06-24 05:00:00,2025-06-25 05:00:00,1750816800,0.0
2025-06-24 06:00:00,2025-06-25 06:00:00,1750820400,3.0
2025-06-24 07:00:00,2025-06-25 07:00:00,1750824000,96.0
2025-06-24 08:00:00,2025-06-25 08:00:00,1750827600,282.0
2025-06-24 09:00:00,2025-06-25 09:00:00,1750831200,486.0
2025-06-24 10:00:00,2025-06-25 10:00:00,1750834800,675.0
2025-06-24 11:00:00,2025-06-25 11:00:00,1750838400,831.0
2025-06-24 12:00:00,2025-06-25 12:00:00,1750842000,938.0
2025-06-24 13:00:00,2025-06-25 13:00:00,1750845600,987.0
2025-06-24 14:00:00,2025-06-25 14:00:00,1750849200,976.0
2025-06-24 15:00:00,2025-06-25 15:00:00,1750852800,906.0
2025-06-24 16:00:00,2025-06-25 16:00:00,1750856400,781.0
2025-06-24 17:00:00,2025-06-25 17:00:00,1750860000,616.0
2025-06-24 18:00:00,2025-06-25 18:00:00,1750863600,424.0
2025-06-24 19:00:00,2025-06-25 19:00:00,1750867200,225.0
2025-06-24 20:00:00,2025-06-25 20:00:00,1750870800,59.0
2025-06-24 21:00:00,2025-06-25 21:00:00,1750874400,0.0
2025-06-24 22:00:00,2025-06-25 22:00:00,1750878000,0.0
2025-06-24 23:00:00,2025-06-25 23:00:00,1750881600,0.0
2025-06-25 00:00:00,2025-06-26 00:00:00,1750885200,0.0
2025-06-25 01:00:00,2025-06-26 01:00:00,1750888800,0.0
2025-06-25 02:00:00,2025-06-26 02:00:00,1750892400,0.0
2025-06-25 03:00:00,2025-06-26 03:00:00,1750896000,0.0
2025-06-25 04:00:00,2025-06-26 04:00:00,1750899600,0.0
2025-06-25 05:00:00,2025-06-26 05:00:00,1750903200,0.0
2025-06-25 06:00:00,2025-06-26 06:00:00,1750906800,3.0
2025-06-25 07:00:00,2025-06-26 07:00:00,1750910400,95.0
2025-06-25 08:00:00,2025-06-26 08:00:00,1750914000,279.0
2025-06-25 09:00:00,2025-06-26 09:00:00,1750917600,481.0
2025-06-25 10:00:00,2025-06-26 10:00:00,1750921200,668.0
2025-06-25 11:00:00,2025-06-26 11:00:00,1750924800,821.0
2025-06-25 12:00:00,2025-06-26 12:00:00,1750928400,929.0
2025-06-25 13:00:00,2025-06-26 13:00:00,1750932000,980.0
2025-06-25 14:00:00,2025-06-26 14:00:00,1750935600,970.0
2025-06-25 15:00:00,2025-06-26 15:00:00,1750939200,901.0
2025-06-25 16:00:00,2025-06-26 16:00:00,1750942800,781.0
2025-06-25 17:00:00,2025-06-26 17:00:00,1750946400,615.0
2025-06-25 18:00:00,2025-06-26 18:00:00,1750950000,426.0
2025-06-25 19:00:00,2025-06-26 19:00:00,1750953600,229.0
2025-06-25 20:00:00,2025-06-26 20:00:00,1750957200,60.0
2025-06-25 21:00:00,2025-06-26 21:00:00,1750960800,0.0
2025-06-25 22:00:00,2025-06-26 22:00:00,1750964400,0.0
2025-06-25 23:00:00,2025-06-26 23:00:00,1750968000,0.0
2025-06-26 00:00:00,2025-06-27 00:00:00,1750971600,0.0
2025-06-26 01:00:00,2025-06-27 01:00:00,1750975200,0.0
2025-06-26 02:00:00,2025-06-27 02:00:00,1750978800,0.0
2025-06-26 03:00:00,2025-06-27 03:00:00,1750982400,0.0
2025-06-26 04:00:00,2025-06-27 04:00:00,1750986000,0.0
2025-06-26 05:00:00,2025-06-27 05:00:00,1750989600,0.0
2025-06-26 06:00:00,2025-06-27 06:00:00,1750993200,3.0
2025-06-26 07:00:00,2025-06-27 07:00:00,1750996800,93.0
2025-06-26 08:00:00,2025-06-27 08:00:00,1751000400,275.0
2025-06-26 09:00:00,2025-06-27 09:00:00,1751004000,475.0
2025-06-26 10:00:00,2025-06-27 10:00:00,1751007600,661.0
2025-06-26 11:00:00,2025-06-27 11:00:00,1751011200,814.0
2025-06-26 12:00:00,2025-06-27 12:00:00,1751014800,921.0
2025-06-26 13:00:00,2025-06-27 13:00:00,1751018400,969.0
2025-06-26 14:00:00,2025-06-27 14:00:00,1751022000,940.0
2025-06-26 15:00:00,2025-06-27 15:00:00,1751025600,862.0
2025-06-26 16:00:00,2025-06-27 16:00:00,1751029200,755.0
2025-06-26 17:00:00,2025-06-27 17:00:00,1751032800,599.0
2025-06-26 18:00:00,2025-06-27 18:00:00,1751036400,416.0
2025-06-26 19:00:00,2025-06-27 19:00:00,1751040000,224.0
2025-06-26 20:00:00,2025-06-27 20:00:00,1751043600,59.0
2025-06-26 21:00:00,2025-06-27 21:00:00,1751047200,0.0
2025-06-26 22:00:00,2025-06-27 22:00:00,1751050800,0.0
2025-06-26 23:00:00,2025-06-27 23:00:00,1751054400,0.0
2025-06-27 00:00:00,2025-06-28 00:00:00,1751058000,0.0
2025-06-27 01:00:00,2025-06-28 01:00:00,1751061600,0.0
2025-06-27 02:00:00,2025-06-28 02:00:00,1751065200,0.0
2025-06-27 03:00:00,2025-06-28 03:00:00,1751068800,0.0
2025-06-27 04:00:00,2025-06-28 04:00:00,1751072400,0.0
2025-06-27 05:00:00,2025-06-28 05:00:00,1751076000,0.0
2025-06-27 06:00:00,2025-06-28 06:00:00,1751079600,3.0
2025-06-27 07:00:00,2025-06-28 07:00:00,1751083200,91.0
2025-06-27 08:00:00,2025-06-28 08:00:00,1751086800,273.0
2025-06-27 09:00:00,2025-06-28 09:00:00,1751090400,473.0
2025-06-27 10:00:00,2025-06-28 10:00:00,1751094000,659.0
2025-06-27 11:00:00,2025-06-28 11:00:00,1751097600,813.0
2025-06-27 12:00:00,2025-06-28 12:00:00,1751101200,922.0
2025-06-27 13:00:00,2025-06-28 13:00:00,1751104800,974.0
2025-06-27 14:00:00,2025-06-28 14:00:00,1751108400,963.0
2025-06-27 15:00:00,2025-06-28 15:00:00,1751112000,896.0
2025-06-27 16:00:00,2025-06-28 16:00:00,1751115600,761.0
2025-06-27 17:00:00,2025-06-28 17:00:00,1751119200,606.0
2025-06-27 18:00:00,2025-06-28 18:00:00,1751122800,421.0
2025-06-27 19:00:00,2025-06-28 19:00:00,1751126400,226.0
2025-06-27 20:00:00,2025-06-28 20:00:00,1751130000,59.0
2025-06-27 21:00:00,2025-06-28 21:00:00,1751133600,0.0
2025-06-27 22:00:00,2025-06-28 22:00:00,1751137200,0.0
2025-06-27 23:00:00,2025-06-28 23:00:00,1751140800,0.0
2025-06-28 00:00:00,2025-06-29 00:00:00,1751144400,0.0
2025-06-28 01:00:00,2025-06-29 01:00:00,1751148000,0.0
2025-06-28 02:00:00,2025-06-29 02:00:00,1751151600,0.0
2025-06-28 03:00:00,2025-06-29 03:00:00,1751155200,0.0
2025-06-28 04:00:00,2025-06-29 04:00:00,1751158800,0.0
2025-06-28 05:00:00,2025-06-29 05:00:00,1751162400,0.0
2025-06-28 06:00:00,2025-06-29 06:00:00,1751166000,3.0
2025-06-28 07:00:00,2025-06-29 07:00:00,1751169600,91.0
2025-06-28 08:00:00,2025-06-29 08:00:00,1751173200,273.0
2025-06-28 09:00:00,2025-06-29 09:00:00,1751176800,473.0
2025-06-28 10:00:00,2025-06-29 10:00:00,1751180400,658.0
2025-06-28 11:00:00,2025-06-29 11:00:00,1751184000,809.0
2025-06-28 12:00:00,2025-06-29 12:00:00,1751187600,911.0
2025-06-28 13:00:00,2025-06-29 13:00:00,1751191200,957.0
2025-06-28 14:00:00,2025-06-29 14:00:00,1751194800,945.0
2025-06-28 15:00:00,2025-06-29 15:00:00,1751198400,884.0
2025-06-28 16:00:00,2025-06-29 16:00:00,1751202000,769.0
2025-06-28 17:00:00,2025-06-29 17:00:00,1751205600,606.0
2025-06-28 18:00:00,2025-06-29 18:00:00,1751209200,421.0
2025-06-28 19:00:00,2025-06-29 19:00:00,1751212800,226.0
2025-06-28 20:00:00,2025-06-29 20:00:00,1751216400,58.0
2025-06-28 21:00:00,2025-06-29 21:00:00,1751220000,0.0
2025-06-28 22:00:00,2025-06-29 22:00:00,1751223600,0.0
2025-06-28 23:00:00,2025-06-29 23:00:00,1751227200,0.0
2025-06-29 00:00:00,2025-06-30 00:00:00,1751230800,0.0
2025-06-29 01:00:00,2025-06-30 01:00:00,1751234400,0.0
2025-06-29 02:00:00,2025-06-30 02:00:00,1751238000,0.0
2025-06-29 03:00:00,2025-06-30 03:00:00,1751241600,0.0
2025-06-29 04:00:00,2025-06-30 04:00:00,1751245200,0.0
2025-06-29 05:00:00,2025-06-30 05:00:00,1751248800,0.0
2025-06-29 06:00:00,2025-06-30 06:00:00,1751252400,2.0
2025-06-29 07:00:00,2025-06-30 07:00:00,1751256000,87.0
2025-06-29 08:00:00,2025-06-30 08:00:00,1751259600,265.0
2025-06-29 09:00:00,2025-06-30 09:00:00,1751263200,462.0
2025-06-29 10:00:00,2025-06-30 10:00:00,1751266800,648.0
2025-06-29 11:00:00,2025-06-30 11:00:00,1751270400,799.0
2025-06-29 12:00:00,2025-06-30 12:00:00,1751274000,900.0
2025-06-29 13:00:00,2025-06-30 13:00:00,1751277600,901.0
2025-06-29 14:00:00,2025-06-30 14:00:00,1751281200,903.0
2025-06-29 15:00:00,2025-06-30 15:00:00,1751284800,853.0
2025-06-29 16:00:00,2025-06-30 16:00:00,1751288400,753.0
2025-06-29 17:00:00,2025-06-30 17:00:00,1751292000,597.0
2025-06-29 18:00:00,2025-06-30 18:00:00,1751295600,411.0
2025-06-29 19:00:00,2025-06-30 19:00:00,1751299200,221.0
2025-06-29 20:00:00,2025-06-30 20:00:00,1751302800,58.0
2025-06-29 21:00:00,2025-06-30 21:00:00,1751306400,0.0
2025-06-29 22:00:00,2025-06-30 22:00:00,1751310000,0.0
2025-06-29 23:00:00,2025-06-30 23:00:00,1751313600,0.0
2025-06-30 00:00:00,2025-07-01 00:00:00,1751317200,0.0
2025-06-30 01:00:00,2025-07-01 01:00:00,1751320800,0.0
2025-06-30 02:00:00,2025-07-01 02:00:00,1751324400,0.0
2025-06-30 03:00:00,2025-07-01 03:00:00,1751328000,0.0
2025-06-30 04:00:00,2025-07-01 04:00:00,1751331600,0.0
2025-06-30 05:00:00,2025-07-01 05:00:00,1751335200,0.0
2025-06-30 06:00:00,2025-07-01 06:00:00,1751338800,2.0
2025-06-30 07:00:00,2025-07-01 07:00:00,1751342400,86.0
2025-06-30 08:00:00,2025-07-01 08:00:00,1751346000,264.0
2025-06-30 09:00:00,2025-07-01 09:00:00,1751349600,462.0
2025-06-30 10:00:00,2025-07-01 10:00:00,1751353200,648.0
2025-06-30 11:00:00,2025-07-01 11:00:00,1751356800,802.0
2025-06-30 12:00:00,2025-07-01 12:00:00,1751360400,910.0
2025-06-30 13:00:00,2025-07-01 13:00:00,1751364000,939.0
2025-06-30 14:00:00,2025-07-01 14:00:00,1751367600,947.0
2025-06-30 15:00:00,2025-07-01 15:00:00,1751371200,887.0
2025-06-30 16:00:00,2025-07-01 16:00:00,1751374800,761.0
2025-06-30 17:00:00,2025-07-01 17:00:00,1751378400,611.0
2025-06-30 18:00:00,2025-07-01 18:00:00,1751382000,422.0
2025-06-30 19:00:00,2025-07-01 19:00:00,1751385600,224.0
2025-06-30 20:00:00,2025-07-01 20:00:00,1751389200,58.0
2025-06-30 21:00:00,2025-07-01 21:00:00,1751392800,0.0
2025-06-30 22:00:00,2025-07-01 22:00:00,1751396400,0.0
2025-06-30 23:00:00,2025-07-01 23:00:00,1751400000,0.0
2025-07-01 00:00:00,2025-07-02 00:00:00,1751403600,0.0
2025-07-01 01:00:00,2025-07-02 01:00:00,1751407200,0.0
2025-07-01 02:00:00,2025-07-02 02:00:00,1751410800,0.0
2025-07-01 03:00:00,2025-07-02 03:00:00,1751414400,0.0
2025-07-01 04:00:00,2025-07-02 04:00:00,1751418000,0.0
2025-07-01 05:00:00,2025-07-02 05:00:00,1751421600,0.0
2025-07-01 06:00:00,2025-07-02 06:00:00,1751425200,2.0
2025-07-01 07:00:00,2025-07-02 07:00:00,1751428800,85.0
2025-07-01 08:00:00,2025-07-02 08:00:00,1751432400,262.0
2025-07-01 09:00:00,2025-07-02 09:00:00,1751436000,460.0
2025-07-01 10:00:00,2025-07-02 10:00:00,1751439600,647.0
2025-07-01 11:00:00,2025-07-02 11:00:00,1751443200,801.0
2025-07-01 12:00:00,2025-07-02 12:00:00,1751446800,902.0
2025-07-01 13:00:00,2025-07-02 13:00:00,1751450400,923.0
2025-07-01 14:00:00,2025-07-02 14:00:00,1751454000,931.0
2025-07-01 15:00:00,2025-07-02 15:00:00,1751457600,877.0
2025-07-01 16:00:00,2025-07-02 16:00:00,1751461200,760.0
2025-07-01 17:00:00,2025-07-02 17:00:00,1751464800,600.0
2025-07-01 18:00:00,2025-07-02 18:00:00,1751468400,419.0
2025-07-01 19:00:00,2025-07-02 19:00:00,1751472000,223.0
2025-07-01 20:00:00,2025-07-02 20:00:00,1751475600,58.0
2025-07-01 21:00:00,2025-07-02 21:00:00,1751479200,0.0
2025-07-01 22:00:00,2025-07-02 22:00:00,1751482800,0.0
2025-07-01 23:00:00,2025-07-02 23:00:00,1751486400,0.0
2025-07-02 00:00:00,2025-07-03 00:00:00,1751490000,0.0
2025-07-02 01:00:00,2025-07-03 01:00:00,1751493600,0.0
2025-07-02 02:00:00,2025-07-03 02:00:00,1751497200,0.0
2025-07-02 03:00:00,2025-07-03 03:00:00,1751500800,0.0
2025-07-02 04:00:00,2025-07-03 04:00:00,1751504400,0.0
2025-07-02 05:00:00,2025-07-03 05:00:00,1751508000,0.0
2025-07-02 06:00:00,2025-07-03 06:00:00,1751511600,2.0
2025-07-02 07:00:00,2025-07-03 07:00:00,1751515200,85.0
2025-07-02 08:00:00,2025-07-03 08:00:00,1751518800,262.0
2025-07-02 09:00:00,2025-07-03 09:00:00,1751522400,462.0
2025-07-02 10:00:00,2025-07-03 10:00:00,1751526000,648.0
2025-07-02 11:00:00,2025-07-03 11:00:00,1751529600,800.0
2025-07-02 12:00:00,2025-07-03 12:00:00,1751533200,904.0
2025-07-02 13:00:00,2025-07-03 13:00:00,1751536800,931.0
2025-07-02 14:00:00,2025-07-03 14:00:00,1751540400,950.0
2025-07-02 15:00:00,2025-07-03 15:00:00,1751544000,883.0
2025-07-02 16:00:00,2025-07-03 16:00:00,1751547600,767.0
2025-07-02 17:00:00,2025-07-03 17:00:00,1751551200,616.0
2025-07-02 18:00:00,2025-07-03 18:00:00,1751554800,429.0
2025-07-02 19:00:00,2025-07-03 19:00:00,1751558400,230.0
2025-07-02 20:00:00,2025-07-03 20:00:00,1751562000,60.0
2025-07-02 21:00:00,2025-07-03 21:00:00,1751565600,0.0
2025-07-02 22:00:00,2025-07-03 22:00:00,1751569200,0.0
2025-07-02 23:00:00,2025-07-03 23:00:00,1751572800,0.0
2025-07-03 00:00:00,2025-07-04 00:00:00,1751576400,0.0
2025-07-03 01:00:00,2025-07-04 01:00:00,1751580000,0.0
2025-07-03 02:00:00,2025-07-04 02:00:00,1751583600,0.0
2025-07-03 03:00:00,2025-07-04 03:00:00,1751587200,0.0
2025-07-03 04:00:00,2025-07-04 04:00:00,1751590800,0.0
2025-07-03 05:00:00,2025-07-04 05:00:00,1751594400,0.0
2025-07-03 06:00:00,2025-07-04 06:00:00,1751598000,2.0
2025-07-03 07:00:00,2025-07-04 07:00:00,1751601600,86.0
2025-07-03 08:00:00,2025-07-04 08:00:00,1751605200,268.0
2025-07-03 09:00:00,2025-07-04 09:00:00,1751608800,471.0
2025-07-03 10:00:00,2025-07-04 10:00:00,1751612400,661.0
2025-07-03 11:00:00,2025-07-04 11:00:00,1751616000,817.0
2025-07-03 12:00:00,2025-07-04 12:00:00,1751619600,927.0
2025-07-03 13:00:00,2025-07-04 13:00:00,1751623200,982.0
2025-07-03 14:00:00,2025-07-04 14:00:00,1751626800,977.0
2025-07-03 15:00:00,2025-07-04 15:00:00,1751630400,914.0
2025-07-03 16:00:00,2025-07-04 16:00:00,1751634000,798.0
2025-07-03 17:00:00,2025-07-04 17:00:00,1751637600,630.0
2025-07-03 18:00:00,2025-07-04 18:00:00,1751641200,436.0
2025-07-03 19:00:00,2025-07-04 19:00:00,1751644800,232.0
2025-07-03 20:00:00,2025-07-04 20:00:00,1751648400,60.0
2025-07-03 21:00:00,2025-07-04 21:00:00,1751652000,0.0
2025-07-03 22:00:00,2025-07-04 22:00:00,1751655600,0.0
2025-07-03 23:00:00,2025-07-04 23:00:00,1751659200,0.0
2025-07-04 00:00:00,2025-07-05 00:00:00,1751662800,0.0
2025-07-04 01:00:00,2025-07-05 01:00:00,1751666400,0.0
2025-07-04 02:00:00,2025-07-05 02:00:00,1751670000,0.0
2025-07-04 03:00:00,2025-07-05 03:00:00,1751673600,0.0
2025-07-04 04:00:00,2025-07-05 04:00:00,1751677200,0.0
2025-07-04 05:00:00,2025-07-05 05:00:00,1751680800,0.0
2025-07-04 06:00:00,2025-07-05 06:00:00,1751684400,2.0
2025-07-04 07:00:00,2025-07-05 07:00:00,1751688000,85.0
2025-07-04 08:00:00,2025-07-05 08:00:00,1751691600,267.0
2025-07-04 09:00:00,2025-07-05 09:00:00,1751695200,472.0
2025-07-04 10:00:00,2025-07-05 10:00:00,1751698800,664.0
2025-07-04 11:00:00,2025-07-05 11:00:00,1751702400,822.0
2025-07-04 12:00:00,2025-07-05 12:00:00,1751706000,927.0
2025-07-04 13:00:00,2025-07-05 13:00:00,1751709600,977.0
2025-07-04 14:00:00,2025-07-05 14:00:00,1751713200,976.0
2025-07-04 15:00:00,2025-07-05 15:00:00,1751716800,908.0
2025-07-04 16:00:00,2025-07-05 16:00:00,1751720400,789.0
2025-07-04 17:00:00,2025-07-05 17:00:00,1751724000,628.0
2025-07-04 18:00:00,2025-07-05 18:00:00,1751727600,435.0
2025-07-04 19:00:00,2025-07-05 19:00:00,1751731200,233.0
2025-07-04 20:00:00,2025-07-05 20:00:00,1751734800,60.0
2025-07-04 21:00:00,2025-07-05 21:00:00,1751738400,0.0
2025-07-04 22:00:00,2025-07-05 22:00:00,1751742000,0.0
2025-07-04 23:00:00,2025-07-05 23:00:00,1751745600,0.0
2025-07-05 00:00:00,2025-07-06 00:00:00,1751749200,0.0
2025-07-05 01:00:00,2025-07-06 01:00:00,1751752800,0.0
2025-07-05 02:00:00,2025-07-06 02:00:00,1751756400,0.0
2025-07-05 03:00:00,2025-07-06 03:00:00,1751760000,0.0
2025-07-05 04:00:00,2025-07-06 04:00:00,1751763600,0.0
2025-07-05 05:00:00,2025-07-06 05:00:00,1751767200,0.0
2025-07-05 06:00:00,2025-07-06 06:00:00,1751770800,2.0
2025-07-05 07:00:00,2025-07-06 07:00:00,1751774400,84.0
2025-07-05 08:00:00,2025-07-06 08:00:00,1751778000,266.0
2025-07-05 09:00:00,2025-07-06 09:00:00,1751781600,468.0
2025-07-05 10:00:00,2025-07-06 10:00:00,1751785200,658.0
2025-07-05 11:00:00,2025-07-06 11:00:00,1751788800,816.0
2025-07-05 12:00:00,2025-07-06 12:00:00,1751792400,924.0
2025-07-05 13:00:00,2025-07-06 13:00:00,1751796000,976.0
2025-07-05 14:00:00,2025-07-06 14:00:00,1751799600,971.0
2025-07-05 15:00:00,2025-07-06 15:00:00,1751803200,909.0
2025-07-05 16:00:00,2025-07-06 16:00:00,1751806800,790.0
2025-07-05 17:00:00,2025-07-06 17:00:00,1751810400,627.0
2025-07-05 18:00:00,2025-07-06 18:00:00,1751814000,435.0
2025-07-05 19:00:00,2025-07-06 19:00:00,1751817600,233.0
2025-07-05 20:00:00,2025-07-06 20:00:00,1751821200,60.0
2025-07-05 21:00:00,2025-07-06 21:00:00,1751824800,0.0
2025-07-05 22:00:00,2025-07-06 22:00:00,1751828400,0.0
2025-07-05 23:00:00,2025-07-06 23:00:00,1751832000,0.0
2025-07-06 00:00:00,2025-07-07 00:00:00,1751835600,0.0
2025-07-06 01:00:00,2025-07-07 01:00:00,1751839200,0.0
2025-07-06 02:00:00,2025-07-07 02:00:00,1751842800,0.0
2025-07-06 03:00:00,2025-07-07 03:00:00,1751846400,0.0
2025-07-06 04:00:00,2025-07-07 04:00:00,1751850000,0.0
2025-07-06 05:00:00,2025-07-07 05:00:00,1751853600,0.0
2025-07-06 06:00:00,2025-07-07 06:00:00,1751857200,1.0
2025-07-06 07:00:00,2025-07-07 07:00:00,1751860800,83.0
2025-07-06 08:00:00,2025-07-07 08:00:00,1751864400,263.0
2025-07-06 09:00:00,2025-07-07 09:00:00,1751868000,465.0
2025-07-06 10:00:00,2025-07-07 10:00:00,1751871600,653.0
2025-07-06 11:00:00,2025-07-07 11:00:00,1751875200,809.0
2025-07-06 12:00:00,2025-07-07 12:00:00,1751878800,918.0
2025-07-06 13:00:00,2025-07-07 13:00:00,1751882400,972.0
2025-07-06 14:00:00,2025-07-07 14:00:00,1751886000,966.0
2025-07-06 15:00:00,2025-07-07 15:00:00,1751889600,904.0
2025-07-06 16:00:00,2025-07-07 16:00:00,1751893200,788.0
2025-07-06 17:00:00,2025-07-07 17:00:00,1751896800,625.0
2025-07-06 18:00:00,2025-07-07 18:00:00,1751900400,431.0
2025-07-06 19:00:00,2025-07-07 19:00:00,1751904000,230.0
2025-07-06 20:00:00,2025-07-07 20:00:00,1751907600,59.0
2025-07-06 21:00:00,2025-07-07 21:00:00,1751911200,0.0
2025-07-06 22:00:00,2025-07-07 22:00:00,1751914800,0.0
2025-07-06 23:00:00,2025-07-07 23:00:00,1751918400,0.0
2025-07-07 00:00:00,2025-07-08 00:00:00,1751922000,0.0
2025-07-07 01:00:00,2025-07-08 01:00:00,1751925600,0.0
2025-07-07 02:00:00,2025-07-08 02:00:00,1751929200,0.0
2025-07-07 03:00:00,2025-07-08 03:00:00,1751932800,0.0
2025-07-07 04:00:00,2025-07-08 04:00:00,1751936400,0.0
2025-07-07 05:00:00,2025-07-08 05:00:00,1751940000,0.0
2025-07-07 06:00:00,2025-07-08 06:00:00,1751943600,1.0
2025-07-07 07:00:00,2025-07-08 07:00:00,1751947200,82.0
2025-07-07 08:00:00,2025-07-08 08:00:00,1751950800,264.0
2025-07-07 09:00:00,2025-07-08 09:00:00,1751954400,469.0
2025-07-07 10:00:00,2025-07-08 10:00:00,1751958000,662.0
2025-07-07 11:00:00,2025-07-08 11:00:00,1751961600,821.0
2025-07-07 12:00:00,2025-07-08 12:00:00,1751965200,934.0
2025-07-07 13:00:00,2025-07-08 13:00:00,1751968800,990.0
2025-07-07 14:00:00,2025-07-08 14:00:00,1751972400,986.0
2025-07-07 15:00:00,2025-07-08 15:00:00,1751976000,920.0
2025-07-07 16:00:00,2025-07-08 16:00:00,1751979600,797.0
2025-07-07 17:00:00,2025-07-08 17:00:00,1751983200,631.0
2025-07-07 18:00:00,2025-07-08 18:00:00,1751986800,433.0
2025-07-07 19:00:00,2025-07-08 19:00:00,1751990400,228.0
2025-07-07 20:00:00,2025-07-08 20:00:00,1751994000,56.0
2025-07-07 21:00:00,2025-07-08 21:00:00,1751997600,0.0
2025-07-07 22:00:00,2025-07-08 22:00:00,1752001200,0.0
2025-07-07 23:00:00,2025-07-08 23:00:00,1752004800,0.0
2025-07-08 00:00:00,2025-07-09 00:00:00,1752008400,0.0
2025-07-08 01:00:00,2025-07-09 01:00:00,1752012000,0.0
2025-07-08 02:00:00,2025-07-09 02:00:00,1752015600,0.0
2025-07-08 03:00:00,2025-07-09 03:00:00,1752019200,0.0
2025-07-08 04:00:00,2025-07-09 04:00:00,1752022800,0.0
2025-07-08 05:00:00,2025-07-09 05:00:00,1752026400,0.0
2025-07-08 06:00:00,2025-07-09 06:00:00,1752030000,1.0
2025-07-08 07:00:00,2025-07-09 07:00:00,1752033600,78.0
2025-07-08 08:00:00,2025-07-09 08:00:00,1752037200,254.0
2025-07-08 09:00:00,2025-07-09 09:00:00,1752040800,452.0
2025-07-08 10:00:00,2025-07-09 10:00:00,1752044400,640.0
2025-07-08 11:00:00,2025-07-09 11:00:00,1752048000,800.0
2025-07-08 12:00:00,2025-07-09 12:00:00,1752051600,910.0
2025-07-08 13:00:00,2025-07-09 13:00:00,1752055200,964.0
2025-07-08 14:00:00,2025-07-09 14:00:00,1752058800,943.0
2025-07-08 15:00:00,2025-07-09 15:00:00,1752062400,867.0
2025-07-08 16:00:00,2025-07-09 16:00:00,1752066000,768.0
2025-07-08 17:00:00,2025-07-09 17:00:00,1752069600,605.0
2025-07-08 18:00:00,2025-07-09 18:00:00,1752073200,423.0
2025-07-08 19:00:00,2025-07-09 19:00:00,1752076800,224.0
2025-07-08 20:00:00,2025-07-09 20:00:00,1752080400,57.0
2025-07-08 21:00:00,2025-07-09 21:00:00,1752084000,0.0
2025-07-08 22:00:00,2025-07-09 22:00:00,1752087600,0.0
2025-07-08 23:00:00,2025-07-09 23:00:00,1752091200,0.0
2025-07-09 00:00:00,2025-07-10 00:00:00,1752094800,0.0
2025-07-09 01:00:00,2025-07-10 01:00:00,1752098400,0.0
2025-07-09 02:00:00,2025-07-10 02:00:00,1752102000,0.0
2025-07-09 03:00:00,2025-07-10 03:00:00,1752105600,0.0
2025-07-09 04:00:00,2025-07-10 04:00:00,1752109200,0.0
2025-07-09 05:00:00,2025-07-10 05:00:00,1752112800,0.0
2025-07-09 06:00:00,2025-07-10 06:00:00,1752116400,1.0
2025-07-09 07:00:00,2025-07-10 07:00:00,1752120000,79.0
2025-07-09 08:00:00,2025-07-10 08:00:00,1752123600,256.0
2025-07-09 09:00:00,2025-07-10 09:00:00,1752127200,457.0
2025-07-09 10:00:00,2025-07-10 10:00:00,1752130800,647.0
2025-07-09 11:00:00,2025-07-10 11:00:00,1752134400,805.0
2025-07-09 12:00:00,2025-07-10 12:00:00,1752138000,916.0
2025-07-09 13:00:00,2025-07-10 13:00:00,1752141600,972.0
2025-07-09 14:00:00,2025-07-10 14:00:00,1752145200,969.0
2025-07-09 15:00:00,2025-07-10 15:00:00,1752148800,906.0
2025-07-09 16:00:00,2025-07-10 16:00:00,1752152400,786.0
2025-07-09 17:00:00,2025-07-10 17:00:00,1752156000,624.0
2025-07-09 18:00:00,2025-07-10 18:00:00,1752159600,431.0
2025-07-09 19:00:00,2025-07-10 19:00:00,1752163200,228.0
2025-07-09 20:00:00,2025-07-10 20:00:00,1752166800,57.0
2025-07-09 21:00:00,2025-07-10 21:00:00,1752170400,0.0
2025-07-09 22:00:00,2025-07-10 22:00:00,1752174000,0.0
2025-07-09 23:00:00,2025-07-10 23:00:00,1752177600,0.0
2025-07-10 00:00:00,2025-07-11 00:00:00,1752181200,0.0
2025-07-10 01:00:00,2025-07-11 01:00:00,1752184800,0.0
2025-07-10 02:00:00,2025-07-11 02:00:00,1752188400,0.0
2025-07-10 03:00:00,2025-07-11 03:00:00,1752192000,0.0
2025-07-10 04:00:00,2025-07-11 04:00:00,1752195600,0.0
2025-07-10 05:00:00,2025-07-11 05:00:00,1752199200,0.0
2025-07-10 06:00:00,2025-07-11 06:00:00,1752202800,1.0
2025-07-10 07:00:00,2025-07-11 07:00:00,1752206400,78.0
2025-07-10 08:00:00,2025-07-11 08:00:00,1752210000,258.0
2025-07-10 09:00:00,2025-07-11 09:00:00,1752213600,460.0
2025-07-10 10:00:00,2025-07-11 10:00:00,1752217200,650.0
2025-07-10 11:00:00,2025-07-11 11:00:00,1752220800,807.0
2025-07-10 12:00:00,2025-07-11 12:00:00,1752224400,918.0
2025-07-10 13:00:00,2025-07-11 13:00:00,1752228000,974.0
2025-07-10 14:00:00,2025-07-11 14:00:00,1752231600,969.0
2025-07-10 15:00:00,2025-07-11 15:00:00,1752235200,904.0
2025-07-10 16:00:00,2025-07-11 16:00:00,1752238800,783.0
2025-07-10 17:00:00,2025-07-11 17:00:00,1752242400,621.0
2025-07-10 18:00:00,2025-07-11 18:00:00,1752246000,429.0
2025-07-10 19:00:00,2025-07-11 19:00:00,1752249600,227.0
2025-07-10 20:00:00,2025-07-11 20:00:00,1752253200,57.0
2025-07-10 21:00:00,2025-07-11 21:00:00,1752256800,0.0
2025-07-10 22:00:00,2025-07-11 22:00:00,1752260400,0.0
2025-07-10 23:00:00,2025-07-11 23:00:00,1752264000,0.0
2025-07-11 00:00:00,2025-07-12 00:00:00,1752267600,0.0
2025-07-11 01:00:00,2025-07-12 01:00:00,1752271200,0.0
2025-07-11 02:00:00,2025-07-12 02:00:00,1752274800,0.0
2025-07-11 03:00:00,2025-07-12 03:00:00,1752278400,0.0
2025-07-11 04:00:00,2025-07-12 04:00:00,1752282000,0.0
2025-07-11 05:00:00,2025-07-12 05:00:00,1752285600,0.0
2025-07-11 06:00:00,2025-07-12 06:00:00,1752289200,1.0
2025-07-11 07:00:00,2025-07-12 07:00:00,1752292800,77.0
2025-07-11 08:00:00,2025-07-12 08:00:00,1752296400,256.0
2025-07-11 09:00:00,2025-07-12 09:00:00,1752300000,461.0
2025-07-11 10:00:00,2025-07-12 10:00:00,1752303600,654.0
2025-07-11 11:00:00,2025-07-12 11:00:00,1752307200,812.0
2025-07-11 12:00:00,2025-07-12 12:00:00,1752310800,923.0
2025-07-11 13:00:00,2025-07-12 13:00:00,1752314400,975.0
2025-07-11 14:00:00,2025-07-12 14:00:00,1752318000,972.0
2025-07-11 15:00:00,2025-07-12 15:00:00,1752321600,910.0
2025-07-11 16:00:00,2025-07-12 16:00:00,1752325200,793.0
2025-07-11 17:00:00,2025-07-12 17:00:00,1752328800,630.0
2025-07-11 18:00:00,2025-07-12 18:00:00,1752332400,435.0
2025-07-11 19:00:00,2025-07-12 19:00:00,1752336000,230.0
2025-07-11 20:00:00,2025-07-12 20:00:00,1752339600,58.0
2025-07-11 21:00:00,2025-07-12 21:00:00,1752343200,0.0
2025-07-11 22:00:00,2025-07-12 22:00:00,1752346800,0.0
2025-07-11 23:00:00,2025-07-12 23:00:00,1752350400,0.0
2025-07-12 00:00:00,2025-07-13 00:00:00,1752354000,0.0
2025-07-12 01:00:00,2025-07-13 01:00:00,1752357600,0.0
2025-07-12 02:00:00,2025-07-13 02:00:00,1752361200,0.0
2025-07-12 03:00:00,2025-07-13 03:00:00,1752364800,0.0
2025-07-12 04:00:00,2025-07-13 04:00:00,1752368400,0.0
2025-07-12 05:00:00,2025-07-13 05:00:00,1752372000,0.0
2025-07-12 06:00:00,2025-07-13 06:00:00,1752375600,1.0
2025-07-12 07:00:00,2025-07-13 07:00:00,1752379200,76.0
2025-07-12 08:00:00,2025-07-13 08:00:00,1752382800,259.0
2025-07-12 09:00:00,2025-07-13 09:00:00,1752386400,466.0
2025-07-12 10:00:00,2025-07-13 10:00:00,1752390000,660.0
2025-07-12 11:00:00,2025-07-13 11:00:00,1752393600,821.0
2025-07-12 12:00:00,2025-07-13 12:00:00,1752397200,934.0
2025-07-12 13:00:00,2025-07-13 13:00:00,1752400800,989.0
2025-07-12 14:00:00,2025-07-13 14:00:00,1752404400,980.0
2025-07-12 15:00:00,2025-07-13 15:00:00,1752408000,912.0
2025-07-12 16:00:00,2025-07-13 16:00:00,1752411600,790.0
2025-07-12 17:00:00,2025-07-13 17:00:00,1752415200,624.0
2025-07-12 18:00:00,2025-07-13 18:00:00,1752418800,431.0
2025-07-12 19:00:00,2025-07-13 19:00:00,1752422400,228.0
2025-07-12 20:00:00,2025-07-13 20:00:00,1752426000,56.0
2025-07-12 21:00:00,2025-07-13 21:00:00,1752429600,0.0
2025-07-12 22:00:00,2025-07-13 22:00:00,1752433200,0.0
2025-07-12 23:00:00,2025-07-13 23:00:00,1752436800,0.0
2025-07-13 00:00:00,2025-07-14 00:00:00,1752440400,0.0
2025-07-13 01:00:00,2025-07-14 01:00:00,1752444000,0.0
2025-07-13 02:00:00,2025-07-14 02:00:00,1752447600,0.0
2025-07-13 03:00:00,2025-07-14 03:00:00,1752451200,0.0
2025-07-13 04:00:00,2025-07-14 04:00:00,1752454800,0.0
2025-07-13 05:00:00,2025-07-14 05:00:00,1752458400,0.0
2025-07-13 06:00:00,2025-07-14 06:00:00,1752462000,1.0
2025-07-13 07:00:00,2025-07-14 07:00:00,1752465600,73.0
2025-07-13 08:00:00,2025-07-14 08:00:00,1752469200,253.0
2025-07-13 09:00:00,2025-07-14 09:00:00,1752472800,455.0
2025-07-13 10:00:00,2025-07-14 10:00:00,1752476400,639.0
2025-07-13 11:00:00,2025-07-14 11:00:00,1752480000,795.0
2025-07-13 12:00:00,2025-07-14 12:00:00,1752483600,908.0
2025-07-13 13:00:00,2025-07-14 13:00:00,1752487200,962.0
2025-07-13 14:00:00,2025-07-14 14:00:00,1752490800,956.0
2025-07-13 15:00:00,2025-07-14 15:00:00,1752494400,893.0
2025-07-13 16:00:00,2025-07-14 16:00:00,1752498000,772.0
2025-07-13 17:00:00,2025-07-14 17:00:00,1752501600,609.0
2025-07-13 18:00:00,2025-07-14 18:00:00,1752505200,405.0
2025-07-13 19:00:00,2025-07-14 19:00:00,1752508800,209.0
2025-07-13 20:00:00,2025-07-14 20:00:00,1752512400,50.0
2025-07-13 21:00:00,2025-07-14 21:00:00,1752516000,0.0
2025-07-13 22:00:00,2025-07-14 22:00:00,1752519600,0.0
2025-07-13 23:00:00,2025-07-14 23:00:00,1752523200,0.0
2025-07-14 00:00:00,2025-07-15 00:00:00,1752526800,0.0
2025-07-14 01:00:00,2025-07-15 01:00:00,1752530400,0.0
2025-07-14 02:00:00,2025-07-15 02:00:00,1752534000,0.0
2025-07-14 03:00:00,2025-07-15 03:00:00,1752537600,0.0
2025-07-14 04:00:00,2025-07-15 04:00:00,1752541200,0.0
2025-07-14 05:00:00,2025-07-15 05:00:00,1752544800,0.0
2025-07-14 06:00:00,2025-07-15 06:00:00,1752548400,0.0
2025-07-14 07:00:00,2025-07-15 07:00:00,1752552000,61.0
2025-07-14 08:00:00,2025-07-15 08:00:00,1752555600,214.0
2025-07-14 09:00:00,2025-07-15 09:00:00,1752559200,409.0
2025-07-14 10:00:00,2025-07-15 10:00:00,1752562800,593.0
2025-07-14 11:00:00,2025-07-15 11:00:00,1752566400,748.0
2025-07-14 12:00:00,2025-07-15 12:00:00,1752570000,872.0
2025-07-14 13:00:00,2025-07-15 13:00:00,1752573600,931.0
2025-07-14 14:00:00,2025-07-15 14:00:00,1752577200,931.0
2025-07-14 15:00:00,2025-07-15 15:00:00,1752580800,865.0
2025-07-14 16:00:00,2025-07-15 16:00:00,1752584400,709.0
2025-07-14 17:00:00,2025-07-15 17:00:00,1752588000,522.0
2025-07-14 18:00:00,2025-07-15 18:00:00,1752591600,361.0
2025-07-14 19:00:00,2025-07-15 19:00:00,1752595200,195.0
2025-07-14 20:00:00,2025-07-15 20:00:00,1752598800,47.0
2025-07-14 21:00:00,2025-07-15 21:00:00,1752602400,0.0
2025-07-14 22:00:00,2025-07-15 22:00:00,1752606000,0.0
2025-07-14 23:00:00,2025-07-15 23:00:00,1752609600,0.0
2025-07-15 00:00:00,2025-07-16 00:00:00,1752613200,0.0
2025-07-15 01:00:00,2025-07-16 01:00:00,1752616800,0.0
2025-07-15 02:00:00,2025-07-16 02:00:00,1752620400,0.0
2025-07-15 03:00:00,2025-07-16 03:00:00,1752624000,0.0
2025-07-15 04:00:00,2025-07-16 04:00:00,1752627600,0.0
2025-07-15 05:00:00,2025-07-16 05:00:00,1752631200,0.0
2025-07-15 06:00:00,2025-07-16 06:00:00,1752634800,0.0
2025-07-15 07:00:00,2025-07-16 07:00:00,1752638400,55.0
2025-07-15 08:00:00,2025-07-16 08:00:00,1752642000,170.0
2025-07-15 09:00:00,2025-07-16 09:00:00,1752645600,348.0
2025-07-15 10:00:00,2025-07-16 10:00:00,1752649200,534.0
2025-07-15 11:00:00,2025-07-16 11:00:00,1752652800,739.0
2025-07-15 12:00:00,2025-07-16 12:00:00,1752656400,860.0
2025-07-15 13:00:00,2025-07-16 13:00:00,1752660000,927.0
2025-07-15 14:00:00,2025-07-16 14:00:00,1752663600,900.0
2025-07-15 15:00:00,2025-07-16 15:00:00,1752667200,856.0
2025-07-15 16:00:00,2025-07-16 16:00:00,1752670800,507.0
2025-07-15 17:00:00,2025-07-16 17:00:00,1752674400,418.0
2025-07-15 18:00:00,2025-07-16 18:00:00,1752678000,349.0
2025-07-15 19:00:00,2025-07-16 19:00:00,1752681600,179.0
2025-07-15 20:00:00,2025-07-16 20:00:00,1752685200,47.0
2025-07-15 21:00:00,2025-07-16 21:00:00,1752688800,0.0
2025-07-15 22:00:00,2025-07-16 22:00:00,1752692400,0.0
2025-07-15 23:00:00,2025-07-16 23:00:00,1752696000,0.0
2025-07-16 00:00:00,2025-07-17 00:00:00,1752699600,0.0
2025-07-16 01:00:00,2025-07-17 01:00:00,1752703200,0.0
2025-07-16 02:00:00,2025-07-17 02:00:00,1752706800,0.0
2025-07-16 03:00:00,2025-07-17 03:00:00,1752710400,0.0
2025-07-16 04:00:00,2025-07-17 04:00:00,1752714000,0.0
2025-07-16 05:00:00,2025-07-17 05:00:00,1752717600,0.0
2025-07-16 06:00:00,2025-07-17 06:00:00,1752721200,0.0
2025-07-16 07:00:00,2025-07-17 07:00:00,1752724800,64.0
2025-07-16 08:00:00,2025-07-17 08:00:00,1752728400,231.0
2025-07-16 09:00:00,2025-07-17 09:00:00,1752732000,425.0
2025-07-16 10:00:00,2025-07-17 10:00:00,1752735600,596.0
2025-07-16 11:00:00,2025-07-17 11:00:00,1752739200,708.0
2025-07-16 12:00:00,2025-07-17 12:00:00,1752742800,819.0
2025-07-16 13:00:00,2025-07-17 13:00:00,1752746400,920.0
2025-07-16 14:00:00,2025-07-17 14:00:00,1752750000,925.0
2025-07-16 15:00:00,2025-07-17 15:00:00,1752753600,872.0
2025-07-16 16:00:00,2025-07-17 16:00:00,1752757200,758.0
2025-07-16 17:00:00,2025-07-17 17:00:00,1752760800,601.0
2025-07-16 18:00:00,2025-07-17 18:00:00,1752764400,414.0
2025-07-16 19:00:00,2025-07-17 19:00:00,1752768000,216.0
2025-07-16 20:00:00,2025-07-17 20:00:00,1752771600,50.0
2025-07-16 21:00:00,2025-07-17 21:00:00,1752775200,0.0
2025-07-16 22:00:00,2025-07-17 22:00:00,1752778800,0.0
2025-07-16 23:00:00,2025-07-17 23:00:00,1752782400,0.0
2025-07-17 00:00:00,2025-07-18 00:00:00,1752786000,0.0
2025-07-17 01:00:00,2025-07-18 01:00:00,1752789600,0.0
2025-07-17 02:00:00,2025-07-18 02:00:00,1752793200,0.0
2025-07-17 03:00:00,2025-07-18 03:00:00,1752796800,0.0
2025-07-17 04:00:00,2025-07-18 04:00:00,1752800400,0.0
2025-07-17 05:00:00,2025-07-18 05:00:00,1752804000,0.0
2025-07-17 06:00:00,2025-07-18 06:00:00,1752807600,0.0
2025-07-17 07:00:00,2025-07-18 07:00:00,1752811200,65.0
2025-07-17 08:00:00,2025-07-18 08:00:00,1752814800,229.0
2025-07-17 09:00:00,2025-07-18 09:00:00,1752818400,427.0
2025-07-17 10:00:00,2025-07-18 10:00:00,1752822000,591.0
2025-07-17 11:00:00,2025-07-18 11:00:00,1752825600,764.0
2025-07-17 12:00:00,2025-07-18 12:00:00,1752829200,895.0
2025-07-17 13:00:00,2025-07-18 13:00:00,1752832800,963.0
2025-07-17 14:00:00,2025-07-18 14:00:00,1752836400,961.0
2025-07-17 15:00:00,2025-07-18 15:00:00,1752840000,887.0
2025-07-17 16:00:00,2025-07-18 16:00:00,1752843600,712.0
2025-07-17 17:00:00,2025-07-18 17:00:00,1752847200,528.0
2025-07-17 18:00:00,2025-07-18 18:00:00,1752850800,370.0
2025-07-17 19:00:00,2025-07-18 19:00:00,1752854400,198.0
2025-07-17 20:00:00,2025-07-18 20:00:00,1752858000,48.0
2025-07-17 21:00:00,2025-07-18 21:00:00,1752861600,0.0
2025-07-17 22:00:00,2025-07-18 22:00:00,1752865200,0.0
2025-07-17 23:00:00,2025-07-18 23:00:00,1752868800,0.0
2025-07-18 00:00:00,2025-07-19 00:00:00,1752872400,0.0
2025-07-18 01:00:00,2025-07-19 01:00:00,1752876000,0.0
2025-07-18 02:00:00,2025-07-19 02:00:00,1752879600,0.0
2025-07-18 03:00:00,2025-07-19 03:00:00,1752883200,0.0
2025-07-18 04:00:00,2025-07-19 04:00:00,1752886800,0.0
2025-07-18 05:00:00,2025-07-19 05:00:00,1752890400,0.0
2025-07-18 06:00:00,2025-07-19 06:00:00,1752894000,0.0
2025-07-18 07:00:00,2025-07-19 07:00:00,1752897600,55.0
2025-07-18 08:00:00,2025-07-19 08:00:00,1752901200,216.0
2025-07-18 09:00:00,2025-07-19 09:00:00,1752904800,422.0
2025-07-18 10:00:00,2025-07-19 10:00:00,1752908400,611.0
2025-07-18 11:00:00,2025-07-19 11:00:00,1752912000,783.0
2025-07-18 12:00:00,2025-07-19 12:00:00,1752915600,893.0
2025-07-18 13:00:00,2025-07-19 13:00:00,1752919200,929.0
2025-07-18 14:00:00,2025-07-19 14:00:00,1752922800,927.0
2025-07-18 15:00:00,2025-07-19 15:00:00,1752926400,857.0
2025-07-18 16:00:00,2025-07-19 16:00:00,1752930000,753.0
2025-07-18 17:00:00,2025-07-19 17:00:00,1752933600,569.0
2025-07-18 18:00:00,2025-07-19 18:00:00,1752937200,363.0
2025-07-18 19:00:00,2025-07-19 19:00:00,1752940800,198.0
2025-07-18 20:00:00,2025-07-19 20:00:00,1752944400,46.0
2025-07-18 21:00:00,2025-07-19 21:00:00,1752948000,0.0
2025-07-18 22:00:00,2025-07-19 22:00:00,1752951600,0.0
2025-07-18 23:00:00,2025-07-19 23:00:00,1752955200,0.0
2025-07-19 00:00:00,2025-07-20 00:00:00,1752958800,0.0
2025-07-19 01:00:00,2025-07-20 01:00:00,1752962400,0.0
2025-07-19 02:00:00,2025-07-20 02:00:00,1752966000,0.0
2025-07-19 03:00:00,2025-07-20 03:00:00,1752969600,0.0
2025-07-19 04:00:00,2025-07-20 04:00:00,1752973200,0.0
2025-07-19 05:00:00,2025-07-20 05:00:00,1752976800,0.0
2025-07-19 06:00:00,2025-07-20 06:00:00,1752980400,0.0
2025-07-19 07:00:00,2025-07-20 07:00:00,1752984000,60.0
2025-07-19 08:00:00,2025-07-20 08:00:00,1752987600,228.0
2025-07-19 09:00:00,2025-07-20 09:00:00,1752991200,425.0
2025-07-19 10:00:00,2025-07-20 10:00:00,1752994800,612.0
2025-07-19 11:00:00,2025-07-20 11:00:00,1752998400,769.0
2025-07-19 12:00:00,2025-07-20 12:00:00,1753002000,877.0
2025-07-19 13:00:00,2025-07-20 13:00:00,1753005600,931.0
2025-07-19 14:00:00,2025-07-20 14:00:00,1753009200,927.0
2025-07-19 15:00:00,2025-07-20 15:00:00,1753012800,873.0
2025-07-19 16:00:00,2025-07-20 16:00:00,1753016400,745.0
2025-07-19 17:00:00,2025-07-20 17:00:00,1753020000,589.0
2025-07-19 18:00:00,2025-07-20 18:00:00,1753023600,401.0
2025-07-19 19:00:00,2025-07-20 19:00:00,1753027200,201.0
2025-07-19 20:00:00,2025-07-20 20:00:00,1753030800,46.0
2025-07-19 21:00:00,2025-07-20 21:00:00,1753034400,0.0
2025-07-19 22:00:00,2025-07-20 22:00:00,1753038000,0.0
2025-07-19 23:00:00,2025-07-20 23:00:00,1753041600,0.0
2025-07-20 00:00:00,2025-07-21 00:00:00,1753045200,0.0
2025-07-20 01:00:00,2025-07-21 01:00:00,1753048800,0.0
2025-07-20 02:00:00,2025-07-21 02:00:00,1753052400,0.0
2025-07-20 03:00:00,2025-07-21 03:00:00,1753056000,0.0
2025-07-20 04:00:00,2025-07-21 04:00:00,1753059600,0.0
2025-07-20 05:00:00,2025-07-21 05:00:00,1753063200,0.0
2025-07-20 06:00:00,2025-07-21 06:00:00,1753066800,0.0
2025-07-20 07:00:00,2025-07-21 07:00:00,1753070400,61.0
2025-07-20 08:00:00,2025-07-21 08:00:00,1753074000,230.0
2025-07-20 09:00:00,2025-07-21 09:00:00,1753077600,427.0
2025-07-20 10:00:00,2025-07-21 10:00:00,1753081200,615.0
2025-07-20 11:00:00,2025-07-21 11:00:00,1753084800,773.0
2025-07-20 12:00:00,2025-07-21 12:00:00,1753088400,876.0
2025-07-20 13:00:00,2025-07-21 13:00:00,1753092000,931.0
2025-07-20 14:00:00,2025-07-21 14:00:00,1753095600,928.0
2025-07-20 15:00:00,2025-07-21 15:00:00,1753099200,867.0
2025-07-20 16:00:00,2025-07-21 16:00:00,1753102800,752.0
2025-07-20 17:00:00,2025-07-21 17:00:00,1753106400,593.0
2025-07-20 18:00:00,2025-07-21 18:00:00,1753110000,404.0
2025-07-20 19:00:00,2025-07-21 19:00:00,1753113600,208.0
2025-07-20 20:00:00,2025-07-21 20:00:00,1753117200,46.0
2025-07-20 21:00:00,2025-07-21 21:00:00,1753120800,0.0
2025-07-20 22:00:00,2025-07-21 22:00:00,1753124400,0.0
2025-07-20 23:00:00,2025-07-21 23:00:00,1753128000,0.0
2025-07-21 00:00:00,2025-07-22 00:00:00,1753131600,0.0
2025-07-21 01:00:00,2025-07-22 01:00:00,1753135200,0.0
2025-07-21 02:00:00,2025-07-22 02:00:00,1753138800,0.0
2025-07-21 03:00:00,2025-07-22 03:00:00,1753142400,0.0
2025-07-21 04:00:00,2025-07-22 04:00:00,1753146000,0.0
2025-07-21 05:00:00,2025-07-22 05:00:00,1753149600,0.0
2025-07-21 06:00:00,2025-07-22 06:00:00,1753153200,0.0
2025-07-21 07:00:00,2025-07-22 07:00:00,1753156800,61.0
2025-07-21 08:00:00,2025-07-22 08:00:00,1753160400,232.0
2025-07-21 09:00:00,2025-07-22 09:00:00,1753164000,431.0
2025-07-21 10:00:00,2025-07-22 10:00:00,1753167600,620.0
2025-07-21 11:00:00,2025-07-22 11:00:00,1753171200,777.0
2025-07-21 12:00:00,2025-07-22 12:00:00,1753174800,887.0
2025-07-21 13:00:00,2025-07-22 13:00:00,1753178400,936.0
2025-07-21 14:00:00,2025-07-22 14:00:00,1753182000,934.0
2025-07-21 15:00:00,2025-07-22 15:00:00,1753185600,848.0
2025-07-21 16:00:00,2025-07-22 16:00:00,1753189200,729.0
2025-07-21 17:00:00,2025-07-22 17:00:00,1753192800,589.0
2025-07-21 18:00:00,2025-07-22 18:00:00,1753196400,406.0
2025-07-21 19:00:00,2025-07-22 19:00:00,1753200000,208.0
2025-07-21 20:00:00,2025-07-22 20:00:00,1753203600,46.0
2025-07-21 21:00:00,2025-07-22 21:00:00,1753207200,0.0
2025-07-21 22:00:00,2025-07-22 22:00:00,1753210800,0.0
2025-07-21 23:00:00,2025-07-22 23:00:00,1753214400,0.0
2025-07-22 00:00:00,2025-07-23 00:00:00,1753218000,0.0
2025-07-22 01:00:00,2025-07-23 01:00:00,1753221600,0.0
2025-07-22 02:00:00,2025-07-23 02:00:00,1753225200,0.0
2025-07-22 03:00:00,2025-07-23 03:00:00,1753228800,0.0
2025-07-22 04:00:00,2025-07-23 04:00:00,1753232400,0.0
2025-07-22 05:00:00,2025-07-23 05:00:00,1753236000,0.0
2025-07-22 06:00:00,2025-07-23 06:00:00,1753239600,0.0
2025-07-22 07:00:00,2025-07-23 07:00:00,1753243200,60.0
2025-07-22 08:00:00,2025-07-23 08:00:00,1753246800,233.0
2025-07-22 09:00:00,2025-07-23 09:00:00,1753250400,435.0
2025-07-22 10:00:00,2025-07-23 10:00:00,1753254000,625.0
2025-07-22 11:00:00,2025-07-23 11:00:00,1753257600,784.0
2025-07-22 12:00:00,2025-07-23 12:00:00,1753261200,896.0
2025-07-22 13:00:00,2025-07-23 13:00:00,1753264800,954.0
2025-07-22 14:00:00,2025-07-23 14:00:00,1753268400,952.0
2025-07-22 15:00:00,2025-07-23 15:00:00,1753272000,889.0
2025-07-22 16:00:00,2025-07-23 16:00:00,1753275600,769.0
2025-07-22 17:00:00,2025-07-23 17:00:00,1753279200,604.0
2025-07-22 18:00:00,2025-07-23 18:00:00,1753282800,407.0
2025-07-22 19:00:00,2025-07-23 19:00:00,1753286400,207.0
2025-07-22 20:00:00,2025-07-23 20:00:00,1753290000,45.0
2025-07-22 21:00:00,2025-07-23 21:00:00,1753293600,0.0
2025-07-22 22:00:00,2025-07-23 22:00:00,1753297200,0.0
2025-07-22 23:00:00,2025-07-23 23:00:00,1753300800,0.0
2025-07-23 00:00:00,2025-07-24 00:00:00,1753304400,0.0
2025-07-23 01:00:00,2025-07-24 01:00:00,1753308000,0.0
2025-07-23 02:00:00,2025-07-24 02:00:00,1753311600,0.0
2025-07-23 03:00:00,2025-07-24 03:00:00,1753315200,0.0
2025-07-23 04:00:00,2025-07-24 04:00:00,1753318800,0.0
2025-07-23 05:00:00,2025-07-24 05:00:00,1753322400,0.0
2025-07-23 06:00:00,2025-07-24 06:00:00,1753326000,0.0
2025-07-23 07:00:00,2025-07-24 07:00:00,1753329600,58.0
2025-07-23 08:00:00,2025-07-24 08:00:00,1753333200,227.0
2025-07-23 09:00:00,2025-07-24 09:00:00,1753336800,432.0
2025-07-23 10:00:00,2025-07-24 10:00:00,1753340400,625.0
2025-07-23 11:00:00,2025-07-24 11:00:00,1753344000,785.0
2025-07-23 12:00:00,2025-07-24 12:00:00,1753347600,899.0
2025-07-23 13:00:00,2025-07-24 13:00:00,1753351200,955.0
2025-07-23 14:00:00,2025-07-24 14:00:00,1753354800,945.0
2025-07-23 15:00:00,2025-07-24 15:00:00,1753358400,880.0
2025-07-23 16:00:00,2025-07-24 16:00:00,1753362000,764.0
2025-07-23 17:00:00,2025-07-24 17:00:00,1753365600,570.0
2025-07-23 18:00:00,2025-07-24 18:00:00,1753369200,372.0
2025-07-23 19:00:00,2025-07-24 19:00:00,1753372800,202.0
2025-07-23 20:00:00,2025-07-24 20:00:00,1753376400,44.0
2025-07-23 21:00:00,2025-07-24 21:00:00,1753380000,0.0
2025-07-23 22:00:00,2025-07-24 22:00:00,1753383600,0.0
2025-07-23 23:00:00,2025-07-24 23:00:00,1753387200,0.0
2025-07-24 00:00:00,2025-07-25 00:00:00,1753390800,0.0
2025-07-24 01:00:00,2025-07-25 01:00:00,1753394400,0.0
2025-07-24 02:00:00,2025-07-25 02:00:00,1753398000,0.0
2025-07-24 03:00:00,2025-07-25 03:00:00,1753401600,0.0
2025-07-24 04:00:00,2025-07-25 04:00:00,1753405200,0.0
2025-07-24 05:00:00,2025-07-25 05:00:00,1753408800,0.0
2025-07-24 06:00:00,2025-07-25 06:00:00,1753412400,0.0
2025-07-24 07:00:00,2025-07-25 07:00:00,1753416000,58.0
2025-07-24 08:00:00,2025-07-25 08:00:00,1753419600,234.0
2025-07-24 09:00:00,2025-07-25 09:00:00,1753423200,439.0
2025-07-24 10:00:00,2025-07-25 10:00:00,1753426800,633.0
2025-07-24 11:00:00,2025-07-25 11:00:00,1753430400,794.0
2025-07-24 12:00:00,2025-07-25 12:00:00,1753434000,907.0
2025-07-24 13:00:00,2025-07-25 13:00:00,1753437600,968.0
2025-07-24 14:00:00,2025-07-25 14:00:00,1753441200,964.0
2025-07-24 15:00:00,2025-07-25 15:00:00,1753444800,896.0
2025-07-24 16:00:00,2025-07-25 16:00:00,1753448400,776.0
2025-07-24 17:00:00,2025-07-25 17:00:00,1753452000,609.0
2025-07-24 18:00:00,2025-07-25 18:00:00,1753455600,413.0
2025-07-24 19:00:00,2025-07-25 19:00:00,1753459200,211.0
2025-07-24 20:00:00,2025-07-25 20:00:00,1753462800,44.0
2025-07-24 21:00:00,2025-07-25 21:00:00,1753466400,0.0
2025-07-24 22:00:00,2025-07-25 22:00:00,1753470000,0.0
2025-07-24 23:00:00,2025-07-25 23:00:00,1753473600,0.0
2025-07-25 00:00:00,2025-07-26 00:00:00,1753477200,0.0
2025-07-25 01:00:00,2025-07-26 01:00:00,1753480800,0.0
2025-07-25 02:00:00,2025-07-26 02:00:00,1753484400,0.0
2025-07-25 03:00:00,2025-07-26 03:00:00,1753488000,0.0
2025-07-25 04:00:00,2025-07-26 04:00:00,1753491600,0.0
2025-07-25 05:00:00,2025-07-26 05:00:00,1753495200,0.0
2025-07-25 06:00:00,2025-07-26 06:00:00,1753498800,0.0
2025-07-25 07:00:00,2025-07-26 07:00:00,1753502400,57.0
2025-07-25 08:00:00,2025-07-26 08:00:00,1753506000,231.0
2025-07-25 09:00:00,2025-07-26 09:00:00,1753509600,434.0
2025-07-25 10:00:00,2025-07-26 10:00:00,1753513200,625.0
2025-07-25 11:00:00,2025-07-26 11:00:00,1753516800,785.0
2025-07-25 12:00:00,2025-07-26 12:00:00,1753520400,896.0
2025-07-25 13:00:00,2025-07-26 13:00:00,1753524000,948.0
2025-07-25 14:00:00,2025-07-26 14:00:00,1753527600,941.0
2025-07-25 15:00:00,2025-07-26 15:00:00,1753531200,876.0
2025-07-25 16:00:00,2025-07-26 16:00:00,1753534800,756.0
2025-07-25 17:00:00,2025-07-26 17:00:00,1753538400,594.0
2025-07-25 18:00:00,2025-07-26 18:00:00,1753542000,401.0
2025-07-25 19:00:00,2025-07-26 19:00:00,1753545600,202.0
2025-07-25 20:00:00,2025-07-26 20:00:00,1753549200,41.0
2025-07-25 21:00:00,2025-07-26 21:00:00,1753552800,0.0
2025-07-25 22:00:00,2025-07-26 22:00:00,1753556400,0.0
2025-07-25 23:00:00,2025-07-26 23:00:00,1753560000,0.0
2025-07-26 00:00:00,2025-07-27 00:00:00,1753563600,0.0
2025-07-26 01:00:00,2025-07-27 01:00:00,1753567200,0.0
2025-07-26 02:00:00,2025-07-27 02:00:00,1753570800,0.0
2025-07-26 03:00:00,2025-07-27 03:00:00,1753574400,0.0
2025-07-26 04:00:00,2025-07-27 04:00:00,1753578000,0.0
2025-07-26 05:00:00,2025-07-27 05:00:00,1753581600,0.0
2025-07-26 06:00:00,2025-07-27 06:00:00,1753585200,0.0
2025-07-26 07:00:00,2025-07-27 07:00:00,1753588800,53.0
2025-07-26 08:00:00,2025-07-27 08:00:00,1753592400,223.0
2025-07-26 09:00:00,2025-07-27 09:00:00,1753596000,424.0
2025-07-26 10:00:00,2025-07-27 10:00:00,1753599600,616.0
2025-07-26 11:00:00,2025-07-27 11:00:00,1753603200,774.0
2025-07-26 12:00:00,2025-07-27 12:00:00,1753606800,884.0
2025-07-26 13:00:00,2025-07-27 13:00:00,1753610400,939.0
2025-07-26 14:00:00,2025-07-27 14:00:00,1753614000,933.0
2025-07-26 15:00:00,2025-07-27 15:00:00,1753617600,870.0
2025-07-26 16:00:00,2025-07-27 16:00:00,1753621200,730.0
2025-07-26 17:00:00,2025-07-27 17:00:00,1753624800,571.0
2025-07-26 18:00:00,2025-07-27 18:00:00,1753628400,386.0
2025-07-26 19:00:00,2025-07-27 19:00:00,1753632000,197.0
2025-07-26 20:00:00,2025-07-27 20:00:00,1753635600,39.0
2025-07-26 21:00:00,2025-07-27 21:00:00,1753639200,0.0
2025-07-26 22:00:00,2025-07-27 22:00:00,1753642800,0.0
2025-07-26 23:00:00,2025-07-27 23:00:00,1753646400,0.0
2025-07-27 00:00:00,2025-07-28 00:00:00,1753650000,0.0
2025-07-27 01:00:00,2025-07-28 01:00:00,1753653600,0.0
2025-07-27 02:00:00,2025-07-28 02:00:00,1753657200,0.0
2025-07-27 03:00:00,2025-07-28 03:00:00,1753660800,0.0
2025-07-27 04:00:00,2025-07-28 04:00:00,1753664400,0.0
2025-07-27 05:00:00,2025-07-28 05:00:00,1753668000,0.0
2025-07-27 06:00:00,2025-07-28 06:00:00,1753671600,0.0
2025-07-27 07:00:00,2025-07-28 07:00:00,1753675200,51.0
2025-07-27 08:00:00,2025-07-28 08:00:00,1753678800,216.0
2025-07-27 09:00:00,2025-07-28 09:00:00,1753682400,417.0
2025-07-27 10:00:00,2025-07-28 10:00:00,1753686000,616.0
2025-07-27 11:00:00,2025-07-28 11:00:00,1753689600,779.0
2025-07-27 12:00:00,2025-07-28 12:00:00,1753693200,890.0
2025-07-27 13:00:00,2025-07-28 13:00:00,1753696800,937.0
2025-07-27 14:00:00,2025-07-28 14:00:00,1753700400,935.0
2025-07-27 15:00:00,2025-07-28 15:00:00,1753704000,873.0
2025-07-27 16:00:00,2025-07-28 16:00:00,1753707600,734.0
2025-07-27 17:00:00,2025-07-28 17:00:00,1753711200,574.0
2025-07-27 18:00:00,2025-07-28 18:00:00,1753714800,392.0
2025-07-27 19:00:00,2025-07-28 19:00:00,1753718400,196.0
2025-07-27 20:00:00,2025-07-28 20:00:00,1753722000,38.0
2025-07-27 21:00:00,2025-07-28 21:00:00,1753725600,0.0
2025-07-27 22:00:00,2025-07-28 22:00:00,1753729200,0.0
2025-07-27 23:00:00,2025-07-28 23:00:00,1753732800,0.0
2025-07-28 00:00:00,2025-07-29 00:00:00,1753736400,0.0
2025-07-28 01:00:00,2025-07-29 01:00:00,1753740000,0.0
2025-07-28 02:00:00,2025-07-29 02:00:00,1753743600,0.0
2025-07-28 03:00:00,2025-07-29 03:00:00,1753747200,0.0
2025-07-28 04:00:00,2025-07-29 04:00:00,1753750800,0.0
2025-07-28 05:00:00,2025-07-29 05:00:00,1753754400,0.0
2025-07-28 06:00:00,2025-07-29 06:00:00,1753758000,0.0
2025-07-28 07:00:00,2025-07-29 07:00:00,1753761600,49.0
2025-07-28 08:00:00,2025-07-29 08:00:00,1753765200,212.0
2025-07-28 09:00:00,2025-07-29 09:00:00,1753768800,411.0
2025-07-28 10:00:00,2025-07-29 10:00:00,1753772400,605.0
2025-07-28 11:00:00,2025-07-29 11:00:00,1753776000,765.0
2025-07-28 12:00:00,2025-07-29 12:00:00,1753779600,880.0
2025-07-28 13:00:00,2025-07-29 13:00:00,1753783200,935.0
2025-07-28 14:00:00,2025-07-29 14:00:00,1753786800,933.0
2025-07-28 15:00:00,2025-07-29 15:00:00,1753790400,859.0
2025-07-28 16:00:00,2025-07-29 16:00:00,1753794000,750.0
2025-07-28 17:00:00,2025-07-29 17:00:00,1753797600,589.0
2025-07-28 18:00:00,2025-07-29 18:00:00,1753801200,389.0
2025-07-28 19:00:00,2025-07-29 19:00:00,1753804800,188.0
2025-07-28 20:00:00,2025-07-29 20:00:00,1753808400,35.0
2025-07-28 21:00:00,2025-07-29 21:00:00,1753812000,0.0
2025-07-28 22:00:00,2025-07-29 22:00:00,1753815600,0.0
2025-07-28 23:00:00,2025-07-29 23:00:00,1753819200,0.0
2025-07-29 00:00:00,2025-07-30 00:00:00,1753822800,0.0
2025-07-29 01:00:00,2025-07-30 01:00:00,1753826400,0.0
2025-07-29 02:00:00,2025-07-30 02:00:00,1753830000,0.0
2025-07-29 03:00:00,2025-07-30 03:00:00,1753833600,0.0
2025-07-29 04:00:00,2025-07-30 04:00:00,1753837200,0.0
2025-07-29 05:00:00,2025-07-30 05:00:00,1753840800,0.0
2025-07-29 06:00:00,2025-07-30 06:00:00,1753844400,0.0
2025-07-29 07:00:00,2025-07-30 07:00:00,1753848000,47.0
2025-07-29 08:00:00,2025-07-30 08:00:00,1753851600,212.0
2025-07-29 09:00:00,2025-07-30 09:00:00,1753855200,412.0
2025-07-29 10:00:00,2025-07-30 10:00:00,1753858800,603.0
2025-07-29 11:00:00,2025-07-30 11:00:00,1753862400,761.0
2025-07-29 12:00:00,2025-07-30 12:00:00,1753866000,868.0
2025-07-29 13:00:00,2025-07-30 13:00:00,1753869600,925.0
2025-07-29 14:00:00,2025-07-30 14:00:00,1753873200,922.0
2025-07-29 15:00:00,2025-07-30 15:00:00,1753876800,840.0
2025-07-29 16:00:00,2025-07-30 16:00:00,1753880400,745.0
2025-07-29 17:00:00,2025-07-30 17:00:00,1753884000,576.0
2025-07-29 18:00:00,2025-07-30 18:00:00,1753887600,371.0
2025-07-29 19:00:00,2025-07-30 19:00:00,1753891200,177.0
2025-07-29 20:00:00,2025-07-30 20:00:00,1753894800,35.0
2025-07-29 21:00:00,2025-07-30 21:00:00,1753898400,0.0
2025-07-29 22:00:00,2025-07-30 22:00:00,1753902000,0.0
2025-07-29 23:00:00,2025-07-30 23:00:00,1753905600,0.0
2025-07-30 00:00:00,2025-07-31 00:00:00,1753909200,0.0
2025-07-30 01:00:00,2025-07-31 01:00:00,1753912800,0.0
2025-07-30 02:00:00,2025-07-31 02:00:00,1753916400,0.0
2025-07-30 03:00:00,2025-07-31 03:00:00,1753920000,0.0
2025-07-30 04:00:00,2025-07-31 04:00:00,1753923600,0.0
2025-07-30 05:00:00,2025-07-31 05:00:00,1753927200,0.0
2025-07-30 06:00:00,2025-07-31 06:00:00,1753930800,0.0
2025-07-30 07:00:00,2025-07-31 07:00:00,1753934400,42.0
2025-07-30 08:00:00,2025-07-31 08:00:00,1753938000,192.0
2025-07-30 09:00:00,2025-07-31 09:00:00,1753941600,392.0
2025-07-30 10:00:00,2025-07-31 10:00:00,1753945200,582.0
2025-07-30 11:00:00,2025-07-31 11:00:00,1753948800,747.0
2025-07-30 12:00:00,2025-07-31 12:00:00,1753952400,859.0
2025-07-30 13:00:00,2025-07-31 13:00:00,1753956000,884.0
2025-07-30 14:00:00,2025-07-31 14:00:00,1753959600,897.0
2025-07-30 15:00:00,2025-07-31 15:00:00,1753963200,857.0
2025-07-30 16:00:00,2025-07-31 16:00:00,1753966800,744.0
2025-07-30 17:00:00,2025-07-31 17:00:00,1753970400,576.0
2025-07-30 18:00:00,2025-07-31 18:00:00,1753974000,365.0
2025-07-30 19:00:00,2025-07-31 19:00:00,1753977600,178.0
2025-07-30 20:00:00,2025-07-31 20:00:00,1753981200,33.0
2025-07-30 21:00:00,2025-07-31 21:00:00,1753984800,0.0
2025-07-30 22:00:00,2025-07-31 22:00:00,1753988400,0.0
2025-07-30 23:00:00,2025-07-31 23:00:00,1753992000,0.0
2025-07-31 00:00:00,2025-08-01 00:00:00,1753995600,0.0
2025-07-31 01:00:00,2025-08-01 01:00:00,1753999200,0.0
2025-07-31 02:00:00,2025-08-01 02:00:00,1754002800,0.0
2025-07-31 03:00:00,2025-08-01 03:00:00,1754006400,0.0
2025-07-31 04:00:00,2025-08-01 04:00:00,1754010000,0.0
2025-07-31 05:00:00,2025-08-01 05:00:00,1754013600,0.0
2025-07-31 06:00:00,2025-08-01 06:00:00,1754017200,0.0
2025-07-31 07:00:00,2025-08-01 07:00:00,1754020800,44.0
2025-07-31 08:00:00,2025-08-01 08:00:00,1754024400,202.0
2025-07-31 09:00:00,2025-08-01 09:00:00,1754028000,388.0
2025-07-31 10:00:00,2025-08-01 10:00:00,1754031600,554.0
2025-07-31 11:00:00,2025-08-01 11:00:00,1754035200,636.0
2025-07-31 12:00:00,2025-08-01 12:00:00,1754038800,732.0
2025-07-31 13:00:00,2025-08-01 13:00:00,1754042400,861.0
2025-07-31 14:00:00,2025-08-01 14:00:00,1754046000,864.0
2025-07-31 15:00:00,2025-08-01 15:00:00,1754049600,822.0
2025-07-31 16:00:00,2025-08-01 16:00:00,1754053200,716.0
2025-07-31 17:00:00,2025-08-01 17:00:00,1754056800,523.0
2025-07-31 18:00:00,2025-08-01 18:00:00,1754060400,373.0
2025-07-31 19:00:00,2025-08-01 19:00:00,1754064000,165.0
2025-07-31 20:00:00,2025-08-01 20:00:00,1754067600,28.0
2025-07-31 21:00:00,2025-08-01 21:00:00,1754071200,0.0
2025-07-31 22:00:00,2025-08-01 22:00:00,1754074800,0.0
2025-07-31 23:00:00,2025-08-01 23:00:00,1754078400,0.0
2025-08-01 00:00:00,2025-08-02 00:00:00,1754082000,0.0
2025-08-01 01:00:00,2025-08-02 01:00:00,1754085600,0.0
2025-08-01 02:00:00,2025-08-02 02:00:00,1754089200,0.0
2025-08-01 03:00:00,2025-08-02 03:00:00,1754092800,0.0
2025-08-01 04:00:00,2025-08-02 04:00:00,1754096400,0.0
2025-08-01 05:00:00,2025-08-02 05:00:00,1754100000,0.0
2025-08-01 06:00:00,2025-08-02 06:00:00,1754103600,0.0
2025-08-01 07:00:00,2025-08-02 07:00:00,1754107200,39.0
2025-08-01 08:00:00,2025-08-02 08:00:00,1754110800,179.0
2025-08-01 09:00:00,2025-08-02 09:00:00,1754114400,346.0
2025-08-01 10:00:00,2025-08-02 10:00:00,1754118000,504.0
2025-08-01 11:00:00,2025-08-02 11:00:00,1754121600,676.0
2025-08-01 12:00:00,2025-08-02 12:00:00,1754125200,829.0
2025-08-01 13:00:00,2025-08-02 13:00:00,1754128800,875.0
2025-08-01 14:00:00,2025-08-02 14:00:00,1754132400,894.0
2025-08-01 15:00:00,2025-08-02 15:00:00,1754136000,855.0
2025-08-01 16:00:00,2025-08-02 16:00:00,1754139600,715.0
2025-08-01 17:00:00,2025-08-02 17:00:00,1754143200,574.0
2025-08-01 18:00:00,2025-08-02 18:00:00,1754146800,383.0
2025-08-01 19:00:00,2025-08-02 19:00:00,1754150400,184.0
2025-08-01 20:00:00,2025-08-02 20:00:00,1754154000,31.0
2025-08-01 21:00:00,2025-08-02 21:00:00,1754157600,0.0
2025-08-01 22:00:00,2025-08-02 22:00:00,1754161200,0.0
2025-08-01 23:00:00,2025-08-02 23:00:00,1754164800,0.0
2025-08-02 00:00:00,2025-08-03 00:00:00,1754168400,0.0
2025-08-02 01:00:00,2025-08-03 01:00:00,1754172000,0.0
2025-08-02 02:00:00,2025-08-03 02:00:00,1754175600,0.0
2025-08-02 03:00:00,2025-08-03 03:00:00,1754179200,0.0
2025-08-02 04:00:00,2025-08-03 04:00:00,1754182800,0.0
2025-08-02 05:00:00,2025-08-03 05:00:00,1754186400,0.0
2025-08-02 06:00:00,2025-08-03 06:00:00,1754190000,0.0
2025-08-02 07:00:00,2025-08-03 07:00:00,1754193600,43.0
2025-08-02 08:00:00,2025-08-03 08:00:00,1754197200,203.0
2025-08-02 09:00:00,2025-08-03 09:00:00,1754200800,404.0
2025-08-02 10:00:00,2025-08-03 10:00:00,1754204400,592.0
2025-08-02 11:00:00,2025-08-03 11:00:00,1754208000,724.0
2025-08-02 12:00:00,2025-08-03 12:00:00,1754211600,816.0
2025-08-02 13:00:00,2025-08-03 13:00:00,1754215200,859.0
2025-08-02 14:00:00,2025-08-03 14:00:00,1754218800,902.0
2025-08-02 15:00:00,2025-08-03 15:00:00,1754222400,828.0
2025-08-02 16:00:00,2025-08-03 16:00:00,1754226000,681.0
2025-08-02 17:00:00,2025-08-03 17:00:00,1754229600,483.0
2025-08-02 18:00:00,2025-08-03 18:00:00,1754233200,330.0
2025-08-02 19:00:00,2025-08-03 19:00:00,1754236800,153.0
2025-08-02 20:00:00,2025-08-03 20:00:00,1754240400,25.0
2025-08-02 21:00:00,2025-08-03 21:00:00,1754244000,0.0
2025-08-02 22:00:00,2025-08-03 22:00:00,1754247600,0.0
2025-08-02 23:00:00,2025-08-03 23:00:00,1754251200,0.0
2025-08-03 00:00:00,2025-08-04 00:00:00,1754254800,0.0
2025-08-03 01:00:00,2025-08-04 01:00:00,1754258400,0.0
2025-08-03 02:00:00,2025-08-04 02:00:00,1754262000,0.0
2025-08-03 03:00:00,2025-08-04 03:00:00,1754265600,0.0
2025-08-03 04:00:00,2025-08-04 04:00:00,1754269200,0.0
2025-08-03 05:00:00,2025-08-04 05:00:00,1754272800,0.0
2025-08-03 06:00:00,2025-08-04 06:00:00,1754276400,0.0
2025-08-03 07:00:00,2025-08-04 07:00:00,1754280000,42.0
2025-08-03 08:00:00,2025-08-04 08:00:00,1754283600,204.0
2025-08-03 09:00:00,2025-08-04 09:00:00,1754287200,406.0
2025-08-03 10:00:00,2025-08-04 10:00:00,1754290800,595.0
2025-08-03 11:00:00,2025-08-04 11:00:00,1754294400,739.0
2025-08-03 12:00:00,2025-08-04 12:00:00,1754298000,793.0
2025-08-03 13:00:00,2025-08-04 13:00:00,1754301600,829.0
2025-08-03 14:00:00,2025-08-04 14:00:00,1754305200,912.0
2025-08-03 15:00:00,2025-08-04 15:00:00,1754308800,854.0
2025-08-03 16:00:00,2025-08-04 16:00:00,1754312400,637.0
2025-08-03 17:00:00,2025-08-04 17:00:00,1754316000,505.0
2025-08-03 18:00:00,2025-08-04 18:00:00,1754319600,348.0
2025-08-03 19:00:00,2025-08-04 19:00:00,1754323200,177.0
2025-08-03 20:00:00,2025-08-04 20:00:00,1754326800,29.0
2025-08-03 21:00:00,2025-08-04 21:00:00,1754330400,0.0
2025-08-03 22:00:00,2025-08-04 22:00:00,1754334000,0.0
2025-08-03 23:00:00,2025-08-04 23:00:00,1754337600,0.0
2025-08-04 00:00:00,2025-08-05 00:00:00,1754341200,0.0
2025-08-04 01:00:00,2025-08-05 01:00:00,1754344800,0.0
2025-08-04 02:00:00,2025-08-05 02:00:00,1754348400,0.0
2025-08-04 03:00:00,2025-08-05 03:00:00,1754352000,0.0
2025-08-04 04:00:00,2025-08-05 04:00:00,1754355600,0.0
2025-08-04 05:00:00,2025-08-05 05:00:00,1754359200,0.0
2025-08-04 06:00:00,2025-08-05 06:00:00,1754362800,0.0
2025-08-04 07:00:00,2025-08-05 07:00:00,1754366400,39.0
2025-08-04 08:00:00,2025-08-05 08:00:00,1754370000,197.0
2025-08-04 09:00:00,2025-08-05 09:00:00,1754373600,390.0
2025-08-04 10:00:00,2025-08-05 10:00:00,1754377200,571.0
2025-08-04 11:00:00,2025-08-05 11:00:00,1754380800,733.0
2025-08-04 12:00:00,2025-08-05 12:00:00,1754384400,848.0
2025-08-04 13:00:00,2025-08-05 13:00:00,1754388000,903.0
2025-08-04 14:00:00,2025-08-05 14:00:00,1754391600,898.0
2025-08-04 15:00:00,2025-08-05 15:00:00,1754395200,819.0
2025-08-04 16:00:00,2025-08-05 16:00:00,1754398800,684.0
2025-08-04 17:00:00,2025-08-05 17:00:00,1754402400,514.0
2025-08-04 18:00:00,2025-08-05 18:00:00,1754406000,289.0
2025-08-04 19:00:00,2025-08-05 19:00:00,1754409600,136.0
2025-08-04 20:00:00,2025-08-05 20:00:00,1754413200,24.0
2025-08-04 21:00:00,2025-08-05 21:00:00,1754416800,0.0
2025-08-04 22:00:00,2025-08-05 22:00:00,1754420400,0.0
2025-08-04 23:00:00,2025-08-05 23:00:00,1754424000,0.0
2025-08-05 00:00:00,2025-08-06 00:00:00,1754427600,0.0
2025-08-05 01:00:00,2025-08-06 01:00:00,1754431200,0.0
2025-08-05 02:00:00,2025-08-06 02:00:00,1754434800,0.0
2025-08-05 03:00:00,2025-08-06 03:00:00,1754438400,0.0
2025-08-05 04:00:00,2025-08-06 04:00:00,1754442000,0.0
2025-08-05 05:00:00,2025-08-06 05:00:00,1754445600,0.0
2025-08-05 06:00:00,2025-08-06 06:00:00,1754449200,0.0
2025-08-05 07:00:00,2025-08-06 07:00:00,1754452800,39.0
2025-08-05 08:00:00,2025-08-06 08:00:00,1754456400,192.0
2025-08-05 09:00:00,2025-08-06 09:00:00,1754460000,386.0
2025-08-05 10:00:00,2025-08-06 10:00:00,1754463600,573.0
2025-08-05 11:00:00,2025-08-06 11:00:00,1754467200,738.0
2025-08-05 12:00:00,2025-08-06 12:00:00,1754470800,850.0
2025-08-05 13:00:00,2025-08-06 13:00:00,1754474400,912.0
2025-08-05 14:00:00,2025-08-06 14:00:00,1754478000,911.0
2025-08-05 15:00:00,2025-08-06 15:00:00,1754481600,821.0
2025-08-05 16:00:00,2025-08-06 16:00:00,1754485200,716.0
2025-08-05 17:00:00,2025-08-06 17:00:00,1754488800,554.0
2025-08-05 18:00:00,2025-08-06 18:00:00,1754492400,366.0
2025-08-05 19:00:00,2025-08-06 19:00:00,1754496000,171.0
2025-08-05 20:00:00,2025-08-06 20:00:00,1754499600,25.0
2025-08-05 21:00:00,2025-08-06 21:00:00,1754503200,0.0
2025-08-05 22:00:00,2025-08-06 22:00:00,1754506800,0.0
2025-08-05 23:00:00,2025-08-06 23:00:00,1754510400,0.0
2025-08-06 00:00:00,2025-08-07 00:00:00,1754514000,0.0
2025-08-06 01:00:00,2025-08-07 01:00:00,1754517600,0.0
2025-08-06 02:00:00,2025-08-07 02:00:00,1754521200,0.0
2025-08-06 03:00:00,2025-08-07 03:00:00,1754524800,0.0
2025-08-06 04:00:00,2025-08-07 04:00:00,1754528400,0.0
2025-08-06 05:00:00,2025-08-07 05:00:00,1754532000,0.0
2025-08-06 06:00:00,2025-08-07 06:00:00,1754535600,0.0
2025-08-06 07:00:00,2025-08-07 07:00:00,1754539200,35.0
2025-08-06 08:00:00,2025-08-07 08:00:00,1754542800,170.0
2025-08-06 09:00:00,2025-08-07 09:00:00,1754546400,366.0
2025-08-06 10:00:00,2025-08-07 10:00:00,1754550000,565.0
2025-08-06 11:00:00,2025-08-07 11:00:00,1754553600,730.0
2025-08-06 12:00:00,2025-08-07 12:00:00,1754557200,844.0
2025-08-06 13:00:00,2025-08-07 13:00:00,1754560800,901.0
2025-08-06 14:00:00,2025-08-07 14:00:00,1754564400,914.0
2025-08-06 15:00:00,2025-08-07 15:00:00,1754568000,855.0
2025-08-06 16:00:00,2025-08-07 16:00:00,1754571600,723.0
2025-08-06 17:00:00,2025-08-07 17:00:00,1754575200,566.0
2025-08-06 18:00:00,2025-08-07 18:00:00,1754578800,372.0
2025-08-06 19:00:00,2025-08-07 19:00:00,1754582400,173.0
2025-08-06 20:00:00,2025-08-07 20:00:00,1754586000,25.0
2025-08-06 21:00:00,2025-08-07 21:00:00,1754589600,0.0
2025-08-06 22:00:00,2025-08-07 22:00:00,1754593200,0.0
2025-08-06 23:00:00,2025-08-07 23:00:00,1754596800,0.0
2025-08-07 00:00:00,2025-08-08 00:00:00,1754600400,0.0
2025-08-07 01:00:00,2025-08-08 01:00:00,1754604000,0.0
2025-08-07 02:00:00,2025-08-08 02:00:00,1754607600,0.0
2025-08-07 03:00:00,2025-08-08 03:00:00,1754611200,0.0
2025-08-07 04:00:00,2025-08-08 04:00:00,1754614800,0.0
2025-08-07 05:00:00,2025-08-08 05:00:00,1754618400,0.0
2025-08-07 06:00:00,2025-08-08 06:00:00,1754622000,0.0
2025-08-07 07:00:00,2025-08-08 07:00:00,1754625600,38.0
2025-08-07 08:00:00,2025-08-08 08:00:00,1754629200,201.0
2025-08-07 09:00:00,2025-08-08 09:00:00,1754632800,405.0
2025-08-07 10:00:00,2025-08-08 10:00:00,1754636400,601.0
2025-08-07 11:00:00,2025-08-08 11:00:00,1754640000,764.0
2025-08-07 12:00:00,2025-08-08 12:00:00,1754643600,879.0
2025-08-07 13:00:00,2025-08-08 13:00:00,1754647200,938.0
2025-08-07 14:00:00,2025-08-08 14:00:00,1754650800,934.0
2025-08-07 15:00:00,2025-08-08 15:00:00,1754654400,866.0
2025-08-07 16:00:00,2025-08-08 16:00:00,1754658000,740.0
2025-08-07 17:00:00,2025-08-08 17:00:00,1754661600,569.0
2025-08-07 18:00:00,2025-08-08 18:00:00,1754665200,371.0
2025-08-07 19:00:00,2025-08-08 19:00:00,1754668800,170.0
2025-08-07 20:00:00,2025-08-08 20:00:00,1754672400,24.0
2025-08-07 21:00:00,2025-08-08 21:00:00,1754676000,0.0
2025-08-07 22:00:00,2025-08-08 22:00:00,1754679600,0.0
2025-08-07 23:00:00,2025-08-08 23:00:00,1754683200,0.0
2025-08-08 00:00:00,2025-08-09 00:00:00,1754686800,0.0
2025-08-08 01:00:00,2025-08-09 01:00:00,1754690400,0.0
2025-08-08 02:00:00,2025-08-09 02:00:00,1754694000,0.0
2025-08-08 03:00:00,2025-08-09 03:00:00,1754697600,0.0
2025-08-08 04:00:00,2025-08-09 04:00:00,1754701200,0.0
2025-08-08 05:00:00,2025-08-09 05:00:00,1754704800,0.0
2025-08-08 06:00:00,2025-08-09 06:00:00,1754708400,0.0
2025-08-08 07:00:00,2025-08-09 07:00:00,1754712000,36.0
2025-08-08 08:00:00,2025-08-09 08:00:00,1754715600,195.0
2025-08-08 09:00:00,2025-08-09 09:00:00,1754719200,395.0
2025-08-08 10:00:00,2025-08-09 10:00:00,1754722800,588.0
2025-08-08 11:00:00,2025-08-09 11:00:00,1754726400,749.0
2025-08-08 12:00:00,2025-08-09 12:00:00,1754730000,861.0
2025-08-08 13:00:00,2025-08-09 13:00:00,1754733600,916.0
2025-08-08 14:00:00,2025-08-09 14:00:00,1754737200,908.0
2025-08-08 15:00:00,2025-08-09 15:00:00,1754740800,840.0
2025-08-08 16:00:00,2025-08-09 16:00:00,1754744400,723.0
2025-08-08 17:00:00,2025-08-09 17:00:00,1754748000,558.0
2025-08-08 18:00:00,2025-08-09 18:00:00,1754751600,363.0
2025-08-08 19:00:00,2025-08-09 19:00:00,1754755200,165.0
2025-08-08 20:00:00,2025-08-09 20:00:00,1754758800,22.0
2025-08-08 21:00:00,2025-08-09 21:00:00,1754762400,0.0
2025-08-08 22:00:00,2025-08-09 22:00:00,1754766000,0.0
2025-08-08 23:00:00,2025-08-09 23:00:00,1754769600,0.0
2025-08-09 00:00:00,2025-08-10 00:00:00,1754773200,0.0
2025-08-09 01:00:00,2025-08-10 01:00:00,1754776800,0.0
2025-08-09 02:00:00,2025-08-10 02:00:00,1754780400,0.0
2025-08-09 03:00:00,2025-08-10 03:00:00,1754784000,0.0
2025-08-09 04:00:00,2025-08-10 04:00:00,1754787600,0.0
2025-08-09 05:00:00,2025-08-10 05:00:00,1754791200,0.0
2025-08-09 06:00:00,2025-08-10 06:00:00,1754794800,0.0
2025-08-09 07:00:00,2025-08-10 07:00:00,1754798400,35.0
2025-08-09 08:00:00,2025-08-10 08:00:00,1754802000,193.0
2025-08-09 09:00:00,2025-08-10 09:00:00,1754805600,394.0
2025-08-09 10:00:00,2025-08-10 10:00:00,1754809200,589.0
2025-08-09 11:00:00,2025-08-10 11:00:00,1754812800,751.0
2025-08-09 12:00:00,2025-08-10 12:00:00,1754816400,866.0
2025-08-09 13:00:00,2025-08-10 13:00:00,1754820000,922.0
2025-08-09 14:00:00,2025-08-10 14:00:00,1754823600,917.0
2025-08-09 15:00:00,2025-08-10 15:00:00,1754827200,851.0
2025-08-09 16:00:00,2025-08-10 16:00:00,1754830800,727.0
2025-08-09 17:00:00,2025-08-10 17:00:00,1754834400,559.0
2025-08-09 18:00:00,2025-08-10 18:00:00,1754838000,363.0
2025-08-09 19:00:00,2025-08-10 19:00:00,1754841600,164.0
2025-08-09 20:00:00,2025-08-10 20:00:00,1754845200,21.0
2025-08-09 21:00:00,2025-08-10 21:00:00,1754848800,0.0
2025-08-09 22:00:00,2025-08-10 22:00:00,1754852400,0.0
2025-08-09 23:00:00,2025-08-10 23:00:00,1754856000,0.0
2025-08-10 00:00:00,2025-08-11 00:00:00,1754859600,0.0
2025-08-10 01:00:00,2025-08-11 01:00:00,1754863200,0.0
2025-08-10 02:00:00,2025-08-11 02:00:00,1754866800,0.0
2025-08-10 03:00:00,2025-08-11 03:00:00,1754870400,0.0
2025-08-10 04:00:00,2025-08-11 04:00:00,1754874000,0.0
2025-08-10 05:00:00,2025-08-11 05:00:00,1754877600,0.0
2025-08-10 06:00:00,2025-08-11 06:00:00,1754881200,0.0
2025-08-10 07:00:00,2025-08-11 07:00:00,1754884800,34.0
2025-08-10 08:00:00,2025-08-11 08:00:00,1754888400,192.0
2025-08-10 09:00:00,2025-08-11 09:00:00,1754892000,395.0
2025-08-10 10:00:00,2025-08-11 10:00:00,1754895600,589.0
2025-08-10 11:00:00,2025-08-11 11:00:00,1754899200,752.0
2025-08-10 12:00:00,2025-08-11 12:00:00,1754902800,866.0
2025-08-10 13:00:00,2025-08-11 13:00:00,1754906400,922.0
2025-08-10 14:00:00,2025-08-11 14:00:00,1754910000,916.0
2025-08-10 15:00:00,2025-08-11 15:00:00,1754913600,850.0
2025-08-10 16:00:00,2025-08-11 16:00:00,1754917200,722.0
2025-08-10 17:00:00,2025-08-11 17:00:00,1754920800,555.0
2025-08-10 18:00:00,2025-08-11 18:00:00,1754924400,360.0
2025-08-10 19:00:00,2025-08-11 19:00:00,1754928000,161.0
2025-08-10 20:00:00,2025-08-11 20:00:00,1754931600,20.0
2025-08-10 21:00:00,2025-08-11 21:00:00,1754935200,0.0
2025-08-10 22:00:00,2025-08-11 22:00:00,1754938800,0.0
2025-08-10 23:00:00,2025-08-11 23:00:00,1754942400,0.0
2025-08-11 00:00:00,2025-08-12 00:00:00,1754946000,0.0
2025-08-11 01:00:00,2025-08-12 01:00:00,1754949600,0.0
2025-08-11 02:00:00,2025-08-12 02:00:00,1754953200,0.0
2025-08-11 03:00:00,2025-08-12 03:00:00,1754956800,0.0
2025-08-11 04:00:00,2025-08-12 04:00:00,1754960400,0.0
2025-08-11 05:00:00,2025-08-12 05:00:00,1754964000,0.0
2025-08-11 06:00:00,2025-08-12 06:00:00,1754967600,0.0
2025-08-11 07:00:00,2025-08-12 07:00:00,1754971200,33.0
2025-08-11 08:00:00,2025-08-12 08:00:00,1754974800,191.0
2025-08-11 09:00:00,2025-08-12 09:00:00,1754978400,392.0
2025-08-11 10:00:00,2025-08-12 10:00:00,1754982000,586.0
2025-08-11 11:00:00,2025-08-12 11:00:00,1754985600,748.0
2025-08-11 12:00:00,2025-08-12 12:00:00,1754989200,861.0
2025-08-11 13:00:00,2025-08-12 13:00:00,1754992800,917.0
2025-08-11 14:00:00,2025-08-12 14:00:00,1754996400,909.0
2025-08-11 15:00:00,2025-08-12 15:00:00,1755000000,841.0
2025-08-11 16:00:00,2025-08-12 16:00:00,1755003600,718.0
2025-08-11 17:00:00,2025-08-12 17:00:00,1755007200,551.0
2025-08-11 18:00:00,2025-08-12 18:00:00,1755010800,356.0
2025-08-11 19:00:00,2025-08-12 19:00:00,1755014400,155.0
2025-08-11 20:00:00,2025-08-12 20:00:00,1755018000,17.0
2025-08-11 21:00:00,2025-08-12 21:00:00,1755021600,0.0
2025-08-11 22:00:00,2025-08-12 22:00:00,1755025200,0.0
2025-08-11 23:00:00,2025-08-12 23:00:00,1755028800,0.0
2025-08-12 00:00:00,2025-08-13 00:00:00,1755032400,0.0
2025-08-12 01:00:00,2025-08-13 01:00:00,1755036000,0.0
2025-08-12 02:00:00,2025-08-13 02:00:00,1755039600,0.0
2025-08-12 03:00:00,2025-08-13 03:00:00,1755043200,0.0
2025-08-12 04:00:00,2025-08-13 04:00:00,1755046800,0.0
2025-08-12 05:00:00,2025-08-13 05:00:00,1755050400,0.0
2025-08-12 06:00:00,2025-08-13 06:00:00,1755054000,0.0
2025-08-12 07:00:00,2025-08-13 07:00:00,1755057600,29.0
2025-08-12 08:00:00,2025-08-13 08:00:00,1755061200,183.0
2025-08-12 09:00:00,2025-08-13 09:00:00,1755064800,385.0
2025-08-12 10:00:00,2025-08-13 10:00:00,1755068400,581.0
2025-08-12 11:00:00,2025-08-13 11:00:00,1755072000,742.0
2025-08-12 12:00:00,2025-08-13 12:00:00,1755075600,857.0
2025-08-12 13:00:00,2025-08-13 13:00:00,1755079200,912.0
2025-08-12 14:00:00,2025-08-13 14:00:00,1755082800,906.0
2025-08-12 15:00:00,2025-08-13 15:00:00,1755086400,840.0
2025-08-12 16:00:00,2025-08-13 16:00:00,1755090000,717.0
2025-08-12 17:00:00,2025-08-13 17:00:00,1755093600,544.0
2025-08-12 18:00:00,2025-08-13 18:00:00,1755097200,354.0
2025-08-12 19:00:00,2025-08-13 19:00:00,1755100800,155.0
2025-08-12 20:00:00,2025-08-13 20:00:00,1755104400,17.0
2025-08-12 21:00:00,2025-08-13 21:00:00,1755108000,0.0
2025-08-12 22:00:00,2025-08-13 22:00:00,1755111600,0.0
2025-08-12 23:00:00,2025-08-13 23:00:00,1755115200,0.0
2025-08-13 00:00:00,2025-08-14 00:00:00,1755118800,0.0
2025-08-13 01:00:00,2025-08-14 01:00:00,1755122400,0.0
2025-08-13 02:00:00,2025-08-14 02:00:00,1755126000,0.0
2025-08-13 03:00:00,2025-08-14 03:00:00,1755129600,0.0
2025-08-13 04:00:00,2025-08-14 04:00:00,1755133200,0.0
2025-08-13 05:00:00,2025-08-14 05:00:00,1755136800,0.0
2025-08-13 06:00:00,2025-08-14 06:00:00,1755140400,0.0
2025-08-13 07:00:00,2025-08-14 07:00:00,1755144000,23.0
2025-08-13 08:00:00,2025-08-14 08:00:00,1755147600,133.0
2025-08-13 09:00:00,2025-08-14 09:00:00,1755151200,373.0
2025-08-13 10:00:00,2025-08-14 10:00:00,1755154800,568.0
2025-08-13 11:00:00,2025-08-14 11:00:00,1755158400,746.0
2025-08-13 12:00:00,2025-08-14 12:00:00,1755162000,849.0
2025-08-13 13:00:00,2025-08-14 13:00:00,1755165600,907.0
2025-08-13 14:00:00,2025-08-14 14:00:00,1755169200,910.0
2025-08-13 15:00:00,2025-08-14 15:00:00,1755172800,843.0
2025-08-13 16:00:00,2025-08-14 16:00:00,1755176400,724.0
2025-08-13 17:00:00,2025-08-14 17:00:00,1755180000,555.0
2025-08-13 18:00:00,2025-08-14 18:00:00,1755183600,355.0
2025-08-13 19:00:00,2025-08-14 19:00:00,1755187200,154.0
2025-08-13 20:00:00,2025-08-14 20:00:00,1755190800,17.0
2025-08-13 21:00:00,2025-08-14 21:00:00,1755194400,0.0
2025-08-13 22:00:00,2025-08-14 22:00:00,1755198000,0.0
2025-08-13 23:00:00,2025-08-14 23:00:00,1755201600,0.0
2025-08-14 00:00:00,2025-08-15 00:00:00,1755205200,0.0
2025-08-14 01:00:00,2025-08-15 01:00:00,1755208800,0.0
2025-08-14 02:00:00,2025-08-15 02:00:00,1755212400,0.0
2025-08-14 03:00:00,2025-08-15 03:00:00,1755216000,0.0
2025-08-14 04:00:00,2025-08-15 04:00:00,1755219600,0.0
2025-08-14 05:00:00,2025-08-15 05:00:00,1755223200,0.0
2025-08-14 06:00:00,2025-08-15 06:00:00,1755226800,0.0
2025-08-14 07:00:00,2025-08-15 07:00:00,1755230400,30.0
2025-08-14 08:00:00,2025-08-15 08:00:00,1755234000,187.0
2025-08-14 09:00:00,2025-08-15 09:00:00,1755237600,390.0
2025-08-14 10:00:00,2025-08-15 10:00:00,1755241200,586.0
2025-08-14 11:00:00,2025-08-15 11:00:00,1755244800,753.0
2025-08-14 12:00:00,2025-08-15 12:00:00,1755248400,871.0
2025-08-14 13:00:00,2025-08-15 13:00:00,1755252000,930.0
2025-08-14 14:00:00,2025-08-15 14:00:00,1755255600,923.0
2025-08-14 15:00:00,2025-08-15 15:00:00,1755259200,852.0
2025-08-14 16:00:00,2025-08-15 16:00:00,1755262800,724.0
2025-08-14 17:00:00,2025-08-15 17:00:00,1755266400,548.0
2025-08-14 18:00:00,2025-08-15 18:00:00,1755270000,346.0
2025-08-14 19:00:00,2025-08-15 19:00:00,1755273600,147.0
2025-08-14 20:00:00,2025-08-15 20:00:00,1755277200,15.0
2025-08-14 21:00:00,2025-08-15 21:00:00,1755280800,0.0
2025-08-14 22:00:00,2025-08-15 22:00:00,1755284400,0.0
2025-08-14 23:00:00,2025-08-15 23:00:00,1755288000,0.0
2025-08-15 00:00:00,2025-08-16 00:00:00,1755291600,0.0
2025-08-15 01:00:00,2025-08-16 01:00:00,1755295200,0.0
2025-08-15 02:00:00,2025-08-16 02:00:00,1755298800,0.0
2025-08-15 03:00:00,2025-08-16 03:00:00,1755302400,0.0
2025-08-15 04:00:00,2025-08-16 04:00:00,1755306000,0.0
2025-08-15 05:00:00,2025-08-16 05:00:00,1755309600,0.0
2025-08-15 06:00:00,2025-08-16 06:00:00,1755313200,0.0
2025-08-15 07:00:00,2025-08-16 07:00:00,1755316800,25.0
2025-08-15 08:00:00,2025-08-16 08:00:00,1755320400,167.0
2025-08-15 09:00:00,2025-08-16 09:00:00,1755324000,353.0
2025-08-15 10:00:00,2025-08-16 10:00:00,1755327600,532.0
2025-08-15 11:00:00,2025-08-16 11:00:00,1755331200,706.0
2025-08-15 12:00:00,2025-08-16 12:00:00,1755334800,811.0
2025-08-15 13:00:00,2025-08-16 13:00:00,1755338400,869.0
2025-08-15 14:00:00,2025-08-16 14:00:00,1755342000,886.0
2025-08-15 15:00:00,2025-08-16 15:00:00,1755345600,833.0
2025-08-15 16:00:00,2025-08-16 16:00:00,1755349200,702.0
2025-08-15 17:00:00,2025-08-16 17:00:00,1755352800,515.0
2025-08-15 18:00:00,2025-08-16 18:00:00,1755356400,307.0
2025-08-15 19:00:00,2025-08-16 19:00:00,1755360000,121.0
2025-08-15 20:00:00,2025-08-16 20:00:00,1755363600,13.0
2025-08-15 21:00:00,2025-08-16 21:00:00,1755367200,0.0
2025-08-15 22:00:00,2025-08-16 22:00:00,1755370800,0.0
2025-08-15 23:00:00,2025-08-16 23:00:00,1755374400,0.0
2025-08-16 00:00:00,2025-08-17 00:00:00,1755378000,0.0
2025-08-16 01:00:00,2025-08-17 01:00:00,1755381600,0.0
2025-08-16 02:00:00,2025-08-17 02:00:00,1755385200,0.0
2025-08-16 03:00:00,2025-08-17 03:00:00,1755388800,0.0
2025-08-16 04:00:00,2025-08-17 04:00:00,1755392400,0.0
2025-08-16 05:00:00,2025-08-17 05:00:00,1755396000,0.0
2025-08-16 06:00:00,2025-08-17 06:00:00,1755399600,0.0
2025-08-16 07:00:00,2025-08-17 07:00:00,1755403200,25.0
2025-08-16 08:00:00,2025-08-17 08:00:00,1755406800,166.0
2025-08-16 09:00:00,2025-08-17 09:00:00,1755410400,364.0
2025-08-16 10:00:00,2025-08-17 10:00:00,1755414000,543.0
2025-08-16 11:00:00,2025-08-17 11:00:00,1755417600,701.0
2025-08-16 12:00:00,2025-08-17 12:00:00,1755421200,824.0
2025-08-16 13:00:00,2025-08-17 13:00:00,1755424800,907.0
2025-08-16 14:00:00,2025-08-17 14:00:00,1755428400,908.0
2025-08-16 15:00:00,2025-08-17 15:00:00,1755432000,842.0
2025-08-16 16:00:00,2025-08-17 16:00:00,1755435600,717.0
2025-08-16 17:00:00,2025-08-17 17:00:00,1755439200,541.0
2025-08-16 18:00:00,2025-08-17 18:00:00,1755442800,335.0
2025-08-16 19:00:00,2025-08-17 19:00:00,1755446400,135.0
2025-08-16 20:00:00,2025-08-17 20:00:00,1755450000,12.0
2025-08-16 21:00:00,2025-08-17 21:00:00,1755453600,0.0
2025-08-16 22:00:00,2025-08-17 22:00:00,1755457200,0.0
2025-08-16 23:00:00,2025-08-17 23:00:00,1755460800,0.0
2025-08-17 00:00:00,2025-08-18 00:00:00,1755464400,0.0
2025-08-17 01:00:00,2025-08-18 01:00:00,1755468000,0.0
2025-08-17 02:00:00,2025-08-18 02:00:00,1755471600,0.0
2025-08-17 03:00:00,2025-08-18 03:00:00,1755475200,0.0
2025-08-17 04:00:00,2025-08-18 04:00:00,1755478800,0.0
2025-08-17 05:00:00,2025-08-18 05:00:00,1755482400,0.0
2025-08-17 06:00:00,2025-08-18 06:00:00,1755486000,0.0
2025-08-17 07:00:00,2025-08-18 07:00:00,1755489600,24.0
2025-08-17 08:00:00,2025-08-18 08:00:00,1755493200,158.0
2025-08-17 09:00:00,2025-08-18 09:00:00,1755496800,338.0
2025-08-17 10:00:00,2025-08-18 10:00:00,1755500400,535.0
2025-08-17 11:00:00,2025-08-18 11:00:00,1755504000,712.0
2025-08-17 12:00:00,2025-08-18 12:00:00,1755507600,842.0
2025-08-17 13:00:00,2025-08-18 13:00:00,1755511200,888.0
2025-08-17 14:00:00,2025-08-18 14:00:00,1755514800,871.0
2025-08-17 15:00:00,2025-08-18 15:00:00,1755518400,821.0
2025-08-17 16:00:00,2025-08-18 16:00:00,1755522000,705.0
2025-08-17 17:00:00,2025-08-18 17:00:00,1755525600,539.0
2025-08-17 18:00:00,2025-08-18 18:00:00,1755529200,338.0
2025-08-17 19:00:00,2025-08-18 19:00:00,1755532800,139.0
2025-08-17 20:00:00,2025-08-18 20:00:00,1755536400,12.0
2025-08-17 21:00:00,2025-08-18 21:00:00,1755540000,0.0
2025-08-17 22:00:00,2025-08-18 22:00:00,1755543600,0.0
2025-08-17 23:00:00,2025-08-18 23:00:00,1755547200,0.0
2025-08-18 00:00:00,2025-08-19 00:00:00,1755550800,0.0
2025-08-18 01:00:00,2025-08-19 01:00:00,1755554400,0.0
2025-08-18 02:00:00,2025-08-19 02:00:00,1755558000,0.0
2025-08-18 03:00:00,2025-08-19 03:00:00,1755561600,0.0
2025-08-18 04:00:00,2025-08-19 04:00:00,1755565200,0.0
2025-08-18 05:00:00,2025-08-19 05:00:00,1755568800,0.0
2025-08-18 06:00:00,2025-08-19 06:00:00,1755572400,0.0
2025-08-18 07:00:00,2025-08-19 07:00:00,1755576000,24.0
2025-08-18 08:00:00,2025-08-19 08:00:00,1755579600,162.0
2025-08-18 09:00:00,2025-08-19 09:00:00,1755583200,364.0
2025-08-18 10:00:00,2025-08-19 10:00:00,1755586800,563.0
2025-08-18 11:00:00,2025-08-19 11:00:00,1755590400,731.0
2025-08-18 12:00:00,2025-08-19 12:00:00,1755594000,855.0
2025-08-18 13:00:00,2025-08-19 13:00:00,1755597600,914.0
2025-08-18 14:00:00,2025-08-19 14:00:00,1755601200,909.0
2025-08-18 15:00:00,2025-08-19 15:00:00,1755604800,840.0
2025-08-18 16:00:00,2025-08-19 16:00:00,1755608400,710.0
2025-08-18 17:00:00,2025-08-19 17:00:00,1755612000,537.0
2025-08-18 18:00:00,2025-08-19 18:00:00,1755615600,337.0
2025-08-18 19:00:00,2025-08-19 19:00:00,1755619200,138.0
2025-08-18 20:00:00,2025-08-19 20:00:00,1755622800,11.0
2025-08-18 21:00:00,2025-08-19 21:00:00,1755626400,0.0
2025-08-18 22:00:00,2025-08-19 22:00:00,1755630000,0.0
2025-08-18 23:00:00,2025-08-19 23:00:00,1755633600,0.0
2025-08-19 00:00:00,2025-08-20 00:00:00,1755637200,0.0
2025-08-19 01:00:00,2025-08-20 01:00:00,1755640800,0.0
2025-08-19 02:00:00,2025-08-20 02:00:00,1755644400,0.0
2025-08-19 03:00:00,2025-08-20 03:00:00,1755648000,0.0
2025-08-19 04:00:00,2025-08-20 04:00:00,1755651600,0.0
2025-08-19 05:00:00,2025-08-20 05:00:00,1755655200,0.0
2025-08-19 06:00:00,2025-08-20 06:00:00,1755658800,0.0
2025-08-19 07:00:00,2025-08-20 07:00:00,1755662400,24.0
2025-08-19 08:00:00,2025-08-20 08:00:00,1755666000,170.0
2025-08-19 09:00:00,2025-08-20 09:00:00,1755669600,360.0
2025-08-19 10:00:00,2025-08-20 10:00:00,1755673200,564.0
2025-08-19 11:00:00,2025-08-20 11:00:00,1755676800,744.0
2025-08-19 12:00:00,2025-08-20 12:00:00,1755680400,862.0
2025-08-19 13:00:00,2025-08-20 13:00:00,1755684000,919.0
2025-08-19 14:00:00,2025-08-20 14:00:00,1755687600,908.0
2025-08-19 15:00:00,2025-08-20 15:00:00,1755691200,834.0
2025-08-19 16:00:00,2025-08-20 16:00:00,1755694800,699.0
2025-08-19 17:00:00,2025-08-20 17:00:00,1755698400,523.0
2025-08-19 18:00:00,2025-08-20 18:00:00,1755702000,327.0
2025-08-19 19:00:00,2025-08-20 19:00:00,1755705600,132.0
2025-08-19 20:00:00,2025-08-20 20:00:00,1755709200,10.0
2025-08-19 21:00:00,2025-08-20 21:00:00,1755712800,0.0
2025-08-19 22:00:00,2025-08-20 22:00:00,1755716400,0.0
2025-08-19 23:00:00,2025-08-20 23:00:00,1755720000,0.0
2025-08-20 00:00:00,2025-08-21 00:00:00,1755723600,0.0
2025-08-20 01:00:00,2025-08-21 01:00:00,1755727200,0.0
2025-08-20 02:00:00,2025-08-21 02:00:00,1755730800,0.0
2025-08-20 03:00:00,2025-08-21 03:00:00,1755734400,0.0
2025-08-20 04:00:00,2025-08-21 04:00:00,1755738000,0.0
2025-08-20 05:00:00,2025-08-21 05:00:00,1755741600,0.0
2025-08-20 06:00:00,2025-08-21 06:00:00,1755745200,0.0
2025-08-20 07:00:00,2025-08-21 07:00:00,1755748800,23.0
2025-08-20 08:00:00,2025-08-21 08:00:00,1755752400,170.0
2025-08-20 09:00:00,2025-08-21 09:00:00,1755756000,370.0
2025-08-20 10:00:00,2025-08-21 10:00:00,1755759600,564.0
2025-08-20 11:00:00,2025-08-21 11:00:00,1755763200,727.0
2025-08-20 12:00:00,2025-08-21 12:00:00,1755766800,842.0
2025-08-20 13:00:00,2025-08-21 13:00:00,1755770400,896.0
2025-08-20 14:00:00,2025-08-21 14:00:00,1755774000,879.0
2025-08-20 15:00:00,2025-08-21 15:00:00,1755777600,808.0
2025-08-20 16:00:00,2025-08-21 16:00:00,1755781200,684.0
2025-08-20 17:00:00,2025-08-21 17:00:00,1755784800,515.0
2025-08-20 18:00:00,2025-08-21 18:00:00,1755788400,318.0
2025-08-20 19:00:00,2025-08-21 19:00:00,1755792000,126.0
2025-08-20 20:00:00,2025-08-21 20:00:00,1755795600,9.0
2025-08-20 21:00:00,2025-08-21 21:00:00,1755799200,0.0
2025-08-20 22:00:00,2025-08-21 22:00:00,1755802800,0.0
2025-08-20 23:00:00,2025-08-21 23:00:00,1755806400,0.0
2025-08-21 00:00:00,2025-08-22 00:00:00,1755810000,0.0
2025-08-21 01:00:00,2025-08-22 01:00:00,1755813600,0.0
2025-08-21 02:00:00,2025-08-22 02:00:00,1755817200,0.0
2025-08-21 03:00:00,2025-08-22 03:00:00,1755820800,0.0
2025-08-21 04:00:00,2025-08-22 04:00:00,1755824400,0.0
2025-08-21 05:00:00,2025-08-22 05:00:00,1755828000,0.0
2025-08-21 06:00:00,2025-08-22 06:00:00,1755831600,0.0
2025-08-21 07:00:00,2025-08-22 07:00:00,1755835200,23.0
2025-08-21 08:00:00,2025-08-22 08:00:00,1755838800,172.0
2025-08-21 09:00:00,2025-08-22 09:00:00,1755842400,374.0
2025-08-21 10:00:00,2025-08-22 10:00:00,1755846000,569.0
2025-08-21 11:00:00,2025-08-22 11:00:00,1755849600,730.0
2025-08-21 12:00:00,2025-08-22 12:00:00,1755853200,844.0
2025-08-21 13:00:00,2025-08-22 13:00:00,1755856800,892.0
2025-08-21 14:00:00,2025-08-22 14:00:00,1755860400,881.0
2025-08-21 15:00:00,2025-08-22 15:00:00,1755864000,818.0
2025-08-21 16:00:00,2025-08-22 16:00:00,1755867600,692.0
2025-08-21 17:00:00,2025-08-22 17:00:00,1755871200,524.0
2025-08-21 18:00:00,2025-08-22 18:00:00,1755874800,327.0
2025-08-21 19:00:00,2025-08-22 19:00:00,1755878400,129.0
2025-08-21 20:00:00,2025-08-22 20:00:00,1755882000,8.0
2025-08-21 21:00:00,2025-08-22 21:00:00,1755885600,0.0
2025-08-21 22:00:00,2025-08-22 22:00:00,1755889200,0.0
2025-08-21 23:00:00,2025-08-22 23:00:00,1755892800,0.0
2025-08-22 00:00:00,2025-08-23 00:00:00,1755896400,0.0
2025-08-22 01:00:00,2025-08-23 01:00:00,1755900000,0.0
2025-08-22 02:00:00,2025-08-23 02:00:00,1755903600,0.0
2025-08-22 03:00:00,2025-08-23 03:00:00,1755907200,0.0
2025-08-22 04:00:00,2025-08-23 04:00:00,1755910800,0.0
2025-08-22 05:00:00,2025-08-23 05:00:00,1755914400,0.0
2025-08-22 06:00:00,2025-08-23 06:00:00,1755918000,0.0
2025-08-22 07:00:00,2025-08-23 07:00:00,1755921600,23.0
2025-08-22 08:00:00,2025-08-23 08:00:00,1755925200,173.0
2025-08-22 09:00:00,2025-08-23 09:00:00,1755928800,377.0
2025-08-22 10:00:00,2025-08-23 10:00:00,1755932400,574.0
2025-08-22 11:00:00,2025-08-23 11:00:00,1755936000,738.0
2025-08-22 12:00:00,2025-08-23 12:00:00,1755939600,854.0
2025-08-22 13:00:00,2025-08-23 13:00:00,1755943200,910.0
2025-08-22 14:00:00,2025-08-23 14:00:00,1755946800,899.0
2025-08-22 15:00:00,2025-08-23 15:00:00,1755950400,826.0
2025-08-22 16:00:00,2025-08-23 16:00:00,1755954000,698.0
2025-08-22 17:00:00,2025-08-23 17:00:00,1755957600,527.0
2025-08-22 18:00:00,2025-08-23 18:00:00,1755961200,327.0
2025-08-22 19:00:00,2025-08-23 19:00:00,1755964800,126.0
2025-08-22 20:00:00,2025-08-23 20:00:00,1755968400,8.0
2025-08-22 21:00:00,2025-08-23 21:00:00,1755972000,0.0
2025-08-22 22:00:00,2025-08-23 22:00:00,1755975600,0.0
2025-08-22 23:00:00,2025-08-23 23:00:00,1755979200,0.0
2025-08-23 00:00:00,2025-08-24 00:00:00,1755982800,0.0
2025-08-23 01:00:00,2025-08-24 01:00:00,1755986400,0.0
2025-08-23 02:00:00,2025-08-24 02:00:00,1755990000,0.0
2025-08-23 03:00:00,2025-08-24 03:00:00,1755993600,0.0
2025-08-23 04:00:00,2025-08-24 04:00:00,1755997200,0.0
2025-08-23 05:00:00,2025-08-24 05:00:00,1756000800,0.0
2025-08-23 06:00:00,2025-08-24 06:00:00,1756004400,0.0
2025-08-23 07:00:00,2025-08-24 07:00:00,1756008000,22.0
2025-08-23 08:00:00,2025-08-24 08:00:00,1756011600,172.0
2025-08-23 09:00:00,2025-08-24 09:00:00,1756015200,375.0
2025-08-23 10:00:00,2025-08-24 10:00:00,1756018800,561.0
2025-08-23 11:00:00,2025-08-24 11:00:00,1756022400,676.0
2025-08-23 12:00:00,2025-08-24 12:00:00,1756026000,822.0
2025-08-23 13:00:00,2025-08-24 13:00:00,1756029600,891.0
2025-08-23 14:00:00,2025-08-24 14:00:00,1756033200,890.0
2025-08-23 15:00:00,2025-08-24 15:00:00,1756036800,819.0
2025-08-23 16:00:00,2025-08-24 16:00:00,1756040400,689.0
2025-08-23 17:00:00,2025-08-24 17:00:00,1756044000,505.0
2025-08-23 18:00:00,2025-08-24 18:00:00,1756047600,307.0
2025-08-23 19:00:00,2025-08-24 19:00:00,1756051200,115.0
2025-08-23 20:00:00,2025-08-24 20:00:00,1756054800,6.0
2025-08-23 21:00:00,2025-08-24 21:00:00,1756058400,0.0
2025-08-23 22:00:00,2025-08-24 22:00:00,1756062000,0.0
2025-08-23 23:00:00,2025-08-24 23:00:00,1756065600,0.0
2025-08-24 00:00:00,2025-08-25 00:00:00,1756069200,0.0
2025-08-24 01:00:00,2025-08-25 01:00:00,1756072800,0.0
2025-08-24 02:00:00,2025-08-25 02:00:00,1756076400,0.0
2025-08-24 03:00:00,2025-08-25 03:00:00,1756080000,0.0
2025-08-24 04:00:00,2025-08-25 04:00:00,1756083600,0.0
2025-08-24 05:00:00,2025-08-25 05:00:00,1756087200,0.0
2025-08-24 06:00:00,2025-08-25 06:00:00,1756090800,0.0
2025-08-24 07:00:00,2025-08-25 07:00:00,1756094400,21.0
2025-08-24 08:00:00,2025-08-25 08:00:00,1756098000,166.0
2025-08-24 09:00:00,2025-08-25 09:00:00,1756101600,371.0
2025-08-24 10:00:00,2025-08-25 10:00:00,1756105200,568.0
2025-08-24 11:00:00,2025-08-25 11:00:00,1756108800,733.0
2025-08-24 12:00:00,2025-08-25 12:00:00,1756112400,848.0
2025-08-24 13:00:00,2025-08-25 13:00:00,1756116000,897.0
2025-08-24 14:00:00,2025-08-25 14:00:00,1756119600,871.0
2025-08-24 15:00:00,2025-08-25 15:00:00,1756123200,799.0
2025-08-24 16:00:00,2025-08-25 16:00:00,1756126800,653.0
2025-08-24 17:00:00,2025-08-25 17:00:00,1756130400,489.0
2025-08-24 18:00:00,2025-08-25 18:00:00,1756134000,297.0
2025-08-24 19:00:00,2025-08-25 19:00:00,1756137600,111.0
2025-08-24 20:00:00,2025-08-25 20:00:00,1756141200,6.0
2025-08-24 21:00:00,2025-08-25 21:00:00,1756144800,0.0
2025-08-24 22:00:00,2025-08-25 22:00:00,1756148400,0.0
2025-08-24 23:00:00,2025-08-25 23:00:00,1756152000,0.0
2025-08-25 00:00:00,2025-08-26 00:00:00,1756155600,0.0
2025-08-25 01:00:00,2025-08-26 01:00:00,1756159200,0.0
2025-08-25 02:00:00,2025-08-26 02:00:00,1756162800,0.0
2025-08-25 03:00:00,2025-08-26 03:00:00,1756166400,0.0
2025-08-25 04:00:00,2025-08-26 04:00:00,1756170000,0.0
2025-08-25 05:00:00,2025-08-26 05:00:00,1756173600,0.0
2025-08-25 06:00:00,2025-08-26 06:00:00,1756177200,0.0
2025-08-25 07:00:00,2025-08-26 07:00:00,1756180800,19.0
2025-08-25 08:00:00,2025-08-26 08:00:00,1756184400,159.0
2025-08-25 09:00:00,2025-08-26 09:00:00,1756188000,357.0
2025-08-25 10:00:00,2025-08-26 10:00:00,1756191600,546.0
2025-08-25 11:00:00,2025-08-26 11:00:00,1756195200,706.0
2025-08-25 12:00:00,2025-08-26 12:00:00,1756198800,804.0
2025-08-25 13:00:00,2025-08-26 13:00:00,1756202400,827.0
2025-08-25 14:00:00,2025-08-26 14:00:00,1756206000,827.0
2025-08-25 15:00:00,2025-08-26 15:00:00,1756209600,763.0
2025-08-25 16:00:00,2025-08-26 16:00:00,1756213200,650.0
2025-08-25 17:00:00,2025-08-26 17:00:00,1756216800,485.0
2025-08-25 18:00:00,2025-08-26 18:00:00,1756220400,297.0
2025-08-25 19:00:00,2025-08-26 19:00:00,1756224000,109.0
2025-08-25 20:00:00,2025-08-26 20:00:00,1756227600,5.0
2025-08-25 21:00:00,2025-08-26 21:00:00,1756231200,0.0
2025-08-25 22:00:00,2025-08-26 22:00:00,1756234800,0.0
2025-08-25 23:00:00,2025-08-26 23:00:00,1756238400,0.0
2025-08-26 00:00:00,2025-08-27 00:00:00,1756242000,0.0
2025-08-26 01:00:00,2025-08-27 01:00:00,1756245600,0.0
2025-08-26 02:00:00,2025-08-27 02:00:00,1756249200,0.0
2025-08-26 03:00:00,2025-08-27 03:00:00,1756252800,0.0
2025-08-26 04:00:00,2025-08-27 04:00:00,1756256400,0.0
2025-08-26 05:00:00,2025-08-27 05:00:00,1756260000,0.0
2025-08-26 06:00:00,2025-08-27 06:00:00,1756263600,0.0
2025-08-26 07:00:00,2025-08-27 07:00:00,1756267200,18.0
2025-08-26 08:00:00,2025-08-27 08:00:00,1756270800,155.0
2025-08-26 09:00:00,2025-08-27 09:00:00,1756274400,355.0
2025-08-26 10:00:00,2025-08-27 10:00:00,1756278000,550.0
2025-08-26 11:00:00,2025-08-27 11:00:00,1756281600,716.0
2025-08-26 12:00:00,2025-08-27 12:00:00,1756285200,829.0
2025-08-26 13:00:00,2025-08-27 13:00:00,1756288800,881.0
2025-08-26 14:00:00,2025-08-27 14:00:00,1756292400,872.0
2025-08-26 15:00:00,2025-08-27 15:00:00,1756296000,806.0
2025-08-26 16:00:00,2025-08-27 16:00:00,1756299600,668.0
2025-08-26 17:00:00,2025-08-27 17:00:00,1756303200,497.0
2025-08-26 18:00:00,2025-08-27 18:00:00,1756306800,304.0
2025-08-26 19:00:00,2025-08-27 19:00:00,1756310400,109.0
2025-08-26 20:00:00,2025-08-27 20:00:00,1756314000,4.0
2025-08-26 21:00:00,2025-08-27 21:00:00,1756317600,0.0
2025-08-26 22:00:00,2025-08-27 22:00:00,1756321200,0.0
2025-08-26 23:00:00,2025-08-27 23:00:00,1756324800,0.0
2025-08-27 00:00:00,2025-08-28 00:00:00,1756328400,0.0
2025-08-27 01:00:00,2025-08-28 01:00:00,1756332000,0.0
2025-08-27 02:00:00,2025-08-28 02:00:00,1756335600,0.0
2025-08-27 03:00:00,2025-08-28 03:00:00,1756339200,0.0
2025-08-27 04:00:00,2025-08-28 04:00:00,1756342800,0.0
2025-08-27 05:00:00,2025-08-28 05:00:00,1756346400,0.0
2025-08-27 06:00:00,2025-08-28 06:00:00,1756350000,0.0
2025-08-27 07:00:00,2025-08-28 07:00:00,1756353600,17.0
2025-08-27 08:00:00,2025-08-28 08:00:00,1756357200,155.0
2025-08-27 09:00:00,2025-08-28 09:00:00,1756360800,356.0
2025-08-27 10:00:00,2025-08-28 10:00:00,1756364400,555.0
2025-08-27 11:00:00,2025-08-28 11:00:00,1756368000,720.0
2025-08-27 12:00:00,2025-08-28 12:00:00,1756371600,834.0
2025-08-27 13:00:00,2025-08-28 13:00:00,1756375200,889.0
2025-08-27 14:00:00,2025-08-28 14:00:00,1756378800,878.0
2025-08-27 15:00:00,2025-08-28 15:00:00,1756382400,799.0
2025-08-27 16:00:00,2025-08-28 16:00:00,1756386000,666.0
2025-08-27 17:00:00,2025-08-28 17:00:00,1756389600,495.0
2025-08-27 18:00:00,2025-08-28 18:00:00,1756393200,295.0
2025-08-27 19:00:00,2025-08-28 19:00:00,1756396800,104.0
2025-08-27 20:00:00,2025-08-28 20:00:00,1756400400,4.0
2025-08-27 21:00:00,2025-08-28 21:00:00,1756404000,0.0
2025-08-27 22:00:00,2025-08-28 22:00:00,1756407600,0.0
2025-08-27 23:00:00,2025-08-28 23:00:00,1756411200,0.0
2025-08-28 00:00:00,2025-08-29 00:00:00,1756414800,0.0
2025-08-28 01:00:00,2025-08-29 01:00:00,1756418400,0.0
2025-08-28 02:00:00,2025-08-29 02:00:00,1756422000,0.0
2025-08-28 03:00:00,2025-08-29 03:00:00,1756425600,0.0
2025-08-28 04:00:00,2025-08-29 04:00:00,1756429200,0.0
2025-08-28 05:00:00,2025-08-29 05:00:00,1756432800,0.0
2025-08-28 06:00:00,2025-08-29 06:00:00,1756436400,0.0
2025-08-28 07:00:00,2025-08-29 07:00:00,1756440000,16.0
2025-08-28 08:00:00,2025-08-29 08:00:00,1756443600,146.0
2025-08-28 09:00:00,2025-08-29 09:00:00,1756447200,338.0
2025-08-28 10:00:00,2025-08-29 10:00:00,1756450800,537.0
2025-08-28 11:00:00,2025-08-29 11:00:00,1756454400,710.0
2025-08-28 12:00:00,2025-08-29 12:00:00,1756458000,826.0
2025-08-28 13:00:00,2025-08-29 13:00:00,1756461600,872.0
2025-08-28 14:00:00,2025-08-29 14:00:00,1756465200,852.0
2025-08-28 15:00:00,2025-08-29 15:00:00,1756468800,794.0
2025-08-28 16:00:00,2025-08-29 16:00:00,1756472400,657.0
2025-08-28 17:00:00,2025-08-29 17:00:00,1756476000,476.0
2025-08-28 18:00:00,2025-08-29 18:00:00,1756479600,283.0
2025-08-28 19:00:00,2025-08-29 19:00:00,1756483200,93.0
2025-08-28 20:00:00,2025-08-29 20:00:00,1756486800,3.0
2025-08-28 21:00:00,2025-08-29 21:00:00,1756490400,0.0
2025-08-28 22:00:00,2025-08-29 22:00:00,1756494000,0.0
2025-08-28 23:00:00,2025-08-29 23:00:00,1756497600,0.0
2025-08-29 00:00:00,2025-08-30 00:00:00,1756501200,0.0
2025-08-29 01:00:00,2025-08-30 01:00:00,1756504800,0.0
2025-08-29 02:00:00,2025-08-30 02:00:00,1756508400,0.0
2025-08-29 03:00:00,2025-08-30 03:00:00,1756512000,0.0
2025-08-29 04:00:00,2025-08-30 04:00:00,1756515600,0.0
2025-08-29 05:00:00,2025-08-30 05:00:00,1756519200,0.0
2025-08-29 06:00:00,2025-08-30 06:00:00,1756522800,0.0
2025-08-29 07:00:00,2025-08-30 07:00:00,1756526400,16.0
2025-08-29 08:00:00,2025-08-30 08:00:00,1756530000,144.0
2025-08-29 09:00:00,2025-08-30 09:00:00,1756533600,338.0
2025-08-29 10:00:00,2025-08-30 10:00:00,1756537200,531.0
2025-08-29 11:00:00,2025-08-30 11:00:00,1756540800,699.0
2025-08-29 12:00:00,2025-08-30 12:00:00,1756544400,816.0
2025-08-29 13:00:00,2025-08-30 13:00:00,1756548000,871.0
2025-08-29 14:00:00,2025-08-30 14:00:00,1756551600,863.0
2025-08-29 15:00:00,2025-08-30 15:00:00,1756555200,793.0
2025-08-29 16:00:00,2025-08-30 16:00:00,1756558800,662.0
2025-08-29 17:00:00,2025-08-30 17:00:00,1756562400,487.0
2025-08-29 18:00:00,2025-08-30 18:00:00,1756566000,273.0
2025-08-29 19:00:00,2025-08-30 19:00:00,1756569600,84.0
2025-08-29 20:00:00,2025-08-30 20:00:00,1756573200,3.0
2025-08-29 21:00:00,2025-08-30 21:00:00,1756576800,0.0
2025-08-29 22:00:00,2025-08-30 22:00:00,1756580400,0.0
2025-08-29 23:00:00,2025-08-30 23:00:00,1756584000,0.0
2025-08-30 00:00:00,2025-08-31 00:00:00,1756587600,0.0
2025-08-30 01:00:00,2025-08-31 01:00:00,1756591200,0.0
2025-08-30 02:00:00,2025-08-31 02:00:00,1756594800,0.0
2025-08-30 03:00:00,2025-08-31 03:00:00,1756598400,0.0
2025-08-30 04:00:00,2025-08-31 04:00:00,1756602000,0.0
2025-08-30 05:00:00,2025-08-31 05:00:00,1756605600,0.0
2025-08-30 06:00:00,2025-08-31 06:00:00,1756609200,0.0
2025-08-30 07:00:00,2025-08-31 07:00:00,1756612800,15.0
2025-08-30 08:00:00,2025-08-31 08:00:00,1756616400,139.0
2025-08-30 09:00:00,2025-08-31 09:00:00,1756620000,336.0
2025-08-30 10:00:00,2025-08-31 10:00:00,1756623600,526.0
2025-08-30 11:00:00,2025-08-31 11:00:00,1756627200,704.0
2025-08-30 12:00:00,2025-08-31 12:00:00,1756630800,812.0
2025-08-30 13:00:00,2025-08-31 13:00:00,1756634400,850.0
2025-08-30 14:00:00,2025-08-31 14:00:00,1756638000,854.0
2025-08-30 15:00:00,2025-08-31 15:00:00,1756641600,790.0
2025-08-30 16:00:00,2025-08-31 16:00:00,1756645200,674.0
2025-08-30 17:00:00,2025-08-31 17:00:00,1756648800,499.0
2025-08-30 18:00:00,2025-08-31 18:00:00,1756652400,294.0
2025-08-30 19:00:00,2025-08-31 19:00:00,1756656000,98.0
2025-08-30 20:00:00,2025-08-31 20:00:00,1756659600,2.0
2025-08-30 21:00:00,2025-08-31 21:00:00,1756663200,0.0
2025-08-30 22:00:00,2025-08-31 22:00:00,1756666800,0.0
2025-08-30 23:00:00,2025-08-31 23:00:00,1756670400,0.0
2025-08-31 00:00:00,2025-09-01 00:00:00,1756674000,0.0
2025-08-31 01:00:00,2025-09-01 01:00:00,1756677600,0.0
2025-08-31 02:00:00,2025-09-01 02:00:00,1756681200,0.0
2025-08-31 03:00:00,2025-09-01 03:00:00,1756684800,0.0
2025-08-31 04:00:00,2025-09-01 04:00:00,1756688400,0.0
2025-08-31 05:00:00,2025-09-01 05:00:00,1756692000,0.0
2025-08-31 06:00:00,2025-09-01 06:00:00,1756695600,0.0
2025-08-31 07:00:00,2025-09-01 07:00:00,1756699200,15.0
2025-08-31 08:00:00,2025-09-01 08:00:00,1756702800,151.0
2025-08-31 09:00:00,2025-09-01 09:00:00,1756706400,352.0
2025-08-31 10:00:00,2025-09-01 10:00:00,1756710000,544.0
2025-08-31 11:00:00,2025-09-01 11:00:00,1756713600,691.0
2025-08-31 12:00:00,2025-09-01 12:00:00,1756717200,820.0
2025-08-31 13:00:00,2025-09-01 13:00:00,1756720800,876.0
2025-08-31 14:00:00,2025-09-01 14:00:00,1756724400,866.0
2025-08-31 15:00:00,2025-09-01 15:00:00,1756728000,793.0
2025-08-31 16:00:00,2025-09-01 16:00:00,1756731600,665.0
2025-08-31 17:00:00,2025-09-01 17:00:00,1756735200,490.0
2025-08-31 18:00:00,2025-09-01 18:00:00,1756738800,286.0
2025-08-31 19:00:00,2025-09-01 19:00:00,1756742400,92.0
2025-08-31 20:00:00,2025-09-01 20:00:00,1756746000,2.0
2025-08-31 21:00:00,2025-09-01 21:00:00,1756749600,0.0
2025-08-31 22:00:00,2025-09-01 22:00:00,1756753200,0.0
2025-08-31 23:00:00,2025-09-01 23:00:00,1756756800,0.0
2025-09-01 00:00:00,2025-09-02 00:00:00,1756760400,0.0
2025-09-01 01:00:00,2025-09-02 01:00:00,1756764000,0.0
2025-09-01 02:00:00,2025-09-02 02:00:00,1756767600,0.0
2025-09-01 03:00:00,2025-09-02 03:00:00,1756771200,0.0
2025-09-01 04:00:00,2025-09-02 04:00:00,1756774800,0.0
2025-09-01 05:00:00,2025-09-02 05:00:00,1756778400,0.0
2025-09-01 06:00:00,2025-09-02 06:00:00,1756782000,0.0
2025-09-01 07:00:00,2025-09-02 07:00:00,1756785600,13.0
2025-09-01 08:00:00,2025-09-02 08:00:00,1756789200,135.0
2025-09-01 09:00:00,2025-09-02 09:00:00,1756792800,318.0
2025-09-01 10:00:00,2025-09-02 10:00:00,1756796400,495.0
2025-09-01 11:00:00,2025-09-02 11:00:00,1756800000,547.0
2025-09-01 12:00:00,2025-09-02 12:00:00,1756803600,694.0
2025-09-01 13:00:00,2025-09-02 13:00:00,1756807200,742.0
2025-09-01 14:00:00,2025-09-02 14:00:00,1756810800,804.0
2025-09-01 15:00:00,2025-09-02 15:00:00,1756814400,759.0
2025-09-01 16:00:00,2025-09-02 16:00:00,1756818000,656.0
2025-09-01 17:00:00,2025-09-02 17:00:00,1756821600,484.0
2025-09-01 18:00:00,2025-09-02 18:00:00,1756825200,279.0
2025-09-01 19:00:00,2025-09-02 19:00:00,1756828800,87.0
2025-09-01 20:00:00,2025-09-02 20:00:00,1756832400,1.0
2025-09-01 21:00:00,2025-09-02 21:00:00,1756836000,0.0
2025-09-01 22:00:00,2025-09-02 22:00:00,1756839600,0.0
2025-09-01 23:00:00,2025-09-02 23:00:00,1756843200,0.0
2025-09-02 00:00:00,2025-09-03 00:00:00,1756846800,0.0
2025-09-02 01:00:00,2025-09-03 01:00:00,1756850400,0.0
2025-09-02 02:00:00,2025-09-03 02:00:00,1756854000,0.0
2025-09-02 03:00:00,2025-09-03 03:00:00,1756857600,0.0
2025-09-02 04:00:00,2025-09-03 04:00:00,1756861200,0.0
2025-09-02 05:00:00,2025-09-03 05:00:00,1756864800,0.0
2025-09-02 06:00:00,2025-09-03 06:00:00,1756868400,0.0
2025-09-02 07:00:00,2025-09-03 07:00:00,1756872000,12.0
2025-09-02 08:00:00,2025-09-03 08:00:00,1756875600,136.0
2025-09-02 09:00:00,2025-09-03 09:00:00,1756879200,329.0
2025-09-02 10:00:00,2025-09-03 10:00:00,1756882800,497.0
2025-09-02 11:00:00,2025-09-03 11:00:00,1756886400,666.0
2025-09-02 12:00:00,2025-09-03 12:00:00,1756890000,801.0
2025-09-02 13:00:00,2025-09-03 13:00:00,1756893600,862.0
2025-09-02 14:00:00,2025-09-03 14:00:00,1756897200,843.0
2025-09-02 15:00:00,2025-09-03 15:00:00,1756900800,768.0
2025-09-02 16:00:00,2025-09-03 16:00:00,1756904400,626.0
2025-09-02 17:00:00,2025-09-03 17:00:00,1756908000,465.0
2025-09-02 18:00:00,2025-09-03 18:00:00,1756911600,269.0
2025-09-02 19:00:00,2025-09-03 19:00:00,1756915200,84.0
2025-09-02 20:00:00,2025-09-03 20:00:00,1756918800,1.0
2025-09-02 21:00:00,2025-09-03 21:00:00,1756922400,0.0
2025-09-02 22:00:00,2025-09-03 22:00:00,1756926000,0.0
2025-09-02 23:00:00,2025-09-03 23:00:00,1756929600,0.0
2025-09-03 00:00:00,2025-09-04 00:00:00,1756933200,0.0
2025-09-03 01:00:00,2025-09-04 01:00:00,1756936800,0.0
2025-09-03 02:00:00,2025-09-04 02:00:00,1756940400,0.0
2025-09-03 03:00:00,2025-09-04 03:00:00,1756944000,0.0
2025-09-03 04:00:00,2025-09-04 04:00:00,1756947600,0.0
2025-09-03 05:00:00,2025-09-04 05:00:00,1756951200,0.0
2025-09-03 06:00:00,2025-09-04 06:00:00,1756954800,0.0
2025-09-03 07:00:00,2025-09-04 07:00:00,1756958400,13.0
2025-09-03 08:00:00,2025-09-04 08:00:00,1756962000,143.0
2025-09-03 09:00:00,2025-09-04 09:00:00,1756965600,340.0
2025-09-03 10:00:00,2025-09-04 10:00:00,1756969200,522.0
2025-09-03 11:00:00,2025-09-04 11:00:00,1756972800,676.0
2025-09-03 12:00:00,2025-09-04 12:00:00,1756976400,791.0
2025-09-03 13:00:00,2025-09-04 13:00:00,1756980000,847.0
2025-09-03 14:00:00,2025-09-04 14:00:00,1756983600,832.0
2025-09-03 15:00:00,2025-09-04 15:00:00,1756987200,761.0
2025-09-03 16:00:00,2025-09-04 16:00:00,1756990800,632.0
2025-09-03 17:00:00,2025-09-04 17:00:00,1756994400,461.0
2025-09-03 18:00:00,2025-09-04 18:00:00,1756998000,268.0
2025-09-03 19:00:00,2025-09-04 19:00:00,1757001600,81.0
2025-09-03 20:00:00,2025-09-04 20:00:00,1757005200,1.0
2025-09-03 21:00:00,2025-09-04 21:00:00,1757008800,0.0
2025-09-03 22:00:00,2025-09-04 22:00:00,1757012400,0.0
2025-09-03 23:00:00,2025-09-04 23:00:00,1757016000,0.0
2025-09-04 00:00:00,2025-09-05 00:00:00,1757019600,0.0
2025-09-04 01:00:00,2025-09-05 01:00:00,1757023200,0.0
2025-09-04 02:00:00,2025-09-05 02:00:00,1757026800,0.0
2025-09-04 03:00:00,2025-09-05 03:00:00,1757030400,0.0
2025-09-04 04:00:00,2025-09-05 04:00:00,1757034000,0.0
2025-09-04 05:00:00,2025-09-05 05:00:00,1757037600,0.0
2025-09-04 06:00:00,2025-09-05 06:00:00,1757041200,0.0
2025-09-04 07:00:00,2025-09-05 07:00:00,1757044800,12.0
2025-09-04 08:00:00,2025-09-05 08:00:00,1757048400,141.0
2025-09-04 09:00:00,2025-09-05 09:00:00,1757052000,331.0
2025-09-04 10:00:00,2025-09-05 10:00:00,1757055600,523.0
2025-09-04 11:00:00,2025-09-05 11:00:00,1757059200,689.0
2025-09-04 12:00:00,2025-09-05 12:00:00,1757062800,807.0
2025-09-04 13:00:00,2025-09-05 13:00:00,1757066400,865.0
2025-09-04 14:00:00,2025-09-05 14:00:00,1757070000,857.0
2025-09-04 15:00:00,2025-09-05 15:00:00,1757073600,783.0
2025-09-04 16:00:00,2025-09-05 16:00:00,1757077200,639.0
2025-09-04 17:00:00,2025-09-05 17:00:00,1757080800,464.0
2025-09-04 18:00:00,2025-09-05 18:00:00,1757084400,259.0
2025-09-04 19:00:00,2025-09-05 19:00:00,1757088000,76.0
2025-09-04 20:00:00,2025-09-05 20:00:00,1757091600,1.0
2025-09-04 21:00:00,2025-09-05 21:00:00,1757095200,0.0
2025-09-04 22:00:00,2025-09-05 22:00:00,1757098800,0.0
2025-09-04 23:00:00,2025-09-05 23:00:00,1757102400,0.0
2025-09-05 00:00:00,2025-09-06 00:00:00,1757106000,0.0
2025-09-05 01:00:00,2025-09-06 01:00:00,1757109600,0.0
2025-09-05 02:00:00,2025-09-06 02:00:00,1757113200,0.0
2025-09-05 03:00:00,2025-09-06 03:00:00,1757116800,0.0
2025-09-05 04:00:00,2025-09-06 04:00:00,1757120400,0.0
2025-09-05 05:00:00,2025-09-06 05:00:00,1757124000,0.0
2025-09-05 06:00:00,2025-09-06 06:00:00,1757127600,0.0
2025-09-05 07:00:00,2025-09-06 07:00:00,1757131200,12.0
2025-09-05 08:00:00,2025-09-06 08:00:00,1757134800,141.0
2025-09-05 09:00:00,2025-09-06 09:00:00,1757138400,336.0
2025-09-05 10:00:00,2025-09-06 10:00:00,1757142000,523.0
2025-09-05 11:00:00,2025-09-06 11:00:00,1757145600,691.0
2025-09-05 12:00:00,2025-09-06 12:00:00,1757149200,816.0
2025-09-05 13:00:00,2025-09-06 13:00:00,1757152800,876.0
2025-09-05 14:00:00,2025-09-06 14:00:00,1757156400,861.0
2025-09-05 15:00:00,2025-09-06 15:00:00,1757160000,775.0
2025-09-05 16:00:00,2025-09-06 16:00:00,1757163600,644.0
2025-09-05 17:00:00,2025-09-06 17:00:00,1757167200,465.0
2025-09-05 18:00:00,2025-09-06 18:00:00,1757170800,262.0
2025-09-05 19:00:00,2025-09-06 19:00:00,1757174400,74.0
2025-09-05 20:00:00,2025-09-06 20:00:00,1757178000,0.0
2025-09-05 21:00:00,2025-09-06 21:00:00,1757181600,0.0
2025-09-05 22:00:00,2025-09-06 22:00:00,1757185200,0.0
2025-09-05 23:00:00,2025-09-06 23:00:00,1757188800,0.0
2025-09-06 00:00:00,2025-09-07 00:00:00,1757192400,0.0
2025-09-06 01:00:00,2025-09-07 01:00:00,1757196000,0.0
2025-09-06 02:00:00,2025-09-07 02:00:00,1757199600,0.0
2025-09-06 03:00:00,2025-09-07 03:00:00,1757203200,0.0
2025-09-06 04:00:00,2025-09-07 04:00:00,1757206800,0.0
2025-09-06 05:00:00,2025-09-07 05:00:00,1757210400,0.0
2025-09-06 06:00:00,2025-09-07 06:00:00,1757214000,0.0
2025-09-06 07:00:00,2025-09-07 07:00:00,1757217600,10.0
2025-09-06 08:00:00,2025-09-07 08:00:00,1757221200,134.0
2025-09-06 09:00:00,2025-09-07 09:00:00,1757224800,333.0
2025-09-06 10:00:00,2025-09-07 10:00:00,1757228400,522.0
2025-09-06 11:00:00,2025-09-07 11:00:00,1757232000,672.0
2025-09-06 12:00:00,2025-09-07 12:00:00,1757235600,766.0
2025-09-06 13:00:00,2025-09-07 13:00:00,1757239200,784.0
2025-09-06 14:00:00,2025-09-07 14:00:00,1757242800,797.0
2025-09-06 15:00:00,2025-09-07 15:00:00,1757246400,761.0
2025-09-06 16:00:00,2025-09-07 16:00:00,1757250000,631.0
2025-09-06 17:00:00,2025-09-07 17:00:00,1757253600,460.0
2025-09-06 18:00:00,2025-09-07 18:00:00,1757257200,241.0
2025-09-06 19:00:00,2025-09-07 19:00:00,1757260800,69.0
2025-09-06 20:00:00,2025-09-07 20:00:00,1757264400,0.0
2025-09-06 21:00:00,2025-09-07 21:00:00,1757268000,0.0
2025-09-06 22:00:00,2025-09-07 22:00:00,1757271600,0.0
2025-09-06 23:00:00,2025-09-07 23:00:00,1757275200,0.0
2025-09-07 00:00:00,2025-09-08 00:00:00,1757278800,0.0
2025-09-07 01:00:00,2025-09-08 01:00:00,1757282400,0.0
2025-09-07 02:00:00,2025-09-08 02:00:00,1757286000,0.0
2025-09-07 03:00:00,2025-09-08 03:00:00,1757289600,0.0
2025-09-07 04:00:00,2025-09-08 04:00:00,1757293200,0.0
2025-09-07 05:00:00,2025-09-08 05:00:00,1757296800,0.0
2025-09-07 06:00:00,2025-09-08 06:00:00,1757300400,0.0
2025-09-07 07:00:00,2025-09-08 07:00:00,1757304000,9.0
2025-09-07 08:00:00,2025-09-08 08:00:00,1757307600,125.0
2025-09-07 09:00:00,2025-09-08 09:00:00,1757311200,328.0
2025-09-07 10:00:00,2025-09-08 10:00:00,1757314800,530.0
2025-09-07 11:00:00,2025-09-08 11:00:00,1757318400,695.0
2025-09-07 12:00:00,2025-09-08 12:00:00,1757322000,811.0
2025-09-07 13:00:00,2025-09-08 13:00:00,1757325600,866.0
2025-09-07 14:00:00,2025-09-08 14:00:00,1757329200,855.0
2025-09-07 15:00:00,2025-09-08 15:00:00,1757332800,776.0
2025-09-07 16:00:00,2025-09-08 16:00:00,1757336400,627.0
2025-09-07 17:00:00,2025-09-08 17:00:00,1757340000,440.0
2025-09-07 18:00:00,2025-09-08 18:00:00,1757343600,238.0
2025-09-07 19:00:00,2025-09-08 19:00:00,1757347200,65.0
2025-09-07 20:00:00,2025-09-08 20:00:00,1757350800,0.0
2025-09-07 21:00:00,2025-09-08 21:00:00,1757354400,0.0
2025-09-07 22:00:00,2025-09-08 22:00:00,1757358000,0.0
2025-09-07 23:00:00,2025-09-08 23:00:00,1757361600,0.0
2025-09-08 00:00:00,2025-09-09 00:00:00,1757365200,0.0
2025-09-08 01:00:00,2025-09-09 01:00:00,1757368800,0.0
2025-09-08 02:00:00,2025-09-09 02:00:00,1757372400,0.0
2025-09-08 03:00:00,2025-09-09 03:00:00,1757376000,0.0
2025-09-08 04:00:00,2025-09-09 04:00:00,1757379600,0.0
2025-09-08 05:00:00,2025-09-09 05:00:00,1757383200,0.0
2025-09-08 06:00:00,2025-09-09 06:00:00,1757386800,0.0
2025-09-08 07:00:00,2025-09-09 07:00:00,1757390400,9.0
2025-09-08 08:00:00,2025-09-09 08:00:00,1757394000,127.0
2025-09-08 09:00:00,2025-09-09 09:00:00,1757397600,328.0
2025-09-08 10:00:00,2025-09-09 10:00:00,1757401200,529.0
2025-09-08 11:00:00,2025-09-09 11:00:00,1757404800,692.0
2025-09-08 12:00:00,2025-09-09 12:00:00,1757408400,786.0
2025-09-08 13:00:00,2025-09-09 13:00:00,1757412000,830.0
2025-09-08 14:00:00,2025-09-09 14:00:00,1757415600,821.0
2025-09-08 15:00:00,2025-09-09 15:00:00,1757419200,735.0
2025-09-08 16:00:00,2025-09-09 16:00:00,1757422800,604.0
2025-09-08 17:00:00,2025-09-09 17:00:00,1757426400,436.0
2025-09-08 18:00:00,2025-09-09 18:00:00,1757430000,241.0
2025-09-08 19:00:00,2025-09-09 19:00:00,1757433600,63.0
2025-09-08 20:00:00,2025-09-09 20:00:00,1757437200,0.0
2025-09-08 21:00:00,2025-09-09 21:00:00,1757440800,0.0
2025-09-08 22:00:00,2025-09-09 22:00:00,1757444400,0.0
2025-09-08 23:00:00,2025-09-09 23:00:00,1757448000,0.0
2025-09-09 00:00:00,2025-09-10 00:00:00,1757451600,0.0
2025-09-09 01:00:00,2025-09-10 01:00:00,1757455200,0.0
2025-09-09 02:00:00,2025-09-10 02:00:00,1757458800,0.0
2025-09-09 03:00:00,2025-09-10 03:00:00,1757462400,0.0
2025-09-09 04:00:00,2025-09-10 04:00:00,1757466000,0.0
2025-09-09 05:00:00,2025-09-10 05:00:00,1757469600,0.0
2025-09-09 06:00:00,2025-09-10 06:00:00,1757473200,0.0
2025-09-09 07:00:00,2025-09-10 07:00:00,1757476800,9.0
2025-09-09 08:00:00,2025-09-10 08:00:00,1757480400,134.0
2025-09-09 09:00:00,2025-09-10 09:00:00,1757484000,334.0
2025-09-09 10:00:00,2025-09-10 10:00:00,1757487600,531.0
2025-09-09 11:00:00,2025-09-10 11:00:00,1757491200,695.0
2025-09-09 12:00:00,2025-09-10 12:00:00,1757494800,802.0
2025-09-09 13:00:00,2025-09-10 13:00:00,1757498400,827.0
2025-09-09 14:00:00,2025-09-10 14:00:00,1757502000,737.0
2025-09-09 15:00:00,2025-09-10 15:00:00,1757505600,680.0
2025-09-09 16:00:00,2025-09-10 16:00:00,1757509200,600.0
2025-09-09 17:00:00,2025-09-10 17:00:00,1757512800,422.0
2025-09-09 18:00:00,2025-09-10 18:00:00,1757516400,241.0
2025-09-09 19:00:00,2025-09-10 19:00:00,1757520000,62.0
2025-09-09 20:00:00,2025-09-10 20:00:00,1757523600,0.0
2025-09-09 21:00:00,2025-09-10 21:00:00,1757527200,0.0
2025-09-09 22:00:00,2025-09-10 22:00:00,1757530800,0.0
2025-09-09 23:00:00,2025-09-10 23:00:00,1757534400,0.0
2025-09-10 00:00:00,2025-09-11 00:00:00,1757538000,0.0
2025-09-10 01:00:00,2025-09-11 01:00:00,1757541600,0.0
2025-09-10 02:00:00,2025-09-11 02:00:00,1757545200,0.0
2025-09-10 03:00:00,2025-09-11 03:00:00,1757548800,0.0
2025-09-10 04:00:00,2025-09-11 04:00:00,1757552400,0.0
2025-09-10 05:00:00,2025-09-11 05:00:00,1757556000,0.0
2025-09-10 06:00:00,2025-09-11 06:00:00,1757559600,0.0
2025-09-10 07:00:00,2025-09-11 07:00:00,1757563200,9.0
2025-09-10 08:00:00,2025-09-11 08:00:00,1757566800,135.0
2025-09-10 09:00:00,2025-09-11 09:00:00,1757570400,338.0
2025-09-10 10:00:00,2025-09-11 10:00:00,1757574000,537.0
2025-09-10 11:00:00,2025-09-11 11:00:00,1757577600,700.0
2025-09-10 12:00:00,2025-09-11 12:00:00,1757581200,809.0
2025-09-10 13:00:00,2025-09-11 13:00:00,1757584800,857.0
2025-09-10 14:00:00,2025-09-11 14:00:00,1757588400,840.0
2025-09-10 15:00:00,2025-09-11 15:00:00,1757592000,760.0
2025-09-10 16:00:00,2025-09-11 16:00:00,1757595600,626.0
2025-09-10 17:00:00,2025-09-11 17:00:00,1757599200,446.0
2025-09-10 18:00:00,2025-09-11 18:00:00,1757602800,243.0
2025-09-10 19:00:00,2025-09-11 19:00:00,1757606400,59.0
2025-09-10 20:00:00,2025-09-11 20:00:00,1757610000,0.0
2025-09-10 21:00:00,2025-09-11 21:00:00,1757613600,0.0
2025-09-10 22:00:00,2025-09-11 22:00:00,1757617200,0.0
2025-09-10 23:00:00,2025-09-11 23:00:00,1757620800,0.0
2025-09-11 00:00:00,2025-09-12 00:00:00,1757624400,0.0
2025-09-11 01:00:00,2025-09-12 01:00:00,1757628000,0.0
2025-09-11 02:00:00,2025-09-12 02:00:00,1757631600,0.0
2025-09-11 03:00:00,2025-09-12 03:00:00,1757635200,0.0
2025-09-11 04:00:00,2025-09-12 04:00:00,1757638800,0.0
2025-09-11 05:00:00,2025-09-12 05:00:00,1757642400,0.0
2025-09-11 06:00:00,2025-09-12 06:00:00,1757646000,0.0
2025-09-11 07:00:00,2025-09-12 07:00:00,1757649600,8.0
2025-09-11 08:00:00,2025-09-12 08:00:00,1757653200,133.0
2025-09-11 09:00:00,2025-09-12 09:00:00,1757656800,335.0
2025-09-11 10:00:00,2025-09-12 10:00:00,1757660400,532.0
2025-09-11 11:00:00,2025-09-12 11:00:00,1757664000,693.0
2025-09-11 12:00:00,2025-09-12 12:00:00,1757667600,804.0
2025-09-11 13:00:00,2025-09-12 13:00:00,1757671200,854.0
2025-09-11 14:00:00,2025-09-12 14:00:00,1757674800,838.0
2025-09-11 15:00:00,2025-09-12 15:00:00,1757678400,759.0
2025-09-11 16:00:00,2025-09-12 16:00:00,1757682000,622.0
2025-09-11 17:00:00,2025-09-12 17:00:00,1757685600,440.0
2025-09-11 18:00:00,2025-09-12 18:00:00,1757689200,236.0
2025-09-11 19:00:00,2025-09-12 19:00:00,1757692800,56.0
2025-09-11 20:00:00,2025-09-12 20:00:00,1757696400,0.0
2025-09-11 21:00:00,2025-09-12 21:00:00,1757700000,0.0
2025-09-11 22:00:00,2025-09-12 22:00:00,1757703600,0.0
2025-09-11 23:00:00,2025-09-12 23:00:00,1757707200,0.0
2025-09-12 00:00:00,2025-09-13 00:00:00,1757710800,0.0
2025-09-12 01:00:00,2025-09-13 01:00:00,1757714400,0.0
2025-09-12 02:00:00,2025-09-13 02:00:00,1757718000,0.0
2025-09-12 03:00:00,2025-09-13 03:00:00,1757721600,0.0
2025-09-12 04:00:00,2025-09-13 04:00:00,1757725200,0.0
2025-09-12 05:00:00,2025-09-13 05:00:00,1757728800,0.0
2025-09-12 06:00:00,2025-09-13 06:00:00,1757732400,0.0
2025-09-12 07:00:00,2025-09-13 07:00:00,1757736000,8.0
2025-09-12 08:00:00,2025-09-13 08:00:00,1757739600,130.0
2025-09-12 09:00:00,2025-09-13 09:00:00,1757743200,330.0
2025-09-12 10:00:00,2025-09-13 10:00:00,1757746800,526.0
2025-09-12 11:00:00,2025-09-13 11:00:00,1757750400,689.0
2025-09-12 12:00:00,2025-09-13 12:00:00,1757754000,799.0
2025-09-12 13:00:00,2025-09-13 13:00:00,1757757600,847.0
2025-09-12 14:00:00,2025-09-13 14:00:00,1757761200,829.0
2025-09-12 15:00:00,2025-09-13 15:00:00,1757764800,744.0
2025-09-12 16:00:00,2025-09-13 16:00:00,1757768400,596.0
2025-09-12 17:00:00,2025-09-13 17:00:00,1757772000,425.0
2025-09-12 18:00:00,2025-09-13 18:00:00,1757775600,227.0
2025-09-12 19:00:00,2025-09-13 19:00:00,1757779200,52.0
2025-09-12 20:00:00,2025-09-13 20:00:00,1757782800,0.0
2025-09-12 21:00:00,2025-09-13 21:00:00,1757786400,0.0
2025-09-12 22:00:00,2025-09-13 22:00:00,1757790000,0.0
2025-09-12 23:00:00,2025-09-13 23:00:00,1757793600,0.0
2025-09-13 00:00:00,2025-09-14 00:00:00,1757797200,0.0
2025-09-13 01:00:00,2025-09-14 01:00:00,1757800800,0.0
2025-09-13 02:00:00,2025-09-14 02:00:00,1757804400,0.0
2025-09-13 03:00:00,2025-09-14 03:00:00,1757808000,0.0
2025-09-13 04:00:00,2025-09-14 04:00:00,1757811600,0.0
2025-09-13 05:00:00,2025-09-14 05:00:00,1757815200,0.0
2025-09-13 06:00:00,2025-09-14 06:00:00,1757818800,0.0
2025-09-13 07:00:00,2025-09-14 07:00:00,1757822400,7.0
2025-09-13 08:00:00,2025-09-14 08:00:00,1757826000,126.0
2025-09-13 09:00:00,2025-09-14 09:00:00,1757829600,324.0
2025-09-13 10:00:00,2025-09-14 10:00:00,1757833200,518.0
2025-09-13 11:00:00,2025-09-14 11:00:00,1757836800,676.0
2025-09-13 12:00:00,2025-09-14 12:00:00,1757840400,779.0
2025-09-13 13:00:00,2025-09-14 13:00:00,1757844000,833.0
2025-09-13 14:00:00,2025-09-14 14:00:00,1757847600,814.0
2025-09-13 15:00:00,2025-09-14 15:00:00,1757851200,738.0
2025-09-13 16:00:00,2025-09-14 16:00:00,1757854800,599.0
2025-09-13 17:00:00,2025-09-14 17:00:00,1757858400,423.0
2025-09-13 18:00:00,2025-09-14 18:00:00,1757862000,225.0
2025-09-13 19:00:00,2025-09-14 19:00:00,1757865600,49.0
2025-09-13 20:00:00,2025-09-14 20:00:00,1757869200,0.0
2025-09-13 21:00:00,2025-09-14 21:00:00,1757872800,0.0
2025-09-13 22:00:00,2025-09-14 22:00:00,1757876400,0.0
2025-09-13 23:00:00,2025-09-14 23:00:00,1757880000,0.0
2025-09-14 00:00:00,2025-09-15 00:00:00,1757883600,0.0
2025-09-14 01:00:00,2025-09-15 01:00:00,1757887200,0.0
2025-09-14 02:00:00,2025-09-15 02:00:00,1757890800,0.0
2025-09-14 03:00:00,2025-09-15 03:00:00,1757894400,0.0
2025-09-14 04:00:00,2025-09-15 04:00:00,1757898000,0.0
2025-09-14 05:00:00,2025-09-15 05:00:00,1757901600,0.0
2025-09-14 06:00:00,2025-09-15 06:00:00,1757905200,0.0
2025-09-14 07:00:00,2025-09-15 07:00:00,1757908800,7.0
2025-09-14 08:00:00,2025-09-15 08:00:00,1757912400,125.0
2025-09-14 09:00:00,2025-09-15 09:00:00,1757916000,325.0
2025-09-14 10:00:00,2025-09-15 10:00:00,1757919600,514.0
2025-09-14 11:00:00,2025-09-15 11:00:00,1757923200,678.0
2025-09-14 12:00:00,2025-09-15 12:00:00,1757926800,794.0
2025-09-14 13:00:00,2025-09-15 13:00:00,1757930400,846.0
2025-09-14 14:00:00,2025-09-15 14:00:00,1757934000,830.0
2025-09-14 15:00:00,2025-09-15 15:00:00,1757937600,748.0
2025-09-14 16:00:00,2025-09-15 16:00:00,1757941200,595.0
2025-09-14 17:00:00,2025-09-15 17:00:00,1757944800,423.0
2025-09-14 18:00:00,2025-09-15 18:00:00,1757948400,222.0
2025-09-14 19:00:00,2025-09-15 19:00:00,1757952000,47.0
2025-09-14 20:00:00,2025-09-15 20:00:00,1757955600,0.0
2025-09-14 21:00:00,2025-09-15 21:00:00,1757959200,0.0
2025-09-14 22:00:00,2025-09-15 22:00:00,1757962800,0.0
2025-09-14 23:00:00,2025-09-15 23:00:00,1757966400,0.0
2025-09-15 00:00:00,2025-09-16 00:00:00,1757970000,0.0
2025-09-15 01:00:00,2025-09-16 01:00:00,1757973600,0.0
2025-09-15 02:00:00,2025-09-16 02:00:00,1757977200,0.0
2025-09-15 03:00:00,2025-09-16 03:00:00,1757980800,0.0
2025-09-15 04:00:00,2025-09-16 04:00:00,1757984400,0.0
2025-09-15 05:00:00,2025-09-16 05:00:00,1757988000,0.0
2025-09-15 06:00:00,2025-09-16 06:00:00,1757991600,0.0
2025-09-15 07:00:00,2025-09-16 07:00:00,1757995200,6.0
2025-09-15 08:00:00,2025-09-16 08:00:00,1757998800,122.0
2025-09-15 09:00:00,2025-09-16 09:00:00,1758002400,318.0
2025-09-15 10:00:00,2025-09-16 10:00:00,1758006000,508.0
2025-09-15 11:00:00,2025-09-16 11:00:00,1758009600,668.0
2025-09-15 12:00:00,2025-09-16 12:00:00,1758013200,779.0
2025-09-15 13:00:00,2025-09-16 13:00:00,1758016800,795.0
2025-09-15 14:00:00,2025-09-16 14:00:00,1758020400,769.0
2025-09-15 15:00:00,2025-09-16 15:00:00,1758024000,680.0
2025-09-15 16:00:00,2025-09-16 16:00:00,1758027600,550.0
2025-09-15 17:00:00,2025-09-16 17:00:00,1758031200,383.0
2025-09-15 18:00:00,2025-09-16 18:00:00,1758034800,208.0
2025-09-15 19:00:00,2025-09-16 19:00:00,1758038400,43.0
2025-09-15 20:00:00,2025-09-16 20:00:00,1758042000,0.0
2025-09-15 21:00:00,2025-09-16 21:00:00,1758045600,0.0
2025-09-15 22:00:00,2025-09-16 22:00:00,1758049200,0.0
2025-09-15 23:00:00,2025-09-16 23:00:00,1758052800,0.0
2025-09-16 00:00:00,2025-09-17 00:00:00,1758056400,0.0
2025-09-16 01:00:00,2025-09-17 01:00:00,1758060000,0.0
2025-09-16 02:00:00,2025-09-17 02:00:00,1758063600,0.0
2025-09-16 03:00:00,2025-09-17 03:00:00,1758067200,0.0
2025-09-16 04:00:00,2025-09-17 04:00:00,1758070800,0.0
2025-09-16 05:00:00,2025-09-17 05:00:00,1758074400,0.0
2025-09-16 06:00:00,2025-09-17 06:00:00,1758078000,0.0
2025-09-16 07:00:00,2025-09-17 07:00:00,1758081600,6.0
2025-09-16 08:00:00,2025-09-17 08:00:00,1758085200,121.0
2025-09-16 09:00:00,2025-09-17 09:00:00,1758088800,319.0
2025-09-16 10:00:00,2025-09-17 10:00:00,1758092400,514.0
2025-09-16 11:00:00,2025-09-17 11:00:00,1758096000,674.0
2025-09-16 12:00:00,2025-09-17 12:00:00,1758099600,782.0
2025-09-16 13:00:00,2025-09-17 13:00:00,1758103200,828.0
2025-09-16 14:00:00,2025-09-17 14:00:00,1758106800,796.0
2025-09-16 15:00:00,2025-09-17 15:00:00,1758110400,694.0
2025-09-16 16:00:00,2025-09-17 16:00:00,1758114000,533.0
2025-09-16 17:00:00,2025-09-17 17:00:00,1758117600,380.0
2025-09-16 18:00:00,2025-09-17 18:00:00,1758121200,201.0
2025-09-16 19:00:00,2025-09-17 19:00:00,1758124800,40.0
2025-09-16 20:00:00,2025-09-17 20:00:00,1758128400,0.0
2025-09-16 21:00:00,2025-09-17 21:00:00,1758132000,0.0
2025-09-16 22:00:00,2025-09-17 22:00:00,1758135600,0.0
2025-09-16 23:00:00,2025-09-17 23:00:00,1758139200,0.0
2025-09-17 00:00:00,2025-09-18 00:00:00,1758142800,0.0
2025-09-17 01:00:00,2025-09-18 01:00:00,1758146400,0.0
2025-09-17 02:00:00,2025-09-18 02:00:00,1758150000,0.0
2025-09-17 03:00:00,2025-09-18 03:00:00,1758153600,0.0
2025-09-17 04:00:00,2025-09-18 04:00:00,1758157200,0.0
2025-09-17 05:00:00,2025-09-18 05:00:00,1758160800,0.0
2025-09-17 06:00:00,2025-09-18 06:00:00,1758164400,0.0
2025-09-17 07:00:00,2025-09-18 07:00:00,1758168000,5.0
2025-09-17 08:00:00,2025-09-18 08:00:00,1758171600,116.0
2025-09-17 09:00:00,2025-09-18 09:00:00,1758175200,310.0
2025-09-17 10:00:00,2025-09-18 10:00:00,1758178800,493.0
2025-09-17 11:00:00,2025-09-18 11:00:00,1758182400,643.0
2025-09-17 12:00:00,2025-09-18 12:00:00,1758186000,767.0
2025-09-17 13:00:00,2025-09-18 13:00:00,1758189600,813.0
2025-09-17 14:00:00,2025-09-18 14:00:00,1758193200,792.0
2025-09-17 15:00:00,2025-09-18 15:00:00,1758196800,721.0
2025-09-17 16:00:00,2025-09-18 16:00:00,1758200400,602.0
2025-09-17 17:00:00,2025-09-18 17:00:00,1758204000,417.0
2025-09-17 18:00:00,2025-09-18 18:00:00,1758207600,215.0
2025-09-17 19:00:00,2025-09-18 19:00:00,1758211200,40.0
2025-09-17 20:00:00,2025-09-18 20:00:00,1758214800,0.0
2025-09-17 21:00:00,2025-09-18 21:00:00,1758218400,0.0
2025-09-17 22:00:00,2025-09-18 22:00:00,1758222000,0.0
2025-09-17 23:00:00,2025-09-18 23:00:00,1758225600,0.0
2025-09-18 00:00:00,2025-09-19 00:00:00,1758229200,0.0
2025-09-18 01:00:00,2025-09-19 01:00:00,1758232800,0.0
2025-09-18 02:00:00,2025-09-19 02:00:00,1758236400,0.0
2025-09-18 03:00:00,2025-09-19 03:00:00,1758240000,0.0
2025-09-18 04:00:00,2025-09-19 04:00:00,1758243600,0.0
2025-09-18 05:00:00,2025-09-19 05:00:00,1758247200,0.0
2025-09-18 06:00:00,2025-09-19 06:00:00,1758250800,0.0
2025-09-18 07:00:00,2025-09-19 07:00:00,1758254400,5.0
2025-09-18 08:00:00,2025-09-19 08:00:00,1758258000,115.0
2025-09-18 09:00:00,2025-09-19 09:00:00,1758261600,312.0
2025-09-18 10:00:00,2025-09-19 10:00:00,1758265200,507.0
2025-09-18 11:00:00,2025-09-19 11:00:00,1758268800,672.0
2025-09-18 12:00:00,2025-09-19 12:00:00,1758272400,785.0
2025-09-18 13:00:00,2025-09-19 13:00:00,1758276000,830.0
2025-09-18 14:00:00,2025-09-19 14:00:00,1758279600,805.0
2025-09-18 15:00:00,2025-09-19 15:00:00,1758283200,696.0
2025-09-18 16:00:00,2025-09-19 16:00:00,1758286800,601.0
2025-09-18 17:00:00,2025-09-19 17:00:00,1758290400,416.0
2025-09-18 18:00:00,2025-09-19 18:00:00,1758294000,208.0
2025-09-18 19:00:00,2025-09-19 19:00:00,1758297600,37.0
2025-09-18 20:00:00,2025-09-19 20:00:00,1758301200,0.0
2025-09-18 21:00:00,2025-09-19 21:00:00,1758304800,0.0
2025-09-18 22:00:00,2025-09-19 22:00:00,1758308400,0.0
2025-09-18 23:00:00,2025-09-19 23:00:00,1758312000,0.0
2025-09-19 00:00:00,2025-09-20 00:00:00,1758315600,0.0
2025-09-19 01:00:00,2025-09-20 01:00:00,1758319200,0.0
2025-09-19 02:00:00,2025-09-20 02:00:00,1758322800,0.0
2025-09-19 03:00:00,2025-09-20 03:00:00,1758326400,0.0
2025-09-19 04:00:00,2025-09-20 04:00:00,1758330000,0.0
2025-09-19 05:00:00,2025-09-20 05:00:00,1758333600,0.0
2025-09-19 06:00:00,2025-09-20 06:00:00,1758337200,0.0
2025-09-19 07:00:00,2025-09-20 07:00:00,1758340800,5.0
2025-09-19 08:00:00,2025-09-20 08:00:00,1758344400,118.0
2025-09-19 09:00:00,2025-09-20 09:00:00,1758348000,320.0
2025-09-19 10:00:00,2025-09-20 10:00:00,1758351600,519.0
2025-09-19 11:00:00,2025-09-20 11:00:00,1758355200,682.0
2025-09-19 12:00:00,2025-09-20 12:00:00,1758358800,792.0
2025-09-19 13:00:00,2025-09-20 13:00:00,1758362400,836.0
2025-09-19 14:00:00,2025-09-20 14:00:00,1758366000,811.0
2025-09-19 15:00:00,2025-09-20 15:00:00,1758369600,724.0
2025-09-19 16:00:00,2025-09-20 16:00:00,1758373200,589.0
2025-09-19 17:00:00,2025-09-20 17:00:00,1758376800,405.0
2025-09-19 18:00:00,2025-09-20 18:00:00,1758380400,201.0
2025-09-19 19:00:00,2025-09-20 19:00:00,1758384000,34.0
2025-09-19 20:00:00,2025-09-20 20:00:00,1758387600,0.0
2025-09-19 21:00:00,2025-09-20 21:00:00,1758391200,0.0
2025-09-19 22:00:00,2025-09-20 22:00:00,1758394800,0.0
2025-09-19 23:00:00,2025-09-20 23:00:00,1758398400,0.0
2025-09-20 00:00:00,2025-09-21 00:00:00,1758402000,0.0
2025-09-20 01:00:00,2025-09-21 01:00:00,1758405600,0.0
2025-09-20 02:00:00,2025-09-21 02:00:00,1758409200,0.0
2025-09-20 03:00:00,2025-09-21 03:00:00,1758412800,0.0
2025-09-20 04:00:00,2025-09-21 04:00:00,1758416400,0.0
2025-09-20 05:00:00,2025-09-21 05:00:00,1758420000,0.0
2025-09-20 06:00:00,2025-09-21 06:00:00,1758423600,0.0
2025-09-20 07:00:00,2025-09-21 07:00:00,1758427200,4.0
2025-09-20 08:00:00,2025-09-21 08:00:00,1758430800,116.0
2025-09-20 09:00:00,2025-09-21 09:00:00,1758434400,319.0
2025-09-20 10:00:00,2025-09-21 10:00:00,1758438000,518.0
2025-09-20 11:00:00,2025-09-21 11:00:00,1758441600,681.0
2025-09-20 12:00:00,2025-09-21 12:00:00,1758445200,789.0
2025-09-20 13:00:00,2025-09-21 13:00:00,1758448800,832.0
2025-09-20 14:00:00,2025-09-21 14:00:00,1758452400,810.0
2025-09-20 15:00:00,2025-09-21 15:00:00,1758456000,725.0
2025-09-20 16:00:00,2025-09-21 16:00:00,1758459600,586.0
2025-09-20 17:00:00,2025-09-21 17:00:00,1758463200,400.0
2025-09-20 18:00:00,2025-09-21 18:00:00,1758466800,197.0
2025-09-20 19:00:00,2025-09-21 19:00:00,1758470400,32.0
2025-09-20 20:00:00,2025-09-21 20:00:00,1758474000,0.0
2025-09-20 21:00:00,2025-09-21 21:00:00,1758477600,0.0
2025-09-20 22:00:00,2025-09-21 22:00:00,1758481200,0.0
2025-09-20 23:00:00,2025-09-21 23:00:00,1758484800,0.0
2025-09-21 00:00:00,2025-09-22 00:00:00,1758488400,0.0
2025-09-21 01:00:00,2025-09-22 01:00:00,1758492000,0.0
2025-09-21 02:00:00,2025-09-22 02:00:00,1758495600,0.0
2025-09-21 03:00:00,2025-09-22 03:00:00,1758499200,0.0
2025-09-21 04:00:00,2025-09-22 04:00:00,1758502800,0.0
2025-09-21 05:00:00,2025-09-22 05:00:00,1758506400,0.0
2025-09-21 06:00:00,2025-09-22 06:00:00,1758510000,0.0
2025-09-21 07:00:00,2025-09-22 07:00:00,1758513600,4.0
2025-09-21 08:00:00,2025-09-22 08:00:00,1758517200,116.0
2025-09-21 09:00:00,2025-09-22 09:00:00,1758520800,321.0
2025-09-21 10:00:00,2025-09-22 10:00:00,1758524400,521.0
2025-09-21 11:00:00,2025-09-22 11:00:00,1758528000,685.0
2025-09-21 12:00:00,2025-09-22 12:00:00,1758531600,794.0
2025-09-21 13:00:00,2025-09-22 13:00:00,1758535200,841.0
2025-09-21 14:00:00,2025-09-22 14:00:00,1758538800,818.0
2025-09-21 15:00:00,2025-09-22 15:00:00,1758542400,730.0
2025-09-21 16:00:00,2025-09-22 16:00:00,1758546000,585.0
2025-09-21 17:00:00,2025-09-22 17:00:00,1758549600,399.0
2025-09-21 18:00:00,2025-09-22 18:00:00,1758553200,194.0
2025-09-21 19:00:00,2025-09-22 19:00:00,1758556800,30.0
2025-09-21 20:00:00,2025-09-22 20:00:00,1758560400,0.0
2025-09-21 21:00:00,2025-09-22 21:00:00,1758564000,0.0
2025-09-21 22:00:00,2025-09-22 22:00:00,1758567600,0.0
2025-09-21 23:00:00,2025-09-22 23:00:00,1758571200,0.0
2025-09-22 00:00:00,2025-09-23 00:00:00,1758574800,0.0
2025-09-22 01:00:00,2025-09-23 01:00:00,1758578400,0.0
2025-09-22 02:00:00,2025-09-23 02:00:00,1758582000,0.0
2025-09-22 03:00:00,2025-09-23 03:00:00,1758585600,0.0
2025-09-22 04:00:00,2025-09-23 04:00:00,1758589200,0.0
2025-09-22 05:00:00,2025-09-23 05:00:00,1758592800,0.0
2025-09-22 06:00:00,2025-09-23 06:00:00,1758596400,0.0
2025-09-22 07:00:00,2025-09-23 07:00:00,1758600000,4.0
2025-09-22 08:00:00,2025-09-23 08:00:00,1758603600,111.0
2025-09-22 09:00:00,2025-09-23 09:00:00,1758607200,309.0
2025-09-22 10:00:00,2025-09-23 10:00:00,1758610800,506.0
2025-09-22 11:00:00,2025-09-23 11:00:00,1758614400,667.0
2025-09-22 12:00:00,2025-09-23 12:00:00,1758618000,776.0
2025-09-22 13:00:00,2025-09-23 13:00:00,1758621600,822.0
2025-09-22 14:00:00,2025-09-23 14:00:00,1758625200,802.0
2025-09-22 15:00:00,2025-09-23 15:00:00,1758628800,718.0
2025-09-22 16:00:00,2025-09-23 16:00:00,1758632400,576.0
2025-09-22 17:00:00,2025-09-23 17:00:00,1758636000,391.0
2025-09-22 18:00:00,2025-09-23 18:00:00,1758639600,188.0
2025-09-22 19:00:00,2025-09-23 19:00:00,1758643200,27.0
2025-09-22 20:00:00,2025-09-23 20:00:00,1758646800,0.0
2025-09-22 21:00:00,2025-09-23 21:00:00,1758650400,0.0
2025-09-22 22:00:00,2025-09-23 22:00:00,1758654000,0.0
2025-09-22 23:00:00,2025-09-23 23:00:00,1758657600,0.0
2025-09-23 00:00:00,2025-09-24 00:00:00,1758661200,0.0
2025-09-23 01:00:00,2025-09-24 01:00:00,1758664800,0.0
2025-09-23 02:00:00,2025-09-24 02:00:00,1758668400,0.0
2025-09-23 03:00:00,2025-09-24 03:00:00,1758672000,0.0
2025-09-23 04:00:00,2025-09-24 04:00:00,1758675600,0.0
2025-09-23 05:00:00,2025-09-24 05:00:00,1758679200,0.0
2025-09-23 06:00:00,2025-09-24 06:00:00,1758682800,0.0
2025-09-23 07:00:00,2025-09-24 07:00:00,1758686400,3.0
2025-09-23 08:00:00,2025-09-24 08:00:00,1758690000,108.0
2025-09-23 09:00:00,2025-09-24 09:00:00,1758693600,305.0
2025-09-23 10:00:00,2025-09-24 10:00:00,1758697200,502.0
2025-09-23 11:00:00,2025-09-24 11:00:00,1758700800,664.0
2025-09-23 12:00:00,2025-09-24 12:00:00,1758704400,771.0
2025-09-23 13:00:00,2025-09-24 13:00:00,1758708000,814.0
2025-09-23 14:00:00,2025-09-24 14:00:00,1758711600,787.0
2025-09-23 15:00:00,2025-09-24 15:00:00,1758715200,655.0
2025-09-23 16:00:00,2025-09-24 16:00:00,1758718800,563.0
2025-09-23 17:00:00,2025-09-24 17:00:00,1758722400,380.0
2025-09-23 18:00:00,2025-09-24 18:00:00,1758726000,179.0
2025-09-23 19:00:00,2025-09-24 19:00:00,1758729600,25.0
2025-09-23 20:00:00,2025-09-24 20:00:00,1758733200,0.0
2025-09-23 21:00:00,2025-09-24 21:00:00,1758736800,0.0
2025-09-23 22:00:00,2025-09-24 22:00:00,1758740400,0.0
2025-09-23 23:00:00,2025-09-24 23:00:00,1758744000,0.0
2025-09-24 00:00:00,2025-09-25 00:00:00,1758747600,0.0
2025-09-24 01:00:00,2025-09-25 01:00:00,1758751200,0.0
2025-09-24 02:00:00,2025-09-25 02:00:00,1758754800,0.0
2025-09-24 03:00:00,2025-09-25 03:00:00,1758758400,0.0
2025-09-24 04:00:00,2025-09-25 04:00:00,1758762000,0.0
2025-09-24 05:00:00,2025-09-25 05:00:00,1758765600,0.0
2025-09-24 06:00:00,2025-09-25 06:00:00,1758769200,0.0
2025-09-24 07:00:00,2025-09-25 07:00:00,1758772800,3.0
2025-09-24 08:00:00,2025-09-25 08:00:00,1758776400,98.0
2025-09-24 09:00:00,2025-09-25 09:00:00,1758780000,277.0
2025-09-24 10:00:00,2025-09-25 10:00:00,1758783600,474.0
2025-09-24 11:00:00,2025-09-25 11:00:00,1758787200,634.0
2025-09-24 12:00:00,2025-09-25 12:00:00,1758790800,750.0
2025-09-24 13:00:00,2025-09-25 13:00:00,1758794400,796.0
2025-09-24 14:00:00,2025-09-25 14:00:00,1758798000,755.0
2025-09-24 15:00:00,2025-09-25 15:00:00,1758801600,674.0
2025-09-24 16:00:00,2025-09-25 16:00:00,1758805200,546.0
2025-09-24 17:00:00,2025-09-25 17:00:00,1758808800,369.0
2025-09-24 18:00:00,2025-09-25 18:00:00,1758812400,174.0
2025-09-24 19:00:00,2025-09-25 19:00:00,1758816000,23.0
2025-09-24 20:00:00,2025-09-25 20:00:00,1758819600,0.0
2025-09-24 21:00:00,2025-09-25 21:00:00,1758823200,0.0
2025-09-24 22:00:00,2025-09-25 22:00:00,1758826800,0.0
2025-09-24 23:00:00,2025-09-25 23:00:00,1758830400,0.0
2025-09-25 00:00:00,2025-09-26 00:00:00,1758834000,0.0
2025-09-25 01:00:00,2025-09-26 01:00:00,1758837600,0.0
2025-09-25 02:00:00,2025-09-26 02:00:00,1758841200,0.0
2025-09-25 03:00:00,2025-09-26 03:00:00,1758844800,0.0
2025-09-25 04:00:00,2025-09-26 04:00:00,1758848400,0.0
2025-09-25 05:00:00,2025-09-26 05:00:00,1758852000,0.0
2025-09-25 06:00:00,2025-09-26 06:00:00,1758855600,0.0
2025-09-25 07:00:00,2025-09-26 07:00:00,1758859200,3.0
2025-09-25 08:00:00,2025-09-26 08:00:00,1758862800,103.0
2025-09-25 09:00:00,2025-09-26 09:00:00,1758866400,297.0
2025-09-25 10:00:00,2025-09-26 10:00:00,1758870000,492.0
2025-09-25 11:00:00,2025-09-26 11:00:00,1758873600,654.0
2025-09-25 12:00:00,2025-09-26 12:00:00,1758877200,763.0
2025-09-25 13:00:00,2025-09-26 13:00:00,1758880800,807.0
2025-09-25 14:00:00,2025-09-26 14:00:00,1758884400,775.0
2025-09-25 15:00:00,2025-09-26 15:00:00,1758888000,677.0
2025-09-25 16:00:00,2025-09-26 16:00:00,1758891600,520.0
2025-09-25 17:00:00,2025-09-26 17:00:00,1758895200,369.0
2025-09-25 18:00:00,2025-09-26 18:00:00,1758898800,169.0
2025-09-25 19:00:00,2025-09-26 19:00:00,1758902400,21.0
2025-09-25 20:00:00,2025-09-26 20:00:00,1758906000,0.0
2025-09-25 21:00:00,2025-09-26 21:00:00,1758909600,0.0
2025-09-25 22:00:00,2025-09-26 22:00:00,1758913200,0.0
2025-09-25 23:00:00,2025-09-26 23:00:00,1758916800,0.0
2025-09-26 00:00:00,2025-09-27 00:00:00,1758920400,0.0
2025-09-26 01:00:00,2025-09-27 01:00:00,1758924000,0.0
2025-09-26 02:00:00,2025-09-27 02:00:00,1758927600,0.0
2025-09-26 03:00:00,2025-09-27 03:00:00,1758931200,0.0
2025-09-26 04:00:00,2025-09-27 04:00:00,1758934800,0.0
2025-09-26 05:00:00,2025-09-27 05:00:00,1758938400,0.0
2025-09-26 06:00:00,2025-09-27 06:00:00,1758942000,0.0
2025-09-26 07:00:00,2025-09-27 07:00:00,1758945600,2.0
2025-09-26 08:00:00,2025-09-27 08:00:00,1758949200,102.0
2025-09-26 09:00:00,2025-09-27 09:00:00,1758952800,298.0
2025-09-26 10:00:00,2025-09-27 10:00:00,1758956400,493.0
2025-09-26 11:00:00,2025-09-27 11:00:00,1758960000,654.0
2025-09-26 12:00:00,2025-09-27 12:00:00,1758963600,759.0
2025-09-26 13:00:00,2025-09-27 13:00:00,1758967200,801.0
2025-09-26 14:00:00,2025-09-27 14:00:00,1758970800,779.0
2025-09-26 15:00:00,2025-09-27 15:00:00,1758974400,695.0
2025-09-26 16:00:00,2025-09-27 16:00:00,1758978000,551.0
2025-09-26 17:00:00,2025-09-27 17:00:00,1758981600,367.0
2025-09-26 18:00:00,2025-09-27 18:00:00,1758985200,165.0
2025-09-26 19:00:00,2025-09-27 19:00:00,1758988800,19.0
2025-09-26 20:00:00,2025-09-27 20:00:00,1758992400,0.0
2025-09-26 21:00:00,2025-09-27 21:00:00,1758996000,0.0
2025-09-26 22:00:00,2025-09-27 22:00:00,1758999600,0.0
2025-09-26 23:00:00,2025-09-27 23:00:00,1759003200,0.0
2025-09-27 00:00:00,2025-09-28 00:00:00,1759006800,0.0
2025-09-27 01:00:00,2025-09-28 01:00:00,1759010400,0.0
2025-09-27 02:00:00,2025-09-28 02:00:00,1759014000,0.0
2025-09-27 03:00:00,2025-09-28 03:00:00,1759017600,0.0
2025-09-27 04:00:00,2025-09-28 04:00:00,1759021200,0.0
2025-09-27 05:00:00,2025-09-28 05:00:00,1759024800,0.0
2025-09-27 06:00:00,2025-09-28 06:00:00,1759028400,0.0
2025-09-27 07:00:00,2025-09-28 07:00:00,1759032000,2.0
2025-09-27 08:00:00,2025-09-28 08:00:00,1759035600,95.0
2025-09-27 09:00:00,2025-09-28 09:00:00,1759039200,279.0
2025-09-27 10:00:00,2025-09-28 10:00:00,1759042800,466.0
2025-09-27 11:00:00,2025-09-28 11:00:00,1759046400,633.0
2025-09-27 12:00:00,2025-09-28 12:00:00,1759050000,750.0
2025-09-27 13:00:00,2025-09-28 13:00:00,1759053600,799.0
2025-09-27 14:00:00,2025-09-28 14:00:00,1759057200,780.0
2025-09-27 15:00:00,2025-09-28 15:00:00,1759060800,694.0
2025-09-27 16:00:00,2025-09-28 16:00:00,1759064400,549.0
2025-09-27 17:00:00,2025-09-28 17:00:00,1759068000,363.0
2025-09-27 18:00:00,2025-09-28 18:00:00,1759071600,162.0
2025-09-27 19:00:00,2025-09-28 19:00:00,1759075200,17.0
2025-09-27 20:00:00,2025-09-28 20:00:00,1759078800,0.0
2025-09-27 21:00:00,2025-09-28 21:00:00,1759082400,0.0
2025-09-27 22:00:00,2025-09-28 22:00:00,1759086000,0.0
2025-09-27 23:00:00,2025-09-28 23:00:00,1759089600,0.0
2025-09-28 00:00:00,2025-09-29 00:00:00,1759093200,0.0
2025-09-28 01:00:00,2025-09-29 01:00:00,1759096800,0.0
2025-09-28 02:00:00,2025-09-29 02:00:00,1759100400,0.0
2025-09-28 03:00:00,2025-09-29 03:00:00,1759104000,0.0
2025-09-28 04:00:00,2025-09-29 04:00:00,1759107600,0.0
2025-09-28 05:00:00,2025-09-29 05:00:00,1759111200,0.0
2025-09-28 06:00:00,2025-09-29 06:00:00,1759114800,0.0
2025-09-28 07:00:00,2025-09-29 07:00:00,1759118400,2.0
2025-09-28 08:00:00,2025-09-29 08:00:00,1759122000,91.0
2025-09-28 09:00:00,2025-09-29 09:00:00,1759125600,276.0
2025-09-28 10:00:00,2025-09-29 10:00:00,1759129200,464.0
2025-09-28 11:00:00,2025-09-29 11:00:00,1759132800,626.0
2025-09-28 12:00:00,2025-09-29 12:00:00,1759136400,718.0
2025-09-28 13:00:00,2025-09-29 13:00:00,1759140000,765.0
2025-09-28 14:00:00,2025-09-29 14:00:00,1759143600,752.0
2025-09-28 15:00:00,2025-09-29 15:00:00,1759147200,667.0
2025-09-28 16:00:00,2025-09-29 16:00:00,1759150800,527.0
2025-09-28 17:00:00,2025-09-29 17:00:00,1759154400,345.0
2025-09-28 18:00:00,2025-09-29 18:00:00,1759158000,151.0
2025-09-28 19:00:00,2025-09-29 19:00:00,1759161600,15.0
2025-09-28 20:00:00,2025-09-29 20:00:00,1759165200,0.0
2025-09-28 21:00:00,2025-09-29 21:00:00,1759168800,0.0
2025-09-28 22:00:00,2025-09-29 22:00:00,1759172400,0.0
2025-09-28 23:00:00,2025-09-29 23:00:00,1759176000,0.0
2025-09-29 00:00:00,2025-09-30 00:00:00,1759179600,0.0
2025-09-29 01:00:00,2025-09-30 01:00:00,1759183200,0.0
2025-09-29 02:00:00,2025-09-30 02:00:00,1759186800,0.0
2025-09-29 03:00:00,2025-09-30 03:00:00,1759190400,0.0
2025-09-29 04:00:00,2025-09-30 04:00:00,1759194000,0.0
2025-09-29 05:00:00,2025-09-30 05:00:00,1759197600,0.0
2025-09-29 06:00:00,2025-09-30 06:00:00,1759201200,0.0
2025-09-29 07:00:00,2025-09-30 07:00:00,1759204800,1.0
2025-09-29 08:00:00,2025-09-30 08:00:00,1759208400,83.0
2025-09-29 09:00:00,2025-09-30 09:00:00,1759212000,230.0
2025-09-29 10:00:00,2025-09-30 10:00:00,1759215600,400.0
2025-09-29 11:00:00,2025-09-30 11:00:00,1759219200,593.0
2025-09-29 12:00:00,2025-09-30 12:00:00,1759222800,685.0
2025-09-29 13:00:00,2025-09-30 13:00:00,1759226400,714.0
2025-09-29 14:00:00,2025-09-30 14:00:00,1759230000,729.0
2025-09-29 15:00:00,2025-09-30 15:00:00,1759233600,651.0
2025-09-29 16:00:00,2025-09-30 16:00:00,1759237200,486.0
2025-09-29 17:00:00,2025-09-30 17:00:00,1759240800,310.0
2025-09-29 18:00:00,2025-09-30 18:00:00,1759244400,126.0
2025-09-29 19:00:00,2025-09-30 19:00:00,1759248000,13.0
2025-09-29 20:00:00,2025-09-30 20:00:00,1759251600,0.0
2025-09-29 21:00:00,2025-09-30 21:00:00,1759255200,0.0
2025-09-29 22:00:00,2025-09-30 22:00:00,1759258800,0.0
2025-09-29 23:00:00,2025-09-30 23:00:00,1759262400,0.0
2025-09-30 00:00:00,2025-10-01 00:00:00,1759266000,0.0
2025-09-30 01:00:00,2025-10-01 01:00:00,1759269600,0.0
2025-09-30 02:00:00,2025-10-01 02:00:00,1759273200,0.0
2025-09-30 03:00:00,2025-10-01 03:00:00,1759276800,0.0
2025-09-30 04:00:00,2025-10-01 04:00:00,1759280400,0.0
2025-09-30 05:00:00,2025-10-01 05:00:00,1759284000,0.0
2025-09-30 06:00:00,2025-10-01 06:00:00,1759287600,0.0
2025-09-30 07:00:00,2025-10-01 07:00:00,1759291200,1.0
2025-09-30 08:00:00,2025-10-01 08:00:00,1759294800,87.0
2025-09-30 09:00:00,2025-10-01 09:00:00,1759298400,273.0
2025-09-30 10:00:00,2025-10-01 10:00:00,1759302000,455.0
2025-09-30 11:00:00,2025-10-01 11:00:00,1759305600,605.0
2025-09-30 12:00:00,2025-10-01 12:00:00,1759309200,721.0
2025-09-30 13:00:00,2025-10-01 13:00:00,1759312800,752.0
2025-09-30 14:00:00,2025-10-01 14:00:00,1759316400,711.0
2025-09-30 15:00:00,2025-10-01 15:00:00,1759320000,614.0
2025-09-30 16:00:00,2025-10-01 16:00:00,1759323600,485.0
2025-09-30 17:00:00,2025-10-01 17:00:00,1759327200,313.0
2025-09-30 18:00:00,2025-10-01 18:00:00,1759330800,134.0
2025-09-30 19:00:00,2025-10-01 19:00:00,1759334400,12.0
2025-09-30 20:00:00,2025-10-01 20:00:00,1759338000,0.0
2025-09-30 21:00:00,2025-10-01 21:00:00,1759341600,0.0
2025-09-30 22:00:00,2025-10-01 22:00:00,1759345200,0.0
2025-09-30 23:00:00,2025-10-01 23:00:00,1759348800,0.0
2025-10-01 00:00:00,2025-10-02 00:00:00,1759352400,0.0
2025-10-01 01:00:00,2025-10-02 01:00:00,1759356000,0.0
2025-10-01 02:00:00,2025-10-02 02:00:00,1759359600,0.0
2025-10-01 03:00:00,2025-10-02 03:00:00,1759363200,0.0
2025-10-01 04:00:00,2025-10-02 04:00:00,1759366800,0.0
2025-10-01 05:00:00,2025-10-02 05:00:00,1759370400,0.0
2025-10-01 06:00:00,2025-10-02 06:00:00,1759374000,0.0
2025-10-01 07:00:00,2025-10-02 07:00:00,1759377600,1.0
2025-10-01 08:00:00,2025-10-02 08:00:00,1759381200,89.0
2025-10-01 09:00:00,2025-10-02 09:00:00,1759384800,277.0
2025-10-01 10:00:00,2025-10-02 10:00:00,1759388400,464.0
2025-10-01 11:00:00,2025-10-02 11:00:00,1759392000,613.0
2025-10-01 12:00:00,2025-10-02 12:00:00,1759395600,720.0
2025-10-01 13:00:00,2025-10-02 13:00:00,1759399200,739.0
2025-10-01 14:00:00,2025-10-02 14:00:00,1759402800,708.0
2025-10-01 15:00:00,2025-10-02 15:00:00,1759406400,645.0
2025-10-01 16:00:00,2025-10-02 16:00:00,1759410000,482.0
2025-10-01 17:00:00,2025-10-02 17:00:00,1759413600,329.0
2025-10-01 18:00:00,2025-10-02 18:00:00,1759417200,138.0
2025-10-01 19:00:00,2025-10-02 19:00:00,1759420800,11.0
2025-10-01 20:00:00,2025-10-02 20:00:00,1759424400,0.0
2025-10-01 21:00:00,2025-10-02 21:00:00,1759428000,0.0
2025-10-01 22:00:00,2025-10-02 22:00:00,1759431600,0.0
2025-10-01 23:00:00,2025-10-02 23:00:00,1759435200,0.0
2025-10-02 00:00:00,2025-10-03 00:00:00,1759438800,0.0
2025-10-02 01:00:00,2025-10-03 01:00:00,1759442400,0.0
2025-10-02 02:00:00,2025-10-03 02:00:00,1759446000,0.0
2025-10-02 03:00:00,2025-10-03 03:00:00,1759449600,0.0
2025-10-02 04:00:00,2025-10-03 04:00:00,1759453200,0.0
2025-10-02 05:00:00,2025-10-03 05:00:00,1759456800,0.0
2025-10-02 06:00:00,2025-10-03 06:00:00,1759460400,0.0
2025-10-02 07:00:00,2025-10-03 07:00:00,1759464000,1.0
2025-10-02 08:00:00,2025-10-03 08:00:00,1759467600,74.0
2025-10-02 09:00:00,2025-10-03 09:00:00,1759471200,226.0
2025-10-02 10:00:00,2025-10-03 10:00:00,1759474800,430.0
2025-10-02 11:00:00,2025-10-03 11:00:00,1759478400,612.0
2025-10-02 12:00:00,2025-10-03 12:00:00,1759482000,707.0
2025-10-02 13:00:00,2025-10-03 13:00:00,1759485600,741.0
2025-10-02 14:00:00,2025-10-03 14:00:00,1759489200,725.0
2025-10-02 15:00:00,2025-10-03 15:00:00,1759492800,644.0
2025-10-02 16:00:00,2025-10-03 16:00:00,1759496400,500.0
2025-10-02 17:00:00,2025-10-03 17:00:00,1759500000,323.0
2025-10-02 18:00:00,2025-10-03 18:00:00,1759503600,134.0
2025-10-02 19:00:00,2025-10-03 19:00:00,1759507200,10.0
2025-10-02 20:00:00,2025-10-03 20:00:00,1759510800,0.0
2025-10-02 21:00:00,2025-10-03 21:00:00,1759514400,0.0
2025-10-02 22:00:00,2025-10-03 22:00:00,1759518000,0.0
2025-10-02 23:00:00,2025-10-03 23:00:00,1759521600,0.0
2025-10-03 00:00:00,2025-10-04 00:00:00,1759525200,0.0
2025-10-03 01:00:00,2025-10-04 01:00:00,1759528800,0.0
2025-10-03 02:00:00,2025-10-04 02:00:00,1759532400,0.0
2025-10-03 03:00:00,2025-10-04 03:00:00,1759536000,0.0
2025-10-03 04:00:00,2025-10-04 04:00:00,1759539600,0.0
2025-10-03 05:00:00,2025-10-04 05:00:00,1759543200,0.0
2025-10-03 06:00:00,2025-10-04 06:00:00,1759546800,0.0
2025-10-03 07:00:00,2025-10-04 07:00:00,1759550400,1.0
2025-10-03 08:00:00,2025-10-04 08:00:00,1759554000,83.0
2025-10-03 09:00:00,2025-10-04 09:00:00,1759557600,268.0
2025-10-03 10:00:00,2025-10-04 10:00:00,1759561200,453.0
2025-10-03 11:00:00,2025-10-04 11:00:00,1759564800,587.0
2025-10-03 12:00:00,2025-10-04 12:00:00,1759568400,706.0
2025-10-03 13:00:00,2025-10-04 13:00:00,1759572000,759.0
2025-10-03 14:00:00,2025-10-04 14:00:00,1759575600,739.0
2025-10-03 15:00:00,2025-10-04 15:00:00,1759579200,652.0
2025-10-03 16:00:00,2025-10-04 16:00:00,1759582800,509.0
2025-10-03 17:00:00,2025-10-04 17:00:00,1759586400,323.0
2025-10-03 18:00:00,2025-10-04 18:00:00,1759590000,132.0
2025-10-03 19:00:00,2025-10-04 19:00:00,1759593600,9.0
2025-10-03 20:00:00,2025-10-04 20:00:00,1759597200,0.0
2025-10-03 21:00:00,2025-10-04 21:00:00,1759600800,0.0
2025-10-03 22:00:00,2025-10-04 22:00:00,1759604400,0.0
2025-10-03 23:00:00,2025-10-04 23:00:00,1759608000,0.0
2025-10-04 00:00:00,2025-10-05 00:00:00,1759611600,0.0
2025-10-04 01:00:00,2025-10-05 01:00:00,1759615200,0.0
2025-10-04 02:00:00,2025-10-05 02:00:00,1759618800,0.0
2025-10-04 03:00:00,2025-10-05 03:00:00,1759622400,0.0
2025-10-04 04:00:00,2025-10-05 04:00:00,1759626000,0.0
2025-10-04 05:00:00,2025-10-05 05:00:00,1759629600,0.0
2025-10-04 06:00:00,2025-10-05 06:00:00,1759633200,0.0
2025-10-04 07:00:00,2025-10-05 07:00:00,1759636800,1.0
2025-10-04 08:00:00,2025-10-05 08:00:00,1759640400,82.0
2025-10-04 09:00:00,2025-10-05 09:00:00,1759644000,267.0
2025-10-04 10:00:00,2025-10-05 10:00:00,1759647600,452.0
2025-10-04 11:00:00,2025-10-05 11:00:00,1759651200,615.0
2025-10-04 12:00:00,2025-10-05 12:00:00,1759654800,721.0
2025-10-04 13:00:00,2025-10-05 13:00:00,1759658400,763.0
2025-10-04 14:00:00,2025-10-05 14:00:00,1759662000,745.0
2025-10-04 15:00:00,2025-10-05 15:00:00,1759665600,656.0
2025-10-04 16:00:00,2025-10-05 16:00:00,1759669200,513.0
2025-10-04 17:00:00,2025-10-05 17:00:00,1759672800,328.0
2025-10-04 18:00:00,2025-10-05 18:00:00,1759676400,132.0
2025-10-04 19:00:00,2025-10-05 19:00:00,1759680000,8.0
2025-10-04 20:00:00,2025-10-05 20:00:00,1759683600,0.0
2025-10-04 21:00:00,2025-10-05 21:00:00,1759687200,0.0
2025-10-04 22:00:00,2025-10-05 22:00:00,1759690800,0.0
2025-10-04 23:00:00,2025-10-05 23:00:00,1759694400,0.0
2025-10-05 00:00:00,2025-10-06 00:00:00,1759698000,0.0
2025-10-05 01:00:00,2025-10-06 01:00:00,1759701600,0.0
2025-10-05 02:00:00,2025-10-06 02:00:00,1759705200,0.0
2025-10-05 03:00:00,2025-10-06 03:00:00,1759708800,0.0
2025-10-05 04:00:00,2025-10-06 04:00:00,1759712400,0.0
2025-10-05 05:00:00,2025-10-06 05:00:00,1759716000,0.0
2025-10-05 06:00:00,2025-10-06 06:00:00,1759719600,0.0
2025-10-05 07:00:00,2025-10-06 07:00:00,1759723200,1.0
2025-10-05 08:00:00,2025-10-06 08:00:00,1759726800,77.0
2025-10-05 09:00:00,2025-10-06 09:00:00,1759730400,258.0
2025-10-05 10:00:00,2025-10-06 10:00:00,1759734000,447.0
2025-10-05 11:00:00,2025-10-06 11:00:00,1759737600,588.0
2025-10-05 12:00:00,2025-10-06 12:00:00,1759741200,675.0
2025-10-05 13:00:00,2025-10-06 13:00:00,1759744800,707.0
2025-10-05 14:00:00,2025-10-06 14:00:00,1759748400,666.0
2025-10-05 15:00:00,2025-10-06 15:00:00,1759752000,590.0
2025-10-05 16:00:00,2025-10-06 16:00:00,1759755600,463.0
2025-10-05 17:00:00,2025-10-06 17:00:00,1759759200,288.0
2025-10-05 18:00:00,2025-10-06 18:00:00,1759762800,118.0
2025-10-05 19:00:00,2025-10-06 19:00:00,1759766400,7.0
2025-10-05 20:00:00,2025-10-06 20:00:00,1759770000,0.0
2025-10-05 21:00:00,2025-10-06 21:00:00,1759773600,0.0
2025-10-05 22:00:00,2025-10-06 22:00:00,1759777200,0.0
2025-10-05 23:00:00,2025-10-06 23:00:00,1759780800,0.0
2025-10-06 00:00:00,2025-10-07 00:00:00,1759784400,0.0
2025-10-06 01:00:00,2025-10-07 01:00:00,1759788000,0.0
2025-10-06 02:00:00,2025-10-07 02:00:00,1759791600,0.0
2025-10-06 03:00:00,2025-10-07 03:00:00,1759795200,0.0
2025-10-06 04:00:00,2025-10-07 04:00:00,1759798800,0.0
2025-10-06 05:00:00,2025-10-07 05:00:00,1759802400,0.0
2025-10-06 06:00:00,2025-10-07 06:00:00,1759806000,0.0
2025-10-06 07:00:00,2025-10-07 07:00:00,1759809600,0.0
2025-10-06 08:00:00,2025-10-07 08:00:00,1759813200,50.0
2025-10-06 09:00:00,2025-10-07 09:00:00,1759816800,203.0
2025-10-06 10:00:00,2025-10-07 10:00:00,1759820400,330.0
2025-10-06 11:00:00,2025-10-07 11:00:00,1759824000,546.0
2025-10-06 12:00:00,2025-10-07 12:00:00,1759827600,589.0
2025-10-06 13:00:00,2025-10-07 13:00:00,1759831200,513.0
2025-10-06 14:00:00,2025-10-07 14:00:00,1759834800,429.0
2025-10-06 15:00:00,2025-10-07 15:00:00,1759838400,434.0
2025-10-06 16:00:00,2025-10-07 16:00:00,1759842000,400.0
2025-10-06 17:00:00,2025-10-07 17:00:00,1759845600,291.0
2025-10-06 18:00:00,2025-10-07 18:00:00,1759849200,101.0
2025-10-06 19:00:00,2025-10-07 19:00:00,1759852800,5.0
2025-10-06 20:00:00,2025-10-07 20:00:00,1759856400,0.0
2025-10-06 21:00:00,2025-10-07 21:00:00,1759860000,0.0
2025-10-06 22:00:00,2025-10-07 22:00:00,1759863600,0.0
2025-10-06 23:00:00,2025-10-07 23:00:00,1759867200,0.0
2025-10-07 00:00:00,2025-10-08 00:00:00,1759870800,0.0
2025-10-07 01:00:00,2025-10-08 01:00:00,1759874400,0.0
2025-10-07 02:00:00,2025-10-08 02:00:00,1759878000,0.0
2025-10-07 03:00:00,2025-10-08 03:00:00,1759881600,0.0
2025-10-07 04:00:00,2025-10-08 04:00:00,1759885200,0.0
2025-10-07 05:00:00,2025-10-08 05:00:00,1759888800,0.0
2025-10-07 06:00:00,2025-10-08 06:00:00,1759892400,0.0
2025-10-07 07:00:00,2025-10-08 07:00:00,1759896000,0.0
2025-10-07 08:00:00,2025-10-08 08:00:00,1759899600,69.0
2025-10-07 09:00:00,2025-10-08 09:00:00,1759903200,240.0
2025-10-07 10:00:00,2025-10-08 10:00:00,1759906800,412.0
2025-10-07 11:00:00,2025-10-08 11:00:00,1759910400,508.0
2025-10-07 12:00:00,2025-10-08 12:00:00,1759914000,527.0
2025-10-07 13:00:00,2025-10-08 13:00:00,1759917600,707.0
2025-10-07 14:00:00,2025-10-08 14:00:00,1759921200,516.0
2025-10-07 15:00:00,2025-10-08 15:00:00,1759924800,527.0
2025-10-07 16:00:00,2025-10-08 16:00:00,1759928400,437.0
2025-10-07 17:00:00,2025-10-08 17:00:00,1759932000,205.0
2025-10-07 18:00:00,2025-10-08 18:00:00,1759935600,109.0
2025-10-07 19:00:00,2025-10-08 19:00:00,1759939200,4.0
2025-10-07 20:00:00,2025-10-08 20:00:00,1759942800,0.0
2025-10-07 21:00:00,2025-10-08 21:00:00,1759946400,0.0
2025-10-07 22:00:00,2025-10-08 22:00:00,1759950000,0.0
2025-10-07 23:00:00,2025-10-08 23:00:00,1759953600,0.0
2025-10-08 00:00:00,2025-10-09 00:00:00,1759957200,0.0
2025-10-08 01:00:00,2025-10-09 01:00:00,1759960800,0.0
2025-10-08 02:00:00,2025-10-09 02:00:00,1759964400,0.0
2025-10-08 03:00:00,2025-10-09 03:00:00,1759968000,0.0
2025-10-08 04:00:00,2025-10-09 04:00:00,1759971600,0.0
2025-10-08 05:00:00,2025-10-09 05:00:00,1759975200,0.0
2025-10-08 06:00:00,2025-10-09 06:00:00,1759978800,0.0
2025-10-08 07:00:00,2025-10-09 07:00:00,1759982400,0.0
2025-10-08 08:00:00,2025-10-09 08:00:00,1759986000,62.0
2025-10-08 09:00:00,2025-10-09 09:00:00,1759989600,204.0
2025-10-08 10:00:00,2025-10-09 10:00:00,1759993200,387.0
2025-10-08 11:00:00,2025-10-09 11:00:00,1759996800,549.0
2025-10-08 12:00:00,2025-10-09 12:00:00,1760000400,650.0
2025-10-08 13:00:00,2025-10-09 13:00:00,1760004000,695.0
2025-10-08 14:00:00,2025-10-09 14:00:00,1760007600,694.0
2025-10-08 15:00:00,2025-10-09 15:00:00,1760011200,624.0
2025-10-08 16:00:00,2025-10-09 16:00:00,1760014800,471.0
2025-10-08 17:00:00,2025-10-09 17:00:00,1760018400,293.0
2025-10-08 18:00:00,2025-10-09 18:00:00,1760022000,108.0
2025-10-08 19:00:00,2025-10-09 19:00:00,1760025600,5.0
2025-10-08 20:00:00,2025-10-09 20:00:00,1760029200,0.0
2025-10-08 21:00:00,2025-10-09 21:00:00,1760032800,0.0
2025-10-08 22:00:00,2025-10-09 22:00:00,1760036400,0.0
2025-10-08 23:00:00,2025-10-09 23:00:00,1760040000,0.0
2025-10-09 00:00:00,2025-10-10 00:00:00,1760043600,0.0
2025-10-09 01:00:00,2025-10-10 01:00:00,1760047200,0.0
2025-10-09 02:00:00,2025-10-10 02:00:00,1760050800,0.0
2025-10-09 03:00:00,2025-10-10 03:00:00,1760054400,0.0
2025-10-09 04:00:00,2025-10-10 04:00:00,1760058000,0.0
2025-10-09 05:00:00,2025-10-10 05:00:00,1760061600,0.0
2025-10-09 06:00:00,2025-10-10 06:00:00,1760065200,0.0
2025-10-09 07:00:00,2025-10-10 07:00:00,1760068800,0.0
2025-10-09 08:00:00,2025-10-10 08:00:00,1760072400,68.0
2025-10-09 09:00:00,2025-10-10 09:00:00,1760076000,246.0
2025-10-09 10:00:00,2025-10-10 10:00:00,1760079600,436.0
2025-10-09 11:00:00,2025-10-10 11:00:00,1760083200,588.0
2025-10-09 12:00:00,2025-10-10 12:00:00,1760086800,678.0
2025-10-09 13:00:00,2025-10-10 13:00:00,1760090400,633.0
2025-10-09 14:00:00,2025-10-10 14:00:00,1760094000,611.0
2025-10-09 15:00:00,2025-10-10 15:00:00,1760097600,611.0
2025-10-09 16:00:00,2025-10-10 16:00:00,1760101200,438.0
2025-10-09 17:00:00,2025-10-10 17:00:00,1760104800,289.0
2025-10-09 18:00:00,2025-10-10 18:00:00,1760108400,104.0
2025-10-09 19:00:00,2025-10-10 19:00:00,1760112000,4.0
2025-10-09 20:00:00,2025-10-10 20:00:00,1760115600,0.0
2025-10-09 21:00:00,2025-10-10 21:00:00,1760119200,0.0
2025-10-09 22:00:00,2025-10-10 22:00:00,1760122800,0.0
2025-10-09 23:00:00,2025-10-10 23:00:00,1760126400,0.0
2025-10-10 00:00:00,2025-10-11 00:00:00,1760130000,0.0
2025-10-10 01:00:00,2025-10-11 01:00:00,1760133600,0.0
2025-10-10 02:00:00,2025-10-11 02:00:00,1760137200,0.0
2025-10-10 03:00:00,2025-10-11 03:00:00,1760140800,0.0
2025-10-10 04:00:00,2025-10-11 04:00:00,1760144400,0.0
2025-10-10 05:00:00,2025-10-11 05:00:00,1760148000,0.0
2025-10-10 06:00:00,2025-10-11 06:00:00,1760151600,0.0
2025-10-10 07:00:00,2025-10-11 07:00:00,1760155200,0.0
2025-10-10 08:00:00,2025-10-11 08:00:00,1760158800,70.0
2025-10-10 09:00:00,2025-10-11 09:00:00,1760162400,249.0
2025-10-10 10:00:00,2025-10-11 10:00:00,1760166000,438.0
2025-10-10 11:00:00,2025-10-11 11:00:00,1760169600,593.0
2025-10-10 12:00:00,2025-10-11 12:00:00,1760173200,696.0
2025-10-10 13:00:00,2025-10-11 13:00:00,1760176800,731.0
2025-10-10 14:00:00,2025-10-11 14:00:00,1760180400,709.0
2025-10-10 15:00:00,2025-10-11 15:00:00,1760184000,618.0
2025-10-10 16:00:00,2025-10-11 16:00:00,1760187600,477.0
2025-10-10 17:00:00,2025-10-11 17:00:00,1760191200,293.0
2025-10-10 18:00:00,2025-10-11 18:00:00,1760194800,105.0
2025-10-10 19:00:00,2025-10-11 19:00:00,1760198400,3.0
2025-10-10 20:00:00,2025-10-11 20:00:00,1760202000,0.0
2025-10-10 21:00:00,2025-10-11 21:00:00,1760205600,0.0
2025-10-10 22:00:00,2025-10-11 22:00:00,1760209200,0.0
2025-10-10 23:00:00,2025-10-11 23:00:00,1760212800,0.0
2025-10-11 00:00:00,2025-10-12 00:00:00,1760216400,0.0
2025-10-11 01:00:00,2025-10-12 01:00:00,1760220000,0.0
2025-10-11 02:00:00,2025-10-12 02:00:00,1760223600,0.0
2025-10-11 03:00:00,2025-10-12 03:00:00,1760227200,0.0
2025-10-11 04:00:00,2025-10-12 04:00:00,1760230800,0.0
2025-10-11 05:00:00,2025-10-12 05:00:00,1760234400,0.0
2025-10-11 06:00:00,2025-10-12 06:00:00,1760238000,0.0
2025-10-11 07:00:00,2025-10-12 07:00:00,1760241600,0.0
2025-10-11 08:00:00,2025-10-12 08:00:00,1760245200,56.0
2025-10-11 09:00:00,2025-10-12 09:00:00,1760248800,198.0
2025-10-11 10:00:00,2025-10-12 10:00:00,1760252400,397.0
2025-10-11 11:00:00,2025-10-12 11:00:00,1760256000,536.0
2025-10-11 12:00:00,2025-10-12 12:00:00,1760259600,650.0
2025-10-11 13:00:00,2025-10-12 13:00:00,1760263200,690.0
2025-10-11 14:00:00,2025-10-12 14:00:00,1760266800,635.0
2025-10-11 15:00:00,2025-10-12 15:00:00,1760270400,544.0
2025-10-11 16:00:00,2025-10-12 16:00:00,1760274000,453.0
2025-10-11 17:00:00,2025-10-12 17:00:00,1760277600,287.0
2025-10-11 18:00:00,2025-10-12 18:00:00,1760281200,100.0
2025-10-11 19:00:00,2025-10-12 19:00:00,1760284800,3.0
2025-10-11 20:00:00,2025-10-12 20:00:00,1760288400,0.0
2025-10-11 21:00:00,2025-10-12 21:00:00,1760292000,0.0
2025-10-11 22:00:00,2025-10-12 22:00:00,1760295600,0.0
2025-10-11 23:00:00,2025-10-12 23:00:00,1760299200,0.0
2025-10-12 00:00:00,2025-10-13 00:00:00,1760302800,0.0
2025-10-12 01:00:00,2025-10-13 01:00:00,1760306400,0.0
2025-10-12 02:00:00,2025-10-13 02:00:00,1760310000,0.0
2025-10-12 03:00:00,2025-10-13 03:00:00,1760313600,0.0
2025-10-12 04:00:00,2025-10-13 04:00:00,1760317200,0.0
2025-10-12 05:00:00,2025-10-13 05:00:00,1760320800,0.0
2025-10-12 06:00:00,2025-10-13 06:00:00,1760324400,0.0
2025-10-12 07:00:00,2025-10-13 07:00:00,1760328000,0.0
2025-10-12 08:00:00,2025-10-13 08:00:00,1760331600,64.0
2025-10-12 09:00:00,2025-10-13 09:00:00,1760335200,247.0
2025-10-12 10:00:00,2025-10-13 10:00:00,1760338800,435.0
2025-10-12 11:00:00,2025-10-13 11:00:00,1760342400,586.0
2025-10-12 12:00:00,2025-10-13 12:00:00,1760346000,685.0
2025-10-12 13:00:00,2025-10-13 13:00:00,1760349600,729.0
2025-10-12 14:00:00,2025-10-13 14:00:00,1760353200,697.0
2025-10-12 15:00:00,2025-10-13 15:00:00,1760356800,606.0
2025-10-12 16:00:00,2025-10-13 16:00:00,1760360400,464.0
2025-10-12 17:00:00,2025-10-13 17:00:00,1760364000,285.0
2025-10-12 18:00:00,2025-10-13 18:00:00,1760367600,99.0
2025-10-12 19:00:00,2025-10-13 19:00:00,1760371200,2.0
2025-10-12 20:00:00,2025-10-13 20:00:00,1760374800,0.0
2025-10-12 21:00:00,2025-10-13 21:00:00,1760378400,0.0
2025-10-12 22:00:00,2025-10-13 22:00:00,1760382000,0.0
2025-10-12 23:00:00,2025-10-13 23:00:00,1760385600,0.0
2025-10-13 00:00:00,2025-10-14 00:00:00,1760389200,0.0
2025-10-13 01:00:00,2025-10-14 01:00:00,1760392800,0.0
2025-10-13 02:00:00,2025-10-14 02:00:00,1760396400,0.0
2025-10-13 03:00:00,2025-10-14 03:00:00,1760400000,0.0
2025-10-13 04:00:00,2025-10-14 04:00:00,1760403600,0.0
2025-10-13 05:00:00,2025-10-14 05:00:00,1760407200,0.0
2025-10-13 06:00:00,2025-10-14 06:00:00,1760410800,0.0
2025-10-13 07:00:00,2025-10-14 07:00:00,1760414400,0.0
2025-10-13 08:00:00,2025-10-14 08:00:00,1760418000,61.0
2025-10-13 09:00:00,2025-10-14 09:00:00,1760421600,236.0
2025-10-13 10:00:00,2025-10-14 10:00:00,1760425200,392.0
2025-10-13 11:00:00,2025-10-14 11:00:00,1760428800,545.0
2025-10-13 12:00:00,2025-10-14 12:00:00,1760432400,623.0
2025-10-13 13:00:00,2025-10-14 13:00:00,1760436000,598.0
2025-10-13 14:00:00,2025-10-14 14:00:00,1760439600,617.0
2025-10-13 15:00:00,2025-10-14 15:00:00,1760443200,555.0
2025-10-13 16:00:00,2025-10-14 16:00:00,1760446800,382.0
2025-10-13 17:00:00,2025-10-14 17:00:00,1760450400,260.0
2025-10-13 18:00:00,2025-10-14 18:00:00,1760454000,94.0
2025-10-13 19:00:00,2025-10-14 19:00:00,1760457600,2.0
2025-10-13 20:00:00,2025-10-14 20:00:00,1760461200,0.0
2025-10-13 21:00:00,2025-10-14 21:00:00,1760464800,0.0
2025-10-13 22:00:00,2025-10-14 22:00:00,1760468400,0.0
2025-10-13 23:00:00,2025-10-14 23:00:00,1760472000,0.0
2025-10-14 00:00:00,2025-10-15 00:00:00,1760475600,0.0
2025-10-14 01:00:00,2025-10-15 01:00:00,1760479200,0.0
2025-10-14 02:00:00,2025-10-15 02:00:00,1760482800,0.0
2025-10-14 03:00:00,2025-10-15 03:00:00,1760486400,0.0
2025-10-14 04:00:00,2025-10-15 04:00:00,1760490000,0.0
2025-10-14 05:00:00,2025-10-15 05:00:00,1760493600,0.0
2025-10-14 06:00:00,2025-10-15 06:00:00,1760497200,0.0
2025-10-14 07:00:00,2025-10-15 07:00:00,1760500800,0.0
2025-10-14 08:00:00,2025-10-15 08:00:00,1760504400,59.0
2025-10-14 09:00:00,2025-10-15 09:00:00,1760508000,233.0
2025-10-14 10:00:00,2025-10-15 10:00:00,1760511600,416.0
2025-10-14 11:00:00,2025-10-15 11:00:00,1760515200,573.0
2025-10-14 12:00:00,2025-10-15 12:00:00,1760518800,680.0
2025-10-14 13:00:00,2025-10-15 13:00:00,1760522400,716.0
2025-10-14 14:00:00,2025-10-15 14:00:00,1760526000,642.0
2025-10-14 15:00:00,2025-10-15 15:00:00,1760529600,569.0
2025-10-14 16:00:00,2025-10-15 16:00:00,1760533200,448.0
2025-10-14 17:00:00,2025-10-15 17:00:00,1760536800,265.0
2025-10-14 18:00:00,2025-10-15 18:00:00,1760540400,87.0
2025-10-14 19:00:00,2025-10-15 19:00:00,1760544000,1.0
2025-10-14 20:00:00,2025-10-15 20:00:00,1760547600,0.0
2025-10-14 21:00:00,2025-10-15 21:00:00,1760551200,0.0
2025-10-14 22:00:00,2025-10-15 22:00:00,1760554800,0.0
2025-10-14 23:00:00,2025-10-15 23:00:00,1760558400,0.0
2025-10-15 00:00:00,2025-10-16 00:00:00,1760562000,0.0
2025-10-15 01:00:00,2025-10-16 01:00:00,1760565600,0.0
2025-10-15 02:00:00,2025-10-16 02:00:00,1760569200,0.0
2025-10-15 03:00:00,2025-10-16 03:00:00,1760572800,0.0
2025-10-15 04:00:00,2025-10-16 04:00:00,1760576400,0.0
2025-10-15 05:00:00,2025-10-16 05:00:00,1760580000,0.0
2025-10-15 06:00:00,2025-10-16 06:00:00,1760583600,0.0
2025-10-15 07:00:00,2025-10-16 07:00:00,1760587200,0.0
2025-10-15 08:00:00,2025-10-16 08:00:00,1760590800,57.0
2025-10-15 09:00:00,2025-10-16 09:00:00,1760594400,225.0
2025-10-15 10:00:00,2025-10-16 10:00:00,1760598000,418.0
2025-10-15 11:00:00,2025-10-16 11:00:00,1760601600,571.0
2025-10-15 12:00:00,2025-10-16 12:00:00,1760605200,672.0
2025-10-15 13:00:00,2025-10-16 13:00:00,1760608800,705.0
2025-10-15 14:00:00,2025-10-16 14:00:00,1760612400,665.0
2025-10-15 15:00:00,2025-10-16 15:00:00,1760616000,558.0
2025-10-15 16:00:00,2025-10-16 16:00:00,1760619600,398.0
2025-10-15 17:00:00,2025-10-16 17:00:00,1760623200,230.0
2025-10-15 18:00:00,2025-10-16 18:00:00,1760626800,78.0
2025-10-15 19:00:00,2025-10-16 19:00:00,1760630400,1.0
2025-10-15 20:00:00,2025-10-16 20:00:00,1760634000,0.0
2025-10-15 21:00:00,2025-10-16 21:00:00,1760637600,0.0
2025-10-15 22:00:00,2025-10-16 22:00:00,1760641200,0.0
2025-10-15 23:00:00,2025-10-16 23:00:00,1760644800,0.0
2025-10-16 00:00:00,2025-10-17 00:00:00,1760648400,0.0
2025-10-16 01:00:00,2025-10-17 01:00:00,1760652000,0.0
2025-10-16 02:00:00,2025-10-17 02:00:00,1760655600,0.0
2025-10-16 03:00:00,2025-10-17 03:00:00,1760659200,0.0
2025-10-16 04:00:00,2025-10-17 04:00:00,1760662800,0.0
2025-10-16 05:00:00,2025-10-17 05:00:00,1760666400,0.0
2025-10-16 06:00:00,2025-10-17 06:00:00,1760670000,0.0
2025-10-16 07:00:00,2025-10-17 07:00:00,1760673600,0.0
2025-10-16 08:00:00,2025-10-17 08:00:00,1760677200,55.0
2025-10-16 09:00:00,2025-10-17 09:00:00,1760680800,230.0
2025-10-16 10:00:00,2025-10-17 10:00:00,1760684400,414.0
2025-10-16 11:00:00,2025-10-17 11:00:00,1760688000,566.0
2025-10-16 12:00:00,2025-10-17 12:00:00,1760691600,661.0
2025-10-16 13:00:00,2025-10-17 13:00:00,1760695200,690.0
2025-10-16 14:00:00,2025-10-17 14:00:00,1760698800,661.0
2025-10-16 15:00:00,2025-10-17 15:00:00,1760702400,568.0
2025-10-16 16:00:00,2025-10-17 16:00:00,1760706000,431.0
2025-10-16 17:00:00,2025-10-17 17:00:00,1760709600,256.0
2025-10-16 18:00:00,2025-10-17 18:00:00,1760713200,79.0
2025-10-16 19:00:00,2025-10-17 19:00:00,1760716800,1.0
2025-10-16 20:00:00,2025-10-17 20:00:00,1760720400,0.0
2025-10-16 21:00:00,2025-10-17 21:00:00,1760724000,0.0
2025-10-16 22:00:00,2025-10-17 22:00:00,1760727600,0.0
2025-10-16 23:00:00,2025-10-17 23:00:00,1760731200,0.0
2025-10-17 00:00:00,2025-10-18 00:00:00,1760734800,0.0
2025-10-17 01:00:00,2025-10-18 01:00:00,1760738400,0.0
2025-10-17 02:00:00,2025-10-18 02:00:00,1760742000,0.0
2025-10-17 03:00:00,2025-10-18 03:00:00,1760745600,0.0
2025-10-17 04:00:00,2025-10-18 04:00:00,1760749200,0.0
2025-10-17 05:00:00,2025-10-18 05:00:00,1760752800,0.0
2025-10-17 06:00:00,2025-10-18 06:00:00,1760756400,0.0
2025-10-17 07:00:00,2025-10-18 07:00:00,1760760000,0.0
2025-10-17 08:00:00,2025-10-18 08:00:00,1760763600,55.0
2025-10-17 09:00:00,2025-10-18 09:00:00,1760767200,224.0
2025-10-17 10:00:00,2025-10-18 10:00:00,1760770800,411.0
2025-10-17 11:00:00,2025-10-18 11:00:00,1760774400,565.0
2025-10-17 12:00:00,2025-10-18 12:00:00,1760778000,665.0
2025-10-17 13:00:00,2025-10-18 13:00:00,1760781600,703.0
2025-10-17 14:00:00,2025-10-18 14:00:00,1760785200,675.0
2025-10-17 15:00:00,2025-10-18 15:00:00,1760788800,583.0
2025-10-17 16:00:00,2025-10-18 16:00:00,1760792400,437.0
2025-10-17 17:00:00,2025-10-18 17:00:00,1760796000,257.0
2025-10-17 18:00:00,2025-10-18 18:00:00,1760799600,79.0
2025-10-17 19:00:00,2025-10-18 19:00:00,1760803200,1.0
2025-10-17 20:00:00,2025-10-18 20:00:00,1760806800,0.0
2025-10-17 21:00:00,2025-10-18 21:00:00,1760810400,0.0
2025-10-17 22:00:00,2025-10-18 22:00:00,1760814000,0.0
2025-10-17 23:00:00,2025-10-18 23:00:00,1760817600,0.0
2025-10-18 00:00:00,2025-10-19 00:00:00,1760821200,0.0
2025-10-18 01:00:00,2025-10-19 01:00:00,1760824800,0.0
2025-10-18 02:00:00,2025-10-19 02:00:00,1760828400,0.0
2025-10-18 03:00:00,2025-10-19 03:00:00,1760832000,0.0
2025-10-18 04:00:00,2025-10-19 04:00:00,1760835600,0.0
2025-10-18 05:00:00,2025-10-19 05:00:00,1760839200,0.0
2025-10-18 06:00:00,2025-10-19 06:00:00,1760842800,0.0
2025-10-18 07:00:00,2025-10-19 07:00:00,1760846400,0.0
2025-10-18 08:00:00,2025-10-19 08:00:00,1760850000,46.0
2025-10-18 09:00:00,2025-10-19 09:00:00,1760853600,182.0
2025-10-18 10:00:00,2025-10-19 10:00:00,1760857200,349.0
2025-10-18 11:00:00,2025-10-19 11:00:00,1760860800,513.0
2025-10-18 12:00:00,2025-10-19 12:00:00,1760864400,574.0
2025-10-18 13:00:00,2025-10-19 13:00:00,1760868000,639.0
2025-10-18 14:00:00,2025-10-19 14:00:00,1760871600,633.0
2025-10-18 15:00:00,2025-10-19 15:00:00,1760875200,538.0
2025-10-18 16:00:00,2025-10-19 16:00:00,1760878800,409.0
2025-10-18 17:00:00,2025-10-19 17:00:00,1760882400,228.0
2025-10-18 18:00:00,2025-10-19 18:00:00,1760886000,69.0
2025-10-18 19:00:00,2025-10-19 19:00:00,1760889600,0.0
2025-10-18 20:00:00,2025-10-19 20:00:00,1760893200,0.0
2025-10-18 21:00:00,2025-10-19 21:00:00,1760896800,0.0
2025-10-18 22:00:00,2025-10-19 22:00:00,1760900400,0.0
2025-10-18 23:00:00,2025-10-19 23:00:00,1760904000,0.0
2025-10-19 00:00:00,2025-10-20 00:00:00,1760907600,0.0
2025-10-19 01:00:00,2025-10-20 01:00:00,1760911200,0.0
2025-10-19 02:00:00,2025-10-20 02:00:00,1760914800,0.0
2025-10-19 03:00:00,2025-10-20 03:00:00,1760918400,0.0
2025-10-19 04:00:00,2025-10-20 04:00:00,1760922000,0.0
2025-10-19 05:00:00,2025-10-20 05:00:00,1760925600,0.0
2025-10-19 06:00:00,2025-10-20 06:00:00,1760929200,0.0
2025-10-19 07:00:00,2025-10-20 07:00:00,1760932800,0.0
2025-10-19 08:00:00,2025-10-20 08:00:00,1760936400,42.0
2025-10-19 09:00:00,2025-10-20 09:00:00,1760940000,181.0
2025-10-19 10:00:00,2025-10-20 10:00:00,1760943600,362.0
2025-10-19 11:00:00,2025-10-20 11:00:00,1760947200,509.0
2025-10-19 12:00:00,2025-10-20 12:00:00,1760950800,609.0
2025-10-19 13:00:00,2025-10-20 13:00:00,1760954400,652.0
2025-10-19 14:00:00,2025-10-20 14:00:00,1760958000,622.0
2025-10-19 15:00:00,2025-10-20 15:00:00,1760961600,534.0
2025-10-19 16:00:00,2025-10-20 16:00:00,1760965200,417.0
2025-10-19 17:00:00,2025-10-20 17:00:00,1760968800,241.0
2025-10-19 18:00:00,2025-10-20 18:00:00,1760972400,71.0
2025-10-19 19:00:00,2025-10-20 19:00:00,1760976000,0.0
2025-10-19 20:00:00,2025-10-20 20:00:00,1760979600,0.0
2025-10-19 21:00:00,2025-10-20 21:00:00,1760983200,0.0
2025-10-19 22:00:00,2025-10-20 22:00:00,1760986800,0.0
2025-10-19 23:00:00,2025-10-20 23:00:00,1760990400,0.0
2025-10-20 00:00:00,2025-10-21 00:00:00,1760994000,0.0
2025-10-20 01:00:00,2025-10-21 01:00:00,1760997600,0.0
2025-10-20 02:00:00,2025-10-21 02:00:00,1761001200,0.0
2025-10-20 03:00:00,2025-10-21 03:00:00,1761004800,0.0
2025-10-20 04:00:00,2025-10-21 04:00:00,1761008400,0.0
2025-10-20 05:00:00,2025-10-21 05:00:00,1761012000,0.0
2025-10-20 06:00:00,2025-10-21 06:00:00,1761015600,0.0
2025-10-20 07:00:00,2025-10-21 07:00:00,1761019200,0.0
2025-10-20 08:00:00,2025-10-21 08:00:00,1761022800,47.0
2025-10-20 09:00:00,2025-10-21 09:00:00,1761026400,195.0
2025-10-20 10:00:00,2025-10-21 10:00:00,1761030000,348.0
2025-10-20 11:00:00,2025-10-21 11:00:00,1761033600,477.0
2025-10-20 12:00:00,2025-10-21 12:00:00,1761037200,528.0
2025-10-20 13:00:00,2025-10-21 13:00:00,1761040800,439.0
2025-10-20 14:00:00,2025-10-21 14:00:00,1761044400,380.0
2025-10-20 15:00:00,2025-10-21 15:00:00,1761048000,337.0
2025-10-20 16:00:00,2025-10-21 16:00:00,1761051600,369.0
2025-10-20 17:00:00,2025-10-21 17:00:00,1761055200,218.0
2025-10-20 18:00:00,2025-10-21 18:00:00,1761058800,68.0
2025-10-20 19:00:00,2025-10-21 19:00:00,1761062400,0.0
2025-10-20 20:00:00,2025-10-21 20:00:00,1761066000,0.0
2025-10-20 21:00:00,2025-10-21 21:00:00,1761069600,0.0
2025-10-20 22:00:00,2025-10-21 22:00:00,1761073200,0.0
2025-10-20 23:00:00,2025-10-21 23:00:00,1761076800,0.0
2025-10-21 00:00:00,2025-10-22 00:00:00,1761080400,0.0
2025-10-21 01:00:00,2025-10-22 01:00:00,1761084000,0.0
2025-10-21 02:00:00,2025-10-22 02:00:00,1761087600,0.0
2025-10-21 03:00:00,2025-10-22 03:00:00,1761091200,0.0
2025-10-21 04:00:00,2025-10-22 04:00:00,1761094800,0.0
2025-10-21 05:00:00,2025-10-22 05:00:00,1761098400,0.0
2025-10-21 06:00:00,2025-10-22 06:00:00,1761102000,0.0
2025-10-21 07:00:00,2025-10-22 07:00:00,1761105600,0.0
2025-10-21 08:00:00,2025-10-22 08:00:00,1761109200,47.0
2025-10-21 09:00:00,2025-10-22 09:00:00,1761112800,212.0
2025-10-21 10:00:00,2025-10-22 10:00:00,1761116400,392.0
2025-10-21 11:00:00,2025-10-22 11:00:00,1761120000,541.0
2025-10-21 12:00:00,2025-10-22 12:00:00,1761123600,638.0
2025-10-21 13:00:00,2025-10-22 13:00:00,1761127200,672.0
2025-10-21 14:00:00,2025-10-22 14:00:00,1761130800,624.0
2025-10-21 15:00:00,2025-10-22 15:00:00,1761134400,544.0
2025-10-21 16:00:00,2025-10-22 16:00:00,1761138000,404.0
2025-10-21 17:00:00,2025-10-22 17:00:00,1761141600,195.0
2025-10-21 18:00:00,2025-10-22 18:00:00,1761145200,54.0
2025-10-21 19:00:00,2025-10-22 19:00:00,1761148800,0.0
2025-10-21 20:00:00,2025-10-22 20:00:00,1761152400,0.0
2025-10-21 21:00:00,2025-10-22 21:00:00,1761156000,0.0
2025-10-21 22:00:00,2025-10-22 22:00:00,1761159600,0.0
2025-10-21 23:00:00,2025-10-22 23:00:00,1761163200,0.0
2025-10-22 00:00:00,2025-10-23 00:00:00,1761166800,0.0
2025-10-22 01:00:00,2025-10-23 01:00:00,1761170400,0.0
2025-10-22 02:00:00,2025-10-23 02:00:00,1761174000,0.0
2025-10-22 03:00:00,2025-10-23 03:00:00,1761177600,0.0
2025-10-22 04:00:00,2025-10-23 04:00:00,1761181200,0.0
2025-10-22 05:00:00,2025-10-23 05:00:00,1761184800,0.0
2025-10-22 06:00:00,2025-10-23 06:00:00,1761188400,0.0
2025-10-22 07:00:00,2025-10-23 07:00:00,1761192000,0.0
2025-10-22 08:00:00,2025-10-23 08:00:00,1761195600,46.0
2025-10-22 09:00:00,2025-10-23 09:00:00,1761199200,213.0
2025-10-22 10:00:00,2025-10-23 10:00:00,1761202800,394.0
2025-10-22 11:00:00,2025-10-23 11:00:00,1761206400,545.0
2025-10-22 12:00:00,2025-10-23 12:00:00,1761210000,635.0
2025-10-22 13:00:00,2025-10-23 13:00:00,1761213600,668.0
2025-10-22 14:00:00,2025-10-23 14:00:00,1761217200,597.0
2025-10-22 15:00:00,2025-10-23 15:00:00,1761220800,495.0
2025-10-22 16:00:00,2025-10-23 16:00:00,1761224400,376.0
2025-10-22 17:00:00,2025-10-23 17:00:00,1761228000,195.0
2025-10-22 18:00:00,2025-10-23 18:00:00,1761231600,52.0
2025-10-22 19:00:00,2025-10-23 19:00:00,1761235200,0.0
2025-10-22 20:00:00,2025-10-23 20:00:00,1761238800,0.0
2025-10-22 21:00:00,2025-10-23 21:00:00,1761242400,0.0
2025-10-22 22:00:00,2025-10-23 22:00:00,1761246000,0.0
2025-10-22 23:00:00,2025-10-23 23:00:00,1761249600,0.0
2025-10-23 00:00:00,2025-10-24 00:00:00,1761253200,0.0
2025-10-23 01:00:00,2025-10-24 01:00:00,1761256800,0.0
2025-10-23 02:00:00,2025-10-24 02:00:00,1761260400,0.0
2025-10-23 03:00:00,2025-10-24 03:00:00,1761264000,0.0
2025-10-23 04:00:00,2025-10-24 04:00:00,1761267600,0.0
2025-10-23 05:00:00,2025-10-24 05:00:00,1761271200,0.0
2025-10-23 06:00:00,2025-10-24 06:00:00,1761274800,0.0
2025-10-23 07:00:00,2025-10-24 07:00:00,1761278400,0.0
2025-10-23 08:00:00,2025-10-24 08:00:00,1761282000,44.0
2025-10-23 09:00:00,2025-10-24 09:00:00,1761285600,208.0
2025-10-23 10:00:00,2025-10-24 10:00:00,1761289200,388.0
2025-10-23 11:00:00,2025-10-24 11:00:00,1761292800,532.0
2025-10-23 12:00:00,2025-10-24 12:00:00,1761296400,634.0
2025-10-23 13:00:00,2025-10-24 13:00:00,1761300000,670.0
2025-10-23 14:00:00,2025-10-24 14:00:00,1761303600,641.0
2025-10-23 15:00:00,2025-10-24 15:00:00,1761307200,550.0
2025-10-23 16:00:00,2025-10-24 16:00:00,1761310800,406.0
2025-10-23 17:00:00,2025-10-24 17:00:00,1761314400,230.0
2025-10-23 18:00:00,2025-10-24 18:00:00,1761318000,61.0
2025-10-23 19:00:00,2025-10-24 19:00:00,1761321600,0.0
2025-10-23 20:00:00,2025-10-24 20:00:00,1761325200,0.0
2025-10-23 21:00:00,2025-10-24 21:00:00,1761328800,0.0
2025-10-23 22:00:00,2025-10-24 22:00:00,1761332400,0.0
2025-10-23 23:00:00,2025-10-24 23:00:00,1761336000,0.0
2025-10-24 00:00:00,2025-10-25 00:00:00,1761339600,0.0
2025-10-24 01:00:00,2025-10-25 01:00:00,1761343200,0.0
2025-10-24 02:00:00,2025-10-25 02:00:00,1761346800,0.0
2025-10-24 03:00:00,2025-10-25 03:00:00,1761350400,0.0
2025-10-24 04:00:00,2025-10-25 04:00:00,1761354000,0.0
2025-10-24 05:00:00,2025-10-25 05:00:00,1761357600,0.0
2025-10-24 06:00:00,2025-10-25 06:00:00,1761361200,0.0
2025-10-24 07:00:00,2025-10-25 07:00:00,1761364800,0.0
2025-10-24 08:00:00,2025-10-25 08:00:00,1761368400,38.0
2025-10-24 09:00:00,2025-10-25 09:00:00,1761372000,182.0
2025-10-24 10:00:00,2025-10-25 10:00:00,1761375600,357.0
2025-10-24 11:00:00,2025-10-25 11:00:00,1761379200,515.0
2025-10-24 12:00:00,2025-10-25 12:00:00,1761382800,619.0
2025-10-24 13:00:00,2025-10-25 13:00:00,1761386400,652.0
2025-10-24 14:00:00,2025-10-25 14:00:00,1761390000,624.0
2025-10-24 15:00:00,2025-10-25 15:00:00,1761393600,534.0
2025-10-24 16:00:00,2025-10-25 16:00:00,1761397200,394.0
2025-10-24 17:00:00,2025-10-25 17:00:00,1761400800,213.0
2025-10-24 18:00:00,2025-10-25 18:00:00,1761404400,55.0
2025-10-24 19:00:00,2025-10-25 19:00:00,1761408000,0.0
2025-10-24 20:00:00,2025-10-25 20:00:00,1761411600,0.0
2025-10-24 21:00:00,2025-10-25 21:00:00,1761415200,0.0
2025-10-24 22:00:00,2025-10-25 22:00:00,1761418800,0.0
2025-10-24 23:00:00,2025-10-25 23:00:00,1761422400,0.0
2025-10-25 00:00:00,2025-10-26 00:00:00,1761426000,0.0
2025-10-25 01:00:00,2025-10-26 01:00:00,1761429600,0.0
2025-10-25 02:00:00,2025-10-26 02:00:00,1761433200,0.0
2025-10-25 03:00:00,2025-10-26 03:00:00,1761436800,0.0
2025-10-25 04:00:00,2025-10-26 04:00:00,1761440400,0.0
2025-10-25 05:00:00,2025-10-26 05:00:00,1761444000,0.0
2025-10-25 06:00:00,2025-10-26 06:00:00,1761447600,0.0
2025-10-25 07:00:00,2025-10-26 07:00:00,1761451200,0.0
2025-10-25 08:00:00,2025-10-26 08:00:00,1761454800,36.0
2025-10-25 09:00:00,2025-10-26 09:00:00,1761458400,183.0
2025-10-25 10:00:00,2025-10-26 10:00:00,1761462000,344.0
2025-10-25 11:00:00,2025-10-26 11:00:00,1761465600,453.0
2025-10-25 12:00:00,2025-10-26 12:00:00,1761469200,513.0
2025-10-25 13:00:00,2025-10-26 13:00:00,1761472800,630.0
2025-10-25 14:00:00,2025-10-26 14:00:00,1761476400,625.0
2025-10-25 15:00:00,2025-10-26 15:00:00,1761480000,519.0
2025-10-25 16:00:00,2025-10-26 16:00:00,1761483600,377.0
2025-10-25 17:00:00,2025-10-26 17:00:00,1761487200,217.0
2025-10-25 18:00:00,2025-10-26 18:00:00,1761490800,54.0
2025-10-25 19:00:00,2025-10-26 19:00:00,1761494400,0.0
2025-10-25 20:00:00,2025-10-26 20:00:00,1761498000,0.0
2025-10-25 21:00:00,2025-10-26 21:00:00,1761501600,0.0
2025-10-25 22:00:00,2025-10-26 22:00:00,1761505200,0.0
2025-10-25 23:00:00,2025-10-26 23:00:00,1761508800,0.0
2025-10-26 00:00:00,2025-10-27 00:00:00,1761512400,0.0
2025-10-26 01:00:00,2025-10-27 01:00:00,1761516000,0.0
2025-10-26 02:00:00,2025-10-27 02:00:00,1761519600,0.0
2025-10-26 03:00:00,2025-10-27 03:00:00,1761523200,0.0
2025-10-26 04:00:00,2025-10-27 04:00:00,1761526800,0.0
2025-10-26 05:00:00,2025-10-27 05:00:00,1761530400,0.0
2025-10-26 06:00:00,2025-10-27 06:00:00,1761534000,0.0
2025-10-26 07:00:00,2025-10-27 07:00:00,1761537600,0.0
2025-10-26 08:00:00,2025-10-27 08:00:00,1761541200,38.0
2025-10-26 09:00:00,2025-10-27 09:00:00,1761544800,186.0
2025-10-26 10:00:00,2025-10-27 10:00:00,1761548400,355.0
2025-10-26 11:00:00,2025-10-27 11:00:00,1761552000,509.0
2025-10-26 12:00:00,2025-10-27 12:00:00,1761555600,619.0
2025-10-26 13:00:00,2025-10-27 13:00:00,1761559200,656.0
2025-10-26 14:00:00,2025-10-27 14:00:00,1761562800,626.0
2025-10-26 15:00:00,2025-10-27 15:00:00,1761566400,535.0
2025-10-26 16:00:00,2025-10-27 16:00:00,1761570000,397.0
2025-10-26 17:00:00,2025-10-27 17:00:00,1761573600,221.0
2025-10-26 18:00:00,2025-10-27 18:00:00,1761577200,54.0
2025-10-26 19:00:00,2025-10-27 19:00:00,1761580800,0.0
2025-10-26 20:00:00,2025-10-27 20:00:00,1761584400,0.0
2025-10-26 21:00:00,2025-10-27 21:00:00,1761588000,0.0
2025-10-26 22:00:00,2025-10-27 22:00:00,1761591600,0.0
2025-10-26 23:00:00,2025-10-27 23:00:00,1761595200,0.0
2025-10-27 00:00:00,2025-10-28 00:00:00,1761598800,0.0
2025-10-27 01:00:00,2025-10-28 01:00:00,1761602400,0.0
2025-10-27 02:00:00,2025-10-28 02:00:00,1761606000,0.0
2025-10-27 03:00:00,2025-10-28 03:00:00,1761609600,0.0
2025-10-27 04:00:00,2025-10-28 04:00:00,1761613200,0.0
2025-10-27 05:00:00,2025-10-28 05:00:00,1761616800,0.0
2025-10-27 06:00:00,2025-10-28 06:00:00,1761620400,0.0
2025-10-27 07:00:00,2025-10-28 07:00:00,1761624000,0.0
2025-10-27 08:00:00,2025-10-28 08:00:00,1761627600,37.0
2025-10-27 09:00:00,2025-10-28 09:00:00,1761631200,196.0
2025-10-27 10:00:00,2025-10-28 10:00:00,1761634800,374.0
2025-10-27 11:00:00,2025-10-28 11:00:00,1761638400,522.0
2025-10-27 12:00:00,2025-10-28 12:00:00,1761642000,618.0
2025-10-27 13:00:00,2025-10-28 13:00:00,1761645600,653.0
2025-10-27 14:00:00,2025-10-28 14:00:00,1761649200,617.0
2025-10-27 15:00:00,2025-10-28 15:00:00,1761652800,524.0
2025-10-27 16:00:00,2025-10-28 16:00:00,1761656400,386.0
2025-10-27 17:00:00,2025-10-28 17:00:00,1761660000,212.0
2025-10-27 18:00:00,2025-10-28 18:00:00,1761663600,50.0
2025-10-27 19:00:00,2025-10-28 19:00:00,1761667200,0.0
2025-10-27 20:00:00,2025-10-28 20:00:00,1761670800,0.0
2025-10-27 21:00:00,2025-10-28 21:00:00,1761674400,0.0
2025-10-27 22:00:00,2025-10-28 22:00:00,1761678000,0.0
2025-10-27 23:00:00,2025-10-28 23:00:00,1761681600,0.0
2025-10-28 00:00:00,2025-10-29 00:00:00,1761685200,0.0
2025-10-28 01:00:00,2025-10-29 01:00:00,1761688800,0.0
2025-10-28 02:00:00,2025-10-29 02:00:00,1761692400,0.0
2025-10-28 03:00:00,2025-10-29 03:00:00,1761696000,0.0
2025-10-28 04:00:00,2025-10-29 04:00:00,1761699600,0.0
2025-10-28 05:00:00,2025-10-29 05:00:00,1761703200,0.0
2025-10-28 06:00:00,2025-10-29 06:00:00,1761706800,0.0
2025-10-28 07:00:00,2025-10-29 07:00:00,1761710400,0.0
2025-10-28 08:00:00,2025-10-29 08:00:00,1761714000,30.0
2025-10-28 09:00:00,2025-10-29 09:00:00,1761717600,169.0
2025-10-28 10:00:00,2025-10-29 10:00:00,1761721200,343.0
2025-10-28 11:00:00,2025-10-29 11:00:00,1761724800,497.0
2025-10-28 12:00:00,2025-10-29 12:00:00,1761728400,603.0
2025-10-28 13:00:00,2025-10-29 13:00:00,1761732000,643.0
2025-10-28 14:00:00,2025-10-29 14:00:00,1761735600,612.0
2025-10-28 15:00:00,2025-10-29 15:00:00,1761739200,532.0
2025-10-28 16:00:00,2025-10-29 16:00:00,1761742800,394.0
2025-10-28 17:00:00,2025-10-29 17:00:00,1761746400,218.0
2025-10-28 18:00:00,2025-10-29 18:00:00,1761750000,50.0
2025-10-28 19:00:00,2025-10-29 19:00:00,1761753600,0.0
2025-10-28 20:00:00,2025-10-29 20:00:00,1761757200,0.0
2025-10-28 21:00:00,2025-10-29 21:00:00,1761760800,0.0
2025-10-28 22:00:00,2025-10-29 22:00:00,1761764400,0.0
2025-10-28 23:00:00,2025-10-29 23:00:00,1761768000,0.0
2025-10-29 00:00:00,2025-10-30 00:00:00,1761771600,0.0
2025-10-29 01:00:00,2025-10-30 01:00:00,1761775200,0.0
2025-10-29 02:00:00,2025-10-30 02:00:00,1761778800,0.0
2025-10-29 03:00:00,2025-10-30 03:00:00,1761782400,0.0
2025-10-29 04:00:00,2025-10-30 04:00:00,1761786000,0.0
2025-10-29 05:00:00,2025-10-30 05:00:00,1761789600,0.0
2025-10-29 06:00:00,2025-10-30 06:00:00,1761793200,0.0
2025-10-29 07:00:00,2025-10-30 07:00:00,1761796800,0.0
2025-10-29 08:00:00,2025-10-30 08:00:00,1761800400,34.0
2025-10-29 09:00:00,2025-10-30 09:00:00,1761804000,191.0
2025-10-29 10:00:00,2025-10-30 10:00:00,1761807600,369.0
2025-10-29 11:00:00,2025-10-30 11:00:00,1761811200,519.0
2025-10-29 12:00:00,2025-10-30 12:00:00,1761814800,617.0
2025-10-29 13:00:00,2025-10-30 13:00:00,1761818400,650.0
2025-10-29 14:00:00,2025-10-30 14:00:00,1761822000,618.0
2025-10-29 15:00:00,2025-10-30 15:00:00,1761825600,518.0
2025-10-29 16:00:00,2025-10-30 16:00:00,1761829200,365.0
2025-10-29 17:00:00,2025-10-30 17:00:00,1761832800,205.0
2025-10-29 18:00:00,2025-10-30 18:00:00,1761836400,45.0
2025-10-29 19:00:00,2025-10-30 19:00:00,1761840000,0.0
2025-10-29 20:00:00,2025-10-30 20:00:00,1761843600,0.0
2025-10-29 21:00:00,2025-10-30 21:00:00,1761847200,0.0
2025-10-29 22:00:00,2025-10-30 22:00:00,1761850800,0.0
2025-10-29 23:00:00,2025-10-30 23:00:00,1761854400,0.0
2025-10-30 00:00:00,2025-10-31 00:00:00,1761858000,0.0
2025-10-30 01:00:00,2025-10-31 01:00:00,1761861600,0.0
2025-10-30 02:00:00,2025-10-31 02:00:00,1761865200,0.0
2025-10-30 03:00:00,2025-10-31 03:00:00,1761868800,0.0
2025-10-30 04:00:00,2025-10-31 04:00:00,1761872400,0.0
2025-10-30 05:00:00,2025-10-31 05:00:00,1761876000,0.0
2025-10-30 06:00:00,2025-10-31 06:00:00,1761879600,0.0
2025-10-30 07:00:00,2025-10-31 07:00:00,1761883200,0.0
2025-10-30 08:00:00,2025-10-31 08:00:00,1761886800,34.0
2025-10-30 09:00:00,2025-10-31 09:00:00,1761890400,192.0
2025-10-30 10:00:00,2025-10-31 10:00:00,1761894000,374.0
2025-10-30 11:00:00,2025-10-31 11:00:00,1761897600,525.0
2025-10-30 12:00:00,2025-10-31 12:00:00,1761901200,625.0
2025-10-30 13:00:00,2025-10-31 13:00:00,1761904800,662.0
2025-10-30 14:00:00,2025-10-31 14:00:00,1761908400,632.0
2025-10-30 15:00:00,2025-10-31 15:00:00,1761912000,540.0
2025-10-30 16:00:00,2025-10-31 16:00:00,1761915600,394.0
2025-10-30 17:00:00,2025-10-31 17:00:00,1761919200,215.0
2025-10-30 18:00:00,2025-10-31 18:00:00,1761922800,47.0
2025-10-30 19:00:00,2025-10-31 19:00:00,1761926400,0.0
2025-10-30 20:00:00,2025-10-31 20:00:00,1761930000,0.0
2025-10-30 21:00:00,2025-10-31 21:00:00,1761933600,0.0
2025-10-30 22:00:00,2025-10-31 22:00:00,1761937200,0.0
2025-10-30 23:00:00,2025-10-31 23:00:00,1761940800,0.0
2025-10-31 00:00:00,2025-11-01 00:00:00,1761944400,0.0
2025-10-31 01:00:00,2025-11-01 01:00:00,1761948000,0.0
2025-10-31 02:00:00,2025-11-01 02:00:00,1761951600,0.0
2025-10-31 03:00:00,2025-11-01 03:00:00,1761955200,0.0
2025-10-31 04:00:00,2025-11-01 04:00:00,1761958800,0.0
2025-10-31 05:00:00,2025-11-01 05:00:00,1761962400,0.0
2025-10-31 06:00:00,2025-11-01 06:00:00,1761966000,0.0
2025-10-31 07:00:00,2025-11-01 07:00:00,1761969600,0.0
2025-10-31 08:00:00,2025-11-01 08:00:00,1761973200,33.0
2025-10-31 09:00:00,2025-11-01 09:00:00,1761976800,193.0
2025-10-31 10:00:00,2025-11-01 10:00:00,1761980400,376.0
2025-10-31 11:00:00,2025-11-01 11:00:00,1761984000,525.0
2025-10-31 12:00:00,2025-11-01 12:00:00,1761987600,623.0
2025-10-31 13:00:00,2025-11-01 13:00:00,1761991200,653.0
2025-10-31 14:00:00,2025-11-01 14:00:00,1761994800,614.0
2025-10-31 15:00:00,2025-11-01 15:00:00,1761998400,509.0
2025-10-31 16:00:00,2025-11-01 16:00:00,1762002000,367.0
2025-10-31 17:00:00,2025-11-01 17:00:00,1762005600,204.0
2025-10-31 18:00:00,2025-11-01 18:00:00,1762009200,44.0
2025-10-31 19:00:00,2025-11-01 19:00:00,1762012800,0.0
2025-10-31 20:00:00,2025-11-01 20:00:00,1762016400,0.0
2025-10-31 21:00:00,2025-11-01 21:00:00,1762020000,0.0
2025-10-31 22:00:00,2025-11-01 22:00:00,1762023600,0.0
2025-10-31 23:00:00,2025-11-01 23:00:00,1762027200,0.0
2025-11-01 00:00:00,2025-11-02 00:00:00,1762030800,0.0
2025-11-01 01:00:00,2025-11-02 01:00:00,1762034400,0.0
2025-11-01 02:00:00,2025-11-02 02:00:00,1762038000,0.0
2025-11-01 03:00:00,2025-11-02 03:00:00,1762041600,0.0
2025-11-01 04:00:00,2025-11-02 04:00:00,1762045200,0.0
2025-11-01 05:00:00,2025-11-02 05:00:00,1762048800,0.0
2025-11-01 06:00:00,2025-11-02 06:00:00,1762052400,0.0
2025-11-01 07:00:00,2025-11-02 07:00:00,1762056000,0.0
2025-11-01 08:00:00,2025-11-02 08:00:00,1762059600,22.0
2025-11-01 09:00:00,2025-11-02 09:00:00,1762063200,175.0
2025-11-01 10:00:00,2025-11-02 10:00:00,1762066800,334.0
2025-11-01 11:00:00,2025-11-02 11:00:00,1762070400,455.0
2025-11-01 12:00:00,2025-11-02 12:00:00,1762074000,578.0
2025-11-01 13:00:00,2025-11-02 13:00:00,1762077600,521.0
2025-11-01 14:00:00,2025-11-02 14:00:00,1762081200,556.0
2025-11-01 15:00:00,2025-11-02 15:00:00,1762084800,418.0
2025-11-01 16:00:00,2025-11-02 16:00:00,1762088400,259.0
2025-11-01 17:00:00,2025-11-02 17:00:00,1762092000,180.0
2025-11-01 18:00:00,2025-11-02 18:00:00,1762095600,42.0
2025-11-01 19:00:00,2025-11-02 19:00:00,1762099200,0.0
2025-11-01 20:00:00,2025-11-02 20:00:00,1762102800,0.0
2025-11-01 21:00:00,2025-11-02 21:00:00,1762106400,0.0
2025-11-01 22:00:00,2025-11-02 22:00:00,1762110000,0.0
2025-11-01 23:00:00,2025-11-02 23:00:00,1762113600,0.0
2025-11-02 00:00:00,2025-11-03 00:00:00,1762117200,0.0
2025-11-02 01:00:00,2025-11-03 01:00:00,1762120800,0.0
2025-11-02 02:00:00,2025-11-03 02:00:00,1762124400,0.0
2025-11-02 03:00:00,2025-11-03 03:00:00,1762128000,0.0
2025-11-02 04:00:00,2025-11-03 04:00:00,1762131600,0.0
2025-11-02 05:00:00,2025-11-03 05:00:00,1762135200,0.0
2025-11-02 06:00:00,2025-11-03 06:00:00,1762138800,0.0
2025-11-02 07:00:00,2025-11-03 07:00:00,1762142400,0.0
2025-11-02 08:00:00,2025-11-03 08:00:00,1762146000,23.0
2025-11-02 09:00:00,2025-11-03 09:00:00,1762149600,138.0
2025-11-02 10:00:00,2025-11-03 10:00:00,1762153200,326.0
2025-11-02 11:00:00,2025-11-03 11:00:00,1762156800,439.0
2025-11-02 12:00:00,2025-11-03 12:00:00,1762160400,568.0
2025-11-02 13:00:00,2025-11-03 13:00:00,1762164000,588.0
2025-11-02 14:00:00,2025-11-03 14:00:00,1762167600,342.0
2025-11-02 15:00:00,2025-11-03 15:00:00,1762171200,336.0
2025-11-02 16:00:00,2025-11-03 16:00:00,1762174800,223.0
2025-11-02 17:00:00,2025-11-03 17:00:00,1762178400,153.0
2025-11-02 18:00:00,2025-11-03 18:00:00,1762182000,35.0
2025-11-02 19:00:00,2025-11-03 19:00:00,1762185600,0.0
2025-11-02 20:00:00,2025-11-03 20:00:00,1762189200,0.0
2025-11-02 21:00:00,2025-11-03 21:00:00,1762192800,0.0
2025-11-02 22:00:00,2025-11-03 22:00:00,1762196400,0.0
2025-11-02 23:00:00,2025-11-03 23:00:00,1762200000,0.0
2025-11-03 00:00:00,2025-11-04 00:00:00,1762203600,0.0
2025-11-03 01:00:00,2025-11-04 01:00:00,1762207200,0.0
2025-11-03 02:00:00,2025-11-04 02:00:00,1762210800,0.0
2025-11-03 03:00:00,2025-11-04 03:00:00,1762214400,0.0
2025-11-03 04:00:00,2025-11-04 04:00:00,1762218000,0.0
2025-11-03 05:00:00,2025-11-04 05:00:00,1762221600,0.0
2025-11-03 06:00:00,2025-11-04 06:00:00,1762225200,0.0
2025-11-03 07:00:00,2025-11-04 07:00:00,1762228800,0.0
2025-11-03 08:00:00,2025-11-04 08:00:00,1762232400,26.0
2025-11-03 09:00:00,2025-11-04 09:00:00,1762236000,171.0
2025-11-03 10:00:00,2025-11-04 10:00:00,1762239600,344.0
2025-11-03 11:00:00,2025-11-04 11:00:00,1762243200,489.0
2025-11-03 12:00:00,2025-11-04 12:00:00,1762246800,584.0
2025-11-03 13:00:00,2025-11-04 13:00:00,1762250400,613.0
2025-11-03 14:00:00,2025-11-04 14:00:00,1762254000,588.0
2025-11-03 15:00:00,2025-11-04 15:00:00,1762257600,504.0
2025-11-03 16:00:00,2025-11-04 16:00:00,1762261200,362.0
2025-11-03 17:00:00,2025-11-04 17:00:00,1762264800,191.0
2025-11-03 18:00:00,2025-11-04 18:00:00,1762268400,37.0
2025-11-03 19:00:00,2025-11-04 19:00:00,1762272000,0.0
2025-11-03 20:00:00,2025-11-04 20:00:00,1762275600,0.0
2025-11-03 21:00:00,2025-11-04 21:00:00,1762279200,0.0
2025-11-03 22:00:00,2025-11-04 22:00:00,1762282800,0.0
2025-11-03 23:00:00,2025-11-04 23:00:00,1762286400,0.0
2025-11-04 00:00:00,2025-11-05 00:00:00,1762290000,0.0
2025-11-04 01:00:00,2025-11-05 01:00:00,1762293600,0.0
2025-11-04 02:00:00,2025-11-05 02:00:00,1762297200,0.0
2025-11-04 03:00:00,2025-11-05 03:00:00,1762300800,0.0
2025-11-04 04:00:00,2025-11-05 04:00:00,1762304400,0.0
2025-11-04 05:00:00,2025-11-05 05:00:00,1762308000,0.0
2025-11-04 06:00:00,2025-11-05 06:00:00,1762311600,0.0
2025-11-04 07:00:00,2025-11-05 07:00:00,1762315200,0.0
2025-11-04 08:00:00,2025-11-05 08:00:00,1762318800,25.0
2025-11-04 09:00:00,2025-11-05 09:00:00,1762322400,170.0
2025-11-04 10:00:00,2025-11-05 10:00:00,1762326000,345.0
2025-11-04 11:00:00,2025-11-05 11:00:00,1762329600,482.0
2025-11-04 12:00:00,2025-11-05 12:00:00,1762333200,544.0
2025-11-04 13:00:00,2025-11-05 13:00:00,1762336800,545.0
2025-11-04 14:00:00,2025-11-05 14:00:00,1762340400,527.0
2025-11-04 15:00:00,2025-11-05 15:00:00,1762344000,495.0
2025-11-04 16:00:00,2025-11-05 16:00:00,1762347600,363.0
2025-11-04 17:00:00,2025-11-05 17:00:00,1762351200,184.0
2025-11-04 18:00:00,2025-11-05 18:00:00,1762354800,29.0
2025-11-04 19:00:00,2025-11-05 19:00:00,1762358400,0.0
2025-11-04 20:00:00,2025-11-05 20:00:00,1762362000,0.0
2025-11-04 21:00:00,2025-11-05 21:00:00,1762365600,0.0
2025-11-04 22:00:00,2025-11-05 22:00:00,1762369200,0.0
2025-11-04 23:00:00,2025-11-05 23:00:00,1762372800,0.0
2025-11-05 00:00:00,2025-11-06 00:00:00,1762376400,0.0
2025-11-05 01:00:00,2025-11-06 01:00:00,1762380000,0.0
2025-11-05 02:00:00,2025-11-06 02:00:00,1762383600,0.0
2025-11-05 03:00:00,2025-11-06 03:00:00,1762387200,0.0
2025-11-05 04:00:00,2025-11-06 04:00:00,1762390800,0.0
2025-11-05 05:00:00,2025-11-06 05:00:00,1762394400,0.0
2025-11-05 06:00:00,2025-11-06 06:00:00,1762398000,0.0
2025-11-05 07:00:00,2025-11-06 07:00:00,1762401600,0.0
2025-11-05 08:00:00,2025-11-06 08:00:00,1762405200,23.0
2025-11-05 09:00:00,2025-11-06 09:00:00,1762408800,146.0
2025-11-05 10:00:00,2025-11-06 10:00:00,1762412400,317.0
2025-11-05 11:00:00,2025-11-06 11:00:00,1762416000,480.0
2025-11-05 12:00:00,2025-11-06 12:00:00,1762419600,570.0
2025-11-05 13:00:00,2025-11-06 13:00:00,1762423200,611.0
2025-11-05 14:00:00,2025-11-06 14:00:00,1762426800,579.0
2025-11-05 15:00:00,2025-11-06 15:00:00,1762430400,453.0
2025-11-05 16:00:00,2025-11-06 16:00:00,1762434000,337.0
2025-11-05 17:00:00,2025-11-06 17:00:00,1762437600,174.0
2025-11-05 18:00:00,2025-11-06 18:00:00,1762441200,32.0
2025-11-05 19:00:00,2025-11-06 19:00:00,1762444800,0.0
2025-11-05 20:00:00,2025-11-06 20:00:00,1762448400,0.0
2025-11-05 21:00:00,2025-11-06 21:00:00,1762452000,0.0
2025-11-05 22:00:00,2025-11-06 22:00:00,1762455600,0.0
2025-11-05 23:00:00,2025-11-06 23:00:00,1762459200,0.0
2025-11-06 00:00:00,2025-11-07 00:00:00,1762462800,0.0
2025-11-06 01:00:00,2025-11-07 01:00:00,1762466400,0.0
2025-11-06 02:00:00,2025-11-07 02:00:00,1762470000,0.0
2025-11-06 03:00:00,2025-11-07 03:00:00,1762473600,0.0
2025-11-06 04:00:00,2025-11-07 04:00:00,1762477200,0.0
2025-11-06 05:00:00,2025-11-07 05:00:00,1762480800,0.0
2025-11-06 06:00:00,2025-11-07 06:00:00,1762484400,0.0
2025-11-06 07:00:00,2025-11-07 07:00:00,1762488000,0.0
2025-11-06 08:00:00,2025-11-07 08:00:00,1762491600,21.0
2025-11-06 09:00:00,2025-11-07 09:00:00,1762495200,153.0
2025-11-06 10:00:00,2025-11-07 10:00:00,1762498800,302.0
2025-11-06 11:00:00,2025-11-07 11:00:00,1762502400,380.0
2025-11-06 12:00:00,2025-11-07 12:00:00,1762506000,484.0
2025-11-06 13:00:00,2025-11-07 13:00:00,1762509600,523.0
2025-11-06 14:00:00,2025-11-07 14:00:00,1762513200,531.0
2025-11-06 15:00:00,2025-11-07 15:00:00,1762516800,439.0
2025-11-06 16:00:00,2025-11-07 16:00:00,1762520400,282.0
2025-11-06 17:00:00,2025-11-07 17:00:00,1762524000,176.0
2025-11-06 18:00:00,2025-11-07 18:00:00,1762527600,32.0
2025-11-06 19:00:00,2025-11-07 19:00:00,1762531200,0.0
2025-11-06 20:00:00,2025-11-07 20:00:00,1762534800,0.0
2025-11-06 21:00:00,2025-11-07 21:00:00,1762538400,0.0
2025-11-06 22:00:00,2025-11-07 22:00:00,1762542000,0.0
2025-11-06 23:00:00,2025-11-07 23:00:00,1762545600,0.0
2025-11-07 00:00:00,2025-11-08 00:00:00,1762549200,0.0
2025-11-07 01:00:00,2025-11-08 01:00:00,1762552800,0.0
2025-11-07 02:00:00,2025-11-08 02:00:00,1762556400,0.0
2025-11-07 03:00:00,2025-11-08 03:00:00,1762560000,0.0
2025-11-07 04:00:00,2025-11-08 04:00:00,1762563600,0.0
2025-11-07 05:00:00,2025-11-08 05:00:00,1762567200,0.0
2025-11-07 06:00:00,2025-11-08 06:00:00,1762570800,0.0
2025-11-07 07:00:00,2025-11-08 07:00:00,1762574400,0.0
2025-11-07 08:00:00,2025-11-08 08:00:00,1762578000,20.0
2025-11-07 09:00:00,2025-11-08 09:00:00,1762581600,154.0
2025-11-07 10:00:00,2025-11-08 10:00:00,1762585200,305.0
2025-11-07 11:00:00,2025-11-08 11:00:00,1762588800,449.0
2025-11-07 12:00:00,2025-11-08 12:00:00,1762592400,553.0
2025-11-07 13:00:00,2025-11-08 13:00:00,1762596000,568.0
2025-11-07 14:00:00,2025-11-08 14:00:00,1762599600,550.0
2025-11-07 15:00:00,2025-11-08 15:00:00,1762603200,465.0
2025-11-07 16:00:00,2025-11-08 16:00:00,1762606800,313.0
2025-11-07 17:00:00,2025-11-08 17:00:00,1762610400,170.0
2025-11-07 18:00:00,2025-11-08 18:00:00,1762614000,30.0
2025-11-07 19:00:00,2025-11-08 19:00:00,1762617600,0.0
2025-11-07 20:00:00,2025-11-08 20:00:00,1762621200,0.0
2025-11-07 21:00:00,2025-11-08 21:00:00,1762624800,0.0
2025-11-07 22:00:00,2025-11-08 22:00:00,1762628400,0.0
2025-11-07 23:00:00,2025-11-08 23:00:00,1762632000,0.0
2025-11-08 00:00:00,2025-11-09 00:00:00,1762635600,0.0
2025-11-08 01:00:00,2025-11-09 01:00:00,1762639200,0.0
2025-11-08 02:00:00,2025-11-09 02:00:00,1762642800,0.0
2025-11-08 03:00:00,2025-11-09 03:00:00,1762646400,0.0
2025-11-08 04:00:00,2025-11-09 04:00:00,1762650000,0.0
2025-11-08 05:00:00,2025-11-09 05:00:00,1762653600,0.0
2025-11-08 06:00:00,2025-11-09 06:00:00,1762657200,0.0
2025-11-08 07:00:00,2025-11-09 07:00:00,1762660800,0.0
2025-11-08 08:00:00,2025-11-09 08:00:00,1762664400,20.0
2025-11-08 09:00:00,2025-11-09 09:00:00,1762668000,162.0
2025-11-08 10:00:00,2025-11-09 10:00:00,1762671600,336.0
2025-11-08 11:00:00,2025-11-09 11:00:00,1762675200,482.0
2025-11-08 12:00:00,2025-11-09 12:00:00,1762678800,578.0
2025-11-08 13:00:00,2025-11-09 13:00:00,1762682400,614.0
2025-11-08 14:00:00,2025-11-09 14:00:00,1762686000,585.0
2025-11-08 15:00:00,2025-11-09 15:00:00,1762689600,491.0
2025-11-08 16:00:00,2025-11-09 16:00:00,1762693200,355.0
2025-11-08 17:00:00,2025-11-09 17:00:00,1762696800,182.0
2025-11-08 18:00:00,2025-11-09 18:00:00,1762700400,31.0
2025-11-08 19:00:00,2025-11-09 19:00:00,1762704000,0.0
2025-11-08 20:00:00,2025-11-09 20:00:00,1762707600,0.0
2025-11-08 21:00:00,2025-11-09 21:00:00,1762711200,0.0
2025-11-08 22:00:00,2025-11-09 22:00:00,1762714800,0.0
2025-11-08 23:00:00,2025-11-09 23:00:00,1762718400,0.0
2025-11-09 00:00:00,2025-11-10 00:00:00,1762722000,0.0
2025-11-09 01:00:00,2025-11-10 01:00:00,1762725600,0.0
2025-11-09 02:00:00,2025-11-10 02:00:00,1762729200,0.0
2025-11-09 03:00:00,2025-11-10 03:00:00,1762732800,0.0
2025-11-09 04:00:00,2025-11-10 04:00:00,1762736400,0.0
2025-11-09 05:00:00,2025-11-10 05:00:00,1762740000,0.0
2025-11-09 06:00:00,2025-11-10 06:00:00,1762743600,0.0
2025-11-09 07:00:00,2025-11-10 07:00:00,1762747200,0.0
2025-11-09 08:00:00,2025-11-10 08:00:00,1762750800,19.0
2025-11-09 09:00:00,2025-11-10 09:00:00,1762754400,150.0
2025-11-09 10:00:00,2025-11-10 10:00:00,1762758000,291.0
2025-11-09 11:00:00,2025-11-10 11:00:00,1762761600,442.0
2025-11-09 12:00:00,2025-11-10 12:00:00,1762765200,534.0
2025-11-09 13:00:00,2025-11-10 13:00:00,1762768800,575.0
2025-11-09 14:00:00,2025-11-10 14:00:00,1762772400,572.0
2025-11-09 15:00:00,2025-11-10 15:00:00,1762776000,485.0
2025-11-09 16:00:00,2025-11-10 16:00:00,1762779600,330.0
2025-11-09 17:00:00,2025-11-10 17:00:00,1762783200,139.0
2025-11-09 18:00:00,2025-11-10 18:00:00,1762786800,23.0
2025-11-09 19:00:00,2025-11-10 19:00:00,1762790400,0.0
2025-11-09 20:00:00,2025-11-10 20:00:00,1762794000,0.0
2025-11-09 21:00:00,2025-11-10 21:00:00,1762797600,0.0
2025-11-09 22:00:00,2025-11-10 22:00:00,1762801200,0.0
2025-11-09 23:00:00,2025-11-10 23:00:00,1762804800,0.0
2025-11-10 00:00:00,2025-11-11 00:00:00,1762808400,0.0
2025-11-10 01:00:00,2025-11-11 01:00:00,1762812000,0.0
2025-11-10 02:00:00,2025-11-11 02:00:00,1762815600,0.0
2025-11-10 03:00:00,2025-11-11 03:00:00,1762819200,0.0
2025-11-10 04:00:00,2025-11-11 04:00:00,1762822800,0.0
2025-11-10 05:00:00,2025-11-11 05:00:00,1762826400,0.0
2025-11-10 06:00:00,2025-11-11 06:00:00,1762830000,0.0
2025-11-10 07:00:00,2025-11-11 07:00:00,1762833600,0.0
2025-11-10 08:00:00,2025-11-11 08:00:00,1762837200,17.0
2025-11-10 09:00:00,2025-11-11 09:00:00,1762840800,150.0
2025-11-10 10:00:00,2025-11-11 10:00:00,1762844400,321.0
2025-11-10 11:00:00,2025-11-11 11:00:00,1762848000,463.0
2025-11-10 12:00:00,2025-11-11 12:00:00,1762851600,528.0
2025-11-10 13:00:00,2025-11-11 13:00:00,1762855200,514.0
2025-11-10 14:00:00,2025-11-11 14:00:00,1762858800,426.0
2025-11-10 15:00:00,2025-11-11 15:00:00,1762862400,432.0
2025-11-10 16:00:00,2025-11-11 16:00:00,1762866000,329.0
2025-11-10 17:00:00,2025-11-11 17:00:00,1762869600,164.0
2025-11-10 18:00:00,2025-11-11 18:00:00,1762873200,26.0
2025-11-10 19:00:00,2025-11-11 19:00:00,1762876800,0.0
2025-11-10 20:00:00,2025-11-11 20:00:00,1762880400,0.0
2025-11-10 21:00:00,2025-11-11 21:00:00,1762884000,0.0
2025-11-10 22:00:00,2025-11-11 22:00:00,1762887600,0.0
2025-11-10 23:00:00,2025-11-11 23:00:00,1762891200,0.0
2025-11-11 00:00:00,2025-11-12 00:00:00,1762894800,0.0
2025-11-11 01:00:00,2025-11-12 01:00:00,1762898400,0.0
2025-11-11 02:00:00,2025-11-12 02:00:00,1762902000,0.0
2025-11-11 03:00:00,2025-11-12 03:00:00,1762905600,0.0
2025-11-11 04:00:00,2025-11-12 04:00:00,1762909200,0.0
2025-11-11 05:00:00,2025-11-12 05:00:00,1762912800,0.0
2025-11-11 06:00:00,2025-11-12 06:00:00,1762916400,0.0
2025-11-11 07:00:00,2025-11-12 07:00:00,1762920000,0.0
2025-11-11 08:00:00,2025-11-12 08:00:00,1762923600,10.0
2025-11-11 09:00:00,2025-11-12 09:00:00,1762927200,113.0
2025-11-11 10:00:00,2025-11-12 10:00:00,1762930800,258.0
2025-11-11 11:00:00,2025-11-12 11:00:00,1762934400,403.0
2025-11-11 12:00:00,2025-11-12 12:00:00,1762938000,460.0
2025-11-11 13:00:00,2025-11-12 13:00:00,1762941600,532.0
2025-11-11 14:00:00,2025-11-12 14:00:00,1762945200,523.0
2025-11-11 15:00:00,2025-11-12 15:00:00,1762948800,430.0
2025-11-11 16:00:00,2025-11-12 16:00:00,1762952400,300.0
2025-11-11 17:00:00,2025-11-12 17:00:00,1762956000,168.0
2025-11-11 18:00:00,2025-11-12 18:00:00,1762959600,24.0
2025-11-11 19:00:00,2025-11-12 19:00:00,1762963200,0.0
2025-11-11 20:00:00,2025-11-12 20:00:00,1762966800,0.0
2025-11-11 21:00:00,2025-11-12 21:00:00,1762970400,0.0
2025-11-11 22:00:00,2025-11-12 22:00:00,1762974000,0.0
2025-11-11 23:00:00,2025-11-12 23:00:00,1762977600,0.0
2025-11-12 00:00:00,2025-11-13 00:00:00,1762981200,0.0
2025-11-12 01:00:00,2025-11-13 01:00:00,1762984800,0.0
2025-11-12 02:00:00,2025-11-13 02:00:00,1762988400,0.0
2025-11-12 03:00:00,2025-11-13 03:00:00,1762992000,0.0
2025-11-12 04:00:00,2025-11-13 04:00:00,1762995600,0.0
2025-11-12 05:00:00,2025-11-13 05:00:00,1762999200,0.0
2025-11-12 06:00:00,2025-11-13 06:00:00,1763002800,0.0
2025-11-12 07:00:00,2025-11-13 07:00:00,1763006400,0.0
2025-11-12 08:00:00,2025-11-13 08:00:00,1763010000,15.0
2025-11-12 09:00:00,2025-11-13 09:00:00,1763013600,140.0
2025-11-12 10:00:00,2025-11-13 10:00:00,1763017200,280.0
2025-11-12 11:00:00,2025-11-13 11:00:00,1763020800,407.0
2025-11-12 12:00:00,2025-11-13 12:00:00,1763024400,489.0
2025-11-12 13:00:00,2025-11-13 13:00:00,1763028000,366.0
2025-11-12 14:00:00,2025-11-13 14:00:00,1763031600,448.0
2025-11-12 15:00:00,2025-11-13 15:00:00,1763035200,456.0
2025-11-12 16:00:00,2025-11-13 16:00:00,1763038800,186.0
2025-11-12 17:00:00,2025-11-13 17:00:00,1763042400,130.0
2025-11-12 18:00:00,2025-11-13 18:00:00,1763046000,24.0
2025-11-12 19:00:00,2025-11-13 19:00:00,1763049600,0.0
2025-11-12 20:00:00,2025-11-13 20:00:00,1763053200,0.0
2025-11-12 21:00:00,2025-11-13 21:00:00,1763056800,0.0
2025-11-12 22:00:00,2025-11-13 22:00:00,1763060400,0.0
2025-11-12 23:00:00,2025-11-13 23:00:00,1763064000,0.0
2025-11-13 00:00:00,2025-11-14 00:00:00,1763067600,0.0
2025-11-13 01:00:00,2025-11-14 01:00:00,1763071200,0.0
2025-11-13 02:00:00,2025-11-14 02:00:00,1763074800,0.0
2025-11-13 03:00:00,2025-11-14 03:00:00,1763078400,0.0
2025-11-13 04:00:00,2025-11-14 04:00:00,1763082000,0.0
2025-11-13 05:00:00,2025-11-14 05:00:00,1763085600,0.0
2025-11-13 06:00:00,2025-11-14 06:00:00,1763089200,0.0
2025-11-13 07:00:00,2025-11-14 07:00:00,1763092800,0.0
2025-11-13 08:00:00,2025-11-14 08:00:00,1763096400,13.0
2025-11-13 09:00:00,2025-11-14 09:00:00,1763100000,138.0
2025-11-13 10:00:00,2025-11-14 10:00:00,1763103600,312.0
2025-11-13 11:00:00,2025-11-14 11:00:00,1763107200,460.0
2025-11-13 12:00:00,2025-11-14 12:00:00,1763110800,528.0
2025-11-13 13:00:00,2025-11-14 13:00:00,1763114400,473.0
2025-11-13 14:00:00,2025-11-14 14:00:00,1763118000,489.0
2025-11-13 15:00:00,2025-11-14 15:00:00,1763121600,417.0
2025-11-13 16:00:00,2025-11-14 16:00:00,1763125200,330.0
2025-11-13 17:00:00,2025-11-14 17:00:00,1763128800,171.0
2025-11-13 18:00:00,2025-11-14 18:00:00,1763132400,24.0
2025-11-13 19:00:00,2025-11-14 19:00:00,1763136000,0.0
2025-11-13 20:00:00,2025-11-14 20:00:00,1763139600,0.0
2025-11-13 21:00:00,2025-11-14 21:00:00,1763143200,0.0
2025-11-13 22:00:00,2025-11-14 22:00:00,1763146800,0.0
2025-11-13 23:00:00,2025-11-14 23:00:00,1763150400,0.0
2025-11-14 00:00:00,2025-11-15 00:00:00,1763154000,0.0
2025-11-14 01:00:00,2025-11-15 01:00:00,1763157600,0.0
2025-11-14 02:00:00,2025-11-15 02:00:00,1763161200,0.0
2025-11-14 03:00:00,2025-11-15 03:00:00,1763164800,0.0
2025-11-14 04:00:00,2025-11-15 04:00:00,1763168400,0.0
2025-11-14 05:00:00,2025-11-15 05:00:00,1763172000,0.0
2025-11-14 06:00:00,2025-11-15 06:00:00,1763175600,0.0
2025-11-14 07:00:00,2025-11-15 07:00:00,1763179200,0.0
2025-11-14 08:00:00,2025-11-15 08:00:00,1763182800,14.0
2025-11-14 09:00:00,2025-11-15 09:00:00,1763186400,146.0
2025-11-14 10:00:00,2025-11-15 10:00:00,1763190000,318.0
2025-11-14 11:00:00,2025-11-15 11:00:00,1763193600,462.0
2025-11-14 12:00:00,2025-11-15 12:00:00,1763197200,561.0
2025-11-14 13:00:00,2025-11-15 13:00:00,1763200800,593.0
2025-11-14 14:00:00,2025-11-15 14:00:00,1763204400,574.0
2025-11-14 15:00:00,2025-11-15 15:00:00,1763208000,494.0
2025-11-14 16:00:00,2025-11-15 16:00:00,1763211600,352.0
2025-11-14 17:00:00,2025-11-15 17:00:00,1763215200,176.0
2025-11-14 18:00:00,2025-11-15 18:00:00,1763218800,25.0
2025-11-14 19:00:00,2025-11-15 19:00:00,1763222400,0.0
2025-11-14 20:00:00,2025-11-15 20:00:00,1763226000,0.0
2025-11-14 21:00:00,2025-11-15 21:00:00,1763229600,0.0
2025-11-14 22:00:00,2025-11-15 22:00:00,1763233200,0.0
2025-11-14 23:00:00,2025-11-15 23:00:00,1763236800,0.0
2025-11-15 00:00:00,2025-11-16 00:00:00,1763240400,0.0
2025-11-15 01:00:00,2025-11-16 01:00:00,1763244000,0.0
2025-11-15 02:00:00,2025-11-16 02:00:00,1763247600,0.0
2025-11-15 03:00:00,2025-11-16 03:00:00,1763251200,0.0
2025-11-15 04:00:00,2025-11-16 04:00:00,1763254800,0.0
2025-11-15 05:00:00,2025-11-16 05:00:00,1763258400,0.0
2025-11-15 06:00:00,2025-11-16 06:00:00,1763262000,0.0
2025-11-15 07:00:00,2025-11-16 07:00:00,1763265600,0.0
2025-11-15 08:00:00,2025-11-16 08:00:00,1763269200,13.0
2025-11-15 09:00:00,2025-11-16 09:00:00,1763272800,141.0
2025-11-15 10:00:00,2025-11-16 10:00:00,1763276400,315.0
2025-11-15 11:00:00,2025-11-16 11:00:00,1763280000,464.0
2025-11-15 12:00:00,2025-11-16 12:00:00,1763283600,559.0
2025-11-15 13:00:00,2025-11-16 13:00:00,1763287200,596.0
2025-11-15 14:00:00,2025-11-16 14:00:00,1763290800,540.0
2025-11-15 15:00:00,2025-11-16 15:00:00,1763294400,460.0
2025-11-15 16:00:00,2025-11-16 16:00:00,1763298000,325.0
2025-11-15 17:00:00,2025-11-16 17:00:00,1763301600,165.0
2025-11-15 18:00:00,2025-11-16 18:00:00,1763305200,24.0
2025-11-15 19:00:00,2025-11-16 19:00:00,1763308800,0.0
2025-11-15 20:00:00,2025-11-16 20:00:00,1763312400,0.0
2025-11-15 21:00:00,2025-11-16 21:00:00,1763316000,0.0
2025-11-15 22:00:00,2025-11-16 22:00:00,1763319600,0.0
2025-11-15 23:00:00,2025-11-16 23:00:00,1763323200,0.0
2025-11-16 00:00:00,2025-11-17 00:00:00,1763326800,0.0
2025-11-16 01:00:00,2025-11-17 01:00:00,1763330400,0.0
2025-11-16 02:00:00,2025-11-17 02:00:00,1763334000,0.0
2025-11-16 03:00:00,2025-11-17 03:00:00,1763337600,0.0
2025-11-16 04:00:00,2025-11-17 04:00:00,1763341200,0.0
2025-11-16 05:00:00,2025-11-17 05:00:00,1763344800,0.0
2025-11-16 06:00:00,2025-11-17 06:00:00,1763348400,0.0
2025-11-16 07:00:00,2025-11-17 07:00:00,1763352000,0.0
2025-11-16 08:00:00,2025-11-17 08:00:00,1763355600,12.0
2025-11-16 09:00:00,2025-11-17 09:00:00,1763359200,136.0
2025-11-16 10:00:00,2025-11-17 10:00:00,1763362800,305.0
2025-11-16 11:00:00,2025-11-17 11:00:00,1763366400,449.0
2025-11-16 12:00:00,2025-11-17 12:00:00,1763370000,545.0
2025-11-16 13:00:00,2025-11-17 13:00:00,1763373600,564.0
2025-11-16 14:00:00,2025-11-17 14:00:00,1763377200,503.0
2025-11-16 15:00:00,2025-11-17 15:00:00,1763380800,374.0
2025-11-16 16:00:00,2025-11-17 16:00:00,1763384400,195.0
2025-11-16 17:00:00,2025-11-17 17:00:00,1763388000,119.0
2025-11-16 18:00:00,2025-11-17 18:00:00,1763391600,15.0
2025-11-16 19:00:00,2025-11-17 19:00:00,1763395200,0.0
2025-11-16 20:00:00,2025-11-17 20:00:00,1763398800,0.0
2025-11-16 21:00:00,2025-11-17 21:00:00,1763402400,0.0
2025-11-16 22:00:00,2025-11-17 22:00:00,1763406000,0.0
2025-11-16 23:00:00,2025-11-17 23:00:00,1763409600,0.0
2025-11-17 00:00:00,2025-11-18 00:00:00,1763413200,0.0
2025-11-17 01:00:00,2025-11-18 01:00:00,1763416800,0.0
2025-11-17 02:00:00,2025-11-18 02:00:00,1763420400,0.0
2025-11-17 03:00:00,2025-11-18 03:00:00,1763424000,0.0
2025-11-17 04:00:00,2025-11-18 04:00:00,1763427600,0.0
2025-11-17 05:00:00,2025-11-18 05:00:00,1763431200,0.0
2025-11-17 06:00:00,2025-11-18 06:00:00,1763434800,0.0
2025-11-17 07:00:00,2025-11-18 07:00:00,1763438400,0.0
2025-11-17 08:00:00,2025-11-18 08:00:00,1763442000,11.0
2025-11-17 09:00:00,2025-11-18 09:00:00,1763445600,131.0
2025-11-17 10:00:00,2025-11-18 10:00:00,1763449200,302.0
2025-11-17 11:00:00,2025-11-18 11:00:00,1763452800,449.0
2025-11-17 12:00:00,2025-11-18 12:00:00,1763456400,546.0
2025-11-17 13:00:00,2025-11-18 13:00:00,1763460000,583.0
2025-11-17 14:00:00,2025-11-18 14:00:00,1763463600,556.0
2025-11-17 15:00:00,2025-11-18 15:00:00,1763467200,468.0
2025-11-17 16:00:00,2025-11-18 16:00:00,1763470800,331.0
2025-11-17 17:00:00,2025-11-18 17:00:00,1763474400,163.0
2025-11-17 18:00:00,2025-11-18 18:00:00,1763478000,22.0
2025-11-17 19:00:00,2025-11-18 19:00:00,1763481600,0.0
2025-11-17 20:00:00,2025-11-18 20:00:00,1763485200,0.0
2025-11-17 21:00:00,2025-11-18 21:00:00,1763488800,0.0
2025-11-17 22:00:00,2025-11-18 22:00:00,1763492400,0.0
2025-11-17 23:00:00,2025-11-18 23:00:00,1763496000,0.0
2025-11-18 00:00:00,2025-11-19 00:00:00,1763499600,0.0
2025-11-18 01:00:00,2025-11-19 01:00:00,1763503200,0.0
2025-11-18 02:00:00,2025-11-19 02:00:00,1763506800,0.0
2025-11-18 03:00:00,2025-11-19 03:00:00,1763510400,0.0
2025-11-18 04:00:00,2025-11-19 04:00:00,1763514000,0.0
2025-11-18 05:00:00,2025-11-19 05:00:00,1763517600,0.0
2025-11-18 06:00:00,2025-11-19 06:00:00,1763521200,0.0
2025-11-18 07:00:00,2025-11-19 07:00:00,1763524800,0.0
2025-11-18 08:00:00,2025-11-19 08:00:00,1763528400,10.0
2025-11-18 09:00:00,2025-11-19 09:00:00,1763532000,131.0
2025-11-18 10:00:00,2025-11-19 10:00:00,1763535600,302.0
2025-11-18 11:00:00,2025-11-19 11:00:00,1763539200,446.0
2025-11-18 12:00:00,2025-11-19 12:00:00,1763542800,542.0
2025-11-18 13:00:00,2025-11-19 13:00:00,1763546400,577.0
2025-11-18 14:00:00,2025-11-19 14:00:00,1763550000,551.0
2025-11-18 15:00:00,2025-11-19 15:00:00,1763553600,465.0
2025-11-18 16:00:00,2025-11-19 16:00:00,1763557200,301.0
2025-11-18 17:00:00,2025-11-19 17:00:00,1763560800,156.0
2025-11-18 18:00:00,2025-11-19 18:00:00,1763564400,21.0
2025-11-18 19:00:00,2025-11-19 19:00:00,1763568000,0.0
2025-11-18 20:00:00,2025-11-19 20:00:00,1763571600,0.0
2025-11-18 21:00:00,2025-11-19 21:00:00,1763575200,0.0
2025-11-18 22:00:00,2025-11-19 22:00:00,1763578800,0.0
2025-11-18 23:00:00,2025-11-19 23:00:00,1763582400,0.0
2025-11-19 00:00:00,2025-11-20 00:00:00,1763586000,0.0
2025-11-19 01:00:00,2025-11-20 01:00:00,1763589600,0.0
2025-11-19 02:00:00,2025-11-20 02:00:00,1763593200,0.0
2025-11-19 03:00:00,2025-11-20 03:00:00,1763596800,0.0
2025-11-19 04:00:00,2025-11-20 04:00:00,1763600400,0.0
2025-11-19 05:00:00,2025-11-20 05:00:00,1763604000,0.0
2025-11-19 06:00:00,2025-11-20 06:00:00,1763607600,0.0
2025-11-19 07:00:00,2025-11-20 07:00:00,1763611200,0.0
2025-11-19 08:00:00,2025-11-20 08:00:00,1763614800,10.0
2025-11-19 09:00:00,2025-11-20 09:00:00,1763618400,124.0
2025-11-19 10:00:00,2025-11-20 10:00:00,1763622000,297.0
2025-11-19 11:00:00,2025-11-20 11:00:00,1763625600,444.0
2025-11-19 12:00:00,2025-11-20 12:00:00,1763629200,540.0
2025-11-19 13:00:00,2025-11-20 13:00:00,1763632800,577.0
2025-11-19 14:00:00,2025-11-20 14:00:00,1763636400,551.0
2025-11-19 15:00:00,2025-11-20 15:00:00,1763640000,465.0
2025-11-19 16:00:00,2025-11-20 16:00:00,1763643600,328.0
2025-11-19 17:00:00,2025-11-20 17:00:00,1763647200,160.0
2025-11-19 18:00:00,2025-11-20 18:00:00,1763650800,21.0
2025-11-19 19:00:00,2025-11-20 19:00:00,1763654400,0.0
2025-11-19 20:00:00,2025-11-20 20:00:00,1763658000,0.0
2025-11-19 21:00:00,2025-11-20 21:00:00,1763661600,0.0
2025-11-19 22:00:00,2025-11-20 22:00:00,1763665200,0.0
2025-11-19 23:00:00,2025-11-20 23:00:00,1763668800,0.0
2025-11-20 00:00:00,2025-11-21 00:00:00,1763672400,0.0
2025-11-20 01:00:00,2025-11-21 01:00:00,1763676000,0.0
2025-11-20 02:00:00,2025-11-21 02:00:00,1763679600,0.0
2025-11-20 03:00:00,2025-11-21 03:00:00,1763683200,0.0
2025-11-20 04:00:00,2025-11-21 04:00:00,1763686800,0.0
2025-11-20 05:00:00,2025-11-21 05:00:00,1763690400,0.0
2025-11-20 06:00:00,2025-11-21 06:00:00,1763694000,0.0
2025-11-20 07:00:00,2025-11-21 07:00:00,1763697600,0.0
2025-11-20 08:00:00,2025-11-21 08:00:00,1763701200,9.0
2025-11-20 09:00:00,2025-11-21 09:00:00,1763704800,126.0
2025-11-20 10:00:00,2025-11-21 10:00:00,1763708400,296.0
2025-11-20 11:00:00,2025-11-21 11:00:00,1763712000,438.0
2025-11-20 12:00:00,2025-11-21 12:00:00,1763715600,534.0
2025-11-20 13:00:00,2025-11-21 13:00:00,1763719200,568.0
2025-11-20 14:00:00,2025-11-21 14:00:00,1763722800,546.0
2025-11-20 15:00:00,2025-11-21 15:00:00,1763726400,460.0
2025-11-20 16:00:00,2025-11-21 16:00:00,1763730000,318.0
2025-11-20 17:00:00,2025-11-21 17:00:00,1763733600,156.0
2025-11-20 18:00:00,2025-11-21 18:00:00,1763737200,21.0
2025-11-20 19:00:00,2025-11-21 19:00:00,1763740800,0.0
2025-11-20 20:00:00,2025-11-21 20:00:00,1763744400,0.0
2025-11-20 21:00:00,2025-11-21 21:00:00,1763748000,0.0
2025-11-20 22:00:00,2025-11-21 22:00:00,1763751600,0.0
2025-11-20 23:00:00,2025-11-21 23:00:00,1763755200,0.0
2025-11-21 00:00:00,2025-11-22 00:00:00,1763758800,0.0
2025-11-21 01:00:00,2025-11-22 01:00:00,1763762400,0.0
2025-11-21 02:00:00,2025-11-22 02:00:00,1763766000,0.0
2025-11-21 03:00:00,2025-11-22 03:00:00,1763769600,0.0
2025-11-21 04:00:00,2025-11-22 04:00:00,1763773200,0.0
2025-11-21 05:00:00,2025-11-22 05:00:00,1763776800,0.0
2025-11-21 06:00:00,2025-11-22 06:00:00,1763780400,0.0
2025-11-21 07:00:00,2025-11-22 07:00:00,1763784000,0.0
2025-11-21 08:00:00,2025-11-22 08:00:00,1763787600,8.0
2025-11-21 09:00:00,2025-11-22 09:00:00,1763791200,122.0
2025-11-21 10:00:00,2025-11-22 10:00:00,1763794800,277.0
2025-11-21 11:00:00,2025-11-22 11:00:00,1763798400,422.0
2025-11-21 12:00:00,2025-11-22 12:00:00,1763802000,525.0
2025-11-21 13:00:00,2025-11-22 13:00:00,1763805600,551.0
2025-11-21 14:00:00,2025-11-22 14:00:00,1763809200,534.0
2025-11-21 15:00:00,2025-11-22 15:00:00,1763812800,444.0
2025-11-21 16:00:00,2025-11-22 16:00:00,1763816400,293.0
2025-11-21 17:00:00,2025-11-22 17:00:00,1763820000,129.0
2025-11-21 18:00:00,2025-11-22 18:00:00,1763823600,17.0
2025-11-21 19:00:00,2025-11-22 19:00:00,1763827200,0.0
2025-11-21 20:00:00,2025-11-22 20:00:00,1763830800,0.0
2025-11-21 21:00:00,2025-11-22 21:00:00,1763834400,0.0
2025-11-21 22:00:00,2025-11-22 22:00:00,1763838000,0.0
2025-11-21 23:00:00,2025-11-22 23:00:00,1763841600,0.0
2025-11-22 00:00:00,2025-11-23 00:00:00,1763845200,0.0
2025-11-22 01:00:00,2025-11-23 01:00:00,1763848800,0.0
2025-11-22 02:00:00,2025-11-23 02:00:00,1763852400,0.0
2025-11-22 03:00:00,2025-11-23 03:00:00,1763856000,0.0
2025-11-22 04:00:00,2025-11-23 04:00:00,1763859600,0.0
2025-11-22 05:00:00,2025-11-23 05:00:00,1763863200,0.0
2025-11-22 06:00:00,2025-11-23 06:00:00,1763866800,0.0
2025-11-22 07:00:00,2025-11-23 07:00:00,1763870400,0.0
2025-11-22 08:00:00,2025-11-23 08:00:00,1763874000,8.0
2025-11-22 09:00:00,2025-11-23 09:00:00,1763877600,121.0
2025-11-22 10:00:00,2025-11-23 10:00:00,1763881200,289.0
2025-11-22 11:00:00,2025-11-23 11:00:00,1763884800,433.0
2025-11-22 12:00:00,2025-11-23 12:00:00,1763888400,528.0
2025-11-22 13:00:00,2025-11-23 13:00:00,1763892000,565.0
2025-11-22 14:00:00,2025-11-23 14:00:00,1763895600,537.0
2025-11-22 15:00:00,2025-11-23 15:00:00,1763899200,445.0
2025-11-22 16:00:00,2025-11-23 16:00:00,1763902800,284.0
2025-11-22 17:00:00,2025-11-23 17:00:00,1763906400,141.0
2025-11-22 18:00:00,2025-11-23 18:00:00,1763910000,17.0
2025-11-22 19:00:00,2025-11-23 19:00:00,1763913600,0.0
2025-11-22 20:00:00,2025-11-23 20:00:00,1763917200,0.0
2025-11-22 21:00:00,2025-11-23 21:00:00,1763920800,0.0
2025-11-22 22:00:00,2025-11-23 22:00:00,1763924400,0.0
2025-11-22 23:00:00,2025-11-23 23:00:00,1763928000,0.0
2025-11-23 00:00:00,2025-11-24 00:00:00,1763931600,0.0
2025-11-23 01:00:00,2025-11-24 01:00:00,1763935200,0.0
2025-11-23 02:00:00,2025-11-24 02:00:00,1763938800,0.0
2025-11-23 03:00:00,2025-11-24 03:00:00,1763942400,0.0
2025-11-23 04:00:00,2025-11-24 04:00:00,1763946000,0.0
2025-11-23 05:00:00,2025-11-24 05:00:00,1763949600,0.0
2025-11-23 06:00:00,2025-11-24 06:00:00,1763953200,0.0
2025-11-23 07:00:00,2025-11-24 07:00:00,1763956800,0.0
2025-11-23 08:00:00,2025-11-24 08:00:00,1763960400,6.0
2025-11-23 09:00:00,2025-11-24 09:00:00,1763964000,93.0
2025-11-23 10:00:00,2025-11-24 10:00:00,1763967600,269.0
2025-11-23 11:00:00,2025-11-24 11:00:00,1763971200,373.0
2025-11-23 12:00:00,2025-11-24 12:00:00,1763974800,343.0
2025-11-23 13:00:00,2025-11-24 13:00:00,1763978400,398.0
2025-11-23 14:00:00,2025-11-24 14:00:00,1763982000,287.0
2025-11-23 15:00:00,2025-11-24 15:00:00,1763985600,239.0
2025-11-23 16:00:00,2025-11-24 16:00:00,1763989200,282.0
2025-11-23 17:00:00,2025-11-24 17:00:00,1763992800,123.0
2025-11-23 18:00:00,2025-11-24 18:00:00,1763996400,13.0
2025-11-23 19:00:00,2025-11-24 19:00:00,1764000000,0.0
2025-11-23 20:00:00,2025-11-24 20:00:00,1764003600,0.0
2025-11-23 21:00:00,2025-11-24 21:00:00,1764007200,0.0
2025-11-23 22:00:00,2025-11-24 22:00:00,1764010800,0.0
2025-11-23 23:00:00,2025-11-24 23:00:00,1764014400,0.0
2025-11-24 00:00:00,2025-11-25 00:00:00,1764018000,0.0
2025-11-24 01:00:00,2025-11-25 01:00:00,1764021600,0.0
2025-11-24 02:00:00,2025-11-25 02:00:00,1764025200,0.0
2025-11-24 03:00:00,2025-11-25 03:00:00,1764028800,0.0
2025-11-24 04:00:00,2025-11-25 04:00:00,1764032400,0.0
2025-11-24 05:00:00,2025-11-25 05:00:00,1764036000,0.0
2025-11-24 06:00:00,2025-11-25 06:00:00,1764039600,0.0
2025-11-24 07:00:00,2025-11-25 07:00:00,1764043200,0.0
2025-11-24 08:00:00,2025-11-25 08:00:00,1764046800,6.0
2025-11-24 09:00:00,2025-11-25 09:00:00,1764050400,108.0
2025-11-24 10:00:00,2025-11-25 10:00:00,1764054000,261.0
2025-11-24 11:00:00,2025-11-25 11:00:00,1764057600,401.0
2025-11-24 12:00:00,2025-11-25 12:00:00,1764061200,420.0
2025-11-24 13:00:00,2025-11-25 13:00:00,1764064800,520.0
2025-11-24 14:00:00,2025-11-25 14:00:00,1764068400,475.0
2025-11-24 15:00:00,2025-11-25 15:00:00,1764072000,405.0
2025-11-24 16:00:00,2025-11-25 16:00:00,1764075600,277.0
2025-11-24 17:00:00,2025-11-25 17:00:00,1764079200,148.0
2025-11-24 18:00:00,2025-11-25 18:00:00,1764082800,18.0
2025-11-24 19:00:00,2025-11-25 19:00:00,1764086400,0.0
2025-11-24 20:00:00,2025-11-25 20:00:00,1764090000,0.0
2025-11-24 21:00:00,2025-11-25 21:00:00,1764093600,0.0
2025-11-24 22:00:00,2025-11-25 22:00:00,1764097200,0.0
2025-11-24 23:00:00,2025-11-25 23:00:00,1764100800,0.0
2025-11-25 00:00:00,2025-11-26 00:00:00,1764104400,0.0
2025-11-25 01:00:00,2025-11-26 01:00:00,1764108000,0.0
2025-11-25 02:00:00,2025-11-26 02:00:00,1764111600,0.0
2025-11-25 03:00:00,2025-11-26 03:00:00,1764115200,0.0
2025-11-25 04:00:00,2025-11-26 04:00:00,1764118800,0.0
2025-11-25 05:00:00,2025-11-26 05:00:00,1764122400,0.0
2025-11-25 06:00:00,2025-11-26 06:00:00,1764126000,0.0
2025-11-25 07:00:00,2025-11-26 07:00:00,1764129600,0.0
2025-11-25 08:00:00,2025-11-26 08:00:00,1764133200,5.0
2025-11-25 09:00:00,2025-11-26 09:00:00,1764136800,105.0
2025-11-25 10:00:00,2025-11-26 10:00:00,1764140400,259.0
2025-11-25 11:00:00,2025-11-26 11:00:00,1764144000,393.0
2025-11-25 12:00:00,2025-11-26 12:00:00,1764147600,481.0
2025-11-25 13:00:00,2025-11-26 13:00:00,1764151200,488.0
2025-11-25 14:00:00,2025-11-26 14:00:00,1764154800,452.0
2025-11-25 15:00:00,2025-11-26 15:00:00,1764158400,388.0
2025-11-25 16:00:00,2025-11-26 16:00:00,1764162000,290.0
2025-11-25 17:00:00,2025-11-26 17:00:00,1764165600,137.0
2025-11-25 18:00:00,2025-11-26 18:00:00,1764169200,17.0
2025-11-25 19:00:00,2025-11-26 19:00:00,1764172800,0.0
2025-11-25 20:00:00,2025-11-26 20:00:00,1764176400,0.0
2025-11-25 21:00:00,2025-11-26 21:00:00,1764180000,0.0
2025-11-25 22:00:00,2025-11-26 22:00:00,1764183600,0.0
2025-11-25 23:00:00,2025-11-26 23:00:00,1764187200,0.0
2025-11-26 00:00:00,2025-11-27 00:00:00,1764190800,0.0
2025-11-26 01:00:00,2025-11-27 01:00:00,1764194400,0.0
2025-11-26 02:00:00,2025-11-27 02:00:00,1764198000,0.0
2025-11-26 03:00:00,2025-11-27 03:00:00,1764201600,0.0
2025-11-26 04:00:00,2025-11-27 04:00:00,1764205200,0.0
2025-11-26 05:00:00,2025-11-27 05:00:00,1764208800,0.0
2025-11-26 06:00:00,2025-11-27 06:00:00,1764212400,0.0
2025-11-26 07:00:00,2025-11-27 07:00:00,1764216000,0.0
2025-11-26 08:00:00,2025-11-27 08:00:00,1764219600,5.0
2025-11-26 09:00:00,2025-11-27 09:00:00,1764223200,90.0
2025-11-26 10:00:00,2025-11-27 10:00:00,1764226800,249.0
2025-11-26 11:00:00,2025-11-27 11:00:00,1764230400,400.0
2025-11-26 12:00:00,2025-11-27 12:00:00,1764234000,499.0
2025-11-26 13:00:00,2025-11-27 13:00:00,1764237600,501.0
2025-11-26 14:00:00,2025-11-27 14:00:00,1764241200,455.0
2025-11-26 15:00:00,2025-11-27 15:00:00,1764244800,354.0
2025-11-26 16:00:00,2025-11-27 16:00:00,1764248400,268.0
2025-11-26 17:00:00,2025-11-27 17:00:00,1764252000,123.0
2025-11-26 18:00:00,2025-11-27 18:00:00,1764255600,16.0
2025-11-26 19:00:00,2025-11-27 19:00:00,1764259200,0.0
2025-11-26 20:00:00,2025-11-27 20:00:00,1764262800,0.0
2025-11-26 21:00:00,2025-11-27 21:00:00,1764266400,0.0
2025-11-26 22:00:00,2025-11-27 22:00:00,1764270000,0.0
2025-11-26 23:00:00,2025-11-27 23:00:00,1764273600,0.0
2025-11-27 00:00:00,2025-11-28 00:00:00,1764277200,0.0
2025-11-27 01:00:00,2025-11-28 01:00:00,1764280800,0.0
2025-11-27 02:00:00,2025-11-28 02:00:00,1764284400,0.0
2025-11-27 03:00:00,2025-11-28 03:00:00,1764288000,0.0
2025-11-27 04:00:00,2025-11-28 04:00:00,1764291600,0.0
2025-11-27 05:00:00,2025-11-28 05:00:00,1764295200,0.0
2025-11-27 06:00:00,2025-11-28 06:00:00,1764298800,0.0
2025-11-27 07:00:00,2025-11-28 07:00:00,1764302400,0.0
2025-11-27 08:00:00,2025-11-28 08:00:00,1764306000,4.0
2025-11-27 09:00:00,2025-11-28 09:00:00,1764309600,95.0
2025-11-27 10:00:00,2025-11-28 10:00:00,1764313200,269.0
2025-11-27 11:00:00,2025-11-28 11:00:00,1764316800,409.0
2025-11-27 12:00:00,2025-11-28 12:00:00,1764320400,509.0
2025-11-27 13:00:00,2025-11-28 13:00:00,1764324000,542.0
2025-11-27 14:00:00,2025-11-28 14:00:00,1764327600,524.0
2025-11-27 15:00:00,2025-11-28 15:00:00,1764331200,440.0
2025-11-27 16:00:00,2025-11-28 16:00:00,1764334800,187.0
2025-11-27 17:00:00,2025-11-28 17:00:00,1764338400,88.0
2025-11-27 18:00:00,2025-11-28 18:00:00,1764342000,12.0
2025-11-27 19:00:00,2025-11-28 19:00:00,1764345600,0.0
2025-11-27 20:00:00,2025-11-28 20:00:00,1764349200,0.0
2025-11-27 21:00:00,2025-11-28 21:00:00,1764352800,0.0
2025-11-27 22:00:00,2025-11-28 22:00:00,1764356400,0.0
2025-11-27 23:00:00,2025-11-28 23:00:00,1764360000,0.0
2025-11-28 00:00:00,2025-11-29 00:00:00,1764363600,0.0
2025-11-28 01:00:00,2025-11-29 01:00:00,1764367200,0.0
2025-11-28 02:00:00,2025-11-29 02:00:00,1764370800,0.0
2025-11-28 03:00:00,2025-11-29 03:00:00,1764374400,0.0
2025-11-28 04:00:00,2025-11-29 04:00:00,1764378000,0.0
2025-11-28 05:00:00,2025-11-29 05:00:00,1764381600,0.0
2025-11-28 06:00:00,2025-11-29 06:00:00,1764385200,0.0
2025-11-28 07:00:00,2025-11-29 07:00:00,1764388800,0.0
2025-11-28 08:00:00,2025-11-29 08:00:00,1764392400,4.0
2025-11-28 09:00:00,2025-11-29 09:00:00,1764396000,99.0
2025-11-28 10:00:00,2025-11-29 10:00:00,1764399600,253.0
2025-11-28 11:00:00,2025-11-29 11:00:00,1764403200,397.0
2025-11-28 12:00:00,2025-11-29 12:00:00,1764406800,473.0
2025-11-28 13:00:00,2025-11-29 13:00:00,1764410400,468.0
2025-11-28 14:00:00,2025-11-29 14:00:00,1764414000,489.0
2025-11-28 15:00:00,2025-11-29 15:00:00,1764417600,393.0
2025-11-28 16:00:00,2025-11-29 16:00:00,1764421200,263.0
2025-11-28 17:00:00,2025-11-29 17:00:00,1764424800,138.0
2025-11-28 18:00:00,2025-11-29 18:00:00,1764428400,16.0
2025-11-28 19:00:00,2025-11-29 19:00:00,1764432000,0.0
2025-11-28 20:00:00,2025-11-29 20:00:00,1764435600,0.0
2025-11-28 21:00:00,2025-11-29 21:00:00,1764439200,0.0
2025-11-28 22:00:00,2025-11-29 22:00:00,1764442800,0.0
2025-11-28 23:00:00,2025-11-29 23:00:00,1764446400,0.0
2025-11-29 00:00:00,2025-11-30 00:00:00,1764450000,0.0
2025-11-29 01:00:00,2025-11-30 01:00:00,1764453600,0.0
2025-11-29 02:00:00,2025-11-30 02:00:00,1764457200,0.0
2025-11-29 03:00:00,2025-11-30 03:00:00,1764460800,0.0
2025-11-29 04:00:00,2025-11-30 04:00:00,1764464400,0.0
2025-11-29 05:00:00,2025-11-30 05:00:00,1764468000,0.0
2025-11-29 06:00:00,2025-11-30 06:00:00,1764471600,0.0
2025-11-29 07:00:00,2025-11-30 07:00:00,1764475200,0.0
2025-11-29 08:00:00,2025-11-30 08:00:00,1764478800,3.0
2025-11-29 09:00:00,2025-11-30 09:00:00,1764482400,58.0
2025-11-29 10:00:00,2025-11-30 10:00:00,1764486000,234.0
2025-11-29 11:00:00,2025-11-30 11:00:00,1764489600,327.0
2025-11-29 12:00:00,2025-11-30 12:00:00,1764493200,300.0
2025-11-29 13:00:00,2025-11-30 13:00:00,1764496800,451.0
2025-11-29 14:00:00,2025-11-30 14:00:00,1764500400,441.0
2025-11-29 15:00:00,2025-11-30 15:00:00,1764504000,300.0
2025-11-29 16:00:00,2025-11-30 16:00:00,1764507600,251.0
2025-11-29 17:00:00,2025-11-30 17:00:00,1764511200,132.0
2025-11-29 18:00:00,2025-11-30 18:00:00,1764514800,16.0
2025-11-29 19:00:00,2025-11-30 19:00:00,1764518400,0.0
2025-11-29 20:00:00,2025-11-30 20:00:00,1764522000,0.0
2025-11-29 21:00:00,2025-11-30 21:00:00,1764525600,0.0
2025-11-29 22:00:00,2025-11-30 22:00:00,1764529200,0.0
2025-11-29 23:00:00,2025-11-30 23:00:00,1764532800,0.0
2025-11-30 00:00:00,2025-12-01 00:00:00,1764536400,0.0
2025-11-30 01:00:00,2025-12-01 01:00:00,1764540000,0.0
2025-11-30 02:00:00,2025-12-01 02:00:00,1764543600,0.0
2025-11-30 03:00:00,2025-12-01 03:00:00,1764547200,0.0
2025-11-30 04:00:00,2025-12-01 04:00:00,1764550800,0.0
2025-11-30 05:00:00,2025-12-01 05:00:00,1764554400,0.0
2025-11-30 06:00:00,2025-12-01 06:00:00,1764558000,0.0
2025-11-30 07:00:00,2025-12-01 07:00:00,1764561600,0.0
2025-11-30 08:00:00,2025-12-01 08:00:00,1764565200,3.0
2025-11-30 09:00:00,2025-12-01 09:00:00,1764568800,63.0
2025-11-30 10:00:00,2025-12-01 10:00:00,1764572400,214.0
2025-11-30 11:00:00,2025-12-01 11:00:00,1764576000,386.0
2025-11-30 12:00:00,2025-12-01 12:00:00,1764579600,388.0
2025-11-30 13:00:00,2025-12-01 13:00:00,1764583200,490.0
2025-11-30 14:00:00,2025-12-01 14:00:00,1764586800,449.0
2025-11-30 15:00:00,2025-12-01 15:00:00,1764590400,359.0
2025-11-30 16:00:00,2025-12-01 16:00:00,1764594000,252.0
2025-11-30 17:00:00,2025-12-01 17:00:00,1764597600,135.0
2025-11-30 18:00:00,2025-12-01 18:00:00,1764601200,15.0
2025-11-30 19:00:00,2025-12-01 19:00:00,1764604800,0.0
2025-11-30 20:00:00,2025-12-01 20:00:00,1764608400,0.0
2025-11-30 21:00:00,2025-12-01 21:00:00,1764612000,0.0
2025-11-30 22:00:00,2025-12-01 22:00:00,1764615600,0.0
2025-11-30 23:00:00,2025-12-01 23:00:00,1764619200,0.0
2025-12-01 00:00:00,2025-12-02 00:00:00,1764622800,0.0
2025-12-01 01:00:00,2025-12-02 01:00:00,1764626400,0.0
2025-12-01 02:00:00,2025-12-02 02:00:00,1764630000,0.0
2025-12-01 03:00:00,2025-12-02 03:00:00,1764633600,0.0
2025-12-01 04:00:00,2025-12-02 04:00:00,1764637200,0.0
2025-12-01 05:00:00,2025-12-02 05:00:00,1764640800,0.0
2025-12-01 06:00:00,2025-12-02 06:00:00,1764644400,0.0
2025-12-01 07:00:00,2025-12-02 07:00:00,1764648000,0.0
2025-12-01 08:00:00,2025-12-02 08:00:00,1764651600,3.0
2025-12-01 09:00:00,2025-12-02 09:00:00,1764655200,80.0
2025-12-01 10:00:00,2025-12-02 10:00:00,1764658800,215.0
2025-12-01 11:00:00,2025-12-02 11:00:00,1764662400,360.0
2025-12-01 12:00:00,2025-12-02 12:00:00,1764666000,454.0
2025-12-01 13:00:00,2025-12-02 13:00:00,1764669600,490.0
2025-12-01 14:00:00,2025-12-02 14:00:00,1764673200,444.0
2025-12-01 15:00:00,2025-12-02 15:00:00,1764676800,368.0
2025-12-01 16:00:00,2025-12-02 16:00:00,1764680400,268.0
2025-12-01 17:00:00,2025-12-02 17:00:00,1764684000,135.0
2025-12-01 18:00:00,2025-12-02 18:00:00,1764687600,16.0
2025-12-01 19:00:00,2025-12-02 19:00:00,1764691200,0.0
2025-12-01 20:00:00,2025-12-02 20:00:00,1764694800,0.0
2025-12-01 21:00:00,2025-12-02 21:00:00,1764698400,0.0
2025-12-01 22:00:00,2025-12-02 22:00:00,1764702000,0.0
2025-12-01 23:00:00,2025-12-02 23:00:00,1764705600,0.0
2025-12-02 00:00:00,2025-12-03 00:00:00,1764709200,0.0
2025-12-02 01:00:00,2025-12-03 01:00:00,1764712800,0.0
2025-12-02 02:00:00,2025-12-03 02:00:00,1764716400,0.0
2025-12-02 03:00:00,2025-12-03 03:00:00,1764720000,0.0
2025-12-02 04:00:00,2025-12-03 04:00:00,1764723600,0.0
2025-12-02 05:00:00,2025-12-03 05:00:00,1764727200,0.0
2025-12-02 06:00:00,2025-12-03 06:00:00,1764730800,0.0
2025-12-02 07:00:00,2025-12-03 07:00:00,1764734400,0.0
2025-12-02 08:00:00,2025-12-03 08:00:00,1764738000,2.0
2025-12-02 09:00:00,2025-12-03 09:00:00,1764741600,84.0
2025-12-02 10:00:00,2025-12-03 10:00:00,1764745200,243.0
2025-12-02 11:00:00,2025-12-03 11:00:00,1764748800,344.0
2025-12-02 12:00:00,2025-12-03 12:00:00,1764752400,412.0
2025-12-02 13:00:00,2025-12-03 13:00:00,1764756000,378.0
2025-12-02 14:00:00,2025-12-03 14:00:00,1764759600,393.0
2025-12-02 15:00:00,2025-12-03 15:00:00,1764763200,330.0
2025-12-02 16:00:00,2025-12-03 16:00:00,1764766800,173.0
2025-12-02 17:00:00,2025-12-03 17:00:00,1764770400,72.0
2025-12-02 18:00:00,2025-12-03 18:00:00,1764774000,9.0
2025-12-02 19:00:00,2025-12-03 19:00:00,1764777600,0.0
2025-12-02 20:00:00,2025-12-03 20:00:00,1764781200,0.0
2025-12-02 21:00:00,2025-12-03 21:00:00,1764784800,0.0
2025-12-02 22:00:00,2025-12-03 22:00:00,1764788400,0.0
2025-12-02 23:00:00,2025-12-03 23:00:00,1764792000,0.0
2025-12-03 00:00:00,2025-12-04 00:00:00,1764795600,0.0
2025-12-03 01:00:00,2025-12-04 01:00:00,1764799200,0.0
2025-12-03 02:00:00,2025-12-04 02:00:00,1764802800,0.0
2025-12-03 03:00:00,2025-12-04 03:00:00,1764806400,0.0
2025-12-03 04:00:00,2025-12-04 04:00:00,1764810000,0.0
2025-12-03 05:00:00,2025-12-04 05:00:00,1764813600,0.0
2025-12-03 06:00:00,2025-12-04 06:00:00,1764817200,0.0
2025-12-03 07:00:00,2025-12-04 07:00:00,1764820800,0.0
2025-12-03 08:00:00,2025-12-04 08:00:00,1764824400,2.0
2025-12-03 09:00:00,2025-12-04 09:00:00,1764828000,89.0
2025-12-03 10:00:00,2025-12-04 10:00:00,1764831600,250.0
2025-12-03 11:00:00,2025-12-04 11:00:00,1764835200,381.0
2025-12-03 12:00:00,2025-12-04 12:00:00,1764838800,361.0
2025-12-03 13:00:00,2025-12-04 13:00:00,1764842400,364.0
2025-12-03 14:00:00,2025-12-04 14:00:00,1764846000,311.0
2025-12-03 15:00:00,2025-12-04 15:00:00,1764849600,412.0
2025-12-03 16:00:00,2025-12-04 16:00:00,1764853200,274.0
2025-12-03 17:00:00,2025-12-04 17:00:00,1764856800,131.0
2025-12-03 18:00:00,2025-12-04 18:00:00,1764860400,14.0
2025-12-03 19:00:00,2025-12-04 19:00:00,1764864000,0.0
2025-12-03 20:00:00,2025-12-04 20:00:00,1764867600,0.0
2025-12-03 21:00:00,2025-12-04 21:00:00,1764871200,0.0
2025-12-03 22:00:00,2025-12-04 22:00:00,1764874800,0.0
2025-12-03 23:00:00,2025-12-04 23:00:00,1764878400,0.0
2025-12-04 00:00:00,2025-12-05 00:00:00,1764882000,0.0
2025-12-04 01:00:00,2025-12-05 01:00:00,1764885600,0.0
2025-12-04 02:00:00,2025-12-05 02:00:00,1764889200,0.0
2025-12-04 03:00:00,2025-12-05 03:00:00,1764892800,0.0
2025-12-04 04:00:00,2025-12-05 04:00:00,1764896400,0.0
2025-12-04 05:00:00,2025-12-05 05:00:00,1764900000,0.0
2025-12-04 06:00:00,2025-12-05 06:00:00,1764903600,0.0
2025-12-04 07:00:00,2025-12-05 07:00:00,1764907200,0.0
2025-12-04 08:00:00,2025-12-05 08:00:00,1764910800,2.0
2025-12-04 09:00:00,2025-12-05 09:00:00,1764914400,81.0
2025-12-04 10:00:00,2025-12-05 10:00:00,1764918000,228.0
2025-12-04 11:00:00,2025-12-05 11:00:00,1764921600,320.0
2025-12-04 12:00:00,2025-12-05 12:00:00,1764925200,297.0
2025-12-04 13:00:00,2025-12-05 13:00:00,1764928800,517.0
2025-12-04 14:00:00,2025-12-05 14:00:00,1764932400,413.0
2025-12-04 15:00:00,2025-12-05 15:00:00,1764936000,354.0
2025-12-04 16:00:00,2025-12-05 16:00:00,1764939600,83.0
2025-12-04 17:00:00,2025-12-05 17:00:00,1764943200,28.0
2025-12-04 18:00:00,2025-12-05 18:00:00,1764946800,4.0
2025-12-04 19:00:00,2025-12-05 19:00:00,1764950400,0.0
2025-12-04 20:00:00,2025-12-05 20:00:00,1764954000,0.0
2025-12-04 21:00:00,2025-12-05 21:00:00,1764957600,0.0
2025-12-04 22:00:00,2025-12-05 22:00:00,1764961200,0.0
2025-12-04 23:00:00,2025-12-05 23:00:00,1764964800,0.0
2025-12-05 00:00:00,2025-12-06 00:00:00,1764968400,0.0
2025-12-05 01:00:00,2025-12-06 01:00:00,1764972000,0.0
2025-12-05 02:00:00,2025-12-06 02:00:00,1764975600,0.0
2025-12-05 03:00:00,2025-12-06 03:00:00,1764979200,0.0
2025-12-05 04:00:00,2025-12-06 04:00:00,1764982800,0.0
2025-12-05 05:00:00,2025-12-06 05:00:00,1764986400,0.0
2025-12-05 06:00:00,2025-12-06 06:00:00,1764990000,0.0
2025-12-05 07:00:00,2025-12-06 07:00:00,1764993600,0.0
2025-12-05 08:00:00,2025-12-06 08:00:00,1764997200,1.0
2025-12-05 09:00:00,2025-12-06 09:00:00,1765000800,45.0
2025-12-05 10:00:00,2025-12-06 10:00:00,1765004400,146.0
2025-12-05 11:00:00,2025-12-06 11:00:00,1765008000,250.0
2025-12-05 12:00:00,2025-12-06 12:00:00,1765011600,301.0
2025-12-05 13:00:00,2025-12-06 13:00:00,1765015200,260.0
2025-12-05 14:00:00,2025-12-06 14:00:00,1765018800,315.0
2025-12-05 15:00:00,2025-12-06 15:00:00,1765022400,323.0
2025-12-05 16:00:00,2025-12-06 16:00:00,1765026000,240.0
2025-12-05 17:00:00,2025-12-06 17:00:00,1765029600,100.0
2025-12-05 18:00:00,2025-12-06 18:00:00,1765033200,13.0
2025-12-05 19:00:00,2025-12-06 19:00:00,1765036800,0.0
2025-12-05 20:00:00,2025-12-06 20:00:00,1765040400,0.0
2025-12-05 21:00:00,2025-12-06 21:00:00,1765044000,0.0
2025-12-05 22:00:00,2025-12-06 22:00:00,1765047600,0.0
2025-12-05 23:00:00,2025-12-06 23:00:00,1765051200,0.0
2025-12-06 00:00:00,2025-12-07 00:00:00,1765054800,0.0
2025-12-06 01:00:00,2025-12-07 01:00:00,1765058400,0.0
2025-12-06 02:00:00,2025-12-07 02:00:00,1765062000,0.0
2025-12-06 03:00:00,2025-12-07 03:00:00,1765065600,0.0
2025-12-06 04:00:00,2025-12-07 04:00:00,1765069200,0.0
2025-12-06 05:00:00,2025-12-07 05:00:00,1765072800,0.0
2025-12-06 06:00:00,2025-12-07 06:00:00,1765076400,0.0
2025-12-06 07:00:00,2025-12-07 07:00:00,1765080000,0.0
2025-12-06 08:00:00,2025-12-07 08:00:00,1765083600,1.0
2025-12-06 09:00:00,2025-12-07 09:00:00,1765087200,35.0
2025-12-06 10:00:00,2025-12-07 10:00:00,1765090800,87.0
2025-12-06 11:00:00,2025-12-07 11:00:00,1765094400,107.0
2025-12-06 12:00:00,2025-12-07 12:00:00,1765098000,276.0
2025-12-06 13:00:00,2025-12-07 13:00:00,1765101600,295.0
2025-12-06 14:00:00,2025-12-07 14:00:00,1765105200,267.0
2025-12-06 15:00:00,2025-12-07 15:00:00,1765108800,264.0
2025-12-06 16:00:00,2025-12-07 16:00:00,1765112400,129.0
2025-12-06 17:00:00,2025-12-07 17:00:00,1765116000,87.0
2025-12-06 18:00:00,2025-12-07 18:00:00,1765119600,9.0
2025-12-06 19:00:00,2025-12-07 19:00:00,1765123200,0.0
2025-12-06 20:00:00,2025-12-07 20:00:00,1765126800,0.0
2025-12-06 21:00:00,2025-12-07 21:00:00,1765130400,0.0
2025-12-06 22:00:00,2025-12-07 22:00:00,1765134000,0.0
2025-12-06 23:00:00,2025-12-07 23:00:00,1765137600,0.0
2025-12-07 00:00:00,2025-12-08 00:00:00,1765141200,0.0
2025-12-07 01:00:00,2025-12-08 01:00:00,1765144800,0.0
2025-12-07 02:00:00,2025-12-08 02:00:00,1765148400,0.0
2025-12-07 03:00:00,2025-12-08 03:00:00,1765152000,0.0
2025-12-07 04:00:00,2025-12-08 04:00:00,1765155600,0.0
2025-12-07 05:00:00,2025-12-08 05:00:00,1765159200,0.0
2025-12-07 06:00:00,2025-12-08 06:00:00,1765162800,0.0
2025-12-07 07:00:00,2025-12-08 07:00:00,1765166400,0.0
2025-12-07 08:00:00,2025-12-08 08:00:00,1765170000,1.0
2025-12-07 09:00:00,2025-12-08 09:00:00,1765173600,36.0
2025-12-07 10:00:00,2025-12-08 10:00:00,1765177200,64.0
2025-12-07 11:00:00,2025-12-08 11:00:00,1765180800,88.0
2025-12-07 12:00:00,2025-12-08 12:00:00,1765184400,142.0
2025-12-07 13:00:00,2025-12-08 13:00:00,1765188000,186.0
2025-12-07 14:00:00,2025-12-08 14:00:00,1765191600,184.0
2025-12-07 15:00:00,2025-12-08 15:00:00,1765195200,211.0
2025-12-07 16:00:00,2025-12-08 16:00:00,1765198800,160.0
2025-12-07 17:00:00,2025-12-08 17:00:00,1765202400,70.0
2025-12-07 18:00:00,2025-12-08 18:00:00,1765206000,11.0
2025-12-07 19:00:00,2025-12-08 19:00:00,1765209600,0.0
2025-12-07 20:00:00,2025-12-08 20:00:00,1765213200,0.0
2025-12-07 21:00:00,2025-12-08 21:00:00,1765216800,0.0
2025-12-07 22:00:00,2025-12-08 22:00:00,1765220400,0.0
2025-12-07 23:00:00,2025-12-08 23:00:00,1765224000,0.0
2025-12-08 00:00:00,2025-12-09 00:00:00,1765227600,0.0
2025-12-08 01:00:00,2025-12-09 01:00:00,1765231200,0.0
2025-12-08 02:00:00,2025-12-09 02:00:00,1765234800,0.0
2025-12-08 03:00:00,2025-12-09 03:00:00,1765238400,0.0
2025-12-08 04:00:00,2025-12-09 04:00:00,1765242000,0.0
2025-12-08 05:00:00,2025-12-09 05:00:00,1765245600,0.0
2025-12-08 06:00:00,2025-12-09 06:00:00,1765249200,0.0
2025-12-08 07:00:00,2025-12-09 07:00:00,1765252800,0.0
2025-12-08 08:00:00,2025-12-09 08:00:00,1765256400,1.0
2025-12-08 09:00:00,2025-12-09 09:00:00,1765260000,58.0
2025-12-08 10:00:00,2025-12-09 10:00:00,1765263600,203.0
2025-12-08 11:00:00,2025-12-09 11:00:00,1765267200,307.0
2025-12-08 12:00:00,2025-12-09 12:00:00,1765270800,445.0
2025-12-08 13:00:00,2025-12-09 13:00:00,1765274400,496.0
2025-12-08 14:00:00,2025-12-09 14:00:00,1765278000,427.0
2025-12-08 15:00:00,2025-12-09 15:00:00,1765281600,356.0
2025-12-08 16:00:00,2025-12-09 16:00:00,1765285200,240.0
2025-12-08 17:00:00,2025-12-09 17:00:00,1765288800,120.0
2025-12-08 18:00:00,2025-12-09 18:00:00,1765292400,13.0
2025-12-08 19:00:00,2025-12-09 19:00:00,1765296000,0.0
2025-12-08 20:00:00,2025-12-09 20:00:00,1765299600,0.0
2025-12-08 21:00:00,2025-12-09 21:00:00,1765303200,0.0
2025-12-08 22:00:00,2025-12-09 22:00:00,1765306800,0.0
2025-12-08 23:00:00,2025-12-09 23:00:00,1765310400,0.0
2025-12-09 00:00:00,2025-12-10 00:00:00,1765314000,0.0
2025-12-09 01:00:00,2025-12-10 01:00:00,1765317600,0.0
2025-12-09 02:00:00,2025-12-10 02:00:00,1765321200,0.0
2025-12-09 03:00:00,2025-12-10 03:00:00,1765324800,0.0
2025-12-09 04:00:00,2025-12-10 04:00:00,1765328400,0.0
2025-12-09 05:00:00,2025-12-10 05:00:00,1765332000,0.0
2025-12-09 06:00:00,2025-12-10 06:00:00,1765335600,0.0
2025-12-09 07:00:00,2025-12-10 07:00:00,1765339200,0.0
2025-12-09 08:00:00,2025-12-10 08:00:00,1765342800,0.0
2025-12-09 09:00:00,2025-12-10 09:00:00,1765346400,39.0
2025-12-09 10:00:00,2025-12-10 10:00:00,1765350000,48.0
2025-12-09 11:00:00,2025-12-10 11:00:00,1765353600,141.0
2025-12-09 12:00:00,2025-12-10 12:00:00,1765357200,125.0
2025-12-09 13:00:00,2025-12-10 13:00:00,1765360800,72.0
2025-12-09 14:00:00,2025-12-10 14:00:00,1765364400,117.0
2025-12-09 15:00:00,2025-12-10 15:00:00,1765368000,117.0
2025-12-09 16:00:00,2025-12-10 16:00:00,1765371600,103.0
2025-12-09 17:00:00,2025-12-10 17:00:00,1765375200,62.0
2025-12-09 18:00:00,2025-12-10 18:00:00,1765378800,10.0
2025-12-09 19:00:00,2025-12-10 19:00:00,1765382400,0.0
2025-12-09 20:00:00,2025-12-10 20:00:00,1765386000,0.0
2025-12-09 21:00:00,2025-12-10 21:00:00,1765389600,0.0
2025-12-09 22:00:00,2025-12-10 22:00:00,1765393200,0.0
2025-12-09 23:00:00,2025-12-10 23:00:00,1765396800,0.0
2025-12-10 00:00:00,2025-12-11 00:00:00,1765400400,0.0
2025-12-10 01:00:00,2025-12-11 01:00:00,1765404000,0.0
2025-12-10 02:00:00,2025-12-11 02:00:00,1765407600,0.0
2025-12-10 03:00:00,2025-12-11 03:00:00,1765411200,0.0
2025-12-10 04:00:00,2025-12-11 04:00:00,1765414800,0.0
2025-12-10 05:00:00,2025-12-11 05:00:00,1765418400,0.0
2025-12-10 06:00:00,2025-12-11 06:00:00,1765422000,0.0
2025-12-10 07:00:00,2025-12-11 07:00:00,1765425600,0.0
2025-12-10 08:00:00,2025-12-11 08:00:00,1765429200,0.0
2025-12-10 09:00:00,2025-12-11 09:00:00,1765432800,55.0
2025-12-10 10:00:00,2025-12-11 10:00:00,1765436400,136.0
2025-12-10 11:00:00,2025-12-11 11:00:00,1765440000,231.0
2025-12-10 12:00:00,2025-12-11 12:00:00,1765443600,255.0
2025-12-10 13:00:00,2025-12-11 13:00:00,1765447200,372.0
2025-12-10 14:00:00,2025-12-11 14:00:00,1765450800,451.0
2025-12-10 15:00:00,2025-12-11 15:00:00,1765454400,356.0
2025-12-10 16:00:00,2025-12-11 16:00:00,1765458000,209.0
2025-12-10 17:00:00,2025-12-11 17:00:00,1765461600,113.0
2025-12-10 18:00:00,2025-12-11 18:00:00,1765465200,16.0
2025-12-10 19:00:00,2025-12-11 19:00:00,1765468800,0.0
2025-12-10 20:00:00,2025-12-11 20:00:00,1765472400,0.0
2025-12-10 21:00:00,2025-12-11 21:00:00,1765476000,0.0
2025-12-10 22:00:00,2025-12-11 22:00:00,1765479600,0.0
2025-12-10 23:00:00,2025-12-11 23:00:00,1765483200,0.0
2025-12-11 00:00:00,2025-12-12 00:00:00,1765486800,0.0
2025-12-11 01:00:00,2025-12-12 01:00:00,1765490400,0.0
2025-12-11 02:00:00,2025-12-12 02:00:00,1765494000,0.0
2025-12-11 03:00:00,2025-12-12 03:00:00,1765497600,0.0
2025-12-11 04:00:00,2025-12-12 04:00:00,1765501200,0.0
2025-12-11 05:00:00,2025-12-12 05:00:00,1765504800,0.0
2025-12-11 06:00:00,2025-12-12 06:00:00,1765508400,0.0
2025-12-11 07:00:00,2025-12-12 07:00:00,1765512000,0.0
2025-12-11 08:00:00,2025-12-12 08:00:00,1765515600,1.0
2025-12-11 09:00:00,2025-12-12 09:00:00,1765519200,66.0
2025-12-11 10:00:00,2025-12-12 10:00:00,1765522800,196.0
2025-12-11 11:00:00,2025-12-12 11:00:00,1765526400,354.0
2025-12-11 12:00:00,2025-12-12 12:00:00,1765530000,476.0
2025-12-11 13:00:00,2025-12-12 13:00:00,1765533600,522.0
2025-12-11 14:00:00,2025-12-12 14:00:00,1765537200,493.0
2025-12-11 15:00:00,2025-12-12 15:00:00,1765540800,392.0
2025-12-11 16:00:00,2025-12-12 16:00:00,1765544400,283.0
2025-12-11 17:00:00,2025-12-12 17:00:00,1765548000,138.0
2025-12-11 18:00:00,2025-12-12 18:00:00,1765551600,16.0
2025-12-11 19:00:00,2025-12-12 19:00:00,1765555200,0.0
2025-12-11 20:00:00,2025-12-12 20:00:00,1765558800,0.0
2025-12-11 21:00:00,2025-12-12 21:00:00,1765562400,0.0
2025-12-11 22:00:00,2025-12-12 22:00:00,1765566000,0.0
2025-12-11 23:00:00,2025-12-12 23:00:00,1765569600,0.0
2025-12-12 00:00:00,2025-12-13 00:00:00,1765573200,0.0
2025-12-12 01:00:00,2025-12-13 01:00:00,1765576800,0.0
2025-12-12 02:00:00,2025-12-13 02:00:00,1765580400,0.0
2025-12-12 03:00:00,2025-12-13 03:00:00,1765584000,0.0
2025-12-12 04:00:00,2025-12-13 04:00:00,1765587600,0.0
2025-12-12 05:00:00,2025-12-13 05:00:00,1765591200,0.0
2025-12-12 06:00:00,2025-12-13 06:00:00,1765594800,0.0
2025-12-12 07:00:00,2025-12-13 07:00:00,1765598400,0.0
2025-12-12 08:00:00,2025-12-13 08:00:00,1765602000,0.0
2025-12-12 09:00:00,2025-12-13 09:00:00,1765605600,63.0
2025-12-12 10:00:00,2025-12-13 10:00:00,1765609200,201.0
2025-12-12 11:00:00,2025-12-13 11:00:00,1765612800,362.0
2025-12-12 12:00:00,2025-12-13 12:00:00,1765616400,479.0
2025-12-12 13:00:00,2025-12-13 13:00:00,1765620000,516.0
2025-12-12 14:00:00,2025-12-13 14:00:00,1765623600,489.0
2025-12-12 15:00:00,2025-12-13 15:00:00,1765627200,402.0
2025-12-12 16:00:00,2025-12-13 16:00:00,1765630800,293.0
2025-12-12 17:00:00,2025-12-13 17:00:00,1765634400,143.0
2025-12-12 18:00:00,2025-12-13 18:00:00,1765638000,17.0
2025-12-12 19:00:00,2025-12-13 19:00:00,1765641600,0.0
2025-12-12 20:00:00,2025-12-13 20:00:00,1765645200,0.0
2025-12-12 21:00:00,2025-12-13 21:00:00,1765648800,0.0
2025-12-12 22:00:00,2025-12-13 22:00:00,1765652400,0.0
2025-12-12 23:00:00,2025-12-13 23:00:00,1765656000,0.0
2025-12-13 00:00:00,2025-12-14 00:00:00,1765659600,0.0
2025-12-13 01:00:00,2025-12-14 01:00:00,1765663200,0.0
2025-12-13 02:00:00,2025-12-14 02:00:00,1765666800,0.0
2025-12-13 03:00:00,2025-12-14 03:00:00,1765670400,0.0
2025-12-13 04:00:00,2025-12-14 04:00:00,1765674000,0.0
2025-12-13 05:00:00,2025-12-14 05:00:00,1765677600,0.0
2025-12-13 06:00:00,2025-12-14 06:00:00,1765681200,0.0
2025-12-13 07:00:00,2025-12-14 07:00:00,1765684800,0.0
2025-12-13 08:00:00,2025-12-14 08:00:00,1765688400,0.0
2025-12-13 09:00:00,2025-12-14 09:00:00,1765692000,73.0
2025-12-13 10:00:00,2025-12-14 10:00:00,1765695600,231.0
2025-12-13 11:00:00,2025-12-14 11:00:00,1765699200,377.0
2025-12-13 12:00:00,2025-12-14 12:00:00,1765702800,472.0
2025-12-13 13:00:00,2025-12-14 13:00:00,1765706400,515.0
2025-12-13 14:00:00,2025-12-14 14:00:00,1765710000,490.0
2025-12-13 15:00:00,2025-12-14 15:00:00,1765713600,416.0
2025-12-13 16:00:00,2025-12-14 16:00:00,1765717200,271.0
2025-12-13 17:00:00,2025-12-14 17:00:00,1765720800,123.0
2025-12-13 18:00:00,2025-12-14 18:00:00,1765724400,15.0
2025-12-13 19:00:00,2025-12-14 19:00:00,1765728000,0.0
2025-12-13 20:00:00,2025-12-14 20:00:00,1765731600,0.0
2025-12-13 21:00:00,2025-12-14 21:00:00,1765735200,0.0
2025-12-13 22:00:00,2025-12-14 22:00:00,1765738800,0.0
2025-12-13 23:00:00,2025-12-14 23:00:00,1765742400,0.0
2025-12-14 00:00:00,2025-12-15 00:00:00,1765746000,0.0
2025-12-14 01:00:00,2025-12-15 01:00:00,1765749600,0.0
2025-12-14 02:00:00,2025-12-15 02:00:00,1765753200,0.0
2025-12-14 03:00:00,2025-12-15 03:00:00,1765756800,0.0
2025-12-14 04:00:00,2025-12-15 04:00:00,1765760400,0.0
2025-12-14 05:00:00,2025-12-15 05:00:00,1765764000,0.0
2025-12-14 06:00:00,2025-12-15 06:00:00,1765767600,0.0
2025-12-14 07:00:00,2025-12-15 07:00:00,1765771200,0.0
2025-12-14 08:00:00,2025-12-15 08:00:00,1765774800,0.0
2025-12-14 09:00:00,2025-12-15 09:00:00,1765778400,52.0
2025-12-14 10:00:00,2025-12-15 10:00:00,1765782000,181.0
2025-12-14 11:00:00,2025-12-15 11:00:00,1765785600,277.0
2025-12-14 12:00:00,2025-12-15 12:00:00,1765789200,414.0
2025-12-14 13:00:00,2025-12-15 13:00:00,1765792800,465.0
2025-12-14 14:00:00,2025-12-15 14:00:00,1765796400,421.0
2025-12-14 15:00:00,2025-12-15 15:00:00,1765800000,290.0
2025-12-14 16:00:00,2025-12-15 16:00:00,1765803600,264.0
2025-12-14 17:00:00,2025-12-15 17:00:00,1765807200,118.0
2025-12-14 18:00:00,2025-12-15 18:00:00,1765810800,14.0
2025-12-14 19:00:00,2025-12-15 19:00:00,1765814400,0.0
2025-12-14 20:00:00,2025-12-15 20:00:00,1765818000,0.0
2025-12-14 21:00:00,2025-12-15 21:00:00,1765821600,0.0
2025-12-14 22:00:00,2025-12-15 22:00:00,1765825200,0.0
2025-12-14 23:00:00,2025-12-15 23:00:00,1765828800,0.0
2025-12-15 00:00:00,2025-12-16 00:00:00,1765832400,0.0
2025-12-15 01:00:00,2025-12-16 01:00:00,1765836000,0.0
2025-12-15 02:00:00,2025-12-16 02:00:00,1765839600,0.0
2025-12-15 03:00:00,2025-12-16 03:00:00,1765843200,0.0
2025-12-15 04:00:00,2025-12-16 04:00:00,1765846800,0.0
2025-12-15 05:00:00,2025-12-16 05:00:00,1765850400,0.0
2025-12-15 06:00:00,2025-12-16 06:00:00,1765854000,0.0
2025-12-15 07:00:00,2025-12-16 07:00:00,1765857600,0.0
2025-12-15 08:00:00,2025-12-16 08:00:00,1765861200,0.0
2025-12-15 09:00:00,2025-12-16 09:00:00,1765864800,70.0
2025-12-15 10:00:00,2025-12-16 10:00:00,1765868400,229.0
2025-12-15 11:00:00,2025-12-16 11:00:00,1765872000,376.0
2025-12-15 12:00:00,2025-12-16 12:00:00,1765875600,478.0
2025-12-15 13:00:00,2025-12-16 13:00:00,1765879200,525.0
2025-12-15 14:00:00,2025-12-16 14:00:00,1765882800,511.0
2025-12-15 15:00:00,2025-12-16 15:00:00,1765886400,435.0
2025-12-15 16:00:00,2025-12-16 16:00:00,1765890000,307.0
2025-12-15 17:00:00,2025-12-16 17:00:00,1765893600,147.0
2025-12-15 18:00:00,2025-12-16 18:00:00,1765897200,18.0
2025-12-15 19:00:00,2025-12-16 19:00:00,1765900800,0.0
2025-12-15 20:00:00,2025-12-16 20:00:00,1765904400,0.0
2025-12-15 21:00:00,2025-12-16 21:00:00,1765908000,0.0
2025-12-15 22:00:00,2025-12-16 22:00:00,1765911600,0.0
2025-12-15 23:00:00,2025-12-16 23:00:00,1765915200,0.0
2025-12-16 00:00:00,2025-12-17 00:00:00,1765918800,0.0
2025-12-16 01:00:00,2025-12-17 01:00:00,1765922400,0.0
2025-12-16 02:00:00,2025-12-17 02:00:00,1765926000,0.0
2025-12-16 03:00:00,2025-12-17 03:00:00,1765929600,0.0
2025-12-16 04:00:00,2025-12-17 04:00:00,1765933200,0.0
2025-12-16 05:00:00,2025-12-17 05:00:00,1765936800,0.0
2025-12-16 06:00:00,2025-12-17 06:00:00,1765940400,0.0
2025-12-16 07:00:00,2025-12-17 07:00:00,1765944000,0.0
2025-12-16 08:00:00,2025-12-17 08:00:00,1765947600,0.0
2025-12-16 09:00:00,2025-12-17 09:00:00,1765951200,71.0
2025-12-16 10:00:00,2025-12-17 10:00:00,1765954800,233.0
2025-12-16 11:00:00,2025-12-17 11:00:00,1765958400,383.0
2025-12-16 12:00:00,2025-12-17 12:00:00,1765962000,489.0
2025-12-16 13:00:00,2025-12-17 13:00:00,1765965600,535.0
2025-12-16 14:00:00,2025-12-17 14:00:00,1765969200,517.0
2025-12-16 15:00:00,2025-12-17 15:00:00,1765972800,440.0
2025-12-16 16:00:00,2025-12-17 16:00:00,1765976400,312.0
2025-12-16 17:00:00,2025-12-17 17:00:00,1765980000,152.0
2025-12-16 18:00:00,2025-12-17 18:00:00,1765983600,19.0
2025-12-16 19:00:00,2025-12-17 19:00:00,1765987200,0.0
2025-12-16 20:00:00,2025-12-17 20:00:00,1765990800,0.0
2025-12-16 21:00:00,2025-12-17 21:00:00,1765994400,0.0
2025-12-16 22:00:00,2025-12-17 22:00:00,1765998000,0.0
2025-12-16 23:00:00,2025-12-17 23:00:00,1766001600,0.0
2025-12-17 00:00:00,2025-12-18 00:00:00,1766005200,0.0
2025-12-17 01:00:00,2025-12-18 01:00:00,1766008800,0.0
2025-12-17 02:00:00,2025-12-18 02:00:00,1766012400,0.0
2025-12-17 03:00:00,2025-12-18 03:00:00,1766016000,0.0
2025-12-17 04:00:00,2025-12-18 04:00:00,1766019600,0.0
2025-12-17 05:00:00,2025-12-18 05:00:00,1766023200,0.0
2025-12-17 06:00:00,2025-12-18 06:00:00,1766026800,0.0
2025-12-17 07:00:00,2025-12-18 07:00:00,1766030400,0.0
2025-12-17 08:00:00,2025-12-18 08:00:00,1766034000,0.0
2025-12-17 09:00:00,2025-12-18 09:00:00,1766037600,67.0
2025-12-17 10:00:00,2025-12-18 10:00:00,1766041200,210.0
2025-12-17 11:00:00,2025-12-18 11:00:00,1766044800,355.0
2025-12-17 12:00:00,2025-12-18 12:00:00,1766048400,459.0
2025-12-17 13:00:00,2025-12-18 13:00:00,1766052000,517.0
2025-12-17 14:00:00,2025-12-18 14:00:00,1766055600,498.0
2025-12-17 15:00:00,2025-12-18 15:00:00,1766059200,428.0
2025-12-17 16:00:00,2025-12-18 16:00:00,1766062800,300.0
2025-12-17 17:00:00,2025-12-18 17:00:00,1766066400,145.0
2025-12-17 18:00:00,2025-12-18 18:00:00,1766070000,18.0
2025-12-17 19:00:00,2025-12-18 19:00:00,1766073600,0.0
2025-12-17 20:00:00,2025-12-18 20:00:00,1766077200,0.0
2025-12-17 21:00:00,2025-12-18 21:00:00,1766080800,0.0
2025-12-17 22:00:00,2025-12-18 22:00:00,1766084400,0.0
2025-12-17 23:00:00,2025-12-18 23:00:00,1766088000,0.0
2025-12-18 00:00:00,2025-12-19 00:00:00,1766091600,0.0
2025-12-18 01:00:00,2025-12-19 01:00:00,1766095200,0.0
2025-12-18 02:00:00,2025-12-19 02:00:00,1766098800,0.0
2025-12-18 03:00:00,2025-12-19 03:00:00,1766102400,0.0
2025-12-18 04:00:00,2025-12-19 04:00:00,1766106000,0.0
2025-12-18 05:00:00,2025-12-19 05:00:00,1766109600,0.0
2025-12-18 06:00:00,2025-12-19 06:00:00,1766113200,0.0
2025-12-18 07:00:00,2025-12-19 07:00:00,1766116800,0.0
2025-12-18 08:00:00,2025-12-19 08:00:00,1766120400,0.0
2025-12-18 09:00:00,2025-12-19 09:00:00,1766124000,60.0
2025-12-18 10:00:00,2025-12-19 10:00:00,1766127600,204.0
2025-12-18 11:00:00,2025-12-19 11:00:00,1766131200,346.0
2025-12-18 12:00:00,2025-12-19 12:00:00,1766134800,457.0
2025-12-18 13:00:00,2025-12-19 13:00:00,1766138400,492.0
2025-12-18 14:00:00,2025-12-19 14:00:00,1766142000,462.0
2025-12-18 15:00:00,2025-12-19 15:00:00,1766145600,373.0
2025-12-18 16:00:00,2025-12-19 16:00:00,1766149200,287.0
2025-12-18 17:00:00,2025-12-19 17:00:00,1766152800,130.0
2025-12-18 18:00:00,2025-12-19 18:00:00,1766156400,13.0
2025-12-18 19:00:00,2025-12-19 19:00:00,1766160000,0.0
2025-12-18 20:00:00,2025-12-19 20:00:00,1766163600,0.0
2025-12-18 21:00:00,2025-12-19 21:00:00,1766167200,0.0
2025-12-18 22:00:00,2025-12-19 22:00:00,1766170800,0.0
2025-12-18 23:00:00,2025-12-19 23:00:00,1766174400,0.0
2025-12-19 00:00:00,2025-12-20 00:00:00,1766178000,0.0
2025-12-19 01:00:00,2025-12-20 01:00:00,1766181600,0.0
2025-12-19 02:00:00,2025-12-20 02:00:00,1766185200,0.0
2025-12-19 03:00:00,2025-12-20 03:00:00,1766188800,0.0
2025-12-19 04:00:00,2025-12-20 04:00:00,1766192400,0.0
2025-12-19 05:00:00,2025-12-20 05:00:00,1766196000,0.0
2025-12-19 06:00:00,2025-12-20 06:00:00,1766199600,0.0
2025-12-19 07:00:00,2025-12-20 07:00:00,1766203200,0.0
2025-12-19 08:00:00,2025-12-20 08:00:00,1766206800,0.0
2025-12-19 09:00:00,2025-12-20 09:00:00,1766210400,44.0
2025-12-19 10:00:00,2025-12-20 10:00:00,1766214000,145.0
2025-12-19 11:00:00,2025-12-20 11:00:00,1766217600,304.0
2025-12-19 12:00:00,2025-12-20 12:00:00,1766221200,429.0
2025-12-19 13:00:00,2025-12-20 13:00:00,1766224800,466.0
2025-12-19 14:00:00,2025-12-20 14:00:00,1766228400,388.0
2025-12-19 15:00:00,2025-12-20 15:00:00,1766232000,320.0
2025-12-19 16:00:00,2025-12-20 16:00:00,1766235600,239.0
2025-12-19 17:00:00,2025-12-20 17:00:00,1766239200,128.0
2025-12-19 18:00:00,2025-12-20 18:00:00,1766242800,15.0
2025-12-19 19:00:00,2025-12-20 19:00:00,1766246400,0.0
2025-12-19 20:00:00,2025-12-20 20:00:00,1766250000,0.0
2025-12-19 21:00:00,2025-12-20 21:00:00,1766253600,0.0
2025-12-19 22:00:00,2025-12-20 22:00:00,1766257200,0.0
2025-12-19 23:00:00,2025-12-20 23:00:00,1766260800,0.0
2025-12-20 00:00:00,2025-12-21 00:00:00,1766264400,0.0
2025-12-20 01:00:00,2025-12-21 01:00:00,1766268000,0.0
2025-12-20 02:00:00,2025-12-21 02:00:00,1766271600,0.0
2025-12-20 03:00:00,2025-12-21 03:00:00,1766275200,0.0
2025-12-20 04:00:00,2025-12-21 04:00:00,1766278800,0.0
2025-12-20 05:00:00,2025-12-21 05:00:00,1766282400,0.0
2025-12-20 06:00:00,2025-12-21 06:00:00,1766286000,0.0
2025-12-20 07:00:00,2025-12-21 07:00:00,1766289600,0.0
2025-12-20 08:00:00,2025-12-21 08:00:00,1766293200,0.0
2025-12-20 09:00:00,2025-12-21 09:00:00,1766296800,39.0
2025-12-20 10:00:00,2025-12-21 10:00:00,1766300400,125.0
2025-12-20 11:00:00,2025-12-21 11:00:00,1766304000,191.0
2025-12-20 12:00:00,2025-12-21 12:00:00,1766307600,314.0
2025-12-20 13:00:00,2025-12-21 13:00:00,1766311200,261.0
2025-12-20 14:00:00,2025-12-21 14:00:00,1766314800,187.0
2025-12-20 15:00:00,2025-12-21 15:00:00,1766318400,105.0
2025-12-20 16:00:00,2025-12-21 16:00:00,1766322000,72.0
2025-12-20 17:00:00,2025-12-21 17:00:00,1766325600,62.0
2025-12-20 18:00:00,2025-12-21 18:00:00,1766329200,16.0
2025-12-20 19:00:00,2025-12-21 19:00:00,1766332800,0.0
2025-12-20 20:00:00,2025-12-21 20:00:00,1766336400,0.0
2025-12-20 21:00:00,2025-12-21 21:00:00,1766340000,0.0
2025-12-20 22:00:00,2025-12-21 22:00:00,1766343600,0.0
2025-12-20 23:00:00,2025-12-21 23:00:00,1766347200,0.0
2025-12-21 00:00:00,2025-12-22 00:00:00,1766350800,0.0
2025-12-21 01:00:00,2025-12-22 01:00:00,1766354400,0.0
2025-12-21 02:00:00,2025-12-22 02:00:00,1766358000,0.0
2025-12-21 03:00:00,2025-12-22 03:00:00,1766361600,0.0
2025-12-21 04:00:00,2025-12-22 04:00:00,1766365200,0.0
2025-12-21 05:00:00,2025-12-22 05:00:00,1766368800,0.0
2025-12-21 06:00:00,2025-12-22 06:00:00,1766372400,0.0
2025-12-21 07:00:00,2025-12-22 07:00:00,1766376000,0.0
2025-12-21 08:00:00,2025-12-22 08:00:00,1766379600,0.0
2025-12-21 09:00:00,2025-12-22 09:00:00,1766383200,52.0
2025-12-21 10:00:00,2025-12-22 10:00:00,1766386800,197.0
2025-12-21 11:00:00,2025-12-22 11:00:00,1766390400,288.0
2025-12-21 12:00:00,2025-12-22 12:00:00,1766394000,275.0
2025-12-21 13:00:00,2025-12-22 13:00:00,1766397600,478.0
2025-12-21 14:00:00,2025-12-22 14:00:00,1766401200,387.0
2025-12-21 15:00:00,2025-12-22 15:00:00,1766404800,302.0
2025-12-21 16:00:00,2025-12-22 16:00:00,1766408400,215.0
2025-12-21 17:00:00,2025-12-22 17:00:00,1766412000,117.0
2025-12-21 18:00:00,2025-12-22 18:00:00,1766415600,17.0
2025-12-21 19:00:00,2025-12-22 19:00:00,1766419200,0.0
2025-12-21 20:00:00,2025-12-22 20:00:00,1766422800,0.0
2025-12-21 21:00:00,2025-12-22 21:00:00,1766426400,0.0
2025-12-21 22:00:00,2025-12-22 22:00:00,1766430000,0.0
2025-12-21 23:00:00,2025-12-22 23:00:00,1766433600,0.0
2025-12-22 00:00:00,2025-12-23 00:00:00,1766437200,0.0
2025-12-22 01:00:00,2025-12-23 01:00:00,1766440800,0.0
2025-12-22 02:00:00,2025-12-23 02:00:00,1766444400,0.0
2025-12-22 03:00:00,2025-12-23 03:00:00,1766448000,0.0
2025-12-22 04:00:00,2025-12-23 04:00:00,1766451600,0.0
2025-12-22 05:00:00,2025-12-23 05:00:00,1766455200,0.0
2025-12-22 06:00:00,2025-12-23 06:00:00,1766458800,0.0
2025-12-22 07:00:00,2025-12-23 07:00:00,1766462400,0.0
2025-12-22 08:00:00,2025-12-23 08:00:00,1766466000,0.0
2025-12-22 09:00:00,2025-12-23 09:00:00,1766469600,54.0
2025-12-22 10:00:00,2025-12-23 10:00:00,1766473200,198.0
2025-12-22 11:00:00,2025-12-23 11:00:00,1766476800,337.0
2025-12-22 12:00:00,2025-12-23 12:00:00,1766480400,426.0
2025-12-22 13:00:00,2025-12-23 13:00:00,1766484000,457.0
2025-12-22 14:00:00,2025-12-23 14:00:00,1766487600,332.0
2025-12-22 15:00:00,2025-12-23 15:00:00,1766491200,267.0
2025-12-22 16:00:00,2025-12-23 16:00:00,1766494800,239.0
2025-12-22 17:00:00,2025-12-23 17:00:00,1766498400,140.0
2025-12-22 18:00:00,2025-12-23 18:00:00,1766502000,19.0
2025-12-22 19:00:00,2025-12-23 19:00:00,1766505600,0.0
2025-12-22 20:00:00,2025-12-23 20:00:00,1766509200,0.0
2025-12-22 21:00:00,2025-12-23 21:00:00,1766512800,0.0
2025-12-22 22:00:00,2025-12-23 22:00:00,1766516400,0.0
2025-12-22 23:00:00,2025-12-23 23:00:00,1766520000,0.0
2025-12-23 00:00:00,2025-12-24 00:00:00,1766523600,0.0
2025-12-23 01:00:00,2025-12-24 01:00:00,1766527200,0.0
2025-12-23 02:00:00,2025-12-24 02:00:00,1766530800,0.0
2025-12-23 03:00:00,2025-12-24 03:00:00,1766534400,0.0
2025-12-23 04:00:00,2025-12-24 04:00:00,1766538000,0.0
2025-12-23 05:00:00,2025-12-24 05:00:00,1766541600,0.0
2025-12-23 06:00:00,2025-12-24 06:00:00,1766545200,0.0
2025-12-23 07:00:00,2025-12-24 07:00:00,1766548800,0.0
2025-12-23 08:00:00,2025-12-24 08:00:00,1766552400,0.0
2025-12-23 09:00:00,2025-12-24 09:00:00,1766556000,52.0
2025-12-23 10:00:00,2025-12-24 10:00:00,1766559600,198.0
2025-12-23 11:00:00,2025-12-24 11:00:00,1766563200,351.0
2025-12-23 12:00:00,2025-12-24 12:00:00,1766566800,456.0
2025-12-23 13:00:00,2025-12-24 13:00:00,1766570400,505.0
2025-12-23 14:00:00,2025-12-24 14:00:00,1766574000,484.0
2025-12-23 15:00:00,2025-12-24 15:00:00,1766577600,399.0
2025-12-23 16:00:00,2025-12-24 16:00:00,1766581200,298.0
2025-12-23 17:00:00,2025-12-24 17:00:00,1766584800,145.0
2025-12-23 18:00:00,2025-12-24 18:00:00,1766588400,21.0
2025-12-23 19:00:00,2025-12-24 19:00:00,1766592000,0.0
2025-12-23 20:00:00,2025-12-24 20:00:00,1766595600,0.0
2025-12-23 21:00:00,2025-12-24 21:00:00,1766599200,0.0
2025-12-23 22:00:00,2025-12-24 22:00:00,1766602800,0.0
2025-12-23 23:00:00,2025-12-24 23:00:00,1766606400,0.0
2025-12-24 00:00:00,2025-12-25 00:00:00,1766610000,0.0
2025-12-24 01:00:00,2025-12-25 01:00:00,1766613600,0.0
2025-12-24 02:00:00,2025-12-25 02:00:00,1766617200,0.0
2025-12-24 03:00:00,2025-12-25 03:00:00,1766620800,0.0
2025-12-24 04:00:00,2025-12-25 04:00:00,1766624400,0.0
2025-12-24 05:00:00,2025-12-25 05:00:00,1766628000,0.0
2025-12-24 06:00:00,2025-12-25 06:00:00,1766631600,0.0
2025-12-24 07:00:00,2025-12-25 07:00:00,1766635200,0.0
2025-12-24 08:00:00,2025-12-25 08:00:00,1766638800,0.0
2025-12-24 09:00:00,2025-12-25 09:00:00,1766642400,46.0
2025-12-24 10:00:00,2025-12-25 10:00:00,1766646000,171.0
2025-12-24 11:00:00,2025-12-25 11:00:00,1766649600,322.0
2025-12-24 12:00:00,2025-12-25 12:00:00,1766653200,366.0
2025-12-24 13:00:00,2025-12-25 13:00:00,1766656800,418.0
2025-12-24 14:00:00,2025-12-25 14:00:00,1766660400,417.0
2025-12-24 15:00:00,2025-12-25 15:00:00,1766664000,331.0
2025-12-24 16:00:00,2025-12-25 16:00:00,1766667600,254.0
2025-12-24 17:00:00,2025-12-25 17:00:00,1766671200,142.0
2025-12-24 18:00:00,2025-12-25 18:00:00,1766674800,22.0
2025-12-24 19:00:00,2025-12-25 19:00:00,1766678400,0.0
2025-12-24 20:00:00,2025-12-25 20:00:00,1766682000,0.0
2025-12-24 21:00:00,2025-12-25 21:00:00,1766685600,0.0
2025-12-24 22:00:00,2025-12-25 22:00:00,1766689200,0.0
2025-12-24 23:00:00,2025-12-25 23:00:00,1766692800,0.0
2025-12-25 00:00:00,2025-12-26 00:00:00,1766696400,0.0
2025-12-25 01:00:00,2025-12-26 01:00:00,1766700000,0.0
2025-12-25 02:00:00,2025-12-26 02:00:00,1766703600,0.0
2025-12-25 03:00:00,2025-12-26 03:00:00,1766707200,0.0
2025-12-25 04:00:00,2025-12-26 04:00:00,1766710800,0.0
2025-12-25 05:00:00,2025-12-26 05:00:00,1766714400,0.0
2025-12-25 06:00:00,2025-12-26 06:00:00,1766718000,0.0
2025-12-25 07:00:00,2025-12-26 07:00:00,1766721600,0.0
2025-12-25 08:00:00,2025-12-26 08:00:00,1766725200,0.0
2025-12-25 09:00:00,2025-12-26 09:00:00,1766728800,52.0
2025-12-25 10:00:00,2025-12-26 10:00:00,1766732400,171.0
2025-12-25 11:00:00,2025-12-26 11:00:00,1766736000,309.0
2025-12-25 12:00:00,2025-12-26 12:00:00,1766739600,400.0
2025-12-25 13:00:00,2025-12-26 13:00:00,1766743200,471.0
2025-12-25 14:00:00,2025-12-26 14:00:00,1766746800,479.0
2025-12-25 15:00:00,2025-12-26 15:00:00,1766750400,407.0
2025-12-25 16:00:00,2025-12-26 16:00:00,1766754000,288.0
2025-12-25 17:00:00,2025-12-26 17:00:00,1766757600,153.0
2025-12-25 18:00:00,2025-12-26 18:00:00,1766761200,23.0
2025-12-25 19:00:00,2025-12-26 19:00:00,1766764800,0.0
2025-12-25 20:00:00,2025-12-26 20:00:00,1766768400,0.0
2025-12-25 21:00:00,2025-12-26 21:00:00,1766772000,0.0
2025-12-25 22:00:00,2025-12-26 22:00:00,1766775600,0.0
2025-12-25 23:00:00,2025-12-26 23:00:00,1766779200,0.0
2025-12-26 00:00:00,2025-12-27 00:00:00,1766782800,0.0
2025-12-26 01:00:00,2025-12-27 01:00:00,1766786400,0.0
2025-12-26 02:00:00,2025-12-27 02:00:00,1766790000,0.0
2025-12-26 03:00:00,2025-12-27 03:00:00,1766793600,0.0
2025-12-26 04:00:00,2025-12-27 04:00:00,1766797200,0.0
2025-12-26 05:00:00,2025-12-27 05:00:00,1766800800,0.0
2025-12-26 06:00:00,2025-12-27 06:00:00,1766804400,0.0
2025-12-26 07:00:00,2025-12-27 07:00:00,1766808000,0.0
2025-12-26 08:00:00,2025-12-27 08:00:00,1766811600,0.0
2025-12-26 09:00:00,2025-12-27 09:00:00,1766815200,51.0
2025-12-26 10:00:00,2025-12-27 10:00:00,1766818800,190.0
2025-12-26 11:00:00,2025-12-27 11:00:00,1766822400,300.0
2025-12-26 12:00:00,2025-12-27 12:00:00,1766826000,426.0
2025-12-26 13:00:00,2025-12-27 13:00:00,1766829600,414.0
2025-12-26 14:00:00,2025-12-27 14:00:00,1766833200,430.0
2025-12-26 15:00:00,2025-12-27 15:00:00,1766836800,417.0
2025-12-26 16:00:00,2025-12-27 16:00:00,1766840400,300.0
2025-12-26 17:00:00,2025-12-27 17:00:00,1766844000,150.0
2025-12-26 18:00:00,2025-12-27 18:00:00,1766847600,23.0
2025-12-26 19:00:00,2025-12-27 19:00:00,1766851200,0.0
2025-12-26 20:00:00,2025-12-27 20:00:00,1766854800,0.0
2025-12-26 21:00:00,2025-12-27 21:00:00,1766858400,0.0
2025-12-26 22:00:00,2025-12-27 22:00:00,1766862000,0.0
2025-12-26 23:00:00,2025-12-27 23:00:00,1766865600,0.0
2025-12-27 00:00:00,2025-12-28 00:00:00,1766869200,0.0
2025-12-27 01:00:00,2025-12-28 01:00:00,1766872800,0.0
2025-12-27 02:00:00,2025-12-28 02:00:00,1766876400,0.0
2025-12-27 03:00:00,2025-12-28 03:00:00,1766880000,0.0
2025-12-27 04:00:00,2025-12-28 04:00:00,1766883600,0.0
2025-12-27 05:00:00,2025-12-28 05:00:00,1766887200,0.0
2025-12-27 06:00:00,2025-12-28 06:00:00,1766890800,0.0
2025-12-27 07:00:00,2025-12-28 07:00:00,1766894400,0.0
2025-12-27 08:00:00,2025-12-28 08:00:00,1766898000,0.0
2025-12-27 09:00:00,2025-12-28 09:00:00,1766901600,57.0
2025-12-27 10:00:00,2025-12-28 10:00:00,1766905200,213.0
2025-12-27 11:00:00,2025-12-28 11:00:00,1766908800,343.0
2025-12-27 12:00:00,2025-12-28 12:00:00,1766912400,454.0
2025-12-27 13:00:00,2025-12-28 13:00:00,1766916000,518.0
2025-12-27 14:00:00,2025-12-28 14:00:00,1766919600,511.0
2025-12-27 15:00:00,2025-12-28 15:00:00,1766923200,450.0
2025-12-27 16:00:00,2025-12-28 16:00:00,1766926800,326.0
2025-12-27 17:00:00,2025-12-28 17:00:00,1766930400,168.0
2025-12-27 18:00:00,2025-12-28 18:00:00,1766934000,25.0
2025-12-27 19:00:00,2025-12-28 19:00:00,1766937600,0.0
2025-12-27 20:00:00,2025-12-28 20:00:00,1766941200,0.0
2025-12-27 21:00:00,2025-12-28 21:00:00,1766944800,0.0
2025-12-27 22:00:00,2025-12-28 22:00:00,1766948400,0.0
2025-12-27 23:00:00,2025-12-28 23:00:00,1766952000,0.0
2025-12-28 00:00:00,2025-12-29 00:00:00,1766955600,0.0
2025-12-28 01:00:00,2025-12-29 01:00:00,1766959200,0.0
2025-12-28 02:00:00,2025-12-29 02:00:00,1766962800,0.0
2025-12-28 03:00:00,2025-12-29 03:00:00,1766966400,0.0
2025-12-28 04:00:00,2025-12-29 04:00:00,1766970000,0.0
2025-12-28 05:00:00,2025-12-29 05:00:00,1766973600,0.0
2025-12-28 06:00:00,2025-12-29 06:00:00,1766977200,0.0
2025-12-28 07:00:00,2025-12-29 07:00:00,1766980800,0.0
2025-12-28 08:00:00,2025-12-29 08:00:00,1766984400,0.0
2025-12-28 09:00:00,2025-12-29 09:00:00,1766988000,50.0
2025-12-28 10:00:00,2025-12-29 10:00:00,1766991600,209.0
2025-12-28 11:00:00,2025-12-29 11:00:00,1766995200,355.0
2025-12-28 12:00:00,2025-12-29 12:00:00,1766998800,475.0
2025-12-28 13:00:00,2025-12-29 13:00:00,1767002400,529.0
2025-12-28 14:00:00,2025-12-29 14:00:00,1767006000,523.0
2025-12-28 15:00:00,2025-12-29 15:00:00,1767009600,453.0
2025-12-28 16:00:00,2025-12-29 16:00:00,1767013200,322.0
2025-12-28 17:00:00,2025-12-29 17:00:00,1767016800,159.0
2025-12-28 18:00:00,2025-12-29 18:00:00,1767020400,27.0
2025-12-28 19:00:00,2025-12-29 19:00:00,1767024000,0.0
2025-12-28 20:00:00,2025-12-29 20:00:00,1767027600,0.0
2025-12-28 21:00:00,2025-12-29 21:00:00,1767031200,0.0
2025-12-28 22:00:00,2025-12-29 22:00:00,1767034800,0.0
2025-12-28 23:00:00,2025-12-29 23:00:00,1767038400,0.0
2025-12-29 00:00:00,2025-12-30 00:00:00,1767042000,0.0
2025-12-29 01:00:00,2025-12-30 01:00:00,1767045600,0.0
2025-12-29 02:00:00,2025-12-30 02:00:00,1767049200,0.0
2025-12-29 03:00:00,2025-12-30 03:00:00,1767052800,0.0
2025-12-29 04:00:00,2025-12-30 04:00:00,1767056400,0.0
2025-12-29 05:00:00,2025-12-30 05:00:00,1767060000,0.0
2025-12-29 06:00:00,2025-12-30 06:00:00,1767063600,0.0
2025-12-29 07:00:00,2025-12-30 07:00:00,1767067200,0.0
2025-12-29 08:00:00,2025-12-30 08:00:00,1767070800,0.0
2025-12-29 09:00:00,2025-12-30 09:00:00,1767074400,45.0
2025-12-29 10:00:00,2025-12-30 10:00:00,1767078000,203.0
2025-12-29 11:00:00,2025-12-30 11:00:00,1767081600,356.0
2025-12-29 12:00:00,2025-12-30 12:00:00,1767085200,422.0
2025-12-29 13:00:00,2025-12-30 13:00:00,1767088800,334.0
2025-12-29 14:00:00,2025-12-30 14:00:00,1767092400,334.0
2025-12-29 15:00:00,2025-12-30 15:00:00,1767096000,353.0
2025-12-29 16:00:00,2025-12-30 16:00:00,1767099600,276.0
2025-12-29 17:00:00,2025-12-30 17:00:00,1767103200,108.0
2025-12-29 18:00:00,2025-12-30 18:00:00,1767106800,21.0
2025-12-29 19:00:00,2025-12-30 19:00:00,1767110400,0.0
2025-12-29 20:00:00,2025-12-30 20:00:00,1767114000,0.0
2025-12-29 21:00:00,2025-12-30 21:00:00,1767117600,0.0
2025-12-29 22:00:00,2025-12-30 22:00:00,1767121200,0.0
2025-12-29 23:00:00,2025-12-30 23:00:00,1767124800,0.0
2025-12-30 00:00:00,2025-12-31 00:00:00,1767128400,0.0
2025-12-30 01:00:00,2025-12-31 01:00:00,1767132000,0.0
2025-12-30 02:00:00,2025-12-31 02:00:00,1767135600,0.0
2025-12-30 03:00:00,2025-12-31 03:00:00,1767139200,0.0
2025-12-30 04:00:00,2025-12-31 04:00:00,1767142800,0.0
2025-12-30 05:00:00,2025-12-31 05:00:00,1767146400,0.0
2025-12-30 06:00:00,2025-12-31 06:00:00,1767150000,0.0
2025-12-30 07:00:00,2025-12-31 07:00:00,1767153600,0.0
2025-12-30 08:00:00,2025-12-31 08:00:00,1767157200,0.0
2025-12-30 09:00:00,2025-12-31 09:00:00,1767160800,34.0
2025-12-30 10:00:00,2025-12-31 10:00:00,1767164400,114.0
2025-12-30 11:00:00,2025-12-31 11:00:00,1767168000,202.0
2025-12-30 12:00:00,2025-12-31 12:00:00,1767171600,344.0
2025-12-30 13:00:00,2025-12-31 13:00:00,1767175200,208.0
2025-12-30 14:00:00,2025-12-31 14:00:00,1767178800,310.0
2025-12-30 15:00:00,2025-12-31 15:00:00,1767182400,245.0
2025-12-30 16:00:00,2025-12-31 16:00:00,1767186000,93.0
2025-12-30 17:00:00,2025-12-31 17:00:00,1767189600,46.0
2025-12-30 18:00:00,2025-12-31 18:00:00,1767193200,19.0
2025-12-30 19:00:00,2025-12-31 19:00:00,1767196800,0.0
2025-12-30 20:00:00,2025-12-31 20:00:00,1767200400,0.0
2025-12-30 21:00:00,2025-12-31 21:00:00,1767204000,0.0
2025-12-30 22:00:00,2025-12-31 22:00:00,1767207600,0.0
2025-12-30 23:00:00,2025-12-31 23:00:00,1767211200,0.0
2025-12-31 00:00:00,2026-01-01 00:00:00,1767214800,0.0
2025-12-31 01:00:00,2026-01-01 01:00:00,1767218400,0.0
2025-12-31 02:00:00,2026-01-01 02:00:00,1767222000,0.0
2025-12-31 03:00:00,2026-01-01 03:00:00,1767225600,0.0
2025-12-31 04:00:00,2026-01-01 04:00:00,1767229200,0.0
2025-12-31 05:00:00,2026-01-01 05:00:00,1767232800,0.0
2025-12-31 06:00:00,2026-01-01 06:00:00,1767236400,0.0
2025-12-31 07:00:00,2026-01-01 07:00:00,1767240000,0.0
2025-12-31 08:00:00,2026-01-01 08:00:00,1767243600,0.0
2025-12-31 09:00:00,2026-01-01 09:00:00,1767247200,45.0
2025-12-31 10:00:00,2026-01-01 10:00:00,1767250800,176.0
2025-12-31 11:00:00,2026-01-01 11:00:00,1767254400,303.0
2025-12-31 12:00:00,2026-01-01 12:00:00,1767258000,410.0
2025-12-31 13:00:00,2026-01-01 13:00:00,1767261600,431.0
2025-12-31 14:00:00,2026-01-01 14:00:00,1767265200,394.0
2025-12-31 15:00:00,2026-01-01 15:00:00,1767268800,408.0
2025-12-31 16:00:00,2026-01-01 16:00:00,1767272400,279.0
2025-12-31 17:00:00,2026-01-01 17:00:00,1767276000,173.0
2025-12-31 18:00:00,2026-01-01 18:00:00,1767279600,29.0
2025-12-31 19:00:00,2026-01-01 19:00:00,1767283200,0.0
2025-12-31 20:00:00,2026-01-01 20:00:00,1767286800,0.0
2025-12-31 21:00:00,2026-01-01 21:00:00,1767290400,0.0
2025-12-31 22:00:00,2026-01-01 22:00:00,1767294000,0.0
2025-12-31 23:00:00,2026-01-01 23:00:00,1767297600,0.0
2026-01-01 00:00:00,2026-01-02 00:00:00,1767301200,0.0
2026-01-01 01:00:00,2026-01-02 01:00:00,1767304800,0.0
2026-01-01 02:00:00,2026-01-02 02:00:00,1767308400,0.0
2026-01-01 03:00:00,2026-01-02 03:00:00,1767312000,0.0
2026-01-01 04:00:00,2026-01-02 04:00:00,1767315600,0.0
2026-01-01 05:00:00,2026-01-02 05:00:00,1767319200,0.0
2026-01-01 06:00:00,2026-01-02 06:00:00,1767322800,0.0
2026-01-01 07:00:00,2026-01-02 07:00:00,1767326400,0.0
2026-01-01 08:00:00,2026-01-02 08:00:00,1767330000,0.0
2026-01-01 09:00:00,2026-01-02 09:00:00,1767333600,47.0
2026-01-01 10:00:00,2026-01-02 10:00:00,1767337200,180.0
2026-01-01 11:00:00,2026-01-02 11:00:00,1767340800,301.0
2026-01-01 12:00:00,2026-01-02 12:00:00,1767344400,378.0
2026-01-01 13:00:00,2026-01-02 13:00:00,1767348000,453.0
2026-01-01 14:00:00,2026-01-02 14:00:00,1767351600,426.0
2026-01-01 15:00:00,2026-01-02 15:00:00,1767355200,376.0
2026-01-01 16:00:00,2026-01-02 16:00:00,1767358800,314.0
2026-01-01 17:00:00,2026-01-02 17:00:00,1767362400,175.0
2026-01-01 18:00:00,2026-01-02 18:00:00,1767366000,32.0
2026-01-01 19:00:00,2026-01-02 19:00:00,1767369600,0.0
2026-01-01 20:00:00,2026-01-02 20:00:00,1767373200,0.0
2026-01-01 21:00:00,2026-01-02 21:00:00,1767376800,0.0
2026-01-01 22:00:00,2026-01-02 22:00:00,1767380400,0.0
2026-01-01 23:00:00,2026-01-02 23:00:00,1767384000,0.0
2026-01-02 00:00:00,2026-01-03 00:00:00,1767387600,0.0
2026-01-02 01:00:00,2026-01-03 01:00:00,1767391200,0.0
2026-01-02 02:00:00,2026-01-03 02:00:00,1767394800,0.0
2026-01-02 03:00:00,2026-01-03 03:00:00,1767398400,0.0
2026-01-02 04:00:00,2026-01-03 04:00:00,1767402000,0.0
2026-01-02 05:00:00,2026-01-03 05:00:00,1767405600,0.0
2026-01-02 06:00:00,2026-01-03 06:00:00,1767409200,0.0
2026-01-02 07:00:00,2026-01-03 07:00:00,1767412800,0.0
2026-01-02 08:00:00,2026-01-03 08:00:00,1767416400,0.0
2026-01-02 09:00:00,2026-01-03 09:00:00,1767420000,48.0
2026-01-02 10:00:00,2026-01-03 10:00:00,1767423600,159.0
2026-01-02 11:00:00,2026-01-03 11:00:00,1767427200,287.0
2026-01-02 12:00:00,2026-01-03 12:00:00,1767430800,347.0
2026-01-02 13:00:00,2026-01-03 13:00:00,1767434400,470.0
2026-01-02 14:00:00,2026-01-03 14:00:00,1767438000,492.0
2026-01-02 15:00:00,2026-01-03 15:00:00,1767441600,421.0
2026-01-02 16:00:00,2026-01-03 16:00:00,1767445200,316.0
2026-01-02 17:00:00,2026-01-03 17:00:00,1767448800,161.0
2026-01-02 18:00:00,2026-01-03 18:00:00,1767452400,31.0
2026-01-02 19:00:00,2026-01-03 19:00:00,1767456000,0.0
2026-01-02 20:00:00,2026-01-03 20:00:00,1767459600,0.0
2026-01-02 21:00:00,2026-01-03 21:00:00,1767463200,0.0
2026-01-02 22:00:00,2026-01-03 22:00:00,1767466800,0.0
2026-01-02 23:00:00,2026-01-03 23:00:00,1767470400,0.0
2026-01-03 00:00:00,2026-01-04 00:00:00,1767474000,0.0
2026-01-03 01:00:00,2026-01-04 01:00:00,1767477600,0.0
2026-01-03 02:00:00,2026-01-04 02:00:00,1767481200,0.0
2026-01-03 03:00:00,2026-01-04 03:00:00,1767484800,0.0
2026-01-03 04:00:00,2026-01-04 04:00:00,1767488400,0.0
2026-01-03 05:00:00,2026-01-04 05:00:00,1767492000,0.0
2026-01-03 06:00:00,2026-01-04 06:00:00,1767495600,0.0
2026-01-03 07:00:00,2026-01-04 07:00:00,1767499200,0.0
2026-01-03 08:00:00,2026-01-04 08:00:00,1767502800,0.0
2026-01-03 09:00:00,2026-01-04 09:00:00,1767506400,51.0
2026-01-03 10:00:00,2026-01-04 10:00:00,1767510000,202.0
2026-01-03 11:00:00,2026-01-04 11:00:00,1767513600,359.0
2026-01-03 12:00:00,2026-01-04 12:00:00,1767517200,474.0
2026-01-03 13:00:00,2026-01-04 13:00:00,1767520800,533.0
2026-01-03 14:00:00,2026-01-04 14:00:00,1767524400,527.0
2026-01-03 15:00:00,2026-01-04 15:00:00,1767528000,387.0
2026-01-03 16:00:00,2026-01-04 16:00:00,1767531600,290.0
2026-01-03 17:00:00,2026-01-04 17:00:00,1767535200,138.0
2026-01-03 18:00:00,2026-01-04 18:00:00,1767538800,30.0
2026-01-03 19:00:00,2026-01-04 19:00:00,1767542400,0.0
2026-01-03 20:00:00,2026-01-04 20:00:00,1767546000,0.0
2026-01-03 21:00:00,2026-01-04 21:00:00,1767549600,0.0
2026-01-03 22:00:00,2026-01-04 22:00:00,1767553200,0.0
2026-01-03 23:00:00,2026-01-04 23:00:00,1767556800,0.0
2026-01-04 00:00:00,2026-01-05 00:00:00,1767560400,0.0
2026-01-04 01:00:00,2026-01-05 01:00:00,1767564000,0.0
2026-01-04 02:00:00,2026-01-05 02:00:00,1767567600,0.0
2026-01-04 03:00:00,2026-01-05 03:00:00,1767571200,0.0
2026-01-04 04:00:00,2026-01-05 04:00:00,1767574800,0.0
2026-01-04 05:00:00,2026-01-05 05:00:00,1767578400,0.0
2026-01-04 06:00:00,2026-01-05 06:00:00,1767582000,0.0
2026-01-04 07:00:00,2026-01-05 07:00:00,1767585600,0.0
2026-01-04 08:00:00,2026-01-05 08:00:00,1767589200,0.0
2026-01-04 09:00:00,2026-01-05 09:00:00,1767592800,53.0
2026-01-04 10:00:00,2026-01-05 10:00:00,1767596400,211.0
2026-01-04 11:00:00,2026-01-05 11:00:00,1767600000,365.0
2026-01-04 12:00:00,2026-01-05 12:00:00,1767603600,477.0
2026-01-04 13:00:00,2026-01-05 13:00:00,1767607200,534.0
2026-01-04 14:00:00,2026-01-05 14:00:00,1767610800,530.0
2026-01-04 15:00:00,2026-01-05 15:00:00,1767614400,464.0
2026-01-04 16:00:00,2026-01-05 16:00:00,1767618000,341.0
2026-01-04 17:00:00,2026-01-05 17:00:00,1767621600,154.0
2026-01-04 18:00:00,2026-01-05 18:00:00,1767625200,32.0
2026-01-04 19:00:00,2026-01-05 19:00:00,1767628800,0.0
2026-01-04 20:00:00,2026-01-05 20:00:00,1767632400,0.0
2026-01-04 21:00:00,2026-01-05 21:00:00,1767636000,0.0
2026-01-04 22:00:00,2026-01-05 22:00:00,1767639600,0.0
2026-01-04 23:00:00,2026-01-05 23:00:00,1767643200,0.0
2026-01-05 00:00:00,2026-01-06 00:00:00,1767646800,0.0
2026-01-05 01:00:00,2026-01-06 01:00:00,1767650400,0.0
2026-01-05 02:00:00,2026-01-06 02:00:00,1767654000,0.0
2026-01-05 03:00:00,2026-01-06 03:00:00,1767657600,0.0
2026-01-05 04:00:00,2026-01-06 04:00:00,1767661200,0.0
2026-01-05 05:00:00,2026-01-06 05:00:00,1767664800,0.0
2026-01-05 06:00:00,2026-01-06 06:00:00,1767668400,0.0
2026-01-05 07:00:00,2026-01-06 07:00:00,1767672000,0.0
2026-01-05 08:00:00,2026-01-06 08:00:00,1767675600,0.0
2026-01-05 09:00:00,2026-01-06 09:00:00,1767679200,51.0
2026-01-05 10:00:00,2026-01-06 10:00:00,1767682800,200.0
2026-01-05 11:00:00,2026-01-06 11:00:00,1767686400,339.0
2026-01-05 12:00:00,2026-01-06 12:00:00,1767690000,461.0
2026-01-05 13:00:00,2026-01-06 13:00:00,1767693600,519.0
2026-01-05 14:00:00,2026-01-06 14:00:00,1767697200,517.0
2026-01-05 15:00:00,2026-01-06 15:00:00,1767700800,455.0
2026-01-05 16:00:00,2026-01-06 16:00:00,1767704400,323.0
2026-01-05 17:00:00,2026-01-06 17:00:00,1767708000,172.0
2026-01-05 18:00:00,2026-01-06 18:00:00,1767711600,32.0
2026-01-05 19:00:00,2026-01-06 19:00:00,1767715200,0.0
2026-01-05 20:00:00,2026-01-06 20:00:00,1767718800,0.0
2026-01-05 21:00:00,2026-01-06 21:00:00,1767722400,0.0
2026-01-05 22:00:00,2026-01-06 22:00:00,1767726000,0.0
2026-01-05 23:00:00,2026-01-06 23:00:00,1767729600,0.0
2026-01-06 00:00:00,2026-01-07 00:00:00,1767733200,0.0
2026-01-06 01:00:00,2026-01-07 01:00:00,1767736800,0.0
2026-01-06 02:00:00,2026-01-07 02:00:00,1767740400,0.0
2026-01-06 03:00:00,2026-01-07 03:00:00,1767744000,0.0
2026-01-06 04:00:00,2026-01-07 04:00:00,1767747600,0.0
2026-01-06 05:00:00,2026-01-07 05:00:00,1767751200,0.0
2026-01-06 06:00:00,2026-01-07 06:00:00,1767754800,0.0
2026-01-06 07:00:00,2026-01-07 07:00:00,1767758400,0.0
2026-01-06 08:00:00,2026-01-07 08:00:00,1767762000,0.0
2026-01-06 09:00:00,2026-01-07 09:00:00,1767765600,48.0
2026-01-06 10:00:00,2026-01-07 10:00:00,1767769200,116.0
2026-01-06 11:00:00,2026-01-07 11:00:00,1767772800,123.0
2026-01-06 12:00:00,2026-01-07 12:00:00,1767776400,241.0
2026-01-06 13:00:00,2026-01-07 13:00:00,1767780000,479.0
2026-01-06 14:00:00,2026-01-07 14:00:00,1767783600,262.0
2026-01-06 15:00:00,2026-01-07 15:00:00,1767787200,327.0
2026-01-06 16:00:00,2026-01-07 16:00:00,1767790800,334.0
2026-01-06 17:00:00,2026-01-07 17:00:00,1767794400,182.0
2026-01-06 18:00:00,2026-01-07 18:00:00,1767798000,36.0
2026-01-06 19:00:00,2026-01-07 19:00:00,1767801600,0.0
2026-01-06 20:00:00,2026-01-07 20:00:00,1767805200,0.0
2026-01-06 21:00:00,2026-01-07 21:00:00,1767808800,0.0
2026-01-06 22:00:00,2026-01-07 22:00:00,1767812400,0.0
2026-01-06 23:00:00,2026-01-07 23:00:00,1767816000,0.0
2026-01-07 00:00:00,2026-01-08 00:00:00,1767819600,0.0
2026-01-07 01:00:00,2026-01-08 01:00:00,1767823200,0.0
2026-01-07 02:00:00,2026-01-08 02:00:00,1767826800,0.0
2026-01-07 03:00:00,2026-01-08 03:00:00,1767830400,0.0
2026-01-07 04:00:00,2026-01-08 04:00:00,1767834000,0.0
2026-01-07 05:00:00,2026-01-08 05:00:00,1767837600,0.0
2026-01-07 06:00:00,2026-01-08 06:00:00,1767841200,0.0
2026-01-07 07:00:00,2026-01-08 07:00:00,1767844800,0.0
2026-01-07 08:00:00,2026-01-08 08:00:00,1767848400,0.0
2026-01-07 09:00:00,2026-01-08 09:00:00,1767852000,51.0
2026-01-07 10:00:00,2026-01-08 10:00:00,1767855600,203.0
2026-01-07 11:00:00,2026-01-08 11:00:00,1767859200,256.0
2026-01-07 12:00:00,2026-01-08 12:00:00,1767862800,455.0
2026-01-07 13:00:00,2026-01-08 13:00:00,1767866400,304.0
2026-01-07 14:00:00,2026-01-08 14:00:00,1767870000,153.0
2026-01-07 15:00:00,2026-01-08 15:00:00,1767873600,171.0
2026-01-07 16:00:00,2026-01-08 16:00:00,1767877200,130.0
2026-01-07 17:00:00,2026-01-08 17:00:00,1767880800,76.0
2026-01-07 18:00:00,2026-01-08 18:00:00,1767884400,11.0
2026-01-07 19:00:00,2026-01-08 19:00:00,1767888000,0.0
2026-01-07 20:00:00,2026-01-08 20:00:00,1767891600,0.0
2026-01-07 21:00:00,2026-01-08 21:00:00,1767895200,0.0
2026-01-07 22:00:00,2026-01-08 22:00:00,1767898800,0.0
2026-01-07 23:00:00,2026-01-08 23:00:00,1767902400,0.0
2026-01-08 00:00:00,2026-01-09 00:00:00,1767906000,0.0
2026-01-08 01:00:00,2026-01-09 01:00:00,1767909600,0.0
2026-01-08 02:00:00,2026-01-09 02:00:00,1767913200,0.0
2026-01-08 03:00:00,2026-01-09 03:00:00,1767916800,0.0
2026-01-08 04:00:00,2026-01-09 04:00:00,1767920400,0.0
2026-01-08 05:00:00,2026-01-09 05:00:00,1767924000,0.0
2026-01-08 06:00:00,2026-01-09 06:00:00,1767927600,0.0
2026-01-08 07:00:00,2026-01-09 07:00:00,1767931200,0.0
2026-01-08 08:00:00,2026-01-09 08:00:00,1767934800,0.0
2026-01-08 09:00:00,2026-01-09 09:00:00,1767938400,37.0
2026-01-08 10:00:00,2026-01-09 10:00:00,1767942000,134.0
2026-01-08 11:00:00,2026-01-09 11:00:00,1767945600,192.0
2026-01-08 12:00:00,2026-01-09 12:00:00,1767949200,284.0
2026-01-08 13:00:00,2026-01-09 13:00:00,1767952800,403.0
2026-01-08 14:00:00,2026-01-09 14:00:00,1767956400,493.0
2026-01-08 15:00:00,2026-01-09 15:00:00,1767960000,423.0
2026-01-08 16:00:00,2026-01-09 16:00:00,1767963600,278.0
2026-01-08 17:00:00,2026-01-09 17:00:00,1767967200,142.0
2026-01-08 18:00:00,2026-01-09 18:00:00,1767970800,26.0
2026-01-08 19:00:00,2026-01-09 19:00:00,1767974400,0.0
2026-01-08 20:00:00,2026-01-09 20:00:00,1767978000,0.0
2026-01-08 21:00:00,2026-01-09 21:00:00,1767981600,0.0
2026-01-08 22:00:00,2026-01-09 22:00:00,1767985200,0.0
2026-01-08 23:00:00,2026-01-09 23:00:00,1767988800,0.0
2026-01-09 00:00:00,2026-01-10 00:00:00,1767992400,0.0
2026-01-09 01:00:00,2026-01-10 01:00:00,1767996000,0.0
2026-01-09 02:00:00,2026-01-10 02:00:00,1767999600,0.0
2026-01-09 03:00:00,2026-01-10 03:00:00,1768003200,0.0
2026-01-09 04:00:00,2026-01-10 04:00:00,1768006800,0.0
2026-01-09 05:00:00,2026-01-10 05:00:00,1768010400,0.0
2026-01-09 06:00:00,2026-01-10 06:00:00,1768014000,0.0
2026-01-09 07:00:00,2026-01-10 07:00:00,1768017600,0.0
2026-01-09 08:00:00,2026-01-10 08:00:00,1768021200,0.0
2026-01-09 09:00:00,2026-01-10 09:00:00,1768024800,27.0
2026-01-09 10:00:00,2026-01-10 10:00:00,1768028400,141.0
2026-01-09 11:00:00,2026-01-10 11:00:00,1768032000,268.0
2026-01-09 12:00:00,2026-01-10 12:00:00,1768035600,279.0
2026-01-09 13:00:00,2026-01-10 13:00:00,1768039200,323.0
2026-01-09 14:00:00,2026-01-10 14:00:00,1768042800,234.0
2026-01-09 15:00:00,2026-01-10 15:00:00,1768046400,230.0
2026-01-09 16:00:00,2026-01-10 16:00:00,1768050000,255.0
2026-01-09 17:00:00,2026-01-10 17:00:00,1768053600,169.0
2026-01-09 18:00:00,2026-01-10 18:00:00,1768057200,37.0
2026-01-09 19:00:00,2026-01-10 19:00:00,1768060800,0.0
2026-01-09 20:00:00,2026-01-10 20:00:00,1768064400,0.0
2026-01-09 21:00:00,2026-01-10 21:00:00,1768068000,0.0
2026-01-09 22:00:00,2026-01-10 22:00:00,1768071600,0.0
2026-01-09 23:00:00,2026-01-10 23:00:00,1768075200,0.0
2026-01-10 00:00:00,2026-01-11 00:00:00,1768078800,0.0
2026-01-10 01:00:00,2026-01-11 01:00:00,1768082400,0.0
2026-01-10 02:00:00,2026-01-11 02:00:00,1768086000,0.0
2026-01-10 03:00:00,2026-01-11 03:00:00,1768089600,0.0
2026-01-10 04:00:00,2026-01-11 04:00:00,1768093200,0.0
2026-01-10 05:00:00,2026-01-11 05:00:00,1768096800,0.0
2026-01-10 06:00:00,2026-01-11 06:00:00,1768100400,0.0
2026-01-10 07:00:00,2026-01-11 07:00:00,1768104000,0.0
2026-01-10 08:00:00,2026-01-11 08:00:00,1768107600,0.0
2026-01-10 09:00:00,2026-01-11 09:00:00,1768111200,48.0
2026-01-10 10:00:00,2026-01-11 10:00:00,1768114800,175.0
2026-01-10 11:00:00,2026-01-11 11:00:00,1768118400,305.0
2026-01-10 12:00:00,2026-01-11 12:00:00,1768122000,386.0
2026-01-10 13:00:00,2026-01-11 13:00:00,1768125600,447.0
2026-01-10 14:00:00,2026-01-11 14:00:00,1768129200,484.0
2026-01-10 15:00:00,2026-01-11 15:00:00,1768132800,343.0
2026-01-10 16:00:00,2026-01-11 16:00:00,1768136400,303.0
2026-01-10 17:00:00,2026-01-11 17:00:00,1768140000,156.0
2026-01-10 18:00:00,2026-01-11 18:00:00,1768143600,34.0
2026-01-10 19:00:00,2026-01-11 19:00:00,1768147200,0.0
2026-01-10 20:00:00,2026-01-11 20:00:00,1768150800,0.0
2026-01-10 21:00:00,2026-01-11 21:00:00,1768154400,0.0
2026-01-10 22:00:00,2026-01-11 22:00:00,1768158000,0.0
2026-01-10 23:00:00,2026-01-11 23:00:00,1768161600,0.0
2026-01-11 00:00:00,2026-01-12 00:00:00,1768165200,0.0
2026-01-11 01:00:00,2026-01-12 01:00:00,1768168800,0.0
2026-01-11 02:00:00,2026-01-12 02:00:00,1768172400,0.0
2026-01-11 03:00:00,2026-01-12 03:00:00,1768176000,0.0
2026-01-11 04:00:00,2026-01-12 04:00:00,1768179600,0.0
2026-01-11 05:00:00,2026-01-12 05:00:00,1768183200,0.0
2026-01-11 06:00:00,2026-01-12 06:00:00,1768186800,0.0
2026-01-11 07:00:00,2026-01-12 07:00:00,1768190400,0.0
2026-01-11 08:00:00,2026-01-12 08:00:00,1768194000,0.0
2026-01-11 09:00:00,2026-01-12 09:00:00,1768197600,16.0
2026-01-11 10:00:00,2026-01-12 10:00:00,1768201200,113.0
2026-01-11 11:00:00,2026-01-12 11:00:00,1768204800,209.0
2026-01-11 12:00:00,2026-01-12 12:00:00,1768208400,359.0
2026-01-11 13:00:00,2026-01-12 13:00:00,1768212000,343.0
2026-01-11 14:00:00,2026-01-12 14:00:00,1768215600,260.0
2026-01-11 15:00:00,2026-01-12 15:00:00,1768219200,229.0
2026-01-11 16:00:00,2026-01-12 16:00:00,1768222800,97.0
2026-01-11 17:00:00,2026-01-12 17:00:00,1768226400,90.0
2026-01-11 18:00:00,2026-01-12 18:00:00,1768230000,32.0
2026-01-11 19:00:00,2026-01-12 19:00:00,1768233600,0.0
2026-01-11 20:00:00,2026-01-12 20:00:00,1768237200,0.0
2026-01-11 21:00:00,2026-01-12 21:00:00,1768240800,0.0
2026-01-11 22:00:00,2026-01-12 22:00:00,1768244400,0.0
2026-01-11 23:00:00,2026-01-12 23:00:00,1768248000,0.0
2026-01-12 00:00:00,2026-01-13 00:00:00,1768251600,0.0
2026-01-12 01:00:00,2026-01-13 01:00:00,1768255200,0.0
2026-01-12 02:00:00,2026-01-13 02:00:00,1768258800,0.0
2026-01-12 03:00:00,2026-01-13 03:00:00,1768262400,0.0
2026-01-12 04:00:00,2026-01-13 04:00:00,1768266000,0.0
2026-01-12 05:00:00,2026-01-13 05:00:00,1768269600,0.0
2026-01-12 06:00:00,2026-01-13 06:00:00,1768273200,0.0
2026-01-12 07:00:00,2026-01-13 07:00:00,1768276800,0.0
2026-01-12 08:00:00,2026-01-13 08:00:00,1768280400,0.0
2026-01-12 09:00:00,2026-01-13 09:00:00,1768284000,34.0
2026-01-12 10:00:00,2026-01-13 10:00:00,1768287600,184.0
2026-01-12 11:00:00,2026-01-13 11:00:00,1768291200,293.0
2026-01-12 12:00:00,2026-01-13 12:00:00,1768294800,407.0
2026-01-12 13:00:00,2026-01-13 13:00:00,1768298400,376.0
2026-01-12 14:00:00,2026-01-13 14:00:00,1768302000,373.0
2026-01-12 15:00:00,2026-01-13 15:00:00,1768305600,234.0
2026-01-12 16:00:00,2026-01-13 16:00:00,1768309200,298.0
2026-01-12 17:00:00,2026-01-13 17:00:00,1768312800,190.0
2026-01-12 18:00:00,2026-01-13 18:00:00,1768316400,48.0
2026-01-12 19:00:00,2026-01-13 19:00:00,1768320000,0.0
2026-01-12 20:00:00,2026-01-13 20:00:00,1768323600,0.0
2026-01-12 21:00:00,2026-01-13 21:00:00,1768327200,0.0
2026-01-12 22:00:00,2026-01-13 22:00:00,1768330800,0.0
2026-01-12 23:00:00,2026-01-13 23:00:00,1768334400,0.0
2026-01-13 00:00:00,2026-01-14 00:00:00,1768338000,0.0
2026-01-13 01:00:00,2026-01-14 01:00:00,1768341600,0.0
2026-01-13 02:00:00,2026-01-14 02:00:00,1768345200,0.0
2026-01-13 03:00:00,2026-01-14 03:00:00,1768348800,0.0
2026-01-13 04:00:00,2026-01-14 04:00:00,1768352400,0.0
2026-01-13 05:00:00,2026-01-14 05:00:00,1768356000,0.0
2026-01-13 06:00:00,2026-01-14 06:00:00,1768359600,0.0
2026-01-13 07:00:00,2026-01-14 07:00:00,1768363200,0.0
2026-01-13 08:00:00,2026-01-14 08:00:00,1768366800,0.0
2026-01-13 09:00:00,2026-01-14 09:00:00,1768370400,55.0
2026-01-13 10:00:00,2026-01-14 10:00:00,1768374000,215.0
2026-01-13 11:00:00,2026-01-14 11:00:00,1768377600,374.0
2026-01-13 12:00:00,2026-01-14 12:00:00,1768381200,494.0
2026-01-13 13:00:00,2026-01-14 13:00:00,1768384800,554.0
2026-01-13 14:00:00,2026-01-14 14:00:00,1768388400,553.0
2026-01-13 15:00:00,2026-01-14 15:00:00,1768392000,489.0
2026-01-13 16:00:00,2026-01-14 16:00:00,1768395600,370.0
2026-01-13 17:00:00,2026-01-14 17:00:00,1768399200,210.0
2026-01-13 18:00:00,2026-01-14 18:00:00,1768402800,52.0
2026-01-13 19:00:00,2026-01-14 19:00:00,1768406400,0.0
2026-01-13 20:00:00,2026-01-14 20:00:00,1768410000,0.0
2026-01-13 21:00:00,2026-01-14 21:00:00,1768413600,0.0
2026-01-13 22:00:00,2026-01-14 22:00:00,1768417200,0.0
2026-01-13 23:00:00,2026-01-14 23:00:00,1768420800,0.0
2026-01-14 00:00:00,2026-01-15 00:00:00,1768424400,0.0
2026-01-14 01:00:00,2026-01-15 01:00:00,1768428000,0.0
2026-01-14 02:00:00,2026-01-15 02:00:00,1768431600,0.0
2026-01-14 03:00:00,2026-01-15 03:00:00,1768435200,0.0
2026-01-14 04:00:00,2026-01-15 04:00:00,1768438800,0.0
2026-01-14 05:00:00,2026-01-15 05:00:00,1768442400,0.0
2026-01-14 06:00:00,2026-01-15 06:00:00,1768446000,0.0
2026-01-14 07:00:00,2026-01-15 07:00:00,1768449600,0.0
2026-01-14 08:00:00,2026-01-15 08:00:00,1768453200,0.0
2026-01-14 09:00:00,2026-01-15 09:00:00,1768456800,45.0
2026-01-14 10:00:00,2026-01-15 10:00:00,1768460400,194.0
2026-01-14 11:00:00,2026-01-15 11:00:00,1768464000,368.0
2026-01-14 12:00:00,2026-01-15 12:00:00,1768467600,487.0
2026-01-14 13:00:00,2026-01-15 13:00:00,1768471200,541.0
2026-01-14 14:00:00,2026-01-15 14:00:00,1768474800,526.0
2026-01-14 15:00:00,2026-01-15 15:00:00,1768478400,459.0
2026-01-14 16:00:00,2026-01-15 16:00:00,1768482000,312.0
2026-01-14 17:00:00,2026-01-15 17:00:00,1768485600,193.0
2026-01-14 18:00:00,2026-01-15 18:00:00,1768489200,51.0
2026-01-14 19:00:00,2026-01-15 19:00:00,1768492800,0.0
2026-01-14 20:00:00,2026-01-15 20:00:00,1768496400,0.0
2026-01-14 21:00:00,2026-01-15 21:00:00,1768500000,0.0
2026-01-14 22:00:00,2026-01-15 22:00:00,1768503600,0.0
2026-01-14 23:00:00,2026-01-15 23:00:00,1768507200,0.0
2026-01-15 00:00:00,2026-01-16 00:00:00,1768510800,0.0
2026-01-15 01:00:00,2026-01-16 01:00:00,1768514400,0.0
2026-01-15 02:00:00,2026-01-16 02:00:00,1768518000,0.0
2026-01-15 03:00:00,2026-01-16 03:00:00,1768521600,0.0
2026-01-15 04:00:00,2026-01-16 04:00:00,1768525200,0.0
2026-01-15 05:00:00,2026-01-16 05:00:00,1768528800,0.0
2026-01-15 06:00:00,2026-01-16 06:00:00,1768532400,0.0
2026-01-15 07:00:00,2026-01-16 07:00:00,1768536000,0.0
2026-01-15 08:00:00,2026-01-16 08:00:00,1768539600,0.0
2026-01-15 09:00:00,2026-01-16 09:00:00,1768543200,52.0
2026-01-15 10:00:00,2026-01-16 10:00:00,1768546800,200.0
2026-01-15 11:00:00,2026-01-16 11:00:00,1768550400,362.0
2026-01-15 12:00:00,2026-01-16 12:00:00,1768554000,465.0
2026-01-15 13:00:00,2026-01-16 13:00:00,1768557600,504.0
2026-01-15 14:00:00,2026-01-16 14:00:00,1768561200,520.0
2026-01-15 15:00:00,2026-01-16 15:00:00,1768564800,443.0
2026-01-15 16:00:00,2026-01-16 16:00:00,1768568400,311.0
2026-01-15 17:00:00,2026-01-16 17:00:00,1768572000,161.0
2026-01-15 18:00:00,2026-01-16 18:00:00,1768575600,46.0
2026-01-15 19:00:00,2026-01-16 19:00:00,1768579200,0.0
2026-01-15 20:00:00,2026-01-16 20:00:00,1768582800,0.0
2026-01-15 21:00:00,2026-01-16 21:00:00,1768586400,0.0
2026-01-15 22:00:00,2026-01-16 22:00:00,1768590000,0.0
2026-01-15 23:00:00,2026-01-16 23:00:00,1768593600,0.0
2026-01-16 00:00:00,2026-01-17 00:00:00,1768597200,0.0
2026-01-16 01:00:00,2026-01-17 01:00:00,1768600800,0.0
2026-01-16 02:00:00,2026-01-17 02:00:00,1768604400,0.0
2026-01-16 03:00:00,2026-01-17 03:00:00,1768608000,0.0
2026-01-16 04:00:00,2026-01-17 04:00:00,1768611600,0.0
2026-01-16 05:00:00,2026-01-17 05:00:00,1768615200,0.0
2026-01-16 06:00:00,2026-01-17 06:00:00,1768618800,0.0
2026-01-16 07:00:00,2026-01-17 07:00:00,1768622400,0.0
2026-01-16 08:00:00,2026-01-17 08:00:00,1768626000,0.0
2026-01-16 09:00:00,2026-01-17 09:00:00,1768629600,47.0
2026-01-16 10:00:00,2026-01-17 10:00:00,1768633200,189.0
2026-01-16 11:00:00,2026-01-17 11:00:00,1768636800,348.0
2026-01-16 12:00:00,2026-01-17 12:00:00,1768640400,425.0
2026-01-16 13:00:00,2026-01-17 13:00:00,1768644000,365.0
2026-01-16 14:00:00,2026-01-17 14:00:00,1768647600,354.0
2026-01-16 15:00:00,2026-01-17 15:00:00,1768651200,337.0
2026-01-16 16:00:00,2026-01-17 16:00:00,1768654800,282.0
2026-01-16 17:00:00,2026-01-17 17:00:00,1768658400,175.0
2026-01-16 18:00:00,2026-01-17 18:00:00,1768662000,45.0
2026-01-16 19:00:00,2026-01-17 19:00:00,1768665600,0.0
2026-01-16 20:00:00,2026-01-17 20:00:00,1768669200,0.0
2026-01-16 21:00:00,2026-01-17 21:00:00,1768672800,0.0
2026-01-16 22:00:00,2026-01-17 22:00:00,1768676400,0.0
2026-01-16 23:00:00,2026-01-17 23:00:00,1768680000,0.0
2026-01-17 00:00:00,2026-01-18 00:00:00,1768683600,0.0
2026-01-17 01:00:00,2026-01-18 01:00:00,1768687200,0.0
2026-01-17 02:00:00,2026-01-18 02:00:00,1768690800,0.0
2026-01-17 03:00:00,2026-01-18 03:00:00,1768694400,0.0
2026-01-17 04:00:00,2026-01-18 04:00:00,1768698000,0.0
2026-01-17 05:00:00,2026-01-18 05:00:00,1768701600,0.0
2026-01-17 06:00:00,2026-01-18 06:00:00,1768705200,0.0
2026-01-17 07:00:00,2026-01-18 07:00:00,1768708800,0.0
2026-01-17 08:00:00,2026-01-18 08:00:00,1768712400,0.0
2026-01-17 09:00:00,2026-01-18 09:00:00,1768716000,25.0
2026-01-17 10:00:00,2026-01-18 10:00:00,1768719600,130.0
2026-01-17 11:00:00,2026-01-18 11:00:00,1768723200,242.0
2026-01-17 12:00:00,2026-01-18 12:00:00,1768726800,436.0
2026-01-17 13:00:00,2026-01-18 13:00:00,1768730400,492.0
2026-01-17 14:00:00,2026-01-18 14:00:00,1768734000,409.0
2026-01-17 15:00:00,2026-01-18 15:00:00,1768737600,245.0
2026-01-17 16:00:00,2026-01-18 16:00:00,1768741200,307.0
2026-01-17 17:00:00,2026-01-18 17:00:00,1768744800,140.0
2026-01-17 18:00:00,2026-01-18 18:00:00,1768748400,53.0
2026-01-17 19:00:00,2026-01-18 19:00:00,1768752000,0.0
2026-01-17 20:00:00,2026-01-18 20:00:00,1768755600,0.0
2026-01-17 21:00:00,2026-01-18 21:00:00,1768759200,0.0
2026-01-17 22:00:00,2026-01-18 22:00:00,1768762800,0.0
2026-01-17 23:00:00,2026-01-18 23:00:00,1768766400,0.0
2026-01-18 00:00:00,2026-01-19 00:00:00,1768770000,0.0
2026-01-18 01:00:00,2026-01-19 01:00:00,1768773600,0.0
2026-01-18 02:00:00,2026-01-19 02:00:00,1768777200,0.0
2026-01-18 03:00:00,2026-01-19 03:00:00,1768780800,0.0
2026-01-18 04:00:00,2026-01-19 04:00:00,1768784400,0.0
2026-01-18 05:00:00,2026-01-19 05:00:00,1768788000,0.0
2026-01-18 06:00:00,2026-01-19 06:00:00,1768791600,0.0
2026-01-18 07:00:00,2026-01-19 07:00:00,1768795200,0.0
2026-01-18 08:00:00,2026-01-19 08:00:00,1768798800,0.0
2026-01-18 09:00:00,2026-01-19 09:00:00,1768802400,61.0
2026-01-18 10:00:00,2026-01-19 10:00:00,1768806000,226.0
2026-01-18 11:00:00,2026-01-19 11:00:00,1768809600,389.0
2026-01-18 12:00:00,2026-01-19 12:00:00,1768813200,507.0
2026-01-18 13:00:00,2026-01-19 13:00:00,1768816800,543.0
2026-01-18 14:00:00,2026-01-19 14:00:00,1768820400,529.0
2026-01-18 15:00:00,2026-01-19 15:00:00,1768824000,448.0
2026-01-18 16:00:00,2026-01-19 16:00:00,1768827600,270.0
2026-01-18 17:00:00,2026-01-19 17:00:00,1768831200,186.0
2026-01-18 18:00:00,2026-01-19 18:00:00,1768834800,48.0
2026-01-18 19:00:00,2026-01-19 19:00:00,1768838400,0.0
2026-01-18 20:00:00,2026-01-19 20:00:00,1768842000,0.0
2026-01-18 21:00:00,2026-01-19 21:00:00,1768845600,0.0
2026-01-18 22:00:00,2026-01-19 22:00:00,1768849200,0.0
2026-01-18 23:00:00,2026-01-19 23:00:00,1768852800,0.0
2026-01-19 00:00:00,2026-01-20 00:00:00,1768856400,0.0
2026-01-19 01:00:00,2026-01-20 01:00:00,1768860000,0.0
2026-01-19 02:00:00,2026-01-20 02:00:00,1768863600,0.0
2026-01-19 03:00:00,2026-01-20 03:00:00,1768867200,0.0
2026-01-19 04:00:00,2026-01-20 04:00:00,1768870800,0.0
2026-01-19 05:00:00,2026-01-20 05:00:00,1768874400,0.0
2026-01-19 06:00:00,2026-01-20 06:00:00,1768878000,0.0
2026-01-19 07:00:00,2026-01-20 07:00:00,1768881600,0.0
2026-01-19 08:00:00,2026-01-20 08:00:00,1768885200,0.0
2026-01-19 09:00:00,2026-01-20 09:00:00,1768888800,58.0
2026-01-19 10:00:00,2026-01-20 10:00:00,1768892400,216.0
2026-01-19 11:00:00,2026-01-20 11:00:00,1768896000,399.0
2026-01-19 12:00:00,2026-01-20 12:00:00,1768899600,521.0
2026-01-19 13:00:00,2026-01-20 13:00:00,1768903200,585.0
2026-01-19 14:00:00,2026-01-20 14:00:00,1768906800,585.0
2026-01-19 15:00:00,2026-01-20 15:00:00,1768910400,521.0
2026-01-19 16:00:00,2026-01-20 16:00:00,1768914000,399.0
2026-01-19 17:00:00,2026-01-20 17:00:00,1768917600,236.0
2026-01-19 18:00:00,2026-01-20 18:00:00,1768921200,67.0
2026-01-19 19:00:00,2026-01-20 19:00:00,1768924800,0.0
2026-01-19 20:00:00,2026-01-20 20:00:00,1768928400,0.0
2026-01-19 21:00:00,2026-01-20 21:00:00,1768932000,0.0
2026-01-19 22:00:00,2026-01-20 22:00:00,1768935600,0.0
2026-01-19 23:00:00,2026-01-20 23:00:00,1768939200,0.0
2026-01-20 00:00:00,2026-01-21 00:00:00,1768942800,0.0
2026-01-20 01:00:00,2026-01-21 01:00:00,1768946400,0.0
2026-01-20 02:00:00,2026-01-21 02:00:00,1768950000,0.0
2026-01-20 03:00:00,2026-01-21 03:00:00,1768953600,0.0
2026-01-20 04:00:00,2026-01-21 04:00:00,1768957200,0.0
2026-01-20 05:00:00,2026-01-21 05:00:00,1768960800,0.0
2026-01-20 06:00:00,2026-01-21 06:00:00,1768964400,0.0
2026-01-20 07:00:00,2026-01-21 07:00:00,1768968000,0.0
2026-01-20 08:00:00,2026-01-21 08:00:00,1768971600,0.0
2026-01-20 09:00:00,2026-01-21 09:00:00,1768975200,42.0
2026-01-20 10:00:00,2026-01-21 10:00:00,1768978800,166.0
2026-01-20 11:00:00,2026-01-21 11:00:00,1768982400,298.0
2026-01-20 12:00:00,2026-01-21 12:00:00,1768986000,431.0
2026-01-20 13:00:00,2026-01-21 13:00:00,1768989600,458.0
2026-01-20 14:00:00,2026-01-21 14:00:00,1768993200,484.0
2026-01-20 15:00:00,2026-01-21 15:00:00,1768996800,400.0
2026-01-20 16:00:00,2026-01-21 16:00:00,1769000400,265.0
2026-01-20 17:00:00,2026-01-21 17:00:00,1769004000,118.0
2026-01-20 18:00:00,2026-01-21 18:00:00,1769007600,37.0
2026-01-20 19:00:00,2026-01-21 19:00:00,1769011200,0.0
2026-01-20 20:00:00,2026-01-21 20:00:00,1769014800,0.0
2026-01-20 21:00:00,2026-01-21 21:00:00,1769018400,0.0
2026-01-20 22:00:00,2026-01-21 22:00:00,1769022000,0.0
2026-01-20 23:00:00,2026-01-21 23:00:00,1769025600,0.0
2026-01-21 00:00:00,2026-01-22 00:00:00,1769029200,0.0
2026-01-21 01:00:00,2026-01-22 01:00:00,1769032800,0.0
2026-01-21 02:00:00,2026-01-22 02:00:00,1769036400,0.0
2026-01-21 03:00:00,2026-01-22 03:00:00,1769040000,0.0
2026-01-21 04:00:00,2026-01-22 04:00:00,1769043600,0.0
2026-01-21 05:00:00,2026-01-22 05:00:00,1769047200,0.0
2026-01-21 06:00:00,2026-01-22 06:00:00,1769050800,0.0
2026-01-21 07:00:00,2026-01-22 07:00:00,1769054400,0.0
2026-01-21 08:00:00,2026-01-22 08:00:00,1769058000,0.0
2026-01-21 09:00:00,2026-01-22 09:00:00,1769061600,7.0
2026-01-21 10:00:00,2026-01-22 10:00:00,1769065200,45.0
2026-01-21 11:00:00,2026-01-22 11:00:00,1769068800,65.0
2026-01-21 12:00:00,2026-01-22 12:00:00,1769072400,149.0
2026-01-21 13:00:00,2026-01-22 13:00:00,1769076000,182.0
2026-01-21 14:00:00,2026-01-22 14:00:00,1769079600,175.0
2026-01-21 15:00:00,2026-01-22 15:00:00,1769083200,184.0
2026-01-21 16:00:00,2026-01-22 16:00:00,1769086800,88.0
2026-01-21 17:00:00,2026-01-22 17:00:00,1769090400,45.0
2026-01-21 18:00:00,2026-01-22 18:00:00,1769094000,25.0
2026-01-21 19:00:00,2026-01-22 19:00:00,1769097600,0.0
2026-01-21 20:00:00,2026-01-22 20:00:00,1769101200,0.0
2026-01-21 21:00:00,2026-01-22 21:00:00,1769104800,0.0
2026-01-21 22:00:00,2026-01-22 22:00:00,1769108400,0.0
2026-01-21 23:00:00,2026-01-22 23:00:00,1769112000,0.0
2026-01-22 00:00:00,2026-01-23 00:00:00,1769115600,0.0
2026-01-22 01:00:00,2026-01-23 01:00:00,1769119200,0.0
2026-01-22 02:00:00,2026-01-23 02:00:00,1769122800,0.0
2026-01-22 03:00:00,2026-01-23 03:00:00,1769126400,0.0
2026-01-22 04:00:00,2026-01-23 04:00:00,1769130000,0.0
2026-01-22 05:00:00,2026-01-23 05:00:00,1769133600,0.0
2026-01-22 06:00:00,2026-01-23 06:00:00,1769137200,0.0
2026-01-22 07:00:00,2026-01-23 07:00:00,1769140800,0.0
2026-01-22 08:00:00,2026-01-23 08:00:00,1769144400,0.0
2026-01-22 09:00:00,2026-01-23 09:00:00,1769148000,59.0
2026-01-22 10:00:00,2026-01-23 10:00:00,1769151600,193.0
2026-01-22 11:00:00,2026-01-23 11:00:00,1769155200,363.0
2026-01-22 12:00:00,2026-01-23 12:00:00,1769158800,481.0
2026-01-22 13:00:00,2026-01-23 13:00:00,1769162400,551.0
2026-01-22 14:00:00,2026-01-23 14:00:00,1769166000,556.0
2026-01-22 15:00:00,2026-01-23 15:00:00,1769169600,427.0
2026-01-22 16:00:00,2026-01-23 16:00:00,1769173200,301.0
2026-01-22 17:00:00,2026-01-23 17:00:00,1769176800,166.0
2026-01-22 18:00:00,2026-01-23 18:00:00,1769180400,53.0
2026-01-22 19:00:00,2026-01-23 19:00:00,1769184000,0.0
2026-01-22 20:00:00,2026-01-23 20:00:00,1769187600,0.0
2026-01-22 21:00:00,2026-01-23 21:00:00,1769191200,0.0
2026-01-22 22:00:00,2026-01-23 22:00:00,1769194800,0.0
2026-01-22 23:00:00,2026-01-23 23:00:00,1769198400,0.0
2026-01-23 00:00:00,2026-01-24 00:00:00,1769202000,0.0
2026-01-23 01:00:00,2026-01-24 01:00:00,1769205600,0.0
2026-01-23 02:00:00,2026-01-24 02:00:00,1769209200,0.0
2026-01-23 03:00:00,2026-01-24 03:00:00,1769212800,0.0
2026-01-23 04:00:00,2026-01-24 04:00:00,1769216400,0.0
2026-01-23 05:00:00,2026-01-24 05:00:00,1769220000,0.0
2026-01-23 06:00:00,2026-01-24 06:00:00,1769223600,0.0
2026-01-23 07:00:00,2026-01-24 07:00:00,1769227200,0.0
2026-01-23 08:00:00,2026-01-24 08:00:00,1769230800,0.0
2026-01-23 09:00:00,2026-01-24 09:00:00,1769234400,36.0
2026-01-23 10:00:00,2026-01-24 10:00:00,1769238000,122.0
2026-01-23 11:00:00,2026-01-24 11:00:00,1769241600,335.0
2026-01-23 12:00:00,2026-01-24 12:00:00,1769245200,438.0
2026-01-23 13:00:00,2026-01-24 13:00:00,1769248800,499.0
2026-01-23 14:00:00,2026-01-24 14:00:00,1769252400,471.0
2026-01-23 15:00:00,2026-01-24 15:00:00,1769256000,347.0
2026-01-23 16:00:00,2026-01-24 16:00:00,1769259600,343.0
2026-01-23 17:00:00,2026-01-24 17:00:00,1769263200,231.0
2026-01-23 18:00:00,2026-01-24 18:00:00,1769266800,72.0
2026-01-23 19:00:00,2026-01-24 19:00:00,1769270400,0.0
2026-01-23 20:00:00,2026-01-24 20:00:00,1769274000,0.0
2026-01-23 21:00:00,2026-01-24 21:00:00,1769277600,0.0
2026-01-23 22:00:00,2026-01-24 22:00:00,1769281200,0.0
2026-01-23 23:00:00,2026-01-24 23:00:00,1769284800,0.0
2026-01-24 00:00:00,2026-01-25 00:00:00,1769288400,0.0
2026-01-24 01:00:00,2026-01-25 01:00:00,1769292000,0.0
2026-01-24 02:00:00,2026-01-25 02:00:00,1769295600,0.0
2026-01-24 03:00:00,2026-01-25 03:00:00,1769299200,0.0
2026-01-24 04:00:00,2026-01-25 04:00:00,1769302800,0.0
2026-01-24 05:00:00,2026-01-25 05:00:00,1769306400,0.0
2026-01-24 06:00:00,2026-01-25 06:00:00,1769310000,0.0
2026-01-24 07:00:00,2026-01-25 07:00:00,1769313600,0.0
2026-01-24 08:00:00,2026-01-25 08:00:00,1769317200,0.0
2026-01-24 09:00:00,2026-01-25 09:00:00,1769320800,58.0
2026-01-24 10:00:00,2026-01-25 10:00:00,1769324400,212.0
2026-01-24 11:00:00,2026-01-25 11:00:00,1769328000,374.0
2026-01-24 12:00:00,2026-01-25 12:00:00,1769331600,505.0
2026-01-24 13:00:00,2026-01-25 13:00:00,1769335200,573.0
2026-01-24 14:00:00,2026-01-25 14:00:00,1769338800,568.0
2026-01-24 15:00:00,2026-01-25 15:00:00,1769342400,501.0
2026-01-24 16:00:00,2026-01-25 16:00:00,1769346000,384.0
2026-01-24 17:00:00,2026-01-25 17:00:00,1769349600,231.0
2026-01-24 18:00:00,2026-01-25 18:00:00,1769353200,70.0
2026-01-24 19:00:00,2026-01-25 19:00:00,1769356800,1.0
2026-01-24 20:00:00,2026-01-25 20:00:00,1769360400,0.0
2026-01-24 21:00:00,2026-01-25 21:00:00,1769364000,0.0
2026-01-24 22:00:00,2026-01-25 22:00:00,1769367600,0.0
2026-01-24 23:00:00,2026-01-25 23:00:00,1769371200,0.0
2026-01-25 00:00:00,2026-01-26 00:00:00,1769374800,0.0
2026-01-25 01:00:00,2026-01-26 01:00:00,1769378400,0.0
2026-01-25 02:00:00,2026-01-26 02:00:00,1769382000,0.0
2026-01-25 03:00:00,2026-01-26 03:00:00,1769385600,0.0
2026-01-25 04:00:00,2026-01-26 04:00:00,1769389200,0.0
2026-01-25 05:00:00,2026-01-26 05:00:00,1769392800,0.0
2026-01-25 06:00:00,2026-01-26 06:00:00,1769396400,0.0
2026-01-25 07:00:00,2026-01-26 07:00:00,1769400000,0.0
2026-01-25 08:00:00,2026-01-26 08:00:00,1769403600,0.0
2026-01-25 09:00:00,2026-01-26 09:00:00,1769407200,63.0
2026-01-25 10:00:00,2026-01-26 10:00:00,1769410800,212.0
2026-01-25 11:00:00,2026-01-26 11:00:00,1769414400,355.0
2026-01-25 12:00:00,2026-01-26 12:00:00,1769418000,411.0
2026-01-25 13:00:00,2026-01-26 13:00:00,1769421600,534.0
2026-01-25 14:00:00,2026-01-26 14:00:00,1769425200,430.0
2026-01-25 15:00:00,2026-01-26 15:00:00,1769428800,314.0
2026-01-25 16:00:00,2026-01-26 16:00:00,1769432400,316.0
2026-01-25 17:00:00,2026-01-26 17:00:00,1769436000,235.0
2026-01-25 18:00:00,2026-01-26 18:00:00,1769439600,78.0
2026-01-25 19:00:00,2026-01-26 19:00:00,1769443200,1.0
2026-01-25 20:00:00,2026-01-26 20:00:00,1769446800,0.0
2026-01-25 21:00:00,2026-01-26 21:00:00,1769450400,0.0
2026-01-25 22:00:00,2026-01-26 22:00:00,1769454000,0.0
2026-01-25 23:00:00,2026-01-26 23:00:00,1769457600,0.0
2026-01-26 00:00:00,2026-01-27 00:00:00,1769461200,0.0
2026-01-26 01:00:00,2026-01-27 01:00:00,1769464800,0.0
2026-01-26 02:00:00,2026-01-27 02:00:00,1769468400,0.0
2026-01-26 03:00:00,2026-01-27 03:00:00,1769472000,0.0
2026-01-26 04:00:00,2026-01-27 04:00:00,1769475600,0.0
2026-01-26 05:00:00,2026-01-27 05:00:00,1769479200,0.0
2026-01-26 06:00:00,2026-01-27 06:00:00,1769482800,0.0
2026-01-26 07:00:00,2026-01-27 07:00:00,1769486400,0.0
2026-01-26 08:00:00,2026-01-27 08:00:00,1769490000,0.0
2026-01-26 09:00:00,2026-01-27 09:00:00,1769493600,52.0
2026-01-26 10:00:00,2026-01-27 10:00:00,1769497200,198.0
2026-01-26 11:00:00,2026-01-27 11:00:00,1769500800,340.0
2026-01-26 12:00:00,2026-01-27 12:00:00,1769504400,321.0
2026-01-26 13:00:00,2026-01-27 13:00:00,1769508000,359.0
2026-01-26 14:00:00,2026-01-27 14:00:00,1769511600,342.0
2026-01-26 15:00:00,2026-01-27 15:00:00,1769515200,183.0
2026-01-26 16:00:00,2026-01-27 16:00:00,1769518800,94.0
2026-01-26 17:00:00,2026-01-27 17:00:00,1769522400,84.0
2026-01-26 18:00:00,2026-01-27 18:00:00,1769526000,55.0
2026-01-26 19:00:00,2026-01-27 19:00:00,1769529600,1.0
2026-01-26 20:00:00,2026-01-27 20:00:00,1769533200,0.0
2026-01-26 21:00:00,2026-01-27 21:00:00,1769536800,0.0
2026-01-26 22:00:00,2026-01-27 22:00:00,1769540400,0.0
2026-01-26 23:00:00,2026-01-27 23:00:00,1769544000,0.0
2026-01-27 00:00:00,2026-01-28 00:00:00,1769547600,0.0
2026-01-27 01:00:00,2026-01-28 01:00:00,1769551200,0.0
2026-01-27 02:00:00,2026-01-28 02:00:00,1769554800,0.0
2026-01-27 03:00:00,2026-01-28 03:00:00,1769558400,0.0
2026-01-27 04:00:00,2026-01-28 04:00:00,1769562000,0.0
2026-01-27 05:00:00,2026-01-28 05:00:00,1769565600,0.0
2026-01-27 06:00:00,2026-01-28 06:00:00,1769569200,0.0
2026-01-27 07:00:00,2026-01-28 07:00:00,1769572800,0.0
2026-01-27 08:00:00,2026-01-28 08:00:00,1769576400,0.0
2026-01-27 09:00:00,2026-01-28 09:00:00,1769580000,54.0
2026-01-27 10:00:00,2026-01-28 10:00:00,1769583600,174.0
2026-01-27 11:00:00,2026-01-28 11:00:00,1769587200,279.0
2026-01-27 12:00:00,2026-01-28 12:00:00,1769590800,414.0
2026-01-27 13:00:00,2026-01-28 13:00:00,1769594400,444.0
2026-01-27 14:00:00,2026-01-28 14:00:00,1769598000,524.0
2026-01-27 15:00:00,2026-01-28 15:00:00,1769601600,477.0
2026-01-27 16:00:00,2026-01-28 16:00:00,1769605200,393.0
2026-01-27 17:00:00,2026-01-28 17:00:00,1769608800,210.0
2026-01-27 18:00:00,2026-01-28 18:00:00,1769612400,66.0
2026-01-27 19:00:00,2026-01-28 19:00:00,1769616000,1.0
2026-01-27 20:00:00,2026-01-28 20:00:00,1769619600,0.0
2026-01-27 21:00:00,2026-01-28 21:00:00,1769623200,0.0
2026-01-27 22:00:00,2026-01-28 22:00:00,1769626800,0.0
2026-01-27 23:00:00,2026-01-28 23:00:00,1769630400,0.0
2026-01-28 00:00:00,2026-01-29 00:00:00,1769634000,0.0
2026-01-28 01:00:00,2026-01-29 01:00:00,1769637600,0.0
2026-01-28 02:00:00,2026-01-29 02:00:00,1769641200,0.0
2026-01-28 03:00:00,2026-01-29 03:00:00,1769644800,0.0
2026-01-28 04:00:00,2026-01-29 04:00:00,1769648400,0.0
2026-01-28 05:00:00,2026-01-29 05:00:00,1769652000,0.0
2026-01-28 06:00:00,2026-01-29 06:00:00,1769655600,0.0
2026-01-28 07:00:00,2026-01-29 07:00:00,1769659200,0.0
2026-01-28 08:00:00,2026-01-29 08:00:00,1769662800,0.0
2026-01-28 09:00:00,2026-01-29 09:00:00,1769666400,61.0
2026-01-28 10:00:00,2026-01-29 10:00:00,1769670000,173.0
2026-01-28 11:00:00,2026-01-29 11:00:00,1769673600,254.0
2026-01-28 12:00:00,2026-01-29 12:00:00,1769677200,404.0
2026-01-28 13:00:00,2026-01-29 13:00:00,1769680800,390.0
2026-01-28 14:00:00,2026-01-29 14:00:00,1769684400,406.0
2026-01-28 15:00:00,2026-01-29 15:00:00,1769688000,313.0
2026-01-28 16:00:00,2026-01-29 16:00:00,1769691600,321.0
2026-01-28 17:00:00,2026-01-29 17:00:00,1769695200,150.0
2026-01-28 18:00:00,2026-01-29 18:00:00,1769698800,50.0
2026-01-28 19:00:00,2026-01-29 19:00:00,1769702400,1.0
2026-01-28 20:00:00,2026-01-29 20:00:00,1769706000,0.0
2026-01-28 21:00:00,2026-01-29 21:00:00,1769709600,0.0
2026-01-28 22:00:00,2026-01-29 22:00:00,1769713200,0.0
2026-01-28 23:00:00,2026-01-29 23:00:00,1769716800,0.0
2026-01-29 00:00:00,2026-01-30 00:00:00,1769720400,0.0
2026-01-29 01:00:00,2026-01-30 01:00:00,1769724000,0.0
2026-01-29 02:00:00,2026-01-30 02:00:00,1769727600,0.0
2026-01-29 03:00:00,2026-01-30 03:00:00,1769731200,0.0
2026-01-29 04:00:00,2026-01-30 04:00:00,1769734800,0.0
2026-01-29 05:00:00,2026-01-30 05:00:00,1769738400,0.0
2026-01-29 06:00:00,2026-01-30 06:00:00,1769742000,0.0
2026-01-29 07:00:00,2026-01-30 07:00:00,1769745600,0.0
2026-01-29 08:00:00,2026-01-30 08:00:00,1769749200,0.0
2026-01-29 09:00:00,2026-01-30 09:00:00,1769752800,43.0
2026-01-29 10:00:00,2026-01-30 10:00:00,1769756400,130.0
2026-01-29 11:00:00,2026-01-30 11:00:00,1769760000,350.0
2026-01-29 12:00:00,2026-01-30 12:00:00,1769763600,457.0
2026-01-29 13:00:00,2026-01-30 13:00:00,1769767200,481.0
2026-01-29 14:00:00,2026-01-30 14:00:00,1769770800,413.0
2026-01-29 15:00:00,2026-01-30 15:00:00,1769774400,437.0
2026-01-29 16:00:00,2026-01-30 16:00:00,1769778000,365.0
2026-01-29 17:00:00,2026-01-30 17:00:00,1769781600,218.0
2026-01-29 18:00:00,2026-01-30 18:00:00,1769785200,75.0
2026-01-29 19:00:00,2026-01-30 19:00:00,1769788800,2.0
2026-01-29 20:00:00,2026-01-30 20:00:00,1769792400,0.0
2026-01-29 21:00:00,2026-01-30 21:00:00,1769796000,0.0
2026-01-29 22:00:00,2026-01-30 22:00:00,1769799600,0.0
2026-01-29 23:00:00,2026-01-30 23:00:00,1769803200,0.0
2026-01-30 00:00:00,2026-01-31 00:00:00,1769806800,0.0
2026-01-30 01:00:00,2026-01-31 01:00:00,1769810400,0.0
2026-01-30 02:00:00,2026-01-31 02:00:00,1769814000,0.0
2026-01-30 03:00:00,2026-01-31 03:00:00,1769817600,0.0
2026-01-30 04:00:00,2026-01-31 04:00:00,1769821200,0.0
2026-01-30 05:00:00,2026-01-31 05:00:00,1769824800,0.0
2026-01-30 06:00:00,2026-01-31 06:00:00,1769828400,0.0
2026-01-30 07:00:00,2026-01-31 07:00:00,1769832000,0.0
2026-01-30 08:00:00,2026-01-31 08:00:00,1769835600,0.0
2026-01-30 09:00:00,2026-01-31 09:00:00,1769839200,32.0
2026-01-30 10:00:00,2026-01-31 10:00:00,1769842800,76.0
2026-01-30 11:00:00,2026-01-31 11:00:00,1769846400,145.0
2026-01-30 12:00:00,2026-01-31 12:00:00,1769850000,212.0
2026-01-30 13:00:00,2026-01-31 13:00:00,1769853600,185.0
2026-01-30 14:00:00,2026-01-31 14:00:00,1769857200,278.0
2026-01-30 15:00:00,2026-01-31 15:00:00,1769860800,258.0
2026-01-30 16:00:00,2026-01-31 16:00:00,1769864400,318.0
2026-01-30 17:00:00,2026-01-31 17:00:00,1769868000,212.0
2026-01-30 18:00:00,2026-01-31 18:00:00,1769871600,66.0
2026-01-30 19:00:00,2026-01-31 19:00:00,1769875200,1.0
2026-01-30 20:00:00,2026-01-31 20:00:00,1769878800,0.0
2026-01-30 21:00:00,2026-01-31 21:00:00,1769882400,0.0
2026-01-30 22:00:00,2026-01-31 22:00:00,1769886000,0.0
2026-01-30 23:00:00,2026-01-31 23:00:00,1769889600,0.0
2026-01-31 00:00:00,2026-02-01 00:00:00,1769893200,0.0
2026-01-31 01:00:00,2026-02-01 01:00:00,1769896800,0.0
2026-01-31 02:00:00,2026-02-01 02:00:00,1769900400,0.0
2026-01-31 03:00:00,2026-02-01 03:00:00,1769904000,0.0
2026-01-31 04:00:00,2026-02-01 04:00:00,1769907600,0.0
2026-01-31 05:00:00,2026-02-01 05:00:00,1769911200,0.0
2026-01-31 06:00:00,2026-02-01 06:00:00,1769914800,0.0
2026-01-31 07:00:00,2026-02-01 07:00:00,1769918400,0.0
2026-01-31 08:00:00,2026-02-01 08:00:00,1769922000,0.0
2026-01-31 09:00:00,2026-02-01 09:00:00,1769925600,46.0
2026-01-31 10:00:00,2026-02-01 10:00:00,1769929200,188.0
2026-01-31 11:00:00,2026-02-01 11:00:00,1769932800,298.0
2026-01-31 12:00:00,2026-02-01 12:00:00,1769936400,371.0
2026-01-31 13:00:00,2026-02-01 13:00:00,1769940000,502.0
2026-01-31 14:00:00,2026-02-01 14:00:00,1769943600,492.0
2026-01-31 15:00:00,2026-02-01 15:00:00,1769947200,392.0
2026-01-31 16:00:00,2026-02-01 16:00:00,1769950800,263.0
2026-01-31 17:00:00,2026-02-01 17:00:00,1769954400,154.0
2026-01-31 18:00:00,2026-02-01 18:00:00,1769958000,50.0
2026-01-31 19:00:00,2026-02-01 19:00:00,1769961600,1.0
2026-01-31 20:00:00,2026-02-01 20:00:00,1769965200,0.0
2026-01-31 21:00:00,2026-02-01 21:00:00,1769968800,0.0
2026-01-31 22:00:00,2026-02-01 22:00:00,1769972400,0.0
2026-01-31 23:00:00,2026-02-01 23:00:00,1769976000,0.0
2026-02-01 00:00:00,2026-02-02 00:00:00,1769979600,0.0
2026-02-01 01:00:00,2026-02-02 01:00:00,1769983200,0.0
2026-02-01 02:00:00,2026-02-02 02:00:00,1769986800,0.0
2026-02-01 03:00:00,2026-02-02 03:00:00,1769990400,0.0
2026-02-01 04:00:00,2026-02-02 04:00:00,1769994000,0.0
2026-02-01 05:00:00,2026-02-02 05:00:00,1769997600,0.0
2026-02-01 06:00:00,2026-02-02 06:00:00,1770001200,0.0
2026-02-01 07:00:00,2026-02-02 07:00:00,1770004800,0.0
2026-02-01 08:00:00,2026-02-02 08:00:00,1770008400,1.0
2026-02-01 09:00:00,2026-02-02 09:00:00,1770012000,74.0
2026-02-01 10:00:00,2026-02-02 10:00:00,1770015600,250.0
2026-02-01 11:00:00,2026-02-02 11:00:00,1770019200,408.0
2026-02-01 12:00:00,2026-02-02 12:00:00,1770022800,521.0
2026-02-01 13:00:00,2026-02-02 13:00:00,1770026400,506.0
2026-02-01 14:00:00,2026-02-02 14:00:00,1770030000,441.0
2026-02-01 15:00:00,2026-02-02 15:00:00,1770033600,444.0
2026-02-01 16:00:00,2026-02-02 16:00:00,1770037200,370.0
2026-02-01 17:00:00,2026-02-02 17:00:00,1770040800,235.0
2026-02-01 18:00:00,2026-02-02 18:00:00,1770044400,83.0
2026-02-01 19:00:00,2026-02-02 19:00:00,1770048000,2.0
2026-02-01 20:00:00,2026-02-02 20:00:00,1770051600,0.0
2026-02-01 21:00:00,2026-02-02 21:00:00,1770055200,0.0
2026-02-01 22:00:00,2026-02-02 22:00:00,1770058800,0.0
2026-02-01 23:00:00,2026-02-02 23:00:00,1770062400,0.0
2026-02-02 00:00:00,2026-02-03 00:00:00,1770066000,0.0
2026-02-02 01:00:00,2026-02-03 01:00:00,1770069600,0.0
2026-02-02 02:00:00,2026-02-03 02:00:00,1770073200,0.0
2026-02-02 03:00:00,2026-02-03 03:00:00,1770076800,0.0
2026-02-02 04:00:00,2026-02-03 04:00:00,1770080400,0.0
2026-02-02 05:00:00,2026-02-03 05:00:00,1770084000,0.0
2026-02-02 06:00:00,2026-02-03 06:00:00,1770087600,0.0
2026-02-02 07:00:00,2026-02-03 07:00:00,1770091200,0.0
2026-02-02 08:00:00,2026-02-03 08:00:00,1770094800,1.0
2026-02-02 09:00:00,2026-02-03 09:00:00,1770098400,74.0
2026-02-02 10:00:00,2026-02-03 10:00:00,1770102000,236.0
2026-02-02 11:00:00,2026-02-03 11:00:00,1770105600,393.0
2026-02-02 12:00:00,2026-02-03 12:00:00,1770109200,495.0
2026-02-02 13:00:00,2026-02-03 13:00:00,1770112800,535.0
2026-02-02 14:00:00,2026-02-03 14:00:00,1770116400,568.0
2026-02-02 15:00:00,2026-02-03 15:00:00,1770120000,540.0
2026-02-02 16:00:00,2026-02-03 16:00:00,1770123600,427.0
2026-02-02 17:00:00,2026-02-03 17:00:00,1770127200,276.0
2026-02-02 18:00:00,2026-02-03 18:00:00,1770130800,103.0
2026-02-02 19:00:00,2026-02-03 19:00:00,1770134400,3.0
2026-02-02 20:00:00,2026-02-03 20:00:00,1770138000,0.0
2026-02-02 21:00:00,2026-02-03 21:00:00,1770141600,0.0
2026-02-02 22:00:00,2026-02-03 22:00:00,1770145200,0.0
2026-02-02 23:00:00,2026-02-03 23:00:00,1770148800,0.0
2026-02-03 00:00:00,2026-02-04 00:00:00,1770152400,0.0
2026-02-03 01:00:00,2026-02-04 01:00:00,1770156000,0.0
2026-02-03 02:00:00,2026-02-04 02:00:00,1770159600,0.0
2026-02-03 03:00:00,2026-02-04 03:00:00,1770163200,0.0
2026-02-03 04:00:00,2026-02-04 04:00:00,1770166800,0.0
2026-02-03 05:00:00,2026-02-04 05:00:00,1770170400,0.0
2026-02-03 06:00:00,2026-02-04 06:00:00,1770174000,0.0
2026-02-03 07:00:00,2026-02-04 07:00:00,1770177600,0.0
2026-02-03 08:00:00,2026-02-04 08:00:00,1770181200,1.0
2026-02-03 09:00:00,2026-02-04 09:00:00,1770184800,83.0
2026-02-03 10:00:00,2026-02-04 10:00:00,1770188400,258.0
2026-02-03 11:00:00,2026-02-04 11:00:00,1770192000,425.0
2026-02-03 12:00:00,2026-02-04 12:00:00,1770195600,550.0
2026-02-03 13:00:00,2026-02-04 13:00:00,1770199200,618.0
2026-02-03 14:00:00,2026-02-04 14:00:00,1770202800,622.0
2026-02-03 15:00:00,2026-02-04 15:00:00,1770206400,562.0
2026-02-03 16:00:00,2026-02-04 16:00:00,1770210000,443.0
2026-02-03 17:00:00,2026-02-04 17:00:00,1770213600,280.0
2026-02-03 18:00:00,2026-02-04 18:00:00,1770217200,104.0
2026-02-03 19:00:00,2026-02-04 19:00:00,1770220800,4.0
2026-02-03 20:00:00,2026-02-04 20:00:00,1770224400,0.0
2026-02-03 21:00:00,2026-02-04 21:00:00,1770228000,0.0
2026-02-03 22:00:00,2026-02-04 22:00:00,1770231600,0.0
2026-02-03 23:00:00,2026-02-04 23:00:00,1770235200,0.0
2026-02-04 00:00:00,2026-02-05 00:00:00,1770238800,0.0
2026-02-04 01:00:00,2026-02-05 01:00:00,1770242400,0.0
2026-02-04 02:00:00,2026-02-05 02:00:00,1770246000,0.0
2026-02-04 03:00:00,2026-02-05 03:00:00,1770249600,0.0
2026-02-04 04:00:00,2026-02-05 04:00:00,1770253200,0.0
2026-02-04 05:00:00,2026-02-05 05:00:00,1770256800,0.0
2026-02-04 06:00:00,2026-02-05 06:00:00,1770260400,0.0
2026-02-04 07:00:00,2026-02-05 07:00:00,1770264000,0.0
2026-02-04 08:00:00,2026-02-05 08:00:00,1770267600,1.0
2026-02-04 09:00:00,2026-02-05 09:00:00,1770271200,85.0
2026-02-04 10:00:00,2026-02-05 10:00:00,1770274800,263.0
2026-02-04 11:00:00,2026-02-05 11:00:00,1770278400,425.0
2026-02-04 12:00:00,2026-02-05 12:00:00,1770282000,525.0
2026-02-04 13:00:00,2026-02-05 13:00:00,1770285600,564.0
2026-02-04 14:00:00,2026-02-05 14:00:00,1770289200,402.0
2026-02-04 15:00:00,2026-02-05 15:00:00,1770292800,437.0
2026-02-04 16:00:00,2026-02-05 16:00:00,1770296400,359.0
2026-02-04 17:00:00,2026-02-05 17:00:00,1770300000,256.0
2026-02-04 18:00:00,2026-02-05 18:00:00,1770303600,81.0
2026-02-04 19:00:00,2026-02-05 19:00:00,1770307200,4.0
2026-02-04 20:00:00,2026-02-05 20:00:00,1770310800,0.0
2026-02-04 21:00:00,2026-02-05 21:00:00,1770314400,0.0
2026-02-04 22:00:00,2026-02-05 22:00:00,1770318000,0.0
2026-02-04 23:00:00,2026-02-05 23:00:00,1770321600,0.0
2026-02-05 00:00:00,2026-02-06 00:00:00,1770325200,0.0
2026-02-05 01:00:00,2026-02-06 01:00:00,1770328800,0.0
2026-02-05 02:00:00,2026-02-06 02:00:00,1770332400,0.0
2026-02-05 03:00:00,2026-02-06 03:00:00,1770336000,0.0
2026-02-05 04:00:00,2026-02-06 04:00:00,1770339600,0.0
2026-02-05 05:00:00,2026-02-06 05:00:00,1770343200,0.0
2026-02-05 06:00:00,2026-02-06 06:00:00,1770346800,0.0
2026-02-05 07:00:00,2026-02-06 07:00:00,1770350400,0.0
2026-02-05 08:00:00,2026-02-06 08:00:00,1770354000,1.0
2026-02-05 09:00:00,2026-02-06 09:00:00,1770357600,36.0
2026-02-05 10:00:00,2026-02-06 10:00:00,1770361200,64.0
2026-02-05 11:00:00,2026-02-06 11:00:00,1770364800,87.0
2026-02-05 12:00:00,2026-02-06 12:00:00,1770368400,312.0
2026-02-05 13:00:00,2026-02-06 13:00:00,1770372000,466.0
2026-02-05 14:00:00,2026-02-06 14:00:00,1770375600,575.0
2026-02-05 15:00:00,2026-02-06 15:00:00,1770379200,469.0
2026-02-05 16:00:00,2026-02-06 16:00:00,1770382800,376.0
2026-02-05 17:00:00,2026-02-06 17:00:00,1770386400,278.0
2026-02-05 18:00:00,2026-02-06 18:00:00,1770390000,102.0
2026-02-05 19:00:00,2026-02-06 19:00:00,1770393600,4.0
2026-02-05 20:00:00,2026-02-06 20:00:00,1770397200,0.0
2026-02-05 21:00:00,2026-02-06 21:00:00,1770400800,0.0
2026-02-05 22:00:00,2026-02-06 22:00:00,1770404400,0.0
2026-02-05 23:00:00,2026-02-06 23:00:00,1770408000,0.0
2026-02-06 00:00:00,2026-02-07 00:00:00,1770411600,0.0
2026-02-06 01:00:00,2026-02-07 01:00:00,1770415200,0.0
2026-02-06 02:00:00,2026-02-07 02:00:00,1770418800,0.0
2026-02-06 03:00:00,2026-02-07 03:00:00,1770422400,0.0
2026-02-06 04:00:00,2026-02-07 04:00:00,1770426000,0.0
2026-02-06 05:00:00,2026-02-07 05:00:00,1770429600,0.0
2026-02-06 06:00:00,2026-02-07 06:00:00,1770433200,0.0
2026-02-06 07:00:00,2026-02-07 07:00:00,1770436800,0.0
2026-02-06 08:00:00,2026-02-07 08:00:00,1770440400,1.0
2026-02-06 09:00:00,2026-02-07 09:00:00,1770444000,70.0
2026-02-06 10:00:00,2026-02-07 10:00:00,1770447600,209.0
2026-02-06 11:00:00,2026-02-07 11:00:00,1770451200,337.0
2026-02-06 12:00:00,2026-02-07 12:00:00,1770454800,462.0
2026-02-06 13:00:00,2026-02-07 13:00:00,1770458400,532.0
2026-02-06 14:00:00,2026-02-07 14:00:00,1770462000,582.0
2026-02-06 15:00:00,2026-02-07 15:00:00,1770465600,541.0
2026-02-06 16:00:00,2026-02-07 16:00:00,1770469200,416.0
2026-02-06 17:00:00,2026-02-07 17:00:00,1770472800,267.0
2026-02-06 18:00:00,2026-02-07 18:00:00,1770476400,107.0
2026-02-06 19:00:00,2026-02-07 19:00:00,1770480000,5.0
2026-02-06 20:00:00,2026-02-07 20:00:00,1770483600,0.0
2026-02-06 21:00:00,2026-02-07 21:00:00,1770487200,0.0
2026-02-06 22:00:00,2026-02-07 22:00:00,1770490800,0.0
2026-02-06 23:00:00,2026-02-07 23:00:00,1770494400,0.0
2026-02-07 00:00:00,2026-02-08 00:00:00,1770498000,0.0
2026-02-07 01:00:00,2026-02-08 01:00:00,1770501600,0.0
2026-02-07 02:00:00,2026-02-08 02:00:00,1770505200,0.0
2026-02-07 03:00:00,2026-02-08 03:00:00,1770508800,0.0
2026-02-07 04:00:00,2026-02-08 04:00:00,1770512400,0.0
2026-02-07 05:00:00,2026-02-08 05:00:00,1770516000,0.0
2026-02-07 06:00:00,2026-02-08 06:00:00,1770519600,0.0
2026-02-07 07:00:00,2026-02-08 07:00:00,1770523200,0.0
2026-02-07 08:00:00,2026-02-08 08:00:00,1770526800,2.0
2026-02-07 09:00:00,2026-02-08 09:00:00,1770530400,79.0
2026-02-07 10:00:00,2026-02-08 10:00:00,1770534000,229.0
2026-02-07 11:00:00,2026-02-08 11:00:00,1770537600,391.0
2026-02-07 12:00:00,2026-02-08 12:00:00,1770541200,538.0
2026-02-07 13:00:00,2026-02-08 13:00:00,1770544800,618.0
2026-02-07 14:00:00,2026-02-08 14:00:00,1770548400,629.0
2026-02-07 15:00:00,2026-02-08 15:00:00,1770552000,571.0
2026-02-07 16:00:00,2026-02-08 16:00:00,1770555600,453.0
2026-02-07 17:00:00,2026-02-08 17:00:00,1770559200,291.0
2026-02-07 18:00:00,2026-02-08 18:00:00,1770562800,113.0
2026-02-07 19:00:00,2026-02-08 19:00:00,1770566400,6.0
2026-02-07 20:00:00,2026-02-08 20:00:00,1770570000,0.0
2026-02-07 21:00:00,2026-02-08 21:00:00,1770573600,0.0
2026-02-07 22:00:00,2026-02-08 22:00:00,1770577200,0.0
2026-02-07 23:00:00,2026-02-08 23:00:00,1770580800,0.0
2026-02-08 00:00:00,2026-02-09 00:00:00,1770584400,0.0
2026-02-08 01:00:00,2026-02-09 01:00:00,1770588000,0.0
2026-02-08 02:00:00,2026-02-09 02:00:00,1770591600,0.0
2026-02-08 03:00:00,2026-02-09 03:00:00,1770595200,0.0
2026-02-08 04:00:00,2026-02-09 04:00:00,1770598800,0.0
2026-02-08 05:00:00,2026-02-09 05:00:00,1770602400,0.0
2026-02-08 06:00:00,2026-02-09 06:00:00,1770606000,0.0
2026-02-08 07:00:00,2026-02-09 07:00:00,1770609600,0.0
2026-02-08 08:00:00,2026-02-09 08:00:00,1770613200,2.0
2026-02-08 09:00:00,2026-02-09 09:00:00,1770616800,66.0
2026-02-08 10:00:00,2026-02-09 10:00:00,1770620400,167.0
2026-02-08 11:00:00,2026-02-09 11:00:00,1770624000,319.0
2026-02-08 12:00:00,2026-02-09 12:00:00,1770627600,404.0
2026-02-08 13:00:00,2026-02-09 13:00:00,1770631200,511.0
2026-02-08 14:00:00,2026-02-09 14:00:00,1770634800,463.0
2026-02-08 15:00:00,2026-02-09 15:00:00,1770638400,481.0
2026-02-08 16:00:00,2026-02-09 16:00:00,1770642000,409.0
2026-02-08 17:00:00,2026-02-09 17:00:00,1770645600,279.0
2026-02-08 18:00:00,2026-02-09 18:00:00,1770649200,109.0
2026-02-08 19:00:00,2026-02-09 19:00:00,1770652800,6.0
2026-02-08 20:00:00,2026-02-09 20:00:00,1770656400,0.0
2026-02-08 21:00:00,2026-02-09 21:00:00,1770660000,0.0
2026-02-08 22:00:00,2026-02-09 22:00:00,1770663600,0.0
2026-02-08 23:00:00,2026-02-09 23:00:00,1770667200,0.0
2026-02-09 00:00:00,2026-02-10 00:00:00,1770670800,0.0
2026-02-09 01:00:00,2026-02-10 01:00:00,1770674400,0.0
2026-02-09 02:00:00,2026-02-10 02:00:00,1770678000,0.0
2026-02-09 03:00:00,2026-02-10 03:00:00,1770681600,0.0
2026-02-09 04:00:00,2026-02-10 04:00:00,1770685200,0.0
2026-02-09 05:00:00,2026-02-10 05:00:00,1770688800,0.0
2026-02-09 06:00:00,2026-02-10 06:00:00,1770692400,0.0
2026-02-09 07:00:00,2026-02-10 07:00:00,1770696000,0.0
2026-02-09 08:00:00,2026-02-10 08:00:00,1770699600,2.0
2026-02-09 09:00:00,2026-02-10 09:00:00,1770703200,56.0
2026-02-09 10:00:00,2026-02-10 10:00:00,1770706800,163.0
2026-02-09 11:00:00,2026-02-10 11:00:00,1770710400,374.0
2026-02-09 12:00:00,2026-02-10 12:00:00,1770714000,502.0
2026-02-09 13:00:00,2026-02-10 13:00:00,1770717600,503.0
2026-02-09 14:00:00,2026-02-10 14:00:00,1770721200,365.0
2026-02-09 15:00:00,2026-02-10 15:00:00,1770724800,428.0
2026-02-09 16:00:00,2026-02-10 16:00:00,1770728400,331.0
2026-02-09 17:00:00,2026-02-10 17:00:00,1770732000,250.0
2026-02-09 18:00:00,2026-02-10 18:00:00,1770735600,105.0
2026-02-09 19:00:00,2026-02-10 19:00:00,1770739200,7.0
2026-02-09 20:00:00,2026-02-10 20:00:00,1770742800,0.0
2026-02-09 21:00:00,2026-02-10 21:00:00,1770746400,0.0
2026-02-09 22:00:00,2026-02-10 22:00:00,1770750000,0.0
2026-02-09 23:00:00,2026-02-10 23:00:00,1770753600,0.0
2026-02-10 00:00:00,2026-02-11 00:00:00,1770757200,0.0
2026-02-10 01:00:00,2026-02-11 01:00:00,1770760800,0.0
2026-02-10 02:00:00,2026-02-11 02:00:00,1770764400,0.0
2026-02-10 03:00:00,2026-02-11 03:00:00,1770768000,0.0
2026-02-10 04:00:00,2026-02-11 04:00:00,1770771600,0.0
2026-02-10 05:00:00,2026-02-11 05:00:00,1770775200,0.0
2026-02-10 06:00:00,2026-02-11 06:00:00,1770778800,0.0
2026-02-10 07:00:00,2026-02-11 07:00:00,1770782400,0.0
2026-02-10 08:00:00,2026-02-11 08:00:00,1770786000,2.0
2026-02-10 09:00:00,2026-02-11 09:00:00,1770789600,85.0
2026-02-10 10:00:00,2026-02-11 10:00:00,1770793200,240.0
2026-02-10 11:00:00,2026-02-11 11:00:00,1770796800,403.0
2026-02-10 12:00:00,2026-02-11 12:00:00,1770800400,520.0
2026-02-10 13:00:00,2026-02-11 13:00:00,1770804000,591.0
2026-02-10 14:00:00,2026-02-11 14:00:00,1770807600,457.0
2026-02-10 15:00:00,2026-02-11 15:00:00,1770811200,213.0
2026-02-10 16:00:00,2026-02-11 16:00:00,1770814800,191.0
2026-02-10 17:00:00,2026-02-11 17:00:00,1770818400,118.0
2026-02-10 18:00:00,2026-02-11 18:00:00,1770822000,88.0
2026-02-10 19:00:00,2026-02-11 19:00:00,1770825600,4.0
2026-02-10 20:00:00,2026-02-11 20:00:00,1770829200,0.0
2026-02-10 21:00:00,2026-02-11 21:00:00,1770832800,0.0
2026-02-10 22:00:00,2026-02-11 22:00:00,1770836400,0.0
2026-02-10 23:00:00,2026-02-11 23:00:00,1770840000,0.0
2026-02-11 00:00:00,2026-02-12 00:00:00,1770843600,0.0
2026-02-11 01:00:00,2026-02-12 01:00:00,1770847200,0.0
2026-02-11 02:00:00,2026-02-12 02:00:00,1770850800,0.0
2026-02-11 03:00:00,2026-02-12 03:00:00,1770854400,0.0
2026-02-11 04:00:00,2026-02-12 04:00:00,1770858000,0.0
2026-02-11 05:00:00,2026-02-12 05:00:00,1770861600,0.0
2026-02-11 06:00:00,2026-02-12 06:00:00,1770865200,0.0
2026-02-11 07:00:00,2026-02-12 07:00:00,1770868800,0.0
2026-02-11 08:00:00,2026-02-12 08:00:00,1770872400,2.0
2026-02-11 09:00:00,2026-02-12 09:00:00,1770876000,51.0
2026-02-11 10:00:00,2026-02-12 10:00:00,1770879600,131.0
2026-02-11 11:00:00,2026-02-12 11:00:00,1770883200,354.0
2026-02-11 12:00:00,2026-02-12 12:00:00,1770886800,374.0
2026-02-11 13:00:00,2026-02-12 13:00:00,1770890400,301.0
2026-02-11 14:00:00,2026-02-12 14:00:00,1770894000,204.0
2026-02-11 15:00:00,2026-02-12 15:00:00,1770897600,207.0
2026-02-11 16:00:00,2026-02-12 16:00:00,1770901200,289.0
2026-02-11 17:00:00,2026-02-12 17:00:00,1770904800,218.0
2026-02-11 18:00:00,2026-02-12 18:00:00,1770908400,50.0
2026-02-11 19:00:00,2026-02-12 19:00:00,1770912000,6.0
2026-02-11 20:00:00,2026-02-12 20:00:00,1770915600,0.0
2026-02-11 21:00:00,2026-02-12 21:00:00,1770919200,0.0
2026-02-11 22:00:00,2026-02-12 22:00:00,1770922800,0.0
2026-02-11 23:00:00,2026-02-12 23:00:00,1770926400,0.0
2026-02-12 00:00:00,2026-02-13 00:00:00,1770930000,0.0
2026-02-12 01:00:00,2026-02-13 01:00:00,1770933600,0.0
2026-02-12 02:00:00,2026-02-13 02:00:00,1770937200,0.0
2026-02-12 03:00:00,2026-02-13 03:00:00,1770940800,0.0
2026-02-12 04:00:00,2026-02-13 04:00:00,1770944400,0.0
2026-02-12 05:00:00,2026-02-13 05:00:00,1770948000,0.0
2026-02-12 06:00:00,2026-02-13 06:00:00,1770951600,0.0
2026-02-12 07:00:00,2026-02-13 07:00:00,1770955200,0.0
2026-02-12 08:00:00,2026-02-13 08:00:00,1770958800,1.0
2026-02-12 09:00:00,2026-02-13 09:00:00,1770962400,28.0
2026-02-12 10:00:00,2026-02-13 10:00:00,1770966000,137.0
2026-02-12 11:00:00,2026-02-13 11:00:00,1770969600,251.0
2026-02-12 12:00:00,2026-02-13 12:00:00,1770973200,259.0
2026-02-12 13:00:00,2026-02-13 13:00:00,1770976800,103.0
2026-02-12 14:00:00,2026-02-13 14:00:00,1770980400,43.0
2026-02-12 15:00:00,2026-02-13 15:00:00,1770984000,37.0
2026-02-12 16:00:00,2026-02-13 16:00:00,1770987600,321.0
2026-02-12 17:00:00,2026-02-13 17:00:00,1770991200,212.0
2026-02-12 18:00:00,2026-02-13 18:00:00,1770994800,104.0
2026-02-12 19:00:00,2026-02-13 19:00:00,1770998400,6.0
2026-02-12 20:00:00,2026-02-13 20:00:00,1771002000,0.0
2026-02-12 21:00:00,2026-02-13 21:00:00,1771005600,0.0
2026-02-12 22:00:00,2026-02-13 22:00:00,1771009200,0.0
2026-02-12 23:00:00,2026-02-13 23:00:00,1771012800,0.0
2026-02-13 00:00:00,2026-02-14 00:00:00,1771016400,0.0
2026-02-13 01:00:00,2026-02-14 01:00:00,1771020000,0.0
2026-02-13 02:00:00,2026-02-14 02:00:00,1771023600,0.0
2026-02-13 03:00:00,2026-02-14 03:00:00,1771027200,0.0
2026-02-13 04:00:00,2026-02-14 04:00:00,1771030800,0.0
2026-02-13 05:00:00,2026-02-14 05:00:00,1771034400,0.0
2026-02-13 06:00:00,2026-02-14 06:00:00,1771038000,0.0
2026-02-13 07:00:00,2026-02-14 07:00:00,1771041600,0.0
2026-02-13 08:00:00,2026-02-14 08:00:00,1771045200,3.0
2026-02-13 09:00:00,2026-02-14 09:00:00,1771048800,96.0
2026-02-13 10:00:00,2026-02-14 10:00:00,1771052400,246.0
2026-02-13 11:00:00,2026-02-14 11:00:00,1771056000,364.0
2026-02-13 12:00:00,2026-02-14 12:00:00,1771059600,456.0
2026-02-13 13:00:00,2026-02-14 13:00:00,1771063200,568.0
2026-02-13 14:00:00,2026-02-14 14:00:00,1771066800,544.0
2026-02-13 15:00:00,2026-02-14 15:00:00,1771070400,503.0
2026-02-13 16:00:00,2026-02-14 16:00:00,1771074000,408.0
2026-02-13 17:00:00,2026-02-14 17:00:00,1771077600,275.0
2026-02-13 18:00:00,2026-02-14 18:00:00,1771081200,121.0
2026-02-13 19:00:00,2026-02-14 19:00:00,1771084800,10.0
2026-02-13 20:00:00,2026-02-14 20:00:00,1771088400,0.0
2026-02-13 21:00:00,2026-02-14 21:00:00,1771092000,0.0
2026-02-13 22:00:00,2026-02-14 22:00:00,1771095600,0.0
2026-02-13 23:00:00,2026-02-14 23:00:00,1771099200,0.0
2026-02-14 00:00:00,2026-02-15 00:00:00,1771102800,0.0
2026-02-14 01:00:00,2026-02-15 01:00:00,1771106400,0.0
2026-02-14 02:00:00,2026-02-15 02:00:00,1771110000,0.0
2026-02-14 03:00:00,2026-02-15 03:00:00,1771113600,0.0
2026-02-14 04:00:00,2026-02-15 04:00:00,1771117200,0.0
2026-02-14 05:00:00,2026-02-15 05:00:00,1771120800,0.0
2026-02-14 06:00:00,2026-02-15 06:00:00,1771124400,0.0
2026-02-14 07:00:00,2026-02-15 07:00:00,1771128000,0.0
2026-02-14 08:00:00,2026-02-15 08:00:00,1771131600,5.0
2026-02-14 09:00:00,2026-02-15 09:00:00,1771135200,111.0
2026-02-14 10:00:00,2026-02-15 10:00:00,1771138800,295.0
2026-02-14 11:00:00,2026-02-15 11:00:00,1771142400,455.0
2026-02-14 12:00:00,2026-02-15 12:00:00,1771146000,549.0
2026-02-14 13:00:00,2026-02-15 13:00:00,1771149600,618.0
2026-02-14 14:00:00,2026-02-15 14:00:00,1771153200,612.0
2026-02-14 15:00:00,2026-02-15 15:00:00,1771156800,587.0
2026-02-14 16:00:00,2026-02-15 16:00:00,1771160400,489.0
2026-02-14 17:00:00,2026-02-15 17:00:00,1771164000,323.0
2026-02-14 18:00:00,2026-02-15 18:00:00,1771167600,138.0
2026-02-14 19:00:00,2026-02-15 19:00:00,1771171200,12.0
2026-02-14 20:00:00,2026-02-15 20:00:00,1771174800,0.0
2026-02-14 21:00:00,2026-02-15 21:00:00,1771178400,0.0
2026-02-14 22:00:00,2026-02-15 22:00:00,1771182000,0.0
2026-02-14 23:00:00,2026-02-15 23:00:00,1771185600,0.0
2026-02-15 00:00:00,2026-02-16 00:00:00,1771189200,0.0
2026-02-15 01:00:00,2026-02-16 01:00:00,1771192800,0.0
2026-02-15 02:00:00,2026-02-16 02:00:00,1771196400,0.0
2026-02-15 03:00:00,2026-02-16 03:00:00,1771200000,0.0
2026-02-15 04:00:00,2026-02-16 04:00:00,1771203600,0.0
2026-02-15 05:00:00,2026-02-16 05:00:00,1771207200,0.0
2026-02-15 06:00:00,2026-02-16 06:00:00,1771210800,0.0
2026-02-15 07:00:00,2026-02-16 07:00:00,1771214400,0.0
2026-02-15 08:00:00,2026-02-16 08:00:00,1771218000,5.0
2026-02-15 09:00:00,2026-02-16 09:00:00,1771221600,110.0
2026-02-15 10:00:00,2026-02-16 10:00:00,1771225200,280.0
2026-02-15 11:00:00,2026-02-16 11:00:00,1771228800,430.0
2026-02-15 12:00:00,2026-02-16 12:00:00,1771232400,460.0
2026-02-15 13:00:00,2026-02-16 13:00:00,1771236000,434.0
2026-02-15 14:00:00,2026-02-16 14:00:00,1771239600,476.0
2026-02-15 15:00:00,2026-02-16 15:00:00,1771243200,582.0
2026-02-15 16:00:00,2026-02-16 16:00:00,1771246800,499.0
2026-02-15 17:00:00,2026-02-16 17:00:00,1771250400,251.0
2026-02-15 18:00:00,2026-02-16 18:00:00,1771254000,134.0
2026-02-15 19:00:00,2026-02-16 19:00:00,1771257600,9.0
2026-02-15 20:00:00,2026-02-16 20:00:00,1771261200,0.0
2026-02-15 21:00:00,2026-02-16 21:00:00,1771264800,0.0
2026-02-15 22:00:00,2026-02-16 22:00:00,1771268400,0.0
2026-02-15 23:00:00,2026-02-16 23:00:00,1771272000,0.0
2026-02-16 00:00:00,2026-02-17 00:00:00,1771275600,0.0
2026-02-16 01:00:00,2026-02-17 01:00:00,1771279200,0.0
2026-02-16 02:00:00,2026-02-17 02:00:00,1771282800,0.0
2026-02-16 03:00:00,2026-02-17 03:00:00,1771286400,0.0
2026-02-16 04:00:00,2026-02-17 04:00:00,1771290000,0.0
2026-02-16 05:00:00,2026-02-17 05:00:00,1771293600,0.0
2026-02-16 06:00:00,2026-02-17 06:00:00,1771297200,0.0
2026-02-16 07:00:00,2026-02-17 07:00:00,1771300800,0.0
2026-02-16 08:00:00,2026-02-17 08:00:00,1771304400,4.0
2026-02-16 09:00:00,2026-02-17 09:00:00,1771308000,97.0
2026-02-16 10:00:00,2026-02-17 10:00:00,1771311600,290.0
2026-02-16 11:00:00,2026-02-17 11:00:00,1771315200,371.0
2026-02-16 12:00:00,2026-02-17 12:00:00,1771318800,570.0
2026-02-16 13:00:00,2026-02-17 13:00:00,1771322400,592.0
2026-02-16 14:00:00,2026-02-17 14:00:00,1771326000,589.0
2026-02-16 15:00:00,2026-02-17 15:00:00,1771329600,511.0
2026-02-16 16:00:00,2026-02-17 16:00:00,1771333200,429.0
2026-02-16 17:00:00,2026-02-17 17:00:00,1771336800,267.0
2026-02-16 18:00:00,2026-02-17 18:00:00,1771340400,114.0
2026-02-16 19:00:00,2026-02-17 19:00:00,1771344000,8.0
2026-02-16 20:00:00,2026-02-17 20:00:00,1771347600,0.0
2026-02-16 21:00:00,2026-02-17 21:00:00,1771351200,0.0
2026-02-16 22:00:00,2026-02-17 22:00:00,1771354800,0.0
2026-02-16 23:00:00,2026-02-17 23:00:00,1771358400,0.0
2026-02-17 00:00:00,2026-02-18 00:00:00,1771362000,0.0
2026-02-17 01:00:00,2026-02-18 01:00:00,1771365600,0.0
2026-02-17 02:00:00,2026-02-18 02:00:00,1771369200,0.0
2026-02-17 03:00:00,2026-02-18 03:00:00,1771372800,0.0
2026-02-17 04:00:00,2026-02-18 04:00:00,1771376400,0.0
2026-02-17 05:00:00,2026-02-18 05:00:00,1771380000,0.0
2026-02-17 06:00:00,2026-02-18 06:00:00,1771383600,0.0
2026-02-17 07:00:00,2026-02-18 07:00:00,1771387200,0.0
2026-02-17 08:00:00,2026-02-18 08:00:00,1771390800,2.0
2026-02-17 09:00:00,2026-02-18 09:00:00,1771394400,83.0
2026-02-17 10:00:00,2026-02-18 10:00:00,1771398000,272.0
2026-02-17 11:00:00,2026-02-18 11:00:00,1771401600,431.0
2026-02-17 12:00:00,2026-02-18 12:00:00,1771405200,561.0
2026-02-17 13:00:00,2026-02-18 13:00:00,1771408800,633.0
2026-02-17 14:00:00,2026-02-18 14:00:00,1771412400,536.0
2026-02-17 15:00:00,2026-02-18 15:00:00,1771416000,588.0
2026-02-17 16:00:00,2026-02-18 16:00:00,1771419600,470.0
2026-02-17 17:00:00,2026-02-18 17:00:00,1771423200,308.0
2026-02-17 18:00:00,2026-02-18 18:00:00,1771426800,133.0
2026-02-17 19:00:00,2026-02-18 19:00:00,1771430400,13.0
2026-02-17 20:00:00,2026-02-18 20:00:00,1771434000,0.0
2026-02-17 21:00:00,2026-02-18 21:00:00,1771437600,0.0
2026-02-17 22:00:00,2026-02-18 22:00:00,1771441200,0.0
2026-02-17 23:00:00,2026-02-18 23:00:00,1771444800,0.0
2026-02-18 00:00:00,2026-02-19 00:00:00,1771448400,0.0
2026-02-18 01:00:00,2026-02-19 01:00:00,1771452000,0.0
2026-02-18 02:00:00,2026-02-19 02:00:00,1771455600,0.0
2026-02-18 03:00:00,2026-02-19 03:00:00,1771459200,0.0
2026-02-18 04:00:00,2026-02-19 04:00:00,1771462800,0.0
2026-02-18 05:00:00,2026-02-19 05:00:00,1771466400,0.0
2026-02-18 06:00:00,2026-02-19 06:00:00,1771470000,0.0
2026-02-18 07:00:00,2026-02-19 07:00:00,1771473600,0.0
2026-02-18 08:00:00,2026-02-19 08:00:00,1771477200,6.0
2026-02-18 09:00:00,2026-02-19 09:00:00,1771480800,116.0
2026-02-18 10:00:00,2026-02-19 10:00:00,1771484400,312.0
2026-02-18 11:00:00,2026-02-19 11:00:00,1771488000,477.0
2026-02-18 12:00:00,2026-02-19 12:00:00,1771491600,612.0
2026-02-18 13:00:00,2026-02-19 13:00:00,1771495200,696.0
2026-02-18 14:00:00,2026-02-19 14:00:00,1771498800,704.0
2026-02-18 15:00:00,2026-02-19 15:00:00,1771502400,642.0
2026-02-18 16:00:00,2026-02-19 16:00:00,1771506000,516.0
2026-02-18 17:00:00,2026-02-19 17:00:00,1771509600,342.0
2026-02-18 18:00:00,2026-02-19 18:00:00,1771513200,151.0
2026-02-18 19:00:00,2026-02-19 19:00:00,1771516800,15.0
2026-02-18 20:00:00,2026-02-19 20:00:00,1771520400,0.0
2026-02-18 21:00:00,2026-02-19 21:00:00,1771524000,0.0
2026-02-18 22:00:00,2026-02-19 22:00:00,1771527600,0.0
2026-02-18 23:00:00,2026-02-19 23:00:00,1771531200,0.0
2026-02-19 00:00:00,2026-02-20 00:00:00,1771534800,0.0
2026-02-19 01:00:00,2026-02-20 01:00:00,1771538400,0.0
2026-02-19 02:00:00,2026-02-20 02:00:00,1771542000,0.0
2026-02-19 03:00:00,2026-02-20 03:00:00,1771545600,0.0
2026-02-19 04:00:00,2026-02-20 04:00:00,1771549200,0.0
2026-02-19 05:00:00,2026-02-20 05:00:00,1771552800,0.0
2026-02-19 06:00:00,2026-02-20 06:00:00,1771556400,0.0
2026-02-19 07:00:00,2026-02-20 07:00:00,1771560000,0.0
2026-02-19 08:00:00,2026-02-20 08:00:00,1771563600,7.0
2026-02-19 09:00:00,2026-02-20 09:00:00,1771567200,115.0
2026-02-19 10:00:00,2026-02-20 10:00:00,1771570800,310.0
2026-02-19 11:00:00,2026-02-20 11:00:00,1771574400,484.0
2026-02-19 12:00:00,2026-02-20 12:00:00,1771578000,438.0
2026-02-19 13:00:00,2026-02-20 13:00:00,1771581600,420.0
2026-02-19 14:00:00,2026-02-20 14:00:00,1771585200,493.0
2026-02-19 15:00:00,2026-02-20 15:00:00,1771588800,559.0
2026-02-19 16:00:00,2026-02-20 16:00:00,1771592400,454.0
2026-02-19 17:00:00,2026-02-20 17:00:00,1771596000,201.0
2026-02-19 18:00:00,2026-02-20 18:00:00,1771599600,114.0
2026-02-19 19:00:00,2026-02-20 19:00:00,1771603200,14.0
2026-02-19 20:00:00,2026-02-20 20:00:00,1771606800,0.0
2026-02-19 21:00:00,2026-02-20 21:00:00,1771610400,0.0
2026-02-19 22:00:00,2026-02-20 22:00:00,1771614000,0.0
2026-02-19 23:00:00,2026-02-20 23:00:00,1771617600,0.0
2026-02-20 00:00:00,2026-02-21 00:00:00,1771621200,0.0
2026-02-20 01:00:00,2026-02-21 01:00:00,1771624800,0.0
2026-02-20 02:00:00,2026-02-21 02:00:00,1771628400,0.0
2026-02-20 03:00:00,2026-02-21 03:00:00,1771632000,0.0
2026-02-20 04:00:00,2026-02-21 04:00:00,1771635600,0.0
2026-02-20 05:00:00,2026-02-21 05:00:00,1771639200,0.0
2026-02-20 06:00:00,2026-02-21 06:00:00,1771642800,0.0
2026-02-20 07:00:00,2026-02-21 07:00:00,1771646400,0.0
2026-02-20 08:00:00,2026-02-21 08:00:00,1771650000,9.0
2026-02-20 09:00:00,2026-02-21 09:00:00,1771653600,132.0
2026-02-20 10:00:00,2026-02-21 10:00:00,1771657200,322.0
2026-02-20 11:00:00,2026-02-21 11:00:00,1771660800,496.0
2026-02-20 12:00:00,2026-02-21 12:00:00,1771664400,624.0
2026-02-20 13:00:00,2026-02-21 13:00:00,1771668000,695.0
2026-02-20 14:00:00,2026-02-21 14:00:00,1771671600,698.0
2026-02-20 15:00:00,2026-02-21 15:00:00,1771675200,634.0
2026-02-20 16:00:00,2026-02-21 16:00:00,1771678800,511.0
2026-02-20 17:00:00,2026-02-21 17:00:00,1771682400,337.0
2026-02-20 18:00:00,2026-02-21 18:00:00,1771686000,145.0
2026-02-20 19:00:00,2026-02-21 19:00:00,1771689600,16.0
2026-02-20 20:00:00,2026-02-21 20:00:00,1771693200,0.0
2026-02-20 21:00:00,2026-02-21 21:00:00,1771696800,0.0
2026-02-20 22:00:00,2026-02-21 22:00:00,1771700400,0.0
2026-02-20 23:00:00,2026-02-21 23:00:00,1771704000,0.0
2026-02-21 00:00:00,2026-02-22 00:00:00,1771707600,0.0
2026-02-21 01:00:00,2026-02-22 01:00:00,1771711200,0.0
2026-02-21 02:00:00,2026-02-22 02:00:00,1771714800,0.0
2026-02-21 03:00:00,2026-02-22 03:00:00,1771718400,0.0
2026-02-21 04:00:00,2026-02-22 04:00:00,1771722000,0.0
2026-02-21 05:00:00,2026-02-22 05:00:00,1771725600,0.0
2026-02-21 06:00:00,2026-02-22 06:00:00,1771729200,0.0
2026-02-21 07:00:00,2026-02-22 07:00:00,1771732800,0.0
2026-02-21 08:00:00,2026-02-22 08:00:00,1771736400,9.0
2026-02-21 09:00:00,2026-02-22 09:00:00,1771740000,117.0
2026-02-21 10:00:00,2026-02-22 10:00:00,1771743600,304.0
2026-02-21 11:00:00,2026-02-22 11:00:00,1771747200,474.0
2026-02-21 12:00:00,2026-02-22 12:00:00,1771750800,592.0
2026-02-21 13:00:00,2026-02-22 13:00:00,1771754400,651.0
2026-02-21 14:00:00,2026-02-22 14:00:00,1771758000,650.0
2026-02-21 15:00:00,2026-02-22 15:00:00,1771761600,579.0
2026-02-21 16:00:00,2026-02-22 16:00:00,1771765200,466.0
2026-02-21 17:00:00,2026-02-22 17:00:00,1771768800,334.0
2026-02-21 18:00:00,2026-02-22 18:00:00,1771772400,148.0
2026-02-21 19:00:00,2026-02-22 19:00:00,1771776000,17.0
2026-02-21 20:00:00,2026-02-22 20:00:00,1771779600,0.0
2026-02-21 21:00:00,2026-02-22 21:00:00,1771783200,0.0
2026-02-21 22:00:00,2026-02-22 22:00:00,1771786800,0.0
2026-02-21 23:00:00,2026-02-22 23:00:00,1771790400,0.0
2026-02-22 00:00:00,2026-02-23 00:00:00,1771794000,0.0
2026-02-22 01:00:00,2026-02-23 01:00:00,1771797600,0.0
2026-02-22 02:00:00,2026-02-23 02:00:00,1771801200,0.0
2026-02-22 03:00:00,2026-02-23 03:00:00,1771804800,0.0
2026-02-22 04:00:00,2026-02-23 04:00:00,1771808400,0.0
2026-02-22 05:00:00,2026-02-23 05:00:00,1771812000,0.0
2026-02-22 06:00:00,2026-02-23 06:00:00,1771815600,0.0
2026-02-22 07:00:00,2026-02-23 07:00:00,1771819200,0.0
2026-02-22 08:00:00,2026-02-23 08:00:00,1771822800,10.0
2026-02-22 09:00:00,2026-02-23 09:00:00,1771826400,126.0
2026-02-22 10:00:00,2026-02-23 10:00:00,1771830000,298.0
2026-02-22 11:00:00,2026-02-23 11:00:00,1771833600,464.0
2026-02-22 12:00:00,2026-02-23 12:00:00,1771837200,607.0
2026-02-22 13:00:00,2026-02-23 13:00:00,1771840800,670.0
2026-02-22 14:00:00,2026-02-23 14:00:00,1771844400,672.0
2026-02-22 15:00:00,2026-02-23 15:00:00,1771848000,495.0
2026-02-22 16:00:00,2026-02-23 16:00:00,1771851600,391.0
2026-02-22 17:00:00,2026-02-23 17:00:00,1771855200,245.0
2026-02-22 18:00:00,2026-02-23 18:00:00,1771858800,147.0
2026-02-22 19:00:00,2026-02-23 19:00:00,1771862400,18.0
2026-02-22 20:00:00,2026-02-23 20:00:00,1771866000,0.0
2026-02-22 21:00:00,2026-02-23 21:00:00,1771869600,0.0
2026-02-22 22:00:00,2026-02-23 22:00:00,1771873200,0.0
2026-02-22 23:00:00,2026-02-23 23:00:00,1771876800,0.0
2026-02-23 00:00:00,2026-02-24 00:00:00,1771880400,0.0
2026-02-23 01:00:00,2026-02-24 01:00:00,1771884000,0.0
2026-02-23 02:00:00,2026-02-24 02:00:00,1771887600,0.0
2026-02-23 03:00:00,2026-02-24 03:00:00,1771891200,0.0
2026-02-23 04:00:00,2026-02-24 04:00:00,1771894800,0.0
2026-02-23 05:00:00,2026-02-24 05:00:00,1771898400,0.0
2026-02-23 06:00:00,2026-02-24 06:00:00,1771902000,0.0
2026-02-23 07:00:00,2026-02-24 07:00:00,1771905600,0.0
2026-02-23 08:00:00,2026-02-24 08:00:00,1771909200,12.0
2026-02-23 09:00:00,2026-02-24 09:00:00,1771912800,138.0
2026-02-23 10:00:00,2026-02-24 10:00:00,1771916400,324.0
2026-02-23 11:00:00,2026-02-24 11:00:00,1771920000,486.0
2026-02-23 12:00:00,2026-02-24 12:00:00,1771923600,610.0
2026-02-23 13:00:00,2026-02-24 13:00:00,1771927200,639.0
2026-02-23 14:00:00,2026-02-24 14:00:00,1771930800,604.0
2026-02-23 15:00:00,2026-02-24 15:00:00,1771934400,546.0
2026-02-23 16:00:00,2026-02-24 16:00:00,1771938000,460.0
2026-02-23 17:00:00,2026-02-24 17:00:00,1771941600,333.0
2026-02-23 18:00:00,2026-02-24 18:00:00,1771945200,160.0
2026-02-23 19:00:00,2026-02-24 19:00:00,1771948800,19.0
2026-02-23 20:00:00,2026-02-24 20:00:00,1771952400,0.0
2026-02-23 21:00:00,2026-02-24 21:00:00,1771956000,0.0
2026-02-23 22:00:00,2026-02-24 22:00:00,1771959600,0.0
2026-02-23 23:00:00,2026-02-24 23:00:00,1771963200,0.0
2026-02-24 00:00:00,2026-02-25 00:00:00,1771966800,0.0
2026-02-24 01:00:00,2026-02-25 01:00:00,1771970400,0.0
2026-02-24 02:00:00,2026-02-25 02:00:00,1771974000,0.0
2026-02-24 03:00:00,2026-02-25 03:00:00,1771977600,0.0
2026-02-24 04:00:00,2026-02-25 04:00:00,1771981200,0.0
2026-02-24 05:00:00,2026-02-25 05:00:00,1771984800,0.0
2026-02-24 06:00:00,2026-02-25 06:00:00,1771988400,0.0
2026-02-24 07:00:00,2026-02-25 07:00:00,1771992000,0.0
2026-02-24 08:00:00,2026-02-25 08:00:00,1771995600,8.0
2026-02-24 09:00:00,2026-02-25 09:00:00,1771999200,83.0
2026-02-24 10:00:00,2026-02-25 10:00:00,1772002800,245.0
2026-02-24 11:00:00,2026-02-25 11:00:00,1772006400,397.0
2026-02-24 12:00:00,2026-02-25 12:00:00,1772010000,508.0
2026-02-24 13:00:00,2026-02-25 13:00:00,1772013600,637.0
2026-02-24 14:00:00,2026-02-25 14:00:00,1772017200,628.0
2026-02-24 15:00:00,2026-02-25 15:00:00,1772020800,564.0
2026-02-24 16:00:00,2026-02-25 16:00:00,1772024400,458.0
2026-02-24 17:00:00,2026-02-25 17:00:00,1772028000,302.0
2026-02-24 18:00:00,2026-02-25 18:00:00,1772031600,121.0
2026-02-24 19:00:00,2026-02-25 19:00:00,1772035200,15.0
2026-02-24 20:00:00,2026-02-25 20:00:00,1772038800,0.0
2026-02-24 21:00:00,2026-02-25 21:00:00,1772042400,0.0
2026-02-24 22:00:00,2026-02-25 22:00:00,1772046000,0.0
2026-02-24 23:00:00,2026-02-25 23:00:00,1772049600,0.0
2026-02-25 00:00:00,2026-02-26 00:00:00,1772053200,0.0
2026-02-25 01:00:00,2026-02-26 01:00:00,1772056800,0.0
2026-02-25 02:00:00,2026-02-26 02:00:00,1772060400,0.0
2026-02-25 03:00:00,2026-02-26 03:00:00,1772064000,0.0
2026-02-25 04:00:00,2026-02-26 04:00:00,1772067600,0.0
2026-02-25 05:00:00,2026-02-26 05:00:00,1772071200,0.0
2026-02-25 06:00:00,2026-02-26 06:00:00,1772074800,0.0
2026-02-25 07:00:00,2026-02-26 07:00:00,1772078400,0.0
2026-02-25 08:00:00,2026-02-26 08:00:00,1772082000,15.0
2026-02-25 09:00:00,2026-02-26 09:00:00,1772085600,149.0
2026-02-25 10:00:00,2026-02-26 10:00:00,1772089200,349.0
2026-02-25 11:00:00,2026-02-26 11:00:00,1772092800,529.0
2026-02-25 12:00:00,2026-02-26 12:00:00,1772096400,637.0
2026-02-25 13:00:00,2026-02-26 13:00:00,1772100000,730.0
2026-02-25 14:00:00,2026-02-26 14:00:00,1772103600,731.0
2026-02-25 15:00:00,2026-02-26 15:00:00,1772107200,659.0
2026-02-25 16:00:00,2026-02-26 16:00:00,1772110800,531.0
2026-02-25 17:00:00,2026-02-26 17:00:00,1772114400,372.0
2026-02-25 18:00:00,2026-02-26 18:00:00,1772118000,172.0
2026-02-25 19:00:00,2026-02-26 19:00:00,1772121600,20.0
2026-02-25 20:00:00,2026-02-26 20:00:00,1772125200,0.0
2026-02-25 21:00:00,2026-02-26 21:00:00,1772128800,0.0
2026-02-25 22:00:00,2026-02-26 22:00:00,1772132400,0.0
2026-02-25 23:00:00,2026-02-26 23:00:00,1772136000,0.0
2026-02-26 00:00:00,2026-02-27 00:00:00,1772139600,0.0
2026-02-26 01:00:00,2026-02-27 01:00:00,1772143200,0.0
2026-02-26 02:00:00,2026-02-27 02:00:00,1772146800,0.0
2026-02-26 03:00:00,2026-02-27 03:00:00,1772150400,0.0
2026-02-26 04:00:00,2026-02-27 04:00:00,1772154000,0.0
2026-02-26 05:00:00,2026-02-27 05:00:00,1772157600,0.0
2026-02-26 06:00:00,2026-02-27 06:00:00,1772161200,0.0
2026-02-26 07:00:00,2026-02-27 07:00:00,1772164800,0.0
2026-02-26 08:00:00,2026-02-27 08:00:00,1772168400,17.0
2026-02-26 09:00:00,2026-02-27 09:00:00,1772172000,151.0
2026-02-26 10:00:00,2026-02-27 10:00:00,1772175600,332.0
2026-02-26 11:00:00,2026-02-27 11:00:00,1772179200,512.0
2026-02-26 12:00:00,2026-02-27 12:00:00,1772182800,650.0
2026-02-26 13:00:00,2026-02-27 13:00:00,1772186400,722.0
2026-02-26 14:00:00,2026-02-27 14:00:00,1772190000,728.0
2026-02-26 15:00:00,2026-02-27 15:00:00,1772193600,645.0
2026-02-26 16:00:00,2026-02-27 16:00:00,1772197200,538.0
2026-02-26 17:00:00,2026-02-27 17:00:00,1772200800,359.0
2026-02-26 18:00:00,2026-02-27 18:00:00,1772204400,177.0
2026-02-26 19:00:00,2026-02-27 19:00:00,1772208000,24.0
2026-02-26 20:00:00,2026-02-27 20:00:00,1772211600,0.0
2026-02-26 21:00:00,2026-02-27 21:00:00,1772215200,0.0
2026-02-26 22:00:00,2026-02-27 22:00:00,1772218800,0.0
2026-02-26 23:00:00,2026-02-27 23:00:00,1772222400,0.0
2026-02-27 00:00:00,2026-02-28 00:00:00,1772226000,0.0
2026-02-27 01:00:00,2026-02-28 01:00:00,1772229600,0.0
2026-02-27 02:00:00,2026-02-28 02:00:00,1772233200,0.0
2026-02-27 03:00:00,2026-02-28 03:00:00,1772236800,0.0
2026-02-27 04:00:00,2026-02-28 04:00:00,1772240400,0.0
2026-02-27 05:00:00,2026-02-28 05:00:00,1772244000,0.0
2026-02-27 06:00:00,2026-02-28 06:00:00,1772247600,0.0
2026-02-27 07:00:00,2026-02-28 07:00:00,1772251200,0.0
2026-02-27 08:00:00,2026-02-28 08:00:00,1772254800,18.0
2026-02-27 09:00:00,2026-02-28 09:00:00,1772258400,158.0
2026-02-27 10:00:00,2026-02-28 10:00:00,1772262000,356.0
2026-02-27 11:00:00,2026-02-28 11:00:00,1772265600,517.0
2026-02-27 12:00:00,2026-02-28 12:00:00,1772269200,643.0
2026-02-27 13:00:00,2026-02-28 13:00:00,1772272800,725.0
2026-02-27 14:00:00,2026-02-28 14:00:00,1772276400,692.0
2026-02-27 15:00:00,2026-02-28 15:00:00,1772280000,634.0
2026-02-27 16:00:00,2026-02-28 16:00:00,1772283600,487.0
2026-02-27 17:00:00,2026-02-28 17:00:00,1772287200,322.0
2026-02-27 18:00:00,2026-02-28 18:00:00,1772290800,132.0
2026-02-27 19:00:00,2026-02-28 19:00:00,1772294400,19.0
2026-02-27 20:00:00,2026-02-28 20:00:00,1772298000,0.0
2026-02-27 21:00:00,2026-02-28 21:00:00,1772301600,0.0
2026-02-27 22:00:00,2026-02-28 22:00:00,1772305200,0.0
2026-02-27 23:00:00,2026-02-28 23:00:00,1772308800,0.0
2026-02-28 00:00:00,2026-03-01 00:00:00,1772312400,0.0
2026-02-28 01:00:00,2026-03-01 01:00:00,1772316000,0.0
2026-02-28 02:00:00,2026-03-01 02:00:00,1772319600,0.0
2026-02-28 03:00:00,2026-03-01 03:00:00,1772323200,0.0
2026-02-28 04:00:00,2026-03-01 04:00:00,1772326800,0.0
2026-02-28 05:00:00,2026-03-01 05:00:00,1772330400,0.0
2026-02-28 06:00:00,2026-03-01 06:00:00,1772334000,0.0
2026-02-28 07:00:00,2026-03-01 07:00:00,1772337600,0.0
2026-02-28 08:00:00,2026-03-01 08:00:00,1772341200,18.0
2026-02-28 09:00:00,2026-03-01 09:00:00,1772344800,162.0
2026-02-28 10:00:00,2026-03-01 10:00:00,1772348400,359.0
2026-02-28 11:00:00,2026-03-01 11:00:00,1772352000,526.0
2026-02-28 12:00:00,2026-03-01 12:00:00,1772355600,645.0
2026-02-28 13:00:00,2026-03-01 13:00:00,1772359200,619.0
2026-02-28 14:00:00,2026-03-01 14:00:00,1772362800,528.0
2026-02-28 15:00:00,2026-03-01 15:00:00,1772366400,509.0
2026-02-28 16:00:00,2026-03-01 16:00:00,1772370000,479.0
2026-02-28 17:00:00,2026-03-01 17:00:00,1772373600,310.0
2026-02-28 18:00:00,2026-03-01 18:00:00,1772377200,126.0
2026-02-28 19:00:00,2026-03-01 19:00:00,1772380800,19.0
2026-02-28 20:00:00,2026-03-01 20:00:00,1772384400,0.0
2026-02-28 21:00:00,2026-03-01 21:00:00,1772388000,0.0
2026-02-28 22:00:00,2026-03-01 22:00:00,1772391600,0.0
2026-02-28 23:00:00,2026-03-01 23:00:00,1772395200,0.0
2026-03-01 00:00:00,2026-03-02 00:00:00,1772398800,0.0
2026-03-01 01:00:00,2026-03-02 01:00:00,1772402400,0.0
2026-03-01 02:00:00,2026-03-02 02:00:00,1772406000,0.0
2026-03-01 03:00:00,2026-03-02 03:00:00,1772409600,0.0
2026-03-01 04:00:00,2026-03-02 04:00:00,1772413200,0.0
2026-03-01 05:00:00,2026-03-02 05:00:00,1772416800,0.0
2026-03-01 06:00:00,2026-03-02 06:00:00,1772420400,0.0
2026-03-01 07:00:00,2026-03-02 07:00:00,1772424000,0.0
2026-03-01 08:00:00,2026-03-02 08:00:00,1772427600,19.0
2026-03-01 09:00:00,2026-03-02 09:00:00,1772431200,157.0
2026-03-01 10:00:00,2026-03-02 10:00:00,1772434800,358.0
2026-03-01 11:00:00,2026-03-02 11:00:00,1772438400,547.0
2026-03-01 12:00:00,2026-03-02 12:00:00,1772442000,677.0
2026-03-01 13:00:00,2026-03-02 13:00:00,1772445600,719.0
2026-03-01 14:00:00,2026-03-02 14:00:00,1772449200,683.0
2026-03-01 15:00:00,2026-03-02 15:00:00,1772452800,645.0
2026-03-01 16:00:00,2026-03-02 16:00:00,1772456400,541.0
2026-03-01 17:00:00,2026-03-02 17:00:00,1772460000,369.0
2026-03-01 18:00:00,2026-03-02 18:00:00,1772463600,181.0
2026-03-01 19:00:00,2026-03-02 19:00:00,1772467200,28.0
2026-03-01 20:00:00,2026-03-02 20:00:00,1772470800,0.0
2026-03-01 21:00:00,2026-03-02 21:00:00,1772474400,0.0
2026-03-01 22:00:00,2026-03-02 22:00:00,1772478000,0.0
2026-03-01 23:00:00,2026-03-02 23:00:00,1772481600,0.0
2026-03-02 00:00:00,2026-03-03 00:00:00,1772485200,0.0
2026-03-02 01:00:00,2026-03-03 01:00:00,1772488800,0.0
2026-03-02 02:00:00,2026-03-03 02:00:00,1772492400,0.0
2026-03-02 03:00:00,2026-03-03 03:00:00,1772496000,0.0
2026-03-02 04:00:00,2026-03-03 04:00:00,1772499600,0.0
2026-03-02 05:00:00,2026-03-03 05:00:00,1772503200,0.0
2026-03-02 06:00:00,2026-03-03 06:00:00,1772506800,0.0
2026-03-02 07:00:00,2026-03-03 07:00:00,1772510400,0.0
2026-03-02 08:00:00,2026-03-03 08:00:00,1772514000,20.0
2026-03-02 09:00:00,2026-03-03 09:00:00,1772517600,159.0
2026-03-02 10:00:00,2026-03-03 10:00:00,1772521200,374.0
2026-03-02 11:00:00,2026-03-03 11:00:00,1772524800,554.0
2026-03-02 12:00:00,2026-03-03 12:00:00,1772528400,685.0
2026-03-02 13:00:00,2026-03-03 13:00:00,1772532000,753.0
2026-03-02 14:00:00,2026-03-03 14:00:00,1772535600,750.0
2026-03-02 15:00:00,2026-03-03 15:00:00,1772539200,676.0
2026-03-02 16:00:00,2026-03-03 16:00:00,1772542800,550.0
2026-03-02 17:00:00,2026-03-03 17:00:00,1772546400,378.0
2026-03-02 18:00:00,2026-03-03 18:00:00,1772550000,185.0
2026-03-02 19:00:00,2026-03-03 19:00:00,1772553600,29.0
2026-03-02 20:00:00,2026-03-03 20:00:00,1772557200,0.0
2026-03-02 21:00:00,2026-03-03 21:00:00,1772560800,0.0
2026-03-02 22:00:00,2026-03-03 22:00:00,1772564400,0.0
2026-03-02 23:00:00,2026-03-03 23:00:00,1772568000,0.0
2026-03-03 00:00:00,2026-03-04 00:00:00,1772571600,0.0
2026-03-03 01:00:00,2026-03-04 01:00:00,1772575200,0.0
2026-03-03 02:00:00,2026-03-04 02:00:00,1772578800,0.0
2026-03-03 03:00:00,2026-03-04 03:00:00,1772582400,0.0
2026-03-03 04:00:00,2026-03-04 04:00:00,1772586000,0.0
2026-03-03 05:00:00,2026-03-04 05:00:00,1772589600,0.0
2026-03-03 06:00:00,2026-03-04 06:00:00,1772593200,0.0
2026-03-03 07:00:00,2026-03-04 07:00:00,1772596800,0.0
2026-03-03 08:00:00,2026-03-04 08:00:00,1772600400,22.0
2026-03-03 09:00:00,2026-03-04 09:00:00,1772604000,159.0
2026-03-03 10:00:00,2026-03-04 10:00:00,1772607600,340.0
2026-03-03 11:00:00,2026-03-04 11:00:00,1772611200,512.0
2026-03-03 12:00:00,2026-03-04 12:00:00,1772614800,607.0
2026-03-03 13:00:00,2026-03-04 13:00:00,1772618400,610.0
2026-03-03 14:00:00,2026-03-04 14:00:00,1772622000,620.0
2026-03-03 15:00:00,2026-03-04 15:00:00,1772625600,573.0
2026-03-03 16:00:00,2026-03-04 16:00:00,1772629200,562.0
2026-03-03 17:00:00,2026-03-04 17:00:00,1772632800,393.0
2026-03-03 18:00:00,2026-03-04 18:00:00,1772636400,191.0
2026-03-03 19:00:00,2026-03-04 19:00:00,1772640000,31.0
2026-03-03 20:00:00,2026-03-04 20:00:00,1772643600,0.0
2026-03-03 21:00:00,2026-03-04 21:00:00,1772647200,0.0
2026-03-03 22:00:00,2026-03-04 22:00:00,1772650800,0.0
2026-03-03 23:00:00,2026-03-04 23:00:00,1772654400,0.0
2026-03-04 00:00:00,2026-03-05 00:00:00,1772658000,0.0
2026-03-04 01:00:00,2026-03-05 01:00:00,1772661600,0.0
2026-03-04 02:00:00,2026-03-05 02:00:00,1772665200,0.0
2026-03-04 03:00:00,2026-03-05 03:00:00,1772668800,0.0
2026-03-04 04:00:00,2026-03-05 04:00:00,1772672400,0.0
2026-03-04 05:00:00,2026-03-05 05:00:00,1772676000,0.0
2026-03-04 06:00:00,2026-03-05 06:00:00,1772679600,0.0
2026-03-04 07:00:00,2026-03-05 07:00:00,1772683200,0.0
2026-03-04 08:00:00,2026-03-05 08:00:00,1772686800,26.0
2026-03-04 09:00:00,2026-03-05 09:00:00,1772690400,185.0
2026-03-04 10:00:00,2026-03-05 10:00:00,1772694000,381.0
2026-03-04 11:00:00,2026-03-05 11:00:00,1772697600,563.0
2026-03-04 12:00:00,2026-03-05 12:00:00,1772701200,694.0
2026-03-04 13:00:00,2026-03-05 13:00:00,1772704800,763.0
2026-03-04 14:00:00,2026-03-05 14:00:00,1772708400,764.0
2026-03-04 15:00:00,2026-03-05 15:00:00,1772712000,694.0
2026-03-04 16:00:00,2026-03-05 16:00:00,1772715600,550.0
2026-03-04 17:00:00,2026-03-05 17:00:00,1772719200,383.0
2026-03-04 18:00:00,2026-03-05 18:00:00,1772722800,190.0
2026-03-04 19:00:00,2026-03-05 19:00:00,1772726400,32.0
2026-03-04 20:00:00,2026-03-05 20:00:00,1772730000,0.0
2026-03-04 21:00:00,2026-03-05 21:00:00,1772733600,0.0
2026-03-04 22:00:00,2026-03-05 22:00:00,1772737200,0.0
2026-03-04 23:00:00,2026-03-05 23:00:00,1772740800,0.0
2026-03-05 00:00:00,2026-03-06 00:00:00,1772744400,0.0
2026-03-05 01:00:00,2026-03-06 01:00:00,1772748000,0.0
2026-03-05 02:00:00,2026-03-06 02:00:00,1772751600,0.0
2026-03-05 03:00:00,2026-03-06 03:00:00,1772755200,0.0
2026-03-05 04:00:00,2026-03-06 04:00:00,1772758800,0.0
2026-03-05 05:00:00,2026-03-06 05:00:00,1772762400,0.0
2026-03-05 06:00:00,2026-03-06 06:00:00,1772766000,0.0
2026-03-05 07:00:00,2026-03-06 07:00:00,1772769600,0.0
2026-03-05 08:00:00,2026-03-06 08:00:00,1772773200,26.0
2026-03-05 09:00:00,2026-03-06 09:00:00,1772776800,180.0
2026-03-05 10:00:00,2026-03-06 10:00:00,1772780400,372.0
2026-03-05 11:00:00,2026-03-06 11:00:00,1772784000,515.0
2026-03-05 12:00:00,2026-03-06 12:00:00,1772787600,593.0
2026-03-05 13:00:00,2026-03-06 13:00:00,1772791200,650.0
2026-03-05 14:00:00,2026-03-06 14:00:00,1772794800,658.0
2026-03-05 15:00:00,2026-03-06 15:00:00,1772798400,603.0
2026-03-05 16:00:00,2026-03-06 16:00:00,1772802000,543.0
2026-03-05 17:00:00,2026-03-06 17:00:00,1772805600,346.0
2026-03-05 18:00:00,2026-03-06 18:00:00,1772809200,188.0
2026-03-05 19:00:00,2026-03-06 19:00:00,1772812800,33.0
2026-03-05 20:00:00,2026-03-06 20:00:00,1772816400,0.0
2026-03-05 21:00:00,2026-03-06 21:00:00,1772820000,0.0
2026-03-05 22:00:00,2026-03-06 22:00:00,1772823600,0.0
2026-03-05 23:00:00,2026-03-06 23:00:00,1772827200,0.0
2026-03-06 00:00:00,2026-03-07 00:00:00,1772830800,0.0
2026-03-06 01:00:00,2026-03-07 01:00:00,1772834400,0.0
2026-03-06 02:00:00,2026-03-07 02:00:00,1772838000,0.0
2026-03-06 03:00:00,2026-03-07 03:00:00,1772841600,0.0
2026-03-06 04:00:00,2026-03-07 04:00:00,1772845200,0.0
2026-03-06 05:00:00,2026-03-07 05:00:00,1772848800,0.0
2026-03-06 06:00:00,2026-03-07 06:00:00,1772852400,0.0
2026-03-06 07:00:00,2026-03-07 07:00:00,1772856000,0.0
2026-03-06 08:00:00,2026-03-07 08:00:00,1772859600,27.0
2026-03-06 09:00:00,2026-03-07 09:00:00,1772863200,169.0
2026-03-06 10:00:00,2026-03-07 10:00:00,1772866800,363.0
2026-03-06 11:00:00,2026-03-07 11:00:00,1772870400,558.0
2026-03-06 12:00:00,2026-03-07 12:00:00,1772874000,619.0
2026-03-06 13:00:00,2026-03-07 13:00:00,1772877600,657.0
2026-03-06 14:00:00,2026-03-07 14:00:00,1772881200,735.0
2026-03-06 15:00:00,2026-03-07 15:00:00,1772884800,613.0
2026-03-06 16:00:00,2026-03-07 16:00:00,1772888400,547.0
2026-03-06 17:00:00,2026-03-07 17:00:00,1772892000,338.0
2026-03-06 18:00:00,2026-03-07 18:00:00,1772895600,166.0
2026-03-06 19:00:00,2026-03-07 19:00:00,1772899200,34.0
2026-03-06 20:00:00,2026-03-07 20:00:00,1772902800,0.0
2026-03-06 21:00:00,2026-03-07 21:00:00,1772906400,0.0
2026-03-06 22:00:00,2026-03-07 22:00:00,1772910000,0.0
2026-03-06 23:00:00,2026-03-07 23:00:00,1772913600,0.0
2026-03-07 00:00:00,2026-03-08 00:00:00,1772917200,0.0
2026-03-07 01:00:00,2026-03-08 01:00:00,1772920800,0.0
2026-03-07 02:00:00,2026-03-08 02:00:00,1772924400,0.0
2026-03-07 03:00:00,2026-03-08 03:00:00,1772928000,0.0
2026-03-07 04:00:00,2026-03-08 04:00:00,1772931600,0.0
2026-03-07 05:00:00,2026-03-08 05:00:00,1772935200,0.0
2026-03-07 06:00:00,2026-03-08 06:00:00,1772938800,0.0
2026-03-07 07:00:00,2026-03-08 07:00:00,1772942400,0.0
2026-03-07 08:00:00,2026-03-08 08:00:00,1772946000,33.0
2026-03-07 09:00:00,2026-03-08 09:00:00,1772949600,201.0
2026-03-07 10:00:00,2026-03-08 10:00:00,1772953200,404.0
2026-03-07 11:00:00,2026-03-08 11:00:00,1772956800,583.0
2026-03-07 12:00:00,2026-03-08 12:00:00,1772960400,714.0
2026-03-07 13:00:00,2026-03-08 13:00:00,1772964000,781.0
2026-03-07 14:00:00,2026-03-08 14:00:00,1772967600,783.0
2026-03-07 15:00:00,2026-03-08 15:00:00,1772971200,703.0
2026-03-07 16:00:00,2026-03-08 16:00:00,1772974800,587.0
2026-03-07 17:00:00,2026-03-08 17:00:00,1772978400,418.0
2026-03-07 18:00:00,2026-03-08 18:00:00,1772982000,211.0
2026-03-07 19:00:00,2026-03-08 19:00:00,1772985600,38.0
2026-03-07 20:00:00,2026-03-08 20:00:00,1772989200,0.0
2026-03-07 21:00:00,2026-03-08 21:00:00,1772992800,0.0
2026-03-07 22:00:00,2026-03-08 22:00:00,1772996400,0.0
2026-03-07 23:00:00,2026-03-08 23:00:00,1773000000,0.0
2026-03-08 00:00:00,2026-03-09 00:00:00,1773003600,0.0
2026-03-08 01:00:00,2026-03-09 01:00:00,1773007200,0.0
2026-03-08 02:00:00,2026-03-09 02:00:00,1773010800,0.0
2026-03-08 03:00:00,2026-03-09 03:00:00,1773014400,0.0
2026-03-08 04:00:00,2026-03-09 04:00:00,1773018000,0.0
2026-03-08 05:00:00,2026-03-09 05:00:00,1773021600,0.0
2026-03-08 06:00:00,2026-03-09 06:00:00,1773025200,0.0
2026-03-08 07:00:00,2026-03-09 07:00:00,1773028800,0.0
2026-03-08 08:00:00,2026-03-09 08:00:00,1773032400,36.0
2026-03-08 09:00:00,2026-03-09 09:00:00,1773036000,207.0
2026-03-08 10:00:00,2026-03-09 10:00:00,1773039600,415.0
2026-03-08 11:00:00,2026-03-09 11:00:00,1773043200,596.0
2026-03-08 12:00:00,2026-03-09 12:00:00,1773046800,729.0
2026-03-08 13:00:00,2026-03-09 13:00:00,1773050400,797.0
2026-03-08 14:00:00,2026-03-09 14:00:00,1773054000,792.0
2026-03-08 15:00:00,2026-03-09 15:00:00,1773057600,710.0
2026-03-08 16:00:00,2026-03-09 16:00:00,1773061200,582.0
2026-03-08 17:00:00,2026-03-09 17:00:00,1773064800,408.0
2026-03-08 18:00:00,2026-03-09 18:00:00,1773068400,209.0
2026-03-08 19:00:00,2026-03-09 19:00:00,1773072000,39.0
2026-03-08 20:00:00,2026-03-09 20:00:00,1773075600,0.0
2026-03-08 21:00:00,2026-03-09 21:00:00,1773079200,0.0
2026-03-08 22:00:00,2026-03-09 22:00:00,1773082800,0.0
2026-03-08 23:00:00,2026-03-09 23:00:00,1773086400,0.0
2026-03-09 00:00:00,2026-03-10 00:00:00,1773090000,0.0
2026-03-09 01:00:00,2026-03-10 01:00:00,1773093600,0.0
2026-03-09 02:00:00,2026-03-10 02:00:00,1773097200,0.0
2026-03-09 03:00:00,2026-03-10 03:00:00,1773100800,0.0
2026-03-09 04:00:00,2026-03-10 04:00:00,1773104400,0.0
2026-03-09 05:00:00,2026-03-10 05:00:00,1773108000,0.0
2026-03-09 06:00:00,2026-03-10 06:00:00,1773111600,0.0
2026-03-09 07:00:00,2026-03-10 07:00:00,1773115200,0.0
2026-03-09 08:00:00,2026-03-10 08:00:00,1773118800,38.0
2026-03-09 09:00:00,2026-03-10 09:00:00,1773122400,210.0
2026-03-09 10:00:00,2026-03-10 10:00:00,1773126000,418.0
2026-03-09 11:00:00,2026-03-10 11:00:00,1773129600,598.0
2026-03-09 12:00:00,2026-03-10 12:00:00,1773133200,728.0
2026-03-09 13:00:00,2026-03-10 13:00:00,1773136800,793.0
2026-03-09 14:00:00,2026-03-10 14:00:00,1773140400,697.0
2026-03-09 15:00:00,2026-03-10 15:00:00,1773144000,603.0
2026-03-09 16:00:00,2026-03-10 16:00:00,1773147600,500.0
2026-03-09 17:00:00,2026-03-10 17:00:00,1773151200,342.0
2026-03-09 18:00:00,2026-03-10 18:00:00,1773154800,187.0
2026-03-09 19:00:00,2026-03-10 19:00:00,1773158400,35.0
2026-03-09 20:00:00,2026-03-10 20:00:00,1773162000,0.0
2026-03-09 21:00:00,2026-03-10 21:00:00,1773165600,0.0
2026-03-09 22:00:00,2026-03-10 22:00:00,1773169200,0.0
2026-03-09 23:00:00,2026-03-10 23:00:00,1773172800,0.0
2026-03-10 00:00:00,2026-03-11 00:00:00,1773176400,0.0
2026-03-10 01:00:00,2026-03-11 01:00:00,1773180000,0.0
2026-03-10 02:00:00,2026-03-11 02:00:00,1773183600,0.0
2026-03-10 03:00:00,2026-03-11 03:00:00,1773187200,0.0
2026-03-10 04:00:00,2026-03-11 04:00:00,1773190800,0.0
2026-03-10 05:00:00,2026-03-11 05:00:00,1773194400,0.0
2026-03-10 06:00:00,2026-03-11 06:00:00,1773198000,0.0
2026-03-10 07:00:00,2026-03-11 07:00:00,1773201600,0.0
2026-03-10 08:00:00,2026-03-11 08:00:00,1773205200,41.0
2026-03-10 09:00:00,2026-03-11 09:00:00,1773208800,216.0
2026-03-10 10:00:00,2026-03-11 10:00:00,1773212400,423.0
2026-03-10 11:00:00,2026-03-11 11:00:00,1773216000,603.0
2026-03-10 12:00:00,2026-03-11 12:00:00,1773219600,734.0
2026-03-10 13:00:00,2026-03-11 13:00:00,1773223200,796.0
2026-03-10 14:00:00,2026-03-11 14:00:00,1773226800,714.0
2026-03-10 15:00:00,2026-03-11 15:00:00,1773230400,652.0
2026-03-10 16:00:00,2026-03-11 16:00:00,1773234000,480.0
2026-03-10 17:00:00,2026-03-11 17:00:00,1773237600,283.0
2026-03-10 18:00:00,2026-03-11 18:00:00,1773241200,152.0
2026-03-10 19:00:00,2026-03-11 19:00:00,1773244800,30.0
2026-03-10 20:00:00,2026-03-11 20:00:00,1773248400,0.0
2026-03-10 21:00:00,2026-03-11 21:00:00,1773252000,0.0
2026-03-10 22:00:00,2026-03-11 22:00:00,1773255600,0.0
2026-03-10 23:00:00,2026-03-11 23:00:00,1773259200,0.0
2026-03-11 00:00:00,2026-03-12 00:00:00,1773262800,0.0
2026-03-11 01:00:00,2026-03-12 01:00:00,1773266400,0.0
2026-03-11 02:00:00,2026-03-12 02:00:00,1773270000,0.0
2026-03-11 03:00:00,2026-03-12 03:00:00,1773273600,0.0
2026-03-11 04:00:00,2026-03-12 04:00:00,1773277200,0.0
2026-03-11 05:00:00,2026-03-12 05:00:00,1773280800,0.0
2026-03-11 06:00:00,2026-03-12 06:00:00,1773284400,0.0
2026-03-11 07:00:00,2026-03-12 07:00:00,1773288000,0.0
2026-03-11 08:00:00,2026-03-12 08:00:00,1773291600,42.0
2026-03-11 09:00:00,2026-03-12 09:00:00,1773295200,216.0
2026-03-11 10:00:00,2026-03-12 10:00:00,1773298800,422.0
2026-03-11 11:00:00,2026-03-12 11:00:00,1773302400,601.0
2026-03-11 12:00:00,2026-03-12 12:00:00,1773306000,730.0
2026-03-11 13:00:00,2026-03-12 13:00:00,1773309600,754.0
2026-03-11 14:00:00,2026-03-12 14:00:00,1773313200,672.0
2026-03-11 15:00:00,2026-03-12 15:00:00,1773316800,591.0
2026-03-11 16:00:00,2026-03-12 16:00:00,1773320400,447.0
2026-03-11 17:00:00,2026-03-12 17:00:00,1773324000,273.0
2026-03-11 18:00:00,2026-03-12 18:00:00,1773327600,168.0
2026-03-11 19:00:00,2026-03-12 19:00:00,1773331200,34.0
2026-03-11 20:00:00,2026-03-12 20:00:00,1773334800,0.0
2026-03-11 21:00:00,2026-03-12 21:00:00,1773338400,0.0
2026-03-11 22:00:00,2026-03-12 22:00:00,1773342000,0.0
2026-03-11 23:00:00,2026-03-12 23:00:00,1773345600,0.0
2026-03-12 00:00:00,2026-03-13 00:00:00,1773349200,0.0
2026-03-12 01:00:00,2026-03-13 01:00:00,1773352800,0.0
2026-03-12 02:00:00,2026-03-13 02:00:00,1773356400,0.0
2026-03-12 03:00:00,2026-03-13 03:00:00,1773360000,0.0
2026-03-12 04:00:00,2026-03-13 04:00:00,1773363600,0.0
2026-03-12 05:00:00,2026-03-13 05:00:00,1773367200,0.0
2026-03-12 06:00:00,2026-03-13 06:00:00,1773370800,0.0
2026-03-12 07:00:00,2026-03-13 07:00:00,1773374400,0.0
2026-03-12 08:00:00,2026-03-13 08:00:00,1773378000,46.0
2026-03-12 09:00:00,2026-03-13 09:00:00,1773381600,225.0
2026-03-12 10:00:00,2026-03-13 10:00:00,1773385200,431.0
2026-03-12 11:00:00,2026-03-13 11:00:00,1773388800,543.0
2026-03-12 12:00:00,2026-03-13 12:00:00,1773392400,648.0
2026-03-12 13:00:00,2026-03-13 13:00:00,1773396000,744.0
2026-03-12 14:00:00,2026-03-13 14:00:00,1773399600,756.0
2026-03-12 15:00:00,2026-03-13 15:00:00,1773403200,691.0
2026-03-12 16:00:00,2026-03-13 16:00:00,1773406800,492.0
2026-03-12 17:00:00,2026-03-13 17:00:00,1773410400,291.0
2026-03-12 18:00:00,2026-03-13 18:00:00,1773414000,111.0
2026-03-12 19:00:00,2026-03-13 19:00:00,1773417600,32.0
2026-03-12 20:00:00,2026-03-13 20:00:00,1773421200,0.0
2026-03-12 21:00:00,2026-03-13 21:00:00,1773424800,0.0
2026-03-12 22:00:00,2026-03-13 22:00:00,1773428400,0.0
2026-03-12 23:00:00,2026-03-13 23:00:00,1773432000,0.0
2026-03-13 00:00:00,2026-03-14 00:00:00,1773435600,0.0
2026-03-13 01:00:00,2026-03-14 01:00:00,1773439200,0.0
2026-03-13 02:00:00,2026-03-14 02:00:00,1773442800,0.0
2026-03-13 03:00:00,2026-03-14 03:00:00,1773446400,0.0
2026-03-13 04:00:00,2026-03-14 04:00:00,1773450000,0.0
2026-03-13 05:00:00,2026-03-14 05:00:00,1773453600,0.0
2026-03-13 06:00:00,2026-03-14 06:00:00,1773457200,0.0
2026-03-13 07:00:00,2026-03-14 07:00:00,1773460800,0.0
2026-03-13 08:00:00,2026-03-14 08:00:00,1773464400,16.0
2026-03-13 09:00:00,2026-03-14 09:00:00,1773468000,54.0
2026-03-13 10:00:00,2026-03-14 10:00:00,1773471600,220.0
2026-03-13 11:00:00,2026-03-14 11:00:00,1773475200,318.0
2026-03-13 12:00:00,2026-03-14 12:00:00,1773478800,554.0
2026-03-13 13:00:00,2026-03-14 13:00:00,1773482400,772.0
2026-03-13 14:00:00,2026-03-14 14:00:00,1773486000,754.0
2026-03-13 15:00:00,2026-03-14 15:00:00,1773489600,705.0
2026-03-13 16:00:00,2026-03-14 16:00:00,1773493200,590.0
2026-03-13 17:00:00,2026-03-14 17:00:00,1773496800,365.0
2026-03-13 18:00:00,2026-03-14 18:00:00,1773500400,174.0
2026-03-13 19:00:00,2026-03-14 19:00:00,1773504000,34.0
2026-03-13 20:00:00,2026-03-14 20:00:00,1773507600,0.0
2026-03-13 21:00:00,2026-03-14 21:00:00,1773511200,0.0
2026-03-13 22:00:00,2026-03-14 22:00:00,1773514800,0.0
2026-03-13 23:00:00,2026-03-14 23:00:00,1773518400,0.0
2026-03-14 00:00:00,2026-03-15 00:00:00,1773522000,0.0
2026-03-14 01:00:00,2026-03-15 01:00:00,1773525600,0.0
2026-03-14 02:00:00,2026-03-15 02:00:00,1773529200,0.0
2026-03-14 03:00:00,2026-03-15 03:00:00,1773532800,0.0
2026-03-14 04:00:00,2026-03-15 04:00:00,1773536400,0.0
2026-03-14 05:00:00,2026-03-15 05:00:00,1773540000,0.0
2026-03-14 06:00:00,2026-03-15 06:00:00,1773543600,0.0
2026-03-14 07:00:00,2026-03-15 07:00:00,1773547200,0.0
2026-03-14 08:00:00,2026-03-15 08:00:00,1773550800,9.0
2026-03-14 09:00:00,2026-03-15 09:00:00,1773554400,44.0
2026-03-14 10:00:00,2026-03-15 10:00:00,1773558000,160.0
2026-03-14 11:00:00,2026-03-15 11:00:00,1773561600,161.0
2026-03-14 12:00:00,2026-03-15 12:00:00,1773565200,96.0
2026-03-14 13:00:00,2026-03-15 13:00:00,1773568800,86.0
2026-03-14 14:00:00,2026-03-15 14:00:00,1773572400,106.0
2026-03-14 15:00:00,2026-03-15 15:00:00,1773576000,123.0
2026-03-14 16:00:00,2026-03-15 16:00:00,1773579600,70.0
2026-03-14 17:00:00,2026-03-15 17:00:00,1773583200,71.0
2026-03-14 18:00:00,2026-03-15 18:00:00,1773586800,64.0
2026-03-14 19:00:00,2026-03-15 19:00:00,1773590400,22.0
2026-03-14 20:00:00,2026-03-15 20:00:00,1773594000,0.0
2026-03-14 21:00:00,2026-03-15 21:00:00,1773597600,0.0
2026-03-14 22:00:00,2026-03-15 22:00:00,1773601200,0.0
2026-03-14 23:00:00,2026-03-15 23:00:00,1773604800,0.0
2026-03-15 00:00:00,2026-03-16 00:00:00,1773608400,0.0
2026-03-15 01:00:00,2026-03-16 01:00:00,1773612000,0.0
2026-03-15 02:00:00,2026-03-16 02:00:00,1773615600,0.0
2026-03-15 03:00:00,2026-03-16 03:00:00,1773619200,0.0
2026-03-15 04:00:00,2026-03-16 04:00:00,1773622800,0.0
2026-03-15 05:00:00,2026-03-16 05:00:00,1773626400,0.0
2026-03-15 06:00:00,2026-03-16 06:00:00,1773630000,0.0
2026-03-15 07:00:00,2026-03-16 07:00:00,1773633600,0.0
2026-03-15 08:00:00,2026-03-16 08:00:00,1773637200,45.0
2026-03-15 09:00:00,2026-03-16 09:00:00,1773640800,176.0
2026-03-15 10:00:00,2026-03-16 10:00:00,1773644400,308.0
2026-03-15 11:00:00,2026-03-16 11:00:00,1773648000,501.0
2026-03-15 12:00:00,2026-03-16 12:00:00,1773651600,551.0
2026-03-15 13:00:00,2026-03-16 13:00:00,1773655200,620.0
2026-03-15 14:00:00,2026-03-16 14:00:00,1773658800,700.0
2026-03-15 15:00:00,2026-03-16 15:00:00,1773662400,656.0
2026-03-15 16:00:00,2026-03-16 16:00:00,1773666000,559.0
2026-03-15 17:00:00,2026-03-16 17:00:00,1773669600,395.0
2026-03-15 18:00:00,2026-03-16 18:00:00,1773673200,206.0
2026-03-15 19:00:00,2026-03-16 19:00:00,1773676800,47.0
2026-03-15 20:00:00,2026-03-16 20:00:00,1773680400,0.0
2026-03-15 21:00:00,2026-03-16 21:00:00,1773684000,0.0
2026-03-15 22:00:00,2026-03-16 22:00:00,1773687600,0.0
2026-03-15 23:00:00,2026-03-16 23:00:00,1773691200,0.0
2026-03-16 00:00:00,2026-03-17 00:00:00,1773694800,0.0
2026-03-16 01:00:00,2026-03-17 01:00:00,1773698400,0.0
2026-03-16 02:00:00,2026-03-17 02:00:00,1773702000,0.0
2026-03-16 03:00:00,2026-03-17 03:00:00,1773705600,0.0
2026-03-16 04:00:00,2026-03-17 04:00:00,1773709200,0.0
2026-03-16 05:00:00,2026-03-17 05:00:00,1773712800,0.0
2026-03-16 06:00:00,2026-03-17 06:00:00,1773716400,0.0
2026-03-16 07:00:00,2026-03-17 07:00:00,1773720000,0.0
2026-03-16 08:00:00,2026-03-17 08:00:00,1773723600,50.0
2026-03-16 09:00:00,2026-03-17 09:00:00,1773727200,230.0
2026-03-16 10:00:00,2026-03-17 10:00:00,1773730800,443.0
2026-03-16 11:00:00,2026-03-17 11:00:00,1773734400,623.0
2026-03-16 12:00:00,2026-03-17 12:00:00,1773738000,752.0
2026-03-16 13:00:00,2026-03-17 13:00:00,1773741600,810.0
2026-03-16 14:00:00,2026-03-17 14:00:00,1773745200,795.0
2026-03-16 15:00:00,2026-03-17 15:00:00,1773748800,695.0
2026-03-16 16:00:00,2026-03-17 16:00:00,1773752400,584.0
2026-03-16 17:00:00,2026-03-17 17:00:00,1773756000,401.0
2026-03-16 18:00:00,2026-03-17 18:00:00,1773759600,199.0
2026-03-16 19:00:00,2026-03-17 19:00:00,1773763200,49.0
2026-03-16 20:00:00,2026-03-17 20:00:00,1773766800,0.0
2026-03-16 21:00:00,2026-03-17 21:00:00,1773770400,0.0
2026-03-16 22:00:00,2026-03-17 22:00:00,1773774000,0.0
2026-03-16 23:00:00,2026-03-17 23:00:00,1773777600,0.0
2026-03-17 00:00:00,2026-03-18 00:00:00,1773781200,0.0
2026-03-17 01:00:00,2026-03-18 01:00:00,1773784800,0.0
2026-03-17 02:00:00,2026-03-18 02:00:00,1773788400,0.0
2026-03-17 03:00:00,2026-03-18 03:00:00,1773792000,0.0
2026-03-17 04:00:00,2026-03-18 04:00:00,1773795600,0.0
2026-03-17 05:00:00,2026-03-18 05:00:00,1773799200,0.0
2026-03-17 06:00:00,2026-03-18 06:00:00,1773802800,0.0
2026-03-17 07:00:00,2026-03-18 07:00:00,1773806400,0.0
2026-03-17 08:00:00,2026-03-18 08:00:00,1773810000,22.0
2026-03-17 09:00:00,2026-03-18 09:00:00,1773813600,89.0
2026-03-17 10:00:00,2026-03-18 10:00:00,1773817200,247.0
2026-03-17 11:00:00,2026-03-18 11:00:00,1773820800,480.0
2026-03-17 12:00:00,2026-03-18 12:00:00,1773824400,594.0
2026-03-17 13:00:00,2026-03-18 13:00:00,1773828000,548.0
2026-03-17 14:00:00,2026-03-18 14:00:00,1773831600,388.0
2026-03-17 15:00:00,2026-03-18 15:00:00,1773835200,450.0
2026-03-17 16:00:00,2026-03-18 16:00:00,1773838800,397.0
2026-03-17 17:00:00,2026-03-18 17:00:00,1773842400,225.0
2026-03-17 18:00:00,2026-03-18 18:00:00,1773846000,75.0
2026-03-17 19:00:00,2026-03-18 19:00:00,1773849600,22.0
2026-03-17 20:00:00,2026-03-18 20:00:00,1773853200,0.0
2026-03-17 21:00:00,2026-03-18 21:00:00,1773856800,0.0
2026-03-17 22:00:00,2026-03-18 22:00:00,1773860400,0.0
2026-03-17 23:00:00,2026-03-18 23:00:00,1773864000,0.0
2026-03-18 00:00:00,2026-03-19 00:00:00,1773867600,0.0
2026-03-18 01:00:00,2026-03-19 01:00:00,1773871200,0.0
2026-03-18 02:00:00,2026-03-19 02:00:00,1773874800,0.0
2026-03-18 03:00:00,2026-03-19 03:00:00,1773878400,0.0
2026-03-18 04:00:00,2026-03-19 04:00:00,1773882000,0.0
2026-03-18 05:00:00,2026-03-19 05:00:00,1773885600,0.0
2026-03-18 06:00:00,2026-03-19 06:00:00,1773889200,0.0
2026-03-18 07:00:00,2026-03-19 07:00:00,1773892800,0.0
2026-03-18 08:00:00,2026-03-19 08:00:00,1773896400,54.0
2026-03-18 09:00:00,2026-03-19 09:00:00,1773900000,231.0
2026-03-18 10:00:00,2026-03-19 10:00:00,1773903600,343.0
2026-03-18 11:00:00,2026-03-19 11:00:00,1773907200,442.0
2026-03-18 12:00:00,2026-03-19 12:00:00,1773910800,593.0
2026-03-18 13:00:00,2026-03-19 13:00:00,1773914400,747.0
2026-03-18 14:00:00,2026-03-19 14:00:00,1773918000,659.0
2026-03-18 15:00:00,2026-03-19 15:00:00,1773921600,524.0
2026-03-18 16:00:00,2026-03-19 16:00:00,1773925200,442.0
2026-03-18 17:00:00,2026-03-19 17:00:00,1773928800,270.0
2026-03-18 18:00:00,2026-03-19 18:00:00,1773932400,168.0
2026-03-18 19:00:00,2026-03-19 19:00:00,1773936000,40.0
2026-03-18 20:00:00,2026-03-19 20:00:00,1773939600,0.0
2026-03-18 21:00:00,2026-03-19 21:00:00,1773943200,0.0
2026-03-18 22:00:00,2026-03-19 22:00:00,1773946800,0.0
2026-03-18 23:00:00,2026-03-19 23:00:00,1773950400,0.0
2026-03-19 00:00:00,2026-03-20 00:00:00,1773954000,0.0
2026-03-19 01:00:00,2026-03-20 01:00:00,1773957600,0.0
2026-03-19 02:00:00,2026-03-20 02:00:00,1773961200,0.0
2026-03-19 03:00:00,2026-03-20 03:00:00,1773964800,0.0
2026-03-19 04:00:00,2026-03-20 04:00:00,1773968400,0.0
2026-03-19 05:00:00,2026-03-20 05:00:00,1773972000,0.0
2026-03-19 06:00:00,2026-03-20 06:00:00,1773975600,0.0
2026-03-19 07:00:00,2026-03-20 07:00:00,1773979200,0.0
2026-03-19 08:00:00,2026-03-20 08:00:00,1773982800,44.0
2026-03-19 09:00:00,2026-03-20 09:00:00,1773986400,157.0
2026-03-19 10:00:00,2026-03-20 10:00:00,1773990000,349.0
2026-03-19 11:00:00,2026-03-20 11:00:00,1773993600,520.0
2026-03-19 12:00:00,2026-03-20 12:00:00,1773997200,701.0
2026-03-19 13:00:00,2026-03-20 13:00:00,1774000800,513.0
2026-03-19 14:00:00,2026-03-20 14:00:00,1774004400,382.0
2026-03-19 15:00:00,2026-03-20 15:00:00,1774008000,436.0
2026-03-19 16:00:00,2026-03-20 16:00:00,1774011600,387.0
2026-03-19 17:00:00,2026-03-20 17:00:00,1774015200,283.0
2026-03-19 18:00:00,2026-03-20 18:00:00,1774018800,157.0
2026-03-19 19:00:00,2026-03-20 19:00:00,1774022400,41.0
2026-03-19 20:00:00,2026-03-20 20:00:00,1774026000,0.0
2026-03-19 21:00:00,2026-03-20 21:00:00,1774029600,0.0
2026-03-19 22:00:00,2026-03-20 22:00:00,1774033200,0.0
2026-03-19 23:00:00,2026-03-20 23:00:00,1774036800,0.0
2026-03-20 00:00:00,2026-03-21 00:00:00,1774040400,0.0
2026-03-20 01:00:00,2026-03-21 01:00:00,1774044000,0.0
2026-03-20 02:00:00,2026-03-21 02:00:00,1774047600,0.0
2026-03-20 03:00:00,2026-03-21 03:00:00,1774051200,0.0
2026-03-20 04:00:00,2026-03-21 04:00:00,1774054800,0.0
2026-03-20 05:00:00,2026-03-21 05:00:00,1774058400,0.0
2026-03-20 06:00:00,2026-03-21 06:00:00,1774062000,0.0
2026-03-20 07:00:00,2026-03-21 07:00:00,1774065600,0.0
2026-03-20 08:00:00,2026-03-21 08:00:00,1774069200,40.0
2026-03-20 09:00:00,2026-03-21 09:00:00,1774072800,132.0
2026-03-20 10:00:00,2026-03-21 10:00:00,1774076400,161.0
2026-03-20 11:00:00,2026-03-21 11:00:00,1774080000,166.0
2026-03-20 12:00:00,2026-03-21 12:00:00,1774083600,301.0
2026-03-20 13:00:00,2026-03-21 13:00:00,1774087200,413.0
2026-03-20 14:00:00,2026-03-21 14:00:00,1774090800,707.0
2026-03-20 15:00:00,2026-03-21 15:00:00,1774094400,641.0
2026-03-20 16:00:00,2026-03-21 16:00:00,1774098000,510.0
2026-03-20 17:00:00,2026-03-21 17:00:00,1774101600,318.0
2026-03-20 18:00:00,2026-03-21 18:00:00,1774105200,190.0
2026-03-20 19:00:00,2026-03-21 19:00:00,1774108800,46.0
2026-03-20 20:00:00,2026-03-21 20:00:00,1774112400,0.0
2026-03-20 21:00:00,2026-03-21 21:00:00,1774116000,0.0
2026-03-20 22:00:00,2026-03-21 22:00:00,1774119600,0.0
2026-03-20 23:00:00,2026-03-21 23:00:00,1774123200,0.0
2026-03-21 00:00:00,2026-03-22 00:00:00,1774126800,0.0
2026-03-21 01:00:00,2026-03-22 01:00:00,1774130400,0.0
2026-03-21 02:00:00,2026-03-22 02:00:00,1774134000,0.0
2026-03-21 03:00:00,2026-03-22 03:00:00,1774137600,0.0
2026-03-21 04:00:00,2026-03-22 04:00:00,1774141200,0.0
2026-03-21 05:00:00,2026-03-22 05:00:00,1774144800,0.0
2026-03-21 06:00:00,2026-03-22 06:00:00,1774148400,0.0
2026-03-21 07:00:00,2026-03-22 07:00:00,1774152000,0.0
2026-03-21 08:00:00,2026-03-22 08:00:00,1774155600,47.0
2026-03-21 09:00:00,2026-03-22 09:00:00,1774159200,206.0
2026-03-21 10:00:00,2026-03-22 10:00:00,1774162800,356.0
2026-03-21 11:00:00,2026-03-22 11:00:00,1774166400,455.0
2026-03-21 12:00:00,2026-03-22 12:00:00,1774170000,593.0
2026-03-21 13:00:00,2026-03-22 13:00:00,1774173600,617.0
2026-03-21 14:00:00,2026-03-22 14:00:00,1774177200,622.0
2026-03-21 15:00:00,2026-03-22 15:00:00,1774180800,561.0
2026-03-21 16:00:00,2026-03-22 16:00:00,1774184400,514.0
2026-03-21 17:00:00,2026-03-22 17:00:00,1774188000,396.0
2026-03-21 18:00:00,2026-03-22 18:00:00,1774191600,216.0
2026-03-21 19:00:00,2026-03-22 19:00:00,1774195200,55.0
2026-03-21 20:00:00,2026-03-22 20:00:00,1774198800,0.0
2026-03-21 21:00:00,2026-03-22 21:00:00,1774202400,0.0
2026-03-21 22:00:00,2026-03-22 22:00:00,1774206000,0.0
2026-03-21 23:00:00,2026-03-22 23:00:00,1774209600,0.0
2026-03-22 00:00:00,2026-03-23 00:00:00,1774213200,0.0
2026-03-22 01:00:00,2026-03-23 01:00:00,1774216800,0.0
2026-03-22 02:00:00,2026-03-23 02:00:00,1774220400,0.0
2026-03-22 03:00:00,2026-03-23 03:00:00,1774224000,0.0
2026-03-22 04:00:00,2026-03-23 04:00:00,1774227600,0.0
2026-03-22 05:00:00,2026-03-23 05:00:00,1774231200,0.0
2026-03-22 06:00:00,2026-03-23 06:00:00,1774234800,0.0
2026-03-22 07:00:00,2026-03-23 07:00:00,1774238400,0.0
2026-03-22 08:00:00,2026-03-23 08:00:00,1774242000,53.0
2026-03-22 09:00:00,2026-03-23 09:00:00,1774245600,150.0
2026-03-22 10:00:00,2026-03-23 10:00:00,1774249200,383.0
2026-03-22 11:00:00,2026-03-23 11:00:00,1774252800,531.0
2026-03-22 12:00:00,2026-03-23 12:00:00,1774256400,705.0
2026-03-22 13:00:00,2026-03-23 13:00:00,1774260000,772.0
2026-03-22 14:00:00,2026-03-23 14:00:00,1774263600,749.0
2026-03-22 15:00:00,2026-03-23 15:00:00,1774267200,660.0
2026-03-22 16:00:00,2026-03-23 16:00:00,1774270800,472.0
2026-03-22 17:00:00,2026-03-23 17:00:00,1774274400,379.0
2026-03-22 18:00:00,2026-03-23 18:00:00,1774278000,168.0
2026-03-22 19:00:00,2026-03-23 19:00:00,1774281600,51.0
2026-03-22 20:00:00,2026-03-23 20:00:00,1774285200,0.0
2026-03-22 21:00:00,2026-03-23 21:00:00,1774288800,0.0
2026-03-22 22:00:00,2026-03-23 22:00:00,1774292400,0.0
2026-03-22 23:00:00,2026-03-23 23:00:00,1774296000,0.0
2026-03-23 00:00:00,2026-03-24 00:00:00,1774299600,0.0
2026-03-23 01:00:00,2026-03-24 01:00:00,1774303200,0.0
2026-03-23 02:00:00,2026-03-24 02:00:00,1774306800,0.0
2026-03-23 03:00:00,2026-03-24 03:00:00,1774310400,0.0
2026-03-23 04:00:00,2026-03-24 04:00:00,1774314000,0.0
2026-03-23 05:00:00,2026-03-24 05:00:00,1774317600,0.0
2026-03-23 06:00:00,2026-03-24 06:00:00,1774321200,0.0
2026-03-23 07:00:00,2026-03-24 07:00:00,1774324800,0.0
2026-03-23 08:00:00,2026-03-24 08:00:00,1774328400,65.0
2026-03-23 09:00:00,2026-03-24 09:00:00,1774332000,228.0
2026-03-23 10:00:00,2026-03-24 10:00:00,1774335600,402.0
2026-03-23 11:00:00,2026-03-24 11:00:00,1774339200,581.0
2026-03-23 12:00:00,2026-03-24 12:00:00,1774342800,658.0
2026-03-23 13:00:00,2026-03-24 13:00:00,1774346400,630.0
2026-03-23 14:00:00,2026-03-24 14:00:00,1774350000,692.0
2026-03-23 15:00:00,2026-03-24 15:00:00,1774353600,653.0
2026-03-23 16:00:00,2026-03-24 16:00:00,1774357200,484.0
2026-03-23 17:00:00,2026-03-24 17:00:00,1774360800,391.0
2026-03-23 18:00:00,2026-03-24 18:00:00,1774364400,137.0
2026-03-23 19:00:00,2026-03-24 19:00:00,1774368000,32.0
2026-03-23 20:00:00,2026-03-24 20:00:00,1774371600,0.0
2026-03-23 21:00:00,2026-03-24 21:00:00,1774375200,0.0
2026-03-23 22:00:00,2026-03-24 22:00:00,1774378800,0.0
2026-03-23 23:00:00,2026-03-24 23:00:00,1774382400,0.0
2026-03-24 00:00:00,2026-03-25 00:00:00,1774386000,0.0
2026-03-24 01:00:00,2026-03-25 01:00:00,1774389600,0.0
2026-03-24 02:00:00,2026-03-25 02:00:00,1774393200,0.0
2026-03-24 03:00:00,2026-03-25 03:00:00,1774396800,0.0
2026-03-24 04:00:00,2026-03-25 04:00:00,1774400400,0.0
2026-03-24 05:00:00,2026-03-25 05:00:00,1774404000,0.0
2026-03-24 06:00:00,2026-03-25 06:00:00,1774407600,0.0
2026-03-24 07:00:00,2026-03-25 07:00:00,1774411200,1.0
2026-03-24 08:00:00,2026-03-25 08:00:00,1774414800,75.0
2026-03-24 09:00:00,2026-03-25 09:00:00,1774418400,232.0
2026-03-24 10:00:00,2026-03-25 10:00:00,1774422000,392.0
2026-03-24 11:00:00,2026-03-25 11:00:00,1774425600,571.0
2026-03-24 12:00:00,2026-03-25 12:00:00,1774429200,693.0
2026-03-24 13:00:00,2026-03-25 13:00:00,1774432800,777.0
2026-03-24 14:00:00,2026-03-25 14:00:00,1774436400,717.0
2026-03-24 15:00:00,2026-03-25 15:00:00,1774440000,702.0
2026-03-24 16:00:00,2026-03-25 16:00:00,1774443600,408.0
2026-03-24 17:00:00,2026-03-25 17:00:00,1774447200,282.0
2026-03-24 18:00:00,2026-03-25 18:00:00,1774450800,209.0
2026-03-24 19:00:00,2026-03-25 19:00:00,1774454400,45.0
2026-03-24 20:00:00,2026-03-25 20:00:00,1774458000,0.0
2026-03-24 21:00:00,2026-03-25 21:00:00,1774461600,0.0
2026-03-24 22:00:00,2026-03-25 22:00:00,1774465200,0.0
2026-03-24 23:00:00,2026-03-25 23:00:00,1774468800,0.0
2026-03-25 00:00:00,2026-03-26 00:00:00,1774472400,0.0
2026-03-25 01:00:00,2026-03-26 01:00:00,1774476000,0.0
2026-03-25 02:00:00,2026-03-26 02:00:00,1774479600,0.0
2026-03-25 03:00:00,2026-03-26 03:00:00,1774483200,0.0
2026-03-25 04:00:00,2026-03-26 04:00:00,1774486800,0.0
2026-03-25 05:00:00,2026-03-26 05:00:00,1774490400,0.0
2026-03-25 06:00:00,2026-03-26 06:00:00,1774494000,0.0
2026-03-25 07:00:00,2026-03-26 07:00:00,1774497600,1.0
2026-03-25 08:00:00,2026-03-26 08:00:00,1774501200,80.0
2026-03-25 09:00:00,2026-03-26 09:00:00,1774504800,268.0
2026-03-25 10:00:00,2026-03-26 10:00:00,1774508400,458.0
2026-03-25 11:00:00,2026-03-26 11:00:00,1774512000,629.0
2026-03-25 12:00:00,2026-03-26 12:00:00,1774515600,714.0
2026-03-25 13:00:00,2026-03-26 13:00:00,1774519200,802.0
2026-03-25 14:00:00,2026-03-26 14:00:00,1774522800,689.0
2026-03-25 15:00:00,2026-03-26 15:00:00,1774526400,653.0
2026-03-25 16:00:00,2026-03-26 16:00:00,1774530000,565.0
2026-03-25 17:00:00,2026-03-26 17:00:00,1774533600,411.0
2026-03-25 18:00:00,2026-03-26 18:00:00,1774537200,218.0
2026-03-25 19:00:00,2026-03-26 19:00:00,1774540800,60.0
2026-03-25 20:00:00,2026-03-26 20:00:00,1774544400,0.0
2026-03-25 21:00:00,2026-03-26 21:00:00,1774548000,0.0
2026-03-25 22:00:00,2026-03-26 22:00:00,1774551600,0.0
2026-03-25 23:00:00,2026-03-26 23:00:00,1774555200,0.0
2026-03-26 00:00:00,2026-03-27 00:00:00,1774558800,0.0
2026-03-26 01:00:00,2026-03-27 01:00:00,1774562400,0.0
2026-03-26 02:00:00,2026-03-27 02:00:00,1774566000,0.0
2026-03-26 03:00:00,2026-03-27 03:00:00,1774569600,0.0
2026-03-26 04:00:00,2026-03-27 04:00:00,1774573200,0.0
2026-03-26 05:00:00,2026-03-27 05:00:00,1774576800,0.0
2026-03-26 06:00:00,2026-03-27 06:00:00,1774580400,0.0
2026-03-26 07:00:00,2026-03-27 07:00:00,1774584000,1.0
2026-03-26 08:00:00,2026-03-27 08:00:00,1774587600,74.0
2026-03-26 09:00:00,2026-03-27 09:00:00,1774591200,239.0
2026-03-26 10:00:00,2026-03-27 10:00:00,1774594800,436.0
2026-03-26 11:00:00,2026-03-27 11:00:00,1774598400,536.0
2026-03-26 12:00:00,2026-03-27 12:00:00,1774602000,704.0
2026-03-26 13:00:00,2026-03-27 13:00:00,1774605600,817.0
2026-03-26 14:00:00,2026-03-27 14:00:00,1774609200,817.0
2026-03-26 15:00:00,2026-03-27 15:00:00,1774612800,720.0
2026-03-26 16:00:00,2026-03-27 16:00:00,1774616400,577.0
2026-03-26 17:00:00,2026-03-27 17:00:00,1774620000,418.0
2026-03-26 18:00:00,2026-03-27 18:00:00,1774623600,233.0
2026-03-26 19:00:00,2026-03-27 19:00:00,1774627200,65.0
2026-03-26 20:00:00,2026-03-27 20:00:00,1774630800,0.0
2026-03-26 21:00:00,2026-03-27 21:00:00,1774634400,0.0
2026-03-26 22:00:00,2026-03-27 22:00:00,1774638000,0.0
2026-03-26 23:00:00,2026-03-27 23:00:00,1774641600,0.0
2026-03-27 00:00:00,2026-03-28 00:00:00,1774645200,0.0
2026-03-27 01:00:00,2026-03-28 01:00:00,1774648800,0.0
2026-03-27 02:00:00,2026-03-28 02:00:00,1774652400,0.0
2026-03-27 03:00:00,2026-03-28 03:00:00,1774656000,0.0
2026-03-27 04:00:00,2026-03-28 04:00:00,1774659600,0.0
2026-03-27 05:00:00,2026-03-28 05:00:00,1774663200,0.0
2026-03-27 06:00:00,2026-03-28 06:00:00,1774666800,0.0
2026-03-27 07:00:00,2026-03-28 07:00:00,1774670400,2.0
2026-03-27 08:00:00,2026-03-28 08:00:00,1774674000,85.0
2026-03-27 09:00:00,2026-03-28 09:00:00,1774677600,269.0
2026-03-27 10:00:00,2026-03-28 10:00:00,1774681200,466.0
2026-03-27 11:00:00,2026-03-28 11:00:00,1774684800,625.0
2026-03-27 12:00:00,2026-03-28 12:00:00,1774688400,757.0
2026-03-27 13:00:00,2026-03-28 13:00:00,1774692000,837.0
2026-03-27 14:00:00,2026-03-28 14:00:00,1774695600,829.0
2026-03-27 15:00:00,2026-03-28 15:00:00,1774699200,592.0
2026-03-27 16:00:00,2026-03-28 16:00:00,1774702800,190.0
2026-03-27 17:00:00,2026-03-28 17:00:00,1774706400,134.0
2026-03-27 18:00:00,2026-03-28 18:00:00,1774710000,93.0
2026-03-27 19:00:00,2026-03-28 19:00:00,1774713600,25.0
2026-03-27 20:00:00,2026-03-28 20:00:00,1774717200,0.0
2026-03-27 21:00:00,2026-03-28 21:00:00,1774720800,0.0
2026-03-27 22:00:00,2026-03-28 22:00:00,1774724400,0.0
2026-03-27 23:00:00,2026-03-28 23:00:00,1774728000,0.0
2026-03-28 00:00:00,2026-03-29 00:00:00,1774731600,0.0
2026-03-28 01:00:00,2026-03-29 01:00:00,1774735200,0.0
2026-03-28 02:00:00,2026-03-29 02:00:00,1774738800,0.0
2026-03-28 03:00:00,2026-03-29 03:00:00,1774742400,0.0
2026-03-28 04:00:00,2026-03-29 04:00:00,1774746000,0.0
2026-03-28 05:00:00,2026-03-29 05:00:00,1774749600,0.0
2026-03-28 06:00:00,2026-03-29 06:00:00,1774753200,0.0
2026-03-28 07:00:00,2026-03-29 07:00:00,1774756800,2.0
2026-03-28 08:00:00,2026-03-29 08:00:00,1774760400,90.0
2026-03-28 09:00:00,2026-03-29 09:00:00,1774764000,262.0
2026-03-28 10:00:00,2026-03-29 10:00:00,1774767600,495.0
2026-03-28 11:00:00,2026-03-29 11:00:00,1774771200,624.0
2026-03-28 12:00:00,2026-03-29 12:00:00,1774774800,754.0
2026-03-28 13:00:00,2026-03-29 13:00:00,1774778400,791.0
2026-03-28 14:00:00,2026-03-29 14:00:00,1774782000,800.0
2026-03-28 15:00:00,2026-03-29 15:00:00,1774785600,731.0
2026-03-28 16:00:00,2026-03-29 16:00:00,1774789200,498.0
2026-03-28 17:00:00,2026-03-29 17:00:00,1774792800,360.0
2026-03-28 18:00:00,2026-03-29 18:00:00,1774796400,212.0
2026-03-28 19:00:00,2026-03-29 19:00:00,1774800000,61.0
2026-03-28 20:00:00,2026-03-29 20:00:00,1774803600,0.0
2026-03-28 21:00:00,2026-03-29 21:00:00,1774807200,0.0
2026-03-28 22:00:00,2026-03-29 22:00:00,1774810800,0.0
2026-03-28 23:00:00,2026-03-29 23:00:00,1774814400,0.0
2026-03-29 00:00:00,2026-03-30 00:00:00,1774818000,0.0
2026-03-29 01:00:00,2026-03-30 01:00:00,1774821600,0.0
2026-03-29 02:00:00,2026-03-30 02:00:00,1774825200,0.0
2026-03-29 03:00:00,2026-03-30 03:00:00,1774828800,0.0
2026-03-29 04:00:00,2026-03-30 04:00:00,1774832400,0.0
2026-03-29 05:00:00,2026-03-30 05:00:00,1774836000,0.0
2026-03-29 06:00:00,2026-03-30 06:00:00,1774839600,0.0
2026-03-29 07:00:00,2026-03-30 07:00:00,1774843200,3.0
2026-03-29 08:00:00,2026-03-30 08:00:00,1774846800,93.0
2026-03-29 09:00:00,2026-03-30 09:00:00,1774850400,283.0
2026-03-29 10:00:00,2026-03-30 10:00:00,1774854000,473.0
2026-03-29 11:00:00,2026-03-30 11:00:00,1774857600,647.0
2026-03-29 12:00:00,2026-03-30 12:00:00,1774861200,765.0
2026-03-29 13:00:00,2026-03-30 13:00:00,1774864800,799.0
2026-03-29 14:00:00,2026-03-30 14:00:00,1774868400,809.0
2026-03-29 15:00:00,2026-03-30 15:00:00,1774872000,719.0
2026-03-29 16:00:00,2026-03-30 16:00:00,1774875600,579.0
2026-03-29 17:00:00,2026-03-30 17:00:00,1774879200,420.0
2026-03-29 18:00:00,2026-03-30 18:00:00,1774882800,230.0
2026-03-29 19:00:00,2026-03-30 19:00:00,1774886400,65.0
2026-03-29 20:00:00,2026-03-30 20:00:00,1774890000,0.0
2026-03-29 21:00:00,2026-03-30 21:00:00,1774893600,0.0
2026-03-29 22:00:00,2026-03-30 22:00:00,1774897200,0.0
2026-03-29 23:00:00,2026-03-30 23:00:00,1774900800,0.0
2026-03-30 00:00:00,2026-03-31 00:00:00,1774904400,0.0
2026-03-30 01:00:00,2026-03-31 01:00:00,1774908000,0.0
2026-03-30 02:00:00,2026-03-31 02:00:00,1774911600,0.0
2026-03-30 03:00:00,2026-03-31 03:00:00,1774915200,0.0
2026-03-30 04:00:00,2026-03-31 04:00:00,1774918800,0.0
2026-03-30 05:00:00,2026-03-31 05:00:00,1774922400,0.0
2026-03-30 06:00:00,2026-03-31 06:00:00,1774926000,0.0
2026-03-30 07:00:00,2026-03-31 07:00:00,1774929600,3.0
2026-03-30 08:00:00,2026-03-31 08:00:00,1774933200,94.0
2026-03-30 09:00:00,2026-03-31 09:00:00,1774936800,269.0
2026-03-30 10:00:00,2026-03-31 10:00:00,1774940400,476.0
2026-03-30 11:00:00,2026-03-31 11:00:00,1774944000,618.0
2026-03-30 12:00:00,2026-03-31 12:00:00,1774947600,721.0
2026-03-30 13:00:00,2026-03-31 13:00:00,1774951200,791.0
2026-03-30 14:00:00,2026-03-31 14:00:00,1774954800,821.0
2026-03-30 15:00:00,2026-03-31 15:00:00,1774958400,785.0
2026-03-30 16:00:00,2026-03-31 16:00:00,1774962000,653.0
2026-03-30 17:00:00,2026-03-31 17:00:00,1774965600,470.0
2026-03-30 18:00:00,2026-03-31 18:00:00,1774969200,255.0
2026-03-30 19:00:00,2026-03-31 19:00:00,1774972800,73.0
2026-03-30 20:00:00,2026-03-31 20:00:00,1774976400,0.0
2026-03-30 21:00:00,2026-03-31 21:00:00,1774980000,0.0
2026-03-30 22:00:00,2026-03-31 22:00:00,1774983600,0.0
2026-03-30 23:00:00,2026-03-31 23:00:00,1774987200,0.0
2026-03-31 00:00:00,2026-04-01 00:00:00,1774990800,0.0
2026-03-31 01:00:00,2026-04-01 01:00:00,1774994400,0.0
2026-03-31 02:00:00,2026-04-01 02:00:00,1774998000,0.0
2026-03-31 03:00:00,2026-04-01 03:00:00,1775001600,0.0
2026-03-31 04:00:00,2026-04-01 04:00:00,1775005200,0.0
2026-03-31 05:00:00,2026-04-01 05:00:00,1775008800,0.0
2026-03-31 06:00:00,2026-04-01 06:00:00,1775012400,0.0
2026-03-31 07:00:00,2026-04-01 07:00:00,1775016000,4.0
2026-03-31 08:00:00,2026-04-01 08:00:00,1775019600,106.0
2026-03-31 09:00:00,2026-04-01 09:00:00,1775023200,173.0
2026-03-31 10:00:00,2026-04-01 10:00:00,1775026800,349.0
2026-03-31 11:00:00,2026-04-01 11:00:00,1775030400,203.0
2026-03-31 12:00:00,2026-04-01 12:00:00,1775034000,291.0
2026-03-31 13:00:00,2026-04-01 13:00:00,1775037600,453.0
2026-03-31 14:00:00,2026-04-01 14:00:00,1775041200,484.0
2026-03-31 15:00:00,2026-04-01 15:00:00,1775044800,342.0
2026-03-31 16:00:00,2026-04-01 16:00:00,1775048400,184.0
2026-03-31 17:00:00,2026-04-01 17:00:00,1775052000,174.0
2026-03-31 18:00:00,2026-04-01 18:00:00,1775055600,37.0
2026-03-31 19:00:00,2026-04-01 19:00:00,1775059200,11.0
2026-03-31 20:00:00,2026-04-01 20:00:00,1775062800,0.0
2026-03-31 21:00:00,2026-04-01 21:00:00,1775066400,0.0
2026-03-31 22:00:00,2026-04-01 22:00:00,1775070000,0.0
2026-03-31 23:00:00,2026-04-01 23:00:00,1775073600,0.0
2026-04-01 00:00:00,2026-04-02 00:00:00,1775077200,0.0
2026-04-01 01:00:00,2026-04-02 01:00:00,1775080800,0.0
2026-04-01 02:00:00,2026-04-02 02:00:00,1775084400,0.0
2026-04-01 03:00:00,2026-04-02 03:00:00,1775088000,0.0
2026-04-01 04:00:00,2026-04-02 04:00:00,1775091600,0.0
2026-04-01 05:00:00,2026-04-02 05:00:00,1775095200,0.0
2026-04-01 06:00:00,2026-04-02 06:00:00,1775098800,0.0
2026-04-01 07:00:00,2026-04-02 07:00:00,1775102400,2.0
2026-04-01 08:00:00,2026-04-02 08:00:00,1775106000,16.0
2026-04-01 09:00:00,2026-04-02 09:00:00,1775109600,53.0
2026-04-01 10:00:00,2026-04-02 10:00:00,1775113200,408.0
2026-04-01 11:00:00,2026-04-02 11:00:00,1775116800,535.0
2026-04-01 12:00:00,2026-04-02 12:00:00,1775120400,632.0
2026-04-01 13:00:00,2026-04-02 13:00:00,1775124000,789.0
2026-04-01 14:00:00,2026-04-02 14:00:00,1775127600,794.0
2026-04-01 15:00:00,2026-04-02 15:00:00,1775131200,738.0
2026-04-01 16:00:00,2026-04-02 16:00:00,1775134800,636.0
2026-04-01 17:00:00,2026-04-02 17:00:00,1775138400,462.0
2026-04-01 18:00:00,2026-04-02 18:00:00,1775142000,257.0
2026-04-01 19:00:00,2026-04-02 19:00:00,1775145600,74.0
2026-04-01 20:00:00,2026-04-02 20:00:00,1775149200,1.0
2026-04-01 21:00:00,2026-04-02 21:00:00,1775152800,0.0
2026-04-01 22:00:00,2026-04-02 22:00:00,1775156400,0.0
2026-04-01 23:00:00,2026-04-02 23:00:00,1775160000,0.0
2026-04-02 00:00:00,2026-04-03 00:00:00,1775163600,0.0
2026-04-02 01:00:00,2026-04-03 01:00:00,1775167200,0.0
2026-04-02 02:00:00,2026-04-03 02:00:00,1775170800,0.0
2026-04-02 03:00:00,2026-04-03 03:00:00,1775174400,0.0
2026-04-02 04:00:00,2026-04-03 04:00:00,1775178000,0.0
2026-04-02 05:00:00,2026-04-03 05:00:00,1775181600,0.0
2026-04-02 06:00:00,2026-04-03 06:00:00,1775185200,0.0
2026-04-02 07:00:00,2026-04-03 07:00:00,1775188800,5.0
2026-04-02 08:00:00,2026-04-03 08:00:00,1775192400,111.0
2026-04-02 09:00:00,2026-04-03 09:00:00,1775196000,296.0
2026-04-02 10:00:00,2026-04-03 10:00:00,1775199600,495.0
2026-04-02 11:00:00,2026-04-03 11:00:00,1775203200,671.0
2026-04-02 12:00:00,2026-04-03 12:00:00,1775206800,303.0
2026-04-02 13:00:00,2026-04-03 13:00:00,1775210400,867.0
2026-04-02 14:00:00,2026-04-03 14:00:00,1775214000,824.0
2026-04-02 15:00:00,2026-04-03 15:00:00,1775217600,736.0
2026-04-02 16:00:00,2026-04-03 16:00:00,1775221200,655.0
2026-04-02 17:00:00,2026-04-03 17:00:00,1775224800,454.0
2026-04-02 18:00:00,2026-04-03 18:00:00,1775228400,255.0
2026-04-02 19:00:00,2026-04-03 19:00:00,1775232000,77.0
2026-04-02 20:00:00,2026-04-03 20:00:00,1775235600,1.0
2026-04-02 21:00:00,2026-04-03 21:00:00,1775239200,0.0
2026-04-02 22:00:00,2026-04-03 22:00:00,1775242800,0.0
2026-04-02 23:00:00,2026-04-03 23:00:00,1775246400,0.0
2026-04-03 00:00:00,2026-04-04 00:00:00,1775250000,0.0
2026-04-03 01:00:00,2026-04-04 01:00:00,1775253600,0.0
2026-04-03 02:00:00,2026-04-04 02:00:00,1775257200,0.0
2026-04-03 03:00:00,2026-04-04 03:00:00,1775260800,0.0
2026-04-03 04:00:00,2026-04-04 04:00:00,1775264400,0.0
2026-04-03 05:00:00,2026-04-04 05:00:00,1775268000,0.0
2026-04-03 06:00:00,2026-04-04 06:00:00,1775271600,0.0
2026-04-03 07:00:00,2026-04-04 07:00:00,1775275200,6.0
2026-04-03 08:00:00,2026-04-04 08:00:00,1775278800,107.0
2026-04-03 09:00:00,2026-04-04 09:00:00,1775282400,274.0
2026-04-03 10:00:00,2026-04-04 10:00:00,1775286000,487.0
2026-04-03 11:00:00,2026-04-04 11:00:00,1775289600,629.0
2026-04-03 12:00:00,2026-04-04 12:00:00,1775293200,619.0
2026-04-03 13:00:00,2026-04-04 13:00:00,1775296800,667.0
2026-04-03 14:00:00,2026-04-04 14:00:00,1775300400,744.0
2026-04-03 15:00:00,2026-04-04 15:00:00,1775304000,716.0
2026-04-03 16:00:00,2026-04-04 16:00:00,1775307600,596.0
2026-04-03 17:00:00,2026-04-04 17:00:00,1775311200,461.0
2026-04-03 18:00:00,2026-04-04 18:00:00,1775314800,250.0
2026-04-03 19:00:00,2026-04-04 19:00:00,1775318400,70.0
2026-04-03 20:00:00,2026-04-04 20:00:00,1775322000,1.0
2026-04-03 21:00:00,2026-04-04 21:00:00,1775325600,0.0
2026-04-03 22:00:00,2026-04-04 22:00:00,1775329200,0.0
2026-04-03 23:00:00,2026-04-04 23:00:00,1775332800,0.0
2026-04-04 00:00:00,2026-04-05 00:00:00,1775336400,0.0
2026-04-04 01:00:00,2026-04-05 01:00:00,1775340000,0.0
2026-04-04 02:00:00,2026-04-05 02:00:00,1775343600,0.0
2026-04-04 03:00:00,2026-04-05 03:00:00,1775347200,0.0
2026-04-04 04:00:00,2026-04-05 04:00:00,1775350800,0.0
2026-04-04 05:00:00,2026-04-05 05:00:00,1775354400,0.0
2026-04-04 06:00:00,2026-04-05 06:00:00,1775358000,0.0
2026-04-04 07:00:00,2026-04-05 07:00:00,1775361600,6.0
2026-04-04 08:00:00,2026-04-05 08:00:00,1775365200,107.0
2026-04-04 09:00:00,2026-04-05 09:00:00,1775368800,298.0
2026-04-04 10:00:00,2026-04-05 10:00:00,1775372400,397.0
2026-04-04 11:00:00,2026-04-05 11:00:00,1775376000,565.0
2026-04-04 12:00:00,2026-04-05 12:00:00,1775379600,595.0
2026-04-04 13:00:00,2026-04-05 13:00:00,1775383200,784.0
2026-04-04 14:00:00,2026-04-05 14:00:00,1775386800,783.0
2026-04-04 15:00:00,2026-04-05 15:00:00,1775390400,732.0
2026-04-04 16:00:00,2026-04-05 16:00:00,1775394000,585.0
2026-04-04 17:00:00,2026-04-05 17:00:00,1775397600,446.0
2026-04-04 18:00:00,2026-04-05 18:00:00,1775401200,235.0
2026-04-04 19:00:00,2026-04-05 19:00:00,1775404800,80.0
2026-04-04 20:00:00,2026-04-05 20:00:00,1775408400,1.0
2026-04-04 21:00:00,2026-04-05 21:00:00,1775412000,0.0
2026-04-04 22:00:00,2026-04-05 22:00:00,1775415600,0.0
2026-04-04 23:00:00,2026-04-05 23:00:00,1775419200,0.0
2026-04-05 00:00:00,2026-04-06 00:00:00,1775422800,0.0
2026-04-05 01:00:00,2026-04-06 01:00:00,1775426400,0.0
2026-04-05 02:00:00,2026-04-06 02:00:00,1775430000,0.0
2026-04-05 03:00:00,2026-04-06 03:00:00,1775433600,0.0
2026-04-05 04:00:00,2026-04-06 04:00:00,1775437200,0.0
2026-04-05 05:00:00,2026-04-06 05:00:00,1775440800,0.0
2026-04-05 06:00:00,2026-04-06 06:00:00,1775444400,0.0
2026-04-05 07:00:00,2026-04-06 07:00:00,1775448000,7.0
2026-04-05 08:00:00,2026-04-06 08:00:00,1775451600,106.0
2026-04-05 09:00:00,2026-04-06 09:00:00,1775455200,298.0
2026-04-05 10:00:00,2026-04-06 10:00:00,1775458800,505.0
2026-04-05 11:00:00,2026-04-06 11:00:00,1775462400,642.0
2026-04-05 12:00:00,2026-04-06 12:00:00,1775466000,769.0
2026-04-05 13:00:00,2026-04-06 13:00:00,1775469600,832.0
2026-04-05 14:00:00,2026-04-06 14:00:00,1775473200,780.0
2026-04-05 15:00:00,2026-04-06 15:00:00,1775476800,726.0
2026-04-05 16:00:00,2026-04-06 16:00:00,1775480400,588.0
2026-04-05 17:00:00,2026-04-06 17:00:00,1775484000,423.0
2026-04-05 18:00:00,2026-04-06 18:00:00,1775487600,246.0
2026-04-05 19:00:00,2026-04-06 19:00:00,1775491200,79.0
2026-04-05 20:00:00,2026-04-06 20:00:00,1775494800,1.0
2026-04-05 21:00:00,2026-04-06 21:00:00,1775498400,0.0
2026-04-05 22:00:00,2026-04-06 22:00:00,1775502000,0.0
2026-04-05 23:00:00,2026-04-06 23:00:00,1775505600,0.0
2026-04-06 00:00:00,2026-04-07 00:00:00,1775509200,0.0
2026-04-06 01:00:00,2026-04-07 01:00:00,1775512800,0.0
2026-04-06 02:00:00,2026-04-07 02:00:00,1775516400,0.0
2026-04-06 03:00:00,2026-04-07 03:00:00,1775520000,0.0
2026-04-06 04:00:00,2026-04-07 04:00:00,1775523600,0.0
2026-04-06 05:00:00,2026-04-07 05:00:00,1775527200,0.0
2026-04-06 06:00:00,2026-04-07 06:00:00,1775530800,0.0
2026-04-06 07:00:00,2026-04-07 07:00:00,1775534400,8.0
2026-04-06 08:00:00,2026-04-07 08:00:00,1775538000,108.0
2026-04-06 09:00:00,2026-04-07 09:00:00,1775541600,295.0
2026-04-06 10:00:00,2026-04-07 10:00:00,1775545200,493.0
2026-04-06 11:00:00,2026-04-07 11:00:00,1775548800,493.0
2026-04-06 12:00:00,2026-04-07 12:00:00,1775552400,618.0
2026-04-06 13:00:00,2026-04-07 13:00:00,1775556000,840.0
2026-04-06 14:00:00,2026-04-07 14:00:00,1775559600,772.0
2026-04-06 15:00:00,2026-04-07 15:00:00,1775563200,693.0
2026-04-06 16:00:00,2026-04-07 16:00:00,1775566800,599.0
2026-04-06 17:00:00,2026-04-07 17:00:00,1775570400,423.0
2026-04-06 18:00:00,2026-04-07 18:00:00,1775574000,262.0
2026-04-06 19:00:00,2026-04-07 19:00:00,1775577600,85.0
2026-04-06 20:00:00,2026-04-07 20:00:00,1775581200,2.0
2026-04-06 21:00:00,2026-04-07 21:00:00,1775584800,0.0
2026-04-06 22:00:00,2026-04-07 22:00:00,1775588400,0.0
2026-04-06 23:00:00,2026-04-07 23:00:00,1775592000,0.0
2026-04-07 00:00:00,2026-04-08 00:00:00,1775595600,0.0
2026-04-07 01:00:00,2026-04-08 01:00:00,1775599200,0.0
2026-04-07 02:00:00,2026-04-08 02:00:00,1775602800,0.0
2026-04-07 03:00:00,2026-04-08 03:00:00,1775606400,0.0
2026-04-07 04:00:00,2026-04-08 04:00:00,1775610000,0.0
2026-04-07 05:00:00,2026-04-08 05:00:00,1775613600,0.0
2026-04-07 06:00:00,2026-04-08 06:00:00,1775617200,0.0
2026-04-07 07:00:00,2026-04-08 07:00:00,1775620800,9.0
2026-04-07 08:00:00,2026-04-08 08:00:00,1775624400,109.0
2026-04-07 09:00:00,2026-04-08 09:00:00,1775628000,299.0
2026-04-07 10:00:00,2026-04-08 10:00:00,1775631600,502.0
2026-04-07 11:00:00,2026-04-08 11:00:00,1775635200,665.0
2026-04-07 12:00:00,2026-04-08 12:00:00,1775638800,800.0
2026-04-07 13:00:00,2026-04-08 13:00:00,1775642400,876.0
2026-04-07 14:00:00,2026-04-08 14:00:00,1775646000,870.0
2026-04-07 15:00:00,2026-04-08 15:00:00,1775649600,797.0
2026-04-07 16:00:00,2026-04-08 16:00:00,1775653200,664.0
2026-04-07 17:00:00,2026-04-08 17:00:00,1775656800,483.0
2026-04-07 18:00:00,2026-04-08 18:00:00,1775660400,278.0
2026-04-07 19:00:00,2026-04-08 19:00:00,1775664000,88.0
2026-04-07 20:00:00,2026-04-08 20:00:00,1775667600,2.0
2026-04-07 21:00:00,2026-04-08 21:00:00,1775671200,0.0
2026-04-07 22:00:00,2026-04-08 22:00:00,1775674800,0.0
2026-04-07 23:00:00,2026-04-08 23:00:00,1775678400,0.0
2026-04-08 00:00:00,2026-04-09 00:00:00,1775682000,0.0
2026-04-08 01:00:00,2026-04-09 01:00:00,1775685600,0.0
2026-04-08 02:00:00,2026-04-09 02:00:00,1775689200,0.0
2026-04-08 03:00:00,2026-04-09 03:00:00,1775692800,0.0
2026-04-08 04:00:00,2026-04-09 04:00:00,1775696400,0.0
2026-04-08 05:00:00,2026-04-09 05:00:00,1775700000,0.0
2026-04-08 06:00:00,2026-04-09 06:00:00,1775703600,0.0
2026-04-08 07:00:00,2026-04-09 07:00:00,1775707200,7.0
2026-04-08 08:00:00,2026-04-09 08:00:00,1775710800,104.0
2026-04-08 09:00:00,2026-04-09 09:00:00,1775714400,301.0
2026-04-08 10:00:00,2026-04-09 10:00:00,1775718000,528.0
2026-04-08 11:00:00,2026-04-09 11:00:00,1775721600,688.0
2026-04-08 12:00:00,2026-04-09 12:00:00,1775725200,808.0
2026-04-08 13:00:00,2026-04-09 13:00:00,1775728800,860.0
2026-04-08 14:00:00,2026-04-09 14:00:00,1775732400,873.0
2026-04-08 15:00:00,2026-04-09 15:00:00,1775736000,799.0
2026-04-08 16:00:00,2026-04-09 16:00:00,1775739600,660.0
2026-04-08 17:00:00,2026-04-09 17:00:00,1775743200,479.0
2026-04-08 18:00:00,2026-04-09 18:00:00,1775746800,274.0
2026-04-08 19:00:00,2026-04-09 19:00:00,1775750400,82.0
2026-04-08 20:00:00,2026-04-09 20:00:00,1775754000,2.0
2026-04-08 21:00:00,2026-04-09 21:00:00,1775757600,0.0
2026-04-08 22:00:00,2026-04-09 22:00:00,1775761200,0.0
2026-04-08 23:00:00,2026-04-09 23:00:00,1775764800,0.0
2026-04-09 00:00:00,2026-04-10 00:00:00,1775768400,0.0
2026-04-09 01:00:00,2026-04-10 01:00:00,1775772000,0.0
2026-04-09 02:00:00,2026-04-10 02:00:00,1775775600,0.0
2026-04-09 03:00:00,2026-04-10 03:00:00,1775779200,0.0
2026-04-09 04:00:00,2026-04-10 04:00:00,1775782800,0.0
2026-04-09 05:00:00,2026-04-10 05:00:00,1775786400,0.0
2026-04-09 06:00:00,2026-04-10 06:00:00,1775790000,0.0
2026-04-09 07:00:00,2026-04-10 07:00:00,1775793600,11.0
2026-04-09 08:00:00,2026-04-10 08:00:00,1775797200,128.0
2026-04-09 09:00:00,2026-04-10 09:00:00,1775800800,331.0
2026-04-09 10:00:00,2026-04-10 10:00:00,1775804400,524.0
2026-04-09 11:00:00,2026-04-10 11:00:00,1775808000,700.0
2026-04-09 12:00:00,2026-04-10 12:00:00,1775811600,829.0
2026-04-09 13:00:00,2026-04-10 13:00:00,1775815200,893.0
2026-04-09 14:00:00,2026-04-10 14:00:00,1775818800,885.0
2026-04-09 15:00:00,2026-04-10 15:00:00,1775822400,808.0
2026-04-09 16:00:00,2026-04-10 16:00:00,1775826000,673.0
2026-04-09 17:00:00,2026-04-10 17:00:00,1775829600,488.0
2026-04-09 18:00:00,2026-04-10 18:00:00,1775833200,280.0
2026-04-09 19:00:00,2026-04-10 19:00:00,1775836800,91.0
2026-04-09 20:00:00,2026-04-10 20:00:00,1775840400,2.0
2026-04-09 21:00:00,2026-04-10 21:00:00,1775844000,0.0
2026-04-09 22:00:00,2026-04-10 22:00:00,1775847600,0.0
2026-04-09 23:00:00,2026-04-10 23:00:00,1775851200,0.0
2026-04-10 00:00:00,2026-04-11 00:00:00,1775854800,0.0
2026-04-10 01:00:00,2026-04-11 01:00:00,1775858400,0.0
2026-04-10 02:00:00,2026-04-11 02:00:00,1775862000,0.0
2026-04-10 03:00:00,2026-04-11 03:00:00,1775865600,0.0
2026-04-10 04:00:00,2026-04-11 04:00:00,1775869200,0.0
2026-04-10 05:00:00,2026-04-11 05:00:00,1775872800,0.0
2026-04-10 06:00:00,2026-04-11 06:00:00,1775876400,0.0
2026-04-10 07:00:00,2026-04-11 07:00:00,1775880000,13.0
2026-04-10 08:00:00,2026-04-11 08:00:00,1775883600,128.0
2026-04-10 09:00:00,2026-04-11 09:00:00,1775887200,313.0
2026-04-10 10:00:00,2026-04-11 10:00:00,1775890800,506.0
2026-04-10 11:00:00,2026-04-11 11:00:00,1775894400,651.0
2026-04-10 12:00:00,2026-04-11 12:00:00,1775898000,720.0
2026-04-10 13:00:00,2026-04-11 13:00:00,1775901600,809.0
2026-04-10 14:00:00,2026-04-11 14:00:00,1775905200,693.0
2026-04-10 15:00:00,2026-04-11 15:00:00,1775908800,704.0
2026-04-10 16:00:00,2026-04-11 16:00:00,1775912400,642.0
2026-04-10 17:00:00,2026-04-11 17:00:00,1775916000,480.0
2026-04-10 18:00:00,2026-04-11 18:00:00,1775919600,277.0
2026-04-10 19:00:00,2026-04-11 19:00:00,1775923200,90.0
2026-04-10 20:00:00,2026-04-11 20:00:00,1775926800,2.0
2026-04-10 21:00:00,2026-04-11 21:00:00,1775930400,0.0
2026-04-10 22:00:00,2026-04-11 22:00:00,1775934000,0.0
2026-04-10 23:00:00,2026-04-11 23:00:00,1775937600,0.0
2026-04-11 00:00:00,2026-04-12 00:00:00,1775941200,0.0
2026-04-11 01:00:00,2026-04-12 01:00:00,1775944800,0.0
2026-04-11 02:00:00,2026-04-12 02:00:00,1775948400,0.0
2026-04-11 03:00:00,2026-04-12 03:00:00,1775952000,0.0
2026-04-11 04:00:00,2026-04-12 04:00:00,1775955600,0.0
2026-04-11 05:00:00,2026-04-12 05:00:00,1775959200,0.0
2026-04-11 06:00:00,2026-04-12 06:00:00,1775962800,0.0
2026-04-11 07:00:00,2026-04-12 07:00:00,1775966400,14.0
2026-04-11 08:00:00,2026-04-12 08:00:00,1775970000,145.0
2026-04-11 09:00:00,2026-04-12 09:00:00,1775973600,346.0
2026-04-11 10:00:00,2026-04-12 10:00:00,1775977200,541.0
2026-04-11 11:00:00,2026-04-12 11:00:00,1775980800,686.0
2026-04-11 12:00:00,2026-04-12 12:00:00,1775984400,821.0
2026-04-11 13:00:00,2026-04-12 13:00:00,1775988000,893.0
2026-04-11 14:00:00,2026-04-12 14:00:00,1775991600,887.0
2026-04-11 15:00:00,2026-04-12 15:00:00,1775995200,811.0
2026-04-11 16:00:00,2026-04-12 16:00:00,1775998800,676.0
2026-04-11 17:00:00,2026-04-12 17:00:00,1776002400,494.0
2026-04-11 18:00:00,2026-04-12 18:00:00,1776006000,288.0
2026-04-11 19:00:00,2026-04-12 19:00:00,1776009600,95.0
2026-04-11 20:00:00,2026-04-12 20:00:00,1776013200,3.0
2026-04-11 21:00:00,2026-04-12 21:00:00,1776016800,0.0
2026-04-11 22:00:00,2026-04-12 22:00:00,1776020400,0.0
2026-04-11 23:00:00,2026-04-12 23:00:00,1776024000,0.0
2026-04-12 00:00:00,2026-04-13 00:00:00,1776027600,0.0
2026-04-12 01:00:00,2026-04-13 01:00:00,1776031200,0.0
2026-04-12 02:00:00,2026-04-13 02:00:00,1776034800,0.0
2026-04-12 03:00:00,2026-04-13 03:00:00,1776038400,0.0
2026-04-12 04:00:00,2026-04-13 04:00:00,1776042000,0.0
2026-04-12 05:00:00,2026-04-13 05:00:00,1776045600,0.0
2026-04-12 06:00:00,2026-04-13 06:00:00,1776049200,0.0
2026-04-12 07:00:00,2026-04-13 07:00:00,1776052800,16.0
2026-04-12 08:00:00,2026-04-13 08:00:00,1776056400,151.0
2026-04-12 09:00:00,2026-04-13 09:00:00,1776060000,356.0
2026-04-12 10:00:00,2026-04-13 10:00:00,1776063600,560.0
2026-04-12 11:00:00,2026-04-13 11:00:00,1776067200,727.0
2026-04-12 12:00:00,2026-04-13 12:00:00,1776070800,845.0
2026-04-12 13:00:00,2026-04-13 13:00:00,1776074400,902.0
2026-04-12 14:00:00,2026-04-13 14:00:00,1776078000,886.0
2026-04-12 15:00:00,2026-04-13 15:00:00,1776081600,811.0
2026-04-12 16:00:00,2026-04-13 16:00:00,1776085200,675.0
2026-04-12 17:00:00,2026-04-13 17:00:00,1776088800,494.0
2026-04-12 18:00:00,2026-04-13 18:00:00,1776092400,288.0
2026-04-12 19:00:00,2026-04-13 19:00:00,1776096000,97.0
2026-04-12 20:00:00,2026-04-13 20:00:00,1776099600,3.0
2026-04-12 21:00:00,2026-04-13 21:00:00,1776103200,0.0
2026-04-12 22:00:00,2026-04-13 22:00:00,1776106800,0.0
2026-04-12 23:00:00,2026-04-13 23:00:00,1776110400,0.0
2026-04-13 00:00:00,2026-04-14 00:00:00,1776114000,0.0
2026-04-13 01:00:00,2026-04-14 01:00:00,1776117600,0.0
2026-04-13 02:00:00,2026-04-14 02:00:00,1776121200,0.0
2026-04-13 03:00:00,2026-04-14 03:00:00,1776124800,0.0
2026-04-13 04:00:00,2026-04-14 04:00:00,1776128400,0.0
2026-04-13 05:00:00,2026-04-14 05:00:00,1776132000,0.0
2026-04-13 06:00:00,2026-04-14 06:00:00,1776135600,0.0
2026-04-13 07:00:00,2026-04-14 07:00:00,1776139200,17.0
2026-04-13 08:00:00,2026-04-14 08:00:00,1776142800,155.0
2026-04-13 09:00:00,2026-04-14 09:00:00,1776146400,360.0
2026-04-13 10:00:00,2026-04-14 10:00:00,1776150000,560.0
2026-04-13 11:00:00,2026-04-14 11:00:00,1776153600,728.0
2026-04-13 12:00:00,2026-04-14 12:00:00,1776157200,842.0
2026-04-13 13:00:00,2026-04-14 13:00:00,1776160800,862.0
2026-04-13 14:00:00,2026-04-14 14:00:00,1776164400,826.0
2026-04-13 15:00:00,2026-04-14 15:00:00,1776168000,705.0
2026-04-13 16:00:00,2026-04-14 16:00:00,1776171600,658.0
2026-04-13 17:00:00,2026-04-14 17:00:00,1776175200,476.0
2026-04-13 18:00:00,2026-04-14 18:00:00,1776178800,250.0
2026-04-13 19:00:00,2026-04-14 19:00:00,1776182400,94.0
2026-04-13 20:00:00,2026-04-14 20:00:00,1776186000,3.0
2026-04-13 21:00:00,2026-04-14 21:00:00,1776189600,0.0
2026-04-13 22:00:00,2026-04-14 22:00:00,1776193200,0.0
2026-04-13 23:00:00,2026-04-14 23:00:00,1776196800,0.0
2026-04-14 00:00:00,2026-04-15 00:00:00,1776200400,0.0
2026-04-14 01:00:00,2026-04-15 01:00:00,1776204000,0.0
2026-04-14 02:00:00,2026-04-15 02:00:00,1776207600,0.0
2026-04-14 03:00:00,2026-04-15 03:00:00,1776211200,0.0
2026-04-14 04:00:00,2026-04-15 04:00:00,1776214800,0.0
2026-04-14 05:00:00,2026-04-15 05:00:00,1776218400,0.0
2026-04-14 06:00:00,2026-04-15 06:00:00,1776222000,0.0
2026-04-14 07:00:00,2026-04-15 07:00:00,1776225600,13.0
2026-04-14 08:00:00,2026-04-15 08:00:00,1776229200,96.0
2026-04-14 09:00:00,2026-04-15 09:00:00,1776232800,227.0
2026-04-14 10:00:00,2026-04-15 10:00:00,1776236400,303.0
2026-04-14 11:00:00,2026-04-15 11:00:00,1776240000,449.0
2026-04-14 12:00:00,2026-04-15 12:00:00,1776243600,513.0
2026-04-14 13:00:00,2026-04-15 13:00:00,1776247200,675.0
2026-04-14 14:00:00,2026-04-15 14:00:00,1776250800,650.0
2026-04-14 15:00:00,2026-04-15 15:00:00,1776254400,582.0
2026-04-14 16:00:00,2026-04-15 16:00:00,1776258000,401.0
2026-04-14 17:00:00,2026-04-15 17:00:00,1776261600,348.0
2026-04-14 18:00:00,2026-04-15 18:00:00,1776265200,212.0
2026-04-14 19:00:00,2026-04-15 19:00:00,1776268800,69.0
2026-04-14 20:00:00,2026-04-15 20:00:00,1776272400,2.0
2026-04-14 21:00:00,2026-04-15 21:00:00,1776276000,0.0
2026-04-14 22:00:00,2026-04-15 22:00:00,1776279600,0.0
2026-04-14 23:00:00,2026-04-15 23:00:00,1776283200,0.0
2026-04-15 00:00:00,2026-04-16 00:00:00,1776286800,0.0
2026-04-15 01:00:00,2026-04-16 01:00:00,1776290400,0.0
2026-04-15 02:00:00,2026-04-16 02:00:00,1776294000,0.0
2026-04-15 03:00:00,2026-04-16 03:00:00,1776297600,0.0
2026-04-15 04:00:00,2026-04-16 04:00:00,1776301200,0.0
2026-04-15 05:00:00,2026-04-16 05:00:00,1776304800,0.0
2026-04-15 06:00:00,2026-04-16 06:00:00,1776308400,0.0
2026-04-15 07:00:00,2026-04-16 07:00:00,1776312000,19.0
2026-04-15 08:00:00,2026-04-16 08:00:00,1776315600,139.0
2026-04-15 09:00:00,2026-04-16 09:00:00,1776319200,315.0
2026-04-15 10:00:00,2026-04-16 10:00:00,1776322800,552.0
2026-04-15 11:00:00,2026-04-16 11:00:00,1776326400,728.0
2026-04-15 12:00:00,2026-04-16 12:00:00,1776330000,845.0
2026-04-15 13:00:00,2026-04-16 13:00:00,1776333600,898.0
2026-04-15 14:00:00,2026-04-16 14:00:00,1776337200,887.0
2026-04-15 15:00:00,2026-04-16 15:00:00,1776340800,803.0
2026-04-15 16:00:00,2026-04-16 16:00:00,1776344400,675.0
2026-04-15 17:00:00,2026-04-16 17:00:00,1776348000,492.0
2026-04-15 18:00:00,2026-04-16 18:00:00,1776351600,282.0
2026-04-15 19:00:00,2026-04-16 19:00:00,1776355200,81.0
2026-04-15 20:00:00,2026-04-16 20:00:00,1776358800,4.0
2026-04-15 21:00:00,2026-04-16 21:00:00,1776362400,0.0
2026-04-15 22:00:00,2026-04-16 22:00:00,1776366000,0.0
2026-04-15 23:00:00,2026-04-16 23:00:00,1776369600,0.0
2026-04-16 00:00:00,2026-04-17 00:00:00,1776373200,0.0
2026-04-16 01:00:00,2026-04-17 01:00:00,1776376800,0.0
2026-04-16 02:00:00,2026-04-17 02:00:00,1776380400,0.0
2026-04-16 03:00:00,2026-04-17 03:00:00,1776384000,0.0
2026-04-16 04:00:00,2026-04-17 04:00:00,1776387600,0.0
2026-04-16 05:00:00,2026-04-17 05:00:00,1776391200,0.0
2026-04-16 06:00:00,2026-04-17 06:00:00,1776394800,0.0
2026-04-16 07:00:00,2026-04-17 07:00:00,1776398400,16.0
2026-04-16 08:00:00,2026-04-17 08:00:00,1776402000,79.0
2026-04-16 09:00:00,2026-04-17 09:00:00,1776405600,158.0
2026-04-16 10:00:00,2026-04-17 10:00:00,1776409200,196.0
2026-04-16 11:00:00,2026-04-17 11:00:00,1776412800,636.0
2026-04-16 12:00:00,2026-04-17 12:00:00,1776416400,679.0
2026-04-16 13:00:00,2026-04-17 13:00:00,1776420000,865.0
2026-04-16 14:00:00,2026-04-17 14:00:00,1776423600,867.0
2026-04-16 15:00:00,2026-04-17 15:00:00,1776427200,763.0
2026-04-16 16:00:00,2026-04-17 16:00:00,1776430800,533.0
2026-04-16 17:00:00,2026-04-17 17:00:00,1776434400,295.0
2026-04-16 18:00:00,2026-04-17 18:00:00,1776438000,131.0
2026-04-16 19:00:00,2026-04-17 19:00:00,1776441600,78.0
2026-04-16 20:00:00,2026-04-17 20:00:00,1776445200,4.0
2026-04-16 21:00:00,2026-04-17 21:00:00,1776448800,0.0
2026-04-16 22:00:00,2026-04-17 22:00:00,1776452400,0.0
2026-04-16 23:00:00,2026-04-17 23:00:00,1776456000,0.0
2026-04-17 00:00:00,2026-04-18 00:00:00,1776459600,0.0
2026-04-17 01:00:00,2026-04-18 01:00:00,1776463200,0.0
2026-04-17 02:00:00,2026-04-18 02:00:00,1776466800,0.0
2026-04-17 03:00:00,2026-04-18 03:00:00,1776470400,0.0
2026-04-17 04:00:00,2026-04-18 04:00:00,1776474000,0.0
2026-04-17 05:00:00,2026-04-18 05:00:00,1776477600,0.0
2026-04-17 06:00:00,2026-04-18 06:00:00,1776481200,0.0
2026-04-17 07:00:00,2026-04-18 07:00:00,1776484800,13.0
2026-04-17 08:00:00,2026-04-18 08:00:00,1776488400,53.0
2026-04-17 09:00:00,2026-04-18 09:00:00,1776492000,274.0
2026-04-17 10:00:00,2026-04-18 10:00:00,1776495600,424.0
2026-04-17 11:00:00,2026-04-18 11:00:00,1776499200,372.0
2026-04-17 12:00:00,2026-04-18 12:00:00,1776502800,568.0
2026-04-17 13:00:00,2026-04-18 13:00:00,1776506400,675.0
2026-04-17 14:00:00,2026-04-18 14:00:00,1776510000,694.0
2026-04-17 15:00:00,2026-04-18 15:00:00,1776513600,732.0
2026-04-17 16:00:00,2026-04-18 16:00:00,1776517200,612.0
2026-04-17 17:00:00,2026-04-18 17:00:00,1776520800,445.0
2026-04-17 18:00:00,2026-04-18 18:00:00,1776524400,258.0
2026-04-17 19:00:00,2026-04-18 19:00:00,1776528000,90.0
2026-04-17 20:00:00,2026-04-18 20:00:00,1776531600,4.0
2026-04-17 21:00:00,2026-04-18 21:00:00,1776535200,0.0
2026-04-17 22:00:00,2026-04-18 22:00:00,1776538800,0.0
2026-04-17 23:00:00,2026-04-18 23:00:00,1776542400,0.0
2026-04-18 00:00:00,2026-04-19 00:00:00,1776546000,0.0
2026-04-18 01:00:00,2026-04-19 01:00:00,1776549600,0.0
2026-04-18 02:00:00,2026-04-19 02:00:00,1776553200,0.0
2026-04-18 03:00:00,2026-04-19 03:00:00,1776556800,0.0
2026-04-18 04:00:00,2026-04-19 04:00:00,1776560400,0.0
2026-04-18 05:00:00,2026-04-19 05:00:00,1776564000,0.0
2026-04-18 06:00:00,2026-04-19 06:00:00,1776567600,0.0
2026-04-18 07:00:00,2026-04-19 07:00:00,1776571200,17.0
2026-04-18 08:00:00,2026-04-19 08:00:00,1776574800,129.0
2026-04-18 09:00:00,2026-04-19 09:00:00,1776578400,289.0
2026-04-18 10:00:00,2026-04-19 10:00:00,1776582000,485.0
2026-04-18 11:00:00,2026-04-19 11:00:00,1776585600,668.0
2026-04-18 12:00:00,2026-04-19 12:00:00,1776589200,731.0
2026-04-18 13:00:00,2026-04-19 13:00:00,1776592800,782.0
2026-04-18 14:00:00,2026-04-19 14:00:00,1776596400,804.0
2026-04-18 15:00:00,2026-04-19 15:00:00,1776600000,711.0
2026-04-18 16:00:00,2026-04-19 16:00:00,1776603600,626.0
2026-04-18 17:00:00,2026-04-19 17:00:00,1776607200,450.0
2026-04-18 18:00:00,2026-04-19 18:00:00,1776610800,223.0
2026-04-18 19:00:00,2026-04-19 19:00:00,1776614400,96.0
2026-04-18 20:00:00,2026-04-19 20:00:00,1776618000,5.0
2026-04-18 21:00:00,2026-04-19 21:00:00,1776621600,0.0
2026-04-18 22:00:00,2026-04-19 22:00:00,1776625200,0.0
2026-04-18 23:00:00,2026-04-19 23:00:00,1776628800,0.0
2026-04-19 00:00:00,2026-04-20 00:00:00,1776632400,0.0
2026-04-19 01:00:00,2026-04-20 01:00:00,1776636000,0.0
2026-04-19 02:00:00,2026-04-20 02:00:00,1776639600,0.0
2026-04-19 03:00:00,2026-04-20 03:00:00,1776643200,0.0
2026-04-19 04:00:00,2026-04-20 04:00:00,1776646800,0.0
2026-04-19 05:00:00,2026-04-20 05:00:00,1776650400,0.0
2026-04-19 06:00:00,2026-04-20 06:00:00,1776654000,0.0
2026-04-19 07:00:00,2026-04-20 07:00:00,1776657600,25.0
2026-04-19 08:00:00,2026-04-20 08:00:00,1776661200,172.0
2026-04-19 09:00:00,2026-04-20 09:00:00,1776664800,377.0
2026-04-19 10:00:00,2026-04-20 10:00:00,1776668400,580.0
2026-04-19 11:00:00,2026-04-20 11:00:00,1776672000,750.0
2026-04-19 12:00:00,2026-04-20 12:00:00,1776675600,871.0
2026-04-19 13:00:00,2026-04-20 13:00:00,1776679200,925.0
2026-04-19 14:00:00,2026-04-20 14:00:00,1776682800,915.0
2026-04-19 15:00:00,2026-04-20 15:00:00,1776686400,837.0
2026-04-19 16:00:00,2026-04-20 16:00:00,1776690000,703.0
2026-04-19 17:00:00,2026-04-20 17:00:00,1776693600,520.0
2026-04-19 18:00:00,2026-04-20 18:00:00,1776697200,311.0
2026-04-19 19:00:00,2026-04-20 19:00:00,1776700800,113.0
2026-04-19 20:00:00,2026-04-20 20:00:00,1776704400,6.0
2026-04-19 21:00:00,2026-04-20 21:00:00,1776708000,0.0
2026-04-19 22:00:00,2026-04-20 22:00:00,1776711600,0.0
2026-04-19 23:00:00,2026-04-20 23:00:00,1776715200,0.0
2026-04-20 00:00:00,2026-04-21 00:00:00,1776718800,0.0
2026-04-20 01:00:00,2026-04-21 01:00:00,1776722400,0.0
2026-04-20 02:00:00,2026-04-21 02:00:00,1776726000,0.0
2026-04-20 03:00:00,2026-04-21 03:00:00,1776729600,0.0
2026-04-20 04:00:00,2026-04-21 04:00:00,1776733200,0.0
2026-04-20 05:00:00,2026-04-21 05:00:00,1776736800,0.0
2026-04-20 06:00:00,2026-04-21 06:00:00,1776740400,0.0
2026-04-20 07:00:00,2026-04-21 07:00:00,1776744000,28.0
2026-04-20 08:00:00,2026-04-21 08:00:00,1776747600,179.0
2026-04-20 09:00:00,2026-04-21 09:00:00,1776751200,384.0
2026-04-20 10:00:00,2026-04-21 10:00:00,1776754800,584.0
2026-04-20 11:00:00,2026-04-21 11:00:00,1776758400,751.0
2026-04-20 12:00:00,2026-04-21 12:00:00,1776762000,866.0
2026-04-20 13:00:00,2026-04-21 13:00:00,1776765600,915.0
2026-04-20 14:00:00,2026-04-21 14:00:00,1776769200,897.0
2026-04-20 15:00:00,2026-04-21 15:00:00,1776772800,829.0
2026-04-20 16:00:00,2026-04-21 16:00:00,1776776400,694.0
2026-04-20 17:00:00,2026-04-21 17:00:00,1776780000,515.0
2026-04-20 18:00:00,2026-04-21 18:00:00,1776783600,308.0
2026-04-20 19:00:00,2026-04-21 19:00:00,1776787200,113.0
2026-04-20 20:00:00,2026-04-21 20:00:00,1776790800,6.0
2026-04-20 21:00:00,2026-04-21 21:00:00,1776794400,0.0
2026-04-20 22:00:00,2026-04-21 22:00:00,1776798000,0.0
2026-04-20 23:00:00,2026-04-21 23:00:00,1776801600,0.0
2026-04-21 00:00:00,2026-04-22 00:00:00,1776805200,0.0
2026-04-21 01:00:00,2026-04-22 01:00:00,1776808800,0.0
2026-04-21 02:00:00,2026-04-22 02:00:00,1776812400,0.0
2026-04-21 03:00:00,2026-04-22 03:00:00,1776816000,0.0
2026-04-21 04:00:00,2026-04-22 04:00:00,1776819600,0.0
2026-04-21 05:00:00,2026-04-22 05:00:00,1776823200,0.0
2026-04-21 06:00:00,2026-04-22 06:00:00,1776826800,0.0
2026-04-21 07:00:00,2026-04-22 07:00:00,1776830400,30.0
2026-04-21 08:00:00,2026-04-22 08:00:00,1776834000,184.0
2026-04-21 09:00:00,2026-04-22 09:00:00,1776837600,391.0
2026-04-21 10:00:00,2026-04-22 10:00:00,1776841200,588.0
2026-04-21 11:00:00,2026-04-22 11:00:00,1776844800,754.0
2026-04-21 12:00:00,2026-04-22 12:00:00,1776848400,869.0
2026-04-21 13:00:00,2026-04-22 13:00:00,1776852000,920.0
2026-04-21 14:00:00,2026-04-22 14:00:00,1776855600,902.0
2026-04-21 15:00:00,2026-04-22 15:00:00,1776859200,832.0
2026-04-21 16:00:00,2026-04-22 16:00:00,1776862800,669.0
2026-04-21 17:00:00,2026-04-22 17:00:00,1776866400,506.0
2026-04-21 18:00:00,2026-04-22 18:00:00,1776870000,304.0
2026-04-21 19:00:00,2026-04-22 19:00:00,1776873600,113.0
2026-04-21 20:00:00,2026-04-22 20:00:00,1776877200,7.0
2026-04-21 21:00:00,2026-04-22 21:00:00,1776880800,0.0
2026-04-21 22:00:00,2026-04-22 22:00:00,1776884400,0.0
2026-04-21 23:00:00,2026-04-22 23:00:00,1776888000,0.0
2026-04-22 00:00:00,2026-04-23 00:00:00,1776891600,0.0
2026-04-22 01:00:00,2026-04-23 01:00:00,1776895200,0.0
2026-04-22 02:00:00,2026-04-23 02:00:00,1776898800,0.0
2026-04-22 03:00:00,2026-04-23 03:00:00,1776902400,0.0
2026-04-22 04:00:00,2026-04-23 04:00:00,1776906000,0.0
2026-04-22 05:00:00,2026-04-23 05:00:00,1776909600,0.0
2026-04-22 06:00:00,2026-04-23 06:00:00,1776913200,0.0
2026-04-22 07:00:00,2026-04-23 07:00:00,1776916800,29.0
2026-04-22 08:00:00,2026-04-23 08:00:00,1776920400,170.0
2026-04-22 09:00:00,2026-04-23 09:00:00,1776924000,360.0
2026-04-22 10:00:00,2026-04-23 10:00:00,1776927600,558.0
2026-04-22 11:00:00,2026-04-23 11:00:00,1776931200,733.0
2026-04-22 12:00:00,2026-04-23 12:00:00,1776934800,848.0
2026-04-22 13:00:00,2026-04-23 13:00:00,1776938400,900.0
2026-04-22 14:00:00,2026-04-23 14:00:00,1776942000,900.0
2026-04-22 15:00:00,2026-04-23 15:00:00,1776945600,828.0
2026-04-22 16:00:00,2026-04-23 16:00:00,1776949200,688.0
2026-04-22 17:00:00,2026-04-23 17:00:00,1776952800,510.0
2026-04-22 18:00:00,2026-04-23 18:00:00,1776956400,309.0
2026-04-22 19:00:00,2026-04-23 19:00:00,1776960000,115.0
2026-04-22 20:00:00,2026-04-23 20:00:00,1776963600,7.0
2026-04-22 21:00:00,2026-04-23 21:00:00,1776967200,0.0
2026-04-22 22:00:00,2026-04-23 22:00:00,1776970800,0.0
2026-04-22 23:00:00,2026-04-23 23:00:00,1776974400,0.0
2026-04-23 00:00:00,2026-04-24 00:00:00,1776978000,0.0
2026-04-23 01:00:00,2026-04-24 01:00:00,1776981600,0.0
2026-04-23 02:00:00,2026-04-24 02:00:00,1776985200,0.0
2026-04-23 03:00:00,2026-04-24 03:00:00,1776988800,0.0
2026-04-23 04:00:00,2026-04-24 04:00:00,1776992400,0.0
2026-04-23 05:00:00,2026-04-24 05:00:00,1776996000,0.0
2026-04-23 06:00:00,2026-04-24 06:00:00,1776999600,0.0
2026-04-23 07:00:00,2026-04-24 07:00:00,1777003200,32.0
2026-04-23 08:00:00,2026-04-24 08:00:00,1777006800,180.0
2026-04-23 09:00:00,2026-04-24 09:00:00,1777010400,374.0
2026-04-23 10:00:00,2026-04-24 10:00:00,1777014000,546.0
2026-04-23 11:00:00,2026-04-24 11:00:00,1777017600,707.0
2026-04-23 12:00:00,2026-04-24 12:00:00,1777021200,845.0
2026-04-23 13:00:00,2026-04-24 13:00:00,1777024800,853.0
2026-04-23 14:00:00,2026-04-24 14:00:00,1777028400,851.0
2026-04-23 15:00:00,2026-04-24 15:00:00,1777032000,808.0
2026-04-23 16:00:00,2026-04-24 16:00:00,1777035600,626.0
2026-04-23 17:00:00,2026-04-24 17:00:00,1777039200,486.0
2026-04-23 18:00:00,2026-04-24 18:00:00,1777042800,292.0
2026-04-23 19:00:00,2026-04-24 19:00:00,1777046400,104.0
2026-04-23 20:00:00,2026-04-24 20:00:00,1777050000,7.0
2026-04-23 21:00:00,2026-04-24 21:00:00,1777053600,0.0
2026-04-23 22:00:00,2026-04-24 22:00:00,1777057200,0.0
2026-04-23 23:00:00,2026-04-24 23:00:00,1777060800,0.0
2026-04-24 00:00:00,2026-04-25 00:00:00,1777064400,0.0
2026-04-24 01:00:00,2026-04-25 01:00:00,1777068000,0.0
2026-04-24 02:00:00,2026-04-25 02:00:00,1777071600,0.0
2026-04-24 03:00:00,2026-04-25 03:00:00,1777075200,0.0
2026-04-24 04:00:00,2026-04-25 04:00:00,1777078800,0.0
2026-04-24 05:00:00,2026-04-25 05:00:00,1777082400,0.0
2026-04-24 06:00:00,2026-04-25 06:00:00,1777086000,0.0
2026-04-24 07:00:00,2026-04-25 07:00:00,1777089600,25.0
2026-04-24 08:00:00,2026-04-25 08:00:00,1777093200,138.0
2026-04-24 09:00:00,2026-04-25 09:00:00,1777096800,313.0
2026-04-24 10:00:00,2026-04-25 10:00:00,1777100400,514.0
2026-04-24 11:00:00,2026-04-25 11:00:00,1777104000,347.0
2026-04-24 12:00:00,2026-04-25 12:00:00,1777107600,430.0
2026-04-24 13:00:00,2026-04-25 13:00:00,1777111200,523.0
2026-04-24 14:00:00,2026-04-25 14:00:00,1777114800,790.0
2026-04-24 15:00:00,2026-04-25 15:00:00,1777118400,797.0
2026-04-24 16:00:00,2026-04-25 16:00:00,1777122000,684.0
2026-04-24 17:00:00,2026-04-25 17:00:00,1777125600,511.0
2026-04-24 18:00:00,2026-04-25 18:00:00,1777129200,308.0
2026-04-24 19:00:00,2026-04-25 19:00:00,1777132800,117.0
2026-04-24 20:00:00,2026-04-25 20:00:00,1777136400,8.0
2026-04-24 21:00:00,2026-04-25 21:00:00,1777140000,0.0
2026-04-24 22:00:00,2026-04-25 22:00:00,1777143600,0.0
2026-04-24 23:00:00,2026-04-25 23:00:00,1777147200,0.0
2026-04-25 00:00:00,2026-04-26 00:00:00,1777150800,0.0
2026-04-25 01:00:00,2026-04-26 01:00:00,1777154400,0.0
2026-04-25 02:00:00,2026-04-26 02:00:00,1777158000,0.0
2026-04-25 03:00:00,2026-04-26 03:00:00,1777161600,0.0
2026-04-25 04:00:00,2026-04-26 04:00:00,1777165200,0.0
2026-04-25 05:00:00,2026-04-26 05:00:00,1777168800,0.0
2026-04-25 06:00:00,2026-04-26 06:00:00,1777172400,0.0
2026-04-25 07:00:00,2026-04-26 07:00:00,1777176000,28.0
2026-04-25 08:00:00,2026-04-26 08:00:00,1777179600,71.0
2026-04-25 09:00:00,2026-04-26 09:00:00,1777183200,161.0
2026-04-25 10:00:00,2026-04-26 10:00:00,1777186800,363.0
2026-04-25 11:00:00,2026-04-26 11:00:00,1777190400,420.0
2026-04-25 12:00:00,2026-04-26 12:00:00,1777194000,508.0
2026-04-25 13:00:00,2026-04-26 13:00:00,1777197600,830.0
2026-04-25 14:00:00,2026-04-26 14:00:00,1777201200,709.0
2026-04-25 15:00:00,2026-04-26 15:00:00,1777204800,628.0
2026-04-25 16:00:00,2026-04-26 16:00:00,1777208400,638.0
2026-04-25 17:00:00,2026-04-26 17:00:00,1777212000,491.0
2026-04-25 18:00:00,2026-04-26 18:00:00,1777215600,307.0
2026-04-25 19:00:00,2026-04-26 19:00:00,1777219200,117.0
2026-04-25 20:00:00,2026-04-26 20:00:00,1777222800,8.0
2026-04-25 21:00:00,2026-04-26 21:00:00,1777226400,0.0
2026-04-25 22:00:00,2026-04-26 22:00:00,1777230000,0.0
2026-04-25 23:00:00,2026-04-26 23:00:00,1777233600,0.0
2026-04-26 00:00:00,2026-04-27 00:00:00,1777237200,0.0
2026-04-26 01:00:00,2026-04-27 01:00:00,1777240800,0.0
2026-04-26 02:00:00,2026-04-27 02:00:00,1777244400,0.0
2026-04-26 03:00:00,2026-04-27 03:00:00,1777248000,0.0
2026-04-26 04:00:00,2026-04-27 04:00:00,1777251600,0.0
2026-04-26 05:00:00,2026-04-27 05:00:00,1777255200,0.0
2026-04-26 06:00:00,2026-04-27 06:00:00,1777258800,0.0
2026-04-26 07:00:00,2026-04-27 07:00:00,1777262400,32.0
2026-04-26 08:00:00,2026-04-27 08:00:00,1777266000,179.0
2026-04-26 09:00:00,2026-04-27 09:00:00,1777269600,378.0
2026-04-26 10:00:00,2026-04-27 10:00:00,1777273200,572.0
2026-04-26 11:00:00,2026-04-27 11:00:00,1777276800,604.0
2026-04-26 12:00:00,2026-04-27 12:00:00,1777280400,592.0
2026-04-26 13:00:00,2026-04-27 13:00:00,1777284000,670.0
2026-04-26 14:00:00,2026-04-27 14:00:00,1777287600,678.0
2026-04-26 15:00:00,2026-04-27 15:00:00,1777291200,707.0
2026-04-26 16:00:00,2026-04-27 16:00:00,1777294800,637.0
2026-04-26 17:00:00,2026-04-27 17:00:00,1777298400,461.0
2026-04-26 18:00:00,2026-04-27 18:00:00,1777302000,288.0
2026-04-26 19:00:00,2026-04-27 19:00:00,1777305600,115.0
2026-04-26 20:00:00,2026-04-27 20:00:00,1777309200,9.0
2026-04-26 21:00:00,2026-04-27 21:00:00,1777312800,0.0
2026-04-26 22:00:00,2026-04-27 22:00:00,1777316400,0.0
2026-04-26 23:00:00,2026-04-27 23:00:00,1777320000,0.0
2026-04-27 00:00:00,2026-04-28 00:00:00,1777323600,0.0
2026-04-27 01:00:00,2026-04-28 01:00:00,1777327200,0.0
2026-04-27 02:00:00,2026-04-28 02:00:00,1777330800,0.0
2026-04-27 03:00:00,2026-04-28 03:00:00,1777334400,0.0
2026-04-27 04:00:00,2026-04-28 04:00:00,1777338000,0.0
2026-04-27 05:00:00,2026-04-28 05:00:00,1777341600,0.0
2026-04-27 06:00:00,2026-04-28 06:00:00,1777345200,0.0
2026-04-27 07:00:00,2026-04-28 07:00:00,1777348800,39.0
2026-04-27 08:00:00,2026-04-28 08:00:00,1777352400,196.0
2026-04-27 09:00:00,2026-04-28 09:00:00,1777356000,398.0
2026-04-27 10:00:00,2026-04-28 10:00:00,1777359600,591.0
2026-04-27 11:00:00,2026-04-28 11:00:00,1777363200,752.0
2026-04-27 12:00:00,2026-04-28 12:00:00,1777366800,866.0
2026-04-27 13:00:00,2026-04-28 13:00:00,1777370400,847.0
2026-04-27 14:00:00,2026-04-28 14:00:00,1777374000,885.0
2026-04-27 15:00:00,2026-04-28 15:00:00,1777377600,758.0
2026-04-27 16:00:00,2026-04-28 16:00:00,1777381200,683.0
2026-04-27 17:00:00,2026-04-28 17:00:00,1777384800,512.0
2026-04-27 18:00:00,2026-04-28 18:00:00,1777388400,316.0
2026-04-27 19:00:00,2026-04-28 19:00:00,1777392000,124.0
2026-04-27 20:00:00,2026-04-28 20:00:00,1777395600,10.0
2026-04-27 21:00:00,2026-04-28 21:00:00,1777399200,0.0
2026-04-27 22:00:00,2026-04-28 22:00:00,1777402800,0.0
2026-04-27 23:00:00,2026-04-28 23:00:00,1777406400,0.0
2026-04-28 00:00:00,2026-04-29 00:00:00,1777410000,0.0
2026-04-28 01:00:00,2026-04-29 01:00:00,1777413600,0.0
2026-04-28 02:00:00,2026-04-29 02:00:00,1777417200,0.0
2026-04-28 03:00:00,2026-04-29 03:00:00,1777420800,0.0
2026-04-28 04:00:00,2026-04-29 04:00:00,1777424400,0.0
2026-04-28 05:00:00,2026-04-29 05:00:00,1777428000,0.0
2026-04-28 06:00:00,2026-04-29 06:00:00,1777431600,0.0
2026-04-28 07:00:00,2026-04-29 07:00:00,1777435200,41.0
2026-04-28 08:00:00,2026-04-29 08:00:00,1777438800,198.0
2026-04-28 09:00:00,2026-04-29 09:00:00,1777442400,406.0
2026-04-28 10:00:00,2026-04-29 10:00:00,1777446000,612.0
2026-04-28 11:00:00,2026-04-29 11:00:00,1777449600,779.0
2026-04-28 12:00:00,2026-04-29 12:00:00,1777453200,891.0
2026-04-28 13:00:00,2026-04-29 13:00:00,1777456800,942.0
2026-04-28 14:00:00,2026-04-29 14:00:00,1777460400,920.0
2026-04-28 15:00:00,2026-04-29 15:00:00,1777464000,840.0
2026-04-28 16:00:00,2026-04-29 16:00:00,1777467600,688.0
2026-04-28 17:00:00,2026-04-29 17:00:00,1777471200,523.0
2026-04-28 18:00:00,2026-04-29 18:00:00,1777474800,322.0
2026-04-28 19:00:00,2026-04-29 19:00:00,1777478400,128.0
2026-04-28 20:00:00,2026-04-29 20:00:00,1777482000,10.0
2026-04-28 21:00:00,2026-04-29 21:00:00,1777485600,0.0
2026-04-28 22:00:00,2026-04-29 22:00:00,1777489200,0.0
2026-04-28 23:00:00,2026-04-29 23:00:00,1777492800,0.0
2026-04-29 00:00:00,2026-04-30 00:00:00,1777496400,0.0
2026-04-29 01:00:00,2026-04-30 01:00:00,1777500000,0.0
2026-04-29 02:00:00,2026-04-30 02:00:00,1777503600,0.0
2026-04-29 03:00:00,2026-04-30 03:00:00,1777507200,0.0
2026-04-29 04:00:00,2026-04-30 04:00:00,1777510800,0.0
2026-04-29 05:00:00,2026-04-30 05:00:00,1777514400,0.0
2026-04-29 06:00:00,2026-04-30 06:00:00,1777518000,0.0
2026-04-29 07:00:00,2026-04-30 07:00:00,1777521600,45.0
2026-04-29 08:00:00,2026-04-30 08:00:00,1777525200,215.0
2026-04-29 09:00:00,2026-04-30 09:00:00,1777528800,423.0
2026-04-29 10:00:00,2026-04-30 10:00:00,1777532400,618.0
2026-04-29 11:00:00,2026-04-30 11:00:00,1777536000,776.0
2026-04-29 12:00:00,2026-04-30 12:00:00,1777539600,886.0
2026-04-29 13:00:00,2026-04-30 13:00:00,1777543200,930.0
2026-04-29 14:00:00,2026-04-30 14:00:00,1777546800,909.0
2026-04-29 15:00:00,2026-04-30 15:00:00,1777550400,836.0
2026-04-29 16:00:00,2026-04-30 16:00:00,1777554000,705.0
2026-04-29 17:00:00,2026-04-30 17:00:00,1777557600,530.0
2026-04-29 18:00:00,2026-04-30 18:00:00,1777561200,327.0
2026-04-29 19:00:00,2026-04-30 19:00:00,1777564800,133.0
2026-04-29 20:00:00,2026-04-30 20:00:00,1777568400,11.0
2026-04-29 21:00:00,2026-04-30 21:00:00,1777572000,0.0
2026-04-29 22:00:00,2026-04-30 22:00:00,1777575600,0.0
2026-04-29 23:00:00,2026-04-30 23:00:00,1777579200,0.0
2026-04-30 00:00:00,2026-05-01 00:00:00,1777582800,0.0
2026-04-30 01:00:00,2026-05-01 01:00:00,1777586400,0.0
2026-04-30 02:00:00,2026-05-01 02:00:00,1777590000,0.0
2026-04-30 03:00:00,2026-05-01 03:00:00,1777593600,0.0
2026-04-30 04:00:00,2026-05-01 04:00:00,1777597200,0.0
2026-04-30 05:00:00,2026-05-01 05:00:00,1777600800,0.0
2026-04-30 06:00:00,2026-05-01 06:00:00,1777604400,0.0
2026-04-30 07:00:00,2026-05-01 07:00:00,1777608000,44.0
2026-04-30 08:00:00,2026-05-01 08:00:00,1777611600,212.0
2026-04-30 09:00:00,2026-05-01 09:00:00,1777615200,417.0
2026-04-30 10:00:00,2026-05-01 10:00:00,1777618800,619.0
2026-04-30 11:00:00,2026-05-01 11:00:00,1777622400,781.0
2026-04-30 12:00:00,2026-05-01 12:00:00,1777626000,891.0
2026-04-30 13:00:00,2026-05-01 13:00:00,1777629600,927.0
2026-04-30 14:00:00,2026-05-01 14:00:00,1777633200,903.0
2026-04-30 15:00:00,2026-05-01 15:00:00,1777636800,828.0
2026-04-30 16:00:00,2026-05-01 16:00:00,1777640400,693.0
2026-04-30 17:00:00,2026-05-01 17:00:00,1777644000,506.0
2026-04-30 18:00:00,2026-05-01 18:00:00,1777647600,324.0
2026-04-30 19:00:00,2026-05-01 19:00:00,1777651200,132.0
2026-04-30 20:00:00,2026-05-01 20:00:00,1777654800,11.0
2026-04-30 21:00:00,2026-05-01 21:00:00,1777658400,0.0
2026-04-30 22:00:00,2026-05-01 22:00:00,1777662000,0.0
2026-04-30 23:00:00,2026-05-01 23:00:00,1777665600,0.0
2026-05-01 00:00:00,2026-05-02 00:00:00,1777669200,0.0
2026-05-01 01:00:00,2026-05-02 01:00:00,1777672800,0.0
2026-05-01 02:00:00,2026-05-02 02:00:00,1777676400,0.0
2026-05-01 03:00:00,2026-05-02 03:00:00,1777680000,0.0
2026-05-01 04:00:00,2026-05-02 04:00:00,1777683600,0.0
2026-05-01 05:00:00,2026-05-02 05:00:00,1777687200,0.0
2026-05-01 06:00:00,2026-05-02 06:00:00,1777690800,0.0
2026-05-01 07:00:00,2026-05-02 07:00:00,1777694400,46.0
2026-05-01 08:00:00,2026-05-02 08:00:00,1777698000,205.0
2026-05-01 09:00:00,2026-05-02 09:00:00,1777701600,276.0
2026-05-01 10:00:00,2026-05-02 10:00:00,1777705200,205.0
2026-05-01 11:00:00,2026-05-02 11:00:00,1777708800,222.0
2026-05-01 12:00:00,2026-05-02 12:00:00,1777712400,288.0
2026-05-01 13:00:00,2026-05-02 13:00:00,1777716000,402.0
2026-05-01 14:00:00,2026-05-02 14:00:00,1777719600,402.0
2026-05-01 15:00:00,2026-05-02 15:00:00,1777723200,442.0
2026-05-01 16:00:00,2026-05-02 16:00:00,1777726800,418.0
2026-05-01 17:00:00,2026-05-02 17:00:00,1777730400,172.0
2026-05-01 18:00:00,2026-05-02 18:00:00,1777734000,68.0
2026-05-01 19:00:00,2026-05-02 19:00:00,1777737600,36.0
2026-05-01 20:00:00,2026-05-02 20:00:00,1777741200,4.0
2026-05-01 21:00:00,2026-05-02 21:00:00,1777744800,0.0
2026-05-01 22:00:00,2026-05-02 22:00:00,1777748400,0.0
2026-05-01 23:00:00,2026-05-02 23:00:00,1777752000,0.0
2026-05-02 00:00:00,2026-05-03 00:00:00,1777755600,0.0
2026-05-02 01:00:00,2026-05-03 01:00:00,1777759200,0.0
2026-05-02 02:00:00,2026-05-03 02:00:00,1777762800,0.0
2026-05-02 03:00:00,2026-05-03 03:00:00,1777766400,0.0
2026-05-02 04:00:00,2026-05-03 04:00:00,1777770000,0.0
2026-05-02 05:00:00,2026-05-03 05:00:00,1777773600,0.0
2026-05-02 06:00:00,2026-05-03 06:00:00,1777777200,0.0
2026-05-02 07:00:00,2026-05-03 07:00:00,1777780800,16.0
2026-05-02 08:00:00,2026-05-03 08:00:00,1777784400,20.0
2026-05-02 09:00:00,2026-05-03 09:00:00,1777788000,34.0
2026-05-02 10:00:00,2026-05-03 10:00:00,1777791600,166.0
2026-05-02 11:00:00,2026-05-03 11:00:00,1777795200,97.0
2026-05-02 12:00:00,2026-05-03 12:00:00,1777798800,356.0
2026-05-02 13:00:00,2026-05-03 13:00:00,1777802400,114.0
2026-05-02 14:00:00,2026-05-03 14:00:00,1777806000,57.0
2026-05-02 15:00:00,2026-05-03 15:00:00,1777809600,125.0
2026-05-02 16:00:00,2026-05-03 16:00:00,1777813200,261.0
2026-05-02 17:00:00,2026-05-03 17:00:00,1777816800,459.0
2026-05-02 18:00:00,2026-05-03 18:00:00,1777820400,285.0
2026-05-02 19:00:00,2026-05-03 19:00:00,1777824000,127.0
2026-05-02 20:00:00,2026-05-03 20:00:00,1777827600,12.0
2026-05-02 21:00:00,2026-05-03 21:00:00,1777831200,0.0
2026-05-02 22:00:00,2026-05-03 22:00:00,1777834800,0.0
2026-05-02 23:00:00,2026-05-03 23:00:00,1777838400,0.0
2026-05-03 00:00:00,2026-05-04 00:00:00,1777842000,0.0
2026-05-03 01:00:00,2026-05-04 01:00:00,1777845600,0.0
2026-05-03 02:00:00,2026-05-04 02:00:00,1777849200,0.0
2026-05-03 03:00:00,2026-05-04 03:00:00,1777852800,0.0
2026-05-03 04:00:00,2026-05-04 04:00:00,1777856400,0.0
2026-05-03 05:00:00,2026-05-04 05:00:00,1777860000,0.0
2026-05-03 06:00:00,2026-05-04 06:00:00,1777863600,0.0
2026-05-03 07:00:00,2026-05-04 07:00:00,1777867200,32.0
2026-05-03 08:00:00,2026-05-04 08:00:00,1777870800,108.0
2026-05-03 09:00:00,2026-05-04 09:00:00,1777874400,267.0
2026-05-03 10:00:00,2026-05-04 10:00:00,1777878000,263.0
2026-05-03 11:00:00,2026-05-04 11:00:00,1777881600,186.0
2026-05-03 12:00:00,2026-05-04 12:00:00,1777885200,677.0
2026-05-03 13:00:00,2026-05-04 13:00:00,1777888800,859.0
2026-05-03 14:00:00,2026-05-04 14:00:00,1777892400,579.0
2026-05-03 15:00:00,2026-05-04 15:00:00,1777896000,689.0
2026-05-03 16:00:00,2026-05-04 16:00:00,1777899600,504.0
2026-05-03 17:00:00,2026-05-04 17:00:00,1777903200,372.0
2026-05-03 18:00:00,2026-05-04 18:00:00,1777906800,254.0
2026-05-03 19:00:00,2026-05-04 19:00:00,1777910400,121.0
2026-05-03 20:00:00,2026-05-04 20:00:00,1777914000,12.0
2026-05-03 21:00:00,2026-05-04 21:00:00,1777917600,0.0
2026-05-03 22:00:00,2026-05-04 22:00:00,1777921200,0.0
2026-05-03 23:00:00,2026-05-04 23:00:00,1777924800,0.0
2026-05-04 00:00:00,2026-05-05 00:00:00,1777928400,0.0
2026-05-04 01:00:00,2026-05-05 01:00:00,1777932000,0.0
2026-05-04 02:00:00,2026-05-05 02:00:00,1777935600,0.0
2026-05-04 03:00:00,2026-05-05 03:00:00,1777939200,0.0
2026-05-04 04:00:00,2026-05-05 04:00:00,1777942800,0.0
2026-05-04 05:00:00,2026-05-05 05:00:00,1777946400,0.0
2026-05-04 06:00:00,2026-05-05 06:00:00,1777950000,0.0
2026-05-04 07:00:00,2026-05-05 07:00:00,1777953600,35.0
2026-05-04 08:00:00,2026-05-05 08:00:00,1777957200,190.0
2026-05-04 09:00:00,2026-05-05 09:00:00,1777960800,382.0
2026-05-04 10:00:00,2026-05-05 10:00:00,1777964400,608.0
2026-05-04 11:00:00,2026-05-05 11:00:00,1777968000,799.0
2026-05-04 12:00:00,2026-05-05 12:00:00,1777971600,911.0
2026-05-04 13:00:00,2026-05-05 13:00:00,1777975200,963.0
2026-05-04 14:00:00,2026-05-05 14:00:00,1777978800,953.0
2026-05-04 15:00:00,2026-05-05 15:00:00,1777982400,873.0
2026-05-04 16:00:00,2026-05-05 16:00:00,1777986000,717.0
2026-05-04 17:00:00,2026-05-05 17:00:00,1777989600,538.0
2026-05-04 18:00:00,2026-05-05 18:00:00,1777993200,321.0
2026-05-04 19:00:00,2026-05-05 19:00:00,1777996800,144.0
2026-05-04 20:00:00,2026-05-05 20:00:00,1778000400,15.0
2026-05-04 21:00:00,2026-05-05 21:00:00,1778004000,0.0
2026-05-04 22:00:00,2026-05-05 22:00:00,1778007600,0.0
2026-05-04 23:00:00,2026-05-05 23:00:00,1778011200,0.0
2026-05-05 00:00:00,2026-05-06 00:00:00,1778014800,0.0
2026-05-05 01:00:00,2026-05-06 01:00:00,1778018400,0.0
2026-05-05 02:00:00,2026-05-06 02:00:00,1778022000,0.0
2026-05-05 03:00:00,2026-05-06 03:00:00,1778025600,0.0
2026-05-05 04:00:00,2026-05-06 04:00:00,1778029200,0.0
2026-05-05 05:00:00,2026-05-06 05:00:00,1778032800,0.0
2026-05-05 06:00:00,2026-05-06 06:00:00,1778036400,0.0
2026-05-05 07:00:00,2026-05-06 07:00:00,1778040000,55.0
2026-05-05 08:00:00,2026-05-06 08:00:00,1778043600,228.0
2026-05-05 09:00:00,2026-05-06 09:00:00,1778047200,435.0
2026-05-05 10:00:00,2026-05-06 10:00:00,1778050800,631.0
2026-05-05 11:00:00,2026-05-06 11:00:00,1778054400,792.0
2026-05-05 12:00:00,2026-05-06 12:00:00,1778058000,881.0
2026-05-05 13:00:00,2026-05-06 13:00:00,1778061600,861.0
2026-05-05 14:00:00,2026-05-06 14:00:00,1778065200,868.0
2026-05-05 15:00:00,2026-05-06 15:00:00,1778068800,768.0
2026-05-05 16:00:00,2026-05-06 16:00:00,1778072400,635.0
2026-05-05 17:00:00,2026-05-06 17:00:00,1778076000,506.0
2026-05-05 18:00:00,2026-05-06 18:00:00,1778079600,320.0
2026-05-05 19:00:00,2026-05-06 19:00:00,1778083200,135.0
2026-05-05 20:00:00,2026-05-06 20:00:00,1778086800,14.0
2026-05-05 21:00:00,2026-05-06 21:00:00,1778090400,0.0
2026-05-05 22:00:00,2026-05-06 22:00:00,1778094000,0.0
2026-05-05 23:00:00,2026-05-06 23:00:00,1778097600,0.0
2026-05-06 00:00:00,2026-05-07 00:00:00,1778101200,0.0
2026-05-06 01:00:00,2026-05-07 01:00:00,1778104800,0.0
2026-05-06 02:00:00,2026-05-07 02:00:00,1778108400,0.0
2026-05-06 03:00:00,2026-05-07 03:00:00,1778112000,0.0
2026-05-06 04:00:00,2026-05-07 04:00:00,1778115600,0.0
2026-05-06 05:00:00,2026-05-07 05:00:00,1778119200,0.0
2026-05-06 06:00:00,2026-05-07 06:00:00,1778122800,0.0
2026-05-06 07:00:00,2026-05-07 07:00:00,1778126400,58.0
2026-05-06 08:00:00,2026-05-07 08:00:00,1778130000,232.0
2026-05-06 09:00:00,2026-05-07 09:00:00,1778133600,439.0
2026-05-06 10:00:00,2026-05-07 10:00:00,1778137200,634.0
2026-05-06 11:00:00,2026-05-07 11:00:00,1778140800,792.0
2026-05-06 12:00:00,2026-05-07 12:00:00,1778144400,878.0
2026-05-06 13:00:00,2026-05-07 13:00:00,1778148000,900.0
2026-05-06 14:00:00,2026-05-07 14:00:00,1778151600,875.0
2026-05-06 15:00:00,2026-05-07 15:00:00,1778155200,832.0
2026-05-06 16:00:00,2026-05-07 16:00:00,1778158800,704.0
2026-05-06 17:00:00,2026-05-07 17:00:00,1778162400,536.0
2026-05-06 18:00:00,2026-05-07 18:00:00,1778166000,339.0
2026-05-06 19:00:00,2026-05-07 19:00:00,1778169600,146.0
2026-05-06 20:00:00,2026-05-07 20:00:00,1778173200,16.0
2026-05-06 21:00:00,2026-05-07 21:00:00,1778176800,0.0
2026-05-06 22:00:00,2026-05-07 22:00:00,1778180400,0.0
2026-05-06 23:00:00,2026-05-07 23:00:00,1778184000,0.0
2026-05-07 00:00:00,2026-05-08 00:00:00,1778187600,0.0
2026-05-07 01:00:00,2026-05-08 01:00:00,1778191200,0.0
2026-05-07 02:00:00,2026-05-08 02:00:00,1778194800,0.0
2026-05-07 03:00:00,2026-05-08 03:00:00,1778198400,0.0
2026-05-07 04:00:00,2026-05-08 04:00:00,1778202000,0.0
2026-05-07 05:00:00,2026-05-08 05:00:00,1778205600,0.0
2026-05-07 06:00:00,2026-05-08 06:00:00,1778209200,0.0
2026-05-07 07:00:00,2026-05-08 07:00:00,1778212800,59.0
2026-05-07 08:00:00,2026-05-08 08:00:00,1778216400,234.0
2026-05-07 09:00:00,2026-05-08 09:00:00,1778220000,440.0
2026-05-07 10:00:00,2026-05-08 10:00:00,1778223600,635.0
2026-05-07 11:00:00,2026-05-08 11:00:00,1778227200,794.0
2026-05-07 12:00:00,2026-05-08 12:00:00,1778230800,903.0
2026-05-07 13:00:00,2026-05-08 13:00:00,1778234400,948.0
2026-05-07 14:00:00,2026-05-08 14:00:00,1778238000,929.0
2026-05-07 15:00:00,2026-05-08 15:00:00,1778241600,848.0
2026-05-07 16:00:00,2026-05-08 16:00:00,1778245200,717.0
2026-05-07 17:00:00,2026-05-08 17:00:00,1778248800,529.0
2026-05-07 18:00:00,2026-05-08 18:00:00,1778252400,338.0
2026-05-07 19:00:00,2026-05-08 19:00:00,1778256000,135.0
2026-05-07 20:00:00,2026-05-08 20:00:00,1778259600,16.0
2026-05-07 21:00:00,2026-05-08 21:00:00,1778263200,0.0
2026-05-07 22:00:00,2026-05-08 22:00:00,1778266800,0.0
2026-05-07 23:00:00,2026-05-08 23:00:00,1778270400,0.0
2026-05-08 00:00:00,2026-05-09 00:00:00,1778274000,0.0
2026-05-08 01:00:00,2026-05-09 01:00:00,1778277600,0.0
2026-05-08 02:00:00,2026-05-09 02:00:00,1778281200,0.0
2026-05-08 03:00:00,2026-05-09 03:00:00,1778284800,0.0
2026-05-08 04:00:00,2026-05-09 04:00:00,1778288400,0.0
2026-05-08 05:00:00,2026-05-09 05:00:00,1778292000,0.0
2026-05-08 06:00:00,2026-05-09 06:00:00,1778295600,0.0
2026-05-08 07:00:00,2026-05-09 07:00:00,1778299200,61.0
2026-05-08 08:00:00,2026-05-09 08:00:00,1778302800,234.0
2026-05-08 09:00:00,2026-05-09 09:00:00,1778306400,439.0
2026-05-08 10:00:00,2026-05-09 10:00:00,1778310000,632.0
2026-05-08 11:00:00,2026-05-09 11:00:00,1778313600,791.0
2026-05-08 12:00:00,2026-05-09 12:00:00,1778317200,899.0
2026-05-08 13:00:00,2026-05-09 13:00:00,1778320800,946.0
2026-05-08 14:00:00,2026-05-09 14:00:00,1778324400,932.0
2026-05-08 15:00:00,2026-05-09 15:00:00,1778328000,854.0
2026-05-08 16:00:00,2026-05-09 16:00:00,1778331600,723.0
2026-05-08 17:00:00,2026-05-09 17:00:00,1778335200,548.0
2026-05-08 18:00:00,2026-05-09 18:00:00,1778338800,346.0
2026-05-08 19:00:00,2026-05-09 19:00:00,1778342400,149.0
2026-05-08 20:00:00,2026-05-09 20:00:00,1778346000,17.0
2026-05-08 21:00:00,2026-05-09 21:00:00,1778349600,0.0
2026-05-08 22:00:00,2026-05-09 22:00:00,1778353200,0.0
2026-05-08 23:00:00,2026-05-09 23:00:00,1778356800,0.0
2026-05-09 00:00:00,2026-05-10 00:00:00,1778360400,0.0
2026-05-09 01:00:00,2026-05-10 01:00:00,1778364000,0.0
2026-05-09 02:00:00,2026-05-10 02:00:00,1778367600,0.0
2026-05-09 03:00:00,2026-05-10 03:00:00,1778371200,0.0
2026-05-09 04:00:00,2026-05-10 04:00:00,1778374800,0.0
2026-05-09 05:00:00,2026-05-10 05:00:00,1778378400,0.0
2026-05-09 06:00:00,2026-05-10 06:00:00,1778382000,0.0
2026-05-09 07:00:00,2026-05-10 07:00:00,1778385600,63.0
2026-05-09 08:00:00,2026-05-10 08:00:00,1778389200,237.0
2026-05-09 09:00:00,2026-05-10 09:00:00,1778392800,441.0
2026-05-09 10:00:00,2026-05-10 10:00:00,1778396400,633.0
2026-05-09 11:00:00,2026-05-10 11:00:00,1778400000,789.0
2026-05-09 12:00:00,2026-05-10 12:00:00,1778403600,896.0
2026-05-09 13:00:00,2026-05-10 13:00:00,1778407200,945.0
2026-05-09 14:00:00,2026-05-10 14:00:00,1778410800,933.0
2026-05-09 15:00:00,2026-05-10 15:00:00,1778414400,860.0
2026-05-09 16:00:00,2026-05-10 16:00:00,1778418000,731.0
2026-05-09 17:00:00,2026-05-10 17:00:00,1778421600,557.0
2026-05-09 18:00:00,2026-05-10 18:00:00,1778425200,353.0
2026-05-09 19:00:00,2026-05-10 19:00:00,1778428800,149.0
2026-05-09 20:00:00,2026-05-10 20:00:00,1778432400,19.0
2026-05-09 21:00:00,2026-05-10 21:00:00,1778436000,0.0
2026-05-09 22:00:00,2026-05-10 22:00:00,1778439600,0.0
2026-05-09 23:00:00,2026-05-10 23:00:00,1778443200,0.0
2026-05-10 00:00:00,2026-05-11 00:00:00,1778446800,0.0
2026-05-10 01:00:00,2026-05-11 01:00:00,1778450400,0.0
2026-05-10 02:00:00,2026-05-11 02:00:00,1778454000,0.0
2026-05-10 03:00:00,2026-05-11 03:00:00,1778457600,0.0
2026-05-10 04:00:00,2026-05-11 04:00:00,1778461200,0.0
2026-05-10 05:00:00,2026-05-11 05:00:00,1778464800,0.0
2026-05-10 06:00:00,2026-05-11 06:00:00,1778468400,0.0
2026-05-10 07:00:00,2026-05-11 07:00:00,1778472000,46.0
2026-05-10 08:00:00,2026-05-11 08:00:00,1778475600,156.0
2026-05-10 09:00:00,2026-05-11 09:00:00,1778479200,360.0
2026-05-10 10:00:00,2026-05-11 10:00:00,1778482800,644.0
2026-05-10 11:00:00,2026-05-11 11:00:00,1778486400,800.0
2026-05-10 12:00:00,2026-05-11 12:00:00,1778490000,905.0
2026-05-10 13:00:00,2026-05-11 13:00:00,1778493600,956.0
2026-05-10 14:00:00,2026-05-11 14:00:00,1778497200,941.0
2026-05-10 15:00:00,2026-05-11 15:00:00,1778500800,860.0
2026-05-10 16:00:00,2026-05-11 16:00:00,1778504400,725.0
2026-05-10 17:00:00,2026-05-11 17:00:00,1778508000,547.0
2026-05-10 18:00:00,2026-05-11 18:00:00,1778511600,349.0
2026-05-10 19:00:00,2026-05-11 19:00:00,1778515200,148.0
2026-05-10 20:00:00,2026-05-11 20:00:00,1778518800,19.0
2026-05-10 21:00:00,2026-05-11 21:00:00,1778522400,0.0
2026-05-10 22:00:00,2026-05-11 22:00:00,1778526000,0.0
2026-05-10 23:00:00,2026-05-11 23:00:00,1778529600,0.0
2026-05-11 00:00:00,2026-05-12 00:00:00,1778533200,0.0
2026-05-11 01:00:00,2026-05-12 01:00:00,1778536800,0.0
2026-05-11 02:00:00,2026-05-12 02:00:00,1778540400,0.0
2026-05-11 03:00:00,2026-05-12 03:00:00,1778544000,0.0
2026-05-11 04:00:00,2026-05-12 04:00:00,1778547600,0.0
2026-05-11 05:00:00,2026-05-12 05:00:00,1778551200,0.0
2026-05-11 06:00:00,2026-05-12 06:00:00,1778554800,0.0
2026-05-11 07:00:00,2026-05-12 07:00:00,1778558400,59.0
2026-05-11 08:00:00,2026-05-12 08:00:00,1778562000,199.0
2026-05-11 09:00:00,2026-05-12 09:00:00,1778565600,356.0
2026-05-11 10:00:00,2026-05-12 10:00:00,1778569200,608.0
2026-05-11 11:00:00,2026-05-12 11:00:00,1778572800,789.0
2026-05-11 12:00:00,2026-05-12 12:00:00,1778576400,901.0
2026-05-11 13:00:00,2026-05-12 13:00:00,1778580000,969.0
2026-05-11 14:00:00,2026-05-12 14:00:00,1778583600,960.0
2026-05-11 15:00:00,2026-05-12 15:00:00,1778587200,888.0
2026-05-11 16:00:00,2026-05-12 16:00:00,1778590800,759.0
2026-05-11 17:00:00,2026-05-12 17:00:00,1778594400,582.0
2026-05-11 18:00:00,2026-05-12 18:00:00,1778598000,375.0
2026-05-11 19:00:00,2026-05-12 19:00:00,1778601600,169.0
2026-05-11 20:00:00,2026-05-12 20:00:00,1778605200,22.0
2026-05-11 21:00:00,2026-05-12 21:00:00,1778608800,0.0
2026-05-11 22:00:00,2026-05-12 22:00:00,1778612400,0.0
2026-05-11 23:00:00,2026-05-12 23:00:00,1778616000,0.0
2026-05-12 00:00:00,2026-05-13 00:00:00,1778619600,0.0
2026-05-12 01:00:00,2026-05-13 01:00:00,1778623200,0.0
2026-05-12 02:00:00,2026-05-13 02:00:00,1778626800,0.0
2026-05-12 03:00:00,2026-05-13 03:00:00,1778630400,0.0
2026-05-12 04:00:00,2026-05-13 04:00:00,1778634000,0.0
2026-05-12 05:00:00,2026-05-13 05:00:00,1778637600,0.0
2026-05-12 06:00:00,2026-05-13 06:00:00,1778641200,0.0
2026-05-12 07:00:00,2026-05-13 07:00:00,1778644800,73.0
2026-05-12 08:00:00,2026-05-13 08:00:00,1778648400,256.0
2026-05-12 09:00:00,2026-05-13 09:00:00,1778652000,465.0
2026-05-12 10:00:00,2026-05-13 10:00:00,1778655600,659.0
2026-05-12 11:00:00,2026-05-13 11:00:00,1778659200,816.0
2026-05-12 12:00:00,2026-05-13 12:00:00,1778662800,928.0
2026-05-12 13:00:00,2026-05-13 13:00:00,1778666400,949.0
2026-05-12 14:00:00,2026-05-13 14:00:00,1778670000,841.0
2026-05-12 15:00:00,2026-05-13 15:00:00,1778673600,830.0
2026-05-12 16:00:00,2026-05-13 16:00:00,1778677200,681.0
2026-05-12 17:00:00,2026-05-13 17:00:00,1778680800,571.0
2026-05-12 18:00:00,2026-05-13 18:00:00,1778684400,361.0
2026-05-12 19:00:00,2026-05-13 19:00:00,1778688000,166.0
2026-05-12 20:00:00,2026-05-13 20:00:00,1778691600,22.0
2026-05-12 21:00:00,2026-05-13 21:00:00,1778695200,0.0
2026-05-12 22:00:00,2026-05-13 22:00:00,1778698800,0.0
2026-05-12 23:00:00,2026-05-13 23:00:00,1778702400,0.0
2026-05-13 00:00:00,2026-05-14 00:00:00,1778706000,0.0
2026-05-13 01:00:00,2026-05-14 01:00:00,1778709600,0.0
2026-05-13 02:00:00,2026-05-14 02:00:00,1778713200,0.0
2026-05-13 03:00:00,2026-05-14 03:00:00,1778716800,0.0
2026-05-13 04:00:00,2026-05-14 04:00:00,1778720400,0.0
2026-05-13 05:00:00,2026-05-14 05:00:00,1778724000,0.0
2026-05-13 06:00:00,2026-05-14 06:00:00,1778727600,1.0
2026-05-13 07:00:00,2026-05-14 07:00:00,1778731200,64.0
2026-05-13 08:00:00,2026-05-14 08:00:00,1778734800,103.0
2026-05-13 09:00:00,2026-05-14 09:00:00,1778738400,301.0
2026-05-13 10:00:00,2026-05-14 10:00:00,1778742000,387.0
2026-05-13 11:00:00,2026-05-14 11:00:00,1778745600,599.0
2026-05-13 12:00:00,2026-05-14 12:00:00,1778749200,768.0
2026-05-13 13:00:00,2026-05-14 13:00:00,1778752800,917.0
2026-05-13 14:00:00,2026-05-14 14:00:00,1778756400,936.0
2026-05-13 15:00:00,2026-05-14 15:00:00,1778760000,679.0
2026-05-13 16:00:00,2026-05-14 16:00:00,1778763600,212.0
2026-05-13 17:00:00,2026-05-14 17:00:00,1778767200,210.0
2026-05-13 18:00:00,2026-05-14 18:00:00,1778770800,110.0
2026-05-13 19:00:00,2026-05-14 19:00:00,1778774400,63.0
2026-05-13 20:00:00,2026-05-14 20:00:00,1778778000,23.0
2026-05-13 21:00:00,2026-05-14 21:00:00,1778781600,0.0
2026-05-13 22:00:00,2026-05-14 22:00:00,1778785200,0.0
2026-05-13 23:00:00,2026-05-14 23:00:00,1778788800,0.0
2026-05-14 00:00:00,2026-05-15 00:00:00,1778792400,0.0
2026-05-14 01:00:00,2026-05-15 01:00:00,1778796000,0.0
2026-05-14 02:00:00,2026-05-15 02:00:00,1778799600,0.0
2026-05-14 03:00:00,2026-05-15 03:00:00,1778803200,0.0
2026-05-14 04:00:00,2026-05-15 04:00:00,1778806800,0.0
2026-05-14 05:00:00,2026-05-15 05:00:00,1778810400,0.0
2026-05-14 06:00:00,2026-05-15 06:00:00,1778814000,1.0
2026-05-14 07:00:00,2026-05-15 07:00:00,1778817600,73.0
2026-05-14 08:00:00,2026-05-15 08:00:00,1778821200,245.0
2026-05-14 09:00:00,2026-05-15 09:00:00,1778824800,425.0
2026-05-14 10:00:00,2026-05-15 10:00:00,1778828400,597.0
2026-05-14 11:00:00,2026-05-15 11:00:00,1778832000,761.0
2026-05-14 12:00:00,2026-05-15 12:00:00,1778835600,854.0
2026-05-14 13:00:00,2026-05-15 13:00:00,1778839200,796.0
2026-05-14 14:00:00,2026-05-15 14:00:00,1778842800,892.0
2026-05-14 15:00:00,2026-05-15 15:00:00,1778846400,845.0
2026-05-14 16:00:00,2026-05-15 16:00:00,1778850000,718.0
2026-05-14 17:00:00,2026-05-15 17:00:00,1778853600,551.0
2026-05-14 18:00:00,2026-05-15 18:00:00,1778857200,357.0
2026-05-14 19:00:00,2026-05-15 19:00:00,1778860800,168.0
2026-05-14 20:00:00,2026-05-15 20:00:00,1778864400,23.0
2026-05-14 21:00:00,2026-05-15 21:00:00,1778868000,0.0
2026-05-14 22:00:00,2026-05-15 22:00:00,1778871600,0.0
2026-05-14 23:00:00,2026-05-15 23:00:00,1778875200,0.0
2026-05-15 00:00:00,2026-05-16 00:00:00,1778878800,0.0
2026-05-15 01:00:00,2026-05-16 01:00:00,1778882400,0.0
2026-05-15 02:00:00,2026-05-16 02:00:00,1778886000,0.0
2026-05-15 03:00:00,2026-05-16 03:00:00,1778889600,0.0
2026-05-15 04:00:00,2026-05-16 04:00:00,1778893200,0.0
2026-05-15 05:00:00,2026-05-16 05:00:00,1778896800,0.0
2026-05-15 06:00:00,2026-05-16 06:00:00,1778900400,1.0
2026-05-15 07:00:00,2026-05-16 07:00:00,1778904000,74.0
2026-05-15 08:00:00,2026-05-16 08:00:00,1778907600,250.0
2026-05-15 09:00:00,2026-05-16 09:00:00,1778911200,452.0
2026-05-15 10:00:00,2026-05-16 10:00:00,1778914800,655.0
2026-05-15 11:00:00,2026-05-16 11:00:00,1778918400,810.0
2026-05-15 12:00:00,2026-05-16 12:00:00,1778922000,916.0
2026-05-15 13:00:00,2026-05-16 13:00:00,1778925600,929.0
2026-05-15 14:00:00,2026-05-16 14:00:00,1778929200,933.0
2026-05-15 15:00:00,2026-05-16 15:00:00,1778932800,888.0
2026-05-15 16:00:00,2026-05-16 16:00:00,1778936400,758.0
2026-05-15 17:00:00,2026-05-16 17:00:00,1778940000,580.0
2026-05-15 18:00:00,2026-05-16 18:00:00,1778943600,376.0
2026-05-15 19:00:00,2026-05-16 19:00:00,1778947200,171.0
2026-05-15 20:00:00,2026-05-16 20:00:00,1778950800,24.0
2026-05-15 21:00:00,2026-05-16 21:00:00,1778954400,0.0
2026-05-15 22:00:00,2026-05-16 22:00:00,1778958000,0.0
2026-05-15 23:00:00,2026-05-16 23:00:00,1778961600,0.0
2026-05-16 00:00:00,2026-05-17 00:00:00,1778965200,0.0
2026-05-16 01:00:00,2026-05-17 01:00:00,1778968800,0.0
2026-05-16 02:00:00,2026-05-17 02:00:00,1778972400,0.0
2026-05-16 03:00:00,2026-05-17 03:00:00,1778976000,0.0
2026-05-16 04:00:00,2026-05-17 04:00:00,1778979600,0.0
2026-05-16 05:00:00,2026-05-17 05:00:00,1778983200,0.0
2026-05-16 06:00:00,2026-05-17 06:00:00,1778986800,1.0
2026-05-16 07:00:00,2026-05-17 07:00:00,1778990400,77.0
2026-05-16 08:00:00,2026-05-17 08:00:00,1778994000,255.0
2026-05-16 09:00:00,2026-05-17 09:00:00,1778997600,459.0
2026-05-16 10:00:00,2026-05-17 10:00:00,1779001200,653.0
2026-05-16 11:00:00,2026-05-17 11:00:00,1779004800,810.0
2026-05-16 12:00:00,2026-05-17 12:00:00,1779008400,916.0
2026-05-16 13:00:00,2026-05-17 13:00:00,1779012000,963.0
2026-05-16 14:00:00,2026-05-17 14:00:00,1779015600,951.0
2026-05-16 15:00:00,2026-05-17 15:00:00,1779019200,879.0
2026-05-16 16:00:00,2026-05-17 16:00:00,1779022800,751.0
2026-05-16 17:00:00,2026-05-17 17:00:00,1779026400,578.0
2026-05-16 18:00:00,2026-05-17 18:00:00,1779030000,376.0
2026-05-16 19:00:00,2026-05-17 19:00:00,1779033600,174.0
2026-05-16 20:00:00,2026-05-17 20:00:00,1779037200,26.0
2026-05-16 21:00:00,2026-05-17 21:00:00,1779040800,0.0
2026-05-16 22:00:00,2026-05-17 22:00:00,1779044400,0.0
2026-05-16 23:00:00,2026-05-17 23:00:00,1779048000,0.0
2026-05-17 00:00:00,2026-05-18 00:00:00,1779051600,0.0
2026-05-17 01:00:00,2026-05-18 01:00:00,1779055200,0.0
2026-05-17 02:00:00,2026-05-18 02:00:00,1779058800,0.0
2026-05-17 03:00:00,2026-05-18 03:00:00,1779062400,0.0
2026-05-17 04:00:00,2026-05-18 04:00:00,1779066000,0.0
2026-05-17 05:00:00,2026-05-18 05:00:00,1779069600,0.0
2026-05-17 06:00:00,2026-05-18 06:00:00,1779073200,1.0
2026-05-17 07:00:00,2026-05-18 07:00:00,1779076800,73.0
2026-05-17 08:00:00,2026-05-18 08:00:00,1779080400,260.0
2026-05-17 09:00:00,2026-05-18 09:00:00,1779084000,467.0
2026-05-17 10:00:00,2026-05-18 10:00:00,1779087600,631.0
2026-05-17 11:00:00,2026-05-18 11:00:00,1779091200,787.0
2026-05-17 12:00:00,2026-05-18 12:00:00,1779094800,916.0
2026-05-17 13:00:00,2026-05-18 13:00:00,1779098400,955.0
2026-05-17 14:00:00,2026-05-18 14:00:00,1779102000,964.0
2026-05-17 15:00:00,2026-05-18 15:00:00,1779105600,888.0
2026-05-17 16:00:00,2026-05-18 16:00:00,1779109200,743.0
2026-05-17 17:00:00,2026-05-18 17:00:00,1779112800,544.0
2026-05-17 18:00:00,2026-05-18 18:00:00,1779116400,381.0
2026-05-17 19:00:00,2026-05-18 19:00:00,1779120000,178.0
2026-05-17 20:00:00,2026-05-18 20:00:00,1779123600,25.0
2026-05-17 21:00:00,2026-05-18 21:00:00,1779127200,0.0
2026-05-17 22:00:00,2026-05-18 22:00:00,1779130800,0.0
2026-05-17 23:00:00,2026-05-18 23:00:00,1779134400,0.0
2026-05-18 00:00:00,2026-05-19 00:00:00,1779138000,0.0
2026-05-18 01:00:00,2026-05-19 01:00:00,1779141600,0.0
2026-05-18 02:00:00,2026-05-19 02:00:00,1779145200,0.0
2026-05-18 03:00:00,2026-05-19 03:00:00,1779148800,0.0
2026-05-18 04:00:00,2026-05-19 04:00:00,1779152400,0.0
2026-05-18 05:00:00,2026-05-19 05:00:00,1779156000,0.0
2026-05-18 06:00:00,2026-05-19 06:00:00,1779159600,1.0
2026-05-18 07:00:00,2026-05-19 07:00:00,1779163200,69.0
2026-05-18 08:00:00,2026-05-19 08:00:00,1779166800,230.0
2026-05-18 09:00:00,2026-05-19 09:00:00,1779170400,475.0
2026-05-18 10:00:00,2026-05-19 10:00:00,1779174000,570.0
2026-05-18 11:00:00,2026-05-19 11:00:00,1779177600,747.0
2026-05-18 12:00:00,2026-05-19 12:00:00,1779181200,895.0
2026-05-18 13:00:00,2026-05-19 13:00:00,1779184800,916.0
2026-05-18 14:00:00,2026-05-19 14:00:00,1779188400,781.0
2026-05-18 15:00:00,2026-05-19 15:00:00,1779192000,710.0
2026-05-18 16:00:00,2026-05-19 16:00:00,1779195600,668.0
2026-05-18 17:00:00,2026-05-19 17:00:00,1779199200,413.0
2026-05-18 18:00:00,2026-05-19 18:00:00,1779202800,231.0
2026-05-18 19:00:00,2026-05-19 19:00:00,1779206400,131.0
2026-05-18 20:00:00,2026-05-19 20:00:00,1779210000,18.0
2026-05-18 21:00:00,2026-05-19 21:00:00,1779213600,0.0
2026-05-18 22:00:00,2026-05-19 22:00:00,1779217200,0.0
2026-05-18 23:00:00,2026-05-19 23:00:00,1779220800,0.0
2026-05-19 00:00:00,2026-05-20 00:00:00,1779224400,0.0
2026-05-19 01:00:00,2026-05-20 01:00:00,1779228000,0.0
2026-05-19 02:00:00,2026-05-20 02:00:00,1779231600,0.0
2026-05-19 03:00:00,2026-05-20 03:00:00,1779235200,0.0
2026-05-19 04:00:00,2026-05-20 04:00:00,1779238800,0.0
2026-05-19 05:00:00,2026-05-20 05:00:00,1779242400,0.0
2026-05-19 06:00:00,2026-05-20 06:00:00,1779246000,1.0
2026-05-19 07:00:00,2026-05-20 07:00:00,1779249600,51.0
2026-05-19 08:00:00,2026-05-20 08:00:00,1779253200,206.0
2026-05-19 09:00:00,2026-05-20 09:00:00,1779256800,318.0
2026-05-19 10:00:00,2026-05-20 10:00:00,1779260400,586.0
2026-05-19 11:00:00,2026-05-20 11:00:00,1779264000,671.0
2026-05-19 12:00:00,2026-05-20 12:00:00,1779267600,873.0
2026-05-19 13:00:00,2026-05-20 13:00:00,1779271200,944.0
2026-05-19 14:00:00,2026-05-20 14:00:00,1779274800,790.0
2026-05-19 15:00:00,2026-05-20 15:00:00,1779278400,750.0
2026-05-19 16:00:00,2026-05-20 16:00:00,1779282000,684.0
2026-05-19 17:00:00,2026-05-20 17:00:00,1779285600,534.0
2026-05-19 18:00:00,2026-05-20 18:00:00,1779289200,362.0
2026-05-19 19:00:00,2026-05-20 19:00:00,1779292800,168.0
2026-05-19 20:00:00,2026-05-20 20:00:00,1779296400,26.0
2026-05-19 21:00:00,2026-05-20 21:00:00,1779300000,0.0
2026-05-19 22:00:00,2026-05-20 22:00:00,1779303600,0.0
2026-05-19 23:00:00,2026-05-20 23:00:00,1779307200,0.0
2026-05-20 00:00:00,2026-05-21 00:00:00,1779310800,0.0
2026-05-20 01:00:00,2026-05-21 01:00:00,1779314400,0.0
2026-05-20 02:00:00,2026-05-21 02:00:00,1779318000,0.0
2026-05-20 03:00:00,2026-05-21 03:00:00,1779321600,0.0
2026-05-20 04:00:00,2026-05-21 04:00:00,1779325200,0.0
2026-05-20 05:00:00,2026-05-21 05:00:00,1779328800,0.0
2026-05-20 06:00:00,2026-05-21 06:00:00,1779332400,1.0
2026-05-20 07:00:00,2026-05-21 07:00:00,1779336000,75.0
2026-05-20 08:00:00,2026-05-21 08:00:00,1779339600,246.0
2026-05-20 09:00:00,2026-05-21 09:00:00,1779343200,446.0
2026-05-20 10:00:00,2026-05-21 10:00:00,1779346800,650.0
2026-05-20 11:00:00,2026-05-21 11:00:00,1779350400,796.0
2026-05-20 12:00:00,2026-05-21 12:00:00,1779354000,900.0
2026-05-20 13:00:00,2026-05-21 13:00:00,1779357600,940.0
2026-05-20 14:00:00,2026-05-21 14:00:00,1779361200,941.0
2026-05-20 15:00:00,2026-05-21 15:00:00,1779364800,870.0
2026-05-20 16:00:00,2026-05-21 16:00:00,1779368400,754.0
2026-05-20 17:00:00,2026-05-21 17:00:00,1779372000,584.0
2026-05-20 18:00:00,2026-05-21 18:00:00,1779375600,384.0
2026-05-20 19:00:00,2026-05-21 19:00:00,1779379200,181.0
2026-05-20 20:00:00,2026-05-21 20:00:00,1779382800,30.0
2026-05-20 21:00:00,2026-05-21 21:00:00,1779386400,0.0
2026-05-20 22:00:00,2026-05-21 22:00:00,1779390000,0.0
2026-05-20 23:00:00,2026-05-21 23:00:00,1779393600,0.0
2026-05-21 00:00:00,2026-05-22 00:00:00,1779397200,0.0
2026-05-21 01:00:00,2026-05-22 01:00:00,1779400800,0.0
2026-05-21 02:00:00,2026-05-22 02:00:00,1779404400,0.0
2026-05-21 03:00:00,2026-05-22 03:00:00,1779408000,0.0
2026-05-21 04:00:00,2026-05-22 04:00:00,1779411600,0.0
2026-05-21 05:00:00,2026-05-22 05:00:00,1779415200,0.0
2026-05-21 06:00:00,2026-05-22 06:00:00,1779418800,2.0
2026-05-21 07:00:00,2026-05-22 07:00:00,1779422400,86.0
2026-05-21 08:00:00,2026-05-22 08:00:00,1779426000,268.0
2026-05-21 09:00:00,2026-05-22 09:00:00,1779429600,470.0
2026-05-21 10:00:00,2026-05-22 10:00:00,1779433200,661.0
2026-05-21 11:00:00,2026-05-22 11:00:00,1779436800,772.0
2026-05-21 12:00:00,2026-05-22 12:00:00,1779440400,882.0
2026-05-21 13:00:00,2026-05-22 13:00:00,1779444000,951.0
2026-05-21 14:00:00,2026-05-22 14:00:00,1779447600,940.0
2026-05-21 15:00:00,2026-05-22 15:00:00,1779451200,841.0
2026-05-21 16:00:00,2026-05-22 16:00:00,1779454800,716.0
2026-05-21 17:00:00,2026-05-22 17:00:00,1779458400,532.0
2026-05-21 18:00:00,2026-05-22 18:00:00,1779462000,355.0
2026-05-21 19:00:00,2026-05-22 19:00:00,1779465600,174.0
2026-05-21 20:00:00,2026-05-22 20:00:00,1779469200,29.0
2026-05-21 21:00:00,2026-05-22 21:00:00,1779472800,0.0
2026-05-21 22:00:00,2026-05-22 22:00:00,1779476400,0.0
2026-05-21 23:00:00,2026-05-22 23:00:00,1779480000,0.0
2026-05-22 00:00:00,2026-05-23 00:00:00,1779483600,0.0
2026-05-22 01:00:00,2026-05-23 01:00:00,1779487200,0.0
2026-05-22 02:00:00,2026-05-23 02:00:00,1779490800,0.0
2026-05-22 03:00:00,2026-05-23 03:00:00,1779494400,0.0
2026-05-22 04:00:00,2026-05-23 04:00:00,1779498000,0.0
2026-05-22 05:00:00,2026-05-23 05:00:00,1779501600,0.0
2026-05-22 06:00:00,2026-05-23 06:00:00,1779505200,2.0
2026-05-22 07:00:00,2026-05-23 07:00:00,1779508800,74.0
2026-05-22 08:00:00,2026-05-23 08:00:00,1779512400,172.0
2026-05-22 09:00:00,2026-05-23 09:00:00,1779516000,423.0
2026-05-22 10:00:00,2026-05-23 10:00:00,1779519600,519.0
2026-05-22 11:00:00,2026-05-23 11:00:00,1779523200,784.0
2026-05-22 12:00:00,2026-05-23 12:00:00,1779526800,902.0
2026-05-22 13:00:00,2026-05-23 13:00:00,1779530400,937.0
2026-05-22 14:00:00,2026-05-23 14:00:00,1779534000,918.0
2026-05-22 15:00:00,2026-05-23 15:00:00,1779537600,870.0
2026-05-22 16:00:00,2026-05-23 16:00:00,1779541200,602.0
2026-05-22 17:00:00,2026-05-23 17:00:00,1779544800,551.0
2026-05-22 18:00:00,2026-05-23 18:00:00,1779548400,365.0
2026-05-22 19:00:00,2026-05-23 19:00:00,1779552000,176.0
2026-05-22 20:00:00,2026-05-23 20:00:00,1779555600,31.0
2026-05-22 21:00:00,2026-05-23 21:00:00,1779559200,0.0
2026-05-22 22:00:00,2026-05-23 22:00:00,1779562800,0.0
2026-05-22 23:00:00,2026-05-23 23:00:00,1779566400,0.0
2026-05-23 00:00:00,2026-05-24 00:00:00,1779570000,0.0
2026-05-23 01:00:00,2026-05-24 01:00:00,1779573600,0.0
2026-05-23 02:00:00,2026-05-24 02:00:00,1779577200,0.0
2026-05-23 03:00:00,2026-05-24 03:00:00,1779580800,0.0
2026-05-23 04:00:00,2026-05-24 04:00:00,1779584400,0.0
2026-05-23 05:00:00,2026-05-24 05:00:00,1779588000,0.0
2026-05-23 06:00:00,2026-05-24 06:00:00,1779591600,2.0
2026-05-23 07:00:00,2026-05-24 07:00:00,1779595200,68.0
2026-05-23 08:00:00,2026-05-24 08:00:00,1779598800,241.0
2026-05-23 09:00:00,2026-05-24 09:00:00,1779602400,396.0
2026-05-23 10:00:00,2026-05-24 10:00:00,1779606000,568.0
2026-05-23 11:00:00,2026-05-24 11:00:00,1779609600,616.0
2026-05-23 12:00:00,2026-05-24 12:00:00,1779613200,746.0
2026-05-23 13:00:00,2026-05-24 13:00:00,1779616800,877.0
2026-05-23 14:00:00,2026-05-24 14:00:00,1779620400,796.0
2026-05-23 15:00:00,2026-05-24 15:00:00,1779624000,793.0
2026-05-23 16:00:00,2026-05-24 16:00:00,1779627600,702.0
2026-05-23 17:00:00,2026-05-24 17:00:00,1779631200,566.0
2026-05-23 18:00:00,2026-05-24 18:00:00,1779634800,375.0
2026-05-23 19:00:00,2026-05-24 19:00:00,1779638400,180.0
2026-05-23 20:00:00,2026-05-24 20:00:00,1779642000,31.0
2026-05-23 21:00:00,2026-05-24 21:00:00,1779645600,0.0
2026-05-23 22:00:00,2026-05-24 22:00:00,1779649200,0.0
2026-05-23 23:00:00,2026-05-24 23:00:00,1779652800,0.0
2026-05-24 00:00:00,2026-05-25 00:00:00,1779656400,0.0
2026-05-24 01:00:00,2026-05-25 01:00:00,1779660000,0.0
2026-05-24 02:00:00,2026-05-25 02:00:00,1779663600,0.0
2026-05-24 03:00:00,2026-05-25 03:00:00,1779667200,0.0
2026-05-24 04:00:00,2026-05-25 04:00:00,1779670800,0.0
2026-05-24 05:00:00,2026-05-25 05:00:00,1779674400,0.0
2026-05-24 06:00:00,2026-05-25 06:00:00,1779678000,2.0
2026-05-24 07:00:00,2026-05-25 07:00:00,1779681600,83.0
2026-05-24 08:00:00,2026-05-25 08:00:00,1779685200,257.0
2026-05-24 09:00:00,2026-05-25 09:00:00,1779688800,427.0
2026-05-24 10:00:00,2026-05-25 10:00:00,1779692400,627.0
2026-05-24 11:00:00,2026-05-25 11:00:00,1779696000,765.0
2026-05-24 12:00:00,2026-05-25 12:00:00,1779699600,865.0
2026-05-24 13:00:00,2026-05-25 13:00:00,1779703200,869.0
2026-05-24 14:00:00,2026-05-25 14:00:00,1779706800,826.0
2026-05-24 15:00:00,2026-05-25 15:00:00,1779710400,752.0
2026-05-24 16:00:00,2026-05-25 16:00:00,1779714000,602.0
2026-05-24 17:00:00,2026-05-25 17:00:00,1779717600,549.0
2026-05-24 18:00:00,2026-05-25 18:00:00,1779721200,365.0
2026-05-24 19:00:00,2026-05-25 19:00:00,1779724800,173.0
2026-05-24 20:00:00,2026-05-25 20:00:00,1779728400,32.0
2026-05-24 21:00:00,2026-05-25 21:00:00,1779732000,0.0
2026-05-24 22:00:00,2026-05-25 22:00:00,1779735600,0.0
2026-05-24 23:00:00,2026-05-25 23:00:00,1779739200,0.0
2026-05-25 00:00:00,2026-05-26 00:00:00,1779742800,0.0
2026-05-25 01:00:00,2026-05-26 01:00:00,1779746400,0.0
2026-05-25 02:00:00,2026-05-26 02:00:00,1779750000,0.0
2026-05-25 03:00:00,2026-05-26 03:00:00,1779753600,0.0
2026-05-25 04:00:00,2026-05-26 04:00:00,1779757200,0.0
2026-05-25 05:00:00,2026-05-26 05:00:00,1779760800,0.0
2026-05-25 06:00:00,2026-05-26 06:00:00,1779764400,2.0
2026-05-25 07:00:00,2026-05-26 07:00:00,1779768000,86.0
2026-05-25 08:00:00,2026-05-26 08:00:00,1779771600,265.0
2026-05-25 09:00:00,2026-05-26 09:00:00,1779775200,469.0
2026-05-25 10:00:00,2026-05-26 10:00:00,1779778800,657.0
2026-05-25 11:00:00,2026-05-26 11:00:00,1779782400,782.0
2026-05-25 12:00:00,2026-05-26 12:00:00,1779786000,828.0
2026-05-25 13:00:00,2026-05-26 13:00:00,1779789600,899.0
2026-05-25 14:00:00,2026-05-26 14:00:00,1779793200,904.0
2026-05-25 15:00:00,2026-05-26 15:00:00,1779796800,834.0
2026-05-25 16:00:00,2026-05-26 16:00:00,1779800400,726.0
2026-05-25 17:00:00,2026-05-26 17:00:00,1779804000,571.0
2026-05-25 18:00:00,2026-05-26 18:00:00,1779807600,363.0
2026-05-25 19:00:00,2026-05-26 19:00:00,1779811200,175.0
2026-05-25 20:00:00,2026-05-26 20:00:00,1779814800,33.0
2026-05-25 21:00:00,2026-05-26 21:00:00,1779818400,0.0
2026-05-25 22:00:00,2026-05-26 22:00:00,1779822000,0.0
2026-05-25 23:00:00,2026-05-26 23:00:00,1779825600,0.0
2026-05-26 00:00:00,2026-05-27 00:00:00,1779829200,0.0
2026-05-26 01:00:00,2026-05-27 01:00:00,1779832800,0.0
2026-05-26 02:00:00,2026-05-27 02:00:00,1779836400,0.0
2026-05-26 03:00:00,2026-05-27 03:00:00,1779840000,0.0
2026-05-26 04:00:00,2026-05-27 04:00:00,1779843600,0.0
2026-05-26 05:00:00,2026-05-27 05:00:00,1779847200,0.0
2026-05-26 06:00:00,2026-05-27 06:00:00,1779850800,3.0
2026-05-26 07:00:00,2026-05-27 07:00:00,1779854400,92.0
2026-05-26 08:00:00,2026-05-27 08:00:00,1779858000,277.0
2026-05-26 09:00:00,2026-05-27 09:00:00,1779861600,480.0
2026-05-26 10:00:00,2026-05-27 10:00:00,1779865200,668.0
2026-05-26 11:00:00,2026-05-27 11:00:00,1779868800,821.0
2026-05-26 12:00:00,2026-05-27 12:00:00,1779872400,909.0
2026-05-26 13:00:00,2026-05-27 13:00:00,1779876000,956.0
2026-05-26 14:00:00,2026-05-27 14:00:00,1779879600,946.0
2026-05-26 15:00:00,2026-05-27 15:00:00,1779883200,858.0
2026-05-26 16:00:00,2026-05-27 16:00:00,1779886800,740.0
2026-05-26 17:00:00,2026-05-27 17:00:00,1779890400,564.0
2026-05-26 18:00:00,2026-05-27 18:00:00,1779894000,392.0
2026-05-26 19:00:00,2026-05-27 19:00:00,1779897600,193.0
2026-05-26 20:00:00,2026-05-27 20:00:00,1779901200,36.0
2026-05-26 21:00:00,2026-05-27 21:00:00,1779904800,0.0
2026-05-26 22:00:00,2026-05-27 22:00:00,1779908400,0.0
2026-05-26 23:00:00,2026-05-27 23:00:00,1779912000,0.0
2026-05-27 00:00:00,2026-05-28 00:00:00,1779915600,0.0
2026-05-27 01:00:00,2026-05-28 01:00:00,1779919200,0.0
2026-05-27 02:00:00,2026-05-28 02:00:00,1779922800,0.0
2026-05-27 03:00:00,2026-05-28 03:00:00,1779926400,0.0
2026-05-27 04:00:00,2026-05-28 04:00:00,1779930000,0.0
2026-05-27 05:00:00,2026-05-28 05:00:00,1779933600,0.0
2026-05-27 06:00:00,2026-05-28 06:00:00,1779937200,3.0
2026-05-27 07:00:00,2026-05-28 07:00:00,1779940800,92.0
2026-05-27 08:00:00,2026-05-28 08:00:00,1779944400,272.0
2026-05-27 09:00:00,2026-05-28 09:00:00,1779948000,476.0
2026-05-27 10:00:00,2026-05-28 10:00:00,1779951600,669.0
2026-05-27 11:00:00,2026-05-28 11:00:00,1779955200,819.0
2026-05-27 12:00:00,2026-05-28 12:00:00,1779958800,923.0
2026-05-27 13:00:00,2026-05-28 13:00:00,1779962400,967.0
2026-05-27 14:00:00,2026-05-28 14:00:00,1779966000,947.0
2026-05-27 15:00:00,2026-05-28 15:00:00,1779969600,869.0
2026-05-27 16:00:00,2026-05-28 16:00:00,1779973200,728.0
2026-05-27 17:00:00,2026-05-28 17:00:00,1779976800,576.0
2026-05-27 18:00:00,2026-05-28 18:00:00,1779980400,384.0
2026-05-27 19:00:00,2026-05-28 19:00:00,1779984000,192.0
2026-05-27 20:00:00,2026-05-28 20:00:00,1779987600,36.0
2026-05-27 21:00:00,2026-05-28 21:00:00,1779991200,0.0
2026-05-27 22:00:00,2026-05-28 22:00:00,1779994800,0.0
2026-05-27 23:00:00,2026-05-28 23:00:00,1779998400,0.0
2026-05-28 00:00:00,2026-05-29 00:00:00,1780002000,0.0
2026-05-28 01:00:00,2026-05-29 01:00:00,1780005600,0.0
2026-05-28 02:00:00,2026-05-29 02:00:00,1780009200,0.0
2026-05-28 03:00:00,2026-05-29 03:00:00,1780012800,0.0
2026-05-28 04:00:00,2026-05-29 04:00:00,1780016400,0.0
2026-05-28 05:00:00,2026-05-29 05:00:00,1780020000,0.0
2026-05-28 06:00:00,2026-05-29 06:00:00,1780023600,3.0
2026-05-28 07:00:00,2026-05-29 07:00:00,1780027200,84.0
2026-05-28 08:00:00,2026-05-29 08:00:00,1780030800,255.0
2026-05-28 09:00:00,2026-05-29 09:00:00,1780034400,443.0
2026-05-28 10:00:00,2026-05-29 10:00:00,1780038000,633.0
2026-05-28 11:00:00,2026-05-29 11:00:00,1780041600,783.0
2026-05-28 12:00:00,2026-05-29 12:00:00,1780045200,896.0
2026-05-28 13:00:00,2026-05-29 13:00:00,1780048800,953.0
2026-05-28 14:00:00,2026-05-29 14:00:00,1780052400,959.0
2026-05-28 15:00:00,2026-05-29 15:00:00,1780056000,893.0
2026-05-28 16:00:00,2026-05-29 16:00:00,1780059600,767.0
2026-05-28 17:00:00,2026-05-29 17:00:00,1780063200,596.0
2026-05-28 18:00:00,2026-05-29 18:00:00,1780066800,397.0
2026-05-28 19:00:00,2026-05-29 19:00:00,1780070400,196.0
2026-05-28 20:00:00,2026-05-29 20:00:00,1780074000,38.0
2026-05-28 21:00:00,2026-05-29 21:00:00,1780077600,0.0
2026-05-28 22:00:00,2026-05-29 22:00:00,1780081200,0.0
2026-05-28 23:00:00,2026-05-29 23:00:00,1780084800,0.0
2026-05-29 00:00:00,2026-05-30 00:00:00,1780088400,0.0
2026-05-29 01:00:00,2026-05-30 01:00:00,1780092000,0.0
2026-05-29 02:00:00,2026-05-30 02:00:00,1780095600,0.0
2026-05-29 03:00:00,2026-05-30 03:00:00,1780099200,0.0
2026-05-29 04:00:00,2026-05-30 04:00:00,1780102800,0.0
2026-05-29 05:00:00,2026-05-30 05:00:00,1780106400,0.0
2026-05-29 06:00:00,2026-05-30 06:00:00,1780110000,3.0
2026-05-29 07:00:00,2026-05-30 07:00:00,1780113600,94.0
2026-05-29 08:00:00,2026-05-30 08:00:00,1780117200,279.0
2026-05-29 09:00:00,2026-05-30 09:00:00,1780120800,483.0
2026-05-29 10:00:00,2026-05-30 10:00:00,1780124400,672.0
2026-05-29 11:00:00,2026-05-30 11:00:00,1780128000,826.0
2026-05-29 12:00:00,2026-05-30 12:00:00,1780131600,924.0
2026-05-29 13:00:00,2026-05-30 13:00:00,1780135200,970.0
2026-05-29 14:00:00,2026-05-30 14:00:00,1780138800,946.0
2026-05-29 15:00:00,2026-05-30 15:00:00,1780142400,866.0
2026-05-29 16:00:00,2026-05-30 16:00:00,1780146000,750.0
2026-05-29 17:00:00,2026-05-30 17:00:00,1780149600,586.0
2026-05-29 18:00:00,2026-05-30 18:00:00,1780153200,398.0
2026-05-29 19:00:00,2026-05-30 19:00:00,1780156800,199.0
2026-05-29 20:00:00,2026-05-30 20:00:00,1780160400,39.0
2026-05-29 21:00:00,2026-05-30 21:00:00,1780164000,0.0
2026-05-29 22:00:00,2026-05-30 22:00:00,1780167600,0.0
2026-05-29 23:00:00,2026-05-30 23:00:00,1780171200,0.0
2026-05-30 00:00:00,2026-05-31 00:00:00,1780174800,0.0
2026-05-30 01:00:00,2026-05-31 01:00:00,1780178400,0.0
2026-05-30 02:00:00,2026-05-31 02:00:00,1780182000,0.0
2026-05-30 03:00:00,2026-05-31 03:00:00,1780185600,0.0
2026-05-30 04:00:00,2026-05-31 04:00:00,1780189200,0.0
2026-05-30 05:00:00,2026-05-31 05:00:00,1780192800,0.0
2026-05-30 06:00:00,2026-05-31 06:00:00,1780196400,3.0
2026-05-30 07:00:00,2026-05-31 07:00:00,1780200000,96.0
2026-05-30 08:00:00,2026-05-31 08:00:00,1780203600,281.0
2026-05-30 09:00:00,2026-05-31 09:00:00,1780207200,482.0
2026-05-30 10:00:00,2026-05-31 10:00:00,1780210800,667.0
2026-05-30 11:00:00,2026-05-31 11:00:00,1780214400,806.0
2026-05-30 12:00:00,2026-05-31 12:00:00,1780218000,895.0
2026-05-30 13:00:00,2026-05-31 13:00:00,1780221600,904.0
2026-05-30 14:00:00,2026-05-31 14:00:00,1780225200,904.0
2026-05-30 15:00:00,2026-05-31 15:00:00,1780228800,858.0
2026-05-30 16:00:00,2026-05-31 16:00:00,1780232400,636.0
2026-05-30 17:00:00,2026-05-31 17:00:00,1780236000,528.0
2026-05-30 18:00:00,2026-05-31 18:00:00,1780239600,371.0
2026-05-30 19:00:00,2026-05-31 19:00:00,1780243200,188.0
2026-05-30 20:00:00,2026-05-31 20:00:00,1780246800,39.0
2026-05-30 21:00:00,2026-05-31 21:00:00,1780250400,0.0
2026-05-30 22:00:00,2026-05-31 22:00:00,1780254000,0.0
2026-05-30 23:00:00,2026-05-31 23:00:00,1780257600,0.0
2026-05-31 00:00:00,2026-06-01 00:00:00,1780261200,0.0
2026-05-31 01:00:00,2026-06-01 01:00:00,1780264800,0.0
2026-05-31 02:00:00,2026-06-01 02:00:00,1780268400,0.0
2026-05-31 03:00:00,2026-06-01 03:00:00,1780272000,0.0
2026-05-31 04:00:00,2026-06-01 04:00:00,1780275600,0.0
2026-05-31 05:00:00,2026-06-01 05:00:00,1780279200,0.0
2026-05-31 06:00:00,2026-06-01 06:00:00,1780282800,3.0
2026-05-31 07:00:00,2026-06-01 07:00:00,1780286400,100.0
2026-05-31 08:00:00,2026-06-01 08:00:00,1780290000,289.0
2026-05-31 09:00:00,2026-06-01 09:00:00,1780293600,492.0
2026-05-31 10:00:00,2026-06-01 10:00:00,1780297200,681.0
2026-05-31 11:00:00,2026-06-01 11:00:00,1780300800,833.0
2026-05-31 12:00:00,2026-06-01 12:00:00,1780304400,931.0
2026-05-31 13:00:00,2026-06-01 13:00:00,1780308000,969.0
2026-05-31 14:00:00,2026-06-01 14:00:00,1780311600,959.0
2026-05-31 15:00:00,2026-06-01 15:00:00,1780315200,885.0
2026-05-31 16:00:00,2026-06-01 16:00:00,1780318800,766.0
2026-05-31 17:00:00,2026-06-01 17:00:00,1780322400,594.0
2026-05-31 18:00:00,2026-06-01 18:00:00,1780326000,406.0
2026-05-31 19:00:00,2026-06-01 19:00:00,1780329600,206.0
2026-05-31 20:00:00,2026-06-01 20:00:00,1780333200,43.0
2026-05-31 21:00:00,2026-06-01 21:00:00,1780336800,0.0
2026-05-31 22:00:00,2026-06-01 22:00:00,1780340400,0.0
2026-05-31 23:00:00,2026-06-01 23:00:00,1780344000,0.0
2026-06-01 00:00:00,2026-06-02 00:00:00,1780347600,0.0
2026-06-01 01:00:00,2026-06-02 01:00:00,1780351200,0.0
2026-06-01 02:00:00,2026-06-02 02:00:00,1780354800,0.0
2026-06-01 03:00:00,2026-06-02 03:00:00,1780358400,0.0
2026-06-01 04:00:00,2026-06-02 04:00:00,1780362000,0.0
2026-06-01 05:00:00,2026-06-02 05:00:00,1780365600,0.0
2026-06-01 06:00:00,2026-06-02 06:00:00,1780369200,4.0
2026-06-01 07:00:00,2026-06-02 07:00:00,1780372800,101.0
2026-06-01 08:00:00,2026-06-02 08:00:00,1780376400,292.0
2026-06-01 09:00:00,2026-06-02 09:00:00,1780380000,499.0
2026-06-01 10:00:00,2026-06-02 10:00:00,1780383600,689.0
2026-06-01 11:00:00,2026-06-02 11:00:00,1780387200,843.0
2026-06-01 12:00:00,2026-06-02 12:00:00,1780390800,947.0
2026-06-01 13:00:00,2026-06-02 13:00:00,1780394400,992.0
2026-06-01 14:00:00,2026-06-02 14:00:00,1780398000,971.0
2026-06-01 15:00:00,2026-06-02 15:00:00,1780401600,902.0
2026-06-01 16:00:00,2026-06-02 16:00:00,1780405200,769.0
2026-06-01 17:00:00,2026-06-02 17:00:00,1780408800,605.0
2026-06-01 18:00:00,2026-06-02 18:00:00,1780412400,406.0
2026-06-01 19:00:00,2026-06-02 19:00:00,1780416000,198.0
2026-06-01 20:00:00,2026-06-02 20:00:00,1780419600,42.0
2026-06-01 21:00:00,2026-06-02 21:00:00,1780423200,0.0
2026-06-01 22:00:00,2026-06-02 22:00:00,1780426800,0.0
2026-06-01 23:00:00,2026-06-02 23:00:00,1780430400,0.0
2026-06-02 00:00:00,2026-06-03 00:00:00,1780434000,0.0
2026-06-02 01:00:00,2026-06-03 01:00:00,1780437600,0.0
2026-06-02 02:00:00,2026-06-03 02:00:00,1780441200,0.0
2026-06-02 03:00:00,2026-06-03 03:00:00,1780444800,0.0
2026-06-02 04:00:00,2026-06-03 04:00:00,1780448400,0.0
2026-06-02 05:00:00,2026-06-03 05:00:00,1780452000,0.0
2026-06-02 06:00:00,2026-06-03 06:00:00,1780455600,4.0
2026-06-02 07:00:00,2026-06-03 07:00:00,1780459200,102.0
2026-06-02 08:00:00,2026-06-03 08:00:00,1780462800,293.0
2026-06-02 09:00:00,2026-06-03 09:00:00,1780466400,502.0
2026-06-02 10:00:00,2026-06-03 10:00:00,1780470000,690.0
2026-06-02 11:00:00,2026-06-03 11:00:00,1780473600,846.0
2026-06-02 12:00:00,2026-06-03 12:00:00,1780477200,952.0
2026-06-02 13:00:00,2026-06-03 13:00:00,1780480800,1002.0
2026-06-02 14:00:00,2026-06-03 14:00:00,1780484400,992.0
2026-06-02 15:00:00,2026-06-03 15:00:00,1780488000,921.0
2026-06-02 16:00:00,2026-06-03 16:00:00,1780491600,792.0
2026-06-02 17:00:00,2026-06-03 17:00:00,1780495200,618.0
2026-06-02 18:00:00,2026-06-03 18:00:00,1780498800,417.0
2026-06-02 19:00:00,2026-06-03 19:00:00,1780502400,211.0
2026-06-02 20:00:00,2026-06-03 20:00:00,1780506000,44.0
2026-06-02 21:00:00,2026-06-03 21:00:00,1780509600,0.0
2026-06-02 22:00:00,2026-06-03 22:00:00,1780513200,0.0
2026-06-02 23:00:00,2026-06-03 23:00:00,1780516800,0.0
2026-06-03 00:00:00,2026-06-04 00:00:00,1780520400,0.0
2026-06-03 01:00:00,2026-06-04 01:00:00,1780524000,0.0
2026-06-03 02:00:00,2026-06-04 02:00:00,1780527600,0.0
2026-06-03 03:00:00,2026-06-04 03:00:00,1780531200,0.0
2026-06-03 04:00:00,2026-06-04 04:00:00,1780534800,0.0
2026-06-03 05:00:00,2026-06-04 05:00:00,1780538400,0.0
2026-06-03 06:00:00,2026-06-04 06:00:00,1780542000,4.0
2026-06-03 07:00:00,2026-06-04 07:00:00,1780545600,102.0
2026-06-03 08:00:00,2026-06-04 08:00:00,1780549200,292.0
2026-06-03 09:00:00,2026-06-04 09:00:00,1780552800,497.0
2026-06-03 10:00:00,2026-06-04 10:00:00,1780556400,686.0
2026-06-03 11:00:00,2026-06-04 11:00:00,1780560000,838.0
2026-06-03 12:00:00,2026-06-04 12:00:00,1780563600,943.0
2026-06-03 13:00:00,2026-06-04 13:00:00,1780567200,994.0
2026-06-03 14:00:00,2026-06-04 14:00:00,1780570800,983.0
2026-06-03 15:00:00,2026-06-04 15:00:00,1780574400,913.0
2026-06-03 16:00:00,2026-06-04 16:00:00,1780578000,790.0
2026-06-03 17:00:00,2026-06-04 17:00:00,1780581600,622.0
2026-06-03 18:00:00,2026-06-04 18:00:00,1780585200,423.0
2026-06-03 19:00:00,2026-06-04 19:00:00,1780588800,217.0
2026-06-03 20:00:00,2026-06-04 20:00:00,1780592400,47.0
2026-06-03 21:00:00,2026-06-04 21:00:00,1780596000,0.0
2026-06-03 22:00:00,2026-06-04 22:00:00,1780599600,0.0
2026-06-03 23:00:00,2026-06-04 23:00:00,1780603200,0.0
2026-06-04 00:00:00,2026-06-05 00:00:00,1780606800,0.0
2026-06-04 01:00:00,2026-06-05 01:00:00,1780610400,0.0
2026-06-04 02:00:00,2026-06-05 02:00:00,1780614000,0.0
2026-06-04 03:00:00,2026-06-05 03:00:00,1780617600,0.0
2026-06-04 04:00:00,2026-06-05 04:00:00,1780621200,0.0
2026-06-04 05:00:00,2026-06-05 05:00:00,1780624800,0.0
2026-06-04 06:00:00,2026-06-05 06:00:00,1780628400,4.0
2026-06-04 07:00:00,2026-06-05 07:00:00,1780632000,100.0
2026-06-04 08:00:00,2026-06-05 08:00:00,1780635600,289.0
2026-06-04 09:00:00,2026-06-05 09:00:00,1780639200,488.0
2026-06-04 10:00:00,2026-06-05 10:00:00,1780642800,685.0
2026-06-04 11:00:00,2026-06-05 11:00:00,1780646400,840.0
2026-06-04 12:00:00,2026-06-05 12:00:00,1780650000,949.0
2026-06-04 13:00:00,2026-06-05 13:00:00,1780653600,994.0
2026-06-04 14:00:00,2026-06-05 14:00:00,1780657200,988.0
2026-06-04 15:00:00,2026-06-05 15:00:00,1780660800,915.0
2026-06-04 16:00:00,2026-06-05 16:00:00,1780664400,782.0
2026-06-04 17:00:00,2026-06-05 17:00:00,1780668000,609.0
2026-06-04 18:00:00,2026-06-05 18:00:00,1780671600,414.0
2026-06-04 19:00:00,2026-06-05 19:00:00,1780675200,210.0
2026-06-04 20:00:00,2026-06-05 20:00:00,1780678800,46.0
2026-06-04 21:00:00,2026-06-05 21:00:00,1780682400,0.0
2026-06-04 22:00:00,2026-06-05 22:00:00,1780686000,0.0
2026-06-04 23:00:00,2026-06-05 23:00:00,1780689600,0.0
2026-06-05 00:00:00,2026-06-06 00:00:00,1780693200,0.0
2026-06-05 01:00:00,2026-06-06 01:00:00,1780696800,0.0
2026-06-05 02:00:00,2026-06-06 02:00:00,1780700400,0.0
2026-06-05 03:00:00,2026-06-06 03:00:00,1780704000,0.0
2026-06-05 04:00:00,2026-06-06 04:00:00,1780707600,0.0
2026-06-05 05:00:00,2026-06-06 05:00:00,1780711200,0.0
2026-06-05 06:00:00,2026-06-06 06:00:00,1780714800,4.0
2026-06-05 07:00:00,2026-06-06 07:00:00,1780718400,99.0
2026-06-05 08:00:00,2026-06-06 08:00:00,1780722000,284.0
2026-06-05 09:00:00,2026-06-06 09:00:00,1780725600,487.0
2026-06-05 10:00:00,2026-06-06 10:00:00,1780729200,675.0
2026-06-05 11:00:00,2026-06-06 11:00:00,1780732800,829.0
2026-06-05 12:00:00,2026-06-06 12:00:00,1780736400,936.0
2026-06-05 13:00:00,2026-06-06 13:00:00,1780740000,972.0
2026-06-05 14:00:00,2026-06-06 14:00:00,1780743600,948.0
2026-06-05 15:00:00,2026-06-06 15:00:00,1780747200,897.0
2026-06-05 16:00:00,2026-06-06 16:00:00,1780750800,749.0
2026-06-05 17:00:00,2026-06-06 17:00:00,1780754400,596.0
2026-06-05 18:00:00,2026-06-06 18:00:00,1780758000,398.0
2026-06-05 19:00:00,2026-06-06 19:00:00,1780761600,202.0
2026-06-05 20:00:00,2026-06-06 20:00:00,1780765200,46.0
2026-06-05 21:00:00,2026-06-06 21:00:00,1780768800,0.0
2026-06-05 22:00:00,2026-06-06 22:00:00,1780772400,0.0
2026-06-05 23:00:00,2026-06-06 23:00:00,1780776000,0.0
2026-06-06 00:00:00,2026-06-07 00:00:00,1780779600,0.0
2026-06-06 01:00:00,2026-06-07 01:00:00,1780783200,0.0
2026-06-06 02:00:00,2026-06-07 02:00:00,1780786800,0.0
2026-06-06 03:00:00,2026-06-07 03:00:00,1780790400,0.0
2026-06-06 04:00:00,2026-06-07 04:00:00,1780794000,0.0
2026-06-06 05:00:00,2026-06-07 05:00:00,1780797600,0.0
2026-06-06 06:00:00,2026-06-07 06:00:00,1780801200,4.0
2026-06-06 07:00:00,2026-06-07 07:00:00,1780804800,98.0
2026-06-06 08:00:00,2026-06-07 08:00:00,1780808400,281.0
2026-06-06 09:00:00,2026-06-07 09:00:00,1780812000,481.0
2026-06-06 10:00:00,2026-06-07 10:00:00,1780815600,665.0
2026-06-06 11:00:00,2026-06-07 11:00:00,1780819200,816.0
2026-06-06 12:00:00,2026-06-07 12:00:00,1780822800,910.0
2026-06-06 13:00:00,2026-06-07 13:00:00,1780826400,941.0
2026-06-06 14:00:00,2026-06-07 14:00:00,1780830000,913.0
2026-06-06 15:00:00,2026-06-07 15:00:00,1780833600,857.0
2026-06-06 16:00:00,2026-06-07 16:00:00,1780837200,751.0
2026-06-06 17:00:00,2026-06-07 17:00:00,1780840800,591.0
2026-06-06 18:00:00,2026-06-07 18:00:00,1780844400,404.0
2026-06-06 19:00:00,2026-06-07 19:00:00,1780848000,209.0
2026-06-06 20:00:00,2026-06-07 20:00:00,1780851600,47.0
2026-06-06 21:00:00,2026-06-07 21:00:00,1780855200,0.0
2026-06-06 22:00:00,2026-06-07 22:00:00,1780858800,0.0
2026-06-06 23:00:00,2026-06-07 23:00:00,1780862400,0.0
2026-06-07 00:00:00,2026-06-08 00:00:00,1780866000,0.0
2026-06-07 01:00:00,2026-06-08 01:00:00,1780869600,0.0
2026-06-07 02:00:00,2026-06-08 02:00:00,1780873200,0.0
2026-06-07 03:00:00,2026-06-08 03:00:00,1780876800,0.0
2026-06-07 04:00:00,2026-06-08 04:00:00,1780880400,0.0
2026-06-07 05:00:00,2026-06-08 05:00:00,1780884000,0.0
2026-06-07 06:00:00,2026-06-08 06:00:00,1780887600,4.0
2026-06-07 07:00:00,2026-06-08 07:00:00,1780891200,99.0
2026-06-07 08:00:00,2026-06-08 08:00:00,1780894800,284.0
2026-06-07 09:00:00,2026-06-08 09:00:00,1780898400,486.0
2026-06-07 10:00:00,2026-06-08 10:00:00,1780902000,672.0
2026-06-07 11:00:00,2026-06-08 11:00:00,1780905600,823.0
2026-06-07 12:00:00,2026-06-08 12:00:00,1780909200,926.0
2026-06-07 13:00:00,2026-06-08 13:00:00,1780912800,954.0
2026-06-07 14:00:00,2026-06-08 14:00:00,1780916400,941.0
2026-06-07 15:00:00,2026-06-08 15:00:00,1780920000,871.0
2026-06-07 16:00:00,2026-06-08 16:00:00,1780923600,760.0
2026-06-07 17:00:00,2026-06-08 17:00:00,1780927200,599.0
2026-06-07 18:00:00,2026-06-08 18:00:00,1780930800,411.0
2026-06-07 19:00:00,2026-06-08 19:00:00,1780934400,211.0
2026-06-07 20:00:00,2026-06-08 20:00:00,1780938000,48.0
2026-06-07 21:00:00,2026-06-08 21:00:00,1780941600,0.0
2026-06-07 22:00:00,2026-06-08 22:00:00,1780945200,0.0
2026-06-07 23:00:00,2026-06-08 23:00:00,1780948800,0.0
2026-06-08 00:00:00,2026-06-09 00:00:00,1780952400,0.0
2026-06-08 01:00:00,2026-06-09 01:00:00,1780956000,0.0
2026-06-08 02:00:00,2026-06-09 02:00:00,1780959600,0.0
2026-06-08 03:00:00,2026-06-09 03:00:00,1780963200,0.0
2026-06-08 04:00:00,2026-06-09 04:00:00,1780966800,0.0
2026-06-08 05:00:00,2026-06-09 05:00:00,1780970400,0.0
2026-06-08 06:00:00,2026-06-09 06:00:00,1780974000,4.0
2026-06-08 07:00:00,2026-06-09 07:00:00,1780977600,100.0
2026-06-08 08:00:00,2026-06-09 08:00:00,1780981200,285.0
2026-06-08 09:00:00,2026-06-09 09:00:00,1780984800,487.0
2026-06-08 10:00:00,2026-06-09 10:00:00,1780988400,673.0
2026-06-08 11:00:00,2026-06-09 11:00:00,1780992000,824.0
2026-06-08 12:00:00,2026-06-09 12:00:00,1780995600,929.0
2026-06-08 13:00:00,2026-06-09 13:00:00,1780999200,972.0
2026-06-08 14:00:00,2026-06-09 14:00:00,1781002800,962.0
2026-06-08 15:00:00,2026-06-09 15:00:00,1781006400,889.0
2026-06-08 16:00:00,2026-06-09 16:00:00,1781010000,773.0
2026-06-08 17:00:00,2026-06-09 17:00:00,1781013600,605.0
2026-06-08 18:00:00,2026-06-09 18:00:00,1781017200,412.0
2026-06-08 19:00:00,2026-06-09 19:00:00,1781020800,213.0
2026-06-08 20:00:00,2026-06-09 20:00:00,1781024400,49.0
2026-06-08 21:00:00,2026-06-09 21:00:00,1781028000,0.0
2026-06-08 22:00:00,2026-06-09 22:00:00,1781031600,0.0
2026-06-08 23:00:00,2026-06-09 23:00:00,1781035200,0.0
2026-06-09 00:00:00,2026-06-10 00:00:00,1781038800,0.0
2026-06-09 01:00:00,2026-06-10 01:00:00,1781042400,0.0
2026-06-09 02:00:00,2026-06-10 02:00:00,1781046000,0.0
2026-06-09 03:00:00,2026-06-10 03:00:00,1781049600,0.0
2026-06-09 04:00:00,2026-06-10 04:00:00,1781053200,0.0
2026-06-09 05:00:00,2026-06-10 05:00:00,1781056800,0.0
2026-06-09 06:00:00,2026-06-10 06:00:00,1781060400,4.0
2026-06-09 07:00:00,2026-06-10 07:00:00,1781064000,98.0
2026-06-09 08:00:00,2026-06-10 08:00:00,1781067600,277.0
2026-06-09 09:00:00,2026-06-10 09:00:00,1781071200,460.0
2026-06-09 10:00:00,2026-06-10 10:00:00,1781074800,646.0
2026-06-09 11:00:00,2026-06-10 11:00:00,1781078400,803.0
2026-06-09 12:00:00,2026-06-10 12:00:00,1781082000,909.0
2026-06-09 13:00:00,2026-06-10 13:00:00,1781085600,966.0
2026-06-09 14:00:00,2026-06-10 14:00:00,1781089200,957.0
2026-06-09 15:00:00,2026-06-10 15:00:00,1781092800,881.0
2026-06-09 16:00:00,2026-06-10 16:00:00,1781096400,761.0
2026-06-09 17:00:00,2026-06-10 17:00:00,1781100000,605.0
2026-06-09 18:00:00,2026-06-10 18:00:00,1781103600,414.0
2026-06-09 19:00:00,2026-06-10 19:00:00,1781107200,215.0
2026-06-09 20:00:00,2026-06-10 20:00:00,1781110800,50.0
2026-06-09 21:00:00,2026-06-10 21:00:00,1781114400,0.0
2026-06-09 22:00:00,2026-06-10 22:00:00,1781118000,0.0
2026-06-09 23:00:00,2026-06-10 23:00:00,1781121600,0.0
2026-06-10 00:00:00,2026-06-11 00:00:00,1781125200,0.0
2026-06-10 01:00:00,2026-06-11 01:00:00,1781128800,0.0
2026-06-10 02:00:00,2026-06-11 02:00:00,1781132400,0.0
2026-06-10 03:00:00,2026-06-11 03:00:00,1781136000,0.0
2026-06-10 04:00:00,2026-06-11 04:00:00,1781139600,0.0
2026-06-10 05:00:00,2026-06-11 05:00:00,1781143200,0.0
2026-06-10 06:00:00,2026-06-11 06:00:00,1781146800,4.0
2026-06-10 07:00:00,2026-06-11 07:00:00,1781150400,97.0
2026-06-10 08:00:00,2026-06-11 08:00:00,1781154000,272.0
2026-06-10 09:00:00,2026-06-11 09:00:00,1781157600,462.0
2026-06-10 10:00:00,2026-06-11 10:00:00,1781161200,661.0
2026-06-10 11:00:00,2026-06-11 11:00:00,1781164800,818.0
2026-06-10 12:00:00,2026-06-11 12:00:00,1781168400,921.0
2026-06-10 13:00:00,2026-06-11 13:00:00,1781172000,951.0
2026-06-10 14:00:00,2026-06-11 14:00:00,1781175600,953.0
2026-06-10 15:00:00,2026-06-11 15:00:00,1781179200,878.0
2026-06-10 16:00:00,2026-06-11 16:00:00,1781182800,747.0
2026-06-10 17:00:00,2026-06-11 17:00:00,1781186400,590.0
2026-06-10 18:00:00,2026-06-11 18:00:00,1781190000,401.0
2026-06-10 19:00:00,2026-06-11 19:00:00,1781193600,209.0
2026-06-10 20:00:00,2026-06-11 20:00:00,1781197200,49.0
2026-06-10 21:00:00,2026-06-11 21:00:00,1781200800,0.0
2026-06-10 22:00:00,2026-06-11 22:00:00,1781204400,0.0
2026-06-10 23:00:00,2026-06-11 23:00:00,1781208000,0.0
2026-06-11 00:00:00,2026-06-12 00:00:00,1781211600,0.0
2026-06-11 01:00:00,2026-06-12 01:00:00,1781215200,0.0
2026-06-11 02:00:00,2026-06-12 02:00:00,1781218800,0.0
2026-06-11 03:00:00,2026-06-12 03:00:00,1781222400,0.0
2026-06-11 04:00:00,2026-06-12 04:00:00,1781226000,0.0
2026-06-11 05:00:00,2026-06-12 05:00:00,1781229600,0.0
2026-06-11 06:00:00,2026-06-12 06:00:00,1781233200,4.0
2026-06-11 07:00:00,2026-06-12 07:00:00,1781236800,94.0
2026-06-11 08:00:00,2026-06-12 08:00:00,1781240400,268.0
2026-06-11 09:00:00,2026-06-12 09:00:00,1781244000,459.0
2026-06-11 10:00:00,2026-06-12 10:00:00,1781247600,655.0
2026-06-11 11:00:00,2026-06-12 11:00:00,1781251200,816.0
2026-06-11 12:00:00,2026-06-12 12:00:00,1781254800,917.0
2026-06-11 13:00:00,2026-06-12 13:00:00,1781258400,973.0
2026-06-11 14:00:00,2026-06-12 14:00:00,1781262000,965.0
2026-06-11 15:00:00,2026-06-12 15:00:00,1781265600,894.0
2026-06-11 16:00:00,2026-06-12 16:00:00,1781269200,773.0
2026-06-11 17:00:00,2026-06-12 17:00:00,1781272800,611.0
2026-06-11 18:00:00,2026-06-12 18:00:00,1781276400,421.0
2026-06-11 19:00:00,2026-06-12 19:00:00,1781280000,221.0
2026-06-11 20:00:00,2026-06-12 20:00:00,1781283600,53.0
2026-06-11 21:00:00,2026-06-12 21:00:00,1781287200,0.0
2026-06-11 22:00:00,2026-06-12 22:00:00,1781290800,0.0
2026-06-11 23:00:00,2026-06-12 23:00:00,1781294400,0.0
2026-06-12 00:00:00,2026-06-13 00:00:00,1781298000,0.0
2026-06-12 01:00:00,2026-06-13 01:00:00,1781301600,0.0
2026-06-12 02:00:00,2026-06-13 02:00:00,1781305200,0.0
2026-06-12 03:00:00,2026-06-13 03:00:00,1781308800,0.0
2026-06-12 04:00:00,2026-06-13 04:00:00,1781312400,0.0
2026-06-12 05:00:00,2026-06-13 05:00:00,1781316000,0.0
2026-06-12 06:00:00,2026-06-13 06:00:00,1781319600,4.0
2026-06-12 07:00:00,2026-06-13 07:00:00,1781323200,100.0
2026-06-12 08:00:00,2026-06-13 08:00:00,1781326800,285.0
2026-06-12 09:00:00,2026-06-13 09:00:00,1781330400,489.0
2026-06-12 10:00:00,2026-06-13 10:00:00,1781334000,678.0
2026-06-12 11:00:00,2026-06-13 11:00:00,1781337600,831.0
2026-06-12 12:00:00,2026-06-13 12:00:00,1781341200,937.0
2026-06-12 13:00:00,2026-06-13 13:00:00,1781344800,986.0
2026-06-12 14:00:00,2026-06-13 14:00:00,1781348400,945.0
2026-06-12 15:00:00,2026-06-13 15:00:00,1781352000,871.0
2026-06-12 16:00:00,2026-06-13 16:00:00,1781355600,747.0
2026-06-12 17:00:00,2026-06-13 17:00:00,1781359200,576.0
2026-06-12 18:00:00,2026-06-13 18:00:00,1781362800,399.0
2026-06-12 19:00:00,2026-06-13 19:00:00,1781366400,205.0
2026-06-12 20:00:00,2026-06-13 20:00:00,1781370000,45.0
2026-06-12 21:00:00,2026-06-13 21:00:00,1781373600,0.0
2026-06-12 22:00:00,2026-06-13 22:00:00,1781377200,0.0
2026-06-12 23:00:00,2026-06-13 23:00:00,1781380800,0.0
2026-06-13 00:00:00,2026-06-14 00:00:00,1781384400,0.0
2026-06-13 01:00:00,2026-06-14 01:00:00,1781388000,0.0
2026-06-13 02:00:00,2026-06-14 02:00:00,1781391600,0.0
2026-06-13 03:00:00,2026-06-14 03:00:00,1781395200,0.0
2026-06-13 04:00:00,2026-06-14 04:00:00,1781398800,0.0
2026-06-13 05:00:00,2026-06-14 05:00:00,1781402400,0.0
2026-06-13 06:00:00,2026-06-14 06:00:00,1781406000,4.0
2026-06-13 07:00:00,2026-06-14 07:00:00,1781409600,94.0
2026-06-13 08:00:00,2026-06-14 08:00:00,1781413200,274.0
2026-06-13 09:00:00,2026-06-14 09:00:00,1781416800,467.0
2026-06-13 10:00:00,2026-06-14 10:00:00,1781420400,657.0
2026-06-13 11:00:00,2026-06-14 11:00:00,1781424000,805.0
2026-06-13 12:00:00,2026-06-14 12:00:00,1781427600,897.0
2026-06-13 13:00:00,2026-06-14 13:00:00,1781431200,936.0
2026-06-13 14:00:00,2026-06-14 14:00:00,1781434800,923.0
2026-06-13 15:00:00,2026-06-14 15:00:00,1781438400,844.0
2026-06-13 16:00:00,2026-06-14 16:00:00,1781442000,726.0
2026-06-13 17:00:00,2026-06-14 17:00:00,1781445600,565.0
2026-06-13 18:00:00,2026-06-14 18:00:00,1781449200,394.0
2026-06-13 19:00:00,2026-06-14 19:00:00,1781452800,206.0
2026-06-13 20:00:00,2026-06-14 20:00:00,1781456400,50.0
2026-06-13 21:00:00,2026-06-14 21:00:00,1781460000,0.0
2026-06-13 22:00:00,2026-06-14 22:00:00,1781463600,0.0
2026-06-13 23:00:00,2026-06-14 23:00:00,1781467200,0.0
2026-06-14 00:00:00,2026-06-15 00:00:00,1781470800,0.0
2026-06-14 01:00:00,2026-06-15 01:00:00,1781474400,0.0
2026-06-14 02:00:00,2026-06-15 02:00:00,1781478000,0.0
2026-06-14 03:00:00,2026-06-15 03:00:00,1781481600,0.0
2026-06-14 04:00:00,2026-06-15 04:00:00,1781485200,0.0
2026-06-14 05:00:00,2026-06-15 05:00:00,1781488800,0.0
2026-06-14 06:00:00,2026-06-15 06:00:00,1781492400,4.0
2026-06-14 07:00:00,2026-06-15 07:00:00,1781496000,99.0
2026-06-14 08:00:00,2026-06-15 08:00:00,1781499600,281.0
2026-06-14 09:00:00,2026-06-15 09:00:00,1781503200,479.0
2026-06-14 10:00:00,2026-06-15 10:00:00,1781506800,660.0
2026-06-14 11:00:00,2026-06-15 11:00:00,1781510400,793.0
2026-06-14 12:00:00,2026-06-15 12:00:00,1781514000,852.0
2026-06-14 13:00:00,2026-06-15 13:00:00,1781517600,922.0
2026-06-14 14:00:00,2026-06-15 14:00:00,1781521200,874.0
2026-06-14 15:00:00,2026-06-15 15:00:00,1781524800,811.0
2026-06-14 16:00:00,2026-06-15 16:00:00,1781528400,699.0
2026-06-14 17:00:00,2026-06-15 17:00:00,1781532000,583.0
2026-06-14 18:00:00,2026-06-15 18:00:00,1781535600,399.0
2026-06-14 19:00:00,2026-06-15 19:00:00,1781539200,216.0
2026-06-14 20:00:00,2026-06-15 20:00:00,1781542800,54.0
2026-06-14 21:00:00,2026-06-15 21:00:00,1781546400,0.0
2026-06-14 22:00:00,2026-06-15 22:00:00,1781550000,0.0
2026-06-14 23:00:00,2026-06-15 23:00:00,1781553600,0.0
2026-06-15 00:00:00,2026-06-16 00:00:00,1781557200,0.0
2026-06-15 01:00:00,2026-06-16 01:00:00,1781560800,0.0
2026-06-15 02:00:00,2026-06-16 02:00:00,1781564400,0.0
2026-06-15 03:00:00,2026-06-16 03:00:00,1781568000,0.0
2026-06-15 04:00:00,2026-06-16 04:00:00,1781571600,0.0
2026-06-15 05:00:00,2026-06-16 05:00:00,1781575200,0.0
2026-06-15 06:00:00,2026-06-16 06:00:00,1781578800,4.0
2026-06-15 07:00:00,2026-06-16 07:00:00,1781582400,101.0
2026-06-15 08:00:00,2026-06-16 08:00:00,1781586000,287.0
2026-06-15 09:00:00,2026-06-16 09:00:00,1781589600,488.0
2026-06-15 10:00:00,2026-06-16 10:00:00,1781593200,672.0
2026-06-15 11:00:00,2026-06-16 11:00:00,1781596800,823.0
2026-06-15 12:00:00,2026-06-16 12:00:00,1781600400,927.0
2026-06-15 13:00:00,2026-06-16 13:00:00,1781604000,978.0
2026-06-15 14:00:00,2026-06-16 14:00:00,1781607600,967.0
2026-06-15 15:00:00,2026-06-16 15:00:00,1781611200,891.0
2026-06-15 16:00:00,2026-06-16 16:00:00,1781614800,776.0
2026-06-15 17:00:00,2026-06-16 17:00:00,1781618400,615.0
2026-06-15 18:00:00,2026-06-16 18:00:00,1781622000,424.0
2026-06-15 19:00:00,2026-06-16 19:00:00,1781625600,224.0
2026-06-15 20:00:00,2026-06-16 20:00:00,1781629200,56.0
2026-06-15 21:00:00,2026-06-16 21:00:00,1781632800,0.0
2026-06-15 22:00:00,2026-06-16 22:00:00,1781636400,0.0
2026-06-15 23:00:00,2026-06-16 23:00:00,1781640000,0.0
2026-06-16 00:00:00,2026-06-17 00:00:00,1781643600,0.0
2026-06-16 01:00:00,2026-06-17 01:00:00,1781647200,0.0
2026-06-16 02:00:00,2026-06-17 02:00:00,1781650800,0.0
2026-06-16 03:00:00,2026-06-17 03:00:00,1781654400,0.0
2026-06-16 04:00:00,2026-06-17 04:00:00,1781658000,0.0
2026-06-16 05:00:00,2026-06-17 05:00:00,1781661600,0.0
2026-06-16 06:00:00,2026-06-17 06:00:00,1781665200,4.0
2026-06-16 07:00:00,2026-06-17 07:00:00,1781668800,102.0
2026-06-16 08:00:00,2026-06-17 08:00:00,1781672400,288.0
2026-06-16 09:00:00,2026-06-17 09:00:00,1781676000,489.0
2026-06-16 10:00:00,2026-06-17 10:00:00,1781679600,674.0
2026-06-16 11:00:00,2026-06-17 11:00:00,1781683200,827.0
2026-06-16 12:00:00,2026-06-17 12:00:00,1781686800,932.0
2026-06-16 13:00:00,2026-06-17 13:00:00,1781690400,983.0
2026-06-16 14:00:00,2026-06-17 14:00:00,1781694000,969.0
2026-06-16 15:00:00,2026-06-17 15:00:00,1781697600,900.0
2026-06-16 16:00:00,2026-06-17 16:00:00,1781701200,773.0
2026-06-16 17:00:00,2026-06-17 17:00:00,1781704800,612.0
2026-06-16 18:00:00,2026-06-17 18:00:00,1781708400,422.0
2026-06-16 19:00:00,2026-06-17 19:00:00,1781712000,225.0
2026-06-16 20:00:00,2026-06-17 20:00:00,1781715600,57.0
2026-06-16 21:00:00,2026-06-17 21:00:00,1781719200,0.0
2026-06-16 22:00:00,2026-06-17 22:00:00,1781722800,0.0
2026-06-16 23:00:00,2026-06-17 23:00:00,1781726400,0.0
2026-06-17 00:00:00,2026-06-18 00:00:00,1781730000,0.0
2026-06-17 01:00:00,2026-06-18 01:00:00,1781733600,0.0
2026-06-17 02:00:00,2026-06-18 02:00:00,1781737200,0.0
2026-06-17 03:00:00,2026-06-18 03:00:00,1781740800,0.0
2026-06-17 04:00:00,2026-06-18 04:00:00,1781744400,0.0
2026-06-17 05:00:00,2026-06-18 05:00:00,1781748000,0.0
2026-06-17 06:00:00,2026-06-18 06:00:00,1781751600,4.0
2026-06-17 07:00:00,2026-06-18 07:00:00,1781755200,101.0
2026-06-17 08:00:00,2026-06-18 08:00:00,1781758800,276.0
2026-06-17 09:00:00,2026-06-18 09:00:00,1781762400,471.0
2026-06-17 10:00:00,2026-06-18 10:00:00,1781766000,668.0
2026-06-17 11:00:00,2026-06-18 11:00:00,1781769600,822.0
2026-06-17 12:00:00,2026-06-18 12:00:00,1781773200,931.0
2026-06-17 13:00:00,2026-06-18 13:00:00,1781776800,979.0
2026-06-17 14:00:00,2026-06-18 14:00:00,1781780400,968.0
2026-06-17 15:00:00,2026-06-18 15:00:00,1781784000,905.0
2026-06-17 16:00:00,2026-06-18 16:00:00,1781787600,792.0
2026-06-17 17:00:00,2026-06-18 17:00:00,1781791200,628.0
2026-06-17 18:00:00,2026-06-18 18:00:00,1781794800,431.0
2026-06-17 19:00:00,2026-06-18 19:00:00,1781798400,211.0
2026-06-17 20:00:00,2026-06-18 20:00:00,1781802000,53.0
2026-06-17 21:00:00,2026-06-18 21:00:00,1781805600,0.0
2026-06-17 22:00:00,2026-06-18 22:00:00,1781809200,0.0
2026-06-17 23:00:00,2026-06-18 23:00:00,1781812800,0.0
2026-06-18 00:00:00,2026-06-19 00:00:00,1781816400,0.0
2026-06-18 01:00:00,2026-06-19 01:00:00,1781820000,0.0
2026-06-18 02:00:00,2026-06-19 02:00:00,1781823600,0.0
2026-06-18 03:00:00,2026-06-19 03:00:00,1781827200,0.0
2026-06-18 04:00:00,2026-06-19 04:00:00,1781830800,0.0
2026-06-18 05:00:00,2026-06-19 05:00:00,1781834400,0.0
2026-06-18 06:00:00,2026-06-19 06:00:00,1781838000,3.0
2026-06-18 07:00:00,2026-06-19 07:00:00,1781841600,84.0
2026-06-18 08:00:00,2026-06-19 08:00:00,1781845200,248.0
2026-06-18 09:00:00,2026-06-19 09:00:00,1781848800,443.0
2026-06-18 10:00:00,2026-06-19 10:00:00,1781852400,637.0
2026-06-18 11:00:00,2026-06-19 11:00:00,1781856000,777.0
2026-06-18 12:00:00,2026-06-19 12:00:00,1781859600,866.0
2026-06-18 13:00:00,2026-06-19 13:00:00,1781863200,901.0
2026-06-18 14:00:00,2026-06-19 14:00:00,1781866800,923.0
2026-06-18 15:00:00,2026-06-19 15:00:00,1781870400,839.0
2026-06-18 16:00:00,2026-06-19 16:00:00,1781874000,729.0
2026-06-18 17:00:00,2026-06-19 17:00:00,1781877600,580.0
2026-06-18 18:00:00,2026-06-19 18:00:00,1781881200,392.0
2026-06-18 19:00:00,2026-06-19 19:00:00,1781884800,209.0
2026-06-18 20:00:00,2026-06-19 20:00:00,1781888400,56.0
2026-06-18 21:00:00,2026-06-19 21:00:00,1781892000,0.0
2026-06-18 22:00:00,2026-06-19 22:00:00,1781895600,0.0
2026-06-18 23:00:00,2026-06-19 23:00:00,1781899200,0.0
2026-06-19 00:00:00,2026-06-20 00:00:00,1781902800,0.0
2026-06-19 01:00:00,2026-06-20 01:00:00,1781906400,0.0
2026-06-19 02:00:00,2026-06-20 02:00:00,1781910000,0.0
2026-06-19 03:00:00,2026-06-20 03:00:00,1781913600,0.0
2026-06-19 04:00:00,2026-06-20 04:00:00,1781917200,0.0
2026-06-19 05:00:00,2026-06-20 05:00:00,1781920800,0.0
2026-06-19 06:00:00,2026-06-20 06:00:00,1781924400,4.0
2026-06-19 07:00:00,2026-06-20 07:00:00,1781928000,97.0
2026-06-19 08:00:00,2026-06-20 08:00:00,1781931600,280.0
2026-06-19 09:00:00,2026-06-20 09:00:00,1781935200,481.0
2026-06-19 10:00:00,2026-06-20 10:00:00,1781938800,663.0
2026-06-19 11:00:00,2026-06-20 11:00:00,1781942400,811.0
2026-06-19 12:00:00,2026-06-20 12:00:00,1781946000,906.0
2026-06-19 13:00:00,2026-06-20 13:00:00,1781949600,947.0
2026-06-19 14:00:00,2026-06-20 14:00:00,1781953200,937.0
2026-06-19 15:00:00,2026-06-20 15:00:00,1781956800,864.0
2026-06-19 16:00:00,2026-06-20 16:00:00,1781960400,653.0
2026-06-19 17:00:00,2026-06-20 17:00:00,1781964000,577.0
2026-06-19 18:00:00,2026-06-20 18:00:00,1781967600,395.0
2026-06-19 19:00:00,2026-06-20 19:00:00,1781971200,200.0
2026-06-19 20:00:00,2026-06-20 20:00:00,1781974800,53.0
2026-06-19 21:00:00,2026-06-20 21:00:00,1781978400,0.0
2026-06-19 22:00:00,2026-06-20 22:00:00,1781982000,0.0
2026-06-19 23:00:00,2026-06-20 23:00:00,1781985600,0.0
2026-06-20 00:00:00,2026-06-21 00:00:00,1781989200,0.0
2026-06-20 01:00:00,2026-06-21 01:00:00,1781992800,0.0
2026-06-20 02:00:00,2026-06-21 02:00:00,1781996400,0.0
2026-06-20 03:00:00,2026-06-21 03:00:00,1782000000,0.0
2026-06-20 04:00:00,2026-06-21 04:00:00,1782003600,0.0
2026-06-20 05:00:00,2026-06-21 05:00:00,1782007200,0.0
2026-06-20 06:00:00,2026-06-21 06:00:00,1782010800,4.0
2026-06-20 07:00:00,2026-06-21 07:00:00,1782014400,100.0
2026-06-20 08:00:00,2026-06-21 08:00:00,1782018000,287.0
2026-06-20 09:00:00,2026-06-21 09:00:00,1782021600,489.0
2026-06-20 10:00:00,2026-06-21 10:00:00,1782025200,677.0
2026-06-20 11:00:00,2026-06-21 11:00:00,1782028800,828.0
2026-06-20 12:00:00,2026-06-21 12:00:00,1782032400,922.0
2026-06-20 13:00:00,2026-06-21 13:00:00,1782036000,972.0
2026-06-20 14:00:00,2026-06-21 14:00:00,1782039600,960.0
2026-06-20 15:00:00,2026-06-21 15:00:00,1782043200,893.0
2026-06-20 16:00:00,2026-06-21 16:00:00,1782046800,775.0
2026-06-20 17:00:00,2026-06-21 17:00:00,1782050400,609.0
2026-06-20 18:00:00,2026-06-21 18:00:00,1782054000,415.0
2026-06-20 19:00:00,2026-06-21 19:00:00,1782057600,224.0
2026-06-20 20:00:00,2026-06-21 20:00:00,1782061200,58.0
2026-06-20 21:00:00,2026-06-21 21:00:00,1782064800,0.0
2026-06-20 22:00:00,2026-06-21 22:00:00,1782068400,0.0
2026-06-20 23:00:00,2026-06-21 23:00:00,1782072000,0.0
2026-06-21 00:00:00,2026-06-22 00:00:00,1782075600,0.0
2026-06-21 01:00:00,2026-06-22 01:00:00,1782079200,0.0
2026-06-21 02:00:00,2026-06-22 02:00:00,1782082800,0.0
2026-06-21 03:00:00,2026-06-22 03:00:00,1782086400,0.0
2026-06-21 04:00:00,2026-06-22 04:00:00,1782090000,0.0
2026-06-21 05:00:00,2026-06-22 05:00:00,1782093600,0.0
2026-06-21 06:00:00,2026-06-22 06:00:00,1782097200,4.0
2026-06-21 07:00:00,2026-06-22 07:00:00,1782100800,99.0
2026-06-21 08:00:00,2026-06-22 08:00:00,1782104400,284.0
2026-06-21 09:00:00,2026-06-22 09:00:00,1782108000,484.0
2026-06-21 10:00:00,2026-06-22 10:00:00,1782111600,668.0
2026-06-21 11:00:00,2026-06-22 11:00:00,1782115200,812.0
2026-06-21 12:00:00,2026-06-22 12:00:00,1782118800,895.0
2026-06-21 13:00:00,2026-06-22 13:00:00,1782122400,950.0
2026-06-21 14:00:00,2026-06-22 14:00:00,1782126000,953.0
2026-06-21 15:00:00,2026-06-22 15:00:00,1782129600,885.0
2026-06-21 16:00:00,2026-06-22 16:00:00,1782133200,753.0
2026-06-21 17:00:00,2026-06-22 17:00:00,1782136800,602.0
2026-06-21 18:00:00,2026-06-22 18:00:00,1782140400,418.0
2026-06-21 19:00:00,2026-06-22 19:00:00,1782144000,225.0
2026-06-21 20:00:00,2026-06-22 20:00:00,1782147600,59.0
2026-06-21 21:00:00,2026-06-22 21:00:00,1782151200,0.0
2026-06-21 22:00:00,2026-06-22 22:00:00,1782154800,0.0
2026-06-21 23:00:00,2026-06-22 23:00:00,1782158400,0.0
2026-06-22 00:00:00,2026-06-23 00:00:00,1782162000,0.0
2026-06-22 01:00:00,2026-06-23 01:00:00,1782165600,0.0
2026-06-22 02:00:00,2026-06-23 02:00:00,1782169200,0.0
2026-06-22 03:00:00,2026-06-23 03:00:00,1782172800,0.0
2026-06-22 04:00:00,2026-06-23 04:00:00,1782176400,0.0
2026-06-22 05:00:00,2026-06-23 05:00:00,1782180000,0.0
2026-06-22 06:00:00,2026-06-23 06:00:00,1782183600,4.0
2026-06-22 07:00:00,2026-06-23 07:00:00,1782187200,100.0
2026-06-22 08:00:00,2026-06-23 08:00:00,1782190800,287.0
2026-06-22 09:00:00,2026-06-23 09:00:00,1782194400,489.0
2026-06-22 10:00:00,2026-06-23 10:00:00,1782198000,679.0
2026-06-22 11:00:00,2026-06-23 11:00:00,1782201600,833.0
2026-06-22 12:00:00,2026-06-23 12:00:00,1782205200,939.0
2026-06-22 13:00:00,2026-06-23 13:00:00,1782208800,983.0
2026-06-22 14:00:00,2026-06-23 14:00:00,1782212400,972.0
2026-06-22 15:00:00,2026-06-23 15:00:00,1782216000,907.0
2026-06-22 16:00:00,2026-06-23 16:00:00,1782219600,789.0
2026-06-22 17:00:00,2026-06-23 17:00:00,1782223200,619.0
2026-06-22 18:00:00,2026-06-23 18:00:00,1782226800,430.0
2026-06-22 19:00:00,2026-06-23 19:00:00,1782230400,232.0
2026-06-22 20:00:00,2026-06-23 20:00:00,1782234000,61.0
2026-06-22 21:00:00,2026-06-23 21:00:00,1782237600,0.0
2026-06-22 22:00:00,2026-06-23 22:00:00,1782241200,0.0
2026-06-22 23:00:00,2026-06-23 23:00:00,1782244800,0.0
2026-06-23 00:00:00,2026-06-24 00:00:00,1782248400,0.0
2026-06-23 01:00:00,2026-06-24 01:00:00,1782252000,0.0
2026-06-23 02:00:00,2026-06-24 02:00:00,1782255600,0.0
2026-06-23 03:00:00,2026-06-24 03:00:00,1782259200,0.0
2026-06-23 04:00:00,2026-06-24 04:00:00,1782262800,0.0
2026-06-23 05:00:00,2026-06-24 05:00:00,1782266400,0.0
2026-06-23 06:00:00,2026-06-24 06:00:00,1782270000,3.0
2026-06-23 07:00:00,2026-06-24 07:00:00,1782273600,99.0
2026-06-23 08:00:00,2026-06-24 08:00:00,1782277200,284.0
2026-06-23 09:00:00,2026-06-24 09:00:00,1782280800,485.0
2026-06-23 10:00:00,2026-06-24 10:00:00,1782284400,671.0
2026-06-23 11:00:00,2026-06-24 11:00:00,1782288000,825.0
2026-06-23 12:00:00,2026-06-24 12:00:00,1782291600,932.0
2026-06-23 13:00:00,2026-06-24 13:00:00,1782295200,985.0
2026-06-23 14:00:00,2026-06-24 14:00:00,1782298800,979.0
2026-06-23 15:00:00,2026-06-24 15:00:00,1782302400,914.0
2026-06-23 16:00:00,2026-06-24 16:00:00,1782306000,794.0
2026-06-23 17:00:00,2026-06-24 17:00:00,1782309600,630.0
2026-06-23 18:00:00,2026-06-24 18:00:00,1782313200,436.0
2026-06-23 19:00:00,2026-06-24 19:00:00,1782316800,234.0
2026-06-23 20:00:00,2026-06-24 20:00:00,1782320400,61.0
2026-06-23 21:00:00,2026-06-24 21:00:00,1782324000,0.0
2026-06-23 22:00:00,2026-06-24 22:00:00,1782327600,0.0
2026-06-23 23:00:00,2026-06-24 23:00:00,1782331200,0.0
2026-06-24 00:00:00,2026-06-25 00:00:00,1782334800,0.0
2026-06-24 01:00:00,2026-06-25 01:00:00,1782338400,0.0
2026-06-24 02:00:00,2026-06-25 02:00:00,1782342000,0.0
2026-06-24 03:00:00,2026-06-25 03:00:00,1782345600,0.0
2026-06-24 04:00:00,2026-06-25 04:00:00,1782349200,0.0
2026-06-24 05:00:00,2026-06-25 05:00:00,1782352800,0.0
2026-06-24 06:00:00,2026-06-25 06:00:00,1782356400,3.0
2026-06-24 07:00:00,2026-06-25 07:00:00,1782360000,100.0
2026-06-24 08:00:00,2026-06-25 08:00:00,1782363600,288.0
2026-06-24 09:00:00,2026-06-25 09:00:00,1782367200,492.0
2026-06-24 10:00:00,2026-06-25 10:00:00,1782370800,681.0
2026-06-24 11:00:00,2026-06-25 11:00:00,1782374400,837.0
2026-06-24 12:00:00,2026-06-25 12:00:00,1782378000,946.0
2026-06-24 13:00:00,2026-06-25 13:00:00,1782381600,997.0
2026-06-24 14:00:00,2026-06-25 14:00:00,1782385200,987.0
2026-06-24 15:00:00,2026-06-25 15:00:00,1782388800,919.0
2026-06-24 16:00:00,2026-06-25 16:00:00,1782392400,797.0
2026-06-24 17:00:00,2026-06-25 17:00:00,1782396000,633.0
2026-06-24 18:00:00,2026-06-25 18:00:00,1782399600,438.0
2026-06-24 19:00:00,2026-06-25 19:00:00,1782403200,235.0
2026-06-24 20:00:00,2026-06-25 20:00:00,1782406800,62.0
2026-06-24 21:00:00,2026-06-25 21:00:00,1782410400,0.0
2026-06-24 22:00:00,2026-06-25 22:00:00,1782414000,0.0
2026-06-24 23:00:00,2026-06-25 23:00:00,1782417600,0.0
2026-06-25 00:00:00,2026-06-26 00:00:00,1782421200,0.0
2026-06-25 01:00:00,2026-06-26 01:00:00,1782424800,0.0
2026-06-25 02:00:00,2026-06-26 02:00:00,1782428400,0.0
2026-06-25 03:00:00,2026-06-26 03:00:00,1782432000,0.0
2026-06-25 04:00:00,2026-06-26 04:00:00,1782435600,0.0
2026-06-25 05:00:00,2026-06-26 05:00:00,1782439200,0.0
2026-06-25 06:00:00,2026-06-26 06:00:00,1782442800,3.0
2026-06-25 07:00:00,2026-06-26 07:00:00,1782446400,95.0
2026-06-25 08:00:00,2026-06-26 08:00:00,1782450000,277.0
2026-06-25 09:00:00,2026-06-26 09:00:00,1782453600,475.0
2026-06-25 10:00:00,2026-06-26 10:00:00,1782457200,658.0
2026-06-25 11:00:00,2026-06-26 11:00:00,1782460800,809.0
2026-06-25 12:00:00,2026-06-26 12:00:00,1782464400,902.0
2026-06-25 13:00:00,2026-06-26 13:00:00,1782468000,952.0
2026-06-25 14:00:00,2026-06-26 14:00:00,1782471600,944.0
2026-06-25 15:00:00,2026-06-26 15:00:00,1782475200,875.0
2026-06-25 16:00:00,2026-06-26 16:00:00,1782478800,761.0
2026-06-25 17:00:00,2026-06-26 17:00:00,1782482400,615.0
2026-06-25 18:00:00,2026-06-26 18:00:00,1782486000,424.0
2026-06-25 19:00:00,2026-06-26 19:00:00,1782489600,230.0
2026-06-25 20:00:00,2026-06-26 20:00:00,1782493200,61.0
2026-06-25 21:00:00,2026-06-26 21:00:00,1782496800,0.0
2026-06-25 22:00:00,2026-06-26 22:00:00,1782500400,0.0
2026-06-25 23:00:00,2026-06-26 23:00:00,1782504000,0.0
2026-06-26 00:00:00,2026-06-27 00:00:00,1782507600,0.0
2026-06-26 01:00:00,2026-06-27 01:00:00,1782511200,0.0
2026-06-26 02:00:00,2026-06-27 02:00:00,1782514800,0.0
2026-06-26 03:00:00,2026-06-27 03:00:00,1782518400,0.0
2026-06-26 04:00:00,2026-06-27 04:00:00,1782522000,0.0
2026-06-26 05:00:00,2026-06-27 05:00:00,1782525600,0.0
2026-06-26 06:00:00,2026-06-27 06:00:00,1782529200,3.0
2026-06-26 07:00:00,2026-06-27 07:00:00,1782532800,94.0
2026-06-26 08:00:00,2026-06-27 08:00:00,1782536400,276.0
2026-06-26 09:00:00,2026-06-27 09:00:00,1782540000,474.0
2026-06-26 10:00:00,2026-06-27 10:00:00,1782543600,659.0
2026-06-26 11:00:00,2026-06-27 11:00:00,1782547200,810.0
2026-06-26 12:00:00,2026-06-27 12:00:00,1782550800,912.0
2026-06-26 13:00:00,2026-06-27 13:00:00,1782554400,952.0
2026-06-26 14:00:00,2026-06-27 14:00:00,1782558000,948.0
2026-06-26 15:00:00,2026-06-27 15:00:00,1782561600,885.0
2026-06-26 16:00:00,2026-06-27 16:00:00,1782565200,759.0
2026-06-26 17:00:00,2026-06-27 17:00:00,1782568800,597.0
2026-06-26 18:00:00,2026-06-27 18:00:00,1782572400,418.0
2026-06-26 19:00:00,2026-06-27 19:00:00,1782576000,223.0
2026-06-26 20:00:00,2026-06-27 20:00:00,1782579600,60.0
2026-06-26 21:00:00,2026-06-27 21:00:00,1782583200,0.0
2026-06-26 22:00:00,2026-06-27 22:00:00,1782586800,0.0
2026-06-26 23:00:00,2026-06-27 23:00:00,1782590400,0.0
2026-06-27 00:00:00,2026-06-28 00:00:00,1782594000,0.0
2026-06-27 01:00:00,2026-06-28 01:00:00,1782597600,0.0
2026-06-27 02:00:00,2026-06-28 02:00:00,1782601200,0.0
2026-06-27 03:00:00,2026-06-28 03:00:00,1782604800,0.0
2026-06-27 04:00:00,2026-06-28 04:00:00,1782608400,0.0
2026-06-27 05:00:00,2026-06-28 05:00:00,1782612000,0.0
2026-06-27 06:00:00,2026-06-28 06:00:00,1782615600,3.0
2026-06-27 07:00:00,2026-06-28 07:00:00,1782619200,96.0
2026-06-27 08:00:00,2026-06-28 08:00:00,1782622800,278.0
2026-06-27 09:00:00,2026-06-28 09:00:00,1782626400,477.0
2026-06-27 10:00:00,2026-06-28 10:00:00,1782630000,664.0
2026-06-27 11:00:00,2026-06-28 11:00:00,1782633600,819.0
2026-06-27 12:00:00,2026-06-28 12:00:00,1782637200,919.0
2026-06-27 13:00:00,2026-06-28 13:00:00,1782640800,948.0
2026-06-27 14:00:00,2026-06-28 14:00:00,1782644400,934.0
2026-06-27 15:00:00,2026-06-28 15:00:00,1782648000,868.0
2026-06-27 16:00:00,2026-06-28 16:00:00,1782651600,756.0
2026-06-27 17:00:00,2026-06-28 17:00:00,1782655200,608.0
2026-06-27 18:00:00,2026-06-28 18:00:00,1782658800,424.0
2026-06-27 19:00:00,2026-06-28 19:00:00,1782662400,229.0
2026-06-27 20:00:00,2026-06-28 20:00:00,1782666000,61.0
2026-06-27 21:00:00,2026-06-28 21:00:00,1782669600,0.0
2026-06-27 22:00:00,2026-06-28 22:00:00,1782673200,0.0
2026-06-27 23:00:00,2026-06-28 23:00:00,1782676800,0.0
2026-06-28 00:00:00,2026-06-29 00:00:00,1782680400,0.0
2026-06-28 01:00:00,2026-06-29 01:00:00,1782684000,0.0
2026-06-28 02:00:00,2026-06-29 02:00:00,1782687600,0.0
2026-06-28 03:00:00,2026-06-29 03:00:00,1782691200,0.0
2026-06-28 04:00:00,2026-06-29 04:00:00,1782694800,0.0
2026-06-28 05:00:00,2026-06-29 05:00:00,1782698400,0.0
2026-06-28 06:00:00,2026-06-29 06:00:00,1782702000,3.0
2026-06-28 07:00:00,2026-06-29 07:00:00,1782705600,98.0
2026-06-28 08:00:00,2026-06-29 08:00:00,1782709200,287.0
2026-06-28 09:00:00,2026-06-29 09:00:00,1782712800,493.0
2026-06-28 10:00:00,2026-06-29 10:00:00,1782716400,681.0
2026-06-28 11:00:00,2026-06-29 11:00:00,1782720000,836.0
2026-06-28 12:00:00,2026-06-29 12:00:00,1782723600,942.0
2026-06-28 13:00:00,2026-06-29 13:00:00,1782727200,992.0
2026-06-28 14:00:00,2026-06-29 14:00:00,1782730800,977.0
2026-06-28 15:00:00,2026-06-29 15:00:00,1782734400,914.0
2026-06-28 16:00:00,2026-06-29 16:00:00,1782738000,796.0
2026-06-28 17:00:00,2026-06-29 17:00:00,1782741600,633.0
2026-06-28 18:00:00,2026-06-29 18:00:00,1782745200,442.0
2026-06-28 19:00:00,2026-06-29 19:00:00,1782748800,239.0
2026-06-28 20:00:00,2026-06-29 20:00:00,1782752400,63.0
2026-06-28 21:00:00,2026-06-29 21:00:00,1782756000,0.0
2026-06-28 22:00:00,2026-06-29 22:00:00,1782759600,0.0
2026-06-28 23:00:00,2026-06-29 23:00:00,1782763200,0.0
2026-06-29 00:00:00,2026-06-30 00:00:00,1782766800,0.0
2026-06-29 01:00:00,2026-06-30 01:00:00,1782770400,0.0
2026-06-29 02:00:00,2026-06-30 02:00:00,1782774000,0.0
2026-06-29 03:00:00,2026-06-30 03:00:00,1782777600,0.0
2026-06-29 04:00:00,2026-06-30 04:00:00,1782781200,0.0
2026-06-29 05:00:00,2026-06-30 05:00:00,1782784800,0.0
2026-06-29 06:00:00,2026-06-30 06:00:00,1782788400,3.0
2026-06-29 07:00:00,2026-06-30 07:00:00,1782792000,96.0
2026-06-29 08:00:00,2026-06-30 08:00:00,1782795600,285.0
2026-06-29 09:00:00,2026-06-30 09:00:00,1782799200,489.0
2026-06-29 10:00:00,2026-06-30 10:00:00,1782802800,677.0
2026-06-29 11:00:00,2026-06-30 11:00:00,1782806400,834.0
2026-06-29 12:00:00,2026-06-30 12:00:00,1782810000,942.0
2026-06-29 13:00:00,2026-06-30 13:00:00,1782813600,996.0
2026-06-29 14:00:00,2026-06-30 14:00:00,1782817200,989.0
2026-06-29 15:00:00,2026-06-30 15:00:00,1782820800,922.0
2026-06-29 16:00:00,2026-06-30 16:00:00,1782824400,801.0
2026-06-29 17:00:00,2026-06-30 17:00:00,1782828000,636.0
2026-06-29 18:00:00,2026-06-30 18:00:00,1782831600,442.0
2026-06-29 19:00:00,2026-06-30 19:00:00,1782835200,238.0
2026-06-29 20:00:00,2026-06-30 20:00:00,1782838800,63.0
2026-06-29 21:00:00,2026-06-30 21:00:00,1782842400,0.0
2026-06-29 22:00:00,2026-06-30 22:00:00,1782846000,0.0
2026-06-29 23:00:00,2026-06-30 23:00:00,1782849600,0.0
2026-06-30 00:00:00,2026-07-01 00:00:00,1782853200,0.0
2026-06-30 01:00:00,2026-07-01 01:00:00,1782856800,0.0
2026-06-30 02:00:00,2026-07-01 02:00:00,1782860400,0.0
2026-06-30 03:00:00,2026-07-01 03:00:00,1782864000,0.0
2026-06-30 04:00:00,2026-07-01 04:00:00,1782867600,0.0
2026-06-30 05:00:00,2026-07-01 05:00:00,1782871200,0.0
2026-06-30 06:00:00,2026-07-01 06:00:00,1782874800,2.0
2026-06-30 07:00:00,2026-07-01 07:00:00,1782878400,92.0
2026-06-30 08:00:00,2026-07-01 08:00:00,1782882000,276.0
2026-06-30 09:00:00,2026-07-01 09:00:00,1782885600,479.0
2026-06-30 10:00:00,2026-07-01 10:00:00,1782889200,670.0
2026-06-30 11:00:00,2026-07-01 11:00:00,1782892800,829.0
2026-06-30 12:00:00,2026-07-01 12:00:00,1782896400,939.0
2026-06-30 13:00:00,2026-07-01 13:00:00,1782900000,992.0
2026-06-30 14:00:00,2026-07-01 14:00:00,1782903600,986.0
2026-06-30 15:00:00,2026-07-01 15:00:00,1782907200,920.0
2026-06-30 16:00:00,2026-07-01 16:00:00,1782910800,799.0
2026-06-30 17:00:00,2026-07-01 17:00:00,1782914400,636.0
2026-06-30 18:00:00,2026-07-01 18:00:00,1782918000,443.0
2026-06-30 19:00:00,2026-07-01 19:00:00,1782921600,240.0
2026-06-30 20:00:00,2026-07-01 20:00:00,1782925200,64.0
2026-06-30 21:00:00,2026-07-01 21:00:00,1782928800,0.0
2026-06-30 22:00:00,2026-07-01 22:00:00,1782932400,0.0
2026-06-30 23:00:00,2026-07-01 23:00:00,1782936000,0.0
2026-07-01 00:00:00,2026-07-02 00:00:00,1782939600,0.0
2026-07-01 01:00:00,2026-07-02 01:00:00,1782943200,0.0
2026-07-01 02:00:00,2026-07-02 02:00:00,1782946800,0.0
2026-07-01 03:00:00,2026-07-02 03:00:00,1782950400,0.0
2026-07-01 04:00:00,2026-07-02 04:00:00,1782954000,0.0
2026-07-01 05:00:00,2026-07-02 05:00:00,1782957600,0.0
2026-07-01 06:00:00,2026-07-02 06:00:00,1782961200,2.0
2026-07-01 07:00:00,2026-07-02 07:00:00,1782964800,92.0
2026-07-01 08:00:00,2026-07-02 08:00:00,1782968400,275.0
2026-07-01 09:00:00,2026-07-02 09:00:00,1782972000,477.0
2026-07-01 10:00:00,2026-07-02 10:00:00,1782975600,671.0
2026-07-01 11:00:00,2026-07-02 11:00:00,1782979200,826.0
2026-07-01 12:00:00,2026-07-02 12:00:00,1782982800,939.0
2026-07-01 13:00:00,2026-07-02 13:00:00,1782986400,993.0
2026-07-01 14:00:00,2026-07-02 14:00:00,1782990000,983.0
2026-07-01 15:00:00,2026-07-02 15:00:00,1782993600,913.0
2026-07-01 16:00:00,2026-07-02 16:00:00,1782997200,791.0
2026-07-01 17:00:00,2026-07-02 17:00:00,1783000800,628.0
2026-07-01 18:00:00,2026-07-02 18:00:00,1783004400,436.0
2026-07-01 19:00:00,2026-07-02 19:00:00,1783008000,235.0
2026-07-01 20:00:00,2026-07-02 20:00:00,1783011600,60.0
2026-07-01 21:00:00,2026-07-02 21:00:00,1783015200,0.0
2026-07-01 22:00:00,2026-07-02 22:00:00,1783018800,0.0
2026-07-01 23:00:00,2026-07-02 23:00:00,1783022400,0.0
2026-07-02 00:00:00,2026-07-03 00:00:00,1783026000,0.0
2026-07-02 01:00:00,2026-07-03 01:00:00,1783029600,0.0
2026-07-02 02:00:00,2026-07-03 02:00:00,1783033200,0.0
2026-07-02 03:00:00,2026-07-03 03:00:00,1783036800,0.0
2026-07-02 04:00:00,2026-07-03 04:00:00,1783040400,0.0
2026-07-02 05:00:00,2026-07-03 05:00:00,1783044000,0.0
2026-07-02 06:00:00,2026-07-03 06:00:00,1783047600,2.0
2026-07-02 07:00:00,2026-07-03 07:00:00,1783051200,90.0
2026-07-02 08:00:00,2026-07-03 08:00:00,1783054800,272.0
2026-07-02 09:00:00,2026-07-03 09:00:00,1783058400,473.0
2026-07-02 10:00:00,2026-07-03 10:00:00,1783062000,666.0
2026-07-02 11:00:00,2026-07-03 11:00:00,1783065600,826.0
2026-07-02 12:00:00,2026-07-03 12:00:00,1783069200,938.0
2026-07-02 13:00:00,2026-07-03 13:00:00,1783072800,992.0
2026-07-02 14:00:00,2026-07-03 14:00:00,1783076400,984.0
2026-07-02 15:00:00,2026-07-03 15:00:00,1783080000,918.0
2026-07-02 16:00:00,2026-07-03 16:00:00,1783083600,796.0
2026-07-02 17:00:00,2026-07-03 17:00:00,1783087200,631.0
2026-07-02 18:00:00,2026-07-03 18:00:00,1783090800,436.0
2026-07-02 19:00:00,2026-07-03 19:00:00,1783094400,235.0
2026-07-02 20:00:00,2026-07-03 20:00:00,1783098000,62.0
2026-07-02 21:00:00,2026-07-03 21:00:00,1783101600,0.0
2026-07-02 22:00:00,2026-07-03 22:00:00,1783105200,0.0
2026-07-02 23:00:00,2026-07-03 23:00:00,1783108800,0.0
2026-07-03 00:00:00,2026-07-04 00:00:00,1783112400,0.0
2026-07-03 01:00:00,2026-07-04 01:00:00,1783116000,0.0
2026-07-03 02:00:00,2026-07-04 02:00:00,1783119600,0.0
2026-07-03 03:00:00,2026-07-04 03:00:00,1783123200,0.0
2026-07-03 04:00:00,2026-07-04 04:00:00,1783126800,0.0
2026-07-03 05:00:00,2026-07-04 05:00:00,1783130400,0.0
2026-07-03 06:00:00,2026-07-04 06:00:00,1783134000,2.0
2026-07-03 07:00:00,2026-07-04 07:00:00,1783137600,87.0
2026-07-03 08:00:00,2026-07-04 08:00:00,1783141200,268.0
2026-07-03 09:00:00,2026-07-04 09:00:00,1783144800,469.0
2026-07-03 10:00:00,2026-07-04 10:00:00,1783148400,658.0
2026-07-03 11:00:00,2026-07-04 11:00:00,1783152000,810.0
2026-07-03 12:00:00,2026-07-04 12:00:00,1783155600,917.0
2026-07-03 13:00:00,2026-07-04 13:00:00,1783159200,970.0
2026-07-03 14:00:00,2026-07-04 14:00:00,1783162800,960.0
2026-07-03 15:00:00,2026-07-04 15:00:00,1783166400,893.0
2026-07-03 16:00:00,2026-07-04 16:00:00,1783170000,778.0
2026-07-03 17:00:00,2026-07-04 17:00:00,1783173600,618.0
2026-07-03 18:00:00,2026-07-04 18:00:00,1783177200,430.0
2026-07-03 19:00:00,2026-07-04 19:00:00,1783180800,232.0
2026-07-03 20:00:00,2026-07-04 20:00:00,1783184400,61.0
2026-07-03 21:00:00,2026-07-04 21:00:00,1783188000,0.0
2026-07-03 22:00:00,2026-07-04 22:00:00,1783191600,0.0
2026-07-03 23:00:00,2026-07-04 23:00:00,1783195200,0.0
2026-07-04 00:00:00,2026-07-05 00:00:00,1783198800,0.0
2026-07-04 01:00:00,2026-07-05 01:00:00,1783202400,0.0
2026-07-04 02:00:00,2026-07-05 02:00:00,1783206000,0.0
2026-07-04 03:00:00,2026-07-05 03:00:00,1783209600,0.0
2026-07-04 04:00:00,2026-07-05 04:00:00,1783213200,0.0
2026-07-04 05:00:00,2026-07-05 05:00:00,1783216800,0.0
2026-07-04 06:00:00,2026-07-05 06:00:00,1783220400,2.0
2026-07-04 07:00:00,2026-07-05 07:00:00,1783224000,85.0
2026-07-04 08:00:00,2026-07-05 08:00:00,1783227600,264.0
2026-07-04 09:00:00,2026-07-05 09:00:00,1783231200,460.0
2026-07-04 10:00:00,2026-07-05 10:00:00,1783234800,649.0
2026-07-04 11:00:00,2026-07-05 11:00:00,1783238400,802.0
2026-07-04 12:00:00,2026-07-05 12:00:00,1783242000,905.0
2026-07-04 13:00:00,2026-07-05 13:00:00,1783245600,955.0
2026-07-04 14:00:00,2026-07-05 14:00:00,1783249200,950.0
2026-07-04 15:00:00,2026-07-05 15:00:00,1783252800,885.0
2026-07-04 16:00:00,2026-07-05 16:00:00,1783256400,760.0
2026-07-04 17:00:00,2026-07-05 17:00:00,1783260000,612.0
2026-07-04 18:00:00,2026-07-05 18:00:00,1783263600,429.0
2026-07-04 19:00:00,2026-07-05 19:00:00,1783267200,231.0
2026-07-04 20:00:00,2026-07-05 20:00:00,1783270800,58.0
2026-07-04 21:00:00,2026-07-05 21:00:00,1783274400,0.0
2026-07-04 22:00:00,2026-07-05 22:00:00,1783278000,0.0
2026-07-04 23:00:00,2026-07-05 23:00:00,1783281600,0.0
2026-07-05 00:00:00,2026-07-06 00:00:00,1783285200,0.0
2026-07-05 01:00:00,2026-07-06 01:00:00,1783288800,0.0
2026-07-05 02:00:00,2026-07-06 02:00:00,1783292400,0.0
2026-07-05 03:00:00,2026-07-06 03:00:00,1783296000,0.0
2026-07-05 04:00:00,2026-07-06 04:00:00,1783299600,0.0
2026-07-05 05:00:00,2026-07-06 05:00:00,1783303200,0.0
2026-07-05 06:00:00,2026-07-06 06:00:00,1783306800,2.0
2026-07-05 07:00:00,2026-07-06 07:00:00,1783310400,75.0
2026-07-05 08:00:00,2026-07-06 08:00:00,1783314000,251.0
2026-07-05 09:00:00,2026-07-06 09:00:00,1783317600,459.0
2026-07-05 10:00:00,2026-07-06 10:00:00,1783321200,643.0
2026-07-05 11:00:00,2026-07-06 11:00:00,1783324800,768.0
2026-07-05 12:00:00,2026-07-06 12:00:00,1783328400,862.0
2026-07-05 13:00:00,2026-07-06 13:00:00,1783332000,905.0
2026-07-05 14:00:00,2026-07-06 14:00:00,1783335600,887.0
2026-07-05 15:00:00,2026-07-06 15:00:00,1783339200,808.0
2026-07-05 16:00:00,2026-07-06 16:00:00,1783342800,729.0
2026-07-05 17:00:00,2026-07-06 17:00:00,1783346400,602.0
2026-07-05 18:00:00,2026-07-06 18:00:00,1783350000,422.0
2026-07-05 19:00:00,2026-07-06 19:00:00,1783353600,227.0
2026-07-05 20:00:00,2026-07-06 20:00:00,1783357200,59.0
2026-07-05 21:00:00,2026-07-06 21:00:00,1783360800,0.0
2026-07-05 22:00:00,2026-07-06 22:00:00,1783364400,0.0
2026-07-05 23:00:00,2026-07-06 23:00:00,1783368000,0.0
2026-07-06 00:00:00,2026-07-07 00:00:00,1783371600,0.0
2026-07-06 01:00:00,2026-07-07 01:00:00,1783375200,0.0
2026-07-06 02:00:00,2026-07-07 02:00:00,1783378800,0.0
2026-07-06 03:00:00,2026-07-07 03:00:00,1783382400,0.0
2026-07-06 04:00:00,2026-07-07 04:00:00,1783386000,0.0
2026-07-06 05:00:00,2026-07-07 05:00:00,1783389600,0.0
2026-07-06 06:00:00,2026-07-07 06:00:00,1783393200,1.0
2026-07-06 07:00:00,2026-07-07 07:00:00,1783396800,72.0
2026-07-06 08:00:00,2026-07-07 08:00:00,1783400400,238.0
2026-07-06 09:00:00,2026-07-07 09:00:00,1783404000,450.0
2026-07-06 10:00:00,2026-07-07 10:00:00,1783407600,646.0
2026-07-06 11:00:00,2026-07-07 11:00:00,1783411200,801.0
2026-07-06 12:00:00,2026-07-07 12:00:00,1783414800,887.0
2026-07-06 13:00:00,2026-07-07 13:00:00,1783418400,932.0
2026-07-06 14:00:00,2026-07-07 14:00:00,1783422000,904.0
2026-07-06 15:00:00,2026-07-07 15:00:00,1783425600,882.0
2026-07-06 16:00:00,2026-07-07 16:00:00,1783429200,748.0
2026-07-06 17:00:00,2026-07-07 17:00:00,1783432800,620.0
2026-07-06 18:00:00,2026-07-07 18:00:00,1783436400,437.0
2026-07-06 19:00:00,2026-07-07 19:00:00,1783440000,235.0
2026-07-06 20:00:00,2026-07-07 20:00:00,1783443600,61.0
2026-07-06 21:00:00,2026-07-07 21:00:00,1783447200,0.0
2026-07-06 22:00:00,2026-07-07 22:00:00,1783450800,0.0
2026-07-06 23:00:00,2026-07-07 23:00:00,1783454400,0.0
2026-07-07 00:00:00,2026-07-08 00:00:00,1783458000,0.0
2026-07-07 01:00:00,2026-07-08 01:00:00,1783461600,0.0
2026-07-07 02:00:00,2026-07-08 02:00:00,1783465200,0.0
2026-07-07 03:00:00,2026-07-08 03:00:00,1783468800,0.0
2026-07-07 04:00:00,2026-07-08 04:00:00,1783472400,0.0
2026-07-07 05:00:00,2026-07-08 05:00:00,1783476000,0.0
2026-07-07 06:00:00,2026-07-08 06:00:00,1783479600,1.0
2026-07-07 07:00:00,2026-07-08 07:00:00,1783483200,84.0
2026-07-07 08:00:00,2026-07-08 08:00:00,1783486800,266.0
2026-07-07 09:00:00,2026-07-08 09:00:00,1783490400,467.0
2026-07-07 10:00:00,2026-07-08 10:00:00,1783494000,656.0
2026-07-07 11:00:00,2026-07-08 11:00:00,1783497600,809.0
2026-07-07 12:00:00,2026-07-08 12:00:00,1783501200,904.0
2026-07-07 13:00:00,2026-07-08 13:00:00,1783504800,929.0
2026-07-07 14:00:00,2026-07-08 14:00:00,1783508400,954.0
2026-07-07 15:00:00,2026-07-08 15:00:00,1783512000,888.0
2026-07-07 16:00:00,2026-07-08 16:00:00,1783515600,755.0
2026-07-07 17:00:00,2026-07-08 17:00:00,1783519200,597.0
2026-07-07 18:00:00,2026-07-08 18:00:00,1783522800,421.0
2026-07-07 19:00:00,2026-07-08 19:00:00,1783526400,229.0
2026-07-07 20:00:00,2026-07-08 20:00:00,1783530000,60.0
2026-07-07 21:00:00,2026-07-08 21:00:00,1783533600,0.0
2026-07-07 22:00:00,2026-07-08 22:00:00,1783537200,0.0
2026-07-07 23:00:00,2026-07-08 23:00:00,1783540800,0.0
2026-07-08 00:00:00,2026-07-09 00:00:00,1783544400,0.0
2026-07-08 01:00:00,2026-07-09 01:00:00,1783548000,0.0
2026-07-08 02:00:00,2026-07-09 02:00:00,1783551600,0.0
2026-07-08 03:00:00,2026-07-09 03:00:00,1783555200,0.0
2026-07-08 04:00:00,2026-07-09 04:00:00,1783558800,0.0
2026-07-08 05:00:00,2026-07-09 05:00:00,1783562400,0.0
2026-07-08 06:00:00,2026-07-09 06:00:00,1783566000,1.0
2026-07-08 07:00:00,2026-07-09 07:00:00,1783569600,81.0
2026-07-08 08:00:00,2026-07-09 08:00:00,1783573200,260.0
2026-07-08 09:00:00,2026-07-09 09:00:00,1783576800,462.0
2026-07-08 10:00:00,2026-07-09 10:00:00,1783580400,651.0
2026-07-08 11:00:00,2026-07-09 11:00:00,1783584000,803.0
2026-07-08 12:00:00,2026-07-09 12:00:00,1783587600,910.0
2026-07-08 13:00:00,2026-07-09 13:00:00,1783591200,968.0
2026-07-08 14:00:00,2026-07-09 14:00:00,1783594800,965.0
2026-07-08 15:00:00,2026-07-09 15:00:00,1783598400,909.0
2026-07-08 16:00:00,2026-07-09 16:00:00,1783602000,782.0
2026-07-08 17:00:00,2026-07-09 17:00:00,1783605600,627.0
2026-07-08 18:00:00,2026-07-09 18:00:00,1783609200,440.0
2026-07-08 19:00:00,2026-07-09 19:00:00,1783612800,238.0
2026-07-08 20:00:00,2026-07-09 20:00:00,1783616400,61.0
2026-07-08 21:00:00,2026-07-09 21:00:00,1783620000,0.0
2026-07-08 22:00:00,2026-07-09 22:00:00,1783623600,0.0
2026-07-08 23:00:00,2026-07-09 23:00:00,1783627200,0.0
2026-07-09 00:00:00,2026-07-10 00:00:00,1783630800,0.0
2026-07-09 01:00:00,2026-07-10 01:00:00,1783634400,0.0
2026-07-09 02:00:00,2026-07-10 02:00:00,1783638000,0.0
2026-07-09 03:00:00,2026-07-10 03:00:00,1783641600,0.0
2026-07-09 04:00:00,2026-07-10 04:00:00,1783645200,0.0
2026-07-09 05:00:00,2026-07-10 05:00:00,1783648800,0.0
2026-07-09 06:00:00,2026-07-10 06:00:00,1783652400,1.0
2026-07-09 07:00:00,2026-07-10 07:00:00,1783656000,81.0
2026-07-09 08:00:00,2026-07-10 08:00:00,1783659600,262.0
2026-07-09 09:00:00,2026-07-10 09:00:00,1783663200,461.0
2026-07-09 10:00:00,2026-07-10 10:00:00,1783666800,652.0
2026-07-09 11:00:00,2026-07-10 11:00:00,1783670400,810.0
2026-07-09 12:00:00,2026-07-10 12:00:00,1783674000,920.0
2026-07-09 13:00:00,2026-07-10 13:00:00,1783677600,976.0
2026-07-09 14:00:00,2026-07-10 14:00:00,1783681200,968.0
2026-07-09 15:00:00,2026-07-10 15:00:00,1783684800,912.0
2026-07-09 16:00:00,2026-07-10 16:00:00,1783688400,797.0
2026-07-09 17:00:00,2026-07-10 17:00:00,1783692000,632.0
2026-07-09 18:00:00,2026-07-10 18:00:00,1783695600,436.0
2026-07-09 19:00:00,2026-07-10 19:00:00,1783699200,232.0
2026-07-09 20:00:00,2026-07-10 20:00:00,1783702800,58.0
2026-07-09 21:00:00,2026-07-10 21:00:00,1783706400,0.0
2026-07-09 22:00:00,2026-07-10 22:00:00,1783710000,0.0
2026-07-09 23:00:00,2026-07-10 23:00:00,1783713600,0.0
2026-07-10 00:00:00,2026-07-11 00:00:00,1783717200,0.0
2026-07-10 01:00:00,2026-07-11 01:00:00,1783720800,0.0
2026-07-10 02:00:00,2026-07-11 02:00:00,1783724400,0.0
2026-07-10 03:00:00,2026-07-11 03:00:00,1783728000,0.0
2026-07-10 04:00:00,2026-07-11 04:00:00,1783731600,0.0
2026-07-10 05:00:00,2026-07-11 05:00:00,1783735200,0.0
2026-07-10 06:00:00,2026-07-11 06:00:00,1783738800,1.0
2026-07-10 07:00:00,2026-07-11 07:00:00,1783742400,81.0
2026-07-10 08:00:00,2026-07-11 08:00:00,1783746000,263.0
2026-07-10 09:00:00,2026-07-11 09:00:00,1783749600,467.0
2026-07-10 10:00:00,2026-07-11 10:00:00,1783753200,659.0
2026-07-10 11:00:00,2026-07-11 11:00:00,1783756800,816.0
2026-07-10 12:00:00,2026-07-11 12:00:00,1783760400,925.0
2026-07-10 13:00:00,2026-07-11 13:00:00,1783764000,978.0
2026-07-10 14:00:00,2026-07-11 14:00:00,1783767600,964.0
2026-07-10 15:00:00,2026-07-11 15:00:00,1783771200,900.0
2026-07-10 16:00:00,2026-07-11 16:00:00,1783774800,774.0
2026-07-10 17:00:00,2026-07-11 17:00:00,1783778400,612.0
2026-07-10 18:00:00,2026-07-11 18:00:00,1783782000,423.0
2026-07-10 19:00:00,2026-07-11 19:00:00,1783785600,228.0
2026-07-10 20:00:00,2026-07-11 20:00:00,1783789200,59.0
2026-07-10 21:00:00,2026-07-11 21:00:00,1783792800,0.0
2026-07-10 22:00:00,2026-07-11 22:00:00,1783796400,0.0
2026-07-10 23:00:00,2026-07-11 23:00:00,1783800000,0.0
2026-07-11 00:00:00,2026-07-12 00:00:00,1783803600,0.0
2026-07-11 01:00:00,2026-07-12 01:00:00,1783807200,0.0
2026-07-11 02:00:00,2026-07-12 02:00:00,1783810800,0.0
2026-07-11 03:00:00,2026-07-12 03:00:00,1783814400,0.0
2026-07-11 04:00:00,2026-07-12 04:00:00,1783818000,0.0
2026-07-11 05:00:00,2026-07-12 05:00:00,1783821600,0.0
2026-07-11 06:00:00,2026-07-12 06:00:00,1783825200,1.0
2026-07-11 07:00:00,2026-07-12 07:00:00,1783828800,80.0
2026-07-11 08:00:00,2026-07-12 08:00:00,1783832400,262.0
2026-07-11 09:00:00,2026-07-12 09:00:00,1783836000,464.0
2026-07-11 10:00:00,2026-07-12 10:00:00,1783839600,651.0
2026-07-11 11:00:00,2026-07-12 11:00:00,1783843200,806.0
2026-07-11 12:00:00,2026-07-12 12:00:00,1783846800,907.0
2026-07-11 13:00:00,2026-07-12 13:00:00,1783850400,953.0
2026-07-11 14:00:00,2026-07-12 14:00:00,1783854000,941.0
2026-07-11 15:00:00,2026-07-12 15:00:00,1783857600,878.0
2026-07-11 16:00:00,2026-07-12 16:00:00,1783861200,778.0
2026-07-11 17:00:00,2026-07-12 17:00:00,1783864800,620.0
2026-07-11 18:00:00,2026-07-12 18:00:00,1783868400,432.0
2026-07-11 19:00:00,2026-07-12 19:00:00,1783872000,232.0
2026-07-11 20:00:00,2026-07-12 20:00:00,1783875600,59.0
2026-07-11 21:00:00,2026-07-12 21:00:00,1783879200,0.0
2026-07-11 22:00:00,2026-07-12 22:00:00,1783882800,0.0
2026-07-11 23:00:00,2026-07-12 23:00:00,1783886400,0.0
2026-07-12 00:00:00,2026-07-13 00:00:00,1783890000,0.0
2026-07-12 01:00:00,2026-07-13 01:00:00,1783893600,0.0
2026-07-12 02:00:00,2026-07-13 02:00:00,1783897200,0.0
2026-07-12 03:00:00,2026-07-13 03:00:00,1783900800,0.0
2026-07-12 04:00:00,2026-07-13 04:00:00,1783904400,0.0
2026-07-12 05:00:00,2026-07-13 05:00:00,1783908000,0.0
2026-07-12 06:00:00,2026-07-13 06:00:00,1783911600,1.0
2026-07-12 07:00:00,2026-07-13 07:00:00,1783915200,79.0
2026-07-12 08:00:00,2026-07-13 08:00:00,1783918800,260.0
2026-07-12 09:00:00,2026-07-13 09:00:00,1783922400,463.0
2026-07-12 10:00:00,2026-07-13 10:00:00,1783926000,653.0
2026-07-12 11:00:00,2026-07-13 11:00:00,1783929600,810.0
2026-07-12 12:00:00,2026-07-13 12:00:00,1783933200,922.0
2026-07-12 13:00:00,2026-07-13 13:00:00,1783936800,978.0
2026-07-12 14:00:00,2026-07-13 14:00:00,1783940400,973.0
2026-07-12 15:00:00,2026-07-13 15:00:00,1783944000,908.0
2026-07-12 16:00:00,2026-07-13 16:00:00,1783947600,789.0
2026-07-12 17:00:00,2026-07-13 17:00:00,1783951200,626.0
2026-07-12 18:00:00,2026-07-13 18:00:00,1783954800,433.0
2026-07-12 19:00:00,2026-07-13 19:00:00,1783958400,232.0
2026-07-12 20:00:00,2026-07-13 20:00:00,1783962000,59.0
2026-07-12 21:00:00,2026-07-13 21:00:00,1783965600,0.0
2026-07-12 22:00:00,2026-07-13 22:00:00,1783969200,0.0
2026-07-12 23:00:00,2026-07-13 23:00:00,1783972800,0.0
2026-07-13 00:00:00,2026-07-14 00:00:00,1783976400,0.0
2026-07-13 01:00:00,2026-07-14 01:00:00,1783980000,0.0
2026-07-13 02:00:00,2026-07-14 02:00:00,1783983600,0.0
2026-07-13 03:00:00,2026-07-14 03:00:00,1783987200,0.0
2026-07-13 04:00:00,2026-07-14 04:00:00,1783990800,0.0
2026-07-13 05:00:00,2026-07-14 05:00:00,1783994400,0.0
2026-07-13 06:00:00,2026-07-14 06:00:00,1783998000,1.0
2026-07-13 07:00:00,2026-07-14 07:00:00,1784001600,77.0
2026-07-13 08:00:00,2026-07-14 08:00:00,1784005200,258.0
2026-07-13 09:00:00,2026-07-14 09:00:00,1784008800,457.0
2026-07-13 10:00:00,2026-07-14 10:00:00,1784012400,650.0
2026-07-13 11:00:00,2026-07-14 11:00:00,1784016000,809.0
2026-07-13 12:00:00,2026-07-14 12:00:00,1784019600,921.0
2026-07-13 13:00:00,2026-07-14 13:00:00,1784023200,978.0
2026-07-13 14:00:00,2026-07-14 14:00:00,1784026800,976.0
2026-07-13 15:00:00,2026-07-14 15:00:00,1784030400,915.0
2026-07-13 16:00:00,2026-07-14 16:00:00,1784034000,796.0
2026-07-13 17:00:00,2026-07-14 17:00:00,1784037600,633.0
2026-07-13 18:00:00,2026-07-14 18:00:00,1784041200,439.0
2026-07-13 19:00:00,2026-07-14 19:00:00,1784044800,234.0
2026-07-13 20:00:00,2026-07-14 20:00:00,1784048400,58.0
2026-07-13 21:00:00,2026-07-14 21:00:00,1784052000,0.0
2026-07-13 22:00:00,2026-07-14 22:00:00,1784055600,0.0
2026-07-13 23:00:00,2026-07-14 23:00:00,1784059200,0.0
2026-07-14 00:00:00,2026-07-15 00:00:00,1784062800,0.0
2026-07-14 01:00:00,2026-07-15 01:00:00,1784066400,0.0
2026-07-14 02:00:00,2026-07-15 02:00:00,1784070000,0.0
2026-07-14 03:00:00,2026-07-15 03:00:00,1784073600,0.0
2026-07-14 04:00:00,2026-07-15 04:00:00,1784077200,0.0
2026-07-14 05:00:00,2026-07-15 05:00:00,1784080800,0.0
2026-07-14 06:00:00,2026-07-15 06:00:00,1784084400,1.0
2026-07-14 07:00:00,2026-07-15 07:00:00,1784088000,77.0
2026-07-14 08:00:00,2026-07-15 08:00:00,1784091600,259.0
2026-07-14 09:00:00,2026-07-15 09:00:00,1784095200,463.0
2026-07-14 10:00:00,2026-07-15 10:00:00,1784098800,655.0
2026-07-14 11:00:00,2026-07-15 11:00:00,1784102400,812.0
2026-07-14 12:00:00,2026-07-15 12:00:00,1784106000,921.0
2026-07-14 13:00:00,2026-07-15 13:00:00,1784109600,978.0
2026-07-14 14:00:00,2026-07-15 14:00:00,1784113200,970.0
2026-07-14 15:00:00,2026-07-15 15:00:00,1784116800,892.0
2026-07-14 16:00:00,2026-07-15 16:00:00,1784120400,782.0
2026-07-14 17:00:00,2026-07-15 17:00:00,1784124000,619.0
2026-07-14 18:00:00,2026-07-15 18:00:00,1784127600,428.0
2026-07-14 19:00:00,2026-07-15 19:00:00,1784131200,228.0
2026-07-14 20:00:00,2026-07-15 20:00:00,1784134800,56.0
2026-07-14 21:00:00,2026-07-15 21:00:00,1784138400,0.0
2026-07-14 22:00:00,2026-07-15 22:00:00,1784142000,0.0
2026-07-14 23:00:00,2026-07-15 23:00:00,1784145600,0.0
2026-07-15 00:00:00,2026-07-16 00:00:00,1784149200,0.0
2026-07-15 01:00:00,2026-07-16 01:00:00,1784152800,0.0
2026-07-15 02:00:00,2026-07-16 02:00:00,1784156400,0.0
2026-07-15 03:00:00,2026-07-16 03:00:00,1784160000,0.0
2026-07-15 04:00:00,2026-07-16 04:00:00,1784163600,0.0
2026-07-15 05:00:00,2026-07-16 05:00:00,1784167200,0.0
2026-07-15 06:00:00,2026-07-16 06:00:00,1784170800,0.0
2026-07-15 07:00:00,2026-07-16 07:00:00,1784174400,77.0
2026-07-15 08:00:00,2026-07-16 08:00:00,1784178000,261.0
2026-07-15 09:00:00,2026-07-16 09:00:00,1784181600,466.0
2026-07-15 10:00:00,2026-07-16 10:00:00,1784185200,655.0
2026-07-15 11:00:00,2026-07-16 11:00:00,1784188800,811.0
2026-07-15 12:00:00,2026-07-16 12:00:00,1784192400,921.0
2026-07-15 13:00:00,2026-07-16 13:00:00,1784196000,972.0
2026-07-15 14:00:00,2026-07-16 14:00:00,1784199600,945.0
2026-07-15 15:00:00,2026-07-16 15:00:00,1784203200,888.0
2026-07-15 16:00:00,2026-07-16 16:00:00,1784206800,767.0
2026-07-15 17:00:00,2026-07-16 17:00:00,1784210400,610.0
2026-07-15 18:00:00,2026-07-16 18:00:00,1784214000,422.0
2026-07-15 19:00:00,2026-07-16 19:00:00,1784217600,225.0
2026-07-15 20:00:00,2026-07-16 20:00:00,1784221200,55.0
2026-07-15 21:00:00,2026-07-16 21:00:00,1784224800,0.0
2026-07-15 22:00:00,2026-07-16 22:00:00,1784228400,0.0
2026-07-15 23:00:00,2026-07-16 23:00:00,1784232000,0.0
2026-07-16 00:00:00,2026-07-17 00:00:00,1784235600,0.0
2026-07-16 01:00:00,2026-07-17 01:00:00,1784239200,0.0
2026-07-16 02:00:00,2026-07-17 02:00:00,1784242800,0.0
2026-07-16 03:00:00,2026-07-17 03:00:00,1784246400,0.0
2026-07-16 04:00:00,2026-07-17 04:00:00,1784250000,0.0
2026-07-16 05:00:00,2026-07-17 05:00:00,1784253600,0.0
2026-07-16 06:00:00,2026-07-17 06:00:00,1784257200,0.0
2026-07-16 07:00:00,2026-07-17 07:00:00,1784260800,74.0
2026-07-16 08:00:00,2026-07-17 08:00:00,1784264400,255.0
2026-07-16 09:00:00,2026-07-17 09:00:00,1784268000,457.0
2026-07-16 10:00:00,2026-07-17 10:00:00,1784271600,646.0
2026-07-16 11:00:00,2026-07-17 11:00:00,1784275200,805.0
2026-07-16 12:00:00,2026-07-17 12:00:00,1784278800,916.0
2026-07-16 13:00:00,2026-07-17 13:00:00,1784282400,965.0
2026-07-16 14:00:00,2026-07-17 14:00:00,1784286000,948.0
2026-07-16 15:00:00,2026-07-17 15:00:00,1784289600,891.0
2026-07-16 16:00:00,2026-07-17 16:00:00,1784293200,782.0
2026-07-16 17:00:00,2026-07-17 17:00:00,1784296800,618.0
2026-07-16 18:00:00,2026-07-17 18:00:00,1784300400,427.0
2026-07-16 19:00:00,2026-07-17 19:00:00,1784304000,228.0
2026-07-16 20:00:00,2026-07-17 20:00:00,1784307600,55.0
2026-07-16 21:00:00,2026-07-17 21:00:00,1784311200,0.0
2026-07-16 22:00:00,2026-07-17 22:00:00,1784314800,0.0
2026-07-16 23:00:00,2026-07-17 23:00:00,1784318400,0.0
2026-07-17 00:00:00,2026-07-18 00:00:00,1784322000,0.0
2026-07-17 01:00:00,2026-07-18 01:00:00,1784325600,0.0
2026-07-17 02:00:00,2026-07-18 02:00:00,1784329200,0.0
2026-07-17 03:00:00,2026-07-18 03:00:00,1784332800,0.0
2026-07-17 04:00:00,2026-07-18 04:00:00,1784336400,0.0
2026-07-17 05:00:00,2026-07-18 05:00:00,1784340000,0.0
2026-07-17 06:00:00,2026-07-18 06:00:00,1784343600,0.0
2026-07-17 07:00:00,2026-07-18 07:00:00,1784347200,73.0
2026-07-17 08:00:00,2026-07-18 08:00:00,1784350800,254.0
2026-07-17 09:00:00,2026-07-18 09:00:00,1784354400,455.0
2026-07-17 10:00:00,2026-07-18 10:00:00,1784358000,645.0
2026-07-17 11:00:00,2026-07-18 11:00:00,1784361600,800.0
2026-07-17 12:00:00,2026-07-18 12:00:00,1784365200,910.0
2026-07-17 13:00:00,2026-07-18 13:00:00,1784368800,938.0
2026-07-17 14:00:00,2026-07-18 14:00:00,1784372400,937.0
2026-07-17 15:00:00,2026-07-18 15:00:00,1784376000,875.0
2026-07-17 16:00:00,2026-07-18 16:00:00,1784379600,766.0
2026-07-17 17:00:00,2026-07-18 17:00:00,1784383200,616.0
2026-07-17 18:00:00,2026-07-18 18:00:00,1784386800,428.0
2026-07-17 19:00:00,2026-07-18 19:00:00,1784390400,225.0
2026-07-17 20:00:00,2026-07-18 20:00:00,1784394000,54.0
2026-07-17 21:00:00,2026-07-18 21:00:00,1784397600,0.0
2026-07-17 22:00:00,2026-07-18 22:00:00,1784401200,0.0
2026-07-17 23:00:00,2026-07-18 23:00:00,1784404800,0.0
2026-07-18 00:00:00,2026-07-19 00:00:00,1784408400,0.0
2026-07-18 01:00:00,2026-07-19 01:00:00,1784412000,0.0
2026-07-18 02:00:00,2026-07-19 02:00:00,1784415600,0.0
2026-07-18 03:00:00,2026-07-19 03:00:00,1784419200,0.0
2026-07-18 04:00:00,2026-07-19 04:00:00,1784422800,0.0
2026-07-18 05:00:00,2026-07-19 05:00:00,1784426400,0.0
2026-07-18 06:00:00,2026-07-19 06:00:00,1784430000,0.0
2026-07-18 07:00:00,2026-07-19 07:00:00,1784433600,70.0
2026-07-18 08:00:00,2026-07-19 08:00:00,1784437200,251.0
2026-07-18 09:00:00,2026-07-19 09:00:00,1784440800,454.0
2026-07-18 10:00:00,2026-07-19 10:00:00,1784444400,644.0
2026-07-18 11:00:00,2026-07-19 11:00:00,1784448000,799.0
2026-07-18 12:00:00,2026-07-19 12:00:00,1784451600,909.0
2026-07-18 13:00:00,2026-07-19 13:00:00,1784455200,947.0
2026-07-18 14:00:00,2026-07-19 14:00:00,1784458800,943.0
2026-07-18 15:00:00,2026-07-19 15:00:00,1784462400,876.0
2026-07-18 16:00:00,2026-07-19 16:00:00,1784466000,772.0
2026-07-18 17:00:00,2026-07-19 17:00:00,1784469600,607.0
2026-07-18 18:00:00,2026-07-19 18:00:00,1784473200,412.0
2026-07-18 19:00:00,2026-07-19 19:00:00,1784476800,221.0
2026-07-18 20:00:00,2026-07-19 20:00:00,1784480400,53.0
2026-07-18 21:00:00,2026-07-19 21:00:00,1784484000,0.0
2026-07-18 22:00:00,2026-07-19 22:00:00,1784487600,0.0
2026-07-18 23:00:00,2026-07-19 23:00:00,1784491200,0.0
2026-07-19 00:00:00,2026-07-20 00:00:00,1784494800,0.0
2026-07-19 01:00:00,2026-07-20 01:00:00,1784498400,0.0
2026-07-19 02:00:00,2026-07-20 02:00:00,1784502000,0.0
2026-07-19 03:00:00,2026-07-20 03:00:00,1784505600,0.0
2026-07-19 04:00:00,2026-07-20 04:00:00,1784509200,0.0
2026-07-19 05:00:00,2026-07-20 05:00:00,1784512800,0.0
2026-07-19 06:00:00,2026-07-20 06:00:00,1784516400,0.0
2026-07-19 07:00:00,2026-07-20 07:00:00,1784520000,69.0
2026-07-19 08:00:00,2026-07-20 08:00:00,1784523600,249.0
2026-07-19 09:00:00,2026-07-20 09:00:00,1784527200,453.0
2026-07-19 10:00:00,2026-07-20 10:00:00,1784530800,644.0
2026-07-19 11:00:00,2026-07-20 11:00:00,1784534400,803.0
2026-07-19 12:00:00,2026-07-20 12:00:00,1784538000,914.0
2026-07-19 13:00:00,2026-07-20 13:00:00,1784541600,968.0
2026-07-19 14:00:00,2026-07-20 14:00:00,1784545200,952.0
2026-07-19 15:00:00,2026-07-20 15:00:00,1784548800,895.0
2026-07-19 16:00:00,2026-07-20 16:00:00,1784552400,777.0
2026-07-19 17:00:00,2026-07-20 17:00:00,1784556000,614.0
2026-07-19 18:00:00,2026-07-20 18:00:00,1784559600,426.0
2026-07-19 19:00:00,2026-07-20 19:00:00,1784563200,223.0
2026-07-19 20:00:00,2026-07-20 20:00:00,1784566800,52.0
2026-07-19 21:00:00,2026-07-20 21:00:00,1784570400,0.0
2026-07-19 22:00:00,2026-07-20 22:00:00,1784574000,0.0
2026-07-19 23:00:00,2026-07-20 23:00:00,1784577600,0.0
2026-07-20 00:00:00,2026-07-21 00:00:00,1784581200,0.0
2026-07-20 01:00:00,2026-07-21 01:00:00,1784584800,0.0
2026-07-20 02:00:00,2026-07-21 02:00:00,1784588400,0.0
2026-07-20 03:00:00,2026-07-21 03:00:00,1784592000,0.0
2026-07-20 04:00:00,2026-07-21 04:00:00,1784595600,0.0
2026-07-20 05:00:00,2026-07-21 05:00:00,1784599200,0.0
2026-07-20 06:00:00,2026-07-21 06:00:00,1784602800,0.0
2026-07-20 07:00:00,2026-07-21 07:00:00,1784606400,66.0
2026-07-20 08:00:00,2026-07-21 08:00:00,1784610000,245.0
2026-07-20 09:00:00,2026-07-21 09:00:00,1784613600,449.0
2026-07-20 10:00:00,2026-07-21 10:00:00,1784617200,638.0
2026-07-20 11:00:00,2026-07-21 11:00:00,1784620800,795.0
2026-07-20 12:00:00,2026-07-21 12:00:00,1784624400,906.0
2026-07-20 13:00:00,2026-07-21 13:00:00,1784628000,958.0
2026-07-20 14:00:00,2026-07-21 14:00:00,1784631600,944.0
2026-07-20 15:00:00,2026-07-21 15:00:00,1784635200,880.0
2026-07-20 16:00:00,2026-07-21 16:00:00,1784638800,764.0
2026-07-20 17:00:00,2026-07-21 17:00:00,1784642400,602.0
2026-07-20 18:00:00,2026-07-21 18:00:00,1784646000,414.0
2026-07-20 19:00:00,2026-07-21 19:00:00,1784649600,218.0
2026-07-20 20:00:00,2026-07-21 20:00:00,1784653200,50.0
2026-07-20 21:00:00,2026-07-21 21:00:00,1784656800,0.0
2026-07-20 22:00:00,2026-07-21 22:00:00,1784660400,0.0
2026-07-20 23:00:00,2026-07-21 23:00:00,1784664000,0.0
2026-07-21 00:00:00,2026-07-22 00:00:00,1784667600,0.0
2026-07-21 01:00:00,2026-07-22 01:00:00,1784671200,0.0
2026-07-21 02:00:00,2026-07-22 02:00:00,1784674800,0.0
2026-07-21 03:00:00,2026-07-22 03:00:00,1784678400,0.0
2026-07-21 04:00:00,2026-07-22 04:00:00,1784682000,0.0
2026-07-21 05:00:00,2026-07-22 05:00:00,1784685600,0.0
2026-07-21 06:00:00,2026-07-22 06:00:00,1784689200,0.0
2026-07-21 07:00:00,2026-07-22 07:00:00,1784692800,67.0
2026-07-21 08:00:00,2026-07-22 08:00:00,1784696400,246.0
2026-07-21 09:00:00,2026-07-22 09:00:00,1784700000,451.0
2026-07-21 10:00:00,2026-07-22 10:00:00,1784703600,643.0
2026-07-21 11:00:00,2026-07-22 11:00:00,1784707200,802.0
2026-07-21 12:00:00,2026-07-22 12:00:00,1784710800,913.0
2026-07-21 13:00:00,2026-07-22 13:00:00,1784714400,971.0
2026-07-21 14:00:00,2026-07-22 14:00:00,1784718000,967.0
2026-07-21 15:00:00,2026-07-22 15:00:00,1784721600,903.0
2026-07-21 16:00:00,2026-07-22 16:00:00,1784725200,782.0
2026-07-21 17:00:00,2026-07-22 17:00:00,1784728800,621.0
2026-07-21 18:00:00,2026-07-22 18:00:00,1784732400,429.0
2026-07-21 19:00:00,2026-07-22 19:00:00,1784736000,225.0
2026-07-21 20:00:00,2026-07-22 20:00:00,1784739600,51.0
2026-07-21 21:00:00,2026-07-22 21:00:00,1784743200,0.0
2026-07-21 22:00:00,2026-07-22 22:00:00,1784746800,0.0
2026-07-21 23:00:00,2026-07-22 23:00:00,1784750400,0.0
2026-07-22 00:00:00,2026-07-23 00:00:00,1784754000,0.0
2026-07-22 01:00:00,2026-07-23 01:00:00,1784757600,0.0
2026-07-22 02:00:00,2026-07-23 02:00:00,1784761200,0.0
2026-07-22 03:00:00,2026-07-23 03:00:00,1784764800,0.0
2026-07-22 04:00:00,2026-07-23 04:00:00,1784768400,0.0
2026-07-22 05:00:00,2026-07-23 05:00:00,1784772000,0.0
2026-07-22 06:00:00,2026-07-23 06:00:00,1784775600,0.0
2026-07-22 07:00:00,2026-07-23 07:00:00,1784779200,66.0
2026-07-22 08:00:00,2026-07-23 08:00:00,1784782800,249.0
2026-07-22 09:00:00,2026-07-23 09:00:00,1784786400,456.0
2026-07-22 10:00:00,2026-07-23 10:00:00,1784790000,648.0
2026-07-22 11:00:00,2026-07-23 11:00:00,1784793600,805.0
2026-07-22 12:00:00,2026-07-23 12:00:00,1784797200,917.0
2026-07-22 13:00:00,2026-07-23 13:00:00,1784800800,974.0
2026-07-22 14:00:00,2026-07-23 14:00:00,1784804400,970.0
2026-07-22 15:00:00,2026-07-23 15:00:00,1784808000,907.0
2026-07-22 16:00:00,2026-07-23 16:00:00,1784811600,786.0
2026-07-22 17:00:00,2026-07-23 17:00:00,1784815200,621.0
2026-07-22 18:00:00,2026-07-23 18:00:00,1784818800,428.0
2026-07-22 19:00:00,2026-07-23 19:00:00,1784822400,223.0
2026-07-22 20:00:00,2026-07-23 20:00:00,1784826000,49.0
2026-07-22 21:00:00,2026-07-23 21:00:00,1784829600,0.0
2026-07-22 22:00:00,2026-07-23 22:00:00,1784833200,0.0
2026-07-22 23:00:00,2026-07-23 23:00:00,1784836800,0.0
2026-07-23 00:00:00,2026-07-24 00:00:00,1784840400,0.0
2026-07-23 01:00:00,2026-07-24 01:00:00,1784844000,0.0
2026-07-23 02:00:00,2026-07-24 02:00:00,1784847600,0.0
2026-07-23 03:00:00,2026-07-24 03:00:00,1784851200,0.0
2026-07-23 04:00:00,2026-07-24 04:00:00,1784854800,0.0
2026-07-23 05:00:00,2026-07-24 05:00:00,1784858400,0.0
2026-07-23 06:00:00,2026-07-24 06:00:00,1784862000,0.0
2026-07-23 07:00:00,2026-07-24 07:00:00,1784865600,61.0
2026-07-23 08:00:00,2026-07-24 08:00:00,1784869200,229.0
2026-07-23 09:00:00,2026-07-24 09:00:00,1784872800,412.0
2026-07-23 10:00:00,2026-07-24 10:00:00,1784876400,577.0
2026-07-23 11:00:00,2026-07-24 11:00:00,1784880000,759.0
2026-07-23 12:00:00,2026-07-24 12:00:00,1784883600,884.0
2026-07-23 13:00:00,2026-07-24 13:00:00,1784887200,942.0
2026-07-23 14:00:00,2026-07-24 14:00:00,1784890800,946.0
2026-07-23 15:00:00,2026-07-24 15:00:00,1784894400,871.0
2026-07-23 16:00:00,2026-07-24 16:00:00,1784898000,763.0
2026-07-23 17:00:00,2026-07-24 17:00:00,1784901600,585.0
2026-07-23 18:00:00,2026-07-24 18:00:00,1784905200,393.0
2026-07-23 19:00:00,2026-07-24 19:00:00,1784908800,206.0
2026-07-23 20:00:00,2026-07-24 20:00:00,1784912400,44.0
2026-07-23 21:00:00,2026-07-24 21:00:00,1784916000,0.0
2026-07-23 22:00:00,2026-07-24 22:00:00,1784919600,0.0
2026-07-23 23:00:00,2026-07-24 23:00:00,1784923200,0.0
2026-07-24 00:00:00,2026-07-25 00:00:00,1784926800,0.0
2026-07-24 01:00:00,2026-07-25 01:00:00,1784930400,0.0
2026-07-24 02:00:00,2026-07-25 02:00:00,1784934000,0.0
2026-07-24 03:00:00,2026-07-25 03:00:00,1784937600,0.0
2026-07-24 04:00:00,2026-07-25 04:00:00,1784941200,0.0
2026-07-24 05:00:00,2026-07-25 05:00:00,1784944800,0.0
2026-07-24 06:00:00,2026-07-25 06:00:00,1784948400,0.0
2026-07-24 07:00:00,2026-07-25 07:00:00,1784952000,60.0
2026-07-24 08:00:00,2026-07-25 08:00:00,1784955600,235.0
2026-07-24 09:00:00,2026-07-25 09:00:00,1784959200,435.0
2026-07-24 10:00:00,2026-07-25 10:00:00,1784962800,617.0
2026-07-24 11:00:00,2026-07-25 11:00:00,1784966400,768.0
2026-07-24 12:00:00,2026-07-25 12:00:00,1784970000,852.0
2026-07-24 13:00:00,2026-07-25 13:00:00,1784973600,912.0
2026-07-24 14:00:00,2026-07-25 14:00:00,1784977200,918.0
2026-07-24 15:00:00,2026-07-25 15:00:00,1784980800,860.0
2026-07-24 16:00:00,2026-07-25 16:00:00,1784984400,739.0
2026-07-24 17:00:00,2026-07-25 17:00:00,1784988000,552.0
2026-07-24 18:00:00,2026-07-25 18:00:00,1784991600,402.0
2026-07-24 19:00:00,2026-07-25 19:00:00,1784995200,214.0
2026-07-24 20:00:00,2026-07-25 20:00:00,1784998800,45.0
2026-07-24 21:00:00,2026-07-25 21:00:00,1785002400,0.0
2026-07-24 22:00:00,2026-07-25 22:00:00,1785006000,0.0
2026-07-24 23:00:00,2026-07-25 23:00:00,1785009600,0.0
2026-07-25 00:00:00,2026-07-26 00:00:00,1785013200,0.0
2026-07-25 01:00:00,2026-07-26 01:00:00,1785016800,0.0
2026-07-25 02:00:00,2026-07-26 02:00:00,1785020400,0.0
2026-07-25 03:00:00,2026-07-26 03:00:00,1785024000,0.0
2026-07-25 04:00:00,2026-07-26 04:00:00,1785027600,0.0
2026-07-25 05:00:00,2026-07-26 05:00:00,1785031200,0.0
2026-07-25 06:00:00,2026-07-26 06:00:00,1785034800,0.0
2026-07-25 07:00:00,2026-07-26 07:00:00,1785038400,57.0
2026-07-25 08:00:00,2026-07-26 08:00:00,1785042000,232.0
2026-07-25 09:00:00,2026-07-26 09:00:00,1785045600,437.0
2026-07-25 10:00:00,2026-07-26 10:00:00,1785049200,629.0
2026-07-25 11:00:00,2026-07-26 11:00:00,1785052800,784.0
2026-07-25 12:00:00,2026-07-26 12:00:00,1785056400,852.0
2026-07-25 13:00:00,2026-07-26 13:00:00,1785060000,902.0
2026-07-25 14:00:00,2026-07-26 14:00:00,1785063600,910.0
2026-07-25 15:00:00,2026-07-26 15:00:00,1785067200,861.0
2026-07-25 16:00:00,2026-07-26 16:00:00,1785070800,766.0
2026-07-25 17:00:00,2026-07-26 17:00:00,1785074400,609.0
2026-07-25 18:00:00,2026-07-26 18:00:00,1785078000,418.0
2026-07-25 19:00:00,2026-07-26 19:00:00,1785081600,216.0
2026-07-25 20:00:00,2026-07-26 20:00:00,1785085200,45.0
2026-07-25 21:00:00,2026-07-26 21:00:00,1785088800,0.0
2026-07-25 22:00:00,2026-07-26 22:00:00,1785092400,0.0
2026-07-25 23:00:00,2026-07-26 23:00:00,1785096000,0.0
2026-07-26 00:00:00,2026-07-27 00:00:00,1785099600,0.0
2026-07-26 01:00:00,2026-07-27 01:00:00,1785103200,0.0
2026-07-26 02:00:00,2026-07-27 02:00:00,1785106800,0.0
2026-07-26 03:00:00,2026-07-27 03:00:00,1785110400,0.0
2026-07-26 04:00:00,2026-07-27 04:00:00,1785114000,0.0
2026-07-26 05:00:00,2026-07-27 05:00:00,1785117600,0.0
2026-07-26 06:00:00,2026-07-27 06:00:00,1785121200,0.0
2026-07-26 07:00:00,2026-07-27 07:00:00,1785124800,59.0
2026-07-26 08:00:00,2026-07-27 08:00:00,1785128400,239.0
2026-07-26 09:00:00,2026-07-27 09:00:00,1785132000,446.0
2026-07-26 10:00:00,2026-07-27 10:00:00,1785135600,640.0
2026-07-26 11:00:00,2026-07-27 11:00:00,1785139200,803.0
2026-07-26 12:00:00,2026-07-27 12:00:00,1785142800,918.0
2026-07-26 13:00:00,2026-07-27 13:00:00,1785146400,977.0
2026-07-26 14:00:00,2026-07-27 14:00:00,1785150000,975.0
2026-07-26 15:00:00,2026-07-27 15:00:00,1785153600,912.0
2026-07-26 16:00:00,2026-07-27 16:00:00,1785157200,790.0
2026-07-26 17:00:00,2026-07-27 17:00:00,1785160800,623.0
2026-07-26 18:00:00,2026-07-27 18:00:00,1785164400,426.0
2026-07-26 19:00:00,2026-07-27 19:00:00,1785168000,219.0
2026-07-26 20:00:00,2026-07-27 20:00:00,1785171600,45.0
2026-07-26 21:00:00,2026-07-27 21:00:00,1785175200,0.0
2026-07-26 22:00:00,2026-07-27 22:00:00,1785178800,0.0
2026-07-26 23:00:00,2026-07-27 23:00:00,1785182400,0.0
2026-07-27 00:00:00,2026-07-28 00:00:00,1785186000,0.0
2026-07-27 01:00:00,2026-07-28 01:00:00,1785189600,0.0
2026-07-27 02:00:00,2026-07-28 02:00:00,1785193200,0.0
2026-07-27 03:00:00,2026-07-28 03:00:00,1785196800,0.0
2026-07-27 04:00:00,2026-07-28 04:00:00,1785200400,0.0
2026-07-27 05:00:00,2026-07-28 05:00:00,1785204000,0.0
2026-07-27 06:00:00,2026-07-28 06:00:00,1785207600,0.0
2026-07-27 07:00:00,2026-07-28 07:00:00,1785211200,59.0
2026-07-27 08:00:00,2026-07-28 08:00:00,1785214800,240.0
2026-07-27 09:00:00,2026-07-28 09:00:00,1785218400,449.0
2026-07-27 10:00:00,2026-07-28 10:00:00,1785222000,643.0
2026-07-27 11:00:00,2026-07-28 11:00:00,1785225600,805.0
2026-07-27 12:00:00,2026-07-28 12:00:00,1785229200,920.0
2026-07-27 13:00:00,2026-07-28 13:00:00,1785232800,976.0
2026-07-27 14:00:00,2026-07-28 14:00:00,1785236400,970.0
2026-07-27 15:00:00,2026-07-28 15:00:00,1785240000,906.0
2026-07-27 16:00:00,2026-07-28 16:00:00,1785243600,786.0
2026-07-27 17:00:00,2026-07-28 17:00:00,1785247200,619.0
2026-07-27 18:00:00,2026-07-28 18:00:00,1785250800,421.0
2026-07-27 19:00:00,2026-07-28 19:00:00,1785254400,214.0
2026-07-27 20:00:00,2026-07-28 20:00:00,1785258000,43.0
2026-07-27 21:00:00,2026-07-28 21:00:00,1785261600,0.0
2026-07-27 22:00:00,2026-07-28 22:00:00,1785265200,0.0
2026-07-27 23:00:00,2026-07-28 23:00:00,1785268800,0.0
2026-07-28 00:00:00,2026-07-29 00:00:00,1785272400,0.0
2026-07-28 01:00:00,2026-07-29 01:00:00,1785276000,0.0
2026-07-28 02:00:00,2026-07-29 02:00:00,1785279600,0.0
2026-07-28 03:00:00,2026-07-29 03:00:00,1785283200,0.0
2026-07-28 04:00:00,2026-07-29 04:00:00,1785286800,0.0
2026-07-28 05:00:00,2026-07-29 05:00:00,1785290400,0.0
2026-07-28 06:00:00,2026-07-29 06:00:00,1785294000,0.0
2026-07-28 07:00:00,2026-07-29 07:00:00,1785297600,57.0
2026-07-28 08:00:00,2026-07-29 08:00:00,1785301200,236.0
2026-07-28 09:00:00,2026-07-29 09:00:00,1785304800,444.0
2026-07-28 10:00:00,2026-07-29 10:00:00,1785308400,640.0
2026-07-28 11:00:00,2026-07-29 11:00:00,1785312000,802.0
2026-07-28 12:00:00,2026-07-29 12:00:00,1785315600,914.0
2026-07-28 13:00:00,2026-07-29 13:00:00,1785319200,968.0
2026-07-28 14:00:00,2026-07-29 14:00:00,1785322800,965.0
2026-07-28 15:00:00,2026-07-29 15:00:00,1785326400,899.0
2026-07-28 16:00:00,2026-07-29 16:00:00,1785330000,775.0
2026-07-28 17:00:00,2026-07-29 17:00:00,1785333600,609.0
2026-07-28 18:00:00,2026-07-29 18:00:00,1785337200,414.0
2026-07-28 19:00:00,2026-07-29 19:00:00,1785340800,210.0
2026-07-28 20:00:00,2026-07-29 20:00:00,1785344400,41.0
2026-07-28 21:00:00,2026-07-29 21:00:00,1785348000,0.0
2026-07-28 22:00:00,2026-07-29 22:00:00,1785351600,0.0
2026-07-28 23:00:00,2026-07-29 23:00:00,1785355200,0.0
2026-07-29 00:00:00,2026-07-30 00:00:00,1785358800,0.0
2026-07-29 01:00:00,2026-07-30 01:00:00,1785362400,0.0
2026-07-29 02:00:00,2026-07-30 02:00:00,1785366000,0.0
2026-07-29 03:00:00,2026-07-30 03:00:00,1785369600,0.0
2026-07-29 04:00:00,2026-07-30 04:00:00,1785373200,0.0
2026-07-29 05:00:00,2026-07-30 05:00:00,1785376800,0.0
2026-07-29 06:00:00,2026-07-30 06:00:00,1785380400,0.0
2026-07-29 07:00:00,2026-07-30 07:00:00,1785384000,56.0
2026-07-29 08:00:00,2026-07-30 08:00:00,1785387600,235.0
2026-07-29 09:00:00,2026-07-30 09:00:00,1785391200,443.0
2026-07-29 10:00:00,2026-07-30 10:00:00,1785394800,638.0
2026-07-29 11:00:00,2026-07-30 11:00:00,1785398400,800.0
2026-07-29 12:00:00,2026-07-30 12:00:00,1785402000,914.0
2026-07-29 13:00:00,2026-07-30 13:00:00,1785405600,969.0
2026-07-29 14:00:00,2026-07-30 14:00:00,1785409200,964.0
2026-07-29 15:00:00,2026-07-30 15:00:00,1785412800,897.0
2026-07-29 16:00:00,2026-07-30 16:00:00,1785416400,775.0
2026-07-29 17:00:00,2026-07-30 17:00:00,1785420000,608.0
2026-07-29 18:00:00,2026-07-30 18:00:00,1785423600,412.0
2026-07-29 19:00:00,2026-07-30 19:00:00,1785427200,207.0
2026-07-29 20:00:00,2026-07-30 20:00:00,1785430800,40.0
2026-07-29 21:00:00,2026-07-30 21:00:00,1785434400,0.0
2026-07-29 22:00:00,2026-07-30 22:00:00,1785438000,0.0
2026-07-29 23:00:00,2026-07-30 23:00:00,1785441600,0.0
2026-07-30 00:00:00,2026-07-31 00:00:00,1785445200,0.0
2026-07-30 01:00:00,2026-07-31 01:00:00,1785448800,0.0
2026-07-30 02:00:00,2026-07-31 02:00:00,1785452400,0.0
2026-07-30 03:00:00,2026-07-31 03:00:00,1785456000,0.0
2026-07-30 04:00:00,2026-07-31 04:00:00,1785459600,0.0
2026-07-30 05:00:00,2026-07-31 05:00:00,1785463200,0.0
2026-07-30 06:00:00,2026-07-31 06:00:00,1785466800,0.0
2026-07-30 07:00:00,2026-07-31 07:00:00,1785470400,54.0
2026-07-30 08:00:00,2026-07-31 08:00:00,1785474000,234.0
2026-07-30 09:00:00,2026-07-31 09:00:00,1785477600,443.0
2026-07-30 10:00:00,2026-07-31 10:00:00,1785481200,639.0
2026-07-30 11:00:00,2026-07-31 11:00:00,1785484800,801.0
2026-07-30 12:00:00,2026-07-31 12:00:00,1785488400,914.0
2026-07-30 13:00:00,2026-07-31 13:00:00,1785492000,972.0
2026-07-30 14:00:00,2026-07-31 14:00:00,1785495600,967.0
2026-07-30 15:00:00,2026-07-31 15:00:00,1785499200,899.0
2026-07-30 16:00:00,2026-07-31 16:00:00,1785502800,777.0
2026-07-30 17:00:00,2026-07-31 17:00:00,1785506400,609.0
2026-07-30 18:00:00,2026-07-31 18:00:00,1785510000,412.0
2026-07-30 19:00:00,2026-07-31 19:00:00,1785513600,206.0
2026-07-30 20:00:00,2026-07-31 20:00:00,1785517200,38.0
2026-07-30 21:00:00,2026-07-31 21:00:00,1785520800,0.0
2026-07-30 22:00:00,2026-07-31 22:00:00,1785524400,0.0
2026-07-30 23:00:00,2026-07-31 23:00:00,1785528000,0.0
2026-07-31 00:00:00,2026-08-01 00:00:00,1785531600,0.0
2026-07-31 01:00:00,2026-08-01 01:00:00,1785535200,0.0
2026-07-31 02:00:00,2026-08-01 02:00:00,1785538800,0.0
2026-07-31 03:00:00,2026-08-01 03:00:00,1785542400,0.0
2026-07-31 04:00:00,2026-08-01 04:00:00,1785546000,0.0
2026-07-31 05:00:00,2026-08-01 05:00:00,1785549600,0.0
2026-07-31 06:00:00,2026-08-01 06:00:00,1785553200,0.0
2026-07-31 07:00:00,2026-08-01 07:00:00,1785556800,52.0
2026-07-31 08:00:00,2026-08-01 08:00:00,1785560400,229.0
2026-07-31 09:00:00,2026-08-01 09:00:00,1785564000,437.0
2026-07-31 10:00:00,2026-08-01 10:00:00,1785567600,633.0
2026-07-31 11:00:00,2026-08-01 11:00:00,1785571200,795.0
2026-07-31 12:00:00,2026-08-01 12:00:00,1785574800,911.0
2026-07-31 13:00:00,2026-08-01 13:00:00,1785578400,971.0
2026-07-31 14:00:00,2026-08-01 14:00:00,1785582000,970.0
2026-07-31 15:00:00,2026-08-01 15:00:00,1785585600,907.0
2026-07-31 16:00:00,2026-08-01 16:00:00,1785589200,785.0
2026-07-31 17:00:00,2026-08-01 17:00:00,1785592800,617.0
2026-07-31 18:00:00,2026-08-01 18:00:00,1785596400,416.0
2026-07-31 19:00:00,2026-08-01 19:00:00,1785600000,206.0
2026-07-31 20:00:00,2026-08-01 20:00:00,1785603600,38.0
2026-07-31 21:00:00,2026-08-01 21:00:00,1785607200,0.0
2026-07-31 22:00:00,2026-08-01 22:00:00,1785610800,0.0
2026-07-31 23:00:00,2026-08-01 23:00:00,1785614400,0.0
2026-08-01 00:00:00,2026-08-02 00:00:00,1785618000,0.0
2026-08-01 01:00:00,2026-08-02 01:00:00,1785621600,0.0
2026-08-01 02:00:00,2026-08-02 02:00:00,1785625200,0.0
2026-08-01 03:00:00,2026-08-02 03:00:00,1785628800,0.0
2026-08-01 04:00:00,2026-08-02 04:00:00,1785632400,0.0
2026-08-01 05:00:00,2026-08-02 05:00:00,1785636000,0.0
2026-08-01 06:00:00,2026-08-02 06:00:00,1785639600,0.0
2026-08-01 07:00:00,2026-08-02 07:00:00,1785643200,52.0
2026-08-01 08:00:00,2026-08-02 08:00:00,1785646800,234.0
2026-08-01 09:00:00,2026-08-02 09:00:00,1785650400,445.0
2026-08-01 10:00:00,2026-08-02 10:00:00,1785654000,642.0
2026-08-01 11:00:00,2026-08-02 11:00:00,1785657600,806.0
2026-08-01 12:00:00,2026-08-02 12:00:00,1785661200,922.0
2026-08-01 13:00:00,2026-08-02 13:00:00,1785664800,980.0
2026-08-01 14:00:00,2026-08-02 14:00:00,1785668400,974.0
2026-08-01 15:00:00,2026-08-02 15:00:00,1785672000,906.0
2026-08-01 16:00:00,2026-08-02 16:00:00,1785675600,786.0
2026-08-01 17:00:00,2026-08-02 17:00:00,1785679200,619.0
2026-08-01 18:00:00,2026-08-02 18:00:00,1785682800,418.0
2026-08-01 19:00:00,2026-08-02 19:00:00,1785686400,207.0
2026-08-01 20:00:00,2026-08-02 20:00:00,1785690000,37.0
2026-08-01 21:00:00,2026-08-02 21:00:00,1785693600,0.0
2026-08-01 22:00:00,2026-08-02 22:00:00,1785697200,0.0
2026-08-01 23:00:00,2026-08-02 23:00:00,1785700800,0.0
2026-08-02 00:00:00,2026-08-03 00:00:00,1785704400,0.0
2026-08-02 01:00:00,2026-08-03 01:00:00,1785708000,0.0
2026-08-02 02:00:00,2026-08-03 02:00:00,1785711600,0.0
2026-08-02 03:00:00,2026-08-03 03:00:00,1785715200,0.0
2026-08-02 04:00:00,2026-08-03 04:00:00,1785718800,0.0
2026-08-02 05:00:00,2026-08-03 05:00:00,1785722400,0.0
2026-08-02 06:00:00,2026-08-03 06:00:00,1785726000,0.0
2026-08-02 07:00:00,2026-08-03 07:00:00,1785729600,50.0
2026-08-02 08:00:00,2026-08-03 08:00:00,1785733200,231.0
2026-08-02 09:00:00,2026-08-03 09:00:00,1785736800,442.0
2026-08-02 10:00:00,2026-08-03 10:00:00,1785740400,640.0
2026-08-02 11:00:00,2026-08-03 11:00:00,1785744000,803.0
2026-08-02 12:00:00,2026-08-03 12:00:00,1785747600,921.0
2026-08-02 13:00:00,2026-08-03 13:00:00,1785751200,978.0
2026-08-02 14:00:00,2026-08-03 14:00:00,1785754800,970.0
2026-08-02 15:00:00,2026-08-03 15:00:00,1785758400,901.0
2026-08-02 16:00:00,2026-08-03 16:00:00,1785762000,775.0
2026-08-02 17:00:00,2026-08-03 17:00:00,1785765600,606.0
2026-08-02 18:00:00,2026-08-03 18:00:00,1785769200,405.0
2026-08-02 19:00:00,2026-08-03 19:00:00,1785772800,198.0
2026-08-02 20:00:00,2026-08-03 20:00:00,1785776400,34.0
2026-08-02 21:00:00,2026-08-03 21:00:00,1785780000,0.0
2026-08-02 22:00:00,2026-08-03 22:00:00,1785783600,0.0
2026-08-02 23:00:00,2026-08-03 23:00:00,1785787200,0.0
2026-08-03 00:00:00,2026-08-04 00:00:00,1785790800,0.0
2026-08-03 01:00:00,2026-08-04 01:00:00,1785794400,0.0
2026-08-03 02:00:00,2026-08-04 02:00:00,1785798000,0.0
2026-08-03 03:00:00,2026-08-04 03:00:00,1785801600,0.0
2026-08-03 04:00:00,2026-08-04 04:00:00,1785805200,0.0
2026-08-03 05:00:00,2026-08-04 05:00:00,1785808800,0.0
2026-08-03 06:00:00,2026-08-04 06:00:00,1785812400,0.0
2026-08-03 07:00:00,2026-08-04 07:00:00,1785816000,47.0
2026-08-03 08:00:00,2026-08-04 08:00:00,1785819600,222.0
2026-08-03 09:00:00,2026-08-04 09:00:00,1785823200,431.0
2026-08-03 10:00:00,2026-08-04 10:00:00,1785826800,629.0
2026-08-03 11:00:00,2026-08-04 11:00:00,1785830400,791.0
2026-08-03 12:00:00,2026-08-04 12:00:00,1785834000,905.0
2026-08-03 13:00:00,2026-08-04 13:00:00,1785837600,962.0
2026-08-03 14:00:00,2026-08-04 14:00:00,1785841200,954.0
2026-08-03 15:00:00,2026-08-04 15:00:00,1785844800,886.0
2026-08-03 16:00:00,2026-08-04 16:00:00,1785848400,762.0
2026-08-03 17:00:00,2026-08-04 17:00:00,1785852000,596.0
2026-08-03 18:00:00,2026-08-04 18:00:00,1785855600,398.0
2026-08-03 19:00:00,2026-08-04 19:00:00,1785859200,193.0
2026-08-03 20:00:00,2026-08-04 20:00:00,1785862800,32.0
2026-08-03 21:00:00,2026-08-04 21:00:00,1785866400,0.0
2026-08-03 22:00:00,2026-08-04 22:00:00,1785870000,0.0
2026-08-03 23:00:00,2026-08-04 23:00:00,1785873600,0.0
2026-08-04 00:00:00,2026-08-05 00:00:00,1785877200,0.0
2026-08-04 01:00:00,2026-08-05 01:00:00,1785880800,0.0
2026-08-04 02:00:00,2026-08-05 02:00:00,1785884400,0.0
2026-08-04 03:00:00,2026-08-05 03:00:00,1785888000,0.0
2026-08-04 04:00:00,2026-08-05 04:00:00,1785891600,0.0
2026-08-04 05:00:00,2026-08-05 05:00:00,1785895200,0.0
2026-08-04 06:00:00,2026-08-05 06:00:00,1785898800,0.0
2026-08-04 07:00:00,2026-08-05 07:00:00,1785902400,46.0
2026-08-04 08:00:00,2026-08-05 08:00:00,1785906000,220.0
2026-08-04 09:00:00,2026-08-05 09:00:00,1785909600,427.0
2026-08-04 10:00:00,2026-08-05 10:00:00,1785913200,619.0
2026-08-04 11:00:00,2026-08-05 11:00:00,1785916800,785.0
2026-08-04 12:00:00,2026-08-05 12:00:00,1785920400,900.0
2026-08-04 13:00:00,2026-08-05 13:00:00,1785924000,948.0
2026-08-04 14:00:00,2026-08-05 14:00:00,1785927600,931.0
2026-08-04 15:00:00,2026-08-05 15:00:00,1785931200,873.0
2026-08-04 16:00:00,2026-08-05 16:00:00,1785934800,752.0
2026-08-04 17:00:00,2026-08-05 17:00:00,1785938400,589.0
2026-08-04 18:00:00,2026-08-05 18:00:00,1785942000,394.0
2026-08-04 19:00:00,2026-08-05 19:00:00,1785945600,190.0
2026-08-04 20:00:00,2026-08-05 20:00:00,1785949200,31.0
2026-08-04 21:00:00,2026-08-05 21:00:00,1785952800,0.0
2026-08-04 22:00:00,2026-08-05 22:00:00,1785956400,0.0
2026-08-04 23:00:00,2026-08-05 23:00:00,1785960000,0.0
2026-08-05 00:00:00,2026-08-06 00:00:00,1785963600,0.0
2026-08-05 01:00:00,2026-08-06 01:00:00,1785967200,0.0
2026-08-05 02:00:00,2026-08-06 02:00:00,1785970800,0.0
2026-08-05 03:00:00,2026-08-06 03:00:00,1785974400,0.0
2026-08-05 04:00:00,2026-08-06 04:00:00,1785978000,0.0
2026-08-05 05:00:00,2026-08-06 05:00:00,1785981600,0.0
2026-08-05 06:00:00,2026-08-06 06:00:00,1785985200,0.0
2026-08-05 07:00:00,2026-08-06 07:00:00,1785988800,43.0
2026-08-05 08:00:00,2026-08-06 08:00:00,1785992400,211.0
2026-08-05 09:00:00,2026-08-06 09:00:00,1785996000,414.0
2026-08-05 10:00:00,2026-08-06 10:00:00,1785999600,603.0
2026-08-05 11:00:00,2026-08-06 11:00:00,1786003200,766.0
2026-08-05 12:00:00,2026-08-06 12:00:00,1786006800,883.0
2026-08-05 13:00:00,2026-08-06 13:00:00,1786010400,936.0
2026-08-05 14:00:00,2026-08-06 14:00:00,1786014000,911.0
2026-08-05 15:00:00,2026-08-06 15:00:00,1786017600,844.0
2026-08-05 16:00:00,2026-08-06 16:00:00,1786021200,739.0
2026-08-05 17:00:00,2026-08-06 17:00:00,1786024800,578.0
2026-08-05 18:00:00,2026-08-06 18:00:00,1786028400,385.0
2026-08-05 19:00:00,2026-08-06 19:00:00,1786032000,184.0
2026-08-05 20:00:00,2026-08-06 20:00:00,1786035600,29.0
2026-08-05 21:00:00,2026-08-06 21:00:00,1786039200,0.0
2026-08-05 22:00:00,2026-08-06 22:00:00,1786042800,0.0
2026-08-05 23:00:00,2026-08-06 23:00:00,1786046400,0.0
2026-08-06 00:00:00,2026-08-07 00:00:00,1786050000,0.0
2026-08-06 01:00:00,2026-08-07 01:00:00,1786053600,0.0
2026-08-06 02:00:00,2026-08-07 02:00:00,1786057200,0.0
2026-08-06 03:00:00,2026-08-07 03:00:00,1786060800,0.0
2026-08-06 04:00:00,2026-08-07 04:00:00,1786064400,0.0
2026-08-06 05:00:00,2026-08-07 05:00:00,1786068000,0.0
2026-08-06 06:00:00,2026-08-07 06:00:00,1786071600,0.0
2026-08-06 07:00:00,2026-08-07 07:00:00,1786075200,42.0
2026-08-06 08:00:00,2026-08-07 08:00:00,1786078800,211.0
2026-08-06 09:00:00,2026-08-07 09:00:00,1786082400,414.0
2026-08-06 10:00:00,2026-08-07 10:00:00,1786086000,609.0
2026-08-06 11:00:00,2026-08-07 11:00:00,1786089600,770.0
2026-08-06 12:00:00,2026-08-07 12:00:00,1786093200,884.0
2026-08-06 13:00:00,2026-08-07 13:00:00,1786096800,931.0
2026-08-06 14:00:00,2026-08-07 14:00:00,1786100400,924.0
2026-08-06 15:00:00,2026-08-07 15:00:00,1786104000,854.0
2026-08-06 16:00:00,2026-08-07 16:00:00,1786107600,744.0
2026-08-06 17:00:00,2026-08-07 17:00:00,1786111200,581.0
2026-08-06 18:00:00,2026-08-07 18:00:00,1786114800,386.0
2026-08-06 19:00:00,2026-08-07 19:00:00,1786118400,184.0
2026-08-06 20:00:00,2026-08-07 20:00:00,1786122000,28.0
2026-08-06 21:00:00,2026-08-07 21:00:00,1786125600,0.0
2026-08-06 22:00:00,2026-08-07 22:00:00,1786129200,0.0
2026-08-06 23:00:00,2026-08-07 23:00:00,1786132800,0.0
2026-08-07 00:00:00,2026-08-08 00:00:00,1786136400,0.0
2026-08-07 01:00:00,2026-08-08 01:00:00,1786140000,0.0
2026-08-07 02:00:00,2026-08-08 02:00:00,1786143600,0.0
2026-08-07 03:00:00,2026-08-08 03:00:00,1786147200,0.0
2026-08-07 04:00:00,2026-08-08 04:00:00,1786150800,0.0
2026-08-07 05:00:00,2026-08-08 05:00:00,1786154400,0.0
2026-08-07 06:00:00,2026-08-08 06:00:00,1786158000,0.0
2026-08-07 07:00:00,2026-08-08 07:00:00,1786161600,42.0
2026-08-07 08:00:00,2026-08-08 08:00:00,1786165200,212.0
2026-08-07 09:00:00,2026-08-08 09:00:00,1786168800,419.0
2026-08-07 10:00:00,2026-08-08 10:00:00,1786172400,614.0
2026-08-07 11:00:00,2026-08-08 11:00:00,1786176000,776.0
2026-08-07 12:00:00,2026-08-08 12:00:00,1786179600,891.0
2026-08-07 13:00:00,2026-08-08 13:00:00,1786183200,949.0
2026-08-07 14:00:00,2026-08-08 14:00:00,1786186800,944.0
2026-08-07 15:00:00,2026-08-08 15:00:00,1786190400,876.0
2026-08-07 16:00:00,2026-08-08 16:00:00,1786194000,740.0
2026-08-07 17:00:00,2026-08-08 17:00:00,1786197600,587.0
2026-08-07 18:00:00,2026-08-08 18:00:00,1786201200,391.0
2026-08-07 19:00:00,2026-08-08 19:00:00,1786204800,184.0
2026-08-07 20:00:00,2026-08-08 20:00:00,1786208400,27.0
2026-08-07 21:00:00,2026-08-08 21:00:00,1786212000,0.0
2026-08-07 22:00:00,2026-08-08 22:00:00,1786215600,0.0
2026-08-07 23:00:00,2026-08-08 23:00:00,1786219200,0.0
2026-08-08 00:00:00,2026-08-09 00:00:00,1786222800,0.0
2026-08-08 01:00:00,2026-08-09 01:00:00,1786226400,0.0
2026-08-08 02:00:00,2026-08-09 02:00:00,1786230000,0.0
2026-08-08 03:00:00,2026-08-09 03:00:00,1786233600,0.0
2026-08-08 04:00:00,2026-08-09 04:00:00,1786237200,0.0
2026-08-08 05:00:00,2026-08-09 05:00:00,1786240800,0.0
2026-08-08 06:00:00,2026-08-09 06:00:00,1786244400,0.0
2026-08-08 07:00:00,2026-08-09 07:00:00,1786248000,41.0
2026-08-08 08:00:00,2026-08-09 08:00:00,1786251600,212.0
2026-08-08 09:00:00,2026-08-09 09:00:00,1786255200,422.0
2026-08-08 10:00:00,2026-08-09 10:00:00,1786258800,619.0
2026-08-08 11:00:00,2026-08-09 11:00:00,1786262400,783.0
2026-08-08 12:00:00,2026-08-09 12:00:00,1786266000,898.0
2026-08-08 13:00:00,2026-08-09 13:00:00,1786269600,957.0
2026-08-08 14:00:00,2026-08-09 14:00:00,1786273200,953.0
2026-08-08 15:00:00,2026-08-09 15:00:00,1786276800,885.0
2026-08-08 16:00:00,2026-08-09 16:00:00,1786280400,757.0
2026-08-08 17:00:00,2026-08-09 17:00:00,1786284000,587.0
2026-08-08 18:00:00,2026-08-09 18:00:00,1786287600,387.0
2026-08-08 19:00:00,2026-08-09 19:00:00,1786291200,181.0
2026-08-08 20:00:00,2026-08-09 20:00:00,1786294800,25.0
2026-08-08 21:00:00,2026-08-09 21:00:00,1786298400,0.0
2026-08-08 22:00:00,2026-08-09 22:00:00,1786302000,0.0
2026-08-08 23:00:00,2026-08-09 23:00:00,1786305600,0.0
2026-08-09 00:00:00,2026-08-10 00:00:00,1786309200,0.0
2026-08-09 01:00:00,2026-08-10 01:00:00,1786312800,0.0
2026-08-09 02:00:00,2026-08-10 02:00:00,1786316400,0.0
2026-08-09 03:00:00,2026-08-10 03:00:00,1786320000,0.0
2026-08-09 04:00:00,2026-08-10 04:00:00,1786323600,0.0
2026-08-09 05:00:00,2026-08-10 05:00:00,1786327200,0.0
2026-08-09 06:00:00,2026-08-10 06:00:00,1786330800,0.0
2026-08-09 07:00:00,2026-08-10 07:00:00,1786334400,39.0
2026-08-09 08:00:00,2026-08-10 08:00:00,1786338000,209.0
2026-08-09 09:00:00,2026-08-10 09:00:00,1786341600,417.0
2026-08-09 10:00:00,2026-08-10 10:00:00,1786345200,615.0
2026-08-09 11:00:00,2026-08-10 11:00:00,1786348800,777.0
2026-08-09 12:00:00,2026-08-10 12:00:00,1786352400,891.0
2026-08-09 13:00:00,2026-08-10 13:00:00,1786356000,948.0
2026-08-09 14:00:00,2026-08-10 14:00:00,1786359600,942.0
2026-08-09 15:00:00,2026-08-10 15:00:00,1786363200,868.0
2026-08-09 16:00:00,2026-08-10 16:00:00,1786366800,743.0
2026-08-09 17:00:00,2026-08-10 17:00:00,1786370400,573.0
2026-08-09 18:00:00,2026-08-10 18:00:00,1786374000,380.0
2026-08-09 19:00:00,2026-08-10 19:00:00,1786377600,176.0
2026-08-09 20:00:00,2026-08-10 20:00:00,1786381200,24.0
2026-08-09 21:00:00,2026-08-10 21:00:00,1786384800,0.0
2026-08-09 22:00:00,2026-08-10 22:00:00,1786388400,0.0
2026-08-09 23:00:00,2026-08-10 23:00:00,1786392000,0.0
2026-08-10 00:00:00,2026-08-11 00:00:00,1786395600,0.0
2026-08-10 01:00:00,2026-08-11 01:00:00,1786399200,0.0
2026-08-10 02:00:00,2026-08-11 02:00:00,1786402800,0.0
2026-08-10 03:00:00,2026-08-11 03:00:00,1786406400,0.0
2026-08-10 04:00:00,2026-08-11 04:00:00,1786410000,0.0
2026-08-10 05:00:00,2026-08-11 05:00:00,1786413600,0.0
2026-08-10 06:00:00,2026-08-11 06:00:00,1786417200,0.0
2026-08-10 07:00:00,2026-08-11 07:00:00,1786420800,37.0
2026-08-10 08:00:00,2026-08-11 08:00:00,1786424400,202.0
2026-08-10 09:00:00,2026-08-11 09:00:00,1786428000,405.0
2026-08-10 10:00:00,2026-08-11 10:00:00,1786431600,597.0
2026-08-10 11:00:00,2026-08-11 11:00:00,1786435200,757.0
2026-08-10 12:00:00,2026-08-11 12:00:00,1786438800,855.0
2026-08-10 13:00:00,2026-08-11 13:00:00,1786442400,893.0
2026-08-10 14:00:00,2026-08-11 14:00:00,1786446000,902.0
2026-08-10 15:00:00,2026-08-11 15:00:00,1786449600,840.0
2026-08-10 16:00:00,2026-08-11 16:00:00,1786453200,720.0
2026-08-10 17:00:00,2026-08-11 17:00:00,1786456800,563.0
2026-08-10 18:00:00,2026-08-11 18:00:00,1786460400,373.0
2026-08-10 19:00:00,2026-08-11 19:00:00,1786464000,169.0
2026-08-10 20:00:00,2026-08-11 20:00:00,1786467600,22.0
2026-08-10 21:00:00,2026-08-11 21:00:00,1786471200,0.0
2026-08-10 22:00:00,2026-08-11 22:00:00,1786474800,0.0
2026-08-10 23:00:00,2026-08-11 23:00:00,1786478400,0.0
2026-08-11 00:00:00,2026-08-12 00:00:00,1786482000,0.0
2026-08-11 01:00:00,2026-08-12 01:00:00,1786485600,0.0
2026-08-11 02:00:00,2026-08-12 02:00:00,1786489200,0.0
2026-08-11 03:00:00,2026-08-12 03:00:00,1786492800,0.0
2026-08-11 04:00:00,2026-08-12 04:00:00,1786496400,0.0
2026-08-11 05:00:00,2026-08-12 05:00:00,1786500000,0.0
2026-08-11 06:00:00,2026-08-12 06:00:00,1786503600,0.0
2026-08-11 07:00:00,2026-08-12 07:00:00,1786507200,36.0
2026-08-11 08:00:00,2026-08-12 08:00:00,1786510800,204.0
2026-08-11 09:00:00,2026-08-12 09:00:00,1786514400,409.0
2026-08-11 10:00:00,2026-08-12 10:00:00,1786518000,602.0
2026-08-11 11:00:00,2026-08-12 11:00:00,1786521600,762.0
2026-08-11 12:00:00,2026-08-12 12:00:00,1786525200,855.0
2026-08-11 13:00:00,2026-08-12 13:00:00,1786528800,907.0
2026-08-11 14:00:00,2026-08-12 14:00:00,1786532400,902.0
2026-08-11 15:00:00,2026-08-12 15:00:00,1786536000,851.0
2026-08-11 16:00:00,2026-08-12 16:00:00,1786539600,726.0
2026-08-11 17:00:00,2026-08-12 17:00:00,1786543200,557.0
2026-08-11 18:00:00,2026-08-12 18:00:00,1786546800,368.0
2026-08-11 19:00:00,2026-08-12 19:00:00,1786550400,167.0
2026-08-11 20:00:00,2026-08-12 20:00:00,1786554000,21.0
2026-08-11 21:00:00,2026-08-12 21:00:00,1786557600,0.0
2026-08-11 22:00:00,2026-08-12 22:00:00,1786561200,0.0
2026-08-11 23:00:00,2026-08-12 23:00:00,1786564800,0.0
2026-08-12 00:00:00,2026-08-13 00:00:00,1786568400,0.0
2026-08-12 01:00:00,2026-08-13 01:00:00,1786572000,0.0
2026-08-12 02:00:00,2026-08-13 02:00:00,1786575600,0.0
2026-08-12 03:00:00,2026-08-13 03:00:00,1786579200,0.0
2026-08-12 04:00:00,2026-08-13 04:00:00,1786582800,0.0
2026-08-12 05:00:00,2026-08-13 05:00:00,1786586400,0.0
2026-08-12 06:00:00,2026-08-13 06:00:00,1786590000,0.0
2026-08-12 07:00:00,2026-08-13 07:00:00,1786593600,35.0
2026-08-12 08:00:00,2026-08-13 08:00:00,1786597200,199.0
2026-08-12 09:00:00,2026-08-13 09:00:00,1786600800,401.0
2026-08-12 10:00:00,2026-08-13 10:00:00,1786604400,590.0
2026-08-12 11:00:00,2026-08-13 11:00:00,1786608000,751.0
2026-08-12 12:00:00,2026-08-13 12:00:00,1786611600,864.0
2026-08-12 13:00:00,2026-08-13 13:00:00,1786615200,902.0
2026-08-12 14:00:00,2026-08-13 14:00:00,1786618800,904.0
2026-08-12 15:00:00,2026-08-13 15:00:00,1786622400,850.0
2026-08-12 16:00:00,2026-08-13 16:00:00,1786626000,685.0
2026-08-12 17:00:00,2026-08-13 17:00:00,1786629600,545.0
2026-08-12 18:00:00,2026-08-13 18:00:00,1786633200,350.0
2026-08-12 19:00:00,2026-08-13 19:00:00,1786636800,156.0
2026-08-12 20:00:00,2026-08-13 20:00:00,1786640400,18.0
2026-08-12 21:00:00,2026-08-13 21:00:00,1786644000,0.0
2026-08-12 22:00:00,2026-08-13 22:00:00,1786647600,0.0
2026-08-12 23:00:00,2026-08-13 23:00:00,1786651200,0.0
2026-08-13 00:00:00,2026-08-14 00:00:00,1786654800,0.0
2026-08-13 01:00:00,2026-08-14 01:00:00,1786658400,0.0
2026-08-13 02:00:00,2026-08-14 02:00:00,1786662000,0.0
2026-08-13 03:00:00,2026-08-14 03:00:00,1786665600,0.0
2026-08-13 04:00:00,2026-08-14 04:00:00,1786669200,0.0
2026-08-13 05:00:00,2026-08-14 05:00:00,1786672800,0.0
2026-08-13 06:00:00,2026-08-14 06:00:00,1786676400,0.0
2026-08-13 07:00:00,2026-08-14 07:00:00,1786680000,32.0
2026-08-13 08:00:00,2026-08-14 08:00:00,1786683600,177.0
2026-08-13 09:00:00,2026-08-14 09:00:00,1786687200,363.0
2026-08-13 10:00:00,2026-08-14 10:00:00,1786690800,538.0
2026-08-13 11:00:00,2026-08-14 11:00:00,1786694400,585.0
2026-08-13 12:00:00,2026-08-14 12:00:00,1786698000,655.0
2026-08-13 13:00:00,2026-08-14 13:00:00,1786701600,854.0
2026-08-13 14:00:00,2026-08-14 14:00:00,1786705200,840.0
2026-08-13 15:00:00,2026-08-14 15:00:00,1786708800,833.0
2026-08-13 16:00:00,2026-08-14 16:00:00,1786712400,688.0
2026-08-13 17:00:00,2026-08-14 17:00:00,1786716000,502.0
2026-08-13 18:00:00,2026-08-14 18:00:00,1786719600,350.0
2026-08-13 19:00:00,2026-08-14 19:00:00,1786723200,157.0
2026-08-13 20:00:00,2026-08-14 20:00:00,1786726800,18.0
2026-08-13 21:00:00,2026-08-14 21:00:00,1786730400,0.0
2026-08-13 22:00:00,2026-08-14 22:00:00,1786734000,0.0
2026-08-13 23:00:00,2026-08-14 23:00:00,1786737600,0.0
2026-08-14 00:00:00,2026-08-15 00:00:00,1786741200,0.0
2026-08-14 01:00:00,2026-08-15 01:00:00,1786744800,0.0
2026-08-14 02:00:00,2026-08-15 02:00:00,1786748400,0.0
2026-08-14 03:00:00,2026-08-15 03:00:00,1786752000,0.0
2026-08-14 04:00:00,2026-08-15 04:00:00,1786755600,0.0
2026-08-14 05:00:00,2026-08-15 05:00:00,1786759200,0.0
2026-08-14 06:00:00,2026-08-15 06:00:00,1786762800,0.0
2026-08-14 07:00:00,2026-08-15 07:00:00,1786766400,32.0
2026-08-14 08:00:00,2026-08-15 08:00:00,1786770000,193.0
2026-08-14 09:00:00,2026-08-15 09:00:00,1786773600,392.0
2026-08-14 10:00:00,2026-08-15 10:00:00,1786777200,592.0
2026-08-14 11:00:00,2026-08-15 11:00:00,1786780800,758.0
2026-08-14 12:00:00,2026-08-15 12:00:00,1786784400,862.0
2026-08-14 13:00:00,2026-08-15 13:00:00,1786788000,904.0
2026-08-14 14:00:00,2026-08-15 14:00:00,1786791600,913.0
2026-08-14 15:00:00,2026-08-15 15:00:00,1786795200,851.0
2026-08-14 16:00:00,2026-08-15 16:00:00,1786798800,712.0
2026-08-14 17:00:00,2026-08-15 17:00:00,1786802400,556.0
2026-08-14 18:00:00,2026-08-15 18:00:00,1786806000,363.0
2026-08-14 19:00:00,2026-08-15 19:00:00,1786809600,159.0
2026-08-14 20:00:00,2026-08-15 20:00:00,1786813200,17.0
2026-08-14 21:00:00,2026-08-15 21:00:00,1786816800,0.0
2026-08-14 22:00:00,2026-08-15 22:00:00,1786820400,0.0
2026-08-14 23:00:00,2026-08-15 23:00:00,1786824000,0.0
2026-08-15 00:00:00,2026-08-16 00:00:00,1786827600,0.0
2026-08-15 01:00:00,2026-08-16 01:00:00,1786831200,0.0
2026-08-15 02:00:00,2026-08-16 02:00:00,1786834800,0.0
2026-08-15 03:00:00,2026-08-16 03:00:00,1786838400,0.0
2026-08-15 04:00:00,2026-08-16 04:00:00,1786842000,0.0
2026-08-15 05:00:00,2026-08-16 05:00:00,1786845600,0.0
2026-08-15 06:00:00,2026-08-16 06:00:00,1786849200,0.0
2026-08-15 07:00:00,2026-08-16 07:00:00,1786852800,29.0
2026-08-15 08:00:00,2026-08-16 08:00:00,1786856400,180.0
2026-08-15 09:00:00,2026-08-16 09:00:00,1786860000,385.0
2026-08-15 10:00:00,2026-08-16 10:00:00,1786863600,594.0
2026-08-15 11:00:00,2026-08-16 11:00:00,1786867200,759.0
2026-08-15 12:00:00,2026-08-16 12:00:00,1786870800,871.0
2026-08-15 13:00:00,2026-08-16 13:00:00,1786874400,930.0
2026-08-15 14:00:00,2026-08-16 14:00:00,1786878000,922.0
2026-08-15 15:00:00,2026-08-16 15:00:00,1786881600,852.0
2026-08-15 16:00:00,2026-08-16 16:00:00,1786885200,722.0
2026-08-15 17:00:00,2026-08-16 17:00:00,1786888800,559.0
2026-08-15 18:00:00,2026-08-16 18:00:00,1786892400,359.0
2026-08-15 19:00:00,2026-08-16 19:00:00,1786896000,155.0
2026-08-15 20:00:00,2026-08-16 20:00:00,1786899600,16.0
2026-08-15 21:00:00,2026-08-16 21:00:00,1786903200,0.0
2026-08-15 22:00:00,2026-08-16 22:00:00,1786906800,0.0
2026-08-15 23:00:00,2026-08-16 23:00:00,1786910400,0.0
2026-08-16 00:00:00,2026-08-17 00:00:00,1786914000,0.0
2026-08-16 01:00:00,2026-08-17 01:00:00,1786917600,0.0
2026-08-16 02:00:00,2026-08-17 02:00:00,1786921200,0.0
2026-08-16 03:00:00,2026-08-17 03:00:00,1786924800,0.0
2026-08-16 04:00:00,2026-08-17 04:00:00,1786928400,0.0
2026-08-16 05:00:00,2026-08-17 05:00:00,1786932000,0.0
2026-08-16 06:00:00,2026-08-17 06:00:00,1786935600,0.0
2026-08-16 07:00:00,2026-08-17 07:00:00,1786939200,29.0
2026-08-16 08:00:00,2026-08-17 08:00:00,1786942800,183.0
2026-08-16 09:00:00,2026-08-17 09:00:00,1786946400,383.0
2026-08-16 10:00:00,2026-08-17 10:00:00,1786950000,579.0
2026-08-16 11:00:00,2026-08-17 11:00:00,1786953600,712.0
2026-08-16 12:00:00,2026-08-17 12:00:00,1786957200,829.0
2026-08-16 13:00:00,2026-08-17 13:00:00,1786960800,911.0
2026-08-16 14:00:00,2026-08-17 14:00:00,1786964400,882.0
2026-08-16 15:00:00,2026-08-17 15:00:00,1786968000,798.0
2026-08-16 16:00:00,2026-08-17 16:00:00,1786971600,649.0
2026-08-16 17:00:00,2026-08-17 17:00:00,1786975200,514.0
2026-08-16 18:00:00,2026-08-17 18:00:00,1786978800,333.0
2026-08-16 19:00:00,2026-08-17 19:00:00,1786982400,139.0
2026-08-16 20:00:00,2026-08-17 20:00:00,1786986000,14.0
2026-08-16 21:00:00,2026-08-17 21:00:00,1786989600,0.0
2026-08-16 22:00:00,2026-08-17 22:00:00,1786993200,0.0
2026-08-16 23:00:00,2026-08-17 23:00:00,1786996800,0.0
2026-08-17 00:00:00,2026-08-18 00:00:00,1787000400,0.0
2026-08-17 01:00:00,2026-08-18 01:00:00,1787004000,0.0
2026-08-17 02:00:00,2026-08-18 02:00:00,1787007600,0.0
2026-08-17 03:00:00,2026-08-18 03:00:00,1787011200,0.0
2026-08-17 04:00:00,2026-08-18 04:00:00,1787014800,0.0
2026-08-17 05:00:00,2026-08-18 05:00:00,1787018400,0.0
2026-08-17 06:00:00,2026-08-18 06:00:00,1787022000,0.0
2026-08-17 07:00:00,2026-08-18 07:00:00,1787025600,28.0
2026-08-17 08:00:00,2026-08-18 08:00:00,1787029200,186.0
2026-08-17 09:00:00,2026-08-18 09:00:00,1787032800,390.0
2026-08-17 10:00:00,2026-08-18 10:00:00,1787036400,579.0
2026-08-17 11:00:00,2026-08-18 11:00:00,1787040000,730.0
2026-08-17 12:00:00,2026-08-18 12:00:00,1787043600,815.0
2026-08-17 13:00:00,2026-08-18 13:00:00,1787047200,827.0
2026-08-17 14:00:00,2026-08-18 14:00:00,1787050800,822.0
2026-08-17 15:00:00,2026-08-18 15:00:00,1787054400,798.0
2026-08-17 16:00:00,2026-08-18 16:00:00,1787058000,658.0
2026-08-17 17:00:00,2026-08-18 17:00:00,1787061600,463.0
2026-08-17 18:00:00,2026-08-18 18:00:00,1787065200,334.0
2026-08-17 19:00:00,2026-08-18 19:00:00,1787068800,141.0
2026-08-17 20:00:00,2026-08-18 20:00:00,1787072400,13.0
2026-08-17 21:00:00,2026-08-18 21:00:00,1787076000,0.0
2026-08-17 22:00:00,2026-08-18 22:00:00,1787079600,0.0
2026-08-17 23:00:00,2026-08-18 23:00:00,1787083200,0.0
2026-08-18 00:00:00,2026-08-19 00:00:00,1787086800,0.0
2026-08-18 01:00:00,2026-08-19 01:00:00,1787090400,0.0
2026-08-18 02:00:00,2026-08-19 02:00:00,1787094000,0.0
2026-08-18 03:00:00,2026-08-19 03:00:00,1787097600,0.0
2026-08-18 04:00:00,2026-08-19 04:00:00,1787101200,0.0
2026-08-18 05:00:00,2026-08-19 05:00:00,1787104800,0.0
2026-08-18 06:00:00,2026-08-19 06:00:00,1787108400,0.0
2026-08-18 07:00:00,2026-08-19 07:00:00,1787112000,26.0
2026-08-18 08:00:00,2026-08-19 08:00:00,1787115600,176.0
2026-08-18 09:00:00,2026-08-19 09:00:00,1787119200,381.0
2026-08-18 10:00:00,2026-08-19 10:00:00,1787122800,581.0
2026-08-18 11:00:00,2026-08-19 11:00:00,1787126400,739.0
2026-08-18 12:00:00,2026-08-19 12:00:00,1787130000,843.0
2026-08-18 13:00:00,2026-08-19 13:00:00,1787133600,888.0
2026-08-18 14:00:00,2026-08-19 14:00:00,1787137200,885.0
2026-08-18 15:00:00,2026-08-19 15:00:00,1787140800,811.0
2026-08-18 16:00:00,2026-08-19 16:00:00,1787144400,682.0
2026-08-18 17:00:00,2026-08-19 17:00:00,1787148000,523.0
2026-08-18 18:00:00,2026-08-19 18:00:00,1787151600,335.0
2026-08-18 19:00:00,2026-08-19 19:00:00,1787155200,141.0
2026-08-18 20:00:00,2026-08-19 20:00:00,1787158800,12.0
2026-08-18 21:00:00,2026-08-19 21:00:00,1787162400,0.0
2026-08-18 22:00:00,2026-08-19 22:00:00,1787166000,0.0
2026-08-18 23:00:00,2026-08-19 23:00:00,1787169600,0.0
2026-08-19 00:00:00,2026-08-20 00:00:00,1787173200,0.0
2026-08-19 01:00:00,2026-08-20 01:00:00,1787176800,0.0
2026-08-19 02:00:00,2026-08-20 02:00:00,1787180400,0.0
2026-08-19 03:00:00,2026-08-20 03:00:00,1787184000,0.0
2026-08-19 04:00:00,2026-08-20 04:00:00,1787187600,0.0
2026-08-19 05:00:00,2026-08-20 05:00:00,1787191200,0.0
2026-08-19 06:00:00,2026-08-20 06:00:00,1787194800,0.0
2026-08-19 07:00:00,2026-08-20 07:00:00,1787198400,27.0
2026-08-19 08:00:00,2026-08-20 08:00:00,1787202000,188.0
2026-08-19 09:00:00,2026-08-20 09:00:00,1787205600,397.0
2026-08-19 10:00:00,2026-08-20 10:00:00,1787209200,596.0
2026-08-19 11:00:00,2026-08-20 11:00:00,1787212800,760.0
2026-08-19 12:00:00,2026-08-20 12:00:00,1787216400,873.0
2026-08-19 13:00:00,2026-08-20 13:00:00,1787220000,928.0
2026-08-19 14:00:00,2026-08-20 14:00:00,1787223600,920.0
2026-08-19 15:00:00,2026-08-20 15:00:00,1787227200,848.0
2026-08-19 16:00:00,2026-08-20 16:00:00,1787230800,717.0
2026-08-19 17:00:00,2026-08-20 17:00:00,1787234400,544.0
2026-08-19 18:00:00,2026-08-20 18:00:00,1787238000,342.0
2026-08-19 19:00:00,2026-08-20 19:00:00,1787241600,141.0
2026-08-19 20:00:00,2026-08-20 20:00:00,1787245200,11.0
2026-08-19 21:00:00,2026-08-20 21:00:00,1787248800,0.0
2026-08-19 22:00:00,2026-08-20 22:00:00,1787252400,0.0
2026-08-19 23:00:00,2026-08-20 23:00:00,1787256000,0.0
2026-08-20 00:00:00,2026-08-21 00:00:00,1787259600,0.0
2026-08-20 01:00:00,2026-08-21 01:00:00,1787263200,0.0
2026-08-20 02:00:00,2026-08-21 02:00:00,1787266800,0.0
2026-08-20 03:00:00,2026-08-21 03:00:00,1787270400,0.0
2026-08-20 04:00:00,2026-08-21 04:00:00,1787274000,0.0
2026-08-20 05:00:00,2026-08-21 05:00:00,1787277600,0.0
2026-08-20 06:00:00,2026-08-21 06:00:00,1787281200,0.0
2026-08-20 07:00:00,2026-08-21 07:00:00,1787284800,27.0
2026-08-20 08:00:00,2026-08-21 08:00:00,1787288400,188.0
2026-08-20 09:00:00,2026-08-21 09:00:00,1787292000,396.0
2026-08-20 10:00:00,2026-08-21 10:00:00,1787295600,594.0
2026-08-20 11:00:00,2026-08-21 11:00:00,1787299200,757.0
2026-08-20 12:00:00,2026-08-21 12:00:00,1787302800,871.0
2026-08-20 13:00:00,2026-08-21 13:00:00,1787306400,927.0
2026-08-20 14:00:00,2026-08-21 14:00:00,1787310000,919.0
2026-08-20 15:00:00,2026-08-21 15:00:00,1787313600,850.0
2026-08-20 16:00:00,2026-08-21 16:00:00,1787317200,724.0
2026-08-20 17:00:00,2026-08-21 17:00:00,1787320800,551.0
2026-08-20 18:00:00,2026-08-21 18:00:00,1787324400,348.0
2026-08-20 19:00:00,2026-08-21 19:00:00,1787328000,143.0
2026-08-20 20:00:00,2026-08-21 20:00:00,1787331600,10.0
2026-08-20 21:00:00,2026-08-21 21:00:00,1787335200,0.0
2026-08-20 22:00:00,2026-08-21 22:00:00,1787338800,0.0
2026-08-20 23:00:00,2026-08-21 23:00:00,1787342400,0.0
2026-08-21 00:00:00,2026-08-22 00:00:00,1787346000,0.0
2026-08-21 01:00:00,2026-08-22 01:00:00,1787349600,0.0
2026-08-21 02:00:00,2026-08-22 02:00:00,1787353200,0.0
2026-08-21 03:00:00,2026-08-22 03:00:00,1787356800,0.0
2026-08-21 04:00:00,2026-08-22 04:00:00,1787360400,0.0
2026-08-21 05:00:00,2026-08-22 05:00:00,1787364000,0.0
2026-08-21 06:00:00,2026-08-22 06:00:00,1787367600,0.0
2026-08-21 07:00:00,2026-08-22 07:00:00,1787371200,26.0
2026-08-21 08:00:00,2026-08-22 08:00:00,1787374800,187.0
2026-08-21 09:00:00,2026-08-22 09:00:00,1787378400,397.0
2026-08-21 10:00:00,2026-08-22 10:00:00,1787382000,596.0
2026-08-21 11:00:00,2026-08-22 11:00:00,1787385600,760.0
2026-08-21 12:00:00,2026-08-22 12:00:00,1787389200,875.0
2026-08-21 13:00:00,2026-08-22 13:00:00,1787392800,930.0
2026-08-21 14:00:00,2026-08-22 14:00:00,1787396400,923.0
2026-08-21 15:00:00,2026-08-22 15:00:00,1787400000,853.0
2026-08-21 16:00:00,2026-08-22 16:00:00,1787403600,726.0
2026-08-21 17:00:00,2026-08-22 17:00:00,1787407200,552.0
2026-08-21 18:00:00,2026-08-22 18:00:00,1787410800,348.0
2026-08-21 19:00:00,2026-08-22 19:00:00,1787414400,141.0
2026-08-21 20:00:00,2026-08-22 20:00:00,1787418000,10.0
2026-08-21 21:00:00,2026-08-22 21:00:00,1787421600,0.0
2026-08-21 22:00:00,2026-08-22 22:00:00,1787425200,0.0
2026-08-21 23:00:00,2026-08-22 23:00:00,1787428800,0.0
2026-08-22 00:00:00,2026-08-23 00:00:00,1787432400,0.0
2026-08-22 01:00:00,2026-08-23 01:00:00,1787436000,0.0
2026-08-22 02:00:00,2026-08-23 02:00:00,1787439600,0.0
2026-08-22 03:00:00,2026-08-23 03:00:00,1787443200,0.0
2026-08-22 04:00:00,2026-08-23 04:00:00,1787446800,0.0
2026-08-22 05:00:00,2026-08-23 05:00:00,1787450400,0.0
2026-08-22 06:00:00,2026-08-23 06:00:00,1787454000,0.0
2026-08-22 07:00:00,2026-08-23 07:00:00,1787457600,25.0
2026-08-22 08:00:00,2026-08-23 08:00:00,1787461200,182.0
2026-08-22 09:00:00,2026-08-23 09:00:00,1787464800,390.0
2026-08-22 10:00:00,2026-08-23 10:00:00,1787468400,585.0
2026-08-22 11:00:00,2026-08-23 11:00:00,1787472000,753.0
2026-08-22 12:00:00,2026-08-23 12:00:00,1787475600,870.0
2026-08-22 13:00:00,2026-08-23 13:00:00,1787479200,928.0
2026-08-22 14:00:00,2026-08-23 14:00:00,1787482800,922.0
2026-08-22 15:00:00,2026-08-23 15:00:00,1787486400,852.0
2026-08-22 16:00:00,2026-08-23 16:00:00,1787490000,724.0
2026-08-22 17:00:00,2026-08-23 17:00:00,1787493600,546.0
2026-08-22 18:00:00,2026-08-23 18:00:00,1787497200,340.0
2026-08-22 19:00:00,2026-08-23 19:00:00,1787500800,135.0
2026-08-22 20:00:00,2026-08-23 20:00:00,1787504400,8.0
2026-08-22 21:00:00,2026-08-23 21:00:00,1787508000,0.0
2026-08-22 22:00:00,2026-08-23 22:00:00,1787511600,0.0
2026-08-22 23:00:00,2026-08-23 23:00:00,1787515200,0.0
2026-08-23 00:00:00,2026-08-24 00:00:00,1787518800,0.0
2026-08-23 01:00:00,2026-08-24 01:00:00,1787522400,0.0
2026-08-23 02:00:00,2026-08-24 02:00:00,1787526000,0.0
2026-08-23 03:00:00,2026-08-24 03:00:00,1787529600,0.0
2026-08-23 04:00:00,2026-08-24 04:00:00,1787533200,0.0
2026-08-23 05:00:00,2026-08-24 05:00:00,1787536800,0.0
2026-08-23 06:00:00,2026-08-24 06:00:00,1787540400,0.0
2026-08-23 07:00:00,2026-08-24 07:00:00,1787544000,23.0
2026-08-23 08:00:00,2026-08-24 08:00:00,1787547600,176.0
2026-08-23 09:00:00,2026-08-24 09:00:00,1787551200,382.0
2026-08-23 10:00:00,2026-08-24 10:00:00,1787554800,577.0
2026-08-23 11:00:00,2026-08-24 11:00:00,1787558400,738.0
2026-08-23 12:00:00,2026-08-24 12:00:00,1787562000,850.0
2026-08-23 13:00:00,2026-08-24 13:00:00,1787565600,905.0
2026-08-23 14:00:00,2026-08-24 14:00:00,1787569200,887.0
2026-08-23 15:00:00,2026-08-24 15:00:00,1787572800,808.0
2026-08-23 16:00:00,2026-08-24 16:00:00,1787576400,685.0
2026-08-23 17:00:00,2026-08-24 17:00:00,1787580000,515.0
2026-08-23 18:00:00,2026-08-24 18:00:00,1787583600,308.0
2026-08-23 19:00:00,2026-08-24 19:00:00,1787587200,123.0
2026-08-23 20:00:00,2026-08-24 20:00:00,1787590800,7.0
2026-08-23 21:00:00,2026-08-24 21:00:00,1787594400,0.0
2026-08-23 22:00:00,2026-08-24 22:00:00,1787598000,0.0
2026-08-23 23:00:00,2026-08-24 23:00:00,1787601600,0.0
2026-08-24 00:00:00,2026-08-25 00:00:00,1787605200,0.0
2026-08-24 01:00:00,2026-08-25 01:00:00,1787608800,0.0
2026-08-24 02:00:00,2026-08-25 02:00:00,1787612400,0.0
2026-08-24 03:00:00,2026-08-25 03:00:00,1787616000,0.0
2026-08-24 04:00:00,2026-08-25 04:00:00,1787619600,0.0
2026-08-24 05:00:00,2026-08-25 05:00:00,1787623200,0.0
2026-08-24 06:00:00,2026-08-25 06:00:00,1787626800,0.0
2026-08-24 07:00:00,2026-08-25 07:00:00,1787630400,22.0
2026-08-24 08:00:00,2026-08-25 08:00:00,1787634000,172.0
2026-08-24 09:00:00,2026-08-25 09:00:00,1787637600,373.0
2026-08-24 10:00:00,2026-08-25 10:00:00,1787641200,561.0
2026-08-24 11:00:00,2026-08-25 11:00:00,1787644800,733.0
2026-08-24 12:00:00,2026-08-25 12:00:00,1787648400,847.0
2026-08-24 13:00:00,2026-08-25 13:00:00,1787652000,900.0
2026-08-24 14:00:00,2026-08-25 14:00:00,1787655600,864.0
2026-08-24 15:00:00,2026-08-25 15:00:00,1787659200,792.0
2026-08-24 16:00:00,2026-08-25 16:00:00,1787662800,674.0
2026-08-24 17:00:00,2026-08-25 17:00:00,1787666400,519.0
2026-08-24 18:00:00,2026-08-25 18:00:00,1787670000,323.0
2026-08-24 19:00:00,2026-08-25 19:00:00,1787673600,126.0
2026-08-24 20:00:00,2026-08-25 20:00:00,1787677200,7.0
2026-08-24 21:00:00,2026-08-25 21:00:00,1787680800,0.0
2026-08-24 22:00:00,2026-08-25 22:00:00,1787684400,0.0
2026-08-24 23:00:00,2026-08-25 23:00:00,1787688000,0.0
2026-08-25 00:00:00,2026-08-26 00:00:00,1787691600,0.0
2026-08-25 01:00:00,2026-08-26 01:00:00,1787695200,0.0
2026-08-25 02:00:00,2026-08-26 02:00:00,1787698800,0.0
2026-08-25 03:00:00,2026-08-26 03:00:00,1787702400,0.0
2026-08-25 04:00:00,2026-08-26 04:00:00,1787706000,0.0
2026-08-25 05:00:00,2026-08-26 05:00:00,1787709600,0.0
2026-08-25 06:00:00,2026-08-26 06:00:00,1787713200,0.0
2026-08-25 07:00:00,2026-08-26 07:00:00,1787716800,21.0
2026-08-25 08:00:00,2026-08-26 08:00:00,1787720400,174.0
2026-08-25 09:00:00,2026-08-26 09:00:00,1787724000,380.0
2026-08-25 10:00:00,2026-08-26 10:00:00,1787727600,573.0
2026-08-25 11:00:00,2026-08-26 11:00:00,1787731200,736.0
2026-08-25 12:00:00,2026-08-26 12:00:00,1787734800,849.0
2026-08-25 13:00:00,2026-08-26 13:00:00,1787738400,897.0
2026-08-25 14:00:00,2026-08-26 14:00:00,1787742000,892.0
2026-08-25 15:00:00,2026-08-26 15:00:00,1787745600,822.0
2026-08-25 16:00:00,2026-08-26 16:00:00,1787749200,695.0
2026-08-25 17:00:00,2026-08-26 17:00:00,1787752800,523.0
2026-08-25 18:00:00,2026-08-26 18:00:00,1787756400,323.0
2026-08-25 19:00:00,2026-08-26 19:00:00,1787760000,122.0
2026-08-25 20:00:00,2026-08-26 20:00:00,1787763600,6.0
2026-08-25 21:00:00,2026-08-26 21:00:00,1787767200,0.0
2026-08-25 22:00:00,2026-08-26 22:00:00,1787770800,0.0
2026-08-25 23:00:00,2026-08-26 23:00:00,1787774400,0.0
2026-08-26 00:00:00,2026-08-27 00:00:00,1787778000,0.0
2026-08-26 01:00:00,2026-08-27 01:00:00,1787781600,0.0
2026-08-26 02:00:00,2026-08-27 02:00:00,1787785200,0.0
2026-08-26 03:00:00,2026-08-27 03:00:00,1787788800,0.0
2026-08-26 04:00:00,2026-08-27 04:00:00,1787792400,0.0
2026-08-26 05:00:00,2026-08-27 05:00:00,1787796000,0.0
2026-08-26 06:00:00,2026-08-27 06:00:00,1787799600,0.0
2026-08-26 07:00:00,2026-08-27 07:00:00,1787803200,20.0
2026-08-26 08:00:00,2026-08-27 08:00:00,1787806800,169.0
2026-08-26 09:00:00,2026-08-27 09:00:00,1787810400,374.0
2026-08-26 10:00:00,2026-08-27 10:00:00,1787814000,570.0
2026-08-26 11:00:00,2026-08-27 11:00:00,1787817600,731.0
2026-08-26 12:00:00,2026-08-27 12:00:00,1787821200,844.0
2026-08-26 13:00:00,2026-08-27 13:00:00,1787824800,890.0
2026-08-26 14:00:00,2026-08-27 14:00:00,1787828400,878.0
2026-08-26 15:00:00,2026-08-27 15:00:00,1787832000,809.0
2026-08-26 16:00:00,2026-08-27 16:00:00,1787835600,685.0
2026-08-26 17:00:00,2026-08-27 17:00:00,1787839200,516.0
2026-08-26 18:00:00,2026-08-27 18:00:00,1787842800,315.0
2026-08-26 19:00:00,2026-08-27 19:00:00,1787846400,117.0
2026-08-26 20:00:00,2026-08-27 20:00:00,1787850000,5.0
2026-08-26 21:00:00,2026-08-27 21:00:00,1787853600,0.0
2026-08-26 22:00:00,2026-08-27 22:00:00,1787857200,0.0
2026-08-26 23:00:00,2026-08-27 23:00:00,1787860800,0.0
2026-08-27 00:00:00,2026-08-28 00:00:00,1787864400,0.0
2026-08-27 01:00:00,2026-08-28 01:00:00,1787868000,0.0
2026-08-27 02:00:00,2026-08-28 02:00:00,1787871600,0.0
2026-08-27 03:00:00,2026-08-28 03:00:00,1787875200,0.0
2026-08-27 04:00:00,2026-08-28 04:00:00,1787878800,0.0
2026-08-27 05:00:00,2026-08-28 05:00:00,1787882400,0.0
2026-08-27 06:00:00,2026-08-28 06:00:00,1787886000,0.0
2026-08-27 07:00:00,2026-08-28 07:00:00,1787889600,19.0
2026-08-27 08:00:00,2026-08-28 08:00:00,1787893200,167.0
2026-08-27 09:00:00,2026-08-28 09:00:00,1787896800,372.0
2026-08-27 10:00:00,2026-08-28 10:00:00,1787900400,568.0
2026-08-27 11:00:00,2026-08-28 11:00:00,1787904000,730.0
2026-08-27 12:00:00,2026-08-28 12:00:00,1787907600,843.0
2026-08-27 13:00:00,2026-08-28 13:00:00,1787911200,896.0
2026-08-27 14:00:00,2026-08-28 14:00:00,1787914800,880.0
2026-08-27 15:00:00,2026-08-28 15:00:00,1787918400,807.0
2026-08-27 16:00:00,2026-08-28 16:00:00,1787922000,681.0
2026-08-27 17:00:00,2026-08-28 17:00:00,1787925600,506.0
2026-08-27 18:00:00,2026-08-28 18:00:00,1787929200,303.0
2026-08-27 19:00:00,2026-08-28 19:00:00,1787932800,110.0
2026-08-27 20:00:00,2026-08-28 20:00:00,1787936400,4.0
2026-08-27 21:00:00,2026-08-28 21:00:00,1787940000,0.0
2026-08-27 22:00:00,2026-08-28 22:00:00,1787943600,0.0
2026-08-27 23:00:00,2026-08-28 23:00:00,1787947200,0.0
2026-08-28 00:00:00,2026-08-29 00:00:00,1787950800,0.0
2026-08-28 01:00:00,2026-08-29 01:00:00,1787954400,0.0
2026-08-28 02:00:00,2026-08-29 02:00:00,1787958000,0.0
2026-08-28 03:00:00,2026-08-29 03:00:00,1787961600,0.0
2026-08-28 04:00:00,2026-08-29 04:00:00,1787965200,0.0
2026-08-28 05:00:00,2026-08-29 05:00:00,1787968800,0.0
2026-08-28 06:00:00,2026-08-29 06:00:00,1787972400,0.0
2026-08-28 07:00:00,2026-08-29 07:00:00,1787976000,16.0
2026-08-28 08:00:00,2026-08-29 08:00:00,1787979600,135.0
2026-08-28 09:00:00,2026-08-29 09:00:00,1787983200,248.0
2026-08-28 10:00:00,2026-08-29 10:00:00,1787986800,492.0
2026-08-28 11:00:00,2026-08-29 11:00:00,1787990400,518.0
2026-08-28 12:00:00,2026-08-29 12:00:00,1787994000,736.0
2026-08-28 13:00:00,2026-08-29 13:00:00,1787997600,866.0
2026-08-28 14:00:00,2026-08-29 14:00:00,1788001200,755.0
2026-08-28 15:00:00,2026-08-29 15:00:00,1788004800,755.0
2026-08-28 16:00:00,2026-08-29 16:00:00,1788008400,603.0
2026-08-28 17:00:00,2026-08-29 17:00:00,1788012000,497.0
2026-08-28 18:00:00,2026-08-29 18:00:00,1788015600,278.0
2026-08-28 19:00:00,2026-08-29 19:00:00,1788019200,109.0
2026-08-28 20:00:00,2026-08-29 20:00:00,1788022800,3.0
2026-08-28 21:00:00,2026-08-29 21:00:00,1788026400,0.0
2026-08-28 22:00:00,2026-08-29 22:00:00,1788030000,0.0
2026-08-28 23:00:00,2026-08-29 23:00:00,1788033600,0.0
2026-08-29 00:00:00,2026-08-30 00:00:00,1788037200,0.0
2026-08-29 01:00:00,2026-08-30 01:00:00,1788040800,0.0
2026-08-29 02:00:00,2026-08-30 02:00:00,1788044400,0.0
2026-08-29 03:00:00,2026-08-30 03:00:00,1788048000,0.0
2026-08-29 04:00:00,2026-08-30 04:00:00,1788051600,0.0
2026-08-29 05:00:00,2026-08-30 05:00:00,1788055200,0.0
2026-08-29 06:00:00,2026-08-30 06:00:00,1788058800,0.0
2026-08-29 07:00:00,2026-08-30 07:00:00,1788062400,17.0
2026-08-29 08:00:00,2026-08-30 08:00:00,1788066000,162.0
2026-08-29 09:00:00,2026-08-30 09:00:00,1788069600,368.0
2026-08-29 10:00:00,2026-08-30 10:00:00,1788073200,568.0
2026-08-29 11:00:00,2026-08-30 11:00:00,1788076800,729.0
2026-08-29 12:00:00,2026-08-30 12:00:00,1788080400,844.0
2026-08-29 13:00:00,2026-08-30 13:00:00,1788084000,857.0
2026-08-29 14:00:00,2026-08-30 14:00:00,1788087600,828.0
2026-08-29 15:00:00,2026-08-30 15:00:00,1788091200,775.0
2026-08-29 16:00:00,2026-08-30 16:00:00,1788094800,624.0
2026-08-29 17:00:00,2026-08-30 17:00:00,1788098400,492.0
2026-08-29 18:00:00,2026-08-30 18:00:00,1788102000,297.0
2026-08-29 19:00:00,2026-08-30 19:00:00,1788105600,106.0
2026-08-29 20:00:00,2026-08-30 20:00:00,1788109200,3.0
2026-08-29 21:00:00,2026-08-30 21:00:00,1788112800,0.0
2026-08-29 22:00:00,2026-08-30 22:00:00,1788116400,0.0
2026-08-29 23:00:00,2026-08-30 23:00:00,1788120000,0.0
2026-08-30 00:00:00,2026-08-31 00:00:00,1788123600,0.0
2026-08-30 01:00:00,2026-08-31 01:00:00,1788127200,0.0
2026-08-30 02:00:00,2026-08-31 02:00:00,1788130800,0.0
2026-08-30 03:00:00,2026-08-31 03:00:00,1788134400,0.0
2026-08-30 04:00:00,2026-08-31 04:00:00,1788138000,0.0
2026-08-30 05:00:00,2026-08-31 05:00:00,1788141600,0.0
2026-08-30 06:00:00,2026-08-31 06:00:00,1788145200,0.0
2026-08-30 07:00:00,2026-08-31 07:00:00,1788148800,16.0
2026-08-30 08:00:00,2026-08-31 08:00:00,1788152400,160.0
2026-08-30 09:00:00,2026-08-31 09:00:00,1788156000,365.0
2026-08-30 10:00:00,2026-08-31 10:00:00,1788159600,562.0
2026-08-30 11:00:00,2026-08-31 11:00:00,1788163200,707.0
2026-08-30 12:00:00,2026-08-31 12:00:00,1788166800,768.0
2026-08-30 13:00:00,2026-08-31 13:00:00,1788170400,827.0
2026-08-30 14:00:00,2026-08-31 14:00:00,1788174000,837.0
2026-08-30 15:00:00,2026-08-31 15:00:00,1788177600,732.0
2026-08-30 16:00:00,2026-08-31 16:00:00,1788181200,608.0
2026-08-30 17:00:00,2026-08-31 17:00:00,1788184800,476.0
2026-08-30 18:00:00,2026-08-31 18:00:00,1788188400,282.0
2026-08-30 19:00:00,2026-08-31 19:00:00,1788192000,98.0
2026-08-30 20:00:00,2026-08-31 20:00:00,1788195600,2.0
2026-08-30 21:00:00,2026-08-31 21:00:00,1788199200,0.0
2026-08-30 22:00:00,2026-08-31 22:00:00,1788202800,0.0
2026-08-30 23:00:00,2026-08-31 23:00:00,1788206400,0.0
2026-08-31 00:00:00,2026-09-01 00:00:00,1788210000,0.0
2026-08-31 01:00:00,2026-09-01 01:00:00,1788213600,0.0
2026-08-31 02:00:00,2026-09-01 02:00:00,1788217200,0.0
2026-08-31 03:00:00,2026-09-01 03:00:00,1788220800,0.0
2026-08-31 04:00:00,2026-09-01 04:00:00,1788224400,0.0
2026-08-31 05:00:00,2026-09-01 05:00:00,1788228000,0.0
2026-08-31 06:00:00,2026-09-01 06:00:00,1788231600,0.0
2026-08-31 07:00:00,2026-09-01 07:00:00,1788235200,16.0
2026-08-31 08:00:00,2026-09-01 08:00:00,1788238800,160.0
2026-08-31 09:00:00,2026-09-01 09:00:00,1788242400,365.0
2026-08-31 10:00:00,2026-09-01 10:00:00,1788246000,561.0
2026-08-31 11:00:00,2026-09-01 11:00:00,1788249600,724.0
2026-08-31 12:00:00,2026-09-01 12:00:00,1788253200,826.0
2026-08-31 13:00:00,2026-09-01 13:00:00,1788256800,867.0
2026-08-31 14:00:00,2026-09-01 14:00:00,1788260400,835.0
2026-08-31 15:00:00,2026-09-01 15:00:00,1788264000,778.0
2026-08-31 16:00:00,2026-09-01 16:00:00,1788267600,637.0
2026-08-31 17:00:00,2026-09-01 17:00:00,1788271200,453.0
2026-08-31 18:00:00,2026-09-01 18:00:00,1788274800,277.0
2026-08-31 19:00:00,2026-09-01 19:00:00,1788278400,95.0
2026-08-31 20:00:00,2026-09-01 20:00:00,1788282000,2.0
2026-08-31 21:00:00,2026-09-01 21:00:00,1788285600,0.0
2026-08-31 22:00:00,2026-09-01 22:00:00,1788289200,0.0
2026-08-31 23:00:00,2026-09-01 23:00:00,1788292800,0.0
2026-09-01 00:00:00,2026-09-02 00:00:00,1788296400,0.0
2026-09-01 01:00:00,2026-09-02 01:00:00,1788300000,0.0
2026-09-01 02:00:00,2026-09-02 02:00:00,1788303600,0.0
2026-09-01 03:00:00,2026-09-02 03:00:00,1788307200,0.0
2026-09-01 04:00:00,2026-09-02 04:00:00,1788310800,0.0
2026-09-01 05:00:00,2026-09-02 05:00:00,1788314400,0.0
2026-09-01 06:00:00,2026-09-02 06:00:00,1788318000,0.0
2026-09-01 07:00:00,2026-09-02 07:00:00,1788321600,15.0
2026-09-01 08:00:00,2026-09-02 08:00:00,1788325200,159.0
2026-09-01 09:00:00,2026-09-02 09:00:00,1788328800,365.0
2026-09-01 10:00:00,2026-09-02 10:00:00,1788332400,562.0
2026-09-01 11:00:00,2026-09-02 11:00:00,1788336000,724.0
2026-09-01 12:00:00,2026-09-02 12:00:00,1788339600,836.0
2026-09-01 13:00:00,2026-09-02 13:00:00,1788343200,886.0
2026-09-01 14:00:00,2026-09-02 14:00:00,1788346800,862.0
2026-09-01 15:00:00,2026-09-02 15:00:00,1788350400,780.0
2026-09-01 16:00:00,2026-09-02 16:00:00,1788354000,647.0
2026-09-01 17:00:00,2026-09-02 17:00:00,1788357600,481.0
2026-09-01 18:00:00,2026-09-02 18:00:00,1788361200,283.0
2026-09-01 19:00:00,2026-09-02 19:00:00,1788364800,93.0
2026-09-01 20:00:00,2026-09-02 20:00:00,1788368400,2.0
2026-09-01 21:00:00,2026-09-02 21:00:00,1788372000,0.0
2026-09-01 22:00:00,2026-09-02 22:00:00,1788375600,0.0
2026-09-01 23:00:00,2026-09-02 23:00:00,1788379200,0.0
2026-09-02 00:00:00,2026-09-03 00:00:00,1788382800,0.0
2026-09-02 01:00:00,2026-09-03 01:00:00,1788386400,0.0
2026-09-02 02:00:00,2026-09-03 02:00:00,1788390000,0.0
2026-09-02 03:00:00,2026-09-03 03:00:00,1788393600,0.0
2026-09-02 04:00:00,2026-09-03 04:00:00,1788397200,0.0
2026-09-02 05:00:00,2026-09-03 05:00:00,1788400800,0.0
2026-09-02 06:00:00,2026-09-03 06:00:00,1788404400,0.0
2026-09-02 07:00:00,2026-09-03 07:00:00,1788408000,15.0
2026-09-02 08:00:00,2026-09-03 08:00:00,1788411600,155.0
2026-09-02 09:00:00,2026-09-03 09:00:00,1788415200,360.0
2026-09-02 10:00:00,2026-09-03 10:00:00,1788418800,557.0
2026-09-02 11:00:00,2026-09-03 11:00:00,1788422400,722.0
2026-09-02 12:00:00,2026-09-03 12:00:00,1788426000,826.0
2026-09-02 13:00:00,2026-09-03 13:00:00,1788429600,874.0
2026-09-02 14:00:00,2026-09-03 14:00:00,1788433200,859.0
2026-09-02 15:00:00,2026-09-03 15:00:00,1788436800,782.0
2026-09-02 16:00:00,2026-09-03 16:00:00,1788440400,659.0
2026-09-02 17:00:00,2026-09-03 17:00:00,1788444000,480.0
2026-09-02 18:00:00,2026-09-03 18:00:00,1788447600,281.0
2026-09-02 19:00:00,2026-09-03 19:00:00,1788451200,90.0
2026-09-02 20:00:00,2026-09-03 20:00:00,1788454800,1.0
2026-09-02 21:00:00,2026-09-03 21:00:00,1788458400,0.0
2026-09-02 22:00:00,2026-09-03 22:00:00,1788462000,0.0
2026-09-02 23:00:00,2026-09-03 23:00:00,1788465600,0.0
2026-09-03 00:00:00,2026-09-04 00:00:00,1788469200,0.0
2026-09-03 01:00:00,2026-09-04 01:00:00,1788472800,0.0
2026-09-03 02:00:00,2026-09-04 02:00:00,1788476400,0.0
2026-09-03 03:00:00,2026-09-04 03:00:00,1788480000,0.0
2026-09-03 04:00:00,2026-09-04 04:00:00,1788483600,0.0
2026-09-03 05:00:00,2026-09-04 05:00:00,1788487200,0.0
2026-09-03 06:00:00,2026-09-04 06:00:00,1788490800,0.0
2026-09-03 07:00:00,2026-09-04 07:00:00,1788494400,14.0
2026-09-03 08:00:00,2026-09-04 08:00:00,1788498000,154.0
2026-09-03 09:00:00,2026-09-04 09:00:00,1788501600,359.0
2026-09-03 10:00:00,2026-09-04 10:00:00,1788505200,555.0
2026-09-03 11:00:00,2026-09-04 11:00:00,1788508800,716.0
2026-09-03 12:00:00,2026-09-04 12:00:00,1788512400,824.0
2026-09-03 13:00:00,2026-09-04 13:00:00,1788516000,852.0
2026-09-03 14:00:00,2026-09-04 14:00:00,1788519600,847.0
2026-09-03 15:00:00,2026-09-04 15:00:00,1788523200,784.0
2026-09-03 16:00:00,2026-09-04 16:00:00,1788526800,646.0
2026-09-03 17:00:00,2026-09-04 17:00:00,1788530400,469.0
2026-09-03 18:00:00,2026-09-04 18:00:00,1788534000,277.0
2026-09-03 19:00:00,2026-09-04 19:00:00,1788537600,85.0
2026-09-03 20:00:00,2026-09-04 20:00:00,1788541200,1.0
2026-09-03 21:00:00,2026-09-04 21:00:00,1788544800,0.0
2026-09-03 22:00:00,2026-09-04 22:00:00,1788548400,0.0
2026-09-03 23:00:00,2026-09-04 23:00:00,1788552000,0.0
2026-09-04 00:00:00,2026-09-05 00:00:00,1788555600,0.0
2026-09-04 01:00:00,2026-09-05 01:00:00,1788559200,0.0
2026-09-04 02:00:00,2026-09-05 02:00:00,1788562800,0.0
2026-09-04 03:00:00,2026-09-05 03:00:00,1788566400,0.0
2026-09-04 04:00:00,2026-09-05 04:00:00,1788570000,0.0
2026-09-04 05:00:00,2026-09-05 05:00:00,1788573600,0.0
2026-09-04 06:00:00,2026-09-05 06:00:00,1788577200,0.0
2026-09-04 07:00:00,2026-09-05 07:00:00,1788580800,13.0
2026-09-04 08:00:00,2026-09-05 08:00:00,1788584400,152.0
2026-09-04 09:00:00,2026-09-05 09:00:00,1788588000,358.0
2026-09-04 10:00:00,2026-09-05 10:00:00,1788591600,554.0
2026-09-04 11:00:00,2026-09-05 11:00:00,1788595200,717.0
2026-09-04 12:00:00,2026-09-05 12:00:00,1788598800,826.0
2026-09-04 13:00:00,2026-09-05 13:00:00,1788602400,856.0
2026-09-04 14:00:00,2026-09-05 14:00:00,1788606000,851.0
2026-09-04 15:00:00,2026-09-05 15:00:00,1788609600,784.0
2026-09-04 16:00:00,2026-09-05 16:00:00,1788613200,643.0
2026-09-04 17:00:00,2026-09-05 17:00:00,1788616800,468.0
2026-09-04 18:00:00,2026-09-05 18:00:00,1788620400,268.0
2026-09-04 19:00:00,2026-09-05 19:00:00,1788624000,81.0
2026-09-04 20:00:00,2026-09-05 20:00:00,1788627600,1.0
2026-09-04 21:00:00,2026-09-05 21:00:00,1788631200,0.0
2026-09-04 22:00:00,2026-09-05 22:00:00,1788634800,0.0
2026-09-04 23:00:00,2026-09-05 23:00:00,1788638400,0.0
2026-09-05 00:00:00,2026-09-06 00:00:00,1788642000,0.0
2026-09-05 01:00:00,2026-09-06 01:00:00,1788645600,0.0
2026-09-05 02:00:00,2026-09-06 02:00:00,1788649200,0.0
2026-09-05 03:00:00,2026-09-06 03:00:00,1788652800,0.0
2026-09-05 04:00:00,2026-09-06 04:00:00,1788656400,0.0
2026-09-05 05:00:00,2026-09-06 05:00:00,1788660000,0.0
2026-09-05 06:00:00,2026-09-06 06:00:00,1788663600,0.0
2026-09-05 07:00:00,2026-09-06 07:00:00,1788667200,12.0
2026-09-05 08:00:00,2026-09-06 08:00:00,1788670800,150.0
2026-09-05 09:00:00,2026-09-06 09:00:00,1788674400,357.0
2026-09-05 10:00:00,2026-09-06 10:00:00,1788678000,554.0
2026-09-05 11:00:00,2026-09-06 11:00:00,1788681600,718.0
2026-09-05 12:00:00,2026-09-06 12:00:00,1788685200,826.0
2026-09-05 13:00:00,2026-09-06 13:00:00,1788688800,875.0
2026-09-05 14:00:00,2026-09-06 14:00:00,1788692400,858.0
2026-09-05 15:00:00,2026-09-06 15:00:00,1788696000,786.0
2026-09-05 16:00:00,2026-09-06 16:00:00,1788699600,666.0
2026-09-05 17:00:00,2026-09-06 17:00:00,1788703200,487.0
2026-09-05 18:00:00,2026-09-06 18:00:00,1788706800,281.0
2026-09-05 19:00:00,2026-09-06 19:00:00,1788710400,84.0
2026-09-05 20:00:00,2026-09-06 20:00:00,1788714000,0.0
2026-09-05 21:00:00,2026-09-06 21:00:00,1788717600,0.0
2026-09-05 22:00:00,2026-09-06 22:00:00,1788721200,0.0
2026-09-05 23:00:00,2026-09-06 23:00:00,1788724800,0.0
2026-09-06 00:00:00,2026-09-07 00:00:00,1788728400,0.0
2026-09-06 01:00:00,2026-09-07 01:00:00,1788732000,0.0
2026-09-06 02:00:00,2026-09-07 02:00:00,1788735600,0.0
2026-09-06 03:00:00,2026-09-07 03:00:00,1788739200,0.0
2026-09-06 04:00:00,2026-09-07 04:00:00,1788742800,0.0
2026-09-06 05:00:00,2026-09-07 05:00:00,1788746400,0.0
2026-09-06 06:00:00,2026-09-07 06:00:00,1788750000,0.0
2026-09-06 07:00:00,2026-09-07 07:00:00,1788753600,12.0
2026-09-06 08:00:00,2026-09-07 08:00:00,1788757200,153.0
2026-09-06 09:00:00,2026-09-07 09:00:00,1788760800,363.0
2026-09-06 10:00:00,2026-09-07 10:00:00,1788764400,564.0
2026-09-06 11:00:00,2026-09-07 11:00:00,1788768000,727.0
2026-09-06 12:00:00,2026-09-07 12:00:00,1788771600,837.0
2026-09-06 13:00:00,2026-09-07 13:00:00,1788775200,888.0
2026-09-06 14:00:00,2026-09-07 14:00:00,1788778800,875.0
2026-09-06 15:00:00,2026-09-07 15:00:00,1788782400,795.0
2026-09-06 16:00:00,2026-09-07 16:00:00,1788786000,663.0
2026-09-06 17:00:00,2026-09-07 17:00:00,1788789600,481.0
2026-09-06 18:00:00,2026-09-07 18:00:00,1788793200,274.0
2026-09-06 19:00:00,2026-09-07 19:00:00,1788796800,79.0
2026-09-06 20:00:00,2026-09-07 20:00:00,1788800400,0.0
2026-09-06 21:00:00,2026-09-07 21:00:00,1788804000,0.0
2026-09-06 22:00:00,2026-09-07 22:00:00,1788807600,0.0
2026-09-06 23:00:00,2026-09-07 23:00:00,1788811200,0.0
2026-09-07 00:00:00,2026-09-08 00:00:00,1788814800,0.0
2026-09-07 01:00:00,2026-09-08 01:00:00,1788818400,0.0
2026-09-07 02:00:00,2026-09-08 02:00:00,1788822000,0.0
2026-09-07 03:00:00,2026-09-08 03:00:00,1788825600,0.0
2026-09-07 04:00:00,2026-09-08 04:00:00,1788829200,0.0
2026-09-07 05:00:00,2026-09-08 05:00:00,1788832800,0.0
2026-09-07 06:00:00,2026-09-08 06:00:00,1788836400,0.0
2026-09-07 07:00:00,2026-09-08 07:00:00,1788840000,12.0
2026-09-07 08:00:00,2026-09-08 08:00:00,1788843600,150.0
2026-09-07 09:00:00,2026-09-08 09:00:00,1788847200,356.0
2026-09-07 10:00:00,2026-09-08 10:00:00,1788850800,557.0
2026-09-07 11:00:00,2026-09-08 11:00:00,1788854400,722.0
2026-09-07 12:00:00,2026-09-08 12:00:00,1788858000,834.0
2026-09-07 13:00:00,2026-09-08 13:00:00,1788861600,883.0
2026-09-07 14:00:00,2026-09-08 14:00:00,1788865200,868.0
2026-09-07 15:00:00,2026-09-08 15:00:00,1788868800,791.0
2026-09-07 16:00:00,2026-09-08 16:00:00,1788872400,660.0
2026-09-07 17:00:00,2026-09-08 17:00:00,1788876000,479.0
2026-09-07 18:00:00,2026-09-08 18:00:00,1788879600,270.0
2026-09-07 19:00:00,2026-09-08 19:00:00,1788883200,75.0
2026-09-07 20:00:00,2026-09-08 20:00:00,1788886800,0.0
2026-09-07 21:00:00,2026-09-08 21:00:00,1788890400,0.0
2026-09-07 22:00:00,2026-09-08 22:00:00,1788894000,0.0
2026-09-07 23:00:00,2026-09-08 23:00:00,1788897600,0.0
2026-09-08 00:00:00,2026-09-09 00:00:00,1788901200,0.0
2026-09-08 01:00:00,2026-09-09 01:00:00,1788904800,0.0
2026-09-08 02:00:00,2026-09-09 02:00:00,1788908400,0.0
2026-09-08 03:00:00,2026-09-09 03:00:00,1788912000,0.0
2026-09-08 04:00:00,2026-09-09 04:00:00,1788915600,0.0
2026-09-08 05:00:00,2026-09-09 05:00:00,1788919200,0.0
2026-09-08 06:00:00,2026-09-09 06:00:00,1788922800,0.0
2026-09-08 07:00:00,2026-09-09 07:00:00,1788926400,11.0
2026-09-08 08:00:00,2026-09-09 08:00:00,1788930000,150.0
2026-09-08 09:00:00,2026-09-09 09:00:00,1788933600,360.0
2026-09-08 10:00:00,2026-09-09 10:00:00,1788937200,559.0
2026-09-08 11:00:00,2026-09-09 11:00:00,1788940800,720.0
2026-09-08 12:00:00,2026-09-09 12:00:00,1788944400,831.0
2026-09-08 13:00:00,2026-09-09 13:00:00,1788948000,881.0
2026-09-08 14:00:00,2026-09-09 14:00:00,1788951600,866.0
2026-09-08 15:00:00,2026-09-09 15:00:00,1788955200,787.0
2026-09-08 16:00:00,2026-09-09 16:00:00,1788958800,650.0
2026-09-08 17:00:00,2026-09-09 17:00:00,1788962400,468.0
2026-09-08 18:00:00,2026-09-09 18:00:00,1788966000,263.0
2026-09-08 19:00:00,2026-09-09 19:00:00,1788969600,71.0
2026-09-08 20:00:00,2026-09-09 20:00:00,1788973200,0.0
2026-09-08 21:00:00,2026-09-09 21:00:00,1788976800,0.0
2026-09-08 22:00:00,2026-09-09 22:00:00,1788980400,0.0
2026-09-08 23:00:00,2026-09-09 23:00:00,1788984000,0.0
2026-09-09 00:00:00,2026-09-10 00:00:00,1788987600,0.0
2026-09-09 01:00:00,2026-09-10 01:00:00,1788991200,0.0
2026-09-09 02:00:00,2026-09-10 02:00:00,1788994800,0.0
2026-09-09 03:00:00,2026-09-10 03:00:00,1788998400,0.0
2026-09-09 04:00:00,2026-09-10 04:00:00,1789002000,0.0
2026-09-09 05:00:00,2026-09-10 05:00:00,1789005600,0.0
2026-09-09 06:00:00,2026-09-10 06:00:00,1789009200,0.0
2026-09-09 07:00:00,2026-09-10 07:00:00,1789012800,10.0
2026-09-09 08:00:00,2026-09-10 08:00:00,1789016400,145.0
2026-09-09 09:00:00,2026-09-10 09:00:00,1789020000,353.0
2026-09-09 10:00:00,2026-09-10 10:00:00,1789023600,553.0
2026-09-09 11:00:00,2026-09-10 11:00:00,1789027200,715.0
2026-09-09 12:00:00,2026-09-10 12:00:00,1789030800,825.0
2026-09-09 13:00:00,2026-09-10 13:00:00,1789034400,873.0
2026-09-09 14:00:00,2026-09-10 14:00:00,1789038000,853.0
2026-09-09 15:00:00,2026-09-10 15:00:00,1789041600,759.0
2026-09-09 16:00:00,2026-09-10 16:00:00,1789045200,624.0
2026-09-09 17:00:00,2026-09-10 17:00:00,1789048800,454.0
2026-09-09 18:00:00,2026-09-10 18:00:00,1789052400,254.0
2026-09-09 19:00:00,2026-09-10 19:00:00,1789056000,67.0
2026-09-09 20:00:00,2026-09-10 20:00:00,1789059600,0.0
2026-09-09 21:00:00,2026-09-10 21:00:00,1789063200,0.0
2026-09-09 22:00:00,2026-09-10 22:00:00,1789066800,0.0
2026-09-09 23:00:00,2026-09-10 23:00:00,1789070400,0.0
2026-09-10 00:00:00,2026-09-11 00:00:00,1789074000,0.0
2026-09-10 01:00:00,2026-09-11 01:00:00,1789077600,0.0
2026-09-10 02:00:00,2026-09-11 02:00:00,1789081200,0.0
2026-09-10 03:00:00,2026-09-11 03:00:00,1789084800,0.0
2026-09-10 04:00:00,2026-09-11 04:00:00,1789088400,0.0
2026-09-10 05:00:00,2026-09-11 05:00:00,1789092000,0.0
2026-09-10 06:00:00,2026-09-11 06:00:00,1789095600,0.0
2026-09-10 07:00:00,2026-09-11 07:00:00,1789099200,10.0
2026-09-10 08:00:00,2026-09-11 08:00:00,1789102800,143.0
2026-09-10 09:00:00,2026-09-11 09:00:00,1789106400,350.0
2026-09-10 10:00:00,2026-09-11 10:00:00,1789110000,550.0
2026-09-10 11:00:00,2026-09-11 11:00:00,1789113600,713.0
2026-09-10 12:00:00,2026-09-11 12:00:00,1789117200,824.0
2026-09-10 13:00:00,2026-09-11 13:00:00,1789120800,874.0
2026-09-10 14:00:00,2026-09-11 14:00:00,1789124400,857.0
2026-09-10 15:00:00,2026-09-11 15:00:00,1789128000,776.0
2026-09-10 16:00:00,2026-09-11 16:00:00,1789131600,637.0
2026-09-10 17:00:00,2026-09-11 17:00:00,1789135200,456.0
2026-09-10 18:00:00,2026-09-11 18:00:00,1789138800,252.0
2026-09-10 19:00:00,2026-09-11 19:00:00,1789142400,64.0
2026-09-10 20:00:00,2026-09-11 20:00:00,1789146000,0.0
2026-09-10 21:00:00,2026-09-11 21:00:00,1789149600,0.0
2026-09-10 22:00:00,2026-09-11 22:00:00,1789153200,0.0
2026-09-10 23:00:00,2026-09-11 23:00:00,1789156800,0.0
2026-09-11 00:00:00,2026-09-12 00:00:00,1789160400,0.0
2026-09-11 01:00:00,2026-09-12 01:00:00,1789164000,0.0
2026-09-11 02:00:00,2026-09-12 02:00:00,1789167600,0.0
2026-09-11 03:00:00,2026-09-12 03:00:00,1789171200,0.0
2026-09-11 04:00:00,2026-09-12 04:00:00,1789174800,0.0
2026-09-11 05:00:00,2026-09-12 05:00:00,1789178400,0.0
2026-09-11 06:00:00,2026-09-12 06:00:00,1789182000,0.0
2026-09-11 07:00:00,2026-09-12 07:00:00,1789185600,9.0
2026-09-11 08:00:00,2026-09-12 08:00:00,1789189200,139.0
2026-09-11 09:00:00,2026-09-12 09:00:00,1789192800,344.0
2026-09-11 10:00:00,2026-09-12 10:00:00,1789196400,543.0
2026-09-11 11:00:00,2026-09-12 11:00:00,1789200000,705.0
2026-09-11 12:00:00,2026-09-12 12:00:00,1789203600,817.0
2026-09-11 13:00:00,2026-09-12 13:00:00,1789207200,862.0
2026-09-11 14:00:00,2026-09-12 14:00:00,1789210800,839.0
2026-09-11 15:00:00,2026-09-12 15:00:00,1789214400,760.0
2026-09-11 16:00:00,2026-09-12 16:00:00,1789218000,634.0
2026-09-11 17:00:00,2026-09-12 17:00:00,1789221600,455.0
2026-09-11 18:00:00,2026-09-12 18:00:00,1789225200,249.0
2026-09-11 19:00:00,2026-09-12 19:00:00,1789228800,61.0
2026-09-11 20:00:00,2026-09-12 20:00:00,1789232400,0.0
2026-09-11 21:00:00,2026-09-12 21:00:00,1789236000,0.0
2026-09-11 22:00:00,2026-09-12 22:00:00,1789239600,0.0
2026-09-11 23:00:00,2026-09-12 23:00:00,1789243200,0.0
2026-09-12 00:00:00,2026-09-13 00:00:00,1789246800,0.0
2026-09-12 01:00:00,2026-09-13 01:00:00,1789250400,0.0
2026-09-12 02:00:00,2026-09-13 02:00:00,1789254000,0.0
2026-09-12 03:00:00,2026-09-13 03:00:00,1789257600,0.0
2026-09-12 04:00:00,2026-09-13 04:00:00,1789261200,0.0
2026-09-12 05:00:00,2026-09-13 05:00:00,1789264800,0.0
2026-09-12 06:00:00,2026-09-13 06:00:00,1789268400,0.0
2026-09-12 07:00:00,2026-09-13 07:00:00,1789272000,8.0
2026-09-12 08:00:00,2026-09-13 08:00:00,1789275600,135.0
2026-09-12 09:00:00,2026-09-13 09:00:00,1789279200,340.0
2026-09-12 10:00:00,2026-09-13 10:00:00,1789282800,538.0
2026-09-12 11:00:00,2026-09-13 11:00:00,1789286400,703.0
2026-09-12 12:00:00,2026-09-13 12:00:00,1789290000,817.0
2026-09-12 13:00:00,2026-09-13 13:00:00,1789293600,868.0
2026-09-12 14:00:00,2026-09-13 14:00:00,1789297200,854.0
2026-09-12 15:00:00,2026-09-13 15:00:00,1789300800,773.0
2026-09-12 16:00:00,2026-09-13 16:00:00,1789304400,635.0
2026-09-12 17:00:00,2026-09-13 17:00:00,1789308000,454.0
2026-09-12 18:00:00,2026-09-13 18:00:00,1789311600,247.0
2026-09-12 19:00:00,2026-09-13 19:00:00,1789315200,58.0
2026-09-12 20:00:00,2026-09-13 20:00:00,1789318800,0.0
2026-09-12 21:00:00,2026-09-13 21:00:00,1789322400,0.0
2026-09-12 22:00:00,2026-09-13 22:00:00,1789326000,0.0
2026-09-12 23:00:00,2026-09-13 23:00:00,1789329600,0.0
2026-09-13 00:00:00,2026-09-14 00:00:00,1789333200,0.0
2026-09-13 01:00:00,2026-09-14 01:00:00,1789336800,0.0
2026-09-13 02:00:00,2026-09-14 02:00:00,1789340400,0.0
2026-09-13 03:00:00,2026-09-14 03:00:00,1789344000,0.0
2026-09-13 04:00:00,2026-09-14 04:00:00,1789347600,0.0
2026-09-13 05:00:00,2026-09-14 05:00:00,1789351200,0.0
2026-09-13 06:00:00,2026-09-14 06:00:00,1789354800,0.0
2026-09-13 07:00:00,2026-09-14 07:00:00,1789358400,8.0
2026-09-13 08:00:00,2026-09-14 08:00:00,1789362000,132.0
2026-09-13 09:00:00,2026-09-14 09:00:00,1789365600,332.0
2026-09-13 10:00:00,2026-09-14 10:00:00,1789369200,527.0
2026-09-13 11:00:00,2026-09-14 11:00:00,1789372800,690.0
2026-09-13 12:00:00,2026-09-14 12:00:00,1789376400,802.0
2026-09-13 13:00:00,2026-09-14 13:00:00,1789380000,852.0
2026-09-13 14:00:00,2026-09-14 14:00:00,1789383600,836.0
2026-09-13 15:00:00,2026-09-14 15:00:00,1789387200,755.0
2026-09-13 16:00:00,2026-09-14 16:00:00,1789390800,616.0
2026-09-13 17:00:00,2026-09-14 17:00:00,1789394400,436.0
2026-09-13 18:00:00,2026-09-14 18:00:00,1789398000,234.0
2026-09-13 19:00:00,2026-09-14 19:00:00,1789401600,52.0
2026-09-13 20:00:00,2026-09-14 20:00:00,1789405200,0.0
2026-09-13 21:00:00,2026-09-14 21:00:00,1789408800,0.0
2026-09-13 22:00:00,2026-09-14 22:00:00,1789412400,0.0
2026-09-13 23:00:00,2026-09-14 23:00:00,1789416000,0.0
2026-09-14 00:00:00,2026-09-15 00:00:00,1789419600,0.0
2026-09-14 01:00:00,2026-09-15 01:00:00,1789423200,0.0
2026-09-14 02:00:00,2026-09-15 02:00:00,1789426800,0.0
2026-09-14 03:00:00,2026-09-15 03:00:00,1789430400,0.0
2026-09-14 04:00:00,2026-09-15 04:00:00,1789434000,0.0
2026-09-14 05:00:00,2026-09-15 05:00:00,1789437600,0.0
2026-09-14 06:00:00,2026-09-15 06:00:00,1789441200,0.0
2026-09-14 07:00:00,2026-09-15 07:00:00,1789444800,7.0
2026-09-14 08:00:00,2026-09-15 08:00:00,1789448400,126.0
2026-09-14 09:00:00,2026-09-15 09:00:00,1789452000,326.0
2026-09-14 10:00:00,2026-09-15 10:00:00,1789455600,513.0
2026-09-14 11:00:00,2026-09-15 11:00:00,1789459200,671.0
2026-09-14 12:00:00,2026-09-15 12:00:00,1789462800,777.0
2026-09-14 13:00:00,2026-09-15 13:00:00,1789466400,821.0
2026-09-14 14:00:00,2026-09-15 14:00:00,1789470000,814.0
2026-09-14 15:00:00,2026-09-15 15:00:00,1789473600,736.0
2026-09-14 16:00:00,2026-09-15 16:00:00,1789477200,611.0
2026-09-14 17:00:00,2026-09-15 17:00:00,1789480800,432.0
2026-09-14 18:00:00,2026-09-15 18:00:00,1789484400,229.0
2026-09-14 19:00:00,2026-09-15 19:00:00,1789488000,49.0
2026-09-14 20:00:00,2026-09-15 20:00:00,1789491600,0.0
2026-09-14 21:00:00,2026-09-15 21:00:00,1789495200,0.0
2026-09-14 22:00:00,2026-09-15 22:00:00,1789498800,0.0
2026-09-14 23:00:00,2026-09-15 23:00:00,1789502400,0.0
2026-09-15 00:00:00,2026-09-16 00:00:00,1789506000,0.0
2026-09-15 01:00:00,2026-09-16 01:00:00,1789509600,0.0
2026-09-15 02:00:00,2026-09-16 02:00:00,1789513200,0.0
2026-09-15 03:00:00,2026-09-16 03:00:00,1789516800,0.0
2026-09-15 04:00:00,2026-09-16 04:00:00,1789520400,0.0
2026-09-15 05:00:00,2026-09-16 05:00:00,1789524000,0.0
2026-09-15 06:00:00,2026-09-16 06:00:00,1789527600,0.0
2026-09-15 07:00:00,2026-09-16 07:00:00,1789531200,7.0
2026-09-15 08:00:00,2026-09-16 08:00:00,1789534800,129.0
2026-09-15 09:00:00,2026-09-16 09:00:00,1789538400,330.0
2026-09-15 10:00:00,2026-09-16 10:00:00,1789542000,530.0
2026-09-15 11:00:00,2026-09-16 11:00:00,1789545600,692.0
2026-09-15 12:00:00,2026-09-16 12:00:00,1789549200,805.0
2026-09-15 13:00:00,2026-09-16 13:00:00,1789552800,855.0
2026-09-15 14:00:00,2026-09-16 14:00:00,1789556400,837.0
2026-09-15 15:00:00,2026-09-16 15:00:00,1789560000,752.0
2026-09-15 16:00:00,2026-09-16 16:00:00,1789563600,614.0
2026-09-15 17:00:00,2026-09-16 17:00:00,1789567200,433.0
2026-09-15 18:00:00,2026-09-16 18:00:00,1789570800,228.0
2026-09-15 19:00:00,2026-09-16 19:00:00,1789574400,47.0
2026-09-15 20:00:00,2026-09-16 20:00:00,1789578000,0.0
2026-09-15 21:00:00,2026-09-16 21:00:00,1789581600,0.0
2026-09-15 22:00:00,2026-09-16 22:00:00,1789585200,0.0
2026-09-15 23:00:00,2026-09-16 23:00:00,1789588800,0.0
2026-09-16 00:00:00,2026-09-17 00:00:00,1789592400,0.0
2026-09-16 01:00:00,2026-09-17 01:00:00,1789596000,0.0
2026-09-16 02:00:00,2026-09-17 02:00:00,1789599600,0.0
2026-09-16 03:00:00,2026-09-17 03:00:00,1789603200,0.0
2026-09-16 04:00:00,2026-09-17 04:00:00,1789606800,0.0
2026-09-16 05:00:00,2026-09-17 05:00:00,1789610400,0.0
2026-09-16 06:00:00,2026-09-17 06:00:00,1789614000,0.0
2026-09-16 07:00:00,2026-09-17 07:00:00,1789617600,6.0
2026-09-16 08:00:00,2026-09-17 08:00:00,1789621200,124.0
2026-09-16 09:00:00,2026-09-17 09:00:00,1789624800,308.0
2026-09-16 10:00:00,2026-09-17 10:00:00,1789628400,474.0
2026-09-16 11:00:00,2026-09-17 11:00:00,1789632000,646.0
2026-09-16 12:00:00,2026-09-17 12:00:00,1789635600,772.0
2026-09-16 13:00:00,2026-09-17 13:00:00,1789639200,712.0
2026-09-16 14:00:00,2026-09-17 14:00:00,1789642800,739.0
2026-09-16 15:00:00,2026-09-17 15:00:00,1789646400,714.0
2026-09-16 16:00:00,2026-09-17 16:00:00,1789650000,508.0
2026-09-16 17:00:00,2026-09-17 17:00:00,1789653600,331.0
2026-09-16 18:00:00,2026-09-17 18:00:00,1789657200,158.0
2026-09-16 19:00:00,2026-09-17 19:00:00,1789660800,27.0
2026-09-16 20:00:00,2026-09-17 20:00:00,1789664400,0.0
2026-09-16 21:00:00,2026-09-17 21:00:00,1789668000,0.0
2026-09-16 22:00:00,2026-09-17 22:00:00,1789671600,0.0
2026-09-16 23:00:00,2026-09-17 23:00:00,1789675200,0.0
2026-09-17 00:00:00,2026-09-18 00:00:00,1789678800,0.0
2026-09-17 01:00:00,2026-09-18 01:00:00,1789682400,0.0
2026-09-17 02:00:00,2026-09-18 02:00:00,1789686000,0.0
2026-09-17 03:00:00,2026-09-18 03:00:00,1789689600,0.0
2026-09-17 04:00:00,2026-09-18 04:00:00,1789693200,0.0
2026-09-17 05:00:00,2026-09-18 05:00:00,1789696800,0.0
2026-09-17 06:00:00,2026-09-18 06:00:00,1789700400,0.0
2026-09-17 07:00:00,2026-09-18 07:00:00,1789704000,5.0
2026-09-17 08:00:00,2026-09-18 08:00:00,1789707600,109.0
2026-09-17 09:00:00,2026-09-18 09:00:00,1789711200,298.0
2026-09-17 10:00:00,2026-09-18 10:00:00,1789714800,495.0
2026-09-17 11:00:00,2026-09-18 11:00:00,1789718400,652.0
2026-09-17 12:00:00,2026-09-18 12:00:00,1789722000,752.0
2026-09-17 13:00:00,2026-09-18 13:00:00,1789725600,827.0
2026-09-17 14:00:00,2026-09-18 14:00:00,1789729200,809.0
2026-09-17 15:00:00,2026-09-18 15:00:00,1789732800,735.0
2026-09-17 16:00:00,2026-09-18 16:00:00,1789736400,572.0
2026-09-17 17:00:00,2026-09-18 17:00:00,1789740000,399.0
2026-09-17 18:00:00,2026-09-18 18:00:00,1789743600,208.0
2026-09-17 19:00:00,2026-09-18 19:00:00,1789747200,39.0
2026-09-17 20:00:00,2026-09-18 20:00:00,1789750800,0.0
2026-09-17 21:00:00,2026-09-18 21:00:00,1789754400,0.0
2026-09-17 22:00:00,2026-09-18 22:00:00,1789758000,0.0
2026-09-17 23:00:00,2026-09-18 23:00:00,1789761600,0.0
2026-09-18 00:00:00,2026-09-19 00:00:00,1789765200,0.0
2026-09-18 01:00:00,2026-09-19 01:00:00,1789768800,0.0
2026-09-18 02:00:00,2026-09-19 02:00:00,1789772400,0.0
2026-09-18 03:00:00,2026-09-19 03:00:00,1789776000,0.0
2026-09-18 04:00:00,2026-09-19 04:00:00,1789779600,0.0
2026-09-18 05:00:00,2026-09-19 05:00:00,1789783200,0.0
2026-09-18 06:00:00,2026-09-19 06:00:00,1789786800,0.0
2026-09-18 07:00:00,2026-09-19 07:00:00,1789790400,5.0
2026-09-18 08:00:00,2026-09-19 08:00:00,1789794000,110.0
2026-09-18 09:00:00,2026-09-19 09:00:00,1789797600,277.0
2026-09-18 10:00:00,2026-09-19 10:00:00,1789801200,484.0
2026-09-18 11:00:00,2026-09-19 11:00:00,1789804800,657.0
2026-09-18 12:00:00,2026-09-19 12:00:00,1789808400,753.0
2026-09-18 13:00:00,2026-09-19 13:00:00,1789812000,791.0
2026-09-18 14:00:00,2026-09-19 14:00:00,1789815600,772.0
2026-09-18 15:00:00,2026-09-19 15:00:00,1789819200,687.0
2026-09-18 16:00:00,2026-09-19 16:00:00,1789822800,576.0
2026-09-18 17:00:00,2026-09-19 17:00:00,1789826400,386.0
2026-09-18 18:00:00,2026-09-19 18:00:00,1789830000,199.0
2026-09-18 19:00:00,2026-09-19 19:00:00,1789833600,36.0
2026-09-18 20:00:00,2026-09-19 20:00:00,1789837200,0.0
2026-09-18 21:00:00,2026-09-19 21:00:00,1789840800,0.0
2026-09-18 22:00:00,2026-09-19 22:00:00,1789844400,0.0
2026-09-18 23:00:00,2026-09-19 23:00:00,1789848000,0.0
2026-09-19 00:00:00,2026-09-20 00:00:00,1789851600,0.0
2026-09-19 01:00:00,2026-09-20 01:00:00,1789855200,0.0
2026-09-19 02:00:00,2026-09-20 02:00:00,1789858800,0.0
2026-09-19 03:00:00,2026-09-20 03:00:00,1789862400,0.0
2026-09-19 04:00:00,2026-09-20 04:00:00,1789866000,0.0
2026-09-19 05:00:00,2026-09-20 05:00:00,1789869600,0.0
2026-09-19 06:00:00,2026-09-20 06:00:00,1789873200,0.0
2026-09-19 07:00:00,2026-09-20 07:00:00,1789876800,5.0
2026-09-19 08:00:00,2026-09-20 08:00:00,1789880400,114.0
2026-09-19 09:00:00,2026-09-20 09:00:00,1789884000,312.0
2026-09-19 10:00:00,2026-09-20 10:00:00,1789887600,507.0
2026-09-19 11:00:00,2026-09-20 11:00:00,1789891200,666.0
2026-09-19 12:00:00,2026-09-20 12:00:00,1789894800,773.0
2026-09-19 13:00:00,2026-09-20 13:00:00,1789898400,808.0
2026-09-19 14:00:00,2026-09-20 14:00:00,1789902000,793.0
2026-09-19 15:00:00,2026-09-20 15:00:00,1789905600,692.0
2026-09-19 16:00:00,2026-09-20 16:00:00,1789909200,568.0
2026-09-19 17:00:00,2026-09-20 17:00:00,1789912800,386.0
2026-09-19 18:00:00,2026-09-20 18:00:00,1789916400,196.0
2026-09-19 19:00:00,2026-09-20 19:00:00,1789920000,35.0
2026-09-19 20:00:00,2026-09-20 20:00:00,1789923600,0.0
2026-09-19 21:00:00,2026-09-20 21:00:00,1789927200,0.0
2026-09-19 22:00:00,2026-09-20 22:00:00,1789930800,0.0
2026-09-19 23:00:00,2026-09-20 23:00:00,1789934400,0.0
2026-09-20 00:00:00,2026-09-21 00:00:00,1789938000,0.0
2026-09-20 01:00:00,2026-09-21 01:00:00,1789941600,0.0
2026-09-20 02:00:00,2026-09-21 02:00:00,1789945200,0.0
2026-09-20 03:00:00,2026-09-21 03:00:00,1789948800,0.0
2026-09-20 04:00:00,2026-09-21 04:00:00,1789952400,0.0
2026-09-20 05:00:00,2026-09-21 05:00:00,1789956000,0.0
2026-09-20 06:00:00,2026-09-21 06:00:00,1789959600,0.0
2026-09-20 07:00:00,2026-09-21 07:00:00,1789963200,4.0
2026-09-20 08:00:00,2026-09-21 08:00:00,1789966800,116.0
2026-09-20 09:00:00,2026-09-21 09:00:00,1789970400,313.0
2026-09-20 10:00:00,2026-09-21 10:00:00,1789974000,507.0
2026-09-20 11:00:00,2026-09-21 11:00:00,1789977600,667.0
2026-09-20 12:00:00,2026-09-21 12:00:00,1789981200,777.0
2026-09-20 13:00:00,2026-09-21 13:00:00,1789984800,823.0
2026-09-20 14:00:00,2026-09-21 14:00:00,1789988400,777.0
2026-09-20 15:00:00,2026-09-21 15:00:00,1789992000,708.0
2026-09-20 16:00:00,2026-09-21 16:00:00,1789995600,563.0
2026-09-20 17:00:00,2026-09-21 17:00:00,1789999200,385.0
2026-09-20 18:00:00,2026-09-21 18:00:00,1790002800,192.0
2026-09-20 19:00:00,2026-09-21 19:00:00,1790006400,32.0
2026-09-20 20:00:00,2026-09-21 20:00:00,1790010000,0.0
2026-09-20 21:00:00,2026-09-21 21:00:00,1790013600,0.0
2026-09-20 22:00:00,2026-09-21 22:00:00,1790017200,0.0
2026-09-20 23:00:00,2026-09-21 23:00:00,1790020800,0.0
2026-09-21 00:00:00,2026-09-22 00:00:00,1790024400,0.0
2026-09-21 01:00:00,2026-09-22 01:00:00,1790028000,0.0
2026-09-21 02:00:00,2026-09-22 02:00:00,1790031600,0.0
2026-09-21 03:00:00,2026-09-22 03:00:00,1790035200,0.0
2026-09-21 04:00:00,2026-09-22 04:00:00,1790038800,0.0
2026-09-21 05:00:00,2026-09-22 05:00:00,1790042400,0.0
2026-09-21 06:00:00,2026-09-22 06:00:00,1790046000,0.0
2026-09-21 07:00:00,2026-09-22 07:00:00,1790049600,4.0
2026-09-21 08:00:00,2026-09-22 08:00:00,1790053200,112.0
2026-09-21 09:00:00,2026-09-22 09:00:00,1790056800,308.0
2026-09-21 10:00:00,2026-09-22 10:00:00,1790060400,482.0
2026-09-21 11:00:00,2026-09-22 11:00:00,1790064000,656.0
2026-09-21 12:00:00,2026-09-22 12:00:00,1790067600,753.0
2026-09-21 13:00:00,2026-09-22 13:00:00,1790071200,783.0
2026-09-21 14:00:00,2026-09-22 14:00:00,1790074800,754.0
2026-09-21 15:00:00,2026-09-22 15:00:00,1790078400,676.0
2026-09-21 16:00:00,2026-09-22 16:00:00,1790082000,555.0
2026-09-21 17:00:00,2026-09-22 17:00:00,1790085600,376.0
2026-09-21 18:00:00,2026-09-22 18:00:00,1790089200,173.0
2026-09-21 19:00:00,2026-09-22 19:00:00,1790092800,28.0
2026-09-21 20:00:00,2026-09-22 20:00:00,1790096400,0.0
2026-09-21 21:00:00,2026-09-22 21:00:00,1790100000,0.0
2026-09-21 22:00:00,2026-09-22 22:00:00,1790103600,0.0
2026-09-21 23:00:00,2026-09-22 23:00:00,1790107200,0.0
2026-09-22 00:00:00,2026-09-23 00:00:00,1790110800,0.0
2026-09-22 01:00:00,2026-09-23 01:00:00,1790114400,0.0
2026-09-22 02:00:00,2026-09-23 02:00:00,1790118000,0.0
2026-09-22 03:00:00,2026-09-23 03:00:00,1790121600,0.0
2026-09-22 04:00:00,2026-09-23 04:00:00,1790125200,0.0
2026-09-22 05:00:00,2026-09-23 05:00:00,1790128800,0.0
2026-09-22 06:00:00,2026-09-23 06:00:00,1790132400,0.0
2026-09-22 07:00:00,2026-09-23 07:00:00,1790136000,4.0
2026-09-22 08:00:00,2026-09-23 08:00:00,1790139600,105.0
2026-09-22 09:00:00,2026-09-23 09:00:00,1790143200,299.0
2026-09-22 10:00:00,2026-09-23 10:00:00,1790146800,486.0
2026-09-22 11:00:00,2026-09-23 11:00:00,1790150400,654.0
2026-09-22 12:00:00,2026-09-23 12:00:00,1790154000,761.0
2026-09-22 13:00:00,2026-09-23 13:00:00,1790157600,775.0
2026-09-22 14:00:00,2026-09-23 14:00:00,1790161200,753.0
2026-09-22 15:00:00,2026-09-23 15:00:00,1790164800,670.0
2026-09-22 16:00:00,2026-09-23 16:00:00,1790168400,551.0
2026-09-22 17:00:00,2026-09-23 17:00:00,1790172000,374.0
2026-09-22 18:00:00,2026-09-23 18:00:00,1790175600,184.0
2026-09-22 19:00:00,2026-09-23 19:00:00,1790179200,27.0
2026-09-22 20:00:00,2026-09-23 20:00:00,1790182800,0.0
2026-09-22 21:00:00,2026-09-23 21:00:00,1790186400,0.0
2026-09-22 22:00:00,2026-09-23 22:00:00,1790190000,0.0
2026-09-22 23:00:00,2026-09-23 23:00:00,1790193600,0.0
2026-09-23 00:00:00,2026-09-24 00:00:00,1790197200,0.0
2026-09-23 01:00:00,2026-09-24 01:00:00,1790200800,0.0
2026-09-23 02:00:00,2026-09-24 02:00:00,1790204400,0.0
2026-09-23 03:00:00,2026-09-24 03:00:00,1790208000,0.0
2026-09-23 04:00:00,2026-09-24 04:00:00,1790211600,0.0
2026-09-23 05:00:00,2026-09-24 05:00:00,1790215200,0.0
2026-09-23 06:00:00,2026-09-24 06:00:00,1790218800,0.0
2026-09-23 07:00:00,2026-09-24 07:00:00,1790222400,3.0
2026-09-23 08:00:00,2026-09-24 08:00:00,1790226000,105.0
2026-09-23 09:00:00,2026-09-24 09:00:00,1790229600,298.0
2026-09-23 10:00:00,2026-09-24 10:00:00,1790233200,489.0
2026-09-23 11:00:00,2026-09-24 11:00:00,1790236800,649.0
2026-09-23 12:00:00,2026-09-24 12:00:00,1790240400,756.0
2026-09-23 13:00:00,2026-09-24 13:00:00,1790244000,806.0
2026-09-23 14:00:00,2026-09-24 14:00:00,1790247600,791.0
2026-09-23 15:00:00,2026-09-24 15:00:00,1790251200,711.0
2026-09-23 16:00:00,2026-09-24 16:00:00,1790254800,560.0
2026-09-23 17:00:00,2026-09-24 17:00:00,1790258400,383.0
2026-09-23 18:00:00,2026-09-24 18:00:00,1790262000,171.0
2026-09-23 19:00:00,2026-09-24 19:00:00,1790265600,24.0
2026-09-23 20:00:00,2026-09-24 20:00:00,1790269200,0.0
2026-09-23 21:00:00,2026-09-24 21:00:00,1790272800,0.0
2026-09-23 22:00:00,2026-09-24 22:00:00,1790276400,0.0
2026-09-23 23:00:00,2026-09-24 23:00:00,1790280000,0.0
2026-09-24 00:00:00,2026-09-25 00:00:00,1790283600,0.0
2026-09-24 01:00:00,2026-09-25 01:00:00,1790287200,0.0
2026-09-24 02:00:00,2026-09-25 02:00:00,1790290800,0.0
2026-09-24 03:00:00,2026-09-25 03:00:00,1790294400,0.0
2026-09-24 04:00:00,2026-09-25 04:00:00,1790298000,0.0
2026-09-24 05:00:00,2026-09-25 05:00:00,1790301600,0.0
2026-09-24 06:00:00,2026-09-25 06:00:00,1790305200,0.0
2026-09-24 07:00:00,2026-09-25 07:00:00,1790308800,3.0
2026-09-24 08:00:00,2026-09-25 08:00:00,1790312400,111.0
2026-09-24 09:00:00,2026-09-25 09:00:00,1790316000,312.0
2026-09-24 10:00:00,2026-09-25 10:00:00,1790319600,512.0
2026-09-24 11:00:00,2026-09-25 11:00:00,1790323200,675.0
2026-09-24 12:00:00,2026-09-25 12:00:00,1790326800,785.0
2026-09-24 13:00:00,2026-09-25 13:00:00,1790330400,832.0
2026-09-24 14:00:00,2026-09-25 14:00:00,1790334000,813.0
2026-09-24 15:00:00,2026-09-25 15:00:00,1790337600,727.0
2026-09-24 16:00:00,2026-09-25 16:00:00,1790341200,588.0
2026-09-24 17:00:00,2026-09-25 17:00:00,1790344800,399.0
2026-09-24 18:00:00,2026-09-25 18:00:00,1790348400,189.0
2026-09-24 19:00:00,2026-09-25 19:00:00,1790352000,25.0
2026-09-24 20:00:00,2026-09-25 20:00:00,1790355600,0.0
2026-09-24 21:00:00,2026-09-25 21:00:00,1790359200,0.0
2026-09-24 22:00:00,2026-09-25 22:00:00,1790362800,0.0
2026-09-24 23:00:00,2026-09-25 23:00:00,1790366400,0.0
2026-09-25 00:00:00,2026-09-26 00:00:00,1790370000,0.0
2026-09-25 01:00:00,2026-09-26 01:00:00,1790373600,0.0
2026-09-25 02:00:00,2026-09-26 02:00:00,1790377200,0.0
2026-09-25 03:00:00,2026-09-26 03:00:00,1790380800,0.0
2026-09-25 04:00:00,2026-09-26 04:00:00,1790384400,0.0
2026-09-25 05:00:00,2026-09-26 05:00:00,1790388000,0.0
2026-09-25 06:00:00,2026-09-26 06:00:00,1790391600,0.0
2026-09-25 07:00:00,2026-09-26 07:00:00,1790395200,3.0
2026-09-25 08:00:00,2026-09-26 08:00:00,1790398800,105.0
2026-09-25 09:00:00,2026-09-26 09:00:00,1790402400,301.0
2026-09-25 10:00:00,2026-09-26 10:00:00,1790406000,502.0
2026-09-25 11:00:00,2026-09-26 11:00:00,1790409600,661.0
2026-09-25 12:00:00,2026-09-26 12:00:00,1790413200,768.0
2026-09-25 13:00:00,2026-09-26 13:00:00,1790416800,802.0
2026-09-25 14:00:00,2026-09-26 14:00:00,1790420400,782.0
2026-09-25 15:00:00,2026-09-26 15:00:00,1790424000,680.0
2026-09-25 16:00:00,2026-09-26 16:00:00,1790427600,551.0
2026-09-25 17:00:00,2026-09-26 17:00:00,1790431200,359.0
2026-09-25 18:00:00,2026-09-26 18:00:00,1790434800,167.0
2026-09-25 19:00:00,2026-09-26 19:00:00,1790438400,21.0
2026-09-25 20:00:00,2026-09-26 20:00:00,1790442000,0.0
2026-09-25 21:00:00,2026-09-26 21:00:00,1790445600,0.0
2026-09-25 22:00:00,2026-09-26 22:00:00,1790449200,0.0
2026-09-25 23:00:00,2026-09-26 23:00:00,1790452800,0.0
2026-09-26 00:00:00,2026-09-27 00:00:00,1790456400,0.0
2026-09-26 01:00:00,2026-09-27 01:00:00,1790460000,0.0
2026-09-26 02:00:00,2026-09-27 02:00:00,1790463600,0.0
2026-09-26 03:00:00,2026-09-27 03:00:00,1790467200,0.0
2026-09-26 04:00:00,2026-09-27 04:00:00,1790470800,0.0
2026-09-26 05:00:00,2026-09-27 05:00:00,1790474400,0.0
2026-09-26 06:00:00,2026-09-27 06:00:00,1790478000,0.0
2026-09-26 07:00:00,2026-09-27 07:00:00,1790481600,2.0
2026-09-26 08:00:00,2026-09-27 08:00:00,1790485200,93.0
2026-09-26 09:00:00,2026-09-27 09:00:00,1790488800,270.0
2026-09-26 10:00:00,2026-09-27 10:00:00,1790492400,464.0
2026-09-26 11:00:00,2026-09-27 11:00:00,1790496000,570.0
2026-09-26 12:00:00,2026-09-27 12:00:00,1790499600,678.0
2026-09-26 13:00:00,2026-09-27 13:00:00,1790503200,737.0
2026-09-26 14:00:00,2026-09-27 14:00:00,1790506800,711.0
2026-09-26 15:00:00,2026-09-27 15:00:00,1790510400,653.0
2026-09-26 16:00:00,2026-09-27 16:00:00,1790514000,516.0
2026-09-26 17:00:00,2026-09-27 17:00:00,1790517600,328.0
2026-09-26 18:00:00,2026-09-27 18:00:00,1790521200,132.0
2026-09-26 19:00:00,2026-09-27 19:00:00,1790524800,18.0
2026-09-26 20:00:00,2026-09-27 20:00:00,1790528400,0.0
2026-09-26 21:00:00,2026-09-27 21:00:00,1790532000,0.0
2026-09-26 22:00:00,2026-09-27 22:00:00,1790535600,0.0
2026-09-26 23:00:00,2026-09-27 23:00:00,1790539200,0.0
2026-09-27 00:00:00,2026-09-28 00:00:00,1790542800,0.0
2026-09-27 01:00:00,2026-09-28 01:00:00,1790546400,0.0
2026-09-27 02:00:00,2026-09-28 02:00:00,1790550000,0.0
2026-09-27 03:00:00,2026-09-28 03:00:00,1790553600,0.0
2026-09-27 04:00:00,2026-09-28 04:00:00,1790557200,0.0
2026-09-27 05:00:00,2026-09-28 05:00:00,1790560800,0.0
2026-09-27 06:00:00,2026-09-28 06:00:00,1790564400,0.0
2026-09-27 07:00:00,2026-09-28 07:00:00,1790568000,2.0
2026-09-27 08:00:00,2026-09-28 08:00:00,1790571600,94.0
2026-09-27 09:00:00,2026-09-28 09:00:00,1790575200,268.0
2026-09-27 10:00:00,2026-09-28 10:00:00,1790578800,463.0
2026-09-27 11:00:00,2026-09-28 11:00:00,1790582400,605.0
2026-09-27 12:00:00,2026-09-28 12:00:00,1790586000,719.0
2026-09-27 13:00:00,2026-09-28 13:00:00,1790589600,726.0
2026-09-27 14:00:00,2026-09-28 14:00:00,1790593200,742.0
2026-09-27 15:00:00,2026-09-28 15:00:00,1790596800,624.0
2026-09-27 16:00:00,2026-09-28 16:00:00,1790600400,487.0
2026-09-27 17:00:00,2026-09-28 17:00:00,1790604000,347.0
2026-09-27 18:00:00,2026-09-28 18:00:00,1790607600,153.0
2026-09-27 19:00:00,2026-09-28 19:00:00,1790611200,16.0
2026-09-27 20:00:00,2026-09-28 20:00:00,1790614800,0.0
2026-09-27 21:00:00,2026-09-28 21:00:00,1790618400,0.0
2026-09-27 22:00:00,2026-09-28 22:00:00,1790622000,0.0
2026-09-27 23:00:00,2026-09-28 23:00:00,1790625600,0.0
