target_time,v2_source_origin,v2_prediction,ecmwf_prediction
2024-09-01 00:00:00,2024-08-31 00:00:00,0.8084493101864388,
2024-09-01 01:00:00,2024-08-31 01:00:00,0.8084493101864388,
2024-09-01 02:00:00,2024-08-31 02:00:00,0.8084493101864388,
2024-09-01 03:00:00,2024-08-31 03:00:00,0.8084493101864388,
2024-09-01 04:00:00,2024-08-31 04:00:00,0.8084493101864388,
2024-09-01 05:00:00,2024-08-31 05:00:00,0.8084493101864388,
2024-09-01 06:00:00,2024-08-31 06:00:00,0.8084493101864388,
2024-09-01 07:00:00,2024-08-31 07:00:00,16.49173942530222,
2024-09-01 08:00:00,2024-08-31 08:00:00,131.17652041428408,
2024-09-01 09:00:00,2024-08-31 09:00:00,276.84110821303,
2024-09-01 10:00:00,2024-08-31 10:00:00,497.6352168536533,
2024-09-01 11:00:00,2024-08-31 11:00:00,649.9558999155001,
2024-09-01 12:00:00,2024-08-31 12:00:00,755.1595409370083,
2024-09-01 13:00:00,2024-08-31 13:00:00,807.7911556591131,
2024-09-01 14:00:00,2024-08-31 14:00:00,789.0376690160311,
2024-09-01 15:00:00,2024-08-31 15:00:00,752.2427216584407,
2024-09-01 16:00:00,2024-08-31 16:00:00,648.2398888726972,
2024-09-01 17:00:00,2024-08-31 17:00:00,454.15466512374553,
2024-09-01 18:00:00,2024-08-31 18:00:00,262.778618029865,
2024-09-01 19:00:00,2024-08-31 19:00:00,83.61480716573277,
2024-09-01 20:00:00,2024-08-31 20:00:00,1.8670329871264133,
2024-09-01 21:00:00,2024-08-31 21:00:00,0.8084493101864388,
2024-09-01 22:00:00,2024-08-31 22:00:00,0.8084493101864388,
2024-09-01 23:00:00,2024-08-31 23:00:00,0.8084493101864388,
2024-09-02 00:00:00,2024-09-01 00:00:00,0.8084493101864388,
2024-09-02 01:00:00,2024-09-01 01:00:00,0.8084493101864388,
2024-09-02 02:00:00,2024-09-01 02:00:00,0.8084493101864388,
2024-09-02 03:00:00,2024-09-01 03:00:00,0.8084493101864388,
2024-09-02 04:00:00,2024-09-01 04:00:00,0.8084493101864388,
2024-09-02 05:00:00,2024-09-01 05:00:00,0.8084493101864388,
2024-09-02 06:00:00,2024-09-01 06:00:00,0.8084493101864388,
2024-09-02 07:00:00,2024-09-01 07:00:00,15.893374534060412,
2024-09-02 08:00:00,2024-09-01 08:00:00,139.82306030411777,
2024-09-02 09:00:00,2024-09-01 09:00:00,342.94408087840003,
2024-09-02 10:00:00,2024-09-01 10:00:00,501.89665092505624,
2024-09-02 11:00:00,2024-09-01 11:00:00,667.8610095608361,
2024-09-02 12:00:00,2024-09-01 12:00:00,781.8781701614116,
2024-09-02 13:00:00,2024-09-01 13:00:00,813.893175436616,
2024-09-02 14:00:00,2024-09-01 14:00:00,778.2983250883517,
2024-09-02 15:00:00,2024-09-01 15:00:00,749.9523450696902,
2024-09-02 16:00:00,2024-09-01 16:00:00,643.8642749942522,
2024-09-02 17:00:00,2024-09-01 17:00:00,461.1297025087853,
2024-09-02 18:00:00,2024-09-01 18:00:00,255.57488565006832,
2024-09-02 19:00:00,2024-09-01 19:00:00,83.0315785813864,
2024-09-02 20:00:00,2024-09-01 20:00:00,1.8670329871264133,
2024-09-02 21:00:00,2024-09-01 21:00:00,0.8084493101864388,
2024-09-02 22:00:00,2024-09-01 22:00:00,0.8084493101864388,
2024-09-02 23:00:00,2024-09-01 23:00:00,0.8084493101864388,
2024-09-03 00:00:00,2024-09-02 00:00:00,0.8084493101864388,
2024-09-03 01:00:00,2024-09-02 01:00:00,0.8084493101864388,
2024-09-03 02:00:00,2024-09-02 02:00:00,0.8084493101864388,
2024-09-03 03:00:00,2024-09-02 03:00:00,0.8084493101864388,
2024-09-03 04:00:00,2024-09-02 04:00:00,0.8084493101864388,
2024-09-03 05:00:00,2024-09-02 05:00:00,0.8084493101864388,
2024-09-03 06:00:00,2024-09-02 06:00:00,0.8084493101864388,
2024-09-03 07:00:00,2024-09-02 07:00:00,14.837669427111782,
2024-09-03 08:00:00,2024-09-02 08:00:00,138.0953295480702,
2024-09-03 09:00:00,2024-09-02 09:00:00,319.0535478376803,
2024-09-03 10:00:00,2024-09-02 10:00:00,484.23011163527036,
2024-09-03 11:00:00,2024-09-02 11:00:00,655.944938446044,
2024-09-03 12:00:00,2024-09-02 12:00:00,783.6358060580129,
2024-09-03 13:00:00,2024-09-02 13:00:00,842.80228680632,
2024-09-03 14:00:00,2024-09-02 14:00:00,798.4866962043758,
2024-09-03 15:00:00,2024-09-02 15:00:00,751.180747004937,
2024-09-03 16:00:00,2024-09-02 16:00:00,634.3894947466149,
2024-09-03 17:00:00,2024-09-02 17:00:00,456.34069596315794,
2024-09-03 18:00:00,2024-09-02 18:00:00,255.57488565006832,
2024-09-03 19:00:00,2024-09-02 19:00:00,78.63339917572789,
2024-09-03 20:00:00,2024-09-02 20:00:00,1.371736836808999,
2024-09-03 21:00:00,2024-09-02 21:00:00,0.8084493101864388,
2024-09-03 22:00:00,2024-09-02 22:00:00,0.8084493101864388,
2024-09-03 23:00:00,2024-09-02 23:00:00,0.8084493101864388,
2024-09-04 00:00:00,2024-09-03 00:00:00,0.8084493101864388,
2024-09-04 01:00:00,2024-09-03 01:00:00,0.8084493101864388,
2024-09-04 02:00:00,2024-09-03 02:00:00,0.8084493101864388,
2024-09-04 03:00:00,2024-09-03 03:00:00,0.8084493101864388,
2024-09-04 04:00:00,2024-09-03 04:00:00,0.8084493101864388,
2024-09-04 05:00:00,2024-09-03 05:00:00,0.8084493101864388,
2024-09-04 06:00:00,2024-09-03 06:00:00,0.8084493101864388,
2024-09-04 07:00:00,2024-09-03 07:00:00,13.745853537405367,
2024-09-04 08:00:00,2024-09-03 08:00:00,120.90291549051369,
2024-09-04 09:00:00,2024-09-03 09:00:00,285.3148831225102,
2024-09-04 10:00:00,2024-09-03 10:00:00,473.6268202864566,
2024-09-04 11:00:00,2024-09-03 11:00:00,654.28806165901,
2024-09-04 12:00:00,2024-09-03 12:00:00,772.5192230385023,
2024-09-04 13:00:00,2024-09-03 13:00:00,785.4677729694116,
2024-09-04 14:00:00,2024-09-03 14:00:00,775.7364892675727,
2024-09-04 15:00:00,2024-09-03 15:00:00,682.5330274864987,
2024-09-04 16:00:00,2024-09-03 16:00:00,607.2589408442398,
2024-09-04 17:00:00,2024-09-03 17:00:00,445.6405087377637,
2024-09-04 18:00:00,2024-09-03 18:00:00,254.36137446839126,
2024-09-04 19:00:00,2024-09-03 19:00:00,72.31067918456027,
2024-09-04 20:00:00,2024-09-03 20:00:00,1.1571428654463722,
2024-09-04 21:00:00,2024-09-03 21:00:00,0.8084493101864388,
2024-09-04 22:00:00,2024-09-03 22:00:00,0.8084493101864388,
2024-09-04 23:00:00,2024-09-03 23:00:00,0.8084493101864388,
2024-09-05 00:00:00,2024-09-04 00:00:00,0.8084493101864388,
2024-09-05 01:00:00,2024-09-04 01:00:00,0.8084493101864388,
2024-09-05 02:00:00,2024-09-04 02:00:00,0.8084493101864388,
2024-09-05 03:00:00,2024-09-04 03:00:00,0.8084493101864388,
2024-09-05 04:00:00,2024-09-04 04:00:00,0.8084493101864388,
2024-09-05 05:00:00,2024-09-04 05:00:00,0.8084493101864388,
2024-09-05 06:00:00,2024-09-04 06:00:00,0.8084493101864388,
2024-09-05 07:00:00,2024-09-04 07:00:00,14.337890212371136,
2024-09-05 08:00:00,2024-09-04 08:00:00,133.02887308376003,
2024-09-05 09:00:00,2024-09-04 09:00:00,310.8871477758419,
2024-09-05 10:00:00,2024-09-04 10:00:00,530.9025154580721,
2024-09-05 11:00:00,2024-09-04 11:00:00,661.7708262639844,
2024-09-05 12:00:00,2024-09-04 12:00:00,771.7629770009949,
2024-09-05 13:00:00,2024-09-04 13:00:00,817.3258618531078,
2024-09-05 14:00:00,2024-09-04 14:00:00,801.4959235075722,
2024-09-05 15:00:00,2024-09-04 15:00:00,735.5148834288433,
2024-09-05 16:00:00,2024-09-04 16:00:00,627.6628247184922,
2024-09-05 17:00:00,2024-09-04 17:00:00,473.03182482150504,
2024-09-05 18:00:00,2024-09-04 18:00:00,248.8351513282566,
2024-09-05 19:00:00,2024-09-04 19:00:00,70.11970574851372,
2024-09-05 20:00:00,2024-09-04 20:00:00,1.1571428654463722,
2024-09-05 21:00:00,2024-09-04 21:00:00,0.8084493101864388,
2024-09-05 22:00:00,2024-09-04 22:00:00,0.8084493101864388,
2024-09-05 23:00:00,2024-09-04 23:00:00,0.8084493101864388,
2024-09-06 00:00:00,2024-09-05 00:00:00,0.8084493101864388,
2024-09-06 01:00:00,2024-09-05 01:00:00,0.8084493101864388,
2024-09-06 02:00:00,2024-09-05 02:00:00,0.8084493101864388,
2024-09-06 03:00:00,2024-09-05 03:00:00,0.8084493101864388,
2024-09-06 04:00:00,2024-09-05 04:00:00,0.8084493101864388,
2024-09-06 05:00:00,2024-09-05 05:00:00,0.8084493101864388,
2024-09-06 06:00:00,2024-09-05 06:00:00,0.8084493101864388,
2024-09-06 07:00:00,2024-09-05 07:00:00,11.574673320163598,
2024-09-06 08:00:00,2024-09-05 08:00:00,132.3084726438352,
2024-09-06 09:00:00,2024-09-05 09:00:00,306.9854923534259,
2024-09-06 10:00:00,2024-09-05 10:00:00,528.8879145222851,
2024-09-06 11:00:00,2024-09-05 11:00:00,657.1421790374072,
2024-09-06 12:00:00,2024-09-05 12:00:00,795.8735803664549,
2024-09-06 13:00:00,2024-09-05 13:00:00,820.6896390720703,
2024-09-06 14:00:00,2024-09-05 14:00:00,817.451561216164,
2024-09-06 15:00:00,2024-09-05 15:00:00,740.2375096637376,
2024-09-06 16:00:00,2024-09-05 16:00:00,612.2698890875445,
2024-09-06 17:00:00,2024-09-05 17:00:00,415.8031615909808,
2024-09-06 18:00:00,2024-09-05 18:00:00,236.66228505916698,
2024-09-06 19:00:00,2024-09-05 19:00:00,70.11970574851372,
2024-09-06 20:00:00,2024-09-05 20:00:00,0.8084493101864388,
2024-09-06 21:00:00,2024-09-05 21:00:00,0.8084493101864388,
2024-09-06 22:00:00,2024-09-05 22:00:00,0.8084493101864388,
2024-09-06 23:00:00,2024-09-05 23:00:00,0.8084493101864388,
2024-09-07 00:00:00,2024-09-06 00:00:00,0.8084493101864388,
2024-09-07 01:00:00,2024-09-06 01:00:00,0.8084493101864388,
2024-09-07 02:00:00,2024-09-06 02:00:00,0.8084493101864388,
2024-09-07 03:00:00,2024-09-06 03:00:00,0.8084493101864388,
2024-09-07 04:00:00,2024-09-06 04:00:00,0.8084493101864388,
2024-09-07 05:00:00,2024-09-06 05:00:00,0.8084493101864388,
2024-09-07 06:00:00,2024-09-06 06:00:00,0.8084493101864388,
2024-09-07 07:00:00,2024-09-06 07:00:00,10.185071890188452,
2024-09-07 08:00:00,2024-09-06 08:00:00,126.84609334003775,
2024-09-07 09:00:00,2024-09-06 09:00:00,329.8406215781376,
2024-09-07 10:00:00,2024-09-06 10:00:00,530.0270116189049,
2024-09-07 11:00:00,2024-09-06 11:00:00,662.1425500488888,
2024-09-07 12:00:00,2024-09-06 12:00:00,796.3681782596989,
2024-09-07 13:00:00,2024-09-06 13:00:00,823.985859412147,
2024-09-07 14:00:00,2024-09-06 14:00:00,816.0363989686726,
2024-09-07 15:00:00,2024-09-06 15:00:00,706.0971346026763,
2024-09-07 16:00:00,2024-09-06 16:00:00,575.818099520025,
2024-09-07 17:00:00,2024-09-06 17:00:00,366.79907970860944,
2024-09-07 18:00:00,2024-09-06 18:00:00,222.1238551274001,
2024-09-07 19:00:00,2024-09-06 19:00:00,60.29608052873123,
2024-09-07 20:00:00,2024-09-06 20:00:00,0.8084493101864388,
2024-09-07 21:00:00,2024-09-06 21:00:00,0.8084493101864388,
2024-09-07 22:00:00,2024-09-06 22:00:00,0.8084493101864388,
2024-09-07 23:00:00,2024-09-06 23:00:00,0.8084493101864388,
2024-09-08 00:00:00,2024-09-07 00:00:00,0.8084493101864388,
2024-09-08 01:00:00,2024-09-07 01:00:00,0.8084493101864388,
2024-09-08 02:00:00,2024-09-07 02:00:00,0.8084493101864388,
2024-09-08 03:00:00,2024-09-07 03:00:00,0.8084493101864388,
2024-09-08 04:00:00,2024-09-07 04:00:00,0.8084493101864388,
2024-09-08 05:00:00,2024-09-07 05:00:00,0.8084493101864388,
2024-09-08 06:00:00,2024-09-07 06:00:00,0.8084493101864388,
2024-09-08 07:00:00,2024-09-07 07:00:00,10.185071890188452,
2024-09-08 08:00:00,2024-09-07 08:00:00,133.74509527690358,
2024-09-08 09:00:00,2024-09-07 09:00:00,316.6180159801625,
2024-09-08 10:00:00,2024-09-07 10:00:00,496.3170991693639,
2024-09-08 11:00:00,2024-09-07 11:00:00,668.7407448796024,
2024-09-08 12:00:00,2024-09-07 12:00:00,805.6101549960434,
2024-09-08 13:00:00,2024-09-07 13:00:00,825.0982931135868,
2024-09-08 14:00:00,2024-09-07 14:00:00,832.7492538727931,
2024-09-08 15:00:00,2024-09-07 15:00:00,745.8114131631293,
2024-09-08 16:00:00,2024-09-07 16:00:00,586.9587077887926,
2024-09-08 17:00:00,2024-09-07 17:00:00,413.5204816616728,
2024-09-08 18:00:00,2024-09-07 18:00:00,212.81259078156393,
2024-09-08 19:00:00,2024-09-07 19:00:00,60.764573026069954,
2024-09-08 20:00:00,2024-09-07 20:00:00,0.8084493101864388,
2024-09-08 21:00:00,2024-09-07 21:00:00,0.8084493101864388,
2024-09-08 22:00:00,2024-09-07 22:00:00,0.8084493101864388,
2024-09-08 23:00:00,2024-09-07 23:00:00,0.8084493101864388,
2024-09-09 00:00:00,2024-09-08 00:00:00,0.8084493101864388,
2024-09-09 01:00:00,2024-09-08 01:00:00,0.8084493101864388,
2024-09-09 02:00:00,2024-09-08 02:00:00,0.8084493101864388,
2024-09-09 03:00:00,2024-09-08 03:00:00,0.8084493101864388,
2024-09-09 04:00:00,2024-09-08 04:00:00,0.8084493101864388,
2024-09-09 05:00:00,2024-09-08 05:00:00,0.8084493101864388,
2024-09-09 06:00:00,2024-09-08 06:00:00,0.8084493101864388,
2024-09-09 07:00:00,2024-09-08 07:00:00,9.393197899412256,
2024-09-09 08:00:00,2024-09-08 08:00:00,133.03011485513545,
2024-09-09 09:00:00,2024-09-08 09:00:00,307.1153962830969,
2024-09-09 10:00:00,2024-09-08 10:00:00,535.2719772619909,
2024-09-09 11:00:00,2024-09-08 11:00:00,666.8983118888326,
2024-09-09 12:00:00,2024-09-08 12:00:00,806.109510009753,
2024-09-09 13:00:00,2024-09-08 13:00:00,817.4087421737752,
2024-09-09 14:00:00,2024-09-08 14:00:00,819.0852479233688,
2024-09-09 15:00:00,2024-09-08 15:00:00,779.948935273707,
2024-09-09 16:00:00,2024-09-08 16:00:00,626.6357991987102,
2024-09-09 17:00:00,2024-09-08 17:00:00,421.0669356563338,
2024-09-09 18:00:00,2024-09-08 18:00:00,214.28543807375272,
2024-09-09 19:00:00,2024-09-08 19:00:00,57.096222034892214,
2024-09-09 20:00:00,2024-09-08 20:00:00,0.8084493101864388,
2024-09-09 21:00:00,2024-09-08 21:00:00,0.8084493101864388,
2024-09-09 22:00:00,2024-09-08 22:00:00,0.8084493101864388,
2024-09-09 23:00:00,2024-09-08 23:00:00,0.8084493101864388,
2024-09-10 00:00:00,2024-09-09 00:00:00,0.8084493101864388,
2024-09-10 01:00:00,2024-09-09 01:00:00,0.8084493101864388,
2024-09-10 02:00:00,2024-09-09 02:00:00,0.8084493101864388,
2024-09-10 03:00:00,2024-09-09 03:00:00,0.8084493101864388,
2024-09-10 04:00:00,2024-09-09 04:00:00,0.8084493101864388,
2024-09-10 05:00:00,2024-09-09 05:00:00,0.8084493101864388,
2024-09-10 06:00:00,2024-09-09 06:00:00,0.8084493101864388,
2024-09-10 07:00:00,2024-09-09 07:00:00,9.393197899412256,
2024-09-10 08:00:00,2024-09-09 08:00:00,138.52111987545823,
2024-09-10 09:00:00,2024-09-09 09:00:00,312.8118311550891,
2024-09-10 10:00:00,2024-09-09 10:00:00,543.285575750279,
2024-09-10 11:00:00,2024-09-09 11:00:00,634.7288326373194,
2024-09-10 12:00:00,2024-09-09 12:00:00,800.0526556760734,
2024-09-10 13:00:00,2024-09-09 13:00:00,844.9980287582129,
2024-09-10 14:00:00,2024-09-09 14:00:00,831.3537063430202,
2024-09-10 15:00:00,2024-09-09 15:00:00,741.5118042918843,
2024-09-10 16:00:00,2024-09-09 16:00:00,594.6271637280174,
2024-09-10 17:00:00,2024-09-09 17:00:00,397.91339060843484,
2024-09-10 18:00:00,2024-09-09 18:00:00,227.9905639342617,
2024-09-10 19:00:00,2024-09-09 19:00:00,56.9388405864347,
2024-09-10 20:00:00,2024-09-09 20:00:00,0.8084493101864388,
2024-09-10 21:00:00,2024-09-09 21:00:00,0.8084493101864388,
2024-09-10 22:00:00,2024-09-09 22:00:00,0.8084493101864388,
2024-09-10 23:00:00,2024-09-09 23:00:00,0.8084493101864388,
2024-09-11 00:00:00,2024-09-10 00:00:00,0.8084493101864388,
2024-09-11 01:00:00,2024-09-10 01:00:00,0.8084493101864388,
2024-09-11 02:00:00,2024-09-10 02:00:00,0.8084493101864388,
2024-09-11 03:00:00,2024-09-10 03:00:00,0.8084493101864388,
2024-09-11 04:00:00,2024-09-10 04:00:00,0.8084493101864388,
2024-09-11 05:00:00,2024-09-10 05:00:00,0.8084493101864388,
2024-09-11 06:00:00,2024-09-10 06:00:00,0.8084493101864388,
2024-09-11 07:00:00,2024-09-10 07:00:00,9.393197899412256,
2024-09-11 08:00:00,2024-09-10 08:00:00,122.87565677776422,
2024-09-11 09:00:00,2024-09-10 09:00:00,309.92666650819825,
2024-09-11 10:00:00,2024-09-10 10:00:00,528.6860842664196,
2024-09-11 11:00:00,2024-09-10 11:00:00,666.6886536072071,
2024-09-11 12:00:00,2024-09-10 12:00:00,801.0542583186048,
2024-09-11 13:00:00,2024-09-10 13:00:00,836.3904118500102,
2024-09-11 14:00:00,2024-09-10 14:00:00,808.0815760634562,
2024-09-11 15:00:00,2024-09-10 15:00:00,753.8795950950779,
2024-09-11 16:00:00,2024-09-10 16:00:00,614.4895084403282,
2024-09-11 17:00:00,2024-09-10 17:00:00,441.20236751980826,
2024-09-11 18:00:00,2024-09-10 18:00:00,237.24693185783238,
2024-09-11 19:00:00,2024-09-10 19:00:00,55.733182491371295,
2024-09-11 20:00:00,2024-09-10 20:00:00,0.8084493101864388,
2024-09-11 21:00:00,2024-09-10 21:00:00,0.8084493101864388,
2024-09-11 22:00:00,2024-09-10 22:00:00,0.8084493101864388,
2024-09-11 23:00:00,2024-09-10 23:00:00,0.8084493101864388,
2024-09-12 00:00:00,2024-09-11 00:00:00,0.8084493101864388,
2024-09-12 01:00:00,2024-09-11 01:00:00,0.8084493101864388,
2024-09-12 02:00:00,2024-09-11 02:00:00,0.8084493101864388,
2024-09-12 03:00:00,2024-09-11 03:00:00,0.8084493101864388,
2024-09-12 04:00:00,2024-09-11 04:00:00,0.8084493101864388,
2024-09-12 05:00:00,2024-09-11 05:00:00,0.8084493101864388,
2024-09-12 06:00:00,2024-09-11 06:00:00,0.8084493101864388,
2024-09-12 07:00:00,2024-09-11 07:00:00,8.063857013145368,
2024-09-12 08:00:00,2024-09-11 08:00:00,132.3084726438352,
2024-09-12 09:00:00,2024-09-11 09:00:00,310.35847794107536,
2024-09-12 10:00:00,2024-09-11 10:00:00,527.4865099960996,
2024-09-12 11:00:00,2024-09-11 11:00:00,649.8269039102578,
2024-09-12 12:00:00,2024-09-11 12:00:00,784.8115004053245,
2024-09-12 13:00:00,2024-09-11 13:00:00,866.1695379773739,
2024-09-12 14:00:00,2024-09-11 14:00:00,823.0960850345498,
2024-09-12 15:00:00,2024-09-11 15:00:00,752.9940900201143,
2024-09-12 16:00:00,2024-09-11 16:00:00,615.6287114151085,
2024-09-12 17:00:00,2024-09-11 17:00:00,442.2780615665,
2024-09-12 18:00:00,2024-09-11 18:00:00,224.1689021835186,
2024-09-12 19:00:00,2024-09-11 19:00:00,54.95678421583313,
2024-09-12 20:00:00,2024-09-11 20:00:00,0.8084493101864388,
2024-09-12 21:00:00,2024-09-11 21:00:00,0.8084493101864388,
2024-09-12 22:00:00,2024-09-11 22:00:00,0.8084493101864388,
2024-09-12 23:00:00,2024-09-11 23:00:00,0.8084493101864388,
2024-09-13 00:00:00,2024-09-12 00:00:00,0.8084493101864388,
2024-09-13 01:00:00,2024-09-12 01:00:00,0.8084493101864388,
2024-09-13 02:00:00,2024-09-12 02:00:00,0.8084493101864388,
2024-09-13 03:00:00,2024-09-12 03:00:00,0.8084493101864388,0.0
2024-09-13 04:00:00,2024-09-12 04:00:00,0.8084493101864388,0.0
2024-09-13 05:00:00,2024-09-12 05:00:00,0.8084493101864388,0.0
2024-09-13 06:00:00,2024-09-12 06:00:00,0.8084493101864388,0.0
2024-09-13 07:00:00,2024-09-12 07:00:00,8.063857013145368,12.0
2024-09-13 08:00:00,2024-09-12 08:00:00,122.14921115089369,132.0
2024-09-13 09:00:00,2024-09-12 09:00:00,295.48483802029983,295.0
2024-09-13 10:00:00,2024-09-12 10:00:00,499.4225315588924,477.0
2024-09-13 11:00:00,2024-09-12 11:00:00,659.8865644981578,643.0
2024-09-13 12:00:00,2024-09-12 12:00:00,792.1429176558491,760.0
2024-09-13 13:00:00,2024-09-12 13:00:00,846.3144762381314,818.0
2024-09-13 14:00:00,2024-09-12 14:00:00,815.4314592942266,806.0
2024-09-13 15:00:00,2024-09-12 15:00:00,730.970150810564,723.0
2024-09-13 16:00:00,2024-09-12 16:00:00,589.4726841687009,585.0
2024-09-13 17:00:00,2024-09-12 17:00:00,417.71455813400325,412.0
2024-09-13 18:00:00,2024-09-12 18:00:00,219.11273927602923,224.0
2024-09-13 19:00:00,2024-09-12 19:00:00,47.952862164488565,58.0
2024-09-13 20:00:00,2024-09-12 20:00:00,0.8084493101864388,0.0
2024-09-13 21:00:00,2024-09-12 21:00:00,0.8084493101864388,0.0
2024-09-13 22:00:00,2024-09-12 22:00:00,0.8084493101864388,0.0
2024-09-13 23:00:00,2024-09-12 23:00:00,0.8084493101864388,0.0
2024-09-14 00:00:00,2024-09-13 00:00:00,0.8084493101864388,0.0
2024-09-14 01:00:00,2024-09-13 01:00:00,0.8084493101864388,0.0
2024-09-14 02:00:00,2024-09-13 02:00:00,0.8084493101864388,0.0
2024-09-14 03:00:00,2024-09-13 03:00:00,0.8084493101864388,0.0
2024-09-14 04:00:00,2024-09-13 04:00:00,0.8084493101864388,0.0
2024-09-14 05:00:00,2024-09-13 05:00:00,0.8084493101864388,0.0
2024-09-14 06:00:00,2024-09-13 06:00:00,0.8084493101864388,0.0
2024-09-14 07:00:00,2024-09-13 07:00:00,6.762312060232575,11.0
2024-09-14 08:00:00,2024-09-13 08:00:00,110.0510052863038,128.0
2024-09-14 09:00:00,2024-09-13 09:00:00,291.7675924527806,279.0
2024-09-14 10:00:00,2024-09-13 10:00:00,486.02396586361454,436.0
2024-09-14 11:00:00,2024-09-13 11:00:00,657.3541682319832,578.0
2024-09-14 12:00:00,2024-09-13 12:00:00,766.1978457543423,683.0
2024-09-14 13:00:00,2024-09-13 13:00:00,772.3612084495475,742.0
2024-09-14 14:00:00,2024-09-13 14:00:00,794.3142762199531,740.0
2024-09-14 15:00:00,2024-09-13 15:00:00,768.5185821400138,679.0
2024-09-14 16:00:00,2024-09-13 16:00:00,607.1630166577737,565.0
2024-09-14 17:00:00,2024-09-13 17:00:00,404.00903281142735,404.0
2024-09-14 18:00:00,2024-09-13 18:00:00,216.40195872167828,217.0
2024-09-14 19:00:00,2024-09-13 19:00:00,47.952862164488565,53.0
2024-09-14 20:00:00,2024-09-13 20:00:00,0.8084493101864388,0.0
2024-09-14 21:00:00,2024-09-13 21:00:00,0.8084493101864388,0.0
2024-09-14 22:00:00,2024-09-13 22:00:00,0.8084493101864388,0.0
2024-09-14 23:00:00,2024-09-13 23:00:00,0.8084493101864388,0.0
2024-09-15 00:00:00,2024-09-14 00:00:00,0.8084493101864388,0.0
2024-09-15 01:00:00,2024-09-14 01:00:00,0.8084493101864388,0.0
2024-09-15 02:00:00,2024-09-14 02:00:00,0.8084493101864388,0.0
2024-09-15 03:00:00,2024-09-14 03:00:00,0.8084493101864388,0.0
2024-09-15 04:00:00,2024-09-14 04:00:00,0.8084493101864388,0.0
2024-09-15 05:00:00,2024-09-14 05:00:00,0.8084493101864388,0.0
2024-09-15 06:00:00,2024-09-14 06:00:00,0.8084493101864388,0.0
2024-09-15 07:00:00,2024-09-14 07:00:00,6.559263758766899,12.0
2024-09-15 08:00:00,2024-09-14 08:00:00,117.83980424002505,144.0
2024-09-15 09:00:00,2024-09-14 09:00:00,296.997384695051,321.0
2024-09-15 10:00:00,2024-09-14 10:00:00,479.7325040806835,511.0
2024-09-15 11:00:00,2024-09-14 11:00:00,667.6277318509522,675.0
2024-09-15 12:00:00,2024-09-14 12:00:00,759.0325817725003,779.0
2024-09-15 13:00:00,2024-09-14 13:00:00,815.6587699913908,816.0
2024-09-15 14:00:00,2024-09-14 14:00:00,793.0370069899514,776.0
2024-09-15 15:00:00,2024-09-14 15:00:00,681.4559558564973,661.0
2024-09-15 16:00:00,2024-09-14 16:00:00,620.8724912832931,498.0
2024-09-15 17:00:00,2024-09-14 17:00:00,414.38512415869275,327.0
2024-09-15 18:00:00,2024-09-14 18:00:00,216.4773774140613,168.0
2024-09-15 19:00:00,2024-09-14 19:00:00,47.952862164488565,39.0
2024-09-15 20:00:00,2024-09-14 20:00:00,0.8084493101864388,0.0
2024-09-15 21:00:00,2024-09-14 21:00:00,0.8084493101864388,0.0
2024-09-15 22:00:00,2024-09-14 22:00:00,0.8084493101864388,0.0
2024-09-15 23:00:00,2024-09-14 23:00:00,0.8084493101864388,0.0
2024-09-16 00:00:00,2024-09-15 00:00:00,0.8084493101864388,0.0
2024-09-16 01:00:00,2024-09-15 01:00:00,0.8084493101864388,0.0
2024-09-16 02:00:00,2024-09-15 02:00:00,0.8084493101864388,0.0
2024-09-16 03:00:00,2024-09-15 03:00:00,0.8084493101864388,0.0
2024-09-16 04:00:00,2024-09-15 04:00:00,0.8084493101864388,0.0
2024-09-16 05:00:00,2024-09-15 05:00:00,0.8084493101864388,0.0
2024-09-16 06:00:00,2024-09-15 06:00:00,0.8084493101864388,0.0
2024-09-16 07:00:00,2024-09-15 07:00:00,5.751618994202064,9.0
2024-09-16 08:00:00,2024-09-15 08:00:00,99.78616232841571,119.0
2024-09-16 09:00:00,2024-09-15 09:00:00,266.94923309457437,280.0
2024-09-16 10:00:00,2024-09-15 10:00:00,447.5814905369702,468.0
2024-09-16 11:00:00,2024-09-15 11:00:00,635.572114809476,642.0
2024-09-16 12:00:00,2024-09-15 12:00:00,710.4514891664431,758.0
2024-09-16 13:00:00,2024-09-15 13:00:00,756.1116650903148,808.0
2024-09-16 14:00:00,2024-09-15 14:00:00,768.8710555867029,783.0
2024-09-16 15:00:00,2024-09-15 15:00:00,681.7114696929277,686.0
2024-09-16 16:00:00,2024-09-15 16:00:00,580.4425698890524,535.0
2024-09-16 17:00:00,2024-09-15 17:00:00,394.51698526328425,362.0
2024-09-16 18:00:00,2024-09-15 18:00:00,196.4586781544819,188.0
2024-09-16 19:00:00,2024-09-15 19:00:00,42.28273915420255,42.0
2024-09-16 20:00:00,2024-09-15 20:00:00,0.8084493101864388,0.0
2024-09-16 21:00:00,2024-09-15 21:00:00,0.8084493101864388,0.0
2024-09-16 22:00:00,2024-09-15 22:00:00,0.8084493101864388,0.0
2024-09-16 23:00:00,2024-09-15 23:00:00,0.8084493101864388,0.0
2024-09-17 00:00:00,2024-09-16 00:00:00,0.8084493101864388,0.0
2024-09-17 01:00:00,2024-09-16 01:00:00,0.8084493101864388,0.0
2024-09-17 02:00:00,2024-09-16 02:00:00,0.8084493101864388,0.0
2024-09-17 03:00:00,2024-09-16 03:00:00,0.8084493101864388,0.0
2024-09-17 04:00:00,2024-09-16 04:00:00,0.8084493101864388,0.0
2024-09-17 05:00:00,2024-09-16 05:00:00,0.8084493101864388,0.0
2024-09-17 06:00:00,2024-09-16 06:00:00,0.8084493101864388,0.0
2024-09-17 07:00:00,2024-09-16 07:00:00,5.751618994202064,9.0
2024-09-17 08:00:00,2024-09-16 08:00:00,108.1298942728016,119.0
2024-09-17 09:00:00,2024-09-16 09:00:00,273.1745208397214,268.0
2024-09-17 10:00:00,2024-09-16 10:00:00,484.4781563602427,427.0
2024-09-17 11:00:00,2024-09-16 11:00:00,616.6429000476207,576.0
2024-09-17 12:00:00,2024-09-16 12:00:00,713.9271647637049,697.0
2024-09-17 13:00:00,2024-09-16 13:00:00,806.6878041824209,775.0
2024-09-17 14:00:00,2024-09-16 14:00:00,771.915644813568,785.0
2024-09-17 15:00:00,2024-09-16 15:00:00,660.9673997242093,718.0
2024-09-17 16:00:00,2024-09-16 16:00:00,552.2901070139575,589.0
2024-09-17 17:00:00,2024-09-16 17:00:00,378.2088406252952,414.0
2024-09-17 18:00:00,2024-09-16 18:00:00,183.57939943576596,216.0
2024-09-17 19:00:00,2024-09-16 19:00:00,33.15124378520643,46.0
2024-09-17 20:00:00,2024-09-16 20:00:00,0.8084493101864388,0.0
2024-09-17 21:00:00,2024-09-16 21:00:00,0.8084493101864388,0.0
2024-09-17 22:00:00,2024-09-16 22:00:00,0.8084493101864388,0.0
2024-09-17 23:00:00,2024-09-16 23:00:00,0.8084493101864388,0.0
2024-09-18 00:00:00,2024-09-17 00:00:00,0.8084493101864388,0.0
2024-09-18 01:00:00,2024-09-17 01:00:00,0.8084493101864388,0.0
2024-09-18 02:00:00,2024-09-17 02:00:00,0.8084493101864388,0.0
2024-09-18 03:00:00,2024-09-17 03:00:00,0.8084493101864388,0.0
2024-09-18 04:00:00,2024-09-17 04:00:00,0.8084493101864388,0.0
2024-09-18 05:00:00,2024-09-17 05:00:00,0.8084493101864388,0.0
2024-09-18 06:00:00,2024-09-17 06:00:00,0.8084493101864388,0.0
2024-09-18 07:00:00,2024-09-17 07:00:00,5.266361339063485,9.0
2024-09-18 08:00:00,2024-09-17 08:00:00,116.63414614496163,128.0
2024-09-18 09:00:00,2024-09-17 09:00:00,262.05963650584056,297.0
2024-09-18 10:00:00,2024-09-17 10:00:00,458.5897152255224,485.0
2024-09-18 11:00:00,2024-09-17 11:00:00,591.1071976085238,652.0
2024-09-18 12:00:00,2024-09-17 12:00:00,744.6749589216678,747.0
2024-09-18 13:00:00,2024-09-17 13:00:00,689.3727027084202,772.0
2024-09-18 14:00:00,2024-09-17 14:00:00,796.1828593548387,741.0
2024-09-18 15:00:00,2024-09-17 15:00:00,642.6361762375034,670.0
2024-09-18 16:00:00,2024-09-17 16:00:00,517.7005888290871,555.0
2024-09-18 17:00:00,2024-09-17 17:00:00,366.01102729519374,393.0
2024-09-18 18:00:00,2024-09-17 18:00:00,195.88600427910063,204.0
2024-09-18 19:00:00,2024-09-17 19:00:00,34.027122186840174,42.0
2024-09-18 20:00:00,2024-09-17 20:00:00,0.8084493101864388,0.0
2024-09-18 21:00:00,2024-09-17 21:00:00,0.8084493101864388,0.0
2024-09-18 22:00:00,2024-09-17 22:00:00,0.8084493101864388,0.0
2024-09-18 23:00:00,2024-09-17 23:00:00,0.8084493101864388,0.0
2024-09-19 00:00:00,2024-09-18 00:00:00,0.8084493101864388,0.0
2024-09-19 01:00:00,2024-09-18 01:00:00,0.8084493101864388,0.0
2024-09-19 02:00:00,2024-09-18 02:00:00,0.8084493101864388,0.0
2024-09-19 03:00:00,2024-09-18 03:00:00,0.8084493101864388,0.0
2024-09-19 04:00:00,2024-09-18 04:00:00,0.8084493101864388,0.0
2024-09-19 05:00:00,2024-09-18 05:00:00,0.8084493101864388,0.0
2024-09-19 06:00:00,2024-09-18 06:00:00,0.8084493101864388,0.0
2024-09-19 07:00:00,2024-09-18 07:00:00,5.159582319236296,8.0
2024-09-19 08:00:00,2024-09-18 08:00:00,109.89512206660918,120.0
2024-09-19 09:00:00,2024-09-18 09:00:00,287.12809176198203,274.0
2024-09-19 10:00:00,2024-09-18 10:00:00,487.11333658053087,436.0
2024-09-19 11:00:00,2024-09-18 11:00:00,617.8427063817287,584.0
2024-09-19 12:00:00,2024-09-18 12:00:00,701.5522818552112,693.0
2024-09-19 13:00:00,2024-09-18 13:00:00,830.738687537432,753.0
2024-09-19 14:00:00,2024-09-18 14:00:00,823.2853412459006,750.0
2024-09-19 15:00:00,2024-09-18 15:00:00,640.3489146854063,686.0
2024-09-19 16:00:00,2024-09-18 16:00:00,578.6262474733137,566.0
2024-09-19 17:00:00,2024-09-18 17:00:00,397.91394450142116,398.0
2024-09-19 18:00:00,2024-09-18 18:00:00,198.9461342342405,203.0
2024-09-19 19:00:00,2024-09-18 19:00:00,30.5162227876631,40.0
2024-09-19 20:00:00,2024-09-18 20:00:00,0.8084493101864388,0.0
2024-09-19 21:00:00,2024-09-18 21:00:00,0.8084493101864388,0.0
2024-09-19 22:00:00,2024-09-18 22:00:00,0.8084493101864388,0.0
2024-09-19 23:00:00,2024-09-18 23:00:00,0.8084493101864388,0.0
2024-09-20 00:00:00,2024-09-19 00:00:00,0.8084493101864388,0.0
2024-09-20 01:00:00,2024-09-19 01:00:00,0.8084493101864388,0.0
2024-09-20 02:00:00,2024-09-19 02:00:00,0.8084493101864388,0.0
2024-09-20 03:00:00,2024-09-19 03:00:00,0.8084493101864388,0.0
2024-09-20 04:00:00,2024-09-19 04:00:00,0.8084493101864388,0.0
2024-09-20 05:00:00,2024-09-19 05:00:00,0.8084493101864388,0.0
2024-09-20 06:00:00,2024-09-19 06:00:00,0.8084493101864388,0.0
2024-09-20 07:00:00,2024-09-19 07:00:00,5.159582319236296,7.0
2024-09-20 08:00:00,2024-09-19 08:00:00,107.98320240259682,118.0
2024-09-20 09:00:00,2024-09-19 09:00:00,273.1814521283845,282.0
2024-09-20 10:00:00,2024-09-19 10:00:00,476.8640389272297,468.0
2024-09-20 11:00:00,2024-09-19 11:00:00,598.7266799940579,628.0
2024-09-20 12:00:00,2024-09-19 12:00:00,677.4641203940179,708.0
2024-09-20 13:00:00,2024-09-19 13:00:00,790.4372891152208,710.0
2024-09-20 14:00:00,2024-09-19 14:00:00,725.0960351904866,664.0
2024-09-20 15:00:00,2024-09-19 15:00:00,616.8808086250416,593.0
2024-09-20 16:00:00,2024-09-19 16:00:00,557.919246292011,487.0
2024-09-20 17:00:00,2024-09-19 17:00:00,354.6633522266439,343.0
2024-09-20 18:00:00,2024-09-19 18:00:00,192.13125546864254,177.0
2024-09-20 19:00:00,2024-09-19 19:00:00,26.656664227751556,35.0
2024-09-20 20:00:00,2024-09-19 20:00:00,0.8084493101864388,0.0
2024-09-20 21:00:00,2024-09-19 21:00:00,0.8084493101864388,0.0
2024-09-20 22:00:00,2024-09-19 22:00:00,0.8084493101864388,0.0
2024-09-20 23:00:00,2024-09-19 23:00:00,0.8084493101864388,0.0
2024-09-21 00:00:00,2024-09-20 00:00:00,0.8084493101864388,0.0
2024-09-21 01:00:00,2024-09-20 01:00:00,0.8084493101864388,0.0
2024-09-21 02:00:00,2024-09-20 02:00:00,0.8084493101864388,0.0
2024-09-21 03:00:00,2024-09-20 03:00:00,0.8084493101864388,0.0
2024-09-21 04:00:00,2024-09-20 04:00:00,0.8084493101864388,0.0
2024-09-21 05:00:00,2024-09-20 05:00:00,0.8084493101864388,0.0
2024-09-21 06:00:00,2024-09-20 06:00:00,0.8084493101864388,0.0
2024-09-21 07:00:00,2024-09-20 07:00:00,4.304328212502851,8.0
2024-09-21 08:00:00,2024-09-20 08:00:00,95.30058989123872,129.0
2024-09-21 09:00:00,2024-09-20 09:00:00,286.6268223478529,301.0
2024-09-21 10:00:00,2024-09-20 10:00:00,487.3576487214072,485.0
2024-09-21 11:00:00,2024-09-20 11:00:00,627.1942375241252,646.0
2024-09-21 12:00:00,2024-09-20 12:00:00,731.8270346792909,747.0
2024-09-21 13:00:00,2024-09-20 13:00:00,824.6032163706501,782.0
2024-09-21 14:00:00,2024-09-20 14:00:00,810.7754147143872,756.0
2024-09-21 15:00:00,2024-09-20 15:00:00,673.5529852454971,677.0
2024-09-21 16:00:00,2024-09-20 16:00:00,562.0065516891631,549.0
2024-09-21 17:00:00,2024-09-20 17:00:00,386.2863994081657,381.0
2024-09-21 18:00:00,2024-09-20 18:00:00,191.25356306301697,193.0
2024-09-21 19:00:00,2024-09-20 19:00:00,29.91486526246924,35.0
2024-09-21 20:00:00,2024-09-20 20:00:00,0.8084493101864388,0.0
2024-09-21 21:00:00,2024-09-20 21:00:00,0.8084493101864388,0.0
2024-09-21 22:00:00,2024-09-20 22:00:00,0.8084493101864388,0.0
2024-09-21 23:00:00,2024-09-20 23:00:00,0.8084493101864388,0.0
2024-09-22 00:00:00,2024-09-21 00:00:00,0.8084493101864388,0.0
2024-09-22 01:00:00,2024-09-21 01:00:00,0.8084493101864388,0.0
2024-09-22 02:00:00,2024-09-21 02:00:00,0.8084493101864388,0.0
2024-09-22 03:00:00,2024-09-21 03:00:00,0.8084493101864388,0.0
2024-09-22 04:00:00,2024-09-21 04:00:00,0.8084493101864388,0.0
2024-09-22 05:00:00,2024-09-21 05:00:00,0.8084493101864388,0.0
2024-09-22 06:00:00,2024-09-21 06:00:00,0.8084493101864388,0.0
2024-09-22 07:00:00,2024-09-21 07:00:00,4.304328212502851,6.0
2024-09-22 08:00:00,2024-09-21 08:00:00,88.46983381704331,118.0
2024-09-22 09:00:00,2024-09-21 09:00:00,244.53055137434674,280.0
2024-09-22 10:00:00,2024-09-21 10:00:00,476.6176422665714,455.0
2024-09-22 11:00:00,2024-09-21 11:00:00,650.8240186119001,611.0
2024-09-22 12:00:00,2024-09-21 12:00:00,752.3262411833964,713.0
2024-09-22 13:00:00,2024-09-21 13:00:00,780.4678095929911,754.0
2024-09-22 14:00:00,2024-09-21 14:00:00,764.866671253131,732.0
2024-09-22 15:00:00,2024-09-21 15:00:00,654.0129820614811,650.0
2024-09-22 16:00:00,2024-09-21 16:00:00,515.5941671312513,519.0
2024-09-22 17:00:00,2024-09-21 17:00:00,312.370402220341,355.0
2024-09-22 18:00:00,2024-09-21 18:00:00,151.71808505989827,178.0
2024-09-22 19:00:00,2024-09-21 19:00:00,28.339954476923502,31.0
2024-09-22 20:00:00,2024-09-21 20:00:00,0.8084493101864388,0.0
2024-09-22 21:00:00,2024-09-21 21:00:00,0.8084493101864388,0.0
2024-09-22 22:00:00,2024-09-21 22:00:00,0.8084493101864388,0.0
2024-09-22 23:00:00,2024-09-21 23:00:00,0.8084493101864388,0.0
2024-09-23 00:00:00,2024-09-22 00:00:00,0.8084493101864388,0.0
2024-09-23 01:00:00,2024-09-22 01:00:00,0.8084493101864388,0.0
2024-09-23 02:00:00,2024-09-22 02:00:00,0.8084493101864388,0.0
2024-09-23 03:00:00,2024-09-22 03:00:00,0.8084493101864388,0.0
2024-09-23 04:00:00,2024-09-22 04:00:00,0.8084493101864388,0.0
2024-09-23 05:00:00,2024-09-22 05:00:00,0.8084493101864388,0.0
2024-09-23 06:00:00,2024-09-22 06:00:00,0.8084493101864388,0.0
2024-09-23 07:00:00,2024-09-22 07:00:00,3.712523222718059,6.0
2024-09-23 08:00:00,2024-09-22 08:00:00,106.34727867242513,122.0
2024-09-23 09:00:00,2024-09-22 09:00:00,300.4798499454498,288.0
2024-09-23 10:00:00,2024-09-22 10:00:00,476.7798612791065,462.0
2024-09-23 11:00:00,2024-09-22 11:00:00,659.2017835703641,613.0
2024-09-23 12:00:00,2024-09-22 12:00:00,672.3193139835146,711.0
2024-09-23 13:00:00,2024-09-22 13:00:00,779.2680587074711,749.0
2024-09-23 14:00:00,2024-09-22 14:00:00,770.7012378476953,726.0
2024-09-23 15:00:00,2024-09-22 15:00:00,646.9740884024136,650.0
2024-09-23 16:00:00,2024-09-22 16:00:00,551.9465050591311,525.0
2024-09-23 17:00:00,2024-09-22 17:00:00,378.5353868912763,360.0
2024-09-23 18:00:00,2024-09-22 18:00:00,186.17085224728487,177.0
2024-09-23 19:00:00,2024-09-22 19:00:00,25.048927958957307,29.0
2024-09-23 20:00:00,2024-09-22 20:00:00,0.8084493101864388,0.0
2024-09-23 21:00:00,2024-09-22 21:00:00,0.8084493101864388,0.0
2024-09-23 22:00:00,2024-09-22 22:00:00,0.8084493101864388,0.0
2024-09-23 23:00:00,2024-09-22 23:00:00,0.8084493101864388,0.0
2024-09-24 00:00:00,2024-09-23 00:00:00,0.8084493101864388,0.0
2024-09-24 01:00:00,2024-09-23 01:00:00,0.8084493101864388,0.0
2024-09-24 02:00:00,2024-09-23 02:00:00,0.8084493101864388,0.0
2024-09-24 03:00:00,2024-09-23 03:00:00,0.8084493101864388,0.0
2024-09-24 04:00:00,2024-09-23 04:00:00,0.8084493101864388,0.0
2024-09-24 05:00:00,2024-09-23 05:00:00,0.8084493101864388,0.0
2024-09-24 06:00:00,2024-09-23 06:00:00,0.8084493101864388,0.0
2024-09-24 07:00:00,2024-09-23 07:00:00,2.9605335700057593,6.0
2024-09-24 08:00:00,2024-09-23 08:00:00,106.36492337436016,126.0
2024-09-24 09:00:00,2024-09-23 09:00:00,297.1906572610714,303.0
2024-09-24 10:00:00,2024-09-23 10:00:00,511.78443250465375,491.0
2024-09-24 11:00:00,2024-09-23 11:00:00,636.6489074119291,653.0
2024-09-24 12:00:00,2024-09-23 12:00:00,750.8269728892816,746.0
2024-09-24 13:00:00,2024-09-23 13:00:00,786.227608237311,768.0
2024-09-24 14:00:00,2024-09-23 14:00:00,770.3815878025325,733.0
2024-09-24 15:00:00,2024-09-23 15:00:00,723.6614977464004,654.0
2024-09-24 16:00:00,2024-09-23 16:00:00,546.5027094791652,531.0
2024-09-24 17:00:00,2024-09-23 17:00:00,371.3036032387029,366.0
2024-09-24 18:00:00,2024-09-23 18:00:00,170.34086151755304,180.0
2024-09-24 19:00:00,2024-09-23 19:00:00,23.841470031275993,28.0
2024-09-24 20:00:00,2024-09-23 20:00:00,0.8084493101864388,0.0
2024-09-24 21:00:00,2024-09-23 21:00:00,0.8084493101864388,0.0
2024-09-24 22:00:00,2024-09-23 22:00:00,0.8084493101864388,0.0
2024-09-24 23:00:00,2024-09-23 23:00:00,0.8084493101864388,0.0
2024-09-25 00:00:00,2024-09-24 00:00:00,0.8084493101864388,0.0
2024-09-25 01:00:00,2024-09-24 01:00:00,0.8084493101864388,0.0
2024-09-25 02:00:00,2024-09-24 02:00:00,0.8084493101864388,0.0
2024-09-25 03:00:00,2024-09-24 03:00:00,0.8084493101864388,0.0
2024-09-25 04:00:00,2024-09-24 04:00:00,0.8084493101864388,0.0
2024-09-25 05:00:00,2024-09-24 05:00:00,0.8084493101864388,0.0
2024-09-25 06:00:00,2024-09-24 06:00:00,0.8084493101864388,0.0
2024-09-25 07:00:00,2024-09-24 07:00:00,2.9605335700057593,5.0
2024-09-25 08:00:00,2024-09-24 08:00:00,106.6006537931602,124.0
2024-09-25 09:00:00,2024-09-24 09:00:00,296.26433962185104,300.0
2024-09-25 10:00:00,2024-09-24 10:00:00,500.16828302173366,489.0
2024-09-25 11:00:00,2024-09-24 11:00:00,637.6571816402263,656.0
2024-09-25 12:00:00,2024-09-24 12:00:00,756.4711034511735,766.0
2024-09-25 13:00:00,2024-09-24 13:00:00,805.9050031837128,809.0
2024-09-25 14:00:00,2024-09-24 14:00:00,763.4974825904694,785.0
2024-09-25 15:00:00,2024-09-24 15:00:00,637.1261426690949,699.0
2024-09-25 16:00:00,2024-09-24 16:00:00,553.3888789287662,558.0
2024-09-25 17:00:00,2024-09-24 17:00:00,361.45429257500757,380.0
2024-09-25 18:00:00,2024-09-24 18:00:00,173.15965321640883,186.0
2024-09-25 19:00:00,2024-09-24 19:00:00,23.841470031275993,28.0
2024-09-25 20:00:00,2024-09-24 20:00:00,0.8084493101864388,0.0
2024-09-25 21:00:00,2024-09-24 21:00:00,0.8084493101864388,0.0
2024-09-25 22:00:00,2024-09-24 22:00:00,0.8084493101864388,0.0
2024-09-25 23:00:00,2024-09-24 23:00:00,0.8084493101864388,0.0
2024-09-26 00:00:00,2024-09-25 00:00:00,0.8084493101864388,0.0
2024-09-26 01:00:00,2024-09-25 01:00:00,0.8084493101864388,0.0
2024-09-26 02:00:00,2024-09-25 02:00:00,0.8084493101864388,0.0
2024-09-26 03:00:00,2024-09-25 03:00:00,0.8084493101864388,0.0
2024-09-26 04:00:00,2024-09-25 04:00:00,0.8084493101864388,0.0
2024-09-26 05:00:00,2024-09-25 05:00:00,0.8084493101864388,0.0
2024-09-26 06:00:00,2024-09-25 06:00:00,0.8084493101864388,0.0
2024-09-26 07:00:00,2024-09-25 07:00:00,2.9605335700057593,5.0
2024-09-26 08:00:00,2024-09-25 08:00:00,106.96417567560083,122.0
2024-09-26 09:00:00,2024-09-25 09:00:00,297.8076637351503,298.0
2024-09-26 10:00:00,2024-09-25 10:00:00,519.8947270848128,485.0
2024-09-26 11:00:00,2024-09-25 11:00:00,649.3533786774401,650.0
2024-09-26 12:00:00,2024-09-25 12:00:00,747.7638069020068,758.0
2024-09-26 13:00:00,2024-09-25 13:00:00,796.6468557606539,800.0
2024-09-26 14:00:00,2024-09-25 14:00:00,771.8717997107807,775.0
2024-09-26 15:00:00,2024-09-25 15:00:00,708.8783212690303,688.0
2024-09-26 16:00:00,2024-09-25 16:00:00,544.7924061694288,549.0
2024-09-26 17:00:00,2024-09-25 17:00:00,379.94111219238687,371.0
2024-09-26 18:00:00,2024-09-25 18:00:00,176.31814899292783,178.0
2024-09-26 19:00:00,2024-09-25 19:00:00,21.52171604904121,25.0
2024-09-26 20:00:00,2024-09-25 20:00:00,0.8084493101864388,0.0
2024-09-26 21:00:00,2024-09-25 21:00:00,0.8084493101864388,0.0
2024-09-26 22:00:00,2024-09-25 22:00:00,0.8084493101864388,0.0
2024-09-26 23:00:00,2024-09-25 23:00:00,0.8084493101864388,0.0
2024-09-27 00:00:00,2024-09-26 00:00:00,0.8084493101864388,0.0
2024-09-27 01:00:00,2024-09-26 01:00:00,0.8084493101864388,0.0
2024-09-27 02:00:00,2024-09-26 02:00:00,0.8084493101864388,0.0
2024-09-27 03:00:00,2024-09-26 03:00:00,0.8084493101864388,0.0
2024-09-27 04:00:00,2024-09-26 04:00:00,0.8084493101864388,0.0
2024-09-27 05:00:00,2024-09-26 05:00:00,0.8084493101864388,0.0
2024-09-27 06:00:00,2024-09-26 06:00:00,0.8084493101864388,0.0
2024-09-27 07:00:00,2024-09-26 07:00:00,2.9605335700057593,5.0
2024-09-27 08:00:00,2024-09-26 08:00:00,98.1289106762546,122.0
2024-09-27 09:00:00,2024-09-26 09:00:00,300.4870843974779,299.0
2024-09-27 10:00:00,2024-09-26 10:00:00,519.4453695498459,487.0
2024-09-27 11:00:00,2024-09-26 11:00:00,651.4635977311456,652.0
2024-09-27 12:00:00,2024-09-26 12:00:00,756.6126847248385,760.0
2024-09-27 13:00:00,2024-09-26 13:00:00,789.4239431576358,802.0
2024-09-27 14:00:00,2024-09-26 14:00:00,786.9777729691219,776.0
2024-09-27 15:00:00,2024-09-26 15:00:00,662.0410942143465,690.0
2024-09-27 16:00:00,2024-09-26 16:00:00,559.835199187458,551.0
2024-09-27 17:00:00,2024-09-26 17:00:00,381.6503596823135,370.0
2024-09-27 18:00:00,2024-09-26 18:00:00,160.7237815154529,172.0
2024-09-27 19:00:00,2024-09-26 19:00:00,21.6284950688684,22.0
2024-09-27 20:00:00,2024-09-26 20:00:00,0.8084493101864388,0.0
2024-09-27 21:00:00,2024-09-26 21:00:00,0.8084493101864388,0.0
2024-09-27 22:00:00,2024-09-26 22:00:00,0.8084493101864388,0.0
2024-09-27 23:00:00,2024-09-26 23:00:00,0.8084493101864388,0.0
2024-09-28 00:00:00,2024-09-27 00:00:00,0.8084493101864388,0.0
2024-09-28 01:00:00,2024-09-27 01:00:00,0.8084493101864388,0.0
2024-09-28 02:00:00,2024-09-27 02:00:00,0.8084493101864388,0.0
2024-09-28 03:00:00,2024-09-27 03:00:00,0.8084493101864388,0.0
2024-09-28 04:00:00,2024-09-27 04:00:00,0.8084493101864388,0.0
2024-09-28 05:00:00,2024-09-27 05:00:00,0.8084493101864388,0.0
2024-09-28 06:00:00,2024-09-27 06:00:00,0.8084493101864388,0.0
2024-09-28 07:00:00,2024-09-27 07:00:00,2.5923089377556394,4.0
2024-09-28 08:00:00,2024-09-27 08:00:00,96.94212211394044,119.0
2024-09-28 09:00:00,2024-09-27 09:00:00,300.4870843974779,296.0
2024-09-28 10:00:00,2024-09-27 10:00:00,528.555402816841,484.0
2024-09-28 11:00:00,2024-09-27 11:00:00,662.1210939929579,649.0
2024-09-28 12:00:00,2024-09-27 12:00:00,762.9042271449867,758.0
2024-09-28 13:00:00,2024-09-27 13:00:00,800.6064152918094,801.0
2024-09-28 14:00:00,2024-09-27 14:00:00,786.838953368952,775.0
2024-09-28 15:00:00,2024-09-27 15:00:00,668.9405420433311,687.0
2024-09-28 16:00:00,2024-09-27 16:00:00,542.5055935663837,544.0
2024-09-28 17:00:00,2024-09-27 17:00:00,361.8296236693765,365.0
2024-09-28 18:00:00,2024-09-27 18:00:00,160.7237815154529,171.0
2024-09-28 19:00:00,2024-09-27 19:00:00,21.6284950688684,21.0
2024-09-28 20:00:00,2024-09-27 20:00:00,0.8084493101864388,0.0
2024-09-28 21:00:00,2024-09-27 21:00:00,0.8084493101864388,0.0
2024-09-28 22:00:00,2024-09-27 22:00:00,0.8084493101864388,0.0
2024-09-28 23:00:00,2024-09-27 23:00:00,0.8084493101864388,0.0
2024-09-29 00:00:00,2024-09-28 00:00:00,0.8084493101864388,0.0
2024-09-29 01:00:00,2024-09-28 01:00:00,0.8084493101864388,0.0
2024-09-29 02:00:00,2024-09-28 02:00:00,0.8084493101864388,0.0
2024-09-29 03:00:00,2024-09-28 03:00:00,0.8084493101864388,0.0
2024-09-29 04:00:00,2024-09-28 04:00:00,0.8084493101864388,0.0
2024-09-29 05:00:00,2024-09-28 05:00:00,0.8084493101864388,0.0
2024-09-29 06:00:00,2024-09-28 06:00:00,0.8084493101864388,0.0
2024-09-29 07:00:00,2024-09-28 07:00:00,2.377740855489201,4.0
2024-09-29 08:00:00,2024-09-28 08:00:00,89.6356215097272,116.0
2024-09-29 09:00:00,2024-09-28 09:00:00,280.5317191150897,290.0
2024-09-29 10:00:00,2024-09-28 10:00:00,480.56781326514715,474.0
2024-09-29 11:00:00,2024-09-28 11:00:00,641.5733690196292,636.0
2024-09-29 12:00:00,2024-09-28 12:00:00,756.0790026163294,743.0
2024-09-29 13:00:00,2024-09-28 13:00:00,799.6059541651921,786.0
2024-09-29 14:00:00,2024-09-28 14:00:00,795.84926435977,762.0
2024-09-29 15:00:00,2024-09-28 15:00:00,664.5065202931964,678.0
2024-09-29 16:00:00,2024-09-28 16:00:00,501.40055904706514,539.0
2024-09-29 17:00:00,2024-09-28 17:00:00,342.12493363349574,360.0
2024-09-29 18:00:00,2024-09-28 18:00:00,161.13987515191087,164.0
2024-09-29 19:00:00,2024-09-28 19:00:00,19.646503556594357,19.0
2024-09-29 20:00:00,2024-09-28 20:00:00,0.8084493101864388,0.0
2024-09-29 21:00:00,2024-09-28 21:00:00,0.8084493101864388,0.0
2024-09-29 22:00:00,2024-09-28 22:00:00,0.8084493101864388,0.0
2024-09-29 23:00:00,2024-09-28 23:00:00,0.8084493101864388,0.0
2024-09-30 00:00:00,2024-09-29 00:00:00,0.8084493101864388,0.0
2024-09-30 01:00:00,2024-09-29 01:00:00,0.8084493101864388,0.0
2024-09-30 02:00:00,2024-09-29 02:00:00,0.8084493101864388,0.0
2024-09-30 03:00:00,2024-09-29 03:00:00,0.8084493101864388,0.0
2024-09-30 04:00:00,2024-09-29 04:00:00,0.8084493101864388,0.0
2024-09-30 05:00:00,2024-09-29 05:00:00,0.8084493101864388,0.0
2024-09-30 06:00:00,2024-09-29 06:00:00,0.8084493101864388,0.0
2024-09-30 07:00:00,2024-09-29 07:00:00,2.377740855489201,3.0
2024-09-30 08:00:00,2024-09-29 08:00:00,91.46230302559746,110.0
2024-09-30 09:00:00,2024-09-29 09:00:00,267.8332740026452,278.0
2024-09-30 10:00:00,2024-09-29 10:00:00,460.52930433519714,454.0
2024-09-30 11:00:00,2024-09-29 11:00:00,651.1660952570711,603.0
2024-09-30 12:00:00,2024-09-29 12:00:00,675.5065190337829,686.0
2024-09-30 13:00:00,2024-09-29 13:00:00,798.903726782318,699.0
2024-09-30 14:00:00,2024-09-29 14:00:00,742.0313896496089,653.0
2024-09-30 15:00:00,2024-09-29 15:00:00,682.2314740924448,556.0
2024-09-30 16:00:00,2024-09-29 16:00:00,502.0060428853228,422.0
2024-09-30 17:00:00,2024-09-29 17:00:00,327.93119656522964,273.0
2024-09-30 18:00:00,2024-09-29 18:00:00,143.3183021401308,125.0
2024-09-30 19:00:00,2024-09-29 19:00:00,17.561966091852913,14.0
2024-09-30 20:00:00,2024-09-29 20:00:00,0.8084493101864388,0.0
2024-09-30 21:00:00,2024-09-29 21:00:00,0.8084493101864388,0.0
2024-09-30 22:00:00,2024-09-29 22:00:00,0.8084493101864388,0.0
2024-09-30 23:00:00,2024-09-29 23:00:00,0.8084493101864388,0.0
2024-10-01 00:00:00,2024-09-30 00:00:00,0.8084493101864388,0.0
2024-10-01 01:00:00,2024-09-30 01:00:00,0.8084493101864388,0.0
2024-10-01 02:00:00,2024-09-30 02:00:00,0.8084493101864388,0.0
2024-10-01 03:00:00,2024-09-30 03:00:00,0.8084493101864388,0.0
2024-10-01 04:00:00,2024-09-30 04:00:00,0.8084493101864388,0.0
2024-10-01 05:00:00,2024-09-30 05:00:00,0.8084493101864388,0.0
2024-10-01 06:00:00,2024-09-30 06:00:00,0.8084493101864388,0.0
2024-10-01 07:00:00,2024-09-30 07:00:00,1.8670329871264133,2.0
2024-10-01 08:00:00,2024-09-30 08:00:00,84.84614425776087,101.0
2024-10-01 09:00:00,2024-09-30 09:00:00,256.50487015923375,265.0
2024-10-01 10:00:00,2024-09-30 10:00:00,461.5345050940176,450.0
2024-10-01 11:00:00,2024-09-30 11:00:00,632.4922366433533,617.0
2024-10-01 12:00:00,2024-09-30 12:00:00,702.5894867889492,728.0
2024-10-01 13:00:00,2024-09-30 13:00:00,759.5581996760679,774.0
2024-10-01 14:00:00,2024-09-30 14:00:00,752.1078293882107,752.0
2024-10-01 15:00:00,2024-09-30 15:00:00,657.2760350554497,668.0
2024-10-01 16:00:00,2024-09-30 16:00:00,502.154972884402,529.0
2024-10-01 17:00:00,2024-09-30 17:00:00,328.8317072654462,349.0
2024-10-01 18:00:00,2024-09-30 18:00:00,141.53617241342107,154.0
2024-10-01 19:00:00,2024-09-30 19:00:00,15.408116878921833,15.0
2024-10-01 20:00:00,2024-09-30 20:00:00,0.8084493101864388,0.0
2024-10-01 21:00:00,2024-09-30 21:00:00,0.8084493101864388,0.0
2024-10-01 22:00:00,2024-09-30 22:00:00,0.8084493101864388,0.0
2024-10-01 23:00:00,2024-09-30 23:00:00,0.8084493101864388,0.0
2024-10-02 00:00:00,2024-10-01 00:00:00,0.3437734375459569,0.0
2024-10-02 01:00:00,2024-10-01 01:00:00,0.3437734375459569,0.0
2024-10-02 02:00:00,2024-10-01 02:00:00,0.3781481024471106,0.0
2024-10-02 03:00:00,2024-10-01 03:00:00,0.3781481024471106,0.0
2024-10-02 04:00:00,2024-10-01 04:00:00,0.1495423096264524,0.0
2024-10-02 05:00:00,2024-10-01 05:00:00,0.24524967209989257,0.0
2024-10-02 06:00:00,2024-10-01 06:00:00,0.1151676447252987,0.0
2024-10-02 07:00:00,2024-10-01 07:00:00,0.6707013675118675,2.0
2024-10-02 08:00:00,2024-10-01 08:00:00,86.0364157903128,104.0
2024-10-02 09:00:00,2024-10-01 09:00:00,278.4372407470971,274.0
2024-10-02 10:00:00,2024-10-01 10:00:00,479.5529699493996,461.0
2024-10-02 11:00:00,2024-10-01 11:00:00,621.2915536523429,626.0
2024-10-02 12:00:00,2024-10-01 12:00:00,736.472451006142,726.0
2024-10-02 13:00:00,2024-10-01 13:00:00,778.4064293503592,755.0
2024-10-02 14:00:00,2024-10-01 14:00:00,744.2458869878151,723.0
2024-10-02 15:00:00,2024-10-01 15:00:00,656.7865351607354,643.0
2024-10-02 16:00:00,2024-10-01 16:00:00,515.3679698452449,514.0
2024-10-02 17:00:00,2024-10-01 17:00:00,321.6918028034921,343.0
2024-10-02 18:00:00,2024-10-01 18:00:00,151.1511205080017,153.0
2024-10-02 19:00:00,2024-10-01 19:00:00,10.676179353930427,14.0
2024-10-02 20:00:00,2024-10-01 20:00:00,0.12122295753911091,0.0
2024-10-02 21:00:00,2024-10-01 21:00:00,0.12122295753911091,0.0
2024-10-02 22:00:00,2024-10-01 22:00:00,0.12122295753911091,0.0
2024-10-02 23:00:00,2024-10-01 23:00:00,0.12122295753911091,0.0
2024-10-03 00:00:00,2024-10-02 00:00:00,0.1151676447252987,0.0
2024-10-03 01:00:00,2024-10-02 01:00:00,0.1151676447252987,0.0
2024-10-03 02:00:00,2024-10-02 02:00:00,0.1495423096264524,0.0
2024-10-03 03:00:00,2024-10-02 03:00:00,0.1495423096264524,0.0
2024-10-03 04:00:00,2024-10-02 04:00:00,0.1495423096264524,0.0
2024-10-03 05:00:00,2024-10-02 05:00:00,0.1495423096264524,0.0
2024-10-03 06:00:00,2024-10-02 06:00:00,0.07384913144811656,0.0
2024-10-03 07:00:00,2024-10-02 07:00:00,0.47429754119677725,2.0
2024-10-03 08:00:00,2024-10-02 08:00:00,91.495544931833,105.0
2024-10-03 09:00:00,2024-10-02 09:00:00,271.4162202442113,277.0
2024-10-03 10:00:00,2024-10-02 10:00:00,456.25101744587613,461.0
2024-10-03 11:00:00,2024-10-02 11:00:00,617.0046786541948,618.0
2024-10-03 12:00:00,2024-10-02 12:00:00,739.482505621393,704.0
2024-10-03 13:00:00,2024-10-02 13:00:00,758.4720575340181,717.0
2024-10-03 14:00:00,2024-10-02 14:00:00,756.6310554546076,669.0
2024-10-03 15:00:00,2024-10-02 15:00:00,628.4020475317685,574.0
2024-10-03 16:00:00,2024-10-02 16:00:00,499.46468326553276,440.0
2024-10-03 17:00:00,2024-10-02 17:00:00,317.3995510993711,283.0
2024-10-03 18:00:00,2024-10-02 18:00:00,140.6265149030023,124.0
2024-10-03 19:00:00,2024-10-02 19:00:00,9.826384394639211,11.0
2024-10-03 20:00:00,2024-10-02 20:00:00,0.13377028253744358,0.0
2024-10-03 21:00:00,2024-10-02 21:00:00,0.17444040224170257,0.0
2024-10-03 22:00:00,2024-10-02 22:00:00,0.151869484030761,0.0
2024-10-03 23:00:00,2024-10-02 23:00:00,0.151869484030761,0.0
2024-10-04 00:00:00,2024-10-03 00:00:00,0.14581417121694878,0.0
2024-10-04 01:00:00,2024-10-03 01:00:00,0.07012099303861294,0.0
2024-10-04 02:00:00,2024-10-03 02:00:00,0.07012099303861294,0.0
2024-10-04 03:00:00,2024-10-03 03:00:00,0.07012099303861294,0.0
2024-10-04 04:00:00,2024-10-03 04:00:00,0.07384913144811656,0.0
2024-10-04 05:00:00,2024-10-03 05:00:00,0.07384913144811656,0.0
2024-10-04 06:00:00,2024-10-03 06:00:00,0.07384913144811656,0.0
2024-10-04 07:00:00,2024-10-03 07:00:00,0.47429754119677725,2.0
2024-10-04 08:00:00,2024-10-03 08:00:00,85.8720087938739,96.0
2024-10-04 09:00:00,2024-10-03 09:00:00,282.3485323631682,261.0
2024-10-04 10:00:00,2024-10-03 10:00:00,475.53490910804305,449.0
2024-10-04 11:00:00,2024-10-03 11:00:00,620.4093475029321,615.0
2024-10-04 12:00:00,2024-10-03 12:00:00,737.7461452519291,709.0
2024-10-04 13:00:00,2024-10-03 13:00:00,764.7010511063542,729.0
2024-10-04 14:00:00,2024-10-03 14:00:00,736.8942887388116,691.0
2024-10-04 15:00:00,2024-10-03 15:00:00,625.9157674231452,611.0
2024-10-04 16:00:00,2024-10-03 16:00:00,509.98811033426506,485.0
2024-10-04 17:00:00,2024-10-03 17:00:00,316.9832310667217,320.0
2024-10-04 18:00:00,2024-10-03 18:00:00,139.4723495356219,139.0
2024-10-04 19:00:00,2024-10-03 19:00:00,8.850459387222285,11.0
2024-10-04 20:00:00,2024-10-03 20:00:00,0.12122295753911091,0.0
2024-10-04 21:00:00,2024-10-03 21:00:00,0.15559762244026462,0.0
2024-10-04 22:00:00,2024-10-03 22:00:00,0.15559762244026462,0.0
2024-10-04 23:00:00,2024-10-03 23:00:00,0.15559762244026462,0.0
2024-10-05 00:00:00,2024-10-04 00:00:00,0.1495423096264524,0.0
2024-10-05 01:00:00,2024-10-04 01:00:00,0.07384913144811656,0.0
2024-10-05 02:00:00,2024-10-04 02:00:00,0.07384913144811656,0.0
2024-10-05 03:00:00,2024-10-04 03:00:00,0.07384913144811656,0.0
2024-10-05 04:00:00,2024-10-04 04:00:00,0.07384913144811656,0.0
2024-10-05 05:00:00,2024-10-04 05:00:00,0.07384913144811656,0.0
2024-10-05 06:00:00,2024-10-04 06:00:00,0.07384913144811656,0.0
2024-10-05 07:00:00,2024-10-04 07:00:00,0.47429754119677725,1.0
2024-10-05 08:00:00,2024-10-04 08:00:00,83.70290019620562,101.0
2024-10-05 09:00:00,2024-10-04 09:00:00,280.0280732109351,272.0
2024-10-05 10:00:00,2024-10-04 10:00:00,475.21613436700983,456.0
2024-10-05 11:00:00,2024-10-04 11:00:00,616.9103187638743,618.0
2024-10-05 12:00:00,2024-10-04 12:00:00,739.0512179332691,722.0
2024-10-05 13:00:00,2024-10-04 13:00:00,734.2972610238209,759.0
2024-10-05 14:00:00,2024-10-04 14:00:00,702.4859922228032,729.0
2024-10-05 15:00:00,2024-10-04 15:00:00,609.6353909789738,636.0
2024-10-05 16:00:00,2024-10-04 16:00:00,509.37043084797244,494.0
2024-10-05 17:00:00,2024-10-04 17:00:00,317.09747966848914,320.0
2024-10-05 18:00:00,2024-10-04 18:00:00,123.46205460290433,139.0
2024-10-05 19:00:00,2024-10-04 19:00:00,8.13117021798065,11.0
2024-10-05 20:00:00,2024-10-04 20:00:00,0.15559762244026462,0.0
2024-10-05 21:00:00,2024-10-04 21:00:00,0.15559762244026462,0.0
2024-10-05 22:00:00,2024-10-04 22:00:00,0.15559762244026462,0.0
2024-10-05 23:00:00,2024-10-04 23:00:00,0.15559762244026462,0.0
2024-10-06 00:00:00,2024-10-05 00:00:00,0.1495423096264524,0.0
2024-10-06 01:00:00,2024-10-05 01:00:00,0.1495423096264524,0.0
2024-10-06 02:00:00,2024-10-05 02:00:00,0.07384913144811656,0.0
2024-10-06 03:00:00,2024-10-05 03:00:00,0.07384913144811656,0.0
2024-10-06 04:00:00,2024-10-05 04:00:00,0.07384913144811656,0.0
2024-10-06 05:00:00,2024-10-05 05:00:00,0.07384913144811656,0.0
2024-10-06 06:00:00,2024-10-05 06:00:00,0.07384913144811656,0.0
2024-10-06 07:00:00,2024-10-05 07:00:00,0.47429754119677725,1.0
2024-10-06 08:00:00,2024-10-05 08:00:00,79.66407110069886,98.0
2024-10-06 09:00:00,2024-10-05 09:00:00,281.0231724948149,267.0
2024-10-06 10:00:00,2024-10-05 10:00:00,463.7487309670569,449.0
2024-10-06 11:00:00,2024-10-05 11:00:00,615.3241412004178,609.0
2024-10-06 12:00:00,2024-10-05 12:00:00,717.376857636536,711.0
2024-10-06 13:00:00,2024-10-05 13:00:00,715.9966363449375,747.0
2024-10-06 14:00:00,2024-10-05 14:00:00,693.5630159669208,715.0
2024-10-06 15:00:00,2024-10-05 15:00:00,569.6883268105395,623.0
2024-10-06 16:00:00,2024-10-05 16:00:00,478.05904040159135,481.0
2024-10-06 17:00:00,2024-10-05 17:00:00,315.6536181839733,306.0
2024-10-06 18:00:00,2024-10-05 18:00:00,127.24641154982984,124.0
2024-10-06 19:00:00,2024-10-05 19:00:00,6.0792294144488865,8.0
2024-10-06 20:00:00,2024-10-05 20:00:00,0.12122295753911091,0.0
2024-10-06 21:00:00,2024-10-05 21:00:00,0.15559762244026462,0.0
2024-10-06 22:00:00,2024-10-05 22:00:00,0.15559762244026462,0.0
2024-10-06 23:00:00,2024-10-05 23:00:00,0.15559762244026462,0.0
2024-10-07 00:00:00,2024-10-06 00:00:00,0.3781481024471106,0.0
2024-10-07 01:00:00,2024-10-06 01:00:00,0.26398957982775195,0.0
2024-10-07 02:00:00,2024-10-06 02:00:00,0.07384913144811656,0.0
2024-10-07 03:00:00,2024-10-06 03:00:00,0.07384913144811656,0.0
2024-10-07 04:00:00,2024-10-06 04:00:00,0.07384913144811656,0.0
2024-10-07 05:00:00,2024-10-06 05:00:00,0.1495423096264524,0.0
2024-10-07 06:00:00,2024-10-06 06:00:00,0.1495423096264524,0.0
2024-10-07 07:00:00,2024-10-06 07:00:00,0.9112957249890399,1.0
2024-10-07 08:00:00,2024-10-06 08:00:00,80.51352148498987,94.0
2024-10-07 09:00:00,2024-10-06 09:00:00,265.9943684408497,259.0
2024-10-07 10:00:00,2024-10-06 10:00:00,456.0972862002233,436.0
2024-10-07 11:00:00,2024-10-06 11:00:00,611.8012563366792,592.0
2024-10-07 12:00:00,2024-10-06 12:00:00,720.7796354594689,695.0
2024-10-07 13:00:00,2024-10-06 13:00:00,741.9197653968156,738.0
2024-10-07 14:00:00,2024-10-06 14:00:00,728.4350629602369,714.0
2024-10-07 15:00:00,2024-10-06 15:00:00,611.4286979837221,626.0
2024-10-07 16:00:00,2024-10-06 16:00:00,484.4143726107471,487.0
2024-10-07 17:00:00,2024-10-06 17:00:00,315.27772306106397,312.0
2024-10-07 18:00:00,2024-10-06 18:00:00,122.84263013388886,128.0
2024-10-07 19:00:00,2024-10-06 19:00:00,5.457345229781535,8.0
2024-10-07 20:00:00,2024-10-06 20:00:00,0.12122295753911091,0.0
2024-10-07 21:00:00,2024-10-06 21:00:00,0.15559762244026462,0.0
2024-10-07 22:00:00,2024-10-06 22:00:00,0.15559762244026462,0.0
2024-10-07 23:00:00,2024-10-06 23:00:00,0.15559762244026462,0.0
2024-10-08 00:00:00,2024-10-07 00:00:00,0.1495423096264524,0.0
2024-10-08 01:00:00,2024-10-07 01:00:00,0.07384913144811656,0.0
2024-10-08 02:00:00,2024-10-07 02:00:00,0.07384913144811656,0.0
2024-10-08 03:00:00,2024-10-07 03:00:00,0.09269191124955449,0.0
2024-10-08 04:00:00,2024-10-07 04:00:00,0.1495423096264524,0.0
2024-10-08 05:00:00,2024-10-07 05:00:00,0.1495423096264524,0.0
2024-10-08 06:00:00,2024-10-07 06:00:00,0.07384913144811656,0.0
2024-10-08 07:00:00,2024-10-07 07:00:00,0.07384913144811656,1.0
2024-10-08 08:00:00,2024-10-07 08:00:00,80.638983390043,94.0
2024-10-08 09:00:00,2024-10-07 09:00:00,265.77452812793666,263.0
2024-10-08 10:00:00,2024-10-07 10:00:00,455.47185063159594,444.0
2024-10-08 11:00:00,2024-10-07 11:00:00,611.4754099383829,604.0
2024-10-08 12:00:00,2024-10-07 12:00:00,725.8389926739305,709.0
2024-10-08 13:00:00,2024-10-07 13:00:00,750.0437924072096,749.0
2024-10-08 14:00:00,2024-10-07 14:00:00,739.5047601285476,722.0
2024-10-08 15:00:00,2024-10-07 15:00:00,625.1503961558199,631.0
2024-10-08 16:00:00,2024-10-07 16:00:00,481.6787160982127,489.0
2024-10-08 17:00:00,2024-10-07 17:00:00,307.82091462320085,313.0
2024-10-08 18:00:00,2024-10-07 18:00:00,112.25342277261558,129.0
2024-10-08 19:00:00,2024-10-07 19:00:00,4.540286606574985,7.0
2024-10-08 20:00:00,2024-10-07 20:00:00,0.12122295753911091,0.0
2024-10-08 21:00:00,2024-10-07 21:00:00,0.12122295753911091,0.0
2024-10-08 22:00:00,2024-10-07 22:00:00,0.12122295753911091,0.0
2024-10-08 23:00:00,2024-10-07 23:00:00,0.12421033040219506,0.0
2024-10-09 00:00:00,2024-10-08 00:00:00,0.16208963462478504,0.0
2024-10-09 01:00:00,2024-10-08 01:00:00,0.16208963462478504,0.0
2024-10-09 02:00:00,2024-10-08 02:00:00,0.16838508942789035,0.0
2024-10-09 03:00:00,2024-10-08 03:00:00,0.3090549368536175,0.0
2024-10-09 04:00:00,2024-10-08 04:00:00,0.1495423096264524,0.0
2024-10-09 05:00:00,2024-10-08 05:00:00,0.1495423096264524,0.0
2024-10-09 06:00:00,2024-10-08 06:00:00,0.3781481024471106,0.0
2024-10-09 07:00:00,2024-10-08 07:00:00,0.33968275800608777,1.0
2024-10-09 08:00:00,2024-10-08 08:00:00,72.52604018971022,92.0
2024-10-09 09:00:00,2024-10-08 09:00:00,253.2597914038109,260.0
2024-10-09 10:00:00,2024-10-08 10:00:00,431.4014432913,441.0
2024-10-09 11:00:00,2024-10-08 11:00:00,571.1385664232301,600.0
2024-10-09 12:00:00,2024-10-08 12:00:00,688.3448956659922,704.0
2024-10-09 13:00:00,2024-10-08 13:00:00,735.1223843307325,745.0
2024-10-09 14:00:00,2024-10-08 14:00:00,715.0994720061611,717.0
2024-10-09 15:00:00,2024-10-08 15:00:00,625.954423181414,618.0
2024-10-09 16:00:00,2024-10-08 16:00:00,488.1670167603524,471.0
2024-10-09 17:00:00,2024-10-08 17:00:00,301.76075749528275,309.0
2024-10-09 18:00:00,2024-10-08 18:00:00,112.82328621179457,143.0
2024-10-09 19:00:00,2024-10-08 19:00:00,4.540286606574985,9.0
2024-10-09 20:00:00,2024-10-08 20:00:00,0.12122295753911091,0.0
2024-10-09 21:00:00,2024-10-08 21:00:00,0.15559762244026462,0.0
2024-10-09 22:00:00,2024-10-08 22:00:00,0.15559762244026462,0.0
2024-10-09 23:00:00,2024-10-08 23:00:00,0.15559762244026462,0.0
2024-10-10 00:00:00,2024-10-09 00:00:00,0.1495423096264524,0.0
2024-10-10 01:00:00,2024-10-09 01:00:00,0.1495423096264524,0.0
2024-10-10 02:00:00,2024-10-09 02:00:00,0.1495423096264524,0.0
2024-10-10 03:00:00,2024-10-09 03:00:00,0.07384913144811656,0.0
2024-10-10 04:00:00,2024-10-09 04:00:00,0.2632515555718303,0.0
2024-10-10 05:00:00,2024-10-09 05:00:00,0.1331695281972364,0.0
2024-10-10 06:00:00,2024-10-09 06:00:00,0.1331695281972364,0.0
2024-10-10 07:00:00,2024-10-09 07:00:00,0.1331695281972364,0.0
2024-10-10 08:00:00,2024-10-09 08:00:00,69.69494880613948,88.0
2024-10-10 09:00:00,2024-10-09 09:00:00,253.92788887148293,255.0
2024-10-10 10:00:00,2024-10-09 10:00:00,447.8087433754016,433.0
2024-10-10 11:00:00,2024-10-09 11:00:00,600.3533394255928,591.0
2024-10-10 12:00:00,2024-10-09 12:00:00,705.7911233376724,693.0
2024-10-10 13:00:00,2024-10-09 13:00:00,671.9762029848172,732.0
2024-10-10 14:00:00,2024-10-09 14:00:00,690.4092984336622,703.0
2024-10-10 15:00:00,2024-10-09 15:00:00,624.1684945777691,604.0
2024-10-10 16:00:00,2024-10-09 16:00:00,485.19197799796126,457.0
2024-10-10 17:00:00,2024-10-09 17:00:00,296.16447081976514,298.0
2024-10-10 18:00:00,2024-10-09 18:00:00,104.3520607766003,135.0
2024-10-10 19:00:00,2024-10-09 19:00:00,3.1888131650478027,7.0
2024-10-10 20:00:00,2024-10-09 20:00:00,0.15559762244026462,0.0
2024-10-10 21:00:00,2024-10-09 21:00:00,0.15559762244026462,0.0
2024-10-10 22:00:00,2024-10-09 22:00:00,0.15559762244026462,0.0
2024-10-10 23:00:00,2024-10-09 23:00:00,0.15559762244026462,0.0
2024-10-11 00:00:00,2024-10-10 00:00:00,0.1495423096264524,0.0
2024-10-11 01:00:00,2024-10-10 01:00:00,0.07384913144811656,0.0
2024-10-11 02:00:00,2024-10-10 02:00:00,0.10158087369033822,0.0
2024-10-11 03:00:00,2024-10-10 03:00:00,0.26398957982775195,0.0
2024-10-11 04:00:00,2024-10-10 04:00:00,0.26398957982775195,0.0
2024-10-11 05:00:00,2024-10-10 05:00:00,0.26398957982775195,0.0
2024-10-11 06:00:00,2024-10-10 06:00:00,0.26398957982775195,0.0
2024-10-11 07:00:00,2024-10-10 07:00:00,0.2039311588227105,0.0
2024-10-11 08:00:00,2024-10-10 08:00:00,60.41932691197774,79.0
2024-10-11 09:00:00,2024-10-10 09:00:00,237.26657638726957,232.0
2024-10-11 10:00:00,2024-10-10 10:00:00,406.0724940932703,395.0
2024-10-11 11:00:00,2024-10-10 11:00:00,514.8612642496935,538.0
2024-10-11 12:00:00,2024-10-10 12:00:00,679.033701003862,624.0
2024-10-11 13:00:00,2024-10-10 13:00:00,703.9477435963041,651.0
2024-10-11 14:00:00,2024-10-10 14:00:00,678.4009862027941,623.0
2024-10-11 15:00:00,2024-10-10 15:00:00,596.0168185827671,543.0
2024-10-11 16:00:00,2024-10-10 16:00:00,466.884020727902,422.0
2024-10-11 17:00:00,2024-10-10 17:00:00,289.52036562098885,280.0
2024-10-11 18:00:00,2024-10-10 18:00:00,103.60315187336415,125.0
2024-10-11 19:00:00,2024-10-10 19:00:00,4.202101851466791,6.0
2024-10-11 20:00:00,2024-10-10 20:00:00,0.15559762244026462,0.0
2024-10-11 21:00:00,2024-10-10 21:00:00,0.15559762244026462,0.0
2024-10-11 22:00:00,2024-10-10 22:00:00,0.15559762244026462,0.0
2024-10-11 23:00:00,2024-10-10 23:00:00,0.15559762244026462,0.0
2024-10-12 00:00:00,2024-10-11 00:00:00,0.1495423096264524,0.0
2024-10-12 01:00:00,2024-10-11 01:00:00,0.1331695281972364,0.0
2024-10-12 02:00:00,2024-10-11 02:00:00,0.1331695281972364,0.0
2024-10-12 03:00:00,2024-10-11 03:00:00,0.2632515555718303,0.0
2024-10-12 04:00:00,2024-10-11 04:00:00,0.1495423096264524,0.0
2024-10-12 05:00:00,2024-10-11 05:00:00,0.1495423096264524,0.0
2024-10-12 06:00:00,2024-10-11 06:00:00,0.07384913144811656,0.0
2024-10-12 07:00:00,2024-10-11 07:00:00,0.07384913144811656,0.0
2024-10-12 08:00:00,2024-10-11 08:00:00,67.27641335537878,79.0
2024-10-12 09:00:00,2024-10-11 09:00:00,246.95219630263705,237.0
2024-10-12 10:00:00,2024-10-11 10:00:00,415.33852798188076,409.0
2024-10-12 11:00:00,2024-10-11 11:00:00,569.7039895143827,562.0
2024-10-12 12:00:00,2024-10-11 12:00:00,664.8564616354128,663.0
2024-10-12 13:00:00,2024-10-11 13:00:00,720.9583468603711,703.0
2024-10-12 14:00:00,2024-10-11 14:00:00,707.3692242010355,676.0
2024-10-12 15:00:00,2024-10-11 15:00:00,593.4385242987823,581.0
2024-10-12 16:00:00,2024-10-11 16:00:00,464.1914184705621,439.0
2024-10-12 17:00:00,2024-10-11 17:00:00,277.3650905749811,284.0
2024-10-12 18:00:00,2024-10-11 18:00:00,97.62134825947832,125.0
2024-10-12 19:00:00,2024-10-11 19:00:00,2.5469129506967376,5.0
2024-10-12 20:00:00,2024-10-11 20:00:00,0.12122295753911091,0.0
2024-10-12 21:00:00,2024-10-11 21:00:00,0.12122295753911091,0.0
2024-10-12 22:00:00,2024-10-11 22:00:00,0.15559762244026462,0.0
2024-10-12 23:00:00,2024-10-11 23:00:00,0.15559762244026462,0.0
2024-10-13 00:00:00,2024-10-12 00:00:00,0.1495423096264524,0.0
2024-10-13 01:00:00,2024-10-12 01:00:00,0.1495423096264524,0.0
2024-10-13 02:00:00,2024-10-12 02:00:00,0.1495423096264524,0.0
2024-10-13 03:00:00,2024-10-12 03:00:00,0.07384913144811656,0.0
2024-10-13 04:00:00,2024-10-12 04:00:00,0.1495423096264524,0.0
2024-10-13 05:00:00,2024-10-12 05:00:00,0.07384913144811656,0.0
2024-10-13 06:00:00,2024-10-12 06:00:00,0.07384913144811656,0.0
2024-10-13 07:00:00,2024-10-12 07:00:00,0.07384913144811656,0.0
2024-10-13 08:00:00,2024-10-12 08:00:00,60.46131331105835,79.0
2024-10-13 09:00:00,2024-10-12 09:00:00,227.69402981578094,240.0
2024-10-13 10:00:00,2024-10-12 10:00:00,393.6568310455719,412.0
2024-10-13 11:00:00,2024-10-12 11:00:00,522.203695461917,563.0
2024-10-13 12:00:00,2024-10-12 12:00:00,630.13008735477,651.0
2024-10-13 13:00:00,2024-10-12 13:00:00,663.8741396149794,673.0
2024-10-13 14:00:00,2024-10-12 14:00:00,630.6599724945654,638.0
2024-10-13 15:00:00,2024-10-12 15:00:00,593.667905160203,550.0
2024-10-13 16:00:00,2024-10-12 16:00:00,439.9759770061973,421.0
2024-10-13 17:00:00,2024-10-12 17:00:00,246.1671879191924,275.0
2024-10-13 18:00:00,2024-10-12 18:00:00,81.39673646377013,119.0
2024-10-13 19:00:00,2024-10-12 19:00:00,1.93428268798177,4.0
2024-10-13 20:00:00,2024-10-12 20:00:00,0.12122295753911091,0.0
2024-10-13 21:00:00,2024-10-12 21:00:00,0.15559762244026462,0.0
2024-10-13 22:00:00,2024-10-12 22:00:00,0.15559762244026462,0.0
2024-10-13 23:00:00,2024-10-12 23:00:00,0.15559762244026462,0.0
2024-10-14 00:00:00,2024-10-13 00:00:00,0.1495423096264524,0.0
2024-10-14 01:00:00,2024-10-13 01:00:00,0.1495423096264524,0.0
2024-10-14 02:00:00,2024-10-13 02:00:00,0.3781481024471106,0.0
2024-10-14 03:00:00,2024-10-13 03:00:00,0.3781481024471106,0.0
2024-10-14 04:00:00,2024-10-13 04:00:00,0.3781481024471106,0.0
2024-10-14 05:00:00,2024-10-13 05:00:00,0.3781481024471106,0.0
2024-10-14 06:00:00,2024-10-13 06:00:00,0.26398957982775195,0.0
2024-10-14 07:00:00,2024-10-13 07:00:00,0.07384913144811656,0.0
2024-10-14 08:00:00,2024-10-13 08:00:00,64.94938855616795,73.0
2024-10-14 09:00:00,2024-10-13 09:00:00,233.28592774300105,224.0
2024-10-14 10:00:00,2024-10-13 10:00:00,404.338191569772,387.0
2024-10-14 11:00:00,2024-10-13 11:00:00,525.7862674855756,531.0
2024-10-14 12:00:00,2024-10-13 12:00:00,640.6456518946931,623.0
2024-10-14 13:00:00,2024-10-13 13:00:00,698.4356260981218,656.0
2024-10-14 14:00:00,2024-10-13 14:00:00,672.0688486665531,626.0
2024-10-14 15:00:00,2024-10-13 15:00:00,602.506080820986,532.0
2024-10-14 16:00:00,2024-10-13 16:00:00,441.44529097595984,396.0
2024-10-14 17:00:00,2024-10-13 17:00:00,265.37239867434806,251.0
2024-10-14 18:00:00,2024-10-13 18:00:00,87.39847453374934,106.0
2024-10-14 19:00:00,2024-10-13 19:00:00,1.3549349932912795,3.0
2024-10-14 20:00:00,2024-10-13 20:00:00,0.12122295753911091,0.0
2024-10-14 21:00:00,2024-10-13 21:00:00,0.15559762244026462,0.0
2024-10-14 22:00:00,2024-10-13 22:00:00,0.15559762244026462,0.0
2024-10-14 23:00:00,2024-10-13 23:00:00,0.15559762244026462,0.0
2024-10-15 00:00:00,2024-10-14 00:00:00,0.1495423096264524,0.0
2024-10-15 01:00:00,2024-10-14 01:00:00,0.1495423096264524,0.0
2024-10-15 02:00:00,2024-10-14 02:00:00,0.1495423096264524,0.0
2024-10-15 03:00:00,2024-10-14 03:00:00,0.3781481024471106,0.0
2024-10-15 04:00:00,2024-10-14 04:00:00,0.1495423096264524,0.0
2024-10-15 05:00:00,2024-10-14 05:00:00,0.1495423096264524,0.0
2024-10-15 06:00:00,2024-10-14 06:00:00,0.07384913144811656,0.0
2024-10-15 07:00:00,2024-10-14 07:00:00,0.26398957982775195,0.0
2024-10-15 08:00:00,2024-10-14 08:00:00,64.56307454018733,74.0
2024-10-15 09:00:00,2024-10-14 09:00:00,233.02295377019377,231.0
2024-10-15 10:00:00,2024-10-14 10:00:00,390.24530557845566,397.0
2024-10-15 11:00:00,2024-10-14 11:00:00,491.05209310723257,533.0
2024-10-15 12:00:00,2024-10-14 12:00:00,599.0739056134894,596.0
2024-10-15 13:00:00,2024-10-14 13:00:00,656.7404544173812,588.0
2024-10-15 14:00:00,2024-10-14 14:00:00,663.7548798774895,530.0
2024-10-15 15:00:00,2024-10-14 15:00:00,563.0435763597945,433.0
2024-10-15 16:00:00,2024-10-14 16:00:00,417.9117934828702,313.0
2024-10-15 17:00:00,2024-10-14 17:00:00,252.0127989221298,194.0
2024-10-15 18:00:00,2024-10-14 18:00:00,74.45917691816274,80.0
2024-10-15 19:00:00,2024-10-14 19:00:00,0.0,2.0
2024-10-15 20:00:00,2024-10-14 20:00:00,0.3989637954782341,0.0
2024-10-15 21:00:00,2024-10-14 21:00:00,0.2815285223993427,0.0
2024-10-15 22:00:00,2024-10-14 22:00:00,0.301917438010495,0.0
2024-10-15 23:00:00,2024-10-14 23:00:00,0.2709297542419742,0.0
2024-10-16 00:00:00,2024-10-15 00:00:00,0.21573939630969696,0.0
2024-10-16 01:00:00,2024-10-15 01:00:00,0.24263640053834867,0.0
2024-10-16 02:00:00,2024-10-15 02:00:00,0.10158087369033822,0.0
2024-10-16 03:00:00,2024-10-15 03:00:00,0.26398957982775195,0.0
2024-10-16 04:00:00,2024-10-15 04:00:00,0.17727405186867415,0.0
2024-10-16 05:00:00,2024-10-15 05:00:00,0.26398957982775195,0.0
2024-10-16 06:00:00,2024-10-15 06:00:00,0.0,0.0
2024-10-16 07:00:00,2024-10-15 07:00:00,0.26398957982775195,0.0
2024-10-16 08:00:00,2024-10-15 08:00:00,55.65626328795429,70.0
2024-10-16 09:00:00,2024-10-15 09:00:00,217.46094547453052,220.0
2024-10-16 10:00:00,2024-10-15 10:00:00,389.61005597113956,375.0
2024-10-16 11:00:00,2024-10-15 11:00:00,497.29063097266754,490.0
2024-10-16 12:00:00,2024-10-15 12:00:00,534.9109416818231,509.0
2024-10-16 13:00:00,2024-10-15 13:00:00,592.7314514199654,446.0
2024-10-16 14:00:00,2024-10-15 14:00:00,583.1569377969737,369.0
2024-10-16 15:00:00,2024-10-15 15:00:00,490.80793328965876,309.0
2024-10-16 16:00:00,2024-10-15 16:00:00,372.47610585045845,245.0
2024-10-16 17:00:00,2024-10-15 17:00:00,227.33139953739695,164.0
2024-10-16 18:00:00,2024-10-15 18:00:00,73.69978436398159,67.0
2024-10-16 19:00:00,2024-10-15 19:00:00,0.7275857840328098,1.0
2024-10-16 20:00:00,2024-10-15 20:00:00,0.49791266120630073,0.0
2024-10-16 21:00:00,2024-10-15 21:00:00,0.15559762244026462,0.0
2024-10-16 22:00:00,2024-10-15 22:00:00,0.36783063383170683,0.0
2024-10-16 23:00:00,2024-10-15 23:00:00,0.5470477063247654,0.0
2024-10-17 00:00:00,2024-10-16 00:00:00,0.2632515555718303,0.0
2024-10-17 01:00:00,2024-10-16 01:00:00,0.2632515555718303,0.0
2024-10-17 02:00:00,2024-10-16 02:00:00,0.2632515555718303,0.0
2024-10-17 03:00:00,2024-10-16 03:00:00,0.4533920039514656,0.0
2024-10-17 04:00:00,2024-10-16 04:00:00,0.4533920039514656,0.0
2024-10-17 05:00:00,2024-10-16 05:00:00,0.33968275800608777,0.0
2024-10-17 06:00:00,2024-10-16 06:00:00,0.4918573483924885,0.0
2024-10-17 07:00:00,2024-10-16 07:00:00,0.4918573483924885,0.0
2024-10-17 08:00:00,2024-10-16 08:00:00,49.20885078754744,64.0
2024-10-17 09:00:00,2024-10-16 09:00:00,209.22643425397436,210.0
2024-10-17 10:00:00,2024-10-16 10:00:00,389.1677975738032,373.0
2024-10-17 11:00:00,2024-10-16 11:00:00,523.2037525457431,521.0
2024-10-17 12:00:00,2024-10-16 12:00:00,596.6609372431926,619.0
2024-10-17 13:00:00,2024-10-16 13:00:00,643.7327617920722,660.0
2024-10-17 14:00:00,2024-10-16 14:00:00,619.3679996601339,638.0
2024-10-17 15:00:00,2024-10-16 15:00:00,486.79749255171765,550.0
2024-10-17 16:00:00,2024-10-16 16:00:00,370.7702167030609,416.0
2024-10-17 17:00:00,2024-10-16 17:00:00,209.48879926520132,265.0
2024-10-17 18:00:00,2024-10-16 18:00:00,77.26468180990095,106.0
2024-10-17 19:00:00,2024-10-16 19:00:00,1.3720266274567883,2.0
2024-10-17 20:00:00,2024-10-16 20:00:00,0.12122295753911091,0.0
2024-10-17 21:00:00,2024-10-16 21:00:00,0.12122295753911091,0.0
2024-10-17 22:00:00,2024-10-16 22:00:00,0.15559762244026462,0.0
2024-10-17 23:00:00,2024-10-16 23:00:00,0.15559762244026462,0.0
2024-10-18 00:00:00,2024-10-17 00:00:00,0.1495423096264524,0.0
2024-10-18 01:00:00,2024-10-17 01:00:00,0.1495423096264524,0.0
2024-10-18 02:00:00,2024-10-17 02:00:00,0.1495423096264524,0.0
2024-10-18 03:00:00,2024-10-17 03:00:00,0.1495423096264524,0.0
2024-10-18 04:00:00,2024-10-17 04:00:00,0.1331695281972364,0.0
2024-10-18 05:00:00,2024-10-17 05:00:00,0.1331695281972364,0.0
2024-10-18 06:00:00,2024-10-17 06:00:00,0.2632515555718303,0.0
2024-10-18 07:00:00,2024-10-17 07:00:00,0.2632515555718303,0.0
2024-10-18 08:00:00,2024-10-17 08:00:00,49.826290854826354,69.0
2024-10-18 09:00:00,2024-10-17 09:00:00,204.1860019277231,229.0
2024-10-18 10:00:00,2024-10-17 10:00:00,373.1477127643163,398.0
2024-10-18 11:00:00,2024-10-17 11:00:00,514.074861199074,544.0
2024-10-18 12:00:00,2024-10-17 12:00:00,574.4978905612084,630.0
2024-10-18 13:00:00,2024-10-17 13:00:00,552.9198357004948,651.0
2024-10-18 14:00:00,2024-10-17 14:00:00,569.4367580805839,606.0
2024-10-18 15:00:00,2024-10-17 15:00:00,498.6449458097418,493.0
2024-10-18 16:00:00,2024-10-17 16:00:00,348.2497553897416,345.0
2024-10-18 17:00:00,2024-10-17 17:00:00,224.0136460874822,205.0
2024-10-18 18:00:00,2024-10-17 18:00:00,72.90457016345454,79.0
2024-10-18 19:00:00,2024-10-17 19:00:00,0.8156211037933647,1.0
2024-10-18 20:00:00,2024-10-17 20:00:00,0.12122295753911091,0.0
2024-10-18 21:00:00,2024-10-17 21:00:00,0.4333384603793878,0.0
2024-10-18 22:00:00,2024-10-17 22:00:00,0.8836216116968215,0.0
2024-10-18 23:00:00,2024-10-17 23:00:00,1.2423488205482272,0.0
2024-10-19 00:00:00,2024-10-18 00:00:00,0.22144503697051363,0.0
2024-10-19 01:00:00,2024-10-18 01:00:00,0.6992708340107184,0.0
2024-10-19 02:00:00,2024-10-18 02:00:00,0.6608054895696956,0.0
2024-10-19 03:00:00,2024-10-18 03:00:00,0.2602614414182483,0.0
2024-10-19 04:00:00,2024-10-18 04:00:00,0.07384913144811656,0.0
2024-10-19 05:00:00,2024-10-18 05:00:00,0.26398957982775195,0.0
2024-10-19 06:00:00,2024-10-18 06:00:00,0.2602614414182483,0.0
2024-10-19 07:00:00,2024-10-18 07:00:00,0.39497186301172466,0.0
2024-10-19 08:00:00,2024-10-18 08:00:00,56.1616130008935,64.0
2024-10-19 09:00:00,2024-10-18 09:00:00,202.43277941655288,221.0
2024-10-19 10:00:00,2024-10-18 10:00:00,356.2180739827806,397.0
2024-10-19 11:00:00,2024-10-18 11:00:00,547.0368493633949,554.0
2024-10-19 12:00:00,2024-10-18 12:00:00,653.7777011167775,649.0
2024-10-19 13:00:00,2024-10-18 13:00:00,660.9473137433587,678.0
2024-10-19 14:00:00,2024-10-18 14:00:00,645.8866357255972,643.0
2024-10-19 15:00:00,2024-10-18 15:00:00,576.225675090109,547.0
2024-10-19 16:00:00,2024-10-18 16:00:00,427.37722732376545,409.0
2024-10-19 17:00:00,2024-10-18 17:00:00,262.0040617156307,257.0
2024-10-19 18:00:00,2024-10-18 18:00:00,73.17514863804773,99.0
2024-10-19 19:00:00,2024-10-18 19:00:00,0.43007685949202595,1.0
2024-10-19 20:00:00,2024-10-18 20:00:00,0.15559762244026462,0.0
2024-10-19 21:00:00,2024-10-18 21:00:00,0.15559762244026462,0.0
2024-10-19 22:00:00,2024-10-18 22:00:00,0.15559762244026462,0.0
2024-10-19 23:00:00,2024-10-18 23:00:00,0.15559762244026462,0.0
2024-10-20 00:00:00,2024-10-19 00:00:00,0.26398957982775195,0.0
2024-10-20 01:00:00,2024-10-19 01:00:00,0.26398957982775195,0.0
2024-10-20 02:00:00,2024-10-19 02:00:00,0.39497186301172466,0.0
2024-10-20 03:00:00,2024-10-19 03:00:00,0.39497186301172466,0.0
2024-10-20 04:00:00,2024-10-19 04:00:00,0.26398957982775195,0.0
2024-10-20 05:00:00,2024-10-19 05:00:00,0.07384913144811656,0.0
2024-10-20 06:00:00,2024-10-19 06:00:00,0.26398957982775195,0.0
2024-10-20 07:00:00,2024-10-19 07:00:00,0.26398957982775195,0.0
2024-10-20 08:00:00,2024-10-19 08:00:00,53.00416969516202,62.0
2024-10-20 09:00:00,2024-10-19 09:00:00,224.99533682678046,219.0
2024-10-20 10:00:00,2024-10-19 10:00:00,396.6461549780254,394.0
2024-10-20 11:00:00,2024-10-19 11:00:00,514.6915155561377,551.0
2024-10-20 12:00:00,2024-10-19 12:00:00,659.8333541199883,650.0
2024-10-20 13:00:00,2024-10-19 13:00:00,678.214463039298,683.0
2024-10-20 14:00:00,2024-10-19 14:00:00,586.3285070328164,645.0
2024-10-20 15:00:00,2024-10-19 15:00:00,502.3053829473313,533.0
2024-10-20 16:00:00,2024-10-19 16:00:00,356.0130469304685,378.0
2024-10-20 17:00:00,2024-10-19 17:00:00,216.9421746174023,227.0
2024-10-20 18:00:00,2024-10-19 18:00:00,77.7154428596199,85.0
2024-10-20 19:00:00,2024-10-19 19:00:00,0.9242917314010806,0.0
2024-10-20 20:00:00,2024-10-19 20:00:00,2.4411334351988994,0.0
2024-10-20 21:00:00,2024-10-19 21:00:00,0.33802271756146696,0.0
2024-10-20 22:00:00,2024-10-19 22:00:00,0.33802271756146696,0.0
2024-10-20 23:00:00,2024-10-19 23:00:00,0.33802271756146696,0.0
2024-10-21 00:00:00,2024-10-20 00:00:00,0.10853428393411838,0.0
2024-10-21 01:00:00,2024-10-20 01:00:00,0.2602614414182483,0.0
2024-10-21 02:00:00,2024-10-20 02:00:00,0.07384913144811656,0.0
2024-10-21 03:00:00,2024-10-20 03:00:00,0.07384913144811656,0.0
2024-10-21 04:00:00,2024-10-20 04:00:00,0.09269191124955449,0.0
2024-10-21 05:00:00,2024-10-20 05:00:00,0.09269191124955449,0.0
2024-10-21 06:00:00,2024-10-20 06:00:00,0.09269191124955449,0.0
2024-10-21 07:00:00,2024-10-20 07:00:00,0.23336175867528178,0.0
2024-10-21 08:00:00,2024-10-20 08:00:00,51.37566467364952,65.0
2024-10-21 09:00:00,2024-10-20 09:00:00,228.40482223176375,229.0
2024-10-21 10:00:00,2024-10-20 10:00:00,408.3779063277589,407.0
2024-10-21 11:00:00,2024-10-20 11:00:00,546.7017070073864,564.0
2024-10-21 12:00:00,2024-10-20 12:00:00,637.4178329252243,665.0
2024-10-21 13:00:00,2024-10-20 13:00:00,696.8304091450044,700.0
2024-10-21 14:00:00,2024-10-20 14:00:00,658.1841278245998,668.0
2024-10-21 15:00:00,2024-10-20 15:00:00,582.2075620833724,566.0
2024-10-21 16:00:00,2024-10-20 16:00:00,438.6727347437641,419.0
2024-10-21 17:00:00,2024-10-20 17:00:00,261.62389064876487,259.0
2024-10-21 18:00:00,2024-10-20 18:00:00,73.00183794123376,95.0
2024-10-21 19:00:00,2024-10-20 19:00:00,0.4767203540038726,0.0
2024-10-21 20:00:00,2024-10-20 20:00:00,1.0577385222702695,0.0
2024-10-21 21:00:00,2024-10-20 21:00:00,0.4010271758255369,0.0
2024-10-21 22:00:00,2024-10-20 22:00:00,0.4010271758255369,0.0
2024-10-21 23:00:00,2024-10-20 23:00:00,0.23941707148909394,0.0
2024-10-22 00:00:00,2024-10-21 00:00:00,0.09269191124955449,0.0
2024-10-22 01:00:00,2024-10-21 01:00:00,0.09269191124955449,0.0
2024-10-22 02:00:00,2024-10-21 02:00:00,0.07012099303861294,0.0
2024-10-22 03:00:00,2024-10-21 03:00:00,0.07384913144811656,0.0
2024-10-22 04:00:00,2024-10-21 04:00:00,0.07384913144811656,0.0
2024-10-22 05:00:00,2024-10-21 05:00:00,0.07384913144811656,0.0
2024-10-22 06:00:00,2024-10-21 06:00:00,0.07012099303861294,0.0
2024-10-22 07:00:00,2024-10-21 07:00:00,0.23336175867528178,0.0
2024-10-22 08:00:00,2024-10-21 08:00:00,50.243750715218326,62.0
2024-10-22 09:00:00,2024-10-21 09:00:00,228.19741012788282,225.0
2024-10-22 10:00:00,2024-10-21 10:00:00,418.56399994871384,399.0
2024-10-22 11:00:00,2024-10-21 11:00:00,572.5341689803494,553.0
2024-10-22 12:00:00,2024-10-21 12:00:00,665.6963830759604,655.0
2024-10-22 13:00:00,2024-10-21 13:00:00,715.2835500423434,695.0
2024-10-22 14:00:00,2024-10-21 14:00:00,688.8554104447874,667.0
2024-10-22 15:00:00,2024-10-21 15:00:00,569.2525913171543,567.0
2024-10-22 16:00:00,2024-10-21 16:00:00,442.9087728706184,419.0
2024-10-22 17:00:00,2024-10-21 17:00:00,252.89304493770103,258.0
2024-10-22 18:00:00,2024-10-21 18:00:00,69.88840711032725,93.0
2024-10-22 19:00:00,2024-10-21 19:00:00,0.8230058581686561,0.0
2024-10-22 20:00:00,2024-10-21 20:00:00,0.7473126799903202,0.0
2024-10-22 21:00:00,2024-10-21 21:00:00,0.7473126799903202,0.0
2024-10-22 22:00:00,2024-10-21 22:00:00,1.6203567215481962,0.0
2024-10-22 23:00:00,2024-10-21 23:00:00,0.7473126799903202,0.0
2024-10-23 00:00:00,2024-10-22 00:00:00,0.09269191124955449,0.0
2024-10-23 01:00:00,2024-10-22 01:00:00,0.09269191124955449,0.0
2024-10-23 02:00:00,2024-10-22 02:00:00,0.8819272146022353,0.0
2024-10-23 03:00:00,2024-10-22 03:00:00,0.741257367176508,0.0
2024-10-23 04:00:00,2024-10-22 04:00:00,0.09269191124955449,0.0
2024-10-23 05:00:00,2024-10-22 05:00:00,0.741257367176508,0.0
2024-10-23 06:00:00,2024-10-22 06:00:00,0.741257367176508,0.0
2024-10-23 07:00:00,2024-10-22 07:00:00,0.741257367176508,0.0
2024-10-23 08:00:00,2024-10-22 08:00:00,50.233762448238316,59.0
2024-10-23 09:00:00,2024-10-22 09:00:00,224.73548753379822,219.0
2024-10-23 10:00:00,2024-10-22 10:00:00,413.41501739542196,396.0
2024-10-23 11:00:00,2024-10-22 11:00:00,583.4512055715036,554.0
2024-10-23 12:00:00,2024-10-22 12:00:00,665.0185142704289,654.0
2024-10-23 13:00:00,2024-10-22 13:00:00,699.9877985781039,689.0
2024-10-23 14:00:00,2024-10-22 14:00:00,651.1005526277266,656.0
2024-10-23 15:00:00,2024-10-22 15:00:00,573.9164530401525,555.0
2024-10-23 16:00:00,2024-10-22 16:00:00,412.2036889321202,408.0
2024-10-23 17:00:00,2024-10-22 17:00:00,241.00161548696414,250.0
2024-10-23 18:00:00,2024-10-22 18:00:00,71.65081303105718,88.0
2024-10-23 19:00:00,2024-10-22 19:00:00,0.8230058581686561,0.0
2024-10-23 20:00:00,2024-10-22 20:00:00,0.7473126799903202,0.0
2024-10-23 21:00:00,2024-10-22 21:00:00,0.7473126799903202,0.0
2024-10-23 22:00:00,2024-10-22 22:00:00,0.7473126799903202,0.0
2024-10-23 23:00:00,2024-10-22 23:00:00,0.09874722406336671,0.0
2024-10-24 00:00:00,2024-10-23 00:00:00,0.09269191124955449,0.0
2024-10-24 01:00:00,2024-10-23 01:00:00,0.09269191124955449,0.0
2024-10-24 02:00:00,2024-10-23 02:00:00,0.09269191124955449,0.0
2024-10-24 03:00:00,2024-10-23 03:00:00,0.0,0.0
2024-10-24 04:00:00,2024-10-23 04:00:00,0.0,0.0
2024-10-24 05:00:00,2024-10-23 05:00:00,0.0,0.0
2024-10-24 06:00:00,2024-10-23 06:00:00,0.0,0.0
2024-10-24 07:00:00,2024-10-23 07:00:00,0.07012099303861294,0.0
2024-10-24 08:00:00,2024-10-23 08:00:00,49.97361598621522,59.0
2024-10-24 09:00:00,2024-10-23 09:00:00,222.15306962542442,223.0
2024-10-24 10:00:00,2024-10-23 10:00:00,408.0905352149996,400.0
2024-10-24 11:00:00,2024-10-23 11:00:00,570.3497726210531,557.0
2024-10-24 12:00:00,2024-10-23 12:00:00,653.3953719964837,658.0
2024-10-24 13:00:00,2024-10-23 13:00:00,702.978337466873,694.0
2024-10-24 14:00:00,2024-10-23 14:00:00,661.6375167576272,661.0
2024-10-24 15:00:00,2024-10-23 15:00:00,559.7303798299331,557.0
2024-10-24 16:00:00,2024-10-23 16:00:00,416.9441940351884,407.0
2024-10-24 17:00:00,2024-10-23 17:00:00,246.57687416531283,247.0
2024-10-24 18:00:00,2024-10-23 18:00:00,65.93035615832589,85.0
2024-10-24 19:00:00,2024-10-23 19:00:00,0.17444040224170257,0.0
2024-10-24 20:00:00,2024-10-23 20:00:00,0.09874722406336671,0.0
2024-10-24 21:00:00,2024-10-23 21:00:00,0.09874722406336671,0.0
2024-10-24 22:00:00,2024-10-23 22:00:00,0.7473126799903202,0.0
2024-10-24 23:00:00,2024-10-23 23:00:00,0.7473126799903202,0.0
2024-10-25 00:00:00,2024-10-24 00:00:00,0.741257367176508,0.0
2024-10-25 01:00:00,2024-10-24 01:00:00,0.741257367176508,0.0
2024-10-25 02:00:00,2024-10-24 02:00:00,0.0,0.0
2024-10-25 03:00:00,2024-10-24 03:00:00,0.0,0.0
2024-10-25 04:00:00,2024-10-24 04:00:00,0.0,0.0
2024-10-25 05:00:00,2024-10-24 05:00:00,0.0,0.0
2024-10-25 06:00:00,2024-10-24 06:00:00,0.09269191124955449,0.0
2024-10-25 07:00:00,2024-10-24 07:00:00,0.083131959114306,0.0
2024-10-25 08:00:00,2024-10-24 08:00:00,48.369871397959365,56.0
2024-10-25 09:00:00,2024-10-24 09:00:00,217.02151753583502,216.0
2024-10-25 10:00:00,2024-10-24 10:00:00,402.52488502794506,390.0
2024-10-25 11:00:00,2024-10-24 11:00:00,568.1945749717694,544.0
2024-10-25 12:00:00,2024-10-24 12:00:00,666.1641115564311,644.0
2024-10-25 13:00:00,2024-10-24 13:00:00,699.7714562893473,680.0
2024-10-25 14:00:00,2024-10-24 14:00:00,654.3465996985473,648.0
2024-10-25 15:00:00,2024-10-24 15:00:00,547.5370594083734,544.0
2024-10-25 16:00:00,2024-10-24 16:00:00,421.4785205229069,396.0
2024-10-25 17:00:00,2024-10-24 17:00:00,238.8757242894856,239.0
2024-10-25 18:00:00,2024-10-24 18:00:00,58.82520277718588,80.0
2024-10-25 19:00:00,2024-10-24 19:00:00,0.17444040224170257,0.0
2024-10-25 20:00:00,2024-10-24 20:00:00,0.09874722406336671,0.0
2024-10-25 21:00:00,2024-10-24 21:00:00,0.09874722406336671,0.0
2024-10-25 22:00:00,2024-10-24 22:00:00,0.09874722406336671,0.0
2024-10-25 23:00:00,2024-10-24 23:00:00,0.09874722406336671,0.0
2024-10-26 00:00:00,2024-10-25 00:00:00,0.09269191124955449,0.0
2024-10-26 01:00:00,2024-10-25 01:00:00,0.0,0.0
2024-10-26 02:00:00,2024-10-25 02:00:00,0.0,0.0
2024-10-26 03:00:00,2024-10-25 03:00:00,0.0,0.0
2024-10-26 04:00:00,2024-10-25 04:00:00,0.0,0.0
2024-10-26 05:00:00,2024-10-25 05:00:00,0.36701304036841687,0.0
2024-10-26 06:00:00,2024-10-25 06:00:00,1.0237243868131498,0.0
2024-10-26 07:00:00,2024-10-25 07:00:00,1.0237243868131498,0.0
2024-10-26 08:00:00,2024-10-25 08:00:00,42.55564051068591,53.0
2024-10-26 09:00:00,2024-10-25 09:00:00,215.15875848929386,212.0
2024-10-26 10:00:00,2024-10-25 10:00:00,396.218796561153,388.0
2024-10-26 11:00:00,2024-10-25 11:00:00,562.1732204913617,545.0
2024-10-26 12:00:00,2024-10-25 12:00:00,667.7081021518578,647.0
2024-10-26 13:00:00,2024-10-25 13:00:00,669.4878801971488,684.0
2024-10-26 14:00:00,2024-10-25 14:00:00,656.413105817217,652.0
2024-10-26 15:00:00,2024-10-25 15:00:00,555.5818198149274,549.0
2024-10-26 16:00:00,2024-10-25 16:00:00,415.572853419148,400.0
2024-10-26 17:00:00,2024-10-25 17:00:00,237.61980684432507,241.0
2024-10-26 18:00:00,2024-10-25 18:00:00,60.32901238501575,79.0
2024-10-26 19:00:00,2024-10-25 19:00:00,0.17444040224170257,0.0
2024-10-26 20:00:00,2024-10-25 20:00:00,0.17444040224170257,0.0
2024-10-26 21:00:00,2024-10-25 21:00:00,0.23941707148909394,0.0
2024-10-26 22:00:00,2024-10-25 22:00:00,0.23941707148909394,0.0
2024-10-26 23:00:00,2024-10-25 23:00:00,0.23941707148909394,0.0
2024-10-27 00:00:00,2024-10-26 00:00:00,0.09269191124955449,0.0
2024-10-27 01:00:00,2024-10-26 01:00:00,0.09269191124955449,0.0
2024-10-27 02:00:00,2024-10-26 02:00:00,0.0,0.0
2024-10-27 03:00:00,2024-10-26 03:00:00,0.0,0.0
2024-10-27 04:00:00,2024-10-26 04:00:00,0.09269191124955449,0.0
2024-10-27 05:00:00,2024-10-26 05:00:00,0.0,0.0
2024-10-27 06:00:00,2024-10-26 06:00:00,0.07384913144811656,0.0
2024-10-27 07:00:00,2024-10-26 07:00:00,0.07384913144811656,0.0
2024-10-27 08:00:00,2024-10-26 08:00:00,42.47842583336461,53.0
2024-10-27 09:00:00,2024-10-26 09:00:00,212.93173098189877,215.0
2024-10-27 10:00:00,2024-10-26 10:00:00,397.2415633376468,391.0
2024-10-27 11:00:00,2024-10-26 11:00:00,553.524872404221,546.0
2024-10-27 12:00:00,2024-10-26 12:00:00,648.7370205379135,646.0
2024-10-27 13:00:00,2024-10-26 13:00:00,700.1453126278924,682.0
2024-10-27 14:00:00,2024-10-26 14:00:00,654.3465996985473,650.0
2024-10-27 15:00:00,2024-10-26 15:00:00,552.4771821464303,548.0
2024-10-27 16:00:00,2024-10-26 16:00:00,411.0365255579833,400.0
2024-10-27 17:00:00,2024-10-26 17:00:00,236.81727043358717,240.0
2024-10-27 18:00:00,2024-10-26 18:00:00,54.776006570295145,76.0
2024-10-27 19:00:00,2024-10-26 19:00:00,0.8230058581686561,0.0
2024-10-27 20:00:00,2024-10-26 20:00:00,0.09874722406336671,0.0
2024-10-27 21:00:00,2024-10-26 21:00:00,0.7473126799903202,0.0
2024-10-27 22:00:00,2024-10-26 22:00:00,0.7473126799903202,0.0
2024-10-27 23:00:00,2024-10-26 23:00:00,0.7473126799903202,0.0
2024-10-28 00:00:00,2024-10-27 00:00:00,0.741257367176508,0.0
2024-10-28 01:00:00,2024-10-27 01:00:00,0.741257367176508,0.0
2024-10-28 02:00:00,2024-10-27 02:00:00,0.741257367176508,0.0
2024-10-28 03:00:00,2024-10-27 03:00:00,0.741257367176508,0.0
2024-10-28 04:00:00,2024-10-27 04:00:00,0.741257367176508,0.0
2024-10-28 05:00:00,2024-10-27 05:00:00,0.0,0.0
2024-10-28 06:00:00,2024-10-27 06:00:00,0.0,0.0
2024-10-28 07:00:00,2024-10-27 07:00:00,0.0,0.0
2024-10-28 08:00:00,2024-10-27 08:00:00,40.788472529014214,51.0
2024-10-28 09:00:00,2024-10-27 09:00:00,209.14374103733974,212.0
2024-10-28 10:00:00,2024-10-27 10:00:00,403.9019117263325,388.0
2024-10-28 11:00:00,2024-10-27 11:00:00,518.183191091404,542.0
2024-10-28 12:00:00,2024-10-27 12:00:00,651.5364838475214,640.0
2024-10-28 13:00:00,2024-10-27 13:00:00,686.7921347076272,674.0
2024-10-28 14:00:00,2024-10-27 14:00:00,645.9370665522996,640.0
2024-10-28 15:00:00,2024-10-27 15:00:00,527.6017208142164,538.0
2024-10-28 16:00:00,2024-10-27 16:00:00,417.30781417573945,392.0
2024-10-28 17:00:00,2024-10-27 17:00:00,230.94093957660158,234.0
2024-10-28 18:00:00,2024-10-27 18:00:00,55.05090577890095,72.0
2024-10-28 19:00:00,2024-10-27 19:00:00,0.17444040224170257,0.0
2024-10-28 20:00:00,2024-10-27 20:00:00,0.17444040224170257,0.0
2024-10-28 21:00:00,2024-10-27 21:00:00,0.17444040224170257,0.0
2024-10-28 22:00:00,2024-10-27 22:00:00,0.17444040224170257,0.0
2024-10-28 23:00:00,2024-10-27 23:00:00,0.09874722406336671,0.0
2024-10-29 00:00:00,2024-10-28 00:00:00,0.09269191124955449,0.0
2024-10-29 01:00:00,2024-10-28 01:00:00,0.09269191124955449,0.0
2024-10-29 02:00:00,2024-10-28 02:00:00,0.09269191124955449,0.0
2024-10-29 03:00:00,2024-10-28 03:00:00,0.09269191124955449,0.0
2024-10-29 04:00:00,2024-10-28 04:00:00,0.09269191124955449,0.0
2024-10-29 05:00:00,2024-10-28 05:00:00,0.0,0.0
2024-10-29 06:00:00,2024-10-28 06:00:00,0.0,0.0
2024-10-29 07:00:00,2024-10-28 07:00:00,0.0,0.0
2024-10-29 08:00:00,2024-10-28 08:00:00,38.274987295796436,48.0
2024-10-29 09:00:00,2024-10-28 09:00:00,206.05567478180032,207.0
2024-10-29 10:00:00,2024-10-28 10:00:00,390.3892249195019,380.0
2024-10-29 11:00:00,2024-10-28 11:00:00,543.3643658213676,532.0
2024-10-29 12:00:00,2024-10-28 12:00:00,626.1833820036104,627.0
2024-10-29 13:00:00,2024-10-28 13:00:00,657.6589661227674,658.0
2024-10-29 14:00:00,2024-10-28 14:00:00,641.9415260415368,622.0
2024-10-29 15:00:00,2024-10-28 15:00:00,538.0855709790768,518.0
2024-10-29 16:00:00,2024-10-28 16:00:00,405.71969735838564,372.0
2024-10-29 17:00:00,2024-10-28 17:00:00,222.93187323988255,218.0
2024-10-29 18:00:00,2024-10-28 18:00:00,53.191128252769246,66.0
2024-10-29 19:00:00,2024-10-28 19:00:00,0.17444040224170257,0.0
2024-10-29 20:00:00,2024-10-28 20:00:00,0.09874722406336671,0.0
2024-10-29 21:00:00,2024-10-28 21:00:00,0.09874722406336671,0.0
2024-10-29 22:00:00,2024-10-28 22:00:00,0.4010271758255369,0.0
2024-10-29 23:00:00,2024-10-28 23:00:00,0.22985711935384542,0.0
2024-10-30 00:00:00,2024-10-29 00:00:00,0.2238018065400332,0.0
2024-10-30 01:00:00,2024-10-29 01:00:00,0.083131959114306,0.0
2024-10-30 02:00:00,2024-10-29 02:00:00,0.0,0.0
2024-10-30 03:00:00,2024-10-29 03:00:00,0.0,0.0
2024-10-30 04:00:00,2024-10-29 04:00:00,0.0,0.0
2024-10-30 05:00:00,2024-10-29 05:00:00,0.0,0.0
2024-10-30 06:00:00,2024-10-29 06:00:00,0.0,0.0
2024-10-30 07:00:00,2024-10-29 07:00:00,0.0,0.0
2024-10-30 08:00:00,2024-10-29 08:00:00,38.32109169883289,47.0
2024-10-30 09:00:00,2024-10-29 09:00:00,205.68181844325514,206.0
2024-10-30 10:00:00,2024-10-29 10:00:00,384.5675421893314,380.0
2024-10-30 11:00:00,2024-10-29 11:00:00,524.9573405824723,533.0
2024-10-30 12:00:00,2024-10-29 12:00:00,629.5438712380908,630.0
2024-10-30 13:00:00,2024-10-29 13:00:00,656.8032018961954,663.0
2024-10-30 14:00:00,2024-10-29 14:00:00,634.4997155717251,629.0
2024-10-30 15:00:00,2024-10-29 15:00:00,542.9772339385,527.0
2024-10-30 16:00:00,2024-10-29 16:00:00,399.3205669717426,381.0
2024-10-30 17:00:00,2024-10-29 17:00:00,227.04283895719007,225.0
2024-10-30 18:00:00,2024-10-29 18:00:00,52.4060880191591,66.0
2024-10-30 19:00:00,2024-10-29 19:00:00,0.31511024966742973,0.0
2024-10-30 20:00:00,2024-10-29 20:00:00,0.09874722406336671,0.0
2024-10-30 21:00:00,2024-10-29 21:00:00,0.09874722406336671,0.0
2024-10-30 22:00:00,2024-10-29 22:00:00,0.07617630585242516,0.0
2024-10-30 23:00:00,2024-10-29 23:00:00,0.09874722406336671,0.0
2024-10-31 00:00:00,2024-10-30 00:00:00,0.0,0.0
2024-10-31 01:00:00,2024-10-30 01:00:00,0.0,0.0
2024-10-31 02:00:00,2024-10-30 02:00:00,0.0,0.0
2024-10-31 03:00:00,2024-10-30 03:00:00,0.36701304036841687,0.0
2024-10-31 04:00:00,2024-10-30 04:00:00,0.36701304036841687,0.0
2024-10-31 05:00:00,2024-10-30 05:00:00,0.0,0.0
2024-10-31 06:00:00,2024-10-30 06:00:00,0.083131959114306,0.0
2024-10-31 07:00:00,2024-10-30 07:00:00,0.07384913144811656,0.0
2024-10-31 08:00:00,2024-10-30 08:00:00,35.318490035183544,44.0
2024-10-31 09:00:00,2024-10-30 09:00:00,203.91164459655917,199.0
2024-10-31 10:00:00,2024-10-30 10:00:00,375.2944548728821,370.0
2024-10-31 11:00:00,2024-10-30 11:00:00,512.3187921766287,521.0
2024-10-31 12:00:00,2024-10-30 12:00:00,611.4104291560773,618.0
2024-10-31 13:00:00,2024-10-30 13:00:00,658.875590895865,652.0
2024-10-31 14:00:00,2024-10-30 14:00:00,613.4571988962045,619.0
2024-10-31 15:00:00,2024-10-30 15:00:00,499.1566178729368,517.0
2024-10-31 16:00:00,2024-10-30 16:00:00,339.74921905801466,371.0
2024-10-31 17:00:00,2024-10-30 17:00:00,207.94643166455998,216.0
2024-10-31 18:00:00,2024-10-30 18:00:00,45.12025246677839,62.0
2024-10-31 19:00:00,2024-10-30 19:00:00,1.149110342672693,0.0
2024-10-31 20:00:00,2024-10-30 20:00:00,0.09874722406336671,0.0
2024-10-31 21:00:00,2024-10-30 21:00:00,1.9954522594104858,0.0
2024-10-31 22:00:00,2024-10-30 22:00:00,1.9954522594104858,0.0
2024-10-31 23:00:00,2024-10-30 23:00:00,1.6203567215481962,0.0
2024-11-01 00:00:00,2024-10-31 00:00:00,0.741257367176508,0.0
2024-11-01 01:00:00,2024-10-31 01:00:00,0.8819272146022353,0.0
2024-11-01 02:00:00,2024-10-31 02:00:00,1.0965291177683527,0.0
2024-11-01 03:00:00,2024-10-31 03:00:00,0.8819272146022353,0.0
2024-11-01 04:00:00,2024-10-31 04:00:00,1.0237243868131498,0.0
2024-11-01 05:00:00,2024-10-31 05:00:00,1.0237243868131498,0.0
2024-11-01 06:00:00,2024-10-31 06:00:00,1.0237243868131498,0.0
2024-11-01 07:00:00,2024-10-31 07:00:00,0.23336175867528178,0.0
2024-11-01 08:00:00,2024-10-31 08:00:00,35.18652147146966,40.0
2024-11-01 09:00:00,2024-10-31 09:00:00,179.33773905582217,182.0
2024-11-01 10:00:00,2024-10-31 10:00:00,353.75824670111945,334.0
2024-11-01 11:00:00,2024-10-31 11:00:00,473.8718268103099,459.0
2024-11-01 12:00:00,2024-10-31 12:00:00,569.4436155380077,522.0
2024-11-01 13:00:00,2024-10-31 13:00:00,559.8103694458588,521.0
2024-11-01 14:00:00,2024-10-31 14:00:00,577.9877654224239,479.0
2024-11-01 15:00:00,2024-10-31 15:00:00,481.2871900327714,405.0
2024-11-01 16:00:00,2024-10-31 16:00:00,371.9914139875338,302.0
2024-11-01 17:00:00,2024-10-31 17:00:00,202.8591689337,182.0
2024-11-01 18:00:00,2024-10-31 18:00:00,47.977336685237425,51.0
2024-11-01 19:00:00,2024-10-31 19:00:00,1.1170589190193896,0.0
2024-11-01 20:00:00,2024-10-31 20:00:00,0.4767203540038726,0.0
2024-11-01 21:00:00,2024-10-31 21:00:00,0.4767203540038726,0.0
2024-11-01 22:00:00,2024-10-31 22:00:00,0.47869256498719415,0.0
2024-11-01 23:00:00,2024-10-31 23:00:00,0.47869256498719415,0.0
2024-11-02 00:00:00,2024-11-01 00:00:00,0.23336175867528178,0.0
2024-11-02 01:00:00,2024-11-01 01:00:00,0.23336175867528178,0.0
2024-11-02 02:00:00,2024-11-01 02:00:00,0.23336175867528178,0.0
2024-11-02 03:00:00,2024-11-01 03:00:00,0.36701304036841687,0.0
2024-11-02 04:00:00,2024-11-01 04:00:00,0.07384913144811656,0.0
2024-11-02 05:00:00,2024-11-01 05:00:00,0.2039311588227105,0.0
2024-11-02 06:00:00,2024-11-01 06:00:00,0.3940716072023458,0.0
2024-11-02 07:00:00,2024-11-01 07:00:00,0.2039311588227105,0.0
2024-11-02 08:00:00,2024-11-01 08:00:00,31.12707362700678,38.0
2024-11-02 09:00:00,2024-11-01 09:00:00,188.22558994905094,180.0
2024-11-02 10:00:00,2024-11-01 10:00:00,353.42361572281345,335.0
2024-11-02 11:00:00,2024-11-01 11:00:00,430.1078543441265,470.0
2024-11-02 12:00:00,2024-11-01 12:00:00,529.575896262267,548.0
2024-11-02 13:00:00,2024-11-01 13:00:00,614.3021038155649,567.0
2024-11-02 14:00:00,2024-11-01 14:00:00,492.32407717276374,534.0
2024-11-02 15:00:00,2024-11-01 15:00:00,397.5824023235561,455.0
2024-11-02 16:00:00,2024-11-01 16:00:00,294.2025143351898,339.0
2024-11-02 17:00:00,2024-11-01 17:00:00,170.0760571944853,203.0
2024-11-02 18:00:00,2024-11-01 18:00:00,32.6946287505983,55.0
2024-11-02 19:00:00,2024-11-01 19:00:00,0.2709297542419742,0.0
2024-11-02 20:00:00,2024-11-01 20:00:00,0.2709297542419742,0.0
2024-11-02 21:00:00,2024-11-01 21:00:00,0.0,0.0
2024-11-02 22:00:00,2024-11-01 22:00:00,0.8684345140366636,0.0
2024-11-02 23:00:00,2024-11-01 23:00:00,4.115491037612515,0.0
2024-11-03 00:00:00,2024-11-02 00:00:00,1.6188128966256672,0.0
2024-11-03 01:00:00,2024-11-02 01:00:00,0.4512037138115672,0.0
2024-11-03 02:00:00,2024-11-02 02:00:00,4.001999374425296,0.0
2024-11-03 03:00:00,2024-11-02 03:00:00,0.38584136514189266,0.0
2024-11-03 04:00:00,2024-11-02 04:00:00,2.207815605028199,0.0
2024-11-03 05:00:00,2024-11-02 05:00:00,0.07384913144811656,0.0
2024-11-03 06:00:00,2024-11-02 06:00:00,0.3359546195965841,0.0
2024-11-03 07:00:00,2024-11-02 07:00:00,0.0,0.0
2024-11-03 08:00:00,2024-11-02 08:00:00,25.53790007831335,35.0
2024-11-03 09:00:00,2024-11-02 09:00:00,173.30852551630863,176.0
2024-11-03 10:00:00,2024-11-02 10:00:00,358.6106862843142,336.0
2024-11-03 11:00:00,2024-11-02 11:00:00,487.9415579614874,475.0
2024-11-03 12:00:00,2024-11-02 12:00:00,546.3778037569064,548.0
2024-11-03 13:00:00,2024-11-02 13:00:00,616.5047490570904,554.0
2024-11-03 14:00:00,2024-11-02 14:00:00,518.4493646505595,515.0
2024-11-03 15:00:00,2024-11-02 15:00:00,360.5300123974017,440.0
2024-11-03 16:00:00,2024-11-02 16:00:00,301.55999229134926,332.0
2024-11-03 17:00:00,2024-11-02 17:00:00,173.04506429212418,200.0
2024-11-03 18:00:00,2024-11-02 18:00:00,38.504732879831124,53.0
2024-11-03 19:00:00,2024-11-02 19:00:00,0.20998647163652273,0.0
2024-11-03 20:00:00,2024-11-02 20:00:00,0.20998647163652273,0.0
2024-11-03 21:00:00,2024-11-02 21:00:00,0.20998647163652273,0.0
2024-11-03 22:00:00,2024-11-02 22:00:00,0.07990444426192878,0.0
2024-11-03 23:00:00,2024-11-02 23:00:00,0.07990444426192878,0.0
2024-11-04 00:00:00,2024-11-03 00:00:00,0.07384913144811656,0.0
2024-11-04 01:00:00,2024-11-03 01:00:00,0.07384913144811656,0.0
2024-11-04 02:00:00,2024-11-03 02:00:00,0.07384913144811656,0.0
2024-11-04 03:00:00,2024-11-03 03:00:00,0.07384913144811656,0.0
2024-11-04 04:00:00,2024-11-03 04:00:00,0.07384913144811656,0.0
2024-11-04 05:00:00,2024-11-03 05:00:00,0.2039311588227105,0.0
2024-11-04 06:00:00,2024-11-03 06:00:00,0.2039311588227105,0.0
2024-11-04 07:00:00,2024-11-03 07:00:00,0.3940716072023458,0.0
2024-11-04 08:00:00,2024-11-03 08:00:00,24.779230236965414,33.0
2024-11-04 09:00:00,2024-11-03 09:00:00,172.53354753160298,170.0
2024-11-04 10:00:00,2024-11-03 10:00:00,321.7811587588074,326.0
2024-11-04 11:00:00,2024-11-03 11:00:00,452.22281748242796,463.0
2024-11-04 12:00:00,2024-11-03 12:00:00,550.0409112611406,544.0
2024-11-04 13:00:00,2024-11-03 13:00:00,598.3322303922164,564.0
2024-11-04 14:00:00,2024-11-03 14:00:00,509.12236132512385,527.0
2024-11-04 15:00:00,2024-11-03 15:00:00,424.06947254830106,434.0
2024-11-04 16:00:00,2024-11-03 16:00:00,292.0528930608395,307.0
2024-11-04 17:00:00,2024-11-03 17:00:00,122.19396570051944,175.0
2024-11-04 18:00:00,2024-11-03 18:00:00,36.975195956961855,45.0
2024-11-04 19:00:00,2024-11-03 19:00:00,0.3191799377600291,0.0
2024-11-04 20:00:00,2024-11-03 20:00:00,0.3191799377600291,0.0
2024-11-04 21:00:00,2024-11-03 21:00:00,0.3191799377600291,0.0
2024-11-04 22:00:00,2024-11-03 22:00:00,0.3191799377600291,0.0
2024-11-04 23:00:00,2024-11-03 23:00:00,0.3191799377600291,0.0
2024-11-05 00:00:00,2024-11-04 00:00:00,0.26398957982775195,0.0
2024-11-05 01:00:00,2024-11-04 01:00:00,0.26398957982775195,0.0
2024-11-05 02:00:00,2024-11-04 02:00:00,0.26398957982775195,0.0
2024-11-05 03:00:00,2024-11-04 03:00:00,0.26398957982775195,0.0
2024-11-05 04:00:00,2024-11-04 04:00:00,0.26398957982775195,0.0
2024-11-05 05:00:00,2024-11-04 05:00:00,0.3940716072023458,0.0
2024-11-05 06:00:00,2024-11-04 06:00:00,0.26398957982775195,0.0
2024-11-05 07:00:00,2024-11-04 07:00:00,0.07384913144811656,0.0
2024-11-05 08:00:00,2024-11-04 08:00:00,24.43127961154645,32.0
2024-11-05 09:00:00,2024-11-04 09:00:00,152.21430742075245,173.0
2024-11-05 10:00:00,2024-11-04 10:00:00,356.70079982790384,336.0
2024-11-05 11:00:00,2024-11-04 11:00:00,503.16938696440445,482.0
2024-11-05 12:00:00,2024-11-04 12:00:00,580.5714626038716,572.0
2024-11-05 13:00:00,2024-11-04 13:00:00,583.557525284378,599.0
2024-11-05 14:00:00,2024-11-04 14:00:00,559.2723077470148,563.0
2024-11-05 15:00:00,2024-11-04 15:00:00,478.9770685787222,466.0
2024-11-05 16:00:00,2024-11-04 16:00:00,332.58838171155,331.0
2024-11-05 17:00:00,2024-11-04 17:00:00,181.1584535764553,188.0
2024-11-05 18:00:00,2024-11-04 18:00:00,36.428486550323406,47.0
2024-11-05 19:00:00,2024-11-04 19:00:00,0.4333384603793878,0.0
2024-11-05 20:00:00,2024-11-04 20:00:00,0.3191799377600291,0.0
2024-11-05 21:00:00,2024-11-04 21:00:00,0.15559762244026462,0.0
2024-11-05 22:00:00,2024-11-04 22:00:00,0.07990444426192878,0.0
2024-11-05 23:00:00,2024-11-04 23:00:00,0.07990444426192878,0.0
2024-11-06 00:00:00,2024-11-05 00:00:00,0.07384913144811656,0.0
2024-11-06 01:00:00,2024-11-05 01:00:00,0.07384913144811656,0.0
2024-11-06 02:00:00,2024-11-05 02:00:00,0.07384913144811656,0.0
2024-11-06 03:00:00,2024-11-05 03:00:00,0.07384913144811656,0.0
2024-11-06 04:00:00,2024-11-05 04:00:00,0.07384913144811656,0.0
2024-11-06 05:00:00,2024-11-05 05:00:00,0.07384913144811656,0.0
2024-11-06 06:00:00,2024-11-05 06:00:00,0.07384913144811656,0.0
2024-11-06 07:00:00,2024-11-05 07:00:00,0.07384913144811656,0.0
2024-11-06 08:00:00,2024-11-05 08:00:00,23.189371796614346,30.0
2024-11-06 09:00:00,2024-11-05 09:00:00,170.8489470545145,169.0
2024-11-06 10:00:00,2024-11-05 10:00:00,356.4198402627572,334.0
2024-11-06 11:00:00,2024-11-05 11:00:00,493.220652244851,483.0
2024-11-06 12:00:00,2024-11-05 12:00:00,577.8899093672687,580.0
2024-11-06 13:00:00,2024-11-05 13:00:00,604.4115681731655,613.0
2024-11-06 14:00:00,2024-11-05 14:00:00,578.2082490906057,582.0
2024-11-06 15:00:00,2024-11-05 15:00:00,492.0174531903574,483.0
2024-11-06 16:00:00,2024-11-05 16:00:00,355.40629965427706,343.0
2024-11-06 17:00:00,2024-11-05 17:00:00,180.32910556212946,194.0
2024-11-06 18:00:00,2024-11-05 18:00:00,30.68167630251679,48.0
2024-11-06 19:00:00,2024-11-05 19:00:00,0.07990444426192878,0.0
2024-11-06 20:00:00,2024-11-05 20:00:00,0.07990444426192878,0.0
2024-11-06 21:00:00,2024-11-05 21:00:00,0.07990444426192878,0.0
2024-11-06 22:00:00,2024-11-05 22:00:00,0.07990444426192878,0.0
2024-11-06 23:00:00,2024-11-05 23:00:00,0.07990444426192878,0.0
2024-11-07 00:00:00,2024-11-06 00:00:00,0.07384913144811656,0.0
2024-11-07 01:00:00,2024-11-06 01:00:00,0.07384913144811656,0.0
2024-11-07 02:00:00,2024-11-06 02:00:00,0.07384913144811656,0.0
2024-11-07 03:00:00,2024-11-06 03:00:00,0.07384913144811656,0.0
2024-11-07 04:00:00,2024-11-06 04:00:00,0.07384913144811656,0.0
2024-11-07 05:00:00,2024-11-06 05:00:00,0.07384913144811656,0.0
2024-11-07 06:00:00,2024-11-06 06:00:00,0.07384913144811656,0.0
2024-11-07 07:00:00,2024-11-06 07:00:00,0.07384913144811656,0.0
2024-11-07 08:00:00,2024-11-06 08:00:00,23.5135884161078,31.0
2024-11-07 09:00:00,2024-11-06 09:00:00,168.45465734658077,178.0
2024-11-07 10:00:00,2024-11-06 10:00:00,353.1874883759136,347.0
2024-11-07 11:00:00,2024-11-06 11:00:00,492.2390069531287,497.0
2024-11-07 12:00:00,2024-11-06 12:00:00,598.0334461146198,594.0
2024-11-07 13:00:00,2024-11-06 13:00:00,617.5071807764857,629.0
2024-11-07 14:00:00,2024-11-06 14:00:00,587.5181787571432,597.0
2024-11-07 15:00:00,2024-11-06 15:00:00,485.4610445834079,499.0
2024-11-07 16:00:00,2024-11-06 16:00:00,369.2706409351766,356.0
2024-11-07 17:00:00,2024-11-06 17:00:00,178.30875615539068,202.0
2024-11-07 18:00:00,2024-11-06 18:00:00,32.69695453238482,48.0
2024-11-07 19:00:00,2024-11-06 19:00:00,0.07990444426192878,0.0
2024-11-07 20:00:00,2024-11-06 20:00:00,0.07990444426192878,0.0
2024-11-07 21:00:00,2024-11-06 21:00:00,0.07990444426192878,0.0
2024-11-07 22:00:00,2024-11-06 22:00:00,0.09874722406336671,0.0
2024-11-07 23:00:00,2024-11-06 23:00:00,0.0,0.0
2024-11-08 00:00:00,2024-11-07 00:00:00,0.0,0.0
2024-11-08 01:00:00,2024-11-07 01:00:00,0.0,0.0
2024-11-08 02:00:00,2024-11-07 02:00:00,0.0,0.0
2024-11-08 03:00:00,2024-11-07 03:00:00,0.07384913144811656,0.0
2024-11-08 04:00:00,2024-11-07 04:00:00,0.07384913144811656,0.0
2024-11-08 05:00:00,2024-11-07 05:00:00,0.07384913144811656,0.0
2024-11-08 06:00:00,2024-11-07 06:00:00,0.07384913144811656,0.0
2024-11-08 07:00:00,2024-11-07 07:00:00,0.07384913144811656,0.0
2024-11-08 08:00:00,2024-11-07 08:00:00,23.189371796614346,30.0
2024-11-08 09:00:00,2024-11-07 09:00:00,167.53897567195745,176.0
2024-11-08 10:00:00,2024-11-07 10:00:00,316.2089630183213,343.0
2024-11-08 11:00:00,2024-11-07 11:00:00,490.64433395528664,492.0
2024-11-08 12:00:00,2024-11-07 12:00:00,582.7394991021628,588.0
2024-11-08 13:00:00,2024-11-07 13:00:00,614.4059790630663,622.0
2024-11-08 14:00:00,2024-11-07 14:00:00,606.1124474628118,591.0
2024-11-08 15:00:00,2024-11-07 15:00:00,510.9961522988258,493.0
2024-11-08 16:00:00,2024-11-07 16:00:00,363.14989883145404,352.0
2024-11-08 17:00:00,2024-11-07 17:00:00,189.81169636925526,199.0
2024-11-08 18:00:00,2024-11-07 18:00:00,35.75635049567889,47.0
2024-11-08 19:00:00,2024-11-07 19:00:00,0.07990444426192878,0.0
2024-11-08 20:00:00,2024-11-07 20:00:00,0.07990444426192878,0.0
2024-11-08 21:00:00,2024-11-07 21:00:00,0.09874722406336671,0.0
2024-11-08 22:00:00,2024-11-07 22:00:00,0.09874722406336671,0.0
2024-11-08 23:00:00,2024-11-07 23:00:00,0.09874722406336671,0.0
2024-11-09 00:00:00,2024-11-08 00:00:00,0.083131959114306,0.0
2024-11-09 01:00:00,2024-11-08 01:00:00,0.2602614414182483,0.0
2024-11-09 02:00:00,2024-11-08 02:00:00,0.26398957982775195,0.0
2024-11-09 03:00:00,2024-11-08 03:00:00,0.26398957982775195,0.0
2024-11-09 04:00:00,2024-11-08 04:00:00,0.26398957982775195,0.0
2024-11-09 05:00:00,2024-11-08 05:00:00,0.10158087369033822,0.0
2024-11-09 06:00:00,2024-11-08 06:00:00,0.10158087369033822,0.0
2024-11-09 07:00:00,2024-11-08 07:00:00,0.26398957982775195,0.0
2024-11-09 08:00:00,2024-11-08 08:00:00,21.400245535277048,25.0
2024-11-09 09:00:00,2024-11-08 09:00:00,166.2227333981475,159.0
2024-11-09 10:00:00,2024-11-08 10:00:00,328.67465959906514,319.0
2024-11-09 11:00:00,2024-11-08 11:00:00,480.4198876547405,465.0
2024-11-09 12:00:00,2024-11-08 12:00:00,575.6610284378326,557.0
2024-11-09 13:00:00,2024-11-08 13:00:00,617.9773025592527,586.0
2024-11-09 14:00:00,2024-11-08 14:00:00,555.7352253970946,552.0
2024-11-09 15:00:00,2024-11-08 15:00:00,485.586301613629,457.0
2024-11-09 16:00:00,2024-11-08 16:00:00,350.03630367330976,321.0
2024-11-09 17:00:00,2024-11-08 17:00:00,184.3026807635111,179.0
2024-11-09 18:00:00,2024-11-08 18:00:00,25.572514966511697,41.0
2024-11-09 19:00:00,2024-11-08 19:00:00,0.0,0.0
2024-11-09 20:00:00,2024-11-08 20:00:00,0.0,0.0
2024-11-09 21:00:00,2024-11-08 21:00:00,0.39286441881194006,0.0
2024-11-09 22:00:00,2024-11-08 22:00:00,2.2630059629604764,0.0
2024-11-09 23:00:00,2024-11-08 23:00:00,0.22213358029228997,0.0
2024-11-10 00:00:00,2024-11-09 00:00:00,0.16694322236001283,0.0
2024-11-10 01:00:00,2024-11-09 01:00:00,0.23166290106493223,0.0
2024-11-10 02:00:00,2024-11-09 02:00:00,0.23166290106493223,0.0
2024-11-10 03:00:00,2024-11-09 03:00:00,0.23166290106493223,0.0
2024-11-10 04:00:00,2024-11-09 04:00:00,0.23166290106493223,0.0
2024-11-10 05:00:00,2024-11-09 05:00:00,0.2279347626554286,0.0
2024-11-10 06:00:00,2024-11-09 06:00:00,0.08913042650221145,0.0
2024-11-10 07:00:00,2024-11-09 07:00:00,0.42350220705491703,0.0
2024-11-10 08:00:00,2024-11-09 08:00:00,19.393320437133287,21.0
2024-11-10 09:00:00,2024-11-09 09:00:00,127.27253357268593,119.0
2024-11-10 10:00:00,2024-11-09 10:00:00,249.61646334913365,202.0
2024-11-10 11:00:00,2024-11-09 11:00:00,289.47656744509675,271.0
2024-11-10 12:00:00,2024-11-09 12:00:00,445.31413436722704,355.0
2024-11-10 13:00:00,2024-11-09 13:00:00,561.7762968440197,431.0
2024-11-10 14:00:00,2024-11-09 14:00:00,552.9905737090671,439.0
2024-11-10 15:00:00,2024-11-09 15:00:00,466.41045658488315,347.0
2024-11-10 16:00:00,2024-11-09 16:00:00,317.8884265515991,217.0
2024-11-10 17:00:00,2024-11-09 17:00:00,137.82160461804295,107.0
2024-11-10 18:00:00,2024-11-09 18:00:00,19.49283077020859,23.0
2024-11-10 19:00:00,2024-11-09 19:00:00,0.38463900018735203,0.0
2024-11-10 20:00:00,2024-11-09 20:00:00,0.38463900018735203,0.0
2024-11-10 21:00:00,2024-11-09 21:00:00,0.34617365574632913,0.0
2024-11-10 22:00:00,2024-11-09 22:00:00,0.2868532589972094,0.0
2024-11-10 23:00:00,2024-11-09 23:00:00,0.1567712316226154,0.0
2024-11-11 00:00:00,2024-11-10 00:00:00,0.23166290106493223,0.0
2024-11-11 01:00:00,2024-11-10 01:00:00,0.10158087369033822,0.0
2024-11-11 02:00:00,2024-11-10 02:00:00,0.10158087369033822,0.0
2024-11-11 03:00:00,2024-11-10 03:00:00,1.379228684659023,0.0
2024-11-11 04:00:00,2024-11-10 04:00:00,0.9328967044170275,0.0
2024-11-11 05:00:00,2024-11-10 05:00:00,2.2040874666186956,0.0
2024-11-11 06:00:00,2024-11-10 06:00:00,0.0,0.0
2024-11-11 07:00:00,2024-11-10 07:00:00,0.0,0.0
2024-11-11 08:00:00,2024-11-10 08:00:00,15.66110375257445,17.0
2024-11-11 09:00:00,2024-11-10 09:00:00,126.12391774070029,117.0
2024-11-11 10:00:00,2024-11-10 10:00:00,242.75734742811326,245.0
2024-11-11 11:00:00,2024-11-10 11:00:00,383.13968646954,368.0
2024-11-11 12:00:00,2024-11-10 12:00:00,467.3408666183007,461.0
2024-11-11 13:00:00,2024-11-10 13:00:00,451.4215152523074,511.0
2024-11-11 14:00:00,2024-11-10 14:00:00,511.462267968936,504.0
2024-11-11 15:00:00,2024-11-10 15:00:00,436.31944920042554,433.0
2024-11-11 16:00:00,2024-11-10 16:00:00,263.8918862174144,316.0
2024-11-11 17:00:00,2024-11-10 17:00:00,148.93696605179494,180.0
2024-11-11 18:00:00,2024-11-10 18:00:00,22.31994931210938,39.0
2024-11-11 19:00:00,2024-11-10 19:00:00,0.1567712316226154,0.0
2024-11-11 20:00:00,2024-11-10 20:00:00,0.1567712316226154,0.0
2024-11-11 21:00:00,2024-11-10 21:00:00,0.1567712316226154,0.0
2024-11-11 22:00:00,2024-11-10 22:00:00,0.1567712316226154,0.0
2024-11-11 23:00:00,2024-11-10 23:00:00,0.44926196513462296,0.0
2024-11-12 00:00:00,2024-11-11 00:00:00,0.3940716072023458,0.0
2024-11-12 01:00:00,2024-11-11 01:00:00,0.2039311588227105,0.0
2024-11-12 02:00:00,2024-11-11 02:00:00,0.2039311588227105,0.0
2024-11-12 03:00:00,2024-11-11 03:00:00,0.2766363341234544,0.0
2024-11-12 04:00:00,2024-11-11 04:00:00,0.037483569031876225,0.0
2024-11-12 05:00:00,2024-11-11 05:00:00,0.16694322236001283,0.0
2024-11-12 06:00:00,2024-11-11 06:00:00,0.07384913144811656,0.0
2024-11-12 07:00:00,2024-11-11 07:00:00,0.07384913144811656,0.0
2024-11-12 08:00:00,2024-11-11 08:00:00,17.172483381404984,22.0
2024-11-12 09:00:00,2024-11-11 09:00:00,138.12747758730782,153.0
2024-11-12 10:00:00,2024-11-11 10:00:00,298.63957725946074,314.0
2024-11-12 11:00:00,2024-11-11 11:00:00,443.50729853744764,459.0
2024-11-12 12:00:00,2024-11-11 12:00:00,555.836643737619,546.0
2024-11-12 13:00:00,2024-11-11 13:00:00,562.9688366037706,569.0
2024-11-12 14:00:00,2024-11-11 14:00:00,557.8240449750169,533.0
2024-11-12 15:00:00,2024-11-11 15:00:00,445.3860754174069,443.0
2024-11-12 16:00:00,2024-11-11 16:00:00,309.00645134173914,315.0
2024-11-12 17:00:00,2024-11-11 17:00:00,163.39049316642044,176.0
2024-11-12 18:00:00,2024-11-11 18:00:00,25.799757213883744,37.0
2024-11-12 19:00:00,2024-11-11 19:00:00,0.20998647163652273,0.0
2024-11-12 20:00:00,2024-11-11 20:00:00,0.20998647163652273,0.0
2024-11-12 21:00:00,2024-11-11 21:00:00,0.20998647163652273,0.0
2024-11-12 22:00:00,2024-11-11 22:00:00,0.20998647163652273,0.0
2024-11-12 23:00:00,2024-11-11 23:00:00,0.20998647163652273,0.0
2024-11-13 00:00:00,2024-11-12 00:00:00,0.2039311588227105,0.0
2024-11-13 01:00:00,2024-11-12 01:00:00,0.07384913144811656,0.0
2024-11-13 02:00:00,2024-11-12 02:00:00,0.2039311588227105,0.0
2024-11-13 03:00:00,2024-11-12 03:00:00,0.2039311588227105,0.0
2024-11-13 04:00:00,2024-11-12 04:00:00,0.2039311588227105,0.0
2024-11-13 05:00:00,2024-11-12 05:00:00,0.2039311588227105,0.0
2024-11-13 06:00:00,2024-11-12 06:00:00,0.2039311588227105,0.0
2024-11-13 07:00:00,2024-11-12 07:00:00,0.07384913144811656,0.0
2024-11-13 08:00:00,2024-11-12 08:00:00,14.831347941550463,22.0
2024-11-13 09:00:00,2024-11-12 09:00:00,149.23418644529596,156.0
2024-11-13 10:00:00,2024-11-12 10:00:00,312.4663226299286,317.0
2024-11-13 11:00:00,2024-11-12 11:00:00,460.58819440310424,461.0
2024-11-13 12:00:00,2024-11-12 12:00:00,564.6363384677396,557.0
2024-11-13 13:00:00,2024-11-12 13:00:00,584.6811022461854,594.0
2024-11-13 14:00:00,2024-11-12 14:00:00,551.8991232177142,567.0
2024-11-13 15:00:00,2024-11-12 15:00:00,470.71472860840584,473.0
2024-11-13 16:00:00,2024-11-12 16:00:00,320.5587577670371,336.0
2024-11-13 17:00:00,2024-11-12 17:00:00,172.03303310559895,186.0
2024-11-13 18:00:00,2024-11-12 18:00:00,24.565769375753362,39.0
2024-11-13 19:00:00,2024-11-12 19:00:00,0.07990444426192878,0.0
2024-11-13 20:00:00,2024-11-12 20:00:00,0.07990444426192878,0.0
2024-11-13 21:00:00,2024-11-12 21:00:00,0.07990444426192878,0.0
2024-11-13 22:00:00,2024-11-12 22:00:00,0.07990444426192878,0.0
2024-11-13 23:00:00,2024-11-12 23:00:00,0.07990444426192878,0.0
2024-11-14 00:00:00,2024-11-13 00:00:00,0.07384913144811656,0.0
2024-11-14 01:00:00,2024-11-13 01:00:00,0.07384913144811656,0.0
2024-11-14 02:00:00,2024-11-13 02:00:00,0.07384913144811656,0.0
2024-11-14 03:00:00,2024-11-13 03:00:00,0.07384913144811656,0.0
2024-11-14 04:00:00,2024-11-13 04:00:00,0.07384913144811656,0.0
2024-11-14 05:00:00,2024-11-13 05:00:00,0.26398957982775195,0.0
2024-11-14 06:00:00,2024-11-13 06:00:00,0.26398957982775195,0.0
2024-11-14 07:00:00,2024-11-13 07:00:00,0.10158087369033822,0.0
2024-11-14 08:00:00,2024-11-13 08:00:00,15.286882631453448,17.0
2024-11-14 09:00:00,2024-11-13 09:00:00,117.8052867487416,132.0
2024-11-14 10:00:00,2024-11-13 10:00:00,271.9071873923734,282.0
2024-11-14 11:00:00,2024-11-13 11:00:00,446.20429388434127,425.0
2024-11-14 12:00:00,2024-11-13 12:00:00,493.9746625252337,522.0
2024-11-14 13:00:00,2024-11-13 13:00:00,564.658296509191,563.0
2024-11-14 14:00:00,2024-11-13 14:00:00,524.8804037177814,540.0
2024-11-14 15:00:00,2024-11-13 15:00:00,455.7230116764775,452.0
2024-11-14 16:00:00,2024-11-13 16:00:00,324.6895792934567,320.0
2024-11-14 17:00:00,2024-11-13 17:00:00,153.8395366111245,177.0
2024-11-14 18:00:00,2024-11-13 18:00:00,24.48795519126079,36.0
2024-11-14 19:00:00,2024-11-13 19:00:00,0.3191799377600291,0.0
2024-11-14 20:00:00,2024-11-13 20:00:00,0.3191799377600291,0.0
2024-11-14 21:00:00,2024-11-13 21:00:00,0.20174466468113764,0.0
2024-11-14 22:00:00,2024-11-13 22:00:00,0.1567712316226154,0.0
2024-11-14 23:00:00,2024-11-13 23:00:00,0.22213358029228997,0.0
2024-11-15 00:00:00,2024-11-14 00:00:00,0.14655430674886044,0.0
2024-11-15 01:00:00,2024-11-14 01:00:00,0.037483569031876225,0.0
2024-11-15 02:00:00,2024-11-14 02:00:00,0.037483569031876225,0.0
2024-11-15 03:00:00,2024-11-14 03:00:00,0.07384913144811656,0.0
2024-11-15 04:00:00,2024-11-14 04:00:00,0.07384913144811656,0.0
2024-11-15 05:00:00,2024-11-14 05:00:00,0.07384913144811656,0.0
2024-11-15 06:00:00,2024-11-14 06:00:00,0.07384913144811656,0.0
2024-11-15 07:00:00,2024-11-14 07:00:00,0.07384913144811656,0.0
2024-11-15 08:00:00,2024-11-14 08:00:00,15.122405822781841,19.0
2024-11-15 09:00:00,2024-11-14 09:00:00,149.60783125805074,145.0
2024-11-15 10:00:00,2024-11-14 10:00:00,318.0930523337553,294.0
2024-11-15 11:00:00,2024-11-14 11:00:00,456.1991916820284,425.0
2024-11-15 12:00:00,2024-11-14 12:00:00,537.1708803898621,510.0
2024-11-15 13:00:00,2024-11-14 13:00:00,578.3458548755108,540.0
2024-11-15 14:00:00,2024-11-14 14:00:00,560.2312608185325,511.0
2024-11-15 15:00:00,2024-11-14 15:00:00,470.4348620833923,425.0
2024-11-15 16:00:00,2024-11-14 16:00:00,320.7974114719574,301.0
2024-11-15 17:00:00,2024-11-14 17:00:00,156.72308728814525,165.0
2024-11-15 18:00:00,2024-11-14 18:00:00,23.476221248636946,33.0
2024-11-15 19:00:00,2024-11-14 19:00:00,0.3191799377600291,0.0
2024-11-15 20:00:00,2024-11-14 20:00:00,0.07990444426192878,0.0
2024-11-15 21:00:00,2024-11-14 21:00:00,0.07990444426192878,0.0
2024-11-15 22:00:00,2024-11-14 22:00:00,0.07990444426192878,0.0
2024-11-15 23:00:00,2024-11-14 23:00:00,0.400126920016158,0.0
2024-11-16 00:00:00,2024-11-15 00:00:00,0.3940716072023458,0.0
2024-11-16 01:00:00,2024-11-15 01:00:00,0.3940716072023458,0.0
2024-11-16 02:00:00,2024-11-15 02:00:00,0.26398957982775195,0.0
2024-11-16 03:00:00,2024-11-15 03:00:00,0.26398957982775195,0.0
2024-11-16 04:00:00,2024-11-15 04:00:00,0.26398957982775195,0.0
2024-11-16 05:00:00,2024-11-15 05:00:00,0.26398957982775195,0.0
2024-11-16 06:00:00,2024-11-15 06:00:00,0.26398957982775195,0.0
2024-11-16 07:00:00,2024-11-15 07:00:00,0.26398957982775195,0.0
2024-11-16 08:00:00,2024-11-15 08:00:00,13.366008643553995,15.0
2024-11-16 09:00:00,2024-11-15 09:00:00,138.0291808137523,124.0
2024-11-16 10:00:00,2024-11-15 10:00:00,242.3576841623156,251.0
2024-11-16 11:00:00,2024-11-15 11:00:00,373.46907877913384,368.0
2024-11-16 12:00:00,2024-11-15 12:00:00,444.8773435059353,464.0
2024-11-16 13:00:00,2024-11-15 13:00:00,450.9005312320643,523.0
2024-11-16 14:00:00,2024-11-15 14:00:00,468.1056241576764,513.0
2024-11-16 15:00:00,2024-11-15 15:00:00,412.8827684940873,416.0
2024-11-16 16:00:00,2024-11-15 16:00:00,311.35517616785194,277.0
2024-11-16 17:00:00,2024-11-15 17:00:00,154.71363886035329,144.0
2024-11-16 18:00:00,2024-11-15 18:00:00,21.9532729265187,28.0
2024-11-16 19:00:00,2024-11-15 19:00:00,0.3191799377600291,0.0
2024-11-16 20:00:00,2024-11-15 20:00:00,0.3191799377600291,0.0
2024-11-16 21:00:00,2024-11-15 21:00:00,0.3191799377600291,0.0
2024-11-16 22:00:00,2024-11-15 22:00:00,0.3191799377600291,0.0
2024-11-16 23:00:00,2024-11-15 23:00:00,0.3191799377600291,0.0
2024-11-17 00:00:00,2024-11-16 00:00:00,0.26398957982775195,0.0
2024-11-17 01:00:00,2024-11-16 01:00:00,0.26398957982775195,0.0
2024-11-17 02:00:00,2024-11-16 02:00:00,0.26398957982775195,0.0
2024-11-17 03:00:00,2024-11-16 03:00:00,0.0,0.0
2024-11-17 04:00:00,2024-11-16 04:00:00,0.14655430674886044,0.0
2024-11-17 05:00:00,2024-11-16 05:00:00,0.14655430674886044,0.0
2024-11-17 06:00:00,2024-11-16 06:00:00,0.14655430674886044,0.0
2024-11-17 07:00:00,2024-11-16 07:00:00,0.14655430674886044,0.0
2024-11-17 08:00:00,2024-11-16 08:00:00,9.097619707033617,7.0
2024-11-17 09:00:00,2024-11-16 09:00:00,99.32163820838618,78.0
2024-11-17 10:00:00,2024-11-16 10:00:00,225.23312041422864,197.0
2024-11-17 11:00:00,2024-11-16 11:00:00,372.9246197622181,317.0
2024-11-17 12:00:00,2024-11-16 12:00:00,501.3661586374375,384.0
2024-11-17 13:00:00,2024-11-16 13:00:00,523.8133294942254,393.0
2024-11-17 14:00:00,2024-11-16 14:00:00,507.71191581711713,368.0
2024-11-17 15:00:00,2024-11-16 15:00:00,407.3323345911229,318.0
2024-11-17 16:00:00,2024-11-16 16:00:00,269.6862493636547,239.0
2024-11-17 17:00:00,2024-11-16 17:00:00,139.18685737839868,137.0
2024-11-17 18:00:00,2024-11-16 18:00:00,16.267088390496667,27.0
2024-11-17 19:00:00,2024-11-16 19:00:00,0.1567712316226154,0.0
2024-11-17 20:00:00,2024-11-16 20:00:00,0.22213358029228997,0.0
2024-11-17 21:00:00,2024-11-16 21:00:00,0.3191799377600291,0.0
2024-11-17 22:00:00,2024-11-16 22:00:00,0.3191799377600291,0.0
2024-11-17 23:00:00,2024-11-16 23:00:00,0.3191799377600291,0.0
2024-11-18 00:00:00,2024-11-17 00:00:00,0.3940716072023458,0.0
2024-11-18 01:00:00,2024-11-17 01:00:00,0.3940716072023458,0.0
2024-11-18 02:00:00,2024-11-17 02:00:00,0.26398957982775195,0.0
2024-11-18 03:00:00,2024-11-17 03:00:00,0.14655430674886044,0.0
2024-11-18 04:00:00,2024-11-17 04:00:00,0.2970252497346067,0.0
2024-11-18 05:00:00,2024-11-17 05:00:00,0.16756559640647006,0.0
2024-11-18 06:00:00,2024-11-17 06:00:00,0.23166290106493223,0.0
2024-11-18 07:00:00,2024-11-17 07:00:00,0.23166290106493223,0.0
2024-11-18 08:00:00,2024-11-17 08:00:00,4.214434009999873,10.0
2024-11-18 09:00:00,2024-11-17 09:00:00,87.38799990389865,101.0
2024-11-18 10:00:00,2024-11-17 10:00:00,222.40826132042892,229.0
2024-11-18 11:00:00,2024-11-17 11:00:00,294.5181714702134,352.0
2024-11-18 12:00:00,2024-11-17 12:00:00,379.5275637627128,433.0
2024-11-18 13:00:00,2024-11-17 13:00:00,424.66960615622116,462.0
2024-11-18 14:00:00,2024-11-17 14:00:00,419.83009515857367,436.0
2024-11-18 15:00:00,2024-11-17 15:00:00,316.4506169854662,356.0
2024-11-18 16:00:00,2024-11-17 16:00:00,240.6427475613503,244.0
2024-11-18 17:00:00,2024-11-17 17:00:00,119.64745196282357,129.0
2024-11-18 18:00:00,2024-11-17 18:00:00,15.804568915068307,24.0
2024-11-18 19:00:00,2024-11-17 19:00:00,0.3191799377600291,0.0
2024-11-18 20:00:00,2024-11-17 20:00:00,0.3191799377600291,0.0
2024-11-18 21:00:00,2024-11-17 21:00:00,0.44926196513462296,0.0
2024-11-18 22:00:00,2024-11-17 22:00:00,0.44926196513462296,0.0
2024-11-18 23:00:00,2024-11-17 23:00:00,0.44926196513462296,0.0
2024-11-19 00:00:00,2024-11-18 00:00:00,0.26398957982775195,0.0
2024-11-19 01:00:00,2024-11-18 01:00:00,0.26398957982775195,0.0
2024-11-19 02:00:00,2024-11-18 02:00:00,0.3940716072023458,0.0
2024-11-19 03:00:00,2024-11-18 03:00:00,0.23166290106493223,0.0
2024-11-19 04:00:00,2024-11-18 04:00:00,0.23166290106493223,0.0
2024-11-19 05:00:00,2024-11-18 05:00:00,0.23166290106493223,0.0
2024-11-19 06:00:00,2024-11-18 06:00:00,0.3940716072023458,0.0
2024-11-19 07:00:00,2024-11-18 07:00:00,0.3940716072023458,0.0
2024-11-19 08:00:00,2024-11-18 08:00:00,7.104738686854511,10.0
2024-11-19 09:00:00,2024-11-18 09:00:00,99.12473928030094,105.0
2024-11-19 10:00:00,2024-11-18 10:00:00,273.4715604427965,244.0
2024-11-19 11:00:00,2024-11-18 11:00:00,395.96803701328486,382.0
2024-11-19 12:00:00,2024-11-18 12:00:00,476.8500866116958,481.0
2024-11-19 13:00:00,2024-11-18 13:00:00,537.8907944080943,528.0
2024-11-19 14:00:00,2024-11-18 14:00:00,510.4650696627711,515.0
2024-11-19 15:00:00,2024-11-18 15:00:00,429.78453568329405,437.0
2024-11-19 16:00:00,2024-11-18 16:00:00,272.33931802184577,313.0
2024-11-19 17:00:00,2024-11-18 17:00:00,145.73782135647394,172.0
2024-11-19 18:00:00,2024-11-18 18:00:00,18.93321991250353,32.0
2024-11-19 19:00:00,2024-11-18 19:00:00,0.07990444426192878,0.0
2024-11-19 20:00:00,2024-11-18 20:00:00,0.07990444426192878,0.0
2024-11-19 21:00:00,2024-11-18 21:00:00,0.27004489264156417,0.0
2024-11-19 22:00:00,2024-11-18 22:00:00,0.07990444426192878,0.0
2024-11-19 23:00:00,2024-11-18 23:00:00,0.07990444426192878,0.0
2024-11-20 00:00:00,2024-11-19 00:00:00,0.26398957982775195,0.0
2024-11-20 01:00:00,2024-11-19 01:00:00,0.26398957982775195,0.0
2024-11-20 02:00:00,2024-11-19 02:00:00,0.07384913144811656,0.0
2024-11-20 03:00:00,2024-11-19 03:00:00,0.07384913144811656,0.0
2024-11-20 04:00:00,2024-11-19 04:00:00,0.07384913144811656,0.0
2024-11-20 05:00:00,2024-11-19 05:00:00,0.2039311588227105,0.0
2024-11-20 06:00:00,2024-11-19 06:00:00,0.07384913144811656,0.0
2024-11-20 07:00:00,2024-11-19 07:00:00,0.07384913144811656,0.0
2024-11-20 08:00:00,2024-11-19 08:00:00,8.5380608317801,11.0
2024-11-20 09:00:00,2024-11-19 09:00:00,113.2208299291655,115.0
2024-11-20 10:00:00,2024-11-19 10:00:00,287.50448464536515,256.0
2024-11-20 11:00:00,2024-11-19 11:00:00,427.45668347587616,387.0
2024-11-20 12:00:00,2024-11-19 12:00:00,516.1208224642908,475.0
2024-11-20 13:00:00,2024-11-19 13:00:00,525.8128133041367,511.0
2024-11-20 14:00:00,2024-11-19 14:00:00,514.8137636994188,491.0
2024-11-20 15:00:00,2024-11-19 15:00:00,399.47140816859616,414.0
2024-11-20 16:00:00,2024-11-19 16:00:00,244.25348091914668,295.0
2024-11-20 17:00:00,2024-11-19 17:00:00,122.65592658741838,162.0
2024-11-20 18:00:00,2024-11-19 18:00:00,17.944362645014877,29.0
2024-11-20 19:00:00,2024-11-19 19:00:00,0.0,0.0
2024-11-20 20:00:00,2024-11-19 20:00:00,0.3191799377600291,0.0
2024-11-20 21:00:00,2024-11-19 21:00:00,0.3191799377600291,0.0
2024-11-20 22:00:00,2024-11-19 22:00:00,0.3191799377600291,0.0
2024-11-20 23:00:00,2024-11-19 23:00:00,0.3191799377600291,0.0
2024-11-21 00:00:00,2024-11-20 00:00:00,0.26398957982775195,0.0
2024-11-21 01:00:00,2024-11-20 01:00:00,0.07384913144811656,0.0
2024-11-21 02:00:00,2024-11-20 02:00:00,0.07384913144811656,0.0
2024-11-21 03:00:00,2024-11-20 03:00:00,0.07384913144811656,0.0
2024-11-21 04:00:00,2024-11-20 04:00:00,0.07384913144811656,0.0
2024-11-21 05:00:00,2024-11-20 05:00:00,0.07384913144811656,0.0
2024-11-21 06:00:00,2024-11-20 06:00:00,0.07384913144811656,0.0
2024-11-21 07:00:00,2024-11-20 07:00:00,0.07384913144811656,0.0
2024-11-21 08:00:00,2024-11-20 08:00:00,7.0721033189131965,11.0
2024-11-21 09:00:00,2024-11-20 09:00:00,115.7663190290896,124.0
2024-11-21 10:00:00,2024-11-20 10:00:00,287.44380133350285,276.0
2024-11-21 11:00:00,2024-11-20 11:00:00,413.91949222939155,410.0
2024-11-21 12:00:00,2024-11-20 12:00:00,503.7113669964769,486.0
2024-11-21 13:00:00,2024-11-20 13:00:00,504.34955328795076,497.0
2024-11-21 14:00:00,2024-11-20 14:00:00,498.6673157027132,458.0
2024-11-21 15:00:00,2024-11-20 15:00:00,386.01479748313767,376.0
2024-11-21 16:00:00,2024-11-20 16:00:00,255.5239607994706,263.0
2024-11-21 17:00:00,2024-11-20 17:00:00,137.42731122653686,141.0
2024-11-21 18:00:00,2024-11-20 18:00:00,15.1904821727623,25.0
2024-11-21 19:00:00,2024-11-20 19:00:00,0.1567712316226154,0.0
2024-11-21 20:00:00,2024-11-20 20:00:00,0.1567712316226154,0.0
2024-11-21 21:00:00,2024-11-20 21:00:00,0.09267392696415336,0.0
2024-11-21 22:00:00,2024-11-20 22:00:00,0.22213358029228997,0.0
2024-11-21 23:00:00,2024-11-20 23:00:00,0.3191799377600291,0.0
2024-11-22 00:00:00,2024-11-21 00:00:00,0.26398957982775195,0.0
2024-11-22 01:00:00,2024-11-21 01:00:00,0.037483569031876225,0.0
2024-11-22 02:00:00,2024-11-21 02:00:00,0.037483569031876225,0.0
2024-11-22 03:00:00,2024-11-21 03:00:00,0.10158087369033822,0.0
2024-11-22 04:00:00,2024-11-21 04:00:00,0.10158087369033822,0.0
2024-11-22 05:00:00,2024-11-21 05:00:00,0.10158087369033822,0.0
2024-11-22 06:00:00,2024-11-21 06:00:00,0.10158087369033822,0.0
2024-11-22 07:00:00,2024-11-21 07:00:00,0.10158087369033822,0.0
2024-11-22 08:00:00,2024-11-21 08:00:00,4.598744726023014,7.0
2024-11-22 09:00:00,2024-11-21 09:00:00,82.72254478026515,80.0
2024-11-22 10:00:00,2024-11-21 10:00:00,225.87843578121144,189.0
2024-11-22 11:00:00,2024-11-21 11:00:00,384.6599342442959,302.0
2024-11-22 12:00:00,2024-11-21 12:00:00,435.66003714110985,396.0
2024-11-22 13:00:00,2024-11-21 13:00:00,448.18119589996184,457.0
2024-11-22 14:00:00,2024-11-21 14:00:00,453.91720272519603,461.0
2024-11-22 15:00:00,2024-11-21 15:00:00,335.58858524570866,397.0
2024-11-22 16:00:00,2024-11-21 16:00:00,253.3948550124793,286.0
2024-11-22 17:00:00,2024-11-21 17:00:00,127.97658748519775,156.0
2024-11-22 18:00:00,2024-11-21 18:00:00,17.37236137022491,27.0
2024-11-22 19:00:00,2024-11-21 19:00:00,0.3191799377600291,0.0
2024-11-22 20:00:00,2024-11-21 20:00:00,0.44926196513462296,0.0
2024-11-22 21:00:00,2024-11-21 21:00:00,0.400126920016158,0.0
2024-11-22 22:00:00,2024-11-21 22:00:00,0.400126920016158,0.0
2024-11-22 23:00:00,2024-11-21 23:00:00,0.44926196513462296,0.0
2024-11-23 00:00:00,2024-11-22 00:00:00,0.2039311588227105,0.0
2024-11-23 01:00:00,2024-11-22 01:00:00,0.3940716072023458,0.0
2024-11-23 02:00:00,2024-11-22 02:00:00,0.2039311588227105,0.0
2024-11-23 03:00:00,2024-11-22 03:00:00,0.3940716072023458,0.0
2024-11-23 04:00:00,2024-11-22 04:00:00,0.26398957982775195,0.0
2024-11-23 05:00:00,2024-11-22 05:00:00,0.3940716072023458,0.0
2024-11-23 06:00:00,2024-11-22 06:00:00,0.26398957982775195,0.0
2024-11-23 07:00:00,2024-11-22 07:00:00,0.3940716072023458,0.0
2024-11-23 08:00:00,2024-11-22 08:00:00,5.799466226948057,9.0
2024-11-23 09:00:00,2024-11-22 09:00:00,89.52663600643544,116.0
2024-11-23 10:00:00,2024-11-22 10:00:00,249.0254864798653,260.0
2024-11-23 11:00:00,2024-11-22 11:00:00,402.6671350716864,394.0
2024-11-23 12:00:00,2024-11-22 12:00:00,508.7583981404672,489.0
2024-11-23 13:00:00,2024-11-22 13:00:00,558.9083967996027,532.0
2024-11-23 14:00:00,2024-11-22 14:00:00,515.6407399769279,514.0
2024-11-23 15:00:00,2024-11-22 15:00:00,421.3374041921756,429.0
2024-11-23 16:00:00,2024-11-22 16:00:00,297.1730566387938,301.0
2024-11-23 17:00:00,2024-11-22 17:00:00,133.33852100572992,161.0
2024-11-23 18:00:00,2024-11-22 18:00:00,18.722246634486595,28.0
2024-11-23 19:00:00,2024-11-22 19:00:00,0.3191799377600291,0.0
2024-11-23 20:00:00,2024-11-22 20:00:00,0.3191799377600291,0.0
2024-11-23 21:00:00,2024-11-22 21:00:00,0.3191799377600291,0.0
2024-11-23 22:00:00,2024-11-22 22:00:00,0.3191799377600291,0.0
2024-11-23 23:00:00,2024-11-22 23:00:00,0.3191799377600291,0.0
2024-11-24 00:00:00,2024-11-23 00:00:00,0.26398957982775195,0.0
2024-11-24 01:00:00,2024-11-23 01:00:00,0.14655430674886044,0.0
2024-11-24 02:00:00,2024-11-23 02:00:00,0.14655430674886044,0.0
2024-11-24 03:00:00,2024-11-23 03:00:00,0.26398957982775195,0.0
2024-11-24 04:00:00,2024-11-23 04:00:00,0.26398957982775195,0.0
2024-11-24 05:00:00,2024-11-23 05:00:00,0.0,0.0
2024-11-24 06:00:00,2024-11-23 06:00:00,0.07384913144811656,0.0
2024-11-24 07:00:00,2024-11-23 07:00:00,0.26398957982775195,0.0
2024-11-24 08:00:00,2024-11-23 08:00:00,5.610988501004659,9.0
2024-11-24 09:00:00,2024-11-23 09:00:00,114.35700100107607,122.0
2024-11-24 10:00:00,2024-11-23 10:00:00,237.44581899145876,281.0
2024-11-24 11:00:00,2024-11-23 11:00:00,429.5692913478818,429.0
2024-11-24 12:00:00,2024-11-23 12:00:00,529.7518423191219,525.0
2024-11-24 13:00:00,2024-11-23 13:00:00,558.9701003762747,558.0
2024-11-24 14:00:00,2024-11-23 14:00:00,571.7954141949117,529.0
2024-11-24 15:00:00,2024-11-23 15:00:00,451.6767729449429,436.0
2024-11-24 16:00:00,2024-11-23 16:00:00,305.3038760325746,304.0
2024-11-24 17:00:00,2024-11-23 17:00:00,149.4324941540675,161.0
2024-11-24 18:00:00,2024-11-23 18:00:00,19.60016910014572,27.0
2024-11-24 19:00:00,2024-11-23 19:00:00,0.07990444426192878,0.0
2024-11-24 20:00:00,2024-11-23 20:00:00,0.07990444426192878,0.0
2024-11-24 21:00:00,2024-11-23 21:00:00,0.3191799377600291,0.0
2024-11-24 22:00:00,2024-11-23 22:00:00,0.3191799377600291,0.0
2024-11-24 23:00:00,2024-11-23 23:00:00,0.07990444426192878,0.0
2024-11-25 00:00:00,2024-11-24 00:00:00,0.26398957982775195,0.0
2024-11-25 01:00:00,2024-11-24 01:00:00,0.26398957982775195,0.0
2024-11-25 02:00:00,2024-11-24 02:00:00,0.26398957982775195,0.0
2024-11-25 03:00:00,2024-11-24 03:00:00,0.2039311588227105,0.0
2024-11-25 04:00:00,2024-11-24 04:00:00,0.2002030204132069,0.0
2024-11-25 05:00:00,2024-11-24 05:00:00,0.23336175867528178,0.0
2024-11-25 06:00:00,2024-11-24 06:00:00,0.5571534887480519,0.0
2024-11-25 07:00:00,2024-11-24 07:00:00,0.28032464557648307,0.0
2024-11-25 08:00:00,2024-11-24 08:00:00,4.11954921870119,4.0
2024-11-25 09:00:00,2024-11-24 09:00:00,103.019722356318,52.0
2024-11-25 10:00:00,2024-11-24 10:00:00,285.8099515166253,120.0
2024-11-25 11:00:00,2024-11-24 11:00:00,443.5875696936328,197.0
2024-11-25 12:00:00,2024-11-24 12:00:00,510.657105639158,292.0
2024-11-25 13:00:00,2024-11-24 13:00:00,531.3185238065732,385.0
2024-11-25 14:00:00,2024-11-24 14:00:00,512.7427647398137,418.0
2024-11-25 15:00:00,2024-11-24 15:00:00,441.62672580132215,362.0
2024-11-25 16:00:00,2024-11-24 16:00:00,298.25880622626744,255.0
2024-11-25 17:00:00,2024-11-24 17:00:00,147.65717453373108,136.0
2024-11-25 18:00:00,2024-11-24 18:00:00,20.614953145941552,23.0
2024-11-25 19:00:00,2024-11-24 19:00:00,0.3730683531822291,0.0
2024-11-25 20:00:00,2024-11-24 20:00:00,0.0,0.0
2024-11-25 21:00:00,2024-11-24 21:00:00,0.612343846680329,0.0
2024-11-25 22:00:00,2024-11-24 22:00:00,0.3730683531822291,0.0
2024-11-25 23:00:00,2024-11-24 23:00:00,1.029779699626962,0.0
2024-11-26 00:00:00,2024-11-25 00:00:00,0.2563194413513112,0.0
2024-11-26 01:00:00,2024-11-25 01:00:00,0.06617899297167586,0.0
2024-11-26 02:00:00,2024-11-25 02:00:00,0.06617899297167586,0.0
2024-11-26 03:00:00,2024-11-25 03:00:00,0.06617899297167586,0.0
2024-11-26 04:00:00,2024-11-25 04:00:00,0.36701304036841687,0.0
2024-11-26 05:00:00,2024-11-25 05:00:00,0.36701304036841687,0.0
2024-11-26 06:00:00,2024-11-25 06:00:00,0.36701304036841687,0.0
2024-11-26 07:00:00,2024-11-25 07:00:00,0.07012099303861294,0.0
2024-11-26 08:00:00,2024-11-25 08:00:00,4.997750066936169,8.0
2024-11-26 09:00:00,2024-11-25 09:00:00,103.22445284004245,121.0
2024-11-26 10:00:00,2024-11-25 10:00:00,282.37858989234525,279.0
2024-11-26 11:00:00,2024-11-25 11:00:00,436.60001122637743,426.0
2024-11-26 12:00:00,2024-11-25 12:00:00,506.50081022183696,525.0
2024-11-26 13:00:00,2024-11-25 13:00:00,568.9971403195243,565.0
2024-11-26 14:00:00,2024-11-25 14:00:00,530.9521802187462,540.0
2024-11-26 15:00:00,2024-11-25 15:00:00,436.224328054352,448.0
2024-11-26 16:00:00,2024-11-25 16:00:00,297.9655671805396,313.0
2024-11-26 17:00:00,2024-11-25 17:00:00,158.71222204149723,166.0
2024-11-26 18:00:00,2024-11-25 18:00:00,14.002125899251967,27.0
2024-11-26 19:00:00,2024-11-25 19:00:00,0.612343846680329,0.0
2024-11-26 20:00:00,2024-11-25 20:00:00,0.46913261285194574,0.0
2024-11-26 21:00:00,2024-11-25 21:00:00,0.612343846680329,0.0
2024-11-26 22:00:00,2024-11-25 22:00:00,0.612343846680329,0.0
2024-11-26 23:00:00,2024-11-25 23:00:00,0.3730683531822291,0.0
2024-11-27 00:00:00,2024-11-26 00:00:00,0.10853428393411838,0.0
2024-11-27 01:00:00,2024-11-26 01:00:00,0.7069183048396009,0.0
2024-11-27 02:00:00,2024-11-26 02:00:00,0.1343027413947879,0.0
2024-11-27 03:00:00,2024-11-26 03:00:00,0.1343027413947879,0.0
2024-11-27 04:00:00,2024-11-26 04:00:00,0.0,0.0
2024-11-27 05:00:00,2024-11-26 05:00:00,0.26398957982775195,0.0
2024-11-27 06:00:00,2024-11-26 06:00:00,0.26398957982775195,0.0
2024-11-27 07:00:00,2024-11-26 07:00:00,0.0,0.0
2024-11-27 08:00:00,2024-11-26 08:00:00,4.907802955028541,6.0
2024-11-27 09:00:00,2024-11-26 09:00:00,111.42008577857001,103.0
2024-11-27 10:00:00,2024-11-26 10:00:00,264.32553553292,241.0
2024-11-27 11:00:00,2024-11-26 11:00:00,381.24179822730446,367.0
2024-11-27 12:00:00,2024-11-26 12:00:00,516.2477056060668,449.0
2024-11-27 13:00:00,2024-11-26 13:00:00,537.4583783433786,478.0
2024-11-27 14:00:00,2024-11-26 14:00:00,503.70941024909854,451.0
2024-11-27 15:00:00,2024-11-26 15:00:00,409.7737532333223,368.0
2024-11-27 16:00:00,2024-11-26 16:00:00,281.9602025001716,251.0
2024-11-27 17:00:00,2024-11-26 17:00:00,136.9733164230962,130.0
2024-11-27 18:00:00,2024-11-26 18:00:00,18.116340879611712,21.0
2024-11-27 19:00:00,2024-11-26 19:00:00,0.3154517993505255,0.0
2024-11-27 20:00:00,2024-11-26 20:00:00,0.07617630585242516,0.0
2024-11-27 21:00:00,2024-11-26 21:00:00,0.07990444426192878,0.0
2024-11-27 22:00:00,2024-11-26 22:00:00,0.07990444426192878,0.0
2024-11-27 23:00:00,2024-11-26 23:00:00,0.07990444426192878,0.0
2024-11-28 00:00:00,2024-11-27 00:00:00,0.2039311588227105,0.0
2024-11-28 01:00:00,2024-11-27 01:00:00,0.2039311588227105,0.0
2024-11-28 02:00:00,2024-11-27 02:00:00,0.2039311588227105,0.0
2024-11-28 03:00:00,2024-11-27 03:00:00,0.2039311588227105,0.0
2024-11-28 04:00:00,2024-11-27 04:00:00,0.26398957982775195,0.0
2024-11-28 05:00:00,2024-11-27 05:00:00,0.07384913144811656,0.0
2024-11-28 06:00:00,2024-11-27 06:00:00,0.07384913144811656,0.0
2024-11-28 07:00:00,2024-11-27 07:00:00,0.07384913144811656,0.0
2024-11-28 08:00:00,2024-11-27 08:00:00,3.7740977250524623,6.0
2024-11-28 09:00:00,2024-11-27 09:00:00,98.09038368041003,102.0
2024-11-28 10:00:00,2024-11-27 10:00:00,240.51168196503966,255.0
2024-11-28 11:00:00,2024-11-27 11:00:00,408.363308650853,403.0
2024-11-28 12:00:00,2024-11-27 12:00:00,487.2666014838724,495.0
2024-11-28 13:00:00,2024-11-27 13:00:00,539.4435540791999,522.0
2024-11-28 14:00:00,2024-11-27 14:00:00,515.6104485027068,491.0
2024-11-28 15:00:00,2024-11-27 15:00:00,457.0478961622757,402.0
2024-11-28 16:00:00,2024-11-27 16:00:00,315.5950375814464,276.0
2024-11-28 17:00:00,2024-11-27 17:00:00,148.92330232561935,145.0
2024-11-28 18:00:00,2024-11-27 18:00:00,17.667146211585337,23.0
2024-11-28 19:00:00,2024-11-27 19:00:00,0.07990444426192878,0.0
2024-11-28 20:00:00,2024-11-27 20:00:00,0.07990444426192878,0.0
2024-11-28 21:00:00,2024-11-27 21:00:00,0.07990444426192878,0.0
2024-11-28 22:00:00,2024-11-27 22:00:00,0.07990444426192878,0.0
2024-11-28 23:00:00,2024-11-27 23:00:00,0.07990444426192878,0.0
2024-11-29 00:00:00,2024-11-28 00:00:00,0.07384913144811656,0.0
2024-11-29 01:00:00,2024-11-28 01:00:00,0.07384913144811656,0.0
2024-11-29 02:00:00,2024-11-28 02:00:00,0.07384913144811656,0.0
2024-11-29 03:00:00,2024-11-28 03:00:00,0.07384913144811656,0.0
2024-11-29 04:00:00,2024-11-28 04:00:00,0.07384913144811656,0.0
2024-11-29 05:00:00,2024-11-28 05:00:00,0.07384913144811656,0.0
2024-11-29 06:00:00,2024-11-28 06:00:00,0.07384913144811656,0.0
2024-11-29 07:00:00,2024-11-28 07:00:00,0.07384913144811656,0.0
2024-11-29 08:00:00,2024-11-28 08:00:00,3.7740977250524623,6.0
2024-11-29 09:00:00,2024-11-28 09:00:00,88.86078891012163,106.0
2024-11-29 10:00:00,2024-11-28 10:00:00,262.54879295372814,257.0
2024-11-29 11:00:00,2024-11-28 11:00:00,406.6609381403675,397.0
2024-11-29 12:00:00,2024-11-28 12:00:00,474.2190606471941,480.0
2024-11-29 13:00:00,2024-11-28 13:00:00,532.1092269104976,499.0
2024-11-29 14:00:00,2024-11-28 14:00:00,507.7672448146378,467.0
2024-11-29 15:00:00,2024-11-28 15:00:00,419.07890180457395,391.0
2024-11-29 16:00:00,2024-11-28 16:00:00,277.99580933511794,281.0
2024-11-29 17:00:00,2024-11-28 17:00:00,137.9015743885968,152.0
2024-11-29 18:00:00,2024-11-28 18:00:00,17.174810555809294,24.0
2024-11-29 19:00:00,2024-11-28 19:00:00,0.07990444426192878,0.0
2024-11-29 20:00:00,2024-11-28 20:00:00,0.07990444426192878,0.0
2024-11-29 21:00:00,2024-11-28 21:00:00,0.07990444426192878,0.0
2024-11-29 22:00:00,2024-11-28 22:00:00,0.07990444426192878,0.0
2024-11-29 23:00:00,2024-11-28 23:00:00,0.07990444426192878,0.0
2024-11-30 00:00:00,2024-11-29 00:00:00,0.07384913144811656,0.0
2024-11-30 01:00:00,2024-11-29 01:00:00,0.07384913144811656,0.0
2024-11-30 02:00:00,2024-11-29 02:00:00,0.07384913144811656,0.0
2024-11-30 03:00:00,2024-11-29 03:00:00,0.07384913144811656,0.0
2024-11-30 04:00:00,2024-11-29 04:00:00,0.07384913144811656,0.0
2024-11-30 05:00:00,2024-11-29 05:00:00,0.07384913144811656,0.0
2024-11-30 06:00:00,2024-11-29 06:00:00,0.07384913144811656,0.0
2024-11-30 07:00:00,2024-11-29 07:00:00,0.07384913144811656,0.0
2024-11-30 08:00:00,2024-11-29 08:00:00,3.088928065573532,5.0
2024-11-30 09:00:00,2024-11-29 09:00:00,93.6131306519546,105.0
2024-11-30 10:00:00,2024-11-29 10:00:00,246.38652233972164,256.0
2024-11-30 11:00:00,2024-11-29 11:00:00,403.91598480072696,393.0
2024-11-30 12:00:00,2024-11-29 12:00:00,508.68171421896767,475.0
2024-11-30 13:00:00,2024-11-29 13:00:00,527.4085700216285,494.0
2024-11-30 14:00:00,2024-11-29 14:00:00,502.77954694818465,456.0
2024-11-30 15:00:00,2024-11-29 15:00:00,434.5229806419668,363.0
2024-11-30 16:00:00,2024-11-29 16:00:00,304.41475869982537,241.0
2024-11-30 17:00:00,2024-11-29 17:00:00,148.9987232944497,122.0
2024-11-30 18:00:00,2024-11-29 18:00:00,16.602083623205186,19.0
2024-11-30 19:00:00,2024-11-29 19:00:00,0.07990444426192878,0.0
2024-11-30 20:00:00,2024-11-29 20:00:00,0.07990444426192878,0.0
2024-11-30 21:00:00,2024-11-29 21:00:00,0.07990444426192878,0.0
2024-11-30 22:00:00,2024-11-29 22:00:00,0.07990444426192878,0.0
2024-11-30 23:00:00,2024-11-29 23:00:00,0.07990444426192878,0.0
2024-12-01 00:00:00,2024-11-30 00:00:00,0.07384913144811656,0.0
2024-12-01 01:00:00,2024-11-30 01:00:00,0.07384913144811656,0.0
2024-12-01 02:00:00,2024-11-30 02:00:00,0.07384913144811656,0.0
2024-12-01 03:00:00,2024-11-30 03:00:00,0.07384913144811656,0.0
2024-12-01 04:00:00,2024-11-30 04:00:00,0.07384913144811656,0.0
2024-12-01 05:00:00,2024-11-30 05:00:00,0.07384913144811656,0.0
2024-12-01 06:00:00,2024-11-30 06:00:00,0.07384913144811656,0.0
2024-12-01 07:00:00,2024-11-30 07:00:00,0.07384913144811656,0.0
2024-12-01 08:00:00,2024-11-30 08:00:00,2.1724469604587386,4.0
2024-12-01 09:00:00,2024-11-30 09:00:00,92.15086154711736,98.0
2024-12-01 10:00:00,2024-11-30 10:00:00,248.83199097062212,246.0
2024-12-01 11:00:00,2024-11-30 11:00:00,400.6543491093849,389.0
2024-12-01 12:00:00,2024-11-30 12:00:00,494.63258303563475,487.0
2024-12-01 13:00:00,2024-11-30 13:00:00,545.6999988108089,529.0
2024-12-01 14:00:00,2024-11-30 14:00:00,500.5164499057388,508.0
2024-12-01 15:00:00,2024-11-30 15:00:00,427.86003599774995,424.0
2024-12-01 16:00:00,2024-11-30 16:00:00,298.72009705768886,296.0
2024-12-01 17:00:00,2024-11-30 17:00:00,149.45906739455856,157.0
2024-12-01 18:00:00,2024-11-30 18:00:00,16.602083623205186,25.0
2024-12-01 19:00:00,2024-11-30 19:00:00,0.07990444426192878,0.0
2024-12-01 20:00:00,2024-11-30 20:00:00,0.07990444426192878,0.0
2024-12-01 21:00:00,2024-11-30 21:00:00,0.07990444426192878,0.0
2024-12-01 22:00:00,2024-11-30 22:00:00,0.3191799377600291,0.0
2024-12-01 23:00:00,2024-11-30 23:00:00,0.20174466468113764,0.0
2024-12-02 00:00:00,2024-12-01 00:00:00,0.10158087369033822,0.0
2024-12-02 01:00:00,2024-12-01 01:00:00,0.14655430674886044,0.0
2024-12-02 02:00:00,2024-12-01 02:00:00,0.26398957982775195,0.0
2024-12-02 03:00:00,2024-12-01 03:00:00,0.10158087369033822,0.0
2024-12-02 04:00:00,2024-12-01 04:00:00,0.10158087369033822,0.0
2024-12-02 05:00:00,2024-12-01 05:00:00,0.16694322236001283,0.0
2024-12-02 06:00:00,2024-12-01 06:00:00,0.10158087369033822,0.0
2024-12-02 07:00:00,2024-12-01 07:00:00,0.14655430674886044,0.0
2024-12-02 08:00:00,2024-12-01 08:00:00,2.1724469604587386,4.0
2024-12-02 09:00:00,2024-12-01 09:00:00,86.39888531889649,90.0
2024-12-02 10:00:00,2024-12-01 10:00:00,250.79805164802238,230.0
2024-12-02 11:00:00,2024-12-01 11:00:00,399.8468758011094,368.0
2024-12-02 12:00:00,2024-12-01 12:00:00,506.2975468230522,463.0
2024-12-02 13:00:00,2024-12-01 13:00:00,540.9550908520109,505.0
2024-12-02 14:00:00,2024-12-01 14:00:00,502.09900586361897,487.0
2024-12-02 15:00:00,2024-12-01 15:00:00,425.98310075208946,404.0
2024-12-02 16:00:00,2024-12-01 16:00:00,298.89408387762126,280.0
2024-12-02 17:00:00,2024-12-01 17:00:00,140.05794450226037,147.0
2024-12-02 18:00:00,2024-12-01 18:00:00,16.846690071290222,23.0
2024-12-02 19:00:00,2024-12-01 19:00:00,0.07990444426192878,0.0
2024-12-02 20:00:00,2024-12-01 20:00:00,0.20998647163652273,0.0
2024-12-02 21:00:00,2024-12-01 21:00:00,0.44926196513462296,0.0
2024-12-02 22:00:00,2024-12-01 22:00:00,0.2868532589972094,0.0
2024-12-02 23:00:00,2024-12-01 23:00:00,0.2868532589972094,0.0
2024-12-03 00:00:00,2024-12-02 00:00:00,0.23166290106493223,0.0
2024-12-03 01:00:00,2024-12-02 01:00:00,0.23166290106493223,0.0
2024-12-03 02:00:00,2024-12-02 02:00:00,0.3940716072023458,0.0
2024-12-03 03:00:00,2024-12-02 03:00:00,0.2970252497346067,0.0
2024-12-03 04:00:00,2024-12-02 04:00:00,0.10158087369033822,0.0
2024-12-03 05:00:00,2024-12-02 05:00:00,0.10158087369033822,0.0
2024-12-03 06:00:00,2024-12-02 06:00:00,0.23166290106493223,0.0
2024-12-03 07:00:00,2024-12-02 07:00:00,0.10158087369033822,0.0
2024-12-03 08:00:00,2024-12-02 08:00:00,1.8040324816612152,3.0
2024-12-03 09:00:00,2024-12-02 09:00:00,69.39904207419093,70.0
2024-12-03 10:00:00,2024-12-02 10:00:00,187.3592116661598,155.0
2024-12-03 11:00:00,2024-12-02 11:00:00,335.58350092351424,219.0
2024-12-03 12:00:00,2024-12-02 12:00:00,431.7179167946741,248.0
2024-12-03 13:00:00,2024-12-02 13:00:00,475.5020205564558,243.0
2024-12-03 14:00:00,2024-12-02 14:00:00,352.83082029004413,212.0
2024-12-03 15:00:00,2024-12-02 15:00:00,218.50996928006467,161.0
2024-12-03 16:00:00,2024-12-02 16:00:00,180.69879218909796,102.0
2024-12-03 17:00:00,2024-12-02 17:00:00,104.80272311946362,50.0
2024-12-03 18:00:00,2024-12-02 18:00:00,11.891377475246205,8.0
2024-12-03 19:00:00,2024-12-02 19:00:00,0.1567712316226154,0.0
2024-12-03 20:00:00,2024-12-02 20:00:00,0.1567712316226154,0.0
2024-12-03 21:00:00,2024-12-02 21:00:00,0.1567712316226154,0.0
2024-12-03 22:00:00,2024-12-02 22:00:00,0.1567712316226154,0.0
2024-12-03 23:00:00,2024-12-02 23:00:00,0.1567712316226154,0.0
2024-12-04 00:00:00,2024-12-03 00:00:00,0.14655430674886044,0.0
2024-12-04 01:00:00,2024-12-03 01:00:00,0.10158087369033822,0.0
2024-12-04 02:00:00,2024-12-03 02:00:00,0.10158087369033822,0.0
2024-12-04 03:00:00,2024-12-03 03:00:00,0.14655430674886044,0.0
2024-12-04 04:00:00,2024-12-03 04:00:00,0.26398957982775195,0.0
2024-12-04 05:00:00,2024-12-03 05:00:00,0.16756559640647006,0.0
2024-12-04 06:00:00,2024-12-03 06:00:00,0.14655430674886044,0.0
2024-12-04 07:00:00,2024-12-03 07:00:00,0.26398957982775195,0.0
2024-12-04 08:00:00,2024-12-03 08:00:00,2.031201500696728,3.0
2024-12-04 09:00:00,2024-12-03 09:00:00,74.15082256369861,89.0
2024-12-04 10:00:00,2024-12-03 10:00:00,229.3213046765445,231.0
2024-12-04 11:00:00,2024-12-03 11:00:00,393.5185810809834,368.0
2024-12-04 12:00:00,2024-12-03 12:00:00,483.392656342875,462.0
2024-12-04 13:00:00,2024-12-03 13:00:00,510.75765313305885,503.0
2024-12-04 14:00:00,2024-12-03 14:00:00,504.9372263041708,484.0
2024-12-04 15:00:00,2024-12-03 15:00:00,376.90652292378024,400.0
2024-12-04 16:00:00,2024-12-03 16:00:00,267.00873414958136,277.0
2024-12-04 17:00:00,2024-12-03 17:00:00,112.78122075375849,145.0
2024-12-04 18:00:00,2024-12-03 18:00:00,9.571554064484104,23.0
2024-12-04 19:00:00,2024-12-03 19:00:00,0.20998647163652273,0.0
2024-12-04 20:00:00,2024-12-03 20:00:00,0.20998647163652273,0.0
2024-12-04 21:00:00,2024-12-03 21:00:00,0.20998647163652273,0.0
2024-12-04 22:00:00,2024-12-03 22:00:00,0.20998647163652273,0.0
2024-12-04 23:00:00,2024-12-03 23:00:00,0.20998647163652273,0.0
2024-12-05 00:00:00,2024-12-04 00:00:00,0.3940716072023458,0.0
2024-12-05 01:00:00,2024-12-04 01:00:00,0.26398957982775195,0.0
2024-12-05 02:00:00,2024-12-04 02:00:00,0.26398957982775195,0.0
2024-12-05 03:00:00,2024-12-04 03:00:00,0.26398957982775195,0.0
2024-12-05 04:00:00,2024-12-04 04:00:00,0.2039311588227105,0.0
2024-12-05 05:00:00,2024-12-04 05:00:00,0.2039311588227105,0.0
2024-12-05 06:00:00,2024-12-04 06:00:00,0.07384913144811656,0.0
2024-12-05 07:00:00,2024-12-04 07:00:00,0.07384913144811656,0.0
2024-12-05 08:00:00,2024-12-04 08:00:00,1.4817988115262406,2.0
2024-12-05 09:00:00,2024-12-04 09:00:00,82.57255140397521,83.0
2024-12-05 10:00:00,2024-12-04 10:00:00,221.53242571592844,230.0
2024-12-05 11:00:00,2024-12-04 11:00:00,365.08065139413725,376.0
2024-12-05 12:00:00,2024-12-04 12:00:00,487.7802055503329,475.0
2024-12-05 13:00:00,2024-12-04 13:00:00,512.7959625851097,515.0
2024-12-05 14:00:00,2024-12-04 14:00:00,464.58198163238166,492.0
2024-12-05 15:00:00,2024-12-04 15:00:00,414.4597420248376,405.0
2024-12-05 16:00:00,2024-12-04 16:00:00,281.0530375128554,278.0
2024-12-05 17:00:00,2024-12-04 17:00:00,129.99163244368475,145.0
2024-12-05 18:00:00,2024-12-04 18:00:00,14.837403254364276,23.0
2024-12-05 19:00:00,2024-12-04 19:00:00,0.07990444426192878,0.0
2024-12-05 20:00:00,2024-12-04 20:00:00,0.07990444426192878,0.0
2024-12-05 21:00:00,2024-12-04 21:00:00,0.07990444426192878,0.0
2024-12-05 22:00:00,2024-12-04 22:00:00,0.07990444426192878,0.0
2024-12-05 23:00:00,2024-12-04 23:00:00,0.07990444426192878,0.0
2024-12-06 00:00:00,2024-12-05 00:00:00,0.07384913144811656,0.0
2024-12-06 01:00:00,2024-12-05 01:00:00,0.07384913144811656,0.0
2024-12-06 02:00:00,2024-12-05 02:00:00,0.10158087369033822,0.0
2024-12-06 03:00:00,2024-12-05 03:00:00,0.07384913144811656,0.0
2024-12-06 04:00:00,2024-12-05 04:00:00,0.07384913144811656,0.0
2024-12-06 05:00:00,2024-12-05 05:00:00,0.07384913144811656,0.0
2024-12-06 06:00:00,2024-12-05 06:00:00,0.07384913144811656,0.0
2024-12-06 07:00:00,2024-12-05 07:00:00,0.07384913144811656,0.0
2024-12-06 08:00:00,2024-12-05 08:00:00,1.072699221284522,2.0
2024-12-06 09:00:00,2024-12-05 09:00:00,82.6675153516088,90.0
2024-12-06 10:00:00,2024-12-05 10:00:00,217.22788760532026,230.0
2024-12-06 11:00:00,2024-12-05 11:00:00,366.742882466771,362.0
2024-12-06 12:00:00,2024-12-05 12:00:00,480.6359351464918,453.0
2024-12-06 13:00:00,2024-12-05 13:00:00,507.23354935999726,495.0
2024-12-06 14:00:00,2024-12-05 14:00:00,390.6877356241256,478.0
2024-12-06 15:00:00,2024-12-05 15:00:00,376.4250160364389,400.0
2024-12-06 16:00:00,2024-12-05 16:00:00,248.760463533629,281.0
2024-12-06 17:00:00,2024-12-05 17:00:00,116.68097575966763,149.0
2024-12-06 18:00:00,2024-12-05 18:00:00,16.602083623205186,23.0
2024-12-06 19:00:00,2024-12-05 19:00:00,0.3191799377600291,0.0
2024-12-06 20:00:00,2024-12-05 20:00:00,0.1567712316226154,0.0
2024-12-06 21:00:00,2024-12-05 21:00:00,0.20174466468113764,0.0
2024-12-06 22:00:00,2024-12-05 22:00:00,0.1567712316226154,0.0
2024-12-06 23:00:00,2024-12-05 23:00:00,0.1567712316226154,0.0
2024-12-07 00:00:00,2024-12-06 00:00:00,0.14655430674886044,0.0
2024-12-07 01:00:00,2024-12-06 01:00:00,0.10158087369033822,0.0
2024-12-07 02:00:00,2024-12-06 02:00:00,0.10158087369033822,0.0
2024-12-07 03:00:00,2024-12-06 03:00:00,0.10158087369033822,0.0
2024-12-07 04:00:00,2024-12-06 04:00:00,0.10158087369033822,0.0
2024-12-07 05:00:00,2024-12-06 05:00:00,0.10158087369033822,0.0
2024-12-07 06:00:00,2024-12-06 06:00:00,0.10158087369033822,0.0
2024-12-07 07:00:00,2024-12-06 07:00:00,0.10158087369033822,0.0
2024-12-07 08:00:00,2024-12-06 08:00:00,0.6705274213457008,2.0
2024-12-07 09:00:00,2024-12-06 09:00:00,62.65582173496461,72.0
2024-12-07 10:00:00,2024-12-06 10:00:00,178.33759246262252,198.0
2024-12-07 11:00:00,2024-12-06 11:00:00,265.93675439461134,321.0
2024-12-07 12:00:00,2024-12-06 12:00:00,341.09524022003023,406.0
2024-12-07 13:00:00,2024-12-06 13:00:00,383.3078454038215,440.0
2024-12-07 14:00:00,2024-12-06 14:00:00,317.37082226223527,417.0
2024-12-07 15:00:00,2024-12-06 15:00:00,332.47300104344856,333.0
2024-12-07 16:00:00,2024-12-06 16:00:00,209.61626041189152,218.0
2024-12-07 17:00:00,2024-12-06 17:00:00,101.41390333551976,109.0
2024-12-07 18:00:00,2024-12-06 18:00:00,13.746445497251372,17.0
2024-12-07 19:00:00,2024-12-06 19:00:00,0.33551500350876023,0.0
2024-12-07 20:00:00,2024-12-06 20:00:00,0.44926196513462296,0.0
2024-12-07 21:00:00,2024-12-06 21:00:00,0.3191799377600291,0.0
2024-12-07 22:00:00,2024-12-06 22:00:00,0.44926196513462296,0.0
2024-12-07 23:00:00,2024-12-06 23:00:00,0.22275595433874723,0.0
2024-12-08 00:00:00,2024-12-07 00:00:00,0.16756559640647006,0.0
2024-12-08 01:00:00,2024-12-07 01:00:00,0.16756559640647006,0.0
2024-12-08 02:00:00,2024-12-07 02:00:00,0.0,0.0
2024-12-08 03:00:00,2024-12-07 03:00:00,2.3785464435478496,0.0
2024-12-08 04:00:00,2024-12-07 04:00:00,0.39034346879284215,0.0
2024-12-08 05:00:00,2024-12-07 05:00:00,0.2563194413513112,0.0
2024-12-08 06:00:00,2024-12-07 06:00:00,0.2807808961377929,0.0
2024-12-08 07:00:00,2024-12-07 07:00:00,0.7813641278202063,0.0
2024-12-08 08:00:00,2024-12-07 08:00:00,1.021996692233777,2.0
2024-12-08 09:00:00,2024-12-07 09:00:00,63.64058485401943,73.0
2024-12-08 10:00:00,2024-12-07 10:00:00,201.87229124505123,188.0
2024-12-08 11:00:00,2024-12-07 11:00:00,320.4252499099411,291.0
2024-12-08 12:00:00,2024-12-07 12:00:00,385.71224059680395,358.0
2024-12-08 13:00:00,2024-12-07 13:00:00,313.71914334011103,384.0
2024-12-08 14:00:00,2024-12-07 14:00:00,450.2470287837327,371.0
2024-12-08 15:00:00,2024-12-07 15:00:00,375.4845136517739,324.0
2024-12-08 16:00:00,2024-12-07 16:00:00,239.87410206336486,244.0
2024-12-08 17:00:00,2024-12-07 17:00:00,138.93472195049566,137.0
2024-12-08 18:00:00,2024-12-07 18:00:00,11.673589817769232,22.0
2024-12-08 19:00:00,2024-12-07 19:00:00,0.20998647163652273,0.0
2024-12-08 20:00:00,2024-12-07 20:00:00,0.07990444426192878,0.0
2024-12-08 21:00:00,2024-12-07 21:00:00,0.07990444426192878,0.0
2024-12-08 22:00:00,2024-12-07 22:00:00,0.07990444426192878,0.0
2024-12-08 23:00:00,2024-12-07 23:00:00,0.27004489264156417,0.0
2024-12-09 00:00:00,2024-12-08 00:00:00,0.26398957982775195,0.0
2024-12-09 01:00:00,2024-12-08 01:00:00,0.26398957982775195,0.0
2024-12-09 02:00:00,2024-12-08 02:00:00,0.16694322236001283,0.0
2024-12-09 03:00:00,2024-12-08 03:00:00,0.26398957982775195,0.0
2024-12-09 04:00:00,2024-12-08 04:00:00,0.26398957982775195,0.0
2024-12-09 05:00:00,2024-12-08 05:00:00,0.07384913144811656,0.0
2024-12-09 06:00:00,2024-12-08 06:00:00,0.07384913144811656,0.0
2024-12-09 07:00:00,2024-12-08 07:00:00,0.07384913144811656,0.0
2024-12-09 08:00:00,2024-12-08 08:00:00,0.47429754119677725,1.0
2024-12-09 09:00:00,2024-12-08 09:00:00,75.12041964798969,83.0
2024-12-09 10:00:00,2024-12-08 10:00:00,177.63110486169626,224.0
2024-12-09 11:00:00,2024-12-08 11:00:00,278.97707339310637,354.0
2024-12-09 12:00:00,2024-12-08 12:00:00,363.6733722422734,430.0
2024-12-09 13:00:00,2024-12-08 13:00:00,433.0278633864729,446.0
2024-12-09 14:00:00,2024-12-08 14:00:00,403.55042020858696,413.0
2024-12-09 15:00:00,2024-12-08 15:00:00,306.84991291066893,341.0
2024-12-09 16:00:00,2024-12-08 16:00:00,220.82022706358677,238.0
2024-12-09 17:00:00,2024-12-08 17:00:00,106.21585304097388,126.0
2024-12-09 18:00:00,2024-12-08 18:00:00,13.19664993515266,20.0
2024-12-09 19:00:00,2024-12-08 19:00:00,0.20174466468113764,0.0
2024-12-09 20:00:00,2024-12-08 20:00:00,0.1567712316226154,0.0
2024-12-09 21:00:00,2024-12-08 21:00:00,0.3191799377600291,0.0
2024-12-09 22:00:00,2024-12-08 22:00:00,0.20174466468113764,0.0
2024-12-09 23:00:00,2024-12-08 23:00:00,0.1567712316226154,0.0
2024-12-10 00:00:00,2024-12-09 00:00:00,0.10158087369033822,0.0
2024-12-10 01:00:00,2024-12-09 01:00:00,0.10158087369033822,0.0
2024-12-10 02:00:00,2024-12-09 02:00:00,0.10158087369033822,0.0
2024-12-10 03:00:00,2024-12-09 03:00:00,0.10158087369033822,0.0
2024-12-10 04:00:00,2024-12-09 04:00:00,0.10158087369033822,0.0
2024-12-10 05:00:00,2024-12-09 05:00:00,0.10158087369033822,0.0
2024-12-10 06:00:00,2024-12-09 06:00:00,0.10158087369033822,0.0
2024-12-10 07:00:00,2024-12-09 07:00:00,0.10158087369033822,0.0
2024-12-10 08:00:00,2024-12-09 08:00:00,0.6705274213457008,1.0
2024-12-10 09:00:00,2024-12-09 09:00:00,63.54403660991183,75.0
2024-12-10 10:00:00,2024-12-09 10:00:00,155.5700188694603,210.0
2024-12-10 11:00:00,2024-12-09 11:00:00,314.50943903645043,343.0
2024-12-10 12:00:00,2024-12-09 12:00:00,366.78916053399433,438.0
2024-12-10 13:00:00,2024-12-09 13:00:00,403.19897240535977,482.0
2024-12-10 14:00:00,2024-12-09 14:00:00,416.91626496854286,465.0
2024-12-10 15:00:00,2024-12-09 15:00:00,371.2069912455509,384.0
2024-12-10 16:00:00,2024-12-09 16:00:00,216.8103825199773,263.0
2024-12-10 17:00:00,2024-12-09 17:00:00,112.68834823156669,137.0
2024-12-10 18:00:00,2024-12-09 18:00:00,14.903491310698833,22.0
2024-12-10 19:00:00,2024-12-09 19:00:00,0.1567712316226154,0.0
2024-12-10 20:00:00,2024-12-09 20:00:00,0.35221560766688387,0.0
2024-12-10 21:00:00,2024-12-09 21:00:00,0.2868532589972094,0.0
2024-12-10 22:00:00,2024-12-09 22:00:00,0.2868532589972094,0.0
2024-12-10 23:00:00,2024-12-09 23:00:00,0.44926196513462296,0.0
2024-12-11 00:00:00,2024-12-10 00:00:00,0.2970252497346067,0.0
2024-12-11 01:00:00,2024-12-10 01:00:00,0.3940716072023458,0.0
2024-12-11 02:00:00,2024-12-10 02:00:00,0.2039311588227105,0.0
2024-12-11 03:00:00,2024-12-10 03:00:00,0.2970252497346067,0.0
2024-12-11 04:00:00,2024-12-10 04:00:00,0.23166290106493223,0.0
2024-12-11 05:00:00,2024-12-10 05:00:00,0.23166290106493223,0.0
2024-12-11 06:00:00,2024-12-10 06:00:00,0.23166290106493223,0.0
2024-12-11 07:00:00,2024-12-10 07:00:00,0.23166290106493223,0.0
2024-12-11 08:00:00,2024-12-10 08:00:00,0.0,1.0
2024-12-11 09:00:00,2024-12-10 09:00:00,51.80713253113305,53.0
2024-12-11 10:00:00,2024-12-10 10:00:00,161.94855314196772,159.0
2024-12-11 11:00:00,2024-12-10 11:00:00,229.86638169250816,260.0
2024-12-11 12:00:00,2024-12-10 12:00:00,340.95258733335896,310.0
2024-12-11 13:00:00,2024-12-10 13:00:00,404.733201470436,307.0
2024-12-11 14:00:00,2024-12-10 14:00:00,378.1590626009737,276.0
2024-12-11 15:00:00,2024-12-10 15:00:00,248.9358758970491,233.0
2024-12-11 16:00:00,2024-12-10 16:00:00,170.29676123505618,171.0
2024-12-11 17:00:00,2024-12-10 17:00:00,83.89622726790213,95.0
2024-12-11 18:00:00,2024-12-10 18:00:00,14.37565423594505,15.0
2024-12-11 19:00:00,2024-12-10 19:00:00,0.2868532589972094,0.0
2024-12-11 20:00:00,2024-12-10 20:00:00,0.2868532589972094,0.0
2024-12-11 21:00:00,2024-12-10 21:00:00,0.44926196513462296,0.0
2024-12-11 22:00:00,2024-12-10 22:00:00,0.2868532589972094,0.0
2024-12-11 23:00:00,2024-12-10 23:00:00,0.2868532589972094,0.0
2024-12-12 00:00:00,2024-12-11 00:00:00,0.23166290106493223,0.0
2024-12-12 01:00:00,2024-12-11 01:00:00,0.2766363341234544,0.0
2024-12-12 02:00:00,2024-12-11 02:00:00,0.2766363341234544,0.0
2024-12-12 03:00:00,2024-12-11 03:00:00,0.23166290106493223,0.0
2024-12-12 04:00:00,2024-12-11 04:00:00,0.2766363341234544,0.0
2024-12-12 05:00:00,2024-12-11 05:00:00,0.2766363341234544,0.0
2024-12-12 06:00:00,2024-12-11 06:00:00,0.3940716072023458,0.0
2024-12-12 07:00:00,2024-12-11 07:00:00,0.23166290106493223,0.0
2024-12-12 08:00:00,2024-12-11 08:00:00,1.334692485943178,1.0
2024-12-12 09:00:00,2024-12-11 09:00:00,58.3409293193759,68.0
2024-12-12 10:00:00,2024-12-11 10:00:00,180.5716160624109,196.0
2024-12-12 11:00:00,2024-12-11 11:00:00,322.87394325171766,323.0
2024-12-12 12:00:00,2024-12-11 12:00:00,419.759451695196,422.0
2024-12-12 13:00:00,2024-12-11 13:00:00,462.3301818982332,477.0
2024-12-12 14:00:00,2024-12-11 14:00:00,400.31985199128013,474.0
2024-12-12 15:00:00,2024-12-11 15:00:00,353.28510370369474,407.0
2024-12-12 16:00:00,2024-12-11 16:00:00,228.2495789187028,293.0
2024-12-12 17:00:00,2024-12-11 17:00:00,110.31213597680643,159.0
2024-12-12 18:00:00,2024-12-11 18:00:00,15.959441857356229,26.0
2024-12-12 19:00:00,2024-12-11 19:00:00,0.44926196513462296,0.0
2024-12-12 20:00:00,2024-12-11 20:00:00,0.44926196513462296,0.0
2024-12-12 21:00:00,2024-12-11 21:00:00,0.44926196513462296,0.0
2024-12-12 22:00:00,2024-12-11 22:00:00,0.20998647163652273,0.0
2024-12-12 23:00:00,2024-12-11 23:00:00,0.20998647163652273,0.0
2024-12-13 00:00:00,2024-12-12 00:00:00,0.3940716072023458,0.0
2024-12-13 01:00:00,2024-12-12 01:00:00,0.3940716072023458,0.0
2024-12-13 02:00:00,2024-12-12 02:00:00,0.07384913144811656,0.0
2024-12-13 03:00:00,2024-12-12 03:00:00,0.07384913144811656,0.0
2024-12-13 04:00:00,2024-12-12 04:00:00,0.07384913144811656,0.0
2024-12-13 05:00:00,2024-12-12 05:00:00,0.07384913144811656,0.0
2024-12-13 06:00:00,2024-12-12 06:00:00,0.2039311588227105,0.0
2024-12-13 07:00:00,2024-12-12 07:00:00,0.2039311588227105,0.0
2024-12-13 08:00:00,2024-12-12 08:00:00,0.2039311588227105,1.0
2024-12-13 09:00:00,2024-12-12 09:00:00,66.90724621694858,83.0
2024-12-13 10:00:00,2024-12-12 10:00:00,213.63197890179396,233.0
2024-12-13 11:00:00,2024-12-12 11:00:00,353.80578047091774,374.0
2024-12-13 12:00:00,2024-12-12 12:00:00,444.4743464761308,468.0
2024-12-13 13:00:00,2024-12-12 13:00:00,502.293875790862,503.0
2024-12-13 14:00:00,2024-12-12 14:00:00,492.5937068970354,483.0
2024-12-13 15:00:00,2024-12-12 15:00:00,416.3750204037978,408.0
2024-12-13 16:00:00,2024-12-12 16:00:00,286.0067886742453,292.0
2024-12-13 17:00:00,2024-12-12 17:00:00,134.47681944869692,158.0
2024-12-13 18:00:00,2024-12-12 18:00:00,17.178538694218798,26.0
2024-12-13 19:00:00,2024-12-12 19:00:00,0.07990444426192878,0.0
2024-12-13 20:00:00,2024-12-12 20:00:00,0.07990444426192878,0.0
2024-12-13 21:00:00,2024-12-12 21:00:00,0.07990444426192878,0.0
2024-12-13 22:00:00,2024-12-12 22:00:00,0.07990444426192878,0.0
2024-12-13 23:00:00,2024-12-12 23:00:00,0.07990444426192878,0.0
2024-12-14 00:00:00,2024-12-13 00:00:00,0.07384913144811656,0.0
2024-12-14 01:00:00,2024-12-13 01:00:00,0.07384913144811656,0.0
2024-12-14 02:00:00,2024-12-13 02:00:00,0.07384913144811656,0.0
2024-12-14 03:00:00,2024-12-13 03:00:00,0.07384913144811656,0.0
2024-12-14 04:00:00,2024-12-13 04:00:00,0.07384913144811656,0.0
2024-12-14 05:00:00,2024-12-13 05:00:00,0.07384913144811656,0.0
2024-12-14 06:00:00,2024-12-13 06:00:00,0.07384913144811656,0.0
2024-12-14 07:00:00,2024-12-13 07:00:00,0.07384913144811656,0.0
2024-12-14 08:00:00,2024-12-13 08:00:00,0.07384913144811656,1.0
2024-12-14 09:00:00,2024-12-13 09:00:00,69.83998456818604,81.0
2024-12-14 10:00:00,2024-12-13 10:00:00,222.9685571298086,235.0
2024-12-14 11:00:00,2024-12-13 11:00:00,363.9031049985484,384.0
2024-12-14 12:00:00,2024-12-13 12:00:00,479.59813957215704,487.0
2024-12-14 13:00:00,2024-12-13 13:00:00,520.9704607400668,531.0
2024-12-14 14:00:00,2024-12-13 14:00:00,506.16068629898103,513.0
2024-12-14 15:00:00,2024-12-13 15:00:00,421.6572918110549,429.0
2024-12-14 16:00:00,2024-12-13 16:00:00,297.59865618658307,302.0
2024-12-14 17:00:00,2024-12-13 17:00:00,149.00828324658494,162.0
2024-12-14 18:00:00,2024-12-13 18:00:00,18.025186356191153,27.0
2024-12-14 19:00:00,2024-12-13 19:00:00,0.014238757059894688,0.0
2024-12-14 20:00:00,2024-12-13 20:00:00,0.3191799377600291,0.0
2024-12-14 21:00:00,2024-12-13 21:00:00,0.3191799377600291,0.0
2024-12-14 22:00:00,2024-12-13 22:00:00,0.3191799377600291,0.0
2024-12-14 23:00:00,2024-12-13 23:00:00,0.3191799377600291,0.0
2024-12-15 00:00:00,2024-12-14 00:00:00,0.26398957982775195,0.0
2024-12-15 01:00:00,2024-12-14 01:00:00,0.26398957982775195,0.0
2024-12-15 02:00:00,2024-12-14 02:00:00,0.26398957982775195,0.0
2024-12-15 03:00:00,2024-12-14 03:00:00,0.07384913144811656,0.0
2024-12-15 04:00:00,2024-12-14 04:00:00,0.07384913144811656,0.0
2024-12-15 05:00:00,2024-12-14 05:00:00,0.07012099303861294,0.0
2024-12-15 06:00:00,2024-12-14 06:00:00,0.0,0.0
2024-12-15 07:00:00,2024-12-14 07:00:00,0.0,0.0
2024-12-15 08:00:00,2024-12-14 08:00:00,0.083131959114306,0.0
2024-12-15 09:00:00,2024-12-14 09:00:00,68.49670292015772,77.0
2024-12-15 10:00:00,2024-12-14 10:00:00,221.38105379601407,224.0
2024-12-15 11:00:00,2024-12-14 11:00:00,361.11941767088825,363.0
2024-12-15 12:00:00,2024-12-14 12:00:00,476.1026474413369,455.0
2024-12-15 13:00:00,2024-12-14 13:00:00,484.34257501512735,488.0
2024-12-15 14:00:00,2024-12-14 14:00:00,496.17763940707164,459.0
2024-12-15 15:00:00,2024-12-14 15:00:00,375.7628691072319,366.0
2024-12-15 16:00:00,2024-12-14 16:00:00,249.87432697704682,240.0
2024-12-15 17:00:00,2024-12-14 17:00:00,139.7268831100395,121.0
2024-12-15 18:00:00,2024-12-14 18:00:00,16.717065417459786,20.0
2024-12-15 19:00:00,2024-12-14 19:00:00,0.0,0.0
2024-12-15 20:00:00,2024-12-14 20:00:00,0.35221560766688387,0.0
2024-12-15 21:00:00,2024-12-14 21:00:00,0.33182669205573156,0.0
2024-12-15 22:00:00,2024-12-14 22:00:00,0.1567712316226154,0.0
2024-12-15 23:00:00,2024-12-14 23:00:00,0.1567712316226154,0.0
2024-12-16 00:00:00,2024-12-15 00:00:00,0.07813238017693236,0.0
2024-12-16 01:00:00,2024-12-15 01:00:00,0.14222968483539444,0.0
2024-12-16 02:00:00,2024-12-15 02:00:00,0.2723117122099884,0.0
2024-12-16 03:00:00,2024-12-15 03:00:00,0.1632150839505092,0.0
2024-12-16 04:00:00,2024-12-15 04:00:00,0.10158087369033822,0.0
2024-12-16 05:00:00,2024-12-15 05:00:00,0.10158087369033822,0.0
2024-12-16 06:00:00,2024-12-15 06:00:00,0.10158087369033822,0.0
2024-12-16 07:00:00,2024-12-15 07:00:00,0.10158087369033822,0.0
2024-12-16 08:00:00,2024-12-15 08:00:00,0.10158087369033822,0.0
2024-12-16 09:00:00,2024-12-15 09:00:00,55.85955588915475,56.0
2024-12-16 10:00:00,2024-12-15 10:00:00,182.19124890545487,162.0
2024-12-16 11:00:00,2024-12-15 11:00:00,326.9712368288654,249.0
2024-12-16 12:00:00,2024-12-15 12:00:00,422.80813450971954,267.0
2024-12-16 13:00:00,2024-12-15 13:00:00,483.07497006236764,225.0
2024-12-16 14:00:00,2024-12-15 14:00:00,372.1914602239265,175.0
2024-12-16 15:00:00,2024-12-15 15:00:00,210.69441676724122,148.0
2024-12-16 16:00:00,2024-12-15 16:00:00,154.93048469478705,119.0
2024-12-16 17:00:00,2024-12-15 17:00:00,111.01878878058217,72.0
2024-12-16 18:00:00,2024-12-15 18:00:00,10.860530952595232,12.0
2024-12-16 19:00:00,2024-12-15 19:00:00,0.1567712316226154,0.0
2024-12-16 20:00:00,2024-12-15 20:00:00,0.1567712316226154,0.0
2024-12-16 21:00:00,2024-12-15 21:00:00,0.22213358029228997,0.0
2024-12-16 22:00:00,2024-12-15 22:00:00,0.3191799377600291,0.0
2024-12-16 23:00:00,2024-12-15 23:00:00,0.3191799377600291,0.0
2024-12-17 00:00:00,2024-12-16 00:00:00,0.26398957982775195,0.0
2024-12-17 01:00:00,2024-12-16 01:00:00,0.07384913144811656,0.0
2024-12-17 02:00:00,2024-12-16 02:00:00,0.2039311588227105,0.0
2024-12-17 03:00:00,2024-12-16 03:00:00,0.07384913144811656,0.0
2024-12-17 04:00:00,2024-12-16 04:00:00,0.2039311588227105,0.0
2024-12-17 05:00:00,2024-12-16 05:00:00,0.2039311588227105,0.0
2024-12-17 06:00:00,2024-12-16 06:00:00,0.3940716072023458,0.0
2024-12-17 07:00:00,2024-12-16 07:00:00,0.3940716072023458,0.0
2024-12-17 08:00:00,2024-12-16 08:00:00,0.26398957982775195,0.0
2024-12-17 09:00:00,2024-12-16 09:00:00,61.41127081283907,67.0
2024-12-17 10:00:00,2024-12-16 10:00:00,200.89433517110007,211.0
2024-12-17 11:00:00,2024-12-16 11:00:00,345.4238293398013,356.0
2024-12-17 12:00:00,2024-12-16 12:00:00,437.0540739731025,458.0
2024-12-17 13:00:00,2024-12-16 13:00:00,492.44228288786496,504.0
2024-12-17 14:00:00,2024-12-16 14:00:00,482.6853432003455,488.0
2024-12-17 15:00:00,2024-12-16 15:00:00,314.7132211972378,406.0
2024-12-17 16:00:00,2024-12-16 16:00:00,218.81022342960927,282.0
2024-12-17 17:00:00,2024-12-16 17:00:00,108.06708628748932,150.0
2024-12-17 18:00:00,2024-12-16 18:00:00,12.71850059569723,26.0
2024-12-17 19:00:00,2024-12-16 19:00:00,0.3191799377600291,0.0
2024-12-17 20:00:00,2024-12-16 20:00:00,0.3191799377600291,0.0
2024-12-17 21:00:00,2024-12-16 21:00:00,0.27004489264156417,0.0
2024-12-17 22:00:00,2024-12-16 22:00:00,0.3191799377600291,0.0
2024-12-17 23:00:00,2024-12-16 23:00:00,0.3191799377600291,0.0
2024-12-18 00:00:00,2024-12-17 00:00:00,0.26398957982775195,0.0
2024-12-18 01:00:00,2024-12-17 01:00:00,0.07384913144811656,0.0
2024-12-18 02:00:00,2024-12-17 02:00:00,0.07384913144811656,0.0
2024-12-18 03:00:00,2024-12-17 03:00:00,0.07384913144811656,0.0
2024-12-18 04:00:00,2024-12-17 04:00:00,0.07384913144811656,0.0
2024-12-18 05:00:00,2024-12-17 05:00:00,0.07384913144811656,0.0
2024-12-18 06:00:00,2024-12-17 06:00:00,0.07384913144811656,0.0
2024-12-18 07:00:00,2024-12-17 07:00:00,0.07384913144811656,0.0
2024-12-18 08:00:00,2024-12-17 08:00:00,0.07384913144811656,0.0
2024-12-18 09:00:00,2024-12-17 09:00:00,62.3009696225924,69.0
2024-12-18 10:00:00,2024-12-17 10:00:00,199.0019176406623,217.0
2024-12-18 11:00:00,2024-12-17 11:00:00,347.38438271448,364.0
2024-12-18 12:00:00,2024-12-17 12:00:00,451.92630174747313,469.0
2024-12-18 13:00:00,2024-12-17 13:00:00,515.2711992252213,517.0
2024-12-18 14:00:00,2024-12-17 14:00:00,479.04800557255277,500.0
2024-12-18 15:00:00,2024-12-17 15:00:00,347.7332024418641,416.0
2024-12-18 16:00:00,2024-12-17 16:00:00,207.33110386291673,288.0
2024-12-18 17:00:00,2024-12-17 17:00:00,109.6345244259497,153.0
2024-12-18 18:00:00,2024-12-17 18:00:00,18.168018237639576,27.0
2024-12-18 19:00:00,2024-12-17 19:00:00,0.07990444426192878,0.0
2024-12-18 20:00:00,2024-12-17 20:00:00,0.07990444426192878,0.0
2024-12-18 21:00:00,2024-12-17 21:00:00,0.07990444426192878,0.0
2024-12-18 22:00:00,2024-12-17 22:00:00,0.07990444426192878,0.0
2024-12-18 23:00:00,2024-12-17 23:00:00,0.07990444426192878,0.0
2024-12-19 00:00:00,2024-12-18 00:00:00,0.07384913144811656,0.0
2024-12-19 01:00:00,2024-12-18 01:00:00,0.07384913144811656,0.0
2024-12-19 02:00:00,2024-12-18 02:00:00,0.07384913144811656,0.0
2024-12-19 03:00:00,2024-12-18 03:00:00,0.07384913144811656,0.0
2024-12-19 04:00:00,2024-12-18 04:00:00,0.07384913144811656,0.0
2024-12-19 05:00:00,2024-12-18 05:00:00,0.07384913144811656,0.0
2024-12-19 06:00:00,2024-12-18 06:00:00,0.26398957982775195,0.0
2024-12-19 07:00:00,2024-12-18 07:00:00,0.037483569031876225,0.0
2024-12-19 08:00:00,2024-12-18 08:00:00,0.037483569031876225,0.0
2024-12-19 09:00:00,2024-12-18 09:00:00,62.7121723538023,65.0
2024-12-19 10:00:00,2024-12-18 10:00:00,201.73823925474318,203.0
2024-12-19 11:00:00,2024-12-18 11:00:00,351.56046116979326,337.0
2024-12-19 12:00:00,2024-12-18 12:00:00,472.1568597523138,430.0
2024-12-19 13:00:00,2024-12-18 13:00:00,517.9179111713431,469.0
2024-12-19 14:00:00,2024-12-18 14:00:00,508.10197251071486,455.0
2024-12-19 15:00:00,2024-12-18 15:00:00,388.6191736127912,387.0
2024-12-19 16:00:00,2024-12-18 16:00:00,237.4454263184154,279.0
2024-12-19 17:00:00,2024-12-18 17:00:00,137.11749229063767,154.0
2024-12-19 18:00:00,2024-12-18 18:00:00,17.613943417722744,28.0
2024-12-19 19:00:00,2024-12-18 19:00:00,0.22213358029228997,0.0
2024-12-19 20:00:00,2024-12-18 20:00:00,0.1567712316226154,0.0
2024-12-19 21:00:00,2024-12-18 21:00:00,0.1567712316226154,0.0
2024-12-19 22:00:00,2024-12-18 22:00:00,0.1567712316226154,0.0
2024-12-19 23:00:00,2024-12-18 23:00:00,0.1567712316226154,0.0
2024-12-20 00:00:00,2024-12-19 00:00:00,0.10158087369033822,0.0
2024-12-20 01:00:00,2024-12-19 01:00:00,0.10158087369033822,0.0
2024-12-20 02:00:00,2024-12-19 02:00:00,0.26398957982775195,0.0
2024-12-20 03:00:00,2024-12-19 03:00:00,0.07384913144811656,0.0
2024-12-20 04:00:00,2024-12-19 04:00:00,0.26398957982775195,0.0
2024-12-20 05:00:00,2024-12-19 05:00:00,0.26398957982775195,0.0
2024-12-20 06:00:00,2024-12-19 06:00:00,0.26398957982775195,0.0
2024-12-20 07:00:00,2024-12-19 07:00:00,0.16694322236001283,0.0
2024-12-20 08:00:00,2024-12-19 08:00:00,0.26398957982775195,0.0
2024-12-20 09:00:00,2024-12-19 09:00:00,63.23297515843139,66.0
2024-12-20 10:00:00,2024-12-19 10:00:00,210.78811124294415,213.0
2024-12-20 11:00:00,2024-12-19 11:00:00,362.0254768558144,360.0
2024-12-20 12:00:00,2024-12-19 12:00:00,478.6635525721778,465.0
2024-12-20 13:00:00,2024-12-19 13:00:00,505.51187561932784,515.0
2024-12-20 14:00:00,2024-12-19 14:00:00,506.94802219562786,502.0
2024-12-20 15:00:00,2024-12-19 15:00:00,424.10831504406974,426.0
2024-12-20 16:00:00,2024-12-19 16:00:00,299.6404631605952,304.0
2024-12-20 17:00:00,2024-12-19 17:00:00,148.84504248094828,166.0
2024-12-20 18:00:00,2024-12-19 18:00:00,20.07293329375108,30.0
2024-12-20 19:00:00,2024-12-19 19:00:00,0.20998647163652273,0.0
2024-12-20 20:00:00,2024-12-19 20:00:00,0.44926196513462296,0.0
2024-12-20 21:00:00,2024-12-19 21:00:00,0.44926196513462296,0.0
2024-12-20 22:00:00,2024-12-19 22:00:00,0.27004489264156417,0.0
2024-12-20 23:00:00,2024-12-19 23:00:00,0.3191799377600291,0.0
2024-12-21 00:00:00,2024-12-20 00:00:00,0.26398957982775195,0.0
2024-12-21 01:00:00,2024-12-20 01:00:00,0.3940716072023458,0.0
2024-12-21 02:00:00,2024-12-20 02:00:00,0.3940716072023458,0.0
2024-12-21 03:00:00,2024-12-20 03:00:00,0.3940716072023458,0.0
2024-12-21 04:00:00,2024-12-20 04:00:00,0.3940716072023458,0.0
2024-12-21 05:00:00,2024-12-20 05:00:00,0.2766363341234544,0.0
2024-12-21 06:00:00,2024-12-20 06:00:00,0.037483569031876225,0.0
2024-12-21 07:00:00,2024-12-20 07:00:00,0.26398957982775195,0.0
2024-12-21 08:00:00,2024-12-20 08:00:00,0.26398957982775195,0.0
2024-12-21 09:00:00,2024-12-20 09:00:00,54.976535905688614,42.0
2024-12-21 10:00:00,2024-12-20 10:00:00,182.0867824278551,111.0
2024-12-21 11:00:00,2024-12-20 11:00:00,248.9663905348114,163.0
2024-12-21 12:00:00,2024-12-20 12:00:00,262.0018643836854,192.0
2024-12-21 13:00:00,2024-12-20 13:00:00,253.70010196094165,198.0
2024-12-21 14:00:00,2024-12-20 14:00:00,249.2920562831013,185.0
2024-12-21 15:00:00,2024-12-20 15:00:00,214.49756645053188,156.0
2024-12-21 16:00:00,2024-12-20 16:00:00,200.93774686560084,115.0
2024-12-21 17:00:00,2024-12-20 17:00:00,88.80342868956055,65.0
2024-12-21 18:00:00,2024-12-20 18:00:00,16.654624767817538,12.0
2024-12-21 19:00:00,2024-12-20 19:00:00,0.0,0.0
2024-12-21 20:00:00,2024-12-20 20:00:00,0.0,0.0
2024-12-21 21:00:00,2024-12-20 21:00:00,0.0,0.0
2024-12-21 22:00:00,2024-12-20 22:00:00,0.0,0.0
2024-12-21 23:00:00,2024-12-20 23:00:00,0.0,0.0
2024-12-22 00:00:00,2024-12-21 00:00:00,0.14655430674886044,0.0
2024-12-22 01:00:00,2024-12-21 01:00:00,0.037483569031876225,0.0
2024-12-22 02:00:00,2024-12-21 02:00:00,0.037483569031876225,0.0
2024-12-22 03:00:00,2024-12-21 03:00:00,0.26398957982775195,0.0
2024-12-22 04:00:00,2024-12-21 04:00:00,0.26398957982775195,0.0
2024-12-22 05:00:00,2024-12-21 05:00:00,0.26398957982775195,0.0
2024-12-22 06:00:00,2024-12-21 06:00:00,0.26398957982775195,0.0
2024-12-22 07:00:00,2024-12-21 07:00:00,0.3940716072023458,0.0
2024-12-22 08:00:00,2024-12-21 08:00:00,0.26398957982775195,0.0
2024-12-22 09:00:00,2024-12-21 09:00:00,54.87403484380253,67.0
2024-12-22 10:00:00,2024-12-21 10:00:00,191.2493189097846,212.0
2024-12-22 11:00:00,2024-12-21 11:00:00,345.75857087702497,353.0
2024-12-22 12:00:00,2024-12-21 12:00:00,485.1379534927338,456.0
2024-12-22 13:00:00,2024-12-21 13:00:00,501.3980584727996,508.0
2024-12-22 14:00:00,2024-12-21 14:00:00,513.1223380285506,490.0
2024-12-22 15:00:00,2024-12-21 15:00:00,396.4941428692919,392.0
2024-12-22 16:00:00,2024-12-21 16:00:00,278.77982719186906,255.0
2024-12-22 17:00:00,2024-12-21 17:00:00,132.7452204416261,129.0
2024-12-22 18:00:00,2024-12-21 18:00:00,17.160801430821902,24.0
2024-12-22 19:00:00,2024-12-21 19:00:00,0.2868532589972094,0.0
2024-12-22 20:00:00,2024-12-21 20:00:00,0.33182669205573156,0.0
2024-12-22 21:00:00,2024-12-21 21:00:00,0.1567712316226154,0.0
2024-12-22 22:00:00,2024-12-21 22:00:00,0.1567712316226154,0.0
2024-12-22 23:00:00,2024-12-21 23:00:00,0.35221560766688387,0.0
2024-12-23 00:00:00,2024-12-22 00:00:00,0.2970252497346067,0.0
2024-12-23 01:00:00,2024-12-22 01:00:00,0.10158087369033822,0.0
2024-12-23 02:00:00,2024-12-22 02:00:00,0.10158087369033822,0.0
2024-12-23 03:00:00,2024-12-22 03:00:00,0.10158087369033822,0.0
2024-12-23 04:00:00,2024-12-22 04:00:00,0.09785273528083459,0.0
2024-12-23 05:00:00,2024-12-22 05:00:00,0.10158087369033822,0.0
2024-12-23 06:00:00,2024-12-22 06:00:00,0.10158087369033822,0.0
2024-12-23 07:00:00,2024-12-22 07:00:00,0.10158087369033822,0.0
2024-12-23 08:00:00,2024-12-22 08:00:00,0.10158087369033822,0.0
2024-12-23 09:00:00,2024-12-22 09:00:00,28.20446590542009,37.0
2024-12-23 10:00:00,2024-12-22 10:00:00,122.34748370503287,95.0
2024-12-23 11:00:00,2024-12-22 11:00:00,181.2223818312682,146.0
2024-12-23 12:00:00,2024-12-22 12:00:00,235.32605625462125,219.0
2024-12-23 13:00:00,2024-12-22 13:00:00,296.5674581594671,298.0
2024-12-23 14:00:00,2024-12-22 14:00:00,244.4825205887544,331.0
2024-12-23 15:00:00,2024-12-22 15:00:00,172.96429230657478,289.0
2024-12-23 16:00:00,2024-12-22 16:00:00,175.48844631175464,205.0
2024-12-23 17:00:00,2024-12-22 17:00:00,92.19464906370975,112.0
2024-12-23 18:00:00,2024-12-22 18:00:00,13.30874875590444,22.0
2024-12-23 19:00:00,2024-12-22 19:00:00,0.44926196513462296,0.0
2024-12-23 20:00:00,2024-12-22 20:00:00,0.44926196513462296,0.0
2024-12-23 21:00:00,2024-12-22 21:00:00,0.44926196513462296,0.0
2024-12-23 22:00:00,2024-12-22 22:00:00,0.44926196513462296,0.0
2024-12-23 23:00:00,2024-12-22 23:00:00,0.44926196513462296,0.0
2024-12-24 00:00:00,2024-12-23 00:00:00,0.2039311588227105,0.0
2024-12-24 01:00:00,2024-12-23 01:00:00,0.3940716072023458,0.0
2024-12-24 02:00:00,2024-12-23 02:00:00,0.3940716072023458,0.0
2024-12-24 03:00:00,2024-12-23 03:00:00,0.3940716072023458,0.0
2024-12-24 04:00:00,2024-12-23 04:00:00,0.3940716072023458,0.0
2024-12-24 05:00:00,2024-12-23 05:00:00,0.3940716072023458,0.0
2024-12-24 06:00:00,2024-12-23 06:00:00,0.3940716072023458,0.0
2024-12-24 07:00:00,2024-12-23 07:00:00,0.3940716072023458,0.0
2024-12-24 08:00:00,2024-12-23 08:00:00,0.3940716072023458,0.0
2024-12-24 09:00:00,2024-12-23 09:00:00,59.558994266721356,53.0
2024-12-24 10:00:00,2024-12-23 10:00:00,191.87005700961168,143.0
2024-12-24 11:00:00,2024-12-23 11:00:00,326.0686838609353,213.0
2024-12-24 12:00:00,2024-12-23 12:00:00,400.27737450732536,260.0
2024-12-24 13:00:00,2024-12-23 13:00:00,416.8299144881838,283.0
2024-12-24 14:00:00,2024-12-23 14:00:00,281.8272082253661,282.0
2024-12-24 15:00:00,2024-12-23 15:00:00,290.07809591132974,260.0
2024-12-24 16:00:00,2024-12-23 16:00:00,213.5167955977405,211.0
2024-12-24 17:00:00,2024-12-23 17:00:00,86.38305815116962,128.0
2024-12-24 18:00:00,2024-12-23 18:00:00,9.902570371927162,26.0
2024-12-24 19:00:00,2024-12-23 19:00:00,0.3191799377600291,0.0
2024-12-24 20:00:00,2024-12-23 20:00:00,0.3191799377600291,0.0
2024-12-24 21:00:00,2024-12-23 21:00:00,0.3191799377600291,0.0
2024-12-24 22:00:00,2024-12-23 22:00:00,0.3191799377600291,0.0
2024-12-24 23:00:00,2024-12-23 23:00:00,0.3191799377600291,0.0
2024-12-25 00:00:00,2024-12-24 00:00:00,0.26398957982775195,0.0
2024-12-25 01:00:00,2024-12-24 01:00:00,0.26398957982775195,0.0
2024-12-25 02:00:00,2024-12-24 02:00:00,0.26398957982775195,0.0
2024-12-25 03:00:00,2024-12-24 03:00:00,0.26398957982775195,0.0
2024-12-25 04:00:00,2024-12-24 04:00:00,0.26398957982775195,0.0
2024-12-25 05:00:00,2024-12-24 05:00:00,0.26398957982775195,0.0
2024-12-25 06:00:00,2024-12-24 06:00:00,0.26398957982775195,0.0
2024-12-25 07:00:00,2024-12-24 07:00:00,0.26398957982775195,0.0
2024-12-25 08:00:00,2024-12-24 08:00:00,0.26398957982775195,0.0
2024-12-25 09:00:00,2024-12-24 09:00:00,40.19907474761903,58.0
2024-12-25 10:00:00,2024-12-24 10:00:00,157.47617550946717,192.0
2024-12-25 11:00:00,2024-12-24 11:00:00,251.67271519198312,317.0
2024-12-25 12:00:00,2024-12-24 12:00:00,299.609273030101,390.0
2024-12-25 13:00:00,2024-12-24 13:00:00,360.88098390033963,402.0
2024-12-25 14:00:00,2024-12-24 14:00:00,339.6683873436192,357.0
2024-12-25 15:00:00,2024-12-24 15:00:00,177.24376004855336,257.0
2024-12-25 16:00:00,2024-12-24 16:00:00,134.3007651140784,142.0
2024-12-25 17:00:00,2024-12-24 17:00:00,79.79335886889935,60.0
2024-12-25 18:00:00,2024-12-24 18:00:00,14.521413202091518,11.0
2024-12-25 19:00:00,2024-12-24 19:00:00,0.09267392696415336,0.0
2024-12-25 20:00:00,2024-12-24 20:00:00,0.3191799377600291,0.0
2024-12-25 21:00:00,2024-12-24 21:00:00,0.1567712316226154,0.0
2024-12-25 22:00:00,2024-12-24 22:00:00,0.1567712316226154,0.0
2024-12-25 23:00:00,2024-12-24 23:00:00,0.1567712316226154,0.0
2024-12-26 00:00:00,2024-12-25 00:00:00,0.10158087369033822,0.0
2024-12-26 01:00:00,2024-12-25 01:00:00,0.09785273528083459,0.0
2024-12-26 02:00:00,2024-12-25 02:00:00,0.10158087369033822,0.0
2024-12-26 03:00:00,2024-12-25 03:00:00,0.26398957982775195,0.0
2024-12-26 04:00:00,2024-12-25 04:00:00,0.10158087369033822,0.0
2024-12-26 05:00:00,2024-12-25 05:00:00,0.10158087369033822,0.0
2024-12-26 06:00:00,2024-12-25 06:00:00,0.10158087369033822,0.0
2024-12-26 07:00:00,2024-12-25 07:00:00,0.0,0.0
2024-12-26 08:00:00,2024-12-25 08:00:00,0.26398957982775195,0.0
2024-12-26 09:00:00,2024-12-25 09:00:00,33.572887400961875,36.0
2024-12-26 10:00:00,2024-12-25 10:00:00,153.2848726977576,139.0
2024-12-26 11:00:00,2024-12-25 11:00:00,279.47022646323444,248.0
2024-12-26 12:00:00,2024-12-25 12:00:00,309.29008979155645,306.0
2024-12-26 13:00:00,2024-12-25 13:00:00,337.74134521307053,309.0
2024-12-26 14:00:00,2024-12-25 14:00:00,333.7462560177533,289.0
2024-12-26 15:00:00,2024-12-25 15:00:00,253.79264104134248,263.0
2024-12-26 16:00:00,2024-12-25 16:00:00,174.46575125135428,214.0
2024-12-26 17:00:00,2024-12-25 17:00:00,84.31147521453053,131.0
2024-12-26 18:00:00,2024-12-25 18:00:00,13.75384497030386,28.0
2024-12-26 19:00:00,2024-12-25 19:00:00,0.2868532589972094,0.0
2024-12-26 20:00:00,2024-12-25 20:00:00,0.2868532589972094,0.0
2024-12-26 21:00:00,2024-12-25 21:00:00,0.1567712316226154,0.0
2024-12-26 22:00:00,2024-12-25 22:00:00,0.2868532589972094,0.0
2024-12-26 23:00:00,2024-12-25 23:00:00,0.1567712316226154,0.0
2024-12-27 00:00:00,2024-12-26 00:00:00,0.10158087369033822,0.0
2024-12-27 01:00:00,2024-12-26 01:00:00,0.23166290106493223,0.0
2024-12-27 02:00:00,2024-12-26 02:00:00,0.23166290106493223,0.0
2024-12-27 03:00:00,2024-12-26 03:00:00,0.23166290106493223,0.0
2024-12-27 04:00:00,2024-12-26 04:00:00,0.23166290106493223,0.0
2024-12-27 05:00:00,2024-12-26 05:00:00,0.23166290106493223,0.0
2024-12-27 06:00:00,2024-12-26 06:00:00,0.23166290106493223,0.0
2024-12-27 07:00:00,2024-12-26 07:00:00,0.10158087369033822,0.0
2024-12-27 08:00:00,2024-12-26 08:00:00,0.23166290106493223,0.0
2024-12-27 09:00:00,2024-12-26 09:00:00,36.47443282651862,44.0
2024-12-27 10:00:00,2024-12-26 10:00:00,141.71075149842247,158.0
2024-12-27 11:00:00,2024-12-26 11:00:00,294.2350627625024,278.0
2024-12-27 12:00:00,2024-12-26 12:00:00,414.8976140269322,361.0
2024-12-27 13:00:00,2024-12-26 13:00:00,478.70535077082667,397.0
2024-12-27 14:00:00,2024-12-26 14:00:00,457.4754891828556,391.0
2024-12-27 15:00:00,2024-12-26 15:00:00,382.6254540608028,345.0
2024-12-27 16:00:00,2024-12-26 16:00:00,264.3793554360856,261.0
2024-12-27 17:00:00,2024-12-26 17:00:00,118.6599121902233,153.0
2024-12-27 18:00:00,2024-12-26 18:00:00,13.940629123627547,33.0
2024-12-27 19:00:00,2024-12-26 19:00:00,0.44926196513462296,0.0
2024-12-27 20:00:00,2024-12-26 20:00:00,0.07990444426192878,0.0
2024-12-27 21:00:00,2024-12-26 21:00:00,0.20998647163652273,0.0
2024-12-27 22:00:00,2024-12-26 22:00:00,0.20998647163652273,0.0
2024-12-27 23:00:00,2024-12-26 23:00:00,0.07990444426192878,0.0
2024-12-28 00:00:00,2024-12-27 00:00:00,0.07384913144811656,0.0
2024-12-28 01:00:00,2024-12-27 01:00:00,0.2039311588227105,0.0
2024-12-28 02:00:00,2024-12-27 02:00:00,0.2039311588227105,0.0
2024-12-28 03:00:00,2024-12-27 03:00:00,0.2039311588227105,0.0
2024-12-28 04:00:00,2024-12-27 04:00:00,0.3940716072023458,0.0
2024-12-28 05:00:00,2024-12-27 05:00:00,0.3940716072023458,0.0
2024-12-28 06:00:00,2024-12-27 06:00:00,0.23166290106493223,0.0
2024-12-28 07:00:00,2024-12-27 07:00:00,0.23166290106493223,0.0
2024-12-28 08:00:00,2024-12-27 08:00:00,0.23166290106493223,0.0
2024-12-28 09:00:00,2024-12-27 09:00:00,45.11188148854921,58.0
2024-12-28 10:00:00,2024-12-27 10:00:00,171.18446968956286,195.0
2024-12-28 11:00:00,2024-12-27 11:00:00,234.49870910036958,328.0
2024-12-28 12:00:00,2024-12-27 12:00:00,309.37259527059746,418.0
2024-12-28 13:00:00,2024-12-27 13:00:00,423.2822836419168,456.0
2024-12-28 14:00:00,2024-12-27 14:00:00,409.19446490128945,438.0
2024-12-28 15:00:00,2024-12-27 15:00:00,301.2827420204986,365.0
2024-12-28 16:00:00,2024-12-27 16:00:00,225.40113495723344,257.0
2024-12-28 17:00:00,2024-12-27 17:00:00,112.41834565585093,142.0
2024-12-28 18:00:00,2024-12-27 18:00:00,18.56205005919021,30.0
2024-12-28 19:00:00,2024-12-27 19:00:00,0.3191799377600291,0.0
2024-12-28 20:00:00,2024-12-27 20:00:00,0.3191799377600291,0.0
2024-12-28 21:00:00,2024-12-27 21:00:00,0.3191799377600291,0.0
2024-12-28 22:00:00,2024-12-27 22:00:00,0.3191799377600291,0.0
2024-12-28 23:00:00,2024-12-27 23:00:00,0.3191799377600291,0.0
2024-12-29 00:00:00,2024-12-28 00:00:00,0.26398957982775195,0.0
2024-12-29 01:00:00,2024-12-28 01:00:00,0.26398957982775195,0.0
2024-12-29 02:00:00,2024-12-28 02:00:00,0.26398957982775195,0.0
2024-12-29 03:00:00,2024-12-28 03:00:00,0.26398957982775195,0.0
2024-12-29 04:00:00,2024-12-28 04:00:00,0.26398957982775195,0.0
2024-12-29 05:00:00,2024-12-28 05:00:00,0.14655430674886044,0.0
2024-12-29 06:00:00,2024-12-28 06:00:00,0.10158087369033822,0.0
2024-12-29 07:00:00,2024-12-28 07:00:00,0.2970252497346067,0.0
2024-12-29 08:00:00,2024-12-28 08:00:00,0.23166290106493223,0.0
2024-12-29 09:00:00,2024-12-28 09:00:00,29.547305712799833,34.0
2024-12-29 10:00:00,2024-12-28 10:00:00,124.54815688023119,125.0
2024-12-29 11:00:00,2024-12-28 11:00:00,213.79555901352057,229.0
2024-12-29 12:00:00,2024-12-28 12:00:00,329.7598821684823,326.0
2024-12-29 13:00:00,2024-12-28 13:00:00,408.76622966135835,398.0
2024-12-29 14:00:00,2024-12-28 14:00:00,378.96914629263125,408.0
2024-12-29 15:00:00,2024-12-28 15:00:00,386.47261099582784,334.0
2024-12-29 16:00:00,2024-12-28 16:00:00,257.6768385025751,219.0
2024-12-29 17:00:00,2024-12-28 17:00:00,138.63122399999878,113.0
2024-12-29 18:00:00,2024-12-28 18:00:00,23.323182179310994,24.0
2024-12-29 19:00:00,2024-12-28 19:00:00,0.3191799377600291,0.0
2024-12-29 20:00:00,2024-12-28 20:00:00,0.07990444426192878,0.0
2024-12-29 21:00:00,2024-12-28 21:00:00,0.27004489264156417,0.0
2024-12-29 22:00:00,2024-12-28 22:00:00,0.3191799377600291,0.0
2024-12-29 23:00:00,2024-12-28 23:00:00,0.3191799377600291,0.0
2024-12-30 00:00:00,2024-12-29 00:00:00,0.26398957982775195,0.0
2024-12-30 01:00:00,2024-12-29 01:00:00,0.26398957982775195,0.0
2024-12-30 02:00:00,2024-12-29 02:00:00,0.26398957982775195,0.0
2024-12-30 03:00:00,2024-12-29 03:00:00,0.10158087369033822,0.0
2024-12-30 04:00:00,2024-12-29 04:00:00,0.14655430674886044,0.0
2024-12-30 05:00:00,2024-12-29 05:00:00,0.26398957982775195,0.0
2024-12-30 06:00:00,2024-12-29 06:00:00,0.23166290106493223,0.0
2024-12-30 07:00:00,2024-12-29 07:00:00,0.3940716072023458,0.0
2024-12-30 08:00:00,2024-12-29 08:00:00,0.2970252497346067,0.0
2024-12-30 09:00:00,2024-12-29 09:00:00,39.88246979272567,49.0
2024-12-30 10:00:00,2024-12-29 10:00:00,177.17906033368567,170.0
2024-12-30 11:00:00,2024-12-29 11:00:00,275.64162206626077,294.0
2024-12-30 12:00:00,2024-12-29 12:00:00,362.1930984560341,389.0
2024-12-30 13:00:00,2024-12-29 13:00:00,380.19763013761826,441.0
2024-12-30 14:00:00,2024-12-29 14:00:00,438.017511338433,439.0
2024-12-30 15:00:00,2024-12-29 15:00:00,351.72985221593325,375.0
2024-12-30 16:00:00,2024-12-29 16:00:00,194.59446631549778,270.0
2024-12-30 17:00:00,2024-12-29 17:00:00,121.7868315109316,152.0
2024-12-30 18:00:00,2024-12-29 18:00:00,21.752002639759876,34.0
2024-12-30 19:00:00,2024-12-29 19:00:00,0.3191799377600291,0.0
2024-12-30 20:00:00,2024-12-29 20:00:00,0.3191799377600291,0.0
2024-12-30 21:00:00,2024-12-29 21:00:00,0.07990444426192878,0.0
2024-12-30 22:00:00,2024-12-29 22:00:00,0.07990444426192878,0.0
2024-12-30 23:00:00,2024-12-29 23:00:00,0.3191799377600291,0.0
2024-12-31 00:00:00,2024-12-30 00:00:00,0.07384913144811656,0.0
2024-12-31 01:00:00,2024-12-30 01:00:00,0.10158087369033822,0.0
2024-12-31 02:00:00,2024-12-30 02:00:00,0.10158087369033822,0.0
2024-12-31 03:00:00,2024-12-30 03:00:00,0.26398957982775195,0.0
2024-12-31 04:00:00,2024-12-30 04:00:00,0.26398957982775195,0.0
2024-12-31 05:00:00,2024-12-30 05:00:00,0.3940716072023458,0.0
2024-12-31 06:00:00,2024-12-30 06:00:00,0.3940716072023458,0.0
2024-12-31 07:00:00,2024-12-30 07:00:00,0.26398957982775195,0.0
2024-12-31 08:00:00,2024-12-30 08:00:00,0.07384913144811656,0.0
2024-12-31 09:00:00,2024-12-30 09:00:00,41.717067523801,44.0
2024-12-31 10:00:00,2024-12-30 10:00:00,154.64432337127,161.0
2024-12-31 11:00:00,2024-12-30 11:00:00,305.2946584137115,285.0
2024-12-31 12:00:00,2024-12-30 12:00:00,424.11044877114387,377.0
2024-12-31 13:00:00,2024-12-30 13:00:00,504.24899235175906,425.0
2024-12-31 14:00:00,2024-12-30 14:00:00,453.27396907200034,420.0
2024-12-31 15:00:00,2024-12-30 15:00:00,384.5654426791601,358.0
2024-12-31 16:00:00,2024-12-30 16:00:00,239.94775308563996,258.0
2024-12-31 17:00:00,2024-12-30 17:00:00,149.39557060133762,146.0
2024-12-31 18:00:00,2024-12-30 18:00:00,22.31994931210938,34.0
2024-12-31 19:00:00,2024-12-30 19:00:00,0.07990444426192878,0.0
2024-12-31 20:00:00,2024-12-30 20:00:00,0.07990444426192878,0.0
2024-12-31 21:00:00,2024-12-30 21:00:00,0.07990444426192878,0.0
2024-12-31 22:00:00,2024-12-30 22:00:00,0.07990444426192878,0.0
2024-12-31 23:00:00,2024-12-30 23:00:00,0.07990444426192878,0.0
2025-01-01 00:00:00,2024-12-31 00:00:00,0.07384913144811656,0.0
2025-01-01 01:00:00,2024-12-31 01:00:00,0.2039311588227105,0.0
2025-01-01 02:00:00,2024-12-31 02:00:00,0.2039311588227105,0.0
2025-01-01 03:00:00,2024-12-31 03:00:00,0.2039311588227105,0.0
2025-01-01 04:00:00,2024-12-31 04:00:00,0.2039311588227105,0.0
2025-01-01 05:00:00,2024-12-31 05:00:00,0.2039311588227105,0.0
2025-01-01 06:00:00,2024-12-31 06:00:00,0.2039311588227105,0.0
2025-01-01 07:00:00,2024-12-31 07:00:00,0.2039311588227105,0.0
2025-01-01 08:00:00,2024-12-31 08:00:00,0.2039311588227105,0.0
2025-01-01 09:00:00,2024-12-31 09:00:00,55.91776118137497,59.0
2025-01-01 10:00:00,2024-12-31 10:00:00,194.51009968924123,207.0
2025-01-01 11:00:00,2024-12-31 11:00:00,352.8276850249037,358.0
2025-01-01 12:00:00,2024-12-31 12:00:00,425.7072038643795,468.0
2025-01-01 13:00:00,2024-12-31 13:00:00,475.9435874721514,523.0
2025-01-01 14:00:00,2024-12-31 14:00:00,471.25975820938834,517.0
2025-01-01 15:00:00,2024-12-31 15:00:00,413.58436220919424,443.0
2025-01-01 16:00:00,2024-12-31 16:00:00,298.8975958657974,323.0
2025-01-01 17:00:00,2024-12-31 17:00:00,167.0008590175721,186.0
2025-01-01 18:00:00,2024-12-31 18:00:00,28.74998264191956,44.0
2025-01-01 19:00:00,2024-12-31 19:00:00,0.07990444426192878,0.0
2025-01-01 20:00:00,2024-12-31 20:00:00,0.07990444426192878,0.0
2025-01-01 21:00:00,2024-12-31 21:00:00,0.07990444426192878,0.0
2025-01-01 22:00:00,2024-12-31 22:00:00,0.07990444426192878,0.0
2025-01-01 23:00:00,2024-12-31 23:00:00,0.07990444426192878,0.0
2025-01-02 00:00:00,2025-01-01 00:00:00,0.36118965863087765,0.0
2025-01-02 01:00:00,2025-01-01 01:00:00,0.36118965863087765,0.0
2025-01-02 02:00:00,2025-01-01 02:00:00,0.36118965863087765,0.0
2025-01-02 03:00:00,2025-01-01 03:00:00,0.36118965863087765,0.0
2025-01-02 04:00:00,2025-01-01 04:00:00,0.36118965863087765,0.0
2025-01-02 05:00:00,2025-01-01 05:00:00,0.36118965863087765,0.0
2025-01-02 06:00:00,2025-01-01 06:00:00,0.36118965863087765,0.0
2025-01-02 07:00:00,2025-01-01 07:00:00,0.36118965863087765,0.0
2025-01-02 08:00:00,2025-01-01 08:00:00,0.36118965863087765,0.0
2025-01-02 09:00:00,2025-01-01 09:00:00,54.49752684555192,59.0
2025-01-02 10:00:00,2025-01-01 10:00:00,188.8753077143808,206.0
2025-01-02 11:00:00,2025-01-01 11:00:00,344.23947449069794,355.0
2025-01-02 12:00:00,2025-01-01 12:00:00,450.7227416947256,467.0
2025-01-02 13:00:00,2025-01-01 13:00:00,520.4059344772562,528.0
2025-01-02 14:00:00,2025-01-01 14:00:00,505.6255885067643,525.0
2025-01-02 15:00:00,2025-01-01 15:00:00,427.6900653149385,452.0
2025-01-02 16:00:00,2025-01-01 16:00:00,331.9153465060874,330.0
2025-01-02 17:00:00,2025-01-01 17:00:00,172.19857021603414,191.0
2025-01-02 18:00:00,2025-01-01 18:00:00,27.553739923038336,47.0
2025-01-02 19:00:00,2025-01-01 19:00:00,0.40731899261401194,0.0
2025-01-02 20:00:00,2025-01-01 20:00:00,0.40731899261401194,0.0
2025-01-02 21:00:00,2025-01-01 21:00:00,0.40731899261401194,0.0
2025-01-02 22:00:00,2025-01-01 22:00:00,0.40731899261401194,0.0
2025-01-02 23:00:00,2025-01-01 23:00:00,0.40731899261401194,0.0
2025-01-03 00:00:00,2025-01-02 00:00:00,0.36118965863087765,0.0
2025-01-03 01:00:00,2025-01-02 01:00:00,0.36118965863087765,0.0
2025-01-03 02:00:00,2025-01-02 02:00:00,0.36118965863087765,0.0
2025-01-03 03:00:00,2025-01-02 03:00:00,0.36118965863087765,0.0
2025-01-03 04:00:00,2025-01-02 04:00:00,0.36118965863087765,0.0
2025-01-03 05:00:00,2025-01-02 05:00:00,0.36118965863087765,0.0
2025-01-03 06:00:00,2025-01-02 06:00:00,0.36118965863087765,0.0
2025-01-03 07:00:00,2025-01-02 07:00:00,0.36118965863087765,0.0
2025-01-03 08:00:00,2025-01-02 08:00:00,0.36118965863087765,0.0
2025-01-03 09:00:00,2025-01-02 09:00:00,58.9823499834679,57.0
2025-01-03 10:00:00,2025-01-02 10:00:00,185.7973457453438,204.0
2025-01-03 11:00:00,2025-01-02 11:00:00,347.28298735823734,354.0
2025-01-03 12:00:00,2025-01-02 12:00:00,456.0120965713874,457.0
2025-01-03 13:00:00,2025-01-02 13:00:00,516.6902433264687,502.0
2025-01-03 14:00:00,2025-01-02 14:00:00,474.7792768343579,492.0
2025-01-03 15:00:00,2025-01-02 15:00:00,364.05267380629186,428.0
2025-01-03 16:00:00,2025-01-02 16:00:00,243.39881059089362,320.0
2025-01-03 17:00:00,2025-01-02 17:00:00,146.85767242852637,189.0
2025-01-03 18:00:00,2025-01-02 18:00:00,23.418815553884837,47.0
2025-01-03 19:00:00,2025-01-02 19:00:00,0.3979931560717482,0.0
2025-01-03 20:00:00,2025-01-02 20:00:00,0.40731899261401194,0.0
2025-01-03 21:00:00,2025-01-02 21:00:00,0.40731899261401194,0.0
2025-01-03 22:00:00,2025-01-02 22:00:00,0.40731899261401194,0.0
2025-01-03 23:00:00,2025-01-02 23:00:00,0.40731899261401194,0.0
2025-01-04 00:00:00,2025-01-03 00:00:00,0.36118965863087765,0.0
2025-01-04 01:00:00,2025-01-03 01:00:00,0.36118965863087765,0.0
2025-01-04 02:00:00,2025-01-03 02:00:00,0.36118965863087765,0.0
2025-01-04 03:00:00,2025-01-03 03:00:00,0.36118965863087765,0.0
2025-01-04 04:00:00,2025-01-03 04:00:00,0.36118965863087765,0.0
2025-01-04 05:00:00,2025-01-03 05:00:00,0.36118965863087765,0.0
2025-01-04 06:00:00,2025-01-03 06:00:00,0.36118965863087765,0.0
2025-01-04 07:00:00,2025-01-03 07:00:00,0.36118965863087765,0.0
2025-01-04 08:00:00,2025-01-03 08:00:00,0.36118965863087765,0.0
2025-01-04 09:00:00,2025-01-03 09:00:00,39.8556195702165,27.0
2025-01-04 10:00:00,2025-01-03 10:00:00,155.11486619282277,85.0
2025-01-04 11:00:00,2025-01-03 11:00:00,299.9407499803616,149.0
2025-01-04 12:00:00,2025-01-03 12:00:00,312.6782042946121,249.0
2025-01-04 13:00:00,2025-01-03 13:00:00,329.3328030454484,362.0
2025-01-04 14:00:00,2025-01-03 14:00:00,260.67580892411877,406.0
2025-01-04 15:00:00,2025-01-03 15:00:00,234.7483815213855,334.0
2025-01-04 16:00:00,2025-01-03 16:00:00,208.1390981938389,210.0
2025-01-04 17:00:00,2025-01-03 17:00:00,130.71640403403816,105.0
2025-01-04 18:00:00,2025-01-03 18:00:00,27.77299979602297,26.0
2025-01-04 19:00:00,2025-01-03 19:00:00,0.4903704364659592,0.0
2025-01-04 20:00:00,2025-01-03 20:00:00,0.3979931560717482,0.0
2025-01-04 21:00:00,2025-01-03 21:00:00,0.4903704364659592,0.0
2025-01-04 22:00:00,2025-01-03 22:00:00,0.4903704364659592,0.0
2025-01-04 23:00:00,2025-01-03 23:00:00,0.4903704364659592,0.0
2025-01-05 00:00:00,2025-01-04 00:00:00,0.36118965863087765,0.0
2025-01-05 01:00:00,2025-01-04 01:00:00,0.36118965863087765,0.0
2025-01-05 02:00:00,2025-01-04 02:00:00,0.36118965863087765,0.0
2025-01-05 03:00:00,2025-01-04 03:00:00,0.36118965863087765,0.0
2025-01-05 04:00:00,2025-01-04 04:00:00,0.36118965863087765,0.0
2025-01-05 05:00:00,2025-01-04 05:00:00,0.36118965863087765,0.0
2025-01-05 06:00:00,2025-01-04 06:00:00,0.36118965863087765,0.0
2025-01-05 07:00:00,2025-01-04 07:00:00,0.36118965863087765,0.0
2025-01-05 08:00:00,2025-01-04 08:00:00,0.36118965863087765,0.0
2025-01-05 09:00:00,2025-01-04 09:00:00,32.30648566352338,38.0
2025-01-05 10:00:00,2025-01-04 10:00:00,106.33772074771507,148.0
2025-01-05 11:00:00,2025-01-04 11:00:00,171.77125897312536,273.0
2025-01-05 12:00:00,2025-01-04 12:00:00,302.60944395901487,382.0
2025-01-05 13:00:00,2025-01-04 13:00:00,363.45331562643673,457.0
2025-01-05 14:00:00,2025-01-04 14:00:00,349.78243118947665,467.0
2025-01-05 15:00:00,2025-01-04 15:00:00,277.8092665286561,392.0
2025-01-05 16:00:00,2025-01-04 16:00:00,199.85657228808844,269.0
2025-01-05 17:00:00,2025-01-04 17:00:00,140.2648488676908,149.0
2025-01-05 18:00:00,2025-01-04 18:00:00,18.35574051455623,38.0
2025-01-05 19:00:00,2025-01-04 19:00:00,0.4903704364659592,0.0
2025-01-05 20:00:00,2025-01-04 20:00:00,0.4903704364659592,0.0
2025-01-05 21:00:00,2025-01-04 21:00:00,0.4903704364659592,0.0
2025-01-05 22:00:00,2025-01-04 22:00:00,0.4903704364659592,0.0
2025-01-05 23:00:00,2025-01-04 23:00:00,0.4903704364659592,0.0
2025-01-06 00:00:00,2025-01-05 00:00:00,0.36118965863087765,0.0
2025-01-06 01:00:00,2025-01-05 01:00:00,0.36118965863087765,0.0
2025-01-06 02:00:00,2025-01-05 02:00:00,0.36118965863087765,0.0
2025-01-06 03:00:00,2025-01-05 03:00:00,0.36118965863087765,0.0
2025-01-06 04:00:00,2025-01-05 04:00:00,0.36118965863087765,0.0
2025-01-06 05:00:00,2025-01-05 05:00:00,0.36118965863087765,0.0
2025-01-06 06:00:00,2025-01-05 06:00:00,0.36118965863087765,0.0
2025-01-06 07:00:00,2025-01-05 07:00:00,0.36118965863087765,0.0
2025-01-06 08:00:00,2025-01-05 08:00:00,0.36118965863087765,0.0
2025-01-06 09:00:00,2025-01-05 09:00:00,49.480843407379815,56.0
2025-01-06 10:00:00,2025-01-05 10:00:00,176.15885936033334,204.0
2025-01-06 11:00:00,2025-01-05 11:00:00,345.0759779268869,355.0
2025-01-06 12:00:00,2025-01-05 12:00:00,462.1713974314545,462.0
2025-01-06 13:00:00,2025-01-05 13:00:00,461.39873620173654,512.0
2025-01-06 14:00:00,2025-01-05 14:00:00,499.19490950755863,502.0
2025-01-06 15:00:00,2025-01-05 15:00:00,363.6405781339149,429.0
2025-01-06 16:00:00,2025-01-05 16:00:00,271.3311767837736,313.0
2025-01-06 17:00:00,2025-01-05 17:00:00,141.89513345531648,183.0
2025-01-06 18:00:00,2025-01-05 18:00:00,21.63463036256906,49.0
2025-01-06 19:00:00,2025-01-05 19:00:00,0.40731899261401194,0.0
2025-01-06 20:00:00,2025-01-05 20:00:00,0.40731899261401194,0.0
2025-01-06 21:00:00,2025-01-05 21:00:00,0.40731899261401194,0.0
2025-01-06 22:00:00,2025-01-05 22:00:00,0.4903704364659592,0.0
2025-01-06 23:00:00,2025-01-05 23:00:00,0.40731899261401194,0.0
2025-01-07 00:00:00,2025-01-06 00:00:00,0.36118965863087765,0.0
2025-01-07 01:00:00,2025-01-06 01:00:00,0.36118965863087765,0.0
2025-01-07 02:00:00,2025-01-06 02:00:00,0.36118965863087765,0.0
2025-01-07 03:00:00,2025-01-06 03:00:00,0.36118965863087765,0.0
2025-01-07 04:00:00,2025-01-06 04:00:00,0.36118965863087765,0.0
2025-01-07 05:00:00,2025-01-06 05:00:00,0.36118965863087765,0.0
2025-01-07 06:00:00,2025-01-06 06:00:00,0.36118965863087765,0.0
2025-01-07 07:00:00,2025-01-06 07:00:00,0.36118965863087765,0.0
2025-01-07 08:00:00,2025-01-06 08:00:00,0.36118965863087765,0.0
2025-01-07 09:00:00,2025-01-06 09:00:00,45.52823471249129,56.0
2025-01-07 10:00:00,2025-01-06 10:00:00,160.2694433480771,200.0
2025-01-07 11:00:00,2025-01-06 11:00:00,319.33420063447664,347.0
2025-01-07 12:00:00,2025-01-06 12:00:00,441.243328600542,455.0
2025-01-07 13:00:00,2025-01-06 13:00:00,469.2301914706688,508.0
2025-01-07 14:00:00,2025-01-06 14:00:00,463.55135408952714,499.0
2025-01-07 15:00:00,2025-01-06 15:00:00,434.108904532637,421.0
2025-01-07 16:00:00,2025-01-06 16:00:00,283.32967481366217,299.0
2025-01-07 17:00:00,2025-01-06 17:00:00,124.17720992674454,172.0
2025-01-07 18:00:00,2025-01-06 18:00:00,25.667426280991393,47.0
2025-01-07 19:00:00,2025-01-06 19:00:00,0.3979931560717482,0.0
2025-01-07 20:00:00,2025-01-06 20:00:00,0.40731899261401194,0.0
2025-01-07 21:00:00,2025-01-06 21:00:00,0.40731899261401194,0.0
2025-01-07 22:00:00,2025-01-06 22:00:00,0.40731899261401194,0.0
2025-01-07 23:00:00,2025-01-06 23:00:00,0.40731899261401194,0.0
2025-01-08 00:00:00,2025-01-07 00:00:00,0.36118965863087765,0.0
2025-01-08 01:00:00,2025-01-07 01:00:00,0.36118965863087765,0.0
2025-01-08 02:00:00,2025-01-07 02:00:00,0.36118965863087765,0.0
2025-01-08 03:00:00,2025-01-07 03:00:00,0.36118965863087765,0.0
2025-01-08 04:00:00,2025-01-07 04:00:00,0.36118965863087765,0.0
2025-01-08 05:00:00,2025-01-07 05:00:00,0.36118965863087765,0.0
2025-01-08 06:00:00,2025-01-07 06:00:00,0.36118965863087765,0.0
2025-01-08 07:00:00,2025-01-07 07:00:00,0.36118965863087765,0.0
2025-01-08 08:00:00,2025-01-07 08:00:00,0.36118965863087765,0.0
2025-01-08 09:00:00,2025-01-07 09:00:00,49.76505570904923,57.0
2025-01-08 10:00:00,2025-01-07 10:00:00,187.34514614305192,206.0
2025-01-08 11:00:00,2025-01-07 11:00:00,309.91441675942224,355.0
2025-01-08 12:00:00,2025-01-07 12:00:00,443.3010364737265,452.0
2025-01-08 13:00:00,2025-01-07 13:00:00,443.25366640049305,484.0
2025-01-08 14:00:00,2025-01-07 14:00:00,479.6131883631893,459.0
2025-01-08 15:00:00,2025-01-07 15:00:00,406.3565432714276,378.0
2025-01-08 16:00:00,2025-01-07 16:00:00,312.7312816017082,264.0
2025-01-08 17:00:00,2025-01-07 17:00:00,161.11356304494134,150.0
2025-01-08 18:00:00,2025-01-07 18:00:00,32.524406717537126,41.0
2025-01-08 19:00:00,2025-01-07 19:00:00,0.3910529399618563,0.0
2025-01-08 20:00:00,2025-01-07 20:00:00,0.3910529399618563,0.0
2025-01-08 21:00:00,2025-01-07 21:00:00,0.4903704364659592,0.0
2025-01-08 22:00:00,2025-01-07 22:00:00,0.4903704364659592,0.0
2025-01-08 23:00:00,2025-01-07 23:00:00,0.4903704364659592,0.0
2025-01-09 00:00:00,2025-01-08 00:00:00,0.36118965863087765,0.0
2025-01-09 01:00:00,2025-01-08 01:00:00,0.36118965863087765,0.0
2025-01-09 02:00:00,2025-01-08 02:00:00,0.36118965863087765,0.0
2025-01-09 03:00:00,2025-01-08 03:00:00,0.36118965863087765,0.0
2025-01-09 04:00:00,2025-01-08 04:00:00,0.36118965863087765,0.0
2025-01-09 05:00:00,2025-01-08 05:00:00,0.36118965863087765,0.0
2025-01-09 06:00:00,2025-01-08 06:00:00,0.36118965863087765,0.0
2025-01-09 07:00:00,2025-01-08 07:00:00,0.36118965863087765,0.0
2025-01-09 08:00:00,2025-01-08 08:00:00,0.36118965863087765,0.0
2025-01-09 09:00:00,2025-01-08 09:00:00,45.70367357715458,52.0
2025-01-09 10:00:00,2025-01-08 10:00:00,187.88524191137216,185.0
2025-01-09 11:00:00,2025-01-08 11:00:00,336.5128771947442,322.0
2025-01-09 12:00:00,2025-01-08 12:00:00,445.10089734567026,430.0
2025-01-09 13:00:00,2025-01-08 13:00:00,435.3192687206588,492.0
2025-01-09 14:00:00,2025-01-08 14:00:00,448.86991824756365,490.0
2025-01-09 15:00:00,2025-01-08 15:00:00,385.3926911831551,416.0
2025-01-09 16:00:00,2025-01-08 16:00:00,305.35355743726876,296.0
2025-01-09 17:00:00,2025-01-08 17:00:00,168.10270864984207,171.0
2025-01-09 18:00:00,2025-01-08 18:00:00,31.656984722492037,49.0
2025-01-09 19:00:00,2025-01-08 19:00:00,0.3910529399618563,0.0
2025-01-09 20:00:00,2025-01-08 20:00:00,0.3910529399618563,0.0
2025-01-09 21:00:00,2025-01-08 21:00:00,0.3910529399618563,0.0
2025-01-09 22:00:00,2025-01-08 22:00:00,0.3910529399618563,0.0
2025-01-09 23:00:00,2025-01-08 23:00:00,0.3910529399618563,0.0
2025-01-10 00:00:00,2025-01-09 00:00:00,0.36118965863087765,0.0
2025-01-10 01:00:00,2025-01-09 01:00:00,0.36118965863087765,0.0
2025-01-10 02:00:00,2025-01-09 02:00:00,0.36118965863087765,0.0
2025-01-10 03:00:00,2025-01-09 03:00:00,0.36118965863087765,0.0
2025-01-10 04:00:00,2025-01-09 04:00:00,0.36118965863087765,0.0
2025-01-10 05:00:00,2025-01-09 05:00:00,0.36118965863087765,0.0
2025-01-10 06:00:00,2025-01-09 06:00:00,0.36118965863087765,0.0
2025-01-10 07:00:00,2025-01-09 07:00:00,0.36118965863087765,0.0
2025-01-10 08:00:00,2025-01-09 08:00:00,0.36118965863087765,0.0
2025-01-10 09:00:00,2025-01-09 09:00:00,59.163303333484215,59.0
2025-01-10 10:00:00,2025-01-09 10:00:00,192.05169692103968,195.0
2025-01-10 11:00:00,2025-01-09 11:00:00,362.70702626677144,326.0
2025-01-10 12:00:00,2025-01-09 12:00:00,477.9533898540849,428.0
2025-01-10 13:00:00,2025-01-09 13:00:00,481.60670645475705,487.0
2025-01-10 14:00:00,2025-01-09 14:00:00,500.73792908769013,487.0
2025-01-10 15:00:00,2025-01-09 15:00:00,440.13781758819005,420.0
2025-01-10 16:00:00,2025-01-09 16:00:00,271.18713132884926,307.0
2025-01-10 17:00:00,2025-01-09 17:00:00,139.18616013990376,182.0
2025-01-10 18:00:00,2025-01-09 18:00:00,23.398378244656815,53.0
2025-01-10 19:00:00,2025-01-09 19:00:00,0.3979931560717482,0.0
2025-01-10 20:00:00,2025-01-09 20:00:00,0.40731899261401194,0.0
2025-01-10 21:00:00,2025-01-09 21:00:00,0.40731899261401194,0.0
2025-01-10 22:00:00,2025-01-09 22:00:00,0.40731899261401194,0.0
2025-01-10 23:00:00,2025-01-09 23:00:00,0.40731899261401194,0.0
2025-01-11 00:00:00,2025-01-10 00:00:00,0.36118965863087765,0.0
2025-01-11 01:00:00,2025-01-10 01:00:00,0.36118965863087765,0.0
2025-01-11 02:00:00,2025-01-10 02:00:00,0.36118965863087765,0.0
2025-01-11 03:00:00,2025-01-10 03:00:00,0.36118965863087765,0.0
2025-01-11 04:00:00,2025-01-10 04:00:00,0.36118965863087765,0.0
2025-01-11 05:00:00,2025-01-10 05:00:00,0.36118965863087765,0.0
2025-01-11 06:00:00,2025-01-10 06:00:00,0.36118965863087765,0.0
2025-01-11 07:00:00,2025-01-10 07:00:00,0.36118965863087765,0.0
2025-01-11 08:00:00,2025-01-10 08:00:00,0.36118965863087765,0.0
2025-01-11 09:00:00,2025-01-10 09:00:00,57.777957686888044,59.0
2025-01-11 10:00:00,2025-01-10 10:00:00,202.45073122508,209.0
2025-01-11 11:00:00,2025-01-10 11:00:00,349.49647605491936,362.0
2025-01-11 12:00:00,2025-01-10 12:00:00,467.5222223356492,474.0
2025-01-11 13:00:00,2025-01-10 13:00:00,541.3336328962591,531.0
2025-01-11 14:00:00,2025-01-10 14:00:00,521.8688354064483,525.0
2025-01-11 15:00:00,2025-01-10 15:00:00,447.8193905198049,451.0
2025-01-11 16:00:00,2025-01-10 16:00:00,340.66972836337817,329.0
2025-01-11 17:00:00,2025-01-10 17:00:00,182.92143446004542,196.0
2025-01-11 18:00:00,2025-01-10 18:00:00,44.74053289989439,59.0
2025-01-11 19:00:00,2025-01-10 19:00:00,0.4903704364659592,0.0
2025-01-11 20:00:00,2025-01-10 20:00:00,0.4903704364659592,0.0
2025-01-11 21:00:00,2025-01-10 21:00:00,0.40731899261401194,0.0
2025-01-11 22:00:00,2025-01-10 22:00:00,0.40731899261401194,0.0
2025-01-11 23:00:00,2025-01-10 23:00:00,0.4903704364659592,0.0
2025-01-12 00:00:00,2025-01-11 00:00:00,0.36118965863087765,0.0
2025-01-12 01:00:00,2025-01-11 01:00:00,0.36118965863087765,0.0
2025-01-12 02:00:00,2025-01-11 02:00:00,0.36118965863087765,0.0
2025-01-12 03:00:00,2025-01-11 03:00:00,0.36118965863087765,0.0
2025-01-12 04:00:00,2025-01-11 04:00:00,0.36118965863087765,0.0
2025-01-12 05:00:00,2025-01-11 05:00:00,0.36118965863087765,0.0
2025-01-12 06:00:00,2025-01-11 06:00:00,0.36118965863087765,0.0
2025-01-12 07:00:00,2025-01-11 07:00:00,0.36118965863087765,0.0
2025-01-12 08:00:00,2025-01-11 08:00:00,0.36118965863087765,0.0
2025-01-12 09:00:00,2025-01-11 09:00:00,46.00771604288804,48.0
2025-01-12 10:00:00,2025-01-11 10:00:00,183.94199465987947,169.0
2025-01-12 11:00:00,2025-01-11 11:00:00,336.67508845653424,282.0
2025-01-12 12:00:00,2025-01-11 12:00:00,334.7880056995682,333.0
2025-01-12 13:00:00,2025-01-11 13:00:00,470.32969554097326,321.0
2025-01-12 14:00:00,2025-01-11 14:00:00,436.4193824761278,283.0
2025-01-12 15:00:00,2025-01-11 15:00:00,384.4290811546331,240.0
2025-01-12 16:00:00,2025-01-11 16:00:00,238.85634657149978,184.0
2025-01-12 17:00:00,2025-01-11 17:00:00,141.2024590209971,115.0
2025-01-12 18:00:00,2025-01-11 18:00:00,30.38500982497139,35.0
2025-01-12 19:00:00,2025-01-11 19:00:00,0.40731899261401194,0.0
2025-01-12 20:00:00,2025-01-11 20:00:00,0.4903704364659592,0.0
2025-01-12 21:00:00,2025-01-11 21:00:00,0.40731899261401194,0.0
2025-01-12 22:00:00,2025-01-11 22:00:00,0.40731899261401194,0.0
2025-01-12 23:00:00,2025-01-11 23:00:00,0.4903704364659592,0.0
2025-01-13 00:00:00,2025-01-12 00:00:00,0.36118965863087765,0.0
2025-01-13 01:00:00,2025-01-12 01:00:00,0.36118965863087765,0.0
2025-01-13 02:00:00,2025-01-12 02:00:00,0.36118965863087765,0.0
2025-01-13 03:00:00,2025-01-12 03:00:00,0.36118965863087765,0.0
2025-01-13 04:00:00,2025-01-12 04:00:00,0.36118965863087765,0.0
2025-01-13 05:00:00,2025-01-12 05:00:00,0.36118965863087765,0.0
2025-01-13 06:00:00,2025-01-12 06:00:00,0.36118965863087765,0.0
2025-01-13 07:00:00,2025-01-12 07:00:00,0.36118965863087765,0.0
2025-01-13 08:00:00,2025-01-12 08:00:00,0.36118965863087765,0.0
2025-01-13 09:00:00,2025-01-12 09:00:00,59.753461292752405,51.0
2025-01-13 10:00:00,2025-01-12 10:00:00,188.67354680032156,187.0
2025-01-13 11:00:00,2025-01-12 11:00:00,358.49139227633333,331.0
2025-01-13 12:00:00,2025-01-12 12:00:00,473.5349483793163,439.0
2025-01-13 13:00:00,2025-01-12 13:00:00,530.1923571477101,494.0
2025-01-13 14:00:00,2025-01-12 14:00:00,486.9539642480635,492.0
2025-01-13 15:00:00,2025-01-12 15:00:00,441.3171834250364,431.0
2025-01-13 16:00:00,2025-01-12 16:00:00,346.88227652939645,324.0
2025-01-13 17:00:00,2025-01-12 17:00:00,182.63217299168394,199.0
2025-01-13 18:00:00,2025-01-12 18:00:00,42.910030684755846,63.0
2025-01-13 19:00:00,2025-01-12 19:00:00,0.48104459992369536,0.0
2025-01-13 20:00:00,2025-01-12 20:00:00,0.3910529399618563,0.0
2025-01-13 21:00:00,2025-01-12 21:00:00,0.4903704364659592,0.0
2025-01-13 22:00:00,2025-01-12 22:00:00,0.4903704364659592,0.0
2025-01-13 23:00:00,2025-01-12 23:00:00,0.4903704364659592,0.0
2025-01-14 00:00:00,2025-01-13 00:00:00,0.36118965863087765,0.0
2025-01-14 01:00:00,2025-01-13 01:00:00,0.36118965863087765,0.0
2025-01-14 02:00:00,2025-01-13 02:00:00,0.36118965863087765,0.0
2025-01-14 03:00:00,2025-01-13 03:00:00,0.36118965863087765,0.0
2025-01-14 04:00:00,2025-01-13 04:00:00,0.36118965863087765,0.0
2025-01-14 05:00:00,2025-01-13 05:00:00,0.36118965863087765,0.0
2025-01-14 06:00:00,2025-01-13 06:00:00,0.36118965863087765,0.0
2025-01-14 07:00:00,2025-01-13 07:00:00,0.36118965863087765,0.0
2025-01-14 08:00:00,2025-01-13 08:00:00,0.36118965863087765,0.0
2025-01-14 09:00:00,2025-01-13 09:00:00,59.163303333484215,62.0
2025-01-14 10:00:00,2025-01-13 10:00:00,198.37143836248126,213.0
2025-01-14 11:00:00,2025-01-13 11:00:00,361.0856543679557,366.0
2025-01-14 12:00:00,2025-01-13 12:00:00,430.7185039139578,480.0
2025-01-14 13:00:00,2025-01-13 13:00:00,531.1008742070157,540.0
2025-01-14 14:00:00,2025-01-13 14:00:00,535.2620187867363,539.0
2025-01-14 15:00:00,2025-01-13 15:00:00,458.5906138851726,468.0
2025-01-14 16:00:00,2025-01-13 16:00:00,366.91713437331316,350.0
2025-01-14 17:00:00,2025-01-13 17:00:00,181.87379066213802,214.0
2025-01-14 18:00:00,2025-01-13 18:00:00,47.018612484689626,69.0
2025-01-14 19:00:00,2025-01-13 19:00:00,0.4903704364659592,0.0
2025-01-14 20:00:00,2025-01-13 20:00:00,0.4903704364659592,0.0
2025-01-14 21:00:00,2025-01-13 21:00:00,0.4903704364659592,0.0
2025-01-14 22:00:00,2025-01-13 22:00:00,0.4903704364659592,0.0
2025-01-14 23:00:00,2025-01-13 23:00:00,0.4903704364659592,0.0
2025-01-15 00:00:00,2025-01-14 00:00:00,0.36118965863087765,0.0
2025-01-15 01:00:00,2025-01-14 01:00:00,0.36118965863087765,0.0
2025-01-15 02:00:00,2025-01-14 02:00:00,0.36118965863087765,0.0
2025-01-15 03:00:00,2025-01-14 03:00:00,0.36118965863087765,0.0
2025-01-15 04:00:00,2025-01-14 04:00:00,0.36118965863087765,0.0
2025-01-15 05:00:00,2025-01-14 05:00:00,0.36118965863087765,0.0
2025-01-15 06:00:00,2025-01-14 06:00:00,0.36118965863087765,0.0
2025-01-15 07:00:00,2025-01-14 07:00:00,0.36118965863087765,0.0
2025-01-15 08:00:00,2025-01-14 08:00:00,0.36118965863087765,0.0
2025-01-15 09:00:00,2025-01-14 09:00:00,58.95349111553777,64.0
2025-01-15 10:00:00,2025-01-14 10:00:00,194.39498152911096,218.0
2025-01-15 11:00:00,2025-01-14 11:00:00,369.49363898867557,372.0
2025-01-15 12:00:00,2025-01-14 12:00:00,460.48370975398745,486.0
2025-01-15 13:00:00,2025-01-14 13:00:00,513.3908214813683,547.0
2025-01-15 14:00:00,2025-01-14 14:00:00,530.7991097489133,544.0
2025-01-15 15:00:00,2025-01-14 15:00:00,469.5915155779604,471.0
2025-01-15 16:00:00,2025-01-14 16:00:00,334.391824130605,350.0
2025-01-15 17:00:00,2025-01-14 17:00:00,192.81284335199658,214.0
2025-01-15 18:00:00,2025-01-14 18:00:00,43.4850359508876,70.0
2025-01-15 19:00:00,2025-01-14 19:00:00,0.40731899261401194,0.0
2025-01-15 20:00:00,2025-01-14 20:00:00,0.40731899261401194,0.0
2025-01-15 21:00:00,2025-01-14 21:00:00,0.40731899261401194,0.0
2025-01-15 22:00:00,2025-01-14 22:00:00,0.40731899261401194,0.0
2025-01-15 23:00:00,2025-01-14 23:00:00,0.40731899261401194,0.0
2025-01-16 00:00:00,2025-01-15 00:00:00,0.36118965863087765,0.0
2025-01-16 01:00:00,2025-01-15 01:00:00,0.36118965863087765,0.0
2025-01-16 02:00:00,2025-01-15 02:00:00,0.36118965863087765,0.0
2025-01-16 03:00:00,2025-01-15 03:00:00,0.36118965863087765,0.0
2025-01-16 04:00:00,2025-01-15 04:00:00,0.36118965863087765,0.0
2025-01-16 05:00:00,2025-01-15 05:00:00,0.36118965863087765,0.0
2025-01-16 06:00:00,2025-01-15 06:00:00,0.36118965863087765,0.0
2025-01-16 07:00:00,2025-01-15 07:00:00,0.36118965863087765,0.0
2025-01-16 08:00:00,2025-01-15 08:00:00,0.36118965863087765,0.0
2025-01-16 09:00:00,2025-01-15 09:00:00,50.053300295226485,60.0
2025-01-16 10:00:00,2025-01-15 10:00:00,193.74610087924816,212.0
2025-01-16 11:00:00,2025-01-15 11:00:00,339.37608774078603,367.0
2025-01-16 12:00:00,2025-01-15 12:00:00,460.92760610655074,478.0
2025-01-16 13:00:00,2025-01-15 13:00:00,542.3669462708035,530.0
2025-01-16 14:00:00,2025-01-15 14:00:00,517.9727729921524,524.0
2025-01-16 15:00:00,2025-01-15 15:00:00,463.5248029669486,461.0
2025-01-16 16:00:00,2025-01-15 16:00:00,329.27460346426,351.0
2025-01-16 17:00:00,2025-01-15 17:00:00,199.35719389969327,220.0
2025-01-16 18:00:00,2025-01-15 18:00:00,53.38783171656927,75.0
2025-01-16 19:00:00,2025-01-15 19:00:00,0.3979931560717482,0.0
2025-01-16 20:00:00,2025-01-15 20:00:00,0.3080014961099091,0.0
2025-01-16 21:00:00,2025-01-15 21:00:00,0.4903704364659592,0.0
2025-01-16 22:00:00,2025-01-15 22:00:00,0.4903704364659592,0.0
2025-01-16 23:00:00,2025-01-15 23:00:00,0.3910529399618563,0.0
2025-01-17 00:00:00,2025-01-16 00:00:00,0.36118965863087765,0.0
2025-01-17 01:00:00,2025-01-16 01:00:00,0.36118965863087765,0.0
2025-01-17 02:00:00,2025-01-16 02:00:00,0.36118965863087765,0.0
2025-01-17 03:00:00,2025-01-16 03:00:00,0.36118965863087765,0.0
2025-01-17 04:00:00,2025-01-16 04:00:00,0.36118965863087765,0.0
2025-01-17 05:00:00,2025-01-16 05:00:00,0.36118965863087765,0.0
2025-01-17 06:00:00,2025-01-16 06:00:00,0.36118965863087765,0.0
2025-01-17 07:00:00,2025-01-16 07:00:00,0.36118965863087765,0.0
2025-01-17 08:00:00,2025-01-16 08:00:00,0.36118965863087765,0.0
2025-01-17 09:00:00,2025-01-16 09:00:00,60.740423332973606,63.0
2025-01-17 10:00:00,2025-01-16 10:00:00,215.7620379894021,216.0
2025-01-17 11:00:00,2025-01-16 11:00:00,384.5915745785107,373.0
2025-01-17 12:00:00,2025-01-16 12:00:00,479.3840521615543,486.0
2025-01-17 13:00:00,2025-01-16 13:00:00,561.1820740541931,543.0
2025-01-17 14:00:00,2025-01-16 14:00:00,559.6219461051148,537.0
2025-01-17 15:00:00,2025-01-16 15:00:00,477.04781067043785,467.0
2025-01-17 16:00:00,2025-01-16 16:00:00,359.321848411626,349.0
2025-01-17 17:00:00,2025-01-16 17:00:00,202.47278099949136,215.0
2025-01-17 18:00:00,2025-01-16 18:00:00,54.10437035873501,74.0
2025-01-17 19:00:00,2025-01-16 19:00:00,0.4903704364659592,0.0
2025-01-17 20:00:00,2025-01-16 20:00:00,0.40731899261401194,0.0
2025-01-17 21:00:00,2025-01-16 21:00:00,0.40731899261401194,0.0
2025-01-17 22:00:00,2025-01-16 22:00:00,0.40731899261401194,0.0
2025-01-17 23:00:00,2025-01-16 23:00:00,0.40731899261401194,0.0
2025-01-18 00:00:00,2025-01-17 00:00:00,0.36118965863087765,0.0
2025-01-18 01:00:00,2025-01-17 01:00:00,0.36118965863087765,0.0
2025-01-18 02:00:00,2025-01-17 02:00:00,0.36118965863087765,0.0
2025-01-18 03:00:00,2025-01-17 03:00:00,0.36118965863087765,0.0
2025-01-18 04:00:00,2025-01-17 04:00:00,0.36118965863087765,0.0
2025-01-18 05:00:00,2025-01-17 05:00:00,0.36118965863087765,0.0
2025-01-18 06:00:00,2025-01-17 06:00:00,0.36118965863087765,0.0
2025-01-18 07:00:00,2025-01-17 07:00:00,0.36118965863087765,0.0
2025-01-18 08:00:00,2025-01-17 08:00:00,0.36118965863087765,0.0
2025-01-18 09:00:00,2025-01-17 09:00:00,61.77065667380074,68.0
2025-01-18 10:00:00,2025-01-17 10:00:00,210.35783773248718,227.0
2025-01-18 11:00:00,2025-01-17 11:00:00,381.1140893423472,385.0
2025-01-18 12:00:00,2025-01-17 12:00:00,491.32355180481267,502.0
2025-01-18 13:00:00,2025-01-17 13:00:00,566.6136316121909,564.0
2025-01-18 14:00:00,2025-01-17 14:00:00,544.7629200088027,562.0
2025-01-18 15:00:00,2025-01-17 15:00:00,471.6783954370151,493.0
2025-01-18 16:00:00,2025-01-17 16:00:00,363.061129591089,374.0
2025-01-18 17:00:00,2025-01-17 17:00:00,215.3030471528115,234.0
2025-01-18 18:00:00,2025-01-17 18:00:00,61.95662676679755,83.0
2025-01-18 19:00:00,2025-01-17 19:00:00,0.40731899261401194,0.0
2025-01-18 20:00:00,2025-01-17 20:00:00,0.40731899261401194,0.0
2025-01-18 21:00:00,2025-01-17 21:00:00,0.40731899261401194,0.0
2025-01-18 22:00:00,2025-01-17 22:00:00,0.40731899261401194,0.0
2025-01-18 23:00:00,2025-01-17 23:00:00,0.40731899261401194,0.0
2025-01-19 00:00:00,2025-01-18 00:00:00,0.36118965863087765,0.0
2025-01-19 01:00:00,2025-01-18 01:00:00,0.36118965863087765,0.0
2025-01-19 02:00:00,2025-01-18 02:00:00,0.36118965863087765,0.0
2025-01-19 03:00:00,2025-01-18 03:00:00,0.36118965863087765,0.0
2025-01-19 04:00:00,2025-01-18 04:00:00,0.36118965863087765,0.0
2025-01-19 05:00:00,2025-01-18 05:00:00,0.36118965863087765,0.0
2025-01-19 06:00:00,2025-01-18 06:00:00,0.36118965863087765,0.0
2025-01-19 07:00:00,2025-01-18 07:00:00,0.36118965863087765,0.0
2025-01-19 08:00:00,2025-01-18 08:00:00,0.36118965863087765,0.0
2025-01-19 09:00:00,2025-01-18 09:00:00,63.69848145518234,64.0
2025-01-19 10:00:00,2025-01-18 10:00:00,213.26796283641409,220.0
2025-01-19 11:00:00,2025-01-18 11:00:00,349.9137043235936,381.0
2025-01-19 12:00:00,2025-01-18 12:00:00,475.90671271634557,499.0
2025-01-19 13:00:00,2025-01-18 13:00:00,534.6267592306785,558.0
2025-01-19 14:00:00,2025-01-18 14:00:00,554.8750742640407,553.0
2025-01-19 15:00:00,2025-01-18 15:00:00,475.7584747942657,478.0
2025-01-19 16:00:00,2025-01-18 16:00:00,361.57153208109185,355.0
2025-01-19 17:00:00,2025-01-18 17:00:00,218.19756441851914,219.0
2025-01-19 18:00:00,2025-01-18 18:00:00,65.09549632921282,79.0
2025-01-19 19:00:00,2025-01-18 19:00:00,0.40731899261401194,0.0
2025-01-19 20:00:00,2025-01-18 20:00:00,0.40731899261401194,0.0
2025-01-19 21:00:00,2025-01-18 21:00:00,0.40731899261401194,0.0
2025-01-19 22:00:00,2025-01-18 22:00:00,0.40731899261401194,0.0
2025-01-19 23:00:00,2025-01-18 23:00:00,0.40731899261401194,0.0
2025-01-20 00:00:00,2025-01-19 00:00:00,0.36118965863087765,0.0
2025-01-20 01:00:00,2025-01-19 01:00:00,0.36118965863087765,0.0
2025-01-20 02:00:00,2025-01-19 02:00:00,0.36118965863087765,0.0
2025-01-20 03:00:00,2025-01-19 03:00:00,0.36118965863087765,0.0
2025-01-20 04:00:00,2025-01-19 04:00:00,0.36118965863087765,0.0
2025-01-20 05:00:00,2025-01-19 05:00:00,0.36118965863087765,0.0
2025-01-20 06:00:00,2025-01-19 06:00:00,0.36118965863087765,0.0
2025-01-20 07:00:00,2025-01-19 07:00:00,0.36118965863087765,0.0
2025-01-20 08:00:00,2025-01-19 08:00:00,0.36118965863087765,0.0
2025-01-20 09:00:00,2025-01-19 09:00:00,62.711519414961174,68.0
2025-01-20 10:00:00,2025-01-19 10:00:00,206.1697564841459,224.0
2025-01-20 11:00:00,2025-01-19 11:00:00,380.04918184562973,381.0
2025-01-20 12:00:00,2025-01-19 12:00:00,490.19718838832034,498.0
2025-01-20 13:00:00,2025-01-19 13:00:00,545.4943742501202,562.0
2025-01-20 14:00:00,2025-01-19 14:00:00,554.3935212061218,561.0
2025-01-20 15:00:00,2025-01-19 15:00:00,450.5116954126022,489.0
2025-01-20 16:00:00,2025-01-19 16:00:00,308.13187008321574,367.0
2025-01-20 17:00:00,2025-01-19 17:00:00,202.15402452289428,230.0
2025-01-20 18:00:00,2025-01-19 18:00:00,63.42595959013177,85.0
2025-01-20 19:00:00,2025-01-19 19:00:00,0.40731899261401194,0.0
2025-01-20 20:00:00,2025-01-19 20:00:00,0.40731899261401194,0.0
2025-01-20 21:00:00,2025-01-19 21:00:00,0.40731899261401194,0.0
2025-01-20 22:00:00,2025-01-19 22:00:00,0.40731899261401194,0.0
2025-01-20 23:00:00,2025-01-19 23:00:00,0.40731899261401194,0.0
2025-01-21 00:00:00,2025-01-20 00:00:00,0.36118965863087765,0.0
2025-01-21 01:00:00,2025-01-20 01:00:00,0.36118965863087765,0.0
2025-01-21 02:00:00,2025-01-20 02:00:00,0.36118965863087765,0.0
2025-01-21 03:00:00,2025-01-20 03:00:00,0.36118965863087765,0.0
2025-01-21 04:00:00,2025-01-20 04:00:00,0.36118965863087765,0.0
2025-01-21 05:00:00,2025-01-20 05:00:00,0.36118965863087765,0.0
2025-01-21 06:00:00,2025-01-20 06:00:00,0.36118965863087765,0.0
2025-01-21 07:00:00,2025-01-20 07:00:00,0.36118965863087765,0.0
2025-01-21 08:00:00,2025-01-20 08:00:00,0.36118965863087765,0.0
2025-01-21 09:00:00,2025-01-20 09:00:00,62.711519414961174,68.0
2025-01-21 10:00:00,2025-01-20 10:00:00,213.07705283125202,222.0
2025-01-21 11:00:00,2025-01-20 11:00:00,371.5558465669177,371.0
2025-01-21 12:00:00,2025-01-20 12:00:00,433.5125849442054,466.0
2025-01-21 13:00:00,2025-01-20 13:00:00,483.74072120211696,497.0
2025-01-21 14:00:00,2025-01-20 14:00:00,520.150606997807,484.0
2025-01-21 15:00:00,2025-01-20 15:00:00,467.42619755867656,438.0
2025-01-21 16:00:00,2025-01-20 16:00:00,325.69520937319766,353.0
2025-01-21 17:00:00,2025-01-20 17:00:00,201.28918612871752,235.0
2025-01-21 18:00:00,2025-01-20 18:00:00,57.719726517658636,89.0
2025-01-21 19:00:00,2025-01-20 19:00:00,0.48104459992369536,0.0
2025-01-21 20:00:00,2025-01-20 20:00:00,0.48104459992369536,0.0
2025-01-21 21:00:00,2025-01-20 21:00:00,0.3979931560717482,0.0
2025-01-21 22:00:00,2025-01-20 22:00:00,0.40731899261401194,0.0
2025-01-21 23:00:00,2025-01-20 23:00:00,0.40731899261401194,0.0
2025-01-22 00:00:00,2025-01-21 00:00:00,0.36118965863087765,0.0
2025-01-22 01:00:00,2025-01-21 01:00:00,0.36118965863087765,0.0
2025-01-22 02:00:00,2025-01-21 02:00:00,0.36118965863087765,0.0
2025-01-22 03:00:00,2025-01-21 03:00:00,0.36118965863087765,0.0
2025-01-22 04:00:00,2025-01-21 04:00:00,0.36118965863087765,0.0
2025-01-22 05:00:00,2025-01-21 05:00:00,0.36118965863087765,0.0
2025-01-22 06:00:00,2025-01-21 06:00:00,0.36118965863087765,0.0
2025-01-22 07:00:00,2025-01-21 07:00:00,0.36118965863087765,0.0
2025-01-22 08:00:00,2025-01-21 08:00:00,0.36118965863087765,0.0
2025-01-22 09:00:00,2025-01-21 09:00:00,26.848185251934403,20.0
2025-01-22 10:00:00,2025-01-21 10:00:00,92.518387479903,73.0
2025-01-22 11:00:00,2025-01-21 11:00:00,139.4511024906606,128.0
2025-01-22 12:00:00,2025-01-21 12:00:00,211.00231308373455,160.0
2025-01-22 13:00:00,2025-01-21 13:00:00,244.84379672439636,164.0
2025-01-22 14:00:00,2025-01-21 14:00:00,262.6497829115611,146.0
2025-01-22 15:00:00,2025-01-21 15:00:00,270.03592659809186,112.0
2025-01-22 16:00:00,2025-01-21 16:00:00,160.49874107705259,70.0
2025-01-22 17:00:00,2025-01-21 17:00:00,84.53209049525518,36.0
2025-01-22 18:00:00,2025-01-21 18:00:00,30.791488925394013,13.0
2025-01-22 19:00:00,2025-01-21 19:00:00,0.48104459992369536,0.0
2025-01-22 20:00:00,2025-01-21 20:00:00,0.3910529399618563,0.0
2025-01-22 21:00:00,2025-01-21 21:00:00,0.4903704364659592,0.0
2025-01-22 22:00:00,2025-01-21 22:00:00,0.48104459992369536,0.0
2025-01-22 23:00:00,2025-01-21 23:00:00,0.4903704364659592,0.0
2025-01-23 00:00:00,2025-01-22 00:00:00,0.36118965863087765,0.0
2025-01-23 01:00:00,2025-01-22 01:00:00,0.36118965863087765,0.0
2025-01-23 02:00:00,2025-01-22 02:00:00,0.36118965863087765,0.0
2025-01-23 03:00:00,2025-01-22 03:00:00,0.36118965863087765,0.0
2025-01-23 04:00:00,2025-01-22 04:00:00,0.36118965863087765,0.0
2025-01-23 05:00:00,2025-01-22 05:00:00,0.36118965863087765,0.0
2025-01-23 06:00:00,2025-01-22 06:00:00,0.36118965863087765,0.0
2025-01-23 07:00:00,2025-01-22 07:00:00,0.36118965863087765,0.0
2025-01-23 08:00:00,2025-01-22 08:00:00,0.36118965863087765,0.0
2025-01-23 09:00:00,2025-01-22 09:00:00,45.5278773702691,62.0
2025-01-23 10:00:00,2025-01-22 10:00:00,179.46037137205795,188.0
2025-01-23 11:00:00,2025-01-22 11:00:00,337.53635348305505,311.0
2025-01-23 12:00:00,2025-01-22 12:00:00,433.71314024280656,415.0
2025-01-23 13:00:00,2025-01-22 13:00:00,456.1513285201526,486.0
2025-01-23 14:00:00,2025-01-22 14:00:00,459.8714055086075,501.0
2025-01-23 15:00:00,2025-01-22 15:00:00,427.18214230587586,445.0
2025-01-23 16:00:00,2025-01-22 16:00:00,346.20870276839,341.0
2025-01-23 17:00:00,2025-01-22 17:00:00,171.6803361903621,218.0
2025-01-23 18:00:00,2025-01-22 18:00:00,48.43899946788959,85.0
2025-01-23 19:00:00,2025-01-22 19:00:00,0.4903704364659592,1.0
2025-01-23 20:00:00,2025-01-22 20:00:00,0.4903704364659592,0.0
2025-01-23 21:00:00,2025-01-22 21:00:00,0.4903704364659592,0.0
2025-01-23 22:00:00,2025-01-22 22:00:00,0.4903704364659592,0.0
2025-01-23 23:00:00,2025-01-22 23:00:00,0.4903704364659592,0.0
2025-01-24 00:00:00,2025-01-23 00:00:00,0.36118965863087765,0.0
2025-01-24 01:00:00,2025-01-23 01:00:00,0.36118965863087765,0.0
2025-01-24 02:00:00,2025-01-23 02:00:00,0.36118965863087765,0.0
2025-01-24 03:00:00,2025-01-23 03:00:00,0.36118965863087765,0.0
2025-01-24 04:00:00,2025-01-23 04:00:00,0.36118965863087765,0.0
2025-01-24 05:00:00,2025-01-23 05:00:00,0.36118965863087765,0.0
2025-01-24 06:00:00,2025-01-23 06:00:00,0.36118965863087765,0.0
2025-01-24 07:00:00,2025-01-23 07:00:00,0.36118965863087765,0.0
2025-01-24 08:00:00,2025-01-23 08:00:00,0.36118965863087765,0.0
2025-01-24 09:00:00,2025-01-23 09:00:00,52.713700553464385,60.0
2025-01-24 10:00:00,2025-01-23 10:00:00,177.92022151179228,195.0
2025-01-24 11:00:00,2025-01-23 11:00:00,382.78930497141585,335.0
2025-01-24 12:00:00,2025-01-23 12:00:00,470.5024817159548,440.0
2025-01-24 13:00:00,2025-01-23 13:00:00,530.2773404967485,497.0
2025-01-24 14:00:00,2025-01-23 14:00:00,510.43529534016386,497.0
2025-01-24 15:00:00,2025-01-23 15:00:00,466.6345319013552,433.0
2025-01-24 16:00:00,2025-01-23 16:00:00,329.6414822820428,325.0
2025-01-24 17:00:00,2025-01-23 17:00:00,175.36214461071896,206.0
2025-01-24 18:00:00,2025-01-23 18:00:00,60.89944613866835,81.0
2025-01-24 19:00:00,2025-01-23 19:00:00,0.40731899261401194,1.0
2025-01-24 20:00:00,2025-01-23 20:00:00,0.40731899261401194,0.0
2025-01-24 21:00:00,2025-01-23 21:00:00,0.40731899261401194,0.0
2025-01-24 22:00:00,2025-01-23 22:00:00,0.40731899261401194,0.0
2025-01-24 23:00:00,2025-01-23 23:00:00,0.40731899261401194,0.0
2025-01-25 00:00:00,2025-01-24 00:00:00,0.36118965863087765,0.0
2025-01-25 01:00:00,2025-01-24 01:00:00,0.36118965863087765,0.0
2025-01-25 02:00:00,2025-01-24 02:00:00,0.36118965863087765,0.0
2025-01-25 03:00:00,2025-01-24 03:00:00,0.36118965863087765,0.0
2025-01-25 04:00:00,2025-01-24 04:00:00,0.36118965863087765,0.0
2025-01-25 05:00:00,2025-01-24 05:00:00,0.36118965863087765,0.0
2025-01-25 06:00:00,2025-01-24 06:00:00,0.36118965863087765,0.0
2025-01-25 07:00:00,2025-01-24 07:00:00,0.36118965863087765,0.0
2025-01-25 08:00:00,2025-01-24 08:00:00,0.36118965863087765,0.0
2025-01-25 09:00:00,2025-01-24 09:00:00,53.31615667761552,50.0
2025-01-25 10:00:00,2025-01-24 10:00:00,180.53486673870856,162.0
2025-01-25 11:00:00,2025-01-24 11:00:00,218.87776015324022,272.0
2025-01-25 12:00:00,2025-01-24 12:00:00,278.14073722839584,334.0
2025-01-25 13:00:00,2025-01-24 13:00:00,399.00927803157,340.0
2025-01-25 14:00:00,2025-01-24 14:00:00,478.6651052787033,303.0
2025-01-25 15:00:00,2025-01-24 15:00:00,279.7143269828035,226.0
2025-01-25 16:00:00,2025-01-24 16:00:00,217.5407548898729,134.0
2025-01-25 17:00:00,2025-01-24 17:00:00,144.86621235582658,66.0
2025-01-25 18:00:00,2025-01-24 18:00:00,47.37493060927752,25.0
2025-01-25 19:00:00,2025-01-24 19:00:00,0.3910529399618563,0.0
2025-01-25 20:00:00,2025-01-24 20:00:00,0.3910529399618563,0.0
2025-01-25 21:00:00,2025-01-24 21:00:00,0.3080014961099091,0.0
2025-01-25 22:00:00,2025-01-24 22:00:00,0.3910529399618563,0.0
2025-01-25 23:00:00,2025-01-24 23:00:00,0.3910529399618563,0.0
2025-01-26 00:00:00,2025-01-25 00:00:00,0.36118965863087765,0.0
2025-01-26 01:00:00,2025-01-25 01:00:00,0.36118965863087765,0.0
2025-01-26 02:00:00,2025-01-25 02:00:00,0.36118965863087765,0.0
2025-01-26 03:00:00,2025-01-25 03:00:00,0.36118965863087765,0.0
2025-01-26 04:00:00,2025-01-25 04:00:00,0.36118965863087765,0.0
2025-01-26 05:00:00,2025-01-25 05:00:00,0.36118965863087765,0.0
2025-01-26 06:00:00,2025-01-25 06:00:00,0.36118965863087765,0.0
2025-01-26 07:00:00,2025-01-25 07:00:00,0.36118965863087765,0.0
2025-01-26 08:00:00,2025-01-25 08:00:00,0.36118965863087765,0.0
2025-01-26 09:00:00,2025-01-25 09:00:00,46.351945525356825,49.0
2025-01-26 10:00:00,2025-01-25 10:00:00,182.34102383606583,164.0
2025-01-26 11:00:00,2025-01-25 11:00:00,329.8544234010251,284.0
2025-01-26 12:00:00,2025-01-25 12:00:00,462.87661808847497,358.0
2025-01-26 13:00:00,2025-01-25 13:00:00,497.7904275623561,379.0
2025-01-26 14:00:00,2025-01-25 14:00:00,472.90329437715246,367.0
2025-01-26 15:00:00,2025-01-25 15:00:00,392.81142380612096,333.0
2025-01-26 16:00:00,2025-01-25 16:00:00,263.94330405298905,272.0
2025-01-26 17:00:00,2025-01-25 17:00:00,156.50463172912347,185.0
2025-01-26 18:00:00,2025-01-25 18:00:00,49.227253496928135,77.0
2025-01-26 19:00:00,2025-01-25 19:00:00,0.7543536773493695,1.0
2025-01-26 20:00:00,2025-01-25 20:00:00,0.4903704364659592,0.0
2025-01-26 21:00:00,2025-01-25 21:00:00,0.4903704364659592,0.0
2025-01-26 22:00:00,2025-01-25 22:00:00,0.4903704364659592,0.0
2025-01-26 23:00:00,2025-01-25 23:00:00,0.4903704364659592,0.0
2025-01-27 00:00:00,2025-01-26 00:00:00,0.36118965863087765,0.0
2025-01-27 01:00:00,2025-01-26 01:00:00,0.36118965863087765,0.0
2025-01-27 02:00:00,2025-01-26 02:00:00,0.36118965863087765,0.0
2025-01-27 03:00:00,2025-01-26 03:00:00,0.36118965863087765,0.0
2025-01-27 04:00:00,2025-01-26 04:00:00,0.36118965863087765,0.0
2025-01-27 05:00:00,2025-01-26 05:00:00,0.36118965863087765,0.0
2025-01-27 06:00:00,2025-01-26 06:00:00,0.36118965863087765,0.0
2025-01-27 07:00:00,2025-01-26 07:00:00,0.36118965863087765,0.0
2025-01-27 08:00:00,2025-01-26 08:00:00,0.36118965863087765,0.0
2025-01-27 09:00:00,2025-01-26 09:00:00,66.93149031519,78.0
2025-01-27 10:00:00,2025-01-26 10:00:00,235.18485113996834,239.0
2025-01-27 11:00:00,2025-01-26 11:00:00,409.6066393999694,401.0
2025-01-27 12:00:00,2025-01-26 12:00:00,527.898326257243,522.0
2025-01-27 13:00:00,2025-01-26 13:00:00,580.1696327369305,588.0
2025-01-27 14:00:00,2025-01-26 14:00:00,560.9938037953597,589.0
2025-01-27 15:00:00,2025-01-26 15:00:00,491.4037462629059,519.0
2025-01-27 16:00:00,2025-01-26 16:00:00,356.81639593744836,398.0
2025-01-27 17:00:00,2025-01-26 17:00:00,239.43960155953476,257.0
2025-01-27 18:00:00,2025-01-26 18:00:00,78.51204387942713,107.0
2025-01-27 19:00:00,2025-01-26 19:00:00,0.7381521769073777,2.0
2025-01-27 20:00:00,2025-01-26 20:00:00,0.40731899261401194,0.0
2025-01-27 21:00:00,2025-01-26 21:00:00,0.40731899261401194,0.0
2025-01-27 22:00:00,2025-01-26 22:00:00,0.40731899261401194,0.0
2025-01-27 23:00:00,2025-01-26 23:00:00,0.40731899261401194,0.0
2025-01-28 00:00:00,2025-01-27 00:00:00,0.36118965863087765,0.0
2025-01-28 01:00:00,2025-01-27 01:00:00,0.36118965863087765,0.0
2025-01-28 02:00:00,2025-01-27 02:00:00,0.36118965863087765,0.0
2025-01-28 03:00:00,2025-01-27 03:00:00,0.36118965863087765,0.0
2025-01-28 04:00:00,2025-01-27 04:00:00,0.36118965863087765,0.0
2025-01-28 05:00:00,2025-01-27 05:00:00,0.36118965863087765,0.0
2025-01-28 06:00:00,2025-01-27 06:00:00,0.36118965863087765,0.0
2025-01-28 07:00:00,2025-01-27 07:00:00,0.36118965863087765,0.0
2025-01-28 08:00:00,2025-01-27 08:00:00,0.36118965863087765,0.0
2025-01-28 09:00:00,2025-01-27 09:00:00,69.77045977138027,79.0
2025-01-28 10:00:00,2025-01-27 10:00:00,218.2787026287468,240.0
2025-01-28 11:00:00,2025-01-27 11:00:00,361.32693741164184,402.0
2025-01-28 12:00:00,2025-01-27 12:00:00,460.34903690682654,519.0
2025-01-28 13:00:00,2025-01-27 13:00:00,539.4276369442548,577.0
2025-01-28 14:00:00,2025-01-27 14:00:00,543.5410417773854,569.0
2025-01-28 15:00:00,2025-01-27 15:00:00,468.4274255882856,488.0
2025-01-28 16:00:00,2025-01-27 16:00:00,349.8600559084912,360.0
2025-01-28 17:00:00,2025-01-27 17:00:00,198.27461105230174,226.0
2025-01-28 18:00:00,2025-01-27 18:00:00,68.11924770139798,95.0
2025-01-28 19:00:00,2025-01-27 19:00:00,0.34619360002771055,2.0
2025-01-28 20:00:00,2025-01-27 20:00:00,0.3080014961099091,0.0
2025-01-28 21:00:00,2025-01-27 21:00:00,0.3080014961099091,0.0
2025-01-28 22:00:00,2025-01-27 22:00:00,0.48104459992369536,0.0
2025-01-28 23:00:00,2025-01-27 23:00:00,0.3910529399618563,0.0
2025-01-29 00:00:00,2025-01-28 00:00:00,0.36118965863087765,0.0
2025-01-29 01:00:00,2025-01-28 01:00:00,0.36118965863087765,0.0
2025-01-29 02:00:00,2025-01-28 02:00:00,0.36118965863087765,0.0
2025-01-29 03:00:00,2025-01-28 03:00:00,0.36118965863087765,0.0
2025-01-29 04:00:00,2025-01-28 04:00:00,0.36118965863087765,0.0
2025-01-29 05:00:00,2025-01-28 05:00:00,0.36118965863087765,0.0
2025-01-29 06:00:00,2025-01-28 06:00:00,0.36118965863087765,0.0
2025-01-29 07:00:00,2025-01-28 07:00:00,0.36118965863087765,0.0
2025-01-29 08:00:00,2025-01-28 08:00:00,0.36118965863087765,0.0
2025-01-29 09:00:00,2025-01-28 09:00:00,75.0052228069744,84.0
2025-01-29 10:00:00,2025-01-28 10:00:00,245.7928488881054,249.0
2025-01-29 11:00:00,2025-01-28 11:00:00,406.2164209036969,414.0
2025-01-29 12:00:00,2025-01-28 12:00:00,533.8486448992314,539.0
2025-01-29 13:00:00,2025-01-28 13:00:00,590.9511856633616,607.0
2025-01-29 14:00:00,2025-01-28 14:00:00,590.014962326463,610.0
2025-01-29 15:00:00,2025-01-28 15:00:00,533.320077448665,538.0
2025-01-29 16:00:00,2025-01-28 16:00:00,405.83171364020967,412.0
2025-01-29 17:00:00,2025-01-28 17:00:00,246.62044663560616,268.0
2025-01-29 18:00:00,2025-01-28 18:00:00,83.68089462899513,115.0
2025-01-29 19:00:00,2025-01-28 19:00:00,0.821203620759325,3.0
2025-01-29 20:00:00,2025-01-28 20:00:00,0.4903704364659592,0.0
2025-01-29 21:00:00,2025-01-28 21:00:00,0.4903704364659592,0.0
2025-01-29 22:00:00,2025-01-28 22:00:00,0.4903704364659592,0.0
2025-01-29 23:00:00,2025-01-28 23:00:00,0.4903704364659592,0.0
2025-01-30 00:00:00,2025-01-29 00:00:00,0.36118965863087765,0.0
2025-01-30 01:00:00,2025-01-29 01:00:00,0.36118965863087765,0.0
2025-01-30 02:00:00,2025-01-29 02:00:00,0.36118965863087765,0.0
2025-01-30 03:00:00,2025-01-29 03:00:00,0.36118965863087765,0.0
2025-01-30 04:00:00,2025-01-29 04:00:00,0.36118965863087765,0.0
2025-01-30 05:00:00,2025-01-29 05:00:00,0.36118965863087765,0.0
2025-01-30 06:00:00,2025-01-29 06:00:00,0.36118965863087765,0.0
2025-01-30 07:00:00,2025-01-29 07:00:00,0.36118965863087765,0.0
2025-01-30 08:00:00,2025-01-29 08:00:00,0.36118965863087765,1.0
2025-01-30 09:00:00,2025-01-29 09:00:00,74.4267147535838,84.0
2025-01-30 10:00:00,2025-01-29 10:00:00,233.98683704555484,249.0
2025-01-30 11:00:00,2025-01-29 11:00:00,403.5932660615294,414.0
2025-01-30 12:00:00,2025-01-29 12:00:00,538.8630224381161,539.0
2025-01-30 13:00:00,2025-01-29 13:00:00,593.0642629433778,608.0
2025-01-30 14:00:00,2025-01-29 14:00:00,591.7484226872208,611.0
2025-01-30 15:00:00,2025-01-29 15:00:00,531.8710725464155,540.0
2025-01-30 16:00:00,2025-01-29 16:00:00,410.8172770758036,416.0
2025-01-30 17:00:00,2025-01-29 17:00:00,260.13305811323664,272.0
2025-01-30 18:00:00,2025-01-29 18:00:00,85.55930217217703,119.0
2025-01-30 19:00:00,2025-01-29 19:00:00,0.41060193640499276,4.0
2025-01-30 20:00:00,2025-01-29 20:00:00,0.40731899261401194,0.0
2025-01-30 21:00:00,2025-01-29 21:00:00,0.40731899261401194,0.0
2025-01-30 22:00:00,2025-01-29 22:00:00,0.40731899261401194,0.0
2025-01-30 23:00:00,2025-01-29 23:00:00,0.40731899261401194,0.0
2025-01-31 00:00:00,2025-01-30 00:00:00,0.36118965863087765,0.0
2025-01-31 01:00:00,2025-01-30 01:00:00,0.36118965863087765,0.0
2025-01-31 02:00:00,2025-01-30 02:00:00,0.36118965863087765,0.0
2025-01-31 03:00:00,2025-01-30 03:00:00,0.36118965863087765,0.0
2025-01-31 04:00:00,2025-01-30 04:00:00,0.36118965863087765,0.0
2025-01-31 05:00:00,2025-01-30 05:00:00,0.36118965863087765,0.0
2025-01-31 06:00:00,2025-01-30 06:00:00,0.36118965863087765,0.0
2025-01-31 07:00:00,2025-01-30 07:00:00,0.36118965863087765,0.0
2025-01-31 08:00:00,2025-01-30 08:00:00,0.36118965863087765,1.0
2025-01-31 09:00:00,2025-01-30 09:00:00,65.83119384541337,77.0
2025-01-31 10:00:00,2025-01-30 10:00:00,191.85128116068944,223.0
2025-01-31 11:00:00,2025-01-30 11:00:00,334.7565533846401,367.0
2025-01-31 12:00:00,2025-01-30 12:00:00,499.8936646458488,474.0
2025-01-31 13:00:00,2025-01-30 13:00:00,579.61266288508,530.0
2025-01-31 14:00:00,2025-01-30 14:00:00,573.3223190683101,529.0
2025-01-31 15:00:00,2025-01-30 15:00:00,554.8750742640407,468.0
2025-01-31 16:00:00,2025-01-30 16:00:00,416.4759372019274,361.0
2025-01-31 17:00:00,2025-01-30 17:00:00,263.14783575902044,237.0
2025-01-31 18:00:00,2025-01-30 18:00:00,89.21200971322122,105.0
2025-01-31 19:00:00,2025-01-30 19:00:00,1.0756336834921687,4.0
2025-01-31 20:00:00,2025-01-30 20:00:00,0.40731899261401194,0.0
2025-01-31 21:00:00,2025-01-30 21:00:00,0.40731899261401194,0.0
2025-01-31 22:00:00,2025-01-30 22:00:00,0.40731899261401194,0.0
2025-01-31 23:00:00,2025-01-30 23:00:00,0.4903704364659592,0.0
2025-02-01 00:00:00,2025-01-31 00:00:00,0.36118965863087765,0.0
2025-02-01 01:00:00,2025-01-31 01:00:00,0.36118965863087765,0.0
2025-02-01 02:00:00,2025-01-31 02:00:00,0.36118965863087765,0.0
2025-02-01 03:00:00,2025-01-31 03:00:00,0.36118965863087765,0.0
2025-02-01 04:00:00,2025-01-31 04:00:00,0.36118965863087765,0.0
2025-02-01 05:00:00,2025-01-31 05:00:00,0.36118965863087765,0.0
2025-02-01 06:00:00,2025-01-31 06:00:00,0.36118965863087765,0.0
2025-02-01 07:00:00,2025-01-31 07:00:00,0.36118965863087765,0.0
2025-02-01 08:00:00,2025-01-31 08:00:00,0.4280396020408331,1.0
2025-02-01 09:00:00,2025-01-31 09:00:00,80.17757475325189,87.0
2025-02-01 10:00:00,2025-01-31 10:00:00,239.83342317517528,250.0
2025-02-01 11:00:00,2025-01-31 11:00:00,404.98215487870306,413.0
2025-02-01 12:00:00,2025-01-31 12:00:00,554.0405688422372,535.0
2025-02-01 13:00:00,2025-01-31 13:00:00,602.5656260362972,601.0
2025-02-01 14:00:00,2025-01-31 14:00:00,603.1124798361199,602.0
2025-02-01 15:00:00,2025-01-31 15:00:00,558.2003634457011,530.0
2025-02-01 16:00:00,2025-01-31 16:00:00,423.6401991270959,406.0
2025-02-01 17:00:00,2025-01-31 17:00:00,262.59767007152016,266.0
2025-02-01 18:00:00,2025-01-31 18:00:00,88.22122085982033,119.0
2025-02-01 19:00:00,2025-01-31 19:00:00,1.5258494376919927,5.0
2025-02-01 20:00:00,2025-01-31 20:00:00,0.40731899261401194,0.0
2025-02-01 21:00:00,2025-01-31 21:00:00,0.40731899261401194,0.0
2025-02-01 22:00:00,2025-01-31 22:00:00,0.40731899261401194,0.0
2025-02-01 23:00:00,2025-01-31 23:00:00,0.40731899261401194,0.0
2025-02-02 00:00:00,2025-02-01 00:00:00,0.36118965863087765,0.0
2025-02-02 01:00:00,2025-02-01 01:00:00,0.36118965863087765,0.0
2025-02-02 02:00:00,2025-02-01 02:00:00,0.36118965863087765,0.0
2025-02-02 03:00:00,2025-02-01 03:00:00,0.36118965863087765,0.0
2025-02-02 04:00:00,2025-02-01 04:00:00,0.36118965863087765,0.0
2025-02-02 05:00:00,2025-02-01 05:00:00,0.36118965863087765,0.0
2025-02-02 06:00:00,2025-02-01 06:00:00,0.36118965863087765,0.0
2025-02-02 07:00:00,2025-02-01 07:00:00,0.36118965863087765,0.0
2025-02-02 08:00:00,2025-02-01 08:00:00,0.5144969661028455,1.0
2025-02-02 09:00:00,2025-02-01 09:00:00,79.98964958776249,91.0
2025-02-02 10:00:00,2025-02-01 10:00:00,242.02204469765545,257.0
2025-02-02 11:00:00,2025-02-01 11:00:00,412.92180050539184,424.0
2025-02-02 12:00:00,2025-02-01 12:00:00,536.745771828476,549.0
2025-02-02 13:00:00,2025-02-01 13:00:00,613.5880724749993,617.0
2025-02-02 14:00:00,2025-02-01 14:00:00,602.9743260809222,620.0
2025-02-02 15:00:00,2025-02-01 15:00:00,469.8226733979394,549.0
2025-02-02 16:00:00,2025-02-01 16:00:00,367.3877374595899,425.0
2025-02-02 17:00:00,2025-02-01 17:00:00,222.32826811169977,281.0
2025-02-02 18:00:00,2025-02-01 18:00:00,80.9504485416989,128.0
2025-02-02 19:00:00,2025-02-01 19:00:00,1.5606443178211513,6.0
2025-02-02 20:00:00,2025-02-01 20:00:00,0.3080014961099091,0.0
2025-02-02 21:00:00,2025-02-01 21:00:00,0.3080014961099091,0.0
2025-02-02 22:00:00,2025-02-01 22:00:00,0.3080014961099091,0.0
2025-02-02 23:00:00,2025-02-01 23:00:00,0.3080014961099091,0.0
2025-02-03 00:00:00,2025-02-02 00:00:00,0.36118965863087765,0.0
2025-02-03 01:00:00,2025-02-02 01:00:00,0.36118965863087765,0.0
2025-02-03 02:00:00,2025-02-02 02:00:00,0.36118965863087765,0.0
2025-02-03 03:00:00,2025-02-02 03:00:00,0.36118965863087765,0.0
2025-02-03 04:00:00,2025-02-02 04:00:00,0.36118965863087765,0.0
2025-02-03 05:00:00,2025-02-02 05:00:00,0.36118965863087765,0.0
2025-02-03 06:00:00,2025-02-02 06:00:00,0.36118965863087765,0.0
2025-02-03 07:00:00,2025-02-02 07:00:00,0.36118965863087765,0.0
2025-02-03 08:00:00,2025-02-02 08:00:00,0.25954100353500226,1.0
2025-02-03 09:00:00,2025-02-02 09:00:00,48.840849945807456,74.0
2025-02-03 10:00:00,2025-02-02 10:00:00,184.5473297119693,225.0
2025-02-03 11:00:00,2025-02-02 11:00:00,207.86225364443445,385.0
2025-02-03 12:00:00,2025-02-02 12:00:00,297.5360765612585,488.0
2025-02-03 13:00:00,2025-02-02 13:00:00,342.07648935101275,526.0
2025-02-03 14:00:00,2025-02-02 14:00:00,391.50031836135423,516.0
2025-02-03 15:00:00,2025-02-02 15:00:00,524.8408209261078,467.0
2025-02-03 16:00:00,2025-02-02 16:00:00,425.8039618611124,378.0
2025-02-03 17:00:00,2025-02-02 17:00:00,272.51506182435713,260.0
2025-02-03 18:00:00,2025-02-02 18:00:00,106.16295270805664,120.0
2025-02-03 19:00:00,2025-02-02 19:00:00,2.6006411405440684,6.0
2025-02-03 20:00:00,2025-02-02 20:00:00,0.4903704364659592,0.0
2025-02-03 21:00:00,2025-02-02 21:00:00,0.4903704364659592,0.0
2025-02-03 22:00:00,2025-02-02 22:00:00,0.4903704364659592,0.0
2025-02-03 23:00:00,2025-02-02 23:00:00,0.4903704364659592,0.0
2025-02-04 00:00:00,2025-02-03 00:00:00,0.36118965863087765,0.0
2025-02-04 01:00:00,2025-02-03 01:00:00,0.36118965863087765,0.0
2025-02-04 02:00:00,2025-02-03 02:00:00,0.36118965863087765,0.0
2025-02-04 03:00:00,2025-02-03 03:00:00,0.36118965863087765,0.0
2025-02-04 04:00:00,2025-02-03 04:00:00,0.36118965863087765,0.0
2025-02-04 05:00:00,2025-02-03 05:00:00,0.36118965863087765,0.0
2025-02-04 06:00:00,2025-02-03 06:00:00,0.36118965863087765,0.0
2025-02-04 07:00:00,2025-02-03 07:00:00,0.36118965863087765,0.0
2025-02-04 08:00:00,2025-02-03 08:00:00,0.5144969661028455,1.0
2025-02-04 09:00:00,2025-02-03 09:00:00,76.15796471706078,75.0
2025-02-04 10:00:00,2025-02-03 10:00:00,254.3172912385234,204.0
2025-02-04 11:00:00,2025-02-03 11:00:00,450.04894670622946,333.0
2025-02-04 12:00:00,2025-02-03 12:00:00,565.068138894166,437.0
2025-02-04 13:00:00,2025-02-03 13:00:00,593.831885249242,503.0
2025-02-04 14:00:00,2025-02-03 14:00:00,590.4774263569062,513.0
2025-02-04 15:00:00,2025-02-03 15:00:00,556.1754613124924,456.0
2025-02-04 16:00:00,2025-02-03 16:00:00,446.46231565743693,353.0
2025-02-04 17:00:00,2025-02-03 17:00:00,280.7897658306225,234.0
2025-02-04 18:00:00,2025-02-03 18:00:00,105.85236041351325,108.0
2025-02-04 19:00:00,2025-02-03 19:00:00,3.0885236019199325,6.0
2025-02-04 20:00:00,2025-02-03 20:00:00,0.40731899261401194,0.0
2025-02-04 21:00:00,2025-02-03 21:00:00,0.40731899261401194,0.0
2025-02-04 22:00:00,2025-02-03 22:00:00,0.40731899261401194,0.0
2025-02-04 23:00:00,2025-02-03 23:00:00,0.40731899261401194,0.0
2025-02-05 00:00:00,2025-02-04 00:00:00,0.36118965863087765,0.0
2025-02-05 01:00:00,2025-02-04 01:00:00,0.36118965863087765,0.0
2025-02-05 02:00:00,2025-02-04 02:00:00,0.36118965863087765,0.0
2025-02-05 03:00:00,2025-02-04 03:00:00,0.36118965863087765,0.0
2025-02-05 04:00:00,2025-02-04 04:00:00,0.36118965863087765,0.0
2025-02-05 05:00:00,2025-02-04 05:00:00,0.36118965863087765,0.0
2025-02-05 06:00:00,2025-02-04 06:00:00,0.36118965863087765,0.0
2025-02-05 07:00:00,2025-02-04 07:00:00,0.36118965863087765,0.0
2025-02-05 08:00:00,2025-02-04 08:00:00,0.8325362275901635,2.0
2025-02-05 09:00:00,2025-02-04 09:00:00,63.72106223308462,83.0
2025-02-05 10:00:00,2025-02-04 10:00:00,208.92343254943444,228.0
2025-02-05 11:00:00,2025-02-04 11:00:00,350.2163562835731,374.0
2025-02-05 12:00:00,2025-02-04 12:00:00,488.05834443399766,485.0
2025-02-05 13:00:00,2025-02-04 13:00:00,559.7140402269287,548.0
2025-02-05 14:00:00,2025-02-04 14:00:00,584.3891685724212,549.0
2025-02-05 15:00:00,2025-02-04 15:00:00,533.549508413566,481.0
2025-02-05 16:00:00,2025-02-04 16:00:00,397.43898294557573,365.0
2025-02-05 17:00:00,2025-02-04 17:00:00,226.5785432311892,239.0
2025-02-05 18:00:00,2025-02-04 18:00:00,83.98723696074111,112.0
2025-02-05 19:00:00,2025-02-04 19:00:00,2.543215360501919,7.0
2025-02-05 20:00:00,2025-02-04 20:00:00,0.40731899261401194,0.0
2025-02-05 21:00:00,2025-02-04 21:00:00,0.40731899261401194,0.0
2025-02-05 22:00:00,2025-02-04 22:00:00,0.4903704364659592,0.0
2025-02-05 23:00:00,2025-02-04 23:00:00,0.4903704364659592,0.0
2025-02-06 00:00:00,2025-02-05 00:00:00,0.36118965863087765,0.0
2025-02-06 01:00:00,2025-02-05 01:00:00,0.36118965863087765,0.0
2025-02-06 02:00:00,2025-02-05 02:00:00,0.36118965863087765,0.0
2025-02-06 03:00:00,2025-02-05 03:00:00,0.36118965863087765,0.0
2025-02-06 04:00:00,2025-02-05 04:00:00,0.36118965863087765,0.0
2025-02-06 05:00:00,2025-02-05 05:00:00,0.36118965863087765,0.0
2025-02-06 06:00:00,2025-02-05 06:00:00,0.36118965863087765,0.0
2025-02-06 07:00:00,2025-02-05 07:00:00,0.36118965863087765,0.0
2025-02-06 08:00:00,2025-02-05 08:00:00,0.919093261539032,2.0
2025-02-06 09:00:00,2025-02-05 09:00:00,97.47620759830961,87.0
2025-02-06 10:00:00,2025-02-05 10:00:00,274.02339981922125,244.0
2025-02-06 11:00:00,2025-02-05 11:00:00,455.918425418973,409.0
2025-02-06 12:00:00,2025-02-05 12:00:00,586.7413456289352,533.0
2025-02-06 13:00:00,2025-02-05 13:00:00,667.8034616859364,602.0
2025-02-06 14:00:00,2025-02-05 14:00:00,660.6603595013886,610.0
2025-02-06 15:00:00,2025-02-05 15:00:00,587.8471452145942,560.0
2025-02-06 16:00:00,2025-02-05 16:00:00,468.6217495537096,453.0
2025-02-06 17:00:00,2025-02-05 17:00:00,299.98208477858253,301.0
2025-02-06 18:00:00,2025-02-05 18:00:00,106.68450600449405,127.0
2025-02-06 19:00:00,2025-02-05 19:00:00,3.740633051791154,7.0
2025-02-06 20:00:00,2025-02-05 20:00:00,0.4903704364659592,0.0
2025-02-06 21:00:00,2025-02-05 21:00:00,0.4903704364659592,0.0
2025-02-06 22:00:00,2025-02-05 22:00:00,0.4903704364659592,0.0
2025-02-06 23:00:00,2025-02-05 23:00:00,0.40731899261401194,0.0
2025-02-07 00:00:00,2025-02-06 00:00:00,0.36118965863087765,0.0
2025-02-07 01:00:00,2025-02-06 01:00:00,0.36118965863087765,0.0
2025-02-07 02:00:00,2025-02-06 02:00:00,0.36118965863087765,0.0
2025-02-07 03:00:00,2025-02-06 03:00:00,0.36118965863087765,0.0
2025-02-07 04:00:00,2025-02-06 04:00:00,0.36118965863087765,0.0
2025-02-07 05:00:00,2025-02-06 05:00:00,0.36118965863087765,0.0
2025-02-07 06:00:00,2025-02-06 06:00:00,0.36118965863087765,0.0
2025-02-07 07:00:00,2025-02-06 07:00:00,0.36118965863087765,0.0
2025-02-07 08:00:00,2025-02-06 08:00:00,1.1858874064980023,2.0
2025-02-07 09:00:00,2025-02-06 09:00:00,78.24416463516242,68.0
2025-02-07 10:00:00,2025-02-06 10:00:00,238.11012203793476,186.0
2025-02-07 11:00:00,2025-02-06 11:00:00,401.630985009253,308.0
2025-02-07 12:00:00,2025-02-06 12:00:00,518.0919643710832,396.0
2025-02-07 13:00:00,2025-02-06 13:00:00,613.6326909407746,443.0
2025-02-07 14:00:00,2025-02-06 14:00:00,653.3160779657669,460.0
2025-02-07 15:00:00,2025-02-06 15:00:00,556.6673058270784,464.0
2025-02-07 16:00:00,2025-02-06 16:00:00,442.20339542823547,424.0
2025-02-07 17:00:00,2025-02-06 17:00:00,262.20293903319833,305.0
2025-02-07 18:00:00,2025-02-06 18:00:00,106.91357257568885,130.0
2025-02-07 19:00:00,2025-02-06 19:00:00,4.454925771200561,8.0
2025-02-07 20:00:00,2025-02-06 20:00:00,0.40731899261401194,0.0
2025-02-07 21:00:00,2025-02-06 21:00:00,0.40731899261401194,0.0
2025-02-07 22:00:00,2025-02-06 22:00:00,0.4903704364659592,0.0
2025-02-07 23:00:00,2025-02-06 23:00:00,0.4903704364659592,0.0
2025-02-08 00:00:00,2025-02-07 00:00:00,0.36118965863087765,0.0
2025-02-08 01:00:00,2025-02-07 01:00:00,0.36118965863087765,0.0
2025-02-08 02:00:00,2025-02-07 02:00:00,0.36118965863087765,0.0
2025-02-08 03:00:00,2025-02-07 03:00:00,0.36118965863087765,0.0
2025-02-08 04:00:00,2025-02-07 04:00:00,0.36118965863087765,0.0
2025-02-08 05:00:00,2025-02-07 05:00:00,0.36118965863087765,0.0
2025-02-08 06:00:00,2025-02-07 06:00:00,0.36118965863087765,0.0
2025-02-08 07:00:00,2025-02-07 07:00:00,0.36118965863087765,0.0
2025-02-08 08:00:00,2025-02-07 08:00:00,1.1858874064980023,3.0
2025-02-08 09:00:00,2025-02-07 09:00:00,98.03600802243623,104.0
2025-02-08 10:00:00,2025-02-07 10:00:00,270.0338772857288,271.0
2025-02-08 11:00:00,2025-02-07 11:00:00,426.99593191013406,436.0
2025-02-08 12:00:00,2025-02-07 12:00:00,564.7065759960469,555.0
2025-02-08 13:00:00,2025-02-07 13:00:00,630.4619821727387,616.0
2025-02-08 14:00:00,2025-02-07 14:00:00,624.3517100573918,616.0
2025-02-08 15:00:00,2025-02-07 15:00:00,582.176923038393,559.0
2025-02-08 16:00:00,2025-02-07 16:00:00,421.77794156574015,449.0
2025-02-08 17:00:00,2025-02-07 17:00:00,264.7554570329881,295.0
2025-02-08 18:00:00,2025-02-07 18:00:00,112.91708386252812,123.0
2025-02-08 19:00:00,2025-02-07 19:00:00,4.878902127159722,8.0
2025-02-08 20:00:00,2025-02-07 20:00:00,0.4903704364659592,0.0
2025-02-08 21:00:00,2025-02-07 21:00:00,0.40731899261401194,0.0
2025-02-08 22:00:00,2025-02-07 22:00:00,0.40731899261401194,0.0
2025-02-08 23:00:00,2025-02-07 23:00:00,0.40731899261401194,0.0
2025-02-09 00:00:00,2025-02-08 00:00:00,0.36118965863087765,0.0
2025-02-09 01:00:00,2025-02-08 01:00:00,0.36118965863087765,0.0
2025-02-09 02:00:00,2025-02-08 02:00:00,0.36118965863087765,0.0
2025-02-09 03:00:00,2025-02-08 03:00:00,0.36118965863087765,0.0
2025-02-09 04:00:00,2025-02-08 04:00:00,0.36118965863087765,0.0
2025-02-09 05:00:00,2025-02-08 05:00:00,0.36118965863087765,0.0
2025-02-09 06:00:00,2025-02-08 06:00:00,0.36118965863087765,0.0
2025-02-09 07:00:00,2025-02-08 07:00:00,0.36118965863087765,0.0
2025-02-09 08:00:00,2025-02-08 08:00:00,1.5233689130827937,2.0
2025-02-09 09:00:00,2025-02-08 09:00:00,98.77444019570935,63.0
2025-02-09 10:00:00,2025-02-08 10:00:00,267.48870445641364,193.0
2025-02-09 11:00:00,2025-02-08 11:00:00,425.4916131253573,341.0
2025-02-09 12:00:00,2025-02-08 12:00:00,549.1456519689733,459.0
2025-02-09 13:00:00,2025-02-08 13:00:00,594.1854590040987,530.0
2025-02-09 14:00:00,2025-02-08 14:00:00,592.5194792280187,541.0
2025-02-09 15:00:00,2025-02-08 15:00:00,511.50424690737475,487.0
2025-02-09 16:00:00,2025-02-08 16:00:00,362.7151998262838,381.0
2025-02-09 17:00:00,2025-02-08 17:00:00,243.10272958845457,247.0
2025-02-09 18:00:00,2025-02-08 18:00:00,111.77852850489113,105.0
2025-02-09 19:00:00,2025-02-08 19:00:00,4.026459441547492,7.0
2025-02-09 20:00:00,2025-02-08 20:00:00,0.4903704364659592,0.0
2025-02-09 21:00:00,2025-02-08 21:00:00,0.4903704364659592,0.0
2025-02-09 22:00:00,2025-02-08 22:00:00,0.4903704364659592,0.0
2025-02-09 23:00:00,2025-02-08 23:00:00,0.4903704364659592,0.0
2025-02-10 00:00:00,2025-02-09 00:00:00,0.36118965863087765,0.0
2025-02-10 01:00:00,2025-02-09 01:00:00,0.36118965863087765,0.0
2025-02-10 02:00:00,2025-02-09 02:00:00,0.36118965863087765,0.0
2025-02-10 03:00:00,2025-02-09 03:00:00,0.36118965863087765,0.0
2025-02-10 04:00:00,2025-02-09 04:00:00,0.36118965863087765,0.0
2025-02-10 05:00:00,2025-02-09 05:00:00,0.36118965863087765,0.0
2025-02-10 06:00:00,2025-02-09 06:00:00,0.36118965863087765,0.0
2025-02-10 07:00:00,2025-02-09 07:00:00,0.36118965863087765,0.0
2025-02-10 08:00:00,2025-02-09 08:00:00,1.3668407565143126,4.0
2025-02-10 09:00:00,2025-02-09 09:00:00,103.64764997064819,100.0
2025-02-10 10:00:00,2025-02-09 10:00:00,283.6329173498651,253.0
2025-02-10 11:00:00,2025-02-09 11:00:00,473.32785851767096,405.0
2025-02-10 12:00:00,2025-02-09 12:00:00,569.4744853863408,519.0
2025-02-10 13:00:00,2025-02-09 13:00:00,628.0442442274692,584.0
2025-02-10 14:00:00,2025-02-09 14:00:00,614.9471047197653,585.0
2025-02-10 15:00:00,2025-02-09 15:00:00,535.744704613296,522.0
2025-02-10 16:00:00,2025-02-09 16:00:00,428.199003570125,408.0
2025-02-10 17:00:00,2025-02-09 17:00:00,250.53323879453635,263.0
2025-02-10 18:00:00,2025-02-09 18:00:00,104.50027123951146,110.0
2025-02-10 19:00:00,2025-02-09 19:00:00,4.906477334097558,8.0
2025-02-10 20:00:00,2025-02-09 20:00:00,0.4903704364659592,0.0
2025-02-10 21:00:00,2025-02-09 21:00:00,0.4903704364659592,0.0
2025-02-10 22:00:00,2025-02-09 22:00:00,0.40731899261401194,0.0
2025-02-10 23:00:00,2025-02-09 23:00:00,0.4903704364659592,0.0
2025-02-11 00:00:00,2025-02-10 00:00:00,0.36118965863087765,0.0
2025-02-11 01:00:00,2025-02-10 01:00:00,0.36118965863087765,0.0
2025-02-11 02:00:00,2025-02-10 02:00:00,0.36118965863087765,0.0
2025-02-11 03:00:00,2025-02-10 03:00:00,0.36118965863087765,0.0
2025-02-11 04:00:00,2025-02-10 04:00:00,0.36118965863087765,0.0
2025-02-11 05:00:00,2025-02-10 05:00:00,0.36118965863087765,0.0
2025-02-11 06:00:00,2025-02-10 06:00:00,0.36118965863087765,0.0
2025-02-11 07:00:00,2025-02-10 07:00:00,0.36118965863087765,0.0
2025-02-11 08:00:00,2025-02-10 08:00:00,2.0774906436257674,4.0
2025-02-11 09:00:00,2025-02-10 09:00:00,96.97690426981974,102.0
2025-02-11 10:00:00,2025-02-10 10:00:00,273.5227434263397,259.0
2025-02-11 11:00:00,2025-02-10 11:00:00,427.42646666903534,411.0
2025-02-11 12:00:00,2025-02-10 12:00:00,503.9544916664841,499.0
2025-02-11 13:00:00,2025-02-10 13:00:00,588.1855110028628,519.0
2025-02-11 14:00:00,2025-02-10 14:00:00,565.710062157381,495.0
2025-02-11 15:00:00,2025-02-10 15:00:00,557.7144839752256,449.0
2025-02-11 16:00:00,2025-02-10 16:00:00,427.59129532768844,369.0
2025-02-11 17:00:00,2025-02-10 17:00:00,266.90192427254755,248.0
2025-02-11 18:00:00,2025-02-10 18:00:00,110.70201872289756,105.0
2025-02-11 19:00:00,2025-02-10 19:00:00,7.391898713723861,8.0
2025-02-11 20:00:00,2025-02-10 20:00:00,0.4903704364659592,0.0
2025-02-11 21:00:00,2025-02-10 21:00:00,0.40731899261401194,0.0
2025-02-11 22:00:00,2025-02-10 22:00:00,0.4903704364659592,0.0
2025-02-11 23:00:00,2025-02-10 23:00:00,0.4903704364659592,0.0
2025-02-12 00:00:00,2025-02-11 00:00:00,0.36118965863087765,0.0
2025-02-12 01:00:00,2025-02-11 01:00:00,0.36118965863087765,0.0
2025-02-12 02:00:00,2025-02-11 02:00:00,0.36118965863087765,0.0
2025-02-12 03:00:00,2025-02-11 03:00:00,0.36118965863087765,0.0
2025-02-12 04:00:00,2025-02-11 04:00:00,0.36118965863087765,0.0
2025-02-12 05:00:00,2025-02-11 05:00:00,0.36118965863087765,0.0
2025-02-12 06:00:00,2025-02-11 06:00:00,0.36118965863087765,0.0
2025-02-12 07:00:00,2025-02-11 07:00:00,0.36118965863087765,0.0
2025-02-12 08:00:00,2025-02-11 08:00:00,2.5761750731384865,5.0
2025-02-12 09:00:00,2025-02-11 09:00:00,106.54944884580726,102.0
2025-02-12 10:00:00,2025-02-11 10:00:00,268.58406852686403,271.0
2025-02-12 11:00:00,2025-02-11 11:00:00,456.35530420454756,445.0
2025-02-12 12:00:00,2025-02-11 12:00:00,528.432305200846,569.0
2025-02-12 13:00:00,2025-02-11 13:00:00,596.2452146330713,630.0
2025-02-12 14:00:00,2025-02-11 14:00:00,627.5496544580395,624.0
2025-02-12 15:00:00,2025-02-11 15:00:00,555.9111342727002,554.0
2025-02-12 16:00:00,2025-02-11 16:00:00,432.4489185624589,432.0
2025-02-12 17:00:00,2025-02-11 17:00:00,263.7378555077191,282.0
2025-02-12 18:00:00,2025-02-11 18:00:00,116.89430564286808,124.0
2025-02-12 19:00:00,2025-02-11 19:00:00,7.1278939198556035,11.0
2025-02-12 20:00:00,2025-02-11 20:00:00,0.40731899261401194,0.0
2025-02-12 21:00:00,2025-02-11 21:00:00,0.40731899261401194,0.0
2025-02-12 22:00:00,2025-02-11 22:00:00,0.4903704364659592,0.0
2025-02-12 23:00:00,2025-02-11 23:00:00,0.4903704364659592,0.0
2025-02-13 00:00:00,2025-02-12 00:00:00,0.36118965863087765,0.0
2025-02-13 01:00:00,2025-02-12 01:00:00,0.36118965863087765,0.0
2025-02-13 02:00:00,2025-02-12 02:00:00,0.36118965863087765,0.0
2025-02-13 03:00:00,2025-02-12 03:00:00,0.36118965863087765,0.0
2025-02-13 04:00:00,2025-02-12 04:00:00,0.36118965863087765,0.0
2025-02-13 05:00:00,2025-02-12 05:00:00,0.36118965863087765,0.0
2025-02-13 06:00:00,2025-02-12 06:00:00,0.36118965863087765,0.0
2025-02-13 07:00:00,2025-02-12 07:00:00,0.36118965863087765,0.0
2025-02-13 08:00:00,2025-02-12 08:00:00,3.103111395897342,6.0
2025-02-13 09:00:00,2025-02-12 09:00:00,107.3157658225102,119.0
2025-02-13 10:00:00,2025-02-12 10:00:00,249.56654551755975,295.0
2025-02-13 11:00:00,2025-02-12 11:00:00,454.630770187667,470.0
2025-02-13 12:00:00,2025-02-12 12:00:00,595.2397940768382,598.0
2025-02-13 13:00:00,2025-02-12 13:00:00,663.4838147439691,665.0
2025-02-13 14:00:00,2025-02-12 14:00:00,674.2177036645154,667.0
2025-02-13 15:00:00,2025-02-12 15:00:00,597.0809912636494,610.0
2025-02-13 16:00:00,2025-02-12 16:00:00,497.88154315096097,496.0
2025-02-13 17:00:00,2025-02-12 17:00:00,323.8048280647258,331.0
2025-02-13 18:00:00,2025-02-12 18:00:00,134.99161240850344,143.0
2025-02-13 19:00:00,2025-02-12 19:00:00,7.586988914972103,12.0
2025-02-13 20:00:00,2025-02-12 20:00:00,0.40731899261401194,0.0
2025-02-13 21:00:00,2025-02-12 21:00:00,0.40731899261401194,0.0
2025-02-13 22:00:00,2025-02-12 22:00:00,0.40731899261401194,0.0
2025-02-13 23:00:00,2025-02-12 23:00:00,0.4903704364659592,0.0
2025-02-14 00:00:00,2025-02-13 00:00:00,0.36118965863087765,0.0
2025-02-14 01:00:00,2025-02-13 01:00:00,0.36118965863087765,0.0
2025-02-14 02:00:00,2025-02-13 02:00:00,0.36118965863087765,0.0
2025-02-14 03:00:00,2025-02-13 03:00:00,0.36118965863087765,0.0
2025-02-14 04:00:00,2025-02-13 04:00:00,0.36118965863087765,0.0
2025-02-14 05:00:00,2025-02-13 05:00:00,0.36118965863087765,0.0
2025-02-14 06:00:00,2025-02-13 06:00:00,0.36118965863087765,0.0
2025-02-14 07:00:00,2025-02-13 07:00:00,0.36118965863087765,0.0
2025-02-14 08:00:00,2025-02-13 08:00:00,3.8778334396779663,7.0
2025-02-14 09:00:00,2025-02-13 09:00:00,108.87921153904952,120.0
2025-02-14 10:00:00,2025-02-13 10:00:00,262.5893650745175,289.0
2025-02-14 11:00:00,2025-02-13 11:00:00,444.7935703538867,457.0
2025-02-14 12:00:00,2025-02-13 12:00:00,573.7415021139735,584.0
2025-02-14 13:00:00,2025-02-13 13:00:00,627.5515276462597,657.0
2025-02-14 14:00:00,2025-02-13 14:00:00,630.6523338351196,663.0
2025-02-14 15:00:00,2025-02-13 15:00:00,586.9036805918348,604.0
2025-02-14 16:00:00,2025-02-13 16:00:00,457.0685207140618,486.0
2025-02-14 17:00:00,2025-02-13 17:00:00,271.6952931208985,322.0
2025-02-14 18:00:00,2025-02-13 18:00:00,126.87389505367847,139.0
2025-02-14 19:00:00,2025-02-13 19:00:00,8.429155984502376,12.0
2025-02-14 20:00:00,2025-02-13 20:00:00,0.40731899261401194,0.0
2025-02-14 21:00:00,2025-02-13 21:00:00,0.40731899261401194,0.0
2025-02-14 22:00:00,2025-02-13 22:00:00,0.40731899261401194,0.0
2025-02-14 23:00:00,2025-02-13 23:00:00,0.40731899261401194,0.0
2025-02-15 00:00:00,2025-02-14 00:00:00,0.36118965863087765,0.0
2025-02-15 01:00:00,2025-02-14 01:00:00,0.36118965863087765,0.0
2025-02-15 02:00:00,2025-02-14 02:00:00,0.36118965863087765,0.0
2025-02-15 03:00:00,2025-02-14 03:00:00,0.36118965863087765,0.0
2025-02-15 04:00:00,2025-02-14 04:00:00,0.36118965863087765,0.0
2025-02-15 05:00:00,2025-02-14 05:00:00,0.36118965863087765,0.0
2025-02-15 06:00:00,2025-02-14 06:00:00,0.36118965863087765,0.0
2025-02-15 07:00:00,2025-02-14 07:00:00,0.36118965863087765,0.0
2025-02-15 08:00:00,2025-02-14 08:00:00,3.2502153375479614,7.0
2025-02-15 09:00:00,2025-02-14 09:00:00,111.73547185723316,118.0
2025-02-15 10:00:00,2025-02-14 10:00:00,288.86455691831173,285.0
2025-02-15 11:00:00,2025-02-14 11:00:00,428.4759961650147,452.0
2025-02-15 12:00:00,2025-02-14 12:00:00,570.566466634251,574.0
2025-02-15 13:00:00,2025-02-14 13:00:00,594.5243566173954,638.0
2025-02-15 14:00:00,2025-02-14 14:00:00,603.5101486720984,637.0
2025-02-15 15:00:00,2025-02-14 15:00:00,491.4995637819087,576.0
2025-02-15 16:00:00,2025-02-14 16:00:00,447.7681740908743,459.0
2025-02-15 17:00:00,2025-02-14 17:00:00,284.236350725122,298.0
2025-02-15 18:00:00,2025-02-14 18:00:00,117.74865368669451,122.0
2025-02-15 19:00:00,2025-02-14 19:00:00,9.403845630174995,10.0
2025-02-15 20:00:00,2025-02-14 20:00:00,0.3080014961099091,0.0
2025-02-15 21:00:00,2025-02-14 21:00:00,0.3910529399618563,0.0
2025-02-15 22:00:00,2025-02-14 22:00:00,0.3080014961099091,0.0
2025-02-15 23:00:00,2025-02-14 23:00:00,0.3080014961099091,0.0
2025-02-16 00:00:00,2025-02-15 00:00:00,0.36118965863087765,0.0
2025-02-16 01:00:00,2025-02-15 01:00:00,0.36118965863087765,0.0
2025-02-16 02:00:00,2025-02-15 02:00:00,0.36118965863087765,0.0
2025-02-16 03:00:00,2025-02-15 03:00:00,0.36118965863087765,0.0
2025-02-16 04:00:00,2025-02-15 04:00:00,0.36118965863087765,0.0
2025-02-16 05:00:00,2025-02-15 05:00:00,0.36118965863087765,0.0
2025-02-16 06:00:00,2025-02-15 06:00:00,0.36118965863087765,0.0
2025-02-16 07:00:00,2025-02-15 07:00:00,0.36118965863087765,0.0
2025-02-16 08:00:00,2025-02-15 08:00:00,4.657019757366064,8.0
2025-02-16 09:00:00,2025-02-15 09:00:00,120.81792504977206,126.0
2025-02-16 10:00:00,2025-02-15 10:00:00,281.37908094024255,300.0
2025-02-16 11:00:00,2025-02-15 11:00:00,460.96825993006803,472.0
2025-02-16 12:00:00,2025-02-15 12:00:00,595.3144107032147,599.0
2025-02-16 13:00:00,2025-02-15 13:00:00,676.0316997328003,666.0
2025-02-16 14:00:00,2025-02-15 14:00:00,678.5624024116255,667.0
2025-02-16 15:00:00,2025-02-15 15:00:00,603.1846119955406,604.0
2025-02-16 16:00:00,2025-02-15 16:00:00,466.6509026257874,484.0
2025-02-16 17:00:00,2025-02-15 17:00:00,334.19140610761167,324.0
2025-02-16 18:00:00,2025-02-15 18:00:00,142.88009170462334,146.0
2025-02-16 19:00:00,2025-02-15 19:00:00,12.655131497417075,15.0
2025-02-16 20:00:00,2025-02-15 20:00:00,0.4903704364659592,0.0
2025-02-16 21:00:00,2025-02-15 21:00:00,0.4903704364659592,0.0
2025-02-16 22:00:00,2025-02-15 22:00:00,0.4903704364659592,0.0
2025-02-16 23:00:00,2025-02-15 23:00:00,0.4903704364659592,0.0
2025-02-17 00:00:00,2025-02-16 00:00:00,0.36118965863087765,0.0
2025-02-17 01:00:00,2025-02-16 01:00:00,0.36118965863087765,0.0
2025-02-17 02:00:00,2025-02-16 02:00:00,0.36118965863087765,0.0
2025-02-17 03:00:00,2025-02-16 03:00:00,0.36118965863087765,0.0
2025-02-17 04:00:00,2025-02-16 04:00:00,0.36118965863087765,0.0
2025-02-17 05:00:00,2025-02-16 05:00:00,0.36118965863087765,0.0
2025-02-17 06:00:00,2025-02-16 06:00:00,0.36118965863087765,0.0
2025-02-17 07:00:00,2025-02-16 07:00:00,0.36118965863087765,0.0
2025-02-17 08:00:00,2025-02-16 08:00:00,7.603780099019623,7.0
2025-02-17 09:00:00,2025-02-16 09:00:00,122.44661104297793,106.0
2025-02-17 10:00:00,2025-02-16 10:00:00,267.96223952095886,261.0
2025-02-17 11:00:00,2025-02-16 11:00:00,438.858102317862,410.0
2025-02-17 12:00:00,2025-02-16 12:00:00,449.2724539023181,482.0
2025-02-17 13:00:00,2025-02-16 13:00:00,562.7272428247413,475.0
2025-02-17 14:00:00,2025-02-16 14:00:00,545.6155081001441,440.0
2025-02-17 15:00:00,2025-02-16 15:00:00,449.83102366775216,409.0
2025-02-17 16:00:00,2025-02-16 16:00:00,371.6597527809131,356.0
2025-02-17 17:00:00,2025-02-16 17:00:00,221.66219140453094,256.0
2025-02-17 18:00:00,2025-02-16 18:00:00,82.56735198478736,123.0
2025-02-17 19:00:00,2025-02-16 19:00:00,9.413454690139853,14.0
2025-02-17 20:00:00,2025-02-16 20:00:00,0.40731899261401194,0.0
2025-02-17 21:00:00,2025-02-16 21:00:00,0.40731899261401194,0.0
2025-02-17 22:00:00,2025-02-16 22:00:00,0.40731899261401194,0.0
2025-02-17 23:00:00,2025-02-16 23:00:00,0.40731899261401194,0.0
2025-02-18 00:00:00,2025-02-17 00:00:00,0.36118965863087765,0.0
2025-02-18 01:00:00,2025-02-17 01:00:00,0.36118965863087765,0.0
2025-02-18 02:00:00,2025-02-17 02:00:00,0.36118965863087765,0.0
2025-02-18 03:00:00,2025-02-17 03:00:00,0.36118965863087765,0.0
2025-02-18 04:00:00,2025-02-17 04:00:00,0.36118965863087765,0.0
2025-02-18 05:00:00,2025-02-17 05:00:00,0.36118965863087765,0.0
2025-02-18 06:00:00,2025-02-17 06:00:00,0.36118965863087765,0.0
2025-02-18 07:00:00,2025-02-17 07:00:00,0.36118965863087765,0.0
2025-02-18 08:00:00,2025-02-17 08:00:00,6.395784575117471,8.0
2025-02-18 09:00:00,2025-02-17 09:00:00,112.65781724442458,97.0
2025-02-18 10:00:00,2025-02-17 10:00:00,280.60984968752933,230.0
2025-02-18 11:00:00,2025-02-17 11:00:00,452.4344567836474,363.0
2025-02-18 12:00:00,2025-02-17 12:00:00,489.76517485664994,462.0
2025-02-18 13:00:00,2025-02-17 13:00:00,558.024907326108,518.0
2025-02-18 14:00:00,2025-02-17 14:00:00,525.1610787248999,526.0
2025-02-18 15:00:00,2025-02-17 15:00:00,431.027123906064,490.0
2025-02-18 16:00:00,2025-02-17 16:00:00,360.8480135881987,408.0
2025-02-18 17:00:00,2025-02-17 17:00:00,226.45248250039774,282.0
2025-02-18 18:00:00,2025-02-17 18:00:00,110.0506353620995,131.0
2025-02-18 19:00:00,2025-02-17 19:00:00,10.786652545215,15.0
2025-02-18 20:00:00,2025-02-17 20:00:00,0.40731899261401194,0.0
2025-02-18 21:00:00,2025-02-17 21:00:00,0.3979931560717482,0.0
2025-02-18 22:00:00,2025-02-17 22:00:00,0.40731899261401194,0.0
2025-02-18 23:00:00,2025-02-17 23:00:00,0.40731899261401194,0.0
2025-02-19 00:00:00,2025-02-18 00:00:00,0.36118965863087765,0.0
2025-02-19 01:00:00,2025-02-18 01:00:00,0.36118965863087765,0.0
2025-02-19 02:00:00,2025-02-18 02:00:00,0.36118965863087765,0.0
2025-02-19 03:00:00,2025-02-18 03:00:00,0.36118965863087765,0.0
2025-02-19 04:00:00,2025-02-18 04:00:00,0.36118965863087765,0.0
2025-02-19 05:00:00,2025-02-18 05:00:00,0.36118965863087765,0.0
2025-02-19 06:00:00,2025-02-18 06:00:00,0.36118965863087765,0.0
2025-02-19 07:00:00,2025-02-18 07:00:00,0.36118965863087765,0.0
2025-02-19 08:00:00,2025-02-18 08:00:00,4.311981911070784,8.0
2025-02-19 09:00:00,2025-02-18 09:00:00,83.44606311765727,98.0
2025-02-19 10:00:00,2025-02-18 10:00:00,183.47532628701921,233.0
2025-02-19 11:00:00,2025-02-18 11:00:00,288.3795654159551,367.0
2025-02-19 12:00:00,2025-02-18 12:00:00,363.1140479560253,456.0
2025-02-19 13:00:00,2025-02-18 13:00:00,407.51154360571314,495.0
2025-02-19 14:00:00,2025-02-18 14:00:00,504.09896184636295,499.0
2025-02-19 15:00:00,2025-02-18 15:00:00,546.9030106069135,488.0
2025-02-19 16:00:00,2025-02-18 16:00:00,486.0243136356441,435.0
2025-02-19 17:00:00,2025-02-18 17:00:00,276.563161241006,314.0
2025-02-19 18:00:00,2025-02-18 18:00:00,139.20502383710874,145.0
2025-02-19 19:00:00,2025-02-18 19:00:00,14.61079170304732,16.0
2025-02-19 20:00:00,2025-02-18 20:00:00,0.4903704364659592,0.0
2025-02-19 21:00:00,2025-02-18 21:00:00,0.4903704364659592,0.0
2025-02-19 22:00:00,2025-02-18 22:00:00,0.4903704364659592,0.0
2025-02-19 23:00:00,2025-02-18 23:00:00,0.4903704364659592,0.0
2025-02-20 00:00:00,2025-02-19 00:00:00,0.36118965863087765,0.0
2025-02-20 01:00:00,2025-02-19 01:00:00,0.36118965863087765,0.0
2025-02-20 02:00:00,2025-02-19 02:00:00,0.36118965863087765,0.0
2025-02-20 03:00:00,2025-02-19 03:00:00,0.36118965863087765,0.0
2025-02-20 04:00:00,2025-02-19 04:00:00,0.36118965863087765,0.0
2025-02-20 05:00:00,2025-02-19 05:00:00,0.36118965863087765,0.0
2025-02-20 06:00:00,2025-02-19 06:00:00,0.36118965863087765,0.0
2025-02-20 07:00:00,2025-02-19 07:00:00,0.36118965863087765,0.0
2025-02-20 08:00:00,2025-02-19 08:00:00,8.184830168476278,12.0
2025-02-20 09:00:00,2025-02-19 09:00:00,132.67639493619023,134.0
2025-02-20 10:00:00,2025-02-19 10:00:00,275.96778439334935,308.0
2025-02-20 11:00:00,2025-02-19 11:00:00,501.2301806181617,483.0
2025-02-20 12:00:00,2025-02-19 12:00:00,601.850685595125,612.0
2025-02-20 13:00:00,2025-02-19 13:00:00,676.6719250736097,681.0
2025-02-20 14:00:00,2025-02-19 14:00:00,689.5423306211021,687.0
2025-02-20 15:00:00,2025-02-19 15:00:00,632.141450660248,632.0
2025-02-20 16:00:00,2025-02-19 16:00:00,514.9680895113261,520.0
2025-02-20 17:00:00,2025-02-19 17:00:00,339.3987193580284,358.0
2025-02-20 18:00:00,2025-02-19 18:00:00,150.89555815292647,171.0
2025-02-20 19:00:00,2025-02-19 19:00:00,15.875415809703902,21.0
2025-02-20 20:00:00,2025-02-19 20:00:00,0.4903704364659592,0.0
2025-02-20 21:00:00,2025-02-19 21:00:00,0.40731899261401194,0.0
2025-02-20 22:00:00,2025-02-19 22:00:00,0.40731899261401194,0.0
2025-02-20 23:00:00,2025-02-19 23:00:00,0.4903704364659592,0.0
2025-02-21 00:00:00,2025-02-20 00:00:00,0.36118965863087765,0.0
2025-02-21 01:00:00,2025-02-20 01:00:00,0.36118965863087765,0.0
2025-02-21 02:00:00,2025-02-20 02:00:00,0.36118965863087765,0.0
2025-02-21 03:00:00,2025-02-20 03:00:00,0.36118965863087765,0.0
2025-02-21 04:00:00,2025-02-20 04:00:00,0.36118965863087765,0.0
2025-02-21 05:00:00,2025-02-20 05:00:00,0.36118965863087765,0.0
2025-02-21 06:00:00,2025-02-20 06:00:00,0.36118965863087765,0.0
2025-02-21 07:00:00,2025-02-20 07:00:00,0.36118965863087765,0.0
2025-02-21 08:00:00,2025-02-20 08:00:00,8.003876818459968,13.0
2025-02-21 09:00:00,2025-02-20 09:00:00,137.56793531060848,139.0
2025-02-21 10:00:00,2025-02-20 10:00:00,301.9299605209583,317.0
2025-02-21 11:00:00,2025-02-20 11:00:00,489.8010899720632,491.0
2025-02-21 12:00:00,2025-02-20 12:00:00,618.624577503486,606.0
2025-02-21 13:00:00,2025-02-20 13:00:00,663.6735440072778,653.0
2025-02-21 14:00:00,2025-02-20 14:00:00,686.5557037163433,646.0
2025-02-21 15:00:00,2025-02-20 15:00:00,657.0707493427561,602.0
2025-02-21 16:00:00,2025-02-20 16:00:00,508.83125783750165,508.0
2025-02-21 17:00:00,2025-02-20 17:00:00,339.91556677506367,357.0
2025-02-21 18:00:00,2025-02-20 18:00:00,157.4268371159022,170.0
2025-02-21 19:00:00,2025-02-20 19:00:00,17.703645882618517,22.0
2025-02-21 20:00:00,2025-02-20 20:00:00,0.40731899261401194,0.0
2025-02-21 21:00:00,2025-02-20 21:00:00,0.40731899261401194,0.0
2025-02-21 22:00:00,2025-02-20 22:00:00,0.40731899261401194,0.0
2025-02-21 23:00:00,2025-02-20 23:00:00,0.4903704364659592,0.0
2025-02-22 00:00:00,2025-02-21 00:00:00,0.36118965863087765,0.0
2025-02-22 01:00:00,2025-02-21 01:00:00,0.36118965863087765,0.0
2025-02-22 02:00:00,2025-02-21 02:00:00,0.36118965863087765,0.0
2025-02-22 03:00:00,2025-02-21 03:00:00,0.36118965863087765,0.0
2025-02-22 04:00:00,2025-02-21 04:00:00,0.36118965863087765,0.0
2025-02-22 05:00:00,2025-02-21 05:00:00,0.36118965863087765,0.0
2025-02-22 06:00:00,2025-02-21 06:00:00,0.36118965863087765,0.0
2025-02-22 07:00:00,2025-02-21 07:00:00,0.36118965863087765,0.0
2025-02-22 08:00:00,2025-02-21 08:00:00,11.381071064816595,15.0
2025-02-22 09:00:00,2025-02-21 09:00:00,139.31633032562132,144.0
2025-02-22 10:00:00,2025-02-21 10:00:00,283.4954420929197,320.0
2025-02-22 11:00:00,2025-02-21 11:00:00,442.92983144836836,493.0
2025-02-22 12:00:00,2025-02-21 12:00:00,563.2702400818167,621.0
2025-02-22 13:00:00,2025-02-21 13:00:00,684.2544017944864,692.0
2025-02-22 14:00:00,2025-02-21 14:00:00,673.6726720216548,697.0
2025-02-22 15:00:00,2025-02-21 15:00:00,616.2531731134463,639.0
2025-02-22 16:00:00,2025-02-21 16:00:00,452.39407361591384,522.0
2025-02-22 17:00:00,2025-02-21 17:00:00,338.3807521259205,357.0
2025-02-22 18:00:00,2025-02-21 18:00:00,172.85207006257738,169.0
2025-02-22 19:00:00,2025-02-21 19:00:00,17.703645882618517,22.0
2025-02-22 20:00:00,2025-02-21 20:00:00,0.40731899261401194,0.0
2025-02-22 21:00:00,2025-02-21 21:00:00,0.40731899261401194,0.0
2025-02-22 22:00:00,2025-02-21 22:00:00,0.40731899261401194,0.0
2025-02-22 23:00:00,2025-02-21 23:00:00,0.40731899261401194,0.0
2025-02-23 00:00:00,2025-02-22 00:00:00,0.36118965863087765,0.0
2025-02-23 01:00:00,2025-02-22 01:00:00,0.36118965863087765,0.0
2025-02-23 02:00:00,2025-02-22 02:00:00,0.36118965863087765,0.0
2025-02-23 03:00:00,2025-02-22 03:00:00,0.36118965863087765,0.0
2025-02-23 04:00:00,2025-02-22 04:00:00,0.36118965863087765,0.0
2025-02-23 05:00:00,2025-02-22 05:00:00,0.36118965863087765,0.0
2025-02-23 06:00:00,2025-02-22 06:00:00,0.36118965863087765,0.0
2025-02-23 07:00:00,2025-02-22 07:00:00,0.36118965863087765,0.0
2025-02-23 08:00:00,2025-02-22 08:00:00,11.794308563057365,17.0
2025-02-23 09:00:00,2025-02-22 09:00:00,134.07610822218084,142.0
2025-02-23 10:00:00,2025-02-22 10:00:00,260.0518265926006,290.0
2025-02-23 11:00:00,2025-02-22 11:00:00,453.4447411286658,428.0
2025-02-23 12:00:00,2025-02-22 12:00:00,600.1569966136832,549.0
2025-02-23 13:00:00,2025-02-22 13:00:00,624.92541478065,638.0
2025-02-23 14:00:00,2025-02-22 14:00:00,630.9793626672896,666.0
2025-02-23 15:00:00,2025-02-22 15:00:00,515.8908886439436,625.0
2025-02-23 16:00:00,2025-02-22 16:00:00,444.250899636531,523.0
2025-02-23 17:00:00,2025-02-22 17:00:00,252.80756223195118,366.0
2025-02-23 18:00:00,2025-02-22 18:00:00,141.63544476782155,178.0
2025-02-23 19:00:00,2025-02-22 19:00:00,17.504730076326336,25.0
2025-02-23 20:00:00,2025-02-22 20:00:00,0.40731899261401194,0.0
2025-02-23 21:00:00,2025-02-22 21:00:00,0.40731899261401194,0.0
2025-02-23 22:00:00,2025-02-22 22:00:00,0.40731899261401194,0.0
2025-02-23 23:00:00,2025-02-22 23:00:00,0.3933501182083449,0.0
2025-02-24 00:00:00,2025-02-23 00:00:00,0.36118965863087765,0.0
2025-02-24 01:00:00,2025-02-23 01:00:00,0.36118965863087765,0.0
2025-02-24 02:00:00,2025-02-23 02:00:00,0.36118965863087765,0.0
2025-02-24 03:00:00,2025-02-23 03:00:00,0.36118965863087765,0.0
2025-02-24 04:00:00,2025-02-23 04:00:00,0.36118965863087765,0.0
2025-02-24 05:00:00,2025-02-23 05:00:00,0.36118965863087765,0.0
2025-02-24 06:00:00,2025-02-23 06:00:00,0.36118965863087765,0.0
2025-02-24 07:00:00,2025-02-23 07:00:00,0.36118965863087765,0.0
2025-02-24 08:00:00,2025-02-23 08:00:00,13.70022061264459,19.0
2025-02-24 09:00:00,2025-02-23 09:00:00,139.5128553876209,159.0
2025-02-24 10:00:00,2025-02-23 10:00:00,302.8162175805862,344.0
2025-02-24 11:00:00,2025-02-23 11:00:00,524.030851098536,522.0
2025-02-24 12:00:00,2025-02-23 12:00:00,642.0836056510218,646.0
2025-02-24 13:00:00,2025-02-23 13:00:00,682.5690737294155,707.0
2025-02-24 14:00:00,2025-02-23 14:00:00,711.4447149523917,705.0
2025-02-24 15:00:00,2025-02-23 15:00:00,576.8063617691531,649.0
2025-02-24 16:00:00,2025-02-23 16:00:00,458.99592458939827,536.0
2025-02-24 17:00:00,2025-02-23 17:00:00,330.02958499263735,372.0
2025-02-24 18:00:00,2025-02-23 18:00:00,173.51803573859388,180.0
2025-02-24 19:00:00,2025-02-23 19:00:00,19.46929061553436,25.0
2025-02-24 20:00:00,2025-02-23 20:00:00,0.40731899261401194,0.0
2025-02-24 21:00:00,2025-02-23 21:00:00,0.4903704364659592,0.0
2025-02-24 22:00:00,2025-02-23 22:00:00,0.4903704364659592,0.0
2025-02-24 23:00:00,2025-02-23 23:00:00,0.40731899261401194,0.0
2025-02-25 00:00:00,2025-02-24 00:00:00,0.36118965863087765,0.0
2025-02-25 01:00:00,2025-02-24 01:00:00,0.36118965863087765,0.0
2025-02-25 02:00:00,2025-02-24 02:00:00,0.36118965863087765,0.0
2025-02-25 03:00:00,2025-02-24 03:00:00,0.36118965863087765,0.0
2025-02-25 04:00:00,2025-02-24 04:00:00,0.36118965863087765,0.0
2025-02-25 05:00:00,2025-02-24 05:00:00,0.36118965863087765,0.0
2025-02-25 06:00:00,2025-02-24 06:00:00,0.36118965863087765,0.0
2025-02-25 07:00:00,2025-02-24 07:00:00,0.36118965863087765,0.0
2025-02-25 08:00:00,2025-02-24 08:00:00,14.343352808363692,20.0
2025-02-25 09:00:00,2025-02-24 09:00:00,148.76351622954945,163.0
2025-02-25 10:00:00,2025-02-24 10:00:00,312.4073666754322,350.0
2025-02-25 11:00:00,2025-02-24 11:00:00,430.67660441478847,516.0
2025-02-25 12:00:00,2025-02-24 12:00:00,466.3428844008727,589.0
2025-02-25 13:00:00,2025-02-24 13:00:00,498.23985424076255,571.0
2025-02-25 14:00:00,2025-02-24 14:00:00,481.51304413423304,511.0
2025-02-25 15:00:00,2025-02-24 15:00:00,577.6561116202012,446.0
2025-02-25 16:00:00,2025-02-24 16:00:00,447.8938211464269,360.0
2025-02-25 17:00:00,2025-02-24 17:00:00,334.21422710222737,245.0
2025-02-25 18:00:00,2025-02-24 18:00:00,172.85207006257738,114.0
2025-02-25 19:00:00,2025-02-24 19:00:00,20.624926749761634,16.0
2025-02-25 20:00:00,2025-02-24 20:00:00,1.1762114674949489,0.0
2025-02-25 21:00:00,2025-02-24 21:00:00,0.40731899261401194,0.0
2025-02-25 22:00:00,2025-02-24 22:00:00,0.40731899261401194,0.0
2025-02-25 23:00:00,2025-02-24 23:00:00,0.40731899261401194,0.0
2025-02-26 00:00:00,2025-02-25 00:00:00,0.36118965863087765,0.0
2025-02-26 01:00:00,2025-02-25 01:00:00,0.36118965863087765,0.0
2025-02-26 02:00:00,2025-02-25 02:00:00,0.36118965863087765,0.0
2025-02-26 03:00:00,2025-02-25 03:00:00,0.36118965863087765,0.0
2025-02-26 04:00:00,2025-02-25 04:00:00,0.36118965863087765,0.0
2025-02-26 05:00:00,2025-02-25 05:00:00,0.36118965863087765,0.0
2025-02-26 06:00:00,2025-02-25 06:00:00,0.36118965863087765,0.0
2025-02-26 07:00:00,2025-02-25 07:00:00,0.36118965863087765,0.0
2025-02-26 08:00:00,2025-02-25 08:00:00,14.522723516214874,9.0
2025-02-26 09:00:00,2025-02-25 09:00:00,146.47684184592444,84.0
2025-02-26 10:00:00,2025-02-25 10:00:00,334.84592513384086,214.0
2025-02-26 11:00:00,2025-02-25 11:00:00,513.9518523578103,369.0
2025-02-26 12:00:00,2025-02-25 12:00:00,640.9474101636189,522.0
2025-02-26 13:00:00,2025-02-25 13:00:00,704.3157774902396,649.0
2025-02-26 14:00:00,2025-02-25 14:00:00,712.6830915260847,697.0
2025-02-26 15:00:00,2025-02-25 15:00:00,600.9812602987186,638.0
2025-02-26 16:00:00,2025-02-25 16:00:00,442.9456077984203,503.0
2025-02-26 17:00:00,2025-02-25 17:00:00,291.0340262465902,337.0
2025-02-26 18:00:00,2025-02-25 18:00:00,158.32736439367568,164.0
2025-02-26 19:00:00,2025-02-25 19:00:00,20.130374897410668,25.0
2025-02-26 20:00:00,2025-02-25 20:00:00,0.40731899261401194,0.0
2025-02-26 21:00:00,2025-02-25 21:00:00,0.40731899261401194,0.0
2025-02-26 22:00:00,2025-02-25 22:00:00,0.40731899261401194,0.0
2025-02-26 23:00:00,2025-02-25 23:00:00,0.4903704364659592,0.0
2025-02-27 00:00:00,2025-02-26 00:00:00,0.36118965863087765,0.0
2025-02-27 01:00:00,2025-02-26 01:00:00,0.36118965863087765,0.0
2025-02-27 02:00:00,2025-02-26 02:00:00,0.36118965863087765,0.0
2025-02-27 03:00:00,2025-02-26 03:00:00,0.36118965863087765,0.0
2025-02-27 04:00:00,2025-02-26 04:00:00,0.36118965863087765,0.0
2025-02-27 05:00:00,2025-02-26 05:00:00,0.36118965863087765,0.0
2025-02-27 06:00:00,2025-02-26 06:00:00,0.36118965863087765,0.0
2025-02-27 07:00:00,2025-02-26 07:00:00,0.36118965863087765,0.0
2025-02-27 08:00:00,2025-02-26 08:00:00,15.689445716707095,21.0
2025-02-27 09:00:00,2025-02-26 09:00:00,156.45179486049344,156.0
2025-02-27 10:00:00,2025-02-26 10:00:00,355.98365907682006,339.0
2025-02-27 11:00:00,2025-02-26 11:00:00,535.9273390224996,516.0
2025-02-27 12:00:00,2025-02-26 12:00:00,664.2943626770751,626.0
2025-02-27 13:00:00,2025-02-26 13:00:00,703.037885498089,663.0
2025-02-27 14:00:00,2025-02-26 14:00:00,687.7292793487511,643.0
2025-02-27 15:00:00,2025-02-26 15:00:00,600.5030391899119,584.0
2025-02-27 16:00:00,2025-02-26 16:00:00,469.27111316493307,480.0
2025-02-27 17:00:00,2025-02-26 17:00:00,327.76700900337556,336.0
2025-02-27 18:00:00,2025-02-26 18:00:00,157.0535674179712,169.0
2025-02-27 19:00:00,2025-02-26 19:00:00,21.081297543920765,28.0
2025-02-27 20:00:00,2025-02-26 20:00:00,0.3979931560717482,0.0
2025-02-27 21:00:00,2025-02-26 21:00:00,0.40731899261401194,0.0
2025-02-27 22:00:00,2025-02-26 22:00:00,0.40731899261401194,0.0
2025-02-27 23:00:00,2025-02-26 23:00:00,0.40731899261401194,0.0
2025-02-28 00:00:00,2025-02-27 00:00:00,0.36118965863087765,0.0
2025-02-28 01:00:00,2025-02-27 01:00:00,0.36118965863087765,0.0
2025-02-28 02:00:00,2025-02-27 02:00:00,0.36118965863087765,0.0
2025-02-28 03:00:00,2025-02-27 03:00:00,0.36118965863087765,0.0
2025-02-28 04:00:00,2025-02-27 04:00:00,0.36118965863087765,0.0
2025-02-28 05:00:00,2025-02-27 05:00:00,0.36118965863087765,0.0
2025-02-28 06:00:00,2025-02-27 06:00:00,0.36118965863087765,0.0
2025-02-28 07:00:00,2025-02-27 07:00:00,0.36118965863087765,0.0
2025-02-28 08:00:00,2025-02-27 08:00:00,15.337635368907868,20.0
2025-02-28 09:00:00,2025-02-27 09:00:00,125.11320212181504,134.0
2025-02-28 10:00:00,2025-02-27 10:00:00,257.81756324570637,276.0
2025-02-28 11:00:00,2025-02-27 11:00:00,444.3196895714257,408.0
2025-02-28 12:00:00,2025-02-27 12:00:00,478.13723192127514,495.0
2025-02-28 13:00:00,2025-02-27 13:00:00,513.091367651171,529.0
2025-02-28 14:00:00,2025-02-27 14:00:00,464.7765899791787,510.0
2025-02-28 15:00:00,2025-02-27 15:00:00,458.3967082148439,442.0
2025-02-28 16:00:00,2025-02-27 16:00:00,382.7423016183595,339.0
2025-02-28 17:00:00,2025-02-27 17:00:00,256.0819936030589,223.0
2025-02-28 18:00:00,2025-02-27 18:00:00,134.41055175197414,108.0
2025-02-28 19:00:00,2025-02-27 19:00:00,18.31395672247831,18.0
2025-02-28 20:00:00,2025-02-27 20:00:00,0.3080014961099091,0.0
2025-02-28 21:00:00,2025-02-27 21:00:00,0.3080014961099091,0.0
2025-02-28 22:00:00,2025-02-27 22:00:00,0.3080014961099091,0.0
2025-02-28 23:00:00,2025-02-27 23:00:00,0.3080014961099091,0.0
2025-03-01 00:00:00,2025-02-28 00:00:00,0.36118965863087765,0.0
2025-03-01 01:00:00,2025-02-28 01:00:00,0.36118965863087765,0.0
2025-03-01 02:00:00,2025-02-28 02:00:00,0.36118965863087765,0.0
2025-03-01 03:00:00,2025-02-28 03:00:00,0.36118965863087765,0.0
2025-03-01 04:00:00,2025-02-28 04:00:00,0.36118965863087765,0.0
2025-03-01 05:00:00,2025-02-28 05:00:00,0.36118965863087765,0.0
2025-03-01 06:00:00,2025-02-28 06:00:00,0.36118965863087765,0.0
2025-03-01 07:00:00,2025-02-28 07:00:00,0.36118965863087765,0.0
2025-03-01 08:00:00,2025-02-28 08:00:00,18.341027941295977,26.0
2025-03-01 09:00:00,2025-02-28 09:00:00,156.52360458092272,169.0
2025-03-01 10:00:00,2025-02-28 10:00:00,358.9174869918341,349.0
2025-03-01 11:00:00,2025-02-28 11:00:00,536.8192346956479,516.0
2025-03-01 12:00:00,2025-02-28 12:00:00,677.4038347122223,611.0
2025-03-01 13:00:00,2025-02-28 13:00:00,704.4312249255123,632.0
2025-03-01 14:00:00,2025-02-28 14:00:00,699.4045890157515,604.0
2025-03-01 15:00:00,2025-02-28 15:00:00,549.8150964166625,550.0
2025-03-01 16:00:00,2025-02-28 16:00:00,530.5392873588462,459.0
2025-03-01 17:00:00,2025-02-28 17:00:00,329.9852270758331,325.0
2025-03-01 18:00:00,2025-02-28 18:00:00,181.79544963845817,164.0
2025-03-01 19:00:00,2025-02-28 19:00:00,24.385190110810047,28.0
2025-03-01 20:00:00,2025-02-28 20:00:00,0.4903704364659592,0.0
2025-03-01 21:00:00,2025-02-28 21:00:00,0.4903704364659592,0.0
2025-03-01 22:00:00,2025-02-28 22:00:00,0.4903704364659592,0.0
2025-03-01 23:00:00,2025-02-28 23:00:00,0.4903704364659592,0.0
2025-03-02 00:00:00,2025-03-01 00:00:00,0.36118965863087765,0.0
2025-03-02 01:00:00,2025-03-01 01:00:00,0.36118965863087765,0.0
2025-03-02 02:00:00,2025-03-01 02:00:00,0.36118965863087765,0.0
2025-03-02 03:00:00,2025-03-01 03:00:00,0.36118965863087765,0.0
2025-03-02 04:00:00,2025-03-01 04:00:00,0.36118965863087765,0.0
2025-03-02 05:00:00,2025-03-01 05:00:00,0.36118965863087765,0.0
2025-03-02 06:00:00,2025-03-01 06:00:00,0.36118965863087765,0.0
2025-03-02 07:00:00,2025-03-01 07:00:00,0.36118965863087765,0.0
2025-03-02 08:00:00,2025-03-01 08:00:00,19.017733086504165,26.0
2025-03-02 09:00:00,2025-03-01 09:00:00,172.9785216128096,166.0
2025-03-02 10:00:00,2025-03-01 10:00:00,349.9087196731538,348.0
2025-03-02 11:00:00,2025-03-01 11:00:00,524.8215943641799,523.0
2025-03-02 12:00:00,2025-03-01 12:00:00,673.4258226536004,629.0
2025-03-02 13:00:00,2025-03-01 13:00:00,701.3335237280123,660.0
2025-03-02 14:00:00,2025-03-01 14:00:00,706.598076247369,643.0
2025-03-02 15:00:00,2025-03-01 15:00:00,634.0378770944438,601.0
2025-03-02 16:00:00,2025-03-01 16:00:00,530.919686148159,515.0
2025-03-02 17:00:00,2025-03-01 17:00:00,368.3096733307061,369.0
2025-03-02 18:00:00,2025-03-01 18:00:00,176.55317691062476,182.0
2025-03-02 19:00:00,2025-03-01 19:00:00,22.431806967951434,30.0
2025-03-02 20:00:00,2025-03-01 20:00:00,0.3080014961099091,0.0
2025-03-02 21:00:00,2025-03-01 21:00:00,0.3080014961099091,0.0
2025-03-02 22:00:00,2025-03-01 22:00:00,0.3080014961099091,0.0
2025-03-02 23:00:00,2025-03-01 23:00:00,0.3080014961099091,0.0
2025-03-03 00:00:00,2025-03-02 00:00:00,0.36118965863087765,0.0
2025-03-03 01:00:00,2025-03-02 01:00:00,0.36118965863087765,0.0
2025-03-03 02:00:00,2025-03-02 02:00:00,0.36118965863087765,0.0
2025-03-03 03:00:00,2025-03-02 03:00:00,0.36118965863087765,0.0
2025-03-03 04:00:00,2025-03-02 04:00:00,0.36118965863087765,0.0
2025-03-03 05:00:00,2025-03-02 05:00:00,0.36118965863087765,0.0
2025-03-03 06:00:00,2025-03-02 06:00:00,0.36118965863087765,0.0
2025-03-03 07:00:00,2025-03-02 07:00:00,0.36118965863087765,0.0
2025-03-03 08:00:00,2025-03-02 08:00:00,14.698617345119148,16.0
2025-03-03 09:00:00,2025-03-02 09:00:00,140.07217747184558,109.0
2025-03-03 10:00:00,2025-03-02 10:00:00,284.37321578438946,258.0
2025-03-03 11:00:00,2025-03-02 11:00:00,462.7516976844328,424.0
2025-03-03 12:00:00,2025-03-02 12:00:00,615.2827231916012,558.0
2025-03-03 13:00:00,2025-03-02 13:00:00,677.501523170815,645.0
2025-03-03 14:00:00,2025-03-02 14:00:00,659.6632842391501,663.0
2025-03-03 15:00:00,2025-03-02 15:00:00,621.5544749668792,603.0
2025-03-03 16:00:00,2025-03-02 16:00:00,528.6072005326753,482.0
2025-03-03 17:00:00,2025-03-02 17:00:00,388.10549681339154,331.0
2025-03-03 18:00:00,2025-03-02 18:00:00,184.92593148039347,168.0
2025-03-03 19:00:00,2025-03-02 19:00:00,27.685887310584246,31.0
2025-03-03 20:00:00,2025-03-02 20:00:00,0.4903704364659592,0.0
2025-03-03 21:00:00,2025-03-02 21:00:00,0.4903704364659592,0.0
2025-03-03 22:00:00,2025-03-02 22:00:00,0.4903704364659592,0.0
2025-03-03 23:00:00,2025-03-02 23:00:00,0.4903704364659592,0.0
2025-03-04 00:00:00,2025-03-03 00:00:00,0.36118965863087765,0.0
2025-03-04 01:00:00,2025-03-03 01:00:00,0.36118965863087765,0.0
2025-03-04 02:00:00,2025-03-03 02:00:00,0.36118965863087765,0.0
2025-03-04 03:00:00,2025-03-03 03:00:00,0.36118965863087765,0.0
2025-03-04 04:00:00,2025-03-03 04:00:00,0.36118965863087765,0.0
2025-03-04 05:00:00,2025-03-03 05:00:00,0.36118965863087765,0.0
2025-03-04 06:00:00,2025-03-03 06:00:00,0.36118965863087765,0.0
2025-03-04 07:00:00,2025-03-03 07:00:00,0.36118965863087765,0.0
2025-03-04 08:00:00,2025-03-03 08:00:00,18.97781730746219,32.0
2025-03-04 09:00:00,2025-03-03 09:00:00,181.21945164603923,183.0
2025-03-04 10:00:00,2025-03-03 10:00:00,380.091901884557,370.0
2025-03-04 11:00:00,2025-03-03 11:00:00,548.2770701963252,541.0
2025-03-04 12:00:00,2025-03-03 12:00:00,685.8776234755454,636.0
2025-03-04 13:00:00,2025-03-03 13:00:00,712.3739112635199,649.0
2025-03-04 14:00:00,2025-03-03 14:00:00,711.8075175724113,611.0
2025-03-04 15:00:00,2025-03-03 15:00:00,676.2125210048548,541.0
2025-03-04 16:00:00,2025-03-03 16:00:00,501.048145596351,435.0
2025-03-04 17:00:00,2025-03-03 17:00:00,322.1099267103326,303.0
2025-03-04 18:00:00,2025-03-03 18:00:00,165.33737413735605,157.0
2025-03-04 19:00:00,2025-03-03 19:00:00,25.791572808647558,30.0
2025-03-04 20:00:00,2025-03-03 20:00:00,0.3080014961099091,0.0
2025-03-04 21:00:00,2025-03-03 21:00:00,0.40731899261401194,0.0
2025-03-04 22:00:00,2025-03-03 22:00:00,0.40731899261401194,0.0
2025-03-04 23:00:00,2025-03-03 23:00:00,0.40731899261401194,0.0
2025-03-05 00:00:00,2025-03-04 00:00:00,0.36118965863087765,0.0
2025-03-05 01:00:00,2025-03-04 01:00:00,0.36118965863087765,0.0
2025-03-05 02:00:00,2025-03-04 02:00:00,0.36118965863087765,0.0
2025-03-05 03:00:00,2025-03-04 03:00:00,0.36118965863087765,0.0
2025-03-05 04:00:00,2025-03-04 04:00:00,0.36118965863087765,0.0
2025-03-05 05:00:00,2025-03-04 05:00:00,0.36118965863087765,0.0
2025-03-05 06:00:00,2025-03-04 06:00:00,0.36118965863087765,0.0
2025-03-05 07:00:00,2025-03-04 07:00:00,0.36118965863087765,0.0
2025-03-05 08:00:00,2025-03-04 08:00:00,23.99334009203443,36.0
2025-03-05 09:00:00,2025-03-04 09:00:00,162.07331749251847,191.0
2025-03-05 10:00:00,2025-03-04 10:00:00,363.58106497817886,375.0
2025-03-05 11:00:00,2025-03-04 11:00:00,539.2341974025985,550.0
2025-03-05 12:00:00,2025-03-04 12:00:00,640.8388235503494,678.0
2025-03-05 13:00:00,2025-03-04 13:00:00,674.2356323547267,746.0
2025-03-05 14:00:00,2025-03-04 14:00:00,570.6688514459438,746.0
2025-03-05 15:00:00,2025-03-04 15:00:00,634.8117547429309,678.0
2025-03-05 16:00:00,2025-03-04 16:00:00,431.2838842352434,552.0
2025-03-05 17:00:00,2025-03-04 17:00:00,302.9164221150959,383.0
2025-03-05 18:00:00,2025-03-04 18:00:00,161.00402000622384,193.0
2025-03-05 19:00:00,2025-03-04 19:00:00,26.53210459062804,36.0
2025-03-05 20:00:00,2025-03-04 20:00:00,0.3080014961099091,0.0
2025-03-05 21:00:00,2025-03-04 21:00:00,0.3080014961099091,0.0
2025-03-05 22:00:00,2025-03-04 22:00:00,0.3080014961099091,0.0
2025-03-05 23:00:00,2025-03-04 23:00:00,0.3080014961099091,0.0
2025-03-06 00:00:00,2025-03-05 00:00:00,0.36118965863087765,0.0
2025-03-06 01:00:00,2025-03-05 01:00:00,0.36118965863087765,0.0
2025-03-06 02:00:00,2025-03-05 02:00:00,0.36118965863087765,0.0
2025-03-06 03:00:00,2025-03-05 03:00:00,0.36118965863087765,0.0
2025-03-06 04:00:00,2025-03-05 04:00:00,0.36118965863087765,0.0
2025-03-06 05:00:00,2025-03-05 05:00:00,0.36118965863087765,0.0
2025-03-06 06:00:00,2025-03-05 06:00:00,0.36118965863087765,0.0
2025-03-06 07:00:00,2025-03-05 07:00:00,0.36118965863087765,0.0
2025-03-06 08:00:00,2025-03-05 08:00:00,27.235912423719178,39.0
2025-03-06 09:00:00,2025-03-05 09:00:00,187.2018025800333,196.0
2025-03-06 10:00:00,2025-03-05 10:00:00,381.74767888015054,385.0
2025-03-06 11:00:00,2025-03-05 11:00:00,543.6199248278177,563.0
2025-03-06 12:00:00,2025-03-05 12:00:00,696.9791183617389,685.0
2025-03-06 13:00:00,2025-03-05 13:00:00,764.5740160193008,741.0
2025-03-06 14:00:00,2025-03-05 14:00:00,570.2446428430233,733.0
2025-03-06 15:00:00,2025-03-05 15:00:00,642.0380390354741,668.0
2025-03-06 16:00:00,2025-03-05 16:00:00,495.4209285879344,549.0
2025-03-06 17:00:00,2025-03-05 17:00:00,374.5907420148506,386.0
2025-03-06 18:00:00,2025-03-05 18:00:00,187.51481595357743,198.0
2025-03-06 19:00:00,2025-03-05 19:00:00,28.61300384621165,39.0
2025-03-06 20:00:00,2025-03-05 20:00:00,0.4903704364659592,0.0
2025-03-06 21:00:00,2025-03-05 21:00:00,0.4903704364659592,0.0
2025-03-06 22:00:00,2025-03-05 22:00:00,0.4903704364659592,0.0
2025-03-06 23:00:00,2025-03-05 23:00:00,0.4903704364659592,0.0
2025-03-07 00:00:00,2025-03-06 00:00:00,0.36118965863087765,0.0
2025-03-07 01:00:00,2025-03-06 01:00:00,0.36118965863087765,0.0
2025-03-07 02:00:00,2025-03-06 02:00:00,0.36118965863087765,0.0
2025-03-07 03:00:00,2025-03-06 03:00:00,0.36118965863087765,0.0
2025-03-07 04:00:00,2025-03-06 04:00:00,0.36118965863087765,0.0
2025-03-07 05:00:00,2025-03-06 05:00:00,0.36118965863087765,0.0
2025-03-07 06:00:00,2025-03-06 06:00:00,0.36118965863087765,0.0
2025-03-07 07:00:00,2025-03-06 07:00:00,0.36118965863087765,0.0
2025-03-07 08:00:00,2025-03-06 08:00:00,31.083518293996793,39.0
2025-03-07 09:00:00,2025-03-06 09:00:00,159.68094313932573,182.0
2025-03-07 10:00:00,2025-03-06 10:00:00,322.0132040555226,332.0
2025-03-07 11:00:00,2025-03-06 11:00:00,446.05197219938503,470.0
2025-03-07 12:00:00,2025-03-06 12:00:00,594.335126877042,580.0
2025-03-07 13:00:00,2025-03-06 13:00:00,676.665836424085,651.0
2025-03-07 14:00:00,2025-03-06 14:00:00,604.9551212677535,669.0
2025-03-07 15:00:00,2025-03-06 15:00:00,493.91612896905957,635.0
2025-03-07 16:00:00,2025-03-06 16:00:00,425.51239618640534,545.0
2025-03-07 17:00:00,2025-03-06 17:00:00,359.5212785049997,396.0
2025-03-07 18:00:00,2025-03-06 18:00:00,177.59124822643238,208.0
2025-03-07 19:00:00,2025-03-06 19:00:00,28.67779248825066,42.0
2025-03-07 20:00:00,2025-03-06 20:00:00,0.3080014961099091,0.0
2025-03-07 21:00:00,2025-03-06 21:00:00,0.3979931560717482,0.0
2025-03-07 22:00:00,2025-03-06 22:00:00,0.3979931560717482,0.0
2025-03-07 23:00:00,2025-03-06 23:00:00,0.3979931560717482,0.0
2025-03-08 00:00:00,2025-03-07 00:00:00,0.36118965863087765,0.0
2025-03-08 01:00:00,2025-03-07 01:00:00,0.36118965863087765,0.0
2025-03-08 02:00:00,2025-03-07 02:00:00,0.36118965863087765,0.0
2025-03-08 03:00:00,2025-03-07 03:00:00,0.36118965863087765,0.0
2025-03-08 04:00:00,2025-03-07 04:00:00,0.36118965863087765,0.0
2025-03-08 05:00:00,2025-03-07 05:00:00,0.36118965863087765,0.0
2025-03-08 06:00:00,2025-03-07 06:00:00,0.36118965863087765,0.0
2025-03-08 07:00:00,2025-03-07 07:00:00,0.36118965863087765,0.0
2025-03-08 08:00:00,2025-03-07 08:00:00,33.04790426708161,45.0
2025-03-08 09:00:00,2025-03-07 09:00:00,193.8189971090923,207.0
2025-03-08 10:00:00,2025-03-07 10:00:00,383.1082065498407,396.0
2025-03-08 11:00:00,2025-03-07 11:00:00,580.3431101056219,574.0
2025-03-08 12:00:00,2025-03-07 12:00:00,700.7561435657595,703.0
2025-03-08 13:00:00,2025-03-07 13:00:00,772.6058293512544,771.0
2025-03-08 14:00:00,2025-03-07 14:00:00,725.1811363618846,769.0
2025-03-08 15:00:00,2025-03-07 15:00:00,689.3498428248413,701.0
2025-03-08 16:00:00,2025-03-07 16:00:00,488.4755882845468,573.0
2025-03-08 17:00:00,2025-03-07 17:00:00,378.0971970357823,401.0
2025-03-08 18:00:00,2025-03-07 18:00:00,195.01589337352013,207.0
2025-03-08 19:00:00,2025-03-07 19:00:00,32.49094521916633,43.0
2025-03-08 20:00:00,2025-03-07 20:00:00,0.4903704364659592,0.0
2025-03-08 21:00:00,2025-03-07 21:00:00,0.4903704364659592,0.0
2025-03-08 22:00:00,2025-03-07 22:00:00,0.4903704364659592,0.0
2025-03-08 23:00:00,2025-03-07 23:00:00,0.4903704364659592,0.0
2025-03-09 00:00:00,2025-03-08 00:00:00,0.36118965863087765,0.0
2025-03-09 01:00:00,2025-03-08 01:00:00,0.36118965863087765,0.0
2025-03-09 02:00:00,2025-03-08 02:00:00,0.36118965863087765,0.0
2025-03-09 03:00:00,2025-03-08 03:00:00,0.36118965863087765,0.0
2025-03-09 04:00:00,2025-03-08 04:00:00,0.36118965863087765,0.0
2025-03-09 05:00:00,2025-03-08 05:00:00,0.36118965863087765,0.0
2025-03-09 06:00:00,2025-03-08 06:00:00,0.36118965863087765,0.0
2025-03-09 07:00:00,2025-03-08 07:00:00,0.36118965863087765,0.0
2025-03-09 08:00:00,2025-03-08 08:00:00,30.009603295962403,45.0
2025-03-09 09:00:00,2025-03-08 09:00:00,168.86154262631385,204.0
2025-03-09 10:00:00,2025-03-08 10:00:00,292.55253211430966,395.0
2025-03-09 11:00:00,2025-03-08 11:00:00,434.72381918746913,567.0
2025-03-09 12:00:00,2025-03-08 12:00:00,550.3927606840613,657.0
2025-03-09 13:00:00,2025-03-08 13:00:00,529.3369194519031,664.0
2025-03-09 14:00:00,2025-03-08 14:00:00,524.8236089172087,615.0
2025-03-09 15:00:00,2025-03-08 15:00:00,586.8160187753651,522.0
2025-03-09 16:00:00,2025-03-08 16:00:00,473.6963420203739,398.0
2025-03-09 17:00:00,2025-03-08 17:00:00,264.14278641013664,271.0
2025-03-09 18:00:00,2025-03-08 18:00:00,173.74892283715062,151.0
2025-03-09 19:00:00,2025-03-08 19:00:00,30.806003677587103,37.0
2025-03-09 20:00:00,2025-03-08 20:00:00,0.40731899261401194,0.0
2025-03-09 21:00:00,2025-03-08 21:00:00,0.3979931560717482,0.0
2025-03-09 22:00:00,2025-03-08 22:00:00,0.40731899261401194,0.0
2025-03-09 23:00:00,2025-03-08 23:00:00,0.40731899261401194,0.0
2025-03-10 00:00:00,2025-03-09 00:00:00,0.36118965863087765,0.0
2025-03-10 01:00:00,2025-03-09 01:00:00,0.36118965863087765,0.0
2025-03-10 02:00:00,2025-03-09 02:00:00,0.36118965863087765,0.0
2025-03-10 03:00:00,2025-03-09 03:00:00,0.36118965863087765,0.0
2025-03-10 04:00:00,2025-03-09 04:00:00,0.36118965863087765,0.0
2025-03-10 05:00:00,2025-03-09 05:00:00,0.36118965863087765,0.0
2025-03-10 06:00:00,2025-03-09 06:00:00,0.36118965863087765,0.0
2025-03-10 07:00:00,2025-03-09 07:00:00,0.36118965863087765,0.0
2025-03-10 08:00:00,2025-03-09 08:00:00,39.84311387860074,46.0
2025-03-10 09:00:00,2025-03-09 09:00:00,190.85823048679444,202.0
2025-03-10 10:00:00,2025-03-09 10:00:00,391.8054100397434,387.0
2025-03-10 11:00:00,2025-03-09 11:00:00,571.6327332187396,563.0
2025-03-10 12:00:00,2025-03-09 12:00:00,676.8264963244837,688.0
2025-03-10 13:00:00,2025-03-09 13:00:00,695.7774056488041,749.0
2025-03-10 14:00:00,2025-03-09 14:00:00,701.7418718937348,743.0
2025-03-10 15:00:00,2025-03-09 15:00:00,686.2768858333577,670.0
2025-03-10 16:00:00,2025-03-09 16:00:00,566.1631359695103,541.0
2025-03-10 17:00:00,2025-03-09 17:00:00,390.8069839355802,378.0
2025-03-10 18:00:00,2025-03-09 18:00:00,193.15914772114405,200.0
2025-03-10 19:00:00,2025-03-09 19:00:00,40.553643780847594,45.0
2025-03-10 20:00:00,2025-03-09 20:00:00,0.40731899261401194,0.0
2025-03-10 21:00:00,2025-03-09 21:00:00,0.40731899261401194,0.0
2025-03-10 22:00:00,2025-03-09 22:00:00,0.4903704364659592,0.0
2025-03-10 23:00:00,2025-03-09 23:00:00,0.40731899261401194,0.0
2025-03-11 00:00:00,2025-03-10 00:00:00,0.36118965863087765,0.0
2025-03-11 01:00:00,2025-03-10 01:00:00,0.36118965863087765,0.0
2025-03-11 02:00:00,2025-03-10 02:00:00,0.36118965863087765,0.0
2025-03-11 03:00:00,2025-03-10 03:00:00,0.36118965863087765,0.0
2025-03-11 04:00:00,2025-03-10 04:00:00,0.36118965863087765,0.0
2025-03-11 05:00:00,2025-03-10 05:00:00,0.36118965863087765,0.0
2025-03-11 06:00:00,2025-03-10 06:00:00,0.36118965863087765,0.0
2025-03-11 07:00:00,2025-03-10 07:00:00,0.36118965863087765,0.0
2025-03-11 08:00:00,2025-03-10 08:00:00,38.29036471388768,53.0
2025-03-11 09:00:00,2025-03-10 09:00:00,188.81427084022283,219.0
2025-03-11 10:00:00,2025-03-10 10:00:00,369.92591562194315,410.0
2025-03-11 11:00:00,2025-03-10 11:00:00,552.7366216302513,589.0
2025-03-11 12:00:00,2025-03-10 12:00:00,706.3159034278991,713.0
2025-03-11 13:00:00,2025-03-10 13:00:00,756.6575359580679,771.0
2025-03-11 14:00:00,2025-03-10 14:00:00,761.2224127002502,764.0
2025-03-11 15:00:00,2025-03-10 15:00:00,694.6604577040697,698.0
2025-03-11 16:00:00,2025-03-10 16:00:00,555.1448161274222,576.0
2025-03-11 17:00:00,2025-03-10 17:00:00,402.07338683154705,407.0
2025-03-11 18:00:00,2025-03-10 18:00:00,203.88404294766096,213.0
2025-03-11 19:00:00,2025-03-10 19:00:00,39.848130621581234,47.0
2025-03-11 20:00:00,2025-03-10 20:00:00,0.40731899261401194,0.0
2025-03-11 21:00:00,2025-03-10 21:00:00,0.40731899261401194,0.0
2025-03-11 22:00:00,2025-03-10 22:00:00,0.40731899261401194,0.0
2025-03-11 23:00:00,2025-03-10 23:00:00,0.40731899261401194,0.0
2025-03-12 00:00:00,2025-03-11 00:00:00,0.36118965863087765,0.0
2025-03-12 01:00:00,2025-03-11 01:00:00,0.36118965863087765,0.0
2025-03-12 02:00:00,2025-03-11 02:00:00,0.36118965863087765,0.0
2025-03-12 03:00:00,2025-03-11 03:00:00,0.36118965863087765,0.0
2025-03-12 04:00:00,2025-03-11 04:00:00,0.36118965863087765,0.0
2025-03-12 05:00:00,2025-03-11 05:00:00,0.36118965863087765,0.0
2025-03-12 06:00:00,2025-03-11 06:00:00,0.36118965863087765,0.0
2025-03-12 07:00:00,2025-03-11 07:00:00,0.36118965863087765,0.0
2025-03-12 08:00:00,2025-03-11 08:00:00,43.91474458844141,56.0
2025-03-12 09:00:00,2025-03-11 09:00:00,202.03432350181012,224.0
2025-03-12 10:00:00,2025-03-11 10:00:00,419.77498269925275,416.0
2025-03-12 11:00:00,2025-03-11 11:00:00,595.9494914627254,597.0
2025-03-12 12:00:00,2025-03-11 12:00:00,709.3721755910905,727.0
2025-03-12 13:00:00,2025-03-11 13:00:00,740.832518982263,794.0
2025-03-12 14:00:00,2025-03-11 14:00:00,714.2392612763971,792.0
2025-03-12 15:00:00,2025-03-11 15:00:00,700.2594135503225,722.0
2025-03-12 16:00:00,2025-03-11 16:00:00,596.5898144880846,593.0
2025-03-12 17:00:00,2025-03-11 17:00:00,417.0227033662079,418.0
2025-03-12 18:00:00,2025-03-11 18:00:00,202.75859151250108,220.0
2025-03-12 19:00:00,2025-03-11 19:00:00,44.525624049720086,50.0
2025-03-12 20:00:00,2025-03-11 20:00:00,0.40731899261401194,0.0
2025-03-12 21:00:00,2025-03-11 21:00:00,0.40731899261401194,0.0
2025-03-12 22:00:00,2025-03-11 22:00:00,0.40731899261401194,0.0
2025-03-12 23:00:00,2025-03-11 23:00:00,0.40731899261401194,0.0
2025-03-13 00:00:00,2025-03-12 00:00:00,0.36118965863087765,0.0
2025-03-13 01:00:00,2025-03-12 01:00:00,0.36118965863087765,0.0
2025-03-13 02:00:00,2025-03-12 02:00:00,0.36118965863087765,0.0
2025-03-13 03:00:00,2025-03-12 03:00:00,0.36118965863087765,0.0
2025-03-13 04:00:00,2025-03-12 04:00:00,0.36118965863087765,0.0
2025-03-13 05:00:00,2025-03-12 05:00:00,0.36118965863087765,0.0
2025-03-13 06:00:00,2025-03-12 06:00:00,0.36118965863087765,0.0
2025-03-13 07:00:00,2025-03-12 07:00:00,0.36118965863087765,0.0
2025-03-13 08:00:00,2025-03-12 08:00:00,46.62965090023081,59.0
2025-03-13 09:00:00,2025-03-12 09:00:00,216.79848993098463,227.0
2025-03-13 10:00:00,2025-03-12 10:00:00,420.2105572649264,419.0
2025-03-13 11:00:00,2025-03-12 11:00:00,605.8227055558601,598.0
2025-03-13 12:00:00,2025-03-12 12:00:00,729.215571565826,722.0
2025-03-13 13:00:00,2025-03-12 13:00:00,785.3315517855435,783.0
2025-03-13 14:00:00,2025-03-12 14:00:00,781.9877696857876,776.0
2025-03-13 15:00:00,2025-03-12 15:00:00,731.8810901952471,710.0
2025-03-13 16:00:00,2025-03-12 16:00:00,595.7897644204422,586.0
2025-03-13 17:00:00,2025-03-12 17:00:00,423.2751992146722,416.0
2025-03-13 18:00:00,2025-03-12 18:00:00,221.4671427392577,219.0
2025-03-13 19:00:00,2025-03-12 19:00:00,45.6976386949952,50.0
2025-03-13 20:00:00,2025-03-12 20:00:00,0.3979931560717482,0.0
2025-03-13 21:00:00,2025-03-12 21:00:00,0.3080014961099091,0.0
2025-03-13 22:00:00,2025-03-12 22:00:00,0.3080014961099091,0.0
2025-03-13 23:00:00,2025-03-12 23:00:00,0.3080014961099091,0.0
2025-03-14 00:00:00,2025-03-13 00:00:00,0.36118965863087765,0.0
2025-03-14 01:00:00,2025-03-13 01:00:00,0.36118965863087765,0.0
2025-03-14 02:00:00,2025-03-13 02:00:00,0.36118965863087765,0.0
2025-03-14 03:00:00,2025-03-13 03:00:00,0.36118965863087765,0.0
2025-03-14 04:00:00,2025-03-13 04:00:00,0.36118965863087765,0.0
2025-03-14 05:00:00,2025-03-13 05:00:00,0.36118965863087765,0.0
2025-03-14 06:00:00,2025-03-13 06:00:00,0.36118965863087765,0.0
2025-03-14 07:00:00,2025-03-13 07:00:00,0.36118965863087765,0.0
2025-03-14 08:00:00,2025-03-13 08:00:00,47.14081572057742,62.0
2025-03-14 09:00:00,2025-03-13 09:00:00,222.90703718411265,231.0
2025-03-14 10:00:00,2025-03-13 10:00:00,424.30596662514995,423.0
2025-03-14 11:00:00,2025-03-13 11:00:00,605.174420337621,604.0
2025-03-14 12:00:00,2025-03-13 12:00:00,720.7951970520328,732.0
2025-03-14 13:00:00,2025-03-13 13:00:00,791.4867151267603,797.0
2025-03-14 14:00:00,2025-03-13 14:00:00,791.2751619101143,793.0
2025-03-14 15:00:00,2025-03-13 15:00:00,721.4720244206077,725.0
2025-03-14 16:00:00,2025-03-13 16:00:00,605.8115499649887,597.0
2025-03-14 17:00:00,2025-03-13 17:00:00,422.85158996402265,423.0
2025-03-14 18:00:00,2025-03-13 18:00:00,219.0240905376698,225.0
2025-03-14 19:00:00,2025-03-13 19:00:00,46.61213136772445,53.0
2025-03-14 20:00:00,2025-03-13 20:00:00,0.3933501182083449,0.0
2025-03-14 21:00:00,2025-03-13 21:00:00,0.0,0.0
2025-03-14 22:00:00,2025-03-13 22:00:00,0.3530764908404583,0.0
2025-03-14 23:00:00,2025-03-13 23:00:00,0.0,0.0
2025-03-15 00:00:00,2025-03-14 00:00:00,0.36118965863087765,0.0
2025-03-15 01:00:00,2025-03-14 01:00:00,0.36118965863087765,0.0
2025-03-15 02:00:00,2025-03-14 02:00:00,0.36118965863087765,0.0
2025-03-15 03:00:00,2025-03-14 03:00:00,0.36118965863087765,0.0
2025-03-15 04:00:00,2025-03-14 04:00:00,0.36118965863087765,0.0
2025-03-15 05:00:00,2025-03-14 05:00:00,0.36118965863087765,0.0
2025-03-15 06:00:00,2025-03-14 06:00:00,0.36118965863087765,0.0
2025-03-15 07:00:00,2025-03-14 07:00:00,0.36118965863087765,0.0
2025-03-15 08:00:00,2025-03-14 08:00:00,48.9794612626126,67.0
2025-03-15 09:00:00,2025-03-14 09:00:00,225.04149125845402,239.0
2025-03-15 10:00:00,2025-03-14 10:00:00,434.26235937831353,434.0
2025-03-15 11:00:00,2025-03-14 11:00:00,605.85022575744,616.0
2025-03-15 12:00:00,2025-03-14 12:00:00,727.415110892781,746.0
2025-03-15 13:00:00,2025-03-14 13:00:00,829.9783120421572,811.0
2025-03-15 14:00:00,2025-03-14 14:00:00,829.9635939745542,807.0
2025-03-15 15:00:00,2025-03-14 15:00:00,721.0001188521235,736.0
2025-03-15 16:00:00,2025-03-14 16:00:00,609.7651797234314,607.0
2025-03-15 17:00:00,2025-03-14 17:00:00,422.28243715184647,431.0
2025-03-15 18:00:00,2025-03-14 18:00:00,225.2463517286517,231.0
2025-03-15 19:00:00,2025-03-14 19:00:00,47.11053550559104,56.0
2025-03-15 20:00:00,2025-03-14 20:00:00,0.40731899261401194,0.0
2025-03-15 21:00:00,2025-03-14 21:00:00,0.40731899261401194,0.0
2025-03-15 22:00:00,2025-03-14 22:00:00,0.40731899261401194,0.0
2025-03-15 23:00:00,2025-03-14 23:00:00,0.40731899261401194,0.0
2025-03-16 00:00:00,2025-03-15 00:00:00,0.36118965863087765,0.0
2025-03-16 01:00:00,2025-03-15 01:00:00,0.36118965863087765,0.0
2025-03-16 02:00:00,2025-03-15 02:00:00,0.36118965863087765,0.0
2025-03-16 03:00:00,2025-03-15 03:00:00,0.36118965863087765,0.0
2025-03-16 04:00:00,2025-03-15 04:00:00,0.36118965863087765,0.0
2025-03-16 05:00:00,2025-03-15 05:00:00,0.36118965863087765,0.0
2025-03-16 06:00:00,2025-03-15 06:00:00,0.36118965863087765,0.0
2025-03-16 07:00:00,2025-03-15 07:00:00,0.36118965863087765,0.0
2025-03-16 08:00:00,2025-03-15 08:00:00,60.46326583882866,71.0
2025-03-16 09:00:00,2025-03-15 09:00:00,241.10066745369173,246.0
2025-03-16 10:00:00,2025-03-15 10:00:00,442.3767141452511,442.0
2025-03-16 11:00:00,2025-03-15 11:00:00,636.9324169602953,625.0
2025-03-16 12:00:00,2025-03-15 12:00:00,743.2709362449245,756.0
2025-03-16 13:00:00,2025-03-15 13:00:00,839.7241286501329,822.0
2025-03-16 14:00:00,2025-03-15 14:00:00,790.2387152636787,819.0
2025-03-16 15:00:00,2025-03-15 15:00:00,723.3290165126832,750.0
2025-03-16 16:00:00,2025-03-15 16:00:00,569.0421379835016,621.0
2025-03-16 17:00:00,2025-03-15 17:00:00,407.8081274830814,443.0
2025-03-16 18:00:00,2025-03-15 18:00:00,226.49814434109857,239.0
2025-03-16 19:00:00,2025-03-15 19:00:00,47.444945217043504,60.0
2025-03-16 20:00:00,2025-03-15 20:00:00,0.40731899261401194,0.0
2025-03-16 21:00:00,2025-03-15 21:00:00,0.0,0.0
2025-03-16 22:00:00,2025-03-15 22:00:00,0.2940326217042421,0.0
2025-03-16 23:00:00,2025-03-15 23:00:00,0.0,0.0
2025-03-17 00:00:00,2025-03-16 00:00:00,0.36118965863087765,0.0
2025-03-17 01:00:00,2025-03-16 01:00:00,0.36118965863087765,0.0
2025-03-17 02:00:00,2025-03-16 02:00:00,0.36118965863087765,0.0
2025-03-17 03:00:00,2025-03-16 03:00:00,0.36118965863087765,0.0
2025-03-17 04:00:00,2025-03-16 04:00:00,0.36118965863087765,0.0
2025-03-17 05:00:00,2025-03-16 05:00:00,0.36118965863087765,0.0
2025-03-17 06:00:00,2025-03-16 06:00:00,0.36118965863087765,0.0
2025-03-17 07:00:00,2025-03-16 07:00:00,0.36118965863087765,0.0
2025-03-17 08:00:00,2025-03-16 08:00:00,52.199546275065735,71.0
2025-03-17 09:00:00,2025-03-16 09:00:00,205.20401971321812,238.0
2025-03-17 10:00:00,2025-03-16 10:00:00,376.71319165857096,427.0
2025-03-17 11:00:00,2025-03-16 11:00:00,488.997989929445,603.0
2025-03-17 12:00:00,2025-03-16 12:00:00,625.5927013790858,734.0
2025-03-17 13:00:00,2025-03-16 13:00:00,694.1463585008294,804.0
2025-03-17 14:00:00,2025-03-16 14:00:00,661.9477156851301,777.0
2025-03-17 15:00:00,2025-03-16 15:00:00,617.0708709573936,627.0
2025-03-17 16:00:00,2025-03-16 16:00:00,427.7712838788135,421.0
2025-03-17 17:00:00,2025-03-16 17:00:00,237.0348985957874,251.0
2025-03-17 18:00:00,2025-03-16 18:00:00,183.19924063192585,133.0
2025-03-17 19:00:00,2025-03-16 19:00:00,37.61184382794284,38.0
2025-03-17 20:00:00,2025-03-16 20:00:00,0.3080014961099091,0.0
2025-03-17 21:00:00,2025-03-16 21:00:00,0.3080014961099091,0.0
2025-03-17 22:00:00,2025-03-16 22:00:00,0.3910529399618563,0.0
2025-03-17 23:00:00,2025-03-16 23:00:00,0.3910529399618563,0.0
2025-03-18 00:00:00,2025-03-17 00:00:00,0.36118965863087765,0.0
2025-03-18 01:00:00,2025-03-17 01:00:00,0.36118965863087765,0.0
2025-03-18 02:00:00,2025-03-17 02:00:00,0.36118965863087765,0.0
2025-03-18 03:00:00,2025-03-17 03:00:00,0.36118965863087765,0.0
2025-03-18 04:00:00,2025-03-17 04:00:00,0.36118965863087765,0.0
2025-03-18 05:00:00,2025-03-17 05:00:00,0.36118965863087765,0.0
2025-03-18 06:00:00,2025-03-17 06:00:00,0.36118965863087765,0.0
2025-03-18 07:00:00,2025-03-17 07:00:00,0.36118965863087765,0.0
2025-03-18 08:00:00,2025-03-17 08:00:00,53.44842768895161,68.0
2025-03-18 09:00:00,2025-03-17 09:00:00,213.53885064353142,230.0
2025-03-18 10:00:00,2025-03-17 10:00:00,406.21792551397897,427.0
2025-03-18 11:00:00,2025-03-17 11:00:00,543.3539158672843,619.0
2025-03-18 12:00:00,2025-03-17 12:00:00,692.8830463764028,755.0
2025-03-18 13:00:00,2025-03-17 13:00:00,676.0220350228444,824.0
2025-03-18 14:00:00,2025-03-17 14:00:00,721.0836512294518,822.0
2025-03-18 15:00:00,2025-03-17 15:00:00,740.1291598343502,751.0
2025-03-18 16:00:00,2025-03-17 16:00:00,521.1906060441736,619.0
2025-03-18 17:00:00,2025-03-17 17:00:00,422.46480034441606,442.0
2025-03-18 18:00:00,2025-03-17 18:00:00,221.03543597870123,241.0
2025-03-18 19:00:00,2025-03-17 19:00:00,52.25421974615293,63.0
2025-03-18 20:00:00,2025-03-17 20:00:00,0.4903704364659592,0.0
2025-03-18 21:00:00,2025-03-17 21:00:00,0.4903704364659592,0.0
2025-03-18 22:00:00,2025-03-17 22:00:00,0.40731899261401194,0.0
2025-03-18 23:00:00,2025-03-17 23:00:00,0.4903704364659592,0.0
2025-03-19 00:00:00,2025-03-18 00:00:00,0.36118965863087765,0.0
2025-03-19 01:00:00,2025-03-18 01:00:00,0.36118965863087765,0.0
2025-03-19 02:00:00,2025-03-18 02:00:00,0.36118965863087765,0.0
2025-03-19 03:00:00,2025-03-18 03:00:00,0.36118965863087765,0.0
2025-03-19 04:00:00,2025-03-18 04:00:00,0.36118965863087765,0.0
2025-03-19 05:00:00,2025-03-18 05:00:00,0.36118965863087765,0.0
2025-03-19 06:00:00,2025-03-18 06:00:00,0.36118965863087765,0.0
2025-03-19 07:00:00,2025-03-18 07:00:00,0.36118965863087765,0.0
2025-03-19 08:00:00,2025-03-18 08:00:00,61.81215678144391,74.0
2025-03-19 09:00:00,2025-03-18 09:00:00,223.89678010326915,233.0
2025-03-19 10:00:00,2025-03-18 10:00:00,385.3853767038883,414.0
2025-03-19 11:00:00,2025-03-18 11:00:00,492.14976492879987,568.0
2025-03-19 12:00:00,2025-03-18 12:00:00,550.4600165881191,626.0
2025-03-19 13:00:00,2025-03-18 13:00:00,589.0338458974588,598.0
2025-03-19 14:00:00,2025-03-18 14:00:00,456.39123191843237,540.0
2025-03-19 15:00:00,2025-03-18 15:00:00,479.0371866312383,489.0
2025-03-19 16:00:00,2025-03-18 16:00:00,442.02129430433655,420.0
2025-03-19 17:00:00,2025-03-18 17:00:00,293.45201080884414,312.0
2025-03-19 18:00:00,2025-03-18 18:00:00,199.9473618261411,174.0
2025-03-19 19:00:00,2025-03-18 19:00:00,47.56295676764635,48.0
2025-03-19 20:00:00,2025-03-18 20:00:00,0.40731899261401194,0.0
2025-03-19 21:00:00,2025-03-18 21:00:00,0.40731899261401194,0.0
2025-03-19 22:00:00,2025-03-18 22:00:00,0.40731899261401194,0.0
2025-03-19 23:00:00,2025-03-18 23:00:00,0.40731899261401194,0.0
2025-03-20 00:00:00,2025-03-19 00:00:00,0.36118965863087765,0.0
2025-03-20 01:00:00,2025-03-19 01:00:00,0.36118965863087765,0.0
2025-03-20 02:00:00,2025-03-19 02:00:00,0.36118965863087765,0.0
2025-03-20 03:00:00,2025-03-19 03:00:00,0.36118965863087765,0.0
2025-03-20 04:00:00,2025-03-19 04:00:00,0.36118965863087765,0.0
2025-03-20 05:00:00,2025-03-19 05:00:00,0.36118965863087765,0.0
2025-03-20 06:00:00,2025-03-19 06:00:00,0.36118965863087765,0.0
2025-03-20 07:00:00,2025-03-19 07:00:00,0.36118965863087765,0.0
2025-03-20 08:00:00,2025-03-19 08:00:00,63.739981562825506,83.0
2025-03-20 09:00:00,2025-03-19 09:00:00,257.20539574735847,242.0
2025-03-20 10:00:00,2025-03-19 10:00:00,471.86237066386883,404.0
2025-03-20 11:00:00,2025-03-19 11:00:00,635.2194954344593,550.0
2025-03-20 12:00:00,2025-03-19 12:00:00,767.5447262662477,664.0
2025-03-20 13:00:00,2025-03-19 13:00:00,818.581568647407,734.0
2025-03-20 14:00:00,2025-03-19 14:00:00,823.012793302429,740.0
2025-03-20 15:00:00,2025-03-19 15:00:00,734.5027841142501,677.0
2025-03-20 16:00:00,2025-03-19 16:00:00,639.0544007278626,558.0
2025-03-20 17:00:00,2025-03-19 17:00:00,461.797358670328,399.0
2025-03-20 18:00:00,2025-03-19 18:00:00,245.6493197003356,219.0
2025-03-20 19:00:00,2025-03-19 19:00:00,61.01495750336773,59.0
2025-03-20 20:00:00,2025-03-19 20:00:00,0.4903704364659592,0.0
2025-03-20 21:00:00,2025-03-19 21:00:00,0.40731899261401194,0.0
2025-03-20 22:00:00,2025-03-19 22:00:00,0.4903704364659592,0.0
2025-03-20 23:00:00,2025-03-19 23:00:00,0.40731899261401194,0.0
2025-03-21 00:00:00,2025-03-20 00:00:00,0.36118965863087765,0.0
2025-03-21 01:00:00,2025-03-20 01:00:00,0.36118965863087765,0.0
2025-03-21 02:00:00,2025-03-20 02:00:00,0.36118965863087765,0.0
2025-03-21 03:00:00,2025-03-20 03:00:00,0.36118965863087765,0.0
2025-03-21 04:00:00,2025-03-20 04:00:00,0.36118965863087765,0.0
2025-03-21 05:00:00,2025-03-20 05:00:00,0.36118965863087765,0.0
2025-03-21 06:00:00,2025-03-20 06:00:00,0.36118965863087765,0.0
2025-03-21 07:00:00,2025-03-20 07:00:00,0.36118965863087765,0.0
2025-03-21 08:00:00,2025-03-20 08:00:00,64.99423102193924,67.0
2025-03-21 09:00:00,2025-03-20 09:00:00,216.0850928864442,221.0
2025-03-21 10:00:00,2025-03-20 10:00:00,403.69310468353825,427.0
2025-03-21 11:00:00,2025-03-20 11:00:00,542.2025288981822,613.0
2025-03-21 12:00:00,2025-03-20 12:00:00,594.8135997894659,671.0
2025-03-21 13:00:00,2025-03-20 13:00:00,625.1564720897937,620.0
2025-03-21 14:00:00,2025-03-20 14:00:00,533.7681204990405,558.0
2025-03-21 15:00:00,2025-03-20 15:00:00,617.1666157765065,550.0
2025-03-21 16:00:00,2025-03-20 16:00:00,594.1043050888256,528.0
2025-03-21 17:00:00,2025-03-20 17:00:00,429.7811768880202,421.0
2025-03-21 18:00:00,2025-03-20 18:00:00,222.44785144568198,240.0
2025-03-21 19:00:00,2025-03-20 19:00:00,57.81234823167493,66.0
2025-03-21 20:00:00,2025-03-20 20:00:00,0.4903704364659592,0.0
2025-03-21 21:00:00,2025-03-20 21:00:00,0.4903704364659592,0.0
2025-03-21 22:00:00,2025-03-20 22:00:00,0.4903704364659592,0.0
2025-03-21 23:00:00,2025-03-20 23:00:00,0.4903704364659592,0.0
2025-03-22 00:00:00,2025-03-21 00:00:00,0.36118965863087765,0.0
2025-03-22 01:00:00,2025-03-21 01:00:00,0.36118965863087765,0.0
2025-03-22 02:00:00,2025-03-21 02:00:00,0.36118965863087765,0.0
2025-03-22 03:00:00,2025-03-21 03:00:00,0.36118965863087765,0.0
2025-03-22 04:00:00,2025-03-21 04:00:00,0.36118965863087765,0.0
2025-03-22 05:00:00,2025-03-21 05:00:00,0.36118965863087765,0.0
2025-03-22 06:00:00,2025-03-21 06:00:00,0.36118965863087765,0.0
2025-03-22 07:00:00,2025-03-21 07:00:00,0.36118965863087765,1.0
2025-03-22 08:00:00,2025-03-21 08:00:00,65.68964560995505,91.0
2025-03-22 09:00:00,2025-03-21 09:00:00,218.57498440460725,266.0
2025-03-22 10:00:00,2025-03-21 10:00:00,442.679287166067,467.0
2025-03-22 11:00:00,2025-03-21 11:00:00,546.8305012210348,645.0
2025-03-22 12:00:00,2025-03-21 12:00:00,727.4324352617764,738.0
2025-03-22 13:00:00,2025-03-21 13:00:00,841.210139286238,746.0
2025-03-22 14:00:00,2025-03-21 14:00:00,770.9323425829507,706.0
2025-03-22 15:00:00,2025-03-21 15:00:00,749.6924124224194,641.0
2025-03-22 16:00:00,2025-03-21 16:00:00,587.6625671504352,540.0
2025-03-22 17:00:00,2025-03-21 17:00:00,415.083934807129,397.0
2025-03-22 18:00:00,2025-03-21 18:00:00,230.31135589651757,226.0
2025-03-22 19:00:00,2025-03-21 19:00:00,61.63619797204666,66.0
2025-03-22 20:00:00,2025-03-21 20:00:00,0.4903704364659592,0.0
2025-03-22 21:00:00,2025-03-21 21:00:00,0.40731899261401194,0.0
2025-03-22 22:00:00,2025-03-21 22:00:00,0.40731899261401194,0.0
2025-03-22 23:00:00,2025-03-21 23:00:00,0.40731899261401194,0.0
2025-03-23 00:00:00,2025-03-22 00:00:00,0.36118965863087765,0.0
2025-03-23 01:00:00,2025-03-22 01:00:00,0.36118965863087765,0.0
2025-03-23 02:00:00,2025-03-22 02:00:00,0.36118965863087765,0.0
2025-03-23 03:00:00,2025-03-22 03:00:00,0.36118965863087765,0.0
2025-03-23 04:00:00,2025-03-22 04:00:00,0.36118965863087765,0.0
2025-03-23 05:00:00,2025-03-22 05:00:00,0.36118965863087765,0.0
2025-03-23 06:00:00,2025-03-22 06:00:00,0.36118965863087765,0.0
2025-03-23 07:00:00,2025-03-22 07:00:00,0.36118965863087765,1.0
2025-03-23 08:00:00,2025-03-22 08:00:00,69.16310193542164,89.0
2025-03-23 09:00:00,2025-03-22 09:00:00,237.83822484650156,258.0
2025-03-23 10:00:00,2025-03-22 10:00:00,451.8939926368932,458.0
2025-03-23 11:00:00,2025-03-22 11:00:00,620.6766779774715,644.0
2025-03-23 12:00:00,2025-03-22 12:00:00,700.0979434594667,764.0
2025-03-23 13:00:00,2025-03-22 13:00:00,769.9264230391735,811.0
2025-03-23 14:00:00,2025-03-22 14:00:00,818.565996440276,795.0
2025-03-23 15:00:00,2025-03-22 15:00:00,712.1815767617242,727.0
2025-03-23 16:00:00,2025-03-22 16:00:00,579.8732875989549,606.0
2025-03-23 17:00:00,2025-03-22 17:00:00,419.0045059188785,439.0
2025-03-23 18:00:00,2025-03-22 18:00:00,229.91599570545108,244.0
2025-03-23 19:00:00,2025-03-22 19:00:00,63.75259414185679,70.0
2025-03-23 20:00:00,2025-03-22 20:00:00,0.40731899261401194,0.0
2025-03-23 21:00:00,2025-03-22 21:00:00,0.40731899261401194,0.0
2025-03-23 22:00:00,2025-03-22 22:00:00,0.40731899261401194,0.0
2025-03-23 23:00:00,2025-03-22 23:00:00,0.40731899261401194,0.0
2025-03-24 00:00:00,2025-03-23 00:00:00,0.36118965863087765,0.0
2025-03-24 01:00:00,2025-03-23 01:00:00,0.36118965863087765,0.0
2025-03-24 02:00:00,2025-03-23 02:00:00,0.36118965863087765,0.0
2025-03-24 03:00:00,2025-03-23 03:00:00,0.36118965863087765,0.0
2025-03-24 04:00:00,2025-03-23 04:00:00,0.36118965863087765,0.0
2025-03-24 05:00:00,2025-03-23 05:00:00,0.36118965863087765,0.0
2025-03-24 06:00:00,2025-03-23 06:00:00,0.36118965863087765,0.0
2025-03-24 07:00:00,2025-03-23 07:00:00,0.3898901765081594,1.0
2025-03-24 08:00:00,2025-03-23 08:00:00,74.37705553019254,98.0
2025-03-24 09:00:00,2025-03-23 09:00:00,245.39699958415738,270.0
2025-03-24 10:00:00,2025-03-23 10:00:00,472.01517927069244,463.0
2025-03-24 11:00:00,2025-03-23 11:00:00,646.7101533512797,641.0
2025-03-24 12:00:00,2025-03-23 12:00:00,709.1701250872277,765.0
2025-03-24 13:00:00,2025-03-23 13:00:00,818.0533151526255,826.0
2025-03-24 14:00:00,2025-03-23 14:00:00,815.7126251405446,819.0
2025-03-24 15:00:00,2025-03-23 15:00:00,722.4221512148501,747.0
2025-03-24 16:00:00,2025-03-23 16:00:00,609.3834563436601,618.0
2025-03-24 17:00:00,2025-03-23 17:00:00,446.9825999229458,444.0
2025-03-24 18:00:00,2025-03-23 18:00:00,222.31786541006133,245.0
2025-03-24 19:00:00,2025-03-23 19:00:00,63.75259414185679,70.0
2025-03-24 20:00:00,2025-03-23 20:00:00,0.40731899261401194,0.0
2025-03-24 21:00:00,2025-03-23 21:00:00,0.40731899261401194,0.0
2025-03-24 22:00:00,2025-03-23 22:00:00,0.40731899261401194,0.0
2025-03-24 23:00:00,2025-03-23 23:00:00,0.40731899261401194,0.0
2025-03-25 00:00:00,2025-03-24 00:00:00,0.36118965863087765,0.0
2025-03-25 01:00:00,2025-03-24 01:00:00,0.36118965863087765,0.0
2025-03-25 02:00:00,2025-03-24 02:00:00,0.36118965863087765,0.0
2025-03-25 03:00:00,2025-03-24 03:00:00,0.36118965863087765,0.0
2025-03-25 04:00:00,2025-03-24 04:00:00,0.36118965863087765,0.0
2025-03-25 05:00:00,2025-03-24 05:00:00,0.36118965863087765,0.0
2025-03-25 06:00:00,2025-03-24 06:00:00,0.36118965863087765,0.0
2025-03-25 07:00:00,2025-03-24 07:00:00,0.5144969661028455,2.0
2025-03-25 08:00:00,2025-03-24 08:00:00,78.58246582013015,99.0
2025-03-25 09:00:00,2025-03-24 09:00:00,241.47781027358548,269.0
2025-03-25 10:00:00,2025-03-24 10:00:00,450.4256570256378,464.0
2025-03-25 11:00:00,2025-03-24 11:00:00,642.0007823371192,635.0
2025-03-25 12:00:00,2025-03-24 12:00:00,723.0253877244354,719.0
2025-03-25 13:00:00,2025-03-24 13:00:00,807.8270694700493,721.0
2025-03-25 14:00:00,2025-03-24 14:00:00,800.8278493942697,682.0
2025-03-25 15:00:00,2025-03-24 15:00:00,712.7431947577832,633.0
2025-03-25 16:00:00,2025-03-24 16:00:00,607.7303729260591,551.0
2025-03-25 17:00:00,2025-03-24 17:00:00,422.3459370700918,413.0
2025-03-25 18:00:00,2025-03-24 18:00:00,231.35239547066945,234.0
2025-03-25 19:00:00,2025-03-24 19:00:00,64.74412693486094,69.0
2025-03-25 20:00:00,2025-03-24 20:00:00,0.40731899261401194,0.0
2025-03-25 21:00:00,2025-03-24 21:00:00,0.40731899261401194,0.0
2025-03-25 22:00:00,2025-03-24 22:00:00,0.40731899261401194,0.0
2025-03-25 23:00:00,2025-03-24 23:00:00,0.4903704364659592,0.0
2025-03-26 00:00:00,2025-03-25 00:00:00,0.36118965863087765,0.0
2025-03-26 01:00:00,2025-03-25 01:00:00,0.36118965863087765,0.0
2025-03-26 02:00:00,2025-03-25 02:00:00,0.36118965863087765,0.0
2025-03-26 03:00:00,2025-03-25 03:00:00,0.36118965863087765,0.0
2025-03-26 04:00:00,2025-03-25 04:00:00,0.36118965863087765,0.0
2025-03-26 05:00:00,2025-03-25 05:00:00,0.36118965863087765,0.0
2025-03-26 06:00:00,2025-03-25 06:00:00,0.36118965863087765,0.0
2025-03-26 07:00:00,2025-03-25 07:00:00,0.5144969661028455,2.0
2025-03-26 08:00:00,2025-03-25 08:00:00,80.69031890666413,106.0
2025-03-26 09:00:00,2025-03-25 09:00:00,253.97179758978368,278.0
2025-03-26 10:00:00,2025-03-25 10:00:00,486.41106226702345,472.0
2025-03-26 11:00:00,2025-03-25 11:00:00,637.0094352506037,649.0
2025-03-26 12:00:00,2025-03-25 12:00:00,714.0773674570498,766.0
2025-03-26 13:00:00,2025-03-25 13:00:00,845.6926358325322,815.0
2025-03-26 14:00:00,2025-03-25 14:00:00,813.6496939626281,798.0
2025-03-26 15:00:00,2025-03-25 15:00:00,719.2524745693681,724.0
2025-03-26 16:00:00,2025-03-25 16:00:00,516.0211361739943,597.0
2025-03-26 17:00:00,2025-03-25 17:00:00,383.49537043926586,428.0
2025-03-26 18:00:00,2025-03-25 18:00:00,221.44816162329727,237.0
2025-03-26 19:00:00,2025-03-25 19:00:00,61.016707354173064,70.0
2025-03-26 20:00:00,2025-03-25 20:00:00,0.4903704364659592,0.0
2025-03-26 21:00:00,2025-03-25 21:00:00,0.4903704364659592,0.0
2025-03-26 22:00:00,2025-03-25 22:00:00,0.3910529399618563,0.0
2025-03-26 23:00:00,2025-03-25 23:00:00,0.4903704364659592,0.0
2025-03-27 00:00:00,2025-03-26 00:00:00,0.36118965863087765,0.0
2025-03-27 01:00:00,2025-03-26 01:00:00,0.36118965863087765,0.0
2025-03-27 02:00:00,2025-03-26 02:00:00,0.36118965863087765,0.0
2025-03-27 03:00:00,2025-03-26 03:00:00,0.36118965863087765,0.0
2025-03-27 04:00:00,2025-03-26 04:00:00,0.36118965863087765,0.0
2025-03-27 05:00:00,2025-03-26 05:00:00,0.36118965863087765,0.0
2025-03-27 06:00:00,2025-03-26 06:00:00,0.36118965863087765,0.0
2025-03-27 07:00:00,2025-03-26 07:00:00,0.0,2.0
2025-03-27 08:00:00,2025-03-26 08:00:00,72.80628081316252,70.0
2025-03-27 09:00:00,2025-03-26 09:00:00,190.2994238807323,183.0
2025-03-27 10:00:00,2025-03-26 10:00:00,352.61174744344027,316.0
2025-03-27 11:00:00,2025-03-26 11:00:00,496.9045393859565,454.0
2025-03-27 12:00:00,2025-03-26 12:00:00,682.6231413681994,589.0
2025-03-27 13:00:00,2025-03-26 13:00:00,749.537414524261,701.0
2025-03-27 14:00:00,2025-03-26 14:00:00,745.0481425425011,741.0
2025-03-27 15:00:00,2025-03-26 15:00:00,507.77755836224185,688.0
2025-03-27 16:00:00,2025-03-26 16:00:00,546.6803428115263,567.0
2025-03-27 17:00:00,2025-03-26 17:00:00,411.7855703876641,407.0
2025-03-27 18:00:00,2025-03-26 18:00:00,258.4441808236615,228.0
2025-03-27 19:00:00,2025-03-26 19:00:00,61.53245043420712,69.0
2025-03-27 20:00:00,2025-03-26 20:00:00,0.48104459992369536,0.0
2025-03-27 21:00:00,2025-03-26 21:00:00,0.3910529399618563,0.0
2025-03-27 22:00:00,2025-03-26 22:00:00,0.48104459992369536,0.0
2025-03-27 23:00:00,2025-03-26 23:00:00,0.3910529399618563,0.0
2025-03-28 00:00:00,2025-03-27 00:00:00,0.36118965863087765,0.0
2025-03-28 01:00:00,2025-03-27 01:00:00,0.36118965863087765,0.0
2025-03-28 02:00:00,2025-03-27 02:00:00,0.36118965863087765,0.0
2025-03-28 03:00:00,2025-03-27 03:00:00,0.36118965863087765,0.0
2025-03-28 04:00:00,2025-03-27 04:00:00,0.36118965863087765,0.0
2025-03-28 05:00:00,2025-03-27 05:00:00,0.36118965863087765,0.0
2025-03-28 06:00:00,2025-03-27 06:00:00,0.36118965863087765,0.0
2025-03-28 07:00:00,2025-03-27 07:00:00,0.5174711222146191,2.0
2025-03-28 08:00:00,2025-03-27 08:00:00,68.69031995597153,55.0
2025-03-28 09:00:00,2025-03-27 09:00:00,203.65332470853946,153.0
2025-03-28 10:00:00,2025-03-27 10:00:00,411.05902950389736,284.0
2025-03-28 11:00:00,2025-03-27 11:00:00,579.3912906246493,435.0
2025-03-28 12:00:00,2025-03-27 12:00:00,715.859507984013,606.0
2025-03-28 13:00:00,2025-03-27 13:00:00,853.6840135147619,766.0
2025-03-28 14:00:00,2025-03-27 14:00:00,799.8262434216534,828.0
2025-03-28 15:00:00,2025-03-27 15:00:00,674.5714633940087,746.0
2025-03-28 16:00:00,2025-03-27 16:00:00,551.2499646126346,578.0
2025-03-28 17:00:00,2025-03-27 17:00:00,400.2409406266535,395.0
2025-03-28 18:00:00,2025-03-27 18:00:00,222.18343453424023,222.0
2025-03-28 19:00:00,2025-03-27 19:00:00,64.80455291054317,71.0
2025-03-28 20:00:00,2025-03-27 20:00:00,0.4903704364659592,0.0
2025-03-28 21:00:00,2025-03-27 21:00:00,1.259262911346896,0.0
2025-03-28 22:00:00,2025-03-27 22:00:00,0.0,0.0
2025-03-28 23:00:00,2025-03-27 23:00:00,0.9249689529189953,0.0
2025-03-29 00:00:00,2025-03-28 00:00:00,0.36118965863087765,0.0
2025-03-29 01:00:00,2025-03-28 01:00:00,0.36118965863087765,0.0
2025-03-29 02:00:00,2025-03-28 02:00:00,0.36118965863087765,0.0
2025-03-29 03:00:00,2025-03-28 03:00:00,0.36118965863087765,0.0
2025-03-29 04:00:00,2025-03-28 04:00:00,0.36118965863087765,0.0
2025-03-29 05:00:00,2025-03-28 05:00:00,0.36118965863087765,0.0
2025-03-29 06:00:00,2025-03-28 06:00:00,0.36118965863087765,0.0
2025-03-29 07:00:00,2025-03-28 07:00:00,0.0,4.0
2025-03-29 08:00:00,2025-03-28 08:00:00,75.77523912902609,104.0
2025-03-29 09:00:00,2025-03-28 09:00:00,250.33615709594105,256.0
2025-03-29 10:00:00,2025-03-28 10:00:00,420.0222303983048,426.0
2025-03-29 11:00:00,2025-03-28 11:00:00,597.2176889887921,589.0
2025-03-29 12:00:00,2025-03-28 12:00:00,717.3088792128578,725.0
2025-03-29 13:00:00,2025-03-28 13:00:00,606.8350253566734,820.0
2025-03-29 14:00:00,2025-03-28 14:00:00,706.7527545219401,839.0
2025-03-29 15:00:00,2025-03-28 15:00:00,675.5053118017478,772.0
2025-03-29 16:00:00,2025-03-28 16:00:00,540.63152401684,637.0
2025-03-29 17:00:00,2025-03-28 17:00:00,399.46785711490503,460.0
2025-03-29 18:00:00,2025-03-28 18:00:00,233.47984224804046,261.0
2025-03-29 19:00:00,2025-03-28 19:00:00,66.10291822515066,82.0
2025-03-29 20:00:00,2025-03-28 20:00:00,0.3910529399618563,0.0
2025-03-29 21:00:00,2025-03-28 21:00:00,0.3910529399618563,0.0
2025-03-29 22:00:00,2025-03-28 22:00:00,0.3979931560717482,0.0
2025-03-29 23:00:00,2025-03-28 23:00:00,0.40731899261401194,0.0
2025-03-30 00:00:00,2025-03-29 00:00:00,0.36118965863087765,0.0
2025-03-30 01:00:00,2025-03-29 01:00:00,0.36118965863087765,0.0
2025-03-30 02:00:00,2025-03-29 02:00:00,0.36118965863087765,0.0
2025-03-30 03:00:00,2025-03-29 03:00:00,0.36118965863087765,0.0
2025-03-30 04:00:00,2025-03-29 04:00:00,0.36118965863087765,0.0
2025-03-30 05:00:00,2025-03-29 05:00:00,0.36118965863087765,0.0
2025-03-30 06:00:00,2025-03-29 06:00:00,0.36118965863087765,0.0
2025-03-30 07:00:00,2025-03-29 07:00:00,1.0274698046200592,4.0
2025-03-30 08:00:00,2025-03-29 08:00:00,74.43159530116262,89.0
2025-03-30 09:00:00,2025-03-29 09:00:00,216.35226965464585,232.0
2025-03-30 10:00:00,2025-03-29 10:00:00,448.19387178021395,412.0
2025-03-30 11:00:00,2025-03-29 11:00:00,596.4884397387207,588.0
2025-03-30 12:00:00,2025-03-29 12:00:00,737.2879370191912,713.0
2025-03-30 13:00:00,2025-03-29 13:00:00,801.6362207627667,777.0
2025-03-30 14:00:00,2025-03-29 14:00:00,774.4139899597776,779.0
2025-03-30 15:00:00,2025-03-29 15:00:00,657.1395927554371,721.0
2025-03-30 16:00:00,2025-03-29 16:00:00,591.2699717642251,607.0
2025-03-30 17:00:00,2025-03-29 17:00:00,434.36590433400204,445.0
2025-03-30 18:00:00,2025-03-29 18:00:00,242.22863434439049,255.0
2025-03-30 19:00:00,2025-03-29 19:00:00,71.49151718848239,82.0
2025-03-30 20:00:00,2025-03-29 20:00:00,0.4903704364659592,1.0
2025-03-30 21:00:00,2025-03-29 21:00:00,0.4903704364659592,0.0
2025-03-30 22:00:00,2025-03-29 22:00:00,0.40731899261401194,0.0
2025-03-30 23:00:00,2025-03-29 23:00:00,0.40731899261401194,0.0
2025-03-31 00:00:00,2025-03-30 00:00:00,0.36118965863087765,0.0
2025-03-31 01:00:00,2025-03-30 01:00:00,0.36118965863087765,0.0
2025-03-31 02:00:00,2025-03-30 02:00:00,0.36118965863087765,0.0
2025-03-31 03:00:00,2025-03-30 03:00:00,0.36118965863087765,0.0
2025-03-31 04:00:00,2025-03-30 04:00:00,0.36118965863087765,0.0
2025-03-31 05:00:00,2025-03-30 05:00:00,0.36118965863087765,0.0
2025-03-31 06:00:00,2025-03-30 06:00:00,0.36118965863087765,0.0
2025-03-31 07:00:00,2025-03-30 07:00:00,1.702985298610631,6.0
2025-03-31 08:00:00,2025-03-30 08:00:00,98.76302223466023,118.0
2025-03-31 09:00:00,2025-03-30 09:00:00,261.7701663930407,275.0
2025-03-31 10:00:00,2025-03-30 10:00:00,478.94270929925784,440.0
2025-03-31 11:00:00,2025-03-30 11:00:00,510.31359536537923,593.0
2025-03-31 12:00:00,2025-03-30 12:00:00,683.9736063366669,714.0
2025-03-31 13:00:00,2025-03-30 13:00:00,631.7316976317587,791.0
2025-03-31 14:00:00,2025-03-30 14:00:00,714.8079849677672,804.0
2025-03-31 15:00:00,2025-03-30 15:00:00,654.1575125163849,750.0
2025-03-31 16:00:00,2025-03-30 16:00:00,588.0847710937937,635.0
2025-03-31 17:00:00,2025-03-30 17:00:00,458.11595737289895,468.0
2025-03-31 18:00:00,2025-03-30 18:00:00,252.62922039200748,267.0
2025-03-31 19:00:00,2025-03-30 19:00:00,70.81039373112257,86.0
2025-03-31 20:00:00,2025-03-30 20:00:00,0.40731899261401194,1.0
2025-03-31 21:00:00,2025-03-30 21:00:00,0.40731899261401194,0.0
2025-03-31 22:00:00,2025-03-30 22:00:00,0.40731899261401194,0.0
2025-03-31 23:00:00,2025-03-30 23:00:00,0.3979931560717482,0.0
2025-04-01 00:00:00,2025-03-31 00:00:00,0.36118965863087765,0.0
2025-04-01 01:00:00,2025-03-31 01:00:00,0.36118965863087765,0.0
2025-04-01 02:00:00,2025-03-31 02:00:00,0.36118965863087765,0.0
2025-04-01 03:00:00,2025-03-31 03:00:00,0.36118965863087765,0.0
2025-04-01 04:00:00,2025-03-31 04:00:00,0.36118965863087765,0.0
2025-04-01 05:00:00,2025-03-31 05:00:00,0.36118965863087765,0.0
2025-04-01 06:00:00,2025-03-31 06:00:00,0.36118965863087765,0.0
2025-04-01 07:00:00,2025-03-31 07:00:00,1.7074731527899243,2.0
2025-04-01 08:00:00,2025-03-31 08:00:00,38.43870998278816,41.0
2025-04-01 09:00:00,2025-03-31 09:00:00,124.91725758878631,106.0
2025-04-01 10:00:00,2025-03-31 10:00:00,140.83155001933426,194.0
2025-04-01 11:00:00,2025-03-31 11:00:00,260.52512652871326,278.0
2025-04-01 12:00:00,2025-03-31 12:00:00,277.4694281594881,333.0
2025-04-01 13:00:00,2025-03-31 13:00:00,323.07687594478966,355.0
2025-04-01 14:00:00,2025-03-31 14:00:00,406.09635921972045,333.0
2025-04-01 15:00:00,2025-03-31 15:00:00,293.3483869602794,257.0
2025-04-01 16:00:00,2025-03-31 16:00:00,336.16718107598894,160.0
2025-04-01 17:00:00,2025-03-31 17:00:00,321.28310876921046,92.0
2025-04-01 18:00:00,2025-03-31 18:00:00,218.11189009060462,59.0
2025-04-01 19:00:00,2025-03-31 19:00:00,60.58134813085011,27.0
2025-04-01 20:00:00,2025-03-31 20:00:00,0.0,0.0
2025-04-01 21:00:00,2025-03-31 21:00:00,0.3933501182083449,0.0
2025-04-01 22:00:00,2025-03-31 22:00:00,0.9249689529189953,0.0
2025-04-01 23:00:00,2025-03-31 23:00:00,0.9249689529189953,0.0
2025-04-02 00:00:00,2025-04-01 00:00:00,0.0,0.0
2025-04-02 01:00:00,2025-04-01 01:00:00,0.0,0.0
2025-04-02 02:00:00,2025-04-01 02:00:00,0.0,0.0
2025-04-02 03:00:00,2025-04-01 03:00:00,0.0,0.0
2025-04-02 04:00:00,2025-04-01 04:00:00,0.10850262354235754,0.0
2025-04-02 05:00:00,2025-04-01 05:00:00,0.10850262354235754,0.0
2025-04-02 06:00:00,2025-04-01 06:00:00,0.10850262354235754,0.0
2025-04-02 07:00:00,2025-04-01 07:00:00,1.1715877778012398,8.0
2025-04-02 08:00:00,2025-04-01 08:00:00,69.70519281403386,122.0
2025-04-02 09:00:00,2025-04-01 09:00:00,177.4607195118989,287.0
2025-04-02 10:00:00,2025-04-01 10:00:00,296.7878721110425,474.0
2025-04-02 11:00:00,2025-04-01 11:00:00,427.0998160308622,648.0
2025-04-02 12:00:00,2025-04-01 12:00:00,527.996641990381,767.0
2025-04-02 13:00:00,2025-04-01 13:00:00,716.2954608670564,825.0
2025-04-02 14:00:00,2025-04-01 14:00:00,743.8174621550025,819.0
2025-04-02 15:00:00,2025-04-01 15:00:00,717.22385171071,755.0
2025-04-02 16:00:00,2025-04-01 16:00:00,589.3445137865938,634.0
2025-04-02 17:00:00,2025-04-01 17:00:00,432.12317711707556,465.0
2025-04-02 18:00:00,2025-04-01 18:00:00,222.37288498109555,267.0
2025-04-02 19:00:00,2025-04-01 19:00:00,65.30734382442395,89.0
2025-04-02 20:00:00,2025-04-01 20:00:00,0.788008390092146,1.0
2025-04-02 21:00:00,2025-04-01 21:00:00,0.38269384241770865,0.0
2025-04-02 22:00:00,2025-04-01 22:00:00,0.38269384241770865,0.0
2025-04-02 23:00:00,2025-04-01 23:00:00,0.37549979487848445,0.0
2025-04-03 00:00:00,2025-04-02 00:00:00,0.34518422790194736,0.0
2025-04-03 01:00:00,2025-04-02 01:00:00,0.33799018036272316,0.0
2025-04-03 02:00:00,2025-04-02 02:00:00,0.34518422790194736,0.0
2025-04-03 03:00:00,2025-04-02 03:00:00,0.34518422790194736,0.0
2025-04-03 04:00:00,2025-04-02 04:00:00,0.34518422790194736,0.0
2025-04-03 05:00:00,2025-04-02 05:00:00,0.34518422790194736,0.0
2025-04-03 06:00:00,2025-04-02 06:00:00,0.34518422790194736,0.0
2025-04-03 07:00:00,2025-04-02 07:00:00,2.5090140202331535,8.0
2025-04-03 08:00:00,2025-04-02 08:00:00,59.42599409138393,111.0
2025-04-03 09:00:00,2025-04-02 09:00:00,202.07168130968904,258.0
2025-04-03 10:00:00,2025-04-02 10:00:00,389.00556392818476,427.0
2025-04-03 11:00:00,2025-04-02 11:00:00,519.0720033528439,581.0
2025-04-03 12:00:00,2025-04-02 12:00:00,628.4625189889551,677.0
2025-04-03 13:00:00,2025-04-02 13:00:00,737.0898953086382,713.0
2025-04-03 14:00:00,2025-04-02 14:00:00,854.6966489913988,704.0
2025-04-03 15:00:00,2025-04-02 15:00:00,693.8220092351149,666.0
2025-04-03 16:00:00,2025-04-02 16:00:00,524.2043138348397,584.0
2025-04-03 17:00:00,2025-04-02 17:00:00,397.19517851495516,443.0
2025-04-03 18:00:00,2025-04-02 18:00:00,210.91520270094946,257.0
2025-04-03 19:00:00,2025-04-02 19:00:00,71.5633930129261,86.0
2025-04-03 20:00:00,2025-04-02 20:00:00,0.8961763841144943,1.0
2025-04-03 21:00:00,2025-04-02 21:00:00,0.38269384241770865,0.0
2025-04-03 22:00:00,2025-04-02 22:00:00,0.38269384241770865,0.0
2025-04-03 23:00:00,2025-04-02 23:00:00,0.38269384241770865,0.0
2025-04-04 00:00:00,2025-04-03 00:00:00,0.34518422790194736,0.0
2025-04-04 01:00:00,2025-04-03 01:00:00,0.34518422790194736,0.0
2025-04-04 02:00:00,2025-04-03 02:00:00,0.34518422790194736,0.0
2025-04-04 03:00:00,2025-04-03 03:00:00,0.34518422790194736,0.0
2025-04-04 04:00:00,2025-04-03 04:00:00,0.3348252941544299,0.0
2025-04-04 05:00:00,2025-04-03 05:00:00,0.3348252941544299,0.0
2025-04-04 06:00:00,2025-04-03 06:00:00,0.3348252941544299,0.0
2025-04-04 07:00:00,2025-04-03 07:00:00,3.6948013119985035,11.0
2025-04-04 08:00:00,2025-04-03 08:00:00,107.02048197064636,134.0
2025-04-04 09:00:00,2025-04-03 09:00:00,304.2420719254275,299.0
2025-04-04 10:00:00,2025-04-03 10:00:00,487.0990281834177,480.0
2025-04-04 11:00:00,2025-04-03 11:00:00,572.0768967780027,641.0
2025-04-04 12:00:00,2025-04-03 12:00:00,702.6047867822836,749.0
2025-04-04 13:00:00,2025-04-03 13:00:00,815.8087285782968,795.0
2025-04-04 14:00:00,2025-04-03 14:00:00,761.8104051077546,780.0
2025-04-04 15:00:00,2025-04-03 15:00:00,732.0279919999009,710.0
2025-04-04 16:00:00,2025-04-03 16:00:00,594.6302519016701,588.0
2025-04-04 17:00:00,2025-04-03 17:00:00,439.8529897210544,429.0
2025-04-04 18:00:00,2025-04-03 18:00:00,232.28732412620778,247.0
2025-04-04 19:00:00,2025-04-03 19:00:00,72.36373487746347,84.0
2025-04-04 20:00:00,2025-04-03 20:00:00,0.8416121582169878,1.0
2025-04-04 21:00:00,2025-04-03 21:00:00,0.3723349086701912,0.0
2025-04-04 22:00:00,2025-04-03 22:00:00,0.3723349086701912,0.0
2025-04-04 23:00:00,2025-04-03 23:00:00,0.38269384241770865,0.0
2025-04-05 00:00:00,2025-04-04 00:00:00,0.34518422790194736,0.0
2025-04-05 01:00:00,2025-04-04 01:00:00,0.34518422790194736,0.0
2025-04-05 02:00:00,2025-04-04 02:00:00,0.34518422790194736,0.0
2025-04-05 03:00:00,2025-04-04 03:00:00,0.34518422790194736,0.0
2025-04-05 04:00:00,2025-04-04 04:00:00,0.34518422790194736,0.0
2025-04-05 05:00:00,2025-04-04 05:00:00,0.34518422790194736,0.0
2025-04-05 06:00:00,2025-04-04 06:00:00,0.34518422790194736,0.0
2025-04-05 07:00:00,2025-04-04 07:00:00,1.4986714020907468,11.0
2025-04-05 08:00:00,2025-04-04 08:00:00,94.39617611920514,127.0
2025-04-05 09:00:00,2025-04-04 09:00:00,238.2062054039005,284.0
2025-04-05 10:00:00,2025-04-04 10:00:00,438.10546045718735,463.0
2025-04-05 11:00:00,2025-04-04 11:00:00,565.6271403172458,629.0
2025-04-05 12:00:00,2025-04-04 12:00:00,688.201606950229,751.0
2025-04-05 13:00:00,2025-04-04 13:00:00,773.733798328738,818.0
2025-04-05 14:00:00,2025-04-04 14:00:00,747.8525058108567,817.0
2025-04-05 15:00:00,2025-04-04 15:00:00,722.9515357473746,750.0
2025-04-05 16:00:00,2025-04-04 16:00:00,572.744776324816,623.0
2025-04-05 17:00:00,2025-04-04 17:00:00,434.42375080849587,448.0
2025-04-05 18:00:00,2025-04-04 18:00:00,226.4812206193699,245.0
2025-04-05 19:00:00,2025-04-04 19:00:00,63.85339088102065,76.0
2025-04-05 20:00:00,2025-04-04 20:00:00,1.025065754235857,1.0
2025-04-05 21:00:00,2025-04-04 21:00:00,0.37549979487848445,0.0
2025-04-05 22:00:00,2025-04-04 22:00:00,0.38269384241770865,0.0
2025-04-05 23:00:00,2025-04-04 23:00:00,0.38269384241770865,0.0
2025-04-06 00:00:00,2025-04-05 00:00:00,0.34518422790194736,0.0
2025-04-06 01:00:00,2025-04-05 01:00:00,0.34518422790194736,0.0
2025-04-06 02:00:00,2025-04-05 02:00:00,0.34518422790194736,0.0
2025-04-06 03:00:00,2025-04-05 03:00:00,0.34518422790194736,0.0
2025-04-06 04:00:00,2025-04-05 04:00:00,0.34518422790194736,0.0
2025-04-06 05:00:00,2025-04-05 05:00:00,0.34518422790194736,0.0
2025-04-06 06:00:00,2025-04-05 06:00:00,0.33799018036272316,0.0
2025-04-06 07:00:00,2025-04-05 07:00:00,6.302060831013212,14.0
2025-04-06 08:00:00,2025-04-05 08:00:00,107.91913797651254,138.0
2025-04-06 09:00:00,2025-04-05 09:00:00,304.91926753799237,288.0
2025-04-06 10:00:00,2025-04-05 10:00:00,490.36621358825363,434.0
2025-04-06 11:00:00,2025-04-05 11:00:00,553.9765821659631,570.0
2025-04-06 12:00:00,2025-04-05 12:00:00,748.351652438607,695.0
2025-04-06 13:00:00,2025-04-05 13:00:00,826.8123076968905,793.0
2025-04-06 14:00:00,2025-04-05 14:00:00,774.3056922792174,821.0
2025-04-06 15:00:00,2025-04-05 15:00:00,675.0066636105491,764.0
2025-04-06 16:00:00,2025-04-05 16:00:00,575.0945543352037,641.0
2025-04-06 17:00:00,2025-04-05 17:00:00,415.1780754366004,470.0
2025-04-06 18:00:00,2025-04-05 18:00:00,224.30630020227446,273.0
2025-04-06 19:00:00,2025-04-05 19:00:00,74.16752556951096,95.0
2025-04-06 20:00:00,2025-04-05 20:00:00,1.3796700983779246,2.0
2025-04-06 21:00:00,2025-04-05 21:00:00,0.38269384241770865,0.0
2025-04-06 22:00:00,2025-04-05 22:00:00,0.3723349086701912,0.0
2025-04-06 23:00:00,2025-04-05 23:00:00,0.3723349086701912,0.0
2025-04-07 00:00:00,2025-04-06 00:00:00,0.3348252941544299,0.0
2025-04-07 01:00:00,2025-04-06 01:00:00,0.3348252941544299,0.0
2025-04-07 02:00:00,2025-04-06 02:00:00,0.3348252941544299,0.0
2025-04-07 03:00:00,2025-04-06 03:00:00,0.3348252941544299,0.0
2025-04-07 04:00:00,2025-04-06 04:00:00,0.34518422790194736,0.0
2025-04-07 05:00:00,2025-04-06 05:00:00,0.34518422790194736,0.0
2025-04-07 06:00:00,2025-04-06 06:00:00,0.3348252941544299,0.0
2025-04-07 07:00:00,2025-04-06 07:00:00,7.012471637559967,16.0
2025-04-07 08:00:00,2025-04-06 08:00:00,113.2231002631665,151.0
2025-04-07 09:00:00,2025-04-06 09:00:00,286.20067395076353,328.0
2025-04-07 10:00:00,2025-04-06 10:00:00,483.34989868783464,524.0
2025-04-07 11:00:00,2025-04-06 11:00:00,654.971015213026,701.0
2025-04-07 12:00:00,2025-04-06 12:00:00,734.7666861234661,827.0
2025-04-07 13:00:00,2025-04-06 13:00:00,783.6179982121168,888.0
2025-04-07 14:00:00,2025-04-06 14:00:00,815.2758121317285,861.0
2025-04-07 15:00:00,2025-04-06 15:00:00,597.4596205218551,734.0
2025-04-07 16:00:00,2025-04-06 16:00:00,444.3060145010561,549.0
2025-04-07 17:00:00,2025-04-06 17:00:00,293.0159978706926,368.0
2025-04-07 18:00:00,2025-04-06 18:00:00,205.01866467809296,211.0
2025-04-07 19:00:00,2025-04-06 19:00:00,59.82695583447779,77.0
2025-04-07 20:00:00,2025-04-06 20:00:00,1.1402178165006573,2.0
2025-04-07 21:00:00,2025-04-06 21:00:00,0.37549979487848445,0.0
2025-04-07 22:00:00,2025-04-06 22:00:00,0.37549979487848445,0.0
2025-04-07 23:00:00,2025-04-06 23:00:00,0.37549979487848445,0.0
2025-04-08 00:00:00,2025-04-07 00:00:00,0.33799018036272316,0.0
2025-04-08 01:00:00,2025-04-07 01:00:00,0.33799018036272316,0.0
2025-04-08 02:00:00,2025-04-07 02:00:00,0.34518422790194736,0.0
2025-04-08 03:00:00,2025-04-07 03:00:00,0.33799018036272316,0.0
2025-04-08 04:00:00,2025-04-07 04:00:00,0.34518422790194736,0.0
2025-04-08 05:00:00,2025-04-07 05:00:00,0.33799018036272316,0.0
2025-04-08 06:00:00,2025-04-07 06:00:00,0.33799018036272316,0.0
2025-04-08 07:00:00,2025-04-07 07:00:00,5.393210363562477,16.0
2025-04-08 08:00:00,2025-04-07 08:00:00,80.66522469649614,140.0
2025-04-08 09:00:00,2025-04-07 09:00:00,235.72353736438956,310.0
2025-04-08 10:00:00,2025-04-07 10:00:00,436.926637273057,509.0
2025-04-08 11:00:00,2025-04-07 11:00:00,498.5223301658424,695.0
2025-04-08 12:00:00,2025-04-07 12:00:00,747.1676756083243,820.0
2025-04-08 13:00:00,2025-04-07 13:00:00,688.0414390044757,877.0
2025-04-08 14:00:00,2025-04-07 14:00:00,686.8166171140525,865.0
2025-04-08 15:00:00,2025-04-07 15:00:00,754.5020651258016,787.0
2025-04-08 16:00:00,2025-04-07 16:00:00,620.5728421935124,652.0
2025-04-08 17:00:00,2025-04-07 17:00:00,493.37520777757913,475.0
2025-04-08 18:00:00,2025-04-07 18:00:00,250.2812846112908,276.0
2025-04-08 19:00:00,2025-04-07 19:00:00,80.58573242900663,98.0
2025-04-08 20:00:00,2025-04-07 20:00:00,1.7101699350640664,3.0
2025-04-08 21:00:00,2025-04-07 21:00:00,0.37549979487848445,0.0
2025-04-08 22:00:00,2025-04-07 22:00:00,0.37549979487848445,0.0
2025-04-08 23:00:00,2025-04-07 23:00:00,0.37549979487848445,0.0
2025-04-09 00:00:00,2025-04-08 00:00:00,0.33799018036272316,0.0
2025-04-09 01:00:00,2025-04-08 01:00:00,0.33799018036272316,0.0
2025-04-09 02:00:00,2025-04-08 02:00:00,0.34518422790194736,0.0
2025-04-09 03:00:00,2025-04-08 03:00:00,0.34518422790194736,0.0
2025-04-09 04:00:00,2025-04-08 04:00:00,0.34518422790194736,0.0
2025-04-09 05:00:00,2025-04-08 05:00:00,0.34518422790194736,0.0
2025-04-09 06:00:00,2025-04-08 06:00:00,0.34518422790194736,0.0
2025-04-09 07:00:00,2025-04-08 07:00:00,7.401173772397278,16.0
2025-04-09 08:00:00,2025-04-08 08:00:00,114.36812787897153,133.0
2025-04-09 09:00:00,2025-04-08 09:00:00,243.29774991326877,286.0
2025-04-09 10:00:00,2025-04-08 10:00:00,460.9291177061154,461.0
2025-04-09 11:00:00,2025-04-08 11:00:00,689.1335732521137,629.0
2025-04-09 12:00:00,2025-04-08 12:00:00,804.4096478684984,760.0
2025-04-09 13:00:00,2025-04-08 13:00:00,812.9323661462174,843.0
2025-04-09 14:00:00,2025-04-08 14:00:00,849.6806910128539,855.0
2025-04-09 15:00:00,2025-04-08 15:00:00,818.1353747132206,791.0
2025-04-09 16:00:00,2025-04-08 16:00:00,661.7817788157569,663.0
2025-04-09 17:00:00,2025-04-08 17:00:00,484.8582385055274,488.0
2025-04-09 18:00:00,2025-04-08 18:00:00,292.9153213943475,286.0
2025-04-09 19:00:00,2025-04-08 19:00:00,80.75779672920318,103.0
2025-04-09 20:00:00,2025-04-08 20:00:00,0.8129506337386874,3.0
2025-04-09 21:00:00,2025-04-08 21:00:00,0.38269384241770865,0.0
2025-04-09 22:00:00,2025-04-08 22:00:00,0.38269384241770865,0.0
2025-04-09 23:00:00,2025-04-08 23:00:00,0.3723349086701912,0.0
2025-04-10 00:00:00,2025-04-09 00:00:00,0.34518422790194736,0.0
2025-04-10 01:00:00,2025-04-09 01:00:00,0.34518422790194736,0.0
2025-04-10 02:00:00,2025-04-09 02:00:00,0.3348252941544299,0.0
2025-04-10 03:00:00,2025-04-09 03:00:00,0.34518422790194736,0.0
2025-04-10 04:00:00,2025-04-09 04:00:00,0.34518422790194736,0.0
2025-04-10 05:00:00,2025-04-09 05:00:00,0.34518422790194736,0.0
2025-04-10 06:00:00,2025-04-09 06:00:00,0.34518422790194736,0.0
2025-04-10 07:00:00,2025-04-09 07:00:00,10.446940160495556,19.0
2025-04-10 08:00:00,2025-04-09 08:00:00,127.43409596438329,147.0
2025-04-10 09:00:00,2025-04-09 09:00:00,232.6526192255783,294.0
2025-04-10 10:00:00,2025-04-09 10:00:00,409.21988910805914,443.0
2025-04-10 11:00:00,2025-04-09 11:00:00,595.8148951985605,583.0
2025-04-10 12:00:00,2025-04-09 12:00:00,738.6541823438992,716.0
2025-04-10 13:00:00,2025-04-09 13:00:00,781.6697998995626,822.0
2025-04-10 14:00:00,2025-04-09 14:00:00,810.0167639444329,845.0
2025-04-10 15:00:00,2025-04-09 15:00:00,742.0614359744487,758.0
2025-04-10 16:00:00,2025-04-09 16:00:00,639.0723121776691,602.0
2025-04-10 17:00:00,2025-04-09 17:00:00,443.19991040826886,427.0
2025-04-10 18:00:00,2025-04-09 18:00:00,246.5331946733117,253.0
2025-04-10 19:00:00,2025-04-09 19:00:00,82.16869708033398,96.0
2025-04-10 20:00:00,2025-04-09 20:00:00,2.3869760483279565,3.0
2025-04-10 21:00:00,2025-04-09 21:00:00,0.38269384241770865,0.0
2025-04-10 22:00:00,2025-04-09 22:00:00,0.38269384241770865,0.0
2025-04-10 23:00:00,2025-04-09 23:00:00,0.38269384241770865,0.0
2025-04-11 00:00:00,2025-04-10 00:00:00,0.34518422790194736,0.0
2025-04-11 01:00:00,2025-04-10 01:00:00,0.34518422790194736,0.0
2025-04-11 02:00:00,2025-04-10 02:00:00,0.34518422790194736,0.0
2025-04-11 03:00:00,2025-04-10 03:00:00,0.34518422790194736,0.0
2025-04-11 04:00:00,2025-04-10 04:00:00,0.34518422790194736,0.0
2025-04-11 05:00:00,2025-04-10 05:00:00,0.34518422790194736,0.0
2025-04-11 06:00:00,2025-04-10 06:00:00,0.34518422790194736,0.0
2025-04-11 07:00:00,2025-04-10 07:00:00,12.887318967040974,21.0
2025-04-11 08:00:00,2025-04-10 08:00:00,118.72366185384404,149.0
2025-04-11 09:00:00,2025-04-10 09:00:00,314.1347950109355,316.0
2025-04-11 10:00:00,2025-04-10 10:00:00,453.42368451362313,508.0
2025-04-11 11:00:00,2025-04-10 11:00:00,608.361997067497,676.0
2025-04-11 12:00:00,2025-04-10 12:00:00,686.2099490122885,763.0
2025-04-11 13:00:00,2025-04-10 13:00:00,717.5512844321497,772.0
2025-04-11 14:00:00,2025-04-10 14:00:00,748.047517826775,731.0
2025-04-11 15:00:00,2025-04-10 15:00:00,714.2009079388665,658.0
2025-04-11 16:00:00,2025-04-10 16:00:00,583.569097446445,548.0
2025-04-11 17:00:00,2025-04-10 17:00:00,439.3848502115599,405.0
2025-04-11 18:00:00,2025-04-10 18:00:00,254.32950077448677,241.0
2025-04-11 19:00:00,2025-04-10 19:00:00,87.40294543357372,91.0
2025-04-11 20:00:00,2025-04-10 20:00:00,2.271823986063157,3.0
2025-04-11 21:00:00,2025-04-10 21:00:00,0.3723349086701912,0.0
2025-04-11 22:00:00,2025-04-10 22:00:00,0.38269384241770865,0.0
2025-04-11 23:00:00,2025-04-10 23:00:00,0.38269384241770865,0.0
2025-04-12 00:00:00,2025-04-11 00:00:00,0.34518422790194736,0.0
2025-04-12 01:00:00,2025-04-11 01:00:00,0.33799018036272316,0.0
2025-04-12 02:00:00,2025-04-11 02:00:00,0.33799018036272316,0.0
2025-04-12 03:00:00,2025-04-11 03:00:00,0.34518422790194736,0.0
2025-04-12 04:00:00,2025-04-11 04:00:00,0.34518422790194736,0.0
2025-04-12 05:00:00,2025-04-11 05:00:00,0.3348252941544299,0.0
2025-04-12 06:00:00,2025-04-11 06:00:00,0.3348252941544299,0.0
2025-04-12 07:00:00,2025-04-11 07:00:00,13.900008880343778,25.0
2025-04-12 08:00:00,2025-04-11 08:00:00,144.57636039575902,169.0
2025-04-12 09:00:00,2025-04-11 09:00:00,341.4836529601754,344.0
2025-04-12 10:00:00,2025-04-11 10:00:00,534.2437042478816,531.0
2025-04-12 11:00:00,2025-04-11 11:00:00,683.9719878923055,697.0
2025-04-12 12:00:00,2025-04-11 12:00:00,827.203011918728,803.0
2025-04-12 13:00:00,2025-04-11 13:00:00,868.9244489850903,845.0
2025-04-12 14:00:00,2025-04-11 14:00:00,865.0187098532609,829.0
2025-04-12 15:00:00,2025-04-11 15:00:00,798.5867001631713,765.0
2025-04-12 16:00:00,2025-04-11 16:00:00,674.7834888826002,650.0
2025-04-12 17:00:00,2025-04-11 17:00:00,459.4586256596148,485.0
2025-04-12 18:00:00,2025-04-11 18:00:00,261.0715393104854,286.0
2025-04-12 19:00:00,2025-04-11 19:00:00,90.43187266373937,106.0
2025-04-12 20:00:00,2025-04-11 20:00:00,2.334689253600284,4.0
2025-04-12 21:00:00,2025-04-11 21:00:00,0.37549979487848445,0.0
2025-04-12 22:00:00,2025-04-11 22:00:00,0.37549979487848445,0.0
2025-04-12 23:00:00,2025-04-11 23:00:00,0.37549979487848445,0.0
2025-04-13 00:00:00,2025-04-12 00:00:00,0.33799018036272316,0.0
2025-04-13 01:00:00,2025-04-12 01:00:00,0.34518422790194736,0.0
2025-04-13 02:00:00,2025-04-12 02:00:00,0.33799018036272316,0.0
2025-04-13 03:00:00,2025-04-12 03:00:00,0.33799018036272316,0.0
2025-04-13 04:00:00,2025-04-12 04:00:00,0.33799018036272316,0.0
2025-04-13 05:00:00,2025-04-12 05:00:00,0.33799018036272316,0.0
2025-04-13 06:00:00,2025-04-12 06:00:00,0.33799018036272316,0.0
2025-04-13 07:00:00,2025-04-12 07:00:00,11.767755870684818,23.0
2025-04-13 08:00:00,2025-04-12 08:00:00,89.6290478501372,145.0
2025-04-13 09:00:00,2025-04-12 09:00:00,263.23716665452747,289.0
2025-04-13 10:00:00,2025-04-12 10:00:00,451.74890202933886,439.0
2025-04-13 11:00:00,2025-04-12 11:00:00,484.0675627503783,572.0
2025-04-13 12:00:00,2025-04-12 12:00:00,681.0840358594596,669.0
2025-04-13 13:00:00,2025-04-12 13:00:00,720.7867360297904,719.0
2025-04-13 14:00:00,2025-04-12 14:00:00,731.2301652396505,704.0
2025-04-13 15:00:00,2025-04-12 15:00:00,639.4383377026747,613.0
2025-04-13 16:00:00,2025-04-12 16:00:00,489.1118352979326,476.0
2025-04-13 17:00:00,2025-04-12 17:00:00,394.8536039600191,339.0
2025-04-13 18:00:00,2025-04-12 18:00:00,255.15203385427233,215.0
2025-04-13 19:00:00,2025-04-12 19:00:00,80.86881915713188,93.0
2025-04-13 20:00:00,2025-04-12 20:00:00,2.550440789441596,4.0
2025-04-13 21:00:00,2025-04-12 21:00:00,0.3723349086701912,0.0
2025-04-13 22:00:00,2025-04-12 22:00:00,0.3723349086701912,0.0
2025-04-13 23:00:00,2025-04-12 23:00:00,0.3723349086701912,0.0
2025-04-14 00:00:00,2025-04-13 00:00:00,0.3348252941544299,0.0
2025-04-14 01:00:00,2025-04-13 01:00:00,0.3348252941544299,0.0
2025-04-14 02:00:00,2025-04-13 02:00:00,0.3348252941544299,0.0
2025-04-14 03:00:00,2025-04-13 03:00:00,0.3348252941544299,0.0
2025-04-14 04:00:00,2025-04-13 04:00:00,0.3348252941544299,0.0
2025-04-14 05:00:00,2025-04-13 05:00:00,0.3348252941544299,0.0
2025-04-14 06:00:00,2025-04-13 06:00:00,0.3348252941544299,0.0
2025-04-14 07:00:00,2025-04-13 07:00:00,15.6411534471557,27.0
2025-04-14 08:00:00,2025-04-13 08:00:00,153.13334877429386,166.0
2025-04-14 09:00:00,2025-04-13 09:00:00,347.21420959831914,339.0
2025-04-14 10:00:00,2025-04-13 10:00:00,535.9490913914327,537.0
2025-04-14 11:00:00,2025-04-13 11:00:00,692.5987842282802,717.0
2025-04-14 12:00:00,2025-04-13 12:00:00,816.7688248845965,839.0
2025-04-14 13:00:00,2025-04-13 13:00:00,848.9884757399253,896.0
2025-04-14 14:00:00,2025-04-13 14:00:00,853.2226592866781,886.0
2025-04-14 15:00:00,2025-04-13 15:00:00,775.7651859468726,814.0
2025-04-14 16:00:00,2025-04-13 16:00:00,667.5340403137902,683.0
2025-04-14 17:00:00,2025-04-13 17:00:00,478.27001440136274,506.0
2025-04-14 18:00:00,2025-04-13 18:00:00,252.79023818529723,301.0
2025-04-14 19:00:00,2025-04-13 19:00:00,80.17157304079184,114.0
2025-04-14 20:00:00,2025-04-13 20:00:00,3.135745062344575,5.0
2025-04-14 21:00:00,2025-04-13 21:00:00,0.38269384241770865,0.0
2025-04-14 22:00:00,2025-04-13 22:00:00,0.38269384241770865,0.0
2025-04-14 23:00:00,2025-04-13 23:00:00,0.38269384241770865,0.0
2025-04-15 00:00:00,2025-04-14 00:00:00,0.3348252941544299,0.0
2025-04-15 01:00:00,2025-04-14 01:00:00,0.3348252941544299,0.0
2025-04-15 02:00:00,2025-04-14 02:00:00,0.3348252941544299,0.0
2025-04-15 03:00:00,2025-04-14 03:00:00,0.3348252941544299,0.0
2025-04-15 04:00:00,2025-04-14 04:00:00,0.3348252941544299,0.0
2025-04-15 05:00:00,2025-04-14 05:00:00,0.3348252941544299,0.0
2025-04-15 06:00:00,2025-04-14 06:00:00,0.3348252941544299,0.0
2025-04-15 07:00:00,2025-04-14 07:00:00,17.468542962873798,31.0
2025-04-15 08:00:00,2025-04-14 08:00:00,160.251722908135,184.0
2025-04-15 09:00:00,2025-04-14 09:00:00,376.30165137901497,366.0
2025-04-15 10:00:00,2025-04-14 10:00:00,558.0677560074679,565.0
2025-04-15 11:00:00,2025-04-14 11:00:00,731.8765359466034,745.0
2025-04-15 12:00:00,2025-04-14 12:00:00,850.2034981574097,865.0
2025-04-15 13:00:00,2025-04-14 13:00:00,894.1729310902924,919.0
2025-04-15 14:00:00,2025-04-14 14:00:00,877.1600920628156,904.0
2025-04-15 15:00:00,2025-04-14 15:00:00,845.4311166362155,825.0
2025-04-15 16:00:00,2025-04-14 16:00:00,685.5435810128879,687.0
2025-04-15 17:00:00,2025-04-14 17:00:00,488.4782403450771,506.0
2025-04-15 18:00:00,2025-04-14 18:00:00,290.0022612058308,300.0
2025-04-15 19:00:00,2025-04-14 19:00:00,101.9212771056821,114.0
2025-04-15 20:00:00,2025-04-14 20:00:00,4.086345773646718,6.0
2025-04-15 21:00:00,2025-04-14 21:00:00,0.3723349086701912,0.0
2025-04-15 22:00:00,2025-04-14 22:00:00,0.3723349086701912,0.0
2025-04-15 23:00:00,2025-04-14 23:00:00,0.3723349086701912,0.0
2025-04-16 00:00:00,2025-04-15 00:00:00,0.3348252941544299,0.0
2025-04-16 01:00:00,2025-04-15 01:00:00,0.3348252941544299,0.0
2025-04-16 02:00:00,2025-04-15 02:00:00,0.3348252941544299,0.0
2025-04-16 03:00:00,2025-04-15 03:00:00,0.3348252941544299,0.0
2025-04-16 04:00:00,2025-04-15 04:00:00,0.3348252941544299,0.0
2025-04-16 05:00:00,2025-04-15 05:00:00,0.3348252941544299,0.0
2025-04-16 06:00:00,2025-04-15 06:00:00,0.3348252941544299,0.0
2025-04-16 07:00:00,2025-04-15 07:00:00,18.222279018649008,33.0
2025-04-16 08:00:00,2025-04-15 08:00:00,165.19026729775268,183.0
2025-04-16 09:00:00,2025-04-15 09:00:00,370.46536321491163,362.0
2025-04-16 10:00:00,2025-04-15 10:00:00,552.4694054194179,558.0
2025-04-16 11:00:00,2025-04-15 11:00:00,715.0397061639974,735.0
2025-04-16 12:00:00,2025-04-15 12:00:00,829.1658432214841,855.0
2025-04-16 13:00:00,2025-04-15 13:00:00,880.0075995641874,910.0
2025-04-16 14:00:00,2025-04-15 14:00:00,863.1695610154131,896.0
2025-04-16 15:00:00,2025-04-15 15:00:00,796.9117716846897,818.0
2025-04-16 16:00:00,2025-04-15 16:00:00,683.9223416836734,684.0
2025-04-16 17:00:00,2025-04-15 17:00:00,474.51923636345043,504.0
2025-04-16 18:00:00,2025-04-15 18:00:00,291.1595389760627,299.0
2025-04-16 19:00:00,2025-04-15 19:00:00,104.46622088265698,114.0
2025-04-16 20:00:00,2025-04-15 20:00:00,4.803237304005633,6.0
2025-04-16 21:00:00,2025-04-15 21:00:00,0.3723349086701912,0.0
2025-04-16 22:00:00,2025-04-15 22:00:00,0.3723349086701912,0.0
2025-04-16 23:00:00,2025-04-15 23:00:00,0.3723349086701912,0.0
2025-04-17 00:00:00,2025-04-16 00:00:00,0.3348252941544299,0.0
2025-04-17 01:00:00,2025-04-16 01:00:00,0.3348252941544299,0.0
2025-04-17 02:00:00,2025-04-16 02:00:00,0.3348252941544299,0.0
2025-04-17 03:00:00,2025-04-16 03:00:00,0.3348252941544299,0.0
2025-04-17 04:00:00,2025-04-16 04:00:00,0.3348252941544299,0.0
2025-04-17 05:00:00,2025-04-16 05:00:00,0.3348252941544299,0.0
2025-04-17 06:00:00,2025-04-16 06:00:00,0.3348252941544299,0.0
2025-04-17 07:00:00,2025-04-16 07:00:00,20.184200921974977,35.0
2025-04-17 08:00:00,2025-04-16 08:00:00,165.30541936001748,185.0
2025-04-17 09:00:00,2025-04-16 09:00:00,375.1778233208529,363.0
2025-04-17 10:00:00,2025-04-16 10:00:00,569.0778104670205,559.0
2025-04-17 11:00:00,2025-04-16 11:00:00,735.5656273252428,735.0
2025-04-17 12:00:00,2025-04-16 12:00:00,840.2851268145415,853.0
2025-04-17 13:00:00,2025-04-16 13:00:00,883.4549565492379,907.0
2025-04-17 14:00:00,2025-04-16 14:00:00,871.1798650283649,893.0
2025-04-17 15:00:00,2025-04-16 15:00:00,820.6442129379609,815.0
2025-04-17 16:00:00,2025-04-16 16:00:00,688.3459187145755,680.0
2025-04-17 17:00:00,2025-04-16 17:00:00,496.4197669241569,503.0
2025-04-17 18:00:00,2025-04-16 18:00:00,287.27232789045325,302.0
2025-04-17 19:00:00,2025-04-16 19:00:00,104.58864142116549,118.0
2025-04-17 20:00:00,2025-04-16 20:00:00,4.360940654079102,7.0
2025-04-17 21:00:00,2025-04-16 21:00:00,0.3723349086701912,0.0
2025-04-17 22:00:00,2025-04-16 22:00:00,0.3723349086701912,0.0
2025-04-17 23:00:00,2025-04-16 23:00:00,0.3723349086701912,0.0
2025-04-18 00:00:00,2025-04-17 00:00:00,0.3348252941544299,0.0
2025-04-18 01:00:00,2025-04-17 01:00:00,0.3348252941544299,0.0
2025-04-18 02:00:00,2025-04-17 02:00:00,0.3348252941544299,0.0
2025-04-18 03:00:00,2025-04-17 03:00:00,0.3348252941544299,0.0
2025-04-18 04:00:00,2025-04-17 04:00:00,0.3348252941544299,0.0
2025-04-18 05:00:00,2025-04-17 05:00:00,0.3348252941544299,0.0
2025-04-18 06:00:00,2025-04-17 06:00:00,0.3348252941544299,0.0
2025-04-18 07:00:00,2025-04-17 07:00:00,21.23700642178542,37.0
2025-04-18 08:00:00,2025-04-17 08:00:00,169.88675860849875,191.0
2025-04-18 09:00:00,2025-04-17 09:00:00,375.02484285302563,371.0
2025-04-18 10:00:00,2025-04-17 10:00:00,573.841031565249,568.0
2025-04-18 11:00:00,2025-04-17 11:00:00,725.4805577966326,744.0
2025-04-18 12:00:00,2025-04-17 12:00:00,850.1971522287143,861.0
2025-04-18 13:00:00,2025-04-17 13:00:00,880.4916591570862,913.0
2025-04-18 14:00:00,2025-04-17 14:00:00,865.9421268971828,897.0
2025-04-18 15:00:00,2025-04-17 15:00:00,832.8407830329734,819.0
2025-04-18 16:00:00,2025-04-17 16:00:00,689.4223788173124,686.0
2025-04-18 17:00:00,2025-04-17 17:00:00,464.9364125067641,508.0
2025-04-18 18:00:00,2025-04-17 18:00:00,293.0261469995712,304.0
2025-04-18 19:00:00,2025-04-17 19:00:00,109.56760689859071,119.0
2025-04-18 20:00:00,2025-04-17 20:00:00,4.76095809555686,7.0
2025-04-18 21:00:00,2025-04-17 21:00:00,0.38269384241770865,0.0
2025-04-18 22:00:00,2025-04-17 22:00:00,0.38269384241770865,0.0
2025-04-18 23:00:00,2025-04-17 23:00:00,0.3723349086701912,0.0
2025-04-19 00:00:00,2025-04-18 00:00:00,0.3348252941544299,0.0
2025-04-19 01:00:00,2025-04-18 01:00:00,0.3348252941544299,0.0
2025-04-19 02:00:00,2025-04-18 02:00:00,0.3348252941544299,0.0
2025-04-19 03:00:00,2025-04-18 03:00:00,0.3348252941544299,0.0
2025-04-19 04:00:00,2025-04-18 04:00:00,0.34518422790194736,0.0
2025-04-19 05:00:00,2025-04-18 05:00:00,0.33799018036272316,0.0
2025-04-19 06:00:00,2025-04-18 06:00:00,0.3348252941544299,0.0
2025-04-19 07:00:00,2025-04-18 07:00:00,20.20783820931345,39.0
2025-04-19 08:00:00,2025-04-18 08:00:00,172.98249693570307,193.0
2025-04-19 09:00:00,2025-04-18 09:00:00,379.85825936837574,372.0
2025-04-19 10:00:00,2025-04-18 10:00:00,584.1867118629308,570.0
2025-04-19 11:00:00,2025-04-18 11:00:00,727.8586066229742,746.0
2025-04-19 12:00:00,2025-04-18 12:00:00,824.7270829178078,866.0
2025-04-19 13:00:00,2025-04-18 13:00:00,867.3333842495757,921.0
2025-04-19 14:00:00,2025-04-18 14:00:00,880.0401489561332,906.0
2025-04-19 15:00:00,2025-04-18 15:00:00,823.9949991601246,823.0
2025-04-19 16:00:00,2025-04-18 16:00:00,686.6262018917304,683.0
2025-04-19 17:00:00,2025-04-18 17:00:00,473.33610054130656,502.0
2025-04-19 18:00:00,2025-04-18 18:00:00,291.3733225252753,298.0
2025-04-19 19:00:00,2025-04-18 19:00:00,102.96671617788725,117.0
2025-04-19 20:00:00,2025-04-18 20:00:00,4.201497835911518,7.0
2025-04-19 21:00:00,2025-04-18 21:00:00,0.37549979487848445,0.0
2025-04-19 22:00:00,2025-04-18 22:00:00,0.38269384241770865,0.0
2025-04-19 23:00:00,2025-04-18 23:00:00,0.37549979487848445,0.0
2025-04-20 00:00:00,2025-04-19 00:00:00,0.33799018036272316,0.0
2025-04-20 01:00:00,2025-04-19 01:00:00,0.33799018036272316,0.0
2025-04-20 02:00:00,2025-04-19 02:00:00,0.33799018036272316,0.0
2025-04-20 03:00:00,2025-04-19 03:00:00,0.3348252941544299,0.0
2025-04-20 04:00:00,2025-04-19 04:00:00,0.33799018036272316,0.0
2025-04-20 05:00:00,2025-04-19 05:00:00,0.3348252941544299,0.0
2025-04-20 06:00:00,2025-04-19 06:00:00,0.3348252941544299,0.0
2025-04-20 07:00:00,2025-04-19 07:00:00,22.87147089950071,38.0
2025-04-20 08:00:00,2025-04-19 08:00:00,156.43469901079018,179.0
2025-04-20 09:00:00,2025-04-19 09:00:00,353.5129180509359,347.0
2025-04-20 10:00:00,2025-04-19 10:00:00,554.0933188514119,535.0
2025-04-20 11:00:00,2025-04-19 11:00:00,712.1686651569021,710.0
2025-04-20 12:00:00,2025-04-19 12:00:00,751.0859067430918,836.0
2025-04-20 13:00:00,2025-04-19 13:00:00,857.4753323883274,905.0
2025-04-20 14:00:00,2025-04-19 14:00:00,852.2944938558722,903.0
2025-04-20 15:00:00,2025-04-19 15:00:00,808.9773985275573,829.0
2025-04-20 16:00:00,2025-04-19 16:00:00,708.2567922858532,694.0
2025-04-20 17:00:00,2025-04-19 17:00:00,494.68982048839734,515.0
2025-04-20 18:00:00,2025-04-19 18:00:00,293.4576289122238,310.0
2025-04-20 19:00:00,2025-04-19 19:00:00,113.98425261659999,124.0
2025-04-20 20:00:00,2025-04-19 20:00:00,5.708472856569117,8.0
2025-04-20 21:00:00,2025-04-19 21:00:00,0.3723349086701912,0.0
2025-04-20 22:00:00,2025-04-19 22:00:00,0.3723349086701912,0.0
2025-04-20 23:00:00,2025-04-19 23:00:00,0.3723349086701912,0.0
2025-04-21 00:00:00,2025-04-20 00:00:00,0.3348252941544299,0.0
2025-04-21 01:00:00,2025-04-20 01:00:00,0.3348252941544299,0.0
2025-04-21 02:00:00,2025-04-20 02:00:00,0.3348252941544299,0.0
2025-04-21 03:00:00,2025-04-20 03:00:00,0.3348252941544299,0.0
2025-04-21 04:00:00,2025-04-20 04:00:00,0.3348252941544299,0.0
2025-04-21 05:00:00,2025-04-20 05:00:00,0.3348252941544299,0.0
2025-04-21 06:00:00,2025-04-20 06:00:00,0.3348252941544299,0.0
2025-04-21 07:00:00,2025-04-20 07:00:00,26.385474129748026,44.0
2025-04-21 08:00:00,2025-04-20 08:00:00,173.95012783725593,199.0
2025-04-21 09:00:00,2025-04-20 09:00:00,373.96011739067325,377.0
2025-04-21 10:00:00,2025-04-20 10:00:00,576.3286991941501,571.0
2025-04-21 11:00:00,2025-04-20 11:00:00,717.0418829912334,745.0
2025-04-21 12:00:00,2025-04-20 12:00:00,826.1308681219185,862.0
2025-04-21 13:00:00,2025-04-20 13:00:00,866.5587206145162,915.0
2025-04-21 14:00:00,2025-04-20 14:00:00,847.2342815865355,899.0
2025-04-21 15:00:00,2025-04-20 15:00:00,775.3597830415274,820.0
2025-04-21 16:00:00,2025-04-20 16:00:00,664.2082590211303,684.0
2025-04-21 17:00:00,2025-04-20 17:00:00,497.472219718736,503.0
2025-04-21 18:00:00,2025-04-20 18:00:00,294.83984480366706,295.0
2025-04-21 19:00:00,2025-04-20 19:00:00,109.80136044675484,113.0
2025-04-21 20:00:00,2025-04-20 20:00:00,3.5551903620154732,8.0
2025-04-21 21:00:00,2025-04-20 21:00:00,0.38269384241770865,0.0
2025-04-21 22:00:00,2025-04-20 22:00:00,0.38269384241770865,0.0
2025-04-21 23:00:00,2025-04-20 23:00:00,0.38269384241770865,0.0
2025-04-22 00:00:00,2025-04-21 00:00:00,0.3348252941544299,0.0
2025-04-22 01:00:00,2025-04-21 01:00:00,0.3348252941544299,0.0
2025-04-22 02:00:00,2025-04-21 02:00:00,0.3348252941544299,0.0
2025-04-22 03:00:00,2025-04-21 03:00:00,0.3348252941544299,0.0
2025-04-22 04:00:00,2025-04-21 04:00:00,0.3348252941544299,0.0
2025-04-22 05:00:00,2025-04-21 05:00:00,0.3348252941544299,0.0
2025-04-22 06:00:00,2025-04-21 06:00:00,0.3348252941544299,0.0
2025-04-22 07:00:00,2025-04-21 07:00:00,27.82552852161947,45.0
2025-04-22 08:00:00,2025-04-21 08:00:00,175.22168159734753,199.0
2025-04-22 09:00:00,2025-04-21 09:00:00,367.64231420734444,376.0
2025-04-22 10:00:00,2025-04-21 10:00:00,571.0574599621884,570.0
2025-04-22 11:00:00,2025-04-21 11:00:00,717.9474181007881,743.0
2025-04-22 12:00:00,2025-04-21 12:00:00,843.5486294767592,858.0
2025-04-22 13:00:00,2025-04-21 13:00:00,854.6930953126592,908.0
2025-04-22 14:00:00,2025-04-21 14:00:00,810.677382006459,892.0
2025-04-22 15:00:00,2025-04-21 15:00:00,810.3387918475169,820.0
2025-04-22 16:00:00,2025-04-21 16:00:00,691.422461227017,691.0
2025-04-22 17:00:00,2025-04-21 17:00:00,487.2977802514272,514.0
2025-04-22 18:00:00,2025-04-21 18:00:00,292.31290032023736,306.0
2025-04-22 19:00:00,2025-04-21 19:00:00,112.51078923742412,121.0
2025-04-22 20:00:00,2025-04-21 20:00:00,5.918335247050316,9.0
2025-04-22 21:00:00,2025-04-21 21:00:00,0.38269384241770865,0.0
2025-04-22 22:00:00,2025-04-21 22:00:00,0.3723349086701912,0.0
2025-04-22 23:00:00,2025-04-21 23:00:00,0.37549979487848445,0.0
2025-04-23 00:00:00,2025-04-22 00:00:00,0.33799018036272316,0.0
2025-04-23 01:00:00,2025-04-22 01:00:00,0.33799018036272316,0.0
2025-04-23 02:00:00,2025-04-22 02:00:00,0.34518422790194736,0.0
2025-04-23 03:00:00,2025-04-22 03:00:00,0.34518422790194736,0.0
2025-04-23 04:00:00,2025-04-22 04:00:00,0.33799018036272316,0.0
2025-04-23 05:00:00,2025-04-22 05:00:00,0.34518422790194736,0.0
2025-04-23 06:00:00,2025-04-22 06:00:00,0.34518422790194736,0.0
2025-04-23 07:00:00,2025-04-22 07:00:00,24.57352863986916,49.0
2025-04-23 08:00:00,2025-04-22 08:00:00,152.12253554215144,205.0
2025-04-23 09:00:00,2025-04-22 09:00:00,389.81820676094907,386.0
2025-04-23 10:00:00,2025-04-22 10:00:00,573.4943336045917,587.0
2025-04-23 11:00:00,2025-04-22 11:00:00,728.4377309990602,759.0
2025-04-23 12:00:00,2025-04-22 12:00:00,797.6663037552185,863.0
2025-04-23 13:00:00,2025-04-22 13:00:00,818.3029968180989,891.0
2025-04-23 14:00:00,2025-04-22 14:00:00,708.7041737201565,839.0
2025-04-23 15:00:00,2025-04-22 15:00:00,721.4685261343501,703.0
2025-04-23 16:00:00,2025-04-22 16:00:00,507.18268840143577,519.0
2025-04-23 17:00:00,2025-04-22 17:00:00,434.3968583787134,348.0
2025-04-23 18:00:00,2025-04-22 18:00:00,229.4198801268204,206.0
2025-04-23 19:00:00,2025-04-22 19:00:00,88.56650041433157,88.0
2025-04-23 20:00:00,2025-04-22 20:00:00,5.572993747659704,7.0
2025-04-23 21:00:00,2025-04-22 21:00:00,0.15797711946185128,0.0
2025-04-23 22:00:00,2025-04-22 22:00:00,0.3723349086701912,0.0
2025-04-23 23:00:00,2025-04-22 23:00:00,0.3723349086701912,0.0
2025-04-24 00:00:00,2025-04-23 00:00:00,0.10258446235155172,0.0
2025-04-24 01:00:00,2025-04-23 01:00:00,0.10850262354235754,0.0
2025-04-24 02:00:00,2025-04-23 02:00:00,0.12046750494608999,0.0
2025-04-24 03:00:00,2025-04-23 03:00:00,0.13082643869360744,0.0
2025-04-24 04:00:00,2025-04-23 04:00:00,0.13082643869360744,0.0
2025-04-24 05:00:00,2025-04-23 05:00:00,0.12363239115438322,0.0
2025-04-24 06:00:00,2025-04-23 06:00:00,0.33799018036272316,0.0
2025-04-24 07:00:00,2025-04-23 07:00:00,24.983407625963665,42.0
2025-04-24 08:00:00,2025-04-23 08:00:00,105.57772088745234,167.0
2025-04-24 09:00:00,2025-04-23 09:00:00,236.88303629112676,298.0
2025-04-24 10:00:00,2025-04-23 10:00:00,265.3713076681117,424.0
2025-04-24 11:00:00,2025-04-23 11:00:00,410.3691439805724,513.0
2025-04-24 12:00:00,2025-04-23 12:00:00,539.216792460608,526.0
2025-04-24 13:00:00,2025-04-23 13:00:00,608.9538948569523,476.0
2025-04-24 14:00:00,2025-04-23 14:00:00,659.0229582960337,406.0
2025-04-24 15:00:00,2025-04-23 15:00:00,728.5878138850779,333.0
2025-04-24 16:00:00,2025-04-23 16:00:00,613.652375575798,259.0
2025-04-24 17:00:00,2025-04-23 17:00:00,476.51449723326607,201.0
2025-04-24 18:00:00,2025-04-23 18:00:00,239.7596219403104,157.0
2025-04-24 19:00:00,2025-04-23 19:00:00,91.26343990096717,92.0
2025-04-24 20:00:00,2025-04-23 20:00:00,5.787351536868044,10.0
2025-04-24 21:00:00,2025-04-23 21:00:00,0.38269384241770865,0.0
2025-04-24 22:00:00,2025-04-23 22:00:00,0.38269384241770865,0.0
2025-04-24 23:00:00,2025-04-23 23:00:00,0.38269384241770865,0.0
2025-04-25 00:00:00,2025-04-24 00:00:00,0.33799018036272316,0.0
2025-04-25 01:00:00,2025-04-24 01:00:00,0.33799018036272316,0.0
2025-04-25 02:00:00,2025-04-24 02:00:00,0.34518422790194736,0.0
2025-04-25 03:00:00,2025-04-24 03:00:00,0.33799018036272316,0.0
2025-04-25 04:00:00,2025-04-24 04:00:00,0.34518422790194736,0.0
2025-04-25 05:00:00,2025-04-24 05:00:00,0.34518422790194736,0.0
2025-04-25 06:00:00,2025-04-24 06:00:00,0.34518422790194736,0.0
2025-04-25 07:00:00,2025-04-24 07:00:00,22.367872166881547,44.0
2025-04-25 08:00:00,2025-04-24 08:00:00,137.18708013982382,175.0
2025-04-25 09:00:00,2025-04-24 09:00:00,285.1872851090795,322.0
2025-04-25 10:00:00,2025-04-24 10:00:00,463.266888764536,480.0
2025-04-25 11:00:00,2025-04-24 11:00:00,636.4780470488333,630.0
2025-04-25 12:00:00,2025-04-24 12:00:00,792.1092680805482,758.0
2025-04-25 13:00:00,2025-04-24 13:00:00,861.7474036767986,848.0
2025-04-25 14:00:00,2025-04-24 14:00:00,834.116282877318,868.0
2025-04-25 15:00:00,2025-04-24 15:00:00,713.946260464738,805.0
2025-04-25 16:00:00,2025-04-24 16:00:00,535.5110295105391,677.0
2025-04-25 17:00:00,2025-04-24 17:00:00,433.8854849726377,506.0
2025-04-25 18:00:00,2025-04-24 18:00:00,251.99353014871838,310.0
2025-04-25 19:00:00,2025-04-24 19:00:00,108.55410514218815,130.0
2025-04-25 20:00:00,2025-04-24 20:00:00,8.469391702773764,11.0
2025-04-25 21:00:00,2025-04-24 21:00:00,0.38269384241770865,0.0
2025-04-25 22:00:00,2025-04-24 22:00:00,0.38269384241770865,0.0
2025-04-25 23:00:00,2025-04-24 23:00:00,0.38269384241770865,0.0
2025-04-26 00:00:00,2025-04-25 00:00:00,0.33799018036272316,0.0
2025-04-26 01:00:00,2025-04-25 01:00:00,0.34518422790194736,0.0
2025-04-26 02:00:00,2025-04-25 02:00:00,0.33799018036272316,0.0
2025-04-26 03:00:00,2025-04-25 03:00:00,0.33799018036272316,0.0
2025-04-26 04:00:00,2025-04-25 04:00:00,0.33799018036272316,0.0
2025-04-26 05:00:00,2025-04-25 05:00:00,0.33799018036272316,0.0
2025-04-26 06:00:00,2025-04-25 06:00:00,0.34518422790194736,0.0
2025-04-26 07:00:00,2025-04-25 07:00:00,22.556524581460653,47.0
2025-04-26 08:00:00,2025-04-25 08:00:00,124.64910174652023,181.0
2025-04-26 09:00:00,2025-04-25 09:00:00,296.1278360929327,341.0
2025-04-26 10:00:00,2025-04-25 10:00:00,515.7831459575169,528.0
2025-04-26 11:00:00,2025-04-25 11:00:00,599.4199918790484,704.0
2025-04-26 12:00:00,2025-04-25 12:00:00,795.1653901739672,835.0
2025-04-26 13:00:00,2025-04-25 13:00:00,901.6626256726556,910.0
2025-04-26 14:00:00,2025-04-25 14:00:00,889.6646406595929,909.0
2025-04-26 15:00:00,2025-04-25 15:00:00,816.1209743661295,824.0
2025-04-26 16:00:00,2025-04-25 16:00:00,637.1198501775923,676.0
2025-04-26 17:00:00,2025-04-25 17:00:00,492.6839592728241,495.0
2025-04-26 18:00:00,2025-04-25 18:00:00,285.736060512135,299.0
2025-04-26 19:00:00,2025-04-25 19:00:00,114.23975971452997,125.0
2025-04-26 20:00:00,2025-04-25 20:00:00,7.994199030149954,11.0
2025-04-26 21:00:00,2025-04-25 21:00:00,0.38269384241770865,0.0
2025-04-26 22:00:00,2025-04-25 22:00:00,0.3723349086701912,0.0
2025-04-26 23:00:00,2025-04-25 23:00:00,0.3723349086701912,0.0
2025-04-27 00:00:00,2025-04-26 00:00:00,0.3348252941544299,0.0
2025-04-27 01:00:00,2025-04-26 01:00:00,0.3348252941544299,0.0
2025-04-27 02:00:00,2025-04-26 02:00:00,0.34518422790194736,0.0
2025-04-27 03:00:00,2025-04-26 03:00:00,0.34518422790194736,0.0
2025-04-27 04:00:00,2025-04-26 04:00:00,0.34518422790194736,0.0
2025-04-27 05:00:00,2025-04-26 05:00:00,0.34518422790194736,0.0
2025-04-27 06:00:00,2025-04-26 06:00:00,0.3348252941544299,0.0
2025-04-27 07:00:00,2025-04-26 07:00:00,35.848396823615865,56.0
2025-04-27 08:00:00,2025-04-26 08:00:00,176.60254277302494,207.0
2025-04-27 09:00:00,2025-04-26 09:00:00,387.66318353475765,374.0
2025-04-27 10:00:00,2025-04-26 10:00:00,553.2591929056119,552.0
2025-04-27 11:00:00,2025-04-26 11:00:00,703.7642009539303,706.0
2025-04-27 12:00:00,2025-04-26 12:00:00,807.9906262053171,807.0
2025-04-27 13:00:00,2025-04-26 13:00:00,856.6007903028141,848.0
2025-04-27 14:00:00,2025-04-26 14:00:00,847.1718871521986,821.0
2025-04-27 15:00:00,2025-04-26 15:00:00,777.4800855461075,723.0
2025-04-27 16:00:00,2025-04-26 16:00:00,687.7015039314134,577.0
2025-04-27 17:00:00,2025-04-26 17:00:00,479.87639235098226,417.0
2025-04-27 18:00:00,2025-04-26 18:00:00,294.56016904242404,259.0
2025-04-27 19:00:00,2025-04-26 19:00:00,120.73294881702346,115.0
2025-04-27 20:00:00,2025-04-26 20:00:00,8.886374817167987,12.0
2025-04-27 21:00:00,2025-04-26 21:00:00,0.3723349086701912,0.0
2025-04-27 22:00:00,2025-04-26 22:00:00,0.3723349086701912,0.0
2025-04-27 23:00:00,2025-04-26 23:00:00,0.3723349086701912,0.0
2025-04-28 00:00:00,2025-04-27 00:00:00,0.3348252941544299,0.0
2025-04-28 01:00:00,2025-04-27 01:00:00,0.3348252941544299,0.0
2025-04-28 02:00:00,2025-04-27 02:00:00,0.33799018036272316,0.0
2025-04-28 03:00:00,2025-04-27 03:00:00,0.34518422790194736,0.0
2025-04-28 04:00:00,2025-04-27 04:00:00,0.33799018036272316,0.0
2025-04-28 05:00:00,2025-04-27 05:00:00,0.33799018036272316,0.0
2025-04-28 06:00:00,2025-04-27 06:00:00,0.33799018036272316,0.0
2025-04-28 07:00:00,2025-04-27 07:00:00,36.74270638537299,60.0
2025-04-28 08:00:00,2025-04-27 08:00:00,193.69676027258583,215.0
2025-04-28 09:00:00,2025-04-27 09:00:00,384.6889088347573,388.0
2025-04-28 10:00:00,2025-04-27 10:00:00,585.1391838321637,575.0
2025-04-28 11:00:00,2025-04-27 11:00:00,732.03797387603,740.0
2025-04-28 12:00:00,2025-04-27 12:00:00,859.4202695640992,849.0
2025-04-28 13:00:00,2025-04-27 13:00:00,885.4424547386145,896.0
2025-04-28 14:00:00,2025-04-27 14:00:00,902.9226911106247,879.0
2025-04-28 15:00:00,2025-04-27 15:00:00,807.8944752016856,802.0
2025-04-28 16:00:00,2025-04-27 16:00:00,658.8997085113889,672.0
2025-04-28 17:00:00,2025-04-27 17:00:00,479.63032109443355,503.0
2025-04-28 18:00:00,2025-04-27 18:00:00,292.41331829573545,310.0
2025-04-28 19:00:00,2025-04-27 19:00:00,118.79875647005365,133.0
2025-04-28 20:00:00,2025-04-27 20:00:00,9.332905965313497,14.0
2025-04-28 21:00:00,2025-04-27 21:00:00,0.37549979487848445,0.0
2025-04-28 22:00:00,2025-04-27 22:00:00,0.3723349086701912,0.0
2025-04-28 23:00:00,2025-04-27 23:00:00,0.38269384241770865,0.0
2025-04-29 00:00:00,2025-04-28 00:00:00,0.34518422790194736,0.0
2025-04-29 01:00:00,2025-04-28 01:00:00,0.34518422790194736,0.0
2025-04-29 02:00:00,2025-04-28 02:00:00,0.34518422790194736,0.0
2025-04-29 03:00:00,2025-04-28 03:00:00,0.3348252941544299,0.0
2025-04-29 04:00:00,2025-04-28 04:00:00,0.3348252941544299,0.0
2025-04-29 05:00:00,2025-04-28 05:00:00,0.34518422790194736,0.0
2025-04-29 06:00:00,2025-04-28 06:00:00,0.34518422790194736,0.0
2025-04-29 07:00:00,2025-04-28 07:00:00,39.58955958344186,60.0
2025-04-29 08:00:00,2025-04-28 08:00:00,192.50244934726837,213.0
2025-04-29 09:00:00,2025-04-28 09:00:00,405.28230689293036,388.0
2025-04-29 10:00:00,2025-04-28 10:00:00,561.595530372799,582.0
2025-04-29 11:00:00,2025-04-28 11:00:00,724.4083042242784,757.0
2025-04-29 12:00:00,2025-04-28 12:00:00,856.280542450847,875.0
2025-04-29 13:00:00,2025-04-28 13:00:00,888.8216615980755,930.0
2025-04-29 14:00:00,2025-04-28 14:00:00,839.8967543698493,918.0
2025-04-29 15:00:00,2025-04-28 15:00:00,814.4660220531555,841.0
2025-04-29 16:00:00,2025-04-28 16:00:00,615.3361463514739,709.0
2025-04-29 17:00:00,2025-04-28 17:00:00,412.978659383169,532.0
2025-04-29 18:00:00,2025-04-28 18:00:00,269.82852178849566,329.0
2025-04-29 19:00:00,2025-04-28 19:00:00,104.92003564616469,142.0
2025-04-29 20:00:00,2025-04-28 20:00:00,9.424432757328924,15.0
2025-04-29 21:00:00,2025-04-28 21:00:00,0.37549979487848445,0.0
2025-04-29 22:00:00,2025-04-28 22:00:00,0.37549979487848445,0.0
2025-04-29 23:00:00,2025-04-28 23:00:00,0.37549979487848445,0.0
2025-04-30 00:00:00,2025-04-29 00:00:00,0.34518422790194736,0.0
2025-04-30 01:00:00,2025-04-29 01:00:00,0.33799018036272316,0.0
2025-04-30 02:00:00,2025-04-29 02:00:00,0.33799018036272316,0.0
2025-04-30 03:00:00,2025-04-29 03:00:00,0.33799018036272316,0.0
2025-04-30 04:00:00,2025-04-29 04:00:00,0.33799018036272316,0.0
2025-04-30 05:00:00,2025-04-29 05:00:00,0.33799018036272316,0.0
2025-04-30 06:00:00,2025-04-29 06:00:00,0.33799018036272316,0.0
2025-04-30 07:00:00,2025-04-29 07:00:00,23.030403512304197,17.0
2025-04-30 08:00:00,2025-04-29 08:00:00,168.28347464126506,58.0
2025-04-30 09:00:00,2025-04-29 09:00:00,322.1896335250253,101.0
2025-04-30 10:00:00,2025-04-29 10:00:00,537.200257292907,150.0
2025-04-30 11:00:00,2025-04-29 11:00:00,707.2842644235383,233.0
2025-04-30 12:00:00,2025-04-29 12:00:00,871.5341839905126,395.0
2025-04-30 13:00:00,2025-04-29 13:00:00,767.5549667064578,596.0
2025-04-30 14:00:00,2025-04-29 14:00:00,780.941416414937,725.0
2025-04-30 15:00:00,2025-04-29 15:00:00,780.5941960057736,730.0
2025-04-30 16:00:00,2025-04-29 16:00:00,592.665708770598,648.0
2025-04-30 17:00:00,2025-04-29 17:00:00,444.38302824450824,504.0
2025-04-30 18:00:00,2025-04-29 18:00:00,291.1400269417848,318.0
2025-04-30 19:00:00,2025-04-29 19:00:00,119.5056240728501,139.0
2025-04-30 20:00:00,2025-04-29 20:00:00,9.909542499667271,15.0
2025-04-30 21:00:00,2025-04-29 21:00:00,0.3723349086701912,0.0
2025-04-30 22:00:00,2025-04-29 22:00:00,0.38269384241770865,0.0
2025-04-30 23:00:00,2025-04-29 23:00:00,0.38269384241770865,0.0
2025-05-01 00:00:00,2025-04-30 00:00:00,0.33799018036272316,0.0
2025-05-01 01:00:00,2025-04-30 01:00:00,0.34518422790194736,0.0
2025-05-01 02:00:00,2025-04-30 02:00:00,0.34518422790194736,0.0
2025-05-01 03:00:00,2025-04-30 03:00:00,0.34518422790194736,0.0
2025-05-01 04:00:00,2025-04-30 04:00:00,0.34518422790194736,0.0
2025-05-01 05:00:00,2025-04-30 05:00:00,0.34518422790194736,0.0
2025-05-01 06:00:00,2025-04-30 06:00:00,0.34518422790194736,0.0
2025-05-01 07:00:00,2025-04-30 07:00:00,29.39291943121739,60.0
2025-05-01 08:00:00,2025-04-30 08:00:00,160.73631977215624,200.0
2025-05-01 09:00:00,2025-04-30 09:00:00,326.242098294717,357.0
2025-05-01 10:00:00,2025-04-30 10:00:00,522.4139176502266,528.0
2025-05-01 11:00:00,2025-04-30 11:00:00,638.9919070209194,678.0
2025-05-01 12:00:00,2025-04-30 12:00:00,747.1853313857074,775.0
2025-05-01 13:00:00,2025-04-30 13:00:00,773.9512158490749,815.0
2025-05-01 14:00:00,2025-04-30 14:00:00,755.6032721355554,798.0
2025-05-01 15:00:00,2025-04-30 15:00:00,753.0156384264022,730.0
2025-05-01 16:00:00,2025-04-30 16:00:00,646.9471781467493,616.0
2025-05-01 17:00:00,2025-04-30 17:00:00,498.21872450473785,466.0
2025-05-01 18:00:00,2025-04-30 18:00:00,293.6388821086533,294.0
2025-05-01 19:00:00,2025-04-30 19:00:00,112.28967644958928,132.0
2025-05-01 20:00:00,2025-04-30 20:00:00,8.828774024547725,15.0
2025-05-01 21:00:00,2025-04-30 21:00:00,0.38269384241770865,0.0
2025-05-01 22:00:00,2025-04-30 22:00:00,0.3723349086701912,0.0
2025-05-01 23:00:00,2025-04-30 23:00:00,0.3723349086701912,0.0
2025-05-02 00:00:00,2025-05-01 00:00:00,0.3348252941544299,0.0
2025-05-02 01:00:00,2025-05-01 01:00:00,0.34518422790194736,0.0
2025-05-02 02:00:00,2025-05-01 02:00:00,0.34518422790194736,0.0
2025-05-02 03:00:00,2025-05-01 03:00:00,0.34518422790194736,0.0
2025-05-02 04:00:00,2025-05-01 04:00:00,0.34518422790194736,0.0
2025-05-02 05:00:00,2025-05-01 05:00:00,0.34518422790194736,0.0
2025-05-02 06:00:00,2025-05-01 06:00:00,0.34518422790194736,0.0
2025-05-02 07:00:00,2025-05-01 07:00:00,30.83385170995666,59.0
2025-05-02 08:00:00,2025-05-01 08:00:00,153.5648919643659,189.0
2025-05-02 09:00:00,2025-05-01 09:00:00,278.1134791002329,322.0
2025-05-02 10:00:00,2025-05-01 10:00:00,464.5516206419127,453.0
2025-05-02 11:00:00,2025-05-01 11:00:00,711.3911062927408,576.0
2025-05-02 12:00:00,2025-05-01 12:00:00,817.5306875568664,696.0
2025-05-02 13:00:00,2025-05-01 13:00:00,825.6641285573448,793.0
2025-05-02 14:00:00,2025-05-01 14:00:00,840.5143143217854,804.0
2025-05-02 15:00:00,2025-05-01 15:00:00,720.3385579747367,699.0
2025-05-02 16:00:00,2025-05-01 16:00:00,649.2879000214019,531.0
2025-05-02 17:00:00,2025-05-01 17:00:00,444.6522980331309,361.0
2025-05-02 18:00:00,2025-05-01 18:00:00,256.2671535832405,211.0
2025-05-02 19:00:00,2025-05-01 19:00:00,102.52657477350343,88.0
2025-05-02 20:00:00,2025-05-01 20:00:00,12.279627313682242,10.0
2025-05-02 21:00:00,2025-05-01 21:00:00,0.37549979487848445,0.0
2025-05-02 22:00:00,2025-05-01 22:00:00,0.37549979487848445,0.0
2025-05-02 23:00:00,2025-05-01 23:00:00,0.37549979487848445,0.0
2025-05-03 00:00:00,2025-05-02 00:00:00,0.33799018036272316,0.0
2025-05-03 01:00:00,2025-05-02 01:00:00,0.33799018036272316,0.0
2025-05-03 02:00:00,2025-05-02 02:00:00,0.33799018036272316,0.0
2025-05-03 03:00:00,2025-05-02 03:00:00,0.34518422790194736,0.0
2025-05-03 04:00:00,2025-05-02 04:00:00,0.34518422790194736,0.0
2025-05-03 05:00:00,2025-05-02 05:00:00,0.34518422790194736,0.0
2025-05-03 06:00:00,2025-05-02 06:00:00,0.34518422790194736,0.0
2025-05-03 07:00:00,2025-05-02 07:00:00,46.00270605548478,69.0
2025-05-03 08:00:00,2025-05-02 08:00:00,198.89422700429165,218.0
2025-05-03 09:00:00,2025-05-02 09:00:00,401.68395604133815,383.0
2025-05-03 10:00:00,2025-05-02 10:00:00,564.3076013949454,556.0
2025-05-03 11:00:00,2025-05-02 11:00:00,575.879242029604,692.0
2025-05-03 12:00:00,2025-05-02 12:00:00,753.1931719979176,732.0
2025-05-03 13:00:00,2025-05-02 13:00:00,728.8984450161929,692.0
2025-05-03 14:00:00,2025-05-02 14:00:00,689.1679378232303,634.0
2025-05-03 15:00:00,2025-05-02 15:00:00,668.0214974636397,604.0
2025-05-03 16:00:00,2025-05-02 16:00:00,578.7090018113538,556.0
2025-05-03 17:00:00,2025-05-02 17:00:00,444.5439394382035,438.0
2025-05-03 18:00:00,2025-05-02 18:00:00,277.4490521461768,259.0
2025-05-03 19:00:00,2025-05-02 19:00:00,120.3096009321587,100.0
2025-05-03 20:00:00,2025-05-02 20:00:00,11.992731263218849,11.0
2025-05-03 21:00:00,2025-05-02 21:00:00,0.3723349086701912,0.0
2025-05-03 22:00:00,2025-05-02 22:00:00,0.3723349086701912,0.0
2025-05-03 23:00:00,2025-05-02 23:00:00,0.3723349086701912,0.0
2025-05-04 00:00:00,2025-05-03 00:00:00,0.3348252941544299,0.0
2025-05-04 01:00:00,2025-05-03 01:00:00,0.3348252941544299,0.0
2025-05-04 02:00:00,2025-05-03 02:00:00,0.3348252941544299,0.0
2025-05-04 03:00:00,2025-05-03 03:00:00,0.33799018036272316,0.0
2025-05-04 04:00:00,2025-05-03 04:00:00,0.33799018036272316,0.0
2025-05-04 05:00:00,2025-05-03 05:00:00,0.33799018036272316,0.0
2025-05-04 06:00:00,2025-05-03 06:00:00,0.33799018036272316,0.0
2025-05-04 07:00:00,2025-05-03 07:00:00,46.68009846553979,71.0
2025-05-04 08:00:00,2025-05-03 08:00:00,197.657688877484,221.0
2025-05-04 09:00:00,2025-05-03 09:00:00,415.8317033953883,388.0
2025-05-04 10:00:00,2025-05-03 10:00:00,599.6445181857258,567.0
2025-05-04 11:00:00,2025-05-03 11:00:00,705.0020015595943,711.0
2025-05-04 12:00:00,2025-05-03 12:00:00,810.190968880416,772.0
2025-05-04 13:00:00,2025-05-03 13:00:00,731.1970368999257,756.0
2025-05-04 14:00:00,2025-05-03 14:00:00,643.4557592059687,700.0
2025-05-04 15:00:00,2025-05-03 15:00:00,671.9676424210874,623.0
2025-05-04 16:00:00,2025-05-03 16:00:00,547.6848880532701,520.0
2025-05-04 17:00:00,2025-05-03 17:00:00,467.3745541459034,396.0
2025-05-04 18:00:00,2025-05-03 18:00:00,299.9439322635845,259.0
2025-05-04 19:00:00,2025-05-03 19:00:00,131.45592006224933,126.0
2025-05-04 20:00:00,2025-05-03 20:00:00,12.714820332641859,17.0
2025-05-04 21:00:00,2025-05-03 21:00:00,0.3723349086701912,0.0
2025-05-04 22:00:00,2025-05-03 22:00:00,0.3723349086701912,0.0
2025-05-04 23:00:00,2025-05-03 23:00:00,0.3723349086701912,0.0
2025-05-05 00:00:00,2025-05-04 00:00:00,0.34518422790194736,0.0
2025-05-05 01:00:00,2025-05-04 01:00:00,0.3348252941544299,0.0
2025-05-05 02:00:00,2025-05-04 02:00:00,0.34518422790194736,0.0
2025-05-05 03:00:00,2025-05-04 03:00:00,0.3348252941544299,0.0
2025-05-05 04:00:00,2025-05-04 04:00:00,0.3348252941544299,0.0
2025-05-05 05:00:00,2025-05-04 05:00:00,0.3348252941544299,0.0
2025-05-05 06:00:00,2025-05-04 06:00:00,0.34518422790194736,0.0
2025-05-05 07:00:00,2025-05-04 07:00:00,47.88734038346296,75.0
2025-05-05 08:00:00,2025-05-04 08:00:00,206.69502831886172,228.0
2025-05-05 09:00:00,2025-05-04 09:00:00,396.96656205877497,402.0
2025-05-05 10:00:00,2025-05-04 10:00:00,587.7517776826865,591.0
2025-05-05 11:00:00,2025-05-04 11:00:00,709.6127675235343,760.0
2025-05-05 12:00:00,2025-05-04 12:00:00,895.1362583747898,869.0
2025-05-05 13:00:00,2025-05-04 13:00:00,881.4299432508908,916.0
2025-05-05 14:00:00,2025-05-04 14:00:00,867.0747115637573,900.0
2025-05-05 15:00:00,2025-05-04 15:00:00,824.0711484218268,829.0
2025-05-05 16:00:00,2025-05-04 16:00:00,690.6275892946514,704.0
2025-05-05 17:00:00,2025-05-04 17:00:00,515.9308767422182,531.0
2025-05-05 18:00:00,2025-05-04 18:00:00,312.99591978840664,326.0
2025-05-05 19:00:00,2025-05-04 19:00:00,134.29822621981663,141.0
2025-05-05 20:00:00,2025-05-04 20:00:00,13.464581506937165,18.0
2025-05-05 21:00:00,2025-05-04 21:00:00,0.3723349086701912,0.0
2025-05-05 22:00:00,2025-05-04 22:00:00,0.38269384241770865,0.0
2025-05-05 23:00:00,2025-05-04 23:00:00,0.38269384241770865,0.0
2025-05-06 00:00:00,2025-05-05 00:00:00,0.33799018036272316,0.0
2025-05-06 01:00:00,2025-05-05 01:00:00,0.33799018036272316,0.0
2025-05-06 02:00:00,2025-05-05 02:00:00,0.34518422790194736,0.0
2025-05-06 03:00:00,2025-05-05 03:00:00,0.34518422790194736,0.0
2025-05-06 04:00:00,2025-05-05 04:00:00,0.34518422790194736,0.0
2025-05-06 05:00:00,2025-05-05 05:00:00,0.34518422790194736,0.0
2025-05-06 06:00:00,2025-05-05 06:00:00,0.33799018036272316,0.0
2025-05-06 07:00:00,2025-05-05 07:00:00,48.12820286933466,74.0
2025-05-06 08:00:00,2025-05-05 08:00:00,205.77405730330008,221.0
2025-05-06 09:00:00,2025-05-05 09:00:00,389.88834679030833,393.0
2025-05-06 10:00:00,2025-05-05 10:00:00,613.6027762790357,587.0
2025-05-06 11:00:00,2025-05-05 11:00:00,761.7687608146965,762.0
2025-05-06 12:00:00,2025-05-05 12:00:00,872.1135432743032,878.0
2025-05-06 13:00:00,2025-05-05 13:00:00,906.3706931374954,930.0
2025-05-06 14:00:00,2025-05-05 14:00:00,910.7440091045077,917.0
2025-05-06 15:00:00,2025-05-05 15:00:00,851.5057524873207,844.0
2025-05-06 16:00:00,2025-05-05 16:00:00,699.8799341145161,714.0
2025-05-06 17:00:00,2025-05-05 17:00:00,507.1554568444948,541.0
2025-05-06 18:00:00,2025-05-05 18:00:00,324.20040649443433,339.0
2025-05-06 19:00:00,2025-05-05 19:00:00,139.90395282562844,153.0
2025-05-06 20:00:00,2025-05-05 20:00:00,15.501991459564476,21.0
2025-05-06 21:00:00,2025-05-05 21:00:00,0.3723349086701912,0.0
2025-05-06 22:00:00,2025-05-05 22:00:00,0.3723349086701912,0.0
2025-05-06 23:00:00,2025-05-05 23:00:00,0.3723349086701912,0.0
2025-05-07 00:00:00,2025-05-06 00:00:00,0.3348252941544299,0.0
2025-05-07 01:00:00,2025-05-06 01:00:00,0.3348252941544299,0.0
2025-05-07 02:00:00,2025-05-06 02:00:00,0.3348252941544299,0.0
2025-05-07 03:00:00,2025-05-06 03:00:00,0.3348252941544299,0.0
2025-05-07 04:00:00,2025-05-06 04:00:00,0.3348252941544299,0.0
2025-05-07 05:00:00,2025-05-06 05:00:00,0.3348252941544299,0.0
2025-05-07 06:00:00,2025-05-06 06:00:00,0.3348252941544299,0.0
2025-05-07 07:00:00,2025-05-06 07:00:00,57.77407323228455,82.0
2025-05-07 08:00:00,2025-05-06 08:00:00,224.51420229381515,242.0
2025-05-07 09:00:00,2025-05-06 09:00:00,431.18063396858463,419.0
2025-05-07 10:00:00,2025-05-06 10:00:00,626.8717172907577,611.0
2025-05-07 11:00:00,2025-05-06 11:00:00,784.9507508595105,780.0
2025-05-07 12:00:00,2025-05-06 12:00:00,889.0358824699291,890.0
2025-05-07 13:00:00,2025-05-06 13:00:00,933.0661439774545,938.0
2025-05-07 14:00:00,2025-05-06 14:00:00,927.4320500276825,920.0
2025-05-07 15:00:00,2025-05-06 15:00:00,859.1776158809597,844.0
2025-05-07 16:00:00,2025-05-06 16:00:00,733.2841539356986,715.0
2025-05-07 17:00:00,2025-05-06 17:00:00,543.4007723742095,542.0
2025-05-07 18:00:00,2025-05-06 18:00:00,339.51352648155563,341.0
2025-05-07 19:00:00,2025-05-06 19:00:00,144.1893566436574,155.0
2025-05-07 20:00:00,2025-05-06 20:00:00,15.817538897527712,22.0
2025-05-07 21:00:00,2025-05-06 21:00:00,0.3723349086701912,0.0
2025-05-07 22:00:00,2025-05-06 22:00:00,0.3723349086701912,0.0
2025-05-07 23:00:00,2025-05-06 23:00:00,0.3723349086701912,0.0
2025-05-08 00:00:00,2025-05-07 00:00:00,0.3348252941544299,0.0
2025-05-08 01:00:00,2025-05-07 01:00:00,0.34518422790194736,0.0
2025-05-08 02:00:00,2025-05-07 02:00:00,0.33799018036272316,0.0
2025-05-08 03:00:00,2025-05-07 03:00:00,0.3348252941544299,0.0
2025-05-08 04:00:00,2025-05-07 04:00:00,0.33799018036272316,0.0
2025-05-08 05:00:00,2025-05-07 05:00:00,0.33799018036272316,0.0
2025-05-08 06:00:00,2025-05-07 06:00:00,0.33799018036272316,0.0
2025-05-08 07:00:00,2025-05-07 07:00:00,52.01485427635417,85.0
2025-05-08 08:00:00,2025-05-07 08:00:00,203.1046373644124,244.0
2025-05-08 09:00:00,2025-05-07 09:00:00,391.56654994548273,424.0
2025-05-08 10:00:00,2025-05-07 10:00:00,609.9981469612338,620.0
2025-05-08 11:00:00,2025-05-07 11:00:00,762.9484683387631,775.0
2025-05-08 12:00:00,2025-05-07 12:00:00,829.3470104240171,825.0
2025-05-08 13:00:00,2025-05-07 13:00:00,842.7281500481914,784.0
2025-05-08 14:00:00,2025-05-07 14:00:00,780.934868818662,705.0
2025-05-08 15:00:00,2025-05-07 15:00:00,802.5891675473978,616.0
2025-05-08 16:00:00,2025-05-07 16:00:00,678.4427486353908,508.0
2025-05-08 17:00:00,2025-05-07 17:00:00,489.3539905792726,390.0
2025-05-08 18:00:00,2025-05-07 18:00:00,338.8919801559676,268.0
2025-05-08 19:00:00,2025-05-07 19:00:00,144.79271306486422,142.0
2025-05-08 20:00:00,2025-05-07 20:00:00,15.946590689802294,23.0
2025-05-08 21:00:00,2025-05-07 21:00:00,0.3723349086701912,0.0
2025-05-08 22:00:00,2025-05-07 22:00:00,0.3723349086701912,0.0
2025-05-08 23:00:00,2025-05-07 23:00:00,0.3723349086701912,0.0
2025-05-09 00:00:00,2025-05-08 00:00:00,0.3348252941544299,0.0
2025-05-09 01:00:00,2025-05-08 01:00:00,0.3348252941544299,0.0
2025-05-09 02:00:00,2025-05-08 02:00:00,0.34518422790194736,0.0
2025-05-09 03:00:00,2025-05-08 03:00:00,0.34518422790194736,0.0
2025-05-09 04:00:00,2025-05-08 04:00:00,0.33799018036272316,0.0
2025-05-09 05:00:00,2025-05-08 05:00:00,0.33799018036272316,0.0
2025-05-09 06:00:00,2025-05-08 06:00:00,0.33799018036272316,0.0
2025-05-09 07:00:00,2025-05-08 07:00:00,58.80865233013901,84.0
2025-05-09 08:00:00,2025-05-08 08:00:00,226.59609927259393,237.0
2025-05-09 09:00:00,2025-05-08 09:00:00,430.8740482902348,411.0
2025-05-09 10:00:00,2025-05-08 10:00:00,633.4410791711261,603.0
2025-05-09 11:00:00,2025-05-08 11:00:00,779.3937641670295,773.0
2025-05-09 12:00:00,2025-05-08 12:00:00,838.5132120165773,886.0
2025-05-09 13:00:00,2025-05-08 13:00:00,947.9316237383468,938.0
2025-05-09 14:00:00,2025-05-08 14:00:00,932.4991081190451,924.0
2025-05-09 15:00:00,2025-05-08 15:00:00,849.5463016051152,850.0
2025-05-09 16:00:00,2025-05-08 16:00:00,736.6746462082795,722.0
2025-05-09 17:00:00,2025-05-08 17:00:00,561.2634946246374,549.0
2025-05-09 18:00:00,2025-05-08 18:00:00,338.07035205979975,348.0
2025-05-09 19:00:00,2025-05-08 19:00:00,144.42628235082142,161.0
2025-05-09 20:00:00,2025-05-08 20:00:00,16.616432565245272,24.0
2025-05-09 21:00:00,2025-05-08 21:00:00,0.2907643463781992,0.0
2025-05-09 22:00:00,2025-05-08 22:00:00,0.5230051781810774,0.0
2025-05-09 23:00:00,2025-05-08 23:00:00,0.511040296777345,0.0
2025-05-10 00:00:00,2025-05-09 00:00:00,0.32286041275069743,0.0
2025-05-10 01:00:00,2025-05-09 01:00:00,0.10258446235155172,0.0
2025-05-10 02:00:00,2025-05-09 02:00:00,0.3348252941544299,0.0
2025-05-10 03:00:00,2025-05-09 03:00:00,0.10258446235155172,0.0
2025-05-10 04:00:00,2025-05-09 04:00:00,0.3348252941544299,0.0
2025-05-10 05:00:00,2025-05-09 05:00:00,0.10258446235155172,0.0
2025-05-10 06:00:00,2025-05-09 06:00:00,0.10258446235155172,0.0
2025-05-10 07:00:00,2025-05-09 07:00:00,61.078676807318615,90.0
2025-05-10 08:00:00,2025-05-09 08:00:00,215.09678630088612,250.0
2025-05-10 09:00:00,2025-05-09 09:00:00,386.6340908391488,418.0
2025-05-10 10:00:00,2025-05-09 10:00:00,428.0772707280983,591.0
2025-05-10 11:00:00,2025-05-09 11:00:00,727.0487339904982,743.0
2025-05-10 12:00:00,2025-05-09 12:00:00,881.2279925376358,857.0
2025-05-10 13:00:00,2025-05-09 13:00:00,934.9058973082431,922.0
2025-05-10 14:00:00,2025-05-09 14:00:00,943.9719240370658,915.0
2025-05-10 15:00:00,2025-05-09 15:00:00,760.3582152690099,834.0
2025-05-10 16:00:00,2025-05-09 16:00:00,612.2530909723897,695.0
2025-05-10 17:00:00,2025-05-09 17:00:00,504.9567517887283,513.0
2025-05-10 18:00:00,2025-05-09 18:00:00,323.50813803590415,307.0
2025-05-10 19:00:00,2025-05-09 19:00:00,151.03015057106413,130.0
2025-05-10 20:00:00,2025-05-09 20:00:00,18.485618332043895,18.0
2025-05-10 21:00:00,2025-05-09 21:00:00,0.5230051781810774,0.0
2025-05-10 22:00:00,2025-05-09 22:00:00,0.5261700643893708,0.0
2025-05-10 23:00:00,2025-05-09 23:00:00,0.5230051781810774,0.0
2025-05-11 00:00:00,2025-05-10 00:00:00,0.48549556366531615,0.0
2025-05-11 01:00:00,2025-05-10 01:00:00,0.48549556366531615,0.0
2025-05-11 02:00:00,2025-05-10 02:00:00,0.3348252941544299,0.0
2025-05-11 03:00:00,2025-05-10 03:00:00,0.33799018036272316,0.0
2025-05-11 04:00:00,2025-05-10 04:00:00,0.33799018036272316,0.0
2025-05-11 05:00:00,2025-05-10 05:00:00,0.33799018036272316,0.0
2025-05-11 06:00:00,2025-05-10 06:00:00,0.33799018036272316,1.0
2025-05-11 07:00:00,2025-05-10 07:00:00,53.10540555440728,89.0
2025-05-11 08:00:00,2025-05-10 08:00:00,163.6783261291105,243.0
2025-05-11 09:00:00,2025-05-10 09:00:00,292.0417690012226,421.0
2025-05-11 10:00:00,2025-05-10 10:00:00,536.2649439953142,616.0
2025-05-11 11:00:00,2025-05-10 11:00:00,784.2637454154008,780.0
2025-05-11 12:00:00,2025-05-10 12:00:00,837.33419033689,859.0
2025-05-11 13:00:00,2025-05-10 13:00:00,927.2196419832692,860.0
2025-05-11 14:00:00,2025-05-10 14:00:00,832.2013637300923,813.0
2025-05-11 15:00:00,2025-05-10 15:00:00,692.247529431531,736.0
2025-05-11 16:00:00,2025-05-10 16:00:00,645.7583424994351,623.0
2025-05-11 17:00:00,2025-05-10 17:00:00,413.56253946249393,479.0
2025-05-11 18:00:00,2025-05-10 18:00:00,292.83172092935934,313.0
2025-05-11 19:00:00,2025-05-10 19:00:00,114.96548056561656,153.0
2025-05-11 20:00:00,2025-05-10 20:00:00,20.51930922789536,26.0
2025-05-11 21:00:00,2025-05-10 21:00:00,0.5333641119285949,0.0
2025-05-11 22:00:00,2025-05-10 22:00:00,0.2907643463781992,0.0
2025-05-11 23:00:00,2025-05-10 23:00:00,0.2907643463781992,0.0
2025-05-12 00:00:00,2025-05-11 00:00:00,0.253254731862438,0.0
2025-05-12 01:00:00,2025-05-11 01:00:00,0.4735306822615838,0.0
2025-05-12 02:00:00,2025-05-11 02:00:00,0.4735306822615838,0.0
2025-05-12 03:00:00,2025-05-11 03:00:00,0.4735306822615838,0.0
2025-05-12 04:00:00,2025-05-11 04:00:00,0.253254731862438,0.0
2025-05-12 05:00:00,2025-05-11 05:00:00,0.4735306822615838,0.0
2025-05-12 06:00:00,2025-05-11 06:00:00,0.500561690692563,1.0
2025-05-12 07:00:00,2025-05-11 07:00:00,55.21572038436544,85.0
2025-05-12 08:00:00,2025-05-11 08:00:00,195.14743089921498,231.0
2025-05-12 09:00:00,2025-05-11 09:00:00,384.37399758103385,405.0
2025-05-12 10:00:00,2025-05-11 10:00:00,506.9038554973978,605.0
2025-05-12 11:00:00,2025-05-11 11:00:00,766.4020043391129,780.0
2025-05-12 12:00:00,2025-05-11 12:00:00,883.4879296651146,875.0
2025-05-12 13:00:00,2025-05-11 13:00:00,877.5163135607813,895.0
2025-05-12 14:00:00,2025-05-11 14:00:00,870.5494796499785,863.0
2025-05-12 15:00:00,2025-05-11 15:00:00,611.4623429992721,797.0
2025-05-12 16:00:00,2025-05-11 16:00:00,617.4330630291271,688.0
2025-05-12 17:00:00,2025-05-11 17:00:00,489.2701493370293,532.0
2025-05-12 18:00:00,2025-05-11 18:00:00,329.0250544960181,341.0
2025-05-12 19:00:00,2025-05-11 19:00:00,159.61859239767574,161.0
2025-05-12 20:00:00,2025-05-11 20:00:00,17.587811581843862,27.0
2025-05-12 21:00:00,2025-05-11 21:00:00,0.5333641119285949,0.0
2025-05-12 22:00:00,2025-05-11 22:00:00,0.5333641119285949,0.0
2025-05-12 23:00:00,2025-05-11 23:00:00,0.5230051781810774,0.0
2025-05-13 00:00:00,2025-05-12 00:00:00,0.48549556366531615,0.0
2025-05-13 01:00:00,2025-05-12 01:00:00,0.48549556366531615,0.0
2025-05-13 02:00:00,2025-05-12 02:00:00,0.48549556366531615,0.0
2025-05-13 03:00:00,2025-05-12 03:00:00,0.34518422790194736,0.0
2025-05-13 04:00:00,2025-05-12 04:00:00,0.3348252941544299,0.0
2025-05-13 05:00:00,2025-05-12 05:00:00,0.3348252941544299,0.0
2025-05-13 06:00:00,2025-05-12 06:00:00,0.0,1.0
2025-05-13 07:00:00,2025-05-12 07:00:00,65.04462340313762,94.0
2025-05-13 08:00:00,2025-05-12 08:00:00,227.43500732852073,249.0
2025-05-13 09:00:00,2025-05-12 09:00:00,385.0990210266211,420.0
2025-05-13 10:00:00,2025-05-12 10:00:00,627.4436623216678,600.0
2025-05-13 11:00:00,2025-05-12 11:00:00,743.9201016858389,757.0
2025-05-13 12:00:00,2025-05-12 12:00:00,869.06245579298,866.0
2025-05-13 13:00:00,2025-05-12 13:00:00,883.6143705951323,917.0
2025-05-13 14:00:00,2025-05-12 14:00:00,843.5438884437646,904.0
2025-05-13 15:00:00,2025-05-12 15:00:00,803.3257078738845,824.0
2025-05-13 16:00:00,2025-05-12 16:00:00,674.1664318824334,692.0
2025-05-13 17:00:00,2025-05-12 17:00:00,531.5696197397737,523.0
2025-05-13 18:00:00,2025-05-12 18:00:00,331.10727005299543,335.0
2025-05-13 19:00:00,2025-05-12 19:00:00,134.4933967747081,160.0
2025-05-13 20:00:00,2025-05-12 20:00:00,17.36362376084719,27.0
2025-05-13 21:00:00,2025-05-12 21:00:00,0.5333641119285949,0.0
2025-05-13 22:00:00,2025-05-12 22:00:00,0.38269384241770865,0.0
2025-05-13 23:00:00,2025-05-12 23:00:00,0.38269384241770865,0.0
2025-05-14 00:00:00,2025-05-13 00:00:00,0.34518422790194736,0.0
2025-05-14 01:00:00,2025-05-13 01:00:00,0.34518422790194736,0.0
2025-05-14 02:00:00,2025-05-13 02:00:00,0.34518422790194736,0.0
2025-05-14 03:00:00,2025-05-13 03:00:00,0.34518422790194736,0.0
2025-05-14 04:00:00,2025-05-13 04:00:00,0.34518422790194736,0.0
2025-05-14 05:00:00,2025-05-13 05:00:00,0.34518422790194736,0.0
2025-05-14 06:00:00,2025-05-13 06:00:00,0.7614065108989944,1.0
2025-05-14 07:00:00,2025-05-13 07:00:00,66.20674189739093,88.0
2025-05-14 08:00:00,2025-05-13 08:00:00,228.99110020471304,233.0
2025-05-14 09:00:00,2025-05-13 09:00:00,414.6557398359402,394.0
2025-05-14 10:00:00,2025-05-13 10:00:00,622.1545888551003,568.0
2025-05-14 11:00:00,2025-05-13 11:00:00,789.1502038029936,724.0
2025-05-14 12:00:00,2025-05-13 12:00:00,868.959243736329,838.0
2025-05-14 13:00:00,2025-05-13 13:00:00,886.2267497947234,901.0
2025-05-14 14:00:00,2025-05-13 14:00:00,903.4436758568548,895.0
2025-05-14 15:00:00,2025-05-13 15:00:00,813.5793107573419,818.0
2025-05-14 16:00:00,2025-05-13 16:00:00,701.9339236289555,685.0
2025-05-14 17:00:00,2025-05-13 17:00:00,532.2902157227542,517.0
2025-05-14 18:00:00,2025-05-13 18:00:00,321.9703403611296,331.0
2025-05-14 19:00:00,2025-05-13 19:00:00,128.70782575255734,159.0
2025-05-14 20:00:00,2025-05-13 20:00:00,20.37459858637938,28.0
2025-05-14 21:00:00,2025-05-13 21:00:00,0.3723349086701912,0.0
2025-05-14 22:00:00,2025-05-13 22:00:00,0.3723349086701912,0.0
2025-05-14 23:00:00,2025-05-13 23:00:00,0.3723349086701912,0.0
2025-05-15 00:00:00,2025-05-14 00:00:00,0.3348252941544299,0.0
2025-05-15 01:00:00,2025-05-14 01:00:00,0.3348252941544299,0.0
2025-05-15 02:00:00,2025-05-14 02:00:00,0.3348252941544299,0.0
2025-05-15 03:00:00,2025-05-14 03:00:00,0.3348252941544299,0.0
2025-05-15 04:00:00,2025-05-14 04:00:00,0.3348252941544299,0.0
2025-05-15 05:00:00,2025-05-14 05:00:00,0.34518422790194736,0.0
2025-05-15 06:00:00,2025-05-14 06:00:00,1.2711461457496012,1.0
2025-05-15 07:00:00,2025-05-14 07:00:00,66.7853884969063,91.0
2025-05-15 08:00:00,2025-05-14 08:00:00,232.66289181383797,236.0
2025-05-15 09:00:00,2025-05-14 09:00:00,409.85093715470737,392.0
2025-05-15 10:00:00,2025-05-14 10:00:00,604.9623143116145,553.0
2025-05-15 11:00:00,2025-05-14 11:00:00,775.5855171904219,700.0
2025-05-15 12:00:00,2025-05-14 12:00:00,880.9806979864087,823.0
2025-05-15 13:00:00,2025-05-14 13:00:00,902.7063835141407,906.0
2025-05-15 14:00:00,2025-05-14 14:00:00,897.3967346152806,919.0
2025-05-15 15:00:00,2025-05-14 15:00:00,799.2698150773573,854.0
2025-05-15 16:00:00,2025-05-14 16:00:00,671.5997204547002,726.0
2025-05-15 17:00:00,2025-05-14 17:00:00,479.6254208722159,547.0
2025-05-15 18:00:00,2025-05-14 18:00:00,335.1695319361348,334.0
2025-05-15 19:00:00,2025-05-14 19:00:00,163.68704994316076,147.0
2025-05-15 20:00:00,2025-05-14 20:00:00,20.673204244663044,24.0
2025-05-15 21:00:00,2025-05-14 21:00:00,0.3723349086701912,0.0
2025-05-15 22:00:00,2025-05-14 22:00:00,0.3723349086701912,0.0
2025-05-15 23:00:00,2025-05-14 23:00:00,0.38269384241770865,0.0
2025-05-16 00:00:00,2025-05-15 00:00:00,0.33799018036272316,0.0
2025-05-16 01:00:00,2025-05-15 01:00:00,0.33799018036272316,0.0
2025-05-16 02:00:00,2025-05-15 02:00:00,0.34518422790194736,0.0
2025-05-16 03:00:00,2025-05-15 03:00:00,0.33799018036272316,0.0
2025-05-16 04:00:00,2025-05-15 04:00:00,0.33799018036272316,0.0
2025-05-16 05:00:00,2025-05-15 05:00:00,0.34518422790194736,0.0
2025-05-16 06:00:00,2025-05-15 06:00:00,0.7959534731257918,2.0
2025-05-16 07:00:00,2025-05-15 07:00:00,71.22394951727996,95.0
2025-05-16 08:00:00,2025-05-15 08:00:00,228.9489497254577,246.0
2025-05-16 09:00:00,2025-05-15 09:00:00,422.229545443261,421.0
2025-05-16 10:00:00,2025-05-15 10:00:00,529.1618465377888,618.0
2025-05-16 11:00:00,2025-05-15 11:00:00,707.183600818263,792.0
2025-05-16 12:00:00,2025-05-15 12:00:00,841.3371773528166,904.0
2025-05-16 13:00:00,2025-05-15 13:00:00,914.514599352832,951.0
2025-05-16 14:00:00,2025-05-15 14:00:00,871.7230132710843,930.0
2025-05-16 15:00:00,2025-05-15 15:00:00,770.5289620261451,843.0
2025-05-16 16:00:00,2025-05-15 16:00:00,637.2413112071696,703.0
2025-05-16 17:00:00,2025-05-15 17:00:00,515.9644039093093,531.0
2025-05-16 18:00:00,2025-05-15 18:00:00,338.61929030598634,344.0
2025-05-16 19:00:00,2025-05-15 19:00:00,158.45294993108777,169.0
2025-05-16 20:00:00,2025-05-15 20:00:00,20.821129734524884,32.0
2025-05-16 21:00:00,2025-05-15 21:00:00,0.38269384241770865,0.0
2025-05-16 22:00:00,2025-05-15 22:00:00,0.3723349086701912,0.0
2025-05-16 23:00:00,2025-05-15 23:00:00,0.38269384241770865,0.0
2025-05-17 00:00:00,2025-05-16 00:00:00,0.33799018036272316,0.0
2025-05-17 01:00:00,2025-05-16 01:00:00,0.33799018036272316,0.0
2025-05-17 02:00:00,2025-05-16 02:00:00,0.33799018036272316,0.0
2025-05-17 03:00:00,2025-05-16 03:00:00,0.3348252941544299,0.0
2025-05-17 04:00:00,2025-05-16 04:00:00,0.34518422790194736,0.0
2025-05-17 05:00:00,2025-05-16 05:00:00,0.34518422790194736,0.0
2025-05-17 06:00:00,2025-05-16 06:00:00,1.2711461457496012,2.0
2025-05-17 07:00:00,2025-05-16 07:00:00,67.18409854480429,102.0
2025-05-17 08:00:00,2025-05-16 08:00:00,245.84801931843788,261.0
2025-05-17 09:00:00,2025-05-16 09:00:00,409.44394384712433,436.0
2025-05-17 10:00:00,2025-05-16 10:00:00,627.2678096260129,625.0
2025-05-17 11:00:00,2025-05-16 11:00:00,799.7362026765493,791.0
2025-05-17 12:00:00,2025-05-16 12:00:00,916.550091500756,900.0
2025-05-17 13:00:00,2025-05-16 13:00:00,943.6837365249256,947.0
2025-05-17 14:00:00,2025-05-16 14:00:00,944.5635618916995,930.0
2025-05-17 15:00:00,2025-05-16 15:00:00,809.7160886384421,858.0
2025-05-17 16:00:00,2025-05-16 16:00:00,704.3231082164044,730.0
2025-05-17 17:00:00,2025-05-16 17:00:00,483.0455522081775,550.0
2025-05-17 18:00:00,2025-05-16 18:00:00,317.12379395776094,331.0
2025-05-17 19:00:00,2025-05-16 19:00:00,153.26759281190093,142.0
2025-05-17 20:00:00,2025-05-16 20:00:00,20.75301129187974,24.0
2025-05-17 21:00:00,2025-05-16 21:00:00,0.37549979487848445,0.0
2025-05-17 22:00:00,2025-05-16 22:00:00,0.37549979487848445,0.0
2025-05-17 23:00:00,2025-05-16 23:00:00,0.5380713052083242,0.0
2025-05-18 00:00:00,2025-05-17 00:00:00,0.500561690692563,0.0
2025-05-18 01:00:00,2025-05-17 01:00:00,0.33799018036272316,0.0
2025-05-18 02:00:00,2025-05-17 02:00:00,0.3498914211816767,0.0
2025-05-18 03:00:00,2025-05-17 03:00:00,0.0,0.0
2025-05-18 04:00:00,2025-05-17 04:00:00,0.0,0.0
2025-05-18 05:00:00,2025-05-17 05:00:00,0.0,0.0
2025-05-18 06:00:00,2025-05-17 06:00:00,0.0,2.0
2025-05-18 07:00:00,2025-05-17 07:00:00,76.00817198179305,95.0
2025-05-18 08:00:00,2025-05-17 08:00:00,239.9725683669676,241.0
2025-05-18 09:00:00,2025-05-17 09:00:00,404.35515541014155,410.0
2025-05-18 10:00:00,2025-05-17 10:00:00,555.4942990367903,598.0
2025-05-18 11:00:00,2025-05-17 11:00:00,753.376811915638,769.0
2025-05-18 12:00:00,2025-05-17 12:00:00,888.4787787598418,889.0
2025-05-18 13:00:00,2025-05-17 13:00:00,944.2641230317206,951.0
2025-05-18 14:00:00,2025-05-17 14:00:00,917.9389930213902,947.0
2025-05-18 15:00:00,2025-05-17 15:00:00,777.1791829298907,878.0
2025-05-18 16:00:00,2025-05-17 16:00:00,670.4635246245709,750.0
2025-05-18 17:00:00,2025-05-17 17:00:00,490.94788266408966,577.0
2025-05-18 18:00:00,2025-05-17 18:00:00,323.9242739132732,373.0
2025-05-18 19:00:00,2025-05-17 19:00:00,155.22581958422992,182.0
2025-05-18 20:00:00,2025-05-17 20:00:00,21.22290223568521,35.0
2025-05-18 21:00:00,2025-05-17 21:00:00,0.5230051781810774,0.0
2025-05-18 22:00:00,2025-05-17 22:00:00,0.5230051781810774,0.0
2025-05-18 23:00:00,2025-05-17 23:00:00,0.5230051781810774,0.0
2025-05-19 00:00:00,2025-05-18 00:00:00,0.48549556366531615,0.0
2025-05-19 01:00:00,2025-05-18 01:00:00,0.3348252941544299,0.0
2025-05-19 02:00:00,2025-05-18 02:00:00,0.34518422790194736,0.0
2025-05-19 03:00:00,2025-05-18 03:00:00,0.33799018036272316,0.0
2025-05-19 04:00:00,2025-05-18 04:00:00,0.4958544974128336,0.0
2025-05-19 05:00:00,2025-05-18 05:00:00,0.34518422790194736,0.0
2025-05-19 06:00:00,2025-05-18 06:00:00,1.2424846212713012,2.0
2025-05-19 07:00:00,2025-05-18 07:00:00,63.48548547538369,94.0
2025-05-19 08:00:00,2025-05-18 08:00:00,223.368982262035,236.0
2025-05-19 09:00:00,2025-05-18 09:00:00,449.40442885159666,407.0
2025-05-19 10:00:00,2025-05-18 10:00:00,613.7363604498976,606.0
2025-05-19 11:00:00,2025-05-18 11:00:00,792.7709085254761,786.0
2025-05-19 12:00:00,2025-05-18 12:00:00,873.0867120494804,903.0
2025-05-19 13:00:00,2025-05-18 13:00:00,923.2231901895194,955.0
2025-05-19 14:00:00,2025-05-18 14:00:00,925.8680329610521,942.0
2025-05-19 15:00:00,2025-05-18 15:00:00,880.085543972489,871.0
2025-05-19 16:00:00,2025-05-18 16:00:00,731.1376777115164,745.0
2025-05-19 17:00:00,2025-05-18 17:00:00,564.1763577339988,574.0
2025-05-19 18:00:00,2025-05-18 18:00:00,363.29253008952526,373.0
2025-05-19 19:00:00,2025-05-18 19:00:00,159.4281474335273,183.0
2025-05-19 20:00:00,2025-05-18 20:00:00,23.562098599485026,36.0
2025-05-19 21:00:00,2025-05-18 21:00:00,0.3723349086701912,0.0
2025-05-19 22:00:00,2025-05-18 22:00:00,0.38269384241770865,0.0
2025-05-19 23:00:00,2025-05-18 23:00:00,0.3723349086701912,0.0
2025-05-20 00:00:00,2025-05-19 00:00:00,0.3348252941544299,0.0
2025-05-20 01:00:00,2025-05-19 01:00:00,0.34518422790194736,0.0
2025-05-20 02:00:00,2025-05-19 02:00:00,0.3348252941544299,0.0
2025-05-20 03:00:00,2025-05-19 03:00:00,0.3348252941544299,0.0
2025-05-20 04:00:00,2025-05-19 04:00:00,0.3348252941544299,0.0
2025-05-20 05:00:00,2025-05-19 05:00:00,0.3348252941544299,0.0
2025-05-20 06:00:00,2025-05-19 06:00:00,1.2449396012941283,3.0
2025-05-20 07:00:00,2025-05-19 07:00:00,74.89695677465056,103.0
2025-05-20 08:00:00,2025-05-19 08:00:00,260.15528758697695,257.0
2025-05-20 09:00:00,2025-05-19 09:00:00,398.6667817833149,436.0
2025-05-20 10:00:00,2025-05-19 10:00:00,621.5807285600705,636.0
2025-05-20 11:00:00,2025-05-19 11:00:00,840.1044346943687,814.0
2025-05-20 12:00:00,2025-05-19 12:00:00,922.9267314787701,930.0
2025-05-20 13:00:00,2025-05-19 13:00:00,943.4028464421943,980.0
2025-05-20 14:00:00,2025-05-19 14:00:00,929.5585793638821,964.0
2025-05-20 15:00:00,2025-05-19 15:00:00,861.6179070493713,889.0
2025-05-20 16:00:00,2025-05-19 16:00:00,736.0077002309927,757.0
2025-05-20 17:00:00,2025-05-19 17:00:00,569.8925501338545,582.0
2025-05-20 18:00:00,2025-05-19 18:00:00,373.453466574699,377.0
2025-05-20 19:00:00,2025-05-19 19:00:00,167.7003941609038,185.0
2025-05-20 20:00:00,2025-05-19 20:00:00,25.957907110680956,38.0
2025-05-20 21:00:00,2025-05-19 21:00:00,0.3723349086701912,0.0
2025-05-20 22:00:00,2025-05-19 22:00:00,0.3723349086701912,0.0
2025-05-20 23:00:00,2025-05-19 23:00:00,0.3723349086701912,0.0
2025-05-21 00:00:00,2025-05-20 00:00:00,0.3348252941544299,0.0
2025-05-21 01:00:00,2025-05-20 01:00:00,0.3348252941544299,0.0
2025-05-21 02:00:00,2025-05-20 02:00:00,0.3348252941544299,0.0
2025-05-21 03:00:00,2025-05-20 03:00:00,0.3348252941544299,0.0
2025-05-21 04:00:00,2025-05-20 04:00:00,0.3348252941544299,0.0
2025-05-21 05:00:00,2025-05-20 05:00:00,0.3348252941544299,0.0
2025-05-21 06:00:00,2025-05-20 06:00:00,1.2449396012941283,3.0
2025-05-21 07:00:00,2025-05-20 07:00:00,78.48791241862097,111.0
2025-05-21 08:00:00,2025-05-20 08:00:00,251.70702241841826,274.0
2025-05-21 09:00:00,2025-05-20 09:00:00,480.5898454542533,454.0
2025-05-21 10:00:00,2025-05-20 10:00:00,650.1807490854717,646.0
2025-05-21 11:00:00,2025-05-20 11:00:00,833.9167222700697,814.0
2025-05-21 12:00:00,2025-05-20 12:00:00,916.0484291989028,922.0
2025-05-21 13:00:00,2025-05-20 13:00:00,912.5412109768116,966.0
2025-05-21 14:00:00,2025-05-20 14:00:00,921.3363672153774,947.0
2025-05-21 15:00:00,2025-05-20 15:00:00,857.0680020662898,872.0
2025-05-21 16:00:00,2025-05-20 16:00:00,743.9970089909713,745.0
2025-05-21 17:00:00,2025-05-20 17:00:00,571.8043624956273,574.0
2025-05-21 18:00:00,2025-05-20 18:00:00,372.2016364259436,373.0
2025-05-21 19:00:00,2025-05-20 19:00:00,167.27507333978883,184.0
2025-05-21 20:00:00,2025-05-20 20:00:00,25.804625384050954,38.0
2025-05-21 21:00:00,2025-05-20 21:00:00,0.3723349086701912,0.0
2025-05-21 22:00:00,2025-05-20 22:00:00,0.3723349086701912,0.0
2025-05-21 23:00:00,2025-05-20 23:00:00,0.37549979487848445,0.0
2025-05-22 00:00:00,2025-05-21 00:00:00,0.33799018036272316,0.0
2025-05-22 01:00:00,2025-05-21 01:00:00,0.34518422790194736,0.0
2025-05-22 02:00:00,2025-05-21 02:00:00,0.3348252941544299,0.0
2025-05-22 03:00:00,2025-05-21 03:00:00,0.33799018036272316,0.0
2025-05-22 04:00:00,2025-05-21 04:00:00,0.33799018036272316,0.0
2025-05-22 05:00:00,2025-05-21 05:00:00,0.33799018036272316,0.0
2025-05-22 06:00:00,2025-05-21 06:00:00,1.9941607216756403,4.0
2025-05-22 07:00:00,2025-05-21 07:00:00,77.70995951309375,106.0
2025-05-22 08:00:00,2025-05-21 08:00:00,266.767215048833,256.0
2025-05-22 09:00:00,2025-05-21 09:00:00,459.45233431489606,411.0
2025-05-22 10:00:00,2025-05-21 10:00:00,648.1223609180855,565.0
2025-05-22 11:00:00,2025-05-21 11:00:00,808.9367338547171,707.0
2025-05-22 12:00:00,2025-05-21 12:00:00,931.9175433773279,837.0
2025-05-22 13:00:00,2025-05-21 13:00:00,944.1653394412874,937.0
2025-05-22 14:00:00,2025-05-21 14:00:00,934.7689939191125,961.0
2025-05-22 15:00:00,2025-05-21 15:00:00,719.2565198543297,894.0
2025-05-22 16:00:00,2025-05-21 16:00:00,663.939799749295,760.0
2025-05-22 17:00:00,2025-05-21 17:00:00,469.7103700255212,583.0
2025-05-22 18:00:00,2025-05-21 18:00:00,357.02990084311006,381.0
2025-05-22 19:00:00,2025-05-21 19:00:00,169.99724702300378,190.0
2025-05-22 20:00:00,2025-05-21 20:00:00,25.905404895199382,41.0
2025-05-22 21:00:00,2025-05-21 21:00:00,0.5230051781810774,0.0
2025-05-22 22:00:00,2025-05-21 22:00:00,0.5333641119285949,0.0
2025-05-22 23:00:00,2025-05-21 23:00:00,0.5230051781810774,0.0
2025-05-23 00:00:00,2025-05-22 00:00:00,0.48549556366531615,0.0
2025-05-23 01:00:00,2025-05-22 01:00:00,0.48549556366531615,0.0
2025-05-23 02:00:00,2025-05-22 02:00:00,0.24606068432321376,0.0
2025-05-23 03:00:00,2025-05-22 03:00:00,0.2802857402934172,0.0
2025-05-23 04:00:00,2025-05-22 04:00:00,0.2802857402934172,0.0
2025-05-23 05:00:00,2025-05-22 05:00:00,0.48866044987360935,0.0
2025-05-23 06:00:00,2025-05-22 06:00:00,2.2444977503870014,4.0
2025-05-23 07:00:00,2025-05-22 07:00:00,80.1757705432481,115.0
2025-05-23 08:00:00,2025-05-22 08:00:00,261.06194863547427,279.0
2025-05-23 09:00:00,2025-05-22 09:00:00,459.9607041050996,459.0
2025-05-23 10:00:00,2025-05-22 10:00:00,640.8199116613556,650.0
2025-05-23 11:00:00,2025-05-22 11:00:00,810.3851294172649,816.0
2025-05-23 12:00:00,2025-05-22 12:00:00,917.6625900715236,924.0
2025-05-23 13:00:00,2025-05-22 13:00:00,945.2729664734663,970.0
2025-05-23 14:00:00,2025-05-22 14:00:00,938.454947984025,953.0
2025-05-23 15:00:00,2025-05-22 15:00:00,861.4243127476556,881.0
2025-05-23 16:00:00,2025-05-22 16:00:00,748.3793690913868,756.0
2025-05-23 17:00:00,2025-05-22 17:00:00,571.4073299714955,585.0
2025-05-23 18:00:00,2025-05-22 18:00:00,370.88127925698046,382.0
2025-05-23 19:00:00,2025-05-22 19:00:00,176.5091559245359,191.0
2025-05-23 20:00:00,2025-05-22 20:00:00,29.236341959807955,41.0
2025-05-23 21:00:00,2025-05-22 21:00:00,0.5230051781810774,0.0
2025-05-23 22:00:00,2025-05-22 22:00:00,0.5230051781810774,0.0
2025-05-23 23:00:00,2025-05-22 23:00:00,0.5230051781810774,0.0
2025-05-24 00:00:00,2025-05-23 00:00:00,0.48549556366531615,0.0
2025-05-24 01:00:00,2025-05-23 01:00:00,0.48549556366531615,0.0
2025-05-24 02:00:00,2025-05-23 02:00:00,0.48549556366531615,0.0
2025-05-24 03:00:00,2025-05-23 03:00:00,0.48549556366531615,0.0
2025-05-24 04:00:00,2025-05-23 04:00:00,0.34518422790194736,0.0
2025-05-24 05:00:00,2025-05-23 05:00:00,0.3348252941544299,0.0
2025-05-24 06:00:00,2025-05-23 06:00:00,1.5001055356305606,4.0
2025-05-24 07:00:00,2025-05-23 07:00:00,68.96241107446404,116.0
2025-05-24 08:00:00,2025-05-23 08:00:00,226.44074119741396,280.0
2025-05-24 09:00:00,2025-05-23 09:00:00,477.6126331584457,459.0
2025-05-24 10:00:00,2025-05-23 10:00:00,656.3270943458729,650.0
2025-05-24 11:00:00,2025-05-23 11:00:00,765.6649267732405,815.0
2025-05-24 12:00:00,2025-05-23 12:00:00,889.7736693193696,921.0
2025-05-24 13:00:00,2025-05-23 13:00:00,949.3690246468382,964.0
2025-05-24 14:00:00,2025-05-23 14:00:00,952.8121939231813,945.0
2025-05-24 15:00:00,2025-05-23 15:00:00,877.5088946188234,871.0
2025-05-24 16:00:00,2025-05-23 16:00:00,701.684831590081,746.0
2025-05-24 17:00:00,2025-05-23 17:00:00,549.5667448765528,576.0
2025-05-24 18:00:00,2025-05-23 18:00:00,376.2230948999642,376.0
2025-05-24 19:00:00,2025-05-23 19:00:00,178.8364020486513,188.0
2025-05-24 20:00:00,2025-05-23 20:00:00,29.07689914164037,41.0
2025-05-24 21:00:00,2025-05-23 21:00:00,0.5230051781810774,0.0
2025-05-24 22:00:00,2025-05-23 22:00:00,0.5230051781810774,0.0
2025-05-24 23:00:00,2025-05-23 23:00:00,0.5230051781810774,0.0
2025-05-25 00:00:00,2025-05-24 00:00:00,0.48549556366531615,0.0
2025-05-25 01:00:00,2025-05-24 01:00:00,0.48549556366531615,0.0
2025-05-25 02:00:00,2025-05-24 02:00:00,0.3348252941544299,0.0
2025-05-25 03:00:00,2025-05-24 03:00:00,0.3348252941544299,0.0
2025-05-25 04:00:00,2025-05-24 04:00:00,0.3348252941544299,0.0
2025-05-25 05:00:00,2025-05-24 05:00:00,0.3348252941544299,0.0
2025-05-25 06:00:00,2025-05-24 06:00:00,1.1898528236301864,5.0
2025-05-25 07:00:00,2025-05-24 07:00:00,85.31095974436415,115.0
2025-05-25 08:00:00,2025-05-24 08:00:00,262.3161396697906,276.0
2025-05-25 09:00:00,2025-05-24 09:00:00,453.5041006182569,453.0
2025-05-25 10:00:00,2025-05-24 10:00:00,651.6095741149796,643.0
2025-05-25 11:00:00,2025-05-24 11:00:00,815.888242974749,808.0
2025-05-25 12:00:00,2025-05-24 12:00:00,923.4943753815934,911.0
2025-05-25 13:00:00,2025-05-24 13:00:00,946.3166224211637,950.0
2025-05-25 14:00:00,2025-05-24 14:00:00,942.2026127518498,931.0
2025-05-25 15:00:00,2025-05-24 15:00:00,879.979346893821,865.0
2025-05-25 16:00:00,2025-05-24 16:00:00,748.6834521106324,748.0
2025-05-25 17:00:00,2025-05-24 17:00:00,570.0153498593824,575.0
2025-05-25 18:00:00,2025-05-24 18:00:00,367.7052795279451,359.0
2025-05-25 19:00:00,2025-05-24 19:00:00,146.62300138207155,166.0
2025-05-25 20:00:00,2025-05-24 20:00:00,26.353529972823193,34.0
2025-05-25 21:00:00,2025-05-24 21:00:00,0.0,0.0
2025-05-25 22:00:00,2025-05-24 22:00:00,0.7222853420702492,0.0
2025-05-25 23:00:00,2025-05-24 23:00:00,0.5020093916711035,0.0
2025-05-26 00:00:00,2025-05-25 00:00:00,0.6838141979952421,0.0
2025-05-26 01:00:00,2025-05-25 01:00:00,0.6838141979952421,0.0
2025-05-26 02:00:00,2025-05-25 02:00:00,0.6728744867355343,0.0
2025-05-26 03:00:00,2025-05-25 03:00:00,0.6728744867355343,0.0
2025-05-26 04:00:00,2025-05-25 04:00:00,1.9150267827513838,0.0
2025-05-26 05:00:00,2025-05-25 05:00:00,1.9150267827513838,0.0
2025-05-26 06:00:00,2025-05-25 06:00:00,4.165898835581906,4.0
2025-05-26 07:00:00,2025-05-25 07:00:00,79.73275598300167,102.0
2025-05-26 08:00:00,2025-05-25 08:00:00,254.12427003076812,244.0
2025-05-26 09:00:00,2025-05-25 09:00:00,456.3963954046441,407.0
2025-05-26 10:00:00,2025-05-25 10:00:00,649.9025879512218,588.0
2025-05-26 11:00:00,2025-05-25 11:00:00,810.6089030078814,744.0
2025-05-26 12:00:00,2025-05-25 12:00:00,890.801335646192,839.0
2025-05-26 13:00:00,2025-05-25 13:00:00,932.2902969997696,870.0
2025-05-26 14:00:00,2025-05-25 14:00:00,910.2700635317692,828.0
2025-05-26 15:00:00,2025-05-25 15:00:00,878.3931680853741,704.0
2025-05-26 16:00:00,2025-05-25 16:00:00,693.3320819690944,536.0
2025-05-26 17:00:00,2025-05-25 17:00:00,480.64017712906843,384.0
2025-05-26 18:00:00,2025-05-25 18:00:00,301.8316591278886,263.0
2025-05-26 19:00:00,2025-05-25 19:00:00,164.84587649227583,150.0
2025-05-26 20:00:00,2025-05-25 20:00:00,29.466929485737165,38.0
2025-05-26 21:00:00,2025-05-25 21:00:00,0.9705604092627365,0.0
2025-05-26 22:00:00,2025-05-25 22:00:00,0.7109648787634859,0.0
2025-05-26 23:00:00,2025-05-25 23:00:00,0.7109648787634859,0.0
2025-05-27 00:00:00,2025-05-26 00:00:00,1.4677696251501762,0.0
2025-05-27 01:00:00,2025-05-26 01:00:00,1.903642678859842,0.0
2025-05-27 02:00:00,2025-05-26 02:00:00,0.4735306822615838,0.0
2025-05-27 03:00:00,2025-05-26 03:00:00,0.4735306822615838,0.0
2025-05-27 04:00:00,2025-05-26 04:00:00,0.4735306822615838,0.0
2025-05-27 05:00:00,2025-05-26 05:00:00,1.4677696251501762,0.0
2025-05-27 06:00:00,2025-05-26 06:00:00,4.272818498577298,5.0
2025-05-27 07:00:00,2025-05-26 07:00:00,89.24412880427653,115.0
2025-05-27 08:00:00,2025-05-26 08:00:00,242.01596969262926,271.0
2025-05-27 09:00:00,2025-05-26 09:00:00,445.84007223582205,448.0
2025-05-27 10:00:00,2025-05-26 10:00:00,583.4252914363236,638.0
2025-05-27 11:00:00,2025-05-26 11:00:00,791.897185381816,805.0
2025-05-27 12:00:00,2025-05-26 12:00:00,813.6048335684535,911.0
2025-05-27 13:00:00,2025-05-26 13:00:00,813.5923345730376,953.0
2025-05-27 14:00:00,2025-05-26 14:00:00,824.1196337459144,934.0
2025-05-27 15:00:00,2025-05-26 15:00:00,856.4894018447658,859.0
2025-05-27 16:00:00,2025-05-26 16:00:00,727.7207134752844,733.0
2025-05-27 17:00:00,2025-05-26 17:00:00,467.1000916792015,566.0
2025-05-27 18:00:00,2025-05-26 18:00:00,346.82427666443084,371.0
2025-05-27 19:00:00,2025-05-26 19:00:00,172.41102252493926,188.0
2025-05-27 20:00:00,2025-05-26 20:00:00,27.66756248671961,44.0
2025-05-27 21:00:00,2025-05-26 21:00:00,0.5230051781810774,0.0
2025-05-27 22:00:00,2025-05-26 22:00:00,0.5230051781810774,0.0
2025-05-27 23:00:00,2025-05-26 23:00:00,0.5230051781810774,0.0
2025-05-28 00:00:00,2025-05-27 00:00:00,0.48549556366531615,0.0
2025-05-28 01:00:00,2025-05-27 01:00:00,0.3348252941544299,0.0
2025-05-28 02:00:00,2025-05-27 02:00:00,0.4958544974128336,0.0
2025-05-28 03:00:00,2025-05-27 03:00:00,0.4958544974128336,0.0
2025-05-28 04:00:00,2025-05-27 04:00:00,0.4958544974128336,0.0
2025-05-28 05:00:00,2025-05-27 05:00:00,0.4958544974128336,0.0
2025-05-28 06:00:00,2025-05-27 06:00:00,2.07929363508238,5.0
2025-05-28 07:00:00,2025-05-27 07:00:00,76.2288743041474,102.0
2025-05-28 08:00:00,2025-05-27 08:00:00,220.82283281469998,241.0
2025-05-28 09:00:00,2025-05-27 09:00:00,400.7042846146064,400.0
2025-05-28 10:00:00,2025-05-27 10:00:00,580.5508540634501,577.0
2025-05-28 11:00:00,2025-05-27 11:00:00,767.4231207484878,740.0
2025-05-28 12:00:00,2025-05-27 12:00:00,875.9537369827726,861.0
2025-05-28 13:00:00,2025-05-27 13:00:00,890.3087961935953,933.0
2025-05-28 14:00:00,2025-05-27 14:00:00,907.6468617730295,938.0
2025-05-28 15:00:00,2025-05-27 15:00:00,858.9822541018601,872.0
2025-05-28 16:00:00,2025-05-27 16:00:00,667.4675203736832,746.0
2025-05-28 17:00:00,2025-05-27 17:00:00,525.0971946207109,578.0
2025-05-28 18:00:00,2025-05-27 18:00:00,315.91034797593676,381.0
2025-05-28 19:00:00,2025-05-27 19:00:00,168.85319007443036,194.0
2025-05-28 20:00:00,2025-05-27 20:00:00,31.201479782665658,46.0
2025-05-28 21:00:00,2025-05-27 21:00:00,0.5230051781810774,0.0
2025-05-28 22:00:00,2025-05-27 22:00:00,0.3723349086701912,0.0
2025-05-28 23:00:00,2025-05-27 23:00:00,0.3723349086701912,0.0
2025-05-29 00:00:00,2025-05-28 00:00:00,0.3348252941544299,0.0
2025-05-29 01:00:00,2025-05-28 01:00:00,0.3348252941544299,0.0
2025-05-29 02:00:00,2025-05-28 02:00:00,0.34518422790194736,0.0
2025-05-29 03:00:00,2025-05-28 03:00:00,0.34518422790194736,0.0
2025-05-29 04:00:00,2025-05-28 04:00:00,0.34518422790194736,0.0
2025-05-29 05:00:00,2025-05-28 05:00:00,0.34518422790194736,0.0
2025-05-29 06:00:00,2025-05-28 06:00:00,2.7701613605224056,6.0
2025-05-29 07:00:00,2025-05-28 07:00:00,76.79018008499204,115.0
2025-05-29 08:00:00,2025-05-28 08:00:00,241.2021672007583,268.0
2025-05-29 09:00:00,2025-05-28 09:00:00,423.81046597508396,443.0
2025-05-29 10:00:00,2025-05-28 10:00:00,603.6976949539097,633.0
2025-05-29 11:00:00,2025-05-28 11:00:00,744.238278233924,799.0
2025-05-29 12:00:00,2025-05-28 12:00:00,870.4033344994899,900.0
2025-05-29 13:00:00,2025-05-28 13:00:00,911.8482139569736,937.0
2025-05-29 14:00:00,2025-05-28 14:00:00,919.4572800919558,912.0
2025-05-29 15:00:00,2025-05-28 15:00:00,817.9296492564455,832.0
2025-05-29 16:00:00,2025-05-28 16:00:00,679.9940072417361,704.0
2025-05-29 17:00:00,2025-05-28 17:00:00,525.1464624367404,541.0
2025-05-29 18:00:00,2025-05-28 18:00:00,349.70646009527786,357.0
2025-05-29 19:00:00,2025-05-28 19:00:00,171.26655946575414,184.0
2025-05-29 20:00:00,2025-05-28 20:00:00,32.07846172573909,45.0
2025-05-29 21:00:00,2025-05-28 21:00:00,0.5333641119285949,0.0
2025-05-29 22:00:00,2025-05-28 22:00:00,0.5333641119285949,0.0
2025-05-29 23:00:00,2025-05-28 23:00:00,0.38269384241770865,0.0
2025-05-30 00:00:00,2025-05-29 00:00:00,0.34518422790194736,0.0
2025-05-30 01:00:00,2025-05-29 01:00:00,0.34518422790194736,0.0
2025-05-30 02:00:00,2025-05-29 02:00:00,0.34518422790194736,0.0
2025-05-30 03:00:00,2025-05-29 03:00:00,0.34518422790194736,0.0
2025-05-30 04:00:00,2025-05-29 04:00:00,0.33799018036272316,0.0
2025-05-30 05:00:00,2025-05-29 05:00:00,0.33799018036272316,0.0
2025-05-30 06:00:00,2025-05-29 06:00:00,2.6037134726440336,4.0
2025-05-30 07:00:00,2025-05-29 07:00:00,74.02028341577378,88.0
2025-05-30 08:00:00,2025-05-29 08:00:00,240.20227163301186,211.0
2025-05-30 09:00:00,2025-05-29 09:00:00,369.13243805939743,377.0
2025-05-30 10:00:00,2025-05-29 10:00:00,608.8826926492459,588.0
2025-05-30 11:00:00,2025-05-29 11:00:00,756.7466680623008,782.0
2025-05-30 12:00:00,2025-05-29 12:00:00,806.3521369148817,895.0
2025-05-30 13:00:00,2025-05-29 13:00:00,899.429899000546,930.0
2025-05-30 14:00:00,2025-05-29 14:00:00,884.7835975571707,908.0
2025-05-30 15:00:00,2025-05-29 15:00:00,824.2164710470026,846.0
2025-05-30 16:00:00,2025-05-29 16:00:00,714.7092148800059,735.0
2025-05-30 17:00:00,2025-05-29 17:00:00,535.7834795005717,574.0
2025-05-30 18:00:00,2025-05-29 18:00:00,344.83267300347427,376.0
2025-05-30 19:00:00,2025-05-29 19:00:00,171.74648856453703,189.0
2025-05-30 20:00:00,2025-05-29 20:00:00,31.366356951118004,46.0
2025-05-30 21:00:00,2025-05-29 21:00:00,0.37549979487848445,0.0
2025-05-30 22:00:00,2025-05-29 22:00:00,0.3723349086701912,0.0
2025-05-30 23:00:00,2025-05-29 23:00:00,0.37549979487848445,0.0
2025-05-31 00:00:00,2025-05-30 00:00:00,0.33799018036272316,0.0
2025-05-31 01:00:00,2025-05-30 01:00:00,0.34518422790194736,0.0
2025-05-31 02:00:00,2025-05-30 02:00:00,0.33799018036272316,0.0
2025-05-31 03:00:00,2025-05-30 03:00:00,0.33799018036272316,0.0
2025-05-31 04:00:00,2025-05-30 04:00:00,0.33799018036272316,0.0
2025-05-31 05:00:00,2025-05-30 05:00:00,0.33799018036272316,0.0
2025-05-31 06:00:00,2025-05-30 06:00:00,2.3464262688121855,3.0
2025-05-31 07:00:00,2025-05-30 07:00:00,39.64782727115295,56.0
2025-05-31 08:00:00,2025-05-30 08:00:00,123.7725522005314,138.0
2025-05-31 09:00:00,2025-05-30 09:00:00,443.2730175325555,275.0
2025-05-31 10:00:00,2025-05-30 10:00:00,650.3774314213804,470.0
2025-05-31 11:00:00,2025-05-30 11:00:00,777.69119447895,640.0
2025-05-31 12:00:00,2025-05-30 12:00:00,875.6484734046495,681.0
2025-05-31 13:00:00,2025-05-30 13:00:00,901.1657982681189,625.0
2025-05-31 14:00:00,2025-05-30 14:00:00,906.6387537040732,572.0
2025-05-31 15:00:00,2025-05-30 15:00:00,843.8187424784389,584.0
2025-05-31 16:00:00,2025-05-30 16:00:00,701.4239926103875,590.0
2025-05-31 17:00:00,2025-05-30 17:00:00,554.0036379080296,516.0
2025-05-31 18:00:00,2025-05-30 18:00:00,381.921220560627,361.0
2025-05-31 19:00:00,2025-05-30 19:00:00,185.83104175850198,192.0
2025-05-31 20:00:00,2025-05-30 20:00:00,38.0001731794532,50.0
2025-05-31 21:00:00,2025-05-30 21:00:00,0.3723349086701912,0.0
2025-05-31 22:00:00,2025-05-30 22:00:00,0.3723349086701912,0.0
2025-05-31 23:00:00,2025-05-30 23:00:00,0.3723349086701912,0.0
2025-06-01 00:00:00,2025-05-31 00:00:00,0.3348252941544299,0.0
2025-06-01 01:00:00,2025-05-31 01:00:00,0.3348252941544299,0.0
2025-06-01 02:00:00,2025-05-31 02:00:00,0.3348252941544299,0.0
2025-06-01 03:00:00,2025-05-31 03:00:00,0.3348252941544299,0.0
2025-06-01 04:00:00,2025-05-31 04:00:00,0.3348252941544299,0.0
2025-06-01 05:00:00,2025-05-31 05:00:00,0.3348252941544299,0.0
2025-06-01 06:00:00,2025-05-31 06:00:00,3.0452743604900863,6.0
2025-06-01 07:00:00,2025-05-31 07:00:00,79.83382613618163,121.0
2025-06-01 08:00:00,2025-05-31 08:00:00,268.5607916540717,280.0
2025-06-01 09:00:00,2025-05-31 09:00:00,404.2031815303082,457.0
2025-06-01 10:00:00,2025-05-31 10:00:00,591.7595741880637,645.0
2025-06-01 11:00:00,2025-05-31 11:00:00,753.6452301122712,808.0
2025-06-01 12:00:00,2025-05-31 12:00:00,828.9571664504408,910.0
2025-06-01 13:00:00,2025-05-31 13:00:00,837.7511942791114,948.0
2025-06-01 14:00:00,2025-05-31 14:00:00,874.8081223022847,928.0
2025-06-01 15:00:00,2025-05-31 15:00:00,813.207186525679,858.0
2025-06-01 16:00:00,2025-05-31 16:00:00,697.8795340204185,738.0
2025-06-01 17:00:00,2025-05-31 17:00:00,534.131831071917,574.0
2025-06-01 18:00:00,2025-05-31 18:00:00,340.9087357448877,378.0
2025-06-01 19:00:00,2025-05-31 19:00:00,172.80759392650222,193.0
2025-06-01 20:00:00,2025-05-31 20:00:00,32.17717922647159,49.0
2025-06-01 21:00:00,2025-05-31 21:00:00,0.38269384241770865,0.0
2025-06-01 22:00:00,2025-05-31 22:00:00,0.38269384241770865,0.0
2025-06-01 23:00:00,2025-05-31 23:00:00,0.38269384241770865,0.0
2025-06-02 00:00:00,2025-06-01 00:00:00,0.34518422790194736,0.0
2025-06-02 01:00:00,2025-06-01 01:00:00,0.34518422790194736,0.0
2025-06-02 02:00:00,2025-06-01 02:00:00,0.34518422790194736,0.0
2025-06-02 03:00:00,2025-06-01 03:00:00,0.34518422790194736,0.0
2025-06-02 04:00:00,2025-06-01 04:00:00,0.34518422790194736,0.0
2025-06-02 05:00:00,2025-06-01 05:00:00,0.34518422790194736,0.0
2025-06-02 06:00:00,2025-06-01 06:00:00,2.7633587073046053,6.0
2025-06-02 07:00:00,2025-06-01 07:00:00,71.96129871894753,117.0
2025-06-02 08:00:00,2025-06-01 08:00:00,200.55896391037666,269.0
2025-06-02 09:00:00,2025-06-01 09:00:00,385.50999768535206,437.0
2025-06-02 10:00:00,2025-06-01 10:00:00,590.6084587660511,614.0
2025-06-02 11:00:00,2025-06-01 11:00:00,729.6919497362177,769.0
2025-06-02 12:00:00,2025-06-01 12:00:00,895.8806041054955,875.0
2025-06-02 13:00:00,2025-06-01 13:00:00,914.170560739173,926.0
2025-06-02 14:00:00,2025-06-01 14:00:00,906.6451827735924,916.0
2025-06-02 15:00:00,2025-06-01 15:00:00,774.2286967387325,846.0
2025-06-02 16:00:00,2025-06-01 16:00:00,663.7500970102271,724.0
2025-06-02 17:00:00,2025-06-01 17:00:00,525.2712182665296,561.0
2025-06-02 18:00:00,2025-06-01 18:00:00,337.4070635824239,372.0
2025-06-02 19:00:00,2025-06-01 19:00:00,172.6696864181978,193.0
2025-06-02 20:00:00,2025-06-01 20:00:00,34.18413115607958,50.0
2025-06-02 21:00:00,2025-06-01 21:00:00,0.3723349086701912,0.0
2025-06-02 22:00:00,2025-06-01 22:00:00,0.3723349086701912,0.0
2025-06-02 23:00:00,2025-06-01 23:00:00,0.3723349086701912,0.0
2025-06-03 00:00:00,2025-06-02 00:00:00,0.3348252941544299,0.0
2025-06-03 01:00:00,2025-06-02 01:00:00,0.3348252941544299,0.0
2025-06-03 02:00:00,2025-06-02 02:00:00,0.3348252941544299,0.0
2025-06-03 03:00:00,2025-06-02 03:00:00,0.3348252941544299,0.0
2025-06-03 04:00:00,2025-06-02 04:00:00,0.3348252941544299,0.0
2025-06-03 05:00:00,2025-06-02 05:00:00,0.3348252941544299,0.0
2025-06-03 06:00:00,2025-06-02 06:00:00,2.288166034680796,7.0
2025-06-03 07:00:00,2025-06-02 07:00:00,88.4430002701333,122.0
2025-06-03 08:00:00,2025-06-02 08:00:00,269.9075322013863,279.0
2025-06-03 09:00:00,2025-06-02 09:00:00,463.54739177274763,453.0
2025-06-03 10:00:00,2025-06-02 10:00:00,638.8337540833788,638.0
2025-06-03 11:00:00,2025-06-02 11:00:00,791.3722100785558,797.0
2025-06-03 12:00:00,2025-06-02 12:00:00,871.7670407288737,897.0
2025-06-03 13:00:00,2025-06-02 13:00:00,918.2081371284229,936.0
2025-06-03 14:00:00,2025-06-02 14:00:00,910.7047135909493,920.0
2025-06-03 15:00:00,2025-06-02 15:00:00,842.8756719510573,860.0
2025-06-03 16:00:00,2025-06-02 16:00:00,735.2294713427832,751.0
2025-06-03 17:00:00,2025-06-02 17:00:00,579.7068625851117,593.0
2025-06-03 18:00:00,2025-06-02 18:00:00,392.2658764784446,397.0
2025-06-03 19:00:00,2025-06-02 19:00:00,195.47549490604078,207.0
2025-06-03 20:00:00,2025-06-02 20:00:00,39.127780949704615,55.0
2025-06-03 21:00:00,2025-06-02 21:00:00,0.3850976698766657,0.0
2025-06-03 22:00:00,2025-06-02 22:00:00,0.3850976698766657,0.0
2025-06-03 23:00:00,2025-06-02 23:00:00,0.3723349086701912,0.0
2025-06-04 00:00:00,2025-06-03 00:00:00,0.3348252941544299,0.0
2025-06-04 01:00:00,2025-06-03 01:00:00,0.3348252941544299,0.0
2025-06-04 02:00:00,2025-06-03 02:00:00,0.3348252941544299,0.0
2025-06-04 03:00:00,2025-06-03 03:00:00,0.3348252941544299,0.0
2025-06-04 04:00:00,2025-06-03 04:00:00,0.3348252941544299,0.0
2025-06-04 05:00:00,2025-06-03 05:00:00,0.3348252941544299,0.0
2025-06-04 06:00:00,2025-06-03 06:00:00,3.4739533264461455,7.0
2025-06-04 07:00:00,2025-06-03 07:00:00,88.07599006806366,126.0
2025-06-04 08:00:00,2025-06-03 08:00:00,263.81637480182627,290.0
2025-06-04 09:00:00,2025-06-03 09:00:00,484.8289776537371,470.0
2025-06-04 10:00:00,2025-06-03 10:00:00,654.376323113519,661.0
2025-06-04 11:00:00,2025-06-03 11:00:00,831.504507765187,828.0
2025-06-04 12:00:00,2025-06-03 12:00:00,926.9246465254314,936.0
2025-06-04 13:00:00,2025-06-03 13:00:00,955.3516012366152,982.0
2025-06-04 14:00:00,2025-06-03 14:00:00,938.7105848402057,966.0
2025-06-04 15:00:00,2025-06-03 15:00:00,882.7120698427407,895.0
2025-06-04 16:00:00,2025-06-03 16:00:00,761.0055845549517,771.0
2025-06-04 17:00:00,2025-06-03 17:00:00,607.8484905061304,603.0
2025-06-04 18:00:00,2025-06-03 18:00:00,398.2424673727528,403.0
2025-06-04 19:00:00,2025-06-03 19:00:00,205.57080079273712,211.0
2025-06-04 20:00:00,2025-06-03 20:00:00,41.56485148506743,57.0
2025-06-04 21:00:00,2025-06-03 21:00:00,0.3850976698766657,0.0
2025-06-04 22:00:00,2025-06-03 22:00:00,0.3850976698766657,0.0
2025-06-04 23:00:00,2025-06-03 23:00:00,0.3850976698766657,0.0
2025-06-05 00:00:00,2025-06-04 00:00:00,0.3475880553609044,0.0
2025-06-05 01:00:00,2025-06-04 01:00:00,0.3475880553609044,0.0
2025-06-05 02:00:00,2025-06-04 02:00:00,0.3475880553609044,0.0
2025-06-05 03:00:00,2025-06-04 03:00:00,0.3475880553609044,0.0
2025-06-05 04:00:00,2025-06-04 04:00:00,0.3475880553609044,0.0
2025-06-05 05:00:00,2025-06-04 05:00:00,0.3475880553609044,0.0
2025-06-05 06:00:00,2025-06-04 06:00:00,3.682584525083571,8.0
2025-06-05 07:00:00,2025-06-04 07:00:00,95.10223563769745,129.0
2025-06-05 08:00:00,2025-06-04 08:00:00,287.6815390934571,296.0
2025-06-05 09:00:00,2025-06-04 09:00:00,495.30868148139564,477.0
2025-06-05 10:00:00,2025-06-04 10:00:00,663.9803309485902,667.0
2025-06-05 11:00:00,2025-06-04 11:00:00,839.0547185530638,832.0
2025-06-05 12:00:00,2025-06-04 12:00:00,940.1709021746901,939.0
2025-06-05 13:00:00,2025-06-04 13:00:00,957.175690958117,983.0
2025-06-05 14:00:00,2025-06-04 14:00:00,950.343479096443,967.0
2025-06-05 15:00:00,2025-06-04 15:00:00,890.899137412521,896.0
2025-06-05 16:00:00,2025-06-04 16:00:00,759.097970349574,772.0
2025-06-05 17:00:00,2025-06-04 17:00:00,604.563511415866,604.0
2025-06-05 18:00:00,2025-06-04 18:00:00,410.04613181516004,404.0
2025-06-05 19:00:00,2025-06-04 19:00:00,209.5984854566819,213.0
2025-06-05 20:00:00,2025-06-04 20:00:00,41.49284911512727,58.0
2025-06-05 21:00:00,2025-06-04 21:00:00,0.3850976698766657,0.0
2025-06-05 22:00:00,2025-06-04 22:00:00,0.3850976698766657,0.0
2025-06-05 23:00:00,2025-06-04 23:00:00,0.3850976698766657,0.0
2025-06-06 00:00:00,2025-06-05 00:00:00,0.3475880553609044,0.0
2025-06-06 01:00:00,2025-06-05 01:00:00,0.3475880553609044,0.0
2025-06-06 02:00:00,2025-06-05 02:00:00,0.3475880553609044,0.0
2025-06-06 03:00:00,2025-06-05 03:00:00,0.3475880553609044,0.0
2025-06-06 04:00:00,2025-06-05 04:00:00,0.3475880553609044,0.0
2025-06-06 05:00:00,2025-06-05 05:00:00,0.3475880553609044,0.0
2025-06-06 06:00:00,2025-06-05 06:00:00,3.682584525083571,8.0
2025-06-06 07:00:00,2025-06-05 07:00:00,95.59195501580862,128.0
2025-06-06 08:00:00,2025-06-05 08:00:00,283.24296340874383,293.0
2025-06-06 09:00:00,2025-06-05 09:00:00,505.602384124038,472.0
2025-06-06 10:00:00,2025-06-05 10:00:00,661.262900246551,660.0
2025-06-06 11:00:00,2025-06-05 11:00:00,844.1911348954908,824.0
2025-06-06 12:00:00,2025-06-05 12:00:00,931.1879905360355,931.0
2025-06-06 13:00:00,2025-06-05 13:00:00,943.363119666443,977.0
2025-06-06 14:00:00,2025-06-05 14:00:00,943.1594430779028,962.0
2025-06-06 15:00:00,2025-06-05 15:00:00,884.9219394696872,891.0
2025-06-06 16:00:00,2025-06-05 16:00:00,772.1338650193347,767.0
2025-06-06 17:00:00,2025-06-05 17:00:00,602.0441476381309,600.0
2025-06-06 18:00:00,2025-06-05 18:00:00,411.761503135134,402.0
2025-06-06 19:00:00,2025-06-05 19:00:00,213.46813396920524,212.0
2025-06-06 20:00:00,2025-06-05 20:00:00,42.183751964110954,59.0
2025-06-06 21:00:00,2025-06-05 21:00:00,0.3850976698766657,0.0
2025-06-06 22:00:00,2025-06-05 22:00:00,0.3850976698766657,0.0
2025-06-06 23:00:00,2025-06-05 23:00:00,0.3850976698766657,0.0
2025-06-07 00:00:00,2025-06-06 00:00:00,0.3475880553609044,0.0
2025-06-07 01:00:00,2025-06-06 01:00:00,0.3475880553609044,0.0
2025-06-07 02:00:00,2025-06-06 02:00:00,0.3475880553609044,0.0
2025-06-07 03:00:00,2025-06-06 03:00:00,0.3475880553609044,0.0
2025-06-07 04:00:00,2025-06-06 04:00:00,0.3475880553609044,0.0
2025-06-07 05:00:00,2025-06-06 05:00:00,0.3475880553609044,0.0
2025-06-07 06:00:00,2025-06-06 06:00:00,3.6953472862900454,8.0
2025-06-07 07:00:00,2025-06-06 07:00:00,90.6551324727667,128.0
2025-06-07 08:00:00,2025-06-06 08:00:00,286.83408447344783,290.0
2025-06-07 09:00:00,2025-06-06 09:00:00,489.178641436197,469.0
2025-06-07 10:00:00,2025-06-06 10:00:00,655.9177307726395,658.0
2025-06-07 11:00:00,2025-06-06 11:00:00,830.1252592240182,822.0
2025-06-07 12:00:00,2025-06-06 12:00:00,911.5157179173754,928.0
2025-06-07 13:00:00,2025-06-06 13:00:00,934.2639675117646,973.0
2025-06-07 14:00:00,2025-06-06 14:00:00,927.4399152603534,957.0
2025-06-07 15:00:00,2025-06-06 15:00:00,894.9449427858941,886.0
2025-06-07 16:00:00,2025-06-06 16:00:00,766.0051945029597,764.0
2025-06-07 17:00:00,2025-06-06 17:00:00,596.7233534016682,598.0
2025-06-07 18:00:00,2025-06-06 18:00:00,407.82239444178606,401.0
2025-06-07 19:00:00,2025-06-06 19:00:00,210.74116962773292,212.0
2025-06-07 20:00:00,2025-06-06 20:00:00,42.096311515883535,59.0
2025-06-07 21:00:00,2025-06-06 21:00:00,0.3850976698766657,0.0
2025-06-07 22:00:00,2025-06-06 22:00:00,0.3850976698766657,0.0
2025-06-07 23:00:00,2025-06-06 23:00:00,0.3850976698766657,0.0
2025-06-08 00:00:00,2025-06-07 00:00:00,0.3475880553609044,0.0
2025-06-08 01:00:00,2025-06-07 01:00:00,0.3475880553609044,0.0
2025-06-08 02:00:00,2025-06-07 02:00:00,0.3475880553609044,0.0
2025-06-08 03:00:00,2025-06-07 03:00:00,0.3475880553609044,0.0
2025-06-08 04:00:00,2025-06-07 04:00:00,0.335623173957172,0.0
2025-06-08 05:00:00,2025-06-07 05:00:00,0.11534722355802624,0.0
2025-06-08 06:00:00,2025-06-07 06:00:00,3.1700113787952855,7.0
2025-06-08 07:00:00,2025-06-07 07:00:00,84.17893800293164,120.0
2025-06-08 08:00:00,2025-06-07 08:00:00,261.3320115306914,273.0
2025-06-08 09:00:00,2025-06-07 09:00:00,467.9849638933913,448.0
2025-06-08 10:00:00,2025-06-07 10:00:00,670.7376107755027,637.0
2025-06-08 11:00:00,2025-06-07 11:00:00,796.6037981554465,801.0
2025-06-08 12:00:00,2025-06-07 12:00:00,913.5980425609202,897.0
2025-06-08 13:00:00,2025-06-07 13:00:00,949.0147299121131,926.0
2025-06-08 14:00:00,2025-06-07 14:00:00,938.0873100143573,904.0
2025-06-08 15:00:00,2025-06-07 15:00:00,876.7620317989273,844.0
2025-06-08 16:00:00,2025-06-07 16:00:00,754.1153121593155,739.0
2025-06-08 17:00:00,2025-06-07 17:00:00,593.2774005433039,586.0
2025-06-08 18:00:00,2025-06-07 18:00:00,407.4839523732339,395.0
2025-06-08 19:00:00,2025-06-07 19:00:00,209.82633662967834,209.0
2025-06-08 20:00:00,2025-06-07 20:00:00,42.49929940207419,59.0
2025-06-08 21:00:00,2025-06-07 21:00:00,0.3850976698766657,0.0
2025-06-08 22:00:00,2025-06-07 22:00:00,0.3850976698766657,0.0
2025-06-08 23:00:00,2025-06-07 23:00:00,0.3850976698766657,0.0
2025-06-09 00:00:00,2025-06-08 00:00:00,0.3475880553609044,0.0
2025-06-09 01:00:00,2025-06-08 01:00:00,0.3475880553609044,0.0
2025-06-09 02:00:00,2025-06-08 02:00:00,0.3475880553609044,0.0
2025-06-09 03:00:00,2025-06-08 03:00:00,0.3475880553609044,0.0
2025-06-09 04:00:00,2025-06-08 04:00:00,0.3475880553609044,0.0
2025-06-09 05:00:00,2025-06-08 05:00:00,0.3475880553609044,0.0
2025-06-09 06:00:00,2025-06-08 06:00:00,4.119954364387696,8.0
2025-06-09 07:00:00,2025-06-08 07:00:00,90.76768817757723,127.0
2025-06-09 08:00:00,2025-06-08 08:00:00,265.80331724578565,288.0
2025-06-09 09:00:00,2025-06-08 09:00:00,457.3004717338177,464.0
2025-06-09 10:00:00,2025-06-08 10:00:00,655.9863848328156,647.0
2025-06-09 11:00:00,2025-06-08 11:00:00,807.2156525111947,805.0
2025-06-09 12:00:00,2025-06-08 12:00:00,890.6250923095217,911.0
2025-06-09 13:00:00,2025-06-08 13:00:00,932.7933806685148,959.0
2025-06-09 14:00:00,2025-06-08 14:00:00,930.7322014673695,947.0
2025-06-09 15:00:00,2025-06-08 15:00:00,869.1219975954336,877.0
2025-06-09 16:00:00,2025-06-08 16:00:00,744.6508183272626,756.0
2025-06-09 17:00:00,2025-06-08 17:00:00,593.0358604683178,593.0
2025-06-09 18:00:00,2025-06-08 18:00:00,409.3329872243759,400.0
2025-06-09 19:00:00,2025-06-08 19:00:00,211.10196550609763,214.0
2025-06-09 20:00:00,2025-06-08 20:00:00,44.50824377403157,62.0
2025-06-09 21:00:00,2025-06-08 21:00:00,0.3850976698766657,0.0
2025-06-09 22:00:00,2025-06-08 22:00:00,0.3850976698766657,0.0
2025-06-09 23:00:00,2025-06-08 23:00:00,0.3850976698766657,0.0
2025-06-10 00:00:00,2025-06-09 00:00:00,0.3475880553609044,0.0
2025-06-10 01:00:00,2025-06-09 01:00:00,0.3475880553609044,0.0
2025-06-10 02:00:00,2025-06-09 02:00:00,0.3475880553609044,0.0
2025-06-10 03:00:00,2025-06-09 03:00:00,0.3475880553609044,0.0
2025-06-10 04:00:00,2025-06-09 04:00:00,0.3475880553609044,0.0
2025-06-10 05:00:00,2025-06-09 05:00:00,0.3475880553609044,0.0
2025-06-10 06:00:00,2025-06-09 06:00:00,3.7199369229099384,8.0
2025-06-10 07:00:00,2025-06-09 07:00:00,85.56707270149577,128.0
2025-06-10 08:00:00,2025-06-09 08:00:00,273.5865222934695,291.0
2025-06-10 09:00:00,2025-06-09 09:00:00,479.61890738573305,470.0
2025-06-10 10:00:00,2025-06-09 10:00:00,654.9106181366469,659.0
2025-06-10 11:00:00,2025-06-09 11:00:00,799.797472422538,822.0
2025-06-10 12:00:00,2025-06-09 12:00:00,906.9535824288262,928.0
2025-06-10 13:00:00,2025-06-09 13:00:00,940.1800637713014,973.0
2025-06-10 14:00:00,2025-06-09 14:00:00,935.8912731279029,957.0
2025-06-10 15:00:00,2025-06-09 15:00:00,866.8954811375138,883.0
2025-06-10 16:00:00,2025-06-09 16:00:00,753.0921836138981,757.0
2025-06-10 17:00:00,2025-06-09 17:00:00,587.9070923827535,592.0
2025-06-10 18:00:00,2025-06-09 18:00:00,409.3806386433319,399.0
2025-06-10 19:00:00,2025-06-09 19:00:00,211.32675667340752,214.0
2025-06-10 20:00:00,2025-06-09 20:00:00,50.62611096818085,62.0
2025-06-10 21:00:00,2025-06-09 21:00:00,0.3850976698766657,0.0
2025-06-10 22:00:00,2025-06-09 22:00:00,0.3850976698766657,0.0
2025-06-10 23:00:00,2025-06-09 23:00:00,0.3850976698766657,0.0
2025-06-11 00:00:00,2025-06-10 00:00:00,0.3475880553609044,0.0
2025-06-11 01:00:00,2025-06-10 01:00:00,0.3475880553609044,0.0
2025-06-11 02:00:00,2025-06-10 02:00:00,0.3475880553609044,0.0
2025-06-11 03:00:00,2025-06-10 03:00:00,0.3475880553609044,0.0
2025-06-11 04:00:00,2025-06-10 04:00:00,0.3475880553609044,0.0
2025-06-11 05:00:00,2025-06-10 05:00:00,0.3475880553609044,0.0
2025-06-11 06:00:00,2025-06-10 06:00:00,3.7199369229099384,7.0
2025-06-11 07:00:00,2025-06-10 07:00:00,87.89922552112559,116.0
2025-06-11 08:00:00,2025-06-10 08:00:00,276.84214600800664,265.0
2025-06-11 09:00:00,2025-06-10 09:00:00,484.8488445723876,440.0
2025-06-11 10:00:00,2025-06-10 10:00:00,660.1530192813585,636.0
2025-06-11 11:00:00,2025-06-10 11:00:00,813.864638428424,806.0
2025-06-11 12:00:00,2025-06-10 12:00:00,909.4021403418473,904.0
2025-06-11 13:00:00,2025-06-10 13:00:00,922.7449538489685,931.0
2025-06-11 14:00:00,2025-06-10 14:00:00,914.837614554305,906.0
2025-06-11 15:00:00,2025-06-10 15:00:00,887.6454808691254,842.0
2025-06-11 16:00:00,2025-06-10 16:00:00,772.719477154222,733.0
2025-06-11 17:00:00,2025-06-10 17:00:00,596.3140853768596,581.0
2025-06-11 18:00:00,2025-06-10 18:00:00,413.98086859423563,395.0
2025-06-11 19:00:00,2025-06-10 19:00:00,219.0927847379156,214.0
2025-06-11 20:00:00,2025-06-10 20:00:00,49.94834237274145,63.0
2025-06-11 21:00:00,2025-06-10 21:00:00,0.3850976698766657,0.0
2025-06-11 22:00:00,2025-06-10 22:00:00,0.39545660362418317,0.0
2025-06-11 23:00:00,2025-06-10 23:00:00,0.39545660362418317,0.0
2025-06-12 00:00:00,2025-06-11 00:00:00,0.3579469891084219,0.0
2025-06-12 01:00:00,2025-06-11 01:00:00,0.3475880553609044,0.0
2025-06-12 02:00:00,2025-06-11 02:00:00,0.3475880553609044,0.0
2025-06-12 03:00:00,2025-06-11 03:00:00,0.3579469891084219,0.0
2025-06-12 04:00:00,2025-06-11 04:00:00,0.3475880553609044,0.0
2025-06-12 05:00:00,2025-06-11 05:00:00,0.3579469891084219,0.0
2025-06-12 06:00:00,2025-06-11 06:00:00,4.475485895355367,8.0
2025-06-12 07:00:00,2025-06-11 07:00:00,82.48072055062725,128.0
2025-06-12 08:00:00,2025-06-11 08:00:00,264.0600899772685,290.0
2025-06-12 09:00:00,2025-06-11 09:00:00,484.70599196729285,469.0
2025-06-12 10:00:00,2025-06-11 10:00:00,656.9299629089099,657.0
2025-06-12 11:00:00,2025-06-11 11:00:00,804.8010080396348,819.0
2025-06-12 12:00:00,2025-06-11 12:00:00,903.3867885689497,921.0
2025-06-12 13:00:00,2025-06-11 13:00:00,916.0086261845678,961.0
2025-06-12 14:00:00,2025-06-11 14:00:00,911.6150871563115,942.0
2025-06-12 15:00:00,2025-06-11 15:00:00,878.2913018489434,873.0
2025-06-12 16:00:00,2025-06-11 16:00:00,748.4235803770322,755.0
2025-06-12 17:00:00,2025-06-11 17:00:00,593.6469943173632,594.0
2025-06-12 18:00:00,2025-06-11 18:00:00,399.66502563081264,403.0
2025-06-12 19:00:00,2025-06-11 19:00:00,215.49768178854964,217.0
2025-06-12 20:00:00,2025-06-11 20:00:00,52.39286183905322,64.0
2025-06-12 21:00:00,2025-06-11 21:00:00,0.3850976698766657,0.0
2025-06-12 22:00:00,2025-06-11 22:00:00,0.3850976698766657,0.0
2025-06-12 23:00:00,2025-06-11 23:00:00,0.3850976698766657,0.0
2025-06-13 00:00:00,2025-06-12 00:00:00,0.3475880553609044,0.0
2025-06-13 01:00:00,2025-06-12 01:00:00,0.3475880553609044,0.0
2025-06-13 02:00:00,2025-06-12 02:00:00,0.3475880553609044,0.0
2025-06-13 03:00:00,2025-06-12 03:00:00,0.3475880553609044,0.0
2025-06-13 04:00:00,2025-06-12 04:00:00,0.3475880553609044,0.0
2025-06-13 05:00:00,2025-06-12 05:00:00,0.3579469891084219,0.0
2025-06-13 06:00:00,2025-06-12 06:00:00,5.667041079389959,8.0
2025-06-13 07:00:00,2025-06-12 07:00:00,90.52979066679728,127.0
2025-06-13 08:00:00,2025-06-12 08:00:00,273.65981063975937,287.0
2025-06-13 09:00:00,2025-06-12 09:00:00,482.3576468705158,465.0
2025-06-13 10:00:00,2025-06-12 10:00:00,655.5911352460669,654.0
2025-06-13 11:00:00,2025-06-12 11:00:00,804.3128330609256,820.0
2025-06-13 12:00:00,2025-06-12 12:00:00,910.2711972229063,930.0
2025-06-13 13:00:00,2025-06-12 13:00:00,947.6523877915181,980.0
2025-06-13 14:00:00,2025-06-12 14:00:00,952.8114594520515,969.0
2025-06-13 15:00:00,2025-06-12 15:00:00,895.2439016780029,901.0
2025-06-13 16:00:00,2025-06-12 16:00:00,750.3825103396936,779.0
2025-06-13 17:00:00,2025-06-12 17:00:00,599.6726024308066,613.0
2025-06-13 18:00:00,2025-06-12 18:00:00,414.49587224908316,415.0
2025-06-13 19:00:00,2025-06-12 19:00:00,219.12200225102555,223.0
2025-06-13 20:00:00,2025-06-12 20:00:00,52.39286183905322,66.0
2025-06-13 21:00:00,2025-06-12 21:00:00,0.3850976698766657,0.0
2025-06-13 22:00:00,2025-06-12 22:00:00,0.3850976698766657,0.0
2025-06-13 23:00:00,2025-06-12 23:00:00,0.3850976698766657,0.0
2025-06-14 00:00:00,2025-06-13 00:00:00,0.3475880553609044,0.0
2025-06-14 01:00:00,2025-06-13 01:00:00,0.3475880553609044,0.0
2025-06-14 02:00:00,2025-06-13 02:00:00,0.3475880553609044,0.0
2025-06-14 03:00:00,2025-06-13 03:00:00,0.3475880553609044,0.0
2025-06-14 04:00:00,2025-06-13 04:00:00,0.3475880553609044,0.0
2025-06-14 05:00:00,2025-06-13 05:00:00,0.3579469891084219,0.0
2025-06-14 06:00:00,2025-06-13 06:00:00,3.7199369229099384,8.0
2025-06-14 07:00:00,2025-06-13 07:00:00,91.03622046501081,125.0
2025-06-14 08:00:00,2025-06-13 08:00:00,274.18406110056833,284.0
2025-06-14 09:00:00,2025-06-13 09:00:00,472.36062695588583,462.0
2025-06-14 10:00:00,2025-06-13 10:00:00,645.0794966232019,654.0
2025-06-14 11:00:00,2025-06-13 11:00:00,805.1600190536061,823.0
2025-06-14 12:00:00,2025-06-13 12:00:00,919.9156436717614,934.0
2025-06-14 13:00:00,2025-06-13 13:00:00,953.139632845342,985.0
2025-06-14 14:00:00,2025-06-13 14:00:00,945.513381290285,972.0
2025-06-14 15:00:00,2025-06-13 15:00:00,884.1251388736015,900.0
2025-06-14 16:00:00,2025-06-13 16:00:00,771.6445258514739,775.0
2025-06-14 17:00:00,2025-06-13 17:00:00,603.8023382308658,608.0
2025-06-14 18:00:00,2025-06-13 18:00:00,407.1217373296304,413.0
2025-06-14 19:00:00,2025-06-13 19:00:00,211.17139172594764,224.0
2025-06-14 20:00:00,2025-06-13 20:00:00,47.467745943025186,68.0
2025-06-14 21:00:00,2025-06-13 21:00:00,0.3850976698766657,0.0
2025-06-14 22:00:00,2025-06-13 22:00:00,0.3850976698766657,0.0
2025-06-14 23:00:00,2025-06-13 23:00:00,0.3850976698766657,0.0
2025-06-15 00:00:00,2025-06-14 00:00:00,0.3475880553609044,0.0
2025-06-15 01:00:00,2025-06-14 01:00:00,0.3475880553609044,0.0
2025-06-15 02:00:00,2025-06-14 02:00:00,0.3579469891084219,0.0
2025-06-15 03:00:00,2025-06-14 03:00:00,0.3475880553609044,0.0
2025-06-15 04:00:00,2025-06-14 04:00:00,0.3579469891084219,0.0
2025-06-15 05:00:00,2025-06-14 05:00:00,0.3579469891084219,0.0
2025-06-15 06:00:00,2025-06-14 06:00:00,4.595147037011506,8.0
2025-06-15 07:00:00,2025-06-14 07:00:00,88.32251131511252,125.0
2025-06-15 08:00:00,2025-06-14 08:00:00,262.84143214036965,284.0
2025-06-15 09:00:00,2025-06-14 09:00:00,465.8752924343028,464.0
2025-06-15 10:00:00,2025-06-14 10:00:00,646.8951722209197,659.0
2025-06-15 11:00:00,2025-06-14 11:00:00,818.487601544639,831.0
2025-06-15 12:00:00,2025-06-14 12:00:00,915.8577867869529,942.0
2025-06-15 13:00:00,2025-06-14 13:00:00,922.7449538489685,990.0
2025-06-15 14:00:00,2025-06-14 14:00:00,919.9838536662792,976.0
2025-06-15 15:00:00,2025-06-14 15:00:00,883.5440144697765,907.0
2025-06-15 16:00:00,2025-06-14 16:00:00,771.5879768418114,786.0
2025-06-15 17:00:00,2025-06-14 17:00:00,600.4409661506135,619.0
2025-06-15 18:00:00,2025-06-14 18:00:00,411.8639160489889,421.0
2025-06-15 19:00:00,2025-06-14 19:00:00,215.54611828828425,228.0
2025-06-15 20:00:00,2025-06-14 20:00:00,52.86805451167703,69.0
2025-06-15 21:00:00,2025-06-14 21:00:00,0.3850976698766657,0.0
2025-06-15 22:00:00,2025-06-14 22:00:00,0.3850976698766657,0.0
2025-06-15 23:00:00,2025-06-14 23:00:00,0.3850976698766657,0.0
2025-06-16 00:00:00,2025-06-15 00:00:00,0.3475880553609044,0.0
2025-06-16 01:00:00,2025-06-15 01:00:00,0.3475880553609044,0.0
2025-06-16 02:00:00,2025-06-15 02:00:00,0.3475880553609044,0.0
2025-06-16 03:00:00,2025-06-15 03:00:00,0.3475880553609044,0.0
2025-06-16 04:00:00,2025-06-15 04:00:00,0.3475880553609044,0.0
2025-06-16 05:00:00,2025-06-15 05:00:00,0.3475880553609044,0.0
2025-06-16 06:00:00,2025-06-15 06:00:00,4.091292839909396,8.0
2025-06-16 07:00:00,2025-06-15 07:00:00,88.32972657733963,128.0
2025-06-16 08:00:00,2025-06-15 08:00:00,270.886114937123,289.0
2025-06-16 09:00:00,2025-06-15 09:00:00,478.7464695857769,465.0
2025-06-16 10:00:00,2025-06-15 10:00:00,657.9802691295075,647.0
2025-06-16 11:00:00,2025-06-15 11:00:00,806.7845030128098,804.0
2025-06-16 12:00:00,2025-06-15 12:00:00,909.0253826405315,908.0
2025-06-16 13:00:00,2025-06-15 13:00:00,941.6552106858526,954.0
2025-06-16 14:00:00,2025-06-15 14:00:00,927.6676882835159,940.0
2025-06-16 15:00:00,2025-06-15 15:00:00,873.1765620551589,873.0
2025-06-16 16:00:00,2025-06-15 16:00:00,754.5677601208616,755.0
2025-06-16 17:00:00,2025-06-15 17:00:00,596.7156314112552,595.0
2025-06-16 18:00:00,2025-06-15 18:00:00,402.2613337307842,404.0
2025-06-16 19:00:00,2025-06-15 19:00:00,215.13994699396352,219.0
2025-06-16 20:00:00,2025-06-15 20:00:00,53.25716507787882,67.0
2025-06-16 21:00:00,2025-06-15 21:00:00,0.3850976698766657,0.0
2025-06-16 22:00:00,2025-06-15 22:00:00,0.3850976698766657,0.0
2025-06-16 23:00:00,2025-06-15 23:00:00,0.3850976698766657,0.0
2025-06-17 00:00:00,2025-06-16 00:00:00,0.3475880553609044,0.0
2025-06-17 01:00:00,2025-06-16 01:00:00,0.3475880553609044,0.0
2025-06-17 02:00:00,2025-06-16 02:00:00,0.3475880553609044,0.0
2025-06-17 03:00:00,2025-06-16 03:00:00,0.3475880553609044,0.0
2025-06-17 04:00:00,2025-06-16 04:00:00,0.3475880553609044,0.0
2025-06-17 05:00:00,2025-06-16 05:00:00,0.3475880553609044,0.0
2025-06-17 06:00:00,2025-06-16 06:00:00,4.119954364387696,8.0
2025-06-17 07:00:00,2025-06-16 07:00:00,99.89101602239523,130.0
2025-06-17 08:00:00,2025-06-16 08:00:00,272.3573380560591,295.0
2025-06-17 09:00:00,2025-06-16 09:00:00,488.72565621754677,476.0
2025-06-17 10:00:00,2025-06-16 10:00:00,667.2791228468117,664.0
2025-06-17 11:00:00,2025-06-16 11:00:00,834.2002185341502,823.0
2025-06-17 12:00:00,2025-06-16 12:00:00,919.400209424329,915.0
2025-06-17 13:00:00,2025-06-16 13:00:00,949.901974429514,942.0
2025-06-17 14:00:00,2025-06-16 14:00:00,943.4965457708349,917.0
2025-06-17 15:00:00,2025-06-16 15:00:00,900.5530221765638,855.0
2025-06-17 16:00:00,2025-06-16 16:00:00,750.1742388691931,749.0
2025-06-17 17:00:00,2025-06-16 17:00:00,615.5749294170331,597.0
2025-06-17 18:00:00,2025-06-16 18:00:00,412.220219251152,408.0
2025-06-17 19:00:00,2025-06-16 19:00:00,217.87657466976955,222.0
2025-06-17 20:00:00,2025-06-16 20:00:00,53.85000504130705,69.0
2025-06-17 21:00:00,2025-06-16 21:00:00,0.3850976698766657,0.0
2025-06-17 22:00:00,2025-06-16 22:00:00,0.3850976698766657,0.0
2025-06-17 23:00:00,2025-06-16 23:00:00,0.3850976698766657,0.0
2025-06-18 00:00:00,2025-06-17 00:00:00,0.3475880553609044,0.0
2025-06-18 01:00:00,2025-06-17 01:00:00,0.3475880553609044,0.0
2025-06-18 02:00:00,2025-06-17 02:00:00,0.3475880553609044,0.0
2025-06-18 03:00:00,2025-06-17 03:00:00,0.3475880553609044,0.0
2025-06-18 04:00:00,2025-06-17 04:00:00,0.3475880553609044,0.0
2025-06-18 05:00:00,2025-06-17 05:00:00,0.3475880553609044,0.0
2025-06-18 06:00:00,2025-06-17 06:00:00,4.119954364387696,8.0
2025-06-18 07:00:00,2025-06-17 07:00:00,98.12517077716826,129.0
2025-06-18 08:00:00,2025-06-17 08:00:00,283.37934015306973,294.0
2025-06-18 09:00:00,2025-06-17 09:00:00,501.17007676612553,474.0
2025-06-18 10:00:00,2025-06-17 10:00:00,675.4650400066292,662.0
2025-06-18 11:00:00,2025-06-17 11:00:00,836.5617101568665,826.0
2025-06-18 12:00:00,2025-06-17 12:00:00,939.2003519929594,934.0
2025-06-18 13:00:00,2025-06-17 13:00:00,949.8048560783677,983.0
2025-06-18 14:00:00,2025-06-17 14:00:00,951.5658756163417,971.0
2025-06-18 15:00:00,2025-06-17 15:00:00,896.4475992619371,903.0
2025-06-18 16:00:00,2025-06-17 16:00:00,767.4609695817962,783.0
2025-06-18 17:00:00,2025-06-17 17:00:00,614.1338319914049,618.0
2025-06-18 18:00:00,2025-06-17 18:00:00,415.8166943377811,421.0
2025-06-18 19:00:00,2025-06-17 19:00:00,220.32398312607373,230.0
2025-06-18 20:00:00,2025-06-17 20:00:00,55.11918381942008,71.0
2025-06-18 21:00:00,2025-06-17 21:00:00,0.7265740972400268,0.0
2025-06-18 22:00:00,2025-06-17 22:00:00,0.3850976698766657,0.0
2025-06-18 23:00:00,2025-06-17 23:00:00,0.3850976698766657,0.0
2025-06-19 00:00:00,2025-06-18 00:00:00,0.3475880553609044,0.0
2025-06-19 01:00:00,2025-06-18 01:00:00,0.3475880553609044,0.0
2025-06-19 02:00:00,2025-06-18 02:00:00,0.3475880553609044,0.0
2025-06-19 03:00:00,2025-06-18 03:00:00,0.3475880553609044,0.0
2025-06-19 04:00:00,2025-06-18 04:00:00,0.3475880553609044,0.0
2025-06-19 05:00:00,2025-06-18 05:00:00,0.11534722355802624,0.0
2025-06-19 06:00:00,2025-06-18 06:00:00,4.150540977049326,8.0
2025-06-19 07:00:00,2025-06-18 07:00:00,98.15575738982989,129.0
2025-06-19 08:00:00,2025-06-18 08:00:00,284.11093625079525,293.0
2025-06-19 09:00:00,2025-06-18 09:00:00,503.9611882019728,474.0
2025-06-19 10:00:00,2025-06-18 10:00:00,663.259202096249,664.0
2025-06-19 11:00:00,2025-06-18 11:00:00,838.4293377228014,829.0
2025-06-19 12:00:00,2025-06-18 12:00:00,929.9607884360045,937.0
2025-06-19 13:00:00,2025-06-18 13:00:00,956.1513462231705,986.0
2025-06-19 14:00:00,2025-06-18 14:00:00,956.1513462231705,973.0
2025-06-19 15:00:00,2025-06-18 15:00:00,904.7154896849379,905.0
2025-06-19 16:00:00,2025-06-18 16:00:00,775.2326895865805,785.0
2025-06-19 17:00:00,2025-06-18 17:00:00,605.4617389680944,619.0
2025-06-19 18:00:00,2025-06-18 18:00:00,415.58218851591147,422.0
2025-06-19 19:00:00,2025-06-18 19:00:00,221.80767839599432,230.0
2025-06-19 20:00:00,2025-06-18 20:00:00,54.913245663639806,71.0
2025-06-19 21:00:00,2025-06-18 21:00:00,0.3850976698766657,0.0
2025-06-19 22:00:00,2025-06-18 22:00:00,0.3850976698766657,0.0
2025-06-19 23:00:00,2025-06-18 23:00:00,0.3850976698766657,0.0
2025-06-20 00:00:00,2025-06-19 00:00:00,0.3475880553609044,0.0
2025-06-20 01:00:00,2025-06-19 01:00:00,0.3475880553609044,0.0
2025-06-20 02:00:00,2025-06-19 02:00:00,0.3475880553609044,0.0
2025-06-20 03:00:00,2025-06-19 03:00:00,0.3475880553609044,0.0
2025-06-20 04:00:00,2025-06-19 04:00:00,0.3475880553609044,0.0
2025-06-20 05:00:00,2025-06-19 05:00:00,0.3475880553609044,0.0
2025-06-20 06:00:00,2025-06-19 06:00:00,4.119954364387696,7.0
2025-06-20 07:00:00,2025-06-19 07:00:00,99.03751245675937,126.0
2025-06-20 08:00:00,2025-06-19 08:00:00,288.27047127917325,289.0
2025-06-20 09:00:00,2025-06-19 09:00:00,490.9606792831579,468.0
2025-06-20 10:00:00,2025-06-19 10:00:00,657.9250301200676,657.0
2025-06-20 11:00:00,2025-06-19 11:00:00,838.3189035078395,823.0
2025-06-20 12:00:00,2025-06-19 12:00:00,930.0661939818451,932.0
2025-06-20 13:00:00,2025-06-19 13:00:00,954.0247279721469,982.0
2025-06-20 14:00:00,2025-06-19 14:00:00,944.9719136516642,971.0
2025-06-20 15:00:00,2025-06-19 15:00:00,897.276333984381,903.0
2025-06-20 16:00:00,2025-06-19 16:00:00,776.9088008304042,782.0
2025-06-20 17:00:00,2025-06-19 17:00:00,603.5173773531538,616.0
2025-06-20 18:00:00,2025-06-19 18:00:00,414.87866622494516,418.0
2025-06-20 19:00:00,2025-06-19 19:00:00,219.72867721351895,226.0
2025-06-20 20:00:00,2025-06-19 20:00:00,54.661882127574934,70.0
2025-06-20 21:00:00,2025-06-19 21:00:00,0.3850976698766657,0.0
2025-06-20 22:00:00,2025-06-19 22:00:00,0.3850976698766657,0.0
2025-06-20 23:00:00,2025-06-19 23:00:00,0.3850976698766657,0.0
2025-06-21 00:00:00,2025-06-20 00:00:00,0.3475880553609044,0.0
2025-06-21 01:00:00,2025-06-20 01:00:00,0.3475880553609044,0.0
2025-06-21 02:00:00,2025-06-20 02:00:00,0.3475880553609044,0.0
2025-06-21 03:00:00,2025-06-20 03:00:00,0.3475880553609044,0.0
2025-06-21 04:00:00,2025-06-20 04:00:00,0.3475880553609044,0.0
2025-06-21 05:00:00,2025-06-20 05:00:00,0.3475880553609044,0.0
2025-06-21 06:00:00,2025-06-20 06:00:00,4.119954364387696,7.0
2025-06-21 07:00:00,2025-06-20 07:00:00,94.21324561852798,126.0
2025-06-21 08:00:00,2025-06-20 08:00:00,278.9819929515297,289.0
2025-06-21 09:00:00,2025-06-20 09:00:00,486.6019079477876,468.0
2025-06-21 10:00:00,2025-06-20 10:00:00,659.9317827714704,657.0
2025-06-21 11:00:00,2025-06-20 11:00:00,822.6230971808307,822.0
2025-06-21 12:00:00,2025-06-20 12:00:00,913.400902865868,931.0
2025-06-21 13:00:00,2025-06-20 13:00:00,944.0510267400704,981.0
2025-06-21 14:00:00,2025-06-20 14:00:00,943.3976038778823,970.0
2025-06-21 15:00:00,2025-06-20 15:00:00,894.1784871666002,903.0
2025-06-21 16:00:00,2025-06-20 16:00:00,777.7397359825176,783.0
2025-06-21 17:00:00,2025-06-20 17:00:00,606.2920233936321,618.0
2025-06-21 18:00:00,2025-06-20 18:00:00,417.46131135861884,420.0
2025-06-21 19:00:00,2025-06-20 19:00:00,218.7676475271597,228.0
2025-06-21 20:00:00,2025-06-20 20:00:00,54.63595313817481,71.0
2025-06-21 21:00:00,2025-06-20 21:00:00,0.3850976698766657,0.0
2025-06-21 22:00:00,2025-06-20 22:00:00,0.3850976698766657,0.0
2025-06-21 23:00:00,2025-06-20 23:00:00,0.3850976698766657,0.0
2025-06-22 00:00:00,2025-06-21 00:00:00,0.3475880553609044,0.0
2025-06-22 01:00:00,2025-06-21 01:00:00,0.3475880553609044,0.0
2025-06-22 02:00:00,2025-06-21 02:00:00,0.3475880553609044,0.0
2025-06-22 03:00:00,2025-06-21 03:00:00,0.3579469891084219,0.0
2025-06-22 04:00:00,2025-06-21 04:00:00,0.3579469891084219,0.0
2025-06-22 05:00:00,2025-06-21 05:00:00,0.3579469891084219,0.0
2025-06-22 06:00:00,2025-06-21 06:00:00,3.2497145105855845,7.0
2025-06-22 07:00:00,2025-06-21 07:00:00,91.03622046501081,126.0
2025-06-22 08:00:00,2025-06-21 08:00:00,274.2974457552601,289.0
2025-06-22 09:00:00,2025-06-21 09:00:00,484.6399244593971,467.0
2025-06-22 10:00:00,2025-06-21 10:00:00,655.4056899133484,653.0
2025-06-22 11:00:00,2025-06-21 11:00:00,808.7181512727537,815.0
2025-06-22 12:00:00,2025-06-21 12:00:00,914.0450285605374,921.0
2025-06-22 13:00:00,2025-06-21 13:00:00,929.73561612097,968.0
2025-06-22 14:00:00,2025-06-21 14:00:00,924.780925867508,955.0
2025-06-22 15:00:00,2025-06-21 15:00:00,884.7842689885773,886.0
2025-06-22 16:00:00,2025-06-21 16:00:00,782.302903813911,767.0
2025-06-22 17:00:00,2025-06-21 17:00:00,601.3836728240819,605.0
2025-06-22 18:00:00,2025-06-21 18:00:00,418.3139271893536,413.0
2025-06-22 19:00:00,2025-06-21 19:00:00,218.22222862736942,226.0
2025-06-22 20:00:00,2025-06-21 20:00:00,54.913245663639806,71.0
2025-06-22 21:00:00,2025-06-21 21:00:00,0.3850976698766657,0.0
2025-06-22 22:00:00,2025-06-21 22:00:00,0.3850976698766657,0.0
2025-06-22 23:00:00,2025-06-21 23:00:00,0.3850976698766657,0.0
2025-06-23 00:00:00,2025-06-22 00:00:00,0.3475880553609044,0.0
2025-06-23 01:00:00,2025-06-22 01:00:00,0.3475880553609044,0.0
2025-06-23 02:00:00,2025-06-22 02:00:00,0.3475880553609044,0.0
2025-06-23 03:00:00,2025-06-22 03:00:00,0.3475880553609044,0.0
2025-06-23 04:00:00,2025-06-22 04:00:00,0.3475880553609044,0.0
2025-06-23 05:00:00,2025-06-22 05:00:00,0.3475880553609044,0.0
2025-06-23 06:00:00,2025-06-22 06:00:00,3.097057585444129,7.0
2025-06-23 07:00:00,2025-06-22 07:00:00,90.76768817757723,123.0
2025-06-23 08:00:00,2025-06-22 08:00:00,276.84214600800664,283.0
2025-06-23 09:00:00,2025-06-22 09:00:00,463.61830454032525,461.0
2025-06-23 10:00:00,2025-06-22 10:00:00,646.4979420849024,649.0
2025-06-23 11:00:00,2025-06-22 11:00:00,800.8406996999579,808.0
2025-06-23 12:00:00,2025-06-22 12:00:00,910.8016578498375,896.0
2025-06-23 13:00:00,2025-06-22 13:00:00,930.8305689489429,916.0
2025-06-23 14:00:00,2025-06-22 14:00:00,917.4813754921108,887.0
2025-06-23 15:00:00,2025-06-22 15:00:00,870.7793571043633,827.0
2025-06-23 16:00:00,2025-06-22 16:00:00,758.3473496909802,726.0
2025-06-23 17:00:00,2025-06-22 17:00:00,602.7735403564137,581.0
2025-06-23 18:00:00,2025-06-22 18:00:00,415.9037733541868,401.0
2025-06-23 19:00:00,2025-06-22 19:00:00,221.9671212141619,223.0
2025-06-23 20:00:00,2025-06-22 20:00:00,54.913245663639806,72.0
2025-06-23 21:00:00,2025-06-22 21:00:00,0.3850976698766657,0.0
2025-06-23 22:00:00,2025-06-22 22:00:00,0.3850976698766657,0.0
2025-06-23 23:00:00,2025-06-22 23:00:00,0.3850976698766657,0.0
2025-06-24 00:00:00,2025-06-23 00:00:00,0.3475880553609044,0.0
2025-06-24 01:00:00,2025-06-23 01:00:00,0.3475880553609044,0.0
2025-06-24 02:00:00,2025-06-23 02:00:00,0.3475880553609044,0.0
2025-06-24 03:00:00,2025-06-23 03:00:00,0.3475880553609044,0.0
2025-06-24 04:00:00,2025-06-23 04:00:00,0.3475880553609044,0.0
2025-06-24 05:00:00,2025-06-23 05:00:00,0.3475880553609044,0.0
2025-06-24 06:00:00,2025-06-23 06:00:00,3.097057585444129,7.0
2025-06-24 07:00:00,2025-06-23 07:00:00,96.49330065443004,125.0
2025-06-24 08:00:00,2025-06-23 08:00:00,273.9618979162237,289.0
2025-06-24 09:00:00,2025-06-23 09:00:00,498.5438610006292,469.0
2025-06-24 10:00:00,2025-06-23 10:00:00,661.7996867073075,659.0
2025-06-24 11:00:00,2025-06-23 11:00:00,830.6482385928666,822.0
2025-06-24 12:00:00,2025-06-23 12:00:00,917.9108451094339,922.0
2025-06-24 13:00:00,2025-06-23 13:00:00,948.0750652565658,958.0
2025-06-24 14:00:00,2025-06-23 14:00:00,948.0750652565658,939.0
2025-06-24 15:00:00,2025-06-23 15:00:00,892.7295631413923,876.0
2025-06-24 16:00:00,2025-06-23 16:00:00,757.4607787172292,766.0
2025-06-24 17:00:00,2025-06-23 17:00:00,623.0488263522121,610.0
2025-06-24 18:00:00,2025-06-23 18:00:00,417.32644058570094,419.0
2025-06-24 19:00:00,2025-06-23 19:00:00,223.63371464543732,232.0
2025-06-24 20:00:00,2025-06-23 20:00:00,56.980038322523605,74.0
2025-06-24 21:00:00,2025-06-23 21:00:00,0.750478643824511,0.0
2025-06-24 22:00:00,2025-06-23 22:00:00,0.7265740972400268,0.0
2025-06-24 23:00:00,2025-06-23 23:00:00,0.3850976698766657,0.0
2025-06-25 00:00:00,2025-06-24 00:00:00,0.3475880553609044,0.0
2025-06-25 01:00:00,2025-06-24 01:00:00,0.3475880553609044,0.0
2025-06-25 02:00:00,2025-06-24 02:00:00,0.3475880553609044,0.0
2025-06-25 03:00:00,2025-06-24 03:00:00,0.3475880553609044,0.0
2025-06-25 04:00:00,2025-06-24 04:00:00,0.3475880553609044,0.0
2025-06-25 05:00:00,2025-06-24 05:00:00,0.11534722355802624,0.0
2025-06-25 06:00:00,2025-06-24 06:00:00,2.9845018806336028,6.0
2025-06-25 07:00:00,2025-06-24 07:00:00,91.4439224065776,125.0
2025-06-25 08:00:00,2025-06-24 08:00:00,279.1532712289297,291.0
2025-06-25 09:00:00,2025-06-24 09:00:00,490.4904612747897,473.0
2025-06-25 10:00:00,2025-06-24 10:00:00,660.5130289169882,664.0
2025-06-25 11:00:00,2025-06-24 11:00:00,817.9955067049352,830.0
2025-06-25 12:00:00,2025-06-24 12:00:00,933.1845338143526,940.0
2025-06-25 13:00:00,2025-06-24 13:00:00,956.1611648783083,989.0
2025-06-25 14:00:00,2025-06-24 14:00:00,956.1611648783083,977.0
2025-06-25 15:00:00,2025-06-24 15:00:00,898.1327667063948,908.0
2025-06-25 16:00:00,2025-06-24 16:00:00,770.2081878365275,786.0
2025-06-25 17:00:00,2025-06-24 17:00:00,597.4523688362136,620.0
2025-06-25 18:00:00,2025-06-24 18:00:00,413.32726525281436,423.0
2025-06-25 19:00:00,2025-06-24 19:00:00,219.6641800523655,231.0
2025-06-25 20:00:00,2025-06-24 20:00:00,55.970601280561546,73.0
2025-06-25 21:00:00,2025-06-24 21:00:00,0.3850976698766657,0.0
2025-06-25 22:00:00,2025-06-24 22:00:00,0.3850976698766657,0.0
2025-06-25 23:00:00,2025-06-24 23:00:00,0.3850976698766657,0.0
2025-06-26 00:00:00,2025-06-25 00:00:00,0.3475880553609044,0.0
2025-06-26 01:00:00,2025-06-25 01:00:00,0.3475880553609044,0.0
2025-06-26 02:00:00,2025-06-25 02:00:00,0.3475880553609044,0.0
2025-06-26 03:00:00,2025-06-25 03:00:00,0.3475880553609044,0.0
2025-06-26 04:00:00,2025-06-25 04:00:00,0.3475880553609044,0.0
2025-06-26 05:00:00,2025-06-25 05:00:00,0.11534722355802624,0.0
2025-06-26 06:00:00,2025-06-25 06:00:00,3.1276441981057586,6.0
2025-06-26 07:00:00,2025-06-25 07:00:00,91.61682205656133,123.0
2025-06-26 08:00:00,2025-06-25 08:00:00,275.6998499366143,287.0
2025-06-26 09:00:00,2025-06-25 09:00:00,481.96687300838505,467.0
2025-06-26 10:00:00,2025-06-25 10:00:00,658.5574272794655,657.0
2025-06-26 11:00:00,2025-06-25 11:00:00,823.0826645746648,822.0
2025-06-26 12:00:00,2025-06-25 12:00:00,917.0817626309602,931.0
2025-06-26 13:00:00,2025-06-25 13:00:00,952.1889395343453,980.0
2025-06-26 14:00:00,2025-06-25 14:00:00,944.237418100932,968.0
2025-06-26 15:00:00,2025-06-25 15:00:00,891.9609032826401,900.0
2025-06-26 16:00:00,2025-06-25 16:00:00,776.2372702877202,780.0
2025-06-26 17:00:00,2025-06-25 17:00:00,605.7250855673811,616.0
2025-06-26 18:00:00,2025-06-25 18:00:00,426.15407742338215,421.0
2025-06-26 19:00:00,2025-06-25 19:00:00,221.9671212141619,231.0
2025-06-26 20:00:00,2025-06-25 20:00:00,55.605220306613695,73.0
2025-06-26 21:00:00,2025-06-25 21:00:00,0.3850976698766657,0.0
2025-06-26 22:00:00,2025-06-25 22:00:00,0.3850976698766657,0.0
2025-06-26 23:00:00,2025-06-25 23:00:00,0.3850976698766657,0.0
2025-06-27 00:00:00,2025-06-26 00:00:00,0.3475880553609044,0.0
2025-06-27 01:00:00,2025-06-26 01:00:00,0.3475880553609044,0.0
2025-06-27 02:00:00,2025-06-26 02:00:00,0.3475880553609044,0.0
2025-06-27 03:00:00,2025-06-26 03:00:00,0.3475880553609044,0.0
2025-06-27 04:00:00,2025-06-26 04:00:00,0.3475880553609044,0.0
2025-06-27 05:00:00,2025-06-26 05:00:00,0.3475880553609044,0.0
2025-06-27 06:00:00,2025-06-26 06:00:00,2.311287735156539,6.0
2025-06-27 07:00:00,2025-06-26 07:00:00,90.17674326020254,121.0
2025-06-27 08:00:00,2025-06-26 08:00:00,274.99638979881667,283.0
2025-06-27 09:00:00,2025-06-26 09:00:00,474.2296122180223,462.0
2025-06-27 10:00:00,2025-06-26 10:00:00,659.2993856120725,651.0
2025-06-27 11:00:00,2025-06-26 11:00:00,813.5598680871379,813.0
2025-06-27 12:00:00,2025-06-26 12:00:00,919.1280886416861,911.0
2025-06-27 13:00:00,2025-06-26 13:00:00,944.9719136516642,944.0
2025-06-27 14:00:00,2025-06-26 14:00:00,944.9719136516642,923.0
2025-06-27 15:00:00,2025-06-26 15:00:00,886.5881032274905,857.0
2025-06-27 16:00:00,2025-06-26 16:00:00,776.9088008304042,745.0
2025-06-27 17:00:00,2025-06-26 17:00:00,607.2770642864749,590.0
2025-06-27 18:00:00,2025-06-26 18:00:00,414.8822731968924,404.0
2025-06-27 19:00:00,2025-06-26 19:00:00,221.80767839599432,222.0
2025-06-27 20:00:00,2025-06-26 20:00:00,57.6720129654975,71.0
2025-06-27 21:00:00,2025-06-26 21:00:00,0.3850976698766657,0.0
2025-06-27 22:00:00,2025-06-26 22:00:00,0.3850976698766657,0.0
2025-06-27 23:00:00,2025-06-26 23:00:00,0.3850976698766657,0.0
2025-06-28 00:00:00,2025-06-27 00:00:00,0.3475880553609044,0.0
2025-06-28 01:00:00,2025-06-27 01:00:00,0.3475880553609044,0.0
2025-06-28 02:00:00,2025-06-27 02:00:00,0.3475880553609044,0.0
2025-06-28 03:00:00,2025-06-27 03:00:00,0.3475880553609044,0.0
2025-06-28 04:00:00,2025-06-27 04:00:00,0.335623173957172,0.0
2025-06-28 05:00:00,2025-06-27 05:00:00,0.335623173957172,0.0
2025-06-28 06:00:00,2025-06-27 06:00:00,3.1276441981057586,6.0
2025-06-28 07:00:00,2025-06-27 07:00:00,91.9323896801734,120.0
2025-06-28 08:00:00,2025-06-27 08:00:00,267.5368684603425,282.0
2025-06-28 09:00:00,2025-06-27 09:00:00,477.23880710370514,460.0
2025-06-28 10:00:00,2025-06-27 10:00:00,656.6050439296185,647.0
2025-06-28 11:00:00,2025-06-27 11:00:00,811.1904491890366,810.0
2025-06-28 12:00:00,2025-06-27 12:00:00,910.976565103689,919.0
2025-06-28 13:00:00,2025-06-27 13:00:00,956.106351166415,968.0
2025-06-28 14:00:00,2025-06-27 14:00:00,954.4804939152449,958.0
2025-06-28 15:00:00,2025-06-27 15:00:00,902.1353063557796,892.0
2025-06-28 16:00:00,2025-06-27 16:00:00,760.861937414681,775.0
2025-06-28 17:00:00,2025-06-27 17:00:00,623.0488263522121,613.0
2025-06-28 18:00:00,2025-06-27 18:00:00,417.8838118381302,419.0
2025-06-28 19:00:00,2025-06-27 19:00:00,223.65365794181602,230.0
2025-06-28 20:00:00,2025-06-27 20:00:00,57.6720129654975,74.0
2025-06-28 21:00:00,2025-06-27 21:00:00,0.3850976698766657,0.0
2025-06-28 22:00:00,2025-06-27 22:00:00,0.3850976698766657,0.0
2025-06-28 23:00:00,2025-06-27 23:00:00,0.3850976698766657,0.0
2025-06-29 00:00:00,2025-06-28 00:00:00,0.3475880553609044,0.0
2025-06-29 01:00:00,2025-06-28 01:00:00,0.3475880553609044,0.0
2025-06-29 02:00:00,2025-06-28 02:00:00,0.3475880553609044,0.0
2025-06-29 03:00:00,2025-06-28 03:00:00,0.3475880553609044,0.0
2025-06-29 04:00:00,2025-06-28 04:00:00,0.335623173957172,0.0
2025-06-29 05:00:00,2025-06-28 05:00:00,0.335623173957172,0.0
2025-06-29 06:00:00,2025-06-28 06:00:00,3.3914338471206484,5.0
2025-06-29 07:00:00,2025-06-28 07:00:00,87.58295808679597,116.0
2025-06-29 08:00:00,2025-06-28 08:00:00,261.97885559949134,275.0
2025-06-29 09:00:00,2025-06-28 09:00:00,471.17140224295673,452.0
2025-06-29 10:00:00,2025-06-28 10:00:00,642.5996698451513,642.0
2025-06-29 11:00:00,2025-06-28 11:00:00,789.307892968457,809.0
2025-06-29 12:00:00,2025-06-28 12:00:00,900.3553229874923,919.0
2025-06-29 13:00:00,2025-06-28 13:00:00,945.3305752876232,967.0
2025-06-29 14:00:00,2025-06-28 14:00:00,936.4379743382295,956.0
2025-06-29 15:00:00,2025-06-28 15:00:00,882.7545555924029,891.0
2025-06-29 16:00:00,2025-06-28 16:00:00,755.7669693552914,774.0
2025-06-29 17:00:00,2025-06-28 17:00:00,604.5180173422254,612.0
2025-06-29 18:00:00,2025-06-28 18:00:00,418.99494441904034,418.0
2025-06-29 19:00:00,2025-06-28 19:00:00,218.67479704280288,228.0
2025-06-29 20:00:00,2025-06-28 20:00:00,56.06566340429421,73.0
2025-06-29 21:00:00,2025-06-28 21:00:00,0.39545660362418317,0.0
2025-06-29 22:00:00,2025-06-28 22:00:00,0.39545660362418317,0.0
2025-06-29 23:00:00,2025-06-28 23:00:00,0.39545660362418317,0.0
2025-06-30 00:00:00,2025-06-29 00:00:00,0.3579469891084219,0.0
2025-06-30 01:00:00,2025-06-29 01:00:00,0.3579469891084219,0.0
2025-06-30 02:00:00,2025-06-29 02:00:00,0.3579469891084219,0.0
2025-06-30 03:00:00,2025-06-29 03:00:00,0.3579469891084219,0.0
2025-06-30 04:00:00,2025-06-29 04:00:00,0.3475880553609044,0.0
2025-06-30 05:00:00,2025-06-29 05:00:00,0.3579469891084219,0.0
2025-06-30 06:00:00,2025-06-29 06:00:00,3.411105642515857,5.0
2025-06-30 07:00:00,2025-06-29 07:00:00,84.17233747275151,116.0
2025-06-30 08:00:00,2025-06-29 08:00:00,250.40643720984858,276.0
2025-06-30 09:00:00,2025-06-29 09:00:00,473.08041779398127,454.0
2025-06-30 10:00:00,2025-06-29 10:00:00,644.2164467346611,643.0
2025-06-30 11:00:00,2025-06-29 11:00:00,801.8663206439977,806.0
2025-06-30 12:00:00,2025-06-29 12:00:00,909.336155301814,907.0
2025-06-30 13:00:00,2025-06-29 13:00:00,938.62415110652,943.0
2025-06-30 14:00:00,2025-06-29 14:00:00,940.676200206465,923.0
2025-06-30 15:00:00,2025-06-29 15:00:00,887.6706964594048,856.0
2025-06-30 16:00:00,2025-06-29 16:00:00,762.3236425436407,743.0
2025-06-30 17:00:00,2025-06-29 17:00:00,608.4398369859043,588.0
2025-06-30 18:00:00,2025-06-29 18:00:00,421.2907375098625,403.0
2025-06-30 19:00:00,2025-06-29 19:00:00,222.81848516608204,222.0
2025-06-30 20:00:00,2025-06-29 20:00:00,55.594174075550896,71.0
2025-06-30 21:00:00,2025-06-29 21:00:00,0.3850976698766657,0.0
2025-06-30 22:00:00,2025-06-29 22:00:00,0.3850976698766657,0.0
2025-06-30 23:00:00,2025-06-29 23:00:00,0.3850976698766657,0.0
2025-07-01 00:00:00,2025-06-30 00:00:00,0.3475880553609044,0.0
2025-07-01 01:00:00,2025-06-30 01:00:00,0.3475880553609044,0.0
2025-07-01 02:00:00,2025-06-30 02:00:00,0.3475880553609044,0.0
2025-07-01 03:00:00,2025-06-30 03:00:00,0.3475880553609044,0.0
2025-07-01 04:00:00,2025-06-30 04:00:00,0.3475880553609044,0.0
2025-07-01 05:00:00,2025-06-30 05:00:00,0.3475880553609044,0.0
2025-07-01 06:00:00,2025-06-30 06:00:00,1.8036140316013627,5.0
2025-07-01 07:00:00,2025-06-30 07:00:00,90.41307526224573,117.0
2025-07-01 08:00:00,2025-06-30 08:00:00,267.5368684603425,280.0
2025-07-01 09:00:00,2025-06-30 09:00:00,463.763154794296,460.0
2025-07-01 10:00:00,2025-06-30 10:00:00,658.2172191770492,651.0
2025-07-01 11:00:00,2025-06-30 11:00:00,810.2190060656707,818.0
2025-07-01 12:00:00,2025-06-30 12:00:00,912.1179683739848,927.0
2025-07-01 13:00:00,2025-06-30 13:00:00,946.0783786297808,976.0
2025-07-01 14:00:00,2025-06-30 14:00:00,937.9528425141925,965.0
2025-07-01 15:00:00,2025-06-30 15:00:00,873.1752446970664,899.0
2025-07-01 16:00:00,2025-06-30 16:00:00,758.0611630602783,781.0
2025-07-01 17:00:00,2025-06-30 17:00:00,605.8176740435192,617.0
2025-07-01 18:00:00,2025-06-30 18:00:00,407.9932646759314,419.0
2025-07-01 19:00:00,2025-06-30 19:00:00,218.61483984617095,228.0
2025-07-01 20:00:00,2025-06-30 20:00:00,54.913245663639806,72.0
2025-07-01 21:00:00,2025-06-30 21:00:00,0.3850976698766657,0.0
2025-07-01 22:00:00,2025-06-30 22:00:00,0.3850976698766657,0.0
2025-07-01 23:00:00,2025-06-30 23:00:00,0.3850976698766657,0.0
2025-07-02 00:00:00,2025-07-01 00:00:00,0.26711962051561405,0.0
2025-07-02 01:00:00,2025-07-01 01:00:00,0.26711962051561405,0.0
2025-07-02 02:00:00,2025-07-01 02:00:00,0.26711962051561405,0.0
2025-07-02 03:00:00,2025-07-01 03:00:00,0.26711962051561405,0.0
2025-07-02 04:00:00,2025-07-01 04:00:00,0.26711962051561405,0.0
2025-07-02 05:00:00,2025-07-01 05:00:00,0.26711962051561405,0.0
2025-07-02 06:00:00,2025-07-01 06:00:00,1.6568581839034842,4.0
2025-07-02 07:00:00,2025-07-01 07:00:00,85.60481535984297,113.0
2025-07-02 08:00:00,2025-07-01 08:00:00,252.08822931414633,271.0
2025-07-02 09:00:00,2025-07-01 09:00:00,460.7194399302156,447.0
2025-07-02 10:00:00,2025-07-01 10:00:00,633.4925325963078,634.0
2025-07-02 11:00:00,2025-07-01 11:00:00,783.4219144010303,796.0
2025-07-02 12:00:00,2025-07-01 12:00:00,896.8112563826813,899.0
2025-07-02 13:00:00,2025-07-01 13:00:00,928.1703607271527,939.0
2025-07-02 14:00:00,2025-07-01 14:00:00,924.4290020056371,924.0
2025-07-02 15:00:00,2025-07-01 15:00:00,866.8407806985696,865.0
2025-07-02 16:00:00,2025-07-01 16:00:00,757.6637128089687,757.0
2025-07-02 17:00:00,2025-07-01 17:00:00,608.2224873939007,602.0
2025-07-02 18:00:00,2025-07-01 18:00:00,408.3401363149764,411.0
2025-07-02 19:00:00,2025-07-01 19:00:00,217.8797637949701,224.0
2025-07-02 20:00:00,2025-07-01 20:00:00,55.82158202596156,71.0
2025-07-02 21:00:00,2025-07-01 21:00:00,0.4358807060641255,0.0
2025-07-02 22:00:00,2025-07-01 22:00:00,0.4358807060641255,0.0
2025-07-02 23:00:00,2025-07-01 23:00:00,0.3542521580833202,0.0
2025-07-03 00:00:00,2025-07-02 00:00:00,0.26711962051561405,0.0
2025-07-03 01:00:00,2025-07-02 01:00:00,0.26711962051561405,0.0
2025-07-03 02:00:00,2025-07-02 02:00:00,0.26711962051561405,0.0
2025-07-03 03:00:00,2025-07-02 03:00:00,0.26711962051561405,0.0
2025-07-03 04:00:00,2025-07-02 04:00:00,0.26711962051561405,0.0
2025-07-03 05:00:00,2025-07-02 05:00:00,0.26711962051561405,0.0
2025-07-03 06:00:00,2025-07-02 06:00:00,1.6568581839034842,4.0
2025-07-03 07:00:00,2025-07-02 07:00:00,85.46920341585901,112.0
2025-07-03 08:00:00,2025-07-02 08:00:00,262.6746910933579,272.0
2025-07-03 09:00:00,2025-07-02 09:00:00,466.6091564490173,449.0
2025-07-03 10:00:00,2025-07-02 10:00:00,639.6764613173884,637.0
2025-07-03 11:00:00,2025-07-02 11:00:00,803.7091635884346,801.0
2025-07-03 12:00:00,2025-07-02 12:00:00,896.7735794058399,907.0
2025-07-03 13:00:00,2025-07-02 13:00:00,928.3399638112318,951.0
2025-07-03 14:00:00,2025-07-02 14:00:00,946.0826366727032,937.0
2025-07-03 15:00:00,2025-07-02 15:00:00,890.3332830143202,872.0
2025-07-03 16:00:00,2025-07-02 16:00:00,771.8905906338373,758.0
2025-07-03 17:00:00,2025-07-02 17:00:00,620.6919384522066,601.0
2025-07-03 18:00:00,2025-07-02 18:00:00,420.13319840638553,414.0
2025-07-03 19:00:00,2025-07-02 19:00:00,227.10130642020889,230.0
2025-07-03 20:00:00,2025-07-02 20:00:00,56.5060365351699,74.0
2025-07-03 21:00:00,2025-07-02 21:00:00,0.4358807060641255,0.0
2025-07-03 22:00:00,2025-07-02 22:00:00,0.4358807060641255,0.0
2025-07-03 23:00:00,2025-07-02 23:00:00,0.4358807060641255,0.0
2025-07-04 00:00:00,2025-07-03 00:00:00,0.26711962051561405,0.0
2025-07-04 01:00:00,2025-07-03 01:00:00,0.26711962051561405,0.0
2025-07-04 02:00:00,2025-07-03 02:00:00,0.26711962051561405,0.0
2025-07-04 03:00:00,2025-07-03 03:00:00,0.3487481684964193,0.0
2025-07-04 04:00:00,2025-07-03 04:00:00,0.26711962051561405,0.0
2025-07-04 05:00:00,2025-07-03 05:00:00,0.26711962051561405,0.0
2025-07-04 06:00:00,2025-07-03 06:00:00,1.6034021549783506,4.0
2025-07-04 07:00:00,2025-07-03 07:00:00,86.0650484497583,115.0
2025-07-04 08:00:00,2025-07-03 08:00:00,272.3993526158798,280.0
2025-07-04 09:00:00,2025-07-03 09:00:00,468.25888319775385,461.0
2025-07-04 10:00:00,2025-07-03 10:00:00,657.9306168926879,651.0
2025-07-04 11:00:00,2025-07-03 11:00:00,818.9844255283385,818.0
2025-07-04 12:00:00,2025-07-03 12:00:00,903.3565033828744,930.0
2025-07-04 13:00:00,2025-07-03 13:00:00,960.1827194022314,984.0
2025-07-04 14:00:00,2025-07-03 14:00:00,958.1912509452462,976.0
2025-07-04 15:00:00,2025-07-03 15:00:00,893.5500488486051,911.0
2025-07-04 16:00:00,2025-07-03 16:00:00,793.3284348459694,792.0
2025-07-04 17:00:00,2025-07-03 17:00:00,622.6664424380501,628.0
2025-07-04 18:00:00,2025-07-03 18:00:00,426.3437305512205,430.0
2025-07-04 19:00:00,2025-07-03 19:00:00,228.2064309019764,237.0
2025-07-04 20:00:00,2025-07-03 20:00:00,57.216313649800924,76.0
2025-07-04 21:00:00,2025-07-03 21:00:00,0.4358807060641255,0.0
2025-07-04 22:00:00,2025-07-03 22:00:00,0.3542521580833202,0.0
2025-07-04 23:00:00,2025-07-03 23:00:00,0.3542521580833202,0.0
2025-07-05 00:00:00,2025-07-04 00:00:00,0.26711962051561405,0.0
2025-07-05 01:00:00,2025-07-04 01:00:00,0.26711962051561405,0.0
2025-07-05 02:00:00,2025-07-04 02:00:00,0.26711962051561405,0.0
2025-07-05 03:00:00,2025-07-04 03:00:00,0.26711962051561405,0.0
2025-07-05 04:00:00,2025-07-04 04:00:00,0.26711962051561405,0.0
2025-07-05 05:00:00,2025-07-04 05:00:00,0.26711962051561405,0.0
2025-07-05 06:00:00,2025-07-04 06:00:00,1.1775734012293593,4.0
2025-07-05 07:00:00,2025-07-04 07:00:00,85.10071711138905,114.0
2025-07-05 08:00:00,2025-07-04 08:00:00,274.908365768885,279.0
2025-07-05 09:00:00,2025-07-04 09:00:00,477.7633225459813,460.0
2025-07-05 10:00:00,2025-07-04 10:00:00,656.1479503385697,652.0
2025-07-05 11:00:00,2025-07-04 11:00:00,819.1301251499555,821.0
2025-07-05 12:00:00,2025-07-04 12:00:00,916.8334627850127,934.0
2025-07-05 13:00:00,2025-07-04 13:00:00,972.1340265521296,988.0
2025-07-05 14:00:00,2025-07-04 14:00:00,973.380781555575,980.0
2025-07-05 15:00:00,2025-07-04 15:00:00,913.779217479226,915.0
2025-07-05 16:00:00,2025-07-04 16:00:00,781.197272063144,796.0
2025-07-05 17:00:00,2025-07-04 17:00:00,619.7798792961869,631.0
2025-07-05 18:00:00,2025-07-04 18:00:00,425.1914553653661,431.0
2025-07-05 19:00:00,2025-07-04 19:00:00,227.0674011968718,236.0
2025-07-05 20:00:00,2025-07-04 20:00:00,57.216313649800924,75.0
2025-07-05 21:00:00,2025-07-04 21:00:00,0.5551162334053105,0.0
2025-07-05 22:00:00,2025-07-04 22:00:00,0.541835750993865,0.0
2025-07-05 23:00:00,2025-07-04 23:00:00,0.41430085658325316,0.0
2025-07-06 00:00:00,2025-07-05 00:00:00,0.3487481684964193,0.0
2025-07-06 01:00:00,2025-07-05 01:00:00,0.3487481684964193,0.0
2025-07-06 02:00:00,2025-07-05 02:00:00,0.26711962051561405,0.0
2025-07-06 03:00:00,2025-07-05 03:00:00,0.26711962051561405,0.0
2025-07-06 04:00:00,2025-07-05 04:00:00,0.26711962051561405,0.0
2025-07-06 05:00:00,2025-07-05 05:00:00,0.26711962051561405,0.0
2025-07-06 06:00:00,2025-07-05 06:00:00,1.4273411722734195,3.0
2025-07-06 07:00:00,2025-07-05 07:00:00,85.10071711138905,113.0
2025-07-06 08:00:00,2025-07-05 08:00:00,272.50693501923837,278.0
2025-07-06 09:00:00,2025-07-05 09:00:00,476.41948994725243,459.0
2025-07-06 10:00:00,2025-07-05 10:00:00,657.8414000022603,650.0
2025-07-06 11:00:00,2025-07-05 11:00:00,822.4289163751564,818.0
2025-07-06 12:00:00,2025-07-05 12:00:00,914.9675626873448,929.0
2025-07-06 13:00:00,2025-07-05 13:00:00,975.8532621789609,981.0
2025-07-06 14:00:00,2025-07-05 14:00:00,968.9815395542907,972.0
2025-07-06 15:00:00,2025-07-05 15:00:00,910.4033444544782,908.0
2025-07-06 16:00:00,2025-07-05 16:00:00,778.0060869330805,791.0
2025-07-06 17:00:00,2025-07-05 17:00:00,621.704804719642,628.0
2025-07-06 18:00:00,2025-07-05 18:00:00,425.52018475260377,429.0
2025-07-06 19:00:00,2025-07-05 19:00:00,223.41773037064814,236.0
2025-07-06 20:00:00,2025-07-05 20:00:00,57.216313649800924,75.0
2025-07-06 21:00:00,2025-07-05 21:00:00,0.4358807060641255,0.0
2025-07-06 22:00:00,2025-07-05 22:00:00,0.4358807060641255,0.0
2025-07-06 23:00:00,2025-07-05 23:00:00,0.3542521580833202,0.0
2025-07-07 00:00:00,2025-07-06 00:00:00,0.26711962051561405,0.0
2025-07-07 01:00:00,2025-07-06 01:00:00,0.26711962051561405,0.0
2025-07-07 02:00:00,2025-07-06 02:00:00,0.26711962051561405,0.0
2025-07-07 03:00:00,2025-07-06 03:00:00,0.26711962051561405,0.0
2025-07-07 04:00:00,2025-07-06 04:00:00,0.19070485400697776,0.0
2025-07-07 05:00:00,2025-07-06 05:00:00,0.19070485400697776,0.0
2025-07-07 06:00:00,2025-07-06 06:00:00,1.3539710878142692,3.0
2025-07-07 07:00:00,2025-07-06 07:00:00,85.27711479797395,109.0
2025-07-07 08:00:00,2025-07-06 08:00:00,262.5166788592091,271.0
2025-07-07 09:00:00,2025-07-06 09:00:00,464.59368718379744,450.0
2025-07-07 10:00:00,2025-07-06 10:00:00,642.7895290282131,639.0
2025-07-07 11:00:00,2025-07-06 11:00:00,804.9668102056673,807.0
2025-07-07 12:00:00,2025-07-06 12:00:00,916.2366317596269,919.0
2025-07-07 13:00:00,2025-07-06 13:00:00,969.4810190894323,972.0
2025-07-07 14:00:00,2025-07-06 14:00:00,964.3939956853483,964.0
2025-07-07 15:00:00,2025-07-06 15:00:00,895.8512457594011,901.0
2025-07-07 16:00:00,2025-07-06 16:00:00,770.3751602731728,784.0
2025-07-07 17:00:00,2025-07-06 17:00:00,615.690919269369,622.0
2025-07-07 18:00:00,2025-07-06 18:00:00,420.23496768886355,425.0
2025-07-07 19:00:00,2025-07-06 19:00:00,222.13580791406721,233.0
2025-07-07 20:00:00,2025-07-06 20:00:00,56.22266876529373,74.0
2025-07-07 21:00:00,2025-07-06 21:00:00,0.49071562309188954,0.0
2025-07-07 22:00:00,2025-07-06 22:00:00,0.4358807060641255,0.0
2025-07-07 23:00:00,2025-07-06 23:00:00,0.4358807060641255,0.0
2025-07-08 00:00:00,2025-07-07 00:00:00,0.3487481684964193,0.0
2025-07-08 01:00:00,2025-07-07 01:00:00,0.3487481684964193,0.0
2025-07-08 02:00:00,2025-07-07 02:00:00,0.26711962051561405,0.0
2025-07-08 03:00:00,2025-07-07 03:00:00,0.26711962051561405,0.0
2025-07-08 04:00:00,2025-07-07 04:00:00,0.26711962051561405,0.0
2025-07-08 05:00:00,2025-07-07 05:00:00,0.26711962051561405,0.0
2025-07-08 06:00:00,2025-07-07 06:00:00,1.1973594682304582,3.0
2025-07-08 07:00:00,2025-07-07 07:00:00,86.60430386892494,111.0
2025-07-08 08:00:00,2025-07-07 08:00:00,252.83661084401322,277.0
2025-07-08 09:00:00,2025-07-07 09:00:00,468.17378104318306,460.0
2025-07-08 10:00:00,2025-07-07 10:00:00,657.0810076134072,653.0
2025-07-08 11:00:00,2025-07-07 11:00:00,819.778124928056,823.0
2025-07-08 12:00:00,2025-07-07 12:00:00,927.0323054773327,938.0
2025-07-08 13:00:00,2025-07-07 13:00:00,968.1968857766859,992.0
2025-07-08 14:00:00,2025-07-07 14:00:00,967.7902768916439,983.0
2025-07-08 15:00:00,2025-07-07 15:00:00,882.0423525617101,917.0
2025-07-08 16:00:00,2025-07-07 16:00:00,771.7133695390479,796.0
2025-07-08 17:00:00,2025-07-07 17:00:00,613.5817298699942,627.0
2025-07-08 18:00:00,2025-07-07 18:00:00,426.119956584656,422.0
2025-07-08 19:00:00,2025-07-07 19:00:00,215.43243239262205,226.0
2025-07-08 20:00:00,2025-07-07 20:00:00,54.4411698641323,69.0
2025-07-08 21:00:00,2025-07-07 21:00:00,0.4358807060641255,0.0
2025-07-08 22:00:00,2025-07-07 22:00:00,0.4358807060641255,0.0
2025-07-08 23:00:00,2025-07-07 23:00:00,0.4358807060641255,0.0
2025-07-09 00:00:00,2025-07-08 00:00:00,0.3487481684964193,0.0
2025-07-09 01:00:00,2025-07-08 01:00:00,0.3487481684964193,0.0
2025-07-09 02:00:00,2025-07-08 02:00:00,0.26711962051561405,0.0
2025-07-09 03:00:00,2025-07-08 03:00:00,0.26711962051561405,0.0
2025-07-09 04:00:00,2025-07-08 04:00:00,0.26711962051561405,0.0
2025-07-09 05:00:00,2025-07-08 05:00:00,0.26711962051561405,0.0
2025-07-09 06:00:00,2025-07-08 06:00:00,1.0618742837124533,3.0
2025-07-09 07:00:00,2025-07-08 07:00:00,72.57077678882214,102.0
2025-07-09 08:00:00,2025-07-08 08:00:00,238.50266981255876,258.0
2025-07-09 09:00:00,2025-07-08 09:00:00,462.1633310166528,434.0
2025-07-09 10:00:00,2025-07-08 10:00:00,645.3564436455997,626.0
2025-07-09 11:00:00,2025-07-08 11:00:00,775.8558385172232,795.0
2025-07-09 12:00:00,2025-07-08 12:00:00,910.029578344401,904.0
2025-07-09 13:00:00,2025-07-08 13:00:00,933.6025807991598,950.0
2025-07-09 14:00:00,2025-07-08 14:00:00,958.3139577374906,939.0
2025-07-09 15:00:00,2025-07-08 15:00:00,909.1010652182622,878.0
2025-07-09 16:00:00,2025-07-08 16:00:00,780.4700020007665,768.0
2025-07-09 17:00:00,2025-07-08 17:00:00,607.8540183913346,610.0
2025-07-09 18:00:00,2025-07-08 18:00:00,424.9054103213259,417.0
2025-07-09 19:00:00,2025-07-08 19:00:00,220.37260468270844,227.0
2025-07-09 20:00:00,2025-07-08 20:00:00,55.40643660573296,71.0
2025-07-09 21:00:00,2025-07-08 21:00:00,0.3542521580833202,0.0
2025-07-09 22:00:00,2025-07-08 22:00:00,0.3542521580833202,0.0
2025-07-09 23:00:00,2025-07-08 23:00:00,0.3542521580833202,0.0
2025-07-10 00:00:00,2025-07-09 00:00:00,0.26711962051561405,0.0
2025-07-10 01:00:00,2025-07-09 01:00:00,0.26711962051561405,0.0
2025-07-10 02:00:00,2025-07-09 02:00:00,0.3147580030934891,0.0
2025-07-10 03:00:00,2025-07-09 03:00:00,0.26711962051561405,0.0
2025-07-10 04:00:00,2025-07-09 04:00:00,0.26711962051561405,0.0
2025-07-10 05:00:00,2025-07-09 05:00:00,0.26711962051561405,0.0
2025-07-10 06:00:00,2025-07-09 06:00:00,0.6915538148205016,2.0
2025-07-10 07:00:00,2025-07-09 07:00:00,77.6362459009961,106.0
2025-07-10 08:00:00,2025-07-09 08:00:00,247.46557850715126,268.0
2025-07-10 09:00:00,2025-07-09 09:00:00,456.34929429871517,447.0
2025-07-10 10:00:00,2025-07-09 10:00:00,631.8168827553095,636.0
2025-07-10 11:00:00,2025-07-09 11:00:00,781.3633942558182,804.0
2025-07-10 12:00:00,2025-07-09 12:00:00,893.0391954087767,918.0
2025-07-10 13:00:00,2025-07-09 13:00:00,959.1204527474387,973.0
2025-07-10 14:00:00,2025-07-09 14:00:00,939.5525590967729,966.0
2025-07-10 15:00:00,2025-07-09 15:00:00,884.2639335112281,900.0
2025-07-10 16:00:00,2025-07-09 16:00:00,765.1564817101868,781.0
2025-07-10 17:00:00,2025-07-09 17:00:00,620.922645004058,616.0
2025-07-10 18:00:00,2025-07-09 18:00:00,424.89516643323685,421.0
2025-07-10 19:00:00,2025-07-09 19:00:00,222.27141985805116,230.0
2025-07-10 20:00:00,2025-07-09 20:00:00,55.40643660573296,71.0
2025-07-10 21:00:00,2025-07-09 21:00:00,0.4358807060641255,0.0
2025-07-10 22:00:00,2025-07-09 22:00:00,0.3542521580833202,0.0
2025-07-10 23:00:00,2025-07-09 23:00:00,0.3542521580833202,0.0
2025-07-11 00:00:00,2025-07-10 00:00:00,0.26711962051561405,0.0
2025-07-11 01:00:00,2025-07-10 01:00:00,0.26711962051561405,0.0
2025-07-11 02:00:00,2025-07-10 02:00:00,0.26711962051561405,0.0
2025-07-11 03:00:00,2025-07-10 03:00:00,0.26711962051561405,0.0
2025-07-11 04:00:00,2025-07-10 04:00:00,0.26711962051561405,0.0
2025-07-11 05:00:00,2025-07-10 05:00:00,0.26711962051561405,0.0
2025-07-11 06:00:00,2025-07-10 06:00:00,0.5807553366163423,2.0
2025-07-11 07:00:00,2025-07-10 07:00:00,73.09547749927519,102.0
2025-07-11 08:00:00,2025-07-10 08:00:00,240.04772407644705,261.0
2025-07-11 09:00:00,2025-07-10 09:00:00,449.46495570702587,438.0
2025-07-11 10:00:00,2025-07-10 10:00:00,647.5269912025624,628.0
2025-07-11 11:00:00,2025-07-10 11:00:00,781.5728802753899,797.0
2025-07-11 12:00:00,2025-07-10 12:00:00,901.3582654723577,914.0
2025-07-11 13:00:00,2025-07-10 13:00:00,935.4356332665861,971.0
2025-07-11 14:00:00,2025-07-10 14:00:00,936.4062372673105,965.0
2025-07-11 15:00:00,2025-07-10 15:00:00,895.2354737940059,898.0
2025-07-11 16:00:00,2025-07-10 16:00:00,754.5628488715361,776.0
2025-07-11 17:00:00,2025-07-10 17:00:00,612.3727576896507,610.0
2025-07-11 18:00:00,2025-07-10 18:00:00,406.5494530722012,415.0
2025-07-11 19:00:00,2025-07-10 19:00:00,215.78755328753786,226.0
2025-07-11 20:00:00,2025-07-10 20:00:00,53.30266909505529,69.0
2025-07-11 21:00:00,2025-07-10 21:00:00,0.4358807060641255,0.0
2025-07-11 22:00:00,2025-07-10 22:00:00,0.4358807060641255,0.0
2025-07-11 23:00:00,2025-07-10 23:00:00,0.4358807060641255,0.0
2025-07-12 00:00:00,2025-07-11 00:00:00,0.26711962051561405,0.0
2025-07-12 01:00:00,2025-07-11 01:00:00,0.26711962051561405,0.0
2025-07-12 02:00:00,2025-07-11 02:00:00,0.26711962051561405,0.0
2025-07-12 03:00:00,2025-07-11 03:00:00,0.26711962051561405,0.0
2025-07-12 04:00:00,2025-07-11 04:00:00,0.26711962051561405,0.0
2025-07-12 05:00:00,2025-07-11 05:00:00,0.26711962051561405,0.0
2025-07-12 06:00:00,2025-07-11 06:00:00,0.6915538148205016,2.0
2025-07-12 07:00:00,2025-07-11 07:00:00,75.85811457089537,103.0
2025-07-12 08:00:00,2025-07-11 08:00:00,238.86512617534694,265.0
2025-07-12 09:00:00,2025-07-11 09:00:00,452.43134004615143,445.0
2025-07-12 10:00:00,2025-07-11 10:00:00,630.9366218604025,638.0
2025-07-12 11:00:00,2025-07-11 11:00:00,785.0208440336676,809.0
2025-07-12 12:00:00,2025-07-11 12:00:00,908.4800138661628,924.0
2025-07-12 13:00:00,2025-07-11 13:00:00,951.9699473616049,980.0
2025-07-12 14:00:00,2025-07-11 14:00:00,924.6900700212328,973.0
2025-07-12 15:00:00,2025-07-11 15:00:00,888.5952690387069,909.0
2025-07-12 16:00:00,2025-07-11 16:00:00,763.475862210562,791.0
2025-07-12 17:00:00,2025-07-11 17:00:00,602.7920687944387,626.0
2025-07-12 18:00:00,2025-07-11 18:00:00,413.6246984793745,427.0
2025-07-12 19:00:00,2025-07-11 19:00:00,219.19519284934862,233.0
2025-07-12 20:00:00,2025-07-11 20:00:00,52.36630507687726,71.0
2025-07-12 21:00:00,2025-07-11 21:00:00,0.3542521580833202,0.0
2025-07-12 22:00:00,2025-07-11 22:00:00,0.3542521580833202,0.0
2025-07-12 23:00:00,2025-07-11 23:00:00,0.3542521580833202,0.0
2025-07-13 00:00:00,2025-07-12 00:00:00,0.26711962051561405,0.0
2025-07-13 01:00:00,2025-07-12 01:00:00,0.26711962051561405,0.0
2025-07-13 02:00:00,2025-07-12 02:00:00,0.26711962051561405,0.0
2025-07-13 03:00:00,2025-07-12 03:00:00,0.26711962051561405,0.0
2025-07-13 04:00:00,2025-07-12 04:00:00,0.26711962051561405,0.0
2025-07-13 05:00:00,2025-07-12 05:00:00,0.26711962051561405,0.0
2025-07-13 06:00:00,2025-07-12 06:00:00,0.8484759891546063,2.0
2025-07-13 07:00:00,2025-07-12 07:00:00,72.56582383891161,101.0
2025-07-13 08:00:00,2025-07-12 08:00:00,237.1994581047268,263.0
2025-07-13 09:00:00,2025-07-12 09:00:00,447.7934981966573,443.0
2025-07-13 10:00:00,2025-07-12 10:00:00,644.9999511467839,637.0
2025-07-13 11:00:00,2025-07-12 11:00:00,766.8352761591999,808.0
2025-07-13 12:00:00,2025-07-12 12:00:00,883.1287726008995,921.0
2025-07-13 13:00:00,2025-07-12 13:00:00,914.5800944501069,972.0
2025-07-13 14:00:00,2025-07-12 14:00:00,936.2643882952339,964.0
2025-07-13 15:00:00,2025-07-12 15:00:00,900.9861157307357,902.0
2025-07-13 16:00:00,2025-07-12 16:00:00,745.1054792620582,788.0
2025-07-13 17:00:00,2025-07-12 17:00:00,605.436165778122,625.0
2025-07-13 18:00:00,2025-07-12 18:00:00,415.7324472249634,426.0
2025-07-13 19:00:00,2025-07-12 19:00:00,217.03705357236393,231.0
2025-07-13 20:00:00,2025-07-12 20:00:00,53.2605474274857,70.0
2025-07-13 21:00:00,2025-07-12 21:00:00,0.3542521580833202,0.0
2025-07-13 22:00:00,2025-07-12 22:00:00,0.3542521580833202,0.0
2025-07-13 23:00:00,2025-07-12 23:00:00,0.3542521580833202,0.0
2025-07-14 00:00:00,2025-07-13 00:00:00,0.26711962051561405,0.0
2025-07-14 01:00:00,2025-07-13 01:00:00,0.26711962051561405,0.0
2025-07-14 02:00:00,2025-07-13 02:00:00,0.26711962051561405,0.0
2025-07-14 03:00:00,2025-07-13 03:00:00,0.26711962051561405,0.0
2025-07-14 04:00:00,2025-07-13 04:00:00,0.26711962051561405,0.0
2025-07-14 05:00:00,2025-07-13 05:00:00,0.34202412768546075,0.0
2025-07-14 06:00:00,2025-07-13 06:00:00,1.0690621901759956,1.0
2025-07-14 07:00:00,2025-07-13 07:00:00,71.48744234684573,96.0
2025-07-14 08:00:00,2025-07-13 08:00:00,235.66936687445147,254.0
2025-07-14 09:00:00,2025-07-13 09:00:00,445.6404564081568,427.0
2025-07-14 10:00:00,2025-07-13 10:00:00,635.3614908229899,611.0
2025-07-14 11:00:00,2025-07-13 11:00:00,772.9262039713662,774.0
2025-07-14 12:00:00,2025-07-13 12:00:00,913.4519063401839,886.0
2025-07-14 13:00:00,2025-07-13 13:00:00,943.4572026815613,943.0
2025-07-14 14:00:00,2025-07-13 14:00:00,933.9202068586216,939.0
2025-07-14 15:00:00,2025-07-13 15:00:00,873.9765909088369,879.0
2025-07-14 16:00:00,2025-07-13 16:00:00,741.1554664619638,767.0
2025-07-14 17:00:00,2025-07-13 17:00:00,617.0340574354884,605.0
2025-07-14 18:00:00,2025-07-13 18:00:00,409.7582036845187,408.0
2025-07-14 19:00:00,2025-07-13 19:00:00,204.9841140941455,218.0
2025-07-14 20:00:00,2025-07-13 20:00:00,48.02361592390708,64.0
2025-07-14 21:00:00,2025-07-13 21:00:00,0.3542521580833202,0.0
2025-07-14 22:00:00,2025-07-13 22:00:00,0.3542521580833202,0.0
2025-07-14 23:00:00,2025-07-13 23:00:00,0.3542521580833202,0.0
2025-07-15 00:00:00,2025-07-14 00:00:00,0.3348362212219185,0.0
2025-07-15 01:00:00,2025-07-14 01:00:00,0.3348362212219185,0.0
2025-07-15 02:00:00,2025-07-14 02:00:00,0.3348362212219185,0.0
2025-07-15 03:00:00,2025-07-14 03:00:00,0.3348362212219185,0.0
2025-07-15 04:00:00,2025-07-14 04:00:00,0.34202412768546075,0.0
2025-07-15 05:00:00,2025-07-14 05:00:00,0.34202412768546075,0.0
2025-07-15 06:00:00,2025-07-14 06:00:00,1.179860668380155,1.0
2025-07-15 07:00:00,2025-07-14 07:00:00,62.49620251379158,80.0
2025-07-15 08:00:00,2025-07-14 08:00:00,224.3099102704827,216.0
2025-07-15 09:00:00,2025-07-14 09:00:00,382.33298399427366,383.0
2025-07-15 10:00:00,2025-07-14 10:00:00,603.6547429920885,582.0
2025-07-15 11:00:00,2025-07-14 11:00:00,762.9996536839426,765.0
2025-07-15 12:00:00,2025-07-14 12:00:00,905.7051695093725,884.0
2025-07-15 13:00:00,2025-07-14 13:00:00,926.3192646641977,937.0
2025-07-15 14:00:00,2025-07-14 14:00:00,925.3686087742155,930.0
2025-07-15 15:00:00,2025-07-14 15:00:00,878.6600552971831,868.0
2025-07-15 16:00:00,2025-07-14 16:00:00,737.4401196882482,753.0
2025-07-15 17:00:00,2025-07-14 17:00:00,594.6782009055106,592.0
2025-07-15 18:00:00,2025-07-14 18:00:00,396.3487831086007,399.0
2025-07-15 19:00:00,2025-07-14 19:00:00,199.95498730145565,213.0
2025-07-15 20:00:00,2025-07-14 20:00:00,48.77976619350751,62.0
2025-07-15 21:00:00,2025-07-14 21:00:00,0.551235689348305,0.0
2025-07-15 22:00:00,2025-07-14 22:00:00,0.42196875878962464,0.0
2025-07-15 23:00:00,2025-07-14 23:00:00,0.42196875878962464,0.0
2025-07-16 00:00:00,2025-07-15 00:00:00,0.3037618503337942,0.0
2025-07-16 01:00:00,2025-07-15 01:00:00,0.3348362212219185,0.0
2025-07-16 02:00:00,2025-07-15 02:00:00,0.3824746037997936,0.0
2025-07-16 03:00:00,2025-07-15 03:00:00,0.3824746037997936,0.0
2025-07-16 04:00:00,2025-07-15 04:00:00,0.3824746037997936,0.0
2025-07-16 05:00:00,2025-07-15 05:00:00,0.3824746037997936,0.0
2025-07-16 06:00:00,2025-07-15 06:00:00,0.8822775020502451,1.0
2025-07-16 07:00:00,2025-07-15 07:00:00,55.824819675731916,76.0
2025-07-16 08:00:00,2025-07-15 08:00:00,212.02569955389598,209.0
2025-07-16 09:00:00,2025-07-15 09:00:00,374.8319618269228,373.0
2025-07-16 10:00:00,2025-07-15 10:00:00,525.3829098565354,570.0
2025-07-16 11:00:00,2025-07-15 11:00:00,708.211278309364,749.0
2025-07-16 12:00:00,2025-07-15 12:00:00,863.7400211165881,856.0
2025-07-16 13:00:00,2025-07-15 13:00:00,855.4851893328828,893.0
2025-07-16 14:00:00,2025-07-15 14:00:00,867.0453904332109,874.0
2025-07-16 15:00:00,2025-07-15 15:00:00,868.5699202217648,809.0
2025-07-16 16:00:00,2025-07-15 16:00:00,678.3263921323353,697.0
2025-07-16 17:00:00,2025-07-15 17:00:00,543.7023126919909,544.0
2025-07-16 18:00:00,2025-07-15 18:00:00,376.1823549278581,361.0
2025-07-16 19:00:00,2025-07-15 19:00:00,184.41473027242787,189.0
2025-07-16 20:00:00,2025-07-15 20:00:00,42.798460656775724,54.0
2025-07-16 21:00:00,2025-07-15 21:00:00,0.47252293588230565,0.0
2025-07-16 22:00:00,2025-07-15 22:00:00,0.47252293588230565,0.0
2025-07-16 23:00:00,2025-07-15 23:00:00,0.4385327704793754,0.0
2025-07-17 00:00:00,2025-07-16 00:00:00,0.3147580030934891,0.0
2025-07-17 01:00:00,2025-07-16 01:00:00,0.3824746037997936,0.0
2025-07-17 02:00:00,2025-07-16 02:00:00,0.3824746037997936,0.0
2025-07-17 03:00:00,2025-07-16 03:00:00,0.3824746037997936,0.0
2025-07-17 04:00:00,2025-07-16 04:00:00,0.3824746037997936,0.0
2025-07-17 05:00:00,2025-07-16 05:00:00,0.3348362212219185,0.0
2025-07-17 06:00:00,2025-07-16 06:00:00,0.3824746037997936,1.0
2025-07-17 07:00:00,2025-07-16 07:00:00,53.152808900336744,89.0
2025-07-17 08:00:00,2025-07-16 08:00:00,178.25293013930886,243.0
2025-07-17 09:00:00,2025-07-16 09:00:00,321.56018281972126,409.0
2025-07-17 10:00:00,2025-07-16 10:00:00,509.51635152864384,584.0
2025-07-17 11:00:00,2025-07-16 11:00:00,708.5322272308539,741.0
2025-07-17 12:00:00,2025-07-16 12:00:00,834.7610717665194,858.0
2025-07-17 13:00:00,2025-07-16 13:00:00,923.0592437874963,926.0
2025-07-17 14:00:00,2025-07-16 14:00:00,913.9903915628482,933.0
2025-07-17 15:00:00,2025-07-16 15:00:00,843.7593005053286,875.0
2025-07-17 16:00:00,2025-07-16 16:00:00,742.4065216492418,762.0
2025-07-17 17:00:00,2025-07-16 17:00:00,544.7373668433432,601.0
2025-07-17 18:00:00,2025-07-16 18:00:00,402.12198670866655,408.0
2025-07-17 19:00:00,2025-07-16 19:00:00,203.39865923056482,219.0
2025-07-17 20:00:00,2025-07-16 20:00:00,50.05308627785893,64.0
2025-07-17 21:00:00,2025-07-16 21:00:00,0.4358807060641255,0.0
2025-07-17 22:00:00,2025-07-16 22:00:00,0.4358807060641255,0.0
2025-07-17 23:00:00,2025-07-16 23:00:00,0.4358807060641255,0.0
2025-07-18 00:00:00,2025-07-17 00:00:00,0.3963865510742944,0.0
2025-07-18 01:00:00,2025-07-17 01:00:00,0.3963865510742944,0.0
2025-07-18 02:00:00,2025-07-17 02:00:00,0.3853903983145995,0.0
2025-07-18 03:00:00,2025-07-17 03:00:00,0.3348362212219185,0.0
2025-07-18 04:00:00,2025-07-17 04:00:00,0.3348362212219185,0.0
2025-07-18 05:00:00,2025-07-17 05:00:00,0.3348362212219185,0.0
2025-07-18 06:00:00,2025-07-17 06:00:00,0.3348362212219185,1.0
2025-07-18 07:00:00,2025-07-17 07:00:00,56.7969815967614,88.0
2025-07-18 08:00:00,2025-07-17 08:00:00,197.52679966449608,244.0
2025-07-18 09:00:00,2025-07-17 09:00:00,367.3082033452436,420.0
2025-07-18 10:00:00,2025-07-17 10:00:00,568.067795443552,612.0
2025-07-18 11:00:00,2025-07-17 11:00:00,742.1985389561901,783.0
2025-07-18 12:00:00,2025-07-17 12:00:00,831.3214834976874,898.0
2025-07-18 13:00:00,2025-07-17 13:00:00,914.0709651630796,951.0
2025-07-18 14:00:00,2025-07-17 14:00:00,911.4883444965245,940.0
2025-07-18 15:00:00,2025-07-17 15:00:00,859.6422375349711,868.0
2025-07-18 16:00:00,2025-07-17 16:00:00,737.1173379013474,742.0
2025-07-18 17:00:00,2025-07-17 17:00:00,562.7414497893502,578.0
2025-07-18 18:00:00,2025-07-17 18:00:00,389.4111754233763,389.0
2025-07-18 19:00:00,2025-07-17 19:00:00,196.91718821520092,208.0
2025-07-18 20:00:00,2025-07-17 20:00:00,48.38087978173575,59.0
2025-07-18 21:00:00,2025-07-17 21:00:00,0.3908943879015004,0.0
2025-07-18 22:00:00,2025-07-17 22:00:00,0.3542521580833202,0.0
2025-07-18 23:00:00,2025-07-17 23:00:00,0.3908943879015004,0.0
2025-07-19 00:00:00,2025-07-18 00:00:00,0.3514002329116693,0.0
2025-07-19 01:00:00,2025-07-18 01:00:00,0.3514002329116693,0.0
2025-07-19 02:00:00,2025-07-18 02:00:00,0.3147580030934891,0.0
2025-07-19 03:00:00,2025-07-18 03:00:00,0.3824746037997936,0.0
2025-07-19 04:00:00,2025-07-18 04:00:00,0.3824746037997936,0.0
2025-07-19 05:00:00,2025-07-18 05:00:00,0.3824746037997936,0.0
2025-07-19 06:00:00,2025-07-18 06:00:00,0.38966251026333587,0.0
2025-07-19 07:00:00,2025-07-18 07:00:00,60.03632985590443,81.0
2025-07-19 08:00:00,2025-07-18 08:00:00,220.25525579817318,226.0
2025-07-19 09:00:00,2025-07-18 09:00:00,409.55663607362965,392.0
2025-07-19 10:00:00,2025-07-18 10:00:00,612.9103146962884,576.0
2025-07-19 11:00:00,2025-07-18 11:00:00,756.7635584256217,741.0
2025-07-19 12:00:00,2025-07-18 12:00:00,890.9862418346323,850.0
2025-07-19 13:00:00,2025-07-18 13:00:00,934.2387160793022,901.0
2025-07-19 14:00:00,2025-07-18 14:00:00,924.5481001050961,893.0
2025-07-19 15:00:00,2025-07-18 15:00:00,896.0782028825705,831.0
2025-07-19 16:00:00,2025-07-18 16:00:00,758.148588125569,718.0
2025-07-19 17:00:00,2025-07-18 17:00:00,554.782366217941,565.0
2025-07-19 18:00:00,2025-07-18 18:00:00,380.1522650007977,385.0
2025-07-19 19:00:00,2025-07-18 19:00:00,202.0735644162859,208.0
2025-07-19 20:00:00,2025-07-18 20:00:00,45.94407897640185,60.0
2025-07-19 21:00:00,2025-07-18 21:00:00,0.4358807060641255,0.0
2025-07-19 22:00:00,2025-07-18 22:00:00,0.4358807060641255,0.0
2025-07-19 23:00:00,2025-07-18 23:00:00,0.48351908864200055,0.0
2025-07-20 00:00:00,2025-07-19 00:00:00,0.3487481684964193,0.0
2025-07-20 01:00:00,2025-07-19 01:00:00,0.3147580030934891,0.0
2025-07-20 02:00:00,2025-07-19 02:00:00,0.3147580030934891,0.0
2025-07-20 03:00:00,2025-07-19 03:00:00,0.3514002329116693,0.0
2025-07-20 04:00:00,2025-07-19 04:00:00,0.3824746037997936,0.0
2025-07-20 05:00:00,2025-07-19 05:00:00,0.3824746037997936,0.0
2025-07-20 06:00:00,2025-07-19 06:00:00,0.3824746037997936,0.0
2025-07-20 07:00:00,2025-07-19 07:00:00,57.1212379163446,85.0
2025-07-20 08:00:00,2025-07-19 08:00:00,215.4768592375661,239.0
2025-07-20 09:00:00,2025-07-19 09:00:00,414.01374191346287,413.0
2025-07-20 10:00:00,2025-07-19 10:00:00,605.5135050714482,603.0
2025-07-20 11:00:00,2025-07-19 11:00:00,771.5438111978834,772.0
2025-07-20 12:00:00,2025-07-19 12:00:00,889.1625163423834,882.0
2025-07-20 13:00:00,2025-07-19 13:00:00,915.5326158173104,929.0
2025-07-20 14:00:00,2025-07-19 14:00:00,913.1235123808968,919.0
2025-07-20 15:00:00,2025-07-19 15:00:00,859.1566639140681,857.0
2025-07-20 16:00:00,2025-07-19 16:00:00,715.1960875106479,745.0
2025-07-20 17:00:00,2025-07-19 17:00:00,536.0603161462096,587.0
2025-07-20 18:00:00,2025-07-19 18:00:00,387.4557624520979,397.0
2025-07-20 19:00:00,2025-07-19 19:00:00,194.46990422286197,211.0
2025-07-20 20:00:00,2025-07-19 20:00:00,41.70386269407949,59.0
2025-07-20 21:00:00,2025-07-19 21:00:00,0.541835750993865,0.0
2025-07-20 22:00:00,2025-07-19 22:00:00,0.4358807060641255,0.0
2025-07-20 23:00:00,2025-07-19 23:00:00,0.4358807060641255,0.0
2025-07-21 00:00:00,2025-07-20 00:00:00,0.3963865510742944,0.0
2025-07-21 01:00:00,2025-07-20 01:00:00,0.26711962051561405,0.0
2025-07-21 02:00:00,2025-07-20 02:00:00,0.3147580030934891,0.0
2025-07-21 03:00:00,2025-07-20 03:00:00,0.26711962051561405,0.0
2025-07-21 04:00:00,2025-07-20 04:00:00,0.3147580030934891,0.0
2025-07-21 05:00:00,2025-07-20 05:00:00,0.3147580030934891,0.0
2025-07-21 06:00:00,2025-07-20 06:00:00,0.26711962051561405,0.0
2025-07-21 07:00:00,2025-07-20 07:00:00,56.93930142344789,86.0
2025-07-21 08:00:00,2025-07-20 08:00:00,219.2826467496342,246.0
2025-07-21 09:00:00,2025-07-20 09:00:00,420.4746503262032,423.0
2025-07-21 10:00:00,2025-07-20 10:00:00,615.1717058799716,613.0
2025-07-21 11:00:00,2025-07-20 11:00:00,769.3413899458731,781.0
2025-07-21 12:00:00,2025-07-20 12:00:00,880.0671191355403,894.0
2025-07-21 13:00:00,2025-07-20 13:00:00,922.7219687370865,946.0
2025-07-21 14:00:00,2025-07-20 14:00:00,920.9572574766473,937.0
2025-07-21 15:00:00,2025-07-20 15:00:00,873.1449754907704,872.0
2025-07-21 16:00:00,2025-07-20 16:00:00,759.2704460502439,754.0
2025-07-21 17:00:00,2025-07-20 17:00:00,586.7270343228392,592.0
2025-07-21 18:00:00,2025-07-20 18:00:00,399.91035458534975,400.0
2025-07-21 19:00:00,2025-07-20 19:00:00,211.19059987965565,214.0
2025-07-21 20:00:00,2025-07-20 20:00:00,43.65901084314572,59.0
2025-07-21 21:00:00,2025-07-20 21:00:00,0.541835750993865,0.0
2025-07-21 22:00:00,2025-07-20 22:00:00,0.541835750993865,0.0
2025-07-21 23:00:00,2025-07-20 23:00:00,0.4358807060641255,0.0
2025-07-22 00:00:00,2025-07-21 00:00:00,0.3487481684964193,0.0
2025-07-22 01:00:00,2025-07-21 01:00:00,0.3487481684964193,0.0
2025-07-22 02:00:00,2025-07-21 02:00:00,0.3487481684964193,0.0
2025-07-22 03:00:00,2025-07-21 03:00:00,0.3487481684964193,0.0
2025-07-22 04:00:00,2025-07-21 04:00:00,0.3487481684964193,0.0
2025-07-22 05:00:00,2025-07-21 05:00:00,0.26711962051561405,0.0
2025-07-22 06:00:00,2025-07-21 06:00:00,0.26711962051561405,0.0
2025-07-22 07:00:00,2025-07-21 07:00:00,59.62762988315322,85.0
2025-07-22 08:00:00,2025-07-21 08:00:00,225.39822999702812,245.0
2025-07-22 09:00:00,2025-07-21 09:00:00,427.7988260148395,423.0
2025-07-22 10:00:00,2025-07-21 10:00:00,613.2905328948488,614.0
2025-07-22 11:00:00,2025-07-21 11:00:00,767.2732228946874,780.0
2025-07-22 12:00:00,2025-07-21 12:00:00,879.3097336499202,886.0
2025-07-22 13:00:00,2025-07-21 13:00:00,916.9282047837838,929.0
2025-07-22 14:00:00,2025-07-21 14:00:00,913.7873626002531,916.0
2025-07-22 15:00:00,2025-07-21 15:00:00,869.7402157820292,855.0
2025-07-22 16:00:00,2025-07-21 16:00:00,749.6270823383935,746.0
2025-07-22 17:00:00,2025-07-21 17:00:00,600.9106907898124,590.0
2025-07-22 18:00:00,2025-07-21 18:00:00,406.23017022285336,400.0
2025-07-22 19:00:00,2025-07-21 19:00:00,210.67757514151776,214.0
2025-07-22 20:00:00,2025-07-21 20:00:00,43.54821236494156,58.0
2025-07-22 21:00:00,2025-07-21 21:00:00,0.5551162334053105,0.0
2025-07-22 22:00:00,2025-07-21 22:00:00,0.5551162334053105,0.0
2025-07-22 23:00:00,2025-07-21 23:00:00,0.5551162334053105,0.0
2025-07-23 00:00:00,2025-07-22 00:00:00,0.4679836958376043,0.0
2025-07-23 01:00:00,2025-07-22 01:00:00,0.4679836958376043,0.0
2025-07-23 02:00:00,2025-07-22 02:00:00,0.4679836958376043,0.0
2025-07-23 03:00:00,2025-07-22 03:00:00,0.45470321342615894,0.0
2025-07-23 04:00:00,2025-07-22 04:00:00,0.26711962051561405,0.0
2025-07-23 05:00:00,2025-07-22 05:00:00,0.26711962051561405,0.0
2025-07-23 06:00:00,2025-07-22 06:00:00,0.26711962051561405,0.0
2025-07-23 07:00:00,2025-07-22 07:00:00,59.62762988315322,83.0
2025-07-23 08:00:00,2025-07-22 08:00:00,226.67706582126448,245.0
2025-07-23 09:00:00,2025-07-22 09:00:00,433.0539850140048,423.0
2025-07-23 10:00:00,2025-07-22 10:00:00,621.2611848418958,613.0
2025-07-23 11:00:00,2025-07-22 11:00:00,778.9098610770412,782.0
2025-07-23 12:00:00,2025-07-22 12:00:00,893.9624602769508,898.0
2025-07-23 13:00:00,2025-07-22 13:00:00,933.7745235680039,955.0
2025-07-23 14:00:00,2025-07-22 14:00:00,924.6095979186389,950.0
2025-07-23 15:00:00,2025-07-22 15:00:00,869.1066588567951,887.0
2025-07-23 16:00:00,2025-07-22 16:00:00,759.3966200255231,769.0
2025-07-23 17:00:00,2025-07-22 17:00:00,590.2376941112491,605.0
2025-07-23 18:00:00,2025-07-22 18:00:00,409.64456978094444,406.0
2025-07-23 19:00:00,2025-07-22 19:00:00,212.0261937485047,214.0
2025-07-23 20:00:00,2025-07-22 20:00:00,43.54821236494156,57.0
2025-07-23 21:00:00,2025-07-22 21:00:00,0.5551162334053105,0.0
2025-07-23 22:00:00,2025-07-22 22:00:00,0.5551162334053105,0.0
2025-07-23 23:00:00,2025-07-22 23:00:00,0.5551162334053105,0.0
2025-07-24 00:00:00,2025-07-23 00:00:00,0.4679836958376043,0.0
2025-07-24 01:00:00,2025-07-23 01:00:00,0.4679836958376043,0.0
2025-07-24 02:00:00,2025-07-23 02:00:00,0.4679836958376043,0.0
2025-07-24 03:00:00,2025-07-23 03:00:00,0.4679836958376043,0.0
2025-07-24 04:00:00,2025-07-23 04:00:00,0.4679836958376043,0.0
2025-07-24 05:00:00,2025-07-23 05:00:00,0.4679836958376043,0.0
2025-07-24 06:00:00,2025-07-23 06:00:00,0.4679836958376043,0.0
2025-07-24 07:00:00,2025-07-23 07:00:00,59.98198222754966,82.0
2025-07-24 08:00:00,2025-07-23 08:00:00,226.46041887799282,244.0
2025-07-24 09:00:00,2025-07-23 09:00:00,425.3374163440715,423.0
2025-07-24 10:00:00,2025-07-23 10:00:00,615.5155287660382,615.0
2025-07-24 11:00:00,2025-07-23 11:00:00,780.2024054243008,786.0
2025-07-24 12:00:00,2025-07-23 12:00:00,892.433438403441,901.0
2025-07-24 13:00:00,2025-07-23 13:00:00,945.5331429775443,955.0
2025-07-24 14:00:00,2025-07-23 14:00:00,935.5487836027863,945.0
2025-07-24 15:00:00,2025-07-23 15:00:00,884.4551046963622,872.0
2025-07-24 16:00:00,2025-07-23 16:00:00,759.7793868280611,745.0
2025-07-24 17:00:00,2025-07-23 17:00:00,599.6979726556106,580.0
2025-07-24 18:00:00,2025-07-23 18:00:00,401.5962675840255,393.0
2025-07-24 19:00:00,2025-07-23 19:00:00,207.7076107142309,211.0
2025-07-24 20:00:00,2025-07-23 20:00:00,42.28059791665575,56.0
2025-07-24 21:00:00,2025-07-23 21:00:00,0.5551162334053105,0.0
2025-07-24 22:00:00,2025-07-23 22:00:00,0.5551162334053105,0.0
2025-07-24 23:00:00,2025-07-23 23:00:00,0.5551162334053105,0.0
2025-07-25 00:00:00,2025-07-24 00:00:00,0.4679836958376043,0.0
2025-07-25 01:00:00,2025-07-24 01:00:00,0.40358308552418337,0.0
2025-07-25 02:00:00,2025-07-24 02:00:00,0.3487481684964193,0.0
2025-07-25 03:00:00,2025-07-24 03:00:00,0.3487481684964193,0.0
2025-07-25 04:00:00,2025-07-24 04:00:00,0.3487481684964193,0.0
2025-07-25 05:00:00,2025-07-24 05:00:00,0.3487481684964193,0.0
2025-07-25 06:00:00,2025-07-24 06:00:00,0.3487481684964193,0.0
2025-07-25 07:00:00,2025-07-24 07:00:00,59.29290565055183,81.0
2025-07-25 08:00:00,2025-07-24 08:00:00,227.782190303032,244.0
2025-07-25 09:00:00,2025-07-24 09:00:00,434.79531019704854,424.0
2025-07-25 10:00:00,2025-07-24 10:00:00,624.383131862653,617.0
2025-07-25 11:00:00,2025-07-24 11:00:00,801.8071564504936,789.0
2025-07-25 12:00:00,2025-07-24 12:00:00,904.0902592075388,905.0
2025-07-25 13:00:00,2025-07-24 13:00:00,940.2244332554311,962.0
2025-07-25 14:00:00,2025-07-24 14:00:00,938.0996812331443,955.0
2025-07-25 15:00:00,2025-07-24 15:00:00,878.9628892213461,890.0
2025-07-25 16:00:00,2025-07-24 16:00:00,757.1363396191596,770.0
2025-07-25 17:00:00,2025-07-24 17:00:00,589.7440450377975,605.0
2025-07-25 18:00:00,2025-07-24 18:00:00,405.8717282943515,407.0
2025-07-25 19:00:00,2025-07-24 19:00:00,212.08343367249864,215.0
2025-07-25 20:00:00,2025-07-24 20:00:00,43.65901084314572,56.0
2025-07-25 21:00:00,2025-07-24 21:00:00,0.5551162334053105,0.0
2025-07-25 22:00:00,2025-07-24 22:00:00,0.5551162334053105,0.0
2025-07-25 23:00:00,2025-07-24 23:00:00,0.5551162334053105,0.0
2025-07-26 00:00:00,2025-07-25 00:00:00,0.45470321342615894,0.0
2025-07-26 01:00:00,2025-07-25 01:00:00,0.4679836958376043,0.0
2025-07-26 02:00:00,2025-07-25 02:00:00,0.45470321342615894,0.0
2025-07-26 03:00:00,2025-07-25 03:00:00,0.45470321342615894,0.0
2025-07-26 04:00:00,2025-07-25 04:00:00,0.4679836958376043,0.0
2025-07-26 05:00:00,2025-07-25 05:00:00,0.4679836958376043,0.0
2025-07-26 06:00:00,2025-07-25 06:00:00,0.40358308552418337,0.0
2025-07-26 07:00:00,2025-07-25 07:00:00,56.209844497627685,79.0
2025-07-26 08:00:00,2025-07-25 08:00:00,226.46041887799282,243.0
2025-07-26 09:00:00,2025-07-25 09:00:00,425.6347581863014,423.0
2025-07-26 10:00:00,2025-07-25 10:00:00,623.2626731367166,615.0
2025-07-26 11:00:00,2025-07-25 11:00:00,779.9010015132847,784.0
2025-07-26 12:00:00,2025-07-25 12:00:00,903.9413315901362,897.0
2025-07-26 13:00:00,2025-07-25 13:00:00,950.8870435112879,951.0
2025-07-26 14:00:00,2025-07-25 14:00:00,945.1431432389661,942.0
2025-07-26 15:00:00,2025-07-25 15:00:00,884.500843344886,877.0
2025-07-26 16:00:00,2025-07-25 16:00:00,767.4327394435694,758.0
2025-07-26 17:00:00,2025-07-25 17:00:00,606.3651596047166,594.0
2025-07-26 18:00:00,2025-07-25 18:00:00,404.4322637661771,398.0
2025-07-26 19:00:00,2025-07-25 19:00:00,206.84174196976542,208.0
2025-07-26 20:00:00,2025-07-25 20:00:00,42.43752009098986,53.0
2025-07-26 21:00:00,2025-07-25 21:00:00,0.5551162334053105,0.0
2025-07-26 22:00:00,2025-07-25 22:00:00,0.5551162334053105,0.0
2025-07-26 23:00:00,2025-07-25 23:00:00,0.5551162334053105,0.0
2025-07-27 00:00:00,2025-07-26 00:00:00,0.4679836958376043,0.0
2025-07-27 01:00:00,2025-07-26 01:00:00,0.4679836958376043,0.0
2025-07-27 02:00:00,2025-07-26 02:00:00,0.4679836958376043,0.0
2025-07-27 03:00:00,2025-07-26 03:00:00,0.4679836958376043,0.0
2025-07-27 04:00:00,2025-07-26 04:00:00,0.40358308552418337,0.0
2025-07-27 05:00:00,2025-07-26 05:00:00,0.3487481684964193,0.0
2025-07-27 06:00:00,2025-07-26 06:00:00,0.26711962051561405,0.0
2025-07-27 07:00:00,2025-07-26 07:00:00,57.52253226780117,76.0
2025-07-27 08:00:00,2025-07-26 08:00:00,222.94561799985115,237.0
2025-07-27 09:00:00,2025-07-26 09:00:00,412.9857087526063,415.0
2025-07-27 10:00:00,2025-07-26 10:00:00,623.0431709021505,605.0
2025-07-27 11:00:00,2025-07-26 11:00:00,780.5757120513347,774.0
2025-07-27 12:00:00,2025-07-26 12:00:00,888.4506392295727,888.0
2025-07-27 13:00:00,2025-07-26 13:00:00,889.6642284933979,943.0
2025-07-27 14:00:00,2025-07-26 14:00:00,899.2494319447493,935.0
2025-07-27 15:00:00,2025-07-26 15:00:00,841.7753811063515,867.0
2025-07-27 16:00:00,2025-07-26 16:00:00,677.3099271469898,744.0
2025-07-27 17:00:00,2025-07-26 17:00:00,528.2030087332382,579.0
2025-07-27 18:00:00,2025-07-26 18:00:00,356.2151728577969,387.0
2025-07-27 19:00:00,2025-07-26 19:00:00,193.05254414170497,202.0
2025-07-27 20:00:00,2025-07-26 20:00:00,38.69448819698811,50.0
2025-07-27 21:00:00,2025-07-26 21:00:00,0.713691695278709,0.0
2025-07-27 22:00:00,2025-07-26 22:00:00,0.713691695278709,0.0
2025-07-27 23:00:00,2025-07-26 23:00:00,0.5551162334053105,0.0
2025-07-28 00:00:00,2025-07-27 00:00:00,0.4679836958376043,0.0
2025-07-28 01:00:00,2025-07-27 01:00:00,0.4679836958376043,0.0
2025-07-28 02:00:00,2025-07-27 02:00:00,0.4679836958376043,0.0
2025-07-28 03:00:00,2025-07-27 03:00:00,0.4679836958376043,0.0
2025-07-28 04:00:00,2025-07-27 04:00:00,0.391568929328968,0.0
2025-07-28 05:00:00,2025-07-27 05:00:00,0.0,0.0
2025-07-28 06:00:00,2025-07-27 06:00:00,0.6406410344947806,0.0
2025-07-28 07:00:00,2025-07-27 07:00:00,50.00253081767057,69.0
2025-07-28 08:00:00,2025-07-27 08:00:00,219.90996436332745,220.0
2025-07-28 09:00:00,2025-07-27 09:00:00,400.2490411835666,391.0
2025-07-28 10:00:00,2025-07-27 10:00:00,607.1422444982389,581.0
2025-07-28 11:00:00,2025-07-27 11:00:00,767.544839808542,753.0
2025-07-28 12:00:00,2025-07-27 12:00:00,857.5790116785503,871.0
2025-07-28 13:00:00,2025-07-27 13:00:00,931.1755594181967,928.0
2025-07-28 14:00:00,2025-07-27 14:00:00,925.6442678725205,923.0
2025-07-28 15:00:00,2025-07-27 15:00:00,861.8855523733263,858.0
2025-07-28 16:00:00,2025-07-27 16:00:00,744.6381399586936,738.0
2025-07-28 17:00:00,2025-07-27 17:00:00,579.6621979541391,573.0
2025-07-28 18:00:00,2025-07-27 18:00:00,384.14911481456386,378.0
2025-07-28 19:00:00,2025-07-27 19:00:00,196.23381680183786,193.0
2025-07-28 20:00:00,2025-07-27 20:00:00,34.991207635257126,46.0
2025-07-28 21:00:00,2025-07-27 21:00:00,0.5551162334053105,0.0
2025-07-28 22:00:00,2025-07-27 22:00:00,0.5551162334053105,0.0
2025-07-28 23:00:00,2025-07-27 23:00:00,0.4358807060641255,0.0
2025-07-29 00:00:00,2025-07-28 00:00:00,0.3487481684964193,0.0
2025-07-29 01:00:00,2025-07-28 01:00:00,1.188377922034625,0.0
2025-07-29 02:00:00,2025-07-28 02:00:00,1.188377922034625,0.0
2025-07-29 03:00:00,2025-07-28 03:00:00,1.188377922034625,0.0
2025-07-29 04:00:00,2025-07-28 04:00:00,0.26711962051561405,0.0
2025-07-29 05:00:00,2025-07-28 05:00:00,0.26711962051561405,0.0
2025-07-29 06:00:00,2025-07-28 06:00:00,0.3147580030934891,0.0
2025-07-29 07:00:00,2025-07-28 07:00:00,52.566938645308376,66.0
2025-07-29 08:00:00,2025-07-28 08:00:00,206.50991397189318,215.0
2025-07-29 09:00:00,2025-07-28 09:00:00,384.2852466780263,386.0
2025-07-29 10:00:00,2025-07-28 10:00:00,607.0009686771064,578.0
2025-07-29 11:00:00,2025-07-28 11:00:00,759.0061864851607,752.0
2025-07-29 12:00:00,2025-07-28 12:00:00,892.4055475909404,871.0
2025-07-29 13:00:00,2025-07-28 13:00:00,933.1707241967292,928.0
2025-07-29 14:00:00,2025-07-28 14:00:00,918.9233061951885,922.0
2025-07-29 15:00:00,2025-07-28 15:00:00,847.3872366726208,855.0
2025-07-29 16:00:00,2025-07-28 16:00:00,709.2840721245346,734.0
2025-07-29 17:00:00,2025-07-28 17:00:00,575.0970410791572,569.0
2025-07-29 18:00:00,2025-07-28 18:00:00,390.5381470295044,376.0
2025-07-29 19:00:00,2025-07-28 19:00:00,186.15602728847264,192.0
2025-07-29 20:00:00,2025-07-28 20:00:00,34.260051182141346,45.0
2025-07-29 21:00:00,2025-07-28 21:00:00,0.5551162334053105,0.0
2025-07-29 22:00:00,2025-07-28 22:00:00,0.5551162334053105,0.0
2025-07-29 23:00:00,2025-07-28 23:00:00,0.5551162334053105,0.0
2025-07-30 00:00:00,2025-07-29 00:00:00,0.45470321342615894,0.0
2025-07-30 01:00:00,2025-07-29 01:00:00,0.3853903983145995,0.0
2025-07-30 02:00:00,2025-07-29 02:00:00,0.3963865510742944,0.0
2025-07-30 03:00:00,2025-07-29 03:00:00,0.3487481684964193,0.0
2025-07-30 04:00:00,2025-07-29 04:00:00,0.41646476920272374,0.0
2025-07-30 05:00:00,2025-07-29 05:00:00,0.26711962051561405,0.0
2025-07-30 06:00:00,2025-07-29 06:00:00,0.26711962051561405,0.0
2025-07-30 07:00:00,2025-07-29 07:00:00,50.363734795382534,67.0
2025-07-30 08:00:00,2025-07-29 08:00:00,212.18547186693095,219.0
2025-07-30 09:00:00,2025-07-29 09:00:00,400.8262550695102,391.0
2025-07-30 10:00:00,2025-07-29 10:00:00,597.6030338838433,582.0
2025-07-30 11:00:00,2025-07-29 11:00:00,745.2109798842005,751.0
2025-07-30 12:00:00,2025-07-29 12:00:00,866.1000423886055,862.0
2025-07-30 13:00:00,2025-07-29 13:00:00,927.1412860700576,911.0
2025-07-30 14:00:00,2025-07-29 14:00:00,911.545700215088,900.0
2025-07-30 15:00:00,2025-07-29 15:00:00,840.8745562892291,835.0
2025-07-30 16:00:00,2025-07-29 16:00:00,744.8725240804116,720.0
2025-07-30 17:00:00,2025-07-29 17:00:00,588.0112184203692,562.0
2025-07-30 18:00:00,2025-07-29 18:00:00,396.36313148305646,375.0
2025-07-30 19:00:00,2025-07-29 19:00:00,188.24483741022115,193.0
2025-07-30 20:00:00,2025-07-29 20:00:00,34.511880373214495,45.0
2025-07-30 21:00:00,2025-07-29 21:00:00,0.5551162334053105,0.0
2025-07-30 22:00:00,2025-07-29 22:00:00,0.5383540056697645,0.0
2025-07-30 23:00:00,2025-07-29 23:00:00,0.4358807060641255,0.0
2025-07-31 00:00:00,2025-07-30 00:00:00,0.3487481684964193,0.0
2025-07-31 01:00:00,2025-07-30 01:00:00,0.3487481684964193,0.0
2025-07-31 02:00:00,2025-07-30 02:00:00,0.41646476920272374,0.0
2025-07-31 03:00:00,2025-07-30 03:00:00,0.3348362212219185,0.0
2025-07-31 04:00:00,2025-07-30 04:00:00,0.26711962051561405,0.0
2025-07-31 05:00:00,2025-07-30 05:00:00,0.3037618503337942,0.0
2025-07-31 06:00:00,2025-07-30 06:00:00,0.3348362212219185,0.0
2025-07-31 07:00:00,2025-07-30 07:00:00,46.23945605870218,63.0
2025-07-31 08:00:00,2025-07-30 08:00:00,200.40550484694714,210.0
2025-07-31 09:00:00,2025-07-30 09:00:00,395.92377958354217,372.0
2025-07-31 10:00:00,2025-07-30 10:00:00,591.2267616809658,545.0
2025-07-31 11:00:00,2025-07-30 11:00:00,737.0488838919208,703.0
2025-07-31 12:00:00,2025-07-30 12:00:00,879.2457137553647,824.0
2025-07-31 13:00:00,2025-07-30 13:00:00,912.6795066189339,896.0
2025-07-31 14:00:00,2025-07-30 14:00:00,901.153354312697,905.0
2025-07-31 15:00:00,2025-07-30 15:00:00,847.495924774997,848.0
2025-07-31 16:00:00,2025-07-30 16:00:00,735.8643848438867,732.0
2025-07-31 17:00:00,2025-07-30 17:00:00,578.712541982298,569.0
2025-07-31 18:00:00,2025-07-30 18:00:00,377.14110793985844,373.0
2025-07-31 19:00:00,2025-07-30 19:00:00,175.21271171979328,186.0
2025-07-31 20:00:00,2025-07-30 20:00:00,31.993565618779893,41.0
2025-07-31 21:00:00,2025-07-30 21:00:00,0.4358807060641255,0.0
2025-07-31 22:00:00,2025-07-30 22:00:00,0.4358807060641255,0.0
2025-07-31 23:00:00,2025-07-30 23:00:00,0.4358807060641255,0.0
2025-08-01 00:00:00,2025-07-31 00:00:00,0.3487481684964193,0.0
2025-08-01 01:00:00,2025-07-31 01:00:00,0.3348362212219185,0.0
2025-08-01 02:00:00,2025-07-31 02:00:00,0.3487481684964193,0.0
2025-08-01 03:00:00,2025-07-31 03:00:00,0.3963865510742944,0.0
2025-08-01 04:00:00,2025-07-31 04:00:00,0.3963865510742944,0.0
2025-08-01 05:00:00,2025-07-31 05:00:00,0.3963865510742944,0.0
2025-08-01 06:00:00,2025-07-31 06:00:00,0.3963865510742944,0.0
2025-08-01 07:00:00,2025-07-31 07:00:00,50.55460939417124,65.0
2025-08-01 08:00:00,2025-07-31 08:00:00,204.11915930581515,220.0
2025-08-01 09:00:00,2025-07-31 09:00:00,396.9770416040891,385.0
2025-08-01 10:00:00,2025-07-31 10:00:00,554.8222308183065,555.0
2025-08-01 11:00:00,2025-07-31 11:00:00,712.8003745797148,705.0
2025-08-01 12:00:00,2025-07-31 12:00:00,792.2458270467839,809.0
2025-08-01 13:00:00,2025-07-31 13:00:00,882.3245892907477,862.0
2025-08-01 14:00:00,2025-07-31 14:00:00,887.5541065259135,857.0
2025-08-01 15:00:00,2025-07-31 15:00:00,802.4558133593283,797.0
2025-08-01 16:00:00,2025-07-31 16:00:00,711.4693941015216,686.0
2025-08-01 17:00:00,2025-07-31 17:00:00,567.5450233096227,531.0
2025-08-01 18:00:00,2025-07-31 18:00:00,340.4542825100626,345.0
2025-08-01 19:00:00,2025-07-31 19:00:00,164.034721153999,170.0
2025-08-01 20:00:00,2025-07-31 20:00:00,31.01147415501806,36.0
2025-08-01 21:00:00,2025-07-31 21:00:00,0.47252293588230565,0.0
2025-08-01 22:00:00,2025-07-31 22:00:00,0.551235689348305,0.0
2025-08-01 23:00:00,2025-07-31 23:00:00,0.551235689348305,0.0
2025-08-02 00:00:00,2025-08-01 00:00:00,0.41646476920272374,0.0
2025-08-02 01:00:00,2025-08-01 01:00:00,0.3348362212219185,0.0
2025-08-02 02:00:00,2025-08-01 02:00:00,0.3348362212219185,0.0
2025-08-02 03:00:00,2025-08-01 03:00:00,0.41646476920272374,0.0
2025-08-02 04:00:00,2025-08-01 04:00:00,0.41646476920272374,0.0
2025-08-02 05:00:00,2025-08-01 05:00:00,0.3348362212219185,0.0
2025-08-02 06:00:00,2025-08-01 06:00:00,0.3348362212219185,0.0
2025-08-02 07:00:00,2025-08-01 07:00:00,33.642582191629515,57.0
2025-08-02 08:00:00,2025-08-01 08:00:00,184.92091105209218,199.0
2025-08-02 09:00:00,2025-08-01 09:00:00,358.6733336022468,358.0
2025-08-02 10:00:00,2025-08-01 10:00:00,567.6784691320972,534.0
2025-08-02 11:00:00,2025-08-01 11:00:00,721.5519223385375,696.0
2025-08-02 12:00:00,2025-08-01 12:00:00,851.4515866080626,817.0
2025-08-02 13:00:00,2025-08-01 13:00:00,901.243452444662,887.0
2025-08-02 14:00:00,2025-08-01 14:00:00,876.7752565700405,897.0
2025-08-02 15:00:00,2025-08-01 15:00:00,841.7333539620299,846.0
2025-08-02 16:00:00,2025-08-01 16:00:00,747.0422869021264,738.0
2025-08-02 17:00:00,2025-08-01 17:00:00,590.0611305375879,578.0
2025-08-02 18:00:00,2025-08-01 18:00:00,360.79582405452953,380.0
2025-08-02 19:00:00,2025-08-01 19:00:00,176.16611933033334,189.0
2025-08-02 20:00:00,2025-08-01 20:00:00,30.912794633456702,40.0
2025-08-02 21:00:00,2025-08-01 21:00:00,0.713691695278709,0.0
2025-08-02 22:00:00,2025-08-01 22:00:00,1.3703810110050878,0.0
2025-08-02 23:00:00,2025-08-01 23:00:00,0.551235689348305,0.0
2025-08-03 00:00:00,2025-08-02 00:00:00,0.43302878089247454,0.0
2025-08-03 01:00:00,2025-08-02 01:00:00,0.46410315178059885,0.0
2025-08-03 02:00:00,2025-08-02 02:00:00,0.46410315178059885,0.0
2025-08-03 03:00:00,2025-08-02 03:00:00,0.46410315178059885,0.0
2025-08-03 04:00:00,2025-08-02 04:00:00,0.3824746037997936,0.0
2025-08-03 05:00:00,2025-08-02 05:00:00,0.3824746037997936,0.0
2025-08-03 06:00:00,2025-08-02 06:00:00,0.3824746037997936,0.0
2025-08-03 07:00:00,2025-08-02 07:00:00,43.11709324571843,57.0
2025-08-03 08:00:00,2025-08-02 08:00:00,189.60475788335583,201.0
2025-08-03 09:00:00,2025-08-02 09:00:00,369.0455683052367,368.0
2025-08-03 10:00:00,2025-08-02 10:00:00,544.4788941367593,559.0
2025-08-03 11:00:00,2025-08-02 11:00:00,680.4675527129367,734.0
2025-08-03 12:00:00,2025-08-02 12:00:00,844.9074325146485,857.0
2025-08-03 13:00:00,2025-08-02 13:00:00,898.7464739324506,922.0
2025-08-03 14:00:00,2025-08-02 14:00:00,901.6817896360722,921.0
2025-08-03 15:00:00,2025-08-02 15:00:00,833.7217412442604,857.0
2025-08-03 16:00:00,2025-08-02 16:00:00,737.0625677487513,735.0
2025-08-03 17:00:00,2025-08-02 17:00:00,551.6652246774424,569.0
2025-08-03 18:00:00,2025-08-02 18:00:00,379.2770845556488,372.0
2025-08-03 19:00:00,2025-08-02 19:00:00,171.70640235370757,185.0
2025-08-03 20:00:00,2025-08-02 20:00:00,30.396871206049532,38.0
2025-08-03 21:00:00,2025-08-02 21:00:00,0.713691695278709,0.0
2025-08-03 22:00:00,2025-08-02 22:00:00,0.5749962354879447,0.0
2025-08-03 23:00:00,2025-08-02 23:00:00,1.275510459602331,0.0
2025-08-04 00:00:00,2025-08-03 00:00:00,0.3963865510742944,0.0
2025-08-04 01:00:00,2025-08-03 01:00:00,0.3963865510742944,0.0
2025-08-04 02:00:00,2025-08-03 02:00:00,0.3147580030934891,0.0
2025-08-04 03:00:00,2025-08-03 03:00:00,0.26711962051561405,0.0
2025-08-04 04:00:00,2025-08-03 04:00:00,0.26711962051561405,0.0
2025-08-04 05:00:00,2025-08-03 05:00:00,0.26711962051561405,0.0
2025-08-04 06:00:00,2025-08-03 06:00:00,0.26711962051561405,0.0
2025-08-04 07:00:00,2025-08-03 07:00:00,42.23436852666175,61.0
2025-08-04 08:00:00,2025-08-03 08:00:00,207.55336392730766,219.0
2025-08-04 09:00:00,2025-08-03 09:00:00,405.2364130194758,395.0
2025-08-04 10:00:00,2025-08-03 10:00:00,575.9839934649017,585.0
2025-08-04 11:00:00,2025-08-03 11:00:00,732.9886176993022,754.0
2025-08-04 12:00:00,2025-08-03 12:00:00,820.438870910006,866.0
2025-08-04 13:00:00,2025-08-03 13:00:00,892.0682406943055,917.0
2025-08-04 14:00:00,2025-08-03 14:00:00,912.5579308529088,908.0
2025-08-04 15:00:00,2025-08-03 15:00:00,823.1368461511132,845.0
2025-08-04 16:00:00,2025-08-03 16:00:00,703.0555207105856,730.0
2025-08-04 17:00:00,2025-08-03 17:00:00,567.1936805044611,568.0
2025-08-04 18:00:00,2025-08-03 18:00:00,382.8238022097738,372.0
2025-08-04 19:00:00,2025-08-03 19:00:00,179.1252312982969,185.0
2025-08-04 20:00:00,2025-08-03 20:00:00,27.564687988107977,37.0
2025-08-04 21:00:00,2025-08-03 21:00:00,0.49071562309188954,0.0
2025-08-04 22:00:00,2025-08-03 22:00:00,0.4358807060641255,0.0
2025-08-04 23:00:00,2025-08-03 23:00:00,0.4358807060641255,0.0
2025-08-05 00:00:00,2025-08-04 00:00:00,0.3853903983145995,0.0
2025-08-05 01:00:00,2025-08-04 01:00:00,0.3348362212219185,0.0
2025-08-05 02:00:00,2025-08-04 02:00:00,0.3348362212219185,0.0
2025-08-05 03:00:00,2025-08-04 03:00:00,0.3348362212219185,0.0
2025-08-05 04:00:00,2025-08-04 04:00:00,0.34202412768546075,0.0
2025-08-05 05:00:00,2025-08-04 05:00:00,0.34202412768546075,0.0
2025-08-05 06:00:00,2025-08-04 06:00:00,0.3348362212219185,0.0
2025-08-05 07:00:00,2025-08-04 07:00:00,34.76138996925364,54.0
2025-08-05 08:00:00,2025-08-04 08:00:00,191.53497799116664,198.0
2025-08-05 09:00:00,2025-08-04 09:00:00,394.2665686778942,355.0
2025-08-05 10:00:00,2025-08-04 10:00:00,582.2401533267087,524.0
2025-08-05 11:00:00,2025-08-04 11:00:00,711.0008637961822,679.0
2025-08-05 12:00:00,2025-08-04 12:00:00,794.3299147400878,803.0
2025-08-05 13:00:00,2025-08-04 13:00:00,849.9946936351128,882.0
2025-08-05 14:00:00,2025-08-04 14:00:00,896.1860501779678,893.0
2025-08-05 15:00:00,2025-08-04 15:00:00,807.6197760311693,827.0
2025-08-05 16:00:00,2025-08-04 16:00:00,662.6388076850574,702.0
2025-08-05 17:00:00,2025-08-04 17:00:00,507.31911819522605,537.0
2025-08-05 18:00:00,2025-08-04 18:00:00,349.4633500958542,350.0
2025-08-05 19:00:00,2025-08-04 19:00:00,148.1058948700152,172.0
2025-08-05 20:00:00,2025-08-04 20:00:00,25.937860700278808,34.0
2025-08-05 21:00:00,2025-08-04 21:00:00,0.5551162334053105,0.0
2025-08-05 22:00:00,2025-08-04 22:00:00,0.541835750993865,0.0
2025-08-05 23:00:00,2025-08-04 23:00:00,0.49071562309188954,0.0
2025-08-06 00:00:00,2025-08-05 00:00:00,0.3487481684964193,0.0
2025-08-06 01:00:00,2025-08-05 01:00:00,0.3487481684964193,0.0
2025-08-06 02:00:00,2025-08-05 02:00:00,0.26711962051561405,0.0
2025-08-06 03:00:00,2025-08-05 03:00:00,0.26711962051561405,0.0
2025-08-06 04:00:00,2025-08-05 04:00:00,0.26711962051561405,0.0
2025-08-06 05:00:00,2025-08-05 05:00:00,0.26711962051561405,0.0
2025-08-06 06:00:00,2025-08-05 06:00:00,0.26711962051561405,0.0
2025-08-06 07:00:00,2025-08-05 07:00:00,40.873209655389815,57.0
2025-08-06 08:00:00,2025-08-05 08:00:00,207.2615307171683,212.0
2025-08-06 09:00:00,2025-08-05 09:00:00,396.68127050157835,385.0
2025-08-06 10:00:00,2025-08-05 10:00:00,578.866979890252,574.0
2025-08-06 11:00:00,2025-08-05 11:00:00,714.1866962777665,742.0
2025-08-06 12:00:00,2025-08-05 12:00:00,833.8535791906265,857.0
2025-08-06 13:00:00,2025-08-05 13:00:00,885.9008088763343,912.0
2025-08-06 14:00:00,2025-08-05 14:00:00,901.7288469870751,903.0
2025-08-06 15:00:00,2025-08-05 15:00:00,810.1387648717039,836.0
2025-08-06 16:00:00,2025-08-05 16:00:00,671.5103299806549,715.0
2025-08-06 17:00:00,2025-08-05 17:00:00,535.0172386574603,549.0
2025-08-06 18:00:00,2025-08-05 18:00:00,352.526207614513,354.0
2025-08-06 19:00:00,2025-08-05 19:00:00,160.8963044473661,170.0
2025-08-06 20:00:00,2025-08-05 20:00:00,25.83312600306003,32.0
2025-08-06 21:00:00,2025-08-05 21:00:00,0.5551162334053105,0.0
2025-08-06 22:00:00,2025-08-05 22:00:00,0.5551162334053105,0.0
2025-08-06 23:00:00,2025-08-05 23:00:00,0.4358807060641255,0.0
2025-08-07 00:00:00,2025-08-06 00:00:00,0.3487481684964193,0.0
2025-08-07 01:00:00,2025-08-06 01:00:00,0.3487481684964193,0.0
2025-08-07 02:00:00,2025-08-06 02:00:00,0.3487481684964193,0.0
2025-08-07 03:00:00,2025-08-06 03:00:00,0.3487481684964193,0.0
2025-08-07 04:00:00,2025-08-06 04:00:00,0.26711962051561405,0.0
2025-08-07 05:00:00,2025-08-06 05:00:00,0.26711962051561405,0.0
2025-08-07 06:00:00,2025-08-06 06:00:00,0.26711962051561405,0.0
2025-08-07 07:00:00,2025-08-06 07:00:00,38.4249008478708,54.0
2025-08-07 08:00:00,2025-08-06 08:00:00,189.2910075915203,206.0
2025-08-07 09:00:00,2025-08-06 09:00:00,397.115011401898,380.0
2025-08-07 10:00:00,2025-08-06 10:00:00,579.824240864849,572.0
2025-08-07 11:00:00,2025-08-06 11:00:00,716.7706898763632,746.0
2025-08-07 12:00:00,2025-08-06 12:00:00,839.1016769543826,863.0
2025-08-07 13:00:00,2025-08-06 13:00:00,911.3889114082415,920.0
2025-08-07 14:00:00,2025-08-06 14:00:00,902.2288864651564,914.0
2025-08-07 15:00:00,2025-08-06 15:00:00,822.6302376835056,852.0
2025-08-07 16:00:00,2025-08-06 16:00:00,688.2713776990735,734.0
2025-08-07 17:00:00,2025-08-06 17:00:00,531.7133883348481,570.0
2025-08-07 18:00:00,2025-08-06 18:00:00,359.57890640180733,372.0
2025-08-07 19:00:00,2025-08-06 19:00:00,159.405236975262,182.0
2025-08-07 20:00:00,2025-08-06 20:00:00,24.013122265988056,34.0
2025-08-07 21:00:00,2025-08-06 21:00:00,0.58947413357174,0.0
2025-08-07 22:00:00,2025-08-06 22:00:00,0.5383540056697645,0.0
2025-08-07 23:00:00,2025-08-06 23:00:00,0.4358807060641255,0.0
2025-08-08 00:00:00,2025-08-07 00:00:00,0.3487481684964193,0.0
2025-08-08 01:00:00,2025-08-07 01:00:00,0.3963865510742944,0.0
2025-08-08 02:00:00,2025-08-07 02:00:00,0.3487481684964193,0.0
2025-08-08 03:00:00,2025-08-07 03:00:00,0.3963865510742944,0.0
2025-08-08 04:00:00,2025-08-07 04:00:00,0.3487481684964193,0.0
2025-08-08 05:00:00,2025-08-07 05:00:00,0.3963865510742944,0.0
2025-08-08 06:00:00,2025-08-07 06:00:00,0.3963865510742944,0.0
2025-08-08 07:00:00,2025-08-07 07:00:00,40.5510243293151,56.0
2025-08-08 08:00:00,2025-08-07 08:00:00,186.85289347931808,217.0
2025-08-08 09:00:00,2025-08-07 09:00:00,387.60723945965447,398.0
2025-08-08 10:00:00,2025-08-07 10:00:00,583.1879958080356,591.0
2025-08-08 11:00:00,2025-08-07 11:00:00,741.5760852267695,764.0
2025-08-08 12:00:00,2025-08-07 12:00:00,871.262068206889,880.0
2025-08-08 13:00:00,2025-08-07 13:00:00,903.820253851491,935.0
2025-08-08 14:00:00,2025-08-07 14:00:00,918.6911334729681,926.0
2025-08-08 15:00:00,2025-08-07 15:00:00,858.2978805327427,858.0
2025-08-08 16:00:00,2025-08-07 16:00:00,744.0337989494659,735.0
2025-08-08 17:00:00,2025-08-07 17:00:00,574.8000137027697,567.0
2025-08-08 18:00:00,2025-08-07 18:00:00,376.5380767542647,367.0
2025-08-08 19:00:00,2025-08-07 19:00:00,177.34824134870678,178.0
2025-08-08 20:00:00,2025-08-07 20:00:00,23.26287382843214,32.0
2025-08-08 21:00:00,2025-08-07 21:00:00,0.4358807060641255,0.0
2025-08-08 22:00:00,2025-08-07 22:00:00,0.4358807060641255,0.0
2025-08-08 23:00:00,2025-08-07 23:00:00,0.4358807060641255,0.0
2025-08-09 00:00:00,2025-08-08 00:00:00,0.26711962051561405,0.0
2025-08-09 01:00:00,2025-08-08 01:00:00,0.26711962051561405,0.0
2025-08-09 02:00:00,2025-08-08 02:00:00,0.26711962051561405,0.0
2025-08-09 03:00:00,2025-08-08 03:00:00,0.26711962051561405,0.0
2025-08-09 04:00:00,2025-08-08 04:00:00,0.26711962051561405,0.0
2025-08-09 05:00:00,2025-08-08 05:00:00,0.26711962051561405,0.0
2025-08-09 06:00:00,2025-08-08 06:00:00,0.19070485400697776,0.0
2025-08-09 07:00:00,2025-08-08 07:00:00,39.38747368919593,54.0
2025-08-09 08:00:00,2025-08-08 08:00:00,200.8842700135932,211.0
2025-08-09 09:00:00,2025-08-08 09:00:00,401.9441013872739,388.0
2025-08-09 10:00:00,2025-08-08 10:00:00,588.1320956564543,578.0
2025-08-09 11:00:00,2025-08-08 11:00:00,751.4511977363492,748.0
2025-08-09 12:00:00,2025-08-08 12:00:00,871.9443224069416,863.0
2025-08-09 13:00:00,2025-08-08 13:00:00,919.503289348381,918.0
2025-08-09 14:00:00,2025-08-08 14:00:00,921.6370664551945,910.0
2025-08-09 15:00:00,2025-08-08 15:00:00,848.1777171218715,844.0
2025-08-09 16:00:00,2025-08-08 16:00:00,740.7700402933109,723.0
2025-08-09 17:00:00,2025-08-08 17:00:00,569.971437519973,557.0
2025-08-09 18:00:00,2025-08-08 18:00:00,367.81087279279666,360.0
2025-08-09 19:00:00,2025-08-08 19:00:00,173.98099923437908,173.0
2025-08-09 20:00:00,2025-08-08 20:00:00,22.099441396817383,30.0
2025-08-09 21:00:00,2025-08-08 21:00:00,0.5551162334053105,0.0
2025-08-09 22:00:00,2025-08-08 22:00:00,0.5551162334053105,0.0
2025-08-09 23:00:00,2025-08-08 23:00:00,0.49071562309188954,0.0
2025-08-10 00:00:00,2025-08-09 00:00:00,0.3487481684964193,0.0
2025-08-10 01:00:00,2025-08-09 01:00:00,0.3487481684964193,0.0
2025-08-10 02:00:00,2025-08-09 02:00:00,0.3487481684964193,0.0
2025-08-10 03:00:00,2025-08-09 03:00:00,0.26711962051561405,0.0
2025-08-10 04:00:00,2025-08-09 04:00:00,0.3487481684964193,0.0
2025-08-10 05:00:00,2025-08-09 05:00:00,0.3487481684964193,0.0
2025-08-10 06:00:00,2025-08-09 06:00:00,0.3487481684964193,0.0
2025-08-10 07:00:00,2025-08-09 07:00:00,34.20240785326084,52.0
2025-08-10 08:00:00,2025-08-09 08:00:00,188.60799019166052,209.0
2025-08-10 09:00:00,2025-08-09 09:00:00,395.1064746992043,387.0
2025-08-10 10:00:00,2025-08-09 10:00:00,575.8503190726725,579.0
2025-08-10 11:00:00,2025-08-09 11:00:00,754.9660619160068,752.0
2025-08-10 12:00:00,2025-08-09 12:00:00,845.9099849626767,869.0
2025-08-10 13:00:00,2025-08-09 13:00:00,911.1696299944186,925.0
2025-08-10 14:00:00,2025-08-09 14:00:00,906.1904598639818,917.0
2025-08-10 15:00:00,2025-08-09 15:00:00,841.8309370901351,849.0
2025-08-10 16:00:00,2025-08-09 16:00:00,717.4601005967584,727.0
2025-08-10 17:00:00,2025-08-09 17:00:00,558.4703818906281,559.0
2025-08-10 18:00:00,2025-08-09 18:00:00,353.73527434098463,360.0
2025-08-10 19:00:00,2025-08-09 19:00:00,173.33689703700412,172.0
2025-08-10 20:00:00,2025-08-09 20:00:00,22.210239875021543,28.0
2025-08-10 21:00:00,2025-08-09 21:00:00,0.5551162334053105,0.0
2025-08-10 22:00:00,2025-08-09 22:00:00,0.5551162334053105,0.0
2025-08-10 23:00:00,2025-08-09 23:00:00,0.5551162334053105,0.0
2025-08-11 00:00:00,2025-08-10 00:00:00,0.4679836958376043,0.0
2025-08-11 01:00:00,2025-08-10 01:00:00,0.40358308552418337,0.0
2025-08-11 02:00:00,2025-08-10 02:00:00,0.40358308552418337,0.0
2025-08-11 03:00:00,2025-08-10 03:00:00,0.3487481684964193,0.0
2025-08-11 04:00:00,2025-08-10 04:00:00,0.3487481684964193,0.0
2025-08-11 05:00:00,2025-08-10 05:00:00,0.3487481684964193,0.0
2025-08-11 06:00:00,2025-08-10 06:00:00,0.3487481684964193,0.0
2025-08-11 07:00:00,2025-08-10 07:00:00,36.7779090215344,50.0
2025-08-11 08:00:00,2025-08-10 08:00:00,197.9321629396267,207.0
2025-08-11 09:00:00,2025-08-10 09:00:00,405.9705632550103,384.0
2025-08-11 10:00:00,2025-08-10 10:00:00,590.5406615341227,576.0
2025-08-11 11:00:00,2025-08-10 11:00:00,748.2939945688912,747.0
2025-08-11 12:00:00,2025-08-10 12:00:00,869.5147698782758,863.0
2025-08-11 13:00:00,2025-08-10 13:00:00,908.7231402311427,919.0
2025-08-11 14:00:00,2025-08-10 14:00:00,911.3362383600534,911.0
2025-08-11 15:00:00,2025-08-10 15:00:00,857.0991285729084,845.0
2025-08-11 16:00:00,2025-08-10 16:00:00,744.12540123796,724.0
2025-08-11 17:00:00,2025-08-10 17:00:00,572.6006217687011,558.0
2025-08-11 18:00:00,2025-08-10 18:00:00,374.72545436039275,360.0
2025-08-11 19:00:00,2025-08-10 19:00:00,167.51743211180022,172.0
2025-08-11 20:00:00,2025-08-10 20:00:00,21.80688407261619,27.0
2025-08-11 21:00:00,2025-08-10 21:00:00,0.5551162334053105,0.0
2025-08-11 22:00:00,2025-08-10 22:00:00,0.5551162334053105,0.0
2025-08-11 23:00:00,2025-08-10 23:00:00,0.5551162334053105,0.0
2025-08-12 00:00:00,2025-08-11 00:00:00,0.40358308552418337,0.0
2025-08-12 01:00:00,2025-08-11 01:00:00,0.3487481684964193,0.0
2025-08-12 02:00:00,2025-08-11 02:00:00,0.3487481684964193,0.0
2025-08-12 03:00:00,2025-08-11 03:00:00,0.3487481684964193,0.0
2025-08-12 04:00:00,2025-08-11 04:00:00,0.3487481684964193,0.0
2025-08-12 05:00:00,2025-08-11 05:00:00,0.3487481684964193,0.0
2025-08-12 06:00:00,2025-08-11 06:00:00,0.3487481684964193,0.0
2025-08-12 07:00:00,2025-08-11 07:00:00,36.791189503945844,50.0
2025-08-12 08:00:00,2025-08-11 08:00:00,197.52084492213567,209.0
2025-08-12 09:00:00,2025-08-11 09:00:00,409.62845017150516,388.0
2025-08-12 10:00:00,2025-08-11 10:00:00,587.4506872749795,582.0
2025-08-12 11:00:00,2025-08-11 11:00:00,760.4062302899317,754.0
2025-08-12 12:00:00,2025-08-11 12:00:00,861.8565000007069,871.0
2025-08-12 13:00:00,2025-08-11 13:00:00,912.3128174310336,927.0
2025-08-12 14:00:00,2025-08-11 14:00:00,911.7476921594574,919.0
2025-08-12 15:00:00,2025-08-11 15:00:00,847.8899184549097,851.0
2025-08-12 16:00:00,2025-08-11 16:00:00,743.0681172746135,727.0
2025-08-12 17:00:00,2025-08-11 17:00:00,560.4045071035097,558.0
2025-08-12 18:00:00,2025-08-11 18:00:00,365.23824129479794,358.0
2025-08-12 19:00:00,2025-08-11 19:00:00,156.35741534287396,168.0
2025-08-12 20:00:00,2025-08-11 20:00:00,20.688608890731523,26.0
2025-08-12 21:00:00,2025-08-11 21:00:00,1.4302359841334165,0.0
2025-08-12 22:00:00,2025-08-11 22:00:00,0.5551162334053105,0.0
2025-08-12 23:00:00,2025-08-11 23:00:00,0.4787014668966741,0.0
2025-08-13 00:00:00,2025-08-12 00:00:00,0.391568929328968,0.0
2025-08-13 01:00:00,2025-08-12 01:00:00,0.4679836958376043,0.0
2025-08-13 02:00:00,2025-08-12 02:00:00,0.4679836958376043,0.0
2025-08-13 03:00:00,2025-08-12 03:00:00,0.4679836958376043,0.0
2025-08-13 04:00:00,2025-08-12 04:00:00,0.4679836958376043,0.0
2025-08-13 05:00:00,2025-08-12 05:00:00,0.4679836958376043,0.0
2025-08-13 06:00:00,2025-08-12 06:00:00,0.4679836958376043,0.0
2025-08-13 07:00:00,2025-08-12 07:00:00,32.70236407009568,47.0
2025-08-13 08:00:00,2025-08-12 08:00:00,196.49068243565378,204.0
2025-08-13 09:00:00,2025-08-12 09:00:00,401.9516918191745,381.0
2025-08-13 10:00:00,2025-08-12 10:00:00,586.8648865742922,573.0
2025-08-13 11:00:00,2025-08-12 11:00:00,760.5657010902249,745.0
2025-08-13 12:00:00,2025-08-12 12:00:00,852.0767489763401,861.0
2025-08-13 13:00:00,2025-08-12 13:00:00,916.518685490276,916.0
2025-08-13 14:00:00,2025-08-12 14:00:00,910.9194200134236,908.0
2025-08-13 15:00:00,2025-08-12 15:00:00,843.8679659373227,839.0
2025-08-13 16:00:00,2025-08-12 16:00:00,731.5926953599012,716.0
2025-08-13 17:00:00,2025-08-12 17:00:00,556.47010342556,549.0
2025-08-13 18:00:00,2025-08-12 18:00:00,351.13313183720436,351.0
2025-08-13 19:00:00,2025-08-12 19:00:00,153.87930151629257,164.0
2025-08-13 20:00:00,2025-08-12 20:00:00,19.299912980736547,24.0
2025-08-13 21:00:00,2025-08-12 21:00:00,0.19846224847254249,0.0
2025-08-13 22:00:00,2025-08-12 22:00:00,0.5551162334053105,0.0
2025-08-13 23:00:00,2025-08-12 23:00:00,0.5551162334053105,0.0
2025-08-14 00:00:00,2025-08-13 00:00:00,0.4679836958376043,0.0
2025-08-14 01:00:00,2025-08-13 01:00:00,0.4679836958376043,0.0
2025-08-14 02:00:00,2025-08-13 02:00:00,0.4679836958376043,0.0
2025-08-14 03:00:00,2025-08-13 03:00:00,0.4679836958376043,0.0
2025-08-14 04:00:00,2025-08-13 04:00:00,0.4679836958376043,0.0
2025-08-14 05:00:00,2025-08-13 05:00:00,0.4679836958376043,0.0
2025-08-14 06:00:00,2025-08-13 06:00:00,0.6265591577110029,0.0
2025-08-14 07:00:00,2025-08-13 07:00:00,33.113552519137215,46.0
2025-08-14 08:00:00,2025-08-13 08:00:00,185.61559806674572,202.0
2025-08-14 09:00:00,2025-08-13 09:00:00,385.5694732761934,379.0
2025-08-14 10:00:00,2025-08-13 10:00:00,572.5623595497726,571.0
2025-08-14 11:00:00,2025-08-13 11:00:00,737.2261241812711,742.0
2025-08-14 12:00:00,2025-08-13 12:00:00,855.1787017109518,858.0
2025-08-14 13:00:00,2025-08-13 13:00:00,905.9448570903944,913.0
2025-08-14 14:00:00,2025-08-13 14:00:00,904.47049121257,905.0
2025-08-14 15:00:00,2025-08-13 15:00:00,843.8679659373227,838.0
2025-08-14 16:00:00,2025-08-13 16:00:00,744.9920835010909,716.0
2025-08-14 17:00:00,2025-08-13 17:00:00,554.6541315493279,549.0
2025-08-14 18:00:00,2025-08-13 18:00:00,365.66950324429,350.0
2025-08-14 19:00:00,2025-08-13 19:00:00,153.3179934328938,162.0
2025-08-14 20:00:00,2025-08-13 20:00:00,17.925052253282463,23.0
2025-08-14 21:00:00,2025-08-13 21:00:00,0.19846224847254249,0.0
2025-08-14 22:00:00,2025-08-13 22:00:00,0.19846224847254249,0.0
2025-08-14 23:00:00,2025-08-13 23:00:00,0.14221378256472597,0.0
2025-08-15 00:00:00,2025-08-14 00:00:00,0.0,0.0
2025-08-15 01:00:00,2025-08-14 01:00:00,0.0,0.0
2025-08-15 02:00:00,2025-08-14 02:00:00,0.0,0.0
2025-08-15 03:00:00,2025-08-14 03:00:00,0.0,0.0
2025-08-15 04:00:00,2025-08-14 04:00:00,9.31102337765239,0.0
2025-08-15 05:00:00,2025-08-14 05:00:00,9.31102337765239,0.0
2025-08-15 06:00:00,2025-08-14 06:00:00,2.0132355537644684,0.0
2025-08-15 07:00:00,2025-08-14 07:00:00,28.46546101036212,46.0
2025-08-15 08:00:00,2025-08-14 08:00:00,183.52435948509645,207.0
2025-08-15 09:00:00,2025-08-14 09:00:00,397.90816527747563,388.0
2025-08-15 10:00:00,2025-08-14 10:00:00,583.1244323988739,581.0
2025-08-15 11:00:00,2025-08-14 11:00:00,753.1482553782847,753.0
2025-08-15 12:00:00,2025-08-14 12:00:00,865.8274365162224,873.0
2025-08-15 13:00:00,2025-08-14 13:00:00,912.4973178598987,932.0
2025-08-15 14:00:00,2025-08-14 14:00:00,913.9794873320074,924.0
2025-08-15 15:00:00,2025-08-14 15:00:00,842.900850353606,853.0
2025-08-15 16:00:00,2025-08-14 16:00:00,731.000531543857,725.0
2025-08-15 17:00:00,2025-08-14 17:00:00,549.7673322479804,550.0
2025-08-15 18:00:00,2025-08-14 18:00:00,363.455277816953,345.0
2025-08-15 19:00:00,2025-08-14 19:00:00,155.29945424288317,154.0
2025-08-15 20:00:00,2025-08-14 20:00:00,20.945555385632666,20.0
2025-08-15 21:00:00,2025-08-14 21:00:00,2.682865718358707,0.0
2025-08-15 22:00:00,2025-08-14 22:00:00,2.682865718358707,0.0
2025-08-15 23:00:00,2025-08-14 23:00:00,1.5888114460068146,0.0
2025-08-16 00:00:00,2025-08-15 00:00:00,1.283248473437382,0.0
2025-08-16 01:00:00,2025-08-15 01:00:00,0.6265591577110029,0.0
2025-08-16 02:00:00,2025-08-15 02:00:00,1.283248473437382,0.0
2025-08-16 03:00:00,2025-08-15 03:00:00,0.6576335285991273,0.0
2025-08-16 04:00:00,2025-08-15 04:00:00,0.6576335285991273,0.0
2025-08-16 05:00:00,2025-08-15 05:00:00,1.283248473437382,0.0
2025-08-16 06:00:00,2025-08-15 06:00:00,2.0996110079899704,0.0
2025-08-16 07:00:00,2025-08-15 07:00:00,27.300211422659487,40.0
2025-08-16 08:00:00,2025-08-15 08:00:00,148.0386942160566,184.0
2025-08-16 09:00:00,2025-08-15 09:00:00,353.6901753755537,348.0
2025-08-16 10:00:00,2025-08-15 10:00:00,560.7955088851081,523.0
2025-08-16 11:00:00,2025-08-15 11:00:00,724.5474006585372,683.0
2025-08-16 12:00:00,2025-08-15 12:00:00,831.2845611259105,803.0
2025-08-16 13:00:00,2025-08-15 13:00:00,906.7987677768491,872.0
2025-08-16 14:00:00,2025-08-15 14:00:00,901.5498845311879,872.0
2025-08-16 15:00:00,2025-08-15 15:00:00,788.7276658138493,799.0
2025-08-16 16:00:00,2025-08-15 16:00:00,710.4209489197459,668.0
2025-08-16 17:00:00,2025-08-15 17:00:00,519.0590824399771,500.0
2025-08-16 18:00:00,2025-08-15 18:00:00,321.96037901833324,312.0
2025-08-16 19:00:00,2025-08-15 19:00:00,146.80055533872846,140.0
2025-08-16 20:00:00,2025-08-15 20:00:00,18.500420184344733,17.0
2025-08-16 21:00:00,2025-08-15 21:00:00,0.713691695278709,0.0
2025-08-16 22:00:00,2025-08-15 22:00:00,0.9841983740197968,0.0
2025-08-16 23:00:00,2025-08-15 23:00:00,0.606070606376069,0.0
2025-08-17 00:00:00,2025-08-16 00:00:00,0.46410315178059885,0.0
2025-08-17 01:00:00,2025-08-16 01:00:00,0.46410315178059885,0.0
2025-08-17 02:00:00,2025-08-16 02:00:00,0.46410315178059885,0.0
2025-08-17 03:00:00,2025-08-16 03:00:00,0.43302878089247454,0.0
2025-08-17 04:00:00,2025-08-16 04:00:00,0.46410315178059885,0.0
2025-08-17 05:00:00,2025-08-16 05:00:00,0.43302878089247454,0.0
2025-08-17 06:00:00,2025-08-16 06:00:00,0.43302878089247454,0.0
2025-08-17 07:00:00,2025-08-16 07:00:00,27.21402514524618,38.0
2025-08-17 08:00:00,2025-08-16 08:00:00,174.76949547824734,177.0
2025-08-17 09:00:00,2025-08-16 09:00:00,363.7553777406059,340.0
2025-08-17 10:00:00,2025-08-16 10:00:00,525.7463260539303,521.0
2025-08-17 11:00:00,2025-08-16 11:00:00,711.1216619575822,688.0
2025-08-17 12:00:00,2025-08-16 12:00:00,815.9017006173981,812.0
2025-08-17 13:00:00,2025-08-16 13:00:00,865.4796758613427,883.0
2025-08-17 14:00:00,2025-08-16 14:00:00,896.8815234365767,886.0
2025-08-17 15:00:00,2025-08-16 15:00:00,829.3545140465988,820.0
2025-08-17 16:00:00,2025-08-16 16:00:00,710.3175513502553,693.0
2025-08-17 17:00:00,2025-08-16 17:00:00,528.8104548254215,523.0
2025-08-17 18:00:00,2025-08-16 18:00:00,343.08338783913695,326.0
2025-08-17 19:00:00,2025-08-16 19:00:00,143.8141709041769,144.0
2025-08-17 20:00:00,2025-08-16 20:00:00,15.042530974478687,17.0
2025-08-17 21:00:00,2025-08-16 21:00:00,0.713691695278709,0.0
2025-08-17 22:00:00,2025-08-16 22:00:00,0.6142895697793077,0.0
2025-08-17 23:00:00,2025-08-16 23:00:00,0.541835750993865,0.0
2025-08-18 00:00:00,2025-08-17 00:00:00,0.3853903983145995,0.0
2025-08-18 01:00:00,2025-08-17 01:00:00,0.3963865510742944,0.0
2025-08-18 02:00:00,2025-08-17 02:00:00,0.43302878089247454,0.0
2025-08-18 03:00:00,2025-08-17 03:00:00,0.43302878089247454,0.0
2025-08-18 04:00:00,2025-08-17 04:00:00,0.43302878089247454,0.0
2025-08-18 05:00:00,2025-08-17 05:00:00,0.3853903983145995,0.0
2025-08-18 06:00:00,2025-08-17 06:00:00,0.41646476920272374,0.0
2025-08-18 07:00:00,2025-08-17 07:00:00,24.739247951819827,39.0
2025-08-18 08:00:00,2025-08-17 08:00:00,169.4416102287609,188.0
2025-08-18 09:00:00,2025-08-17 09:00:00,344.81484966554723,361.0
2025-08-18 10:00:00,2025-08-17 10:00:00,539.6511381079991,549.0
2025-08-18 11:00:00,2025-08-17 11:00:00,725.044412892413,719.0
2025-08-18 12:00:00,2025-08-17 12:00:00,816.3348552688582,837.0
2025-08-18 13:00:00,2025-08-17 13:00:00,898.6979465197102,895.0
2025-08-18 14:00:00,2025-08-17 14:00:00,896.5644851664899,884.0
2025-08-18 15:00:00,2025-08-17 15:00:00,815.8924189771661,803.0
2025-08-18 16:00:00,2025-08-17 16:00:00,681.3548791756587,665.0
2025-08-18 17:00:00,2025-08-17 17:00:00,519.9883196929588,496.0
2025-08-18 18:00:00,2025-08-17 18:00:00,318.6124075246659,311.0
2025-08-18 19:00:00,2025-08-17 19:00:00,133.83217192432397,139.0
2025-08-18 20:00:00,2025-08-17 20:00:00,13.223027086225727,16.0
2025-08-18 21:00:00,2025-08-17 21:00:00,0.5383540056697645,0.0
2025-08-18 22:00:00,2025-08-17 22:00:00,0.4358807060641255,0.0
2025-08-18 23:00:00,2025-08-17 23:00:00,0.48351908864200055,0.0
2025-08-19 00:00:00,2025-08-18 00:00:00,0.3963865510742944,0.0
2025-08-19 01:00:00,2025-08-18 01:00:00,0.3963865510742944,0.0
2025-08-19 02:00:00,2025-08-18 02:00:00,0.3963865510742944,0.0
2025-08-19 03:00:00,2025-08-18 03:00:00,0.3963865510742944,0.0
2025-08-19 04:00:00,2025-08-18 04:00:00,0.3514002329116693,0.0
2025-08-19 05:00:00,2025-08-18 05:00:00,0.3824746037997936,0.0
2025-08-19 06:00:00,2025-08-18 06:00:00,0.3824746037997936,0.0
2025-08-19 07:00:00,2025-08-18 07:00:00,24.01700772271617,33.0
2025-08-19 08:00:00,2025-08-18 08:00:00,157.91625501688435,162.0
2025-08-19 09:00:00,2025-08-18 09:00:00,346.2818488902384,319.0
2025-08-19 10:00:00,2025-08-18 10:00:00,533.9679944880259,501.0
2025-08-19 11:00:00,2025-08-18 11:00:00,696.1885850620756,672.0
2025-08-19 12:00:00,2025-08-18 12:00:00,818.7635518611738,797.0
2025-08-19 13:00:00,2025-08-18 13:00:00,837.993856233876,869.0
2025-08-19 14:00:00,2025-08-18 14:00:00,821.819703422792,875.0
2025-08-19 15:00:00,2025-08-18 15:00:00,811.7698962919786,817.0
2025-08-19 16:00:00,2025-08-18 16:00:00,687.404211247719,700.0
2025-08-19 17:00:00,2025-08-18 17:00:00,520.9497084623985,534.0
2025-08-19 18:00:00,2025-08-18 18:00:00,332.0235552364306,335.0
2025-08-19 19:00:00,2025-08-18 19:00:00,131.1279111083976,147.0
2025-08-19 20:00:00,2025-08-18 20:00:00,12.668185486821702,16.0
2025-08-19 21:00:00,2025-08-18 21:00:00,0.5035973067704299,0.0
2025-08-19 22:00:00,2025-08-18 22:00:00,0.5035973067704299,0.0
2025-08-19 23:00:00,2025-08-18 23:00:00,0.42196875878962464,0.0
2025-08-20 00:00:00,2025-08-19 00:00:00,0.3037618503337942,0.0
2025-08-20 01:00:00,2025-08-19 01:00:00,0.26711962051561405,0.0
2025-08-20 02:00:00,2025-08-19 02:00:00,0.3037618503337942,0.0
2025-08-20 03:00:00,2025-08-19 03:00:00,0.3037618503337942,0.0
2025-08-20 04:00:00,2025-08-19 04:00:00,0.3348362212219185,0.0
2025-08-20 05:00:00,2025-08-19 05:00:00,0.3348362212219185,0.0
2025-08-20 06:00:00,2025-08-19 06:00:00,0.3824746037997936,0.0
2025-08-20 07:00:00,2025-08-19 07:00:00,23.57038456956308,38.0
2025-08-20 08:00:00,2025-08-19 08:00:00,155.8908082319763,190.0
2025-08-20 09:00:00,2025-08-19 09:00:00,338.8276775943289,366.0
2025-08-20 10:00:00,2025-08-19 10:00:00,546.0030774667181,557.0
2025-08-20 11:00:00,2025-08-19 11:00:00,727.2078282870636,729.0
2025-08-20 12:00:00,2025-08-19 12:00:00,844.8418692470766,846.0
2025-08-20 13:00:00,2025-08-19 13:00:00,903.8804081898936,903.0
2025-08-20 14:00:00,2025-08-19 14:00:00,901.0533263364538,895.0
2025-08-20 15:00:00,2025-08-19 15:00:00,837.4507390474772,825.0
2025-08-20 16:00:00,2025-08-19 16:00:00,710.4860785366807,700.0
2025-08-20 17:00:00,2025-08-19 17:00:00,534.7788333516089,530.0
2025-08-20 18:00:00,2025-08-19 18:00:00,335.16014602270536,331.0
2025-08-20 19:00:00,2025-08-19 19:00:00,137.6056424282432,144.0
2025-08-20 20:00:00,2025-08-19 20:00:00,13.025493672570281,14.0
2025-08-20 21:00:00,2025-08-19 21:00:00,0.48351908864200055,0.0
2025-08-20 22:00:00,2025-08-19 22:00:00,0.4358807060641255,0.0
2025-08-20 23:00:00,2025-08-19 23:00:00,0.4358807060641255,0.0
2025-08-21 00:00:00,2025-08-20 00:00:00,0.26711962051561405,0.0
2025-08-21 01:00:00,2025-08-20 01:00:00,0.3147580030934891,0.0
2025-08-21 02:00:00,2025-08-20 02:00:00,0.3147580030934891,0.0
2025-08-21 03:00:00,2025-08-20 03:00:00,0.3147580030934891,0.0
2025-08-21 04:00:00,2025-08-20 04:00:00,0.26711962051561405,0.0
2025-08-21 05:00:00,2025-08-20 05:00:00,0.26711962051561405,0.0
2025-08-21 06:00:00,2025-08-20 06:00:00,0.3037618503337942,0.0
2025-08-21 07:00:00,2025-08-20 07:00:00,20.72930425334697,36.0
2025-08-21 08:00:00,2025-08-20 08:00:00,155.32378843062455,185.0
2025-08-21 09:00:00,2025-08-20 09:00:00,348.3235427322464,359.0
2025-08-21 10:00:00,2025-08-20 10:00:00,549.5793748492591,551.0
2025-08-21 11:00:00,2025-08-20 11:00:00,723.3390968835322,722.0
2025-08-21 12:00:00,2025-08-20 12:00:00,840.1354046236628,836.0
2025-08-21 13:00:00,2025-08-20 13:00:00,910.7687809966917,886.0
2025-08-21 14:00:00,2025-08-20 14:00:00,902.4828345600331,873.0
2025-08-21 15:00:00,2025-08-20 15:00:00,823.5020680507773,803.0
2025-08-21 16:00:00,2025-08-20 16:00:00,705.0949403709725,679.0
2025-08-21 17:00:00,2025-08-20 17:00:00,530.5668624925064,512.0
2025-08-21 18:00:00,2025-08-20 18:00:00,330.9132907841933,318.0
2025-08-21 19:00:00,2025-08-20 19:00:00,126.55976922200556,137.0
2025-08-21 20:00:00,2025-08-20 20:00:00,11.190432636130549,13.0
2025-08-21 21:00:00,2025-08-20 21:00:00,0.4358807060641255,0.0
2025-08-21 22:00:00,2025-08-20 22:00:00,0.4358807060641255,0.0
2025-08-21 23:00:00,2025-08-20 23:00:00,0.3542521580833202,0.0
2025-08-22 00:00:00,2025-08-21 00:00:00,0.26711962051561405,0.0
2025-08-22 01:00:00,2025-08-21 01:00:00,0.26711962051561405,0.0
2025-08-22 02:00:00,2025-08-21 02:00:00,0.26711962051561405,0.0
2025-08-22 03:00:00,2025-08-21 03:00:00,0.26711962051561405,0.0
2025-08-22 04:00:00,2025-08-21 04:00:00,0.26711962051561405,0.0
2025-08-22 05:00:00,2025-08-21 05:00:00,0.26711962051561405,0.0
2025-08-22 06:00:00,2025-08-21 06:00:00,0.26711962051561405,0.0
2025-08-22 07:00:00,2025-08-21 07:00:00,22.620082880323974,36.0
2025-08-22 08:00:00,2025-08-21 08:00:00,175.71782808887062,189.0
2025-08-22 09:00:00,2025-08-21 09:00:00,374.374106403012,368.0
2025-08-22 10:00:00,2025-08-21 10:00:00,561.7262641356383,559.0
2025-08-22 11:00:00,2025-08-21 11:00:00,740.5933199797205,730.0
2025-08-22 12:00:00,2025-08-21 12:00:00,835.9178073758337,846.0
2025-08-22 13:00:00,2025-08-21 13:00:00,894.3385887602864,900.0
2025-08-22 14:00:00,2025-08-21 14:00:00,882.6414336724623,890.0
2025-08-22 15:00:00,2025-08-21 15:00:00,822.4039104167149,819.0
2025-08-22 16:00:00,2025-08-21 16:00:00,706.9368417849322,692.0
2025-08-22 17:00:00,2025-08-21 17:00:00,516.9697514035091,523.0
2025-08-22 18:00:00,2025-08-21 18:00:00,316.4065170344651,325.0
2025-08-22 19:00:00,2025-08-21 19:00:00,126.13040012407055,140.0
2025-08-22 20:00:00,2025-08-21 20:00:00,9.977956469458546,12.0
2025-08-22 21:00:00,2025-08-21 21:00:00,0.5551162334053105,0.0
2025-08-22 22:00:00,2025-08-21 22:00:00,0.541835750993865,0.0
2025-08-22 23:00:00,2025-08-21 23:00:00,0.49071562309188954,0.0
2025-08-23 00:00:00,2025-08-22 00:00:00,0.3487481684964193,0.0
2025-08-23 01:00:00,2025-08-22 01:00:00,0.3487481684964193,0.0
2025-08-23 02:00:00,2025-08-22 02:00:00,0.3487481684964193,0.0
2025-08-23 03:00:00,2025-08-22 03:00:00,0.3487481684964193,0.0
2025-08-23 04:00:00,2025-08-22 04:00:00,0.3487481684964193,0.0
2025-08-23 05:00:00,2025-08-22 05:00:00,0.3487481684964193,0.0
2025-08-23 06:00:00,2025-08-22 06:00:00,0.26711962051561405,0.0
2025-08-23 07:00:00,2025-08-22 07:00:00,22.898566391450718,35.0
2025-08-23 08:00:00,2025-08-22 08:00:00,177.14956730695732,189.0
2025-08-23 09:00:00,2025-08-22 09:00:00,379.2560082941569,369.0
2025-08-23 10:00:00,2025-08-22 10:00:00,578.1657337080777,562.0
2025-08-23 11:00:00,2025-08-22 11:00:00,744.0592541959094,733.0
2025-08-23 12:00:00,2025-08-22 12:00:00,858.8852935722489,849.0
2025-08-23 13:00:00,2025-08-22 13:00:00,907.7874274385653,903.0
2025-08-23 14:00:00,2025-08-22 14:00:00,883.6202520468883,892.0
2025-08-23 15:00:00,2025-08-22 15:00:00,822.7605188927139,819.0
2025-08-23 16:00:00,2025-08-22 16:00:00,694.6557506485234,690.0
2025-08-23 17:00:00,2025-08-22 17:00:00,516.4407176515537,519.0
2025-08-23 18:00:00,2025-08-22 18:00:00,317.893162670761,320.0
2025-08-23 19:00:00,2025-08-22 19:00:00,122.73552794640254,135.0
2025-08-23 20:00:00,2025-08-22 20:00:00,8.580840280890667,11.0
2025-08-23 21:00:00,2025-08-22 21:00:00,0.5551162334053105,0.0
2025-08-23 22:00:00,2025-08-22 22:00:00,0.5551162334053105,0.0
2025-08-23 23:00:00,2025-08-22 23:00:00,0.5551162334053105,0.0
2025-08-24 00:00:00,2025-08-23 00:00:00,0.4679836958376043,0.0
2025-08-24 01:00:00,2025-08-23 01:00:00,0.4679836958376043,0.0
2025-08-24 02:00:00,2025-08-23 02:00:00,0.40358308552418337,0.0
2025-08-24 03:00:00,2025-08-23 03:00:00,0.3487481684964193,0.0
2025-08-24 04:00:00,2025-08-23 04:00:00,0.3487481684964193,0.0
2025-08-24 05:00:00,2025-08-23 05:00:00,0.26711962051561405,0.0
2025-08-24 06:00:00,2025-08-23 06:00:00,0.27233340198778305,0.0
2025-08-24 07:00:00,2025-08-23 07:00:00,22.16054545304925,32.0
2025-08-24 08:00:00,2025-08-23 08:00:00,162.95402760920584,178.0
2025-08-24 09:00:00,2025-08-23 09:00:00,354.76417406526946,346.0
2025-08-24 10:00:00,2025-08-23 10:00:00,568.4774605082752,524.0
2025-08-24 11:00:00,2025-08-23 11:00:00,703.2109930411583,682.0
2025-08-24 12:00:00,2025-08-23 12:00:00,818.5122935154002,794.0
2025-08-24 13:00:00,2025-08-23 13:00:00,895.7913851379639,852.0
2025-08-24 14:00:00,2025-08-23 14:00:00,891.6898591247834,848.0
2025-08-24 15:00:00,2025-08-23 15:00:00,815.4108051240186,785.0
2025-08-24 16:00:00,2025-08-23 16:00:00,696.0700447125952,667.0
2025-08-24 17:00:00,2025-08-23 17:00:00,513.2329759649076,502.0
2025-08-24 18:00:00,2025-08-23 18:00:00,321.43749042714063,307.0
2025-08-24 19:00:00,2025-08-23 19:00:00,117.36047680877684,126.0
2025-08-24 20:00:00,2025-08-23 20:00:00,9.236320326330755,9.0
2025-08-24 21:00:00,2025-08-23 21:00:00,0.713691695278709,0.0
2025-08-24 22:00:00,2025-08-23 22:00:00,0.5551162334053105,0.0
2025-08-24 23:00:00,2025-08-23 23:00:00,0.5551162334053105,0.0
2025-08-25 00:00:00,2025-08-24 00:00:00,0.40358308552418337,0.0
2025-08-25 01:00:00,2025-08-24 01:00:00,0.3487481684964193,0.0
2025-08-25 02:00:00,2025-08-24 02:00:00,0.3853903983145995,0.0
2025-08-25 03:00:00,2025-08-24 03:00:00,0.3348362212219185,0.0
2025-08-25 04:00:00,2025-08-24 04:00:00,0.3348362212219185,0.0
2025-08-25 05:00:00,2025-08-24 05:00:00,0.3348362212219185,0.0
2025-08-25 06:00:00,2025-08-24 06:00:00,0.3348362212219185,0.0
2025-08-25 07:00:00,2025-08-24 07:00:00,20.970684037857044,31.0
2025-08-25 08:00:00,2025-08-24 08:00:00,162.9877316438853,179.0
2025-08-25 09:00:00,2025-08-24 09:00:00,350.1066812085055,355.0
2025-08-25 10:00:00,2025-08-24 10:00:00,559.1624308503535,548.0
2025-08-25 11:00:00,2025-08-24 11:00:00,730.1973868045092,722.0
2025-08-25 12:00:00,2025-08-24 12:00:00,828.1313855880447,840.0
2025-08-25 13:00:00,2025-08-24 13:00:00,885.9162625499013,895.0
2025-08-25 14:00:00,2025-08-24 14:00:00,897.7360966338408,884.0
2025-08-25 15:00:00,2025-08-24 15:00:00,798.3880867313588,809.0
2025-08-25 16:00:00,2025-08-24 16:00:00,677.0083394116105,679.0
2025-08-25 17:00:00,2025-08-24 17:00:00,498.28974339475747,506.0
2025-08-25 18:00:00,2025-08-24 18:00:00,307.8430250597464,306.0
2025-08-25 19:00:00,2025-08-24 19:00:00,111.67713696233757,124.0
2025-08-25 20:00:00,2025-08-24 20:00:00,7.632324888643103,8.0
2025-08-25 21:00:00,2025-08-24 21:00:00,1.3703810110050878,0.0
2025-08-25 22:00:00,2025-08-24 22:00:00,0.49071562309188954,0.0
2025-08-25 23:00:00,2025-08-24 23:00:00,0.4358807060641255,0.0
2025-08-26 00:00:00,2025-08-25 00:00:00,0.3487481684964193,0.0
2025-08-26 01:00:00,2025-08-25 01:00:00,0.26711962051561405,0.0
2025-08-26 02:00:00,2025-08-25 02:00:00,0.26711962051561405,0.0
2025-08-26 03:00:00,2025-08-25 03:00:00,0.3147580030934891,0.0
2025-08-26 04:00:00,2025-08-25 04:00:00,0.26711962051561405,0.0
2025-08-26 05:00:00,2025-08-25 05:00:00,0.26711962051561405,0.0
2025-08-26 06:00:00,2025-08-25 06:00:00,0.3037618503337942,0.0
2025-08-26 07:00:00,2025-08-25 07:00:00,20.425455386359406,30.0
2025-08-26 08:00:00,2025-08-25 08:00:00,162.16612944101382,177.0
2025-08-26 09:00:00,2025-08-25 09:00:00,361.87385367306507,347.0
2025-08-26 10:00:00,2025-08-25 10:00:00,553.445311419141,527.0
2025-08-26 11:00:00,2025-08-25 11:00:00,690.3395825248665,686.0
2025-08-26 12:00:00,2025-08-25 12:00:00,793.2895047073738,790.0
2025-08-26 13:00:00,2025-08-25 13:00:00,896.6217721100654,834.0
2025-08-26 14:00:00,2025-08-25 14:00:00,877.0593179694945,822.0
2025-08-26 15:00:00,2025-08-25 15:00:00,782.4718032746899,759.0
2025-08-26 16:00:00,2025-08-25 16:00:00,672.8834801421798,646.0
2025-08-26 17:00:00,2025-08-25 17:00:00,495.4828105239473,487.0
2025-08-26 18:00:00,2025-08-25 18:00:00,307.7475669260516,297.0
2025-08-26 19:00:00,2025-08-25 19:00:00,108.61788672863216,120.0
2025-08-26 20:00:00,2025-08-25 20:00:00,6.556814961562028,7.0
2025-08-26 21:00:00,2025-08-25 21:00:00,0.541835750993865,0.0
2025-08-26 22:00:00,2025-08-25 22:00:00,0.4358807060641255,0.0
2025-08-26 23:00:00,2025-08-25 23:00:00,0.4358807060641255,0.0
2025-08-27 00:00:00,2025-08-26 00:00:00,0.3487481684964193,0.0
2025-08-27 01:00:00,2025-08-26 01:00:00,0.3487481684964193,0.0
2025-08-27 02:00:00,2025-08-26 02:00:00,0.3487481684964193,0.0
2025-08-27 03:00:00,2025-08-26 03:00:00,0.26711962051561405,0.0
2025-08-27 04:00:00,2025-08-26 04:00:00,0.26711962051561405,0.0
2025-08-27 05:00:00,2025-08-26 05:00:00,0.26711962051561405,0.0
2025-08-27 06:00:00,2025-08-26 06:00:00,0.3037618503337942,0.0
2025-08-27 07:00:00,2025-08-26 07:00:00,19.40031354853745,28.0
2025-08-27 08:00:00,2025-08-26 08:00:00,154.78802630668864,170.0
2025-08-27 09:00:00,2025-08-26 09:00:00,353.9612377775255,343.0
2025-08-27 10:00:00,2025-08-26 10:00:00,561.6656898203911,534.0
2025-08-27 11:00:00,2025-08-26 11:00:00,716.1586053743551,707.0
2025-08-27 12:00:00,2025-08-26 12:00:00,834.9508877369908,823.0
2025-08-27 13:00:00,2025-08-26 13:00:00,851.0152354006285,875.0
2025-08-27 14:00:00,2025-08-26 14:00:00,848.0824835020449,865.0
2025-08-27 15:00:00,2025-08-26 15:00:00,767.5511783067692,797.0
2025-08-27 16:00:00,2025-08-26 16:00:00,658.5127020500559,675.0
2025-08-27 17:00:00,2025-08-26 17:00:00,511.14160259502455,505.0
2025-08-27 18:00:00,2025-08-26 18:00:00,312.70098441948096,304.0
2025-08-27 19:00:00,2025-08-26 19:00:00,98.49336555814189,119.0
2025-08-27 20:00:00,2025-08-26 20:00:00,5.730351888382064,6.0
2025-08-27 21:00:00,2025-08-26 21:00:00,0.4358807060641255,0.0
2025-08-27 22:00:00,2025-08-26 22:00:00,0.4358807060641255,0.0
2025-08-27 23:00:00,2025-08-26 23:00:00,0.5035973067704299,0.0
2025-08-28 00:00:00,2025-08-27 00:00:00,0.3487481684964193,0.0
2025-08-28 01:00:00,2025-08-27 01:00:00,0.3348362212219185,0.0
2025-08-28 02:00:00,2025-08-27 02:00:00,0.3824746037997936,0.0
2025-08-28 03:00:00,2025-08-27 03:00:00,0.26711962051561405,0.0
2025-08-28 04:00:00,2025-08-27 04:00:00,0.26711962051561405,0.0
2025-08-28 05:00:00,2025-08-27 05:00:00,0.26711962051561405,0.0
2025-08-28 06:00:00,2025-08-27 06:00:00,0.3348362212219185,0.0
2025-08-28 07:00:00,2025-08-27 07:00:00,18.856944531807557,28.0
2025-08-28 08:00:00,2025-08-27 08:00:00,147.95116433736266,174.0
2025-08-28 09:00:00,2025-08-27 09:00:00,344.5220625246813,351.0
2025-08-28 10:00:00,2025-08-27 10:00:00,533.5366245897529,546.0
2025-08-28 11:00:00,2025-08-27 11:00:00,693.2955081305965,720.0
2025-08-28 12:00:00,2025-08-27 12:00:00,791.7673557016809,838.0
2025-08-28 13:00:00,2025-08-27 13:00:00,859.4805255276129,891.0
2025-08-28 14:00:00,2025-08-27 14:00:00,845.6893058103053,878.0
2025-08-28 15:00:00,2025-08-27 15:00:00,770.8723475604535,804.0
2025-08-28 16:00:00,2025-08-27 16:00:00,663.021158852633,673.0
2025-08-28 17:00:00,2025-08-27 17:00:00,499.4080570963447,500.0
2025-08-28 18:00:00,2025-08-27 18:00:00,311.80036254359237,300.0
2025-08-28 19:00:00,2025-08-27 19:00:00,104.73087744367396,116.0
2025-08-28 20:00:00,2025-08-27 20:00:00,5.061956669201709,6.0
2025-08-28 21:00:00,2025-08-27 21:00:00,0.4358807060641255,0.0
2025-08-28 22:00:00,2025-08-27 22:00:00,0.4358807060641255,0.0
2025-08-28 23:00:00,2025-08-27 23:00:00,0.3542521580833202,0.0
2025-08-29 00:00:00,2025-08-28 00:00:00,0.26711962051561405,0.0
2025-08-29 01:00:00,2025-08-28 01:00:00,0.26711962051561405,0.0
2025-08-29 02:00:00,2025-08-28 02:00:00,0.26711962051561405,0.0
2025-08-29 03:00:00,2025-08-28 03:00:00,0.3348362212219185,0.0
2025-08-29 04:00:00,2025-08-28 04:00:00,0.3348362212219185,0.0
2025-08-29 05:00:00,2025-08-28 05:00:00,0.3348362212219185,0.0
2025-08-29 06:00:00,2025-08-28 06:00:00,0.3348362212219185,0.0
2025-08-29 07:00:00,2025-08-28 07:00:00,18.205910847489392,25.0
2025-08-29 08:00:00,2025-08-28 08:00:00,151.58902389996177,164.0
2025-08-29 09:00:00,2025-08-28 09:00:00,339.8115534253778,336.0
2025-08-29 10:00:00,2025-08-28 10:00:00,522.987598869061,528.0
2025-08-29 11:00:00,2025-08-28 11:00:00,689.7417487852796,704.0
2025-08-29 12:00:00,2025-08-28 12:00:00,799.9007706031537,824.0
2025-08-29 13:00:00,2025-08-28 13:00:00,874.821074946746,881.0
2025-08-29 14:00:00,2025-08-28 14:00:00,825.367320051166,871.0
2025-08-29 15:00:00,2025-08-28 15:00:00,763.7982167785323,799.0
2025-08-29 16:00:00,2025-08-28 16:00:00,653.2848698624069,670.0
2025-08-29 17:00:00,2025-08-28 17:00:00,503.2709417896415,496.0
2025-08-29 18:00:00,2025-08-28 18:00:00,296.6633175053842,294.0
2025-08-29 19:00:00,2025-08-28 19:00:00,97.47719525716231,111.0
2025-08-29 20:00:00,2025-08-28 20:00:00,4.294699328502636,5.0
2025-08-29 21:00:00,2025-08-28 21:00:00,0.3542521580833202,0.0
2025-08-29 22:00:00,2025-08-28 22:00:00,0.3542521580833202,0.0
2025-08-29 23:00:00,2025-08-28 23:00:00,0.3542521580833202,0.0
2025-08-30 00:00:00,2025-08-29 00:00:00,0.3037618503337942,0.0
2025-08-30 01:00:00,2025-08-29 01:00:00,0.26711962051561405,0.0
2025-08-30 02:00:00,2025-08-29 02:00:00,0.26711962051561405,0.0
2025-08-30 03:00:00,2025-08-29 03:00:00,0.3348362212219185,0.0
2025-08-30 04:00:00,2025-08-29 04:00:00,0.3348362212219185,0.0
2025-08-30 05:00:00,2025-08-29 05:00:00,0.3348362212219185,0.0
2025-08-30 06:00:00,2025-08-29 06:00:00,0.3348362212219185,0.0
2025-08-30 07:00:00,2025-08-29 07:00:00,17.65678445116732,25.0
2025-08-30 08:00:00,2025-08-29 08:00:00,145.5014178766776,166.0
2025-08-30 09:00:00,2025-08-29 09:00:00,330.0112474960148,333.0
2025-08-30 10:00:00,2025-08-29 10:00:00,526.2470830823704,510.0
2025-08-30 11:00:00,2025-08-29 11:00:00,694.1075678778577,671.0
2025-08-30 12:00:00,2025-08-29 12:00:00,811.3109001115448,788.0
2025-08-30 13:00:00,2025-08-29 13:00:00,813.8426294236073,854.0
2025-08-30 14:00:00,2025-08-29 14:00:00,830.4331158779439,853.0
2025-08-30 15:00:00,2025-08-29 15:00:00,771.8717481989856,783.0
2025-08-30 16:00:00,2025-08-29 16:00:00,647.0849866964677,654.0
2025-08-30 17:00:00,2025-08-29 17:00:00,489.73165631305613,483.0
2025-08-30 18:00:00,2025-08-29 18:00:00,283.7887233681523,287.0
2025-08-30 19:00:00,2025-08-29 19:00:00,91.168495334911,108.0
2025-08-30 20:00:00,2025-08-29 20:00:00,3.858917597257624,4.0
2025-08-30 21:00:00,2025-08-29 21:00:00,0.4358807060641255,0.0
2025-08-30 22:00:00,2025-08-29 22:00:00,0.5035973067704299,0.0
2025-08-30 23:00:00,2025-08-29 23:00:00,0.42196875878962464,0.0
2025-08-31 00:00:00,2025-08-30 00:00:00,0.3037618503337942,0.0
2025-08-31 01:00:00,2025-08-30 01:00:00,0.26711962051561405,0.0
2025-08-31 02:00:00,2025-08-30 02:00:00,0.26711962051561405,0.0
2025-08-31 03:00:00,2025-08-30 03:00:00,0.26711962051561405,0.0
2025-08-31 04:00:00,2025-08-30 04:00:00,0.26711962051561405,0.0
2025-08-31 05:00:00,2025-08-30 05:00:00,0.26711962051561405,0.0
2025-08-31 06:00:00,2025-08-30 06:00:00,0.26711962051561405,0.0
2025-08-31 07:00:00,2025-08-30 07:00:00,16.718004320837633,20.0
2025-08-31 08:00:00,2025-08-30 08:00:00,142.0217074761035,140.0
2025-08-31 09:00:00,2025-08-30 09:00:00,323.99713917198295,298.0
2025-08-31 10:00:00,2025-08-30 10:00:00,531.2820762894808,489.0
2025-08-31 11:00:00,2025-08-30 11:00:00,705.8850302396966,670.0
2025-08-31 12:00:00,2025-08-30 12:00:00,784.4051695239942,799.0
2025-08-31 13:00:00,2025-08-30 13:00:00,800.8291448723919,869.0
2025-08-31 14:00:00,2025-08-30 14:00:00,853.550778640591,871.0
2025-08-31 15:00:00,2025-08-30 15:00:00,777.0971426765814,805.0
2025-08-31 16:00:00,2025-08-30 16:00:00,650.5117587034154,678.0
2025-08-31 17:00:00,2025-08-30 17:00:00,489.96015588524216,504.0
2025-08-31 18:00:00,2025-08-30 18:00:00,280.4690167857163,300.0
2025-08-31 19:00:00,2025-08-30 19:00:00,91.46649130982644,111.0
2025-08-31 20:00:00,2025-08-30 20:00:00,3.277226918816527,3.0
2025-08-31 21:00:00,2025-08-30 21:00:00,0.4358807060641255,0.0
2025-08-31 22:00:00,2025-08-30 22:00:00,0.3542521580833202,0.0
2025-08-31 23:00:00,2025-08-30 23:00:00,0.3542521580833202,0.0
2025-09-01 00:00:00,2025-08-31 00:00:00,0.26711962051561405,0.0
2025-09-01 01:00:00,2025-08-31 01:00:00,0.26711962051561405,0.0
2025-09-01 02:00:00,2025-08-31 02:00:00,0.3147580030934891,0.0
2025-09-01 03:00:00,2025-08-31 03:00:00,0.3147580030934891,0.0
2025-09-01 04:00:00,2025-08-31 04:00:00,0.3514002329116693,0.0
2025-09-01 05:00:00,2025-08-31 05:00:00,0.3514002329116693,0.0
2025-09-01 06:00:00,2025-08-31 06:00:00,0.35858813937521156,0.0
2025-09-01 07:00:00,2025-08-31 07:00:00,15.02654138503543,24.0
2025-09-01 08:00:00,2025-08-31 08:00:00,138.47392315288567,168.0
2025-09-01 09:00:00,2025-08-31 09:00:00,333.09570463996306,345.0
2025-09-01 10:00:00,2025-08-31 10:00:00,513.4888563275786,538.0
2025-09-01 11:00:00,2025-08-31 11:00:00,661.7586374784539,710.0
2025-09-01 12:00:00,2025-08-31 12:00:00,784.3084813239565,826.0
2025-09-01 13:00:00,2025-08-31 13:00:00,840.0298276531784,879.0
2025-09-01 14:00:00,2025-08-31 14:00:00,838.7546094654919,866.0
2025-09-01 15:00:00,2025-08-31 15:00:00,771.4025252929226,793.0
2025-09-01 16:00:00,2025-08-31 16:00:00,662.8563201591661,664.0
2025-09-01 17:00:00,2025-08-31 17:00:00,487.53229673578977,491.0
2025-09-01 18:00:00,2025-08-31 18:00:00,278.4021449913055,290.0
2025-09-01 19:00:00,2025-08-31 19:00:00,89.15733439038604,105.0
2025-09-01 20:00:00,2025-08-31 20:00:00,2.6092655991291545,3.0
2025-09-01 21:00:00,2025-08-31 21:00:00,0.4358807060641255,0.0
2025-09-01 22:00:00,2025-08-31 22:00:00,0.3542521580833202,0.0
2025-09-01 23:00:00,2025-08-31 23:00:00,0.3542521580833202,0.0
2025-09-02 00:00:00,2025-09-01 00:00:00,0.26711962051561405,0.0
2025-09-02 01:00:00,2025-09-01 01:00:00,0.26711962051561405,0.0
2025-09-02 02:00:00,2025-09-01 02:00:00,0.26711962051561405,0.0
2025-09-02 03:00:00,2025-09-01 03:00:00,0.26711962051561405,0.0
2025-09-02 04:00:00,2025-09-01 04:00:00,0.26711962051561405,0.0
2025-09-02 05:00:00,2025-09-01 05:00:00,0.26711962051561405,0.0
2025-09-02 06:00:00,2025-09-01 06:00:00,0.3109497567973365,0.0
2025-09-02 07:00:00,2025-09-01 07:00:00,14.442355441656023,21.0
2025-09-02 08:00:00,2025-09-01 08:00:00,137.72250044422393,154.0
2025-09-02 09:00:00,2025-09-01 09:00:00,314.2800131954418,318.0
2025-09-02 10:00:00,2025-09-01 10:00:00,482.8566928618453,496.0
2025-09-02 11:00:00,2025-09-01 11:00:00,660.4510854835314,657.0
2025-09-02 12:00:00,2025-09-01 12:00:00,784.7774725761192,770.0
2025-09-02 13:00:00,2025-09-01 13:00:00,827.7059823613259,827.0
2025-09-02 14:00:00,2025-09-01 14:00:00,836.0473924270431,822.0
2025-09-02 15:00:00,2025-09-01 15:00:00,751.6208866904695,759.0
2025-09-02 16:00:00,2025-09-01 16:00:00,667.113177400504,641.0
2025-09-02 17:00:00,2025-09-01 17:00:00,488.9965778361196,474.0
2025-09-02 18:00:00,2025-09-01 18:00:00,281.7477114686428,277.0
2025-09-02 19:00:00,2025-09-01 19:00:00,85.85372397828108,97.0
2025-09-02 20:00:00,2025-09-01 20:00:00,3.2621353970247915,2.0
2025-09-02 21:00:00,2025-09-01 21:00:00,0.5035973067704299,0.0
2025-09-02 22:00:00,2025-09-01 22:00:00,0.5201613184601807,0.0
2025-09-02 23:00:00,2025-09-01 23:00:00,0.4385327704793754,0.0
2025-09-03 00:00:00,2025-09-02 00:00:00,0.3147580030934891,0.0
2025-09-03 01:00:00,2025-09-02 01:00:00,0.3514002329116693,0.0
2025-09-03 02:00:00,2025-09-02 02:00:00,0.3824746037997936,0.0
2025-09-03 03:00:00,2025-09-02 03:00:00,0.3348362212219185,0.0
2025-09-03 04:00:00,2025-09-02 04:00:00,0.3348362212219185,0.0
2025-09-03 05:00:00,2025-09-02 05:00:00,0.3348362212219185,0.0
2025-09-03 06:00:00,2025-09-02 06:00:00,0.3348362212219185,0.0
2025-09-03 07:00:00,2025-09-02 07:00:00,14.033012990399547,21.0
2025-09-03 08:00:00,2025-09-02 08:00:00,138.149841351009,160.0
2025-09-03 09:00:00,2025-09-02 09:00:00,339.01695766271126,332.0
2025-09-03 10:00:00,2025-09-02 10:00:00,527.4534394472861,522.0
2025-09-03 11:00:00,2025-09-02 11:00:00,687.2711761872504,692.0
2025-09-03 12:00:00,2025-09-02 12:00:00,826.9868608895113,807.0
2025-09-03 13:00:00,2025-09-02 13:00:00,877.9835548498404,860.0
2025-09-03 14:00:00,2025-09-02 14:00:00,832.6497054855264,847.0
2025-09-03 15:00:00,2025-09-02 15:00:00,767.6010399589334,772.0
2025-09-03 16:00:00,2025-09-02 16:00:00,646.4559459319406,642.0
2025-09-03 17:00:00,2025-09-02 17:00:00,482.55467063362124,469.0
2025-09-03 18:00:00,2025-09-02 18:00:00,262.992877625309,272.0
2025-09-03 19:00:00,2025-09-02 19:00:00,82.48279405303883,94.0
2025-09-03 20:00:00,2025-09-02 20:00:00,2.12678452308433,2.0
2025-09-03 21:00:00,2025-09-02 21:00:00,0.551235689348305,0.0
2025-09-03 22:00:00,2025-09-02 22:00:00,0.551235689348305,0.0
2025-09-03 23:00:00,2025-09-02 23:00:00,0.3908943879015004,0.0
2025-09-04 00:00:00,2025-09-03 00:00:00,0.3147580030934891,0.0
2025-09-04 01:00:00,2025-09-03 01:00:00,0.3037618503337942,0.0
2025-09-04 02:00:00,2025-09-03 02:00:00,0.3348362212219185,0.0
2025-09-04 03:00:00,2025-09-03 03:00:00,0.3348362212219185,0.0
2025-09-04 04:00:00,2025-09-03 04:00:00,0.38966251026333587,0.0
2025-09-04 05:00:00,2025-09-03 05:00:00,0.34202412768546075,0.0
2025-09-04 06:00:00,2025-09-03 06:00:00,0.34202412768546075,0.0
2025-09-04 07:00:00,2025-09-03 07:00:00,12.442738559679402,20.0
2025-09-04 08:00:00,2025-09-03 08:00:00,130.86269180682893,155.0
2025-09-04 09:00:00,2025-09-03 09:00:00,299.6660379972347,322.0
2025-09-04 10:00:00,2025-09-03 10:00:00,499.24551357166456,500.0
2025-09-04 11:00:00,2025-09-03 11:00:00,645.878963856105,661.0
2025-09-04 12:00:00,2025-09-03 12:00:00,740.2844341495071,775.0
2025-09-04 13:00:00,2025-09-03 13:00:00,799.8919144421437,834.0
2025-09-04 14:00:00,2025-09-03 14:00:00,827.1725052231059,828.0
2025-09-04 15:00:00,2025-09-03 15:00:00,764.821324058004,759.0
2025-09-04 16:00:00,2025-09-03 16:00:00,629.9154033844951,633.0
2025-09-04 17:00:00,2025-09-03 17:00:00,463.4075044863123,463.0
2025-09-04 18:00:00,2025-09-03 18:00:00,259.16346408612355,268.0
2025-09-04 19:00:00,2025-09-03 19:00:00,79.38021629931809,91.0
2025-09-04 20:00:00,2025-09-03 20:00:00,1.542665948740981,1.0
2025-09-04 21:00:00,2025-09-03 21:00:00,0.42196875878962464,0.0
2025-09-04 22:00:00,2025-09-03 22:00:00,0.3908943879015004,0.0
2025-09-04 23:00:00,2025-09-03 23:00:00,0.3542521580833202,0.0
2025-09-05 00:00:00,2025-09-04 00:00:00,0.26711962051561405,0.0
2025-09-05 01:00:00,2025-09-04 01:00:00,0.26711962051561405,0.0
2025-09-05 02:00:00,2025-09-04 02:00:00,0.3037618503337942,0.0
2025-09-05 03:00:00,2025-09-04 03:00:00,0.3348362212219185,0.0
2025-09-05 04:00:00,2025-09-04 04:00:00,0.3348362212219185,0.0
2025-09-05 05:00:00,2025-09-04 05:00:00,0.3348362212219185,0.0
2025-09-05 06:00:00,2025-09-04 06:00:00,0.34202412768546075,0.0
2025-09-05 07:00:00,2025-09-04 07:00:00,13.43354996563138,19.0
2025-09-05 08:00:00,2025-09-04 08:00:00,133.33037480963165,155.0
2025-09-05 09:00:00,2025-09-04 09:00:00,324.03102081407155,325.0
2025-09-05 10:00:00,2025-09-04 10:00:00,487.94136131419225,511.0
2025-09-05 11:00:00,2025-09-04 11:00:00,663.2545838835233,679.0
2025-09-05 12:00:00,2025-09-04 12:00:00,773.0513553421478,800.0
2025-09-05 13:00:00,2025-09-04 13:00:00,829.8285395297133,863.0
2025-09-05 14:00:00,2025-09-04 14:00:00,833.8118650311912,857.0
2025-09-05 15:00:00,2025-09-04 15:00:00,762.8471527976706,784.0
2025-09-05 16:00:00,2025-09-04 16:00:00,624.8038713206059,651.0
2025-09-05 17:00:00,2025-09-04 17:00:00,452.5294473324232,474.0
2025-09-05 18:00:00,2025-09-04 18:00:00,248.11641787772857,271.0
2025-09-05 19:00:00,2025-09-04 19:00:00,78.94303486908623,89.0
2025-09-05 20:00:00,2025-09-04 20:00:00,1.0615470016448698,1.0
2025-09-05 21:00:00,2025-09-04 21:00:00,0.3542521580833202,0.0
2025-09-05 22:00:00,2025-09-04 22:00:00,0.3542521580833202,0.0
2025-09-05 23:00:00,2025-09-04 23:00:00,0.3542521580833202,0.0
2025-09-06 00:00:00,2025-09-05 00:00:00,0.26711962051561405,0.0
2025-09-06 01:00:00,2025-09-05 01:00:00,0.26711962051561405,0.0
2025-09-06 02:00:00,2025-09-05 02:00:00,0.26711962051561405,0.0
2025-09-06 03:00:00,2025-09-05 03:00:00,0.3147580030934891,0.0
2025-09-06 04:00:00,2025-09-05 04:00:00,0.26711962051561405,0.0
2025-09-06 05:00:00,2025-09-05 05:00:00,0.26711962051561405,0.0
2025-09-06 06:00:00,2025-09-05 06:00:00,0.26711962051561405,0.0
2025-09-06 07:00:00,2025-09-05 07:00:00,12.058642818004364,19.0
2025-09-06 08:00:00,2025-09-05 08:00:00,137.2694649049433,156.0
2025-09-06 09:00:00,2025-09-05 09:00:00,332.1843936543014,330.0
2025-09-06 10:00:00,2025-09-05 10:00:00,514.7624299217116,523.0
2025-09-06 11:00:00,2025-09-05 11:00:00,673.3041526108832,696.0
2025-09-06 12:00:00,2025-09-05 12:00:00,816.3534379441853,811.0
2025-09-06 13:00:00,2025-09-05 13:00:00,862.6698378756522,863.0
2025-09-06 14:00:00,2025-09-05 14:00:00,857.149314174567,847.0
2025-09-06 15:00:00,2025-09-05 15:00:00,759.4563494416299,768.0
2025-09-06 16:00:00,2025-09-05 16:00:00,627.7348695464383,634.0
2025-09-06 17:00:00,2025-09-05 17:00:00,471.88486477971736,455.0
2025-09-06 18:00:00,2025-09-05 18:00:00,268.83489856278027,253.0
2025-09-06 19:00:00,2025-09-05 19:00:00,77.78196663825817,78.0
2025-09-06 20:00:00,2025-09-05 20:00:00,1.0714790792220434,0.0
2025-09-06 21:00:00,2025-09-05 21:00:00,0.3542521580833202,0.0
2025-09-06 22:00:00,2025-09-05 22:00:00,0.3542521580833202,0.0
2025-09-06 23:00:00,2025-09-05 23:00:00,0.3908943879015004,0.0
2025-09-07 00:00:00,2025-09-06 00:00:00,0.3348362212219185,0.0
2025-09-07 01:00:00,2025-09-06 01:00:00,0.3348362212219185,0.0
2025-09-07 02:00:00,2025-09-06 02:00:00,0.3348362212219185,0.0
2025-09-07 03:00:00,2025-09-06 03:00:00,0.3348362212219185,0.0
2025-09-07 04:00:00,2025-09-06 04:00:00,0.3348362212219185,0.0
2025-09-07 05:00:00,2025-09-06 05:00:00,0.34202412768546075,0.0
2025-09-07 06:00:00,2025-09-06 06:00:00,0.34202412768546075,0.0
2025-09-07 07:00:00,2025-09-06 07:00:00,11.46363494692331,18.0
2025-09-07 08:00:00,2025-09-06 08:00:00,132.8412213325043,154.0
2025-09-07 09:00:00,2025-09-06 09:00:00,322.3253252525015,326.0
2025-09-07 10:00:00,2025-09-06 10:00:00,512.8366954994048,511.0
2025-09-07 11:00:00,2025-09-06 11:00:00,671.371130896253,672.0
2025-09-07 12:00:00,2025-09-06 12:00:00,786.8649258912346,771.0
2025-09-07 13:00:00,2025-09-06 13:00:00,811.3761267267698,805.0
2025-09-07 14:00:00,2025-09-06 14:00:00,839.8703492952876,779.0
2025-09-07 15:00:00,2025-09-06 15:00:00,735.0360697024829,705.0
2025-09-07 16:00:00,2025-09-06 16:00:00,605.1113219686563,584.0
2025-09-07 17:00:00,2025-09-06 17:00:00,416.4222830617796,420.0
2025-09-07 18:00:00,2025-09-06 18:00:00,236.10429724753516,231.0
2025-09-07 19:00:00,2025-09-06 19:00:00,66.35744265528048,69.0
2025-09-07 20:00:00,2025-09-06 20:00:00,0.5035973067704299,0.0
2025-09-07 21:00:00,2025-09-06 21:00:00,0.42196875878962464,0.0
2025-09-07 22:00:00,2025-09-06 22:00:00,0.42196875878962464,0.0
2025-09-07 23:00:00,2025-09-06 23:00:00,0.42196875878962464,0.0
2025-09-08 00:00:00,2025-09-07 00:00:00,0.3348362212219185,0.0
2025-09-08 01:00:00,2025-09-07 01:00:00,0.3514002329116693,0.0
2025-09-08 02:00:00,2025-09-07 02:00:00,0.3348362212219185,0.0
2025-09-08 03:00:00,2025-09-07 03:00:00,0.3348362212219185,0.0
2025-09-08 04:00:00,2025-09-07 04:00:00,0.38966251026333587,0.0
2025-09-08 05:00:00,2025-09-07 05:00:00,0.38966251026333587,0.0
2025-09-08 06:00:00,2025-09-07 06:00:00,0.34202412768546075,0.0
2025-09-08 07:00:00,2025-09-07 07:00:00,10.36726529182813,16.0
2025-09-08 08:00:00,2025-09-07 08:00:00,125.90158254161831,147.0
2025-09-08 09:00:00,2025-09-07 09:00:00,301.9772206127726,314.0
2025-09-08 10:00:00,2025-09-07 10:00:00,488.1753919123483,494.0
2025-09-08 11:00:00,2025-09-07 11:00:00,660.1653266417051,650.0
2025-09-08 12:00:00,2025-09-07 12:00:00,753.890242868645,741.0
2025-09-08 13:00:00,2025-09-07 13:00:00,836.5879344505381,766.0
2025-09-08 14:00:00,2025-09-07 14:00:00,842.9328450441599,735.0
2025-09-08 15:00:00,2025-09-07 15:00:00,752.6229917657314,657.0
2025-09-08 16:00:00,2025-09-07 16:00:00,623.3061747293407,537.0
2025-09-08 17:00:00,2025-09-07 17:00:00,461.70441030922126,389.0
2025-09-08 18:00:00,2025-09-07 18:00:00,251.20255866780462,227.0
2025-09-08 19:00:00,2025-09-07 19:00:00,71.46089534210513,74.0
2025-09-08 20:00:00,2025-09-07 20:00:00,0.48351908864200055,0.0
2025-09-08 21:00:00,2025-09-07 21:00:00,0.48351908864200055,0.0
2025-09-08 22:00:00,2025-09-07 22:00:00,0.48351908864200055,0.0
2025-09-08 23:00:00,2025-09-07 23:00:00,0.3908943879015004,0.0
2025-09-09 00:00:00,2025-09-08 00:00:00,0.3348362212219185,0.0
2025-09-09 01:00:00,2025-09-08 01:00:00,0.3514002329116693,0.0
2025-09-09 02:00:00,2025-09-08 02:00:00,0.3037618503337942,0.0
2025-09-09 03:00:00,2025-09-08 03:00:00,0.3824746037997936,0.0
2025-09-09 04:00:00,2025-09-08 04:00:00,0.3348362212219185,0.0
2025-09-09 05:00:00,2025-09-08 05:00:00,0.3824746037997936,0.0
2025-09-09 06:00:00,2025-09-08 06:00:00,0.3824746037997936,0.0
2025-09-09 07:00:00,2025-09-08 07:00:00,9.268777922762942,17.0
2025-09-09 08:00:00,2025-09-08 08:00:00,115.1673762302887,157.0
2025-09-09 09:00:00,2025-09-08 09:00:00,304.1316143302067,337.0
2025-09-09 10:00:00,2025-09-08 10:00:00,487.970192555761,531.0
2025-09-09 11:00:00,2025-09-08 11:00:00,650.7371829421829,701.0
2025-09-09 12:00:00,2025-09-08 12:00:00,769.690410583187,806.0
2025-09-09 13:00:00,2025-09-08 13:00:00,824.4867727611926,844.0
2025-09-09 14:00:00,2025-09-08 14:00:00,838.1094058079265,818.0
2025-09-09 15:00:00,2025-09-08 15:00:00,756.4746854768653,738.0
2025-09-09 16:00:00,2025-09-08 16:00:00,626.9293659871785,609.0
2025-09-09 17:00:00,2025-09-08 17:00:00,452.7520272522887,438.0
2025-09-09 18:00:00,2025-09-08 18:00:00,242.2432923402807,245.0
2025-09-09 19:00:00,2025-09-08 19:00:00,70.26718719752205,72.0
2025-09-09 20:00:00,2025-09-08 20:00:00,0.4358807060641255,0.0
2025-09-09 21:00:00,2025-09-08 21:00:00,0.4358807060641255,0.0
2025-09-09 22:00:00,2025-09-08 22:00:00,0.3542521580833202,0.0
2025-09-09 23:00:00,2025-09-08 23:00:00,0.3542521580833202,0.0
2025-09-10 00:00:00,2025-09-09 00:00:00,0.3147580030934891,0.0
2025-09-10 01:00:00,2025-09-09 01:00:00,0.3147580030934891,0.0
2025-09-10 02:00:00,2025-09-09 02:00:00,0.26711962051561405,0.0
2025-09-10 03:00:00,2025-09-09 03:00:00,0.26711962051561405,0.0
2025-09-10 04:00:00,2025-09-09 04:00:00,0.3147580030934891,0.0
2025-09-10 05:00:00,2025-09-09 05:00:00,0.3147580030934891,0.0
2025-09-10 06:00:00,2025-09-09 06:00:00,0.26711962051561405,0.0
2025-09-10 07:00:00,2025-09-09 07:00:00,9.617476725475704,16.0
2025-09-10 08:00:00,2025-09-09 08:00:00,136.30303768956517,152.0
2025-09-10 09:00:00,2025-09-09 09:00:00,330.6263822959176,328.0
2025-09-10 10:00:00,2025-09-09 10:00:00,530.2080477294493,516.0
2025-09-10 11:00:00,2025-09-09 11:00:00,700.6942086131211,681.0
2025-09-10 12:00:00,2025-09-09 12:00:00,815.7680700557111,780.0
2025-09-10 13:00:00,2025-09-09 13:00:00,830.1676875909313,813.0
2025-09-10 14:00:00,2025-09-09 14:00:00,824.2357554990903,785.0
2025-09-10 15:00:00,2025-09-09 15:00:00,731.7354884504675,708.0
2025-09-10 16:00:00,2025-09-09 16:00:00,599.1629639937082,583.0
2025-09-10 17:00:00,2025-09-09 17:00:00,433.8117194296508,420.0
2025-09-10 18:00:00,2025-09-09 18:00:00,237.04520679750547,235.0
2025-09-10 19:00:00,2025-09-09 19:00:00,64.2592132336084,68.0
2025-09-10 20:00:00,2025-09-09 20:00:00,0.3542521580833202,0.0
2025-09-10 21:00:00,2025-09-09 21:00:00,0.3542521580833202,0.0
2025-09-10 22:00:00,2025-09-09 22:00:00,0.3542521580833202,0.0
2025-09-10 23:00:00,2025-09-09 23:00:00,0.3542521580833202,0.0
2025-09-11 00:00:00,2025-09-10 00:00:00,0.26711962051561405,0.0
2025-09-11 01:00:00,2025-09-10 01:00:00,0.26711962051561405,0.0
2025-09-11 02:00:00,2025-09-10 02:00:00,0.26711962051561405,0.0
2025-09-11 03:00:00,2025-09-10 03:00:00,0.26711962051561405,0.0
2025-09-11 04:00:00,2025-09-10 04:00:00,0.26711962051561405,0.0
2025-09-11 05:00:00,2025-09-10 05:00:00,0.26711962051561405,0.0
2025-09-11 06:00:00,2025-09-10 06:00:00,0.26711962051561405,0.0
2025-09-11 07:00:00,2025-09-10 07:00:00,8.638373112719606,15.0
2025-09-11 08:00:00,2025-09-10 08:00:00,136.04870721215534,154.0
2025-09-11 09:00:00,2025-09-10 09:00:00,340.81245724091497,333.0
2025-09-11 10:00:00,2025-09-10 10:00:00,539.5732923388882,525.0
2025-09-11 11:00:00,2025-09-10 11:00:00,706.3481345309777,695.0
2025-09-11 12:00:00,2025-09-10 12:00:00,802.0364798530264,807.0
2025-09-11 13:00:00,2025-09-10 13:00:00,854.0695340418329,855.0
2025-09-11 14:00:00,2025-09-10 14:00:00,830.3198155851064,836.0
2025-09-11 15:00:00,2025-09-10 15:00:00,740.080469727959,757.0
2025-09-11 16:00:00,2025-09-10 16:00:00,617.1148716216818,623.0
2025-09-11 17:00:00,2025-09-10 17:00:00,432.4081237262138,445.0
2025-09-11 18:00:00,2025-09-10 18:00:00,233.99817766584064,244.0
2025-09-11 19:00:00,2025-09-10 19:00:00,60.53380568323638,67.0
2025-09-11 20:00:00,2025-09-10 20:00:00,0.4358807060641255,0.0
2025-09-11 21:00:00,2025-09-10 21:00:00,0.3542521580833202,0.0
2025-09-11 22:00:00,2025-09-10 22:00:00,0.3542521580833202,0.0
2025-09-11 23:00:00,2025-09-10 23:00:00,0.3542521580833202,0.0
2025-09-12 00:00:00,2025-09-11 00:00:00,0.26711962051561405,0.0
2025-09-12 01:00:00,2025-09-11 01:00:00,0.26711962051561405,0.0
2025-09-12 02:00:00,2025-09-11 02:00:00,0.26711962051561405,0.0
2025-09-12 03:00:00,2025-09-11 03:00:00,0.26711962051561405,0.0
2025-09-12 04:00:00,2025-09-11 04:00:00,0.26711962051561405,0.0
2025-09-12 05:00:00,2025-09-11 05:00:00,0.26711962051561405,0.0
2025-09-12 06:00:00,2025-09-11 06:00:00,0.26711962051561405,0.0
2025-09-12 07:00:00,2025-09-11 07:00:00,8.15908833004548,14.0
2025-09-12 08:00:00,2025-09-11 08:00:00,138.49167256178032,150.0
2025-09-12 09:00:00,2025-09-11 09:00:00,339.56256786513956,328.0
2025-09-12 10:00:00,2025-09-11 10:00:00,529.1551700667911,519.0
2025-09-12 11:00:00,2025-09-11 11:00:00,694.0304409722785,688.0
2025-09-12 12:00:00,2025-09-11 12:00:00,804.4002683756299,800.0
2025-09-12 13:00:00,2025-09-11 13:00:00,844.1873044768638,849.0
2025-09-12 14:00:00,2025-09-11 14:00:00,834.691445474329,831.0
2025-09-12 15:00:00,2025-09-11 15:00:00,728.949510432614,752.0
2025-09-12 16:00:00,2025-09-11 16:00:00,622.768062359076,618.0
2025-09-12 17:00:00,2025-09-11 17:00:00,436.718796661355,440.0
2025-09-12 18:00:00,2025-09-11 18:00:00,234.85604878597908,239.0
2025-09-12 19:00:00,2025-09-11 19:00:00,57.31383164559364,63.0
2025-09-12 20:00:00,2025-09-11 20:00:00,0.4358807060641255,0.0
2025-09-12 21:00:00,2025-09-11 21:00:00,0.4358807060641255,0.0
2025-09-12 22:00:00,2025-09-11 22:00:00,0.3542521580833202,0.0
2025-09-12 23:00:00,2025-09-11 23:00:00,0.3542521580833202,0.0
2025-09-13 00:00:00,2025-09-12 00:00:00,0.26711962051561405,0.0
2025-09-13 01:00:00,2025-09-12 01:00:00,0.26711962051561405,0.0
2025-09-13 02:00:00,2025-09-12 02:00:00,0.26711962051561405,0.0
2025-09-13 03:00:00,2025-09-12 03:00:00,0.19070485400697776,0.0
2025-09-13 04:00:00,2025-09-12 04:00:00,0.19070485400697776,0.0
2025-09-13 05:00:00,2025-09-12 05:00:00,0.19070485400697776,0.0
2025-09-13 06:00:00,2025-09-12 06:00:00,0.25208588619132194,0.0
2025-09-13 07:00:00,2025-09-12 07:00:00,7.659696512836206,13.0
2025-09-13 08:00:00,2025-09-12 08:00:00,124.69937076904553,148.0
2025-09-13 09:00:00,2025-09-12 09:00:00,326.9360802640283,325.0
2025-09-13 10:00:00,2025-09-12 10:00:00,529.0959077148112,515.0
2025-09-13 11:00:00,2025-09-12 11:00:00,683.4642957264408,683.0
2025-09-13 12:00:00,2025-09-12 12:00:00,788.4031419422462,795.0
2025-09-13 13:00:00,2025-09-12 13:00:00,832.3763835385716,843.0
2025-09-13 14:00:00,2025-09-12 14:00:00,817.3625375716141,824.0
2025-09-13 15:00:00,2025-09-12 15:00:00,758.6812360019188,744.0
2025-09-13 16:00:00,2025-09-12 16:00:00,612.9466726914964,608.0
2025-09-13 17:00:00,2025-09-12 17:00:00,440.05189703490856,431.0
2025-09-13 18:00:00,2025-09-12 18:00:00,225.70187490691993,233.0
2025-09-13 19:00:00,2025-09-12 19:00:00,53.65778998997106,60.0
2025-09-13 20:00:00,2025-09-12 20:00:00,0.4358807060641255,0.0
2025-09-13 21:00:00,2025-09-12 21:00:00,0.4358807060641255,0.0
2025-09-13 22:00:00,2025-09-12 22:00:00,0.3542521580833202,0.0
2025-09-13 23:00:00,2025-09-12 23:00:00,0.3542521580833202,0.0
2025-09-14 00:00:00,2025-09-13 00:00:00,0.26711962051561405,0.0
2025-09-14 01:00:00,2025-09-13 01:00:00,0.26711962051561405,0.0
2025-09-14 02:00:00,2025-09-13 02:00:00,0.26711962051561405,0.0
2025-09-14 03:00:00,2025-09-13 03:00:00,0.26711962051561405,0.0
2025-09-14 04:00:00,2025-09-13 04:00:00,0.26711962051561405,0.0
2025-09-14 05:00:00,2025-09-13 05:00:00,0.26711962051561405,0.0
2025-09-14 06:00:00,2025-09-13 06:00:00,0.26711962051561405,0.0
2025-09-14 07:00:00,2025-09-13 07:00:00,6.938369828062513,13.0
2025-09-14 08:00:00,2025-09-13 08:00:00,124.69937076904553,146.0
2025-09-14 09:00:00,2025-09-13 09:00:00,327.2256223954835,322.0
2025-09-14 10:00:00,2025-09-13 10:00:00,502.3771509228529,512.0
2025-09-14 11:00:00,2025-09-13 11:00:00,675.7801630776002,680.0
2025-09-14 12:00:00,2025-09-13 12:00:00,777.3525555623047,792.0
2025-09-14 13:00:00,2025-09-13 13:00:00,839.7392051772703,841.0
2025-09-14 14:00:00,2025-09-13 14:00:00,834.509745821793,823.0
2025-09-14 15:00:00,2025-09-13 15:00:00,759.9468130517143,742.0
2025-09-14 16:00:00,2025-09-13 16:00:00,605.000296697171,606.0
2025-09-14 17:00:00,2025-09-13 17:00:00,420.9455434408341,429.0
2025-09-14 18:00:00,2025-09-13 18:00:00,221.56389481880584,233.0
2025-09-14 19:00:00,2025-09-13 19:00:00,52.931816824476236,58.0
2025-09-14 20:00:00,2025-09-13 20:00:00,0.47252293588230565,0.0
2025-09-14 21:00:00,2025-09-13 21:00:00,0.4358807060641255,0.0
2025-09-14 22:00:00,2025-09-13 22:00:00,0.3908943879015004,0.0
2025-09-14 23:00:00,2025-09-13 23:00:00,0.42196875878962464,0.0
2025-09-15 00:00:00,2025-09-14 00:00:00,0.3348362212219185,0.0
2025-09-15 01:00:00,2025-09-14 01:00:00,0.3348362212219185,0.0
2025-09-15 02:00:00,2025-09-14 02:00:00,0.26711962051561405,0.0
2025-09-15 03:00:00,2025-09-14 03:00:00,0.26711962051561405,0.0
2025-09-15 04:00:00,2025-09-14 04:00:00,0.26711962051561405,0.0
2025-09-15 05:00:00,2025-09-14 05:00:00,0.26711962051561405,0.0
2025-09-15 06:00:00,2025-09-14 06:00:00,0.26711962051561405,0.0
2025-09-15 07:00:00,2025-09-14 07:00:00,7.82331118865883,11.0
2025-09-15 08:00:00,2025-09-14 08:00:00,123.48706507514929,141.0
2025-09-15 09:00:00,2025-09-14 09:00:00,324.50843437437715,314.0
2025-09-15 10:00:00,2025-09-14 10:00:00,511.96580175791684,503.0
2025-09-15 11:00:00,2025-09-14 11:00:00,668.9630706764661,673.0
2025-09-15 12:00:00,2025-09-14 12:00:00,762.0692526875227,789.0
2025-09-15 13:00:00,2025-09-14 13:00:00,830.0365192613373,843.0
2025-09-15 14:00:00,2025-09-14 14:00:00,812.5498520301076,826.0
2025-09-15 15:00:00,2025-09-14 15:00:00,737.3083160759284,742.0
2025-09-15 16:00:00,2025-09-14 16:00:00,604.928380712384,600.0
2025-09-15 17:00:00,2025-09-14 17:00:00,408.794067496797,420.0
2025-09-15 18:00:00,2025-09-14 18:00:00,221.00561569941812,223.0
2025-09-15 19:00:00,2025-09-14 19:00:00,47.32249190289182,53.0
2025-09-15 20:00:00,2025-09-14 20:00:00,0.5035973067704299,0.0
2025-09-15 21:00:00,2025-09-14 21:00:00,0.3542521580833202,0.0
2025-09-15 22:00:00,2025-09-14 22:00:00,0.3908943879015004,0.0
2025-09-15 23:00:00,2025-09-14 23:00:00,0.3542521580833202,0.0
2025-09-16 00:00:00,2025-09-15 00:00:00,0.3037618503337942,0.0
2025-09-16 01:00:00,2025-09-15 01:00:00,0.26711962051561405,0.0
2025-09-16 02:00:00,2025-09-15 02:00:00,0.26711962051561405,0.0
2025-09-16 03:00:00,2025-09-15 03:00:00,0.26711962051561405,0.0
2025-09-16 04:00:00,2025-09-15 04:00:00,0.26711962051561405,0.0
2025-09-16 05:00:00,2025-09-15 05:00:00,0.26711962051561405,0.0
2025-09-16 06:00:00,2025-09-15 06:00:00,0.26711962051561405,0.0
2025-09-16 07:00:00,2025-09-15 07:00:00,7.398179098485833,11.0
2025-09-16 08:00:00,2025-09-15 08:00:00,124.45195286237673,138.0
2025-09-16 09:00:00,2025-09-15 09:00:00,294.2168316997085,313.0
2025-09-16 10:00:00,2025-09-15 10:00:00,498.99064544646893,503.0
2025-09-16 11:00:00,2025-09-15 11:00:00,673.4738363299267,672.0
2025-09-16 12:00:00,2025-09-15 12:00:00,775.5934408390016,780.0
2025-09-16 13:00:00,2025-09-15 13:00:00,834.9753940122077,822.0
2025-09-16 14:00:00,2025-09-15 14:00:00,804.7118480920052,796.0
2025-09-16 15:00:00,2025-09-15 15:00:00,729.4183106776095,708.0
2025-09-16 16:00:00,2025-09-15 16:00:00,594.5417274112149,569.0
2025-09-16 17:00:00,2025-09-15 17:00:00,419.023450240205,397.0
2025-09-16 18:00:00,2025-09-15 18:00:00,219.17384345018283,210.0
2025-09-16 19:00:00,2025-09-15 19:00:00,46.1086584128544,49.0
2025-09-16 20:00:00,2025-09-15 20:00:00,0.4358807060641255,0.0
2025-09-16 21:00:00,2025-09-15 21:00:00,0.3542521580833202,0.0
2025-09-16 22:00:00,2025-09-15 22:00:00,0.3542521580833202,0.0
2025-09-16 23:00:00,2025-09-15 23:00:00,0.3542521580833202,0.0
2025-09-17 00:00:00,2025-09-16 00:00:00,0.26711962051561405,0.0
2025-09-17 01:00:00,2025-09-16 01:00:00,0.26711962051561405,0.0
2025-09-17 02:00:00,2025-09-16 02:00:00,0.26711962051561405,0.0
2025-09-17 03:00:00,2025-09-16 03:00:00,0.26711962051561405,0.0
2025-09-17 04:00:00,2025-09-16 04:00:00,0.26711962051561405,0.0
2025-09-17 05:00:00,2025-09-16 05:00:00,0.26711962051561405,0.0
2025-09-17 06:00:00,2025-09-16 06:00:00,0.26711962051561405,0.0
2025-09-17 07:00:00,2025-09-16 07:00:00,7.011739912521663,10.0
2025-09-17 08:00:00,2025-09-16 08:00:00,120.62451780261462,136.0
2025-09-17 09:00:00,2025-09-16 09:00:00,311.01938634296334,306.0
2025-09-17 10:00:00,2025-09-16 10:00:00,510.1537224108656,486.0
2025-09-17 11:00:00,2025-09-16 11:00:00,664.5871796034608,644.0
2025-09-17 12:00:00,2025-09-16 12:00:00,772.7274608478072,745.0
2025-09-17 13:00:00,2025-09-16 13:00:00,825.4346564322151,784.0
2025-09-17 14:00:00,2025-09-16 14:00:00,772.5493057033175,761.0
2025-09-17 15:00:00,2025-09-16 15:00:00,720.2490168534921,684.0
2025-09-17 16:00:00,2025-09-16 16:00:00,563.4224101114651,558.0
2025-09-17 17:00:00,2025-09-16 17:00:00,400.79276814077747,392.0
2025-09-17 18:00:00,2025-09-16 18:00:00,211.35802477305353,206.0
2025-09-17 19:00:00,2025-09-16 19:00:00,41.58462716673831,45.0
2025-09-17 20:00:00,2025-09-16 20:00:00,0.4358807060641255,0.0
2025-09-17 21:00:00,2025-09-16 21:00:00,0.3542521580833202,0.0
2025-09-17 22:00:00,2025-09-16 22:00:00,0.3542521580833202,0.0
2025-09-17 23:00:00,2025-09-16 23:00:00,0.3542521580833202,0.0
2025-09-18 00:00:00,2025-09-17 00:00:00,0.26711962051561405,0.0
2025-09-18 01:00:00,2025-09-17 01:00:00,0.26711962051561405,0.0
2025-09-18 02:00:00,2025-09-17 02:00:00,0.26711962051561405,0.0
2025-09-18 03:00:00,2025-09-17 03:00:00,0.26711962051561405,0.0
2025-09-18 04:00:00,2025-09-17 04:00:00,0.34202412768546075,0.0
2025-09-18 05:00:00,2025-09-17 05:00:00,0.34202412768546075,0.0
2025-09-18 06:00:00,2025-09-17 06:00:00,0.26711962051561405,0.0
2025-09-18 07:00:00,2025-09-17 07:00:00,4.879823568974216,9.0
2025-09-18 08:00:00,2025-09-17 08:00:00,114.17277098560083,131.0
2025-09-18 09:00:00,2025-09-17 09:00:00,303.88266836928665,301.0
2025-09-18 10:00:00,2025-09-17 10:00:00,486.808877916853,488.0
2025-09-18 11:00:00,2025-09-17 11:00:00,652.4337688713786,657.0
2025-09-18 12:00:00,2025-09-17 12:00:00,744.8919081172938,769.0
2025-09-18 13:00:00,2025-09-17 13:00:00,793.3547997278911,817.0
2025-09-18 14:00:00,2025-09-17 14:00:00,772.359323513395,800.0
2025-09-18 15:00:00,2025-09-17 15:00:00,700.2209348699361,726.0
2025-09-18 16:00:00,2025-09-17 16:00:00,555.2723458946357,597.0
2025-09-18 17:00:00,2025-09-17 17:00:00,386.7365258112042,418.0
2025-09-18 18:00:00,2025-09-17 18:00:00,199.42501305692045,214.0
2025-09-18 19:00:00,2025-09-17 19:00:00,35.96292222464442,44.0
2025-09-18 20:00:00,2025-09-17 20:00:00,0.5035973067704299,0.0
2025-09-18 21:00:00,2025-09-17 21:00:00,0.5035973067704299,0.0
2025-09-18 22:00:00,2025-09-17 22:00:00,0.3542521580833202,0.0
2025-09-18 23:00:00,2025-09-17 23:00:00,0.3542521580833202,0.0
2025-09-19 00:00:00,2025-09-18 00:00:00,0.26711962051561405,0.0
2025-09-19 01:00:00,2025-09-18 01:00:00,0.26711962051561405,0.0
2025-09-19 02:00:00,2025-09-18 02:00:00,0.26711962051561405,0.0
2025-09-19 03:00:00,2025-09-18 03:00:00,0.26711962051561405,0.0
2025-09-19 04:00:00,2025-09-18 04:00:00,0.26711962051561405,0.0
2025-09-19 05:00:00,2025-09-18 05:00:00,0.26711962051561405,0.0
2025-09-19 06:00:00,2025-09-18 06:00:00,0.26711962051561405,0.0
2025-09-19 07:00:00,2025-09-18 07:00:00,4.704138603719626,9.0
2025-09-19 08:00:00,2025-09-18 08:00:00,123.93741025558406,139.0
2025-09-19 09:00:00,2025-09-18 09:00:00,319.22426314340294,318.0
2025-09-19 10:00:00,2025-09-18 10:00:00,509.16522771652535,510.0
2025-09-19 11:00:00,2025-09-18 11:00:00,667.9867149860578,680.0
2025-09-19 12:00:00,2025-09-18 12:00:00,768.8592439979826,793.0
2025-09-19 13:00:00,2025-09-18 13:00:00,814.066339762069,840.0
2025-09-19 14:00:00,2025-09-18 14:00:00,797.1158994600175,819.0
2025-09-19 15:00:00,2025-09-18 15:00:00,715.0489856508796,738.0
2025-09-19 16:00:00,2025-09-18 16:00:00,584.0745159770981,601.0
2025-09-19 17:00:00,2025-09-18 17:00:00,408.74516350175855,419.0
2025-09-19 18:00:00,2025-09-18 18:00:00,209.77295014247554,215.0
2025-09-19 19:00:00,2025-09-18 19:00:00,37.513356936525426,43.0
2025-09-19 20:00:00,2025-09-18 20:00:00,0.4018905406611953,0.0
2025-09-19 21:00:00,2025-09-18 21:00:00,0.3542521580833202,0.0
2025-09-19 22:00:00,2025-09-18 22:00:00,0.3542521580833202,0.0
2025-09-19 23:00:00,2025-09-18 23:00:00,0.3542521580833202,0.0
2025-09-20 00:00:00,2025-09-19 00:00:00,0.26711962051561405,0.0
2025-09-20 01:00:00,2025-09-19 01:00:00,0.26711962051561405,0.0
2025-09-20 02:00:00,2025-09-19 02:00:00,0.26711962051561405,0.0
2025-09-20 03:00:00,2025-09-19 03:00:00,0.26711962051561405,0.0
2025-09-20 04:00:00,2025-09-19 04:00:00,0.26711962051561405,0.0
2025-09-20 05:00:00,2025-09-19 05:00:00,0.26711962051561405,0.0
2025-09-20 06:00:00,2025-09-19 06:00:00,0.26711962051561405,0.0
2025-09-20 07:00:00,2025-09-19 07:00:00,4.4746215920895605,9.0
2025-09-20 08:00:00,2025-09-19 08:00:00,116.17446804906663,138.0
2025-09-20 09:00:00,2025-09-19 09:00:00,317.8993983137533,318.0
2025-09-20 10:00:00,2025-09-19 10:00:00,508.7536603036832,511.0
2025-09-20 11:00:00,2025-09-19 11:00:00,673.7491139472521,680.0
2025-09-20 12:00:00,2025-09-19 12:00:00,799.4561872497546,792.0
2025-09-20 13:00:00,2025-09-19 13:00:00,828.3927555753729,838.0
2025-09-20 14:00:00,2025-09-19 14:00:00,773.0816058218634,815.0
2025-09-20 15:00:00,2025-09-19 15:00:00,700.8628307583161,731.0
2025-09-20 16:00:00,2025-09-19 16:00:00,595.983350968566,592.0
2025-09-20 17:00:00,2025-09-19 17:00:00,405.4092862753797,409.0
2025-09-20 18:00:00,2025-09-19 18:00:00,209.4165151349971,207.0
2025-09-20 19:00:00,2025-09-19 19:00:00,34.281846367669154,39.0
2025-09-20 20:00:00,2025-09-19 20:00:00,0.4358807060641255,0.0
2025-09-20 21:00:00,2025-09-19 21:00:00,0.2778373915746839,0.0
2025-09-20 22:00:00,2025-09-19 22:00:00,0.2778373915746839,0.0
2025-09-20 23:00:00,2025-09-19 23:00:00,0.2778373915746839,0.0
2025-09-21 00:00:00,2025-09-20 00:00:00,0.25208588619132194,0.0
2025-09-21 01:00:00,2025-09-20 01:00:00,0.19070485400697776,0.0
2025-09-21 02:00:00,2025-09-20 02:00:00,0.26711962051561405,0.0
2025-09-21 03:00:00,2025-09-20 03:00:00,0.26711962051561405,0.0
2025-09-21 04:00:00,2025-09-20 04:00:00,0.26711962051561405,0.0
2025-09-21 05:00:00,2025-09-20 05:00:00,0.26711962051561405,0.0
2025-09-21 06:00:00,2025-09-20 06:00:00,0.26711962051561405,0.0
2025-09-21 07:00:00,2025-09-20 07:00:00,4.2248538210455,8.0
2025-09-21 08:00:00,2025-09-20 08:00:00,115.74863929531764,136.0
2025-09-21 09:00:00,2025-09-20 09:00:00,311.3395078881526,315.0
2025-09-21 10:00:00,2025-09-20 10:00:00,508.5136638200548,506.0
2025-09-21 11:00:00,2025-09-20 11:00:00,674.6474810575269,674.0
2025-09-21 12:00:00,2025-09-20 12:00:00,791.5406562224601,784.0
2025-09-21 13:00:00,2025-09-20 13:00:00,814.6275084188269,829.0
2025-09-21 14:00:00,2025-09-20 14:00:00,766.6031845768168,806.0
2025-09-21 15:00:00,2025-09-20 15:00:00,687.2223063883783,722.0
2025-09-21 16:00:00,2025-09-20 16:00:00,572.2684904438288,584.0
2025-09-21 17:00:00,2025-09-20 17:00:00,389.78540407178053,402.0
2025-09-21 18:00:00,2025-09-20 18:00:00,209.3171535557771,201.0
2025-09-21 19:00:00,2025-09-20 19:00:00,31.75262395183687,36.0
2025-09-21 20:00:00,2025-09-20 20:00:00,0.4358807060641255,0.0
2025-09-21 21:00:00,2025-09-20 21:00:00,0.3542521580833202,0.0
2025-09-21 22:00:00,2025-09-20 22:00:00,0.3542521580833202,0.0
2025-09-21 23:00:00,2025-09-20 23:00:00,0.3542521580833202,0.0
2025-09-22 00:00:00,2025-09-21 00:00:00,0.26711962051561405,0.0
2025-09-22 01:00:00,2025-09-21 01:00:00,0.26711962051561405,0.0
2025-09-22 02:00:00,2025-09-21 02:00:00,0.26711962051561405,0.0
2025-09-22 03:00:00,2025-09-21 03:00:00,0.26711962051561405,0.0
2025-09-22 04:00:00,2025-09-21 04:00:00,0.26711962051561405,0.0
2025-09-22 05:00:00,2025-09-21 05:00:00,0.26711962051561405,0.0
2025-09-22 06:00:00,2025-09-21 06:00:00,0.26711962051561405,0.0
2025-09-22 07:00:00,2025-09-21 07:00:00,4.19340231442248,7.0
2025-09-22 08:00:00,2025-09-21 08:00:00,122.56086010022804,135.0
2025-09-22 09:00:00,2025-09-21 09:00:00,319.7643035449905,316.0
2025-09-22 10:00:00,2025-09-21 10:00:00,515.4325188554941,507.0
2025-09-22 11:00:00,2025-09-21 11:00:00,694.0167093274365,675.0
2025-09-22 12:00:00,2025-09-21 12:00:00,796.6400590463486,786.0
2025-09-22 13:00:00,2025-09-21 13:00:00,823.9169015695047,832.0
2025-09-22 14:00:00,2025-09-21 14:00:00,812.096209004505,808.0
2025-09-22 15:00:00,2025-09-21 15:00:00,744.4812956299489,723.0
2025-09-22 16:00:00,2025-09-21 16:00:00,582.5774759750076,583.0
2025-09-22 17:00:00,2025-09-21 17:00:00,406.83266390170337,401.0
2025-09-22 18:00:00,2025-09-21 18:00:00,207.07961082482475,201.0
2025-09-22 19:00:00,2025-09-21 19:00:00,30.950000897293602,35.0
2025-09-22 20:00:00,2025-09-21 20:00:00,0.3531275497428594,0.0
2025-09-22 21:00:00,2025-09-21 21:00:00,0.4208469717398334,0.0
2025-09-22 22:00:00,2025-09-21 22:00:00,0.3392184237590281,0.0
2025-09-22 23:00:00,2025-09-21 23:00:00,0.16554395683231454,0.0
2025-09-23 00:00:00,2025-09-22 00:00:00,0.07841141926460841,0.0
2025-09-23 01:00:00,2025-09-22 01:00:00,0.25208588619132194,0.0
2025-09-23 02:00:00,2025-09-22 02:00:00,0.25208588619132194,0.0
2025-09-23 03:00:00,2025-09-22 03:00:00,0.19070485400697776,0.0
2025-09-23 04:00:00,2025-09-22 04:00:00,0.07841141926460841,0.0
2025-09-23 05:00:00,2025-09-22 05:00:00,0.19070485400697776,0.0
2025-09-23 06:00:00,2025-09-22 06:00:00,0.19070485400697776,0.0
2025-09-23 07:00:00,2025-09-22 07:00:00,3.649739983552721,7.0
2025-09-23 08:00:00,2025-09-22 08:00:00,112.27656387838712,130.0
2025-09-23 09:00:00,2025-09-22 09:00:00,315.4718912549027,307.0
2025-09-23 10:00:00,2025-09-22 10:00:00,512.9759260448342,497.0
2025-09-23 11:00:00,2025-09-22 11:00:00,681.125890980463,664.0
2025-09-23 12:00:00,2025-09-22 12:00:00,778.2643317757082,774.0
2025-09-23 13:00:00,2025-09-22 13:00:00,832.065703094778,819.0
2025-09-23 14:00:00,2025-09-22 14:00:00,809.7494187736515,796.0
2025-09-23 15:00:00,2025-09-22 15:00:00,745.3625350605029,712.0
2025-09-23 16:00:00,2025-09-22 16:00:00,590.1912796614863,572.0
2025-09-23 17:00:00,2025-09-22 17:00:00,398.46869584877106,392.0
2025-09-23 18:00:00,2025-09-22 18:00:00,187.69105927930485,194.0
2025-09-23 19:00:00,2025-09-22 19:00:00,24.88048657438227,32.0
2025-09-23 20:00:00,2025-09-22 20:00:00,0.0,0.0
2025-09-23 21:00:00,2025-09-22 21:00:00,0.2778373915746839,0.0
2025-09-23 22:00:00,2025-09-22 22:00:00,0.2778373915746839,0.0
2025-09-23 23:00:00,2025-09-22 23:00:00,0.3542521580833202,0.0
2025-09-24 00:00:00,2025-09-23 00:00:00,0.26711962051561405,0.0
2025-09-24 01:00:00,2025-09-23 01:00:00,0.26711962051561405,0.0
2025-09-24 02:00:00,2025-09-23 02:00:00,0.19070485400697776,0.0
2025-09-24 03:00:00,2025-09-23 03:00:00,0.19070485400697776,0.0
2025-09-24 04:00:00,2025-09-23 04:00:00,0.07841141926460841,0.0
2025-09-24 05:00:00,2025-09-23 05:00:00,0.07841141926460841,0.0
2025-09-24 06:00:00,2025-09-23 06:00:00,0.07841141926460841,0.0
2025-09-24 07:00:00,2025-09-23 07:00:00,3.0601396448546305,6.0
2025-09-24 08:00:00,2025-09-23 08:00:00,113.50911514123726,127.0
2025-09-24 09:00:00,2025-09-23 09:00:00,312.95956028694064,304.0
2025-09-24 10:00:00,2025-09-23 10:00:00,505.82522495894483,492.0
2025-09-24 11:00:00,2025-09-23 11:00:00,671.1459156131832,657.0
2025-09-24 12:00:00,2025-09-23 12:00:00,775.4249800826068,764.0
2025-09-24 13:00:00,2025-09-23 13:00:00,824.1054132442947,806.0
2025-09-24 14:00:00,2025-09-23 14:00:00,786.9414531839656,778.0
2025-09-24 15:00:00,2025-09-23 15:00:00,706.0416914952608,686.0
2025-09-24 16:00:00,2025-09-23 16:00:00,566.4768239520171,542.0
2025-09-24 17:00:00,2025-09-23 17:00:00,362.8545718959738,363.0
2025-09-24 18:00:00,2025-09-23 18:00:00,174.72746148189475,173.0
2025-09-24 19:00:00,2025-09-23 19:00:00,30.491414957948734,26.0
2025-09-24 20:00:00,2025-09-23 20:00:00,1.17753425192999,0.0
2025-09-24 21:00:00,2025-09-23 21:00:00,0.4358807060641255,0.0
2025-09-24 22:00:00,2025-09-23 22:00:00,0.3542521580833202,0.0
2025-09-24 23:00:00,2025-09-23 23:00:00,0.3542521580833202,0.0
2025-09-25 00:00:00,2025-09-24 00:00:00,0.26711962051561405,0.0
2025-09-25 01:00:00,2025-09-24 01:00:00,0.19070485400697776,0.0
2025-09-25 02:00:00,2025-09-24 02:00:00,0.19070485400697776,0.0
2025-09-25 03:00:00,2025-09-24 03:00:00,0.19070485400697776,0.0
2025-09-25 04:00:00,2025-09-24 04:00:00,0.07841141926460841,0.0
2025-09-25 05:00:00,2025-09-24 05:00:00,0.25208588619132194,0.0
2025-09-25 06:00:00,2025-09-24 06:00:00,0.19070485400697776,0.0
2025-09-25 07:00:00,2025-09-24 07:00:00,1.9758200740006053,5.0
2025-09-25 08:00:00,2025-09-24 08:00:00,94.57279151486638,114.0
2025-09-25 09:00:00,2025-09-24 09:00:00,292.71958638815664,280.0
2025-09-25 10:00:00,2025-09-24 10:00:00,490.67362625459,465.0
2025-09-25 11:00:00,2025-09-24 11:00:00,653.5649651544165,632.0
2025-09-25 12:00:00,2025-09-24 12:00:00,766.006265094934,739.0
2025-09-25 13:00:00,2025-09-24 13:00:00,814.4052024560617,782.0
2025-09-25 14:00:00,2025-09-24 14:00:00,776.1947509322525,759.0
2025-09-25 15:00:00,2025-09-24 15:00:00,696.0968645484572,677.0
2025-09-25 16:00:00,2025-09-24 16:00:00,543.3730854027468,544.0
2025-09-25 17:00:00,2025-09-24 17:00:00,379.5041898461618,372.0
2025-09-25 18:00:00,2025-09-24 18:00:00,163.05601077905413,182.0
2025-09-25 19:00:00,2025-09-24 19:00:00,24.328915497822738,28.0
2025-09-25 20:00:00,2025-09-24 20:00:00,0.3542521580833202,0.0
2025-09-25 21:00:00,2025-09-24 21:00:00,0.3542521580833202,0.0
2025-09-25 22:00:00,2025-09-24 22:00:00,0.3542521580833202,0.0
2025-09-25 23:00:00,2025-09-24 23:00:00,0.3542521580833202,0.0
2025-09-26 00:00:00,2025-09-25 00:00:00,0.26711962051561405,0.0
2025-09-26 01:00:00,2025-09-25 01:00:00,0.26711962051561405,0.0
2025-09-26 02:00:00,2025-09-25 02:00:00,0.26711962051561405,0.0
2025-09-26 03:00:00,2025-09-25 03:00:00,0.26711962051561405,0.0
2025-09-26 04:00:00,2025-09-25 04:00:00,0.26711962051561405,0.0
2025-09-26 05:00:00,2025-09-25 05:00:00,0.26711962051561405,0.0
2025-09-26 06:00:00,2025-09-25 06:00:00,0.26711962051561405,0.0
2025-09-26 07:00:00,2025-09-25 07:00:00,2.324819503590857,5.0
2025-09-26 08:00:00,2025-09-25 08:00:00,89.15844272800068,121.0
2025-09-26 09:00:00,2025-09-25 09:00:00,287.3773910954092,295.0
2025-09-26 10:00:00,2025-09-25 10:00:00,482.560365806958,484.0
2025-09-26 11:00:00,2025-09-25 11:00:00,642.5906055618343,648.0
2025-09-26 12:00:00,2025-09-25 12:00:00,757.9774487467793,744.0
2025-09-26 13:00:00,2025-09-25 13:00:00,770.0403499043015,768.0
2025-09-26 14:00:00,2025-09-25 14:00:00,740.3198723676279,733.0
2025-09-26 15:00:00,2025-09-25 15:00:00,657.1527730435745,652.0
2025-09-26 16:00:00,2025-09-25 16:00:00,551.8311371197905,525.0
2025-09-26 17:00:00,2025-09-25 17:00:00,351.74737249976783,359.0
2025-09-26 18:00:00,2025-09-25 18:00:00,160.5369035752064,173.0
2025-09-26 19:00:00,2025-09-25 19:00:00,20.277756070275313,25.0
2025-09-26 20:00:00,2025-09-25 20:00:00,0.3542521580833202,0.0
2025-09-26 21:00:00,2025-09-25 21:00:00,0.3542521580833202,0.0
2025-09-26 22:00:00,2025-09-25 22:00:00,0.3542521580833202,0.0
2025-09-26 23:00:00,2025-09-25 23:00:00,0.3542521580833202,0.0
2025-09-27 00:00:00,2025-09-26 00:00:00,0.26711962051561405,0.0
2025-09-27 01:00:00,2025-09-26 01:00:00,0.26711962051561405,0.0
2025-09-27 02:00:00,2025-09-26 02:00:00,0.26711962051561405,0.0
2025-09-27 03:00:00,2025-09-26 03:00:00,0.26711962051561405,0.0
2025-09-27 04:00:00,2025-09-26 04:00:00,0.26711962051561405,0.0
2025-09-27 05:00:00,2025-09-26 05:00:00,0.26711962051561405,0.0
2025-09-27 06:00:00,2025-09-26 06:00:00,0.26711962051561405,0.0
2025-09-27 07:00:00,2025-09-26 07:00:00,1.8455347209167325,4.0
2025-09-27 08:00:00,2025-09-26 08:00:00,101.59859357946624,119.0
2025-09-27 09:00:00,2025-09-26 09:00:00,270.42380372648444,294.0
2025-09-27 10:00:00,2025-09-26 10:00:00,470.95442995022137,481.0
2025-09-27 11:00:00,2025-09-26 11:00:00,643.6888413029849,647.0
2025-09-27 12:00:00,2025-09-26 12:00:00,740.9673109601921,755.0
2025-09-27 13:00:00,2025-09-26 13:00:00,779.1688463135515,798.0
2025-09-27 14:00:00,2025-09-26 14:00:00,760.8592666484861,773.0
2025-09-27 15:00:00,2025-09-26 15:00:00,665.3219867206656,689.0
2025-09-27 16:00:00,2025-09-26 16:00:00,527.7697282185698,550.0
2025-09-27 17:00:00,2025-09-26 17:00:00,353.4457251344811,370.0
2025-09-27 18:00:00,2025-09-26 18:00:00,161.2944006116522,172.0
2025-09-27 19:00:00,2025-09-26 19:00:00,20.018533906081807,22.0
2025-09-27 20:00:00,2025-09-26 20:00:00,0.3542521580833202,0.0
2025-09-27 21:00:00,2025-09-26 21:00:00,0.4018905406611953,0.0
2025-09-27 22:00:00,2025-09-26 22:00:00,0.3542521580833202,0.0
2025-09-27 23:00:00,2025-09-26 23:00:00,0.3542521580833202,0.0
2025-09-28 00:00:00,2025-09-27 00:00:00,0.26711962051561405,0.0
2025-09-28 01:00:00,2025-09-27 01:00:00,0.3037618503337942,0.0
2025-09-28 02:00:00,2025-09-27 02:00:00,0.26711962051561405,0.0
2025-09-28 03:00:00,2025-09-27 03:00:00,0.3109497567973365,0.0
2025-09-28 04:00:00,2025-09-27 04:00:00,0.34202412768546075,0.0
2025-09-28 05:00:00,2025-09-27 05:00:00,0.3109497567973365,0.0
2025-09-28 06:00:00,2025-09-27 06:00:00,0.3109497567973365,0.0
2025-09-28 07:00:00,2025-09-27 07:00:00,1.0039773618149295,4.0
2025-09-28 08:00:00,2025-09-27 08:00:00,88.5209046682359,107.0
2025-09-28 09:00:00,2025-09-27 09:00:00,285.2875143573898,269.0
2025-09-28 10:00:00,2025-09-27 10:00:00,468.4854402592385,448.0
2025-09-28 11:00:00,2025-09-27 11:00:00,630.8007826598216,611.0
2025-09-28 12:00:00,2025-09-27 12:00:00,743.1996675545606,726.0
2025-09-28 13:00:00,2025-09-27 13:00:00,778.283081488964,782.0
2025-09-28 14:00:00,2025-09-27 14:00:00,769.6522314700919,767.0
2025-09-28 15:00:00,2025-09-27 15:00:00,674.6081923232256,682.0
2025-09-28 16:00:00,2025-09-27 16:00:00,529.1511595503542,541.0
2025-09-28 17:00:00,2025-09-27 17:00:00,361.89300736394154,362.0
2025-09-28 18:00:00,2025-09-27 18:00:00,159.6754025745953,170.0
2025-09-28 19:00:00,2025-09-27 19:00:00,18.71242545051088,21.0
2025-09-28 20:00:00,2025-09-27 20:00:00,0.3542521580833202,0.0
2025-09-28 21:00:00,2025-09-27 21:00:00,0.3542521580833202,0.0
2025-09-28 22:00:00,2025-09-27 22:00:00,0.3542521580833202,0.0
2025-09-28 23:00:00,2025-09-27 23:00:00,0.3542521580833202,0.0
2025-09-29 00:00:00,2025-09-28 00:00:00,0.26711962051561405,0.0
2025-09-29 01:00:00,2025-09-28 01:00:00,0.26711962051561405,0.0
2025-09-29 02:00:00,2025-09-28 02:00:00,0.26711962051561405,0.0
2025-09-29 03:00:00,2025-09-28 03:00:00,0.26711962051561405,0.0
2025-09-29 04:00:00,2025-09-28 04:00:00,0.3109497567973365,0.0
2025-09-29 05:00:00,2025-09-28 05:00:00,0.26711962051561405,0.0
2025-09-29 06:00:00,2025-09-28 06:00:00,0.26711962051561405,0.0
2025-09-29 07:00:00,2025-09-28 07:00:00,1.6568581839034842,3.0
2025-09-29 08:00:00,2025-09-28 08:00:00,89.02283078401672,112.0
2025-09-29 09:00:00,2025-09-28 09:00:00,278.9436380201755,281.0
2025-09-29 10:00:00,2025-09-28 10:00:00,468.4961606750797,463.0
2025-09-29 11:00:00,2025-09-28 11:00:00,625.4667991605081,625.0
2025-09-29 12:00:00,2025-09-28 12:00:00,732.6408240154607,731.0
2025-09-29 13:00:00,2025-09-28 13:00:00,755.572027809388,775.0
2025-09-29 14:00:00,2025-09-28 14:00:00,732.9264484059572,751.0
2025-09-29 15:00:00,2025-09-28 15:00:00,661.3393576455466,665.0
2025-09-29 16:00:00,2025-09-28 16:00:00,500.97865628055683,526.0
2025-09-29 17:00:00,2025-09-28 17:00:00,338.316977800413,350.0
2025-09-29 18:00:00,2025-09-28 18:00:00,153.26170919772036,160.0
2025-09-29 19:00:00,2025-09-28 19:00:00,18.286596696761894,18.0
2025-09-29 20:00:00,2025-09-28 20:00:00,0.3908943879015004,0.0
2025-09-29 21:00:00,2025-09-28 21:00:00,0.3908943879015004,0.0
2025-09-29 22:00:00,2025-09-28 22:00:00,0.39808229436504267,0.0
2025-09-29 23:00:00,2025-09-28 23:00:00,0.44572067694291767,0.0
2025-09-30 00:00:00,2025-09-29 00:00:00,0.34202412768546075,0.0
2025-09-30 01:00:00,2025-09-29 01:00:00,0.38966251026333587,0.0
2025-09-30 02:00:00,2025-09-29 02:00:00,0.34202412768546075,0.0
2025-09-30 03:00:00,2025-09-29 03:00:00,0.34202412768546075,0.0
2025-09-30 04:00:00,2025-09-29 04:00:00,0.34202412768546075,0.0
2025-09-30 05:00:00,2025-09-29 05:00:00,0.34202412768546075,0.0
2025-09-30 06:00:00,2025-09-29 06:00:00,0.34202412768546075,0.0
2025-09-30 07:00:00,2025-09-29 07:00:00,2.3169158882626637,3.0
2025-09-30 08:00:00,2025-09-29 08:00:00,90.08375944949721,94.0
2025-09-30 09:00:00,2025-09-29 09:00:00,239.49113336295244,243.0
2025-09-30 10:00:00,2025-09-29 10:00:00,425.22098546184344,410.0
2025-09-30 11:00:00,2025-09-29 11:00:00,580.71437830696,561.0
2025-09-30 12:00:00,2025-09-29 12:00:00,693.6361294525703,661.0
2025-09-30 13:00:00,2025-09-29 13:00:00,733.2360941758348,702.0
2025-09-30 14:00:00,2025-09-29 14:00:00,693.9713729494008,681.0
2025-09-30 15:00:00,2025-09-29 15:00:00,645.6078216634598,604.0
2025-09-30 16:00:00,2025-09-29 16:00:00,520.1185443822802,478.0
2025-09-30 17:00:00,2025-09-29 17:00:00,327.32318842343705,316.0
2025-09-30 18:00:00,2025-09-29 18:00:00,144.53726948494955,142.0
2025-09-30 19:00:00,2025-09-29 19:00:00,15.63998025658572,15.0
2025-09-30 20:00:00,2025-09-29 20:00:00,0.42196875878962464,0.0
2025-09-30 21:00:00,2025-09-29 21:00:00,0.4018905406611953,0.0
2025-09-30 22:00:00,2025-09-29 22:00:00,0.4018905406611953,0.0
2025-09-30 23:00:00,2025-09-29 23:00:00,0.3542521580833202,0.0
2025-10-01 00:00:00,2025-09-30 00:00:00,0.3147580030934891,0.0
2025-10-01 01:00:00,2025-09-30 01:00:00,0.3147580030934891,0.0
2025-10-01 02:00:00,2025-09-30 02:00:00,0.3147580030934891,0.0
2025-10-01 03:00:00,2025-09-30 03:00:00,0.3147580030934891,0.0
2025-10-01 04:00:00,2025-09-30 04:00:00,0.3037618503337942,0.0
2025-10-01 05:00:00,2025-09-30 05:00:00,0.26711962051561405,0.0
2025-10-01 06:00:00,2025-09-30 06:00:00,0.26711962051561405,0.0
2025-10-01 07:00:00,2025-09-30 07:00:00,1.8359708626786955,3.0
2025-10-01 08:00:00,2025-09-30 08:00:00,87.48976684668146,101.0
2025-10-01 09:00:00,2025-09-30 09:00:00,268.1058367381361,255.0
2025-10-01 10:00:00,2025-09-30 10:00:00,465.27999508416923,416.0
2025-10-01 11:00:00,2025-09-30 11:00:00,592.9390606599296,555.0
2025-10-01 12:00:00,2025-09-30 12:00:00,689.570796135989,640.0
2025-10-01 13:00:00,2025-09-30 13:00:00,716.6936290463891,665.0
2025-10-01 14:00:00,2025-09-30 14:00:00,746.3619399203621,640.0
2025-10-01 15:00:00,2025-09-30 15:00:00,628.7585409225411,577.0
2025-10-01 16:00:00,2025-09-30 16:00:00,496.7252209950184,469.0
2025-10-01 17:00:00,2025-09-30 17:00:00,323.35844922157463,318.0
2025-10-01 18:00:00,2025-09-30 18:00:00,142.22302065869175,144.0
2025-10-01 19:00:00,2025-09-30 19:00:00,14.330442852313297,15.0
2025-10-01 20:00:00,2025-09-30 20:00:00,0.4018905406611953,0.0
2025-10-01 21:00:00,2025-09-30 21:00:00,0.42196875878962464,0.0
2025-10-01 22:00:00,2025-09-30 22:00:00,0.42196875878962464,0.0
2025-10-01 23:00:00,2025-09-30 23:00:00,0.3542521580833202,0.0
2025-10-02 00:00:00,2025-10-01 00:00:00,0.24862720549725487,0.0
2025-10-02 01:00:00,2025-10-01 01:00:00,0.24549260752370783,0.0
2025-10-02 02:00:00,2025-10-01 02:00:00,0.24549260752370783,0.0
2025-10-02 03:00:00,2025-10-01 03:00:00,0.24549260752370783,0.0
2025-10-02 04:00:00,2025-10-01 04:00:00,0.24549260752370783,0.0
2025-10-02 05:00:00,2025-10-01 05:00:00,0.24549260752370783,0.0
2025-10-02 06:00:00,2025-10-01 06:00:00,0.24549260752370783,0.0
2025-10-02 07:00:00,2025-10-01 07:00:00,1.0239325389862055,2.0
2025-10-02 08:00:00,2025-10-01 08:00:00,88.7752533832704,109.0
2025-10-02 09:00:00,2025-10-01 09:00:00,260.3776881787375,281.0
2025-10-02 10:00:00,2025-10-01 10:00:00,440.0220572934924,466.0
2025-10-02 11:00:00,2025-10-01 11:00:00,601.837367405834,629.0
2025-10-02 12:00:00,2025-10-01 12:00:00,714.9753070110531,737.0
2025-10-02 13:00:00,2025-10-01 13:00:00,752.1692081477523,781.0
2025-10-02 14:00:00,2025-10-01 14:00:00,737.3755018902531,756.0
2025-10-02 15:00:00,2025-10-01 15:00:00,631.2660377717797,667.0
2025-10-02 16:00:00,2025-10-01 16:00:00,504.72881254991137,524.0
2025-10-02 17:00:00,2025-10-01 17:00:00,321.67876917851396,345.0
2025-10-02 18:00:00,2025-10-01 18:00:00,143.3455520403034,153.0
2025-10-02 19:00:00,2025-10-01 19:00:00,12.010739639268838,15.0
2025-10-02 20:00:00,2025-10-01 20:00:00,0.3282107438176493,0.0
2025-10-02 21:00:00,2025-10-01 21:00:00,0.3921969581251335,0.0
2025-10-02 22:00:00,2025-10-01 22:00:00,0.3921969581251335,0.0
2025-10-02 23:00:00,2025-10-01 23:00:00,0.3921969581251335,0.0
2025-10-03 00:00:00,2025-10-02 00:00:00,0.31261341980473906,0.0
2025-10-03 01:00:00,2025-10-02 01:00:00,0.24862720549725487,0.0
2025-10-03 02:00:00,2025-10-02 02:00:00,0.31261341980473906,0.0
2025-10-03 03:00:00,2025-10-02 03:00:00,0.31261341980473906,0.0
2025-10-03 04:00:00,2025-10-02 04:00:00,0.24862720549725487,0.0
2025-10-03 05:00:00,2025-10-02 05:00:00,0.31261341980473906,0.0
2025-10-03 06:00:00,2025-10-02 06:00:00,0.31261341980473906,0.0
2025-10-03 07:00:00,2025-10-02 07:00:00,0.0,2.0
2025-10-03 08:00:00,2025-10-02 08:00:00,82.38217108080651,91.0
2025-10-03 09:00:00,2025-10-02 09:00:00,247.36229579395462,248.0
2025-10-03 10:00:00,2025-10-02 10:00:00,400.91263993604525,429.0
2025-10-03 11:00:00,2025-10-02 11:00:00,553.2249097449212,594.0
2025-10-03 12:00:00,2025-10-02 12:00:00,686.2208250759411,701.0
2025-10-03 13:00:00,2025-10-02 13:00:00,686.8960165007348,741.0
2025-10-03 14:00:00,2025-10-02 14:00:00,644.9452348402034,716.0
2025-10-03 15:00:00,2025-10-02 15:00:00,590.7845871282759,638.0
2025-10-03 16:00:00,2025-10-02 16:00:00,441.91388949634285,507.0
2025-10-03 17:00:00,2025-10-02 17:00:00,303.057240106191,333.0
2025-10-03 18:00:00,2025-10-02 18:00:00,131.18474854623562,142.0
2025-10-03 19:00:00,2025-10-02 19:00:00,11.088624893493602,12.0
2025-10-03 20:00:00,2025-10-02 20:00:00,0.32507614584410227,0.0
2025-10-03 21:00:00,2025-10-02 21:00:00,0.32507614584410227,0.0
2025-10-03 22:00:00,2025-10-02 22:00:00,0.32507614584410227,0.0
2025-10-03 23:00:00,2025-10-02 23:00:00,0.32507614584410227,0.0
2025-10-04 00:00:00,2025-10-03 00:00:00,0.24549260752370783,0.0
2025-10-04 01:00:00,2025-10-03 01:00:00,0.24549260752370783,0.0
2025-10-04 02:00:00,2025-10-03 02:00:00,0.24549260752370783,0.0
2025-10-04 03:00:00,2025-10-03 03:00:00,0.24549260752370783,0.0
2025-10-04 04:00:00,2025-10-03 04:00:00,0.24549260752370783,0.0
2025-10-04 05:00:00,2025-10-03 05:00:00,0.24549260752370783,0.0
2025-10-04 06:00:00,2025-10-03 06:00:00,0.16132136059237426,0.0
2025-10-04 07:00:00,2025-10-03 07:00:00,0.0,2.0
2025-10-04 08:00:00,2025-10-03 08:00:00,86.2004715929777,102.0
2025-10-04 09:00:00,2025-10-03 09:00:00,260.42825893635694,270.0
2025-10-04 10:00:00,2025-10-03 10:00:00,448.313222675033,452.0
2025-10-04 11:00:00,2025-10-03 11:00:00,585.6049374303318,613.0
2025-10-04 12:00:00,2025-10-03 12:00:00,699.7465237218064,720.0
2025-10-04 13:00:00,2025-10-03 13:00:00,745.5255812175661,763.0
2025-10-04 14:00:00,2025-10-03 14:00:00,729.2505407463397,739.0
2025-10-04 15:00:00,2025-10-03 15:00:00,633.3941016505679,652.0
2025-10-04 16:00:00,2025-10-03 16:00:00,496.227049591146,512.0
2025-10-04 17:00:00,2025-10-03 17:00:00,326.26891323698334,334.0
2025-10-04 18:00:00,2025-10-03 18:00:00,122.36610914580109,143.0
2025-10-04 19:00:00,2025-10-03 19:00:00,9.148386935871716,11.0
2025-10-04 20:00:00,2025-10-03 20:00:00,0.32507614584410227,0.0
2025-10-04 21:00:00,2025-10-03 21:00:00,0.32507614584410227,0.0
2025-10-04 22:00:00,2025-10-03 22:00:00,0.32507614584410227,0.0
2025-10-04 23:00:00,2025-10-03 23:00:00,0.32507614584410227,0.0
2025-10-05 00:00:00,2025-10-04 00:00:00,0.24549260752370783,0.0
2025-10-05 01:00:00,2025-10-04 01:00:00,0.24549260752370783,0.0
2025-10-05 02:00:00,2025-10-04 02:00:00,0.24549260752370783,0.0
2025-10-05 03:00:00,2025-10-04 03:00:00,0.24549260752370783,0.0
2025-10-05 04:00:00,2025-10-04 04:00:00,0.24549260752370783,0.0
2025-10-05 05:00:00,2025-10-04 05:00:00,0.24549260752370783,0.0
2025-10-05 06:00:00,2025-10-04 06:00:00,0.24549260752370783,0.0
2025-10-05 07:00:00,2025-10-04 07:00:00,0.5698645380679989,1.0
2025-10-05 08:00:00,2025-10-04 08:00:00,80.50983028793328,99.0
2025-10-05 09:00:00,2025-10-04 09:00:00,262.4498442658226,267.0
2025-10-05 10:00:00,2025-10-04 10:00:00,451.1491013550695,449.0
2025-10-05 11:00:00,2025-10-04 11:00:00,603.9894235802384,610.0
2025-10-05 12:00:00,2025-10-04 12:00:00,732.9217588223421,716.0
2025-10-05 13:00:00,2025-10-04 13:00:00,753.6511376783482,760.0
2025-10-05 14:00:00,2025-10-04 14:00:00,737.9688542733386,735.0
2025-10-05 15:00:00,2025-10-04 15:00:00,640.7664124759001,647.0
2025-10-05 16:00:00,2025-10-04 16:00:00,489.3133895034586,507.0
2025-10-05 17:00:00,2025-10-04 17:00:00,316.058639511288,331.0
2025-10-05 18:00:00,2025-10-04 18:00:00,126.29066842745692,143.0
2025-10-05 19:00:00,2025-10-04 19:00:00,8.20597941546716,11.0
2025-10-05 20:00:00,2025-10-04 20:00:00,0.3282107438176493,0.0
2025-10-05 21:00:00,2025-10-04 21:00:00,0.3282107438176493,0.0
2025-10-05 22:00:00,2025-10-04 22:00:00,0.3282107438176493,0.0
2025-10-05 23:00:00,2025-10-04 23:00:00,0.3282107438176493,0.0
2025-10-06 00:00:00,2025-10-05 00:00:00,0.24862720549725487,0.0
2025-10-06 01:00:00,2025-10-05 01:00:00,0.24862720549725487,0.0
2025-10-06 02:00:00,2025-10-05 02:00:00,0.31261341980473906,0.0
2025-10-06 03:00:00,2025-10-05 03:00:00,0.24862720549725487,0.0
2025-10-06 04:00:00,2025-10-05 04:00:00,0.24862720549725487,0.0
2025-10-06 05:00:00,2025-10-05 05:00:00,0.24862720549725487,0.0
2025-10-06 06:00:00,2025-10-05 06:00:00,0.31261341980473906,0.0
2025-10-06 07:00:00,2025-10-05 07:00:00,0.0,1.0
2025-10-06 08:00:00,2025-10-05 08:00:00,77.65038030446672,88.0
2025-10-06 09:00:00,2025-10-05 09:00:00,239.25719765136284,245.0
2025-10-06 10:00:00,2025-10-05 10:00:00,420.78494202789443,421.0
2025-10-06 11:00:00,2025-10-05 11:00:00,549.4330324653076,576.0
2025-10-06 12:00:00,2025-10-05 12:00:00,640.8437833940822,666.0
2025-10-06 13:00:00,2025-10-05 13:00:00,708.1629405369392,688.0
2025-10-06 14:00:00,2025-10-05 14:00:00,681.0660276552036,655.0
2025-10-06 15:00:00,2025-10-05 15:00:00,622.6231043671661,585.0
2025-10-06 16:00:00,2025-10-05 16:00:00,491.3657045016382,470.0
2025-10-06 17:00:00,2025-10-05 17:00:00,307.00958900566235,308.0
2025-10-06 18:00:00,2025-10-05 18:00:00,122.36053564144389,126.0
2025-10-06 19:00:00,2025-10-05 19:00:00,8.20597941546716,8.0
2025-10-06 20:00:00,2025-10-05 20:00:00,0.32507614584410227,0.0
2025-10-06 21:00:00,2025-10-05 21:00:00,0.32507614584410227,0.0
2025-10-06 22:00:00,2025-10-05 22:00:00,0.3282107438176493,0.0
2025-10-06 23:00:00,2025-10-05 23:00:00,0.3921969581251335,0.0
2025-10-07 00:00:00,2025-10-06 00:00:00,0.31261341980473906,0.0
2025-10-07 01:00:00,2025-10-06 01:00:00,0.31261341980473906,0.0
2025-10-07 02:00:00,2025-10-06 02:00:00,0.31261341980473906,0.0
2025-10-07 03:00:00,2025-10-06 03:00:00,0.31261341980473906,0.0
2025-10-07 04:00:00,2025-10-06 04:00:00,0.31261341980473906,0.0
2025-10-07 05:00:00,2025-10-06 05:00:00,0.31261341980473906,0.0
2025-10-07 06:00:00,2025-10-06 06:00:00,0.31261341980473906,0.0
2025-10-07 07:00:00,2025-10-06 07:00:00,0.48649754614938967,1.0
2025-10-07 08:00:00,2025-10-06 08:00:00,63.854564232763515,79.0
2025-10-07 09:00:00,2025-10-06 09:00:00,262.3901340502174,210.0
2025-10-07 10:00:00,2025-10-06 10:00:00,440.7002652510743,339.0
2025-10-07 11:00:00,2025-10-06 11:00:00,554.0221815685519,452.0
2025-10-07 12:00:00,2025-10-06 12:00:00,701.4435045615456,545.0
2025-10-07 13:00:00,2025-10-06 13:00:00,738.2457496370978,602.0
2025-10-07 14:00:00,2025-10-06 14:00:00,714.5887643770906,594.0
2025-10-07 15:00:00,2025-10-06 15:00:00,593.5664348814912,507.0
2025-10-07 16:00:00,2025-10-06 16:00:00,458.44547725297616,374.0
2025-10-07 17:00:00,2025-10-06 17:00:00,302.44320178893827,233.0
2025-10-07 18:00:00,2025-10-06 18:00:00,122.15789699702789,100.0
2025-10-07 19:00:00,2025-10-06 19:00:00,8.214331884090509,7.0
2025-10-07 20:00:00,2025-10-06 20:00:00,0.3921969581251335,0.0
2025-10-07 21:00:00,2025-10-06 21:00:00,0.3921969581251335,0.0
2025-10-07 22:00:00,2025-10-06 22:00:00,0.3921969581251335,0.0
2025-10-07 23:00:00,2025-10-06 23:00:00,0.3921969581251335,0.0
2025-10-08 00:00:00,2025-10-07 00:00:00,0.31261341980473906,0.0
2025-10-08 01:00:00,2025-10-07 01:00:00,0.31261341980473906,0.0
2025-10-08 02:00:00,2025-10-07 02:00:00,0.31261341980473906,0.0
2025-10-08 03:00:00,2025-10-07 03:00:00,0.31261341980473906,0.0
2025-10-08 04:00:00,2025-10-07 04:00:00,0.31261341980473906,0.0
2025-10-08 05:00:00,2025-10-07 05:00:00,0.31261341980473906,0.0
2025-10-08 06:00:00,2025-10-07 06:00:00,0.31261341980473906,0.0
2025-10-08 07:00:00,2025-10-07 07:00:00,0.5488127538459869,1.0
2025-10-08 08:00:00,2025-10-07 08:00:00,58.66878063938366,77.0
2025-10-08 09:00:00,2025-10-07 09:00:00,199.75183466660346,208.0
2025-10-08 10:00:00,2025-10-07 10:00:00,329.0935258861527,338.0
2025-10-08 11:00:00,2025-10-07 11:00:00,473.6238185728871,451.0
2025-10-08 12:00:00,2025-10-07 12:00:00,543.350509565685,533.0
2025-10-08 13:00:00,2025-10-07 13:00:00,545.5378079991464,574.0
2025-10-08 14:00:00,2025-10-07 14:00:00,544.5081759803478,559.0
2025-10-08 15:00:00,2025-10-07 15:00:00,415.8644647074512,488.0
2025-10-08 16:00:00,2025-10-07 16:00:00,362.69922167645217,374.0
2025-10-08 17:00:00,2025-10-07 17:00:00,234.97941909123412,233.0
2025-10-08 18:00:00,2025-10-07 18:00:00,102.36981293719973,89.0
2025-10-08 19:00:00,2025-10-07 19:00:00,4.697408339515806,4.0
2025-10-08 20:00:00,2025-10-07 20:00:00,0.3921969581251335,0.0
2025-10-08 21:00:00,2025-10-07 21:00:00,0.3921969581251335,0.0
2025-10-08 22:00:00,2025-10-07 22:00:00,0.3921969581251335,0.0
2025-10-08 23:00:00,2025-10-07 23:00:00,0.38279893585589914,0.0
2025-10-09 00:00:00,2025-10-08 00:00:00,0.31261341980473906,0.0
2025-10-09 01:00:00,2025-10-08 01:00:00,0.3032153975355047,0.0
2025-10-09 02:00:00,2025-10-08 02:00:00,0.31261341980473906,0.0
2025-10-09 03:00:00,2025-10-08 03:00:00,0.31261341980473906,0.0
2025-10-09 04:00:00,2025-10-08 04:00:00,0.31261341980473906,0.0
2025-10-09 05:00:00,2025-10-08 05:00:00,0.31261341980473906,0.0
2025-10-09 06:00:00,2025-10-08 06:00:00,0.31261341980473906,0.0
2025-10-09 07:00:00,2025-10-08 07:00:00,0.31261341980473906,0.0
2025-10-09 08:00:00,2025-10-08 08:00:00,53.501880892576374,68.0
2025-10-09 09:00:00,2025-10-08 09:00:00,205.81133658308246,202.0
2025-10-09 10:00:00,2025-10-08 10:00:00,291.17999672174807,364.0
2025-10-09 11:00:00,2025-10-08 11:00:00,496.3270124552198,518.0
2025-10-09 12:00:00,2025-10-08 12:00:00,467.44246139032646,628.0
2025-10-09 13:00:00,2025-10-08 13:00:00,649.3109562655404,683.0
2025-10-09 14:00:00,2025-10-08 14:00:00,590.3921183000441,673.0
2025-10-09 15:00:00,2025-10-08 15:00:00,528.603976737656,591.0
2025-10-09 16:00:00,2025-10-08 16:00:00,418.6431004158704,458.0
2025-10-09 17:00:00,2025-10-08 17:00:00,268.54247815973605,304.0
2025-10-09 18:00:00,2025-10-08 18:00:00,103.52904297839376,141.0
2025-10-09 19:00:00,2025-10-08 19:00:00,3.993219733525886,9.0
2025-10-09 20:00:00,2025-10-08 20:00:00,0.3282107438176493,0.0
2025-10-09 21:00:00,2025-10-08 21:00:00,0.32507614584410227,0.0
2025-10-09 22:00:00,2025-10-08 22:00:00,0.32507614584410227,0.0
2025-10-09 23:00:00,2025-10-08 23:00:00,0.32507614584410227,0.0
2025-10-10 00:00:00,2025-10-09 00:00:00,0.24549260752370783,0.0
2025-10-10 01:00:00,2025-10-09 01:00:00,0.24862720549725487,0.0
2025-10-10 02:00:00,2025-10-09 02:00:00,0.31261341980473906,0.0
2025-10-10 03:00:00,2025-10-09 03:00:00,0.31261341980473906,0.0
2025-10-10 04:00:00,2025-10-09 04:00:00,0.31261341980473906,0.0
2025-10-10 05:00:00,2025-10-09 05:00:00,0.24862720549725487,0.0
2025-10-10 06:00:00,2025-10-09 06:00:00,0.24862720549725487,0.0
2025-10-10 07:00:00,2025-10-09 07:00:00,0.24862720549725487,0.0
2025-10-10 08:00:00,2025-10-09 08:00:00,69.28201717983399,77.0
2025-10-10 09:00:00,2025-10-09 09:00:00,218.57397182292465,227.0
2025-10-10 10:00:00,2025-10-09 10:00:00,394.68253211154195,397.0
2025-10-10 11:00:00,2025-10-09 11:00:00,505.364248578179,548.0
2025-10-10 12:00:00,2025-10-09 12:00:00,638.5238010046791,634.0
2025-10-10 13:00:00,2025-10-09 13:00:00,736.9969350974734,652.0
2025-10-10 14:00:00,2025-10-09 14:00:00,649.9789918823635,614.0
2025-10-10 15:00:00,2025-10-09 15:00:00,579.0523097216936,524.0
2025-10-10 16:00:00,2025-10-09 16:00:00,440.9092469806699,397.0
2025-10-10 17:00:00,2025-10-09 17:00:00,276.85844142131316,259.0
2025-10-10 18:00:00,2025-10-09 18:00:00,110.2365585581225,118.0
2025-10-10 19:00:00,2025-10-09 19:00:00,3.9819554629513796,6.0
2025-10-10 20:00:00,2025-10-09 20:00:00,0.32507614584410227,0.0
2025-10-10 21:00:00,2025-10-09 21:00:00,0.32507614584410227,0.0
2025-10-10 22:00:00,2025-10-09 22:00:00,0.32507614584410227,0.0
2025-10-10 23:00:00,2025-10-09 23:00:00,0.3921969581251335,0.0
2025-10-11 00:00:00,2025-10-10 00:00:00,0.24549260752370783,0.0
2025-10-11 01:00:00,2025-10-10 01:00:00,0.24549260752370783,0.0
2025-10-11 02:00:00,2025-10-10 02:00:00,0.23609458525447344,0.0
2025-10-11 03:00:00,2025-10-10 03:00:00,0.24549260752370783,0.0
2025-10-11 04:00:00,2025-10-10 04:00:00,0.24549260752370783,0.0
2025-10-11 05:00:00,2025-10-10 05:00:00,0.24549260752370783,0.0
2025-10-11 06:00:00,2025-10-10 06:00:00,0.24549260752370783,0.0
2025-10-11 07:00:00,2025-10-10 07:00:00,0.24549260752370783,0.0
2025-10-11 08:00:00,2025-10-10 08:00:00,70.6638536475196,85.0
2025-10-11 09:00:00,2025-10-10 09:00:00,256.5604833696121,250.0
2025-10-11 10:00:00,2025-10-10 10:00:00,435.9319524748712,429.0
2025-10-11 11:00:00,2025-10-10 11:00:00,590.1639014604232,586.0
2025-10-11 12:00:00,2025-10-10 12:00:00,677.7759076090223,680.0
2025-10-11 13:00:00,2025-10-10 13:00:00,709.3969151933023,706.0
2025-10-11 14:00:00,2025-10-10 14:00:00,684.6919412495625,672.0
2025-10-11 15:00:00,2025-10-10 15:00:00,614.9144204141777,582.0
2025-10-11 16:00:00,2025-10-10 16:00:00,451.6116857253247,449.0
2025-10-11 17:00:00,2025-10-10 17:00:00,288.51746968018057,296.0
2025-10-11 18:00:00,2025-10-10 18:00:00,99.6466035599845,133.0
2025-10-11 19:00:00,2025-10-10 19:00:00,3.6169054162085565,6.0
2025-10-11 20:00:00,2025-10-10 20:00:00,0.3282107438176493,0.0
2025-10-11 21:00:00,2025-10-10 21:00:00,0.3282107438176493,0.0
2025-10-11 22:00:00,2025-10-10 22:00:00,0.32507614584410227,0.0
2025-10-11 23:00:00,2025-10-10 23:00:00,0.32507614584410227,0.0
2025-10-12 00:00:00,2025-10-11 00:00:00,0.24549260752370783,0.0
2025-10-12 01:00:00,2025-10-11 01:00:00,0.24862720549725487,0.0
2025-10-12 02:00:00,2025-10-11 02:00:00,0.24862720549725487,0.0
2025-10-12 03:00:00,2025-10-11 03:00:00,0.31261341980473906,0.0
2025-10-12 04:00:00,2025-10-11 04:00:00,0.31261341980473906,0.0
2025-10-12 05:00:00,2025-10-11 05:00:00,0.31261341980473906,0.0
2025-10-12 06:00:00,2025-10-11 06:00:00,0.31261341980473906,0.0
2025-10-12 07:00:00,2025-10-11 07:00:00,0.31261341980473906,0.0
2025-10-12 08:00:00,2025-10-11 08:00:00,61.93815731236234,72.0
2025-10-12 09:00:00,2025-10-11 09:00:00,231.36382843171154,218.0
2025-10-12 10:00:00,2025-10-11 10:00:00,390.4307311398294,382.0
2025-10-12 11:00:00,2025-10-11 11:00:00,509.4568781504678,531.0
2025-10-12 12:00:00,2025-10-11 12:00:00,663.3084201928049,629.0
2025-10-12 13:00:00,2025-10-11 13:00:00,676.8870632872093,669.0
2025-10-12 14:00:00,2025-10-11 14:00:00,708.9015862373676,647.0
2025-10-12 15:00:00,2025-10-11 15:00:00,592.5858387858938,562.0
2025-10-12 16:00:00,2025-10-11 16:00:00,467.02018538712326,431.0
2025-10-12 17:00:00,2025-10-11 17:00:00,290.99181168373207,282.0
2025-10-12 18:00:00,2025-10-11 18:00:00,102.75321618485356,125.0
2025-10-12 19:00:00,2025-10-11 19:00:00,3.2926154001085735,5.0
2025-10-12 20:00:00,2025-10-11 20:00:00,0.32507614584410227,0.0
2025-10-12 21:00:00,2025-10-11 21:00:00,0.32507614584410227,0.0
2025-10-12 22:00:00,2025-10-11 22:00:00,0.32507614584410227,0.0
2025-10-12 23:00:00,2025-10-11 23:00:00,0.32507614584410227,0.0
2025-10-13 00:00:00,2025-10-12 00:00:00,0.24549260752370783,0.0
2025-10-13 01:00:00,2025-10-12 01:00:00,0.24549260752370783,0.0
2025-10-13 02:00:00,2025-10-12 02:00:00,0.24549260752370783,0.0
2025-10-13 03:00:00,2025-10-12 03:00:00,0.24549260752370783,0.0
2025-10-13 04:00:00,2025-10-12 04:00:00,0.24549260752370783,0.0
2025-10-13 05:00:00,2025-10-12 05:00:00,0.24549260752370783,0.0
2025-10-13 06:00:00,2025-10-12 06:00:00,0.24549260752370783,0.0
2025-10-13 07:00:00,2025-10-12 07:00:00,0.24549260752370783,0.0
2025-10-13 08:00:00,2025-10-12 08:00:00,67.76973388803317,69.0
2025-10-13 09:00:00,2025-10-12 09:00:00,248.6325228543359,210.0
2025-10-13 10:00:00,2025-10-12 10:00:00,425.207254286021,367.0
2025-10-13 11:00:00,2025-10-12 11:00:00,588.3343348321066,511.0
2025-10-13 12:00:00,2025-10-12 12:00:00,696.8247072190477,615.0
2025-10-13 13:00:00,2025-10-12 13:00:00,742.0633194772123,668.0
2025-10-13 14:00:00,2025-10-12 14:00:00,689.2736864173871,658.0
2025-10-13 15:00:00,2025-10-12 15:00:00,532.26280420949,576.0
2025-10-13 16:00:00,2025-10-12 16:00:00,437.3502766081461,444.0
2025-10-13 17:00:00,2025-10-12 17:00:00,287.7268252718245,291.0
2025-10-13 18:00:00,2025-10-12 18:00:00,103.46457109955331,127.0
2025-10-13 19:00:00,2025-10-12 19:00:00,2.244677860681928,5.0
2025-10-13 20:00:00,2025-10-12 20:00:00,0.32507614584410227,0.0
2025-10-13 21:00:00,2025-10-12 21:00:00,0.32507614584410227,0.0
2025-10-13 22:00:00,2025-10-12 22:00:00,0.32507614584410227,0.0
2025-10-13 23:00:00,2025-10-12 23:00:00,0.32507614584410227,0.0
2025-10-14 00:00:00,2025-10-13 00:00:00,0.24549260752370783,0.0
2025-10-14 01:00:00,2025-10-13 01:00:00,0.24549260752370783,0.0
2025-10-14 02:00:00,2025-10-13 02:00:00,0.24549260752370783,0.0
2025-10-14 03:00:00,2025-10-13 03:00:00,0.24549260752370783,0.0
2025-10-14 04:00:00,2025-10-13 04:00:00,0.24549260752370783,0.0
2025-10-14 05:00:00,2025-10-13 05:00:00,0.24549260752370783,0.0
2025-10-14 06:00:00,2025-10-13 06:00:00,0.24549260752370783,0.0
2025-10-14 07:00:00,2025-10-13 07:00:00,0.24549260752370783,0.0
2025-10-14 08:00:00,2025-10-13 08:00:00,68.9893078310343,70.0
2025-10-14 09:00:00,2025-10-13 09:00:00,235.74116513936698,217.0
2025-10-14 10:00:00,2025-10-13 10:00:00,416.2496748615887,377.0
2025-10-14 11:00:00,2025-10-13 11:00:00,551.5878597396803,522.0
2025-10-14 12:00:00,2025-10-13 12:00:00,661.7872728481286,621.0
2025-10-14 13:00:00,2025-10-13 13:00:00,716.2904699438411,666.0
2025-10-14 14:00:00,2025-10-13 14:00:00,687.6213153603381,646.0
2025-10-14 15:00:00,2025-10-13 15:00:00,603.095521426269,553.0
2025-10-14 16:00:00,2025-10-13 16:00:00,451.6147700992706,414.0
2025-10-14 17:00:00,2025-10-13 17:00:00,283.54323564089447,265.0
2025-10-14 18:00:00,2025-10-13 18:00:00,97.20642789390385,113.0
2025-10-14 19:00:00,2025-10-13 19:00:00,1.6075800637782198,3.0
2025-10-14 20:00:00,2025-10-13 20:00:00,0.32507614584410227,0.0
2025-10-14 21:00:00,2025-10-13 21:00:00,0.32507614584410227,0.0
2025-10-14 22:00:00,2025-10-13 22:00:00,0.32507614584410227,0.0
2025-10-14 23:00:00,2025-10-13 23:00:00,0.32507614584410227,0.0
2025-10-15 00:00:00,2025-10-14 00:00:00,0.24549260752370783,0.0
2025-10-15 01:00:00,2025-10-14 01:00:00,0.24549260752370783,0.0
2025-10-15 02:00:00,2025-10-14 02:00:00,0.24549260752370783,0.0
2025-10-15 03:00:00,2025-10-14 03:00:00,0.24549260752370783,0.0
2025-10-15 04:00:00,2025-10-14 04:00:00,0.24549260752370783,0.0
2025-10-15 05:00:00,2025-10-14 05:00:00,0.24549260752370783,0.0
2025-10-15 06:00:00,2025-10-14 06:00:00,0.24549260752370783,0.0
2025-10-15 07:00:00,2025-10-14 07:00:00,0.24549260752370783,0.0
2025-10-15 08:00:00,2025-10-14 08:00:00,65.70168314722838,67.0
2025-10-15 09:00:00,2025-10-14 09:00:00,248.71520558001413,220.0
2025-10-15 10:00:00,2025-10-14 10:00:00,414.6868310486795,399.0
2025-10-15 11:00:00,2025-10-14 11:00:00,570.6615424965352,564.0
2025-10-15 12:00:00,2025-10-14 12:00:00,670.729962118481,666.0
2025-10-15 13:00:00,2025-10-14 13:00:00,731.3536987966191,698.0
2025-10-15 14:00:00,2025-10-14 14:00:00,676.8788987786019,665.0
2025-10-15 15:00:00,2025-10-14 15:00:00,559.8327252781382,567.0
2025-10-15 16:00:00,2025-10-14 16:00:00,410.78097442425656,424.0
2025-10-15 17:00:00,2025-10-14 17:00:00,260.3728475494297,270.0
2025-10-15 18:00:00,2025-10-14 18:00:00,90.47107531724338,113.0
2025-10-15 19:00:00,2025-10-14 19:00:00,0.15392611503285994,3.0
2025-10-15 20:00:00,2025-10-14 20:00:00,0.3282107438176493,0.0
2025-10-15 21:00:00,2025-10-14 21:00:00,0.32507614584410227,0.0
2025-10-15 22:00:00,2025-10-14 22:00:00,0.32507614584410227,0.0
2025-10-15 23:00:00,2025-10-14 23:00:00,0.32507614584410227,0.0
2025-10-16 00:00:00,2025-10-15 00:00:00,0.24549260752370783,0.0
2025-10-16 01:00:00,2025-10-15 01:00:00,0.24549260752370783,0.0
2025-10-16 02:00:00,2025-10-15 02:00:00,0.24549260752370783,0.0
2025-10-16 03:00:00,2025-10-15 03:00:00,0.24549260752370783,0.0
2025-10-16 04:00:00,2025-10-15 04:00:00,0.24549260752370783,0.0
2025-10-16 05:00:00,2025-10-15 05:00:00,0.24549260752370783,0.0
2025-10-16 06:00:00,2025-10-15 06:00:00,0.24862720549725487,0.0
2025-10-16 07:00:00,2025-10-15 07:00:00,0.24862720549725487,0.0
2025-10-16 08:00:00,2025-10-15 08:00:00,60.63403664100751,72.0
2025-10-16 09:00:00,2025-10-15 09:00:00,226.03134697177694,233.0
2025-10-16 10:00:00,2025-10-15 10:00:00,392.9158870142497,411.0
2025-10-16 11:00:00,2025-10-15 11:00:00,557.4803663590336,568.0
2025-10-16 12:00:00,2025-10-15 12:00:00,667.7742194227616,665.0
2025-10-16 13:00:00,2025-10-15 13:00:00,698.0470966864006,695.0
2025-10-16 14:00:00,2025-10-15 14:00:00,660.8281821108926,659.0
2025-10-16 15:00:00,2025-10-15 15:00:00,560.8268212998141,556.0
2025-10-16 16:00:00,2025-10-15 16:00:00,397.30895989108444,410.0
2025-10-16 17:00:00,2025-10-15 17:00:00,240.73816934123593,258.0
2025-10-16 18:00:00,2025-10-15 18:00:00,89.38134867590115,105.0
2025-10-16 19:00:00,2025-10-15 19:00:00,0.0,2.0
2025-10-16 20:00:00,2025-10-15 20:00:00,0.3282107438176493,0.0
2025-10-16 21:00:00,2025-10-15 21:00:00,0.3282107438176493,0.0
2025-10-16 22:00:00,2025-10-15 22:00:00,0.3282107438176493,0.0
2025-10-16 23:00:00,2025-10-15 23:00:00,0.3921969581251335,0.0
2025-10-17 00:00:00,2025-10-16 00:00:00,0.31261341980473906,0.0
2025-10-17 01:00:00,2025-10-16 01:00:00,0.24862720549725487,0.0
2025-10-17 02:00:00,2025-10-16 02:00:00,0.24549260752370783,0.0
2025-10-17 03:00:00,2025-10-16 03:00:00,0.24549260752370783,0.0
2025-10-17 04:00:00,2025-10-16 04:00:00,0.24549260752370783,0.0
2025-10-17 05:00:00,2025-10-16 05:00:00,0.24549260752370783,0.0
2025-10-17 06:00:00,2025-10-16 06:00:00,0.24862720549725487,0.0
2025-10-17 07:00:00,2025-10-16 07:00:00,0.24862720549725487,0.0
2025-10-17 08:00:00,2025-10-16 08:00:00,61.44217837353578,71.0
2025-10-17 09:00:00,2025-10-16 09:00:00,224.0584579707662,232.0
2025-10-17 10:00:00,2025-10-16 10:00:00,398.70277062951186,410.0
2025-10-17 11:00:00,2025-10-16 11:00:00,556.8203557322628,565.0
2025-10-17 12:00:00,2025-10-16 12:00:00,647.0306034224259,654.0
2025-10-17 13:00:00,2025-10-16 13:00:00,683.6538746348859,673.0
2025-10-17 14:00:00,2025-10-16 14:00:00,647.413329278162,630.0
2025-10-17 15:00:00,2025-10-16 15:00:00,552.9869540940657,530.0
2025-10-17 16:00:00,2025-10-16 16:00:00,413.18613425676654,392.0
2025-10-17 17:00:00,2025-10-16 17:00:00,241.3235616810326,245.0
2025-10-17 18:00:00,2025-10-16 18:00:00,80.14884326218451,99.0
2025-10-17 19:00:00,2025-10-16 19:00:00,0.794884533448314,2.0
2025-10-17 20:00:00,2025-10-16 20:00:00,0.32507614584410227,0.0
2025-10-17 21:00:00,2025-10-16 21:00:00,0.32507614584410227,0.0
2025-10-17 22:00:00,2025-10-16 22:00:00,0.32507614584410227,0.0
2025-10-17 23:00:00,2025-10-16 23:00:00,0.32507614584410227,0.0
2025-10-18 00:00:00,2025-10-17 00:00:00,0.24549260752370783,0.0
2025-10-18 01:00:00,2025-10-17 01:00:00,0.24549260752370783,0.0
2025-10-18 02:00:00,2025-10-17 02:00:00,0.24549260752370783,0.0
2025-10-18 03:00:00,2025-10-17 03:00:00,0.24549260752370783,0.0
2025-10-18 04:00:00,2025-10-17 04:00:00,0.24549260752370783,0.0
2025-10-18 05:00:00,2025-10-17 05:00:00,0.24549260752370783,0.0
2025-10-18 06:00:00,2025-10-17 06:00:00,0.24549260752370783,0.0
2025-10-18 07:00:00,2025-10-17 07:00:00,0.24549260752370783,0.0
2025-10-18 08:00:00,2025-10-17 08:00:00,60.540725119942245,67.0
2025-10-18 09:00:00,2025-10-17 09:00:00,229.23039171883605,225.0
2025-10-18 10:00:00,2025-10-17 10:00:00,404.9139688133843,400.0
2025-10-18 11:00:00,2025-10-17 11:00:00,534.63193459379,556.0
2025-10-18 12:00:00,2025-10-17 12:00:00,637.9812148952283,657.0
2025-10-18 13:00:00,2025-10-17 13:00:00,690.7189096901548,695.0
2025-10-18 14:00:00,2025-10-17 14:00:00,648.4319656523879,666.0
2025-10-18 15:00:00,2025-10-17 15:00:00,556.738401704609,568.0
2025-10-18 16:00:00,2025-10-17 16:00:00,421.80930416366675,423.0
2025-10-18 17:00:00,2025-10-17 17:00:00,236.9415641490846,266.0
2025-10-18 18:00:00,2025-10-17 18:00:00,76.63785868132284,105.0
2025-10-18 19:00:00,2025-10-17 19:00:00,0.668391283382408,1.0
2025-10-18 20:00:00,2025-10-17 20:00:00,0.32507614584410227,0.0
2025-10-18 21:00:00,2025-10-17 21:00:00,0.3282107438176493,0.0
2025-10-18 22:00:00,2025-10-17 22:00:00,0.3282107438176493,0.0
2025-10-18 23:00:00,2025-10-17 23:00:00,0.3282107438176493,0.0
2025-10-19 00:00:00,2025-10-18 00:00:00,0.31261341980473906,0.0
2025-10-19 01:00:00,2025-10-18 01:00:00,0.31261341980473906,0.0
2025-10-19 02:00:00,2025-10-18 02:00:00,0.31261341980473906,0.0
2025-10-19 03:00:00,2025-10-18 03:00:00,0.31261341980473906,0.0
2025-10-19 04:00:00,2025-10-18 04:00:00,0.31261341980473906,0.0
2025-10-19 05:00:00,2025-10-18 05:00:00,0.31261341980473906,0.0
2025-10-19 06:00:00,2025-10-18 06:00:00,0.24862720549725487,0.0
2025-10-19 07:00:00,2025-10-18 07:00:00,0.31261341980473906,0.0
2025-10-19 08:00:00,2025-10-18 08:00:00,51.801685012661096,58.0
2025-10-19 09:00:00,2025-10-18 09:00:00,197.26568736171043,195.0
2025-10-19 10:00:00,2025-10-18 10:00:00,357.0966624873713,337.0
2025-10-19 11:00:00,2025-10-18 11:00:00,500.2799603331781,462.0
2025-10-19 12:00:00,2025-10-18 12:00:00,586.2602733711661,547.0
2025-10-19 13:00:00,2025-10-18 13:00:00,622.7678940459805,582.0
2025-10-19 14:00:00,2025-10-18 14:00:00,621.3183481401285,561.0
2025-10-19 15:00:00,2025-10-18 15:00:00,515.6943561281782,480.0
2025-10-19 16:00:00,2025-10-18 16:00:00,402.69461513673616,359.0
2025-10-19 17:00:00,2025-10-18 17:00:00,238.35252633398886,226.0
2025-10-19 18:00:00,2025-10-18 18:00:00,73.0784628584373,88.0
2025-10-19 19:00:00,2025-10-18 19:00:00,0.7249722871272618,1.0
2025-10-19 20:00:00,2025-10-18 20:00:00,0.3282107438176493,0.0
2025-10-19 21:00:00,2025-10-18 21:00:00,0.32507614584410227,0.0
2025-10-19 22:00:00,2025-10-18 22:00:00,0.3921969581251335,0.0
2025-10-19 23:00:00,2025-10-18 23:00:00,0.3921969581251335,0.0
2025-10-20 00:00:00,2025-10-19 00:00:00,0.31261341980473906,0.0
2025-10-20 01:00:00,2025-10-19 01:00:00,0.24862720549725487,0.0
2025-10-20 02:00:00,2025-10-19 02:00:00,0.24862720549725487,0.0
2025-10-20 03:00:00,2025-10-19 03:00:00,0.31261341980473906,0.0
2025-10-20 04:00:00,2025-10-19 04:00:00,0.31261341980473906,0.0
2025-10-20 05:00:00,2025-10-19 05:00:00,0.24862720549725487,0.0
2025-10-20 06:00:00,2025-10-19 06:00:00,0.31261341980473906,0.0
2025-10-20 07:00:00,2025-10-19 07:00:00,0.31261341980473906,0.0
2025-10-20 08:00:00,2025-10-19 08:00:00,50.983978485775516,57.0
2025-10-20 09:00:00,2025-10-19 09:00:00,191.99137891114103,201.0
2025-10-20 10:00:00,2025-10-19 10:00:00,348.3699704884243,367.0
2025-10-20 11:00:00,2025-10-19 11:00:00,503.99185099558764,518.0
2025-10-20 12:00:00,2025-10-19 12:00:00,609.0879010461645,615.0
2025-10-20 13:00:00,2025-10-19 13:00:00,663.9452876838584,650.0
2025-10-20 14:00:00,2025-10-19 14:00:00,642.3209354735857,621.0
2025-10-20 15:00:00,2025-10-19 15:00:00,488.52471748079176,529.0
2025-10-20 16:00:00,2025-10-19 16:00:00,401.41536717041316,394.0
2025-10-20 17:00:00,2025-10-19 17:00:00,231.08235650646955,246.0
2025-10-20 18:00:00,2025-10-19 18:00:00,72.03121433342511,93.0
2025-10-20 19:00:00,2025-10-19 19:00:00,0.3282107438176493,1.0
2025-10-20 20:00:00,2025-10-19 20:00:00,0.32507614584410227,0.0
2025-10-20 21:00:00,2025-10-19 21:00:00,0.32507614584410227,0.0
2025-10-20 22:00:00,2025-10-19 22:00:00,0.32507614584410227,0.0
2025-10-20 23:00:00,2025-10-19 23:00:00,0.32507614584410227,0.0
2025-10-21 00:00:00,2025-10-20 00:00:00,0.24862720549725487,0.0
2025-10-21 01:00:00,2025-10-20 01:00:00,0.24862720549725487,0.0
2025-10-21 02:00:00,2025-10-20 02:00:00,0.31261341980473906,0.0
2025-10-21 03:00:00,2025-10-20 03:00:00,0.31261341980473906,0.0
2025-10-21 04:00:00,2025-10-20 04:00:00,0.31261341980473906,0.0
2025-10-21 05:00:00,2025-10-20 05:00:00,0.31261341980473906,0.0
2025-10-21 06:00:00,2025-10-20 06:00:00,0.31261341980473906,0.0
2025-10-21 07:00:00,2025-10-20 07:00:00,0.31261341980473906,0.0
2025-10-21 08:00:00,2025-10-20 08:00:00,47.88245315587369,61.0
2025-10-21 09:00:00,2025-10-20 09:00:00,143.47944415607586,217.0
2025-10-21 10:00:00,2025-10-20 10:00:00,263.06369830686947,387.0
2025-10-21 11:00:00,2025-10-20 11:00:00,347.03748451006265,537.0
2025-10-21 12:00:00,2025-10-20 12:00:00,529.910621777068,629.0
2025-10-21 13:00:00,2025-10-20 13:00:00,637.0673797753647,658.0
2025-10-21 14:00:00,2025-10-20 14:00:00,547.8416733652525,619.0
2025-10-21 15:00:00,2025-10-20 15:00:00,455.0835946684963,512.0
2025-10-21 16:00:00,2025-10-20 16:00:00,361.1066857593579,366.0
2025-10-21 17:00:00,2025-10-20 17:00:00,205.32643729303024,220.0
2025-10-21 18:00:00,2025-10-20 18:00:00,62.30074420311561,81.0
2025-10-21 19:00:00,2025-10-20 19:00:00,0.3282107438176493,0.0
2025-10-21 20:00:00,2025-10-20 20:00:00,0.3282107438176493,0.0
2025-10-21 21:00:00,2025-10-20 21:00:00,0.3282107438176493,0.0
2025-10-21 22:00:00,2025-10-20 22:00:00,0.3282107438176493,0.0
2025-10-21 23:00:00,2025-10-20 23:00:00,0.32507614584410227,0.0
2025-10-22 00:00:00,2025-10-21 00:00:00,0.24549260752370783,0.0
2025-10-22 01:00:00,2025-10-21 01:00:00,0.24549260752370783,0.0
2025-10-22 02:00:00,2025-10-21 02:00:00,0.24549260752370783,0.0
2025-10-22 03:00:00,2025-10-21 03:00:00,0.24549260752370783,0.0
2025-10-22 04:00:00,2025-10-21 04:00:00,0.24549260752370783,0.0
2025-10-22 05:00:00,2025-10-21 05:00:00,0.24549260752370783,0.0
2025-10-22 06:00:00,2025-10-21 06:00:00,0.23609458525447344,0.0
2025-10-22 07:00:00,2025-10-21 07:00:00,0.24549260752370783,0.0
2025-10-22 08:00:00,2025-10-21 08:00:00,49.66549800804196,60.0
2025-10-22 09:00:00,2025-10-21 09:00:00,206.99630575829661,217.0
2025-10-22 10:00:00,2025-10-21 10:00:00,393.2350133938921,389.0
2025-10-22 11:00:00,2025-10-21 11:00:00,530.369788047088,539.0
2025-10-22 12:00:00,2025-10-21 12:00:00,566.1439288696082,623.0
2025-10-22 13:00:00,2025-10-21 13:00:00,602.1956251756884,637.0
2025-10-22 14:00:00,2025-10-21 14:00:00,604.465479640937,589.0
2025-10-22 15:00:00,2025-10-21 15:00:00,490.5196615202127,480.0
2025-10-22 16:00:00,2025-10-21 16:00:00,400.9529127446809,338.0
2025-10-22 17:00:00,2025-10-21 17:00:00,233.32955335532003,200.0
2025-10-22 18:00:00,2025-10-21 18:00:00,67.25945252344174,72.0
2025-10-22 19:00:00,2025-10-21 19:00:00,0.32507614584410227,0.0
2025-10-22 20:00:00,2025-10-21 20:00:00,0.32507614584410227,0.0
2025-10-22 21:00:00,2025-10-21 21:00:00,0.32507614584410227,0.0
2025-10-22 22:00:00,2025-10-21 22:00:00,0.32507614584410227,0.0
2025-10-22 23:00:00,2025-10-21 23:00:00,0.32507614584410227,0.0
2025-10-23 00:00:00,2025-10-22 00:00:00,0.24549260752370783,0.0
2025-10-23 01:00:00,2025-10-22 01:00:00,0.24549260752370783,0.0
2025-10-23 02:00:00,2025-10-22 02:00:00,0.24549260752370783,0.0
2025-10-23 03:00:00,2025-10-22 03:00:00,0.24549260752370783,0.0
2025-10-23 04:00:00,2025-10-22 04:00:00,0.24549260752370783,0.0
2025-10-23 05:00:00,2025-10-22 05:00:00,0.24549260752370783,0.0
2025-10-23 06:00:00,2025-10-22 06:00:00,0.24549260752370783,0.0
2025-10-23 07:00:00,2025-10-22 07:00:00,0.24549260752370783,0.0
2025-10-23 08:00:00,2025-10-22 08:00:00,50.7115769580919,59.0
2025-10-23 09:00:00,2025-10-22 09:00:00,210.4392229796242,216.0
2025-10-23 10:00:00,2025-10-22 10:00:00,397.14101156769027,385.0
2025-10-23 11:00:00,2025-10-22 11:00:00,495.3739933100824,526.0
2025-10-23 12:00:00,2025-10-22 12:00:00,566.2349726211413,596.0
2025-10-23 13:00:00,2025-10-22 13:00:00,653.5231903738709,593.0
2025-10-23 14:00:00,2025-10-22 14:00:00,597.6052523025243,543.0
2025-10-23 15:00:00,2025-10-22 15:00:00,495.88270229893556,456.0
2025-10-23 16:00:00,2025-10-22 16:00:00,392.0647918980334,340.0
2025-10-23 17:00:00,2025-10-22 17:00:00,202.10447242804966,211.0
2025-10-23 18:00:00,2025-10-22 18:00:00,54.664915668218725,75.0
2025-10-23 19:00:00,2025-10-22 19:00:00,0.3921969581251335,0.0
2025-10-23 20:00:00,2025-10-22 20:00:00,0.3921969581251335,0.0
2025-10-23 21:00:00,2025-10-22 21:00:00,0.3921969581251335,0.0
2025-10-23 22:00:00,2025-10-22 22:00:00,0.3921969581251335,0.0
2025-10-23 23:00:00,2025-10-22 23:00:00,0.3921969581251335,0.0
2025-10-24 00:00:00,2025-10-23 00:00:00,0.31261341980473906,0.0
2025-10-24 01:00:00,2025-10-23 01:00:00,0.31261341980473906,0.0
2025-10-24 02:00:00,2025-10-23 02:00:00,0.31261341980473906,0.0
2025-10-24 03:00:00,2025-10-23 03:00:00,0.31261341980473906,0.0
2025-10-24 04:00:00,2025-10-23 04:00:00,0.16445595856592135,0.0
2025-10-24 05:00:00,2025-10-23 05:00:00,0.16445595856592135,0.0
2025-10-24 06:00:00,2025-10-23 06:00:00,0.16445595856592135,0.0
2025-10-24 07:00:00,2025-10-23 07:00:00,0.16445595856592135,0.0
2025-10-24 08:00:00,2025-10-23 08:00:00,49.396465789303754,56.0
2025-10-24 09:00:00,2025-10-23 09:00:00,213.9219361993862,213.0
2025-10-24 10:00:00,2025-10-23 10:00:00,402.1993105553915,383.0
2025-10-24 11:00:00,2025-10-23 11:00:00,549.6798380425716,535.0
2025-10-24 12:00:00,2025-10-23 12:00:00,609.3601031368082,633.0
2025-10-24 13:00:00,2025-10-23 13:00:00,650.1467262129079,670.0
2025-10-24 14:00:00,2025-10-23 14:00:00,600.3899238807973,639.0
2025-10-24 15:00:00,2025-10-23 15:00:00,534.4571999716477,540.0
2025-10-24 16:00:00,2025-10-23 16:00:00,396.7340800757893,396.0
2025-10-24 17:00:00,2025-10-23 17:00:00,211.37937344324465,241.0
2025-10-24 18:00:00,2025-10-23 18:00:00,56.824837123878396,83.0
2025-10-24 19:00:00,2025-10-23 19:00:00,0.3156781235748679,0.0
2025-10-24 20:00:00,2025-10-23 20:00:00,0.3156781235748679,0.0
2025-10-24 21:00:00,2025-10-23 21:00:00,0.3156781235748679,0.0
2025-10-24 22:00:00,2025-10-23 22:00:00,0.3156781235748679,0.0
2025-10-24 23:00:00,2025-10-23 23:00:00,0.31881272154841495,0.0
2025-10-25 00:00:00,2025-10-24 00:00:00,0.23922918322802048,0.0
2025-10-25 01:00:00,2025-10-24 01:00:00,0.23922918322802048,0.0
2025-10-25 02:00:00,2025-10-24 02:00:00,0.24862720549725487,0.0
2025-10-25 03:00:00,2025-10-24 03:00:00,0.16445595856592135,0.0
2025-10-25 04:00:00,2025-10-24 04:00:00,0.16445595856592135,0.0
2025-10-25 05:00:00,2025-10-24 05:00:00,0.16445595856592135,0.0
2025-10-25 06:00:00,2025-10-24 06:00:00,0.31261341980473906,0.0
2025-10-25 07:00:00,2025-10-24 07:00:00,0.31261341980473906,0.0
2025-10-25 08:00:00,2025-10-24 08:00:00,40.40843707399999,51.0
2025-10-25 09:00:00,2025-10-24 09:00:00,202.53971288430995,201.0
2025-10-25 10:00:00,2025-10-24 10:00:00,360.1835775391472,368.0
2025-10-25 11:00:00,2025-10-24 11:00:00,511.3127416885626,516.0
2025-10-25 12:00:00,2025-10-24 12:00:00,600.4587938536844,608.0
2025-10-25 13:00:00,2025-10-24 13:00:00,638.8034982703916,635.0
2025-10-25 14:00:00,2025-10-24 14:00:00,551.9250901238925,591.0
2025-10-25 15:00:00,2025-10-24 15:00:00,507.1742242627606,473.0
2025-10-25 16:00:00,2025-10-24 16:00:00,382.33306040181026,319.0
2025-10-25 17:00:00,2025-10-24 17:00:00,209.49364939040058,180.0
2025-10-25 18:00:00,2025-10-24 18:00:00,55.17847757672562,59.0
2025-10-25 19:00:00,2025-10-24 19:00:00,0.3921969581251335,0.0
2025-10-25 20:00:00,2025-10-24 20:00:00,0.3921969581251335,0.0
2025-10-25 21:00:00,2025-10-24 21:00:00,0.3921969581251335,0.0
2025-10-25 22:00:00,2025-10-24 22:00:00,0.3921969581251335,0.0
2025-10-25 23:00:00,2025-10-24 23:00:00,0.3921969581251335,0.0
2025-10-26 00:00:00,2025-10-25 00:00:00,0.31261341980473906,0.0
2025-10-26 01:00:00,2025-10-25 01:00:00,0.31261341980473906,0.0
2025-10-26 02:00:00,2025-10-25 02:00:00,0.31261341980473906,0.0
2025-10-26 03:00:00,2025-10-25 03:00:00,0.31261341980473906,0.0
2025-10-26 04:00:00,2025-10-25 04:00:00,0.31261341980473906,0.0
2025-10-26 05:00:00,2025-10-25 05:00:00,0.31261341980473906,0.0
2025-10-26 06:00:00,2025-10-25 06:00:00,0.31261341980473906,0.0
2025-10-26 07:00:00,2025-10-25 07:00:00,0.31261341980473906,0.0
2025-10-26 08:00:00,2025-10-25 08:00:00,39.762360668778925,47.0
2025-10-26 09:00:00,2025-10-25 09:00:00,197.96259658086743,189.0
2025-10-26 10:00:00,2025-10-25 10:00:00,361.6732589487658,355.0
2025-10-26 11:00:00,2025-10-25 11:00:00,530.6950457606487,507.0
2025-10-26 12:00:00,2025-10-25 12:00:00,632.202658473384,610.0
2025-10-26 13:00:00,2025-10-25 13:00:00,627.2658860938167,653.0
2025-10-26 14:00:00,2025-10-25 14:00:00,623.2463726776894,629.0
2025-10-26 15:00:00,2025-10-25 15:00:00,528.600309970893,534.0
2025-10-26 16:00:00,2025-10-25 16:00:00,379.0076046716755,392.0
2025-10-26 17:00:00,2025-10-25 17:00:00,218.61811905120175,237.0
2025-10-26 18:00:00,2025-10-25 18:00:00,55.50582960705315,78.0
2025-10-26 19:00:00,2025-10-25 19:00:00,0.3282107438176493,0.0
2025-10-26 20:00:00,2025-10-25 20:00:00,0.3921969581251335,0.0
2025-10-26 21:00:00,2025-10-25 21:00:00,0.3282107438176493,0.0
2025-10-26 22:00:00,2025-10-25 22:00:00,0.32507614584410227,0.0
2025-10-26 23:00:00,2025-10-25 23:00:00,0.3282107438176493,0.0
2025-10-27 00:00:00,2025-10-26 00:00:00,0.24549260752370783,0.0
2025-10-27 01:00:00,2025-10-26 01:00:00,0.24549260752370783,0.0
2025-10-27 02:00:00,2025-10-26 02:00:00,0.24549260752370783,0.0
2025-10-27 03:00:00,2025-10-26 03:00:00,0.24549260752370783,0.0
2025-10-27 04:00:00,2025-10-26 04:00:00,0.24549260752370783,0.0
2025-10-27 05:00:00,2025-10-26 05:00:00,0.24549260752370783,0.0
2025-10-27 06:00:00,2025-10-26 06:00:00,0.24549260752370783,0.0
2025-10-27 07:00:00,2025-10-26 07:00:00,0.24549260752370783,0.0
2025-10-27 08:00:00,2025-10-26 08:00:00,40.330075940972016,45.0
2025-10-27 09:00:00,2025-10-26 09:00:00,188.84545884425697,186.0
2025-10-27 10:00:00,2025-10-26 10:00:00,348.89106822347657,348.0
2025-10-27 11:00:00,2025-10-26 11:00:00,479.0965010061462,495.0
2025-10-27 12:00:00,2025-10-26 12:00:00,571.8576365198429,591.0
2025-10-27 13:00:00,2025-10-26 13:00:00,634.2800398105588,627.0
2025-10-27 14:00:00,2025-10-26 14:00:00,616.7555839022045,599.0
2025-10-27 15:00:00,2025-10-26 15:00:00,535.1716830181641,506.0
2025-10-27 16:00:00,2025-10-26 16:00:00,402.3479573523141,369.0
2025-10-27 17:00:00,2025-10-26 17:00:00,224.42087276133137,221.0
2025-10-27 18:00:00,2025-10-26 18:00:00,56.13400992070764,71.0
2025-10-27 19:00:00,2025-10-26 19:00:00,0.32507614584410227,0.0
2025-10-27 20:00:00,2025-10-26 20:00:00,0.32507614584410227,0.0
2025-10-27 21:00:00,2025-10-26 21:00:00,0.32507614584410227,0.0
2025-10-27 22:00:00,2025-10-26 22:00:00,0.32507614584410227,0.0
2025-10-27 23:00:00,2025-10-26 23:00:00,0.32507614584410227,0.0
2025-10-28 00:00:00,2025-10-27 00:00:00,0.24549260752370783,0.0
2025-10-28 01:00:00,2025-10-27 01:00:00,0.24549260752370783,0.0
2025-10-28 02:00:00,2025-10-27 02:00:00,0.24549260752370783,0.0
2025-10-28 03:00:00,2025-10-27 03:00:00,0.24549260752370783,0.0
2025-10-28 04:00:00,2025-10-27 04:00:00,0.24549260752370783,0.0
2025-10-28 05:00:00,2025-10-27 05:00:00,0.24549260752370783,0.0
2025-10-28 06:00:00,2025-10-27 06:00:00,0.24549260752370783,0.0
2025-10-28 07:00:00,2025-10-27 07:00:00,0.24549260752370783,0.0
2025-10-28 08:00:00,2025-10-27 08:00:00,41.399790586221364,47.0
2025-10-28 09:00:00,2025-10-27 09:00:00,186.43790470648406,194.0
2025-10-28 10:00:00,2025-10-27 10:00:00,345.5019442515069,357.0
2025-10-28 11:00:00,2025-10-27 11:00:00,495.54035177188365,503.0
2025-10-28 12:00:00,2025-10-27 12:00:00,594.1544408055378,603.0
2025-10-28 13:00:00,2025-10-27 13:00:00,638.8022559129521,646.0
2025-10-28 14:00:00,2025-10-27 14:00:00,611.6530015519877,620.0
2025-10-28 15:00:00,2025-10-27 15:00:00,504.6125507914778,518.0
2025-10-28 16:00:00,2025-10-27 16:00:00,373.47618606399897,371.0
2025-10-28 17:00:00,2025-10-27 17:00:00,221.54537382274097,218.0
2025-10-28 18:00:00,2025-10-27 18:00:00,52.428126114234146,68.0
2025-10-28 19:00:00,2025-10-27 19:00:00,0.3921969581251335,0.0
2025-10-28 20:00:00,2025-10-27 20:00:00,0.3921969581251335,0.0
2025-10-28 21:00:00,2025-10-27 21:00:00,0.3921969581251335,0.0
2025-10-28 22:00:00,2025-10-27 22:00:00,0.3921969581251335,0.0
2025-10-28 23:00:00,2025-10-27 23:00:00,0.3921969581251335,0.0
2025-10-29 00:00:00,2025-10-28 00:00:00,0.31261341980473906,0.0
2025-10-29 01:00:00,2025-10-28 01:00:00,0.31261341980473906,0.0
2025-10-29 02:00:00,2025-10-28 02:00:00,0.31261341980473906,0.0
2025-10-29 03:00:00,2025-10-28 03:00:00,0.24862720549725487,0.0
2025-10-29 04:00:00,2025-10-28 04:00:00,0.31261341980473906,0.0
2025-10-29 05:00:00,2025-10-28 05:00:00,0.24862720549725487,0.0
2025-10-29 06:00:00,2025-10-28 06:00:00,0.31261341980473906,0.0
2025-10-29 07:00:00,2025-10-28 07:00:00,0.31261341980473906,0.0
2025-10-29 08:00:00,2025-10-28 08:00:00,29.349882935914817,41.0
2025-10-29 09:00:00,2025-10-28 09:00:00,171.106389168922,181.0
2025-10-29 10:00:00,2025-10-28 10:00:00,322.8426383761701,344.0
2025-10-29 11:00:00,2025-10-28 11:00:00,484.86837602462396,494.0
2025-10-29 12:00:00,2025-10-28 12:00:00,598.4743162039939,594.0
2025-10-29 13:00:00,2025-10-28 13:00:00,632.9900681517088,634.0
2025-10-29 14:00:00,2025-10-28 14:00:00,606.808209331705,610.0
2025-10-29 15:00:00,2025-10-28 15:00:00,528.010536514472,519.0
2025-10-29 16:00:00,2025-10-28 16:00:00,389.501179450686,381.0
2025-10-29 17:00:00,2025-10-28 17:00:00,218.0953359356249,229.0
2025-10-29 18:00:00,2025-10-28 18:00:00,53.916063431516626,70.0
2025-10-29 19:00:00,2025-10-28 19:00:00,0.32507614584410227,0.0
2025-10-29 20:00:00,2025-10-28 20:00:00,0.3156781235748679,0.0
2025-10-29 21:00:00,2025-10-28 21:00:00,0.3156781235748679,0.0
2025-10-29 22:00:00,2025-10-28 22:00:00,0.31881272154841495,0.0
2025-10-29 23:00:00,2025-10-28 23:00:00,0.32507614584410227,0.0
2025-10-30 00:00:00,2025-10-29 00:00:00,0.24549260752370783,0.0
2025-10-30 01:00:00,2025-10-29 01:00:00,0.24549260752370783,0.0
2025-10-30 02:00:00,2025-10-29 02:00:00,0.24549260752370783,0.0
2025-10-30 03:00:00,2025-10-29 03:00:00,0.24549260752370783,0.0
2025-10-30 04:00:00,2025-10-29 04:00:00,0.24549260752370783,0.0
2025-10-30 05:00:00,2025-10-29 05:00:00,0.24549260752370783,0.0
2025-10-30 06:00:00,2025-10-29 06:00:00,0.24549260752370783,0.0
2025-10-30 07:00:00,2025-10-29 07:00:00,0.24549260752370783,0.0
2025-10-30 08:00:00,2025-10-29 08:00:00,38.98683100142726,46.0
2025-10-30 09:00:00,2025-10-29 09:00:00,197.84735622491866,201.0
2025-10-30 10:00:00,2025-10-29 10:00:00,365.40413828239156,372.0
2025-10-30 11:00:00,2025-10-29 11:00:00,515.2754610026362,522.0
2025-10-30 12:00:00,2025-10-29 12:00:00,615.6037205526936,616.0
2025-10-30 13:00:00,2025-10-29 13:00:00,645.4750547529314,647.0
2025-10-30 14:00:00,2025-10-29 14:00:00,615.7448951751837,612.0
2025-10-30 15:00:00,2025-10-29 15:00:00,521.9319874086491,511.0
2025-10-30 16:00:00,2025-10-29 16:00:00,396.0161990174053,368.0
2025-10-30 17:00:00,2025-10-29 17:00:00,221.49218045832998,216.0
2025-10-30 18:00:00,2025-10-29 18:00:00,51.876896614264844,64.0
2025-10-30 19:00:00,2025-10-29 19:00:00,0.32507614584410227,0.0
2025-10-30 20:00:00,2025-10-29 20:00:00,0.32507614584410227,0.0
2025-10-30 21:00:00,2025-10-29 21:00:00,0.32507614584410227,0.0
2025-10-30 22:00:00,2025-10-29 22:00:00,0.32507614584410227,0.0
2025-10-30 23:00:00,2025-10-29 23:00:00,0.32507614584410227,0.0
2025-10-31 00:00:00,2025-10-30 00:00:00,0.24549260752370783,0.0
2025-10-31 01:00:00,2025-10-30 01:00:00,0.24549260752370783,0.0
2025-10-31 02:00:00,2025-10-30 02:00:00,0.24549260752370783,0.0
2025-10-31 03:00:00,2025-10-30 03:00:00,0.24549260752370783,0.0
2025-10-31 04:00:00,2025-10-30 04:00:00,0.24549260752370783,0.0
2025-10-31 05:00:00,2025-10-30 05:00:00,0.24549260752370783,0.0
2025-10-31 06:00:00,2025-10-30 06:00:00,0.24549260752370783,0.0
2025-10-31 07:00:00,2025-10-30 07:00:00,0.24549260752370783,0.0
2025-10-31 08:00:00,2025-10-30 08:00:00,36.935283551820135,44.0
2025-10-31 09:00:00,2025-10-30 09:00:00,192.01629729245678,200.0
2025-10-31 10:00:00,2025-10-30 10:00:00,375.76473746657894,373.0
2025-10-31 11:00:00,2025-10-30 11:00:00,521.8939150873771,526.0
2025-10-31 12:00:00,2025-10-30 12:00:00,610.0396148028082,626.0
2025-10-31 13:00:00,2025-10-30 13:00:00,642.9015006023659,663.0
2025-10-31 14:00:00,2025-10-30 14:00:00,616.426922038972,633.0
2025-10-31 15:00:00,2025-10-30 15:00:00,529.762454863406,532.0
2025-10-31 16:00:00,2025-10-30 16:00:00,393.1069407241705,386.0
2025-10-31 17:00:00,2025-10-30 17:00:00,216.93023710869286,228.0
2025-10-31 18:00:00,2025-10-30 18:00:00,49.921126849823196,66.0
2025-10-31 19:00:00,2025-10-30 19:00:00,0.32507614584410227,0.0
2025-10-31 20:00:00,2025-10-30 20:00:00,0.32507614584410227,0.0
2025-10-31 21:00:00,2025-10-30 21:00:00,0.32507614584410227,0.0
2025-10-31 22:00:00,2025-10-30 22:00:00,0.32507614584410227,0.0
2025-10-31 23:00:00,2025-10-30 23:00:00,0.3921969581251335,0.0
2025-11-01 00:00:00,2025-10-31 00:00:00,0.31261341980473906,0.0
2025-11-01 01:00:00,2025-10-31 01:00:00,0.31261341980473906,0.0
2025-11-01 02:00:00,2025-10-31 02:00:00,0.24549260752370783,0.0
2025-11-01 03:00:00,2025-10-31 03:00:00,0.31261341980473906,0.0
2025-11-01 04:00:00,2025-10-31 04:00:00,0.31261341980473906,0.0
2025-11-01 05:00:00,2025-10-31 05:00:00,0.31261341980473906,0.0
2025-11-01 06:00:00,2025-10-31 06:00:00,0.24862720549725487,0.0
2025-11-01 07:00:00,2025-10-31 07:00:00,0.31261341980473906,0.0
2025-11-01 08:00:00,2025-10-31 08:00:00,32.84509976909156,34.0
2025-11-01 09:00:00,2025-10-31 09:00:00,194.72506113106724,170.0
2025-11-01 10:00:00,2025-10-31 10:00:00,358.54510336084144,342.0
2025-11-01 11:00:00,2025-10-31 11:00:00,499.1357141590952,506.0
2025-11-01 12:00:00,2025-10-31 12:00:00,568.3961202943169,611.0
2025-11-01 13:00:00,2025-10-31 13:00:00,582.4059706367453,650.0
2025-11-01 14:00:00,2025-10-31 14:00:00,595.3620292197411,620.0
2025-11-01 15:00:00,2025-10-31 15:00:00,504.99894899166355,522.0
2025-11-01 16:00:00,2025-10-31 16:00:00,341.77853871698755,378.0
2025-11-01 17:00:00,2025-10-31 17:00:00,217.66390894704227,221.0
2025-11-01 18:00:00,2025-10-31 18:00:00,47.21930088805192,62.0
2025-11-01 19:00:00,2025-10-31 19:00:00,0.3921969581251335,0.0
2025-11-01 20:00:00,2025-10-31 20:00:00,0.3921969581251335,0.0
2025-11-01 21:00:00,2025-10-31 21:00:00,0.3921969581251335,0.0
2025-11-01 22:00:00,2025-10-31 22:00:00,0.3921969581251335,0.0
2025-11-01 23:00:00,2025-10-31 23:00:00,0.32507614584410227,0.0
2025-11-02 00:00:00,2025-11-01 00:00:00,0.31261341980473906,0.0
2025-11-02 01:00:00,2025-11-01 01:00:00,0.31261341980473906,0.0
2025-11-02 02:00:00,2025-11-01 02:00:00,0.31261341980473906,0.0
2025-11-02 03:00:00,2025-11-01 03:00:00,0.24862720549725487,0.0
2025-11-02 04:00:00,2025-11-01 04:00:00,0.24549260752370783,0.0
2025-11-02 05:00:00,2025-11-01 05:00:00,0.24549260752370783,0.0
2025-11-02 06:00:00,2025-11-01 06:00:00,0.31261341980473906,0.0
2025-11-02 07:00:00,2025-11-01 07:00:00,0.31261341980473906,0.0
2025-11-02 08:00:00,2025-11-01 08:00:00,26.623652149164396,36.0
2025-11-02 09:00:00,2025-11-01 09:00:00,169.34989518421472,179.0
2025-11-02 10:00:00,2025-11-01 10:00:00,340.8766350357193,352.0
2025-11-02 11:00:00,2025-11-01 11:00:00,491.1066216827243,508.0
2025-11-02 12:00:00,2025-11-01 12:00:00,540.4967667204428,604.0
2025-11-02 13:00:00,2025-11-01 13:00:00,544.8821696866024,632.0
2025-11-02 14:00:00,2025-11-01 14:00:00,580.7554622992535,584.0
2025-11-02 15:00:00,2025-11-01 15:00:00,461.0460968267292,456.0
2025-11-02 16:00:00,2025-11-01 16:00:00,335.8479935080285,295.0
2025-11-02 17:00:00,2025-11-01 17:00:00,197.80837430224824,155.0
2025-11-02 18:00:00,2025-11-01 18:00:00,36.22966613367366,41.0
2025-11-02 19:00:00,2025-11-01 19:00:00,0.38279893585589914,0.0
2025-11-02 20:00:00,2025-11-01 20:00:00,0.38279893585589914,0.0
2025-11-02 21:00:00,2025-11-01 21:00:00,0.38279893585589914,0.0
2025-11-02 22:00:00,2025-11-01 22:00:00,0.3921969581251335,0.0
2025-11-02 23:00:00,2025-11-01 23:00:00,0.3921969581251335,0.0
2025-11-03 00:00:00,2025-11-02 00:00:00,0.23922918322802048,0.0
2025-11-03 01:00:00,2025-11-02 01:00:00,0.3032153975355047,0.0
2025-11-03 02:00:00,2025-11-02 02:00:00,0.23609458525447344,0.0
2025-11-03 03:00:00,2025-11-02 03:00:00,0.3032153975355047,0.0
2025-11-03 04:00:00,2025-11-02 04:00:00,0.31261341980473906,0.0
2025-11-03 05:00:00,2025-11-02 05:00:00,0.3032153975355047,0.0
2025-11-03 06:00:00,2025-11-02 06:00:00,0.3032153975355047,0.0
2025-11-03 07:00:00,2025-11-02 07:00:00,0.3032153975355047,0.0
2025-11-03 08:00:00,2025-11-02 08:00:00,23.805568558657054,30.0
2025-11-03 09:00:00,2025-11-02 09:00:00,126.07521523246528,123.0
2025-11-03 10:00:00,2025-11-02 10:00:00,298.4138846589819,175.0
2025-11-03 11:00:00,2025-11-02 11:00:00,423.8998364539657,220.0
2025-11-03 12:00:00,2025-11-02 12:00:00,551.5113266591578,324.0
2025-11-03 13:00:00,2025-11-02 13:00:00,549.4314811677682,453.0
2025-11-03 14:00:00,2025-11-02 14:00:00,315.93959519761955,499.0
2025-11-03 15:00:00,2025-11-02 15:00:00,331.88357722897723,410.0
2025-11-03 16:00:00,2025-11-02 16:00:00,312.99218580612023,264.0
2025-11-03 17:00:00,2025-11-02 17:00:00,164.22253456481542,138.0
2025-11-03 18:00:00,2025-11-02 18:00:00,28.711745073530583,36.0
2025-11-03 19:00:00,2025-11-02 19:00:00,0.3921969581251335,0.0
2025-11-03 20:00:00,2025-11-02 20:00:00,0.3921969581251335,0.0
2025-11-03 21:00:00,2025-11-02 21:00:00,0.3921969581251335,0.0
2025-11-03 22:00:00,2025-11-02 22:00:00,0.38279893585589914,0.0
2025-11-03 23:00:00,2025-11-02 23:00:00,0.3921969581251335,0.0
2025-11-04 00:00:00,2025-11-03 00:00:00,0.38189957981052675,0.0
2025-11-04 01:00:00,2025-11-03 01:00:00,0.16445595856592135,0.0
2025-11-04 02:00:00,2025-11-03 02:00:00,0.16445595856592135,0.0
2025-11-04 03:00:00,2025-11-03 03:00:00,0.8874099213031938,0.0
2025-11-04 04:00:00,2025-11-03 04:00:00,0.8905445192767409,0.0
2025-11-04 05:00:00,2025-11-03 05:00:00,0.15505793629668693,0.0
2025-11-04 06:00:00,2025-11-03 06:00:00,0.15192333832313984,0.0
2025-11-04 07:00:00,2025-11-03 07:00:00,0.15192333832313984,0.0
2025-11-04 08:00:00,2025-11-03 08:00:00,24.443379143578525,35.0
2025-11-04 09:00:00,2025-11-03 09:00:00,176.09812020129684,179.0
2025-11-04 10:00:00,2025-11-03 10:00:00,358.29474201890145,342.0
2025-11-04 11:00:00,2025-11-03 11:00:00,485.1658573662107,488.0
2025-11-04 12:00:00,2025-11-03 12:00:00,497.86167675781024,583.0
2025-11-04 13:00:00,2025-11-03 13:00:00,497.44489276618606,617.0
2025-11-04 14:00:00,2025-11-03 14:00:00,506.07915191661834,586.0
2025-11-04 15:00:00,2025-11-03 15:00:00,490.3655614699183,487.0
2025-11-04 16:00:00,2025-11-03 16:00:00,367.6607031741779,347.0
2025-11-04 17:00:00,2025-11-03 17:00:00,193.38608715155564,198.0
2025-11-04 18:00:00,2025-11-03 18:00:00,38.73080481688094,52.0
2025-11-04 19:00:00,2025-11-03 19:00:00,0.3156781235748679,0.0
2025-11-04 20:00:00,2025-11-03 20:00:00,0.3156781235748679,0.0
2025-11-04 21:00:00,2025-11-03 21:00:00,0.38279893585589914,0.0
2025-11-04 22:00:00,2025-11-03 22:00:00,0.3156781235748679,0.0
2025-11-04 23:00:00,2025-11-03 23:00:00,0.32507614584410227,0.0
2025-11-05 00:00:00,2025-11-04 00:00:00,0.24549260752370783,0.0
2025-11-05 01:00:00,2025-11-04 01:00:00,0.31261341980473906,0.0
2025-11-05 02:00:00,2025-11-04 02:00:00,0.24549260752370783,0.0
2025-11-05 03:00:00,2025-11-04 03:00:00,0.24549260752370783,0.0
2025-11-05 04:00:00,2025-11-04 04:00:00,0.31261341980473906,0.0
2025-11-05 05:00:00,2025-11-04 05:00:00,0.31261341980473906,0.0
2025-11-05 06:00:00,2025-11-04 06:00:00,0.31261341980473906,0.0
2025-11-05 07:00:00,2025-11-04 07:00:00,0.24862720549725487,0.0
2025-11-05 08:00:00,2025-11-04 08:00:00,25.629083490680564,33.0
2025-11-05 09:00:00,2025-11-04 09:00:00,147.0433818262649,177.0
2025-11-05 10:00:00,2025-11-04 10:00:00,316.0320922460749,341.0
2025-11-05 11:00:00,2025-11-04 11:00:00,447.2032301634666,488.0
2025-11-05 12:00:00,2025-11-04 12:00:00,479.26290675381847,583.0
2025-11-05 13:00:00,2025-11-04 13:00:00,545.0677064006076,618.0
2025-11-05 14:00:00,2025-11-04 14:00:00,509.0115516583646,588.0
2025-11-05 15:00:00,2025-11-04 15:00:00,402.83433481795765,491.0
2025-11-05 16:00:00,2025-11-04 16:00:00,270.6852940784927,351.0
2025-11-05 17:00:00,2025-11-04 17:00:00,139.31611248980192,201.0
2025-11-05 18:00:00,2025-11-04 18:00:00,30.73638293420209,51.0
2025-11-05 19:00:00,2025-11-04 19:00:00,0.3921969581251335,0.0
2025-11-05 20:00:00,2025-11-04 20:00:00,0.3921969581251335,0.0
2025-11-05 21:00:00,2025-11-04 21:00:00,0.3921969581251335,0.0
2025-11-05 22:00:00,2025-11-04 22:00:00,0.3921969581251335,0.0
2025-11-05 23:00:00,2025-11-04 23:00:00,0.3921969581251335,0.0
2025-11-06 00:00:00,2025-11-05 00:00:00,0.31261341980473906,0.0
2025-11-06 01:00:00,2025-11-05 01:00:00,0.31261341980473906,0.0
2025-11-06 02:00:00,2025-11-05 02:00:00,0.31261341980473906,0.0
2025-11-06 03:00:00,2025-11-05 03:00:00,0.31261341980473906,0.0
2025-11-06 04:00:00,2025-11-05 04:00:00,0.31261341980473906,0.0
2025-11-06 05:00:00,2025-11-05 05:00:00,0.31261341980473906,0.0
2025-11-06 06:00:00,2025-11-05 06:00:00,0.24862720549725487,0.0
2025-11-06 07:00:00,2025-11-05 07:00:00,0.31261341980473906,0.0
2025-11-06 08:00:00,2025-11-05 08:00:00,19.839598975755806,26.0
2025-11-06 09:00:00,2025-11-05 09:00:00,164.96168858560475,147.0
2025-11-06 10:00:00,2025-11-05 10:00:00,337.5535169566921,296.0
2025-11-06 11:00:00,2025-11-05 11:00:00,463.9434016496551,437.0
2025-11-06 12:00:00,2025-11-05 12:00:00,516.8060762646545,536.0
2025-11-06 13:00:00,2025-11-05 13:00:00,511.01837336495,582.0
2025-11-06 14:00:00,2025-11-05 14:00:00,487.6909575265189,562.0
2025-11-06 15:00:00,2025-11-05 15:00:00,452.2226061561744,471.0
2025-11-06 16:00:00,2025-11-05 16:00:00,327.4144445205873,336.0
2025-11-06 17:00:00,2025-11-05 17:00:00,154.39826895155917,191.0
2025-11-06 18:00:00,2025-11-05 18:00:00,25.089630292814153,47.0
2025-11-06 19:00:00,2025-11-05 19:00:00,0.13376031078151646,0.0
2025-11-06 20:00:00,2025-11-05 20:00:00,0.38279893585589914,0.0
2025-11-06 21:00:00,2025-11-05 21:00:00,0.38279893585589914,0.0
2025-11-06 22:00:00,2025-11-05 22:00:00,0.38279893585589914,0.0
2025-11-06 23:00:00,2025-11-05 23:00:00,0.38279893585589914,0.0
2025-11-07 00:00:00,2025-11-06 00:00:00,0.31261341980473906,0.0
2025-11-07 01:00:00,2025-11-06 01:00:00,0.24862720549725487,0.0
2025-11-07 02:00:00,2025-11-06 02:00:00,0.31261341980473906,0.0
2025-11-07 03:00:00,2025-11-06 03:00:00,0.16445595856592135,0.0
2025-11-07 04:00:00,2025-11-06 04:00:00,0.15505793629668693,0.0
2025-11-07 05:00:00,2025-11-06 05:00:00,0.16445595856592135,0.0
2025-11-07 06:00:00,2025-11-06 06:00:00,0.16445595856592135,0.0
2025-11-07 07:00:00,2025-11-06 07:00:00,0.16445595856592135,0.0
2025-11-07 08:00:00,2025-11-06 08:00:00,21.929367642647108,25.0
2025-11-07 09:00:00,2025-11-06 09:00:00,169.6442076997666,146.0
2025-11-07 10:00:00,2025-11-06 10:00:00,346.1184351817606,289.0
2025-11-07 11:00:00,2025-11-06 11:00:00,449.88802615973407,404.0
2025-11-07 12:00:00,2025-11-06 12:00:00,511.1275615008821,426.0
2025-11-07 13:00:00,2025-11-06 13:00:00,570.0934458839558,371.0
2025-11-07 14:00:00,2025-11-06 14:00:00,526.0933913519286,318.0
2025-11-07 15:00:00,2025-11-06 15:00:00,459.89952286057706,310.0
2025-11-07 16:00:00,2025-11-06 16:00:00,347.5366826097615,285.0
2025-11-07 17:00:00,2025-11-06 17:00:00,181.22156108429846,193.0
2025-11-07 18:00:00,2025-11-06 18:00:00,30.96987096289389,48.0
2025-11-07 19:00:00,2025-11-06 19:00:00,0.32507614584410227,0.0
2025-11-07 20:00:00,2025-11-06 20:00:00,0.32507614584410227,0.0
2025-11-07 21:00:00,2025-11-06 21:00:00,0.32507614584410227,0.0
2025-11-07 22:00:00,2025-11-06 22:00:00,0.32507614584410227,0.0
2025-11-07 23:00:00,2025-11-06 23:00:00,0.32507614584410227,0.0
2025-11-08 00:00:00,2025-11-07 00:00:00,0.24549260752370783,0.0
2025-11-08 01:00:00,2025-11-07 01:00:00,0.24549260752370783,0.0
2025-11-08 02:00:00,2025-11-07 02:00:00,0.24549260752370783,0.0
2025-11-08 03:00:00,2025-11-07 03:00:00,0.24549260752370783,0.0
2025-11-08 04:00:00,2025-11-07 04:00:00,0.24549260752370783,0.0
2025-11-08 05:00:00,2025-11-07 05:00:00,0.24549260752370783,0.0
2025-11-08 06:00:00,2025-11-07 06:00:00,0.24549260752370783,0.0
2025-11-08 07:00:00,2025-11-07 07:00:00,0.24549260752370783,0.0
2025-11-08 08:00:00,2025-11-07 08:00:00,22.34332261220735,28.0
2025-11-08 09:00:00,2025-11-07 09:00:00,155.64686706887719,167.0
2025-11-08 10:00:00,2025-11-07 10:00:00,336.316018642772,328.0
2025-11-08 11:00:00,2025-11-07 11:00:00,463.0790843813582,472.0
2025-11-08 12:00:00,2025-11-07 12:00:00,570.8549622965658,561.0
2025-11-08 13:00:00,2025-11-07 13:00:00,608.8034235931682,588.0
2025-11-08 14:00:00,2025-11-07 14:00:00,563.5305966281788,554.0
2025-11-08 15:00:00,2025-11-07 15:00:00,458.24651797289994,462.0
2025-11-08 16:00:00,2025-11-07 16:00:00,324.87457017149916,331.0
2025-11-08 17:00:00,2025-11-07 17:00:00,184.12650261376322,188.0
2025-11-08 18:00:00,2025-11-07 18:00:00,32.53291833775328,44.0
2025-11-08 19:00:00,2025-11-07 19:00:00,0.32507614584410227,0.0
2025-11-08 20:00:00,2025-11-07 20:00:00,0.32507614584410227,0.0
2025-11-08 21:00:00,2025-11-07 21:00:00,0.32507614584410227,0.0
2025-11-08 22:00:00,2025-11-07 22:00:00,0.32507614584410227,0.0
2025-11-08 23:00:00,2025-11-07 23:00:00,0.32507614584410227,0.0
2025-11-09 00:00:00,2025-11-08 00:00:00,0.24549260752370783,0.0
2025-11-09 01:00:00,2025-11-08 01:00:00,0.24549260752370783,0.0
2025-11-09 02:00:00,2025-11-08 02:00:00,0.31261341980473906,0.0
2025-11-09 03:00:00,2025-11-08 03:00:00,0.31261341980473906,0.0
2025-11-09 04:00:00,2025-11-08 04:00:00,0.24549260752370783,0.0
2025-11-09 05:00:00,2025-11-08 05:00:00,0.24549260752370783,0.0
2025-11-09 06:00:00,2025-11-08 06:00:00,0.24549260752370783,0.0
2025-11-09 07:00:00,2025-11-08 07:00:00,0.24549260752370783,0.0
2025-11-09 08:00:00,2025-11-08 08:00:00,20.873347444670216,27.0
2025-11-09 09:00:00,2025-11-08 09:00:00,156.99299287891185,166.0
2025-11-09 10:00:00,2025-11-08 10:00:00,330.7276819054045,332.0
2025-11-09 11:00:00,2025-11-08 11:00:00,472.78492821729833,482.0
2025-11-09 12:00:00,2025-11-08 12:00:00,553.2570709378133,578.0
2025-11-09 13:00:00,2025-11-08 13:00:00,591.033997568122,613.0
2025-11-09 14:00:00,2025-11-08 14:00:00,578.5162297445485,581.0
2025-11-09 15:00:00,2025-11-08 15:00:00,472.4524351690698,483.0
2025-11-09 16:00:00,2025-11-08 16:00:00,347.0434003494653,342.0
2025-11-09 17:00:00,2025-11-08 17:00:00,184.8712846835174,192.0
2025-11-09 18:00:00,2025-11-08 18:00:00,31.389738359597935,44.0
2025-11-09 19:00:00,2025-11-08 19:00:00,0.3156781235748679,0.0
2025-11-09 20:00:00,2025-11-08 20:00:00,0.32507614584410227,0.0
2025-11-09 21:00:00,2025-11-08 21:00:00,0.32507614584410227,0.0
2025-11-09 22:00:00,2025-11-08 22:00:00,0.32507614584410227,0.0
2025-11-09 23:00:00,2025-11-08 23:00:00,0.3156781235748679,0.0
2025-11-10 00:00:00,2025-11-09 00:00:00,0.24549260752370783,0.0
2025-11-10 01:00:00,2025-11-09 01:00:00,0.31261341980473906,0.0
2025-11-10 02:00:00,2025-11-09 02:00:00,0.24862720549725487,0.0
2025-11-10 03:00:00,2025-11-09 03:00:00,0.24549260752370783,0.0
2025-11-10 04:00:00,2025-11-09 04:00:00,0.24549260752370783,0.0
2025-11-10 05:00:00,2025-11-09 05:00:00,0.3032153975355047,0.0
2025-11-10 06:00:00,2025-11-09 06:00:00,0.3032153975355047,0.0
2025-11-10 07:00:00,2025-11-09 07:00:00,0.31261341980473906,0.0
2025-11-10 08:00:00,2025-11-09 08:00:00,18.82117184066219,22.0
2025-11-10 09:00:00,2025-11-09 09:00:00,143.96894623346634,141.0
2025-11-10 10:00:00,2025-11-09 10:00:00,299.94037077978635,289.0
2025-11-10 11:00:00,2025-11-09 11:00:00,437.439782820957,427.0
2025-11-10 12:00:00,2025-11-09 12:00:00,506.63401446162567,523.0
2025-11-10 13:00:00,2025-11-09 13:00:00,563.5875473233124,564.0
2025-11-10 14:00:00,2025-11-09 14:00:00,534.7119571509843,535.0
2025-11-10 15:00:00,2025-11-09 15:00:00,402.7749233081708,428.0
2025-11-10 16:00:00,2025-11-09 16:00:00,271.11807243797375,282.0
2025-11-10 17:00:00,2025-11-09 17:00:00,160.38214821757524,148.0
2025-11-10 18:00:00,2025-11-09 18:00:00,25.512344932355248,33.0
2025-11-10 19:00:00,2025-11-09 19:00:00,0.3921969581251335,0.0
2025-11-10 20:00:00,2025-11-09 20:00:00,0.3921969581251335,0.0
2025-11-10 21:00:00,2025-11-09 21:00:00,0.38279893585589914,0.0
2025-11-10 22:00:00,2025-11-09 22:00:00,0.38279893585589914,0.0
2025-11-10 23:00:00,2025-11-09 23:00:00,0.38279893585589914,0.0
2025-11-11 00:00:00,2025-11-10 00:00:00,0.31261341980473906,0.0
2025-11-11 01:00:00,2025-11-10 01:00:00,0.31261341980473906,0.0
2025-11-11 02:00:00,2025-11-10 02:00:00,0.31261341980473906,0.0
2025-11-11 03:00:00,2025-11-10 03:00:00,0.31261341980473906,0.0
2025-11-11 04:00:00,2025-11-10 04:00:00,0.31261341980473906,0.0
2025-11-11 05:00:00,2025-11-10 05:00:00,0.31261341980473906,0.0
2025-11-11 06:00:00,2025-11-10 06:00:00,0.31261341980473906,0.0
2025-11-11 07:00:00,2025-11-10 07:00:00,0.31261341980473906,0.0
2025-11-11 08:00:00,2025-11-10 08:00:00,20.31219431184278,24.0
2025-11-11 09:00:00,2025-11-10 09:00:00,142.99740379692128,159.0
2025-11-11 10:00:00,2025-11-10 10:00:00,314.7416835592413,321.0
2025-11-11 11:00:00,2025-11-10 11:00:00,431.56553208092464,466.0
2025-11-11 12:00:00,2025-11-10 12:00:00,486.97206962122226,558.0
2025-11-11 13:00:00,2025-11-10 13:00:00,548.8694705848192,589.0
2025-11-11 14:00:00,2025-11-10 14:00:00,550.4399394986322,559.0
2025-11-11 15:00:00,2025-11-10 15:00:00,485.9219274106437,468.0
2025-11-11 16:00:00,2025-11-10 16:00:00,355.5377550482453,336.0
2025-11-11 17:00:00,2025-11-10 17:00:00,173.17947183383163,189.0
2025-11-11 18:00:00,2025-11-10 18:00:00,23.009263535087104,42.0
2025-11-11 19:00:00,2025-11-10 19:00:00,0.38279893585589914,0.0
2025-11-11 20:00:00,2025-11-10 20:00:00,0.38279893585589914,0.0
2025-11-11 21:00:00,2025-11-10 21:00:00,0.38279893585589914,0.0
2025-11-11 22:00:00,2025-11-10 22:00:00,0.38279893585589914,0.0
2025-11-11 23:00:00,2025-11-10 23:00:00,0.3156781235748679,0.0
2025-11-12 00:00:00,2025-11-11 00:00:00,0.23609458525447344,0.0
2025-11-12 01:00:00,2025-11-11 01:00:00,0.23609458525447344,0.0
2025-11-12 02:00:00,2025-11-11 02:00:00,0.23609458525447344,0.0
2025-11-12 03:00:00,2025-11-11 03:00:00,0.24549260752370783,0.0
2025-11-12 04:00:00,2025-11-11 04:00:00,0.3032153975355047,0.0
2025-11-12 05:00:00,2025-11-11 05:00:00,0.31261341980473906,0.0
2025-11-12 06:00:00,2025-11-11 06:00:00,0.31261341980473906,0.0
2025-11-12 07:00:00,2025-11-11 07:00:00,0.31261341980473906,0.0
2025-11-12 08:00:00,2025-11-11 08:00:00,14.86552662960871,18.0
2025-11-12 09:00:00,2025-11-11 09:00:00,131.04393998169837,117.0
2025-11-12 10:00:00,2025-11-11 10:00:00,296.04016029277415,221.0
2025-11-12 11:00:00,2025-11-11 11:00:00,423.45632157994254,314.0
2025-11-12 12:00:00,2025-11-11 12:00:00,520.825212337236,397.0
2025-11-12 13:00:00,2025-11-11 13:00:00,497.81869856982985,456.0
2025-11-12 14:00:00,2025-11-11 14:00:00,464.798651344911,464.0
2025-11-12 15:00:00,2025-11-11 15:00:00,423.865894847375,406.0
2025-11-12 16:00:00,2025-11-11 16:00:00,306.5205537679246,302.0
2025-11-12 17:00:00,2025-11-11 17:00:00,144.83768374665019,174.0
2025-11-12 18:00:00,2025-11-11 18:00:00,25.776554667503433,38.0
2025-11-12 19:00:00,2025-11-11 19:00:00,0.32507614584410227,0.0
2025-11-12 20:00:00,2025-11-11 20:00:00,0.3156781235748679,0.0
2025-11-12 21:00:00,2025-11-11 21:00:00,0.3156781235748679,0.0
2025-11-12 22:00:00,2025-11-11 22:00:00,0.32507614584410227,0.0
2025-11-12 23:00:00,2025-11-11 23:00:00,0.32507614584410227,0.0
2025-11-13 00:00:00,2025-11-12 00:00:00,0.24549260752370783,0.0
2025-11-13 01:00:00,2025-11-12 01:00:00,0.24549260752370783,0.0
2025-11-13 02:00:00,2025-11-12 02:00:00,0.24549260752370783,0.0
2025-11-13 03:00:00,2025-11-12 03:00:00,0.24862720549725487,0.0
2025-11-13 04:00:00,2025-11-12 04:00:00,0.24549260752370783,0.0
2025-11-13 05:00:00,2025-11-12 05:00:00,0.31261341980473906,0.0
2025-11-13 06:00:00,2025-11-12 06:00:00,0.31261341980473906,0.0
2025-11-13 07:00:00,2025-11-12 07:00:00,0.31261341980473906,0.0
2025-11-13 08:00:00,2025-11-12 08:00:00,12.129227661653873,20.0
2025-11-13 09:00:00,2025-11-12 09:00:00,108.11238988074535,132.0
2025-11-13 10:00:00,2025-11-12 10:00:00,260.89089696866284,243.0
2025-11-13 11:00:00,2025-11-12 11:00:00,368.1562240982289,329.0
2025-11-13 12:00:00,2025-11-12 12:00:00,446.34589194310826,385.0
2025-11-13 13:00:00,2025-11-12 13:00:00,461.99126052675575,404.0
2025-11-13 14:00:00,2025-11-12 14:00:00,468.9442342399097,374.0
2025-11-13 15:00:00,2025-11-12 15:00:00,395.68137713120643,290.0
2025-11-13 16:00:00,2025-11-12 16:00:00,261.4190343839205,184.0
2025-11-13 17:00:00,2025-11-12 17:00:00,139.00993875055653,93.0
2025-11-13 18:00:00,2025-11-12 18:00:00,23.529464785345105,19.0
2025-11-13 19:00:00,2025-11-12 19:00:00,0.3921969581251335,0.0
2025-11-13 20:00:00,2025-11-12 20:00:00,0.3921969581251335,0.0
2025-11-13 21:00:00,2025-11-12 21:00:00,0.3921969581251335,0.0
2025-11-13 22:00:00,2025-11-12 22:00:00,0.3921969581251335,0.0
2025-11-13 23:00:00,2025-11-12 23:00:00,0.3921969581251335,0.0
2025-11-14 00:00:00,2025-11-13 00:00:00,0.31261341980473906,0.0
2025-11-14 01:00:00,2025-11-13 01:00:00,0.31261341980473906,0.0
2025-11-14 02:00:00,2025-11-13 02:00:00,0.31261341980473906,0.0
2025-11-14 03:00:00,2025-11-13 03:00:00,0.31261341980473906,0.0
2025-11-14 04:00:00,2025-11-13 04:00:00,0.31261341980473906,0.0
2025-11-14 05:00:00,2025-11-13 05:00:00,0.23609458525447344,0.0
2025-11-14 06:00:00,2025-11-13 06:00:00,0.23609458525447344,0.0
2025-11-14 07:00:00,2025-11-13 07:00:00,0.24549260752370783,0.0
2025-11-14 08:00:00,2025-11-13 08:00:00,15.547746772066324,19.0
2025-11-14 09:00:00,2025-11-13 09:00:00,140.68805188542308,144.0
2025-11-14 10:00:00,2025-11-13 10:00:00,324.1816943232285,305.0
2025-11-14 11:00:00,2025-11-13 11:00:00,446.81795201924837,451.0
2025-11-14 12:00:00,2025-11-13 12:00:00,547.9314199940242,538.0
2025-11-14 13:00:00,2025-11-13 13:00:00,596.7861358022462,560.0
2025-11-14 14:00:00,2025-11-13 14:00:00,544.6454942952737,526.0
2025-11-14 15:00:00,2025-11-13 15:00:00,451.6253206884493,441.0
2025-11-14 16:00:00,2025-11-13 16:00:00,339.99907787271667,319.0
2025-11-14 17:00:00,2025-11-13 17:00:00,170.4645811971274,179.0
2025-11-14 18:00:00,2025-11-13 18:00:00,24.30769605979429,37.0
2025-11-14 19:00:00,2025-11-13 19:00:00,0.32507614584410227,0.0
2025-11-14 20:00:00,2025-11-13 20:00:00,0.32507614584410227,0.0
2025-11-14 21:00:00,2025-11-13 21:00:00,0.32507614584410227,0.0
2025-11-14 22:00:00,2025-11-13 22:00:00,0.32507614584410227,0.0
2025-11-14 23:00:00,2025-11-13 23:00:00,0.3282107438176493,0.0
2025-11-15 00:00:00,2025-11-14 00:00:00,0.24549260752370783,0.0
2025-11-15 01:00:00,2025-11-14 01:00:00,0.24549260752370783,0.0
2025-11-15 02:00:00,2025-11-14 02:00:00,0.24549260752370783,0.0
2025-11-15 03:00:00,2025-11-14 03:00:00,0.24549260752370783,0.0
2025-11-15 04:00:00,2025-11-14 04:00:00,0.24549260752370783,0.0
2025-11-15 05:00:00,2025-11-14 05:00:00,0.24549260752370783,0.0
2025-11-15 06:00:00,2025-11-14 06:00:00,0.24549260752370783,0.0
2025-11-15 07:00:00,2025-11-14 07:00:00,0.24549260752370783,0.0
2025-11-15 08:00:00,2025-11-14 08:00:00,14.844831736519755,20.0
2025-11-15 09:00:00,2025-11-14 09:00:00,146.07450280751706,155.0
2025-11-15 10:00:00,2025-11-14 10:00:00,320.40096323230915,319.0
2025-11-15 11:00:00,2025-11-14 11:00:00,430.8717606705881,465.0
2025-11-15 12:00:00,2025-11-14 12:00:00,527.7151164975016,555.0
2025-11-15 13:00:00,2025-11-14 13:00:00,585.8084759761773,584.0
2025-11-15 14:00:00,2025-11-14 14:00:00,534.4326903626634,551.0
2025-11-15 15:00:00,2025-11-14 15:00:00,468.583775898391,458.0
2025-11-15 16:00:00,2025-11-14 16:00:00,344.67378877394117,324.0
2025-11-15 17:00:00,2025-11-14 17:00:00,172.83596434690787,179.0
2025-11-15 18:00:00,2025-11-14 18:00:00,24.30769605979429,36.0
2025-11-15 19:00:00,2025-11-14 19:00:00,0.32507614584410227,0.0
2025-11-15 20:00:00,2025-11-14 20:00:00,0.32507614584410227,0.0
2025-11-15 21:00:00,2025-11-14 21:00:00,0.32507614584410227,0.0
2025-11-15 22:00:00,2025-11-14 22:00:00,0.32507614584410227,0.0
2025-11-15 23:00:00,2025-11-14 23:00:00,0.32507614584410227,0.0
2025-11-16 00:00:00,2025-11-15 00:00:00,0.24549260752370783,0.0
2025-11-16 01:00:00,2025-11-15 01:00:00,0.24549260752370783,0.0
2025-11-16 02:00:00,2025-11-15 02:00:00,0.24549260752370783,0.0
2025-11-16 03:00:00,2025-11-15 03:00:00,0.24549260752370783,0.0
2025-11-16 04:00:00,2025-11-15 04:00:00,0.24549260752370783,0.0
2025-11-16 05:00:00,2025-11-15 05:00:00,0.24549260752370783,0.0
2025-11-16 06:00:00,2025-11-15 06:00:00,0.24549260752370783,0.0
2025-11-16 07:00:00,2025-11-15 07:00:00,0.24549260752370783,0.0
2025-11-16 08:00:00,2025-11-15 08:00:00,15.00875260812222,18.0
2025-11-16 09:00:00,2025-11-15 09:00:00,140.98940992249243,149.0
2025-11-16 10:00:00,2025-11-15 10:00:00,320.77485459060136,313.0
2025-11-16 11:00:00,2025-11-15 11:00:00,447.89528675578805,462.0
2025-11-16 12:00:00,2025-11-15 12:00:00,537.8341833769789,556.0
2025-11-16 13:00:00,2025-11-15 13:00:00,562.5802047661487,588.0
2025-11-16 14:00:00,2025-11-15 14:00:00,535.6661865348105,556.0
2025-11-16 15:00:00,2025-11-15 15:00:00,474.0332834052848,461.0
2025-11-16 16:00:00,2025-11-15 16:00:00,313.0314767699222,325.0
2025-11-16 17:00:00,2025-11-15 17:00:00,165.07318266400753,178.0
2025-11-16 18:00:00,2025-11-15 18:00:00,15.351877620279222,35.0
2025-11-16 19:00:00,2025-11-15 19:00:00,0.3921969581251335,0.0
2025-11-16 20:00:00,2025-11-15 20:00:00,0.3921969581251335,0.0
2025-11-16 21:00:00,2025-11-15 21:00:00,0.3921969581251335,0.0
2025-11-16 22:00:00,2025-11-15 22:00:00,0.3921969581251335,0.0
2025-11-16 23:00:00,2025-11-15 23:00:00,0.3921969581251335,0.0
2025-11-17 00:00:00,2025-11-16 00:00:00,0.31261341980473906,0.0
2025-11-17 01:00:00,2025-11-16 01:00:00,0.31261341980473906,0.0
2025-11-17 02:00:00,2025-11-16 02:00:00,0.31261341980473906,0.0
2025-11-17 03:00:00,2025-11-16 03:00:00,0.38189957981052675,0.0
2025-11-17 04:00:00,2025-11-16 04:00:00,0.31261341980473906,0.0
2025-11-17 05:00:00,2025-11-16 05:00:00,0.24549260752370783,0.0
2025-11-17 06:00:00,2025-11-16 06:00:00,0.24549260752370783,0.0
2025-11-17 07:00:00,2025-11-16 07:00:00,0.24549260752370783,0.0
2025-11-17 08:00:00,2025-11-16 08:00:00,14.235169154196482,16.0
2025-11-17 09:00:00,2025-11-16 09:00:00,138.72523174547175,141.0
2025-11-17 10:00:00,2025-11-16 10:00:00,292.7594435221529,297.0
2025-11-17 11:00:00,2025-11-16 11:00:00,442.4967911706619,438.0
2025-11-17 12:00:00,2025-11-16 12:00:00,490.79862516312363,532.0
2025-11-17 13:00:00,2025-11-16 13:00:00,509.5705109362793,567.0
2025-11-17 14:00:00,2025-11-16 14:00:00,466.56732660241363,533.0
2025-11-17 15:00:00,2025-11-16 15:00:00,393.7465180245046,427.0
2025-11-17 16:00:00,2025-11-16 16:00:00,276.20175374641315,283.0
2025-11-17 17:00:00,2025-11-16 17:00:00,130.6772834765216,147.0
2025-11-17 18:00:00,2025-11-16 18:00:00,15.80256004795091,28.0
2025-11-17 19:00:00,2025-11-16 19:00:00,0.3921969581251335,0.0
2025-11-17 20:00:00,2025-11-16 20:00:00,0.38279893585589914,0.0
2025-11-17 21:00:00,2025-11-16 21:00:00,0.3156781235748679,0.0
2025-11-17 22:00:00,2025-11-16 22:00:00,0.32507614584410227,0.0
2025-11-17 23:00:00,2025-11-16 23:00:00,0.3156781235748679,0.0
2025-11-18 00:00:00,2025-11-17 00:00:00,0.24549260752370783,0.0
2025-11-18 01:00:00,2025-11-17 01:00:00,0.24549260752370783,0.0
2025-11-18 02:00:00,2025-11-17 02:00:00,0.24549260752370783,0.0
2025-11-18 03:00:00,2025-11-17 03:00:00,0.24549260752370783,0.0
2025-11-18 04:00:00,2025-11-17 04:00:00,0.24549260752370783,0.0
2025-11-18 05:00:00,2025-11-17 05:00:00,0.24549260752370783,0.0
2025-11-18 06:00:00,2025-11-17 06:00:00,0.24549260752370783,0.0
2025-11-18 07:00:00,2025-11-17 07:00:00,0.24549260752370783,0.0
2025-11-18 08:00:00,2025-11-17 08:00:00,10.989124140786386,16.0
2025-11-18 09:00:00,2025-11-17 09:00:00,143.84775594620749,144.0
2025-11-18 10:00:00,2025-11-17 10:00:00,302.6679809971704,304.0
2025-11-18 11:00:00,2025-11-17 11:00:00,442.5717128534583,448.0
2025-11-18 12:00:00,2025-11-17 12:00:00,542.508818361667,543.0
2025-11-18 13:00:00,2025-11-17 13:00:00,572.633913768697,578.0
2025-11-18 14:00:00,2025-11-17 14:00:00,544.9155629438712,550.0
2025-11-18 15:00:00,2025-11-17 15:00:00,468.3139721731597,456.0
2025-11-18 16:00:00,2025-11-17 16:00:00,328.8541064763831,320.0
2025-11-18 17:00:00,2025-11-17 17:00:00,167.24863012543273,173.0
2025-11-18 18:00:00,2025-11-17 18:00:00,21.237623930328738,32.0
2025-11-18 19:00:00,2025-11-17 19:00:00,0.32507614584410227,0.0
2025-11-18 20:00:00,2025-11-17 20:00:00,0.32507614584410227,0.0
2025-11-18 21:00:00,2025-11-17 21:00:00,0.32507614584410227,0.0
2025-11-18 22:00:00,2025-11-17 22:00:00,0.32507614584410227,0.0
2025-11-18 23:00:00,2025-11-17 23:00:00,0.32507614584410227,0.0
2025-11-19 00:00:00,2025-11-18 00:00:00,0.24549260752370783,0.0
2025-11-19 01:00:00,2025-11-18 01:00:00,0.24549260752370783,0.0
2025-11-19 02:00:00,2025-11-18 02:00:00,0.24549260752370783,0.0
2025-11-19 03:00:00,2025-11-18 03:00:00,0.24549260752370783,0.0
2025-11-19 04:00:00,2025-11-18 04:00:00,0.24549260752370783,0.0
2025-11-19 05:00:00,2025-11-18 05:00:00,0.24549260752370783,0.0
2025-11-19 06:00:00,2025-11-18 06:00:00,0.24549260752370783,0.0
2025-11-19 07:00:00,2025-11-18 07:00:00,0.24549260752370783,0.0
2025-11-19 08:00:00,2025-11-18 08:00:00,10.989124140786386,15.0
2025-11-19 09:00:00,2025-11-18 09:00:00,139.56294842560087,142.0
2025-11-19 10:00:00,2025-11-18 10:00:00,294.5798819348137,303.0
2025-11-19 11:00:00,2025-11-18 11:00:00,441.3252848134222,448.0
2025-11-19 12:00:00,2025-11-18 12:00:00,542.4121655440081,544.0
2025-11-19 13:00:00,2025-11-18 13:00:00,563.374980983382,579.0
2025-11-19 14:00:00,2025-11-18 14:00:00,535.4528150884822,550.0
2025-11-19 15:00:00,2025-11-18 15:00:00,435.9946231784109,457.0
2025-11-19 16:00:00,2025-11-18 16:00:00,322.2093844351612,321.0
2025-11-19 17:00:00,2025-11-18 17:00:00,150.87661294483166,174.0
2025-11-19 18:00:00,2025-11-18 18:00:00,21.258279857692315,32.0
2025-11-19 19:00:00,2025-11-18 19:00:00,0.32507614584410227,0.0
2025-11-19 20:00:00,2025-11-18 20:00:00,0.32507614584410227,0.0
2025-11-19 21:00:00,2025-11-18 21:00:00,0.32507614584410227,0.0
2025-11-19 22:00:00,2025-11-18 22:00:00,0.3282107438176493,0.0
2025-11-19 23:00:00,2025-11-18 23:00:00,0.32507614584410227,0.0
2025-11-20 00:00:00,2025-11-19 00:00:00,0.24549260752370783,0.0
2025-11-20 01:00:00,2025-11-19 01:00:00,0.24549260752370783,0.0
2025-11-20 02:00:00,2025-11-19 02:00:00,0.24549260752370783,0.0
2025-11-20 03:00:00,2025-11-19 03:00:00,0.24549260752370783,0.0
2025-11-20 04:00:00,2025-11-19 04:00:00,0.24549260752370783,0.0
2025-11-20 05:00:00,2025-11-19 05:00:00,0.24549260752370783,0.0
2025-11-20 06:00:00,2025-11-19 06:00:00,0.24549260752370783,0.0
2025-11-20 07:00:00,2025-11-19 07:00:00,0.24549260752370783,0.0
2025-11-20 08:00:00,2025-11-19 08:00:00,9.87029319038159,14.0
2025-11-20 09:00:00,2025-11-19 09:00:00,136.40913695399416,139.0
2025-11-20 10:00:00,2025-11-19 10:00:00,294.51798584379793,299.0
2025-11-20 11:00:00,2025-11-19 11:00:00,440.6871093727321,444.0
2025-11-20 12:00:00,2025-11-19 12:00:00,528.9976284421176,540.0
2025-11-20 13:00:00,2025-11-19 13:00:00,564.2490068421769,576.0
2025-11-20 14:00:00,2025-11-19 14:00:00,546.0717315819631,549.0
2025-11-20 15:00:00,2025-11-19 15:00:00,450.86793713674945,456.0
2025-11-20 16:00:00,2025-11-19 16:00:00,323.09499894705294,320.0
2025-11-20 17:00:00,2025-11-19 17:00:00,162.48785434456815,173.0
2025-11-20 18:00:00,2025-11-19 18:00:00,21.80718789920757,31.0
2025-11-20 19:00:00,2025-11-19 19:00:00,0.32507614584410227,0.0
2025-11-20 20:00:00,2025-11-19 20:00:00,0.32507614584410227,0.0
2025-11-20 21:00:00,2025-11-19 21:00:00,0.32507614584410227,0.0
2025-11-20 22:00:00,2025-11-19 22:00:00,0.32507614584410227,0.0
2025-11-20 23:00:00,2025-11-19 23:00:00,0.3156781235748679,0.0
2025-11-21 00:00:00,2025-11-20 00:00:00,0.23609458525447344,0.0
2025-11-21 01:00:00,2025-11-20 01:00:00,0.23609458525447344,0.0
2025-11-21 02:00:00,2025-11-20 02:00:00,0.23609458525447344,0.0
2025-11-21 03:00:00,2025-11-20 03:00:00,0.23609458525447344,0.0
2025-11-21 04:00:00,2025-11-20 04:00:00,0.23609458525447344,0.0
2025-11-21 05:00:00,2025-11-20 05:00:00,0.23609458525447344,0.0
2025-11-21 06:00:00,2025-11-20 06:00:00,0.23609458525447344,0.0
2025-11-21 07:00:00,2025-11-20 07:00:00,0.24549260752370783,0.0
2025-11-21 08:00:00,2025-11-20 08:00:00,8.458220461578522,12.0
2025-11-21 09:00:00,2025-11-20 09:00:00,137.5172509258014,133.0
2025-11-21 10:00:00,2025-11-20 10:00:00,298.2991017470216,292.0
2025-11-21 11:00:00,2025-11-20 11:00:00,432.69119872190566,437.0
2025-11-21 12:00:00,2025-11-20 12:00:00,514.7897374072792,532.0
2025-11-21 13:00:00,2025-11-20 13:00:00,549.5436364419073,566.0
2025-11-21 14:00:00,2025-11-20 14:00:00,533.6654859121053,538.0
2025-11-21 15:00:00,2025-11-20 15:00:00,436.01931382674263,445.0
2025-11-21 16:00:00,2025-11-20 16:00:00,297.79342798629864,311.0
2025-11-21 17:00:00,2025-11-20 17:00:00,164.085685783852,167.0
2025-11-21 18:00:00,2025-11-20 18:00:00,18.42772943944176,29.0
2025-11-21 19:00:00,2025-11-20 19:00:00,0.3921969581251335,0.0
2025-11-21 20:00:00,2025-11-20 20:00:00,0.3921969581251335,0.0
2025-11-21 21:00:00,2025-11-20 21:00:00,0.3921969581251335,0.0
2025-11-21 22:00:00,2025-11-20 22:00:00,0.3921969581251335,0.0
2025-11-21 23:00:00,2025-11-20 23:00:00,0.3921969581251335,0.0
2025-11-22 00:00:00,2025-11-21 00:00:00,0.31261341980473906,0.0
2025-11-22 01:00:00,2025-11-21 01:00:00,0.31261341980473906,0.0
2025-11-22 02:00:00,2025-11-21 02:00:00,0.31261341980473906,0.0
2025-11-22 03:00:00,2025-11-21 03:00:00,0.31261341980473906,0.0
2025-11-22 04:00:00,2025-11-21 04:00:00,0.31261341980473906,0.0
2025-11-22 05:00:00,2025-11-21 05:00:00,0.31261341980473906,0.0
2025-11-22 06:00:00,2025-11-21 06:00:00,0.3032153975355047,0.0
2025-11-22 07:00:00,2025-11-21 07:00:00,0.31261341980473906,0.0
2025-11-22 08:00:00,2025-11-21 08:00:00,7.883638196624128,11.0
2025-11-22 09:00:00,2025-11-21 09:00:00,107.95658107222991,124.0
2025-11-22 10:00:00,2025-11-21 10:00:00,282.36679353402917,281.0
2025-11-22 11:00:00,2025-11-21 11:00:00,420.92388062816116,422.0
2025-11-22 12:00:00,2025-11-21 12:00:00,455.9479609772331,497.0
2025-11-22 13:00:00,2025-11-21 13:00:00,502.34273243711164,503.0
2025-11-22 14:00:00,2025-11-21 14:00:00,507.8696165599633,458.0
2025-11-22 15:00:00,2025-11-21 15:00:00,459.2262503553993,373.0
2025-11-22 16:00:00,2025-11-21 16:00:00,313.1065883821407,260.0
2025-11-22 17:00:00,2025-11-21 17:00:00,141.1781225195307,139.0
2025-11-22 18:00:00,2025-11-21 18:00:00,13.623341480234322,24.0
2025-11-22 19:00:00,2025-11-21 19:00:00,0.38279893585589914,0.0
2025-11-22 20:00:00,2025-11-21 20:00:00,0.4614831181309212,0.0
2025-11-22 21:00:00,2025-11-21 21:00:00,0.0,0.0
2025-11-22 22:00:00,2025-11-21 22:00:00,0.0,0.0
2025-11-22 23:00:00,2025-11-21 23:00:00,0.4821235917479199,0.0
2025-11-23 00:00:00,2025-11-22 00:00:00,0.3725015575412924,0.0
2025-11-23 01:00:00,2025-11-22 01:00:00,0.38189957981052675,0.0
2025-11-23 02:00:00,2025-11-22 02:00:00,0.38189957981052675,0.0
2025-11-23 03:00:00,2025-11-22 03:00:00,0.38189957981052675,0.0
2025-11-23 04:00:00,2025-11-22 04:00:00,0.38189957981052675,0.0
2025-11-23 05:00:00,2025-11-22 05:00:00,0.38189957981052675,0.0
2025-11-23 06:00:00,2025-11-22 06:00:00,0.3725015575412924,0.0
2025-11-23 07:00:00,2025-11-22 07:00:00,0.3725015575412924,0.0
2025-11-23 08:00:00,2025-11-22 08:00:00,8.389235067466956,11.0
2025-11-23 09:00:00,2025-11-22 09:00:00,124.27159427153259,130.0
2025-11-23 10:00:00,2025-11-22 10:00:00,310.42440001476757,290.0
2025-11-23 11:00:00,2025-11-22 11:00:00,439.9989475822372,436.0
2025-11-23 12:00:00,2025-11-22 12:00:00,554.0090190408193,533.0
2025-11-23 13:00:00,2025-11-22 13:00:00,578.2838837481931,570.0
2025-11-23 14:00:00,2025-11-22 14:00:00,563.905715064456,542.0
2025-11-23 15:00:00,2025-11-22 15:00:00,445.1801446297382,448.0
2025-11-23 16:00:00,2025-11-22 16:00:00,318.5354269871383,312.0
2025-11-23 17:00:00,2025-11-22 17:00:00,143.13005928478822,166.0
2025-11-23 18:00:00,2025-11-22 18:00:00,13.289898054191175,28.0
2025-11-23 19:00:00,2025-11-22 19:00:00,0.4915216140171543,0.0
2025-11-23 20:00:00,2025-11-22 20:00:00,1.4911053547296984,0.0
2025-11-23 21:00:00,2025-11-22 21:00:00,1.0001665534833686,0.0
2025-11-23 22:00:00,2025-11-22 22:00:00,0.9907685312141341,0.0
2025-11-23 23:00:00,2025-11-22 23:00:00,1.9997502941959127,0.0
2025-11-24 00:00:00,2025-11-23 00:00:00,0.3725015575412924,0.0
2025-11-24 01:00:00,2025-11-23 01:00:00,0.3725015575412924,0.0
2025-11-24 02:00:00,2025-11-23 02:00:00,0.3725015575412924,0.0
2025-11-24 03:00:00,2025-11-23 03:00:00,0.3725015575412924,0.0
2025-11-24 04:00:00,2025-11-23 04:00:00,0.8905445192767409,0.0
2025-11-24 05:00:00,2025-11-23 05:00:00,0.8811464970075065,0.0
2025-11-24 06:00:00,2025-11-23 06:00:00,0.38189957981052675,0.0
2025-11-24 07:00:00,2025-11-23 07:00:00,0.38189957981052675,0.0
2025-11-24 08:00:00,2025-11-23 08:00:00,5.268136600278713,10.0
2025-11-24 09:00:00,2025-11-23 09:00:00,106.4602797676937,119.0
2025-11-24 10:00:00,2025-11-23 10:00:00,265.371345340752,259.0
2025-11-24 11:00:00,2025-11-23 11:00:00,404.13015444086756,371.0
2025-11-24 12:00:00,2025-11-23 12:00:00,438.10672170010713,409.0
2025-11-24 13:00:00,2025-11-23 13:00:00,464.529879779629,378.0
2025-11-24 14:00:00,2025-11-23 14:00:00,463.87078080239274,322.0
2025-11-24 15:00:00,2025-11-23 15:00:00,384.35203645282627,266.0
2025-11-24 16:00:00,2025-11-23 16:00:00,230.9988127550351,197.0
2025-11-24 17:00:00,2025-11-23 17:00:00,107.39385080350029,110.0
2025-11-24 18:00:00,2025-11-23 18:00:00,12.206610205941411,19.0
2025-11-24 19:00:00,2025-11-23 19:00:00,0.38279893585589914,0.0
2025-11-24 20:00:00,2025-11-23 20:00:00,0.4520850958616868,0.0
2025-11-24 21:00:00,2025-11-23 21:00:00,0.0,0.0
2025-11-24 22:00:00,2025-11-23 22:00:00,1.4911053547296984,0.0
2025-11-24 23:00:00,2025-11-23 23:00:00,1.4911053547296984,0.0
2025-11-25 00:00:00,2025-11-24 00:00:00,0.16445595856592135,0.0
2025-11-25 01:00:00,2025-11-24 01:00:00,0.8811464970075065,0.0
2025-11-25 02:00:00,2025-11-24 02:00:00,0.15505793629668693,0.0
2025-11-25 03:00:00,2025-11-24 03:00:00,0.15192333832313984,0.0
2025-11-25 04:00:00,2025-11-24 04:00:00,0.16132136059237426,0.0
2025-11-25 05:00:00,2025-11-24 05:00:00,0.16445595856592135,0.0
2025-11-25 06:00:00,2025-11-24 06:00:00,0.16132136059237426,0.0
2025-11-25 07:00:00,2025-11-24 07:00:00,0.16445595856592135,0.0
2025-11-25 08:00:00,2025-11-24 08:00:00,7.09948135669816,8.0
2025-11-25 09:00:00,2025-11-24 09:00:00,102.90341693183372,111.0
2025-11-25 10:00:00,2025-11-24 10:00:00,265.198239855892,256.0
2025-11-25 11:00:00,2025-11-24 11:00:00,400.1599383910954,387.0
2025-11-25 12:00:00,2025-11-24 12:00:00,424.7820989106393,467.0
2025-11-25 13:00:00,2025-11-24 13:00:00,474.60610862348096,489.0
2025-11-25 14:00:00,2025-11-24 14:00:00,438.94038482773806,456.0
2025-11-25 15:00:00,2025-11-24 15:00:00,392.9829286476693,372.0
2025-11-25 16:00:00,2025-11-24 16:00:00,322.75389512297227,256.0
2025-11-25 17:00:00,2025-11-24 17:00:00,152.8109912624864,135.0
2025-11-25 18:00:00,2025-11-24 18:00:00,15.81094508057399,22.0
2025-11-25 19:00:00,2025-11-24 19:00:00,0.3156781235748679,0.0
2025-11-25 20:00:00,2025-11-24 20:00:00,0.32507614584410227,0.0
2025-11-25 21:00:00,2025-11-24 21:00:00,0.32507614584410227,0.0
2025-11-25 22:00:00,2025-11-24 22:00:00,0.32507614584410227,0.0
2025-11-25 23:00:00,2025-11-24 23:00:00,0.32507614584410227,0.0
2025-11-26 00:00:00,2025-11-25 00:00:00,0.24549260752370783,0.0
2025-11-26 01:00:00,2025-11-25 01:00:00,0.24549260752370783,0.0
2025-11-26 02:00:00,2025-11-25 02:00:00,0.24549260752370783,0.0
2025-11-26 03:00:00,2025-11-25 03:00:00,0.31261341980473906,0.0
2025-11-26 04:00:00,2025-11-25 04:00:00,0.24862720549725487,0.0
2025-11-26 05:00:00,2025-11-25 05:00:00,0.24862720549725487,0.0
2025-11-26 06:00:00,2025-11-25 06:00:00,0.31261341980473906,0.0
2025-11-26 07:00:00,2025-11-25 07:00:00,0.31261341980473906,0.0
2025-11-26 08:00:00,2025-11-25 08:00:00,4.9146664440075405,7.0
2025-11-26 09:00:00,2025-11-25 09:00:00,105.9961368410508,107.0
2025-11-26 10:00:00,2025-11-25 10:00:00,265.86806222428163,259.0
2025-11-26 11:00:00,2025-11-25 11:00:00,387.8107618374148,407.0
2025-11-26 12:00:00,2025-11-25 12:00:00,436.5774204989742,504.0
2025-11-26 13:00:00,2025-11-25 13:00:00,465.9935938747443,542.0
2025-11-26 14:00:00,2025-11-25 14:00:00,475.948133329714,514.0
2025-11-26 15:00:00,2025-11-25 15:00:00,401.37154297109913,420.0
2025-11-26 16:00:00,2025-11-25 16:00:00,278.2549597492138,286.0
2025-11-26 17:00:00,2025-11-25 17:00:00,134.75902162747454,149.0
2025-11-26 18:00:00,2025-11-25 18:00:00,14.838727862006204,24.0
2025-11-26 19:00:00,2025-11-25 19:00:00,0.3282107438176493,0.0
2025-11-26 20:00:00,2025-11-25 20:00:00,0.3282107438176493,0.0
2025-11-26 21:00:00,2025-11-25 21:00:00,0.32507614584410227,0.0
2025-11-26 22:00:00,2025-11-25 22:00:00,0.32507614584410227,0.0
2025-11-26 23:00:00,2025-11-25 23:00:00,0.32507614584410227,0.0
2025-11-27 00:00:00,2025-11-26 00:00:00,0.24549260752370783,0.0
2025-11-27 01:00:00,2025-11-26 01:00:00,0.24549260752370783,0.0
2025-11-27 02:00:00,2025-11-26 02:00:00,0.24549260752370783,0.0
2025-11-27 03:00:00,2025-11-26 03:00:00,0.24862720549725487,0.0
2025-11-27 04:00:00,2025-11-26 04:00:00,0.24862720549725487,0.0
2025-11-27 05:00:00,2025-11-26 05:00:00,0.31261341980473906,0.0
2025-11-27 06:00:00,2025-11-26 06:00:00,0.31261341980473906,0.0
2025-11-27 07:00:00,2025-11-26 07:00:00,0.24862720549725487,0.0
2025-11-27 08:00:00,2025-11-26 08:00:00,4.055920297832564,7.0
2025-11-27 09:00:00,2025-11-26 09:00:00,108.84363491759552,110.0
2025-11-27 10:00:00,2025-11-26 10:00:00,268.0257511399816,260.0
2025-11-27 11:00:00,2025-11-26 11:00:00,398.72673535460865,394.0
2025-11-27 12:00:00,2025-11-26 12:00:00,505.0677732813556,468.0
2025-11-27 13:00:00,2025-11-26 13:00:00,501.9983177727708,477.0
2025-11-27 14:00:00,2025-11-26 14:00:00,467.70290073344046,437.0
2025-11-27 15:00:00,2025-11-26 15:00:00,379.9000657298261,355.0
2025-11-27 16:00:00,2025-11-26 16:00:00,247.71145071395273,246.0
2025-11-27 17:00:00,2025-11-26 17:00:00,132.05297548156184,129.0
2025-11-27 18:00:00,2025-11-26 18:00:00,14.838727862006204,21.0
2025-11-27 19:00:00,2025-11-26 19:00:00,0.32507614584410227,0.0
2025-11-27 20:00:00,2025-11-26 20:00:00,0.32507614584410227,0.0
2025-11-27 21:00:00,2025-11-26 21:00:00,0.32507614584410227,0.0
2025-11-27 22:00:00,2025-11-26 22:00:00,0.32507614584410227,0.0
2025-11-27 23:00:00,2025-11-26 23:00:00,0.32507614584410227,0.0
2025-11-28 00:00:00,2025-11-27 00:00:00,0.24549260752370783,0.0
2025-11-28 01:00:00,2025-11-27 01:00:00,0.24549260752370783,0.0
2025-11-28 02:00:00,2025-11-27 02:00:00,0.24549260752370783,0.0
2025-11-28 03:00:00,2025-11-27 03:00:00,0.24549260752370783,0.0
2025-11-28 04:00:00,2025-11-27 04:00:00,0.24549260752370783,0.0
2025-11-28 05:00:00,2025-11-27 05:00:00,0.24549260752370783,0.0
2025-11-28 06:00:00,2025-11-27 06:00:00,0.31261341980473906,0.0
2025-11-28 07:00:00,2025-11-27 07:00:00,0.31261341980473906,0.0
2025-11-28 08:00:00,2025-11-27 08:00:00,4.059402793134159,7.0
2025-11-28 09:00:00,2025-11-27 09:00:00,104.36174919555882,111.0
2025-11-28 10:00:00,2025-11-27 10:00:00,255.79281254090174,256.0
2025-11-28 11:00:00,2025-11-27 11:00:00,373.5131743229683,387.0
2025-11-28 12:00:00,2025-11-27 12:00:00,442.96456662679776,475.0
2025-11-28 13:00:00,2025-11-27 13:00:00,428.36141568350143,509.0
2025-11-28 14:00:00,2025-11-27 14:00:00,389.28600613700877,481.0
2025-11-28 15:00:00,2025-11-27 15:00:00,344.04944181929494,388.0
2025-11-28 16:00:00,2025-11-27 16:00:00,260.24508729546335,260.0
2025-11-28 17:00:00,2025-11-27 17:00:00,107.36988428338998,132.0
2025-11-28 18:00:00,2025-11-27 18:00:00,13.265149899792776,21.0
2025-11-28 19:00:00,2025-11-27 19:00:00,0.3921969581251335,0.0
2025-11-28 20:00:00,2025-11-27 20:00:00,0.3921969581251335,0.0
2025-11-28 21:00:00,2025-11-27 21:00:00,0.3921969581251335,0.0
2025-11-28 22:00:00,2025-11-27 22:00:00,0.3921969581251335,0.0
2025-11-28 23:00:00,2025-11-27 23:00:00,0.3921969581251335,0.0
2025-11-29 00:00:00,2025-11-28 00:00:00,0.31261341980473906,0.0
2025-11-29 01:00:00,2025-11-28 01:00:00,0.31261341980473906,0.0
2025-11-29 02:00:00,2025-11-28 02:00:00,0.31261341980473906,0.0
2025-11-29 03:00:00,2025-11-28 03:00:00,0.3032153975355047,0.0
2025-11-29 04:00:00,2025-11-28 04:00:00,0.31261341980473906,0.0
2025-11-29 05:00:00,2025-11-28 05:00:00,0.31261341980473906,0.0
2025-11-29 06:00:00,2025-11-28 06:00:00,0.31261341980473906,0.0
2025-11-29 07:00:00,2025-11-28 07:00:00,0.3032153975355047,0.0
2025-11-29 08:00:00,2025-11-28 08:00:00,4.0149875996974895,6.0
2025-11-29 09:00:00,2025-11-28 09:00:00,92.67492325516248,102.0
2025-11-29 10:00:00,2025-11-28 10:00:00,257.49186242965754,232.0
2025-11-29 11:00:00,2025-11-28 11:00:00,363.15448630770805,345.0
2025-11-29 12:00:00,2025-11-28 12:00:00,429.87052912427686,419.0
2025-11-29 13:00:00,2025-11-28 13:00:00,425.83391475520705,447.0
2025-11-29 14:00:00,2025-11-28 14:00:00,448.39303312481815,430.0
2025-11-29 15:00:00,2025-11-28 15:00:00,360.82208127846883,367.0
2025-11-29 16:00:00,2025-11-28 16:00:00,255.76691386186016,268.0
2025-11-29 17:00:00,2025-11-28 17:00:00,125.36405599093548,147.0
2025-11-29 18:00:00,2025-11-28 18:00:00,12.711362144500828,24.0
2025-11-29 19:00:00,2025-11-28 19:00:00,0.38279893585589914,0.0
2025-11-29 20:00:00,2025-11-28 20:00:00,0.38279893585589914,0.0
2025-11-29 21:00:00,2025-11-28 21:00:00,0.38279893585589914,0.0
2025-11-29 22:00:00,2025-11-28 22:00:00,0.38279893585589914,0.0
2025-11-29 23:00:00,2025-11-28 23:00:00,0.3921969581251335,0.0
2025-11-30 00:00:00,2025-11-29 00:00:00,0.31261341980473906,0.0
2025-11-30 01:00:00,2025-11-29 01:00:00,0.31261341980473906,0.0
2025-11-30 02:00:00,2025-11-29 02:00:00,0.31261341980473906,0.0
2025-11-30 03:00:00,2025-11-29 03:00:00,0.31261341980473906,0.0
2025-11-30 04:00:00,2025-11-29 04:00:00,0.31261341980473906,0.0
2025-11-30 05:00:00,2025-11-29 05:00:00,0.24862720549725487,0.0
2025-11-30 06:00:00,2025-11-29 06:00:00,0.3032153975355047,0.0
2025-11-30 07:00:00,2025-11-29 07:00:00,0.3032153975355047,0.0
2025-11-30 08:00:00,2025-11-29 08:00:00,3.2116596089385165,4.0
2025-11-30 09:00:00,2025-11-29 09:00:00,71.67348892151838,81.0
2025-11-30 10:00:00,2025-11-29 10:00:00,196.16929766495366,208.0
2025-11-30 11:00:00,2025-11-29 11:00:00,288.6844951677023,332.0
2025-11-30 12:00:00,2025-11-29 12:00:00,395.57397786140626,408.0
2025-11-30 13:00:00,2025-11-29 13:00:00,379.34314415396665,429.0
2025-11-30 14:00:00,2025-11-29 14:00:00,454.94400058428243,406.0
2025-11-30 15:00:00,2025-11-29 15:00:00,347.15141450273524,345.0
2025-11-30 16:00:00,2025-11-29 16:00:00,231.66309138988478,250.0
2025-11-30 17:00:00,2025-11-29 17:00:00,122.27177754345483,136.0
2025-11-30 18:00:00,2025-11-29 18:00:00,15.995141077105737,22.0
2025-11-30 19:00:00,2025-11-29 19:00:00,0.3921969581251335,0.0
2025-11-30 20:00:00,2025-11-29 20:00:00,0.3921969581251335,0.0
2025-11-30 21:00:00,2025-11-29 21:00:00,0.38279893585589914,0.0
2025-11-30 22:00:00,2025-11-29 22:00:00,0.3921969581251335,0.0
2025-11-30 23:00:00,2025-11-29 23:00:00,0.38279893585589914,0.0
2025-12-01 00:00:00,2025-11-30 00:00:00,0.31261341980473906,0.0
2025-12-01 01:00:00,2025-11-30 01:00:00,0.3032153975355047,0.0
2025-12-01 02:00:00,2025-11-30 02:00:00,0.3032153975355047,0.0
2025-12-01 03:00:00,2025-11-30 03:00:00,0.31261341980473906,0.0
2025-12-01 04:00:00,2025-11-30 04:00:00,0.31261341980473906,0.0
2025-12-01 05:00:00,2025-11-30 05:00:00,0.31261341980473906,0.0
2025-12-01 06:00:00,2025-11-30 06:00:00,0.31261341980473906,0.0
2025-12-01 07:00:00,2025-11-30 07:00:00,0.31261341980473906,0.0
2025-12-01 08:00:00,2025-11-30 08:00:00,3.943559138540984,4.0
2025-12-01 09:00:00,2025-11-30 09:00:00,85.16949777059881,92.0
2025-12-01 10:00:00,2025-11-30 10:00:00,232.1870469104132,225.0
2025-12-01 11:00:00,2025-11-30 11:00:00,361.9879333567577,352.0
2025-12-01 12:00:00,2025-11-30 12:00:00,472.24396389329684,449.0
2025-12-01 13:00:00,2025-11-30 13:00:00,488.8730003691642,503.0
2025-12-01 14:00:00,2025-11-30 14:00:00,478.4302390111483,494.0
2025-12-01 15:00:00,2025-11-30 15:00:00,383.14672215118986,412.0
2025-12-01 16:00:00,2025-11-30 16:00:00,262.7724591908676,285.0
2025-12-01 17:00:00,2025-11-30 17:00:00,134.93742994084516,150.0
2025-12-01 18:00:00,2025-11-30 18:00:00,13.595515096496607,24.0
2025-12-01 19:00:00,2025-11-30 19:00:00,0.3921969581251335,0.0
2025-12-01 20:00:00,2025-11-30 20:00:00,0.3282107438176493,0.0
2025-12-01 21:00:00,2025-11-30 21:00:00,0.32507614584410227,0.0
2025-12-01 22:00:00,2025-11-30 22:00:00,0.32507614584410227,0.0
2025-12-01 23:00:00,2025-11-30 23:00:00,0.3282107438176493,0.0
2025-12-02 00:00:00,2025-12-01 00:00:00,0.24549260752370783,0.0
2025-12-02 01:00:00,2025-12-01 01:00:00,0.24549260752370783,0.0
2025-12-02 02:00:00,2025-12-01 02:00:00,0.24549260752370783,0.0
2025-12-02 03:00:00,2025-12-01 03:00:00,0.24549260752370783,0.0
2025-12-02 04:00:00,2025-12-01 04:00:00,0.24549260752370783,0.0
2025-12-02 05:00:00,2025-12-01 05:00:00,0.24549260752370783,0.0
2025-12-02 06:00:00,2025-12-01 06:00:00,0.24862720549725487,0.0
2025-12-02 07:00:00,2025-12-01 07:00:00,0.24549260752370783,0.0
2025-12-02 08:00:00,2025-12-01 08:00:00,3.703104203086515,4.0
2025-12-02 09:00:00,2025-12-01 09:00:00,85.39639934161104,93.0
2025-12-02 10:00:00,2025-12-01 10:00:00,250.9577156277051,242.0
2025-12-02 11:00:00,2025-12-01 11:00:00,402.43228836067306,387.0
2025-12-02 12:00:00,2025-12-01 12:00:00,484.75061942888817,489.0
2025-12-02 13:00:00,2025-12-01 13:00:00,513.7788581644667,535.0
2025-12-02 14:00:00,2025-12-01 14:00:00,497.35087626373337,517.0
2025-12-02 15:00:00,2025-12-01 15:00:00,419.7352859687861,432.0
2025-12-02 16:00:00,2025-12-01 16:00:00,289.1717126132116,302.0
2025-12-02 17:00:00,2025-12-01 17:00:00,143.25171257909653,160.0
2025-12-02 18:00:00,2025-12-01 18:00:00,17.312360215794065,25.0
2025-12-02 19:00:00,2025-12-01 19:00:00,0.32507614584410227,0.0
2025-12-02 20:00:00,2025-12-01 20:00:00,0.32507614584410227,0.0
2025-12-02 21:00:00,2025-12-01 21:00:00,0.3921969581251335,0.0
2025-12-02 22:00:00,2025-12-01 22:00:00,0.3921969581251335,0.0
2025-12-02 23:00:00,2025-12-01 23:00:00,0.3921969581251335,0.0
2025-12-03 00:00:00,2025-12-02 00:00:00,0.24862720549725487,0.0
2025-12-03 01:00:00,2025-12-02 01:00:00,0.24549260752370783,0.0
2025-12-03 02:00:00,2025-12-02 02:00:00,0.24549260752370783,0.0
2025-12-03 03:00:00,2025-12-02 03:00:00,0.24549260752370783,0.0
2025-12-03 04:00:00,2025-12-02 04:00:00,0.31261341980473906,0.0
2025-12-03 05:00:00,2025-12-02 05:00:00,0.24549260752370783,0.0
2025-12-03 06:00:00,2025-12-02 06:00:00,0.31261341980473906,0.0
2025-12-03 07:00:00,2025-12-02 07:00:00,0.24549260752370783,0.0
2025-12-03 08:00:00,2025-12-02 08:00:00,2.3517047270255733,3.0
2025-12-03 09:00:00,2025-12-02 09:00:00,72.48132268065685,86.0
2025-12-03 10:00:00,2025-12-02 10:00:00,222.08677833575368,213.0
2025-12-03 11:00:00,2025-12-02 11:00:00,360.9824203264522,322.0
2025-12-03 12:00:00,2025-12-02 12:00:00,388.8309480467806,370.0
2025-12-03 13:00:00,2025-12-02 13:00:00,417.429755374779,356.0
2025-12-03 14:00:00,2025-12-02 14:00:00,389.0768387741526,308.0
2025-12-03 15:00:00,2025-12-02 15:00:00,291.22681373548414,240.0
2025-12-03 16:00:00,2025-12-02 16:00:00,193.4549408476262,159.0
2025-12-03 17:00:00,2025-12-02 17:00:00,100.67855936914805,80.0
2025-12-03 18:00:00,2025-12-02 18:00:00,11.189122357041636,12.0
2025-12-03 19:00:00,2025-12-02 19:00:00,0.3921969581251335,0.0
2025-12-03 20:00:00,2025-12-02 20:00:00,0.3921969581251335,0.0
2025-12-03 21:00:00,2025-12-02 21:00:00,0.3921969581251335,0.0
2025-12-03 22:00:00,2025-12-02 22:00:00,0.3921969581251335,0.0
2025-12-03 23:00:00,2025-12-02 23:00:00,0.3921969581251335,0.0
2025-12-04 00:00:00,2025-12-03 00:00:00,0.31261341980473906,0.0
2025-12-04 01:00:00,2025-12-03 01:00:00,0.31261341980473906,0.0
2025-12-04 02:00:00,2025-12-03 02:00:00,0.31261341980473906,0.0
2025-12-04 03:00:00,2025-12-03 03:00:00,0.31261341980473906,0.0
2025-12-04 04:00:00,2025-12-03 04:00:00,0.31261341980473906,0.0
2025-12-04 05:00:00,2025-12-03 05:00:00,0.31261341980473906,0.0
2025-12-04 06:00:00,2025-12-03 06:00:00,0.31261341980473906,0.0
2025-12-04 07:00:00,2025-12-03 07:00:00,0.31261341980473906,0.0
2025-12-04 08:00:00,2025-12-03 08:00:00,2.3322103745058653,3.0
2025-12-04 09:00:00,2025-12-03 09:00:00,82.85810675218434,90.0
2025-12-04 10:00:00,2025-12-03 10:00:00,230.29115143621596,218.0
2025-12-04 11:00:00,2025-12-03 11:00:00,340.98599224149655,331.0
2025-12-04 12:00:00,2025-12-03 12:00:00,418.6858749526259,410.0
2025-12-04 13:00:00,2025-12-03 13:00:00,455.8167611115834,443.0
2025-12-04 14:00:00,2025-12-03 14:00:00,423.8403162371932,421.0
2025-12-04 15:00:00,2025-12-03 15:00:00,351.7779877107947,340.0
2025-12-04 16:00:00,2025-12-03 16:00:00,232.37480413115577,227.0
2025-12-04 17:00:00,2025-12-03 17:00:00,122.6334748289918,115.0
2025-12-04 18:00:00,2025-12-03 18:00:00,14.624039564830408,18.0
2025-12-04 19:00:00,,,0.0
2025-12-04 20:00:00,,,0.0
2025-12-04 21:00:00,,,0.0
2025-12-04 22:00:00,,,0.0
2025-12-04 23:00:00,,,0.0
2025-12-05 00:00:00,,,0.0
2025-12-05 01:00:00,,,0.0
2025-12-05 02:00:00,,,0.0
2025-12-05 03:00:00,,,0.0
2025-12-05 04:00:00,,,0.0
2025-12-05 05:00:00,,,0.0
2025-12-05 06:00:00,,,0.0
2025-12-05 07:00:00,,,0.0
2025-12-05 08:00:00,,,3.0
2025-12-05 09:00:00,,,88.0
2025-12-05 10:00:00,,,236.0
2025-12-05 11:00:00,,,374.0
2025-12-05 12:00:00,,,450.0
2025-12-05 13:00:00,,,457.0
2025-12-05 14:00:00,,,405.0
2025-12-05 15:00:00,,,299.0
2025-12-05 16:00:00,,,175.0
2025-12-05 17:00:00,,,77.0
2025-12-05 18:00:00,,,11.0
2025-12-05 19:00:00,2025-12-04 19:00:00,0.3162083495474018,0.0
2025-12-05 20:00:00,2025-12-04 20:00:00,0.3162083495474018,0.0
2025-12-05 21:00:00,2025-12-04 21:00:00,0.23608201517361105,0.0
2025-12-05 22:00:00,2025-12-04 22:00:00,0.23608201517361105,0.0
2025-12-05 23:00:00,2025-12-04 23:00:00,0.23608201517361105,0.0
2025-12-06 00:00:00,2025-12-05 00:00:00,0.23608201517361105,0.0
2025-12-06 01:00:00,2025-12-05 01:00:00,0.23608201517361105,0.0
2025-12-06 02:00:00,2025-12-05 02:00:00,0.31369202273201424,0.0
2025-12-06 03:00:00,2025-12-05 03:00:00,0.6725672170194077,0.0
2025-12-06 04:00:00,2025-12-05 04:00:00,0.6981296855121405,0.0
2025-12-06 05:00:00,2025-12-05 05:00:00,0.5619568780916702,0.0
2025-12-06 06:00:00,2025-12-05 06:00:00,0.6981296855121405,0.0
2025-12-06 07:00:00,2025-12-05 07:00:00,0.6725672170194077,0.0
2025-12-06 08:00:00,2025-12-05 08:00:00,1.7357751528243215,1.0
2025-12-06 09:00:00,2025-12-05 09:00:00,68.59034621886262,58.0
2025-12-06 10:00:00,2025-12-05 10:00:00,217.56214893723418,157.0
2025-12-06 11:00:00,2025-12-05 11:00:00,297.61650235799885,254.0
2025-12-06 12:00:00,2025-12-05 12:00:00,325.7378877317277,315.0
2025-12-06 13:00:00,2025-12-05 13:00:00,424.5245316797657,334.0
2025-12-06 14:00:00,2025-12-05 14:00:00,344.4058208859747,318.0
2025-12-06 15:00:00,2025-12-05 15:00:00,363.6308620419561,270.0
2025-12-06 16:00:00,2025-12-05 16:00:00,211.97912982131666,195.0
2025-12-06 17:00:00,2025-12-05 17:00:00,97.13606471885653,106.0
2025-12-06 18:00:00,2025-12-05 18:00:00,9.395559216267863,17.0
2025-12-06 19:00:00,2025-12-05 19:00:00,0.23608201517361105,0.0
2025-12-06 20:00:00,2025-12-05 20:00:00,0.23608201517361105,0.0
2025-12-06 21:00:00,2025-12-05 21:00:00,0.3162083495474018,0.0
2025-12-06 22:00:00,2025-12-05 22:00:00,0.34177081804013465,0.0
2025-12-06 23:00:00,2025-12-05 23:00:00,0.28191824548100985,0.0
2025-12-07 00:00:00,2025-12-06 00:00:00,0.28191824548100985,0.0
2025-12-07 01:00:00,2025-12-06 01:00:00,0.28191824548100985,0.0
2025-12-07 02:00:00,2025-12-06 02:00:00,0.28191824548100985,0.0
2025-12-07 03:00:00,2025-12-06 03:00:00,0.14536123840455825,0.0
2025-12-07 04:00:00,2025-12-06 04:00:00,0.14536123840455825,0.0
2025-12-07 05:00:00,2025-12-06 05:00:00,0.14536123840455825,0.0
2025-12-07 06:00:00,2025-12-06 06:00:00,0.28191824548100985,0.0
2025-12-07 07:00:00,2025-12-06 07:00:00,0.28191824548100985,0.0
2025-12-07 08:00:00,2025-12-06 08:00:00,1.6398375259496132,1.0
2025-12-07 09:00:00,2025-12-06 09:00:00,37.265753605661274,47.0
2025-12-07 10:00:00,2025-12-06 10:00:00,105.93329041191404,102.0
2025-12-07 11:00:00,2025-12-06 11:00:00,157.63151732722193,139.0
2025-12-07 12:00:00,2025-12-06 12:00:00,221.55660189350897,161.0
2025-12-07 13:00:00,2025-12-06 13:00:00,254.29361170144668,169.0
2025-12-07 14:00:00,2025-12-06 14:00:00,331.969966719855,160.0
2025-12-07 15:00:00,2025-12-06 15:00:00,264.1465629201039,136.0
2025-12-07 16:00:00,2025-12-06 16:00:00,188.30276876504342,100.0
2025-12-07 17:00:00,2025-12-06 17:00:00,69.80388534444113,55.0
2025-12-07 18:00:00,2025-12-06 18:00:00,9.459870527798758,9.0
2025-12-07 19:00:00,2025-12-06 19:00:00,0.23608201517361105,0.0
2025-12-07 20:00:00,2025-12-06 20:00:00,0.2616444836663439,0.0
2025-12-07 21:00:00,2025-12-06 21:00:00,0.2616444836663439,0.0
2025-12-07 22:00:00,2025-12-06 22:00:00,0.23608201517361105,0.0
2025-12-07 23:00:00,2025-12-06 23:00:00,0.23608201517361105,0.0
2025-12-08 00:00:00,2025-12-07 00:00:00,0.23608201517361105,0.0
2025-12-08 01:00:00,2025-12-07 01:00:00,0.23608201517361105,0.0
2025-12-08 02:00:00,2025-12-07 02:00:00,0.2616444836663439,0.0
2025-12-08 03:00:00,2025-12-07 03:00:00,0.2616444836663439,0.0
2025-12-08 04:00:00,2025-12-07 04:00:00,0.2616444836663439,0.0
2025-12-08 05:00:00,2025-12-07 05:00:00,0.28191824548100985,0.0
2025-12-08 06:00:00,2025-12-07 06:00:00,0.2616444836663439,0.0
2025-12-08 07:00:00,2025-12-07 07:00:00,0.28191824548100985,0.0
2025-12-08 08:00:00,2025-12-07 08:00:00,0.8116751840036164,1.0
2025-12-08 09:00:00,2025-12-07 09:00:00,30.80358019403419,44.0
2025-12-08 10:00:00,2025-12-07 10:00:00,105.56882133558209,112.0
2025-12-08 11:00:00,2025-12-07 11:00:00,184.31355765937403,171.0
2025-12-08 12:00:00,2025-12-07 12:00:00,235.4664766151449,209.0
2025-12-08 13:00:00,2025-12-07 13:00:00,220.81172850008767,222.0
2025-12-08 14:00:00,2025-12-07 14:00:00,230.25335096622263,206.0
2025-12-08 15:00:00,2025-12-07 15:00:00,230.0376212803163,159.0
2025-12-08 16:00:00,2025-12-07 16:00:00,158.26662442377528,100.0
2025-12-08 17:00:00,2025-12-07 17:00:00,80.2673874998395,48.0
2025-12-08 18:00:00,2025-12-07 18:00:00,8.816178722141116,7.0
2025-12-08 19:00:00,2025-12-07 19:00:00,0.2616444836663439,0.0
2025-12-08 20:00:00,2025-12-07 20:00:00,0.2616444836663439,0.0
2025-12-08 21:00:00,2025-12-07 21:00:00,0.2616444836663439,0.0
2025-12-08 22:00:00,2025-12-07 22:00:00,0.2616444836663439,0.0
2025-12-08 23:00:00,2025-12-07 23:00:00,0.2616444836663439,0.0
2025-12-09 00:00:00,2025-12-08 00:00:00,0.2616444836663439,0.0
2025-12-09 01:00:00,2025-12-08 01:00:00,0.28191824548100985,0.0
2025-12-09 02:00:00,2025-12-08 02:00:00,0.2616444836663439,0.0
2025-12-09 03:00:00,2025-12-08 03:00:00,0.28191824548100985,0.0
2025-12-09 04:00:00,2025-12-08 04:00:00,0.28191824548100985,0.0
2025-12-09 05:00:00,2025-12-08 05:00:00,0.28191824548100985,0.0
2025-12-09 06:00:00,2025-12-08 06:00:00,0.28191824548100985,0.0
2025-12-09 07:00:00,2025-12-08 07:00:00,0.28191824548100985,0.0
2025-12-09 08:00:00,2025-12-08 08:00:00,1.5427126582463773,0.0
2025-12-09 09:00:00,2025-12-08 09:00:00,43.22730306583974,31.0
2025-12-09 10:00:00,2025-12-08 10:00:00,130.31878199139854,108.0
2025-12-09 11:00:00,2025-12-08 11:00:00,209.39106701856403,197.0
2025-12-09 12:00:00,2025-12-08 12:00:00,338.18251216566995,261.0
2025-12-09 13:00:00,2025-12-08 13:00:00,340.9146571660267,291.0
2025-12-09 14:00:00,2025-12-08 14:00:00,340.26198077831805,288.0
2025-12-09 15:00:00,2025-12-08 15:00:00,419.7343224590014,254.0
2025-12-09 16:00:00,2025-12-08 16:00:00,265.54045959384314,190.0
2025-12-09 17:00:00,2025-12-08 17:00:00,106.39999840538557,106.0
2025-12-09 18:00:00,2025-12-08 18:00:00,13.503600439242689,17.0
2025-12-09 19:00:00,2025-12-08 19:00:00,0.28191824548100985,0.0
2025-12-09 20:00:00,2025-12-08 20:00:00,0.28191824548100985,0.0
2025-12-09 21:00:00,2025-12-08 21:00:00,0.28191824548100985,0.0
2025-12-09 22:00:00,2025-12-08 22:00:00,0.28191824548100985,0.0
2025-12-09 23:00:00,2025-12-08 23:00:00,0.23608201517361105,0.0
2025-12-10 00:00:00,2025-12-09 00:00:00,0.23608201517361105,0.0
2025-12-10 01:00:00,2025-12-09 01:00:00,0.17551971801622,0.0
2025-12-10 02:00:00,2025-12-09 02:00:00,0.28191824548100985,0.0
2025-12-10 03:00:00,2025-12-09 03:00:00,0.28191824548100985,0.0
2025-12-10 04:00:00,2025-12-09 04:00:00,0.28191824548100985,0.0
2025-12-10 05:00:00,2025-12-09 05:00:00,0.28191824548100985,0.0
2025-12-10 06:00:00,2025-12-09 06:00:00,0.2616444836663439,0.0
2025-12-10 07:00:00,2025-12-09 07:00:00,0.2616444836663439,0.0
2025-12-10 08:00:00,2025-12-09 08:00:00,1.1216984923922784,1.0
2025-12-10 09:00:00,2025-12-09 09:00:00,50.37766802650191,63.0
2025-12-10 10:00:00,2025-12-09 10:00:00,151.68349707157233,173.0
2025-12-10 11:00:00,2025-12-09 11:00:00,212.5939159109156,271.0
2025-12-10 12:00:00,2025-12-09 12:00:00,266.48554196383725,314.0
2025-12-10 13:00:00,2025-12-09 13:00:00,322.38786062092856,303.0
2025-12-10 14:00:00,2025-12-09 14:00:00,301.0609911231363,268.0
2025-12-10 15:00:00,2025-12-09 15:00:00,264.4559460667098,223.0
2025-12-10 16:00:00,2025-12-09 16:00:00,189.63926989103285,163.0
2025-12-10 17:00:00,2025-12-09 17:00:00,82.8700248507946,90.0
2025-12-10 18:00:00,2025-12-09 18:00:00,12.680291786442293,14.0
2025-12-10 19:00:00,2025-12-09 19:00:00,0.23109292163940506,0.0
2025-12-10 20:00:00,2025-12-09 20:00:00,0.20108218650895282,0.0
2025-12-10 21:00:00,2025-12-09 21:00:00,0.20108218650895282,0.0
2025-12-10 22:00:00,2025-12-09 22:00:00,0.20108218650895282,0.0
2025-12-10 23:00:00,2025-12-09 23:00:00,0.2616444836663439,0.0
2025-12-11 00:00:00,2025-12-10 00:00:00,0.2616444836663439,0.0
2025-12-11 01:00:00,2025-12-10 01:00:00,0.2616444836663439,0.0
2025-12-11 02:00:00,2025-12-10 02:00:00,0.2616444836663439,0.0
2025-12-11 03:00:00,2025-12-10 03:00:00,0.2616444836663439,0.0
2025-12-11 04:00:00,2025-12-10 04:00:00,0.2616444836663439,0.0
2025-12-11 05:00:00,2025-12-10 05:00:00,0.2616444836663439,0.0
2025-12-11 06:00:00,2025-12-10 06:00:00,0.2616444836663439,0.0
2025-12-11 07:00:00,2025-12-10 07:00:00,0.28191824548100985,0.0
2025-12-11 08:00:00,2025-12-10 08:00:00,0.3209869910026968,1.0
2025-12-11 09:00:00,2025-12-10 09:00:00,38.02624454519654,51.0
2025-12-11 10:00:00,2025-12-10 10:00:00,142.33233266270307,126.0
2025-12-11 11:00:00,2025-12-10 11:00:00,225.3571007642006,201.0
2025-12-11 12:00:00,2025-12-10 12:00:00,241.9817048812456,298.0
2025-12-11 13:00:00,2025-12-10 13:00:00,315.2738246566274,396.0
2025-12-11 14:00:00,2025-12-10 14:00:00,444.58464097105923,431.0
2025-12-11 15:00:00,2025-12-10 15:00:00,374.34882861475387,369.0
2025-12-11 16:00:00,2025-12-10 16:00:00,214.5228414516365,255.0
2025-12-11 17:00:00,2025-12-10 17:00:00,131.20469411955935,133.0
2025-12-11 18:00:00,2025-12-10 18:00:00,13.348938474426388,21.0
2025-12-11 19:00:00,2025-12-10 19:00:00,0.23608201517361105,0.0
2025-12-11 20:00:00,2025-12-10 20:00:00,0.23608201517361105,0.0
2025-12-11 21:00:00,2025-12-10 21:00:00,0.17551971801622,0.0
2025-12-11 22:00:00,2025-12-10 22:00:00,0.17551971801622,0.0
2025-12-11 23:00:00,2025-12-10 23:00:00,0.2213559483236188,0.0
2025-12-12 00:00:00,2025-12-11 00:00:00,0.2213559483236188,0.0
2025-12-12 01:00:00,2025-12-11 01:00:00,0.2213559483236188,0.0
2025-12-12 02:00:00,2025-12-11 02:00:00,0.2213559483236188,0.0
2025-12-12 03:00:00,2025-12-11 03:00:00,0.20108218650895282,0.0
2025-12-12 04:00:00,2025-12-11 04:00:00,0.2213559483236188,0.0
2025-12-12 05:00:00,2025-12-11 05:00:00,0.2213559483236188,0.0
2025-12-12 06:00:00,2025-12-11 06:00:00,0.2213559483236188,0.0
2025-12-12 07:00:00,2025-12-11 07:00:00,0.2213559483236188,0.0
2025-12-12 08:00:00,2025-12-11 08:00:00,0.40559255488235174,1.0
2025-12-12 09:00:00,2025-12-11 09:00:00,64.41167781483782,76.0
2025-12-12 10:00:00,2025-12-11 10:00:00,194.4475440011516,224.0
2025-12-12 11:00:00,2025-12-11 11:00:00,371.2796968346323,370.0
2025-12-12 12:00:00,2025-12-11 12:00:00,469.95214164284715,469.0
2025-12-12 13:00:00,2025-12-11 13:00:00,505.6867263382105,510.0
2025-12-12 14:00:00,2025-12-11 14:00:00,486.30649993556324,492.0
2025-12-12 15:00:00,2025-12-11 15:00:00,421.7892434391057,416.0
2025-12-12 16:00:00,2025-12-11 16:00:00,281.98101232300013,297.0
2025-12-12 17:00:00,2025-12-11 17:00:00,130.42730701242039,160.0
2025-12-12 18:00:00,2025-12-11 18:00:00,14.97125094499321,26.0
2025-12-12 19:00:00,2025-12-11 19:00:00,0.17551971801622,0.0
2025-12-12 20:00:00,2025-12-11 20:00:00,0.17551971801622,0.0
2025-12-12 21:00:00,2025-12-11 21:00:00,0.17551971801622,0.0
2025-12-12 22:00:00,2025-12-11 22:00:00,0.17551971801622,0.0
2025-12-12 23:00:00,2025-12-11 23:00:00,0.17551971801622,0.0
2025-12-13 00:00:00,2025-12-12 00:00:00,0.17551971801622,0.0
2025-12-13 01:00:00,2025-12-12 01:00:00,0.17551971801622,0.0
2025-12-13 02:00:00,2025-12-12 02:00:00,0.17551971801622,0.0
2025-12-13 03:00:00,2025-12-12 03:00:00,0.17551971801622,0.0
2025-12-13 04:00:00,2025-12-12 04:00:00,0.17551971801622,0.0
2025-12-13 05:00:00,2025-12-12 05:00:00,0.17551971801622,0.0
2025-12-13 06:00:00,2025-12-12 06:00:00,0.17551971801622,0.0
2025-12-13 07:00:00,2025-12-12 07:00:00,0.23608201517361105,0.0
2025-12-13 08:00:00,2025-12-12 08:00:00,0.13122701948026097,1.0
2025-12-13 09:00:00,2025-12-12 09:00:00,67.70059326245958,73.0
2025-12-13 10:00:00,2025-12-12 10:00:00,164.70640431650978,218.0
2025-12-13 11:00:00,2025-12-12 11:00:00,333.7712572565492,359.0
2025-12-13 12:00:00,2025-12-12 12:00:00,460.95076217115934,442.0
2025-12-13 13:00:00,2025-12-12 13:00:00,474.3738206936331,460.0
2025-12-13 14:00:00,2025-12-12 14:00:00,456.3879386861784,430.0
2025-12-13 15:00:00,2025-12-12 15:00:00,394.40522749816444,362.0
2025-12-13 16:00:00,2025-12-12 16:00:00,266.10842072187427,261.0
2025-12-13 17:00:00,2025-12-12 17:00:00,135.87712534466613,142.0
2025-12-13 18:00:00,2025-12-12 18:00:00,14.367398590808671,23.0
2025-12-13 19:00:00,2025-12-12 19:00:00,0.23608201517361105,0.0
2025-12-13 20:00:00,2025-12-12 20:00:00,0.20553045314667223,0.0
2025-12-13 21:00:00,2025-12-12 21:00:00,0.23608201517361105,0.0
2025-12-13 22:00:00,2025-12-12 22:00:00,0.23608201517361105,0.0
2025-12-13 23:00:00,2025-12-12 23:00:00,0.20553045314667223,0.0
2025-12-14 00:00:00,2025-12-13 00:00:00,0.20553045314667223,0.0
2025-12-14 01:00:00,2025-12-13 01:00:00,0.17551971801622,0.0
2025-12-14 02:00:00,2025-12-13 02:00:00,0.17551971801622,0.0
2025-12-14 03:00:00,2025-12-13 03:00:00,0.17551971801622,0.0
2025-12-14 04:00:00,2025-12-13 04:00:00,0.17551971801622,0.0
2025-12-14 05:00:00,2025-12-13 05:00:00,0.17551971801622,0.0
2025-12-14 06:00:00,2025-12-13 06:00:00,0.17551971801622,0.0
2025-12-14 07:00:00,2025-12-13 07:00:00,0.17551971801622,0.0
2025-12-14 08:00:00,2025-12-13 08:00:00,0.17551971801622,1.0
2025-12-14 09:00:00,2025-12-13 09:00:00,71.68744585390814,76.0
2025-12-14 10:00:00,2025-12-13 10:00:00,210.01212591533772,223.0
2025-12-14 11:00:00,2025-12-13 11:00:00,358.1996306873776,366.0
2025-12-14 12:00:00,2025-12-13 12:00:00,466.17736699262747,461.0
2025-12-14 13:00:00,2025-12-13 13:00:00,492.1983661336417,497.0
2025-12-14 14:00:00,2025-12-13 14:00:00,484.36608890139274,472.0
2025-12-14 15:00:00,2025-12-13 15:00:00,409.50773236716554,386.0
2025-12-14 16:00:00,2025-12-13 16:00:00,280.43870685045516,263.0
2025-12-14 17:00:00,2025-12-13 17:00:00,141.62021143985953,137.0
2025-12-14 18:00:00,2025-12-13 18:00:00,16.323452073281246,22.0
2025-12-14 19:00:00,2025-12-13 19:00:00,0.20553045314667223,0.0
2025-12-14 20:00:00,2025-12-13 20:00:00,0.20553045314667223,0.0
2025-12-14 21:00:00,2025-12-13 21:00:00,0.17551971801622,0.0
2025-12-14 22:00:00,2025-12-13 22:00:00,0.17551971801622,0.0
2025-12-14 23:00:00,2025-12-13 23:00:00,0.17551971801622,0.0
2025-12-15 00:00:00,2025-12-14 00:00:00,0.17551971801622,0.0
2025-12-15 01:00:00,2025-12-14 01:00:00,0.17551971801622,0.0
2025-12-15 02:00:00,2025-12-14 02:00:00,0.17551971801622,0.0
2025-12-15 03:00:00,2025-12-14 03:00:00,0.23608201517361105,0.0
2025-12-15 04:00:00,2025-12-14 04:00:00,0.23608201517361105,0.0
2025-12-15 05:00:00,2025-12-14 05:00:00,0.23608201517361105,0.0
2025-12-15 06:00:00,2025-12-14 06:00:00,0.23608201517361105,0.0
2025-12-15 07:00:00,2025-12-14 07:00:00,0.23608201517361105,0.0
2025-12-15 08:00:00,2025-12-14 08:00:00,0.23608201517361105,0.0
2025-12-15 09:00:00,2025-12-14 09:00:00,55.19059050200934,67.0
2025-12-15 10:00:00,2025-12-14 10:00:00,191.1793592038623,196.0
2025-12-15 11:00:00,2025-12-14 11:00:00,318.7194640798595,319.0
2025-12-15 12:00:00,2025-12-14 12:00:00,433.49574850149986,407.0
2025-12-15 13:00:00,2025-12-14 13:00:00,444.13741655403476,445.0
2025-12-15 14:00:00,2025-12-14 14:00:00,410.01379660785005,425.0
2025-12-15 15:00:00,2025-12-14 15:00:00,326.0809581847349,339.0
2025-12-15 16:00:00,2025-12-14 16:00:00,221.71991612101846,221.0
2025-12-15 17:00:00,2025-12-14 17:00:00,98.07359195956323,110.0
2025-12-15 18:00:00,2025-12-14 18:00:00,11.185354507087325,18.0
2025-12-15 19:00:00,2025-12-14 19:00:00,0.23608201517361105,0.0
2025-12-15 20:00:00,2025-12-14 20:00:00,0.23608201517361105,0.0
2025-12-15 21:00:00,2025-12-14 21:00:00,0.17551971801622,0.0
2025-12-15 22:00:00,2025-12-14 22:00:00,0.17551971801622,0.0
2025-12-15 23:00:00,2025-12-14 23:00:00,0.17551971801622,0.0
2025-12-16 00:00:00,2025-12-15 00:00:00,0.20108218650895282,0.0
2025-12-16 01:00:00,2025-12-15 01:00:00,0.17551971801622,0.0
2025-12-16 02:00:00,2025-12-15 02:00:00,0.17551971801622,0.0
2025-12-16 03:00:00,2025-12-15 03:00:00,0.17551971801622,0.0
2025-12-16 04:00:00,2025-12-15 04:00:00,0.17551971801622,0.0
2025-12-16 05:00:00,2025-12-15 05:00:00,0.20108218650895282,0.0
2025-12-16 06:00:00,2025-12-15 06:00:00,0.20108218650895282,0.0
2025-12-16 07:00:00,2025-12-15 07:00:00,0.20108218650895282,0.0
2025-12-16 08:00:00,2025-12-15 08:00:00,0.17551971801622,0.0
2025-12-16 09:00:00,2025-12-15 09:00:00,69.45293273075784,78.0
2025-12-16 10:00:00,2025-12-15 10:00:00,206.86856082297075,230.0
2025-12-16 11:00:00,2025-12-15 11:00:00,360.61913066792084,376.0
2025-12-16 12:00:00,2025-12-15 12:00:00,449.92794757425696,476.0
2025-12-16 13:00:00,2025-12-15 13:00:00,485.9717535008311,516.0
2025-12-16 14:00:00,2025-12-15 14:00:00,476.88508146975863,494.0
2025-12-16 15:00:00,2025-12-15 15:00:00,384.225218237397,408.0
2025-12-16 16:00:00,2025-12-15 16:00:00,262.9427223330429,281.0
2025-12-16 17:00:00,2025-12-15 17:00:00,135.42274729869126,148.0
2025-12-16 18:00:00,2025-12-15 18:00:00,15.76075743550457,25.0
2025-12-16 19:00:00,2025-12-15 19:00:00,0.17551971801622,0.0
2025-12-16 20:00:00,2025-12-15 20:00:00,0.17551971801622,0.0
2025-12-16 21:00:00,2025-12-15 21:00:00,0.23608201517361105,0.0
2025-12-16 22:00:00,2025-12-15 22:00:00,0.0,0.0
2025-12-16 23:00:00,2025-12-15 23:00:00,0.21115927256744188,0.0
2025-12-17 00:00:00,2025-12-16 00:00:00,0.21115927256744188,0.0
2025-12-17 01:00:00,2025-12-16 01:00:00,0.21115927256744188,0.0
2025-12-17 02:00:00,2025-12-16 02:00:00,0.2531297255746232,0.0
2025-12-17 03:00:00,2025-12-16 03:00:00,0.2531297255746232,0.0
2025-12-17 04:00:00,2025-12-16 04:00:00,0.17551971801622,0.0
2025-12-17 05:00:00,2025-12-16 05:00:00,0.17551971801622,0.0
2025-12-17 06:00:00,2025-12-16 06:00:00,0.17551971801622,0.0
2025-12-17 07:00:00,2025-12-16 07:00:00,0.17551971801622,0.0
2025-12-17 08:00:00,2025-12-16 08:00:00,0.17551971801622,0.0
2025-12-17 09:00:00,2025-12-16 09:00:00,70.12368429304418,78.0
2025-12-17 10:00:00,2025-12-16 10:00:00,214.80297115127598,232.0
2025-12-17 11:00:00,2025-12-16 11:00:00,355.1383750737527,381.0
2025-12-17 12:00:00,2025-12-16 12:00:00,470.61053874278383,485.0
2025-12-17 13:00:00,2025-12-16 13:00:00,509.4925411531828,532.0
2025-12-17 14:00:00,2025-12-16 14:00:00,498.7096542486072,516.0
2025-12-17 15:00:00,2025-12-16 15:00:00,424.17477060979456,434.0
2025-12-17 16:00:00,2025-12-16 16:00:00,291.16268269852424,307.0
2025-12-17 17:00:00,2025-12-16 17:00:00,138.62654238987506,166.0
2025-12-17 18:00:00,2025-12-16 18:00:00,16.204157364073463,29.0
2025-12-17 19:00:00,2025-12-16 19:00:00,0.17551971801622,0.0
2025-12-17 20:00:00,2025-12-16 20:00:00,0.17551971801622,0.0
2025-12-17 21:00:00,2025-12-16 21:00:00,0.17551971801622,0.0
2025-12-17 22:00:00,2025-12-16 22:00:00,0.17551971801622,0.0
2025-12-17 23:00:00,2025-12-16 23:00:00,0.17551971801622,0.0
2025-12-18 00:00:00,2025-12-17 00:00:00,0.2531297255746232,0.0
2025-12-18 01:00:00,2025-12-17 01:00:00,0.2531297255746232,0.0
2025-12-18 02:00:00,2025-12-17 02:00:00,0.17551971801622,0.0
2025-12-18 03:00:00,2025-12-17 03:00:00,0.2531297255746232,0.0
2025-12-18 04:00:00,2025-12-17 04:00:00,0.2531297255746232,0.0
2025-12-18 05:00:00,2025-12-17 05:00:00,0.2531297255746232,0.0
2025-12-18 06:00:00,2025-12-17 06:00:00,0.2531297255746232,0.0
2025-12-18 07:00:00,2025-12-17 07:00:00,0.21115927256744188,0.0
2025-12-18 08:00:00,2025-12-17 08:00:00,0.2531297255746232,0.0
2025-12-18 09:00:00,2025-12-17 09:00:00,68.19819071747064,76.0
2025-12-18 10:00:00,2025-12-17 10:00:00,212.0581284639071,224.0
2025-12-18 11:00:00,2025-12-17 11:00:00,322.82712049302893,363.0
2025-12-18 12:00:00,2025-12-17 12:00:00,452.0835272982761,461.0
2025-12-18 13:00:00,2025-12-17 13:00:00,472.87074836690397,506.0
2025-12-18 14:00:00,2025-12-17 14:00:00,461.1330086424952,488.0
2025-12-18 15:00:00,2025-12-17 15:00:00,376.52352059573536,402.0
2025-12-18 16:00:00,2025-12-17 16:00:00,284.17819567762007,275.0
2025-12-18 17:00:00,2025-12-17 17:00:00,140.87800720879372,145.0
2025-12-18 18:00:00,2025-12-17 18:00:00,15.28455421230221,25.0
2025-12-18 19:00:00,2025-12-17 19:00:00,0.0,0.0
2025-12-18 20:00:00,2025-12-17 20:00:00,0.0,0.0
2025-12-18 21:00:00,2025-12-17 21:00:00,0.2531297255746232,0.0
2025-12-18 22:00:00,2025-12-17 22:00:00,0.2531297255746232,0.0
2025-12-18 23:00:00,2025-12-17 23:00:00,0.17551971801622,0.0
2025-12-19 00:00:00,2025-12-18 00:00:00,0.20553045314667223,0.0
2025-12-19 01:00:00,2025-12-18 01:00:00,0.23608201517361105,0.0
2025-12-19 02:00:00,2025-12-18 02:00:00,0.23608201517361105,0.0
2025-12-19 03:00:00,2025-12-18 03:00:00,0.23608201517361105,0.0
2025-12-19 04:00:00,2025-12-18 04:00:00,0.23608201517361105,0.0
2025-12-19 05:00:00,2025-12-18 05:00:00,0.20553045314667223,0.0
2025-12-19 06:00:00,2025-12-18 06:00:00,0.17551971801622,0.0
2025-12-19 07:00:00,2025-12-18 07:00:00,0.17551971801622,0.0
2025-12-19 08:00:00,2025-12-18 08:00:00,0.23608201517361105,0.0
2025-12-19 09:00:00,2025-12-18 09:00:00,61.80117191939029,63.0
2025-12-19 10:00:00,2025-12-18 10:00:00,206.14202879981877,199.0
2025-12-19 11:00:00,2025-12-18 11:00:00,313.91861024840466,332.0
2025-12-19 12:00:00,2025-12-18 12:00:00,420.253185808265,415.0
2025-12-19 13:00:00,2025-12-18 13:00:00,479.2262065763162,439.0
2025-12-19 14:00:00,2025-12-18 14:00:00,465.364100236774,417.0
2025-12-19 15:00:00,2025-12-18 15:00:00,390.88488230440214,355.0
2025-12-19 16:00:00,2025-12-18 16:00:00,279.16542584150994,259.0
2025-12-19 17:00:00,2025-12-18 17:00:00,133.81665129667257,144.0
2025-12-19 18:00:00,2025-12-18 18:00:00,16.016925121178236,26.0
2025-12-19 19:00:00,2025-12-18 19:00:00,0.17551971801622,0.0
2025-12-19 20:00:00,2025-12-18 20:00:00,0.17551971801622,0.0
2025-12-19 21:00:00,2025-12-18 21:00:00,0.23608201517361105,0.0
2025-12-19 22:00:00,2025-12-18 22:00:00,0.20553045314667223,0.0
2025-12-19 23:00:00,2025-12-18 23:00:00,0.23608201517361105,0.0
2025-12-20 00:00:00,2025-12-19 00:00:00,0.23608201517361105,0.0
2025-12-20 01:00:00,2025-12-19 01:00:00,0.23608201517361105,0.0
2025-12-20 02:00:00,2025-12-19 02:00:00,0.23608201517361105,0.0
2025-12-20 03:00:00,2025-12-19 03:00:00,0.23608201517361105,0.0
2025-12-20 04:00:00,2025-12-19 04:00:00,0.23608201517361105,0.0
2025-12-20 05:00:00,2025-12-19 05:00:00,0.23608201517361105,0.0
2025-12-20 06:00:00,2025-12-19 06:00:00,0.23608201517361105,0.0
2025-12-20 07:00:00,2025-12-19 07:00:00,0.23608201517361105,0.0
2025-12-20 08:00:00,2025-12-19 08:00:00,0.23608201517361105,0.0
2025-12-20 09:00:00,2025-12-19 09:00:00,55.36382494825845,52.0
2025-12-20 10:00:00,2025-12-19 10:00:00,187.29289715166553,176.0
2025-12-20 11:00:00,2025-12-19 11:00:00,288.37056334827577,303.0
2025-12-20 12:00:00,2025-12-19 12:00:00,401.3812322066371,380.0
2025-12-20 13:00:00,2025-12-19 13:00:00,482.28549310158735,398.0
2025-12-20 14:00:00,2025-12-19 14:00:00,412.0875269652558,371.0
2025-12-20 15:00:00,2025-12-19 15:00:00,299.7342340000628,306.0
2025-12-20 16:00:00,2025-12-19 16:00:00,235.0096538478753,214.0
2025-12-20 17:00:00,2025-12-19 17:00:00,111.48674295909994,115.0
2025-12-20 18:00:00,2025-12-19 18:00:00,12.277254307067793,21.0
2025-12-20 19:00:00,2025-12-19 19:00:00,0.23608201517361105,0.0
2025-12-20 20:00:00,2025-12-19 20:00:00,0.23608201517361105,0.0
2025-12-20 21:00:00,2025-12-19 21:00:00,0.23608201517361105,0.0
2025-12-20 22:00:00,2025-12-19 22:00:00,0.23608201517361105,0.0
2025-12-20 23:00:00,2025-12-19 23:00:00,0.23608201517361105,0.0
2025-12-21 00:00:00,2025-12-20 00:00:00,0.23608201517361105,0.0
2025-12-21 01:00:00,2025-12-20 01:00:00,0.23608201517361105,0.0
2025-12-21 02:00:00,2025-12-20 02:00:00,0.23608201517361105,0.0
2025-12-21 03:00:00,2025-12-20 03:00:00,0.2616444836663439,0.0
2025-12-21 04:00:00,2025-12-20 04:00:00,0.2616444836663439,0.0
2025-12-21 05:00:00,2025-12-20 05:00:00,0.2616444836663439,0.0
2025-12-21 06:00:00,2025-12-20 06:00:00,0.28191824548100985,0.0
2025-12-21 07:00:00,2025-12-20 07:00:00,0.2616444836663439,0.0
2025-12-21 08:00:00,2025-12-20 08:00:00,0.2616444836663439,0.0
2025-12-21 09:00:00,2025-12-20 09:00:00,33.35358806157073,45.0
2025-12-21 10:00:00,2025-12-20 10:00:00,110.80041963351675,145.0
2025-12-21 11:00:00,2025-12-20 11:00:00,217.83244082453453,226.0
2025-12-21 12:00:00,2025-12-20 12:00:00,249.95539938151634,217.0
2025-12-21 13:00:00,2025-12-20 13:00:00,109.2015529491979,135.0
2025-12-21 14:00:00,2025-12-20 14:00:00,167.94112872976288,84.0
2025-12-21 15:00:00,2025-12-20 15:00:00,215.4393735997541,121.0
2025-12-21 16:00:00,2025-12-20 16:00:00,208.3278695664697,162.0
2025-12-21 17:00:00,2025-12-20 17:00:00,97.81095646739988,123.0
2025-12-21 18:00:00,2025-12-20 18:00:00,13.265434995021755,24.0
2025-12-21 19:00:00,2025-12-20 19:00:00,0.28191824548100985,0.0
2025-12-21 20:00:00,2025-12-20 20:00:00,0.2213559483236188,0.0
2025-12-21 21:00:00,2025-12-20 21:00:00,0.2213559483236188,0.0
2025-12-21 22:00:00,2025-12-20 22:00:00,0.2213559483236188,0.0
2025-12-21 23:00:00,2025-12-20 23:00:00,0.25136668345407104,0.0
2025-12-22 00:00:00,2025-12-21 00:00:00,0.2213559483236188,0.0
2025-12-22 01:00:00,2025-12-21 01:00:00,0.2616444836663439,0.0
2025-12-22 02:00:00,2025-12-21 02:00:00,0.2616444836663439,0.0
2025-12-22 03:00:00,2025-12-21 03:00:00,0.2616444836663439,0.0
2025-12-22 04:00:00,2025-12-21 04:00:00,0.2616444836663439,0.0
2025-12-22 05:00:00,2025-12-21 05:00:00,0.2616444836663439,0.0
2025-12-22 06:00:00,2025-12-21 06:00:00,0.2616444836663439,0.0
2025-12-22 07:00:00,2025-12-21 07:00:00,0.2213559483236188,0.0
2025-12-22 08:00:00,2025-12-21 08:00:00,0.23109292163940506,0.0
2025-12-22 09:00:00,2025-12-21 09:00:00,51.188160917844044,59.0
2025-12-22 10:00:00,2025-12-21 10:00:00,191.23891254039054,167.0
2025-12-22 11:00:00,2025-12-21 11:00:00,335.0896530483444,260.0
2025-12-22 12:00:00,2025-12-21 12:00:00,419.3275786160233,328.0
2025-12-22 13:00:00,2025-12-21 13:00:00,414.88445025772495,363.0
2025-12-22 14:00:00,2025-12-21 14:00:00,411.1692937022637,359.0
2025-12-22 15:00:00,2025-12-21 15:00:00,304.29947986013974,314.0
2025-12-22 16:00:00,2025-12-21 16:00:00,207.44983013851424,236.0
2025-12-22 17:00:00,2025-12-21 17:00:00,113.99178023069936,135.0
2025-12-22 18:00:00,2025-12-21 18:00:00,15.504184738002465,26.0
2025-12-22 19:00:00,2025-12-21 19:00:00,0.23608201517361105,0.0
2025-12-22 20:00:00,2025-12-21 20:00:00,0.23608201517361105,0.0
2025-12-22 21:00:00,2025-12-21 21:00:00,0.20553045314667223,0.0
2025-12-22 22:00:00,2025-12-21 22:00:00,0.23608201517361105,0.0
2025-12-22 23:00:00,2025-12-21 23:00:00,0.23608201517361105,0.0
2025-12-23 00:00:00,2025-12-22 00:00:00,0.23608201517361105,0.0
2025-12-23 01:00:00,2025-12-22 01:00:00,0.23608201517361105,0.0
2025-12-23 02:00:00,2025-12-22 02:00:00,0.23608201517361105,0.0
2025-12-23 03:00:00,2025-12-22 03:00:00,0.23608201517361105,0.0
2025-12-23 04:00:00,2025-12-22 04:00:00,0.23608201517361105,0.0
2025-12-23 05:00:00,2025-12-22 05:00:00,0.23608201517361105,0.0
2025-12-23 06:00:00,2025-12-22 06:00:00,0.23608201517361105,0.0
2025-12-23 07:00:00,2025-12-22 07:00:00,0.2616444836663439,0.0
2025-12-23 08:00:00,2025-12-22 08:00:00,0.2616444836663439,0.0
2025-12-23 09:00:00,2025-12-22 09:00:00,43.305313001707276,54.0
2025-12-23 10:00:00,2025-12-22 10:00:00,145.43552149140794,160.0
2025-12-23 11:00:00,2025-12-22 11:00:00,216.14274319947864,256.0
2025-12-23 12:00:00,2025-12-22 12:00:00,278.3612273543591,327.0
2025-12-23 13:00:00,2025-12-22 13:00:00,351.12293990387803,366.0
2025-12-23 14:00:00,2025-12-22 14:00:00,353.0564211003039,367.0
2025-12-23 15:00:00,2025-12-22 15:00:00,307.29952392684106,329.0
2025-12-23 16:00:00,2025-12-22 16:00:00,227.00382583372746,254.0
2025-12-23 17:00:00,2025-12-22 17:00:00,129.71045062789358,148.0
2025-12-23 18:00:00,2025-12-22 18:00:00,16.651748736109997,29.0
2025-12-23 19:00:00,2025-12-22 19:00:00,0.31121925601319583,0.0
2025-12-23 20:00:00,2025-12-22 20:00:00,0.3162083495474018,0.0
2025-12-23 21:00:00,2025-12-22 21:00:00,0.17551971801622,0.0
2025-12-23 22:00:00,2025-12-22 22:00:00,0.17551971801622,0.0
2025-12-23 23:00:00,2025-12-22 23:00:00,0.2556460523900107,0.0
2025-12-24 00:00:00,2025-12-23 00:00:00,0.03896271093976843,0.0
2025-12-24 01:00:00,2025-12-23 01:00:00,0.03896271093976843,0.0
2025-12-24 02:00:00,2025-12-23 02:00:00,0.20108218650895282,0.0
2025-12-24 03:00:00,2025-12-23 03:00:00,0.17551971801622,0.0
2025-12-24 04:00:00,2025-12-23 04:00:00,0.17551971801622,0.0
2025-12-24 05:00:00,2025-12-23 05:00:00,0.17551971801622,0.0
2025-12-24 06:00:00,2025-12-23 06:00:00,0.20108218650895282,0.0
2025-12-24 07:00:00,2025-12-23 07:00:00,0.17551971801622,0.0
2025-12-24 08:00:00,2025-12-23 08:00:00,0.17551971801622,0.0
2025-12-24 09:00:00,2025-12-23 09:00:00,58.448734375720946,63.0
2025-12-24 10:00:00,2025-12-23 10:00:00,204.51401096284175,207.0
2025-12-24 11:00:00,2025-12-23 11:00:00,344.6385947157019,346.0
2025-12-24 12:00:00,2025-12-23 12:00:00,440.3749460233442,433.0
2025-12-24 13:00:00,2025-12-23 13:00:00,474.04760417298826,457.0
2025-12-24 14:00:00,2025-12-23 14:00:00,437.93176056952314,432.0
2025-12-24 15:00:00,2025-12-23 15:00:00,362.4515670272008,365.0
2025-12-24 16:00:00,2025-12-23 16:00:00,267.43294424373227,265.0
2025-12-24 17:00:00,2025-12-23 17:00:00,140.4550846289191,148.0
2025-12-24 18:00:00,2025-12-23 18:00:00,18.18874839820453,29.0
2025-12-24 19:00:00,2025-12-23 19:00:00,0.23608201517361105,0.0
2025-12-24 20:00:00,2025-12-23 20:00:00,0.23608201517361105,0.0
2025-12-24 21:00:00,2025-12-23 21:00:00,0.23608201517361105,0.0
2025-12-24 22:00:00,2025-12-23 22:00:00,0.23608201517361105,0.0
2025-12-24 23:00:00,2025-12-23 23:00:00,0.23608201517361105,0.0
2025-12-25 00:00:00,2025-12-24 00:00:00,0.23608201517361105,0.0
2025-12-25 01:00:00,2025-12-24 01:00:00,0.23608201517361105,0.0
2025-12-25 02:00:00,2025-12-24 02:00:00,0.23608201517361105,0.0
2025-12-25 03:00:00,2025-12-24 03:00:00,0.2616444836663439,0.0
2025-12-25 04:00:00,2025-12-24 04:00:00,0.23608201517361105,0.0
2025-12-25 05:00:00,2025-12-24 05:00:00,0.23608201517361105,0.0
2025-12-25 06:00:00,2025-12-24 06:00:00,0.17551971801622,0.0
2025-12-25 07:00:00,2025-12-24 07:00:00,0.17551971801622,0.0
2025-12-25 08:00:00,2025-12-24 08:00:00,0.17551971801622,0.0
2025-12-25 09:00:00,2025-12-24 09:00:00,55.84770272866408,53.0
2025-12-25 10:00:00,2025-12-24 10:00:00,204.51401096284175,181.0
2025-12-25 11:00:00,2025-12-24 11:00:00,332.63044161376155,309.0
2025-12-25 12:00:00,2025-12-24 12:00:00,443.20166484726946,395.0
2025-12-25 13:00:00,2025-12-24 13:00:00,490.5117787832082,428.0
2025-12-25 14:00:00,2025-12-24 14:00:00,459.82454133233165,417.0
2025-12-25 15:00:00,2025-12-24 15:00:00,342.03333245899853,364.0
2025-12-25 16:00:00,2025-12-24 16:00:00,240.47599766058917,273.0
2025-12-25 17:00:00,2025-12-24 17:00:00,137.81037885141407,158.0
2025-12-25 18:00:00,2025-12-24 18:00:00,19.291865179613076,32.0
2025-12-25 19:00:00,2025-12-24 19:00:00,0.2616444836663439,0.0
2025-12-25 20:00:00,2025-12-24 20:00:00,0.2616444836663439,0.0
2025-12-25 21:00:00,2025-12-24 21:00:00,0.2213559483236188,0.0
2025-12-25 22:00:00,2025-12-24 22:00:00,0.2213559483236188,0.0
2025-12-25 23:00:00,2025-12-24 23:00:00,0.2616444836663439,0.0
2025-12-26 00:00:00,2025-12-25 00:00:00,0.20108218650895282,0.0
2025-12-26 01:00:00,2025-12-25 01:00:00,0.2616444836663439,0.0
2025-12-26 02:00:00,2025-12-25 02:00:00,0.28191824548100985,0.0
2025-12-26 03:00:00,2025-12-25 03:00:00,0.20108218650895282,0.0
2025-12-26 04:00:00,2025-12-25 04:00:00,0.17551971801622,0.0
2025-12-26 05:00:00,2025-12-25 05:00:00,0.17551971801622,0.0
2025-12-26 06:00:00,2025-12-25 06:00:00,0.17551971801622,0.0
2025-12-26 07:00:00,2025-12-25 07:00:00,0.17551971801622,0.0
2025-12-26 08:00:00,2025-12-25 08:00:00,0.17551971801622,0.0
2025-12-26 09:00:00,2025-12-25 09:00:00,54.13133063207014,54.0
2025-12-26 10:00:00,2025-12-25 10:00:00,195.3591303451129,177.0
2025-12-26 11:00:00,2025-12-25 11:00:00,322.20817527881536,296.0
2025-12-26 12:00:00,2025-12-25 12:00:00,439.8394269840887,378.0
2025-12-26 13:00:00,2025-12-25 13:00:00,466.7069596770822,414.0
2025-12-26 14:00:00,2025-12-25 14:00:00,457.1184838504992,407.0
2025-12-26 15:00:00,2025-12-25 15:00:00,389.216679017165,358.0
2025-12-26 16:00:00,2025-12-25 16:00:00,278.22781298495283,271.0
2025-12-26 17:00:00,2025-12-25 17:00:00,140.59048990420027,158.0
2025-12-26 18:00:00,2025-12-25 18:00:00,19.251395665842203,33.0
2025-12-26 19:00:00,2025-12-25 19:00:00,0.20553045314667223,0.0
2025-12-26 20:00:00,2025-12-25 20:00:00,0.20553045314667223,0.0
2025-12-26 21:00:00,2025-12-25 21:00:00,0.23608201517361105,0.0
2025-12-26 22:00:00,2025-12-25 22:00:00,0.23608201517361105,0.0
2025-12-26 23:00:00,2025-12-25 23:00:00,0.23608201517361105,0.0
2025-12-27 00:00:00,2025-12-26 00:00:00,0.23608201517361105,0.0
2025-12-27 01:00:00,2025-12-26 01:00:00,0.23608201517361105,0.0
2025-12-27 02:00:00,2025-12-26 02:00:00,0.23608201517361105,0.0
2025-12-27 03:00:00,2025-12-26 03:00:00,0.23608201517361105,0.0
2025-12-27 04:00:00,2025-12-26 04:00:00,0.23608201517361105,0.0
2025-12-27 05:00:00,2025-12-26 05:00:00,0.23608201517361105,0.0
2025-12-27 06:00:00,2025-12-26 06:00:00,0.23608201517361105,0.0
2025-12-27 07:00:00,2025-12-26 07:00:00,0.23608201517361105,0.0
2025-12-27 08:00:00,2025-12-26 08:00:00,0.23608201517361105,0.0
2025-12-27 09:00:00,2025-12-26 09:00:00,36.32578541383922,56.0
2025-12-27 10:00:00,2025-12-26 10:00:00,152.6358859103252,195.0
2025-12-27 11:00:00,2025-12-26 11:00:00,263.69560607767545,336.0
2025-12-27 12:00:00,2025-12-26 12:00:00,350.8511295872638,437.0
2025-12-27 13:00:00,2025-12-26 13:00:00,452.48533979766535,484.0
2025-12-27 14:00:00,2025-12-26 14:00:00,437.8192505656081,472.0
2025-12-27 15:00:00,2025-12-26 15:00:00,359.73612518117966,399.0
2025-12-27 16:00:00,2025-12-26 16:00:00,269.91155522229866,284.0
2025-12-27 17:00:00,2025-12-26 17:00:00,132.66969531681855,158.0
2025-12-27 18:00:00,2025-12-26 18:00:00,17.865166026702415,33.0
2025-12-27 19:00:00,2025-12-26 19:00:00,0.17551971801622,0.0
2025-12-27 20:00:00,2025-12-26 20:00:00,0.17551971801622,0.0
2025-12-27 21:00:00,2025-12-26 21:00:00,0.23608201517361105,0.0
2025-12-27 22:00:00,2025-12-26 22:00:00,0.23608201517361105,0.0
2025-12-27 23:00:00,2025-12-26 23:00:00,0.23608201517361105,0.0
2025-12-28 00:00:00,2025-12-27 00:00:00,0.23608201517361105,0.0
2025-12-28 01:00:00,2025-12-27 01:00:00,0.23608201517361105,0.0
2025-12-28 02:00:00,2025-12-27 02:00:00,0.17551971801622,0.0
2025-12-28 03:00:00,2025-12-27 03:00:00,0.23608201517361105,0.0
2025-12-28 04:00:00,2025-12-27 04:00:00,0.17551971801622,0.0
2025-12-28 05:00:00,2025-12-27 05:00:00,0.20108218650895282,0.0
2025-12-28 06:00:00,2025-12-27 06:00:00,0.17551971801622,0.0
2025-12-28 07:00:00,2025-12-27 07:00:00,0.17551971801622,0.0
2025-12-28 08:00:00,2025-12-27 08:00:00,0.17551971801622,0.0
2025-12-28 09:00:00,2025-12-27 09:00:00,58.56802908492873,64.0
2025-12-28 10:00:00,2025-12-27 10:00:00,193.8566203929882,213.0
2025-12-28 11:00:00,2025-12-27 11:00:00,352.04618676801306,358.0
2025-12-28 12:00:00,2025-12-27 12:00:00,453.72753358230426,463.0
2025-12-28 13:00:00,2025-12-27 13:00:00,504.1420348600211,515.0
2025-12-28 14:00:00,2025-12-27 14:00:00,495.2203913926136,495.0
2025-12-28 15:00:00,2025-12-27 15:00:00,428.96485596273175,395.0
2025-12-28 16:00:00,2025-12-27 16:00:00,320.43933245716096,257.0
2025-12-28 17:00:00,2025-12-27 17:00:00,150.4950083805872,131.0
2025-12-28 18:00:00,2025-12-27 18:00:00,21.360994751042018,28.0
2025-12-28 19:00:00,2025-12-27 19:00:00,0.23608201517361105,0.0
2025-12-28 20:00:00,2025-12-27 20:00:00,0.23608201517361105,0.0
2025-12-28 21:00:00,2025-12-27 21:00:00,0.23608201517361105,0.0
2025-12-28 22:00:00,2025-12-27 22:00:00,0.23608201517361105,0.0
2025-12-28 23:00:00,2025-12-27 23:00:00,0.31369202273201424,0.0
2025-12-29 00:00:00,2025-12-28 00:00:00,0.31369202273201424,0.0
2025-12-29 01:00:00,2025-12-28 01:00:00,0.23608201517361105,0.0
2025-12-29 02:00:00,2025-12-28 02:00:00,0.23608201517361105,0.0
2025-12-29 03:00:00,2025-12-28 03:00:00,0.23608201517361105,0.0
2025-12-29 04:00:00,2025-12-28 04:00:00,0.23608201517361105,0.0
2025-12-29 05:00:00,2025-12-28 05:00:00,0.23608201517361105,0.0
2025-12-29 06:00:00,2025-12-28 06:00:00,0.23608201517361105,0.0
2025-12-29 07:00:00,2025-12-28 07:00:00,0.23608201517361105,0.0
2025-12-29 08:00:00,2025-12-28 08:00:00,0.23608201517361105,0.0
2025-12-29 09:00:00,2025-12-28 09:00:00,56.76707439002886,59.0
2025-12-29 10:00:00,2025-12-28 10:00:00,202.9406575198129,206.0
2025-12-29 11:00:00,2025-12-28 11:00:00,325.1522940509541,355.0
2025-12-29 12:00:00,2025-12-28 12:00:00,406.27620025610736,466.0
2025-12-29 13:00:00,2025-12-28 13:00:00,459.6499998552684,524.0
2025-12-29 14:00:00,2025-12-28 14:00:00,412.93569526172774,519.0
2025-12-29 15:00:00,2025-12-28 15:00:00,405.84234254997864,445.0
2025-12-29 16:00:00,2025-12-28 16:00:00,277.4672077863321,323.0
2025-12-29 17:00:00,2025-12-28 17:00:00,151.84574060039623,183.0
2025-12-29 18:00:00,2025-12-28 18:00:00,25.566047505570523,40.0
2025-12-29 19:00:00,2025-12-28 19:00:00,0.2213559483236188,0.0
2025-12-29 20:00:00,2025-12-28 20:00:00,0.20108218650895282,0.0
2025-12-29 21:00:00,2025-12-28 21:00:00,0.278692194067356,0.0
2025-12-29 22:00:00,2025-12-28 22:00:00,0.2213559483236188,0.0
2025-12-29 23:00:00,2025-12-28 23:00:00,0.20108218650895282,0.0
2025-12-30 00:00:00,2025-12-29 00:00:00,0.278692194067356,0.0
2025-12-30 01:00:00,2025-12-29 01:00:00,0.278692194067356,0.0
2025-12-30 02:00:00,2025-12-29 02:00:00,0.278692194067356,0.0
2025-12-30 03:00:00,2025-12-29 03:00:00,0.278692194067356,0.0
2025-12-30 04:00:00,2025-12-29 04:00:00,0.2213559483236188,0.0
2025-12-30 05:00:00,2025-12-29 05:00:00,0.17551971801622,0.0
2025-12-30 06:00:00,2025-12-29 06:00:00,0.17551971801622,0.0
2025-12-30 07:00:00,2025-12-29 07:00:00,0.17551971801622,0.0
2025-12-30 08:00:00,2025-12-29 08:00:00,0.17551971801622,0.0
2025-12-30 09:00:00,2025-12-29 09:00:00,52.08318217176284,60.0
2025-12-30 10:00:00,2025-12-29 10:00:00,205.14891693832698,196.0
2025-12-30 11:00:00,2025-12-29 11:00:00,294.45381361660594,322.0
2025-12-30 12:00:00,2025-12-29 12:00:00,429.3586128807209,399.0
2025-12-30 13:00:00,2025-12-29 13:00:00,426.9385102742484,420.0
2025-12-30 14:00:00,2025-12-29 14:00:00,428.40449086957824,393.0
2025-12-30 15:00:00,2025-12-29 15:00:00,377.01145868120585,321.0
2025-12-30 16:00:00,2025-12-29 16:00:00,224.42229333288927,223.0
2025-12-30 17:00:00,2025-12-29 17:00:00,118.69816090496371,122.0
2025-12-30 18:00:00,2025-12-29 18:00:00,22.374636202899897,27.0
2025-12-30 19:00:00,2025-12-29 19:00:00,0.31369202273201424,0.0
2025-12-30 20:00:00,2025-12-29 20:00:00,0.31369202273201424,0.0
2025-12-30 21:00:00,2025-12-29 21:00:00,0.31369202273201424,0.0
2025-12-30 22:00:00,2025-12-29 22:00:00,0.23608201517361105,0.0
2025-12-30 23:00:00,2025-12-29 23:00:00,0.23608201517361105,0.0
2025-12-31 00:00:00,2025-12-30 00:00:00,0.23608201517361105,0.0
2025-12-31 01:00:00,2025-12-30 01:00:00,0.23608201517361105,0.0
2025-12-31 02:00:00,2025-12-30 02:00:00,0.23608201517361105,0.0
2025-12-31 03:00:00,2025-12-30 03:00:00,0.23608201517361105,0.0
2025-12-31 04:00:00,2025-12-30 04:00:00,0.23608201517361105,0.0
2025-12-31 05:00:00,2025-12-30 05:00:00,0.23608201517361105,0.0
2025-12-31 06:00:00,2025-12-30 06:00:00,0.23608201517361105,0.0
2025-12-31 07:00:00,2025-12-30 07:00:00,0.23608201517361105,0.0
2025-12-31 08:00:00,2025-12-30 08:00:00,0.23608201517361105,0.0
2025-12-31 09:00:00,2025-12-30 09:00:00,36.621889941036,41.0
2025-12-31 10:00:00,2025-12-30 10:00:00,115.45776952267693,142.0
2025-12-31 11:00:00,2025-12-30 11:00:00,142.27560592544805,235.0
2025-12-31 12:00:00,2025-12-30 12:00:00,164.55517542495673,275.0
2025-12-31 13:00:00,2025-12-30 13:00:00,272.3368955015532,262.0
2025-12-31 14:00:00,2025-12-30 14:00:00,315.205254875606,237.0
2025-12-31 15:00:00,2025-12-30 15:00:00,337.3586564985272,221.0
2025-12-31 16:00:00,2025-12-30 16:00:00,217.6866785177012,191.0
2025-12-31 17:00:00,2025-12-30 17:00:00,106.66876376524962,123.0
2025-12-31 18:00:00,2025-12-30 18:00:00,20.040598799767945,29.0
2025-12-31 19:00:00,2025-12-30 19:00:00,0.28191824548100985,0.0
2025-12-31 20:00:00,2025-12-30 20:00:00,0.28191824548100985,0.0
2025-12-31 21:00:00,2025-12-30 21:00:00,0.28191824548100985,0.0
2025-12-31 22:00:00,2025-12-30 22:00:00,0.28191824548100985,0.0
2025-12-31 23:00:00,2025-12-30 23:00:00,0.28191824548100985,0.0
2026-01-01 00:00:00,2025-12-31 00:00:00,0.28191824548100985,0.0
2026-01-01 01:00:00,2025-12-31 01:00:00,0.28191824548100985,0.0
2026-01-01 02:00:00,2025-12-31 02:00:00,0.28191824548100985,0.0
2026-01-01 03:00:00,2025-12-31 03:00:00,0.28191824548100985,0.0
2026-01-01 04:00:00,2025-12-31 04:00:00,0.2213559483236188,0.0
2026-01-01 05:00:00,2025-12-31 05:00:00,0.2616444836663439,0.0
2026-01-01 06:00:00,2025-12-31 06:00:00,0.2616444836663439,0.0
2026-01-01 07:00:00,2025-12-31 07:00:00,0.2616444836663439,0.0
2026-01-01 08:00:00,2025-12-31 08:00:00,0.2616444836663439,0.0
2026-01-01 09:00:00,2025-12-31 09:00:00,41.91206926824558,54.0
2026-01-01 10:00:00,2025-12-31 10:00:00,164.49545784594181,181.0
2026-01-01 11:00:00,2025-12-31 11:00:00,308.3105053300778,306.0
2026-01-01 12:00:00,2025-12-31 12:00:00,413.29470458392524,396.0
2026-01-01 13:00:00,2025-12-31 13:00:00,514.0448047790399,442.0
2026-01-01 14:00:00,2025-12-31 14:00:00,502.91352411557625,441.0
2026-01-01 15:00:00,2025-12-31 15:00:00,432.0607602277337,394.0
2026-01-01 16:00:00,2025-12-31 16:00:00,324.2973616233868,304.0
2026-01-01 17:00:00,2025-12-31 17:00:00,146.69558650544786,183.0
2026-01-01 18:00:00,2025-12-31 18:00:00,25.9894789519297,44.0
2026-01-01 19:00:00,2025-12-31 19:00:00,0.2616444836663439,0.0
2026-01-01 20:00:00,2025-12-31 20:00:00,0.2616444836663439,0.0
2026-01-01 21:00:00,2025-12-31 21:00:00,0.23608201517361105,0.0
2026-01-01 22:00:00,2025-12-31 22:00:00,0.23608201517361105,0.0
2026-01-01 23:00:00,2025-12-31 23:00:00,0.23608201517361105,0.0
2026-01-02 00:00:00,2026-01-01 00:00:00,0.28310834970219506,0.0
2026-01-02 01:00:00,2026-01-01 01:00:00,0.25255678767525624,0.0
2026-01-02 02:00:00,2026-01-01 02:00:00,0.25255678767525624,0.0
2026-01-02 03:00:00,2026-01-01 03:00:00,0.28310834970219506,0.0
2026-01-02 04:00:00,2026-01-01 04:00:00,0.222546052544804,0.0
2026-01-02 05:00:00,2026-01-01 05:00:00,0.222546052544804,0.0
2026-01-02 06:00:00,2026-01-01 06:00:00,0.222546052544804,0.0
2026-01-02 07:00:00,2026-01-01 07:00:00,0.222546052544804,0.0
2026-01-02 08:00:00,2026-01-01 08:00:00,0.222546052544804,0.0
2026-01-02 09:00:00,2026-01-01 09:00:00,52.58525642480779,59.0
2026-01-02 10:00:00,2026-01-01 10:00:00,187.31950270060443,209.0
2026-01-02 11:00:00,2026-01-01 11:00:00,358.7633512443296,361.0
2026-01-02 12:00:00,2026-01-01 12:00:00,446.8487865338922,474.0
2026-01-02 13:00:00,2026-01-01 13:00:00,501.3873915881312,533.0
2026-01-02 14:00:00,2026-01-01 14:00:00,493.6656176969907,528.0
2026-01-02 15:00:00,2026-01-01 15:00:00,398.48369238283885,454.0
2026-01-02 16:00:00,2026-01-01 16:00:00,302.2664241126363,331.0
2026-01-02 17:00:00,2026-01-01 17:00:00,151.82208872410055,191.0
2026-01-02 18:00:00,2026-01-01 18:00:00,28.77321525393789,46.0
2026-01-02 19:00:00,2026-01-01 19:00:00,0.222546052544804,0.0
2026-01-02 20:00:00,2026-01-01 20:00:00,0.222546052544804,0.0
2026-01-02 21:00:00,2026-01-01 21:00:00,0.222546052544804,0.0
2026-01-02 22:00:00,2026-01-01 22:00:00,0.28310834970219506,0.0
2026-01-02 23:00:00,2026-01-01 23:00:00,0.28310834970219506,0.0
2026-01-03 00:00:00,2026-01-02 00:00:00,0.28310834970219506,0.0
2026-01-03 01:00:00,2026-01-02 01:00:00,0.28310834970219506,0.0
2026-01-03 02:00:00,2026-01-02 02:00:00,0.28310834970219506,0.0
2026-01-03 03:00:00,2026-01-02 03:00:00,0.28310834970219506,0.0
2026-01-03 04:00:00,2026-01-02 04:00:00,0.28310834970219506,0.0
2026-01-03 05:00:00,2026-01-02 05:00:00,0.28310834970219506,0.0
2026-01-03 06:00:00,2026-01-02 06:00:00,0.28310834970219506,0.0
2026-01-03 07:00:00,2026-01-02 07:00:00,0.28310834970219506,0.0
2026-01-03 08:00:00,2026-01-02 08:00:00,0.28310834970219506,0.0
2026-01-03 09:00:00,2026-01-02 09:00:00,51.29688680607738,49.0
2026-01-03 10:00:00,2026-01-02 10:00:00,189.623406401891,175.0
2026-01-03 11:00:00,2026-01-02 11:00:00,337.06039256253615,299.0
2026-01-03 12:00:00,2026-01-02 12:00:00,415.9194145299511,370.0
2026-01-03 13:00:00,2026-01-02 13:00:00,458.41943277095794,385.0
2026-01-03 14:00:00,2026-01-02 14:00:00,460.0237521405949,364.0
2026-01-03 15:00:00,2026-01-02 15:00:00,396.96605299522304,320.0
2026-01-03 16:00:00,2026-01-02 16:00:00,263.6854217069768,249.0
2026-01-03 17:00:00,2026-01-02 17:00:00,170.3642120415451,152.0
2026-01-03 18:00:00,2026-01-02 18:00:00,30.214550778435324,38.0
2026-01-03 19:00:00,2026-01-02 19:00:00,0.222546052544804,0.0
2026-01-03 20:00:00,2026-01-02 20:00:00,0.28310834970219506,0.0
2026-01-03 21:00:00,2026-01-02 21:00:00,0.222546052544804,0.0
2026-01-03 22:00:00,2026-01-02 22:00:00,0.222546052544804,0.0
2026-01-03 23:00:00,2026-01-02 23:00:00,0.28310834970219506,0.0
2026-01-04 00:00:00,2026-01-03 00:00:00,0.28310834970219506,0.0
2026-01-04 01:00:00,2026-01-03 01:00:00,0.28310834970219506,0.0
2026-01-04 02:00:00,2026-01-03 02:00:00,0.28310834970219506,0.0
2026-01-04 03:00:00,2026-01-03 03:00:00,0.28310834970219506,0.0
2026-01-04 04:00:00,2026-01-03 04:00:00,0.28310834970219506,0.0
2026-01-04 05:00:00,2026-01-03 05:00:00,0.28310834970219506,0.0
2026-01-04 06:00:00,2026-01-03 06:00:00,0.28310834970219506,0.0
2026-01-04 07:00:00,2026-01-03 07:00:00,0.28310834970219506,0.0
2026-01-04 08:00:00,2026-01-03 08:00:00,0.28310834970219506,0.0
2026-01-04 09:00:00,2026-01-03 09:00:00,51.91486358587016,47.0
2026-01-04 10:00:00,2026-01-03 10:00:00,192.92068440635097,174.0
2026-01-04 11:00:00,2026-01-03 11:00:00,351.0402933233388,312.0
2026-01-04 12:00:00,2026-01-03 12:00:00,435.0861996399272,427.0
2026-01-04 13:00:00,2026-01-03 13:00:00,482.1546821677834,500.0
2026-01-04 14:00:00,2026-01-03 14:00:00,440.3239989673567,505.0
2026-01-04 15:00:00,2026-01-03 15:00:00,379.15216933522254,427.0
2026-01-04 16:00:00,2026-01-03 16:00:00,270.5608812297656,299.0
2026-01-04 17:00:00,2026-01-03 17:00:00,165.40071171919257,167.0
2026-01-04 18:00:00,2026-01-03 18:00:00,30.041575904775232,42.0
2026-01-04 19:00:00,2026-01-03 19:00:00,0.28310834970219506,0.0
2026-01-04 20:00:00,2026-01-03 20:00:00,0.28310834970219506,0.0
2026-01-04 21:00:00,2026-01-03 21:00:00,0.303382111516861,0.0
2026-01-04 22:00:00,2026-01-03 22:00:00,0.28310834970219506,0.0
2026-01-04 23:00:00,2026-01-03 23:00:00,0.28310834970219506,0.0
2026-01-05 00:00:00,2026-01-04 00:00:00,0.28310834970219506,0.0
2026-01-05 01:00:00,2026-01-04 01:00:00,0.28310834970219506,0.0
2026-01-05 02:00:00,2026-01-04 02:00:00,0.222546052544804,0.0
2026-01-05 03:00:00,2026-01-04 03:00:00,0.222546052544804,0.0
2026-01-05 04:00:00,2026-01-04 04:00:00,0.28310834970219506,0.0
2026-01-05 05:00:00,2026-01-04 05:00:00,0.222546052544804,0.0
2026-01-05 06:00:00,2026-01-04 06:00:00,0.222546052544804,0.0
2026-01-05 07:00:00,2026-01-04 07:00:00,0.222546052544804,0.0
2026-01-05 08:00:00,2026-01-04 08:00:00,0.222546052544804,0.0
2026-01-05 09:00:00,2026-01-04 09:00:00,56.259746694675364,61.0
2026-01-05 10:00:00,2026-01-04 10:00:00,203.71059538152693,214.0
2026-01-05 11:00:00,2026-01-04 11:00:00,346.23111765616017,366.0
2026-01-05 12:00:00,2026-01-04 12:00:00,475.8790465070279,477.0
2026-01-05 13:00:00,2026-01-04 13:00:00,521.504591967799,534.0
2026-01-05 14:00:00,2026-01-04 14:00:00,513.2885523081438,527.0
2026-01-05 15:00:00,2026-01-04 15:00:00,430.0725246501638,452.0
2026-01-05 16:00:00,2026-01-04 16:00:00,312.9253774415827,330.0
2026-01-05 17:00:00,2026-01-04 17:00:00,170.35005559144037,192.0
2026-01-05 18:00:00,2026-01-04 18:00:00,33.538921582284274,50.0
2026-01-05 19:00:00,2026-01-04 19:00:00,0.28310834970219506,0.0
2026-01-05 20:00:00,2026-01-04 20:00:00,0.222546052544804,0.0
2026-01-05 21:00:00,2026-01-04 21:00:00,0.28310834970219506,0.0
2026-01-05 22:00:00,2026-01-04 22:00:00,0.222546052544804,0.0
2026-01-05 23:00:00,2026-01-04 23:00:00,0.28310834970219506,0.0
2026-01-06 00:00:00,2026-01-05 00:00:00,0.28310834970219506,0.0
2026-01-06 01:00:00,2026-01-05 01:00:00,0.28310834970219506,0.0
2026-01-06 02:00:00,2026-01-05 02:00:00,0.303382111516861,0.0
2026-01-06 03:00:00,2026-01-05 03:00:00,0.28310834970219506,0.0
2026-01-06 04:00:00,2026-01-05 04:00:00,0.36071835726059825,0.0
2026-01-06 05:00:00,2026-01-05 05:00:00,0.36071835726059825,0.0
2026-01-06 06:00:00,2026-01-05 06:00:00,0.28310834970219506,0.0
2026-01-06 07:00:00,2026-01-05 07:00:00,0.28310834970219506,0.0
2026-01-06 08:00:00,2026-01-05 08:00:00,0.28310834970219506,0.0
2026-01-06 09:00:00,2026-01-05 09:00:00,52.30175330808997,61.0
2026-01-06 10:00:00,2026-01-05 10:00:00,192.0583912590337,211.0
2026-01-06 11:00:00,2026-01-05 11:00:00,335.6195896722699,359.0
2026-01-06 12:00:00,2026-01-05 12:00:00,466.9252939389676,467.0
2026-01-06 13:00:00,2026-01-05 13:00:00,506.934847030474,523.0
2026-01-06 14:00:00,2026-01-05 14:00:00,465.97302644498546,516.0
2026-01-06 15:00:00,2026-01-05 15:00:00,436.7432681733067,444.0
2026-01-06 16:00:00,2026-01-05 16:00:00,308.05388586563265,326.0
2026-01-06 17:00:00,2026-01-05 17:00:00,154.73660842154732,191.0
2026-01-06 18:00:00,2026-01-05 18:00:00,30.9877900805273,51.0
2026-01-06 19:00:00,2026-01-05 19:00:00,0.36071835726059825,0.0
2026-01-06 20:00:00,2026-01-05 20:00:00,0.303382111516861,0.0
2026-01-06 21:00:00,2026-01-05 21:00:00,0.303382111516861,0.0
2026-01-06 22:00:00,2026-01-05 22:00:00,0.303382111516861,0.0
2026-01-06 23:00:00,2026-01-05 23:00:00,0.3809921190752642,0.0
2026-01-07 00:00:00,2026-01-06 00:00:00,0.157187858237476,0.0
2026-01-07 01:00:00,2026-01-06 01:00:00,0.2581856070960259,0.0
2026-01-07 02:00:00,2026-01-06 02:00:00,0.13138783678076804,0.0
2026-01-07 03:00:00,2026-01-06 03:00:00,0.19195013393815907,0.0
2026-01-07 04:00:00,2026-01-06 04:00:00,0.19195013393815907,0.0
2026-01-07 05:00:00,2026-01-06 05:00:00,0.19195013393815907,0.0
2026-01-07 06:00:00,2026-01-06 06:00:00,0.19195013393815907,0.0
2026-01-07 07:00:00,2026-01-06 07:00:00,0.21775015539486706,0.0
2026-01-07 08:00:00,2026-01-06 08:00:00,0.21775015539486706,0.0
2026-01-07 09:00:00,2026-01-06 09:00:00,52.79328620958879,59.0
2026-01-07 10:00:00,2026-01-06 10:00:00,201.18283426651226,207.0
2026-01-07 11:00:00,2026-01-06 11:00:00,332.9359076000604,357.0
2026-01-07 12:00:00,2026-01-06 12:00:00,418.73566450581455,465.0
2026-01-07 13:00:00,2026-01-06 13:00:00,466.60957098155507,519.0
2026-01-07 14:00:00,2026-01-06 14:00:00,471.4788890529996,510.0
2026-01-07 15:00:00,2026-01-06 15:00:00,424.31332110045435,434.0
2026-01-07 16:00:00,2026-01-06 16:00:00,266.3433683342661,312.0
2026-01-07 17:00:00,2026-01-06 17:00:00,119.12678315376746,181.0
2026-01-07 18:00:00,2026-01-06 18:00:00,26.83002601874115,49.0
2026-01-07 19:00:00,2026-01-06 19:00:00,0.222546052544804,0.0
2026-01-07 20:00:00,2026-01-06 20:00:00,0.28310834970219506,0.0
2026-01-07 21:00:00,2026-01-06 21:00:00,0.222546052544804,0.0
2026-01-07 22:00:00,2026-01-06 22:00:00,0.28310834970219506,0.0
2026-01-07 23:00:00,2026-01-06 23:00:00,0.28310834970219506,0.0
2026-01-08 00:00:00,2026-01-07 00:00:00,0.25255678767525624,0.0
2026-01-08 01:00:00,2026-01-07 01:00:00,0.222546052544804,0.0
2026-01-08 02:00:00,2026-01-07 02:00:00,0.222546052544804,0.0
2026-01-08 03:00:00,2026-01-07 03:00:00,0.28310834970219506,0.0
2026-01-08 04:00:00,2026-01-07 04:00:00,0.28310834970219506,0.0
2026-01-08 05:00:00,2026-01-07 05:00:00,0.222546052544804,0.0
2026-01-08 06:00:00,2026-01-07 06:00:00,0.222546052544804,0.0
2026-01-08 07:00:00,2026-01-07 07:00:00,0.222546052544804,0.0
2026-01-08 08:00:00,2026-01-07 08:00:00,0.28310834970219506,0.0
2026-01-08 09:00:00,2026-01-07 09:00:00,51.676699262194596,53.0
2026-01-08 10:00:00,2026-01-07 10:00:00,188.57457770151075,180.0
2026-01-08 11:00:00,2026-01-07 11:00:00,311.14151491619515,300.0
2026-01-08 12:00:00,2026-01-07 12:00:00,387.9917846094457,381.0
2026-01-08 13:00:00,2026-01-07 13:00:00,379.3100056255435,413.0
2026-01-08 14:00:00,2026-01-07 14:00:00,229.88168049620467,389.0
2026-01-08 15:00:00,2026-01-07 15:00:00,240.18223392893591,305.0
2026-01-08 16:00:00,2026-01-07 16:00:00,154.82752176781318,194.0
2026-01-08 17:00:00,2026-01-07 17:00:00,109.35023517594998,100.0
2026-01-08 18:00:00,2026-01-07 18:00:00,23.5462530841818,27.0
2026-01-08 19:00:00,2026-01-07 19:00:00,0.28310834970219506,0.0
2026-01-08 20:00:00,2026-01-07 20:00:00,0.28310834970219506,0.0
2026-01-08 21:00:00,2026-01-07 21:00:00,0.28310834970219506,0.0
2026-01-08 22:00:00,2026-01-07 22:00:00,0.28310834970219506,0.0
2026-01-08 23:00:00,2026-01-07 23:00:00,0.36071835726059825,0.0
2026-01-09 00:00:00,2026-01-08 00:00:00,0.21775015539486706,0.0
2026-01-09 01:00:00,2026-01-08 01:00:00,0.21775015539486706,0.0
2026-01-09 02:00:00,2026-01-08 02:00:00,0.21775015539486706,0.0
2026-01-09 03:00:00,2026-01-08 03:00:00,0.11381440735100322,0.0
2026-01-09 04:00:00,2026-01-08 04:00:00,0.1436000864596067,0.0
2026-01-09 05:00:00,2026-01-08 05:00:00,0.20622482553644889,0.0
2026-01-09 06:00:00,2026-01-08 06:00:00,0.20622482553644889,0.0
2026-01-09 07:00:00,2026-01-08 07:00:00,0.1436000864596067,0.0
2026-01-09 08:00:00,2026-01-08 08:00:00,0.20622482553644889,0.0
2026-01-09 09:00:00,2026-01-08 09:00:00,36.97318915526509,39.0
2026-01-09 10:00:00,2026-01-08 10:00:00,103.41743977069306,127.0
2026-01-09 11:00:00,2026-01-08 11:00:00,176.09100551508612,219.0
2026-01-09 12:00:00,2026-01-08 12:00:00,302.86615541293594,312.0
2026-01-09 13:00:00,2026-01-08 13:00:00,410.8632464528657,391.0
2026-01-09 14:00:00,2026-01-08 14:00:00,489.1625365781203,421.0
2026-01-09 15:00:00,2026-01-08 15:00:00,340.4669804501846,380.0
2026-01-09 16:00:00,2026-01-08 16:00:00,302.74643993661255,289.0
2026-01-09 17:00:00,2026-01-08 17:00:00,169.966328370318,176.0
2026-01-09 18:00:00,2026-01-08 18:00:00,34.123058866347044,51.0
2026-01-09 19:00:00,2026-01-08 19:00:00,0.27260549346807345,0.0
2026-01-09 20:00:00,2026-01-08 20:00:00,0.27260549346807345,0.0
2026-01-09 21:00:00,2026-01-08 21:00:00,0.33523023254491563,0.0
2026-01-09 22:00:00,2026-01-08 22:00:00,0.27260549346807345,0.0
2026-01-09 23:00:00,2026-01-08 23:00:00,0.303382111516861,0.0
2026-01-10 00:00:00,2026-01-09 00:00:00,0.303382111516861,0.0
2026-01-10 01:00:00,2026-01-09 01:00:00,0.303382111516861,0.0
2026-01-10 02:00:00,2026-01-09 02:00:00,0.28310834970219506,0.0
2026-01-10 03:00:00,2026-01-09 03:00:00,0.28310834970219506,0.0
2026-01-10 04:00:00,2026-01-09 04:00:00,0.28310834970219506,0.0
2026-01-10 05:00:00,2026-01-09 05:00:00,0.222546052544804,0.0
2026-01-10 06:00:00,2026-01-09 06:00:00,0.28310834970219506,0.0
2026-01-10 07:00:00,2026-01-09 07:00:00,0.28310834970219506,0.0
2026-01-10 08:00:00,2026-01-09 08:00:00,0.28310834970219506,0.0
2026-01-10 09:00:00,2026-01-09 09:00:00,37.37928268049275,36.0
2026-01-10 10:00:00,2026-01-09 10:00:00,161.64725248755187,146.0
2026-01-10 11:00:00,2026-01-09 11:00:00,248.7591989122547,269.0
2026-01-10 12:00:00,2026-01-09 12:00:00,291.1109870040207,357.0
2026-01-10 13:00:00,2026-01-09 13:00:00,268.85411739293033,397.0
2026-01-10 14:00:00,2026-01-09 14:00:00,406.55518826244764,395.0
2026-01-10 15:00:00,2026-01-09 15:00:00,271.41330619531175,356.0
2026-01-10 16:00:00,2026-01-09 16:00:00,225.51542060708158,279.0
2026-01-10 17:00:00,2026-01-09 17:00:00,137.23578096710156,175.0
2026-01-10 18:00:00,2026-01-09 18:00:00,36.900685091342105,52.0
2026-01-10 19:00:00,2026-01-09 19:00:00,0.36071835726059825,0.0
2026-01-10 20:00:00,2026-01-09 20:00:00,0.36071835726059825,0.0
2026-01-10 21:00:00,2026-01-09 21:00:00,0.28310834970219506,0.0
2026-01-10 22:00:00,2026-01-09 22:00:00,0.28310834970219506,0.0
2026-01-10 23:00:00,2026-01-09 23:00:00,0.28310834970219506,0.0
2026-01-11 00:00:00,2026-01-10 00:00:00,0.28310834970219506,0.0
2026-01-11 01:00:00,2026-01-10 01:00:00,0.28310834970219506,0.0
2026-01-11 02:00:00,2026-01-10 02:00:00,0.28310834970219506,0.0
2026-01-11 03:00:00,2026-01-10 03:00:00,0.28310834970219506,0.0
2026-01-11 04:00:00,2026-01-10 04:00:00,0.303382111516861,0.0
2026-01-11 05:00:00,2026-01-10 05:00:00,0.303382111516861,0.0
2026-01-11 06:00:00,2026-01-10 06:00:00,0.28310834970219506,0.0
2026-01-11 07:00:00,2026-01-10 07:00:00,0.28310834970219506,0.0
2026-01-11 08:00:00,2026-01-10 08:00:00,0.28310834970219506,0.0
2026-01-11 09:00:00,2026-01-10 09:00:00,40.184126347427004,52.0
2026-01-11 10:00:00,2026-01-10 10:00:00,141.85053324650454,181.0
2026-01-11 11:00:00,2026-01-10 11:00:00,251.98655500489954,312.0
2026-01-11 12:00:00,2026-01-10 12:00:00,343.38757314844173,412.0
2026-01-11 13:00:00,2026-01-10 13:00:00,417.1318912779799,468.0
2026-01-11 14:00:00,2026-01-10 14:00:00,445.9828080230868,468.0
2026-01-11 15:00:00,2026-01-10 15:00:00,411.03289449950256,405.0
2026-01-11 16:00:00,2026-01-10 16:00:00,265.2518237089871,299.0
2026-01-11 17:00:00,2026-01-10 17:00:00,148.09683767224334,179.0
2026-01-11 18:00:00,2026-01-10 18:00:00,36.86803182220113,54.0
2026-01-11 19:00:00,2026-01-10 19:00:00,0.3755187678876407,0.0
2026-01-11 20:00:00,2026-01-10 20:00:00,0.28310834970219506,0.0
2026-01-11 21:00:00,2026-01-10 21:00:00,0.28310834970219506,0.0
2026-01-11 22:00:00,2026-01-10 22:00:00,0.28310834970219506,0.0
2026-01-11 23:00:00,2026-01-10 23:00:00,0.28310834970219506,0.0
2026-01-12 00:00:00,2026-01-11 00:00:00,0.28310834970219506,0.0
2026-01-12 01:00:00,2026-01-11 01:00:00,0.28310834970219506,0.0
2026-01-12 02:00:00,2026-01-11 02:00:00,0.28310834970219506,0.0
2026-01-12 03:00:00,2026-01-11 03:00:00,0.28310834970219506,0.0
2026-01-12 04:00:00,2026-01-11 04:00:00,0.28310834970219506,0.0
2026-01-12 05:00:00,2026-01-11 05:00:00,0.28310834970219506,0.0
2026-01-12 06:00:00,2026-01-11 06:00:00,0.28310834970219506,0.0
2026-01-12 07:00:00,2026-01-11 07:00:00,0.28310834970219506,0.0
2026-01-12 08:00:00,2026-01-11 08:00:00,0.28310834970219506,0.0
2026-01-12 09:00:00,2026-01-11 09:00:00,20.702843863169687,35.0
2026-01-12 10:00:00,2026-01-11 10:00:00,92.2217131100281,135.0
2026-01-12 11:00:00,2026-01-11 11:00:00,124.72838227776244,244.0
2026-01-12 12:00:00,2026-01-11 12:00:00,202.24875048137991,320.0
2026-01-12 13:00:00,2026-01-11 13:00:00,216.01010980314246,353.0
2026-01-12 14:00:00,2026-01-11 14:00:00,221.88682663199188,352.0
2026-01-12 15:00:00,2026-01-11 15:00:00,237.31744365927455,321.0
2026-01-12 16:00:00,2026-01-11 16:00:00,231.31731916499305,257.0
2026-01-12 17:00:00,2026-01-11 17:00:00,123.98077227125805,165.0
2026-01-12 18:00:00,2026-01-11 18:00:00,28.121121059226144,51.0
2026-01-12 19:00:00,2026-01-11 19:00:00,0.28310834970219506,0.0
2026-01-12 20:00:00,2026-01-11 20:00:00,0.28310834970219506,0.0
2026-01-12 21:00:00,2026-01-11 21:00:00,0.28310834970219506,0.0
2026-01-12 22:00:00,2026-01-11 22:00:00,0.28310834970219506,0.0
2026-01-12 23:00:00,2026-01-11 23:00:00,0.28310834970219506,0.0
2026-01-13 00:00:00,2026-01-12 00:00:00,0.28310834970219506,0.0
2026-01-13 01:00:00,2026-01-12 01:00:00,0.28310834970219506,0.0
2026-01-13 02:00:00,2026-01-12 02:00:00,0.28310834970219506,0.0
2026-01-13 03:00:00,2026-01-12 03:00:00,0.28310834970219506,0.0
2026-01-13 04:00:00,2026-01-12 04:00:00,0.28310834970219506,0.0
2026-01-13 05:00:00,2026-01-12 05:00:00,0.36071835726059825,0.0
2026-01-13 06:00:00,2026-01-12 06:00:00,0.28310834970219506,0.0
2026-01-13 07:00:00,2026-01-12 07:00:00,0.28310834970219506,0.0
2026-01-13 08:00:00,2026-01-12 08:00:00,0.28310834970219506,0.0
2026-01-13 09:00:00,2026-01-12 09:00:00,40.37484110271351,46.0
2026-01-13 10:00:00,2026-01-12 10:00:00,142.9959086152635,143.0
2026-01-13 11:00:00,2026-01-12 11:00:00,259.88910853778265,237.0
2026-01-13 12:00:00,2026-01-12 12:00:00,368.4457710284348,333.0
2026-01-13 13:00:00,2026-01-12 13:00:00,419.22302486445045,418.0
2026-01-13 14:00:00,2026-01-12 14:00:00,420.5623778572138,450.0
2026-01-13 15:00:00,2026-01-12 15:00:00,331.4439613064664,407.0
2026-01-13 16:00:00,2026-01-12 16:00:00,313.7157760079079,312.0
2026-01-13 17:00:00,2026-01-12 17:00:00,186.27913328224975,194.0
2026-01-13 18:00:00,2026-01-12 18:00:00,44.85755322675764,61.0
2026-01-13 19:00:00,2026-01-12 19:00:00,0.222546052544804,0.0
2026-01-13 20:00:00,2026-01-12 20:00:00,0.222546052544804,0.0
2026-01-13 21:00:00,2026-01-12 21:00:00,0.222546052544804,0.0
2026-01-13 22:00:00,2026-01-12 22:00:00,0.222546052544804,0.0
2026-01-13 23:00:00,2026-01-12 23:00:00,0.222546052544804,0.0
2026-01-14 00:00:00,2026-01-13 00:00:00,0.222546052544804,0.0
2026-01-14 01:00:00,2026-01-13 01:00:00,0.222546052544804,0.0
2026-01-14 02:00:00,2026-01-13 02:00:00,0.24281981435946998,0.0
2026-01-14 03:00:00,2026-01-13 03:00:00,0.222546052544804,0.0
2026-01-14 04:00:00,2026-01-13 04:00:00,0.222546052544804,0.0
2026-01-14 05:00:00,2026-01-13 05:00:00,0.222546052544804,0.0
2026-01-14 06:00:00,2026-01-13 06:00:00,0.222546052544804,0.0
2026-01-14 07:00:00,2026-01-13 07:00:00,0.222546052544804,0.0
2026-01-14 08:00:00,2026-01-13 08:00:00,0.222546052544804,0.0
2026-01-14 09:00:00,2026-01-13 09:00:00,47.07210197423423,64.0
2026-01-14 10:00:00,2026-01-13 10:00:00,193.10689540014522,219.0
2026-01-14 11:00:00,2026-01-13 11:00:00,361.6136592818611,373.0
2026-01-14 12:00:00,2026-01-13 12:00:00,462.77250800451,487.0
2026-01-14 13:00:00,2026-01-13 13:00:00,517.0900091049057,548.0
2026-01-14 14:00:00,2026-01-13 14:00:00,513.1776037403339,546.0
2026-01-14 15:00:00,2026-01-13 15:00:00,470.47928297832857,475.0
2026-01-14 16:00:00,2026-01-13 16:00:00,340.6573945695554,356.0
2026-01-14 17:00:00,2026-01-13 17:00:00,174.90507505164348,218.0
2026-01-14 18:00:00,2026-01-13 18:00:00,47.387929217620965,70.0
2026-01-14 19:00:00,2026-01-13 19:00:00,0.157187858237476,0.0
2026-01-14 20:00:00,2026-01-13 20:00:00,0.157187858237476,0.0
2026-01-14 21:00:00,2026-01-13 21:00:00,0.30015606010320717,0.0
2026-01-14 22:00:00,2026-01-13 22:00:00,0.36071835726059825,0.0
2026-01-14 23:00:00,2026-01-13 23:00:00,0.222546052544804,0.0
2026-01-15 00:00:00,2026-01-14 00:00:00,0.28310834970219506,0.0
2026-01-15 01:00:00,2026-01-14 01:00:00,0.28310834970219506,0.0
2026-01-15 02:00:00,2026-01-14 02:00:00,0.28310834970219506,0.0
2026-01-15 03:00:00,2026-01-14 03:00:00,0.222546052544804,0.0
2026-01-15 04:00:00,2026-01-14 04:00:00,0.28310834970219506,0.0
2026-01-15 05:00:00,2026-01-14 05:00:00,0.28310834970219506,0.0
2026-01-15 06:00:00,2026-01-14 06:00:00,0.28310834970219506,0.0
2026-01-15 07:00:00,2026-01-14 07:00:00,0.28310834970219506,0.0
2026-01-15 08:00:00,2026-01-14 08:00:00,0.28310834970219506,0.0
2026-01-15 09:00:00,2026-01-14 09:00:00,54.51016658069168,57.0
2026-01-15 10:00:00,2026-01-14 10:00:00,207.49749830340943,205.0
2026-01-15 11:00:00,2026-01-14 11:00:00,358.8188236293688,361.0
2026-01-15 12:00:00,2026-01-14 12:00:00,472.657259143265,479.0
2026-01-15 13:00:00,2026-01-14 13:00:00,518.2779300303083,543.0
2026-01-15 14:00:00,2026-01-14 14:00:00,519.0880089897364,543.0
2026-01-15 15:00:00,2026-01-14 15:00:00,472.86305301603875,474.0
2026-01-15 16:00:00,2026-01-14 16:00:00,344.28880281709667,355.0
2026-01-15 17:00:00,2026-01-14 17:00:00,204.9213697454667,218.0
2026-01-15 18:00:00,2026-01-14 18:00:00,54.307966718367204,72.0
2026-01-15 19:00:00,2026-01-14 19:00:00,0.222546052544804,0.0
2026-01-15 20:00:00,2026-01-14 20:00:00,0.222546052544804,0.0
2026-01-15 21:00:00,2026-01-14 21:00:00,0.222546052544804,0.0
2026-01-15 22:00:00,2026-01-14 22:00:00,0.222546052544804,0.0
2026-01-15 23:00:00,2026-01-14 23:00:00,0.222546052544804,0.0
2026-01-16 00:00:00,2026-01-15 00:00:00,0.222546052544804,0.0
2026-01-16 01:00:00,2026-01-15 01:00:00,0.222546052544804,0.0
2026-01-16 02:00:00,2026-01-15 02:00:00,0.28310834970219506,0.0
2026-01-16 03:00:00,2026-01-15 03:00:00,0.222546052544804,0.0
2026-01-16 04:00:00,2026-01-15 04:00:00,0.28310834970219506,0.0
2026-01-16 05:00:00,2026-01-15 05:00:00,0.28310834970219506,0.0
2026-01-16 06:00:00,2026-01-15 06:00:00,0.28310834970219506,0.0
2026-01-16 07:00:00,2026-01-15 07:00:00,0.222546052544804,0.0
2026-01-16 08:00:00,2026-01-15 08:00:00,0.222546052544804,0.0
2026-01-16 09:00:00,2026-01-15 09:00:00,60.973239412909024,54.0
2026-01-16 10:00:00,2026-01-15 10:00:00,210.00873907870746,203.0
2026-01-16 11:00:00,2026-01-15 11:00:00,361.05994104588757,361.0
2026-01-16 12:00:00,2026-01-15 12:00:00,463.6448312145573,463.0
2026-01-16 13:00:00,2026-01-15 13:00:00,489.1578729209557,495.0
2026-01-16 14:00:00,2026-01-15 14:00:00,476.976318641173,469.0
2026-01-16 15:00:00,2026-01-15 15:00:00,419.2491881420825,392.0
2026-01-16 16:00:00,2026-01-15 16:00:00,278.02701744110504,281.0
2026-01-16 17:00:00,2026-01-15 17:00:00,177.86203152744034,167.0
2026-01-16 18:00:00,2026-01-15 18:00:00,49.00484517941932,55.0
2026-01-16 19:00:00,2026-01-15 19:00:00,0.28310834970219506,0.0
2026-01-16 20:00:00,2026-01-15 20:00:00,0.28310834970219506,0.0
2026-01-16 21:00:00,2026-01-15 21:00:00,0.28310834970219506,0.0
2026-01-16 22:00:00,2026-01-15 22:00:00,0.28310834970219506,0.0
2026-01-16 23:00:00,2026-01-15 23:00:00,0.28310834970219506,0.0
2026-01-17 00:00:00,2026-01-16 00:00:00,0.28310834970219506,0.0
2026-01-17 01:00:00,2026-01-16 01:00:00,0.28310834970219506,0.0
2026-01-17 02:00:00,2026-01-16 02:00:00,0.28310834970219506,0.0
2026-01-17 03:00:00,2026-01-16 03:00:00,0.28310834970219506,0.0
2026-01-17 04:00:00,2026-01-16 04:00:00,0.28310834970219506,0.0
2026-01-17 05:00:00,2026-01-16 05:00:00,0.28310834970219506,0.0
2026-01-17 06:00:00,2026-01-16 06:00:00,0.28310834970219506,0.0
2026-01-17 07:00:00,2026-01-16 07:00:00,0.28310834970219506,0.0
2026-01-17 08:00:00,2026-01-16 08:00:00,0.28310834970219506,0.0
2026-01-17 09:00:00,2026-01-16 09:00:00,42.993904539239495,49.0
2026-01-17 10:00:00,2026-01-16 10:00:00,182.38285087420743,170.0
2026-01-17 11:00:00,2026-01-16 11:00:00,304.69192278003663,295.0
2026-01-17 12:00:00,2026-01-16 12:00:00,378.0026747768302,388.0
2026-01-17 13:00:00,2026-01-16 13:00:00,415.6163787055012,436.0
2026-01-17 14:00:00,2026-01-16 14:00:00,463.6615607864792,436.0
2026-01-17 15:00:00,2026-01-16 15:00:00,413.13088972735153,384.0
2026-01-17 16:00:00,2026-01-16 16:00:00,268.8284107527075,293.0
2026-01-17 17:00:00,2026-01-16 17:00:00,171.17906526501758,183.0
2026-01-17 18:00:00,2026-01-16 18:00:00,50.19953678031586,63.0
2026-01-17 19:00:00,2026-01-16 19:00:00,0.28310834970219506,0.0
2026-01-17 20:00:00,2026-01-16 20:00:00,0.28310834970219506,0.0
2026-01-17 21:00:00,2026-01-16 21:00:00,0.28310834970219506,0.0
2026-01-17 22:00:00,2026-01-16 22:00:00,0.28310834970219506,0.0
2026-01-17 23:00:00,2026-01-16 23:00:00,0.303382111516861,0.0
2026-01-18 00:00:00,2026-01-17 00:00:00,0.303382111516861,0.0
2026-01-18 01:00:00,2026-01-17 01:00:00,0.303382111516861,0.0
2026-01-18 02:00:00,2026-01-17 02:00:00,0.303382111516861,0.0
2026-01-18 03:00:00,2026-01-17 03:00:00,0.303382111516861,0.0
2026-01-18 04:00:00,2026-01-17 04:00:00,0.303382111516861,0.0
2026-01-18 05:00:00,2026-01-17 05:00:00,0.303382111516861,0.0
2026-01-18 06:00:00,2026-01-17 06:00:00,0.303382111516861,0.0
2026-01-18 07:00:00,2026-01-17 07:00:00,0.303382111516861,0.0
2026-01-18 08:00:00,2026-01-17 08:00:00,0.28310834970219506,0.0
2026-01-18 09:00:00,2026-01-17 09:00:00,44.89763363597909,39.0
2026-01-18 10:00:00,2026-01-17 10:00:00,152.35889448079132,138.0
2026-01-18 11:00:00,2026-01-17 11:00:00,245.075083036099,251.0
2026-01-18 12:00:00,2026-01-17 12:00:00,374.8322046626672,369.0
2026-01-18 13:00:00,2026-01-17 13:00:00,362.58300309966097,469.0
2026-01-18 14:00:00,2026-01-17 14:00:00,370.09602251335514,504.0
2026-01-18 15:00:00,2026-01-17 15:00:00,362.540546947303,444.0
2026-01-18 16:00:00,2026-01-17 16:00:00,267.41757833439465,326.0
2026-01-18 17:00:00,2026-01-17 17:00:00,154.36665828448784,198.0
2026-01-18 18:00:00,2026-01-17 18:00:00,42.19570527460637,69.0
2026-01-18 19:00:00,2026-01-17 19:00:00,0.28310834970219506,0.0
2026-01-18 20:00:00,2026-01-17 20:00:00,0.222546052544804,0.0
2026-01-18 21:00:00,2026-01-17 21:00:00,0.222546052544804,0.0
2026-01-18 22:00:00,2026-01-17 22:00:00,0.222546052544804,0.0
2026-01-18 23:00:00,2026-01-17 23:00:00,0.222546052544804,0.0
2026-01-19 00:00:00,2026-01-18 00:00:00,0.222546052544804,0.0
2026-01-19 01:00:00,2026-01-18 01:00:00,0.222546052544804,0.0
2026-01-19 02:00:00,2026-01-18 02:00:00,0.222546052544804,0.0
2026-01-19 03:00:00,2026-01-18 03:00:00,0.28310834970219506,0.0
2026-01-19 04:00:00,2026-01-18 04:00:00,0.222546052544804,0.0
2026-01-19 05:00:00,2026-01-18 05:00:00,0.222546052544804,0.0
2026-01-19 06:00:00,2026-01-18 06:00:00,0.222546052544804,0.0
2026-01-19 07:00:00,2026-01-18 07:00:00,0.222546052544804,0.0
2026-01-19 08:00:00,2026-01-18 08:00:00,0.24281981435946998,0.0
2026-01-19 09:00:00,2026-01-18 09:00:00,59.13152495215778,68.0
2026-01-19 10:00:00,2026-01-18 10:00:00,208.6040775712949,225.0
2026-01-19 11:00:00,2026-01-18 11:00:00,387.3149535629626,379.0
2026-01-19 12:00:00,2026-01-18 12:00:00,490.3112057355155,479.0
2026-01-19 13:00:00,2026-01-18 13:00:00,517.3147784632539,515.0
2026-01-19 14:00:00,2026-01-18 14:00:00,483.1993086721136,499.0
2026-01-19 15:00:00,2026-01-18 15:00:00,511.67408971565163,438.0
2026-01-19 16:00:00,2026-01-18 16:00:00,327.3987521461735,337.0
2026-01-19 17:00:00,2026-01-18 17:00:00,182.43881434062428,214.0
2026-01-19 18:00:00,2026-01-18 18:00:00,48.3899549381432,77.0
2026-01-19 19:00:00,2026-01-18 19:00:00,0.28310834970219506,0.0
2026-01-19 20:00:00,2026-01-18 20:00:00,0.28310834970219506,0.0
2026-01-19 21:00:00,2026-01-18 21:00:00,0.28310834970219506,0.0
2026-01-19 22:00:00,2026-01-18 22:00:00,0.28310834970219506,0.0
2026-01-19 23:00:00,2026-01-18 23:00:00,0.222546052544804,0.0
2026-01-20 00:00:00,2026-01-19 00:00:00,0.222546052544804,0.0
2026-01-20 01:00:00,2026-01-19 01:00:00,0.222546052544804,0.0
2026-01-20 02:00:00,2026-01-19 02:00:00,0.222546052544804,0.0
2026-01-20 03:00:00,2026-01-19 03:00:00,0.222546052544804,0.0
2026-01-20 04:00:00,2026-01-19 04:00:00,0.222546052544804,0.0
2026-01-20 05:00:00,2026-01-19 05:00:00,0.222546052544804,0.0
2026-01-20 06:00:00,2026-01-19 06:00:00,0.222546052544804,0.0
2026-01-20 07:00:00,2026-01-19 07:00:00,0.222546052544804,0.0
2026-01-20 08:00:00,2026-01-19 08:00:00,0.222546052544804,0.0
2026-01-20 09:00:00,2026-01-19 09:00:00,61.01315241307928,69.0
2026-01-20 10:00:00,2026-01-19 10:00:00,226.70453874668584,228.0
2026-01-20 11:00:00,2026-01-19 11:00:00,371.374187317712,389.0
2026-01-20 12:00:00,2026-01-19 12:00:00,491.8478656021952,511.0
2026-01-20 13:00:00,2026-01-19 13:00:00,574.9147739576022,577.0
2026-01-20 14:00:00,2026-01-19 14:00:00,576.018540655822,579.0
2026-01-20 15:00:00,2026-01-19 15:00:00,497.4070650067767,507.0
2026-01-20 16:00:00,2026-01-19 16:00:00,375.6780215645093,384.0
2026-01-20 17:00:00,2026-01-19 17:00:00,224.37325417919448,241.0
2026-01-20 18:00:00,2026-01-19 18:00:00,61.873536818470974,89.0
2026-01-20 19:00:00,2026-01-19 19:00:00,0.222546052544804,0.0
2026-01-20 20:00:00,2026-01-19 20:00:00,0.222546052544804,0.0
2026-01-20 21:00:00,2026-01-19 21:00:00,0.222546052544804,0.0
2026-01-20 22:00:00,2026-01-19 22:00:00,0.222546052544804,0.0
2026-01-20 23:00:00,2026-01-19 23:00:00,0.222546052544804,0.0
2026-01-21 00:00:00,2026-01-20 00:00:00,0.222546052544804,0.0
2026-01-21 01:00:00,2026-01-20 01:00:00,0.222546052544804,0.0
2026-01-21 02:00:00,2026-01-20 02:00:00,0.222546052544804,0.0
2026-01-21 03:00:00,2026-01-20 03:00:00,0.28310834970219506,0.0
2026-01-21 04:00:00,2026-01-20 04:00:00,0.28310834970219506,0.0
2026-01-21 05:00:00,2026-01-20 05:00:00,0.28310834970219506,0.0
2026-01-21 06:00:00,2026-01-20 06:00:00,0.28310834970219506,0.0
2026-01-21 07:00:00,2026-01-20 07:00:00,0.28310834970219506,0.0
2026-01-21 08:00:00,2026-01-20 08:00:00,0.28310834970219506,0.0
2026-01-21 09:00:00,2026-01-20 09:00:00,36.39306538025371,37.0
2026-01-21 10:00:00,2026-01-20 10:00:00,120.84278531946902,108.0
2026-01-21 11:00:00,2026-01-20 11:00:00,226.26006123290745,180.0
2026-01-21 12:00:00,2026-01-20 12:00:00,232.47453412169446,264.0
2026-01-21 13:00:00,2026-01-20 13:00:00,243.57828027272524,347.0
2026-01-21 14:00:00,2026-01-20 14:00:00,236.80642671473007,380.0
2026-01-21 15:00:00,2026-01-20 15:00:00,276.910055517377,337.0
2026-01-21 16:00:00,2026-01-20 16:00:00,222.60113395330222,247.0
2026-01-21 17:00:00,2026-01-20 17:00:00,116.82795783172814,152.0
2026-01-21 18:00:00,2026-01-20 18:00:00,34.252029602974346,57.0
2026-01-21 19:00:00,2026-01-20 19:00:00,0.28310834970219506,0.0
2026-01-21 20:00:00,2026-01-20 20:00:00,0.28310834970219506,0.0
2026-01-21 21:00:00,2026-01-20 21:00:00,0.36071835726059825,0.0
2026-01-21 22:00:00,2026-01-20 22:00:00,0.28310834970219506,0.0
2026-01-21 23:00:00,2026-01-20 23:00:00,0.28310834970219506,0.0
2026-01-22 00:00:00,2026-01-21 00:00:00,0.28310834970219506,0.0
2026-01-22 01:00:00,2026-01-21 01:00:00,0.28310834970219506,0.0
2026-01-22 02:00:00,2026-01-21 02:00:00,0.28310834970219506,0.0
2026-01-22 03:00:00,2026-01-21 03:00:00,0.3809921190752642,0.0
2026-01-22 04:00:00,2026-01-21 04:00:00,0.0,0.0
2026-01-22 05:00:00,2026-01-21 05:00:00,0.46537794173683034,0.0
2026-01-22 06:00:00,2026-01-21 06:00:00,0.49117796319353835,0.0
2026-01-22 07:00:00,2026-01-21 07:00:00,0.0,0.0
2026-01-22 08:00:00,2026-01-21 08:00:00,0.0,0.0
2026-01-22 09:00:00,2026-01-21 09:00:00,26.22404092259074,16.0
2026-01-22 10:00:00,2026-01-21 10:00:00,72.41044317417096,58.0
2026-01-22 11:00:00,2026-01-21 11:00:00,103.22210570064166,109.0
2026-01-22 12:00:00,2026-01-21 12:00:00,118.78887144510563,155.0
2026-01-22 13:00:00,2026-01-21 13:00:00,188.07954109865395,191.0
2026-01-22 14:00:00,2026-01-21 14:00:00,201.46961458386755,205.0
2026-01-22 15:00:00,2026-01-21 15:00:00,129.66217222615566,193.0
2026-01-22 16:00:00,2026-01-21 16:00:00,151.87942917109515,157.0
2026-01-22 17:00:00,2026-01-21 17:00:00,111.80038524735588,105.0
2026-01-22 18:00:00,2026-01-21 18:00:00,29.44532688796707,41.0
2026-01-22 19:00:00,2026-01-21 19:00:00,0.46537794173683034,0.0
2026-01-22 20:00:00,2026-01-21 20:00:00,0.3872422151496744,0.0
2026-01-22 21:00:00,2026-01-21 21:00:00,0.3872422151496744,0.0
2026-01-22 22:00:00,2026-01-21 22:00:00,0.0,0.0
2026-01-22 23:00:00,2026-01-21 23:00:00,0.32920513431635984,0.0
2026-01-23 00:00:00,2026-01-22 00:00:00,0.3872422151496744,0.0
2026-01-23 01:00:00,2026-01-22 01:00:00,0.46537794173683034,0.0
2026-01-23 02:00:00,2026-01-22 02:00:00,0.49117796319353835,0.0
2026-01-23 03:00:00,2026-01-22 03:00:00,0.49117796319353835,0.0
2026-01-23 04:00:00,2026-01-22 04:00:00,0.303382111516861,0.0
2026-01-23 05:00:00,2026-01-22 05:00:00,0.0,0.0
2026-01-23 06:00:00,2026-01-22 06:00:00,0.604300714177652,0.0
2026-01-23 07:00:00,2026-01-22 07:00:00,0.4306156660361472,0.0
2026-01-23 08:00:00,2026-01-22 08:00:00,0.32042982191787317,0.0
2026-01-23 09:00:00,2026-01-22 09:00:00,54.33019759376653,63.0
2026-01-23 10:00:00,2026-01-22 10:00:00,199.52108342463944,205.0
2026-01-23 11:00:00,2026-01-22 11:00:00,363.71602360861505,345.0
2026-01-23 12:00:00,2026-01-22 12:00:00,434.3194224305338,434.0
2026-01-23 13:00:00,2026-01-22 13:00:00,449.85318756535884,461.0
2026-01-23 14:00:00,2026-01-22 14:00:00,410.6333105987921,434.0
2026-01-23 15:00:00,2026-01-22 15:00:00,417.0175028245082,357.0
2026-01-23 16:00:00,2026-01-22 16:00:00,314.9825350305649,250.0
2026-01-23 17:00:00,2026-01-22 17:00:00,133.79071063738473,149.0
2026-01-23 18:00:00,2026-01-22 18:00:00,41.78638064303218,56.0
2026-01-23 19:00:00,2026-01-22 19:00:00,0.303382111516861,0.0
2026-01-23 20:00:00,2026-01-22 20:00:00,0.28310834970219506,0.0
2026-01-23 21:00:00,2026-01-22 21:00:00,0.303382111516861,0.0
2026-01-23 22:00:00,2026-01-22 22:00:00,0.28310834970219506,0.0
2026-01-23 23:00:00,2026-01-22 23:00:00,0.28310834970219506,0.0
2026-01-24 00:00:00,2026-01-23 00:00:00,0.28310834970219506,0.0
2026-01-24 01:00:00,2026-01-23 01:00:00,0.28310834970219506,0.0
2026-01-24 02:00:00,2026-01-23 02:00:00,0.28310834970219506,0.0
2026-01-24 03:00:00,2026-01-23 03:00:00,0.28310834970219506,0.0
2026-01-24 04:00:00,2026-01-23 04:00:00,0.28310834970219506,0.0
2026-01-24 05:00:00,2026-01-23 05:00:00,0.28310834970219506,0.0
2026-01-24 06:00:00,2026-01-23 06:00:00,0.28310834970219506,0.0
2026-01-24 07:00:00,2026-01-23 07:00:00,0.28310834970219506,0.0
2026-01-24 08:00:00,2026-01-23 08:00:00,0.28310834970219506,0.0
2026-01-24 09:00:00,2026-01-23 09:00:00,27.19571372576737,47.0
2026-01-24 10:00:00,2026-01-23 10:00:00,95.86014552704289,147.0
2026-01-24 11:00:00,2026-01-23 11:00:00,240.074335532128,257.0
2026-01-24 12:00:00,2026-01-23 12:00:00,449.2098191703931,377.0
2026-01-24 13:00:00,2026-01-23 13:00:00,436.66024136225565,486.0
2026-01-24 14:00:00,2026-01-23 14:00:00,487.56682158401367,532.0
2026-01-24 15:00:00,2026-01-23 15:00:00,478.7154745469966,483.0
2026-01-24 16:00:00,2026-01-23 16:00:00,384.5348009034665,371.0
2026-01-24 17:00:00,2026-01-23 17:00:00,185.05252527972792,238.0
2026-01-24 18:00:00,2026-01-23 18:00:00,60.07443994281955,94.0
2026-01-24 19:00:00,2026-01-23 19:00:00,0.28310834970219506,1.0
2026-01-24 20:00:00,2026-01-23 20:00:00,0.28310834970219506,0.0
2026-01-24 21:00:00,2026-01-23 21:00:00,0.28310834970219506,0.0
2026-01-24 22:00:00,2026-01-23 22:00:00,0.28310834970219506,0.0
2026-01-24 23:00:00,2026-01-23 23:00:00,0.28310834970219506,0.0
2026-01-25 00:00:00,2026-01-24 00:00:00,0.28310834970219506,0.0
2026-01-25 01:00:00,2026-01-24 01:00:00,0.28310834970219506,0.0
2026-01-25 02:00:00,2026-01-24 02:00:00,0.28310834970219506,0.0
2026-01-25 03:00:00,2026-01-24 03:00:00,0.303382111516861,0.0
2026-01-25 04:00:00,2026-01-24 04:00:00,0.303382111516861,0.0
2026-01-25 05:00:00,2026-01-24 05:00:00,0.28310834970219506,0.0
2026-01-25 06:00:00,2026-01-24 06:00:00,0.303382111516861,0.0
2026-01-25 07:00:00,2026-01-24 07:00:00,0.28310834970219506,0.0
2026-01-25 08:00:00,2026-01-24 08:00:00,0.28310834970219506,0.0
2026-01-25 09:00:00,2026-01-24 09:00:00,61.30834018546819,72.0
2026-01-25 10:00:00,2026-01-24 10:00:00,213.49375271064656,229.0
2026-01-25 11:00:00,2026-01-24 11:00:00,387.00690051708995,386.0
2026-01-25 12:00:00,2026-01-24 12:00:00,482.8344468535832,497.0
2026-01-25 13:00:00,2026-01-24 13:00:00,542.0458439786211,547.0
2026-01-25 14:00:00,2026-01-24 14:00:00,540.5773918158758,537.0
2026-01-25 15:00:00,2026-01-24 15:00:00,497.0869594261351,467.0
2026-01-25 16:00:00,2026-01-24 16:00:00,381.4791619994108,352.0
2026-01-25 17:00:00,2026-01-24 17:00:00,225.92448374091848,224.0
2026-01-25 18:00:00,2026-01-24 18:00:00,71.30888103852709,90.0
2026-01-25 19:00:00,2026-01-24 19:00:00,0.222546052544804,1.0
2026-01-25 20:00:00,2026-01-24 20:00:00,0.222546052544804,0.0
2026-01-25 21:00:00,2026-01-24 21:00:00,0.28310834970219506,0.0
2026-01-25 22:00:00,2026-01-24 22:00:00,0.222546052544804,0.0
2026-01-25 23:00:00,2026-01-24 23:00:00,0.222546052544804,0.0
2026-01-26 00:00:00,2026-01-25 00:00:00,0.222546052544804,0.0
2026-01-26 01:00:00,2026-01-25 01:00:00,0.222546052544804,0.0
2026-01-26 02:00:00,2026-01-25 02:00:00,0.222546052544804,0.0
2026-01-26 03:00:00,2026-01-25 03:00:00,0.25255678767525624,0.0
2026-01-26 04:00:00,2026-01-25 04:00:00,0.28310834970219506,0.0
2026-01-26 05:00:00,2026-01-25 05:00:00,0.28310834970219506,0.0
2026-01-26 06:00:00,2026-01-25 06:00:00,0.303382111516861,0.0
2026-01-26 07:00:00,2026-01-25 07:00:00,0.24281981435946998,0.0
2026-01-26 08:00:00,2026-01-25 08:00:00,0.28310834970219506,0.0
2026-01-26 09:00:00,2026-01-25 09:00:00,56.91567054723755,65.0
2026-01-26 10:00:00,2026-01-25 10:00:00,185.8170246730505,201.0
2026-01-26 11:00:00,2026-01-25 11:00:00,314.3621969236683,336.0
2026-01-26 12:00:00,2026-01-25 12:00:00,470.56396097508514,431.0
2026-01-26 13:00:00,2026-01-25 13:00:00,526.1082321608625,475.0
2026-01-26 14:00:00,2026-01-25 14:00:00,483.36308131221193,473.0
2026-01-26 15:00:00,2026-01-25 15:00:00,435.70983583323016,425.0
2026-01-26 16:00:00,2026-01-25 16:00:00,333.97936292431837,337.0
2026-01-26 17:00:00,2026-01-25 17:00:00,224.91336021477304,223.0
2026-01-26 18:00:00,2026-01-25 18:00:00,74.00788771927502,92.0
2026-01-26 19:00:00,2026-01-25 19:00:00,0.20555215840448557,1.0
2026-01-26 20:00:00,2026-01-25 20:00:00,0.222546052544804,0.0
2026-01-26 21:00:00,2026-01-25 21:00:00,0.28310834970219506,0.0
2026-01-26 22:00:00,2026-01-25 22:00:00,0.28310834970219506,0.0
2026-01-26 23:00:00,2026-01-25 23:00:00,0.28310834970219506,0.0
2026-01-27 00:00:00,2026-01-26 00:00:00,0.28310834970219506,0.0
2026-01-27 01:00:00,2026-01-26 01:00:00,0.28310834970219506,0.0
2026-01-27 02:00:00,2026-01-26 02:00:00,0.28310834970219506,0.0
2026-01-27 03:00:00,2026-01-26 03:00:00,0.28310834970219506,0.0
2026-01-27 04:00:00,2026-01-26 04:00:00,0.28310834970219506,0.0
2026-01-27 05:00:00,2026-01-26 05:00:00,0.28310834970219506,0.0
2026-01-27 06:00:00,2026-01-26 06:00:00,0.28310834970219506,0.0
2026-01-27 07:00:00,2026-01-26 07:00:00,0.28310834970219506,0.0
2026-01-27 08:00:00,2026-01-26 08:00:00,0.28310834970219506,0.0
2026-01-27 09:00:00,2026-01-26 09:00:00,60.451030815808195,57.0
2026-01-27 10:00:00,2026-01-26 10:00:00,192.72588471846836,159.0
2026-01-27 11:00:00,2026-01-26 11:00:00,272.2020711900373,249.0
2026-01-27 12:00:00,2026-01-26 12:00:00,259.892564135344,314.0
2026-01-27 13:00:00,2026-01-26 13:00:00,372.3051323402171,344.0
2026-01-27 14:00:00,2026-01-26 14:00:00,246.7802718219821,328.0
2026-01-27 15:00:00,2026-01-26 15:00:00,403.51083007524227,255.0
2026-01-27 16:00:00,2026-01-26 16:00:00,300.8560399811167,159.0
2026-01-27 17:00:00,2026-01-26 17:00:00,218.50974642290336,84.0
2026-01-27 18:00:00,2026-01-26 18:00:00,66.27498772563906,33.0
2026-01-27 19:00:00,2026-01-26 19:00:00,0.3916683967058125,1.0
2026-01-27 20:00:00,2026-01-26 20:00:00,0.28310834970219506,0.0
2026-01-27 21:00:00,2026-01-26 21:00:00,0.28310834970219506,0.0
2026-01-27 22:00:00,2026-01-26 22:00:00,0.28310834970219506,0.0
2026-01-27 23:00:00,2026-01-26 23:00:00,0.28310834970219506,0.0
2026-01-28 00:00:00,2026-01-27 00:00:00,0.28310834970219506,0.0
2026-01-28 01:00:00,2026-01-27 01:00:00,0.28310834970219506,0.0
2026-01-28 02:00:00,2026-01-27 02:00:00,0.28310834970219506,0.0
2026-01-28 03:00:00,2026-01-27 03:00:00,0.28310834970219506,0.0
2026-01-28 04:00:00,2026-01-27 04:00:00,0.28310834970219506,0.0
2026-01-28 05:00:00,2026-01-27 05:00:00,0.28310834970219506,0.0
2026-01-28 06:00:00,2026-01-27 06:00:00,0.28310834970219506,0.0
2026-01-28 07:00:00,2026-01-27 07:00:00,0.28310834970219506,0.0
2026-01-28 08:00:00,2026-01-27 08:00:00,0.28310834970219506,0.0
2026-01-28 09:00:00,2026-01-27 09:00:00,42.565876319864024,57.0
2026-01-28 10:00:00,2026-01-27 10:00:00,179.7717068254478,158.0
2026-01-28 11:00:00,2026-01-27 11:00:00,258.35306211024914,260.0
2026-01-28 12:00:00,2026-01-27 12:00:00,406.58917556819017,363.0
2026-01-28 13:00:00,2026-01-27 13:00:00,520.508877602396,452.0
2026-01-28 14:00:00,2026-01-27 14:00:00,476.6045672864828,486.0
2026-01-28 15:00:00,2026-01-27 15:00:00,431.46848539010375,441.0
2026-01-28 16:00:00,2026-01-27 16:00:00,380.0879406041406,342.0
2026-01-28 17:00:00,2026-01-27 17:00:00,232.0365273187308,224.0
2026-01-28 18:00:00,2026-01-27 18:00:00,73.395484654284,95.0
2026-01-28 19:00:00,2026-01-27 19:00:00,1.1138401783790766,2.0
2026-01-28 20:00:00,2026-01-27 20:00:00,0.28310834970219506,0.0
2026-01-28 21:00:00,2026-01-27 21:00:00,0.28310834970219506,0.0
2026-01-28 22:00:00,2026-01-27 22:00:00,0.28310834970219506,0.0
2026-01-28 23:00:00,2026-01-27 23:00:00,0.303382111516861,0.0
2026-01-29 00:00:00,2026-01-28 00:00:00,0.28310834970219506,0.0
2026-01-29 01:00:00,2026-01-28 01:00:00,0.28310834970219506,0.0
2026-01-29 02:00:00,2026-01-28 02:00:00,0.28310834970219506,0.0
2026-01-29 03:00:00,2026-01-28 03:00:00,0.28310834970219506,0.0
2026-01-29 04:00:00,2026-01-28 04:00:00,0.28310834970219506,0.0
2026-01-29 05:00:00,2026-01-28 05:00:00,0.28310834970219506,0.0
2026-01-29 06:00:00,2026-01-28 06:00:00,0.28310834970219506,0.0
2026-01-29 07:00:00,2026-01-28 07:00:00,0.303382111516861,0.0
2026-01-29 08:00:00,2026-01-28 08:00:00,0.303382111516861,0.0
2026-01-29 09:00:00,2026-01-28 09:00:00,63.78704414470155,55.0
2026-01-29 10:00:00,2026-01-28 10:00:00,184.41502220129877,134.0
2026-01-29 11:00:00,2026-01-28 11:00:00,271.62178496796656,195.0
2026-01-29 12:00:00,2026-01-28 12:00:00,299.7439685527455,242.0
2026-01-29 13:00:00,2026-01-28 13:00:00,316.3338924082542,271.0
2026-01-29 14:00:00,2026-01-28 14:00:00,342.84101337763354,278.0
2026-01-29 15:00:00,2026-01-28 15:00:00,279.839131372513,260.0
2026-01-29 16:00:00,2026-01-28 16:00:00,217.42919243065677,218.0
2026-01-29 17:00:00,2026-01-28 17:00:00,100.90263875956354,151.0
2026-01-29 18:00:00,2026-01-28 18:00:00,39.49012669709802,66.0
2026-01-29 19:00:00,2026-01-28 19:00:00,0.3916683967058125,2.0
2026-01-29 20:00:00,2026-01-28 20:00:00,0.28310834970219506,0.0
2026-01-29 21:00:00,2026-01-28 21:00:00,0.28310834970219506,0.0
2026-01-29 22:00:00,2026-01-28 22:00:00,0.28310834970219506,0.0
2026-01-29 23:00:00,2026-01-28 23:00:00,0.28310834970219506,0.0
2026-01-30 00:00:00,2026-01-29 00:00:00,0.303382111516861,0.0
2026-01-30 01:00:00,2026-01-29 01:00:00,0.303382111516861,0.0
2026-01-30 02:00:00,2026-01-29 02:00:00,0.303382111516861,0.0
2026-01-30 03:00:00,2026-01-29 03:00:00,0.28310834970219506,0.0
2026-01-30 04:00:00,2026-01-29 04:00:00,0.28310834970219506,0.0
2026-01-30 05:00:00,2026-01-29 05:00:00,0.28310834970219506,0.0
2026-01-30 06:00:00,2026-01-29 06:00:00,0.28310834970219506,0.0
2026-01-30 07:00:00,2026-01-29 07:00:00,0.28310834970219506,0.0
2026-01-30 08:00:00,2026-01-29 08:00:00,0.28310834970219506,0.0
2026-01-30 09:00:00,2026-01-29 09:00:00,49.30619799684806,60.0
2026-01-30 10:00:00,2026-01-29 10:00:00,166.42906549038696,175.0
2026-01-30 11:00:00,2026-01-29 11:00:00,273.3440422764373,291.0
2026-01-30 12:00:00,2026-01-29 12:00:00,397.36871508643736,382.0
2026-01-30 13:00:00,2026-01-29 13:00:00,441.10764546353914,438.0
2026-01-30 14:00:00,2026-01-29 14:00:00,418.37685378715844,452.0
2026-01-30 15:00:00,2026-01-29 15:00:00,440.4880476027852,421.0
2026-01-30 16:00:00,2026-01-29 16:00:00,332.5539333928501,347.0
2026-01-30 17:00:00,2026-01-29 17:00:00,204.9914938212141,239.0
2026-01-30 18:00:00,2026-01-29 18:00:00,63.77700501387791,105.0
2026-01-30 19:00:00,2026-01-29 19:00:00,1.5641765242822285,3.0
2026-01-30 20:00:00,2026-01-29 20:00:00,0.303382111516861,0.0
2026-01-30 21:00:00,2026-01-29 21:00:00,0.303382111516861,0.0
2026-01-30 22:00:00,2026-01-29 22:00:00,0.303382111516861,0.0
2026-01-30 23:00:00,2026-01-29 23:00:00,0.303382111516861,0.0
2026-01-31 00:00:00,2026-01-30 00:00:00,0.303382111516861,0.0
2026-01-31 01:00:00,2026-01-30 01:00:00,0.303382111516861,0.0
2026-01-31 02:00:00,2026-01-30 02:00:00,0.303382111516861,0.0
2026-01-31 03:00:00,2026-01-30 03:00:00,0.303382111516861,0.0
2026-01-31 04:00:00,2026-01-30 04:00:00,0.0,0.0
2026-01-31 05:00:00,2026-01-30 05:00:00,0.0,0.0
2026-01-31 06:00:00,2026-01-30 06:00:00,0.0,0.0
2026-01-31 07:00:00,2026-01-30 07:00:00,0.28310834970219506,0.0
2026-01-31 08:00:00,2026-01-30 08:00:00,0.28310834970219506,0.0
2026-01-31 09:00:00,2026-01-30 09:00:00,35.40727254243065,43.0
2026-01-31 10:00:00,2026-01-30 10:00:00,107.44575069233763,151.0
2026-01-31 11:00:00,2026-01-30 11:00:00,197.7861316880609,258.0
2026-01-31 12:00:00,2026-01-30 12:00:00,258.3278870726463,278.0
2026-01-31 13:00:00,2026-01-30 13:00:00,352.37914805829536,217.0
2026-01-31 14:00:00,2026-01-30 14:00:00,295.14147482004495,153.0
2026-01-31 15:00:00,2026-01-30 15:00:00,205.492699191577,133.0
2026-01-31 16:00:00,2026-01-30 16:00:00,213.12030091188836,122.0
2026-01-31 17:00:00,2026-01-30 17:00:00,133.3383417938374,91.0
2026-01-31 18:00:00,2026-01-30 18:00:00,51.01554812047915,41.0
2026-01-31 19:00:00,2026-01-30 19:00:00,2.005671092683693,1.0
2026-01-31 20:00:00,2026-01-30 20:00:00,0.303382111516861,0.0
2026-01-31 21:00:00,2026-01-30 21:00:00,0.28310834970219506,0.0
2026-01-31 22:00:00,2026-01-30 22:00:00,0.28310834970219506,0.0
2026-01-31 23:00:00,2026-01-30 23:00:00,0.28310834970219506,0.0
2026-02-01 00:00:00,2026-01-31 00:00:00,0.28310834970219506,0.0
2026-02-01 01:00:00,2026-01-31 01:00:00,0.28310834970219506,0.0
2026-02-01 02:00:00,2026-01-31 02:00:00,0.303382111516861,0.0
2026-02-01 03:00:00,2026-01-31 03:00:00,0.28310834970219506,0.0
2026-02-01 04:00:00,2026-01-31 04:00:00,0.28310834970219506,0.0
2026-02-01 05:00:00,2026-01-31 05:00:00,0.303382111516861,0.0
2026-02-01 06:00:00,2026-01-31 06:00:00,0.303382111516861,0.0
2026-02-01 07:00:00,2026-01-31 07:00:00,0.303382111516861,0.0
2026-02-01 08:00:00,2026-01-31 08:00:00,0.303382111516861,1.0
2026-02-01 09:00:00,2026-01-31 09:00:00,42.20775904345928,74.0
2026-02-01 10:00:00,2026-01-31 10:00:00,123.07671061270437,202.0
2026-02-01 11:00:00,2026-01-31 11:00:00,195.1207442697755,321.0
2026-02-01 12:00:00,2026-01-31 12:00:00,245.44383525737388,404.0
2026-02-01 13:00:00,2026-01-31 13:00:00,268.5802355374251,441.0
2026-02-01 14:00:00,2026-01-31 14:00:00,284.9434620078888,426.0
2026-02-01 15:00:00,2026-01-31 15:00:00,275.2046148672484,354.0
2026-02-01 16:00:00,2026-01-31 16:00:00,224.70415374036986,251.0
2026-02-01 17:00:00,2026-01-31 17:00:00,152.03642054463103,153.0
2026-02-01 18:00:00,2026-01-31 18:00:00,46.85601361095185,67.0
2026-02-01 19:00:00,2026-01-31 19:00:00,1.2402872261313655,3.0
2026-02-01 20:00:00,2026-01-31 20:00:00,0.28310834970219506,0.0
2026-02-01 21:00:00,2026-01-31 21:00:00,0.28310834970219506,0.0
2026-02-01 22:00:00,2026-01-31 22:00:00,0.28310834970219506,0.0
2026-02-01 23:00:00,2026-01-31 23:00:00,0.28310834970219506,0.0
2026-02-02 00:00:00,2026-02-01 00:00:00,0.28310834970219506,0.0
2026-02-02 01:00:00,2026-02-01 01:00:00,0.28310834970219506,0.0
2026-02-02 02:00:00,2026-02-01 02:00:00,0.28310834970219506,0.0
2026-02-02 03:00:00,2026-02-01 03:00:00,0.28310834970219506,0.0
2026-02-02 04:00:00,2026-02-01 04:00:00,0.303382111516861,0.0
2026-02-02 05:00:00,2026-02-01 05:00:00,0.303382111516861,0.0
2026-02-02 06:00:00,2026-02-01 06:00:00,0.303382111516861,0.0
2026-02-02 07:00:00,2026-02-01 07:00:00,0.303382111516861,0.0
2026-02-02 08:00:00,2026-02-01 08:00:00,1.0141458239449563,1.0
2026-02-02 09:00:00,2026-02-01 09:00:00,65.93850699578584,84.0
2026-02-02 10:00:00,2026-02-01 10:00:00,228.7221003553254,238.0
2026-02-02 11:00:00,2026-02-01 11:00:00,436.9143888004778,389.0
2026-02-02 12:00:00,2026-02-01 12:00:00,439.1456650188534,492.0
2026-02-02 13:00:00,2026-02-01 13:00:00,496.3810983069473,536.0
2026-02-02 14:00:00,2026-02-01 14:00:00,495.9021840295796,520.0
2026-02-02 15:00:00,2026-02-01 15:00:00,370.76499811594607,440.0
2026-02-02 16:00:00,2026-02-01 16:00:00,320.42691893301435,322.0
2026-02-02 17:00:00,2026-02-01 17:00:00,205.78067878105932,203.0
2026-02-02 18:00:00,2026-02-01 18:00:00,66.37474691436904,90.0
2026-02-02 19:00:00,2026-02-01 19:00:00,1.593962203390832,4.0
2026-02-02 20:00:00,2026-02-01 20:00:00,1.0490201365656118,0.0
2026-02-02 21:00:00,2026-02-01 21:00:00,0.3331677906254645,0.0
2026-02-02 22:00:00,2026-02-01 22:00:00,0.31289402881079853,0.0
2026-02-02 23:00:00,2026-02-01 23:00:00,0.5689652474626121,0.0
2026-02-03 00:00:00,2026-02-02 00:00:00,0.0,0.0
2026-02-03 01:00:00,2026-02-02 01:00:00,0.3331677906254645,0.0
2026-02-03 02:00:00,2026-02-02 02:00:00,0.0,0.0
2026-02-03 03:00:00,2026-02-02 03:00:00,0.0,0.0
2026-02-03 04:00:00,2026-02-02 04:00:00,0.0,0.0
2026-02-03 05:00:00,2026-02-02 05:00:00,0.31289402881079853,0.0
2026-02-03 06:00:00,2026-02-02 06:00:00,0.28310834970219506,0.0
2026-02-03 07:00:00,2026-02-02 07:00:00,0.25255678767525624,0.0
2026-02-03 08:00:00,2026-02-02 08:00:00,0.4865839614736501,1.0
2026-02-03 09:00:00,2026-02-02 09:00:00,69.34489551798772,83.0
2026-02-03 10:00:00,2026-02-02 10:00:00,227.83024867428176,230.0
2026-02-03 11:00:00,2026-02-02 11:00:00,396.2999300989517,379.0
2026-02-03 12:00:00,2026-02-02 12:00:00,505.1218458993245,501.0
2026-02-03 13:00:00,2026-02-02 13:00:00,560.9947587040137,581.0
2026-02-03 14:00:00,2026-02-02 14:00:00,552.8204930806202,596.0
2026-02-03 15:00:00,2026-02-02 15:00:00,505.2363113021584,532.0
2026-02-03 16:00:00,2026-02-02 16:00:00,392.21313129487623,413.0
2026-02-03 17:00:00,2026-02-02 17:00:00,229.69992585075178,274.0
2026-02-03 18:00:00,2026-02-02 18:00:00,83.71749658380918,126.0
2026-02-03 19:00:00,2026-02-02 19:00:00,1.8592616489932494,6.0
2026-02-03 20:00:00,2026-02-02 20:00:00,0.24281981435946998,0.0
2026-02-03 21:00:00,2026-02-02 21:00:00,0.222546052544804,0.0
2026-02-03 22:00:00,2026-02-02 22:00:00,0.222546052544804,0.0
2026-02-03 23:00:00,2026-02-02 23:00:00,0.222546052544804,0.0
2026-02-04 00:00:00,2026-02-03 00:00:00,0.222546052544804,0.0
2026-02-04 01:00:00,2026-02-03 01:00:00,0.222546052544804,0.0
2026-02-04 02:00:00,2026-02-03 02:00:00,0.25255678767525624,0.0
2026-02-04 03:00:00,2026-02-03 03:00:00,0.222546052544804,0.0
2026-02-04 04:00:00,2026-02-03 04:00:00,0.222546052544804,0.0
2026-02-04 05:00:00,2026-02-03 05:00:00,0.222546052544804,0.0
2026-02-04 06:00:00,2026-02-03 06:00:00,0.222546052544804,0.0
2026-02-04 07:00:00,2026-02-03 07:00:00,0.222546052544804,0.0
2026-02-04 08:00:00,2026-02-03 08:00:00,0.35145589491287355,2.0
2026-02-04 09:00:00,2026-02-03 09:00:00,76.60988868691413,93.0
2026-02-04 10:00:00,2026-02-03 10:00:00,234.66005600566623,259.0
2026-02-04 11:00:00,2026-02-03 11:00:00,372.82290205399596,424.0
2026-02-04 12:00:00,2026-02-03 12:00:00,495.17218541631905,547.0
2026-02-04 13:00:00,2026-02-03 13:00:00,540.6184609099744,614.0
2026-02-04 14:00:00,2026-02-03 14:00:00,550.0351879035524,616.0
2026-02-04 15:00:00,2026-02-03 15:00:00,547.4295871722463,547.0
2026-02-04 16:00:00,2026-02-03 16:00:00,421.64733677271283,425.0
2026-02-04 17:00:00,2026-02-03 17:00:00,248.51718020026257,283.0
2026-02-04 18:00:00,2026-02-03 18:00:00,98.91146131643559,131.0
2026-02-04 19:00:00,2026-02-03 19:00:00,3.192803502510449,7.0
2026-02-04 20:00:00,2026-02-03 20:00:00,0.28310834970219506,0.0
2026-02-04 21:00:00,2026-02-03 21:00:00,0.28310834970219506,0.0
2026-02-04 22:00:00,2026-02-03 22:00:00,0.28310834970219506,0.0
2026-02-04 23:00:00,2026-02-03 23:00:00,0.28310834970219506,0.0
2026-02-05 00:00:00,2026-02-04 00:00:00,0.28310834970219506,0.0
2026-02-05 01:00:00,2026-02-04 01:00:00,0.28310834970219506,0.0
2026-02-05 02:00:00,2026-02-04 02:00:00,0.28310834970219506,0.0
2026-02-05 03:00:00,2026-02-04 03:00:00,0.28310834970219506,0.0
2026-02-05 04:00:00,2026-02-04 04:00:00,0.28310834970219506,0.0
2026-02-05 05:00:00,2026-02-04 05:00:00,0.28310834970219506,0.0
2026-02-05 06:00:00,2026-02-04 06:00:00,0.28310834970219506,0.0
2026-02-05 07:00:00,2026-02-04 07:00:00,0.28310834970219506,0.0
2026-02-05 08:00:00,2026-02-04 08:00:00,0.64460386177578,2.0
2026-02-05 09:00:00,2026-02-04 09:00:00,74.8671718792151,80.0
2026-02-05 10:00:00,2026-02-04 10:00:00,219.2699638427704,236.0
2026-02-05 11:00:00,2026-02-04 11:00:00,372.8627474753101,390.0
2026-02-05 12:00:00,2026-02-04 12:00:00,484.7771112953589,460.0
2026-02-05 13:00:00,2026-02-04 13:00:00,467.475724870272,446.0
2026-02-05 14:00:00,2026-02-04 14:00:00,496.57462880731,406.0
2026-02-05 15:00:00,2026-02-04 15:00:00,409.698916314913,376.0
2026-02-05 16:00:00,2026-02-04 16:00:00,323.1896074748394,327.0
2026-02-05 17:00:00,2026-02-04 17:00:00,214.6683133910214,238.0
2026-02-05 18:00:00,2026-02-04 18:00:00,80.59195822270681,114.0
2026-02-05 19:00:00,2026-02-04 19:00:00,2.7599113874065657,7.0
2026-02-05 20:00:00,2026-02-04 20:00:00,0.28310834970219506,0.0
2026-02-05 21:00:00,2026-02-04 21:00:00,0.303382111516861,0.0
2026-02-05 22:00:00,2026-02-04 22:00:00,0.303382111516861,0.0
2026-02-05 23:00:00,2026-02-04 23:00:00,0.303382111516861,0.0
2026-02-06 00:00:00,2026-02-05 00:00:00,0.28310834970219506,0.0
2026-02-06 01:00:00,2026-02-05 01:00:00,0.28310834970219506,0.0
2026-02-06 02:00:00,2026-02-05 02:00:00,0.28310834970219506,0.0
2026-02-06 03:00:00,2026-02-05 03:00:00,0.28310834970219506,0.0
2026-02-06 04:00:00,2026-02-05 04:00:00,0.28310834970219506,0.0
2026-02-06 05:00:00,2026-02-05 05:00:00,0.28310834970219506,0.0
2026-02-06 06:00:00,2026-02-05 06:00:00,0.36071835726059825,0.0
2026-02-06 07:00:00,2026-02-05 07:00:00,0.21775015539486706,0.0
2026-02-06 08:00:00,2026-02-05 08:00:00,0.9107490575978707,1.0
2026-02-06 09:00:00,2026-02-05 09:00:00,36.65950077484849,38.0
2026-02-06 10:00:00,2026-02-05 10:00:00,79.07520040631437,127.0
2026-02-06 11:00:00,2026-02-05 11:00:00,208.02517708873268,245.0
2026-02-06 12:00:00,2026-02-05 12:00:00,439.5233021292382,380.0
2026-02-06 13:00:00,2026-02-05 13:00:00,483.10275936745126,505.0
2026-02-06 14:00:00,2026-02-05 14:00:00,462.0710064742692,561.0
2026-02-06 15:00:00,2026-02-05 15:00:00,489.40608886504026,510.0
2026-02-06 16:00:00,2026-02-05 16:00:00,392.13468386750225,389.0
2026-02-06 17:00:00,2026-02-05 17:00:00,229.21973587770023,249.0
2026-02-06 18:00:00,2026-02-05 18:00:00,79.78599061130319,108.0
2026-02-06 19:00:00,2026-02-05 19:00:00,3.863594084255132,7.0
2026-02-06 20:00:00,2026-02-05 20:00:00,0.303382111516861,0.0
2026-02-06 21:00:00,2026-02-05 21:00:00,0.303382111516861,0.0
2026-02-06 22:00:00,2026-02-05 22:00:00,0.303382111516861,0.0
2026-02-06 23:00:00,2026-02-05 23:00:00,0.3809921190752642,0.0
2026-02-07 00:00:00,2026-02-06 00:00:00,0.3809921190752642,0.0
2026-02-07 01:00:00,2026-02-06 01:00:00,0.3809921190752642,0.0
2026-02-07 02:00:00,2026-02-06 02:00:00,0.303382111516861,0.0
2026-02-07 03:00:00,2026-02-06 03:00:00,0.3809921190752642,0.0
2026-02-07 04:00:00,2026-02-06 04:00:00,0.3809921190752642,0.0
2026-02-07 05:00:00,2026-02-06 05:00:00,0.303382111516861,0.0
2026-02-07 06:00:00,2026-02-06 06:00:00,0.303382111516861,0.0
2026-02-07 07:00:00,2026-02-06 07:00:00,0.28310834970219506,0.0
2026-02-07 08:00:00,2026-02-06 08:00:00,1.5439027624675625,2.0
2026-02-07 09:00:00,2026-02-06 09:00:00,60.04585402510205,74.0
2026-02-07 10:00:00,2026-02-06 10:00:00,190.13571947386734,200.0
2026-02-07 11:00:00,2026-02-06 11:00:00,297.68079249649736,333.0
2026-02-07 12:00:00,2026-02-06 12:00:00,366.03181443894294,445.0
2026-02-07 13:00:00,2026-02-06 13:00:00,450.63971715981137,523.0
2026-02-07 14:00:00,2026-02-06 14:00:00,441.50711502546136,545.0
2026-02-07 15:00:00,2026-02-06 15:00:00,409.81182916191335,506.0
2026-02-07 16:00:00,2026-02-06 16:00:00,355.32753188627487,413.0
2026-02-07 17:00:00,2026-02-06 17:00:00,235.7582074044258,276.0
2026-02-07 18:00:00,2026-02-06 18:00:00,90.39181778166915,118.0
2026-02-07 19:00:00,2026-02-06 19:00:00,3.9760939218056097,7.0
2026-02-07 20:00:00,2026-02-06 20:00:00,0.28310834970219506,0.0
2026-02-07 21:00:00,2026-02-06 21:00:00,0.28310834970219506,0.0
2026-02-07 22:00:00,2026-02-06 22:00:00,0.28310834970219506,0.0
2026-02-07 23:00:00,2026-02-06 23:00:00,0.222546052544804,0.0
2026-02-08 00:00:00,2026-02-07 00:00:00,0.28310834970219506,0.0
2026-02-08 01:00:00,2026-02-07 01:00:00,0.28310834970219506,0.0
2026-02-08 02:00:00,2026-02-07 02:00:00,0.28310834970219506,0.0
2026-02-08 03:00:00,2026-02-07 03:00:00,0.28310834970219506,0.0
2026-02-08 04:00:00,2026-02-07 04:00:00,0.28310834970219506,0.0
2026-02-08 05:00:00,2026-02-07 05:00:00,0.28310834970219506,0.0
2026-02-08 06:00:00,2026-02-07 06:00:00,0.28310834970219506,0.0
2026-02-08 07:00:00,2026-02-07 07:00:00,0.28310834970219506,0.0
2026-02-08 08:00:00,2026-02-07 08:00:00,1.3432400551273531,3.0
2026-02-08 09:00:00,2026-02-07 09:00:00,60.177128536538994,85.0
2026-02-08 10:00:00,2026-02-07 10:00:00,167.84580925506725,217.0
2026-02-08 11:00:00,2026-02-07 11:00:00,296.10362396926877,349.0
2026-02-08 12:00:00,2026-02-07 12:00:00,451.1942149099382,470.0
2026-02-08 13:00:00,2026-02-07 13:00:00,562.4917821151292,563.0
2026-02-08 14:00:00,2026-02-07 14:00:00,611.2516462435359,590.0
2026-02-08 15:00:00,2026-02-07 15:00:00,525.5601452967339,538.0
2026-02-08 16:00:00,2026-02-07 16:00:00,452.5602806972009,425.0
2026-02-08 17:00:00,2026-02-07 17:00:00,275.77427356109854,277.0
2026-02-08 18:00:00,2026-02-07 18:00:00,112.38777550998,116.0
2026-02-08 19:00:00,2026-02-07 19:00:00,4.60446050807334,7.0
2026-02-08 20:00:00,2026-02-07 20:00:00,0.222546052544804,0.0
2026-02-08 21:00:00,2026-02-07 21:00:00,0.222546052544804,0.0
2026-02-08 22:00:00,2026-02-07 22:00:00,0.28310834970219506,0.0
2026-02-08 23:00:00,2026-02-07 23:00:00,0.28310834970219506,0.0
2026-02-09 00:00:00,2026-02-08 00:00:00,0.28310834970219506,0.0
2026-02-09 01:00:00,2026-02-08 01:00:00,0.28310834970219506,0.0
2026-02-09 02:00:00,2026-02-08 02:00:00,0.28310834970219506,0.0
2026-02-09 03:00:00,2026-02-08 03:00:00,0.28310834970219506,0.0
2026-02-09 04:00:00,2026-02-08 04:00:00,0.303382111516861,0.0
2026-02-09 05:00:00,2026-02-08 05:00:00,0.28310834970219506,0.0
2026-02-09 06:00:00,2026-02-08 06:00:00,0.28310834970219506,0.0
2026-02-09 07:00:00,2026-02-08 07:00:00,0.28310834970219506,0.0
2026-02-09 08:00:00,2026-02-08 08:00:00,2.1350667298533565,2.0
2026-02-09 09:00:00,2026-02-08 09:00:00,72.94502179481061,71.0
2026-02-09 10:00:00,2026-02-08 10:00:00,215.68079450069672,191.0
2026-02-09 11:00:00,2026-02-08 11:00:00,324.7607561860557,318.0
2026-02-09 12:00:00,2026-02-08 12:00:00,439.63108636655085,426.0
2026-02-09 13:00:00,2026-02-08 13:00:00,495.61809204961,499.0
2026-02-09 14:00:00,2026-02-08 14:00:00,519.0249798242232,520.0
2026-02-09 15:00:00,2026-02-08 15:00:00,438.52780787677153,487.0
2026-02-09 16:00:00,2026-02-08 16:00:00,415.1545825832316,401.0
2026-02-09 17:00:00,2026-02-08 17:00:00,273.6776873713516,270.0
2026-02-09 18:00:00,2026-02-08 18:00:00,105.53891644062573,114.0
2026-02-09 19:00:00,2026-02-08 19:00:00,3.7939454704026967,7.0
2026-02-09 20:00:00,2026-02-08 20:00:00,0.28310834970219506,0.0
2026-02-09 21:00:00,2026-02-08 21:00:00,0.28310834970219506,0.0
2026-02-09 22:00:00,2026-02-08 22:00:00,0.28310834970219506,0.0
2026-02-09 23:00:00,2026-02-08 23:00:00,0.303382111516861,0.0
2026-02-10 00:00:00,2026-02-09 00:00:00,0.303382111516861,0.0
2026-02-10 01:00:00,2026-02-09 01:00:00,0.303382111516861,0.0
2026-02-10 02:00:00,2026-02-09 02:00:00,0.28310834970219506,0.0
2026-02-10 03:00:00,2026-02-09 03:00:00,0.303382111516861,0.0
2026-02-10 04:00:00,2026-02-09 04:00:00,0.28310834970219506,0.0
2026-02-10 05:00:00,2026-02-09 05:00:00,0.303382111516861,0.0
2026-02-10 06:00:00,2026-02-09 06:00:00,0.303382111516861,0.0
2026-02-10 07:00:00,2026-02-09 07:00:00,0.303382111516861,0.0
2026-02-10 08:00:00,2026-02-09 08:00:00,2.8050013018812163,3.0
2026-02-10 09:00:00,2026-02-09 09:00:00,65.0041225120934,79.0
2026-02-10 10:00:00,2026-02-09 10:00:00,193.33910014492992,197.0
2026-02-10 11:00:00,2026-02-09 11:00:00,274.08845696547644,306.0
2026-02-10 12:00:00,2026-02-09 12:00:00,432.0977467882755,377.0
2026-02-10 13:00:00,2026-02-09 13:00:00,500.904785572027,402.0
2026-02-10 14:00:00,2026-02-09 14:00:00,450.2120043389298,385.0
2026-02-10 15:00:00,2026-02-09 15:00:00,475.5927305178334,326.0
2026-02-10 16:00:00,2026-02-09 16:00:00,407.99223833183726,241.0
2026-02-10 17:00:00,2026-02-09 17:00:00,277.96472613716116,154.0
2026-02-10 18:00:00,2026-02-09 18:00:00,107.35291368320006,72.0
2026-02-10 19:00:00,2026-02-09 19:00:00,5.061788346395291,6.0
2026-02-10 20:00:00,2026-02-09 20:00:00,0.28310834970219506,0.0
2026-02-10 21:00:00,2026-02-09 21:00:00,0.303382111516861,0.0
2026-02-10 22:00:00,2026-02-09 22:00:00,0.303382111516861,0.0
2026-02-10 23:00:00,2026-02-09 23:00:00,0.303382111516861,0.0
2026-02-11 00:00:00,2026-02-10 00:00:00,0.28310834970219506,0.0
2026-02-11 01:00:00,2026-02-10 01:00:00,0.303382111516861,0.0
2026-02-11 02:00:00,2026-02-10 02:00:00,0.28310834970219506,0.0
2026-02-11 03:00:00,2026-02-10 03:00:00,0.28310834970219506,0.0
2026-02-11 04:00:00,2026-02-10 04:00:00,0.28310834970219506,0.0
2026-02-11 05:00:00,2026-02-10 05:00:00,0.28310834970219506,0.0
2026-02-11 06:00:00,2026-02-10 06:00:00,0.28310834970219506,0.0
2026-02-11 07:00:00,2026-02-10 07:00:00,0.28310834970219506,0.0
2026-02-11 08:00:00,2026-02-10 08:00:00,2.8050013018812163,4.0
2026-02-11 09:00:00,2026-02-10 09:00:00,75.16727915410043,88.0
2026-02-11 10:00:00,2026-02-10 10:00:00,196.28289529834402,218.0
2026-02-11 11:00:00,2026-02-10 11:00:00,342.685058665785,342.0
2026-02-11 12:00:00,2026-02-10 12:00:00,443.9495329610583,434.0
2026-02-11 13:00:00,2026-02-10 13:00:00,462.10053937222733,483.0
2026-02-11 14:00:00,2026-02-10 14:00:00,438.09385081372216,472.0
2026-02-11 15:00:00,2026-02-10 15:00:00,284.79967808785995,391.0
2026-02-11 16:00:00,2026-02-10 16:00:00,142.6885081523058,272.0
2026-02-11 17:00:00,2026-02-10 17:00:00,113.58679762002767,162.0
2026-02-11 18:00:00,2026-02-10 18:00:00,50.04689735080048,72.0
2026-02-11 19:00:00,2026-02-10 19:00:00,4.025355818813531,6.0
2026-02-11 20:00:00,2026-02-10 20:00:00,0.28310834970219506,0.0
2026-02-11 21:00:00,2026-02-10 21:00:00,0.28310834970219506,0.0
2026-02-11 22:00:00,2026-02-10 22:00:00,0.28310834970219506,0.0
2026-02-11 23:00:00,2026-02-10 23:00:00,0.28310834970219506,0.0
2026-02-12 00:00:00,2026-02-11 00:00:00,0.28310834970219506,0.0
2026-02-12 01:00:00,2026-02-11 01:00:00,0.28310834970219506,0.0
2026-02-12 02:00:00,2026-02-11 02:00:00,0.28310834970219506,0.0
2026-02-12 03:00:00,2026-02-11 03:00:00,0.28310834970219506,0.0
2026-02-12 04:00:00,2026-02-11 04:00:00,0.28310834970219506,0.0
2026-02-12 05:00:00,2026-02-11 05:00:00,0.28310834970219506,0.0
2026-02-12 06:00:00,2026-02-11 06:00:00,0.28310834970219506,0.0
2026-02-12 07:00:00,2026-02-11 07:00:00,0.28310834970219506,0.0
2026-02-12 08:00:00,2026-02-11 08:00:00,1.404311707709216,1.0
2026-02-12 09:00:00,2026-02-11 09:00:00,35.05143630999762,41.0
2026-02-12 10:00:00,2026-02-11 10:00:00,114.80959709213724,128.0
2026-02-12 11:00:00,2026-02-11 11:00:00,275.0663765005268,226.0
2026-02-12 12:00:00,2026-02-11 12:00:00,307.53514300713624,297.0
2026-02-12 13:00:00,2026-02-11 13:00:00,356.53047496200344,330.0
2026-02-12 14:00:00,2026-02-11 14:00:00,259.9177475914915,325.0
2026-02-12 15:00:00,2026-02-11 15:00:00,144.81072284330355,279.0
2026-02-12 16:00:00,2026-02-11 16:00:00,123.60688290043834,206.0
2026-02-12 17:00:00,2026-02-11 17:00:00,210.47720641181976,132.0
2026-02-12 18:00:00,2026-02-11 18:00:00,109.5879114476327,63.0
2026-02-12 19:00:00,2026-02-11 19:00:00,6.388353292387451,6.0
2026-02-12 20:00:00,2026-02-11 20:00:00,0.28310834970219506,0.0
2026-02-12 21:00:00,2026-02-11 21:00:00,0.28310834970219506,0.0
2026-02-12 22:00:00,2026-02-11 22:00:00,0.28310834970219506,0.0
2026-02-12 23:00:00,2026-02-11 23:00:00,0.28310834970219506,0.0
2026-02-13 00:00:00,2026-02-12 00:00:00,0.28310834970219506,0.0
2026-02-13 01:00:00,2026-02-12 01:00:00,0.303382111516861,0.0
2026-02-13 02:00:00,2026-02-12 02:00:00,0.28310834970219506,0.0
2026-02-13 03:00:00,2026-02-12 03:00:00,0.28310834970219506,0.0
2026-02-13 04:00:00,2026-02-12 04:00:00,0.28310834970219506,0.0
2026-02-13 05:00:00,2026-02-12 05:00:00,0.28310834970219506,0.0
2026-02-13 06:00:00,2026-02-12 06:00:00,0.303382111516861,0.0
2026-02-13 07:00:00,2026-02-12 07:00:00,0.303382111516861,0.0
2026-02-13 08:00:00,2026-02-12 08:00:00,2.1230697222015955,2.0
2026-02-13 09:00:00,2026-02-12 09:00:00,34.47842825817073,35.0
2026-02-13 10:00:00,2026-02-12 10:00:00,84.78141277867286,83.0
2026-02-13 11:00:00,2026-02-12 11:00:00,117.50964985645014,124.0
2026-02-13 12:00:00,2026-02-12 12:00:00,109.82962075434969,126.0
2026-02-13 13:00:00,2026-02-12 13:00:00,105.58852949067575,98.0
2026-02-13 14:00:00,2026-02-12 14:00:00,240.24922324917625,92.0
2026-02-13 15:00:00,2026-02-12 15:00:00,190.02192519466016,147.0
2026-02-13 16:00:00,2026-02-12 16:00:00,233.56111250342715,200.0
2026-02-13 17:00:00,2026-02-12 17:00:00,165.66320835325706,177.0
2026-02-13 18:00:00,2026-02-12 18:00:00,85.27131766707991,85.0
2026-02-13 19:00:00,2026-02-12 19:00:00,7.3565986257612765,7.0
2026-02-13 20:00:00,2026-02-12 20:00:00,0.3755187678876407,0.0
2026-02-13 21:00:00,2026-02-12 21:00:00,0.303382111516861,0.0
2026-02-13 22:00:00,2026-02-12 22:00:00,0.303382111516861,0.0
2026-02-13 23:00:00,2026-02-12 23:00:00,0.303382111516861,0.0
2026-02-14 00:00:00,2026-02-13 00:00:00,0.0,0.0
2026-02-14 01:00:00,2026-02-13 01:00:00,0.0,0.0
2026-02-14 02:00:00,2026-02-13 02:00:00,0.39579252970230666,0.0
2026-02-14 03:00:00,2026-02-13 03:00:00,0.0,0.0
2026-02-14 04:00:00,2026-02-13 04:00:00,0.0,0.0
2026-02-14 05:00:00,2026-02-13 05:00:00,0.3331677906254645,0.0
2026-02-14 06:00:00,2026-02-13 06:00:00,0.3331677906254645,0.0
2026-02-14 07:00:00,2026-02-13 07:00:00,0.3331677906254645,0.0
2026-02-14 08:00:00,2026-02-13 08:00:00,3.025827363386048,5.0
2026-02-14 09:00:00,2026-02-13 09:00:00,67.19703140239518,90.0
2026-02-14 10:00:00,2026-02-13 10:00:00,189.99788885748458,223.0
2026-02-14 11:00:00,2026-02-13 11:00:00,357.58694373734016,362.0
2026-02-14 12:00:00,2026-02-13 12:00:00,434.36838994381844,484.0
2026-02-14 13:00:00,2026-02-13 13:00:00,507.9044342203696,571.0
2026-02-14 14:00:00,2026-02-13 14:00:00,613.5467507072674,595.0
2026-02-14 15:00:00,2026-02-13 15:00:00,480.4748409309877,545.0
2026-02-14 16:00:00,2026-02-13 16:00:00,389.84102957441576,436.0
2026-02-14 17:00:00,2026-02-13 17:00:00,242.38631080401893,289.0
2026-02-14 18:00:00,2026-02-13 18:00:00,107.31545124865313,127.0
2026-02-14 19:00:00,2026-02-13 19:00:00,8.477806058494844,11.0
2026-02-14 20:00:00,2026-02-13 20:00:00,0.28310834970219506,0.0
2026-02-14 21:00:00,2026-02-13 21:00:00,0.303382111516861,0.0
2026-02-14 22:00:00,2026-02-13 22:00:00,0.303382111516861,0.0
2026-02-14 23:00:00,2026-02-13 23:00:00,0.28310834970219506,0.0
2026-02-15 00:00:00,2026-02-14 00:00:00,0.28310834970219506,0.0
2026-02-15 01:00:00,2026-02-14 01:00:00,0.28310834970219506,0.0
2026-02-15 02:00:00,2026-02-14 02:00:00,0.28310834970219506,0.0
2026-02-15 03:00:00,2026-02-14 03:00:00,0.28310834970219506,0.0
2026-02-15 04:00:00,2026-02-14 04:00:00,0.28310834970219506,0.0
2026-02-15 05:00:00,2026-02-14 05:00:00,0.28310834970219506,0.0
2026-02-15 06:00:00,2026-02-14 06:00:00,0.222546052544804,0.0
2026-02-15 07:00:00,2026-02-14 07:00:00,0.222546052544804,0.0
2026-02-15 08:00:00,2026-02-14 08:00:00,3.658027415936095,7.0
2026-02-15 09:00:00,2026-02-14 09:00:00,106.2291688113854,118.0
2026-02-15 10:00:00,2026-02-14 10:00:00,293.1151969724739,278.0
2026-02-15 11:00:00,2026-02-14 11:00:00,453.26744243147215,434.0
2026-02-15 12:00:00,2026-02-14 12:00:00,557.5129211791991,555.0
2026-02-15 13:00:00,2026-02-14 13:00:00,631.6092943627729,628.0
2026-02-15 14:00:00,2026-02-14 14:00:00,653.056317248451,639.0
2026-02-15 15:00:00,2026-02-14 15:00:00,610.8656286048532,589.0
2026-02-15 16:00:00,2026-02-14 16:00:00,473.0106760249397,482.0
2026-02-15 17:00:00,2026-02-14 17:00:00,323.69708916992295,328.0
2026-02-15 18:00:00,2026-02-14 18:00:00,131.5439960901755,149.0
2026-02-15 19:00:00,2026-02-14 19:00:00,9.43284814308837,14.0
2026-02-15 20:00:00,2026-02-14 20:00:00,0.222546052544804,0.0
2026-02-15 21:00:00,2026-02-14 21:00:00,0.222546052544804,0.0
2026-02-15 22:00:00,2026-02-14 22:00:00,0.222546052544804,0.0
2026-02-15 23:00:00,2026-02-14 23:00:00,0.28310834970219506,0.0
2026-02-16 00:00:00,2026-02-15 00:00:00,0.28310834970219506,0.0
2026-02-16 01:00:00,2026-02-15 01:00:00,0.28310834970219506,0.0
2026-02-16 02:00:00,2026-02-15 02:00:00,0.28310834970219506,0.0
2026-02-16 03:00:00,2026-02-15 03:00:00,0.28310834970219506,0.0
2026-02-16 04:00:00,2026-02-15 04:00:00,0.28310834970219506,0.0
2026-02-16 05:00:00,2026-02-15 05:00:00,0.28310834970219506,0.0
2026-02-16 06:00:00,2026-02-15 06:00:00,0.28310834970219506,0.0
2026-02-16 07:00:00,2026-02-15 07:00:00,0.28310834970219506,0.0
2026-02-16 08:00:00,2026-02-15 08:00:00,6.393479823757366,8.0
2026-02-16 09:00:00,2026-02-15 09:00:00,105.80393345829711,118.0
2026-02-16 10:00:00,2026-02-15 10:00:00,273.9047832663781,263.0
2026-02-16 11:00:00,2026-02-15 11:00:00,436.29595581061994,398.0
2026-02-16 12:00:00,2026-02-15 12:00:00,461.8337932013587,515.0
2026-02-16 13:00:00,2026-02-15 13:00:00,550.4057611988757,594.0
2026-02-16 14:00:00,2026-02-15 14:00:00,517.1727747533826,588.0
2026-02-16 15:00:00,2026-02-15 15:00:00,515.5011662339109,463.0
2026-02-16 16:00:00,2026-02-15 16:00:00,459.1588581301414,289.0
2026-02-16 17:00:00,2026-02-15 17:00:00,273.29834547223436,159.0
2026-02-16 18:00:00,2026-02-15 18:00:00,125.71880669944694,80.0
2026-02-16 19:00:00,2026-02-15 19:00:00,10.819188320391882,11.0
2026-02-16 20:00:00,2026-02-15 20:00:00,0.28310834970219506,0.0
2026-02-16 21:00:00,2026-02-15 21:00:00,0.36071835726059825,0.0
2026-02-16 22:00:00,2026-02-15 22:00:00,0.19195013393815907,0.0
2026-02-16 23:00:00,2026-02-15 23:00:00,0.05577732651768873,0.0
2026-02-17 00:00:00,2026-02-16 00:00:00,0.11381440735100322,0.0
2026-02-17 01:00:00,2026-02-16 01:00:00,0.11381440735100322,0.0
2026-02-17 02:00:00,2026-02-16 02:00:00,0.11381440735100322,0.0
2026-02-17 03:00:00,2026-02-16 03:00:00,0.11381440735100322,0.0
2026-02-17 04:00:00,2026-02-16 04:00:00,0.05577732651768873,0.0
2026-02-17 05:00:00,2026-02-16 05:00:00,0.0,0.0
2026-02-17 06:00:00,2026-02-16 06:00:00,0.0,0.0
2026-02-17 07:00:00,2026-02-16 07:00:00,0.0,0.0
2026-02-17 08:00:00,2026-02-16 08:00:00,5.782867904669418,9.0
2026-02-17 09:00:00,2026-02-16 09:00:00,92.0416139466735,117.0
2026-02-17 10:00:00,2026-02-16 10:00:00,237.26616213972184,262.0
2026-02-17 11:00:00,2026-02-16 11:00:00,383.1676157113072,397.0
2026-02-17 12:00:00,2026-02-16 12:00:00,462.14855688832307,491.0
2026-02-17 13:00:00,2026-02-16 13:00:00,480.03300527647605,534.0
2026-02-17 14:00:00,2026-02-16 14:00:00,483.7972111834053,525.0
2026-02-17 15:00:00,2026-02-16 15:00:00,508.1447333696988,465.0
2026-02-17 16:00:00,2026-02-16 16:00:00,409.48744401746455,365.0
2026-02-17 17:00:00,2026-02-16 17:00:00,231.98070505502767,240.0
2026-02-17 18:00:00,2026-02-16 18:00:00,105.22543057549098,108.0
2026-02-17 19:00:00,2026-02-16 19:00:00,9.730100012063554,11.0
2026-02-17 20:00:00,2026-02-16 20:00:00,0.5696410647633814,0.0
2026-02-17 21:00:00,2026-02-16 21:00:00,0.5696410647633814,0.0
2026-02-17 22:00:00,2026-02-16 22:00:00,0.5696410647633814,0.0
2026-02-17 23:00:00,2026-02-16 23:00:00,0.0,0.0
2026-02-18 00:00:00,2026-02-17 00:00:00,0.41077779818386767,0.0
2026-02-18 01:00:00,2026-02-17 01:00:00,0.303382111516861,0.0
2026-02-18 02:00:00,2026-02-17 02:00:00,0.303382111516861,0.0
2026-02-18 03:00:00,2026-02-17 03:00:00,0.303382111516861,0.0
2026-02-18 04:00:00,2026-02-17 04:00:00,0.303382111516861,0.0
2026-02-18 05:00:00,2026-02-17 05:00:00,0.303382111516861,0.0
2026-02-18 06:00:00,2026-02-17 06:00:00,0.303382111516861,0.0
2026-02-18 07:00:00,2026-02-17 07:00:00,0.303382111516861,0.0
2026-02-18 08:00:00,2026-02-17 08:00:00,4.280454554557898,6.0
2026-02-18 09:00:00,2026-02-17 09:00:00,71.067592194705,89.0
2026-02-18 10:00:00,2026-02-17 10:00:00,233.9522776153799,242.0
2026-02-18 11:00:00,2026-02-17 11:00:00,341.1138505014932,407.0
2026-02-18 12:00:00,2026-02-17 12:00:00,444.11728581838906,513.0
2026-02-18 13:00:00,2026-02-17 13:00:00,529.6904061285637,550.0
2026-02-18 14:00:00,2026-02-17 14:00:00,524.3344917099117,544.0
2026-02-18 15:00:00,2026-02-17 15:00:00,543.754901424618,517.0
2026-02-18 16:00:00,2026-02-17 16:00:00,454.36798309232915,445.0
2026-02-18 17:00:00,2026-02-17 17:00:00,253.4672855204742,314.0
2026-02-18 18:00:00,2026-02-17 18:00:00,124.9735456937714,144.0
2026-02-18 19:00:00,2026-02-17 19:00:00,10.501632860299999,15.0
2026-02-18 20:00:00,2026-02-17 20:00:00,0.28310834970219506,0.0
2026-02-18 21:00:00,2026-02-17 21:00:00,0.28310834970219506,0.0
2026-02-18 22:00:00,2026-02-17 22:00:00,0.28310834970219506,0.0
2026-02-18 23:00:00,2026-02-17 23:00:00,0.28310834970219506,0.0
2026-02-19 00:00:00,2026-02-18 00:00:00,0.28310834970219506,0.0
2026-02-19 01:00:00,2026-02-18 01:00:00,0.222546052544804,0.0
2026-02-19 02:00:00,2026-02-18 02:00:00,0.28310834970219506,0.0
2026-02-19 03:00:00,2026-02-18 03:00:00,0.303382111516861,0.0
2026-02-19 04:00:00,2026-02-18 04:00:00,0.303382111516861,0.0
2026-02-19 05:00:00,2026-02-18 05:00:00,0.31289402881079853,0.0
2026-02-19 06:00:00,2026-02-18 06:00:00,0.222546052544804,0.0
2026-02-19 07:00:00,2026-02-18 07:00:00,0.303382111516861,0.0
2026-02-19 08:00:00,2026-02-18 08:00:00,5.800410636140831,10.0
2026-02-19 09:00:00,2026-02-18 09:00:00,125.99198119284758,129.0
2026-02-19 10:00:00,2026-02-18 10:00:00,281.69953412471943,301.0
2026-02-19 11:00:00,2026-02-18 11:00:00,430.7763544615032,473.0
2026-02-19 12:00:00,2026-02-18 12:00:00,557.1649280695798,595.0
2026-02-19 13:00:00,2026-02-18 13:00:00,614.6192502110199,656.0
2026-02-19 14:00:00,2026-02-18 14:00:00,649.374687320828,657.0
2026-02-19 15:00:00,2026-02-18 15:00:00,607.5072962821059,606.0
2026-02-19 16:00:00,2026-02-18 16:00:00,465.7816875724006,499.0
2026-02-19 17:00:00,2026-02-18 17:00:00,332.26339151765427,343.0
2026-02-19 18:00:00,2026-02-18 18:00:00,145.193121470272,159.0
2026-02-19 19:00:00,2026-02-18 19:00:00,13.05222612386577,18.0
2026-02-19 20:00:00,2026-02-18 20:00:00,0.28310834970219506,0.0
2026-02-19 21:00:00,2026-02-18 21:00:00,0.222546052544804,0.0
2026-02-19 22:00:00,2026-02-18 22:00:00,0.222546052544804,0.0
2026-02-19 23:00:00,2026-02-18 23:00:00,0.222546052544804,0.0
2026-02-20 00:00:00,2026-02-19 00:00:00,0.28310834970219506,0.0
2026-02-20 01:00:00,2026-02-19 01:00:00,0.25255678767525624,0.0
2026-02-20 02:00:00,2026-02-19 02:00:00,0.222546052544804,0.0
2026-02-20 03:00:00,2026-02-19 03:00:00,0.222546052544804,0.0
2026-02-20 04:00:00,2026-02-19 04:00:00,0.222546052544804,0.0
2026-02-20 05:00:00,2026-02-19 05:00:00,0.222546052544804,0.0
2026-02-20 06:00:00,2026-02-19 06:00:00,0.222546052544804,0.0
2026-02-20 07:00:00,2026-02-19 07:00:00,0.222546052544804,0.0
2026-02-20 08:00:00,2026-02-19 08:00:00,8.271841264399619,12.0
2026-02-20 09:00:00,2026-02-19 09:00:00,126.95975586530643,134.0
2026-02-20 10:00:00,2026-02-19 10:00:00,272.4465440441164,297.0
2026-02-20 11:00:00,2026-02-19 11:00:00,465.4727907708536,446.0
2026-02-20 12:00:00,2026-02-19 12:00:00,590.2656006244661,536.0
2026-02-20 13:00:00,2026-02-19 13:00:00,575.6561642483427,564.0
2026-02-20 14:00:00,2026-02-19 14:00:00,586.0418844570045,550.0
2026-02-20 15:00:00,2026-02-19 15:00:00,613.7840262285354,518.0
2026-02-20 16:00:00,2026-02-19 16:00:00,471.8970779279456,446.0
2026-02-20 17:00:00,2026-02-19 17:00:00,289.54177199439295,318.0
2026-02-20 18:00:00,2026-02-19 18:00:00,141.0363931824681,151.0
2026-02-20 19:00:00,2026-02-19 19:00:00,15.189201945540935,18.0
2026-02-20 20:00:00,2026-02-19 20:00:00,0.222546052544804,0.0
2026-02-20 21:00:00,2026-02-19 21:00:00,0.222546052544804,0.0
2026-02-20 22:00:00,2026-02-19 22:00:00,0.222546052544804,0.0
2026-02-20 23:00:00,2026-02-19 23:00:00,0.222546052544804,0.0
2026-02-21 00:00:00,2026-02-20 00:00:00,0.222546052544804,0.0
2026-02-21 01:00:00,2026-02-20 01:00:00,0.222546052544804,0.0
2026-02-21 02:00:00,2026-02-20 02:00:00,0.222546052544804,0.0
2026-02-21 03:00:00,2026-02-20 03:00:00,0.222546052544804,0.0
2026-02-21 04:00:00,2026-02-20 04:00:00,0.222546052544804,0.0
2026-02-21 05:00:00,2026-02-20 05:00:00,0.222546052544804,0.0
2026-02-21 06:00:00,2026-02-20 06:00:00,0.222546052544804,0.0
2026-02-21 07:00:00,2026-02-20 07:00:00,0.222546052544804,0.0
2026-02-21 08:00:00,2026-02-20 08:00:00,8.711671574300107,14.0
2026-02-21 09:00:00,2026-02-20 09:00:00,135.19615370020722,142.0
2026-02-21 10:00:00,2026-02-20 10:00:00,311.28305729802383,320.0
2026-02-21 11:00:00,2026-02-20 11:00:00,488.858800586999,493.0
2026-02-21 12:00:00,2026-02-20 12:00:00,616.9478925629761,622.0
2026-02-21 13:00:00,2026-02-20 13:00:00,692.3459727169449,691.0
2026-02-21 14:00:00,2026-02-20 14:00:00,702.9756580108963,690.0
2026-02-21 15:00:00,2026-02-20 15:00:00,555.4510373283024,619.0
2026-02-21 16:00:00,2026-02-20 16:00:00,395.47701225750586,490.0
2026-02-21 17:00:00,2026-02-20 17:00:00,242.3057246891816,326.0
2026-02-21 18:00:00,2026-02-20 18:00:00,141.19197810872342,151.0
2026-02-21 19:00:00,2026-02-20 19:00:00,15.71051073905518,19.0
2026-02-21 20:00:00,2026-02-20 20:00:00,0.25255678767525624,0.0
2026-02-21 21:00:00,2026-02-20 21:00:00,0.28310834970219506,0.0
2026-02-21 22:00:00,2026-02-20 22:00:00,0.28310834970219506,0.0
2026-02-21 23:00:00,2026-02-20 23:00:00,0.28310834970219506,0.0
2026-02-22 00:00:00,2026-02-21 00:00:00,0.28310834970219506,0.0
2026-02-22 01:00:00,2026-02-21 01:00:00,0.28310834970219506,0.0
2026-02-22 02:00:00,2026-02-21 02:00:00,0.28310834970219506,0.0
2026-02-22 03:00:00,2026-02-21 03:00:00,0.28310834970219506,0.0
2026-02-22 04:00:00,2026-02-21 04:00:00,0.28310834970219506,0.0
2026-02-22 05:00:00,2026-02-21 05:00:00,0.28310834970219506,0.0
2026-02-22 06:00:00,2026-02-21 06:00:00,0.28310834970219506,0.0
2026-02-22 07:00:00,2026-02-21 07:00:00,0.28310834970219506,0.0
2026-02-22 08:00:00,2026-02-21 08:00:00,8.78380165504559,11.0
2026-02-22 09:00:00,2026-02-21 09:00:00,109.02392953633607,101.0
2026-02-22 10:00:00,2026-02-21 10:00:00,271.2658960838437,203.0
2026-02-22 11:00:00,2026-02-21 11:00:00,396.0308628229993,309.0
2026-02-22 12:00:00,2026-02-21 12:00:00,485.929919752578,442.0
2026-02-22 13:00:00,2026-02-21 13:00:00,530.7712251421391,577.0
2026-02-22 14:00:00,2026-02-21 14:00:00,578.8049251962611,643.0
2026-02-22 15:00:00,2026-02-21 15:00:00,569.4140001110898,600.0
2026-02-22 16:00:00,2026-02-21 16:00:00,475.8463708673138,483.0
2026-02-22 17:00:00,2026-02-21 17:00:00,320.70369706137325,327.0
2026-02-22 18:00:00,2026-02-21 18:00:00,137.9843373164467,157.0
2026-02-22 19:00:00,2026-02-21 19:00:00,15.39319117222892,21.0
2026-02-22 20:00:00,2026-02-21 20:00:00,0.28310834970219506,0.0
2026-02-22 21:00:00,2026-02-21 21:00:00,0.222546052544804,0.0
2026-02-22 22:00:00,2026-02-21 22:00:00,0.28310834970219506,0.0
2026-02-22 23:00:00,2026-02-21 23:00:00,0.28310834970219506,0.0
2026-02-23 00:00:00,2026-02-22 00:00:00,0.28310834970219506,0.0
2026-02-23 01:00:00,2026-02-22 01:00:00,0.28310834970219506,0.0
2026-02-23 02:00:00,2026-02-22 02:00:00,0.28310834970219506,0.0
2026-02-23 03:00:00,2026-02-22 03:00:00,0.28310834970219506,0.0
2026-02-23 04:00:00,2026-02-22 04:00:00,0.28310834970219506,0.0
2026-02-23 05:00:00,2026-02-22 05:00:00,0.28310834970219506,0.0
2026-02-23 06:00:00,2026-02-22 06:00:00,0.28310834970219506,0.0
2026-02-23 07:00:00,2026-02-22 07:00:00,0.222546052544804,0.0
2026-02-23 08:00:00,2026-02-22 08:00:00,10.551250702481472,14.0
2026-02-23 09:00:00,2026-02-22 09:00:00,138.34602113403042,132.0
2026-02-23 10:00:00,2026-02-22 10:00:00,314.2582687764877,292.0
2026-02-23 11:00:00,2026-02-22 11:00:00,499.1461742776932,451.0
2026-02-23 12:00:00,2026-02-22 12:00:00,618.1562472718283,573.0
2026-02-23 13:00:00,2026-02-22 13:00:00,670.8806537892699,644.0
2026-02-23 14:00:00,2026-02-22 14:00:00,681.8346516910143,652.0
2026-02-23 15:00:00,2026-02-22 15:00:00,599.406021047416,595.0
2026-02-23 16:00:00,2026-02-22 16:00:00,501.21717212468457,482.0
2026-02-23 17:00:00,2026-02-22 17:00:00,306.72556079691793,329.0
2026-02-23 18:00:00,2026-02-22 18:00:00,141.49687858218095,158.0
2026-02-23 19:00:00,2026-02-22 19:00:00,16.763503532754836,22.0
2026-02-23 20:00:00,2026-02-22 20:00:00,0.222546052544804,0.0
2026-02-23 21:00:00,2026-02-22 21:00:00,0.222546052544804,0.0
2026-02-23 22:00:00,2026-02-22 22:00:00,0.222546052544804,0.0
2026-02-23 23:00:00,2026-02-22 23:00:00,0.222546052544804,0.0
2026-02-24 00:00:00,2026-02-23 00:00:00,0.222546052544804,0.0
2026-02-24 01:00:00,2026-02-23 01:00:00,0.222546052544804,0.0
2026-02-24 02:00:00,2026-02-23 02:00:00,0.222546052544804,0.0
2026-02-24 03:00:00,2026-02-23 03:00:00,0.222546052544804,0.0
2026-02-24 04:00:00,2026-02-23 04:00:00,0.222546052544804,0.0
2026-02-24 05:00:00,2026-02-23 05:00:00,0.222546052544804,0.0
2026-02-24 06:00:00,2026-02-23 06:00:00,0.222546052544804,0.0
2026-02-24 07:00:00,2026-02-23 07:00:00,0.222546052544804,0.0
2026-02-24 08:00:00,2026-02-23 08:00:00,11.262205495701883,17.0
2026-02-24 09:00:00,2026-02-23 09:00:00,135.5041779902112,148.0
2026-02-24 10:00:00,2026-02-23 10:00:00,309.5758379220648,322.0
2026-02-24 11:00:00,2026-02-23 11:00:00,454.42473605550873,489.0
2026-02-24 12:00:00,2026-02-23 12:00:00,581.9683225045924,604.0
2026-02-24 13:00:00,2026-02-23 13:00:00,632.9216927509476,657.0
2026-02-24 14:00:00,2026-02-23 14:00:00,633.1670558938872,651.0
2026-02-24 15:00:00,2026-02-23 15:00:00,557.4948237283961,594.0
2026-02-24 16:00:00,2026-02-23 16:00:00,463.1422338957097,486.0
2026-02-24 17:00:00,2026-02-23 17:00:00,317.9807367579044,337.0
2026-02-24 18:00:00,2026-02-23 18:00:00,145.68028192340083,166.0
2026-02-24 19:00:00,2026-02-23 19:00:00,18.48149765500803,24.0
2026-02-24 20:00:00,2026-02-23 20:00:00,0.28310834970219506,0.0
2026-02-24 21:00:00,2026-02-23 21:00:00,0.28310834970219506,0.0
2026-02-24 22:00:00,2026-02-23 22:00:00,0.28310834970219506,0.0
2026-02-24 23:00:00,2026-02-23 23:00:00,0.28310834970219506,0.0
2026-02-25 00:00:00,2026-02-24 00:00:00,0.28310834970219506,0.0
2026-02-25 01:00:00,2026-02-24 01:00:00,0.28310834970219506,0.0
2026-02-25 02:00:00,2026-02-24 02:00:00,0.28310834970219506,0.0
2026-02-25 03:00:00,2026-02-24 03:00:00,0.28310834970219506,0.0
2026-02-25 04:00:00,2026-02-24 04:00:00,0.28310834970219506,0.0
2026-02-25 05:00:00,2026-02-24 05:00:00,0.28310834970219506,0.0
2026-02-25 06:00:00,2026-02-24 06:00:00,0.28310834970219506,0.0
2026-02-25 07:00:00,2026-02-24 07:00:00,0.28310834970219506,0.0
2026-02-25 08:00:00,2026-02-24 08:00:00,6.522708877100408,15.0
2026-02-25 09:00:00,2026-02-24 09:00:00,117.78529106474939,120.0
2026-02-25 10:00:00,2026-02-24 10:00:00,269.52512745024677,255.0
2026-02-25 11:00:00,2026-02-24 11:00:00,439.9707308230571,385.0
2026-02-25 12:00:00,2026-02-24 12:00:00,503.7347396985888,480.0
2026-02-25 13:00:00,2026-02-24 13:00:00,574.8575790145936,531.0
2026-02-25 14:00:00,2026-02-24 14:00:00,567.9440015465665,532.0
2026-02-25 15:00:00,2026-02-24 15:00:00,559.5173264156937,491.0
2026-02-25 16:00:00,2026-02-24 16:00:00,429.8797512113744,406.0
2026-02-25 17:00:00,2026-02-24 17:00:00,279.1908212653419,278.0
2026-02-25 18:00:00,2026-02-24 18:00:00,143.12350340157013,128.0
2026-02-25 19:00:00,2026-02-24 19:00:00,15.94425372868228,17.0
2026-02-25 20:00:00,2026-02-24 20:00:00,0.28310834970219506,0.0
2026-02-25 21:00:00,2026-02-24 21:00:00,0.28310834970219506,0.0
2026-02-25 22:00:00,2026-02-24 22:00:00,0.28310834970219506,0.0
2026-02-25 23:00:00,2026-02-24 23:00:00,0.28310834970219506,0.0
2026-02-26 00:00:00,2026-02-25 00:00:00,0.222546052544804,0.0
2026-02-26 01:00:00,2026-02-25 01:00:00,0.222546052544804,0.0
2026-02-26 02:00:00,2026-02-25 02:00:00,0.222546052544804,0.0
2026-02-26 03:00:00,2026-02-25 03:00:00,0.25255678767525624,0.0
2026-02-26 04:00:00,2026-02-25 04:00:00,0.222546052544804,0.0
2026-02-26 05:00:00,2026-02-25 05:00:00,0.222546052544804,0.0
2026-02-26 06:00:00,2026-02-25 06:00:00,0.222546052544804,0.0
2026-02-26 07:00:00,2026-02-25 07:00:00,0.24281981435946998,0.0
2026-02-26 08:00:00,2026-02-25 08:00:00,12.823649584598675,21.0
2026-02-26 09:00:00,2026-02-25 09:00:00,139.40477333985692,161.0
2026-02-26 10:00:00,2026-02-25 10:00:00,290.0220222588662,343.0
2026-02-26 11:00:00,2026-02-25 11:00:00,480.87913008147564,520.0
2026-02-26 12:00:00,2026-02-25 12:00:00,633.8000813246591,653.0
2026-02-26 13:00:00,2026-02-25 13:00:00,688.5275487163109,728.0
2026-02-26 14:00:00,2026-02-25 14:00:00,709.2632934649716,732.0
2026-02-26 15:00:00,2026-02-25 15:00:00,670.3703872298289,670.0
2026-02-26 16:00:00,2026-02-25 16:00:00,540.8133604114748,547.0
2026-02-26 17:00:00,2026-02-25 17:00:00,373.6009518533562,375.0
2026-02-26 18:00:00,2026-02-25 18:00:00,171.2551678999154,180.0
2026-02-26 19:00:00,2026-02-25 19:00:00,20.373435654676474,26.0
2026-02-26 20:00:00,2026-02-25 20:00:00,0.222546052544804,0.0
2026-02-26 21:00:00,2026-02-25 21:00:00,0.222546052544804,0.0
2026-02-26 22:00:00,2026-02-25 22:00:00,0.222546052544804,0.0
2026-02-26 23:00:00,2026-02-25 23:00:00,0.222546052544804,0.0
2026-02-27 00:00:00,2026-02-26 00:00:00,0.222546052544804,0.0
2026-02-27 01:00:00,2026-02-26 01:00:00,0.222546052544804,0.0
2026-02-27 02:00:00,2026-02-26 02:00:00,0.222546052544804,0.0
2026-02-27 03:00:00,2026-02-26 03:00:00,0.222546052544804,0.0
2026-02-27 04:00:00,2026-02-26 04:00:00,0.222546052544804,0.0
2026-02-27 05:00:00,2026-02-26 05:00:00,0.222546052544804,0.0
2026-02-27 06:00:00,2026-02-26 06:00:00,0.222546052544804,0.0
2026-02-27 07:00:00,2026-02-26 07:00:00,0.222546052544804,0.0
2026-02-27 08:00:00,2026-02-26 08:00:00,16.46374991448236,23.0
2026-02-27 09:00:00,2026-02-26 09:00:00,151.1749907809945,166.0
2026-02-27 10:00:00,2026-02-26 10:00:00,353.1491701571888,352.0
2026-02-27 11:00:00,2026-02-26 11:00:00,523.1674543423882,532.0
2026-02-27 12:00:00,2026-02-26 12:00:00,655.3624803054163,656.0
2026-02-27 13:00:00,2026-02-26 13:00:00,720.287547371309,715.0
2026-02-27 14:00:00,2026-02-26 14:00:00,724.0278163708085,708.0
2026-02-27 15:00:00,2026-02-26 15:00:00,675.0676865150601,641.0
2026-02-27 16:00:00,2026-02-26 16:00:00,532.9879740357197,519.0
2026-02-27 17:00:00,2026-02-26 17:00:00,372.7461942641594,358.0
2026-02-27 18:00:00,2026-02-26 18:00:00,181.84996755567127,177.0
2026-02-27 19:00:00,2026-02-26 19:00:00,20.595899368903307,28.0
2026-02-27 20:00:00,2026-02-26 20:00:00,0.13138783678076804,0.0
2026-02-27 21:00:00,2026-02-26 21:00:00,0.2581856070960259,0.0
2026-02-27 22:00:00,2026-02-26 22:00:00,0.2581856070960259,0.0
2026-02-27 23:00:00,2026-02-26 23:00:00,0.2581856070960259,0.0
2026-02-28 00:00:00,2026-02-27 00:00:00,0.30015606010320717,0.0
2026-02-28 01:00:00,2026-02-27 01:00:00,0.30015606010320717,0.0
2026-02-28 02:00:00,2026-02-27 02:00:00,0.30015606010320717,0.0
2026-02-28 03:00:00,2026-02-27 03:00:00,0.2581856070960259,0.0
2026-02-28 04:00:00,2026-02-27 04:00:00,0.30015606010320717,0.0
2026-02-28 05:00:00,2026-02-27 05:00:00,0.222546052544804,0.0
2026-02-28 06:00:00,2026-02-27 06:00:00,0.222546052544804,0.0
2026-02-28 07:00:00,2026-02-27 07:00:00,0.222546052544804,0.0
2026-02-28 08:00:00,2026-02-27 08:00:00,17.900645560250588,24.0
2026-02-28 09:00:00,2026-02-27 09:00:00,172.15402183103507,169.0
2026-02-28 10:00:00,2026-02-27 10:00:00,356.46229020733375,359.0
2026-02-28 11:00:00,2026-02-27 11:00:00,523.497915985075,538.0
2026-02-28 12:00:00,2026-02-27 12:00:00,663.8931575966596,650.0
2026-02-28 13:00:00,2026-02-27 13:00:00,738.3275938663888,686.0
2026-02-28 14:00:00,2026-02-27 14:00:00,716.7928919552944,657.0
2026-02-28 15:00:00,2026-02-27 15:00:00,616.4310976080695,572.0
2026-02-28 16:00:00,2026-02-27 16:00:00,483.08658663970823,442.0
2026-02-28 17:00:00,2026-02-27 17:00:00,327.7001396394998,297.0
2026-02-28 18:00:00,2026-02-27 18:00:00,161.17265085914119,151.0
2026-02-28 19:00:00,2026-02-27 19:00:00,19.537060412723907,26.0
2026-02-28 20:00:00,2026-02-27 20:00:00,0.36071835726059825,0.0
2026-02-28 21:00:00,2026-02-27 21:00:00,0.28310834970219506,0.0
2026-02-28 22:00:00,2026-02-27 22:00:00,0.25255678767525624,0.0
2026-02-28 23:00:00,2026-02-27 23:00:00,0.28310834970219506,0.0
2026-03-01 00:00:00,2026-02-28 00:00:00,0.28310834970219506,0.0
2026-03-01 01:00:00,2026-02-28 01:00:00,0.28310834970219506,0.0
2026-03-01 02:00:00,2026-02-28 02:00:00,0.28310834970219506,0.0
2026-03-01 03:00:00,2026-02-28 03:00:00,0.222546052544804,0.0
2026-03-01 04:00:00,2026-02-28 04:00:00,0.222546052544804,0.0
2026-03-01 05:00:00,2026-02-28 05:00:00,0.222546052544804,0.0
2026-03-01 06:00:00,2026-02-28 06:00:00,0.222546052544804,0.0
2026-03-01 07:00:00,2026-02-28 07:00:00,0.222546052544804,0.0
2026-03-01 08:00:00,2026-02-28 08:00:00,18.277508428320047,24.0
2026-03-01 09:00:00,2026-02-28 09:00:00,173.11153896624745,162.0
2026-03-01 10:00:00,2026-02-28 10:00:00,354.58372048078826,350.0
2026-03-01 11:00:00,2026-02-28 11:00:00,514.9563265876179,530.0
2026-03-01 12:00:00,2026-02-28 12:00:00,637.7380162802021,631.0
2026-03-01 13:00:00,2026-02-28 13:00:00,700.9742003878109,647.0
2026-03-01 14:00:00,2026-02-28 14:00:00,663.5893428197799,613.0
2026-03-01 15:00:00,2026-02-28 15:00:00,511.9675707806295,553.0
2026-03-01 16:00:00,2026-02-28 16:00:00,430.3911549436373,455.0
2026-03-01 17:00:00,2026-02-28 17:00:00,281.9017317236469,319.0
2026-03-01 18:00:00,2026-02-28 18:00:00,131.47735072776206,161.0
2026-03-01 19:00:00,2026-02-28 19:00:00,19.09035187562748,28.0
2026-03-01 20:00:00,2026-02-28 20:00:00,0.222546052544804,0.0
2026-03-01 21:00:00,2026-02-28 21:00:00,0.222546052544804,0.0
2026-03-01 22:00:00,2026-02-28 22:00:00,0.222546052544804,0.0
2026-03-01 23:00:00,2026-02-28 23:00:00,0.222546052544804,0.0
2026-03-02 00:00:00,2026-03-01 00:00:00,0.222546052544804,0.0
2026-03-02 01:00:00,2026-03-01 01:00:00,0.222546052544804,0.0
2026-03-02 02:00:00,2026-03-01 02:00:00,0.222546052544804,0.0
2026-03-02 03:00:00,2026-03-01 03:00:00,0.222546052544804,0.0
2026-03-02 04:00:00,2026-03-01 04:00:00,0.222546052544804,0.0
2026-03-02 05:00:00,2026-03-01 05:00:00,0.222546052544804,0.0
2026-03-02 06:00:00,2026-03-01 06:00:00,0.222546052544804,0.0
2026-03-02 07:00:00,2026-03-01 07:00:00,0.222546052544804,0.0
2026-03-02 08:00:00,2026-03-01 08:00:00,20.260631263081265,27.0
2026-03-02 09:00:00,2026-03-01 09:00:00,169.5964365035862,171.0
2026-03-02 10:00:00,2026-03-01 10:00:00,356.776733237644,359.0
2026-03-02 11:00:00,2026-03-01 11:00:00,521.3250927171458,542.0
2026-03-02 12:00:00,2026-03-01 12:00:00,664.4167153258944,667.0
2026-03-02 13:00:00,2026-03-01 13:00:00,704.1022914510704,725.0
2026-03-02 14:00:00,2026-03-01 14:00:00,691.2522897713026,716.0
2026-03-02 15:00:00,2026-03-01 15:00:00,605.4130314821905,647.0
2026-03-02 16:00:00,2026-03-01 16:00:00,517.4390113802192,524.0
2026-03-02 17:00:00,2026-03-01 17:00:00,354.6743793279165,362.0
2026-03-02 18:00:00,2026-03-01 18:00:00,170.98699507022175,182.0
2026-03-02 19:00:00,2026-03-01 19:00:00,23.14106447745714,32.0
2026-03-02 20:00:00,2026-03-01 20:00:00,0.222546052544804,0.0
2026-03-02 21:00:00,2026-03-01 21:00:00,0.222546052544804,0.0
2026-03-02 22:00:00,2026-03-01 22:00:00,0.222546052544804,0.0
2026-03-02 23:00:00,2026-03-01 23:00:00,0.222546052544804,0.0
2026-03-03 00:00:00,2026-03-02 00:00:00,0.222546052544804,0.0
2026-03-03 01:00:00,2026-03-02 01:00:00,0.222546052544804,0.0
2026-03-03 02:00:00,2026-03-02 02:00:00,0.222546052544804,0.0
2026-03-03 03:00:00,2026-03-02 03:00:00,0.222546052544804,0.0
2026-03-03 04:00:00,2026-03-02 04:00:00,0.222546052544804,0.0
2026-03-03 05:00:00,2026-03-02 05:00:00,0.222546052544804,0.0
2026-03-03 06:00:00,2026-03-02 06:00:00,0.222546052544804,0.0
2026-03-03 07:00:00,2026-03-02 07:00:00,0.222546052544804,0.0
2026-03-03 08:00:00,2026-03-02 08:00:00,20.940733886082636,31.0
2026-03-03 09:00:00,2026-03-02 09:00:00,186.66095731420754,184.0
2026-03-03 10:00:00,2026-03-02 10:00:00,373.7128770642157,372.0
2026-03-03 11:00:00,2026-03-02 11:00:00,537.5455273451938,552.0
2026-03-03 12:00:00,2026-03-02 12:00:00,683.5161769475419,681.0
2026-03-03 13:00:00,2026-03-02 13:00:00,760.6128908723537,747.0
2026-03-03 14:00:00,2026-03-02 14:00:00,758.6442044328596,746.0
2026-03-03 15:00:00,2026-03-02 15:00:00,648.6766635901705,681.0
2026-03-03 16:00:00,2026-03-02 16:00:00,521.1720632559807,558.0
2026-03-03 17:00:00,2026-03-02 17:00:00,357.31286544440746,389.0
2026-03-03 18:00:00,2026-03-02 18:00:00,184.58968281732749,197.0
2026-03-03 19:00:00,2026-03-02 19:00:00,28.700154078981438,35.0
2026-03-03 20:00:00,2026-03-02 20:00:00,0.28310834970219506,0.0
2026-03-03 21:00:00,2026-03-02 21:00:00,0.222546052544804,0.0
2026-03-03 22:00:00,2026-03-02 22:00:00,0.222546052544804,0.0
2026-03-03 23:00:00,2026-03-02 23:00:00,0.222546052544804,0.0
2026-03-04 00:00:00,2026-03-03 00:00:00,0.28310834970219506,0.0
2026-03-04 01:00:00,2026-03-03 01:00:00,0.28310834970219506,0.0
2026-03-04 02:00:00,2026-03-03 02:00:00,0.28310834970219506,0.0
2026-03-04 03:00:00,2026-03-03 03:00:00,0.28310834970219506,0.0
2026-03-04 04:00:00,2026-03-03 04:00:00,0.28310834970219506,0.0
2026-03-04 05:00:00,2026-03-03 05:00:00,0.28310834970219506,0.0
2026-03-04 06:00:00,2026-03-03 06:00:00,0.28310834970219506,0.0
2026-03-04 07:00:00,2026-03-03 07:00:00,0.28310834970219506,0.0
2026-03-04 08:00:00,2026-03-03 08:00:00,20.88740226790767,30.0
2026-03-04 09:00:00,2026-03-03 09:00:00,159.5068881271834,166.0
2026-03-04 10:00:00,2026-03-03 10:00:00,328.1479437038159,329.0
2026-03-04 11:00:00,2026-03-03 11:00:00,445.70548456590274,485.0
2026-03-04 12:00:00,2026-03-03 12:00:00,560.2502072707401,594.0
2026-03-04 13:00:00,2026-03-03 13:00:00,679.4524633409752,649.0
2026-03-04 14:00:00,2026-03-03 14:00:00,669.1513511818995,654.0
2026-03-04 15:00:00,2026-03-03 15:00:00,665.8159248747156,621.0
2026-03-04 16:00:00,2026-03-03 16:00:00,556.4214254606695,536.0
2026-03-04 17:00:00,2026-03-03 17:00:00,387.42264360527713,389.0
2026-03-04 18:00:00,2026-03-03 18:00:00,191.32540893223967,199.0
2026-03-04 19:00:00,2026-03-03 19:00:00,30.214550778435324,36.0
2026-03-04 20:00:00,2026-03-03 20:00:00,0.222546052544804,0.0
2026-03-04 21:00:00,2026-03-03 21:00:00,0.28310834970219506,0.0
2026-03-04 22:00:00,2026-03-03 22:00:00,0.28310834970219506,0.0
2026-03-04 23:00:00,2026-03-03 23:00:00,0.28310834970219506,0.0
2026-03-05 00:00:00,2026-03-04 00:00:00,0.28310834970219506,0.0
2026-03-05 01:00:00,2026-03-04 01:00:00,0.25255678767525624,0.0
2026-03-05 02:00:00,2026-03-04 02:00:00,0.222546052544804,0.0
2026-03-05 03:00:00,2026-03-04 03:00:00,0.24281981435946998,0.0
2026-03-05 04:00:00,2026-03-04 04:00:00,0.222546052544804,0.0
2026-03-05 05:00:00,2026-03-04 05:00:00,0.222546052544804,0.0
2026-03-05 06:00:00,2026-03-04 06:00:00,0.222546052544804,0.0
2026-03-05 07:00:00,2026-03-04 07:00:00,0.222546052544804,0.0
2026-03-05 08:00:00,2026-03-04 08:00:00,23.88829967725619,36.0
2026-03-05 09:00:00,2026-03-04 09:00:00,187.20227543656898,192.0
2026-03-05 10:00:00,2026-03-04 10:00:00,388.6261991629253,380.0
2026-03-05 11:00:00,2026-03-04 11:00:00,561.883653090463,560.0
2026-03-05 12:00:00,2026-03-04 12:00:00,681.6601605326211,691.0
2026-03-05 13:00:00,2026-03-04 13:00:00,760.2146136197994,760.0
2026-03-05 14:00:00,2026-03-04 14:00:00,764.8229229128345,760.0
2026-03-05 15:00:00,2026-03-04 15:00:00,692.3112219308164,694.0
2026-03-05 16:00:00,2026-03-04 16:00:00,561.3737929413205,567.0
2026-03-05 17:00:00,2026-03-04 17:00:00,392.17826881502714,394.0
2026-03-05 18:00:00,2026-03-04 18:00:00,191.99543338891996,198.0
2026-03-05 19:00:00,2026-03-04 19:00:00,30.214550778435324,37.0
2026-03-05 20:00:00,2026-03-04 20:00:00,0.222546052544804,0.0
2026-03-05 21:00:00,2026-03-04 21:00:00,0.222546052544804,0.0
2026-03-05 22:00:00,2026-03-04 22:00:00,0.222546052544804,0.0
2026-03-05 23:00:00,2026-03-04 23:00:00,0.222546052544804,0.0
2026-03-06 00:00:00,2026-03-05 00:00:00,0.222546052544804,0.0
2026-03-06 01:00:00,2026-03-05 01:00:00,0.222546052544804,0.0
2026-03-06 02:00:00,2026-03-05 02:00:00,0.222546052544804,0.0
2026-03-06 03:00:00,2026-03-05 03:00:00,0.222546052544804,0.0
2026-03-06 04:00:00,2026-03-05 04:00:00,0.30015606010320717,0.0
2026-03-06 05:00:00,2026-03-05 05:00:00,0.28310834970219506,0.0
2026-03-06 06:00:00,2026-03-05 06:00:00,0.28310834970219506,0.0
2026-03-06 07:00:00,2026-03-05 07:00:00,0.28310834970219506,0.0
2026-03-06 08:00:00,2026-03-05 08:00:00,21.22016563070651,33.0
2026-03-06 09:00:00,2026-03-05 09:00:00,163.37620936118412,170.0
2026-03-06 10:00:00,2026-03-05 10:00:00,300.39535013085555,335.0
2026-03-06 11:00:00,2026-03-05 11:00:00,466.6646262747159,492.0
2026-03-06 12:00:00,2026-03-05 12:00:00,546.9214997721584,597.0
2026-03-06 13:00:00,2026-03-05 13:00:00,603.658225524154,644.0
2026-03-06 14:00:00,2026-03-05 14:00:00,592.059639845388,637.0
2026-03-06 15:00:00,2026-03-05 15:00:00,581.1278779762712,588.0
2026-03-06 16:00:00,2026-03-05 16:00:00,537.4423391794019,493.0
2026-03-06 17:00:00,2026-03-05 17:00:00,381.99881594809887,351.0
2026-03-06 18:00:00,2026-03-05 18:00:00,191.15003346190974,181.0
2026-03-06 19:00:00,2026-03-05 19:00:00,31.976534535839956,35.0
2026-03-06 20:00:00,2026-03-05 20:00:00,0.222546052544804,0.0
2026-03-06 21:00:00,2026-03-05 21:00:00,0.222546052544804,0.0
2026-03-06 22:00:00,2026-03-05 22:00:00,0.222546052544804,0.0
2026-03-06 23:00:00,2026-03-05 23:00:00,0.222546052544804,0.0
2026-03-07 00:00:00,2026-03-06 00:00:00,0.222546052544804,0.0
2026-03-07 01:00:00,2026-03-06 01:00:00,0.222546052544804,0.0
2026-03-07 02:00:00,2026-03-06 02:00:00,0.222546052544804,0.0
2026-03-07 03:00:00,2026-03-06 03:00:00,0.222546052544804,0.0
2026-03-07 04:00:00,2026-03-06 04:00:00,0.222546052544804,0.0
2026-03-07 05:00:00,2026-03-06 05:00:00,0.222546052544804,0.0
2026-03-07 06:00:00,2026-03-06 06:00:00,0.222546052544804,0.0
2026-03-07 07:00:00,2026-03-06 07:00:00,0.222546052544804,0.0
2026-03-07 08:00:00,2026-03-06 08:00:00,30.210001945833373,35.0
2026-03-07 09:00:00,2026-03-06 09:00:00,177.6768652078103,173.0
2026-03-07 10:00:00,2026-03-06 10:00:00,311.6483705620527,344.0
2026-03-07 11:00:00,2026-03-06 11:00:00,535.4237020101659,500.0
2026-03-07 12:00:00,2026-03-06 12:00:00,674.4844664692718,582.0
2026-03-07 13:00:00,2026-03-06 13:00:00,698.5975197205113,592.0
2026-03-07 14:00:00,2026-03-06 14:00:00,705.1093515435588,571.0
2026-03-07 15:00:00,2026-03-06 15:00:00,572.5034262227778,554.0
2026-03-07 16:00:00,2026-03-06 16:00:00,537.6743900803089,504.0
2026-03-07 17:00:00,2026-03-06 17:00:00,374.3238658896439,378.0
2026-03-07 18:00:00,2026-03-06 18:00:00,171.9323141786592,195.0
2026-03-07 19:00:00,2026-03-06 19:00:00,31.976534535839956,37.0
2026-03-07 20:00:00,2026-03-06 20:00:00,0.222546052544804,0.0
2026-03-07 21:00:00,2026-03-06 21:00:00,0.222546052544804,0.0
2026-03-07 22:00:00,2026-03-06 22:00:00,0.222546052544804,0.0
2026-03-07 23:00:00,2026-03-06 23:00:00,0.222546052544804,0.0
2026-03-08 00:00:00,2026-03-07 00:00:00,0.222546052544804,0.0
2026-03-08 01:00:00,2026-03-07 01:00:00,0.222546052544804,0.0
2026-03-08 02:00:00,2026-03-07 02:00:00,0.222546052544804,0.0
2026-03-08 03:00:00,2026-03-07 03:00:00,0.222546052544804,0.0
2026-03-08 04:00:00,2026-03-07 04:00:00,0.222546052544804,0.0
2026-03-08 05:00:00,2026-03-07 05:00:00,0.222546052544804,0.0
2026-03-08 06:00:00,2026-03-07 06:00:00,0.222546052544804,0.0
2026-03-08 07:00:00,2026-03-07 07:00:00,0.222546052544804,0.0
2026-03-08 08:00:00,2026-03-07 08:00:00,36.51204643160823,44.0
2026-03-08 09:00:00,2026-03-07 09:00:00,192.79613010666716,208.0
2026-03-08 10:00:00,2026-03-07 10:00:00,404.40409100616586,401.0
2026-03-08 11:00:00,2026-03-07 11:00:00,592.5716040305712,581.0
2026-03-08 12:00:00,2026-03-07 12:00:00,683.230098784902,704.0
2026-03-08 13:00:00,2026-03-07 13:00:00,632.379341679978,760.0
2026-03-08 14:00:00,2026-03-07 14:00:00,618.7310461977631,753.0
2026-03-08 15:00:00,2026-03-07 15:00:00,686.7659571139658,692.0
2026-03-08 16:00:00,2026-03-07 16:00:00,594.413415684364,577.0
2026-03-08 17:00:00,2026-03-07 17:00:00,397.2867587863325,409.0
2026-03-08 18:00:00,2026-03-07 18:00:00,196.8152318416385,212.0
2026-03-08 19:00:00,2026-03-07 19:00:00,39.15395710586369,43.0
2026-03-08 20:00:00,2026-03-07 20:00:00,0.222546052544804,0.0
2026-03-08 21:00:00,2026-03-07 21:00:00,0.222546052544804,0.0
2026-03-08 22:00:00,2026-03-07 22:00:00,0.222546052544804,0.0
2026-03-08 23:00:00,2026-03-07 23:00:00,0.222546052544804,0.0
2026-03-09 00:00:00,2026-03-08 00:00:00,0.222546052544804,0.0
2026-03-09 01:00:00,2026-03-08 01:00:00,0.157187858237476,0.0
2026-03-09 02:00:00,2026-03-08 02:00:00,0.2581856070960259,0.0
2026-03-09 03:00:00,2026-03-08 03:00:00,0.2581856070960259,0.0
2026-03-09 04:00:00,2026-03-08 04:00:00,0.30015606010320717,0.0
2026-03-09 05:00:00,2026-03-08 05:00:00,0.222546052544804,0.0
2026-03-09 06:00:00,2026-03-08 06:00:00,0.222546052544804,0.0
2026-03-09 07:00:00,2026-03-08 07:00:00,0.222546052544804,0.0
2026-03-09 08:00:00,2026-03-08 08:00:00,37.39197334845911,46.0
2026-03-09 09:00:00,2026-03-08 09:00:00,198.48769611835556,201.0
2026-03-09 10:00:00,2026-03-08 10:00:00,373.341412289355,370.0
2026-03-09 11:00:00,2026-03-08 11:00:00,509.27305918329944,527.0
2026-03-09 12:00:00,2026-03-08 12:00:00,576.2418279758065,650.0
2026-03-09 13:00:00,2026-03-08 13:00:00,628.164130885726,725.0
2026-03-09 14:00:00,2026-03-08 14:00:00,672.6899302715213,726.0
2026-03-09 15:00:00,2026-03-08 15:00:00,672.5621425271213,641.0
2026-03-09 16:00:00,2026-03-08 16:00:00,554.7986187171488,498.0
2026-03-09 17:00:00,2026-03-08 17:00:00,397.6626725265231,338.0
2026-03-09 18:00:00,2026-03-08 18:00:00,204.49164735036118,179.0
2026-03-09 19:00:00,2026-03-08 19:00:00,41.92216496089726,40.0
2026-03-09 20:00:00,2026-03-08 20:00:00,0.222546052544804,0.0
2026-03-09 21:00:00,2026-03-08 21:00:00,0.30015606010320717,0.0
2026-03-09 22:00:00,2026-03-08 22:00:00,0.222546052544804,0.0
2026-03-09 23:00:00,2026-03-08 23:00:00,0.222546052544804,0.0
2026-03-10 00:00:00,2026-03-09 00:00:00,0.222546052544804,0.0
2026-03-10 01:00:00,2026-03-09 01:00:00,0.222546052544804,0.0
2026-03-10 02:00:00,2026-03-09 02:00:00,0.222546052544804,0.0
2026-03-10 03:00:00,2026-03-09 03:00:00,0.222546052544804,0.0
2026-03-10 04:00:00,2026-03-09 04:00:00,0.222546052544804,0.0
2026-03-10 05:00:00,2026-03-09 05:00:00,0.222546052544804,0.0
2026-03-10 06:00:00,2026-03-09 06:00:00,0.222546052544804,0.0
2026-03-10 07:00:00,2026-03-09 07:00:00,0.222546052544804,0.0
2026-03-10 08:00:00,2026-03-09 08:00:00,43.628660094132634,51.0
2026-03-10 09:00:00,2026-03-09 09:00:00,212.56583236613588,220.0
2026-03-10 10:00:00,2026-03-09 10:00:00,404.4255005805753,415.0
2026-03-10 11:00:00,2026-03-09 11:00:00,596.542564926178,597.0
2026-03-10 12:00:00,2026-03-09 12:00:00,726.4353773638593,724.0
2026-03-10 13:00:00,2026-03-09 13:00:00,789.7094555011181,785.0
2026-03-10 14:00:00,2026-03-09 14:00:00,769.0750783575005,774.0
2026-03-10 15:00:00,2026-03-09 15:00:00,710.533814628385,696.0
2026-03-10 16:00:00,2026-03-09 16:00:00,537.2254314592481,561.0
2026-03-10 17:00:00,2026-03-09 17:00:00,390.75939553764164,391.0
2026-03-10 18:00:00,2026-03-09 18:00:00,211.22547860362042,205.0
2026-03-10 19:00:00,2026-03-09 19:00:00,42.48958822876783,45.0
2026-03-10 20:00:00,2026-03-09 20:00:00,0.222546052544804,0.0
2026-03-10 21:00:00,2026-03-09 21:00:00,0.30015606010320717,0.0
2026-03-10 22:00:00,2026-03-09 22:00:00,0.222546052544804,0.0
2026-03-10 23:00:00,2026-03-09 23:00:00,0.30015606010320717,0.0
2026-03-11 00:00:00,2026-03-10 00:00:00,0.30015606010320717,0.0
2026-03-11 01:00:00,2026-03-10 01:00:00,0.30015606010320717,0.0
2026-03-11 02:00:00,2026-03-10 02:00:00,0.30015606010320717,0.0
2026-03-11 03:00:00,2026-03-10 03:00:00,0.222546052544804,0.0
2026-03-11 04:00:00,2026-03-10 04:00:00,0.222546052544804,0.0
2026-03-11 05:00:00,2026-03-10 05:00:00,0.222546052544804,0.0
2026-03-11 06:00:00,2026-03-10 06:00:00,0.222546052544804,0.0
2026-03-11 07:00:00,2026-03-10 07:00:00,0.222546052544804,0.0
2026-03-11 08:00:00,2026-03-10 08:00:00,44.75879322950329,54.0
2026-03-11 09:00:00,2026-03-10 09:00:00,216.06075936054668,224.0
2026-03-11 10:00:00,2026-03-10 10:00:00,413.38942708008557,421.0
2026-03-11 11:00:00,2026-03-10 11:00:00,604.7593357616918,603.0
2026-03-11 12:00:00,2026-03-10 12:00:00,736.0625648912603,726.0
2026-03-11 13:00:00,2026-03-10 13:00:00,789.0774533997218,778.0
2026-03-11 14:00:00,2026-03-10 14:00:00,746.0753620772298,759.0
2026-03-11 15:00:00,2026-03-10 15:00:00,726.7653387096292,672.0
2026-03-11 16:00:00,2026-03-10 16:00:00,591.6330376251261,532.0
2026-03-11 17:00:00,2026-03-10 17:00:00,380.1243448059904,363.0
2026-03-11 18:00:00,2026-03-10 18:00:00,169.8553069478848,186.0
2026-03-11 19:00:00,2026-03-10 19:00:00,30.686609180204194,40.0
2026-03-11 20:00:00,2026-03-10 20:00:00,0.28310834970219506,0.0
2026-03-11 21:00:00,2026-03-10 21:00:00,0.28310834970219506,0.0
2026-03-11 22:00:00,2026-03-10 22:00:00,0.28310834970219506,0.0
2026-03-11 23:00:00,2026-03-10 23:00:00,0.28310834970219506,0.0
2026-03-12 00:00:00,2026-03-11 00:00:00,0.222546052544804,0.0
2026-03-12 01:00:00,2026-03-11 01:00:00,0.222546052544804,0.0
2026-03-12 02:00:00,2026-03-11 02:00:00,0.222546052544804,0.0
2026-03-12 03:00:00,2026-03-11 03:00:00,0.222546052544804,0.0
2026-03-12 04:00:00,2026-03-11 04:00:00,0.222546052544804,0.0
2026-03-12 05:00:00,2026-03-11 05:00:00,0.222546052544804,0.0
2026-03-12 06:00:00,2026-03-11 06:00:00,0.222546052544804,0.0
2026-03-12 07:00:00,2026-03-11 07:00:00,0.222546052544804,0.0
2026-03-12 08:00:00,2026-03-11 08:00:00,46.17241998114393,56.0
2026-03-12 09:00:00,2026-03-11 09:00:00,223.37132450145893,225.0
2026-03-12 10:00:00,2026-03-11 10:00:00,419.8724653709355,417.0
2026-03-12 11:00:00,2026-03-11 11:00:00,600.7585633575643,593.0
2026-03-12 12:00:00,2026-03-11 12:00:00,733.7844657642696,703.0
2026-03-12 13:00:00,2026-03-11 13:00:00,786.3736660144592,740.0
2026-03-12 14:00:00,2026-03-11 14:00:00,768.5158614753902,715.0
2026-03-12 15:00:00,2026-03-11 15:00:00,659.9827895560076,638.0
2026-03-12 16:00:00,2026-03-11 16:00:00,532.6944688267814,515.0
2026-03-12 17:00:00,2026-03-11 17:00:00,371.40338969082325,361.0
2026-03-12 18:00:00,2026-03-11 18:00:00,199.29983757869277,192.0
2026-03-12 19:00:00,2026-03-11 19:00:00,44.44114081371476,45.0
2026-03-12 20:00:00,2026-03-11 20:00:00,0.303382111516861,0.0
2026-03-12 21:00:00,2026-03-11 21:00:00,0.222546052544804,0.0
2026-03-12 22:00:00,2026-03-11 22:00:00,0.222546052544804,0.0
2026-03-12 23:00:00,2026-03-11 23:00:00,0.222546052544804,0.0
2026-03-13 00:00:00,2026-03-12 00:00:00,0.222546052544804,0.0
2026-03-13 01:00:00,2026-03-12 01:00:00,0.222546052544804,0.0
2026-03-13 02:00:00,2026-03-12 02:00:00,0.222546052544804,0.0
2026-03-13 03:00:00,2026-03-12 03:00:00,0.222546052544804,0.0
2026-03-13 04:00:00,2026-03-12 04:00:00,0.222546052544804,0.0
2026-03-13 05:00:00,2026-03-12 05:00:00,0.222546052544804,0.0
2026-03-13 06:00:00,2026-03-12 06:00:00,0.222546052544804,0.0
2026-03-13 07:00:00,2026-03-12 07:00:00,0.222546052544804,0.0
2026-03-13 08:00:00,2026-03-12 08:00:00,49.124745921308424,60.0
2026-03-13 09:00:00,2026-03-12 09:00:00,231.84935317253192,230.0
2026-03-13 10:00:00,2026-03-12 10:00:00,431.9633478600071,420.0
2026-03-13 11:00:00,2026-03-12 11:00:00,619.0009361693632,597.0
2026-03-13 12:00:00,2026-03-12 12:00:00,682.580380932811,728.0
2026-03-13 13:00:00,2026-03-12 13:00:00,762.6329465189225,799.0
2026-03-13 14:00:00,2026-03-12 14:00:00,773.7401311756009,790.0
2026-03-13 15:00:00,2026-03-12 15:00:00,691.7443584012616,697.0
2026-03-13 16:00:00,2026-03-12 16:00:00,526.6732003781051,543.0
2026-03-13 17:00:00,2026-03-12 17:00:00,353.6732906075283,365.0
2026-03-13 18:00:00,2026-03-12 18:00:00,195.99085769984723,185.0
2026-03-13 19:00:00,2026-03-12 19:00:00,36.92219394117575,41.0
2026-03-13 20:00:00,2026-03-12 20:00:00,0.19195013393815907,0.0
2026-03-13 21:00:00,2026-03-12 21:00:00,0.19195013393815907,0.0
2026-03-13 22:00:00,2026-03-12 22:00:00,0.36071835726059825,0.0
2026-03-13 23:00:00,2026-03-12 23:00:00,0.28310834970219506,0.0
2026-03-14 00:00:00,2026-03-13 00:00:00,0.28310834970219506,0.0
2026-03-14 01:00:00,2026-03-13 01:00:00,0.28310834970219506,0.0
2026-03-14 02:00:00,2026-03-13 02:00:00,0.28310834970219506,0.0
2026-03-14 03:00:00,2026-03-13 03:00:00,0.28310834970219506,0.0
2026-03-14 04:00:00,2026-03-13 04:00:00,0.28310834970219506,0.0
2026-03-14 05:00:00,2026-03-13 05:00:00,0.28310834970219506,0.0
2026-03-14 06:00:00,2026-03-13 06:00:00,0.28310834970219506,0.0
2026-03-14 07:00:00,2026-03-13 07:00:00,0.28310834970219506,0.0
2026-03-14 08:00:00,2026-03-13 08:00:00,28.568311849973913,17.0
2026-03-14 09:00:00,2026-03-13 09:00:00,76.89823801794952,90.0
2026-03-14 10:00:00,2026-03-13 10:00:00,122.87043464750201,218.0
2026-03-14 11:00:00,2026-03-13 11:00:00,303.2103689417321,364.0
2026-03-14 12:00:00,2026-03-13 12:00:00,290.1750095544005,479.0
2026-03-14 13:00:00,2026-03-13 13:00:00,317.7454933489545,549.0
2026-03-14 14:00:00,2026-03-13 14:00:00,514.2860658668117,557.0
2026-03-14 15:00:00,2026-03-13 15:00:00,533.8796410689259,497.0
2026-03-14 16:00:00,2026-03-13 16:00:00,327.907214630956,386.0
2026-03-14 17:00:00,2026-03-13 17:00:00,277.9286955481115,252.0
2026-03-14 18:00:00,2026-03-13 18:00:00,136.56213050675157,116.0
2026-03-14 19:00:00,2026-03-13 19:00:00,27.461287373170144,21.0
2026-03-14 20:00:00,2026-03-13 20:00:00,0.28310834970219506,0.0
2026-03-14 21:00:00,2026-03-13 21:00:00,0.28310834970219506,0.0
2026-03-14 22:00:00,2026-03-13 22:00:00,0.28310834970219506,0.0
2026-03-14 23:00:00,2026-03-13 23:00:00,0.28310834970219506,0.0
2026-03-15 00:00:00,2026-03-14 00:00:00,0.28310834970219506,0.0
2026-03-15 01:00:00,2026-03-14 01:00:00,0.303382111516861,0.0
2026-03-15 02:00:00,2026-03-14 02:00:00,0.303382111516861,0.0
2026-03-15 03:00:00,2026-03-14 03:00:00,0.3809921190752642,0.0
2026-03-15 04:00:00,2026-03-14 04:00:00,0.3809921190752642,0.0
2026-03-15 05:00:00,2026-03-14 05:00:00,0.303382111516861,0.0
2026-03-15 06:00:00,2026-03-14 06:00:00,0.303382111516861,0.0
2026-03-15 07:00:00,2026-03-14 07:00:00,0.303382111516861,0.0
2026-03-15 08:00:00,2026-03-14 08:00:00,14.763905957955664,60.0
2026-03-15 09:00:00,2026-03-14 09:00:00,58.991181744108005,209.0
2026-03-15 10:00:00,2026-03-14 10:00:00,104.15501227779173,371.0
2026-03-15 11:00:00,2026-03-14 11:00:00,104.3130443187144,518.0
2026-03-15 12:00:00,2026-03-14 12:00:00,154.83857527512174,623.0
2026-03-15 13:00:00,2026-03-14 13:00:00,234.83075089669913,676.0
2026-03-15 14:00:00,2026-03-14 14:00:00,297.66410692361563,670.0
2026-03-15 15:00:00,2026-03-14 15:00:00,345.54844090622004,607.0
2026-03-15 16:00:00,2026-03-14 16:00:00,323.6563797608425,495.0
2026-03-15 17:00:00,2026-03-14 17:00:00,235.25744145398457,349.0
2026-03-15 18:00:00,2026-03-14 18:00:00,130.63378948466874,187.0
2026-03-15 19:00:00,2026-03-14 19:00:00,27.306126204295815,45.0
2026-03-15 20:00:00,2026-03-14 20:00:00,0.28310834970219506,0.0
2026-03-15 21:00:00,2026-03-14 21:00:00,0.28310834970219506,0.0
2026-03-15 22:00:00,2026-03-14 22:00:00,0.303382111516861,0.0
2026-03-15 23:00:00,2026-03-14 23:00:00,0.5486914856479462,0.0
2026-03-16 00:00:00,2026-03-15 00:00:00,0.28310834970219506,0.0
2026-03-16 01:00:00,2026-03-15 01:00:00,0.28310834970219506,0.0
2026-03-16 02:00:00,2026-03-15 02:00:00,0.28310834970219506,0.0
2026-03-16 03:00:00,2026-03-15 03:00:00,0.28310834970219506,0.0
2026-03-16 04:00:00,2026-03-15 04:00:00,0.28310834970219506,0.0
2026-03-16 05:00:00,2026-03-15 05:00:00,0.28310834970219506,0.0
2026-03-16 06:00:00,2026-03-15 06:00:00,0.303382111516861,0.0
2026-03-16 07:00:00,2026-03-15 07:00:00,0.303382111516861,0.0
2026-03-16 08:00:00,2026-03-15 08:00:00,37.90809466509926,52.0
2026-03-16 09:00:00,2026-03-15 09:00:00,167.7882212240988,183.0
2026-03-16 10:00:00,2026-03-15 10:00:00,394.6055833888291,332.0
2026-03-16 11:00:00,2026-03-15 11:00:00,508.0965375756614,481.0
2026-03-16 12:00:00,2026-03-15 12:00:00,643.3329129907338,612.0
2026-03-16 13:00:00,2026-03-15 13:00:00,753.3536005260726,708.0
2026-03-16 14:00:00,2026-03-15 14:00:00,783.7415217070766,736.0
2026-03-16 15:00:00,2026-03-15 15:00:00,689.8419634043398,682.0
2026-03-16 16:00:00,2026-03-15 16:00:00,551.7791332608689,562.0
2026-03-16 17:00:00,2026-03-15 17:00:00,369.4315173033396,399.0
2026-03-16 18:00:00,2026-03-15 18:00:00,189.88498183404167,215.0
2026-03-16 19:00:00,2026-03-15 19:00:00,41.41178715684889,53.0
2026-03-16 20:00:00,2026-03-15 20:00:00,0.222546052544804,0.0
2026-03-16 21:00:00,2026-03-15 21:00:00,0.25255678767525624,0.0
2026-03-16 22:00:00,2026-03-15 22:00:00,0.28310834970219506,0.0
2026-03-16 23:00:00,2026-03-15 23:00:00,0.28310834970219506,0.0
2026-03-17 00:00:00,2026-03-16 00:00:00,0.28310834970219506,0.0
2026-03-17 01:00:00,2026-03-16 01:00:00,0.28310834970219506,0.0
2026-03-17 02:00:00,2026-03-16 02:00:00,0.28310834970219506,0.0
2026-03-17 03:00:00,2026-03-16 03:00:00,0.303382111516861,0.0
2026-03-17 04:00:00,2026-03-16 04:00:00,0.28310834970219506,0.0
2026-03-17 05:00:00,2026-03-16 05:00:00,0.28310834970219506,0.0
2026-03-17 06:00:00,2026-03-16 06:00:00,0.28310834970219506,0.0
2026-03-17 07:00:00,2026-03-16 07:00:00,0.28310834970219506,0.0
2026-03-17 08:00:00,2026-03-16 08:00:00,48.68803010461214,71.0
2026-03-17 09:00:00,2026-03-16 09:00:00,208.52861013155925,240.0
2026-03-17 10:00:00,2026-03-16 10:00:00,422.5174653004374,437.0
2026-03-17 11:00:00,2026-03-16 11:00:00,612.2328751828892,622.0
2026-03-17 12:00:00,2026-03-16 12:00:00,711.373849582634,751.0
2026-03-17 13:00:00,2026-03-16 13:00:00,780.9625067789823,812.0
2026-03-17 14:00:00,2026-03-16 14:00:00,794.0856316292366,802.0
2026-03-17 15:00:00,2026-03-16 15:00:00,698.492554853004,725.0
2026-03-17 16:00:00,2026-03-16 16:00:00,597.5799541772137,589.0
2026-03-17 17:00:00,2026-03-16 17:00:00,413.8469309002281,414.0
2026-03-17 18:00:00,2026-03-16 18:00:00,181.3890636308279,219.0
2026-03-17 19:00:00,2026-03-16 19:00:00,42.45499547554443,54.0
2026-03-17 20:00:00,2026-03-16 20:00:00,0.222546052544804,0.0
2026-03-17 21:00:00,2026-03-16 21:00:00,0.28310834970219506,0.0
2026-03-17 22:00:00,2026-03-16 22:00:00,0.222546052544804,0.0
2026-03-17 23:00:00,2026-03-16 23:00:00,0.222546052544804,0.0
2026-03-18 00:00:00,2026-03-17 00:00:00,0.28310834970219506,0.0
2026-03-18 01:00:00,2026-03-17 01:00:00,0.28310834970219506,0.0
2026-03-18 02:00:00,2026-03-17 02:00:00,0.28310834970219506,0.0
2026-03-18 03:00:00,2026-03-17 03:00:00,0.28310834970219506,0.0
2026-03-18 04:00:00,2026-03-17 04:00:00,0.28310834970219506,0.0
2026-03-18 05:00:00,2026-03-17 05:00:00,0.28310834970219506,0.0
2026-03-18 06:00:00,2026-03-17 06:00:00,0.28310834970219506,0.0
2026-03-18 07:00:00,2026-03-17 07:00:00,0.28310834970219506,0.0
2026-03-18 08:00:00,2026-03-17 08:00:00,34.97548795687068,46.0
2026-03-18 09:00:00,2026-03-17 09:00:00,110.17099124872853,136.0
2026-03-18 10:00:00,2026-03-17 10:00:00,255.95187762076142,216.0
2026-03-18 11:00:00,2026-03-17 11:00:00,283.2806094268582,283.0
2026-03-18 12:00:00,2026-03-17 12:00:00,410.8235899432563,338.0
2026-03-18 13:00:00,2026-03-17 13:00:00,487.1946208739737,375.0
2026-03-18 14:00:00,2026-03-17 14:00:00,453.4111813724662,391.0
2026-03-18 15:00:00,2026-03-17 15:00:00,465.37361395655563,397.0
2026-03-18 16:00:00,2026-03-17 16:00:00,500.98657921494834,372.0
2026-03-18 17:00:00,2026-03-17 17:00:00,379.6018883301446,283.0
2026-03-18 18:00:00,2026-03-17 18:00:00,194.98686643969896,145.0
2026-03-18 19:00:00,2026-03-17 19:00:00,33.993549814830814,31.0
2026-03-18 20:00:00,2026-03-17 20:00:00,0.28310834970219506,0.0
2026-03-18 21:00:00,2026-03-17 21:00:00,0.303382111516861,0.0
2026-03-18 22:00:00,2026-03-17 22:00:00,0.303382111516861,0.0
2026-03-18 23:00:00,2026-03-17 23:00:00,0.303382111516861,0.0
2026-03-19 00:00:00,2026-03-18 00:00:00,0.303382111516861,0.0
2026-03-19 01:00:00,2026-03-18 01:00:00,0.303382111516861,0.0
2026-03-19 02:00:00,2026-03-18 02:00:00,0.303382111516861,0.0
2026-03-19 03:00:00,2026-03-18 03:00:00,0.303382111516861,0.0
2026-03-19 04:00:00,2026-03-18 04:00:00,0.303382111516861,0.0
2026-03-19 05:00:00,2026-03-18 05:00:00,0.28310834970219506,0.0
2026-03-19 06:00:00,2026-03-18 06:00:00,0.28310834970219506,0.0
2026-03-19 07:00:00,2026-03-18 07:00:00,0.303382111516861,0.0
2026-03-19 08:00:00,2026-03-18 08:00:00,27.737036254798323,67.0
2026-03-19 09:00:00,2026-03-18 09:00:00,205.25376424787302,193.0
2026-03-19 10:00:00,2026-03-18 10:00:00,282.995904823951,304.0
2026-03-19 11:00:00,2026-03-18 11:00:00,334.6614427853316,395.0
2026-03-19 12:00:00,2026-03-18 12:00:00,474.75664842822954,457.0
2026-03-19 13:00:00,2026-03-18 13:00:00,633.2838496642236,488.0
2026-03-19 14:00:00,2026-03-18 14:00:00,738.5074480523173,498.0
2026-03-19 15:00:00,2026-03-18 15:00:00,559.5398085293922,503.0
2026-03-19 16:00:00,2026-03-18 16:00:00,445.1650744890474,473.0
2026-03-19 17:00:00,2026-03-18 17:00:00,337.6175986083849,370.0
2026-03-19 18:00:00,2026-03-18 18:00:00,194.84987591512774,207.0
2026-03-19 19:00:00,2026-03-18 19:00:00,47.66350281207013,54.0
2026-03-19 20:00:00,2026-03-18 20:00:00,0.3905040363692017,0.0
2026-03-19 21:00:00,2026-03-18 21:00:00,0.41077779818386767,0.0
2026-03-19 22:00:00,2026-03-18 22:00:00,0.31289402881079853,0.0
2026-03-19 23:00:00,2026-03-18 23:00:00,0.303382111516861,0.0
2026-03-20 00:00:00,2026-03-19 00:00:00,0.3331677906254645,0.0
2026-03-20 01:00:00,2026-03-19 01:00:00,0.3331677906254645,0.0
2026-03-20 02:00:00,2026-03-19 02:00:00,0.31289402881079853,0.0
2026-03-20 03:00:00,2026-03-19 03:00:00,0.3755187678876407,0.0
2026-03-20 04:00:00,2026-03-19 04:00:00,0.28310834970219506,0.0
2026-03-20 05:00:00,2026-03-19 05:00:00,0.28310834970219506,0.0
2026-03-20 06:00:00,2026-03-19 06:00:00,0.28310834970219506,0.0
2026-03-20 07:00:00,2026-03-19 07:00:00,0.28310834970219506,0.0
2026-03-20 08:00:00,2026-03-19 08:00:00,45.32066544346432,71.0
2026-03-20 09:00:00,2026-03-19 09:00:00,165.74831676430298,221.0
2026-03-20 10:00:00,2026-03-19 10:00:00,394.1169836996982,395.0
2026-03-20 11:00:00,2026-03-19 11:00:00,514.7984372016762,537.0
2026-03-20 12:00:00,2026-03-19 12:00:00,489.767600496603,577.0
2026-03-20 13:00:00,2026-03-19 13:00:00,547.3900858045904,525.0
2026-03-20 14:00:00,2026-03-19 14:00:00,471.6877469245245,441.0
2026-03-20 15:00:00,2026-03-19 15:00:00,335.1565329276534,360.0
2026-03-20 16:00:00,2026-03-19 16:00:00,240.2026843439806,272.0
2026-03-20 17:00:00,2026-03-19 17:00:00,188.17362252098033,183.0
2026-03-20 18:00:00,2026-03-19 18:00:00,105.05709067836604,98.0
2026-03-20 19:00:00,2026-03-19 19:00:00,31.169035907730333,27.0
2026-03-20 20:00:00,2026-03-19 20:00:00,0.28310834970219506,0.0
2026-03-20 21:00:00,2026-03-19 21:00:00,0.28310834970219506,0.0
2026-03-20 22:00:00,2026-03-19 22:00:00,0.28310834970219506,0.0
2026-03-20 23:00:00,2026-03-19 23:00:00,0.28310834970219506,0.0
2026-03-21 00:00:00,2026-03-20 00:00:00,0.28310834970219506,0.0
2026-03-21 01:00:00,2026-03-20 01:00:00,0.28310834970219506,0.0
2026-03-21 02:00:00,2026-03-20 02:00:00,0.28310834970219506,0.0
2026-03-21 03:00:00,2026-03-20 03:00:00,0.28310834970219506,0.0
2026-03-21 04:00:00,2026-03-20 04:00:00,0.28310834970219506,0.0
2026-03-21 05:00:00,2026-03-20 05:00:00,0.28310834970219506,0.0
2026-03-21 06:00:00,2026-03-20 06:00:00,0.28310834970219506,0.0
2026-03-21 07:00:00,2026-03-20 07:00:00,0.28310834970219506,0.0
2026-03-21 08:00:00,2026-03-20 08:00:00,34.07552154741986,53.0
2026-03-21 09:00:00,2026-03-20 09:00:00,161.1168365473981,158.0
2026-03-21 10:00:00,2026-03-20 10:00:00,268.20735760660756,278.0
2026-03-21 11:00:00,2026-03-20 11:00:00,384.8939344717437,389.0
2026-03-21 12:00:00,2026-03-20 12:00:00,553.0580993722049,458.0
2026-03-21 13:00:00,2026-03-20 13:00:00,633.061719246928,487.0
2026-03-21 14:00:00,2026-03-20 14:00:00,637.5998258186963,493.0
2026-03-21 15:00:00,2026-03-20 15:00:00,533.4263387089266,496.0
2026-03-21 16:00:00,2026-03-20 16:00:00,548.6796134046336,466.0
2026-03-21 17:00:00,2026-03-20 17:00:00,273.9592977061432,367.0
2026-03-21 18:00:00,2026-03-20 18:00:00,165.37823772644415,210.0
2026-03-21 19:00:00,2026-03-20 19:00:00,42.16963403744634,59.0
2026-03-21 20:00:00,2026-03-20 20:00:00,0.28310834970219506,0.0
2026-03-21 21:00:00,2026-03-20 21:00:00,0.28310834970219506,0.0
2026-03-21 22:00:00,2026-03-20 22:00:00,0.28310834970219506,0.0
2026-03-21 23:00:00,2026-03-20 23:00:00,0.28310834970219506,0.0
2026-03-22 00:00:00,2026-03-21 00:00:00,0.28310834970219506,0.0
2026-03-22 01:00:00,2026-03-21 01:00:00,0.28310834970219506,0.0
2026-03-22 02:00:00,2026-03-21 02:00:00,0.28310834970219506,0.0
2026-03-22 03:00:00,2026-03-21 03:00:00,0.28310834970219506,0.0
2026-03-22 04:00:00,2026-03-21 04:00:00,0.28310834970219506,0.0
2026-03-22 05:00:00,2026-03-21 05:00:00,0.303382111516861,0.0
2026-03-22 06:00:00,2026-03-21 06:00:00,0.28310834970219506,0.0
2026-03-22 07:00:00,2026-03-21 07:00:00,0.28310834970219506,0.0
2026-03-22 08:00:00,2026-03-21 08:00:00,50.46286997925008,56.0
2026-03-22 09:00:00,2026-03-21 09:00:00,153.3626446699488,182.0
2026-03-22 10:00:00,2026-03-21 10:00:00,278.6619110898468,353.0
2026-03-22 11:00:00,2026-03-21 11:00:00,498.22727072879024,520.0
2026-03-22 12:00:00,2026-03-21 12:00:00,603.3142153684055,616.0
2026-03-22 13:00:00,2026-03-21 13:00:00,593.0624346941319,643.0
2026-03-22 14:00:00,2026-03-21 14:00:00,630.4050501511994,625.0
2026-03-22 15:00:00,2026-03-21 15:00:00,617.8913708622529,583.0
2026-03-22 16:00:00,2026-03-21 16:00:00,472.6386838135138,502.0
2026-03-22 17:00:00,2026-03-21 17:00:00,337.8778687921107,372.0
2026-03-22 18:00:00,2026-03-21 18:00:00,169.1702176538373,209.0
2026-03-22 19:00:00,2026-03-21 19:00:00,48.274648238261136,59.0
2026-03-22 20:00:00,2026-03-21 20:00:00,0.28310834970219506,0.0
2026-03-22 21:00:00,2026-03-21 21:00:00,0.28310834970219506,0.0
2026-03-22 22:00:00,2026-03-21 22:00:00,0.28310834970219506,0.0
2026-03-22 23:00:00,2026-03-21 23:00:00,0.28310834970219506,0.0
2026-03-23 00:00:00,2026-03-22 00:00:00,0.28310834970219506,0.0
2026-03-23 01:00:00,2026-03-22 01:00:00,0.28310834970219506,0.0
2026-03-23 02:00:00,2026-03-22 02:00:00,0.28310834970219506,0.0
2026-03-23 03:00:00,2026-03-22 03:00:00,0.28310834970219506,0.0
2026-03-23 04:00:00,2026-03-22 04:00:00,0.28310834970219506,0.0
2026-03-23 05:00:00,2026-03-22 05:00:00,0.28310834970219506,0.0
2026-03-23 06:00:00,2026-03-22 06:00:00,0.28310834970219506,0.0
2026-03-23 07:00:00,2026-03-22 07:00:00,0.28310834970219506,0.0
2026-03-23 08:00:00,2026-03-22 08:00:00,52.65978040163578,57.0
2026-03-23 09:00:00,2026-03-22 09:00:00,161.34052122679796,176.0
2026-03-23 10:00:00,2026-03-22 10:00:00,325.4669488514775,336.0
2026-03-23 11:00:00,2026-03-22 11:00:00,460.8407688731203,499.0
2026-03-23 12:00:00,2026-03-22 12:00:00,497.2869803832532,625.0
2026-03-23 13:00:00,2026-03-22 13:00:00,599.2634519901349,700.0
2026-03-23 14:00:00,2026-03-22 14:00:00,645.4738999450755,707.0
2026-03-23 15:00:00,2026-03-22 15:00:00,593.8077529366005,637.0
2026-03-23 16:00:00,2026-03-22 16:00:00,485.57106935483534,509.0
2026-03-23 17:00:00,2026-03-22 17:00:00,315.42279074917826,355.0
2026-03-23 18:00:00,2026-03-22 18:00:00,194.31835306284623,192.0
2026-03-23 19:00:00,2026-03-22 19:00:00,49.36191300560626,53.0
2026-03-23 20:00:00,2026-03-22 20:00:00,0.28310834970219506,0.0
2026-03-23 21:00:00,2026-03-22 21:00:00,0.25255678767525624,0.0
2026-03-23 22:00:00,2026-03-22 22:00:00,0.28310834970219506,0.0
2026-03-23 23:00:00,2026-03-22 23:00:00,0.28310834970219506,0.0
2026-03-24 00:00:00,2026-03-23 00:00:00,0.28310834970219506,0.0
2026-03-24 01:00:00,2026-03-23 01:00:00,0.28310834970219506,0.0
2026-03-24 02:00:00,2026-03-23 02:00:00,0.2728305494899222,0.0
2026-03-24 03:00:00,2026-03-23 03:00:00,0.303382111516861,0.0
2026-03-24 04:00:00,2026-03-23 04:00:00,0.303382111516861,0.0
2026-03-24 05:00:00,2026-03-23 05:00:00,0.303382111516861,0.0
2026-03-24 06:00:00,2026-03-23 06:00:00,0.303382111516861,0.0
2026-03-24 07:00:00,2026-03-23 07:00:00,0.9525091480243104,1.0
2026-03-24 08:00:00,2026-03-23 08:00:00,69.33047162020678,82.0
2026-03-24 09:00:00,2026-03-23 09:00:00,203.48554713800357,234.0
2026-03-24 10:00:00,2026-03-23 10:00:00,419.9167263286716,417.0
2026-03-24 11:00:00,2026-03-23 11:00:00,551.0885662063622,580.0
2026-03-24 12:00:00,2026-03-23 12:00:00,696.2282899305123,664.0
2026-03-24 13:00:00,2026-03-23 13:00:00,724.7337252812732,669.0
2026-03-24 14:00:00,2026-03-23 14:00:00,646.0302617004128,623.0
2026-03-24 15:00:00,2026-03-23 15:00:00,494.88311407451073,541.0
2026-03-24 16:00:00,2026-03-23 16:00:00,465.1739568493618,428.0
2026-03-24 17:00:00,2026-03-23 17:00:00,345.1973008035284,300.0
2026-03-24 18:00:00,2026-03-23 18:00:00,177.06612303122034,167.0
2026-03-24 19:00:00,2026-03-23 19:00:00,50.025494394463294,50.0
2026-03-24 20:00:00,2026-03-23 20:00:00,0.28310834970219506,0.0
2026-03-24 21:00:00,2026-03-23 21:00:00,0.28310834970219506,0.0
2026-03-24 22:00:00,2026-03-23 22:00:00,0.28310834970219506,0.0
2026-03-24 23:00:00,2026-03-23 23:00:00,0.28310834970219506,0.0
2026-03-25 00:00:00,2026-03-24 00:00:00,0.28310834970219506,0.0
2026-03-25 01:00:00,2026-03-24 01:00:00,0.28310834970219506,0.0
2026-03-25 02:00:00,2026-03-24 02:00:00,0.28310834970219506,0.0
2026-03-25 03:00:00,2026-03-24 03:00:00,0.28310834970219506,0.0
2026-03-25 04:00:00,2026-03-24 04:00:00,0.28310834970219506,0.0
2026-03-25 05:00:00,2026-03-24 05:00:00,0.28310834970219506,0.0
2026-03-25 06:00:00,2026-03-24 06:00:00,0.28310834970219506,0.0
2026-03-25 07:00:00,2026-03-24 07:00:00,0.5931316580908571,1.0
2026-03-25 08:00:00,2026-03-24 08:00:00,71.46690671694674,83.0
2026-03-25 09:00:00,2026-03-24 09:00:00,234.95313486691606,238.0
2026-03-25 10:00:00,2026-03-24 10:00:00,430.0845716184862,432.0
2026-03-25 11:00:00,2026-03-24 11:00:00,625.6883144625513,614.0
2026-03-25 12:00:00,2026-03-24 12:00:00,677.5965621166458,722.0
2026-03-25 13:00:00,2026-03-24 13:00:00,682.2809231123316,752.0
2026-03-25 14:00:00,2026-03-24 14:00:00,774.2288281554236,726.0
2026-03-25 15:00:00,2026-03-24 15:00:00,627.772034904356,661.0
2026-03-25 16:00:00,2026-03-24 16:00:00,514.3346080519663,551.0
2026-03-25 17:00:00,2026-03-24 17:00:00,426.18916075179686,400.0
2026-03-25 18:00:00,2026-03-24 18:00:00,209.44372083987923,223.0
2026-03-25 19:00:00,2026-03-24 19:00:00,57.479507017697486,66.0
2026-03-25 20:00:00,2026-03-24 20:00:00,0.25255678767525624,0.0
2026-03-25 21:00:00,2026-03-24 21:00:00,0.28310834970219506,0.0
2026-03-25 22:00:00,2026-03-24 22:00:00,0.303382111516861,0.0
2026-03-25 23:00:00,2026-03-24 23:00:00,0.28310834970219506,0.0
2026-03-26 00:00:00,2026-03-25 00:00:00,0.28310834970219506,0.0
2026-03-26 01:00:00,2026-03-25 01:00:00,0.28310834970219506,0.0
2026-03-26 02:00:00,2026-03-25 02:00:00,0.28310834970219506,0.0
2026-03-26 03:00:00,2026-03-25 03:00:00,0.28310834970219506,0.0
2026-03-26 04:00:00,2026-03-25 04:00:00,0.28310834970219506,0.0
2026-03-26 05:00:00,2026-03-25 05:00:00,0.28310834970219506,0.0
2026-03-26 06:00:00,2026-03-25 06:00:00,0.28310834970219506,0.0
2026-03-26 07:00:00,2026-03-25 07:00:00,0.5259800280872894,2.0
2026-03-26 08:00:00,2026-03-25 08:00:00,83.77004157720407,96.0
2026-03-26 09:00:00,2026-03-25 09:00:00,241.88807677094263,253.0
2026-03-26 10:00:00,2026-03-25 10:00:00,468.52661026721216,423.0
2026-03-26 11:00:00,2026-03-25 11:00:00,604.4261532333248,574.0
2026-03-26 12:00:00,2026-03-25 12:00:00,624.0170373986277,665.0
2026-03-26 13:00:00,2026-03-25 13:00:00,738.6762415746496,693.0
2026-03-26 14:00:00,2026-03-25 14:00:00,791.4284836221403,673.0
2026-03-26 15:00:00,2026-03-25 15:00:00,703.9832282001911,619.0
2026-03-26 16:00:00,2026-03-25 16:00:00,614.5844019934538,524.0
2026-03-26 17:00:00,2026-03-25 17:00:00,431.4488530061827,388.0
2026-03-26 18:00:00,2026-03-25 18:00:00,228.51329748537734,224.0
2026-03-26 19:00:00,2026-03-25 19:00:00,54.0143008866702,70.0
2026-03-26 20:00:00,2026-03-25 20:00:00,0.2728305494899222,0.0
2026-03-26 21:00:00,2026-03-25 21:00:00,0.303382111516861,0.0
2026-03-26 22:00:00,2026-03-25 22:00:00,0.2728305494899222,0.0
2026-03-26 23:00:00,2026-03-25 23:00:00,0.303382111516861,0.0
2026-03-27 00:00:00,2026-03-26 00:00:00,0.303382111516861,0.0
2026-03-27 01:00:00,2026-03-26 01:00:00,0.303382111516861,0.0
2026-03-27 02:00:00,2026-03-26 02:00:00,0.303382111516861,0.0
2026-03-27 03:00:00,2026-03-26 03:00:00,0.303382111516861,0.0
2026-03-27 04:00:00,2026-03-26 04:00:00,0.303382111516861,0.0
2026-03-27 05:00:00,2026-03-26 05:00:00,0.303382111516861,0.0
2026-03-27 06:00:00,2026-03-26 06:00:00,0.303382111516861,0.0
2026-03-27 07:00:00,2026-03-26 07:00:00,1.5439027624675625,3.0
2026-03-27 08:00:00,2026-03-26 08:00:00,76.74535073932222,97.0
2026-03-27 09:00:00,2026-03-26 09:00:00,242.60779495955768,242.0
2026-03-27 10:00:00,2026-03-26 10:00:00,430.9073903124958,392.0
2026-03-27 11:00:00,2026-03-26 11:00:00,527.3173762092223,528.0
2026-03-27 12:00:00,2026-03-26 12:00:00,687.8658827788672,632.0
2026-03-27 13:00:00,2026-03-26 13:00:00,683.2186086237671,693.0
2026-03-27 14:00:00,2026-03-26 14:00:00,621.8335417595174,702.0
2026-03-27 15:00:00,2026-03-26 15:00:00,562.8769748637496,663.0
2026-03-27 16:00:00,2026-03-26 16:00:00,438.65670353010836,572.0
2026-03-27 17:00:00,2026-03-26 17:00:00,289.50655691472116,423.0
2026-03-27 18:00:00,2026-03-26 18:00:00,186.99926558133504,235.0
2026-03-27 19:00:00,2026-03-26 19:00:00,44.42553836348796,69.0
2026-03-27 20:00:00,2026-03-26 20:00:00,0.28310834970219506,0.0
2026-03-27 21:00:00,2026-03-26 21:00:00,0.28310834970219506,0.0
2026-03-27 22:00:00,2026-03-26 22:00:00,0.28310834970219506,0.0
2026-03-27 23:00:00,2026-03-26 23:00:00,0.28310834970219506,0.0
2026-03-28 00:00:00,2026-03-27 00:00:00,0.28310834970219506,0.0
2026-03-28 01:00:00,2026-03-27 01:00:00,0.28310834970219506,0.0
2026-03-28 02:00:00,2026-03-27 02:00:00,0.28310834970219506,0.0
2026-03-28 03:00:00,2026-03-27 03:00:00,0.28310834970219506,0.0
2026-03-28 04:00:00,2026-03-27 04:00:00,0.28310834970219506,0.0
2026-03-28 05:00:00,2026-03-27 05:00:00,0.28310834970219506,0.0
2026-03-28 06:00:00,2026-03-27 06:00:00,0.28310834970219506,0.0
2026-03-28 07:00:00,2026-03-27 07:00:00,1.3432400551273531,4.0
2026-03-28 08:00:00,2026-03-27 08:00:00,76.66474133962275,109.0
2026-03-28 09:00:00,2026-03-27 09:00:00,245.778181147808,277.0
2026-03-28 10:00:00,2026-03-27 10:00:00,468.6148410326585,466.0
2026-03-28 11:00:00,2026-03-27 11:00:00,604.6943400663907,629.0
2026-03-28 12:00:00,2026-03-27 12:00:00,727.664829288225,721.0
2026-03-28 13:00:00,2026-03-27 13:00:00,768.6781803799671,735.0
2026-03-28 14:00:00,2026-03-27 14:00:00,617.7599686598312,664.0
2026-03-28 15:00:00,2026-03-27 15:00:00,579.7484513298466,498.0
2026-03-28 16:00:00,2026-03-27 16:00:00,394.3258207758623,297.0
2026-03-28 17:00:00,2026-03-27 17:00:00,289.05055367441395,153.0
2026-03-28 18:00:00,2026-03-27 18:00:00,151.51703769707453,81.0
2026-03-28 19:00:00,2026-03-27 19:00:00,43.270744658365125,29.0
2026-03-28 20:00:00,2026-03-27 20:00:00,0.28310834970219506,0.0
2026-03-28 21:00:00,2026-03-27 21:00:00,0.28310834970219506,0.0
2026-03-28 22:00:00,2026-03-27 22:00:00,0.28310834970219506,0.0
2026-03-28 23:00:00,2026-03-27 23:00:00,0.28310834970219506,0.0
2026-03-29 00:00:00,2026-03-28 00:00:00,0.28310834970219506,0.0
2026-03-29 01:00:00,2026-03-28 01:00:00,0.28310834970219506,0.0
2026-03-29 02:00:00,2026-03-28 02:00:00,0.28310834970219506,0.0
2026-03-29 03:00:00,2026-03-28 03:00:00,0.28310834970219506,0.0
2026-03-29 04:00:00,2026-03-28 04:00:00,0.28310834970219506,0.0
2026-03-29 05:00:00,2026-03-28 05:00:00,0.28310834970219506,0.0
2026-03-29 06:00:00,2026-03-28 06:00:00,0.28310834970219506,0.0
2026-03-29 07:00:00,2026-03-28 07:00:00,1.3151811420702648,3.0
2026-03-29 08:00:00,2026-03-28 08:00:00,63.97878187709208,80.0
2026-03-29 09:00:00,2026-03-28 09:00:00,251.3449795790625,223.0
2026-03-29 10:00:00,2026-03-28 10:00:00,431.77741118566587,417.0
2026-03-29 11:00:00,2026-03-28 11:00:00,615.6080765081942,606.0
2026-03-29 12:00:00,2026-03-28 12:00:00,728.1885537679358,727.0
2026-03-29 13:00:00,2026-03-28 13:00:00,682.3035981995398,774.0
2026-03-29 14:00:00,2026-03-28 14:00:00,757.2838177930786,749.0
2026-03-29 15:00:00,2026-03-28 15:00:00,667.0879161353257,656.0
2026-03-29 16:00:00,2026-03-28 16:00:00,523.3443592156816,512.0
2026-03-29 17:00:00,2026-03-28 17:00:00,364.64491957099034,356.0
2026-03-29 18:00:00,2026-03-28 18:00:00,190.25070827902783,205.0
2026-03-29 19:00:00,2026-03-28 19:00:00,54.17408579160979,68.0
2026-03-29 20:00:00,2026-03-28 20:00:00,0.303382111516861,0.0
2026-03-29 21:00:00,2026-03-28 21:00:00,0.41077779818386767,0.0
2026-03-29 22:00:00,2026-03-28 22:00:00,0.0,0.0
2026-03-29 23:00:00,2026-03-28 23:00:00,0.41077779818386767,0.0
2026-03-30 00:00:00,2026-03-29 00:00:00,0.31289402881079853,0.0
2026-03-30 01:00:00,2026-03-29 01:00:00,0.28310834970219506,0.0
2026-03-30 02:00:00,2026-03-29 02:00:00,0.31289402881079853,0.0
2026-03-30 03:00:00,2026-03-29 03:00:00,0.31289402881079853,0.0
2026-03-30 04:00:00,2026-03-29 04:00:00,0.3331677906254645,0.0
2026-03-30 05:00:00,2026-03-29 05:00:00,0.28310834970219506,0.0
2026-03-30 06:00:00,2026-03-29 06:00:00,0.28310834970219506,0.0
2026-03-30 07:00:00,2026-03-29 07:00:00,1.4390116067651149,5.0
2026-03-30 08:00:00,2026-03-29 08:00:00,97.88980483638831,116.0
2026-03-30 09:00:00,2026-03-29 09:00:00,267.8874611334782,279.0
2026-03-30 10:00:00,2026-03-29 10:00:00,493.55207149866663,453.0
2026-03-30 11:00:00,2026-03-29 11:00:00,636.299153482805,609.0
2026-03-30 12:00:00,2026-03-29 12:00:00,755.7101703865867,720.0
2026-03-30 13:00:00,2026-03-29 13:00:00,783.4409508954459,776.0
2026-03-30 14:00:00,2026-03-29 14:00:00,713.0856633948355,771.0
2026-03-30 15:00:00,2026-03-29 15:00:00,707.7018544259636,706.0
2026-03-30 16:00:00,2026-03-29 16:00:00,583.2981921729056,588.0
2026-03-30 17:00:00,2026-03-29 17:00:00,420.66787995741987,427.0
2026-03-30 18:00:00,2026-03-29 18:00:00,213.06726783803052,241.0
2026-03-30 19:00:00,2026-03-29 19:00:00,61.2021022687465,76.0
2026-03-30 20:00:00,2026-03-29 20:00:00,0.222546052544804,0.0
2026-03-30 21:00:00,2026-03-29 21:00:00,0.28310834970219506,0.0
2026-03-30 22:00:00,2026-03-29 22:00:00,0.28310834970219506,0.0
2026-03-30 23:00:00,2026-03-29 23:00:00,0.28310834970219506,0.0
2026-03-31 00:00:00,2026-03-30 00:00:00,0.28310834970219506,0.0
2026-03-31 01:00:00,2026-03-30 01:00:00,0.28310834970219506,0.0
2026-03-31 02:00:00,2026-03-30 02:00:00,0.28310834970219506,0.0
2026-03-31 03:00:00,2026-03-30 03:00:00,0.28310834970219506,0.0
2026-03-31 04:00:00,2026-03-30 04:00:00,0.28310834970219506,0.0
2026-03-31 05:00:00,2026-03-30 05:00:00,0.28310834970219506,0.0
2026-03-31 06:00:00,2026-03-30 06:00:00,0.28310834970219506,0.0
2026-03-31 07:00:00,2026-03-30 07:00:00,2.2601830790188084,6.0
2026-03-31 08:00:00,2026-03-30 08:00:00,91.70612177318296,123.0
2026-03-31 09:00:00,2026-03-30 09:00:00,264.3218441311863,295.0
2026-03-31 10:00:00,2026-03-30 10:00:00,497.9160361164565,486.0
2026-03-31 11:00:00,2026-03-30 11:00:00,638.9194869083923,652.0
2026-03-31 12:00:00,2026-03-30 12:00:00,766.3908753329177,740.0
2026-03-31 13:00:00,2026-03-30 13:00:00,700.0294759291115,753.0
2026-03-31 14:00:00,2026-03-30 14:00:00,714.1779990112917,724.0
2026-03-31 15:00:00,2026-03-30 15:00:00,726.4076019606864,677.0
2026-03-31 16:00:00,2026-03-30 16:00:00,621.4101424382629,591.0
2026-03-31 17:00:00,2026-03-30 17:00:00,452.99563370165123,446.0
2026-03-31 18:00:00,2026-03-30 18:00:00,239.3664237570987,257.0
2026-03-31 19:00:00,2026-03-30 19:00:00,68.79544421468104,83.0
2026-03-31 20:00:00,2026-03-30 20:00:00,0.28310834970219506,1.0
2026-03-31 21:00:00,2026-03-30 21:00:00,0.28310834970219506,0.0
2026-03-31 22:00:00,2026-03-30 22:00:00,0.28310834970219506,0.0
2026-03-31 23:00:00,2026-03-30 23:00:00,0.28310834970219506,0.0
2026-04-01 00:00:00,2026-03-31 00:00:00,0.28310834970219506,0.0
2026-04-01 01:00:00,2026-03-31 01:00:00,0.28310834970219506,0.0
2026-04-01 02:00:00,2026-03-31 02:00:00,0.28310834970219506,0.0
2026-04-01 03:00:00,2026-03-31 03:00:00,0.28310834970219506,0.0
2026-04-01 04:00:00,2026-03-31 04:00:00,0.28310834970219506,0.0
2026-04-01 05:00:00,2026-03-31 05:00:00,0.222546052544804,0.0
2026-04-01 06:00:00,2026-03-31 06:00:00,0.28310834970219506,0.0
2026-04-01 07:00:00,2026-03-31 07:00:00,2.3775616113246305,6.0
2026-04-01 08:00:00,2026-03-31 08:00:00,84.53259851986509,106.0
2026-04-01 09:00:00,2026-03-31 09:00:00,275.96100262697774,245.0
2026-04-01 10:00:00,2026-03-31 10:00:00,450.9933180006808,387.0
2026-04-01 11:00:00,2026-03-31 11:00:00,529.9520354535543,500.0
2026-04-01 12:00:00,2026-03-31 12:00:00,505.1126938401772,540.0
2026-04-01 13:00:00,2026-03-31 13:00:00,597.5725475934398,515.0
2026-04-01 14:00:00,2026-03-31 14:00:00,419.5533012450534,457.0
2026-04-01 15:00:00,2026-03-31 15:00:00,345.7586837398631,392.0
2026-04-01 16:00:00,2026-03-31 16:00:00,257.49153318733823,312.0
2026-04-01 17:00:00,2026-03-31 17:00:00,169.31235480999763,211.0
2026-04-01 18:00:00,2026-03-31 18:00:00,95.83117439127815,101.0
2026-04-01 19:00:00,2026-03-31 19:00:00,33.2979950074996,23.0
2026-04-01 20:00:00,2026-03-31 20:00:00,0.28310834970219506,0.0
2026-04-01 21:00:00,2026-03-31 21:00:00,0.28310834970219506,0.0
2026-04-01 22:00:00,2026-03-31 22:00:00,0.28310834970219506,0.0
2026-04-01 23:00:00,2026-03-31 23:00:00,0.28310834970219506,0.0
2026-04-02 00:00:00,2026-04-01 00:00:00,0.28310834970219506,0.0
2026-04-02 01:00:00,2026-04-01 01:00:00,0.28310834970219506,0.0
2026-04-02 02:00:00,2026-04-01 02:00:00,0.28310834970219506,0.0
2026-04-02 03:00:00,2026-04-01 03:00:00,0.28310834970219506,0.0
2026-04-02 04:00:00,2026-04-01 04:00:00,0.28310834970219506,0.0
2026-04-02 05:00:00,2026-04-01 05:00:00,0.28310834970219506,0.0
2026-04-02 06:00:00,2026-04-01 06:00:00,0.28310834970219506,0.0
2026-04-02 07:00:00,2026-04-01 07:00:00,2.0091543769990934,4.0
2026-04-02 08:00:00,2026-04-01 08:00:00,46.20714193217339,64.0
2026-04-02 09:00:00,2026-04-01 09:00:00,128.0386684504988,197.0
2026-04-02 10:00:00,2026-04-01 10:00:00,297.2305604405129,410.0
2026-04-02 11:00:00,2026-04-01 11:00:00,431.5856317076476,632.0
2026-04-02 12:00:00,2026-04-01 12:00:00,700.4182995115895,779.0
2026-04-02 13:00:00,2026-04-01 13:00:00,852.8851260037864,846.0
2026-04-02 14:00:00,2026-04-01 14:00:00,793.4055092922284,839.0
2026-04-02 15:00:00,2026-04-01 15:00:00,752.5547530846311,767.0
2026-04-02 16:00:00,2026-04-01 16:00:00,617.2280723014916,634.0
2026-04-02 17:00:00,2026-04-01 17:00:00,474.142607892425,458.0
2026-04-02 18:00:00,2026-04-01 18:00:00,263.27769749602373,261.0
2026-04-02 19:00:00,2026-04-01 19:00:00,63.66656824492574,86.0
2026-04-02 20:00:00,2026-04-01 20:00:00,0.303382111516861,1.0
2026-04-02 21:00:00,2026-04-01 21:00:00,0.303382111516861,0.0
2026-04-02 22:00:00,2026-04-01 22:00:00,0.303382111516861,0.0
2026-04-02 23:00:00,2026-04-01 23:00:00,0.303382111516861,0.0
2026-04-03 00:00:00,2026-04-02 00:00:00,0.25255678767525624,0.0
2026-04-03 01:00:00,2026-04-02 01:00:00,0.222546052544804,0.0
2026-04-03 02:00:00,2026-04-02 02:00:00,0.222546052544804,0.0
2026-04-03 03:00:00,2026-04-02 03:00:00,0.24281981435946998,0.0
2026-04-03 04:00:00,2026-04-02 04:00:00,0.27260549346807345,0.0
2026-04-03 05:00:00,2026-04-02 05:00:00,0.27260549346807345,0.0
2026-04-03 06:00:00,2026-04-02 06:00:00,0.27260549346807345,0.0
2026-04-03 07:00:00,2026-04-02 07:00:00,4.287712090174903,10.0
2026-04-03 08:00:00,2026-04-02 08:00:00,107.69549872251717,132.0
2026-04-03 09:00:00,2026-04-02 09:00:00,130.76353192271367,306.0
2026-04-03 10:00:00,2026-04-02 10:00:00,425.26847466015874,499.0
2026-04-03 11:00:00,2026-04-02 11:00:00,668.5735974035889,670.0
2026-04-03 12:00:00,2026-04-02 12:00:00,700.1956009661974,764.0
2026-04-03 13:00:00,2026-04-02 13:00:00,658.2350048861248,784.0
2026-04-03 14:00:00,2026-04-02 14:00:00,807.2874498122587,757.0
2026-04-03 15:00:00,2026-04-02 15:00:00,724.3328025547938,707.0
2026-04-03 16:00:00,2026-04-02 16:00:00,625.514859715745,614.0
2026-04-03 17:00:00,2026-04-02 17:00:00,453.20385721378835,461.0
2026-04-03 18:00:00,2026-04-02 18:00:00,233.27862777174778,265.0
2026-04-03 19:00:00,2026-04-02 19:00:00,63.88872182086846,87.0
2026-04-03 20:00:00,2026-04-02 20:00:00,0.3822968635082426,1.0
2026-04-03 21:00:00,2026-04-02 21:00:00,0.222546052544804,0.0
2026-04-03 22:00:00,2026-04-02 22:00:00,0.222546052544804,0.0
2026-04-03 23:00:00,2026-04-02 23:00:00,0.222546052544804,0.0
2026-04-04 00:00:00,2026-04-03 00:00:00,0.25255678767525624,0.0
2026-04-04 01:00:00,2026-04-03 01:00:00,0.28310834970219506,0.0
2026-04-04 02:00:00,2026-04-03 02:00:00,0.222546052544804,0.0
2026-04-04 03:00:00,2026-04-03 03:00:00,0.222546052544804,0.0
2026-04-04 04:00:00,2026-04-03 04:00:00,0.25255678767525624,0.0
2026-04-04 05:00:00,2026-04-03 05:00:00,0.28310834970219506,0.0
2026-04-04 06:00:00,2026-04-03 06:00:00,0.25255678767525624,0.0
2026-04-04 07:00:00,2026-04-03 07:00:00,6.115214234234426,11.0
2026-04-04 08:00:00,2026-04-03 08:00:00,101.87990491705312,132.0
2026-04-04 09:00:00,2026-04-03 09:00:00,253.68190890991042,284.0
2026-04-04 10:00:00,2026-04-03 10:00:00,439.2898588249387,431.0
2026-04-04 11:00:00,2026-04-03 11:00:00,567.4530345688786,556.0
2026-04-04 12:00:00,2026-04-03 12:00:00,625.6557576542356,638.0
2026-04-04 13:00:00,2026-04-03 13:00:00,717.0048962101949,675.0
2026-04-04 14:00:00,2026-04-03 14:00:00,707.4780304514096,666.0
2026-04-04 15:00:00,2026-04-03 15:00:00,654.9878100596388,619.0
2026-04-04 16:00:00,2026-04-03 16:00:00,573.9547116944935,531.0
2026-04-04 17:00:00,2026-04-03 17:00:00,344.64074814914494,401.0
2026-04-04 18:00:00,2026-04-03 18:00:00,211.25852526429804,241.0
2026-04-04 19:00:00,2026-04-03 19:00:00,60.38271924457242,87.0
2026-04-04 20:00:00,2026-04-03 20:00:00,0.4865839614736501,1.0
2026-04-04 21:00:00,2026-04-03 21:00:00,0.28310834970219506,0.0
2026-04-04 22:00:00,2026-04-03 22:00:00,0.28310834970219506,0.0
2026-04-04 23:00:00,2026-04-03 23:00:00,0.28310834970219506,0.0
2026-04-05 00:00:00,2026-04-04 00:00:00,0.28310834970219506,0.0
2026-04-05 01:00:00,2026-04-04 01:00:00,0.28310834970219506,0.0
2026-04-05 02:00:00,2026-04-04 02:00:00,0.28310834970219506,0.0
2026-04-05 03:00:00,2026-04-04 03:00:00,0.28310834970219506,0.0
2026-04-05 04:00:00,2026-04-04 04:00:00,0.28310834970219506,0.0
2026-04-05 05:00:00,2026-04-04 05:00:00,0.28310834970219506,0.0
2026-04-05 06:00:00,2026-04-04 06:00:00,0.28310834970219506,0.0
2026-04-05 07:00:00,2026-04-04 07:00:00,3.9798143210107284,8.0
2026-04-05 08:00:00,2026-04-04 08:00:00,96.3676412196084,88.0
2026-04-05 09:00:00,2026-04-04 09:00:00,229.1637994055629,203.0
2026-04-05 10:00:00,2026-04-04 10:00:00,452.71064149102665,344.0
2026-04-05 11:00:00,2026-04-04 11:00:00,586.1560739622859,490.0
2026-04-05 12:00:00,2026-04-04 12:00:00,574.8096256044672,626.0
2026-04-05 13:00:00,2026-04-04 13:00:00,727.8409626355268,733.0
2026-04-05 14:00:00,2026-04-04 14:00:00,785.2679247786726,771.0
2026-04-05 15:00:00,2026-04-04 15:00:00,692.0883070393788,723.0
2026-04-05 16:00:00,2026-04-04 16:00:00,567.8134357977549,607.0
2026-04-05 17:00:00,2026-04-04 17:00:00,436.86266630037323,444.0
2026-04-05 18:00:00,2026-04-04 18:00:00,250.36120337520597,255.0
2026-04-05 19:00:00,2026-04-04 19:00:00,77.51537599540248,86.0
2026-04-05 20:00:00,2026-04-04 20:00:00,0.4865839614736501,2.0
2026-04-05 21:00:00,2026-04-04 21:00:00,0.28310834970219506,0.0
2026-04-05 22:00:00,2026-04-04 22:00:00,0.222546052544804,0.0
2026-04-05 23:00:00,2026-04-04 23:00:00,0.222546052544804,0.0
2026-04-06 00:00:00,2026-04-05 00:00:00,0.222546052544804,0.0
2026-04-06 01:00:00,2026-04-05 01:00:00,0.222546052544804,0.0
2026-04-06 02:00:00,2026-04-05 02:00:00,0.222546052544804,0.0
2026-04-06 03:00:00,2026-04-05 03:00:00,0.222546052544804,0.0
2026-04-06 04:00:00,2026-04-05 04:00:00,0.222546052544804,0.0
2026-04-06 05:00:00,2026-04-05 05:00:00,0.222546052544804,0.0
2026-04-06 06:00:00,2026-04-05 06:00:00,0.222546052544804,0.0
2026-04-06 07:00:00,2026-04-05 07:00:00,6.284643893190009,13.0
2026-04-06 08:00:00,2026-04-05 08:00:00,114.94344472965739,132.0
2026-04-06 09:00:00,2026-04-05 09:00:00,282.3694108106014,292.0
2026-04-06 10:00:00,2026-04-05 10:00:00,502.1725240885292,469.0
2026-04-06 11:00:00,2026-04-05 11:00:00,669.3086283615452,634.0
2026-04-06 12:00:00,2026-04-05 12:00:00,771.1629791855459,754.0
2026-04-06 13:00:00,2026-04-05 13:00:00,852.8600887688482,821.0
2026-04-06 14:00:00,2026-04-05 14:00:00,843.7085227573879,820.0
2026-04-06 15:00:00,2026-04-05 15:00:00,763.7755509407538,754.0
2026-04-06 16:00:00,2026-04-05 16:00:00,620.3081206944721,629.0
2026-04-06 17:00:00,2026-04-05 17:00:00,462.26278212151124,459.0
2026-04-06 18:00:00,2026-04-05 18:00:00,250.12045032716068,263.0
2026-04-06 19:00:00,2026-04-05 19:00:00,78.08548356748126,90.0
2026-04-06 20:00:00,2026-04-05 20:00:00,0.3822968635082426,2.0
2026-04-06 21:00:00,2026-04-05 21:00:00,0.28310834970219506,0.0
2026-04-06 22:00:00,2026-04-05 22:00:00,0.28310834970219506,0.0
2026-04-06 23:00:00,2026-04-05 23:00:00,0.25255678767525624,0.0
2026-04-07 00:00:00,2026-04-06 00:00:00,0.222546052544804,0.0
2026-04-07 01:00:00,2026-04-06 01:00:00,0.28310834970219506,0.0
2026-04-07 02:00:00,2026-04-06 02:00:00,0.28310834970219506,0.0
2026-04-07 03:00:00,2026-04-06 03:00:00,0.28310834970219506,0.0
2026-04-07 04:00:00,2026-04-06 04:00:00,0.28310834970219506,0.0
2026-04-07 05:00:00,2026-04-06 05:00:00,0.25255678767525624,0.0
2026-04-07 06:00:00,2026-04-06 06:00:00,0.222546052544804,0.0
2026-04-07 07:00:00,2026-04-06 07:00:00,7.595840002986496,13.0
2026-04-07 08:00:00,2026-04-06 08:00:00,127.42322480473563,126.0
2026-04-07 09:00:00,2026-04-06 09:00:00,267.95151322782147,283.0
2026-04-07 10:00:00,2026-04-06 10:00:00,503.681479479889,468.0
2026-04-07 11:00:00,2026-04-06 11:00:00,661.6806518343556,636.0
2026-04-07 12:00:00,2026-04-06 12:00:00,670.6613908122764,734.0
2026-04-07 13:00:00,2026-04-06 13:00:00,767.2899876224179,762.0
2026-04-07 14:00:00,2026-04-06 14:00:00,817.8329302289908,739.0
2026-04-07 15:00:00,2026-04-06 15:00:00,744.5902571067949,684.0
2026-04-07 16:00:00,2026-04-06 16:00:00,626.5834399288609,585.0
2026-04-07 17:00:00,2026-04-06 17:00:00,452.7461525886974,437.0
2026-04-07 18:00:00,2026-04-06 18:00:00,241.5081885630884,254.0
2026-04-07 19:00:00,2026-04-06 19:00:00,77.46586934173128,88.0
2026-04-07 20:00:00,2026-04-06 20:00:00,0.4865839614736501,2.0
2026-04-07 21:00:00,2026-04-06 21:00:00,0.222546052544804,0.0
2026-04-07 22:00:00,2026-04-06 22:00:00,0.222546052544804,0.0
2026-04-07 23:00:00,2026-04-06 23:00:00,0.222546052544804,0.0
2026-04-08 00:00:00,2026-04-07 00:00:00,0.28310834970219506,0.0
2026-04-08 01:00:00,2026-04-07 01:00:00,0.28310834970219506,0.0
2026-04-08 02:00:00,2026-04-07 02:00:00,0.28310834970219506,0.0
2026-04-08 03:00:00,2026-04-07 03:00:00,0.28310834970219506,0.0
2026-04-08 04:00:00,2026-04-07 04:00:00,0.28310834970219506,0.0
2026-04-08 05:00:00,2026-04-07 05:00:00,0.28310834970219506,0.0
2026-04-08 06:00:00,2026-04-07 06:00:00,0.28310834970219506,0.0
2026-04-08 07:00:00,2026-04-07 07:00:00,8.058119893771718,15.0
2026-04-08 08:00:00,2026-04-07 08:00:00,110.46698666496282,134.0
2026-04-08 09:00:00,2026-04-07 09:00:00,280.35604671729135,294.0
2026-04-08 10:00:00,2026-04-07 10:00:00,526.790129062653,476.0
2026-04-08 11:00:00,2026-04-07 11:00:00,621.2667302853483,642.0
2026-04-08 12:00:00,2026-04-07 12:00:00,731.0205727194875,749.0
2026-04-08 13:00:00,2026-04-07 13:00:00,792.9797733727486,793.0
2026-04-08 14:00:00,2026-04-07 14:00:00,766.1133361505492,777.0
2026-04-08 15:00:00,2026-04-07 15:00:00,699.7737942448593,710.0
2026-04-08 16:00:00,2026-04-07 16:00:00,556.0421000092193,593.0
2026-04-08 17:00:00,2026-04-07 17:00:00,403.8022354003029,438.0
2026-04-08 18:00:00,2026-04-07 18:00:00,232.84781849625924,259.0
2026-04-08 19:00:00,2026-04-07 19:00:00,74.05040763908654,95.0
2026-04-08 20:00:00,2026-04-07 20:00:00,0.9483522916897825,3.0
2026-04-08 21:00:00,2026-04-07 21:00:00,0.28310834970219506,0.0
2026-04-08 22:00:00,2026-04-07 22:00:00,0.28310834970219506,0.0
2026-04-08 23:00:00,2026-04-07 23:00:00,0.28310834970219506,0.0
2026-04-09 00:00:00,2026-04-08 00:00:00,0.28310834970219506,0.0
2026-04-09 01:00:00,2026-04-08 01:00:00,0.28310834970219506,0.0
2026-04-09 02:00:00,2026-04-08 02:00:00,0.28310834970219506,0.0
2026-04-09 03:00:00,2026-04-08 03:00:00,0.28310834970219506,0.0
2026-04-09 04:00:00,2026-04-08 04:00:00,0.28310834970219506,0.0
2026-04-09 05:00:00,2026-04-08 05:00:00,0.28310834970219506,0.0
2026-04-09 06:00:00,2026-04-08 06:00:00,0.28310834970219506,0.0
2026-04-09 07:00:00,2026-04-08 07:00:00,7.677969025865116,15.0
2026-04-09 08:00:00,2026-04-08 08:00:00,103.08916677151485,129.0
2026-04-09 09:00:00,2026-04-08 09:00:00,283.04471722506423,291.0
2026-04-09 10:00:00,2026-04-08 10:00:00,504.06843142165934,491.0
2026-04-09 11:00:00,2026-04-08 11:00:00,669.5050468178164,681.0
2026-04-09 12:00:00,2026-04-08 12:00:00,812.9750057450028,807.0
2026-04-09 13:00:00,2026-04-08 13:00:00,772.2413881719988,862.0
2026-04-09 14:00:00,2026-04-08 14:00:00,781.2316681010841,844.0
2026-04-09 15:00:00,2026-04-08 15:00:00,740.0666708839602,760.0
2026-04-09 16:00:00,2026-04-08 16:00:00,643.8183902595136,618.0
2026-04-09 17:00:00,2026-04-08 17:00:00,441.2327150769513,440.0
2026-04-09 18:00:00,2026-04-08 18:00:00,238.2268094070634,246.0
2026-04-09 19:00:00,2026-04-08 19:00:00,78.4242368575557,82.0
2026-04-09 20:00:00,2026-04-08 20:00:00,1.2462918074070863,2.0
2026-04-09 21:00:00,2026-04-08 21:00:00,0.28310834970219506,0.0
2026-04-09 22:00:00,2026-04-08 22:00:00,0.28310834970219506,0.0
2026-04-09 23:00:00,2026-04-08 23:00:00,0.28310834970219506,0.0
2026-04-10 00:00:00,2026-04-09 00:00:00,0.28310834970219506,0.0
2026-04-10 01:00:00,2026-04-09 01:00:00,0.28310834970219506,0.0
2026-04-10 02:00:00,2026-04-09 02:00:00,0.28310834970219506,0.0
2026-04-10 03:00:00,2026-04-09 03:00:00,0.28310834970219506,0.0
2026-04-10 04:00:00,2026-04-09 04:00:00,0.28310834970219506,0.0
2026-04-10 05:00:00,2026-04-09 05:00:00,0.28310834970219506,0.0
2026-04-10 06:00:00,2026-04-09 06:00:00,0.28310834970219506,0.0
2026-04-10 07:00:00,2026-04-09 07:00:00,10.640810832393424,19.0
2026-04-10 08:00:00,2026-04-09 08:00:00,128.06335507027376,149.0
2026-04-10 09:00:00,2026-04-09 09:00:00,333.1414819674429,319.0
2026-04-10 10:00:00,2026-04-09 10:00:00,526.4393639810867,514.0
2026-04-10 11:00:00,2026-04-09 11:00:00,681.4846032323555,693.0
2026-04-10 12:00:00,2026-04-09 12:00:00,790.7327763765506,813.0
2026-04-10 13:00:00,2026-04-09 13:00:00,880.395019275206,868.0
2026-04-10 14:00:00,2026-04-09 14:00:00,864.3251792718943,857.0
2026-04-10 15:00:00,2026-04-09 15:00:00,816.4553105879788,787.0
2026-04-10 16:00:00,2026-04-09 16:00:00,671.3639649867778,661.0
2026-04-10 17:00:00,2026-04-09 17:00:00,506.4932629312961,487.0
2026-04-10 18:00:00,2026-04-09 18:00:00,280.6631028047616,283.0
2026-04-10 19:00:00,2026-04-09 19:00:00,93.59486198764493,101.0
2026-04-10 20:00:00,2026-04-09 20:00:00,1.90213325304672,3.0
2026-04-10 21:00:00,2026-04-09 21:00:00,0.222546052544804,0.0
2026-04-10 22:00:00,2026-04-09 22:00:00,0.222546052544804,0.0
2026-04-10 23:00:00,2026-04-09 23:00:00,0.222546052544804,0.0
2026-04-11 00:00:00,2026-04-10 00:00:00,0.222546052544804,0.0
2026-04-11 01:00:00,2026-04-10 01:00:00,0.222546052544804,0.0
2026-04-11 02:00:00,2026-04-10 02:00:00,0.222546052544804,0.0
2026-04-11 03:00:00,2026-04-10 03:00:00,0.222546052544804,0.0
2026-04-11 04:00:00,2026-04-10 04:00:00,0.222546052544804,0.0
2026-04-11 05:00:00,2026-04-10 05:00:00,0.28310834970219506,0.0
2026-04-11 06:00:00,2026-04-10 06:00:00,0.28310834970219506,0.0
2026-04-11 07:00:00,2026-04-10 07:00:00,12.60549164277209,18.0
2026-04-11 08:00:00,2026-04-10 08:00:00,131.7823701973354,137.0
2026-04-11 09:00:00,2026-04-10 09:00:00,326.1367690621676,298.0
2026-04-11 10:00:00,2026-04-10 10:00:00,483.6950583176741,491.0
2026-04-11 11:00:00,2026-04-10 11:00:00,550.3760269358553,673.0
2026-04-11 12:00:00,2026-04-10 12:00:00,653.9529291848501,796.0
2026-04-11 13:00:00,2026-04-10 13:00:00,820.074876856961,852.0
2026-04-11 14:00:00,2026-04-10 14:00:00,815.5632935693368,842.0
2026-04-11 15:00:00,2026-04-10 15:00:00,761.5837285643794,774.0
2026-04-11 16:00:00,2026-04-10 16:00:00,662.3463612556383,649.0
2026-04-11 17:00:00,2026-04-10 17:00:00,478.9953336470237,474.0
2026-04-11 18:00:00,2026-04-10 18:00:00,236.82393874243945,269.0
2026-04-11 19:00:00,2026-04-10 19:00:00,73.12191466829638,92.0
2026-04-11 20:00:00,2026-04-10 20:00:00,1.9535576820584466,3.0
2026-04-11 21:00:00,2026-04-10 21:00:00,0.28310834970219506,0.0
2026-04-11 22:00:00,2026-04-10 22:00:00,0.28310834970219506,0.0
2026-04-11 23:00:00,2026-04-10 23:00:00,0.28310834970219506,0.0
2026-04-12 00:00:00,2026-04-11 00:00:00,0.28310834970219506,0.0
2026-04-12 01:00:00,2026-04-11 01:00:00,0.28310834970219506,0.0
2026-04-12 02:00:00,2026-04-11 02:00:00,0.28310834970219506,0.0
2026-04-12 03:00:00,2026-04-11 03:00:00,0.28310834970219506,0.0
2026-04-12 04:00:00,2026-04-11 04:00:00,0.28310834970219506,0.0
2026-04-12 05:00:00,2026-04-11 05:00:00,0.28310834970219506,0.0
2026-04-12 06:00:00,2026-04-11 06:00:00,0.28310834970219506,0.0
2026-04-12 07:00:00,2026-04-11 07:00:00,14.441601569141676,23.0
2026-04-12 08:00:00,2026-04-11 08:00:00,142.27862084686004,158.0
2026-04-12 09:00:00,2026-04-11 09:00:00,316.91460080794343,325.0
2026-04-12 10:00:00,2026-04-11 10:00:00,506.94052378582666,508.0
2026-04-12 11:00:00,2026-04-11 11:00:00,591.6476800993153,676.0
2026-04-12 12:00:00,2026-04-11 12:00:00,776.8569540204962,799.0
2026-04-12 13:00:00,2026-04-11 13:00:00,891.7820566262423,866.0
2026-04-12 14:00:00,2026-04-11 14:00:00,898.2962569056372,865.0
2026-04-12 15:00:00,2026-04-11 15:00:00,810.0210685876285,795.0
2026-04-12 16:00:00,2026-04-11 16:00:00,685.7302267644502,667.0
2026-04-12 17:00:00,2026-04-11 17:00:00,508.7775080808845,491.0
2026-04-12 18:00:00,2026-04-11 18:00:00,288.6865447056898,289.0
2026-04-12 19:00:00,2026-04-11 19:00:00,98.50103381348367,106.0
2026-04-12 20:00:00,2026-04-11 20:00:00,1.4191324144192454,4.0
2026-04-12 21:00:00,2026-04-11 21:00:00,0.222546052544804,0.0
2026-04-12 22:00:00,2026-04-11 22:00:00,0.222546052544804,0.0
2026-04-12 23:00:00,2026-04-11 23:00:00,0.222546052544804,0.0
2026-04-13 00:00:00,2026-04-12 00:00:00,0.222546052544804,0.0
2026-04-13 01:00:00,2026-04-12 01:00:00,0.222546052544804,0.0
2026-04-13 02:00:00,2026-04-12 02:00:00,0.222546052544804,0.0
2026-04-13 03:00:00,2026-04-12 03:00:00,0.222546052544804,0.0
2026-04-13 04:00:00,2026-04-12 04:00:00,0.222546052544804,0.0
2026-04-13 05:00:00,2026-04-12 05:00:00,0.222546052544804,0.0
2026-04-13 06:00:00,2026-04-12 06:00:00,0.222546052544804,0.0
2026-04-13 07:00:00,2026-04-12 07:00:00,16.847652766550947,26.0
2026-04-13 08:00:00,2026-04-12 08:00:00,151.59395593983785,172.0
2026-04-13 09:00:00,2026-04-12 09:00:00,368.0404362340589,350.0
2026-04-13 10:00:00,2026-04-12 10:00:00,548.1829521334787,547.0
2026-04-13 11:00:00,2026-04-12 11:00:00,704.6063636696113,724.0
2026-04-13 12:00:00,2026-04-12 12:00:00,841.4953625223346,845.0
2026-04-13 13:00:00,2026-04-12 13:00:00,891.9376112704688,900.0
2026-04-13 14:00:00,2026-04-12 14:00:00,895.5084915310972,886.0
2026-04-13 15:00:00,2026-04-12 15:00:00,689.8842028344831,806.0
2026-04-13 16:00:00,2026-04-12 16:00:00,582.8241328854032,669.0
2026-04-13 17:00:00,2026-04-12 17:00:00,454.20501321514905,490.0
2026-04-13 18:00:00,2026-04-12 18:00:00,269.135823678082,289.0
2026-04-13 19:00:00,2026-04-12 19:00:00,84.97187281849642,108.0
2026-04-13 20:00:00,2026-04-12 20:00:00,2.690321248692599,5.0
2026-04-13 21:00:00,2026-04-12 21:00:00,0.25255678767525624,0.0
2026-04-13 22:00:00,2026-04-12 22:00:00,0.28310834970219506,0.0
2026-04-13 23:00:00,2026-04-12 23:00:00,0.222546052544804,0.0
2026-04-14 00:00:00,2026-04-13 00:00:00,0.222546052544804,0.0
2026-04-14 01:00:00,2026-04-13 01:00:00,0.222546052544804,0.0
2026-04-14 02:00:00,2026-04-13 02:00:00,0.222546052544804,0.0
2026-04-14 03:00:00,2026-04-13 03:00:00,0.222546052544804,0.0
2026-04-14 04:00:00,2026-04-13 04:00:00,0.222546052544804,0.0
2026-04-14 05:00:00,2026-04-13 05:00:00,0.222546052544804,0.0
2026-04-14 06:00:00,2026-04-13 06:00:00,0.222546052544804,0.0
2026-04-14 07:00:00,2026-04-13 07:00:00,17.694955271672782,28.0
2026-04-14 08:00:00,2026-04-13 08:00:00,152.98879055192663,175.0
2026-04-14 09:00:00,2026-04-13 09:00:00,355.6586354351759,351.0
2026-04-14 10:00:00,2026-04-13 10:00:00,558.7655976112839,540.0
2026-04-14 11:00:00,2026-04-13 11:00:00,715.744779706717,699.0
2026-04-14 12:00:00,2026-04-13 12:00:00,830.1672414518628,780.0
2026-04-14 13:00:00,2026-04-13 13:00:00,896.7298322489544,785.0
2026-04-14 14:00:00,2026-04-13 14:00:00,889.107504295308,741.0
2026-04-14 15:00:00,2026-04-13 15:00:00,765.2870320969843,671.0
2026-04-14 16:00:00,2026-04-13 16:00:00,533.7194028436483,564.0
2026-04-14 17:00:00,2026-04-13 17:00:00,437.4871857470916,415.0
2026-04-14 18:00:00,2026-04-13 18:00:00,231.92563738560898,237.0
2026-04-14 19:00:00,2026-04-13 19:00:00,87.66850233214375,84.0
2026-04-14 20:00:00,2026-04-13 20:00:00,2.4641723057067932,4.0
2026-04-14 21:00:00,2026-04-13 21:00:00,0.28310834970219506,0.0
2026-04-14 22:00:00,2026-04-13 22:00:00,0.28310834970219506,0.0
2026-04-14 23:00:00,2026-04-13 23:00:00,0.28310834970219506,0.0
2026-04-15 00:00:00,2026-04-14 00:00:00,0.28310834970219506,0.0
2026-04-15 01:00:00,2026-04-14 01:00:00,0.28310834970219506,0.0
2026-04-15 02:00:00,2026-04-14 02:00:00,0.28310834970219506,0.0
2026-04-15 03:00:00,2026-04-14 03:00:00,0.222546052544804,0.0
2026-04-15 04:00:00,2026-04-14 04:00:00,0.28310834970219506,0.0
2026-04-15 05:00:00,2026-04-14 05:00:00,0.28310834970219506,0.0
2026-04-15 06:00:00,2026-04-14 06:00:00,0.28310834970219506,0.0
2026-04-15 07:00:00,2026-04-14 07:00:00,12.58852734394471,19.0
2026-04-15 08:00:00,2026-04-14 08:00:00,93.16337363896257,115.0
2026-04-15 09:00:00,2026-04-14 09:00:00,266.61007666264624,245.0
2026-04-15 10:00:00,2026-04-14 10:00:00,433.0642410877484,407.0
2026-04-15 11:00:00,2026-04-14 11:00:00,549.944659471179,553.0
2026-04-15 12:00:00,2026-04-14 12:00:00,548.7152679951749,630.0
2026-04-15 13:00:00,2026-04-14 13:00:00,691.1851122212613,641.0
2026-04-15 14:00:00,2026-04-14 14:00:00,624.483167446174,613.0
2026-04-15 15:00:00,2026-04-14 15:00:00,664.160520878713,565.0
2026-04-15 16:00:00,2026-04-14 16:00:00,539.5814515435179,484.0
2026-04-15 17:00:00,2026-04-14 17:00:00,318.8673804159962,369.0
2026-04-15 18:00:00,2026-04-14 18:00:00,210.32264779129682,228.0
2026-04-15 19:00:00,2026-04-14 19:00:00,65.17425055654142,93.0
2026-04-15 20:00:00,2026-04-14 20:00:00,2.7062336290815105,5.0
2026-04-15 21:00:00,2026-04-14 21:00:00,0.28310834970219506,0.0
2026-04-15 22:00:00,2026-04-14 22:00:00,0.28310834970219506,0.0
2026-04-15 23:00:00,2026-04-14 23:00:00,0.303382111516861,0.0
2026-04-16 00:00:00,2026-04-15 00:00:00,0.303382111516861,0.0
2026-04-16 01:00:00,2026-04-15 01:00:00,0.28310834970219506,0.0
2026-04-16 02:00:00,2026-04-15 02:00:00,0.24281981435946998,0.0
2026-04-16 03:00:00,2026-04-15 03:00:00,0.303382111516861,0.0
2026-04-16 04:00:00,2026-04-15 04:00:00,0.28310834970219506,0.0
2026-04-16 05:00:00,2026-04-15 05:00:00,0.303382111516861,0.0
2026-04-16 06:00:00,2026-04-15 06:00:00,0.303382111516861,0.0
2026-04-16 07:00:00,2026-04-15 07:00:00,15.002611656206028,32.0
2026-04-16 08:00:00,2026-04-15 08:00:00,144.1223636085078,180.0
2026-04-16 09:00:00,2026-04-15 09:00:00,361.9355047072411,357.0
2026-04-16 10:00:00,2026-04-15 10:00:00,537.6719205694228,553.0
2026-04-16 11:00:00,2026-04-15 11:00:00,734.226653206552,727.0
2026-04-16 12:00:00,2026-04-15 12:00:00,844.142085384871,836.0
2026-04-16 13:00:00,2026-04-15 13:00:00,876.8377046710125,878.0
2026-04-16 14:00:00,2026-04-15 14:00:00,854.0705763341667,857.0
2026-04-16 15:00:00,2026-04-15 15:00:00,710.5412594903142,786.0
2026-04-16 16:00:00,2026-04-15 16:00:00,652.1807334563346,663.0
2026-04-16 17:00:00,2026-04-15 17:00:00,483.30605192534983,494.0
2026-04-16 18:00:00,2026-04-15 18:00:00,268.53874960876476,295.0
2026-04-16 19:00:00,2026-04-15 19:00:00,88.28293974180774,114.0
2026-04-16 20:00:00,2026-04-15 20:00:00,3.798284634582734,6.0
2026-04-16 21:00:00,2026-04-15 21:00:00,0.5689652474626121,0.0
2026-04-16 22:00:00,2026-04-15 22:00:00,0.5486914856479462,0.0
2026-04-16 23:00:00,2026-04-15 23:00:00,0.5689652474626121,0.0
2026-04-17 00:00:00,2026-04-16 00:00:00,0.28773269914821964,0.0
2026-04-17 01:00:00,2026-04-16 01:00:00,0.28310834970219506,0.0
2026-04-17 02:00:00,2026-04-16 02:00:00,0.28310834970219506,0.0
2026-04-17 03:00:00,2026-04-16 03:00:00,0.36071835726059825,0.0
2026-04-17 04:00:00,2026-04-16 04:00:00,0.21775015539486706,0.0
2026-04-17 05:00:00,2026-04-16 05:00:00,0.21775015539486706,0.0
2026-04-17 06:00:00,2026-04-16 06:00:00,0.21775015539486706,0.0
2026-04-17 07:00:00,2026-04-16 07:00:00,15.569646767573026,30.0
2026-04-17 08:00:00,2026-04-16 08:00:00,97.47272203860797,160.0
2026-04-17 09:00:00,2026-04-16 09:00:00,125.35493123169766,289.0
2026-04-17 10:00:00,2026-04-16 10:00:00,283.373002015899,400.0
2026-04-17 11:00:00,2026-04-16 11:00:00,631.0175553865649,507.0
2026-04-17 12:00:00,2026-04-16 12:00:00,661.7483860458675,636.0
2026-04-17 13:00:00,2026-04-16 13:00:00,567.1924319141739,762.0
2026-04-17 14:00:00,2026-04-16 14:00:00,564.7578379856006,812.0
2026-04-17 15:00:00,2026-04-16 15:00:00,797.4992333346797,756.0
2026-04-17 16:00:00,2026-04-16 16:00:00,607.821236712008,628.0
2026-04-17 17:00:00,2026-04-16 17:00:00,385.2155338663916,462.0
2026-04-17 18:00:00,2026-04-16 18:00:00,234.36818805077775,279.0
2026-04-17 19:00:00,2026-04-16 19:00:00,84.46820944531905,111.0
2026-04-17 20:00:00,2026-04-16 20:00:00,3.8658178117286495,6.0
2026-04-17 21:00:00,2026-04-16 21:00:00,0.31289402881079853,0.0
2026-04-17 22:00:00,2026-04-16 22:00:00,0.3905040363692017,0.0
2026-04-17 23:00:00,2026-04-16 23:00:00,0.32994173921181064,0.0
2026-04-18 00:00:00,2026-04-17 00:00:00,0.36534270670662283,0.0
2026-04-18 01:00:00,2026-04-17 01:00:00,0.27105192730213123,0.0
2026-04-18 02:00:00,2026-04-17 02:00:00,0.36534270670662283,0.0
2026-04-18 03:00:00,2026-04-17 03:00:00,1.5920687292033449,0.0
2026-04-18 04:00:00,2026-04-17 04:00:00,0.0,0.0
2026-04-18 05:00:00,2026-04-17 05:00:00,0.0,0.0
2026-04-18 06:00:00,2026-04-17 06:00:00,0.0,0.0
2026-04-18 07:00:00,2026-04-17 07:00:00,9.848455102592476,21.0
2026-04-18 08:00:00,2026-04-17 08:00:00,76.96838131265514,108.0
2026-04-18 09:00:00,2026-04-17 09:00:00,187.23761762356673,208.0
2026-04-18 10:00:00,2026-04-17 10:00:00,241.86036451539294,317.0
2026-04-18 11:00:00,2026-04-17 11:00:00,523.4641723695014,424.0
2026-04-18 12:00:00,2026-04-17 12:00:00,577.0535075099832,524.0
2026-04-18 13:00:00,2026-04-17 13:00:00,570.0265365305556,602.0
2026-04-18 14:00:00,2026-04-17 14:00:00,743.0069827270582,632.0
2026-04-18 15:00:00,2026-04-17 15:00:00,596.9101454355862,601.0
2026-04-18 16:00:00,2026-04-17 16:00:00,414.5103293313153,520.0
2026-04-18 17:00:00,2026-04-17 17:00:00,342.7069231844721,398.0
2026-04-18 18:00:00,2026-04-17 18:00:00,204.9637489286632,249.0
2026-04-18 19:00:00,2026-04-17 19:00:00,78.30298193463165,104.0
2026-04-18 20:00:00,2026-04-17 20:00:00,2.935081909762939,6.0
2026-04-18 21:00:00,2026-04-17 21:00:00,0.31289402881079853,0.0
2026-04-18 22:00:00,2026-04-17 22:00:00,0.31289402881079853,0.0
2026-04-18 23:00:00,2026-04-17 23:00:00,0.28310834970219506,0.0
2026-04-19 00:00:00,2026-04-18 00:00:00,0.28310834970219506,0.0
2026-04-19 01:00:00,2026-04-18 01:00:00,0.31289402881079853,0.0
2026-04-19 02:00:00,2026-04-18 02:00:00,0.31289402881079853,0.0
2026-04-19 03:00:00,2026-04-18 03:00:00,0.31289402881079853,0.0
2026-04-19 04:00:00,2026-04-18 04:00:00,0.31289402881079853,0.0
2026-04-19 05:00:00,2026-04-18 05:00:00,0.31289402881079853,0.0
2026-04-19 06:00:00,2026-04-18 06:00:00,0.31289402881079853,0.0
2026-04-19 07:00:00,2026-04-18 07:00:00,16.131048352077446,34.0
2026-04-19 08:00:00,2026-04-18 08:00:00,84.15078851363197,165.0
2026-04-19 09:00:00,2026-04-18 09:00:00,270.1716290542001,306.0
2026-04-19 10:00:00,2026-04-18 10:00:00,391.1935868193102,445.0
2026-04-19 11:00:00,2026-04-18 11:00:00,639.7555386906337,570.0
2026-04-19 12:00:00,2026-04-18 12:00:00,747.3098478895046,675.0
2026-04-19 13:00:00,2026-04-18 13:00:00,695.5459001558903,746.0
2026-04-19 14:00:00,2026-04-18 14:00:00,678.000422963179,753.0
2026-04-19 15:00:00,2026-04-18 15:00:00,705.975057413831,687.0
2026-04-19 16:00:00,2026-04-18 16:00:00,617.1021300256788,567.0
2026-04-19 17:00:00,2026-04-18 17:00:00,447.3821472162702,412.0
2026-04-19 18:00:00,2026-04-18 18:00:00,275.3833907885044,240.0
2026-04-19 19:00:00,2026-04-18 19:00:00,81.44841393529079,91.0
2026-04-19 20:00:00,2026-04-18 20:00:00,2.929121824502503,5.0
2026-04-19 21:00:00,2026-04-18 21:00:00,0.3755187678876407,0.0
2026-04-19 22:00:00,2026-04-18 22:00:00,0.28310834970219506,0.0
2026-04-19 23:00:00,2026-04-18 23:00:00,0.28310834970219506,0.0
2026-04-20 00:00:00,2026-04-19 00:00:00,0.222546052544804,0.0
2026-04-20 01:00:00,2026-04-19 01:00:00,0.222546052544804,0.0
2026-04-20 02:00:00,2026-04-19 02:00:00,0.222546052544804,0.0
2026-04-20 03:00:00,2026-04-19 03:00:00,0.222546052544804,0.0
2026-04-20 04:00:00,2026-04-19 04:00:00,0.222546052544804,0.0
2026-04-20 05:00:00,2026-04-19 05:00:00,0.222546052544804,0.0
2026-04-20 06:00:00,2026-04-19 06:00:00,0.222546052544804,0.0
2026-04-20 07:00:00,2026-04-19 07:00:00,22.42923309770472,40.0
2026-04-20 08:00:00,2026-04-19 08:00:00,159.78355633446148,192.0
2026-04-20 09:00:00,2026-04-19 09:00:00,381.86815289446133,367.0
2026-04-20 10:00:00,2026-04-19 10:00:00,558.011578909564,556.0
2026-04-20 11:00:00,2026-04-19 11:00:00,702.3424410254783,727.0
2026-04-20 12:00:00,2026-04-19 12:00:00,836.7425885496078,846.0
2026-04-20 13:00:00,2026-04-19 13:00:00,904.5503807756351,905.0
2026-04-20 14:00:00,2026-04-19 14:00:00,902.3012706186798,898.0
2026-04-20 15:00:00,2026-04-19 15:00:00,831.2288394835999,827.0
2026-04-20 16:00:00,2026-04-19 16:00:00,687.667205009466,699.0
2026-04-20 17:00:00,2026-04-19 17:00:00,522.3499308166644,522.0
2026-04-20 18:00:00,2026-04-19 18:00:00,324.9302704882767,316.0
2026-04-20 19:00:00,2026-04-19 19:00:00,112.27395350381747,127.0
2026-04-20 20:00:00,2026-04-19 20:00:00,4.60446050807334,9.0
2026-04-20 21:00:00,2026-04-19 21:00:00,0.222546052544804,0.0
2026-04-20 22:00:00,2026-04-19 22:00:00,0.222546052544804,0.0
2026-04-20 23:00:00,2026-04-19 23:00:00,0.222546052544804,0.0
2026-04-21 00:00:00,2026-04-20 00:00:00,0.222546052544804,0.0
2026-04-21 01:00:00,2026-04-20 01:00:00,0.222546052544804,0.0
2026-04-21 02:00:00,2026-04-20 02:00:00,0.222546052544804,0.0
2026-04-21 03:00:00,2026-04-20 03:00:00,0.222546052544804,0.0
2026-04-21 04:00:00,2026-04-20 04:00:00,0.222546052544804,0.0
2026-04-21 05:00:00,2026-04-20 05:00:00,0.222546052544804,0.0
2026-04-21 06:00:00,2026-04-20 06:00:00,0.222546052544804,0.0
2026-04-21 07:00:00,2026-04-20 07:00:00,28.5856486254964,42.0
2026-04-21 08:00:00,2026-04-20 08:00:00,172.5813839162402,194.0
2026-04-21 09:00:00,2026-04-20 09:00:00,390.9731428133505,367.0
2026-04-21 10:00:00,2026-04-20 10:00:00,594.1501296944598,556.0
2026-04-21 11:00:00,2026-04-20 11:00:00,725.3702748574691,726.0
2026-04-21 12:00:00,2026-04-20 12:00:00,894.2932107379775,844.0
2026-04-21 13:00:00,2026-04-20 13:00:00,939.3426517308577,902.0
2026-04-21 14:00:00,2026-04-20 14:00:00,919.972422121641,890.0
2026-04-21 15:00:00,2026-04-20 15:00:00,848.8577041132997,806.0
2026-04-21 16:00:00,2026-04-20 16:00:00,698.1389354829151,666.0
2026-04-21 17:00:00,2026-04-20 17:00:00,491.6528417648053,488.0
2026-04-21 18:00:00,2026-04-20 18:00:00,282.11839545905667,291.0
2026-04-21 19:00:00,2026-04-20 19:00:00,100.41917399686903,116.0
2026-04-21 20:00:00,2026-04-20 20:00:00,5.061788346395291,8.0
2026-04-21 21:00:00,2026-04-20 21:00:00,0.222546052544804,0.0
2026-04-21 22:00:00,2026-04-20 22:00:00,0.222546052544804,0.0
2026-04-21 23:00:00,2026-04-20 23:00:00,0.28310834970219506,0.0
2026-04-22 00:00:00,2026-04-21 00:00:00,0.28310834970219506,0.0
2026-04-22 01:00:00,2026-04-21 01:00:00,0.28310834970219506,0.0
2026-04-22 02:00:00,2026-04-21 02:00:00,0.25255678767525624,0.0
2026-04-22 03:00:00,2026-04-21 03:00:00,0.28310834970219506,0.0
2026-04-22 04:00:00,2026-04-21 04:00:00,0.25255678767525624,0.0
2026-04-22 05:00:00,2026-04-21 05:00:00,0.222546052544804,0.0
2026-04-22 06:00:00,2026-04-21 06:00:00,0.222546052544804,0.0
2026-04-22 07:00:00,2026-04-21 07:00:00,30.244561513565774,45.0
2026-04-22 08:00:00,2026-04-21 08:00:00,178.23645244134974,197.0
2026-04-22 09:00:00,2026-04-21 09:00:00,362.7320158297607,371.0
2026-04-22 10:00:00,2026-04-21 10:00:00,572.2056044435192,560.0
2026-04-22 11:00:00,2026-04-21 11:00:00,705.6320898549736,730.0
2026-04-22 12:00:00,2026-04-21 12:00:00,764.815942019046,846.0
2026-04-22 13:00:00,2026-04-21 13:00:00,842.3382738063453,901.0
2026-04-22 14:00:00,2026-04-21 14:00:00,875.0474461962365,888.0
2026-04-22 15:00:00,2026-04-21 15:00:00,815.0576683071057,811.0
2026-04-22 16:00:00,2026-04-21 16:00:00,700.8707237459179,678.0
2026-04-22 17:00:00,2026-04-21 17:00:00,506.08509396473386,503.0
2026-04-22 18:00:00,2026-04-21 18:00:00,297.49021675779517,304.0
2026-04-22 19:00:00,2026-04-21 19:00:00,107.88382704152754,123.0
2026-04-22 20:00:00,2026-04-21 20:00:00,4.957501248429884,9.0
2026-04-22 21:00:00,2026-04-21 21:00:00,0.222546052544804,0.0
2026-04-22 22:00:00,2026-04-21 22:00:00,0.222546052544804,0.0
2026-04-22 23:00:00,2026-04-21 23:00:00,0.222546052544804,0.0
2026-04-23 00:00:00,2026-04-22 00:00:00,0.222546052544804,0.0
2026-04-23 01:00:00,2026-04-22 01:00:00,0.222546052544804,0.0
2026-04-23 02:00:00,2026-04-22 02:00:00,0.222546052544804,0.0
2026-04-23 03:00:00,2026-04-22 03:00:00,0.222546052544804,0.0
2026-04-23 04:00:00,2026-04-22 04:00:00,0.222546052544804,0.0
2026-04-23 05:00:00,2026-04-22 05:00:00,0.222546052544804,0.0
2026-04-23 06:00:00,2026-04-22 06:00:00,0.28310834970219506,0.0
2026-04-23 07:00:00,2026-04-22 07:00:00,28.2408089128721,43.0
2026-04-23 08:00:00,2026-04-22 08:00:00,162.27424260127788,182.0
2026-04-23 09:00:00,2026-04-22 09:00:00,392.7271456317969,348.0
2026-04-23 10:00:00,2026-04-22 10:00:00,561.5199312230557,537.0
2026-04-23 11:00:00,2026-04-22 11:00:00,689.7391524288226,712.0
2026-04-23 12:00:00,2026-04-22 12:00:00,824.5537795195511,837.0
2026-04-23 13:00:00,2026-04-22 13:00:00,897.453174244739,903.0
2026-04-23 14:00:00,2026-04-22 14:00:00,885.0015007191113,900.0
2026-04-23 15:00:00,2026-04-22 15:00:00,801.0744688055834,826.0
2026-04-23 16:00:00,2026-04-22 16:00:00,674.3182476888257,693.0
2026-04-23 17:00:00,2026-04-22 17:00:00,504.58353072752624,514.0
2026-04-23 18:00:00,2026-04-22 18:00:00,301.5704912158961,309.0
2026-04-23 19:00:00,2026-04-22 19:00:00,116.80511034287116,124.0
2026-04-23 20:00:00,2026-04-22 20:00:00,5.076795957637667,10.0
2026-04-23 21:00:00,2026-04-22 21:00:00,0.222546052544804,0.0
2026-04-23 22:00:00,2026-04-22 22:00:00,0.28310834970219506,0.0
2026-04-23 23:00:00,2026-04-22 23:00:00,0.28310834970219506,0.0
2026-04-24 00:00:00,2026-04-23 00:00:00,0.28310834970219506,0.0
2026-04-24 01:00:00,2026-04-23 01:00:00,0.28310834970219506,0.0
2026-04-24 02:00:00,2026-04-23 02:00:00,0.28310834970219506,0.0
2026-04-24 03:00:00,2026-04-23 03:00:00,0.28310834970219506,0.0
2026-04-24 04:00:00,2026-04-23 04:00:00,0.28310834970219506,0.0
2026-04-24 05:00:00,2026-04-23 05:00:00,0.28310834970219506,0.0
2026-04-24 06:00:00,2026-04-23 06:00:00,0.28310834970219506,0.0
2026-04-24 07:00:00,2026-04-23 07:00:00,29.50359598521491,49.0
2026-04-24 08:00:00,2026-04-23 08:00:00,172.77660331544706,199.0
2026-04-24 09:00:00,2026-04-23 09:00:00,386.4811421911496,368.0
2026-04-24 10:00:00,2026-04-23 10:00:00,482.7868295495614,548.0
2026-04-24 11:00:00,2026-04-23 11:00:00,698.1506900591478,709.0
2026-04-24 12:00:00,2026-04-23 12:00:00,699.1328100503359,822.0
2026-04-24 13:00:00,2026-04-23 13:00:00,877.3787204514637,878.0
2026-04-24 14:00:00,2026-04-23 14:00:00,838.7530950255426,868.0
2026-04-24 15:00:00,2026-04-23 15:00:00,694.4095587800573,795.0
2026-04-24 16:00:00,2026-04-23 16:00:00,519.8401738352733,665.0
2026-04-24 17:00:00,2026-04-23 17:00:00,398.9825149351688,491.0
2026-04-24 18:00:00,2026-04-23 18:00:00,217.40168268916685,289.0
2026-04-24 19:00:00,2026-04-23 19:00:00,91.01724562704095,113.0
2026-04-24 20:00:00,2026-04-23 20:00:00,4.927562426765135,9.0
2026-04-24 21:00:00,2026-04-23 21:00:00,0.28310834970219506,0.0
2026-04-24 22:00:00,2026-04-23 22:00:00,0.28310834970219506,0.0
2026-04-24 23:00:00,2026-04-23 23:00:00,0.28310834970219506,0.0
2026-04-25 00:00:00,2026-04-24 00:00:00,0.28310834970219506,0.0
2026-04-25 01:00:00,2026-04-24 01:00:00,0.28310834970219506,0.0
2026-04-25 02:00:00,2026-04-24 02:00:00,0.28310834970219506,0.0
2026-04-25 03:00:00,2026-04-24 03:00:00,0.28310834970219506,0.0
2026-04-25 04:00:00,2026-04-24 04:00:00,0.28310834970219506,0.0
2026-04-25 05:00:00,2026-04-24 05:00:00,0.28310834970219506,0.0
2026-04-25 06:00:00,2026-04-24 06:00:00,0.28310834970219506,0.0
2026-04-25 07:00:00,2026-04-24 07:00:00,19.79063075445883,32.0
2026-04-25 08:00:00,2026-04-24 08:00:00,104.6368684720019,122.0
2026-04-25 09:00:00,2026-04-24 09:00:00,296.4460885857633,190.0
2026-04-25 10:00:00,2026-04-24 10:00:00,507.44427282383214,225.0
2026-04-25 11:00:00,2026-04-24 11:00:00,572.4619054866432,268.0
2026-04-25 12:00:00,2026-04-24 12:00:00,747.6483576272343,373.0
2026-04-25 13:00:00,2026-04-24 13:00:00,788.1683786769107,512.0
2026-04-25 14:00:00,2026-04-24 14:00:00,810.7521832696539,609.0
2026-04-25 15:00:00,2026-04-24 15:00:00,658.7400458007637,634.0
2026-04-25 16:00:00,2026-04-24 16:00:00,628.260496300651,595.0
2026-04-25 17:00:00,2026-04-24 17:00:00,502.6410554319953,480.0
2026-04-25 18:00:00,2026-04-24 18:00:00,313.93504032805794,305.0
2026-04-25 19:00:00,2026-04-24 19:00:00,120.3801952001375,129.0
2026-04-25 20:00:00,2026-04-24 20:00:00,7.221785265267881,11.0
2026-04-25 21:00:00,2026-04-24 21:00:00,0.27260549346807345,0.0
2026-04-25 22:00:00,2026-04-24 22:00:00,0.33523023254491563,0.0
2026-04-25 23:00:00,2026-04-24 23:00:00,0.222546052544804,0.0
2026-04-26 00:00:00,2026-04-25 00:00:00,0.222546052544804,0.0
2026-04-26 01:00:00,2026-04-25 01:00:00,0.24281981435946998,0.0
2026-04-26 02:00:00,2026-04-25 02:00:00,0.303382111516861,0.0
2026-04-26 03:00:00,2026-04-25 03:00:00,0.303382111516861,0.0
2026-04-26 04:00:00,2026-04-25 04:00:00,0.28310834970219506,0.0
2026-04-26 05:00:00,2026-04-25 05:00:00,0.303382111516861,0.0
2026-04-26 06:00:00,2026-04-25 06:00:00,0.28310834970219506,0.0
2026-04-26 07:00:00,2026-04-25 07:00:00,33.239196304419714,54.0
2026-04-26 08:00:00,2026-04-25 08:00:00,181.25493496055043,209.0
2026-04-26 09:00:00,2026-04-25 09:00:00,336.59963959686183,377.0
2026-04-26 10:00:00,2026-04-25 10:00:00,532.1586282378516,555.0
2026-04-26 11:00:00,2026-04-25 11:00:00,698.7132834143939,714.0
2026-04-26 12:00:00,2026-04-25 12:00:00,755.0655661712705,834.0
2026-04-26 13:00:00,2026-04-25 13:00:00,874.6059690460661,903.0
2026-04-26 14:00:00,2026-04-25 14:00:00,832.0363211605226,899.0
2026-04-26 15:00:00,2026-04-25 15:00:00,754.5040928652603,819.0
2026-04-26 16:00:00,2026-04-25 16:00:00,516.8630399638903,678.0
2026-04-26 17:00:00,2026-04-25 17:00:00,450.59000912424176,501.0
2026-04-26 18:00:00,2026-04-25 18:00:00,274.11772783997714,304.0
2026-04-26 19:00:00,2026-04-25 19:00:00,85.83802213017411,127.0
2026-04-26 20:00:00,2026-04-25 20:00:00,4.751555215802926,12.0
2026-04-26 21:00:00,2026-04-25 21:00:00,0.31289402881079853,0.0
2026-04-26 22:00:00,2026-04-25 22:00:00,0.5486914856479462,0.0
2026-04-26 23:00:00,2026-04-25 23:00:00,0.5486914856479462,0.0
2026-04-27 00:00:00,2026-04-26 00:00:00,0.28310834970219506,0.0
2026-04-27 01:00:00,2026-04-26 01:00:00,0.222546052544804,0.0
2026-04-27 02:00:00,2026-04-26 02:00:00,0.222546052544804,0.0
2026-04-27 03:00:00,2026-04-26 03:00:00,0.36071835726059825,0.0
2026-04-27 04:00:00,2026-04-26 04:00:00,0.28310834970219506,0.0
2026-04-27 05:00:00,2026-04-26 05:00:00,0.28310834970219506,0.0
2026-04-27 06:00:00,2026-04-26 06:00:00,0.303382111516861,0.0
2026-04-27 07:00:00,2026-04-26 07:00:00,32.44767293572045,54.0
2026-04-27 08:00:00,2026-04-26 08:00:00,173.64288511399715,202.0
2026-04-27 09:00:00,2026-04-26 09:00:00,357.6428234378089,371.0
2026-04-27 10:00:00,2026-04-26 10:00:00,511.86123809179935,558.0
2026-04-27 11:00:00,2026-04-26 11:00:00,571.4283938296871,717.0
2026-04-27 12:00:00,2026-04-26 12:00:00,585.5074423743343,801.0
2026-04-27 13:00:00,2026-04-26 13:00:00,618.407408879704,813.0
2026-04-27 14:00:00,2026-04-26 14:00:00,707.5827703101062,777.0
2026-04-27 15:00:00,2026-04-26 15:00:00,767.5363627415005,712.0
2026-04-27 16:00:00,2026-04-26 16:00:00,606.7952006184407,609.0
2026-04-27 17:00:00,2026-04-26 17:00:00,483.60370922334226,464.0
2026-04-27 18:00:00,2026-04-26 18:00:00,306.44380058909087,288.0
2026-04-27 19:00:00,2026-04-26 19:00:00,119.62264150209488,124.0
2026-04-27 20:00:00,2026-04-26 20:00:00,6.657087934834735,12.0
2026-04-27 21:00:00,2026-04-26 21:00:00,0.25233173165340744,0.0
2026-04-27 22:00:00,2026-04-26 22:00:00,0.25233173165340744,0.0
2026-04-27 23:00:00,2026-04-26 23:00:00,0.25233173165340744,0.0
2026-04-28 00:00:00,2026-04-27 00:00:00,0.25233173165340744,0.0
2026-04-28 01:00:00,2026-04-27 01:00:00,0.3149564707302497,0.0
2026-04-28 02:00:00,2026-04-27 02:00:00,0.222546052544804,0.0
2026-04-28 03:00:00,2026-04-27 03:00:00,0.24281981435946998,0.0
2026-04-28 04:00:00,2026-04-27 04:00:00,0.222546052544804,0.0
2026-04-28 05:00:00,2026-04-27 05:00:00,0.222546052544804,0.0
2026-04-28 06:00:00,2026-04-27 06:00:00,0.222546052544804,0.0
2026-04-28 07:00:00,2026-04-27 07:00:00,40.56788138748382,59.0
2026-04-28 08:00:00,2026-04-27 08:00:00,172.72917723467918,214.0
2026-04-28 09:00:00,2026-04-27 09:00:00,406.3530335119931,389.0
2026-04-28 10:00:00,2026-04-27 10:00:00,553.9524148456064,581.0
2026-04-28 11:00:00,2026-04-27 11:00:00,696.0229868138235,751.0
2026-04-28 12:00:00,2026-04-27 12:00:00,812.8914779324658,864.0
2026-04-28 13:00:00,2026-04-27 13:00:00,871.9006603339895,914.0
2026-04-28 14:00:00,2026-04-27 14:00:00,866.699510950926,898.0
2026-04-28 15:00:00,2026-04-27 15:00:00,772.9326893873109,824.0
2026-04-28 16:00:00,2026-04-27 16:00:00,643.2543930563698,695.0
2026-04-28 17:00:00,2026-04-27 17:00:00,464.0956704517047,521.0
2026-04-28 18:00:00,2026-04-27 18:00:00,293.1750093671192,319.0
2026-04-28 19:00:00,2026-04-27 19:00:00,118.34656680513727,135.0
2026-04-28 20:00:00,2026-04-27 20:00:00,7.626234766167433,13.0
2026-04-28 21:00:00,2026-04-27 21:00:00,0.31289402881079853,0.0
2026-04-28 22:00:00,2026-04-27 22:00:00,0.31289402881079853,0.0
2026-04-28 23:00:00,2026-04-27 23:00:00,0.25255678767525624,0.0
2026-04-29 00:00:00,2026-04-28 00:00:00,0.28310834970219506,0.0
2026-04-29 01:00:00,2026-04-28 01:00:00,0.222546052544804,0.0
2026-04-29 02:00:00,2026-04-28 02:00:00,0.222546052544804,0.0
2026-04-29 03:00:00,2026-04-28 03:00:00,0.222546052544804,0.0
2026-04-29 04:00:00,2026-04-28 04:00:00,0.222546052544804,0.0
2026-04-29 05:00:00,2026-04-28 05:00:00,0.222546052544804,0.0
2026-04-29 06:00:00,2026-04-28 06:00:00,0.222546052544804,0.0
2026-04-29 07:00:00,2026-04-28 07:00:00,39.72782652785248,58.0
2026-04-29 08:00:00,2026-04-28 08:00:00,188.2690069675325,206.0
2026-04-29 09:00:00,2026-04-28 09:00:00,369.82430178443303,380.0
2026-04-29 10:00:00,2026-04-28 10:00:00,566.555922662129,578.0
2026-04-29 11:00:00,2026-04-28 11:00:00,679.1669460033504,755.0
2026-04-29 12:00:00,2026-04-28 12:00:00,782.1894388997028,866.0
2026-04-29 13:00:00,2026-04-28 13:00:00,859.8825721657244,907.0
2026-04-29 14:00:00,2026-04-28 14:00:00,876.6251794996186,886.0
2026-04-29 15:00:00,2026-04-28 15:00:00,736.1754938389633,812.0
2026-04-29 16:00:00,2026-04-28 16:00:00,613.7047430239872,685.0
2026-04-29 17:00:00,2026-04-28 17:00:00,485.80563815480497,515.0
2026-04-29 18:00:00,2026-04-28 18:00:00,277.5680575087028,316.0
2026-04-29 19:00:00,2026-04-28 19:00:00,110.52004676663265,135.0
2026-04-29 20:00:00,2026-04-28 20:00:00,7.705572401060268,14.0
2026-04-29 21:00:00,2026-04-28 21:00:00,0.25233173165340744,0.0
2026-04-29 22:00:00,2026-04-28 22:00:00,0.25233173165340744,0.0
2026-04-29 23:00:00,2026-04-28 23:00:00,0.25233173165340744,0.0
2026-04-30 00:00:00,2026-04-29 00:00:00,0.25233173165340744,0.0
2026-04-30 01:00:00,2026-04-29 01:00:00,0.25233173165340744,0.0
2026-04-30 02:00:00,2026-04-29 02:00:00,0.3149564707302497,0.0
2026-04-30 03:00:00,2026-04-29 03:00:00,0.222546052544804,0.0
2026-04-30 04:00:00,2026-04-29 04:00:00,0.222546052544804,0.0
2026-04-30 05:00:00,2026-04-29 05:00:00,0.222546052544804,0.0
2026-04-30 06:00:00,2026-04-29 06:00:00,0.222546052544804,0.0
2026-04-30 07:00:00,2026-04-29 07:00:00,45.32229230020851,64.0
2026-04-30 08:00:00,2026-04-29 08:00:00,208.16940084338498,219.0
2026-04-30 09:00:00,2026-04-29 09:00:00,416.406471984901,393.0
2026-04-30 10:00:00,2026-04-29 10:00:00,599.092028348683,581.0
2026-04-30 11:00:00,2026-04-29 11:00:00,756.0060931136401,750.0
2026-04-30 12:00:00,2026-04-29 12:00:00,844.5453708388017,869.0
2026-04-30 13:00:00,2026-04-29 13:00:00,922.7198882426908,931.0
2026-04-30 14:00:00,2026-04-29 14:00:00,901.0924123679507,924.0
2026-04-30 15:00:00,2026-04-29 15:00:00,834.4609046141575,847.0
2026-04-30 16:00:00,2026-04-29 16:00:00,709.3518717086171,711.0
2026-04-30 17:00:00,2026-04-29 17:00:00,529.9609825373024,533.0
2026-04-30 18:00:00,2026-04-29 18:00:00,321.98842532015505,329.0
2026-04-30 19:00:00,2026-04-29 19:00:00,132.37069919551791,142.0
2026-04-30 20:00:00,2026-04-29 20:00:00,8.82859494539657,15.0
2026-04-30 21:00:00,2026-04-29 21:00:00,0.25233173165340744,0.0
2026-04-30 22:00:00,2026-04-29 22:00:00,0.222546052544804,0.0
2026-04-30 23:00:00,2026-04-29 23:00:00,0.222546052544804,0.0
2026-05-01 00:00:00,2026-04-30 00:00:00,0.222546052544804,0.0
2026-05-01 01:00:00,2026-04-30 01:00:00,0.222546052544804,0.0
2026-05-01 02:00:00,2026-04-30 02:00:00,0.222546052544804,0.0
2026-05-01 03:00:00,2026-04-30 03:00:00,0.222546052544804,0.0
2026-05-01 04:00:00,2026-04-30 04:00:00,0.28310834970219506,0.0
2026-05-01 05:00:00,2026-04-30 05:00:00,0.222546052544804,0.0
2026-05-01 06:00:00,2026-04-30 06:00:00,0.28310834970219506,0.0
2026-05-01 07:00:00,2026-04-30 07:00:00,40.61216999409433,60.0
2026-05-01 08:00:00,2026-04-30 08:00:00,202.03778866192312,204.0
2026-05-01 09:00:00,2026-04-30 09:00:00,386.68060820883295,374.0
2026-05-01 10:00:00,2026-04-30 10:00:00,597.7654409679518,571.0
2026-05-01 11:00:00,2026-04-30 11:00:00,777.196531277991,751.0
2026-05-01 12:00:00,2026-04-30 12:00:00,890.05256511816,871.0
2026-05-01 13:00:00,2026-04-30 13:00:00,899.9211642723864,927.0
2026-05-01 14:00:00,2026-04-30 14:00:00,945.0391680163833,915.0
2026-05-01 15:00:00,2026-04-30 15:00:00,844.4413503391902,841.0
2026-05-01 16:00:00,2026-04-30 16:00:00,671.2791976602244,709.0
2026-05-01 17:00:00,2026-04-30 17:00:00,499.69073715654906,533.0
2026-05-01 18:00:00,2026-04-30 18:00:00,309.5027668493894,330.0
2026-05-01 19:00:00,2026-04-30 19:00:00,123.77758634017383,144.0
2026-05-01 20:00:00,2026-04-30 20:00:00,9.909574094199257,16.0
2026-05-01 21:00:00,2026-04-30 21:00:00,0.25233173165340744,0.0
2026-05-01 22:00:00,2026-04-30 22:00:00,0.222546052544804,0.0
2026-05-01 23:00:00,2026-04-30 23:00:00,0.222546052544804,0.0
2026-05-02 00:00:00,2026-05-01 00:00:00,0.222546052544804,0.0
2026-05-02 01:00:00,2026-05-01 01:00:00,0.28310834970219506,0.0
2026-05-02 02:00:00,2026-05-01 02:00:00,0.222546052544804,0.0
2026-05-02 03:00:00,2026-05-01 03:00:00,0.28310834970219506,0.0
2026-05-02 04:00:00,2026-05-01 04:00:00,0.28310834970219506,0.0
2026-05-02 05:00:00,2026-05-01 05:00:00,0.36071835726059825,0.0
2026-05-02 06:00:00,2026-05-01 06:00:00,0.36071835726059825,0.0
2026-05-02 07:00:00,2026-05-01 07:00:00,40.387896405266076,68.0
