tree
version=v4
num_class=1
num_tree_per_iteration=1
label_index=0
max_feature_idx=7
objective=binary sigmoid:1
feature_names=v2_margin day1_minus_v2 day1_cloud v2_solar_ratio target_hour_sin target_hour_cos target_season_sin target_season_cos
feature_infos=[-6:3.758532621789608] [-2.3377538110635148:1.5348695586576695] [0:1] [0:1.0714081310946868] [-1:1] [-1:1] [-0.99999942202469239:0.99998555065071859] [-0.99997919295908244:1]
tree_sizes=665 681 681 679 682 577 682 682 679 683 684 578 680 675 685 682 683 678 681 781 683 681 680 682 787 787 785 789 784 789 889 779 787 780 785 788 890 782 783 887 789 777 785 894 885 892 889 888 894 782 782 889 892 784 782 892 889 785 890 891 891 889 890 888 892 890 893 891 785 889 889 898 899 891 890 893 893 893 886 893 885 887 788 789 887 886 787 785 788 783 889 789 892 895 784 791 892 786 891 788 684 682 783 575 684 681 578 784 683 578 685 782 683 577 689 579 899 687 796 787 688 792 791 686 794 896 689 890 795 797 790 791 792 896 792 890 793 791 894 793 896 793 794 897 792 901 894 901 899 896

Tree=0
num_leaves=5
num_cat=0
split_feature=0 0 3 0
split_gain=8850.17 112.119 17.7146 11.3405
threshold=1.0000000180025095e-35 -0.37144856803439602 0.90909289555529005 -1.0670206998878491
decision_type=2 2 2 2
left_child=1 3 -3 -1
right_child=-2 2 -4 -5
leaf_value=-1.7747110193855173 -1.5618969469392552 -1.7019360192854851 -1.7425855560033754 -1.7558946908259239
leaf_weight=1071.1944801360369 202.47646167874336 12.829437032341959 14.607774838805197 54.874423742294312
leaf_count=8433 1594 101 115 432
internal_value=-1.73994 -1.77245 -1.7185 -1.77394
internal_weight=1355.98 1153.51 27.4372 1126.07
internal_count=10675 9081 216 8865
is_linear=0
shrinkage=1


Tree=1
num_leaves=5
num_cat=0
split_feature=0 0 0 0
split_gain=7598.92 56.7353 36.1795 5.49022
threshold=-0.1220053855135967 0.13617733609905147 -0.83251840204438377 -0.37144856803439602
decision_type=2 2 2 2
left_child=2 -2 -1 -4
right_child=1 -3 3 -5
leaf_value=-0.034343211836241748 0.059319553798331905 0.15638271283740754 -0.012824519594959583 0.0050064539222170017
leaf_weight=1065.5745839104056 22.450453341007233 216.40693604946136 33.913732767105103 17.342274874448776
leaf_count=8595 165 1510 270 135
internal_value=-2.48177e-05 0.15001 -0.0331594 -0.00695907
internal_weight=1355.69 238.857 1116.83 51.256
internal_count=10675 1675 9000 405
is_linear=0
shrinkage=0.03


Tree=2
num_leaves=5
num_cat=0
split_feature=0 0 0 0
split_gain=6684.35 36.0322 30.7616 7.66665
threshold=-0.1220053855135967 -1.0670206998878491 0.058146120042539461 -0.37144856803439602
decision_type=2 2 2 2
left_child=1 -1 -2 -3
right_child=2 3 -4 -5
leaf_value=-0.034400485745088305 0.046994446168453885 -0.015368487148938384 0.13701794918344071 0.0049001686242110924
leaf_weight=1019.8972598835826 17.100306048989296 53.465929269790649 245.06971722841263 17.402853310108185
leaf_count=8433 123 432 1552 135
internal_value=-3.47553e-05 -0.0329498 0.133088 -0.0104008
internal_weight=1352.94 1090.77 262.17 70.8688
internal_count=10675 9000 1675 567
is_linear=0
shrinkage=0.03


Tree=3
num_leaves=5
num_cat=0
split_feature=0 0 0 0
split_gain=5963.72 35.9207 15.4139 7.39808
threshold=-0.1220053855135967 -1.0670206998878491 0.13617733609905147 -0.37144856803439602
decision_type=2 2 2 2
left_child=1 -1 -2 -3
right_child=2 3 -4 -5
leaf_value=-0.034223157956016284 0.053217538889368775 -0.015120913935791996 0.12398704283093272 0.0047962562290260894
leaf_weight=994.85663147270679 24.441111132502556 52.883695855736732 258.70533734560013 17.46224182844162
leaf_count=8433 165 432 1510 135
internal_value=-4.39201e-05 -0.0327459 0.119902 -0.0101952
internal_weight=1348.35 1065.2 283.146 70.3459
internal_count=10675 9000 1675 567
is_linear=0
shrinkage=0.03


Tree=4
num_leaves=5
num_cat=0
split_feature=0 0 0 0
split_gain=5382.16 35.8187 7.13806 5.03347
threshold=-0.1220053855135967 -1.0670206998878491 -0.37144856803439602 0.13617733609905147
decision_type=2 2 2 2
left_child=1 -1 -3 -2
right_child=3 2 -4 -5
leaf_value=-0.034051887210379245 0.050840609442078612 -0.014876234406103412 0.0046946578062133405 0.11277428223631653
leaf_weight=970.28629119694233 25.270797193050385 52.314077943563461 17.520462557673454 276.59325629472733
leaf_count=8433 165 432 135 1510
internal_value=-4.79741e-05 -0.0325471 -0.00999316 0.109386
internal_weight=1341.98 1040.12 69.8345 301.864
internal_count=10675 9000 567 1675
is_linear=0
shrinkage=0.03


Tree=5
num_leaves=4
num_cat=0
split_feature=0 0 0
split_gain=4900.24 35.7254 6.88635
threshold=-0.1220053855135967 -1.0670206998878491 -0.37144856803439602
decision_type=2 2 2
left_child=1 -1 -3
right_child=-2 2 -4
leaf_value=-0.033886362656639933 0.10077387582584776 -0.014634422767279815 0.0045953190369171903
leaf_weight=946.18806114792824 318.57283774018288 51.756865113973618 17.577534526586533
leaf_count=8433 1675 432 135
internal_value=-5.00155e-05 -0.0323531 -0.0097946
internal_weight=1334.1 1015.52 69.3344
internal_count=10675 9000 567
is_linear=0
shrinkage=0.03


Tree=6
num_leaves=5
num_cat=0
split_feature=0 0 0 0
split_gain=4485.67 35.6397 7.2782 6.64272
threshold=-0.1220053855135967 -1.0670206998878491 0.21276369247119364 -0.37144856803439602
decision_type=2 2 2 2
left_child=1 -1 -2 -3
right_child=2 3 -4 -5
leaf_value=-0.033726293545759331 0.049303548969675384 -0.014395461597940076 0.097005129689458167 0.0044981833414098537
leaf_weight=922.56275812536478 36.17489942908287 51.211854189634323 297.70106774568558 17.633482798933983
leaf_count=8433 207 432 1468 135
internal_value=-6.26004e-05 -0.0321635 0.0934208 -0.00959946
internal_weight=1325.28 991.408 333.876 68.8453
internal_count=10675 9000 1675 567
is_linear=0
shrinkage=0.03


Tree=7
num_leaves=5
num_cat=0
split_feature=0 0 0 0
split_gain=4137.64 35.5608 6.40695 3.78605
threshold=-0.1220053855135967 -1.0670206998878491 -0.37144856803439602 0.13617733609905147
decision_type=2 2 2 2
left_child=1 -1 -3 -2
right_child=3 2 -4 -5
leaf_value=-0.033571411433780202 0.042444228487387409 -0.014159329675332346 0.0044031984152601246 0.089938888246131596
leaf_weight=899.41044495999813 28.434961169958115 50.678829118609428 17.688325643539429 318.61546677350998
leaf_count=8433 165 432 135 1510
internal_value=-6.09849e-05 -0.0319781 -0.0094077 0.0873452
internal_weight=1314.83 967.778 68.3672 347.05
internal_count=10675 9000 567 1675
is_linear=0
shrinkage=0.03


Tree=8
num_leaves=5
num_cat=0
split_feature=0 0 0 0
split_gain=3834.88 35.4879 6.1788 2.15945
threshold=-0.1220053855135967 -1.0670206998878491 -0.37144856803439602 0.21276369247119364
decision_type=2 2 2 2
left_child=1 -1 -3 -2
right_child=3 2 -4 -5
leaf_value=-0.03342145155770819 0.044931143037480886 -0.013926010202520812 0.004310313813584184 0.085049842923530933
leaf_weight=876.73017919063568 38.114567935466766 50.157581895589828 17.742083936929703 320.55388998985291
leaf_count=8433 207 432 135 1468
internal_value=-5.98408e-05 -0.0317966 -0.00921927 0.0821209
internal_weight=1303.3 944.63 67.8997 358.668
internal_count=10675 9000 567 1675
is_linear=0
shrinkage=0.03


Tree=9
num_leaves=5
num_cat=0
split_feature=0 0 0 0
split_gain=3569.23 35.4202 5.95807 0.598929
threshold=-0.1220053855135967 -1.0670206998878491 -0.37144856803439602 0.21276369247119364
decision_type=2 2 2 2
left_child=1 -1 -3 -2
right_child=3 2 -4 -5
leaf_value=-0.033276169895920575 0.043087989522604057 -0.013695483446083168 0.0042194775606887126 0.080275594987860202
leaf_weight=854.52039004862309 38.967031762003899 49.647898480296135 17.794779807329178 329.8742618560791
leaf_count=8433 207 432 135 1468
internal_value=-5.69303e-05 -0.0316188 -0.00903413 0.0775879
internal_weight=1290.8 921.963 67.4427 368.841
internal_count=10675 9000 567 1675
is_linear=0
shrinkage=0.03


Tree=10
num_leaves=5
num_cat=0
split_feature=0 0 0 0
split_gain=3333.67 35.3571 5.74455 0.221014
threshold=-0.1220053855135967 -1.0670206998878491 -0.37144856803439602 0.13617733609905147
decision_type=2 2 2 2
left_child=1 -1 -3 -2
right_child=3 2 -4 -5
leaf_value=-0.03313533141844402 0.037457414582744854 -0.013467736360052843 0.0041306422379916432 0.075647853966996983
leaf_weight=832.77881562709808 30.473915442824364 49.149566441774368 17.846430435776711 347.21169608831406
leaf_count=8433 165 432 135 1510
internal_value=-5.35908e-05 -0.0314444 -0.00885224 0.0736121
internal_weight=1277.46 899.775 66.996 377.686
internal_count=10675 9000 567 1675
is_linear=0
shrinkage=0.03


Tree=11
num_leaves=4
num_cat=0
split_feature=0 0 6
split_gain=3122.9 35.2979 32.6885
threshold=-0.1220053855135967 -1.0670206998878491 0.73865729060996177
decision_type=2 2 2
left_child=1 -1 -3
right_child=-2 2 -4
leaf_value=-0.032998714246774245 0.070091488028499724 -0.018625408014453778 0.024058349198299158
leaf_weight=811.50256571173668 385.30704210698605 54.345771469175816 12.213661558926104
leaf_count=8433 1675 464 103
internal_value=-5.09764e-05 -0.0312732 -0.00867355
internal_weight=1263.37 878.062 66.5594
internal_count=10675 9000 567
is_linear=0
shrinkage=0.03


Tree=12
num_leaves=5
num_cat=0
split_feature=0 0 3 0
split_gain=2929.42 35.3606 52.226 4.18711
threshold=-0.1220053855135967 -1.0670206998878491 0.8521117222482727 0.21276369247119364
decision_type=2 2 2 2
left_child=1 -1 -3 -2
right_child=3 2 -4 -5
leaf_value=-0.032866109757015205 0.036970308811264341 0.029924483591988398 -0.022275778744905838 0.069308846526172155
leaf_weight=790.68818461149931 41.836265310645103 14.402674391865729 51.636919125914574 350.32504457235336
leaf_count=8433 207 124 443 1468
internal_value=-5.41452e-05 -0.0311035 -0.00845313 0.066864
internal_weight=1248.89 856.728 66.0396 392.161
internal_count=10675 9000 567 1675
is_linear=0
shrinkage=0.03


Tree=13
num_leaves=5
num_cat=0
split_feature=0 0 3 0
split_gain=2757.79 35.4386 50.1869 3.75096
threshold=-0.1220053855135967 -1.0670206998878491 0.8521117222482727 0.21276369247119364
decision_type=2 2 2 2
left_child=1 -1 -3 -2
right_child=3 2 -4 -5
leaf_value=-0.032737315199868978 0.03562487390104601 0.029012733454128234 -0.022018354920358738 0.0663878213884143
leaf_weight=770.3317768201232 42.481385618448257 14.719006709754465 50.8029919937253 355.12977987527847
leaf_count=8433 207 124 443 1468
internal_value=-4.64588e-05 -0.0309363 -0.00823092 0.0640557
internal_weight=1233.46 835.854 65.522 397.611
internal_count=10675 9000 567 1675
is_linear=0
shrinkage=0.03


Tree=14
num_leaves=5
num_cat=0
split_feature=0 0 6 0
split_gain=2602.21 29.2999 25.9671 14.0443
threshold=-0.17508276694123534 -1.0670206998878491 0.72695311118111539 0.058146120042539461
decision_type=2 2 2 2
left_child=1 -1 -3 -2
right_child=3 2 -4 -5
leaf_value=-0.032612140964748106 0.025230573709364445 -0.018575766037589096 0.020078981321201506 0.063053906143828303
leaf_weight=750.42888135462999 27.689426347613335 49.368151873350143 12.161389753222464 377.89732167124748
leaf_count=8433 150 439 101 1552
internal_value=-3.88397e-05 -0.0309712 -0.00919663 0.0611409
internal_weight=1217.55 811.958 61.5295 405.587
internal_count=10675 8973 540 1702
is_linear=0
shrinkage=0.03


Tree=15
num_leaves=5
num_cat=0
split_feature=0 0 6 0
split_gain=2458.94 29.3857 25.0573 12.9739
threshold=-0.17508276694123534 -1.0670206998878491 0.72695311118111539 0.058146120042539461
decision_type=2 2 2 2
left_child=1 -1 -3 -2
right_child=3 2 -4 -5
leaf_value=-0.032490402190186805 0.024450273879267223 -0.018324096858598381 0.01959061346086622 0.060678137275606656
leaf_weight=730.97472307831049 28.029768839478493 48.692436896264553 12.337207086384295 381.2500356733799
leaf_count=8433 150 439 101 1552
internal_value=-3.49145e-05 -0.0308134 -0.00898056 0.0588394
internal_weight=1201.28 792.004 61.0296 409.28
internal_count=10675 8973 540 1702
is_linear=0
shrinkage=0.03


Tree=16
num_leaves=5
num_cat=0
split_feature=0 0 6 0
split_gain=2327.31 29.4654 25.6109 12.1281
threshold=-0.17508276694123534 -1.0670206998878491 0.73865729060996177 0.058146120042539461
decision_type=2 2 2 2
left_child=1 -1 -3 -2
right_child=3 2 -4 -5
leaf_value=-0.032371925856285996 0.023702449546960679 -0.018211912755080356 0.020288218881912262 0.058517024148326859
leaf_weight=711.9642127007246 28.357131153345108 48.509996801614761 12.031333379447458 383.79813200235367
leaf_count=8433 150 443 97 1552
internal_value=-3.09055e-05 -0.0306579 -0.00876936 0.0567399
internal_weight=1184.66 772.506 60.5413 412.155
internal_count=10675 8973 540 1702
is_linear=0
shrinkage=0.03


Tree=17
num_leaves=5
num_cat=0
split_feature=0 0 6 0
split_gain=2205.87 29.5465 24.7106 11.642
threshold=-0.17508276694123534 -1.0670206998878491 0.73865729060996177 0.21276369247119364
decision_type=2 2 2 2
left_child=1 -1 -3 -2
right_child=3 2 -4 -5
leaf_value=-0.032256548668742051 0.029278195586446579 -0.017964001315767919 0.019797814458810906 0.057332224559829871
leaf_weight=693.39175828546286 48.490756049752235 47.85209409147501 12.20452284067869 365.78913652896881
leaf_count=8433 234 443 97 1468
internal_value=-2.65881e-05 -0.0305045 -0.00855956 0.054816
internal_weight=1167.73 753.448 60.0566 414.28
internal_count=10675 8973 540 1702
is_linear=0
shrinkage=0.03


Tree=18
num_leaves=5
num_cat=0
split_feature=0 0 6 0
split_gain=2093.79 29.6209 23.8397 11.5669
threshold=-0.17508276694123534 -1.0670206998878491 0.73865729060996177 0.058146120042539461
decision_type=2 2 2 2
left_child=1 -1 -3 -2
right_child=3 2 -4 -5
leaf_value=-0.032144112578832873 0.022109437038608855 -0.01771833075378914 0.019321021482840164 0.054762547838451012
leaf_weight=675.25164223462343 29.05701532959938 47.20856561511755 12.374690398573874 386.63928335905075
leaf_count=8433 150 443 97 1552
internal_value=-2.03683e-05 -0.0303532 -0.00835457 0.0530531
internal_weight=1150.53 734.835 59.5833 415.696
internal_count=10675 8973 540 1702
is_linear=0
shrinkage=0.03


Tree=19
num_leaves=6
num_cat=0
split_feature=0 0 3 0 2
split_gain=1989.39 29.6886 49.098 12.3738 2.76679
threshold=-0.17508276694123534 -1.0670206998878491 0.8521117222482727 0.47057795059446794 0.48500000000000004
decision_type=2 2 2 2 2
left_child=1 -1 -3 4 -2
right_child=3 2 -4 -5 -6
leaf_value=-0.032034455906453305 0.036677351770565872 0.028479552530576064 -0.023016362882189466 0.054961930233937674 0.013549123412341445
leaf_weight=657.53789562731981 57.951920866966248 14.418330878019331 44.702670879662037 335.4992800951004 23.052123099565506
leaf_count=8433 258 120 420 1342 102
internal_value=-1.61093e-05 -0.0302038 -0.0081543 0.0514168 0.0323076
internal_weight=1133.16 716.659 59.121 416.503 81.004
internal_count=10675 8973 540 1702 360
is_linear=0
shrinkage=0.03


Tree=20
num_leaves=5
num_cat=0
split_feature=0 0 0 6
split_gain=1893.17 40.8801 15.9995 14.8931
threshold=-0.31704652366956848 1.0000000180025095e-35 -1.0670206998878491 0.63920241694561786
decision_type=2 2 2 2
left_child=2 -2 -1 -4
right_child=1 -3 3 -5
leaf_value=-0.031927448918301314 0.011148924132720528 0.05156479566254215 -0.019110184260767004 0.01220841840319865
leaf_weight=640.24417255818844 30.573536425828934 396.22877252101898 37.240015543997288 11.362857080996035
leaf_count=8433 189 1594 367 92
internal_value=-2.79073e-06 0.0489912 -0.0306256 -0.0109544
internal_weight=1115.65 426.802 688.847 48.6029
internal_count=10675 1783 8892 459
is_linear=0
shrinkage=0.03


Tree=21
num_leaves=5
num_cat=0
split_feature=0 0 0 6
split_gain=1802.57 38.8279 16.1109 16.0538
threshold=-0.31704652366956848 1.0000000180025095e-35 -1.0670206998878491 0.70290292807158616
decision_type=2 2 2 2
left_child=2 -2 -1 -4
right_child=1 -3 3 -5
leaf_value=-0.031822935511205443 0.010846610342060728 0.050104366447699208 -0.019116272791941995 0.013596008808842071
leaf_weight=623.36418995261192 30.758767552673817 395.84075754880905 37.431682743132114 10.724610172212122
leaf_count=8433 189 1594 374 85
internal_value=-3.57747e-06 0.0475871 -0.0304913 -0.010746
internal_weight=1098.12 426.6 671.52 48.1563
internal_count=10675 1783 8892 459
is_linear=0
shrinkage=0.03


Tree=22
num_leaves=5
num_cat=0
split_feature=0 0 0 6
split_gain=1717.78 36.9935 16.2258 15.8261
threshold=-0.31704652366956848 1.0000000180025095e-35 -1.0670206998878491 0.71503381463111937
decision_type=2 2 2 2
left_child=2 -2 -1 -4
right_child=1 -3 3 -5
leaf_value=-0.031720793160086205 0.010553698400446581 0.04874439417574368 -0.018924018088605554 0.01358042770865397
leaf_weight=606.89128775149584 30.938851594924927 394.9693805873394 36.994787737727165 10.713522359728811
leaf_count=8433 189 1594 375 84
internal_value=-3.91492e-06 0.0462759 -0.0303586 -0.0105363
internal_weight=1080.51 425.908 654.6 47.7083
internal_count=10675 1783 8892 459
is_linear=0
shrinkage=0.03


Tree=23
num_leaves=5
num_cat=0
split_feature=0 0 0 6
split_gain=1638.27 35.3454 16.3373 15.8716
threshold=-0.31704652366956848 1.0000000180025095e-35 -1.0670206998878491 0.72695311118111539
decision_type=2 2 2 2
left_child=2 -2 -1 -4
right_child=1 -3 3 -5
leaf_value=-0.031620887152737774 0.01026982690934778 0.047474093353350337 -0.01877375012297813 0.013837240854004179
leaf_weight=590.81880589574575 31.113936021924019 393.65834295749664 36.68315914273262 10.585715949535368
leaf_count=8433 189 1594 377 82
internal_value=-4.14337e-06 0.0450478 -0.0302274 -0.0103297
internal_weight=1062.86 424.772 638.088 47.2689
internal_count=10675 1783 8892 459
is_linear=0
shrinkage=0.03


Tree=24
num_leaves=6
num_cat=0
split_feature=0 0 0 6 2
split_gain=1563.55 33.8575 16.4468 16.552 2.01313
threshold=-0.31704652366956848 1.0000000180025095e-35 -1.0670206998878491 0.73865729060996177 0.58500000000000008
decision_type=2 2 2 2 2
left_child=2 -2 -1 -4 -3
right_child=1 4 3 -5 -6
leaf_value=-0.031523099810002134 0.0099946498077522466 0.048282383068920035 -0.018718914405798859 0.01472911048083381 0.027498277675199127
leaf_weight=575.13983300328255 31.284161113202572 340.07324893772602 36.636794343590736 10.199173055589197 51.874941483139992
leaf_count=8433 189 1383 381 78 211
internal_value=-4.21709e-06 0.0438943 -0.0300975 -0.0101252 0.0462841
internal_weight=1045.21 423.232 621.976 46.836 391.948
internal_count=10675 1783 8892 459 1594
is_linear=0
shrinkage=0.03


Tree=25
num_leaves=6
num_cat=0
split_feature=0 0 0 6 2
split_gain=1494.01 32.5493 16.5575 16.0478 1.7964
threshold=-0.31704652366956848 1.0000000180025095e-35 -1.0670206998878491 0.73865729060996177 0.58500000000000008
decision_type=2 2 2 2 2
left_child=2 -2 -1 -4 -3
right_child=1 4 3 -5 -6
leaf_value=-0.031427306434918013 0.0097278386253875186 0.047135889608564192 -0.018492846740745111 0.014430792582979949 0.026869531768111583
leaf_weight=559.84752052277327 31.449669249355793 338.1661289036274 36.102495744824409 10.302850171923636 51.732287541031837
leaf_count=8433 189 1383 381 78 211
internal_value=4.53041e-06 0.0428263 -0.0299688 -0.00992069 0.0451861
internal_weight=1027.6 421.348 606.253 46.4053 389.898
internal_count=10675 1783 8892 459 1594
is_linear=0
shrinkage=0.03


Tree=26
num_leaves=6
num_cat=0
split_feature=0 0 0 6 2
split_gain=1428.4 31.3576 16.6629 15.5574 1.63668
threshold=-0.31704652366956848 1.0000000180025095e-35 -1.0670206998878491 0.73865729060996177 0.58500000000000008
decision_type=2 2 2 2 2
left_child=2 -2 -1 -4 -3
right_child=1 4 3 -5 -6
leaf_value=-0.031333392937980521 0.009469080518067878 0.046060114242313724 -0.018268602650331048 0.014138968037708343 0.026261907043329369
leaf_weight=544.93489424139261 31.610594406723976 335.94906321167946 35.579975381493568 10.404870077967642 51.575088948011398
leaf_count=8433 189 1383 381 78 211
internal_value=1.3112e-05 0.041818 -0.0298412 -0.00972011 0.0441521
internal_weight=1010.05 419.135 590.92 45.9848 387.524
internal_count=10675 1783 8892 459 1594
is_linear=0
shrinkage=0.03


Tree=27
num_leaves=6
num_cat=0
split_feature=0 0 0 6 0
split_gain=1366.42 30.2673 16.7631 15.0805 2.76736
threshold=-0.31704652366956848 1.0000000180025095e-35 -1.0670206998878491 0.73865729060996177 0.47057795059446794
decision_type=2 2 2 2 2
left_child=2 -2 -1 -4 -3
right_child=1 4 3 -5 -6
leaf_value=-0.031241254860122369 0.0092180792004871673 0.02667471784638344 -0.018046166337195666 0.013853488478824996 0.045417795769567004
leaf_weight=530.39485428482294 31.767069317400455 61.455299958586693 35.069009117782116 10.505240336060522 323.40207839012146
leaf_count=8433 189 252 381 78 1342
internal_value=2.15267e-05 0.0408637 -0.0297147 -0.00952336 0.0431762
internal_weight=992.594 416.624 575.969 45.5742 384.857
internal_count=10675 1783 8892 459 1594
is_linear=0
shrinkage=0.03


Tree=28
num_leaves=6
num_cat=0
split_feature=0 0 0 6 0
split_gain=1308 29.2885 16.9378 20.3904 2.89663
threshold=-0.31704652366956848 1.0000000180025095e-35 -1.3631648224630892 0.77244481603295057 0.47057795059446794
decision_type=2 2 2 2 2
left_child=2 -2 -1 -4 -3
right_child=1 4 3 -5 -6
leaf_value=-0.03141864116719751 0.0089745501168728963 0.026021229830443322 -0.019854610516008443 0.015364887243661822 0.044493300476793479
leaf_weight=502.99803980067372 31.919221684336662 61.361238420009613 46.610804848372936 11.784833736717699 320.47010666131973
leaf_count=8217 189 252 570 105 1342
internal_value=3.0304e-05 0.0399688 -0.029589 -0.0115397 0.0422646
internal_weight=975.144 413.751 561.394 58.3956 381.831
internal_count=10675 1783 8892 675 1594
is_linear=0
shrinkage=0.03


Tree=29
num_leaves=6
num_cat=0
split_feature=0 0 0 6 0
split_gain=1252.72 32.2662 14.0278 17.9944 3.04159
threshold=-0.37144856803439602 1.0000000180025095e-35 -1.3631648224630892 0.77244481603295057 0.47057795059446794
decision_type=2 2 2 2 2
left_child=2 -2 -1 -4 -3
right_child=1 4 3 -5 -6
leaf_value=-0.031336298139019683 0.0084766572078552455 0.025390127977892075 -0.020102602103593298 0.013763302805819527 0.043620917154682956
leaf_weight=489.42142447829247 35.098409883677959 61.250074461102486 43.464471340179443 11.281102873384951 317.32036763429642
leaf_count=8217 216 252 547 101 1342
internal_value=3.86962e-05 0.0388732 -0.0296515 -0.0120761 0.0414006
internal_weight=957.836 413.669 544.167 54.7456 378.57
internal_count=10675 1810 8865 648 1594
is_linear=0
shrinkage=0.03


Tree=30
num_leaves=7
num_cat=0
split_feature=0 0 0 6 2 2
split_gain=1200.31 31.3094 14.1808 17.462 3.67331 2.88829
threshold=-0.37144856803439602 1.0000000180025095e-35 -1.3631648224630892 0.77244481603295057 0.58500000000000008 0.37500000000000006
decision_type=2 2 2 2 2 2
left_child=2 5 -1 -4 -3 -2
right_child=1 4 3 -5 -6 -7
leaf_value=-0.031255627454071178 -0.00072654959053256518 0.042524438188392355 -0.019880564351864822 0.013473593670426146 0.023065988411337387 0.014391099936075553
leaf_weight=476.18963880836964 17.90563328564167 324.76376157999039 42.75389850884676 11.391292870044706 50.336513236165047 17.351134724915028
leaf_count=8217 110 1383 547 101 211 106
internal_value=4.62593e-05 0.0380645 -0.0295312 -0.0118568 0.04058 0.00824933
internal_weight=940.692 410.357 530.335 54.1452 375.1 35.2568
internal_count=10675 1810 8865 648 1594 216
is_linear=0
shrinkage=0.03


Tree=31
num_leaves=6
num_cat=0
split_feature=0 0 0 6 7
split_gain=1150.49 30.7633 14.3286 16.9435 3.28223
threshold=-0.37144856803439602 0.39063356452765846 -1.3631648224630892 0.77244481603295057 0.45847758937963173
decision_type=2 2 2 2 2
left_child=2 4 -1 -4 -2
right_child=1 -3 3 -5 -6
leaf_value=-0.03117653804997491 0.021289730763699551 0.04172125175467957 -0.019659760575522055 0.013190477532820906 0.0048209136175028878
leaf_weight=463.29573415964842 65.3486442938447 320.60001972317696 42.059914350509644 11.499694496393202 20.989385813474655
leaf_count=8217 314 1384 547 101 112
internal_value=5.4594e-05 0.0372875 -0.0294115 -0.0116409 0.018202
internal_weight=923.793 406.938 516.855 53.5596 86.338
internal_count=10675 1810 8865 648 426
is_linear=0
shrinkage=0.03


Tree=32
num_leaves=6
num_cat=0
split_feature=0 0 0 6 0
split_gain=1102.78 30.5809 14.4713 16.4386 1.10153
threshold=-0.37144856803439602 0.21276369247119364 -1.3631648224630892 0.77244481603295057 1.0000000180025095e-35
decision_type=2 2 2 2 2
left_child=2 4 -1 -4 -2
right_child=1 -3 3 -5 -6
leaf_value=-0.031098940603354514 0.0076310890651772167 0.040273052911364758 -0.019440187491837506 0.012913794463269103 0.019305612062885363
leaf_weight=450.73279251158237 35.683074474334717 336.65059724450111 41.382174961268902 11.606318786740301 31.102128997445107
leaf_count=8217 216 1468 547 101 126
internal_value=5.95644e-05 0.03653 -0.0292925 -0.0114284 0.0148741
internal_weight=907.157 403.436 503.721 52.9885 66.7852
internal_count=10675 1810 8865 648 342
is_linear=0
shrinkage=0.03


Tree=33
num_leaves=6
num_cat=0
split_feature=0 0 0 6 7
split_gain=1057.7 30.2722 14.6088 15.9471 4.71194
threshold=-0.37144856803439602 0.47057795059446794 -1.3631648224630892 0.77244481603295057 0.46611290379786346
decision_type=2 2 2 2 2
left_child=2 4 -1 -4 -2
right_child=1 -3 3 -5 -6
leaf_value=-0.031022748710032966 0.021475493464855 0.040636769260993105 -0.019221840810487181 0.012643386022824752 0.0036168448431514537
leaf_weight=438.49392645433545 75.006620794534683 303.3549969792366 40.720334269106388 11.711177855730055 21.228725150227547
leaf_count=8217 355 1342 547 101 113
internal_value=6.47335e-05 0.0358218 -0.0291739 -0.0112193 0.0182473
internal_weight=890.516 399.59 490.925 52.4315 96.2353
internal_count=10675 1810 8865 648 468
is_linear=0
shrinkage=0.03


Tree=34
num_leaves=6
num_cat=0
split_feature=0 0 0 6 7
split_gain=1014.47 30.0305 14.741 15.4687 4.43281
threshold=-0.37144856803439602 0.47057795059446794 -1.3631648224630892 0.77244481603295057 0.46611290379786346
decision_type=2 2 2 2 2
left_child=2 4 -1 -4 -2
right_child=1 -3 3 -5 -6
leaf_value=-0.030947878101962624 0.020875886904674668 0.039961353533494504 -0.019004717819394498 0.012379100036095396 0.0035411040434042244
leaf_weight=426.57227918878198 75.131432808935642 299.45581147074699 40.074056975543499 11.814284741878508 21.245929561555386
leaf_count=8217 355 1342 547 101 113
internal_value=6.95748e-05 0.0351231 -0.0290557 -0.0110134 0.0177466
internal_weight=874.294 395.833 478.461 51.8883 96.3774
internal_count=10675 1810 8865 648 468
is_linear=0
shrinkage=0.03


Tree=35
num_leaves=6
num_cat=0
split_feature=0 0 0 6 0
split_gain=973.343 27.0044 17.7664 16.5744 3.51024
threshold=-0.31704652366956848 0.47057795059446794 -1.3631648224630892 0.77244481603295057 1.0000000180025095e-35
decision_type=2 2 2 2 2
left_child=2 4 -1 -4 -2
right_child=1 -3 3 -5 -6
leaf_value=-0.030874245622779104 0.0068663125823914982 0.039316881729483596 -0.018384096988352815 0.013308812168498475 0.021868483960649818
leaf_weight=414.96105513721704 33.231696382164955 295.45793899893761 41.954803608357906 12.57725967466831 60.099768057465553
leaf_count=8217 189 1342 570 105 252
internal_value=7.42316e-05 0.0347037 -0.0287283 -0.0101448 0.0177082
internal_weight=858.283 388.789 469.493 54.5321 93.3315
internal_count=10675 1783 8892 675 441
is_linear=0
shrinkage=0.03


Tree=36
num_leaves=7
num_cat=0
split_feature=0 0 0 6 2 0
split_gain=934.562 29.4002 14.9715 14.5676 2.27977 1.29911
threshold=-0.37144856803439602 0.21276369247119364 -1.3631648224630892 0.73865729060996177 0.58500000000000008 1.0000000180025095e-35
decision_type=2 2 2 2 2 2
left_child=2 5 -1 -4 -3 -2
right_child=1 4 3 -5 -6 -7
leaf_value=-0.03080177705448333 0.0064484775265057602 0.039442160447477358 -0.018891544600280755 0.011216856521091702 0.020475723214452662 0.017592833162662476
leaf_weight=403.65345872193575 36.487135350704193 278.33026583492756 37.87424274161458 12.990875642746685 41.875436693429947 31.073954850435257
leaf_count=8217 216 1281 537 111 187 126
internal_value=8.11225e-05 0.0338312 -0.0288208 -0.0106224 0.037657 0.0131816
internal_weight=842.285 387.767 454.519 50.8651 320.206 67.5611
internal_count=10675 1810 8865 648 1468 342
is_linear=0
shrinkage=0.03


Tree=37
num_leaves=6
num_cat=0
split_feature=0 0 0 6 7
split_gain=897.773 29.1964 15.0819 14.6118 4.21543
threshold=-0.37144856803439602 0.47057795059446794 -1.3631648224630892 0.89404822654372251 0.46611290379786346
decision_type=2 2 2 2 2
left_child=2 4 -1 -4 -2
right_child=1 -3 3 -5 -6
leaf_value=-0.030730390652945052 0.019415730377033178 0.038138956254617648 -0.0170758508299017 0.015675993172603323 0.0028806098615149524
leaf_weight=392.6428474187851 74.932711072266102 287.38157343864441 42.904223516583443 7.4635434672236434 21.246834963560104
leaf_count=8217 355 1342 584 64 113
internal_value=9.30765e-05 0.0332372 -0.0287035 -0.0104298 0.0163783
internal_weight=826.572 383.561 443.011 50.3678 96.1795
internal_count=10675 1810 8865 648 468
is_linear=0
shrinkage=0.03


Tree=38
num_leaves=6
num_cat=0
split_feature=0 0 0 6 7
split_gain=861.87 29.0303 15.237 14.1956 3.97429
threshold=-0.37144856803439602 0.47057795059446794 -1.3631648224630892 0.89404822654372251 0.46611290379786346
decision_type=2 2 2 2 2
left_child=2 4 -1 -4 -2
right_child=1 -3 3 -5 -6
leaf_value=-0.030660018472823156 0.018885193302850923 0.037572476545852065 -0.016854550595972812 0.015402879204725902 0.0028206608750654828
leaf_weight=381.92251748219132 75.006413660943508 283.17747125029564 42.303968876600266 7.5440897494554511 21.259785547852516
leaf_count=8217 355 1342 584 64 113
internal_value=9.89479e-05 0.0326336 -0.0285843 -0.0102147 0.0159367
internal_weight=811.214 379.444 431.771 49.8481 96.2662
internal_count=10675 1810 8865 648 468
is_linear=0
shrinkage=0.03


Tree=39
num_leaves=7
num_cat=0
split_feature=0 0 0 6 2 1
split_gain=827.571 28.9137 15.3859 13.7892 3.28596 3.08755
threshold=-0.37144856803439602 0.21276369247119364 -1.3631648224630892 0.89404822654372251 0.58500000000000008 -0.19583436551102065
decision_type=2 2 2 2 2 2
left_child=2 5 -1 -4 -3 -2
right_child=1 4 3 -5 -6 -7
leaf_value=-0.030590587023180699 0.0020721185587048003 0.037822317880443775 -0.016634815332487375 0.01513452794223118 0.018779656359568912 0.016011444493899407
leaf_weight=371.48591822013259 23.959668405354023 266.56372176110744 41.717912144958973 7.6236161068081847 40.580302119255066 44.16690406948328
leaf_count=8217 117 1281 584 64 187 225
internal_value=0.000104639 0.0320497 -0.0284649 -0.010003 0.0359779 0.0120018
internal_weight=796.098 375.271 420.827 49.3415 307.144 68.1266
internal_count=10675 1810 8865 648 1468 342
is_linear=0
shrinkage=0.03


Tree=40
num_leaves=6
num_cat=0
split_feature=0 0 0 6 0
split_gain=795.168 28.9533 15.5288 13.4168 4.13963
threshold=-0.37144856803439602 0.47057795059446794 -1.3631648224630892 0.73865729060996177 1.0000000180025095e-35
decision_type=2 2 2 2 2
left_child=2 4 -1 -4 -2
right_child=1 -3 3 -5 -6
leaf_value=-0.030522027301028334 0.0052302639625017447 0.036531522205897851 -0.018108314589323167 0.010865204943127137 0.019600645199405818
leaf_weight=361.32659077271819 37.334233917295933 274.80930772423744 35.712151434272528 13.135699342936276 58.879918903112411
leaf_count=8217 216 1342 537 111 252
internal_value=0.00011646 0.0314998 -0.0283455 -0.00979468 0.0150419
internal_weight=781.198 371.023 410.174 48.8479 96.2142
internal_count=10675 1810 8865 648 468
is_linear=0
shrinkage=0.03


Tree=41
num_leaves=6
num_cat=0
split_feature=0 0 0 6 7
split_gain=764.164 28.5959 15.6195 13.0872 4.15965
threshold=-0.37144856803439602 0.47057795059446794 -1.3631648224630892 0.89404822654372251 0.47369649395226454
decision_type=2 2 2 2 2
left_child=2 4 -1 -4 -2
right_child=1 -3 3 -5 -6
leaf_value=-0.030454266132154302 0.01761971294655737 0.03602684611631865 -0.01623545345308354 0.014681610125782833 0.0017118390334277427
leaf_weight=351.4381375014782 75.399108186364174 270.5045217871666 40.640286065638065 7.7586894631385794 20.686814561486244
leaf_count=8217 358 1342 584 64 110
internal_value=0.000121269 0.0309698 -0.0282277 -0.0096139 0.014679
internal_weight=766.428 366.59 399.837 48.399 96.0859
internal_count=10675 1810 8865 648 468
is_linear=0
shrinkage=0.03


Tree=42
num_leaves=6
num_cat=0
split_feature=0 0 3 0 2
split_gain=734.406 32.5088 41.5312 13.8573 7.89306
threshold=-0.1220053855135967 -1.0670206998878491 0.8521117222482727 0.47057795059446794 0.45500000000000007
decision_type=2 2 2 2 2
left_child=1 -1 -3 4 -2
right_child=3 2 -4 -5 -6
leaf_value=-0.030017963816457622 0.023105348781348928 0.027916559220403064 -0.019438605110860138 0.035540157339195584 0.0023933582221021309
leaf_weight=353.06350307539105 50.354082927107811 14.872219227254389 41.283030636608601 266.18500763177872 26.300361752510071
leaf_count=8433 220 124 443 1342 113
internal_value=0.000126092 -0.0267186 -0.00457294 0.0320175 0.0170953
internal_weight=752.058 409.219 56.1552 342.839 76.6544
internal_count=10675 9000 567 1675 333
is_linear=0
shrinkage=0.03


Tree=43
num_leaves=7
num_cat=0
split_feature=0 0 0 6 0 3
split_gain=706.495 27.7317 15.8368 12.5809 3.88743 0.210418
threshold=-0.37144856803439602 0.47057795059446794 -1.3631648224630892 0.73865729060996177 1.0000000180025095e-35 0.89036971675466392
decision_type=2 2 2 2 2 2
left_child=2 4 -1 -4 -2 -3
right_child=1 5 3 -5 -6 -7
leaf_value=-0.030321702846810069 0.0047270448951790339 0.015629658792415915 -0.017547619308713867 0.010576201109357685 0.018473776350413789 0.036175828647840254
leaf_weight=332.56094095855951 37.595850132405758 22.236853435635567 34.226597681641579 13.235719304531811 58.259243160486221 239.62247933447361
leaf_count=8217 216 111 537 111 252 1231
internal_value=0.000137465 0.0299693 -0.0279916 -0.00922911 0.014038 0.0350702
internal_weight=737.738 357.714 380.023 47.4623 95.8551 261.859
internal_count=10675 1810 8865 648 468 1342
is_linear=0
shrinkage=0.03


Tree=44
num_leaves=7
num_cat=0
split_feature=0 0 0 6 7 3
split_gain=679.51 27.455 15.9127 12.2174 3.88536 0.21258
threshold=-0.37144856803439602 0.47057795059446794 -1.3631648224630892 0.89404822654372251 0.47369649395226454 0.89036971675466392
decision_type=2 2 2 2 2 2
left_child=2 4 -1 -4 -2 -3
right_child=1 5 3 -5 -6 -7
leaf_value=-0.030255960108848463 0.016543665752075287 0.015381324158000673 -0.015674990236768209 0.014180301764553201 0.001328622543237138 0.035729879463886387
leaf_weight=323.44439797103405 75.093389585614204 22.081809386610985 39.150085490196943 7.8959243223071089 20.614780716598034 235.52179905772209
leaf_count=8217 358 111 584 64 110 1231
internal_value=0.000148568 0.0294908 -0.0278728 -0.00905686 0.0137022 0.0346256
internal_weight=723.802 353.312 370.49 47.046 95.7082 257.604
internal_count=10675 1810 8865 648 468 1342
is_linear=0
shrinkage=0.03


Tree=45
num_leaves=7
num_cat=0
split_feature=0 0 0 6 0 3
split_gain=653.306 27.3663 16.0288 11.9728 3.8484 0.219603
threshold=-0.37144856803439602 0.47057795059446794 -1.3631648224630892 0.73865729060996177 1.0000000180025095e-35 0.89036971675466392
decision_type=2 2 2 2 2 2
left_child=2 4 -1 -4 -2 -3
right_child=1 5 3 -5 -6 -7
leaf_value=-0.030190771064300466 0.0042942430930213576 0.015137296498125992 -0.017160946501330376 0.010310167078993342 0.017758373063374553 0.035299319927980945
leaf_weight=314.57402631640434 37.892007157206535 21.928203478455544 33.263375498354435 13.34570664539933 57.837109640240669 231.42676977813244
leaf_count=8217 216 111 537 111 252 1231
internal_value=0.00015961 0.0290067 -0.0277515 -0.00886328 0.0133392 0.0341953
internal_weight=710.267 349.084 361.183 46.6091 95.7291 253.355
internal_count=10675 1810 8865 648 468 1342
is_linear=0
shrinkage=0.03


Tree=46
num_leaves=7
num_cat=0
split_feature=0 0 0 6 0 3
split_gain=628.505 27.0984 16.094 11.5987 3.69469 0.230758
threshold=-0.37144856803439602 0.47057795059446794 -1.3631648224630892 0.73865729060996177 1.0000000180025095e-35 0.89036971675466392
decision_type=2 2 2 2 2 2
left_child=2 4 -1 -4 -2 -3
right_child=1 5 3 -5 -6 -7
leaf_value=-0.030126069696630613 0.0041854796528107245 0.01489746256272245 -0.016959606439425002 0.010092467330273474 0.01736542480805792 0.034883074361938778
leaf_weight=305.94388751685619 37.96904057264328 21.776092633605003 32.774672575294971 13.438850447535513 57.601361840963364 227.34385676681995
leaf_count=8217 216 111 537 111 252 1231
internal_value=0.000170239 0.0285527 -0.0276317 -0.00869694 0.0130216 0.0337784
internal_weight=696.848 344.69 352.157 46.2135 95.5704 249.12
internal_count=10675 1810 8865 648 468 1342
is_linear=0
shrinkage=0.03


Tree=47
num_leaves=7
num_cat=0
split_feature=0 0 0 6 7 2
split_gain=604.711 26.8364 16.1538 11.3131 3.70461 0.35909
threshold=-0.37144856803439602 0.47057795059446794 -1.3631648224630892 0.89404822654372251 0.47369649395226454 0.59500000000000008
decision_type=2 2 2 2 2 2
left_child=2 4 -1 -4 -2 -3
right_child=1 5 3 -5 -6 -7
leaf_value=-0.030061805014660919 0.015489663145574243 0.03488303252827011 -0.015118090154864847 0.013579719023138242 0.00086554010322445376 0.017061508039485147
leaf_weight=297.54810431599617 74.797595836222172 213.74687285721302 37.750642966479063 8.0772344619035703 20.610624611377716 31.157517895102501
leaf_count=8217 358 1182 584 64 110 160
internal_value=0.00018062 0.0281096 -0.0275114 -0.00853364 0.0127123 0.033374
internal_weight=683.689 340.313 343.376 45.8279 95.4082 244.904
internal_count=10675 1810 8865 648 468 1342
is_linear=0
shrinkage=0.03


Tree=48
num_leaves=7
num_cat=0
split_feature=0 0 0 6 0 3
split_gain=581.612 26.7491 16.2534 11.031 3.64389 0.419586
threshold=-0.37144856803439602 0.47057795059446794 -1.3631648224630892 0.73865729060996177 1.0000000180025095e-35 0.89036971675466392
decision_type=2 2 2 2 2 2
left_child=2 4 -1 -4 -2 -3
right_child=1 5 3 -5 -6 -7
leaf_value=-0.029997919238281628 0.0037912252037045823 0.014286463780203189 -0.016580267065782694 0.0098378942796683091 0.016700318465044443 0.034103207582479415
leaf_weight=289.38092190027237 38.237706229090691 21.378301560878754 31.877189762890339 13.544473949819801 57.17285218834877 219.34445139765739
leaf_count=8217 216 111 537 111 252 1231
internal_value=0.000192151 0.0276609 -0.0273882 -0.00834885 0.0123772 0.0329833
internal_weight=670.936 336.133 334.803 45.4217 95.4106 240.723
internal_count=10675 1810 8865 648 468 1342
is_linear=0
shrinkage=0.03


Tree=49
num_leaves=6
num_cat=0
split_feature=0 0 0 6 1
split_gain=559.692 26.4914 16.3024 10.7195 7.15412
threshold=-0.37144856803439602 0.61793479777718074 -1.3631648224630892 0.89404822654372251 -0.1196130808109646
decision_type=2 2 2 2 2
left_child=2 4 -1 -4 -2
right_child=1 -3 3 -5 -6
leaf_value=-0.029934350676153035 0.0032203728945514637 0.033227300279376364 -0.014742294135263293 0.013173327089179445 0.01917800782498464
leaf_weight=281.4367385096848 45.395221583545208 221.7029612660408 36.854384552687407 8.200860030949114 64.703803859651089
leaf_count=8217 222 1258 584 64 330
internal_value=0.000201981 0.0272378 -0.0272665 -0.00819132 0.0134145
internal_weight=658.294 331.802 326.492 45.0552 110.099
internal_count=10675 1810 8865 648 552
is_linear=0
shrinkage=0.03


Tree=50
num_leaves=6
num_cat=0
split_feature=0 0 3 0 2
split_gain=538.474 31.2001 44.87 14.3057 12.3597
threshold=-0.1220053855135967 -1.3631648224630892 0.83584686288018251 0.61793479777718074 0.50500000000000012
decision_type=2 2 2 2 2
left_child=1 -1 -3 4 -2
right_child=3 2 -4 -5 -6
leaf_value=-0.029871053220368819 0.021383891847752051 0.028731374738081638 -0.019278396601300398 0.032849017493937753 -0.0026189784781255406
leaf_weight=273.70995238423347 66.97599159181118 15.073734328150747 49.567279405891895 217.70416058599949 23.08581405878067
leaf_count=8217 313 152 631 1258 104
internal_value=0.000208163 -0.0255566 -0.00573356 0.0284463 0.0155843
internal_weight=646.117 338.351 64.641 307.766 90.0618
internal_count=10675 9000 783 1675 417
is_linear=0
shrinkage=0.03


Tree=51
num_leaves=7
num_cat=0
split_feature=0 0 0 3 3 2
split_gain=518.41 25.9318 16.3555 36.3392 3.71598 1.33533
threshold=-0.37144856803439602 0.47057795059446794 -1.3631648224630892 0.83584686288018251 0.91255436837681636 0.59500000000000008
decision_type=2 2 2 2 2 2
left_child=2 4 -1 -4 -2 -3
right_child=1 5 3 -5 -6 -7
leaf_value=-0.029807972537778452 0.017565775441705542 0.033465598890683367 0.024201594118001511 -0.023388431392138514 0.0048932892481031547 0.015335513641958782
leaf_weight=266.19511481747031 41.08675803989172 198.75276538729668 12.613067664206026 31.795221261680126 53.857745319604874 29.604081153869629
leaf_count=8217 200 1182 137 511 268 160
internal_value=0.000217687 0.0264122 -0.0270211 -0.00790785 0.0115285 0.0318572
internal_weight=633.905 323.301 310.603 44.4083 94.9445 228.357
internal_count=10675 1810 8865 648 468 1342
is_linear=0
shrinkage=0.03


Tree=52
num_leaves=7
num_cat=0
split_feature=0 0 0 3 3 2
split_gain=498.807 25.8829 16.4342 35.1361 8.9029 6.61628
threshold=-0.37144856803439602 0.21276369247119364 -1.3631648224630892 0.83584686288018251 0.91255436837681636 0.58500000000000008
decision_type=2 2 2 2 2 2
left_child=2 4 -1 -4 -2 -3
right_child=1 5 3 -5 -6 -7
leaf_value=-0.029745052367267721 0.017561037759673374 0.032594869873838236 0.023562624781262129 -0.023204977904780894 -0.0021270241020445507 0.012710821726499925
leaf_weight=258.88693015649915 32.575337596237659 215.20040827989578 12.834232304245232 31.173670001327991 36.453844577074051 35.097625538706779
leaf_count=8217 159 1281 137 511 183 187
internal_value=0.000232528 0.0259999 -0.0268955 -0.00772849 0.00821037 0.0304021
internal_weight=622.222 319.327 302.895 44.0079 69.0292 250.298
internal_count=10675 1810 8865 648 342 1468
is_linear=0
shrinkage=0.03


Tree=53
num_leaves=6
num_cat=0
split_feature=0 0 0 3 1
split_gain=479.937 25.9646 16.502 33.9734 7.11653
threshold=-0.37144856803439602 0.61793479777718074 -1.3631648224630892 0.83584686288018251 -0.1196130808109646
decision_type=2 2 2 2 2
left_child=2 4 -1 -4 -2
right_child=1 -3 3 -5 -6
leaf_value=-0.029682248789304474 0.0022113604024944153 0.031818109597954281 0.02294343389743763 -0.023022380372226411 0.017897816957341713
leaf_weight=251.78010274842381 45.091254010796547 206.30493605136871 13.051713429391382 30.566802486777306 63.83746412396431
leaf_count=8217 222 1258 137 511 330
internal_value=0.000242477 0.0255994 -0.0267692 -0.00755446 0.0121363
internal_weight=610.632 315.234 295.399 43.6185 108.929
internal_count=10675 1810 8865 648 552
is_linear=0
shrinkage=0.03


Tree=54
num_leaves=6
num_cat=0
split_feature=0 0 3 0 2
split_gain=462.04 30.5123 39.4867 14.3946 11.9507
threshold=-0.1220053855135967 -1.3631648224630892 0.8521117222482727 0.61793479777718074 0.50500000000000012
decision_type=2 2 2 2 2
left_child=1 -1 -3 4 -2
right_child=3 2 -4 -5 -6
leaf_value=-0.029619509218750159 0.020058514619271179 0.0234853020057702 -0.019936849635552367 0.031474536195098081 -0.0033725783004393845
leaf_weight=244.86953590996563 65.72109916806221 19.211427740752697 44.215262055397034 202.46759904921055 22.946029886603355
leaf_count=8217 313 185 598 1258 104
internal_value=0.000247946 -0.0249577 -0.00537737 0.0268819 0.0142676
internal_weight=599.431 308.296 63.4267 291.135 88.6671
internal_count=10675 9000 783 1675 417
is_linear=0
shrinkage=0.03


Tree=55
num_leaves=7
num_cat=0
split_feature=0 0 3 1 2 0
split_gain=444.959 30.3345 11.5841 11.2961 7.14226 3.90427
threshold=-0.54342246544523498 0.21276369247119364 0.91255436837681636 0.44812307345195851 0.58500000000000008 -1.1289381761802568
decision_type=2 2 2 2 2 2
left_child=3 2 -2 5 -3 -1
right_child=1 4 -4 -5 -6 -7
leaf_value=-0.029370539046062162 0.016750083073270323 0.031631090169250094 -0.0043546759360193832 0.0085463808856550364 0.011547949071302315 -0.010474447398833048
leaf_weight=243.97317341156304 38.003937806934118 203.9965409040451 39.311577424407005 3.5975504964590064 33.951352432370186 25.413179438561201
leaf_count=8335 220 1281 230 62 187 360
internal_value=0.000253696 0.0241829 0.00674948 -0.0272597 0.0293469 -0.0280266
internal_weight=588.247 315.263 77.3155 272.984 237.948 269.386
internal_count=10675 1918 450 8757 1468 8695
is_linear=0
shrinkage=0.03


Tree=56
num_leaves=7
num_cat=0
split_feature=0 0 1 3 0 3
split_gain=428.237 29.9743 11.1869 8.87514 3.99018 3.74983
threshold=-0.54342246544523498 0.39063356452765846 0.44812307345195851 0.888163974659958 -1.1289381761802568 0.89036971675466392
decision_type=2 2 2 2 2 2
left_child=2 3 4 -2 -1 -3
right_child=1 5 -4 -5 -6 -7
leaf_value=-0.029302134842231899 0.02159354222992222 0.010414776306911712 0.0084637316913986349 0.0022721354973564744 -0.010311772057538164 0.031296006627932832
leaf_weight=237.33008885011077 22.259864818304777 21.387056782841682 3.6209968030452719 71.976525343954563 25.200663633644581 195.73177883028984
leaf_count=8335 125 121 62 409 360 1263
internal_value=0.000261005 0.0238003 -0.0271409 0.00846985 -0.0279245 0.0297882
internal_weight=577.507 311.355 266.152 94.2364 262.531 217.119
internal_count=10675 1918 8757 534 8695 1384
is_linear=0
shrinkage=0.03


Tree=57
num_leaves=6
num_cat=0
split_feature=0 0 0 3 1
split_gain=412.392 25.1768 16.5829 32.1578 7.00487
threshold=-0.37144856803439602 0.61793479777718074 -1.3631648224630892 0.80707530265498117 -0.1196130808109646
decision_type=2 2 2 2 2
left_child=2 4 -1 -4 -2
right_child=1 -3 3 -5 -6
leaf_value=-0.02943275331409579 0.0013613261326490048 0.030533582555422982 0.027769487542074929 -0.019854685169591102 0.016769398458539211
leaf_weight=225.41881267167628 44.766235433518887 191.63002197444439 8.3201462402939779 34.083522543311119 62.896772712469101
leaf_count=8217 222 1258 80 568 330
internal_value=0.000273653 0.0240984 -0.0262597 -0.00699423 0.0110229
internal_weight=567.116 299.293 267.822 42.4037 107.663
internal_count=10675 1810 8865 648 552
is_linear=0
shrinkage=0.03


Tree=58
num_leaves=7
num_cat=0
split_feature=0 0 3 0 2 3
split_gain=396.983 29.8249 37.3619 14.2854 11.564 0.0106739
threshold=-0.1220053855135967 -1.3631648224630892 0.8521117222482727 0.61793479777718074 0.50500000000000012 0.89036971675466392
decision_type=2 2 2 2 2 2
left_child=1 -1 -3 4 -2 -5
right_child=3 2 -4 5 -6 -7
leaf_value=-0.029369796058862023 0.018889055082586446 0.022723756369910666 -0.01956706023985734 0.012065329820885146 -0.0040312156579767307 0.031268851481918422
leaf_weight=219.23968617618084 64.445768788456917 19.487038038671017 42.836410734802485 17.133944824337959 22.809288054704666 170.85856229066849
leaf_count=8217 313 185 598 101 104 1157
internal_value=0.000282367 -0.0243396 -0.00503014 0.0254395 0.0130991 0.0302164
internal_weight=556.811 281.563 62.3234 275.248 87.2551 187.993
internal_count=10675 9000 783 1675 417 1258
is_linear=0
shrinkage=0.03


Tree=59
num_leaves=7
num_cat=0
split_feature=0 0 0 7 6 3
split_gain=382.976 28.6595 11.0731 9.72051 7.57469 0.0325975
threshold=-0.54342246544523498 0.61793479777718074 -1.3631648224630892 0.50370931781787076 0.73865729060996177 0.89036971675466392
decision_type=2 2 2 2 2 2
left_child=2 3 -1 -2 -4 -3
right_child=1 5 4 -5 -6 -7
leaf_value=-0.029306670985769518 0.013684508364960905 0.01188867993650029 -0.015698804805919689 -0.0064023425120167 0.0082319821913133182 0.030974519021522984
leaf_weight=213.23278992064297 94.294534936547279 17.017238453030586 22.694479666650295 20.989062376320362 10.954356592148541 167.45429667830467
leaf_count=8217 517 101 447 143 93 1157
internal_value=0.000293907 0.0227489 -0.0267944 0.00980828 -0.00780704 0.0299157
internal_weight=546.637 299.755 246.882 115.284 33.6488 184.472
internal_count=10675 1918 8757 660 540 1258
is_linear=0
shrinkage=0.03


Tree=60
num_leaves=7
num_cat=0
split_feature=0 0 0 7 6 3
split_gain=368.63 28.4806 11.1021 9.2552 7.35665 0.0547134
threshold=-0.54342246544523498 0.61793479777718074 -1.3631648224630892 0.50370931781787076 0.73865729060996177 0.89036971675466392
decision_type=2 2 2 2 2 2
left_child=2 3 -1 -2 -4 -3
right_child=1 5 4 -5 -6 -7
leaf_value=-0.029243335736026981 0.013325825105888003 0.011714668742102984 -0.015522676919913008 -0.0062795879237754195 0.0080794206900314681 0.030685923565186703
leaf_weight=207.39359271526337 94.198264166712761 16.902206569910049 22.381642233580351 20.953404996544123 11.014279153198002 164.10313822329044
leaf_count=8217 517 101 447 143 93 1157
internal_value=0.00029553 0.0223801 -0.0266765 0.00954165 -0.00767046 0.0296205
internal_weight=536.947 296.157 240.79 115.152 33.3959 181.005
internal_count=10675 1918 8757 660 540 1258
is_linear=0
shrinkage=0.03


Tree=61
num_leaves=7
num_cat=0
split_feature=0 0 0 7 6 3
split_gain=354.832 28.2896 11.1269 8.81258 7.14451 0.0768839
threshold=-0.54342246544523498 0.61793479777718074 -1.3631648224630892 0.50370931781787076 0.73865729060996177 0.89036971675466392
decision_type=2 2 2 2 2 2
left_child=2 3 -1 -2 -4 -3
right_child=1 5 4 -5 -6 -7
leaf_value=-0.029179741473659548 0.012976671063066722 0.011543248107609263 -0.015347881456450538 -0.0061591417553453374 0.0079297974898052907 0.030402681628325257
leaf_weight=201.71770118549466 94.10135380551219 16.788842499256134 22.075984213501215 20.91835904493928 11.073224194347857 160.80616343021393
leaf_count=8217 517 101 447 143 93 1157
internal_value=0.00029693 0.022017 -0.0265575 0.0092822 -0.00753645 0.0293302
internal_weight=527.482 292.615 234.867 115.02 33.1492 177.595
internal_count=10675 1918 8757 660 540 1258
is_linear=0
shrinkage=0.03


Tree=62
num_leaves=7
num_cat=0
split_feature=0 0 0 3 2 6
split_gain=341.561 28.1063 11.1476 10.4609 8.24456 6.93816
threshold=-0.54342246544523498 0.21276369247119364 -1.3631648224630892 0.91255436837681636 0.58500000000000008 0.73865729060996177
decision_type=2 2 2 2 2 2
left_child=2 3 -1 -2 -3 -4
right_child=1 4 5 -5 -6 -7
leaf_value=-0.029115852163995082 0.014801684272681834 0.02966403441031331 -0.015174424432084752 -0.005096287419178603 0.0090478947604510623 0.0077830514446127529
leaf_weight=196.20076780579984 38.61108523234725 179.93959698081017 21.777330331504345 39.103424690663815 31.475220277905464 11.131203275173901
leaf_count=8217 220 1281 447 230 187 93
internal_value=0.000298105 0.0216593 -0.0264375 0.00535009 0.027142 -0.00740499
internal_weight=518.239 289.129 229.109 77.7145 211.415 32.9085
internal_count=10675 1918 8757 450 1468 540
is_linear=0
shrinkage=0.03


Tree=63
num_leaves=7
num_cat=0
split_feature=0 0 3 0 2 3
split_gain=329.057 28.3556 35.5217 14.1245 11.3766 0.181543
threshold=-0.1220053855135967 -1.3631648224630892 0.82472874905177462 0.61793479777718074 0.45500000000000007 0.89036971675466392
decision_type=2 2 2 2 2 2
left_child=1 -1 -3 4 -2 -5
right_child=3 2 -4 5 -6 -7
leaf_value=-0.02905162427514614 0.018661790073202778 0.02743793411784844 -0.016716309828197828 0.01114203586556536 -0.0029148973628327348 0.029873665954564425
leaf_weight=190.83856762759387 56.390503659844398 12.990952041000126 48.493833467364311 16.51705028116703 29.281570717692375 154.59902791678905
leaf_count=8217 282 121 662 101 135 1157
internal_value=0.000299417 -0.0235651 -0.00485386 0.0237533 0.0117533 0.0287806
internal_weight=509.112 252.323 61.4848 256.788 85.6721 171.116
internal_count=10675 9000 783 1675 417 1258
is_linear=0
shrinkage=0.03


Tree=64
num_leaves=7
num_cat=0
split_feature=0 0 0 7 6 3
split_gain=317.483 27.312 11.074 8.04624 6.58197 0.201682
threshold=-0.54342246544523498 0.61793479777718074 -1.3631648224630892 0.50370931781787076 0.73865729060996177 0.89036971675466392
decision_type=2 2 2 2 2 2
left_child=2 3 -1 -2 -4 -3
right_child=1 5 4 -5 -6 -7
leaf_value=-0.028987015450110832 0.012181265149007837 0.010979087309942537 -0.014903355869967085 -0.0061175519221540577 0.0074942467742939549 0.029604010665779449
leaf_weight=185.62698257155716 93.226532116532326 16.409381717443466 21.307475205510855 20.734935093671083 11.231714207679032 151.46559877693653
leaf_count=8217 517 101 447 143 93 1157
internal_value=0.000316223 0.0210371 -0.0262007 0.00862693 -0.00722794 0.0285031
internal_weight=500.003 281.836 218.166 113.961 32.5392 167.875
internal_count=10675 1918 8757 660 540 1258
is_linear=0
shrinkage=0.03


Tree=65
num_leaves=7
num_cat=0
split_feature=0 0 0 7 6 3
split_gain=305.627 27.0861 11.0844 7.66389 6.39126 0.221504
threshold=-0.54342246544523498 0.61793479777718074 -1.3631648224630892 0.50370931781787076 0.73865729060996177 0.89036971675466392
decision_type=2 2 2 2 2 2
left_child=2 3 -1 -2 -4 -3
right_child=1 5 4 -5 -6 -7
leaf_value=-0.028921989699195294 0.011862689009370982 0.010818538719666539 -0.014733341939135345 -0.006000411445115786 0.007355998191823432 0.029338408603308844
leaf_weight=180.56197128631175 93.128314733505249 16.303330436348915 21.026417005807161 20.701265424489975 11.286620058119295 148.38888581097126
leaf_count=8217 517 101 447 143 93 1157
internal_value=0.000316377 0.0206938 -0.0260773 0.00839185 -0.00710274 0.0282293
internal_weight=491.397 278.522 212.875 113.83 32.313 164.692
internal_count=10675 1918 8757 660 540 1258
is_linear=0
shrinkage=0.03


Tree=66
num_leaves=7
num_cat=0
split_feature=0 0 0 7 6 3
split_gain=294.219 26.8492 11.0908 7.29997 6.20581 0.240934
threshold=-0.54342246544523498 0.61793479777718074 -1.3631648224630892 0.50370931781787076 0.73865729060996177 0.89036971675466392
decision_type=2 2 2 2 2 2
left_child=2 3 -1 -2 -4 -3
right_child=1 5 4 -5 -6 -7
leaf_value=-0.028856501772480572 0.011552459567635832 0.010660347023686985 -0.01456469574206024 -0.0058854726080830554 0.0072203952000265996 0.029076581670079479
leaf_weight=175.63961479626596 93.030347492545843 16.198882967233658 20.751753281801939 20.668178241699934 11.340613238513468 145.36917001754045
leaf_count=8217 517 101 447 143 93 1157
internal_value=0.000316306 0.0203552 -0.0259526 0.00816305 -0.00697994 0.0279591
internal_weight=482.999 275.267 207.732 113.699 32.0924 161.568
internal_count=10675 1918 8757 660 540 1258
is_linear=0
shrinkage=0.03


Tree=67
num_leaves=7
num_cat=0
split_feature=0 0 1 7 0 3
split_gain=283.281 27.4717 10.969 7.61916 3.04364 0.259895
threshold=-0.58855638125864962 0.61793479777718074 0.44812307345195851 0.50370931781787076 -1.1289381761802568 0.89036971675466392
decision_type=2 2 2 2 2 2
left_child=2 3 4 -2 -1 -3
right_child=1 5 -4 -5 -6 -7
leaf_value=-0.028546824055206987 0.011253162265184011 0.010504476015736638 0.0090128907290010791 -0.0063058141429623025 -0.009522585356588089 0.028818257452349002
leaf_weight=176.03143009543419 94.235475204885006 16.096026211977005 3.3826979398727408 21.27436226978898 21.377539001405239 142.40662506222725
leaf_count=8335 532 101 61 155 334 1157
internal_value=0.000316008 0.0198653 -0.0260389 0.00777444 -0.0270451 0.0276923
internal_weight=474.804 274.012 200.792 115.51 197.409 158.503
internal_count=10675 1945 8730 687 8669 1258
is_linear=0
shrinkage=0.03


Tree=68
num_leaves=6
num_cat=0
split_feature=0 0 3 0 2
split_gain=272.781 27.0111 34.1364 13.8692 14.0286
threshold=-0.1220053855135967 -1.3631648224630892 0.83584686288018251 1.1514777975840453 0.50500000000000012
decision_type=2 2 2 2 2
left_child=1 -1 -3 4 -2
right_child=3 2 -4 -5 -6
leaf_value=-0.028725003425015317 0.018897140551844945 0.023766414523170951 -0.017838644234407348 0.02927197766565166 -0.0030783408566027685
leaf_weight=166.27491803839803 84.232018172740936 16.708477277308702 43.881263002753258 122.99487926065922 32.700660109519958
leaf_count=8217 496 152 631 1006 173
internal_value=0.000319615 -0.0227552 -0.00462396 0.0221756 0.0129933
internal_weight=466.792 226.865 60.5897 239.928 116.933
internal_count=10675 9000 783 1675 669
is_linear=0
shrinkage=0.03


Tree=69
num_leaves=7
num_cat=0
split_feature=0 0 3 2 1 0
split_gain=263.142 31.34 14.7838 8.91447 4.8428 1.2878
threshold=-0.83251840204438377 0.21276369247119364 0.888163974659958 0.58500000000000008 0.44812307345195851 -1.0670206998878491
decision_type=2 2 2 2 2 2
left_child=4 2 -2 -3 5 -1
right_child=1 3 -4 -5 -6 -7
leaf_value=-0.028275527504388512 0.018536156483546139 0.027914042626753642 -0.0048900963227559964 0.0069439341808806261 0.0038841319611634863 -0.0069350207733731677
leaf_weight=168.99903743900359 26.870834428817034 158.58129085600376 62.381589576601982 29.402225598692894 2.1693242676556102 10.367996409535406
leaf_count=8387 180 1281 432 187 52 156
internal_value=0.000327675 0.0184827 0.00331972 0.0251505 -0.0269154 -0.0274733
internal_weight=458.772 277.236 89.2524 187.984 181.536 179.367
internal_count=10675 2080 612 1468 8595 8543
is_linear=0
shrinkage=0.03


Tree=70
num_leaves=7
num_cat=0
split_feature=0 0 1 7 0 3
split_gain=253.648 26.4326 10.6909 6.94563 3.04423 0.42392
threshold=-0.58855638125864962 0.61793479777718074 0.44812307345195851 0.50370931781787076 -1.1289381761802568 0.89036971675466392
decision_type=2 2 2 2 2 2
left_child=2 3 4 -2 -1 -3
right_child=1 5 -4 -5 -6 -7
leaf_value=-0.028326737817204149 0.010543684229217925 0.0099215520042680479 0.008863237906336318 -0.0062417092405264657 -0.0092878222645689859 0.028100887056047144
leaf_weight=162.3052247390151 93.331269856542349 15.704669713973997 3.41013005003333 21.072704896330833 21.047079212963581 134.23895782232285
leaf_count=8335 532 101 61 155 334 1157
internal_value=0.000332829 0.018968 -0.0256672 0.00719869 -0.0267346 0.0269362
internal_weight=451.11 264.348 186.762 114.404 183.352 149.944
internal_count=10675 1945 8730 687 8669 1258
is_linear=0
shrinkage=0.03


Tree=71
num_leaves=7
num_cat=0
split_feature=0 0 3 0 2 5
split_gain=244.293 30.2777 10.5689 4.81835 4.08027 0.639478
threshold=-0.83251840204438377 0.47057795059446794 0.87683467169877005 -1.3631648224630892 0.59500000000000008 -0.91597561503675329
decision_type=2 2 2 2 2 2
left_child=3 2 -2 -1 -3 -5
right_child=1 4 -4 5 -6 -7
leaf_value=-0.02852435334618058 0.018508972684762579 0.028091993946168601 -0.00055812105000939806 0.00048096325354607259 0.0089400992599621872 -0.0096850902159102952
leaf_weight=153.24421109072864 27.519998151808977 135.33107031881809 84.610104814171791 6.1359002627432373 23.661420702934265 13.160912111401556
leaf_count=8217 177 1182 561 123 160 255
internal_value=0.000335576 0.0178756 0.00525385 -0.0266953 0.0259395 -0.00739175
internal_weight=443.664 271.123 112.13 172.541 158.992 19.2968
internal_count=10675 2080 738 8595 1342 378
is_linear=0
shrinkage=0.03


Tree=72
num_leaves=7
num_cat=0
split_feature=0 0 7 0 5 3
split_gain=235.497 29.7822 9.78809 4.84144 0.623295 0.51595
threshold=-0.83251840204438377 0.61793479777718074 0.50370931781787076 -1.3631648224630892 -0.91597561503675329 0.89036971675466392
decision_type=2 2 2 2 2 2
left_child=3 2 -2 -1 -5 -3
right_child=1 5 -4 4 -6 -7
leaf_value=-0.028455369992420536 0.010092408807570123 0.0095519181754375494 -0.0086240307803618407 0.00047540273925543219 -0.0095641667100135452 0.027623964555980943
leaf_weight=149.09417363628745 99.655918627977371 15.456360980868338 24.289298932999372 6.1383596695959595 13.055528035387395 128.93673283606768
leaf_count=8217 609 101 213 123 255 1157
internal_value=0.000340783 0.0175762 0.00605457 -0.0265857 -0.00729039 0.0264334
internal_weight=436.626 268.338 123.945 168.288 19.1939 144.393
internal_count=10675 2080 822 8595 378 1258
is_linear=0
shrinkage=0.03


Tree=73
num_leaves=7
num_cat=0
split_feature=0 0 0 2 1 3
split_gain=226.897 24.559 10.9594 10.3353 6.08966 0.527123
threshold=-0.54342246544523498 0.61793479777718074 -1.3631648224630892 0.6150000000000001 -0.1196130808109646 0.89036971675466392
decision_type=2 2 2 2 2 2
left_child=2 4 -1 -4 -2 -3
right_child=1 5 3 -5 -6 -7
leaf_value=-0.028385672753394688 -0.001366461166564991 0.0094122023710388556 -0.016586746452530703 0.011329126178840042 0.012146267736126331 0.027381348205146608
leaf_weight=145.06188897974789 46.926296036690474 15.365053594112394 19.844863947480921 11.045301480218766 65.108505569398403 126.30533677339554
leaf_count=8217 266 101 399 141 394 1157
internal_value=0.000335091 0.0182229 -0.0250502 -0.00627545 0.00683822 0.0261815
internal_weight=429.657 253.705 175.952 30.8902 112.035 141.67
internal_count=10675 1918 8757 540 660 1258
is_linear=0
shrinkage=0.03


Tree=74
num_leaves=7
num_cat=0
split_feature=0 0 3 2 0 0
split_gain=218.751 25.1045 32.3059 13.9597 8.07746 7.96318
threshold=-0.1220053855135967 -1.3631648224630892 0.82472874905177462 0.51500000000000012 0.99575556368778972 0.13617733609905147
decision_type=2 2 2 2 2 2
left_child=1 -1 -3 5 -5 -2
right_child=3 2 -4 4 -6 -7
leaf_value=-0.028315236837639157 0.0070316292137998677 0.025790188851103259 -0.01625082760151772 -0.005166342570135261 0.015735911787221921 0.027188351828538841
leaf_weight=141.14411044120789 29.552139818668365 13.409870546311138 46.483578076586127 27.754855334758759 21.387729629874229 143.12685139477253
leaf_count=8217 123 121 662 145 165 1242
internal_value=0.00033822 -0.0217679 -0.00449484 0.0204478 0.00505321 0.0243125
internal_weight=422.859 201.038 59.8934 221.822 49.1426 172.679
internal_count=10675 9000 783 1675 310 1365
is_linear=0
shrinkage=0.03


Tree=75
num_leaves=7
num_cat=0
split_feature=0 0 7 0 5 3
split_gain=211.362 28.1664 9.15819 4.81812 0.597405 0.593526
threshold=-0.83251840204438377 0.61793479777718074 0.50370931781787076 -1.3631648224630892 -0.91597561503675329 0.89036971675466392
decision_type=2 2 2 2 2 2
left_child=3 2 -2 -1 -5 -3
right_child=1 5 -4 4 -6 -7
leaf_value=-0.028244023804501677 0.009562678209202315 0.0090834050893121871 -0.0085789049287747846 0.0004991901051533648 -0.0093112759471818997 0.026921522763477646
leaf_weight=137.33768337406218 98.92197722569108 15.145803451538084 24.051523484289646 6.109728047624233 12.802782900631426 121.38094034045935
leaf_count=8217 609 101 213 123 255 1157
internal_value=0.000350335 0.0167527 0.00563617 -0.0262598 -0.00706549 0.0256976
internal_weight=415.75 259.5 122.974 156.25 18.9125 136.527
internal_count=10675 2080 822 8595 378 1258
is_linear=0
shrinkage=0.03


Tree=76
num_leaves=7
num_cat=0
split_feature=0 0 7 1 0 3
split_gain=203.639 27.739 8.7265 5.20017 1.41002 0.601624
threshold=-0.83251840204438377 0.61793479777718074 0.50370931781787076 0.49207270430924305 -1.0670206998878491 0.89036971675466392
decision_type=2 2 2 2 2 2
left_child=3 2 -2 4 -1 -3
right_child=1 5 -4 -5 -6 -7
leaf_value=-0.027730405414701204 0.0093054726129494399 0.0089504824411578733 -0.0084157127000170657 0.0050332255392317189 -0.0063938942864915161 0.026684485134380941
leaf_weight=140.6982246786356 98.883510086685419 15.059432730078695 23.977426249533892 1.7749794907867897 9.9826684743165952 118.91166888922453
leaf_count=8401 609 101 213 38 156 1157
internal_value=0.00034363 0.0164579 0.00547391 -0.0261451 -0.0268028 0.0254512
internal_weight=409.288 256.832 122.861 152.456 150.681 133.971
internal_count=10675 2080 822 8595 8557 1258
is_linear=0
shrinkage=0.03


Tree=77
num_leaves=7
num_cat=0
split_feature=0 0 7 1 5 3
split_gain=196.118 27.307 8.31552 5.16005 1.46907 0.609033
threshold=-0.83251840204438377 0.61793479777718074 0.50370931781787076 0.49207270430924305 -0.91597561503675329 0.89036971675466392
decision_type=2 2 2 2 2 2
left_child=3 2 -2 4 -1 -3
right_child=1 5 -4 -5 -6 -7
leaf_value=-0.0058337193551661042 0.0090551951831775498 0.0088194848579243677 -0.0082554633528158609 0.005007482856621291 -0.027592803080686488 0.026449080273065639
leaf_weight=9.1392692029476148 98.845046930015087 14.974446281790732 23.904797602444887 1.7818856984376896 137.77871992252767 116.49655042588711
leaf_count=345 609 101 213 38 8212 1157
internal_value=0.000342458 0.0161671 0.00531611 -0.0260258 -0.0266973 0.0252064
internal_weight=402.921 254.221 122.75 148.7 146.918 131.471
internal_count=10675 2080 822 8595 8557 1258
is_linear=0
shrinkage=0.03


Tree=78
num_leaves=7
num_cat=0
split_feature=0 0 1 0 2 0
split_gain=188.854 26.8708 7.99219 5.12539 7.48582 0.669757
threshold=-0.83251840204438377 0.61793479777718074 0.27415918743087592 -1.3631648224630892 0.62500000000000011 1.1514777975840453
decision_type=2 2 2 2 2 2
left_child=3 2 -2 -1 -5 -3
right_child=1 5 -4 4 -6 -7
leaf_value=-0.028030234715336815 0.001238962242407888 0.012045206740525548 0.01944650343452442 -0.016906725061787614 0.010388600240099546 0.027117608139546338
leaf_weight=126.7767532709986 104.736860871315 27.863396480679512 17.903400082141161 11.259780369699003 7.0299757216125718 101.16238699108362
leaf_count=8217 710 252 112 274 104 1006
internal_value=0.000341523 0.0158802 0.00516267 -0.0259011 -0.00645165 0.0249632
internal_weight=396.733 251.666 122.64 145.067 18.2898 129.026
internal_count=10675 2080 822 8595 378 1258
is_linear=0
shrinkage=0.03


Tree=79
num_leaves=7
num_cat=0
split_feature=0 0 7 0 2 3
split_gain=182.146 26.331 8.00736 5.13167 7.31373 0.735136
threshold=-0.83251840204438377 0.61793479777718074 0.50370931781787076 -1.3631648224630892 0.62500000000000011 0.89036971675466392
decision_type=2 2 2 2 2 2
left_child=3 2 -2 -1 -5 -3
right_child=1 5 -4 4 -6 -7
leaf_value=-0.027955671055034065 0.0087289717215250986 0.0084104472486505599 -0.0082464630861951403 -0.016771959213590388 0.010226319916968575 0.025998672361285939
leaf_weight=123.37943031452596 98.807506158947945 14.710289180278776 23.874973144382238 11.092631738632919 7.0851365942507973 111.97687042504549
leaf_count=8217 609 101 213 274 104 1157
internal_value=0.000353511 0.0156128 0.00505288 -0.025784 -0.00635418 0.0247211
internal_weight=390.927 249.37 122.682 141.557 18.1778 126.687
internal_count=10675 2080 822 8595 378 1258
is_linear=0
shrinkage=0.03


Tree=80
num_leaves=7
num_cat=0
split_feature=0 0 1 0 2 0
split_gain=175.493 25.8927 7.8344 5.1351 7.14561 0.847276
threshold=-0.83251840204438377 0.61793479777718074 0.27415918743087592 -1.3631648224630892 0.62500000000000011 1.1514777975840453
decision_type=2 2 2 2 2 2
left_child=3 2 -2 -1 -5 -3
right_child=1 5 -4 4 -6 -7
leaf_value=-0.027880186798908545 0.001036370312406954 0.011532785173124029 0.019033773464412981 -0.016638407538340484 0.010066440566864445 0.026688310516437129
leaf_weight=120.0790038285777 104.64153945073485 27.180838599801064 17.931714285165071 10.928965913131835 7.139728555455803 97.167024470865726
leaf_count=8217 710 252 112 274 104 1006
internal_value=0.000346894 0.015333 0.0049064 -0.0256657 -0.00625924 0.0244805
internal_weight=385.069 246.921 122.573 138.148 18.0687 124.348
internal_count=10675 2080 822 8595 378 1258
is_linear=0
shrinkage=0.03


Tree=81
num_leaves=7
num_cat=0
split_feature=0 0 3 2 0 0
split_gain=169.415 22.8868 30.6798 14.2968 7.68326 7.30968
threshold=-0.1220053855135967 -1.3631648224630892 0.8607964746902651 0.51500000000000012 0.13617733609905147 1.1514777975840453
decision_type=2 2 2 2 2 2
left_child=1 -1 -3 4 -2 -5
right_child=3 2 -4 5 -6 -7
leaf_value=-0.02780375419073448 0.0061914087562079294 0.01887928948323234 -0.019274261636464441 -0.0054895455201402679 0.025784819030864815 0.014950101154080185
leaf_weight=116.87275439035147 29.477475717663765 22.099377175793052 37.052609529346228 29.991902396082878 127.54510665684938 16.52130664139986
leaf_count=8217 123 213 570 166 1242 144
internal_value=0.000358162 -0.0205802 -0.00435115 0.0185822 0.0226975 0.00313128
internal_weight=379.561 176.025 59.152 203.536 157.023 46.5132
internal_count=10675 9000 783 1675 1365 310
is_linear=0
shrinkage=0.03


Tree=82
num_leaves=6
num_cat=0
split_feature=0 0 7 0 2
split_gain=163.541 24.8761 8.57277 5.05759 6.84678
threshold=-0.83251840204438377 1.1514777975840453 0.50370931781787076 -1.3631648224630892 0.62500000000000011
decision_type=2 2 2 2 2
left_child=3 2 -2 -1 -5
right_child=1 -3 -4 4 -6
leaf_value=-0.027726345648241679 0.0097025661437747292 0.026267042261191659 -0.0072340903701515235 -0.016441663755910427 0.009730996822572828
leaf_weight=113.75805352069438 122.60949504375458 93.38177751749754 25.933598842471838 10.677247265353801 7.2487174514681092
leaf_count=8217 837 1006 237 274 104
internal_value=0.000361721 0.0148546 0.00647588 -0.0254332 -0.00616348
internal_weight=373.609 241.925 148.543 131.684 17.926
internal_count=10675 2080 1074 8595 378
is_linear=0
shrinkage=0.03


Tree=83
num_leaves=6
num_cat=0
split_feature=0 0 7 0 2
split_gain=157.507 24.5246 8.16374 5.05416 6.68963
threshold=-0.83251840204438377 1.1514777975840453 0.50370931781787076 -1.3631648224630892 0.62500000000000011
decision_type=2 2 2 2 2
left_child=3 2 -2 -1 -5
right_child=1 -3 -4 4 -6
leaf_value=-0.027647935361516263 0.0094493177091682576 0.02604594023540786 -0.0070871470556507447 -0.016311058421284989 0.0095786404865588048
leaf_weight=110.7323267897591 122.39003586396575 91.463234305381775 25.885240364819765 10.522279629483821 7.3013508953154078
leaf_count=8217 837 1006 237 274 104
internal_value=0.000349888 0.0145727 0.00629708 -0.0253112 -0.00607457
internal_weight=368.294 239.739 148.275 128.556 17.8236
internal_count=10675 2080 1074 8595 378
is_linear=0
shrinkage=0.03


Tree=84
num_leaves=7
num_cat=0
split_feature=0 0 1 0 2 6
split_gain=151.7 24.2084 7.92546 5.04812 6.53616 1.55243
threshold=-0.83251840204438377 0.61793479777718074 0.27415918743087592 -1.3631648224630892 0.62500000000000011 0.52766072109828632
decision_type=2 2 2 2 2 2
left_child=3 2 -2 -1 -5 -3
right_child=1 5 -4 4 -6 -7
leaf_value=-0.027568497846230989 0.00049238493185908437 0.02725604642040334 0.018563777099357113 -0.016181652135280462 0.0094285678693726803 0.012962242874505675
leaf_weight=107.79307591449469 103.84920417517424 74.286099515855312 17.856668021529913 10.37050503306091 7.3534138333052388 41.610595598816872
leaf_count=8217 710 838 112 274 104 420
internal_value=0.000337931 0.014295 0.00435199 -0.0251879 -0.00598799 0.0235613
internal_weight=363.12 237.603 121.706 125.517 17.7239 115.897
internal_count=10675 2080 822 8595 378 1258
is_linear=0
shrinkage=0.03


Tree=85
num_leaves=7
num_cat=0
split_feature=0 0 3 2 0 0
split_gain=146.449 21.4501 29.0469 14.2451 7.54951 6.75786
threshold=-0.1220053855135967 -1.3631648224630892 0.82472874905177462 0.51500000000000012 0.13617733609905147 1.1514777975840453
decision_type=2 2 2 2 2 2
left_child=1 -1 -3 4 -2 -5
right_child=3 2 -4 5 -6 -7
leaf_value=-0.0274880157047784 0.005702388594463613 0.023845048715351386 -0.015866389982248423 -0.005909263393760889 0.02500227999494891 0.013938620514459446
leaf_weight=104.93784940987825 29.427732944488525 13.963015276938675 44.904036320745945 29.734562076628208 119.69175949692726 15.527219861745833
leaf_count=8217 123 121 662 166 1242 144
internal_value=0.000351157 -0.0199024 -0.00435229 0.0175575 0.0217913 0.0021898
internal_weight=358.186 163.805 58.8671 194.381 149.119 45.2618
internal_count=10675 9000 783 1675 1365 310
is_linear=0
shrinkage=0.03


Tree=86
num_leaves=6
num_cat=0
split_feature=0 0 1 0 2
split_gain=141.484 23.416 7.7807 4.97173 6.24271
threshold=-0.83251840204438377 1.1514777975840453 0.31174649874510568 -1.3631648224630892 0.62500000000000011
decision_type=2 2 2 2 2
left_child=3 2 -2 -1 -5
right_child=1 -3 -4 4 -6
leaf_value=-0.027406455847978812 0.0024826728698580185 0.025443909129706888 0.020092873266979925 -0.015965613489832452 0.0091009238502092714
leaf_weight=102.16429412830621 128.15101230144501 86.355619296431541 18.484653864055872 10.113912636414172 7.4586015902459613
leaf_count=8217 947 1006 127 274 104
internal_value=0.000360376 0.0138564 0.00584364 -0.0249449 -0.00588418
internal_weight=352.728 232.991 146.636 119.737 17.5725
internal_count=10675 2080 1074 8595 378
is_linear=0
shrinkage=0.03


Tree=87
num_leaves=6
num_cat=0
split_feature=0 0 1 4 0
split_gain=136.429 19.81 10.582 6.98731 3.90775
threshold=-0.54342246544523498 1.1514777975840453 0.6755488192584117 -0.60355339059327384 -1.1289381761802568
decision_type=2 2 2 2 2
left_child=2 3 4 -2 -1
right_child=1 -3 -4 -5 -6
leaf_value=-0.026977123473367139 -0.0022649248043419765 0.025226494786333951 0.012287199901713983 0.011300193399535315 -0.0080795375449784108
leaf_weight=104.48938370682299 48.546230256557465 84.599691338837147 1.6701108133420337 86.109180249273777 22.701881157234311
leaf_count=8373 310 1006 14 602 370
internal_value=0.000364269 0.0145683 -0.0231124 0.00659118 -0.0244389
internal_weight=348.116 219.255 128.861 134.655 127.191
internal_count=10675 1918 8757 912 8743
is_linear=0
shrinkage=0.03


Tree=88
num_leaves=6
num_cat=0
split_feature=0 0 7 1 5
split_gain=131.385 22.5559 7.78706 5.46197 1.89972
threshold=-0.83251840204438377 1.1514777975840453 0.48126256173783155 0.55725034907355231 -0.91597561503675329
decision_type=2 2 2 2 2
left_child=3 2 -2 4 -1
right_child=1 -3 -4 -5 -6
leaf_value=-0.004364674046264695 0.0088446682551020662 0.02500989695944604 -0.0069316617398577016 0.0063331398532267547 -0.026641698606703929
leaf_weight=8.0496278693899495 118.30322596803308 82.885011844336987 28.023485522717237 1.349968566559254 104.7760441545397
leaf_count=348 821 1006 253 24 8223
internal_value=0.000366594 0.0133534 0.00557316 -0.0246806 -0.0255371
internal_weight=343.387 229.212 146.327 114.176 112.826
internal_count=10675 2080 1074 8595 8571
is_linear=0
shrinkage=0.03


Tree=89
num_leaves=6
num_cat=0
split_feature=0 0 1 1 5
split_gain=126.436 22.187 7.70856 5.41635 1.89376
threshold=-0.83251840204438377 1.1514777975840453 0.31174649874510568 0.55725034907355231 -0.91597561503675329
decision_type=2 2 2 2 2
left_child=3 2 -2 4 -1
right_child=1 -3 -4 -5 -6
leaf_value=-0.0043137752343892933 0.0020981185517573529 0.024794044859531118 0.019599703098741841 0.0063071252117781933 -0.026534633088306881
leaf_weight=8.0187287516891939 127.67940566688776 81.210850395262241 18.40982424467802 1.3560261819511641 102.1233084872365
leaf_count=348 947 1006 127 24 8223
internal_value=0.000361017 0.0130939 0.005418 -0.0245375 -0.0254106
internal_weight=338.798 227.3 146.089 111.498 110.142
internal_count=10675 2080 1074 8595 8571
is_linear=0
shrinkage=0.03


Tree=90
num_leaves=7
num_cat=0
split_feature=0 0 3 2 0 7
split_gain=122.132 26.5665 29.0205 13.4744 5.60835 1.87331
threshold=1.0000000180025095e-35 -1.3631648224630892 0.8607964746902651 0.51500000000000012 1.1514777975840453 0.46611290379786346
decision_type=2 2 2 2 2 2
left_child=1 -1 -3 5 -5 -2
right_child=3 2 -4 4 -6 -7
leaf_value=-0.027078820700654833 0.023670896909721517 0.018533685492838934 -0.01545077951228894 -0.0064165046888704372 0.01256892330676153 0.004135697207029102
leaf_weight=92.113099557347596 117.34118113666773 25.866882156580687 51.834352152422071 23.600100994110107 14.245390497148035 9.4983480423688871
leaf_count=8217 1248 227 637 141 144 61
internal_value=0.000372473 -0.0169939 -0.00331402 0.0182275 0.00186315 0.0226171
internal_weight=334.499 169.814 77.7012 164.685 37.8455 126.84
internal_count=10675 9081 864 1594 285 1309
is_linear=0
shrinkage=0.03


Tree=91
num_leaves=6
num_cat=0
split_feature=0 0 1 1 5
split_gain=117.767 21.3422 7.58444 5.31578 1.90462
threshold=-0.83251840204438377 1.1514777975840453 0.31174649874510568 0.55725034907355231 -0.91597561503675329
decision_type=2 2 2 2 2
left_child=3 2 -2 4 -1
right_child=1 -3 -4 -5 -6
leaf_value=-0.0041635624827946567 0.0018922343870009565 0.024392193622408468 0.019268141858125469 0.0062329063576017823 -0.026337803528161025
leaf_weight=7.9101994149386874 126.87111613154411 78.159580878913403 18.289724882692099 1.3711899109184731 97.212978600524366
leaf_count=348 947 1006 127 24 8223
internal_value=0.000373848 0.0126628 0.00518225 -0.0242711 -0.0251759
internal_weight=329.815 223.32 145.161 106.494 105.123
internal_count=10675 2080 1074 8595 8571
is_linear=0
shrinkage=0.03


Tree=92
num_leaves=7
num_cat=0
split_feature=0 0 3 2 1 5
split_gain=113.635 23.8368 25.5757 13.1728 2.2413 0.947432
threshold=-1.0670206998878491 1.0000000180025095e-35 0.8607964746902651 0.51500000000000012 0.44812307345195851 -0.91597561503675329
decision_type=2 2 2 2 2 2
left_child=4 2 -2 -3 5 -1
right_child=1 3 -4 -5 -6 -7
leaf_value=-0.003142260989006709 0.018987346362140996 0.022173463746979514 -0.014310711542897465 0.0015920904416801556 0.0020302088381469459 -0.026997714620792493
leaf_weight=4.3982260935008517 22.47701432928443 123.39168103784323 47.97819522768259 37.48028077185154 1.1672598607838143 88.841472148895264
leaf_count=284 159 1309 489 285 46 8103
internal_value=0.000384908 0.0116866 -0.00264814 0.0177522 -0.0257748 -0.0262858
internal_weight=325.734 231.327 70.4552 160.872 94.407 93.2397
internal_count=10675 2242 648 1594 8433 8387
is_linear=0
shrinkage=0.03


Tree=93
num_leaves=7
num_cat=0
split_feature=0 0 3 1 1 5
split_gain=109.638 23.2617 14.2815 6.53855 2.22573 0.943478
threshold=-1.0670206998878491 0.47057795059446794 0.82472874905177462 -0.55403973743069568 0.44812307345195851 -0.91597561503675329
decision_type=2 2 2 2 2 2
left_child=4 2 -2 -3 5 -1
right_child=1 3 -4 -5 -6 -7
leaf_value=-0.0031163530154319618 0.021571039172182019 0.0024875298753389034 -0.0029143344778039411 0.023735714736771628 0.0020234583987086643 -0.02690808438999211
leaf_weight=4.3850820809602729 16.576101303100586 17.818400397896767 102.42865375056863 92.373112261295319 1.1693491078913201 86.531502550467849
leaf_count=284 97 187 803 1155 46 8103
internal_value=0.000377356 0.0114748 0.00190396 0.0207926 -0.0256618 -0.0261831
internal_weight=321.282 229.196 119.005 110.192 92.0859 90.9166
internal_count=10675 2242 900 1342 8433 8387
is_linear=0
shrinkage=0.03


Tree=94
num_leaves=6
num_cat=0
split_feature=0 0 0 3 1
split_gain=106.079 15.92 12.2389 23.5787 8.22646
threshold=-0.37144856803439602 1.4395855533840509 -1.3631648224630892 0.78243335019785254 -0.55403973743069568
decision_type=2 2 2 2 2
left_child=2 4 -1 -4 -2
right_child=1 -3 3 -5 -6
leaf_value=-0.026733712332676695 -0.0077570397375868391 0.025029086797318537 0.025749140499652441 -0.016602009386606043 0.01003394228725323
leaf_weight=83.136077112518251 21.107151202857494 64.214263007044792 7.0327940210700026 29.884369891136885 111.91136629134417
leaf_count=8217 141 880 51 597 789
internal_value=0.000385026 0.0137018 -0.0208642 -0.00476544 0.00686591
internal_weight=317.286 197.233 120.053 36.9172 133.019
internal_count=10675 1810 8865 648 930
is_linear=0
shrinkage=0.03


Tree=95
num_leaves=6
num_cat=0
split_feature=0 0 1 1 5
split_gain=102.178 22.2045 8.45394 2.20943 0.990549
threshold=-1.0670206998878491 1.1514777975840453 0.31174649874510568 0.44812307345195851 -0.91597561503675329
decision_type=2 2 2 2 2
left_child=3 2 -2 4 -1
right_child=1 -3 -4 -5 -6
leaf_value=-0.0029354258321007561 0.00075667112361237489 0.023639653857037906 0.018667740116315237 0.0020491593549851832 -0.026729809926658389
leaf_weight=4.2910150699317446 133.77090939879417 72.740411013364792 19.079283062368631 1.1595419626682986 82.174304932355881
leaf_count=284 1098 1006 138 46 8103
internal_value=0.000385818 0.0110683 0.00400142 -0.0254329 -0.0259757
internal_weight=313.215 225.591 152.85 87.6249 86.4653
internal_count=10675 2242 1236 8433 8387
is_linear=0
shrinkage=0.03


Tree=96
num_leaves=7
num_cat=0
split_feature=0 0 3 6 1 5
split_gain=98.6309 21.733 11.2303 3.39823 2.19347 0.985284
threshold=-1.0670206998878491 0.61793479777718074 0.82472874905177462 0.52766072109828632 0.44812307345195851 -0.91597561503675329
decision_type=2 2 2 2 2 2
left_child=4 2 -2 -3 5 -1
right_child=1 3 -4 -5 -6 -7
leaf_value=-0.0029114620033806101 0.019837060623480916 0.025446589881411217 -0.0016408584471309306 0.0093856469200041849 0.0020423836843210482 -0.026636612906295942
leaf_weight=4.2790342094376674 16.881242997944355 60.211099848151207 111.97094372659922 35.074188947677612 1.1616312079131592 80.054987957701087
leaf_count=284 98 838 886 420 46 8103
internal_value=0.000391871 0.0108602 0.00239901 0.0209876 -0.0253157 -0.0258691
internal_weight=309.633 224.137 128.852 95.2853 85.4957 84.334
internal_count=10675 2242 984 1258 8433 8387
is_linear=0
shrinkage=0.03


Tree=97
num_leaves=6
num_cat=0
split_feature=0 0 1 1 0
split_gain=95.4773 16.8669 9.57398 5.82538 3.37711
threshold=-0.54342246544523498 1.4395855533840509 0.6755488192584117 -0.1196130808109646 -1.3631648224630892
decision_type=2 2 2 2 2
left_child=2 3 4 -2 -1
right_child=1 -3 -4 -5 -6
leaf_value=-0.026458828659389096 -0.00095347743700913146 0.024486866388750517 0.011667550343698662 0.010875243025886704 -0.0088268390634991725
leaf_weight=76.952683620154858 62.811042658984661 60.579288803040981 1.7573704542592157 77.709877241402864 26.297982215881348
leaf_count=8214 455 880 14 583 529
internal_value=0.000407535 0.0123766 -0.0215975 0.00587588 -0.0231439
internal_weight=306.108 201.1 105.008 140.521 103.251
internal_count=10675 1918 8757 1038 8743
is_linear=0
shrinkage=0.03


Tree=98
num_leaves=7
num_cat=0
split_feature=0 0 3 2 0 7
split_gain=91.9862 23.0493 26.175 13.1009 4.87313 2.17201
threshold=1.0000000180025095e-35 -1.3631648224630892 0.8607964746902651 0.51500000000000012 1.1514777975840453 0.47369649395226454
decision_type=2 2 2 2 2 2
left_child=1 -1 -3 5 -5 -2
right_child=3 2 -4 4 -6 -7
leaf_value=-0.026365592457658481 0.022234284411274102 0.017347031436730328 -0.014966254156965817 -0.0069618585316743491 0.011025934297336162 0.0029627755465483773
leaf_weight=75.02642102073878 105.61832264065742 26.195470815524459 50.521597350016236 23.29121969640255 12.878461115062235 9.0243346244096738
leaf_count=8217 1249 227 637 141 144 60
internal_value=0.000409122 -0.0155782 -0.00320465 0.0164636 0.000443747 0.0210767
internal_weight=302.556 151.743 76.7171 150.812 36.1697 114.643
internal_count=10675 9081 864 1594 285 1309
is_linear=0
shrinkage=0.03


Tree=99
num_leaves=6
num_cat=0
split_feature=0 0 1 1 5
split_gain=88.9022 20.4926 8.58537 2.40534 1.0064
threshold=-1.0670206998878491 1.4395855533840509 0.31174649874510568 0.49207270430924305 -0.91597561503675329
decision_type=2 2 2 2 2
left_child=3 2 -2 4 -1
right_child=1 -3 -4 -5 -6
leaf_value=-0.0027573135409488785 0.00097885391710403639 0.02413085212288521 0.018705311156013749 0.0026842288045414056 -0.026368823769833894
leaf_weight=4.2004685383290044 140.73574499413371 58.308091036975384 20.130001101642847 0.9433168200775971 74.356756033375859
leaf_count=288 1208 880 154 32 8113
internal_value=0.000405938 0.0102956 0.00416198 -0.0249626 -0.0255602
internal_weight=298.674 219.174 160.866 79.5005 78.5572
internal_count=10675 2242 1362 8433 8401
is_linear=0
shrinkage=0.03


Tree=100
num_leaves=5
num_cat=0
split_feature=0 0 3 2
split_gain=85.943 21.8725 25.0417 12.7323
threshold=-1.3631648224630892 1.0000000180025095e-35 0.8607964746902651 0.51500000000000012
decision_type=2 2 2 2
left_child=-1 2 -2 -3
right_child=1 3 -4 -5
leaf_value=-0.026174133021121176 0.016842868405705765 0.020658819896949197 -0.01474671430402451 0.0002587717964025145
leaf_weight=71.304247750900686 26.405214346945286 111.78951154276729 50.119374971836805 35.909880794584751
leaf_count=8217 227 1309 637 285
internal_value=0.000413856 0.00962546 -0.00315974 0.0160299
internal_weight=295.528 224.224 76.5246 147.699
internal_count=10675 2458 864 1594
is_linear=0
shrinkage=0.03


Tree=101
num_leaves=5
num_cat=0
split_feature=0 0 3 2
split_gain=83.0191 21.2132 18.503 10.0621
threshold=-1.3631648224630892 0.21276369247119364 0.80707530265498117 0.51500000000000012
decision_type=2 2 2 2
left_child=-1 2 -2 -3
right_child=1 3 -4 -5
leaf_value=-0.026074943536681511 0.023247604920739198 0.022200435450948346 -0.0061600701414293874 0.0016065017191334791
leaf_weight=69.49364164378494 13.834175987169145 88.868901938199997 90.334227349609137 29.332838714122772
leaf_count=8217 97 1211 893 257
internal_value=0.000402004 0.00944245 -0.000560386 0.0176138
internal_weight=291.864 222.37 104.168 118.202
internal_count=10675 2458 990 1468
is_linear=0
shrinkage=0.03


Tree=102
num_leaves=6
num_cat=0
split_feature=0 0 1 1 6
split_gain=80.4222 15.6462 9.04362 5.68516 3.14473
threshold=-0.54342246544523498 1.4395855533840509 0.6755488192584117 0.31174649874510568 0.99966190462023474
decision_type=2 2 2 2 2
left_child=2 3 4 -2 -1
right_child=1 -3 -4 -5 -6
leaf_value=-0.023190864780503438 0.0023046677682981901 0.023653021633450875 0.011299845048898255 0.017953697535970824 0.0039956639148994322
leaf_weight=92.536357572302222 121.17259363457561 55.369061011821032 1.8079106397926796 16.361698780208826 1.173203445971011
leaf_count=8679 916 880 14 122 64
internal_value=0.000408618 0.0114428 -0.0208481 0.00525708 -0.022498
internal_weight=288.421 192.903 95.5175 137.534 93.7096
internal_count=10675 1918 8757 1038 8743
is_linear=0
shrinkage=0.03


Tree=103
num_leaves=4
num_cat=0
split_feature=0 0 3
split_gain=78.1179 20.0999 9.56321
threshold=-1.3631648224630892 1.4395855533840509 0.82472874905177462
decision_type=2 2 2
left_child=-1 2 -2
right_child=1 -3 -4
leaf_value=-0.02588462395644283 0.018274008974213756 0.023459101189976985 8.427012609822403e-05
leaf_weight=66.222200388088822 21.828038739040494 54.251568615436554 142.89855846203864
leaf_count=8217 160 880 1418
internal_value=0.000436353 0.00917902 0.00340252
internal_weight=285.2 218.978 164.727
internal_count=10675 2458 1578
is_linear=0
shrinkage=0.03


Tree=104
num_leaves=5
num_cat=0
split_feature=0 0 3 0
split_gain=75.5155 19.6618 9.49709 0.0586746
threshold=-1.3631648224630892 1.1514777975840453 0.80707530265498117 1.4395855533840509
decision_type=2 2 2 2
left_child=-1 2 -2 -3
right_child=1 3 -4 -5
leaf_value=-0.025781751709105773 0.019328667607828032 0.006138898728596064 -0.00029355691353076101 0.023265443693990768
leaf_weight=64.556928713805974 16.338952168822289 9.0469547659158689 139.43086167611182 53.161822266876698
leaf_count=8217 112 126 1340 880
internal_value=0.000442467 0.00899929 0.00280648 0.0219698
internal_weight=282.536 217.979 155.77 62.2088
internal_count=10675 2458 1452 1006
is_linear=0
shrinkage=0.03


Tree=105
num_leaves=5
num_cat=0
split_feature=0 0 3 2
split_gain=73.05 19.2936 22.9344 12.3546
threshold=-1.3631648224630892 1.0000000180025095e-35 0.8607964746902651 0.51500000000000012
decision_type=2 2 2 2
left_child=-1 2 -2 -3
right_child=1 3 -4 -5
leaf_value=-0.025677600065521805 0.015868120322864044 0.019802635375892812 -0.014350526025778828 -0.0003887768541851025
leaf_weight=62.939243156462908 26.7671252861619 105.66275223344564 49.321840146556497 35.191386051476002
leaf_count=8217 227 1309 637 285
internal_value=0.000455629 0.00883474 -0.0031116 0.0150666
internal_weight=279.882 216.943 76.089 140.854
internal_count=10675 2458 864 1594
is_linear=0
shrinkage=0.03


Tree=106
num_leaves=4
num_cat=0
split_feature=0 0 1
split_gain=70.5779 18.9828 8.88767
threshold=-1.3631648224630892 1.4395855533840509 0.31174649874510568
decision_type=2 2 2
left_child=-1 2 -2
right_child=1 -3 -4
leaf_value=-0.025572168829287742 -2.4249812418026012e-05 0.022939861123065307 0.017714432574345657
leaf_weight=61.367767189629376 142.97987997159362 51.359202552586794 20.910467855632305
leaf_count=8217 1395 880 183
internal_value=0.000440988 0.00866338 0.00312756
internal_weight=276.617 215.25 163.89
internal_count=10675 2458 1578
is_linear=0
shrinkage=0.03


Tree=107
num_leaves=6
num_cat=0
split_feature=0 0 0 3 1
split_gain=68.282 12.6247 9.70445 20.645 7.41552
threshold=-0.37144856803439602 1.4395855533840509 -1.3631648224630892 0.78243335019785254 -0.55403973743069568
decision_type=2 2 2 2 2
left_child=2 4 -1 -4 -2
right_child=1 -3 3 -5 -6
leaf_value=-0.025465464753439148 -0.0083278876638105161 0.022746734721227683 0.02330561386742817 -0.016173108087068042 0.0085808715910017964
leaf_weight=59.841151686385274 20.675219550728798 50.341737370938063 7.4936332777142516 28.59933315962553 107.10680205747485
leaf_count=8217 141 880 51 597 789
internal_value=0.000446696 0.0112798 -0.0188335 -0.00469858 0.00543916
internal_weight=274.058 178.124 95.9341 36.093 127.782
internal_count=10675 1810 8865 648 930
is_linear=0
shrinkage=0.03


Tree=108
num_leaves=5
num_cat=0
split_feature=0 0 3 6
split_gain=65.9917 18.1043 11.8988 4.67391
threshold=-1.3631648224630892 0.61793479777718074 0.80707530265498117 0.52766072109828632
decision_type=2 2 2 2
left_child=-1 2 -2 -3
right_child=1 3 -4 -5
leaf_value=-0.025357492975241352 0.01985579780758516 0.023859353169551949 -0.0026579353054924371 0.0064248705592524257
leaf_weight=58.358089820016176 15.386272063478826 49.94399993121624 116.85088207479566 30.535185225307941
leaf_count=8217 104 838 1096 420
internal_value=0.000441776 0.00834048 0.00117342 0.0186856
internal_weight=271.074 212.716 132.237 80.4792
internal_count=10675 2458 1200 1258
is_linear=0
shrinkage=0.03


Tree=109
num_leaves=4
num_cat=0
split_feature=0 0 1
split_gain=63.8773 17.7409 8.56231
threshold=-1.3631648224630892 1.4395855533840509 0.31174649874510568
decision_type=2 2 2
left_child=-1 2 -2
right_child=1 -3 -4
leaf_value=-0.025248255583958389 -0.0001761808789578934 0.022400161838925525 0.017260066796609599
leaf_weight=56.917320534586906 142.24375174287707 48.561758935451508 20.791504824534059
leaf_count=8217 1395 880 183
internal_value=0.00045559 0.00819701 0.00291641
internal_weight=268.514 211.597 163.035
internal_count=10675 2458 1578
is_linear=0
shrinkage=0.03


Tree=110
num_leaves=5
num_cat=0
split_feature=0 0 3 0
split_gain=61.7866 17.2933 8.43659 0.109992
threshold=-1.3631648224630892 1.1514777975840453 0.80707530265498117 1.4395855533840509
decision_type=2 2 2 2
left_child=-1 2 -2 -3
right_child=1 3 -4 -5
leaf_value=-0.025137762057030069 0.017831258861680053 0.0056206910517925205 -0.00057807482861760436 0.022207572677222162
leaf_weight=55.517606241162866 16.628660801798105 8.7127345949411374 137.67993817850947 47.614505764096975
leaf_count=8217 112 126 1340 880
internal_value=0.000460408 0.00804089 0.00237025 0.0208761
internal_weight=266.153 210.636 154.309 56.3272
internal_count=10675 2458 1452 1006
is_linear=0
shrinkage=0.03


Tree=111
num_leaves=6
num_cat=0
split_feature=0 0 1 4 6
split_gain=60.028 12.6792 8.14185 5.5541 3.16253
threshold=-0.54342246544523498 1.4395855533840509 0.6755488192584117 -0.60355339059327384 0.9998375947443896
decision_type=2 2 2 2 2
left_child=2 3 4 -2 -1
right_child=1 -3 -4 -5 -6
leaf_value=-0.022128551624187733 -0.0030908984325567742 0.022015190200025906 0.010676131788427707 0.0088276798385538702 0.0045692286904395717
leaf_weight=78.873938655946404 48.895503461360931 46.691071450710297 1.8890234045684327 86.604746632277966 0.94160125963389774
leaf_count=8703 352 880 14 686 40
internal_value=0.000471319 0.00998391 -0.0195162 0.00461 -0.0213399
internal_weight=263.896 182.191 81.7046 135.5 79.8155
internal_count=10675 1918 8757 1038 8743
is_linear=0
shrinkage=0.03


Tree=112
num_leaves=5
num_cat=0
split_feature=0 0 3 2
split_gain=58.1604 16.4643 21.3385 12.2166
threshold=-1.3631648224630892 1.0000000180025095e-35 0.8607964746902651 0.51500000000000012
decision_type=2 2 2 2
left_child=-1 2 -2 -3
right_child=1 3 -4 -5
leaf_value=-0.024926883918290375 0.015062229843789887 0.018736200734554061 -0.014105216806349265 -0.0014615610319149927
leaf_weight=52.99555899342522 26.99202393181622 98.635022856295109 48.609658378176391 34.017504561692476
leaf_count=8217 227 1309 637 285
internal_value=0.000483948 0.0077962 -0.00314853 0.0138173
internal_weight=261.25 208.254 75.6017 132.653
internal_count=10675 2458 864 1594
is_linear=0
shrinkage=0.03


Tree=113
num_leaves=4
num_cat=0
split_feature=0 0 1
split_gain=56.21 16.1564 8.28085
threshold=-1.3631648224630892 1.4395855533840509 0.31174649874510568
decision_type=2 2 2
left_child=-1 2 -2
right_child=1 -3 -4
leaf_value=-0.024812826115390336 -0.0003681606008928913 0.021693856070684019 0.016823905983407883
leaf_weight=51.707445666659623 140.97431416157633 45.175544127821922 20.601585134863853
leaf_count=8217 1395 880 183
internal_value=0.000465954 0.00764113 0.00267669
internal_weight=258.459 206.751 161.576
internal_count=10675 2458 1578
is_linear=0
shrinkage=0.03


Tree=114
num_leaves=5
num_cat=0
split_feature=0 0 3 1
split_gain=54.3871 15.7415 13.0427 7.15264
threshold=-1.3631648224630892 0.47057795059446794 0.80707530265498117 -0.55403973743069568
decision_type=2 2 2 2
left_child=-1 2 -2 -3
right_child=1 3 -4 -5
leaf_value=-0.024697556112097986 0.019830809632528316 -0.0014146619656891747 -0.0039023441616762525 0.020346547016040085
leaf_weight=50.455923465080559 15.375331461429594 14.919399961829184 106.67058636061847 68.912500709295273
leaf_count=8217 103 187 1013 1155
internal_value=0.000469919 0.00749623 0.000362939 0.0167357
internal_weight=256.334 205.878 122.046 83.8319
internal_count=10675 2458 1116 1342
is_linear=0
shrinkage=0.03


Tree=115
num_leaves=4
num_cat=0
split_feature=0 0 1
split_gain=52.6326 15.4723 7.93602
threshold=-1.3631648224630892 1.4395855533840509 0.31174649874510568
decision_type=2 2 2
left_child=-1 2 -2
right_child=1 -3 -4
leaf_value=-0.024581084347186859 -0.00043485601142116372 0.021350607982959298 0.016417043570521064
leaf_weight=49.239931356627494 140.58651036024094 43.638116642832756 20.504304420202971
leaf_count=8217 1395 880 183
internal_value=0.000471009 0.00736051 0.0025443
internal_weight=253.969 204.729 161.091
internal_count=10675 2458 1578
is_linear=0
shrinkage=0.03


Tree=116
num_leaves=7
num_cat=0
split_feature=0 0 2 0 1 1
split_gain=50.9588 10.3502 9.00254 9.49477 6.86622 0.689897
threshold=-0.37144856803439602 1.4395855533840509 0.6150000000000001 -1.9378282679116203 -0.55403973743069568 0.44812307345195851
decision_type=2 2 2 2 2 2
left_child=2 4 5 -4 -2 -1
right_child=1 -3 3 -5 -6 -7
leaf_value=-0.02391874402679944 -0.0084393768874459364 0.021159075328518861 -0.016247577287557241 0.010831069165878074 0.0078350041758803411 -0.00067252542934578222
leaf_weight=54.855773278512061 20.535274524241686 42.815147519111633 11.662981310393663 15.437813390977679 104.87837193161249 1.7688412740826596
leaf_count=6553 141 880 1989 280 789 43
internal_value=0.000474349 0.00987435 -0.0174514 -0.00206066 0.00474379 -0.0234025
internal_weight=251.954 168.229 83.7254 27.1008 125.414 56.6246
internal_count=10675 1810 8865 2269 930 6596
is_linear=0
shrinkage=0.03


Tree=117
num_leaves=5
num_cat=0
split_feature=0 0 3 5
split_gain=49.4321 14.6656 7.66592 0.0282366
threshold=-1.3631648224630892 1.4395855533840509 0.82472874905177462 -0.91597561503675329
decision_type=2 2 2 2
left_child=3 2 -2 -1
right_child=1 -3 -4 -5
leaf_value=-0.0017904817948491193 0.015598816521003903 0.020967787384165316 -0.00059036268116021871 -0.024723275598796786
leaf_weight=1.6851175129413594 22.32551346719265 42.012981198728085 138.26830081734806 45.36890797317028
leaf_count=236 160 880 1418 7981
internal_value=0.000452444 0.00708964 0.00244269 -0.0243598
internal_weight=249.661 202.607 160.594 47.054
internal_count=10675 2458 1578 8217
is_linear=0
shrinkage=0.03


Tree=118
num_leaves=6
num_cat=0
split_feature=0 0 3 2 5
split_gain=47.8581 14.5388 19.5174 11.8946 0.0256086
threshold=-1.3631648224630892 1.0000000180025095e-35 0.8607964746902651 0.51500000000000012 -0.91597561503675329
decision_type=2 2 2 2 2
left_child=4 2 -2 -3 -1
right_child=1 3 -4 -5 -6
leaf_value=-0.001783195774968047 0.014040895028328832 0.017852161069156599 -0.013831406173150804 -0.0021859236927352465 -0.024609836293060156
leaf_weight=1.6821465753018845 27.394661201164126 93.315432518720627 47.974703882820904 33.221210177987814 44.273365084081888
leaf_count=236 227 1309 637 285 7981
internal_value=0.000452251 0.00695171 -0.00324258 0.0128165 -0.0242423
internal_weight=247.862 201.906 75.3694 126.537 45.9555
internal_count=10675 2458 864 1594 8217
is_linear=0
shrinkage=0.03


Tree=119
num_leaves=6
num_cat=0
split_feature=0 0 1 4 6
split_gain=46.3115 10.7614 7.36251 5.2483 2.96401
threshold=-0.54342246544523498 1.4395855533840509 0.6755488192584117 -0.60355339059327384 0.9998375947443896
decision_type=2 2 2 2 2
left_child=2 3 4 -2 -1
right_child=1 -3 -4 -5 -6
leaf_value=-0.021150446022420156 -0.0035086461377050494 0.020650268634612709 0.010121714617452548 0.0081249784479895393 0.0045285200045923459
leaf_weight=69.120052240788937 48.04465226829052 40.704951025545597 1.9564673583954562 84.685928247869015 0.91935245739295979
leaf_count=8703 352 880 14 686 40
internal_value=0.000429774 0.00879183 -0.0183297 0.00396315 -0.0202897
internal_weight=245.431 173.436 71.9959 132.731 70.0394
internal_count=10675 1918 8757 1038 8743
is_linear=0
shrinkage=0.03


Tree=120
num_leaves=5
num_cat=0
split_feature=0 0 1 5
split_gain=45.0606 13.6856 7.6583 0.047863
threshold=-1.3631648224630892 1.4395855533840509 0.31174649874510568 -0.91597561503675329
decision_type=2 2 2 2
left_child=3 2 -2 -1
right_child=1 -3 -4 -5
leaf_value=-0.0016928004273304156 -0.00065130160416421677 0.020459625808079467 0.015959532332778973 -0.024396197634574325
leaf_weight=1.6453997525386501 139.04028881527483 39.956259239464998 20.266812155023217 42.319684925954789
leaf_count=236 1395 880 183 7981
internal_value=0.000442074 0.00672865 0.00227973 -0.0240177
internal_weight=243.228 199.263 159.307 43.9651
internal_count=10675 2458 1578 8217
is_linear=0
shrinkage=0.03


Tree=121
num_leaves=6
num_cat=0
split_feature=0 0 3 6 5
split_gain=43.6455 13.3177 7.37262 0.92707 0.0449862
threshold=-1.3631648224630892 1.1514777975840453 0.80707530265498117 0.52766072109828632 -0.91597561503675329
decision_type=2 2 2 2 2
left_child=4 2 -2 -3 -1
right_child=1 3 -4 -5 -6
leaf_value=-0.0016860282993186588 0.016172829851027189 0.02227447407291936 -0.00099723752558144056 0.0067827103231949083 -0.02427967799758738
leaf_weight=1.6426560417748977 16.814083162695169 30.618763871490955 134.23190156463534 16.860826179385185 41.310360833536834
leaf_count=236 112 696 1340 310 7981
internal_value=0.000442774 0.00660244 0.00179965 0.0189102 -0.0238972
internal_weight=241.479 198.526 151.046 47.4796 42.953
internal_count=10675 2458 1452 1006 8217
is_linear=0
shrinkage=0.03


Tree=122
num_leaves=6
num_cat=0
split_feature=0 0 3 2 5
split_gain=42.311 13.0801 18.556 11.567 0.0420951
threshold=-1.3631648224630892 1.0000000180025095e-35 0.8607964746902651 0.51500000000000012 -0.91597561503675329
decision_type=2 2 2 2 2
left_child=4 2 -2 -3 -1
right_child=1 3 -4 -5 -6
leaf_value=-0.0016792913217931098 0.013634585290679272 0.01725467639085838 -0.013568717930226801 -0.0025706461233536899 -0.024162116105516589
leaf_weight=1.6399278114549805 27.494185613468289 90.110603235661983 47.45460872258991 32.815124552696943 40.329514289740473
leaf_count=236 227 1309 637 285 7981
internal_value=0.000453609 0.00648923 -0.00315917 0.012167 -0.0237758
internal_weight=239.844 197.875 74.9488 122.926 41.9694
internal_count=10675 2458 864 1594 8217
is_linear=0
shrinkage=0.03


Tree=123
num_leaves=5
num_cat=0
split_feature=0 0 1 5
split_gain=40.9346 12.9068 7.4199 0.039192
threshold=-1.3631648224630892 1.4395855533840509 0.31174649874510568 -0.91597561503675329
decision_type=2 2 2 2
left_child=3 2 -2 -1
right_child=1 -3 -4 -5
leaf_value=-0.0016725893765019506 -0.00080048583993657979 0.019985746940049915 0.015575129779876715 -0.024043540022292746
leaf_weight=1.6372149237431575 138.30567329749465 38.145882658660412 20.148801518604159 39.376301940064877
leaf_count=236 1395 880 183 7981
internal_value=0.000429867 0.00635568 0.00208279 -0.0236534
internal_weight=237.614 196.6 158.454 41.0135
internal_count=10675 2458 1578 8217
is_linear=0
shrinkage=0.03


Tree=124
num_leaves=6
num_cat=0
split_feature=0 0 1 5 6
split_gain=39.6617 12.5496 7.12304 0.0362791 0.0160999
threshold=-1.3631648224630892 1.4395855533840509 0.31174649874510568 -0.91597561503675329 0.52766072109828632
decision_type=2 2 2 2 2
left_child=3 2 -2 -1 -3
right_child=1 4 -4 -5 -6
leaf_value=-0.0016659219419764444 -0.00077804940548652126 0.022378767520111528 0.015269872196263376 -0.023923966439269959 0.0069639289808218381
leaf_weight=1.6345172175206233 138.31339370831847 24.992519281804562 20.135163467377424 38.449913716875017 12.46954872086644
leaf_count=236 1395 624 183 7981 256
internal_value=0.00043023 0.00623732 0.00204671 -0.0235302 0.0197961
internal_weight=235.995 195.911 158.449 40.0844 37.4621
internal_count=10675 2458 1578 8217 880
is_linear=0
shrinkage=0.03


Tree=125
num_leaves=7
num_cat=0
split_feature=0 2 6 1 0 0
split_gain=38.5589 8.85127 8.60162 10.1466 9.21936 7.5551
threshold=-0.37144856803439602 0.6150000000000001 0.52766072109828632 0.22012192536349531 0.13617733609905147 -1.9378282679116203
decision_type=2 2 2 2 2 2
left_child=1 -1 4 -4 -2 -3
right_child=2 5 3 -5 -6 -7
leaf_value=-0.022513095147759142 0.0011877233358761773 -0.01475382125943755 -0.0095812116988936904 0.01246604374512216 0.019659025183927339 0.0099987991376082382
leaf_weight=49.11955740256235 38.197617128491402 9.5845365463756043 35.969619493931532 21.792962655425072 64.170771643519402 15.667380047030745
leaf_count=6596 201 1989 350 241 1018 280
internal_value=0.000441674 -0.0161579 0.0086478 -0.000650982 0.0134857 -0.000916369
internal_weight=234.502 74.3715 160.131 57.7626 102.368 25.2519
internal_count=10675 8865 1810 591 1219 2269
is_linear=0
shrinkage=0.03


Tree=126
num_leaves=5
num_cat=0
split_feature=0 0 3 5
split_gain=37.4019 12.1069 6.93784 0.0451906
threshold=-1.3631648224630892 1.4395855533840509 0.82472874905177462 -0.91597561503675329
decision_type=2 2 2 2
left_child=3 2 -2 -1
right_child=1 -3 -4 -5
leaf_value=-0.0016125461067246314 0.014381533621018508 0.019517274837776991 -0.00098822087045962966 -0.023699515541835234
leaf_weight=1.6129537052474905 22.545172639191151 36.461298894137144 135.07778221275657 36.799117915797979
leaf_count=236 160 880 1418 7981
internal_value=0.00042737 0.00603417 0.00193697 -0.0232967
internal_weight=232.496 194.084 157.623 38.4121
internal_count=10675 2458 1578 8217
is_linear=0
shrinkage=0.03


Tree=127
num_leaves=7
num_cat=0
split_feature=0 0 1 6 6 6
split_gain=36.2469 8.98959 6.64824 5.04083 2.78739 0.0780533
threshold=-0.54342246544523498 1.4395855533840509 0.6755488192584117 0.52766072109828632 0.9998375947443896 0.52766072109828632
decision_type=2 2 2 2 2 2
left_child=2 3 4 -2 -1 -3
right_child=1 5 -4 -5 -6 -7
leaf_value=-0.0201811293818225 0.0077323686630280577 0.021957490841443484 0.009615585443716981 -0.0036320600217558548 0.0045092198456477038 0.0066406532415989091
leaf_weight=61.385678509250283 81.630076635628939 23.620184607803822 2.0126391919329754 49.329695008695126 0.89880675356835027 12.199998266994951
leaf_count=8703 674 624 14 364 40 256
internal_value=0.000425905 0.00779877 -0.0171741 0.00349765 -0.0192503 0.0193285
internal_weight=231.077 166.78 64.2971 130.96 62.2845 35.8202
internal_count=10675 1918 8757 1038 8743 880
is_linear=0
shrinkage=0.03


Tree=128
num_leaves=6
num_cat=0
split_feature=0 0 1 6 5
split_gain=35.3362 11.4283 6.90274 0.0867958 0.0644256
threshold=-1.3631648224630892 1.4395855533840509 0.31174649874510568 0.52766072109828632 -0.91597561503675329
decision_type=2 2 2 2 2
left_child=4 2 -2 -3 -1
right_child=1 3 -4 -5 -6
leaf_value=-0.0015292821426280453 -0.00087878205105865127 0.021805949136177772 0.014954084842370001 0.0065527279203156834 -0.023472585993871316
leaf_weight=1.5794754899106909 137.23925300501287 23.14746255800128 19.996330033987761 12.128063946962355 35.237817069049925
leaf_count=236 1395 624 183 256 7981
internal_value=0.000448884 0.00586135 0.00190854 0.0191673 -0.0230589
internal_weight=229.328 192.511 157.236 35.2755 36.8173
internal_count=10675 2458 1578 880 8217
is_linear=0
shrinkage=0.03


Tree=129
num_leaves=6
num_cat=0
split_feature=0 0 3 1 5
split_gain=34.2811 11.2454 12.5815 8.16636 0.0612047
threshold=-1.3631648224630892 0.39063356452765846 0.80707530265498117 -0.55403973743069568 -0.91597561503675329
decision_type=2 2 2 2 2
left_child=4 2 -2 -3 -1
right_child=1 3 -4 -5 -6
leaf_value=-0.0015233421905184743 0.018642496174285501 -0.004244956153304196 -0.0048375783022251958 0.017953633871175614 -0.023348674911771387
leaf_weight=1.5770946093834926 15.337467342615126 14.521382257342337 98.534411683678627 63.581295188516378 34.427416835445911
leaf_count=236 101 192 973 1192 7981
internal_value=0.000459335 0.00576444 -0.000425359 0.013813 -0.0229316
internal_weight=227.979 191.975 113.872 78.1027 36.0045
internal_count=10675 2458 1074 1384 8217
is_linear=0
shrinkage=0.03


Tree=130
num_leaves=6
num_cat=0
split_feature=0 0 1 6 5
split_gain=33.2254 10.9641 6.61464 0.162956 0.0579864
threshold=-1.3631648224630892 1.4395855533840509 0.31174649874510568 0.52766072109828632 -0.91597561503675329
decision_type=2 2 2 2 2
left_child=4 2 -2 -3 -1
right_child=1 3 -4 -5 -6
leaf_value=-0.0015174316916362466 -0.00091433786532468678 0.021553775577116924 0.0146054820355551 0.0062751409815720877 -0.02322392017994596
leaf_weight=1.5747265331447113 136.86213611159474 22.380593180656433 19.903447298333049 11.901241615414618 33.6396270589903
leaf_count=236 1395 624 183 256 7981
internal_value=0.000451969 0.00565951 0.00181376 0.0188646 -0.0228035
internal_weight=226.262 191.047 156.766 34.2818 35.2144
internal_count=10675 2458 1578 880 8217
is_linear=0
shrinkage=0.03


Tree=131
num_leaves=6
num_cat=0
split_feature=0 0 3 2 5
split_gain=32.2397 10.775 17.1689 10.9103 0.0547729
threshold=-1.3631648224630892 1.0000000180025095e-35 0.8607964746902651 0.51500000000000012 -0.91597561503675329
decision_type=2 2 2 2 2
left_child=4 2 -2 -3 -1
right_child=1 3 -4 -5 -6
leaf_value=-0.0015115505974377867 0.012950209528274673 0.016118736475487498 -0.013256526648030587 -0.0032681440978841194 -0.0230983532770472
leaf_weight=1.572371071204542 27.661517575383186 84.135820370167494 46.674028149805963 32.063820414245129 32.873780149035156
leaf_count=236 227 1309 637 285 7981
internal_value=0.000461729 0.00556662 -0.00312533 0.0109341 -0.0226748
internal_weight=224.981 190.535 74.3355 116.2 34.4462
internal_count=10675 2458 864 1594 8217
is_linear=0
shrinkage=0.03


Tree=132
num_leaves=6
num_cat=0
split_feature=0 0 3 6 5
split_gain=31.2108 10.6006 6.44141 0.198724 0.0515664
threshold=-1.3631648224630892 1.4395855533840509 0.82472874905177462 0.52766072109828632 -0.91597561503675329
decision_type=2 2 2 2 2
left_child=4 2 -2 -3 -1
right_child=1 3 -4 -5 -6
leaf_value=-0.0015056985623805358 0.013646758682917112 0.021303898258741093 -0.0011527099863353502 0.0060822590999137262 -0.022972003474133727
leaf_weight=1.5700281956233073 22.645624835044146 21.648684378713369 133.38330022525042 11.743511006236075 32.12922772904858
leaf_count=236 160 624 1418 256 7981
internal_value=0.000435414 0.00544936 0.00168782 0.0185861 -0.0225453
internal_weight=223.12 189.421 156.029 33.3922 33.6993
internal_count=10675 2458 1578 880 8217
is_linear=0
shrinkage=0.03


Tree=133
num_leaves=7
num_cat=0
split_feature=0 2 6 1 0 0
split_gain=30.5548 8.49139 8.16728 9.56388 8.0994 6.13229
threshold=-0.37144856803439602 0.6150000000000001 0.52766072109828632 0.23130978692536988 0.13617733609905147 -1.9378282679116203
decision_type=2 2 2 2 2 2
left_child=1 -1 4 -4 -2 -3
right_child=2 5 3 -5 -6 -7
leaf_value=-0.021703389622758942 0.0011590914538273276 -0.013508944386813836 -0.009596443834280155 0.012153137268824669 0.018695946025142598 0.0092458294644488861
leaf_weight=43.710929703898728 38.036600477993488 8.1297138780355471 36.64040657505393 19.914781488478184 59.680200900882483 15.869938144460319
leaf_count=6596 201 1989 361 230 1018 280
internal_value=0.000443822 -0.0150743 0.00775782 -0.00126247 0.012611 -0.000168362
internal_weight=221.983 67.7106 154.272 56.5552 97.7168 23.9997
internal_count=10675 8865 1810 591 1219 2269
is_linear=0
shrinkage=0.03


Tree=134
num_leaves=6
num_cat=0
split_feature=0 0 1 6 5
split_gain=29.4701 10.2281 6.39589 0.159563 0.0585293
threshold=-1.3631648224630892 1.4395855533840509 0.31174649874510568 0.52766072109828632 -0.91597561503675329
decision_type=2 2 2 2 2
left_child=4 2 -2 -3 -1
right_child=1 3 -4 -5 -6
leaf_value=-0.00145732340333982 -0.0010896660423176828 0.021022084953221061 0.014217573371571686 0.0060378755463277598 -0.022736131379368175
leaf_weight=1.5506827239878465 135.64643937908113 20.859835483133793 19.699522241950035 11.707010995596645 30.804857115959749
leaf_count=236 1395 624 183 256 7981
internal_value=0.000428951 0.00527177 0.00159393 0.0183195 -0.0223012
internal_weight=220.268 187.913 155.346 32.5668 32.3555
internal_count=10675 2458 1578 880 8217
is_linear=0
shrinkage=0.03


Tree=135
num_leaves=7
num_cat=0
split_feature=0 6 0 1 1 6
split_gain=28.6913 8.4368 8.58668 7.69952 6.10597 2.76917
threshold=-0.58855638125864962 0.52766072109828632 0.13617733609905147 0.31174649874510568 0.6755488192584117 0.99374995976406788
decision_type=2 2 2 2 2 2
left_child=4 2 -2 -3 5 -1
right_child=1 3 -4 -5 -6 -7
leaf_value=-0.020082972714688008 0.0010711777685575973 -0.0079080433857441675 0.01837893550707698 0.01201784716408762 0.0091291494202618388 0.0026856717145389303
leaf_weight=51.139534067129716 43.505524538457394 45.518758870661259 58.430314458906651 15.615288905799387 2.0606161574833086 2.8400485082529476
leaf_count=8467 302 445 1018 180 14 249
internal_value=0.000438697 0.00683993 0.0117477 -0.00184446 -0.0164033 -0.0186525
internal_weight=219.11 163.07 101.936 61.134 56.0402 53.9796
internal_count=10675 1945 1320 625 8730 8716
is_linear=0
shrinkage=0.03


Tree=136
num_leaves=6
num_cat=0
split_feature=0 0 3 6 5
split_gain=27.8804 9.82953 6.39386 0.118621 0.0757814
threshold=-1.3631648224630892 1.4395855533840509 0.82472874905177462 0.52766072109828632 -0.91597561503675329
decision_type=2 2 2 2 2
left_child=4 2 -2 -3 -1
right_child=1 3 -4 -5 -6
leaf_value=-0.0013785100781289368 0.013447913012554956 0.020742380144016311 -0.0013091497583961264 0.0060021077674792516 -0.022497146224878681
leaf_weight=1.5193098136223877 22.624242551624775 20.108767714351419 131.92845811881125 11.677536778151987 29.543700816342607
leaf_count=236 160 624 1418 256 7981
internal_value=0.000448813 0.00513174 0.00153703 0.0180595 -0.0220515
internal_weight=217.402 186.339 154.553 31.7863 31.063
internal_count=10675 2458 1578 880 8217
is_linear=0
shrinkage=0.03


Tree=137
num_leaves=6
num_cat=0
split_feature=0 0 3 6 5
split_gain=27.0659 9.59572 6.11139 0.125113 0.0723581
threshold=-1.3631648224630892 1.4395855533840509 0.82472874905177462 0.52766072109828632 -0.91597561503675329
decision_type=2 2 2 2 2
left_child=4 2 -2 -3 -1
right_child=1 3 -4 -5 -6
leaf_value=-0.0013733055162605202 0.01314493889185574 0.020594304269973565 -0.0012724664097361427 0.0059224456743682905 -0.022367546840424642
leaf_weight=1.517244223505261 22.680948257446289 19.72349147498608 131.94777209684253 11.615030381828545 28.891253532841802
leaf_count=236 160 624 1418 256 7981
internal_value=0.000456741 0.00504734 0.00151228 0.0179046 -0.0219191
internal_weight=216.376 185.967 154.629 31.3385 30.4085
internal_count=10675 2458 1578 880 8217
is_linear=0
shrinkage=0.03


Tree=138
num_leaves=7
num_cat=0
split_feature=0 2 6 1 0 0
split_gain=26.4318 8.21888 7.50141 8.81811 7.34268 5.4457
threshold=-0.37144856803439602 0.6150000000000001 0.52766072109828632 0.22012192536349531 0.13617733609905147 -1.9378282679116203
decision_type=2 2 2 2 2 2
left_child=1 -1 4 -4 -2 -3
right_child=2 5 3 -5 -6 -7
leaf_value=-0.021168364573599007 0.0011632389279460581 -0.012804196039122124 -0.0095447073253879158 0.01126354878198956 0.01799933238061208 0.0088896074125663343
leaf_weight=40.737468824721873 38.033454693853855 7.3966873791068819 35.624119449406862 20.73961554095149 56.892273861914873 15.952358408365397
leaf_count=6596 201 1989 350 241 1018 280
internal_value=0.000464049 -0.0143896 0.00725812 -0.00134459 0.0120075 0.000238558
internal_weight=215.376 64.0865 151.289 56.3637 94.9257 23.349
internal_count=10675 8865 1810 591 1219 2269
is_linear=0
shrinkage=0.03


Tree=139
num_leaves=6
num_cat=0
split_feature=0 0 1 6 5
split_gain=25.5772 9.26493 6.02127 0.0898821 0.0779587
threshold=-1.3631648224630892 1.4395855533840509 0.31174649874510568 0.52766072109828632 -0.91597561503675329
decision_type=2 2 2 2 2
left_child=4 2 -2 -3 -1
right_child=1 3 -4 -5 -6
leaf_value=-0.0013285844919954715 -0.0011835215430879007 0.02031730181898397 0.013713006989928419 0.0058798600081443591 -0.022126507206656116
leaf_weight=1.4995090686716164 134.47252556309104 19.024784067645673 19.513533296063542 11.580080345273016 27.732286722864956
leaf_count=236 1395 624 183 256 7981
internal_value=0.000447516 0.00488371 0.00142532 0.017648 -0.0216702
internal_weight=213.823 184.591 153.986 30.6049 29.2318
internal_count=10675 2458 1578 880 8217
is_linear=0
shrinkage=0.03


Tree=140
num_leaves=7
num_cat=0
split_feature=0 6 0 1 1 6
split_gain=24.8594 7.20554 7.95653 7.39244 5.61369 2.55441
threshold=-0.54342246544523498 0.52766072109828632 0.13617733609905147 0.31174649874510568 0.6755488192584117 0.99374995976406788
decision_type=2 2 2 2 2 2
left_child=4 2 -2 -3 5 -1
right_child=1 3 -4 -5 -6 -7
leaf_value=-0.01900506373151108 0.00079768788983375978 -0.0074983028439128286 0.017690582009479556 0.012195840698914114 0.0088761874494199811 0.0027191612855194886
leaf_weight=49.767550823511556 42.169620186090469 45.240419913083315 55.758161339908838 14.994648929685352 2.0820394661277524 2.7851414403412482
leaf_count=8494 280 442 1018 178 14 249
internal_value=0.000456279 0.00651474 0.0111641 -0.00155732 -0.0153769 -0.0176031
internal_weight=212.798 158.163 97.9278 60.2351 54.6347 52.5527
internal_count=10675 1918 1298 620 8757 8743
is_linear=0
shrinkage=0.03


Tree=141
num_leaves=6
num_cat=0
split_feature=0 0 3 5 6
split_gain=24.2396 8.90092 6.0641 0.0929391 0.0541507
threshold=-1.3631648224630892 1.4395855533840509 0.82472874905177462 -0.91597561503675329 0.52766072109828632
decision_type=2 2 2 2 2
left_child=3 2 -2 -1 -3
right_child=1 4 -4 -5 -6
leaf_value=-0.0012561153330819808 0.012967404711991681 0.020042656108541654 -0.0014088372107109656 -0.021885695305392975 0.0058430489083022832
leaf_weight=1.4708967343904102 22.647512935101986 18.35922074131668 130.56020216923207 26.640281246509403 11.550003178417681
leaf_count=236 160 624 1418 7981 256
internal_value=0.000467084 0.00476208 0.00138062 -0.0214191 0.0173973
internal_weight=211.228 183.117 153.208 28.1112 29.9092
internal_count=10675 2458 1578 8217 880
is_linear=0
shrinkage=0.03


Tree=142
num_leaves=6
num_cat=0
split_feature=0 0 3 5 6
split_gain=23.5433 8.68871 5.79614 0.0893623 0.0611985
threshold=-1.3631648224630892 1.4395855533840509 0.82472874905177462 -0.91597561503675329 0.52766072109828632
decision_type=2 2 2 2 2
left_child=3 2 -2 -1 -3
right_child=1 4 -4 -5 -6
leaf_value=-0.0012514849783758653 0.012676477113705346 0.019897107578493983 -0.0013693734654801151 -0.021753617770865378 0.0057654618758646572
leaf_weight=1.4690736923366809 22.70094096660614 18.017049277201298 130.58097384404391 26.067359098698944 11.489760365337132
leaf_count=236 160 624 1418 7981 256
internal_value=0.000473993 0.00468586 0.00135976 -0.0212846 0.0172466
internal_weight=210.325 182.789 153.282 27.5364 29.5068
internal_count=10675 2458 1578 8217 880
is_linear=0
shrinkage=0.03


Tree=143
num_leaves=7
num_cat=0
split_feature=0 2 1 0 0 0
split_gain=22.9217 7.92987 7.27386 6.55055 4.85253 3.0153
threshold=-0.37144856803439602 0.6150000000000001 -0.55403973743069568 0.39063356452765846 -1.9378282679116203 0.70941763194342988
decision_type=2 2 2 2 2 2
left_child=1 -1 5 -4 -3 -2
right_child=2 4 3 -5 -6 -7
leaf_value=-0.020634578935673189 -0.012458897546750227 -0.012136669804142731 0.0026199819434044275 0.01636895473406861 0.0085706305324343424 0.0040270203669661494
leaf_weight=38.090490303002298 14.060099236667158 6.7542694208677885 67.157616935670376 56.753730453550816 16.018074487103149 10.610945438966153
leaf_count=6596 79 1989 369 1192 280 170
internal_value=0.000480311 -0.0137262 0.00679822 0.00966938 0.000599599 -0.00625195
internal_weight=209.445 60.8628 148.582 123.911 22.7723 24.671
internal_count=10675 8865 1810 1561 2269 249
is_linear=0
shrinkage=0.03


Tree=144
num_leaves=6
num_cat=0
split_feature=0 0 1 6 5
split_gain=22.2449 8.30278 5.69953 0.130507 0.0937781
threshold=-1.3631648224630892 1.4395855533840509 0.31174649874510568 0.52766072109828632 -0.91597561503675329
decision_type=2 2 2 2 2
left_child=4 2 -2 -3 -1
right_child=1 3 -4 -5 -6
leaf_value=-0.0012101204057385921 -0.0012542255085908247 0.019646693708926868 0.013285421667701991 0.0054988190983438932 -0.021508798985362038
leaf_weight=1.4527947939932371 133.36890109535307 17.443491186946634 19.31528696231544 11.28360506147146 25.050671910401434
leaf_count=236 1395 624 183 256 7981
internal_value=0.000450178 0.00452355 0.00128869 0.0169444 -0.0210324
internal_weight=207.915 181.411 152.684 28.7271 26.5035
internal_count=10675 2458 1578 880 8217
is_linear=0
shrinkage=0.03


Tree=145
num_leaves=7
num_cat=0
split_feature=0 0 3 6 5 0
split_gain=21.6169 8.1008 5.51928 0.135659 0.0901982 0.0461689
threshold=-1.3631648224630892 1.4395855533840509 0.82472874905177462 0.52766072109828632 -0.91597561503675329 -1.9378282679116203
decision_type=2 2 2 2 2 2
left_child=4 2 -2 -3 5 -1
right_child=1 3 -4 -5 -6 -7
leaf_value=-0.0021537588811669406 0.012302761952889383 0.019502756314871382 -0.0013999060780258861 0.005425735391750508 -0.021375599033371113 0.00087864281589924379
leaf_weight=0.76848409324884415 22.746381431818008 17.123713200911883 129.93746574223042 11.228068221360443 24.520907545462251 0.68257576692849642
leaf_count=130 160 624 1418 256 7981 106
internal_value=0.000458164 0.00445538 0.00127223 0.0167962 -0.0208972 -0.0012057
internal_weight=207.008 181.036 152.684 28.3518 25.972 1.45106
internal_count=10675 2458 1578 880 8217 236
is_linear=0
shrinkage=0.03


Tree=146
num_leaves=7
num_cat=0
split_feature=0 6 0 1 1 6
split_gain=21.17 7.03036 7.13714 7.04946 5.20353 2.40582
threshold=-0.54342246544523498 0.52766072109828632 0.13617733609905147 0.31174649874510568 0.6755488192584117 0.99374995976406788
decision_type=2 2 2 2 2 2
left_child=4 2 -2 -3 5 -1
right_child=1 3 -4 -5 -6 -7
leaf_value=-0.018341894849520653 0.00090565416924271705 -0.0076682935556520691 0.017073997797069276 0.011680929631662167 0.0085723605545616442 0.0027325317259668815
leaf_weight=46.353604796109721 42.077845335006714 44.929896794259548 53.319661339744925 14.684886764734982 2.1055981572717419 2.7237182399258009
leaf_count=8494 280 442 1018 178 14 249
internal_value=0.000464015 0.00603233 0.010705 -0.00190873 -0.0146297 -0.0169077
internal_weight=206.195 155.012 95.3975 59.6148 51.1829 49.0773
internal_count=10675 1918 1298 620 8757 8743
is_linear=0
shrinkage=0.03


Tree=147
num_leaves=7
num_cat=0
split_feature=0 0 3 5 6 0
split_gain=20.5045 7.79038 5.4709 0.102899 0.0988927 0.0467632
threshold=-1.3631648224630892 1.4395855533840509 0.82472874905177462 -0.91597561503675329 0.52766072109828632 -1.9378282679116203
decision_type=2 2 2 2 2 2
left_child=3 2 -2 5 -3 -1
right_child=1 4 -4 -5 -6 -7
leaf_value=-0.002114383082535953 0.012219762685587545 0.019233634175797099 -0.0014356023401091143 -0.021130888000710026 0.0053991171887528199 0.00091058463551871131
leaf_weight=0.75347086600959301 22.697082072496414 16.542961617931727 129.32337044551969 23.587628094246611 11.206565164029596 0.67167126899585372
leaf_count=130 160 624 1418 7981 256 106
internal_value=0.000473949 0.00434501 0.00123156 -0.0206426 0.0165569 -0.00113955
internal_weight=204.783 179.77 152.02 25.0128 27.7495 1.42514
internal_count=10675 2458 1578 8217 880 236
is_linear=0
shrinkage=0.03


Tree=148
num_leaves=7
num_cat=0
split_feature=0 0 1 6 5 0
split_gain=19.928 7.60482 5.36036 0.104316 0.098727 0.0465822
threshold=-1.3631648224630892 1.4395855533840509 0.31174649874510568 0.52766072109828632 -0.91597561503675329 -1.9378282679116203
decision_type=2 2 2 2 2 2
left_child=4 2 -2 -3 5 -1
right_child=1 3 -4 -5 -6 -7
leaf_value=-0.0021102518155709429 -0.0012545052821675993 0.01909153953222098 0.012867688849083994 0.0053273434249627829 -0.020996866446431513 0.00090881316003657597
leaf_weight=0.75189795205369592 132.86951327044517 16.245049154385928 19.221156638115644 11.152373038232325 23.097297456581146 0.67227517394349223
leaf_count=130 1395 624 183 256 7981 106
internal_value=0.000479385 0.00427743 0.001214 0.0164114 -0.0205069 -0.00113707
internal_weight=204.01 179.488 152.091 27.3974 24.5215 1.42417
internal_count=10675 2458 1578 880 8217 236
is_linear=0
shrinkage=0.03


Tree=149
num_leaves=7
num_cat=0
split_feature=0 2 1 0 0 0
split_gain=19.4658 7.63314 6.97167 5.96743 4.24138 2.71986
threshold=-0.37144856803439602 0.6150000000000001 -0.55403973743069568 0.39063356452765846 -1.9378282679116203 0.70941763194342988
decision_type=2 2 2 2 2 2
left_child=1 -1 5 -4 -3 -2
right_child=2 4 3 -5 -6 -7
leaf_value=-0.020039137868717801 -0.012268646939674631 -0.011364956257052366 0.0024817288634827826 0.015730675186628167 0.0082500649194493531 0.0035955233893141436
leaf_weight=35.391368589131162 14.051942244172098 6.0675391065888133 66.975178219377995 54.314666602760553 16.075983669608831 10.310553278774021
leaf_count=6596 79 1989 369 1192 280 170
internal_value=0.00048598 -0.0129871 0.0063005 0.00916099 0.00101176 -0.00646221
internal_weight=203.187 57.5349 145.652 121.29 22.1435 24.3625
internal_count=10675 8865 1810 1561 2269 249
is_linear=0
shrinkage=0.03


end of trees

feature_importances:
v2_margin=429
v2_solar_ratio=76
target_season_sin=75
day1_minus_v2=67
day1_cloud=48
target_hour_cos=35
target_season_cos=26
target_hour_sin=3

parameters:
[boosting: gbdt]
[objective: binary]
[metric: binary_logloss]
[tree_learner: serial]
[device_type: cpu]
[data_sample_strategy: bagging]
[data: ]
[valid: ]
[num_iterations: 150]
[learning_rate: 0.03]
[num_leaves: 7]
[num_threads: 2]
[seed: 0]
[deterministic: 1]
[force_col_wise: 1]
[force_row_wise: 0]
[histogram_pool_size: -1]
[max_depth: 3]
[min_data_in_leaf: 100]
[min_sum_hessian_in_leaf: 0.001]
[bagging_fraction: 1]
[pos_bagging_fraction: 1]
[neg_bagging_fraction: 1]
[bagging_freq: 0]
[bagging_seed: 7719]
[bagging_by_query: 0]
[feature_fraction: 1]
[feature_fraction_bynode: 1]
[feature_fraction_seed: 2437]
[extra_trees: 0]
[extra_seed: 11797]
[early_stopping_round: 0]
[early_stopping_min_delta: 0]
[first_metric_only: 0]
[max_delta_step: 0]
[lambda_l1: 0]
[lambda_l2: 10]
[linear_lambda: 0]
[min_gain_to_split: 0]
[drop_rate: 0.1]
[max_drop: 50]
[skip_drop: 0.5]
[xgboost_dart_mode: 0]
[uniform_drop: 0]
[drop_seed: 21238]
[top_rate: 0.2]
[other_rate: 0.1]
[min_data_per_group: 100]
[max_cat_threshold: 32]
[cat_l2: 10]
[cat_smooth: 10]
[max_cat_to_onehot: 4]
[top_k: 20]
[monotone_constraints: ]
[monotone_constraints_method: basic]
[monotone_penalty: 0]
[feature_contri: ]
[forcedsplits_filename: ]
[refit_decay_rate: 0.9]
[cegb_tradeoff: 1]
[cegb_penalty_split: 0]
[cegb_penalty_feature_lazy: ]
[cegb_penalty_feature_coupled: ]
[path_smooth: 0]
[interaction_constraints: ]
[verbosity: -1]
[saved_feature_importance_type: 0]
[use_quantized_grad: 0]
[num_grad_quant_bins: 4]
[quant_train_renew_leaf: 0]
[stochastic_rounding: 1]
[linear_tree: 0]
[max_bin: 255]
[max_bin_by_feature: ]
[min_data_in_bin: 3]
[bin_construct_sample_cnt: 200000]
[data_random_seed: 38]
[is_enable_sparse: 1]
[enable_bundle: 1]
[use_missing: 1]
[zero_as_missing: 0]
[feature_pre_filter: 1]
[pre_partition: 0]
[two_round: 0]
[header: 0]
[label_column: ]
[weight_column: ]
[group_column: ]
[ignore_column: ]
[categorical_feature: ]
[forcedbins_filename: ]
[precise_float_parser: 0]
[parser_config_file: ]
[objective_seed: 8855]
[num_class: 1]
[is_unbalance: 0]
[scale_pos_weight: 1]
[sigmoid: 1]
[boost_from_average: 1]
[reg_sqrt: 0]
[alpha: 0.9]
[fair_c: 1]
[poisson_max_delta_step: 0.7]
[tweedie_variance_power: 1.5]
[lambdarank_truncation_level: 30]
[lambdarank_norm: 1]
[label_gain: ]
[lambdarank_position_bias_regularization: 0]
[eval_at: ]
[multi_error_top_k: 1]
[auc_mu_weights: ]
[num_machines: 1]
[local_listen_port: 12400]
[time_out: 120]
[machine_list_filename: ]
[machines: ]
[gpu_platform_id: -1]
[gpu_device_id: -1]
[gpu_device_id_list: ]
[gpu_use_dp: 0]
[num_gpu: 1]

end of parameters

pandas_categorical:[]
