tree
version=v4
num_class=1
num_tree_per_iteration=1
label_index=0
max_feature_idx=7
objective=binary sigmoid:1
feature_names=v2_margin day1_minus_v2 day1_cloud v2_solar_ratio target_hour_sin target_hour_cos target_season_sin target_season_cos
feature_infos=[-6:3.758532621789608] [-2.3377538110635148:1.5348695586576695] [0:1] [0:1.0714081310946868] [-1:1] [-1:1] [-0.99999942202469239:0.99998555065071859] [-0.99997919295908244:1]
tree_sizes=563 579 681 682 682 677 678 683 681 681 684 681 681 683 679 679 679 682 680 781 680 678 782 681 676 783 783 781 782 785 784 783 781 781 783 782 782 788 788 789 784 785 781 784 887 889 887 787 893 894 888 889 885 884 888 890 890 889 784 786 889 790 785 787 890 891 891 786 892 896 784 895 895 888 785 785 888 880 890 786 780 887 887 786 786 891 780 785 891 784 784 884 781 785 677 783 678 573 886 784 578 677 579 890 784 794 790 790 785 793 791 895 792 687 792 893 688 685 787 791 791 790 787 893 794 794 790 793 892 792 791 881 789 877 790 895 789 684 896 686 882 682 885 792 793 789 879 797 882 687

Tree=0
num_leaves=4
num_cat=0
split_feature=0 0 0
split_gain=7671.99 75.4295 6.57168
threshold=1.0000000180025095e-35 -0.35528030068657468 -1.0771845793705375
decision_type=2 2 2
left_child=1 2 -1
right_child=-2 -3 -4
leaf_value=-1.6654648222725896 -1.4673690625698468 -1.6158855078112078 -1.6474534456677883
leaf_weight=970.64152693748474 206.2921450138092 24.108510971069336 48.217021942138672
leaf_count=7086 1506 176 352
internal_value=-1.63011 -1.66353 -1.66479
internal_weight=1249.26 1042.97 1018.86
internal_count=9120 7614 7438
is_linear=0
shrinkage=1


Tree=1
num_leaves=4
num_cat=0
split_feature=0 0 0
split_gain=6680.36 51.5974 6.64719
threshold=-0.039999152243334481 -0.35528030068657468 -1.0771845793705375
decision_type=2 2 2
left_child=1 2 -1
right_child=-2 -3 -4
leaf_value=-0.035143954833620483 0.1416550600641629 0.0090784444902527548 -0.017083201734201497
leaf_weight=947.67673310637474 232.32414275407791 21.297025322914124 47.655947208404541
leaf_count=7086 1528 154 352
internal_value=-2.45654e-05 -0.0334662 -0.0344577
internal_weight=1248.95 1016.63 995.333
internal_count=9120 7592 7438
is_linear=0
shrinkage=0.03


Tree=2
num_leaves=5
num_cat=0
split_feature=0 0 0 0
split_gain=5913.72 50.6917 9.44581 6.728
threshold=-0.039999152243334481 -0.35528030068657468 0.21276369247119364 -1.0771845793705375
decision_type=2 2 2 2
left_child=1 3 -2 -1
right_child=2 -3 -4 -5
leaf_value=-0.034937357187012838 0.053996390526155742 0.0088559400277597785 0.13070800304335276 -0.016822488210048437
leaf_weight=925.08298122882843 21.244041591882706 21.426414132118225 231.82211315631866 47.106034278869629
leaf_count=7086 130 154 1398 352
internal_value=-4.49854e-05 -0.0332315 0.126566 -0.0342398
internal_weight=1246.68 993.615 253.066 972.189
internal_count=9120 7592 1528 7438
is_linear=0
shrinkage=0.03


Tree=3
num_leaves=5
num_cat=0
split_feature=0 0 0 0
split_gain=5315.59 38.8896 23.8673 2.53813
threshold=-0.12040844598438638 0.13642533258286335 -0.83434519510988803 -0.35528030068657468
decision_type=2 2 2 2
left_child=2 -2 -1 -4
right_child=1 -3 3 -5
leaf_value=-0.034528365857360861 0.042809678861774045 0.11753597711179074 -0.013442011197836189 0.00057944787082662248
leaf_weight=920.33013734221458 21.919713646173477 255.51987934112549 29.104476571083069 15.394938439130781
leaf_count=7218 138 1434 220 110
internal_value=-4.71911e-05 0.113327 -0.0334763 -0.00937492
internal_weight=1242.27 277.44 964.83 44.4994
internal_count=9120 1572 7548 330
is_linear=0
shrinkage=0.03


Tree=4
num_leaves=5
num_cat=0
split_feature=0 0 0 0
split_gain=4825.27 26.2109 23.7257 2.45505
threshold=-0.12040844598438638 0.13642533258286335 -0.83434519510988803 -0.35528030068657468
decision_type=2 2 2 2
left_child=2 -2 -1 -4
right_child=1 -3 3 -5
leaf_value=-0.034331993903497088 0.041191209331150919 0.10758215583247117 -0.013233919097727233 0.00056877534329180686
leaf_weight=898.21787394583225 22.481705158948898 271.44965314865112 28.836580812931061 15.40085732936859
leaf_count=7218 138 1434 220 110
internal_value=-5.0965e-05 0.104027 -0.0332619 -0.00920974
internal_weight=1236.39 293.931 942.455 44.2374
internal_count=9120 1572 7548 330
is_linear=0
shrinkage=0.03


Tree=5
num_leaves=5
num_cat=0
split_feature=0 0 0 1
split_gain=4414.68 31.613 15.9706 0.913216
threshold=-0.16827533197495367 0.13642533258286335 -1.0771845793705375 0.1890376601393601
decision_type=2 2 2 2
left_child=2 -2 -1 -4
right_child=1 -3 3 -5
leaf_value=-0.03436307449041457 0.039016906876725183 0.099394304213635015 -0.01622031889434597 -0.0036142207043546137
leaf_weight=859.85377411544323 26.104390442371368 285.58941587805748 44.18853859603405 13.357197895646093
leaf_count=7086 160 1434 338 102
internal_value=-5.29722e-05 0.0957077 -0.0332696 -0.0142625
internal_weight=1229.09 311.694 917.4 57.5457
internal_count=9120 1594 7526 440
is_linear=0
shrinkage=0.03


Tree=6
num_leaves=5
num_cat=0
split_feature=0 0 0 1
split_gain=4065.35 24.5906 16.0033 0.87999
threshold=-0.16827533197495367 0.21276369247119364 -1.0771845793705375 0.1890376601393601
decision_type=2 2 2 2
left_child=2 -2 -1 -4
right_child=1 -3 3 -5
leaf_value=-0.034184027027278553 0.042233297261760505 0.093178176054986295 -0.015971114219278913 -0.0035573580180567697
leaf_weight=838.79740722477436 33.94580951333046 290.83591890335083 43.695245459675789 13.323934286832808
leaf_count=7086 196 1398 338 102
internal_value=-5.56959e-05 0.089274 -0.0330706 -0.014034
internal_weight=1220.6 324.782 895.817 57.0192
internal_count=9120 1594 7526 440
is_linear=0
shrinkage=0.03


Tree=7
num_leaves=5
num_cat=0
split_feature=0 0 0 1
split_gain=3763.53 19.9145 16.0415 0.847845
threshold=-0.16827533197495367 0.13642533258286335 -1.0771845793705375 0.1890376601393601
decision_type=2 2 2 2
left_child=2 -2 -1 -4
right_child=1 -3 3 -5
leaf_value=-0.034011015700336322 0.035983486517862387 0.086750783306227555 -0.015724879635338536 -0.0035013769496730295
leaf_weight=818.13541759550571 27.337913423776627 308.98354741930962 43.212039679288864 13.291230931878088
leaf_count=7086 160 1434 338 102
internal_value=-5.60297e-05 0.0837823 -0.0328767 -0.0138084
internal_weight=1210.96 336.321 874.639 56.5033
internal_count=9120 1594 7526 440
is_linear=0
shrinkage=0.03


Tree=8
num_leaves=5
num_cat=0
split_feature=0 0 0 1
split_gain=3498.95 16.5495 16.0846 0.816747
threshold=-0.16827533197495367 0.21276369247119364 -1.0771845793705375 0.1890376601393601
decision_type=2 2 2 2
left_child=2 -2 -1 -4
right_child=1 -3 3 -5
leaf_value=-0.033843739564047633 0.038724295439155003 0.08227841343281915 -0.015481578917022917 -0.0034462652133275254
leaf_weight=797.86944186687469 35.529813587665558 310.93375378847122 42.73877626657486 13.259077608585356
leaf_count=7086 196 1398 338 102
internal_value=-5.69509e-05 0.0790236 -0.0326878 -0.0135858
internal_weight=1200.33 346.464 853.867 55.9979
internal_count=9120 1594 7526 440
is_linear=0
shrinkage=0.03


Tree=9
num_leaves=5
num_cat=0
split_feature=0 0 0 1
split_gain=3265.37 16.1321 13.9563 0.786662
threshold=-0.16827533197495367 -1.0771845793705375 0.13642533258286335 0.1890376601393601
decision_type=2 2 2 2
left_child=1 -1 -2 -3
right_child=2 3 -4 -5
leaf_value=-0.033681902740993953 0.033301689553295585 -0.01524117511265119 0.077395356239089511 -0.0033920078170824128
leaf_weight=778.00027196109295 28.466844618320465 42.275317326188087 326.82452166080475 13.22746482491493
leaf_count=7086 160 338 1434 102
internal_value=-5.60636e-05 -0.0325036 0.0748708 -0.0133662
internal_weight=1188.79 833.503 355.291 55.5028
internal_count=9120 7526 1594 440
is_linear=0
shrinkage=0.03


Tree=10
num_leaves=5
num_cat=0
split_feature=0 0 0 1
split_gain=3056.85 16.1834 12.5438 0.757559
threshold=-0.16827533197495367 -1.0771845793705375 0.21276369247119364 0.1890376601393601
decision_type=2 2 2 2
left_child=1 -1 -2 -3
right_child=2 3 -4 -5
leaf_value=-0.033525231822989256 0.035670509014257619 -0.015003642106116186 0.074048421363321001 -0.0033385938510353944
leaf_weight=758.52790787816048 36.942617684602737 41.821512818336487 325.98603773117065 13.196383900940416
leaf_count=7086 196 338 1398 102
internal_value=-5.59036e-05 -0.0323237 0.0712032 -0.0131495
internal_weight=1176.47 813.546 362.929 55.0179
internal_count=9120 7526 1594 440
is_linear=0
shrinkage=0.03


Tree=11
num_leaves=5
num_cat=0
split_feature=0 0 0 1
split_gain=2869.81 16.238 11.059 0.729407
threshold=-0.16827533197495367 -1.0771845793705375 0.21276369247119364 0.1890376601393601
decision_type=2 2 2 2
left_child=1 -1 -2 -3
right_child=2 3 -4 -5
leaf_value=-0.033373463999985621 0.034362827465719205 -0.014768945490195263 0.070634004448801968 -0.0032860090853317711
leaf_weight=739.45171608030796 37.568800985813141 41.377212941646576 331.88046464323997 13.165826126933096
leaf_count=7086 196 338 1398 102
internal_value=-5.43064e-05 -0.0321479 0.0679484 -0.0129357
internal_weight=1163.44 793.995 369.449 54.543
internal_count=9120 7526 1594 440
is_linear=0
shrinkage=0.03


Tree=12
num_leaves=5
num_cat=0
split_feature=0 0 0 1
split_gain=2700.73 16.2954 10.151 0.702177
threshold=-0.16827533197495367 -1.0771845793705375 0.13642533258286335 0.1890376601393601
decision_type=2 2 2 2
left_child=1 -1 -2 -3
right_child=2 3 -4 -5
leaf_value=-0.033226353556382142 0.029754034552678759 -0.014537057957311214 0.067179905659219608 -0.0032342417126879986
leaf_weight=720.77042949199677 30.006901532411575 40.942268274724483 344.94240760803223 13.135780684649943
leaf_count=7086 160 338 1434 102
internal_value=-5.24659e-05 -0.0319759 0.0650355 -0.0127248
internal_weight=1149.8 774.848 374.949 54.078
internal_count=9120 7526 1594 440
is_linear=0
shrinkage=0.03


Tree=13
num_leaves=5
num_cat=0
split_feature=0 0 0 1
split_gain=2546.82 16.3551 9.77256 0.675842
threshold=-0.16827533197495367 -1.0771845793705375 0.21276369247119364 0.1890376601393601
decision_type=2 2 2 2
left_child=1 -1 -2 -3
right_child=2 3 -4 -5
leaf_value=-0.033083658922778633 0.031827660946835729 -0.014307957006650258 0.064879703201013175 -0.003183278887954439
leaf_weight=702.48225308954716 38.761870115995407 40.516525357961655 340.75575882196426 13.106241077184675
leaf_count=7086 196 338 1398 102
internal_value=-5.14619e-05 -0.0318075 0.0624077 -0.0125166
internal_weight=1135.62 756.105 379.518 53.6228
internal_count=9120 7526 1594 440
is_linear=0
shrinkage=0.03


Tree=14
num_leaves=5
num_cat=0
split_feature=0 0 6 0
split_gain=2406.39 16.4169 30.4389 9.23194
threshold=-0.16827533197495367 -1.0771845793705375 0.72695311118111539 0.21276369247119364
decision_type=2 2 2 2
left_child=1 -1 -3 -2
right_child=3 2 -4 -5
leaf_value=-0.032945163092630951 0.030727180990501399 -0.023850682217711968 0.019037877301778947 0.062417257661375493
leaf_weight=684.58470551669598 39.295438826084137 40.61781407147646 12.55921249091625 343.91650888323784
leaf_count=7086 196 338 102 1398
internal_value=-4.93278e-05 -0.0316424 -0.0123113 0.0600318
internal_weight=1120.97 737.762 53.177 383.212
internal_count=9120 7526 440 1594
is_linear=0
shrinkage=0.03


Tree=15
num_leaves=5
num_cat=0
split_feature=0 0 6 0
split_gain=2277.36 16.5498 29.4833 8.87716
threshold=-0.16827533197495367 -1.0771845793705375 0.72695311118111539 0.21276369247119364
decision_type=2 2 2 2
left_child=1 -1 -3 -2
right_child=3 2 -4 -5
leaf_value=-0.032810652460621932 0.029682342685261466 -0.02360506889912185 0.018577309969395394 0.06018443220796766
leaf_weight=667.07504144310951 39.802419483661652 39.923820920288563 12.729762129485605 346.30758556723595
leaf_count=7086 196 338 102 1398
internal_value=-4.39571e-05 -0.0314795 -0.0120695 0.0578688
internal_weight=1105.84 719.729 52.6536 386.11
internal_count=9120 7526 440 1594
is_linear=0
shrinkage=0.03


Tree=16
num_leaves=5
num_cat=0
split_feature=0 0 6 0
split_gain=2158.47 16.6764 28.5569 8.81228
threshold=-0.16827533197495367 -1.0771845793705375 0.72695311118111539 0.13642533258286335
decision_type=2 2 2 2
left_child=1 -1 -3 -2
right_child=3 2 -4 -5
leaf_value=-0.03267992211784039 0.025792263483713669 -0.02336197594640509 0.018129510240952457 0.057795698140039625
leaf_weight=649.94993479549885 31.768443375825882 39.24345289170742 12.897291556000708 356.50785094499588
leaf_count=7086 160 338 102 1434
internal_value=-3.86601e-05 -0.0313196 -0.0118329 0.0558905
internal_weight=1090.37 702.091 52.1407 388.276
internal_count=9120 7526 440 1594
is_linear=0
shrinkage=0.03


Tree=17
num_leaves=5
num_cat=0
split_feature=0 0 6 0
split_gain=2048.38 16.7968 27.6587 9.44049
threshold=-0.16827533197495367 -1.0771845793705375 0.72695311118111539 0.49320639349421019
decision_type=2 2 2 2
left_child=1 -1 -3 -2
right_child=3 2 -4 -5
leaf_value=-0.032552779093467307 0.033103759592285342 -0.023121309503718813 0.017694074089287803 0.057348417594113167
leaf_weight=633.20579552650452 67.716984152793884 38.576586537063122 13.061807610094545 322.06186160445213
leaf_count=7086 304 338 102 1290
internal_value=-3.43774e-05 -0.0311627 -0.0116015 0.0540698
internal_weight=1074.62 684.844 51.6384 389.779
internal_count=9120 7526 440 1594
is_linear=0
shrinkage=0.03


Tree=18
num_leaves=5
num_cat=0
split_feature=0 0 6 0
split_gain=1946.38 16.9111 26.7879 9.44711
threshold=-0.16827533197495367 -1.0771845793705375 0.72695311118111539 0.21276369247119364
decision_type=2 2 2 2
left_child=1 -1 -3 -2
right_child=3 2 -4 -5
leaf_value=-0.032429043371486645 0.026572115562172417 -0.022882978910756621 0.017270613934276615 0.054613099905894059
leaf_weight=616.83855843544006 41.267415404319763 37.923090256750584 13.223320156335829 349.4671676158905
leaf_count=7086 196 338 102 1398
internal_value=-2.75253e-05 -0.0310085 -0.011375 0.0523885
internal_weight=1058.72 667.985 51.1464 390.735
internal_count=9120 7526 440 1594
is_linear=0
shrinkage=0.03


Tree=19
num_leaves=6
num_cat=0
split_feature=0 0 6 0 7
split_gain=1851.48 17.0192 27.3904 9.93835 0.0645138
threshold=-0.16827533197495367 -1.0771845793705375 0.73865729060996177 0.49320639349421019 0.13185577213185931
decision_type=2 2 2 2 2
left_child=1 -1 -3 4 -2
right_child=3 2 -4 -5 -6
leaf_value=-0.0323085363575586 0.035411415962432781 -0.022777387169854925 0.017993026588130873 0.05403525007681971 0.015431299617771874
leaf_weight=600.8439999371767 43.034084916114807 37.781998679041862 12.882664889097212 322.38231986761093 25.635465860366821
leaf_count=7086 189 342 98 1290 115
internal_value=-2.26314e-05 -0.0308569 -0.0111535 0.050837 0.0308622
internal_weight=1042.56 651.509 50.6647 391.052 68.6696
internal_count=9120 7526 440 1594 304
is_linear=0
shrinkage=0.03


Tree=20
num_leaves=5
num_cat=0
split_feature=0 0 6 0
split_gain=1763.73 17.1273 26.5248 9.68916
threshold=-0.16827533197495367 -1.0771845793705375 0.73865729060996177 0.49320639349421019
decision_type=2 2 2 2
left_child=1 -1 -3 -2
right_child=3 2 -4 -5
leaf_value=-0.032191096576188682 0.029978060387280212 -0.022543029786664514 0.017564685992210085 0.05255387215348023
leaf_weight=585.21747408807278 69.062684863805771 37.143194615840912 13.042336538434027 321.81491017341614
leaf_count=7086 304 342 98 1290
internal_value=-1.00532e-05 -0.0307075 -0.0109332 0.0494124
internal_weight=1026.28 635.403 50.1855 390.878
internal_count=9120 7526 440 1594
is_linear=0
shrinkage=0.03


Tree=21
num_leaves=5
num_cat=0
split_feature=0 0 6 0
split_gain=1680.87 17.229 25.6859 10.236
threshold=-0.16827533197495367 -1.0771845793705375 0.73865729060996177 0.21276369247119364
decision_type=2 2 2 2
left_child=1 -1 -3 -2
right_child=3 2 -4 -5
leaf_value=-0.032076554377984699 0.023929812530048361 -0.022310784109074458 0.017148036910385196 0.050262272054234954
leaf_weight=569.9542293548584 42.509991884231567 36.517539598047733 13.199017658829687 347.77937377989292
leaf_count=7086 196 342 98 1398
internal_value=-3.52961e-06 -0.0305603 -0.0107177 0.0480636
internal_weight=1009.96 619.671 49.7166 390.289
internal_count=9120 7526 440 1594
is_linear=0
shrinkage=0.03


Tree=22
num_leaves=6
num_cat=0
split_feature=0 0 6 0 2
split_gain=1603.22 17.3244 24.9781 10.4076 5.94207
threshold=-0.16827533197495367 -1.0771845793705375 0.77244481603295057 0.49320639349421019 0.45500000000000007
decision_type=2 2 2 2 2
left_child=1 -1 -3 4 -2
right_child=3 2 -4 -5 -6
leaf_value=-0.03196476364894707 0.033926296048765313 -0.021712290540579639 0.017595392343044514 0.049927631682780409 0.0096553225256131997
leaf_weight=555.04919743537903 46.448790296912193 36.841545410454273 12.416044592857359 319.45165783166885 23.297462791204453
leaf_count=7086 202 349 91 1290 102
internal_value=1.05127e-06 -0.0304152 -0.010507 0.0468072 0.0280464
internal_weight=993.505 604.307 49.2576 389.198 69.7463
internal_count=9120 7526 440 1594 304
is_linear=0
shrinkage=0.03


Tree=23
num_leaves=5
num_cat=0
split_feature=0 0 6 0
split_gain=1530.84 17.4231 24.1874 13.3617
threshold=-0.16827533197495367 -1.0771845793705375 0.77244481603295057 0.058201897996896727
decision_type=2 2 2 2
left_child=1 -1 -3 -2
right_child=3 2 -4 -5
leaf_value=-0.031855573435983608 0.015955647088446094 -0.021481050027193867 0.017188413739512885 0.047298828286286919
leaf_weight=540.49725723266602 26.126196876168251 36.237814970314503 12.563241526484488 361.62723429501057
leaf_count=7086 124 349 91 1470
internal_value=1.22925e-05 -0.0302718 -0.0102959 0.0456412
internal_weight=977.052 589.298 48.8011 387.753
internal_count=9120 7526 440 1594
is_linear=0
shrinkage=0.03


Tree=24
num_leaves=5
num_cat=0
split_feature=0 0 6 0
split_gain=1461.87 17.5154 23.4247 12.9494
threshold=-0.16827533197495367 -1.0771845793705375 0.73865729060996177 0.058201897996896727
decision_type=2 2 2 2
left_child=1 -1 -3 -2
right_child=3 2 -4 -5
leaf_value=-0.031748844227363952 0.015539532005022305 -0.021633738924606124 0.016050990836436397 0.046163962748734959
leaf_weight=526.29291808605194 26.286333113908768 34.73751150816679 13.616965904831885 359.6765660494566
leaf_count=7086 124 342 98 1470
internal_value=1.45925e-05 -0.03013 -0.0100894 0.0445234
internal_weight=960.61 574.647 48.3545 385.963
internal_count=9120 7526 440 1594
is_linear=0
shrinkage=0.03


Tree=25
num_leaves=6
num_cat=0
split_feature=0 0 6 0 2
split_gain=1396.91 17.5925 22.7053 12.5893 0.855807
threshold=-0.16827533197495367 -1.0771845793705375 0.77244481603295057 0.058201897996896727 0.58500000000000008
decision_type=2 2 2 2 2
left_child=1 -1 -3 -2 -5
right_child=3 2 -4 4 -6
leaf_value=-0.031644443041551742 0.015136513164082302 -0.021031968304837851 0.016423317693243848 0.047037538954763279 0.0265191919117111
leaf_weight=512.43074212968349 26.440514326095581 35.081706240773201 12.843079462647436 309.74050132930279 47.668966844677925
leaf_count=7086 124 349 91 1274 196
internal_value=1.64485e-05 -0.0299901 -0.0098921 0.0434702 0.0450972
internal_weight=944.206 560.356 47.9248 383.85 357.409
internal_count=9120 7526 440 1594 1470
is_linear=0
shrinkage=0.03


Tree=26
num_leaves=6
num_cat=0
split_feature=0 0 6 0 2
split_gain=1336.35 17.6726 22.0083 12.8596 6.28576
threshold=-0.16827533197495367 -1.0771845793705375 0.73865729060996177 0.49320639349421019 0.45500000000000007
decision_type=2 2 2 2 2
left_child=1 -1 -3 4 -2
right_child=3 2 -4 -5 -6
leaf_value=-0.031542236961890409 0.030161051246341997 -0.021190538341929854 0.015350505602325754 0.04570577767202133 0.0073790131736120841
leaf_weight=498.90508031845093 46.969859018921852 33.609152317047119 13.888309732079504 310.95561146736145 23.550298556685448
leaf_count=7086 202 342 98 1290 102
internal_value=2.76756e-05 -0.0298514 -0.00969441 0.042494 0.0244142
internal_weight=927.878 546.403 47.4975 381.476 70.5202
internal_count=9120 7526 440 1594 304
is_linear=0
shrinkage=0.03


Tree=27
num_leaves=6
num_cat=0
split_feature=0 0 6 0 2
split_gain=1279.27 22.8249 22.4904 8.15683 5.48349
threshold=-0.12040844598438638 -1.0771845793705375 0.77244481603295057 0.49320639349421019 0.44500000000000006
decision_type=2 2 2 2 2
left_child=1 -1 -3 4 -2
right_child=3 2 -4 -5 -6
leaf_value=-0.031442106394480487 0.030726601916985102 -0.019484439664398005 0.01655855908623248 0.044778340316922294 0.0082487243032818985
leaf_weight=485.71023081243038 42.530601963400841 37.195543885231018 14.317884415388106 308.12391091883183 23.731041267514229
leaf_count=7086 180 365 97 1290 102
internal_value=3.722e-05 -0.0294269 -0.0084032 0.0419823 0.0248136
internal_weight=911.609 537.224 51.5134 374.386 66.2616
internal_count=9120 7548 462 1572 282
is_linear=0
shrinkage=0.03


Tree=28
num_leaves=6
num_cat=0
split_feature=0 0 6 0 2
split_gain=1225.25 17.7723 20.6704 12.6621 5.64177
threshold=-0.16827533197495367 -1.0771845793705375 0.73865729060996177 0.49320639349421019 0.45500000000000007
decision_type=2 2 2 2 2
left_child=1 -1 -3 4 -2
right_child=3 2 -4 -5 -6
leaf_value=-0.031343921752574083 0.028640381227505743 -0.020766037853296729 0.014664411818241602 0.043903732681877812 0.0070460506408545022
leaf_weight=472.84043897688389 47.173459529876709 32.556711971759796 14.157298170030115 305.07930801808834 23.599473491311073
leaf_count=7086 202 342 98 1290 102
internal_value=4.83499e-05 -0.0295788 -0.009336 0.0407083 0.0232035
internal_weight=895.407 519.554 46.714 375.852 70.7729
internal_count=9120 7526 440 1594 304
is_linear=0
shrinkage=0.03


Tree=29
num_leaves=6
num_cat=0
split_feature=0 0 3 0 2
split_gain=1173.88 22.7977 36.7032 8.29084 8.49181
threshold=-0.12040844598438638 -1.0771845793705375 0.84942907429896308 0.56866582402552701 0.45500000000000007
decision_type=2 2 2 2 2
left_child=1 -1 -3 4 -2
right_child=3 2 -4 -5 -6
leaf_value=-0.031247577267092656 0.030877338841383915 0.025447685548807757 -0.021601518369391604 0.043339130448912765 0.0064832847529405777
leaf_weight=460.28973899781704 50.396171107888222 12.039980240166186 38.736293934285641 293.42105802893639 24.472260236740112
leaf_count=7086 213 98 364 1254 105
internal_value=5.73954e-05 -0.0291466 -0.00809381 0.0402823 0.0246071
internal_weight=879.356 511.066 50.7763 368.289 74.8684
internal_count=9120 7548 462 1572 318
is_linear=0
shrinkage=0.03


Tree=30
num_leaves=6
num_cat=0
split_feature=0 0 6 0 2
split_gain=1125.41 17.9013 19.7314 12.6256 2.62781
threshold=-0.16827533197495367 -1.0771845793705375 0.73865729060996177 0.058201897996896727 0.58500000000000008
decision_type=2 2 2 2 2
left_child=1 -1 -3 -2 -5
right_child=3 2 -4 4 -6
leaf_value=-0.031152952492554453 0.012845494366813526 -0.02038837625775233 0.014271452552311388 0.042697184674154266 0.022917782779975623
leaf_weight=448.05237624049187 27.249971568584442 31.642075270414352 14.313981011509894 296.13796822726727 46.008375838398933
leaf_count=7086 124 342 98 1274 196
internal_value=7.0539e-05 -0.0293084 -0.00897166 0.0390971 0.0407638
internal_weight=863.405 494.008 45.9561 369.396 342.146
internal_count=9120 7526 440 1594 1470
is_linear=0
shrinkage=0.03


Tree=31
num_leaves=6
num_cat=0
split_feature=0 0 6 0 2
split_gain=1079.01 17.9457 19.1009 13.3008 5.12566
threshold=-0.16827533197495367 -1.0771845793705375 0.73865729060996177 0.49320639349421019 0.45500000000000007
decision_type=2 2 2 2 2
left_child=1 -1 -3 4 -2
right_child=3 2 -4 -5 -6
leaf_value=-0.031059948290070378 0.02645937278404821 -0.020173725374127496 0.013942868163823233 0.041592968066773983 0.006251282687342462
leaf_weight=436.12227930128574 47.229378193616867 31.133514225482941 14.445419818162916 295.08078657090664 23.677005991339684
leaf_count=7086 202 342 98 1290 102
internal_value=7.98442e-05 -0.0291753 -0.00879788 0.0383364 0.0213182
internal_weight=847.688 481.701 45.5789 365.987 70.9064
internal_count=9120 7526 440 1594 304
is_linear=0
shrinkage=0.03


Tree=32
num_leaves=6
num_cat=0
split_feature=0 0 6 0 2
split_gain=1034.9 17.9844 18.4948 13.3548 4.8445
threshold=-0.16827533197495367 -1.0771845793705375 0.77244481603295057 0.49320639349421019 0.45500000000000007
decision_type=2 2 2 2 2
left_child=1 -1 -3 4 -2
right_child=3 2 -4 -5 -6
leaf_value=-0.030968458422998762 0.025781118948758827 -0.019584345634122379 0.014269484148684113 0.04088546425569909 0.0061160797242530438
leaf_weight=424.49356155842543 47.280006512999535 31.557212978601456 13.653005912899969 291.41000337898731 23.695181369781494
leaf_count=7086 202 349 91 1290 102
internal_value=8.80698e-05 -0.0290428 -0.00862802 0.0376119 0.020782
internal_weight=832.089 469.704 45.2102 362.385 70.9752
internal_count=9120 7526 440 1594 304
is_linear=0
shrinkage=0.03


Tree=33
num_leaves=6
num_cat=0
split_feature=0 0 3 0 2
split_gain=993.064 22.7024 34.738 9.44498 7.4964
threshold=-0.12040844598438638 -1.0771845793705375 0.84367606505937653 0.56866582402552701 0.45500000000000007
decision_type=2 2 2 2 2
left_child=1 -1 -3 4 -2
right_child=3 2 -4 -5 -6
leaf_value=-0.030878377677295194 0.028000516400737939 0.025556729754038603 -0.020733065165017498 0.040481026807484305 0.0054705013449292336
leaf_weight=413.16025719791651 50.066598817706108 11.443279206752775 37.93794284760952 279.55526152253151 24.496285915374756
leaf_count=7086 213 91 371 1254 105
internal_value=9.64356e-05 -0.0285951 -0.00750878 0.0373288 0.0221209
internal_weight=816.66 462.541 49.3812 354.118 74.5629
internal_count=9120 7548 462 1572 318
is_linear=0
shrinkage=0.03


Tree=34
num_leaves=6
num_cat=0
split_feature=0 0 6 0 2
split_gain=953.214 18.1695 23.9823 13.4414 1.29504
threshold=-0.16827533197495367 -1.3645062706886262 0.77244481603295057 0.21276369247119364 0.58500000000000008
decision_type=2 2 2 2 2
left_child=1 -1 -3 -2 -5
right_child=3 2 -4 4 -6
leaf_value=-0.031059745913045965 0.015759805607381661 -0.021322526244829554 0.015218532670117709 0.040454742602529722 0.02126612998088254
leaf_weight=392.12875060737133 45.551050513982773 38.812213815748692 15.672033376991747 268.9269393235445 40.284914910793304
leaf_count=6910 196 492 124 1219 179
internal_value=0.000109235 -0.0287774 -0.0100817 0.0362667 0.0386993
internal_weight=801.376 446.613 54.4842 354.763 309.212
internal_count=9120 7526 616 1594 1398
is_linear=0
shrinkage=0.03


Tree=35
num_leaves=6
num_cat=0
split_feature=0 0 6 0 2
split_gain=915.22 18.2512 23.2084 13.7867 5.5739
threshold=-0.16827533197495367 -1.3645062706886262 0.77244481603295057 0.56866582402552701 0.45500000000000007
decision_type=2 2 2 2 2
left_child=1 -1 -3 4 -2
right_child=3 2 -4 -5 -6
leaf_value=-0.030978800340880353 0.025053717402191318 -0.02110947925501026 0.014847811873317605 0.039254994138350138 0.0055313964736851875
leaf_weight=381.54469300061464 53.484585285186768 38.138956908136606 15.828706532716749 272.0409971177578 25.330737620592117
leaf_count=6910 231 492 124 1254 109
internal_value=0.000119539 -0.0286463 -0.00989076 0.0356304 0.0201086
internal_weight=786.369 435.512 53.9677 350.856 78.8153
internal_count=9120 7526 616 1594 340
is_linear=0
shrinkage=0.03


Tree=36
num_leaves=6
num_cat=0
split_feature=0 0 3 0 2
split_gain=878.959 22.703 33.0723 10.1129 6.91021
threshold=-0.12040844598438638 -1.0771845793705375 0.8375762605637479 0.56866582402552701 0.45500000000000007
decision_type=2 2 2 2 2
left_child=1 -1 -3 4 -2
right_child=3 2 -4 -5 -6
leaf_value=-0.030616584832527865 0.026162895667809202 0.025739991842181047 -0.019930543705451879 0.038667933924109825 0.004801104762872389
leaf_weight=380.97313020378351 49.664685040712357 10.818597055971621 37.485770910978317 268.09759247303009 24.522899344563484
leaf_count=7086 213 83 379 1254 105
internal_value=0.000127181 -0.0281845 -0.00704144 0.0354264 0.0205107
internal_weight=771.563 429.277 48.3044 342.285 74.1876
internal_count=9120 7548 462 1572 318
is_linear=0
shrinkage=0.03


Tree=37
num_leaves=6
num_cat=0
split_feature=0 0 1 2 0
split_gain=845.125 28.4652 10.4851 4.97534 3.86794
threshold=-0.35528030068657468 1.0000000180025095e-35 0.40312961864757119 0.58500000000000008 -0.53559743381964198
decision_type=2 2 2 2 2
left_child=2 -2 4 -3 -1
right_child=1 3 -4 -5 -6
leaf_value=-0.030122884474921244 0.0036573770472463629 0.038126688888797271 0.004295137602498493 0.018816252768858822 -0.0036934398832773677
leaf_weight=390.71745470911264 28.83436157554388 278.67343915998936 5.9267537333071223 44.645711466670036 8.083208426833151
leaf_count=7274 176 1304 80 202 84
internal_value=0.000139884 0.0336223 -0.0291014 0.0361047 -0.0296906
internal_weight=756.881 352.154 404.727 323.319 398.801
internal_count=9120 1682 7438 1506 7358
is_linear=0
shrinkage=0.03


Tree=38
num_leaves=6
num_cat=0
split_feature=0 0 1 2 0
split_gain=811.701 27.6304 10.3836 4.89789 3.85704
threshold=-0.35528030068657468 1.0000000180025095e-35 0.40312961864757119 0.58500000000000008 -0.53559743381964198
decision_type=2 2 2 2 2
left_child=2 -2 4 -3 -1
right_child=1 3 -4 -5 -6
leaf_value=-0.030022339072758388 0.0035713969120679083 0.037530731433784298 0.0042418517953989199 0.018438525916540684 -0.003648536885938997
leaf_weight=380.45375032350421 28.882683224976063 274.82275381684303 5.94648902863264 44.402078241109848 8.0606237426400167
leaf_count=7274 176 1304 80 202 84
internal_value=0.000147467 0.0330391 -0.0289783 0.0355159 -0.0295804
internal_weight=742.568 348.108 394.461 319.225 388.514
internal_count=9120 1682 7438 1506 7358
is_linear=0
shrinkage=0.03


Tree=39
num_leaves=6
num_cat=0
split_feature=0 0 1 2 0
split_gain=779.757 26.8365 11.4992 4.8334 3.84914
threshold=-0.35528030068657468 1.0000000180025095e-35 0.43518956191772196 0.58500000000000008 -0.53559743381964198
decision_type=2 2 2 2 2
left_child=2 -2 4 -3 -1
right_child=1 3 -4 -5 -6
leaf_value=-0.029930098095457061 0.0034875169899703661 0.036957411881055467 0.0060106489225385659 0.018069214982530252 -0.0036041968857475292
leaf_weight=371.18478664755821 28.929822936654091 270.92771889269352 5.2382308244705191 44.158414170145988 8.0383541285991651
leaf_count=7284 176 1304 70 202 84
internal_value=0.000154926 0.0324752 -0.0288553 0.0349475 -0.029479
internal_weight=728.477 344.016 384.461 315.086 379.223
internal_count=9120 1682 7438 1506 7368
is_linear=0
shrinkage=0.03


Tree=40
num_leaves=6
num_cat=0
split_feature=0 0 1 2 0
split_gain=749.189 26.08 11.3842 4.77988 3.838
threshold=-0.35528030068657468 1.0000000180025095e-35 0.43518956191772196 0.58500000000000008 -0.53559743381964198
decision_type=2 2 2 2 2
left_child=2 -2 4 -3 -1
right_child=1 3 -4 -5 -6
leaf_value=-0.029830678328493711 0.0034056819294820267 0.036405030480672493 0.0059390264433726078 0.017708022311311009 -0.0035604134975667666
leaf_weight=361.4299073331058 28.975810930132866 266.99874582886696 5.2625851333141318 43.915027797222137 8.0163947790861112
leaf_count=7284 176 1304 70 202 84
internal_value=0.000162999 0.031929 -0.0287321 0.0343983 -0.0293695
internal_weight=714.598 339.89 374.709 310.914 369.446
internal_count=9120 1682 7438 1506 7368
is_linear=0
shrinkage=0.03


Tree=41
num_leaves=6
num_cat=0
split_feature=0 0 1 2 0
split_gain=719.942 25.3576 11.2701 4.73562 4.0474
threshold=-0.35528030068657468 1.0000000180025095e-35 0.43518956191772196 0.58500000000000008 -1.1330029975024736
decision_type=2 2 2 2 2
left_child=2 -2 4 -3 -1
right_child=1 3 -4 -5 -6
leaf_value=-0.030450924378080477 0.0033258384694391093 0.035872041928857963 0.0058681697545701263 0.0173546712643773 -0.012410385047241833
leaf_weight=328.63124101236463 29.02067656815052 263.04539440572262 5.2867277190089217 43.672205373644829 31.29432587698102
leaf_count=6994 176 1304 70 202 374
internal_value=0.000170937 0.0313993 -0.0286089 0.0338666 -0.0292602
internal_weight=700.951 335.738 365.212 306.718 359.926
internal_count=9120 1682 7438 1506 7368
is_linear=0
shrinkage=0.03


Tree=42
num_leaves=6
num_cat=0
split_feature=0 0 0 6 7
split_gain=692.078 24.6666 11.4408 17.4682 4.944
threshold=-0.35528030068657468 1.0000000180025095e-35 -1.3645062706886262 0.73865729060996177 0.41202506375868281
decision_type=2 2 2 2 2
left_child=2 -2 -1 -4 -3
right_child=1 4 3 -5 -6
leaf_value=-0.030455669677832482 0.00324793341206786 0.034556720073343504 -0.02129499408767024 0.012929504935063854 0.011232939778630302
leaf_weight=316.02321305498481 29.06444850564003 281.54096327722073 27.228293240070343 12.770643092691897 20.965650171041489
leaf_count=6910 176 1408 415 113 98
internal_value=0.000174593 0.030885 -0.028489 -0.00996747 0.0333514
internal_weight=687.593 331.571 356.022 39.9989 302.507
internal_count=9120 1682 7438 528 1506
is_linear=0
shrinkage=0.03


Tree=43
num_leaves=6
num_cat=0
split_feature=0 0 0 6 7
split_gain=665.339 24.566 11.5081 16.9671 6.21055
threshold=-0.35528030068657468 0.49320639349421019 -1.3645062706886262 0.73865729060996177 0.33222858587828863
decision_type=2 2 2 2 2
left_child=2 4 -1 -4 -2
right_child=1 -3 3 -5 -6
leaf_value=-0.030383013594189736 0.017891997508547499 0.0350617211293014 -0.02110974938893765 0.012647895024729105 -0.00039665487690248305
leaf_weight=307.42922085523605 57.474497877061367 248.26179112493992 26.738397497683764 12.884249314665793 21.645243570208549
leaf_count=6910 278 1290 415 113 114
internal_value=0.000174227 0.0303805 -0.0283728 -0.00979595 0.0134056
internal_weight=674.433 327.382 347.052 39.6226 79.1197
internal_count=9120 1682 7438 528 392
is_linear=0
shrinkage=0.03


Tree=44
num_leaves=7
num_cat=0
split_feature=0 0 0 6 7 3
split_gain=639.801 24.4889 11.5703 16.48 4.7951 0.0789111
threshold=-0.35528030068657468 0.56866582402552701 -1.3645062706886262 0.73865729060996177 0.13185577213185931 0.89068593865403278
decision_type=2 2 2 2 2 2
left_child=2 4 -1 -4 -2 -3
right_child=1 5 3 -5 -6 -7
leaf_value=-0.030311087781049646 0.018775650432666102 0.015324410547398358 -0.020925519254032309 0.012373013079388345 0.0033868335696818244 0.036080769785521487
leaf_weight=299.06398060917854 53.259535126388073 21.14881557226181 26.259889651089907 12.995826449245213 32.922117315232754 215.87727463245392
leaf_count=6910 259 108 415 113 169 1146
internal_value=0.000175685 0.0298921 -0.0282565 -0.00962791 0.0138603 0.0349241
internal_weight=661.527 323.208 338.32 39.2557 86.1817 237.026
internal_count=9120 1682 7438 528 428 1254
is_linear=0
shrinkage=0.03


Tree=45
num_leaves=7
num_cat=0
split_feature=0 0 0 6 0 3
split_gain=615.648 24.397 11.6275 16.0084 4.59301 0.0925807
threshold=-0.35528030068657468 0.56866582402552701 -1.3645062706886262 0.77244481603295057 1.0000000180025095e-35 0.89068593865403278
decision_type=2 2 2 2 2 2
left_child=2 4 -1 -4 -2 -3
right_child=1 5 3 -5 -6 -7
leaf_value=-0.030239825668931304 0.0026322298533151198 0.015086356719472258 -0.02029359259000332 0.012826993052401059 0.017917624500015491 0.035668231468235743
leaf_weight=290.92218979820609 29.40035567432642 20.998141318559647 26.78131602331996 12.116596534848211 56.753447905182838 211.99733336269855
leaf_count=6910 176 108 425 103 252 1146
internal_value=0.000186815 0.0294264 -0.0281401 -0.0094633 0.0135177 0.0345105
internal_weight=648.969 319.149 329.82 38.8979 86.1538 232.995
internal_count=9120 1682 7438 528 428 1254
is_linear=0
shrinkage=0.03


Tree=46
num_leaves=7
num_cat=0
split_feature=0 0 0 6 7 3
split_gain=592.598 24.1945 11.688 15.5851 4.60304 0.11013
threshold=-0.35528030068657468 0.56866582402552701 -1.3645062706886262 0.73865729060996177 0.13185577213185931 0.89068593865403278
decision_type=2 2 2 2 2 2
left_child=2 4 -1 -4 -2 -3
right_child=1 5 3 -5 -6 -7
leaf_value=-0.030169155558303972 0.018015868249765952 0.014852319716351352 -0.020564026355192794 0.011881797868588041 0.0030446720017079923 0.035269830359958877
leaf_weight=282.99859730899334 53.080676503479481 20.848998069763184 25.345833484083414 13.194989837706087 32.878963477909565 208.13178110122681
leaf_count=6910 259 108 415 113 169 1146
internal_value=0.000197811 0.0289858 -0.0280231 -0.00929639 0.0132035 0.0341101
internal_weight=636.48 314.94 321.539 38.5408 85.9596 228.981
internal_count=9120 1682 7438 528 428 1254
is_linear=0
shrinkage=0.03


Tree=47
num_leaves=6
num_cat=0
split_feature=0 0 0 6 7
split_gain=570.364 24.1308 11.7354 15.1367 5.50102
threshold=-0.35528030068657468 0.49320639349421019 -1.3645062706886262 0.73865729060996177 0.33222858587828863
decision_type=2 2 2 2 2
left_child=2 4 -1 -4 -2
right_child=1 -3 3 -5 -6
leaf_value=-0.030099016770413298 0.016315884685246779 0.033419573930061779 -0.020382782930232258 0.011625152681182112 -0.00073995151183026511
leaf_weight=275.28802879154682 57.382663503289223 231.88032245635986 24.899758897721767 13.300847969949244 21.646605230867863
leaf_count=6910 278 1290 415 113 114
internal_value=0.000208324 0.0285424 -0.0279063 -0.00913844 0.0120858
internal_weight=624.398 310.91 313.489 38.2006 79.0293
internal_count=9120 1682 7438 528 392
is_linear=0
shrinkage=0.03


Tree=48
num_leaves=7
num_cat=0
split_feature=0 0 0 6 0 3
split_gain=548.722 24.0584 11.7779 14.7016 4.49665 0.462502
threshold=-0.35528030068657468 0.56866582402552701 -1.3645062706886262 0.77244481603295057 1.0000000180025095e-35 0.89068593865403278
decision_type=2 2 2 2 2 2
left_child=2 4 -1 -4 -2 -3
right_child=1 5 3 -5 -6 -7
leaf_value=-0.030029345192233367 0.0020722349606469514 0.014105313291098735 -0.019753439585923408 0.012060562985926641 0.016921734402462623 0.034527207364354946
leaf_weight=267.78538732603192 29.702237360179424 20.366909444332123 25.455262746661901 12.413589905947445 56.103806123137474 200.62520945072174
leaf_count=6910 176 108 425 103 252 1146
internal_value=0.000208437 0.0280983 -0.0277891 -0.00898377 0.0125343 0.0333372
internal_weight=612.452 306.798 305.654 37.8689 85.806 220.992
internal_count=9120 1682 7438 528 428 1254
is_linear=0
shrinkage=0.03


Tree=49
num_leaves=7
num_cat=0
split_feature=0 0 0 6 0 3
split_gain=528.344 23.8576 11.8239 14.3129 4.30142 0.479356
threshold=-0.35528030068657468 0.56866582402552701 -1.3645062706886262 0.73865729060996177 1.0000000180025095e-35 0.89068593865403278
decision_type=2 2 2 2 2 2
left_child=2 4 -1 -4 -2 -3
right_child=1 5 3 -5 -6 -7
leaf_value=-0.029960085019216938 0.0020243405703872053 0.013887490574535354 -0.020027271919169354 0.011166414558763302 0.016549437992300069 0.034165305295147413
leaf_weight=260.48565262556076 29.728996157646179 20.224784195423126 24.047974321991205 13.489433027803896 55.873420402407646 196.83126403391361
leaf_count=6910 176 108 415 113 252 1146
internal_value=0.000218484 0.0276877 -0.0276712 -0.00882663 0.0122444 0.0329707
internal_weight=600.682 302.658 298.023 37.5374 85.6024 217.056
internal_count=9120 1682 7438 528 428 1254
is_linear=0
shrinkage=0.03


Tree=50
num_leaves=7
num_cat=0
split_feature=0 0 0 6 7 3
split_gain=508.783 23.659 11.8569 13.9005 4.29707 0.498499
threshold=-0.35528030068657468 0.56866582402552701 -1.3645062706886262 0.73865729060996177 0.13185577213185931 0.89068593865403278
decision_type=2 2 2 2 2 2
left_child=2 4 -1 -4 -2 -3
right_child=1 5 3 -5 -6 -7
leaf_value=-0.029891169992160099 0.016607428738278016 0.013673199874355455 -0.019848989304400398 0.010926648759650428 0.0023537394537207945 0.033814156437645147
leaf_weight=253.3838817961514 52.652169555425644 20.08436107635498 23.632180582731962 13.589765544980763 32.745703741908073 193.06987300515175
leaf_count=6910 259 108 415 113 169 1146
internal_value=0.000227702 0.0272858 -0.0275532 -0.00867833 0.0119615 0.0326142
internal_weight=589.158 298.552 290.606 37.2219 85.3979 213.154
internal_count=9120 1682 7438 528 428 1254
is_linear=0
shrinkage=0.03


Tree=51
num_leaves=7
num_cat=0
split_feature=0 0 0 2 0 3
split_gain=489.876 23.5547 11.8853 18.4053 4.17244 0.519532
threshold=-0.35528030068657468 0.56866582402552701 -1.3645062706886262 0.71500000000000008 1.0000000180025095e-35 0.89068593865403278
decision_type=2 2 2 2 2 2
left_child=2 4 -1 -4 -2 -3
right_child=1 5 3 -5 -6 -7
leaf_value=-0.029822549557774591 0.0017451135125163652 0.01346236466473646 -0.019073295250910314 0.01801664758285073 0.015931432748397884 0.033473049045693426
leaf_weight=246.47523446008563 29.879053860902786 19.945660293102264 28.439874041825533 8.4744446836411935 55.466762199997902 189.34458391368389
leaf_count=6910 176 108 433 95 252 1146
internal_value=0.000236912 0.0268792 -0.0274348 -0.00853316 0.0116688 0.0322669
internal_weight=578.026 294.636 283.39 36.9143 85.3458 209.29
internal_count=9120 1682 7438 528 428 1254
is_linear=0
shrinkage=0.03


Tree=52
num_leaves=7
num_cat=0
split_feature=0 0 0 2 7 3
split_gain=471.696 23.3549 11.9859 17.869 4.12085 0.542104
threshold=-0.35528030068657468 0.56866582402552701 -1.3645062706886262 0.71500000000000008 0.13185577213185931 0.89068593865403278
decision_type=2 2 2 2 2 2
left_child=2 4 -1 -4 -2 -3
right_child=1 5 3 -5 -6 -7
leaf_value=-0.029754161062146348 0.015951593817229714 0.013254908315385555 -0.01886930397706944 0.017661371602970512 0.0020721707373496513 0.033141322257891265
leaf_weight=239.7549217492342 52.444181956350803 19.80869847536087 27.999706029891968 8.5850389003753644 32.693706840276718 185.65858294069767
leaf_count=6910 259 108 433 95 169 1146
internal_value=0.000249607 0.0264934 -0.0273104 -0.00834588 0.0113998 0.0319283
internal_weight=566.945 290.605 276.34 36.5847 85.1379 205.467
internal_count=9120 1682 7438 528 428 1254
is_linear=0
shrinkage=0.03


Tree=53
num_leaves=7
num_cat=0
split_feature=0 0 0 2 0 3
split_gain=454.117 23.2422 12.0793 17.3769 4.0424 0.565899
threshold=-0.35528030068657468 0.56866582402552701 -1.3645062706886262 0.6150000000000001 1.0000000180025095e-35 0.89068593865403278
decision_type=2 2 2 2 2 2
left_child=2 4 -1 -4 -2 -3
right_child=1 5 3 -5 -6 -7
leaf_value=-0.02968595063949668 0.0014837883321838158 0.0130507596686262 -0.019583688218239616 0.015639387954593964 0.01534014036331824 0.032818356873603509
leaf_weight=233.21830885857344 30.018432267010212 19.673487782478333 25.70304811745882 10.560719083994625 55.06191922724247 182.0146931707859
leaf_count=6910 176 108 404 124 252 1146
internal_value=0.00026225 0.0261022 -0.0271853 -0.00816277 0.0111215 0.0315977
internal_weight=556.251 286.769 269.482 36.2638 85.0804 201.688
internal_count=9120 1682 7438 528 428 1254
is_linear=0
shrinkage=0.03


Tree=54
num_leaves=7
num_cat=0
split_feature=0 0 0 2 6 3
split_gain=437.347 23.0389 12.149 16.8835 4.21463 0.590641
threshold=-0.35528030068657468 0.56866582402552701 -1.3645062706886262 0.71500000000000008 -0.46801505794253101 0.89068593865403278
decision_type=2 2 2 2 2 2
left_child=2 4 -1 -4 -2 -3
right_child=1 5 3 -5 -6 -7
leaf_value=-0.029617871832375804 0.0010401598555294844 0.012849848414645499 -0.018482210758971003 0.017005298040372905 0.015103402250232458 0.03250358182968132
leaf_weight=226.86073553934693 29.328181803226471 19.540041625499725 27.181783281266689 8.7916526794433576 55.541951201856136 178.41544291377068
leaf_count=6910 164 108 433 95 264 1146
internal_value=0.000272867 0.0257306 -0.0270602 -0.00799688 0.0108655 0.0312748
internal_weight=545.66 282.826 262.834 35.9734 84.8701 197.955
internal_count=9120 1682 7438 528 428 1254
is_linear=0
shrinkage=0.03


Tree=55
num_leaves=7
num_cat=0
split_feature=0 0 0 2 6 2
split_gain=421.048 22.9899 12.2289 16.4437 5.25941 1.63518
threshold=-0.35528030068657468 0.49320639349421019 -1.3645062706886262 0.6150000000000001 -0.46801505794253101 0.59500000000000008
decision_type=2 2 2 2 2 2
left_child=2 4 -1 -4 -2 -3
right_child=1 5 3 -5 -6 -7
leaf_value=-0.029549860651020023 -0.0011376348004122356 0.032357373462930925 -0.019201950934882136 0.015081684102996795 0.014558050612419458 0.014014711694879381
leaf_weight=220.67774698510766 25.740944862365723 173.3920336663723 24.907959315925837 10.760397005826233 52.653586387634277 27.333073139190674
leaf_count=6910 144 1134 404 124 248 156
internal_value=0.000284264 0.0253485 -0.0269337 -0.00782159 0.00985869 0.0306432
internal_weight=535.466 279.12 256.346 35.6684 78.3945 200.725
internal_count=9120 1682 7438 528 392 1290
is_linear=0
shrinkage=0.03


Tree=56
num_leaves=7
num_cat=0
split_feature=0 0 0 2 1 3
split_gain=405.416 22.8945 12.2854 15.9498 4.08834 0.76518
threshold=-0.35528030068657468 0.56866582402552701 -1.3645062706886262 0.6150000000000001 -0.12104609155714739 0.89068593865403278
decision_type=2 2 2 2 2 2
left_child=2 4 -1 -4 -2 -3
right_child=1 5 3 -5 -6 -7
leaf_value=-0.029481871173777496 0.0019202139053884075 0.012331964846416563 -0.019008498400964389 0.014761954737960471 0.015309488451476727 0.031911094184526395
leaf_weight=214.66491400450468 36.800053738057613 19.188606813549995 24.514357004314661 10.878436017781494 47.943113371729851 171.49373543262482
leaf_count=6910 183 108 404 124 245 1146
internal_value=0.000293493 0.0249752 -0.0268071 -0.00766332 0.0103115 0.0306535
internal_weight=525.483 275.426 250.058 35.3928 84.7432 190.682
internal_count=9120 1682 7438 528 428 1254
is_linear=0
shrinkage=0.03


Tree=57
num_leaves=7
num_cat=0
split_feature=0 0 0 2 7 3
split_gain=390.405 22.7622 12.3354 15.5193 4.14761 0.788124
threshold=-0.35528030068657468 0.56866582402552701 -1.3645062706886262 0.71500000000000008 0.13185577213185931 0.89068593865403278
decision_type=2 2 2 2 2 2
left_child=2 4 -1 -4 -2 -3
right_child=1 5 3 -5 -6 -7
leaf_value=-0.029413854063954758 0.014625011346219748 0.012142333894858661 -0.017921086763654396 0.016083913067703064 0.0010651290045133413 0.031617467236302432
leaf_weight=208.81788497790694 52.042316436767578 19.06173874437809 26.037307977676392 9.0870418474078161 32.665482059121132 168.03899499773979
leaf_count=6910 259 108 433 95 169 1146
internal_value=0.000303799 0.0246083 -0.0266797 -0.00750888 0.0100606 0.0303501
internal_weight=515.751 271.809 243.942 35.1243 84.7078 187.101
internal_count=9120 1682 7438 528 428 1254
is_linear=0
shrinkage=0.03


Tree=58
num_leaves=6
num_cat=0
split_feature=0 0 3 7 1
split_gain=376.314 29.2409 33.43 11.5724 3.94557
threshold=-0.039999152243334481 -1.3645062706886262 0.84367606505937653 0.45847758937963173 -0.55356221524146687
decision_type=2 2 2 2 2
left_child=1 -1 -3 4 -2
right_child=3 2 -4 -5 -6
leaf_value=-0.02934575675013372 0.012827640265314362 0.024294008244379616 -0.017453389617322675 0.0013632103049320394 0.03037898771220764
leaf_weight=203.13242364116013 34.642172068357468 15.511868983507155 44.481645371764898 16.322584211826324 192.09676723182201
leaf_count=6910 209 141 541 84 1235
internal_value=0.000314607 -0.0241121 -0.00473049 0.0266656 0.0283525
internal_weight=506.187 263.126 59.9935 243.062 226.739
internal_count=9120 7592 682 1528 1444
is_linear=0
shrinkage=0.03


Tree=59
num_leaves=6
num_cat=0
split_feature=0 0 0 2 1
split_gain=362.473 22.6636 12.3238 14.7267 5.88729
threshold=-0.35528030068657468 0.61873701196218811 -1.3645062706886262 0.6150000000000001 -0.12104609155714739
decision_type=2 2 2 2 2
left_child=2 4 -1 -4 -2
right_child=1 -3 3 -5 -6
leaf_value=-0.029277532594691267 0.00065581988280877257 0.030071275956367147 -0.018515604087542908 0.013965940708932631 0.015836109588853731
leaf_weight=197.60437110997736 38.299252584576607 175.11832010746002 23.520458567887545 11.162322796881197 51.117291904985905
leaf_count=6910 194 1218 404 124 270
internal_value=0.000321684 0.0239178 -0.0264283 -0.00727573 0.010054
internal_weight=496.822 264.535 232.287 34.6828 89.4165
internal_count=9120 1682 7438 528 464
is_linear=0
shrinkage=0.03


Tree=60
num_leaves=7
num_cat=0
split_feature=0 0 3 1 2 6
split_gain=349.072 26.6599 10.6003 10.4704 6.78672 1.7631
threshold=-0.53559743381964198 0.21276369247119364 0.91114374252160879 0.43518956191772196 0.58500000000000008 0.99907018497641642
decision_type=2 2 2 2 2 2
left_child=3 2 -2 5 -3 -1
right_child=1 4 -4 -5 -6 -7
leaf_value=-0.028358928383562139 0.015583065358833324 0.030408841802789563 -0.0059982992844496317 0.0073277699808922264 0.01018725231299019 -0.0015365207542854037
leaf_weight=211.95572267659009 30.490865968167782 173.81611211597919 33.44504351913929 3.9855559952557078 30.597844690084457 3.4200726039707652
leaf_count=7183 177 1219 195 66 179 101
internal_value=0.000323536 0.0228978 0.00500941 -0.0270864 0.0279982 -0.0280201
internal_weight=487.711 268.35 63.9359 219.361 204.414 215.376
internal_count=9120 1770 372 7350 1398 7284
is_linear=0
shrinkage=0.03


Tree=61
num_leaves=6
num_cat=0
split_feature=0 0 1 0 6
split_gain=336.073 26.4752 10.3652 4.96412 1.75124
threshold=-0.53559743381964198 0.61873701196218811 0.43518956191772196 1.0000000180025095e-35 0.99907018497641642
decision_type=2 2 2 2 2
left_child=2 3 4 -2 -1
right_child=1 -3 -4 -5 -6
leaf_value=-0.028260330760747361 2.4840187711360699e-05 0.02950926122784003 0.0072534462902336247 0.013567871082890601 -0.0015252994722599652
leaf_weight=206.43272791616619 37.889851085841656 168.58224622905254 4.0077335797250262 58.394443944096565 3.415513213723897
leaf_count=7183 264 1218 66 288 101
internal_value=0.000334889 0.0225527 -0.0269607 0.00874218 -0.0279144
internal_weight=478.723 264.867 213.856 96.2843 209.848
internal_count=9120 1770 7350 552 7284
is_linear=0
shrinkage=0.03


Tree=62
num_leaves=6
num_cat=0
split_feature=0 0 1 7 6
split_gain=323.544 26.1029 10.2603 4.87088 1.73929
threshold=-0.53559743381964198 0.61873701196218811 0.43518956191772196 0.48877522411129376 0.99907018497641642
decision_type=2 2 2 2 2
left_child=2 3 4 -2 -1
right_child=1 -3 -4 -5 -6
leaf_value=-0.028161044124727086 0.011634181231857877 0.029220665251421151 0.0071797207623198389 -0.003561682163684317 -0.0015141673178570678
leaf_weight=201.06215512007475 76.775368474423885 165.28853982686996 4.0297724716365328 19.2406938187778 3.4109924752265206
leaf_count=7183 430 1218 66 122 101
internal_value=0.000342126 0.0222166 -0.026834 0.00854035 -0.0278079
internal_weight=469.808 261.305 208.503 96.0161 204.473
internal_count=9120 1770 7350 552 7284
is_linear=0
shrinkage=0.03


Tree=63
num_leaves=6
num_cat=0
split_feature=0 0 3 7 1
split_gain=311.346 28.9236 32.0933 11.3083 4.81699
threshold=-0.039999152243334481 -1.3645062706886262 0.84367606505937653 0.45847758937963173 -0.55356221524146687
decision_type=2 2 2 2 2
left_child=1 -1 -3 4 -2
right_child=3 2 -4 -5 -6
leaf_value=-0.02901354080759623 0.010973653703815436 0.024205336468352493 -0.01690219134157012 0.00032902635856084535 0.028939351875731198
leaf_weight=177.74176639318466 32.568946748971939 15.472768571227787 42.739730598405004 15.855600118637083 176.91268035769463
leaf_count=6910 209 141 541 84 1235
internal_value=0.000345609 -0.0232641 -0.00402917 0.0250057 0.0267734
internal_weight=461.291 235.954 58.2125 225.337 209.482
internal_count=9120 7592 682 1528 1444
is_linear=0
shrinkage=0.03


Tree=64
num_leaves=7
num_cat=0
split_feature=0 0 1 1 6 3
split_gain=300.376 25.715 10.1105 4.73375 2.55576 0.386139
threshold=-0.53559743381964198 0.61873701196218811 0.43518956191772196 -0.12104609155714739 0.99939377080793557 0.89068593865403278
decision_type=2 2 2 2 2 2
left_child=2 3 4 -2 -1 -3
right_child=1 5 -4 -5 -6 -7
leaf_value=-0.027993898699083565 4.6677182345274175e-05 0.010899744369474182 0.0071309603197113065 0.013116264845690328 0.00035497348351099157 0.029888430529575304
leaf_weight=191.70790382102132 40.757108293473721 16.41195222735405 4.0335617810487738 54.567807707935572 2.6509957052767268 142.81827177107334
leaf_count=7202 233 102 66 319 82 1116
internal_value=0.000351254 0.0215631 -0.0265942 0.00806322 -0.0276088 0.028691
internal_weight=452.948 254.555 198.392 95.3249 194.359 159.23
internal_count=9120 1770 7350 552 7284 1218
is_linear=0
shrinkage=0.03


Tree=65
num_leaves=7
num_cat=0
split_feature=0 0 1 6 6 3
split_gain=289.192 25.4631 10.0052 4.65874 2.53635 0.406822
threshold=-0.53559743381964198 0.61873701196218811 0.43518956191772196 -0.46801505794253101 0.99939377080793557 0.89068593865403278
decision_type=2 2 2 2 2 2
left_child=2 3 4 -2 -1 -3
right_child=1 5 -4 -5 -6 -7
leaf_value=-0.027892195120034859 -0.0011019565556412967 0.01074043249087225 0.0070584355872976897 0.012161791685927128 0.00035271852794325386 0.029633910106613832
leaf_weight=186.74618478678167 33.310528535395861 16.305674597620964 4.0551784746348849 61.984538670629263 2.6518173441290847 139.85437162220478
leaf_count=7202 225 102 66 327 82 1116
internal_value=0.000367166 0.0212313 -0.0264632 0.0078611 -0.0274989 0.0284262
internal_weight=444.908 251.455 193.453 95.2951 189.398 156.16
internal_count=9120 1770 7350 552 7284 1218
is_linear=0
shrinkage=0.03


Tree=66
num_leaves=7
num_cat=0
split_feature=0 0 1 7 0 2
split_gain=278.396 25.2386 10.3156 4.69352 2.92311 2.1804
threshold=-0.53559743381964198 0.56866582402552701 0.51639226531086313 0.48877522411129376 -1.1330029975024736 0.51500000000000012
decision_type=2 2 2 2 2 2
left_child=2 3 4 -2 -1 -3
right_child=1 5 -4 -5 -6 -7
leaf_value=-0.028692028104314763 0.010373367765939867 0.030257046564524812 0.0093806320447944406 -0.0044965071595288392 -0.0087371398704545744 0.013129182865175072
leaf_weight=167.80927670001984 71.678874667733908 126.89565089344978 2.5780789814889422 18.654707502573729 18.264100380241871 31.187551081180573
leaf_count=7016 398 1038 37 118 297 216
internal_value=0.000381575 0.0209013 -0.0263309 0.0071605 -0.0272788 0.0278601
internal_weight=437.068 248.417 188.651 90.3336 186.073 158.083
internal_count=9120 1770 7350 516 7313 1254
is_linear=0
shrinkage=0.03


Tree=67
num_leaves=6
num_cat=0
split_feature=0 0 3 7 2
split_gain=268.33 28.2989 31.1504 11.0642 5.40194
threshold=-0.039999152243334481 -1.3645062706886262 0.84367606505937653 0.47369649395226454 0.59500000000000008
decision_type=2 2 2 2 2
left_child=1 -1 -3 4 -2
right_child=3 2 -4 -5 -6
leaf_value=-0.02874195305153535 0.027852350929092516 0.024064296202477319 -0.016567491820597594 -0.00095520909123861394 0.0097395755948435133
leaf_weight=159.76958521641791 166.26376525312662 15.458142472431062 41.627728894352913 14.452300414443014 31.82683077454567
leaf_count=6910 1259 141 541 78 191
internal_value=0.000389532 -0.0225792 -0.0036179 0.0237859 0.0255501
internal_weight=429.398 216.855 57.0859 212.543 198.091
internal_count=9120 7592 682 1528 1450
is_linear=0
shrinkage=0.03


Tree=68
num_leaves=7
num_cat=0
split_feature=0 0 1 1 0 3
split_gain=258.701 24.86 10.1423 4.71111 2.93266 0.624288
threshold=-0.53559743381964198 0.61873701196218811 0.51639226531086313 -0.12104609155714739 -1.1330029975024736 0.89068593865403278
decision_type=2 2 2 2 2 2
left_child=2 3 4 -2 -1 -3
right_child=1 5 -4 -5 -6 -7
leaf_value=-0.028544964048779223 -0.00064374709384276035 0.010094220648862682 0.0092746408823903056 0.012279334109468236 -0.0085781948559805043 0.028938158040515499
leaf_weight=158.96398212946951 40.492610052227974 15.865947648882864 2.5964249819517127 54.027387138456106 18.073557026684284 131.75343971699476
leaf_count=7016 233 102 37 319 297 1116
internal_value=0.000393321 0.0202939 -0.0260874 0.00721115 -0.0270742 0.0276817
internal_weight=421.773 242.139 179.634 94.52 177.038 147.619
internal_count=9120 1770 7350 552 7313 1218
is_linear=0
shrinkage=0.03


Tree=69
num_leaves=7
num_cat=0
split_feature=0 0 1 1 0 3
split_gain=249.164 24.5749 10.0471 4.47972 2.97935 0.639246
threshold=-0.53559743381964198 0.61873701196218811 0.51639226531086313 -0.12104609155714739 -1.1330029975024736 0.89068593865403278
decision_type=2 2 2 2 2 2
left_child=2 3 4 -2 -1 -3
right_child=1 5 -4 -5 -6 -7
leaf_value=-0.028469653342857403 -0.00062825434281093184 0.0099466647417681461 0.0092048170808748751 0.011974552716970273 -0.0084509535007397142 0.028696342407586076
leaf_weight=154.69390727393329 40.492998279631138 15.768110901117323 2.6132385209202758 53.995452824980021 17.947790637612343 129.00371678173542
leaf_count=7016 233 102 37 319 297 1116
internal_value=0.000402667 0.0199783 -0.0259581 0.00703039 -0.0269652 0.0274288
internal_weight=414.515 239.26 175.255 94.4885 172.642 144.772
internal_count=9120 1770 7350 552 7313 1218
is_linear=0
shrinkage=0.03


Tree=70
num_leaves=6
num_cat=0
split_feature=0 0 3 0 2
split_gain=240.001 21.9114 33.8172 14.6433 13.2105
threshold=-0.12040844598438638 -1.3645062706886262 0.82693682307618799 1.1393671261422147 0.49500000000000005
decision_type=2 2 2 2 2
left_child=1 -1 -3 4 -2
right_child=3 2 -4 -5 -6
leaf_value=-0.028528271509974092 0.018108112923907363 0.029000862137908236 -0.017633332993190406 0.029034776199042479 -0.0041237691898957582
leaf_weight=147.25971114635468 68.377946056425571 10.191926974803208 36.300504148006439 115.20093742758036 30.105315878987312
leaf_count=6910 409 99 539 1002 161
internal_value=0.000411742 -0.0231516 -0.00408637 0.021857 0.0115584
internal_weight=407.436 193.752 46.4924 213.684 98.4833
internal_count=9120 7548 638 1572 570
is_linear=0
shrinkage=0.03


Tree=71
num_leaves=7
num_cat=0
split_feature=0 0 1 6 0 3
split_gain=231.618 23.8362 9.87484 4.38595 3.00313 0.742495
threshold=-0.53559743381964198 0.61873701196218811 0.51639226531086313 -0.46801505794253101 -1.1330029975024736 0.89068593865403278
decision_type=2 2 2 2 2 2
left_child=2 3 4 -2 -1 -3
right_child=1 5 -4 -5 -6 -7
leaf_value=-0.028318754305943123 -0.0018635108921814646 0.0095679617438617689 0.0091049177827987864 0.010912345103179366 -0.0082688795578101729 0.028237196742190399
leaf_weight=146.56650645844638 32.691995233297348 15.516884326934813 2.6293597519397727 61.321800049394369 17.735559485852718 123.83084962517023
leaf_count=7016 225 102 37 327 297 1116
internal_value=0.000423508 0.0194028 -0.0257056 0.00671768 -0.026753 0.0269382
internal_weight=400.293 233.362 166.931 94.0138 164.302 139.348
internal_count=9120 1770 7350 552 7313 1218
is_linear=0
shrinkage=0.03


Tree=72
num_leaves=7
num_cat=0
split_feature=0 0 1 1 0 3
split_gain=223.052 23.5546 9.77924 4.23875 3.04488 0.753972
threshold=-0.53559743381964198 0.61873701196218811 0.51639226531086313 -0.12104609155714739 -1.1330029975024736 0.89068593865403278
decision_type=2 2 2 2 2 2
left_child=2 3 4 -2 -1 -3
right_child=1 5 -4 -5 -6 -7
leaf_value=-0.028241395258558573 -0.00086086731623501666 0.0094280445631300305 0.0090360782775812457 0.011371420221669513 -0.0081457712100277257 0.028002972502972751
leaf_weight=142.64556868746877 40.33111385628581 15.424560368061064 2.6458429731428614 53.652331572026014 17.616438876837492 121.2434664145112
leaf_count=7016 233 102 37 319 297 1116
internal_value=0.000430638 0.0190957 -0.0255721 0.00654421 -0.0266406 0.0266923
internal_weight=393.559 230.651 162.908 93.9834 160.262 136.668
internal_count=9120 1770 7350 552 7313 1218
is_linear=0
shrinkage=0.03


Tree=73
num_leaves=7
num_cat=0
split_feature=0 0 3 2 0 0
split_gain=215.181 29.2068 30.7704 11.3091 7.39863 2.401
threshold=1.0000000180025095e-35 -1.3645062706886262 0.84367606505937653 0.51500000000000012 1.1393671261422147 0.13642533258286335
decision_type=2 2 2 2 2 2
left_child=1 -1 -3 5 -5 -2
right_child=3 2 -4 4 -6 -7
leaf_value=-0.028309254692381068 0.0070067669750174732 0.0241158462897871 -0.015413286235614169 -0.0044565048306778599 0.016993330592688663 0.027747053411485603
leaf_weight=135.77690550126135 13.57901994884014 16.177265882492065 45.401980558410287 22.579468294978142 18.810743801295757 134.66621242463589
leaf_count=6910 56 143 561 126 147 1177
internal_value=0.000438797 -0.0209759 -0.00311039 0.0226597 0.00670166 0.0264101
internal_weight=386.992 197.356 61.5792 189.635 41.3902 148.245
internal_count=9120 7614 704 1506 273 1233
is_linear=0
shrinkage=0.03


Tree=74
num_leaves=6
num_cat=0
split_feature=0 0 1 0 0
split_gain=207.574 22.7691 9.59886 5.47136 3.02753
threshold=-0.53559743381964198 1.1393671261422147 0.51639226531086313 1.0000000180025095e-35 -1.1330029975024736
decision_type=2 2 2 2 2
left_child=2 3 4 -2 -1
right_child=1 -3 -4 -5 -6
leaf_value=-0.02808636348932662 -0.00086373348300404615 0.028175827747305583 0.0089244440730802434 0.01246009791894217 -0.0080146602298482202
leaf_weight=135.19199546985328 38.210623785853386 106.23421519994736 2.664577603340148 80.554849393665791 17.458600420504808
leaf_count=7016 264 1002 37 504 297
internal_value=0.000452748 0.0185603 -0.0253151 0.00843923 -0.0264247
internal_weight=380.315 225 155.315 118.765 152.651
internal_count=9120 1770 7350 768 7313
is_linear=0
shrinkage=0.03


Tree=75
num_leaves=6
num_cat=0
split_feature=0 0 1 1 0
split_gain=199.905 22.4804 9.50294 5.51578 3.06491
threshold=-0.53559743381964198 1.1393671261422147 0.51639226531086313 -0.38936010927049663 -1.1330029975024736
decision_type=2 2 2 2 2
left_child=2 3 4 -2 -1
right_child=1 -3 -4 -5 -6
leaf_value=-0.02800663601491243 -0.0026890631323037415 0.027950862665875598 0.0088566606116412087 0.011563872447708311 -0.0078949834016298018
leaf_weight=131.59239440225065 27.968780737370253 103.9910516217351 2.6807118132710448 90.29093873873353 17.344870299100876
leaf_count=7016 182 1002 37 586 297
internal_value=0.000455088 0.0182725 -0.0251773 0.00824617 -0.0263086
internal_weight=373.869 222.251 151.618 118.26 148.937
internal_count=9120 1770 7350 768 7313
is_linear=0
shrinkage=0.03


Tree=76
num_leaves=7
num_cat=0
split_feature=0 0 3 2 0 2
split_gain=192.531 26.1413 9.23626 4.65548 4.59379 6.6821
threshold=-0.83434519510988803 0.49320639349421019 0.84942907429896308 0.59500000000000008 -1.3645062706886262 0.7350000000000001
decision_type=2 2 2 2 2 2
left_child=4 2 -2 -3 -1 -6
right_child=1 3 -4 -5 5 -7
leaf_value=-0.028083984478278503 0.019378583926556052 0.02744493689784961 -0.0010882188423693116 0.0074273663213192589 -0.015371238144269776 0.011991019138010865
leaf_weight=125.23956182040274 16.461912520229816 115.38308881223202 75.579878635704517 21.381751656532288 9.3645787835121137 4.4856121949851504
leaf_count=6910 101 1134 511 156 248 60
internal_value=0.000454763 0.0171431 0.00411268 0.0250347 -0.0263065 -0.00519746
internal_weight=367.896 228.807 92.0418 136.765 139.09 13.8502
internal_count=9120 1902 612 1290 7218 308
is_linear=0
shrinkage=0.03


Tree=77
num_leaves=7
num_cat=0
split_feature=0 0 1 0 2 6
split_gain=185.709 25.6277 7.75459 4.60108 6.64268 1.22671
threshold=-0.83434519510988803 0.61873701196218811 0.2937291707345327 -1.3645062706886262 0.74500000000000011 0.52766072109828632
decision_type=2 2 2 2 2 2
left_child=3 2 -2 -1 -5 -3
right_child=1 5 -4 4 -6 -7
leaf_value=-0.028006588767000004 0.00063488416738816274 0.029332105992063293 0.019610507515195313 -0.015294695199714279 0.012003229738592944 0.014859332003743486
leaf_weight=121.89622532203794 86.673479609191418 78.795688167214394 15.236646682024 9.2890295479446632 4.4734086133539668 45.6652802079916
leaf_count=6910 595 798 89 249 59 420
internal_value=0.000464312 0.0168717 0.00497077 -0.0261931 -0.00510437 0.025522
internal_weight=362.03 226.371 101.91 135.659 13.7624 124.461
internal_count=9120 1902 684 7218 308 1218
is_linear=0
shrinkage=0.03


Tree=78
num_leaves=7
num_cat=0
split_feature=0 0 3 2 0 0
split_gain=179.379 27.2949 29.0398 11.6208 6.93342 2.39464
threshold=1.0000000180025095e-35 -1.3645062706886262 0.84942907429896308 0.51500000000000012 1.1393671261422147 0.13642533258286335
decision_type=2 2 2 2 2 2
left_child=1 -1 -3 5 -5 -2
right_child=3 2 -4 4 -6 -7
leaf_value=-0.027928341331243351 0.0065267332376531114 0.022646358998246182 -0.015428228512562718 -0.0051608830436184559 0.015741588586379862 0.026719314404120786
leaf_weight=118.6476992238313 13.51416891813278 17.210724858567119 43.919060027226806 22.227427549660206 17.465465411543846 123.46327845007181
leaf_count=6910 56 152 552 126 147 1177
internal_value=0.000482954 -0.0200686 -0.00303181 0.0213507 0.00535344 0.0253067
internal_weight=356.448 179.777 61.1298 176.67 39.6929 136.977
internal_count=9120 7614 704 1506 273 1233
is_linear=0
shrinkage=0.03


Tree=79
num_leaves=6
num_cat=0
split_feature=0 0 7 1 0
split_gain=173.206 24.6637 8.23506 4.94937 1.1433
threshold=-0.83434519510988803 1.1393671261422147 0.47369649395226454 0.51639226531086313 -1.1330029975024736
decision_type=2 2 2 2 2
left_child=3 2 -2 4 -1
right_child=1 -3 -4 -5 -6
leaf_value=-0.02768449639347649 0.010473098217545973 0.027148016713172289 -0.0065660302433463722 0.0046761186394644978 -0.0061255443681853547
leaf_weight=118.32737010158598 99.498329434543848 96.085689343512058 25.808197714388371 1.8415626939386118 8.9780220054090005
leaf_count=7016 687 1002 213 32 170
internal_value=0.000494061 0.0163864 0.00673781 -0.0259694 -0.0267209
internal_weight=350.539 221.392 125.307 129.147 127.305
internal_count=9120 1902 900 7218 7186
is_linear=0
shrinkage=0.03


Tree=80
num_leaves=6
num_cat=0
split_feature=0 0 1 1 6
split_gain=166.855 21.272 10.3673 5.32374 2.97575
threshold=-0.53559743381964198 1.1393671261422147 0.59037360995155896 -0.38936010927049663 0.99939377080793557
decision_type=2 2 2 2 2
left_child=2 3 4 -2 -1
right_child=1 -3 -4 -5 -6
leaf_value=-0.0263240032532088 -0.0032880185847608961 0.02693108099837823 0.010880307439849465 0.010652340898522777 0.0020252244476858558
leaf_weight=130.94343040324748 27.62566352263093 94.065069891512394 2.0607549026608458 88.446965388953686 2.0064447969198218
leaf_count=7246 182 1002 22 586 82
internal_value=0.000486858 0.0169329 -0.0245131 0.00733686 -0.0257844
internal_weight=345.148 210.138 135.011 116.073 132.95
internal_count=9120 1770 7350 768 7328
is_linear=0
shrinkage=0.03


Tree=81
num_leaves=7
num_cat=0
split_feature=0 0 1 1 6 0
split_gain=160.884 23.9449 7.72663 4.87736 1.90226 1.3087
threshold=-0.83434519510988803 0.61873701196218811 0.2937291707345327 0.51639226531086313 0.52766072109828632 -1.1330029975024736
decision_type=2 2 2 2 2 2
left_child=3 2 -2 5 -3 -1
right_child=1 4 -4 -5 -6 -7
leaf_value=-0.027520018138162763 0.00017048194665191533 0.028691965142222185 0.019090016733275181 0.0046460394304728703 0.013632936586440072 -0.005744814809187232
leaf_weight=112.35034191794693 85.939954578876495 72.71863853931427 15.171347882598637 1.8466414175927628 43.033168472349644 8.7406124845147115
leaf_count=7016 595 798 89 32 420 170
internal_value=0.000496084 0.0158388 0.00447189 -0.0257241 0.0246228 -0.0265064
internal_weight=339.801 216.863 101.111 122.938 115.752 121.091
internal_count=9120 1902 684 7218 1218 7186
is_linear=0
shrinkage=0.03


Tree=82
num_leaves=7
num_cat=0
split_feature=0 0 3 2 0 0
split_gain=155.328 25.8664 28.0475 11.7646 6.38471 2.39452
threshold=1.0000000180025095e-35 -1.3645062706886262 0.84367606505937653 0.51500000000000012 1.1393671261422147 0.13642533258286335
decision_type=2 2 2 2 2 2
left_child=1 -1 -3 5 -5 -2
right_child=3 2 -4 4 -6 -7
leaf_value=-0.027614365755418823 0.0061501739549699322 0.0227265266032049 -0.014984417446879296 -0.0055083501234914432 0.014692047133920421 0.025938500848892019
leaf_weight=106.8165184520185 13.456258922815321 16.548540094867349 44.042409678921103 22.034802339971066 16.385169066488743 115.47281819581985
leaf_count=6910 56 143 561 126 147 1177
internal_value=0.000515663 -0.0193467 -0.00292442 0.0203555 0.0043617 0.0244645
internal_weight=334.757 167.407 60.5909 167.349 38.42 128.929
internal_count=9120 7614 704 1506 273 1233
is_linear=0
shrinkage=0.03


Tree=83
num_leaves=6
num_cat=0
split_feature=0 0 7 1 0
split_gain=150.051 23.2315 7.70954 4.79581 1.28848
threshold=-0.83434519510988803 1.1393671261422147 0.47369649395226454 0.51639226531086313 -1.1330029975024736
decision_type=2 2 2 2 2
left_child=3 2 -2 4 -1
right_child=1 -3 -4 -5 -6
leaf_value=-0.027348719275988642 0.0097897741131619045 0.026339988958380262 -0.0067232291666773436 0.0046003284325144547 -0.0056729059374026405
leaf_weight=106.57989274151623 98.099559608846903 88.659273438155651 25.51020235195756 1.8524835649877776 8.680956941097973
leaf_count=7016 687 1002 213 32 170
internal_value=0.000525809 0.0153787 0.00613374 -0.0254872 -0.0262994
internal_weight=329.382 212.269 123.61 117.113 115.261
internal_count=9120 1902 900 7218 7186
is_linear=0
shrinkage=0.03


Tree=84
num_leaves=6
num_cat=0
split_feature=0 0 7 0 2
split_gain=144.519 22.9159 7.34436 4.79857 6.26277
threshold=-0.83434519510988803 1.1393671261422147 0.47369649395226454 -1.3645062706886262 0.74500000000000011
decision_type=2 2 2 2 2
left_child=3 2 -2 -1 -5
right_child=1 -3 -4 4 -6
leaf_value=-0.027448968875208462 0.0095389361230697207 0.026127589217928997 -0.0065822506425021248 -0.014611683353823436 0.012022165094660951
leaf_weight=101.29277838487178 97.924489848315716 86.807971104979515 25.489381045103073 8.5510624144226295 4.447278292849659
leaf_count=6910 687 1002 213 249 59
internal_value=0.000517161 0.0150995 0.00596553 -0.0253618 -0.00423399
internal_weight=324.513 210.222 123.414 114.291 12.9983
internal_count=9120 1902 900 7218 308
is_linear=0
shrinkage=0.03


Tree=85
num_leaves=7
num_cat=0
split_feature=0 0 3 2 0 0
split_gain=139.231 24.6159 26.6355 11.8016 5.93519 2.41221
threshold=1.0000000180025095e-35 -1.3645062706886262 0.84942907429896308 0.51500000000000012 1.1393671261422147 0.13642533258286335
decision_type=2 2 2 2 2 2
left_child=1 -1 -3 5 -5 -2
right_child=3 2 -4 4 -6 -7
leaf_value=-0.027364100151448592 0.0058391424930998963 0.021362602050281804 -0.015064659017177937 -0.0057001136747950529 0.013890196249053546 0.025345335186290594
leaf_weight=98.629979609511793 13.402155026793478 17.58183266222477 42.841849124059081 21.930653788149357 15.589622914791105 109.80203038454056
leaf_count=6910 56 152 552 126 147 1177
internal_value=0.000506769 -0.018807 -0.00293686 0.0196018 0.00364974 0.0238211
internal_weight=319.778 159.054 60.4237 160.724 37.5203 123.204
internal_count=9120 7614 704 1506 273 1233
is_linear=0
shrinkage=0.03


Tree=86
num_leaves=6
num_cat=0
split_feature=0 0 1 0 2
split_gain=134.564 22.1995 6.8583 4.712 6.02928
threshold=-0.83434519510988803 1.1393671261422147 0.2937291707345327 -1.3645062706886262 0.74500000000000011
decision_type=2 2 2 2 2
left_child=3 2 -2 -1 -5
right_child=1 -3 -4 4 -6
leaf_value=-0.027278177036438638 0.0018794787162472425 0.025730398564624942 0.018642574226792222 -0.014446016172285801 0.011698949810283844
leaf_weight=96.043025090359151 103.53672456741333 83.404472641646862 18.894977744668722 8.3800591733306629 4.5315008535981169
leaf_count=6910 773 1002 127 249 59
internal_value=0.000514871 0.0146194 0.0056789 -0.0251203 -0.00416887
internal_weight=314.791 205.836 122.432 108.955 12.9116
internal_count=9120 1902 900 7218 308
is_linear=0
shrinkage=0.03


Tree=87
num_leaves=6
num_cat=0
split_feature=0 0 7 0 2
split_gain=129.771 21.7937 6.92317 4.70076 5.90889
threshold=-0.83434519510988803 1.1393671261422147 0.47369649395226454 -1.3645062706886262 0.74500000000000011
decision_type=2 2 2 2 2
left_child=3 2 -2 -1 -5
right_child=1 -3 -4 4 -6
leaf_value=-0.027191177825574179 0.0090501577129592625 0.025520564481194635 -0.0066224053508093387 -0.01433398016647639 0.011558657674408128
leaf_weight=93.529788329266012 97.101260408759117 81.675960659980774 25.276166792958975 8.2719898801296932 4.5697010252624741
leaf_count=6910 687 1002 213 249 59
internal_value=0.00052022 0.0143669 0.00555737 -0.0249941 -0.00409357
internal_weight=310.425 204.053 122.377 106.371 12.8417
internal_count=9120 1902 900 7218 308
is_linear=0
shrinkage=0.03


Tree=88
num_leaves=7
num_cat=0
split_feature=0 0 3 2 0 0
split_gain=125.024 23.3377 25.2761 11.767 5.46449 2.37959
threshold=1.0000000180025095e-35 -1.3645062706886262 0.84367606505937653 0.51500000000000012 1.1393671261422147 0.13642533258286335
decision_type=2 2 2 2 2 2
left_child=1 -1 -3 5 -5 -2
right_child=3 2 -4 4 -6 -7
leaf_value=-0.027103081168958171 0.0055946756596517693 0.021021648460680768 -0.014632640723779242 -0.0057987017197029039 0.013111918950780999 0.024772742612356798
leaf_weight=91.088188298977911 13.360950157046316 17.099425742402673 43.215969953685999 21.879569880664349 14.841085098683832 104.56096269935369
leaf_count=6910 56 143 561 126 147 1177
internal_value=0.000508544 -0.0182698 -0.00297254 0.0188866 0.00301482 0.023207
internal_weight=306.046 151.404 60.3154 154.643 36.7207 117.922
internal_count=9120 7614 704 1506 273 1233
is_linear=0
shrinkage=0.03


Tree=89
num_leaves=6
num_cat=0
split_feature=0 0 1 1 0
split_gain=120.861 21.0763 6.81585 5.24167 1.25659
threshold=-0.83434519510988803 1.1393671261422147 0.2937291707345327 0.59037360995155896 -1.1330029975024736
decision_type=2 2 2 2 2
left_child=3 2 -2 4 -1
right_child=1 -3 -4 -5 -6
leaf_value=-0.026832456170994091 0.0015213402561402368 0.025128286541152397 0.018235626275748425 0.0059551955309581697 -0.0053955356880139287
leaf_weight=91.627768591977656 102.69791917875409 78.506217464804649 18.721914082765579 1.4004572927951802 8.4479385018348676
leaf_count=7030 773 1002 127 18 170
internal_value=0.000515913 0.013906 0.00529002 -0.0247458 -0.0256774
internal_weight=301.402 199.926 121.42 101.476 100.076
internal_count=9120 1902 900 7218 7200
is_linear=0
shrinkage=0.03


Tree=90
num_leaves=6
num_cat=0
split_feature=0 0 1 1 0
split_gain=116.524 20.6693 6.57191 5.19914 1.26354
threshold=-0.83434519510988803 1.1393671261422147 0.2937291707345327 0.59037360995155896 -1.1330029975024736
decision_type=2 2 2 2 2
left_child=3 2 -2 4 -1
right_child=1 -3 -4 -5 -6
leaf_value=-0.026737354196718733 0.0014800140444547001 0.024920370908499453 0.017897250533615711 0.0059303918153082126 -0.0053324161105825878
leaf_weight=89.266338299959898 102.67810730263591 76.894256807863712 18.693109534680843 1.4058682098984707 8.4104381278157216
leaf_count=7030 773 1002 127 18 170
internal_value=0.000524096 0.013664 0.0051784 -0.0246112 -0.0255607
internal_weight=297.348 198.265 121.371 99.0826 97.6768
internal_count=9120 1902 900 7218 7200
is_linear=0
shrinkage=0.03


Tree=91
num_leaves=7
num_cat=0
split_feature=0 0 3 2 0 0
split_gain=112.386 22.19 24.313 11.6658 4.98262 2.3036
threshold=1.0000000180025095e-35 -1.3645062706886262 0.84942907429896308 0.51500000000000012 1.1393671261422147 0.13642533258286335
decision_type=2 2 2 2 2 2
left_child=1 -1 -3 5 -5 -2
right_child=3 2 -4 4 -6 -7
leaf_value=-0.026833953423447954 0.0054121748103536961 0.019982248089780007 -0.014730921850501476 -0.0058109578456409707 0.012356658269407367 0.0242196104079535
leaf_weight=84.216172470711172 13.333052784204481 18.02846041880548 42.085242116823792 21.877788044512272 14.137834399938582 99.72284983843565
leaf_count=6910 56 152 552 126 147 1177
internal_value=0.000531854 -0.0177243 -0.00295509 0.0182104 0.00245618 0.0226216
internal_weight=293.401 144.33 60.1137 149.072 36.0156 113.056
internal_count=9120 7614 704 1506 273 1233
is_linear=0
shrinkage=0.03


Tree=92
num_leaves=6
num_cat=0
split_feature=0 0 7 1 0
split_gain=108.608 19.892 6.46742 5.10091 1.23297
threshold=-0.83434519510988803 1.1393671261422147 0.47369649395226454 0.59037360995155896 -1.1330029975024736
decision_type=2 2 2 2 2
left_child=3 2 -2 4 -1
right_child=1 -3 -4 -5 -6
leaf_value=-0.026546867829722317 0.0083756639682761938 0.024531825895317241 -0.0068113532418653646 0.0058589626714575368 -0.0052736467862979615
leaf_weight=84.79182356223464 95.690916799008846 73.944876424968243 24.88349536433816 1.418334949761628 8.3598822094500047
leaf_count=7030 687 1002 213 18 170
internal_value=0.00053696 0.0132357 0.00495984 -0.0243507 -0.025334
internal_weight=289.089 194.519 120.574 94.57 93.1517
internal_count=9120 1902 900 7218 7200
is_linear=0
shrinkage=0.03


Tree=93
num_leaves=6
num_cat=0
split_feature=0 0 1 1 0
split_gain=104.595 19.5646 6.52814 5.05792 1.23834
threshold=-0.83434519510988803 1.1393671261422147 0.2937291707345327 0.59037360995155896 -1.1330029975024736
decision_type=2 2 2 2 2
left_child=3 2 -2 4 -1
right_child=1 -3 -4 -5 -6
leaf_value=-0.026448114463614329 0.0011518597328935023 0.024325317709920163 0.017522053874152087 0.0058343691972209642 -0.0052120500949535886
leaf_weight=82.625267699360847 101.88198238238692 72.443121016025543 18.524752732366323 1.4236568436026562 8.3236514106392843
leaf_count=7030 773 1002 127 18 170
internal_value=0.000526796 0.0129857 0.00482095 -0.0242117 -0.0252134
internal_weight=285.222 192.85 120.407 92.3726 90.9489
internal_count=9120 1902 900 7218 7200
is_linear=0
shrinkage=0.03


Tree=94
num_leaves=5
num_cat=0
split_feature=0 0 3 2
split_gain=101.038 22.7538 17.3566 5.16523
threshold=-1.3645062706886262 0.56866582402552701 0.82345837629517116 0.51500000000000012
decision_type=2 2 2 2
left_child=-1 2 -2 -3
right_child=1 3 -4 -5
leaf_value=-0.026554639605073187 0.023661591940567057 0.025097410620545865 -0.0039835383048468266 0.0056900644697581429
leaf_weight=77.91514964774251 15.6478657387197 73.731771819293499 91.528164805844426 22.756529405713081
leaf_count=6910 116 1038 840 216
internal_value=0.000534024 0.011655 0.00172755 0.0214844
internal_weight=281.579 203.664 107.176 96.4883
internal_count=9120 2210 956 1254
is_linear=0
shrinkage=0.03


Tree=95
num_leaves=6
num_cat=0
split_feature=0 0 1 1 0
split_gain=97.8283 14.5978 10.8929 6.38341 4.36267
threshold=-0.35528030068657468 1.1393671261422147 0.73454545599719334 -0.38936010927049663 -1.1330029975024736
decision_type=2 2 2 2 2
left_child=2 3 4 -2 -1
right_child=1 -3 -4 -5 -6
leaf_value=-0.026272053195426779 -0.0055893922732891425 0.02394122163720069 0.01294897781881567 0.0099592933962546707 -0.0074326439817657217
leaf_weight=78.842277576215565 25.153821758925915 69.69510243833065 1.9781215600669373 78.252857215702534 24.109428688883781
leaf_count=7037 159 1002 14 521 387
internal_value=0.000548405 0.0141476 -0.021165 0.0060177 -0.0229088
internal_weight=278.032 173.102 104.93 103.407 102.952
internal_count=9120 1682 7438 680 7424
is_linear=0
shrinkage=0.03


Tree=96
num_leaves=5
num_cat=0
split_feature=0 0 3 1
split_gain=94.4225 21.588 17.5623 6.32292
threshold=-1.3645062706886262 0.49320639349421019 0.82345837629517116 -0.55356221524146687
decision_type=2 2 2 2
left_child=-1 2 -2 -3
right_child=1 3 -4 -5
leaf_value=-0.026361938776184313 0.023179583847593499 0.0021776045185932904 -0.0047293436578953792 0.023723301084395323
leaf_weight=73.996037601493299 15.728923197835682 16.640585243701935 86.454619435593486 81.525257512927055
leaf_count=6910 116 181 804 1109
internal_value=0.000545865 0.0112647 0.0012499 0.02061
internal_weight=274.345 200.349 102.184 98.1658
internal_count=9120 2210 920 1290
is_linear=0
shrinkage=0.03


Tree=97
num_leaves=4
num_cat=0
split_feature=0 0 3
split_gain=91.2857 21.0411 10.6352
threshold=-1.3645062706886262 1.1393671261422147 0.82345837629517116
decision_type=2 2 2
left_child=-1 2 -2
right_child=1 -3 -4
leaf_value=-0.026263336366226509 0.020238236312100737 0.023561692099457299 -0.00049712932391596406
leaf_weight=72.111664825119078 17.52066252194345 67.117009058594704 114.1622462477535
leaf_count=6910 127 1002 1081
internal_value=0.000554359 0.011074 0.00349545
internal_weight=270.912 198.8 131.683
internal_count=9120 2210 1208
is_linear=0
shrinkage=0.03


Tree=98
num_leaves=7
num_cat=0
split_feature=0 0 3 2 0 0
split_gain=88.5 19.257 21.8701 11.741 4.2952 1.97591
threshold=1.0000000180025095e-35 -1.3645062706886262 0.84942907429896308 0.51500000000000012 1.1393671261422147 0.13642533258286335
decision_type=2 2 2 2 2 2
left_child=1 -1 -3 5 -5 -2
right_child=3 2 -4 4 -6 -7
leaf_value=-0.026163512137889373 0.0052407606196427977 0.018386861423509811 -0.014431418088184577 -0.0062744709040233639 0.010829957000083433 0.023055495054602415
leaf_weight=70.281034593470395 13.300466656684874 18.545602129772305 41.402535084635019 21.636677354574203 12.786995209753512 89.88414940610528
leaf_count=6910 56 152 552 126 147 1177
internal_value=0.000561077 -0.0165257 -0.00310155 0.0167556 0.00108678 0.0214251
internal_weight=267.837 130.229 59.9481 137.608 34.4237 103.185
internal_count=9120 7614 704 1506 273 1233
is_linear=0
shrinkage=0.03


Tree=99
num_leaves=6
num_cat=0
split_feature=0 0 1 1 6
split_gain=85.4407 15.12 9.40067 4.66286 3.45317
threshold=-0.53559743381964198 1.1393671261422147 0.73454545599719334 -0.38936010927049663 0.99374995976406788
decision_type=2 2 2 2 2
left_child=2 3 4 -2 -1
right_child=1 -3 -4 -5 -6
leaf_value=-0.024718524583633179 -0.0046258860974941682 0.023178187290097033 0.011305702512261415 0.0083326008091461068 0.001116389526991913
leaf_weight=84.129172186367214 26.871214922517538 64.62233529984951 1.7819938994944085 82.769481189548969 4.0120327454060307
leaf_count=7088 182 1002 13 586 249
internal_value=0.000562289 0.0126561 -0.0217956 0.00503549 -0.0235486
internal_weight=264.186 174.263 89.9232 109.641 88.1412
internal_count=9120 1770 7350 768 7337
is_linear=0
shrinkage=0.03


Tree=100
num_leaves=4
num_cat=0
split_feature=0 0 3
split_gain=82.7661 19.5154 10.1583
threshold=-1.3645062706886262 1.1393671261422147 0.82345837629517116
decision_type=2 2 2
left_child=-1 2 -2
right_child=1 -3 -4
leaf_value=-0.025969425275902309 0.019622662967613991 0.022973569133714119 -0.00061842308045084162
leaf_weight=66.927443739026785 17.638218304142356 63.350336916744709 112.95102397724986
leaf_count=6910 127 1002 1081
internal_value=0.000567279 0.0105493 0.00331675
internal_weight=260.867 193.94 130.589
internal_count=9120 2210 1208
is_linear=0
shrinkage=0.03


Tree=101
num_leaves=5
num_cat=0
split_feature=0 0 3 6
split_gain=79.9987 19.1241 13.0229 5.36831
threshold=-1.3645062706886262 0.61873701196218811 0.82345837629517116 0.52766072109828632
decision_type=2 2 2 2
left_child=-1 2 -2 -3
right_child=1 3 -4 -5
leaf_value=-0.025866001494997921 0.020506123161153893 0.026040945940138348 -0.0031703792499072699 0.0074364424870214116
leaf_weight=65.244630630128086 16.254328044131398 50.6066461391747 93.888100854121149 32.037548210471869
leaf_count=6910 117 798 875 420
internal_value=0.000573054 0.0103551 0.00173968 0.02041
internal_weight=258.031 192.787 110.142 82.6442
internal_count=9120 2210 992 1218
is_linear=0
shrinkage=0.03


Tree=102
num_leaves=4
num_cat=0
split_feature=0 0 3
split_gain=77.4003 18.6718 9.33515
threshold=-1.3645062706886262 1.1393671261422147 0.82345837629517116
decision_type=2 2 2
left_child=-1 2 -2
right_child=1 -3 -4
leaf_value=-0.025761332826490055 0.018747654134895764 0.022596626820639721 -0.00060919370615895093
leaf_weight=63.609780102036893 17.816119782626629 61.063604075461626 112.68226264417171
leaf_count=6910 127 1002 1081
internal_value=0.000589284 0.0101832 0.00317975
internal_weight=255.172 191.562 130.498
internal_count=9120 2210 1208
is_linear=0
shrinkage=0.03


Tree=103
num_leaves=7
num_cat=0
split_feature=0 0 3 2 0 0
split_gain=75.0057 15.9536 19.2418 10.6791 4.22404 4.1356
threshold=-0.039999152243334481 -1.3645062706886262 0.84942907429896308 0.50500000000000012 0.13642533258286335 1.1393671261422147
decision_type=2 2 2 2 2 2
left_child=1 -1 -3 4 -2 -5
right_child=3 2 -4 5 -6 -7
leaf_value=-0.025655426058762903 0.0038320995687248067 0.016495251632677538 -0.014991839714530719 -0.0062124094410402203 0.022450382751946871 0.01046036646285985
leaf_weight=62.021494242362678 17.728050351142883 18.45833520591259 35.908660995773971 22.922738134860992 82.834642376750708 12.609092026948927
leaf_count=6910 74 150 532 133 1162 159
internal_value=0.000593676 -0.0163509 -0.00339969 0.0152121 0.0198117 0.000702143
internal_weight=252.483 116.388 54.367 136.095 100.563 35.5318
internal_count=9120 7592 682 1528 1236 292
is_linear=0
shrinkage=0.03


Tree=104
num_leaves=6
num_cat=0
split_feature=0 0 1 1 6
split_gain=72.416 11.9009 9.75952 6.57672 3.94404
threshold=-0.35528030068657468 1.3185178531294721 0.73454545599719334 -0.38936010927049663 0.99374995976406788
decision_type=2 2 2 2 2
left_child=2 3 4 -2 -1
right_child=1 -3 -4 -5 -6
leaf_value=-0.023050781661292971 -0.0058056167156886468 0.022834943317096897 0.012182999523371598 0.0096848945869813085 0.0021149826048800346
leaf_weight=82.909887917339802 26.430725622922182 54.018855836242437 2.0658565852791062 79.520475406199694 4.262625813484191
leaf_count=7173 177 930 14 575 251
internal_value=0.00058979 0.0124573 -0.0197956 0.00565318 -0.0217292
internal_weight=249.208 159.97 89.2384 105.951 87.1725
internal_count=9120 1682 7438 752 7424
is_linear=0
shrinkage=0.03


Tree=105
num_leaves=6
num_cat=0
split_feature=0 0 3 3 5
split_gain=70.3718 17.2591 8.95055 0.203179 0.0434571
threshold=-1.3645062706886262 1.1393671261422147 0.82345837629517116 0.92943948312262414 -0.91597561503675329
decision_type=2 2 2 2 2
left_child=4 2 -2 -3 -1
right_child=1 3 -4 -5 -6
leaf_value=-0.0018819216244282423 0.018231667821346369 0.007311562871163654 -0.00071090579676030342 0.023960479765553776 -0.025776263397165745
leaf_weight=1.7182574765756715 17.905276421457529 12.292919442057608 111.38130811881274 45.466471776366234 57.463041002862155
leaf_count=190 127 172 1081 830 6720
internal_value=0.000598962 0.00971585 0.00303309 0.0220191 -0.0254548
internal_weight=246.227 187.046 129.287 57.7594 59.1813
internal_count=9120 2210 1208 1002 6910
is_linear=0
shrinkage=0.03


Tree=106
num_leaves=6
num_cat=0
split_feature=0 0 3 6 5
split_gain=68.1083 16.8629 11.5514 5.85385 0.0411376
threshold=-1.3645062706886262 0.61873701196218811 0.82345837629517116 0.52766072109828632 -0.91597561503675329
decision_type=2 2 2 2 2
left_child=4 2 -2 -3 -1
right_child=1 3 -4 -5 -6
leaf_value=-0.0018741575300581892 0.019101995131581003 0.025423343162246263 -0.00311752886015713 0.0062362344003436924 -0.025672940120648555
leaf_weight=1.7150893677026022 16.552577134221792 46.403255712240934 92.828551448881626 30.314114462584257 56.025462700054049
leaf_count=190 117 798 875 420 6720
internal_value=0.000610545 0.00954624 0.00156336 0.0194352 -0.0253471
internal_weight=243.839 186.098 109.381 76.7174 57.7406
internal_count=9120 2210 992 1218 6910
is_linear=0
shrinkage=0.03


Tree=107
num_leaves=6
num_cat=0
split_feature=0 0 3 3 5
split_gain=65.9358 16.5306 8.22602 0.255562 0.038782
threshold=-1.3645062706886262 1.1393671261422147 0.82345837629517116 0.92943948312262414 -0.91597561503675329
decision_type=2 2 2 2 2
left_child=4 2 -2 -3 -1
right_child=1 3 -4 -5 -6
leaf_value=-0.0018664355385641016 0.017425977362545128 0.0070570629739082043 -0.00069485680507006735 0.023637511824034424 -0.025568442813273223
leaf_weight=1.7119400352239598 18.066375453025103 12.094267372041939 111.13382095936686 43.714459899812937 54.628795759752393
leaf_count=190 127 172 1081 830 6720
internal_value=0.000621417 0.0093868 0.00290886 0.0216627 -0.0252381
internal_weight=241.35 185.009 129.2 55.8087 56.3407
internal_count=9120 2210 1208 1002 6910
is_linear=0
shrinkage=0.03


Tree=108
num_leaves=6
num_cat=0
split_feature=0 0 1 1 6
split_gain=63.8644 12.1374 8.47493 4.99399 3.38756
threshold=-0.53559743381964198 1.3185178531294721 0.73454545599719334 -0.38936010927049663 0.99374995976406788
decision_type=2 2 2 2 2
left_child=2 3 4 -2 -1
right_child=1 -3 -4 -5 -6
leaf_value=-0.023757332370131588 -0.0049257573128441154 0.022121827137518309 0.010657687896422498 0.0082371448505213479 0.0016391251338004366
leaf_weight=70.589454963803291 28.136853847652674 50.195873755961657 1.8564372919499863 84.60478638485074 3.7020229976624242
leaf_count=7088 200 930 13 640 249
internal_value=0.000631487 0.01112 -0.0204969 0.00481842 -0.0224475
internal_weight=239.085 162.938 76.1479 112.742 74.2915
internal_count=9120 1770 7350 840 7337
is_linear=0
shrinkage=0.03


Tree=109
num_leaves=6
num_cat=0
split_feature=0 0 3 1 5
split_gain=61.9691 15.6754 13.1753 6.93677 0.0643739
threshold=-1.3645062706886262 0.49320639349421019 0.82345837629517116 -0.55356221524146687 -0.91597561503675329
decision_type=2 2 2 2 2
left_child=4 2 -2 -3 -1
right_child=1 3 -4 -5 -6
leaf_value=-0.0017680703068325891 0.019473423163721259 -0.00050655163201251247 -0.0044801392754981626 0.021656644221511492 -0.02536743430808348
leaf_weight=1.6719161607325066 16.483041409403086 14.67594029381871 84.325186662375927 67.18988574296236 52.091975807212293
leaf_count=190 116 181 804 1109 6720
internal_value=0.000635247 0.00909463 0.00084042 0.0180608 -0.0250259
internal_weight=236.438 182.674 100.808 81.8658 53.7639
internal_count=9120 2210 920 1290 6910
is_linear=0
shrinkage=0.03


Tree=110
num_leaves=6
num_cat=0
split_feature=0 0 3 6 5
split_gain=59.9636 15.3773 7.71078 0.497322 0.0617147
threshold=-1.3645062706886262 1.1393671261422147 0.82345837629517116 0.52766072109828632 -0.91597561503675329
decision_type=2 2 2 2 2
left_child=4 2 -2 -3 -1
right_child=1 3 -4 -5 -6
leaf_value=-0.0017609164408757822 0.01678060152935278 0.024464448399699384 -0.0007546382195031333 0.0087963864975993573 -0.025259573209108408
leaf_weight=1.6690183598548163 18.125316049903631 33.900131329894066 110.38637424167246 19.084458027034998 50.807117004413158
leaf_count=190 127 685 1081 317 6720
internal_value=0.00063299 0.0089346 0.00275148 0.0211136 -0.0249137
internal_weight=233.972 181.496 128.512 52.9846 52.4761
internal_count=9120 2210 1208 1002 6910
is_linear=0
shrinkage=0.03


Tree=111
num_leaves=7
num_cat=0
split_feature=0 1 2 2 0 0
split_gain=58.2138 15.5902 11.701 7.83944 3.67454 1.4872
threshold=1.0000000180025095e-35 0.31356427673039439 0.50500000000000012 0.60500000000000009 1.0583807678868451 0.13642533258286335
decision_type=2 2 2 2 2 2
left_child=1 3 5 -1 -4 -2
right_child=2 -3 4 -5 -6 -7
leaf_value=-0.023028587370599578 0.0050420184071377156 0.011460825571816432 -0.0075098424411187883 -0.0032107985123844807 0.0084040194478775081 0.02131625994695498
leaf_weight=71.071629674173892 13.261378079652784 11.641952323727308 20.133371263742447 27.735429986380041 13.100748792290686 74.969968538731337
leaf_count=5554 56 194 117 1866 171 1162
internal_value=0.000646002 -0.0144467 0.0144248 -0.018272 -0.000743804 0.0196325
internal_weight=231.914 110.449 121.465 98.8071 33.2341 88.2313
internal_count=9120 7614 1506 7420 288 1218
is_linear=0
shrinkage=0.03


Tree=112
num_leaves=6
num_cat=0
split_feature=0 0 3 6 5
split_gain=56.8276 14.5103 7.43043 0.608388 0.0642641
threshold=-1.3645062706886262 1.1393671261422147 0.82345837629517116 0.52766072109828632 -0.91597561503675329
decision_type=2 2 2 2 2
left_child=4 2 -2 -3 -1
right_child=1 3 -4 -5 -6
leaf_value=-0.0017287851649429367 0.016473877648726116 0.024185589623227206 -0.00074016095918619793 0.0084331635368423748 -0.025073445061147726
leaf_weight=1.6559503134340037 18.17888761498034 32.576531708240509 109.50594649091363 18.678371742367744 48.703434634953737
leaf_count=190 127 685 1081 317 6720
internal_value=0.000648986 0.00871892 0.00272915 0.020759 -0.0247194
internal_weight=229.299 178.94 127.685 51.2549 50.3594
internal_count=9120 2210 1208 1002 6910
is_linear=0
shrinkage=0.03


Tree=113
num_leaves=5
num_cat=0
split_feature=0 0 1 5
split_gain=55.0396 14.1797 7.55658 0.0614806
threshold=-1.3645062706886262 1.3185178531294721 0.31356427673039439 -0.91597561503675329
decision_type=2 2 2 2
left_child=3 2 -2 -1
right_child=1 -3 -4 -5
leaf_value=-0.0017218378379659088 -0.00052013922314947847 0.021262685070008669 0.016525954658801474 -0.024962506531018183
leaf_weight=1.653143680654465 112.78493122197688 46.038034483790398 19.350066625513136 47.514708407688886
leaf_count=190 1114 930 166 6720
internal_value=0.00066114 0.00857026 0.00296319 -0.0246042
internal_weight=227.341 178.173 132.135 49.1679
internal_count=9120 2210 1280 6910
is_linear=0
shrinkage=0.03


Tree=114
num_leaves=6
num_cat=0
split_feature=0 0 3 6 5
split_gain=53.268 13.8285 7.09874 0.739958 0.0586728
threshold=-1.3645062706886262 1.1393671261422147 0.82345837629517116 0.52766072109828632 -0.91597561503675329
decision_type=2 2 2 2 2
left_child=4 2 -2 -3 -1
right_child=1 3 -4 -5 -6
leaf_value=-0.0017149269695474077 0.016041408278927888 0.023903427096980068 -0.00076478769271926363 0.0080315808596490828 -0.024850454341089404
leaf_weight=1.6503530088812102 18.247710108757019 31.299219127744436 109.50416176579893 18.243723031133413 46.359653232153505
leaf_count=190 127 685 1081 317 6720
internal_value=0.000659697 0.00841333 0.00262601 0.0203892 -0.0244879
internal_weight=225.305 177.295 127.752 49.5429 48.01
internal_count=9120 2210 1208 1002 6910
is_linear=0
shrinkage=0.03


Tree=115
num_leaves=7
num_cat=0
split_feature=0 2 0 2 0 0
split_gain=51.7088 14.5121 13.0351 11.5741 5.49733 3.49856
threshold=-0.16827533197495367 0.60500000000000009 -1.9474064004379688 0.50500000000000012 0.13642533258286335 1.0583807678868451
decision_type=2 2 2 2 2 2
left_child=1 -1 -3 4 -2 -5
right_child=3 2 -4 5 -6 -7
leaf_value=-0.023961963121637467 0.0036164801003664791 -0.016161770155129863 0.015467957139732516 -0.0073125793902909259 0.020761468614365081 0.0077881975575480886
leaf_weight=58.231769354548305 27.339293643832207 11.502428615931423 15.868254695553331 26.340328253805637 71.579381257295609 12.590613994747399
leaf_count=5626 117 1659 241 144 1162 171
internal_value=0.000670749 -0.0165514 0.00140783 0.0117616 0.01679 -0.00183527
internal_weight=223.452 85.6025 27.3707 137.85 98.9187 38.9309
internal_count=9120 7526 1900 1594 1279 315
is_linear=0
shrinkage=0.03


Tree=116
num_leaves=5
num_cat=0
split_feature=0 0 1 5
split_gain=50.1233 13.2215 7.30552 0.0686051
threshold=-1.3645062706886262 1.3185178531294721 0.31356427673039439 -0.91597561503675329
decision_type=2 2 2 2
left_child=3 2 -2 -1
right_child=1 -3 -4 -5
leaf_value=-0.0016590601036352382 -0.00063358721684801959 0.020735262358445972 0.016161299636809595 -0.024636949930711079
leaf_weight=1.6278007552027691 112.11322702746838 43.710609421133995 19.20451542828232 44.276890859007835
leaf_count=190 1114 930 166 6720
internal_value=0.000657372 0.00815182 0.00279239 -0.0242647
internal_weight=220.933 175.028 131.318 45.9047
internal_count=9120 2210 1280 6910
is_linear=0
shrinkage=0.03


Tree=117
num_leaves=5
num_cat=0
split_feature=0 0 1 5
split_gain=48.5224 12.8762 7.02033 0.0656305
threshold=-1.3645062706886262 1.3185178531294721 0.31356427673039439 -0.91597561503675329
decision_type=2 2 2 2
left_child=3 2 -2 -1
right_child=1 -3 -4 -5
leaf_value=-0.0016524744803653431 -0.000616112588301406 0.020541708814816598 0.015851773718636178 -0.024521766480929099
leaf_weight=1.6251523047685612 112.11782274581492 42.90524847432971 19.187643997371197 43.213385883718729
leaf_count=190 1114 930 166 6720
internal_value=0.000655341 0.0080028 0.00274184 -0.0241454
internal_weight=219.049 174.211 131.305 44.8385
internal_count=9120 2210 1280 6910
is_linear=0
shrinkage=0.03


Tree=118
num_leaves=6
num_cat=0
split_feature=0 0 1 1 6
split_gain=47.0621 9.47406 7.5315 4.54713 3.36877
threshold=-0.53559743381964198 1.3185178531294721 0.73454545599719334 -0.38936010927049663 0.99374995976406788
decision_type=2 2 2 2 2
left_child=2 3 4 -2 -1
right_child=1 -3 -4 -5 -6
leaf_value=-0.022701223557698432 -0.0049937405395006152 0.020348418960566939 0.0099981797036973828 0.0075952928516222545 0.0022676826809576683
leaf_weight=59.387997810728848 27.892663665115833 42.120331201702356 1.924575526267289 82.508559338748455 3.3821507790125898
leaf_count=7088 200 930 13 640 249
internal_value=0.000652893 0.00968468 -0.019086 0.00426411 -0.0212291
internal_weight=217.216 152.522 64.6947 110.401 62.7701
internal_count=9120 1770 7350 840 7337
is_linear=0
shrinkage=0.03


Tree=119
num_leaves=6
num_cat=0
split_feature=0 0 3 2 5
split_gain=45.6449 12.2099 16.5907 11.3106 0.0873035
threshold=-1.3645062706886262 1.0000000180025095e-35 0.84942907429896308 0.46500000000000002 -0.91597561503675329
decision_type=2 2 2 2 2
left_child=4 2 -2 -3 -1
right_child=1 3 -4 -5 -6
leaf_value=-0.0015627917228161932 0.01515929438814149 0.019290936615977455 -0.0133914331868203 -0.00017403652371241369 -0.024301466663608821
leaf_weight=1.589150734245776 19.481142463162541 74.540486536920071 39.084446321241558 39.122616458684206 41.286309750285
leaf_count=190 152 1134 552 372 6720
internal_value=0.000655138 0.00774806 -0.00306856 0.0131188 -0.0239136
internal_weight=215.104 172.229 58.5656 113.663 42.8755
internal_count=9120 2210 704 1506 6910
is_linear=0
shrinkage=0.03


Tree=120
num_leaves=6
num_cat=0
split_feature=0 0 3 5 6
split_gain=44.1597 12.0341 6.98178 0.0840921 0.0742037
threshold=-1.3645062706886262 1.3185178531294721 0.78375416504762152 -0.91597561503675329 0.52766072109828632
decision_type=2 2 2 2 2
left_child=3 2 -2 -1 -3
right_child=1 4 -4 -5 -6
leaf_value=-0.001556695217835753 0.018635112338089326 0.022809914114476165 -0.00021302664983458963 -0.024183288987151087 0.0074903992651163378
leaf_weight=1.5867140977643419 10.71689912304282 26.684309720993042 119.48516947124153 40.307108676526695 14.136755798012016
leaf_count=190 68 655 1212 6720 275
internal_value=0.00063436 0.00760145 0.00255687 -0.0237914 0.0200224
internal_weight=212.917 171.023 130.202 41.8938 40.8211
internal_count=9120 2210 1280 6910 930
is_linear=0
shrinkage=0.03


Tree=121
num_leaves=6
num_cat=0
split_feature=0 0 1 6 5
split_gain=42.8195 11.753 6.75882 0.0874918 0.0808705
threshold=-1.3645062706886262 1.3185178531294721 0.31356427673039439 0.52766072109828632 -0.91597561503675329
decision_type=2 2 2 2 2
left_child=4 2 -2 -3 -1
right_child=1 3 -4 -5 -6
leaf_value=-0.0015506288602793637 -0.0007760634223781997 0.02265750954791779 0.015424216487118165 0.007387737450045704 -0.024064117636952244
leaf_weight=1.5842906325124193 111.23636365309358 26.133494757115841 19.001660662703216 14.043588459491728 39.35544525552541
leaf_count=190 1114 655 166 275 6720
internal_value=0.000650112 0.00748032 0.00251887 0.0198561 -0.0236683
internal_weight=211.355 170.415 130.238 40.1771 40.9397
internal_count=9120 2210 1280 930 6910
is_linear=0
shrinkage=0.03


Tree=122
num_leaves=6
num_cat=0
split_feature=0 0 3 6 5
split_gain=41.5102 11.5578 10.8734 7.71421 0.0776401
threshold=-1.3645062706886262 0.49320639349421019 0.82345837629517116 0.52766072109828632 -0.91597561503675329
decision_type=2 2 2 2 2
left_child=4 2 -2 -3 -1
right_child=1 3 -4 -5 -6
leaf_value=-0.001544593200014025 0.0172129035381006 0.022657406890899037 -0.0044581810433132699 0.0022659681002866242 -0.02394396906485986
leaf_weight=1.5818802206777025 16.90787959843874 42.31596639379859 82.450852671638131 28.101752951741219 38.430514370556921
leaf_count=190 116 855 804 435 6720
internal_value=0.000660514 0.00735737 0.000466356 0.0158134 -0.0235443
internal_weight=209.789 169.776 99.3587 70.4177 40.0124
internal_count=9120 2210 920 1290 6910
is_linear=0
shrinkage=0.03


Tree=123
num_leaves=7
num_cat=0
split_feature=0 0 1 1 6 6
split_gain=40.2842 8.5653 7.06963 4.33382 3.29289 0.0775667
threshold=-0.53559743381964198 1.3185178531294721 0.73454545599719334 -0.38936010927049663 0.99374995976406788 0.52766072109828632
decision_type=2 2 2 2 2 2
left_child=2 3 4 -2 -1 -3
right_child=1 5 -4 -5 -6 -7
leaf_value=-0.022135146956174821 -0.0050868195154213577 0.022352550743009233 0.0096760438736864553 0.0072119969368780621 0.0024636242807781756 0.0072552954575049334
leaf_weight=54.573982958681881 27.750060200691223 25.069624528288841 1.9546579867601384 81.509860888123512 3.2630578530952326 13.924294535070656
leaf_count=7088 200 655 13 640 249 275
internal_value=0.000662288 0.00900714 -0.0183547 0.00392371 -0.0205887 0.0195427
internal_weight=208.046 148.254 59.7917 109.26 57.837 38.9939
internal_count=9120 1770 7350 840 7337 930
is_linear=0
shrinkage=0.03


Tree=124
num_leaves=6
num_cat=0
split_feature=0 0 3 5 6
split_gain=39.1417 10.9776 6.64985 0.0974229 0.0899896
threshold=-1.3645062706886262 1.3185178531294721 0.78375416504762152 -0.91597561503675329 0.52766072109828632
decision_type=2 2 2 2 2
left_child=3 2 -2 -1 -3
right_child=1 4 -4 -5 -6
leaf_value=-0.0014592619093711933 0.018068630944970368 0.022201043037642119 -0.00031493632414777132 -0.023714879386434292 0.0071556640860945559
leaf_weight=1.5478561813943077 10.745388235896824 24.559459503740072 118.79751734994352 36.756212698761374 13.835214737802742
leaf_count=190 68 655 1212 6720 275
internal_value=0.000677119 0.00714908 0.00239552 -0.0233038 0.0193784
internal_weight=206.242 167.938 129.543 38.3041 38.3947
internal_count=9120 2210 1280 6910 930
is_linear=0
shrinkage=0.03


Tree=125
num_leaves=6
num_cat=0
split_feature=0 0 3 2 5
split_gain=37.9669 10.8684 15.49 10.9284 0.0939928
threshold=-1.3645062706886262 1.0000000180025095e-35 0.78375416504762152 0.46500000000000002 -0.91597561503675329
decision_type=2 2 2 2 2
left_child=4 2 -2 -3 -1
right_child=1 3 -4 -5 -6
leaf_value=-0.0014536772371698369 0.021476613685406949 0.018531246883063863 -0.010114774729313618 -0.00073079505325738864 -0.023592055747069067
leaf_weight=1.5456390292383719 8.3564447797834855 70.70974076166749 49.942349620163441 38.378841437399387 35.904101999942213
leaf_count=190 52 1134 652 372 6720
internal_value=0.000691092 0.00703674 -0.00310502 0.0122623 -0.0231773
internal_weight=204.837 167.387 58.2988 109.089 37.4497
internal_count=9120 2210 704 1506 6910
is_linear=0
shrinkage=0.03


Tree=126
num_leaves=6
num_cat=0
split_feature=0 0 1 6 5
split_gain=36.7906 10.5817 6.52791 0.140216 0.0905624
threshold=-1.3645062706886262 1.3185178531294721 0.31356427673039439 0.52766072109828632 -0.91597561503675329
decision_type=2 2 2 2 2
left_child=4 2 -2 -3 -1
right_child=1 3 -4 -5 -6
leaf_value=-0.0014481198331516214 -0.00096599712740136118 0.021944887560594692 0.015001999673609807 0.0069268300924228837 -0.023468355713311927
leaf_weight=1.5434334469027806 110.08687888085842 23.718829933553934 18.803397158160806 13.62843895703554 35.075796780642122
leaf_count=190 1114 655 166 275 6720
internal_value=0.000681961 0.00692095 0.00227593 0.0190851 -0.02305
internal_weight=202.857 166.238 128.89 37.3473 36.6192
internal_count=9120 2210 1280 930 6910
is_linear=0
shrinkage=0.03


Tree=127
num_leaves=6
num_cat=0
split_feature=0 0 3 6 5
split_gain=35.6826 10.3373 6.30157 0.150725 0.0871339
threshold=-1.3645062706886262 1.3185178531294721 0.82345837629517116 0.52766072109828632 -0.91597561503675329
decision_type=2 2 2 2 2
left_child=4 2 -2 -3 -1
right_child=1 3 -4 -5 -6
leaf_value=-0.001442589625882421 0.014705951897011996 0.021794231221192069 -0.00095600691489165996 0.0068314654377333401 -0.023343807250856656
leaf_weight=1.5412393640726794 18.934315357357264 23.242645870894194 109.94714987557381 13.544992372393606 34.270596467889845
leaf_count=190 132 655 1148 275 6720
internal_value=0.000690783 0.00680929 0.00223814 0.0189226 -0.0229219
internal_weight=201.481 165.669 128.881 36.7876 35.8118
internal_count=9120 2210 1280 930 6910
is_linear=0
shrinkage=0.03


Tree=128
num_leaves=7
num_cat=0
split_feature=0 2 2 0 0 0
split_gain=34.7252 14.3708 10.466 9.7156 4.57428 2.62484
threshold=-0.16827533197495367 0.60500000000000009 0.50500000000000012 -1.9474064004379688 0.13642533258286335 0.96509497103540032
decision_type=2 2 2 2 2 2
left_child=1 -1 4 -3 -2 -4
right_child=2 3 5 -5 -6 -7
leaf_value=-0.022842809553888482 0.0031975595146415065 -0.014031761979477782 -0.0074956524513443458 0.014444411287146974 0.0190526038200594 0.0058580071932527542
leaf_weight=48.222860373090953 27.166245564818382 8.6990268328227121 25.48673965036869 16.054798984900117 62.452693324536085 12.124831508845089
leaf_count=5626 117 1659 138 241 1162 177
internal_value=0.00069863 -0.0146548 0.00993121 0.00327923 0.0150499 -0.00286462
internal_weight=200.207 72.9767 127.231 24.7538 89.6189 37.6116
internal_count=9120 7526 1594 1900 1279 315
is_linear=0
shrinkage=0.03


Tree=129
num_leaves=6
num_cat=0
split_feature=0 0 1 6 5
split_gain=33.6389 9.86924 6.30584 0.222759 0.0934734
threshold=-1.3645062706886262 1.3185178531294721 0.31356427673039439 0.52766072109828632 -0.91597561503675329
decision_type=2 2 2 2 2
left_child=4 2 -2 -3 -1
right_child=1 3 -4 -5 -6
leaf_value=-0.0013953238242053287 -0.0010371522988931279 0.021522983000375556 0.014687128756963619 0.0065495776021591776 -0.023107824711766284
leaf_weight=1.5224761031568039 109.53265330940485 22.409611497074366 18.675945842638612 13.298107549548147 32.819065980613232
leaf_count=190 1114 655 166 275 6720
internal_value=0.000680911 0.00659707 0.00215033 0.0185996 -0.022677
internal_weight=198.258 163.916 128.209 35.7077 34.3415
internal_count=9120 2210 1280 930 6910
is_linear=0
shrinkage=0.03


Tree=130
num_leaves=6
num_cat=0
split_feature=0 0 1 6 5
split_gain=32.6354 9.63917 6.05863 0.230947 0.0899678
threshold=-1.3645062706886262 1.3185178531294721 0.31356427673039439 0.52766072109828632 -0.91597561503675329
decision_type=2 2 2 2 2
left_child=4 2 -2 -3 -1
right_child=1 3 -4 -5 -6
leaf_value=-0.001390048321960376 -0.0010085736682561249 0.021373321781468772 0.014408124680612984 0.0064591605066623677 -0.022980993321318265
leaf_weight=1.5203902889043082 109.54046957287937 21.966272167861462 18.660348511300981 13.220888931304215 32.076616254635155
leaf_count=190 1114 655 166 275 6720
internal_value=0.000689002 0.00649174 0.00211559 0.0184392 -0.0225469
internal_weight=196.985 163.388 128.201 35.1872 33.597
internal_count=9120 2210 1280 930 6910
is_linear=0
shrinkage=0.03


Tree=131
num_leaves=7
num_cat=0
split_feature=0 6 0 1 6 5
split_gain=31.7654 7.84428 9.33964 7.51199 6.41293 6.42405
threshold=-0.53559743381964198 0.52766072109828632 0.13642533258286335 0.31356427673039439 0.73865729060996177 -0.5
decision_type=2 2 2 2 2 2
left_child=4 2 -2 -3 -1 -6
right_child=1 3 -4 -5 5 -7
leaf_value=-0.023164636184451151 -8.64037336569102e-05 -0.0064166344771845229 0.020314291749467989 0.013220714319666489 0.011081515159213068 -0.013745671813480532
leaf_weight=35.605040124151856 29.927724912762642 45.323649786412716 51.581646345555782 15.6677232645452 9.5434087458997983 8.0962572046555561
leaf_count=5742 207 444 943 176 233 1375
internal_value=0.000696457 0.00807794 0.0136329 -0.000220393 -0.0172125 -0.00116407
internal_weight=195.745 142.501 81.5094 60.9914 53.2447 17.6397
internal_count=9120 1770 1150 620 7350 1608
is_linear=0
shrinkage=0.03


Tree=132
num_leaves=6
num_cat=0
split_feature=0 0 3 6 5
split_gain=30.756 9.29866 6.05466 0.194457 0.107421
threshold=-1.3645062706886262 1.3185178531294721 0.82345837629517116 0.52766072109828632 -0.91597561503675329
decision_type=2 2 2 2 2
left_child=4 2 -2 -3 -1
right_child=1 3 -4 -5 -6
leaf_value=-0.0013100552862560049 0.014198731196311373 0.021081574986905507 -0.0011446436197174109 0.0063933228228537607 -0.02273928938655094
leaf_weight=1.4888242701999832 19.007725946605206 21.130478316918015 108.57745220325887 13.163892179727553 30.728736688382924
leaf_count=190 132 655 1148 275 6720
internal_value=0.000682637 0.00628648 0.00200708 0.0181597 -0.0222939
internal_weight=194.097 161.88 127.585 34.2944 32.2176
internal_count=9120 2210 1280 930 6910
is_linear=0
shrinkage=0.03


Tree=133
num_leaves=7
num_cat=0
split_feature=0 6 6 1 0 5
split_gain=29.9495 8.14021 8.0266 9.1038 7.4308 6.63547
threshold=-0.35528030068657468 0.73865729060996177 0.52766072109828632 0.22023907422571401 0.13642533258286335 -0.5
decision_type=2 2 2 2 2 2
left_child=1 -1 4 -4 -2 -3
right_child=2 5 3 -5 -6 -7
leaf_value=-0.022409374808035919 0.00078027702426078816 0.010671334092340621 -0.0089296873756179833 0.01208707414517193 0.019999965088524849 -0.01365873397864798
leaf_weight=38.010036212392151 27.056016609072685 12.996025176253172 35.010527301579714 21.55849801748991 50.376283761113882 7.973721408750861
leaf_count=5810 151 252 347 241 943 1376
internal_value=0.000689634 -0.0155984 0.00844407 -0.000307651 0.0141417 -3.22934e-06
internal_weight=192.981 58.9798 134.001 56.569 77.4323 20.9697
internal_count=9120 7438 1682 588 1094 1628
is_linear=0
shrinkage=0.03


Tree=134
num_leaves=6
num_cat=0
split_feature=0 0 3 1 5
split_gain=29.0009 8.97605 5.88286 0.216202 0.123351
threshold=-1.3645062706886262 1.3185178531294721 0.78375416504762152 -0.56658960645241496 -0.91597561503675329
decision_type=2 2 2 2 2
left_child=4 2 -2 -3 -1
right_child=1 3 -4 -5 -6
leaf_value=-0.0012343026899242898 0.016545779511723698 0.0030985595397632123 -0.00068239461845089392 0.019109363288371997 -0.022497531235500079
leaf_weight=1.4590769815258706 10.93180577456951 5.2583723515272132 116.08404014632106 28.184904126450419 29.462284707929939
leaf_count=190 68 114 1212 816 6720
internal_value=0.000671933 0.00608511 0.00189974 0.0178847 -0.022041
internal_weight=191.38 160.459 127.016 33.4433 30.9214
internal_count=9120 2210 1280 930 6910
is_linear=0
shrinkage=0.03


Tree=135
num_leaves=7
num_cat=0
split_feature=0 6 0 1 1 6
split_gain=28.2187 7.31904 8.58848 7.03098 6.11107 3.06619
threshold=-0.53559743381964198 0.52766072109828632 0.13642533258286335 0.31356427673039439 0.73454545599719334 0.99374995976406788
decision_type=2 2 2 2 2 2
left_child=4 2 -2 -3 5 -1
right_child=1 3 -4 -5 -6 -7
leaf_value=-0.020805875728204085 -1.9684781701954147e-05 -0.0063127825221757777 0.019701256831369855 0.012753642409750137 0.0090421423807432282 0.002794024534067201
leaf_weight=45.350929139181972 29.866842985153198 45.308016289025545 49.289079932495952 15.40774319693446 2.0003065587952724 3.0314450194127849
leaf_count=7088 207 444 943 176 13 249
internal_value=0.000676502 0.00762104 0.0130926 -0.00035503 -0.0166721 -0.0191019
internal_weight=190.254 139.872 79.1559 60.7158 50.3827 48.3824
internal_count=9120 1770 1150 620 7350 7337
is_linear=0
shrinkage=0.03


Tree=136
num_leaves=6
num_cat=0
split_feature=0 0 3 3 5
split_gain=27.4095 8.58633 5.83286 1.19788 0.138564
threshold=-1.3645062706886262 1.1393671261422147 0.78375416504762152 0.92943948312262414 -0.91597561503675329
decision_type=2 2 2 2 2
left_child=4 2 -2 -3 -1
right_child=1 3 -4 -5 -6
leaf_value=-0.0011600024998430515 0.016237682524786651 0.0031016952176618892 -0.001011585061334632 0.019531302647407885 -0.022252131260664946
leaf_weight=1.4300199621357048 10.747413214296101 9.3093587197363359 111.66838834248483 27.237716233357787 28.253126528579742
leaf_count=190 66 172 1142 830 6720
internal_value=0.000687315 0.00592441 0.0016147 0.0169118 -0.0217844
internal_weight=188.646 158.963 122.416 36.5471 29.6831
internal_count=9120 2210 1208 1002 6910
is_linear=0
shrinkage=0.03


Tree=137
num_leaves=5
num_cat=0
split_feature=0 0 3 5
split_gain=26.6063 8.36468 5.64826 0.134646
threshold=-1.3645062706886262 1.4020679699192866 0.82345837629517116 -0.91597561503675329
decision_type=2 2 2 2
left_child=3 2 -2 -1
right_child=1 -3 -4 -5
leaf_value=-0.0011558160314702295 0.0136779524520822 0.017696987396731263 -0.0011392996072049249 -0.022121033779421588
leaf_weight=1.428389483597132 18.998880727216601 30.747137669473886 108.73594433162361 27.636548782233149
leaf_count=190 132 894 1184 6720
internal_value=0.000692001 0.00583131 0.00189763 -0.0216503
internal_weight=187.547 158.482 127.735 29.0649
internal_count=9120 2210 1316 6910
is_linear=0
shrinkage=0.03


Tree=138
num_leaves=7
num_cat=0
split_feature=0 2 2 0 0 6
split_gain=25.8545 13.9365 9.75245 7.82388 3.74729 2.12459
threshold=-0.16827533197495367 0.60500000000000009 0.50500000000000012 -1.9474064004379688 0.13642533258286335 0.52766072109828632
decision_type=2 2 2 2 2 2
left_child=1 -1 4 -3 -2 -4
right_child=2 3 5 -5 -6 -7
leaf_value=-0.021989290184292014 0.0031473524812151831 -0.012567411730603465 0.0043565519625391562 0.013773719249484586 0.017783570548487358 -0.0077912018248846773
leaf_weight=42.361425052862614 27.153265088796616 7.1538635632023242 12.831478636711834 16.138954584952444 56.902000965550542 23.96189733594656
leaf_count=5626 117 1659 119 241 1162 196
internal_value=0.000685047 -0.0133098 0.00872423 0.0043388 0.0138928 -0.00352908
internal_weight=186.503 65.6542 120.849 23.2928 84.0553 36.7934
internal_count=9120 7526 1594 1900 1279 315
is_linear=0
shrinkage=0.03


Tree=139
num_leaves=5
num_cat=0
split_feature=0 0 1 5
split_gain=25.0903 8.00116 5.67373 0.138143
threshold=-1.3645062706886262 1.4020679699192866 0.31356427673039439 -0.91597561503675329
decision_type=2 2 2 2
left_child=3 2 -2 -1
right_child=1 -3 -4 -5
leaf_value=-0.0011158862592342714 -0.0012152197856663883 0.01738520961420921 0.013730774923420209 -0.021873308629268638
leaf_weight=1.4128134129568959 108.59005678072572 29.892664248123765 18.526728942990303 26.522941952105612
leaf_count=190 1146 894 170 6720
internal_value=0.000664343 0.00563515 0.00180562 -0.0213944
internal_weight=184.945 157.009 127.117 27.9358
internal_count=9120 2210 1316 6910
is_linear=0
shrinkage=0.03


Tree=140
num_leaves=7
num_cat=0
split_feature=0 6 0 1 6 5
split_gain=24.349 7.10261 7.86399 6.67665 6.09434 5.38317
threshold=-0.53559743381964198 0.52766072109828632 0.13642533258286335 0.31356427673039439 0.73865729060996177 -0.5
decision_type=2 2 2 2 2 2
left_child=4 2 -2 -3 -1 -6
right_child=1 3 -4 -5 5 -7
leaf_value=-0.022252269712707183 6.2055477764919953e-05 -0.0064984996997049481 0.019105665734725264 0.012210868683757673 0.010390814906653936 -0.012668439107053045
leaf_weight=30.557105289073661 29.759815394878387 44.857006881386042 47.059524904936552 15.013505961745976 9.6354334466159361 7.0089675248600534
leaf_count=5742 207 444 943 176 233 1375
internal_value=0.000658303 0.00710053 0.0125851 -0.00073066 -0.0159775 -0.000429693
internal_weight=183.891 136.69 76.8193 59.8705 47.2015 16.6444
internal_count=9120 1770 1150 620 7350 1608
is_linear=0
shrinkage=0.03


Tree=141
num_leaves=5
num_cat=0
split_feature=0 0 3 5
split_gain=23.657 7.68435 5.46085 0.152035
threshold=-1.3645062706886262 1.4020679699192866 0.82345837629517116 -0.91597561503675329
decision_type=2 2 2 2
left_child=3 2 -2 -1
right_child=1 -3 -4 -5
leaf_value=-0.001044740219363938 0.013269521800152543 0.017094319621599095 -0.0012936253881158785 -0.021622617771553648
leaf_weight=1.385211525484922 19.067853674292564 29.123377503827214 107.4813436139375 25.459786110324785
leaf_count=190 132 894 1184 6720
internal_value=0.000643573 0.00544766 0.00171176 -0.0211325
internal_weight=182.518 155.673 126.549 26.845
internal_count=9120 2210 1316 6910
is_linear=0
shrinkage=0.03


Tree=142
num_leaves=7
num_cat=0
split_feature=0 6 0 1 6 5
split_gain=22.9897 6.87941 7.55782 6.45842 5.91833 5.12649
threshold=-0.53559743381964198 0.52766072109828632 0.13642533258286335 0.31356427673039439 0.73865729060996177 -0.5
decision_type=2 2 2 2 2 2
left_child=4 2 -2 -3 -1 -6
right_child=1 3 -4 -5 5 -7
leaf_value=-0.022031518306373867 8.3559832386741515e-05 -0.0064584463325693224 0.018816101863475654 0.011979219061904984 0.010093298146035067 -0.012460346671521638
leaf_weight=29.509071660228074 29.754697505384684 44.802062530070543 46.100181726738811 14.887414038181303 9.7053504842333513 6.8144661532714954
leaf_count=5742 207 444 943 176 233 1375
internal_value=0.000637027 0.00689209 0.0123337 -0.000800758 -0.0157252 -0.000400534
internal_weight=181.573 135.544 75.8549 59.6895 46.0289 16.5198
internal_count=9120 1770 1150 620 7350 1608
is_linear=0
shrinkage=0.03


Tree=143
num_leaves=6
num_cat=0
split_feature=0 7 1 0 5
split_gain=22.311 7.39359 6.07641 6.05814 0.165062
threshold=-1.3645062706886262 0.47369649395226454 0.27683779401626402 1.0000000180025095e-35 -0.91597561503675329
decision_type=2 2 2 2 2
left_child=4 3 -3 -2 -1
right_child=1 2 -4 -5 -6
leaf_value=-0.00097580920307350518 -0.0011978662252059174 -0.014977863298061656 0.0076898275487043482 0.012332235500438533 -0.021370701084928546
leaf_weight=1.3585851630196 40.66681669652462 17.698023684322838 9.447713256813584 86.632355885580182 24.450912020402029
leaf_count=190 423 267 88 1432 6720
internal_value=0.000622163 0.00526434 -0.00714234 0.00823749 -0.0208694
internal_weight=180.254 154.445 27.1457 127.299 25.8095
internal_count=9120 2210 355 1855 6910
is_linear=0
shrinkage=0.03


Tree=144
num_leaves=6
num_cat=0
split_feature=0 0 3 5 6
split_gain=21.5911 7.30523 5.37944 0.160933 0.00887769
threshold=-1.3645062706886262 1.4020679699192866 0.82345837629517116 -0.91597561503675329 0.52766072109828632
decision_type=2 2 2 2 2
left_child=3 2 -2 -1 -3
right_child=1 4 -4 -5 -6
leaf_value=-0.00097242120148452699 0.012995868319141452 0.019281332954166452 -0.0014686946829232585 -0.021236861869005592 0.0056382743683369716
leaf_weight=1.3572810804471398 19.036743717268109 16.660297887399796 106.49784072022885 23.937652337597683 11.40594572201371
leaf_count=190 132 633 1184 6720 261
internal_value=0.00057822 0.00514054 0.00152181 -0.0207331 0.0166746
internal_weight=178.896 153.601 125.535 25.2949 28.0662
internal_count=9120 2210 1316 6910 894
is_linear=0
shrinkage=0.03


Tree=145
num_leaves=6
num_cat=0
split_feature=0 0 1 5 6
split_gain=20.98 7.1347 5.23941 0.156839 0.016156
threshold=-1.3645062706886262 1.4020679699192866 0.31356427673039439 -0.91597561503675329 0.52766072109828632
decision_type=2 2 2 2 2
left_child=3 2 -2 -1 -3
right_child=1 4 -4 -5 -6
leaf_value=-0.00096904728082036057 -0.0014073380114482969 0.01913912572307427 0.012995065169931749 -0.021102750492875431 0.0055633505390776548
leaf_weight=1.3559827525168682 107.23173538129777 16.359425110742453 18.357416114769876 23.438204305479303 11.348317809402941
leaf_count=190 1146 633 170 6720 261
internal_value=0.000585587 0.00506309 0.00150102 -0.0205966 0.0165288
internal_weight=178.091 153.297 125.589 24.7942 27.7077
internal_count=9120 2210 1316 6910 894
is_linear=0
shrinkage=0.03


Tree=146
num_leaves=7
num_cat=0
split_feature=0 6 0 1 6 5
split_gain=20.466 6.62757 7.0728 6.09471 5.76811 4.75708
threshold=-0.53559743381964198 0.52766072109828632 0.21276369247119364 0.31356427673039439 0.73865729060996177 -0.5
decision_type=2 2 2 2 2 2
left_child=4 2 -2 -3 -1 -6
right_child=1 3 -4 -5 5 -7
leaf_value=-0.021629840968767664 0.0010621757207042372 -0.0064987198000869958 0.0191051619086786 0.011489230540440151 0.0098268055973501252 -0.012026713355631312
leaf_weight=27.709440394304693 34.163190968334675 44.587645348161459 39.97240692563355 14.649246595799921 9.7482279418036359 6.4184835909400126
leaf_count=5742 231 444 919 176 233 1375
internal_value=0.000593027 0.00648724 0.0119051 -0.00103339 -0.0152024 -0.000129875
internal_weight=177.249 133.372 74.1356 59.2369 43.8762 16.1667
internal_count=9120 1770 1150 620 7350 1608
is_linear=0
shrinkage=0.03


Tree=147
num_leaves=6
num_cat=0
split_feature=0 7 1 0 5
split_gain=19.8293 6.9802 6.37865 2.36687 0.168818
threshold=-1.3645062706886262 -0.85225707553516272 0.31356427673039439 1.0000000180025095e-35 -0.91597561503675329
decision_type=2 2 2 2 2
left_child=4 3 -3 -2 -1
right_child=1 2 -4 -5 -6
leaf_value=-0.00090293840726560746 -0.00022406967666478239 -0.0021998219525430828 0.013271991663772777 0.019002778357485095 -0.020848602377083754
leaf_weight=1.3305641664192105 6.6773100551217821 101.26138746924698 20.667405515909195 23.575055265799165 22.530113805085421
leaf_count=190 73 1427 238 472 6720
internal_value=0.000581087 0.00491145 0.00122992 0.0157576 -0.0203315
internal_weight=176.042 152.181 121.929 30.2524 23.8607
internal_count=9120 2210 1665 545 6910
is_linear=0
shrinkage=0.03


Tree=148
num_leaves=7
num_cat=0
split_feature=0 6 0 1 6 5
split_gain=19.2812 6.29283 6.92084 5.67595 5.63026 4.5634
threshold=-0.53559743381964198 0.52766072109828632 0.13642533258286335 0.31356427673039439 0.73865729060996177 -0.5
decision_type=2 2 2 2 2 2
left_child=4 2 -2 -3 -1 -6
right_child=1 3 -4 -5 5 -7
leaf_value=-0.02140117145374992 -1.1765285393709479e-05 -0.0062710560054189401 0.018047934794947575 0.011120740144345387 0.0096251862143741963 -0.011828755779127436
leaf_weight=26.780664525926113 29.650847606360912 44.711399257183075 43.59185322932899 14.492713700979946 9.7956200521439332 6.2465882769320151
leaf_count=5742 207 444 943 176 233 1375
internal_value=0.000578858 0.00629031 0.0116137 -0.00102192 -0.0149327 -6.29899e-05
internal_weight=175.27 132.447 73.2427 59.2041 42.8229 16.0422
internal_count=9120 1770 1150 620 7350 1608
is_linear=0
shrinkage=0.03


Tree=149
num_leaves=5
num_cat=0
split_feature=0 0 3 5
split_gain=18.7274 6.79355 5.29576 0.180009
threshold=-1.3645062706886262 1.4020679699192866 0.82345837629517116 -0.91597561503675329
decision_type=2 2 2 2
left_child=3 2 -2 -1
right_child=1 -3 -4 -5
leaf_value=-0.00083893074356581926 0.01268179965185039 0.016111622107556796 -0.0016785430091031132 -0.020593994504286128
leaf_weight=1.3060522670857633 19.018344791606069 26.692359853535891 105.41103438753635 21.667795015731826
leaf_count=190 132 894 1184 6720
internal_value=0.000563862 0.00475079 0.00129646 -0.0200659
internal_weight=174.096 151.122 124.429 22.9738
internal_count=9120 2210 1316 6910
is_linear=0
shrinkage=0.03


end of trees

feature_importances:
v2_margin=412
day1_minus_v2=85
target_season_sin=78
v2_solar_ratio=64
day1_cloud=56
target_hour_cos=37
target_season_cos=21

parameters:
[boosting: gbdt]
[objective: binary]
[metric: binary_logloss]
[tree_learner: serial]
[device_type: cpu]
[data_sample_strategy: bagging]
[data: ]
[valid: ]
[num_iterations: 150]
[learning_rate: 0.03]
[num_leaves: 7]
[num_threads: 2]
[seed: 0]
[deterministic: 1]
[force_col_wise: 1]
[force_row_wise: 0]
[histogram_pool_size: -1]
[max_depth: 3]
[min_data_in_leaf: 100]
[min_sum_hessian_in_leaf: 0.001]
[bagging_fraction: 1]
[pos_bagging_fraction: 1]
[neg_bagging_fraction: 1]
[bagging_freq: 0]
[bagging_seed: 7719]
[bagging_by_query: 0]
[feature_fraction: 1]
[feature_fraction_bynode: 1]
[feature_fraction_seed: 2437]
[extra_trees: 0]
[extra_seed: 11797]
[early_stopping_round: 0]
[early_stopping_min_delta: 0]
[first_metric_only: 0]
[max_delta_step: 0]
[lambda_l1: 0]
[lambda_l2: 10]
[linear_lambda: 0]
[min_gain_to_split: 0]
[drop_rate: 0.1]
[max_drop: 50]
[skip_drop: 0.5]
[xgboost_dart_mode: 0]
[uniform_drop: 0]
[drop_seed: 21238]
[top_rate: 0.2]
[other_rate: 0.1]
[min_data_per_group: 100]
[max_cat_threshold: 32]
[cat_l2: 10]
[cat_smooth: 10]
[max_cat_to_onehot: 4]
[top_k: 20]
[monotone_constraints: ]
[monotone_constraints_method: basic]
[monotone_penalty: 0]
[feature_contri: ]
[forcedsplits_filename: ]
[refit_decay_rate: 0.9]
[cegb_tradeoff: 1]
[cegb_penalty_split: 0]
[cegb_penalty_feature_lazy: ]
[cegb_penalty_feature_coupled: ]
[path_smooth: 0]
[interaction_constraints: ]
[verbosity: -1]
[saved_feature_importance_type: 0]
[use_quantized_grad: 0]
[num_grad_quant_bins: 4]
[quant_train_renew_leaf: 0]
[stochastic_rounding: 1]
[linear_tree: 0]
[max_bin: 255]
[max_bin_by_feature: ]
[min_data_in_bin: 3]
[bin_construct_sample_cnt: 200000]
[data_random_seed: 38]
[is_enable_sparse: 1]
[enable_bundle: 1]
[use_missing: 1]
[zero_as_missing: 0]
[feature_pre_filter: 1]
[pre_partition: 0]
[two_round: 0]
[header: 0]
[label_column: ]
[weight_column: ]
[group_column: ]
[ignore_column: ]
[categorical_feature: ]
[forcedbins_filename: ]
[precise_float_parser: 0]
[parser_config_file: ]
[objective_seed: 8855]
[num_class: 1]
[is_unbalance: 0]
[scale_pos_weight: 1]
[sigmoid: 1]
[boost_from_average: 1]
[reg_sqrt: 0]
[alpha: 0.9]
[fair_c: 1]
[poisson_max_delta_step: 0.7]
[tweedie_variance_power: 1.5]
[lambdarank_truncation_level: 30]
[lambdarank_norm: 1]
[label_gain: ]
[lambdarank_position_bias_regularization: 0]
[eval_at: ]
[multi_error_top_k: 1]
[auc_mu_weights: ]
[num_machines: 1]
[local_listen_port: 12400]
[time_out: 120]
[machine_list_filename: ]
[machines: ]
[gpu_platform_id: -1]
[gpu_device_id: -1]
[gpu_device_id_list: ]
[gpu_use_dp: 0]
[num_gpu: 1]

end of parameters

pandas_categorical:[]
