tree
version=v4
num_class=1
num_tree_per_iteration=1
label_index=0
max_feature_idx=10
objective=binary sigmoid:1
feature_names=v2_margin day1_minus_v2 day1_cloud v2_solar_ratio target_hour_sin target_hour_cos target_season_sin target_season_cos ecmwf_minus_v2 gfs_minus_v2 forecast_disagreement
feature_infos=[-6:3.758532621789608] [-2.3377538110635148:1.5348695586576695] [0:1] [0:1.0714081310946868] [-1:1] [-1:1] [-0.99999942202469239:0.99998555065071859] [-0.99997919295908244:1] [-4.7653418399051262:2.3900335800961896] [-5.5768309152608468:3.9660876808156758] [0:5.4199999999999999]
tree_sizes=666 679 680 784 678 785 788 682 785 784 789 889 680 884 889 888 889 790 793 789 790 789 894 891 897 888 888 889 896 890 889 891 893 891 892 890 891 892 885 891 889 894 782 890 782 890 788 785 783 876 788 785 787 785 889 888 889 885 889 785 784 788 891 786 782 893 895 894 891 893 895 896 894 894 886 890 893 895 895 889 889 889 889 682 686 680 889 682 679 886 680 678 882 682 683 889 678 789 681 682 888 679 888 671 889 679 678 895 679 684 894 679 784 678 682 681 890 789 896 782 785 787 790 788 889 788 783 789 789 786 900 789 786 791 683 899 785 788 790 788 902 791 899 788 681 787 791 904 683 786

Tree=0
num_leaves=5
num_cat=0
split_feature=0 0 9 8
split_gain=8850.17 112.119 34.8686 30.6726
threshold=1.0000000180025095e-35 -0.37144856803439602 1.1861730935798727 -0.025135844457514902
decision_type=2 2 2 2
left_child=1 2 -1 -3
right_child=-2 3 -4 -5
leaf_value=-1.7745937108597547 -1.5618969469392552 -1.7476045290160089 -1.7342037959827612 -1.6962402916533428
leaf_weight=1109.1746947169304 202.47646167874336 14.734798967838289 16.894209161400795 12.702412903308867
leaf_count=8732 1594 116 133 100
internal_value=-1.73994 -1.77245 -1.77394 -1.7185
internal_weight=1355.98 1153.51 1126.07 27.4372
internal_count=10675 9081 8865 216
is_linear=0
shrinkage=1


Tree=1
num_leaves=5
num_cat=0
split_feature=0 0 9 0
split_gain=7598.96 56.5031 53.3529 16.679
threshold=-0.1220053855135967 0.13617733609905147 1.1861730935798727 -0.37144856803439602
decision_type=2 2 2 2
left_child=2 -2 3 -1
right_child=1 -3 -4 -5
leaf_value=-0.034463280165049584 0.059344042106733448 0.15638271283740754 0.012223341894298129 -0.0022038443541734249
leaf_weight=1082.3760050237179 22.442554742097855 216.40693604946136 18.257859513163567 16.050533398985863
leaf_count=8732 165 1510 143 125
internal_value=-2.01115e-05 0.150016 -0.0331582 -0.034016
internal_weight=1355.53 238.849 1116.68 1098.43
internal_count=10675 1675 9000 8857
is_linear=0
shrinkage=0.03


Tree=2
num_leaves=5
num_cat=0
split_feature=0 9 0 0
split_gain=6684.12 52.4117 30.5644 16.5151
threshold=-0.1220053855135967 1.1861730935798727 0.058146120042539461 -0.37144856803439602
decision_type=2 2 2 2
left_child=1 3 -2 -1
right_child=2 -3 -4 -5
leaf_value=-0.034277196843901521 0.04702006972976662 0.011919417079780083 0.13701787858052264 -0.0021651886333218292
leaf_weight=1056.0565360188484 17.092504516243935 18.414279699325562 245.06981486082077 16.025878772139549
leaf_count=8732 123 143 1552 125
internal_value=-2.64796e-05 -0.0329479 0.133093 -0.0338216
internal_weight=1352.66 1090.5 262.162 1072.08
internal_count=10675 9000 1675 8857
is_linear=0
shrinkage=0.03


Tree=3
num_leaves=6
num_cat=0
split_feature=0 8 0 0 0
split_gain=5963.22 51.7149 31.6335 15.2698 6.64758
threshold=-0.1220053855135967 0.49178611086384483 -1.7186186285088831 0.13617733609905147 -0.31704652366956848
decision_type=2 2 2 2 2
left_child=1 4 -3 -2 -1
right_child=3 2 -4 -5 -6
leaf_value=-0.034072679380516877 0.053238487285452933 -0.019154136969292301 0.030487185749061976 0.12398705332644616 -0.0058272473467656915
leaf_weight=1025.88211363554 24.433571219444275 14.037440910935404 12.722046062350271 258.70531484484673 12.147936210036276
leaf_count=8687 165 116 102 1510 95
internal_value=-3.15587e-05 -0.0327432 0.00631986 0.119906 -0.0338009
internal_weight=1347.93 1064.79 26.7595 283.139 1038.03
internal_count=10675 9000 218 1675 8782
is_linear=0
shrinkage=0.03


Tree=4
num_leaves=5
num_cat=0
split_feature=0 9 0 0
split_gain=5381.46 51.4625 16.3338 4.91575
threshold=-0.1220053855135967 1.1861730935798727 -0.37144856803439602 0.13617733609905147
decision_type=2 2 2 2
left_child=1 2 -1 -2
right_child=3 -3 -4 -5
leaf_value=-0.033926201145088451 0.050860172159105065 0.011842935573348617 -0.0019782827500132165 0.1127742823423845
leaf_weight=1005.2519834786654 25.263450637459755 18.45200677216053 15.906100936233996 276.59325629472733
leaf_count=8732 165 143 125 1510
internal_value=-3.26189e-05 -0.0325435 -0.0334526 0.10939
internal_weight=1341.47 1039.61 1021.16 301.857
internal_count=10675 9000 8857 1675
is_linear=0
shrinkage=0.03


Tree=5
num_leaves=6
num_cat=0
split_feature=0 8 0 0 8
split_gain=4899.3 51.2685 30.2105 6.52081 3.43904
threshold=-0.1220053855135967 0.49178611086384483 -1.7186186285088831 -0.31704652366956848 -0.44866432650144777
decision_type=2 2 2 2 2
left_child=1 3 -3 -1 -2
right_child=4 2 -4 -5 -6
leaf_value=-0.033731471415492487 0.048732512978040328 -0.018777226640571847 0.029870059253107789 -0.0057225102272424619 0.10391957210712277
leaf_weight=976.24272183328867 27.54014864563942 13.630602598190309 12.912227004766462 12.085475713014601 291.02553625404835
leaf_count=8687 146 116 102 95 1529
internal_value=-3.07119e-05 -0.0323486 0.00658604 -0.0334497 0.100777
internal_weight=1333.44 1014.87 26.5428 988.328 318.566
internal_count=10675 9000 218 8782 1675
is_linear=0
shrinkage=0.03


Tree=6
num_leaves=6
num_cat=0
split_feature=0 8 0 0 0
split_gain=4490.34 50.5679 29.0021 6.67042 6.48694
threshold=-0.1220053855135967 0.49178611086384483 -1.7186186285088831 0.21276369247119364 -0.31704652366956848
decision_type=2 2 2 2 2
left_child=1 4 -3 -2 -1
right_child=3 2 -4 -5 -6
leaf_value=-0.033567551329995338 0.049458523740354338 -0.018600339407278701 0.029015789719961552 0.097106546453414141 -0.0056411205696065723
leaf_weight=951.99496921896935 36.104467451572418 13.445328429341318 13.183839708566664 297.50749412178993 12.037064641714094
leaf_count=8687 207 116 102 1468 95
internal_value=-2.86847e-05 -0.0321583 0.00645951 0.0935394 -0.0332804
internal_weight=1324.27 990.661 26.6292 333.612 964.032
internal_count=10675 9000 218 1675 8782
is_linear=0
shrinkage=0.03


Tree=7
num_leaves=5
num_cat=0
split_feature=0 9 0 0
split_gain=4141.36 50.4881 16.1514 3.38938
threshold=-0.1220053855135967 1.1861730935798727 -0.37144856803439602 0.13617733609905147
decision_type=2 2 2 2
left_child=1 2 -1 -2
right_child=3 -3 -4 -5
leaf_value=-0.033442709940267941 0.042563344547678489 0.011954886338482559 -0.0016578263780330383 0.090031069920520151
leaf_weight=932.85526928305626 28.384487956762314 18.381570190191269 15.699048087000845 318.42555025219917
leaf_count=8732 165 143 125 1510
internal_value=-2.46766e-05 -0.0319724 -0.0329394 0.0874479
internal_weight=1313.75 966.936 948.554 346.81
internal_count=10675 9000 8857 1675
is_linear=0
shrinkage=0.03


Tree=8
num_leaves=6
num_cat=0
split_feature=0 8 0 0 8
split_gain=3837.75 50.1197 27.7009 6.74827 5.56322
threshold=-0.1220053855135967 0.49178611086384483 -1.7186186285088831 -0.68808524751751732 -0.44866432650144777
decision_type=2 2 2 2 2
left_child=1 3 -3 -1 -2
right_child=4 2 -4 -5 -6
leaf_value=-0.033537626445433712 0.040463974009858752 -0.018239350272940373 0.028433452434636464 -0.013314515211737262 0.084766141227567801
leaf_weight=884.1135373711586 30.386548489332199 13.059640869498255 13.367075532674788 33.111670508980751 328.06387567520142
leaf_count=8489 146 116 102 293 1529
internal_value=-1.98708e-05 -0.0317901 0.00669327 -0.032959 0.0822107
internal_weight=1302.1 943.652 26.4267 917.225 358.45
internal_count=10675 9000 218 8782 1675
is_linear=0
shrinkage=0.03


Tree=9
num_leaves=6
num_cat=0
split_feature=0 9 0 0 8
split_gain=3569.94 49.5358 16.0472 6.8742 18.4544
threshold=-0.1220053855135967 1.1861730935798727 -0.37144856803439602 0.21276369247119364 -0.021953049620708921
decision_type=2 2 2 2 2
left_child=1 2 -1 4 -2
right_child=3 -3 -4 -5 -6
leaf_value=-0.033144335794754155 0.011394508671704447 0.011819974127825461 -0.0014532625661369553 0.0805633834908209 0.057158012664840621
leaf_weight=886.94682598114014 19.094003558158875 18.440844476222992 15.56865284591913 329.28469732403755 20.458427369594574
leaf_count=8732 101 143 125 1468 106
internal_value=-1.79386e-05 -0.0316123 -0.0326196 0.0776227 0.0418235
internal_weight=1289.79 920.956 902.515 368.837 39.5524
internal_count=10675 9000 8857 1675 207
is_linear=0
shrinkage=0.03


Tree=10
num_leaves=6
num_cat=0
split_feature=0 8 0 0 8
split_gain=3335.83 49.6644 29.2048 6.96235 5.07688
threshold=-0.1220053855135967 0.49178611086384483 -1.6615139779885573 -0.68808524751751732 -0.59517301743648821
decision_type=2 2 2 2 2
left_child=1 3 -3 -1 -2
right_child=4 2 -4 -5 -6
leaf_value=-0.033258368258250473 0.031178003782350389 -0.018376590069526966 0.029649180067975935 -0.012847208837689521 0.075386127956972374
leaf_weight=840.03750728815794 21.992791935801506 13.333990737795832 12.901599586009977 32.360672071576118 355.59788611531258
leaf_count=8489 101 121 97 293 1574
internal_value=-4.96179e-06 -0.0314372 0.00690521 -0.0326554 0.0736821
internal_weight=1276.22 898.634 26.2356 872.398 377.591
internal_count=10675 9000 218 8782 1675
is_linear=0
shrinkage=0.03


Tree=11
num_leaves=7
num_cat=0
split_feature=0 8 0 0 8 0
split_gain=3122.92 48.9952 28.0439 8.46019 17.9902 7.03987
threshold=-0.1220053855135967 0.49178611086384483 -1.6615139779885573 0.21276369247119364 -0.021953049620708921 -0.68808524751751732
decision_type=2 2 2 2 2 2
left_child=1 5 -3 4 -2 -1
right_child=3 2 -4 -5 -6 -7
leaf_value=-0.033123758216825269 0.0095330642185789058 -0.018205417356007315 0.028814424187182507 0.072840533617634082 0.052292751147703459 -0.012646156518336527
leaf_weight=818.5135268047452 19.816768199205399 13.152356840670111 13.162774719297884 343.97079612314701 21.689326405525208 32.0525808557868
leaf_count=8489 101 121 97 1468 106 293
internal_value=-3.59385e-06 -0.0312661 0.00677193 0.0701047 0.037692 -0.032508
internal_weight=1262.36 876.881 26.3151 385.477 41.5061 850.566
internal_count=10675 9000 218 1675 207 8782
is_linear=0
shrinkage=0.03


Tree=12
num_leaves=5
num_cat=0
split_feature=0 9 0 8
split_gain=2934.73 46.9893 17.5488 10.4592
threshold=-0.17508276694123534 1.1861730935798727 0.058146120042539461 0.40760711927292881
decision_type=2 2 2 2
left_child=1 3 -2 -1
right_child=2 -3 -4 -5
leaf_value=-0.032907701224489216 0.026834539515528829 0.011452720534407951 0.068713093055150165 -0.0075788839893732359
leaf_weight=812.2352647036314 26.969994723796844 17.999679520726204 368.31600297987461 21.979459799826145
leaf_count=8625 150 140 1552 208
internal_value=6.17651e-06 -0.031291 0.0665884 -0.032338
internal_weight=1247.5 852.214 395.286 834.215
internal_count=10675 8973 1702 8833
is_linear=0
shrinkage=0.03


Tree=13
num_leaves=7
num_cat=0
split_feature=0 8 0 0 9 9
split_gain=2762.2 46.4554 30.1383 15.7623 4.62585 2.07545
threshold=-0.17508276694123534 0.49178611086384483 -1.5706228037660568 0.058146120042539461 1.0679859414931629 0.035539398661912795
decision_type=2 2 2 2 2 2
left_child=1 4 -3 -2 -1 -5
right_child=3 2 -4 5 -6 -7
leaf_value=-0.032670531538487264 0.025986631366876043 -0.018702009399792104 0.030115493925121795 0.03027950702441454 -0.0055515224361009667 0.067418748089610125
leaf_weight=794.98439395427704 27.335113182663918 13.874028690159323 12.212355360388754 25.05180349946022 10.25683833658695 348.4929401576519
leaf_count=8663 150 128 88 105 94 1447
internal_value=9.2012e-06 -0.0311285 0.0061642 0.0637673 -0.0323974 0.0657824
internal_weight=1232.21 831.328 26.0864 400.88 805.241 373.545
internal_count=10675 8973 216 1702 8757 1552
is_linear=0
shrinkage=0.03


Tree=14
num_leaves=7
num_cat=0
split_feature=0 8 0 0 9 8
split_gain=2606.77 46.0741 49.3007 14.4194 3.72387 2.37223
threshold=-0.17508276694123534 0.40760711927292881 -1.3631648224630892 0.058146120042539461 1.027141966172967 -0.53532989710705225
decision_type=2 2 2 2 2 2
left_child=1 4 -3 -2 -1 -5
right_child=3 2 -4 5 -6 -7
leaf_value=-0.032689146882498653 0.025175249752660649 -0.022294500918280998 0.036013640907542249 0.029561192779220046 -0.005722415048226479 0.064816259339538579
leaf_weight=767.83342623710632 27.686469852924347 21.163531802594662 12.504114255309103 26.350811719894409 9.3698051497340185 351.39135237038136
leaf_count=8590 150 201 94 111 88 1441
internal_value=2.07957e-05 -0.0309694 0.00264909 0.0612557 -0.0324409 0.0631827
internal_weight=1216.3 810.871 33.6676 405.429 777.203 377.742
internal_count=10675 8973 295 1702 8678 1552
is_linear=0
shrinkage=0.03


Tree=15
num_leaves=7
num_cat=0
split_feature=0 8 0 0 8 9
split_gain=2464.61 45.6743 47.2972 14.3857 21.9043 3.72021
threshold=-0.17508276694123534 0.40760711927292881 -1.3631648224630892 0.21276369247119364 -0.03036398120148277 1.027141966172967
decision_type=2 2 2 2 2 2
left_child=1 5 -3 4 -2 -1
right_child=3 2 -4 -5 -6 -7
leaf_value=-0.032567803176128694 0.0047580719506333654 -0.022094751979106396 0.034934858171030175 0.061722767366942863 0.045500057616701096 -0.005651311766154638
leaf_weight=747.9115653783083 21.599311485886574 20.809982463717461 12.807643912732599 361.48872612416744 25.973545461893082 9.3294934406876546
leaf_count=8590 109 201 94 1468 125 88
internal_value=3.28564e-05 -0.0308128 0.00266046 0.0589805 0.0310415 -0.0323142
internal_weight=1199.92 790.859 33.6176 409.062 47.5729 757.241
internal_count=10675 8973 295 1702 234 8678
is_linear=0
shrinkage=0.03


Tree=16
num_leaves=7
num_cat=0
split_feature=0 8 0 0 8 9
split_gain=2333.79 45.2649 45.3847 13.1526 20.4981 4.34536
threshold=-0.17508276694123534 0.40760711927292881 -1.3631648224630892 0.21276369247119364 -0.03036398120148277 1.0679859414931629
decision_type=2 2 2 2 2 2
left_child=1 5 -3 4 -2 -1
right_child=3 2 -4 -5 -6 -7
leaf_value=-0.032450596515183137 0.0046542363986578654 -0.021897159153723145 0.033898106587677251 0.059538382206163712 0.043989078365693123 -0.0045224159248612285
leaf_weight=729.15300517529249 21.64120988547802 20.463325075805187 13.104635223746298 363.83737090229988 26.396624058485031 8.5795951560139638
leaf_count=8598 109 201 94 1468 125 80
internal_value=4.37106e-05 -0.0306589 0.00266579 0.0569031 0.0301238 -0.0321906
internal_weight=1183.18 771.301 33.568 411.875 48.0378 737.733
internal_count=10675 8973 295 1702 234 8678
is_linear=0
shrinkage=0.03


Tree=17
num_leaves=6
num_cat=0
split_feature=0 0 9 8 0
split_gain=2214.77 42.1018 29.5242 5.45644 5.28844
threshold=-0.31704652366956848 1.0000000180025095e-35 1.1861730935798727 -0.53532989710705225 -0.49583649908653277
decision_type=2 2 2 2 2
left_child=2 -2 4 -3 -1
right_child=1 3 -4 -5 -6
leaf_value=-0.032270244888848734 0.013488107838015771 0.025538086703333105 0.00521252169620733 0.058243550360930124 -0.0045195132444771193
leaf_weight=715.89438830316067 29.09873104095459 27.239283680915833 17.073244743049145 367.01893454790115 9.7935423925518972
leaf_count=8654 189 112 133 1482 105
internal_value=5.45713e-05 0.0540832 -0.0310499 0.0566716 -0.0319623
internal_weight=1166.12 423.357 742.761 394.258 725.688
internal_count=10675 1783 8892 1594 8759
is_linear=0
shrinkage=0.03


Tree=18
num_leaves=6
num_cat=0
split_feature=0 0 9 0 8
split_gain=2103.09 39.6483 29.1753 5.27222 4.73116
threshold=-0.31704652366956848 1.0000000180025095e-35 1.1861730935798727 -0.49583649908653277 -0.53532989710705225
decision_type=2 2 2 2 2
left_child=2 -2 3 -1 -3
right_child=1 4 -4 -5 -6
leaf_value=-0.032156293248095512 0.013111156207944794 0.024907824174437695 0.0051022301052514769 -0.0044603662434525571 0.056362148606414378
leaf_weight=697.19620979577303 29.321341201663017 27.342120185494423 17.134257063269615 9.7588425800204259 368.20598386228085
leaf_count=8654 189 112 133 105 1482
internal_value=6.18365e-05 0.0523425 -0.0309097 -0.0318415 0.0548557
internal_weight=1148.96 424.869 724.089 706.955 395.548
internal_count=10675 1783 8892 8759 1594
is_linear=0
shrinkage=0.03


Tree=19
num_leaves=6
num_cat=0
split_feature=0 0 8 9 9
split_gain=1999.35 37.5006 29.2513 4.8196 2.80521
threshold=-0.31704652366956848 1.0000000180025095e-35 0.53545853044824676 -0.039896680298313593 1.0679859414931629
decision_type=2 2 2 2 2
left_child=2 -2 4 -3 -1
right_child=1 3 -4 -5 -6
leaf_value=-0.032112560929809096 0.012746618295033811 0.022858635628181596 0.0025451976663770498 0.054546915272868257 -0.0068077383769252035
leaf_weight=674.19691582769156 29.537752062082291 24.703569129109383 21.531461387872696 371.50140617787838 10.126774065196512
leaf_count=8614 189 100 183 1494 95
internal_value=6.91089e-05 0.050734 -0.0307717 0.0531825 -0.0318415
internal_weight=1131.6 425.743 705.855 396.205 684.324
internal_count=10675 1783 8892 1594 8709
is_linear=0
shrinkage=0.03


Tree=20
num_leaves=6
num_cat=0
split_feature=0 0 8 8 9
split_gain=1902.56 35.5918 28.9619 5.25039 2.81935
threshold=-0.31704652366956848 1.0000000180025095e-35 0.53545853044824676 -0.44866432650144777 1.0679859414931629
decision_type=2 2 2 2 2
left_child=2 -2 4 -3 -1
right_child=1 3 -4 -5 -6
leaf_value=-0.032006450404278623 0.012393970070334621 0.025054609502881957 0.0024899617094923882 0.053301435906788937 -0.0067225210105704867
leaf_weight=656.44039731472731 29.748135328292847 32.957524567842484 21.570082888007164 363.37985500693321 10.075039885938166
leaf_count=8614 189 134 183 1460 95
internal_value=7.46021e-05 0.0492348 -0.0306363 0.051627 -0.0317293
internal_weight=1114.17 426.086 688.086 396.337 666.515
internal_count=10675 1783 8892 1594 8709
is_linear=0
shrinkage=0.03


Tree=21
num_leaves=6
num_cat=0
split_feature=0 0 8 9 9
split_gain=1812.42 33.9199 28.6789 4.86808 3.24222
threshold=-0.31704652366956848 1.0000000180025095e-35 0.53545853044824676 -0.039896680298313593 1.1861730935798727
decision_type=2 2 2 2 2
left_child=2 -2 4 -3 -1
right_child=1 3 -4 -5 -6
leaf_value=-0.031861762154675337 0.012052720695880162 0.021354855607821407 0.0024359604323257937 0.051506423609237864 -0.0044591512463571991
leaf_weight=641.67513878643513 29.952658236026764 24.771336555480957 21.60790079832077 371.11600197851658 7.4568886682391158
leaf_count=8644 189 100 183 1494 65
internal_value=8.09989e-05 0.0478478 -0.0305026 0.0501924 -0.0316194
internal_weight=1096.58 425.84 670.74 395.887 649.132
internal_count=10675 1783 8892 1594 8709
is_linear=0
shrinkage=0.03


Tree=22
num_leaves=7
num_cat=0
split_feature=0 0 9 8 8 8
split_gain=1728.48 36.5474 28.6331 27.782 5.81646 1.52915
threshold=-0.37144856803439602 1.0000000180025095e-35 1.1861730935798727 -0.00036672018674820377 -0.44866432650144777 0.64827590430633497
decision_type=2 2 2 2 2 2
left_child=2 3 5 -2 -3 -1
right_child=1 4 -4 -5 -6 -7
leaf_value=-0.031766400416812814 -0.011947988882405402 0.023331602320599994 0.0050728074806507479 0.03250712309337065 0.050493777884335261 -0.0061536189706052104
leaf_weight=626.3876366764307 17.502673335373402 33.141485512256622 17.141742952167988 15.391769871115683 361.87162084877491 7.5209028348326674
leaf_count=8660 123 134 133 93 1460 72
internal_value=8.69622e-05 0.0463125 -0.0305361 0.0115822 0.0488472 -0.0315628
internal_weight=1078.96 427.908 651.05 32.8944 395.013 633.909
internal_count=10675 1810 8865 216 1594 8732
is_linear=0
shrinkage=0.03


Tree=23
num_leaves=7
num_cat=0
split_feature=0 0 9 8 8 8
split_gain=1649.79 34.6884 28.3133 26.5097 5.4788 1.5409
threshold=-0.37144856803439602 1.0000000180025095e-35 1.1861730935798727 -0.00036672018674820377 -0.44866432650144777 0.64827590430633497
decision_type=2 2 2 2 2 2
left_child=2 3 5 -2 -3 -1
right_child=1 4 -4 -5 -6 -7
leaf_value=-0.03166639226564736 -0.011774893095498118 0.02276890210147596 0.0049656601315994737 0.031589537863084979 0.049209313704746412 -0.0060866291026077058
leaf_weight=609.79703441262245 17.376103088259697 33.188109427690506 17.201139077544212 15.65016996860504 360.4593176394701 7.4861543774604788
leaf_count=8660 123 134 133 93 1460 72
internal_value=9.63675e-05 0.0451168 -0.030409 0.0113402 0.0475994 -0.0314581
internal_weight=1061.16 426.674 634.484 33.0263 393.647 617.283
internal_count=10675 1810 8865 216 1594 8732
is_linear=0
shrinkage=0.03


Tree=24
num_leaves=7
num_cat=0
split_feature=0 0 9 8 9 8
split_gain=1575.79 33.0175 28.0002 25.3034 5.59462 1.55276
threshold=-0.37144856803439602 1.0000000180025095e-35 1.1861730935798727 -0.00036672018674820377 -0.039896680298313593 0.64827590430633497
decision_type=2 2 2 2 2 2
left_child=2 3 5 -2 -3 -1
right_child=1 4 -4 -5 -6 -7
leaf_value=-0.031568538806301165 -0.011604273567888092 0.0190957483105135 0.0048608905939508135 0.030707568439352888 0.047718933492104952 -0.0060204339040493956
leaf_weight=593.61199568212032 17.251568026840687 24.752956300973892 17.259368054568768 15.900035023689268 367.12952236831188 7.4518830850720397
leaf_count=8660 123 100 133 93 1494 72
internal_value=0.000105598 0.0439941 -0.0302833 0.0111025 0.0464311 -0.0313555
internal_weight=1043.36 425.034 618.323 33.1516 391.882 601.064
internal_count=10675 1810 8865 216 1594 8732
is_linear=0
shrinkage=0.03


Tree=25
num_leaves=7
num_cat=0
split_feature=0 0 8 9 10 8
split_gain=1505.86 32.0595 27.7613 27.6934 2.57928 1.63327
threshold=-0.37144856803439602 0.47057795059446794 -0.058845157454573492 1.1861730935798727 1.3250000000000004 0.38043193052334734
decision_type=2 2 2 2 2 2
left_child=3 2 -2 5 -3 -1
right_child=1 4 -4 -5 -6 -7
leaf_value=-0.031702766793932892 0.0019842618127207902 0.049111979737710469 0.034869636865491889 0.004758442668934975 0.02120031262871009 -0.011760903234166824
leaf_weight=565.97342199087143 36.889767110347748 303.29621596634388 58.084301181137562 17.316450953483582 24.817012071609497 19.27008443325758
leaf_count=8509 195 1242 273 133 100 223
internal_value=0.000113586 0.0429286 0.0235022 -0.030159 0.0476903 -0.0312548
internal_weight=1025.65 423.087 94.9741 602.56 328.113 585.244
internal_count=10675 1810 468 8865 1342 8732
is_linear=0
shrinkage=0.03


Tree=26
num_leaves=7
num_cat=0
split_feature=0 0 8 9 8 8
split_gain=1440.32 31.7952 31.611 27.3935 3.83079 1.7059
threshold=-0.37144856803439602 0.21276369247119364 -0.039196288131035421 1.1861730935798727 -0.53532989710705225 0.38043193052334734
decision_type=2 2 2 2 2 2
left_child=3 2 -2 5 -3 -1
right_child=1 4 -4 -5 -6 -7
leaf_value=-0.031615167383911416 -0.0049706743612772828 0.019969989755773822 0.033759614671740865 0.0046582601990423937 0.046936987483470249 -0.011600997041810461
leaf_weight=550.77253189682961 28.317766919732094 25.976840406656265 36.231437161564827 17.372409105300903 330.4366637468338 19.0902049690485
leaf_count=8509 164 104 178 133 1364 223
internal_value=0.000126629 0.0419243 0.018381 -0.0300366 0.0455702 -0.0311563
internal_weight=1008.2 420.963 64.5492 587.235 356.414 569.863
internal_count=10675 1810 342 8865 1468 8732
is_linear=0
shrinkage=0.03


Tree=27
num_leaves=7
num_cat=0
split_feature=0 0 9 8 10 8
split_gain=1378.51 31.2086 27.0994 24.9599 2.90172 1.7778
threshold=-0.37144856803439602 0.47057795059446794 1.1861730935798727 -0.058845157454573492 1.1150000000000004 0.38043193052334734
decision_type=2 2 2 2 2 2
left_child=2 3 5 -2 -3 -1
right_child=1 4 -4 -5 -6 -7
leaf_value=-0.031529564048155025 0.0017150415647716258 0.047376765586066266 0.004560287917789097 0.032844030594753916 0.02207728648040741 -0.011442987748104627
leaf_weight=535.95082077383995 36.786734946072102 292.48266364634037 17.427263475954533 58.489887967705727 30.582028552889824 18.91396290063858
leaf_count=8509 195 1218 133 273 124 223
internal_value=0.000136853 0.0409867 -0.0299152 0.0221296 0.0457166 -0.0310596
internal_weight=990.633 418.341 572.292 95.2766 323.065 554.865
internal_count=10675 1810 8865 468 1342 8732
is_linear=0
shrinkage=0.03


Tree=28
num_leaves=7
num_cat=0
split_feature=0 0 9 8 8 8
split_gain=1319.96 31.2231 26.8109 22.4836 6.49264 1.84893
threshold=-0.37144856803439602 1.0000000180025095e-35 1.1861730935798727 0.0065266619124051796 -0.44866432650144777 0.38043193052334734
decision_type=2 2 2 2 2 2
left_child=2 3 5 -2 -3 -1
right_child=1 4 -4 -5 -6 -7
leaf_value=-0.031445847281895069 -0.011400504881614176 0.019447787817090733 0.0044644733803819968 0.027936329398731925 0.044132762214017289 -0.011286860614268495
leaf_weight=521.50104717165232 18.012360997498035 33.189970552921295 17.481035359203815 16.191282868385315 348.24774612486362 18.741281516849995
leaf_count=8509 127 134 133 89 1460 223
internal_value=0.00015003 0.0400871 -0.0297948 0.00932804 0.0425366 -0.0309644
internal_weight=973.365 415.641 557.723 34.2036 381.438 540.242
internal_count=10675 1810 8865 216 1594 8732
is_linear=0
shrinkage=0.03


Tree=29
num_leaves=7
num_cat=0
split_feature=0 0 9 8 10 8
split_gain=1264.24 31.1598 26.5276 23.1048 3.1435 1.91927
threshold=-0.37144856803439602 0.47057795059446794 1.1861730935798727 -0.048268970945478593 1.1150000000000004 0.38043193052334734
decision_type=2 2 2 2 2 2
left_child=2 3 5 -2 -3 -1
right_child=1 4 -4 -5 -6 -7
leaf_value=-0.03136392618854434 0.0020350838684687158 0.045641022920153561 0.0043707639095387609 0.031618849657807417 0.020991071489764007 -0.011132599157416609
leaf_weight=507.41609060764313 39.427390076220036 286.74250863492489 17.533744066953659 55.927493453025818 30.40351639688015 18.572087869048119
leaf_count=8509 209 1218 133 259 124 223
internal_value=0.000156256 0.0392351 -0.0296753 0.0207408 0.0439918 -0.0308706
internal_weight=956.023 412.501 543.522 95.3549 317.146 525.988
internal_count=10675 1810 8865 468 1342 8732
is_linear=0
shrinkage=0.03


Tree=30
num_leaves=7
num_cat=0
split_feature=0 0 8 9 8 8
split_gain=1211.64 30.946 27.5818 26.2495 4.3115 1.98878
threshold=-0.37144856803439602 0.21276369247119364 0.031328189819715045 1.1861730935798727 -0.53532989710705225 0.38043193052334734
decision_type=2 2 2 2 2 2
left_child=3 2 -2 5 -3 -1
right_child=1 4 -4 -5 -6 -7
leaf_value=-0.031283697070903616 -0.0021049512724043485 0.017925447127175725 0.033629526861135316 0.0042791106056047903 0.043476967204994076 -0.010980189999714974
leaf_weight=493.68873571231961 36.568401962518692 25.904386058449745 28.993766270577908 17.58541052043438 317.8723251670599 18.406306579709053
leaf_count=8509 205 104 137 133 1364 223
internal_value=0.000169336 0.0384219 0.0160572 -0.0295566 0.0421127 -0.0307782
internal_weight=939.019 409.339 65.5622 529.68 343.777 512.095
internal_count=10675 1810 342 8865 1468 8732
is_linear=0
shrinkage=0.03


Tree=31
num_leaves=7
num_cat=0
split_feature=0 0 9 8 10 8
split_gain=1161.87 30.5559 25.9761 21.132 3.44628 2.05742
threshold=-0.37144856803439602 0.47057795059446794 1.1861730935798727 -0.058845157454573492 1.1150000000000004 0.38043193052334734
decision_type=2 2 2 2 2 2
left_child=2 3 5 -2 -3 -1
right_child=1 4 -4 -5 -6 -7
leaf_value=-0.03120506872949461 0.00091620061055715598 0.044078515365059155 0.0041894651920715703 0.029391839381946963 0.019945814379627662 -0.010829617920223513
leaf_weight=480.31186049431562 36.588208392262459 280.21006010472775 17.63605397939682 58.806598328053951 30.186903238296509 18.243867106735706
leaf_count=8509 195 1218 133 273 124 223
internal_value=0.000180605 0.0376598 -0.0294385 0.0195933 0.0424273 -0.0306871
internal_weight=921.984 405.792 516.192 95.3948 310.397 498.556
internal_count=10675 1810 8865 468 1342 8732
is_linear=0
shrinkage=0.03


Tree=32
num_leaves=7
num_cat=0
split_feature=0 0 8 8 9 9
split_gain=1114.66 38.5806 44.6272 18.2811 7.58958 4.31251
threshold=-0.54342246544523498 1.0000000180025095e-35 0.12574609863231007 0.79745647978066236 -0.039896680298313593 1.1861730935798727
decision_type=2 2 2 2 2 2
left_child=3 2 -2 5 -3 -1
right_child=1 4 -4 -5 -6 -7
leaf_value=-0.031047282818523796 -0.01420244370269508 0.014170502486709327 0.038158169876659827 0.0062634143022526527 0.040740089258725423 -0.0054840648520130307
leaf_weight=475.62741561979055 28.225574262440205 24.123045742511749 14.178857900202273 9.2346999421715719 343.07593959569931 10.842566967010496
leaf_count=8595 239 100 85 76 1494 86
internal_value=0.000192691 0.0363381 0.00724604 -0.0298025 0.0394166 -0.0305995
internal_weight=905.308 409.603 42.4044 495.705 367.199 486.47
internal_count=10675 1918 324 8757 1594 8681
is_linear=0
shrinkage=0.03


Tree=33
num_leaves=7
num_cat=0
split_feature=0 0 8 8 8 9
split_gain=1069.47 37.6351 36.1369 18.0907 5.20111 4.32914
threshold=-0.54342246544523498 0.21276369247119364 0.10273624309384788 0.79745647978066236 -0.53532989710705225 1.1861730935798727
decision_type=2 2 2 2 2 2
left_child=3 2 -2 5 -3 -1
right_child=1 4 -4 -5 -6 -7
leaf_value=-0.030967928177370589 -0.0020775084352554741 0.016285847876843479 0.037865079796154298 0.0061602745553554156 0.041352541357970445 -0.0054093561380260504
leaf_weight=462.76067814230919 49.954909682273865 25.747091636061668 23.351553484797478 9.2744548693299276 306.67930009961128 10.801282852888106
leaf_count=8595 325 104 125 76 1364 86
internal_value=0.000202281 0.0356382 0.013664 -0.0296938 0.0399434 -0.0305089
internal_weight=888.569 405.733 73.3065 482.836 332.426 473.562
internal_count=10675 1918 450 8757 1468 8681
is_linear=0
shrinkage=0.03


Tree=34
num_leaves=7
num_cat=0
split_feature=0 0 8 8 9 10
split_gain=1026.76 36.8588 24.9772 17.9031 4.34546 4.30018
threshold=-0.54342246544523498 0.47057795059446794 -0.039196288131035421 0.79745647978066236 1.1861730935798727 1.1150000000000004
decision_type=2 2 2 2 2 2
left_child=3 2 -2 4 -1 -3
right_child=1 5 -4 -5 -6 -7
leaf_value=-0.030889860182996012 -0.00056538957786719899 0.042074574523765784 0.028300970320864302 0.0060588462393904976 -0.0053356756457307126 0.018314105281384562
leaf_weight=450.22681083902717 43.858774539083242 269.60604324936867 58.527485962957144 9.3136320710182172 10.760635167360304 29.787531211972237
leaf_count=8595 269 1218 307 76 86 124
internal_value=0.00021747 0.0349748 0.0169856 -0.0295858 -0.0304193 0.0403789
internal_weight=872.081 401.78 102.386 470.301 460.987 299.394
internal_count=10675 1918 576 8757 8681 1342
is_linear=0
shrinkage=0.03


Tree=35
num_leaves=7
num_cat=0
split_feature=0 0 8 8 9 9
split_gain=985.673 36.7111 41.2493 17.7181 7.51746 4.36145
threshold=-0.54342246544523498 0.13617733609905147 0.12167226168767721 0.79745647978066236 0.035539398661912795 1.1861730935798727
decision_type=2 2 2 2 2 2
left_child=3 2 -2 5 -3 -1
right_child=1 4 -4 -5 -6 -7
leaf_value=-0.030812991106611363 -0.0062771748430264836 0.01342184257815595 0.038218280441034272 0.0059591000430500194 0.039681569915982255 -0.0052630072645378058
leaf_weight=438.01873527467251 43.32964151725173 23.643701508641243 20.259784035384655 9.3522382006049138 310.68866975605488 10.720613710582255
leaf_count=8595 301 100 107 76 1410 86
internal_value=0.000231151 0.0343171 0.0111662 -0.0294783 0.0382682 -0.0303306
internal_weight=856.013 397.922 63.5894 458.092 334.332 448.739
internal_count=10675 1918 408 8757 1510 8681
is_linear=0
shrinkage=0.03


Tree=36
num_leaves=7
num_cat=0
split_feature=0 0 8 8 10 9
split_gain=946.731 36.13 23.085 17.5356 4.81585 4.37709
threshold=-0.54342246544523498 0.47057795059446794 -0.039196288131035421 0.79745647978066236 1.1150000000000004 1.1861730935798727
decision_type=2 2 2 2 2 2
left_child=3 2 -2 5 -3 -1
right_child=1 4 -4 -5 -6 -7
leaf_value=-0.030737245733806269 -0.00080913387232615583 0.040883031484694334 0.026919231271843088 0.0058610084258739195 0.017312066352184144 -0.0051913395538412555
leaf_weight=426.12933814898133 43.657212920486927 261.99434806406498 58.575692035257816 9.3902793601155263 29.515132382512093 10.681208364665506
leaf_count=8595 269 1218 307 76 124 86
internal_value=0.000244134 0.0337013 0.0160611 -0.0293711 0.0391498 -0.0302427
internal_weight=839.943 393.742 102.233 446.201 291.509 436.811
internal_count=10675 1918 576 8757 1342 8681
is_linear=0
shrinkage=0.03


Tree=37
num_leaves=7
num_cat=0
split_feature=0 0 0 8 8 10
split_gain=909.453 29.1157 25.7646 24.917 16.9205 4.8068
threshold=-0.37144856803439602 0.47057795059446794 -1.0670206998878491 0.19874451714178556 -0.058845157454573492 1.1150000000000004
decision_type=2 2 2 2 2 2
left_child=2 4 -1 -4 -2 -3
right_child=1 5 3 -5 -6 -7
leaf_value=-0.030562611798828528 1.9870420737683467e-05 0.040308313078106332 -0.018477196664434526 0.025626240174968028 0.025390722116705122 0.016967919957873903
leaf_weight=414.60192474722862 36.160712637007236 257.96159429848194 18.122700568288568 9.5422315634787065 58.514113776385784 29.414700359106064
leaf_count=8433 195 1218 337 95 273 124
internal_value=0.000257248 0.0336956 -0.0287348 -0.000500061 0.0166281 0.0385702
internal_weight=824.318 382.051 442.267 27.6649 94.6748 287.376
internal_count=10675 1810 8865 432 468 1342
is_linear=0
shrinkage=0.03


Tree=38
num_leaves=7
num_cat=0
split_feature=0 0 8 0 8 8
split_gain=873.8 35.67 37.6157 17.5269 14.8413 8.68478
threshold=-0.54342246544523498 1.0000000180025095e-35 0.12574609863231007 -1.0670206998878491 0.23573418265016916 -0.44866432650144777
decision_type=2 2 2 2 2 2
left_child=3 2 -2 -1 -5 -3
right_child=1 5 -4 4 -6 -7
leaf_value=-0.03048081871100904 -0.014261456855974531 0.014170550461339462 0.03308456690314112 -0.016611995257239151 0.020373454795598569 0.037431412335536214
leaf_weight=403.43845846503973 28.172480199486017 32.291483744978905 15.298383809626101 12.906517505645754 7.0403193831443778 309.69360789656639
leaf_count=8433 239 134 85 259 65 1460
internal_value=0.000272546 0.0325155 0.00547197 -0.0291549 -0.00111373 0.0357
internal_weight=808.841 385.456 43.4709 423.385 19.9468 341.985
internal_count=10675 1918 324 8757 324 1594
is_linear=0
shrinkage=0.03


Tree=39
num_leaves=7
num_cat=0
split_feature=0 0 8 8 9 1
split_gain=839.857 44.8637 46.7209 9.69203 8.12423 0.223323
threshold=-0.83251840204438377 0.13617733609905147 0.12167226168767721 0.9352398763659685 0.035539398661912795 0.37865119831498423
decision_type=2 2 2 2 2 2
left_child=3 2 -2 5 -3 -1
right_child=1 4 -4 -5 -6 -7
leaf_value=-0.030515106504631483 -0.0089178060882023 0.011652846637197714 0.034872801283469132 0.0044928781440631716 0.037468594487453814 -0.0055391772229420764
leaf_weight=391.90105915442109 48.324853546917439 23.092038974165916 26.061259470880032 4.8723015114665023 293.87082430720329 5.2726024091243735
leaf_count=8471 406 100 164 42 1410 82
internal_value=0.000282333 0.0311665 0.00873873 -0.0298069 0.0360017 -0.0303277
internal_weight=793.395 391.349 74.3861 402.046 316.963 397.174
internal_count=10675 2080 570 8595 1510 8553
is_linear=0
shrinkage=0.03


Tree=40
num_leaves=7
num_cat=0
split_feature=0 0 8 9 8 8
split_gain=807.569 35.0169 19.9842 17.602 5.60466 1.9823
threshold=-0.54342246544523498 0.47057795059446794 -0.039196288131035421 1.1861730935798727 -0.44866432650144777 0.72125025159955569
decision_type=2 2 2 2 2 2
left_child=3 2 -2 5 -3 -1
right_child=1 4 -4 -5 -6 -7
leaf_value=-0.030441773866591245 -0.0013449113195643113 0.015041547357472549 0.024447045679426446 0.0012821473050052214 0.038748124921877458 -0.0032834477610874965
leaf_weight=381.01382674649358 43.103805653750896 27.219458892941475 58.307379335165024 15.84653867036104 247.857456818223 5.0196714624762526
leaf_count=8577 269 114 307 125 1228 55
internal_value=0.000292367 0.0314365 0.0143477 -0.0289388 0.0370122 -0.0301805
internal_weight=778.368 376.488 101.411 401.88 275.077 386.033
internal_count=10675 1918 576 8757 1342 8632
is_linear=0
shrinkage=0.03


Tree=41
num_leaves=7
num_cat=0
split_feature=0 0 8 8 9 1
split_gain=777.384 43.1779 46.0169 9.58042 9.51488 0.3066
threshold=-0.83251840204438377 1.0000000180025095e-35 0.14573144479678704 0.9352398763659685 -0.087687856247186793 0.37865119831498423
decision_type=2 2 2 2 2 2
left_child=3 2 -2 5 -3 -1
right_child=1 4 -4 -5 -6 -7
leaf_value=-0.030370662523745463 -0.015613130264243756 0.0090043282746901359 0.032784989331967884 0.0044491760879929784 0.035497644963972924 -0.0053141362871779538
leaf_weight=371.17595363780856 34.373917803168297 21.076027855277061 19.584201864898205 4.8851482942700377 307.44539421796799 5.1548644341528407
leaf_count=8471 357 91 129 42 1503 82
internal_value=0.000303233 0.0301302 0.00433255 -0.0296278 0.0341142 -0.0301739
internal_weight=763.696 382.48 53.9581 381.216 328.521 376.331
internal_count=10675 2080 486 8595 1594 8553
is_linear=0
shrinkage=0.03


Tree=42
num_leaves=6
num_cat=0
split_feature=0 0 8 8 8
split_gain=747.559 42.6112 34.831 9.51015 7.5458
threshold=-0.83251840204438377 0.21276369247119364 0.1103442542429295 0.79745647978066236 -0.53532989710705225
decision_type=2 2 2 2 2
left_child=3 2 -2 -1 -3
right_child=1 4 -4 -5 -6
leaf_value=-0.030219064466795797 -0.0052718026959295387 0.012056689213865221 0.03090731401055934 0.0015416676575867976 0.036535393400688607
leaf_weight=363.42119760066271 54.591961603611708 24.927621245384216 29.62123453989625 7.7140991464257231 268.80283842980862
leaf_count=8528 432 104 180 67 1364
internal_value=0.000308562 0.0296212 0.00938372 -0.0295358 0.0349233
internal_weight=749.079 377.944 84.2132 371.135 293.73
internal_count=10675 2080 612 8595 1468
is_linear=0
shrinkage=0.03


Tree=43
num_leaves=7
num_cat=0
split_feature=0 0 8 8 10 1
split_gain=719.156 42.2624 22.3897 9.45278 6.55862 1.19446
threshold=-0.83251840204438377 0.47057795059446794 0.15818198505044398 0.9352398763659685 1.1150000000000004 0.41572949763608624
decision_type=2 2 2 2 2 2
left_child=3 2 -2 5 -3 -1
right_child=1 4 -4 -5 -6 -7
leaf_value=-0.030229130415274745 0.0025846019382504038 0.037531940227188705 0.030274637753559024 0.0043840868333012116 0.014130393013363784 -0.0033231668818971684
leaf_weight=352.26277828216553 80.303710717707872 234.18219667673111 30.683669548481703 4.9054614454507819 28.323670104146004 4.1306037306785575
leaf_count=8487 562 1218 176 42 124 66
internal_value=0.000320549 0.0291302 0.0121094 -0.0294439 0.0356182 -0.0300165
internal_weight=734.792 373.493 110.987 361.299 262.506 356.393
internal_count=10675 2080 738 8595 1342 8553
is_linear=0
shrinkage=0.03


Tree=44
num_leaves=6
num_cat=0
split_feature=0 0 8 8 10
split_gain=691.905 41.7127 21.3256 9.45376 7.13267
threshold=-0.83251840204438377 0.47057795059446794 0.15818198505044398 0.79745647978066236 1.3550000000000002
decision_type=2 2 2 2 2
left_child=3 2 -2 -1 -3
right_child=1 4 -4 -5 -6
leaf_value=-0.030069248099837371 0.0025145974147944639 0.036839325637990326 0.029512237455159473 0.0015940091287868037 0.011402780148945331
leaf_weight=344.04387027770281 80.340945430099964 236.13480687141418 30.788743957877159 7.6907488480210295 22.047120526432991
leaf_count=8528 562 1246 176 67 96
internal_value=0.000336738 0.0286408 0.0118133 -0.029352 0.0351734
internal_weight=721.046 369.312 111.13 351.735 258.182
internal_count=10675 2080 738 8595 1342
is_linear=0
shrinkage=0.03


Tree=45
num_leaves=7
num_cat=0
split_feature=0 9 0 0 8 10
split_gain=666.394 47.0909 38.4864 13.536 9.61765 7.05301
threshold=-0.1220053855135967 0.76835378109491581 -1.0670206998878491 0.47057795059446794 -0.088458605153440409 1.3550000000000002
decision_type=2 2 2 2 2 2
left_child=1 -1 -3 4 -2 -5
right_child=3 2 -4 5 -6 -7
leaf_value=-0.029693547939588359 0.00031765282277171195 -0.018407413018415128 0.031977621369699991 0.036417967846681255 0.022813305280310284 0.011190902714955995
leaf_weight=344.30449686199427 24.407137349247932 20.483149122446775 14.991090096533297 231.88103003799915 49.495590910315514 21.980941012501717
leaf_count=8571 111 309 120 1246 222 96
internal_value=0.000351775 -0.0263804 0.00523461 0.0311902 0.0163072 0.0347406
internal_weight=707.543 379.779 35.4742 327.765 73.9027 253.862
internal_count=10675 9000 429 1675 333 1342
is_linear=0
shrinkage=0.03


Tree=46
num_leaves=6
num_cat=0
split_feature=0 0 8 9 8
split_gain=642.766 46.4853 46.437 10.6001 0.999232
threshold=-1.0670206998878491 1.0000000180025095e-35 0.15818198505044398 -0.10620398441248829 0.9352398763659685
decision_type=2 2 2 2 2
left_child=4 2 -2 -3 -1
right_child=1 3 -4 -5 -6
leaf_value=-0.030094164562976648 -0.015505697809848801 0.0066770614433085762 0.030583248416280694 0.033321691483833918 -0.0033001682219497637
leaf_weight=321.43521158769727 40.032033957540989 20.052300363779068 22.529145523905754 285.89408299326897 3.8887851163744918
leaf_count=8397 484 89 164 1505 36
internal_value=0.000368436 0.0271578 0.00301904 0.031842 -0.0298818
internal_weight=693.832 368.508 62.5612 305.946 325.324
internal_count=10675 2242 648 1594 8433
is_linear=0
shrinkage=0.03


Tree=47
num_leaves=6
num_cat=0
split_feature=0 0 8 8 8
split_gain=618.744 45.5514 34.1158 8.63826 1.00144
threshold=-1.0670206998878491 0.21276369247119364 0.15818198505044398 -0.53532989710705225 0.9352398763659685
decision_type=2 2 2 2 2
left_child=4 2 -2 -3 -1
right_child=1 3 -4 -5 -6
leaf_value=-0.030023930820273541 -0.0051967587632464618 0.010042648620501948 0.029913261953532159 0.034515877246308418 -0.0032746664681951375
leaf_weight=312.6771591976285 63.942423839122057 24.323634311556816 28.511861942708492 247.18776087462902 3.8795134872198096
leaf_count=8397 585 104 189 1364 36
internal_value=0.000370775 0.0267124 0.00749363 0.032758 -0.0298064
internal_weight=680.522 363.966 92.4543 271.511 316.557
internal_count=10675 2242 774 1468 8433
is_linear=0
shrinkage=0.03


Tree=48
num_leaves=6
num_cat=0
split_feature=0 0 8 8 8
split_gain=595.867 45.0474 22.593 7.6772 1.00359
threshold=-1.0670206998878491 0.47057795059446794 0.15818198505044398 -0.44866432650144777 0.9352398763659685
decision_type=2 2 2 2 2
left_child=4 2 -2 -3 -1
right_child=1 3 -4 -5 -6
leaf_value=-0.029954050959205419 0.00066819564566762658 0.011668493417738429 0.027189438538931594 0.035565219699862934 -0.00324939049022293
leaf_weight=304.15636090561748 83.517067227512598 26.027888253331184 34.640434421598911 215.39358487725258 3.8703259825706473
leaf_count=8397 680 114 220 1228 36
internal_value=0.000379976 0.0262807 0.00995834 0.0335555 -0.0297312
internal_weight=667.606 359.579 118.158 241.421 308.027
internal_count=10675 2242 900 1342 8433
is_linear=0
shrinkage=0.03


Tree=49
num_leaves=7
num_cat=0
split_feature=0 0 9 8 10 8
split_gain=573.857 25.579 25.361 12.4286 7.85074 5.15279
threshold=-0.37144856803439602 0.47057795059446794 1.1861730935798727 -0.048268970945478593 1.385 0.79745647978066236
decision_type=2 2 2 2 2 2
left_child=2 3 5 -2 -3 -1
right_child=1 4 -4 -5 -6 -7
leaf_value=-0.029628760252539549 -0.0009247980214964652 0.034911194392148022 0.0059745205449988547 0.020601231502937269 0.009208580118713899 0.0017651665333246406
leaf_weight=306.8588693253696 37.547171331942081 216.89341805875301 16.285829864442348 53.676588818430901 20.271329030394554 3.6682979613542548
leaf_count=8694 209 1251 133 259 91 38
internal_value=0.000391998 0.0279788 -0.0273355 0.0125252 0.0331758 -0.0292144
internal_weight=655.202 328.389 326.813 91.2238 237.165 310.527
internal_count=10675 1810 8865 468 1342 8732
is_linear=0
shrinkage=0.03


Tree=50
num_leaves=6
num_cat=0
split_feature=0 0 8 8 8
split_gain=554.334 42.9129 21.3118 8.30081 0.977432
threshold=-1.0670206998878491 0.47057795059446794 0.15818198505044398 -0.53532989710705225 0.9352398763659685
decision_type=2 2 2 2 2
left_child=4 2 -2 -3 -1
right_child=1 3 -4 -5 -6
leaf_value=-0.029822319326696645 0.00058300306937718988 0.0095880598023444993 0.026361857998574961 0.034715342272396539 -0.0032574924181052781
leaf_weight=288.10007417201996 83.137312810868025 22.330962017178535 34.596057716757059 210.63162612915039 3.8726096451282492
leaf_count=8397 680 97 220 1245 36
internal_value=0.000404497 0.0255041 0.00962892 0.0328005 -0.0295895
internal_weight=642.669 350.696 117.733 232.963 291.973
internal_count=10675 2242 900 1342 8433
is_linear=0
shrinkage=0.03


Tree=51
num_leaves=6
num_cat=0
split_feature=0 0 8 9 8
split_gain=533.928 42.6681 37.0624 10.2744 0.97963
threshold=-1.0670206998878491 0.13617733609905147 0.12167226168767721 -0.087687856247186793 0.9352398763659685
decision_type=2 2 2 2 2
left_child=4 2 -2 -3 -1
right_child=1 3 -4 -5 -6
leaf_value=-0.029753062001142992 -0.0099973299083056921 0.0054557445274459881 0.026784544319007862 0.032413396066946584 -0.0032323705910168375
leaf_weight=280.24938942119479 51.1005038022995 18.129521816968918 31.905028264969587 245.50253404676914 3.8634831532835952
leaf_count=8397 518 84 214 1426 36
internal_value=0.000415322 0.0250864 0.00550037 0.0308267 -0.0295146
internal_weight=630.75 346.638 83.0055 263.632 284.113
internal_count=10675 2242 732 1510 8433
is_linear=0
shrinkage=0.03


Tree=52
num_leaves=6
num_cat=0
split_feature=0 0 8 8 8
split_gain=514.27 41.9339 19.4628 8.67976 0.981725
threshold=-1.0670206998878491 0.47057795059446794 -0.058845157454573492 -0.53532989710705225 0.9352398763659685
decision_type=2 2 2 2 2
left_child=4 2 -2 -3 -1
right_child=1 3 -4 -5 -6
leaf_value=-0.029683936580576033 -0.0061840755817697945 0.0088959793481158938 0.017535249455847345 0.03408189621262913 -0.0032074706334728588
leaf_weight=272.61351766064763 42.712394680827856 22.093962252140045 74.757976401597261 202.74933879077435 3.8544390499591819
leaf_count=8397 373 97 527 1245 36
internal_value=0.000418529 0.0246845 0.00910231 0.0320912 -0.0294397
internal_weight=618.782 342.314 117.47 224.843 276.468
internal_count=10675 2242 900 1342 8433
is_linear=0
shrinkage=0.03


Tree=53
num_leaves=6
num_cat=0
split_feature=0 0 8 9 8
split_gain=495.238 41.7986 37.6993 12.7763 0.98371
threshold=-1.0670206998878491 1.0000000180025095e-35 0.15818198505044398 -0.18322783075768281 0.9352398763659685
decision_type=2 2 2 2 2
left_child=4 2 -2 -3 -1
right_child=1 3 -4 -5 -6
leaf_value=-0.029614895137826402 -0.015165972380605384 0.0024391246673234682 0.025960112790157575 0.030772076263348051 -0.0031827900446439231
leaf_weight=265.18702226877213 39.124599445611238 17.037420526146889 23.95843854919076 258.15301159024239 3.8454769402742377
leaf_count=8397 484 78 164 1516 36
internal_value=0.000421854 0.0242744 0.00186832 0.029165 -0.0293647
internal_weight=607.306 338.273 63.083 275.19 269.032
internal_count=10675 2242 648 1594 8433
is_linear=0
shrinkage=0.03


Tree=54
num_leaves=7
num_cat=0
split_feature=0 0 8 10 0 8
split_gain=477 41.2778 18.2002 9.75054 0.990545 0.67079
threshold=-1.0670206998878491 0.47057795059446794 0.15818198505044398 1.4750000000000003 -1.3631648224630892 0.089568049804180996
decision_type=2 2 2 2 2 2
left_child=4 2 -2 -3 -1 -6
right_child=1 3 -4 -5 5 -7
leaf_value=-0.029763688705157422 9.2704648023747576e-05 0.033295745619090718 0.023849061617011072 0.006036935353998212 -0.0098624422473419567 0.0013756397168007937
leaf_weight=253.26198645494878 81.926759287714958 199.20166359841824 35.014473479241133 17.800091087818146 4.6435074843466264 3.8957587648183107
leaf_count=8217 680 1259 220 83 148 68
internal_value=0.000420103 0.023886 0.00852422 0.0314242 -0.0292896 -0.00675891
internal_weight=595.744 333.943 116.941 217.002 261.801 8.53927
internal_count=10675 2242 900 1342 8433 216
is_linear=0
shrinkage=0.03


Tree=55
num_leaves=7
num_cat=0
split_feature=0 0 9 8 10 8
split_gain=459.746 28.6326 20.4795 14.9761 8.24923 6.25013
threshold=-0.54342246544523498 0.61793479777718074 2.1066812403619912 -0.04526632895012081 1.4750000000000003 0.42554790334446418
decision_type=2 2 2 2 2 2
left_child=2 3 5 -2 -3 -1
right_child=1 4 -4 -5 -6 -7
leaf_value=-0.02969570524256078 -0.0017028918629802558 0.033593080527410883 0.015803702968943192 0.019675063459927165 0.00668818476251471 -0.0062922322518681071
leaf_weight=253.44238739274442 46.203237049281597 182.68004558980465 3.7176302894949904 64.899063862860203 16.827822253108025 17.111502915620804
leaf_count=8506 297 1179 26 363 79 225
internal_value=0.000425583 0.0250462 -0.0273573 0.0113783 0.0317513 -0.0284926
internal_weight=584.882 310.61 274.272 111.102 199.508 270.554
internal_count=10675 1918 8757 660 1258 8731
is_linear=0
shrinkage=0.03


Tree=56
num_leaves=7
num_cat=0
split_feature=0 0 8 8 0 8
split_gain=443.735 39.7314 17.0942 9.52146 1.09527 0.802454
threshold=-1.0670206998878491 0.47057795059446794 0.15818198505044398 -0.53532989710705225 -1.3631648224630892 0.10619890032597259
decision_type=2 2 2 2 2 2
left_child=4 2 -2 -3 -1 -6
right_child=1 3 -4 -5 5 -7
leaf_value=-0.02964090175964006 -3.7439301068048808e-06 0.0074830900758223254 0.023024018310204498 0.03293152047435547 -0.0099086099419218848 0.0019447421300447455
leaf_weight=239.81193156912923 81.656538676470518 21.559333711862564 34.999337505549192 187.6047295331955 4.6775331534445268 3.6605243012309074
leaf_count=8217 680 97 220 1245 153 63
internal_value=0.000438018 0.0231651 0.00817745 0.0307696 -0.029144 -0.00648203
internal_weight=573.97 325.82 116.656 209.164 248.15 8.33806
internal_count=10675 2242 900 1342 8433 216
is_linear=0
shrinkage=0.03


Tree=57
num_leaves=7
num_cat=0
split_feature=0 9 0 2 0 0
split_gain=427.671 45.2417 25.5098 13.6593 8.462 6.5357
threshold=-0.1220053855135967 0.76835378109491581 -1.0670206998878491 0.58500000000000008 0.99575556368778972 0.13617733609905147
decision_type=2 2 2 2 2 2
left_child=1 -1 -3 5 -5 -2
right_child=3 2 -4 4 -6 -7
leaf_value=-0.028868682550062644 0.011029660289198419 -0.015666700240532652 0.026417105968881274 -0.004225998068739148 0.018993580112140144 0.031480278841694187
leaf_weight=254.99265196919441 30.287814900279045 16.229795945808291 16.457754451781511 22.072627753019333 18.644129782915115 204.86203061044216
leaf_count=8571 134 309 120 113 114 1314
internal_value=0.000444266 -0.0247312 0.00674677 0.0266446 0.00805485 0.0294036
internal_weight=563.547 287.68 32.6876 275.867 40.7168 235.15
internal_count=10675 9000 429 1675 227 1448
is_linear=0
shrinkage=0.03


Tree=58
num_leaves=7
num_cat=0
split_feature=0 0 8 10 0 8
split_gain=413.184 38.1214 16.4414 12.3497 1.2255 0.808916
threshold=-1.0670206998878491 0.47057795059446794 -0.058845157454573492 1.6050000000000002 -1.3631648224630892 0.10619890032597259
decision_type=2 2 2 2 2 2
left_child=4 2 -2 -3 -1 -6
right_child=1 3 -4 -5 5 -7
leaf_value=-0.029516969772589201 -0.0062633597353107381 0.0321336824538603 0.015625612155478863 0.0021340852105803188 -0.0096680937063769595 0.0021023897224879289
leaf_weight=227.15748317353427 41.843665335327387 186.89138512313366 74.136904641985893 14.755247488617895 4.5201705601066333 3.6051729209721088
leaf_count=8217 373 1272 527 70 153 63
internal_value=0.000457801 0.022494 0.00785816 0.0301431 -0.0289949 -0.006167
internal_weight=552.91 317.627 115.981 201.647 235.283 8.12534
internal_count=10675 2242 900 1342 8433 216
is_linear=0
shrinkage=0.03


Tree=59
num_leaves=6
num_cat=0
split_feature=0 0 8 10 9
split_gain=398.03 37.6643 16.5757 10.2998 2.33801
threshold=-1.0670206998878491 0.61793479777718074 -0.091647288108200067 1.6050000000000002 1.7609877748599072
decision_type=2 2 2 2 2
left_child=4 2 -2 -3 -1
right_child=1 3 -4 -5 -6
leaf_value=-0.029237659149147603 -0.006281515524884991 0.032465587149199865 0.015409681646698434 0.0032344632270417156 -0.00027406866796580103
leaf_weight=226.3047495726496 40.039060264825821 171.08008518815041 88.712424803525209 14.041721940040587 2.7274757251143447
leaf_count=8405 347 1191 637 67 28
internal_value=0.000453881 0.022118 0.00869761 0.0305278 -0.0289186
internal_weight=542.906 313.873 128.751 185.122 229.032
internal_count=10675 2242 984 1258 8433
is_linear=0
shrinkage=0.03


Tree=60
num_leaves=6
num_cat=0
split_feature=0 0 7 10 9
split_gain=383.341 37.3447 15.7097 12.8916 2.32645
threshold=-1.0670206998878491 0.47057795059446794 0.50370931781787076 1.6450000000000002 1.7609877748599072
decision_type=2 2 2 2 2
left_child=4 2 -2 -3 -1
right_child=1 3 -4 -5 -6
leaf_value=-0.029167427934373425 0.013193385807532217 0.031591458377822713 -0.010123872315290208 0.0011042771042606011 -0.00027231883781101584
leaf_weight=220.16102648712695 89.073476005345583 180.06613498926163 26.996489405632019 14.151515036821364 2.7269113585352889
leaf_count=8405 613 1275 287 67 28
internal_value=0.000454793 0.021742 0.00739722 0.0295329 -0.0288408
internal_weight=533.176 310.288 116.07 194.218 222.888
internal_count=10675 2242 900 1342 8433
is_linear=0
shrinkage=0.03


Tree=61
num_leaves=6
num_cat=0
split_feature=0 0 8 10 9
split_gain=369.178 36.9934 15.7526 9.95769 2.31486
threshold=-1.0670206998878491 0.61793479777718074 -0.065736220662132597 1.6050000000000002 1.7609877748599072
decision_type=2 2 2 2 2
left_child=4 2 -2 -3 -1
right_child=1 3 -4 -5 -6
leaf_value=-0.029096901547099263 -0.0052142624298293083 0.03191824659793998 0.015396815774308062 0.0031407642068358933 -0.00027058064687774004
leaf_weight=214.18824432790279 45.861734442412853 164.09576889872551 82.633489433676004 14.010946214199064 2.7263506799936286
leaf_count=8405 396 1191 588 67 28
internal_value=0.000450971 0.0213746 0.00819511 0.0299418 -0.0287625
internal_weight=523.517 306.602 128.495 178.107 216.915
internal_count=10675 2242 984 1258 8433
is_linear=0
shrinkage=0.03


Tree=62
num_leaves=7
num_cat=0
split_feature=0 9 0 2 0 0
split_gain=356.448 44.2544 21.3579 13.7519 10.2328 5.28605
threshold=-0.1220053855135967 0.76835378109491581 -1.0670206998878491 0.51500000000000012 0.70941763194342988 0.13617733609905147
decision_type=2 2 2 2 2 2
left_child=1 -1 -3 5 -5 -2
right_child=3 2 -4 4 -6 -7
leaf_value=-0.028525658875274456 0.010616280024487491 -0.014513927279803466 0.024491571854353647 -0.0057284841519874893 0.017918342231586223 0.030573886946828673
leaf_weight=225.90337430685759 27.761282593011856 14.739356255158784 17.010428804904222 21.164080381393433 30.979043811559677 176.67687660455704
leaf_count=8571 123 309 120 107 203 1242
internal_value=0.000452544 -0.0240118 0.00724465 0.0249983 0.00894312 0.0284852
internal_weight=514.234 257.653 31.7498 256.581 52.1431 204.438
internal_count=10675 9000 429 1675 310 1365
is_linear=0
shrinkage=0.03


Tree=63
num_leaves=6
num_cat=0
split_feature=0 0 8 10 9
split_gain=343.719 35.6322 14.9002 10.0558 2.33887
threshold=-1.0670206998878491 0.61793479777718074 -0.065736220662132597 1.6050000000000002 1.7609877748599072
decision_type=2 2 2 2 2
left_child=4 2 -2 -3 -1
right_child=1 3 -4 -5 -6
leaf_value=-0.028959645157408238 -0.0052297665941895355 0.031416251975605144 0.014871677465994937 0.002706690184068911 -0.00017651239981389543
leaf_weight=202.97826957516372 45.446161292493343 157.59832043945789 82.09547857567668 13.876316264271734 2.6960219442844382
leaf_count=8405 396 1191 588 67 28
internal_value=0.000465453 0.0207419 0.00784958 0.0293701 -0.028608
internal_weight=504.691 299.016 127.542 171.475 205.674
internal_count=10675 2242 984 1258 8433
is_linear=0
shrinkage=0.03


Tree=64
num_leaves=6
num_cat=0
split_feature=0 0 7 10 9
split_gain=331.125 35.2159 14.4372 10.7774 2.32676
threshold=-1.0670206998878491 0.61793479777718074 0.50370931781787076 1.6450000000000002 1.7609877748599072
decision_type=2 2 2 2 2
left_child=4 2 -2 -3 -1
right_child=1 3 -4 -5 -6
leaf_value=-0.02888795558655316 0.012691182612225193 0.031192168799280787 -0.0093488148110071421 0.0017364027498204644 -0.00017539312685735151
leaf_weight=197.485306520015 100.22058630362153 154.82950136065483 27.297921899706125 13.300092488527296 2.6956611275672904
leaf_count=8405 694 1194 290 64 28
internal_value=0.000466429 0.0203894 0.00763634 0.0290903 -0.028528
internal_weight=495.829 295.648 127.519 168.13 200.181
internal_count=10675 2242 984 1258 8433
is_linear=0
shrinkage=0.03


Tree=65
num_leaves=7
num_cat=0
split_feature=0 9 0 8 0 8
split_gain=319.121 43.3008 19.1518 13.8102 10.4791 3.9947
threshold=-0.1220053855135967 0.76835378109491581 -1.0670206998878491 -0.44866432650144777 0.47057795059446794 0.42554790334446418
decision_type=2 2 2 2 2 2
left_child=1 5 -3 -2 -5 -1
right_child=3 2 -4 4 -6 -7
leaf_value=-0.028961664786168809 0.0035267091501946369 -0.013874797341647704 0.023322977184593766 0.012970983864073487 0.030958024195761907 -0.0012122311536321062
leaf_weight=204.28873791918159 29.780303746461868 13.970479590818288 17.351663857698441 62.106009423732758 153.91479992866516 5.6870309226214877
leaf_count=8463 146 309 120 301 1228 108
internal_value=0.000463126 -0.0235571 0.00738918 0.0240423 0.0265894 -0.0282994
internal_weight=487.099 241.298 31.3221 245.801 216.021 209.976
internal_count=10675 9000 429 1675 1529 8571
is_linear=0
shrinkage=0.03


Tree=66
num_leaves=7
num_cat=0
split_feature=0 0 8 10 9 8
split_gain=308.269 33.9953 13.9994 10.706 2.34751 0.0485323
threshold=-1.0670206998878491 0.61793479777718074 -0.091647288108200067 1.6450000000000002 1.7609877748599072 0.79745647978066236
decision_type=2 2 2 2 2 2
left_child=4 2 -2 -3 5 -1
right_child=1 3 -4 -5 -6 -7
leaf_value=-0.028982774282818133 -0.0064754646079733186 0.030723541906520657 0.013529398281250804 0.0014473709744997143 -8.6565462031582056e-05 -0.0038174130608488901
leaf_weight=183.82374739646912 39.307801092043519 148.49180820584297 87.294613659381866 13.194619581103323 2.6670451909303656 3.3499835468828669
leaf_count=8360 347 1194 637 64 28 45
internal_value=0.000472085 0.0197796 0.00729889 0.0285579 -0.0283706 -0.0287488
internal_weight=478.13 288.289 126.602 161.686 189.841 187.174
internal_count=10675 2242 984 1258 8433 8405
is_linear=0
shrinkage=0.03


Tree=67
num_leaves=7
num_cat=0
split_feature=0 0 8 10 9 8
split_gain=297.037 33.5794 13.4306 10.5307 2.33523 0.0534572
threshold=-1.0670206998878491 0.61793479777718074 0.15818198505044398 1.6450000000000002 1.7609877748599072 0.79745647978066236
decision_type=2 2 2 2 2 2
left_child=4 2 -2 -3 5 -1
right_child=1 3 -4 -5 -6 -7
leaf_value=-0.02891716716156538 0.00026766221549362327 0.030478148114217136 0.020114698687415274 0.0014231343565214861 -8.6019906841290527e-05 -0.0037916757865639086
leaf_weight=178.81195112876594 89.709363276138902 145.32524427771568 36.858966119587421 13.187170445919035 2.6668694764375678 3.3395761251449576
leaf_count=8360 751 1194 233 64 28 45
internal_value=0.000468205 0.0194397 0.00709712 0.0282889 -0.0282908 -0.0286778
internal_weight=469.899 285.081 126.568 158.512 184.818 182.152
internal_count=10675 2242 984 1258 8433 8405
is_linear=0
shrinkage=0.03


Tree=68
num_leaves=7
num_cat=0
split_feature=0 9 0 2 0 0
split_gain=286.569 41.9072 17.1404 14.2907 9.17049 5.56776
threshold=-0.1220053855135967 0.76835378109491581 -1.0670206998878491 0.51500000000000012 0.70941763194342988 0.13617733609905147
decision_type=2 2 2 2 2 2
left_child=1 -1 -3 5 -5 -2
right_child=3 2 -4 4 -6 -7
leaf_value=-0.028075298833625431 0.009497453423890358 -0.013327857240322353 0.022055177732537162 -0.0065485143936128429 0.015978420761433965 0.029138463859227057
leaf_weight=195.31802000664175 27.647929802536964 13.327043732628228 17.712299883365631 20.794697999954224 28.342188395559788 158.80103879421949
leaf_count=8571 123 309 120 107 203 1242
internal_value=0.000472697 -0.0231178 0.00731737 0.0231575 0.00694978 0.0268577
internal_weight=461.943 226.357 31.0393 235.586 49.1369 186.449
internal_count=10675 9000 429 1675 310 1365
is_linear=0
shrinkage=0.03


Tree=69
num_leaves=7
num_cat=0
split_feature=0 0 8 10 0 8
split_gain=276.876 32.2062 13.0059 10.5868 2.42823 0.971156
threshold=-1.0670206998878491 0.61793479777718074 -0.065736220662132597 1.6450000000000002 -1.3631648224630892 0.13000977156170698
decision_type=2 2 2 2 2 2
left_child=4 2 -2 -3 -1 -6
right_child=1 3 -4 -5 5 -7
leaf_value=-0.028829596911507709 -0.0054193476609815079 0.03002672684728401 0.01343060338994009 0.0010451742561933869 -0.0080357180624105861 0.003943419144625899
leaf_weight=168.87429956905544 44.698436375707388 139.49391464143991 80.996056843549013 13.072105869650839 3.5249734185636035 2.9645858984440565
leaf_count=8217 396 1194 588 64 156 60
internal_value=0.000483575 0.0188671 0.00682196 0.0277606 -0.0281308 -0.00349058
internal_weight=453.624 278.261 125.694 152.566 175.364 6.48956
internal_count=10675 2242 984 1258 8433 216
is_linear=0
shrinkage=0.03


Tree=70
num_leaves=7
num_cat=0
split_feature=0 0 7 8 0 8
split_gain=266.831 31.7735 12.8549 10.5347 2.41893 0.958355
threshold=-1.0670206998878491 0.61793479777718074 0.50370931781787076 -0.63638140270990551 -1.3631648224630892 0.13000977156170698
decision_type=2 2 2 2 2 2
left_child=4 2 -2 -3 -1 -6
right_child=1 3 -4 -5 5 -7
leaf_value=-0.02876121090402561 0.011453453457339705 0.00099311854602622735 -0.0094181667245640636 0.029812274332595222 -0.0079889072625509584 0.0039134667671578546
leaf_weight=164.29056126065552 98.863817315548658 13.143294081091879 26.794600550085306 136.42386043816805 3.4982575457543126 2.9740514736622572
leaf_count=8217 694 65 290 1193 156 60
internal_value=0.000479554 0.0185416 0.00663674 0.0275007 -0.0280471 -0.00346417
internal_weight=445.988 275.226 125.658 149.567 170.763 6.47231
internal_count=10675 2242 984 1258 8433 216
is_linear=0
shrinkage=0.03


Tree=71
num_leaves=7
num_cat=0
split_feature=0 0 8 8 9 8
split_gain=257.119 31.3563 12.564 11.0813 2.45352 0.217618
threshold=-1.0670206998878491 0.61793479777718074 0.031328189819715045 -0.69996639185609599 1.7609877748599072 0.79745647978066236
decision_type=2 2 2 2 2 2
left_child=4 2 -2 -3 5 -1
right_child=1 3 -4 -5 -6 -7
leaf_value=-0.028658619201128995 -0.0024762936832072812 -0.00059506277521472069 0.015478479481668783 0.029490193417672266 0.00025448767041356333 -0.0033628974861172854
leaf_weight=160.57677547819912 66.804938528686762 11.500614330172537 58.747718933969736 135.13011991977692 2.5535755902528754 3.1610009744763365
leaf_count=8360 574 56 410 1202 28 45
internal_value=0.000471555 0.0182188 0.00644708 0.0272432 -0.0279626 -0.0283919
internal_weight=438.475 272.183 125.553 146.631 166.291 163.738
internal_count=10675 2242 984 1258 8433 8405
is_linear=0
shrinkage=0.03


Tree=72
num_leaves=7
num_cat=0
split_feature=0 8 0 8 0 8
split_gain=248.237 23.6193 18.7023 10.8866 10.3483 8.53046
threshold=-0.37144856803439602 0.38043193052334734 0.61793479777718074 -0.69996639185609599 -1.3631648224630892 -0.04526632895012081
decision_type=2 2 2 2 2 2
left_child=1 -1 5 -4 -3 -2
right_child=2 4 3 -5 -6 -7
leaf_value=-0.028054302587965606 -0.0013862754483491449 -0.013459261823176784 -0.00058543921545546932 0.02925739315500615 0.016935336979656455 0.015625878672622068
leaf_weight=168.78445816412568 41.973543412983418 8.9278096575289982 11.503326833248137 132.24250772595406 12.138934379443524 55.664023526012897
leaf_count=8560 246 217 56 1202 88 306
internal_value=0.000470424 -0.0244957 0.0202999 0.0269865 0.00386832 0.00886315
internal_weight=431.235 189.851 241.383 143.746 21.0667 97.6376
internal_count=10675 8865 1810 1258 305 552
is_linear=0
shrinkage=0.03


Tree=73
num_leaves=7
num_cat=0
split_feature=0 0 8 8 0 8
split_gain=239.564 30.2084 24.4572 14.9605 2.54433 0.960375
threshold=-1.0670206998878491 0.13617733609905147 0.12167226168767721 -0.77608056947169113 -1.3631648224630892 0.13760160337168006
decision_type=2 2 2 2 2 2
left_child=4 2 -2 -3 -1 -6
right_child=1 3 -4 -5 5 -7
leaf_value=-0.028561993877942327 -0.010652329593665934 -0.0040845883839163233 0.018995676549971439 0.026420437460402253 -0.0077349150032803848 0.0041286861765323308
leaf_weight=151.59310349263251 48.898858249187469 13.040139287710188 33.711623512208462 170.27373559772968 3.3567232880741349 2.8891127053648233
leaf_count=8217 518 61 214 1449 159 57
internal_value=0.000475384 0.017656 0.00219113 0.0241514 -0.0277976 -0.00308375
internal_weight=423.763 265.924 82.6105 183.314 157.839 6.24584
internal_count=10675 2242 732 1510 8433 216
is_linear=0
shrinkage=0.03


Tree=74
num_leaves=7
num_cat=0
split_feature=0 0 7 10 0 8
split_gain=230.955 29.7922 11.8991 10.8772 2.53243 0.979437
threshold=-1.0670206998878491 0.61793479777718074 0.50370931781787076 1.6450000000000002 -1.3631648224630892 0.14214345664707481
decision_type=2 2 2 2 2 2
left_child=4 2 -2 -3 -1 -6
right_child=1 3 -4 -5 5 -7
leaf_value=-0.028491159747150288 0.0106468657113477 0.028984224934786557 -0.0094769354926022859 -5.463007862051894e-05 -0.0077619347794503912 0.004209561863489618
leaf_weight=147.49760527722538 97.86801178380847 125.74604557454586 26.487341742962599 12.653684780001639 3.373489210382103 2.8573372978717089
leaf_count=8217 694 1194 290 64 161 55
internal_value=0.0004665 0.0173633 0.00597422 0.0265045 -0.0277103 -0.00306087
internal_weight=416.484 262.755 124.355 138.4 153.728 6.23083
internal_count=10675 2242 984 1258 8433 216
is_linear=0
shrinkage=0.03


Tree=75
num_leaves=7
num_cat=0
split_feature=0 9 2 0 0 0
split_gain=222.57 39.9289 15.2667 13.4942 8.23188 5.40083
threshold=-0.1220053855135967 0.76835378109491581 0.51500000000000012 -1.0670206998878491 0.99575556368778972 0.13617733609905147
decision_type=2 2 2 2 2 2
left_child=1 -1 5 -3 -4 -2
right_child=2 3 4 -5 -6 -7
leaf_value=-0.027565350039194043 0.008592366671363821 -0.011892748197889543 -0.0060555050267700828 0.020161489847672822 0.015498452184491869 0.027624874357711358
leaf_weight=166.00890499539673 27.438636526465416 11.784158259630205 25.463016010820866 18.175474852323532 20.257807694375515 140.54306127130985
leaf_count=8571 123 309 145 120 165 1242
internal_value=0.000457171 -0.0220556 0.0211648 0.00773245 0.00456208 0.0251735
internal_weight=409.671 195.969 213.703 29.9596 45.7208 167.982
internal_count=10675 9000 1675 429 310 1365
is_linear=0
shrinkage=0.03


Tree=76
num_leaves=7
num_cat=0
split_feature=0 0 8 8 0 8
split_gain=215.283 28.6051 12.7661 11.3889 2.615 1.01571
threshold=-1.0670206998878491 0.61793479777718074 -0.77608056947169113 0.15818198505044398 -1.3631648224630892 0.16751230187059776
decision_type=2 2 2 2 2 2
left_child=4 3 -3 -2 -1 -6
right_child=1 2 -4 -5 5 -7
leaf_value=-0.028354003145020269 -0.00064323411954987598 -0.0033154491013903256 0.028522367251119105 0.01767418104511535 -0.0076829115304297198 0.0044697075434792701
leaf_weight=139.89312752895057 86.760181190446019 10.250385433435438 123.03750751912594 36.600733611732721 3.3309504594653836 2.7665739730000496
leaf_count=8217 751 50 1208 233 164 52
internal_value=0.000468612 0.0168341 0.0260134 0.00570925 -0.0275364 -0.00281768
internal_weight=402.639 256.649 133.288 123.361 145.991 6.09752
internal_count=10675 2242 1258 984 8433 216
is_linear=0
shrinkage=0.03


Tree=77
num_leaves=7
num_cat=0
split_feature=0 0 8 7 9 8
split_gain=207.586 28.0768 12.5269 11.0125 2.61563 0.417868
threshold=-1.0670206998878491 0.61793479777718074 -0.77608056947169113 0.50370931781787076 1.7609877748599072 0.79745647978066236
decision_type=2 2 2 2 2 2
left_child=4 3 -3 -2 5 -1
right_child=1 2 -4 -5 -6 -7
leaf_value=-0.028255783627762869 0.010085318851448059 -0.0032628950822913582 0.028299764327917597 -0.0093366144486292414 0.00075478903291539216 -0.0028057528976284311
leaf_weight=136.89798294752836 97.214161537587643 10.263879477977751 120.40371980518103 26.162623848766088 2.3849069550633422 2.9293656870722762
leaf_count=8360 694 50 1208 290 28 45
internal_value=0.000468379 0.0165424 0.0257648 0.00557558 -0.0274462 -0.0279455
internal_weight=396.257 254.044 130.668 123.377 142.212 139.827
internal_count=10675 2242 1258 984 8433 8405
is_linear=0
shrinkage=0.03


Tree=78
num_leaves=7
num_cat=0
split_feature=0 0 8 8 0 8
split_gain=200.033 27.6326 12.292 10.9673 2.69395 0.999381
threshold=-1.0670206998878491 0.61793479777718074 -0.77608056947169113 0.031328189819715045 -1.3631648224630892 0.16751230187059776
decision_type=2 2 2 2 2 2
left_child=4 3 -3 -2 -1 -6
right_child=1 2 -4 -5 5 -7
leaf_value=-0.028211677598898987 -0.0029589343047456374 -0.0032111821739730356 0.028079073722673112 0.013891490095598754 -0.0074883399282623135 0.0045491797863151011
leaf_weight=132.56209472008049 65.288804138079286 10.277132436633108 117.82718393206596 57.979243703186512 3.2223193850368252 2.7389204204082489
leaf_count=8217 574 50 1208 410 164 52
internal_value=0.00045696 0.0162439 0.0255181 0.00541434 -0.0273558 -0.00257258
internal_weight=389.896 251.372 128.104 123.268 138.523 5.96124
internal_count=10675 2242 1258 984 8433 216
is_linear=0
shrinkage=0.03


Tree=79
num_leaves=7
num_cat=0
split_feature=0 8 0 2 0 0
split_gain=193.06 36.848 15.8099 14.7693 7.77663 7.44539
threshold=-0.17508276694123534 0.27901070106014797 -1.3631648224630892 0.51500000000000012 0.13617733609905147 1.1514777975840453
decision_type=2 2 2 2 2 2
left_child=1 -1 -3 4 -2 -5
right_child=3 2 -4 5 -6 -7
leaf_value=-0.027702843550119791 0.0070867663987484834 -0.014693880266578798 0.02028050334350669 -0.0054486769614235913 0.026821324368720034 0.015385125425138955
leaf_weight=147.66883543040603 30.722593575716019 10.616117458790542 18.442462105304003 28.739438101649284 131.28173901885748 16.343485683202744
leaf_count=8455 144 392 126 172 1242 144
internal_value=0.000452486 -0.0219249 0.00701246 0.0196795 0.0237084 0.00352594
internal_weight=383.815 176.727 29.0586 207.087 162.004 45.0829
internal_count=10675 8973 518 1702 1386 316
is_linear=0
shrinkage=0.03


Tree=80
num_leaves=7
num_cat=0
split_feature=0 0 8 8 0 8
split_gain=186.588 26.4459 12.2587 10.4013 2.691 0.973159
threshold=-1.0670206998878491 0.61793479777718074 -0.77608056947169113 -0.091647288108200067 -1.3631648224630892 0.1717712220739688
decision_type=2 2 2 2 2 2
left_child=4 3 -3 -2 -1 -6
right_child=1 2 -4 -5 5 -7
leaf_value=-0.028067087249534158 -0.0067274594678440785 -0.0034867959673897764 0.027685142300649421 0.01066787359821 -0.0073624877311291321 0.0045172990038612037
leaf_weight=125.72841013967991 37.833943782374263 10.203001216053961 113.21573795378208 84.541244274005294 3.1545934937894335 2.7396157216280699
leaf_count=8217 347 50 1208 637 166 50
internal_value=0.000461394 0.0157453 0.02504 0.00518793 -0.0271765 -0.00247272
internal_weight=377.417 245.794 123.419 122.375 131.623 5.89421
internal_count=10675 2242 1258 984 8433 216
is_linear=0
shrinkage=0.03


Tree=81
num_leaves=7
num_cat=0
split_feature=0 0 8 9 9 8
split_gain=179.839 26.0413 11.6689 2.68699 1.53615 0.508206
threshold=-1.0670206998878491 1.1514777975840453 -0.091647288108200067 1.7609877748599072 0.18272387347605937 0.79745647978066236
decision_type=2 2 2 2 2 2
left_child=3 2 -2 5 -3 -1
right_child=1 4 -4 -5 -6 -7
leaf_value=-0.027971634748653423 -0.0043563813984191643 0.006237961828068064 0.012448251389384582 0.0010275591814182328 0.028466452410757577 -0.0025210588208451363
leaf_weight=123.14819039218128 50.411267971619964 9.6437023505568487 97.999370362609625 2.290930811315774 85.284324645996094 2.8097387552261344
leaf_count=8360 452 73 784 28 933 45
internal_value=0.000451103 0.0154582 0.00682548 -0.0270819 0.027018 -0.0276311
internal_weight=371.588 243.339 148.411 128.249 94.928 125.958
internal_count=10675 2242 1236 8433 1006 8405
is_linear=0
shrinkage=0.03


Tree=82
num_leaves=7
num_cat=0
split_feature=0 9 2 0 0 0
split_gain=173.699 37.4188 15.3235 10.5628 7.17871 5.31712
threshold=-0.1220053855135967 0.76835378109491581 0.51500000000000012 -1.0670206998878491 1.1514777975840453 0.13617733609905147
decision_type=2 2 2 2 2 2
left_child=1 -1 5 -3 -4 -2
right_child=2 3 4 -5 -6 -7
leaf_value=-0.027026578462017139 0.0076874517214084214 -0.010589215315796385 -0.0060888567924966327 0.018342279191735197 0.014618248201071641 0.026214747546227619
leaf_weight=141.89227869454771 27.253449618816376 10.513056824915113 27.509061239659786 18.597460117191076 15.601128496229647 124.88497733324766
leaf_count=8571 123 309 166 120 144 1242
internal_value=0.000452923 -0.020982 0.0193337 0.00785787 0.0027463 0.0235747
internal_weight=366.251 171.003 195.249 29.1105 43.1102 152.138
internal_count=10675 9000 1675 429 310 1365
is_linear=0
shrinkage=0.03


Tree=83
num_leaves=5
num_cat=0
split_feature=0 0 8 8
split_gain=168.122 27.1329 18.1203 12.5458
threshold=-1.3631648224630892 0.47057795059446794 -0.84789251872440208 0.15818198505044398
decision_type=2 2 2 2
left_child=-1 3 -3 -2
right_child=1 2 -4 -5
leaf_value=-0.027847465096665736 -0.0034385704276119968 -0.0087205552721416803 0.026713366583973219 0.015715704875126288
leaf_weight=116.22869051340967 78.720770049840212 9.7583778053522092 117.72745288163424 37.864406866952777
leaf_count=8217 843 47 1295 273
internal_value=0.000463753 0.0145112 0.0235641 0.00353241
internal_weight=360.3 244.071 127.486 116.585
internal_count=10675 2458 1342 1116
is_linear=0
shrinkage=0.03


Tree=84
num_leaves=5
num_cat=0
split_feature=0 0 8 8
split_gain=162.195 26.7358 24.8615 15.1673
threshold=-1.3631648224630892 1.0000000180025095e-35 0.15818198505044398 -0.84789251872440208
decision_type=2 2 2 2
left_child=-1 2 -2 -3
right_child=1 3 -4 -5
leaf_value=-0.027768414278399219 -0.015609681938025128 -0.0079277518930984427 0.016430466455842434 0.022522554091992979
leaf_weight=113.13794659357518 39.092219959944487 11.237914979457853 29.267554242163897 162.08589726686478
leaf_count=8217 647 53 217 1541
internal_value=0.000457675 0.0142493 -0.00154581 0.0202235
internal_weight=354.822 241.684 68.3598 173.324
internal_count=10675 2458 864 1594
is_linear=0
shrinkage=0.03


Tree=85
num_leaves=5
num_cat=0
split_feature=0 0 8 10
split_gain=156.415 26.6005 12.1257 2.50222
threshold=-1.3631648224630892 1.1514777975840453 -0.091647288108200067 1.5550000000000004
decision_type=2 2 2 2
left_child=-1 2 -2 -3
right_child=1 3 -4 -5
leaf_value=-0.027688397044886175 -0.0055234614005049342 0.027874634650021941 0.011371651359462408 0.0044322290808306184
leaf_weight=110.13522743526846 51.172243691980839 79.334110908210278 99.819795431569219 8.7112466320395452
leaf_count=8217 556 956 896 50
internal_value=0.000439026 0.01399 0.00565835 0.0262439
internal_weight=349.173 239.037 150.992 88.0454
internal_count=10675 2458 1452 1006
is_linear=0
shrinkage=0.03


Tree=86
num_leaves=7
num_cat=0
split_feature=0 0 9 8 8 10
split_gain=151.112 18.6466 16.4704 10.0209 6.70576 3.32195
threshold=-0.54342246544523498 1.1514777975840453 2.1066812403619912 -0.04526632895012081 0.42554790334446418 1.6450000000000002
decision_type=2 2 2 2 2 2
left_child=2 3 4 -2 -1 -3
right_child=1 5 -4 -5 -6 -7
leaf_value=-0.027871057666290586 -0.0018851224096480175 0.027770312602432526 0.014329303687225676 0.014397385419922928 -0.0028890485349493812 0.0030446113128137098
leaf_weight=115.76041620783508 55.709718398749828 78.281167209148407 3.7442280724644652 69.750389657914639 13.152844119817017 7.9774533659219733
leaf_count=8506 412 961 26 500 225 45
internal_value=0.000439183 0.015924 -0.0236582 0.00756183 -0.0257136 0.0260375
internal_weight=344.376 211.719 132.657 125.46 128.913 86.2586
internal_count=10675 1918 8757 912 8731 1006
is_linear=0
shrinkage=0.03


Tree=87
num_leaves=5
num_cat=0
split_feature=0 0 8 8
split_gain=146.129 25.5471 14.2595 10.7635
threshold=-1.3631648224630892 0.61793479777718074 -0.84789251872440208 0.15818198505044398
decision_type=2 2 2 2
left_child=-1 3 -3 -2
right_child=1 2 -4 -5
leaf_value=-0.027532115430768059 -0.0023639349838474517 -0.0068622818719288516 0.026552143488136202 0.015001973973036292
leaf_weight=104.50594139844179 86.448363589122891 8.7964230030775052 100.37823458015919 39.148446062579751
leaf_count=8217 914 43 1215 286
internal_value=0.000453873 0.0135274 0.02351 0.00375618
internal_weight=339.277 234.771 109.175 125.597
internal_count=10675 2458 1258 1200
is_linear=0
shrinkage=0.03


Tree=88
num_leaves=5
num_cat=0
split_feature=0 0 8 10
split_gain=141.013 25.1961 10.9265 3.47756
threshold=-1.3631648224630892 1.1514777975840453 -0.091647288108200067 1.6900000000000002
decision_type=2 2 2 2
left_child=-1 2 -2 -3
right_child=1 3 -4 -5
leaf_value=-0.027449026284098264 -0.0053611895500029006 0.027434742669431165 0.01071730545677034 0.0026010053307304404
leaf_weight=101.74953876808286 50.84541498310864 75.075701124966145 99.009510872885585 7.7655394226312628
leaf_count=8217 556 962 896 44
internal_value=0.000449727 0.0132772 0.0052678 0.0256377
internal_weight=334.446 232.696 149.855 82.8412
internal_count=10675 2458 1452 1006
is_linear=0
shrinkage=0.03


Tree=89
num_leaves=7
num_cat=0
split_feature=0 9 2 0 0 10
split_gain=136.412 34.6398 15.6401 8.29097 7.29472 5.2746
threshold=-0.1220053855135967 0.76835378109491581 0.50500000000000012 -1.0670206998878491 1.1514777975840453 1.0750000000000004
decision_type=2 2 2 2 2 2
left_child=1 -1 5 -3 -4 -2
right_child=2 3 4 -5 -6 -7
leaf_value=-0.026467408666962532 0.024296217451451427 -0.009431874494204533 -0.0071436576715782837 0.016698702122415556 0.013773115231067197 0.0032027718529166727
leaf_weight=122.0744924582541 121.49955976754427 9.4678234076127428 27.882958382368088 18.913166213780642 14.949626520276068 15.215343363583086
leaf_count=8571 1256 309 173 120 156 90
internal_value=0.000447751 -0.0199213 0.0176669 0.00779538 0.00138193 0.022327
internal_weight=330.003 150.455 179.547 28.381 42.8326 136.715
internal_count=10675 9000 1675 429 329 1346
is_linear=0
shrinkage=0.03


Tree=90
num_leaves=5
num_cat=0
split_feature=0 0 8 10
split_gain=131.866 24.4243 10.3125 3.70007
threshold=-1.3631648224630892 1.1514777975840453 -0.091647288108200067 1.7350000000000001
decision_type=2 2 2 2
left_child=-1 2 -2 -3
right_child=1 3 -4 -5
leaf_value=-0.027287885094315477 -0.0053421335095195782 0.027138592340797008 0.010319726816546863 0.0020864705343150774
leaf_weight=96.661441458389163 50.502665039151907 72.280818536877632 98.126611905172467 7.5421680733561507
leaf_count=8217 556 963 896 43
internal_value=0.000452519 0.012842 0.00499671 0.0252673
internal_weight=325.114 228.452 148.629 79.823
internal_count=10675 2458 1452 1006
is_linear=0
shrinkage=0.03


Tree=91
num_leaves=5
num_cat=0
split_feature=0 0 8 10
split_gain=127.246 24.0169 9.8226 3.65027
threshold=-1.3631648224630892 1.1514777975840453 -0.04526632895012081 1.7350000000000001
decision_type=2 2 2 2
left_child=-1 2 -2 -3
right_child=1 3 -4 -5
leaf_value=-0.027201599817875979 -0.0040012908510801953 0.026955803056721583 0.01084331056170975 0.0020604840822501403
leaf_weight=94.129007122479379 61.219320869073272 70.67988908290863 87.324530156329274 7.5344046577811232
leaf_count=8217 664 963 788 43
internal_value=0.000449688 0.0125921 0.00485891 0.0250631
internal_weight=320.887 226.758 148.544 78.2143
internal_count=10675 2458 1452 1006
is_linear=0
shrinkage=0.03


Tree=92
num_leaves=7
num_cat=0
split_feature=0 8 2 0 0 0
split_gain=123.187 32.801 14.2081 10.0127 7.3204 6.49664
threshold=-0.17508276694123534 0.27901070106014797 0.50500000000000012 -1.3631648224630892 0.13617733609905147 1.1514777975840453
decision_type=2 2 2 2 2 2
left_child=1 -1 4 -3 -2 -4
right_child=2 3 5 -5 -6 -7
leaf_value=-0.026763371743082097 0.0054941821966383196 -0.012166367666801818 -0.0066552116484141612 0.016934067023347113 0.0245622011519246 0.01313884788351948
leaf_weight=111.24811530299485 29.650499910116196 8.027238182723524 28.805961452424526 19.234696708619595 105.4892570450902 14.323591180145739
leaf_count=8455 142 392 179 126 1225 156
internal_value=0.000448521 -0.0199937 0.0165499 0.00739995 0.0210454 0.0011542
internal_weight=316.779 138.51 178.269 27.2619 135.14 43.1296
internal_count=10675 8973 1702 518 1367 335
is_linear=0
shrinkage=0.03


Tree=93
num_leaves=5
num_cat=0
split_feature=0 0 8 10
split_gain=118.998 23.0389 9.31912 3.71147
threshold=-1.3631648224630892 1.1514777975840453 -0.091647288108200067 1.7350000000000001
decision_type=2 2 2 2
left_child=-1 2 -2 -3
right_child=1 3 -4 -5
leaf_value=-0.027032323119104001 -0.0052109714942108927 0.026620146184799093 0.0097258064613424591 0.0018011911839823731
leaf_weight=89.416981267742813 50.046253828331828 67.813285700976849 97.306297525763512 7.4585100188851348
leaf_count=8217 556 963 896 43
internal_value=0.000453719 0.012181 0.00464397 0.0246605
internal_weight=312.041 222.624 147.353 75.2718
internal_count=10675 2458 1452 1006
is_linear=0
shrinkage=0.03


Tree=94
num_leaves=5
num_cat=0
split_feature=0 0 8 8
split_gain=114.848 22.7342 15.8641 9.33648
threshold=-1.3631648224630892 0.61793479777718074 -0.93064810742257653 0.15818198505044398
decision_type=2 2 2 2
left_child=-1 3 -3 -2
right_child=1 2 -4 -5
leaf_value=-0.026942674089092625 -0.0028124513724096735 -0.0097072601412177342 0.025533000328718181 0.013384049165894434
leaf_weight=87.091494021937251 84.649233462288976 7.7811925411224356 89.499731712043285 39.114224247634411
leaf_count=8217 914 38 1220 286
internal_value=0.000450016 0.0119417 0.0220721 0.0029242
internal_weight=308.136 221.044 97.2809 123.763
internal_count=10675 2458 1258 1200
is_linear=0
shrinkage=0.03


Tree=95
num_leaves=7
num_cat=0
split_feature=0 8 8 0 0 9
split_gain=111.198 31.4305 15.7136 12.4935 8.8647 3.00922
threshold=-0.17508276694123534 0.27901070106014797 -0.93064810742257653 0.47057795059446794 -1.3631648224630892 1.1861730935798727
decision_type=2 2 2 2 2 2
left_child=1 5 -2 -4 -3 -1
right_child=2 4 3 -5 -6 -7
leaf_value=-0.027326380469479401 -0.012171692183685448 -0.011619835528809684 0.0067376063408372908 0.024729944300979759 0.015996426959846016 0.00063160598673426649
leaf_weight=101.24999686796218 9.9789116755127889 7.5458753714337972 66.255006887018681 96.419943168759346 19.494025256484747 3.11577159538865
leaf_count=8412 48 392 354 1300 126 43
internal_value=0.000441004 -0.0195456 0.0158899 0.0182165 0.00723325 -0.0265095
internal_weight=304.06 131.406 172.654 162.675 27.0399 104.366
internal_count=10675 8973 1702 1654 518 8455
is_linear=0
shrinkage=0.03


Tree=96
num_leaves=5
num_cat=0
split_feature=0 0 8 10
split_gain=107.256 21.8651 10.3227 2.4957
threshold=-1.3631648224630892 1.3593604253743969 -0.091647288108200067 1.5850000000000002
decision_type=2 2 2 2
left_child=-1 2 -2 -3
right_child=1 3 -4 -5
leaf_value=-0.026765734879498286 -0.0054992663032538075 0.026782711881275612 0.0099681211846239966 0.0030683313339428427
leaf_weight=82.730752549134195 52.086675815284252 57.472799655050039 100.00728373415768 7.219236694276332
leaf_count=8217 585 880 951 42
internal_value=0.000429918 0.011531 0.00465862 0.0249014
internal_weight=299.517 216.786 152.094 64.692
internal_count=10675 2458 1536 922
is_linear=0
shrinkage=0.03


Tree=97
num_leaves=6
num_cat=0
split_feature=0 9 8 0 8
split_gain=103.78 19.3025 14.7374 16.4541 5.02464
threshold=-0.37144856803439602 1.1861730935798727 -0.93064810742257653 0.47057795059446794 0.38043193052334734
decision_type=2 2 2 2 2
left_child=1 4 -2 -4 -1
right_child=2 -3 3 -5 -6
leaf_value=-0.027209501731707778 -0.012384713009724045 0.0083865572131747688 0.0052991516434279292 0.024365974934508768 -0.0020299278582640847
leaf_weight=91.162874800153077 10.383852940052746 12.927593801170586 78.905369482934475 93.103617880493402 9.4917569141834957
leaf_count=8509 54 133 456 1300 223
internal_value=0.000428206 -0.0210376 0.0141944 0.0163912 -0.0252331
internal_weight=295.975 113.582 182.393 172.009 100.655
internal_count=10675 8865 1810 1756 8732
is_linear=0
shrinkage=0.03


Tree=98
num_leaves=5
num_cat=0
split_feature=0 0 8 10
split_gain=100.291 21.1286 9.84026 2.79795
threshold=-1.3631648224630892 1.3593604253743969 -0.091647288108200067 1.6050000000000002
decision_type=2 2 2 2
left_child=-1 2 -2 -3
right_child=1 3 -4 -5
leaf_value=-0.026588427769078372 -0.0055137400941972356 0.026519460307130788 0.0096261135249666938 0.0023967449337917949
leaf_weight=78.663276898674667 51.738879144191742 55.312434609979391 99.183098144829273 6.8956943452358237
leaf_count=8217 585 882 951 40
internal_value=0.000416592 0.0111287 0.00441578 0.0245477
internal_weight=291.793 213.13 150.922 62.2081
internal_count=10675 2458 1536 922
is_linear=0
shrinkage=0.03


Tree=99
num_leaves=5
num_cat=0
split_feature=0 0 8 10
split_gain=96.8313 20.7626 9.33486 2.76435
threshold=-1.3631648224630892 1.3593604253743969 -0.091647288108200067 1.6050000000000002
decision_type=2 2 2 2
left_child=-1 2 -2 -3
right_child=1 3 -4 -5
leaf_value=-0.026492837622282755 -0.0053743158654082305 0.026354252005815863 0.0093729947938876786 0.0023685614773133615
leaf_weight=76.645281067118049 51.747979865409434 54.070885609835386 99.077384198084474 6.8875276148319236
leaf_count=8217 585 882 951 40
internal_value=0.000414131 0.0109073 0.00429365 0.0243599
internal_weight=288.429 211.784 150.825 60.9584
internal_count=10675 2458 1536 922
is_linear=0
shrinkage=0.03


Tree=100
num_leaves=7
num_cat=0
split_feature=0 9 2 0 0 10
split_gain=93.9934 30.486 14.9322 5.93175 5.82318 5.1428
threshold=-0.1220053855135967 0.76835378109491581 0.50500000000000012 -1.0670206998878491 1.1514777975840453 1.0750000000000004
decision_type=2 2 2 2 2 2
left_child=1 -1 5 -3 -4 -2
right_child=2 3 4 -5 -6 -7
leaf_value=-0.025553551967548136 0.022302252089575154 -0.0079834330815314394 -0.0078618326168414937 0.014727619513706727 0.011429150415176609 0.0018938540825590195
leaf_weight=97.796974922530353 105.58431883528829 8.2519622184336203 27.144983306527138 19.207084476947784 12.707479473203419 14.463717333972452
leaf_count=8571 1256 309 173 120 156 90
internal_value=0.00041152 -0.0182628 0.0152538 0.00759329 -0.000651933 0.0201781
internal_weight=285.157 125.256 159.9 27.459 39.8525 120.048
internal_count=10675 9000 1675 429 329 1346
is_linear=0
shrinkage=0.03


Tree=101
num_leaves=5
num_cat=0
split_feature=0 0 8 10
split_gain=90.6691 20.1255 8.87414 3.07191
threshold=-1.3631648224630892 1.3593604253743969 0.031328189819715045 1.6450000000000002
decision_type=2 2 2 2
left_child=-1 2 -2 -3
right_child=1 3 -4 -5
leaf_value=-0.026307577248301739 -0.0026902148702484061 0.026118514058961505 0.011192983890697618 0.0017044804098853489
leaf_weight=72.931045347824693 80.065941696055233 52.232586432248354 69.554083807393909 6.5874676629900923
leaf_count=8217 889 884 647 38
internal_value=0.000412298 0.0105377 0.00406059 0.0240293
internal_weight=281.371 208.44 149.62 58.8201
internal_count=10675 2458 1536 922
is_linear=0
shrinkage=0.03


Tree=102
num_leaves=7
num_cat=0
split_feature=0 9 0 8 8 10
split_gain=87.719 16.6783 14.2414 8.56827 3.62279 0.369404
threshold=-0.49583649908653277 1.1861730935798727 1.4395855533840509 -0.04526632895012081 0.9352398763659685 1.5550000000000004
decision_type=2 2 2 2 2 2
left_child=1 4 3 -2 -1 -4
right_child=2 -3 5 -5 -6 -7
leaf_value=-0.026273337373360291 -0.0021864040738420651 0.0070749789298555589 0.025594233963178264 0.012748118750880926 0.0038290046095067814 0.0050266911322861497
leaf_weight=84.793254954740405 57.941199611872435 12.203729411587117 48.16368381306529 67.369273096323013 1.2840028777718533 6.5291850790381423
leaf_count=8632 457 130 841 554 22 39
internal_value=0.000413724 -0.0211509 0.0126814 0.00619143 -0.0254725 0.0242954
internal_weight=278.284 98.281 180.003 125.31 86.0773 54.6929
internal_count=10675 8784 1891 1011 8654 880
is_linear=0
shrinkage=0.03


Tree=103
num_leaves=5
num_cat=0
split_feature=0 0 8 10
split_gain=84.9806 19.2458 8.64887 0.869404
threshold=-1.3631648224630892 1.4395855533840509 -0.091647288108200067 1.635
decision_type=2 2 2 2
left_child=-1 2 -2 -3
right_child=1 3 -4 -5
leaf_value=-0.026117348124561953 -0.0050860051207282262 0.025524549680475548 0.0090219546725540233 0.0039963815589359698
leaf_weight=69.384174777194858 52.974627217277884 47.598358776420355 98.898278216831386 6.0178293511271468
leaf_count=8217 604 845 974 35
internal_value=0.000432008 0.0101925 0.00409078 0.0241163
internal_weight=274.873 205.489 151.873 53.6162
internal_count=10675 2458 1578 880
is_linear=0
shrinkage=0.03


Tree=104
num_leaves=7
num_cat=0
split_feature=0 9 2 0 0 0
split_gain=82.2891 28.8097 14.3612 5.42222 5.3471 5.2607
threshold=-0.1220053855135967 0.76835378109491581 0.50500000000000012 0.13617733609905147 1.1514777975840453 -1.0670206998878491
decision_type=2 2 2 2 2 2
left_child=1 -1 3 -2 -4 -3
right_child=2 5 4 -5 -6 -7
leaf_value=-0.025177602007811585 0.0048780957224754942 -0.0075486374922664095 -0.0079226002517962697 0.022706382812627997 0.010746192318460376 0.014005292817770312
leaf_weight=90.44542122958228 25.8372563123703 7.9147955048829344 27.005783073604107 89.345985729247332 12.104706417769192 19.313803274184465
leaf_count=8571 121 309 173 1225 156 120
internal_value=0.000430213 -0.0176517 0.0144556 0.0194164 -0.00113297 0.00739529
internal_weight=271.968 117.674 154.294 115.183 39.1105 27.2286
internal_count=10675 9000 1675 1346 329 429
is_linear=0
shrinkage=0.03


Tree=105
num_leaves=5
num_cat=0
split_feature=0 0 8 10
split_gain=79.6638 18.4916 8.46616 1.1246
threshold=-1.3631648224630892 1.4395855533840509 0.031328189819715045 1.6900000000000002
decision_type=2 2 2 2
left_child=-1 2 -2 -3
right_child=1 3 -4 -5
leaf_value=-0.025923022101253166 -0.0026339373178555186 0.025253567029804275 0.010886317664139196 0.0033991508580547025
leaf_weight=66.068305240944028 80.978129802271724 45.905487097799778 69.649386717937887 5.7582445740699759
leaf_count=8217 912 847 666 33
internal_value=0.000434385 0.00985832 0.00390629 0.023764
internal_weight=268.36 202.291 150.628 51.6637
internal_count=10675 2458 1578 880
is_linear=0
shrinkage=0.03


Tree=106
num_leaves=5
num_cat=0
split_feature=0 0 7 10
split_gain=76.9814 18.1419 8.13846 1.11222
threshold=-1.3631648224630892 1.4395855533840509 0.48126256173783155 1.6900000000000002
decision_type=2 2 2 2
left_child=-1 2 -2 -3
right_child=1 3 -4 -5
leaf_value=-0.025818914194363652 0.0073582893607742972 0.02508851030225728 -0.0080040055728627674 0.003363989499426308
leaf_weight=64.410068317316473 118.6455774884671 44.902259588241577 31.914841464720666 5.7485486268997184
leaf_count=8217 1138 847 440 33
internal_value=0.000436583 0.00966577 0.0038062 0.0235841
internal_weight=265.621 201.211 150.56 50.6508
internal_count=10675 2458 1578 880
is_linear=0
shrinkage=0.03


Tree=107
num_leaves=7
num_cat=0
split_feature=0 9 10 0 0 8
split_gain=74.387 27.5575 13.9785 6.04596 4.97758 4.94144
threshold=-0.1220053855135967 0.76835378109491581 0.79500000000000015 0.47057795059446794 1.4395855533840509 0.28924002850081465
decision_type=2 2 2 2 2 2
left_child=1 5 3 -2 -4 -1
right_child=2 -3 4 -5 -6 -7
leaf_value=-0.026714719341450772 0.0084369054004684793 0.0072385954210079225 -0.0064206457860806667 0.025426285346704894 0.010823436928982343 0.00016179542140947937
leaf_weight=78.956816972233355 45.612171679735184 27.075728008523583 31.635343883186579 59.418966345489025 13.61080492287874 6.4856337998062363
leaf_count=8299 253 429 213 1066 143 272
internal_value=0.000429158 -0.0171845 0.0138665 0.0194231 -0.00021315 -0.0248714
internal_weight=262.795 112.518 150.277 105.031 45.2461 85.4425
internal_count=10675 9000 1675 1319 356 8571
is_linear=0
shrinkage=0.03


Tree=108
num_leaves=5
num_cat=0
split_feature=0 0 8 10
split_gain=72.2827 17.335 8.01158 1.31159
threshold=-1.3631648224630892 1.4395855533840509 0.031328189819715045 1.7350000000000001
decision_type=2 2 2 2
left_child=-1 2 -2 -3
right_child=1 3 -4 -5
leaf_value=-0.025621472490225426 -0.0027104649828950129 0.02481386476054924 0.010482885445671438 0.0028751389751679995
leaf_weight=61.39486285392195 80.337607631459832 43.199380125850439 69.013674078509212 5.5515034273266783
leaf_count=8217 912 848 666 32
internal_value=0.000441518 0.00936189 0.00366131 0.0232302
internal_weight=259.497 198.102 149.351 48.7509
internal_count=10675 2458 1578 880
is_linear=0
shrinkage=0.03


Tree=109
num_leaves=5
num_cat=0
split_feature=0 0 8 10
split_gain=69.8613 16.9962 7.62903 1.59521
threshold=-1.3631648224630892 1.4395855533840509 -0.091647288108200067 1.7800000000000002
decision_type=2 2 2 2
left_child=-1 2 -2 -3
right_child=1 3 -4 -5
leaf_value=-0.025513687857978005 -0.0050663521615650743 0.024721446844400117 0.0082559232044032756 0.0023002405001080329
leaf_weight=59.869914006907493 52.253890951164067 42.474081199616194 97.035516970790923 5.3340562731027594
leaf_count=8217 604 849 974 31
internal_value=0.000442544 0.00917821 0.00356757 0.0230505
internal_weight=256.967 197.098 149.289 47.8081
internal_count=10675 2458 1578 880
is_linear=0
shrinkage=0.03


Tree=110
num_leaves=7
num_cat=0
split_feature=0 9 2 0 8 0
split_gain=67.6938 26.2993 13.7847 5.2533 4.86827 4.57464
threshold=-0.1220053855135967 0.76835378109491581 0.50500000000000012 0.13617733609905147 0.28924002850081465 0.99575556368778972
decision_type=2 2 2 2 2 2
left_child=1 4 3 -2 -1 -4
right_child=2 -3 5 -5 -6 -7
leaf_value=-0.026496196290729353 0.0043537306055306873 0.0070120952029934583 -0.0085615727228728657 0.021810571462732818 0.00024559997892184418 0.0086463490307977422
leaf_weight=74.468717643525451 25.646733954548836 27.012781351804733 24.453086651861668 82.895007092505693 6.4090242465026668 13.595016323029993
leaf_count=8299 121 429 152 1225 272 177
internal_value=0.000437821 -0.0167489 0.0133491 0.018401 -0.0245832 -0.00189314
internal_weight=254.48 107.891 146.59 108.542 80.8777 38.0481
internal_count=10675 9000 1675 1346 8571 329
is_linear=0
shrinkage=0.03


Tree=111
num_leaves=5
num_cat=0
split_feature=0 0 8 10
split_gain=65.569 16.3037 7.45406 1.85979
threshold=-1.3631648224630892 1.4395855533840509 0.031328189819715045 1.8050000000000004
decision_type=2 2 2 2
left_child=-1 2 -2 -3
right_child=1 3 -4 -5
leaf_value=-0.025309275904291537 -0.0027577799140627874 0.024473598094764081 0.01000629671828877 0.001697223895479996
leaf_weight=57.097652268130332 79.624105890281498 41.010196253657341 68.497153137810528 5.1122136488556853
leaf_count=8217 912 850 666 30
internal_value=0.000436828 0.00887349 0.00340436 0.0227013
internal_weight=251.341 194.244 148.121 46.1224
internal_count=10675 2458 1578 880
is_linear=0
shrinkage=0.03


Tree=112
num_leaves=6
num_cat=0
split_feature=0 9 8 0 8
split_gain=63.4812 14.8536 14.3625 15.4111 3.51339
threshold=-0.49583649908653277 1.1861730935798727 -1.0526365079150715 0.47057795059446794 0.9352398763659685
decision_type=2 2 2 2 2
left_child=1 4 -2 -4 -1
right_child=2 -3 3 -5 -6
leaf_value=-0.025459411566519985 -0.015707677753610878 0.006758975815606731 0.0034434288848191061 0.022131466307888092 0.0039644187478411978
leaf_weight=69.17418118333444 8.6143328212201578 11.971887335181234 81.593394014984369 76.424381665885448 1.2212335057556618
leaf_count=8632 48 130 534 1309 22
internal_value=0.000436181 -0.0197336 0.010959 0.0132611 -0.0245193
internal_weight=248.999 82.3673 166.632 158.018 70.3954
internal_count=10675 8784 1891 1843 8654
is_linear=0
shrinkage=0.03


Tree=113
num_leaves=5
num_cat=0
split_feature=0 0 8 10
split_gain=61.4158 15.6805 7.19493 1.82132
threshold=-1.3631648224630892 1.4395855533840509 0.031328189819715045 1.8050000000000004
decision_type=2 2 2 2
left_child=-1 2 -2 -3
right_child=1 3 -4 -5
leaf_value=-0.025095228537957041 -0.0028317245422378595 0.02416606213527215 0.0097393906036486941 0.0016363997877999394
leaf_weight=54.415432956535369 79.1638219114393 39.365220528095961 67.96362076420337 5.0834678933024398
leaf_count=8217 912 850 666 30
internal_value=0.000421718 0.00855496 0.0032256 0.0223632
internal_weight=245.992 191.576 147.127 44.4487
internal_count=10675 2458 1578 880
is_linear=0
shrinkage=0.03


Tree=114
num_leaves=5
num_cat=0
split_feature=0 0 7 10
split_gain=59.3769 15.3538 7.18647 1.95948
threshold=-1.3631648224630892 1.4395855533840509 0.48126256173783155 1.8350000000000002
decision_type=2 2 2 2
left_child=-1 2 -2 -3
right_child=1 3 -4 -5
leaf_value=-0.024981393127887601 0.0065405257549520602 0.024035929613097501 -0.007996937796820822 0.0012959910805553127
leaf_weight=53.089123009704053 115.86737352516502 38.668840240687132 31.206874713301659 4.9387493953108779
leaf_count=8217 1138 851 440 29
internal_value=0.000420919 0.00838577 0.00314316 0.0221827
internal_weight=243.771 190.682 147.074 43.6076
internal_count=10675 2458 1578 880
is_linear=0
shrinkage=0.03


Tree=115
num_leaves=5
num_cat=0
split_feature=0 0 9 10
split_gain=57.3775 15.0483 6.94307 1.93051
threshold=-1.3631648224630892 1.4395855533840509 0.36199616200624524 1.8350000000000002
decision_type=2 2 2 2
left_child=-1 2 -2 -3
right_child=1 3 -4 -5
leaf_value=-0.024866368261920142 -0.0061644630251886379 0.023870830210081209 0.0070713755715525834 0.0012834187322864384
leaf_weight=51.800415744073689 43.003854841925204 37.849775239825249 103.86888040602207 4.9355262219905844
leaf_count=8217 539 851 1039 29
internal_value=0.000410007 0.0082133 0.00305005 0.022002
internal_weight=241.458 189.658 146.873 42.7853
internal_count=10675 2458 1578 880
is_linear=0
shrinkage=0.03


Tree=116
num_leaves=7
num_cat=0
split_feature=0 8 8 0 0 10
split_gain=55.732 25.3534 14.4 10.1974 4.66796 2.73736
threshold=-0.17508276694123534 0.27901070106014797 -1.0526365079150715 0.47057795059446794 -1.3631648224630892 1.2350000000000001
decision_type=2 2 2 2 2 2
left_child=1 5 -2 -4 -3 -1
right_child=2 4 3 -5 -6 -7
leaf_value=-0.026193378764143686 -0.0152373610729754 -0.0085020263582155104 0.0045850117694369429 0.021518856576908961 0.012913184239970668 -0.00071876031101231392
leaf_weight=65.526900346390903 8.2240208089351636 5.1745712030679014 63.493925400078297 72.320039223879576 19.991873113438487 4.6013610363006583
leaf_count=8299 39 392 354 1309 126 156
internal_value=0.000401849 -0.016435 0.0118848 0.0144595 0.00734439 -0.0248202
internal_weight=239.333 95.2947 144.038 135.814 25.1664 70.1283
internal_count=10675 8973 1702 1663 518 8455
is_linear=0
shrinkage=0.03


Tree=117
num_leaves=6
num_cat=0
split_feature=0 0 8 10 8
split_gain=53.6642 14.5 6.77454 2.00603 0.0393609
threshold=-1.3631648224630892 1.4395855533840509 -0.091647288108200067 1.8550000000000002 0.79745647978066236
decision_type=2 2 2 2 2
left_child=4 2 -2 -3 -1
right_child=1 3 -4 -5 -6
leaf_value=-0.024975097605603864 -0.0052955731459090796 0.023589589857214543 0.0073519523971607619 0.00098949003602497444 -0.0016940970134262162
leaf_weight=47.786063495092094 51.151334817521274 36.467970639467239 94.645381885580719 4.8008779138326636 1.5860674865543831
leaf_count=8170 604 852 974 28 47
internal_value=0.000379332 0.00789748 0.0028596 0.0216663 -0.0246385
internal_weight=236.438 187.066 145.797 41.2688 49.3721
internal_count=10675 2458 1578 880 8217
is_linear=0
shrinkage=0.03


Tree=118
num_leaves=7
num_cat=0
split_feature=0 9 8 2 8 0
split_gain=52.1094 23.6571 14.0338 10.1893 4.76879 3.63013
threshold=-0.1220053855135967 0.76835378109491581 -1.0526365079150715 0.50500000000000012 0.28924002850081465 -1.0670206998878491
decision_type=2 2 2 2 2 2
left_child=1 4 -2 -4 -1 -3
right_child=2 5 3 -5 -6 -7
leaf_value=-0.025928696869773889 -0.014910700553224094 -0.0063373469997852604 0.019059005612842184 -6.1573892311016188e-05 0.00060839348992760298 0.011982231335441297
leaf_weight=64.208943772595376 8.1670400947332364 7.0008098981343236 96.573064882308245 32.720292247831821 6.1473186919465652 19.619337875396013
leaf_count=8299 38 309 1325 312 272 120
internal_value=0.000370285 -0.0155843 0.0119196 0.0145631 -0.0238229 0.00674945
internal_weight=234.437 96.9764 137.46 129.293 70.3563 26.6201
internal_count=10675 9000 1675 1637 8571 429
is_linear=0
shrinkage=0.03


Tree=119
num_leaves=6
num_cat=0
split_feature=0 0 8 10 8
split_gain=50.2431 14.1469 6.55573 1.9312 0.0389432
threshold=-1.3631648224630892 1.4395855533840509 0.031328189819715045 1.8550000000000002 0.79745647978066236
decision_type=2 2 2 2 2
left_child=4 2 -2 -3 -1
right_child=1 3 -4 -5 -6
leaf_value=-0.024757160161579871 -0.0031515618491363149 0.023321098025957249 0.0089110810814600223 0.0010134572710476157 -0.0016694009515411503
leaf_weight=45.543109084479511 77.86267708055675 35.204861715435982 66.862889654003084 4.799560233950614 1.5769341960549343
leaf_count=8170 912 852 666 28 47
internal_value=0.000342511 0.00758616 0.0026371 0.0213826 -0.024412
internal_weight=231.85 184.73 144.726 40.0044 47.12
internal_count=10675 2458 1578 880 8217
is_linear=0
shrinkage=0.03


Tree=120
num_leaves=6
num_cat=0
split_feature=0 9 8 0 8
split_gain=48.817 14.6508 11.4681 12.6469 4.44504
threshold=-0.37144856803439602 1.1861730935798727 -0.93064810742257653 0.47057795059446794 0.9352398763659685
decision_type=2 2 2 2 2
left_child=1 4 -2 -4 -1
right_child=2 -3 3 -5 -6
leaf_value=-0.024164420793900004 -0.012877112253699197 0.0075767788044054409 0.0031811017007931787 0.020976576514224198 0.0053339455991859948
leaf_weight=63.798963518347591 9.9459825940430147 12.371808590367435 75.180038895457983 67.225323848426342 1.4490281008183945
leaf_count=8709 54 133 456 1300 23
internal_value=0.000338825 -0.0177213 0.0100649 0.012407 -0.0228875
internal_weight=229.971 77.6198 152.351 142.405 65.248
internal_count=10675 8865 1810 1756 8732
is_linear=0
shrinkage=0.03


Tree=121
num_leaves=6
num_cat=0
split_feature=0 0 1 10 8
split_gain=47.208 13.555 6.57869 1.8888 0.0254038
threshold=-1.3631648224630892 1.4395855533840509 0.31174649874510568 1.8550000000000002 0.79745647978066236
decision_type=2 2 2 2 2
left_child=4 2 -2 -3 -1
right_child=1 3 -4 -5 -6
leaf_value=-0.024537373577941831 -0.00046316117839124483 0.023022316099873222 0.015315537507482694 0.00096569546680962007 -0.0016798559689602045
leaf_weight=43.44177535828203 124.50570820271969 33.858051382005215 19.240053651854396 4.7760094180703154 1.5806202758103598
leaf_count=8170 1395 852 183 28 47
internal_value=0.000331664 0.00732672 0.00250758 0.0210549 -0.0241861
internal_weight=227.402 182.38 143.746 38.6341 45.0224
internal_count=10675 2458 1578 880 8217
is_linear=0
shrinkage=0.03


Tree=122
num_leaves=6
num_cat=0
split_feature=0 0 7 10 8
split_gain=45.7354 13.2201 6.40143 1.85938 0.022854
threshold=-1.3631648224630892 1.4395855533840509 0.5475998096715059 1.8550000000000002 0.79745647978066236
decision_type=2 2 2 2 2
left_child=4 2 -2 -3 -1
right_child=1 3 -4 -5 -6
leaf_value=-0.024421612641727826 0.0053981137991016802 0.022857622083345686 -0.0092021294859892886 0.00095648087896264735 -0.0016733349711641169
leaf_weight=42.401402830611914 119.10506910644472 33.161553766578436 24.611174416728318 4.7737291976809493 1.5781838800758112
leaf_count=8170 1197 852 381 28 47
internal_value=0.000339631 0.00719602 0.00246186 0.0208761 -0.0240665
internal_weight=225.631 181.652 143.716 37.9353 43.9796
internal_count=10675 2458 1578 880 8217
is_linear=0
shrinkage=0.03


Tree=123
num_leaves=6
num_cat=0
split_feature=0 0 1 10 8
split_gain=44.2383 12.9425 6.41176 1.83021 0.020288
threshold=-1.3631648224630892 1.4395855533840509 0.31174649874510568 1.8550000000000002 0.79745647978066236
decision_type=2 2 2 2 2
left_child=4 2 -2 -3 -1
right_child=1 3 -4 -5 -6
leaf_value=-0.024304806763697832 -0.00054411711376931731 0.02269306170564156 0.015039800009590525 0.00094735606785360099 -0.0016668465539191703
leaf_weight=41.390384434256703 124.34423763491213 32.482767894864082 19.191443911753595 4.7714704424142829 1.5757603608071793
leaf_count=8170 1395 852 183 28 47
internal_value=0.000323688 0.00704436 0.00238338 0.0206978 -0.023946
internal_weight=223.756 180.79 143.536 37.2542 42.9661
internal_count=10675 2458 1578 880 8217
is_linear=0
shrinkage=0.03


Tree=124
num_leaves=7
num_cat=0
split_feature=0 8 8 2 1 0
split_gain=42.9269 21.438 14.0845 9.8581 5.2291 4.90222
threshold=1.0000000180025095e-35 0.18698104322036443 -1.0526365079150715 0.59500000000000008 0.31174649874510568 -1.3631648224630892
decision_type=2 2 2 2 2 2
left_child=1 4 -2 -4 -1 -3
right_child=2 5 3 -5 -6 -7
leaf_value=-0.022933581838861176 -0.014474926121591 -0.009641781188049028 0.019527668661127644 -0.0024994372153927373 0.0042133767024319299 0.010727695356657669
leaf_weight=68.632878482341766 8.0395268797874433 6.0370189119130364 87.496007606387138 19.921326704323292 3.8803914487361899 28.072566650807858
leaf_count=8116 37 675 1363 194 100 190
internal_value=0.000331428 -0.0127852 0.012498 0.0155776 -0.0211463 0.00575398
internal_weight=222.08 106.623 115.457 107.417 72.5133 34.1096
internal_count=10675 9081 1594 1557 8216 865
is_linear=0
shrinkage=0.03


Tree=125
num_leaves=6
num_cat=0
split_feature=0 0 8 10 8
split_gain=41.618 12.4833 6.15653 1.75629 0.0269712
threshold=-1.3631648224630892 1.4395855533840509 0.031328189819715045 1.8550000000000002 0.79745647978066236
decision_type=2 2 2 2 2
left_child=4 2 -2 -3 -1
right_child=1 3 -4 -5 -6
leaf_value=-0.024082880833915844 -0.0033877241383548592 0.02241081296746484 0.0083682812867384593 0.00097134310536310024 -0.001623188015413959
leaf_weight=39.56663001794368 76.548725485801697 31.331795707345009 65.885462241247296 4.7696636244654647 1.5594702083617438
leaf_count=8170 912 852 666 28 47
internal_value=0.000304721 0.00680218 0.00224246 0.0204034 -0.0237153
internal_weight=219.662 178.536 142.434 36.1015 41.1261
internal_count=10675 2458 1578 880 8217
is_linear=0
shrinkage=0.03


Tree=126
num_leaves=6
num_cat=0
split_feature=0 9 8 0 8
split_gain=40.4644 12.581 11.5846 12.6275 3.25238
threshold=-0.49583649908653277 1.1861730935798727 -1.0526365079150715 0.47057795059446794 0.9352398763659685
decision_type=2 2 2 2 2
left_child=1 4 -2 -4 -1
right_child=2 -3 3 -5 -6
leaf_value=-0.024240145696648865 -0.014834524052436635 0.0063958187365043776 0.0024533483559396954 0.020047041229877032 0.0039186337840019063
leaf_weight=53.2743448773399 8.6407491676509363 11.653051652014254 79.6266386564821 63.655831813812256 1.2067402321845282
leaf_count=8632 48 130 534 1309 22
internal_value=0.000300648 -0.0177499 0.00876922 0.0110676 -0.0231054
internal_weight=218.057 66.1341 151.923 143.282 54.4811
internal_count=10675 8784 1891 1843 8654
is_linear=0
shrinkage=0.03


Tree=127
num_leaves=6
num_cat=0
split_feature=0 0 1 10 8
split_gain=39.0812 11.9663 6.09442 1.70668 0.0148545
threshold=-1.3631648224630892 1.4395855533840509 0.31174649874510568 1.8550000000000002 0.79745647978066236
decision_type=2 2 2 2 2
left_child=4 2 -2 -3 -1
right_child=1 3 -4 -5 -6
leaf_value=-0.023847740618303689 -0.00074924266066575865 0.022107267855727933 0.0144950339692539 0.00094034248719739716 -0.0016295313558311942
leaf_weight=37.761080152355134 122.60738195013255 30.156650818884373 18.981207799166441 4.749237746000289 1.5616226382553566
leaf_count=8170 1395 852 183 28 47
internal_value=0.000285708 0.00655436 0.00211578 0.0200781 -0.0234747
internal_weight=215.817 176.494 141.589 34.9059 39.3227
internal_count=10675 2458 1578 880 8217
is_linear=0
shrinkage=0.03


Tree=128
num_leaves=6
num_cat=0
split_feature=0 0 7 10 8
split_gain=37.8871 11.6614 6.05098 1.67905 0.0122017
threshold=-1.3631648224630892 1.4395855533840509 0.48126256173783155 1.8550000000000002 0.79745647978066236
decision_type=2 2 2 2 2
left_child=4 2 -2 -3 -1
right_child=1 3 -4 -5 -6
leaf_value=-0.023726124306128096 0.0052937019019668342 0.021943301873968427 -0.0082081884531796379 0.00093139908791107834 -0.0016232612641228939
leaf_weight=36.88058585813269 111.56792251206934 29.554381642490625 29.997458099387586 4.7470452487468711 1.5592856407165516
leaf_count=8170 1138 852 440 28 47
internal_value=0.000293654 0.0064397 0.00207988 0.019902 -0.0233497
internal_weight=214.307 175.867 141.565 34.3014 38.4399
internal_count=10675 2458 1578 880 8217
is_linear=0
shrinkage=0.03


Tree=129
num_leaves=6
num_cat=0
split_feature=0 0 9 10 8
split_gain=36.673 11.405 5.96052 1.65169 0.0095442
threshold=-1.3631648224630892 1.4395855533840509 0.36199616200624524 1.8550000000000002 0.79745647978066236
decision_type=2 2 2 2 2
left_child=4 2 -2 -3 -1
right_child=1 3 -4 -5 -6
leaf_value=-0.023603590343505655 -0.006585398681670805 0.021779537155707941 0.0058389829973054565 0.00092254279435418154 -0.0016170223247891993
leaf_weight=36.024747700896114 41.310232766903937 28.96739986538887 100.0889014294371 4.7448732033371916 1.5569608286023129
leaf_count=8170 539 852 1039 28 47
internal_value=0.000279157 0.00630541 0.00201394 0.0197266 -0.023224
internal_weight=212.693 175.111 141.399 33.7123 37.5817
internal_count=10675 2458 1578 880 8217
is_linear=0
shrinkage=0.03


Tree=130
num_leaves=7
num_cat=0
split_feature=0 8 10 7 0 0
split_gain=35.6129 19.7135 13.0677 6.91729 4.97102 4.16832
threshold=1.0000000180025095e-35 0.18698104322036443 0.79500000000000015 0.46611290379786346 -0.21923250434749206 -1.3631648224630892
decision_type=2 2 2 2 2 2
left_child=1 4 3 -2 -1 -3
right_child=2 5 -4 -5 -6 -7
leaf_value=-0.024767158025640518 0.02086412938531032 -0.0089310294054389793 -0.0027268119133593586 -0.004612883960912295 -0.0040006568941191546 0.010154604110033038
leaf_weight=49.279798198025674 66.573233662173152 5.5122116361744693 36.589482314884663 7.2844339236617079 17.907057866454124 28.085048658773303
leaf_count=8106 1208 675 332 54 110 190
internal_value=0.000267692 -0.0120201 0.0115475 0.0181009 -0.0204677 0.00569299
internal_weight=211.231 100.784 110.447 73.8577 67.1869 33.5973
internal_count=10675 9081 1594 1262 8216 865
is_linear=0
shrinkage=0.03


Tree=131
num_leaves=6
num_cat=0
split_feature=0 0 1 10 8
split_gain=34.3748 11.0507 5.98293 1.58928 0.0144063
threshold=-1.3631648224630892 1.4395855533840509 0.31174649874510568 1.8550000000000002 0.79745647978066236
decision_type=2 2 2 2 2
left_child=4 2 -2 -3 -1
right_child=1 3 -4 -5 -6
leaf_value=-0.023358906549950695 -0.00098929785403903533 0.021501929661174257 0.014132811662350801 0.00093970080303641115 -0.0015766477022739085
leaf_weight=34.400803420692682 121.57027875445783 27.97391040623188 18.887581516988575 4.7490804716944686 1.5419307854026545
leaf_count=8170 1395 852 183 28 47
internal_value=0.000242424 0.00605125 0.00184836 0.0194362 -0.022971
internal_weight=209.124 173.181 140.458 32.723 35.9427
internal_count=10675 2458 1578 880 8217
is_linear=0
shrinkage=0.03


Tree=132
num_leaves=6
num_cat=0
split_feature=0 9 8 0 8
split_gain=33.3444 11.7511 10.7942 11.6066 3.14177
threshold=-0.49583649908653277 1.1861730935798727 -1.0526365079150715 0.47057795059446794 0.9352398763659685
decision_type=2 2 2 2 2
left_child=1 4 -2 -4 -1
right_child=2 -3 3 -5 -6
leaf_value=-0.023675091562094977 -0.014710359397399116 0.0063179679316611439 0.0021031734261159427 0.01922250599655833 0.0038985595437757902
leaf_weight=47.968302465509623 8.6226817015558463 11.531316593289374 79.040040789172053 59.397164013236761 1.2072878461331118
leaf_count=8632 48 130 534 1309 22
internal_value=0.000250861 -0.0168679 0.00794161 0.0102485 -0.0224537
internal_weight=207.767 60.7069 147.06 138.437 49.1756
internal_count=10675 8784 1891 1843 8654
is_linear=0
shrinkage=0.03


Tree=133
num_leaves=6
num_cat=0
split_feature=0 0 1 10 8
split_gain=32.3465 10.5601 5.80007 1.78086 0.00234404
threshold=-1.3631648224630892 1.4395855533840509 0.31174649874510568 2.0350000000000006 0.79745647978066236
decision_type=2 2 2 2 2
left_child=4 2 -2 -3 -1
right_child=1 3 -4 -5 -6
leaf_value=-0.023112624111831563 -0.0010397537542108609 0.021021612383306878 0.013881880432653662 -0.00029561272264207888 -0.0015833121056924972
leaf_weight=32.871750210877508 120.92706912476569 28.104682335630063 18.751569888554513 3.5840478539466849 1.5442065466195334
leaf_count=8170 1395 859 183 21 47
internal_value=0.000235623 0.00584449 0.00175706 0.019118 -0.0227206
internal_weight=205.783 171.367 139.679 31.6887 34.416
internal_count=10675 2458 1578 880 8217
is_linear=0
shrinkage=0.03


Tree=134
num_leaves=5
num_cat=0
split_feature=0 0 8 10
split_gain=31.3761 10.273 5.75894 1.75002
threshold=-1.3631648224630892 1.4395855533840509 -0.065736220662132597 2.0350000000000006
decision_type=2 2 2 2
left_child=-1 2 -2 -3
right_child=1 3 -4 -5
leaf_value=-0.022591200552547659 -0.0053049351388148366 0.020849919583217878 0.0063338231199371285 -0.00029326142303199161
leaf_weight=33.669648295966908 54.63757105357945 27.576391464099292 85.023430762812495 3.5845690965652457
leaf_count=8217 670 859 908 21
internal_value=0.000241942 0.00574291 0.00173033 0.0189374
internal_weight=204.492 170.822 139.661 31.161
internal_count=10675 2458 1578 880
is_linear=0
shrinkage=0.03


Tree=135
num_leaves=7
num_cat=0
split_feature=0 8 10 7 1 0
split_gain=30.6031 18.4429 12.5603 6.70633 4.74059 3.64709
threshold=1.0000000180025095e-35 0.18698104322036443 0.79500000000000015 0.46611290379786346 0.31174649874510568 -1.3631648224630892
decision_type=2 2 2 2 2 2
left_child=1 4 3 -2 -1 -3
right_child=2 5 -4 -5 -6 -7
leaf_value=-0.021849226969390644 0.020266228420594782 -0.0083568535306078051 -0.0031135595868665321 -0.0047582348688216996 0.0040907404354923625 0.009738009353020714
leaf_weight=59.365743924397975 63.513399818912148 5.1142964027822009 36.050739230588078 7.2295171432197085 3.8355883201584211 28.075126800686121
leaf_count=8116 1208 675 332 54 100 190
internal_value=0.00023432 -0.0114157 0.0108266 0.0174363 -0.0199312 0.00566037
internal_weight=203.184 96.3908 106.794 70.7429 63.2013 33.1894
internal_count=10675 9081 1594 1262 8216 865
is_linear=0
shrinkage=0.03


Tree=136
num_leaves=6
num_cat=0
split_feature=0 0 1 10 8
split_gain=29.5499 9.88609 5.51779 1.6888 0.0321491
threshold=-1.3631648224630892 1.4395855533840509 0.31174649874510568 2.0350000000000006 0.79745647978066236
decision_type=2 2 2 2 2
left_child=4 2 -2 -3 -1
right_child=1 3 -4 -5 -6
leaf_value=-0.022748419412751124 -0.0011167862246298716 0.020569278796839906 0.013451828924778053 -0.00026615257335652997 -0.0014604665164933729
leaf_weight=30.796432403614745 120.0129369283095 26.691874058917168 18.704854213632643 3.5905749797821036 1.4986318107694376
leaf_count=8170 1395 859 183 21 47
internal_value=0.000223368 0.00554214 0.00162009 0.018646 -0.0223394
internal_weight=201.295 169 138.718 30.2824 32.2951
internal_count=10675 2458 1578 880 8217
is_linear=0
shrinkage=0.03


Tree=137
num_leaves=6
num_cat=0
split_feature=0 9 8 0 8
split_gain=28.6777 12.0832 10.3722 9.77223 4.01043
threshold=-0.37144856803439602 1.1861730935798727 -1.0526365079150715 0.47057795059446794 0.9352398763659685
decision_type=2 2 2 2 2
left_child=1 4 -2 -4 -1
right_child=2 -3 3 -5 -6
leaf_value=-0.022574157358108686 -0.014441014590611733 0.0072967888838627272 0.0022816393049784121 0.018547126438760619 0.0052251616092483496
leaf_weight=48.616511961678043 8.5200544446706754 12.015069372951983 73.264029152691364 56.234451236203313 1.4490697439759959
leaf_count=8709 44 133 457 1309 23
internal_value=0.000229573 -0.0152989 0.00777598 0.0101681 -0.0210336
internal_weight=200.099 62.0807 138.019 129.498 50.0656
internal_count=10675 8865 1810 1766 8732
is_linear=0
shrinkage=0.03


Tree=138
num_leaves=6
num_cat=0
split_feature=0 0 9 10 8
split_gain=27.8658 9.41823 5.46961 1.97702 0.0186794
threshold=-1.3631648224630892 1.4395855533840509 0.35762290013697767 2.0450000000000004 0.79745647978066236
decision_type=2 2 2 2 2
left_child=4 2 -2 -3 -1
right_child=1 3 -4 -5 -6
leaf_value=-0.022498252170468584 -0.0068453263933468955 0.020404209522643917 0.005226601122267833 -0.00098208766347336672 -0.0014717243482120471
leaf_weight=29.477571983588863 39.366753876209259 25.994701437652115 98.543799976818264 3.3644087985157958 1.5026119695976365
leaf_count=8170 527 860 1051 20 47
internal_value=0.000218953 0.00536303 0.00155083 0.0183266 -0.0220864
internal_weight=198.25 167.27 137.911 29.3591 30.9802
internal_count=10675 2458 1578 880 8217
is_linear=0
shrinkage=0.03


Tree=139
num_leaves=6
num_cat=0
split_feature=0 0 8 10 8
split_gain=26.9972 9.18865 5.35353 2.15145 0.0158214
threshold=-1.3631648224630892 1.4395855533840509 0.10273624309384788 2.1350000000000002 0.79745647978066236
decision_type=2 2 2 2 2
left_child=4 2 -2 -3 -1
right_child=1 3 -4 -5 -6
leaf_value=-0.02236828950742192 -0.0029659584512177397 0.02030839916978593 0.0084172653414544898 -0.0014308907725834176 -0.0014662203229858181
leaf_weight=28.827324495883662 87.230427856557071 25.677419567480687 50.637875330634415 3.2085813581943503 1.5005750618875016
leaf_count=8170 1083 861 495 19 47
internal_value=0.000204323 0.00524839 0.0015015 0.0181467 -0.0219541
internal_weight=197.082 166.754 137.868 28.886 30.3279
internal_count=10675 2458 1578 880 8217
is_linear=0
shrinkage=0.03


Tree=140
num_leaves=7
num_cat=0
split_feature=0 8 2 10 0 0
split_gain=26.3005 17.0766 12.175 5.63205 3.89995 3.59829
threshold=1.0000000180025095e-35 0.15818198505044398 0.51500000000000012 0.81500000000000006 -0.21923250434749206 -1.3631648224630892
decision_type=2 2 2 2 2 2
left_child=1 4 3 -2 -1 -3
right_child=2 5 -4 -5 -6 -7
leaf_value=-0.024180602578300049 0.019683617847961313 -0.0087171236143060143 -0.0055877713719600869 0.00043517743364808361 -0.0043326623461600608 0.0088652380946743024
leaf_weight=40.137371224816889 58.45094170793891 5.3743199789896599 27.361564438790083 17.672463791444898 17.036797292530537 29.931668985635042
leaf_count=7919 1133 838 285 176 107 217
internal_value=0.000199682 -0.0108266 0.0101391 0.0157844 -0.0197917 0.00485551
internal_weight=195.965 92.4802 103.485 76.1234 57.1742 35.306
internal_count=10675 9081 1594 1309 8026 1055
is_linear=0
shrinkage=0.03


Tree=141
num_leaves=6
num_cat=0
split_feature=0 7 8 1 8
split_gain=25.3553 8.93321 10.2743 6.19972 0.0196248
threshold=-1.3631648224630892 0.48126256173783155 -1.0526365079150715 0.27415918743087592 0.79745647978066236
decision_type=2 2 2 2 2
left_child=4 2 -2 -3 -1
right_child=1 3 -4 -5 -6
leaf_value=-0.022108095125551824 -0.014714441421474479 -0.015909613033594266 0.010525582294130566 0.0067086129939678586 -0.0014282874575903875
leaf_weight=27.584811480948705 7.4638119339942923 18.67628911416978 128.60707971639931 10.460925742052494 1.4865500601008523
leaf_count=8170 40 335 1978 105 47
internal_value=0.000174521 0.00503964 0.00822854 -0.0081499 -0.0216868
internal_weight=194.279 165.208 136.071 29.1372 29.0714
internal_count=10675 2458 2018 440 8217
is_linear=0
shrinkage=0.03


Tree=142
num_leaves=7
num_cat=0
split_feature=0 8 2 10 1 7
split_gain=24.7119 16.3114 11.7023 5.43796 3.81005 3.47444
threshold=1.0000000180025095e-35 0.15818198505044398 0.51500000000000012 0.81500000000000006 0.31174649874510568 -0.5129677127369543
decision_type=2 2 2 2 2 2
left_child=1 4 3 -2 -1 -3
right_child=2 5 -4 -5 -6 -7
leaf_value=-0.021250356770809511 0.019300698217320476 -0.0084472691101308648 -0.0055742763691363929 0.00036443384371728918 0.0038906563434512463 0.0086898834618614508
leaf_weight=52.894325579050928 57.220491580665112 5.7312255555298171 27.318368727341294 17.615508509799838 2.8656998253427437 29.502590816002339
leaf_count=7946 1133 255 285 176 80 800
internal_value=0.000114989 -0.0106549 0.00980295 0.0154117 -0.0195631 0.0046511
internal_weight=193.148 90.9938 102.154 74.836 55.76 35.2338
internal_count=10675 9081 1594 1309 8026 1055
is_linear=0
shrinkage=0.03


Tree=143
num_leaves=6
num_cat=0
split_feature=0 9 8 0 8
split_gain=23.971 10.1662 9.20638 9.88119 2.92349
threshold=-0.49583649908653277 1.1861730935798727 -1.0526365079150715 0.47057795059446794 0.9352398763659685
decision_type=2 2 2 2 2
left_child=1 4 -2 -4 -1
right_child=2 -3 3 -5 -6
leaf_value=-0.022660598293027159 -0.014062324308523229 0.0059493701061174367 0.0015402723014289888 0.017780371257786743 0.0038198233438948778
leaf_weight=40.295905048027635 8.6230779457837325 11.349020428955553 77.166969444602728 52.946409659460187 1.2121550999581803
leaf_count=8632 48 130 534 1309 22
internal_value=0.000107613 -0.0154301 0.00666674 0.00894612 -0.0212958
internal_weight=191.594 52.8571 138.736 130.113 41.5081
internal_count=10675 8784 1891 1843 8654
is_linear=0
shrinkage=0.03


Tree=144
num_leaves=5
num_cat=0
split_feature=0 0 1 10
split_gain=23.2261 8.67179 5.25353 2.01084
threshold=-1.3631648224630892 1.4395855533840509 0.31174649874510568 2.1350000000000002
decision_type=2 2 2 2
left_child=-1 2 -2 -3
right_child=1 3 -4 -5
leaf_value=-0.021322085597864433 -0.0015605771935661404 0.019750258591039006 0.012742853429132606 -0.0013639516994541051
leaf_weight=27.462847726419568 116.92547289002687 24.045474778860811 18.341677012853324 3.2079259380698195
leaf_count=8217 1395 861 183 19
internal_value=9.34215e-05 0.00473839 0.0011226 0.017566
internal_weight=189.983 162.521 135.267 27.2534
internal_count=10675 2458 1578 880
is_linear=0
shrinkage=0.03


Tree=145
num_leaves=6
num_cat=0
split_feature=0 0 1 10 8
split_gain=22.5407 8.41997 5.04692 1.97584 0.0172985
threshold=-1.3631648224630892 1.4395855533840509 0.31174649874510568 2.1350000000000002 0.79745647978066236
decision_type=2 2 2 2 2
left_child=4 2 -2 -3 -1
right_child=1 3 -4 -5 -6
leaf_value=-0.021612834009247111 -0.0015171993742810249 0.019580371305406172 0.012507973753900047 -0.0013537943944835018 -0.0013841083696381322
leaf_weight=25.420023381942887 116.9459922881797 23.619703214615587 18.313732992857695 3.2100349739193907 1.470061445608734
leaf_count=8170 1395 861 183 19 47
internal_value=0.000103251 0.00466006 0.00111211 0.0173882 -0.0211819
internal_weight=188.98 162.089 135.26 26.8297 26.8901
internal_count=10675 2458 1578 880 8217
is_linear=0
shrinkage=0.03


Tree=146
num_leaves=6
num_cat=0
split_feature=0 7 8 1 8
split_gain=21.8948 8.2395 9.5626 5.67854 0.014443
threshold=-1.3631648224630892 0.48126256173783155 -1.0526365079150715 0.27415918743087592 0.79745647978066236
decision_type=2 2 2 2 2
left_child=4 2 -2 -3 -1
right_child=1 3 -4 -5 -6
leaf_value=-0.021479597356086635 -0.014348069327757838 -0.015572192337756181 0.0099745978259820622 0.0062345526186807811 -0.0013790155834692331
leaf_weight=24.880572575144473 7.4817626792937508 18.316413393244151 125.49995828047395 10.370823024772106 1.4681841982528556
leaf_count=8170 40 335 1978 105 47
internal_value=0.000109823 0.00458314 0.00769838 -0.00811497 -0.0210471
internal_weight=188.018 161.669 132.982 28.6872 26.3488
internal_count=10675 2458 2018 440 8217
is_linear=0
shrinkage=0.03


Tree=147
num_leaves=7
num_cat=0
split_feature=0 8 2 10 0 7
split_gain=21.235 15.2451 11.241 5.30585 3.65081 3.3463
threshold=1.0000000180025095e-35 0.15818198505044398 0.51500000000000012 0.81500000000000006 -0.21923250434749206 -0.63919835303503725
decision_type=2 2 2 2 2 2
left_child=1 4 3 -2 -1 -3
right_child=2 5 -4 -5 -6 -7
leaf_value=-0.023584795492955439 0.018706157722750274 -0.0086726455350516433 -0.0058830624145393088 1.5132409342815564e-05 -0.0041586190885887515 0.0084512893936427354
leaf_weight=35.967961021000519 54.967001724988222 4.9361599015537641 26.962016837671399 17.331521321088076 16.919615816324949 29.920896800234914
leaf_count=7919 1133 219 285 176 107 836
internal_value=5.07619e-05 -0.0101105 0.00913639 0.0147718 -0.0190195 0.00463354
internal_weight=187.005 87.7446 99.2605 72.2985 52.8876 34.8571
internal_count=10675 9081 1594 1309 8026 1055
is_linear=0
shrinkage=0.03


Tree=148
num_leaves=5
num_cat=0
split_feature=0 0 8 10
split_gain=20.5711 8.17377 4.86491 1.89018
threshold=-1.3631648224630892 1.4395855533840509 0.031328189819715045 2.1350000000000002
decision_type=2 2 2 2
left_child=-1 2 -2 -3
right_child=1 3 -4 -5
leaf_value=-0.0207938724351199 -0.0041900722832853409 0.019253899739640066 0.0064954224272273956 -0.0012984670204970374
leaf_weight=25.367531077936292 71.878392811398953 22.762335378676656 62.350401855073869 3.2150401547551146
leaf_count=8217 912 861 666 19
internal_value=2.60032e-05 0.00435069 0.000879644 0.0170564
internal_weight=185.574 160.206 134.229 25.9774
internal_count=10675 2458 1578 880
is_linear=0
shrinkage=0.03


Tree=149
num_leaves=6
num_cat=0
split_feature=0 9 8 7 8
split_gain=20.04 9.44844 8.41309 9.21993 2.8271
threshold=-0.49583649908653277 1.1861730935798727 -1.0526365079150715 0.53312596302726967 0.9352398763659685
decision_type=2 2 2 2 2
left_child=1 4 -2 -4 -1
right_child=2 -3 3 -5 -6
leaf_value=-0.022103631829643006 -0.013696637467785157 0.0058338014856595096 0.011299694384286459 -0.0092530764198736279 0.0038201149351210061
leaf_weight=36.923555130371824 8.6278516072779876 11.237499070353804 111.02457389608026 15.63348653540015 1.2051055524498213
leaf_count=8632 48 130 1709 134 22
internal_value=2.43117e-05 -0.0146629 0.00602407 0.00827139 -0.0206608
internal_weight=184.652 49.3662 135.286 126.658 38.1287
internal_count=10675 8784 1891 1843 8654
is_linear=0
shrinkage=0.03


end of trees

feature_importances:
v2_margin=355
ecmwf_minus_v2=232
gfs_minus_v2=83
forecast_disagreement=70
day1_minus_v2=16
day1_cloud=16
target_season_cos=16

parameters:
[boosting: gbdt]
[objective: binary]
[metric: binary_logloss]
[tree_learner: serial]
[device_type: cpu]
[data_sample_strategy: bagging]
[data: ]
[valid: ]
[num_iterations: 150]
[learning_rate: 0.03]
[num_leaves: 7]
[num_threads: 2]
[seed: 0]
[deterministic: 1]
[force_col_wise: 1]
[force_row_wise: 0]
[histogram_pool_size: -1]
[max_depth: 3]
[min_data_in_leaf: 100]
[min_sum_hessian_in_leaf: 0.001]
[bagging_fraction: 1]
[pos_bagging_fraction: 1]
[neg_bagging_fraction: 1]
[bagging_freq: 0]
[bagging_seed: 7719]
[bagging_by_query: 0]
[feature_fraction: 1]
[feature_fraction_bynode: 1]
[feature_fraction_seed: 2437]
[extra_trees: 0]
[extra_seed: 11797]
[early_stopping_round: 0]
[early_stopping_min_delta: 0]
[first_metric_only: 0]
[max_delta_step: 0]
[lambda_l1: 0]
[lambda_l2: 10]
[linear_lambda: 0]
[min_gain_to_split: 0]
[drop_rate: 0.1]
[max_drop: 50]
[skip_drop: 0.5]
[xgboost_dart_mode: 0]
[uniform_drop: 0]
[drop_seed: 21238]
[top_rate: 0.2]
[other_rate: 0.1]
[min_data_per_group: 100]
[max_cat_threshold: 32]
[cat_l2: 10]
[cat_smooth: 10]
[max_cat_to_onehot: 4]
[top_k: 20]
[monotone_constraints: ]
[monotone_constraints_method: basic]
[monotone_penalty: 0]
[feature_contri: ]
[forcedsplits_filename: ]
[refit_decay_rate: 0.9]
[cegb_tradeoff: 1]
[cegb_penalty_split: 0]
[cegb_penalty_feature_lazy: ]
[cegb_penalty_feature_coupled: ]
[path_smooth: 0]
[interaction_constraints: ]
[verbosity: -1]
[saved_feature_importance_type: 0]
[use_quantized_grad: 0]
[num_grad_quant_bins: 4]
[quant_train_renew_leaf: 0]
[stochastic_rounding: 1]
[linear_tree: 0]
[max_bin: 255]
[max_bin_by_feature: ]
[min_data_in_bin: 3]
[bin_construct_sample_cnt: 200000]
[data_random_seed: 38]
[is_enable_sparse: 1]
[enable_bundle: 1]
[use_missing: 1]
[zero_as_missing: 0]
[feature_pre_filter: 1]
[pre_partition: 0]
[two_round: 0]
[header: 0]
[label_column: ]
[weight_column: ]
[group_column: ]
[ignore_column: ]
[categorical_feature: ]
[forcedbins_filename: ]
[precise_float_parser: 0]
[parser_config_file: ]
[objective_seed: 8855]
[num_class: 1]
[is_unbalance: 0]
[scale_pos_weight: 1]
[sigmoid: 1]
[boost_from_average: 1]
[reg_sqrt: 0]
[alpha: 0.9]
[fair_c: 1]
[poisson_max_delta_step: 0.7]
[tweedie_variance_power: 1.5]
[lambdarank_truncation_level: 30]
[lambdarank_norm: 1]
[label_gain: ]
[lambdarank_position_bias_regularization: 0]
[eval_at: ]
[multi_error_top_k: 1]
[auc_mu_weights: ]
[num_machines: 1]
[local_listen_port: 12400]
[time_out: 120]
[machine_list_filename: ]
[machines: ]
[gpu_platform_id: -1]
[gpu_device_id: -1]
[gpu_device_id_list: ]
[gpu_use_dp: 0]
[num_gpu: 1]

end of parameters

pandas_categorical:[]
