stage,day,method,exact_final_m3,exact_minimum_m3,exact_maximum_m3,maximum_exact_violation_m3,within_declared_tolerance
validation,2025-12-05,tariff_context,2000,800,2960,0,True
validation,2025-12-05,raw_point,9444732965739290413260689/4722366482869645213696,3992760866055701494521745/4722366482869645213696,13203736686339645642399633/4722366482869645213696,14131311/4722366482869645213696,True
validation,2025-12-05,coherent,9007199254740991675/4503599627370496,3806449473622165103/4503599627370496,12594961235013900335/4503599627370496,325/4503599627370496,True
validation,2025-12-05,shuffled,2251799813685248003/1125899906842624,238507925152527047/281474976710656,787426247355577167/281474976710656,3/1125899906842624,True
validation,2025-12-06,tariff_context,2000,800,2840,0,True
validation,2025-12-06,raw_point,9444732965739290447112891/4722366482869645213696,3917203002329786131212987/4722366482869645213696,13121095272889426885012155/4722366482869645213696,19720891/4722366482869645213696,True
validation,2025-12-06,coherent,1125899906842624041/562949953421312,29167844619907225/35184372088832,48896151237211539/17592186044416,41/562949953421312,True
validation,2025-12-06,shuffled,36028797018963969363/18014398509481984,14951396621143253443/18014398509481984,50068017863591553475/18014398509481984,1363/18014398509481984,True
validation,2025-12-07,tariff_context,2000,800,2840,0,True
validation,2025-12-07,raw_point,4722366482869645204864993/2361183241434822606848,1945614993337001052815329/2361183241434822606848,6630202542067040757825505/2361183241434822606848,8831007/2361183241434822606848,True
validation,2025-12-07,coherent,38685626227668132980213217813/19342813113834066795298816,15945730053321804369534974485/19342813113834066795298816,54323205437518841132330580501/19342813113834066795298816,610384414187/19342813113834066795298816,True
validation,2025-12-07,shuffled,4722366482869645204864993/2361183241434822606848,1945614993337001052815329/2361183241434822606848,6630202542067040757825505/2361183241434822606848,8831007/2361183241434822606848,True
validation,2025-12-08,tariff_context,2000,800,2840,0,True
validation,2025-12-08,raw_point,4722366482869645201223691/2361183241434822606848,1942073218474849553461259/2361183241434822606848,6640827866653497120370699/2361183241434822606848,12472309/2361183241434822606848,True
validation,2025-12-08,coherent,9671406556917033473368837425/4835703278458516698824704,3979178958413121440980847921/4835703278458516698824704,13602562024133190830622690609/4835703278458516698824704,75719429425/4835703278458516698824704,True
validation,2025-12-08,shuffled,4722366482869645201223691/2361183241434822606848,1942073218474849553461259/2361183241434822606848,6640827866653497120370699/2361183241434822606848,12472309/2361183241434822606848,True
validation,2025-12-09,tariff_context,2000,800,2840,0,True
validation,2025-12-09,raw_point,9444732965739290414205045/4722366482869645213696,3851089871569617910417525/4722366482869645213696,13121095272889431549724789/4722366482869645213696,13186955/4722366482869645213696,True
validation,2025-12-09,coherent,604462909807314578176311425/302231454903657293676544,246469751477500261007982721/302231454903657293676544,839901212823180118914859137/302231454903657293676544,9176776575/302231454903657293676544,True
validation,2025-12-09,shuffled,9444732965739290414205045/4722366482869645213696,3851089871569617910417525/4722366482869645213696,13121095272889431549724789/4722366482869645213696,13186955/4722366482869645213696,True
validation,2025-12-10,tariff_context,2000,800,2840,0,True
validation,2025-12-10,raw_point,4722366482869645198654361/2361183241434822606848,1964504459268480634092441/2361183241434822606848,6582978877238344232369049/2361183241434822606848,15041639/2361183241434822606848,True
validation,2025-12-10,coherent,2251799813685247893/1125899906842624,117087062416778259/140737488355328,392491837316187871/140737488355328,107/1125899906842624,True
validation,2025-12-10,shuffled,4722366482869645198654361/2361183241434822606848,1964504459268480634092441/2361183241434822606848,6582978877238344232369049/2361183241434822606848,15041639/2361183241434822606848,True
validation,2025-12-11,tariff_context,2000,800,2840,0,True
validation,2025-12-11,raw_point,9444732965739290511763021/4722366482869645213696,3900674719639741976241741/4722366482869645213696,13047898592168829818201677/4722366482869645213696,84371021/4722366482869645213696,True
validation,2025-12-11,coherent,562949953421311973/281474976710656,232357593288984355/281474976710656,779151959384376131/281474976710656,27/281474976710656,True
validation,2025-12-11,shuffled,281474976710656011/140737488355328,931685982497047135/1125899906842624,3117616738140512735/1125899906842624,11/140737488355328,True
validation,2025-12-12,tariff_context,2000,800,2840,0,True
validation,2025-12-12,raw_point,9444732965739290211210937/4722366482869645213696,3959704300675615864739513/4722366482869645213696,12972340728442915194230457/4722366482869645213696,216181063/4722366482869645213696,True
validation,2025-12-12,coherent,140737488355327995/70368744177664,58969007624466923/70368744177664,193662089939251417/70368744177664,5/70368744177664,True
validation,2025-12-12,shuffled,18014398509481983761/9007199254740992,7566077850660352657/9007199254740992,24796818717047908241/9007199254740992,239/9007199254740992,True
validation,2025-12-13,tariff_context,2000,800,2840,0,True
validation,2025-12-13,raw_point,1180591620717411310067463/590295810358705651712,494077593868913604910855/590295810358705651712,1627740697064130841239303/590295810358705651712,6643463/590295810358705651712,True
validation,2025-12-13,coherent,562949953421311991/281474976710656,117726909016400485/140737488355328,388801923506233717/140737488355328,9/281474976710656,True
validation,2025-12-13,shuffled,18014398509481984053/9007199254740992,7552567051778269117/9007199254740992,24891394309222725309/9007199254740992,53/9007199254740992,True
validation,2025-12-14,tariff_context,2000,800,2840,0,True
validation,2025-12-14,raw_point,1180591620717411276818777/590295810358705651712,494963037584452083124569/590295810358705651712,1629511584495206924945753/590295810358705651712,26605223/590295810358705651712,True
validation,2025-12-14,coherent,1125899906842624051/562949953421312,117938015248933087/140737488355328,389224135971299723/140737488355328,51/562949953421312,True
validation,2025-12-14,shuffled,18014398509481984771/9007199254740992,7566077850660296555/9007199254740992,24918415906986850923/9007199254740992,771/9007199254740992,True
validation,2025-12-15,tariff_context,2000,800,2840,0,True
validation,2025-12-15,raw_point,9444732965739290445955841/4722366482869645213696,3936092468261262294991617/4722366482869645213696,13109289356682251428643585/4722366482869645213696,18563841/4722366482869645213696,True
validation,2025-12-15,coherent,562949953421311975/281474976710656,117304696551334109/140737488355328,390959129274252395/140737488355328,25/281474976710656,True
validation,2025-12-15,shuffled,604462909807314568277681343/302231454903657293676544,251909917669334423634732223/302231454903657293676544,840000305107646577427899583/302231454903657293676544,19075406657/302231454903657293676544,True
validation,2025-12-16,tariff_context,2000,800,2840,0,True
validation,2025-12-16,raw_point,9444732965739290426762431/4722366482869645213696,3962065483917054249952447/4722366482869645213696,13003036110581568095282367/4722366482869645213696,629569/4722366482869645213696,True
validation,2025-12-16,coherent,1125899906842623921/562949953421312,59039376368644431/70368744177664,194119486776406255/70368744177664,79/562949953421312,True
validation,2025-12-16,shuffled,72057594037927939877/36028797018963968,30282325801150122341/36028797018963968,99421462048814014821/36028797018963968,3877/36028797018963968,True
validation,2025-12-17,tariff_context,2000,800,2840,0,True
validation,2025-12-17,raw_point,4722366482869645261147787/2361183241434822606848,1981032741958526904307339/2361183241434822606848,6475545039635001046732427/2361183241434822606848,47451787/2361183241434822606848,True
validation,2025-12-17,coherent,1125899906842623955/562949953421312,59039376368644155/70368744177664,193345430590451909/70368744177664,45/562949953421312,True
validation,2025-12-17,shuffled,36028797018963968783/18014398509481984,15141162900385152047/18014398509481984,49512572640580732975/18014398509481984,783/18014398509481984,True
validation,2025-12-18,tariff_context,2000,800,2840,0,True
validation,2025-12-18,raw_point,9444732965739290421959825/4722366482869645213696,3957343117434178157485201/4722366482869645213696,13010119660305872558300305/4722366482869645213696,5432175/4722366482869645213696,True
validation,2025-12-18,coherent,562949953421311981/281474976710656,117938015248933449/140737488355328,388450079785345421/140737488355328,19/281474976710656,True
validation,2025-12-18,shuffled,562949953421312003/281474976710656,472598390689574819/562949953421312,1554304769442881011/562949953421312,3/281474976710656,True
validation,2025-12-19,tariff_context,2000,800,2840,0,True
validation,2025-12-19,raw_point,590295810358705653712111/295147905179352825856,245415483455970461779183/295147905179352825856,813132478769117037757679/295147905179352825856,2000111/295147905179352825856,True
validation,2025-12-19,coherent,1125899906842624007/562949953421312,234046443149248421/281474976710656,776900159570691069/281474976710656,7/562949953421312,True
validation,2025-12-19,shuffled,72057594037927939223/36028797018963968,30012109823506534295/36028797018963968,99475505244340865943/36028797018963968,3223/36028797018963968,True
validation,2025-12-20,tariff_context,2000,800,2840,0,True
validation,2025-12-20,raw_point,9444732965739290393548311/4722366482869645213696,3900674719639745683232279/4722366482869645213696,13090399890750774280164887/4722366482869645213696,33843689/4722366482869645213696,True
validation,2025-12-20,coherent,604462909807314569714026717/302231454903657293676544,249643181756469478779078877/302231454903657293676544,837936708393928552624507101/302231454903657293676544,17639061283/302231454903657293676544,True
validation,2025-12-20,shuffled,1208925819614629189295952879/604462909807314587353088,500562708211886225534899183/604462909807314587353088,1676477878977335151715832815/604462909807314587353088,14589776879/604462909807314587353088,True
validation,2025-12-21,tariff_context,2000,800,2840,0,True
validation,2025-12-21,raw_point,9444732965739290420245523/4722366482869645213696,3884146436949700802442259/4722366482869645213696,13064426875094994403914771/4722366482869645213696,7146477/4722366482869645213696,True
validation,2025-12-21,coherent,9444732965739290420245523/4722366482869645213696,3884146436949700802442259/4722366482869645213696,13064426875094994403914771/4722366482869645213696,7146477/4722366482869645213696,True
validation,2025-12-21,shuffled,9444732965739290420245523/4722366482869645213696,3884146436949700802442259/4722366482869645213696,13064426875094994403914771/4722366482869645213696,7146477/4722366482869645213696,True
validation,2025-12-22,tariff_context,2000,800,2840,0,True
validation,2025-12-22,raw_point,1180591620717411300595185/590295810358705651712,489650375291223136327153/590295810358705651712,1628921288714363225822705/590295810358705651712,2828815/590295810358705651712,True
validation,2025-12-22,coherent,562949953421311993/281474976710656,58370873298956451/70368744177664,194464024452817039/70368744177664,7/281474976710656,True
validation,2025-12-22,shuffled,295147905179352842388009/147573952589676412928,122539580912939110253097/147573952589676412928,407908402807412642562601/147573952589676412928,16532009/147573952589676412928,True
validation,2025-12-23,tariff_context,2000,800,2840,0,True
validation,2025-12-23,raw_point,2361183241434822615727929/1180591620717411303424,976349271530653830577977/1180591620717411303424,3248397844403957210251065/1180591620717411303424,8879929/1180591620717411303424,True
validation,2025-12-23,coherent,1125899906842623991/562949953421312,116389902877025325/140737488355328,387957498576101893/140737488355328,9/562949953421312,True
validation,2025-12-23,shuffled,36028797018963968867/18014398509481984,14924990118461344355/18014398509481984,49674702227388127843/18014398509481984,867/18014398509481984,True
validation,2025-12-24,tariff_context,2000,800,2840,0,True
validation,2025-12-24,raw_point,2361183241434822636818557/1180591620717411303424,981661933823881665663101/1180591620717411303424,3248397844403957231341693/1180591620717411303424,29970557/1180591620717411303424,True
validation,2025-12-24,coherent,562949953421311989/281474976710656,234046443149248385/281474976710656,775914997152203745/281474976710656,11/281474976710656,True
validation,2025-12-24,shuffled,18014398509481983193/9007199254740992,7503027455877724745/9007199254740992,24837351113694892873/9007199254740992,807/9007199254740992,True
validation,2025-12-25,tariff_context,2000,800,2840,0,True
validation,2025-12-25,raw_point,9444732965739290424601471/4722366482869645213696,3903035902881179186326399/4722366482869645213696,12962895995477176175913855/4722366482869645213696,2790529/4722366482869645213696,True
validation,2025-12-25,coherent,1125899906842624029/562949953421312,29079883533211727/35184372088832,48380338112724021/17592186044416,29/562949953421312,True
validation,2025-12-25,shuffled,36028797018963967257/18014398509481984,14915982919207160409/18014398509481984,49557608637077129817/18014398509481984,743/18014398509481984,True
validation,2025-12-26,tariff_context,2000,800,2840,0,True
validation,2025-12-26,raw_point,9444732965739290484946701/4722366482869645213696,3905397086122611653359373/4722366482869645213696,12960534812235741413652237/4722366482869645213696,57554701/4722366482869645213696,True
validation,2025-12-26,coherent,1125899906842623925/562949953421312,232779805754050123/281474976710656,773944672315229251/281474976710656,75/562949953421312,True
validation,2025-12-26,shuffled,9007199254740991809/4503599627370496,3731247529615466569/4503599627370496,12387150359455586889/4503599627370496,191/4503599627370496,True
validation,2025-12-27,tariff_context,2000,800,2840,0,True
validation,2025-12-27,raw_point,2361183241434822594275723/1180591620717411303424,977529863151371170097547/1180591620717411303424,3240133703058935326452107/1180591620717411303424,12572277/1180591620717411303424,True
validation,2025-12-27,coherent,281474976710655973/140737488355328,233061280730760309/281474976710656,773944672315229109/281474976710656,27/140737488355328,True
validation,2025-12-27,shuffled,72057594037927937181/36028797018963968,29886009033941707485/36028797018963968,99097202875643539165/36028797018963968,1181/36028797018963968,True
validation,2025-12-28,tariff_context,2000,800,2840,0,True
validation,2025-12-28,raw_point,9444732965739290385274553/4722366482869645213696,3929008918536961860130489/4722366482869645213696,13036092675961655570290361/4722366482869645213696,42117447/4722366482869645213696,True
validation,2025-12-28,coherent,1125899906842623959/562949953421312,117093590318801259/140737488355328,389224135971299615/140737488355328,41/562949953421312,True
validation,2025-12-28,shuffled,36028797018963970865/18014398509481984,15015062111008697777/18014398509481984,49836831813973397937/18014398509481984,2865/18014398509481984,True
validation,2025-12-29,tariff_context,2000,800,2840,0,True
validation,2025-12-29,raw_point,2361183241434822609853351/1180591620717411303424,979300750582448175045543/1180591620717411303424,3221244237127456761174951/1180591620717411303424,3005351/1180591620717411303424,True
validation,2025-12-29,coherent,562949953421312011/281474976710656,58370873298956699/70368744177664,192360268171964631/70368744177664,11/281474976710656,True
validation,2025-12-29,shuffled,2251799813685247727/1125899906842624,935626632159032985/1125899906842624,3078773191340458425/1125899906842624,273/1125899906842624,True
validation,2025-12-30,tariff_context,2000,800,2840,0,True
validation,2025-12-30,raw_point,4722366482869645152993449/2361183241434822606848,1959782092785611547197609/2361183241434822606848,6529852254306061214924969/2361183241434822606848,60702551/2361183241434822606848,True
validation,2025-12-30,coherent,1125899906842623981/562949953421312,233624230684181181/281474976710656,779118120870353201/281474976710656,19/562949953421312,True
validation,2025-12-30,shuffled,151115727451828648349478801/75557863725914323419136,62713026894292877629927313/75557863725914323419136,209206718707789675801816977/75557863725914323419136,1511206801/75557863725914323419136,True
validation,2025-12-31,tariff_context,2000,800,2840,0,True
validation,2025-12-31,raw_point,9444732965739290435976291/4722366482869645213696,3874701703983962735705187/4722366482869645213696,13052620958887819367087203/4722366482869645213696,8584291/4722366482869645213696,True
validation,2025-12-31,coherent,1208925819614629071619671965/604462909807314587353088,495961817504038090404054941/604462909807314587353088,1671037713454155317793310621/604462909807314587353088,103086504035/604462909807314587353088,True
validation,2025-12-31,shuffled,9444732965739290435976291/4722366482869645213696,3874701703983962735705187/4722366482869645213696,13052620958887819367087203/4722366482869645213696,8584291/4722366482869645213696,True
validation,2026-01-01,tariff_context,2000,800,2840,0,True
validation,2026-01-01,raw_point,9444732965739290227949869/4722366482869645213696,3905397086122614080717101/4722366482869645213696,12875532215544087542808877/4722366482869645213696,199442131/4722366482869645213696,True
validation,2026-01-01,coherent,70368744177664001/35184372088832,232779805754049373/281474976710656,768878122734437325/281474976710656,1/35184372088832,True
validation,2026-01-01,shuffled,9007199254740992117/4503599627370496,3731247529615660965/4503599627370496,12306085566163149349/4503599627370496,117/4503599627370496,True
validation,2026-01-02,tariff_context,2000,800,2840,0,True
validation,2026-01-02,raw_point,1180591620717411294465907/590295810358705651712,489650375291223850569587/590295810358705651712,1606490047891217422176115/590295810358705651712,8958093/590295810358705651712,True
validation,2026-01-02,coherent,562949953421311975/281474976710656,233483493195825837/281474976710656,767470747850883805/281474976710656,25/281474976710656,True
validation,2026-01-02,shuffled,9007199254740991989/4503599627370496,3742506528636282821/4503599627370496,12283567567970420165/4503599627370496,11/4503599627370496,True
validation,2026-01-03,tariff_context,2000,800,2840,0,True
validation,2026-01-03,raw_point,9444732965739290331050625/4722366482869645213696,3893591169915444298642049/4722366482869645213696,12962895995477176015254145/4722366482869645213696,96341375/4722366482869645213696,True
validation,2026-01-03,coherent,562949953421311995/281474976710656,116038059156136641/140737488355328,387042704901792197/140737488355328,5/281474976710656,True
validation,2026-01-03,shuffled,72057594037927935645/36028797018963968,29759908244377016797/36028797018963968,99115217274155009501/36028797018963968,355/36028797018963968,True
validation,2026-01-04,tariff_context,2000,800,2840,0,True
validation,2026-01-04,raw_point,295147905179352827224413/147573952589676412928,121527150107267795050845/147573952589676412928,403688547309059829457245/147573952589676412928,1368413/147573952589676412928,True
validation,2026-01-04,coherent,562949953421312011/281474976710656,231794643335563939/281474976710656,771411397524833515/281474976710656,11/281474976710656,True
validation,2026-01-04,shuffled,72057594037927930921/36028797018963968,29723879446976867113/36028797018963968,98772943702029318953/36028797018963968,5079/36028797018963968,True
validation,2026-01-05,tariff_context,2000,800,2840,0,True
validation,2026-01-05,raw_point,1180591620717411307076469/590295810358705651712,490240671101582015183733/590295810358705651712,1605014308365320670657397/590295810358705651712,3652469/590295810358705651712,True
validation,2026-01-05,coherent,562949953421312013/281474976710656,116882484086267843/140737488355328,383383530204553551/140737488355328,13/281474976710656,True
validation,2026-01-05,shuffled,36028797018963968421/18014398509481984,14988040513055790053/18014398509481984,49089234275609377253/18014398509481984,421/18014398509481984,True
validation,2026-01-06,tariff_context,2000,800,2840,0,True
validation,2026-01-06,raw_point,9444732965739290164303645/4722366482869645213696,3921925368812660258346781/4722366482869645213696,12840114466922565072951069/4722366482869645213696,263088355/4722366482869645213696,True
validation,2026-01-06,coherent,281474976710655997/140737488355328,233764968172537881/281474976710656,766767060409107353/281474976710656,3/140737488355328,True
validation,2026-01-06,shuffled,72057594037927928067/36028797018963968,29976081026109181059/36028797018963968,98178468551215901827/36028797018963968,7933/36028797018963968,True
validation,2026-01-07,tariff_context,2000,800,2840,0,True
validation,2026-01-07,raw_point,9444732965739290561282183/4722366482869645213696,3917203002329789533716615/4722366482869645213696,12868448665819783341211783/4722366482869645213696,133890183/4722366482869645213696,True
validation,2026-01-07,coherent,562949953421311993/281474976710656,233483493195828201/281474976710656,768455910269371377/281474976710656,7/281474976710656,True
validation,2026-01-07,shuffled,72057594037927931059/36028797018963968,29940052229089075763/36028797018963968,98394641333328328243/36028797018963968,4941/36028797018963968,True
validation,2026-01-08,tariff_context,2000,800,2840,0,True
validation,2026-01-08,raw_point,4722366482869645228788691/2361183241434822606848,1951517951440590750501843/2361183241434822606848,6555825269961844339395539/2361183241434822606848,15092691/2361183241434822606848,True
validation,2026-01-08,coherent,604462909807314612838637071/302231454903657293676544,249794297485008506094263823/302231454903657293676544,839296749932654979237977615/302231454903657293676544,25485549071/302231454903657293676544,True
validation,2026-01-08,shuffled,2417851639229258371473893203/1208925819614629174706176,1001729879333571136392292179/1208925819614629174706176,3358395924142930563469698899/1208925819614629174706176,22061541203/1208925819614629174706176,True
validation,2026-01-09,tariff_context,2000,800,2840,0,True
validation,2026-01-09,raw_point,4722366482869645237209201/2361183241434822606848,1934989668750543813003377/2361183241434822606848,6437766107772043861084273/2361183241434822606848,23513201/2361183241434822606848,True
validation,2026-01-09,coherent,562949953421312013/281474976710656,230668743428719471/281474976710656,768878122734437079/281474976710656,13/281474976710656,True
validation,2026-01-09,shuffled,36028797018963971107/18014398509481984,14789882129640584291/18014398509481984,49224342264651519075/18014398509481984,3107/18014398509481984,True
validation,2026-01-10,tariff_context,2000,800,2840,0,True
validation,2026-01-10,raw_point,4722366482869645175943011/2361183241434822606848,1931447893888394411896675/2361183241434822606848,6437766107772043808206691/2361183241434822606848,37752989/2361183241434822606848,True
validation,2026-01-10,coherent,562949953421312003/281474976710656,115123265481826771/140737488355328,384439061367218599/140737488355328,3/281474976710656,True
validation,2026-01-10,shuffled,72057594037927935381/36028797018963968,29525721063752989205/36028797018963968,98448684529303276053/36028797018963968,619/36028797018963968,True
validation,2026-01-11,tariff_context,2000,800,2840,0,True
validation,2026-01-11,raw_point,9444732965739290510210363/4722366482869645213696,3900674719639746529703227/4722366482869645213696,12861365116095478822319419/4722366482869645213696,82818363/4722366482869645213696,True
validation,2026-01-11,coherent,140737488355327997/70368744177664,58124582694334555/70368744177664,192008424451076287/70368744177664,3/70368744177664,True
validation,2026-01-11,shuffled,72057594037927937431/36028797018963968,29813951439905095191/36028797018963968,98340598138246845975/36028797018963968,1431/36028797018963968,True
validation,2026-01-12,tariff_context,2000,800,2840,0,True
validation,2026-01-12,raw_point,1180591620717411290299253/590295810358705651712,482566825566918841711477/590295810358705651712,1612688153899983827352437/590295810358705651712,13124747/590295810358705651712,True
validation,2026-01-12,coherent,281474976710655975/140737488355328,230105793475298081/281474976710656,770426235106345753/281474976710656,25/140737488355328,True
validation,2026-01-12,shuffled,72057594037927937197/36028797018963968,29507706665243466797/36028797018963968,98646842912907557933/36028797018963968,1197/36028797018963968,True
validation,2026-01-13,tariff_context,2000,800,2840,0,True
validation,2026-01-13,raw_point,9444732965739290347606641/4722366482869645213696,3886507620191133673362033/4722366482869645213696,12809419084783912562365041/4722366482869645213696,79785359/4722366482869645213696,True
validation,2026-01-13,coherent,70368744177663999/35184372088832,231653905847206855/281474976710656,764937473060487807/281474976710656,1/35184372088832,True
validation,2026-01-13,shuffled,72057594037927937653/36028797018963968,29705865048848247029/36028797018963968,97944281371038313717/36028797018963968,1653/36028797018963968,True
validation,2026-01-14,tariff_context,2000,800,2840,0,True
validation,2026-01-14,raw_point,9444732965739290157897335/4722366482869645213696,3929008918536963444692599/4722366482869645213696,12731500037816563293738615/4722366482869645213696,269494665/4722366482869645213696,True
validation,2026-01-14,coherent,281474976710655987/140737488355328,29273397579700457/35184372088832,95075479407117245/35184372088832,13/140737488355328,True
validation,2026-01-14,shuffled,562949953421312007/281474976710656,3665546794124527/4398046511104,95122776453276683/35184372088832,7/281474976710656,True
validation,2026-01-15,tariff_context,2000,800,2840,0,True
validation,2026-01-15,raw_point,9444732965739290489838637/4722366482869645213696,3912480635846922836958253/4722366482869645213696,12726777671333693980466221/4722366482869645213696,62446637/4722366482869645213696,True
validation,2026-01-15,coherent,8796093022207999/4398046511104,116601009109557345/140737488355328,380005830484025605/140737488355328,1/4398046511104,True
validation,2026-01-15,shuffled,9007199254740992731/4503599627370496,3736614963475561051/4503599627370496,12164222593527710427/4503599627370496,731/4503599627370496,True
validation,2026-01-16,tariff_context,2000,800,2840,0,True
validation,2026-01-16,raw_point,2361183241434822634494887/1180591620717411303424,976349271530654319106983/1180591620717411303424,3221834532937815474690983/1180591620717411303424,27646887/1180591620717411303424,True
validation,2026-01-16,coherent,70368744177664001/35184372088832,232779805754050111/281474976710656,769581810176213991/281474976710656,1/35184372088832,True
validation,2026-01-16,shuffled,36028797018963969667/18014398509481984,14924990118460997379/18014398509481984,49269378260924366595/18014398509481984,1667/18014398509481984,True
validation,2026-01-17,tariff_context,2000,800,2840,0,True
validation,2026-01-17,raw_point,4722366482869645227538055/2361183241434822606848,1946795584957717815703175/2361183241434822606848,6415334866978413070202503/2361183241434822606848,13842055/2361183241434822606848,True
validation,2026-01-17,coherent,140737488355327995/70368744177664,58019029578068207/70368744177664,191551027613921425/70368744177664,5/70368744177664,True
validation,2026-01-17,shuffled,72057594037927938271/36028797018963968,29759908244374973023/36028797018963968,98106410957621636703/36028797018963968,2271/36028797018963968,True
validation,2026-01-18,tariff_context,2000,800,2840,0,True
validation,2026-01-18,raw_point,4722366482869645100619947/2361183241434822606848,1934989668750547669391531/2361183241434822606848,6390542442943347305912491/2361183241434822606848,113076053/2361183241434822606848,True
validation,2026-01-18,coherent,562949953421311991/281474976710656,115334371714359725/140737488355328,381624311600112013/140737488355328,9/281474976710656,True
validation,2026-01-18,shuffled,36028797018963968045/18014398509481984,14789882129451512749/18014398509481984,48864054294240876973/18014398509481984,45/18014398509481984,True
validation,2026-01-19,tariff_context,2000,800,2840,0,True
validation,2026-01-19,raw_point,9444732965739290451205099/4722366482869645213696,3938453651502699605875691/4722366482869645213696,12724416488092259052116971/4722366482869645213696,23813099/4722366482869645213696,True
validation,2026-01-19,coherent,281474976710656035/140737488355328,3667970790484735/4398046511104,94983865434962011/35184372088832,35/140737488355328,True
validation,2026-01-19,shuffled,18014398509481984067/9007199254740992,7525545453919606403/9007199254740992,24323940756063671683/9007199254740992,67/9007199254740992,True
validation,2026-01-20,tariff_context,2000,800,2840,0,True
validation,2026-01-20,raw_point,9444732965739290469237203/4722366482869645213696,3940814834744137701294547/4722366482869645213696,12634691524917735844643283/4722366482869645213696,41845203/4722366482869645213696,True
validation,2026-01-20,coherent,281474976710656009/140737488355328,117445434039689341/140737488355328,377363349555124649/140737488355328,9/140737488355328,True
validation,2026-01-20,shuffled,2417851639229258477552323157/1208925819614629174706176,1010441545117065264032959061/1208925819614629174706176,3244988112173874849980926549/1208925819614629174706176,128139971157/1208925819614629174706176,True
validation,2026-01-21,tariff_context,2000,800,2840,0,True
validation,2026-01-21,raw_point,9444732965739290539208913/4722366482869645213696,3865256971018220998373585/4722366482869645213696,12918033513889914593882321/4722366482869645213696,111816913/4722366482869645213696,True
validation,2026-01-21,coherent,2000,115193634226004449/140737488355328,385705698762416537/140737488355328,0,True
validation,2026-01-21,shuffled,72057594037927935351/36028797018963968,29543735462262418807/36028797018963968,98772943702473887095/36028797018963968,649/36028797018963968,True
validation,2026-01-22,tariff_context,2000,800,2840,0,True
validation,2026-01-22,raw_point,4722366482869645224288109/2361183241434822606848,1907836061474044581617517/2361183241434822606848,6533394029168213184585581/2361183241434822606848,10592109/2361183241434822606848,True
validation,2026-01-22,coherent,4722366482869645224288109/2361183241434822606848,1907836061474044581617517/2361183241434822606848,6533394029168213184585581/2361183241434822606848,10592109/2361183241434822606848,True
validation,2026-01-22,shuffled,4722366482869645224288109/2361183241434822606848,1907836061474044581617517/2361183241434822606848,6533394029168213184585581/2361183241434822606848,10592109/2361183241434822606848,True
validation,2026-01-23,tariff_context,2000,800,2840,0,True
validation,2026-01-23,raw_point,4722366482869645183108635/2361183241434822606848,1963323867647762838144539/2361183241434822606848,6463739123427826855659035/2361183241434822606848,30587365/2361183241434822606848,True
validation,2026-01-23,coherent,562949953421312025/281474976710656,457121959275873/549755813888,48248396717390887/17592186044416,25/281474976710656,True
validation,2026-01-23,shuffled,36028797018963967863/18014398509481984,15006054911754359415/18014398509481984,49422500648255772791/18014398509481984,137/18014398509481984,True
validation,2026-01-24,tariff_context,2000,800,2840,0,True
validation,2026-01-24,raw_point,9444732965739290222619785/4722366482869645213696,3888868803432571759979657/4722366482869645213696,12625246791951996307598473/4722366482869645213696,204772215/4722366482869645213696,True
validation,2026-01-24,coherent,70368744177663989/35184372088832,57948660833891009/70368744177664,188576121661295845/70368744177664,11/35184372088832,True
validation,2026-01-24,shuffled,604462909807314622928797221/302231454903657293676544,249285840275326308361846309/302231454903657293676544,810793680861113646707260965/302231454903657293676544,35575709221/302231454903657293676544,True
validation,2026-01-25,tariff_context,2000,800,2840,0,True
validation,2026-01-25,raw_point,9444732965739290476830339/4722366482869645213696,3947898384468444022201987/4722366482869645213696,12667748090297823335177859/4722366482869645213696,49438339/4722366482869645213696,True
validation,2026-01-25,coherent,35184372088832001/17592186044416,117656540272223365/140737488355328,378418880717789645/140737488355328,1/17592186044416,True
validation,2026-01-25,shuffled,18014398509481982691/9007199254740992,7541587798148319843/9007199254740992,24229833582099822691/9007199254740992,1309/9007199254740992,True
validation,2026-01-26,tariff_context,2000,800,2840,0,True
validation,2026-01-26,raw_point,4722366482869645194840775/2361183241434822606848,1965685050889197974473415/2361183241434822606848,6332693453528194246265543/2361183241434822606848,18855225/2361183241434822606848,True
validation,2026-01-26,coherent,17592186044416001/8796093022208,117163959062979023/140737488355328,378176243135406471/140737488355328,1/8796093022208,True
validation,2026-01-26,shuffled,72057594037927938773/36028797018963968,30048138620150324949/36028797018963968,96845403061518046933/36028797018963968,2773/36028797018963968,True
validation,2026-01-27,tariff_context,2000,800,2840,0,True
validation,2026-01-27,raw_point,9444732965739290385797781/4722366482869645213696,3912480635846918672831125/4722366482869645213696,13132901189096598889910933/4722366482869645213696,41594219/4722366482869645213696,True
validation,2026-01-27,coherent,9444732965739290385797781/4722366482869645213696,3912480635846918672831125/4722366482869645213696,13132901189096598889910933/4722366482869645213696,41594219/4722366482869645213696,True
validation,2026-01-27,shuffled,9444732965739290385797781/4722366482869645213696,3912480635846918672831125/4722366482869645213696,13132901189096598889910933/4722366482869645213696,41594219/4722366482869645213696,True
validation,2026-01-28,tariff_context,2000,800,2840,0,True
validation,2026-01-28,raw_point,9444732965739290352800601/4722366482869645213696,3912480635846920351109977/4722366482869645213696,12653580990849214275507033/4722366482869645213696,74591399/4722366482869645213696,True
validation,2026-01-28,coherent,562949953421311983/281474976710656,233202018219115129/281474976710656,755648798829036209/281474976710656,17/281474976710656,True
validation,2026-01-28,shuffled,18014398509481985283/9007199254740992,7476005858175117763/9007199254740992,24188832767425560515/9007199254740992,1283/9007199254740992,True
validation,2026-01-29,tariff_context,2000,800,2840,0,True
validation,2026-01-29,raw_point,1180591620717411301643761/590295810358705651712,488469783670505725023729/590295810358705651712,1611802710213960761923057/590295810358705651712,1780239/590295810358705651712,True
validation,2026-01-29,coherent,562949953421311995/281474976710656,232920543242405363/281474976710656,768878122742204923/281474976710656,5/281474976710656,True
validation,2026-01-29,shuffled,604462909807314583242201525/302231454903657293676544,250096528939912593353005493/302231454903657293676544,826248773909530662003071413/302231454903657293676544,4110886475/302231454903657293676544,True
validation,2026-01-30,tariff_context,2000,800,2840,0,True
validation,2026-01-30,raw_point,2361183241434822575504511/1180591620717411303424,979891046392805990710399/1180591620717411303424,3148047556642977209236607/1180591620717411303424,31343489/1180591620717411303424,True
validation,2026-01-30,coherent,281474976710656009/140737488355328,58406057671045437/70368744177664,187997406032949493/70368744177664,9/140737488355328,True
validation,2026-01-30,shuffled,36028797018963968267/18014398509481984,14979033313800276363/18014398509481984,48143478353860647819/18014398509481984,267/18014398509481984,True
validation,2026-01-31,tariff_context,2000,800,2960,0,True
validation,2026-01-31,raw_point,9444732965739290409900141/4722366482869645213696,3879424070466833764128877/4722366482869645213696,13097483440475080232343661/4722366482869645213696,17491859/4722366482869645213696,True
validation,2026-01-31,coherent,9444732965739290409900141/4722366482869645213696,3879424070466833764128877/4722366482869645213696,13097483440475080232343661/4722366482869645213696,17491859/4722366482869645213696,True
validation,2026-01-31,shuffled,9444732965739290409900141/4722366482869645213696,3879424070466833764128877/4722366482869645213696,13097483440475080232343661/4722366482869645213696,17491859/4722366482869645213696,True
validation,2026-02-01,tariff_context,2000,800,2840,0,True
validation,2026-02-01,raw_point,9444732965739290273772427/4722366482869645213696,3954981934192747280331659/4722366482869645213696,12884976948509826879058827/4722366482869645213696,153619573/4722366482869645213696,True
validation,2026-02-01,coherent,281474976710655969/140737488355328,117797277760578297/140737488355328,384720536343929193/140737488355328,31/140737488355328,True
validation,2026-02-01,shuffled,9007199254740991747/4503599627370496,3778535325702697619/4503599627370496,12315092765417470611/4503599627370496,253/4503599627370496,True
validation,2026-02-02,tariff_context,2000,800,2840,0,True
validation,2026-02-02,raw_point,9444732965739290333092477/4722366482869645213696,3978593766607095028849277/4722366482869645213696,12710249388643650065472125/4722366482869645213696,94299523/4722366482869645213696,True
validation,2026-02-02,coherent,140737488355328017/70368744177664,118500965202354543/140737488355328,379513249274782083/140737488355328,17/70368744177664,True
validation,2026-02-02,shuffled,18014398509481985087/9007199254740992,7602106647741391871/9007199254740992,24296919158482336511/9007199254740992,1087/9007199254740992,True
validation,2026-02-03,tariff_context,2000,800,2840,0,True
validation,2026-02-03,raw_point,4722366482869645278250423/2361183241434822606848,1988116291682830852359607/2361183241434822606848,6266580322768019263129015/2361183241434822606848,64554423/2361183241434822606848,True
validation,2026-02-03,coherent,281474976710655983/140737488355328,118430596458176939/140737488355328,374150612792639471/140737488355328,17/140737488355328,True
validation,2026-02-03,shuffled,17592186044416001/8796093022208,29671602206517021/35184372088832,23384413299539969/8796093022208,1/8796093022208,True
validation,2026-02-04,tariff_context,2000,800,2840,0,True
validation,2026-02-04,raw_point,4722366482869645212845229/2361183241434822606848,2001102799510721505985709/2361183241434822606848,6259496773043714729903277/2361183241434822606848,850771/2361183241434822606848,True
validation,2026-02-04,coherent,281474976710656007/140737488355328,7445622124062419/8796093022208,46716050040946689/17592186044416,7/140737488355328,True
validation,2026-02-04,shuffled,18014398509481983415/9007199254740992,7631912847122720439/9007199254740992,23918617620964703671/9007199254740992,585/9007199254740992,True
validation,2026-02-05,tariff_context,2000,800,2840,0,True
validation,2026-02-05,raw_point,9444732965739290280480761/4722366482869645213696,3971510216882789233348601/4722366482869645213696,12563856027674690944126969/4722366482869645213696,146911239/4722366482869645213696,True
validation,2026-02-05,coherent,9007199254740991663/4503599627370496,3785275487034298701/4503599627370496,12004812388344542413/4503599627370496,337/4503599627370496,True
validation,2026-02-05,shuffled,4503599627370495939/2251799813685248,474287240543876571/562949953421312,1501105998837597963/562949953421312,61/2251799813685248,True
validation,2026-02-06,tariff_context,2000,800,2840,0,True
validation,2026-02-06,raw_point,2361183241434822597496957/1180591620717411303424,967494834375274368422013/1180591620717411303424,3143325190160107586015357/1180591620717411303424,9351043/1180591620717411303424,True
validation,2026-02-06,coherent,35184372088831997/17592186044416,57632001485091463/70368744177664,187673440721829983/70368744177664,3/17592186044416,True
validation,2026-02-06,shuffled,2417851639229258459769645563/1208925819614629174706176,992307657822845353363155451/1208925819614629174706176,3224436373240425680961710587/1208925819614629174706176,110357293563/1208925819614629174706176,True
validation,2026-02-07,tariff_context,2000,800,2840,0,True
validation,2026-02-07,raw_point,295147905179352827226407/147573952589676412928,123666972419818203179303/147573952589676412928,392177779007065068726567/147573952589676412928,1370407/147573952589676412928,True
validation,2026-02-07,coherent,18014398509481984141/9007199254740992,7543529376304407069/9007199254740992,23977164416120521501/9007199254740992,141/9007199254740992,True
validation,2026-02-07,shuffled,1208925819614629212101365827/604462909807314587353088,507336392742858846347546691/604462909807314587353088,1609080265907071473224077379/604462909807314587353088,37395189827/604462909807314587353088,True
validation,2026-02-08,tariff_context,2000,800,2840,0,True
validation,2026-02-08,raw_point,9444732965739290338133299/4722366482869645213696,3985677316331399703037235/4722366482869645213696,12554411294708951711352115/4722366482869645213696,89258701/4722366482869645213696,True
validation,2026-02-08,coherent,8796093022208001/4398046511104,7419504464680397/8796093022208,11711997859069953/4398046511104,1/4398046511104,True
validation,2026-02-08,shuffled,281474976710656017/140737488355328,118967883802779109/140737488355328,374783931490238513/140737488355328,17/140737488355328,True
validation,2026-02-09,tariff_context,2000,800,2840,0,True
validation,2026-02-09,raw_point,4722366482869645154907683/2361183241434822606848,1975129783854938063828515/2361183241434822606848,6279566830595910664123939/2361183241434822606848,58788317/2361183241434822606848,True
validation,2026-02-09,coherent,18014398509481982523/9007199254740992,7530018577422238011/9007199254740992,23995178814630001211/9007199254740992,1477/9007199254740992,True
validation,2026-02-09,shuffled,151115727451828671458363321/75557863725914323419136,63303712297268266420193209/75557863725914323419136,201286148965835781134927801/75557863725914323419136,24620091321/75557863725914323419136,True
validation,2026-02-10,tariff_context,2000,800,2840,0,True
validation,2026-02-10,raw_point,2361183241434822596869513/1180591620717411303424,992877554220697066651017/1180591620717411303424,3215931574834228380548489/1180591620717411303424,9978487/1180591620717411303424,True
validation,2026-02-10,coherent,9007199254740992301/4503599627370496,3785275487034296237/4503599627370496,12290790964682564013/4503599627370496,301/4503599627370496,True
validation,2026-02-10,shuffled,9007199254740992311/4503599627370496,3794297924398530167/4503599627370496,12294826567094352887/4503599627370496,311/4503599627370496,True
validation,2026-02-11,tariff_context,2000,800,2840,0,True
validation,2026-02-11,raw_point,4722366482869645137626385/2361183241434822606848,1997561024648568861312273/2361183241434822606848,6422418416702717414556945/2361183241434822606848,76069615/2361183241434822606848,True
validation,2026-02-11,coherent,2251799813685248097/1125899906842624,1903896742585568903/2251799813685248,6136388283086543111/2251799813685248,97/1125899906842624,True
validation,2026-02-11,shuffled,562949953421312021/281474976710656,238550995158454895/281474976710656,767300760536546679/281474976710656,21/281474976710656,True
validation,2026-02-12,tariff_context,2000,800,2840,0,True
validation,2026-02-12,raw_point,9444732965739290437141847/4722366482869645213696,3877062887225393197401431/4722366482869645213696,12936922980057510845924695/4722366482869645213696,9749847/4722366482869645213696,True
validation,2026-02-12,coherent,281474976710656003/140737488355328,28868777457242327/35184372088832,96420111965357283/35184372088832,3/140737488355328,True
validation,2026-02-12,shuffled,18014398509481984611/9007199254740992,7391186475828302243/9007199254740992,24699992086700038691/9007199254740992,611/9007199254740992,True
validation,2026-02-13,tariff_context,2000,800,2840,0,True
validation,2026-02-13,raw_point,4722366482869645230039325/2361183241434822606848,1932628485509110124077341/2361183241434822606848,6388181259819973109965085/2361183241434822606848,16343325/2361183241434822606848,True
validation,2026-02-13,coherent,9007199254740991929/4503599627370496,3683944513007107513/4503599627370496,12188651949533951289/4503599627370496,71/4503599627370496,True
validation,2026-02-13,shuffled,4722366482869645230039325/2361183241434822606848,1932628485509110124077341/2361183241434822606848,6388181259819973109965085/2361183241434822606848,16343325/2361183241434822606848,True
validation,2026-02-14,tariff_context,2000,800,2840,0,True
validation,2026-02-14,raw_point,4722366482869645123093079/2361183241434822606848,2001102799510721349124695/2361183241434822606848,6259496773043714640151127/2361183241434822606848,90602921/2361183241434822606848,True
validation,2026-02-14,coherent,281474976710656009/140737488355328,119129953984998251/140737488355328,373728400327573543/140737488355328,9/140737488355328,True
validation,2026-02-14,shuffled,4503599627370496211/2251799813685248,1910572223770998867/2251799813685248,5979654405241176275/2251799813685248,211/2251799813685248,True
validation,2026-02-15,tariff_context,2000,800,2840,0,True
validation,2026-02-15,raw_point,4722366482869645168932653/2361183241434822606848,2036520548132243666958125/2361183241434822606848,6229981982525779403405101/2361183241434822606848,44763347/2361183241434822606848,True
validation,2026-02-15,coherent,2000,30293744487601997/35184372088832,92992295430782985/35184372088832,0,True
validation,2026-02-15,shuffled,70368744177663997/35184372088832,30310388795678421/35184372088832,93027479802871805/35184372088832,3/35184372088832,True
validation,2026-02-16,tariff_context,2000,800,2840,0,True
validation,2026-02-16,raw_point,2361183241434822575071681/1180591620717411303424,1018850569876480261300673/1180591620717411303424,3205306250247771657019841/1180591620717411303424,31776319/1180591620717411303424,True
validation,2026-02-16,coherent,140737488355328001/70368744177664,121386083713638429/140737488355328,382820580251132137/140737488355328,1/70368744177664,True
validation,2026-02-16,shuffled,281474976710655985/140737488355328,121624660956870189/140737488355328,382946705814847429/140737488355328,15/140737488355328,True
validation,2026-02-17,tariff_context,2000,800,2840,0,True
validation,2026-02-17,raw_point,2361183241434822620911255/1180591620717411303424,1018850569876480240031383/1180591620717411303424,3140964006918672786822807/1180591620717411303424,14063255/1180591620717411303424,True
validation,2026-02-17,coherent,4503599627370496463/2251799813685248,1942177339418210111/2251799813685248,6005162495583553919/2251799813685248,463/2251799813685248,True
validation,2026-02-17,shuffled,604462909807314565218162163/302231454903657293676544,261223982744020597787317747/302231454903657293676544,806864671947365687696545267/302231454903657293676544,22134925837/302231454903657293676544,True
validation,2026-02-18,tariff_context,2000,800,2840,0,True
validation,2026-02-18,raw_point,4722366482869645173782051/2361183241434822606848,2001102799510722406446627/2361183241434822606848,6234704349008649053468195/2361183241434822606848,39913949/2361183241434822606848,True
validation,2026-02-18,coherent,562949953421311943/281474976710656,953637221153050935/1125899906842624,2978005253598740279/1125899906842624,57/281474976710656,True
validation,2026-02-18,shuffled,281474976710655957/140737488355328,119460465012023761/140737488355328,372250656699842561/140737488355328,43/140737488355328,True
validation,2026-02-19,tariff_context,2000,800,2840,0,True
validation,2026-02-19,raw_point,1180591620717411272326703/590295810358705651712,513262207705571937058351/590295810358705651712,1553363424958933891382831/590295810358705651712,31097297/590295810358705651712,True
validation,2026-02-19,coherent,140737488355328001/70368744177664,61080070184447537/70368744177664,185492009652322305/70368744177664,1/70368744177664,True
validation,2026-02-19,shuffled,140737488355328001/70368744177664,61113358805102149/70368744177664,185562378396499969/70368744177664,1/70368744177664,True
validation,2026-02-20,tariff_context,2000,800,2840,0,True
validation,2026-02-20,raw_point,9444732965739290240779505/4722366482869645213696,4122625944334618377356529/4722366482869645213696,12445796865602949774083313/4722366482869645213696,186612495/4722366482869645213696,True
validation,2026-02-20,coherent,140737488355328011/70368744177664,61359379969029493/70368744177664,185773484629032969/70368744177664,11/70368744177664,True
validation,2026-02-20,shuffled,1125899906842624047/562949953421312,491511765287692447/562949953421312,1486187877032263727/562949953421312,47/562949953421312,True
validation,2026-02-21,tariff_context,2000,800,2840,0,True
validation,2026-02-21,raw_point,9444732965739290107757111/4722366482869645213696,4146237776748966201967159/4722366482869645213696,12443435682361514818454071/4722366482869645213696,319634889/4722366482869645213696,True
validation,2026-02-21,coherent,604462909807314708733664387/302231454903657293676544,264905870226623508491312259/302231454903657293676544,797739925218203496500206723/302231454903657293676544,121380576387/302231454903657293676544,True
validation,2026-02-21,shuffled,140737488355327989/70368744177664,61743429710005593/70368744177664,185879037745299445/70368744177664,11/70368744177664,True
validation,2026-02-22,tariff_context,2000,800,2840,0,True
validation,2026-02-22,raw_point,4722366482869645245693521/2361183241434822606848,2021172857062916998315601/2361183241434822606848,6212273108215018314808913/2361183241434822606848,31997521/2361183241434822606848,True
validation,2026-02-22,coherent,1125899906842624009/562949953421312,60130092138049191/70368744177664,185456825280233481/70368744177664,9/562949953421312,True
validation,2026-02-22,shuffled,1125899906842623947/562949953421312,120326761508404675/140737488355328,371054388048822259/140737488355328,53/562949953421312,True
validation,2026-02-23,tariff_context,2000,800,2840,0,True
validation,2026-02-23,raw_point,9444732965739289973165043/4722366482869645213696,4122625944334618847939571/4722366482869645213696,12419823849947166524902387/4722366482869645213696,454226957/4722366482869645213696,True
validation,2026-02-23,coherent,2251799813685247955/1125899906842624,981221772625110895/1125899906842624,2966183304576892719/1125899906842624,45/1125899906842624,True
validation,2026-02-23,shuffled,140737488355327989/70368744177664,61359649409724407/70368744177664,185456825280233461/70368744177664,11/70368744177664,True
validation,2026-02-24,tariff_context,2000,800,2840,0,True
validation,2026-02-24,raw_point,9444732965739290263601453/4722366482869645213696,4167488425921880700797229/4722366482869645213696,12396212017532818522161453/4722366482869645213696,163790547/4722366482869645213696,True
validation,2026-02-24,coherent,1125899906842623905/562949953421312,61994863858757257/70368744177664,185034612815167479/70368744177664,95/562949953421312,True
validation,2026-02-24,shuffled,140737488355327979/70368744177664,62028152479414533/70368744177664,185104981559345131/70368744177664,21/70368744177664,True
validation,2026-02-25,tariff_context,2000,800,2840,0,True
validation,2026-02-25,raw_point,9444732965739290246632813/4722366482869645213696,4096652928678836945147245/4722366482869645213696,12502465263397385522500973/4722366482869645213696,180759187/4722366482869645213696,True
validation,2026-02-25,coherent,70368744177663987/35184372088832,7626212650702445/8796093022208,93308954779582451/35184372088832,13/35184372088832,True
validation,2026-02-25,shuffled,2417851639229258477870278379/1208925819614629174706176,1050336097164347408640927467/1208925819614629174706176,3206071273617996699778705131/1208925819614629174706176,128457926379/1208925819614629174706176,True
validation,2026-02-26,tariff_context,2000,800,2840,0,True
validation,2026-02-26,raw_point,9444732965739290257190889/4722366482869645213696,4207628541026271881785321/4722366482869645213696,12358433085669861362429929/4722366482869645213696,170201111/4722366482869645213696,True
validation,2026-02-26,coherent,604462909807314553385343685/302231454903657293676544,268834879140370507655633605/302231454903657293676544,792299759029937557647219397/302231454903657293676544,33967744315/302231454903657293676544,True
validation,2026-02-26,shuffled,35184372088831999/17592186044416,501265787074532753/562949953421312,1476899202800812001/562949953421312,1/17592186044416,True
validation,2026-02-27,tariff_context,2000,800,2840,0,True
validation,2026-02-27,raw_point,4722366482869645183287297/2361183241434822606848,2112078411858157199425537/2361183241434822606848,6180397134455648143015937/2361183241434822606848,30408703/2361183241434822606848,True
validation,2026-02-27,coherent,302231454903657199409033395/151115727451828646838272,134946344616267411910815923/151115727451828646838272,396225437378694634922307763/151115727451828646838272,94267510605/151115727451828646838272,True
validation,2026-02-27,shuffled,1125899906842623849/562949953421312,503236111911497833/562949953421312,1477180677777522537/562949953421312,151/562949953421312,True
validation,2026-02-28,tariff_context,2000,800,2840,0,True
validation,2026-02-28,raw_point,9444732965739290132735765/4722366482869645213696,4233601556682055074440981/4722366482869645213696,12426907399671471093573397/4722366482869645213696,294656235/4722366482869645213696,True
validation,2026-02-28,coherent,1125899906842623791/562949953421312,62980026277244345/70368744177664,185492009652322253/70368744177664,209/562949953421312,True
validation,2026-02-28,shuffled,1125899906842623999/562949953421312,31506657448950743/35184372088832,2637,1/562949953421312,True
validation,2026-03-01,tariff_context,2000,800,2840,0,True
validation,2026-03-01,raw_point,4722366482869645068082187/2361183241434822606848,2108536636996006192487435/2361183241434822606848,6199286600387126608665611/2361183241434822606848,145613813/2361183241434822606848,True
validation,2026-03-01,coherent,70368744177664001/35184372088832,62733735672622679/70368744177664,185069797187256317/70368744177664,1/35184372088832,True
validation,2026-03-01,shuffled,140737488355327993/70368744177664,62767024293279115/70368744177664,185140165931433977/70368744177664,7/70368744177664,True
validation,2026-03-02,tariff_context,2000,800,2840,0,True
validation,2026-03-02,raw_point,1180591620717411234097281/590295810358705651712,530675934111153682000001/590295810358705651712,1542442952467297798596737/590295810358705651712,69326719/590295810358705651712,True
validation,2026-03-02,coherent,1208925819614628904376946639/604462909807314587353088,542505461559202120271351759/604462909807314587353088,1582181666420645576168132559/604462909807314587353088,270329229361/604462909807314587353088,True
validation,2026-03-02,shuffled,1125899906842624081/562949953421312,505769386701903089/562949953421312,1474647402987126865/562949953421312,81/562949953421312,True
validation,2026-03-03,tariff_context,2000,800,2840,0,True
validation,2026-03-03,raw_point,4722366482869645135342063/2361183241434822606848,2142773793996809576933871/2361183241434822606848,6148521160696277989878255/2361183241434822606848,78353937/2361183241434822606848,True
validation,2026-03-03,coherent,281474976710656029/140737488355328,127437795248224403/140737488355328,367128350138810195/140737488355328,29/140737488355328,True
validation,2026-03-03,shuffled,562949953421311971/281474976710656,255564120983138411/281474976710656,734611236382040291/281474976710656,29/281474976710656,True
validation,2026-03-04,tariff_context,2000,800,2840,0,True
validation,2026-03-04,raw_point,590295810358705643917337/295147905179352825856,265042819150397364047897/295147905179352825856,768122423229265721495577/295147905179352825856,7794663/295147905179352825856,True
validation,2026-03-04,coherent,1208925819614629343082920243/604462909807314587353088,541900998649393376079198515/604462909807314587353088,1575834805867669439340165427/604462909807314587353088,168376744243/604462909807314587353088,True
validation,2026-03-04,shuffled,562949953421312049/281474976710656,252603218374241849/281474976710656,734368214238101553/281474976710656,49/281474976710656,True
validation,2026-03-05,tariff_context,2000,800,2840,0,True
validation,2026-03-05,raw_point,295147905179352821451263/147573952589676412928,134882592816633539774975/147573952589676412928,384061211614632862337535/147573952589676412928,4404737/147573952589676412928,True
validation,2026-03-05,coherent,281474976710656065/140737488355328,128352588922534205/140737488355328,366917243906277353/140737488355328,65/140737488355328,True
validation,2026-03-05,shuffled,562949953421312013/281474976710656,257393708331744661/281474976710656,734189023916984845/281474976710656,13/281474976710656,True
validation,2026-03-06,tariff_context,2000,800,2840,0,True
validation,2026-03-06,raw_point,2361183241434822485132361/1180591620717411303424,1064303347274100875641929/1180591620717411303424,3083705313313878202827849/1180591620717411303424,121715639/1180591620717411303424,True
validation,2026-03-06,coherent,140737488355327989/70368744177664,15832967499533243/17592186044416,46029954785214465/17592186044416,11/70368744177664,True
validation,2026-03-06,shuffled,140737488355327987/70368744177664,7920881644674787/8796093022208,46065139157303293/17592186044416,13/70368744177664,True
validation,2026-03-07,tariff_context,2000,800,2840,0,True
validation,2026-03-07,raw_point,9444732965739290230519199/4722366482869645213696,4269019305303576429196703/4722366482869645213696,12297042321392555939591583/4722366482869645213696,196872801/4722366482869645213696,True
validation,2026-03-07,coherent,2000,63507791858577127/70368744177664,183556869187436539/70368744177664,0,True
validation,2026-03-07,shuffled,140737488355327971/70368744177664,63541080479231733/70368744177664,183627237931614179/70368744177664,29/70368744177664,True
validation,2026-03-08,tariff_context,2000,800,2840,0,True
validation,2026-03-08,raw_point,9444732965739290002410317/4722366482869645213696,4372911367926710006401869/4722366482869645213696,12242735106839554791525197/4722366482869645213696,424981683/4722366482869645213696,True
validation,2026-03-08,coherent,562949953421311937/281474976710656,65020719391398725/70368744177664,182754934511361765/70368744177664,63/281474976710656,True
validation,2026-03-08,shuffled,281474976710655971/140737488355328,130385704026133823/140737488355328,365687137074942243/140737488355328,29/140737488355328,True
validation,2026-03-09,tariff_context,2000,800,2840,0,True
validation,2026-03-09,raw_point,4722366482869645264376465/2361183241434822606848,2180552725859767136113297/2361183241434822606848,6163868851765604465857169/2361183241434822606848,50680465/2361183241434822606848,True
validation,2026-03-09,coherent,1208925819614629246725467695/604462909807314587353088,557314802849480501778918959/604462909807314587353088,1580670509146127769487224367/604462909807314587353088,72019291695/604462909807314587353088,True
validation,2026-03-09,shuffled,562949953421311977/281474976710656,259780830280359721/281474976710656,736620014051786729/281474976710656,23/281474976710656,True
validation,2026-03-10,tariff_context,2000,800,2840,0,True
validation,2026-03-10,raw_point,4722366482869645188140949/2361183241434822606848,2208886924756985535139733/2361183241434822606848,6127270511523364639215509/2361183241434822606848,25555051/2361183241434822606848,True
validation,2026-03-10,coherent,562949953421312095/281474976710656,262756889844346399/281474976710656,731723425487223895/281474976710656,95/281474976710656,True
validation,2026-03-10,shuffled,562949953421312023/281474976710656,263445420331030551/281474976710656,732077961591648535/281474976710656,23/281474976710656,True
validation,2026-03-11,tariff_context,2000,800,2840,0,True
validation,2026-03-11,raw_point,147573952589676408748651/73786976294838206464,69285970815687742995051/73786976294838206464,192362647200643200072299/73786976294838206464,4179349/73786976294838206464,True
validation,2026-03-11,coherent,281474976710656089/140737488355328,131871026131416145/140737488355328,367550562603875473/140737488355328,89/140737488355328,True
validation,2026-03-11,shuffled,562949953421311963/281474976710656,264430582749512507/281474976710656,735455661312181595/281474976710656,37/281474976710656,True
validation,2026-03-12,tariff_context,2000,800,2840,0,True
validation,2026-03-12,raw_point,9444732965739290182467619/4722366482869645213696,4441385681928319907840035/4722366482869645213696,12285236405185381778505763/4722366482869645213696,244924381/4722366482869645213696,True
validation,2026-03-12,coherent,562949953421312029/281474976710656,264164264727900137/281474976710656,733553012835843481/281474976710656,29/281474976710656,True
validation,2026-03-12,shuffled,562949953421311859/281474976710656,264852795214574243/281474976710656,733907548940277363/281474976710656,141/281474976710656,True
validation,2026-03-13,tariff_context,2000,800,2840,0,True
validation,2026-03-13,raw_point,9444732965739290292846727/4722366482869645213696,4462636331101233555898503/4722366482869645213696,12311209420841164937560199/4722366482869645213696,134545273/4722366482869645213696,True
validation,2026-03-13,coherent,281474976710656017/140737488355328,132715451061546811/140737488355328,367550562603874511/140737488355328,17/140737488355328,True
validation,2026-03-13,shuffled,281474976710655937/140737488355328,133059716304887633/140737488355328,367727830656091265/140737488355328,63/140737488355328,True
validation,2026-03-14,tariff_context,2000,800,2840,0,True
validation,2026-03-14,raw_point,4722366482869645120630095/2361183241434822606848,2015269898959331494456655/2361183241434822606848,6260677364664432053185871/2361183241434822606848,93065905/2361183241434822606848,True
validation,2026-03-14,coherent,562949953421312043/281474976710656,480196310297052303/562949953421312,1495195076287004759/562949953421312,43/281474976710656,True
validation,2026-03-14,shuffled,1208925819614629232509435921/604462909807314587353088,516705567844871986235293713/604462909807314587353088,1605453488448227572822032401/604462909807314587353088,57803259921/604462909807314587353088,True
validation,2026-03-15,tariff_context,2000,800,2840,0,True
validation,2026-03-15,raw_point,9444732965739290026444615/4722366482869645213696,4413051483031100404139847/4722366482869645213696,12297042321392555735516999/4722366482869645213696,400947385/4722366482869645213696,True
validation,2026-03-15,coherent,1208925819614629255153434747/604462909807314587353088,563963894857359802436665467/604462909807314587353088,1576741500232380267457134715/604462909807314587353088,80447258747/604462909807314587353088,True
validation,2026-03-15,shuffled,281474976710655993/140737488355328,131438527512089065/140737488355328,367395213351583737/140737488355328,7/140737488355328,True
validation,2026-03-16,tariff_context,2000,800,2840,0,True
validation,2026-03-16,raw_point,9444732965739289794120159/4722366482869645213696,4332771252822317545359839/4722366482869645213696,12212039724700901889346015/4722366482869645213696,633271841/4722366482869645213696,True
validation,2026-03-16,coherent,1208925819614629055265356509/604462909807314587353088,553688025390637092809587421/604462909807314587353088,1565861167855848319097354973/604462909807314587353088,119440819491/604462909807314587353088,True
validation,2026-03-16,shuffled,281474976710655993/140737488355328,129045990210049673/140737488355328,364861938561187833/140737488355328,7/140737488355328,True
validation,2026-03-17,tariff_context,2000,800,2840,0,True
validation,2026-03-17,raw_point,9444732965739289669435327/4722366482869645213696,4512221179171364341448639/4722366482869645213696,12200233808493727651626943/4722366482869645213696,757956673/4722366482869645213696,True
validation,2026-03-17,coherent,8796093022207999/4398046511104,33477855424550851/35184372088832,91012415747414777/35184372088832,1/4398046511104,True
validation,2026-03-17,shuffled,281474976710655979/140737488355328,134122826637622411/140737488355328,364210435597666435/140737488355328,21/140737488355328,True
validation,2026-03-18,tariff_context,2000,800,2840,0,True
validation,2026-03-18,raw_point,4722366482869645096819125/2361183241434822606848,2103814270513137045772725/2361183241434822606848,6214634291456452984347061/2361183241434822606848,116876875/2361183241434822606848,True
validation,2026-03-18,coherent,140737488355327989/70368744177664,62663366693793969/70368744177664,185527194024411125/70368744177664,11/70368744177664,True
validation,2026-03-18,shuffled,75557863725914325399711757/37778931862957161709568,33710807935165400936689677/37778931862957161709568,99604153856686562585948173/37778931862957161709568,1980575757/37778931862957161709568,True
validation,2026-03-19,tariff_context,2000,800,2840,0,True
validation,2026-03-19,raw_point,4722366482869645160635503/2361183241434822606848,2195900416929094184623215/2361183241434822606848,6114284003695473087372399/2361183241434822606848,53060497/2361183241434822606848,True
validation,2026-03-19,coherent,17592186044416001/8796093022208,65337379207196467/70368744177664,182536522396860431/70368744177664,1/8796093022208,True
validation,2026-03-19,shuffled,140737488355328013/70368744177664,65370667823349469/70368744177664,182606891141038093/70368744177664,13/70368744177664,True
validation,2026-03-20,tariff_context,2000,800,2960,0,True
validation,2026-03-20,raw_point,9444732965739290430454779/4722366482869645213696,4467358697584103405829115/4722366482869645213696,12684276372987867114159099/4722366482869645213696,3062779/4722366482869645213696,True
validation,2026-03-20,coherent,281474976710655997/140737488355328,133067295247131521/140737488355328,378739193088827825/140737488355328,3/140737488355328,True
validation,2026-03-20,shuffled,140737488355327999/70368744177664,133349246415728493/140737488355328,378865305665323757/140737488355328,1/70368744177664,True
validation,2026-03-21,tariff_context,2000,800,2840,0,True
validation,2026-03-21,raw_point,9444732965739290419552141/4722366482869645213696,4276102855027881891356557/4722366482869645213696,12209678541459467692171149/4722366482869645213696,7839859/4722366482869645213696,True
validation,2026-03-21,coherent,562949953421312015/281474976710656,254453379899373983/281474976710656,729020189680599055/281474976710656,15/281474976710656,True
validation,2026-03-21,shuffled,140737488355327989/70368744177664,63646633590996313/70368744177664,182325416164327413/70368744177664,11/70368744177664,True
validation,2026-03-22,tariff_context,2000,800,2840,0,True
validation,2026-03-22,raw_point,590295810358705654236399/295147905179352825856,271240925159163834041583/295147905179352825856,763252482793806410188015/295147905179352825856,2524399/295147905179352825856,True
validation,2026-03-22,coherent,604462909807314565298820743/302231454903657293676544,277297359877673150888449671/302231454903657293676544,782930583927924197214819975/302231454903657293676544,22054267257/302231454903657293676544,True
validation,2026-03-22,shuffled,140737488355327985/70368744177664,64628548221290189/70368744177664,182430969280593905/70368744177664,15/70368744177664,True
validation,2026-03-23,tariff_context,2000,800,2840,0,True
validation,2026-03-23,raw_point,9444732965739289967954067/4722366482869645213696,4328048886339446731802771/4722366482869645213696,12266346939253902983137427/4722366482869645213696,459437933/4722366482869645213696,True
validation,2026-03-23,coherent,1208925819614629045282521689/604462909807314587353088,553083562480829650127798873/604462909807314587353088,1572812491318632343117218393/604462909807314587353088,129423654311/604462909807314587353088,True
validation,2026-03-23,shuffled,562949953421312031/281474976710656,257810505443389415/281474976710656,732960839354548255/281474976710656,31/281474976710656,True
validation,2026-03-24,tariff_context,2000,800,2840,0,True
validation,2026-03-24,raw_point,9444732965739290295416057/4722366482869645213696,4526388278619973500417273/4722366482869645213696,12332460070014078343591161/4722366482869645213696,131975943/4722366482869645213696,True
validation,2026-03-24,coherent,1208925819614629315668556275/604462909807314587353088,578471004692734880472316403/604462909807314587353088,1581274972055935049938450931/604462909807314587353088,140962380275/604462909807314587353088,True
validation,2026-03-24,shuffled,140737488355327987/70368744177664,33691201373596529/35184372088832,92112686047549901/35184372088832,13/70368744177664,True
validation,2026-03-25,tariff_context,2000,800,2840,0,True
validation,2026-03-25,raw_point,9444732965739289835003989/4722366482869645213696,4538194194827147757019221/4722366482869645213696,12162454876630770722594901/4722366482869645213696,592388011/4722366482869645213696,True
validation,2026-03-25,coherent,18014398509481984615/9007199254740992,8637904056014970599/9007199254740992,23239509230123700967/9007199254740992,615/9007199254740992,True
validation,2026-03-25,shuffled,140737488355328011/70368744177664,67655758059283855/70368744177664,181647299886452107/70368744177664,11/70368744177664,True
validation,2026-03-26,tariff_context,2000,800,2840,0,True
validation,2026-03-26,raw_point,9444732965739290419926481/4722366482869645213696,4575973126690103557494225/4722366482869645213696,12150648960423597127374289/4722366482869645213696,7465519/4722366482869645213696,True
validation,2026-03-26,coherent,18014398509481982867/9007199254740992,8718968849307625107/9007199254740992,23216991231986842771/9007199254740992,1133/9007199254740992,True
validation,2026-03-26,shuffled,281474976710655999/140737488355328,136304257102403375/140737488355328,362942756052006175/140737488355328,1/140737488355328,True
validation,2026-03-27,tariff_context,2000,800,2840,0,True
validation,2026-03-27,raw_point,1180591620717411252685577/590295810358705651712,572586936646621734750985/590295810358705651712,1515879641001156062857993/590295810358705651712,50738423/590295810358705651712,True
validation,2026-03-27,coherent,8796093022208001/4398046511104,68187312879393899/70368744177664,22628862534876155/8796093022208,1/4398046511104,True
validation,2026-03-27,shuffled,140737488355327985/70368744177664,68222497295379195/70368744177664,181119534305113473/70368744177664,15/70368744177664,True
validation,2026-03-28,tariff_context,2000,800,2960,0,True
validation,2026-03-28,raw_point,2361183241434822587015451/1180591620717411303424,1152847718827906137415963/1180591620717411303424,3197632404713108512268571/1180591620717411303424,19832549/1180591620717411303424,True
validation,2026-03-28,coherent,140737488355327999/70368744177664,976,11942895300902913/4398046511104,1/70368744177664,True
validation,2026-03-28,shuffled,35184372088831999/17592186044416,1951/2,47789173562738457/17592186044416,1/17592186044416,True
validation,2026-03-29,tariff_context,2000,800,2840,0,True
validation,2026-03-29,raw_point,9444732965739289974539039/4722366482869645213696,4500415262964190533518111/4722366482869645213696,12200233808493727956730655/4722366482869645213696,452852961/4722366482869645213696,True
validation,2026-03-29,coherent,281474976710656001/140737488355328,8365084435524465/8796093022208,45530403953440707/17592186044416,1/140737488355328,True
validation,2026-03-29,shuffled,140737488355328013/70368744177664,67092808105863145/70368744177664,182210249839872749/70368744177664,13/70368744177664,True
validation,2026-03-30,tariff_context,2000,800,2840,0,True
validation,2026-03-30,raw_point,75557863725914322537023567/37778931862957161709568,37042242700176766708484175/37778931862957161709568,96789623434785193361934415/37778931862957161709568,882112433/37778931862957161709568,True
validation,2026-03-30,coherent,140737488355327977/70368744177664,68858725293565209/70368744177664,180506044472895467/70368744177664,23/70368744177664,True
validation,2026-03-30,shuffled,140737488355327995/70368744177664,34415488843198425/35184372088832,45131729175151831/17592186044416,5/70368744177664,True
validation,2026-03-31,tariff_context,2000,800,2840,0,True
validation,2026-03-31,raw_point,75557863725914318242056271/37778931862957161709568,37193358427628595355322447/37778931862957161709568,96638507707333360420128847/37778931862957161709568,5177079729/37778931862957161709568,True
validation,2026-03-31,coherent,75557863725914318242056271/37778931862957161709568,37193358427628595355322447/37778931862957161709568,96638507707333360420128847/37778931862957161709568,5177079729/37778931862957161709568,True
validation,2026-03-31,shuffled,75557863725914318242056271/37778931862957161709568,37193358427628595355322447/37778931862957161709568,96638507707333360420128847/37778931862957161709568,5177079729/37778931862957161709568,True
validation,2026-04-01,tariff_context,2000,800,2960,0,True
validation,2026-04-01,raw_point,4722366482869645194189935/2361183241434822606848,2304514846035096058092655/2361183241434822606848,6310262212734563397295215/2361183241434822606848,19506065/2361183241434822606848,True
validation,2026-04-01,coherent,140737488355328013/70368744177664,68644709945311245/70368744177664,188505752917118187/70368744177664,13/70368744177664,True
validation,2026-04-01,shuffled,1208925819614629423334136427/604462909807314587353088,590560262884772125759085163/604462909807314587353088,1620982898812420684584688235/604462909807314587353088,248627960427/604462909807314587353088,True
validation,2026-04-02,tariff_context,2000,800,2840,0,True
validation,2026-04-02,raw_point,75557863725914319315798095/37778931862957161709568,35228853970754822946424911/37778931862957161709568,96581839309538924677564495/37778931862957161709568,4103337905/37778931862957161709568,True
validation,2026-04-02,coherent,9007199254740991707/4503599627370496,4197354869011925275/4503599627370496,11516177975360684187/4503599627370496,293/4503599627370496,True
validation,2026-04-02,shuffled,70368744177664003/35184372088832,32677485704866963/35184372088832,90060168204257241/35184372088832,3/35184372088832,True
validation,2026-04-03,tariff_context,2000,800,2840,0,True
validation,2026-04-03,raw_point,75557863725914319315798095/37778931862957161709568,37438921484737816906434639/37778931862957161709568,96562949843607445022967887/37778931862957161709568,4103337905/37778931862957161709568,True
validation,2026-04-03,coherent,281474976710656009/140737488355328,69710661167874375/70368744177664,179897694390313789/70368744177664,9/140737488355328,True
validation,2026-04-03,shuffled,70368744177664003/35184372088832,34762159751130259/35184372088832,22505957561549569/8796093022208,3/35184372088832,True
validation,2026-04-04,tariff_context,2000,800,2840,0,True
validation,2026-04-04,raw_point,4722366482869645123093079/2361183241434822606848,2341113186277335804510807/2361183241434822606848,6035184365107406492500567/2361183241434822606848,90602921/2361183241434822606848,True
validation,2026-04-04,coherent,281474976710656007/140737488355328,17425060219803261/17592186044416,11259455686049249/4398046511104,7/140737488355328,True
validation,2026-04-04,shuffled,140737488355328005/70368744177664,69735425295199371/70368744177664,180239925002894597/70368744177664,5/70368744177664,True
validation,2026-04-05,tariff_context,2000,800,2840,0,True
validation,2026-04-05,raw_point,2361183241434822505210571/1180591620717411303424,1120971745068536537621195/1180591620717411303424,3017592182553703189914315/1180591620717411303424,101637429/1180591620717411303424,True
validation,2026-04-05,coherent,35184372088832007/17592186044416,66674384879573367/70368744177664,44965627529527311/17592186044416,7/17592186044416,True
validation,2026-04-05,shuffled,140737488355327967/70368744177664,66846517501241289/70368744177664,179862510118109151/70368744177664,33/70368744177664,True
validation,2026-04-06,tariff_context,2000,800,2840,0,True
validation,2026-04-06,raw_point,75557863725914322503469135/37778931862957161709568,37495589882532252615444559/37778931862957161709568,96487391979881536034703439/37778931862957161709568,915666865/37778931862957161709568,True
validation,2026-04-06,coherent,2251799813685248383/1125899906842624,1117059431457436639/1125899906842624,2876111306295229183/1125899906842624,383/1125899906842624,True
validation,2026-04-06,shuffled,2251799813685247983/1125899906842624,1113233536966300255/1125899906842624,2878829157792414335/1125899906842624,17/1125899906842624,True
validation,2026-04-07,tariff_context,2000,800,2840,0,True
validation,2026-04-07,raw_point,75557863725914320355985487/37778931862957161709568,37382253086943381130315855/37778931862957161709568,96525170911744491048929359/37778931862957161709568,3063150513/37778931862957161709568,True
validation,2026-04-07,coherent,75557863725914320355985487/37778931862957161709568,37382253086943381130315855/37778931862957161709568,96525170911744491048929359/37778931862957161709568,3063150513/37778931862957161709568,True
validation,2026-04-07,shuffled,75557863725914320355985487/37778931862957161709568,37382253086943381130315855/37778931862957161709568,96525170911744491048929359/37778931862957161709568,3063150513/37778931862957161709568,True
validation,2026-04-08,tariff_context,2000,800,2840,0,True
validation,2026-04-08,raw_point,75557863725914318242056271/37778931862957161709568,37571147746258166972418127/37778931862957161709568,96374055184292660288161871/37778931862957161709568,5177079729/37778931862957161709568,True
validation,2026-04-08,coherent,17592186044416001/8796093022208,69946531785377583/70368744177664,179553252897768447/70368744177664,1/8796093022208,True
validation,2026-04-08,shuffled,281474976710655999/140737488355328,3963/4,11234287083102593/4398046511104,1/140737488355328,True
validation,2026-04-09,tariff_context,2000,800,2840,0,True
validation,2026-04-09,raw_point,75557863725914318242056271/37778931862957161709568,37476700416600774068144207/37778931862957161709568,96638507707333360420128847/37778931862957161709568,5177079729/37778931862957161709568,True
validation,2026-04-09,coherent,281474976710655973/140737488355328,1983/2,90102081826079245/35184372088832,27/140737488355328,True
validation,2026-04-09,shuffled,140737488355328001/70368744177664,69406329730071407/70368744177664,180531013010360767/70368744177664,1/70368744177664,True
validation,2026-04-10,tariff_context,2000,800,2840,0,True
validation,2026-04-10,raw_point,75557863725914322537023567/37778931862957161709568,37930047598956260008659023/37778931862957161709568,96260718388703790950516815/37778931862957161709568,882112433/37778931862957161709568,True
validation,2026-04-10,coherent,75557863725914322537023567/37778931862957161709568,37930047598956260008659023/37778931862957161709568,96260718388703790950516815/37778931862957161709568,882112433/37778931862957161709568,True
validation,2026-04-10,shuffled,75557863725914322537023567/37778931862957161709568,37930047598956260008659023/37778931862957161709568,96260718388703790950516815/37778931862957161709568,882112433/37778931862957161709568,True
validation,2026-04-11,tariff_context,2000,800,2840,0,True
validation,2026-04-11,raw_point,75557863725914318242056271/37778931862957161709568,37684484541847038457546831/37778931862957161709568,96430723582087096030726223/37778931862957161709568,5177079729/37778931862957161709568,True
validation,2026-04-11,coherent,75557863725914318242056271/37778931862957161709568,37684484541847038457546831/37778931862957161709568,96430723582087096030726223/37778931862957161709568,5177079729/37778931862957161709568,True
validation,2026-04-11,shuffled,281474976710656041/140737488355328,35009735938578405/35184372088832,44948035254764771/17592186044416,41/140737488355328,True
validation,2026-04-12,tariff_context,2000,800,2840,0,True
validation,2026-04-12,raw_point,75557863725914324147636303/37778931862957161709568,38175610656065481022900303/37778931862957161709568,96147381593114921076000847/37778931862957161709568,728500303/37778931862957161709568,True
validation,2026-04-12,coherent,75557863725914324147636303/37778931862957161709568,38175610656065481022900303/37778931862957161709568,96147381593114921076000847/37778931862957161709568,728500303/37778931862957161709568,True
validation,2026-04-12,shuffled,75557863725914324147636303/37778931862957161709568,38175610656065481022900303/37778931862957161709568,96147381593114921076000847/37778931862957161709568,728500303/37778931862957161709568,True
validation,2026-04-13,tariff_context,2000,800,2840,0,True
validation,2026-04-13,raw_point,75557863725914322469914703/37778931862957161709568,38496731576900617367193679/37778931862957161709568,96090713195320485803198543/37778931862957161709568,949221297/37778931862957161709568,True
validation,2026-04-13,coherent,75557863725914322469914703/37778931862957161709568,38496731576900617367193679/37778931862957161709568,96090713195320485803198543/37778931862957161709568,949221297/37778931862957161709568,True
validation,2026-04-13,shuffled,75557863725914322469914703/37778931862957161709568,38496731576900617367193679/37778931862957161709568,96090713195320485803198543/37778931862957161709568,949221297/37778931862957161709568,True
validation,2026-04-14,tariff_context,2000,800,2840,0,True
validation,2026-04-14,raw_point,75557863725914321194846287/37778931862957161709568,38591178906558010338576463/37778931862957161709568,96619618241401885060499535/37778931862957161709568,2224289713/37778931862957161709568,True
validation,2026-04-14,coherent,17592186044415999/8796093022208,35913773658602651/35184372088832,90190042756301327/35184372088832,1/8796093022208,True
validation,2026-04-14,shuffled,70368744177664007/35184372088832,35819625230548243/35184372088832,90230321784661333/35184372088832,7/35184372088832,True
validation,2026-04-15,tariff_context,2000,800,2840,0,True
validation,2026-04-15,raw_point,9444732965739290500043643/4722366482869645213696,4660975723381758325199739/4722366482869645213696,12075091096697682884072315/4722366482869645213696,72651643/4722366482869645213696,True
validation,2026-04-15,coherent,1208925819614629448622745211/604462909807314587353088,596302660532052769438377595/604462909807314587353088,1548331743471436589421504123/604462909807314587353088,273916569211/604462909807314587353088,True
validation,2026-04-15,shuffled,140737488355327987/70368744177664,69413622825370831/70368744177664,180390275699441651/70368744177664,13/70368744177664,True
validation,2026-04-16,tariff_context,2000,800,2840,0,True
validation,2026-04-16,raw_point,75557863725914318242056271/37778931862957161709568,38761184099941317566269519/37778931862957161709568,95958486933800131509356623/37778931862957161709568,5177079729/37778931862957161709568,True
validation,2026-04-16,coherent,75557863725914318242056271/37778931862957161709568,38761184099941317566269519/37778931862957161709568,95958486933800131509356623/37778931862957161709568,5177079729/37778931862957161709568,True
validation,2026-04-16,shuffled,75557863725914318242056271/37778931862957161709568,38761184099941317566269519/37778931862957161709568,95958486933800131509356623/37778931862957161709568,5177079729/37778931862957161709568,True
validation,2026-04-17,tariff_context,2000,800,2840,0,True
validation,2026-04-17,raw_point,75557863725914318242056271/37778931862957161709568,38345615849448788787464271/37778931862957161709568,96015155331594567251920975/37778931862957161709568,5177079729/37778931862957161709568,True
validation,2026-04-17,coherent,75557863725914318242056271/37778931862957161709568,38345615849448788787464271/37778931862957161709568,96015155331594567251920975/37778931862957161709568,5177079729/37778931862957161709568,True
validation,2026-04-17,shuffled,75557863725914318242056271/37778931862957161709568,38345615849448788787464271/37778931862957161709568,96015155331594567251920975/37778931862957161709568,5177079729/37778931862957161709568,True
validation,2026-04-18,tariff_context,2000,800,2840,0,True
validation,2026-04-18,raw_point,4722366482869645008015585/2361183241434822606848,2286805971724334584926433/2361183241434822606848,6009211349451623345524961/2361183241434822606848,205680415/2361183241434822606848,True
validation,2026-04-18,coherent,1208925819614629183463901483/604462909807314587353088,584515633790809504753928491/604462909807314587353088,1538358105459615646456236331/604462909807314587353088,8757725483/604462909807314587353088,True
validation,2026-04-18,shuffled,1125899906842623927/562949953421312,544894408464677211/562949953421312,1433833531364081595/562949953421312,73/562949953421312,True
validation,2026-04-19,tariff_context,2000,800,2840,0,True
validation,2026-04-19,raw_point,4722366482869645003408657/2361183241434822606848,2407226317037510583600401/2361183241434822606848,6025739632141667082388753/2361183241434822606848,210287343/2361183241434822606848,True
validation,2026-04-19,coherent,140737488355327989/70368744177664,71573782058329239/70368744177664,179880100964158337/70368744177664,11/70368744177664,True
validation,2026-04-19,shuffled,140737488355328007/70368744177664,71670567316080533/70368744177664,180008770029530681/70368744177664,7/70368744177664,True
validation,2026-04-20,tariff_context,2000,800,2840,0,True
validation,2026-04-20,raw_point,75557863725914320389539919/37778931862957161709568,39138973418570889183365199/37778931862957161709568,95656255478896476363163727/37778931862957161709568,3029596081/37778931862957161709568,True
validation,2026-04-20,coherent,75557863725914320389539919/37778931862957161709568,39138973418570889183365199/37778931862957161709568,95656255478896476363163727/37778931862957161709568,3029596081/37778931862957161709568,True
validation,2026-04-20,shuffled,75557863725914320389539919/37778931862957161709568,39138973418570889183365199/37778931862957161709568,95656255478896476363163727/37778931862957161709568,3029596081/37778931862957161709568,True
validation,2026-04-21,tariff_context,2000,800,2840,0,True
validation,2026-04-21,raw_point,75557863725914322402805839/37778931862957161709568,39214531282296803372566607/37778931862957161709568,95882929070074221346687055/37778931862957161709568,1016330161/37778931862957161709568,True
validation,2026-04-21,coherent,75557863725914322402805839/37778931862957161709568,39214531282296803372566607/37778931862957161709568,95882929070074221346687055/37778931862957161709568,1016330161/37778931862957161709568,True
validation,2026-04-21,shuffled,75557863725914322402805839/37778931862957161709568,39214531282296803372566607/37778931862957161709568,95882929070074221346687055/37778931862957161709568,1016330161/37778931862957161709568,True
validation,2026-04-22,tariff_context,2000,800,2840,0,True
validation,2026-04-22,raw_point,75557863725914321463281743/37778931862957161709568,39327868077885674991913039/37778931862957161709568,95731813342622391760324687/37778931862957161709568,1955854257/37778931862957161709568,True
validation,2026-04-22,coherent,75557863725914321463281743/37778931862957161709568,39327868077885674991913039/37778931862957161709568,95731813342622391760324687/37778931862957161709568,1955854257/37778931862957161709568,True
validation,2026-04-22,shuffled,75557863725914321463281743/37778931862957161709568,39327868077885674991913039/37778931862957161709568,95731813342622391760324687/37778931862957161709568,1955854257/37778931862957161709568,True
validation,2026-04-23,tariff_context,2000,800,2840,0,True
validation,2026-04-23,raw_point,75557863725914318242056271/37778931862957161709568,39006747157050539117381711/37778931862957161709568,95694034410759431377389647/37778931862957161709568,5177079729/37778931862957161709568,True
validation,2026-04-23,coherent,75557863725914318242056271/37778931862957161709568,39006747157050539117381711/37778931862957161709568,95694034410759431377389647/37778931862957161709568,5177079729/37778931862957161709568,True
validation,2026-04-23,shuffled,75557863725914318242056271/37778931862957161709568,39006747157050539117381711/37778931862957161709568,95694034410759431377389647/37778931862957161709568,5177079729/37778931862957161709568,True
validation,2026-04-24,tariff_context,2000,800,2840,0,True
validation,2026-04-24,raw_point,75557863725914320389539919/37778931862957161709568,39441204873474546477041743/37778931862957161709568,95920708001937176495130703/37778931862957161709568,3029596081/37778931862957161709568,True
validation,2026-04-24,coherent,75557863725914320389539919/37778931862957161709568,39441204873474546477041743/37778931862957161709568,95920708001937176495130703/37778931862957161709568,3029596081/37778931862957161709568,True
validation,2026-04-24,shuffled,75557863725914320389539919/37778931862957161709568,39441204873474546477041743/37778931862957161709568,95920708001937176495130703/37778931862957161709568,3029596081/37778931862957161709568,True
validation,2026-04-25,tariff_context,2000,800,2840,0,True
validation,2026-04-25,raw_point,9444732965739290430114471/4722366482869645213696,4590140226138711161146023/4722366482869645213696,11947587201660202393373351/4722366482869645213696,2722471/4722366482869645213696,True
validation,2026-04-25,coherent,1208925819614629106309633103/604462909807314587353088,586631253975135960663299151/604462909807314587353088,1529291161812505837606769743/604462909807314587353088,68396542897/604462909807314587353088,True
validation,2026-04-25,shuffled,35184372088831997/17592186044416,34179045831353689/35184372088832,44508230692372477/17592186044416,3/17592186044416,True
validation,2026-04-26,tariff_context,2000,800,2840,0,True
validation,2026-04-26,raw_point,75557863725914322537023567/37778931862957161709568,39724546862446725189863503/37778931862957161709568,95599587081102042768083023/37778931862957161709568,882112433/37778931862957161709568,True
validation,2026-04-26,coherent,75557863725914322537023567/37778931862957161709568,39724546862446725189863503/37778931862957161709568,95599587081102042768083023/37778931862957161709568,882112433/37778931862957161709568,True
validation,2026-04-26,shuffled,75557863725914322537023567/37778931862957161709568,39724546862446725189863503/37778931862957161709568,95599587081102042768083023/37778931862957161709568,882112433/37778931862957161709568,True
validation,2026-04-27,tariff_context,2000,800,2840,0,True
validation,2026-04-27,raw_point,75557863725914319315798095/37778931862957161709568,39592320600926375123880015/37778931862957161709568,95656255478896473141938255/37778931862957161709568,4103337905/37778931862957161709568,True
validation,2026-04-27,coherent,75557863725914319315798095/37778931862957161709568,39592320600926375123880015/37778931862957161709568,95656255478896473141938255/37778931862957161709568,4103337905/37778931862957161709568,True
validation,2026-04-27,shuffled,75557863725914319315798095/37778931862957161709568,39592320600926375123880015/37778931862957161709568,95656255478896473141938255/37778931862957161709568,4103337905/37778931862957161709568,True
validation,2026-04-28,tariff_context,2000,800,2840,0,True
validation,2026-04-28,raw_point,75557863725914324684507215/37778931862957161709568,39913441521761510998411343/37778931862957161709568,95429581887718735540389967/37778931862957161709568,1265371215/37778931862957161709568,True
validation,2026-04-28,coherent,75557863725914324684507215/37778931862957161709568,39913441521761510998411343/37778931862957161709568,95429581887718735540389967/37778931862957161709568,1265371215/37778931862957161709568,True
validation,2026-04-28,shuffled,75557863725914324684507215/37778931862957161709568,39913441521761510998411343/37778931862957161709568,95429581887718735540389967/37778931862957161709568,1265371215/37778931862957161709568,True
validation,2026-04-29,tariff_context,2000,800,2840,0,True
validation,2026-04-29,raw_point,75557863725914322537023567/37778931862957161709568,39743436328378203770718287/37778931862957161709568,95410692421787256959535183/37778931862957161709568,882112433/37778931862957161709568,True
validation,2026-04-29,coherent,75557863725914322537023567/37778931862957161709568,39743436328378203770718287/37778931862957161709568,95410692421787256959535183/37778931862957161709568,882112433/37778931862957161709568,True
validation,2026-04-29,shuffled,75557863725914322537023567/37778931862957161709568,39743436328378203770718287/37778931862957161709568,95410692421787256959535183/37778931862957161709568,882112433/37778931862957161709568,True
validation,2026-04-30,tariff_context,2000,800,2840,0,True
validation,2026-04-30,raw_point,75557863725914324684507215/37778931862957161709568,40102336181076296806959183/37778931862957161709568,95259576694335428312696911/37778931862957161709568,1265371215/37778931862957161709568,True
validation,2026-04-30,coherent,75557863725914324684507215/37778931862957161709568,40102336181076296806959183/37778931862957161709568,95259576694335428312696911/37778931862957161709568,1265371215/37778931862957161709568,True
validation,2026-04-30,shuffled,75557863725914324684507215/37778931862957161709568,40102336181076296806959183/37778931862957161709568,95259576694335428312696911/37778931862957161709568,1265371215/37778931862957161709568,True
validation,2026-05-01,tariff_context,2000,800,2840,0,True
validation,2026-05-01,raw_point,75557863725914324684507215/37778931862957161709568,39743436328378203770718287/37778931862957161709568,95202908296540992570132559/37778931862957161709568,1265371215/37778931862957161709568,True
validation,2026-05-01,coherent,75557863725914324684507215/37778931862957161709568,39743436328378203770718287/37778931862957161709568,95202908296540992570132559/37778931862957161709568,1265371215/37778931862957161709568,True
validation,2026-05-01,shuffled,75557863725914324684507215/37778931862957161709568,39743436328378203770718287/37778931862957161709568,95202908296540992570132559/37778931862957161709568,1265371215/37778931862957161709568,True
validation,2026-05-02,tariff_context,2000,800,2960,0,True
validation,2026-05-02,raw_point,295147905179352825453213/147573952589676412928,157018685705085018299037/147573952589676412928,400663281288350120139421/147573952589676412928,402787/147573952589676412928,True
validation,2026-05-02,coherent,281474976710656001/140737488355328,74837159432945663/70368744177664,191132275607457025/70368744177664,1/140737488355328,True
validation,2026-05-02,shuffled,140737488355328001/70368744177664,74881276942189785/70368744177664,191625004384894117/70368744177664,1/70368744177664,True
validation,2026-05-03,tariff_context,2000,800,2840,0,True
validation,2026-05-03,raw_point,590295810358705648433871/295147905179352825856,255745660137247731481295/295147905179352825856,785388575697015199890127/295147905179352825856,3278129/295147905179352825856,True
validation,2026-05-03,coherent,1125899906842624057/562949953421312,487653922339616281/562949953421312,1498556853200098297/562949953421312,57/562949953421312,True
validation,2026-05-03,shuffled,281474976710656003/140737488355328,7627038209585491/8796093022208,187356766936030885/70368744177664,3/140737488355328,True
test,2026-05-03,tariff_context,2000,800,2840,0,True
test,2026-05-03,raw_point,590295810358705648433871/295147905179352825856,255745660137247731481295/295147905179352825856,785388575697015199890127/295147905179352825856,3278129/295147905179352825856,True
test,2026-05-03,coherent,590295810358705648433871/295147905179352825856,255745660137247731481295/295147905179352825856,785388575697015199890127/295147905179352825856,3278129/295147905179352825856,True
test,2026-05-03,shuffled,590295810358705648433871/295147905179352825856,255745660137247731481295/295147905179352825856,785388575697015199890127/295147905179352825856,3278129/295147905179352825856,True
test,2026-05-04,tariff_context,2000,800,2840,0,True
test,2026-05-04,raw_point,75557863725914320389539919/37778931862957161709568,39101194486707932021655631/37778931862957161709568,95316245092129861907777615/37778931862957161709568,3029596081/37778931862957161709568,True
test,2026-05-04,coherent,35184372088831999/17592186044416,72740061702728917/70368744177664,88840539526631313/35184372088832,1/17592186044416,True
test,2026-05-04,shuffled,281474976710656035/140737488355328,72723618513353739/70368744177664,177745997979186951/70368744177664,35/140737488355328,True
test,2026-05-05,tariff_context,2000,800,2840,0,True
test,2026-05-05,raw_point,75557863725914320389539919/37778931862957161709568,39384536475680110734477391/37778931862957161709568,94976234705363247452391503/37778931862957161709568,3029596081/37778931862957161709568,True
test,2026-05-05,coherent,562949953421311981/281474976710656,36545939685941487/35184372088832,44363960281481575/17592186044416,19/281474976710656,True
test,2026-05-05,shuffled,281474976710656029/140737488355328,71971527905546817/70368744177664,177577063809417771/70368744177664,29/140737488355328,True
test,2026-05-06,tariff_context,2000,800,2840,0,True
test,2026-05-06,raw_point,75557863725914324684507215/37778931862957161709568,40820135886472482879440975/37778931862957161709568,95051792569089163923294287/37778931862957161709568,1265371215/37778931862957161709568,True
test,2026-05-06,coherent,281474976710655981/140737488355328,151996487448262055/140737488355328,354681542012919733/140737488355328,19/140737488355328,True
test,2026-05-06,shuffled,140737488355327997/70368744177664,75078308215719163/70368744177664,177886734147169743/70368744177664,3/70368744177664,True
test,2026-05-07,tariff_context,2000,800,2840,0,True
test,2026-05-07,raw_point,75557863725914324416071759/37778931862957161709568,40876804284266918353569871/37778931862957161709568,94881787375705856427165775/37778931862957161709568,996935759/37778931862957161709568,True
test,2026-05-07,coherent,281474976710655997/140737488355328,152207593680795009/140737488355328,354048223315320773/140737488355328,3/140737488355328,True
test,2026-05-07,shuffled,140737488355327999/70368744177664,75289414448252161/70368744177664,177487565005631461/70368744177664,1/70368744177664,True
test,2026-05-08,tariff_context,2000,800,2840,0,True
test,2026-05-08,raw_point,75557863725914324416071759/37778931862957161709568,40876804284266918353569871/37778931862957161709568,95316245092129863786825807/37778931862957161709568,996935759/37778931862957161709568,True
test,2026-05-08,coherent,140737488355328009/70368744177664,76103796840397493/70368744177664,177833352215703531/70368744177664,9/70368744177664,True
test,2026-05-08,shuffled,140737488355327995/70368744177664,150438091408148993/140737488355328,356758630712826785/140737488355328,5/70368744177664,True
test,2026-05-09,tariff_context,2000,800,2840,0,True
test,2026-05-09,raw_point,75557863725914324684507215/37778931862957161709568,40914583216129875783714895/37778931862957161709568,94768450580116985210472527/37778931862957161709568,1265371215/37778931862957161709568,True
test,2026-05-09,coherent,1125899906842624007/562949953421312,19043541396143793/17592186044416,44203251356281849/17592186044416,7/562949953421312,True
test,2026-05-09,shuffled,281474976710655951/140737488355328,150649197640681981/140737488355328,354275908236557673/140737488355328,49/140737488355328,True
test,2026-05-10,tariff_context,2000,800,2840,0,True
test,2026-05-10,raw_point,75557863725914324684507215/37778931862957161709568,40990141079855790107134031/37778931862957161709568,94598445386733677982779471/37778931862957161709568,1265371215/37778931862957161709568,True
test,2026-05-10,coherent,35184372088832001/17592186044416,19078725768232625/17592186044416,176496346076327911/70368744177664,1/17592186044416,True
test,2026-05-10,shuffled,1125899906842624003/562949953421312,151423253826636287/140737488355328,353640736265377643/140737488355328,3/562949953421312,True
test,2026-05-11,tariff_context,2000,800,2840,0,True
test,2026-05-11,raw_point,75557863725914324684507215/37778931862957161709568,41046809477650225849698383/37778931862957161709568,94711782182322549467908175/37778931862957161709568,1265371215/37778931862957161709568,True
test,2026-05-11,coherent,140737488355328009/70368744177664,76420456189196869/70368744177664,176707452308860907/70368744177664,9/70368744177664,True
test,2026-05-11,shuffled,140737488355327985/70368744177664,75817180029584641/70368744177664,177032401002012317/70368744177664,15/70368744177664,True
test,2026-05-12,tariff_context,2000,800,2840,0,True
test,2026-05-12,raw_point,75557863725914324684507215/37778931862957161709568,40631241227157697070893135/37778931862957161709568,94541776988939242240215119/37778931862957161709568,1265371215/37778931862957161709568,True
test,2026-05-12,coherent,140737488355328005/70368744177664,75623597838369289/70368744177664,176390792960061415/70368744177664,5/70368744177664,True
test,2026-05-12,shuffled,281474976710655985/140737488355328,149171454012951037/140737488355328,353429630032844633/140737488355328,15/140737488355328,True
test,2026-05-13,tariff_context,2000,800,2840,0,True
test,2026-05-13,raw_point,75557863725914324684507215/37778931862957161709568,41065698943581704430553167/37778931862957161709568,94560666454870720821069903/37778931862957161709568,1265371215/37778931862957161709568,True
test,2026-05-13,coherent,1125899906842624059/562949953421312,152911281122571605/140737488355328,352851954664300499/140737488355328,59/562949953421312,True
test,2026-05-13,shuffled,281474976710656015/140737488355328,151423253826636291/140737488355328,353849230104420283/140737488355328,15/140737488355328,True
test,2026-05-14,tariff_context,2000,800,2840,0,True
test,2026-05-14,raw_point,75557863725914322537023567/37778931862957161709568,38307836917585831625754703/37778931862957161709568,94428440193350370755086415/37778931862957161709568,882112433/37778931862957161709568,True
test,2026-05-14,coherent,281474976710656001/140737488355328,71086370179445227/70368744177664,176435494335350187/70368744177664,1/140737488355328,True
test,2026-05-14,shuffled,1125899906842624219/562949953421312,34983009348241697/35184372088832,88288113782494547/35184372088832,219/562949953421312,True
test,2026-05-15,tariff_context,2000,800,2840,0,True
test,2026-05-15,raw_point,75557863725914324684507215/37778931862957161709568,41122367341376140173117519/37778931862957161709568,94522887523007763659360335/37778931862957161709568,1265371215/37778931862957161709568,True
test,2026-05-15,coherent,1125899906842624027/562949953421312,153122387355104605/140737488355328,352711217175945167/140737488355328,27/562949953421312,True
test,2026-05-15,shuffled,281474976710656023/140737488355328,151634360059169293/140737488355328,353369111010450105/140737488355328,23/140737488355328,True
test,2026-05-16,tariff_context,2000,800,2840,0,True
test,2026-05-16,raw_point,75557863725914322537023567/37778931862957161709568,41160146273239097334827087/37778931862957161709568,95014013637226204614101071/37778931862957161709568,882112433/37778931862957161709568,True
test,2026-05-16,coherent,2000,9578945302716245/8796093022208,177270402262282211/70368744177664,0,True
test,2026-05-16,shuffled,17592186044415999/8796093022208,296710615304453/274877906944,5556761418843501/2199023255552,1/8796093022208,True
test,2026-05-17,tariff_context,2000,800,2840,0,True
test,2026-05-17,raw_point,75557863725914324147636303/37778931862957161709568,41330151466622404562520143/37778931862957161709568,94107319272515234880555087/37778931862957161709568,728500303/37778931862957161709568,True
test,2026-05-17,coherent,35184372088831997/17592186044416,38474110885264745/35184372088832,21947694050252283/8796093022208,3/17592186044416,True
test,2026-05-17,shuffled,562949953421311965/281474976710656,152971365689087933/140737488355328,351930015785585553/140737488355328,35/281474976710656,True
test,2026-05-18,tariff_context,2000,800,2840,0,True
test,2026-05-18,raw_point,75557863725914324684507215/37778931862957161709568,41235704136965011658246223/37778931862957161709568,94031761408789320557135951/37778931862957161709568,1265371215/37778931862957161709568,True
test,2026-05-18,coherent,140737488355327999/70368744177664,9596537488760655/8796093022208,43860203728415737/17592186044416,1/70368744177664,True
test,2026-05-18,shuffled,70368744177664007/35184372088832,152478784989301239/140737488355328,351648540808874943/140737488355328,7/35184372088832,True
test,2026-05-19,tariff_context,2000,800,2840,0,True
test,2026-05-19,raw_point,75557863725914324684507215/37778931862957161709568,41443488262211276047648847/37778931862957161709568,95542918683307607025518671/37778931862957161709568,1265371215/37778931862957161709568,True
test,2026-05-19,coherent,281474976710656005/140737488355328,154318656006124869/140737488355328,356511129361539021/140737488355328,5/140737488355328,True
test,2026-05-19,shuffled,281474976710656011/140737488355328,153393578154153903/140737488355328,357603055642958759/140737488355328,11/140737488355328,True
test,2026-05-20,tariff_context,2000,800,2840,0,True
test,2026-05-20,raw_point,75557863725914322000152655/37778931862957161709568,40839025352403961460295759/37778931862957161709568,94503998057076282931021903/37778931862957161709568,1418983345/37778931862957161709568,True
test,2026-05-20,coherent,2000,76010625931346345/70368744177664,44080106053970937/17592186044416,0,True
test,2026-05-20,shuffled,281474976710655989/140737488355328,149945510198905335/140737488355328,353732774713187287/140737488355328,11/140737488355328,True
test,2026-05-21,tariff_context,2000,800,2840,0,True
test,2026-05-21,raw_point,75557863725914323073894479/37778931862957161709568,41141256807307618753972303/37778931862957161709568,94182877136241148130232399/37778931862957161709568,345241521/37778931862957161709568,True
test,2026-05-21,coherent,281474976710656011/140737488355328,153147151769535385/140737488355328,351444579780747217/140737488355328,11/140737488355328,True
test,2026-05-21,shuffled,281474976710656003/140737488355328,151071410105747973/140737488355328,352211490762296205/140737488355328,3/140737488355328,True
test,2026-05-22,tariff_context,2000,800,2840,0,True
test,2026-05-22,raw_point,75557863725914324684507215/37778931862957161709568,41330151466622404562520143/37778931862957161709568,94522887523007763659360335/37778931862957161709568,1265371215/37778931862957161709568,True
test,2026-05-22,coherent,140737488355327995/70368744177664,76948221770529449/70368744177664,176355608587972573/70368744177664,5/70368744177664,True
test,2026-05-22,shuffled,140737488355328013/70368744177664,38207657177547393/35184372088832,88450785864341211/35184372088832,13/70368744177664,True
test,2026-05-23,tariff_context,2000,800,2840,0,True
test,2026-05-23,raw_point,75557863725914324684507215/37778931862957161709568,41386819864416840305084495/37778931862957161709568,93880645681337491910297679/37778931862957161709568,1265371215/37778931862957161709568,True
test,2026-05-23,coherent,281474976710656011/140737488355328,154107549773591751/140737488355328,350318679873904591/140737488355328,11/140737488355328,True
test,2026-05-23,shuffled,281474976710656011/140737488355328,153182471921620913/140737488355328,351085590855453597/140737488355328,11/140737488355328,True
test,2026-05-24,tariff_context,2000,800,2840,0,True
test,2026-05-24,raw_point,75557863725914319852669007/37778931862957161709568,41254593602896490239101007/37778931862957161709568,94352882329624454284183631/37778931862957161709568,3566466993/37778931862957161709568,True
test,2026-05-24,coherent,281474976710655965/140737488355328,153220633161532267/140737488355328,352589513693989707/140737488355328,35/140737488355328,True
test,2026-05-24,shuffled,562949953421312045/281474976710656,75489965114430015/70368744177664,176569282158065885/70368744177664,45/281474976710656,True
test,2026-05-25,tariff_context,2000,800,2840,0,True
test,2026-05-25,raw_point,75557863725914322537023567/37778931862957161709568,41311262000690925981665359/37778931862957161709568,94126208738446711313926223/37778931862957161709568,882112433/37778931862957161709568,True
test,2026-05-25,coherent,281474976710656051/140737488355328,76856607202013609/70368744177664,175872544381928849/70368744177664,51/140737488355328,True
test,2026-05-25,shuffled,281474976710655989/140737488355328,151855750444855889/140737488355328,351969578398737053/140737488355328,11/140737488355328,True
test,2026-05-26,tariff_context,2000,800,2840,0,True
test,2026-05-26,raw_point,75557863725914320389539919/37778931862957161709568,41500156660005711790213199/37778931862957161709568,93899535147268966196185167/37778931862957161709568,3029596081/37778931862957161709568,True
test,2026-05-26,coherent,140737488355327999/70368744177664,9658110139916123/8796093022208,5474828884657535/2199023255552,1/70368744177664,True
test,2026-05-26,shuffled,35184372088832003/17592186044416,19200585548335863/17592186044416,21947247474976955/8796093022208,3/17592186044416,True
test,2026-05-27,tariff_context,2000,800,2840,0,True
test,2026-05-27,raw_point,75557863725914324684507215/37778931862957161709568,41670161853389019017906255/37778931862957161709568,93691751022022706101749839/37778931862957161709568,1265371215/37778931862957161709568,True
test,2026-05-27,coherent,35184372088832001/17592186044416,77581540468128417/70368744177664,174807496216063975/70368744177664,1/17592186044416,True
test,2026-05-27,shuffled,281474976710656031/140737488355328,154238003084285871/140737488355328,350381903413676879/140737488355328,31/140737488355328,True
test,2026-05-28,tariff_context,2000,800,2840,0,True
test,2026-05-28,raw_point,75557863725914324684507215/37778931862957161709568,41575714523731626113632335/37778931862957161709568,93653972090159748940040271/37778931862957161709568,1265371215/37778931862957161709568,True
test,2026-05-28,coherent,70368744177664003/35184372088832,38702809303842099/35184372088832,21842140933985789/8796093022208,3/35184372088832,True
test,2026-05-28,shuffled,562949953421311929/281474976710656,153886159363397555/140737488355328,350241165925321655/140737488355328,71/281474976710656,True
test,2026-05-29,tariff_context,2000,800,2840,0,True
test,2026-05-29,raw_point,75557863725914324147636303/37778931862957161709568,41027920011718747268843599/37778931862957161709568,93578414226433834616621135/37778931862957161709568,728500303/37778931862957161709568,True
test,2026-05-29,coherent,140737488355328003/70368744177664,38181234826117355/35184372088832,21824548747941373/8796093022208,3/70368744177664,True
test,2026-05-29,shuffled,281474976710656007/140737488355328,150649197640681991/140737488355328,349959690948610939/140737488355328,7/140737488355328,True
test,2026-05-30,tariff_context,2000,800,2840,0,True
test,2026-05-30,raw_point,75557863725914322537023567/37778931862957161709568,41707940785251976179615823/37778931862957161709568,93465077430844960984008783/37778931862957161709568,882112433/37778931862957161709568,True
test,2026-05-30,coherent,562949953421312021/281474976710656,155303818424612111/140737488355328,348770567501995987/140737488355328,21/281474976710656,True
test,2026-05-30,shuffled,2000,38594685143160303/35184372088832,21846092405221561/8796093022208,0,True
test,2026-05-31,tariff_context,2000,800,2840,0,True
test,2026-05-31,raw_point,75557863725914319852669007/37778931862957161709568,41764609183046411922180175/37778931862957161709568,93842866749474530453620815/37778931862957161709568,3566466993/37778931862957161709568,True
test,2026-05-31,coherent,281474976710656001/140737488355328,155514924657145239/140737488355328,350177942385549255/140737488355328,1/140737488355328,True
test,2026-05-31,shuffled,140737488355328003/70368744177664,38647461701293551/35184372088832,43908733583371115/17592186044416,3/70368744177664,True
test,2026-06-01,tariff_context,2000,800,2840,0,True
test,2026-06-01,raw_point,75557863725914324147636303/37778931862957161709568,41821277580840847664744527/37778931862957161709568,93162845975941305837815887/37778931862957161709568,728500303/37778931862957161709568,True
test,2026-06-01,coherent,562949953421311989/281474976710656,155726030889678117/140737488355328,347644667595153349/140737488355328,11/281474976710656,True
test,2026-06-01,shuffled,281474976710656013/140737488355328,154800953037707193/140737488355328,348411578576702273/140737488355328,13/140737488355328,True
test,2026-06-02,tariff_context,2000,800,2840,0,True
test,2026-06-02,raw_point,75557863725914324684507215/37778931862957161709568,41915724910498240569018447/37778931862957161709568,93181735441872784418670671/37778931862957161709568,1265371215/37778931862957161709568,True
test,2026-06-02,coherent,562949953421312031/281474976710656,38979412717024443/35184372088832,21732189771647993/8796093022208,31/281474976710656,True
test,2026-06-02,shuffled,140737488355327999/70368744177664,38788199189648877/35184372088832,21767398177858907/8796093022208,1/70368744177664,True
test,2026-06-03,tariff_context,2000,800,2840,0,True
test,2026-06-03,raw_point,75557863725914324684507215/37778931862957161709568,41877945978635283407308879/37778931862957161709568,92955061850695041448413263/37778931862957161709568,1265371215/37778931862957161709568,True
test,2026-06-03,coherent,281474976710656035/140737488355328,155776913379742431/140737488355328,346870611416235955/140737488355328,35/140737488355328,True
test,2026-06-03,shuffled,17592186044416001/8796093022208,38753014817560047/35184372088832,1357163851232853/549755813888,1/8796093022208,True
test,2026-06-04,tariff_context,2000,800,2840,0,True
test,2026-06-04,raw_point,75557863725914324684507215/37778931862957161709568,41953503842361197730728015/37778931862957161709568,92955061850695041448413263/37778931862957161709568,1265371215/37778931862957161709568,True
test,2026-06-04,coherent,70368744177664001/35184372088832,39014597089113271/35184372088832,86717652854058979/35184372088832,1/35184372088832,True
test,2026-06-04,shuffled,281474976710656055/140737488355328,155293534246950829/140737488355328,347433945915610413/140737488355328,55/140737488355328,True
test,2026-06-05,tariff_context,2000,800,2840,0,True
test,2026-06-05,raw_point,75557863725914319852669007/37778931862957161709568,41934614376429719149873231/37778931862957161709568,92992840782557994315155535/37778931862957161709568,3566466993/37778931862957161709568,True
test,2026-06-05,coherent,70368744177664007/35184372088832,38997004903068857/35184372088832,86752837226147819/35184372088832,7/35184372088832,True
test,2026-06-05,shuffled,281474976710656051/140737488355328,155223165502773175/140737488355328,347574683403965807/140737488355328,51/140737488355328,True
test,2026-06-06,tariff_context,2000,800,2840,0,True
test,2026-06-06,raw_point,75557863725914324684507215/37778931862957161709568,41859056512703804826454095/37778931862957161709568,93011730248489477190977615/37778931862957161709568,1265371215/37778931862957161709568,True
test,2026-06-06,coherent,281474976710656001/140737488355328,155866768378033509/140737488355328,347081717641732037/140737488355328,1/140737488355328,True
test,2026-06-06,shuffled,281474976710656015/140737488355328,154941690526062511/140737488355328,347848628623280967/140737488355328,15/140737488355328,True
test,2026-06-07,tariff_context,2000,800,2840,0,True
test,2026-06-07,raw_point,75557863725914324684507215/37778931862957161709568,41859056512703804826454095/37778931862957161709568,93143956510009827256961103/37778931862957161709568,1265371215/37778931862957161709568,True
test,2026-06-07,coherent,70368744177664007/35184372088832,77933384189016669/70368744177664,173787149425487855/70368744177664,7/35184372088832,True
test,2026-06-07,shuffled,281474976710655997/140737488355328,154941690526062519/140737488355328,348341209832524655/140737488355328,3/140737488355328,True
test,2026-06-08,tariff_context,2000,800,2840,0,True
test,2026-06-08,raw_point,75557863725914324147636303/37778931862957161709568,41859056512703804826454095/37778931862957161709568,92936172384763562867558479/37778931862957161709568,728500303/37778931862957161709568,True
test,2026-06-08,coherent,281474976710656011/140737488355328,155866768378033597/140737488355328,346800242665021393/140737488355328,11/140737488355328,True
test,2026-06-08,shuffled,140737488355327995/70368744177664,9683855657878907/8796093022208,86891788411642605/35184372088832,5/70368744177664,True
test,2026-06-09,tariff_context,2000,800,2840,0,True
test,2026-06-09,raw_point,75557863725914324684507215/37778931862957161709568,41877945978635283407308879/37778931862957161709568,92879503986969127124994127/37778931862957161709568,1265371215/37778931862957161709568,True
test,2026-06-09,coherent,562949953421312011/281474976710656,77942518708436841/70368744177664,173294568223305813/70368744177664,11/281474976710656,True
test,2026-06-09,shuffled,562949953421312091/281474976710656,155012059270240175/140737488355328,347187399554015907/140737488355328,91/281474976710656,True
test,2026-06-10,tariff_context,2000,800,2840,0,True
test,2026-06-10,raw_point,75557863725914323610765391/37778931862957161709568,41575714523731626113632335/37778931862957161709568,92841725055106168889542735/37778931862957161709568,191629391/37778931862957161709568,True
test,2026-06-10,coherent,140737488355328005/70368744177664,77405618607684235/70368744177664,173224199472066535/70368744177664,5/70368744177664,True
test,2026-06-10,shuffled,281474976710655997/140737488355328,153886159363397555/140737488355328,347215309925682055/140737488355328,3/140737488355328,True
test,2026-06-11,tariff_context,2000,800,2840,0,True
test,2026-06-11,raw_point,75557863725914324684507215/37778931862957161709568,41915724910498240569018447/37778931862957161709568,92860614521037648544139343/37778931862957161709568,1265371215/37778931862957161709568,True
test,2026-06-11,coherent,140737488355328005/70368744177664,4872426589628055/4398046511104,21657422980519421/8796093022208,5/70368744177664,True
test,2026-06-11,shuffled,281474976710656023/140737488355328,155152796758595511/140737488355328,347082102194722091/140737488355328,23/140737488355328,True
test,2026-06-12,tariff_context,2000,800,2840,0,True
test,2026-06-12,raw_point,75557863725914324147636303/37778931862957161709568,41821277580840847664744527/37778931862957161709568,92766167191380255639865423/37778931862957161709568,728500303/37778931862957161709568,True
test,2026-06-12,coherent,35184372088832001/17592186044416,2433219232651219/2199023255552,21635432747963901/8796093022208,1/17592186044416,True
test,2026-06-12,shuffled,281474976710656015/140737488355328,154800953037707185/140737488355328,346933834948971417/140737488355328,15/140737488355328,True
test,2026-06-13,tariff_context,2000,800,2840,0,True
test,2026-06-13,raw_point,75557863725914324684507215/37778931862957161709568,41877945978635283407308879/37778931862957161709568,93276182771530177322944591/37778931862957161709568,1265371215/37778931862957161709568,True
test,2026-06-13,coherent,70368744177663997/35184372088832,38984284280552821/35184372088832,43508360007527415/17592186044416,3/35184372088832,True
test,2026-06-13,shuffled,140737488355327995/70368744177664,77506029635120091/70368744177664,174416895520884155/70368744177664,5/70368744177664,True
test,2026-06-14,tariff_context,2000,800,2840,0,True
test,2026-06-14,raw_point,75557863725914323073894479/37778931862957161709568,41745719717114933341325391/37778931862957161709568,92973951316626518955526223/37778931862957161709568,345241521/37778931862957161709568,True
test,2026-06-14,coherent,281474976710656013/140737488355328,155444555912967491/140737488355328,346940980153376723/140737488355328,13/140737488355328,True
test,2026-06-14,shuffled,140737488355328005/70368744177664,77259739030498265/70368744177664,173853945567462917/70368744177664,5/70368744177664,True
test,2026-06-15,tariff_context,2000,800,2840,0,True
test,2026-06-15,raw_point,75557863725914324684507215/37778931862957161709568,41859056512703804826454095/37778931862957161709568,92822835589174691382429775/37778931862957161709568,1265371215/37778931862957161709568,True
test,2026-06-15,coherent,281474976710655999/140737488355328,155866768378033479/140737488355328,346378030199955395/140737488355328,1/140737488355328,True
test,2026-06-15,shuffled,140737488355327997/70368744177664,77470845263031259/70368744177664,173572470590752215/70368744177664,3/70368744177664,True
test,2026-06-16,tariff_context,2000,800,2840,0,True
test,2026-06-16,raw_point,75557863725914324684507215/37778931862957161709568,41896835444566761988163663/37778931862957161709568,92596161997996948412172367/37778931862957161709568,1265371215/37778931862957161709568,True
test,2026-06-16,coherent,281474976710656015/140737488355328,155847282123920097/140737488355328,345533605269823441/140737488355328,15/140737488355328,True
test,2026-06-16,shuffled,281474976710655971/140737488355328,155082428014417843/140737488355328,346096939776234911/140737488355328,29/140737488355328,True
test,2026-06-17,tariff_context,2000,800,2840,0,True
test,2026-06-17,raw_point,75557863725914322537023567/37778931862957161709568,41896835444566761988163663/37778931862957161709568,92577272532065467683833935/37778931862957161709568,882112433/37778931862957161709568,True
test,2026-06-17,coherent,140737488355328003/70368744177664,38961820537106941/35184372088832,86365809131411443/35184372088832,3/70368744177664,True
test,2026-06-17,shuffled,281474976710656059/140737488355328,155082428014417849/140737488355328,346026571032057153/140737488355328,59/140737488355328,True
test,2026-06-18,tariff_context,2000,800,2840,0,True
test,2026-06-18,raw_point,75557863725914324684507215/37778931862957161709568,41821277580840847664744527/37778931862957161709568,92803946123243212801574991/37778931862957161709568,1265371215/37778931862957161709568,True
test,2026-06-18,coherent,70368744177664003/35184372088832,77863015444839045/70368744177664,173153830727888873/70368744177664,3/35184372088832,True
test,2026-06-18,shuffled,281474976710656007/140737488355328,154800953037707191/140737488355328,347074572437326711/140737488355328,7/140737488355328,True
test,2026-06-19,tariff_context,2000,800,2840,0,True
test,2026-06-19,raw_point,75557863725914322537023567/37778931862957161709568,41575714523731626113632335/37778931862957161709568,93087288112215389366913103/37778931862957161709568,882112433/37778931862957161709568,True
test,2026-06-19,coherent,35184372088832001/17592186044416,38702809303842139/35184372088832,86840798154610675/35184372088832,1/17592186044416,True
test,2026-06-19,shuffled,281474976710656025/140737488355328,153886159363397565/140737488355328,348130103599991677/140737488355328,25/140737488355328,True
test,2026-06-20,tariff_context,2000,800,2840,0,True
test,2026-06-20,raw_point,75557863725914324684507215/37778931862957161709568,41726830251183454760470607/37778931862957161709568,92539493600202512669608015/37778931862957161709568,1265371215/37778931862957161709568,True
test,2026-06-20,coherent,281474976710656033/140737488355328,155374187168789765/140737488355328,345322499037290469/140737488355328,33/140737488355328,True
test,2026-06-20,shuffled,281474976710655995/140737488355328,154449109316818873/140737488355328,346089410018839465/140737488355328,5/140737488355328,True
test,2026-06-21,tariff_context,2000,800,2840,0,True
test,2026-06-21,raw_point,75557863725914322537023567/37778931862957161709568,41670161853389019017906255/37778931862957161709568,92463935736476598346188879/37778931862957161709568,882112433/37778931862957161709568,True
test,2026-06-21,coherent,140737488355328007/70368744177664,77581540468128429/70368744177664,172520512030289897/70368744177664,7/70368744177664,True
test,2026-06-21,shuffled,281474976710656011/140737488355328,154238003084285871/140737488355328,345776435140868307/140737488355328,11/140737488355328,True
test,2026-06-22,tariff_context,2000,800,2840,0,True
test,2026-06-22,raw_point,75557863725914324684507215/37778931862957161709568,41783498648977890503034959/37778931862957161709568,92558383066133991250462799/37778931862957161709568,1265371215/37778931862957161709568,True
test,2026-06-22,coherent,140737488355328005/70368744177664,19448161675165357/17592186044416,86348216945367027/35184372088832,5/70368744177664,True
test,2026-06-22,shuffled,17592186044416001/8796093022208,77330107774675931/70368744177664,173064139430878287/70368744177664,1/8796093022208,True
test,2026-06-23,tariff_context,2000,800,2840,0,True
test,2026-06-23,raw_point,75557863725914324684507215/37778931862957161709568,41802388114909369083889743/37778931862957161709568,92350598940887726861060175/37778931862957161709568,1265371215/37778931862957161709568,True
test,2026-06-23,coherent,140737488355328001/70368744177664,9728478884093777/8796093022208,43077351449439225/17592186044416,1/70368744177664,True
test,2026-06-23,shuffled,281474976710656027/140737488355328,154730584293529529/140737488355328,345354222675802313/140737488355328,27/140737488355328,True
test,2026-06-24,tariff_context,2000,800,2840,0,True
test,2026-06-24,raw_point,75557863725914324684507215/37778931862957161709568,41783498648977890503034959/37778931862957161709568,92426156804613641184479311/37778931862957161709568,1265371215/37778931862957161709568,True
test,2026-06-24,coherent,281474976710656033/140737488355328,155425069658854099/140737488355328,344900286572224491/140737488355328,33/140737488355328,True
test,2026-06-24,shuffled,281474976710656017/140737488355328,154660215549351867/140737488355328,345463621078635879/140737488355328,17/140737488355328,True
test,2026-06-25,tariff_context,2000,800,2840,0,True
test,2026-06-25,raw_point,75557863725914324684507215/37778931862957161709568,41859056512703804826454095/37778931862957161709568,92275041077161812537641039/37778931862957161709568,1265371215/37778931862957161709568,True
test,2026-06-25,coherent,8796093022208001/4398046511104,4865829519861399/4398046511104,43042167078230001/17592186044416,1/4398046511104,True
test,2026-06-25,shuffled,140737488355328005/70368744177664,77470845263031259/70368744177664,172429282855946833/70368744177664,5/70368744177664,True
test,2026-06-26,tariff_context,2000,800,2840,0,True
test,2026-06-26,raw_point,75557863725914324684507215/37778931862957161709568,41707940785251976179615823/37778931862957161709568,92539493600202512669608015/37778931862957161709568,1265371215/37778931862957161709568,True
test,2026-06-26,coherent,70368744177663999/35184372088832,9706488651538259/8796093022208,86330624759322609/35184372088832,1/35184372088832,True
test,2026-06-26,shuffled,281474976710656035/140737488355328,154378740572641203/140737488355328,346057910117578971/140737488355328,35/140737488355328,True
test,2026-06-27,tariff_context,2000,800,2840,0,True
test,2026-06-27,raw_point,75557863725914322537023567/37778931862957161709568,41670161853389019017906255/37778931862957161709568,92596161997996948412172367/37778931862957161709568,882112433/37778931862957161709568,True
test,2026-06-27,coherent,281474976710655991/140737488355328,155163080936256881/140737488355328,345533605269823421/140737488355328,9/140737488355328,True
test,2026-06-27,shuffled,281474976710656007/140737488355328,154238003084285879/140737488355328,346300516251372403/140737488355328,7/140737488355328,True
test,2026-06-28,tariff_context,2000,800,2840,0,True
test,2026-06-28,raw_point,75557863725914324684507215/37778931862957161709568,41689051319320497598761039/37778931862957161709568,92633940929859905573881935/37778931862957161709568,1265371215/37778931862957161709568,True
test,2026-06-28,coherent,281474976710655987/140737488355328,155233449680434513/140737488355328,345674342758178741/140737488355328,13/140737488355328,True
test,2026-06-28,shuffled,140737488355327995/70368744177664,77154185914231771/70368744177664,173220626869863869/70368744177664,5/70368744177664,True
test,2026-06-29,tariff_context,2000,800,2840,0,True
test,2026-06-29,raw_point,75557863725914322537023567/37778931862957161709568,41764609183046411922180175/37778931862957161709568,92218372679367366057658447/37778931862957161709568,882112433/37778931862957161709568,True
test,2026-06-29,coherent,35184372088832001/17592186044416,9714794224440799/8796093022208,86016993573694703/35184372088832,1/17592186044416,True
test,2026-06-29,shuffled,70368744177663999/35184372088832,154688904345055065/140737488355328,344578885032628353/140737488355328,1/35184372088832,True
test,2026-06-30,tariff_context,2000,800,2840,0,True
test,2026-06-30,raw_point,75557863725914324684507215/37778931862957161709568,41726830251183454760470607/37778931862957161709568,92218372679367368205142095/37778931862957161709568,1265371215/37778931862957161709568,True
test,2026-06-30,coherent,140737488355328001/70368744177664,77647985039094877/70368744177664,172033987150907839/70368744177664,1/70368744177664,True
test,2026-06-30,shuffled,281474976710656011/140737488355328,77274083428349869/70368744177664,172289442516314119/70368744177664,11/140737488355328,True
test,2026-07-01,tariff_context,2000,800,2840,0,True
test,2026-07-01,raw_point,75557863725914324684507215/37778931862957161709568,41670161853389019017906255/37778931862957161709568,92426156804613641184479311/37778931862957161709568,1265371215/37778931862957161709568,True
test,2026-07-01,coherent,140737488355328005/70368744177664,38750714304573963/35184372088832,86225071643056115/35184372088832,5/70368744177664,True
test,2026-07-01,shuffled,70368744177664015/35184372088832,9639875192767867/8796093022208,10795738158707371/4398046511104,15/35184372088832,True
test,2026-07-02,tariff_context,2000,800,2840,0,True
test,2026-07-02,raw_point,75557863725914323342329935/37778931862957161709568,41424598796279797198358607/37778931862957161709568,92520604134271032746575951/37778931862957161709568,76806065/37778931862957161709568,True
test,2026-07-02,coherent,281474976710655995/140737488355328,154248287261947253/140737488355328,345252130293112769/140737488355328,5/140737488355328,True
test,2026-07-02,shuffled,281474976710655989/140737488355328,153323209409976241/140737488355328,346019041274661715/140737488355328,11/140737488355328,True
test,2026-07-03,tariff_context,2000,800,2840,0,True
test,2026-07-03,raw_point,75557863725914324684507215/37778931862957161709568,41462377728142754628503631/37778931862957161709568,92558383066133991250462799/37778931862957161709568,1265371215/37778931862957161709568,True
test,2026-07-03,coherent,70368744177664003/35184372088832,77194512375151237/70368744177664,172696433890734057/70368744177664,3/35184372088832,True
test,2026-07-03,shuffled,281474976710656043/140737488355328,153463946898331577/140737488355328,346128278861756585/140737488355328,43/140737488355328,True
test,2026-07-04,tariff_context,2000,800,2840,0,True
test,2026-07-04,raw_point,75557863725914320389539919/37778931862957161709568,41500156660005711790213199/37778931862957161709568,92388377872750679727802447/37778931862957161709568,3029596081/37778931862957161709568,True
test,2026-07-04,coherent,281474976710655983/140737488355328,154529762238657837/140737488355328,344759549083869109/140737488355328,17/140737488355328,True
test,2026-07-04,shuffled,281474976710656015/140737488355328,153604684386686903/140737488355328,345494960164157487/140737488355328,15/140737488355328,True
test,2026-07-05,tariff_context,2000,800,2840,0,True
test,2026-07-05,raw_point,75557863725914324684507215/37778931862957161709568,41481267194074233209358415/37778931862957161709568,92936172384763562867558479/37778931862957161709568,1265371215/37778931862957161709568,True
test,2026-07-05,coherent,35184372088832001/17592186044416,38614848373620057/35184372088832,86700060666255347/35184372088832,1/17592186044416,True
test,2026-07-05,shuffled,281474976710655987/140737488355328,153534315642509233/140737488355328,347567153646570341/140737488355328,13/140737488355328,True
test,2026-07-06,tariff_context,2000,800,2840,0,True
test,2026-07-06,raw_point,75557863725914323073894479/37778931862957161709568,40593462295294739372312655/37778931862957161709568,92539493600202511058995279/37778931862957161709568,345241521/37778931862957161709568,True
test,2026-07-06,coherent,140737488355328003/70368744177664,37656074232228871/35184372088832,43223664560434095/17592186044416,3/70368744177664,True
test,2026-07-06,shuffled,140737488355328009/70368744177664,74414947234861985/70368744177664,172983331759937309/70368744177664,9/70368744177664,True
test,2026-07-07,tariff_context,2000,800,2840,0,True
test,2026-07-07,raw_point,75557863725914322537023567/37778931862957161709568,41367930398485361724229711/37778931862957161709568,92407267338682160456140879/37778931862957161709568,882112433/37778931862957161709568,True
test,2026-07-07,coherent,281474976710655997/140737488355328,154037181029414185/140737488355328,344829917828046785/140737488355328,3/140737488355328,True
test,2026-07-07,shuffled,281474976710656067/140737488355328,153112103177443257/140737488355328,345565328908335267/140737488355328,67/140737488355328,True
test,2026-07-08,tariff_context,2000,800,2840,0,True
test,2026-07-08,raw_point,75557863725914321463281743/37778931862957161709568,41386819864416840305084495/37778931862957161709568,92331709474956247206463567/37778931862957161709568,1955854257/37778931862957161709568,True
test,2026-07-08,coherent,281474976710656009/140737488355328,154107549773591829/140737488355328,344548442851336145/140737488355328,9/140737488355328,True
test,2026-07-08,shuffled,281474976710656029/140737488355328,153182471921620911/140737488355328,345283853931624627/140737488355328,29/140737488355328,True
test,2026-07-09,tariff_context,2000,800,2840,0,True
test,2026-07-09,raw_point,75557863725914322537023567/37778931862957161709568,41367930398485361724229711/37778931862957161709568,92331709474956246132721743/37778931862957161709568,882112433/37778931862957161709568,True
test,2026-07-09,coherent,140737488355327999/70368744177664,38509295257353541/35184372088832,86137110712834033/35184372088832,1/70368744177664,True
test,2026-07-09,shuffled,281474976710656013/140737488355328,153112103177443251/140737488355328,345283853931624515/140737488355328,13/140737488355328,True
test,2026-07-10,tariff_context,2000,800,2840,0,True
test,2026-07-10,raw_point,75557863725914320389539919/37778931862957161709568,41330151466622404562520143/37778931862957161709568,92275041077161808242673743/37778931862957161709568,3029596081/37778931862957161709568,True
test,2026-07-10,coherent,140737488355327995/70368744177664,76948221770529415/70368744177664,172168668309401565/70368744177664,5/70368744177664,True
test,2026-07-10,shuffled,281474976710656009/140737488355328,152971365689087923/140737488355328,345072747699091617/140737488355328,9/140737488355328,True
test,2026-07-11,tariff_context,2000,800,2840,0,True
test,2026-07-11,raw_point,75557863725914322537023567/37778931862957161709568,41367930398485361724229711/37778931862957161709568,92407267338682160456140879/37778931862957161709568,882112433/37778931862957161709568,True
test,2026-07-11,coherent,17592186044416001/8796093022208,9627323814338387/8796093022208,86207479457011701/35184372088832,1/8796093022208,True
test,2026-07-11,shuffled,140737488355328011/70368744177664,19139012897180407/17592186044416,5399458264192739/2199023255552,11/70368744177664,True
test,2026-07-12,tariff_context,2000,800,2840,0,True
test,2026-07-12,raw_point,75557863725914324684507215/37778931862957161709568,41330151466622404562520143/37778931862957161709568,92388377872750684022769743/37778931862957161709568,1265371215/37778931862957161709568,True
test,2026-07-12,coherent,281474976710655999/140737488355328,153896443541058881/140737488355328,344759549083869125/140737488355328,1/140737488355328,True
test,2026-07-12,shuffled,281474976710656013/140737488355328,152971365689087925/140737488355328,345494960164157509/140737488355328,13/140737488355328,True
test,2026-07-13,tariff_context,2000,800,2840,0,True
test,2026-07-13,raw_point,75557863725914322537023567/37778931862957161709568,41273483068827968819955791/37778931862957161709568,92407267338682160456140879/37778931862957161709568,882112433/37778931862957161709568,True
test,2026-07-13,coherent,281474976710656001/140737488355328,153685337308525869/140737488355328,344829917828046789/140737488355328,1/140737488355328,True
test,2026-07-13,shuffled,140737488355328009/70368744177664,38190064864138735/35184372088832,172782664454167655/70368744177664,9/70368744177664,True
test,2026-07-14,tariff_context,2000,800,2840,0,True
test,2026-07-14,raw_point,75557863725914324684507215/37778931862957161709568,41216814671033533077391439/37778931862957161709568,92445046270545119765334095/37778931862957161709568,1265371215/37778931862957161709568,True
test,2026-07-14,coherent,140737488355328001/70368744177664,76737115537996479/70368744177664,172485327658201059/70368744177664,1/70368744177664,True
test,2026-07-14,shuffled,281474976710656029/140737488355328,152549153224021943/140737488355328,345706066396690597/140737488355328,29/140737488355328,True
test,2026-07-15,tariff_context,2000,800,2840,0,True
test,2026-07-15,raw_point,75557863725914322537023567/37778931862957161709568,41216814671033533077391439/37778931862957161709568,92633940929859905573881935/37778931862957161709568,882112433/37778931862957161709568,True
test,2026-07-15,coherent,140737488355327999/70368744177664,76737115537996455/70368744177664,172837171379089379/70368744177664,1/70368744177664,True
test,2026-07-15,shuffled,35184372088832005/17592186044416,76274576612010971/70368744177664,86602438459616815/35184372088832,5/17592186044416,True
test,2026-07-16,tariff_context,2000,800,2840,0,True
test,2026-07-16,raw_point,75557863725914322537023567/37778931862957161709568,41197925205102054496536655/37778931862957161709568,92633940929859903426398287/37778931862957161709568,882112433/37778931862957161709568,True
test,2026-07-16,coherent,281474976710655993/140737488355328,153403862331815199/140737488355328,345674342758178751/140737488355328,7/140737488355328,True
test,2026-07-16,shuffled,281474976710656015/140737488355328,152478784479844281/140737488355328,346409753838467339/140737488355328,15/140737488355328,True
test,2026-07-17,tariff_context,2000,800,2840,0,True
test,2026-07-17,raw_point,75557863725914324684507215/37778931862957161709568,41141256807307618753972303/37778931862957161709568,92633940929859905573881935/37778931862957161709568,1265371215/37778931862957161709568,True
test,2026-07-17,coherent,17592186044416001/8796093022208,76596378049641147/70368744177664,172837171379089387/70368744177664,1/8796093022208,True
test,2026-07-17,shuffled,281474976710656015/140737488355328,152267678247311289/140737488355328,346409753838467371/140737488355328,15/140737488355328,True
test,2026-07-18,tariff_context,2000,800,2840,0,True
test,2026-07-18,raw_point,75557863725914322268588111/37778931862957161709568,41084588409513182742972495/37778931862957161709568,92690609327654338900527183/37778931862957161709568,1150547889/37778931862957161709568,True
test,2026-07-18,coherent,70368744177664001/35184372088832,1195169139583979/1099511627776,43235681123838969/17592186044416,1/35184372088832,True
test,2026-07-18,shuffled,281474976710655975/140737488355328,152056572014778301/140737488355328,346620860071000441/140737488355328,25/140737488355328,True
test,2026-07-19,tariff_context,2000,800,2840,0,True
test,2026-07-19,raw_point,75557863725914324684507215/37778931862957161709568,41009030545787268687988815/37778931862957161709568,92728388259517298478155855/37778931862957161709568,1265371215/37778931862957161709568,True
test,2026-07-19,coherent,281474976710656005/140737488355328,152700174890038585/140737488355328,346026186479067087/140737488355328,5/140737488355328,True
test,2026-07-19,shuffled,281474976710656043/140737488355328,151352885082458623/140737488355328,346761597559355655/140737488355328,43/140737488355328,True
test,2026-07-20,tariff_context,2000,800,2840,0,True
test,2026-07-20,raw_point,75557863725914320389539919/37778931862957161709568,40990141079855790107134031/37778931862957161709568,92690609327654337021478991/37778931862957161709568,3029596081/37778931862957161709568,True
test,2026-07-20,coherent,140737488355327995/70368744177664,76314903072930443/70368744177664,5404460140479871/2199023255552,5/70368744177664,True
test,2026-07-20,shuffled,281474976710656015/140737488355328,151493622570813957/140737488355328,346620860071000453/140737488355328,15/140737488355328,True
test,2026-07-21,tariff_context,2000,800,2840,0,True
test,2026-07-21,raw_point,75557863725914324147636303/37778931862957161709568,40990141079855790107134031/37778931862957161709568,92841725055106169963284559/37778931862957161709568,728500303/37778931862957161709568,True
test,2026-07-21,coherent,140737488355327997/70368744177664,38157451536465221/35184372088832,5413256233502079/2199023255552,3/70368744177664,True
test,2026-07-21,shuffled,281474976710656047/140737488355328,151634360059169281/140737488355328,347183810024421593/140737488355328,47/140737488355328,True
test,2026-07-22,tariff_context,2000,800,2840,0,True
test,2026-07-22,raw_point,75557863725914324416071759/37778931862957161709568,40971251613924311257843791/37778931862957161709568,92747277725448776790575183/37778931862957161709568,996935759/37778931862957161709568,True
test,2026-07-22,coherent,70368744177664003/35184372088832,76279718700841675/70368744177664,21631034701452797/8796093022208,3/35184372088832,True
test,2026-07-22,shuffled,140737488355328005/70368744177664,296023420537093/274877906944,86707991575883345/35184372088832,5/70368744177664,True
test,2026-07-23,tariff_context,2000,800,2840,0,True
test,2026-07-23,raw_point,75557863725914322537023567/37778931862957161709568,40952362147992832945424463/37778931862957161709568,92803946123243210654091343/37778931862957161709568,882112433/37778931862957161709568,True
test,2026-07-23,coherent,281474976710655993/140737488355328,152489068657505675/140737488355328,346307661455777731/140737488355328,7/140737488355328,True
test,2026-07-23,shuffled,140737488355328007/70368744177664,37890997701383661/35184372088832,43380384067008279/17592186044416,7/70368744177664,True
test,2026-07-24,tariff_context,2000,800,2840,0,True
test,2026-07-24,raw_point,75557863725914324684507215/37778931862957161709568,40914583216129875783714895/37778931862957161709568,93578414226433834616621135/37778931862957161709568,1265371215/37778931862957161709568,True
test,2026-07-24,coherent,17592186044416001/8796093022208,76174165584575147/70368744177664,174596389983530985/70368744177664,1/8796093022208,True
test,2026-07-24,shuffled,562949953421312063/281474976710656,75570889424962817/70368744177664,174920412039891879/70368744177664,63/281474976710656,True
test,2026-07-25,tariff_context,2000,800,2840,0,True
test,2026-07-25,raw_point,75557863725914322537023567/37778931862957161709568,40593462295294739909183567/37778931862957161709568,93257293305598696594606159/37778931862957161709568,882112433/37778931862957161709568,True
test,2026-07-25,coherent,281474976710656003/140737488355328,151106458188383111/140737488355328,347996511316041671/140737488355328,3/140737488355328,True
test,2026-07-25,shuffled,562949953421312163/281474976710656,298061433049191439/281474976710656,697526844595181047/281474976710656,163/281474976710656,True
test,2026-07-26,tariff_context,2000,800,2840,0,True
test,2026-07-26,raw_point,75557863725914324684507215/37778931862957161709568,40820135886472482879440975/37778931862957161709568,93087288112215391514396751/37778931862957161709568,1265371215/37778931862957161709568,True
test,2026-07-26,coherent,281474976710655985/140737488355328,151996487448262033/140737488355328,347363192618442677/140737488355328,15/140737488355328,True
test,2026-07-26,shuffled,281474976710656011/140737488355328,150297353919793661/140737488355328,348130103599991713/140737488355328,11/140737488355328,True
test,2026-07-27,tariff_context,2000,800,2840,0,True
test,2026-07-27,raw_point,75557863725914324684507215/37778931862957161709568,40839025352403961460295759/37778931862957161709568,92973951316626520029268047/37778931862957161709568,1265371215/37778931862957161709568,True
test,2026-07-27,coherent,35184372088832003/17592186044416,76033428096219819/70368744177664,173470490076688365/70368744177664,3/17592186044416,True
test,2026-07-27,shuffled,281474976710655993/140737488355328,150789935129037307/140737488355328,347676391233665207/140737488355328,7/140737488355328,True
test,2026-07-28,tariff_context,2000,800,2840,0,True
test,2026-07-28,raw_point,75557863725914324147636303/37778931862957161709568,40801246420541004298586191/37778931862957161709568,93087288112215391514396751/37778931862957161709568,728500303/37778931862957161709568,True
test,2026-07-28,coherent,70368744177663999/35184372088832,75963059352042193/70368744177664,173681596309221347/70368744177664,1/35184372088832,True
test,2026-07-28,shuffled,281474976710655963/140737488355328,150649197640681987/140737488355328,348098603698731223/140737488355328,37/140737488355328,True
test,2026-07-29,tariff_context,2000,800,2840,0,True
test,2026-07-29,raw_point,75557863725914323610765391/37778931862957161709568,40744578022746568556021839/37778931862957161709568,93162845975941304764074063/37778931862957161709568,191629391/37778931862957161709568,True
test,2026-07-29,coherent,140737488355328007/70368744177664,37928753117887811/35184372088832,173822333797576681/70368744177664,7/70368744177664,True
test,2026-07-29,shuffled,562949953421311961/281474976710656,75043123843630337/70368744177664,174205789288351203/70368744177664,39/281474976710656,True
test,2026-07-30,tariff_context,2000,800,2840,0,True
test,2026-07-30,raw_point,75557863725914320926410831/37778931862957161709568,40725688556815089975167055/37778931862957161709568,93257293305598695520864335/37778931862957161709568,2492725169/37778931862957161709568,True
test,2026-07-30,coherent,562949953421311993/281474976710656,151644643727373727/140737488355328,347996511316041667/140737488355328,7/281474976710656,True
test,2026-07-30,shuffled,562949953421311977/281474976710656,292862324607237/274877906944,43595427787198829/17592186044416,23/281474976710656,True
test,2026-07-31,tariff_context,2000,800,2840,0,True
test,2026-07-31,raw_point,75557863725914324684507215/37778931862957161709568,40706799090883611394312271/37778931862957161709568,93313961703393134484654159/37778931862957161709568,1265371215/37778931862957161709568,True
test,2026-07-31,coherent,140737488355328003/70368744177664,37893568745798991/35184372088832,87051904387143667/35184372088832,3/70368744177664,True
test,2026-07-31,shuffled,562949953421311927/281474976710656,299891020397810693/281474976710656,697949057060247469/281474976710656,73/281474976710656,True
test,2026-08-01,tariff_context,2000,800,2840,0,True
test,2026-08-01,raw_point,75557863725914324684507215/37778931862957161709568,40669020159020654232602703/37778931862957161709568,93313961703393134484654159/37778931862957161709568,1265371215/37778931862957161709568,True
test,2026-08-01,coherent,140737488355327997/70368744177664,75716768747420393/70368744177664,87051904387143665/35184372088832,3/70368744177664,True
test,2026-08-01,shuffled,562949953421311973/281474976710656,37433600991593089/35184372088832,21810908033132735/8796093022208,27/281474976710656,True
test,2026-08-02,tariff_context,2000,800,2840,0,True
test,2026-08-02,raw_point,75557863725914323073894479/37778931862957161709568,40650130693089175651747919/37778931862957161709568,93313961703393133410912335/37778931862957161709568,345241521/37778931862957161709568,True
test,2026-08-02,coherent,2000,75681584375331437/70368744177664,174103808774287329/70368744177664,0,True
test,2026-08-02,shuffled,140737488355328009/70368744177664,299468807932744705/281474976710656,697886057257726433/281474976710656,9/70368744177664,True
test,2026-08-03,tariff_context,2000,800,2840,0,True
test,2026-08-03,raw_point,75557863725914320389539919/37778931862957161709568,40631241227157697070893135/37778931862957161709568,93578414226433832469137487/37778931862957161709568,3029596081/37778931862957161709568,True
test,2026-08-03,coherent,281474976710655993/140737488355328,151292800006485283/140737488355328,349192779967061947/140737488355328,7/140737488355328,True
test,2026-08-03,shuffled,562949953421312013/281474976710656,299187332956034057/281474976710656,699919381897222001/281474976710656,13/281474976710656,True
test,2026-08-04,tariff_context,2000,800,2840,0,True
test,2026-08-04,raw_point,75557863725914321463281743/37778931862957161709568,40536793897500304166619215/37778931862957161709568,93653972090159745718814799/37778931862957161709568,1955854257/37778931862957161709568,True
test,2026-08-04,coherent,70368744177664005/35184372088832,37723837988962517/35184372088832,43684281867971579/17592186044416,5/35184372088832,True
test,2026-08-04,shuffled,562949953421312013/281474976710656,297639220584125445/281474976710656,700482331850643397/281474976710656,13/281474976710656,True
test,2026-08-05,tariff_context,2000,800,2840,0,True
test,2026-08-05,raw_point,75557863725914322537023567/37778931862957161709568,40196783510733689711233103/37778931862957161709568,93786198351680096858540111/37778931862957161709568,882112433/37778931862957161709568,True
test,2026-08-05,coherent,2000,74814357280326029/70368744177664,174983418076508131/70368744177664,0,True
test,2026-08-05,shuffled,562949953421311967/281474976710656,295105945793729535/281474976710656,701467494269130487/281474976710656,33/281474976710656,True
test,2026-08-06,tariff_context,2000,800,2840,0,True
test,2026-08-06,raw_point,75557863725914324147636303/37778931862957161709568,40064557249213339645249615/37778931862957161709568,94220656068104106365683791/37778931862957161709568,728500303/37778931862957161709568,True
test,2026-08-06,coherent,562949953421311989/281474976710656,298272266702816977/281474976710656,703170634538205057/281474976710656,11/281474976710656,True
test,2026-08-06,shuffled,281474976710655957/140737488355328,147060391687621121/140737488355328,352233361381824381/140737488355328,43/140737488355328,True
test,2026-08-07,tariff_context,2000,800,2840,0,True
test,2026-08-07,raw_point,75557863725914324684507215/37778931862957161709568,40045667783281861064394831/37778931862957161709568,94163987670309670623119439/37778931862957161709568,1265371215/37778931862957161709568,True
test,2026-08-07,coherent,140737488355328001/70368744177664,74464543534732543/70368744177664,175784199000777247/70368744177664,1/70368744177664,True
test,2026-08-07,shuffled,562949953421311935/281474976710656,293623650066453079/281474976710656,704103344245714903/281474976710656,65/281474976710656,True
test,2026-08-08,tariff_context,2000,800,2840,0,True
test,2026-08-08,raw_point,75557863725914324147636303/37778931862957161709568,40215672976665168292087887/37778931862957161709568,93918424613200449072007247/37778931862957161709568,728500303/37778931862957161709568,True
test,2026-08-08,coherent,281474976710656001/140737488355328,149699083304829811/140737488355328,350459417362259911/140737488355328,1/140737488355328,True
test,2026-08-08,shuffled,2000,288326839142661/274877906944,10975822760744029/4398046511104,0,True
test,2026-08-09,tariff_context,2000,800,2840,0,True
test,2026-08-09,raw_point,75557863725914322537023567/37778931862957161709568,40159004578870732549523535/37778931862957161709568,94031761408789318409652303/37778931862957161709568,882112433/37778931862957161709568,True
test,2026-08-09,coherent,281474976710655981/140737488355328,149487977072296865/140737488355328,350881629827325877/140737488355328,19/140737488355328,True
test,2026-08-09,shuffled,562949953421311993/281474976710656,294824470817018893/281474976710656,703297081617749741/281474976710656,7/281474976710656,True
test,2026-08-10,tariff_context,2000,800,2840,0,True
test,2026-08-10,raw_point,75557863725914324147636303/37778931862957161709568,40064557249213339645249615/37778931862957161709568,94182877136241149203974223/37778931862957161709568,728500303/37778931862957161709568,True
test,2026-08-10,coherent,281474976710656019/140737488355328,149136133351408717/140737488355328,351444579780747225/140737488355328,19/140737488355328,True
test,2026-08-10,shuffled,281474976710656003/140737488355328,147060391687621129/140737488355328,352211490762296129/140737488355328,3/140737488355328,True
test,2026-08-11,tariff_context,2000,800,2840,0,True
test,2026-08-11,raw_point,75557863725914322537023567/37778931862957161709568,39913441521761510998411343/37778931862957161709568,94352882329624454284183631/37778931862957161709568,882112433/37778931862957161709568,True
test,2026-08-11,coherent,1125899906842623929/562949953421312,297146366795974665/281474976710656,704155796956692337/281474976710656,71/562949953421312,True
test,2026-08-11,shuffled,562949953421311993/281474976710656,292994883468399621/281474976710656,705451885182136157/281474976710656,7/281474976710656,True
test,2026-08-12,tariff_context,2000,800,2840,0,True
test,2026-08-12,raw_point,75557863725914324684507215/37778931862957161709568,39667878464652289447299151/37778931862957161709568,94503998057076285078505551/37778931862957161709568,1265371215/37778931862957161709568,True
test,2026-08-12,coherent,562949953421312105/281474976710656,9202455621230131/8796093022208,44144057955926369/17592186044416,105/281474976710656,True
test,2026-08-12,shuffled,562949953421312079/281474976710656,290763652010036723/281474976710656,706570025828703395/281474976710656,79/281474976710656,True
test,2026-08-13,tariff_context,2000,800,2840,0,True
test,2026-08-13,raw_point,75557863725914322000152655/37778931862957161709568,39611210066857853167863887/37778931862957161709568,95410692421787254275180623/37778931862957161709568,1418983345/37778931862957161709568,True
test,2026-08-13,coherent,562949953421312007/281474976710656,2089/2,89233143010802435/35184372088832,7/281474976710656,True
test,2026-08-13,shuffled,2251799813685248099/1125899906842624,289648578014821683/281474976710656,713512148026477955/281474976710656,99/1125899906842624,True
test,2026-08-14,tariff_context,2000,800,2840,0,True
test,2026-08-14,raw_point,75557863725914324684507215/37778931862957161709568,39195641816365324925929551/37778931862957161709568,94806229511979942372182095/37778931862957161709568,1265371215/37778931862957161709568,True
test,2026-08-14,coherent,70368744177663999/35184372088832,72740035667620303/70368744177664,177139181777126799/70368744177664,1/35184372088832,True
test,2026-08-14,shuffled,562949953421311989/281474976710656,71619684184658499/70368744177664,177276458592143837/70368744177664,11/281474976710656,True
test,2026-08-15,tariff_context,2000,800,2840,0,True
test,2026-08-15,raw_point,75557863725914320389539919/37778931862957161709568,39006747157050539117381711/37778931862957161709568,94749561114185504482134095/37778931862957161709568,3029596081/37778931862957161709568,True
test,2026-08-15,coherent,281474976710656013/140737488355328,72388191946731981/70368744177664,177033628660860313/70368744177664,13/140737488355328,True
test,2026-08-15,shuffled,562949953421312039/281474976710656,35633920231885087/35184372088832,88587180945249623/35184372088832,39/281474976710656,True
test,2026-08-16,tariff_context,2000,800,2840,0,True
test,2026-08-16,raw_point,75557863725914321463281743/37778931862957161709568,39460094339406025057896527/37778931862957161709568,94919566307568810636085327/37778931862957161709568,1955854257/37778931862957161709568,True
test,2026-08-16,coherent,1125899906842623927/562949953421312,36600543069563895/35184372088832,44340768329015837/17592186044416,73/562949953421312,True
test,2026-08-16,shuffled,562949953421312079/281474976710656,289215539589112979/281474976710656,709850131308397955/281474976710656,79/281474976710656,True
test,2026-08-17,tariff_context,2000,800,2840,0,True
test,2026-08-17,raw_point,75557863725914321865934927/37778931862957161709568,39214531282296803372566607/37778931862957161709568,94768450580116985076254799/37778931862957161709568,1553201073/37778931862957161709568,True
test,2026-08-17,coherent,1125899906842624131/562949953421312,72775220039709141/70368744177664,177068813032949159/70368744177664,131/562949953421312,True
test,2026-08-17,shuffled,1125899906842624047/562949953421312,35827434278373665/35184372088832,44292588720996233/17592186044416,47/562949953421312,True
test,2026-08-18,tariff_context,2000,800,2840,0,True
test,2026-08-18,raw_point,75557863725914322537023567/37778931862957161709568,39233420748228282087639119/37778931862957161709568,95051792569089163923294287/37778931862957161709568,882112433/37778931862957161709568,True
test,2026-08-18,coherent,8796093022208001/4398046511104,36405202197586139/35184372088832,88798289307140835/35184372088832,1/4398046511104,True
test,2026-08-18,shuffled,2251799813685247949/1125899906842624,71690052928836161/70368744177664,177902331413446337/70368744177664,51/1125899906842624,True
test,2026-08-19,tariff_context,2000,800,2840,0,True
test,2026-08-19,raw_point,75557863725914319852669007/37778931862957161709568,39346757543817153572767823/37778931862957161709568,95014013637226204614101071/37778931862957161709568,3566466993/37778931862957161709568,True
test,2026-08-19,coherent,1125899906842624077/562949953421312,4563844415270685/4398046511104,5547694058440749/2199023255552,77/562949953421312,True
test,2026-08-19,shuffled,2251799813685247911/1125899906842624,71901159161369153/70368744177664,177647432553595819/70368744177664,89/1125899906842624,True
test,2026-08-20,tariff_context,2000,800,2840,0,True
test,2026-08-20,raw_point,75557863725914322537023567/37778931862957161709568,39384536475680110734477391/37778931862957161709568,95127350432815076099229775/37778931862957161709568,882112433/37778931862957161709568,True
test,2026-08-20,coherent,2251799813685247983/1125899906842624,73060348650772453/70368744177664,177750101409040501/70368744177664,17/1125899906842624,True
test,2026-08-20,shuffled,1125899906842623915/562949953421312,577305179271383299/562949953421312,1422796487360612355/562949953421312,85/562949953421312,True
test,2026-08-21,tariff_context,2000,800,2840,0,True
test,2026-08-21,raw_point,75557863725914323610765391/37778931862957161709568,39384536475680110734477391/37778931862957161709568,95070682035020641430407247/37778931862957161709568,191629391/37778931862957161709568,True
test,2026-08-21,coherent,2251799813685248031/1125899906842624,36593066522677007/35184372088832,88756015229760145/35184372088832,31/1125899906842624,True
test,2026-08-21,shuffled,562949953421311955/281474976710656,288697837974016411/281474976710656,710858743686770675/281474976710656,45/281474976710656,True
test,2026-08-22,tariff_context,2000,800,2840,0,True
test,2026-08-22,raw_point,75557863725914324684507215/37778931862957161709568,39233420748228282087639119/37778931862957161709568,95127350432815078246713423/37778931862957161709568,1265371215/37778931862957161709568,True
test,2026-08-22,coherent,2251799813685248311/1125899906842624,72810404411797905/70368744177664,177737316102636921/70368744177664,311/1125899906842624,True
test,2026-08-22,shuffled,2251799813685248101/1125899906842624,575053379555729147/562949953421312,1422428725888858315/562949953421312,101/1125899906842624,True
test,2026-08-23,tariff_context,2000,800,2840,0,True
test,2026-08-23,raw_point,75557863725914322537023567/37778931862957161709568,39006747157050539117381711/37778931862957161709568,95429581887718735540389967/37778931862957161709568,882112433/37778931862957161709568,True
test,2026-08-23,coherent,2251799813685248185/1125899906842624,72388191946731965/70368744177664,178300266056058261/70368744177664,185/1125899906842624,True
test,2026-08-23,shuffled,2251799813685248065/1125899906842624,1140285447420322831/1125899906842624,2854743819832800335/1125899906842624,65/1125899906842624,True
test,2026-08-24,tariff_context,2000,800,2840,0,True
test,2026-08-24,raw_point,75557863725914318242056271/37778931862957161709568,38893410361461667632253007/37778931862957161709568,95542918683307602730551375/37778931862957161709568,5177079729/37778931862957161709568,True
test,2026-08-24,coherent,4503599627370495797/2251799813685248,2051/2,22339072078278337/8796093022208,203/2251799813685248,True
test,2026-08-24,shuffled,1125899906842624185/562949953421312,71056734231237185/70368744177664,178897993818449099/70368744177664,185/562949953421312,True
test,2026-08-25,tariff_context,2000,800,2840,0,True
test,2026-08-25,raw_point,75557863725914322537023567/37778931862957161709568,38798963031804274727979087/37778931862957161709568,95505139751444649863809103/37778931862957161709568,882112433/37778931862957161709568,True
test,2026-08-25,coherent,4503599627370495971/2251799813685248,1023,22330275985256133/8796093022208,29/2251799813685248,True
test,2026-08-25,shuffled,4503599627370497157/2251799813685248,35440406185396513/35184372088832,5585692412514935/2199023255552,1157/2251799813685248,True
test,2026-08-26,tariff_context,2000,800,2840,0,True
test,2026-08-26,raw_point,75557863725914317705185359/37778931862957161709568,38912299827393145676236879/37778931862957161709568,95599587081102037936244815/37778931862957161709568,5713950641/37778931862957161709568,True
test,2026-08-26,coherent,1125899906842623919/562949953421312,1026,44704532435623315/17592186044416,81/562949953421312,True
test,2026-08-26,shuffled,2251799813685248161/1125899906842624,71091918603326017/70368744177664,178918079060922071/70368744177664,161/1125899906842624,True
test,2026-08-27,tariff_context,2000,800,2840,0,True
test,2026-08-27,raw_point,75557863725914320389539919/37778931862957161709568,38855631429598710470543439/37778931862957161709568,95675144944827954944018511/37778931862957161709568,3029596081/37778931862957161709568,True
test,2026-08-27,coherent,2251799813685248059/1125899906842624,2049/2,44739716807712137/17592186044416,59/1125899906842624,True
test,2026-08-27,shuffled,2251799813685248107/1125899906842624,1109161960735305/1099511627776,89529408274638709/35184372088832,107/1125899906842624,True
test,2026-08-28,tariff_context,2000,800,2840,0,True
test,2026-08-28,raw_point,75557863725914318242056271/37778931862957161709568,38855631429598710470543439/37778931862957161709568,95826260672279781443373135/37778931862957161709568,5177079729/37778931862957161709568,True
test,2026-08-28,coherent,9007199254740991673/4503599627370496,2049/2,44810085551889801/17592186044416,327/4503599627370496,True
test,2026-08-28,shuffled,2251799813685248491/1125899906842624,35493182743529761/35184372088832,89689982653621639/35184372088832,491/1125899906842624,True
test,2026-08-29,tariff_context,2000,800,2840,0,True
test,2026-08-29,raw_point,4722366482869645192815939/2361183241434822606848,2371808568415988366796099/2361183241434822606848,5998586024865166811817283/2361183241434822606848,20880061/2361183241434822606848,True
test,2026-08-29,coherent,2251799813685248221/1125899906842624,35246902677402697/35184372088832,44764770650379903/17592186044416,221/1125899906842624,True
test,2026-08-29,shuffled,70368744177663999/35184372088832,1001,89539156374601771/35184372088832,1/35184372088832,True
test,2026-08-30,tariff_context,2000,800,2840,0,True
test,2026-08-30,raw_point,75557863725914317168314447/37778931862957161709568,38723405168078360404559951/37778931862957161709568,95977376399731607942727759/37778931862957161709568,6250821553/37778931862957161709568,True
test,2026-08-30,coherent,72057594037927944395/36028797018963968,1021,22440227147735377/8796093022208,8395/36028797018963968,True
test,2026-08-30,shuffled,1125899906842623843/562949953421312,567590250211734127/562949953421312,1438895973764347951/562949953421312,157/562949953421312,True
test,2026-08-31,tariff_context,2000,800,2840,0,True
test,2026-08-31,raw_point,75557863725914323543656527/37778931862957161709568,38628957838420967433177167/37778931862957161709568,96109602661251963310311503/37778931862957161709568,124520527/37778931862957161709568,True
test,2026-08-31,coherent,1125899906842624049/562949953421312,572587238799984729/562949953421312,1439003927455043225/562949953421312,49/562949953421312,True
test,2026-08-31,shuffled,1125899906842624035/562949953421312,568472296193257175/562949953421312,1441274553548959367/562949953421312,35/562949953421312,True
test,2026-09-01,tariff_context,2000,800,2840,0,True
test,2026-09-01,raw_point,75557863725914322537023567/37778931862957161709568,38572289440626531757721679/37778931862957161709568,96147381593114921612871759/37778931862957161709568,882112433/37778931862957161709568,True
test,2026-09-01,coherent,140737488355328001/70368744177664,8940568881938827/8796093022208,5619054162329631/2199023255552,1/70368744177664,True
test,2026-09-01,shuffled,562949953421312119/281474976710656,282824713351935755/281474976710656,720457911256336083/281474976710656,119/281474976710656,True
test,2026-09-02,tariff_context,2000,800,2840,0,True
test,2026-09-02,raw_point,75557863725914322537023567/37778931862957161709568,38553399974695053176866895/37778931862957161709568,96260718388703790950516815/37778931862957161709568,882112433/37778931862957161709568,True
test,2026-09-02,coherent,562949953421312069/281474976710656,285858409193806269/281474976710656,720083358446217061/281474976710656,69/281474976710656,True
test,2026-09-02,shuffled,2251799813685247671/1125899906842624,1130083568447029775/1125899906842624,2884197264934756303/1125899906842624,329/1125899906842624,True
test,2026-09-03,tariff_context,2000,800,2840,0,True
test,2026-09-03,raw_point,75557863725914322537023567/37778931862957161709568,38477842110969138853447759/37778931862957161709568,96260718388703793098000463/37778931862957161709568,882112433/37778931862957161709568,True
test,2026-09-03,coherent,1125899906842623879/562949953421312,570590918480769927/562949953421312,1439603765463228023/562949953421312,121/562949953421312,True
test,2026-09-03,shuffled,4503599627370496089/2251799813685248,2254026501371799705/2251799813685248,5771807583610630745/2251799813685248,89/2251799813685248,True
test,2026-09-04,tariff_context,2000,800,2840,0,True
test,2026-09-04,raw_point,75557863725914320389539919/37778931862957161709568,38364505315380267368319055/37778931862957161709568,96392944650224138869016655/37778931862957161709568,3029596081/37778931862957161709568,True
test,2026-09-04,coherent,1125899906842623933/562949953421312,567976501711021301/562949953421312,1444951777527004597/562949953421312,67/562949953421312,True
test,2026-09-04,shuffled,1125899906842623977/562949953421312,564599323661680985/562949953421312,1444608180245851433/562949953421312,23/562949953421312,True
test,2026-09-05,tariff_context,2000,800,2840,0,True
test,2026-09-05,raw_point,75557863725914322469914703/37778931862957161709568,38345615849448788720355407/37778931862957161709568,96487391979881533853665359/37778931862957161709568,949221297/37778931862957161709568,True
test,2026-09-05,coherent,2251799813685247931/1125899906842624,1135830609907100507/1125899906842624,2894235622733038363/1125899906842624,69/1125899906842624,True
test,2026-09-05,shuffled,2251799813685248261/1125899906842624,1131610006584368333/1125899906842624,2890666303520543341/1125899906842624,261/1125899906842624,True
test,2026-09-06,tariff_context,2000,800,2840,0,True
test,2026-09-06,raw_point,75557863725914320389539919/37778931862957161709568,38251168519791395883190351/37778931862957161709568,96449613048018574611581007/37778931862957161709568,3029596081/37778931862957161709568,True
test,2026-09-06,coherent,2251799813685248015/1125899906842624,1131350680119912815/1125899906842624,2890466535898020687/1125899906842624,15/1125899906842624,True
test,2026-09-06,shuffled,9007199254740991935/4503599627370496,4494668308786456703/4503599627370496,11561413226942479615/4503599627370496,65/4503599627370496,True
test,2026-09-07,tariff_context,2000,800,2840,0,True
test,2026-09-07,raw_point,75557863725914320389539919/37778931862957161709568,38364505315380267368319055/37778931862957161709568,96581839309538924677564495/37778931862957161709568,3029596081/37778931862957161709568,True
test,2026-09-07,coherent,562949953421312017/281474976710656,283855303043140985/281474976710656,724153802861079265/281474976710656,17/281474976710656,True
test,2026-09-07,shuffled,2251799813685247999/1125899906842624,1131529406376837119/1125899906842624,2892388572209950623/1125899906842624,1/1125899906842624,True
test,2026-09-08,tariff_context,2000,800,2840,0,True
test,2026-09-08,raw_point,75557863725914322000152655/37778931862957161709568,38288947451654352508029007/37778931862957161709568,96638507707333362030741583/37778931862957161709568,1418983345/37778931862957161709568,True
test,2026-09-08,coherent,2251799813685247925/1125899906842624,1133068376226806357/1125899906842624,2898375835606051605/1125899906842624,75/1125899906842624,True
test,2026-09-08,shuffled,140737488355328011/70368744177664,70576008269075911/70368744177664,180881545705934327/70368744177664,11/70368744177664,True
test,2026-09-09,tariff_context,2000,800,2840,0,True
test,2026-09-09,raw_point,75557863725914322537023567/37778931862957161709568,38251168519791395883190351/37778931862957161709568,96695176105127798310176847/37778931862957161709568,882112433/37778931862957161709568,True
test,2026-09-09,coherent,562949953421311929/281474976710656,282985619079991425/281474976710656,725016171366578881/281474976710656,71/281474976710656,True
test,2026-09-09,shuffled,140737488355328009/70368744177664,35252819762449123/35184372088832,45246774705550207/17592186044416,9/70368744177664,True
test,2026-09-10,tariff_context,2000,800,2840,0,True
test,2026-09-10,raw_point,75557863725914319852669007/37778931862957161709568,38156721190134002442045519/37778931862957161709568,96827402366648145691805775/37778931862957161709568,3566466993/37778931862957161709568,True
test,2026-09-10,coherent,562949953421311993/281474976710656,70553845336372883/70368744177664,181317115635307945/70368744177664,7/281474976710656,True
test,2026-09-10,shuffled,2251799813685248349/1125899906842624,1128974479677149973/1125899906842624,2898760077823120725/1125899906842624,349/1125899906842624,True
test,2026-09-11,tariff_context,2000,800,2840,0,True
test,2026-09-11,raw_point,75557863725914322537023567/37778931862957161709568,38100052792339567236352079/37778931862957161709568,96865181298511105537869903/37778931862957161709568,882112433/37778931862957161709568,True
test,2026-09-11,coherent,140737488355327979/70368744177664,70479484832917443/70368744177664,181388705714982895/70368744177664,21/70368744177664,True
test,2026-09-11,shuffled,1125899906842623755/562949953421312,563483539513053251/562949953421312,1450161471308105547/562949953421312,245/562949953421312,True
test,2026-09-12,tariff_context,2000,800,2840,0,True
test,2026-09-12,raw_point,75557863725914322537023567/37778931862957161709568,37967826530819217170368591/37778931862957161709568,96940739162237019861289039/37778931862957161709568,882112433/37778931862957161709568,True
test,2026-09-12,coherent,2251799813685248311/1125899906842624,1122318223874111523/1125899906842624,2904540284733544643/1125899906842624,311/1125899906842624,True
test,2026-09-12,shuffled,2251799813685248085/1125899906842624,1123632150972111305/1125899906842624,2902927755120493497/1125899906842624,85/1125899906842624,True
test,2026-09-13,tariff_context,2000,800,2840,0,True
test,2026-09-13,raw_point,75557863725914323610765391/37778931862957161709568,37930047598956260008659023/37778931862957161709568,96940739162237020935030863/37778931862957161709568,191629391/37778931862957161709568,True
test,2026-09-13,coherent,281474976710655981/140737488355328,8769230871421439/8796093022208,90730826570349379/35184372088832,19/140737488355328,True
test,2026-09-13,shuffled,2251799813685247861/1125899906842624,1120886294544932857/1125899906842624,2902044477039177657/1125899906842624,139/1125899906842624,True
test,2026-09-14,tariff_context,2000,800,2840,0,True
test,2026-09-14,raw_point,75557863725914320355985487/37778931862957161709568,37835600269298867070830671/37778931862957161709568,97186302219346241378846799/37778931862957161709568,3063150513/37778931862957161709568,True
test,2026-09-14,coherent,2251799813685247935/1125899906842624,1125055481912492031/1125899906842624,2906792084490944447/1125899906842624,65/1125899906842624,True
test,2026-09-14,shuffled,1125899906842623341/562949953421312,560123054974652679/562949953421312,1456260413576652199/562949953421312,659/562949953421312,True
test,2026-09-15,tariff_context,2000,800,2840,0,True
test,2026-09-15,raw_point,75557863725914320389539919/37778931862957161709568,37306695223217466840451151/37778931862957161709568,97394086344592505801803855/37778931862957161709568,3029596081/37778931862957161709568,True
test,2026-09-15,coherent,35184372088832003/17592186044416,34619745657120021/35184372088832,90930712008134833/35184372088832,3/17592186044416,True
test,2026-09-15,shuffled,2251799813685248221/1125899906842624,1107625284900068393/1125899906842624,2909046971440697801/1125899906842624,221/1125899906842624,True
test,2026-09-16,tariff_context,2000,800,2840,0,True
test,2026-09-16,raw_point,75557863725914322537023567/37778931862957161709568,37760042405572952780965967/37778931862957161709568,97299639014935115045013583/37778931862957161709568,882112433/37778931862957161709568,True
test,2026-09-16,coherent,140737488355328005/70368744177664,70031887917207797/70368744177664,181895891512098079/70368744177664,5/70368744177664,True
test,2026-09-16,shuffled,562949953421312089/281474976710656,34876966909904229/35184372088832,22763610873513347/8796093022208,89/281474976710656,True
test,2026-09-17,tariff_context,2000,800,2840,0,True
test,2026-09-17,raw_point,9444732965739289754333825/4722366482869645213696,4696393472003280052810369/4722366482869645213696,12315931787324034044260993/4722366482869645213696,673058175/4722366482869645213696,True
test,2026-09-17,coherent,562949953421311941/281474976710656,1983/2,91989540788722675/35184372088832,59/281474976710656,True
test,2026-09-17,shuffled,562949953421312045/281474976710656,991,22966106182110243/8796093022208,45/281474976710656,True
test,2026-09-18,tariff_context,2000,800,2840,0,True
test,2026-09-18,raw_point,9444732965739290073836847/4722366482869645213696,4686948739037540477906223/4722366482869645213696,12233290373873815639633199/4722366482869645213696,353555153/4722366482869645213696,True
test,2026-09-18,coherent,140737488355327999/70368744177664,69704025757300737/70368744177664,182535753328106633/70368744177664,1/70368744177664,True
test,2026-09-18,shuffled,70368744177663995/35184372088832,34812169004236341/35184372088832,91316372529560523/35184372088832,5/35184372088832,True
test,2026-09-19,tariff_context,2000,800,2840,0,True
test,2026-09-19,raw_point,1180591620717411309400139/590295810358705651712,584688000758975225868363/590295810358705651712,1534178811122275996872779/590295810358705651712,5976139/590295810358705651712,True
test,2026-09-19,coherent,35184372088831995/17592186044416,8703489217635551/8796093022208,22891400437308915/8796093022208,5/17592186044416,True
test,2026-09-19,shuffled,17592186044415985/8796093022208,988,22902116599432327/8796093022208,15/8796093022208,True
test,2026-09-20,tariff_context,2000,800,2840,0,True
test,2026-09-20,raw_point,75557863725914320389539919/37778931862957161709568,37457810950669295487289423/37778931862957161709568,98206333379646083704817743/37778931862957161709568,3029596081/37778931862957161709568,True
test,2026-09-20,coherent,562949953421311977/281474976710656,69661045875901077/70368744177664,183103949038079981/70368744177664,23/281474976710656,True
test,2026-09-20,shuffled,562949953421312065/281474976710656,69622573577851491/70368744177664,183171853369359513/70368744177664,65/281474976710656,True
test,2026-09-21,tariff_context,2000,800,2840,0,True
test,2026-09-21,raw_point,75557863725914321463281743/37778931862957161709568,37401142552874859744725071/37778931862957161709568,98225222845577563359414351/37778931862957161709568,1955854257/37778931862957161709568,True
test,2026-09-21,coherent,562949953421311823/281474976710656,989,22910113046744941/8796093022208,177/281474976710656,True
test,2026-09-21,shuffled,281474976710655985/140737488355328,69507927094833777/70368744177664,183208923524462901/70368744177664,15/140737488355328,True
test,2026-09-22,tariff_context,2000,800,2840,0,True
test,2026-09-22,raw_point,2361183241434822442593781/1180591620717411303424,1168195409897233027804661/1180591620717411303424,3081934425882802043334133/1180591620717411303424,164254219/1180591620717411303424,True
test,2026-09-22,coherent,281474976710655985/140737488355328,1973/2,92075863533359435/35184372088832,15/140737488355328,True
test,2026-09-22,shuffled,140737488355327997/70368744177664,986,2873532741571805/1099511627776,3/70368744177664,True
test,2026-09-23,tariff_context,2000,800,2840,0,True
test,2026-09-23,raw_point,9444732965739290025891613/4722366482869645213696,4644447440691713354602269/4722366482869645213696,12341904802979817431602973/4722366482869645213696,401500387/4722366482869645213696,True
test,2026-09-23,coherent,1125899906842623347/562949953421312,137787957801991549/140737488355328,368732219490959197/140737488355328,653/562949953421312,True
test,2026-09-23,shuffled,281474976710655913/140737488355328,980,92080566768025809/35184372088832,87/140737488355328,True
test,2026-09-24,tariff_context,2000,800,2840,0,True
test,2026-09-24,raw_point,9444732965739290194208267/4722366482869645213696,4642086257450279170074123/4722366482869645213696,12320654153806904129349131/4722366482869645213696,233183733/4722366482869645213696,True
test,2026-09-24,coherent,35184372088832001/17592186044416,982,22978085912913967/8796093022208,1/17592186044416,True
test,2026-09-24,shuffled,1125899906842623885/562949953421312,1961/2,45974587291624725/17592186044416,115/562949953421312,True
test,2026-09-25,tariff_context,2000,800,2840,0,True
test,2026-09-25,raw_point,75557863725914318242056271/37778931862957161709568,37344474155080424002160719/37778931862957161709568,98508564834549739924752463/37778931862957161709568,5177079729/37778931862957161709568,True
test,2026-09-25,coherent,35184372088831999/17592186044416,34705173895800573/35184372088832,183897853736133157/70368744177664,1/17592186044416,True
test,2026-09-25,shuffled,562949953421312083/281474976710656,277267448983767835/281474976710656,735429507501658439/281474976710656,83/281474976710656,True
test,2026-09-26,tariff_context,2000,800,2840,0,True
test,2026-09-26,raw_point,75557863725914317168314447/37778931862957161709568,37250026825423031097886799/37778931862957161709568,98905243619110787975219279/37778931862957161709568,6250821553/37778931862957161709568,True
test,2026-09-26,coherent,281474976710656007/140737488355328,4328919348294529/4398046511104,92243153060364625/35184372088832,7/140737488355328,True
test,2026-09-26,shuffled,70368744177663999/35184372088832,138379110967684233/140737488355328,369074000258691045/140737488355328,1/35184372088832,True
test,2026-09-27,tariff_context,2000,800,2840,0,True
test,2026-09-27,raw_point,9444732965739290433398449/4722366482869645213696,4632641524484539850401457/4722366482869645213696,12391489651049949046744753/4722366482869645213696,6006449/4722366482869645213696,True
test,2026-09-27,coherent,1125899906842623917/562949953421312,978,23138122685535993/8796093022208,83/562949953421312,True
test,2026-09-27,shuffled,1125899906842624017/562949953421312,1955/2,92427374681862117/35184372088832,17/562949953421312,True
test,2026-09-28,tariff_context,2000,800,2840,0,True
test,2026-09-28,raw_point,590295810358705652270319/295147905179352825856,288064355754387027035375/295147905179352825856,777862304100184373101807/295147905179352825856,558319/295147905179352825856,True
test,2026-09-28,coherent,35184372088832003/17592186044416,973,5806520901219477/2199023255552,3/17592186044416,True
test,2026-09-28,shuffled,70368744177663995/35184372088832,973,92798781384294395/35184372088832,5/35184372088832,True
